2026-09-15T23:10:12.9821427Z Current runner version: '2.337.0'
2026-09-15T23:10:12.9840556Z ##[group]Runner Image Provisioner
2026-09-15T23:10:12.9841362Z Hosted Compute Agent
2026-09-15T23:10:12.9841860Z Version: 20260828.587
2026-09-15T23:10:12.9842592Z Commit: abac92662cab4cc7352de4f9f9d2e2419aad9c29
2026-09-15T23:10:12.9843234Z Build Date: 2026-08-28T16:44:25Z
2026-09-15T23:10:12.9843795Z Worker ID: {1d64f2a7-7fb8-42fe-860b-88b47e82f945}
2026-09-15T23:10:12.9844576Z Azure Region: centralus
2026-09-15T23:10:12.9845068Z ##[endgroup]
2026-09-15T23:10:12.9846207Z ##[group]Operating System
2026-09-15T23:10:12.9846756Z Ubuntu
2026-09-15T23:10:12.9847224Z 24.04.5
2026-09-15T23:10:12.9847940Z LTS
2026-09-15T23:10:12.9848378Z ##[endgroup]
2026-09-15T23:10:12.9848841Z ##[group]Runner Image
2026-09-15T23:10:12.9849355Z Image: ubuntu-24.04
2026-09-15T23:10:12.9849820Z Version: 20260907.300.1
2026-09-15T23:10:12.9850858Z Included Software: https://github.com/actions/runner-images/blob/ubuntu24/20260907.300/images/ubuntu/Ubuntu2404-Readme.md
2026-09-15T23:10:12.9852470Z Image Release: https://github.com/actions/runner-images/releases/tag/ubuntu24%2F20260907.300
2026-09-15T23:10:12.9853287Z ##[endgroup]
2026-09-15T23:10:12.9854214Z ##[group]GITHUB_TOKEN Permissions
2026-09-15T23:10:12.9856159Z Contents: read
2026-09-15T23:10:12.9856673Z Metadata: read
2026-09-15T23:10:12.9857154Z ##[endgroup]
2026-09-15T23:10:12.9858816Z Secret source: Actions
2026-09-15T23:10:12.9859724Z Cache mode: write
2026-09-15T23:10:12.9860330Z Prepare workflow directory
2026-09-15T23:10:13.0121032Z Prepare all required actions
2026-09-15T23:10:13.0164321Z Getting action download info
2026-09-15T23:10:13.2646311Z Download action repository 'actions/checkout@11d5960a326750d5838078e36cf38b85af677262' (SHA:11d5960a326750d5838078e36cf38b85af677262)
2026-09-15T23:10:13.3507032Z Download action repository 'actions/setup-go@924ae3a1cded613372ab5595356fb5720e22ba16' (SHA:924ae3a1cded613372ab5595356fb5720e22ba16)
2026-09-15T23:10:13.7872173Z Download action repository 'leanprover/lean-action@96e06131c0e9943c780388fd166f55d1e2fa0433' (SHA:96e06131c0e9943c780388fd166f55d1e2fa0433)
2026-09-15T23:10:13.9761574Z Download action repository 'actions/upload-artifact@ea165f8d65b6e75b540449e92b4886f43607fa02' (SHA:ea165f8d65b6e75b540449e92b4886f43607fa02)
2026-09-15T23:10:14.2570851Z Getting action download info
2026-09-15T23:10:14.3767579Z Download action repository 'actions/cache@v5' (SHA:caa296126883cff596d87d8935842f9db880ef25)
2026-09-15T23:10:14.6095517Z Complete job name: verify (IE-04, linear-systems-and-elimination/IE-04/lean)
2026-09-15T23:10:14.6760629Z Node 20 is being deprecated. This workflow is running with Node 24 by default. If you need to temporarily use Node 20, you can set the ACTIONS_ALLOW_USE_UNSECURE_NODE_VERSION=true environment variable. For more information see: https://github.blog/changelog/2025-09-19-deprecation-of-node-20-on-github-actions-runners/
2026-09-15T23:10:14.6769617Z ##[group]Run actions/checkout@11d5960a326750d5838078e36cf38b85af677262
2026-09-15T23:10:14.6771007Z with:
2026-09-15T23:10:14.6771807Z   persist-credentials: false
2026-09-15T23:10:14.6773321Z   repository: sgstepaniants/OpenProblemsInNLA
2026-09-15T23:10:14.6779943Z   token: ***
2026-09-15T23:10:14.6780762Z   ssh-strict: true
2026-09-15T23:10:14.6781584Z   ssh-user: git
2026-09-15T23:10:14.6782470Z   clean: true
2026-09-15T23:10:14.6783359Z   sparse-checkout-cone-mode: true
2026-09-15T23:10:14.6784292Z   fetch-depth: 1
2026-09-15T23:10:14.6785095Z   fetch-tags: false
2026-09-15T23:10:14.6785952Z   show-progress: true
2026-09-15T23:10:14.6786885Z   lfs: false
2026-09-15T23:10:14.6787704Z   submodules: false
2026-09-15T23:10:14.6788532Z   set-safe-directory: true
2026-09-15T23:10:14.6789461Z   allow-unsafe-pr-checkout: false
2026-09-15T23:10:14.6790757Z ##[endgroup]
2026-09-15T23:10:14.7679545Z Syncing repository: sgstepaniants/OpenProblemsInNLA
2026-09-15T23:10:14.7683294Z ##[group]Getting Git version info
2026-09-15T23:10:14.7685397Z Working directory is '/home/runner/work/OpenProblemsInNLA/OpenProblemsInNLA'
2026-09-15T23:10:14.7688624Z [command]/usr/bin/git version
2026-09-15T23:10:14.7708227Z git version 2.55.0
2026-09-15T23:10:14.7725390Z ##[endgroup]
2026-09-15T23:10:14.7733616Z Temporarily overriding HOME='/home/runner/work/_temp/884a3236-588d-4cd8-8930-dabe869d8830' before making global git config changes
2026-09-15T23:10:14.7737011Z Adding repository directory to the temporary git global config as a safe directory
2026-09-15T23:10:14.7740136Z [command]/usr/bin/git config --global --add safe.directory /home/runner/work/OpenProblemsInNLA/OpenProblemsInNLA
2026-09-15T23:10:14.7771816Z Deleting the contents of '/home/runner/work/OpenProblemsInNLA/OpenProblemsInNLA'
2026-09-15T23:10:14.7775325Z ##[group]Initializing the repository
2026-09-15T23:10:14.7778129Z [command]/usr/bin/git init /home/runner/work/OpenProblemsInNLA/OpenProblemsInNLA
2026-09-15T23:10:14.7845592Z hint: Using 'master' as the name for the initial branch. This default branch name
2026-09-15T23:10:14.7848635Z hint: will change to "main" in Git 3.0. To configure the initial branch name
2026-09-15T23:10:14.7851329Z hint: to use in all of your new repositories, which will suppress this warning,
2026-09-15T23:10:14.7853816Z hint: call:
2026-09-15T23:10:14.7855112Z hint:
2026-09-15T23:10:14.7856699Z hint: 	git config --global init.defaultBranch <name>
2026-09-15T23:10:14.7858336Z hint:
2026-09-15T23:10:14.7859894Z hint: Names commonly chosen instead of 'master' are 'main', 'trunk' and
2026-09-15T23:10:14.7862739Z hint: 'development'. The just-created branch can be renamed via this command:
2026-09-15T23:10:14.7864563Z hint:
2026-09-15T23:10:14.7865982Z hint: 	git branch -m <name>
2026-09-15T23:10:14.7867495Z hint:
2026-09-15T23:10:14.7869079Z hint: Disable this message with "git config set advice.defaultBranchName false"
2026-09-15T23:10:14.7871136Z Initialized empty Git repository in /home/runner/work/OpenProblemsInNLA/OpenProblemsInNLA/.git/
2026-09-15T23:10:14.7874850Z [command]/usr/bin/git remote add origin https://github.com/sgstepaniants/OpenProblemsInNLA
2026-09-15T23:10:14.7897096Z ##[endgroup]
2026-09-15T23:10:14.7899107Z ##[group]Disabling automatic garbage collection
2026-09-15T23:10:14.7900545Z [command]/usr/bin/git config --local gc.auto 0
2026-09-15T23:10:14.7921417Z ##[endgroup]
2026-09-15T23:10:14.7923605Z ##[group]Setting up auth
2026-09-15T23:10:14.7925859Z [command]/usr/bin/git config --local --name-only --get-regexp core\.sshCommand
2026-09-15T23:10:14.7952792Z [command]/usr/bin/git submodule foreach --recursive sh -c "git config --local --name-only --get-regexp 'core\.sshCommand' && git config --local --unset-all 'core.sshCommand' || :"
2026-09-15T23:10:14.8224724Z [command]/usr/bin/git config --local --name-only --get-regexp http\.https\:\/\/github\.com\/\.extraheader
2026-09-15T23:10:14.8246343Z [command]/usr/bin/git submodule foreach --recursive sh -c "git config --local --name-only --get-regexp 'http\.https\:\/\/github\.com\/\.extraheader' && git config --local --unset-all 'http.https://github.com/.extraheader' || :"
2026-09-15T23:10:14.8415795Z [command]/usr/bin/git config --local --name-only --get-regexp ^includeIf\.gitdir:
2026-09-15T23:10:14.8445797Z [command]/usr/bin/git submodule foreach --recursive git config --local --show-origin --name-only --get-regexp remote.origin.url
2026-09-15T23:10:14.8609692Z [command]/usr/bin/git config --local http.https://github.com/.extraheader AUTHORIZATION: basic ***
2026-09-15T23:10:14.8635512Z ##[endgroup]
2026-09-15T23:10:14.8637689Z ##[group]Fetching the repository
2026-09-15T23:10:14.8645682Z [command]/usr/bin/git -c protocol.version=2 fetch --no-tags --prune --no-recurse-submodules --depth=1 origin +026b3e5534a4d6e15ebffb85318c2ff031df32bf:refs/remotes/origin/codex/lean-ie04-verification
2026-09-15T23:10:20.6574532Z From https://github.com/sgstepaniants/OpenProblemsInNLA
2026-09-15T23:10:20.6576041Z  * [new ref]           026b3e5534a4d6e15ebffb85318c2ff031df32bf -> origin/codex/lean-ie04-verification
2026-09-15T23:10:20.6584102Z ##[endgroup]
2026-09-15T23:10:20.6585250Z ##[group]Determining the checkout info
2026-09-15T23:10:20.6586995Z ##[endgroup]
2026-09-15T23:10:20.6587794Z [command]/usr/bin/git sparse-checkout disable
2026-09-15T23:10:20.6625797Z [command]/usr/bin/git config --local --unset-all extensions.worktreeConfig
2026-09-15T23:10:20.6649400Z ##[group]Checking out the ref
2026-09-15T23:10:20.6651722Z [command]/usr/bin/git checkout --progress --force -B codex/lean-ie04-verification refs/remotes/origin/codex/lean-ie04-verification
2026-09-15T23:10:21.8290519Z Updating files:  80% (21328/26560)
2026-09-15T23:10:21.8602891Z Updating files:  81% (21514/26560)
2026-09-15T23:10:21.8926390Z Updating files:  82% (21780/26560)
2026-09-15T23:10:21.9320950Z Updating files:  83% (22045/26560)
2026-09-15T23:10:22.1545441Z Updating files:  84% (22311/26560)
2026-09-15T23:10:22.1904726Z Updating files:  85% (22576/26560)
2026-09-15T23:10:22.2156686Z Updating files:  86% (22842/26560)
2026-09-15T23:10:22.2654204Z Updating files:  87% (23108/26560)
2026-09-15T23:10:22.3059986Z Updating files:  88% (23373/26560)
2026-09-15T23:10:22.3517753Z Updating files:  89% (23639/26560)
2026-09-15T23:10:22.4221922Z Updating files:  90% (23904/26560)
2026-09-15T23:10:22.4402912Z Updating files:  91% (24170/26560)
2026-09-15T23:10:22.4582166Z Updating files:  92% (24436/26560)
2026-09-15T23:10:22.4716215Z Updating files:  93% (24701/26560)
2026-09-15T23:10:22.4921723Z Updating files:  94% (24967/26560)
2026-09-15T23:10:22.5046446Z Updating files:  95% (25232/26560)
2026-09-15T23:10:22.5172685Z Updating files:  96% (25498/26560)
2026-09-15T23:10:22.5268091Z Updating files:  97% (25764/26560)
2026-09-15T23:10:22.5380864Z Updating files:  98% (26029/26560)
2026-09-15T23:10:22.5479162Z Updating files:  99% (26295/26560)
2026-09-15T23:10:22.5479860Z Updating files: 100% (26560/26560)
2026-09-15T23:10:22.5480423Z Updating files: 100% (26560/26560), done.
2026-09-15T23:10:22.5889425Z Switched to a new branch 'codex/lean-ie04-verification'
2026-09-15T23:10:22.5894253Z branch 'codex/lean-ie04-verification' set up to track 'origin/codex/lean-ie04-verification'.
2026-09-15T23:10:22.5939152Z ##[endgroup]
2026-09-15T23:10:22.5973276Z [command]/usr/bin/git log -1 --format=%H
2026-09-15T23:10:22.5992507Z 026b3e5534a4d6e15ebffb85318c2ff031df32bf
2026-09-15T23:10:22.6000536Z ##[group]Removing auth
2026-09-15T23:10:22.6004396Z [command]/usr/bin/git config --local --name-only --get-regexp core\.sshCommand
2026-09-15T23:10:22.6033606Z [command]/usr/bin/git submodule foreach --recursive sh -c "git config --local --name-only --get-regexp 'core\.sshCommand' && git config --local --unset-all 'core.sshCommand' || :"
2026-09-15T23:10:22.6225116Z [command]/usr/bin/git config --local --name-only --get-regexp http\.https\:\/\/github\.com\/\.extraheader
2026-09-15T23:10:22.6244208Z http.https://github.com/.extraheader
2026-09-15T23:10:22.6251168Z [command]/usr/bin/git config --local --unset-all http.https://github.com/.extraheader
2026-09-15T23:10:22.6273791Z [command]/usr/bin/git submodule foreach --recursive sh -c "git config --local --name-only --get-regexp 'http\.https\:\/\/github\.com\/\.extraheader' && git config --local --unset-all 'http.https://github.com/.extraheader' || :"
2026-09-15T23:10:22.6452940Z [command]/usr/bin/git config --local --name-only --get-regexp ^includeIf\.gitdir:
2026-09-15T23:10:22.6476930Z [command]/usr/bin/git submodule foreach --recursive git config --local --show-origin --name-only --get-regexp remote.origin.url
2026-09-15T23:10:22.6652689Z ##[endgroup]
2026-09-15T23:10:22.6810367Z ##[group]Run python3 -m pip install -r tools/lean/requirements.txt
2026-09-15T23:10:22.6810957Z [36;1mpython3 -m pip install -r tools/lean/requirements.txt[0m
2026-09-15T23:10:22.6811369Z [36;1mpython3 tools/lean/validate_manifest.py "$LEAN_PROJECT"[0m
2026-09-15T23:10:22.6836355Z shell: /usr/bin/bash -e {0}
2026-09-15T23:10:22.6836647Z env:
2026-09-15T23:10:22.6836976Z   LEAN_PROJECT: linear-systems-and-elimination/IE-04/lean
2026-09-15T23:10:22.6837339Z ##[endgroup]
2026-09-15T23:10:22.9835543Z Defaulting to user installation because normal site-packages is not writeable
2026-09-15T23:10:23.2990761Z Collecting PyYAML==6.0.3 (from -r tools/lean/requirements.txt (line 1))
2026-09-15T23:10:23.3685759Z   Downloading pyyaml-6.0.3-cp312-cp312-manylinux2014_x86_64.manylinux_2_17_x86_64.manylinux_2_28_x86_64.whl.metadata (2.4 kB)
2026-09-15T23:10:23.4058161Z Collecting jsonschema==4.26.0 (from -r tools/lean/requirements.txt (line 2))
2026-09-15T23:10:23.4219041Z   Downloading jsonschema-4.26.0-py3-none-any.whl.metadata (7.6 kB)
2026-09-15T23:10:23.4362768Z Requirement already satisfied: attrs>=22.2.0 in /usr/lib/python3/dist-packages (from jsonschema==4.26.0->-r tools/lean/requirements.txt (line 2)) (23.2.0)
2026-09-15T23:10:23.4596262Z Collecting jsonschema-specifications>=2023.03.6 (from jsonschema==4.26.0->-r tools/lean/requirements.txt (line 2))
2026-09-15T23:10:23.4748317Z   Downloading jsonschema_specifications-2025.9.1-py3-none-any.whl.metadata (2.9 kB)
2026-09-15T23:10:23.5128288Z Collecting referencing>=0.28.4 (from jsonschema==4.26.0->-r tools/lean/requirements.txt (line 2))
2026-09-15T23:10:23.5282634Z   Downloading referencing-0.37.0-py3-none-any.whl.metadata (2.8 kB)
2026-09-15T23:10:23.7898228Z Collecting rpds-py>=0.25.0 (from jsonschema==4.26.0->-r tools/lean/requirements.txt (line 2))
2026-09-15T23:10:23.8052481Z   Downloading rpds_py-2026.6.3-cp312-cp312-manylinux_2_17_x86_64.manylinux2014_x86_64.whl.metadata (4.1 kB)
2026-09-15T23:10:23.8326597Z Requirement already satisfied: typing-extensions>=4.4.0 in /usr/lib/python3/dist-packages (from referencing>=0.28.4->jsonschema==4.26.0->-r tools/lean/requirements.txt (line 2)) (4.10.0)
2026-09-15T23:10:23.8502139Z Downloading pyyaml-6.0.3-cp312-cp312-manylinux2014_x86_64.manylinux_2_17_x86_64.manylinux_2_28_x86_64.whl (807 kB)
2026-09-15T23:10:23.9333338Z    ━━━━━━━━━━━━━━━━━━━━━━━━━━━━━━━━━━━━━━━━ 807.9/807.9 kB 10.1 MB/s eta 0:00:00
2026-09-15T23:10:23.9486503Z Downloading jsonschema-4.26.0-py3-none-any.whl (90 kB)
2026-09-15T23:10:23.9522006Z    ━━━━━━━━━━━━━━━━━━━━━━━━━━━━━━━━━━━━━━━━ 90.6/90.6 kB 38.4 MB/s eta 0:00:00
2026-09-15T23:10:23.9674171Z Downloading jsonschema_specifications-2025.9.1-py3-none-any.whl (18 kB)
2026-09-15T23:10:23.9977395Z Downloading referencing-0.37.0-py3-none-any.whl (26 kB)
2026-09-15T23:10:24.0149619Z Downloading rpds_py-2026.6.3-cp312-cp312-manylinux_2_17_x86_64.manylinux2014_x86_64.whl (366 kB)
2026-09-15T23:10:24.0231967Z    ━━━━━━━━━━━━━━━━━━━━━━━━━━━━━━━━━━━━━━━━ 366.2/366.2 kB 52.3 MB/s eta 0:00:00
2026-09-15T23:10:24.2229726Z Installing collected packages: rpds-py, PyYAML, referencing, jsonschema-specifications, jsonschema
2026-09-15T23:10:24.3551746Z Successfully installed PyYAML-6.0.3 jsonschema-4.26.0 jsonschema-specifications-2025.9.1 referencing-0.37.0 rpds-py-2026.6.3
2026-09-15T23:10:24.5423200Z Manifest schema and comparator coverage: PASS (21 declarations)
2026-09-15T23:10:24.5606737Z ##[group]Run actions/setup-go@924ae3a1cded613372ab5595356fb5720e22ba16
2026-09-15T23:10:24.5607088Z with:
2026-09-15T23:10:24.5607340Z   go-version: 1.27.1
2026-09-15T23:10:24.5607598Z   cache: false
2026-09-15T23:10:24.5607823Z   check-latest: false
2026-09-15T23:10:24.5609753Z   token: ***
2026-09-15T23:10:24.5609978Z ##[endgroup]
2026-09-15T23:10:24.6600889Z Setup go version spec 1.27.1
2026-09-15T23:10:24.6611609Z Attempting to download 1.27.1...
2026-09-15T23:10:25.3068376Z matching 1.27.1...
2026-09-15T23:10:25.3090915Z Acquiring 1.27.1 from https://github.com/actions/go-versions/releases/download/1.27.1-33583469715/go-1.27.1-linux-x64.tar.gz
2026-09-15T23:10:25.8317721Z Extracting Go...
2026-09-15T23:10:25.8394616Z [command]/usr/bin/tar xz --warning=no-unknown-keyword --overwrite -C /home/runner/work/_temp/5b76f247-2020-4d27-8150-1712cc55a6a7 -f /home/runner/work/_temp/577af650-1fc9-454b-9647-54c5160fb7c3
2026-09-15T23:10:27.2770624Z Successfully extracted go to /home/runner/work/_temp/5b76f247-2020-4d27-8150-1712cc55a6a7
2026-09-15T23:10:27.2771479Z Adding to the cache ...
2026-09-15T23:10:32.4341934Z Successfully cached go to /opt/hostedtoolcache/go/1.27.1/x64
2026-09-15T23:10:32.4342951Z Added go to the path
2026-09-15T23:10:32.4344707Z Successfully set up Go version 1.27.1
2026-09-15T23:10:32.4508883Z go version go1.27.1 linux/amd64
2026-09-15T23:10:32.4509127Z 
2026-09-15T23:10:32.4509536Z ##[group]go env
2026-09-15T23:10:32.5577827Z AR='ar'
2026-09-15T23:10:32.5578255Z CC='gcc'
2026-09-15T23:10:32.5578628Z CGO_CFLAGS='-O2 -g'
2026-09-15T23:10:32.5578946Z CGO_CPPFLAGS=''
2026-09-15T23:10:32.5579241Z CGO_CXXFLAGS='-O2 -g'
2026-09-15T23:10:32.5579611Z CGO_ENABLED='1'
2026-09-15T23:10:32.5579932Z CGO_FFLAGS='-O2 -g'
2026-09-15T23:10:32.5580327Z CGO_LDFLAGS='-O2 -g'
2026-09-15T23:10:32.5580629Z CXX='g++'
2026-09-15T23:10:32.5581015Z GCCGO='gccgo'
2026-09-15T23:10:32.5581310Z GO111MODULE=''
2026-09-15T23:10:32.5581670Z GOAMD64='v1'
2026-09-15T23:10:32.5581983Z GOARCH='amd64'
2026-09-15T23:10:32.5582725Z GOAUTH='netrc'
2026-09-15T23:10:32.5583100Z GOBIN='/home/runner/go/bin'
2026-09-15T23:10:32.5583494Z GOCACHE='/home/runner/.cache/go-build'
2026-09-15T23:10:32.5583923Z GOCACHEPROG=''
2026-09-15T23:10:32.5584264Z GODEBUG=''
2026-09-15T23:10:32.5584615Z GOENV='/home/runner/.config/go/env'
2026-09-15T23:10:32.5584990Z GOEXE=''
2026-09-15T23:10:32.5585275Z GOEXPERIMENT=''
2026-09-15T23:10:32.5585593Z GOFIPS140='off'
2026-09-15T23:10:32.5585919Z GOFLAGS=''
2026-09-15T23:10:32.5586793Z GOGCCFLAGS='-fPIC -m64 -pthread -Wl,--no-gc-sections -fmessage-length=0 -ffile-prefix-map=/tmp/go-build3991509856=/tmp/go-build -gno-record-gcc-switches'
2026-09-15T23:10:32.5587644Z GOHOSTARCH='amd64'
2026-09-15T23:10:32.5587975Z GOHOSTOS='linux'
2026-09-15T23:10:32.5588330Z GOINSECURE=''
2026-09-15T23:10:32.5588753Z GOMOD='/dev/null'
2026-09-15T23:10:32.5589107Z GOMODCACHE='/home/runner/go/pkg/mod'
2026-09-15T23:10:32.5589516Z GONOPROXY=''
2026-09-15T23:10:32.5589866Z GONOSUMDB=''
2026-09-15T23:10:32.5590235Z GOOS='linux'
2026-09-15T23:10:32.5590595Z GOPACKAGESDRIVER=''
2026-09-15T23:10:32.5590966Z GOPATH='/home/runner/go'
2026-09-15T23:10:32.5591302Z GOPRIVATE=''
2026-09-15T23:10:32.5591719Z GOPROXY='https://proxy.golang.org,direct'
2026-09-15T23:10:32.5592215Z GOROOT='/opt/hostedtoolcache/go/1.27.1/x64'
2026-09-15T23:10:32.5592824Z GOSUMDB='sum.golang.org'
2026-09-15T23:10:32.5593178Z GOTELEMETRY='local'
2026-09-15T23:10:32.5593560Z GOTELEMETRYDIR='/home/runner/.config/go/telemetry'
2026-09-15T23:10:32.5594028Z GOTMPDIR=''
2026-09-15T23:10:32.5594366Z GOTOOLCHAIN='local'
2026-09-15T23:10:32.5594830Z GOTOOLDIR='/opt/hostedtoolcache/go/1.27.1/x64/pkg/tool/linux_amd64'
2026-09-15T23:10:32.5595334Z GOVCS=''
2026-09-15T23:10:32.5595638Z GOVERSION='go1.27.1'
2026-09-15T23:10:32.5595978Z GOWORK=''
2026-09-15T23:10:32.5596347Z PKG_CONFIG='pkg-config'
2026-09-15T23:10:32.5596538Z 
2026-09-15T23:10:32.5597002Z ##[endgroup]
2026-09-15T23:10:32.5855126Z ##[group]Run leanprover/lean-action@96e06131c0e9943c780388fd166f55d1e2fa0433
2026-09-15T23:10:32.5855547Z with:
2026-09-15T23:10:32.5855893Z   lake-package-directory: linear-systems-and-elimination/IE-04/lean
2026-09-15T23:10:32.5856277Z   auto-config: false
2026-09-15T23:10:32.5856522Z   build: false
2026-09-15T23:10:32.5856782Z   test: false
2026-09-15T23:10:32.5857019Z   lint: false
2026-09-15T23:10:32.5857262Z   use-mathlib-cache: false
2026-09-15T23:10:32.5857539Z   use-github-cache: false
2026-09-15T23:10:32.5857822Z   mk_all-check: false
2026-09-15T23:10:32.5858121Z   check-reservoir-eligibility: false
2026-09-15T23:10:32.5858414Z   leanchecker: false
2026-09-15T23:10:32.5858850Z   lean4checker: false
2026-09-15T23:10:32.5859131Z   nanoda: false
2026-09-15T23:10:32.5859381Z   nanoda-allow-sorry: true
2026-09-15T23:10:32.5859655Z   axiom-audit: false
2026-09-15T23:10:32.5859952Z   axiom-audit-allow: propext,Classical.choice,Quot.sound
2026-09-15T23:10:32.5860419Z   reinstall-transient-toolchain: false
2026-09-15T23:10:32.5860756Z env:
2026-09-15T23:10:32.5860990Z   GOTOOLCHAIN: local
2026-09-15T23:10:32.5861230Z ##[endgroup]
2026-09-15T23:10:32.5922957Z ##[start-action display=install elan;id=__leanprover_lean-action.__run]
2026-09-15T23:10:32.5944672Z ##[group]Run : Install Elan
2026-09-15T23:10:32.5945102Z [36;1m: Install Elan[0m
2026-09-15T23:10:32.5945444Z [36;1m${GITHUB_ACTION_PATH}/scripts/install_elan.sh[0m
2026-09-15T23:10:32.5968975Z shell: /usr/bin/bash --noprofile --norc -e -o pipefail {0}
2026-09-15T23:10:32.5969329Z env:
2026-09-15T23:10:32.5969563Z   GOTOOLCHAIN: local
2026-09-15T23:10:32.5969886Z ##[endgroup]
2026-09-15T23:10:32.6028203Z ##[group]Elan Installation Output
2026-09-15T23:10:32.6674903Z info: downloading installer
2026-09-15T23:10:33.6642013Z info: downloading https://releases.lean-lang.org/lean4/v4.33.1/lean-4.33.1-linux.tar.zst
2026-09-15T23:10:39.3181684Z info: installing /home/runner/.elan/toolchains/leanprover--lean4---v4.33.1
2026-09-15T23:10:49.7524947Z Lean (version 4.33.1, x86_64-unknown-linux-gnu, commit 819816b2e0a3bf405af45ae5c7af2491d8f5bee6, Release)
2026-09-15T23:10:49.7888849Z Lake version 5.0.0-src+819816b (Lean version 4.33.1)
2026-09-15T23:10:49.7905590Z ##[endgroup]
2026-09-15T23:10:49.7905918Z 
2026-09-15T23:10:49.7920828Z ##[end-action id=__leanprover_lean-action.__run;outcome=success;conclusion=success;duration_ms=17199]
2026-09-15T23:10:49.7926046Z ##[start-action display=configure `lean-action`;id=__leanprover_lean-action.config]
2026-09-15T23:10:49.7940636Z ##[group]Run : Configure Lean Action
2026-09-15T23:10:49.7940961Z [36;1m: Configure Lean Action[0m
2026-09-15T23:10:49.7941247Z [36;1m${GITHUB_ACTION_PATH}/scripts/config.sh[0m
2026-09-15T23:10:49.7961814Z shell: /usr/bin/bash --noprofile --norc -e -o pipefail {0}
2026-09-15T23:10:49.7962200Z env:
2026-09-15T23:10:49.7962577Z   GOTOOLCHAIN: local
2026-09-15T23:10:49.7962858Z   AUTO_CONFIG: false
2026-09-15T23:10:49.7963122Z   BUILD: false
2026-09-15T23:10:49.7963371Z   TEST: false
2026-09-15T23:10:49.7963598Z   LINT: false
2026-09-15T23:10:49.7963814Z ##[endgroup]
2026-09-15T23:10:49.8031565Z ##[group]Configure lean-action
2026-09-15T23:10:49.8073198Z ##[end-action id=__leanprover_lean-action.config;outcome=success;conclusion=success;duration_ms=14]
2026-09-15T23:10:49.8077891Z ##[start-action display=reinstall transient toolchain;id=__leanprover_lean-action.__run_2]
2026-09-15T23:10:49.8084094Z ##[end-action id=__leanprover_lean-action.__run_2;outcome=skipped;conclusion=skipped;duration_ms=0]
2026-09-15T23:10:49.8087055Z ##[start-action display=ensure all files are imported;id=__leanprover_lean-action.mk_all]
2026-09-15T23:10:49.8090897Z ##[end-action id=__leanprover_lean-action.mk_all;outcome=skipped;conclusion=skipped;duration_ms=0]
2026-09-15T23:10:49.8093094Z ##[start-action display=Run actions/cache/restore@v5;id=__leanprover_lean-action.__actions_cache]
2026-09-15T23:10:49.8096966Z ##[end-action id=__leanprover_lean-action.__actions_cache;outcome=skipped;conclusion=skipped;duration_ms=0]
2026-09-15T23:10:49.8099176Z ##[start-action display=detect mathlib;id=__leanprover_lean-action.detect-mathlib]
2026-09-15T23:10:49.8103120Z ##[end-action id=__leanprover_lean-action.detect-mathlib;outcome=skipped;conclusion=skipped;duration_ms=0]
2026-09-15T23:10:49.8105421Z ##[start-action display=get mathlib cache;id=__leanprover_lean-action.__run_3]
2026-09-15T23:10:49.8123235Z ##[end-action id=__leanprover_lean-action.__run_3;outcome=skipped;conclusion=skipped;duration_ms=0]
2026-09-15T23:10:49.8147133Z ##[start-action display=build sgstepaniants/OpenProblemsInNLA;id=__leanprover_lean-action.build]
2026-09-15T23:10:49.8152933Z ##[end-action id=__leanprover_lean-action.build;outcome=skipped;conclusion=skipped;duration_ms=0]
2026-09-15T23:10:49.8154932Z ##[start-action display=Run actions/cache/save@v5;id=__leanprover_lean-action.__actions_cache_2]
2026-09-15T23:10:49.8158717Z ##[end-action id=__leanprover_lean-action.__actions_cache_2;outcome=skipped;conclusion=skipped;duration_ms=0]
2026-09-15T23:10:49.8161913Z ##[start-action display=test sgstepaniants/OpenProblemsInNLA;id=__leanprover_lean-action.test]
2026-09-15T23:10:49.8167010Z ##[end-action id=__leanprover_lean-action.test;outcome=skipped;conclusion=skipped;duration_ms=0]
2026-09-15T23:10:49.8169488Z ##[start-action display=lint sgstepaniants/OpenProblemsInNLA;id=__leanprover_lean-action.lint]
2026-09-15T23:10:49.8174738Z ##[end-action id=__leanprover_lean-action.lint;outcome=skipped;conclusion=skipped;duration_ms=0]
2026-09-15T23:10:49.8176547Z ##[start-action display=check reservoir eligibility;id=__leanprover_lean-action.__run_4]
2026-09-15T23:10:49.8180137Z ##[end-action id=__leanprover_lean-action.__run_4;outcome=skipped;conclusion=skipped;duration_ms=0]
2026-09-15T23:10:49.8182651Z ##[start-action display=check environment with leanchecker;id=__leanprover_lean-action.__run_5]
2026-09-15T23:10:49.8187998Z ##[end-action id=__leanprover_lean-action.__run_5;outcome=skipped;conclusion=skipped;duration_ms=0]
2026-09-15T23:10:49.8190194Z ##[start-action display=check environment with nanoda;id=__leanprover_lean-action.nanoda]
2026-09-15T23:10:49.8193898Z ##[end-action id=__leanprover_lean-action.nanoda;outcome=skipped;conclusion=skipped;duration_ms=0]
2026-09-15T23:10:49.8196586Z ##[start-action display=audit axioms with axiom-audit;id=__leanprover_lean-action.axiom-audit]
2026-09-15T23:10:49.8200102Z ##[end-action id=__leanprover_lean-action.axiom-audit;outcome=skipped;conclusion=skipped;duration_ms=0]
2026-09-15T23:10:49.8247467Z ##[group]Run sudo apt-get update
2026-09-15T23:10:49.8248129Z [36;1msudo apt-get update[0m
2026-09-15T23:10:49.8248492Z [36;1msudo apt-get install -y bubblewrap dbus-user-session[0m
2026-09-15T23:10:49.8248930Z [36;1msudo sysctl -w kernel.apparmor_restrict_unprivileged_userns=0[0m
2026-09-15T23:10:49.8249518Z [36;1msudo loginctl enable-linger "$(id -un)"[0m
2026-09-15T23:10:49.8249883Z [36;1msudo systemctl start "user@$(id -u).service"[0m
2026-09-15T23:10:49.8250261Z [36;1mecho "XDG_RUNTIME_DIR=/run/user/$(id -u)" >> "$GITHUB_ENV"[0m
2026-09-15T23:10:49.8250708Z [36;1mecho "DBUS_SESSION_BUS_ADDRESS=unix:path=/run/user/$(id -u)/bus" >> "$GITHUB_ENV"[0m
2026-09-15T23:10:49.8267592Z shell: /usr/bin/bash -e {0}
2026-09-15T23:10:49.8267942Z env:
2026-09-15T23:10:49.8268188Z   GOTOOLCHAIN: local
2026-09-15T23:10:49.8268508Z ##[endgroup]
2026-09-15T23:10:50.0118399Z Get:1 file:/etc/apt/apt-mirrors.txt Mirrorlist [144 B]
2026-09-15T23:10:50.0548090Z Hit:2 http://azure.archive.ubuntu.com/ubuntu noble InRelease
2026-09-15T23:10:50.0603949Z Get:3 http://azure.archive.ubuntu.com/ubuntu noble-updates InRelease [126 kB]
2026-09-15T23:10:50.0851362Z Get:6 https://packages.microsoft.com/ubuntu/24.04/prod noble InRelease [3600 B]
2026-09-15T23:10:50.2495802Z Get:4 http://azure.archive.ubuntu.com/ubuntu noble-backports InRelease [126 kB]
2026-09-15T23:10:50.2524919Z Get:5 http://azure.archive.ubuntu.com/ubuntu noble-security InRelease [126 kB]
2026-09-15T23:10:50.2534460Z Get:7 https://dl.google.com/linux/chrome-stable/deb stable InRelease [2548 B]
2026-09-15T23:10:50.3996348Z Get:8 https://packages.microsoft.com/ubuntu/24.04/prod noble/main arm64 Packages [424 kB]
2026-09-15T23:10:50.4320838Z Get:9 http://azure.archive.ubuntu.com/ubuntu noble-updates/main amd64 Packages [1263 kB]
2026-09-15T23:10:50.5760662Z Get:10 http://azure.archive.ubuntu.com/ubuntu noble-updates/main Translation-en [292 kB]
2026-09-15T23:10:50.5808058Z Get:30 https://packages.microsoft.com/ubuntu/24.04/prod noble/main amd64 Packages [473 kB]
2026-09-15T23:10:50.5989270Z Get:11 http://azure.archive.ubuntu.com/ubuntu noble-updates/main amd64 Components [180 kB]
2026-09-15T23:10:50.6080618Z Get:12 http://azure.archive.ubuntu.com/ubuntu noble-updates/universe amd64 Packages [1687 kB]
2026-09-15T23:10:50.6259638Z Get:31 https://dl.google.com/linux/chrome-stable/deb stable/main amd64 Packages [1410 B]
2026-09-15T23:10:50.6500009Z Get:13 http://azure.archive.ubuntu.com/ubuntu noble-updates/universe Translation-en [338 kB]
2026-09-15T23:10:50.7033736Z Get:14 http://azure.archive.ubuntu.com/ubuntu noble-updates/universe amd64 Components [388 kB]
2026-09-15T23:10:50.7631584Z Get:15 http://azure.archive.ubuntu.com/ubuntu noble-updates/restricted amd64 Packages [1550 kB]
2026-09-15T23:10:50.8096991Z Get:16 http://azure.archive.ubuntu.com/ubuntu noble-updates/restricted Translation-en [355 kB]
2026-09-15T23:10:50.8161665Z Get:17 http://azure.archive.ubuntu.com/ubuntu noble-updates/multiverse amd64 Packages [45.7 kB]
2026-09-15T23:10:50.8991551Z Get:18 http://azure.archive.ubuntu.com/ubuntu noble-updates/multiverse Translation-en [12.8 kB]
2026-09-15T23:10:50.9454407Z Get:19 http://azure.archive.ubuntu.com/ubuntu noble-updates/multiverse amd64 Components [940 B]
2026-09-15T23:10:50.9857406Z Get:20 http://azure.archive.ubuntu.com/ubuntu noble-backports/main amd64 Components [5776 B]
2026-09-15T23:10:50.9861986Z Get:21 http://azure.archive.ubuntu.com/ubuntu noble-backports/universe amd64 Components [12.6 kB]
2026-09-15T23:10:51.0238485Z Get:22 http://azure.archive.ubuntu.com/ubuntu noble-security/main amd64 Packages [1009 kB]
2026-09-15T23:10:51.0650486Z Get:23 http://azure.archive.ubuntu.com/ubuntu noble-security/main Translation-en [213 kB]
2026-09-15T23:10:51.1136388Z Get:24 http://azure.archive.ubuntu.com/ubuntu noble-security/main amd64 Components [46.4 kB]
2026-09-15T23:10:51.1619498Z Get:25 http://azure.archive.ubuntu.com/ubuntu noble-security/universe amd64 Packages [1207 kB]
2026-09-15T23:10:51.2615407Z Get:26 http://azure.archive.ubuntu.com/ubuntu noble-security/universe Translation-en [242 kB]
2026-09-15T23:10:51.3568719Z Get:27 http://azure.archive.ubuntu.com/ubuntu noble-security/universe amd64 Components [76.3 kB]
2026-09-15T23:10:51.3603535Z Get:28 http://azure.archive.ubuntu.com/ubuntu noble-security/restricted amd64 Packages [1449 kB]
2026-09-15T23:10:51.4547336Z Get:29 http://azure.archive.ubuntu.com/ubuntu noble-security/restricted Translation-en [336 kB]
2026-09-15T23:10:56.3020497Z Fetched 12.0 MB in 2s (7412 kB/s)
2026-09-15T23:10:56.9416885Z Reading package lists...
2026-09-15T23:10:56.9663410Z Reading package lists...
2026-09-15T23:10:57.0734231Z Building dependency tree...
2026-09-15T23:10:57.0739008Z Reading state information...
2026-09-15T23:10:57.2175259Z dbus-user-session is already the newest version (1.14.10-4ubuntu4.1).
2026-09-15T23:10:57.2176306Z dbus-user-session set to manually installed.
2026-09-15T23:10:57.2176889Z The following NEW packages will be installed:
2026-09-15T23:10:57.2182840Z   bubblewrap
2026-09-15T23:10:57.2322764Z 0 upgraded, 1 newly installed, 0 to remove and 64 not upgraded.
2026-09-15T23:10:57.2323445Z Need to get 50.2 kB of archives.
2026-09-15T23:10:57.2324201Z After this operation, 133 kB of additional disk space will be used.
2026-09-15T23:10:57.2324794Z Get:1 file:/etc/apt/apt-mirrors.txt Mirrorlist [144 B]
2026-09-15T23:10:57.2845553Z Get:2 http://azure.archive.ubuntu.com/ubuntu noble-updates/main amd64 bubblewrap amd64 0.9.0-1ubuntu0.1 [50.2 kB]
2026-09-15T23:10:57.5585834Z Fetched 50.2 kB in 0s (551 kB/s)
2026-09-15T23:10:57.8316387Z Selecting previously unselected package bubblewrap.
2026-09-15T23:10:57.8736871Z (Reading database ... 
2026-09-15T23:10:57.8737440Z (Reading database ... 5%
2026-09-15T23:10:57.8737901Z (Reading database ... 10%
2026-09-15T23:10:57.8738316Z (Reading database ... 15%
2026-09-15T23:10:57.8738708Z (Reading database ... 20%
2026-09-15T23:10:57.8739094Z (Reading database ... 25%
2026-09-15T23:10:57.8739575Z (Reading database ... 30%
2026-09-15T23:10:57.8740106Z (Reading database ... 35%
2026-09-15T23:10:57.8740639Z (Reading database ... 40%
2026-09-15T23:10:57.8741065Z (Reading database ... 45%
2026-09-15T23:10:57.8741815Z (Reading database ... 50%
2026-09-15T23:10:57.8787049Z (Reading database ... 55%
2026-09-15T23:10:58.0252224Z (Reading database ... 60%
2026-09-15T23:10:58.2247198Z (Reading database ... 65%
2026-09-15T23:10:58.3736611Z (Reading database ... 70%
2026-09-15T23:10:58.5748301Z (Reading database ... 75%
2026-09-15T23:10:58.7313665Z (Reading database ... 80%
2026-09-15T23:10:58.9251861Z (Reading database ... 85%
2026-09-15T23:10:59.1199574Z (Reading database ... 90%
2026-09-15T23:10:59.2587589Z (Reading database ... 95%
2026-09-15T23:10:59.2588155Z (Reading database ... 100%
2026-09-15T23:10:59.2588958Z (Reading database ... 201818 files and directories currently installed.)
2026-09-15T23:10:59.2622986Z Preparing to unpack .../bubblewrap_0.9.0-1ubuntu0.1_amd64.deb ...
2026-09-15T23:10:59.3280534Z Unpacking bubblewrap (0.9.0-1ubuntu0.1) ...
2026-09-15T23:11:00.1099575Z Setting up bubblewrap (0.9.0-1ubuntu0.1) ...
2026-09-15T23:11:00.2791178Z Processing triggers for man-db (2.12.0-4build2) ...
2026-09-15T23:11:00.2811415Z Not building database; man-db/auto-update is not 'true'.
2026-09-15T23:11:00.7212757Z 
2026-09-15T23:11:00.7213432Z Running kernel seems to be up-to-date.
2026-09-15T23:11:00.7213781Z 
2026-09-15T23:11:00.7213971Z No services need to be restarted.
2026-09-15T23:11:00.7214369Z 
2026-09-15T23:11:00.7214626Z No containers need to be restarted.
2026-09-15T23:11:00.7214961Z 
2026-09-15T23:11:00.7215232Z No user sessions are running outdated binaries.
2026-09-15T23:11:00.7215536Z 
2026-09-15T23:11:00.7215892Z No VM guests are running outdated hypervisor (qemu) binaries on this host.
2026-09-15T23:11:01.3867885Z kernel.apparmor_restrict_unprivileged_userns = 0
2026-09-15T23:11:01.4094265Z ##[group]Run ulimit -n 65536
2026-09-15T23:11:01.4094601Z [36;1mulimit -n 65536[0m
2026-09-15T23:11:01.4094932Z [36;1mtools/lean/bootstrap.sh "$RUNNER_TEMP/nla-lean-tools"[0m
2026-09-15T23:11:01.4095343Z [36;1mtools/lean/verify.sh "$LEAN_PROJECT" "$RUNNER_TEMP/nla-lean-tools"[0m
2026-09-15T23:11:01.4116036Z shell: /usr/bin/bash -e {0}
2026-09-15T23:11:01.4116378Z env:
2026-09-15T23:11:01.4116651Z   GOTOOLCHAIN: local
2026-09-15T23:11:01.4116964Z   XDG_RUNTIME_DIR: /run/user/1001
2026-09-15T23:11:01.4117300Z   DBUS_SESSION_BUS_ADDRESS: unix:path=/run/user/1001/bus
2026-09-15T23:11:01.4117672Z   LEAN_PROJECT: linear-systems-and-elimination/IE-04/lean
2026-09-15T23:11:01.4118015Z ##[endgroup]
2026-09-15T23:11:02.4489047Z Running elan toolchain install leanprover/lean4:v4.33.1
2026-09-15T23:11:02.4489607Z Log: /home/runner/work/_temp/nla-lean-tools/logs/bootstrap/elan.log
2026-09-15T23:11:02.4505205Z info: toolchain 'leanprover/lean4:v4.33.1' is already installed
2026-09-15T23:11:02.5345645Z Running go build -mod=readonly -buildvcs=false -o /home/runner/work/_temp/nla-lean-tools/.tools/bin/landrun ./cmd/landrun
2026-09-15T23:11:02.5346804Z Log: /home/runner/work/_temp/nla-lean-tools/logs/bootstrap/landrun-build.log
2026-09-15T23:11:02.5380880Z go: downloading github.com/urfave/cli/v3 v3.6.2
2026-09-15T23:11:02.5463218Z go: downloading github.com/landlock-lsm/go-landlock v0.9.0
2026-09-15T23:11:02.8224981Z go: downloading golang.org/x/sys v0.40.0
2026-09-15T23:11:02.8225541Z go: downloading kernel.org/pub/linux/libs/security/libcap/psx v1.2.77
2026-09-15T23:11:09.6198648Z Running lake build lean4export comparator
2026-09-15T23:11:09.6199580Z Log: /home/runner/work/_temp/nla-lean-tools/logs/bootstrap/comparator-build.log
2026-09-15T23:11:09.9593900Z ✔ [3/20] Built Comparator.Util (298ms)
2026-09-15T23:11:10.1574030Z ✔ [4/20] Built Comparator.Util:c.o (164ms)
2026-09-15T23:11:11.1611792Z ✔ [5/20] Built Export.Parse (1.4s)
2026-09-15T23:11:11.6674765Z ✔ [6/20] Built Comparator.Axioms (494ms)
2026-09-15T23:11:11.8663791Z ✔ [7/20] Built Export (2.2s)
2026-09-15T23:11:11.9664745Z ✔ [8/20] Built Comparator.Axioms:c.o (368ms)
2026-09-15T23:11:12.2667813Z ✔ [9/20] Built Comparator.Compare (665ms)
2026-09-15T23:11:12.7672993Z ✔ [10/20] Built Comparator.Compare:c.o (504ms)
2026-09-15T23:11:12.9683653Z ✔ [11/20] Built Main (1.0s)
2026-09-15T23:11:13.0691856Z ✔ [12/20] Built Comparator (324ms)
2026-09-15T23:11:13.1688127Z ✔ [13/20] Built Comparator:c.o (58ms)
2026-09-15T23:11:13.2688840Z ✔ [14/20] Built Main:c.o (218ms)
2026-09-15T23:11:14.2716830Z ✔ [15/20] Built Main (1.1s)
2026-09-15T23:11:14.8724935Z ✔ [16/20] Built Export:c.o (3.0s)
2026-09-15T23:11:15.0729105Z ✔ [17/20] Built Main:c.o (751ms)
2026-09-15T23:11:15.1733921Z ✔ [18/20] Built Export.Parse:c.o (4.0s)
2026-09-15T23:11:15.6764187Z ✔ [19/20] Built lean4export:exe (813ms)
2026-09-15T23:11:15.7748443Z ✔ [20/20] Built comparator:exe (662ms)
2026-09-15T23:11:15.7752826Z Build completed successfully (20 jobs).
2026-09-15T23:11:16.0613098Z Tools built; isolation and checker controls run during verify. Receipt: /home/runner/work/_temp/nla-lean-tools/bootstrap.json
2026-09-15T23:11:16.4486079Z Running /usr/bin/timeout --kill-after=5s 45s systemd-run -p RuntimeMaxSec=40 --user --quiet --wait --pipe --collect -p 'RestrictAddressFamilies=~AF_UNIX' --working-directory /home/runner/work/_temp/nla-lean-tools /usr/bin/env -i PATH=/home/runner/.elan/toolchains/leanprover--lean4---v4.33.1/bin:/home/runner/.elan/bin:/home/runner/go/bin:/opt/hostedtoolcache/go/1.27.1/x64/bin:/snap/bin:/home/runner/.local/bin:/opt/pipx_bin:/home/runner/.cargo/bin:/home/runner/.config/composer/vendor/bin:/usr/local/.ghcup/bin:/home/runner/.dotnet/tools:/usr/local/sbin:/usr/local/bin:/usr/sbin:/usr/bin:/sbin:/bin:/usr/games:/usr/local/games:/snap/bin HOME=/home/runner LANG=C.UTF-8 XDG_RUNTIME_DIR=/run/user/1001 DBUS_SESSION_BUS_ADDRESS=unix:path=/run/user/1001/bus GIT_TERMINAL_PROMPT=0 GIT_CONFIG_NOSYSTEM=1 GIT_CONFIG_GLOBAL=/dev/null COMPARATOR_BIN=/home/runner/work/_temp/nla-lean-tools/.tools/comparator/.lake/build/bin/comparator COMPARATOR_LEAN4EXPORT=/home/runner/work/_temp/nla-lean-tools/.tools/lean4export/.lake/build/bin/lean4export COMPARATOR_LANDRUN=/home/runner/work/_temp/nla-lean-tools/scripts/strict_landrun.py XDG_CACHE_HOME=/home/runner/work/_temp/nla-lean-tools/.tools/cache TMPDIR=/home/runner/work/_temp/nla-lean-tools/.verification-tmp /usr/bin/true
2026-09-15T23:11:16.4490049Z Log: /home/runner/work/_temp/nla-lean-tools/logs/verify-20260915T231116Z-4006/user-service.log
2026-09-15T23:11:16.4703072Z Running python3 /home/runner/work/_temp/nla-lean-tools/reproduction/checks/sandbox_probe_ci.py
2026-09-15T23:11:16.4704045Z Log: /home/runner/work/_temp/nla-lean-tools/logs/verify-20260915T231116Z-4006/sandbox.log
2026-09-15T23:11:16.4974121Z START sandbox mode: build
2026-09-15T23:11:16.5670110Z START sandbox mode: export
2026-09-15T23:11:16.6337381Z START sandbox negative case: unknown option
2026-09-15T23:11:16.6635479Z START sandbox negative case: unexpected --rw
2026-09-15T23:11:16.6923742Z START sandbox negative case: unexpected --rwx
2026-09-15T23:11:16.7201969Z START sandbox negative case: relative --rwx
2026-09-15T23:11:16.7500398Z MODE build: exit=0
2026-09-15T23:11:16.7501142Z Running as unit: run-u2.service; invocation ID: 5a34713c5ead4ef48664d7e6d46680f9
2026-09-15T23:11:16.7501802Z PASS outside .lake write-open: denied errno=30
2026-09-15T23:11:16.7502517Z PASS outside .lake truncate: denied errno=30
2026-09-15T23:11:16.7503038Z PASS outside .lake read-only truncate-open: denied errno=30
2026-09-15T23:11:16.7503706Z PASS symlink from .lake to outside write: denied errno=30
2026-09-15T23:11:16.7504243Z PASS outside .lake creation: denied errno=30
2026-09-15T23:11:16.7504656Z PASS build .lake write: allowed
2026-09-15T23:11:16.7505052Z PASS user namespace: private
2026-09-15T23:11:16.7505505Z PASS pid namespace: private
2026-09-15T23:11:16.7505854Z PASS mnt namespace: private
2026-09-15T23:11:16.7506234Z PASS net namespace: private
2026-09-15T23:11:16.7506642Z PASS ipc namespace: private
2026-09-15T23:11:16.7507039Z PASS uts namespace: private
2026-09-15T23:11:16.7507516Z PASS host parent: absent from private /proc
2026-09-15T23:11:16.7507979Z PASS host parent signal lookup: denied errno=3
2026-09-15T23:11:16.7508510Z PASS host loopback listener: unreachable errno=13
2026-09-15T23:11:16.7509003Z PASS AF_UNIX socket creation: denied errno=97
2026-09-15T23:11:16.7509469Z PASS effective capabilities: none
2026-09-15T23:11:16.7509895Z PASS no_new_privs: set
2026-09-15T23:11:16.7510219Z Sandbox UID: 1001
2026-09-15T23:11:16.7510631Z PASS nested namespace write attempt: rejected exit=1
2026-09-15T23:11:16.7511237Z bwrap: setting up uid map: Permission denied
2026-09-15T23:11:16.7511838Z Finished with result: success
2026-09-15T23:11:16.7512590Z Main processes terminated with: code=exited/status=0
2026-09-15T23:11:16.7513127Z Service runtime: 55ms
2026-09-15T23:11:16.7513577Z CPU time consumed: 56ms
2026-09-15T23:11:16.7513932Z Memory peak: 256.0K
2026-09-15T23:11:16.7514627Z Memory swap peak: 0B
2026-09-15T23:11:16.7514947Z 
2026-09-15T23:11:16.7515082Z MODE export: exit=0
2026-09-15T23:11:16.7515597Z Running as unit: run-u3.service; invocation ID: 46214cf12eea40519800c60279957a9e
2026-09-15T23:11:16.7516261Z PASS outside .lake write-open: denied errno=30
2026-09-15T23:11:16.7516735Z PASS outside .lake truncate: denied errno=30
2026-09-15T23:11:16.7517237Z PASS outside .lake read-only truncate-open: denied errno=30
2026-09-15T23:11:16.7517851Z PASS symlink from .lake to outside write: denied errno=30
2026-09-15T23:11:16.7518350Z PASS outside .lake creation: denied errno=30
2026-09-15T23:11:16.7518839Z PASS export .lake write-open: denied errno=30
2026-09-15T23:11:16.7519315Z PASS export .lake truncate: denied errno=30
2026-09-15T23:11:16.7519761Z PASS user namespace: private
2026-09-15T23:11:16.7520221Z PASS pid namespace: private
2026-09-15T23:11:16.7520648Z PASS mnt namespace: private
2026-09-15T23:11:16.7521103Z PASS net namespace: private
2026-09-15T23:11:16.7521726Z PASS ipc namespace: private
2026-09-15T23:11:16.7522174Z PASS uts namespace: private
2026-09-15T23:11:16.7522977Z PASS host parent: absent from private /proc
2026-09-15T23:11:16.7523510Z PASS host parent signal lookup: denied errno=3
2026-09-15T23:11:16.7524007Z PASS host loopback listener: unreachable errno=13
2026-09-15T23:11:16.7524525Z PASS AF_UNIX socket creation: denied errno=97
2026-09-15T23:11:16.7524974Z PASS effective capabilities: none
2026-09-15T23:11:16.7525442Z PASS no_new_privs: set
2026-09-15T23:11:16.7525855Z Sandbox UID: 1001
2026-09-15T23:11:16.7526269Z PASS nested namespace write attempt: rejected exit=1
2026-09-15T23:11:16.7526814Z bwrap: setting up uid map: Permission denied
2026-09-15T23:11:16.7527270Z Finished with result: success
2026-09-15T23:11:16.7527761Z Main processes terminated with: code=exited/status=0
2026-09-15T23:11:16.7528242Z Service runtime: 56ms
2026-09-15T23:11:16.7528610Z CPU time consumed: 56ms
2026-09-15T23:11:16.7529025Z Memory peak: 512.0K
2026-09-15T23:11:16.7529416Z Memory swap peak: 0B
2026-09-15T23:11:16.7529613Z 
2026-09-15T23:11:16.7529821Z NEGATIVE unknown option: exit=2
2026-09-15T23:11:16.7530406Z Running as unit: run-u4.service; invocation ID: 23a85fb7e479411a881ca45ea55f6944
2026-09-15T23:11:16.7531241Z strict Comparator sandbox: unsupported Comparator Landrun option: --unrestricted-filesystem
2026-09-15T23:11:16.7531913Z Finished with result: exit-code
2026-09-15T23:11:16.7532605Z Main processes terminated with: code=exited/status=2
2026-09-15T23:11:16.7533097Z Service runtime: 21ms
2026-09-15T23:11:16.7533515Z CPU time consumed: 20ms
2026-09-15T23:11:16.7533870Z Memory peak: 256.0K
2026-09-15T23:11:16.7534236Z Memory swap peak: 0B
2026-09-15T23:11:16.7534417Z 
2026-09-15T23:11:16.7534665Z NEGATIVE unexpected --rw: exit=2
2026-09-15T23:11:16.7535321Z Running as unit: run-u5.service; invocation ID: a5647b9cf4bf40e0910f59fb50bee9ec
2026-09-15T23:11:16.7536082Z strict Comparator sandbox: only private /dev may be passed with --rw
2026-09-15T23:11:16.7536646Z Finished with result: exit-code
2026-09-15T23:11:16.7537143Z Main processes terminated with: code=exited/status=2
2026-09-15T23:11:16.7537706Z Service runtime: 20ms
2026-09-15T23:11:16.7538098Z CPU time consumed: 20ms
2026-09-15T23:11:16.7538520Z Memory peak: 256.0K
2026-09-15T23:11:16.7538880Z Memory swap peak: 0B
2026-09-15T23:11:16.7539067Z 
2026-09-15T23:11:16.7539283Z NEGATIVE unexpected --rwx: exit=2
2026-09-15T23:11:16.7539901Z Running as unit: run-u6.service; invocation ID: d1d059454bd8490e9fd69a347269444d
2026-09-15T23:11:16.7540669Z strict Comparator sandbox: only this project's existing .lake may be writable
2026-09-15T23:11:16.7541351Z Finished with result: exit-code
2026-09-15T23:11:16.7541818Z Main processes terminated with: code=exited/status=2
2026-09-15T23:11:16.7542528Z Service runtime: 20ms
2026-09-15T23:11:16.7542959Z CPU time consumed: 20ms
2026-09-15T23:11:16.7543338Z Memory peak: 512.0K
2026-09-15T23:11:16.7543723Z Memory swap peak: 0B
2026-09-15T23:11:16.7543910Z 
2026-09-15T23:11:16.7544291Z NEGATIVE relative --rwx: exit=2
2026-09-15T23:11:16.7544848Z Running as unit: run-u7.service; invocation ID: ce4d158b4d504a7eb36cf221c942e895
2026-09-15T23:11:16.7545668Z strict Comparator sandbox: only this project's existing .lake may be writable
2026-09-15T23:11:16.7546278Z Finished with result: exit-code
2026-09-15T23:11:16.7546808Z Main processes terminated with: code=exited/status=2
2026-09-15T23:11:16.7547285Z Service runtime: 20ms
2026-09-15T23:11:16.7547638Z CPU time consumed: 20ms
2026-09-15T23:11:16.7548054Z Memory peak: 256.0K
2026-09-15T23:11:16.7548397Z Memory swap peak: 0B
2026-09-15T23:11:16.7548604Z 
2026-09-15T23:11:16.7548963Z Outer and export fixture contents unchanged; only designated build fixture written.
2026-09-15T23:11:16.7558271Z Running bash /home/runner/work/_temp/nla-lean-tools/reproduction/checks/run_replay.sh
2026-09-15T23:11:16.7559135Z Log: /home/runner/work/_temp/nla-lean-tools/logs/verify-20260915T231116Z-4006/kernel-controls.log
2026-09-15T23:11:16.7952256Z Replay probe: RestrictAddressFamilies=~AF_UNIX (deny AF_UNIX sockets).
2026-09-15T23:11:16.8396551Z Lean (version 4.33.1, x86_64-unknown-linux-gnu, Release)
2026-09-15T23:11:16.8700169Z /home/runner/.elan/toolchains/leanprover--lean4---v4.33.1/lib/lean/Init.olean
2026-09-15T23:11:16.8701092Z /home/runner/.elan/toolchains/leanprover--lean4---v4.33.1/lib/lean/Init.olean
2026-09-15T23:11:16.8701991Z /home/runner/work/_temp/nla-lean-tools/.tools/comparator/.lake/build/lib/lean/Main.olean
2026-09-15T23:11:17.8071927Z Trusted base fixture: 11 constants
2026-09-15T23:11:17.8072781Z BEGIN honest_with_inductives_and_quotients
2026-09-15T23:11:17.8073366Z Running Lean default kernel on solution.
2026-09-15T23:11:17.8073869Z Lean default kernel accepts the solution
2026-09-15T23:11:17.8074335Z RETURN honest_with_inductives_and_quotients: accepted
2026-09-15T23:11:17.8074859Z BEGIN invalid_raw_proof
2026-09-15T23:11:17.8075258Z Running Lean default kernel on solution.
2026-09-15T23:11:17.8075841Z Lean default kernel rejects the solution
2026-09-15T23:11:17.8076676Z RETURN invalid_raw_proof: rejected: while replaying declaration 'PinnedReplayProbe.invalid':
2026-09-15T23:11:17.8077400Z (kernel) declaration type mismatch, 'PinnedReplayProbe.invalid' has type
2026-09-15T23:11:17.8077815Z   True
2026-09-15T23:11:17.8078077Z but it is expected to have type
2026-09-15T23:11:17.8078368Z   False
2026-09-15T23:11:17.8078658Z BEGIN quotient_postcheck_mismatch
2026-09-15T23:11:17.8078963Z Running Lean default kernel on solution.
2026-09-15T23:11:17.8079291Z Lean default kernel accepts the solution
2026-09-15T23:11:17.8079647Z Quotient post-check rejects the solution
2026-09-15T23:11:17.8080068Z RETURN quotient_postcheck_mismatch: rejected: Quotient constant mismatch on: Quot.lift
2026-09-15T23:11:17.8080614Z PASS: all three actual Comparator.runBuiltinKernel cases behaved as required
2026-09-15T23:11:17.8615627Z Running python3 /home/runner/work/_temp/nla-lean-tools/reproduction/checks/comparator_regressions.py
2026-09-15T23:11:17.8616458Z Log: /home/runner/work/_temp/nla-lean-tools/logs/verify-20260915T231116Z-4006/comparator-controls.log
2026-09-15T23:11:17.8872894Z Comparator regressions: RestrictAddressFamilies=~AF_UNIX; .tools/env.sh selects the real strict sandbox.
2026-09-15T23:11:17.8877760Z 
2026-09-15T23:11:17.8878270Z CASE simple_match
2026-09-15T23:11:19.5553367Z info: ComparatorRegression: no previous manifest, creating one from scratch
2026-09-15T23:11:19.5553969Z info: toolchain not updated; already up-to-date
2026-09-15T23:11:19.5554319Z Building Challenge
2026-09-15T23:11:19.5554971Z ⚠ [2/3] Built Challenge (161ms)
2026-09-15T23:11:19.5555344Z warning: Challenge.lean:1:8: declaration uses `sorry`
2026-09-15T23:11:19.5555684Z Build completed successfully (3 jobs).
2026-09-15T23:11:19.5556805Z Exporting #[Quot, Quot.mk, Quot.lift, Quot.ind, comm, propext, Quot.sound, Classical.choice, Nat.add, Nat.sub, Nat.mul, Nat.pow, Nat.gcd, Nat.div, Nat.mod, Nat.beq, Nat.ble, Nat.land, Nat.lor, Nat.xor, Nat.shiftLeft, Nat.shiftRight, String.ofList, Char.ofNat, List, eagerReduce, Nat, String, String.mk, Char, optParam, autoParam, semiOutParam, outParam] from Challenge
2026-09-15T23:11:19.5558511Z Building Solution
2026-09-15T23:11:19.5558925Z ✔ [2/3] Built Solution (167ms)
2026-09-15T23:11:19.5559299Z Build completed successfully (3 jobs).
2026-09-15T23:11:19.5560327Z Exporting #[Quot, Quot.mk, Quot.lift, Quot.ind, comm, propext, Quot.sound, Classical.choice, Nat.add, Nat.sub, Nat.mul, Nat.pow, Nat.gcd, Nat.div, Nat.mod, Nat.beq, Nat.ble, Nat.land, Nat.lor, Nat.xor, Nat.shiftLeft, Nat.shiftRight, String.ofList, Char.ofNat, List, eagerReduce, Nat, String, String.mk, Char, optParam, autoParam, semiOutParam, outParam] from Solution
2026-09-15T23:11:19.5561307Z Running Lean default kernel on solution.
2026-09-15T23:11:19.5561653Z Lean default kernel accepts the solution
2026-09-15T23:11:19.5562132Z Your solution is okay!
2026-09-15T23:11:19.5562772Z PASS simple_match: exit 0, expected 0; required phase: Your solution is okay!
2026-09-15T23:11:19.5563082Z 
2026-09-15T23:11:19.5563314Z CASE simple_mismatch
2026-09-15T23:11:21.0625043Z info: ComparatorRegression: no previous manifest, creating one from scratch
2026-09-15T23:11:21.0625691Z info: toolchain not updated; already up-to-date
2026-09-15T23:11:21.0626070Z Building Challenge
2026-09-15T23:11:21.0626779Z ⚠ [2/3] Built Challenge (166ms)
2026-09-15T23:11:21.0627278Z warning: Challenge.lean:1:8: declaration uses `sorry`
2026-09-15T23:11:21.0627756Z Build completed successfully (3 jobs).
2026-09-15T23:11:21.0628980Z Exporting #[Quot, Quot.mk, Quot.lift, Quot.ind, comm, propext, Quot.sound, Classical.choice, Nat.add, Nat.sub, Nat.mul, Nat.pow, Nat.gcd, Nat.div, Nat.mod, Nat.beq, Nat.ble, Nat.land, Nat.lor, Nat.xor, Nat.shiftLeft, Nat.shiftRight, String.ofList, Char.ofNat, List, eagerReduce, Nat, String, String.mk, Char, optParam, autoParam, semiOutParam, outParam] from Challenge
2026-09-15T23:11:21.0631940Z Building Solution
2026-09-15T23:11:21.0632497Z ✔ [2/3] Built Solution (169ms)
2026-09-15T23:11:21.0633061Z Build completed successfully (3 jobs).
2026-09-15T23:11:21.0634685Z Exporting #[Quot, Quot.mk, Quot.lift, Quot.ind, comm, propext, Quot.sound, Classical.choice, Nat.add, Nat.sub, Nat.mul, Nat.pow, Nat.gcd, Nat.div, Nat.mod, Nat.beq, Nat.ble, Nat.land, Nat.lor, Nat.xor, Nat.shiftLeft, Nat.shiftRight, String.ofList, Char.ofNat, List, eagerReduce, Nat, String, String.mk, Char, optParam, autoParam, semiOutParam, outParam] from Solution
2026-09-15T23:11:21.0636521Z uncaught exception: Challenge and solution constant kind don't match: 'comm'
2026-09-15T23:11:21.0637476Z PASS simple_mismatch: exit 1, expected 1; required phase: Challenge and solution constant kind don't match: 'comm'
2026-09-15T23:11:21.0638009Z 
2026-09-15T23:11:21.0638180Z CASE simple_axiom_issue
2026-09-15T23:11:22.5790148Z info: ComparatorRegression: no previous manifest, creating one from scratch
2026-09-15T23:11:22.5790974Z info: toolchain not updated; already up-to-date
2026-09-15T23:11:22.5791503Z Building Challenge
2026-09-15T23:11:22.5792461Z ⚠ [2/3] Built Challenge (165ms)
2026-09-15T23:11:22.5793092Z warning: Challenge.lean:1:8: declaration uses `sorry`
2026-09-15T23:11:22.5793628Z Build completed successfully (3 jobs).
2026-09-15T23:11:22.5795426Z Exporting #[Quot, Quot.mk, Quot.lift, Quot.ind, comm, propext, Quot.sound, Classical.choice, Nat.add, Nat.sub, Nat.mul, Nat.pow, Nat.gcd, Nat.div, Nat.mod, Nat.beq, Nat.ble, Nat.land, Nat.lor, Nat.xor, Nat.shiftLeft, Nat.shiftRight, String.ofList, Char.ofNat, List, eagerReduce, Nat, String, String.mk, Char, optParam, autoParam, semiOutParam, outParam] from Challenge
2026-09-15T23:11:22.5796902Z Building Solution
2026-09-15T23:11:22.5797263Z ✔ [2/3] Built Solution (167ms)
2026-09-15T23:11:22.5797594Z Build completed successfully (3 jobs).
2026-09-15T23:11:22.5798965Z Exporting #[Quot, Quot.mk, Quot.lift, Quot.ind, comm, propext, Quot.sound, Classical.choice, Nat.add, Nat.sub, Nat.mul, Nat.pow, Nat.gcd, Nat.div, Nat.mod, Nat.beq, Nat.ble, Nat.land, Nat.lor, Nat.xor, Nat.shiftLeft, Nat.shiftRight, String.ofList, Char.ofNat, List, eagerReduce, Nat, String, String.mk, Char, optParam, autoParam, semiOutParam, outParam] from Solution
2026-09-15T23:11:22.5800202Z uncaught exception: Illegal axiom detected: 'helper'
2026-09-15T23:11:22.5800683Z PASS simple_axiom_issue: exit 1, expected 1; required phase: Illegal axiom detected: 'helper'
2026-09-15T23:11:22.5801022Z 
2026-09-15T23:11:22.5801141Z CASE simple_kind_mismatch
2026-09-15T23:11:24.0861075Z info: ComparatorRegression: no previous manifest, creating one from scratch
2026-09-15T23:11:24.0861933Z info: toolchain not updated; already up-to-date
2026-09-15T23:11:24.0862543Z Building Challenge
2026-09-15T23:11:24.0863223Z ⚠ [2/3] Built Challenge (169ms)
2026-09-15T23:11:24.0863821Z warning: Challenge.lean:1:8: declaration uses `sorry`
2026-09-15T23:11:24.0864341Z Build completed successfully (3 jobs).
2026-09-15T23:11:24.0866267Z Exporting #[Quot, Quot.mk, Quot.lift, Quot.ind, comm, propext, Quot.sound, Classical.choice, Nat.add, Nat.sub, Nat.mul, Nat.pow, Nat.gcd, Nat.div, Nat.mod, Nat.beq, Nat.ble, Nat.land, Nat.lor, Nat.xor, Nat.shiftLeft, Nat.shiftRight, String.ofList, Char.ofNat, List, eagerReduce, Nat, String, String.mk, Char, optParam, autoParam, semiOutParam, outParam] from Challenge
2026-09-15T23:11:24.0867340Z Building Solution
2026-09-15T23:11:24.0867816Z ✔ [2/3] Built Solution (167ms)
2026-09-15T23:11:24.0868277Z Build completed successfully (3 jobs).
2026-09-15T23:11:24.0869330Z Exporting #[Quot, Quot.mk, Quot.lift, Quot.ind, comm, propext, Quot.sound, Classical.choice, Nat.add, Nat.sub, Nat.mul, Nat.pow, Nat.gcd, Nat.div, Nat.mod, Nat.beq, Nat.ble, Nat.land, Nat.lor, Nat.xor, Nat.shiftLeft, Nat.shiftRight, String.ofList, Char.ofNat, List, eagerReduce, Nat, String, String.mk, Char, optParam, autoParam, semiOutParam, outParam] from Solution
2026-09-15T23:11:24.0870403Z uncaught exception: Illegal axiom detected: 'helper'
2026-09-15T23:11:24.0870881Z PASS simple_kind_mismatch: exit 1, expected 1; required phase: Illegal axiom detected: 'helper'
2026-09-15T23:11:24.0871262Z 
2026-09-15T23:11:24.0871355Z CASE type_mismatch
2026-09-15T23:11:25.5789746Z info: ComparatorRegression: no previous manifest, creating one from scratch
2026-09-15T23:11:25.5790845Z info: toolchain not updated; already up-to-date
2026-09-15T23:11:25.5791351Z Building Challenge
2026-09-15T23:11:25.5792033Z ✔ [2/3] Built Challenge (163ms)
2026-09-15T23:11:25.5792735Z Build completed successfully (3 jobs).
2026-09-15T23:11:25.5794540Z Exporting #[Quot, Quot.mk, Quot.lift, Quot.ind, checked, propext, Quot.sound, Classical.choice, Nat.add, Nat.sub, Nat.mul, Nat.pow, Nat.gcd, Nat.div, Nat.mod, Nat.beq, Nat.ble, Nat.land, Nat.lor, Nat.xor, Nat.shiftLeft, Nat.shiftRight, String.ofList, Char.ofNat, List, eagerReduce, Nat, String, String.mk, Char, optParam, autoParam, semiOutParam, outParam] from Challenge
2026-09-15T23:11:25.5796144Z Building Solution
2026-09-15T23:11:25.5796639Z ✔ [2/3] Built Solution (163ms)
2026-09-15T23:11:25.5797095Z Build completed successfully (3 jobs).
2026-09-15T23:11:25.5798973Z Exporting #[Quot, Quot.mk, Quot.lift, Quot.ind, checked, propext, Quot.sound, Classical.choice, Nat.add, Nat.sub, Nat.mul, Nat.pow, Nat.gcd, Nat.div, Nat.mod, Nat.beq, Nat.ble, Nat.land, Nat.lor, Nat.xor, Nat.shiftLeft, Nat.shiftRight, String.ofList, Char.ofNat, List, eagerReduce, Nat, String, String.mk, Char, optParam, autoParam, semiOutParam, outParam] from Solution
2026-09-15T23:11:25.5800779Z uncaught exception: Challenge and solution theorem statement do not match: 'checked'
2026-09-15T23:11:25.5801687Z PASS type_mismatch: exit 1, expected 1; required phase: Challenge and solution theorem statement do not match: 'checked'
2026-09-15T23:11:25.5809810Z PASS: all five Comparator regressions
2026-09-15T23:11:25.5869737Z Running systemd-run --user --quiet --wait --pipe --collect -p 'RestrictAddressFamilies=~AF_UNIX' --working-directory /home/runner/work/_temp/nla-lean-tools/.verification-tmp/nla-axiom-b2odnuo5 /usr/bin/env -i PATH=/home/runner/.elan/toolchains/leanprover--lean4---v4.33.1/bin:/home/runner/.elan/bin:/home/runner/go/bin:/opt/hostedtoolcache/go/1.27.1/x64/bin:/snap/bin:/home/runner/.local/bin:/opt/pipx_bin:/home/runner/.cargo/bin:/home/runner/.config/composer/vendor/bin:/usr/local/.ghcup/bin:/home/runner/.dotnet/tools:/usr/local/sbin:/usr/local/bin:/usr/sbin:/usr/bin:/sbin:/bin:/usr/games:/usr/local/games:/snap/bin HOME=/home/runner LANG=C.UTF-8 XDG_RUNTIME_DIR=/run/user/1001 DBUS_SESSION_BUS_ADDRESS=unix:path=/run/user/1001/bus GIT_TERMINAL_PROMPT=0 GIT_CONFIG_NOSYSTEM=1 GIT_CONFIG_GLOBAL=/dev/null COMPARATOR_BIN=/home/runner/work/_temp/nla-lean-tools/.tools/comparator/.lake/build/bin/comparator COMPARATOR_LEAN4EXPORT=/home/runner/work/_temp/nla-lean-tools/.tools/lean4export/.lake/build/bin/lean4export COMPARATOR_LANDRUN=/home/runner/work/_temp/nla-lean-tools/scripts/strict_landrun.py XDG_CACHE_HOME=/home/runner/work/_temp/nla-lean-tools/.tools/cache TMPDIR=/home/runner/work/_temp/nla-lean-tools/.verification-tmp lake env /home/runner/work/_temp/nla-lean-tools/.tools/comparator/.lake/build/bin/comparator comparator.json
2026-09-15T23:11:25.5874037Z Log: /home/runner/work/_temp/nla-lean-tools/logs/verify-20260915T231116Z-4006/negative-sorry.log
2026-09-15T23:11:25.6341307Z info: NlaAxiomFixture: no previous manifest, creating one from scratch
2026-09-15T23:11:25.6342634Z info: toolchain not updated; already up-to-date
2026-09-15T23:11:25.6975471Z Building Challenge
2026-09-15T23:11:26.3837236Z ✔ [2/3] Built Challenge (556ms)
2026-09-15T23:11:26.3843387Z Build completed successfully (3 jobs).
2026-09-15T23:11:27.0936041Z Exporting #[Quot, Quot.mk, Quot.lift, Quot.ind, checked, Classical.choice, Quot.sound, propext, Nat.add, Nat.sub, Nat.mul, Nat.pow, Nat.gcd, Nat.div, Nat.mod, Nat.beq, Nat.ble, Nat.land, Nat.lor, Nat.xor, Nat.shiftLeft, Nat.shiftRight, String.ofList, Char.ofNat, List, eagerReduce, Nat, String, String.mk, Char, optParam, autoParam, semiOutParam, outParam] from Challenge
2026-09-15T23:11:27.0937315Z Building Solution
2026-09-15T23:11:27.7783466Z ⚠ [2/3] Built Solution (545ms)
2026-09-15T23:11:27.7784608Z warning: Solution.lean:2:8: declaration uses `sorry`
2026-09-15T23:11:27.7785803Z Build completed successfully (3 jobs).
2026-09-15T23:11:28.5349106Z Exporting #[Quot, Quot.mk, Quot.lift, Quot.ind, checked, Classical.choice, Quot.sound, propext, Nat.add, Nat.sub, Nat.mul, Nat.pow, Nat.gcd, Nat.div, Nat.mod, Nat.beq, Nat.ble, Nat.land, Nat.lor, Nat.xor, Nat.shiftLeft, Nat.shiftRight, String.ofList, Char.ofNat, List, eagerReduce, Nat, String, String.mk, Char, optParam, autoParam, semiOutParam, outParam] from Solution
2026-09-15T23:11:28.5350375Z uncaught exception: Illegal axiom detected: 'sorryAx'
2026-09-15T23:11:28.5410105Z Running systemd-run --user --quiet --wait --pipe --collect -p 'RestrictAddressFamilies=~AF_UNIX' --working-directory /home/runner/work/_temp/nla-lean-tools/.verification-tmp/nla-axiom-3m4u8s9f /usr/bin/env -i PATH=/home/runner/.elan/toolchains/leanprover--lean4---v4.33.1/bin:/home/runner/.elan/bin:/home/runner/go/bin:/opt/hostedtoolcache/go/1.27.1/x64/bin:/snap/bin:/home/runner/.local/bin:/opt/pipx_bin:/home/runner/.cargo/bin:/home/runner/.config/composer/vendor/bin:/usr/local/.ghcup/bin:/home/runner/.dotnet/tools:/usr/local/sbin:/usr/local/bin:/usr/sbin:/usr/bin:/sbin:/bin:/usr/games:/usr/local/games:/snap/bin HOME=/home/runner LANG=C.UTF-8 XDG_RUNTIME_DIR=/run/user/1001 DBUS_SESSION_BUS_ADDRESS=unix:path=/run/user/1001/bus GIT_TERMINAL_PROMPT=0 GIT_CONFIG_NOSYSTEM=1 GIT_CONFIG_GLOBAL=/dev/null COMPARATOR_BIN=/home/runner/work/_temp/nla-lean-tools/.tools/comparator/.lake/build/bin/comparator COMPARATOR_LEAN4EXPORT=/home/runner/work/_temp/nla-lean-tools/.tools/lean4export/.lake/build/bin/lean4export COMPARATOR_LANDRUN=/home/runner/work/_temp/nla-lean-tools/scripts/strict_landrun.py XDG_CACHE_HOME=/home/runner/work/_temp/nla-lean-tools/.tools/cache TMPDIR=/home/runner/work/_temp/nla-lean-tools/.verification-tmp lake env /home/runner/work/_temp/nla-lean-tools/.tools/comparator/.lake/build/bin/comparator comparator.json
2026-09-15T23:11:28.5414141Z Log: /home/runner/work/_temp/nla-lean-tools/logs/verify-20260915T231116Z-4006/negative-native.log
2026-09-15T23:11:28.5875205Z info: NlaAxiomFixture: no previous manifest, creating one from scratch
2026-09-15T23:11:28.5876324Z info: toolchain not updated; already up-to-date
2026-09-15T23:11:28.6517127Z Building Challenge
2026-09-15T23:11:29.3329589Z ✔ [2/3] Built Challenge (546ms)
2026-09-15T23:11:29.3333476Z Build completed successfully (3 jobs).
2026-09-15T23:11:30.0252205Z Exporting #[Quot, Quot.mk, Quot.lift, Quot.ind, checked, Classical.choice, Quot.sound, propext, Nat.add, Nat.sub, Nat.mul, Nat.pow, Nat.gcd, Nat.div, Nat.mod, Nat.beq, Nat.ble, Nat.land, Nat.lor, Nat.xor, Nat.shiftLeft, Nat.shiftRight, String.ofList, Char.ofNat, List, eagerReduce, Nat, String, String.mk, Char, optParam, autoParam, semiOutParam, outParam] from Challenge
2026-09-15T23:11:30.0253780Z Building Solution
2026-09-15T23:11:30.7143123Z ✔ [2/3] Built Solution (561ms)
2026-09-15T23:11:30.7145843Z Build completed successfully (3 jobs).
2026-09-15T23:11:31.4521950Z Exporting #[Quot, Quot.mk, Quot.lift, Quot.ind, checked, Classical.choice, Quot.sound, propext, Nat.add, Nat.sub, Nat.mul, Nat.pow, Nat.gcd, Nat.div, Nat.mod, Nat.beq, Nat.ble, Nat.land, Nat.lor, Nat.xor, Nat.shiftLeft, Nat.shiftRight, String.ofList, Char.ofNat, List, eagerReduce, Nat, String, String.mk, Char, optParam, autoParam, semiOutParam, outParam] from Solution
2026-09-15T23:11:31.4524273Z uncaught exception: Illegal axiom detected: 'checked._native.native_decide.ax_1_1'
2026-09-15T23:11:31.6686629Z Running lake env true
2026-09-15T23:11:31.6687455Z Log: /home/runner/work/_temp/nla-lean-tools/logs/verify-20260915T231116Z-4006/dependencies.log
2026-09-15T23:11:31.7133064Z info: leancert: cloning https://github.com/alerad/leancert
2026-09-15T23:11:32.5933349Z info: leancert: checking out revision '621a43d7cf21f87872392a01e874f2f1dbddc926'
2026-09-15T23:11:32.6181138Z info: mathlib: cloning https://github.com/leanprover-community/mathlib4.git
2026-09-15T23:12:03.7717339Z info: mathlib: checking out revision '0df444a360eaa60ab8c11dca51a86af692955474'
2026-09-15T23:12:05.3755064Z info: plausible: cloning https://github.com/leanprover-community/plausible
2026-09-15T23:12:05.8058717Z info: plausible: checking out revision 'b7eb3304aeae834b12dda98993a37f6a41f6f0bb'
2026-09-15T23:12:05.8137278Z info: LeanSearchClient: cloning https://github.com/leanprover-community/LeanSearchClient
2026-09-15T23:12:06.1773250Z info: LeanSearchClient: checking out revision '5f4d51b81cbd3f6b32b156bfad9056621a040404'
2026-09-15T23:12:06.1839599Z info: importGraph: cloning https://github.com/leanprover-community/import-graph
2026-09-15T23:12:06.6786611Z info: importGraph: checking out revision '16f02aa7642864af59f1ff0e384a015994db9118'
2026-09-15T23:12:06.6871959Z info: proofwidgets: cloning https://github.com/leanprover-community/ProofWidgets4
2026-09-15T23:12:07.7491750Z info: proofwidgets: checking out revision '4be2e3d5087eeb272cf5a8853b8f9dd025ef5957'
2026-09-15T23:12:08.2319476Z info: aesop: cloning https://github.com/leanprover-community/aesop
2026-09-15T23:12:09.1271004Z info: aesop: checking out revision '3448c0bcc5ce01b2d1546e483ec3620e32df3d0e'
2026-09-15T23:12:09.1372754Z info: Qq: cloning https://github.com/leanprover-community/quote4
2026-09-15T23:12:09.6441096Z info: Qq: checking out revision '92c15be17b7caf78c2ad767ec40f89052d908d81'
2026-09-15T23:12:09.6507643Z info: batteries: cloning https://github.com/leanprover-community/batteries
2026-09-15T23:12:12.0502123Z info: batteries: checking out revision '4488d40d070b9700d4d5a6aa342f0d40c31b2a2d'
2026-09-15T23:12:12.0677919Z info: Cli: cloning https://github.com/leanprover/lean4-cli
2026-09-15T23:12:12.5497104Z info: Cli: checking out revision '6130a47896ce867c6a4a55373441e59e565bad0f'
2026-09-15T23:12:12.6139297Z Running lake exe cache get
2026-09-15T23:12:12.6141709Z Log: /home/runner/work/_temp/nla-lean-tools/logs/verify-20260915T231116Z-4006/mathlib-cache.log
2026-09-15T23:12:13.5131848Z ✔ [1/5] Built Cache.Cli (261ms)
2026-09-15T23:12:13.5132588Z ✔ [2/5] Built Cache.Lean (284ms)
2026-09-15T23:12:13.8136777Z ✔ [6/26] Built Cache.Cli:c.o (148ms)
2026-09-15T23:12:13.8137734Z ✔ [7/26] Built Cache.Lean:c.o (167ms)
2026-09-15T23:12:14.0139590Z ✔ [8/26] Built Cache.Infra (361ms)
2026-09-15T23:12:14.2140933Z ✔ [9/26] Built Cache.Infra:c.o (164ms)
2026-09-15T23:12:14.3150202Z ✔ [10/26] Built Batteries.Tactic.OpenPrivate (682ms)
2026-09-15T23:12:15.3167961Z ✔ [11/26] Built Batteries.Tactic.OpenPrivate:c.o (968ms)
2026-09-15T23:12:15.4168698Z ✔ [12/26] Built Cache.IO (1.0s)
2026-09-15T23:12:15.9183973Z ✔ [13/26] Built Cache.Hashing (549ms)
2026-09-15T23:12:16.3181460Z ✔ [14/26] Built Cache.Hashing:c.o (340ms)
2026-09-15T23:12:16.8186716Z ✔ [15/26] Built Cache.IO:c.o (1.4s)
2026-09-15T23:12:17.5192610Z ✔ [16/26] Built Cache.Requests (1.6s)
2026-09-15T23:12:17.9234874Z ✔ [17/26] Built Cache.Marker (391ms)
2026-09-15T23:12:18.0206435Z ✔ [18/26] Built Cache.Marker:c.o (133ms)
2026-09-15T23:12:18.4215165Z ✔ [19/26] Built Cache.Query (464ms)
2026-09-15T23:12:18.7218815Z ✔ [20/26] Built Cache.Query:c.o (314ms)
2026-09-15T23:12:18.9283622Z ✔ [21/26] Built Cache.Warning (543ms)
2026-09-15T23:12:19.1237349Z ✔ [22/26] Built Cache.Warning:c.o (205ms)
2026-09-15T23:12:19.8243729Z ✔ [23/26] Built Cache.Main (898ms)
2026-09-15T23:12:19.9244396Z ✔ [24/26] Built Cache.Requests:c.o (2.4s)
2026-09-15T23:12:20.5250357Z ✔ [25/26] Built Cache.Main:c.o (734ms)
2026-09-15T23:12:21.0266613Z ✔ [26/26] Built cache:exe (506ms)
2026-09-15T23:12:22.6763244Z Current branch: HEAD
2026-09-15T23:12:22.6763696Z Using cache from origin: (some leanprover-community/mathlib4)
2026-09-15T23:12:22.6764607Z Attempting to download 8690 file(s) from leanprover-community/mathlib4 cache at https://lakecache.blob.core.windows.net/mathlib4-master
2026-09-15T23:12:23.5438548Z 
2026-09-15T23:12:23.6593879Z Downloaded: 1 file(s) [attempted 1/8690 = 0%, 36 KB/s], Decompressed: 0
2026-09-15T23:12:23.7594003Z Downloaded: 81 file(s) [attempted 81/8690 = 0%, 755 KB/s], Decompressed: 25
2026-09-15T23:12:23.8631408Z Downloaded: 404 file(s) [attempted 404/8690 = 4%, 3834 KB/s], Decompressed: 25
2026-09-15T23:12:23.9623119Z Downloaded: 697 file(s) [attempted 697/8690 = 8%, 11058 KB/s], Decompressed: 81
2026-09-15T23:12:24.0628306Z Downloaded: 800 file(s) [attempted 800/8690 = 9%, 212 KB/s], Decompressed: 81
2026-09-15T23:12:24.1628822Z Downloaded: 1113 file(s) [attempted 1113/8690 = 12%, 12740 KB/s], Decompressed: 81
2026-09-15T23:12:24.2636293Z Downloaded: 1435 file(s) [attempted 1435/8690 = 16%, 2599 KB/s], Decompressed: 81
2026-09-15T23:12:24.3632786Z Downloaded: 1736 file(s) [attempted 1736/8690 = 19%, 7416 KB/s], Decompressed: 81
2026-09-15T23:12:24.4663362Z Downloaded: 2064 file(s) [attempted 2064/8690 = 23%, 2531 KB/s], Decompressed: 81
2026-09-15T23:12:24.5668575Z Downloaded: 2458 file(s) [attempted 2458/8690 = 28%, 10851 KB/s], Decompressed: 81
2026-09-15T23:12:24.6664695Z Downloaded: 2808 file(s) [attempted 2808/8690 = 32%, 1897 KB/s], Decompressed: 81
2026-09-15T23:12:24.7663978Z Downloaded: 3116 file(s) [attempted 3116/8690 = 35%, 3253 KB/s], Decompressed: 81
2026-09-15T23:12:24.8664046Z Downloaded: 3570 file(s) [attempted 3570/8690 = 41%, 3642 KB/s], Decompressed: 81
2026-09-15T23:12:24.9681351Z Downloaded: 3899 file(s) [attempted 3899/8690 = 44%, 5500 KB/s], Decompressed: 81
2026-09-15T23:12:25.0683352Z Downloaded: 4290 file(s) [attempted 4290/8690 = 49%, 958 KB/s], Decompressed: 81
2026-09-15T23:12:25.1726500Z Downloaded: 4662 file(s) [attempted 4662/8690 = 53%, 1412 KB/s], Decompressed: 81
2026-09-15T23:12:25.2750425Z Downloaded: 5047 file(s) [attempted 5047/8690 = 58%, 5776 KB/s], Decompressed: 81
2026-09-15T23:12:25.3743980Z Downloaded: 5372 file(s) [attempted 5372/8690 = 61%, 1278 KB/s], Decompressed: 81
2026-09-15T23:12:25.4755401Z Downloaded: 5701 file(s) [attempted 5701/8690 = 65%, 2761 KB/s], Decompressed: 81
2026-09-15T23:12:25.5793243Z Downloaded: 5985 file(s) [attempted 5985/8690 = 68%, 1617 KB/s], Decompressed: 81
2026-09-15T23:12:25.6785114Z Downloaded: 6364 file(s) [attempted 6364/8690 = 73%, 9935 KB/s], Decompressed: 630
2026-09-15T23:12:25.7784114Z Downloaded: 6694 file(s) [attempted 6694/8690 = 77%, 1205 KB/s], Decompressed: 630
2026-09-15T23:12:25.8787653Z Downloaded: 6972 file(s) [attempted 6972/8690 = 80%, 8268 KB/s], Decompressed: 630
2026-09-15T23:12:25.9823014Z Downloaded: 7372 file(s) [attempted 7372/8690 = 84%, 4858 KB/s], Decompressed: 630
2026-09-15T23:12:26.0814427Z Downloaded: 7714 file(s) [attempted 7714/8690 = 88%, 11932 KB/s], Decompressed: 630
2026-09-15T23:12:26.1855847Z Downloaded: 8079 file(s) [attempted 8079/8690 = 92%, 1026 KB/s], Decompressed: 630
2026-09-15T23:12:26.9793176Z Downloaded: 8343 file(s) [attempted 8343/8690 = 96%, 2849 KB/s], Decompressed: 630
2026-09-15T23:12:27.0777585Z Downloaded: 8453 file(s) [attempted 8453/8690 = 97%, 14219 KB/s], Decompressed: 630
2026-09-15T23:12:27.1218546Z Downloaded: 8686 file(s) [attempted 8686/8690 = 99%, 1447 KB/s], Decompressed: 630
2026-09-15T23:12:27.1243096Z Downloaded: 8690 file(s) [attempted 8690/8690 = 100%, 1447 KB/s], Decompressed: 630
2026-09-15T23:12:58.9729026Z Decompressed 8690 file(s)
2026-09-15T23:12:58.9730251Z Already decompressed 8690 file(s)
2026-09-15T23:12:59.0347386Z Running systemd-run --user --quiet --wait --pipe --collect -p 'RestrictAddressFamilies=~AF_UNIX' --working-directory /home/runner/work/_temp/nla-lean-tools/.verification-tmp/nla-fresh-proof-01x0_sr3/project /usr/bin/env -i PATH=/home/runner/.elan/toolchains/leanprover--lean4---v4.33.1/bin:/home/runner/.elan/bin:/home/runner/go/bin:/opt/hostedtoolcache/go/1.27.1/x64/bin:/snap/bin:/home/runner/.local/bin:/opt/pipx_bin:/home/runner/.cargo/bin:/home/runner/.config/composer/vendor/bin:/usr/local/.ghcup/bin:/home/runner/.dotnet/tools:/usr/local/sbin:/usr/local/bin:/usr/sbin:/usr/bin:/sbin:/bin:/usr/games:/usr/local/games:/snap/bin HOME=/home/runner LANG=C.UTF-8 XDG_RUNTIME_DIR=/run/user/1001 DBUS_SESSION_BUS_ADDRESS=unix:path=/run/user/1001/bus GIT_TERMINAL_PROMPT=0 GIT_CONFIG_NOSYSTEM=1 GIT_CONFIG_GLOBAL=/dev/null COMPARATOR_BIN=/home/runner/work/_temp/nla-lean-tools/.tools/comparator/.lake/build/bin/comparator COMPARATOR_LEAN4EXPORT=/home/runner/work/_temp/nla-lean-tools/.tools/lean4export/.lake/build/bin/lean4export COMPARATOR_LANDRUN=/home/runner/work/_temp/nla-lean-tools/scripts/strict_landrun.py XDG_CACHE_HOME=/home/runner/work/_temp/nla-lean-tools/.tools/cache TMPDIR=/home/runner/work/_temp/nla-lean-tools/.verification-tmp lake env /home/runner/work/_temp/nla-lean-tools/.tools/comparator/.lake/build/bin/comparator comparator.json
2026-09-15T23:12:59.0351273Z Log: /home/runner/work/_temp/nla-lean-tools/logs/verify-20260915T231116Z-4006/comparator.log
2026-09-15T23:12:59.7310326Z Building Challenge
2026-09-15T23:13:02.9849238Z ✔ [3104/3106] Built NLA.IE04.Definitions (1.6s)
2026-09-15T23:13:04.5863386Z ⚠ [3105/3106] Built Challenge (1.5s)
2026-09-15T23:13:04.5863908Z warning: Challenge.lean:17:8: declaration uses `sorry`
2026-09-15T23:13:04.5864512Z warning: Challenge.lean:21:8: declaration uses `sorry`
2026-09-15T23:13:04.5864941Z warning: Challenge.lean:26:8: declaration uses `sorry`
2026-09-15T23:13:04.5865328Z warning: Challenge.lean:29:8: declaration uses `sorry`
2026-09-15T23:13:04.5865722Z warning: Challenge.lean:32:8: declaration uses `sorry`
2026-09-15T23:13:04.5866325Z warning: Challenge.lean:36:8: declaration uses `sorry`
2026-09-15T23:13:04.5866754Z warning: Challenge.lean:39:8: declaration uses `sorry`
2026-09-15T23:13:04.5867116Z warning: Challenge.lean:44:8: declaration uses `sorry`
2026-09-15T23:13:04.5867767Z warning: Challenge.lean:51:8: declaration uses `sorry`
2026-09-15T23:13:04.5868415Z warning: Challenge.lean:56:8: declaration uses `sorry`
2026-09-15T23:13:04.5869032Z warning: Challenge.lean:62:8: declaration uses `sorry`
2026-09-15T23:13:04.5869734Z warning: Challenge.lean:70:8: declaration uses `sorry`
2026-09-15T23:13:04.5870291Z warning: Challenge.lean:75:8: declaration uses `sorry`
2026-09-15T23:13:04.5870860Z warning: Challenge.lean:78:8: declaration uses `sorry`
2026-09-15T23:13:04.5871515Z warning: Challenge.lean:82:8: declaration uses `sorry`
2026-09-15T23:13:04.5872414Z warning: Challenge.lean:90:8: declaration uses `sorry`
2026-09-15T23:13:04.5873085Z warning: Challenge.lean:94:8: declaration uses `sorry`
2026-09-15T23:13:04.5873644Z warning: Challenge.lean:98:8: declaration uses `sorry`
2026-09-15T23:13:04.5874192Z warning: Challenge.lean:103:8: declaration uses `sorry`
2026-09-15T23:13:04.5875109Z warning: Challenge.lean:107:8: declaration uses `sorry`
2026-09-15T23:13:04.5898554Z warning: Challenge.lean:113:8: declaration uses `sorry`
2026-09-15T23:13:04.5911494Z Build completed successfully (3106 jobs).
2026-09-15T23:13:12.6936497Z Exporting #[Quot, Quot.mk, Quot.lift, Quot.ind, NLA.IE04.entryMax_semantics, NLA.IE04.firstPath_semantics, NLA.IE04.firstPath_admissibleRule, NLA.IE04.gaussianMatrix_probability, NLA.IE04.exceedanceEvent_measurable, NLA.IE04.witness_trajectory, NLA.IE04.witness_strict_growth, NLA.IE04.scalar_budgets, NLA.IE04.quotient_bounds, NLA.IE04.scalar_schur_error, NLA.IE04.full_box_robust, NLA.IE04.growth_on_box, NLA.IE04.standard_normal_density_lower, NLA.IE04.gaussian_interval_lower, NLA.IE04.gaussian_box_product, NLA.IE04.gaussian_box_probability, NLA.IE04.gaussian_box_in_actual_event, NLA.IE04.gepp_gaussian_tail_lower, NLA.IE04.contradiction_dimension, NLA.IE04.counterexample, NLA.IE04.not_uniformExponentialTail, propext, Classical.choice, Quot.sound, Nat.add, Nat.sub, Nat.mul, Nat.pow, Nat.gcd, Nat.div, Nat.mod, Nat.beq, Nat.ble, Nat.land, Nat.lor, Nat.xor, Nat.shiftLeft, Nat.shiftRight, String.ofList, Char.ofNat, List, eagerReduce, Nat, String, String.mk, Char, optParam, autoParam, semiOutParam, outParam] from Challenge
2026-09-15T23:13:12.6940924Z Building Solution
2026-09-15T23:13:17.1878180Z ✔ [3642/3675] Built LeanCert.Core.DerivativeIntervals (2.8s)
2026-09-15T23:13:17.3883880Z ✔ [3643/3675] Built LeanCert.Core.Interval (3.0s)
2026-09-15T23:13:19.1953598Z ✔ [3644/3682] Built LeanCert.Contrib.Sinc (4.8s)
2026-09-15T23:13:19.9946464Z ✔ [3645/3682] Built LeanCert.Core.Expr (5.6s)
2026-09-15T23:13:23.3965420Z ✔ [3646/3686] Built LeanCert.Core.Dyadic (4.2s)
2026-09-15T23:13:25.0986010Z ✔ [3647/3686] Built LeanCert.Tactic.Verification (5.1s)
2026-09-15T23:13:25.5999923Z ✔ [3648/3686] Built LeanCert.Core.Taylor (8.4s)
2026-09-15T23:13:26.0018735Z ✔ [3649/3686] Built LeanCert.Core.IntervalRat.Basic (8.6s)
2026-09-15T23:13:27.9025593Z ✔ [3650/3686] Built LeanCert.Core.IntervalRat.LogReduction (4.5s)
2026-09-15T23:13:28.1027752Z ✔ [3651/3686] Built LeanCert.Core.Support (3.1s)
2026-09-15T23:13:28.2045355Z ✔ [3652/3686] Built LeanCert.Tactic.LeanCert.Bridge.Environment (2.2s)
2026-09-15T23:13:28.8079900Z ✔ [3653/3686] Built LeanCert.Meta.Numeral (3.2s)
2026-09-15T23:13:30.3093884Z ✔ [3654/3687] Built LeanCert.Engine.Eval.Result (2.4s)
2026-09-15T23:13:30.9104594Z ✔ [3655/3687] Built LeanCert.Core.TrigReduction (2.8s)
2026-09-15T23:13:31.7128864Z ✔ [3656/3687] Built LeanCert.Tactic.IntervalAuto.Types (2.9s)
2026-09-15T23:13:32.3140156Z ✔ [3657/3687] Built LeanCert.Core.IntervalRat.Transcendental (4.1s)
2026-09-15T23:13:32.7142929Z ✔ [3658/3687] Built LeanCert.Tactic.NumericalRefinement (467ms)
2026-09-15T23:13:33.7176303Z ✔ [3659/3758] Built LeanCert.Tactic.IntervalAuto.Extract (2.8s)
2026-09-15T23:13:36.4225866Z ✔ [3681/3765] Built LeanCert.Tactic.IntervalAuto.Norm (3.7s)
2026-09-15T23:13:37.1257576Z ✔ [3683/3769] Built LeanCert.Meta.ToExpr (5.4s)
2026-09-15T23:13:41.2563875Z ℹ [3684/3769] Built NLA.IE04.Pivot (4.7s)
2026-09-15T23:13:41.2565204Z info: NLA/IE04/Pivot.lean:159:0: 'NLA.IE04.firstPivotIndex_spec_proved' depends on axioms: [propext, Classical.choice, Quot.sound]
2026-09-15T23:13:41.2567449Z info: NLA/IE04/Pivot.lean:161:0: 'NLA.IE04.firstPivotIndex_eq_of_firstAvailable_proved' depends on axioms: [propext, Classical.choice, Quot.sound]
2026-09-15T23:13:41.2570232Z info: NLA/IE04/Pivot.lean:163:0: 'NLA.IE04.firstPivotIndex_firstAvailable_proved' depends on axioms: [propext, Classical.choice, Quot.sound]
2026-09-15T23:13:41.2573125Z info: NLA/IE04/Pivot.lean:165:0: 'NLA.IE04.trajectory_firstPath_eq_proved' depends on axioms: [propext, Classical.choice, Quot.sound]
2026-09-15T23:13:41.2574654Z info: NLA/IE04/Pivot.lean:167:0: 'NLA.IE04.firstPath_eq_of_firstAvailable_proved' depends on axioms: [propext, Classical.choice, Quot.sound]
2026-09-15T23:13:41.7294902Z ℹ [3685/3769] Built NLA.IE04.Scalars (7.0s)
2026-09-15T23:13:41.7296315Z info: NLA/IE04/Scalars.lean:124:0: 'NLA.IE04.scalar_budgets' depends on axioms: [propext, Classical.choice, Quot.sound]
2026-09-15T23:13:41.7297555Z info: NLA/IE04/Scalars.lean:125:0: 'NLA.IE04.quotient_bounds' depends on axioms: [propext, Classical.choice, Quot.sound]
2026-09-15T23:13:41.7298645Z info: NLA/IE04/Scalars.lean:126:0: 'NLA.IE04.scalar_schur_error' depends on axioms: [propext, Classical.choice, Quot.sound]
2026-09-15T23:13:43.5332447Z ✔ [3686/3769] Built LeanCert.Tactic.IntervalAuto.Parse (6.4s)
2026-09-15T23:13:44.3335333Z ✔ [3687/3769] Built LeanCert.Tactic.LeanCert.Normalize (3.1s)
2026-09-15T23:13:45.8354518Z ⚠ [3688/3769] Built NLA.IE04.Asymptotics (4.1s)
2026-09-15T23:13:45.8362728Z warning: NLA/IE04/Asymptotics.lean:54:45: Variable name `hc₁` is not explicitly referenced.
2026-09-15T23:13:45.8363363Z 
2026-09-15T23:13:45.8363949Z Hint: The binding can be removed (if unused) or named `_` (if used implicitly). Alternatively, prefix the name with `_` to silence this warning:
2026-09-15T23:13:45.8364750Z   [apply] _hc₁
2026-09-15T23:13:45.8364888Z 
2026-09-15T23:13:45.8365166Z Note: This linter can be disabled with `set_option linter.unusedVariables false`
2026-09-15T23:13:45.8366615Z info: NLA/IE04/Asymptotics.lean:89:0: 'NLA.IE04.contradiction_dimension' depends on axioms: [propext, Classical.choice, Quot.sound]
2026-09-15T23:13:46.9400422Z ✔ [3689/3769] Built LeanCert.Tactic.IntervalAuto.Diagnostic (2.6s)
2026-09-15T23:13:46.9402047Z ℹ [3690/3769] Built NLA.IE04.GEPP (3.4s)
2026-09-15T23:13:46.9403562Z info: NLA/IE04/GEPP.lean:294:0: 'NLA.IE04.entryMax_semantics_proved' depends on axioms: [propext, Classical.choice, Quot.sound]
2026-09-15T23:13:46.9404846Z info: NLA/IE04/GEPP.lean:296:0: 'NLA.IE04.schurStep_bound_proved' depends on axioms: [propext, Classical.choice, Quot.sound]
2026-09-15T23:13:46.9406024Z info: NLA/IE04/GEPP.lean:298:0: 'NLA.IE04.gepp_growth_bound_proved' depends on axioms: [propext, Classical.choice, Quot.sound]
2026-09-15T23:13:46.9407192Z info: NLA/IE04/GEPP.lean:300:0: 'NLA.IE04.activeInjective_initial_proved' depends on axioms: [propext, Classical.choice, Quot.sound]
2026-09-15T23:13:46.9408436Z info: NLA/IE04/GEPP.lean:302:0: 'NLA.IE04.activeInjective_nonzero_column_proved' depends on axioms: [propext, Classical.choice, Quot.sound]
2026-09-15T23:13:46.9409590Z info: NLA/IE04/GEPP.lean:304:0: 'NLA.IE04.activeInjective_rowSwap_proved' depends on axioms: [propext, Classical.choice, Quot.sound]
2026-09-15T23:13:46.9410661Z info: NLA/IE04/GEPP.lean:306:0: 'NLA.IE04.schurStep_mulVec_proved' depends on axioms: [propext, Classical.choice, Quot.sound]
2026-09-15T23:13:46.9411767Z info: NLA/IE04/GEPP.lean:308:0: 'NLA.IE04.activeInjective_schur_proved' depends on axioms: [propext, Classical.choice, Quot.sound]
2026-09-15T23:13:46.9413033Z info: NLA/IE04/GEPP.lean:310:0: 'NLA.IE04.firstTrajectory_activeInjective_proved' depends on axioms: [propext, Classical.choice, Quot.sound]
2026-09-15T23:13:46.9414163Z info: NLA/IE04/GEPP.lean:312:0: 'NLA.IE04.firstPath_semantics_proved' depends on axioms: [propext, Classical.choice, Quot.sound]
2026-09-15T23:13:47.4424034Z ✔ [3691/3769] Built LeanCert.Core.IntervalRat.Taylor (17s)
2026-09-15T23:13:49.3429202Z ✔ [3692/3769] Built LeanCert.Core.IntervalReal (1.9s)
2026-09-15T23:13:49.8466845Z ✔ [3693/3769] Built LeanCert.Core.IntervalRat.TrigReduced (2.4s)
2026-09-15T23:13:50.0474338Z ℹ [3694/3769] Built NLA.IE04.StrictPivots (3.1s)
2026-09-15T23:13:50.0475913Z info: NLA/IE04/StrictPivots.lean:125:0: 'NLA.IE04.noSwap_nonsingular_of_pivots' depends on axioms: [propext, Classical.choice, Quot.sound]
2026-09-15T23:13:50.0477448Z info: NLA/IE04/StrictPivots.lean:127:0: 'NLA.IE04.strictNoSwap_path_unique' depends on axioms: [propext, Classical.choice, Quot.sound]
2026-09-15T23:13:50.0481907Z ℹ [3695/3769] Built NLA.IE04.Measurability (3.1s)
2026-09-15T23:13:50.0483310Z info: NLA/IE04/Measurability.lean:194:0: 'NLA.IE04.firstPath_admissibleRule_proved' depends on axioms: [propext, Classical.choice, Quot.sound]
2026-09-15T23:13:50.0484717Z info: NLA/IE04/Measurability.lean:196:0: 'NLA.IE04.gaussianMatrix_probability_proved' depends on axioms: [propext, Classical.choice, Quot.sound]
2026-09-15T23:13:50.0486070Z info: NLA/IE04/Measurability.lean:198:0: 'NLA.IE04.exceedanceEvent_measurable_proved' depends on axioms: [propext, Classical.choice, Quot.sound]
2026-09-15T23:13:54.2635159Z ✔ [3696/3769] Built LeanCert.Core.IntervalRealEndpoints (4.2s)
2026-09-15T23:13:54.7725943Z ⚠ [3697/3769] Built NLA.IE04.Witness (4.8s)
2026-09-15T23:13:54.7727525Z warning: NLA/IE04/Witness.lean:47:15: This simp argument is unused:
2026-09-15T23:13:54.7728171Z   Fin.val_mk
2026-09-15T23:13:54.7728461Z 
2026-09-15T23:13:54.7728737Z Hint: Omit it from the simp argument list.
2026-09-15T23:13:54.7729495Z   [apply] simp only at hv
2026-09-15T23:13:54.7729808Z 
2026-09-15T23:13:54.7730232Z Note: This linter can be disabled with `set_option linter.unusedSimpArgs false`
2026-09-15T23:13:54.7731062Z warning: NLA/IE04/Witness.lean:70:36: Variable name `hn` is not explicitly referenced.
2026-09-15T23:13:54.7731592Z 
2026-09-15T23:13:54.7732392Z Hint: The binding can be removed (if unused) or named `_` (if used implicitly). Alternatively, prefix the name with `_` to silence this warning:
2026-09-15T23:13:54.7733292Z   [apply] _hn
2026-09-15T23:13:54.7733560Z 
2026-09-15T23:13:54.7733985Z Note: This linter can be disabled with `set_option linter.unusedVariables false`
2026-09-15T23:13:54.7734976Z info: NLA/IE04/Witness.lean:144:0: 'NLA.IE04.witness_trajectory' depends on axioms: [propext, Classical.choice, Quot.sound]
2026-09-15T23:13:54.7736154Z info: NLA/IE04/Witness.lean:146:0: 'NLA.IE04.witness_strict_growth' depends on axioms: [propext, Classical.choice, Quot.sound]
2026-09-15T23:13:56.3736313Z ✔ [3698/3769] Built LeanCert.Engine.Affine.Basic (7.1s)
2026-09-15T23:13:57.5752678Z ✔ [3699/3769] Built LeanCert.Core.IntervalDyadic (7.8s)
2026-09-15T23:14:00.7895896Z ℹ [3700/3769] Built NLA.IE04.Robustness (5.0s)
2026-09-15T23:14:00.7897399Z info: NLA/IE04/Robustness.lean:180:0: 'NLA.IE04.full_box_robust' depends on axioms: [propext, Classical.choice, Quot.sound]
2026-09-15T23:14:00.7898522Z info: NLA/IE04/Robustness.lean:182:0: 'NLA.IE04.growth_on_box' depends on axioms: [propext, Classical.choice, Quot.sound]
2026-09-15T23:14:01.6910484Z ✔ [3701/3769] Built LeanCert.Engine.Affine.Nonlinear (5.3s)
2026-09-15T23:14:01.9910770Z ✔ [3702/3769] Built LeanCert.Engine.Eval.Core (7.7s)
2026-09-15T23:14:02.0914682Z ✔ [3703/3769] Built LeanCert.Core.DyadicCell (4.5s)
2026-09-15T23:14:03.6931493Z ✔ [3704/3769] Built LeanCert.Core.DyadicFrontier (1.6s)
2026-09-15T23:14:04.1947605Z ✔ [3705/3769] Built LeanCert.Engine.Eval.Extended (2.2s)
2026-09-15T23:14:05.5961990Z ✔ [3706/3769] Built LeanCert.Engine.Bounds.Lemmas (1.4s)
2026-09-15T23:14:06.8994239Z ✔ [3707/3769] Built LeanCert.Engine.IntervalEval (1.3s)
2026-09-15T23:14:09.3101277Z ✔ [3708/3769] Built LeanCert.Validity.Bounds.Core (2.5s)
2026-09-15T23:14:09.3102135Z ✔ [3709/3769] Built LeanCert.Validity.Bounds.Checked (2.4s)
2026-09-15T23:14:10.3198048Z ✔ [3710/3769] Built LeanCert.Engine.Affine.Transcendental (3.4s)
2026-09-15T23:14:12.3267647Z ✔ [3711/3769] Built LeanCert.Engine.Optimization.Box (2.0s)
2026-09-15T23:14:12.8273558Z ✔ [3712/3769] Built LeanCert.Engine.IntervalEvalDyadic (5.9s)
2026-09-15T23:14:13.9284847Z ✔ [3713/3769] Built LeanCert.Engine.RootFinding.Basic (4.7s)
2026-09-15T23:14:15.7309135Z ✔ [3714/3769] Built LeanCert.Engine.AD.Basic (2.9s)
2026-09-15T23:14:16.7321707Z ✔ [3715/3769] Built LeanCert.Engine.Integrate (6.4s)
2026-09-15T23:14:19.3456622Z ✔ [3716/3769] Built LeanCert.Validity.DyadicBounds (3.7s)
2026-09-15T23:14:19.8465843Z ✔ [3717/3769] Built LeanCert.Engine.IntervalEvalAffine (5.9s)
2026-09-15T23:14:20.6477673Z ✔ [3718/3769] Built LeanCert.Engine.TaylorModel.Core (8.3s)
2026-09-15T23:14:21.8515045Z ✔ [3719/3769] Built LeanCert.Engine.RootFinding.Bisection (5.1s)
2026-09-15T23:14:23.1535944Z ✔ [3720/3769] Built LeanCert.Engine.Affine.Environment (3.3s)
2026-09-15T23:14:23.2536794Z ✔ [3721/3769] Built LeanCert.Engine.AD.Transcendental (3.9s)
2026-09-15T23:14:23.5545042Z ✔ [3722/3769] Built LeanCert.Engine.TaylorModel.Integral (2.9s)
2026-09-15T23:14:24.1556006Z ✔ [3723/3769] Built LeanCert.Engine.TaylorModel.Special (2.3s)
2026-09-15T23:14:27.3645021Z ✔ [3724/3769] Built LeanCert.Engine.AD.Eval (3.3s)
2026-09-15T23:14:30.7704355Z ✔ [3725/3769] Built LeanCert.Engine.TaylorModel.ExpLog (7.5s)
2026-09-15T23:14:32.2711540Z ✔ [3726/3769] Built LeanCert.Engine.AD.Correctness (4.9s)
2026-09-15T23:14:33.5767153Z ✔ [3727/3769] Built LeanCert.Engine.TaylorModel.Trig (9.0s)
2026-09-15T23:14:34.5811480Z ✔ [3728/3769] Built LeanCert.Engine.TaylorModel.Hyperbolic (11s)
2026-09-15T23:14:35.2833641Z ✔ [3729/3769] Built LeanCert.Engine.AD.Computable (2.0s)
2026-09-15T23:14:36.6865628Z ✔ [3730/3769] Built LeanCert.Engine.TaylorModel.Functions (2.0s)
2026-09-15T23:14:37.1876548Z ✔ [3731/3769] Built LeanCert.Engine.AD.PartialCorrectness (4.9s)
2026-09-15T23:14:37.3886113Z ✔ [3732/3769] Built LeanCert.Engine.AD.DomainChecked (2.1s)
2026-09-15T23:14:39.7927609Z ✔ [3733/3769] Built LeanCert.Engine.TaylorModel.Expr (3.2s)
2026-09-15T23:14:40.2937949Z ✔ [3734/3769] Built LeanCert.Engine.AD.Dyadic (2.9s)
2026-09-15T23:14:41.1946760Z ✔ [3735/3769] Built LeanCert.Engine.TaylorModel (1.3s)
2026-09-15T23:14:41.5974889Z ✔ [3736/3769] Built LeanCert.Engine.AD (1.3s)
2026-09-15T23:14:44.5039929Z ✔ [3737/3769] Built LeanCert.Validity.Bounds.Smart (2.9s)
2026-09-15T23:14:44.9044825Z ✔ [3738/3769] Built LeanCert.Meta.ProveSupported (3.4s)
2026-09-15T23:14:44.9045612Z ✔ [3739/3769] Built LeanCert.Engine.IntervalEvalRefined (3.4s)
2026-09-15T23:14:46.8053403Z ✔ [3740/3769] Built LeanCert.Engine.Optimize (5.3s)
2026-09-15T23:14:47.2055703Z ✔ [3741/3769] Built LeanCert.Validity.Bounds.Bridge (2.7s)
2026-09-15T23:14:48.7206864Z ✔ [3742/3769] Built LeanCert.Meta.ProveContinuous (3.8s)
2026-09-15T23:14:49.7220090Z ✔ [3743/3769] Built LeanCert.Tactic.IntervalAuto.ProveCommon (4.8s)
2026-09-15T23:14:51.1235645Z ✔ [3744/3769] Built LeanCert.Validity.Bounds.Basic (2.5s)
2026-09-15T23:14:51.5244373Z ✔ [3745/3769] Built LeanCert.Engine.RootFinding.Newton (4.3s)
2026-09-15T23:14:52.4246937Z ✔ [3746/3769] Built LeanCert.Engine.Optimization.Gradient (5.6s)
2026-09-15T23:14:53.5260662Z ✔ [3747/3769] Built LeanCert.Tactic.IntervalAuto.Basic (2.4s)
2026-09-15T23:14:55.5337420Z ✔ [3748/3769] Built LeanCert.Validity.Integration (5.8s)
2026-09-15T23:14:58.4364859Z ✔ [3749/3769] Built LeanCert.Engine.RootFinding.MVTBounds (6.9s)
2026-09-15T23:14:59.6534361Z ✔ [3750/3769] Built LeanCert.Engine.RootFinding.Krawczyk (6.2s)
2026-09-15T23:15:03.5565341Z ✔ [3751/3769] Built LeanCert.Engine.RootFinding.Contraction (5.2s)
2026-09-15T23:15:05.0581192Z ✔ [3752/3769] Built LeanCert.Engine.RootFinding.Main (1.4s)
2026-09-15T23:15:07.7604756Z ✔ [3753/3769] Built LeanCert.Engine.Optimization.Global (15s)
2026-09-15T23:15:09.7646212Z ✔ [3754/3769] Built LeanCert.Engine.Optimization.BoundVerify (1.0s)
2026-09-15T23:15:11.2683929Z ✔ [3755/3769] Built LeanCert.Validity.Bounds (3.5s)
2026-09-15T23:15:14.3752609Z ✔ [3756/3769] Built LeanCert.Tactic.IntervalAuto.OptBound (3.2s)
2026-09-15T23:15:14.3753565Z ✔ [3757/3769] Built LeanCert.Tactic.IntervalAuto.RootBound (3.2s)
2026-09-15T23:15:15.7763282Z ✔ [3758/3769] Built LeanCert.Tactic.IntervalAuto.Multivariate (4.5s)
2026-09-15T23:15:21.9806856Z ✔ [3759/3769] Built LeanCert.Tactic.IntervalAuto.Bound (10s)
2026-09-15T23:15:25.9908176Z ✔ [3760/3769] Built LeanCert.Tactic.IntervalAuto.Subdiv (4.0s)
2026-09-15T23:15:26.7916570Z ✔ [3761/3769] Built LeanCert.Tactic.IntervalAuto.Adaptive (4.8s)
2026-09-15T23:15:28.5932051Z ✔ [3762/3769] Built LeanCert.Tactic.IntervalAuto.PointIneq (6.6s)
2026-09-15T23:15:30.1948345Z ✔ [3763/3769] Built LeanCert.Tactic.IntervalAuto (1.6s)
2026-09-15T23:15:32.5968779Z ℹ [3764/3769] Built NLA.IE04.GaussianDensity (2.4s)
2026-09-15T23:15:32.5969418Z info: NLA/IE04/GaussianDensity.lean:71:0: 'NLA.IE04.exp_neg_two_lower' depends on axioms: [propext, Classical.choice, Quot.sound]
2026-09-15T23:15:32.5970156Z info: NLA/IE04/GaussianDensity.lean:73:0: 'NLA.IE04.standard_normal_density_lower' depends on axioms: [propext, Classical.choice, Quot.sound]
2026-09-15T23:15:32.5970860Z info: NLA/IE04/GaussianDensity.lean:75:0: 'NLA.IE04.gaussian_interval_lower' depends on axioms: [propext, Classical.choice, Quot.sound]
2026-09-15T23:15:34.6017589Z ℹ [3765/3769] Built NLA.IE04.GaussianBox (1.0s)
2026-09-15T23:15:34.6018542Z info: NLA/IE04/GaussianBox.lean:106:0: 'NLA.IE04.gaussian_box_product' depends on axioms: [propext, Classical.choice, Quot.sound]
2026-09-15T23:15:34.6019510Z info: NLA/IE04/GaussianBox.lean:108:0: 'NLA.IE04.gaussian_box_probability' depends on axioms: [propext, Classical.choice, Quot.sound]
2026-09-15T23:15:36.4024141Z ℹ [3766/3769] Built NLA.IE04.ProbabilityTail (1.8s)
2026-09-15T23:15:36.4024913Z info: NLA/IE04/ProbabilityTail.lean:55:0: 'NLA.IE04.gaussian_box_in_actual_event' depends on axioms: [propext, Classical.choice, Quot.sound]
2026-09-15T23:15:36.4025745Z info: NLA/IE04/ProbabilityTail.lean:57:0: 'NLA.IE04.gepp_gaussian_tail_lower' depends on axioms: [propext, Classical.choice, Quot.sound]
2026-09-15T23:15:38.3040579Z ⚠ [3767/3769] Built NLA.IE04.Final (1.9s)
2026-09-15T23:15:38.3040955Z warning: NLA/IE04/Final.lean:27:2: Try this: 
2026-09-15T23:15:38.3043842Z   letI̵
2026-09-15T23:15:38.3043954Z 
2026-09-15T23:15:38.3044128Z The goal is a proposition, so `let` is preferred over `letI`.
2026-09-15T23:15:38.3044619Z The difference between `let` and `letI` is that `letI` inlines the value.
2026-09-15T23:15:38.3045157Z But this is not relevant for proofs because of proof irrelevance.
2026-09-15T23:15:38.3045484Z 
2026-09-15T23:15:38.3045734Z Note: This linter can be disabled with `set_option linter.style.haveILetI false`
2026-09-15T23:15:38.3046445Z info: NLA/IE04/Final.lean:70:0: 'NLA.IE04.counterexample' depends on axioms: [propext, Classical.choice, Quot.sound]
2026-09-15T23:15:38.3047322Z info: NLA/IE04/Final.lean:72:0: 'NLA.IE04.not_uniformExponentialTail' depends on axioms: [propext, Classical.choice, Quot.sound]
2026-09-15T23:15:40.1055538Z ℹ [3768/3769] Built Solution (1.8s)
2026-09-15T23:15:40.1056063Z info: Solution.lean:45:0: 'NLA.IE04.entryMax_semantics' depends on axioms: [propext, Classical.choice, Quot.sound]
2026-09-15T23:15:40.1056708Z info: Solution.lean:47:0: 'NLA.IE04.firstPath_semantics' depends on axioms: [propext, Classical.choice, Quot.sound]
2026-09-15T23:15:40.1057665Z info: Solution.lean:49:0: 'NLA.IE04.firstPath_admissibleRule' depends on axioms: [propext, Classical.choice, Quot.sound]
2026-09-15T23:15:40.1058599Z info: Solution.lean:51:0: 'NLA.IE04.gaussianMatrix_probability' depends on axioms: [propext, Classical.choice, Quot.sound]
2026-09-15T23:15:40.1059627Z info: Solution.lean:53:0: 'NLA.IE04.exceedanceEvent_measurable' depends on axioms: [propext, Classical.choice, Quot.sound]
2026-09-15T23:15:40.1060627Z info: Solution.lean:55:0: 'NLA.IE04.witness_trajectory' depends on axioms: [propext, Classical.choice, Quot.sound]
2026-09-15T23:15:40.1061528Z info: Solution.lean:57:0: 'NLA.IE04.witness_strict_growth' depends on axioms: [propext, Classical.choice, Quot.sound]
2026-09-15T23:15:40.1062514Z info: Solution.lean:59:0: 'NLA.IE04.scalar_budgets' depends on axioms: [propext, Classical.choice, Quot.sound]
2026-09-15T23:15:40.1063427Z info: Solution.lean:61:0: 'NLA.IE04.quotient_bounds' depends on axioms: [propext, Classical.choice, Quot.sound]
2026-09-15T23:15:40.1064157Z info: Solution.lean:63:0: 'NLA.IE04.scalar_schur_error' depends on axioms: [propext, Classical.choice, Quot.sound]
2026-09-15T23:15:40.1064867Z info: Solution.lean:65:0: 'NLA.IE04.full_box_robust' depends on axioms: [propext, Classical.choice, Quot.sound]
2026-09-15T23:15:40.1065578Z info: Solution.lean:67:0: 'NLA.IE04.growth_on_box' depends on axioms: [propext, Classical.choice, Quot.sound]
2026-09-15T23:15:40.1066558Z info: Solution.lean:69:0: 'NLA.IE04.standard_normal_density_lower' depends on axioms: [propext, Classical.choice, Quot.sound]
2026-09-15T23:15:40.1067332Z info: Solution.lean:71:0: 'NLA.IE04.gaussian_interval_lower' depends on axioms: [propext, Classical.choice, Quot.sound]
2026-09-15T23:15:40.1068079Z info: Solution.lean:73:0: 'NLA.IE04.gaussian_box_product' depends on axioms: [propext, Classical.choice, Quot.sound]
2026-09-15T23:15:40.1068819Z info: Solution.lean:75:0: 'NLA.IE04.gaussian_box_probability' depends on axioms: [propext, Classical.choice, Quot.sound]
2026-09-15T23:15:40.1069579Z info: Solution.lean:77:0: 'NLA.IE04.gaussian_box_in_actual_event' depends on axioms: [propext, Classical.choice, Quot.sound]
2026-09-15T23:15:40.1070333Z info: Solution.lean:79:0: 'NLA.IE04.gepp_gaussian_tail_lower' depends on axioms: [propext, Classical.choice, Quot.sound]
2026-09-15T23:15:40.1071244Z info: Solution.lean:81:0: 'NLA.IE04.contradiction_dimension' depends on axioms: [propext, Classical.choice, Quot.sound]
2026-09-15T23:15:40.1072000Z info: Solution.lean:83:0: 'NLA.IE04.counterexample' depends on axioms: [propext, Classical.choice, Quot.sound]
2026-09-15T23:15:40.1074448Z info: Solution.lean:85:0: 'NLA.IE04.not_uniformExponentialTail' depends on axioms: [propext, Classical.choice, Quot.sound]
2026-09-15T23:15:40.1125900Z Build completed successfully (3769 jobs).
2026-09-15T23:16:58.7682101Z Exporting #[Quot, Quot.mk, Quot.lift, Quot.ind, NLA.IE04.entryMax_semantics, NLA.IE04.firstPath_semantics, NLA.IE04.firstPath_admissibleRule, NLA.IE04.gaussianMatrix_probability, NLA.IE04.exceedanceEvent_measurable, NLA.IE04.witness_trajectory, NLA.IE04.witness_strict_growth, NLA.IE04.scalar_budgets, NLA.IE04.quotient_bounds, NLA.IE04.scalar_schur_error, NLA.IE04.full_box_robust, NLA.IE04.growth_on_box, NLA.IE04.standard_normal_density_lower, NLA.IE04.gaussian_interval_lower, NLA.IE04.gaussian_box_product, NLA.IE04.gaussian_box_probability, NLA.IE04.gaussian_box_in_actual_event, NLA.IE04.gepp_gaussian_tail_lower, NLA.IE04.contradiction_dimension, NLA.IE04.counterexample, NLA.IE04.not_uniformExponentialTail, propext, Classical.choice, Quot.sound, Nat.add, Nat.sub, Nat.mul, Nat.pow, Nat.gcd, Nat.div, Nat.mod, Nat.beq, Nat.ble, Nat.land, Nat.lor, Nat.xor, Nat.shiftLeft, Nat.shiftRight, String.ofList, Char.ofNat, List, eagerReduce, Nat, String, String.mk, Char, optParam, autoParam, semiOutParam, outParam] from Solution
2026-09-15T23:16:58.7685547Z Running Lean default kernel on solution.
2026-09-15T23:16:58.7685845Z Lean default kernel accepts the solution
2026-09-15T23:16:58.7686075Z Your solution is okay!
2026-09-15T23:17:01.4928931Z PASS: fresh Comparator run and all controls. Evidence: /home/runner/work/_temp/nla-lean-tools/logs/verify-20260915T231116Z-4006
2026-09-15T23:17:01.5087082Z Node 20 is being deprecated. This workflow is running with Node 24 by default. If you need to temporarily use Node 20, you can set the ACTIONS_ALLOW_USE_UNSECURE_NODE_VERSION=true environment variable. For more information see: https://github.blog/changelog/2025-09-19-deprecation-of-node-20-on-github-actions-runners/
2026-09-15T23:17:01.5088134Z ##[group]Run actions/upload-artifact@ea165f8d65b6e75b540449e92b4886f43607fa02
2026-09-15T23:17:01.5088441Z with:
2026-09-15T23:17:01.5088614Z   name: lean-IE-04
2026-09-15T23:17:01.5088839Z   path: /home/runner/work/_temp/nla-lean-tools/logs/
2026-09-15T23:17:01.5089096Z   if-no-files-found: warn
2026-09-15T23:17:01.5089294Z   compression-level: 6
2026-09-15T23:17:01.5089480Z   overwrite: false
2026-09-15T23:17:01.5089665Z   include-hidden-files: false
2026-09-15T23:17:01.5089860Z env:
2026-09-15T23:17:01.5090025Z   GOTOOLCHAIN: local
2026-09-15T23:17:01.5090216Z   XDG_RUNTIME_DIR: /run/user/1001
2026-09-15T23:17:01.5090509Z   DBUS_SESSION_BUS_ADDRESS: unix:path=/run/user/1001/bus
2026-09-15T23:17:01.5090758Z ##[endgroup]
2026-09-15T23:17:02.1655518Z (node:6882) [DEP0040] DeprecationWarning: The `punycode` module is deprecated. Please use a userland alternative instead.
2026-09-15T23:17:02.1656661Z (Use `node --trace-deprecation ...` to show where the warning was created)
2026-09-15T23:17:02.1746573Z With the provided path, there will be 13 files uploaded
2026-09-15T23:17:02.1750923Z Artifact name is valid!
2026-09-15T23:17:02.1751447Z Root directory input is valid!
2026-09-15T23:17:02.4473266Z Beginning upload of artifact content to blob storage
2026-09-15T23:17:02.4982075Z (node:6882) [DEP0169] DeprecationWarning: `url.parse()` behavior is not standardized and prone to errors that have security implications. Use the WHATWG URL API instead. CVEs are not issued for `url.parse()` vulnerabilities.
2026-09-15T23:17:02.6445634Z Uploaded bytes 20487
2026-09-15T23:17:02.6796751Z Finished uploading artifact content to blob storage!
2026-09-15T23:17:02.6798042Z SHA256 digest of uploaded artifact zip is 8822abbaa7066d6845df1e6b7e6597e36ec0efed09287eb710fd67263066f69c
2026-09-15T23:17:02.6799586Z Finalizing artifact upload
2026-09-15T23:17:02.8861767Z Artifact lean-IE-04.zip successfully finalized. Artifact ID 10423196054
2026-09-15T23:17:02.8862606Z Artifact lean-IE-04 has been successfully uploaded! Final size is 20487 bytes. Artifact ID is 10423196054
2026-09-15T23:17:02.8867790Z Artifact download URL: https://github.com/sgstepaniants/OpenProblemsInNLA/actions/runs/35034399633/artifacts/10423196054
2026-09-15T23:17:02.8990763Z Post job cleanup.
2026-09-15T23:17:03.0263262Z Node 20 is being deprecated. This workflow is running with Node 24 by default. If you need to temporarily use Node 20, you can set the ACTIONS_ALLOW_USE_UNSECURE_NODE_VERSION=true environment variable. For more information see: https://github.blog/changelog/2025-09-19-deprecation-of-node-20-on-github-actions-runners/
2026-09-15T23:17:03.0264245Z Post job cleanup.
2026-09-15T23:17:03.1088798Z [command]/usr/bin/git version
2026-09-15T23:17:03.1115310Z git version 2.55.0
2026-09-15T23:17:03.1141827Z Temporarily overriding HOME='/home/runner/work/_temp/3f3d52c9-a02c-4052-a57e-4d56acf582ae' before making global git config changes
2026-09-15T23:17:03.1143017Z Adding repository directory to the temporary git global config as a safe directory
2026-09-15T23:17:03.1146980Z [command]/usr/bin/git config --global --add safe.directory /home/runner/work/OpenProblemsInNLA/OpenProblemsInNLA
2026-09-15T23:17:03.1175137Z [command]/usr/bin/git config --local --name-only --get-regexp core\.sshCommand
2026-09-15T23:17:03.1203695Z [command]/usr/bin/git submodule foreach --recursive sh -c "git config --local --name-only --get-regexp 'core\.sshCommand' && git config --local --unset-all 'core.sshCommand' || :"
2026-09-15T23:17:03.1581551Z [command]/usr/bin/git config --local --name-only --get-regexp http\.https\:\/\/github\.com\/\.extraheader
2026-09-15T23:17:03.1605337Z [command]/usr/bin/git submodule foreach --recursive sh -c "git config --local --name-only --get-regexp 'http\.https\:\/\/github\.com\/\.extraheader' && git config --local --unset-all 'http.https://github.com/.extraheader' || :"
2026-09-15T23:17:03.1802982Z [command]/usr/bin/git config --local --name-only --get-regexp ^includeIf\.gitdir:
2026-09-15T23:17:03.1826376Z [command]/usr/bin/git submodule foreach --recursive git config --local --show-origin --name-only --get-regexp remote.origin.url
2026-09-15T23:17:03.2104323Z Cleaning up orphan processes
2026-09-15T23:17:03.2407136Z ##[warning]Node.js 20 is deprecated. The following actions target Node.js 20 but are being forced to run on Node.js 24: actions/checkout@11d5960a326750d5838078e36cf38b85af677262, actions/upload-artifact@ea165f8d65b6e75b540449e92b4886f43607fa02. For more information see: https://github.blog/changelog/2025-09-19-deprecation-of-node-20-on-github-actions-runners/
