n,k,nu,strategy,trial,seed,t,potential,expectation_upper_bound,kernel_trace,orthogonality_error,total_queries_in_run
48,1,2,random,0,722100,0,0.0,0.0,0.0,0.0,12
48,1,2,random,0,722100,1,0.0008306365043252085,0.16666666666666666,0.00041549078918178955,2.220446049250313e-16,12
48,1,2,random,0,722100,2,0.10231027773141663,0.3333333333333333,0.05386356073501186,2.0816681711721685e-17,12
48,1,2,random,0,722100,3,0.16407035138955392,0.5,0.08914860351136421,4.9572595468780185e-17,12
48,1,2,random,0,722100,4,0.17111855267502454,0.6666666666666666,0.09331570950606863,2.294807953668352e-16,12
48,1,2,random,0,722100,5,0.378735312937715,0.8333333333333334,0.2302182129765724,2.3551049819928596e-16,12
48,1,2,random,0,722100,6,0.3986537233132612,1.0,0.24490882008031264,2.357769515744974e-16,12
48,1,2,random,0,722100,7,0.3998712316301331,1.1666666666666667,0.2458163050872442,2.4600132275384993e-16,12
48,1,2,random,0,722100,8,0.40525686328283045,1.3333333333333333,0.24984383264208598,4.466966141179888e-16,12
48,1,2,random,0,722100,9,0.4267873502383009,1.5,0.266163389075748,4.46709308069249e-16,12
48,1,2,random,0,722100,10,0.4569061370710355,1.6666666666666667,0.28959032538574514,4.469716015002004e-16,12
48,1,2,random,0,722100,11,0.536358540852101,1.8333333333333333,0.35488472840977964,4.474840583866986e-16,12
48,1,2,random,0,722100,12,0.5404108006437925,2.0,0.35835597186132784,4.477015528783967e-16,12
48,1,2,random,1,722101,0,0.0,0.0,0.0,0.0,12
48,1,2,random,1,722101,1,0.032985985600699576,0.16666666666666666,0.01676802737642369,1.1102230246251565e-16,12
48,1,2,random,1,722101,2,0.03411114934082965,0.3333333333333333,0.017349803258072696,2.2339168529382264e-16,12
48,1,2,random,1,722101,3,0.10885620881845011,0.5,0.05750100567870727,2.2779320363763777e-16,12
48,1,2,random,1,722101,4,0.1664912002706883,0.6666666666666666,0.09057657099835849,2.6812014386330757e-16,12
48,1,2,random,1,722101,5,0.16699616786400054,0.8333333333333334,0.09087486833698817,2.6976358274144613e-16,12
48,1,2,random,1,722101,6,0.1706658731114141,1.0,0.09304718839120207,2.711059209717693e-16,12
48,1,2,random,1,722101,7,0.44363970756142135,1.1666666666666667,0.2791844579632041,3.2697987896154726e-16,12
48,1,2,random,1,722101,8,0.4718745529036266,1.3333333333333333,0.30149813994204133,5.908077347894219e-16,12
48,1,2,random,1,722101,9,0.5032688063602391,1.5,0.3270597196266216,5.909656193453631e-16,12
48,1,2,random,1,722101,10,0.5047779655511251,1.6666666666666667,0.3283088267175543,5.919139862829706e-16,12
48,1,2,random,1,722101,11,0.5137494046727962,1.8333333333333333,0.33577338276908486,5.919646177989848e-16,12
48,1,2,random,1,722101,12,0.5216469274737628,2.0,0.3424000548201832,5.927154067939104e-16,12
48,1,2,random,2,722102,0,0.0,0.0,0.0,0.0,12
48,1,2,random,2,722102,1,0.002838501112296493,0.16666666666666666,0.0014212667354803767,2.220446049250313e-16,12
48,1,2,random,2,722102,2,0.03455727155939951,0.3333333333333333,0.01758065599051649,4.85722573273506e-17,12
48,1,2,random,2,722102,3,0.03465545457807922,0.5,0.017631476116527794,1.350911572935701e-16,12
48,1,2,random,2,722102,4,0.035559786734365,0.6666666666666666,0.01809979863312435,3.4112168264027914e-16,12
48,1,2,random,2,722102,5,0.2944617360506601,0.8333333333333334,0.17120179836189622,3.4112745314853714e-16,12
48,1,2,random,2,722102,6,0.36247203676846634,1.0,0.21843852034948358,3.411466249712763e-16,12
48,1,2,random,2,722102,7,0.3854758200307459,1.1666666666666667,0.23515687988147138,3.447842165481255e-16,12
48,1,2,random,2,722102,8,0.39443081699106797,1.3333333333333333,0.2417697725312766,4.607669877492767e-16,12
48,1,2,random,2,722102,9,0.397807676312128,1.5,0.2442788587329972,4.610945325308057e-16,12
48,1,2,random,2,722102,10,0.4252545197173956,1.6666666666666667,0.2649898900662892,4.617602724061773e-16,12
48,1,2,random,2,722102,11,0.44694253787006644,1.8333333333333333,0.28176222662989164,4.619495706429661e-16,12
48,1,2,random,2,722102,12,0.45660544253405416,2.0,0.28935293558114544,4.623917030881677e-16,12
48,1,2,random,3,722103,0,0.0,0.0,0.0,0.0,12
48,1,2,random,3,722103,1,0.04160269166537205,0.16666666666666666,0.0212401051919024,0.0,12
48,1,2,random,3,722103,2,0.07417011141468885,0.3333333333333333,0.03849499910319654,0.0,12
48,1,2,random,3,722103,3,0.0759906077637435,0.5,0.03947622016673254,0.0,12
48,1,2,random,3,722103,4,0.07666298300407813,0.6666666666666666,0.039839072592745536,2.233727870894229e-16,12
48,1,2,random,3,722103,5,0.08050646348191061,0.8333333333333334,0.041917925986517245,2.240285162445527e-16,12
48,1,2,random,3,722103,6,0.10006101285510187,1.0,0.052619174882906884,2.2614838720364303e-16,12
48,1,2,random,3,722103,7,0.10795463139541275,1.1666666666666667,0.05699860187066328,2.3877466588515127e-16,12
48,1,2,random,3,722103,8,0.11935561761229442,1.3333333333333333,0.06338527325012844,2.790432788878305e-16,12
48,1,2,random,3,722103,9,0.13200831701892216,1.5,0.07055890496309294,2.7989439019611254e-16,12
48,1,2,random,3,722103,10,0.13598402978877752,1.6666666666666667,0.07283179847956417,2.843819480429611e-16,12
48,1,2,random,3,722103,11,0.1637243431880842,1.8333333333333333,0.0889447885255266,2.9792044459618894e-16,12
48,1,2,random,3,722103,12,0.185132335683414,2.0,0.10168883969927626,2.9803110756148084e-16,12
48,1,2,random,4,722104,0,0.0,0.0,0.0,0.0,12
48,1,2,random,4,722104,1,0.003884274551264788,0.16666666666666666,0.001945914061270639,0.0,12
48,1,2,random,4,722104,2,0.011831785234111327,0.3333333333333333,0.0059510288405223,2.229086047453109e-16,12
48,1,2,random,4,722104,3,0.017651649266611617,0.5,0.008904180169613021,2.2482862423773233e-16,12
48,1,2,random,4,722104,4,0.027489821919136306,0.6666666666666666,0.013935576649148212,2.498001805406602e-16,12
48,1,2,random,4,722104,5,0.06939659495939723,0.8333333333333334,0.03593060981057253,2.538904053899387e-16,12
48,1,2,random,4,722104,6,0.06952144012098836,1.0,0.03599752233092128,2.585781119762289e-16,12
48,1,2,random,4,722104,7,0.08629183609991085,1.1666666666666667,0.04506220977331778,2.585897384910383e-16,12
48,1,2,random,4,722104,8,0.08973356598256106,1.3333333333333333,0.04694139864384872,5.685808603142446e-16,12
48,1,2,random,4,722104,9,0.15365886400647208,1.5,0.0830465113087942,5.7252827052863805e-16,12
48,1,2,random,4,722104,10,0.1670792968682054,1.6666666666666667,0.0909239892180592,5.736661881148796e-16,12
48,1,2,random,4,722104,11,0.2562570700072709,1.8333333333333333,0.14604242075462864,5.736938017287671e-16,12
48,1,2,random,4,722104,12,0.2642473715121932,2.0,0.1512251727827576,5.779804066226758e-16,12
48,1,2,random,5,722105,0,0.0,0.0,0.0,0.0,12
48,1,2,random,5,722105,1,0.03844256945342924,0.16666666666666666,0.0195955226672305,1.1102230246251565e-16,12
48,1,2,random,5,722105,2,0.04022417300191241,0.3333333333333333,0.02052206101111312,3.8163916471489756e-17,12
48,1,2,random,5,722105,3,0.04740317611894504,0.5,0.024272336020769048,2.3235238276032073e-16,12
48,1,2,random,5,722105,4,0.1420370003735868,0.6666666666666666,0.0763096475462762,2.69830652670824e-16,12
48,1,2,random,5,722105,5,0.14203700594647137,0.8333333333333334,0.07630965075798354,2.7256616652410935e-16,12
48,1,2,random,5,722105,6,0.14327518690270938,1.0,0.07702366834271492,2.9989538934614543e-16,12
48,1,2,random,5,722105,7,0.15847851682711783,1.1666666666666667,0.0858633757732162,3.003987526160463e-16,12
48,1,2,random,5,722105,8,0.23060721872982054,1.3333333333333333,0.12968224375396098,3.421236948262349e-16,12
48,1,2,random,5,722105,9,0.3058820181878393,1.5,0.17891104939273542,3.423348585585285e-16,12
48,1,2,random,5,722105,10,0.35927336093029794,1.6666666666666667,0.21614413985920208,3.768602004205082e-16,12
48,1,2,random,5,722105,11,0.42210207263586846,1.8333333333333333,0.2625820971338916,3.76907715607561e-16,12
48,1,2,random,5,722105,12,0.4253144909727013,2.0,0.2650357688459832,3.769084960465108e-16,12
48,1,2,random,6,722106,0,0.0,0.0,0.0,0.0,12
48,1,2,random,6,722106,1,0.01558069301487544,0.16666666666666666,0.007851352432534101,2.220446049250313e-16,12
48,1,2,random,6,722106,2,0.021146486228850965,0.3333333333333333,0.01068582878101436,2.220988018052242e-16,12
48,1,2,random,6,722106,3,0.03101398094746036,0.5,0.01574996256598476,2.2862592937648205e-16,12
48,1,2,random,6,722106,4,0.11044652280470106,0.6666666666666666,0.05838831268675223,3.8031842429542176e-16,12
48,1,2,random,6,722106,5,0.11297161952865695,0.8333333333333334,0.05980007885874913,3.8064857197805476e-16,12
48,1,2,random,6,722106,6,0.22724313558629983,1.0,0.12756749941425666,3.830077167894962e-16,12
48,1,2,random,6,722106,7,0.22768847113769153,1.1666666666666667,0.12784703977265344,3.833895447715837e-16,12
48,1,2,random,6,722106,8,0.2368819649111034,1.3333333333333333,0.13364576203955095,4.066959782214409e-16,12
48,1,2,random,6,722106,9,0.24354643215721447,1.5,0.1378827765060857,4.0692937151362425e-16,12
48,1,2,random,6,722106,10,0.2600099166378282,1.6666666666666667,0.14847147395774982,4.070829571812009e-16,12
48,1,2,random,6,722106,11,0.26873663605741804,1.8333333333333333,0.15415526692479367,4.1013612332152424e-16,12
48,1,2,random,6,722106,12,0.26874256498713994,2.0,0.15415914537689607,4.156802135100919e-16,12
48,1,2,random,7,722107,0,0.0,0.0,0.0,0.0,12
48,1,2,random,7,722107,1,0.012787269731440022,0.16666666666666666,0.006434688232716235,0.0,12
48,1,2,random,7,722107,2,0.01478520772124494,0.3333333333333333,0.007447524791093598,2.7755575615628914e-17,12
48,1,2,random,7,722107,3,0.03725395916269221,0.5,0.01897829297741621,5.1017176284638794e-17,12
48,1,2,random,7,722107,4,0.06876718530745518,0.6666666666666666,0.03559339604591821,2.3588266817219465e-16,12
48,1,2,random,7,722107,5,0.1877365053487949,0.8333333333333334,0.10325778153230926,2.642101956921148e-16,12
48,1,2,random,7,722107,6,0.1967001544375989,1.0,0.10868948014788421,2.642104742171219e-16,12
48,1,2,random,7,722107,7,0.41415131509680103,1.1666666666666667,0.25654303116362626,2.702779811694806e-16,12
48,1,2,random,7,722107,8,0.4143700826789325,1.3333333333333333,0.2567085563584454,2.812514095795332e-16,12
48,1,2,random,7,722107,9,0.4315511510104915,1.5,0.2698219462200487,4.474142106514038e-16,12
48,1,2,random,7,722107,10,0.4339806488358953,1.6666666666666667,0.27169450072683315,4.484001343241533e-16,12
48,1,2,random,7,722107,11,0.49386527165127586,1.8333333333333333,0.3193188874797299,4.48738025075593e-16,12
48,1,2,random,7,722107,12,0.5330809609311338,2.0,0.35208736218911296,4.489080867149507e-16,12
48,1,2,krylov,0,722108,0,0.0,0.0,0.0,0.0,12
48,1,2,krylov,0,722108,1,0.01065512398987826,0.16666666666666666,0.005356045988684864,2.220446049250313e-16,12
48,1,2,krylov,0,722108,2,0.018214837678973476,0.3333333333333333,0.009190869829456595,1.249000902703301e-16,12
48,1,2,krylov,0,722108,3,0.025863740844289985,0.5,0.013100554824854437,2.2277075857014295e-16,12
48,1,2,krylov,0,722108,4,0.03227045039644284,0.6666666666666666,0.016398393919047995,2.5487546280658413e-16,12
48,1,2,krylov,0,722108,5,0.03942703552946437,0.8333333333333334,0.020107298704296266,2.574416568148454e-16,12
48,1,2,krylov,0,722108,6,0.04565827474223043,1.0,0.023358330156823,2.575982049499133e-16,12
48,1,2,krylov,0,722108,7,0.05311230498275102,1.1666666666666667,0.027274034736080584,2.630336251351587e-16,12
48,1,2,krylov,0,722108,8,0.06362078006574046,1.3333333333333333,0.03284409595931123,2.657442850932573e-16,12
48,1,2,krylov,0,722108,9,0.07807656527510277,1.5,0.04060271914642302,2.670577859652688e-16,12
48,1,2,krylov,0,722108,10,0.09155494800010815,1.6666666666666667,0.047938495643613126,3.7300574834905257e-16,12
48,1,2,krylov,0,722108,11,0.10923253336741337,1.8333333333333333,0.05771084647486076,3.7813990259024533e-16,12
48,1,2,krylov,0,722108,12,0.12576483355944004,2.0,0.06700772727260439,3.7946268193972837e-16,12
48,1,2,krylov,1,722109,0,0.0,0.0,0.0,0.0,12
48,1,2,krylov,1,722109,1,0.010754398624500101,0.16666666666666666,0.005406217515843143,2.220446049250313e-16,12
48,1,2,krylov,1,722109,2,0.02207773165274672,0.3333333333333333,0.01116162412885047,2.229086047453109e-16,12
48,1,2,krylov,1,722109,3,0.03582525584945619,0.5,0.018237356386056006,2.2323888096220477e-16,12
48,1,2,krylov,1,722109,4,0.04542602207378669,0.6666666666666666,0.023236792902313914,2.728090871230828e-16,12
48,1,2,krylov,1,722109,5,0.06796735286294518,0.8333333333333334,0.035165182343130194,2.7285265127044807e-16,12
48,1,2,krylov,1,722109,6,0.10270295375847152,1.0,0.054081092384508415,2.7306054707755956e-16,12
48,1,2,krylov,1,722109,7,0.13491467189594017,1.1666666666666667,0.07221956368199049,2.732899234528021e-16,12
48,1,2,krylov,1,722109,8,0.1699703228230724,1.3333333333333333,0.09263483767027214,4.61271808035246e-16,12
48,1,2,krylov,1,722109,9,0.19982990193292957,1.5,0.11059750879026432,4.613331623113469e-16,12
48,1,2,krylov,1,722109,10,0.2418885615589496,1.6666666666666667,0.13682612554307894,4.633331009002025e-16,12
48,1,2,krylov,1,722109,11,0.2624426929154486,1.8333333333333333,0.15005098049030668,4.640957422767804e-16,12
48,1,2,krylov,1,722109,12,0.2771981675992265,2.0,0.15971390648574607,4.643162688804392e-16,12
48,1,2,krylov,2,722110,0,0.0,0.0,0.0,0.0,12
48,1,2,krylov,2,722110,1,0.024188445322310008,0.16666666666666666,0.012241679398986084,0.0,12
48,1,2,krylov,2,722110,2,0.045870175725416615,0.3333333333333333,0.023469242052296665,1.3877787807814457e-17,12
48,1,2,krylov,2,722110,3,0.0634192065594679,0.5,0.03273669953109294,1.4466801230431164e-16,12
48,1,2,krylov,2,722110,4,0.08307788831990336,0.6666666666666666,0.04331322038004903,3.676014307824211e-16,12
48,1,2,krylov,2,722110,5,0.10101607418791166,0.8333333333333334,0.05314721220248299,3.7019392242565877e-16,12
48,1,2,krylov,2,722110,6,0.12349805701169438,1.0,0.06572390307504374,3.788861531098393e-16,12
48,1,2,krylov,2,722110,7,0.1540902213057221,1.1666666666666667,0.08329806692852533,3.791647726384744e-16,12
48,1,2,krylov,2,722110,8,0.19791202435506872,1.3333333333333333,0.1094275797679857,2.8495291144702456e-16,12
48,1,2,krylov,2,722110,9,0.2318829808803499,1.5,0.13048608117105337,3.0437454129571185e-16,12
48,1,2,krylov,2,722110,10,0.271616651345301,1.6666666666666667,0.15604195964202497,3.6627921244563945e-16,12
48,1,2,krylov,2,722110,11,0.3241414671382008,1.8333333333333333,0.19142146005661878,3.680914525626583e-16,12
48,1,2,krylov,2,722110,12,0.40053863806946277,2.0,0.24631423383375958,4.631258375161897e-16,12
48,1,2,krylov,3,722111,0,0.0,0.0,0.0,0.0,12
48,1,2,krylov,3,722111,1,0.05218584010270145,0.16666666666666666,0.02678576008032103,2.220446049250313e-16,12
48,1,2,krylov,3,722111,2,0.11034292104656296,0.3333333333333333,0.058330465672412214,0.0,12
48,1,2,krylov,3,722111,3,0.18652677549191612,0.5,0.10252844382234237,3.141717836627692e-17,12
48,1,2,krylov,3,722111,4,0.2801621373277334,0.6666666666666666,0.16167217923097577,5.853742512819964e-17,12
48,1,2,krylov,3,722111,5,0.3554167489824903,0.8333333333333334,0.21338756874226505,2.372741026964469e-16,12
48,1,2,krylov,3,722111,6,0.43649502909533905,1.0,0.2736372755595901,2.3970215673960863e-16,12
48,1,2,krylov,3,722111,7,0.5200045126144017,1.1666666666666667,0.34101762002910435,2.461474112694428e-16,12
48,1,2,krylov,3,722111,8,0.6050029177558116,1.3333333333333333,0.4156287760201718,2.736579531925512e-16,12
48,1,2,krylov,3,722111,9,0.6842232361349516,1.5,0.4911157557851305,2.9233669132726886e-16,12
48,1,2,krylov,3,722111,10,0.7541857486177785,1.6666666666666667,0.5629399089245272,2.926431066527333e-16,12
48,1,2,krylov,3,722111,11,0.8013920584047526,1.8333333333333333,0.6143205844021221,2.936669990142344e-16,12
48,1,2,krylov,3,722111,12,0.8528710717994472,2.0,0.6731868990875884,2.9611237436427426e-16,12
48,1,2,krylov,4,722112,0,0.0,0.0,0.0,0.0,12
48,1,2,krylov,4,722112,1,0.09427277668609857,0.16666666666666666,0.04942972413909813,0.0,12
48,1,2,krylov,4,722112,2,0.16295848696426568,0.3333333333333333,0.08849391416825299,1.1273073621278578e-16,12
48,1,2,krylov,4,722112,3,0.23049965178519047,0.5,0.12961451440169766,1.1639969812593604e-16,12
48,1,2,krylov,4,722112,4,0.32408350799985364,0.6666666666666666,0.19138138702586957,2.332699677772753e-16,12
48,1,2,krylov,4,722112,5,0.4267783644455561,0.8333333333333334,0.26615650452125655,2.380481683855221e-16,12
48,1,2,krylov,4,722112,6,0.5450746645007013,1.0,0.3623685771037466,2.3805412108216293e-16,12
48,1,2,krylov,4,722112,7,0.6242076643032916,1.1666666666666667,0.433383132876799,2.607489661544512e-16,12
48,1,2,krylov,4,722112,8,0.7033182146208438,1.3333333333333333,0.5102229348401199,3.4958613779066515e-16,12
48,1,2,krylov,4,722112,9,0.7579014013589661,1.5,0.5668967711213809,3.6128363506913953e-16,12
48,1,2,krylov,4,722112,10,0.7933310054646817,1.6666666666666667,0.605374094688269,3.7579989514174705e-16,12
48,1,2,krylov,4,722112,11,0.8450031219886195,1.8333333333333333,0.6639925412509118,3.764323027109606e-16,12
48,1,2,krylov,4,722112,12,0.9181267188790879,2.0,0.7522970918262749,3.7756245796925304e-16,12
48,1,2,krylov,5,722113,0,0.0,0.0,0.0,0.0,12
48,1,2,krylov,5,722113,1,0.024919185052377918,0.16666666666666666,0.012616131542386251,2.220446049250313e-16,12
48,1,2,krylov,5,722113,2,0.04350274159272615,0.3333333333333333,0.022231428899937202,2.229086047453109e-16,12
48,1,2,krylov,5,722113,3,0.06190686194893029,0.5,0.031931626981733165,2.2913607552454924e-16,12
48,1,2,krylov,5,722113,4,0.08796534567980167,0.6666666666666666,0.04597514028892633,2.6411637871196714e-16,12
48,1,2,krylov,5,722113,5,0.12170470951656343,0.8333333333333334,0.06471027269793801,2.6493842432813467e-16,12
48,1,2,krylov,5,722113,6,0.17504429188698029,1.0,0.0956494901618216,2.6516708675876934e-16,12
48,1,2,krylov,5,722113,7,0.21028477423022612,1.1666666666666667,0.11701471485238225,2.6880129917828616e-16,12
48,1,2,krylov,5,722113,8,0.24608532177762946,1.3333333333333333,0.13950434809098258,2.4667227225031577e-16,12
48,1,2,krylov,5,722113,9,0.29526089618621076,1.5,0.17173841047300137,2.4893756860846105e-16,12
48,1,2,krylov,5,722113,10,0.33243285619828794,1.6666666666666667,0.19717813683030633,2.704373386269086e-16,12
48,1,2,krylov,5,722113,11,0.36468050128003276,1.8333333333333333,0.22002691964155752,3.8579363377007576e-16,12
48,1,2,krylov,5,722113,12,0.40244183632817665,2.0,0.24773597027806096,3.8588848314211613e-16,12
48,1,2,krylov,6,722114,0,0.0,0.0,0.0,0.0,12
48,1,2,krylov,6,722114,1,0.01782717803582858,0.16666666666666666,0.00899351533422392,0.0,12
48,1,2,krylov,6,722114,2,0.048450067954213485,0.3333333333333333,0.02482147984574545,6.938893903907228e-18,12
48,1,2,krylov,6,722114,3,0.07178595786702877,0.5,0.03721267357857671,2.2640624640889946e-16,12
48,1,2,krylov,6,722114,4,0.09012814805470873,0.6666666666666666,0.04715725449789342,2.3871827645593887e-16,12
48,1,2,krylov,6,722114,5,0.10491547518158198,0.8333333333333334,0.05530836585532186,2.3872739646645324e-16,12
48,1,2,krylov,6,722114,6,0.13044799512660948,1.0,0.06966934359434154,2.484199485298511e-16,12
48,1,2,krylov,6,722114,7,0.14857878550750558,1.1666666666666667,0.08009209993739332,2.511381685525465e-16,12
48,1,2,krylov,6,722114,8,0.16672799277642206,1.3333333333333333,0.09071643166275774,3.346986389705717e-16,12
48,1,2,krylov,6,722114,9,0.18906575663532726,1.5,0.10406019590153856,3.34707698418984e-16,12
48,1,2,krylov,6,722114,10,0.22168603643642898,1.6666666666666667,0.12408971673823217,3.3518052945220735e-16,12
48,1,2,krylov,6,722114,11,0.27259405090282873,1.8333333333333333,0.15668348822690478,3.3549114699318566e-16,12
48,1,2,krylov,6,722114,12,0.33637671314128204,2.0,0.19993313675760402,3.366450550052962e-16,12
48,1,2,krylov,7,722115,0,0.0,0.0,0.0,0.0,12
48,1,2,krylov,7,722115,1,0.028070026820512108,0.16666666666666666,0.01423385111149641,0.0,12
48,1,2,krylov,7,722115,2,0.056697221773484324,0.3333333333333333,0.029167660493896866,2.7755575615628914e-17,12
48,1,2,krylov,7,722115,3,0.0948100024733325,0.5,0.04972497125525989,2.267775676134279e-16,12
48,1,2,krylov,7,722115,4,0.1333890817937934,0.6666666666666666,0.07134725673998674,2.5634617520795607e-16,12
48,1,2,krylov,7,722115,5,0.16898983960141425,0.8333333333333334,0.09205405392625238,2.5637295636449313e-16,12
48,1,2,krylov,7,722115,6,0.19731621518214876,1.0,0.10906458537416248,2.572020976255773e-16,12
48,1,2,krylov,7,722115,7,0.2338241450722514,1.1666666666666667,0.13171114681741522,2.5745320449055573e-16,12
48,1,2,krylov,7,722115,8,0.2525672884127258,1.3333333333333333,0.14366305768574572,4.516922384061449e-16,12
48,1,2,krylov,7,722115,9,0.2664648504811374,1.5,0.15267085319801546,4.555286664699497e-16,12
48,1,2,krylov,7,722115,10,0.2898665838963894,1.6666666666666667,0.16812459948542083,4.579892506376521e-16,12
48,1,2,krylov,7,722115,11,0.31697630314018965,1.8333333333333333,0.1864850182307443,4.589434252320579e-16,12
48,1,2,krylov,7,722115,12,0.3440420272158495,2.0,0.20531895972311304,4.591492751346436e-16,12
48,1,2,reply_null,0,722116,0,0.0,0.0,0.0,0.0,12
48,1,2,reply_null,0,722116,1,0.061957513081791295,0.16666666666666666,0.031958570603600994,0.0,12
48,1,2,reply_null,0,722116,2,0.11690132562062527,0.3333333333333333,0.06200425668792909,1.249000902703301e-16,12
48,1,2,reply_null,0,722116,3,0.17816834784552094,0.5,0.0975132422178125,1.397689743301208e-16,12
48,1,2,reply_null,0,722116,4,0.18701719564921698,0.6666666666666666,0.10282400838602598,2.3700342652467173e-16,12
48,1,2,reply_null,0,722116,5,0.1874863874495628,0.8333333333333334,0.1031069148313146,2.3703926925405306e-16,12
48,1,2,reply_null,0,722116,6,0.18819597434948165,1.0,0.10353502346950692,2.370571899390047e-16,12
48,1,2,reply_null,0,722116,7,0.19931987023149644,1.1666666666666667,0.11028616410854335,2.385680183878688e-16,12
48,1,2,reply_null,0,722116,8,0.36439754388098644,1.3333333333333333,0.2198232115188517,2.857789623770518e-16,12
48,1,2,reply_null,0,722116,9,0.36478542676087544,1.5,0.22010247277597558,2.8599417915417326e-16,12
48,1,2,reply_null,0,722116,10,0.36480064020064196,1.6666666666666667,0.22011342809490472,2.891666284525477e-16,12
48,1,2,reply_null,0,722116,11,0.36801640401362257,1.8333333333333333,0.22243287018838373,2.9729256203571594e-16,12
48,1,2,reply_null,0,722116,12,0.3856128879512635,2.0,0.23525765321248868,2.974881103675793e-16,12
48,1,2,reply_null,1,722117,0,0.0,0.0,0.0,0.0,12
48,1,2,reply_null,1,722117,1,0.0018042465537482226,0.16666666666666666,0.0009029375929494513,0.0,12
48,1,2,reply_null,1,722117,2,0.0018320977399230833,0.3333333333333333,0.0009168885281940122,2.0816681711721685e-17,12
48,1,2,reply_null,1,722117,3,0.02186331797060881,0.5,0.011052035831888438,5.151732444043413e-17,12
48,1,2,reply_null,1,722117,4,0.04662620535345853,0.6666666666666666,0.02386514994884901,4.4945756789338e-16,12
48,1,2,reply_null,1,722117,5,0.15696166905801182,0.8333333333333334,0.08497538386320705,4.494668725154176e-16,12
48,1,2,reply_null,1,722117,6,0.28134424224592236,1.0,0.16245480765159082,4.560354773935344e-16,12
48,1,2,reply_null,1,722117,7,0.2818462773766194,1.1666666666666667,0.16278746673381678,4.560506607382932e-16,12
48,1,2,reply_null,1,722117,8,0.3022347919245671,1.3333333333333333,0.17643941722370154,2.8383568817790582e-16,12
48,1,2,reply_null,1,722117,9,0.30321235715622674,1.5,0.17710100419882965,3.27208124807498e-16,12
48,1,2,reply_null,1,722117,10,0.3453272196434874,1.6666666666666667,0.20622601305340457,3.314040755163597e-16,12
48,1,2,reply_null,1,722117,11,0.39801410693240324,1.8333333333333333,0.24443251653875567,3.3140541868283735e-16,12
48,1,2,reply_null,1,722117,12,0.404135752160088,2.0,0.2490036454406015,3.7482471511602496e-16,12
48,1,2,reply_null,2,722118,0,0.0,0.0,0.0,0.0,12
48,1,2,reply_null,2,722118,1,0.03349608019218692,0.16666666666666666,0.017031695194288758,0.0,12
48,1,2,reply_null,2,722118,2,0.46611015774272235,0.3333333333333333,0.29689127858383424,2.222612340138749e-16,12
48,1,2,reply_null,2,722118,3,0.4661107423458173,0.5,0.2968917444490782,4.446916453803793e-16,12
48,1,2,reply_null,2,722118,4,0.49595053339731654,0.6666666666666666,0.3210291643813636,2.783897175105712e-16,12
48,1,2,reply_null,2,722118,5,0.5255547697218697,0.8333333333333334,0.34569846197407045,2.9780893047864273e-16,12
48,1,2,reply_null,2,722118,6,0.533716689057156,1.0,0.3526292303132382,3.006324856017249e-16,12
48,1,2,reply_null,2,722118,7,0.5563959108525607,1.1666666666666667,0.3721871385168293,3.0089653681762413e-16,12
48,1,2,reply_null,2,722118,8,0.5631009010469064,1.3333333333333333,0.3780547940319516,3.125147520235493e-16,12
48,1,2,reply_null,2,722118,9,0.5632864431640116,1.5,0.3782177252922086,3.169568484123047e-16,12
48,1,2,reply_null,2,722118,10,0.5648240538808634,1.6666666666666667,0.3795691209723347,3.458689065002631e-16,12
48,1,2,reply_null,2,722118,11,0.6376362249473867,1.8333333333333333,0.4460016595859999,3.574966873653614e-16,12
48,1,2,reply_null,2,722118,12,0.6885004868262821,2.0,0.495364085445353,3.576831451459569e-16,12
48,1,2,reply_null,3,722119,0,0.0,0.0,0.0,0.0,12
48,1,2,reply_null,3,722119,1,0.0007416466627411071,0.16666666666666666,0.00037096087531457076,4.440892098500626e-16,12
48,1,2,reply_null,3,722119,2,0.030160097144921818,0.3333333333333333,0.015309759994459387,4.444359379754512e-16,12
48,1,2,reply_null,3,722119,3,0.030269709932480723,0.5,0.015366247629535701,4.444458134916571e-16,12
48,1,2,reply_null,3,722119,4,0.044291302230560325,0.6666666666666666,0.022643402460326523,4.480095430775761e-16,12
48,1,2,reply_null,3,722119,5,0.049269300344709784,0.8333333333333334,0.025251606764158566,4.481928832830752e-16,12
48,1,2,reply_null,3,722119,6,0.04931342765323613,1.0,0.025274785215261924,4.491505472476098e-16,12
48,1,2,reply_null,3,722119,7,0.0574805645928677,1.1666666666666667,0.029582342578906434,4.526887531424251e-16,12
48,1,2,reply_null,3,722119,8,0.07958820733801558,1.3333333333333333,0.04142053492264317,4.737862580281245e-16,12
48,1,2,reply_null,3,722119,9,0.11070569591676271,1.5,0.058533050678777954,4.789318276602963e-16,12
48,1,2,reply_null,3,722119,10,0.15798114523035,1.6666666666666667,0.08557205642351055,4.789337723798788e-16,12
48,1,2,reply_null,3,722119,11,0.1832969729169013,1.8333333333333333,0.10058553519757919,4.797828912184587e-16,12
48,1,2,reply_null,3,722119,12,0.3672466991702161,2.0,0.22187702405533644,4.822551093524047e-16,12
48,1,2,reply_null,4,722120,0,0.0,0.0,0.0,0.0,12
48,1,2,reply_null,4,722120,1,0.005179448035067304,0.16666666666666666,0.0025964422819797772,0.0,12
48,1,2,reply_null,4,722120,2,0.008941533111483256,0.3333333333333333,0.004490814016466404,3.469446951953614e-18,12
48,1,2,reply_null,4,722120,3,0.04059901784656879,0.5,0.02071721259571079,2.263520630554534e-16,12
48,1,2,reply_null,4,722120,4,0.2544639749006239,0.6666666666666666,0.14488504320539636,4.510235693327717e-16,12
48,1,2,reply_null,4,722120,5,0.25758315103449253,0.8333333333333334,0.1468996936325954,4.510240490220188e-16,12
48,1,2,reply_null,4,722120,6,0.27919983346847205,1.0,0.1610357558048076,4.510315083267468e-16,12
48,1,2,reply_null,4,722120,7,0.32005125244715354,1.1666666666666667,0.18859917365634088,4.51042549096072e-16,12
48,1,2,reply_null,4,722120,8,0.3230392945257717,1.3333333333333333,0.19065981406947557,4.50320651701628e-16,12
48,1,2,reply_null,4,722120,9,0.3335349826393673,1.5,0.19794693886975653,4.505638199790607e-16,12
48,1,2,reply_null,4,722120,10,0.33478563789453125,1.6666666666666667,0.19882037594716695,4.508947492556876e-16,12
48,1,2,reply_null,4,722120,11,0.37661154385509077,1.8333333333333333,0.22866904373343508,4.50995619943691e-16,12
48,1,2,reply_null,4,722120,12,0.4182785827143807,2.0,0.2596719391962826,4.52419829266832e-16,12
48,1,2,reply_null,5,722121,0,0.0,0.0,0.0,0.0,12
48,1,2,reply_null,5,722121,1,0.1204588815143005,0.16666666666666666,0.0640071788849642,0.0,12
48,1,2,reply_null,5,722121,2,0.13579815908865814,0.3333333333333333,0.07272533572658982,6.938893903907228e-18,12
48,1,2,reply_null,5,722121,3,0.14522752958384394,0.5,0.0781513166982695,2.2749572205127213e-16,12
48,1,2,reply_null,5,722121,4,0.23329811942131448,0.6666666666666666,0.1313789379330641,2.320776450619597e-16,12
48,1,2,reply_null,5,722121,5,0.2336982931011503,0.8333333333333334,0.13163164972695923,2.326925153411944e-16,12
48,1,2,reply_null,5,722121,6,0.24963732274507092,1.0,0.1417799071555787,2.4245049838244445e-16,12
48,1,2,reply_null,5,722121,7,0.2504026233611304,1.1666666666666667,0.14227124970229535,2.5179739888616503e-16,12
48,1,2,reply_null,5,722121,8,0.25511853053697753,1.3333333333333333,0.14530729452364083,3.5278467200688106e-16,12
48,1,2,reply_null,5,722121,9,0.37354266964291866,1.5,0.22643627788702425,3.9586869003080536e-16,12
48,1,2,reply_null,5,722121,10,0.44159362544741365,1.6666666666666667,0.27759181247760156,3.967090251073508e-16,12
48,1,2,reply_null,5,722121,11,0.4577547410593814,1.8333333333333333,0.29026065926880273,3.9898915431968365e-16,12
48,1,2,reply_null,5,722121,12,0.4612160308366215,2.0,0.2930007197461309,6.803213952938496e-16,12
48,1,2,reply_null,6,722122,0,0.0,0.0,0.0,0.0,12
48,1,2,reply_null,6,722122,1,0.012924486202706358,0.16666666666666666,0.006504184181447751,1.1102230246251565e-16,12
48,1,2,reply_null,6,722122,2,0.02018510647063493,0.3333333333333333,0.010195101687759832,2.3199484786057685e-16,12
48,1,2,reply_null,6,722122,3,0.02847573336099654,0.5,0.014442521474834229,2.331019652778618e-16,12
48,1,2,reply_null,6,722122,4,0.029513358211864425,0.6666666666666666,0.014976596856485454,2.4863740144947024e-16,12
48,1,2,reply_null,6,722122,5,0.2968523212020248,0.8333333333333334,0.17280828286855865,2.5636953444206644e-16,12
48,1,2,reply_null,6,722122,6,0.3321988964373214,1.0,0.1970150442793534,2.6598629834185696e-16,12
48,1,2,reply_null,6,722122,7,0.33489502125510706,1.1666666666666667,0.19889681944907414,2.660736877956876e-16,12
48,1,2,reply_null,6,722122,8,0.3853708555464797,1.3333333333333333,0.23507971856838916,2.667120592230925e-16,12
48,1,2,reply_null,6,722122,9,0.3939770460853103,1.5,0.2414332553463597,2.982866368012522e-16,12
48,1,2,reply_null,6,722122,10,0.41283129690843473,1.6666666666666667,0.2555450394307405,3.135082292764864e-16,12
48,1,2,reply_null,6,722122,11,0.43799333027360593,1.8333333333333333,0.2747972860066123,3.147898855769348e-16,12
48,1,2,reply_null,6,722122,12,0.48566430752003176,2.0,0.312627159486839,3.1514167069028033e-16,12
48,1,2,reply_null,7,722123,0,0.0,0.0,0.0,0.0,12
48,1,2,reply_null,7,722123,1,0.04081792602676351,0.16666666666666666,0.02083121433061704,0.0,12
48,1,2,reply_null,7,722123,2,0.0421411307425704,0.3333333333333333,0.02152083680479367,6.938893903907228e-18,12
48,1,2,reply_null,7,722123,3,0.045724060412860056,0.5,0.023392760768059843,2.2315133689595495e-16,12
48,1,2,reply_null,7,722123,4,0.08609539028443612,0.6666666666666666,0.044955145099582254,3.3842746901931353e-16,12
48,1,2,reply_null,7,722123,5,0.08877140830147846,0.8333333333333334,0.04641540785965582,3.4202658509253874e-16,12
48,1,2,reply_null,7,722123,6,0.10606098308562688,1.0,0.05594484045133373,3.617716375914965e-16,12
48,1,2,reply_null,7,722123,7,0.11010326866054197,1.1666666666666667,0.05819667647621581,3.6348746365290106e-16,12
48,1,2,reply_null,7,722123,8,0.14385929274986725,1.3333333333333333,0.07736080969487438,4.68655177096584e-16,12
48,1,2,reply_null,7,722123,9,0.14894677197353653,1.5,0.08030560526034707,4.688001898480882e-16,12
48,1,2,reply_null,7,722123,10,0.14935263850474775,1.6666666666666667,0.08054117968604996,5.696205421434688e-16,12
48,1,2,reply_null,7,722123,11,0.1557387123981568,1.8333333333333333,0.08426042159470377,5.699198792196431e-16,12
48,1,2,reply_null,7,722123,12,0.17885655637198683,2.0,0.09792459745863946,5.69935657669033e-16,12
48,1,8,random,0,722124,0,0.0,0.0,0.0,0.0,12
48,1,8,random,0,722124,1,0.4666894680737471,0.6666666666666666,0.07433826491964655,0.0,12
48,1,8,random,0,722124,2,0.6079586737392355,1.3333333333333333,0.10458478872237538,2.2294566903743394e-16,12
48,1,8,random,0,722124,3,0.6382367876797087,2.0,0.11164249089036876,2.2376317468156193e-16,12
48,1,8,random,0,722124,4,0.6668691227554155,2.6666666666666665,0.11851605144882026,2.3866683694876537e-16,12
48,1,8,random,0,722124,5,0.6670665578835229,3.3333333333333335,0.1185641348181511,2.5770837801385625e-16,12
48,1,8,random,0,722124,6,0.6840651243345741,4.0,0.12273976526914213,2.651368936329509e-16,12
48,1,8,random,0,722124,7,0.6953022622831413,4.666666666666667,0.12553935139522016,2.6583138349059386e-16,12
48,1,8,random,0,722124,8,0.7997895883157544,5.333333333333333,0.15313408724245786,2.6388625944336147e-16,12
48,1,8,random,0,722124,9,0.8041823139446692,6.0,0.15435854135231203,4.500052498308706e-16,12
48,1,8,random,0,722124,10,0.804363448386466,6.666666666666667,0.15440914738887077,4.553870665081239e-16,12
48,1,8,random,0,722124,11,0.8728725484161944,7.333333333333333,0.17422215347386472,4.822402964875152e-16,12
48,1,8,random,0,722124,12,1.0233398317951174,8.0,0.22280903150150347,5.276415547893046e-16,12
48,1,8,random,1,722125,0,0.0,0.0,0.0,0.0,12
48,1,8,random,1,722125,1,0.1405274504667129,0.6666666666666666,0.018860083917850063,0.0,12
48,1,8,random,1,722125,2,0.1748993647743976,1.3333333333333333,0.023890792664067663,2.2898349882893854e-16,12
48,1,8,random,1,722125,3,0.3620133628806181,2.0,0.054527266730448325,4.451424626139466e-16,12
48,1,8,random,1,722125,4,0.37426488301199284,2.6666666666666665,0.05674027734401033,2.300053449322193e-16,12
48,1,8,random,1,722125,5,0.5014825120725096,3.3333333333333335,0.08139591657478584,2.3653288175673155e-16,12
48,1,8,random,1,722125,6,0.7061759081592285,4.0,0.12827849281848977,2.422631678056043e-16,12
48,1,8,random,1,722125,7,0.8154724868085886,4.666666666666667,0.15753041940829443,2.510926875540987e-16,12
48,1,8,random,1,722125,8,0.8822686737767043,5.333333333333333,0.17704693254506554,4.573808268863892e-16,12
48,1,8,random,1,722125,9,0.9077718077982031,6.0,0.18484914348047027,4.573964039950345e-16,12
48,1,8,random,1,722125,10,0.939952860608179,6.666666666666667,0.1949825931507987,4.766863027717872e-16,12
48,1,8,random,1,722125,11,1.0597014381946501,7.333333333333333,0.2356886697207527,4.806737271293916e-16,12
48,1,8,random,1,722125,12,1.0846243509727154,8.0,0.2447910396038313,4.847935431328284e-16,12
48,1,8,random,2,722126,0,0.0,0.0,0.0,0.0,12
48,1,8,random,2,722126,1,0.011390140746485951,0.6666666666666666,0.0014319069233000691,2.220446049250313e-16,12
48,1,8,random,2,722126,2,0.269097231458311,1.3333333333333333,0.0385977987100552,1.0408340855860843e-17,12
48,1,8,random,2,722126,3,0.3573804422593593,2.0,0.05369745486483964,4.291468873614597e-17,12
48,1,8,random,2,722126,4,0.4908695982760663,2.6666666666666665,0.07921703708561208,2.4273476425875566e-16,12
48,1,8,random,2,722126,5,0.5160676665183794,3.3333333333333335,0.08442829297868455,2.4418365179200886e-16,12
48,1,8,random,2,722126,6,0.5235055987234525,4.0,0.08599181389678501,2.6299533711118573e-16,12
48,1,8,random,2,722126,7,0.5452142459580653,4.666666666666667,0.09062223904191774,2.6360942291216943e-16,12
48,1,8,random,2,722126,8,0.5832414876787113,5.333333333333333,0.09897965570413622,4.460551520597414e-16,12
48,1,8,random,2,722126,9,0.5942410114751142,6.0,0.1014569246695158,4.494474242779393e-16,12
48,1,8,random,2,722126,10,0.7254200779125932,6.666666666666667,0.1331998287624241,4.510053491150544e-16,12
48,1,8,random,2,722126,11,0.7452278718936494,7.333333333333333,0.13836518605908119,4.510659500646025e-16,12
48,1,8,random,2,722126,12,0.7963842926855669,8.0,0.15218856924840013,4.556514000973819e-16,12
48,1,8,random,3,722127,0,0.0,0.0,0.0,0.0,12
48,1,8,random,3,722127,1,0.2622956657113367,0.6666666666666666,0.03748885308446156,2.220446049250313e-16,12
48,1,8,random,3,722127,2,0.2657605882642184,1.3333333333333333,0.03805284089889965,2.2546147242557157e-16,12
48,1,8,random,3,722127,3,0.2710689353376188,2.0,0.0389206833362488,2.283814984222324e-16,12
48,1,8,random,3,722127,4,0.3170362035929677,2.6666666666666665,0.046631535056440576,2.6625362905503937e-16,12
48,1,8,random,3,722127,5,0.3297109421928599,3.3333333333333335,0.0488207645464914,2.663208770409841e-16,12
48,1,8,random,3,722127,6,0.3651179974764562,4.0,0.055085499399475324,2.7113997311958813e-16,12
48,1,8,random,3,722127,7,0.4903185902810781,4.666666666666667,0.07910454286091989,2.863025852988091e-16,12
48,1,8,random,3,722127,8,0.5083767643251328,5.333333333333333,0.08282377845194196,5.697724339157779e-16,12
48,1,8,random,3,722127,9,0.5321145191896792,6.0,0.08781606679891792,5.705481950424703e-16,12
48,1,8,random,3,722127,10,0.5484577259079501,6.666666666666667,0.09132274086869852,5.707732698243596e-16,12
48,1,8,random,3,722127,11,0.6326201242394071,7.333333333333333,0.11031707535425042,5.809989564419221e-16,12
48,1,8,random,3,722127,12,0.8542173352326706,8.0,0.1686918453360481,5.857989301075192e-16,12
48,1,8,random,4,722128,0,0.0,0.0,0.0,0.0,12
48,1,8,random,4,722128,1,0.2523543742353964,0.6666666666666666,0.03588150682092911,1.1102230246251565e-16,12
48,1,8,random,4,722128,2,0.35594643571948303,1.3333333333333333,0.05344138519257778,2.220446049250313e-16,12
48,1,8,random,4,722128,3,0.6756020530806973,2.0,0.12065197301181638,2.229086047453109e-16,12
48,1,8,random,4,722128,4,0.7189217295473571,2.6666666666666665,0.13152739623722462,2.2888408949884854e-16,12
48,1,8,random,4,722128,5,0.7264764169305622,3.3333333333333335,0.13347271942312958,2.449467067834816e-16,12
48,1,8,random,4,722128,6,0.8303045296842136,4.0,0.16175215378075308,2.4690240711649674e-16,12
48,1,8,random,4,722128,7,0.8350719000995577,4.666666666666667,0.1631224713255251,2.5048703755452064e-16,12
48,1,8,random,4,722128,8,0.8596246993525609,5.333333333333333,0.17028424554661234,2.987950361488148e-16,12
48,1,8,random,4,722128,9,0.861797870318735,6.0,0.17092664646649605,3.0376192925412608e-16,12
48,1,8,random,4,722128,10,0.8717636781767578,6.666666666666667,0.17389053882568387,3.1148367917073035e-16,12
48,1,8,random,4,722128,11,0.9333825078898694,7.333333333333333,0.1928870862981506,3.206359507498118e-16,12
48,1,8,random,4,722128,12,1.11328221168553,8.0,0.2555417704191202,3.214055125951945e-16,12
48,1,8,random,5,722129,0,0.0,0.0,0.0,0.0,12
48,1,8,random,5,722129,1,0.9754077217294056,0.6666666666666666,0.20653104623172713,0.0,12
48,1,8,random,5,722129,2,1.0324454328584078,1.3333333333333333,0.22599050441833402,2.225314285619076e-16,12
48,1,8,random,5,722129,3,1.0328930657265958,2.0,0.22614765447467466,2.245500303731559e-16,12
48,1,8,random,5,722129,4,1.4399706951956048,2.6666666666666665,0.40257151651793915,2.230862099192045e-16,12
48,1,8,random,5,722129,5,1.4495470129311006,3.3333333333333335,0.40764797709299166,2.684150335511194e-16,12
48,1,8,random,5,722129,6,1.4635092890972714,4.0,0.415137116299552,2.699662749514945e-16,12
48,1,8,random,5,722129,7,1.4645764625157585,4.666666666666667,0.41571384395188066,2.702515125628022e-16,12
48,1,8,random,5,722129,8,1.4651810592263663,5.333333333333333,0.4160408566087413,4.476929197573656e-16,12
48,1,8,random,5,722129,9,1.4868347367376065,6.0,0.42788414344020825,4.478572924989398e-16,12
48,1,8,random,5,722129,10,1.5373490441183373,6.666666666666667,0.45653012798255665,4.480117032407223e-16,12
48,1,8,random,5,722129,11,1.544228296968428,7.333333333333333,0.4605444125812497,4.690452517061063e-16,12
48,1,8,random,5,722129,12,1.5999423408953415,8.0,0.4940933556516723,4.94150000917989e-16,12
48,1,8,random,6,722130,0,0.0,0.0,0.0,0.0,12
48,1,8,random,6,722130,1,0.10610098348036873,0.6666666666666666,0.01399176972729423,0.0,12
48,1,8,random,6,722130,2,0.47272281980019226,1.3333333333333333,0.07554457818126392,1.734723475976807e-18,12
48,1,8,random,6,722130,3,0.4729288086115376,2.0,0.07558589237553004,1.3985787785349405e-17,12
48,1,8,random,6,722130,4,0.5897469894423986,2.6666666666666665,0.10044150562733346,1.3744393814481222e-16,12
48,1,8,random,6,722130,5,0.590280513294959,3.3333333333333335,0.10056181613935282,1.3762560562556446e-16,12
48,1,8,random,6,722130,6,0.6606216223703137,4.0,0.11699942731153229,1.378812764631007e-16,12
48,1,8,random,6,722130,7,0.8601804759920866,4.666666666666667,0.17044840324558877,1.8526488265210023e-16,12
48,1,8,random,6,722130,8,1.0018343557432088,5.333333333333333,0.21540908755757923,2.482864107444503e-16,12
48,1,8,random,6,722130,9,1.05017187553429,6.0,0.23226779007344184,2.7655889563406544e-16,12
48,1,8,random,6,722130,10,1.1796072961936008,6.666666666666667,0.28163705608233064,2.8184661219775263e-16,12
48,1,8,random,6,722130,11,1.339394908832661,7.333333333333333,0.3520916668594901,2.8204748459580594e-16,12
48,1,8,random,6,722130,12,1.3851356524446887,8.0,0.3744209811842442,3.101900043161413e-16,12
48,1,8,random,7,722131,0,0.0,0.0,0.0,0.0,12
48,1,8,random,7,722131,1,0.30672594579568024,0.6666666666666666,0.0448710607508807,3.3306690738754696e-16,12
48,1,8,random,7,722131,2,0.6478569810451087,1.3333333333333333,0.11393002301970492,4.450628571238152e-16,12
48,1,8,random,7,722131,3,0.6521239655201597,2.0,0.11495171193375053,4.467440722750186e-16,12
48,1,8,random,7,722131,4,0.6750828987117109,2.6666666666666665,0.1205244748152637,4.475549083606016e-16,12
48,1,8,random,7,722131,5,0.8174291160105306,3.3333333333333335,0.15808376784966877,4.479623604626962e-16,12
48,1,8,random,7,722131,6,0.8289736440885618,4.0,0.1613707733129434,4.590460367495983e-16,12
48,1,8,random,7,722131,7,1.079663209765865,4.666666666666667,0.24296099734192228,4.632381311361808e-16,12
48,1,8,random,7,722131,8,1.0967786178552417,5.333333333333333,0.24931300350038288,5.067529897155871e-16,12
48,1,8,random,7,722131,9,1.1162403464261608,6.0,0.25666913087043,5.073551644134398e-16,12
48,1,8,random,7,722131,10,1.1474051457510188,6.666666666666667,0.2687510603361093,5.07741670661169e-16,12
48,1,8,random,7,722131,11,1.2067342965267331,7.333333333333333,0.29281887859691313,5.096221736090223e-16,12
48,1,8,random,7,722131,12,1.2116721841179399,8.0,0.29488712343070533,5.099079094459018e-16,12
48,1,8,krylov,0,722132,0,0.0,0.0,0.0,0.0,12
48,1,8,krylov,0,722132,1,0.022813600371254135,0.6666666666666666,0.002884477602455001,0.0,12
48,1,8,krylov,0,722132,2,0.06295204514675307,1.3333333333333333,0.008121970906263805,2.419450907961224e-16,12
48,1,8,krylov,0,722132,3,0.1364658171084292,2.0,0.01827696201740529,2.6272228241458706e-16,12
48,1,8,krylov,0,722132,4,0.23828390233768712,2.6666666666666665,0.03363367918309492,2.4433732729276316e-16,12
48,1,8,krylov,0,722132,5,0.33712925644111746,3.3333333333333335,0.05011501624832317,2.4451994683144747e-16,12
48,1,8,krylov,0,722132,6,0.4475172369731289,4.0,0.07055290845123123,2.4462535462620037e-16,12
48,1,8,krylov,0,722132,7,0.5693525898081802,4.666666666666667,0.09589032847731331,4.539964622064032e-16,12
48,1,8,krylov,0,722132,8,0.6846804231423328,5.333333333333333,0.12289224615719024,4.655641266613476e-16,12
48,1,8,krylov,0,722132,9,0.7848184582776628,6.0,0.14900112044086972,4.781316291614588e-16,12
48,1,8,krylov,0,722132,10,0.867141343808696,6.666666666666667,0.17251215494558078,4.791778345165766e-16,12
48,1,8,krylov,0,722132,11,0.9523670864399312,7.333333333333333,0.19897968841246272,4.796175218168843e-16,12
48,1,8,krylov,0,722132,12,1.0490156682649365,8.0,0.23185495316596022,4.827287949353815e-16,12
48,1,8,krylov,1,722133,0,0.0,0.0,0.0,0.0,12
48,1,8,krylov,1,722133,1,0.48608402927292427,0.6666666666666666,0.07824207709286563,0.0,12
48,1,8,krylov,1,722133,2,0.8292435201781891,1.3333333333333333,0.16144806836700298,2.229086047453109e-16,12
48,1,8,krylov,1,722133,3,1.1283628773091818,2.0,0.26132408460079987,2.244908959275451e-16,12
48,1,8,krylov,1,722133,4,1.3273857000150022,2.6666666666666665,0.3463964394421663,4.517994358448625e-16,12
48,1,8,krylov,1,722133,5,1.4421470245824435,3.3333333333333335,0.40372093621725397,4.564600028974526e-16,12
48,1,8,krylov,1,722133,6,1.6153852048882154,4.0,0.5037281329435286,4.5747907244193615e-16,12
48,1,8,krylov,1,722133,7,1.7168172713122785,4.666666666666667,0.5708478350391626,4.611104016247542e-16,12
48,1,8,krylov,1,722133,8,1.8213966220032487,5.333333333333333,0.6475605281584199,3.434411788574335e-16,12
48,1,8,krylov,1,722133,9,1.9240287919773753,6.0,0.7310617653143258,3.7528763257985246e-16,12
48,1,8,krylov,1,722133,10,1.9823979645820609,6.666666666666667,0.7825164583381526,3.877820570307721e-16,12
48,1,8,krylov,1,722133,11,2.022705606655364,7.333333333333333,0.8198435365126528,3.907114004540269e-16,12
48,1,8,krylov,1,722133,12,2.0560469044112764,8.0,0.8518768956647386,3.9122864940838375e-16,12
48,1,8,krylov,2,722134,0,0.0,0.0,0.0,0.0,12
48,1,8,krylov,2,722134,1,0.15525239301394012,0.6666666666666666,0.02099408837643982,0.0,12
48,1,8,krylov,2,722134,2,0.31550591305859194,1.3333333333333333,0.04636908980290295,0.0,12
48,1,8,krylov,2,722134,3,0.5112831205079549,2.0,0.08342866696032492,5.594315114139762e-17,12
48,1,8,krylov,2,722134,4,0.6709743483725743,2.6666666666666665,0.11951779456531504,2.5147477175838674e-16,12
48,1,8,krylov,2,722134,5,0.8049144957955302,3.3333333333333335,0.15456315750514887,2.5420948844874145e-16,12
48,1,8,krylov,2,722134,6,0.9097737411260793,4.0,0.18547006211890252,2.5455892340353094e-16,12
48,1,8,krylov,2,722134,7,1.0366912211517687,4.666666666666667,0.2274839038786234,2.5803956277089836e-16,12
48,1,8,krylov,2,722134,8,1.125967047937787,5.333333333333333,0.26039962587691706,4.553868695133888e-16,12
48,1,8,krylov,2,722134,9,1.2051242457532605,6.0,0.29214671024604644,4.554347813551051e-16,12
48,1,8,krylov,2,722134,10,1.247444949251447,6.666666666666667,0.31017954216928384,4.616717913530988e-16,12
48,1,8,krylov,2,722134,11,1.29751211037673,7.333333333333333,0.3325224011041885,4.621170088510524e-16,12
48,1,8,krylov,2,722134,12,1.3803606890912563,8.0,0.37204194871779084,4.627825709879612e-16,12
48,1,8,krylov,3,722135,0,0.0,0.0,0.0,0.0,12
48,1,8,krylov,3,722135,1,0.014080122844606647,0.6666666666666666,0.0017724643308636779,0.0,12
48,1,8,krylov,3,722135,2,0.0321188265119422,1.3333333333333333,0.004080025381065157,0.0,12
48,1,8,krylov,3,722135,3,0.05111954726761315,2.0,0.006556087891213105,8.121767085755589e-17,12
48,1,8,krylov,3,722135,4,0.07269440694402754,2.6666666666666665,0.009425231419636828,2.518815382590927e-16,12
48,1,8,krylov,3,722135,5,0.09206707743476009,3.3333333333333335,0.012054795735897595,2.5189758403619815e-16,12
48,1,8,krylov,3,722135,6,0.1181867387394654,4.0,0.015681782206863223,2.536651589975097e-16,12
48,1,8,krylov,3,722135,7,0.14970782679301087,4.666666666666667,0.020186854434607833,2.5716320101712904e-16,12
48,1,8,krylov,3,722135,8,0.18459504778200236,5.333333333333333,0.025341411599247993,3.5644915750712096e-16,12
48,1,8,krylov,3,722135,9,0.2139103573723623,6.0,0.02981395329756735,3.5674390274148378e-16,12
48,1,8,krylov,3,722135,10,0.24951468717372335,6.666666666666667,0.0354253017339518,3.5828439296179767e-16,12
48,1,8,krylov,3,722135,11,0.3295671818678728,7.333333333333333,0.04879577781298412,3.6070735427615645e-16,12
48,1,8,krylov,3,722135,12,0.4316775442193382,8.0,0.06747981315884438,3.6568135504859286e-16,12
48,1,8,krylov,4,722136,0,0.0,0.0,0.0,0.0,12
48,1,8,krylov,4,722136,1,0.01996502812685208,0.6666666666666666,0.002520707787346147,0.0,12
48,1,8,krylov,4,722136,2,0.04407720487009018,1.3333333333333333,0.005632879466229548,2.220446049250313e-16,12
48,1,8,krylov,4,722136,3,0.06302034797488205,2.0,0.008131063823895317,2.50068144170854e-16,12
48,1,8,krylov,4,722136,4,0.09832667146776417,2.6666666666666665,0.012915393804717411,2.3641605477524916e-16,12
48,1,8,krylov,4,722136,5,0.15744227684806575,3.3333333333333335,0.02131414879010969,4.467926562598847e-16,12
48,1,8,krylov,4,722136,6,0.20251970698327207,4.0,0.028060526971762496,4.471328108300626e-16,12
48,1,8,krylov,4,722136,7,0.23777146510244973,4.666666666666667,0.03355241020352276,4.472778124856394e-16,12
48,1,8,krylov,4,722136,8,0.31131003061502643,5.333333333333333,0.04565155165320523,2.949296997010845e-16,12
48,1,8,krylov,4,722136,9,0.4168729229503111,6.0,0.06465121226899705,2.949372231180449e-16,12
48,1,8,krylov,4,722136,10,0.5416288232954335,6.666666666666667,0.08985052646408555,3.2864383484847387e-16,12
48,1,8,krylov,4,722136,11,0.614454575605651,7.333333333333333,0.1060810033503568,3.2901116506733326e-16,12
48,1,8,krylov,4,722136,12,0.70007137898033,8.0,0.126737056526936,3.7337783629023606e-16,12
48,1,8,krylov,5,722137,0,0.0,0.0,0.0,0.0,12
48,1,8,krylov,5,722137,1,0.1758615498921219,0.6666666666666666,0.0240341221126085,0.0,12
48,1,8,krylov,5,722137,2,0.3492342311274722,1.3333333333333333,0.05224766085029322,1.3877787807814457e-17,12
48,1,8,krylov,5,722137,3,0.530021967405791,2.0,0.08737120377048911,2.255108077944289e-16,12
48,1,8,krylov,5,722137,4,0.6785440105030743,2.6666666666666665,0.12137573477326319,2.4484573251486086e-16,12
48,1,8,krylov,5,722137,5,0.8001666361897475,3.3333333333333335,0.1532389768817027,2.4723086246303607e-16,12
48,1,8,krylov,5,722137,6,0.896240558679245,4.0,0.1812967171379375,2.503054634248289e-16,12
48,1,8,krylov,5,722137,7,0.9833933234897229,4.666666666666667,0.20918912017268956,2.5030550139320304e-16,12
48,1,8,krylov,5,722137,8,1.0792737078471784,5.333333333333333,0.24281770373583472,3.5235242060116955e-16,12
48,1,8,krylov,5,722137,9,1.1472871131228128,6.0,0.2687045876063022,3.529449745078058e-16,12
48,1,8,krylov,5,722137,10,1.2552069313883878,6.666666666666667,0.3135705414145847,3.7266700660212694e-16,12
48,1,8,krylov,5,722137,11,1.376577017861937,7.333333333333333,0.37016485878164973,4.562365365485181e-16,12
48,1,8,krylov,5,722137,12,1.559490943255305,8.0,0.46954991894739295,4.580321041637048e-16,12
48,1,8,krylov,6,722138,0,0.0,0.0,0.0,0.0,12
48,1,8,krylov,6,722138,1,0.20049621411822427,0.6666666666666666,0.027751123231217156,2.220446049250313e-16,12
48,1,8,krylov,6,722138,2,0.3733850029243459,1.3333333333333333,0.056580438022882006,2.220446049250313e-16,12
48,1,8,krylov,6,722138,3,0.5816719137146925,2.0,0.09862837881771672,2.229204928212825e-16,12
48,1,8,krylov,6,722138,4,0.8366328038559638,2.6666666666666665,0.163572553949769,2.4695102175635883e-16,12
48,1,8,krylov,6,722138,5,1.1035612860253294,3.3333333333333335,0.2518604739519782,2.4753175600686215e-16,12
48,1,8,krylov,6,722138,6,1.2540249740876896,4.0,0.313052475987208,2.4753730685749495e-16,12
48,1,8,krylov,6,722138,7,1.388775391071178,4.666666666666667,0.3762420551265053,2.4771985617565497e-16,12
48,1,8,krylov,6,722138,8,1.4716565023925634,5.333333333333333,0.4195557037408701,2.962858083202434e-16,12
48,1,8,krylov,6,722138,9,1.5239651864843407,6.0,0.44879886401447927,2.9636108760525855e-16,12
48,1,8,krylov,6,722138,10,1.563459983363704,6.666666666666667,0.4719144006795282,2.9784029901245276e-16,12
48,1,8,krylov,6,722138,11,1.6051768037847314,7.333333333333333,0.49734247312059915,3.168172340802223e-16,12
48,1,8,krylov,6,722138,12,1.6331952831760763,8.0,0.5150261407736272,3.187425418363694e-16,12
48,1,8,krylov,7,722139,0,0.0,0.0,0.0,0.0,12
48,1,8,krylov,7,722139,1,0.01934675510989324,0.6666666666666666,0.002441889542725455,0.0,12
48,1,8,krylov,7,722139,2,0.03624774475877114,1.3333333333333333,0.004614088044977872,0.0,12
48,1,8,krylov,7,722139,3,0.06367096572786295,2.0,0.008217709441024255,2.1942709178604383e-17,12
48,1,8,krylov,7,722139,4,0.0970563183275387,2.6666666666666665,0.01274030378773522,2.2823506346363993e-16,12
48,1,8,krylov,7,722139,5,0.1206034553559481,3.3333333333333335,0.016022181366035396,2.3206808084908145e-16,12
48,1,8,krylov,7,722139,6,0.14472226561925386,4.0,0.019464817864510663,2.3474461434476824e-16,12
48,1,8,krylov,7,722139,7,0.19658832272795235,4.666666666666667,0.027155353292192364,2.3488787186613335e-16,12
48,1,8,krylov,7,722139,8,0.27166601992312206,5.333333333333333,0.03901858707501202,4.550481950522515e-16,12
48,1,8,krylov,7,722139,9,0.4052608265416138,6.0,0.06246170111828277,4.55354768966668e-16,12
48,1,8,krylov,7,722139,10,0.5328376605245161,6.666666666666667,0.08797001855126656,4.556828110292949e-16,12
48,1,8,krylov,7,722139,11,0.6383158676439302,7.333333333333333,0.11166120531003977,4.595705301734222e-16,12
48,1,8,krylov,7,722139,12,0.7630419156679359,8.0,0.14309882243454963,4.596989160888455e-16,12
48,1,8,reply_null,0,722140,0,0.0,0.0,0.0,0.0,12
48,1,8,reply_null,0,722140,1,0.0026298784896622053,0.6666666666666666,0.0003291674566974053,0.0,12
48,1,8,reply_null,0,722140,2,0.6400875741154481,1.3333333333333333,0.11208087115161289,2.254614724255716e-16,12
48,1,8,reply_null,0,722140,3,0.6401604339788318,2.0,0.11209814546079012,2.2587213988147214e-16,12
48,1,8,reply_null,0,722140,4,0.7009265462281481,2.6666666666666665,0.12695242588802663,2.334049945268152e-16,12
48,1,8,reply_null,0,722140,5,0.9004177788071401,3.3333333333333335,0.18257886198614465,2.403033311338678e-16,12
48,1,8,reply_null,0,722140,6,0.9574868072551471,4.0,0.20064262722581622,2.6309881740472275e-16,12
48,1,8,reply_null,0,722140,7,1.062959689904456,4.666666666666667,0.23686580084894493,2.6499170712146044e-16,12
48,1,8,reply_null,0,722140,8,1.0745530862508723,5.333333333333333,0.24108546737306802,4.681179150642875e-16,12
48,1,8,reply_null,0,722140,9,1.2428915942373542,6.0,0.30820251967736134,4.693840123584215e-16,12
48,1,8,reply_null,0,722140,10,1.2455418742972337,6.666666666666667,0.30935215042596076,4.696562894700103e-16,12
48,1,8,reply_null,0,722140,11,1.3192359664179023,7.333333333333333,0.3425702962430715,4.696691212910642e-16,12
48,1,8,reply_null,0,722140,12,1.3194454796130632,8.0,0.34266826865269745,4.816550128507104e-16,12
48,1,8,reply_null,1,722141,0,0.0,0.0,0.0,0.0,12
48,1,8,reply_null,1,722141,1,0.8428344091344995,0.6666666666666666,0.16536772774972663,0.0,12
48,1,8,reply_null,1,722141,2,0.879272216712645,1.3333333333333333,0.17614321652966963,2.220446049250313e-16,12
48,1,8,reply_null,1,722141,3,0.8972507158366224,2.0,0.18160628128693213,2.281319200896018e-16,12
48,1,8,reply_null,1,722141,4,0.9581310999678644,2.6666666666666665,0.20085250400126622,2.7894183294216893e-16,12
48,1,8,reply_null,1,722141,5,1.1251293259258603,3.3333333333333335,0.26007690332169914,2.8331192019018205e-16,12
48,1,8,reply_null,1,722141,6,1.2658557226056153,4.0,0.31826574228272436,2.855018782508141e-16,12
48,1,8,reply_null,1,722141,7,1.2679526046387206,4.666666666666667,0.31919619343583483,2.8655665785685827e-16,12
48,1,8,reply_null,1,722141,8,1.2753602122169818,5.333333333333333,0.32249884178395566,5.056988208773422e-16,12
48,1,8,reply_null,1,722141,9,1.3189063553268316,6.0,0.3424162052840142,5.06081240762051e-16,12
48,1,8,reply_null,1,722141,10,1.3733595484906838,6.666666666666667,0.3685742412685506,5.085787067987311e-16,12
48,1,8,reply_null,1,722141,11,1.3799035654429368,7.333333333333333,0.37181479101236015,5.085794013323256e-16,12
48,1,8,reply_null,1,722141,12,1.3873840111085487,8.0,0.37554512193644807,5.107579746903307e-16,12
48,1,8,reply_null,2,722142,0,0.0,0.0,0.0,0.0,12
48,1,8,reply_null,2,722142,1,0.018861352645008884,0.6666666666666666,0.0023800439466285747,1.1102230246251565e-16,12
48,1,8,reply_null,2,722142,2,0.31729071488726346,1.3333333333333333,0.046675222779843414,2.2589453315640734e-16,12
48,1,8,reply_null,2,722142,3,0.33769418611842866,2.0,0.05021397186679572,2.3392901596986373e-16,12
48,1,8,reply_null,2,722142,4,0.4217254355211092,2.6666666666666665,0.06557373362362712,2.3230264976589977e-16,12
48,1,8,reply_null,2,722142,5,0.44643488686166555,3.3333333333333335,0.07034136624099095,2.551280468974248e-16,12
48,1,8,reply_null,2,722142,6,0.6281482249454989,4.0,0.109267110509409,2.555720613653911e-16,12
48,1,8,reply_null,2,722142,7,0.6577036191985252,4.666666666666667,0.11629430149508102,2.5818485356279946e-16,12
48,1,8,reply_null,2,722142,8,0.6580812441358744,5.333333333333333,0.11638543744708697,2.860227784255718e-16,12
48,1,8,reply_null,2,722142,9,0.7227620289439523,6.0,0.13251443228611728,3.116688346830782e-16,12
48,1,8,reply_null,2,722142,10,0.732217890752391,6.666666666666667,0.13496100215515194,3.1174033364326623e-16,12
48,1,8,reply_null,2,722142,11,0.8419607354424344,7.333333333333333,0.16511415189237438,4.655695151242395e-16,12
48,1,8,reply_null,2,722142,12,0.954177531903246,8.0,0.19956676724630454,4.659421256385102e-16,12
48,1,8,reply_null,3,722143,0,0.0,0.0,0.0,0.0,12
48,1,8,reply_null,3,722143,1,0.07082497858583332,0.6666666666666666,0.009174167825782488,0.0,12
48,1,8,reply_null,3,722143,2,0.07574151946333674,1.3333333333333333,0.00983546492161197,2.295941734692043e-16,12
48,1,8,reply_null,3,722143,3,0.18353907760167432,2.0,0.025182739343060485,2.5127880250142067e-16,12
48,1,8,reply_null,3,722143,4,0.3604045538174286,2.6666666666666665,0.05423867384431436,2.261492328510096e-16,12
48,1,8,reply_null,3,722143,5,0.785487605309464,3.3333333333333335,0.14918452883407032,2.40876353915118e-16,12
48,1,8,reply_null,3,722143,6,0.8369231731538801,4.0,0.16365635872623546,2.4984620332388204e-16,12
48,1,8,reply_null,3,722143,7,0.8987013584972017,4.666666666666667,0.18205138020025013,2.7359869032844385e-16,12
48,1,8,reply_null,3,722143,8,0.9467551604382726,5.333333333333333,0.1971666305067779,3.3819871222857854e-16,12
48,1,8,reply_null,3,722143,9,0.9484699059765339,6.0,0.19771953821154736,3.383717699208338e-16,12
48,1,8,reply_null,3,722143,10,1.1498864224588492,6.666666666666667,0.2697292787842441,3.38386458736963e-16,12
48,1,8,reply_null,3,722143,11,1.1537385909494133,7.333333333333333,0.27125277497233036,3.642835864121732e-16,12
48,1,8,reply_null,3,722143,12,1.2575555493482393,8.0,0.31460178659125465,3.6610916234407474e-16,12
48,1,8,reply_null,4,722144,0,0.0,0.0,0.0,0.0,12
48,1,8,reply_null,4,722144,1,0.01058272367745425,0.6666666666666666,0.00132986484438176,1.1102230246251565e-16,12
48,1,8,reply_null,4,722144,2,0.2758399099305083,1.3333333333333333,0.039704613319715004,0.0,12
48,1,8,reply_null,4,722144,3,0.27777753816590833,2.0,0.04002405901253705,3.469446951953614e-18,12
48,1,8,reply_null,4,722144,4,0.28456160904705385,2.6666666666666665,0.041147400030167876,1.2582179425224828e-16,12
48,1,8,reply_null,4,722144,5,0.4641610383481338,3.3333333333333335,0.07383488876895468,1.3127089268043302e-16,12
48,1,8,reply_null,4,722144,6,0.46920666695286606,4.0,0.07484067103944606,1.4661745564107119e-16,12
48,1,8,reply_null,4,722144,7,0.4719677767439137,4.666666666666667,0.07539321553988036,1.5125344176403093e-16,12
48,1,8,reply_null,4,722144,8,0.48944596037223276,5.333333333333333,0.07892651282075433,3.6701047147524916e-16,12
48,1,8,reply_null,4,722144,9,0.5865353738502208,6.0,0.09971863558442241,3.6796011207407565e-16,12
48,1,8,reply_null,4,722144,10,0.7089529909512465,6.666666666666667,0.12898284573298838,4.672189407636249e-16,12
48,1,8,reply_null,4,722144,11,0.7622582552610339,7.333333333333333,0.14288880630368186,4.684350017176994e-16,12
48,1,8,reply_null,4,722144,12,0.8373148285032007,8.0,0.1637694346752007,4.692525883041132e-16,12
48,1,8,reply_null,5,722145,0,0.0,0.0,0.0,0.0,12
48,1,8,reply_null,5,722145,1,0.031089800618785444,0.6666666666666666,0.003947267010274005,2.220446049250313e-16,12
48,1,8,reply_null,5,722145,2,0.19728856231970945,1.3333333333333333,0.0272619358069586,6.938893903907228e-18,12
48,1,8,reply_null,5,722145,3,0.19975338769223233,2.0,0.027637697793203006,4.633703773312414e-17,12
48,1,8,reply_null,5,722145,4,0.6495421481246731,2.6666666666666665,0.11433299947478134,2.4338049616621516e-16,12
48,1,8,reply_null,5,722145,5,0.6673305688037976,3.3333333333333335,0.11862844689870264,2.551824376877708e-16,12
48,1,8,reply_null,5,722145,6,0.6838397555465744,4.0,0.12268393874951786,2.67670214885009e-16,12
48,1,8,reply_null,5,722145,7,0.6895524770734901,4.666666666666667,0.12410293743133648,2.677068891143182e-16,12
48,1,8,reply_null,5,722145,8,0.6895589900423102,5.333333333333333,0.12410455983628424,2.3115808218612777e-16,12
48,1,8,reply_null,5,722145,9,0.7171513349778023,6.0,0.1310736433073621,4.616949703462144e-16,12
48,1,8,reply_null,5,722145,10,0.8151965346338419,6.666666666666667,0.1574524652809267,4.714820632855399e-16,12
48,1,8,reply_null,5,722145,11,0.8172636623305033,7.333333333333333,0.1580369344730061,4.716359968419049e-16,12
48,1,8,reply_null,5,722145,12,0.9683821713678649,8.0,0.20421002095681662,4.793922290397894e-16,12
48,1,8,reply_null,6,722146,0,0.0,0.0,0.0,0.0,12
48,1,8,reply_null,6,722146,1,0.21331030645235186,0.6666666666666666,0.02972108490812843,0.0,12
48,1,8,reply_null,6,722146,2,0.5565284898960775,1.3333333333333333,0.09307569497976638,1.3877787807814457e-17,12
48,1,8,reply_null,6,722146,3,0.5872604847210053,2.0,0.09988164060116522,4.679980463258313e-17,12
48,1,8,reply_null,6,722146,4,0.5999886642648661,2.6666666666666665,0.10276226818143439,2.257915160555889e-16,12
48,1,8,reply_null,6,722146,5,0.7673280953999096,3.3333333333333335,0.1442504083625529,2.3123000973539713e-16,12
48,1,8,reply_null,6,722146,6,0.7707428512378323,4.0,0.14517140435965714,2.46967002017022e-16,12
48,1,8,reply_null,6,722146,7,0.8686636767071503,4.666666666666667,0.17296541240357916,2.997727170545059e-16,12
48,1,8,reply_null,6,722146,8,0.967919481973527,5.333333333333333,0.20405773420505954,3.6360737050699764e-16,12
48,1,8,reply_null,6,722146,9,1.082131176780259,6.0,0.2438702344680606,3.6436127929450777e-16,12
48,1,8,reply_null,6,722146,10,1.084052265344463,6.666666666666667,0.2445795479660489,3.6597496498348145e-16,12
48,1,8,reply_null,6,722146,11,1.0913005104530036,7.333333333333333,0.2472680829263653,3.6704867731698734e-16,12
48,1,8,reply_null,6,722146,12,1.1393336738827777,8.0,0.2655857014669373,3.6740157344346312e-16,12
48,1,8,reply_null,7,722147,0,0.0,0.0,0.0,0.0,12
48,1,8,reply_null,7,722147,1,0.1583956280341027,0.6666666666666666,0.021453704069418354,0.0,12
48,1,8,reply_null,7,722147,2,0.17628948353326343,1.3333333333333333,0.024097912475186067,1.249000902703301e-16,12
48,1,8,reply_null,7,722147,3,0.18402671761599243,2.0,0.02525599231531271,2.2543171210163134e-16,12
48,1,8,reply_null,7,722147,4,0.1915440932017426,2.6666666666666665,0.02638977925541295,2.2625856276767847e-16,12
48,1,8,reply_null,7,722147,5,0.20967622273634917,3.3333333333333335,0.029159835963447515,4.45721257508891e-16,12
48,1,8,reply_null,7,722147,6,0.2096764803681233,4.0,0.029159875679924695,4.473955011667331e-16,12
48,1,8,reply_null,7,722147,7,0.40486588681734736,4.666666666666667,0.06238767966370116,4.476055197182509e-16,12
48,1,8,reply_null,7,722147,8,0.4430999033326752,5.333333333333333,0.0696909911000337,2.6974335493475672e-16,12
48,1,8,reply_null,7,722147,9,1.0460045185994187,6.0,0.23078202567640987,2.870432777652554e-16,12
48,1,8,reply_null,7,722147,10,1.1048110102143185,6.666666666666667,0.2523317400171148,4.57103248676524e-16,12
48,1,8,reply_null,7,722147,11,1.128166376959536,7.333333333333333,0.2612481792410583,4.586299236061162e-16,12
48,1,8,reply_null,7,722147,12,1.137859743901932,8.0,0.26501042955086435,4.588197382427312e-16,12
48,1,32,random,0,722148,0,0.0,0.0,0.0,0.0,12
48,1,32,random,0,722148,1,0.32237319069924114,2.6666666666666665,0.011887494756962021,2.220446049250313e-16,12
48,1,32,random,0,722148,2,0.3223834459294732,5.333333333333333,0.011887937144170762,1.3877787807814457e-17,12
48,1,32,random,0,722148,3,0.5136205312828687,8.0,0.02097910504750919,2.227902568101679e-16,12
48,1,32,random,0,722148,4,0.8688361270372347,10.666666666666666,0.04325420026704267,2.414095296200722e-16,12
48,1,32,random,0,722148,5,0.8750297648090541,13.333333333333334,0.04371708428421287,2.4151344853701463e-16,12
48,1,32,random,0,722148,6,0.8764282384707789,16.0,0.04382199711890027,2.415480642239744e-16,12
48,1,32,random,0,722148,7,1.5135976674843057,18.666666666666668,0.11072018115259102,2.4323055882377655e-16,12
48,1,32,random,0,722148,8,1.6323279923911347,21.333333333333332,0.128617823160432,2.2802350285168954e-16,12
48,1,32,random,0,722148,9,1.7983672371579476,24.0,0.1574930588862483,2.299945078175578e-16,12
48,1,32,random,0,722148,10,1.798471891875033,26.666666666666668,0.15751281277132853,2.535509521795366e-16,12
48,1,32,random,0,722148,11,1.816422683631169,29.333333333333332,0.16093185011893496,2.7233812738936216e-16,12
48,1,32,random,0,722148,12,1.980503224169098,32.0,0.19519964455287475,2.931736774113982e-16,12
48,1,32,random,1,722149,0,0.0,0.0,0.0,0.0,12
48,1,32,random,1,722149,1,0.4772678062846603,2.6666666666666665,0.01911453125877402,2.220446049250313e-16,12
48,1,32,random,1,722149,2,0.889916828977638,5.333333333333333,0.04484147273404266,2.0816681711721685e-17,12
48,1,32,random,1,722149,3,1.1109857188670207,8.0,0.0636672154185441,4.654751537338637e-17,12
48,1,32,random,1,722149,4,1.7923976511309725,10.666666666666666,0.15636969729705893,6.022053486065285e-17,12
48,1,32,random,1,722149,5,2.0002843158844876,13.333333333333334,0.1997236632383861,6.163386963015075e-17,12
48,1,32,random,1,722149,6,2.0662504850324512,16.0,0.2154738910123016,7.195685076228831e-17,12
48,1,32,random,1,722149,7,2.329657932161612,18.666666666666668,0.28982582440764565,2.343473812935314e-16,12
48,1,32,random,1,722149,8,2.348321934991497,21.333333333333332,0.295874656624787,3.5767709279988938e-16,12
48,1,32,random,1,722149,9,2.3571052839352977,24.0,0.29876056203589174,3.5913138517284793e-16,12
48,1,32,random,1,722149,10,2.3875163098086207,26.666666666666668,0.3089506824518421,3.710038546264893e-16,12
48,1,32,random,1,722149,11,2.520766050690998,29.333333333333332,0.3574412889478322,3.7524798114265497e-16,12
48,1,32,random,1,722149,12,2.5264491354746412,32.0,0.35965654327441127,3.814063101453733e-16,12
48,1,32,random,2,722150,0,0.0,0.0,0.0,0.0,12
48,1,32,random,2,722150,1,0.00835722434866831,2.6666666666666665,0.0002622576073192362,0.0,12
48,1,32,random,2,722150,2,0.0510627083401358,5.333333333333333,0.0016371526491942379,2.220446049250313e-16,12
48,1,32,random,2,722150,3,0.2187499169575981,8.0,0.0076412501380675206,2.229119535313209e-16,12
48,1,32,random,2,722150,4,0.24880693432898462,10.666666666666666,0.008827950110112762,3.263418332863063e-17,12
48,1,32,random,2,722150,5,0.5255378887928318,13.333333333333334,0.021605261619927707,1.3404357664756416e-16,12
48,1,32,random,2,722150,6,0.5633151477118309,16.0,0.02364018340604424,1.3407833634254636e-16,12
48,1,32,random,2,722150,7,1.086735707845023,18.666666666666668,0.061393156317350484,1.3417845201967603e-16,12
48,1,32,random,2,722150,8,1.1342736605825834,21.333333333333332,0.06590358110647214,2.687315165696226e-16,12
48,1,32,random,2,722150,9,1.2216057435142138,24.0,0.07476972054616926,2.6917964180602628e-16,12
48,1,32,random,2,722150,10,1.237094292785867,26.666666666666668,0.07642459493043792,2.697482572598325e-16,12
48,1,32,random,2,722150,11,1.4177849663684519,29.333333333333332,0.09774896003059756,2.7188157610298187e-16,12
48,1,32,random,2,722150,12,1.4178380740807153,32.0,0.09775581105216859,2.720797184297513e-16,12
48,1,32,random,3,722151,0,0.0,0.0,0.0,0.0,12
48,1,32,random,3,722151,1,0.11039080457777427,2.6666666666666665,0.0036473250716737957,1.1102230246251565e-16,12
48,1,32,random,3,722151,2,0.11366832837868963,5.333333333333333,0.0037618895264923723,2.220988018052242e-16,12
48,1,32,random,3,722151,3,0.1623936289511912,8.0,0.00551009953320595,2.2251872043514553e-16,12
48,1,32,random,3,722151,4,0.16241450237217578,10.666666666666666,0.0055108668502471736,3.380414353940949e-16,12
48,1,32,random,3,722151,5,0.22662941356407254,13.333333333333334,0.007948904098961741,3.3816366773983904e-16,12
48,1,32,random,3,722151,6,0.23055110401807333,16.0,0.008102931894233303,3.3987139542261407e-16,12
48,1,32,random,3,722151,7,0.24986405265515035,18.666666666666668,0.008870339647079983,3.5122544441541406e-16,12
48,1,32,random,3,722151,8,0.5361273417660248,21.333333333333332,0.02216794391801216,6.729559393292896e-16,12
48,1,32,random,3,722151,9,1.1703427880167219,24.0,0.06947179025982783,6.743882483140489e-16,12
48,1,32,random,3,722151,10,1.2092374104166645,26.666666666666668,0.0734665092167139,6.744873486863301e-16,12
48,1,32,random,3,722151,11,1.7196827714132925,29.333333333333332,0.14321116166158893,6.753583881270663e-16,12
48,1,32,random,3,722151,12,2.359826008964683,32.0,0.29965965256642463,6.756592102094792e-16,12
48,1,32,random,4,722152,0,0.0,0.0,0.0,0.0,12
48,1,32,random,4,722152,1,0.06303093210234295,2.6666666666666665,0.0020331182268751827,2.220446049250313e-16,12
48,1,32,random,4,722152,2,0.1855937186677825,5.333333333333333,0.006372907046480059,2.2334060465545074e-16,12
48,1,32,random,4,722152,3,0.18806053190940353,8.0,0.006465830296801647,2.2583440052836775e-16,12
48,1,32,random,4,722152,4,0.5935033826872658,10.666666666666666,0.025322486278676577,4.533238628416118e-16,12
48,1,32,random,4,722152,5,1.0583144016419632,13.333333333333334,0.058797182037619494,4.533640457860813e-16,12
48,1,32,random,4,722152,6,1.6823139110968786,16.0,0.13681205518120135,4.534665859358953e-16,12
48,1,32,random,4,722152,7,1.7773577355783845,18.666666666666668,0.1535690266112357,4.542725214892757e-16,12
48,1,32,random,4,722152,8,1.8176989023705237,21.333333333333332,0.16117727277060345,4.561133202027938e-16,12
48,1,32,random,4,722152,9,1.9285335100484011,24.0,0.1837316952714377,4.570108189966809e-16,12
48,1,32,random,4,722152,10,2.0274345854982747,26.666666666666668,0.20608056579047457,4.614567848714086e-16,12
48,1,32,random,4,722152,11,2.0484195714088083,29.333333333333332,0.21111356841722703,4.641720747667517e-16,12
48,1,32,random,4,722152,12,2.0486753839915535,32.0,0.2111755759984488,4.642371767229799e-16,12
48,1,32,random,5,722153,0,0.0,0.0,0.0,0.0,12
48,1,32,random,5,722153,1,0.8499163898096915,2.6666666666666665,0.04185785130578317,0.0,12
48,1,32,random,5,722153,2,0.8752359962531477,5.333333333333333,0.04373254644860177,6.938893903907228e-18,12
48,1,32,random,5,722153,3,1.2186759131738165,8.0,0.07445955533981778,1.1102230246251565e-16,12
48,1,32,random,5,722153,4,1.617158832788264,10.666666666666666,0.1262110630498005,2.337611205763743e-16,12
48,1,32,random,5,722153,5,1.7421721282004696,13.333333333333334,0.14717913228623244,2.3732212825347417e-16,12
48,1,32,random,5,722153,6,1.88050663656095,16.0,0.17365081089304857,2.6342344277385003e-16,12
48,1,32,random,5,722153,7,1.9068002887204247,18.666666666666668,0.1791098561520299,2.6444165891419825e-16,12
48,1,32,random,5,722153,8,1.9257483512791989,21.333333333333332,0.18313377016232912,4.571163446672182e-16,12
48,1,32,random,5,722153,9,1.995396643748695,24.0,0.198597494115148,4.575513359519236e-16,12
48,1,32,random,5,722153,10,2.2335331098800566,26.666666666666668,0.2603994262850059,4.615292051395434e-16,12
48,1,32,random,5,722153,11,2.2410158561387474,29.333333333333332,0.2625899502851401,4.615365498305242e-16,12
48,1,32,random,5,722153,12,2.2616688035664083,32.0,0.2687217128614729,4.615428387072625e-16,12
48,1,32,random,6,722154,0,0.0,0.0,0.0,0.0,12
48,1,32,random,6,722154,1,0.46760120097624613,2.6666666666666665,0.018630022762584634,0.0,12
48,1,32,random,6,722154,2,0.4788717326313334,5.333333333333333,0.01919537707543365,2.7755575615628914e-17,12
48,1,32,random,6,722154,3,1.685821863706062,8.0,0.13740264417965234,1.1793734150748882e-16,12
48,1,32,random,6,722154,4,2.055924563641882,10.666666666666666,0.21293934777600207,2.273709959295638e-16,12
48,1,32,random,6,722154,5,2.2309497874286834,13.333333333333334,0.2596469741059184,2.3978938583708324e-16,12
48,1,32,random,6,722154,6,2.389176930836722,16.0,0.30951609619793924,2.491496949766397e-16,12
48,1,32,random,6,722154,7,2.390767586561902,18.666666666666668,0.31005856906921303,2.5711343015501223e-16,12
48,1,32,random,6,722154,8,2.394287042795891,21.333333333333332,0.3112619059439691,6.709796135411388e-16,12
48,1,32,random,6,722154,9,2.4241460343923467,24.0,0.32164318200029,6.709802100952733e-16,12
48,1,32,random,6,722154,10,2.4685315305671547,26.666666666666668,0.33765933408009,6.726104761220733e-16,12
48,1,32,random,6,722154,11,2.4937150984234484,29.333333333333332,0.34706775894119435,6.726300459719171e-16,12
48,1,32,random,6,722154,12,2.5123077429018403,32.0,0.35416748333682196,6.734061674451615e-16,12
48,1,32,random,7,722155,0,0.0,0.0,0.0,0.0,12
48,1,32,random,7,722155,1,0.38480622989424834,2.6666666666666665,0.014666549428330627,2.220446049250313e-16,12
48,1,32,random,7,722155,2,0.648496407492584,5.333333333333333,0.028520712512783833,2.2226123401387487e-16,12
48,1,32,random,7,722155,3,1.2221668270937789,8.0,0.07482922316188709,2.241922372074607e-16,12
48,1,32,random,7,722155,4,1.5002031998639422,10.666666666666666,0.10883124504620438,1.151382008092754e-16,12
48,1,32,random,7,722155,5,1.5198932695483092,13.333333333333334,0.11161678829759131,1.1832704457347295e-16,12
48,1,32,random,7,722155,6,1.6470706147831249,16.0,0.13099215303038114,1.253828043984424e-16,12
48,1,32,random,7,722155,7,1.7275684628919836,18.666666666666668,0.14459234720167724,1.5979875880088336e-16,12
48,1,32,random,7,722155,8,1.82052616702481,21.333333333333332,0.16172208539926283,3.2284886977595676e-16,12
48,1,32,random,7,722155,9,1.8268908821363694,24.0,0.16295421466376825,3.4002195715056153e-16,12
48,1,32,random,7,722155,10,1.8318665284833118,26.666666666666668,0.16392291410943843,3.43331367686141e-16,12
48,1,32,random,7,722155,11,1.8413441994498365,29.333333333333332,0.16578149235507947,3.450291422544989e-16,12
48,1,32,random,7,722155,12,2.1522816209390983,32.0,0.23763962976134623,3.4673184400249044e-16,12
48,1,32,krylov,0,722156,0,0.0,0.0,0.0,0.0,12
48,1,32,krylov,0,722156,1,0.648184931685002,2.6666666666666665,0.028502098280926102,0.0,12
48,1,32,krylov,0,722156,2,1.2043990353855396,5.333333333333333,0.07296107519885092,1.1757450506243963e-16,12
48,1,32,krylov,0,722156,3,1.750400088238398,8.0,0.1486532964214322,1.1760863928266053e-16,12
48,1,32,krylov,0,722156,4,2.2310834714021257,10.666666666666666,0.2596858649687639,2.6677809066482803e-16,12
48,1,32,krylov,0,722156,5,2.73611389491769,13.333333333333334,0.4508411823214768,2.694075389677106e-16,12
48,1,32,krylov,0,722156,6,3.06089917129051,16.0,0.6358357160459215,2.8095422601462e-16,12
48,1,32,krylov,0,722156,7,3.2204475036590314,18.666666666666668,0.7512288394728509,2.809546301274949e-16,12
48,1,32,krylov,0,722156,8,3.337395428115762,21.333333333333332,0.8483038623352831,2.9738688592693484e-16,12
48,1,32,krylov,0,722156,9,3.396691959173968,24.0,0.9020356672209957,2.974467319701027e-16,12
48,1,32,krylov,0,722156,10,3.4205657785130295,26.666666666666668,0.9245848572770041,4.47841657362846e-16,12
48,1,32,krylov,0,722156,11,3.4507196891981353,29.333333333333332,0.9538459675200339,4.48232224305634e-16,12
48,1,32,krylov,0,722156,12,3.4670175715932845,32.0,0.9700324904820129,4.484259319114009e-16,12
48,1,32,krylov,1,722157,0,0.0,0.0,0.0,0.0,12
48,1,32,krylov,1,722157,1,0.08694809000519614,2.6666666666666665,0.002838751648345859,2.220446049250313e-16,12
48,1,32,krylov,1,722157,2,0.21678541948474678,5.333333333333333,0.007564923371871905,2.220446049250313e-16,12
48,1,32,krylov,1,722157,3,0.40407680837167004,8.0,0.015559968601833294,2.220446049250313e-16,12
48,1,32,krylov,1,722157,4,0.7251714437250791,10.666666666666666,0.033283909859486094,4.507157384859658e-16,12
48,1,32,krylov,1,722157,5,1.0607711108184739,13.333333333333334,0.05901867373499337,4.509229119976809e-16,12
48,1,32,krylov,1,722157,6,1.4056031916595535,16.0,0.09618705645548215,4.509618916986348e-16,12
48,1,32,krylov,1,722157,7,2.1000759510884186,18.666666666666668,0.2239621926754647,4.533902625216781e-16,12
48,1,32,krylov,1,722157,8,2.5381017835007293,21.333333333333332,0.3642382824876144,2.8467298472523127e-16,12
48,1,32,krylov,1,722157,9,2.867280419379139,24.0,0.5184099397058068,2.8514957578699075e-16,12
48,1,32,krylov,1,722157,10,3.011642855021448,26.666666666666668,0.6037736429577294,2.85157077549073e-16,12
48,1,32,krylov,1,722157,11,3.189121070032148,29.333333333333332,0.7270965311005368,2.8983170533133406e-16,12
48,1,32,krylov,1,722157,12,3.3037952294079935,32.0,0.8192416598290845,3.6363626980279267e-16,12
48,1,32,krylov,2,722158,0,0.0,0.0,0.0,0.0,12
48,1,32,krylov,2,722158,1,0.1933516731796269,2.6666666666666665,0.006665918964921007,2.220446049250313e-16,12
48,1,32,krylov,2,722158,2,0.4502949457729911,5.333333333333333,0.01777421314883796,2.2247786310271853e-16,12
48,1,32,krylov,2,722158,3,0.8002001341202162,8.0,0.03831207436692834,2.279730439449852e-16,12
48,1,32,krylov,2,722158,4,1.2352590709967113,10.666666666666666,0.07622716938292778,4.484975005550521e-16,12
48,1,32,krylov,2,722158,5,1.5443577224644411,13.333333333333334,0.11515505046542818,4.48505647172546e-16,12
48,1,32,krylov,2,722158,6,1.8871483233546367,16.0,0.17501622721728977,4.486157222703036e-16,12
48,1,32,krylov,2,722158,7,2.3095423930323884,18.666666666666668,0.2834317369609062,4.48765239134021e-16,12
48,1,32,krylov,2,722158,8,2.8106708404664498,21.333333333333332,0.4881582675738574,2.654692973828594e-16,12
48,1,32,krylov,2,722158,9,3.1022910216640702,24.0,0.66402704904137,3.1476426884884997e-16,12
48,1,32,krylov,2,722158,10,3.276607019947526,26.666666666666668,0.7964298260835364,3.1517107749906106e-16,12
48,1,32,krylov,2,722158,11,3.384552607414871,29.333333333333332,0.8907746730876388,3.1696171143826054e-16,12
48,1,32,krylov,2,722158,12,3.4435860935096954,32.0,0.9468436965528054,3.171078447631343e-16,12
48,1,32,krylov,3,722159,0,0.0,0.0,0.0,0.0,12
48,1,32,krylov,3,722159,1,0.48887822980785667,2.6666666666666665,0.019702692591228258,0.0,12
48,1,32,krylov,3,722159,2,0.7907088795118252,5.333333333333333,0.03765496633076016,1.136696799680655e-16,12
48,1,32,krylov,3,722159,3,1.1857987217701647,8.0,0.07104063230591777,2.327408299958313e-16,12
48,1,32,krylov,3,722159,4,1.5275992881530578,10.666666666666666,0.11272197525275353,2.255174184836027e-16,12
48,1,32,krylov,3,722159,5,1.9614577805588145,13.333333333333334,0.19092762103986005,2.307761576344876e-16,12
48,1,32,krylov,3,722159,6,2.5964603244753297,16.0,0.38800515678760544,2.544332067837359e-16,12
48,1,32,krylov,3,722159,7,2.9017941948783066,18.666666666666668,0.5377119561875429,2.564871812078136e-16,12
48,1,32,krylov,3,722159,8,3.1383854395018136,21.333333333333332,0.6895810739181651,4.553969130928254e-16,12
48,1,32,krylov,3,722159,9,3.3089459778854007,24.0,0.8236336297070914,4.564155529822223e-16,12
48,1,32,krylov,3,722159,10,3.384678502582611,26.666666666666668,0.8908907588456824,4.608215077988701e-16,12
48,1,32,krylov,3,722159,11,3.450201941121907,29.333333333333332,0.9533360679890913,4.610038382139572e-16,12
48,1,32,krylov,3,722159,12,3.478019320607289,32.0,0.9811091688268075,4.624188410380693e-16,12
48,1,32,krylov,4,722160,0,0.0,0.0,0.0,0.0,12
48,1,32,krylov,4,722160,1,1.3907473049603936,2.6666666666666665,0.0943078591159181,0.0,12
48,1,32,krylov,4,722160,2,2.13970676219232,5.333333333333333,0.2342795511818803,1.22875625781739e-16,12
48,1,32,krylov,4,722160,3,2.53785228480279,8.0,0.3641396209845534,2.2542571636525803e-16,12
48,1,32,krylov,4,722160,4,2.892886523490379,10.666666666666666,0.5326663357765715,2.2481162271043373e-16,12
48,1,32,krylov,4,722160,5,3.1142108113488236,13.333333333333334,0.6723641950394752,2.256566271695016e-16,12
48,1,32,krylov,4,722160,6,3.2722636594710974,16.0,0.7928427099481891,2.3408843187639353e-16,12
48,1,32,krylov,4,722160,7,3.3680138478855053,18.666666666666668,0.8756509373853782,2.3767077182581677e-16,12
48,1,32,krylov,4,722160,8,3.42837584772193,21.333333333333332,0.9320792213209962,4.530891069836595e-16,12
48,1,32,krylov,4,722160,9,3.462325862027334,24.0,0.9653457668133982,4.561256122999565e-16,12
48,1,32,krylov,4,722160,10,3.4822845601044827,26.666666666666668,0.9854363447998762,4.576283761047857e-16,12
48,1,32,krylov,4,722160,11,3.4895956574487466,29.333333333333332,0.9928966760082721,4.582197122599592e-16,12
48,1,32,krylov,4,722160,12,3.4929633532648423,32.0,0.9963515046248637,4.600408339401395e-16,12
48,1,32,krylov,5,722161,0,0.0,0.0,0.0,0.0,12
48,1,32,krylov,5,722161,1,0.4786151470501812,2.6666666666666665,0.019182435179463237,0.0,12
48,1,32,krylov,5,722161,2,0.991765661589712,5.333333333333333,0.052999702474990994,1.1757450506243963e-16,12
48,1,32,krylov,5,722161,3,1.7730409626661952,8.0,0.15277292437603404,1.2110983810307557e-16,12
48,1,32,krylov,5,722161,4,2.20151925488862,10.666666666666666,0.2512104755020699,2.2413471182655896e-16,12
48,1,32,krylov,5,722161,5,2.6029478697155444,13.333333333333334,0.3907339355515138,2.2556560000076464e-16,12
48,1,32,krylov,5,722161,6,2.8562535269210314,16.0,0.5123821933945103,2.391603666599943e-16,12
48,1,32,krylov,5,722161,7,3.0776451480557006,18.666666666666668,0.647100776919308,2.391604391874189e-16,12
48,1,32,krylov,5,722161,8,3.2563670029580796,21.333333333333332,0.7798459672728905,4.514611041284414e-16,12
48,1,32,krylov,5,722161,9,3.3723567823301397,24.0,0.8795981136641313,4.525059199810235e-16,12
48,1,32,krylov,5,722161,10,3.431760743867458,26.666666666666668,0.9353455156039487,4.525059201019978e-16,12
48,1,32,krylov,5,722161,11,3.4618677169655436,29.333333333333332,0.964889285959441,4.525543647002869e-16,12
48,1,32,krylov,5,722161,12,3.475244457076139,32.0,0.9783039042020697,4.52614889163679e-16,12
48,1,32,krylov,6,722162,0,0.0,0.0,0.0,0.0,12
48,1,32,krylov,6,722162,1,0.4874517530801827,2.6666666666666665,0.019630061576576624,0.0,12
48,1,32,krylov,6,722162,2,0.9858290583740658,5.333333333333333,0.05250102710384454,0.0,12
48,1,32,krylov,6,722162,3,1.485693765878897,8.0,0.10681341962094183,1.1910716433910285e-16,12
48,1,32,krylov,6,722162,4,2.06198868538443,10.666666666666666,0.2144246406559485,2.3633459774960126e-16,12
48,1,32,krylov,6,722162,5,2.5046547120225755,13.333333333333334,0.3512291294333435,2.392242422215849e-16,12
48,1,32,krylov,6,722162,6,2.791027657551151,16.0,0.47805499108449717,2.3960657739262044e-16,12
48,1,32,krylov,6,722162,7,3.047138443216518,18.666666666666668,0.6267190010826513,2.5173723514195126e-16,12
48,1,32,krylov,6,722162,8,3.2425851539062616,21.333333333333332,0.7687442419573177,2.83579740300295e-16,12
48,1,32,krylov,6,722162,9,3.3778395897771656,24.0,0.8846058341235277,2.84550672169093e-16,12
48,1,32,krylov,6,722162,10,3.439895327079068,26.666666666666668,0.9432404346608048,2.92639835410174e-16,12
48,1,32,krylov,6,722162,11,3.4679624659504134,29.333333333333332,0.9709790437831723,2.955800806987374e-16,12
48,1,32,krylov,6,722162,12,3.4816913172218347,32.0,0.9848333817313962,2.962169246608542e-16,12
48,1,32,krylov,7,722163,0,0.0,0.0,0.0,0.0,12
48,1,32,krylov,7,722163,1,0.1289723161259502,2.6666666666666665,0.004301832154111978,1.1102230246251565e-16,12
48,1,32,krylov,7,722163,2,0.2845576415346911,5.333333333333333,0.010286685209902967,1.1102230246251565e-16,12
48,1,32,krylov,7,722163,3,0.4915594225066019,8.0,0.019839489886589436,1.1926766641976658e-16,12
48,1,32,krylov,7,722163,4,0.9109803694848001,10.666666666666666,0.04646122755151875,2.7464631066331947e-16,12
48,1,32,krylov,7,722163,5,1.2457991849178742,13.333333333333334,0.07736598205688862,2.752253788506451e-16,12
48,1,32,krylov,7,722163,6,1.613188646954364,16.0,0.1255871527074164,2.752270254779483e-16,12
48,1,32,krylov,7,722163,7,1.9826214598515048,18.666666666666668,0.1956798266601268,2.758413421219631e-16,12
48,1,32,krylov,7,722163,8,2.2603615640554127,21.333333333333332,0.2683298341816921,4.503989828173019e-16,12
48,1,32,krylov,7,722163,9,2.480297284254023,24.0,0.3420254654830642,4.505410331850225e-16,12
48,1,32,krylov,7,722163,10,2.7503378758594743,26.666666666666668,0.457747438901976,4.505475050025148e-16,12
48,1,32,krylov,7,722163,11,3.003687511153301,29.333333333333332,0.5987418528612635,4.506900771574938e-16,12
48,1,32,krylov,7,722163,12,3.18668914868996,32.0,0.7252545326922346,4.507934200839166e-16,12
48,1,32,reply_null,0,722164,0,0.0,0.0,0.0,0.0,12
48,1,32,reply_null,0,722164,1,0.0043425455093780525,2.6666666666666665,0.00013599962573009744,0.0,12
48,1,32,reply_null,0,722164,2,1.0595307844154396,5.333333333333333,0.05890678052199096,2.2581938919711783e-16,12
48,1,32,reply_null,0,722164,3,1.5860799455133117,8.0,0.12139261230266403,2.2588285724174613e-16,12
48,1,32,reply_null,0,722164,4,1.6356297030352533,10.666666666666666,0.12914653279662805,2.483093863996295e-16,12
48,1,32,reply_null,0,722164,5,1.664480132883591,13.333333333333334,0.13384144113075644,2.5071577762470617e-16,12
48,1,32,reply_null,0,722164,6,1.7626017902125124,16.0,0.15086186960315792,2.5899660349328335e-16,12
48,1,32,reply_null,0,722164,7,1.7726973424966639,18.666666666666668,0.15270970125055497,2.6019359308839344e-16,12
48,1,32,reply_null,0,722164,8,1.8352105259646145,21.333333333333332,0.16457666430293566,5.570551346470696e-16,12
48,1,32,reply_null,0,722164,9,1.8919922264357028,24.0,0.17601778459593617,5.57105973697469e-16,12
48,1,32,reply_null,0,722164,10,1.9096057609145358,26.666666666666668,0.1797008434908723,5.589943363440497e-16,12
48,1,32,reply_null,0,722164,11,1.9884703376356618,29.333333333333332,0.1970110006238703,5.595217779121764e-16,12
48,1,32,reply_null,0,722164,12,1.9891142476395212,32.0,0.19715802749661998,5.6075645152646105e-16,12
48,1,32,reply_null,1,722165,0,0.0,0.0,0.0,0.0,12
48,1,32,reply_null,1,722165,1,0.3635621227998435,2.6666666666666665,0.013701381697240127,2.220446049250313e-16,12
48,1,32,reply_null,1,722165,2,1.742114062557344,5.333333333333333,0.1471687719847056,1.1145430237265545e-16,12
48,1,32,reply_null,1,722165,3,1.7530652628633272,8.0,0.1491334096305736,1.2819402192969132e-16,12
48,1,32,reply_null,1,722165,4,1.7705776598836807,10.666666666666666,0.15232017804894926,2.2980217819584066e-16,12
48,1,32,reply_null,1,722165,5,1.7705804307628672,13.333333333333334,0.15232068670043952,2.396938842649207e-16,12
48,1,32,reply_null,1,722165,6,1.8484653293802744,16.0,0.1671895868741149,2.401739919975831e-16,12
48,1,32,reply_null,1,722165,7,1.8654037283082636,18.666666666666668,0.17057946425884926,2.6626375735728015e-16,12
48,1,32,reply_null,1,722165,8,1.91081048179653,21.333333333333332,0.17995513352059922,5.591258868600149e-16,12
48,1,32,reply_null,1,722165,9,2.4538144541467,24.0,0.3322698234152513,5.595953309145157e-16,12
48,1,32,reply_null,1,722165,10,2.4644558447086906,26.666666666666668,0.3361588353818785,5.611387197171006e-16,12
48,1,32,reply_null,1,722165,11,2.6052913687181114,29.333333333333332,0.3917240141545622,5.612096675744966e-16,12
48,1,32,reply_null,1,722165,12,2.6056885946873978,32.0,0.3918920637919484,5.613940478061437e-16,12
48,1,32,reply_null,2,722166,0,0.0,0.0,0.0,0.0,12
48,1,32,reply_null,2,722166,1,0.8186400354892344,2.6666666666666665,0.0396066917821511,0.0,12
48,1,32,reply_null,2,722166,2,0.9848052150204104,5.333333333333333,0.05241532305263069,2.220446049250313e-16,12
48,1,32,reply_null,2,722166,3,1.0874449010961618,8.0,0.06145888152175591,2.2292215621931833e-16,12
48,1,32,reply_null,2,722166,4,1.243681140277101,10.666666666666666,0.07713617201806408,2.3339586058664545e-16,12
48,1,32,reply_null,2,722166,5,1.2912839565747563,13.333333333333334,0.08242043411321404,3.3668038386223174e-16,12
48,1,32,reply_null,2,722166,6,1.2912878599725621,16.0,0.08242087781500312,3.366804848288757e-16,12
48,1,32,reply_null,2,722166,7,1.3274552168931275,18.666666666666668,0.08660730264751408,3.3668075949741267e-16,12
48,1,32,reply_null,2,722166,8,1.58074361339249,21.333333333333332,0.12058023012599088,5.674841655852861e-16,12
48,1,32,reply_null,2,722166,9,1.6845109131050324,24.0,0.13718169375359035,5.704068479898923e-16,12
48,1,32,reply_null,2,722166,10,1.6849309532019088,26.666666666666668,0.13725245667914426,5.768104848395963e-16,12
48,1,32,reply_null,2,722166,11,2.0889949581093856,29.333333333333332,0.2211497989949639,5.77573940752398e-16,12
48,1,32,reply_null,2,722166,12,2.1098884950308006,32.0,0.22647880050034483,5.780651824081431e-16,12
48,1,32,reply_null,3,722167,0,0.0,0.0,0.0,0.0,12
48,1,32,reply_null,3,722167,1,0.09216827244917354,2.6666666666666665,0.003017166424925314,0.0,12
48,1,32,reply_null,3,722167,2,0.3205680498492684,5.333333333333333,0.011809695743225513,1.1757450506243965e-16,12
48,1,32,reply_null,3,722167,3,0.43255940126219583,8.0,0.0169124069256893,2.255047232850865e-16,12
48,1,32,reply_null,3,722167,4,0.43810042078635875,10.666666666666666,0.017180016493015187,4.538003184237155e-16,12
48,1,32,reply_null,3,722167,5,0.8377861937085029,13.333333333333334,0.04097639565606091,4.544544554055401e-16,12
48,1,32,reply_null,3,722167,6,1.2792805043951685,16.0,0.08106415280670765,4.71055893761918e-16,12
48,1,32,reply_null,3,722167,7,1.6539351615123883,18.666666666666668,0.13210970322063603,4.710723881892391e-16,12
48,1,32,reply_null,3,722167,8,2.0221709822375793,21.333333333333332,0.2048346337730302,6.882037972104082e-16,12
48,1,32,reply_null,3,722167,9,2.097575154894478,24.0,0.22332475637671906,6.883743844611782e-16,12
48,1,32,reply_null,3,722167,10,2.0975954073483454,26.666666666666668,0.22332991219243722,6.90312101489677e-16,12
48,1,32,reply_null,3,722167,11,2.1398518753635942,29.333333333333332,0.23431808581299293,6.903507378143347e-16,12
48,1,32,reply_null,3,722167,12,2.1560566820246443,32.0,0.23865662293687465,6.952769791877863e-16,12
48,1,32,reply_null,4,722168,0,0.0,0.0,0.0,0.0,12
48,1,32,reply_null,4,722168,1,0.24244723474438057,2.6666666666666665,0.008573875163964777,0.0,12
48,1,32,reply_null,4,722168,2,0.3326258521291616,5.333333333333333,0.012332043897418177,2.7755575615628914e-17,12
48,1,32,reply_null,4,722168,3,0.5135728496415526,8.0,0.020976614737427544,1.1765528985874253e-16,12
48,1,32,reply_null,4,722168,4,0.6028538326340426,10.666666666666666,0.025853945298314304,2.535929795556726e-16,12
48,1,32,reply_null,4,722168,5,0.7297710572451516,13.333333333333334,0.033581424605674086,2.5424873354716455e-16,12
48,1,32,reply_null,4,722168,6,0.7562203634650055,16.0,0.03531904899008995,2.542793412285281e-16,12
48,1,32,reply_null,4,722168,7,1.411424801635764,18.666666666666668,0.0969311089850989,2.6016989294161623e-16,12
48,1,32,reply_null,4,722168,8,1.4297695341173995,21.333333333333332,0.0993042579778794,4.68087701421457e-16,12
48,1,32,reply_null,4,722168,9,1.8020121743925483,24.0,0.15818227079337924,4.849554440019941e-16,12
48,1,32,reply_null,4,722168,10,1.814728397485992,26.666666666666668,0.16060651475634846,4.851824805942042e-16,12
48,1,32,reply_null,4,722168,11,1.9904191327992877,29.333333333333332,0.19745626828474258,4.859102653691299e-16,12
48,1,32,reply_null,4,722168,12,1.9915833581150306,32.0,0.19772268896890882,4.8794128553111595e-16,12
48,1,32,reply_null,5,722169,0,0.0,0.0,0.0,0.0,12
48,1,32,reply_null,5,722169,1,1.171005137404956,2.6666666666666665,0.06953852537452972,2.220446049250313e-16,12
48,1,32,reply_null,5,722169,2,1.1742057493126554,5.333333333333333,0.06986162711482273,1.1102230246251565e-16,12
48,1,32,reply_null,5,722169,3,1.1924094916131283,8.0,0.07171909223354614,1.1145597676566045e-16,12
48,1,32,reply_null,5,722169,4,1.3540743173505152,10.666666666666666,0.08978668646070981,2.2789647480279242e-16,12
48,1,32,reply_null,5,722169,5,1.54155053267749,13.333333333333334,0.11474464002251898,2.2815267853952504e-16,12
48,1,32,reply_null,5,722169,6,1.5861703917071581,16.0,0.12140641887033188,2.290444684654894e-16,12
48,1,32,reply_null,5,722169,7,1.6382441385848303,18.666666666666668,0.12956642784910186,2.2906345119087605e-16,12
48,1,32,reply_null,5,722169,8,1.678449893771338,21.333333333333332,0.13616391350996884,3.4046796519649757e-16,12
48,1,32,reply_null,5,722169,9,1.698833018823304,24.0,0.13961134762635838,3.4051829334763284e-16,12
48,1,32,reply_null,5,722169,10,1.8062715794781508,26.666666666666668,0.15899086040383503,3.412372396089366e-16,12
48,1,32,reply_null,5,722169,11,2.016052750233488,29.333333333333332,0.20339462286338547,3.4438007000162577e-16,12
48,1,32,reply_null,5,722169,12,2.021039284507933,32.0,0.20456760845345792,3.445684381109287e-16,12
48,1,32,reply_null,6,722170,0,0.0,0.0,0.0,0.0,12
48,1,32,reply_null,6,722170,1,1.3120943122116826,2.6666666666666665,0.08481074158301631,0.0,12
48,1,32,reply_null,6,722170,2,1.360624938570378,5.333333333333333,0.09058215450785442,2.220446049250313e-16,12
48,1,32,reply_null,6,722170,3,1.361444920823054,8.0,0.09068209568175081,2.240021245189428e-16,12
48,1,32,reply_null,6,722170,4,1.4480994626068395,10.666666666666666,0.10171937503191562,2.511003332016281e-16,12
48,1,32,reply_null,6,722170,5,1.7030208657750787,13.333333333333334,0.14032838918237928,2.539007475391002e-16,12
48,1,32,reply_null,6,722170,6,1.7965975543548582,16.0,0.1571593389170748,2.5390487140645217e-16,12
48,1,32,reply_null,6,722170,7,1.8145315698621844,18.666666666666668,0.16056875581056063,2.5506979761396305e-16,12
48,1,32,reply_null,6,722170,8,1.823647849600948,21.333333333333332,0.16232542422212373,3.2761368605601224e-16,12
48,1,32,reply_null,6,722170,9,2.064550095961931,24.0,0.21505472088173866,6.726140547909849e-16,12
48,1,32,reply_null,6,722170,10,2.122195388384956,26.666666666666668,0.22967023943060053,6.777126944618733e-16,12
48,1,32,reply_null,6,722170,11,2.26665214840342,29.333333333333332,0.27022030625052124,6.777892785724288e-16,12
48,1,32,reply_null,6,722170,12,2.328105615441052,32.0,0.28932779968291084,6.778514066176468e-16,12
48,1,32,reply_null,7,722171,0,0.0,0.0,0.0,0.0,12
48,1,32,reply_null,7,722171,1,0.3093064638111959,2.6666666666666665,0.011327495540550082,1.1102230246251565e-16,12
48,1,32,reply_null,7,722171,2,0.3143049647837163,5.333333333333333,0.011540851980377078,1.1113061700693744e-16,12
48,1,32,reply_null,7,722171,3,0.37054315963541445,8.0,0.014016286852016722,1.1841699628181102e-16,12
48,1,32,reply_null,7,722171,4,0.4264574783356672,10.666666666666666,0.016619418436343594,2.5047501590221626e-16,12
48,1,32,reply_null,7,722171,5,1.0422187855315328,13.333333333333334,0.05735941904415034,2.504876787302199e-16,12
48,1,32,reply_null,7,722171,6,1.0972034185473514,16.0,0.062368011425390626,2.549691383944537e-16,12
48,1,32,reply_null,7,722171,7,1.3681901755903014,18.666666666666668,0.09150733884016403,2.5507566544867666e-16,12
48,1,32,reply_null,7,722171,8,1.3742235049040987,21.333333333333332,0.09225021303996574,2.676112312758422e-16,12
48,1,32,reply_null,7,722171,9,1.4025070187568287,24.0,0.09579309948863979,2.7410278191302423e-16,12
48,1,32,reply_null,7,722171,10,1.6978220515427587,26.666666666666668,0.13943869967981545,4.655050355434551e-16,12
48,1,32,reply_null,7,722171,11,1.8752642514268907,29.333333333333332,0.17257945261805477,4.668033249689784e-16,12
48,1,32,reply_null,7,722171,12,1.8803307624659698,32.0,0.17361477731715114,4.675909771806926e-16,12
48,3,2,random,0,722172,0,0.0,0.0,0.0,0.0,12
48,3,2,random,0,722172,1,0.024615422381851392,0.16666666666666666,0.037381324634747366,0.0,12
48,3,2,random,0,722172,2,0.0638907681092793,0.3333333333333333,0.09759870218192494,2.243118320758831e-16,12
48,3,2,random,0,722172,3,0.10766224871374835,0.5,0.16607981176010062,2.2554785296241047e-16,12
48,3,2,random,0,722172,4,0.12323134914049844,0.6666666666666666,0.19022209314100488,2.582717721896543e-16,12
48,3,2,random,0,722172,5,0.15818698855766808,0.8333333333333334,0.24567544189923834,2.593362497055263e-16,12
48,3,2,random,0,722172,6,0.19091790025448863,1.0,0.29732662999755793,2.624837050303895e-16,12
48,3,2,random,0,722172,7,0.2148477877695194,1.1666666666666667,0.3351222538492574,2.6689825091187965e-16,12
48,3,2,random,0,722172,8,0.2271520635974399,1.3333333333333333,0.3550182702404578,4.64907626867917e-16,12
48,3,2,random,0,722172,9,0.37228618911464895,1.5,0.6090722862371774,4.752436429973776e-16,12
48,3,2,random,0,722172,10,0.3887776778363442,1.6666666666666667,0.6372339672219983,4.77679715931625e-16,12
48,3,2,random,0,722172,11,0.4393195845280893,1.8333333333333333,0.7318303073259635,4.793504281245334e-16,12
48,3,2,random,0,722172,12,0.4505083866121917,2.0,0.7520520397311712,4.876630759630953e-16,12
48,3,2,random,1,722173,0,0.0,0.0,0.0,0.0,12
48,3,2,random,1,722173,1,0.02259288879100378,0.16666666666666666,0.03427506158329776,2.220446049250313e-16,12
48,3,2,random,1,722173,2,0.06068326491434531,0.3333333333333333,0.09260162516846447,2.220446049250313e-16,12
48,3,2,random,1,722173,3,0.14448583262790043,0.5,0.2258557094365685,2.2368664373318524e-16,12
48,3,2,random,1,722173,4,0.18977937091223357,0.6666666666666666,0.2973994945384028,2.4072748750630475e-16,12
48,3,2,random,1,722173,5,0.23440979561889258,0.8333333333333334,0.3718435919875236,2.409294669549084e-16,12
48,3,2,random,1,722173,6,0.2676270638440635,1.0,0.42692600992409097,2.4167028853924456e-16,12
48,3,2,random,1,722173,7,0.31228532566581546,1.1666666666666667,0.4965205210868414,2.434749510567908e-16,12
48,3,2,random,1,722173,8,0.33273070224726303,1.3333333333333333,0.5311065464481688,4.490185972818834e-16,12
48,3,2,random,1,722173,9,0.35880823336905393,1.5,0.5757058571712762,4.49155388891597e-16,12
48,3,2,random,1,722173,10,0.4182067684677092,1.6666666666666667,0.6762076739318873,4.624574307322901e-16,12
48,3,2,random,1,722173,11,0.4782018028728603,1.8333333333333333,0.7797478422865209,4.626210693509017e-16,12
48,3,2,random,1,722173,12,0.5200972441991787,2.0,0.8571014931404528,4.642351469750583e-16,12
48,3,2,random,2,722174,0,0.0,0.0,0.0,0.0,12
48,3,2,random,2,722174,1,0.025779409842340634,0.16666666666666666,0.03917185909628096,2.220446049250313e-16,12
48,3,2,random,2,722174,2,0.036561399574681436,0.3333333333333333,0.05580831165084597,2.2546147242557157e-16,12
48,3,2,random,2,722174,3,0.07481957274369272,0.5,0.11630493851088729,2.289834988289386e-16,12
48,3,2,random,2,722174,4,0.1429158301392206,0.6666666666666666,0.22566103638784374,1.199524503694326e-16,12
48,3,2,random,2,722174,5,0.15341568248216167,0.8333333333333334,0.24322132514359304,1.220315226604569e-16,12
48,3,2,random,2,722174,6,0.23652302318846807,1.0,0.3750534172566088,2.458243566893784e-16,12
48,3,2,random,2,722174,7,0.24656238712404255,1.1666666666666667,0.39113024580984707,2.46300384707441e-16,12
48,3,2,random,2,722174,8,0.2696468303699989,1.3333333333333333,0.42882568113517106,2.594948792177486e-16,12
48,3,2,random,2,722174,9,0.3312707076225584,1.5,0.5368521557549539,2.5987369621283977e-16,12
48,3,2,random,2,722174,10,0.35877542950038777,1.6666666666666667,0.5865161857092613,2.784442558315256e-16,12
48,3,2,random,2,722174,11,0.3879910046465277,1.8333333333333333,0.6348049884120464,2.787071587449722e-16,12
48,3,2,random,2,722174,12,0.4450314239963775,2.0,0.7339981380817387,2.8377180333884766e-16,12
48,3,2,random,3,722175,0,0.0,0.0,0.0,0.0,12
48,3,2,random,3,722175,1,0.02972062997229283,0.16666666666666666,0.045250044075492546,0.0,12
48,3,2,random,3,722175,2,0.04619310206376274,0.3333333333333333,0.070283762222962,6.938893903907228e-18,12
48,3,2,random,3,722175,3,0.0661929014901769,0.5,0.10095108219689838,2.229766666072278e-16,12
48,3,2,random,3,722175,4,0.14574359128337844,0.6666666666666666,0.22581470706834547,4.445440825197424e-16,12
48,3,2,random,3,722175,5,0.18086159682260186,0.8333333333333334,0.2829377571346524,4.445451616864837e-16,12
48,3,2,random,3,722175,6,0.25561971249183657,1.0,0.4114210253459702,4.445453170817107e-16,12
48,3,2,random,3,722175,7,0.2631966270500288,1.1666666666666667,0.42391735419313153,4.488275450296846e-16,12
48,3,2,random,3,722175,8,0.3239918418888351,1.3333333333333333,0.5228205706459288,4.483275551656437e-16,12
48,3,2,random,3,722175,9,0.4288256978602274,1.5,0.7002929197916,4.487173986460041e-16,12
48,3,2,random,3,722175,10,0.4421632907880667,1.6666666666666667,0.7246128583267138,4.488283578167896e-16,12
48,3,2,random,3,722175,11,0.4499210571822623,1.8333333333333333,0.7388369259586745,4.488410925362978e-16,12
48,3,2,random,3,722175,12,0.48065912347295847,2.0,0.7960728788353473,4.49296427672357e-16,12
48,3,2,random,4,722176,0,0.0,0.0,0.0,0.0,12
48,3,2,random,4,722176,1,0.02843163461171412,0.16666666666666666,0.043259507109811586,2.220446049250313e-16,12
48,3,2,random,4,722176,2,0.05836646437720325,0.3333333333333333,0.08992266606342493,2.3514901012487926e-16,12
48,3,2,random,4,722176,3,0.09685258893299717,0.5,0.1498403630642022,2.4730445678032494e-16,12
48,3,2,random,4,722176,4,0.1005614455213251,0.6666666666666666,0.15547752608214557,2.3588259099673416e-16,12
48,3,2,random,4,722176,5,0.10452993148187534,0.8333333333333334,0.16158501139303502,2.3621966345061386e-16,12
48,3,2,random,4,722176,6,0.1170746922546605,1.0,0.18097479137210382,2.362329510932842e-16,12
48,3,2,random,4,722176,7,0.1369970385664897,1.1666666666666667,0.21186140478612508,2.397335589262427e-16,12
48,3,2,random,4,722176,8,0.15453768787223232,1.3333333333333333,0.23884335095236173,4.522372744701509e-16,12
48,3,2,random,4,722176,9,0.16768426886245918,1.5,0.2600890584222249,4.523082953696241e-16,12
48,3,2,random,4,722176,10,0.1869472650280948,1.6666666666666667,0.2915025582852782,4.574842552941104e-16,12
48,3,2,random,4,722176,11,0.23549576270400785,1.8333333333333333,0.37050750610209,4.575178238829228e-16,12
48,3,2,random,4,722176,12,0.2759617419632653,2.0,0.4362929838559729,4.581714024416184e-16,12
48,3,2,random,5,722177,0,0.0,0.0,0.0,0.0,12
48,3,2,random,5,722177,1,0.03179775147175449,0.16666666666666666,0.04846305191272224,0.0,12
48,3,2,random,5,722177,2,0.040834563019645435,0.3333333333333333,0.0622452879928731,2.237726045655905e-16,12
48,3,2,random,5,722177,3,0.08375623734353634,0.5,0.129698106922427,2.2906690972744556e-16,12
48,3,2,random,5,722177,4,0.09902271291448944,0.6666666666666666,0.15357379785162348,2.3057056393241656e-16,12
48,3,2,random,5,722177,5,0.11445157828192709,0.8333333333333334,0.1770914333292118,2.3155068179205967e-16,12
48,3,2,random,5,722177,6,0.13749449647195383,1.0,0.21255416971656307,2.3511438090269623e-16,12
48,3,2,random,5,722177,7,0.14239401669913346,1.1666666666666667,0.22035301531984547,2.477842122361594e-16,12
48,3,2,random,5,722177,8,0.20103224038596296,1.3333333333333333,0.31425266942316565,4.63941870681273e-16,12
48,3,2,random,5,722177,9,0.2668528287645532,1.5,0.4253316157359889,4.64046503376875e-16,12
48,3,2,random,5,722177,10,0.2948052949003631,1.6666666666666667,0.4700646627355519,4.734851646958249e-16,12
48,3,2,random,5,722177,11,0.3115736579333251,1.8333333333333333,0.4970740495598148,6.019632726457575e-16,12
48,3,2,random,5,722177,12,0.33908744714455996,2.0,0.5438179952802871,6.019951038795587e-16,12
48,3,2,random,6,722178,0,0.0,0.0,0.0,0.0,12
48,3,2,random,6,722178,1,0.14457418085709883,0.16666666666666666,0.2333211169227692,0.0,12
48,3,2,random,6,722178,2,0.173863376595484,0.3333333333333333,0.2780470718596862,2.2397931145959134e-16,12
48,3,2,random,6,722178,3,0.21029714060273413,0.5,0.3353137184277449,2.3397981570770047e-16,12
48,3,2,random,6,722178,4,0.2510373627542267,0.6666666666666666,0.40623171716020257,2.4506402688815785e-16,12
48,3,2,random,6,722178,5,0.28690139969953576,0.8333333333333334,0.46367303084265776,2.4895563033715215e-16,12
48,3,2,random,6,722178,6,0.3015940525466769,1.0,0.4892909872798566,2.508845164365361e-16,12
48,3,2,random,6,722178,7,0.36092895898440663,1.1666666666666667,0.5908035869079877,4.494883812492003e-16,12
48,3,2,random,6,722178,8,0.39584693862336584,1.3333333333333333,0.6509201863420288,2.3308285122544233e-16,12
48,3,2,random,6,722178,9,0.414180312859333,1.5,0.6807664605278936,2.8090207239472795e-16,12
48,3,2,random,6,722178,10,0.4180955085700969,1.6666666666666667,0.6876936007180225,2.886550633150364e-16,12
48,3,2,random,6,722178,11,0.4446117207792058,1.8333333333333333,0.7342434750979205,2.895828662370276e-16,12
48,3,2,random,6,722178,12,0.49077852729440496,2.0,0.8170470206971715,2.932058539864925e-16,12
48,3,2,random,7,722179,0,0.0,0.0,0.0,0.0,12
48,3,2,random,7,722179,1,0.042458301406693606,0.16666666666666666,0.06505882244851997,0.0,12
48,3,2,random,7,722179,2,0.1232126119723734,0.3333333333333333,0.19156323431898709,6.938893903907228e-18,12
48,3,2,random,7,722179,3,0.1547880505930802,0.5,0.2405056641207337,1.2493872428882237e-16,12
48,3,2,random,7,722179,4,0.1632964071956613,0.6666666666666666,0.25379961237970355,2.350561175700195e-16,12
48,3,2,random,7,722179,5,0.20242168745420314,0.8333333333333334,0.31790096360198516,2.544260463314965e-16,12
48,3,2,random,7,722179,6,0.237283644325823,1.0,0.3741064524507955,2.5460171346305665e-16,12
48,3,2,random,7,722179,7,0.24718354637303647,1.1666666666666667,0.38983396409867177,2.5587051040176943e-16,12
48,3,2,random,7,722179,8,0.27167152148515566,1.3333333333333333,0.4290996373162062,5.169171929535925e-16,12
48,3,2,random,7,722179,9,0.353810750478221,1.5,0.568648602735968,5.173263136867496e-16,12
48,3,2,random,7,722179,10,0.40413031310161995,1.6666666666666667,0.6530073635557552,5.173545043127342e-16,12
48,3,2,random,7,722179,11,0.4808163706531188,1.8333333333333333,0.7889273823158313,5.173551534447541e-16,12
48,3,2,random,7,722179,12,0.49140925435736704,2.0,0.808814700529776,5.190135105319882e-16,12
48,3,2,krylov,0,722180,0,0.0,0.0,0.0,0.0,12
48,3,2,krylov,0,722180,1,0.025392126616097285,0.16666666666666666,0.03857587906693184,4.440892098500626e-16,12
48,3,2,krylov,0,722180,2,0.03884476592537999,0.3333333333333333,0.0594136325529889,2.636779683484747e-16,12
48,3,2,krylov,0,722180,3,0.04751848321692224,0.5,0.0729983754834314,2.8216425658399873e-16,12
48,3,2,krylov,0,722180,4,0.05282906704431604,0.6666666666666666,0.08137413562032016,4.542204915429451e-16,12
48,3,2,krylov,0,722180,5,0.057021018809248494,0.8333333333333334,0.08801709347083822,4.55642809795164e-16,12
48,3,2,krylov,0,722180,6,0.06090693967981152,1.0,0.09420000761436106,4.559666628213557e-16,12
48,3,2,krylov,0,722180,7,0.0644662594070372,1.1666666666666667,0.09988438540845075,4.564752164302606e-16,12
48,3,2,krylov,0,722180,8,0.0661276206530202,1.3333333333333333,0.10254458048505362,4.595003311922278e-16,12
48,3,2,krylov,0,722180,9,0.06874054959572745,1.5,0.10673739097382219,4.614402624902809e-16,12
48,3,2,krylov,0,722180,10,0.07262823968925942,1.6666666666666667,0.11299604598431681,4.614882379200474e-16,12
48,3,2,krylov,0,722180,11,0.07706672250949013,1.8333333333333333,0.12017121287169255,4.678377895694323e-16,12
48,3,2,krylov,0,722180,12,0.08052162792167852,2.0,0.12577843179172585,4.679627084242777e-16,12
48,3,2,krylov,1,722181,0,0.0,0.0,0.0,0.0,12
48,3,2,krylov,1,722181,1,0.05513513284592962,0.16666666666666666,0.08502509649407085,2.220446049250313e-16,12
48,3,2,krylov,1,722181,2,0.10956600771253809,0.3333333333333333,0.17369057924328443,2.27339359936131e-16,12
48,3,2,krylov,1,722181,3,0.14058693896546845,0.5,0.22642370631396186,2.2759133461316305e-16,12
48,3,2,krylov,1,722181,4,0.16517524436348086,0.6666666666666666,0.26939972822813735,3.463446798898871e-17,12
48,3,2,krylov,1,722181,5,0.19102649012099074,0.8333333333333334,0.3157372765850232,2.343171636550956e-16,12
48,3,2,krylov,1,722181,6,0.2083847595095264,1.0,0.3475304725051794,2.3528712836264794e-16,12
48,3,2,krylov,1,722181,7,0.22695286563454173,1.1666666666666667,0.38215608558685377,2.3584354234600144e-16,12
48,3,2,krylov,1,722181,8,0.24391908164959605,1.3333333333333333,0.4143615824852732,2.3334468504493367e-16,12
48,3,2,krylov,1,722181,9,0.26535535444892894,1.5,0.4558413571211535,2.3565712189235996e-16,12
48,3,2,krylov,1,722181,10,0.2883540297315028,1.6666666666666667,0.501344366187182,2.362072757805294e-16,12
48,3,2,krylov,1,722181,11,0.3088925551044493,1.8333333333333333,0.5428740475741634,2.481042711804237e-16,12
48,3,2,krylov,1,722181,12,0.3404985267035768,2.0,0.6084722536029785,2.630430836753706e-16,12
48,3,2,krylov,2,722182,0,0.0,0.0,0.0,0.0,12
48,3,2,krylov,2,722182,1,0.04607090899348491,0.16666666666666666,0.07072299087296051,0.0,12
48,3,2,krylov,2,722182,2,0.09161552542372726,0.3333333333333333,0.14391506805409748,2.220446049250313e-16,12
48,3,2,krylov,2,722182,3,0.1305799107899964,0.5,0.2092334905816511,2.2226144515313696e-16,12
48,3,2,krylov,2,722182,4,0.1542326068835741,0.6666666666666666,0.25014337822175087,2.3047879416592107e-16,12
48,3,2,krylov,2,722182,5,0.18237756130686275,0.8333333333333334,0.3001008109461423,2.337176856420037e-16,12
48,3,2,krylov,2,722182,6,0.214999908197046,1.0,0.35979267471462395,2.337380982721593e-16,12
48,3,2,krylov,2,722182,7,0.23388222337923825,1.1666666666666667,0.39524350979026973,2.3373891875372877e-16,12
48,3,2,krylov,2,722182,8,0.25196962361855846,1.3333333333333333,0.42983543361964693,2.5337459915165146e-16,12
48,3,2,krylov,2,722182,9,0.26823676357010506,1.5,0.46148506325555405,2.8814424162826784e-16,12
48,3,2,krylov,2,722182,10,0.28869414862068216,1.6666666666666667,0.5020251769816182,2.9150144245798827e-16,12
48,3,2,krylov,2,722182,11,0.30612459011496357,1.8333333333333333,0.5372272623896924,2.937424289508506e-16,12
48,3,2,krylov,2,722182,12,0.32641198559842416,2.0,0.5789793864652454,2.9412618794324616e-16,12
48,3,2,krylov,3,722183,0,0.0,0.0,0.0,0.0,12
48,3,2,krylov,3,722183,1,0.06069718632849367,0.16666666666666666,0.09386565388722687,4.440892098500626e-16,12
48,3,2,krylov,3,722183,2,0.11340246118808248,0.3333333333333333,0.1801239480523451,4.440892098500626e-16,12
48,3,2,krylov,3,722183,3,0.14529396595207017,0.5,0.23456918474395194,4.440892098500626e-16,12
48,3,2,krylov,3,722183,4,0.17109766053830672,0.6666666666666666,0.2799099420079007,2.23736320201822e-16,12
48,3,2,krylov,3,722183,5,0.1916249812189292,0.8333333333333334,0.31682430443705356,2.250271051277896e-16,12
48,3,2,krylov,3,722183,6,0.21669681391706203,1.0,0.3629512466838886,2.2502971396529127e-16,12
48,3,2,krylov,3,722183,7,0.23735520167513866,1.1666666666666667,0.40183709242248916,2.2808151875031843e-16,12
48,3,2,krylov,3,722183,8,0.25565176566777986,1.3333333333333333,0.4369544604083873,2.849397172712361e-16,12
48,3,2,krylov,3,722183,9,0.28301832584978864,1.5,0.49069422355477926,2.913521250417625e-16,12
48,3,2,krylov,3,722183,10,0.30413970661302187,1.6666666666666667,0.5331876140488137,3.0159402197258067e-16,12
48,3,2,krylov,3,722183,11,0.323322319789753,1.8333333333333333,0.5725659477310456,3.1808073428085793e-16,12
48,3,2,krylov,3,722183,12,0.3386817896558132,2.0,0.6046451913811501,3.2583343433719417e-16,12
48,3,2,krylov,4,722184,0,0.0,0.0,0.0,0.0,12
48,3,2,krylov,4,722184,1,0.010248386045425838,0.16666666666666666,0.015451620916906824,0.0,12
48,3,2,krylov,4,722184,2,0.018546226582573117,0.3333333333333333,0.028078913987809977,2.229086047453109e-16,12
48,3,2,krylov,4,722184,3,0.030617429028449446,0.5,0.046636444424891586,2.2371458187885886e-16,12
48,3,2,krylov,4,722184,4,0.039341110687662696,0.6666666666666666,0.06018783146063062,3.3733964437594406e-16,12
48,3,2,krylov,4,722184,5,0.04909370710245676,0.8333333333333334,0.07547815268577661,3.3757392475041177e-16,12
48,3,2,krylov,4,722184,6,0.05936805620768825,1.0,0.09174860626567137,3.403708125789369e-16,12
48,3,2,krylov,4,722184,7,0.07858084482455996,1.1666666666666667,0.12262620837205056,3.410381625891373e-16,12
48,3,2,krylov,4,722184,8,0.0960707387219119,1.3333333333333333,0.1512553995561675,3.762749597116019e-16,12
48,3,2,krylov,4,722184,9,0.12725128946530617,1.5,0.20355355795279995,3.763349167640175e-16,12
48,3,2,krylov,4,722184,10,0.17526694290633768,1.6666666666666667,0.2873463806798698,3.7633906332784783e-16,12
48,3,2,krylov,4,722184,11,0.24861661822788003,1.8333333333333333,0.423375521120523,3.8066225746876534e-16,12
48,3,2,krylov,4,722184,12,0.2974881467701045,2.0,0.5197086228166518,3.8381426579617516e-16,12
48,3,2,krylov,5,722185,0,0.0,0.0,0.0,0.0,12
48,3,2,krylov,5,722185,1,0.05064083107012912,0.16666666666666666,0.07791749919550027,1.1102230246251565e-16,12
48,3,2,krylov,5,722185,2,0.08765371409288343,0.3333333333333333,0.1374150710933047,2.229086047453109e-16,12
48,3,2,krylov,5,722185,3,0.1394049828281711,0.5,0.22438435466822318,2.3716680051421617e-16,12
48,3,2,krylov,5,722185,4,0.1816980062105404,0.6666666666666666,0.29887795881093004,4.458280047523178e-16,12
48,3,2,krylov,5,722185,5,0.21532323518001978,0.8333333333333334,0.36039409309125053,4.458280282823848e-16,12
48,3,2,krylov,5,722185,6,0.2392063261250426,1.0,0.4053608900517412,4.491793748963897e-16,12
48,3,2,krylov,5,722185,7,0.26741961241141166,1.1666666666666667,0.4598828881621244,4.491941644497085e-16,12
48,3,2,krylov,5,722185,8,0.3084339511485554,1.3333333333333333,0.5419373922478862,4.559167613587257e-16,12
48,3,2,krylov,5,722185,9,0.3389769479490058,1.5,0.605266486549313,4.559225358786891e-16,12
48,3,2,krylov,5,722185,10,0.3682966920316115,1.6666666666666667,0.6679061635380288,4.573180724568368e-16,12
48,3,2,krylov,5,722185,11,0.39300467440654974,1.8333333333333333,0.7221379711459059,4.577895028048435e-16,12
48,3,2,krylov,5,722185,12,0.41029757685895163,2.0,0.7608993689082487,5.180402783537672e-16,12
48,3,2,krylov,6,722186,0,0.0,0.0,0.0,0.0,12
48,3,2,krylov,6,722186,1,0.0750877926738073,0.16666666666666666,0.11696817805550787,0.0,12
48,3,2,krylov,6,722186,2,0.1518725862764907,0.3333333333333333,0.24601787383629573,2.246698615632148e-16,12
48,3,2,krylov,6,722186,3,0.19205195100950379,0.5,0.31760019915984633,2.259307974127029e-16,12
48,3,2,krylov,6,722186,4,0.221797536053212,0.6666666666666666,0.37247791914607215,4.482982952968873e-16,12
48,3,2,krylov,6,722186,5,0.25294450343859315,0.8333333333333334,0.4317177085867363,4.49762495174609e-16,12
48,3,2,krylov,6,722186,6,0.282935788686939,1.0,0.49052992408196533,4.575596904610408e-16,12
48,3,2,krylov,6,722186,7,0.3081745128262058,1.1666666666666667,0.5414077041501668,4.590071494620676e-16,12
48,3,2,krylov,6,722186,8,0.3323793649629041,1.3333333333333333,0.5914225347236673,4.496804065791366e-16,12
48,3,2,krylov,6,722186,9,0.3519081239103107,1.5,0.6326668354869847,4.562579624418264e-16,12
48,3,2,krylov,6,722186,10,0.36993758352734074,1.6666666666666667,0.671466382492989,4.593653447943674e-16,12
48,3,2,krylov,6,722186,11,0.3817846120872002,1.8333333333333333,0.6973447952170788,4.597853073540748e-16,12
48,3,2,krylov,6,722186,12,0.3977500060573192,2.0,0.7327078116576732,4.601619180529493e-16,12
48,3,2,krylov,7,722187,0,0.0,0.0,0.0,0.0,12
48,3,2,krylov,7,722187,1,0.04756852132109819,0.16666666666666666,0.07307708730929056,1.1102230246251565e-16,12
48,3,2,krylov,7,722187,2,0.09029001820352547,0.3333333333333333,0.14173749027835214,2.2397931145959134e-16,12
48,3,2,krylov,7,722187,3,0.12389599565799118,0.5,0.1978472138334134,2.356752442697633e-16,12
48,3,2,krylov,7,722187,4,0.1471944120758778,0.6666666666666666,0.23786877438064968,4.552395849028686e-16,12
48,3,2,krylov,7,722187,5,0.18036835367174026,0.8333333333333334,0.2964876656478563,4.790179783861215e-16,12
48,3,2,krylov,7,722187,6,0.20666427011973285,1.0,0.3443545487848631,4.799501771193567e-16,12
48,3,2,krylov,7,722187,7,0.2411822101449574,1.1666666666666667,0.4091293840140113,4.810388118663157e-16,12
48,3,2,krylov,7,722187,8,0.26976278826635314,1.3333333333333333,0.46448062297113013,4.930755446050712e-16,12
48,3,2,krylov,7,722187,9,0.2893721712864774,1.5,0.5033830557133627,4.930818413748372e-16,12
48,3,2,krylov,7,722187,10,0.30488448483946606,1.6666666666666667,0.534702451953154,4.951379294221228e-16,12
48,3,2,krylov,7,722187,11,0.3144724495921449,1.8333333333333333,0.5543049311147303,5.031860826786222e-16,12
48,3,2,krylov,7,722187,12,0.3252154206889393,2.0,0.5764932403980623,5.031876110475259e-16,12
48,3,2,reply_null,0,722188,0,0.0,0.0,0.0,0.0,12
48,3,2,reply_null,0,722188,1,0.06786969141611797,0.16666666666666666,0.10533875966755774,2.220446049250313e-16,12
48,3,2,reply_null,0,722188,2,0.08340280840363298,0.3333333333333333,0.13042046353486034,2.226218456634662e-16,12
48,3,2,reply_null,0,722188,3,0.13767317399717702,0.5,0.21736483842901178,2.226233436784682e-16,12
48,3,2,reply_null,0,722188,4,0.15861290718883855,0.6666666666666666,0.24968166067972808,2.26369694421991e-16,12
48,3,2,reply_null,0,722188,5,0.16443121079233547,0.8333333333333334,0.25876791834383517,2.4056491151393803e-16,12
48,3,2,reply_null,0,722188,6,0.1720424964554454,1.0,0.27086551533568615,2.4260220708202465e-16,12
48,3,2,reply_null,0,722188,7,0.18881835693075172,1.1666666666666667,0.2969466731099721,2.446912158723139e-16,12
48,3,2,reply_null,0,722188,8,0.2498193113101979,1.3333333333333333,0.39680907334285703,2.574418285292847e-16,12
48,3,2,reply_null,0,722188,9,0.2629344254769662,1.5,0.41910994982240163,2.5744398930121485e-16,12
48,3,2,reply_null,0,722188,10,0.2974149517284121,1.6666666666666667,0.4741279796056939,2.635227834272896e-16,12
48,3,2,reply_null,0,722188,11,0.3442799250820866,1.8333333333333333,0.554483237539422,2.6433916045298176e-16,12
48,3,2,reply_null,0,722188,12,0.421719879860495,2.0,0.6949992308449913,2.7359463945761457e-16,12
48,3,2,reply_null,1,722189,0,0.0,0.0,0.0,0.0,12
48,3,2,reply_null,1,722189,1,0.04159301654697658,0.16666666666666666,0.06370518646970501,0.0,12
48,3,2,reply_null,1,722189,2,0.07624800504084603,0.3333333333333333,0.11741458403509407,1.1757450506243965e-16,12
48,3,2,reply_null,1,722189,3,0.07891280397917062,0.5,0.12143410667399815,1.2003864756975413e-16,12
48,3,2,reply_null,1,722189,4,0.11407720429832269,0.6666666666666666,0.17586085477016034,5.87233695158527e-17,12
48,3,2,reply_null,1,722189,5,0.1305686864271945,0.8333333333333334,0.202369625732839,2.330182542628667e-16,12
48,3,2,reply_null,1,722189,6,0.17416272203929312,1.0,0.27082236359610845,2.5546439858441234e-16,12
48,3,2,reply_null,1,722189,7,0.21913224651716778,1.1666666666666667,0.3429033291150225,2.728211691586366e-16,12
48,3,2,reply_null,1,722189,8,0.2354648374689814,1.3333333333333333,0.3691706643790942,3.063100203417617e-16,12
48,3,2,reply_null,1,722189,9,0.2950153651921243,1.5,0.46984744959000824,3.063522246559775e-16,12
48,3,2,reply_null,1,722189,10,0.39527619222485905,1.6666666666666667,0.638594935173104,3.065179284363367e-16,12
48,3,2,reply_null,1,722189,11,0.45487504064498063,1.8333333333333333,0.7422515605445863,3.0865471160223136e-16,12
48,3,2,reply_null,1,722189,12,0.46497158718114995,2.0,0.7598094450794164,3.0917855239606786e-16,12
48,3,2,reply_null,2,722190,0,0.0,0.0,0.0,0.0,12
48,3,2,reply_null,2,722190,1,0.07960857749207834,0.16666666666666666,0.1242946915640482,0.0,12
48,3,2,reply_null,2,722190,2,0.0990811331611427,0.3333333333333333,0.15520558167354995,1.1198965572979567e-16,12
48,3,2,reply_null,2,722190,3,0.11018051194365207,0.5,0.1722539481466417,1.227045771986939e-16,12
48,3,2,reply_null,2,722190,4,0.11782245580628553,0.6666666666666666,0.18410475096106665,2.2982471748836375e-16,12
48,3,2,reply_null,2,722190,5,0.1417002445208359,0.8333333333333334,0.22093172284989046,2.3187410889044274e-16,12
48,3,2,reply_null,2,722190,6,0.14484085819914905,1.0,0.2260980930424606,2.5466606810005905e-16,12
48,3,2,reply_null,2,722190,7,0.27580128033320805,1.1666666666666667,0.44097974531228773,2.5509870030393374e-16,12
48,3,2,reply_null,2,722190,8,0.3104962515724328,1.3333333333333333,0.4968214612368523,4.482475215275283e-16,12
48,3,2,reply_null,2,722190,9,0.34567078145755026,1.5,0.5587732978808386,4.5394419687289e-16,12
48,3,2,reply_null,2,722190,10,0.35475935312243934,1.6666666666666667,0.5750592264500557,4.725557958368082e-16,12
48,3,2,reply_null,2,722190,11,0.40478948962571365,1.8333333333333333,0.6594719633796,4.726183504385156e-16,12
48,3,2,reply_null,2,722190,12,0.4815743736967506,2.0,0.7915803032969514,4.726615714155166e-16,12
48,3,2,reply_null,3,722191,0,0.0,0.0,0.0,0.0,12
48,3,2,reply_null,3,722191,1,0.035251959302925316,0.16666666666666666,0.05382101354202883,0.0,12
48,3,2,reply_null,3,722191,2,0.05679823947757247,0.3333333333333333,0.08703695484126235,1.3877787807814457e-17,12
48,3,2,reply_null,3,722191,3,0.0825048261896598,0.5,0.12675357903957213,3.1031676915590914e-17,12
48,3,2,reply_null,3,722191,4,0.10907492297222021,0.6666666666666666,0.16748793470102566,2.2551627189699304e-16,12
48,3,2,reply_null,3,722191,5,0.18184523866248492,0.8333333333333334,0.2837846186798106,2.255358216310015e-16,12
48,3,2,reply_null,3,722191,6,0.2052735419281352,1.0,0.32143945954717906,2.328044074622068e-16,12
48,3,2,reply_null,3,722191,7,0.23256626250670215,1.1666666666666667,0.36523202785892955,2.365739291961579e-16,12
48,3,2,reply_null,3,722191,8,0.26847470595325873,1.3333333333333333,0.4232022332295017,4.62855997461295e-16,12
48,3,2,reply_null,3,722191,9,0.3362317834558006,1.5,0.5360226546757122,4.631495768035003e-16,12
48,3,2,reply_null,3,722191,10,0.37610911799874874,1.6666666666666667,0.6047437464713696,4.802741333983682e-16,12
48,3,2,reply_null,3,722191,11,0.38954242958080376,1.8333333333333333,0.6280761441650582,4.955706550079932e-16,12
48,3,2,reply_null,3,722191,12,0.44804376269424584,2.0,0.7285531027558272,4.956516247033875e-16,12
48,3,2,reply_null,4,722192,0,0.0,0.0,0.0,0.0,12
48,3,2,reply_null,4,722192,1,0.010282140594302481,0.16666666666666666,0.015502775166054946,2.220446049250313e-16,12
48,3,2,reply_null,4,722192,2,0.08049214814330478,0.3333333333333333,0.12505035729362787,3.3306690738754696e-16,12
48,3,2,reply_null,4,722192,3,0.09243548646704042,0.5,0.1431356183272802,3.3321165596092423e-16,12
48,3,2,reply_null,4,722192,4,0.11935985934522451,0.6666666666666666,0.18609429875775907,4.529773733892405e-16,12
48,3,2,reply_null,4,722192,5,0.17192063951731087,0.8333333333333334,0.267641439212684,4.539355150508354e-16,12
48,3,2,reply_null,4,722192,6,0.19361665000263545,1.0,0.30228951483507577,4.619387149582664e-16,12
48,3,2,reply_null,4,722192,7,0.23637756606926233,1.1666666666666667,0.3731319719662532,4.619810604486521e-16,12
48,3,2,reply_null,4,722192,8,0.24444200431135998,1.3333333333333333,0.3857428552510337,3.1195290249272014e-16,12
48,3,2,reply_null,4,722192,9,0.2901451380131409,1.5,0.4649237804568514,3.1882192878567877e-16,12
48,3,2,reply_null,4,722192,10,0.3008380071636031,1.6666666666666667,0.48266734108020676,3.2057409835043766e-16,12
48,3,2,reply_null,4,722192,11,0.36141709308928194,1.8333333333333333,0.5878517768325561,3.257522365701405e-16,12
48,3,2,reply_null,4,722192,12,0.3771269271240098,2.0,0.6167789661095364,3.2812671946547783e-16,12
48,3,2,reply_null,5,722193,0,0.0,0.0,0.0,0.0,12
48,3,2,reply_null,5,722193,1,0.008518632941272149,0.16666666666666666,0.0128325296151233,0.0,12
48,3,2,reply_null,5,722193,2,0.07571922410158091,0.3333333333333333,0.11778284107822026,2.7755575615628914e-17,12
48,3,2,reply_null,5,722193,3,0.08305933486350917,0.5,0.12915923798396015,2.351496210160626e-16,12
48,3,2,reply_null,5,722193,4,0.19277560797974588,0.6666666666666666,0.3132031853045315,2.5612199981617637e-16,12
48,3,2,reply_null,5,722193,5,0.2679447608132371,0.8333333333333334,0.44307189572470845,3.6680113241518134e-16,12
48,3,2,reply_null,5,722193,6,0.284107596507906,1.0,0.47123516971616347,4.486396654008459e-16,12
48,3,2,reply_null,5,722193,7,0.292558654711701,1.1666666666666667,0.4849733983282468,4.486609600664114e-16,12
48,3,2,reply_null,5,722193,8,0.30645737933450923,1.3333333333333333,0.5068124577531887,3.3851680027168425e-16,12
48,3,2,reply_null,5,722193,9,0.32186305957105815,1.5,0.5350155609043362,3.387595662156892e-16,12
48,3,2,reply_null,5,722193,10,0.3905757109709143,1.6666666666666667,0.6472269138163004,3.475465927877089e-16,12
48,3,2,reply_null,5,722193,11,0.40449026106447633,1.8333333333333333,0.6704160036912643,3.545606357775627e-16,12
48,3,2,reply_null,5,722193,12,0.4364327019879277,2.0,0.7306450792354402,4.672420790486482e-16,12
48,3,2,reply_null,6,722194,0,0.0,0.0,0.0,0.0,12
48,3,2,reply_null,6,722194,1,0.06194557180774785,0.16666666666666666,0.09585665513536942,2.220446049250313e-16,12
48,3,2,reply_null,6,722194,2,0.15740438722915503,0.3333333333333333,0.24649537807004537,2.2247786310271853e-16,12
48,3,2,reply_null,6,722194,3,0.16519128644613768,0.5,0.25896136490987,2.3538232497172645e-16,12
48,3,2,reply_null,6,722194,4,0.17457244859688403,0.6666666666666666,0.2737954403590094,2.7813566377132154e-16,12
48,3,2,reply_null,6,722194,5,0.1862321905180326,0.8333333333333334,0.2926234443747449,2.8208857401687793e-16,12
48,3,2,reply_null,6,722194,6,0.19381414379770778,1.0,0.30518436288603595,2.8259623745896714e-16,12
48,3,2,reply_null,6,722194,7,0.35577427448898424,1.1666666666666667,0.5777785969992596,2.8260583999227013e-16,12
48,3,2,reply_null,6,722194,8,0.397087739811739,1.3333333333333333,0.6499176337343292,4.520557910814615e-16,12
48,3,2,reply_null,6,722194,9,0.4466600337222706,1.5,0.7339643780619052,4.540539650838224e-16,12
48,3,2,reply_null,6,722194,10,0.4633276405151393,1.6666666666666667,0.7612227445157442,4.540549532610888e-16,12
48,3,2,reply_null,6,722194,11,0.5063834056459708,1.8333333333333333,0.8353742302139775,4.553178459546366e-16,12
48,3,2,reply_null,6,722194,12,0.5184175810466215,2.0,0.8571132970755752,4.583180508135943e-16,12
48,3,2,reply_null,7,722195,0,0.0,0.0,0.0,0.0,12
48,3,2,reply_null,7,722195,1,0.028973621670991864,0.16666666666666666,0.04409616049894598,0.0,12
48,3,2,reply_null,7,722195,2,0.06835103156021116,0.3333333333333333,0.1050838707092233,6.938893903907228e-18,12
48,3,2,reply_null,7,722195,3,0.10541710705454913,0.5,0.1625417561844975,9.813077866773595e-18,12
48,3,2,reply_null,7,722195,4,0.14524415056503964,0.6666666666666666,0.22742439924750651,2.2500265457059355e-16,12
48,3,2,reply_null,7,722195,5,0.16419736808018598,0.8333333333333334,0.2569422124110715,2.407454949959e-16,12
48,3,2,reply_null,7,722195,6,0.1868833192796947,1.0,0.2920729197131598,2.4095586029268034e-16,12
48,3,2,reply_null,7,722195,7,0.259407195482668,1.1666666666666667,0.4093122383672651,3.0981511447641706e-16,12
48,3,2,reply_null,7,722195,8,0.267404624571574,1.3333333333333333,0.4223868499756156,4.51987678234194e-16,12
48,3,2,reply_null,7,722195,9,0.38802565576140186,1.5,0.6338096982766938,4.524608895687766e-16,12
48,3,2,reply_null,7,722195,10,0.45019884742457583,1.6666666666666667,0.7352264486845633,4.524908675672222e-16,12
48,3,2,reply_null,7,722195,11,0.4653739331777506,1.8333333333333333,0.7614733783651625,4.545569236297257e-16,12
48,3,2,reply_null,7,722195,12,0.5964548664372737,2.0,0.9982283004587209,4.5511268604631525e-16,12
48,3,8,random,0,722196,0,0.0,0.0,0.0,0.0,12
48,3,8,random,0,722196,1,0.2338645649963208,0.6666666666666666,0.09880251078753415,2.220446049250313e-16,12
48,3,8,random,0,722196,2,0.3084856747014317,1.3333333333333333,0.1345798399384851,1.1145430237265545e-16,12
48,3,8,random,0,722196,3,0.6192252732615888,2.0,0.28130126427819313,1.1611251004040523e-16,12
48,3,8,random,0,722196,4,0.6783822046566541,2.6666666666666665,0.3125951686048362,2.2465751916693556e-16,12
48,3,8,random,0,722196,5,0.7857766963957362,3.3333333333333335,0.36173921998779157,2.3100987160370433e-16,12
48,3,8,random,0,722196,6,0.8673487441066596,4.0,0.39540588219272066,2.3618265613778753e-16,12
48,3,8,random,0,722196,7,0.9041421108579482,4.666666666666667,0.4170809242551811,2.4869571598566066e-16,12
48,3,8,random,0,722196,8,0.9275388957924493,5.333333333333333,0.4292271822806321,3.857979383480618e-16,12
48,3,8,random,0,722196,9,0.9608357395129461,6.0,0.444951594202019,3.886346651209823e-16,12
48,3,8,random,0,722196,10,1.1410010045700083,6.666666666666667,0.5411470910841439,3.9737773033158e-16,12
48,3,8,random,0,722196,11,1.2751547250821895,7.333333333333333,0.6064732915033225,3.981546923161827e-16,12
48,3,8,random,0,722196,12,1.341962060195607,8.0,0.6451464288305566,3.982012239483867e-16,12
48,3,8,random,1,722197,0,0.0,0.0,0.0,0.0,12
48,3,8,random,1,722197,1,0.03166775875227894,0.6666666666666666,0.012065444018019431,0.0,12
48,3,8,random,1,722197,2,0.1600064727816835,1.3333333333333333,0.06494863349421248,6.938893903907228e-18,12
48,3,8,random,1,722197,3,0.41771363038191417,2.0,0.1753530353340403,2.298773309554751e-16,12
48,3,8,random,1,722197,4,0.6596351943122457,2.6666666666666665,0.2799141429266084,4.456909286424705e-16,12
48,3,8,random,1,722197,5,0.8007396395376619,3.3333333333333335,0.3493452075288105,4.47775616070366e-16,12
48,3,8,random,1,722197,6,0.8883936869229886,4.0,0.39619995053600593,4.486794539143289e-16,12
48,3,8,random,1,722197,7,0.9653677773331649,4.666666666666667,0.43931019815865247,4.641999011541445e-16,12
48,3,8,random,1,722197,8,1.2609436597936163,5.333333333333333,0.6195956663706284,6.118263303776181e-16,12
48,3,8,random,1,722197,9,1.2663083374347512,6.0,0.6225462584489778,6.119306649088594e-16,12
48,3,8,random,1,722197,10,1.4846965987541028,6.666666666666667,0.7551174940448545,6.120538437686359e-16,12
48,3,8,random,1,722197,11,1.5542444064611325,7.333333333333333,0.8016386249621718,6.121423223070276e-16,12
48,3,8,random,1,722197,12,1.7256542725534025,8.0,0.896287898350743,6.128426287687125e-16,12
48,3,8,random,2,722198,0,0.0,0.0,0.0,0.0,12
48,3,8,random,2,722198,1,0.2102221540356895,0.6666666666666666,0.08773205886047057,0.0,12
48,3,8,random,2,722198,2,0.24054511544377416,1.3333333333333333,0.09987524946461901,4.5102810375396984e-17,12
48,3,8,random,2,722198,3,0.36679979762135345,2.0,0.15362594531844803,1.2668978826338184e-16,12
48,3,8,random,2,722198,4,0.5436581875336848,2.6666666666666665,0.2401090383785819,3.341692009284061e-16,12
48,3,8,random,2,722198,5,0.7770447015544452,3.3333333333333335,0.3443045913055873,3.3433001450235947e-16,12
48,3,8,random,2,722198,6,0.9497160801036921,4.0,0.4347447180969769,3.343398773722302e-16,12
48,3,8,random,2,722198,7,1.1005217789400663,4.666666666666667,0.5137049249778858,3.3473606153974823e-16,12
48,3,8,random,2,722198,8,1.19963016999378,5.333333333333333,0.5680874355131514,6.71290397463373e-16,12
48,3,8,random,2,722198,9,1.3106826373976566,6.0,0.6315272353661402,6.7159227911538e-16,12
48,3,8,random,2,722198,10,1.4690174979234918,6.666666666666667,0.7375772918661845,6.721181264030224e-16,12
48,3,8,random,2,722198,11,1.5931144955501597,7.333333333333333,0.8114089992958872,6.731321030475866e-16,12
48,3,8,random,2,722198,12,1.61627038292522,8.0,0.82482170825651,6.745490608288973e-16,12
48,3,8,random,3,722199,0,0.0,0.0,0.0,0.0,12
48,3,8,random,3,722199,1,0.1967093358568071,0.6666666666666666,0.08152130160511864,0.0,12
48,3,8,random,3,722199,2,0.2830734173258601,1.3333333333333333,0.12213947222253355,2.222612340138749e-16,12
48,3,8,random,3,722199,3,0.6260816036961645,2.0,0.3218751985360345,2.2488149593478907e-16,12
48,3,8,random,3,722199,4,0.7592627136851618,2.6666666666666665,0.3885002046114277,2.4011045478232896e-16,12
48,3,8,random,3,722199,5,1.037119516774227,3.3333333333333335,0.5237265171976639,2.421883456022654e-16,12
48,3,8,random,3,722199,6,1.1228657095677637,4.0,0.5671944723401254,2.4242341414007045e-16,12
48,3,8,random,3,722199,7,1.1678317120079362,4.666666666666667,0.5899785045250037,2.456761032375897e-16,12
48,3,8,random,3,722199,8,1.2272061973913662,5.333333333333333,0.6210351502132236,2.672650707646534e-16,12
48,3,8,random,3,722199,9,1.30873478784129,6.0,0.6643971174205565,2.7898903502325404e-16,12
48,3,8,random,3,722199,10,1.3438833998644149,6.666666666666667,0.6862877486757474,2.790001041568929e-16,12
48,3,8,random,3,722199,11,1.3626742368550604,7.333333333333333,0.6991509290522694,2.790073959707546e-16,12
48,3,8,random,3,722199,12,1.572748449950233,8.0,0.8376429527891115,3.0627388501599015e-16,12
48,3,8,random,4,722200,0,0.0,0.0,0.0,0.0,12
48,3,8,random,4,722200,1,0.08551124890510783,0.6666666666666666,0.033477680404846256,2.220446049250313e-16,12
48,3,8,random,4,722200,2,0.32847677881016857,1.3333333333333333,0.14361500234167587,2.243417265928644e-16,12
48,3,8,random,4,722200,3,0.4526356950288869,2.0,0.19321162026616368,2.5010300683564877e-16,12
48,3,8,random,4,722200,4,0.49437209669831006,2.6666666666666665,0.21181555348995304,2.272516370849603e-16,12
48,3,8,random,4,722200,5,0.5243426438651159,3.3333333333333335,0.2262053859433413,2.2733902171216983e-16,12
48,3,8,random,4,722200,6,0.5820593131176964,4.0,0.2549436311193672,2.4338753799375267e-16,12
48,3,8,random,4,722200,7,0.6618515459844894,4.666666666666667,0.2943251598239345,2.4481470084623867e-16,12
48,3,8,random,4,722200,8,0.6677399160653202,5.333333333333333,0.2974346808464759,3.464779434177123e-16,12
48,3,8,random,4,722200,9,0.8288529356909469,6.0,0.39593349257613036,3.4654902378648754e-16,12
48,3,8,random,4,722200,10,0.9261518630674324,6.666666666666667,0.4425774351305441,3.6010635104570875e-16,12
48,3,8,random,4,722200,11,0.9642451716930838,7.333333333333333,0.46594167117473156,4.644596100749056e-16,12
48,3,8,random,4,722200,12,1.0308417518409545,8.0,0.5117557447741841,4.644795772846978e-16,12
48,3,8,random,5,722201,0,0.0,0.0,0.0,0.0,12
48,3,8,random,5,722201,1,0.28493528136473634,0.6666666666666666,0.12362848894596894,2.220446049250313e-16,12
48,3,8,random,5,722201,2,0.33198398088200637,1.3333333333333333,0.14297101571898227,2.220446049250313e-16,12
48,3,8,random,5,722201,3,0.5562119128889111,2.0,0.24400142254085416,2.519199618208231e-16,12
48,3,8,random,5,722201,4,0.669356686189237,2.6666666666666665,0.3067955627337951,3.3800328043606714e-16,12
48,3,8,random,5,722201,5,0.7967606838458303,3.3333333333333335,0.37082250275497736,3.434577486554565e-16,12
48,3,8,random,5,722201,6,0.9922126592090792,4.0,0.48220494990736884,3.447806396157341e-16,12
48,3,8,random,5,722201,7,1.0444780105994127,4.666666666666667,0.5067005959183614,3.462265519325478e-16,12
48,3,8,random,5,722201,8,1.1891755691240808,5.333333333333333,0.5719954689501627,5.613871507480266e-16,12
48,3,8,random,5,722201,9,1.3033644563018254,6.0,0.6367977591449383,5.615395350692809e-16,12
48,3,8,random,5,722201,10,1.3184545181825085,6.666666666666667,0.6466681853603794,5.615577402354577e-16,12
48,3,8,random,5,722201,11,1.4232600368445159,7.333333333333333,0.7219630411552527,5.679195867378894e-16,12
48,3,8,random,5,722201,12,1.4527355602907488,8.0,0.7418939168696668,5.682101625467158e-16,12
48,3,8,random,6,722202,0,0.0,0.0,0.0,0.0,12
48,3,8,random,6,722202,1,0.1353239826644441,0.6666666666666666,0.05434037043853822,1.1102230246251565e-16,12
48,3,8,random,6,722202,2,0.14424169707797993,1.3333333333333333,0.05784613068233014,1.1102230246251565e-16,12
48,3,8,random,6,722202,3,0.22065018756118127,2.0,0.08849504501537453,1.340684706449111e-16,12
48,3,8,random,6,722202,4,0.31648548599409776,2.6666666666666665,0.12838991804689162,2.9501442981489293e-16,12
48,3,8,random,6,722202,5,0.38237857765509287,3.3333333333333335,0.15791687972166393,2.951636272580159e-16,12
48,3,8,random,6,722202,6,0.5561313076362729,4.0,0.23877617694223402,2.9517582487815896e-16,12
48,3,8,random,6,722202,7,0.576058300247165,4.666666666666667,0.24846614638769107,2.9540885372267984e-16,12
48,3,8,random,6,722202,8,0.6279776088873209,5.333333333333333,0.2751537327216724,4.502830594594529e-16,12
48,3,8,random,6,722202,9,0.8121761408377725,6.0,0.37068000091051473,4.502906311970626e-16,12
48,3,8,random,6,722202,10,0.9996625504293878,6.666666666666667,0.46149817286044165,5.100934335662503e-16,12
48,3,8,random,6,722202,11,1.1066379243557727,7.333333333333333,0.5226818283384143,5.130362930454434e-16,12
48,3,8,random,6,722202,12,1.1885099878238083,8.0,0.5662088785451584,5.133641011682076e-16,12
48,3,8,random,7,722203,0,0.0,0.0,0.0,0.0,12
48,3,8,random,7,722203,1,0.05251884910794286,0.6666666666666666,0.020220910270841996,0.0,12
48,3,8,random,7,722203,2,0.10526539210063227,1.3333333333333333,0.04053184458620951,2.222612340138749e-16,12
48,3,8,random,7,722203,3,0.30312463987721217,2.0,0.12581808152669752,2.227213127867581e-16,12
48,3,8,random,7,722203,4,0.6438167189770527,2.6666666666666665,0.297168070785011,4.452907618370278e-16,12
48,3,8,random,7,722203,5,0.6722865145703272,3.3333333333333335,0.3109630870099853,4.453022234419872e-16,12
48,3,8,random,7,722203,6,0.9033901643984654,4.0,0.42521960750708127,4.453029479384083e-16,12
48,3,8,random,7,722203,7,1.0322612959155104,4.666666666666667,0.492767433070021,4.455989567739468e-16,12
48,3,8,random,7,722203,8,1.4649365081763315,5.333333333333333,0.8052578877012576,3.535581888155481e-16,12
48,3,8,random,7,722203,9,1.6656395292226671,6.0,0.9268604917451152,3.5374138322339867e-16,12
48,3,8,random,7,722203,10,1.7460946852416273,6.666666666666667,0.9836713694426146,5.706184547820813e-16,12
48,3,8,random,7,722203,11,1.7497455081155293,7.333333333333333,0.9859694994202645,5.770987232444182e-16,12
48,3,8,random,7,722203,12,1.9462866348702303,8.0,1.1276898228864518,5.801533009824671e-16,12
48,3,8,krylov,0,722204,0,0.0,0.0,0.0,0.0,12
48,3,8,krylov,0,722204,1,0.07852011691270573,0.6666666666666666,0.030631918165665076,1.1102230246251565e-16,12
48,3,8,krylov,0,722204,2,0.1276560806190787,1.3333333333333333,0.051060820237625655,1.136696799680655e-16,12
48,3,8,krylov,0,722204,3,0.17041691341893853,2.0,0.06967467144212953,1.1408215697163901e-16,12
48,3,8,krylov,0,722204,4,0.21880059958018178,2.6666666666666665,0.09171865558285733,2.234196427646259e-16,12
48,3,8,krylov,0,722204,5,0.29320120611582257,3.3333333333333335,0.12776719607025847,2.235415422229498e-16,12
48,3,8,krylov,0,722204,6,0.39004681152735043,4.0,0.1788937257104116,2.2679220831238304e-16,12
48,3,8,krylov,0,722204,7,0.47873169647486924,4.666666666666667,0.2302597607197631,2.8155769950555846e-16,12
48,3,8,krylov,0,722204,8,0.5844025660676464,5.333333333333333,0.29771959402262693,4.522276847688353e-16,12
48,3,8,krylov,0,722204,9,0.7093872513045074,6.0,0.38727949309520654,4.712673911023079e-16,12
48,3,8,krylov,0,722204,10,0.842018602077013,6.666666666666667,0.4953928209231841,4.742746469608788e-16,12
48,3,8,krylov,0,722204,11,1.005941600280638,7.333333333333333,0.6504303183489532,4.745330062673589e-16,12
48,3,8,krylov,0,722204,12,1.1150090278075615,8.0,0.7685983913331086,4.758303024406972e-16,12
48,3,8,krylov,1,722205,0,0.0,0.0,0.0,0.0,12
48,3,8,krylov,1,722205,1,0.012771365465767466,0.6666666666666666,0.004819975368703973,0.0,12
48,3,8,krylov,1,722205,2,0.03041875729337314,1.3333333333333333,0.011582300500037005,2.229086047453109e-16,12
48,3,8,krylov,1,722205,3,0.04894358766487474,2.0,0.01881041513576287,2.3055655350734567e-16,12
48,3,8,krylov,1,722205,4,0.06696852442777464,2.6666666666666665,0.025973183256458744,2.2864348967100163e-16,12
48,3,8,krylov,1,722205,5,0.09356116544702713,3.3333333333333335,0.03677916213925539,2.2864544336594623e-16,12
48,3,8,krylov,1,722205,6,0.14946616558540704,4.0,0.06045531792948508,2.2867443892100445e-16,12
48,3,8,krylov,1,722205,7,0.2604258860566477,4.666666666666667,0.11155595577777239,2.534368807220145e-16,12
48,3,8,krylov,1,722205,8,0.3872595444853892,5.333333333333333,0.17735202554712087,2.666737806303824e-16,12
48,3,8,krylov,1,722205,9,0.5502872252570308,6.0,0.2751565962798948,2.681501312704028e-16,12
48,3,8,krylov,1,722205,10,0.675310343309553,6.666666666666667,0.3617409731453964,2.863657316183663e-16,12
48,3,8,krylov,1,722205,11,0.7667565622476927,7.333333333333333,0.4322897003846745,2.866111188998416e-16,12
48,3,8,krylov,1,722205,12,0.856254548282208,8.0,0.5078723041660802,3.219430261824951e-16,12
48,3,8,krylov,2,722206,0,0.0,0.0,0.0,0.0,12
48,3,8,krylov,2,722206,1,0.3508583166184497,0.6666666666666666,0.1576072802704863,0.0,12
48,3,8,krylov,2,722206,2,0.7037305932466561,1.3333333333333333,0.38297971132114794,1.1102230246251565e-16,12
48,3,8,krylov,2,722206,3,0.898579383153584,2.0,0.5460417893601061,1.234981490067838e-16,12
48,3,8,krylov,2,722206,4,0.9929387722896172,2.6666666666666665,0.6371831363621857,2.2728291846775403e-16,12
48,3,8,krylov,2,722206,5,1.1101087346385223,3.3333333333333335,0.763008132089039,2.279677913473433e-16,12
48,3,8,krylov,2,722206,6,1.1586881544915886,4.0,0.8196567450433572,2.286862300735696e-16,12
48,3,8,krylov,2,722206,7,1.195723496579167,4.666666666666667,0.8647307805282983,2.298912394435865e-16,12
48,3,8,krylov,2,722206,8,1.2242790643551558,5.333333333333333,0.9006422934610556,3.4514250592798344e-16,12
48,3,8,krylov,2,722206,9,1.2469137038808413,6.0,0.9298452493493808,3.514544813296806e-16,12
48,3,8,krylov,2,722206,10,1.2584450200156403,6.666666666666667,0.9449789203037559,3.514545371607916e-16,12
48,3,8,krylov,2,722206,11,1.2688168637084674,7.333333333333333,0.9587407799020315,3.544379909288828e-16,12
48,3,8,krylov,2,722206,12,1.2785120196022481,8.0,0.9717344909324833,3.5515039254931854e-16,12
48,3,8,krylov,3,722207,0,0.0,0.0,0.0,0.0,12
48,3,8,krylov,3,722207,1,0.10193244571927304,0.6666666666666666,0.04024074966028927,1.1102230246251565e-16,12
48,3,8,krylov,3,722207,2,0.1854309452727221,1.3333333333333333,0.07640140243864631,2.359223927328458e-16,12
48,3,8,krylov,3,722207,3,0.26421089399994335,2.0,0.11340106360634841,2.363298592186202e-16,12
48,3,8,krylov,3,722207,4,0.3715447539610549,2.6666666666666665,0.16873977625227715,2.2635162937519255e-16,12
48,3,8,krylov,3,722207,5,0.4932143661681948,3.3333333333333335,0.23908932138712333,2.2635463756150997e-16,12
48,3,8,krylov,3,722207,6,0.5531119718219807,4.0,0.27699572019850827,2.27401163420576e-16,12
48,3,8,krylov,3,722207,7,0.5996526653091977,4.666666666666667,0.30805725945716866,2.274184646661931e-16,12
48,3,8,krylov,3,722207,8,0.6582929735138016,5.333333333333333,0.3493096537396618,4.50896231679355e-16,12
48,3,8,krylov,3,722207,9,0.7302628207133588,6.0,0.4033597700676753,4.515580879960867e-16,12
48,3,8,krylov,3,722207,10,0.8078217664255893,6.666666666666667,0.4661313176189893,4.533058870325571e-16,12
48,3,8,krylov,3,722207,11,0.8912714721037852,7.333333333333333,0.5393354324665096,4.535676959991903e-16,12
48,3,8,krylov,3,722207,12,0.9461094689096197,8.0,0.590876032159962,4.560193063971034e-16,12
48,3,8,krylov,4,722208,0,0.0,0.0,0.0,0.0,12
48,3,8,krylov,4,722208,1,0.15231143206840997,0.6666666666666666,0.0616960686466043,3.3306690738754696e-16,12
48,3,8,krylov,4,722208,2,0.3223517014791841,1.3333333333333333,0.1426388133096548,2.229086047453109e-16,12
48,3,8,krylov,4,722208,3,0.45887913143828946,2.0,0.2183622903623889,2.234974199620442e-16,12
48,3,8,krylov,4,722208,4,0.5769603629253659,2.6666666666666665,0.292731661770599,2.3384248340217635e-16,12
48,3,8,krylov,4,722208,5,0.6476781916758825,3.3333333333333335,0.34166192607044343,2.3388191034657605e-16,12
48,3,8,krylov,4,722208,6,0.7185151516644549,4.0,0.3942693572141613,2.535598221996065e-16,12
48,3,8,krylov,4,722208,7,0.7665898828296069,4.666666666666667,0.43215515302063756,2.6106557623149345e-16,12
48,3,8,krylov,4,722208,8,0.8137565928941105,5.333333333333333,0.4711381286076007,4.59961305699854e-16,12
48,3,8,krylov,4,722208,9,0.846126533092268,6.0,0.4989756886359745,4.603884266901375e-16,12
48,3,8,krylov,4,722208,10,0.8866872063169613,6.666666666666667,0.5351534687661623,4.604269875039698e-16,12
48,3,8,krylov,4,722208,11,0.921888147330086,7.333333333333333,0.5677622908646232,4.643692123882816e-16,12
48,3,8,krylov,4,722208,12,0.9484775162768813,8.0,0.5931659826405202,4.661890671656165e-16,12
48,3,8,krylov,5,722209,0,0.0,0.0,0.0,0.0,12
48,3,8,krylov,5,722209,1,0.4771130636492743,0.6666666666666666,0.2292808598573093,0.0,12
48,3,8,krylov,5,722209,2,0.7040582757828906,1.3333333333333333,0.38322812873416906,1.1757450506243963e-16,12
48,3,8,krylov,5,722209,3,0.8169422441752907,2.0,0.47383792764697524,1.1757450506243965e-16,12
48,3,8,krylov,5,722209,4,0.9358172736268109,2.6666666666666665,0.5809860296398823,2.258275566692557e-16,12
48,3,8,krylov,5,722209,5,1.0201546142171043,3.3333333333333335,0.6651088396690111,2.316400863232322e-16,12
48,3,8,krylov,5,722209,6,1.0824371778220991,4.0,0.7319493792472725,2.6639576774339443e-16,12
48,3,8,krylov,5,722209,7,1.132571394755313,4.666666666666667,0.788860086803054,2.683039653318732e-16,12
48,3,8,krylov,5,722209,8,1.1638992983119478,5.333333333333333,0.8258985224324278,2.4549802401682516e-16,12
48,3,8,krylov,5,722209,9,1.1782180692716238,6.0,0.8432176114493649,3.0850686648315147e-16,12
48,3,8,krylov,5,722209,10,1.1913504756652336,6.666666666666667,0.8593212485163899,3.158308406684811e-16,12
48,3,8,krylov,5,722209,11,1.2066857110779794,7.333333333333333,0.8783957375169934,3.1678304181516257e-16,12
48,3,8,krylov,5,722209,12,1.2212921359360809,8.0,0.8968377260560076,3.174548021476632e-16,12
48,3,8,krylov,6,722210,0,0.0,0.0,0.0,0.0,12
48,3,8,krylov,6,722210,1,0.057990569599992464,0.6666666666666666,0.022389375832914626,0.0,12
48,3,8,krylov,6,722210,2,0.13228374153539899,1.3333333333333333,0.05303705438738917,2.221891025259203e-16,12
48,3,8,krylov,6,722210,3,0.181138211609762,2.0,0.07446780961168233,3.3494913174069166e-16,12
48,3,8,krylov,6,722210,4,0.2495290409224569,2.6666666666666665,0.10628281336484915,2.4003261535399517e-16,12
48,3,8,krylov,6,722210,5,0.35051176480162866,3.3333333333333335,0.1574227362287401,2.4087780796967795e-16,12
48,3,8,krylov,6,722210,6,0.47403776005613846,4.0,0.2274253673215169,2.5457750727008426e-16,12
48,3,8,krylov,6,722210,7,0.6087089336793596,4.666666666666667,0.31427130487159977,2.560785061584056e-16,12
48,3,8,krylov,6,722210,8,0.7463028866680177,5.333333333333333,0.415945379278725,2.853328839766169e-16,12
48,3,8,krylov,6,722210,9,0.880225993913254,6.0,0.5292917312427012,2.8891087868443075e-16,12
48,3,8,krylov,6,722210,10,0.9959926162161078,6.666666666666667,0.640278910284936,3.014143821158473e-16,12
48,3,8,krylov,6,722210,11,1.0845767242880362,7.333333333333333,0.734320284305949,3.0141471179753124e-16,12
48,3,8,krylov,6,722210,12,1.1583153867987788,8.0,0.8192114985967082,3.028450175549418e-16,12
48,3,8,krylov,7,722211,0,0.0,0.0,0.0,0.0,12
48,3,8,krylov,7,722211,1,0.1289714583957895,0.6666666666666666,0.051621619922956254,0.0,12
48,3,8,krylov,7,722211,2,0.24508638027857457,1.3333333333333333,0.10414937972118406,1.127307362127858e-16,12
48,3,8,krylov,7,722211,3,0.362895846257264,2.0,0.16405729945621708,1.2590556514222313e-16,12
48,3,8,krylov,7,722211,4,0.45232217421047927,2.6666666666666665,0.21448436678723828,2.35949978942777e-16,12
48,3,8,krylov,7,722211,5,0.5335479914183773,3.3333333333333335,0.2643640544303182,2.4600392359569214e-16,12
48,3,8,krylov,7,722211,6,0.5997043680849763,4.0,0.30809257632648057,2.5240481610507214e-16,12
48,3,8,krylov,7,722211,7,0.6531749975387198,4.666666666666667,0.34561212433761296,2.7820252638931866e-16,12
48,3,8,krylov,7,722211,8,0.7368952618582045,5.333333333333333,0.408539353084761,2.7937187024395657e-16,12
48,3,8,krylov,7,722211,9,0.8463827549145204,6.0,0.4991996489700584,2.808865637002233e-16,12
48,3,8,krylov,7,722211,10,0.8952417445031218,6.666666666666667,0.5429728091077942,3.061367574412691e-16,12
48,3,8,krylov,7,722211,11,0.9224805885131353,7.333333333333333,0.5683209875526791,3.082603235290065e-16,12
48,3,8,krylov,7,722211,12,0.954129530893427,8.0,0.598653564262901,3.112637997577597e-16,12
48,3,8,reply_null,0,722212,0,0.0,0.0,0.0,0.0,12
48,3,8,reply_null,0,722212,1,0.10878002816204935,0.6666666666666666,0.043093902377877163,0.0,12
48,3,8,reply_null,0,722212,2,0.41174550248990927,1.3333333333333333,0.1799877608450561,1.1273073621278578e-16,12
48,3,8,reply_null,0,722212,3,0.4366179573551684,2.0,0.19151790458026335,2.3600850055312283e-16,12
48,3,8,reply_null,0,722212,4,0.5698430732650779,2.6666666666666665,0.24760607438666166,4.691337340010828e-16,12
48,3,8,reply_null,0,722212,5,0.7122496060015899,3.3333333333333335,0.3089105567155224,4.707188721257823e-16,12
48,3,8,reply_null,0,722212,6,0.7913389291867433,4.0,0.3464727791978294,4.717502943358157e-16,12
48,3,8,reply_null,0,722212,7,1.0936052292850398,4.666666666666667,0.5028423063766164,4.7176415903128e-16,12
48,3,8,reply_null,0,722212,8,1.2672524693532137,5.333333333333333,0.5930395248646775,3.5551953966504413e-16,12
48,3,8,reply_null,0,722212,9,1.3637758625669427,6.0,0.6501148805904213,3.62603917293635e-16,12
48,3,8,reply_null,0,722212,10,1.4926677536865922,6.666666666666667,0.7281079647112747,3.627054855608211e-16,12
48,3,8,reply_null,0,722212,11,1.6240328353355802,7.333333333333333,0.8169493235431745,3.8949819375440406e-16,12
48,3,8,reply_null,0,722212,12,1.6404713813336325,8.0,0.8266913877726115,3.954192701447755e-16,12
48,3,8,reply_null,1,722213,0,0.0,0.0,0.0,0.0,12
48,3,8,reply_null,1,722213,1,0.3323057181146361,0.6666666666666666,0.14781712842930983,0.0,12
48,3,8,reply_null,1,722213,2,0.417282866011612,1.3333333333333333,0.18109076328386645,2.229086047453109e-16,12
48,3,8,reply_null,1,722213,3,0.4948683138877659,2.0,0.21397664600227662,2.2540967772195085e-16,12
48,3,8,reply_null,1,722213,4,0.612609425024691,2.6666666666666665,0.2684286524770761,2.314838440860197e-16,12
48,3,8,reply_null,1,722213,5,0.7599617147166491,3.3333333333333335,0.3549366054536479,2.3252308571503345e-16,12
48,3,8,reply_null,1,722213,6,0.8506427688474845,4.0,0.3971586801833576,2.3682460346703074e-16,12
48,3,8,reply_null,1,722213,7,1.0183570161684175,4.666666666666667,0.4764816637847907,2.6641170869910207e-16,12
48,3,8,reply_null,1,722213,8,1.2438417909728061,5.333333333333333,0.6337126750375932,5.028508632406606e-16,12
48,3,8,reply_null,1,722213,9,1.2772439330565342,6.0,0.6505209686445123,5.050432197720003e-16,12
48,3,8,reply_null,1,722213,10,1.4804270932325436,6.666666666666667,0.7631503978177576,5.063841497109856e-16,12
48,3,8,reply_null,1,722213,11,1.5768436008662527,7.333333333333333,0.811859636364036,5.070607964198637e-16,12
48,3,8,reply_null,1,722213,12,1.9714951555038107,8.0,1.0683432567599427,5.071619518474285e-16,12
48,3,8,reply_null,2,722214,0,0.0,0.0,0.0,0.0,12
48,3,8,reply_null,2,722214,1,0.17315465615729192,0.6666666666666666,0.07089374428727829,0.0,12
48,3,8,reply_null,2,722214,2,0.24692264111498574,1.3333333333333333,0.09977248267937192,2.229086047453109e-16,12
48,3,8,reply_null,2,722214,3,0.4226981118058031,2.0,0.17325454997301779,2.2335321055530314e-16,12
48,3,8,reply_null,2,722214,4,0.6689511959656136,2.6666666666666665,0.2949734259124505,2.255065127376239e-16,12
48,3,8,reply_null,2,722214,5,0.7163312372403577,3.3333333333333335,0.31881892344038915,2.2608746536393926e-16,12
48,3,8,reply_null,2,722214,6,0.9631492581541092,4.0,0.4337962450364798,2.2825789379223105e-16,12
48,3,8,reply_null,2,722214,7,0.9872877002400818,4.666666666666667,0.44696409474960846,2.348104777996759e-16,12
48,3,8,reply_null,2,722214,8,1.0481983431090212,5.333333333333333,0.47972524209897255,4.541730370365167e-16,12
48,3,8,reply_null,2,722214,9,1.3505517347751068,6.0,0.6482883584999729,4.559948404217708e-16,12
48,3,8,reply_null,2,722214,10,1.4291430014737427,6.666666666666667,0.6927744495160956,4.561379294346471e-16,12
48,3,8,reply_null,2,722214,11,1.509700536500881,7.333333333333333,0.7449841475043291,4.697479386012979e-16,12
48,3,8,reply_null,2,722214,12,1.6517180429716247,8.0,0.8426975122220425,4.701892989546022e-16,12
48,3,8,reply_null,3,722215,0,0.0,0.0,0.0,0.0,12
48,3,8,reply_null,3,722215,1,0.10727656868113249,0.6666666666666666,0.04246578742743727,2.220446049250313e-16,12
48,3,8,reply_null,3,722215,2,0.6239627127871767,1.3333333333333333,0.29641163724869096,2.220446049250313e-16,12
48,3,8,reply_null,3,722215,3,0.7844891068821184,2.0,0.36775449454741577,2.2546466341078726e-16,12
48,3,8,reply_null,3,722215,4,0.8120038670167367,2.6666666666666665,0.38079851021060906,2.313017203442443e-16,12
48,3,8,reply_null,3,722215,5,0.861725822686751,3.3333333333333335,0.4022362547159071,2.3440563111402596e-16,12
48,3,8,reply_null,3,722215,6,0.9972680167717184,4.0,0.4708048676656232,2.3812804182372783e-16,12
48,3,8,reply_null,3,722215,7,1.0451173495577222,4.666666666666667,0.4973146313379467,2.9511647887954777e-16,12
48,3,8,reply_null,3,722215,8,1.266493220498629,5.333333333333333,0.6348433769809733,4.804734653169123e-16,12
48,3,8,reply_null,3,722215,9,1.2905956237264269,6.0,0.6517644303965943,4.814554998765407e-16,12
48,3,8,reply_null,3,722215,10,1.3698587601217027,6.666666666666667,0.7054271392709017,4.815279832937681e-16,12
48,3,8,reply_null,3,722215,11,1.9601214217396001,7.333333333333333,1.0453840040435916,4.833896976280452e-16,12
48,3,8,reply_null,3,722215,12,2.013077961011089,8.0,1.081973418405645,4.921073458983008e-16,12
48,3,8,reply_null,4,722216,0,0.0,0.0,0.0,0.0,12
48,3,8,reply_null,4,722216,1,0.14652344344175924,0.6666666666666666,0.05917577751216488,1.1102230246251565e-16,12
48,3,8,reply_null,4,722216,2,0.33825538514523146,1.3333333333333333,0.1452953090104353,3.3648377488808717e-16,12
48,3,8,reply_null,4,722216,3,0.44875518909414247,2.0,0.19321612493244106,3.470467352848755e-16,12
48,3,8,reply_null,4,722216,4,0.4762082671815327,2.6666666666666665,0.20666648051110004,3.401266943780978e-16,12
48,3,8,reply_null,4,722216,5,0.5981444781419253,3.3333333333333335,0.265518205551359,3.418300082954938e-16,12
48,3,8,reply_null,4,722216,6,0.6552542049530865,4.0,0.2904394252800037,3.4187107784647804e-16,12
48,3,8,reply_null,4,722216,7,0.8292506212512236,4.666666666666667,0.3682959469248706,3.4394076993825816e-16,12
48,3,8,reply_null,4,722216,8,0.912673770021635,5.333333333333333,0.40741472537867734,2.3459842961955195e-16,12
48,3,8,reply_null,4,722216,9,1.1136581082983263,6.0,0.5148359076725553,2.3500302538560963e-16,12
48,3,8,reply_null,4,722216,10,1.357949791597012,6.666666666666667,0.649487895607401,2.3688597440631573e-16,12
48,3,8,reply_null,4,722216,11,1.4145821364411544,7.333333333333333,0.684205648975599,2.3972634831715357e-16,12
48,3,8,reply_null,4,722216,12,1.465313276758127,8.0,0.715611514448135,2.741839822303795e-16,12
48,3,8,reply_null,5,722217,0,0.0,0.0,0.0,0.0,12
48,3,8,reply_null,5,722217,1,0.12004584625178037,0.6666666666666666,0.0478307041008239,0.0,12
48,3,8,reply_null,5,722217,2,0.32194312698412864,1.3333333333333333,0.13316411565238992,2.222612340138749e-16,12
48,3,8,reply_null,5,722217,3,0.4683378270429406,2.0,0.19659653626346416,2.226612749777127e-16,12
48,3,8,reply_null,5,722217,4,0.7113087557225235,2.6666666666666665,0.31287528883540844,2.5044819396232077e-16,12
48,3,8,reply_null,5,722217,5,0.85210719464255,3.3333333333333335,0.384503940612949,2.505014814575516e-16,12
48,3,8,reply_null,5,722217,6,0.9569118681463109,4.0,0.4372351223591464,2.5096367690707037e-16,12
48,3,8,reply_null,5,722217,7,1.0785487119492838,4.666666666666667,0.5012439197560989,2.6085199924870024e-16,12
48,3,8,reply_null,5,722217,8,1.296423857796856,5.333333333333333,0.6133530872458481,2.710917616455939e-16,12
48,3,8,reply_null,5,722217,9,1.382815119415683,6.0,0.6683331525640768,2.713321917722513e-16,12
48,3,8,reply_null,5,722217,10,1.523491287175328,6.666666666666667,0.7684832190291433,4.659519884399198e-16,12
48,3,8,reply_null,5,722217,11,1.6274062725387175,7.333333333333333,0.8373446118080692,4.662672879323107e-16,12
48,3,8,reply_null,5,722217,12,1.6467908876255648,8.0,0.8511530422300374,4.683271393057059e-16,12
48,3,8,reply_null,6,722218,0,0.0,0.0,0.0,0.0,12
48,3,8,reply_null,6,722218,1,0.042470175481282464,0.6666666666666666,0.016269351546011328,0.0,12
48,3,8,reply_null,6,722218,2,0.2031010051496014,1.3333333333333333,0.08311509252856797,2.7755575615628914e-17,12
48,3,8,reply_null,6,722218,3,0.25398237334995266,2.0,0.1052182513414116,3.925231146709438e-17,12
48,3,8,reply_null,6,722218,4,0.48534614733552794,2.6666666666666665,0.21404584324721956,6.406591213982334e-17,12
48,3,8,reply_null,6,722218,5,0.4897657386834747,3.3333333333333335,0.21615723120232605,8.027195861039223e-17,12
48,3,8,reply_null,6,722218,6,0.6709914701263309,4.0,0.3136462353459812,1.1541421933855104e-16,12
48,3,8,reply_null,6,722218,7,0.8070791871455198,4.666666666666667,0.379284193262742,1.2270741444193968e-16,12
48,3,8,reply_null,6,722218,8,0.8779268170796772,5.333333333333333,0.4133565019102625,4.478278770323241e-16,12
48,3,8,reply_null,6,722218,9,0.9889743901840287,6.0,0.4700110859077488,4.481907254018051e-16,12
48,3,8,reply_null,6,722218,10,1.0086725055490993,6.666666666666667,0.48236347290940773,4.535256677675535e-16,12
48,3,8,reply_null,6,722218,11,1.0825845304437596,7.333333333333333,0.5166257433944405,4.545934434137082e-16,12
48,3,8,reply_null,6,722218,12,1.232556771937527,8.0,0.6212738487399481,4.938235009532987e-16,12
48,3,8,reply_null,7,722219,0,0.0,0.0,0.0,0.0,12
48,3,8,reply_null,7,722219,1,0.1355042683223661,0.6666666666666666,0.054417781327522154,0.0,12
48,3,8,reply_null,7,722219,2,0.17888331314073921,1.3333333333333333,0.07150511312352681,2.7755575615628914e-17,12
48,3,8,reply_null,7,722219,3,0.2920994433276971,2.0,0.11830792783327398,2.229221562193183e-16,12
48,3,8,reply_null,7,722219,4,0.41751983504684564,2.6666666666666665,0.17595517971442448,1.2629089332652358e-16,12
48,3,8,reply_null,7,722219,5,0.5449375680127464,3.3333333333333335,0.24288313845124493,1.2645215583444082e-16,12
48,3,8,reply_null,7,722219,6,0.6103327405699654,4.0,0.2717329835551025,2.2521610149340915e-16,12
48,3,8,reply_null,7,722219,7,0.8143496535983763,4.666666666666667,0.38443903969249343,2.252442754288833e-16,12
48,3,8,reply_null,7,722219,8,0.8644328154529162,5.333333333333333,0.40751250140641576,2.4289070756092812e-16,12
48,3,8,reply_null,7,722219,9,0.881856471042108,6.0,0.41597978554602827,2.4957434624253194e-16,12
48,3,8,reply_null,7,722219,10,0.9717821198663065,6.666666666666667,0.4609954749914823,2.5100877632124857e-16,12
48,3,8,reply_null,7,722219,11,1.2021986173030896,7.333333333333333,0.5729200250975977,3.4921248949075085e-16,12
48,3,8,reply_null,7,722219,12,1.2089050208901968,8.0,0.5765358641731779,3.496566697705035e-16,12
48,3,32,random,0,722220,0,0.0,0.0,0.0,0.0,12
48,3,32,random,0,722220,1,0.5862908301481661,2.6666666666666665,0.0747477665820583,0.0,12
48,3,32,random,0,722220,2,1.1755941673995949,5.333333333333333,0.17449728305642281,4.440892098500626e-16,12
48,3,32,random,0,722220,3,1.713952225501662,8.0,0.24668065682924326,4.45425044802153e-16,12
48,3,32,random,0,722220,4,2.385084250052949,10.666666666666666,0.40865117628017067,6.694339591688851e-16,12
48,3,32,random,0,722220,5,2.5155766070503525,13.333333333333334,0.4307580824679866,6.704718584666456e-16,12
48,3,32,random,0,722220,6,2.836817352140131,16.0,0.5113517736151963,6.705115072111562e-16,12
48,3,32,random,0,722220,7,2.9066943899311504,18.666666666666668,0.5278871966158424,6.705392867570284e-16,12
48,3,32,random,0,722220,8,3.500903420674099,21.333333333333332,0.7059183878382499,4.715488620624549e-16,12
48,3,32,random,0,722220,9,3.7692135024433635,24.0,0.7761074377698234,4.716018451528716e-16,12
48,3,32,random,0,722220,10,3.9822453350332374,26.666666666666668,0.8384173089450103,4.716872868433857e-16,12
48,3,32,random,0,722220,11,4.006487137887716,29.333333333333332,0.8456745890170569,4.717555721913794e-16,12
48,3,32,random,0,722220,12,4.105569974231493,32.0,0.8974529375036017,4.718176845631983e-16,12
48,3,32,random,1,722221,0,0.0,0.0,0.0,0.0,12
48,3,32,random,1,722221,1,0.590728764145387,2.6666666666666665,0.07549721030968722,1.1102230246251565e-16,12
48,3,32,random,1,722221,2,0.8730141683483005,5.333333333333333,0.1067356375353639,2.220446049250313e-16,12
48,3,32,random,1,722221,3,0.9486958775965604,8.0,0.11876403321912353,2.258210868759441e-16,12
48,3,32,random,1,722221,4,1.9029551680252257,10.666666666666666,0.278845995962416,2.394731136821056e-16,12
48,3,32,random,1,722221,5,2.359941624074895,13.333333333333334,0.3861809583262478,4.615853281416104e-16,12
48,3,32,random,1,722221,6,2.6392412892856294,16.0,0.4298286200247149,4.617506048372666e-16,12
48,3,32,random,1,722221,7,2.745912768598791,18.666666666666668,0.4527228974807709,4.617596012076899e-16,12
48,3,32,random,1,722221,8,3.190176875365768,21.333333333333332,0.5702195233620081,5.633267048904426e-16,12
48,3,32,random,1,722221,9,3.5209799429978443,24.0,0.6535237559609678,5.6456928719461e-16,12
48,3,32,random,1,722221,10,3.7314193013291277,26.666666666666668,0.7077584747680388,6.821526039337222e-16,12
48,3,32,random,1,722221,11,3.7450810183244014,29.333333333333332,0.7123223014035596,6.833397375147476e-16,12
48,3,32,random,1,722221,12,3.8788058994083254,32.0,0.7588159302481408,6.850738324588472e-16,12
48,3,32,random,2,722222,0,0.0,0.0,0.0,0.0,12
48,3,32,random,2,722222,1,0.5203898406900775,2.6666666666666665,0.0640015781577097,0.0,12
48,3,32,random,2,722222,2,0.6834807235718368,5.333333333333333,0.0843086953935647,1.1102230246251565e-16,12
48,3,32,random,2,722222,3,1.4348477088378195,8.0,0.20560956758189353,1.1275661554431343e-16,12
48,3,32,random,2,722222,4,1.783634165018502,10.666666666666666,0.2692522093596302,2.284093565194666e-16,12
48,3,32,random,2,722222,5,1.9333555702828606,13.333333333333334,0.28989666155271715,2.326947047340036e-16,12
48,3,32,random,2,722222,6,2.144133198794468,16.0,0.3458073818278089,2.6595878645171194e-16,12
48,3,32,random,2,722222,7,2.530965402285717,18.666666666666668,0.4123091954050276,2.7369343375855696e-16,12
48,3,32,random,2,722222,8,2.5892562343452195,21.333333333333332,0.4253309877853184,2.6510934027724645e-16,12
48,3,32,random,2,722222,9,2.7018302240859478,24.0,0.4513704638535209,2.7382097419456025e-16,12
48,3,32,random,2,722222,10,3.1234741150368213,26.666666666666668,0.5742137528927239,2.9257553770825265e-16,12
48,3,32,random,2,722222,11,3.212054636517302,29.333333333333332,0.6087872709093997,3.092169569957419e-16,12
48,3,32,random,2,722222,12,3.653463039638999,32.0,0.7121131469396932,4.607799824256734e-16,12
48,3,32,random,3,722223,0,0.0,0.0,0.0,0.0,12
48,3,32,random,3,722223,1,0.41936413883202717,2.6666666666666665,0.048843197529410194,2.220446049250313e-16,12
48,3,32,random,3,722223,2,1.1800503288857396,5.333333333333333,0.1703084665478944,2.4286128663675294e-16,12
48,3,32,random,3,722223,3,1.942017552380141,8.0,0.3416089317692747,2.4729482910767554e-16,12
48,3,32,random,3,722223,4,2.348727091596758,10.666666666666666,0.4104743717070095,3.410154494587186e-16,12
48,3,32,random,3,722223,5,2.6861561331679615,13.333333333333334,0.4960957052567809,3.414264027192486e-16,12
48,3,32,random,3,722223,6,3.2789756066105884,16.0,0.6336393861276608,3.4143122882407856e-16,12
48,3,32,random,3,722223,7,3.4761528253372083,18.666666666666668,0.6758220802170444,3.4148560619994555e-16,12
48,3,32,random,3,722223,8,3.5526428573224025,21.333333333333332,0.7020431621551099,5.593953230945594e-16,12
48,3,32,random,3,722223,9,3.6986625573410024,24.0,0.7557873495094147,5.605962675486498e-16,12
48,3,32,random,3,722223,10,3.850233116177657,26.666666666666668,0.8157529373210567,5.60596699774161e-16,12
48,3,32,random,3,722223,11,4.105169950307124,29.333333333333332,0.9356998586708811,5.627778854182198e-16,12
48,3,32,random,3,722223,12,4.263793135989474,32.0,1.0173699136197836,5.638775688237003e-16,12
48,3,32,random,4,722224,0,0.0,0.0,0.0,0.0,12
48,3,32,random,4,722224,1,0.6108412217905155,2.6666666666666665,0.07893564948330875,0.0,12
48,3,32,random,4,722224,2,1.227238594651706,5.333333333333333,0.16836657436668562,2.0816681711721685e-17,12
48,3,32,random,4,722224,3,1.6811158020944486,8.0,0.22895641365996863,3.718483121098926e-17,12
48,3,32,random,4,722224,4,1.921728138551969,10.666666666666666,0.283260617376881,3.3686671681932076e-16,12
48,3,32,random,4,722224,5,1.9944155116939504,13.333333333333334,0.2947351281059649,3.417903428839761e-16,12
48,3,32,random,4,722224,6,2.0955724261433906,16.0,0.3129522113925394,3.423752762525902e-16,12
48,3,32,random,4,722224,7,2.265043472029555,18.666666666666668,0.34676046860580306,3.4247770351186184e-16,12
48,3,32,random,4,722224,8,2.483679384884803,21.333333333333332,0.3814814469148624,4.551360249740064e-16,12
48,3,32,random,4,722224,9,2.8741955345191803,24.0,0.4722554862132641,4.551412126481579e-16,12
48,3,32,random,4,722224,10,2.9875149713826894,26.666666666666668,0.5045241419251412,4.573096192047088e-16,12
48,3,32,random,4,722224,11,3.315343645453377,29.333333333333332,0.6328969104947276,4.58381479549726e-16,12
48,3,32,random,4,722224,12,3.435749034336742,32.0,0.6686451449182003,4.589457502596873e-16,12
48,3,32,random,5,722225,0,0.0,0.0,0.0,0.0,12
48,3,32,random,5,722225,1,0.7860824007600072,2.6666666666666665,0.11201074579107913,0.0,12
48,3,32,random,5,722225,2,1.1911869367717154,5.333333333333333,0.16337884559928367,1.249000902703301e-16,12
48,3,32,random,5,722225,3,1.5260603341225827,8.0,0.21330409135419232,1.5649617982779038e-16,12
48,3,32,random,5,722225,4,2.0032345693983333,10.666666666666666,0.2880573831254502,2.361473639074813e-16,12
48,3,32,random,5,722225,5,2.314165861734864,13.333333333333334,0.3337728520637985,2.3635583280311134e-16,12
48,3,32,random,5,722225,6,2.677827010685447,16.0,0.4156571919514755,2.824196606300125e-16,12
48,3,32,random,5,722225,7,3.0365372747857036,18.666666666666668,0.49910352906815275,2.828431080088045e-16,12
48,3,32,random,5,722225,8,3.1175581075479872,21.333333333333332,0.5176314392682322,2.4840812876644225e-16,12
48,3,32,random,5,722225,9,3.2623107228310215,24.0,0.5571518536493314,2.738703209369617e-16,12
48,3,32,random,5,722225,10,3.3367353260928603,26.666666666666668,0.580291502669898,2.7436127417816136e-16,12
48,3,32,random,5,722225,11,3.3953523907064165,29.333333333333332,0.596244507962105,2.747795763693108e-16,12
48,3,32,random,5,722225,12,3.6481997848583223,32.0,0.6781120728505549,2.85719933783908e-16,12
48,3,32,random,6,722226,0,0.0,0.0,0.0,0.0,12
48,3,32,random,6,722226,1,0.6250199243381501,2.6666666666666665,0.08140154825318026,0.0,12
48,3,32,random,6,722226,2,0.6729669311604918,5.333333333333333,0.08675677822497808,2.220446049250313e-16,12
48,3,32,random,6,722226,3,0.8439980700177343,8.0,0.10465292123816153,2.2877923686379885e-16,12
48,3,32,random,6,722226,4,1.2916904393392403,10.666666666666666,0.16232615104838433,3.3697476015481184e-16,12
48,3,32,random,6,722226,5,1.8255043531803583,13.333333333333334,0.24154766811979614,3.429719040928962e-16,12
48,3,32,random,6,722226,6,2.247551546440062,16.0,0.3313744433258867,3.4316384435009787e-16,12
48,3,32,random,6,722226,7,2.8259152028716854,18.666666666666668,0.46086635938657,3.4441025002800665e-16,12
48,3,32,random,6,722226,8,2.906869467741874,21.333333333333332,0.48680558858420014,5.624289206630079e-16,12
48,3,32,random,6,722226,9,2.977232059493989,24.0,0.5017096077058412,5.642426366000165e-16,12
48,3,32,random,6,722226,10,3.1784197562322665,26.666666666666668,0.5762010503314837,5.642929486799617e-16,12
48,3,32,random,6,722226,11,3.337719791294692,29.333333333333332,0.615865495261061,5.643222030767845e-16,12
48,3,32,random,6,722226,12,3.571869696913271,32.0,0.6840486719084657,5.643261159891127e-16,12
48,3,32,random,7,722227,0,0.0,0.0,0.0,0.0,12
48,3,32,random,7,722227,1,0.6422831093777815,2.6666666666666665,0.08445147179401975,0.0,12
48,3,32,random,7,722227,2,1.316821721092514,5.333333333333333,0.1883243846879605,1.3877787807814457e-17,12
48,3,32,random,7,722227,3,1.5939609242376465,8.0,0.22966983954386486,2.4073016714600093e-16,12
48,3,32,random,7,722227,4,1.8187516832170028,10.666666666666666,0.274276869146068,4.502210787229705e-16,12
48,3,32,random,7,722227,5,2.5273561230440786,13.333333333333334,0.4501635791648753,4.510170712862339e-16,12
48,3,32,random,7,722227,6,2.698023345295123,16.0,0.47851372413646887,4.524130001773611e-16,12
48,3,32,random,7,722227,7,2.819972465318502,18.666666666666668,0.5040226126489793,4.526124455187941e-16,12
48,3,32,random,7,722227,8,3.070939654120829,21.333333333333332,0.5483680746935673,5.709368882420647e-16,12
48,3,32,random,7,722227,9,3.392881424055436,24.0,0.6657448893182818,5.710004328857718e-16,12
48,3,32,random,7,722227,10,3.4852243659226527,26.666666666666668,0.6896366459983021,5.718730844386988e-16,12
48,3,32,random,7,722227,11,3.565946156766742,29.333333333333332,0.7129505482186053,5.746116035777955e-16,12
48,3,32,random,7,722227,12,3.7880657366591457,32.0,0.7637677086277999,5.772604024988039e-16,12
48,3,32,krylov,0,722228,0,0.0,0.0,0.0,0.0,12
48,3,32,krylov,0,722228,1,0.08868984539059677,2.6666666666666665,0.008694532958607606,0.0,12
48,3,32,krylov,0,722228,2,0.19269072564752804,5.333333333333333,0.019922600435535866,2.229086047453109e-16,12
48,3,32,krylov,0,722228,3,0.39393801785117916,8.0,0.04526330982756506,2.255140518769849e-16,12
48,3,32,krylov,0,722228,4,0.6691423635099883,10.666666666666666,0.08930268880353748,2.451377409155881e-16,12
48,3,32,krylov,0,722228,5,1.0950764573707492,13.333333333333334,0.1865073034855521,2.457456575727938e-16,12
48,3,32,krylov,0,722228,6,1.397178978357669,16.0,0.2853540263234058,2.457521147327323e-16,12
48,3,32,krylov,0,722228,7,1.7277099924013857,18.666666666666668,0.43385170753201757,2.5035946874521426e-16,12
48,3,32,krylov,0,722228,8,1.99675002299773,21.333333333333332,0.596726326612565,4.520261469255808e-16,12
48,3,32,krylov,0,722228,9,2.243917066269292,24.0,0.7903310386525233,4.538709693642852e-16,12
48,3,32,krylov,0,722228,10,2.3297400784175037,26.666666666666668,0.8695566020034559,4.551182580488388e-16,12
48,3,32,krylov,0,722228,11,2.3832461924239965,29.333333333333332,0.9225032483593928,4.604846071703594e-16,12
48,3,32,krylov,0,722228,12,2.414594752151476,32.0,0.9548659355522152,4.606249579948887e-16,12
48,3,32,krylov,1,722229,0,0.0,0.0,0.0,0.0,12
48,3,32,krylov,1,722229,1,0.3563612107042206,2.6666666666666665,0.04013656017517143,1.1102230246251565e-16,12
48,3,32,krylov,1,722229,2,0.8228362550233155,5.333333333333333,0.11971394016387055,2.229086047453109e-16,12
48,3,32,krylov,1,722229,3,1.2762097565131396,8.0,0.24215938005295154,2.2777641665312886e-16,12
48,3,32,krylov,1,722229,4,1.5079714773168873,10.666666666666666,0.3297710180114262,2.239637409028997e-16,12
48,3,32,krylov,1,722229,5,1.8161833659313291,13.333333333333334,0.4826575893107598,2.240692455402502e-16,12
48,3,32,krylov,1,722229,6,2.0714451916913985,16.0,0.6502766518287222,2.6631819187359014e-16,12
48,3,32,krylov,1,722229,7,2.2335668548721865,18.666666666666668,0.7812278044759676,3.366695964173485e-16,12
48,3,32,krylov,1,722229,8,2.3334121272048858,21.333333333333332,0.87310041338532,3.1153478477487037e-16,12
48,3,32,krylov,1,722229,9,2.3847520745350272,24.0,0.924034758794042,3.117148549479868e-16,12
48,3,32,krylov,1,722229,10,2.412152087846656,26.666666666666668,0.9523076446319622,3.1327505099966356e-16,12
48,3,32,krylov,1,722229,11,2.4290181197764418,29.333333333333332,0.9701001086267885,3.155003535486016e-16,12
48,3,32,krylov,1,722229,12,2.4409808115538554,32.0,0.9829030456875533,3.1550059005038173e-16,12
48,3,32,krylov,2,722230,0,0.0,0.0,0.0,0.0,12
48,3,32,krylov,2,722230,1,0.20135616639655599,2.6666666666666665,0.020911903803710916,2.220446049250313e-16,12
48,3,32,krylov,2,722230,2,0.46157429889445967,5.333333333333333,0.0549909145262133,3.3436290711796634e-16,12
48,3,32,krylov,2,722230,3,0.7497174106324161,8.0,0.10466267432223879,3.349357055525359e-16,12
48,3,32,krylov,2,722230,4,1.2435038273335268,10.666666666666666,0.23135086635175278,4.467514531508798e-16,12
48,3,32,krylov,2,722230,5,1.6327208123313934,13.333333333333334,0.38604190429557844,4.573201297522595e-16,12
48,3,32,krylov,2,722230,6,1.9980477347480825,16.0,0.5976229475068565,4.575015134639593e-16,12
48,3,32,krylov,2,722230,7,2.2297411446730067,18.666666666666668,0.7778867879208275,4.578310325046137e-16,12
48,3,32,krylov,2,722230,8,2.3318457875884153,21.333333333333332,0.8715871827055974,5.600996438453822e-16,12
48,3,32,krylov,2,722230,9,2.398567681905594,24.0,0.9381936550756848,5.601910853946966e-16,12
48,3,32,krylov,2,722230,10,2.4244855525963183,26.666666666666668,0.965289048004193,5.629323710377039e-16,12
48,3,32,krylov,2,722230,11,2.4366984605199002,29.333333333333332,0.9783022974445523,5.647485536746217e-16,12
48,3,32,krylov,2,722230,12,2.4462221560515136,32.0,0.9885609698164831,5.651171749062243e-16,12
48,3,32,krylov,3,722231,0,0.0,0.0,0.0,0.0,12
48,3,32,krylov,3,722231,1,1.0852226865864996,2.6666666666666665,0.1837592737194774,0.0,12
48,3,32,krylov,3,722231,2,1.580985855163342,5.333333333333333,0.3618510426148375,1.1273073621278578e-16,12
48,3,32,krylov,3,722231,3,1.8929817765877737,8.0,0.528668963929428,1.1350515452257897e-16,12
48,3,32,krylov,3,722231,4,2.1657041722532258,10.666666666666666,0.7238194367654284,2.5429603777411875e-16,12
48,3,32,krylov,3,722231,5,2.354073914534971,13.333333333333334,0.893285078555974,2.623359859624877e-16,12
48,3,32,krylov,3,722231,6,2.417808236291186,16.0,0.958241066289876,2.6813846088673156e-16,12
48,3,32,krylov,3,722231,7,2.438057762211178,18.666666666666668,0.9797605308106153,2.7052823151407356e-16,12
48,3,32,krylov,3,722231,8,2.4468119144848473,21.333333333333332,0.9891994600974282,2.7097050458033167e-16,12
48,3,32,krylov,3,722231,9,2.4510262555605946,24.0,0.9937730089684054,2.9687031045786416e-16,12
48,3,32,krylov,3,722231,10,2.452901283230932,26.666666666666668,0.9958140576157131,3.0106300681538184e-16,12
48,3,32,krylov,3,722231,11,2.454707438776407,29.333333333333332,0.9977837580377333,3.0560016475171105e-16,12
48,3,32,krylov,3,722231,12,2.4554345307028695,32.0,0.9985776920171812,3.3627621179077165e-16,12
48,3,32,krylov,4,722232,0,0.0,0.0,0.0,0.0,12
48,3,32,krylov,4,722232,1,0.12301073284880121,2.6666666666666665,0.012271552371011867,2.220446049250313e-16,12
48,3,32,krylov,4,722232,2,0.3865694981795773,5.333333333333333,0.04424275213679744,2.2375303867530146e-16,12
48,3,32,krylov,4,722232,3,0.657065288070307,8.0,0.08710524373545346,2.239752072842988e-16,12
48,3,32,krylov,4,722232,4,1.2050581861084808,10.666666666666666,0.21908936594453626,2.5157378948072947e-16,12
48,3,32,krylov,4,722232,5,1.8344292346912445,13.333333333333334,0.493271179173991,2.889160831711248e-16,12
48,3,32,krylov,4,722232,6,2.1496974187881186,16.0,0.7108369849945911,3.01957023130723e-16,12
48,3,32,krylov,4,722232,7,2.3144382348796393,18.666666666666668,0.854928439454432,3.034557820794097e-16,12
48,3,32,krylov,4,722232,8,2.38067491527043,21.333333333333332,0.9198935361841276,3.6801434261516733e-16,12
48,3,32,krylov,4,722232,9,2.424175285769196,24.0,0.9649605142881613,3.92570577600626e-16,12
48,3,32,krylov,4,722232,10,2.44722284451713,26.666666666666668,0.9896445680018675,3.928835926732812e-16,12
48,3,32,krylov,4,722232,11,2.452667803843408,29.333333333333332,0.9955596965620596,3.928849471322777e-16,12
48,3,32,krylov,4,722232,12,2.4545116068925243,32.0,0.9975700218544363,3.9706636213469703e-16,12
48,3,32,krylov,5,722233,0,0.0,0.0,0.0,0.0,12
48,3,32,krylov,5,722233,1,0.6076151177106499,2.6666666666666665,0.07837944527371393,1.1102230246251565e-16,12
48,3,32,krylov,5,722233,2,0.9517561836030268,5.333333333333333,0.1490863715582864,2.2959417346920436e-16,12
48,3,32,krylov,5,722233,3,1.1780111529836883,8.0,0.2107413921150262,2.2981884933290314e-16,12
48,3,32,krylov,5,722233,4,1.5593621437320166,10.666666666666666,0.3521050095994791,4.501782494583061e-16,12
48,3,32,krylov,5,722233,5,1.746972651971037,13.333333333333334,0.44411323446955686,4.513016530748709e-16,12
48,3,32,krylov,5,722233,6,1.9650522060503628,16.0,0.575182976764465,4.513530352842471e-16,12
48,3,32,krylov,5,722233,7,2.1589310014587246,18.666666666666668,0.7183006104089836,4.526648317911123e-16,12
48,3,32,krylov,5,722233,8,2.307922431522484,21.333333333333332,0.8487671320261205,4.507309495549327e-16,12
48,3,32,krylov,5,722233,9,2.3855143084683714,24.0,0.9248108446159329,4.507753016011662e-16,12
48,3,32,krylov,5,722233,10,2.42637312972113,26.666666666666668,0.9672899537233288,7.863745197968555e-16,12
48,3,32,krylov,5,722233,11,2.444633039606467,29.333333333333332,0.9868424175072145,7.864794998669103e-16,12
48,3,32,krylov,5,722233,12,2.4517702279039915,32.0,0.9945823970537274,7.874693935702476e-16,12
48,3,32,krylov,6,722234,0,0.0,0.0,0.0,0.0,12
48,3,32,krylov,6,722234,1,0.64258324714374,2.6666666666666665,0.08450496481289055,0.0,12
48,3,32,krylov,6,722234,2,1.218004546007899,5.333333333333333,0.22316582770004073,1.3183898417423734e-16,12
48,3,32,krylov,6,722234,3,1.6383164405661892,8.0,0.3887341668474619,1.3269647830133473e-16,12
48,3,32,krylov,6,722234,4,2.0371123619542106,10.666666666666666,0.6251656440200484,2.235184331766893e-16,12
48,3,32,krylov,6,722234,5,2.193363408074643,13.333333333333334,0.7467484199257767,2.24596501177343e-16,12
48,3,32,krylov,6,722234,6,2.299949886474926,16.0,0.8412827461777853,2.247086440471883e-16,12
48,3,32,krylov,6,722234,7,2.369186486348177,18.666666666666668,0.9083150014012776,2.310190590751271e-16,12
48,3,32,krylov,6,722234,8,2.4030124992863082,21.333333333333332,0.9427906650362059,4.543928704527502e-16,12
48,3,32,krylov,6,722234,9,2.429915328630366,24.0,0.9710550326825945,4.546559499518625e-16,12
48,3,32,krylov,6,722234,10,2.442427454549332,26.666666666666668,0.9844617054149164,4.607624044282713e-16,12
48,3,32,krylov,6,722234,11,2.4484007971267996,29.333333333333332,0.9909215073999417,4.623411396171271e-16,12
48,3,32,krylov,6,722234,12,2.451480883146389,32.0,0.9942675393335254,4.623739854402839e-16,12
48,3,32,krylov,7,722235,0,0.0,0.0,0.0,0.0,12
48,3,32,krylov,7,722235,1,0.8214841648636151,2.6666666666666665,0.11942551270482926,2.220446049250313e-16,12
48,3,32,krylov,7,722235,2,1.4263459242773295,5.333333333333333,0.29657416614969684,2.2546147242557157e-16,12
48,3,32,krylov,7,722235,3,1.8738390878055216,8.0,0.5168675075911152,2.2546147242557157e-16,12
48,3,32,krylov,7,722235,4,2.0856586195807263,10.666666666666666,0.6609273330318793,2.3621789773409394e-16,12
48,3,32,krylov,7,722235,5,2.2670768285495613,13.333333333333334,0.8110450856809707,2.3797197388568406e-16,12
48,3,32,krylov,7,722235,6,2.3838025193581562,16.0,0.9230687747075637,2.458166264218413e-16,12
48,3,32,krylov,7,722235,7,2.4268580257392283,18.666666666666668,0.9678045725301544,2.5008666502882093e-16,12
48,3,32,krylov,7,722235,8,2.4408452017168605,21.333333333333332,0.98275705084292,2.5516607023855073e-16,12
48,3,32,krylov,7,722235,9,2.4492866915198044,24.0,0.991882837562228,2.64836324640628e-16,12
48,3,32,krylov,7,722235,10,2.452072267703708,26.666666666666668,0.994911166401173,2.7297432321399706e-16,12
48,3,32,krylov,7,722235,11,2.4543105528755214,29.333333333333332,0.9973506296357902,2.7617571815557335e-16,12
48,3,32,krylov,7,722235,12,2.455360019455797,32.0,0.9984963043508209,2.9870837016646373e-16,12
48,3,32,reply_null,0,722236,0,0.0,0.0,0.0,0.0,12
48,3,32,reply_null,0,722236,1,0.5678218867305906,2.6666666666666665,0.07166435221385198,2.220446049250313e-16,12
48,3,32,reply_null,0,722236,2,0.6774011879303514,5.333333333333333,0.08675992004121288,2.295941734692043e-16,12
48,3,32,reply_null,0,722236,3,1.0613575474291788,8.0,0.1519230287738476,2.295941734692043e-16,12
48,3,32,reply_null,0,722236,4,1.3769597150170254,10.666666666666666,0.20941505023348547,2.2371131143785554e-16,12
48,3,32,reply_null,0,722236,5,1.7013511905412741,13.333333333333334,0.2969127309343649,2.370135506394546e-16,12
48,3,32,reply_null,0,722236,6,2.0064124421423672,16.0,0.34189073177448415,2.371035496263272e-16,12
48,3,32,reply_null,0,722236,7,2.5242099054592906,18.666666666666668,0.41570381367006926,2.371891337974717e-16,12
48,3,32,reply_null,0,722236,8,3.130793733196868,21.333333333333332,0.5657970740383677,2.625519266276612e-16,12
48,3,32,reply_null,0,722236,9,3.2310108485284554,24.0,0.594648327928347,2.660007417764534e-16,12
48,3,32,reply_null,0,722236,10,3.8053135267399627,26.666666666666668,0.7347598381682905,2.679741302899975e-16,12
48,3,32,reply_null,0,722236,11,4.050762001913833,29.333333333333332,0.8072311623958908,2.71078411493991e-16,12
48,3,32,reply_null,0,722236,12,4.071609488069604,32.0,0.8151147596480155,2.9012855320898756e-16,12
48,3,32,reply_null,1,722237,0,0.0,0.0,0.0,0.0,12
48,3,32,reply_null,1,722237,1,0.23362038307637978,2.6666666666666665,0.02467170772620496,0.0,12
48,3,32,reply_null,1,722237,2,0.7534536481292989,5.333333333333333,0.08921003206169668,1.3877787807814457e-17,12
48,3,32,reply_null,1,722237,3,1.1780450536393317,8.0,0.15170985973136175,1.1275825825100692e-16,12
48,3,32,reply_null,1,722237,4,1.7779102301966372,10.666666666666666,0.23015395925863202,2.227895970708718e-16,12
48,3,32,reply_null,1,722237,5,1.9323402977998887,13.333333333333334,0.2590880012236788,2.2581272214851427e-16,12
48,3,32,reply_null,1,722237,6,2.2127264944275904,16.0,0.3132756005604102,2.2654965777807817e-16,12
48,3,32,reply_null,1,722237,7,2.5062222690390796,18.666666666666668,0.37594467053772795,2.2985971218861767e-16,12
48,3,32,reply_null,1,722237,8,2.8886545547272062,21.333333333333332,0.462095319413233,3.3649372399864806e-16,12
48,3,32,reply_null,1,722237,9,3.0173144252385624,24.0,0.49284382923930475,3.385122866094619e-16,12
48,3,32,reply_null,1,722237,10,3.1288914593843784,26.666666666666668,0.5253741043436628,3.3871882541862607e-16,12
48,3,32,reply_null,1,722237,11,3.4833145469483267,29.333333333333332,0.6335952961514592,3.418004976433867e-16,12
48,3,32,reply_null,1,722237,12,3.5155385938058714,32.0,0.6456276803724983,3.4599285244950773e-16,12
48,3,32,reply_null,2,722238,0,0.0,0.0,0.0,0.0,12
48,3,32,reply_null,2,722238,1,0.4447253097764343,2.6666666666666665,0.05250577530934549,1.1102230246251565e-16,12
48,3,32,reply_null,2,722238,2,1.2142418362042162,5.333333333333333,0.1627997518745282,2.220446049250313e-16,12
48,3,32,reply_null,2,722238,3,1.2503100600713246,8.0,0.16872135758483256,2.229086568727527e-16,12
48,3,32,reply_null,2,722238,4,1.3902542109453995,10.666666666666666,0.1897593030479295,2.256789439245918e-16,12
48,3,32,reply_null,2,722238,5,1.5913399340236596,13.333333333333334,0.2249790436056353,2.2753257293203925e-16,12
48,3,32,reply_null,2,722238,6,1.7303456190279096,16.0,0.2553612422110922,2.2919543098098866e-16,12
48,3,32,reply_null,2,722238,7,1.967825622866597,18.666666666666668,0.30030727338024277,2.2964876112384257e-16,12
48,3,32,reply_null,2,722238,8,1.9842588782072628,21.333333333333332,0.3035943234649815,4.467794635428319e-16,12
48,3,32,reply_null,2,722238,9,2.5499196202305447,24.0,0.4323723243631376,4.468791724247717e-16,12
48,3,32,reply_null,2,722238,10,2.641770292372056,26.666666666666668,0.4624549329014008,4.484286645765721e-16,12
48,3,32,reply_null,2,722238,11,2.833571830919875,29.333333333333332,0.49889303433409105,4.487995591306225e-16,12
48,3,32,reply_null,2,722238,12,3.012141387599623,32.0,0.5478464034874723,4.50818024340201e-16,12
48,3,32,reply_null,3,722239,0,0.0,0.0,0.0,0.0,12
48,3,32,reply_null,3,722239,1,0.22433661793143822,2.6666666666666665,0.02357739593019452,0.0,12
48,3,32,reply_null,3,722239,2,0.5556586404744077,5.333333333333333,0.061647928338949894,2.220446049250313e-16,12
48,3,32,reply_null,3,722239,3,1.0411670783938234,8.0,0.14404786529910277,2.2924591113482737e-16,12
48,3,32,reply_null,3,722239,4,1.4905956588501654,10.666666666666666,0.23465610997539654,2.562548004082443e-16,12
48,3,32,reply_null,3,722239,5,1.8166369962196784,13.333333333333334,0.2767886168865258,2.625020185789653e-16,12
48,3,32,reply_null,3,722239,6,2.100849110025721,16.0,0.33213955729974276,2.6290808072411566e-16,12
48,3,32,reply_null,3,722239,7,2.337093828468767,18.666666666666668,0.36977091913700044,2.629659879233903e-16,12
48,3,32,reply_null,3,722239,8,2.693443085267593,21.333333333333332,0.4399164806235278,2.619552184101329e-16,12
48,3,32,reply_null,3,722239,9,3.326097588763287,24.0,0.5917966628384633,2.6789877543460837e-16,12
48,3,32,reply_null,3,722239,10,3.7886160164388674,26.666666666666668,0.7170178504377644,2.70503713646834e-16,12
48,3,32,reply_null,3,722239,11,3.990667891800325,29.333333333333332,0.7900244948578176,2.7447490114532097e-16,12
48,3,32,reply_null,3,722239,12,4.157304894104141,32.0,0.8451169029494866,2.748691338176296e-16,12
48,3,32,reply_null,4,722240,0,0.0,0.0,0.0,0.0,12
48,3,32,reply_null,4,722240,1,0.8636926380841495,2.6666666666666665,0.12861591771193603,0.0,12
48,3,32,reply_null,4,722240,2,1.333888768732301,5.333333333333333,0.1871869385084582,1.3877787807814457e-17,12
48,3,32,reply_null,4,722240,3,1.5673120554750262,8.0,0.2262702061518232,2.7755575615628914e-17,12
48,3,32,reply_null,4,722240,4,1.968262994545214,10.666666666666666,0.2930542031901632,2.25581851295575e-16,12
48,3,32,reply_null,4,722240,5,2.4666364301238466,13.333333333333334,0.41181216514435637,2.2822852368047555e-16,12
48,3,32,reply_null,4,722240,6,2.6921253632798363,16.0,0.45940530033222404,2.403321517559556e-16,12
48,3,32,reply_null,4,722240,7,2.7980112737603466,18.666666666666668,0.49499616594001283,2.404741928458132e-16,12
48,3,32,reply_null,4,722240,8,2.8581187647085207,21.333333333333332,0.5051418088138806,2.840807379476643e-16,12
48,3,32,reply_null,4,722240,9,3.4512457900831297,24.0,0.6975413926990943,2.845710444667298e-16,12
48,3,32,reply_null,4,722240,10,3.5569496485780085,26.666666666666668,0.7276599820710229,2.8457326034652003e-16,12
48,3,32,reply_null,4,722240,11,3.574902205317285,29.333333333333332,0.7351221065721086,2.8875120892819435e-16,12
48,3,32,reply_null,4,722240,12,3.7113496373866983,32.0,0.7882613034935877,4.749155231192313e-16,12
48,3,32,reply_null,5,722241,0,0.0,0.0,0.0,0.0,12
48,3,32,reply_null,5,722241,1,0.3632765257076055,2.6666666666666665,0.04106563663921866,1.1102230246251565e-16,12
48,3,32,reply_null,5,722241,2,0.5863559148418156,5.333333333333333,0.06461677391217223,2.220446049250313e-16,12
48,3,32,reply_null,5,722241,3,1.0894051552079371,8.0,0.13168413615415922,2.4982428205306686e-16,12
48,3,32,reply_null,5,722241,4,1.8472707521862546,10.666666666666666,0.25628815040178715,4.598081178528271e-16,12
48,3,32,reply_null,5,722241,5,2.3594083558684056,13.333333333333334,0.379044316147927,4.606013315391789e-16,12
48,3,32,reply_null,5,722241,6,2.5543766288094423,16.0,0.4259007976906912,4.648827709810537e-16,12
48,3,32,reply_null,5,722241,7,2.713776999016245,18.666666666666668,0.46662170030541095,4.648841073178907e-16,12
48,3,32,reply_null,5,722241,8,2.918302746020469,21.333333333333332,0.5070013549657728,6.710815216273356e-16,12
48,3,32,reply_null,5,722241,9,3.6960666069110357,24.0,0.7143110460061021,6.737787583595921e-16,12
48,3,32,reply_null,5,722241,10,3.894738963830866,26.666666666666668,0.7702570194914687,6.739267488067328e-16,12
48,3,32,reply_null,5,722241,11,4.050606919944362,29.333333333333332,0.841480359555449,6.740646277637248e-16,12
48,3,32,reply_null,5,722241,12,4.415496799738927,32.0,0.9862180348836966,6.740736143065914e-16,12
48,3,32,reply_null,6,722242,0,0.0,0.0,0.0,0.0,12
48,3,32,reply_null,6,722242,1,0.07555665214871987,2.6666666666666665,0.007357905416413604,0.0,12
48,3,32,reply_null,6,722242,2,0.42792607620689305,5.333333333333333,0.04777235318641765,0.0,12
48,3,32,reply_null,6,722242,3,0.9790545683524321,8.0,0.12274642111963267,6.938893903907228e-18,12
48,3,32,reply_null,6,722242,4,1.2570042776579191,10.666666666666666,0.16251951217848024,2.3121995881738277e-16,12
48,3,32,reply_null,6,722242,5,1.6921760561055437,13.333333333333334,0.2459341039338883,2.3149514782686323e-16,12
48,3,32,reply_null,6,722242,6,2.0083837893062166,16.0,0.2988842542870899,2.31829553734355e-16,12
48,3,32,reply_null,6,722242,7,2.5657110473893376,18.666666666666668,0.4062831308294837,2.3273889135395734e-16,12
48,3,32,reply_null,6,722242,8,2.7985794659015544,21.333333333333332,0.4510146880867403,3.4394141183117554e-16,12
48,3,32,reply_null,6,722242,9,3.071912100045192,24.0,0.5075236345320321,3.4551618434606003e-16,12
48,3,32,reply_null,6,722242,10,3.259069862131115,26.666666666666668,0.5622828207519126,3.6525602214888197e-16,12
48,3,32,reply_null,6,722242,11,3.52745603292363,29.333333333333332,0.6531444274020803,3.6752824435223545e-16,12
48,3,32,reply_null,6,722242,12,3.6791049326474212,32.0,0.7009568980580464,3.676695457194864e-16,12
48,3,32,reply_null,7,722243,0,0.0,0.0,0.0,0.0,12
48,3,32,reply_null,7,722243,1,0.6551930499974916,2.6666666666666665,0.08676695643845792,0.0,12
48,3,32,reply_null,7,722243,2,0.8456328875898212,5.333333333333333,0.10881597248200428,4.467833705876451e-16,12
48,3,32,reply_null,7,722243,3,0.8883178039923627,8.0,0.11297969110601726,4.477698864277483e-16,12
48,3,32,reply_null,7,722243,4,1.7305975640662599,10.666666666666666,0.2462625382734136,2.2357605925674797e-16,12
48,3,32,reply_null,7,722243,5,1.925028981447074,13.333333333333334,0.2797709938037897,2.2452259890114035e-16,12
48,3,32,reply_null,7,722243,6,2.474029265955273,16.0,0.3710730948341215,2.3861496941017076e-16,12
48,3,32,reply_null,7,722243,7,2.9491836590614833,18.666666666666668,0.4992074890054603,2.392346338188691e-16,12
48,3,32,reply_null,7,722243,8,3.080787376344492,21.333333333333332,0.5300303446272713,4.557706831834032e-16,12
48,3,32,reply_null,7,722243,9,3.165095839720521,24.0,0.5531153072254164,4.765770037051073e-16,12
48,3,32,reply_null,7,722243,10,3.2660128828795125,26.666666666666668,0.5892730858705224,4.765853048861734e-16,12
48,3,32,reply_null,7,722243,11,3.6621782926491573,29.333333333333332,0.6827736355794045,4.768988995583117e-16,12
48,3,32,reply_null,7,722243,12,3.7360724391813296,32.0,0.7063921943980802,5.377247440566354e-16,12
72,1,2,random,0,722244,0,0.0,0.0,0.0,0.0,18
72,1,2,random,0,722244,1,0.06828260409376202,0.1111111111111111,0.03533392042159995,2.220446049250313e-16,18
72,1,2,random,0,722244,2,0.08330487278180004,0.2222222222222222,0.04343655803635475,6.938893903907228e-18,18
72,1,2,random,0,722244,3,0.17332083608194176,0.3333333333333333,0.09462379871106082,3.405287477819862e-17,18
72,1,2,random,0,722244,4,0.1811206520929781,0.4444444444444444,0.0992798896579051,3.379802904005533e-16,18
72,1,2,random,0,722244,5,0.25075573560131825,0.5555555555555556,0.14249808358864,3.398312964889823e-16,18
72,1,2,random,0,722244,6,0.25571122132566626,0.6666666666666666,0.14568987557791252,3.398336272974283e-16,18
72,1,2,random,0,722244,7,0.2861528098684719,0.7777777777777778,0.1656479374285842,3.3993147767735927e-16,18
72,1,2,random,0,722244,8,0.32183095058701117,0.8888888888888888,0.18982576348086858,3.5374399545464818e-16,18
72,1,2,random,0,722244,9,0.3227294998516862,1.0,0.19044588447630703,4.708109567686523e-16,18
72,1,2,random,0,722244,10,0.3459000603858992,1.1111111111111112,0.20663068398196419,4.709765939277053e-16,18
72,1,2,random,0,722244,11,0.35661506300005386,1.2222222222222223,0.21424294346724923,5.712608025047253e-16,18
72,1,2,random,0,722244,12,0.37012094197462725,1.3333333333333333,0.22395485856738193,5.712608123155809e-16,18
72,1,2,random,0,722244,13,0.3837698943761609,1.4444444444444444,0.23390382601219264,5.715343415988523e-16,18
72,1,2,random,0,722244,14,0.4069983573693682,1.5555555555555556,0.2511508189666174,5.715611896499487e-16,18
72,1,2,random,0,722244,15,0.40722164556731905,1.6666666666666667,0.25131856080606346,5.72438321569153e-16,18
72,1,2,random,0,722244,16,0.41936470698878847,1.7777777777777777,0.2604974855718533,5.874633014776306e-16,18
72,1,2,random,0,722244,17,0.430065888948815,1.8888888888888888,0.2686794075837642,5.937024963572089e-16,18
72,1,2,random,0,722244,18,0.4400277790507021,2.0,0.27637517592149174,5.953563771691193e-16,18
72,1,2,random,1,722245,0,0.0,0.0,0.0,0.0,18
72,1,2,random,1,722245,1,0.09772099752945841,0.1111111111111111,0.051327549345588995,0.0,18
72,1,2,random,1,722245,2,0.10024167939851164,0.2222222222222222,0.052719023698453535,1.1145430237265545e-16,18
72,1,2,random,1,722245,3,0.10033279898459047,0.3333333333333333,0.052769389521732525,1.2745153612651753e-16,18
72,1,2,random,1,722245,4,0.15967341783895184,0.4444444444444444,0.08656384292483482,4.469705926447187e-16,18
72,1,2,random,1,722245,5,0.17119604255824886,0.5555555555555556,0.09336168725249534,4.469888060024005e-16,18
72,1,2,random,1,722245,6,0.17631907500385627,0.6666666666666666,0.0964092982678335,4.481906741626532e-16,18
72,1,2,random,1,722245,7,0.18841061919705393,0.7777777777777778,0.10366458305677545,4.486419830594037e-16,18
72,1,2,random,1,722245,8,0.18853644350482604,0.8888888888888888,0.10374054351380106,4.653838951330802e-16,18
72,1,2,random,1,722245,9,0.19279128347297522,1.0,0.10631483562554357,4.654507165168938e-16,18
72,1,2,random,1,722245,10,0.2482728002353281,1.1111111111111112,0.14090478122626363,4.65463022350571e-16,18
72,1,2,random,1,722245,11,0.2737297600805497,1.2222222222222223,0.1574297133584983,4.679625587991604e-16,18
72,1,2,random,1,722245,12,0.27536500965801597,1.3333333333333333,0.15850565449586754,4.897557617408949e-16,18
72,1,2,random,1,722245,13,0.287997675704278,1.4444444444444444,0.1668771020402955,4.940579862091167e-16,18
72,1,2,random,1,722245,14,0.331827557823423,1.5555555555555556,0.1967562637295236,4.94319368541691e-16,18
72,1,2,random,1,722245,15,0.3543677772621587,1.6666666666666667,0.21263963770485353,4.944468828513061e-16,18
72,1,2,random,1,722245,16,0.36531988838882595,1.7777777777777777,0.2204874427825512,4.957910728144624e-16,18
72,1,2,random,1,722245,17,0.37004296194601893,1.8888888888888888,0.22389840674788544,4.963613140294624e-16,18
72,1,2,random,1,722245,18,0.371086104965573,2.0,0.22465393030880537,6.956737941275807e-16,18
72,1,2,random,2,722246,0,0.0,0.0,0.0,0.0,18
72,1,2,random,2,722246,1,0.001098650707431539,0.1111111111111111,0.0005496272225993144,0.0,18
72,1,2,random,2,722246,2,0.002717146684789409,0.2222222222222222,0.0013604207367562651,1.5612511283791264e-17,18
72,1,2,random,2,722246,3,0.0074634095071468955,0.3333333333333333,0.003745665082881452,2.22129696128182e-16,18
72,1,2,random,2,722246,4,0.10578229883682783,0.4444444444444444,0.055789928967796686,4.483581747068641e-16,18
72,1,2,random,2,722246,5,0.17768824810641676,0.5555555555555556,0.09722644511722789,4.559529013829539e-16,18
72,1,2,random,2,722246,6,0.3727560149106236,0.6666666666666666,0.22586504806109403,4.57612815787883e-16,18
72,1,2,random,2,722246,7,0.3827710771623996,0.7777777777777778,0.2331711562000481,4.761704786373446e-16,18
72,1,2,random,2,722246,8,0.3830595387851651,0.8888888888888888,0.23338267844808902,2.6453353343654403e-16,18
72,1,2,random,2,722246,9,0.38744301871877196,1.0,0.23660450294532068,2.685578081526468e-16,18
72,1,2,random,2,722246,10,0.39090512502387925,1.1111111111111112,0.2391591256753885,2.7105472371464633e-16,18
72,1,2,random,2,722246,11,0.4006207460372609,1.2222222222222223,0.24637551469462768,2.741336546467595e-16,18
72,1,2,random,2,722246,12,0.400622390690885,1.3333333333333333,0.24637674222483225,4.668520093966086e-16,18
72,1,2,random,2,722246,13,0.4547657194222074,1.4444444444444444,0.2879020797378778,4.672516947682806e-16,18
72,1,2,random,2,722246,14,0.4576690927561516,1.5555555555555556,0.29019297768267505,4.678333554663026e-16,18
72,1,2,random,2,722246,15,0.48360439534921323,1.6666666666666667,0.3109549418127452,5.631172985700166e-16,18
72,1,2,random,2,722246,16,0.4846676247909181,1.7777777777777777,0.3118176315200553,5.631409548672505e-16,18
72,1,2,random,2,722246,17,0.4915890209979899,1.8888888888888888,0.31745603329272115,5.63262831346259e-16,18
72,1,2,random,2,722246,18,0.4929674034317147,2.0,0.31858357724422015,5.787895888089733e-16,18
72,1,2,random,3,722247,0,0.0,0.0,0.0,0.0,18
72,1,2,random,3,722247,1,0.017129301452910313,0.1111111111111111,0.008638424598181376,1.1102230246251565e-16,18
72,1,2,random,3,722247,2,0.03865067296025397,0.2222222222222222,0.019703663569488283,1.249000902703301e-16,18
72,1,2,random,3,722247,3,0.05055585053835371,0.3333333333333333,0.025927804208258447,1.2507392376795498e-16,18
72,1,2,random,3,722247,4,0.13156300006011595,0.4444444444444444,0.0703048819712857,2.582394469506102e-16,18
72,1,2,random,3,722247,5,0.14528443767233534,0.5555555555555556,0.07818421912075973,2.583009830633874e-16,18
72,1,2,random,3,722247,6,0.16864095755348463,0.6666666666666666,0.09184753292326357,4.467585436022921e-16,18
72,1,2,random,3,722247,7,0.1707669110229027,0.7777777777777778,0.09310711166774178,4.490707104261173e-16,18
72,1,2,random,3,722247,8,0.1968483966656606,0.8888888888888888,0.10877972032115589,4.53967801680155e-16,18
72,1,2,random,3,722247,9,0.19821819869186422,1.0,0.10961419942066236,4.553571705476647e-16,18
72,1,2,random,3,722247,10,0.21753195911448506,1.1111111111111112,0.12150257710848687,4.596678076280519e-16,18
72,1,2,random,3,722247,11,0.22502892731308416,1.2222222222222223,0.1261794715235642,5.199060122048768e-16,18
72,1,2,random,3,722247,12,0.22522194841573756,1.3333333333333333,0.12630034904119716,5.204350388544092e-16,18
72,1,2,random,3,722247,13,0.22901084737396743,1.4444444444444444,0.12867783897155727,5.205166540231114e-16,18
72,1,2,random,3,722247,14,0.2532680485857845,1.5555555555555556,0.14411426919850537,5.205579801406799e-16,18
72,1,2,random,3,722247,15,0.2848644660435582,1.6666666666666667,0.16479090621281278,5.206725916733347e-16,18
72,1,2,random,3,722247,16,0.29577451152663226,1.7777777777777777,0.17208351424307936,5.20688252521901e-16,18
72,1,2,random,3,722247,17,0.38435955861465104,1.8888888888888888,0.23433671046858162,5.207622309457859e-16,18
72,1,2,random,3,722247,18,0.3843822653985522,2.0,0.23435338508288972,5.207656473993563e-16,18
72,1,2,random,4,722248,0,0.0,0.0,0.0,0.0,18
72,1,2,random,4,722248,1,0.0097043878572791,0.1111111111111111,0.004875814059033213,0.0,18
72,1,2,random,4,722248,2,0.026196720474885873,0.2222222222222222,0.01327143530633955,1.2703563245816778e-16,18
72,1,2,random,4,722248,3,0.09042898354369949,0.3333333333333333,0.04732188357999861,1.27736879561988e-16,18
72,1,2,random,4,722248,4,0.09043101052990192,0.4444444444444444,0.04732299299502939,2.329305906362094e-16,18
72,1,2,random,4,722248,5,0.09134298753896869,0.5555555555555556,0.047822366655212,2.5544389400152973e-16,18
72,1,2,random,4,722248,6,0.10003490760887973,0.6666666666666666,0.05260474881157837,2.560404325489776e-16,18
72,1,2,random,4,722248,7,0.10022703967843886,0.7777777777777778,0.05271093210589735,2.5722567059829763e-16,18
72,1,2,random,4,722248,8,0.10031496044030296,0.8888888888888888,0.05275952900844571,4.717852448919755e-16,18
72,1,2,random,4,722248,9,0.10139730879242743,1.0,0.053358131263433695,4.718943470917368e-16,18
72,1,2,random,4,722248,10,0.103880350959478,1.1111111111111112,0.05473385011396649,4.73024189294289e-16,18
72,1,2,random,4,722248,11,0.10396383898032747,1.2222222222222223,0.05478016567858127,4.733282089152627e-16,18
72,1,2,random,4,722248,12,0.13536522285470232,1.3333333333333333,0.07247743584294228,4.766865270936541e-16,18
72,1,2,random,4,722248,13,0.14002214612794803,1.4444444444444444,0.07514963662501527,4.76705054837046e-16,18
72,1,2,random,4,722248,14,0.17086021510437058,1.5555555555555556,0.09316245356378032,4.847923240278698e-16,18
72,1,2,random,4,722248,15,0.20528155445253704,1.6666666666666667,0.1139353643850637,4.848028369302387e-16,18
72,1,2,random,4,722248,16,0.22998376187073843,1.7777777777777777,0.12928978639287964,4.861829058138654e-16,18
72,1,2,random,4,722248,17,0.2603274340324946,1.8888888888888888,0.14867740762270662,4.865938523252208e-16,18
72,1,2,random,4,722248,18,0.27531721938272535,2.0,0.15847418508133074,4.883497953878939e-16,18
72,1,2,random,5,722249,0,0.0,0.0,0.0,0.0,18
72,1,2,random,5,722249,1,0.00010634737743038061,0.1111111111111111,5.317651625654338e-05,1.1102230246251565e-16,18
72,1,2,random,5,722249,2,0.04165110987400615,0.2222222222222222,0.02126534331505168,2.228580287461675e-16,18
72,1,2,random,5,722249,3,0.05406676186138114,0.3333333333333333,0.027777535312027996,2.2641663279704084e-16,18
72,1,2,random,5,722249,4,0.057747197340918745,0.4444444444444444,0.029723565400705487,2.3093077285283357e-16,18
72,1,2,random,5,722249,5,0.07769071217654444,0.5555555555555556,0.04039416615014865,2.3741607373802424e-16,18
72,1,2,random,5,722249,6,0.09180575969067659,0.6666666666666666,0.048075942259921636,2.3744286669520617e-16,18
72,1,2,random,5,722249,7,0.14399561720998294,0.7777777777777778,0.077439523460732,2.374523613278544e-16,18
72,1,2,random,5,722249,8,0.15596602516489355,0.8888888888888888,0.0843932465434626,8.919696827189267e-16,18
72,1,2,random,5,722249,9,0.1903973693615598,1.0,0.10486510594109928,8.924107059367405e-16,18
72,1,2,random,5,722249,10,0.2701739702493258,1.1111111111111112,0.1550961826999801,8.924199861572682e-16,18
72,1,2,random,5,722249,11,0.2933162172332552,1.2222222222222223,0.170433364283474,8.931110567716856e-16,18
72,1,2,random,5,722249,12,0.41435435481255656,1.3333333333333333,0.2566966550409772,8.932719033646754e-16,18
72,1,2,random,5,722249,13,0.43463540723654287,1.4444444444444444,0.27219993963604616,8.932750223542563e-16,18
72,1,2,random,5,722249,14,0.4533512798917922,1.5555555555555556,0.28678842767262047,9.023795574619779e-16,18
72,1,2,random,5,722249,15,0.4533512845893517,1.6666666666666667,0.2867884313686059,9.054193188065962e-16,18
72,1,2,random,5,722249,16,0.46213392735329384,1.7777777777777777,0.2937289465117806,9.061613199608422e-16,18
72,1,2,random,5,722249,17,0.46692540711938524,1.8888888888888888,0.2975412085934884,9.062184863110218e-16,18
72,1,2,random,5,722249,18,0.481009575804746,2.0,0.308853387835876,9.06972214156422e-16,18
72,1,2,random,6,722250,0,0.0,0.0,0.0,0.0,18
72,1,2,random,6,722250,1,0.05552760645370193,0.1111111111111111,0.028549099701055326,0.0,18
72,1,2,random,6,722250,2,0.06807972120560724,0.2222222222222222,0.035225321346517215,2.7755575615628914e-17,18
72,1,2,random,6,722250,3,0.08128809400057921,0.3333333333333333,0.042341671160588325,2.223882473897027e-16,18
72,1,2,random,6,722250,4,0.10211528664970983,0.4444444444444444,0.053755572808869584,2.3099947352681054e-16,18
72,1,2,random,6,722250,5,0.12817934598481714,0.5555555555555556,0.06837842859716099,2.326169668370472e-16,18
72,1,2,random,6,722250,6,0.13180233626609525,0.6666666666666666,0.07044139291334212,2.3300560031250076e-16,18
72,1,2,random,6,722250,7,0.18181487976598515,0.7777777777777778,0.09969607078669561,2.7942140692094805e-16,18
72,1,2,random,6,722250,8,0.2403059100478531,0.8888888888888888,0.1358190488491175,6.7257812644358885e-16,18
72,1,2,random,6,722250,9,0.2580786604474594,1.0,0.14722031794965917,6.731015791879938e-16,18
72,1,2,random,6,722250,10,0.2622465011474576,1.1111111111111112,0.14992345834896623,6.731016188321646e-16,18
72,1,2,random,6,722250,11,0.2904116047343443,1.2222222222222223,0.16848884056496347,6.731493261259819e-16,18
72,1,2,random,6,722250,12,0.29568349424199947,1.3333333333333333,0.1720223458103009,6.808428157899027e-16,18
72,1,2,random,6,722250,13,0.29731102892368666,1.4444444444444444,0.1731169760176614,6.811485712562459e-16,18
72,1,2,random,6,722250,14,0.30103408674826465,1.5555555555555556,0.17562770032784578,6.851737646519269e-16,18
72,1,2,random,6,722250,15,0.31967953901373886,1.6666666666666667,0.18834325965953663,6.857774962855672e-16,18
72,1,2,random,6,722250,16,0.3955367540140295,1.7777777777777777,0.24259057698058706,6.943704939118527e-16,18
72,1,2,random,6,722250,17,0.4016301644056017,1.8888888888888888,0.2471293002273172,6.959053380993347e-16,18
72,1,2,random,6,722250,18,0.40259518664155075,2.0,0.2478506446158725,6.959132486102877e-16,18
72,1,2,random,7,722251,0,0.0,0.0,0.0,0.0,18
72,1,2,random,7,722251,1,0.029264940514863478,0.1111111111111111,0.014848683444920362,0.0,18
72,1,2,random,7,722251,2,0.03182572776275484,0.2222222222222222,0.016168790923880585,1.9081958235744878e-17,18
72,1,2,random,7,722251,3,0.06660282855011092,0.3333333333333333,0.034435434433051436,1.176235900322215e-16,18
72,1,2,random,7,722251,4,0.12065531718050322,0.4444444444444444,0.06411798089326858,3.367741544620556e-16,18
72,1,2,random,7,722251,5,0.12065533769024685,0.5555555555555556,0.06411799246318389,3.3728527623605167e-16,18
72,1,2,random,7,722251,6,0.12071802080189344,0.6666666666666666,0.06415335424256895,3.3728783592345325e-16,18
72,1,2,random,7,722251,7,0.12354405127813096,0.7777777777777778,0.06574992372936705,3.373952231258308e-16,18
72,1,2,random,7,722251,8,0.16881153109068756,0.8888888888888888,0.09194849506092889,4.52726866483039e-16,18
72,1,2,random,7,722251,9,0.17896082319994075,1.0,0.09798694441007497,4.530523911146867e-16,18
72,1,2,random,7,722251,10,0.17906497776839456,1.1111111111111112,0.09804923072585689,4.575791376608964e-16,18
72,1,2,random,7,722251,11,0.18513620335186104,1.2222222222222223,0.10169116683671676,4.602049912835354e-16,18
72,1,2,random,7,722251,12,0.22259408183263554,1.3333333333333333,0.12465667590571013,4.611338377310343e-16,18
72,1,2,random,7,722251,13,0.32026982685604605,1.4444444444444444,0.18874970026371968,4.611352890686458e-16,18
72,1,2,random,7,722251,14,0.3446815489923189,1.5555555555555556,0.2057701708214962,4.63529598810627e-16,18
72,1,2,random,7,722251,15,0.3464320378785405,1.6666666666666667,0.2070066956074458,4.684888225393569e-16,18
72,1,2,random,7,722251,16,0.358734174395955,1.7777777777777777,0.21575810866310519,4.811324246757807e-16,18
72,1,2,random,7,722251,17,0.37024267780351383,1.8888888888888888,0.22404299517674892,4.821216276779006e-16,18
72,1,2,random,7,722251,18,0.3703161183291223,2.0,0.22409617122749262,4.822312589825199e-16,18
72,1,2,krylov,0,722252,0,0.0,0.0,0.0,0.0,18
72,1,2,krylov,0,722252,1,0.006004783967082116,0.1111111111111111,0.0030114244113727475,2.220446049250313e-16,18
72,1,2,krylov,0,722252,2,0.011926602999440178,0.2222222222222222,0.005999004260867967,2.295941734692043e-16,18
72,1,2,krylov,0,722252,3,0.021226505543923482,0.3333333333333333,0.010726695146278251,2.295975688268569e-16,18
72,1,2,krylov,0,722252,4,0.031344400214626957,0.4444444444444444,0.01592040444774731,2.5113381522933286e-16,18
72,1,2,krylov,0,722252,5,0.0383896521352415,0.5555555555555556,0.01956802779311263,2.521970674514505e-16,18
72,1,2,krylov,0,722252,6,0.04449328935576621,0.6666666666666666,0.022748980361026613,2.5402857056299447e-16,18
72,1,2,krylov,0,722252,7,0.05052207720872183,0.7777777777777778,0.025910042175107607,2.60089234960264e-16,18
72,1,2,krylov,0,722252,8,0.056964833062104744,0.8888888888888888,0.029309290683491293,5.780870560605666e-16,18
72,1,2,krylov,0,722252,9,0.06369373239388201,1.0,0.03288296959459192,5.780982665896923e-16,18
72,1,2,krylov,0,722252,10,0.07059772977410554,1.1111111111111112,0.0365747214793191,5.798292558232752e-16,18
72,1,2,krylov,0,722252,11,0.07711872336250065,1.2222222222222223,0.04008515511578878,5.800890394272516e-16,18
72,1,2,krylov,0,722252,12,0.08688450559210587,1.3333333333333333,0.04538534726380642,5.802213871262544e-16,18
72,1,2,krylov,0,722252,13,0.09765915751080269,1.4444444444444444,0.051293456293820414,5.864054575517156e-16,18
72,1,2,krylov,0,722252,14,0.10928577101862696,1.5555555555555556,0.057740538480742905,5.864079778070204e-16,18
72,1,2,krylov,0,722252,15,0.1262103795563726,1.6666666666666667,0.0672604115827817,5.864483834572961e-16,18
72,1,2,krylov,0,722252,16,0.14305962901564745,1.7777777777777777,0.07689929974477978,5.868000996002087e-16,18
72,1,2,krylov,0,722252,17,0.16299289657192487,1.8888888888888888,0.08851416436134797,5.870075246567308e-16,18
72,1,2,krylov,0,722252,18,0.18176750599899888,2.0,0.099667661597706,6.42817730503672e-16,18
72,1,2,krylov,1,722253,0,0.0,0.0,0.0,0.0,18
72,1,2,krylov,1,722253,1,0.0028379051304323923,0.1111111111111111,0.0014209678975883146,0.0,18
72,1,2,krylov,1,722253,2,0.0049229712721403545,0.2222222222222222,0.0024675545024713547,7.806255641895632e-18,18
72,1,2,krylov,1,722253,3,0.007267143033442257,0.3333333333333333,0.003646806399191485,1.0444418402013024e-17,18
72,1,2,krylov,1,722253,4,0.012194978443620415,0.4444444444444444,0.006134820192406551,2.31681777280838e-16,18
72,1,2,krylov,1,722253,5,0.016742215081936858,0.5555555555555556,0.00844157569748731,2.316818060539766e-16,18
72,1,2,krylov,1,722253,6,0.020393424610931663,0.6666666666666666,0.010301395653628339,2.635289548426469e-16,18
72,1,2,krylov,1,722253,7,0.024316550886507724,0.7777777777777778,0.012307304611718766,2.6369133303087663e-16,18
72,1,2,krylov,1,722253,8,0.028050908014568988,0.8888888888888888,0.01422401966827061,4.857284309457496e-16,18
72,1,2,krylov,1,722253,9,0.03194607536053269,1.0,0.01623091433604299,4.89767814945931e-16,18
72,1,2,krylov,1,722253,10,0.03666779322889271,1.1111111111111112,0.018674174722279502,4.963842530884326e-16,18
72,1,2,krylov,1,722253,11,0.04145427676875492,1.2222222222222223,0.021162751135966783,4.992894032183399e-16,18
72,1,2,krylov,1,722253,12,0.045769591403914026,1.3333333333333333,0.02341659190169162,4.999527114795486e-16,18
72,1,2,krylov,1,722253,13,0.05027468744682815,1.4444444444444444,0.02577995350696215,4.999544353389877e-16,18
72,1,2,krylov,1,722253,14,0.055210247397333524,1.5555555555555556,0.028381386471593658,6.870998283890393e-16,18
72,1,2,krylov,1,722253,15,0.0650292866691452,1.6666666666666667,0.03359513918756275,6.974019081237187e-16,18
72,1,2,krylov,1,722253,16,0.07811839489850864,1.7777777777777777,0.04062533282753463,6.984106547956873e-16,18
72,1,2,krylov,1,722253,17,0.09133151179467693,1.8888888888888888,0.04781608002188693,6.984884143090411e-16,18
72,1,2,krylov,1,722253,18,0.10064267375213282,2.0,0.05294070534967053,6.993024314943867e-16,18
72,1,2,krylov,2,722254,0,0.0,0.0,0.0,0.0,18
72,1,2,krylov,2,722254,1,0.03369374950066602,0.1111111111111111,0.017133906593635145,0.0,18
72,1,2,krylov,2,722254,2,0.07273725609325511,0.2222222222222222,0.03772396619938142,1.734723475976807e-17,18
72,1,2,krylov,2,722254,3,0.10873659932615208,0.3333333333333333,0.05743432725422811,5.837406100651101e-17,18
72,1,2,krylov,2,722254,4,0.14231614479537869,0.4444444444444444,0.07647054362519033,2.241907249225902e-16,18
72,1,2,krylov,2,722254,5,0.17572796487416614,0.5555555555555556,0.09605685886569838,2.245291866528472e-16,18
72,1,2,krylov,2,722254,6,0.20087652295488057,0.6666666666666666,0.1112369075246263,2.394422967386285e-16,18
72,1,2,krylov,2,722254,7,0.21954329940128883,0.7777777777777778,0.12275388826459996,2.3962647629522333e-16,18
72,1,2,krylov,2,722254,8,0.23079971233654603,0.8888888888888888,0.1298034652269571,4.499002099504024e-16,18
72,1,2,krylov,2,722254,9,0.24695146149003655,1.0,0.1400584881498339,4.499155542454313e-16,18
72,1,2,krylov,2,722254,10,0.26288061834570414,1.1111111111111112,0.15033571668768614,4.528892240278781e-16,18
72,1,2,krylov,2,722254,11,0.2833423364563799,1.2222222222222223,0.1637797780344592,4.529005055322969e-16,18
72,1,2,krylov,2,722254,12,0.3045923424538719,1.3333333333333333,0.17803603864815437,4.52901717994038e-16,18
72,1,2,krylov,2,722254,13,0.3256788169558064,1.4444444444444444,0.19248523419910335,5.80500622322529e-16,18
72,1,2,krylov,2,722254,14,0.3487115822728388,1.5555555555555556,0.2086201870711746,5.814952861576942e-16,18
72,1,2,krylov,2,722254,15,0.36990231803672413,1.6666666666666667,0.22379660200530455,5.815318812965268e-16,18
72,1,2,krylov,2,722254,16,0.3921678408835382,1.7777777777777777,0.24009306315092818,5.816123929554279e-16,18
72,1,2,krylov,2,722254,17,0.4123112535816386,1.8888888888888888,0.2551522254238951,5.840730124848011e-16,18
72,1,2,krylov,2,722254,18,0.434131892345435,2.0,0.27181122333796176,5.843733420270811e-16,18
72,1,2,krylov,3,722255,0,0.0,0.0,0.0,0.0,18
72,1,2,krylov,3,722255,1,0.0001312113604033232,0.1111111111111111,6.560998449522933e-05,1.1102230246251565e-16,18
72,1,2,krylov,3,722255,2,0.0002609356193493852,0.2222222222222222,0.0001304848330045998,1.1510717166340155e-16,18
72,1,2,krylov,3,722255,3,0.0004028504164689045,0.3333333333333333,0.00020146578579756508,1.1515974768032623e-16,18
72,1,2,krylov,3,722255,4,0.0005666773946761795,0.4444444444444444,0.00028341899332213095,4.517902790197096e-16,18
72,1,2,krylov,3,722255,5,0.0006637414495289503,0.5555555555555556,0.00033198088731423045,4.536890731315879e-16,18
72,1,2,krylov,3,722255,6,0.0008476779477522117,0.6666666666666666,0.00042401866412141706,4.554822145431572e-16,18
72,1,2,krylov,3,722255,7,0.0010620601964761878,0.7777777777777778,0.0005313121910609828,4.565328341711319e-16,18
72,1,2,krylov,3,722255,8,0.001304680323729224,0.8888888888888888,0.0006527658946798222,7.894658078582837e-16,18
72,1,2,krylov,3,722255,9,0.0015352064613977931,1.0,0.0007681927470565178,7.90281410918516e-16,18
72,1,2,krylov,3,722255,10,0.0017897101708835034,1.1111111111111112,0.0008956563289923717,7.974624009222774e-16,18
72,1,2,krylov,3,722255,11,0.0021295293444189936,1.2222222222222223,0.00106589920121134,7.980936482849582e-16,18
72,1,2,krylov,3,722255,12,0.0025313176923065298,1.3333333333333333,0.0012672620909566093,7.998673101976934e-16,18
72,1,2,krylov,3,722255,13,0.002972792109916605,1.4444444444444444,0.0014886076191542336,8.004033287687157e-16,18
72,1,2,krylov,3,722255,14,0.0033663592036270408,1.5555555555555556,0.0016860158771329745,8.004540123679718e-16,18
72,1,2,krylov,3,722255,15,0.003847742315906825,1.6666666666666667,0.001927577189946577,8.004765826342836e-16,18
72,1,2,krylov,3,722255,16,0.00456009012884198,1.7777777777777777,0.002285251580970049,8.005057135003156e-16,18
72,1,2,krylov,3,722255,17,0.005244681038412212,1.8888888888888888,0.0026292292267640627,8.00654382655408e-16,18
72,1,2,krylov,3,722255,18,0.0058248980300129715,2.0,0.002920947867908711,8.023642001790296e-16,18
72,1,2,krylov,4,722256,0,0.0,0.0,0.0,0.0,18
72,1,2,krylov,4,722256,1,0.0440128602584634,0.1111111111111111,0.022497896859015265,3.3306690738754696e-16,18
72,1,2,krylov,4,722256,2,0.10615855779272551,0.2222222222222222,0.05599908925291622,3.3393090720782655e-16,18
72,1,2,krylov,4,722256,3,0.1504843236458654,0.3333333333333333,0.08119854140599554,3.3461996426777868e-16,18
72,1,2,krylov,4,722256,4,0.19438648235601788,0.4444444444444444,0.10728280021686148,3.3373242391035886e-16,18
72,1,2,krylov,4,722256,5,0.24121525475836858,0.5555555555555556,0.13639749049960115,3.338532232696672e-16,18
72,1,2,krylov,4,722256,6,0.2770976830149416,0.6666666666666666,0.15964761873860994,3.3392015874933547e-16,18
72,1,2,krylov,4,722256,7,0.31909808466587836,0.7777777777777778,0.18794313581653435,3.348733777838591e-16,18
72,1,2,krylov,4,722256,8,0.36066038692695623,0.8888888888888888,0.2171381395909175,6.691159879728708e-16,18
72,1,2,krylov,4,722256,9,0.38457868863853617,1.0,0.23449764332145226,6.691402606939341e-16,18
72,1,2,krylov,4,722256,10,0.4067357328220831,1.1111111111111112,0.2509535742246328,6.738171317955836e-16,18
72,1,2,krylov,4,722256,11,0.428781868126876,1.2222222222222223,0.26769304061241506,6.738847831102969e-16,18
72,1,2,krylov,4,722256,12,0.45056832736260327,1.3333333333333333,0.28460187677277504,6.743088048174297e-16,18
72,1,2,krylov,4,722256,13,0.4695468667930707,1.4444444444444444,0.2996346734779389,6.747980105794602e-16,18
72,1,2,krylov,4,722256,14,0.4883409656253948,1.5555555555555556,0.314805198192015,6.762486948474301e-16,18
72,1,2,krylov,4,722256,15,0.5046939008941757,1.6666666666666667,0.32823919814688024,6.778075287080667e-16,18
72,1,2,krylov,4,722256,16,0.5189072065434108,1.7777777777777777,0.3400952724301945,6.778291200441001e-16,18
72,1,2,krylov,4,722256,17,0.5308336387300986,1.8888888888888888,0.3501745974472066,6.782437013405334e-16,18
72,1,2,krylov,4,722256,18,0.5408126539827719,2.0,0.3587009743902194,6.791603471486966e-16,18
72,1,2,krylov,5,722257,0,0.0,0.0,0.0,0.0,18
72,1,2,krylov,5,722257,1,0.0001674576908373797,0.1111111111111111,8.373585632954339e-05,1.1102230246251565e-16,18
72,1,2,krylov,5,722257,2,0.0003375966276472099,0.2222222222222222,0.00016882680990104368,2.2247786310271853e-16,18
72,1,2,krylov,5,722257,3,0.0005897121584511904,0.3333333333333333,0.0002949430364255275,4.446353253069269e-16,18
72,1,2,krylov,5,722257,4,0.0008782666870620122,0.4444444444444444,0.0004393262380911849,4.453219523295356e-16,18
72,1,2,krylov,5,722257,5,0.001271610921364089,0.5555555555555556,0.0006362098806692274,4.462071810407762e-16,18
72,1,2,krylov,5,722257,6,0.0017168185493230891,0.6666666666666666,0.0008591465630139476,4.474096665109069e-16,18
72,1,2,krylov,5,722257,7,0.0023080213756311195,0.7777777777777778,0.0011553434536365318,4.491532921651473e-16,18
72,1,2,krylov,5,722257,8,0.002721241757043906,0.8888888888888888,0.0013624738481085629,4.558328346461288e-16,18
72,1,2,krylov,5,722257,9,0.0030104912832940294,1.0,0.0015075136814890666,4.568497689234746e-16,18
72,1,2,krylov,5,722257,10,0.0033734699868929693,1.1111111111111112,0.0016895832703428058,4.597292272506811e-16,18
72,1,2,krylov,5,722257,11,0.0036699002361348996,1.2222222222222223,0.001838321282687678,4.597752501461339e-16,18
72,1,2,krylov,5,722257,12,0.004141613509377979,1.3333333333333333,0.0020751009215175596,4.620119699284691e-16,18
72,1,2,krylov,5,722257,13,0.004674768208935874,1.4444444444444444,0.0023428559921992546,4.640724765235163e-16,18
72,1,2,krylov,5,722257,14,0.005335517811770004,1.5555555555555556,0.0026748885178823406,4.646107710602391e-16,18
72,1,2,krylov,5,722257,15,0.006235231442174174,1.6666666666666667,0.0031273554815688083,4.658653063874661e-16,18
72,1,2,krylov,5,722257,16,0.007524468737712161,1.7777777777777777,0.003776424344650827,5.117626621689346e-16,18
72,1,2,krylov,5,722257,17,0.009498903608797795,1.8888888888888888,0.004772080689956726,5.145350971613156e-16,18
72,1,2,krylov,5,722257,18,0.013000294658394697,2.0,0.0065425829369069564,5.241674009248746e-16,18
72,1,2,krylov,6,722258,0,0.0,0.0,0.0,0.0,18
72,1,2,krylov,6,722258,1,0.0042346396988650085,0.1111111111111111,0.0021218092275066456,0.0,18
72,1,2,krylov,6,722258,2,0.010379513699397262,0.2222222222222222,0.005216783853973891,1.0408340855860843e-17,18
72,1,2,krylov,6,722258,3,0.017270565499984042,0.3333333333333333,0.008710281995851383,3.24121360183451e-17,18
72,1,2,krylov,6,722258,4,0.025441894571969395,0.4444444444444444,0.01288415091627632,6.303140788528777e-17,18
72,1,2,krylov,6,722258,5,0.034379907844574904,0.5555555555555556,0.017488864103164276,3.408950561986794e-16,18
72,1,2,krylov,6,722258,6,0.04464173684296839,0.6666666666666666,0.022826586893703465,3.40927200647065e-16,18
72,1,2,krylov,6,722258,7,0.055530403298302694,0.7777777777777778,0.02855057797281835,3.4230029932694334e-16,18
72,1,2,krylov,6,722258,8,0.06917637553742412,0.8888888888888888,0.03581260047591307,7.807497577673882e-16,18
72,1,2,krylov,6,722258,9,0.08275684256285572,1.0,0.04313881997265155,7.811471542201993e-16,18
72,1,2,krylov,6,722258,10,0.10279422664328695,1.1111111111111112,0.054131667272254956,7.81229465340215e-16,18
72,1,2,krylov,6,722258,11,0.11807761060155565,1.2222222222222223,0.06266572281435556,7.817221041134134e-16,18
72,1,2,krylov,6,722258,12,0.1441902315284732,1.3333333333333333,0.07755191239595298,7.817231755195807e-16,18
72,1,2,krylov,6,722258,13,0.1709857476296047,1.4444444444444444,0.09323691941829589,7.820365341920507e-16,18
72,1,2,krylov,6,722258,14,0.19649901511020337,1.5555555555555556,0.10856706106731297,7.821288713845824e-16,18
72,1,2,krylov,6,722258,15,0.22756460156398287,1.6666666666666667,0.12776927344402297,7.834937946133662e-16,18
72,1,2,krylov,6,722258,16,0.2612918227576955,1.7777777777777777,0.1493032865476919,7.834938364389856e-16,18
72,1,2,krylov,6,722258,17,0.2812039892684568,1.8888888888888888,0.16236190290761698,7.839012096389749e-16,18
72,1,2,krylov,6,722258,18,0.30424940368424,2.0,0.17780355366962908,7.839544582060895e-16,18
72,1,2,krylov,7,722259,0,0.0,0.0,0.0,0.0,18
72,1,2,krylov,7,722259,1,0.011166119639244534,0.1111111111111111,0.005614346719220202,3.3306690738754696e-16,18
72,1,2,krylov,7,722259,2,0.021149837462096012,0.2222222222222222,0.010687540211209275,2.224766048351711e-16,18
72,1,2,krylov,7,722259,3,0.03227987005517052,0.3333333333333333,0.01640325823859619,2.225055079660491e-16,18
72,1,2,krylov,7,722259,4,0.042972569597046976,0.4444444444444444,0.021954629803119387,4.558298472202483e-16,18
72,1,2,krylov,7,722259,5,0.05363105919994505,0.5555555555555556,0.027547631323773095,4.560270137648811e-16,18
72,1,2,krylov,7,722259,6,0.06991488702821633,0.6666666666666666,0.036208450390139445,4.56035124868626e-16,18
72,1,2,krylov,7,722259,7,0.08042974688489452,0.7777777777777778,0.04187635348204456,4.578420720897195e-16,18
72,1,2,krylov,7,722259,8,0.09037703279972038,0.8888888888888888,0.04729345053951585,4.473826998408958e-16,18
72,1,2,krylov,7,722259,9,0.09886938722375754,1.0,0.051961051905724635,4.483475551822777e-16,18
72,1,2,krylov,7,722259,10,0.10869047840666349,1.1111111111111112,0.05740861846336181,4.506955296233481e-16,18
72,1,2,krylov,7,722259,11,0.12250070306740742,1.2222222222222223,0.06515995738241183,4.516666207045582e-16,18
72,1,2,krylov,7,722259,12,0.13983422875995974,1.3333333333333333,0.07504156617357674,4.516993751321774e-16,18
72,1,2,krylov,7,722259,13,0.15689064648576811,1.4444444444444444,0.0849338388820792,4.520238380128331e-16,18
72,1,2,krylov,7,722259,14,0.17525629103826237,1.5555555555555556,0.0957757807344718,4.520247469465466e-16,18
72,1,2,krylov,7,722259,15,0.18850203474726818,1.6666666666666667,0.10371976990921038,4.526463910707092e-16,18
72,1,2,krylov,7,722259,16,0.2127726718035715,1.7777777777777777,0.1185516953964859,4.53330787161641e-16,18
72,1,2,krylov,7,722259,17,0.2334343930627949,1.8888888888888888,0.13146498410286953,4.546965350981667e-16,18
72,1,2,krylov,7,722259,18,0.271999779816826,2.0,0.15629335615078388,4.554029271764742e-16,18
72,1,2,reply_null,0,722260,0,0.0,0.0,0.0,0.0,18
72,1,2,reply_null,0,722260,1,0.007553459803613208,0.1111111111111111,0.0037910295718779495,0.0,18
72,1,2,reply_null,0,722260,2,0.1022595632208745,0.2222222222222222,0.05383547252786795,2.324529457808922e-16,18
72,1,2,reply_null,0,722260,3,0.1840770515347093,0.3333333333333333,0.1010542219142273,2.342265610784166e-16,18
72,1,2,reply_null,0,722260,4,0.18408533556839837,0.4444444444444444,0.10105920108827446,2.2365391026870814e-16,18
72,1,2,reply_null,0,722260,5,0.19807457172355664,0.5555555555555556,0.10952664866883717,2.315074948809024e-16,18
72,1,2,reply_null,0,722260,6,0.22189121752944868,0.6666666666666666,0.12421778128621748,2.3280638606089376e-16,18
72,1,2,reply_null,0,722260,7,0.27433651377064516,0.7777777777777778,0.1578287323039243,2.3622858872699273e-16,18
72,1,2,reply_null,0,722260,8,0.28595227730521205,0.8888888888888888,0.1655144667245216,4.511989064722119e-16,18
72,1,2,reply_null,0,722260,9,0.2916759695982636,1.0,0.1693345889214797,4.516353683828465e-16,18
72,1,2,reply_null,0,722260,10,0.3606016666649961,1.1111111111111112,0.21709603028784588,4.520884441306878e-16,18
72,1,2,reply_null,0,722260,11,0.36295776578377736,1.2222222222222223,0.21878757154981954,4.521737627931223e-16,18
72,1,2,reply_null,0,722260,12,0.3811097486483521,1.3333333333333333,0.23195412927326078,4.524150495316253e-16,18
72,1,2,reply_null,0,722260,13,0.383366711594768,1.4444444444444444,0.23360798826869558,4.540424775533481e-16,18
72,1,2,reply_null,0,722260,14,0.3894618636534068,1.5555555555555556,0.23809309532792428,4.541276062591065e-16,18
72,1,2,reply_null,0,722260,15,0.39961805656851385,1.6666666666666667,0.2456275068987519,4.541716906646076e-16,18
72,1,2,reply_null,0,722260,16,0.41406973280715986,1.7777777777777777,0.25648131316851375,4.596147596802384e-16,18
72,1,2,reply_null,0,722260,17,0.4140699594549165,1.8888888888888888,0.25648148462332604,4.609881997960729e-16,18
72,1,2,reply_null,0,722260,18,0.41407981073959077,2.0,0.25648893697448916,4.626527497083055e-16,18
72,1,2,reply_null,1,722261,0,0.0,0.0,0.0,0.0,18
72,1,2,reply_null,1,722261,1,0.1477628914323529,0.1111111111111111,0.07961899925627727,2.220446049250313e-16,18
72,1,2,reply_null,1,722261,2,0.1492910990995381,0.2222222222222222,0.08050545462641336,1.1145430237265545e-16,18
72,1,2,reply_null,1,722261,3,0.1553436568092467,0.3333333333333333,0.08402965183621675,2.3334277851787157e-16,18
72,1,2,reply_null,1,722261,4,0.2803962254327033,0.4444444444444444,0.16182708694784273,1.267972727100316e-16,18
72,1,2,reply_null,1,722261,5,0.3048837875282744,0.5555555555555556,0.1782336777109526,2.423003559525519e-16,18
72,1,2,reply_null,1,722261,6,0.3192933477075771,0.6666666666666666,0.18807747880143288,2.424188825509284e-16,18
72,1,2,reply_null,1,722261,7,0.32682516540865447,0.7777777777777778,0.19327951875240007,2.429433866942219e-16,18
72,1,2,reply_null,1,722261,8,0.33235557189806963,0.8888888888888888,0.19712425798789518,3.4043505068292203e-16,18
72,1,2,reply_null,1,722261,9,0.3338916379392988,1.0,0.19819590974032653,3.404362324751858e-16,18
72,1,2,reply_null,1,722261,10,0.33410935703345535,1.1111111111111112,0.19834793687034297,3.4139314664453773e-16,18
72,1,2,reply_null,1,722261,11,0.3343309398196261,1.2222222222222223,0.19850269589724628,3.413934095415159e-16,18
72,1,2,reply_null,1,722261,12,0.3343749002407778,1.3333333333333333,0.19853340304487796,3.426202875975241e-16,18
72,1,2,reply_null,1,722261,13,0.33607315373577573,1.4444444444444444,0.19972069771628162,3.4345955306146016e-16,18
72,1,2,reply_null,1,722261,14,0.4358149116332217,1.5555555555555556,0.27311129022531727,3.4410854698467785e-16,18
72,1,2,reply_null,1,722261,15,0.4414675835119354,1.6666666666666667,0.27749380947691865,3.459478281701869e-16,18
72,1,2,reply_null,1,722261,16,0.44194642598510786,1.7777777777777777,0.2778661956855759,3.572933024924055e-16,18
72,1,2,reply_null,1,722261,17,0.4430282989392573,1.8888888888888888,0.2787082034752354,3.9408054751579535e-16,18
72,1,2,reply_null,1,722261,18,0.4430787175588769,2.0,0.2787474658577104,4.960984013009547e-16,18
72,1,2,reply_null,2,722262,0,0.0,0.0,0.0,0.0,18
72,1,2,reply_null,2,722262,1,0.0016996899304078277,0.1111111111111111,0.0008505676110354524,0.0,18
72,1,2,reply_null,2,722262,2,0.005511310583851338,0.2222222222222222,0.002763262897551629,2.2226123401387487e-16,18
72,1,2,reply_null,2,722262,3,0.006198554875179802,0.3333333333333333,0.003108902835800777,2.2244618598975927e-16,18
72,1,2,reply_null,2,722262,4,0.007990366478579028,0.4444444444444444,0.004011187326179938,2.367414647685575e-16,18
72,1,2,reply_null,2,722262,5,0.010076896269895656,0.5555555555555556,0.005063919580366292,2.43925130008298e-16,18
72,1,2,reply_null,2,722262,6,0.013577264946357187,0.6666666666666666,0.006834927285741016,2.442101867277136e-16,18
72,1,2,reply_null,2,722262,7,0.046160010821492445,0.7777777777777778,0.023620983799339187,2.504309697547466e-16,18
72,1,2,reply_null,2,722262,8,0.15168857638598757,0.8888888888888888,0.08189887294548996,4.637211944299881e-16,18
72,1,2,reply_null,2,722262,9,0.151802631407115,1.0,0.08196524521871132,4.646021299247849e-16,18
72,1,2,reply_null,2,722262,10,0.17608784397204846,1.1111111111111112,0.0962714058735298,1.1162049736709892e-15,18
72,1,2,reply_null,2,722262,11,0.17737037682439824,1.2222222222222223,0.09703663415078892,1.1164550575469606e-15,18
72,1,2,reply_null,2,722262,12,0.2312307251938473,1.3333333333333333,0.13007497712639937,1.116793222569335e-15,18
72,1,2,reply_null,2,722262,13,0.23125690982496022,1.4444444444444444,0.1300914756232514,1.1168374146490822e-15,18
72,1,2,reply_null,2,722262,14,0.2742605187738213,1.5555555555555556,0.1577787425110133,1.1169214893446206e-15,18
72,1,2,reply_null,2,722262,15,0.2950942766239643,1.6666666666666667,0.17162649503701363,1.1170881565027423e-15,18
72,1,2,reply_null,2,722262,16,0.29891683564589316,1.7777777777777777,0.17419874010214662,1.1171360351132958e-15,18
72,1,2,reply_null,2,722262,17,0.35074469386548807,1.8888888888888888,0.2100623565372518,1.1171373568726033e-15,18
72,1,2,reply_null,2,722262,18,0.4216880149221287,2.0,0.26226640949517444,1.1171383136574922e-15,18
72,1,2,reply_null,3,722263,0,0.0,0.0,0.0,0.0,18
72,1,2,reply_null,3,722263,1,0.0001554208449507362,0.1111111111111111,7.771646169805321e-05,1.1102230246251565e-16,18
72,1,2,reply_null,3,722263,2,0.053134797047318376,0.2222222222222222,0.02728589435108766,2.2397931145959134e-16,18
72,1,2,reply_null,3,722263,3,0.0702107061836742,0.3333333333333333,0.03636709458492217,2.2566265153689004e-16,18
72,1,2,reply_null,3,722263,4,0.07067391335264628,0.4444444444444444,0.03661560121891855,2.2448833300386674e-16,18
72,1,2,reply_null,3,722263,5,0.07076884161829694,0.5555555555555556,0.03666654362516229,2.2537794881815265e-16,18
72,1,2,reply_null,3,722263,6,0.07958361655182716,0.6666666666666666,0.041418049382434804,2.2549339425033934e-16,18
72,1,2,reply_null,3,722263,7,0.08349200533453321,0.7777777777777778,0.04353826222249384,2.255116724176952e-16,18
72,1,2,reply_null,3,722263,8,0.12458537393021588,0.8888888888888888,0.0663393587831356,4.548683265238174e-16,18
72,1,2,reply_null,3,722263,9,0.12871339681989072,1.0,0.06868205263971164,4.585076227031606e-16,18
72,1,2,reply_null,3,722263,10,0.13060707304300476,1.1111111111111112,0.06975997261490158,4.585077691552499e-16,18
72,1,2,reply_null,3,722263,11,0.23160806208714046,1.2222222222222223,0.13031277252247658,4.6529892064738e-16,18
72,1,2,reply_null,3,722263,12,0.23164316653839742,1.3333333333333333,0.13033489969485504,4.658005174137495e-16,18
72,1,2,reply_null,3,722263,13,0.25374492468056875,1.4444444444444444,0.14442150514671281,4.658778856091285e-16,18
72,1,2,reply_null,3,722263,14,0.25698011207783794,1.5555555555555556,0.14650970551711892,4.663054781632479e-16,18
72,1,2,reply_null,3,722263,15,0.25789739218322183,1.6666666666666667,0.1471030080786449,5.083332756150223e-16,18
72,1,2,reply_null,3,722263,16,0.2579324706301786,1.7777777777777777,0.14712570784532325,5.083333245704522e-16,18
72,1,2,reply_null,3,722263,17,0.2580052228222281,1.8888888888888888,0.147172789371722,5.09568516545245e-16,18
72,1,2,reply_null,3,722263,18,0.2982209476582673,2.0,0.17372973650354914,5.09582355474299e-16,18
72,1,2,reply_null,4,722264,0,0.0,0.0,0.0,0.0,18
72,1,2,reply_null,4,722264,1,0.1600609201352387,0.1111111111111111,0.08679118180521132,0.0,18
72,1,2,reply_null,4,722264,2,0.16437240084864235,0.2222222222222222,0.08932658240623881,2.222612340138749e-16,18
72,1,2,reply_null,4,722264,3,0.1785765330087429,0.3333333333333333,0.0977571880422606,2.2227562898961037e-16,18
72,1,2,reply_null,4,722264,4,0.19458228056819066,0.4444444444444444,0.10740171674486919,1.4560437424693732e-16,18
72,1,2,reply_null,4,722264,5,0.20736201037724453,0.5555555555555556,0.11521395942041623,1.5625843539928696e-16,18
72,1,2,reply_null,4,722264,6,0.229855828830574,0.6666666666666666,0.12920928458689204,1.5969598766940198e-16,18
72,1,2,reply_null,4,722264,7,0.23782961958578416,0.7777777777777778,0.13424652402052997,1.6162307819909658e-16,18
72,1,2,reply_null,4,722264,8,0.2392280692007863,0.8888888888888888,0.1351341063027624,6.80774134662696e-16,18
72,1,2,reply_null,4,722264,9,0.23925570368600563,1.0,0.13515165814935218,6.810670006672355e-16,18
72,1,2,reply_null,4,722264,10,0.2623251188817853,1.1111111111111112,0.14997455586730704,6.830683332052023e-16,18
72,1,2,reply_null,4,722264,11,0.2663091708585417,1.2222222222222223,0.15256925355461276,6.880531885575362e-16,18
72,1,2,reply_null,4,722264,12,0.2736269634233215,1.3333333333333333,0.15736213525506368,6.885543380416655e-16,18
72,1,2,reply_null,4,722264,13,0.3110508327491033,1.4444444444444444,0.18242929946876832,6.885647649531725e-16,18
72,1,2,reply_null,4,722264,14,0.38221102467900886,1.5555555555555556,0.23276065683459188,6.8940337231833155e-16,18
72,1,2,reply_null,4,722264,15,0.3861895029933698,1.6666666666666667,0.2356817360896876,6.904959963355911e-16,18
72,1,2,reply_null,4,722264,16,0.3872316186233218,1.7777777777777777,0.236448801141357,6.905036930880605e-16,18
72,1,2,reply_null,4,722264,17,0.4728042384110752,1.8888888888888888,0.3022436276278464,6.905695037431105e-16,18
72,1,2,reply_null,4,722264,18,0.49782678672132946,2.0,0.32257106912976635,6.9270443261683285e-16,18
72,1,2,reply_null,5,722265,0,0.0,0.0,0.0,0.0,18
72,1,2,reply_null,5,722265,1,0.000555044221813504,0.1111111111111111,0.00027759914368028925,0.0,18
72,1,2,reply_null,5,722265,2,0.07013612693839899,0.2222222222222222,0.0363270942234345,2.2215291946945307e-16,18
72,1,2,reply_null,5,722265,3,0.11959319376624074,0.3333333333333333,0.06351913605721299,2.2245644878131735e-16,18
72,1,2,reply_null,5,722265,4,0.15717665226981345,0.4444444444444444,0.08510115726915596,2.5256390527296697e-16,18
72,1,2,reply_null,5,722265,5,0.25359336956814343,0.5555555555555556,0.1443238471735204,2.5458635725811486e-16,18
72,1,2,reply_null,5,722265,6,0.25438731835946116,0.6666666666666666,0.1448356104432332,2.563398054178861e-16,18
72,1,2,reply_null,5,722265,7,0.25476971190175585,0.7777777777777778,0.14508223856800412,2.627994589854082e-16,18
72,1,2,reply_null,5,722265,8,0.2688876211405719,0.8888888888888888,0.1542540420687648,5.15253696425184e-16,18
72,1,2,reply_null,5,722265,9,0.2809812190517757,1.0,0.1622143648371392,5.153581044905259e-16,18
72,1,2,reply_null,5,722265,10,0.285851165570791,1.1111111111111112,0.16544717880436516,5.178836034572958e-16,18
72,1,2,reply_null,5,722265,11,0.2863236776902761,1.2222222222222223,0.16576168495936072,5.19393299742609e-16,18
72,1,2,reply_null,5,722265,12,0.2863583142529752,1.3333333333333333,0.1657847450550633,5.194598156455145e-16,18
72,1,2,reply_null,5,722265,13,0.29203081530140546,1.4444444444444444,0.1695721415690983,5.20605557803919e-16,18
72,1,2,reply_null,5,722265,14,0.29248852305422995,1.5555555555555556,0.16987868007654386,5.316918351553601e-16,18
72,1,2,reply_null,5,722265,15,0.3211344802237855,1.6666666666666667,0.1893454875492048,5.342130596551232e-16,18
72,1,2,reply_null,5,722265,16,0.32148741794750296,1.7777777777777777,0.18958882651566,5.3450968144311595e-16,18
72,1,2,reply_null,5,722265,17,0.3279855565101061,1.8888888888888888,0.19408446107040875,5.345378454346681e-16,18
72,1,2,reply_null,5,722265,18,0.33404686456847427,2.0,0.19830429674995714,5.360441702689147e-16,18
72,1,2,reply_null,6,722266,0,0.0,0.0,0.0,0.0,18
72,1,2,reply_null,6,722266,1,0.01052935357823033,0.1111111111111111,0.005292491147495067,2.220446049250313e-16,18
72,1,2,reply_null,6,722266,2,0.06657493731836146,0.2222222222222222,0.03442052857836679,2.2226123401387487e-16,18
72,1,2,reply_null,6,722266,3,0.06693316484524776,0.3333333333333333,0.0346120070170127,2.249859082512508e-16,18
72,1,2,reply_null,6,722266,4,0.06950307046302762,0.4444444444444444,0.03598767633020243,2.943040725178179e-16,18
72,1,2,reply_null,6,722266,5,0.1299873296098193,0.5555555555555556,0.06940697700803457,2.9543014337253033e-16,18
72,1,2,reply_null,6,722266,6,0.13055246196054468,0.6666666666666666,0.06972885825565686,2.9627709045611497e-16,18
72,1,2,reply_null,6,722266,7,0.1311940217525734,0.7777777777777778,0.07009449065845497,2.9641879259156675e-16,18
72,1,2,reply_null,6,722266,8,0.17742027358179432,0.8888888888888888,0.09706642508610902,4.623092964885583e-16,18
72,1,2,reply_null,6,722266,9,0.1774834217669382,1.0,0.09710412993774764,4.63053512036083e-16,18
72,1,2,reply_null,6,722266,10,0.17778464678853653,1.1111111111111112,0.09728401973447813,4.631087148000218e-16,18
72,1,2,reply_null,6,722266,11,0.18891630357711695,1.2222222222222223,0.10396992400379156,4.639602938888914e-16,18
72,1,2,reply_null,6,722266,12,0.24941450781017677,1.3333333333333333,0.141636924937228,4.827352413330907e-16,18
72,1,2,reply_null,6,722266,13,0.29022701502219983,1.4444444444444444,0.16836545579044215,4.835379719922464e-16,18
72,1,2,reply_null,6,722266,14,0.3116994228106232,1.5555555555555556,0.18287205989958,4.849854414794495e-16,18
72,1,2,reply_null,6,722266,15,0.31408742767486647,1.6666666666666667,0.18450471031298224,4.849865661686567e-16,18
72,1,2,reply_null,6,722266,16,0.32338661959306186,1.7777777777777777,0.1908997391994657,4.850158134721414e-16,18
72,1,2,reply_null,6,722266,17,0.3649398328275819,1.8888888888888888,0.2202136695509301,4.958477451931633e-16,18
72,1,2,reply_null,6,722266,18,0.4107981398183224,2.0,0.2540104582278777,5.17518325508922e-16,18
72,1,2,reply_null,7,722267,0,0.0,0.0,0.0,0.0,18
72,1,2,reply_null,7,722267,1,0.0008719206489432872,0.1111111111111111,0.0004361504411276048,0.0,18
72,1,2,reply_null,7,722267,2,0.026453580082753038,0.2222222222222222,0.013403290939409947,1.0408340855860843e-17,18
72,1,2,reply_null,7,722267,3,0.04793342078225795,0.3333333333333333,0.024550402344143744,2.33550317962611e-16,18
72,1,2,reply_null,7,722267,4,0.058340714768651734,0.4444444444444444,0.030038058888102435,2.32075511739021e-16,18
72,1,2,reply_null,7,722267,5,0.06800712201860147,0.5555555555555556,0.03518646583377896,2.3260187122082894e-16,18
72,1,2,reply_null,7,722267,6,0.06806248364650429,0.6666666666666666,0.03521609544792337,2.6505834057881753e-16,18
72,1,2,reply_null,7,722267,7,0.07652230770979992,0.7777777777777778,0.039763135913678166,2.703200473348733e-16,18
72,1,2,reply_null,7,722267,8,0.07655724450098818,0.8888888888888888,0.03978199383506459,4.584557559372045e-16,18
72,1,2,reply_null,7,722267,9,0.0902381120576053,1.0,0.04721742540806822,4.584634623947184e-16,18
72,1,2,reply_null,7,722267,10,0.11833442094137935,1.1111111111111112,0.06281023974576543,4.584878899347964e-16,18
72,1,2,reply_null,7,722267,11,0.11865497488948511,1.2222222222222223,0.06299067970897657,4.596605945359189e-16,18
72,1,2,reply_null,7,722267,12,0.16569124506690341,1.3333333333333333,0.0901043251101164,4.596702228533207e-16,18
72,1,2,reply_null,7,722267,13,0.17810143250485944,1.4444444444444444,0.0974732607533614,4.600485232461871e-16,18
72,1,2,reply_null,7,722267,14,0.17861137761170717,1.5555555555555556,0.0977780170170335,4.635796672219509e-16,18
72,1,2,reply_null,7,722267,15,0.1788724146588874,1.6666666666666667,0.0979340795936359,4.951179478401234e-16,18
72,1,2,reply_null,7,722267,16,0.178886358347091,1.7777777777777777,0.09794241705813539,4.954592969921009e-16,18
72,1,2,reply_null,7,722267,17,0.275855606562731,1.8888888888888888,0.1588287945909845,5.0476473262805005e-16,18
72,1,2,reply_null,7,722267,18,0.2932188106516168,2.0,0.17036806284168954,5.049419282018057e-16,18
72,1,8,random,0,722268,0,0.0,0.0,0.0,0.0,18
72,1,8,random,0,722268,1,0.0004492564700805892,0.4444444444444444,5.616967511032935e-05,1.1102230246251565e-16,18
72,1,8,random,0,722268,2,0.10457886432261954,0.8888888888888888,0.01378036862147475,2.2313698550030876e-16,18
72,1,8,random,0,722268,3,0.13497976585800983,1.3333333333333333,0.018064203233225475,2.231638907103896e-16,18
72,1,8,random,0,722268,4,0.13743771876878313,1.7777777777777777,0.01841628082580447,2.5403682724717606e-16,18
72,1,8,random,0,722268,5,0.26822662669825137,2.2222222222222223,0.03845543166946686,2.5488126726721053e-16,18
72,1,8,random,0,722268,6,0.3604430196592663,2.6666666666666665,0.05424556854339798,2.5659007331354563e-16,18
72,1,8,random,0,722268,7,0.4012506394921841,3.111111111111111,0.061711449961367106,2.611510000935752e-16,18
72,1,8,random,0,722268,8,0.4139212393609382,3.5555555555555554,0.06409224724780692,4.501411165491125e-16,18
72,1,8,random,0,722268,9,0.5410214415329315,4.0,0.08972006979515869,4.524753690678611e-16,18
72,1,8,random,0,722268,10,0.6357788331112529,4.444444444444445,0.11106154865608564,4.533599135507656e-16,18
72,1,8,random,0,722268,11,0.6821508838314019,4.888888888888889,0.12226598538521252,4.53363293252282e-16,18
72,1,8,random,0,722268,12,0.7119473502646498,5.333333333333333,0.12974450139882626,4.935988368379504e-16,18
72,1,8,random,0,722268,13,0.714546459132916,5.777777777777778,0.13040747128379074,4.963345336330099e-16,18
72,1,8,random,0,722268,14,0.7719811146944583,6.222222222222222,0.14550615494863905,4.968633029278073e-16,18
72,1,8,random,0,722268,15,0.830705832606386,6.666666666666667,0.16186725135095556,5.007223095782852e-16,18
72,1,8,random,0,722268,16,0.8431652424690149,7.111111111111111,0.16546380696556104,5.013431724424767e-16,18
72,1,8,random,0,722268,17,0.9342683852543656,7.555555555555555,0.19316882004471733,5.014548622964459e-16,18
72,1,8,random,0,722268,18,1.0930365953305865,8.0,0.2479149332466034,6.895445662464936e-16,18
72,1,8,random,1,722269,0,0.0,0.0,0.0,0.0,18
72,1,8,random,1,722269,1,0.38331945973894677,0.4444444444444444,0.05839333118719228,3.3306690738754696e-16,18
72,1,8,random,1,722269,2,0.4889468476361256,0.8888888888888888,0.07882475589717622,2.4286128663675294e-16,18
72,1,8,random,1,722269,3,0.5756123624710947,1.3333333333333333,0.09727738852801375,2.435723858027155e-16,18
72,1,8,random,1,722269,4,0.589749491660373,1.7777777777777777,0.10044206973182673,4.460243592130246e-16,18
72,1,8,random,1,722269,5,0.5918310156271465,2.2222222222222223,0.10091182153329967,4.465191029769541e-16,18
72,1,8,random,1,722269,6,0.8740962357250086,2.6666666666666665,0.17458853194621188,4.465507968846657e-16,18
72,1,8,random,1,722269,7,0.9000395032302737,3.111111111111111,0.1824625344180211,4.512864801540769e-16,18
72,1,8,random,1,722269,8,0.9082037367524645,3.5555555555555554,0.18498300520428856,8.912252867420527e-16,18
72,1,8,random,1,722269,9,0.9138075332955539,4.0,0.18672496312767448,8.914836359037214e-16,18
72,1,8,random,1,722269,10,0.9142375357529042,4.444444444444445,0.18685903445127028,8.91673683330543e-16,18
72,1,8,random,1,722269,11,0.9231737821537577,4.888888888888889,0.18965837278525977,8.9212222815646e-16,18
72,1,8,random,1,722269,12,0.9281947040344799,5.333333333333333,0.19124222075524,8.921750038467993e-16,18
72,1,8,random,1,722269,13,0.9509876275946109,5.777777777777778,0.19853307987544763,8.939187216865014e-16,18
72,1,8,random,1,722269,14,0.9543126266103831,6.222222222222222,0.19961061746057138,8.94723671053473e-16,18
72,1,8,random,1,722269,15,0.9766891814590213,6.666666666666667,0.2069561622429398,8.947236718479313e-16,18
72,1,8,random,1,722269,16,1.0668755296048698,7.111111111111111,0.23828558733204322,8.956985229467497e-16,18
72,1,8,random,1,722269,17,1.1145402343152715,7.555555555555555,0.2560208018308704,8.95702170727012e-16,18
72,1,8,random,1,722269,18,1.1305346951333193,8.0,0.2621640218988763,8.957753256045451e-16,18
72,1,8,random,2,722270,0,0.0,0.0,0.0,0.0,18
72,1,8,random,2,722270,1,0.20646672126146834,0.4444444444444444,0.028665852886301864,2.220446049250313e-16,18
72,1,8,random,2,722270,2,0.49580294939382197,0.8888888888888888,0.08022700063782304,1.222980050563649e-16,18
72,1,8,random,2,722270,3,0.5264255463583342,1.3333333333333333,0.08660879928889759,1.2251106306596863e-16,18
72,1,8,random,2,722270,4,0.5359427596547061,1.7777777777777777,0.08863233932429991,3.5221250147761566e-16,18
72,1,8,random,2,722270,5,0.536031950302937,2.2222222222222223,0.08865139418087227,3.5571902040044386e-16,18
72,1,8,random,2,722270,6,0.5360449233793585,2.6666666666666665,0.08865416591471542,3.6103530952546925e-16,18
72,1,8,random,2,722270,7,0.5384854497121805,3.111111111111111,0.08917623133081937,3.6600782622200643e-16,18
72,1,8,random,2,722270,8,0.6020800301808141,3.5555555555555554,0.10323910086806423,5.704329090516121e-16,18
72,1,8,random,2,722270,9,0.7451559227711408,4.0,0.13834623784670677,5.704398310849202e-16,18
72,1,8,random,2,722270,10,0.7756417179952608,4.444444444444445,0.14649818527931463,5.704533102326669e-16,18
72,1,8,random,2,722270,11,0.8031290369504648,4.888888888888889,0.15406445433230548,5.735615934258619e-16,18
72,1,8,random,2,722270,12,0.8036835902754724,5.333333333333333,0.15421925337154077,5.737688730111905e-16,18
72,1,8,random,2,722270,13,0.8320506012398767,5.777777777777778,0.16225328093461117,5.742017386359632e-16,18
72,1,8,random,2,722270,14,0.8344152345763749,6.222222222222222,0.16293333333914528,5.742198545844801e-16,18
72,1,8,random,2,722270,15,0.8467988312845885,6.666666666666667,0.16652115282257854,5.74874335390191e-16,18
72,1,8,random,2,722270,16,0.8664301712356605,7.111111111111111,0.1723006476788368,5.801202408187783e-16,18
72,1,8,random,2,722270,17,1.009068785973973,7.555555555555555,0.21788068286368933,5.801314220240103e-16,18
72,1,8,random,2,722270,18,1.0681146842088314,8.0,0.2387360333686401,5.806229048429686e-16,18
72,1,8,random,3,722271,0,0.0,0.0,0.0,0.0,18
72,1,8,random,3,722271,1,0.009322401963059158,0.4444444444444444,0.0011707488622672354,0.0,18
72,1,8,random,3,722271,2,0.19136676302638136,0.8888888888888888,0.026362935659469806,2.295941734692043e-16,18
72,1,8,random,3,722271,3,0.1978837718586972,1.3333333333333333,0.027352590540180216,2.315500056171539e-16,18
72,1,8,random,3,722271,4,0.19799694027496903,1.7777777777777777,0.02736983301720003,2.3247738466747113e-16,18
72,1,8,random,3,722271,5,0.21733389410559378,2.2222222222222223,0.030344872846228946,2.325906902533507e-16,18
72,1,8,random,3,722271,6,0.5286988141208662,2.6666666666666665,0.08709038993544012,2.41627283063955e-16,18
72,1,8,random,3,722271,7,0.5378517153573462,3.111111111111111,0.08904054349459904,2.721942944681525e-16,18
72,1,8,random,3,722271,8,0.5525281201294021,3.5555555555555554,0.09220505416638504,2.5617058864469528e-16,18
72,1,8,random,3,722271,9,0.5832448558416337,4.0,0.09898041010537847,3.4276678449659205e-16,18
72,1,8,random,3,722271,10,0.6069756167815615,4.444444444444445,0.10435920469758539,3.4276696744889197e-16,18
72,1,8,random,3,722271,11,0.6268012194150021,4.888888888888889,0.10895176385046716,3.435187837957189e-16,18
72,1,8,random,3,722271,12,0.9201514920991367,5.333333333333333,0.1887088195500243,3.4962535601496897e-16,18
72,1,8,random,3,722271,13,1.1448646444600277,5.777777777777778,0.26775200484721334,3.502827853308115e-16,18
72,1,8,random,3,722271,14,1.1494865236420384,6.222222222222222,0.2695714585708594,3.50429109683107e-16,18
72,1,8,random,3,722271,15,1.1855779569288079,6.666666666666667,0.2840722104927849,3.520471217469707e-16,18
72,1,8,random,3,722271,16,1.2206405230589925,7.111111111111111,0.29866975005607876,3.821118309444416e-16,18
72,1,8,random,3,722271,17,1.3346185909279706,7.555555555555555,0.3498183587318341,3.8773384311230086e-16,18
72,1,8,random,3,722271,18,1.3445464804596927,8.0,0.35455578033297847,3.877433378413017e-16,18
72,1,8,random,4,722272,0,0.0,0.0,0.0,0.0,18
72,1,8,random,4,722272,1,0.6591890691497393,0.4444444444444444,0.11665299845069554,0.0,18
72,1,8,random,4,722272,2,0.8143180697747585,0.8888888888888888,0.15720444966826558,1.249000902703301e-16,18
72,1,8,random,4,722272,3,0.834161098843456,1.3333333333333333,0.16286016848774063,2.2913957395775834e-16,18
72,1,8,random,4,722272,4,0.9161881391784538,1.7777777777777777,0.18746794142710918,4.45817394142521e-16,18
72,1,8,random,4,722272,5,0.92393491474813,2.2222222222222223,0.18989796069639645,4.604813610165557e-16,18
72,1,8,random,4,722272,6,0.9455225423169494,2.6666666666666665,0.1967697667209246,4.605028958300975e-16,18
72,1,8,random,4,722272,7,0.996263888769742,3.111111111111111,0.21351812164917836,4.60502938853512e-16,18
72,1,8,random,4,722272,8,1.0419003107980378,3.5555555555555554,0.22932481470485777,4.537336450798139e-16,18
72,1,8,random,4,722272,9,1.0420191979636104,4.0,0.2293669418819108,4.544710816571682e-16,18
72,1,8,random,4,722272,10,1.1342526722950004,4.444444444444445,0.263606168162282,4.547331972350437e-16,18
72,1,8,random,4,722272,11,1.2822463223795233,4.888888888888889,0.32559100236650057,4.580578696238754e-16,18
72,1,8,random,4,722272,12,1.381335248156395,5.333333333333333,0.3725265815679792,4.584852799970386e-16,18
72,1,8,random,4,722272,13,1.4090371933392127,5.777777777777778,0.38650171109815135,4.616978701129749e-16,18
72,1,8,random,4,722272,14,1.4094887734627297,6.222222222222222,0.38673274726577267,6.005407923081273e-16,18
72,1,8,random,4,722272,15,1.4504774621049303,6.666666666666667,0.40814380960092206,6.005410461986978e-16,18
72,1,8,random,4,722272,16,1.4506376985400813,7.111111111111111,0.40822924550918493,6.013906914612337e-16,18
72,1,8,random,4,722272,17,1.5793345755721306,7.555555555555555,0.48146578495852194,6.019065935607637e-16,18
72,1,8,random,4,722272,18,1.5983091707580426,8.0,0.49308309605847184,6.020102989273905e-16,18
72,1,8,random,5,722273,0,0.0,0.0,0.0,0.0,18
72,1,8,random,5,722273,1,0.0015871981224006844,0.4444444444444444,0.0001985572985019786,2.220446049250313e-16,18
72,1,8,random,5,722273,2,0.43412744857314417,0.8888888888888888,0.06795194839806348,4.471943428918197e-16,18
72,1,8,random,5,722273,3,0.6070016311570248,1.3333333333333333,0.10436517141166211,4.477315973348661e-16,18
72,1,8,random,5,722273,4,0.7322899914497355,1.7777777777777777,0.13497974620041092,3.334630816695132e-16,18
72,1,8,random,5,722273,5,0.7509462020506996,2.2222222222222223,0.1398755092927465,3.3439928745744835e-16,18
72,1,8,random,5,722273,6,0.7539553251141156,2.6666666666666665,0.14067375270068863,3.344558464363127e-16,18
72,1,8,random,5,722273,7,0.7542754187513169,3.111111111111111,0.1407588067904098,3.3813619655324025e-16,18
72,1,8,random,5,722273,8,0.915806086821685,3.5555555555555554,0.18734858511530408,3.418131972121966e-16,18
72,1,8,random,5,722273,9,0.91802761513305,4.0,0.18804324766071742,3.418132509296764e-16,18
72,1,8,random,5,722273,10,0.937492895806074,4.444444444444445,0.1941964146165811,3.430494290610861e-16,18
72,1,8,random,5,722273,11,1.0908936560101372,4.888888888888889,0.2471166548095793,3.4473437209757167e-16,18
72,1,8,random,5,722273,12,1.1172068620613491,5.333333333333333,0.2570381983789132,3.702559383065341e-16,18
72,1,8,random,5,722273,13,1.1670960706102276,5.777777777777778,0.27658122143631025,3.841610677861975e-16,18
72,1,8,random,5,722273,14,1.2420553795828386,6.222222222222222,0.3078404207993279,3.8449154543360517e-16,18
72,1,8,random,5,722273,15,1.2555787346046576,6.666666666666667,0.3137336336696774,3.8479918636484213e-16,18
72,1,8,random,5,722273,16,1.3252309624879492,7.111111111111111,0.3453817973802177,3.848152141640269e-16,18
72,1,8,random,5,722273,17,1.3363490822485882,7.555555555555555,0.35064073913634036,3.84826296770804e-16,18
72,1,8,random,5,722273,18,1.3372090955663767,8.0,0.35104997245430897,3.8836450458050314e-16,18
72,1,8,random,6,722274,0,0.0,0.0,0.0,0.0,18
72,1,8,random,6,722274,1,0.07147191722826925,0.4444444444444444,0.009260998363752436,0.0,18
72,1,8,random,6,722274,2,0.07175007455035025,0.8888888888888888,0.009298349237985932,2.2466986156321474e-16,18
72,1,8,random,6,722274,3,0.23598740469945265,1.3333333333333333,0.03326979530266643,2.3288301208759806e-16,18
72,1,8,random,6,722274,4,0.31346125110078876,1.7777777777777777,0.0460190559166723,4.718892288371226e-16,18
72,1,8,random,6,722274,5,0.5747473084277047,2.2222222222222223,0.09708518971747812,4.725129244675209e-16,18
72,1,8,random,6,722274,6,0.5828785150453911,2.6666666666666665,0.09889837197147287,4.7273737230821445e-16,18
72,1,8,random,6,722274,7,0.5940203004930605,3.111111111111111,0.10140694865460964,4.727390358250118e-16,18
72,1,8,random,6,722274,8,0.5989994203658258,3.5555555555555554,0.10253706715494029,6.71682751004294e-16,18
72,1,8,random,6,722274,9,0.5995931574086779,4.0,0.10267220445437245,6.718286165590108e-16,18
72,1,8,random,6,722274,10,0.5997503825412825,4.444444444444445,0.10270800306105478,6.737967965282088e-16,18
72,1,8,random,6,722274,11,0.6007953163423828,4.888888888888889,0.10294606720921037,6.738604318079066e-16,18
72,1,8,random,6,722274,12,0.6012228709757057,5.333333333333333,0.10304354744397141,6.739066860189955e-16,18
72,1,8,random,6,722274,13,0.6027329239842165,5.777777777777778,0.10338816541908086,6.740380374551073e-16,18
72,1,8,random,6,722274,14,0.6043484154141331,6.222222222222222,0.10375742272871158,6.740785325581718e-16,18
72,1,8,random,6,722274,15,0.6178537991117413,6.666666666666667,0.10686783588093728,6.741674983400252e-16,18
72,1,8,random,6,722274,16,0.7467804520638186,7.111111111111111,0.13877439921038057,6.755496020190815e-16,18
72,1,8,random,6,722274,17,1.0348827253208885,7.555555555555555,0.22684701428767878,6.76337918220148e-16,18
72,1,8,random,6,722274,18,1.0430762713765653,8.0,0.22974173180993923,6.778079858025391e-16,18
72,1,8,random,7,722275,0,0.0,0.0,0.0,0.0,18
72,1,8,random,7,722275,1,0.00745585285175553,0.4444444444444444,0.0009354646162170568,2.220446049250313e-16,18
72,1,8,random,7,722275,2,0.05097213169771559,0.8888888888888888,0.006536695904918537,2.220446049250313e-16,18
72,1,8,random,7,722275,3,0.1970844167715705,1.3333333333333333,0.02723085538318559,2.239811541434573e-16,18
72,1,8,random,7,722275,4,0.24807670768247014,1.7777777777777777,0.035194779223224164,4.452250331088148e-16,18
72,1,8,random,7,722275,5,0.4520348767013,2.2222222222222223,0.07143834457420287,4.478328108260598e-16,18
72,1,8,random,7,722275,6,0.4523049133701002,2.6666666666666665,0.0714913972931636,4.478695696873705e-16,18
72,1,8,random,7,722275,7,0.48314583363953917,3.111111111111111,0.07764578854461515,4.480242277689909e-16,18
72,1,8,random,7,722275,8,0.5959674378946703,3.5555555555555554,0.10184822356434121,4.563333666887443e-16,18
72,1,8,random,7,722275,9,0.6290962010241256,4.0,0.10948929542253322,4.569241703489382e-16,18
72,1,8,random,7,722275,10,0.6348368007530842,4.444444444444445,0.11083927574930498,4.58388521542366e-16,18
72,1,8,random,7,722275,11,0.7345213317935653,4.888888888888889,0.13556049718227697,4.5966859690239555e-16,18
72,1,8,random,7,722275,12,0.7723682533204954,5.333333333333333,0.14561089860364956,4.638430457669119e-16,18
72,1,8,random,7,722275,13,0.8063531190108957,5.777777777777778,0.15496563298956956,4.643694678269815e-16,18
72,1,8,random,7,722275,14,0.8129724262204756,6.222222222222222,0.15682495845679467,4.658984755208436e-16,18
72,1,8,random,7,722275,15,0.8183804370318454,6.666666666666667,0.15835319952650614,4.906019279381932e-16,18
72,1,8,random,7,722275,16,0.8703066179935555,7.111111111111111,0.17345535444433444,4.90895487488359e-16,18
72,1,8,random,7,722275,17,0.871333956292247,7.555555555555555,0.17376212661282234,4.933237729028761e-16,18
72,1,8,random,7,722275,18,1.0972301899863648,8.0,0.2494820709912913,5.090830909531926e-16,18
72,1,8,krylov,0,722276,0,0.0,0.0,0.0,0.0,18
72,1,8,krylov,0,722276,1,0.028381412832935903,0.4444444444444444,0.0035985003182033575,0.0,18
72,1,8,krylov,0,722276,2,0.05588463512991189,0.8888888888888888,0.007184460144345346,4.441163132502155e-16,18
72,1,8,krylov,0,722276,3,0.08804783092583146,1.3333333333333333,0.011505044260026848,4.442784661998649e-16,18
72,1,8,krylov,0,722276,4,0.11803147407148337,1.7777777777777777,0.015659940992286077,4.44539972729591e-16,18
72,1,8,krylov,0,722276,5,0.14501555659802548,2.2222222222222223,0.019507194306350444,4.446885704318913e-16,18
72,1,8,krylov,0,722276,6,0.16349515795932387,2.6666666666666665,0.02220245663641947,4.4535289165131435e-16,18
72,1,8,krylov,0,722276,7,0.18076967319069911,3.111111111111111,0.024767397991815075,4.454850478592732e-16,18
72,1,8,krylov,0,722276,8,0.20327717039781498,3.5555555555555554,0.02817650864154467,4.733480061035868e-16,18
72,1,8,krylov,0,722276,9,0.2228029380796432,4.0,0.03119678824492742,4.75109070131295e-16,18
72,1,8,krylov,0,722276,10,0.241913095366393,4.444444444444445,0.034210437376068686,4.779639793563705e-16,18
72,1,8,krylov,0,722276,11,0.266411018897826,4.888888888888889,0.038158929959564346,4.791827119331447e-16,18
72,1,8,krylov,0,722276,12,0.2984326298637372,5.333333333333333,0.04346809204895647,4.792162024746764e-16,18
72,1,8,krylov,0,722276,13,0.34291536980948084,5.777777777777778,0.05113118859399195,4.792307147852929e-16,18
72,1,8,krylov,0,722276,14,0.37687601864436543,6.222222222222222,0.05721544595288746,4.800174439697578e-16,18
72,1,8,krylov,0,722276,15,0.39946346063301463,6.666666666666667,0.06137806120663568,4.810498710227138e-16,18
72,1,8,krylov,0,722276,16,0.4161332007623588,7.111111111111111,0.06451097493403848,4.923058214070881e-16,18
72,1,8,krylov,0,722276,17,0.43745802122886673,7.555555555555555,0.06859566025077134,5.016911060859601e-16,18
72,1,8,krylov,0,722276,18,0.4781540585232945,8.0,0.07663674688971736,5.0251665572580315e-16,18
72,1,8,krylov,1,722277,0,0.0,0.0,0.0,0.0,18
72,1,8,krylov,1,722277,1,0.16027782422202008,0.4444444444444444,0.021729618253781266,1.1102230246251565e-16,18
72,1,8,krylov,1,722277,2,0.40958477154308665,0.8888888888888888,0.06327403017123259,2.2375303867530146e-16,18
72,1,8,krylov,1,722277,3,0.5719978048671601,1.3333333333333333,0.09647540438522978,2.3660215614508835e-16,18
72,1,8,krylov,1,722277,4,0.7449241169504719,1.7777777777777777,0.13828519973069123,2.5355668656675386e-16,18
72,1,8,krylov,1,722277,5,0.8942358918744266,2.2222222222222223,0.1806833093212346,2.5370614001074013e-16,18
72,1,8,krylov,1,722277,6,1.0065829194351326,2.6666666666666665,0.2170293857911821,2.541606791617932e-16,18
72,1,8,krylov,1,722277,7,1.137087747906465,3.111111111111111,0.2647094592499418,2.556150694037369e-16,18
72,1,8,krylov,1,722277,8,1.2509663617478983,3.5555555555555554,0.31171469020565473,2.720360746607215e-16,18
72,1,8,krylov,1,722277,9,1.360899513392694,4.0,0.36246244457198185,4.508796813973497e-16,18
72,1,8,krylov,1,722277,10,1.4530462957581451,4.444444444444445,0.4095151279512917,4.548946635858894e-16,18
72,1,8,krylov,1,722277,11,1.5419411758155583,4.888888888888889,0.4592067318713227,4.561198292374573e-16,18
72,1,8,krylov,1,722277,12,1.611398028218334,5.333333333333333,0.501226273791836,4.777626735207757e-16,18
72,1,8,krylov,1,722277,13,1.6577114910734663,5.777777777777778,0.5309110782944558,4.779799093560662e-16,18
72,1,8,krylov,1,722277,14,1.6950188522605782,6.222222222222222,0.5558435809712136,4.797611276702976e-16,18
72,1,8,krylov,1,722277,15,1.7236227860902171,6.666666666666667,0.5755995884880905,4.79897657556867e-16,18
72,1,8,krylov,1,722277,16,1.7507166581874254,7.111111111111111,0.5948410296576154,4.806074041659602e-16,18
72,1,8,krylov,1,722277,17,1.7742496284447973,7.555555555555555,0.6119819242337385,4.808997743492711e-16,18
72,1,8,krylov,1,722277,18,1.7946335989156366,8.0,0.6271586979686299,4.818706917939476e-16,18
72,1,8,krylov,2,722278,0,0.0,0.0,0.0,0.0,18
72,1,8,krylov,2,722278,1,0.00958035026093971,0.4444444444444444,0.0012032985900715526,1.1102230246251565e-16,18
72,1,8,krylov,2,722278,2,0.018931326606751637,0.8888888888888888,0.002388957544806785,2.229086047453109e-16,18
72,1,8,krylov,2,722278,3,0.027328827201433044,1.3333333333333333,0.003463210599033853,2.2976896383321223e-16,18
72,1,8,krylov,2,722278,4,0.036678198886484284,1.7777777777777777,0.004669892974055993,2.31377727503863e-16,18
72,1,8,krylov,2,722278,5,0.0516522343459907,2.2222222222222223,0.006626184787512529,2.3353232795149605e-16,18
72,1,8,krylov,2,722278,6,0.07271997254693247,2.6666666666666665,0.009428668125654245,2.342186990564769e-16,18
72,1,8,krylov,2,722278,7,0.10059516057864747,3.111111111111111,0.013228608501533099,2.358000085472642e-16,18
72,1,8,krylov,2,722278,8,0.12400419996689352,3.5555555555555554,0.0165025781797926,3.354615290043873e-16,18
72,1,8,krylov,2,722278,9,0.1517302459556047,4.0,0.020480780231571055,3.35504699742145e-16,18
72,1,8,krylov,2,722278,10,0.20013559873895942,4.444444444444445,0.027696048757927857,4.587207532587633e-16,18
72,1,8,krylov,2,722278,11,0.25573184699938084,4.888888888888889,0.036425798375988055,4.79438535826161e-16,18
72,1,8,krylov,2,722278,12,0.3070573868501225,5.333333333333333,0.0449273723258436,5.685272883978797e-16,18
72,1,8,krylov,2,722278,13,0.35357622233820857,5.777777777777778,0.05301894187179779,5.703672577225015e-16,18
72,1,8,krylov,2,722278,14,0.38895311928596304,6.222222222222222,0.059429422530941405,5.708083620482239e-16,18
72,1,8,krylov,2,722278,15,0.47219050209412594,6.666666666666667,0.07543785315977189,5.722820449234374e-16,18
72,1,8,krylov,2,722278,16,0.5560019513077699,7.111111111111111,0.09296089993584987,5.724201754515064e-16,18
72,1,8,krylov,2,722278,17,0.6055908095543866,7.555555555555555,0.10404180623186836,5.727076436151109e-16,18
72,1,8,krylov,2,722278,18,0.6764635590764062,8.0,0.12086369484614375,5.729354867445969e-16,18
72,1,8,krylov,3,722279,0,0.0,0.0,0.0,0.0,18
72,1,8,krylov,3,722279,1,0.048353630189117563,0.4444444444444444,0.006192717418889959,4.440892098500626e-16,18
72,1,8,krylov,3,722279,2,0.10231618554997478,0.8888888888888888,0.013466708217525037,2.2226123401387487e-16,18
72,1,8,krylov,3,722279,3,0.16490179850492812,1.3333333333333333,0.022409663278803508,2.224242492131592e-16,18
72,1,8,krylov,3,722279,4,0.2167762522976733,1.7777777777777777,0.030258270199356233,2.339198908223744e-16,18
72,1,8,krylov,3,722279,5,0.27040897549054316,2.2222222222222223,0.03881253795687088,2.339215383096581e-16,18
72,1,8,krylov,3,722279,6,0.3237655249757977,2.6666666666666665,0.04779039360795898,2.685039811497804e-16,18
72,1,8,krylov,3,722279,7,0.3750635724160629,3.111111111111111,0.0568854893597476,2.741368301393051e-16,18
72,1,8,krylov,3,722279,8,0.4270661620341177,3.5555555555555554,0.06659425856203956,2.7757769607119914e-16,18
72,1,8,krylov,3,722279,9,0.4953946797340678,4.0,0.08014322978181336,2.797422031910682e-16,18
72,1,8,krylov,3,722279,10,0.5733640543101683,4.444444444444445,0.0967782018344332,3.0892758203693265e-16,18
72,1,8,krylov,3,722279,11,0.6665766582748521,4.888888888888889,0.11844484206693941,3.1149043372731426e-16,18
72,1,8,krylov,3,722279,12,0.7495956016967702,5.333333333333333,0.13951800980995605,3.123043308032796e-16,18
72,1,8,krylov,3,722279,13,0.8502089081312464,5.777777777777778,0.1675169592794128,3.1285968932970896e-16,18
72,1,8,krylov,3,722279,14,0.9245463636793589,6.222222222222222,0.1900905635953281,3.28232872159499e-16,18
72,1,8,krylov,3,722279,15,1.0429115949835057,6.666666666666667,0.22968331903081193,3.3136634939247e-16,18
72,1,8,krylov,3,722279,16,1.1634400106067706,7.111111111111111,0.2751156970494693,3.314553844369044e-16,18
72,1,8,krylov,3,722279,17,1.2905213971467164,7.555555555555555,0.32933514677237585,3.31523026038977e-16,18
72,1,8,krylov,3,722279,18,1.380514662898021,8.0,0.37211848605097764,3.3184578756693137e-16,18
72,1,8,krylov,4,722280,0,0.0,0.0,0.0,0.0,18
72,1,8,krylov,4,722280,1,0.00693418677190689,0.4444444444444444,0.0008697854888526586,0.0,18
72,1,8,krylov,4,722280,2,0.014862401796564529,0.8888888888888888,0.001871674561375723,3.469446951953614e-17,18
72,1,8,krylov,4,722280,3,0.025572564352454186,1.3333333333333333,0.0032377934386312204,4.0136363878253695e-17,18
72,1,8,krylov,4,722280,4,0.03956360184284033,1.7777777777777777,0.0050445831727387045,5.576026186415375e-17,18
72,1,8,krylov,4,722280,5,0.04977786834487151,2.2222222222222223,0.006379700215204281,9.345698204670588e-17,18
72,1,8,krylov,4,722280,6,0.06098384545712005,2.6666666666666665,0.007860217959975019,2.3919519101082314e-16,18
72,1,8,krylov,4,722280,7,0.0708777322241005,3.111111111111111,0.009181246187999825,2.3922258558253083e-16,18
72,1,8,krylov,4,722280,8,0.08203556695196776,3.5555555555555554,0.010686802108845449,3.1249280632135514e-16,18
72,1,8,krylov,4,722280,9,0.09791928673850525,4.0,0.012859220622176855,3.1899361847614785e-16,18
72,1,8,krylov,4,722280,10,0.1237909364338354,4.444444444444445,0.016472404057667426,3.223660978420036e-16,18
72,1,8,krylov,4,722280,11,0.15251346796104034,4.888888888888889,0.020594768613293794,3.416032567946062e-16,18
72,1,8,krylov,4,722280,12,0.20462602522673046,5.333333333333333,0.028383260922961593,3.4182872030167777e-16,18
72,1,8,krylov,4,722280,13,0.2599840375046294,5.777777777777778,0.03711367307381204,3.4652567679158646e-16,18
72,1,8,krylov,4,722280,14,0.3305980253704028,6.222222222222222,0.0489750264340749,6.799051125459216e-16,18
72,1,8,krylov,4,722280,15,0.38810574331292746,6.666666666666667,0.059273207665277224,6.822135683197135e-16,18
72,1,8,krylov,4,722280,16,0.45726748814731205,7.111111111111111,0.0724689240640178,6.825911338478187e-16,18
72,1,8,krylov,4,722280,17,0.5031716001852365,7.555555555555555,0.08174483205552799,6.830428568563304e-16,18
72,1,8,krylov,4,722280,18,0.5447867830048165,8.0,0.09053008821976521,6.849082702040343e-16,18
72,1,8,krylov,5,722281,0,0.0,0.0,0.0,0.0,18
72,1,8,krylov,5,722281,1,0.1693731832173668,0.4444444444444444,0.023070264393885986,0.0,18
72,1,8,krylov,5,722281,2,0.3235777029155832,0.8888888888888888,0.04775794280782975,1.1479708673460218e-16,18
72,1,8,krylov,5,722281,3,0.45837932673601384,1.3333333333333333,0.07268859973317457,1.1481895457622087e-16,18
72,1,8,krylov,5,722281,4,0.5686488704696077,1.7777777777777777,0.09573493836338702,3.4080067290562356e-16,18
72,1,8,krylov,5,722281,5,0.6727245151122274,2.2222222222222223,0.1199461161844103,3.4171968474017315e-16,18
72,1,8,krylov,5,722281,6,0.774342226316502,2.6666666666666665,0.14614560478407215,3.417475424116899e-16,18
72,1,8,krylov,5,722281,7,0.8941080694272127,3.111111111111111,0.18064423862967374,3.4488593498399033e-16,18
72,1,8,krylov,5,722281,8,0.9845042794730938,3.5555555555555554,0.20956059588369771,2.7879729262035686e-16,18
72,1,8,krylov,5,722281,9,1.067680107561129,4.0,0.23857799652465841,3.592794149487473e-16,18
72,1,8,krylov,5,722281,10,1.1472274039673305,4.444444444444445,0.26868108053966727,3.602721167400929e-16,18
72,1,8,krylov,5,722281,11,1.225253115784295,4.888888888888889,0.30062848000203896,3.6039655561823737e-16,18
72,1,8,krylov,5,722281,12,1.3065700631351977,5.333333333333333,0.3366854432553488,4.019890243421636e-16,18
72,1,8,krylov,5,722281,13,1.34629526688741,5.777777777777778,0.35539515470229216,4.020226909937333e-16,18
72,1,8,krylov,5,722281,14,1.3935632894123073,6.222222222222222,0.378647705539975,4.1160587688139293e-16,18
72,1,8,krylov,5,722281,15,1.440639716550765,6.666666666666667,0.4029245912229533,4.1194337707388113e-16,18
72,1,8,krylov,5,722281,16,1.4873576606488383,7.111111111111111,0.42817333538505553,4.175617840078453e-16,18
72,1,8,krylov,5,722281,17,1.521691733097301,7.555555555555555,0.44749584078612475,4.1968835127472416e-16,18
72,1,8,krylov,5,722281,18,1.5551767266905931,8.0,0.4669904269098649,4.2822912227072553e-16,18
72,1,8,krylov,6,722282,0,0.0,0.0,0.0,0.0,18
72,1,8,krylov,6,722282,1,0.07933911693220798,0.4444444444444444,0.010321422264247454,0.0,18
72,1,8,krylov,6,722282,2,0.15967448353394553,0.8888888888888888,0.021641117005829682,1.192017309535811e-16,18
72,1,8,krylov,6,722282,3,0.2751826229516184,1.3333333333333333,0.03959639069257495,2.2426921809132327e-16,18
72,1,8,krylov,6,722282,4,0.37341902837802227,1.7777777777777777,0.056586616484776364,2.2503187457225653e-16,18
72,1,8,krylov,6,722282,5,0.49581717949266685,2.2222222222222223,0.08022992105910672,2.270119542817335e-16,18
72,1,8,krylov,6,722282,6,0.6267355518590555,2.6666666666666665,0.10893640131434129,2.3516206619155476e-16,18
72,1,8,krylov,6,722282,7,0.7500110994619001,3.111111111111111,0.13962793928801343,2.5010181230712374e-16,18
72,1,8,krylov,6,722282,8,0.863885327344166,3.5555555555555554,0.17154502581928915,2.46877405111753e-16,18
72,1,8,krylov,6,722282,9,0.9517747136219189,4.0,0.19878782848337287,2.6210236030451e-16,18
72,1,8,krylov,6,722282,10,1.0384584564857673,4.444444444444445,0.22810737663750308,2.633114380013672e-16,18
72,1,8,krylov,6,722282,11,1.1340728014054549,4.888888888888889,0.26353627551114683,2.781956040780454e-16,18
72,1,8,krylov,6,722282,12,1.2167620424801104,5.333333333333333,0.29702973759270923,2.7825529376122265e-16,18
72,1,8,krylov,6,722282,13,1.2850658841945104,5.777777777777778,0.32686326431869356,2.7848305394079625e-16,18
72,1,8,krylov,6,722282,14,1.3498088292075248,6.222222222222222,0.3570860217605158,2.927645858945653e-16,18
72,1,8,krylov,6,722282,15,1.3964303914298732,6.666666666666667,0.38009378693351303,2.930631347352043e-16,18
72,1,8,krylov,6,722282,16,1.4480741118596612,7.111111111111111,0.4068640168065337,2.95694638329807e-16,18
72,1,8,krylov,6,722282,17,1.511652210535343,7.555555555555555,0.4417770110701886,3.3126304243016257e-16,18
72,1,8,krylov,6,722282,18,1.605911051442501,8.0,0.4977995944234044,3.3624850528308176e-16,18
72,1,8,krylov,7,722283,0,0.0,0.0,0.0,0.0,18
72,1,8,krylov,7,722283,1,0.012343843514134561,0.4444444444444444,0.0015525428991402142,0.0,18
72,1,8,krylov,7,722283,2,0.028711238965208,0.8888888888888888,0.0036409224597601484,2.220446049250313e-16,18
72,1,8,krylov,7,722283,3,0.04343073737190399,1.3333333333333333,0.005548456846640163,2.254742711406111e-16,18
72,1,8,krylov,7,722283,4,0.058245521980069784,1.7777777777777777,0.007496901372165041,2.3520098153311126e-16,18
72,1,8,krylov,7,722283,5,0.07464281160379155,2.2222222222222223,0.009687401490679497,2.4055204823786697e-16,18
72,1,8,krylov,7,722283,6,0.08555573857860559,2.6666666666666665,0.011165284615913618,2.4055767683932084e-16,18
72,1,8,krylov,7,722283,7,0.10425116515188594,3.111111111111111,0.013734897860535621,2.424410855490642e-16,18
72,1,8,krylov,7,722283,8,0.12844521099574932,3.5555555555555554,0.017132390155940636,4.814838736870449e-16,18
72,1,8,krylov,7,722283,9,0.15455141492612082,4.0,0.020891785579735284,4.820018285828187e-16,18
72,1,8,krylov,7,722283,10,0.18928142644727838,4.444444444444445,0.026047621874968282,4.833771191358577e-16,18
72,1,8,krylov,7,722283,11,0.2417034713490682,4.888888888888889,0.03417706654237215,4.860068692559547e-16,18
72,1,8,krylov,7,722283,12,0.31141249119155306,5.333333333333333,0.04566903760536783,4.896883139562989e-16,18
72,1,8,krylov,7,722283,13,0.3868739289170435,5.777777777777778,0.05904635702292751,4.896970919501874e-16,18
72,1,8,krylov,7,722283,14,0.45917364669277183,6.222222222222222,0.07284569011491922,4.897026850545235e-16,18
72,1,8,krylov,7,722283,15,0.5400924043284313,6.666666666666667,0.08952067949661018,4.95973894726634e-16,18
72,1,8,krylov,7,722283,16,0.6231947717889853,7.111111111111111,0.10810954868242617,5.004290740209286e-16,18
72,1,8,krylov,7,722283,17,0.7104693793066235,7.555555555555555,0.12936827451872887,5.017548793841931e-16,18
72,1,8,krylov,7,722283,18,0.7795363941521307,8.0,0.1475576445743827,5.018045027185711e-16,18
72,1,8,reply_null,0,722284,0,0.0,0.0,0.0,0.0,18
72,1,8,reply_null,0,722284,1,0.0001651371680192297,0.4444444444444444,2.0643850488983973e-05,2.220446049250313e-16,18
72,1,8,reply_null,0,722284,2,0.05988370955888678,0.8888888888888888,0.0077141340355686315,3.330669073875469e-16,18
72,1,8,reply_null,0,722284,3,0.06198269011700744,1.3333333333333333,0.00799299097796696,3.344165608872107e-16,18
72,1,8,reply_null,0,722284,4,0.21544009839358458,1.7777777777777777,0.030050959785639358,2.354480974469191e-16,18
72,1,8,reply_null,0,722284,5,0.2237605724771174,2.2222222222222223,0.03134643930619106,2.4165119649800705e-16,18
72,1,8,reply_null,0,722284,6,0.33115907722831345,2.6666666666666665,0.04907266283286613,2.4165731806455305e-16,18
72,1,8,reply_null,0,722284,7,0.33823516484962535,3.111111111111111,0.050308784542492366,2.4191200968894944e-16,18
72,1,8,reply_null,0,722284,8,0.3487909865841435,3.5555555555555554,0.05216911420077641,4.595156580134488e-16,18
72,1,8,reply_null,0,722284,9,0.6908705033360059,4.0,0.12443147811000055,4.615646624478789e-16,18
72,1,8,reply_null,0,722284,10,0.695656468247647,4.444444444444445,0.12562810964625074,6.734612314711159e-16,18
72,1,8,reply_null,0,722284,11,0.7182840821762156,4.888888888888889,0.13136387435757713,6.756534284160695e-16,18
72,1,8,reply_null,0,722284,12,0.9958698448884601,5.333333333333333,0.21338475693214043,6.758102262293036e-16,18
72,1,8,reply_null,0,722284,13,1.134730740070691,5.777777777777778,0.2637919926635288,6.767466398637833e-16,18
72,1,8,reply_null,0,722284,14,1.14015067095703,6.222222222222222,0.2659049392326836,6.767907592666327e-16,18
72,1,8,reply_null,0,722284,15,1.165348567418397,6.666666666666667,0.27588006978087837,6.771824828215187e-16,18
72,1,8,reply_null,0,722284,16,1.200681864015279,7.111111111111111,0.29029769537416084,6.771971170594644e-16,18
72,1,8,reply_null,0,722284,17,1.200947912769624,7.555555555555555,0.2904081995077891,6.776677807675005e-16,18
72,1,8,reply_null,0,722284,18,1.2632748248264951,8.0,0.31712319374760795,6.784031272792087e-16,18
72,1,8,reply_null,1,722285,0,0.0,0.0,0.0,0.0,18
72,1,8,reply_null,1,722285,1,0.02602563923761284,0.4444444444444444,0.003295907926279703,0.0,18
72,1,8,reply_null,1,722285,2,0.09412534930298265,0.8888888888888888,0.012337182280812656,2.2339168529382254e-16,18
72,1,8,reply_null,1,722285,3,0.3075769277964632,1.3333333333333333,0.04501567949127879,2.239791516183523e-16,18
72,1,8,reply_null,1,722285,4,0.30757963650920145,1.7777777777777777,0.04501614001553921,2.523555245873335e-16,18
72,1,8,reply_null,1,722285,5,0.3582854579625,2.2222222222222223,0.05385925207106638,2.5575944667799514e-16,18
72,1,8,reply_null,1,722285,6,0.4072564077644848,2.6666666666666665,0.06283616968599108,2.730190243432873e-16,18
72,1,8,reply_null,1,722285,7,0.48384425334315234,3.111111111111111,0.07778736979200018,2.891936076048495e-16,18
72,1,8,reply_null,1,722285,8,0.5421695399013015,3.5555555555555554,0.08996673112558798,4.497352390470157e-16,18
72,1,8,reply_null,1,722285,9,0.6105483066142624,4.0,0.10518009952437941,4.508126126091565e-16,18
72,1,8,reply_null,1,722285,10,0.6482649549139382,4.444444444444445,0.1140275201123565,4.814797343368831e-16,18
72,1,8,reply_null,1,722285,11,0.6775386898491489,4.888888888888889,0.12112817261899322,4.867330562016382e-16,18
72,1,8,reply_null,1,722285,12,0.6868959687774141,5.333333333333333,0.12344207159790391,4.867942257269958e-16,18
72,1,8,reply_null,1,722285,13,0.6995672029781254,5.777777777777778,0.12661016873374756,4.880820519035263e-16,18
72,1,8,reply_null,1,722285,14,0.6999725771540607,6.222222222222222,0.12671218567467457,4.911948807345083e-16,18
72,1,8,reply_null,1,722285,15,0.7876630265747089,6.666666666666667,0.14978164494275192,4.9197672876854e-16,18
72,1,8,reply_null,1,722285,16,0.804158959401484,7.111111111111111,0.15435201713737914,4.923427894350723e-16,18
72,1,8,reply_null,1,722285,17,0.807377524786432,7.555555555555555,0.1552525783501045,4.975477863508987e-16,18
72,1,8,reply_null,1,722285,18,0.8207533914979995,8.0,0.15902638216681209,5.010104742135562e-16,18
72,1,8,reply_null,2,722286,0,0.0,0.0,0.0,0.0,18
72,1,8,reply_null,2,722286,1,0.027621826572563464,0.4444444444444444,0.003500855753686801,2.220446049250313e-16,18
72,1,8,reply_null,2,722286,2,0.047886326809493535,0.8888888888888888,0.006131424940864486,2.226218456634662e-16,18
72,1,8,reply_null,2,722286,3,0.09326852941668462,1.3333333333333333,0.012219559449892593,2.3259532269639045e-16,18
72,1,8,reply_null,2,722286,4,0.09640113414760809,1.7777777777777777,0.012650088076935139,2.5362399892125316e-16,18
72,1,8,reply_null,2,722286,5,0.1181011603836108,2.2222222222222223,0.01566974340638097,2.6245447993749164e-16,18
72,1,8,reply_null,2,722286,6,0.47083634575276345,2.6666666666666665,0.07516661266233507,2.637928824778936e-16,18
72,1,8,reply_null,2,722286,7,0.5019679664197545,3.111111111111111,0.08149613669391867,2.691327980988431e-16,18
72,1,8,reply_null,2,722286,8,0.502417731104745,3.5555555555555554,0.0815890322527955,4.522542779953474e-16,18
72,1,8,reply_null,2,722286,9,0.5032009916139324,4.0,0.08175090867081729,4.543381856789413e-16,18
72,1,8,reply_null,2,722286,10,0.5489452396999013,4.444444444444445,0.0914282268992428,4.543388872634594e-16,18
72,1,8,reply_null,2,722286,11,0.6895585496978736,4.888888888888889,0.12410445014450139,4.590389420575502e-16,18
72,1,8,reply_null,2,722286,12,0.6900121515148794,5.333333333333333,0.12421747000678075,4.729172835194879e-16,18
72,1,8,reply_null,2,722286,13,0.8270960525094276,5.777777777777778,0.16083359042330897,4.744302874284062e-16,18
72,1,8,reply_null,2,722286,14,0.8410977800119911,6.222222222222222,0.16486390430133901,4.745401492112817e-16,18
72,1,8,reply_null,2,722286,15,0.8764056615104712,6.666666666666667,0.17528120896213512,4.776721596923785e-16,18
72,1,8,reply_null,2,722286,16,0.8764060646353375,7.111111111111111,0.17528133001298177,4.781823595238213e-16,18
72,1,8,reply_null,2,722286,17,0.8866015708512572,7.555555555555555,0.17835851022906046,4.783488436554019e-16,18
72,1,8,reply_null,2,722286,18,0.9094153377207158,8.0,0.18535880852939923,4.790222585737308e-16,18
72,1,8,reply_null,3,722287,0,0.0,0.0,0.0,0.0,18
72,1,8,reply_null,3,722287,1,0.11037105001039203,0.4444444444444444,0.014586542787693496,0.0,18
72,1,8,reply_null,3,722287,2,0.398861377109013,0.8888888888888888,0.06126587982141849,2.2226123401387487e-16,18
72,1,8,reply_null,3,722287,3,0.4239274542257243,1.3333333333333333,0.0659938429241884,2.2245207141080566e-16,18
72,1,8,reply_null,3,722287,4,0.4516687753060919,1.7777777777777777,0.07136644138491395,1.4099087619938524e-16,18
72,1,8,reply_null,3,722287,5,0.4935496533197497,2.2222222222222223,0.07976508405584502,1.4099119408166353e-16,18
72,1,8,reply_null,3,722287,6,0.5338527769965021,2.6666666666666665,0.08818631769097297,1.8801915166446649e-16,18
72,1,8,reply_null,3,722287,7,0.6077242275155773,3.111111111111111,0.10453096974472459,1.8873770218410578e-16,18
72,1,8,reply_null,3,722287,8,0.6762370964517084,3.5555555555555554,0.12080802221261432,2.901602552991756e-16,18
72,1,8,reply_null,3,722287,9,0.9478652102810132,4.0,0.19752445008634995,2.921303986569131e-16,18
72,1,8,reply_null,3,722287,10,0.951222471227597,4.444444444444445,0.19860906848168772,3.0071286561035646e-16,18
72,1,8,reply_null,3,722287,11,0.9761232222218683,4.888888888888889,0.20676834174097605,3.0113445205012965e-16,18
72,1,8,reply_null,3,722287,12,1.0117483931658062,5.333333333333333,0.218800700499869,3.016268513879273e-16,18
72,1,8,reply_null,3,722287,13,1.0354113986311582,5.777777777777778,0.22703307559192007,3.031773574932088e-16,18
72,1,8,reply_null,3,722287,14,1.0632992709393765,6.222222222222222,0.2369887044787894,3.0379856983701985e-16,18
72,1,8,reply_null,3,722287,15,1.1192350139214051,6.666666666666667,0.2578138161309924,3.040138171931616e-16,18
72,1,8,reply_null,3,722287,16,1.1312255507302142,7.111111111111111,0.26243158874470596,3.042795210227572e-16,18
72,1,8,reply_null,3,722287,17,1.1363233814414075,7.555555555555555,0.2644116922242376,3.6857095529155507e-16,18
72,1,8,reply_null,3,722287,18,1.1381229873865704,8.0,0.26511311076987254,3.7103932339340877e-16,18
72,1,8,reply_null,4,722288,0,0.0,0.0,0.0,0.0,18
72,1,8,reply_null,4,722288,1,0.15110441313492196,0.4444444444444444,0.020389762068571217,2.220446049250313e-16,18
72,1,8,reply_null,4,722288,2,0.36286724498594647,0.8888888888888888,0.05468062731754033,2.220446049250313e-16,18
72,1,8,reply_null,4,722288,3,0.4196430106315493,1.3333333333333333,0.06517729106162631,2.22318705240076e-16,18
72,1,8,reply_null,4,722288,4,0.45711334366292594,1.7777777777777777,0.07243848766439753,4.582214470687195e-16,18
72,1,8,reply_null,4,722288,5,0.5471352184889653,2.2222222222222223,0.09103684153267143,4.78012271221797e-16,18
72,1,8,reply_null,4,722288,6,0.5472102751755458,2.6666666666666665,0.09105305715071386,4.79879615754e-16,18
72,1,8,reply_null,4,722288,7,0.8047472844449856,3.111111111111111,0.15451641528004406,4.801871394269376e-16,18
72,1,8,reply_null,4,722288,8,0.9682532738752909,3.5555555555555554,0.204167589345308,4.862311536268013e-16,18
72,1,8,reply_null,4,722288,9,0.9764803092497054,4.0,0.20688683306665734,4.862812357261618e-16,18
72,1,8,reply_null,4,722288,10,0.9788880030639827,4.444444444444445,0.20768687768642555,4.862812525858425e-16,18
72,1,8,reply_null,4,722288,11,0.984284491891114,4.888888888888889,0.20948707169945008,4.883492106502263e-16,18
72,1,8,reply_null,4,722288,12,1.0196110406081669,5.333333333333333,0.22151453919572173,4.884565759402566e-16,18
72,1,8,reply_null,4,722288,13,1.026672288852326,5.777777777777778,0.22397002356676476,4.885245840681057e-16,18
72,1,8,reply_null,4,722288,14,1.0464855148882009,6.222222222222222,0.23095319667338257,4.897273841578466e-16,18
72,1,8,reply_null,4,722288,15,1.0669811576675512,6.666666666666667,0.23832396251154542,4.902567728781221e-16,18
72,1,8,reply_null,4,722288,16,1.075985495997102,7.111111111111111,0.2416102275105289,4.919857324839297e-16,18
72,1,8,reply_null,4,722288,17,1.076114764661112,7.555555555555555,0.24165762178808306,4.940547718477419e-16,18
72,1,8,reply_null,4,722288,18,1.0852254508307437,8.0,0.24501338776526657,4.942554603139565e-16,18
72,1,8,reply_null,5,722289,0,0.0,0.0,0.0,0.0,18
72,1,8,reply_null,5,722289,1,0.0675607624795791,0.4444444444444444,0.008736908389024106,0.0,18
72,1,8,reply_null,5,722289,2,0.06799546224809853,0.8888888888888888,0.008795056429697546,2.225314285619076e-16,18
72,1,8,reply_null,5,722289,3,0.08299584897683054,1.3333333333333333,0.010817162287172168,2.2258027843896537e-16,18
72,1,8,reply_null,5,722289,4,0.09203977313048699,1.7777777777777777,0.012051053601141155,2.36664781928353e-16,18
72,1,8,reply_null,5,722289,5,0.14891282683577092,2.2222222222222223,0.02007147676024038,2.4220720246994914e-16,18
72,1,8,reply_null,5,722289,6,0.16099629660749334,2.6666666666666665,0.021835077312801963,3.6652883374257916e-16,18
72,1,8,reply_null,5,722289,7,0.468302488868301,3.111111111111111,0.07466006114834478,3.6877486932235723e-16,18
72,1,8,reply_null,5,722289,8,0.5038724158309104,3.5555555555555554,0.081889772850951,8.964341662659996e-16,18
72,1,8,reply_null,5,722289,9,0.6068504924575806,4.0,0.10433050807750877,8.96789097844296e-16,18
72,1,8,reply_null,5,722289,10,0.6833702184603017,4.444444444444445,0.12256766925315728,8.972792415243637e-16,18
72,1,8,reply_null,5,722289,11,0.7070472172552618,4.888888888888889,0.12849927284296628,8.973539547090456e-16,18
72,1,8,reply_null,5,722289,12,0.7077331192447859,5.333333333333333,0.1286732081430172,8.97494073376914e-16,18
72,1,8,reply_null,5,722289,13,0.7940165195985392,5.777777777777778,0.1515330260091886,8.980636319024617e-16,18
72,1,8,reply_null,5,722289,14,0.8027467719539525,6.222222222222222,0.15395779814640553,8.98644533589809e-16,18
72,1,8,reply_null,5,722289,15,0.8144755646544161,6.666666666666667,0.15724889892427812,8.98721412742198e-16,18
72,1,8,reply_null,5,722289,16,0.8370847801754007,7.111111111111111,0.16370301139020974,8.99747414494082e-16,18
72,1,8,reply_null,5,722289,17,0.8532318112132142,7.555555555555555,0.1684025475465263,9.020610677555806e-16,18
72,1,8,reply_null,5,722289,18,0.8590208676342493,8.0,0.17010599737459955,9.024560629222977e-16,18
72,1,8,reply_null,6,722290,0,0.0,0.0,0.0,0.0,18
72,1,8,reply_null,6,722290,1,0.056643760840673574,0.4444444444444444,0.007284842863334857,2.220446049250313e-16,18
72,1,8,reply_null,6,722290,2,0.08825616055674747,0.8888888888888888,0.011533485267965188,2.2227032740345176e-16,18
72,1,8,reply_null,6,722290,3,0.17178641712728845,1.3333333333333333,0.02342802408225446,2.2560384496492533e-16,18
72,1,8,reply_null,6,722290,4,0.17361834473950588,1.7777777777777777,0.02370018268931845,2.233420106297634e-16,18
72,1,8,reply_null,6,722290,5,0.2393659575294427,2.2222222222222223,0.033805422480348436,2.237136431838276e-16,18
72,1,8,reply_null,6,722290,6,0.24084160668042942,2.6666666666666665,0.034039936554895844,2.3245626039858274e-16,18
72,1,8,reply_null,6,722290,7,0.24423056452626546,3.111111111111111,0.034579830517900756,2.329333167656905e-16,18
72,1,8,reply_null,6,722290,8,0.3286075890689804,3.5555555555555554,0.048629084627698216,4.49491068121682e-16,18
72,1,8,reply_null,6,722290,9,0.5593834142177485,4.0,0.09369917415478284,5.656639089809885e-16,18
72,1,8,reply_null,6,722290,10,0.6065309253210192,4.444444444444445,0.1042572332924465,5.663016389204452e-16,18
72,1,8,reply_null,6,722290,11,0.6167352510539034,4.888888888888889,0.106608625560064,5.663173657201568e-16,18
72,1,8,reply_null,6,722290,12,0.7294024248899825,5.333333333333333,0.13423012019742656,5.663574404616158e-16,18
72,1,8,reply_null,6,722290,13,0.7593421154320602,5.777777777777778,0.14210874302547727,5.663804546185533e-16,18
72,1,8,reply_null,6,722290,14,0.999681989323501,6.222222222222222,0.21467719040653602,5.670741065887734e-16,18
72,1,8,reply_null,6,722290,15,1.1987864329435192,6.666666666666667,0.2895112727586945,5.670749715746987e-16,18
72,1,8,reply_null,6,722290,16,1.2035276208928918,7.111111111111111,0.29148121485266537,5.670758486869557e-16,18
72,1,8,reply_null,6,722290,17,1.2510893356541526,7.555555555555555,0.31176839801928996,5.692347145605553e-16,18
72,1,8,reply_null,6,722290,18,1.2708329921121173,8.0,0.32047749502378586,5.707553919366336e-16,18
72,1,8,reply_null,7,722291,0,0.0,0.0,0.0,0.0,18
72,1,8,reply_null,7,722291,1,0.4911191903898031,0.4444444444444444,0.07926801440906366,2.220446049250313e-16,18
72,1,8,reply_null,7,722291,2,0.5166882480527969,0.8888888888888888,0.08455830064609814,2.226218456634662e-16,18
72,1,8,reply_null,7,722291,3,0.6858985974166735,1.3333333333333333,0.12319440611864758,2.258116977966682e-16,18
72,1,8,reply_null,7,722291,4,0.6872658139051548,1.7777777777777777,0.12353397368133147,2.3397031354790624e-16,18
72,1,8,reply_null,7,722291,5,0.6872840609063028,2.2222222222222223,0.12353850872240987,2.340152886829615e-16,18
72,1,8,reply_null,7,722291,6,0.7040751904209998,2.6666666666666665,0.1277469846656793,2.3420318197650343e-16,18
72,1,8,reply_null,7,722291,7,0.7070880176655938,3.111111111111111,0.12850961592831678,2.6378183089442833e-16,18
72,1,8,reply_null,7,722291,8,0.7829231948609644,3.5555555555555554,0.14848230793963949,6.694472090333863e-16,18
72,1,8,reply_null,7,722291,9,0.7829778017970858,4.0,0.14849724237831774,6.698008335372991e-16,18
72,1,8,reply_null,7,722291,10,0.7968826372338632,4.444444444444445,0.15232673908596822,6.699497198159097e-16,18
72,1,8,reply_null,7,722291,11,0.8104201752479164,4.888888888888889,0.15610658755385443,6.700498635817781e-16,18
72,1,8,reply_null,7,722291,12,0.9366430363560669,5.333333333333333,0.19392525776613723,6.727679535317296e-16,18
72,1,8,reply_null,7,722291,13,0.9371213712398216,5.777777777777778,0.19407784733378433,6.728099815585461e-16,18
72,1,8,reply_null,7,722291,14,0.9399325048765759,6.222222222222222,0.19497607973730777,6.820792754598115e-16,18
72,1,8,reply_null,7,722291,15,0.9765754544756997,6.666666666666667,0.20691841201666328,6.823746471322353e-16,18
72,1,8,reply_null,7,722291,16,1.0264987830083923,7.111111111111111,0.22390948048075976,6.831466927925448e-16,18
72,1,8,reply_null,7,722291,17,1.063338207849222,7.555555555555555,0.23700279947474678,6.835504271854308e-16,18
72,1,8,reply_null,7,722291,18,1.0796564291752124,8.0,0.24295850235748204,6.851469706871072e-16,18
72,1,32,random,0,722292,0,0.0,0.0,0.0,0.0,18
72,1,32,random,0,722292,1,0.5600777553183376,1.7777777777777777,0.02346276967768719,0.0,18
72,1,32,random,0,722292,2,0.5730561893888148,3.5555555555555554,0.02417748365371195,1.3183898417423734e-16,18
72,1,32,random,0,722292,3,0.5754301019934581,5.333333333333333,0.02430921995917294,1.3877787807814457e-16,18
72,1,32,random,0,722292,4,0.6414839426372385,7.111111111111111,0.028103038665077507,3.4193129080383845e-16,18
72,1,32,random,0,722292,5,1.1336072470311687,8.88888888888889,0.06583885821195666,3.436723724732104e-16,18
72,1,32,random,0,722292,6,1.1723994313324837,10.666666666666666,0.06967915221821885,3.599591348139551e-16,18
72,1,32,random,0,722292,7,1.2276250644368976,12.444444444444445,0.07540981179292731,3.6227199281526393e-16,18
72,1,32,random,0,722292,8,1.2777925833734498,14.222222222222221,0.08089716248272524,2.898646927590342e-16,18
72,1,32,random,0,722292,9,2.113726526593233,16.0,0.22746987243731961,2.906445175966115e-16,18
72,1,32,random,0,722292,10,2.1203141847059106,17.77777777777778,0.22917985671574917,2.9297733761096804e-16,18
72,1,32,random,0,722292,11,2.1276550269601167,19.555555555555557,0.23109866543151722,2.9298931743204247e-16,18
72,1,32,random,0,722292,12,2.239467546188946,21.333333333333332,0.26213534699068336,3.460420134001197e-16,18
72,1,32,random,0,722292,13,2.3959839257795275,23.11111111111111,0.3118436019643189,3.4637856325221583e-16,18
72,1,32,random,0,722292,14,2.4036524448722636,24.88888888888889,0.3144847356507247,4.719425286914974e-16,18
72,1,32,random,0,722292,15,2.4038396583082333,26.666666666666668,0.314549467897704,4.723122616932967e-16,18
72,1,32,random,0,722292,16,2.4169477899975265,28.444444444444443,0.31911209126480694,4.759898476288006e-16,18
72,1,32,random,0,722292,17,2.487626675262662,30.22222222222222,0.34477139803760143,4.801220500217608e-16,18
72,1,32,random,0,722292,18,2.515453653992843,32.0,0.35538188166535256,4.853823873879306e-16,18
72,1,32,random,1,722293,0,0.0,0.0,0.0,0.0,18
72,1,32,random,1,722293,1,1.2914311262013145,1.7777777777777777,0.08243716417960184,2.220446049250313e-16,18
72,1,32,random,1,722293,2,1.453927563592504,3.5555555555555554,0.10249659664064045,2.2247786310271853e-16,18
72,1,32,random,1,722293,3,1.6684518939007866,5.333333333333333,0.13449844875586414,2.237447509382915e-16,18
72,1,32,random,1,722293,4,1.889095692189347,7.111111111111111,0.17541829499989897,2.64943487171921e-16,18
72,1,32,random,1,722293,5,1.9075645438917719,8.88888888888889,0.1792706862097113,2.6499792152476306e-16,18
72,1,32,random,1,722293,6,1.940169733178101,10.666666666666666,0.1862478813062299,2.67034070060018e-16,18
72,1,32,random,1,722293,7,2.1619774719574743,12.444444444444445,0.24025942359348015,2.675637035218296e-16,18
72,1,32,random,1,722293,8,2.1688829216530197,14.222222222222221,0.24214080668193202,4.955256206704034e-16,18
72,1,32,random,1,722293,9,2.1766549451043806,16.0,0.24427388487245508,4.958399489422611e-16,18
72,1,32,random,1,722293,10,2.180819503686957,17.77777777777778,0.2454237128330153,5.102011617140373e-16,18
72,1,32,random,1,722293,11,2.190679803338223,19.555555555555557,0.24816529273426002,5.105116651507609e-16,18
72,1,32,random,1,722293,12,2.239712464803206,21.333333333333332,0.2622072113234096,5.109304089945581e-16,18
72,1,32,random,1,722293,13,2.330694992294497,23.11111111111111,0.2901589720619892,5.109534270308138e-16,18
72,1,32,random,1,722293,14,2.338958814558244,24.88888888888889,0.292826043605673,5.145922983215184e-16,18
72,1,32,random,1,722293,15,2.3668052184694015,26.666666666666668,0.3019772183401015,5.149560788450065e-16,18
72,1,32,random,1,722293,16,2.3706905757884016,28.444444444444443,0.3032744436117118,5.155163479592556e-16,18
72,1,32,random,1,722293,17,2.431725945313101,30.22222222222222,0.324328244295046,5.162033809586417e-16,18
72,1,32,random,1,722293,18,2.492162172333819,32.0,0.3464807153587873,5.171516704904126e-16,18
72,1,32,random,2,722294,0,0.0,0.0,0.0,0.0,18
72,1,32,random,2,722294,1,0.19753735850056509,1.7777777777777777,0.006824955676984932,2.220446049250313e-16,18
72,1,32,random,2,722294,2,1.3236788679974607,3.5555555555555554,0.08616307166632695,1.9949319973733282e-17,18
72,1,32,random,2,722294,3,1.323752333146152,5.333333333333333,0.08617169775194963,5.738208228973377e-17,18
72,1,32,random,2,722294,4,1.3980396292542567,7.111111111111111,0.09522681432960343,4.701646064063909e-16,18
72,1,32,random,2,722294,5,1.398178027673548,8.88888888888889,0.09524431973211578,4.701681228799765e-16,18
72,1,32,random,2,722294,6,1.4083936408756328,10.666666666666666,0.09654315970271174,4.707786374389608e-16,18
72,1,32,random,2,722294,7,1.753879951445595,12.444444444444445,0.14928042581290135,4.72246397550941e-16,18
72,1,32,random,2,722294,8,1.8107534516887496,14.222222222222221,0.15984540918816828,3.948681317428264e-16,18
72,1,32,random,2,722294,9,1.8533216730832454,16.0,0.16815562151178057,4.0106239751330016e-16,18
72,1,32,random,2,722294,10,1.8826628669211187,17.77777777777778,0.17409310091053853,4.332804014201205e-16,18
72,1,32,random,2,722294,11,1.886762612910492,19.555555555555557,0.17493668352058123,4.3505487744188195e-16,18
72,1,32,random,2,722294,12,1.8879096076935329,21.333333333333332,0.17517331425207647,4.3688415530175044e-16,18
72,1,32,random,2,722294,13,2.024483630399776,23.11111111111111,0.2053812462850364,4.37331383317519e-16,18
72,1,32,random,2,722294,14,2.0264870363787533,24.88888888888889,0.20585578993172585,4.4942501828613105e-16,18
72,1,32,random,2,722294,15,2.1970477527477197,26.666666666666668,0.24995027248113807,4.612798755035317e-16,18
72,1,32,random,2,722294,16,2.2475305465245032,28.444444444444443,0.26451047560569063,4.631891241355327e-16,18
72,1,32,random,2,722294,17,2.2501156976605152,30.22222222222222,0.2652760502719375,4.635983135193925e-16,18
72,1,32,random,2,722294,18,2.408974408170831,32.0,0.3163296280953875,4.749451112778995e-16,18
72,1,32,random,3,722295,0,0.0,0.0,0.0,0.0,18
72,1,32,random,3,722295,1,0.9542891383288251,1.7777777777777777,0.04990074825113368,2.220446049250313e-16,18
72,1,32,random,3,722295,2,0.9592852166002364,3.5555555555555554,0.05030719822367546,2.221891025259203e-16,18
72,1,32,random,3,722295,3,1.3459210050405073,5.333333333333333,0.08880384869129788,2.3252325716690036e-16,18
72,1,32,random,3,722295,4,1.4895843399468005,7.111111111111111,0.1073516118405267,2.3281842448909176e-16,18
72,1,32,random,3,722295,5,1.4904392557595987,8.88888888888889,0.10747015521525118,2.3282932330260937e-16,18
72,1,32,random,3,722295,6,1.4968673077743957,10.666666666666666,0.10836472768736835,2.383316506176553e-16,18
72,1,32,random,3,722295,7,1.5016715890470937,12.444444444444445,0.10903708992440264,2.387834319729976e-16,18
72,1,32,random,3,722295,8,1.5045188842117507,14.222222222222221,0.10943709787732163,2.5737647220439853e-16,18
72,1,32,random,3,722295,9,1.5668104243893588,16.0,0.11847942030976943,2.956222616271504e-16,18
72,1,32,random,3,722295,10,1.6155089180504574,17.77777777777778,0.1259514799251423,2.9843434354699114e-16,18
72,1,32,random,3,722295,11,1.6625057087456274,19.555555555555557,0.13351580218490205,2.988118097741825e-16,18
72,1,32,random,3,722295,12,1.662521555091784,21.333333333333332,0.13351841314152524,2.988398149296668e-16,18
72,1,32,random,3,722295,13,1.684402666396426,23.11111111111111,0.13716346256386744,3.0561301259044606e-16,18
72,1,32,random,3,722295,14,1.714243019354748,24.88888888888889,0.14226471275585112,4.649715020374893e-16,18
72,1,32,random,3,722295,15,1.7202471791982261,26.666666666666668,0.14330965669246576,4.650331261539406e-16,18
72,1,32,random,3,722295,16,1.8903340327038851,28.444444444444443,0.1756743792496936,4.708164559087141e-16,18
72,1,32,random,3,722295,17,1.972947668893972,30.22222222222222,0.19349513909768243,4.70855369973367e-16,18
72,1,32,random,3,722295,18,2.013004937370947,32.0,0.20268055868344734,4.727875340469934e-16,18
72,1,32,random,4,722296,0,0.0,0.0,0.0,0.0,18
72,1,32,random,4,722296,1,0.0024607643916676777,1.7777777777777777,7.699357991754083e-05,4.440892098500626e-16,18
72,1,32,random,4,722296,2,0.18382205086795075,3.5555555555555554,0.0063063107641936084,3.33211404988436e-16,18
72,1,32,random,4,722296,3,0.19019028917838368,5.333333333333333,0.006546241458265181,3.333498920206072e-16,18
72,1,32,random,4,722296,4,0.19335194762066618,7.111111111111111,0.006665929370606643,3.354037079474595e-16,18
72,1,32,random,4,722296,5,0.20998500229060688,8.88888888888889,0.007301861179701907,3.5270490956805975e-16,18
72,1,32,random,4,722296,6,0.7445095535582541,10.666666666666666,0.03454401848662763,3.544751731019435e-16,18
72,1,32,random,4,722296,7,0.8978724883032287,12.444444444444445,0.04544924497753946,3.5815036576974325e-16,18
72,1,32,random,4,722296,8,0.9454181344327817,14.222222222222221,0.04918404329353452,4.6868485986269005e-16,18
72,1,32,random,4,722296,9,0.9467359318920843,16.0,0.049290108942600226,4.70097148778001e-16,18
72,1,32,random,4,722296,10,1.0273624235379095,17.77777777777778,0.05605273575203157,4.701359679217566e-16,18
72,1,32,random,4,722296,11,1.06801582716556,19.555555555555557,0.059675019319283915,4.702522085197192e-16,18
72,1,32,random,4,722296,12,1.104659853471442,21.333333333333332,0.06306867702269962,4.708029694977968e-16,18
72,1,32,random,4,722296,13,1.104660539997478,23.11111111111111,0.06306874177494934,4.71560664685419e-16,18
72,1,32,random,4,722296,14,1.3207916467080543,24.88888888888889,0.08582456305594248,4.73063793376099e-16,18
72,1,32,random,4,722296,15,1.3269801559330305,26.666666666666668,0.08655132654124802,4.747542650464221e-16,18
72,1,32,random,4,722296,16,1.3676025344306884,28.444444444444443,0.0914352227664788,4.758938093892037e-16,18
72,1,32,random,4,722296,17,1.4853809581399973,30.22222222222222,0.106770239068783,4.800981843252505e-16,18
72,1,32,random,4,722296,18,1.5430602270028035,32.0,0.11496521375965289,4.822086860224211e-16,18
72,1,32,random,5,722297,0,0.0,0.0,0.0,0.0,18
72,1,32,random,5,722297,1,0.189728894298145,1.7777777777777777,0.006528806488476285,0.0,18
72,1,32,random,5,722297,2,0.4639992093137573,3.5555555555555554,0.018450678528592914,2.220988018052242e-16,18
72,1,32,random,5,722297,3,0.6442931120584222,5.333333333333333,0.0282700058160564,2.2260173764627867e-16,18
72,1,32,random,5,722297,4,0.9366327725813198,7.111111111111111,0.04848049610148221,3.365929201021043e-16,18
72,1,32,random,5,722297,5,1.0145917263670854,8.88888888888889,0.054944907875053364,3.365937485002893e-16,18
72,1,32,random,5,722297,6,1.0171953739443953,10.666666666666666,0.05516962144865037,3.430891646680225e-16,18
72,1,32,random,5,722297,7,1.3605593133806788,12.444444444444445,0.09057415951194284,4.465845815049601e-16,18
72,1,32,random,5,722297,8,1.4551907709752654,14.222222222222221,0.10266565308312907,3.4493218549940513e-16,18
72,1,32,random,5,722297,9,1.5567896236342549,16.0,0.1169865042217557,4.682102242665208e-16,18
72,1,32,random,5,722297,10,1.720628541117361,17.77777777777778,0.1433762397934681,4.713091819378001e-16,18
72,1,32,random,5,722297,11,1.7769276513069583,19.555555555555557,0.15348955594559666,4.71539106716227e-16,18
72,1,32,random,5,722297,12,1.9043414379633357,21.333333333333332,0.1785932480518605,4.719438599819072e-16,18
72,1,32,random,5,722297,13,2.2637606123019474,23.11111111111111,0.2693498530563803,4.72408980890202e-16,18
72,1,32,random,5,722297,14,2.2942328831430623,24.88888888888889,0.2786508040464386,4.773424351317006e-16,18
72,1,32,random,5,722297,15,2.30576485429792,26.666666666666668,0.28224525690858654,4.794162944421972e-16,18
72,1,32,random,5,722297,16,2.3089344807859247,28.444444444444443,0.28324049621395475,4.795500159446975e-16,18
72,1,32,random,5,722297,17,2.363769671889758,30.22222222222222,0.300967225313216,4.816058988378193e-16,18
72,1,32,random,5,722297,18,2.3677679464889243,32.0,0.30229817999466396,4.824215179823662e-16,18
72,1,32,random,6,722298,0,0.0,0.0,0.0,0.0,18
72,1,32,random,6,722298,1,0.48143122212653733,1.7777777777777777,0.019324656862692698,0.0,18
72,1,32,random,6,722298,2,0.5220170144287839,3.5555555555555554,0.021419492111743023,1.161024373744663e-16,18
72,1,32,random,6,722298,3,0.8358427270849957,5.333333333333333,0.04083616238025179,2.4308472891258417e-16,18
72,1,32,random,6,722298,4,0.8868395840906371,7.111111111111111,0.04460768054103273,2.363980619096501e-16,18
72,1,32,random,6,722298,5,0.9024944077942939,8.88888888888889,0.04580456320644541,2.3692786282052363e-16,18
72,1,32,random,6,722298,6,0.9068999984215835,10.666666666666666,0.046144782952075525,2.3692893006020496e-16,18
72,1,32,random,6,722298,7,1.2035566147099899,12.444444444444445,0.07287332260197275,2.4898929940454625e-16,18
72,1,32,random,6,722298,8,1.2490098491502368,14.222222222222221,0.07771527193174499,2.5049219392515567e-16,18
72,1,32,random,6,722298,9,1.2624187213087734,16.0,0.0791862131247297,2.5101552043893375e-16,18
72,1,32,random,6,722298,10,1.6343945034273506,17.77777777777778,0.128948533371789,2.597637381886534e-16,18
72,1,32,random,6,722298,11,1.7142382043971758,19.555555555555557,0.14226387729188242,2.6479935738045784e-16,18
72,1,32,random,6,722298,12,1.7539779978267944,21.333333333333332,0.14929812703560477,2.6701670139860266e-16,18
72,1,32,random,6,722298,13,1.7899735458267214,23.11111111111111,0.1559154382020464,4.740542577296647e-16,18
72,1,32,random,6,722298,14,1.8408628250173338,24.88888888888889,0.16568666925680048,5.069601621666512e-16,18
72,1,32,random,6,722298,15,1.867346035580978,26.666666666666668,0.17097186004836384,5.103948424181736e-16,18
72,1,32,random,6,722298,16,1.8986137494007038,28.444444444444443,0.17739476682015776,5.105094581845335e-16,18
72,1,32,random,6,722298,17,1.9103690652323013,30.22222222222222,0.1798619246496963,5.113652585024374e-16,18
72,1,32,random,6,722298,18,1.9634680986809017,32.0,0.191374717990736,5.135865153633754e-16,18
72,1,32,random,7,722299,0,0.0,0.0,0.0,0.0,18
72,1,32,random,7,722299,1,0.014879099922289531,1.7777777777777777,0.0004684482745590616,0.0,18
72,1,32,random,7,722299,2,0.5765959823646054,3.5555555555555554,0.02437403313802452,2.42861286636753e-17,18
72,1,32,random,7,722299,3,0.5826117877341969,5.333333333333333,0.02470966503112008,1.3171226684786832e-16,18
72,1,32,random,7,722299,4,0.582817505402089,7.111111111111111,0.024721178107087266,2.32258307959954e-16,18
72,1,32,random,7,722299,5,0.754771080303828,8.88888888888889,0.03522264146610827,2.441183987044222e-16,18
72,1,32,random,7,722299,6,1.0515353450874558,10.666666666666666,0.05818881151693002,2.66392395441639e-16,18
72,1,32,random,7,722299,7,1.0891390799618754,12.444444444444445,0.06161608007312594,2.709045267776767e-16,18
72,1,32,random,7,722299,8,1.126279390257073,14.222222222222221,0.065130005322807,6.690913867576269e-16,18
72,1,32,random,7,722299,9,1.2098614870329454,16.0,0.07353188073775169,6.690944601536355e-16,18
72,1,32,random,7,722299,10,1.2367891758998346,17.77777777777778,0.07639174660487218,6.733039192989311e-16,18
72,1,32,random,7,722299,11,1.2423284380727126,19.555555555555557,0.07698965692223768,6.749581111956253e-16,18
72,1,32,random,7,722299,12,1.5571191117550072,21.333333333333332,0.11703535443629932,6.74980265795934e-16,18
72,1,32,random,7,722299,13,1.5591947040021272,23.11111111111111,0.1173434540022541,6.759253034816725e-16,18
72,1,32,random,7,722299,14,1.644677182445036,24.88888888888889,0.13060430174776919,6.768128830906255e-16,18
72,1,32,random,7,722299,15,1.6804256490581224,26.666666666666668,0.13649500940919831,6.771365706361402e-16,18
72,1,32,random,7,722299,16,1.6804256616183888,28.444444444444443,0.13649501151612045,6.779859801652248e-16,18
72,1,32,random,7,722299,17,1.7826283897444626,30.22222222222222,0.1545457154172601,6.824081517212569e-16,18
72,1,32,random,7,722299,18,1.78338064685724,32.0,0.1546855341489305,6.846019043904105e-16,18
72,1,32,krylov,0,722300,0,0.0,0.0,0.0,0.0,18
72,1,32,krylov,0,722300,1,0.27407703933263555,1.7777777777777777,0.009853629044137509,0.0,18
72,1,32,krylov,0,722300,2,0.5169204330115154,3.5555555555555554,0.021151740645137192,2.225314285619076e-16,18
72,1,32,krylov,0,722300,3,0.809492496590554,5.333333333333333,0.03896148297329415,2.2257831074914345e-16,18
72,1,32,krylov,0,722300,4,1.0562567119633477,7.111111111111111,0.05861208338365747,2.389332686916708e-16,18
72,1,32,krylov,0,722300,5,1.4153430168896541,8.88888888888889,0.09743433539246618,2.4354820087379427e-16,18
72,1,32,krylov,0,722300,6,1.7446127364654203,10.666666666666666,0.1476151397464781,2.435629328106228e-16,18
72,1,32,krylov,0,722300,7,1.9743641943362435,12.444444444444445,0.19381372189228724,2.4540885948798153e-16,18
72,1,32,krylov,0,722300,8,2.213593386099248,14.222222222222221,0.2546416126614054,5.557638150203671e-16,18
72,1,32,krylov,0,722300,9,2.4444022025092944,16.0,0.3288643351594042,5.572056208489544e-16,18
72,1,32,krylov,0,722300,10,2.7093721701168425,17.77777777777778,0.4381200827503953,5.583258222408714e-16,18
72,1,32,krylov,0,722300,11,2.9262393379763787,19.555555555555557,0.5517917022036527,5.583561325674594e-16,18
72,1,32,krylov,0,722300,12,3.087424905543709,21.333333333333332,0.6537674289944937,5.588242491714023e-16,18
72,1,32,krylov,0,722300,13,3.2469065077843653,23.11111111111111,0.7722087805344424,5.59304397915484e-16,18
72,1,32,krylov,0,722300,14,3.336671278729298,24.88888888888889,0.847667164505506,5.6086321104753e-16,18
72,1,32,krylov,0,722300,15,3.3897129424827166,26.666666666666668,0.8955449268097658,5.609127109817238e-16,18
72,1,32,krylov,0,722300,16,3.4245942119862094,28.444444444444443,0.9284431406119864,6.958154728778366e-16,18
72,1,32,krylov,0,722300,17,3.4533665349506535,30.22222222222222,0.9564568183329232,6.960180594815304e-16,18
72,1,32,krylov,0,722300,18,3.4740941431858787,32.0,0.9771432679990538,6.978927545689939e-16,18
72,1,32,krylov,1,722301,0,0.0,0.0,0.0,0.0,18
72,1,32,krylov,1,722301,1,0.02830557022971072,1.7777777777777777,0.0008971868607536855,0.0,18
72,1,32,krylov,1,722301,2,0.06306077276420174,3.5555555555555554,0.0020341114319706666,3.469446951953614e-17,18
72,1,32,krylov,1,722301,3,0.10563624864874556,5.333333333333333,0.0034817976044706463,3.619453403926873e-17,18
72,1,32,krylov,1,722301,4,0.1469136929725598,7.111111111111111,0.004945437289271607,1.3329005886196585e-16,18
72,1,32,krylov,1,722301,5,0.20045202896820044,8.88888888888889,0.006936093512257185,2.2933279756052e-16,18
72,1,32,krylov,1,722301,6,0.287907425322033,10.666666666666666,0.010426057427671567,2.4917734722134156e-16,18
72,1,32,krylov,1,722301,7,0.41217477470643965,12.444444444444445,0.01594057313313503,2.542214207627584e-16,18
72,1,32,krylov,1,722301,8,0.5477402570611336,14.222222222222221,0.02279189792631708,3.441216468942693e-16,18
72,1,32,krylov,1,722301,9,0.8282572227771369,16.0,0.040291421165421226,3.462139782041763e-16,18
72,1,32,krylov,1,722301,10,1.154288939492163,17.77777777777778,0.06786772803245618,3.4625228863831834e-16,18
72,1,32,krylov,1,722301,11,1.467661542915723,19.555555555555557,0.10434614136595495,3.5273677028774064e-16,18
72,1,32,krylov,1,722301,12,1.7962821694967985,21.333333333333332,0.1570999268337915,3.5360352549739176e-16,18
72,1,32,krylov,1,722301,13,2.074822934108894,23.11111111111111,0.21759801044890387,3.647510594372278e-16,18
72,1,32,krylov,1,722301,14,2.4078719219743476,24.88888888888889,0.31594663751294166,3.697341124387689e-16,18
72,1,32,krylov,1,722301,15,2.727513663192598,26.666666666666668,0.44671286413295724,3.7648497472583775e-16,18
72,1,32,krylov,1,722301,16,2.953554972261341,28.444444444444443,0.5679373667446311,4.884297591139333e-16,18
72,1,32,krylov,1,722301,17,3.131192430693935,30.22222222222222,0.6844147326986807,4.890081736624467e-16,18
72,1,32,krylov,1,722301,18,3.2833838235239314,32.0,0.8020578983199712,4.941549487782094e-16,18
72,1,32,krylov,2,722302,0,0.0,0.0,0.0,0.0,18
72,1,32,krylov,2,722302,1,0.15126536122525355,1.7777777777777777,0.005103291039085,0.0,18
72,1,32,krylov,2,722302,2,0.34320344228471716,3.5555555555555554,0.012795483612586964,2.498001805406602e-16,18
72,1,32,krylov,2,722302,3,0.594205427954756,5.333333333333333,0.025362216669573303,2.5798405743640614e-16,18
72,1,32,krylov,2,722302,4,0.8532114145156523,7.111111111111111,0.04209914079113277,7.057644177220761e-17,18
72,1,32,krylov,2,722302,5,1.078312136964697,8.88888888888889,0.06061604773322722,2.3152610183935744e-16,18
72,1,32,krylov,2,722302,6,1.330924659257179,10.666666666666666,0.08701691191322868,3.397286974308411e-16,18
72,1,32,krylov,2,722302,7,1.5329731128932835,12.444444444444445,0.1134977379547948,3.397808556556467e-16,18
72,1,32,krylov,2,722302,8,1.79606942456633,14.222222222222221,0.15705986060379823,4.538525127094438e-16,18
72,1,32,krylov,2,722302,9,2.2322671283326727,16.0,0.26003043710904983,4.540645165011175e-16,18
72,1,32,krylov,2,722302,10,2.486830805671787,17.77777777777778,0.34447225309735563,4.601613165111254e-16,18
72,1,32,krylov,2,722302,11,2.674821387507091,19.555555555555557,0.422179937002621,4.60598658531336e-16,18
72,1,32,krylov,2,722302,12,2.832370175318854,21.333333333333332,0.49955225539692866,4.607345035213465e-16,18
72,1,32,krylov,2,722302,13,2.935048891152118,23.11111111111111,0.5569507300829009,4.607354786756112e-16,18
72,1,32,krylov,2,722302,14,3.063008361796423,24.88888888888889,0.6372442117755835,5.087536845862778e-16,18
72,1,32,krylov,2,722302,15,3.182636379685452,26.666666666666668,0.7221947989553884,5.140811510889203e-16,18
72,1,32,krylov,2,722302,16,3.2756397416981913,28.444444444444443,0.7956296164654227,5.167112879716259e-16,18
72,1,32,krylov,2,722302,17,3.3291876188562997,30.22222222222222,0.8411141980591307,5.168626744555909e-16,18
72,1,32,krylov,2,722302,18,3.3779954584459886,32.0,0.8847485984791825,5.178878783486714e-16,18
72,1,32,krylov,3,722303,0,0.0,0.0,0.0,0.0,18
72,1,32,krylov,3,722303,1,0.4898969114652993,1.7777777777777777,0.01975462361066595,4.440892098500626e-16,18
72,1,32,krylov,3,722303,2,0.889579940427823,3.5555555555555554,0.04481584270561395,2.2226123401387487e-16,18
72,1,32,krylov,3,722303,3,1.3484447435237608,5.333333333333333,0.08910721585798072,2.5683293563451617e-16,18
72,1,32,krylov,3,722303,4,1.707966582932612,7.111111111111111,0.1411790692431293,4.454262437770863e-16,18
72,1,32,krylov,3,722303,5,2.0084106746544146,8.88888888888889,0.201608285278355,4.466988843232797e-16,18
72,1,32,krylov,3,722303,6,2.289388587533751,10.666666666666666,0.2771531833295521,4.495666270545191e-16,18
72,1,32,krylov,3,722303,7,2.470677246547068,12.444444444444445,0.3384517585882966,4.502193021035093e-16,18
72,1,32,krylov,3,722303,8,2.6443941871487806,14.222222222222221,0.4085911167174638,4.660455088709177e-16,18
72,1,32,krylov,3,722303,9,2.800605604707981,16.0,0.48295652321271026,4.661097290974241e-16,18
72,1,32,krylov,3,722303,10,2.9269853053745316,17.77777777777778,0.5522267945674437,4.667064197007416e-16,18
72,1,32,krylov,3,722303,11,3.0699697925935077,19.555555555555557,0.6419141237443736,4.759961826132122e-16,18
72,1,32,krylov,3,722303,12,3.178960916272302,21.333333333333332,0.7194306230884105,4.770552223968891e-16,18
72,1,32,krylov,3,722303,13,3.299493689178716,23.11111111111111,0.8155910928988634,4.783288142665751e-16,18
72,1,32,krylov,3,722303,14,3.373901150464348,24.88888888888889,0.8810058852449599,4.783571847939914e-16,18
72,1,32,krylov,3,722303,15,3.423013963062768,26.666666666666668,0.9269277841952172,4.788730571084542e-16,18
72,1,32,krylov,3,722303,16,3.447696608968589,28.444444444444443,0.9508724402467662,4.798688537067246e-16,18
72,1,32,krylov,3,722303,17,3.4653664390976244,30.22222222222222,0.9683806045412067,4.857503946604754e-16,18
72,1,32,krylov,3,722303,18,3.479069261174933,32.0,0.9821726439823438,4.889174792708899e-16,18
72,1,32,krylov,4,722304,0,0.0,0.0,0.0,0.0,18
72,1,32,krylov,4,722304,1,0.22255415203856851,1.7777777777777777,0.007789483374452789,0.0,18
72,1,32,krylov,4,722304,2,0.5175792796258971,3.5555555555555554,0.02118627673029107,2.2959417346920436e-16,18
72,1,32,krylov,4,722304,3,0.7165555716590265,5.333333333333333,0.032730282364840844,2.2962096693707936e-16,18
72,1,32,krylov,4,722304,4,1.018000965412178,7.111111111111111,0.055239268408069926,3.378991953256139e-16,18
72,1,32,krylov,4,722304,5,1.344839225003782,8.88888888888889,0.08867404705551911,3.381397856894288e-16,18
72,1,32,krylov,4,722304,6,1.8117535980884782,10.666666666666666,0.1600366281812267,3.3940226813234774e-16,18
72,1,32,krylov,4,722304,7,2.166235540609736,12.444444444444445,0.24141799424504612,3.403063209106135e-16,18
72,1,32,krylov,4,722304,8,2.4933016810841497,14.222222222222221,0.34691138814530975,4.656636540581382e-16,18
72,1,32,krylov,4,722304,9,2.710455818279893,16.0,0.43862899046701426,4.715141071080248e-16,18
72,1,32,krylov,4,722304,10,2.8521948726477717,17.77777777777778,0.5101802497563438,4.715177414026215e-16,18
72,1,32,krylov,4,722304,11,3.0227487667081654,19.555555555555557,0.6108654671492432,4.716905668860962e-16,18
72,1,32,krylov,4,722304,12,3.187341575330423,21.333333333333332,0.7257482574450718,4.718622650295986e-16,18
72,1,32,krylov,4,722304,13,3.2980808180776786,23.11111111111111,0.8143954604277129,4.803877373016913e-16,18
72,1,32,krylov,4,722304,14,3.374724810062886,24.88888888888889,0.8817575830902409,4.804401311269563e-16,18
72,1,32,krylov,4,722304,15,3.423694245421942,26.666666666666668,0.9275798374037585,4.806827428356424e-16,18
72,1,32,krylov,4,722304,16,3.4491967326248,28.444444444444443,0.9523468509753851,4.807147221511387e-16,18
72,1,32,krylov,4,722304,17,3.4635087947579715,30.22222222222222,0.9665253701233045,4.807221554353528e-16,18
72,1,32,krylov,4,722304,18,3.4780418504051105,32.0,0.9811319773311382,5.796746042473185e-16,18
72,1,32,krylov,5,722305,0,0.0,0.0,0.0,0.0,18
72,1,32,krylov,5,722305,1,0.020744227929079595,1.7777777777777777,0.0006550276549845763,2.220446049250313e-16,18
72,1,32,krylov,5,722305,2,0.05817818020601049,3.5555555555555554,0.0018719947740484032,2.324529457808922e-16,18
72,1,32,krylov,5,722305,3,0.12398629885889219,5.333333333333333,0.004125011287382553,2.3835642528723253e-16,18
72,1,32,krylov,5,722305,4,0.23747056586897525,7.111111111111111,0.008376177270450598,2.5750579712781585e-16,18
72,1,32,krylov,5,722305,5,0.37372171330862486,8.88888888888889,0.014160397084085306,2.5842058630302226e-16,18
72,1,32,krylov,5,722305,6,0.46924654542525385,10.666666666666666,0.018712160134758186,2.5851861795606924e-16,18
72,1,32,krylov,5,722305,7,0.5964130783760145,12.444444444444445,0.025487334711185052,2.5852014216526934e-16,18
72,1,32,krylov,5,722305,8,0.8215822952597677,14.222222222222221,0.03981547757625646,4.572128664597694e-16,18
72,1,32,krylov,5,722305,9,1.1160437146074917,16.0,0.06414852248826373,4.572559340043168e-16,18
72,1,32,krylov,5,722305,10,1.3647785162877637,17.77777777777778,0.09108924622346722,4.626770942079287e-16,18
72,1,32,krylov,5,722305,11,1.6336181397186271,19.555555555555557,0.1288242093108775,4.703686836856928e-16,18
72,1,32,krylov,5,722305,12,1.9590223737603796,21.333333333333332,0.19038718650720593,4.703904062239727e-16,18
72,1,32,krylov,5,722305,13,2.2629305366360457,23.11111111111111,0.26910043596503497,4.73885431998827e-16,18
72,1,32,krylov,5,722305,14,2.5466988598806104,24.88888888888889,0.36765298264694785,4.745362608187071e-16,18
72,1,32,krylov,5,722305,15,2.7691722401405783,26.666666666666668,0.46704467371752073,4.748475159811983e-16,18
72,1,32,krylov,5,722305,16,2.930388326665794,28.444444444444443,0.5542157608501741,4.751073938084669e-16,18
72,1,32,krylov,5,722305,17,3.0735749665933003,30.22222222222222,0.6443453774539134,4.754558665874594e-16,18
72,1,32,krylov,5,722305,18,3.194128216930958,32.0,0.7309032059187079,5.003955665870921e-16,18
72,1,32,krylov,6,722306,0,0.0,0.0,0.0,0.0,18
72,1,32,krylov,6,722306,1,0.016428096403742553,1.7777777777777777,0.0005176181114542092,2.220446049250313e-16,18
72,1,32,krylov,6,722306,2,0.03766039371721217,3.5555555555555554,0.0011993291599562872,2.359223927328458e-16,18
72,1,32,krylov,6,722306,3,0.06734374053549068,5.333333333333333,0.0021769719235867034,2.5586401434891917e-16,18
72,1,32,krylov,6,722306,4,0.10529451679820012,7.111111111111111,0.003469930670772595,2.3651881048767363e-16,18
72,1,32,krylov,6,722306,5,0.15216805352186447,8.88888888888889,0.005136121690621224,2.372714257258658e-16,18
72,1,32,krylov,6,722306,6,0.21693529244701582,10.666666666666666,0.007570741115368236,2.3930424747175704e-16,18
72,1,32,krylov,6,722306,7,0.29584979058064514,12.444444444444445,0.010758381872414001,2.570355206965725e-16,18
72,1,32,krylov,6,722306,8,0.42275031484537173,14.222222222222221,0.016442287206089996,5.61909365719023e-16,18
72,1,32,krylov,6,722306,9,0.6075647078126644,16.0,0.02612358948821259,5.619321106762983e-16,18
72,1,32,krylov,6,722306,10,0.8973853064034278,17.77777777777778,0.04541188759431737,5.622660138228932e-16,18
72,1,32,krylov,6,722306,11,1.1607307240115163,19.555555555555557,0.0685082840252557,5.624964533509632e-16,18
72,1,32,krylov,6,722306,12,1.4578085801810643,21.333333333333332,0.10301667797019878,5.626174693998629e-16,18
72,1,32,krylov,6,722306,13,1.7756228542848793,23.11111111111111,0.15324866551387378,5.641020425334658e-16,18
72,1,32,krylov,6,722306,14,2.183045344997686,24.88888888888889,0.2460402304933323,5.649616625142541e-16,18
72,1,32,krylov,6,722306,15,2.445777462681079,26.666666666666668,0.3293599267674266,5.649801242715072e-16,18
72,1,32,krylov,6,722306,16,2.789009874959764,28.444444444444443,0.4770283604468169,5.653920249099127e-16,18
72,1,32,krylov,6,722306,17,3.0122295261837517,30.22222222222222,0.6041463023199953,5.654003990935061e-16,18
72,1,32,krylov,6,722306,18,3.1507512110225084,32.0,0.6985500461252382,5.654791253973596e-16,18
72,1,32,krylov,7,722307,0,0.0,0.0,0.0,0.0,18
72,1,32,krylov,7,722307,1,0.004687561225266891,1.7777777777777777,0.00014683015710419402,0.0,18
72,1,32,krylov,7,722307,2,0.013836905337789382,3.5555555555555554,0.0004354086993622956,1.6479873021779667e-17,18
72,1,32,krylov,7,722307,3,0.02230034736540134,5.333333333333333,0.0007047143378149318,5.330215964804717e-17,18
72,1,32,krylov,7,722307,4,0.03638282583319882,7.111111111111111,0.0011578994094581536,1.4900015959320975e-16,18
72,1,32,krylov,7,722307,5,0.058680223338834,8.88888888888889,0.0018886276189235527,2.4546081110379883e-16,18
72,1,32,krylov,7,722307,6,0.08126386662300016,10.666666666666666,0.0026455332377069325,2.4848657219858137e-16,18
72,1,32,krylov,7,722307,7,0.12084919480751287,12.444444444444445,0.004014210084476669,2.511242647549825e-16,18
72,1,32,krylov,7,722307,8,0.18678169124626604,14.222222222222221,0.0064176285870965275,4.515170796556842e-16,18
72,1,32,krylov,7,722307,9,0.2743297421756625,16.0,0.009864017360578948,4.515327036331132e-16,18
72,1,32,krylov,7,722307,10,0.4070347984287192,17.77777777777778,0.015698637012309037,4.515327835567543e-16,18
72,1,32,krylov,7,722307,11,0.6270987587043149,19.555555555555557,0.027255346012218806,4.593225088543461e-16,18
72,1,32,krylov,7,722307,12,0.8386791120684212,21.333333333333332,0.0410409167325529,4.593291994707884e-16,18
72,1,32,krylov,7,722307,13,1.061160568994729,23.11111111111111,0.059053836454799086,4.606193594256156e-16,18
72,1,32,krylov,7,722307,14,1.3160024703922415,24.88888888888889,0.08526521281395055,4.642613365463132e-16,18
72,1,32,krylov,7,722307,15,1.647578330278557,26.666666666666668,0.13107454680001376,5.278921259163228e-16,18
72,1,32,krylov,7,722307,16,1.9921067667435493,28.444444444444443,0.19784256661977184,5.284078016637193e-16,18
72,1,32,krylov,7,722307,17,2.329110972886287,30.22222222222222,0.2896502570258843,5.285834402342302e-16,18
72,1,32,krylov,7,722307,18,2.6899068031978572,32.0,0.4290719699791138,5.286904293288162e-16,18
72,1,32,reply_null,0,722308,0,0.0,0.0,0.0,0.0,18
72,1,32,reply_null,0,722308,1,0.41843567905804446,1.7777777777777777,0.01623695564092977,1.1102230246251565e-16,18
72,1,32,reply_null,0,722308,2,0.455854379187138,3.5555555555555554,0.01804751900644993,2.6020852139652106e-17,18
72,1,32,reply_null,0,722308,3,0.49368502142567017,5.333333333333333,0.019948201148407074,4.4590048860008346e-17,18
72,1,32,reply_null,0,722308,4,0.7889764723342604,7.111111111111111,0.03753569821281994,2.2741574922160006e-16,18
72,1,32,reply_null,0,722308,5,0.901674894485516,8.88888888888889,0.04574144183433061,2.2807137751405526e-16,18
72,1,32,reply_null,0,722308,6,1.3329776025270834,10.666666666666666,0.08725995656717571,4.452330902023415e-16,18
72,1,32,reply_null,0,722308,7,1.3440069831244241,12.444444444444445,0.08857428276098764,4.453030922807974e-16,18
72,1,32,reply_null,0,722308,8,1.4081435298967853,14.222222222222221,0.09651120122719781,2.447018199519422e-16,18
72,1,32,reply_null,0,722308,9,1.4099175098622376,16.0,0.09673804819002994,2.4708401813874425e-16,18
72,1,32,reply_null,0,722308,10,1.4106503384350473,17.77777777777778,0.09683187586432299,2.4805027764727565e-16,18
72,1,32,reply_null,0,722308,11,1.4127517251405792,19.555555555555557,0.09710130840731857,2.4922879248828934e-16,18
72,1,32,reply_null,0,722308,12,1.4480153078626015,21.333333333333332,0.10170818549900101,3.0324816263032464e-16,18
72,1,32,reply_null,0,722308,13,1.458239325463847,23.11111111111111,0.10307452516617836,3.060778168630324e-16,18
72,1,32,reply_null,0,722308,14,1.4859164922245662,24.88888888888889,0.10684417340657666,3.064178847085452e-16,18
72,1,32,reply_null,0,722308,15,1.6567422260532263,26.666666666666668,0.13256890865907014,3.068081001194753e-16,18
72,1,32,reply_null,0,722308,16,1.6719519082954306,28.444444444444443,0.13507958711546128,3.0756414341848816e-16,18
72,1,32,reply_null,0,722308,17,1.7234378622033508,30.22222222222222,0.14386751071686482,4.856095620491478e-16,18
72,1,32,reply_null,0,722308,18,1.800221304690353,32.0,0.15784332587268093,6.84249894905624e-16,18
72,1,32,reply_null,1,722309,0,0.0,0.0,0.0,0.0,18
72,1,32,reply_null,1,722309,1,0.060726570182075744,1.7777777777777777,0.0019565101768816103,2.220446049250313e-16,18
72,1,32,reply_null,1,722309,2,0.06271449863358151,3.5555555555555554,0.0020225880004693638,2.222612340138749e-16,18
72,1,32,reply_null,1,722309,3,0.8080780687845136,5.333333333333333,0.038862244099129736,2.2415592216071913e-16,18
72,1,32,reply_null,1,722309,4,0.8995569038850175,7.111111111111111,0.045578547249700105,2.323149694063895e-16,18
72,1,32,reply_null,1,722309,5,0.9865110458384092,8.88888888888889,0.052558163735473964,2.325050107839232e-16,18
72,1,32,reply_null,1,722309,6,1.2262266506886979,10.666666666666666,0.07526076148702389,2.3255028508943484e-16,18
72,1,32,reply_null,1,722309,7,1.7717834485206474,12.444444444444445,0.1525416583861288,2.4663146632293286e-16,18
72,1,32,reply_null,1,722309,8,1.8469310213296803,14.222222222222221,0.1668853528724395,2.4156479272543727e-16,18
72,1,32,reply_null,1,722309,9,1.8469850750957495,16.0,0.1668960631239158,2.432876706314137e-16,18
72,1,32,reply_null,1,722309,10,2.0397328152831435,17.77777777777778,0.2090173331287701,2.8419239484794544e-16,18
72,1,32,reply_null,1,722309,11,2.1213867742505443,19.555555555555557,0.22945934091629436,2.8484857488704724e-16,18
72,1,32,reply_null,1,722309,12,2.1918106704202005,21.333333333333332,0.24848145302495328,2.9167317108145556e-16,18
72,1,32,reply_null,1,722309,13,2.2499332851568554,23.11111111111111,0.26522196514575863,2.919192984317211e-16,18
72,1,32,reply_null,1,722309,14,2.2846977776671853,24.88888888888889,0.2757099103403426,2.927504894268345e-16,18
72,1,32,reply_null,1,722309,15,2.2899784782715065,26.666666666666668,0.27733516117913953,4.819883323264209e-16,18
72,1,32,reply_null,1,722309,16,2.352502801905846,28.444444444444443,0.2972451842790387,4.820538576020142e-16,18
72,1,32,reply_null,1,722309,17,2.3525290353410826,30.22222222222222,0.297253801949216,5.713744026236758e-16,18
72,1,32,reply_null,1,722309,18,2.442238758784378,32.0,0.32808609020887575,5.717768347063315e-16,18
72,1,32,reply_null,2,722310,0,0.0,0.0,0.0,0.0,18
72,1,32,reply_null,2,722310,1,0.0135998061961054,1.7777777777777777,0.00042789700669890245,2.220446049250313e-16,18
72,1,32,reply_null,2,722310,2,0.35839992515197805,3.5555555555555554,0.013469931689695179,2.2434172659286434e-16,18
72,1,32,reply_null,2,722310,3,0.40801752108467454,5.333333333333333,0.015744797179173247,2.243983787026157e-16,18
72,1,32,reply_null,2,722310,4,0.9288022663643742,7.111111111111111,0.04785860399876864,2.2658920239719076e-16,18
72,1,32,reply_null,2,722310,5,1.0493887535094506,8.88888888888889,0.05799702883057284,2.2683132367106977e-16,18
72,1,32,reply_null,2,722310,6,1.0497435461790465,10.666666666666666,0.05802869863996103,2.2691442644900684e-16,18
72,1,32,reply_null,2,722310,7,1.282892034152033,12.444444444444445,0.08147051205926878,3.0294409995696497e-16,18
72,1,32,reply_null,2,722310,8,1.315816136757263,14.222222222222221,0.08524350413340812,3.4187528443645696e-16,18
72,1,32,reply_null,2,722310,9,1.3620951581635714,16.0,0.09076140626592782,3.4190990694896013e-16,18
72,1,32,reply_null,2,722310,10,1.4120453153658148,17.77777777777778,0.0970106718055156,3.4605246733424575e-16,18
72,1,32,reply_null,2,722310,11,1.419164603508793,19.555555555555557,0.09792705461162159,3.6621958536377896e-16,18
72,1,32,reply_null,2,722310,12,1.440235285545564,21.333333333333332,0.10067778132971979,3.683628634670653e-16,18
72,1,32,reply_null,2,722310,13,1.4894593419027664,23.11111111111111,0.10733428799289267,3.746280728019514e-16,18
72,1,32,reply_null,2,722310,14,1.492662235483652,24.88888888888889,0.10777887031418504,3.752958659949115e-16,18
72,1,32,reply_null,2,722310,15,1.5570098986666827,26.666666666666668,0.11701916061909257,3.757961422241299e-16,18
72,1,32,reply_null,2,722310,16,1.5591077227893242,28.444444444444443,0.11733052972550316,3.7630821791615733e-16,18
72,1,32,reply_null,2,722310,17,1.572906212612087,30.22222222222222,0.11939492667824698,3.815763501573745e-16,18
72,1,32,reply_null,2,722310,18,1.620322370994426,32.0,0.12670998590339555,3.843434336986727e-16,18
72,1,32,reply_null,3,722311,0,0.0,0.0,0.0,0.0,18
72,1,32,reply_null,3,722311,1,3.940744916910239e-06,1.7777777777777777,1.231485212968073e-07,2.220446049250313e-16,18
72,1,32,reply_null,3,722311,2,0.0005606382861474238,3.5555555555555554,1.752485853641226e-05,2.2431183207588314e-16,18
72,1,32,reply_null,3,722311,3,0.9160311901645841,5.333333333333333,0.0468547259350363,2.2480568413650663e-16,18
72,1,32,reply_null,3,722311,4,1.3998770669772853,7.111111111111111,0.0954594212342482,4.442337913876591e-16,18
72,1,32,reply_null,3,722311,5,1.5696460776791132,8.88888888888889,0.11890460358431378,4.443647201576812e-16,18
72,1,32,reply_null,3,722311,6,1.600288486644572,10.666666666666666,0.12357692231957615,4.479812116523654e-16,18
72,1,32,reply_null,3,722311,7,1.6328634647351568,12.444444444444445,0.12870345088202576,4.571047337883885e-16,18
72,1,32,reply_null,3,722311,8,1.80453432825039,14.222222222222221,0.1586606511467956,4.749960895711064e-16,18
72,1,32,reply_null,3,722311,9,2.157037876304953,16.0,0.23892158373927241,4.752006222026403e-16,18
72,1,32,reply_null,3,722311,10,2.173976793934295,17.77777777777778,0.2435369774729597,4.791773499208295e-16,18
72,1,32,reply_null,3,722311,11,2.2160519370669864,19.555555555555557,0.25534535650295365,4.805511785215697e-16,18
72,1,32,reply_null,3,722311,12,2.3925618094583077,21.333333333333332,0.31067150242367436,4.817197383482562e-16,18
72,1,32,reply_null,3,722311,13,2.3960176334846928,23.11111111111111,0.31185516705721333,5.617703631882007e-16,18
72,1,32,reply_null,3,722311,14,2.3978746222743483,24.88888888888889,0.31249290145566194,5.624012329091056e-16,18
72,1,32,reply_null,3,722311,15,2.4227348309521144,26.666666666666668,0.32114552915510985,5.66239725158328e-16,18
72,1,32,reply_null,3,722311,16,2.460917465959127,28.444444444444443,0.33486110105812106,6.072216428807818e-16,18
72,1,32,reply_null,3,722311,17,2.461155987458703,30.22222222222222,0.33494843684227377,6.079287163503346e-16,18
72,1,32,reply_null,3,722311,18,2.46161662653591,32.0,0.3351171610097845,6.203392224869359e-16,18
72,1,32,reply_null,4,722312,0,0.0,0.0,0.0,0.0,18
72,1,32,reply_null,4,722312,1,0.5999753812636658,1.7777777777777777,0.02568981070876141,1.1102230246251565e-16,18
72,1,32,reply_null,4,722312,2,0.6470865902695393,3.5555555555555554,0.02843650610461921,2.226218456634662e-16,18
72,1,32,reply_null,4,722312,3,1.1696985247720342,5.333333333333333,0.0694069198114909,2.235662679459103e-16,18
72,1,32,reply_null,4,722312,4,1.1808281577576698,7.111111111111111,0.07053345170121475,2.3873949385107266e-16,18
72,1,32,reply_null,4,722312,5,1.1942170255008349,8.88888888888889,0.07190538066775375,2.409774924948069e-16,18
72,1,32,reply_null,4,722312,6,1.1942186614132146,10.666666666666666,0.07190554942105601,2.4956849246462645e-16,18
72,1,32,reply_null,4,722312,7,1.5167532818573422,12.444444444444445,0.11116889190347472,2.520817602836216e-16,18
72,1,32,reply_null,4,722312,8,1.776214645562751,14.222222222222221,0.15335788252855476,4.543925897374363e-16,18
72,1,32,reply_null,4,722312,9,1.7879975376102257,16.0,0.15554596292163142,4.569136155392721e-16,18
72,1,32,reply_null,4,722312,10,1.9128152392627233,17.77777777777778,0.18037897329494618,4.575057498208289e-16,18
72,1,32,reply_null,4,722312,11,2.0627305554337667,19.555555555555557,0.21460696693657377,4.616370451231898e-16,18
72,1,32,reply_null,4,722312,12,2.1780877054426284,21.333333333333332,0.24466892750006589,4.622743578311682e-16,18
72,1,32,reply_null,4,722312,13,2.3915165356840022,23.11111111111111,0.31031428757050317,4.626230038324493e-16,18
72,1,32,reply_null,4,722312,14,2.3952484245570695,24.88888888888889,0.31159134897821833,4.673322664840619e-16,18
72,1,32,reply_null,4,722312,15,2.4093204307800775,26.666666666666668,0.31644991931576266,4.67676738990129e-16,18
72,1,32,reply_null,4,722312,16,2.418112680937206,28.444444444444443,0.31952046269844103,4.703714887666986e-16,18
72,1,32,reply_null,4,722312,17,2.4374210940027377,30.22222222222222,0.32635909276995817,4.704259810570598e-16,18
72,1,32,reply_null,4,722312,18,2.4978819451524696,32.0,0.3486474399162059,4.764631665668509e-16,18
72,1,32,reply_null,5,722313,0,0.0,0.0,0.0,0.0,18
72,1,32,reply_null,5,722313,1,0.3075014837110858,1.7777777777777777,0.011250713324419005,1.1102230246251565e-16,18
72,1,32,reply_null,5,722313,2,0.3136929974262448,3.5555555555555554,0.011514673386806052,1.1836944942276108e-16,18
72,1,32,reply_null,5,722313,3,0.6130236127624289,5.333333333333333,0.026437642873756422,1.1875128010637649e-16,18
72,1,32,reply_null,5,722313,4,0.681982886731964,7.111111111111111,0.03055611222649496,1.3015680679720504e-16,18
72,1,32,reply_null,5,722313,5,0.7347583401713443,8.88888888888889,0.03390556488045856,2.390248005047586e-16,18
72,1,32,reply_null,5,722313,6,0.735186656774801,10.666666666666666,0.033933478068118576,2.397088234625396e-16,18
72,1,32,reply_null,5,722313,7,0.9990919797349794,12.444444444444445,0.05361920917957618,2.420582816259448e-16,18
72,1,32,reply_null,5,722313,8,1.0807693053451894,14.222222222222221,0.06084205563698199,6.910104125439015e-16,18
72,1,32,reply_null,5,722313,9,1.3847345596410559,16.0,0.09355517679740549,6.923173634519018e-16,18
72,1,32,reply_null,5,722313,10,1.4217808498354139,17.77777777777778,0.09826545608401493,6.941380503581157e-16,18
72,1,32,reply_null,5,722313,11,1.421789378803996,19.555555555555557,0.09826656072198145,7.005028550719703e-16,18
72,1,32,reply_null,5,722313,12,1.7010537978253966,21.333333333333332,0.1399912145635743,7.012002401500797e-16,18
72,1,32,reply_null,5,722313,13,1.7070577184125897,23.11111111111111,0.14102242577450197,7.01272798779459e-16,18
72,1,32,reply_null,5,722313,14,1.8196994096468688,24.88888888888889,0.16156261023663962,7.034979804467343e-16,18
72,1,32,reply_null,5,722313,15,1.8290499321900426,26.666666666666668,0.1633739642509909,7.041870889767018e-16,18
72,1,32,reply_null,5,722313,16,1.9381079916421766,28.444444444444443,0.18579991884045877,7.046149565825181e-16,18
72,1,32,reply_null,5,722313,17,2.0050047568612426,30.22222222222222,0.20081653817937767,7.049610561098412e-16,18
72,1,32,reply_null,5,722313,18,2.08276274190106,32.0,0.21958168037935752,7.065479664893945e-16,18
72,1,32,reply_null,6,722314,0,0.0,0.0,0.0,0.0,18
72,1,32,reply_null,6,722314,1,0.2708970334433046,1.7777777777777777,0.009723126870519192,0.0,18
72,1,32,reply_null,6,722314,2,0.4128061759173628,3.5555555555555554,0.015970378726809203,5.551115123125783e-17,18
72,1,32,reply_null,6,722314,3,0.4154155695096658,5.333333333333333,0.01609375618064807,7.982406726056128e-17,18
72,1,32,reply_null,6,722314,4,0.41793550995268625,7.111111111111111,0.016213210071705744,4.462646816665636e-16,18
72,1,32,reply_null,6,722314,5,0.4322275943333399,8.88888888888889,0.016896428956308048,4.464838204126551e-16,18
72,1,32,reply_null,6,722314,6,1.0687285296898252,10.666666666666666,0.05973984490800805,4.480371689147407e-16,18
72,1,32,reply_null,6,722314,7,1.4373951254494,12.444444444444445,0.10030361690456331,4.480911450241332e-16,18
72,1,32,reply_null,6,722314,8,1.8449167509224662,14.222222222222221,0.16648665637061025,3.4510864526280566e-16,18
72,1,32,reply_null,6,722314,9,1.8957034501590928,16.0,0.17678843085103457,3.45348151624362e-16,18
72,1,32,reply_null,6,722314,10,2.0238798108797442,17.77777777777778,0.20523840684844005,3.4721920906536824e-16,18
72,1,32,reply_null,6,722314,11,2.058607233658436,19.555555555555557,0.21359530668489513,4.520299823314325e-16,18
72,1,32,reply_null,6,722314,12,2.0590480201791346,21.333333333333332,0.21370325498506815,4.523076285116474e-16,18
72,1,32,reply_null,6,722314,13,2.066344558376673,23.11111111111111,0.21549710224559063,4.526914632797221e-16,18
72,1,32,reply_null,6,722314,14,2.0663655777392815,24.88888888888889,0.21550228876691377,4.527981198521353e-16,18
72,1,32,reply_null,6,722314,15,2.131148908161967,26.666666666666668,0.23201688364059575,4.588851501917661e-16,18
72,1,32,reply_null,6,722314,16,2.185463628315023,28.444444444444443,0.2467116082954741,4.589261736527112e-16,18
72,1,32,reply_null,6,722314,17,2.1876782167155446,30.22222222222222,0.24732786097014553,4.603821888898703e-16,18
72,1,32,reply_null,6,722314,18,2.2443669227818597,32.0,0.2635762792449821,4.604106169267483e-16,18
72,1,32,reply_null,7,722315,0,0.0,0.0,0.0,0.0,18
72,1,32,reply_null,7,722315,1,0.7948367046293415,1.7777777777777777,0.03793998182386082,1.1102230246251565e-16,18
72,1,32,reply_null,7,722315,2,0.9248196737396601,3.5555555555555554,0.04754417319642888,2.2466986156321474e-16,18
72,1,32,reply_null,7,722315,3,0.926541635470925,5.333333333333333,0.047679970632759076,2.3722114129910997e-16,18
72,1,32,reply_null,7,722315,4,1.0793375126337275,7.111111111111111,0.060710293253657184,2.460864610302574e-16,18
72,1,32,reply_null,7,722315,5,1.081822655713413,8.88888888888889,0.06093911194587296,2.4609467039130293e-16,18
72,1,32,reply_null,7,722315,6,1.3513011734196212,10.666666666666666,0.08945149928418615,2.4874693062731423e-16,18
72,1,32,reply_null,7,722315,7,1.3547456172165586,12.444444444444445,0.08986796565041945,2.489815083403065e-16,18
72,1,32,reply_null,7,722315,8,1.4278379856781098,14.222222222222221,0.09905232948900551,4.563314679083649e-16,18
72,1,32,reply_null,7,722315,9,1.4512123758386481,16.0,0.10213394207973132,4.628880393151004e-16,18
72,1,32,reply_null,7,722315,10,1.5475200914680856,17.77777777777778,0.11561877009883921,4.778240533649378e-16,18
72,1,32,reply_null,7,722315,11,1.570084431219635,19.555555555555557,0.11897043881491957,4.788818037046616e-16,18
72,1,32,reply_null,7,722315,12,1.5809275952151212,21.333333333333332,0.12060816669829191,4.797064346482516e-16,18
72,1,32,reply_null,7,722315,13,1.660537677191673,23.11111111111111,0.13319185675915668,4.895294613368354e-16,18
72,1,32,reply_null,7,722315,14,1.9413904717857968,24.88888888888889,0.1865135514909663,4.900256110670615e-16,18
72,1,32,reply_null,7,722315,15,1.9485116714959558,26.666666666666668,0.1880698239173679,4.900870060210645e-16,18
72,1,32,reply_null,7,722315,16,1.9582925891932095,28.444444444444443,0.19022549811500483,4.900870235994142e-16,18
72,1,32,reply_null,7,722315,17,2.1649398931263577,30.22222222222222,0.24106494140990256,4.924720188667413e-16,18
72,1,32,reply_null,7,722315,18,2.213556312754645,32.0,0.25463101389959697,5.1122345688531e-16,18
72,3,2,random,0,722316,0,0.0,0.0,0.0,0.0,18
72,3,2,random,0,722316,1,0.009195623469988723,0.1111111111111111,0.013857049665261821,0.0,18
72,3,2,random,0,722316,2,0.01449978580443544,0.2222222222222222,0.021885261388222985,2.7755575615628914e-17,18
72,3,2,random,0,722316,3,0.04475248569172883,0.3333333333333333,0.06801948456325518,5.440453298216852e-17,18
72,3,2,random,0,722316,4,0.06544318733118465,0.4444444444444444,0.09952175166355781,3.372954393376377e-16,18
72,3,2,random,0,722316,5,0.10893791692539019,0.5555555555555556,0.16748360425406383,3.668146091909644e-16,18
72,3,2,random,0,722316,6,0.12935566277222074,0.6666666666666666,0.19889203476306003,3.6683885170083585e-16,18
72,3,2,random,0,722316,7,0.16487097692931207,0.7777777777777778,0.2551589468087442,3.6746881986099423e-16,18
72,3,2,random,0,722316,8,0.19463096256882406,0.8888888888888888,0.3022892039770581,4.557517043072252e-16,18
72,3,2,random,0,722316,9,0.2028428720397352,1.0,0.3154066717469773,4.602632823698908e-16,18
72,3,2,random,0,722316,10,0.22042896871304044,1.1111111111111112,0.3439228131201089,4.609759470880308e-16,18
72,3,2,random,0,722316,11,0.22669484792910505,1.2222222222222223,0.35404221907667544,4.613616454030368e-16,18
72,3,2,random,0,722316,12,0.2522006764869214,1.3333333333333333,0.39608047735199176,4.620010911735508e-16,18
72,3,2,random,0,722316,13,0.26281176912686444,1.4444444444444444,0.4131108416144222,4.620334925471521e-16,18
72,3,2,random,0,722316,14,0.29503459086743433,1.5555555555555556,0.46745940023917043,4.646503084873925e-16,18
72,3,2,random,0,722316,15,0.30053289515855597,1.6666666666666667,0.476511541016889,4.657787678679787e-16,18
72,3,2,random,0,722316,16,0.311746021638573,1.7777777777777777,0.4947029022380078,4.660021190243795e-16,18
72,3,2,random,0,722316,17,0.3734388598112934,1.8888888888888888,0.6008952444986354,4.76512454313016e-16,18
72,3,2,random,0,722316,18,0.3782533759215304,2.0,0.6092299522807048,4.766493462955498e-16,18
72,3,2,random,1,722317,0,0.0,0.0,0.0,0.0,18
72,3,2,random,1,722317,1,0.02046795402954069,0.1111111111111111,0.031018288611797153,0.0,18
72,3,2,random,1,722317,2,0.024820387729956164,0.2222222222222222,0.03756244173608771,2.359223927328458e-16,18
72,3,2,random,1,722317,3,0.05308722002868317,0.3333333333333333,0.0806353822233664,2.359256879204911e-16,18
72,3,2,random,1,722317,4,0.06414381837757266,0.4444444444444444,0.0976343904117845,4.463620964261528e-16,18
72,3,2,random,1,722317,5,0.08433230616100548,0.5555555555555556,0.12906081669966873,4.463647757627324e-16,18
72,3,2,random,1,722317,6,0.09519834836323808,0.6666666666666666,0.14586224701035352,4.496551557624645e-16,18
72,3,2,random,1,722317,7,0.1040114008667157,0.7777777777777778,0.15972043105702152,4.497426489754835e-16,18
72,3,2,random,1,722317,8,0.13786838833277282,0.8888888888888888,0.21324211773542454,4.19614641612201e-16,18
72,3,2,random,1,722317,9,0.16775953305257446,1.0,0.26145841777075524,4.210685873933073e-16,18
72,3,2,random,1,722317,10,0.1985773852788587,1.1111111111111112,0.31059005209467244,4.2498316566270072e-16,18
72,3,2,random,1,722317,11,0.2069941383029846,1.2222222222222223,0.3240362275975528,4.5595201286098e-16,18
72,3,2,random,1,722317,12,0.22358625500031012,1.3333333333333333,0.350949667721027,4.64594234032269e-16,18
72,3,2,random,1,722317,13,0.2500117363992206,1.4444444444444444,0.3944500159989414,4.672195062997954e-16,18
72,3,2,random,1,722317,14,0.295591233523753,1.5555555555555556,0.4724134902271427,4.748913710694076e-16,18
72,3,2,random,1,722317,15,0.29847950636700366,1.6666666666666667,0.4771847088516951,4.778149110715888e-16,18
72,3,2,random,1,722317,16,0.34339376004641387,1.7777777777777777,0.5530587512180132,4.791696884117141e-16,18
72,3,2,random,1,722317,17,0.3845583072756026,1.8888888888888888,0.62380103950617,4.811978536216445e-16,18
72,3,2,random,1,722317,18,0.4043925058467415,2.0,0.6588721603584605,4.849353932106608e-16,18
72,3,2,random,2,722318,0,0.0,0.0,0.0,0.0,18
72,3,2,random,2,722318,1,0.051920125361011954,0.1111111111111111,0.07993741179955414,2.220446049250313e-16,18
72,3,2,random,2,722318,2,0.13237030562272253,0.2222222222222222,0.2056419674537482,6.938893903907228e-18,18
72,3,2,random,2,722318,3,0.17389067238255718,0.3333333333333333,0.27234125840826406,4.7966979200933183e-17,18
72,3,2,random,2,722318,4,0.18135366778593665,0.4444444444444444,0.28427178143779064,2.695398548301271e-16,18
72,3,2,random,2,722318,5,0.21657617491319958,0.5555555555555556,0.34192475361950575,2.717888513141018e-16,18
72,3,2,random,2,722318,6,0.24337035134119844,0.6666666666666666,0.3840106050574732,2.7213798799416637e-16,18
72,3,2,random,2,722318,7,0.2741767884449585,0.7777777777777778,0.4360994604611386,2.8816116058986667e-16,18
72,3,2,random,2,722318,8,0.2885055927937617,0.8888888888888888,0.45850235217236196,2.733228128595111e-16,18
72,3,2,random,2,722318,9,0.3137699396084525,1.0,0.5020503904917062,2.736137587685015e-16,18
72,3,2,random,2,722318,10,0.33166104622563675,1.1111111111111112,0.5311918809045114,3.117484060131886e-16,18
72,3,2,random,2,722318,11,0.343049125328739,1.2222222222222223,0.5503936033644632,3.125613627964866e-16,18
72,3,2,random,2,722318,12,0.3770618743001195,1.3333333333333333,0.6107454365132043,4.644854486533701e-16,18
72,3,2,random,2,722318,13,0.3967015277571435,1.4444444444444444,0.6454134934289438,4.645166351384581e-16,18
72,3,2,random,2,722318,14,0.4027527280974412,1.5555555555555556,0.6562076142898554,4.66163066213771e-16,18
72,3,2,random,2,722318,15,0.420974229647714,1.6666666666666667,0.6870040161958542,4.846008934877851e-16,18
72,3,2,random,2,722318,16,0.428429419993292,1.7777777777777777,0.6993274179873104,5.151457633092847e-16,18
72,3,2,random,2,722318,17,0.43634953060033876,1.8888888888888888,0.7133780942275076,5.151781531678514e-16,18
72,3,2,random,2,722318,18,0.44756934577956353,2.0,0.7320151934342505,5.157001401664829e-16,18
72,3,2,random,3,722319,0,0.0,0.0,0.0,0.0,18
72,3,2,random,3,722319,1,0.04316427457087045,0.1111111111111111,0.06616410208050004,0.0,18
72,3,2,random,3,722319,2,0.1364594245997377,0.2222222222222222,0.2138409883614235,3.469446951953614e-17,18
72,3,2,random,3,722319,3,0.15688855573458255,0.3333333333333333,0.24542018458921105,4.4503128580999283e-17,18
72,3,2,random,3,722319,4,0.2035667353335365,0.4444444444444444,0.3203201163693864,2.24574403830623e-16,18
72,3,2,random,3,722319,5,0.20503772310212673,0.5555555555555556,0.3226600153318819,2.26513110780083e-16,18
72,3,2,random,3,722319,6,0.21919743660604682,0.6666666666666666,0.3449982360646435,2.378004138324668e-16,18
72,3,2,random,3,722319,7,0.25346233224343606,0.7777777777777778,0.40074053360395273,2.5395771626408285e-16,18
72,3,2,random,3,722319,8,0.2936098951836158,0.8888888888888888,0.4650087062649509,2.803899786643807e-16,18
72,3,2,random,3,722319,9,0.2949220003227228,1.0,0.46720084032501175,2.8198905176108123e-16,18
72,3,2,random,3,722319,10,0.3035949607006325,1.1111111111111112,0.48160623041106543,2.843835676671018e-16,18
72,3,2,random,3,722319,11,0.31605661743691116,1.2222222222222223,0.5023610080491401,2.965336811020893e-16,18
72,3,2,random,3,722319,12,0.34311097420649617,1.3333333333333333,0.5474105223787324,2.9801710252463907e-16,18
72,3,2,random,3,722319,13,0.3964819906170566,1.4444444444444444,0.6366433517475927,3.011628785446836e-16,18
72,3,2,random,3,722319,14,0.41445619192111094,1.5555555555555556,0.6681574509719985,3.060857623906419e-16,18
72,3,2,random,3,722319,15,0.4243810434951311,1.6666666666666667,0.685326800507235,3.0704558775687523e-16,18
72,3,2,random,3,722319,16,0.4587503973089616,1.7777777777777777,0.7445719367811776,3.081321609960333e-16,18
72,3,2,random,3,722319,17,0.504560762819948,1.8888888888888888,0.8266414718778577,3.0884699928729137e-16,18
72,3,2,random,3,722319,18,0.513229327458677,2.0,0.8420050699311558,3.095529554947516e-16,18
72,3,2,random,4,722320,0,0.0,0.0,0.0,0.0,18
72,3,2,random,4,722320,1,0.09257378515263388,0.1111111111111111,0.1454911206748312,0.0,18
72,3,2,random,4,722320,2,0.11786317516026876,0.2222222222222222,0.18494653528223393,1.0408340855860843e-17,18
72,3,2,random,4,722320,3,0.13749690292112554,0.3333333333333333,0.21510148068565582,4.498340036289352e-17,18
72,3,2,random,4,722320,4,0.17313806159735562,0.4444444444444444,0.27157366455309095,1.2415793273990876e-16,18
72,3,2,random,4,722320,5,0.21185804895318144,0.5555555555555556,0.3347952498892128,1.2907126965172354e-16,18
72,3,2,random,4,722320,6,0.2802463725469976,0.6666666666666666,0.4478994354586825,1.3394509607005408e-16,18
72,3,2,random,4,722320,7,0.31996555940365506,0.7777777777777778,0.5141511017152633,1.5230657990607556e-16,18
72,3,2,random,4,722320,8,0.3328610428027386,0.8888888888888888,0.5366072168679163,4.790129743836602e-16,18
72,3,2,random,4,722320,9,0.3375447417633883,1.0,0.5445727808907836,4.790571967359127e-16,18
72,3,2,random,4,722320,10,0.3595072326933973,1.1111111111111112,0.5804998116419933,4.791393092786106e-16,18
72,3,2,random,4,722320,11,0.37234793761782214,1.2222222222222223,0.6014153159335415,4.877437079120326e-16,18
72,3,2,random,4,722320,12,0.3736986883258767,1.3333333333333333,0.603659811963029,4.923374231779155e-16,18
72,3,2,random,4,722320,13,0.39754814839795316,1.4444444444444444,0.6440845277391058,4.935557973434354e-16,18
72,3,2,random,4,722320,14,0.4077404079584496,1.5555555555555556,0.6619392539445711,4.939326413850339e-16,18
72,3,2,random,4,722320,15,0.4190284668892194,1.6666666666666667,0.6819523014487932,4.939757588119055e-16,18
72,3,2,random,4,722320,16,0.4327883275269711,1.7777777777777777,0.704524503548792,5.076426084776948e-16,18
72,3,2,random,4,722320,17,0.44258521281813623,1.8888888888888888,0.7209188025323795,5.727575539357136e-16,18
72,3,2,random,4,722320,18,0.46010389200003504,2.0,0.7526470352162351,5.74543952818793e-16,18
72,3,2,random,5,722321,0,0.0,0.0,0.0,0.0,18
72,3,2,random,5,722321,1,0.02400868868278222,0.1111111111111111,0.03644882649440085,0.0,18
72,3,2,random,5,722321,2,0.047935754558289995,0.2222222222222222,0.07285772573393591,4.163336342344337e-17,18
72,3,2,random,5,722321,3,0.09318283490869769,0.3333333333333333,0.144220040168649,4.453092243042151e-16,18
72,3,2,random,5,722321,4,0.11986680247555279,0.4444444444444444,0.1852747343937691,4.47476604169537e-16,18
72,3,2,random,5,722321,5,0.12104687500589575,0.5555555555555556,0.1871296788544658,4.511206993283777e-16,18
72,3,2,random,5,722321,6,0.13990224110376018,0.6666666666666666,0.21630201730999624,4.515350576394282e-16,18
72,3,2,random,5,722321,7,0.15967155233847546,0.7777777777777778,0.24772552535378228,4.524228085708234e-16,18
72,3,2,random,5,722321,8,0.17838551678461714,0.8888888888888888,0.2777886917006886,4.596789673895668e-16,18
72,3,2,random,5,722321,9,0.18713375809799382,1.0,0.2916879016164684,4.669877817770387e-16,18
72,3,2,random,5,722321,10,0.2136956413730508,1.1111111111111112,0.3358795939482961,4.670382615695508e-16,18
72,3,2,random,5,722321,11,0.22412742845777928,1.2222222222222223,0.3533695784291722,4.670413852164667e-16,18
72,3,2,random,5,722321,12,0.2457776212489638,1.3333333333333333,0.38874176486727324,5.329648813755232e-16,18
72,3,2,random,5,722321,13,0.2815553103827242,1.4444444444444444,0.4459251081830378,5.336330530993915e-16,18
72,3,2,random,5,722321,14,0.3013621863665431,1.5555555555555556,0.47794281503425046,5.368471178708036e-16,18
72,3,2,random,5,722321,15,0.31596768236071865,1.6666666666666667,0.5022970020489937,5.372684685680151e-16,18
72,3,2,random,5,722321,16,0.34809120485553985,1.7777777777777777,0.5566639209799863,5.38933789013504e-16,18
72,3,2,random,5,722321,17,0.35084825805197883,1.8888888888888888,0.5614533488263522,5.39229141534523e-16,18
72,3,2,random,5,722321,18,0.3701322620283359,2.0,0.5940562454644412,5.404896285339397e-16,18
72,3,2,random,6,722322,0,0.0,0.0,0.0,0.0,18
72,3,2,random,6,722322,1,0.0693595438007797,0.1111111111111111,0.10773225998518689,2.220446049250313e-16,18
72,3,2,random,6,722322,2,0.17415182661870832,0.2222222222222222,0.2734540144144816,2.255140518769849e-16,18
72,3,2,random,6,722322,3,0.20310602835092295,0.3333333333333333,0.3222027418194078,2.279927269931677e-16,18
72,3,2,random,6,722322,4,0.22336637341629886,0.4444444444444444,0.3534348820724896,2.805549905345624e-16,18
72,3,2,random,6,722322,5,0.2568230972997665,0.5555555555555556,0.40578576946725703,2.807084569935462e-16,18
72,3,2,random,6,722322,6,0.28810967698679113,0.6666666666666666,0.4579503733588714,2.809810218999006e-16,18
72,3,2,random,6,722322,7,0.28841569832414526,0.7777777777777778,0.45846182619237086,2.8253685676974315e-16,18
72,3,2,random,6,722322,8,0.2966174297978785,0.8888888888888888,0.4716388358698988,2.78893349133099e-16,18
72,3,2,random,6,722322,9,0.29962573392350667,1.0,0.47642047961131223,2.8105885598445363e-16,18
72,3,2,random,6,722322,10,0.31021094702889546,1.1111111111111112,0.4942710606224429,4.590003245757178e-16,18
72,3,2,random,6,722322,11,0.3162590865322026,1.2222222222222223,0.5042264142474799,4.590036497590374e-16,18
72,3,2,random,6,722322,12,0.3541001695764031,1.3333333333333333,0.5655828615884954,4.596731098919906e-16,18
72,3,2,random,6,722322,13,0.3794079263062201,1.4444444444444444,0.608435068057242,4.608872083300914e-16,18
72,3,2,random,6,722322,14,0.40028270632503293,1.5555555555555556,0.6442095874626141,4.608936017221841e-16,18
72,3,2,random,6,722322,15,0.4191646988461832,1.6666666666666667,0.6769393779124686,4.715999210688365e-16,18
72,3,2,random,6,722322,16,0.4437457825415517,1.7777777777777777,0.7190483516498428,4.718460170258116e-16,18
72,3,2,random,6,722322,17,0.47039961075479364,1.8888888888888888,0.7652614309877761,4.719950018701443e-16,18
72,3,2,random,6,722322,18,0.50762992298872,2.0,0.8325187398911772,4.728079618252351e-16,18
72,3,2,random,7,722323,0,0.0,0.0,0.0,0.0,18
72,3,2,random,7,722323,1,0.0022377587643951083,0.1111111111111111,0.003360396622806564,0.0,18
72,3,2,random,7,722323,2,0.008277743540119379,0.2222222222222222,0.012456736649184442,1.1145430237265545e-16,18
72,3,2,random,7,722323,3,0.09832298180024847,0.3333333333333333,0.1544422782741652,1.1385159299639437e-16,18
72,3,2,random,7,722323,4,0.1217007306880572,0.4444444444444444,0.19286936131344976,1.2302405469073705e-16,18
72,3,2,random,7,722323,5,0.15971983784644933,0.5555555555555556,0.25328734202155345,1.2970825368243252e-16,18
72,3,2,random,7,722323,6,0.22588904921457348,0.6666666666666666,0.35720888559481795,1.3875515183895204e-16,18
72,3,2,random,7,722323,7,0.2360725579597091,0.7777777777777778,0.37383170309964653,1.6040070232097068e-16,18
72,3,2,random,7,722323,8,0.2395588867397345,0.8888888888888888,0.37920860981301985,4.47887709317106e-16,18
72,3,2,random,7,722323,9,0.25159441044846564,1.0,0.39810786503890233,4.479911423463439e-16,18
72,3,2,random,7,722323,10,0.2903075510064792,1.1111111111111112,0.4645524286534753,4.486534013731456e-16,18
72,3,2,random,7,722323,11,0.35751789374753173,1.2222222222222223,0.5773938882811996,4.564083688514762e-16,18
72,3,2,random,7,722323,12,0.3736578158547602,1.3333333333333333,0.6046012150465395,4.59362243679026e-16,18
72,3,2,random,7,722323,13,0.41400500006337554,1.4444444444444444,0.6730428727043427,4.623143448371098e-16,18
72,3,2,random,7,722323,14,0.4203441293458904,1.5555555555555556,0.6843618788715053,4.625749913759083e-16,18
72,3,2,random,7,722323,15,0.4497046149356763,1.6666666666666667,0.7371935438275682,4.631194849151525e-16,18
72,3,2,random,7,722323,16,0.4649013257677488,1.7777777777777777,0.7640817793263389,6.815469173285732e-16,18
72,3,2,random,7,722323,17,0.5059813809034459,1.8888888888888888,0.8388740980933819,6.816201522306522e-16,18
72,3,2,random,7,722323,18,0.5077988191060556,2.0,0.8421330494055077,6.849800766307534e-16,18
72,3,2,krylov,0,722324,0,0.0,0.0,0.0,0.0,18
72,3,2,krylov,0,722324,1,0.10568900337605105,0.1111111111111111,0.16721423612703892,0.0,18
72,3,2,krylov,0,722324,2,0.1804453115423439,0.2222222222222222,0.296625924833168,1.1145430237265545e-16,18
72,3,2,krylov,0,722324,3,0.24478573925233535,0.3333333333333333,0.4160213976469503,1.1610335588132417e-16,18
72,3,2,krylov,0,722324,4,0.27649084036931665,0.4444444444444444,0.4777423136044928,2.362062959054167e-16,18
72,3,2,krylov,0,722324,5,0.30381045215735314,0.5555555555555556,0.5325182881629884,2.362822100754907e-16,18
72,3,2,krylov,0,722324,6,0.33263434520753454,0.6666666666666666,0.5919558741458156,2.676993766778711e-16,18
72,3,2,krylov,0,722324,7,0.35347965306694185,0.7777777777777778,0.6360210185082202,2.7451792376099874e-16,18
72,3,2,krylov,0,722324,8,0.3754017537677131,0.8888888888888888,0.6833641205084673,4.630307228426538e-16,18
72,3,2,krylov,0,722324,9,0.40150790762237804,1.0,0.741113892557274,4.669483129906682e-16,18
72,3,2,krylov,0,722324,10,0.41853091935089576,1.1111111111111112,0.7795909693376989,4.914983087529334e-16,18
72,3,2,krylov,0,722324,11,0.43003243602172336,1.2222222222222223,0.8059610803130847,4.915358644567421e-16,18
72,3,2,krylov,0,722324,12,0.4396650196635781,1.3333333333333333,0.8282807688468659,5.002856607603556e-16,18
72,3,2,krylov,0,722324,13,0.44706398779162004,1.4444444444444444,0.8455715320702561,5.003292004016182e-16,18
72,3,2,krylov,0,722324,14,0.4508975508860098,1.5555555555555556,0.8545806860776465,5.004083942905298e-16,18
72,3,2,krylov,0,722324,15,0.4542255665432789,1.6666666666666667,0.8624298212450354,5.005018252499779e-16,18
72,3,2,krylov,0,722324,16,0.4574382727019455,1.7777777777777777,0.8700318190350719,5.017118227246111e-16,18
72,3,2,krylov,0,722324,17,0.4604240354771163,1.8888888888888888,0.877118746493549,5.058368379324391e-16,18
72,3,2,krylov,0,722324,18,0.46365259047382595,2.0,0.8848058074726656,6.003750890051945e-16,18
72,3,2,krylov,1,722325,0,0.0,0.0,0.0,0.0,18
72,3,2,krylov,1,722325,1,0.04006189090697289,0.1111111111111111,0.06131278936295403,4.440892098500626e-16,18
72,3,2,krylov,1,722325,2,0.07317102855176785,0.2222222222222222,0.11387179992658826,4.448687407361759e-16,18
72,3,2,krylov,1,722325,3,0.0935005494852719,0.3333333333333333,0.14701681002318065,4.456954801205929e-16,18
72,3,2,krylov,1,722325,4,0.10804444706512198,0.4444444444444444,0.171145893959394,4.4431535265161e-16,18
72,3,2,krylov,1,722325,5,0.1271637522602155,0.5555555555555556,0.20340444016238737,4.751976543200338e-16,18
72,3,2,krylov,1,722325,6,0.14488717971429396,0.6666666666666666,0.23386372936562463,4.782664830650356e-16,18
72,3,2,krylov,1,722325,7,0.16459375939173596,0.7777777777777778,0.2683711479581297,4.787239319361434e-16,18
72,3,2,krylov,1,722325,8,0.18140817825816297,0.8888888888888888,0.2983566692413431,6.981188773568583e-16,18
72,3,2,krylov,1,722325,9,0.19829352059735372,1.0,0.32898035535932696,7.011341814591818e-16,18
72,3,2,krylov,1,722325,10,0.22144518792359685,1.1111111111111112,0.3718182712731871,7.045854011279072e-16,18
72,3,2,krylov,1,722325,11,0.23871329833309984,1.2222222222222223,0.4044217257153497,7.068864199509971e-16,18
72,3,2,krylov,1,722325,12,0.25693125123024396,1.3333333333333333,0.4394343518299494,7.080341540960215e-16,18
72,3,2,krylov,1,722325,13,0.27532132843907003,1.4444444444444444,0.47543067238325243,7.095631213973657e-16,18
72,3,2,krylov,1,722325,14,0.2917195756180642,1.5555555555555556,0.5080913297255748,7.116959870137221e-16,18
72,3,2,krylov,1,722325,15,0.3118614701870771,1.6666666666666667,0.5489481794751416,7.123288395756179e-16,18
72,3,2,krylov,1,722325,16,0.33376536335686896,1.7777777777777777,0.59432325272879,7.123361937417968e-16,18
72,3,2,krylov,1,722325,17,0.35268345466473056,1.8888888888888888,0.63432099885247,7.124790389080305e-16,18
72,3,2,krylov,1,722325,18,0.3699051876602827,2.0,0.6713960370961962,7.124836986842561e-16,18
72,3,2,krylov,2,722326,0,0.0,0.0,0.0,0.0,18
72,3,2,krylov,2,722326,1,0.009464958351641361,0.1111111111111111,0.014264839088065053,0.0,18
72,3,2,krylov,2,722326,2,0.018972557675713927,0.2222222222222222,0.02873052043178954,1.3183898417423734e-16,18
72,3,2,krylov,2,722326,3,0.026996562289972218,0.3333333333333333,0.04104640646544422,2.289733757767876e-16,18
72,3,2,krylov,2,722326,4,0.037364735039086897,0.4444444444444444,0.05710735931110743,2.329851933940397e-16,18
72,3,2,krylov,2,722326,5,0.05166313323345918,0.5555555555555556,0.07953143249167319,2.4119935401277363e-16,18
72,3,2,krylov,2,722326,6,0.07075289183158481,0.6666666666666666,0.1099739519295556,2.415031014404673e-16,18
72,3,2,krylov,2,722326,7,0.08768909515356038,0.7777777777777778,0.1374730056001753,2.450291981039519e-16,18
72,3,2,krylov,2,722326,8,0.10476135373534898,0.8888888888888888,0.1656683625653062,4.551877591967251e-16,18
72,3,2,krylov,2,722326,9,0.12368065732131704,1.0,0.19748164160073098,4.558223338225298e-16,18
72,3,2,krylov,2,722326,10,0.13595541341115358,1.1111111111111112,0.21844621902914052,4.564234027297248e-16,18
72,3,2,krylov,2,722326,11,0.14496826649161165,1.2222222222222223,0.23400432848803504,4.606111148165035e-16,18
72,3,2,krylov,2,722326,12,0.15153783470515006,1.3333333333333333,0.24543348942669643,4.60736840890632e-16,18
72,3,2,krylov,2,722326,13,0.15932531852414697,1.4444444444444444,0.2590790879603689,8.922110060890619e-16,18
72,3,2,krylov,2,722326,14,0.1659019720434573,1.5555555555555556,0.27068606734008965,8.922318289672747e-16,18
72,3,2,krylov,2,722326,15,0.17549485967608625,1.6666666666666667,0.287753793319698,8.926096060513187e-16,18
72,3,2,krylov,2,722326,16,0.18502609536229297,1.7777777777777777,0.30487475843773276,8.950618371896714e-16,18
72,3,2,krylov,2,722326,17,0.19719165752382672,1.8888888888888888,0.3269661793204341,8.954604592433975e-16,18
72,3,2,krylov,2,722326,18,0.2088170883997455,2.0,0.3483293859882508,8.956240038478773e-16,18
72,3,2,krylov,3,722327,0,0.0,0.0,0.0,0.0,18
72,3,2,krylov,3,722327,1,0.0006724758518044981,0.1111111111111111,0.0010090530215756642,2.220446049250313e-16,18
72,3,2,krylov,3,722327,2,0.001624780254731933,0.2222222222222222,0.0024391513880093457,2.220446049250313e-16,18
72,3,2,krylov,3,722327,3,0.0025915164508679973,0.3333333333333333,0.003892315998387627,2.2293970024991225e-16,18
72,3,2,krylov,3,722327,4,0.003727314745802079,0.4444444444444444,0.005601404732966065,4.469166505067845e-16,18
72,3,2,krylov,3,722327,5,0.00504724814863751,0.5555555555555556,0.007590010443263241,4.52801021952698e-16,18
72,3,2,krylov,3,722327,6,0.006977480636691387,0.6666666666666666,0.010502819955484228,4.53480275876846e-16,18
72,3,2,krylov,3,722327,7,0.008603351339951472,0.7777777777777778,0.012960699793610319,4.550878229927284e-16,18
72,3,2,krylov,3,722327,8,0.010181291211039363,0.8888888888888888,0.015349945352371275,5.680326278677459e-16,18
72,3,2,krylov,3,722327,9,0.011962083487199016,1.0,0.01805087301252141,5.680984848484027e-16,18
72,3,2,krylov,3,722327,10,0.014463278309789,1.1111111111111112,0.02185256640249958,5.719282106840063e-16,18
72,3,2,krylov,3,722327,11,0.017711407690462887,1.2222222222222223,0.026803777169985613,5.734407069910948e-16,18
72,3,2,krylov,3,722327,12,0.021277654640432846,1.3333333333333333,0.0322584570701962,5.73652597314001e-16,18
72,3,2,krylov,3,722327,13,0.025277480555501088,1.4444444444444444,0.03839949751438626,5.76213314398887e-16,18
72,3,2,krylov,3,722327,14,0.028694521465323343,1.5555555555555556,0.04366526307755545,5.769332054867655e-16,18
72,3,2,krylov,3,722327,15,0.037542421863721545,1.6666666666666667,0.05738406135582429,5.770370717415399e-16,18
72,3,2,krylov,3,722327,16,0.043989940887176227,1.7777777777777777,0.06745776501885878,5.894540867373143e-16,18
72,3,2,krylov,3,722327,17,0.0521703217898214,1.8888888888888888,0.08033275595251482,5.899235465039419e-16,18
72,3,2,krylov,3,722327,18,0.059743523149063935,2.0,0.0923463674590656,5.919351368416523e-16,18
72,3,2,krylov,4,722328,0,0.0,0.0,0.0,0.0,18
72,3,2,krylov,4,722328,1,0.034062124612479566,0.1111111111111111,0.05197332283860386,0.0,18
72,3,2,krylov,4,722328,2,0.0598558634612749,0.2222222222222222,0.0925252621954914,0.0,18
72,3,2,krylov,4,722328,3,0.08483640342718873,0.3333333333333333,0.13280845632878294,1.3877787807814457e-17,18
72,3,2,krylov,4,722328,4,0.10856238496832418,0.4444444444444444,0.17201166794888453,2.4815391469245023e-16,18
72,3,2,krylov,4,722328,5,0.12810221916512732,0.5555555555555556,0.2050037792011574,3.5048037303895313e-16,18
72,3,2,krylov,4,722328,6,0.14211462282491039,0.6666666666666666,0.22906315155026588,3.58083642729226e-16,18
72,3,2,krylov,4,722328,7,0.1634098009330229,0.7777777777777778,0.26627870890424404,3.589840531952946e-16,18
72,3,2,krylov,4,722328,8,0.18539819658694814,0.8888888888888888,0.305546479512062,2.734367987408605e-16,18
72,3,2,krylov,4,722328,9,0.19875448542498342,1.0,0.32982364532214736,2.74829843044139e-16,18
72,3,2,krylov,4,722328,10,0.20661310449275153,1.1111111111111112,0.34426018364214434,2.750290093595045e-16,18
72,3,2,krylov,4,722328,11,0.21288588538229572,1.2222222222222223,0.35586518343535006,2.7570288022288007e-16,18
72,3,2,krylov,4,722328,12,0.22442858167788995,1.3333333333333333,0.37741098069182616,2.7610922062247605e-16,18
72,3,2,krylov,4,722328,13,0.23827278745195338,1.4444444444444444,0.4035829919721129,2.7792908923626385e-16,18
72,3,2,krylov,4,722328,14,0.2548947762205944,1.5555555555555556,0.43548876115160495,2.8573119998988753e-16,18
72,3,2,krylov,4,722328,15,0.26825678673952624,1.6666666666666667,0.46152433879650173,4.583474274386347e-16,18
72,3,2,krylov,4,722328,16,0.27835401723303865,1.7777777777777777,0.48143063225361343,4.631203567591194e-16,18
72,3,2,krylov,4,722328,17,0.2886115886513352,1.8888888888888888,0.5018598966672361,4.662802632291216e-16,18
72,3,2,krylov,4,722328,18,0.30041895294744175,2.0,0.5256366800749239,4.664378826585865e-16,18
72,3,2,krylov,5,722329,0,0.0,0.0,0.0,0.0,18
72,3,2,krylov,5,722329,1,0.012886519817737021,0.1111111111111111,0.019454863240941752,0.0,18
72,3,2,krylov,5,722329,2,0.03849652465038715,0.2222222222222222,0.058870674906965285,1.0408340855860843e-17,18
72,3,2,krylov,5,722329,3,0.06262003472755809,0.3333333333333333,0.09693336433398884,1.6311820362201275e-17,18
72,3,2,krylov,5,722329,4,0.0931254575301865,0.4444444444444444,0.14639914311603597,2.348164620845932e-16,18
72,3,2,krylov,5,722329,5,0.11644682911379961,0.5555555555555556,0.1852466572603146,2.3485127750755505e-16,18
72,3,2,krylov,5,722329,6,0.14139328869303344,0.6666666666666666,0.2278163690103433,2.353136124723694e-16,18
72,3,2,krylov,5,722329,7,0.17705695147217565,0.7777777777777778,0.29054861116637615,2.4202662540163717e-16,18
72,3,2,krylov,5,722329,8,0.21157918171350903,0.8888888888888888,0.35344170132270136,4.54684564852694e-16,18
72,3,2,krylov,5,722329,9,0.24612615740910965,1.0,0.4185913895642414,4.546965806798211e-16,18
72,3,2,krylov,5,722329,10,0.2658331793781999,1.1111111111111112,0.4567761301904367,4.547119295206795e-16,18
72,3,2,krylov,5,722329,11,0.282771187293864,1.2222222222222223,0.49020230704735474,4.547732111599667e-16,18
72,3,2,krylov,5,722329,12,0.30090223825670037,1.3333333333333333,0.5266158771210148,4.555167198545854e-16,18
72,3,2,krylov,5,722329,13,0.31630967760178197,1.4444444444444444,0.5580826268561189,5.120396300904644e-16,18
72,3,2,krylov,5,722329,14,0.332379475219471,1.5555555555555556,0.5914227653167481,5.120396953957403e-16,18
72,3,2,krylov,5,722329,15,0.34338833192085316,1.6666666666666667,0.6145741401072597,5.12370187690819e-16,18
72,3,2,krylov,5,722329,16,0.3565832136159039,1.7777777777777777,0.642660586894862,5.133598377082582e-16,18
72,3,2,krylov,5,722329,17,0.37029925154659443,1.8888888888888888,0.6722518744735236,5.138362562519041e-16,18
72,3,2,krylov,5,722329,18,0.38420643248680963,2.0,0.7026728188210715,5.179223165775805e-16,18
72,3,2,krylov,6,722330,0,0.0,0.0,0.0,0.0,18
72,3,2,krylov,6,722330,1,0.02197459380347507,0.1111111111111111,0.03332672021080038,2.220446049250313e-16,18
72,3,2,krylov,6,722330,2,0.04050811105131071,0.2222222222222222,0.062009634042684086,2.2941717969793274e-16,18
72,3,2,krylov,6,722330,3,0.06338596395587949,0.3333333333333333,0.0981569708115781,2.297227349531228e-16,18
72,3,2,krylov,6,722330,4,0.08079036027641147,0.4444444444444444,0.12621538976771837,4.455971383804285e-16,18
72,3,2,krylov,6,722330,5,0.09584835148289256,0.5555555555555556,0.1508882222562303,4.475518792568549e-16,18
72,3,2,krylov,6,722330,6,0.1099281515149732,0.6666666666666666,0.17429680567769829,4.480049014947008e-16,18
72,3,2,krylov,6,722330,7,0.12813085032014593,0.7777777777777778,0.20505259612750606,4.490631618176982e-16,18
72,3,2,krylov,6,722330,8,0.14002188511104752,0.8888888888888888,0.2254484595037781,2.5217502229072353e-16,18
72,3,2,krylov,6,722330,9,0.15037423183935691,1.0,0.24340367919187775,2.5233583618226425e-16,18
72,3,2,krylov,6,722330,10,0.16368174739068922,1.1111111111111112,0.2667591074607647,2.5240635621729413e-16,18
72,3,2,krylov,6,722330,11,0.17329568631671843,1.2222222222222223,0.28382653275053515,2.5389901467195246e-16,18
72,3,2,krylov,6,722330,12,0.1810153391731996,1.3333333333333333,0.29765034319828215,2.6642562478002345e-16,18
72,3,2,krylov,6,722330,13,0.18738387280901825,1.4444444444444444,0.30913527213517,3.157576295162784e-16,18
72,3,2,krylov,6,722330,14,0.19555689770070317,1.5555555555555556,0.32398196831100184,3.2074580336044703e-16,18
72,3,2,krylov,6,722330,15,0.20293005987269314,1.6666666666666667,0.33748018427900334,3.209109850188891e-16,18
72,3,2,krylov,6,722330,16,0.21100239041887447,1.7777777777777777,0.3523729605340872,3.471230268807013e-16,18
72,3,2,krylov,6,722330,17,0.21635508064265574,1.8888888888888888,0.3623147230211536,3.471504489444101e-16,18
72,3,2,krylov,6,722330,18,0.2218431330385052,2.0,0.37256330044076286,3.517691219541146e-16,18
72,3,2,krylov,7,722331,0,0.0,0.0,0.0,0.0,18
72,3,2,krylov,7,722331,1,0.004623985145658404,0.1111111111111111,0.006952038392689044,2.220446049250313e-16,18
72,3,2,krylov,7,722331,2,0.01232903877727653,0.2222222222222222,0.01860803203095275,2.220988018052242e-16,18
72,3,2,krylov,7,722331,3,0.02216261422314423,0.3333333333333333,0.03361504404875995,2.229219546686636e-16,18
72,3,2,krylov,7,722331,4,0.03299148151476103,0.4444444444444444,0.050312602490689196,4.451063306386883e-16,18
72,3,2,krylov,7,722331,5,0.050702732652826155,0.5555555555555556,0.07801517780926473,4.454637865023876e-16,18
72,3,2,krylov,7,722331,6,0.06926331712287195,0.6666666666666666,0.10757756069406216,4.457236582501915e-16,18
72,3,2,krylov,7,722331,7,0.0931382961772448,0.7777777777777778,0.14642028078924132,4.458289672382591e-16,18
72,3,2,krylov,7,722331,8,0.12335539148291343,0.8888888888888888,0.19692959859663314,5.648747128187039e-16,18
72,3,2,krylov,7,722331,9,0.1541806853945517,1.0,0.2500525105305635,5.660324359636044e-16,18
72,3,2,krylov,7,722331,10,0.18046194423332,1.1111111111111112,0.2966558078054915,5.664817316999809e-16,18
72,3,2,krylov,7,722331,11,0.2131250482353537,1.2222222222222223,0.35630909052843823,5.669083048496673e-16,18
72,3,2,krylov,7,722331,12,0.2474118275141707,1.3333333333333333,0.421059651502933,5.713211976746047e-16,18
72,3,2,krylov,7,722331,13,0.2793168906333784,1.4444444444444444,0.4833394179160261,5.767982342064766e-16,18
72,3,2,krylov,7,722331,14,0.30204811752811,1.5555555555555556,0.5289394652672156,5.769265693014448e-16,18
72,3,2,krylov,7,722331,15,0.32449291918675904,1.6666666666666667,0.5749935127555844,5.8229269882766725e-16,18
72,3,2,krylov,7,722331,16,0.3403978654041495,1.7777777777777777,0.6082600227280214,5.825578334377018e-16,18
72,3,2,krylov,7,722331,17,0.35772945421330876,1.8888888888888888,0.6451179995700473,5.826843877391053e-16,18
72,3,2,krylov,7,722331,18,0.36995616088836625,2.0,0.6715067229826399,5.834587884340073e-16,18
72,3,2,reply_null,0,722332,0,0.0,0.0,0.0,0.0,18
72,3,2,reply_null,0,722332,1,0.03833748576410645,0.1111111111111111,0.05862277356447101,0.0,18
72,3,2,reply_null,0,722332,2,0.04011542972463536,0.2222222222222222,0.06134993855161956,1.3877787807814457e-17,18
72,3,2,reply_null,0,722332,3,0.1062962813818858,0.3333333333333333,0.16483962452511836,2.303031794599961e-16,18
72,3,2,reply_null,0,722332,4,0.14608363251878742,0.4444444444444444,0.22669342435417428,2.2758599779657156e-16,18
72,3,2,reply_null,0,722332,5,0.17120299208784232,0.5555555555555556,0.2677032799962524,2.325221370192809e-16,18
72,3,2,reply_null,0,722332,6,0.19131991859428232,0.6666666666666666,0.298957512686728,2.418690313593018e-16,18
72,3,2,reply_null,0,722332,7,0.2065022719455097,0.7777777777777778,0.3231245535290231,2.4493643017791687e-16,18
72,3,2,reply_null,0,722332,8,0.24124929499759326,0.8888888888888888,0.37954357124369187,4.502128452355848e-16,18
72,3,2,reply_null,0,722332,9,0.26119227390485267,1.0,0.41305091794518456,4.503383015326268e-16,18
72,3,2,reply_null,0,722332,10,0.27164588415284957,1.1111111111111112,0.4295870041489259,4.52156485975476e-16,18
72,3,2,reply_null,0,722332,11,0.28793823137538127,1.2222222222222223,0.45546971328584956,4.523428784802054e-16,18
72,3,2,reply_null,0,722332,12,0.31228549690238466,1.3333333333333333,0.4959053419405814,4.525310380667421e-16,18
72,3,2,reply_null,0,722332,13,0.34800707153516475,1.4444444444444444,0.5563256904732369,4.553435100324614e-16,18
72,3,2,reply_null,0,722332,14,0.35364846665771876,1.5555555555555556,0.5656415043319131,4.560134772915475e-16,18
72,3,2,reply_null,0,722332,15,0.35863219705467675,1.6666666666666667,0.5742142825171839,4.560270571095591e-16,18
72,3,2,reply_null,0,722332,16,0.3849403919464415,1.7777777777777777,0.6201564649755638,4.593834269139136e-16,18
72,3,2,reply_null,0,722332,17,0.4095652706350801,1.8888888888888888,0.664584780229541,4.60443918316336e-16,18
72,3,2,reply_null,0,722332,18,0.45402030465487686,2.0,0.7411880875252148,4.642612894449338e-16,18
72,3,2,reply_null,1,722333,0,0.0,0.0,0.0,0.0,18
72,3,2,reply_null,1,722333,1,0.015344784325548033,0.1111111111111111,0.023194680048599696,0.0,18
72,3,2,reply_null,1,722333,2,0.09755020400139477,0.2222222222222222,0.1520577409957752,1.1757450506243963e-16,18
72,3,2,reply_null,1,722333,3,0.11816111128454149,0.3333333333333333,0.18357724018769517,2.2291760431434263e-16,18
72,3,2,reply_null,1,722333,4,0.12056229062182885,0.4444444444444444,0.18742220205500607,2.2300035652538105e-16,18
72,3,2,reply_null,1,722333,5,0.12778244460357857,0.5555555555555556,0.1984144796596346,2.2585193235700876e-16,18
72,3,2,reply_null,1,722333,6,0.14327948682184183,0.6666666666666666,0.22243965818896405,2.34263130961218e-16,18
72,3,2,reply_null,1,722333,7,0.15103908480645573,0.7777777777777778,0.23471896781666773,2.7139515114630736e-16,18
72,3,2,reply_null,1,722333,8,0.15517259653297694,0.8888888888888888,0.24142173433891864,4.8077168299515055e-16,18
72,3,2,reply_null,1,722333,9,0.18076853297872034,1.0,0.2810267654567361,4.823987976642196e-16,18
72,3,2,reply_null,1,722333,10,0.21609567078124303,1.1111111111111112,0.33797593769455575,4.855067890601771e-16,18
72,3,2,reply_null,1,722333,11,0.2529509046461215,1.2222222222222223,0.39696438522438243,4.8552074073400225e-16,18
72,3,2,reply_null,1,722333,12,0.2646398410948887,1.3333333333333333,0.4163348218666284,4.855260676960786e-16,18
72,3,2,reply_null,1,722333,13,0.3589406316655316,1.4444444444444444,0.5755380662945023,4.859862194022404e-16,18
72,3,2,reply_null,1,722333,14,0.37314447153303,1.5555555555555556,0.600665525284436,4.8949916963756675e-16,18
72,3,2,reply_null,1,722333,15,0.4489917729540289,1.6666666666666667,0.7303917933735764,4.895653303136779e-16,18
72,3,2,reply_null,1,722333,16,0.46085778391531923,1.7777777777777777,0.7508419494942242,5.199570186235374e-16,18
72,3,2,reply_null,1,722333,17,0.4798046685542998,1.8888888888888888,0.7833026083439798,5.201444622815729e-16,18
72,3,2,reply_null,1,722333,18,0.49674976926106074,2.0,0.8134494962201914,5.2259967046385545e-16,18
72,3,2,reply_null,2,722334,0,0.0,0.0,0.0,0.0,18
72,3,2,reply_null,2,722334,1,0.018859384756521793,0.1111111111111111,0.028557519325840153,1.1102230246251565e-16,18
72,3,2,reply_null,2,722334,2,0.07411509981597073,0.2222222222222222,0.11427708562232965,2.2375303867530146e-16,18
72,3,2,reply_null,2,722334,3,0.08695292371180245,0.3333333333333333,0.13402139253393577,2.359429207446398e-16,18
72,3,2,reply_null,2,722334,4,0.10624198138793532,0.4444444444444444,0.16370650587068045,2.2811285322962253e-16,18
72,3,2,reply_null,2,722334,5,0.15334245739520994,0.5555555555555556,0.239261191447669,2.4609037794801275e-16,18
72,3,2,reply_null,2,722334,6,0.1742287425649074,0.6666666666666666,0.2716896786823931,2.472602551325037e-16,18
72,3,2,reply_null,2,722334,7,0.19113330288184754,0.7777777777777778,0.29885868690479794,2.485587570043495e-16,18
72,3,2,reply_null,2,722334,8,0.25480528033598815,0.8888888888888888,0.40197543288186344,6.696519254609729e-16,18
72,3,2,reply_null,2,722334,9,0.286348595428517,1.0,0.4521492797285276,6.704392240074598e-16,18
72,3,2,reply_null,2,722334,10,0.29285743692550525,1.1111111111111112,0.4628898345750912,6.729965830896895e-16,18
72,3,2,reply_null,2,722334,11,0.30888516760961965,1.2222222222222223,0.4889260686909114,6.738575781680224e-16,18
72,3,2,reply_null,2,722334,12,0.3118675469496408,1.3333333333333333,0.49394094474406847,6.748542541060183e-16,18
72,3,2,reply_null,2,722334,13,0.3190993936063739,1.4444444444444444,0.5059455793000628,6.753085427553502e-16,18
72,3,2,reply_null,2,722334,14,0.3224786292689582,1.5555555555555556,0.5117059240294626,6.785599346687619e-16,18
72,3,2,reply_null,2,722334,15,0.33546105131800247,1.6666666666666667,0.5337034314074822,6.803815812872153e-16,18
72,3,2,reply_null,2,722334,16,0.38150048657705715,1.7777777777777777,0.6120933175666065,6.81355295158909e-16,18
72,3,2,reply_null,2,722334,17,0.40629019134099464,1.8888888888888888,0.6537414502383669,6.813759509774604e-16,18
72,3,2,reply_null,2,722334,18,0.42536211327770657,2.0,0.6872368522758456,6.814540790403258e-16,18
72,3,2,reply_null,3,722335,0,0.0,0.0,0.0,0.0,18
72,3,2,reply_null,3,722335,1,0.05390989726815856,0.1111111111111111,0.08308425659003597,2.220446049250313e-16,18
72,3,2,reply_null,3,722335,2,0.0756419190340978,0.2222222222222222,0.1176996236341226,1.1479708673460215e-16,18
72,3,2,reply_null,3,722335,3,0.10262783740376098,0.3333333333333333,0.1612243414978777,2.2298216364338267e-16,18
72,3,2,reply_null,3,722335,4,0.14631242916405787,0.4444444444444444,0.22841308035328683,3.4672743388466253e-16,18
72,3,2,reply_null,3,722335,5,0.15499467654073293,0.5555555555555556,0.2419032863577074,3.4738701667766822e-16,18
72,3,2,reply_null,3,722335,6,0.16530289889643252,0.6666666666666666,0.2581438672019022,3.5043264851144286e-16,18
72,3,2,reply_null,3,722335,7,0.19010541504758724,0.7777777777777778,0.29665104577320206,3.5076238284012164e-16,18
72,3,2,reply_null,3,722335,8,0.20878864712299855,0.8888888888888888,0.3278966331253075,3.859904328441108e-16,18
72,3,2,reply_null,3,722335,9,0.22207242684175335,1.0,0.34906785619242564,3.873579857320436e-16,18
72,3,2,reply_null,3,722335,10,0.2509135474927176,1.1111111111111112,0.3946523935056521,4.612052066959578e-16,18
72,3,2,reply_null,3,722335,11,0.2701160438578766,1.2222222222222223,0.42576998855409004,4.634845284949863e-16,18
72,3,2,reply_null,3,722335,12,0.2811892508941194,1.3333333333333333,0.4440808568645795,4.636680053555871e-16,18
72,3,2,reply_null,3,722335,13,0.30552087061765404,1.4444444444444444,0.4844722799882979,4.663231245530409e-16,18
72,3,2,reply_null,3,722335,14,0.3338281330560918,1.5555555555555556,0.5309651412608201,4.671437845781032e-16,18
72,3,2,reply_null,3,722335,15,0.4035535869426269,1.6666666666666667,0.6528085739827699,4.684085234958741e-16,18
72,3,2,reply_null,3,722335,16,0.43524473787829876,1.7777777777777777,0.7061678701994902,4.685074162338239e-16,18
72,3,2,reply_null,3,722335,17,0.44437600438459185,1.8888888888888888,0.7227735570121223,4.688139182788967e-16,18
72,3,2,reply_null,3,722335,18,0.45620021193690274,2.0,0.7435540000051833,4.692857296060094e-16,18
72,3,2,reply_null,4,722336,0,0.0,0.0,0.0,0.0,18
72,3,2,reply_null,4,722336,1,0.040775253124470834,0.1111111111111111,0.06242696827590259,0.0,18
72,3,2,reply_null,4,722336,2,0.04776338249638766,0.2222222222222222,0.07294912567154642,2.2431183207588314e-16,18
72,3,2,reply_null,4,722336,3,0.07945025224512584,0.3333333333333333,0.12195512274741108,2.2446609353925294e-16,18
72,3,2,reply_null,4,722336,4,0.11036389528030005,0.4444444444444444,0.17155099171085073,1.3328883834624795e-16,18
72,3,2,reply_null,4,722336,5,0.13005625130775633,0.5555555555555556,0.20162557280630192,2.2798392745729515e-16,18
72,3,2,reply_null,4,722336,6,0.14834831736779694,0.6666666666666666,0.22998058110848466,2.279856977756808e-16,18
72,3,2,reply_null,4,722336,7,0.16493664597042065,0.7777777777777778,0.25592314489079293,2.2832846200031044e-16,18
72,3,2,reply_null,4,722336,8,0.19871067605220066,0.8888888888888888,0.31210629055665734,3.409364578034108e-16,18
72,3,2,reply_null,4,722336,9,0.2135440264002872,1.0,0.3358032520017628,3.4357158894124763e-16,18
72,3,2,reply_null,4,722336,10,0.23748472689598055,1.1111111111111112,0.3734179049690077,3.4606231721242453e-16,18
72,3,2,reply_null,4,722336,11,0.27684378177407526,1.2222222222222223,0.43741490370634417,3.9346681817275063e-16,18
72,3,2,reply_null,4,722336,12,0.2944345336435014,1.3333333333333333,0.46631536398183676,3.940844336747695e-16,18
72,3,2,reply_null,4,722336,13,0.33773392041158323,1.4444444444444444,0.5384432206998498,3.947242014760591e-16,18
72,3,2,reply_null,4,722336,14,0.34368107343973464,1.5555555555555556,0.5486448158045654,4.0301321618806685e-16,18
72,3,2,reply_null,4,722336,15,0.4075370827312891,1.6666666666666667,0.6570845286814253,4.0582120833121e-16,18
72,3,2,reply_null,4,722336,16,0.4463192301760112,1.7777777777777777,0.7254368566930683,4.058455123470942e-16,18
72,3,2,reply_null,4,722336,17,0.500686974770887,1.8888888888888888,0.8230916346547386,4.0708368399516173e-16,18
72,3,2,reply_null,4,722336,18,0.5303040441744478,2.0,0.8756210706550505,4.125254431649385e-16,18
72,3,2,reply_null,5,722337,0,0.0,0.0,0.0,0.0,18
72,3,2,reply_null,5,722337,1,0.03372768416717639,0.1111111111111111,0.051454366974167165,3.3306690738754696e-16,18
72,3,2,reply_null,5,722337,2,0.06816086014465088,0.2222222222222222,0.10406460322713143,3.3328353647639053e-16,18
72,3,2,reply_null,5,722337,3,0.10147785218369797,0.3333333333333333,0.15597558081308974,3.3328438350528003e-16,18
72,3,2,reply_null,5,722337,4,0.11052246129173338,0.4444444444444444,0.17004252162454475,3.463599407866812e-16,18
72,3,2,reply_null,5,722337,5,0.12307160865213143,0.5555555555555556,0.18914909147205325,3.514168068799661e-16,18
72,3,2,reply_null,5,722337,6,0.15777426923915938,0.6666666666666666,0.24474473780073935,3.576594261072378e-16,18
72,3,2,reply_null,5,722337,7,0.1768200631787597,0.7777777777777778,0.2751336228370864,3.6026861868609027e-16,18
72,3,2,reply_null,5,722337,8,0.20731042408209163,0.8888888888888888,0.32410275104846975,3.491088519278274e-16,18
72,3,2,reply_null,5,722337,9,0.2377831426705634,1.0,0.3745537061391798,3.5442905406687043e-16,18
72,3,2,reply_null,5,722337,10,0.2589975133074336,1.1111111111111112,0.4086144304317935,3.5825554500060534e-16,18
72,3,2,reply_null,5,722337,11,0.2901669770831109,1.2222222222222223,0.4591282018849399,3.587055247359222e-16,18
72,3,2,reply_null,5,722337,12,0.29479393040943497,1.3333333333333333,0.4668122670005194,3.7096369046133823e-16,18
72,3,2,reply_null,5,722337,13,0.30306646009585436,1.4444444444444444,0.48080192879144384,4.570410503462805e-16,18
72,3,2,reply_null,5,722337,14,0.3199325041575022,1.5555555555555556,0.5086824061763925,4.572471435105449e-16,18
72,3,2,reply_null,5,722337,15,0.34436297243174246,1.6666666666666667,0.5510298070125473,4.84298355365293e-16,18
72,3,2,reply_null,5,722337,16,0.36050073778064295,1.7777777777777777,0.5788494695138654,4.843005481382936e-16,18
72,3,2,reply_null,5,722337,17,0.4155514503868133,1.8888888888888888,0.671451623489346,4.861520208570081e-16,18
72,3,2,reply_null,5,722337,18,0.421978314407246,2.0,0.682541899953216,4.861738481194172e-16,18
72,3,2,reply_null,6,722338,0,0.0,0.0,0.0,0.0,18
72,3,2,reply_null,6,722338,1,0.008954128411714177,0.1111111111111111,0.013491504809248869,0.0,18
72,3,2,reply_null,6,722338,2,0.011853792311109172,0.2222222222222222,0.017854555786608814,8.673617379884035e-18,18
72,3,2,reply_null,6,722338,3,0.04894038545013926,0.3333333333333333,0.07455911847119456,1.4178507648916313e-16,18
72,3,2,reply_null,6,722338,4,0.08700413468454136,0.4444444444444444,0.13368280322539536,2.2351267576025826e-16,18
72,3,2,reply_null,6,722338,5,0.2087822445309887,0.5555555555555556,0.3305849103794115,2.2390956722826547e-16,18
72,3,2,reply_null,6,722338,6,0.23146026680322063,0.6666666666666666,0.3686272409231114,2.250088559854235e-16,18
72,3,2,reply_null,6,722338,7,0.24243134798201185,0.7777777777777778,0.386496212522185,2.611805253647975e-16,18
72,3,2,reply_null,6,722338,8,0.2949542881957272,0.8888888888888888,0.4748922248581173,2.786840015822306e-16,18
72,3,2,reply_null,6,722338,9,0.3301480720954616,1.0,0.5308889285671357,2.8389221528156843e-16,18
72,3,2,reply_null,6,722338,10,0.3655311207606876,1.1111111111111112,0.5925142487391065,3.6946321200062744e-16,18
72,3,2,reply_null,6,722338,11,0.3702455682049378,1.2222222222222223,0.6001398549850191,3.7769355313375535e-16,18
72,3,2,reply_null,6,722338,12,0.4420264347327799,1.3333333333333333,0.7212712464191209,7.880082550882381e-16,18
72,3,2,reply_null,6,722338,13,0.4557440272279186,1.4444444444444444,0.7440460160367818,7.880637073531297e-16,18
72,3,2,reply_null,6,722338,14,0.46839190421892696,1.5555555555555556,0.7660422290236945,7.880708430476659e-16,18
72,3,2,reply_null,6,722338,15,0.4806163281588426,1.6666666666666667,0.7870969109924109,7.881290697246529e-16,18
72,3,2,reply_null,6,722338,16,0.49082899360988913,1.7777777777777777,0.8049135774318422,7.896413705393691e-16,18
72,3,2,reply_null,6,722338,17,0.5018463786742287,1.8888888888888888,0.8249668815931481,7.904368531676127e-16,18
72,3,2,reply_null,6,722338,18,0.5219768867288601,2.0,0.8617876117461315,7.9800674312913365e-16,18
72,3,2,reply_null,7,722339,0,0.0,0.0,0.0,0.0,18
72,3,2,reply_null,7,722339,1,0.059504256367421404,0.1111111111111111,0.09196541744462287,2.220446049250313e-16,18
72,3,2,reply_null,7,722339,2,0.14464271903935522,0.2222222222222222,0.22540372350850743,2.229086047453109e-16,18
72,3,2,reply_null,7,722339,3,0.16672159772576198,0.3333333333333333,0.26176213973132734,4.480953437240502e-16,18
72,3,2,reply_null,7,722339,4,0.18183167410129075,0.4444444444444444,0.28555053645092215,2.5860167483697873e-16,18
72,3,2,reply_null,7,722339,5,0.1863308363322121,0.5555555555555556,0.29259169225303383,2.5935579777464854e-16,18
72,3,2,reply_null,7,722339,6,0.20421861479734899,0.6666666666666666,0.32163423033135646,2.6098320464817234e-16,18
72,3,2,reply_null,7,722339,7,0.21378706005009407,0.7777777777777778,0.336341285433621,2.7033762939943364e-16,18
72,3,2,reply_null,7,722339,8,0.23893976507986137,0.8888888888888888,0.37625446354999115,5.635906506663002e-16,18
72,3,2,reply_null,7,722339,9,0.2627073226506695,1.0,0.41593547679995835,5.636834359553561e-16,18
72,3,2,reply_null,7,722339,10,0.2854099155304011,1.1111111111111112,0.45335608758039814,5.694136650627856e-16,18
72,3,2,reply_null,7,722339,11,0.29961204600976254,1.2222222222222223,0.4766976261554997,5.701890582935967e-16,18
72,3,2,reply_null,7,722339,12,0.3288539545075158,1.3333333333333333,0.5262518489908828,5.742597594363042e-16,18
72,3,2,reply_null,7,722339,13,0.3489844504016396,1.4444444444444444,0.5601515472804065,5.795137352425228e-16,18
72,3,2,reply_null,7,722339,14,0.37172244097310203,1.5555555555555556,0.5983927953712669,5.819283207076051e-16,18
72,3,2,reply_null,7,722339,15,0.40230622889415235,1.6666666666666667,0.6484097480871907,5.820813804837854e-16,18
72,3,2,reply_null,7,722339,16,0.4080517759935883,1.7777777777777777,0.6584736370277472,5.831367894347505e-16,18
72,3,2,reply_null,7,722339,17,0.4400810764664236,1.8888888888888888,0.7133089720763613,5.838446846446746e-16,18
72,3,2,reply_null,7,722339,18,0.45046073728937663,2.0,0.7317717668265684,5.839604134257511e-16,18
72,3,8,random,0,722340,0,0.0,0.0,0.0,0.0,18
72,3,8,random,0,722340,1,0.1070923715901417,0.4444444444444444,0.042388898525378686,1.1102230246251565e-16,18
72,3,8,random,0,722340,2,0.17209827190575397,0.8888888888888888,0.06780478770729606,2.2215299868541707e-16,18
72,3,8,random,0,722340,3,0.2990002721224835,1.3333333333333333,0.12136166430763008,2.3613907498977527e-16,18
72,3,8,random,0,722340,4,0.3474785564397829,1.7777777777777777,0.14226460508606179,2.360488532569618e-16,18
72,3,8,random,0,722340,5,0.3726480971113547,2.2222222222222223,0.15278307562861254,2.3638049932374225e-16,18
72,3,8,random,0,722340,6,0.5645494579702333,2.6666666666666665,0.23880102354849556,2.363893927655795e-16,18
72,3,8,random,0,722340,7,0.6525991141945809,3.111111111111111,0.2798163693612253,2.3724155693844123e-16,18
72,3,8,random,0,722340,8,0.7108964637568104,3.5555555555555554,0.3074968967326316,3.0903117628758257e-16,18
72,3,8,random,0,722340,9,0.9648591853417483,4.0,0.43947305178629736,3.124569463416462e-16,18
72,3,8,random,0,722340,10,1.0355279439860032,4.444444444444445,0.47568266673891074,4.5281742187447e-16,18
72,3,8,random,0,722340,11,1.1001558201924349,4.888888888888889,0.5094122813840395,4.532456917922453e-16,18
72,3,8,random,0,722340,12,1.127718763621368,5.333333333333333,0.5234208384182961,4.792984601739253e-16,18
72,3,8,random,0,722340,13,1.2089752060372445,5.777777777777778,0.564527329892658,4.793049433290844e-16,18
72,3,8,random,0,722340,14,1.3013425455301317,6.222222222222222,0.6235246492908387,4.79354382349559e-16,18
72,3,8,random,0,722340,15,1.3376329554762127,6.666666666666667,0.6438774159026547,4.79931453132596e-16,18
72,3,8,random,0,722340,16,1.3719978279979017,7.111111111111111,0.6671258095423479,4.802979372576141e-16,18
72,3,8,random,0,722340,17,1.4738267938020608,7.555555555555555,0.737298853402762,4.813208282316909e-16,18
72,3,8,random,0,722340,18,1.540652609295533,8.0,0.7745215221542203,4.818756469251465e-16,18
72,3,8,random,1,722341,0,0.0,0.0,0.0,0.0,18
72,3,8,random,1,722341,1,0.08496888261124488,0.4444444444444444,0.03325619594748111,2.220446049250313e-16,18
72,3,8,random,1,722341,2,0.11472117839413415,0.8888888888888888,0.044669615489883345,2.359223927328458e-16,18
72,3,8,random,1,722341,3,0.1490354853269599,1.3333333333333333,0.058135115820058814,2.3827316257497713e-16,18
72,3,8,random,1,722341,4,0.16572584289624376,1.7777777777777777,0.06504375560048864,2.237778413248826e-16,18
72,3,8,random,1,722341,5,0.24575427446224526,2.2222222222222223,0.09770160959918242,2.302510944538338e-16,18
72,3,8,random,1,722341,6,0.3042842822793316,2.6666666666666665,0.12291156529763227,2.3097496896188604e-16,18
72,3,8,random,1,722341,7,0.3332952265204811,3.111111111111111,0.1354387491202009,2.3943953018372717e-16,18
72,3,8,random,1,722341,8,0.38313077942114515,3.5555555555555554,0.1564378240428776,7.837738599392175e-16,18
72,3,8,random,1,722341,9,0.41385834435395574,4.0,0.16922482971970101,7.842951555209527e-16,18
72,3,8,random,1,722341,10,0.41614901560712936,4.444444444444445,0.17020157704003963,7.942796023583813e-16,18
72,3,8,random,1,722341,11,0.45575886346802724,4.888888888888889,0.18859019538890862,7.966137731035747e-16,18
72,3,8,random,1,722341,12,0.7676027008537463,5.333333333333333,0.351672014354811,7.966949497885635e-16,18
72,3,8,random,1,722341,13,0.8113806525394596,5.777777777777778,0.3725459966844766,7.987519192851621e-16,18
72,3,8,random,1,722341,14,0.8979197312438922,6.222222222222222,0.4192884301945274,7.98787531265809e-16,18
72,3,8,random,1,722341,15,0.9538960886723136,6.666666666666667,0.44788593685007966,8.004768642035175e-16,18
72,3,8,random,1,722341,16,1.0144696652960776,7.111111111111111,0.4757139357382666,8.004796037954747e-16,18
72,3,8,random,1,722341,17,1.1789349830625375,7.555555555555555,0.563273411086653,8.0053091517400945e-16,18
72,3,8,random,1,722341,18,1.281348194168452,8.0,0.6183397424337013,8.005945880937479e-16,18
72,3,8,random,2,722342,0,0.0,0.0,0.0,0.0,18
72,3,8,random,2,722342,1,0.25242259071351836,0.4444444444444444,0.10767744589517393,0.0,18
72,3,8,random,2,722342,2,0.3498411433179285,0.8888888888888888,0.1467527686867649,2.7755575615628914e-17,18
72,3,8,random,2,722342,3,0.36253364814186373,1.3333333333333333,0.15194424093878708,5.5206587835730055e-17,18
72,3,8,random,2,722342,4,0.3950936651844186,1.7777777777777777,0.16494118079809278,2.4915144202408367e-16,18
72,3,8,random,2,722342,5,0.4403236478719639,2.2222222222222223,0.1849836668538861,2.5209365969515674e-16,18
72,3,8,random,2,722342,6,0.5278345460288425,2.6666666666666665,0.22792831921616563,2.5414272828689884e-16,18
72,3,8,random,2,722342,7,0.5834229614421194,3.111111111111111,0.2512902279574314,2.5415208231156486e-16,18
72,3,8,random,2,722342,8,0.6205344659365646,3.5555555555555554,0.26923925983357233,3.456495023249916e-16,18
72,3,8,random,2,722342,9,0.888617365672072,4.0,0.4039099170252141,4.482473669709709e-16,18
72,3,8,random,2,722342,10,0.9348128292096685,4.444444444444445,0.42844725877250633,4.487815620960036e-16,18
72,3,8,random,2,722342,11,0.9545867285646887,4.888888888888889,0.43865374656187406,4.503677220428467e-16,18
72,3,8,random,2,722342,12,1.0062196596592172,5.333333333333333,0.4656617294315011,4.50694782552243e-16,18
72,3,8,random,2,722342,13,1.1054012704722633,5.777777777777778,0.5115524353994739,4.507281476677297e-16,18
72,3,8,random,2,722342,14,1.3321357064080002,6.222222222222222,0.6321655568902244,4.507307563940568e-16,18
72,3,8,random,2,722342,15,1.360481400935945,6.666666666666667,0.6497625352656354,4.507354500382634e-16,18
72,3,8,random,2,722342,16,1.4432625928491707,7.111111111111111,0.6991794765806354,4.508723161755809e-16,18
72,3,8,random,2,722342,17,1.4927973314316092,7.555555555555555,0.7298493277674681,4.511285022107364e-16,18
72,3,8,random,2,722342,18,1.603012131496371,8.0,0.7987402069327683,4.511307555502688e-16,18
72,3,8,random,3,722343,0,0.0,0.0,0.0,0.0,18
72,3,8,random,3,722343,1,0.12912687756517938,0.4444444444444444,0.05168793025358342,2.220446049250313e-16,18
72,3,8,random,3,722343,2,0.21647363979401166,0.8888888888888888,0.08731379828657022,2.220988018052242e-16,18
72,3,8,random,3,722343,3,0.263143248553561,1.3333333333333333,0.10552184681982096,2.2754077883373754e-16,18
72,3,8,random,3,722343,4,0.29247152497858864,1.7777777777777777,0.11829436288996555,2.3058804782518205e-16,18
72,3,8,random,3,722343,5,0.43965082210320633,2.2222222222222223,0.18195101510120337,2.3337238841778493e-16,18
72,3,8,random,3,722343,6,0.555947127154017,2.6666666666666665,0.2345875130448621,2.4633817908429983e-16,18
72,3,8,random,3,722343,7,0.6137705734663622,3.111111111111111,0.259563039560191,2.47812595133747e-16,18
72,3,8,random,3,722343,8,0.7227976789109472,3.5555555555555554,0.3086834352057419,4.672271718521693e-16,18
72,3,8,random,3,722343,9,0.8207153996360725,4.0,0.35686481165130607,5.647521621090332e-16,18
72,3,8,random,3,722343,10,1.0196935012964583,4.444444444444445,0.47249066919226035,5.648260296470074e-16,18
72,3,8,random,3,722343,11,1.1458634521657491,4.888888888888889,0.5367811502262723,5.745401821084485e-16,18
72,3,8,random,3,722343,12,1.2026905696781767,5.333333333333333,0.5730144375344091,5.771106579645805e-16,18
72,3,8,random,3,722343,13,1.2243585239876167,5.777777777777778,0.5878021781359859,5.781990407998178e-16,18
72,3,8,random,3,722343,14,1.2857538273767912,6.222222222222222,0.6199904253961575,5.787716885370436e-16,18
72,3,8,random,3,722343,15,1.4511348846639365,6.666666666666667,0.725973909220956,5.813243325483784e-16,18
72,3,8,random,3,722343,16,1.523881775504974,7.111111111111111,0.766866685550518,5.821317253885628e-16,18
72,3,8,random,3,722343,17,1.55266420899419,7.555555555555555,0.7837010037871667,5.841624008509469e-16,18
72,3,8,random,3,722343,18,1.6411861309785276,8.0,0.8435529768940249,5.948198265122011e-16,18
72,3,8,random,4,722344,0,0.0,0.0,0.0,0.0,18
72,3,8,random,4,722344,1,0.21722114246701624,0.4444444444444444,0.09098207533403443,0.0,18
72,3,8,random,4,722344,2,0.26113103489084083,0.8888888888888888,0.1112471357950819,2.2313698550030876e-16,18
72,3,8,random,4,722344,3,0.42625359036744503,1.3333333333333333,0.18277788186780508,2.2838246762901004e-16,18
72,3,8,random,4,722344,4,0.47860605124780087,1.7777777777777777,0.20557845403163189,2.4178520528108066e-16,18
72,3,8,random,4,722344,5,0.4856301887956787,2.2222222222222223,0.208456034352881,2.419563514526643e-16,18
72,3,8,random,4,722344,6,0.5364325534107616,2.6666666666666665,0.22954341239700016,2.419568158284535e-16,18
72,3,8,random,4,722344,7,0.6358428691891027,3.111111111111111,0.27708340279999083,2.4877569053935264e-16,18
72,3,8,random,4,722344,8,0.8165865751368424,3.5555555555555554,0.3621487726597277,4.86645855097904e-16,18
72,3,8,random,4,722344,9,0.8637335326406103,4.0,0.3861941789628072,4.881722530298329e-16,18
72,3,8,random,4,722344,10,0.9163438851428555,4.444444444444445,0.4152164486053002,4.883653941681695e-16,18
72,3,8,random,4,722344,11,1.0568762055359513,4.888888888888889,0.49522529248333114,5.021812638425543e-16,18
72,3,8,random,4,722344,12,1.1026551397942956,5.333333333333333,0.519139067869911,5.023939131324381e-16,18
72,3,8,random,4,722344,13,1.2231620072150502,5.777777777777778,0.5837537218088498,5.073289774128808e-16,18
72,3,8,random,4,722344,14,1.2527945972694745,6.222222222222222,0.6018905227501531,5.075686134098815e-16,18
72,3,8,random,4,722344,15,1.295054153222328,6.666666666666667,0.623962849287825,5.732576176241079e-16,18
72,3,8,random,4,722344,16,1.3488231717679198,7.111111111111111,0.6535076284413438,5.733930950073024e-16,18
72,3,8,random,4,722344,17,1.512624376345374,7.555555555555555,0.7435420975970256,5.741321226561052e-16,18
72,3,8,random,4,722344,18,1.5906077471269344,8.0,0.7919076329020892,5.742392857163941e-16,18
72,3,8,random,5,722345,0,0.0,0.0,0.0,0.0,18
72,3,8,random,5,722345,1,0.08559104440786064,0.4444444444444444,0.03351027638720667,2.220446049250313e-16,18
72,3,8,random,5,722345,2,0.0901873248108629,0.8888888888888888,0.03524729410562372,2.2352884969268535e-16,18
72,3,8,random,5,722345,3,0.37324534782111196,1.3333333333333333,0.16145286112358495,2.504703781331423e-16,18
72,3,8,random,5,722345,4,0.691149139995166,1.7777777777777777,0.31315377913260073,2.287488718473594e-16,18
72,3,8,random,5,722345,5,0.7153923923516124,2.2222222222222223,0.32544627656275443,2.30863566743146e-16,18
72,3,8,random,5,722345,6,0.7612297183482479,2.6666666666666665,0.3439653969015744,2.4196324422446645e-16,18
72,3,8,random,5,722345,7,0.7908946706352946,3.111111111111111,0.3579230343110675,2.429720995457728e-16,18
72,3,8,random,5,722345,8,0.931551202778928,3.5555555555555554,0.4289100814141433,4.499453626112075e-16,18
72,3,8,random,5,722345,9,1.0132863603684796,4.0,0.46927222246781547,4.516281030627995e-16,18
72,3,8,random,5,722345,10,1.1352956052515608,4.444444444444445,0.5277604987239366,4.643304497659972e-16,18
72,3,8,random,5,722345,11,1.1761988777170482,4.888888888888889,0.5517627561427749,4.643614965425087e-16,18
72,3,8,random,5,722345,12,1.2410770436892606,5.333333333333333,0.5875427157715872,4.64371043388203e-16,18
72,3,8,random,5,722345,13,1.2652270427113317,5.777777777777778,0.6029167568314208,4.662454355486442e-16,18
72,3,8,random,5,722345,14,1.2770153520577083,6.222222222222222,0.6091982879648147,4.664519385372363e-16,18
72,3,8,random,5,722345,15,1.2907532839260325,6.666666666666667,0.6173183552811545,4.677389684143833e-16,18
72,3,8,random,5,722345,16,1.4382608959646155,7.111111111111111,0.7079394851794122,4.677389894277571e-16,18
72,3,8,random,5,722345,17,1.5324536923573318,7.555555555555555,0.7709656169291834,5.005914173022201e-16,18
72,3,8,random,5,722345,18,1.6057259194033529,8.0,0.8272142964124134,5.006040408455731e-16,18
72,3,8,random,6,722346,0,0.0,0.0,0.0,0.0,18
72,3,8,random,6,722346,1,0.09022791822476998,0.4444444444444444,0.035408885395155666,0.0,18
72,3,8,random,6,722346,2,0.171108121553126,0.8888888888888888,0.06756018440139216,2.2339168529382264e-16,18
72,3,8,random,6,722346,3,0.28415443053252437,1.3333333333333333,0.11342775880377935,2.4288798731736145e-16,18
72,3,8,random,6,722346,4,0.31381895956554384,1.7777777777777777,0.12571120484435788,2.348669823202595e-16,18
72,3,8,random,6,722346,5,0.4758316003048914,2.2222222222222223,0.19586992416843949,2.4254929807009745e-16,18
72,3,8,random,6,722346,6,0.7056575357177688,2.6666666666666665,0.31124110303241403,2.523333393932404e-16,18
72,3,8,random,6,722346,7,0.7254401213099965,3.111111111111111,0.3210741524204268,4.560560865374214e-16,18
72,3,8,random,6,722346,8,0.7442133423237607,3.5555555555555554,0.32992416249722656,4.514916056991215e-16,18
72,3,8,random,6,722346,9,0.7504265058316025,4.0,0.33314699891183003,4.527555778163215e-16,18
72,3,8,random,6,722346,10,0.881125750117307,4.444444444444445,0.4009039349939868,4.55630602570529e-16,18
72,3,8,random,6,722346,11,1.0285540970108644,4.888888888888889,0.47046114288950436,4.556669558056685e-16,18
72,3,8,random,6,722346,12,1.042983173252283,5.333333333333333,0.4793937689579633,4.558732338629649e-16,18
72,3,8,random,6,722346,13,1.111627974150882,5.777777777777778,0.5158409487573562,4.561187345810997e-16,18
72,3,8,random,6,722346,14,1.2266181270758687,6.222222222222222,0.5795731795600698,4.561527739898607e-16,18
72,3,8,random,6,722346,15,1.3062706354522422,6.666666666666667,0.6213087688930139,4.6421922821857815e-16,18
72,3,8,random,6,722346,16,1.3448062651847001,7.111111111111111,0.6427763089401127,4.648672745804804e-16,18
72,3,8,random,6,722346,17,1.463852680285574,7.555555555555555,0.7190946390940645,4.675538239868004e-16,18
72,3,8,random,6,722346,18,1.5020887648761474,8.0,0.7429821430465791,4.685932157355903e-16,18
72,3,8,random,7,722347,0,0.0,0.0,0.0,0.0,18
72,3,8,random,7,722347,1,0.19175652524362075,0.4444444444444444,0.07926582813447881,0.0,18
72,3,8,random,7,722347,2,0.21891149229175355,0.8888888888888888,0.09143147473818616,0.0,18
72,3,8,random,7,722347,3,0.2377127799848078,1.3333333333333333,0.09932433551794269,1.1102907831255387e-16,18
72,3,8,random,7,722347,4,0.3193057152605032,1.7777777777777777,0.13478656144527723,2.3245409414764318e-17,18
72,3,8,random,7,722347,5,0.42339216195181056,2.2222222222222223,0.18008103756213847,2.300746527919533e-16,18
72,3,8,random,7,722347,6,0.5022543453835884,2.6666666666666665,0.22101786233866616,2.344917362540399e-16,18
72,3,8,random,7,722347,7,0.6291406551247853,3.111111111111111,0.2764239539609188,2.3525526927870085e-16,18
72,3,8,random,7,722347,8,0.7993769698766147,3.5555555555555554,0.3639947707837698,4.596088980712399e-16,18
72,3,8,random,7,722347,9,0.8056274369095858,4.0,0.36691612014445824,4.731657906683142e-16,18
72,3,8,random,7,722347,10,0.8618924375416874,4.444444444444445,0.39872327001032437,4.832785674620793e-16,18
72,3,8,random,7,722347,11,1.0231821563030667,4.888888888888889,0.4743966651976524,4.899465976601886e-16,18
72,3,8,random,7,722347,12,1.1586690579133812,5.333333333333333,0.5383099935892113,4.904978607267339e-16,18
72,3,8,random,7,722347,13,1.2213880789821603,5.777777777777778,0.5749887300440893,4.905305547951613e-16,18
72,3,8,random,7,722347,14,1.3125481163293333,6.222222222222222,0.6241921776528802,4.905432473299918e-16,18
72,3,8,random,7,722347,15,1.3838860830775288,6.666666666666667,0.6640106500870625,4.988902878624149e-16,18
72,3,8,random,7,722347,16,1.4279740409998924,7.111111111111111,0.6909842162076877,5.006368063337444e-16,18
72,3,8,random,7,722347,17,1.4648146210842385,7.555555555555555,0.7125651382182657,5.01885658053426e-16,18
72,3,8,random,7,722347,18,1.4907068022984007,8.0,0.7276921199216327,5.047913287348843e-16,18
72,3,8,krylov,0,722348,0,0.0,0.0,0.0,0.0,18
72,3,8,krylov,0,722348,1,0.11409814148042771,0.4444444444444444,0.04532329595792261,2.220446049250313e-16,18
72,3,8,krylov,0,722348,2,0.21294782408069204,0.8888888888888888,0.08899503421730172,2.220446049250313e-16,18
72,3,8,krylov,0,722348,3,0.30360508381001555,1.3333333333333333,0.13302522902504704,2.4029490767140287e-16,18
72,3,8,krylov,0,722348,4,0.38953818095671827,1.7777777777777777,0.17861207006404226,2.294589053527402e-16,18
72,3,8,krylov,0,722348,5,0.4528802280214014,2.2222222222222223,0.2148134225914859,2.364231248635686e-16,18
72,3,8,krylov,0,722348,6,0.523224780855834,2.6666666666666665,0.25779771583203076,2.554141023614826e-16,18
72,3,8,krylov,0,722348,7,0.5960383330663473,3.111111111111111,0.3055929197345781,2.5575566711966287e-16,18
72,3,8,krylov,0,722348,8,0.678642063649433,3.5555555555555554,0.3641996816209879,4.580582659633344e-16,18
72,3,8,krylov,0,722348,9,0.7465086866860191,4.0,0.4161081726028785,4.636406549579955e-16,18
72,3,8,krylov,0,722348,10,0.8233122466934811,4.444444444444445,0.47926228562865236,5.071737050030514e-16,18
72,3,8,krylov,0,722348,11,0.9019149655756302,4.888888888888889,0.5491191296705535,5.071746244885661e-16,18
72,3,8,krylov,0,722348,12,0.9493887795971396,5.333333333333333,0.5940486388934761,5.072873859995958e-16,18
72,3,8,krylov,0,722348,13,1.0005936564852418,5.777777777777778,0.6449610124460133,5.074254463941052e-16,18
72,3,8,krylov,0,722348,14,1.0553759397250937,6.222222222222222,0.702395642409641,5.079443096588586e-16,18
72,3,8,krylov,0,722348,15,1.0881516378367955,6.666666666666667,0.7382931054352134,5.083719626308353e-16,18
72,3,8,krylov,0,722348,16,1.1102283052279165,7.111111111111111,0.7631442125275757,5.083902751468781e-16,18
72,3,8,krylov,0,722348,17,1.1308379035172682,7.555555555555555,0.7868442932253094,5.084470730523658e-16,18
72,3,8,krylov,0,722348,18,1.148447382235058,8.0,0.8074849679656128,5.120264807380437e-16,18
72,3,8,krylov,1,722349,0,0.0,0.0,0.0,0.0,18
72,3,8,krylov,1,722349,1,0.19224574405955738,0.4444444444444444,0.07948811789477285,0.0,18
72,3,8,krylov,1,722349,2,0.33035708579523343,0.8888888888888888,0.14679934204349676,4.44258551865285e-16,18
72,3,8,krylov,1,722349,3,0.4571315073294524,1.3333333333333333,0.21732622171144927,4.451478446774159e-16,18
72,3,8,krylov,1,722349,4,0.5916982134544222,1.7777777777777777,0.3026454658338163,4.468197993906817e-16,18
72,3,8,krylov,1,722349,5,0.6688469046330568,2.2222222222222223,0.35699444900310573,4.482258089902188e-16,18
72,3,8,krylov,1,722349,6,0.7420534522152082,2.6666666666666665,0.412591439953421,4.482668769570899e-16,18
72,3,8,krylov,1,722349,7,0.8165119356692809,3.111111111111111,0.4734727440429255,4.525101479959283e-16,18
72,3,8,krylov,1,722349,8,0.8771928963731734,3.5555555555555554,0.5265530816124406,3.5384467525837955e-16,18
72,3,8,krylov,1,722349,9,0.9425020311656844,4.0,0.5873979717206802,6.833567783721113e-16,18
72,3,8,krylov,1,722349,10,1.0109159649481554,4.444444444444445,0.655543890535644,6.833615547438739e-16,18
72,3,8,krylov,1,722349,11,1.0756667164082834,4.888888888888889,0.7244801348355331,6.883552923418159e-16,18
72,3,8,krylov,1,722349,12,1.1299078604169963,5.333333333333333,0.7857642302872,6.885686963710107e-16,18
72,3,8,krylov,1,722349,13,1.165464958882609,5.777777777777778,0.827780194543905,6.893901353298934e-16,18
72,3,8,krylov,1,722349,14,1.1942713095824942,6.222222222222222,0.8629317661782167,6.894770664470269e-16,18
72,3,8,krylov,1,722349,15,1.2193680396673126,6.666666666666667,0.8943929405883699,6.895864072249751e-16,18
72,3,8,krylov,1,722349,16,1.2342083710186753,7.111111111111111,0.9133716291414548,6.909123317780984e-16,18
72,3,8,krylov,1,722349,17,1.2465016256365624,7.555555555555555,0.9293076617816524,6.911685439728232e-16,18
72,3,8,krylov,1,722349,18,1.2559559194389438,8.0,0.9416974456664376,6.945889138653014e-16,18
72,3,8,krylov,2,722350,0,0.0,0.0,0.0,0.0,18
72,3,8,krylov,2,722350,1,0.026279117346649145,0.4444444444444444,0.009985296757038475,0.0,18
72,3,8,krylov,2,722350,2,0.06801944611261855,0.8888888888888888,0.02639479617205772,2.254614724255716e-16,18
72,3,8,krylov,2,722350,3,0.10434288461137736,1.3333333333333333,0.04124286940184613,2.447020032036043e-16,18
72,3,8,krylov,2,722350,4,0.17170139903810108,1.7777777777777777,0.07024621665502313,2.452531126514124e-16,18
72,3,8,krylov,2,722350,5,0.24276676729104923,2.2222222222222223,0.10303922665752498,2.467881197321561e-16,18
72,3,8,krylov,2,722350,6,0.3265068049473319,2.6666666666666665,0.14479413082077705,2.4846453073527686e-16,18
72,3,8,krylov,2,722350,7,0.39439624200341367,3.111111111111111,0.1813080947204332,2.4859792761235456e-16,18
72,3,8,krylov,2,722350,8,0.454239754565451,3.5555555555555554,0.21561583492237482,4.493183116500428e-16,18
72,3,8,krylov,2,722350,9,0.5112610421354477,4.0,0.2502721957361218,4.495041591819031e-16,18
72,3,8,krylov,2,722350,10,0.589037008512522,4.444444444444445,0.3008445097907102,4.541020300450067e-16,18
72,3,8,krylov,2,722350,11,0.6641566585117398,4.888888888888889,0.35356925366149455,4.5788608579634e-16,18
72,3,8,krylov,2,722350,12,0.7601622691191912,5.333333333333333,0.42698370931837165,4.582390012396291e-16,18
72,3,8,krylov,2,722350,13,0.8371992105578284,5.777777777777778,0.4912081490294008,4.582424093743837e-16,18
72,3,8,krylov,2,722350,14,0.8842354429039312,6.222222222222222,0.5329247210886487,5.853541075679389e-16,18
72,3,8,krylov,2,722350,15,0.9248229515450016,6.666666666666667,0.5705331776257674,5.853700070239154e-16,18
72,3,8,krylov,2,722350,16,0.971063033793359,7.111111111111111,0.6152813154300875,5.860716646603918e-16,18
72,3,8,krylov,2,722350,17,1.011400048415954,7.555555555555555,0.6560428805625598,5.861571944003608e-16,18
72,3,8,krylov,2,722350,18,1.0445560155453981,8.0,0.690801142168515,5.861944277403133e-16,18
72,3,8,krylov,3,722351,0,0.0,0.0,0.0,0.0,18
72,3,8,krylov,3,722351,1,0.13206486736854667,0.4444444444444444,0.05294337838573058,0.0,18
72,3,8,krylov,3,722351,2,0.27295047202825795,0.8888888888888888,0.11768818935826011,2.2294566903743394e-16,18
72,3,8,krylov,3,722351,3,0.3880274750333651,1.3333333333333333,0.17777635644825257,2.2307491374684066e-16,18
72,3,8,krylov,3,722351,4,0.4798356935298278,1.7777777777777777,0.23092833469702834,2.4857817055876973e-16,18
72,3,8,krylov,3,722351,5,0.548326143238098,2.2222222222222223,0.27388283525258683,2.4941832031362154e-16,18
72,3,8,krylov,3,722351,6,0.6049897222610829,2.6666666666666665,0.3117125204438991,2.508246002234922e-16,18
72,3,8,krylov,3,722351,7,0.6409486935218254,3.111111111111111,0.3368553420503064,2.514552359432948e-16,18
72,3,8,krylov,3,722351,8,0.6757671042396245,3.5555555555555554,0.36207756450255096,5.58095341943004e-16,18
72,3,8,krylov,3,722351,9,0.7161359397447893,4.0,0.392441277946379,5.58470341263421e-16,18
72,3,8,krylov,3,722351,10,0.755915288257481,4.444444444444445,0.423584922253916,5.604660556807058e-16,18
72,3,8,krylov,3,722351,11,0.8004345467623744,4.888888888888889,0.45994059009500704,5.605637792405294e-16,18
72,3,8,krylov,3,722351,12,0.84225202780842,5.333333333333333,0.49559601671866044,5.634243943381106e-16,18
72,3,8,krylov,3,722351,13,0.8932189523139235,5.777777777777778,0.5411178176432605,5.635280092374695e-16,18
72,3,8,krylov,3,722351,14,0.9546047672531046,6.222222222222222,0.5991163898054216,5.635660434109749e-16,18
72,3,8,krylov,3,722351,15,1.0025364471921485,6.666666666666667,0.6469445093582038,5.6364434821522215e-16,18
72,3,8,krylov,3,722351,16,1.0420519586898065,7.111111111111111,0.6881356541713011,5.639001470464684e-16,18
72,3,8,krylov,3,722351,17,1.0722909313223088,7.555555555555555,0.7207747839469887,5.639041959490659e-16,18
72,3,8,krylov,3,722351,18,1.103818533144808,8.0,0.7558722980819745,5.639491420377763e-16,18
72,3,8,krylov,4,722352,0,0.0,0.0,0.0,0.0,18
72,3,8,krylov,4,722352,1,0.00830864399880656,0.4444444444444444,0.0031287212160526034,0.0,18
72,3,8,krylov,4,722352,2,0.01843580132307105,0.8888888888888888,0.006977546198336948,2.2397931145959134e-16,18
72,3,8,krylov,4,722352,3,0.03020492580538749,1.3333333333333333,0.011499645868888651,2.295943741597404e-16,18
72,3,8,krylov,4,722352,4,0.0450386130321661,1.7777777777777777,0.01727559412347173,4.473477624014251e-16,18
72,3,8,krylov,4,722352,5,0.06095388557288278,2.2222222222222223,0.023568712628555945,4.503695305856009e-16,18
72,3,8,krylov,4,722352,6,0.07872298373634973,2.6666666666666665,0.030714215771916593,4.503922743667983e-16,18
72,3,8,krylov,4,722352,7,0.10733642786098584,3.111111111111111,0.042490777335019936,4.52081831764863e-16,18
72,3,8,krylov,4,722352,8,0.1422022579294568,3.5555555555555554,0.05730367120500995,6.758924897533574e-16,18
72,3,8,krylov,4,722352,9,0.1808907277732735,4.0,0.07435658735720434,6.760944370119678e-16,18
72,3,8,krylov,4,722352,10,0.23031906080900955,4.444444444444445,0.09712561647611026,6.76457092371629e-16,18
72,3,8,krylov,4,722352,11,0.28732633886410824,4.888888888888889,0.12482216483900908,6.772420243817489e-16,18
72,3,8,krylov,4,722352,12,0.34378639123936783,5.333333333333333,0.15385400839976937,6.775082598812494e-16,18
72,3,8,krylov,4,722352,13,0.39697476938106935,5.777777777777778,0.18274440135526157,6.780046568757824e-16,18
72,3,8,krylov,4,722352,14,0.4544171958282495,6.222222222222222,0.2157206438403912,6.780718399015978e-16,18
72,3,8,krylov,4,722352,15,0.525382872142153,6.666666666666667,0.25916482571193683,6.786943873602762e-16,18
72,3,8,krylov,4,722352,16,0.5853774169458517,7.111111111111111,0.29837571506777283,6.788206768144453e-16,18
72,3,8,krylov,4,722352,17,0.6651655666951168,7.555555555555555,0.35430468407216775,6.788833493588019e-16,18
72,3,8,krylov,4,722352,18,0.7446789164415795,8.0,0.41466194993961797,6.813980021672388e-16,18
72,3,8,krylov,5,722353,0,0.0,0.0,0.0,0.0,18
72,3,8,krylov,5,722353,1,0.21577639968614176,0.4444444444444444,0.0903093371784918,0.0,18
72,3,8,krylov,5,722353,2,0.3883182317219037,0.8888888888888888,0.17793710323912584,1.1102230246251565e-16,18
72,3,8,krylov,5,722353,3,0.542107451208343,1.3333333333333333,0.2698601536096896,1.1793734150748882e-16,18
72,3,8,krylov,5,722353,4,0.6586005296863823,1.7777777777777777,0.3495324539045559,2.257116578470209e-16,18
72,3,8,krylov,5,722353,5,0.7219631649015499,2.2222222222222223,0.396926386243955,2.2914826700588983e-16,18
72,3,8,krylov,5,722353,6,0.7876038094836412,2.6666666666666665,0.44929612096450067,2.3343858655941665e-16,18
72,3,8,krylov,5,722353,7,0.886176092081413,3.111111111111111,0.5346883952347181,2.3632271365092594e-16,18
72,3,8,krylov,5,722353,8,0.9812037293790987,3.5555555555555554,0.6253745464924009,5.762924625881545e-16,18
72,3,8,krylov,5,722353,9,1.0724005769434655,4.0,0.7208949374408529,5.76565967799229e-16,18
72,3,8,krylov,5,722353,10,1.139256471419066,4.444444444444445,0.7966666453573563,5.844249817661359e-16,18
72,3,8,krylov,5,722353,11,1.1829218378599093,4.888888888888889,0.8489613231389347,5.844396033103877e-16,18
72,3,8,krylov,5,722353,12,1.207546486014904,5.333333333333333,0.8794750936285964,5.849003348149227e-16,18
72,3,8,krylov,5,722353,13,1.2232281149865887,5.777777777777778,0.8993023622214994,5.849727887278729e-16,18
72,3,8,krylov,5,722353,14,1.2331264210086414,6.222222222222222,0.911978429266594,5.863894249550356e-16,18
72,3,8,krylov,5,722353,15,1.244648329255827,6.666666666666667,0.926892631687217,5.926248234453931e-16,18
72,3,8,krylov,5,722353,16,1.2529314889769716,7.111111111111111,0.9377212017700958,5.927744228079056e-16,18
72,3,8,krylov,5,722353,17,1.258231527641252,7.555555555555555,0.9446971449494317,5.990032145808997e-16,18
72,3,8,krylov,5,722353,18,1.2640895779079515,8.0,0.9524506853029203,5.990144419335833e-16,18
72,3,8,krylov,6,722354,0,0.0,0.0,0.0,0.0,18
72,3,8,krylov,6,722354,1,0.2092359569949856,0.4444444444444444,0.08727593882246752,2.220446049250313e-16,18
72,3,8,krylov,6,722354,2,0.32440180942189845,0.8888888888888888,0.14370111729913446,2.220446049250313e-16,18
72,3,8,krylov,6,722354,3,0.42577728310908863,1.3333333333333333,0.19904242749214873,2.2556486944464604e-16,18
72,3,8,krylov,6,722354,4,0.5599570071549634,1.7777777777777777,0.28147396332094565,3.3608877963103144e-16,18
72,3,8,krylov,6,722354,5,0.7003766965260454,2.2222222222222223,0.3804417840051248,3.3612513902466967e-16,18
72,3,8,krylov,6,722354,6,0.8537391533348468,2.6666666666666665,0.5056543223526083,3.3631262726145508e-16,18
72,3,8,krylov,6,722354,7,0.9681086178522627,3.111111111111111,0.6123599301442002,3.387975992688503e-16,18
72,3,8,krylov,6,722354,8,1.0498803244369237,3.5555555555555554,0.696490930319888,3.4479217943794714e-16,18
72,3,8,krylov,6,722354,9,1.1091077861729546,4.0,0.7618696144892002,3.692833881214975e-16,18
72,3,8,krylov,6,722354,10,1.14593022618284,4.444444444444445,0.8045122117870779,3.701381090198989e-16,18
72,3,8,krylov,6,722354,11,1.1905432141162742,4.888888888888889,0.8583252305110078,3.7057174648885693e-16,18
72,3,8,krylov,6,722354,12,1.2210918898232994,5.333333333333333,0.8965830709929715,3.7063321429730936e-16,18
72,3,8,krylov,6,722354,13,1.240486142596406,5.777777777777778,0.9214851727767536,3.7307999523401617e-16,18
72,3,8,krylov,6,722354,14,1.251578637351183,6.222222222222222,0.9359464854926497,3.769630473935702e-16,18
72,3,8,krylov,6,722354,15,1.2589550592534404,6.666666666666667,0.9456523330650465,3.7699437828767085e-16,18
72,3,8,krylov,6,722354,16,1.2641538425641201,7.111111111111111,0.9525359962059986,3.770610651632368e-16,18
72,3,8,krylov,6,722354,17,1.2697262469247534,7.555555555555555,0.9599542130363911,3.806061500846317e-16,18
72,3,8,krylov,6,722354,18,1.2744534490185118,8.0,0.966279750655234,4.2524401218866766e-16,18
72,3,8,krylov,7,722355,0,0.0,0.0,0.0,0.0,18
72,3,8,krylov,7,722355,1,0.09452155924346928,0.4444444444444444,0.03717482225642731,0.0,18
72,3,8,krylov,7,722355,2,0.18034747468242468,0.8888888888888888,0.0741125392981626,2.688821387764051e-17,18
72,3,8,krylov,7,722355,3,0.2573067416436218,1.3333333333333333,0.1100406818942337,3.542298922385216e-17,18
72,3,8,krylov,7,722355,4,0.3327055429245436,1.7777777777777777,0.14802620548261144,2.564331605172206e-16,18
72,3,8,krylov,7,722355,5,0.3743754179660962,2.2222222222222223,0.17028110132254595,2.56435083754811e-16,18
72,3,8,krylov,7,722355,6,0.42209899190248507,2.6666666666666665,0.19693481086903963,2.5659126937371234e-16,18
72,3,8,krylov,7,722355,7,0.47239299613315294,3.111111111111111,0.2264353342196099,2.5929619013610704e-16,18
72,3,8,krylov,7,722355,8,0.5217948741851739,3.5555555555555554,0.25689352076832267,2.734020117177124e-16,18
72,3,8,krylov,7,722355,9,0.5678532663667141,4.0,0.2866781717499005,2.8088338988521203e-16,18
72,3,8,krylov,7,722355,10,0.6100099830018765,4.444444444444445,0.3151686644637954,2.8101045875732316e-16,18
72,3,8,krylov,7,722355,11,0.6393296063493605,4.888888888888889,0.3357037187381843,2.8480295492181173e-16,18
72,3,8,krylov,7,722355,12,0.6627861765890823,5.333333333333333,0.3525714465644171,2.877047717594689e-16,18
72,3,8,krylov,7,722355,13,0.6835644607831509,5.777777777777778,0.3678472861289156,2.952288749591948e-16,18
72,3,8,krylov,7,722355,14,0.7078446662935747,6.222222222222222,0.3861045186569893,2.976400476170835e-16,18
72,3,8,krylov,7,722355,15,0.7485220558847776,6.666666666666667,0.41770256994713967,3.580787829622249e-16,18
72,3,8,krylov,7,722355,16,0.787728107237942,7.111111111111111,0.4493985854891387,3.591541513531668e-16,18
72,3,8,krylov,7,722355,17,0.8383110633739318,7.555555555555555,0.49217178060820177,4.690430806166523e-16,18
72,3,8,krylov,7,722355,18,0.8768375693472141,8.0,0.5262327923442931,4.71963405480489e-16,18
72,3,8,reply_null,0,722356,0,0.0,0.0,0.0,0.0,18
72,3,8,reply_null,0,722356,1,0.0469472310452759,0.4444444444444444,0.018025013338525575,0.0,18
72,3,8,reply_null,0,722356,2,0.12916434607330235,0.8888888888888888,0.05137716457255208,2.229086047453109e-16,18
72,3,8,reply_null,0,722356,3,0.30036507068993784,1.3333333333333333,0.12278953894798111,2.229221562193183e-16,18
72,3,8,reply_null,0,722356,4,0.6192599882549825,1.7777777777777777,0.2647843904689732,3.345524859046038e-16,18
72,3,8,reply_null,0,722356,5,0.6308211613571978,2.2222222222222223,0.27068628666472583,3.4297435021321173e-16,18
72,3,8,reply_null,0,722356,6,0.6822939888730848,2.6666666666666665,0.2959090424580504,3.45186856463738e-16,18
72,3,8,reply_null,0,722356,7,0.9414913761820262,3.111111111111111,0.4267948404355473,3.5070198899895316e-16,18
72,3,8,reply_null,0,722356,8,1.0071806194220032,3.5555555555555554,0.45712381377840927,4.506761644937719e-16,18
72,3,8,reply_null,0,722356,9,1.0443684872834753,4.0,0.477256119619227,4.506769960641713e-16,18
72,3,8,reply_null,0,722356,10,1.1445932243230914,4.444444444444445,0.5315829252534661,4.508801376257564e-16,18
72,3,8,reply_null,0,722356,11,1.1661758107515645,4.888888888888889,0.5441569533089294,4.510522882667918e-16,18
72,3,8,reply_null,0,722356,12,1.3224413455485977,5.333333333333333,0.6296171805298929,4.540767633778624e-16,18
72,3,8,reply_null,0,722356,13,1.413787183773696,5.777777777777778,0.688491486637112,4.544926150972269e-16,18
72,3,8,reply_null,0,722356,14,1.4351643842325381,6.222222222222222,0.7025025471007115,4.544959126190962e-16,18
72,3,8,reply_null,0,722356,15,1.536969489471566,6.666666666666667,0.7656972775321849,4.569739431065718e-16,18
72,3,8,reply_null,0,722356,16,1.5746383254999128,7.111111111111111,0.7874529033629901,4.573219289199424e-16,18
72,3,8,reply_null,0,722356,17,1.6122998697747843,7.555555555555555,0.8145376985042233,4.573775363039575e-16,18
72,3,8,reply_null,0,722356,18,1.6541026478034107,8.0,0.8404024594201257,4.590603093633e-16,18
72,3,8,reply_null,1,722357,0,0.0,0.0,0.0,0.0,18
72,3,8,reply_null,1,722357,1,0.08732236498376769,0.4444444444444444,0.034218151236511674,2.220446049250313e-16,18
72,3,8,reply_null,1,722357,2,0.1921396376725881,0.8888888888888888,0.07566494467557856,2.2898349882893854e-16,18
72,3,8,reply_null,1,722357,3,0.21134457008319096,1.3333333333333333,0.08353144171261202,2.29802524153929e-16,18
72,3,8,reply_null,1,722357,4,0.2995847158564664,1.7777777777777777,0.12078621696017527,2.225155555230469e-16,18
72,3,8,reply_null,1,722357,5,0.35897801972061416,2.2222222222222223,0.14601316735093486,2.225951708482208e-16,18
72,3,8,reply_null,1,722357,6,0.48939251533273026,2.6666666666666665,0.2072001916180663,2.226466044980044e-16,18
72,3,8,reply_null,1,722357,7,0.534076899754739,3.111111111111111,0.2260906936535087,2.2468522306587934e-16,18
72,3,8,reply_null,1,722357,8,0.5439534197859954,3.5555555555555554,0.2301713044780663,3.6670530031024514e-16,18
72,3,8,reply_null,1,722357,9,0.6387387420920961,4.0,0.2737158628799813,3.939031053962166e-16,18
72,3,8,reply_null,1,722357,10,0.8429306501307503,4.444444444444445,0.3783321983187218,3.939139343716817e-16,18
72,3,8,reply_null,1,722357,11,0.9356963495853856,4.888888888888889,0.42411568266796057,3.961064569926645e-16,18
72,3,8,reply_null,1,722357,12,0.9889946045169906,5.333333333333333,0.448266696636497,6.773827555302242e-16,18
72,3,8,reply_null,1,722357,13,1.1685406223283938,5.777777777777778,0.5415966684227383,6.775200452897687e-16,18
72,3,8,reply_null,1,722357,14,1.2815006575878236,6.222222222222222,0.6049026436377838,6.775221320963348e-16,18
72,3,8,reply_null,1,722357,15,1.360649650078904,6.666666666666667,0.6565096699647038,6.776311918359223e-16,18
72,3,8,reply_null,1,722357,16,1.382287356892858,7.111111111111111,0.6682388337116266,6.7776668159859e-16,18
72,3,8,reply_null,1,722357,17,1.4061489590604794,7.555555555555555,0.6816519457692692,6.784020410098169e-16,18
72,3,8,reply_null,1,722357,18,1.4681616518571925,8.0,0.7200122986341283,6.806669922192804e-16,18
72,3,8,reply_null,2,722358,0,0.0,0.0,0.0,0.0,18
72,3,8,reply_null,2,722358,1,0.09444810145375232,0.4444444444444444,0.03714454591703717,2.220446049250313e-16,18
72,3,8,reply_null,2,722358,2,0.18542850961004914,0.8888888888888888,0.07449930727040056,3.3306690738754696e-16,18
72,3,8,reply_null,2,722358,3,0.20416281492972588,1.3333333333333333,0.08160907096398885,3.3321146765000306e-16,18
72,3,8,reply_null,2,722358,4,0.21592395593960986,1.7777777777777777,0.08628605478709458,2.5709140731490887e-16,18
72,3,8,reply_null,2,722358,5,0.3601049522052613,2.2222222222222223,0.14755253575948957,2.573811556564544e-16,18
72,3,8,reply_null,2,722358,6,0.42930506773471355,2.6666666666666665,0.1803503841536026,2.7481858943396553e-16,18
72,3,8,reply_null,2,722358,7,0.4536464347004797,3.111111111111111,0.19074407842098767,2.7825827650823246e-16,18
72,3,8,reply_null,2,722358,8,0.6457503900790668,3.5555555555555554,0.2954280263682097,2.7292809025520575e-16,18
72,3,8,reply_null,2,722358,9,0.7048509944809032,4.0,0.3212489181414076,3.009889376073028e-16,18
72,3,8,reply_null,2,722358,10,0.7592400890706376,4.444444444444445,0.3499559117475612,3.061135472111628e-16,18
72,3,8,reply_null,2,722358,11,0.7868066086885208,4.888888888888889,0.36279616381015545,3.0611458029966703e-16,18
72,3,8,reply_null,2,722358,12,0.8337376914141286,5.333333333333333,0.38675180208261734,4.642765637155199e-16,18
72,3,8,reply_null,2,722358,13,0.8928788275113413,5.777777777777778,0.41183350665670826,4.642904617119437e-16,18
72,3,8,reply_null,2,722358,14,0.9327741302408188,6.222222222222222,0.4334017472335916,4.658226202874296e-16,18
72,3,8,reply_null,2,722358,15,1.1336006568404067,6.666666666666667,0.5422053344237063,4.693846729024033e-16,18
72,3,8,reply_null,2,722358,16,1.1796767522424347,7.111111111111111,0.563411449612224,4.730794579971874e-16,18
72,3,8,reply_null,2,722358,17,1.2442169744663516,7.555555555555555,0.5988798773647117,4.731348547622186e-16,18
72,3,8,reply_null,2,722358,18,1.3084390145024294,8.0,0.6379935005801635,4.74507303447663e-16,18
72,3,8,reply_null,3,722359,0,0.0,0.0,0.0,0.0,18
72,3,8,reply_null,3,722359,1,0.09334399806115858,0.4444444444444444,0.0366897468444526,0.0,18
72,3,8,reply_null,3,722359,2,0.1610634929222568,0.8888888888888888,0.06313270085716667,2.229086047453109e-16,18
72,3,8,reply_null,3,722359,3,0.21714678285934938,1.3333333333333333,0.08516524716764852,2.2620116169165063e-16,18
72,3,8,reply_null,3,722359,4,0.32009817572017735,1.7777777777777777,0.12838241110706466,2.528416230624847e-16,18
72,3,8,reply_null,3,722359,5,0.5642860382742032,2.2222222222222223,0.24126845618670606,2.5337526383919266e-16,18
72,3,8,reply_null,3,722359,6,0.5768723933074212,2.6666666666666665,0.2474909393304378,2.534772917649366e-16,18
72,3,8,reply_null,3,722359,7,0.5965099492471528,3.111111111111111,0.2564711469259149,2.5351222052322343e-16,18
72,3,8,reply_null,3,722359,8,0.6852373165928366,3.5555555555555554,0.29553718330425,4.52277524654535e-16,18
72,3,8,reply_null,3,722359,9,0.819244094865919,4.0,0.368065513040166,4.5227923562323765e-16,18
72,3,8,reply_null,3,722359,10,0.8435308654296949,4.444444444444445,0.37854587861971317,4.523177108622932e-16,18
72,3,8,reply_null,3,722359,11,0.9288863092832005,4.888888888888889,0.42084882903075266,4.527430855579465e-16,18
72,3,8,reply_null,3,722359,12,1.0032688816993989,5.333333333333333,0.46626637842578,4.528466727722349e-16,18
72,3,8,reply_null,3,722359,13,1.044732419982321,5.777777777777778,0.4849972378265617,4.543095137395817e-16,18
72,3,8,reply_null,3,722359,14,1.071569701155857,6.222222222222222,0.49776559749554716,4.566580718571905e-16,18
72,3,8,reply_null,3,722359,15,1.149951802235398,6.666666666666667,0.538005881772639,4.566770141194889e-16,18
72,3,8,reply_null,3,722359,16,1.332202571568067,7.111111111111111,0.640188960821823,4.566901819872455e-16,18
72,3,8,reply_null,3,722359,17,1.3990655197151907,7.555555555555555,0.6820917412427483,4.566943062210821e-16,18
72,3,8,reply_null,3,722359,18,1.5007040008666754,8.0,0.7407235790031687,4.582411972417728e-16,18
72,3,8,reply_null,4,722360,0,0.0,0.0,0.0,0.0,18
72,3,8,reply_null,4,722360,1,0.0441272920914615,0.4444444444444444,0.01691826800413736,0.0,18
72,3,8,reply_null,4,722360,2,0.14812285329102928,0.8888888888888888,0.059676709942602955,2.2226123401387487e-16,18
72,3,8,reply_null,4,722360,3,0.19977303131634772,1.3333333333333333,0.07958072896373918,2.224740996072438e-16,18
72,3,8,reply_null,4,722360,4,0.4474341665724182,1.7777777777777777,0.192134935873792,2.37855130406536e-16,18
72,3,8,reply_null,4,722360,5,0.7080960186172758,2.2222222222222223,0.3206773820913473,2.3937108615966333e-16,18
72,3,8,reply_null,4,722360,6,0.8073392793479186,2.6666666666666665,0.36973210569597853,2.394321523938702e-16,18
72,3,8,reply_null,4,722360,7,0.8323634891237095,3.111111111111111,0.3819479585854964,2.4078031569153887e-16,18
72,3,8,reply_null,4,722360,8,0.9053395741257211,3.5555555555555554,0.42036633514595945,4.626657443877904e-16,18
72,3,8,reply_null,4,722360,9,0.9496684568431029,4.0,0.4436633232821293,4.667368553490427e-16,18
72,3,8,reply_null,4,722360,10,0.9990495837436273,4.444444444444445,0.46727475677303787,4.66843234381029e-16,18
72,3,8,reply_null,4,722360,11,1.029590324055528,4.888888888888889,0.4811653876287974,4.769381955267664e-16,18
72,3,8,reply_null,4,722360,12,1.0877701402644098,5.333333333333333,0.5078012627358739,4.770224011887594e-16,18
72,3,8,reply_null,4,722360,13,1.1273693038594623,5.777777777777778,0.5309235617622854,4.805030551097752e-16,18
72,3,8,reply_null,4,722360,14,1.1882107202442838,6.222222222222222,0.561863019056402,4.805398408136716e-16,18
72,3,8,reply_null,4,722360,15,1.227659536973875,6.666666666666667,0.5817100854822607,4.806521419970555e-16,18
72,3,8,reply_null,4,722360,16,1.31177867916494,7.111111111111111,0.6349326309777509,4.826540404759589e-16,18
72,3,8,reply_null,4,722360,17,1.3725827642953,7.555555555555555,0.6713833393167508,4.828419252834003e-16,18
72,3,8,reply_null,4,722360,18,1.3847565403712012,8.0,0.6778404409053832,4.928326667919448e-16,18
72,3,8,reply_null,5,722361,0,0.0,0.0,0.0,0.0,18
72,3,8,reply_null,5,722361,1,0.06951755729798054,0.4444444444444444,0.02699658086358739,0.0,18
72,3,8,reply_null,5,722361,2,0.15341309609835413,0.8888888888888888,0.060362138159817016,1.0408340855860843e-17,18
72,3,8,reply_null,5,722361,3,0.156981149571496,1.3333333333333333,0.0618566110473218,2.231967603764053e-16,18
72,3,8,reply_null,5,722361,4,0.24332987742220374,1.7777777777777777,0.09575167648378106,1.362305793747865e-16,18
72,3,8,reply_null,5,722361,5,0.30861671538135865,2.2222222222222223,0.12362540624842136,1.3699439249471954e-16,18
72,3,8,reply_null,5,722361,6,0.3550548029453303,2.6666666666666665,0.14384317737330016,2.266316611942194e-16,18
72,3,8,reply_null,5,722361,7,0.6547670704243835,3.111111111111111,0.2941759155365723,2.2733066469044045e-16,18
72,3,8,reply_null,5,722361,8,0.7981482102561664,3.5555555555555554,0.36390257582788804,3.104507638789356e-16,18
72,3,8,reply_null,5,722361,9,0.8162375191578932,4.0,0.3731338280360469,3.104822817164572e-16,18
72,3,8,reply_null,5,722361,10,1.081772671467466,4.444444444444445,0.509781134604343,3.1145998932318095e-16,18
72,3,8,reply_null,5,722361,11,1.1025356945008242,4.888888888888889,0.5204516405474724,3.128452762713251e-16,18
72,3,8,reply_null,5,722361,12,1.1170574566642484,5.333333333333333,0.5289556312476221,3.1290690717299344e-16,18
72,3,8,reply_null,5,722361,13,1.2077832013329903,5.777777777777778,0.5863295786740318,3.165211687305509e-16,18
72,3,8,reply_null,5,722361,14,1.3080153138082773,6.222222222222222,0.6324718486221913,3.196628340766694e-16,18
72,3,8,reply_null,5,722361,15,1.516088698453105,6.666666666666667,0.7579270680916124,3.6016796547905887e-16,18
72,3,8,reply_null,5,722361,16,1.6025100050139502,7.111111111111111,0.8110414910984703,3.617653748104129e-16,18
72,3,8,reply_null,5,722361,17,1.6216366640367013,7.555555555555555,0.8224056331104583,3.6198311550700687e-16,18
72,3,8,reply_null,5,722361,18,1.6704979850403276,8.0,0.8525655438057698,4.929097989182173e-16,18
72,3,8,reply_null,6,722362,0,0.0,0.0,0.0,0.0,18
72,3,8,reply_null,6,722362,1,0.17294076887824716,0.4444444444444444,0.07079838348616428,2.220446049250313e-16,18
72,3,8,reply_null,6,722362,2,0.26160862126089446,0.8888888888888888,0.10836695745592712,2.226218456634662e-16,18
72,3,8,reply_null,6,722362,3,0.48590259364700294,1.3333333333333333,0.2099184682607585,2.23134057975902e-16,18
72,3,8,reply_null,6,722362,4,0.5357585332679695,1.7777777777777777,0.23091006973118147,3.4343866797587305e-16,18
72,3,8,reply_null,6,722362,5,0.719597335549146,2.2222222222222223,0.3111107040751609,3.43473836035424e-16,18
72,3,8,reply_null,6,722362,6,0.7846552890097378,2.6666666666666665,0.3458052213100251,3.4503246796615473e-16,18
72,3,8,reply_null,6,722362,7,0.8928450949217801,3.111111111111111,0.40060543977272717,3.478669492390353e-16,18
72,3,8,reply_null,6,722362,8,0.9000510155031591,3.5555555555555554,0.40393403566939623,5.626943889408087e-16,18
72,3,8,reply_null,6,722362,9,0.9233166182642643,4.0,0.4176358310491125,5.641169818876041e-16,18
72,3,8,reply_null,6,722362,10,1.0589106962119357,4.444444444444445,0.48478132830582005,5.641334831167811e-16,18
72,3,8,reply_null,6,722362,11,1.1214032230644948,4.888888888888889,0.5161431100728956,5.720661448061092e-16,18
72,3,8,reply_null,6,722362,12,1.1788446593868667,5.333333333333333,0.548409773170255,5.721759776408902e-16,18
72,3,8,reply_null,6,722362,13,1.2246656440339527,5.777777777777778,0.574137586870238,5.752345763028976e-16,18
72,3,8,reply_null,6,722362,14,1.2377069720906604,6.222222222222222,0.5807285994520008,5.791896664692216e-16,18
72,3,8,reply_null,6,722362,15,1.3435727315766217,6.666666666666667,0.643359001157141,6.190600736355041e-16,18
72,3,8,reply_null,6,722362,16,1.4434429378434426,7.111111111111111,0.7040318938161974,6.209060563365708e-16,18
72,3,8,reply_null,6,722362,17,1.4926308814685858,7.555555555555555,0.7322015570899562,6.231145775338384e-16,18
72,3,8,reply_null,6,722362,18,1.5670952848441677,8.0,0.7819147869009601,6.435175387213009e-16,18
72,3,8,reply_null,7,722363,0,0.0,0.0,0.0,0.0,18
72,3,8,reply_null,7,722363,1,0.13486243861586517,0.4444444444444444,0.05414225666838036,0.0,18
72,3,8,reply_null,7,722363,2,0.40047867508983637,0.8888888888888888,0.16987534904731025,2.229086047453109e-16,18
72,3,8,reply_null,7,722363,3,0.42834116010405654,1.3333333333333333,0.181126657549325,2.23022313827604e-16,18
72,3,8,reply_null,7,722363,4,0.4615113568122741,1.7777777777777777,0.19508445647453712,3.3622251806390673e-16,18
72,3,8,reply_null,7,722363,5,0.5553634309145172,2.2222222222222223,0.2373274892469819,3.364010986911406e-16,18
72,3,8,reply_null,7,722363,6,0.5730897963252134,2.6666666666666665,0.2449023371020738,3.368775243824251e-16,18
72,3,8,reply_null,7,722363,7,0.6995834209900378,3.111111111111111,0.29919315731440443,4.53508428935911e-16,18
72,3,8,reply_null,7,722363,8,0.739080189084675,3.5555555555555554,0.31773762460220045,3.5381330522580233e-16,18
72,3,8,reply_null,7,722363,9,0.7582841144106911,4.0,0.32707798524298193,3.5548432768633316e-16,18
72,3,8,reply_null,7,722363,10,0.9369120065408724,4.444444444444445,0.4171221612455877,3.5681673841393746e-16,18
72,3,8,reply_null,7,722363,11,0.9901082037625396,4.888888888888889,0.44575490935148715,3.5821164083320905e-16,18
72,3,8,reply_null,7,722363,12,1.2729265831457355,5.333333333333333,0.6011181292545106,4.083182199878532e-16,18
72,3,8,reply_null,7,722363,13,1.36879522538235,5.777777777777778,0.6623504808450229,6.808867044865366e-16,18
72,3,8,reply_null,7,722363,14,1.4152258826750237,6.222222222222222,0.6896624453092018,6.829529152580328e-16,18
72,3,8,reply_null,7,722363,15,1.4806569444743343,6.666666666666667,0.7277983329540407,6.829613157528813e-16,18
72,3,8,reply_null,7,722363,16,1.4839009055155281,7.111111111111111,0.729792673676736,6.835618515354085e-16,18
72,3,8,reply_null,7,722363,17,1.5148029579894597,7.555555555555555,0.7474323585179166,6.884539445818814e-16,18
72,3,8,reply_null,7,722363,18,1.5745733285129218,8.0,0.7854801008938231,6.886568183354832e-16,18
72,3,32,random,0,722364,0,0.0,0.0,0.0,0.0,18
72,3,32,random,0,722364,1,0.21267996628074032,1.7777777777777777,0.022217691543018392,0.0,18
72,3,32,random,0,722364,2,0.3370750971183601,3.5555555555555554,0.03680998564531659,2.2226123401387487e-16,18
72,3,32,random,0,722364,3,0.4936291089298303,5.333333333333333,0.05372611859499069,2.2226208104276427e-16,18
72,3,32,random,0,722364,4,0.8361948870453837,7.111111111111111,0.09708046991932627,2.828592670150262e-16,18
72,3,32,random,0,722364,5,1.4672179609362819,8.88888888888889,0.22103205740749,2.8377196577982255e-16,18
72,3,32,random,0,722364,6,2.0404835969984223,10.666666666666666,0.34842844936727596,2.839711603775947e-16,18
72,3,32,random,0,722364,7,2.1458489734034547,12.444444444444445,0.37175596507719716,2.8405827252935883e-16,18
72,3,32,random,0,722364,8,2.57453075519798,14.222222222222221,0.43565143177037147,4.491237294330732e-16,18
72,3,32,random,0,722364,9,2.751095392279503,16.0,0.4800872869047953,4.497868302236925e-16,18
72,3,32,random,0,722364,10,2.764968589472935,17.77777777777778,0.4849921628022797,4.497871937738548e-16,18
72,3,32,random,0,722364,11,3.288653227706626,19.555555555555557,0.5919011679521098,4.502506588969764e-16,18
72,3,32,random,0,722364,12,3.5640195820919836,21.333333333333332,0.714683162283753,4.615919243973079e-16,18
72,3,32,random,0,722364,13,3.5951056260864123,23.11111111111111,0.7227633089197787,4.616031067312434e-16,18
72,3,32,random,0,722364,14,3.7804730384861953,24.88888888888889,0.7946706784089883,4.616050303185028e-16,18
72,3,32,random,0,722364,15,3.9458108020690683,26.666666666666668,0.8471907995125059,4.617192205167326e-16,18
72,3,32,random,0,722364,16,3.995458266152185,28.444444444444443,0.862298173560432,4.61963917765106e-16,18
72,3,32,random,0,722364,17,4.065188208857168,30.22222222222222,0.8898994057424903,4.670688395581921e-16,18
72,3,32,random,0,722364,18,4.14992527954405,32.0,0.921850006496219,4.674109687209436e-16,18
72,3,32,random,1,722365,0,0.0,0.0,0.0,0.0,18
72,3,32,random,1,722365,1,0.6657248650367927,1.7777777777777777,0.088678174265601,0.0,18
72,3,32,random,1,722365,2,0.9073294200492301,3.5555555555555554,0.11610101787424817,1.1145430237265545e-16,18
72,3,32,random,1,722365,3,1.1812955659399806,5.333333333333333,0.15263175207613436,1.5563740700346671e-16,18
72,3,32,random,1,722365,4,1.869683682453815,7.111111111111111,0.25253563174684596,2.8700703167786075e-16,18
72,3,32,random,1,722365,5,2.085409593631215,8.88888888888889,0.2908665944458929,2.8800431247944535e-16,18
72,3,32,random,1,722365,6,2.578750421410763,10.666666666666666,0.4128948397471074,2.8909759572689745e-16,18
72,3,32,random,1,722365,7,2.8911852806773863,12.444444444444445,0.4906365404426727,2.9671122438619894e-16,18
72,3,32,random,1,722365,8,3.0199471503307582,14.222222222222221,0.5172282182851845,3.0653823801372064e-16,18
72,3,32,random,1,722365,9,3.3180001304454465,16.0,0.6079929143092958,3.1391918288501316e-16,18
72,3,32,random,1,722365,10,3.5054388302686994,17.77777777777778,0.6461457214212497,3.22646218655259e-16,18
72,3,32,random,1,722365,11,3.5896672081772487,19.555555555555557,0.671971637095818,4.585216895270047e-16,18
72,3,32,random,1,722365,12,3.781570345297018,21.333333333333332,0.724305507374141,4.610447221961293e-16,18
72,3,32,random,1,722365,13,4.101740561081749,23.11111111111111,0.8347949400434477,4.610473890303246e-16,18
72,3,32,random,1,722365,14,4.121372333562718,24.88888888888889,0.8419488042968553,4.616392709468692e-16,18
72,3,32,random,1,722365,15,4.221438211522644,26.666666666666668,0.8792576851066368,4.620586575984824e-16,18
72,3,32,random,1,722365,16,4.387695108840413,28.444444444444443,0.9498317830273293,4.646478392394027e-16,18
72,3,32,random,1,722365,17,4.457364462477055,30.22222222222222,0.978243014882008,4.765082740507153e-16,18
72,3,32,random,1,722365,18,4.541125686115871,32.0,1.0141897095942072,4.79609057407379e-16,18
72,3,32,random,2,722366,0,0.0,0.0,0.0,0.0,18
72,3,32,random,2,722366,1,0.4211703504541388,1.7777777777777777,0.04910098375817961,2.220446049250313e-16,18
72,3,32,random,2,722366,2,0.6332647374452366,3.5555555555555554,0.07679867831658095,1.3877787807814457e-17,18
72,3,32,random,2,722366,3,0.7366324441260884,5.333333333333333,0.08964231785679314,2.221466033845261e-16,18
72,3,32,random,2,722366,4,0.8526329098166618,7.111111111111111,0.10370421661196934,2.2760939663999057e-16,18
72,3,32,random,2,722366,5,1.2071177369791017,8.88888888888889,0.1522560756542007,2.292508523633222e-16,18
72,3,32,random,2,722366,6,1.3619135221023115,10.666666666666666,0.17467105216761863,2.295801152923127e-16,18
72,3,32,random,2,722366,7,1.5792514855985031,12.444444444444445,0.2125647627567646,2.2981368043244404e-16,18
72,3,32,random,2,722366,8,1.7135657550415784,14.222222222222221,0.24186362167069958,4.495685344056933e-16,18
72,3,32,random,2,722366,9,2.273967402539882,16.0,0.34781284324492256,4.497703940585898e-16,18
72,3,32,random,2,722366,10,2.547187355957243,17.77777777777778,0.39253129845250734,4.558012649469125e-16,18
72,3,32,random,2,722366,11,2.6388888109182806,19.555555555555557,0.41824973203326377,4.594946821691865e-16,18
72,3,32,random,2,722366,12,3.0612142126317963,21.333333333333332,0.5098584265856202,4.608501809877087e-16,18
72,3,32,random,2,722366,13,3.1880320871923757,23.11111111111111,0.5389407909355828,4.617736419673783e-16,18
72,3,32,random,2,722366,14,3.237879088785493,24.88888888888889,0.5508216695567049,4.618078909305221e-16,18
72,3,32,random,2,722366,15,3.3291196697783683,26.666666666666668,0.5768475449691248,4.623507326026707e-16,18
72,3,32,random,2,722366,16,3.3495347344101827,28.444444444444443,0.5820093659378321,4.62761787152514e-16,18
72,3,32,random,2,722366,17,3.6363531471998654,30.22222222222222,0.6746136553569706,4.627628919044475e-16,18
72,3,32,random,2,722366,18,3.7408913664057044,32.0,0.7079858169193098,4.639361695076831e-16,18
72,3,32,random,3,722367,0,0.0,0.0,0.0,0.0,18
72,3,32,random,3,722367,1,0.41209692691089217,1.7777777777777777,0.04781069878210893,2.220446049250313e-16,18
72,3,32,random,3,722367,2,0.6245914394600461,3.5555555555555554,0.0810704487211489,2.2859680752495526e-16,18
72,3,32,random,3,722367,3,0.9452643534802547,5.333333333333333,0.12079579019050338,2.285995881451887e-16,18
72,3,32,random,3,722367,4,1.1359075508387275,7.111111111111111,0.14928497316980077,2.3957628452682715e-16,18
72,3,32,random,3,722367,5,1.2681895989289442,8.88888888888889,0.16823946288528066,2.4090458276830667e-16,18
72,3,32,random,3,722367,6,1.3616359414326002,10.666666666666666,0.18710253519458006,2.417416101086115e-16,18
72,3,32,random,3,722367,7,1.9855493408615603,12.444444444444445,0.282366983741199,2.5687796168062587e-16,18
72,3,32,random,3,722367,8,2.046711187656336,14.222222222222221,0.2910522021182757,4.590847248408573e-16,18
72,3,32,random,3,722367,9,2.149193998692951,16.0,0.31096416488030404,4.590940683382688e-16,18
72,3,32,random,3,722367,10,2.273623065911284,17.77777777777778,0.33844236878419925,4.641674984344811e-16,18
72,3,32,random,3,722367,11,2.6528877802062123,19.555555555555557,0.4042400119529432,4.646459912826767e-16,18
72,3,32,random,3,722367,12,2.744705562155591,21.333333333333332,0.42306462741131673,4.900519049153056e-16,18
72,3,32,random,3,722367,13,2.900078461422273,23.11111111111111,0.4642793397825484,5.111527064665116e-16,18
72,3,32,random,3,722367,14,3.109579801644041,24.88888888888889,0.5250939611890312,5.142015076637166e-16,18
72,3,32,random,3,722367,15,3.2797013558354164,26.666666666666668,0.5724605623557415,5.142030947910461e-16,18
72,3,32,random,3,722367,16,3.503763945585714,28.444444444444443,0.6542458672170126,5.144219060345599e-16,18
72,3,32,random,3,722367,17,3.833029245198004,30.22222222222222,0.779416342299766,5.195956350122674e-16,18
72,3,32,random,3,722367,18,4.010831202713067,32.0,0.8359478606977258,5.197299957181703e-16,18
72,3,32,random,4,722368,0,0.0,0.0,0.0,0.0,18
72,3,32,random,4,722368,1,0.2006085340977744,1.7777777777777777,0.02082621089837089,0.0,18
72,3,32,random,4,722368,2,0.2805059115439754,3.5555555555555554,0.028764621371046486,2.2397931145959134e-16,18
72,3,32,random,4,722368,3,0.6864194072783495,5.333333333333333,0.07954691132325074,2.2490777731867573e-16,18
72,3,32,random,4,722368,4,1.0532419839472618,7.111111111111111,0.1256812513359805,3.3644478282150433e-16,18
72,3,32,random,4,722368,5,1.2138641907766474,8.88888888888889,0.151610016694238,3.3646584198372903e-16,18
72,3,32,random,4,722368,6,1.3968540131408451,10.666666666666666,0.18499129140966816,3.364816533083038e-16,18
72,3,32,random,4,722368,7,1.8131517294556931,12.444444444444445,0.2525415176626312,3.460315097067505e-16,18
72,3,32,random,4,722368,8,2.0283226248580233,14.222222222222221,0.3072965065406363,5.610896758366552e-16,18
72,3,32,random,4,722368,9,2.3985358141267916,16.0,0.37013182863093025,6.845180310674819e-16,18
72,3,32,random,4,722368,10,2.7361736364607947,17.77777777777778,0.43074803463521827,6.858085173155414e-16,18
72,3,32,random,4,722368,11,2.7766851265067816,19.555555555555557,0.43960514144276386,6.881760602588319e-16,18
72,3,32,random,4,722368,12,2.9685856857431743,21.333333333333332,0.48867358744705625,6.883030301086692e-16,18
72,3,32,random,4,722368,13,3.2267180611086648,23.11111111111111,0.5668884621545818,6.890741748973549e-16,18
72,3,32,random,4,722368,14,3.270641220639668,24.88888888888889,0.5799495358542641,6.89108953490385e-16,18
72,3,32,random,4,722368,15,3.5142736563548995,26.666666666666668,0.6562585206841735,6.957042434684499e-16,18
72,3,32,random,4,722368,16,3.569058545774932,28.444444444444443,0.6725618046271858,6.957934363343364e-16,18
72,3,32,random,4,722368,17,3.6114231248910125,30.22222222222222,0.686145826250465,6.959010317034437e-16,18
72,3,32,random,4,722368,18,3.659828298798603,32.0,0.7007528629768651,6.959183193093117e-16,18
72,3,32,random,5,722369,0,0.0,0.0,0.0,0.0,18
72,3,32,random,5,722369,1,0.8845006722849018,1.7777777777777777,0.1332913903344835,2.220446049250313e-16,18
72,3,32,random,5,722369,2,1.3441370994477395,3.5555555555555554,0.1920732834472664,1.2097254539806122e-16,18
72,3,32,random,5,722369,3,1.5969673872612191,5.333333333333333,0.22448484315502615,2.4655970544992244e-16,18
72,3,32,random,5,722369,4,1.8086469502926197,7.111111111111111,0.2725864073944823,1.4296050311283443e-16,18
72,3,32,random,5,722369,5,2.076171964207636,8.88888888888889,0.32071104178887205,1.4413111959834978e-16,18
72,3,32,random,5,722369,6,2.598898706895845,10.666666666666666,0.43190718209616347,2.300229682622368e-16,18
72,3,32,random,5,722369,7,2.806468889279741,12.444444444444445,0.47411552509041804,2.30027732374513e-16,18
72,3,32,random,5,722369,8,2.865425537510394,14.222222222222221,0.488079885210077,4.565614345557038e-16,18
72,3,32,random,5,722369,9,3.1288448904731054,16.0,0.5563202391651954,4.767363152521905e-16,18
72,3,32,random,5,722369,10,3.351586213791164,17.77777777777778,0.6097214081401654,4.939555889953112e-16,18
72,3,32,random,5,722369,11,3.5714166008282557,19.555555555555557,0.6584934847924088,4.956514705145399e-16,18
72,3,32,random,5,722369,12,3.692450702211722,21.333333333333332,0.6987819261679065,4.956522640123678e-16,18
72,3,32,random,5,722369,13,3.8270542951791082,23.11111111111111,0.7417225326978494,5.022867408292316e-16,18
72,3,32,random,5,722369,14,3.9128275980914795,24.88888888888889,0.7730898588472925,5.03943804913014e-16,18
72,3,32,random,5,722369,15,3.9783673493726046,26.666666666666668,0.798228870755718,5.061252009291629e-16,18
72,3,32,random,5,722369,16,4.17106792978565,28.444444444444443,0.8786390985690765,5.065050741217265e-16,18
72,3,32,random,5,722369,17,4.30437072976566,30.22222222222222,0.9349807052364262,5.091739091371064e-16,18
72,3,32,random,5,722369,18,4.446301740435066,32.0,0.9866709171861591,5.103666367193973e-16,18
72,3,32,random,6,722370,0,0.0,0.0,0.0,0.0,18
72,3,32,random,6,722370,1,0.5326381191226159,1.7777777777777777,0.06594564484110702,2.220446049250313e-16,18
72,3,32,random,6,722370,2,0.5884670469202363,3.5555555555555554,0.07439422598287435,2.2226123401387487e-16,18
72,3,32,random,6,722370,3,1.4509216281447996,5.333333333333333,0.20624434055052465,2.2573406392307577e-16,18
72,3,32,random,6,722370,4,1.5355650069797362,7.111111111111111,0.22550983962177315,2.3385586397286363e-16,18
72,3,32,random,6,722370,5,2.1480632603012175,8.88888888888889,0.3296108399726519,2.3428792410411767e-16,18
72,3,32,random,6,722370,6,2.620225811958951,10.666666666666666,0.4345013934661231,2.343111324532998e-16,18
72,3,32,random,6,722370,7,2.818188473741765,12.444444444444445,0.4788526430408988,2.631260916361816e-16,18
72,3,32,random,6,722370,8,3.254506627871744,14.222222222222221,0.5743479949148536,4.581239830002104e-16,18
72,3,32,random,6,722370,9,3.2996989334321296,16.0,0.589101930597211,4.593992720249851e-16,18
72,3,32,random,6,722370,10,3.560450065900465,17.77777777777778,0.6715426929596459,4.594155563397943e-16,18
72,3,32,random,6,722370,11,3.7003643549469065,19.555555555555557,0.7188591587589512,4.604397704300491e-16,18
72,3,32,random,6,722370,12,3.8345040710025318,21.333333333333332,0.757201810946569,4.62414970206757e-16,18
72,3,32,random,6,722370,13,3.875656743005731,23.11111111111111,0.7739899662154053,4.627086310283021e-16,18
72,3,32,random,6,722370,14,4.095855143472269,24.88888888888889,0.8397864051849727,4.6298889629376675e-16,18
72,3,32,random,6,722370,15,4.178302236720001,26.666666666666668,0.8725882225072669,4.641137974257253e-16,18
72,3,32,random,6,722370,16,4.359785794721819,28.444444444444443,0.955913712921445,4.65323995623573e-16,18
72,3,32,random,6,722370,17,4.392003200902127,30.22222222222222,0.9663115360348834,4.677406239564175e-16,18
72,3,32,random,6,722370,18,4.490404351472598,32.0,1.011494051082949,4.678800615758517e-16,18
72,3,32,random,7,722371,0,0.0,0.0,0.0,0.0,18
72,3,32,random,7,722371,1,0.36733379805137056,1.7777777777777777,0.04161373152650615,3.3306690738754696e-16,18
72,3,32,random,7,722371,2,0.6619870746827277,3.5555555555555554,0.07604038455937849,2.2226123401387487e-16,18
72,3,32,random,7,722371,3,1.285581910254518,5.333333333333333,0.15863693153488795,2.2305210280218575e-16,18
72,3,32,random,7,722371,4,1.4678921919455015,7.111111111111111,0.18714654015226034,2.4328330114780177e-16,18
72,3,32,random,7,722371,5,1.5346665979011842,8.88888888888889,0.19974826868677842,2.4680103521684484e-16,18
72,3,32,random,7,722371,6,1.8022228141862298,10.666666666666666,0.24323494208385799,2.485799754597536e-16,18
72,3,32,random,7,722371,7,1.9208791035577237,12.444444444444445,0.26140118935661816,2.5016022656626826e-16,18
72,3,32,random,7,722371,8,2.0956870962901606,14.222222222222221,0.28758458180971275,3.4029860237838283e-16,18
72,3,32,random,7,722371,9,2.2686596720581664,16.0,0.3235871402996314,3.4079844156394674e-16,18
72,3,32,random,7,722371,10,2.3613559183443864,17.77777777777778,0.3421075808542772,3.5434795712660916e-16,18
72,3,32,random,7,722371,11,2.7879535849057993,19.555555555555557,0.4405427120936816,3.551353230441985e-16,18
72,3,32,random,7,722371,12,3.153508254930851,21.333333333333332,0.5305643573278684,4.659384071003897e-16,18
72,3,32,random,7,722371,13,3.162415117617706,23.11111111111111,0.5331383777823109,4.662738473095964e-16,18
72,3,32,random,7,722371,14,3.1886758102251553,24.88888888888889,0.5410092130437723,4.751482803643498e-16,18
72,3,32,random,7,722371,15,3.247494525514508,26.666666666666668,0.5571173419376135,4.764051789176906e-16,18
72,3,32,random,7,722371,16,3.3954321657913917,28.444444444444443,0.5973917330329395,4.769597119087891e-16,18
72,3,32,random,7,722371,17,3.4166198884482,30.22222222222222,0.6030200914617273,6.803490656025953e-16,18
72,3,32,random,7,722371,18,3.4713596173943606,32.0,0.6189128123373748,6.810694894279146e-16,18
72,3,32,krylov,0,722372,0,0.0,0.0,0.0,0.0,18
72,3,32,krylov,0,722372,1,0.0899734400976493,1.7777777777777777,0.008826114649594461,1.1102230246251565e-16,18
72,3,32,krylov,0,722372,2,0.2702716023904119,3.5555555555555554,0.029092527049727996,1.112657142809538e-16,18
72,3,32,krylov,0,722372,3,0.500132435841028,5.333333333333333,0.060838090776331955,1.140068574001144e-16,18
72,3,32,krylov,0,722372,4,0.7278846086918555,7.111111111111111,0.1003777162302758,2.283394088218481e-16,18
72,3,32,krylov,0,722372,5,0.968005347627614,8.88888888888889,0.15306449263179803,2.298272857678247e-16,18
72,3,32,krylov,0,722372,6,1.3835349494484817,10.666666666666666,0.28021664700207605,2.390234335427129e-16,18
72,3,32,krylov,0,722372,7,1.6477240399495123,12.444444444444445,0.39329460233874275,2.579604386043501e-16,18
72,3,32,krylov,0,722372,8,1.9238375324487986,14.222222222222221,0.5481735382508389,4.568056526024043e-16,18
72,3,32,krylov,0,722372,9,2.135507520074696,16.0,0.6995005984771363,4.568136821753067e-16,18
72,3,32,krylov,0,722372,10,2.2214560245439796,17.77777777777778,0.7706950059516758,4.685105238503333e-16,18
72,3,32,krylov,0,722372,11,2.3017701494063996,19.555555555555557,0.8429863016143992,4.685222897638732e-16,18
72,3,32,krylov,0,722372,12,2.360789002404925,21.333333333333332,0.8999354096280284,4.704826967574163e-16,18
72,3,32,krylov,0,722372,13,2.3934735483746277,23.11111111111111,0.9329501631634133,4.740764304646629e-16,18
72,3,32,krylov,0,722372,14,2.4181813129547685,24.88888888888889,0.9586336128274292,4.796410912197055e-16,18
72,3,32,krylov,0,722372,15,2.436206517093789,26.666666666666668,0.9777750380659012,7.863413514685506e-16,18
72,3,32,krylov,0,722372,16,2.4464673429882686,28.444444444444443,0.9888263708628926,7.876547624154406e-16,18
72,3,32,krylov,0,722372,17,2.4505918024889737,30.22222222222222,0.9933006338765341,7.880411169332662e-16,18
72,3,32,krylov,0,722372,18,2.453554089516503,32.0,0.9965255640937383,7.890144609961813e-16,18
72,3,32,krylov,1,722373,0,0.0,0.0,0.0,0.0,18
72,3,32,krylov,1,722373,1,0.7761413757221782,1.7777777777777777,0.1099754065064286,0.0,18
72,3,32,krylov,1,722373,2,1.2591470944964924,3.5555555555555554,0.23647649230239356,2.2397931145959134e-16,18
72,3,32,krylov,1,722373,3,1.654971637689771,5.333333333333333,0.39683732831687313,2.279563621873873e-16,18
72,3,32,krylov,1,722373,4,1.9118691397410263,7.111111111111111,0.5405365377290224,4.512907251457048e-16,18
72,3,32,krylov,1,722373,5,2.022883142495954,8.88888888888889,0.6150084712464484,4.513442968022057e-16,18
72,3,32,krylov,1,722373,6,2.134159299879709,10.666666666666666,0.698431842621588,4.523552683442936e-16,18
72,3,32,krylov,1,722373,7,2.238601314123378,12.444444444444445,0.7856439517073893,4.553180626835218e-16,18
72,3,32,krylov,1,722373,8,2.30254646006832,14.222222222222221,0.8437137823317346,2.802201114664858e-16,18
72,3,32,krylov,1,722373,9,2.373997841188177,16.0,0.9131479087888065,4.632352026658022e-16,18
72,3,32,krylov,1,722373,10,2.411773142913746,17.77777777777778,0.9519113214850625,4.642745273411007e-16,18
72,3,32,krylov,1,722373,11,2.427677312399405,19.555555555555557,0.9686746464017675,4.645975283468215e-16,18
72,3,32,krylov,1,722373,12,2.4375571832705507,21.333333333333332,0.9792232885236559,4.660305931784317e-16,18
72,3,32,krylov,1,722373,13,2.443672101729036,23.11111111111111,0.9858045340737843,4.709180230704178e-16,18
72,3,32,krylov,1,722373,14,2.4486368413110275,24.88888888888889,0.9911775680206807,4.709197917254241e-16,18
72,3,32,krylov,1,722373,15,2.4515331237659033,26.666666666666668,0.9943243795284906,4.818154416051656e-16,18
72,3,32,krylov,1,722373,16,2.45372439320328,28.444444444444443,0.9967112578536255,4.81974218255959e-16,18
72,3,32,krylov,1,722373,17,2.455174689361345,30.22222222222222,0.9982938969967393,4.81989008913696e-16,18
72,3,32,krylov,1,722373,18,2.455930863131071,32.0,0.9991199842404271,4.950411798073084e-16,18
72,3,32,krylov,2,722374,0,0.0,0.0,0.0,0.0,18
72,3,32,krylov,2,722374,1,0.10509146649328259,1.7777777777777777,0.010388644481868462,0.0,18
72,3,32,krylov,2,722374,2,0.22992925598247568,3.5555555555555554,0.024235403874160604,1.3877787807814457e-17,18
72,3,32,krylov,2,722374,3,0.3726040739578707,5.333333333333333,0.04232901896482065,2.246816706070681e-16,18
72,3,32,krylov,2,722374,4,0.5632757480892358,7.111111111111111,0.0709140623884115,2.26354877751708e-16,18
72,3,32,krylov,2,722374,5,0.7946067763159655,8.88888888888889,0.1137722247504953,2.292897316236376e-16,18
72,3,32,krylov,2,722374,6,1.002947419096635,10.666666666666666,0.1618411465383654,2.2980818786578234e-16,18
72,3,32,krylov,2,722374,7,1.3091951318715234,12.444444444444445,0.25342424355392307,2.309389264675935e-16,18
72,3,32,krylov,2,722374,8,1.5481043781087707,14.222222222222221,0.3471138259015635,4.578454767859432e-16,18
72,3,32,krylov,2,722374,9,1.7885158891148585,16.0,0.46692844196805255,4.586699474188793e-16,18
72,3,32,krylov,2,722374,10,1.993974564925864,17.77777777777778,0.5948125954871691,4.586718729002052e-16,18
72,3,32,krylov,2,722374,11,2.1615082318136913,19.555555555555557,0.7203961510775082,9.03423045159025e-16,18
72,3,32,krylov,2,722374,12,2.283944966949325,21.333333333333332,0.826436743766498,9.03831682601486e-16,18
72,3,32,krylov,2,722374,13,2.3490704588890337,23.11111111111111,0.8883588267378839,9.042821967906304e-16,18
72,3,32,krylov,2,722374,14,2.394278811791256,24.88888888888889,0.9337772602154587,9.05028711847556e-16,18
72,3,32,krylov,2,722374,15,2.4196214909570903,26.666666666666668,0.9601503244618403,9.052834180706947e-16,18
72,3,32,krylov,2,722374,16,2.4377926623781905,28.444444444444443,0.979475981066898,9.053804285185784e-16,18
72,3,32,krylov,2,722374,17,2.4469795531240366,30.22222222222222,0.9893810194889888,9.054265956705553e-16,18
72,3,32,krylov,2,722374,18,2.4514662006669874,32.0,0.994251564655687,9.055571360862045e-16,18
72,3,32,krylov,3,722375,0,0.0,0.0,0.0,0.0,18
72,3,32,krylov,3,722375,1,0.2464753116696681,1.7777777777777777,0.02620383693014246,0.0,18
72,3,32,krylov,3,722375,2,0.5526470699140537,3.5555555555555554,0.06917316914811529,2.256202262814098e-16,18
72,3,32,krylov,3,722375,3,0.8735094389666075,5.333333333333333,0.1308095894515869,2.2572155885769733e-16,18
72,3,32,krylov,3,722375,4,1.0399893624638124,7.111111111111111,0.17148627361999308,2.275121934696706e-16,18
72,3,32,krylov,3,722375,5,1.2711491899546037,8.88888888888889,0.24046378223894677,2.2814295796177714e-16,18
72,3,32,krylov,3,722375,6,1.5089482327518937,10.666666666666666,0.3301848965637663,2.2866144596924967e-16,18
72,3,32,krylov,3,722375,7,1.7736410264028386,12.444444444444445,0.45865014899236595,2.7654396898819525e-16,18
72,3,32,krylov,3,722375,8,1.973069494549226,14.222222222222221,0.5805675614680871,6.712232813841498e-16,18
72,3,32,krylov,3,722375,9,2.140994091524203,16.0,0.7038647858281777,6.712330607819579e-16,18
72,3,32,krylov,3,722375,10,2.2374593349555436,17.77777777777778,0.7846402753320518,6.725957273951963e-16,18
72,3,32,krylov,3,722375,11,2.3167304079058866,19.555555555555557,0.8571054686945968,6.735701470573689e-16,18
72,3,32,krylov,3,722375,12,2.369369124428888,21.333333333333332,0.9084980333436741,6.744450052857201e-16,18
72,3,32,krylov,3,722375,13,2.4035721064487436,23.11111111111111,0.943370882948422,6.744638298055006e-16,18
72,3,32,krylov,3,722375,14,2.4265569778037643,24.88888888888889,0.9674850418171557,6.744736557027153e-16,18
72,3,32,krylov,3,722375,15,2.437369943777181,26.666666666666668,0.9790224043560276,6.750900451658289e-16,18
72,3,32,krylov,3,722375,16,2.4435508333359954,28.444444444444443,0.9856736261678927,6.758897473964038e-16,18
72,3,32,krylov,3,722375,17,2.4482826798113697,30.22222222222222,0.9907933964795729,6.768845545873991e-16,18
72,3,32,krylov,3,722375,18,2.4511032299890054,32.0,0.9938567236523086,7.097764726587736e-16,18
72,3,32,krylov,4,722376,0,0.0,0.0,0.0,0.0,18
72,3,32,krylov,4,722376,1,0.4428976656450984,1.7777777777777777,0.052238715919028976,0.0,18
72,3,32,krylov,4,722376,2,0.8035015049690635,3.5555555555555554,0.11562631220753994,2.220988018052242e-16,18
72,3,32,krylov,4,722376,3,1.1677222463657746,5.333333333333333,0.20762457045502716,2.2724877535296173e-16,18
72,3,32,krylov,4,722376,4,1.4231793000550037,7.111111111111111,0.2953401111160962,4.457793399826037e-16,18
72,3,32,krylov,4,722376,5,1.691627851060484,8.88888888888889,0.41515406221693585,4.487480957526062e-16,18
72,3,32,krylov,4,722376,6,1.9229860616191654,10.666666666666666,0.5476271917152409,4.488565677940134e-16,18
72,3,32,krylov,4,722376,7,2.0714092265937767,12.444444444444445,0.6502498933187442,4.488721180455496e-16,18
72,3,32,krylov,4,722376,8,2.1921695177039533,14.222222222222221,0.7457455557297222,6.74233853968233e-16,18
72,3,32,krylov,4,722376,9,2.264885173794924,16.0,0.8090642586668209,6.755440418847153e-16,18
72,3,32,krylov,4,722376,10,2.333553429801228,17.77777777777778,0.8732370415117332,6.769385951271015e-16,18
72,3,32,krylov,4,722376,11,2.3769091130240207,19.555555555555557,0.9160835334395083,6.769515218023931e-16,18
72,3,32,krylov,4,722376,12,2.400839111634602,21.333333333333332,0.9405403066906637,6.778238523143837e-16,18
72,3,32,krylov,4,722376,13,2.4136836613773713,23.11111111111111,0.9539109863365247,6.803414067406778e-16,18
72,3,32,krylov,4,722376,14,2.428199352292487,24.88888888888889,0.9692294192447616,6.805002306134089e-16,18
72,3,32,krylov,4,722376,15,2.437975965855405,26.666666666666668,0.9796727251524497,6.810988514406428e-16,18
72,3,32,krylov,4,722376,16,2.4450204227389807,28.444444444444443,0.9872611018732761,6.812256797602463e-16,18
72,3,32,krylov,4,722376,17,2.449229035863502,30.22222222222222,0.9918202464928565,6.814952460684427e-16,18
72,3,32,krylov,4,722376,18,2.4527321039116687,32.0,0.9956297415018306,6.816840140094964e-16,18
72,3,32,krylov,5,722377,0,0.0,0.0,0.0,0.0,18
72,3,32,krylov,5,722377,1,0.028758274120612687,1.7777777777777777,0.0027352299358786936,1.1102230246251565e-16,18
72,3,32,krylov,5,722377,2,0.07296235667407487,3.5555555555555554,0.007095941587654772,2.498001805406602e-16,18
72,3,32,krylov,5,722377,3,0.1365085906287084,5.333333333333333,0.013712317956386591,2.5002467998167813e-16,18
72,3,32,krylov,5,722377,4,0.21366658145094608,7.111111111111111,0.022332163487341163,2.3191320640252115e-16,18
72,3,32,krylov,5,722377,5,0.3050372982232642,8.88888888888889,0.033438337842386576,2.602569921541022e-16,18
72,3,32,krylov,5,722377,6,0.42583725520826504,10.666666666666666,0.049769213763469496,2.6065128134255766e-16,18
72,3,32,krylov,5,722377,7,0.5389204646030464,12.444444444444445,0.06695206608659449,2.6819156728867613e-16,18
72,3,32,krylov,5,722377,8,0.692247711924511,14.222222222222221,0.0935814254559789,4.228352157158702e-16,18
72,3,32,krylov,5,722377,9,0.8862589270062898,16.0,0.13369093808141358,4.2284237111682613e-16,18
72,3,32,krylov,5,722377,10,1.1266423176595166,17.77777777777778,0.19549497184788908,4.443006278095384e-16,18
72,3,32,krylov,5,722377,11,1.3939491932126136,19.555555555555557,0.28413157695782276,4.8754181281891e-16,18
72,3,32,krylov,5,722377,12,1.623386450030656,21.333333333333332,0.3815841901581108,4.880344907297857e-16,18
72,3,32,krylov,5,722377,13,1.817319684920931,23.11111111111111,0.48331294447598594,4.921683452395232e-16,18
72,3,32,krylov,5,722377,14,2.0247847916953017,24.88888888888889,0.6163575635694359,4.921998295736743e-16,18
72,3,32,krylov,5,722377,15,2.1642020149780334,26.666666666666668,0.7225922408394218,5.810250693298389e-16,18
72,3,32,krylov,5,722377,16,2.2518462437555407,28.444444444444443,0.7973689396294312,6.797649064594341e-16,18
72,3,32,krylov,5,722377,17,2.314199342663264,30.22222222222222,0.8547018346275459,6.802900821355077e-16,18
72,3,32,krylov,5,722377,18,2.3569183835606333,32.0,0.8960966661053048,6.810889094506041e-16,18
72,3,32,krylov,6,722378,0,0.0,0.0,0.0,0.0,18
72,3,32,krylov,6,722378,1,0.3011527643019498,1.7777777777777777,0.03294522879911313,0.0,18
72,3,32,krylov,6,722378,2,0.5504823163726886,3.5555555555555554,0.06882086210726922,1.1113061700693746e-16,18
72,3,32,krylov,6,722378,3,0.8137995768689356,5.333333333333333,0.11779362494232541,1.1283582277511163e-16,18
72,3,32,krylov,6,722378,4,1.1549066064822262,7.111111111111111,0.20378690607723574,2.269310411116501e-16,18
72,3,32,krylov,6,722378,5,1.3926268116858362,8.88888888888889,0.28363220359497004,2.284530379668226e-16,18
72,3,32,krylov,6,722378,6,1.640364594269045,10.666666666666666,0.3897233812661398,2.3124260538690665e-16,18
72,3,32,krylov,6,722378,7,1.8733803308475745,12.444444444444445,0.5165874468056925,2.395608587232687e-16,18
72,3,32,krylov,6,722378,8,2.043296508898042,14.222222222222221,0.6296252993721041,8.955142361570395e-16,18
72,3,32,krylov,6,722378,9,2.161487721275566,16.0,0.720379452673083,8.955986080205059e-16,18
72,3,32,krylov,6,722378,10,2.2555829956701263,17.77777777777778,0.800705059277016,8.968205714660624e-16,18
72,3,32,krylov,6,722378,11,2.3382358793877103,19.555555555555557,0.8777755269066084,8.968520407999931e-16,18
72,3,32,krylov,6,722378,12,2.382601250054568,21.333333333333332,0.921848034891631,8.974669698314292e-16,18
72,3,32,krylov,6,722378,13,2.4116972124772027,23.11111111111111,0.9518319269787151,8.984753004156808e-16,18
72,3,32,krylov,6,722378,14,2.430632212507219,24.88888888888889,0.9718186479215416,8.988167117994569e-16,18
72,3,32,krylov,6,722378,15,2.4413617976304853,26.666666666666668,0.9833133136555511,9.002920777018158e-16,18
72,3,32,krylov,6,722378,16,2.44767443583186,28.444444444444443,0.9901339300667146,9.009994244525674e-16,18
72,3,32,krylov,6,722378,17,2.4513188887586304,30.22222222222222,0.9940913008735741,9.016162210654643e-16,18
72,3,32,krylov,6,722378,18,2.4535194950254064,32.0,0.9964878472178471,9.057979690485677e-16,18
72,3,32,krylov,7,722379,0,0.0,0.0,0.0,0.0,18
72,3,32,krylov,7,722379,1,0.13818258478162615,1.7777777777777777,0.013892359900842066,3.3306690738754696e-16,18
72,3,32,krylov,7,722379,2,0.26751901412002727,3.5555555555555554,0.028754857097045214,4.443782050518406e-16,18
72,3,32,krylov,7,722379,3,0.40056458330822453,5.333333333333333,0.046187549509864256,4.448509791467426e-16,18
72,3,32,krylov,7,722379,4,0.5293249145068526,7.111111111111111,0.06541741604176178,5.581643170679798e-16,18
72,3,32,krylov,7,722379,5,0.7267516591732819,8.88888888888889,0.10015790386929724,5.603590425656112e-16,18
72,3,32,krylov,7,722379,6,1.039079406498687,10.666666666666666,0.1712450300677957,5.606651122696119e-16,18
72,3,32,krylov,7,722379,7,1.3275214016012755,12.444444444444445,0.25984530977049175,5.614460116082971e-16,18
72,3,32,krylov,7,722379,8,1.5581581914832596,14.222222222222221,0.35156854446205693,7.868110190152716e-16,18
72,3,32,krylov,7,722379,9,1.7066648838023397,16.0,0.4228642934819476,7.879925102156318e-16,18
72,3,32,krylov,7,722379,10,1.8946171206469342,17.77777777777778,0.5296876658214114,7.883463652564802e-16,18
72,3,32,krylov,7,722379,11,2.0024999705953204,19.555555555555557,0.6007079654452472,7.883655583652748e-16,18
72,3,32,krylov,7,722379,12,2.1104703079004827,21.333333333333332,0.6798863821896755,7.896256964867324e-16,18
72,3,32,krylov,7,722379,13,2.1984189551784916,23.11111111111111,0.7510083583649917,7.902685789009147e-16,18
72,3,32,krylov,7,722379,14,2.2693991721416324,24.88888888888889,0.8131487725467139,7.902918599003733e-16,18
72,3,32,krylov,7,722379,15,2.3102436344896127,26.666666666666668,0.8509574466885456,7.91289469304136e-16,18
72,3,32,krylov,7,722379,16,2.341512099527502,28.444444444444443,0.8809636780950486,7.9185699027659205e-16,18
72,3,32,krylov,7,722379,17,2.3775351014508153,30.22222222222222,0.9167158754431723,7.918570279388563e-16,18
72,3,32,krylov,7,722379,18,2.402190280310977,32.0,0.9419387519102723,7.950569240771956e-16,18
72,3,32,reply_null,0,722380,0,0.0,0.0,0.0,0.0,18
72,3,32,reply_null,0,722380,1,0.4702536397891085,1.7777777777777777,0.05628750626979211,0.0,18
72,3,32,reply_null,0,722380,2,1.148118865324872,3.5555555555555554,0.14999183295552804,1.1757450506243965e-16,18
72,3,32,reply_null,0,722380,3,1.651273914996008,5.333333333333333,0.2355672982335437,4.473721341794818e-16,18
72,3,32,reply_null,0,722380,4,1.7493707719068001,7.111111111111111,0.24612422992466343,4.458426796541779e-16,18
72,3,32,reply_null,0,722380,5,1.9672356466447853,8.88888888888889,0.28923645551255994,4.467431586442954e-16,18
72,3,32,reply_null,0,722380,6,2.1523441233025498,10.666666666666666,0.3221498117409564,4.486419836583349e-16,18
72,3,32,reply_null,0,722380,7,2.3075776682020415,12.444444444444445,0.3493380980995693,4.533666506368948e-16,18
72,3,32,reply_null,0,722380,8,2.4268394275245004,14.222222222222221,0.38051559277554925,4.679706537007247e-16,18
72,3,32,reply_null,0,722380,9,2.572206260558869,16.0,0.40348408719007167,5.035319321471831e-16,18
72,3,32,reply_null,0,722380,10,2.722312421484323,17.77777777777778,0.43385428219605243,5.078744521616436e-16,18
72,3,32,reply_null,0,722380,11,2.8194179889784063,19.555555555555557,0.45356251959856914,5.188691675823381e-16,18
72,3,32,reply_null,0,722380,12,2.9312686406985344,21.333333333333332,0.47678550839425554,5.191982939533792e-16,18
72,3,32,reply_null,0,722380,13,3.0369787261596723,23.11111111111111,0.503224196376289,5.215135384234842e-16,18
72,3,32,reply_null,0,722380,14,3.0879670890638096,24.88888888888889,0.5170121246254189,5.215360501822548e-16,18
72,3,32,reply_null,0,722380,15,3.108021407130083,26.666666666666668,0.522094400278772,5.232348080599802e-16,18
72,3,32,reply_null,0,722380,16,3.2605721842668496,28.444444444444443,0.5651764189946876,5.232502243548142e-16,18
72,3,32,reply_null,0,722380,17,3.5946757297802603,30.22222222222222,0.664734982736729,5.24302416218813e-16,18
72,3,32,reply_null,0,722380,18,3.6426824424641744,32.0,0.6816900564629519,5.257246886891076e-16,18
72,3,32,reply_null,1,722381,0,0.0,0.0,0.0,0.0,18
72,3,32,reply_null,1,722381,1,0.008738257428968142,1.7777777777777777,0.00082280132329719,0.0,18
72,3,32,reply_null,1,722381,2,0.5158237206674349,3.5555555555555554,0.062861806599538,0.0,18
72,3,32,reply_null,1,722381,3,0.6680970487145004,5.333333333333333,0.08584140626305421,2.223153254012444e-16,18
72,3,32,reply_null,1,722381,4,0.8482471848631845,7.111111111111111,0.10642451129877728,2.432661878768527e-16,18
72,3,32,reply_null,1,722381,5,1.1621661312538527,8.88888888888889,0.16607333993772727,2.48448502174578e-16,18
72,3,32,reply_null,1,722381,6,1.236305668337452,10.666666666666666,0.18036259106399838,2.488423021840682e-16,18
72,3,32,reply_null,1,722381,7,1.347098008985582,12.444444444444445,0.19382925613253227,2.5019540579574435e-16,18
72,3,32,reply_null,1,722381,8,1.3769291734290192,14.222222222222221,0.2001545252624064,7.806849686798596e-16,18
72,3,32,reply_null,1,722381,9,1.9728696747993935,16.0,0.30947968086486766,8.15024670184246e-16,18
72,3,32,reply_null,1,722381,10,2.475014976696372,17.77777777777778,0.40407932363349414,8.152205547517265e-16,18
72,3,32,reply_null,1,722381,11,3.017902503339294,19.555555555555557,0.5258731974788251,8.192552708577256e-16,18
72,3,32,reply_null,1,722381,12,3.471465148100071,21.333333333333332,0.6587271740284932,8.192946584345627e-16,18
72,3,32,reply_null,1,722381,13,3.5075807388537252,23.11111111111111,0.6723738561840007,8.195919578666897e-16,18
72,3,32,reply_null,1,722381,14,3.587735838761315,24.88888888888889,0.6916002541471113,8.195980817667447e-16,18
72,3,32,reply_null,1,722381,15,3.595732479550745,26.666666666666668,0.6950030635417553,8.202084022161365e-16,18
72,3,32,reply_null,1,722381,16,3.6599732303677817,28.444444444444443,0.7097879607684792,8.20236897865958e-16,18
72,3,32,reply_null,1,722381,17,3.8179926443591556,30.22222222222222,0.7564255467111544,8.202415376198873e-16,18
72,3,32,reply_null,1,722381,18,3.868171546387167,32.0,0.7796719956534222,8.206199098377993e-16,18
72,3,32,reply_null,2,722382,0,0.0,0.0,0.0,0.0,18
72,3,32,reply_null,2,722382,1,0.08453356630886555,1.7777777777777777,0.008269628511639416,0.0,18
72,3,32,reply_null,2,722382,2,0.33472590268149094,3.5555555555555554,0.03545584006306889,6.938893903907228e-18,18
72,3,32,reply_null,2,722382,3,0.6737789986169451,5.333333333333333,0.07510632978092077,1.1460006395889107e-16,18
72,3,32,reply_null,2,722382,4,0.9158365949407049,7.111111111111111,0.10787112617740904,2.349164726469931e-16,18
72,3,32,reply_null,2,722382,5,1.4467065261839753,8.88888888888889,0.20104717640192898,2.4906443707439075e-16,18
72,3,32,reply_null,2,722382,6,1.8574891320988423,10.666666666666666,0.279501757875681,3.4068865169308864e-16,18
72,3,32,reply_null,2,722382,7,1.960505420257115,12.444444444444445,0.29283000909651347,3.415818318275867e-16,18
72,3,32,reply_null,2,722382,8,2.0934629763912502,14.222222222222221,0.31458701996182126,4.492788099557832e-16,18
72,3,32,reply_null,2,722382,9,2.468666791926109,16.0,0.37841574497441394,4.49380606327031e-16,18
72,3,32,reply_null,2,722382,10,2.7788631117866736,17.77777777777778,0.44698562752454957,4.493812716403424e-16,18
72,3,32,reply_null,2,722382,11,2.975723498730508,19.555555555555557,0.4908998213912018,7.835477736086299e-16,18
72,3,32,reply_null,2,722382,12,3.0801848800652056,21.333333333333332,0.5211366592108936,7.837008743949891e-16,18
72,3,32,reply_null,2,722382,13,3.36938002022574,23.11111111111111,0.6107130638287257,7.843581037777945e-16,18
72,3,32,reply_null,2,722382,14,3.5429497010836117,24.88888888888889,0.6554977014124691,7.882137312642864e-16,18
72,3,32,reply_null,2,722382,15,3.566982638769421,26.666666666666668,0.6610890277699504,7.884747781682249e-16,18
72,3,32,reply_null,2,722382,16,3.712908078039595,28.444444444444443,0.7112029713824362,7.884822855790086e-16,18
72,3,32,reply_null,2,722382,17,3.753876310761912,30.22222222222222,0.7212264867887346,7.886447775571485e-16,18
72,3,32,reply_null,2,722382,18,3.7803984700066855,32.0,0.7311476824635774,7.891995140771156e-16,18
72,3,32,reply_null,3,722383,0,0.0,0.0,0.0,0.0,18
72,3,32,reply_null,3,722383,1,0.3559953055397793,1.7777777777777777,0.04008757935306842,0.0,18
72,3,32,reply_null,3,722383,2,0.7467505449923382,3.5555555555555554,0.08788641769702962,3.3310304353936514e-16,18
72,3,32,reply_null,3,722383,3,0.9047745842493399,5.333333333333333,0.10481504717628487,3.3324179920282405e-16,18
72,3,32,reply_null,3,722383,4,0.9228366741264047,7.111111111111111,0.10698866012440389,3.3722857244210483e-16,18
72,3,32,reply_null,3,722383,5,1.2791694907971751,8.88888888888889,0.1585167740674108,3.3804176941630174e-16,18
72,3,32,reply_null,3,722383,6,1.5873133368623766,10.666666666666666,0.2043453535485522,3.452126910420413e-16,18
72,3,32,reply_null,3,722383,7,1.725305388914502,12.444444444444445,0.22772645569679204,3.455197619792344e-16,18
72,3,32,reply_null,3,722383,8,2.2101983033686423,14.222222222222221,0.3179033129414213,4.565529963670474e-16,18
72,3,32,reply_null,3,722383,9,2.2382760037545073,16.0,0.322990578851011,4.573313479475276e-16,18
72,3,32,reply_null,3,722383,10,2.394523556638088,17.77777777777778,0.36351559292572616,4.578924831225216e-16,18
72,3,32,reply_null,3,722383,11,2.8580737476581555,19.555555555555557,0.47292779252579326,5.799986366441935e-16,18
72,3,32,reply_null,3,722383,12,3.129922742648417,21.333333333333332,0.5333857037473395,5.805576321679309e-16,18
72,3,32,reply_null,3,722383,13,3.1879189247826245,23.11111111111111,0.5520470595337796,5.805581752154021e-16,18
72,3,32,reply_null,3,722383,14,3.2308149661997096,24.88888888888889,0.5661207761159308,5.807165848169504e-16,18
72,3,32,reply_null,3,722383,15,3.4872572189073825,26.666666666666668,0.6328590910233935,5.8084696733854415e-16,18
72,3,32,reply_null,3,722383,16,3.5620402760857117,28.444444444444443,0.6563348397148797,5.808486376624027e-16,18
72,3,32,reply_null,3,722383,17,3.8046502474144592,30.22222222222222,0.7309918467433444,5.808843367157631e-16,18
72,3,32,reply_null,3,722383,18,3.8357893069306934,32.0,0.7421365781588048,5.858329687892163e-16,18
72,3,32,reply_null,4,722384,0,0.0,0.0,0.0,0.0,18
72,3,32,reply_null,4,722384,1,0.3087050886194679,1.7777777777777777,0.033905694565751245,0.0,18
72,3,32,reply_null,4,722384,2,0.5180729033471603,3.5555555555555554,0.058396505639276536,6.938893903907228e-18,18
72,3,32,reply_null,4,722384,3,0.7192257775090214,5.333333333333333,0.08205064536198847,1.6311820362201275e-17,18
72,3,32,reply_null,4,722384,4,0.9446898397105672,7.111111111111111,0.1125656121327087,2.2471543170762197e-16,18
72,3,32,reply_null,4,722384,5,1.1746321465171223,8.88888888888889,0.1495443431741042,2.261471884668292e-16,18
72,3,32,reply_null,4,722384,6,1.6917327082990163,10.666666666666666,0.2334311792262201,4.563109385926296e-16,18
72,3,32,reply_null,4,722384,7,1.7962700453137819,12.444444444444445,0.24956113300580843,4.580964543326312e-16,18
72,3,32,reply_null,4,722384,8,1.8903035282523517,14.222222222222221,0.27111980578314315,8.942582166435757e-16,18
72,3,32,reply_null,4,722384,9,2.0233134922095775,16.0,0.294121142168594,8.950395321262084e-16,18
72,3,32,reply_null,4,722384,10,2.2680947842510304,17.77777777777778,0.34380827566741506,9.0383666558749e-16,18
72,3,32,reply_null,4,722384,11,2.483592090878502,19.555555555555557,0.3775921872465941,9.04429401141036e-16,18
72,3,32,reply_null,4,722384,12,2.704553431937244,21.333333333333332,0.42760101664158257,9.04846384140346e-16,18
72,3,32,reply_null,4,722384,13,2.845640049986385,23.11111111111111,0.4608870491976649,9.048938083712774e-16,18
72,3,32,reply_null,4,722384,14,3.081074129841354,24.88888888888889,0.5123945804708958,9.062659672525112e-16,18
72,3,32,reply_null,4,722384,15,3.138191017440545,26.666666666666668,0.5263400977291598,9.063401641701694e-16,18
72,3,32,reply_null,4,722384,16,3.3712169526096427,28.444444444444443,0.6017417270064546,9.084052632810995e-16,18
72,3,32,reply_null,4,722384,17,3.5216771279416177,30.22222222222222,0.6476170356145838,9.08639166221418e-16,18
72,3,32,reply_null,4,722384,18,3.5438191840948425,32.0,0.654972553923562,9.08852913081567e-16,18
72,3,32,reply_null,5,722385,0,0.0,0.0,0.0,0.0,18
72,3,32,reply_null,5,722385,1,0.5402472163303522,1.7777777777777777,0.06716541933245362,0.0,18
72,3,32,reply_null,5,722385,2,0.7890344856656408,3.5555555555555554,0.10360389578900595,2.2248673390891567e-16,18
72,3,32,reply_null,5,722385,3,0.952065298474244,5.333333333333333,0.12079379244563355,2.2381873215854214e-16,18
72,3,32,reply_null,5,722385,4,1.184064956328374,7.111111111111111,0.14852249553977664,2.4026586307209535e-16,18
72,3,32,reply_null,5,722385,5,1.2788509567382726,8.88888888888889,0.1659371274295201,2.832158349483954e-16,18
72,3,32,reply_null,5,722385,6,1.4575523475316707,10.666666666666666,0.19559767227904198,2.833117780115949e-16,18
72,3,32,reply_null,5,722385,7,1.5849149660024913,12.444444444444445,0.21194938291565324,2.8761782724445e-16,18
72,3,32,reply_null,5,722385,8,2.0353500097627863,14.222222222222221,0.29628826777935935,6.401505708123416e-16,18
72,3,32,reply_null,5,722385,9,2.2868843060494974,16.0,0.34598231983670436,6.416907920283759e-16,18
72,3,32,reply_null,5,722385,10,2.7398481364513487,17.77777777777778,0.4413003381546703,6.456060331375171e-16,18
72,3,32,reply_null,5,722385,11,2.973312102118653,19.555555555555557,0.48855625066716907,6.456314220090758e-16,18
72,3,32,reply_null,5,722385,12,3.210659165392208,21.333333333333332,0.5582185083289674,6.80220135784626e-16,18
72,3,32,reply_null,5,722385,13,3.3581832981036372,23.11111111111111,0.5974648240441256,6.806638806569236e-16,18
72,3,32,reply_null,5,722385,14,3.398396894400535,24.88888888888889,0.6084330472332525,6.839730095718244e-16,18
72,3,32,reply_null,5,722385,15,3.6200478269884058,26.666666666666668,0.6734734031113224,6.840956040885067e-16,18
72,3,32,reply_null,5,722385,16,3.7150350668935963,28.444444444444443,0.7052515924428833,6.853614790322158e-16,18
72,3,32,reply_null,5,722385,17,3.792720176453779,30.22222222222222,0.7275605859927253,6.854571807048557e-16,18
72,3,32,reply_null,5,722385,18,3.9718978726793344,32.0,0.8000904046688445,6.857855368412467e-16,18
72,3,32,reply_null,6,722386,0,0.0,0.0,0.0,0.0,18
72,3,32,reply_null,6,722386,1,0.3331105388664228,1.7777777777777777,0.037059517968236685,0.0,18
72,3,32,reply_null,6,722386,2,0.5555695654798527,3.5555555555555554,0.06901251909340415,2.2562022628140974e-16,18
72,3,32,reply_null,6,722386,3,0.8258316474153043,5.333333333333333,0.09986728849036026,2.275050419913571e-16,18
72,3,32,reply_null,6,722386,4,1.3915622466309654,7.111111111111111,0.18791435412911645,2.6706271471761427e-16,18
72,3,32,reply_null,6,722386,5,1.6168674141563975,8.88888888888889,0.22356206960496003,2.6712308850839293e-16,18
72,3,32,reply_null,6,722386,6,1.6871673100074038,10.666666666666666,0.23852180625099864,2.697791731123818e-16,18
72,3,32,reply_null,6,722386,7,1.9290022718943738,12.444444444444445,0.29147098131183513,2.6999266892545316e-16,18
72,3,32,reply_null,6,722386,8,2.0216962445344047,14.222222222222221,0.3066547551439133,5.292060825624429e-16,18
72,3,32,reply_null,6,722386,9,2.6652603292833543,16.0,0.44003576879665063,5.378277841733818e-16,18
72,3,32,reply_null,6,722386,10,2.827171998508822,17.77777777777778,0.479835615929581,5.383841010274652e-16,18
72,3,32,reply_null,6,722386,11,2.878338017715674,19.555555555555557,0.4894837788120679,5.412732376612758e-16,18
72,3,32,reply_null,6,722386,12,2.981594855286669,21.333333333333332,0.5176973129437421,5.412742614821374e-16,18
72,3,32,reply_null,6,722386,13,3.155814204803031,23.11111111111111,0.551360733509694,5.4133400834023915e-16,18
72,3,32,reply_null,6,722386,14,3.313870338360401,24.88888888888889,0.5988982691150144,5.443555097589446e-16,18
72,3,32,reply_null,6,722386,15,3.5239955800353084,26.666666666666668,0.6823986779827255,5.444670864361661e-16,18
72,3,32,reply_null,6,722386,16,3.6257556380768374,28.444444444444443,0.7128371057200761,5.446590178570416e-16,18
72,3,32,reply_null,6,722386,17,3.7106423836044673,30.22222222222222,0.7309886868009907,5.451832768009659e-16,18
72,3,32,reply_null,6,722386,18,3.72518727978889,32.0,0.734593468914652,5.453151031880142e-16,18
72,3,32,reply_null,7,722387,0,0.0,0.0,0.0,0.0,18
72,3,32,reply_null,7,722387,1,0.7625023188772726,1.7777777777777777,0.10721564714536504,0.0,18
72,3,32,reply_null,7,722387,2,1.2773335437001738,3.5555555555555554,0.1790398787818815,1.127307362127858e-16,18
72,3,32,reply_null,7,722387,3,1.5677374777752977,5.333333333333333,0.21133983477485563,2.2262334367846826e-16,18
72,3,32,reply_null,7,722387,4,1.6557670991204236,7.111111111111111,0.22681011691068934,2.507437260654635e-16,18
72,3,32,reply_null,7,722387,5,1.7561845128819966,8.88888888888889,0.24418739563536096,2.509085607404327e-16,18
72,3,32,reply_null,7,722387,6,1.9311605103098541,10.666666666666666,0.27240860122956884,2.721006641069556e-16,18
72,3,32,reply_null,7,722387,7,2.1917883682662342,12.444444444444445,0.31714004496255443,2.7225572716067793e-16,18
72,3,32,reply_null,7,722387,8,2.255769777077697,14.222222222222221,0.32708638252435174,6.789112335389404e-16,18
72,3,32,reply_null,7,722387,9,2.4383555813867637,16.0,0.36454440048324815,6.790785871622463e-16,18
72,3,32,reply_null,7,722387,10,2.690316639153357,17.77777777777778,0.4186900023111175,6.796383998996508e-16,18
72,3,32,reply_null,7,722387,11,2.8308896288830487,19.555555555555557,0.44836012514271484,6.79654859237691e-16,18
72,3,32,reply_null,7,722387,12,2.9532264283020817,21.333333333333332,0.4767975806272552,6.801425201426941e-16,18
72,3,32,reply_null,7,722387,13,2.976750434469209,23.11111111111111,0.482500306102532,6.866867806428486e-16,18
72,3,32,reply_null,7,722387,14,3.081271200566224,24.88888888888889,0.5143471405421195,6.868797392400201e-16,18
72,3,32,reply_null,7,722387,15,3.1745289212605226,26.666666666666668,0.5445493496501228,6.882821032790212e-16,18
72,3,32,reply_null,7,722387,16,3.5007078615084293,28.444444444444443,0.6329480769957534,6.899723284957518e-16,18
72,3,32,reply_null,7,722387,17,3.584324455696878,30.22222222222222,0.6575908534177354,6.899905816978836e-16,18
72,3,32,reply_null,7,722387,18,3.623490019654824,32.0,0.6704131740249215,6.902496788363025e-16,18
96,1,2,random,0,722388,0,0.0,0.0,0.0,0.0,24
96,1,2,random,0,722388,1,0.027140115330166324,0.08333333333333333,0.013755881413823084,0.0,24
96,1,2,random,0,722388,2,0.03180516296285291,0.16666666666666666,0.016158176125125764,3.469446951953614e-18,24
96,1,2,random,0,722388,3,0.03273995784597897,0.25,0.016640903737549766,2.2741633706333494e-16,24
96,1,2,random,0,722388,4,0.043493462719814524,0.3333333333333333,0.022226583203359355,3.3947855784779e-16,24
96,1,2,random,0,722388,5,0.1561351393520536,0.4166666666666667,0.08449208408951372,3.400752578865754e-16,24
96,1,2,random,0,722388,6,0.16305708462643748,0.5,0.08855194115300792,3.401450602700187e-16,24
96,1,2,random,0,722388,7,0.17091825370445027,0.5833333333333334,0.09319688088125197,3.4025718627293115e-16,24
96,1,2,random,0,722388,8,0.17920470458033594,0.6666666666666666,0.09813280007655376,4.533333785232937e-16,24
96,1,2,random,0,722388,9,0.18900603949567799,0.75,0.10402412423152264,4.533467645466253e-16,24
96,1,2,random,0,722388,10,0.20378927933141583,0.8333333333333334,0.11301988715664994,7.020138129680384e-16,24
96,1,2,random,0,722388,11,0.2243947929010606,0.9166666666666666,0.12578251544762445,7.027923802990713e-16,24
96,1,2,random,0,722388,12,0.24241073660377535,1.0,0.13715874708950818,7.033458965967407e-16,24
96,1,2,random,0,722388,13,0.24384296146186354,1.0833333333333333,0.13807195548942056,7.046491854779826e-16,24
96,1,2,random,0,722388,14,0.2656530133122696,1.1666666666666667,0.15214120576317966,7.06576056929801e-16,24
96,1,2,random,0,722388,15,0.272197838555723,1.25,0.15642335365839594,7.06591110805743e-16,24
96,1,2,random,0,722388,16,0.2904271914468261,1.3333333333333333,0.16849926018952235,7.117451041729239e-16,24
96,1,2,random,0,722388,17,0.3080148721735924,1.4166666666666667,0.18036061283447333,7.129122533003557e-16,24
96,1,2,random,0,722388,18,0.3085130892126563,1.5,0.18069966453815003,7.132088682329447e-16,24
96,1,2,random,0,722388,19,0.3087434540395812,1.5833333333333333,0.18085649186161534,7.133083353095733e-16,24
96,1,2,random,0,722388,20,0.37535361148133434,1.6666666666666667,0.22775300363261258,7.145129361224839e-16,24
96,1,2,random,0,722388,21,0.4464986319423998,1.75,0.28141527475615863,7.161496888394408e-16,24
96,1,2,random,0,722388,22,0.44741107807373703,1.8333333333333333,0.28212859948628277,7.16276302282005e-16,24
96,1,2,random,0,722388,23,0.4600921561950556,1.9166666666666667,0.2921099869762077,7.162811958100224e-16,24
96,1,2,random,0,722388,24,0.4866216832858081,2.0,0.31340552156898854,7.163135878394892e-16,24
96,1,2,random,1,722389,0,0.0,0.0,0.0,0.0,24
96,1,2,random,1,722389,1,0.031499589042805434,0.08333333333333333,0.016000475743671437,0.0,24
96,1,2,random,1,722389,2,0.047421206302534914,0.16666666666666666,0.024281788832456443,6.938893903907228e-18,24
96,1,2,random,1,722389,3,0.04814978067296273,0.25,0.02466390629027178,2.65180196925829e-17,24
96,1,2,random,1,722389,4,0.04892717763641306,0.3333333333333333,0.025071936998221134,2.335484932629946e-16,24
96,1,2,random,1,722389,5,0.05831793355326458,0.4166666666666667,0.030025984114459007,2.350888974481018e-16,24
96,1,2,random,1,722389,6,0.08187165854264809,0.5,0.04265825489410034,2.3518725940116462e-16,24
96,1,2,random,1,722389,7,0.11772001158457591,0.5833333333333334,0.06246455007671915,2.352817687748415e-16,24
96,1,2,random,1,722389,8,0.12600607434865368,0.6666666666666666,0.06714452916465641,6.72674079953654e-16,24
96,1,2,random,1,722389,9,0.18554451706740172,0.75,0.10193689575648619,6.726792543867394e-16,24
96,1,2,random,1,722389,10,0.1918170124281562,0.8333333333333334,0.10572440830197517,6.729869196921753e-16,24
96,1,2,random,1,722389,11,0.20101635494712616,0.9166666666666666,0.1113223839751714,6.778981727702592e-16,24
96,1,2,random,1,722389,12,0.20542555682824815,1.0,0.11402377890186577,6.780195358938879e-16,24
96,1,2,random,1,722389,13,0.206927056558439,1.0833333333333333,0.11494642794551986,6.829349792200163e-16,24
96,1,2,random,1,722389,14,0.21019483625647167,1.1666666666666667,0.11695922429454324,6.829434600390264e-16,24
96,1,2,random,1,722389,15,0.2150806787718113,1.25,0.11998096576820187,6.831495493162792e-16,24
96,1,2,random,1,722389,16,0.21514329034614615,1.3333333333333333,0.12001978496777894,6.849596340129513e-16,24
96,1,2,random,1,722389,17,0.21791208039098925,1.4166666666666667,0.1217388683682704,6.933781092817368e-16,24
96,1,2,random,1,722389,18,0.24308493278560958,1.5,0.1375884619237914,6.933800576337666e-16,24
96,1,2,random,1,722389,19,0.24355288030617198,1.5833333333333333,0.137886889682507,6.950754914013353e-16,24
96,1,2,random,1,722389,20,0.2629946608385525,1.6666666666666667,0.15040988682319878,6.953908685653094e-16,24
96,1,2,random,1,722389,21,0.28465385343590804,1.75,0.1646509076097661,6.963568489424137e-16,24
96,1,2,random,1,722389,22,0.3491511395044536,1.8333333333333333,0.2089317346653527,7.008553928532818e-16,24
96,1,2,random,1,722389,23,0.35478374954509173,1.9166666666666667,0.21293613770547365,7.0126025469695e-16,24
96,1,2,random,1,722389,24,0.38150606438940093,2.0,0.23224427170662662,7.012849185827583e-16,24
96,1,2,random,2,722390,0,0.0,0.0,0.0,0.0,24
96,1,2,random,2,722390,1,0.0001315458970412647,0.08333333333333333,6.577727479119977e-05,2.220446049250313e-16,24
96,1,2,random,2,722390,2,0.008480684137597323,0.16666666666666666,0.004258373506590926,2.322048747489326e-16,24
96,1,2,random,2,722390,3,0.01322259791485911,0.25,0.006655201519906697,2.374759737902025e-16,24
96,1,2,random,2,722390,4,0.013378864450886353,0.3333333333333333,0.00673438095959569,2.6954367976082705e-16,24
96,1,2,random,2,722390,5,0.014485413959965245,0.4166666666666667,0.007295417990458483,2.7747057526753364e-16,24
96,1,2,random,2,722390,6,0.042517654056187605,0.5,0.021717238530981807,2.791101540792013e-16,24
96,1,2,random,2,722390,7,0.04790467442280926,0.5833333333333334,0.02453532364645871,2.8069236942223137e-16,24
96,1,2,random,2,722390,8,0.07729271591313613,0.6666666666666666,0.04017913408507077,4.590212089957938e-16,24
96,1,2,random,2,722390,9,0.15248101978540768,0.75,0.08236017762126788,4.630551120756467e-16,24
96,1,2,random,2,722390,10,0.15576286209945514,0.8333333333333334,0.08427453147973984,4.633850086126955e-16,24
96,1,2,random,2,722390,11,0.15576307923383137,0.9166666666666666,0.08427465834583944,4.634065579116856e-16,24
96,1,2,random,2,722390,12,0.15750124101174906,1.0,0.0852911053435346,4.644932960120194e-16,24
96,1,2,random,2,722390,13,0.16223440203953973,1.0833333333333333,0.08806794883286084,4.670894890303824e-16,24
96,1,2,random,2,722390,14,0.17341306319367508,1.1666666666666667,0.09467864167554915,4.743757848463255e-16,24
96,1,2,random,2,722390,15,0.1937749060700168,1.25,0.10691151400384669,4.743823046165561e-16,24
96,1,2,random,2,722390,16,0.19400644804831996,1.3333333333333333,0.10705205576648519,4.806764391531731e-16,24
96,1,2,random,2,722390,17,0.2019233440990251,1.4166666666666667,0.11187709826764584,5.288027805949477e-16,24
96,1,2,random,2,722390,18,0.20631353420713824,1.5,0.11456926027935015,5.341862507661791e-16,24
96,1,2,random,2,722390,19,0.23507782632755267,1.5833333333333333,0.13250360788394364,5.343957679387651e-16,24
96,1,2,random,2,722390,20,0.29328975852036493,1.6666666666666667,0.1704156257142474,5.37775466024795e-16,24
96,1,2,random,2,722390,21,0.3393730786377431,1.75,0.2020335374710419,5.407694907180186e-16,24
96,1,2,random,2,722390,22,0.42875652836742173,1.8333333333333333,0.267673587701898,5.408326161121234e-16,24
96,1,2,random,2,722390,23,0.4848925896341871,1.9166666666666667,0.3120002824905464,5.409090756059626e-16,24
96,1,2,random,2,722390,24,0.4870032920295487,2.0,0.3137159834619453,5.410190901763511e-16,24
96,1,2,random,3,722391,0,0.0,0.0,0.0,0.0,24
96,1,2,random,3,722391,1,0.0006336592654195949,0.08333333333333333,0.00031693003493168877,2.220446049250313e-16,24
96,1,2,random,3,722391,2,0.007363243371213183,0.16666666666666666,0.00369520935313646,2.220446049250313e-16,24
96,1,2,random,3,722391,3,0.04487575727766733,0.25,0.02294895331640385,2.403465632237127e-16,24
96,1,2,random,3,722391,4,0.046041215607270404,0.3333333333333333,0.023558783827000277,2.311604174269401e-16,24
96,1,2,random,3,722391,5,0.09132709654486158,0.4166666666666667,0.04781366128238057,2.3301662492297124e-16,24
96,1,2,random,3,722391,6,0.10467952479339808,0.5,0.05517735608734707,2.337066817266277e-16,24
96,1,2,random,3,722391,7,0.10479504105565948,0.5833333333333334,0.0552414918047023,2.337074327847049e-16,24
96,1,2,random,3,722391,8,0.15370994015892503,0.6666666666666666,0.08307629184182401,3.468098162259822e-16,24
96,1,2,random,3,722391,9,0.1571371434863404,0.75,0.08507804109087262,3.471515887382061e-16,24
96,1,2,random,3,722391,10,0.15991807057282995,0.8333333333333334,0.08670736492841011,3.606354061373314e-16,24
96,1,2,random,3,722391,11,0.16530119948201186,0.9166666666666666,0.0898742024055716,3.632078771260777e-16,24
96,1,2,random,3,722391,12,0.16777159550261875,1.0,0.0913332267297775,4.0458243938729254e-16,24
96,1,2,random,3,722391,13,0.19256795341310307,1.0833333333333333,0.10617944241625168,4.062551544733556e-16,24
96,1,2,random,3,722391,14,0.23183755660461008,1.1666666666666667,0.13045744244790397,4.0627704812080667e-16,24
96,1,2,random,3,722391,15,0.23195745761937445,1.25,0.13053303946700834,5.835372650206882e-16,24
96,1,2,random,3,722391,16,0.23219394296738008,1.3333333333333333,0.1306821689250466,5.852859286607366e-16,24
96,1,2,random,3,722391,17,0.23890198406446417,1.4166666666666667,0.134927032274842,5.858272465271711e-16,24
96,1,2,random,3,722391,18,0.2528716660509482,1.5,0.1438590041464027,5.882710373546985e-16,24
96,1,2,random,3,722391,19,0.25916834447692594,1.5833333333333333,0.14792596799164118,5.883023533539368e-16,24
96,1,2,random,3,722391,20,0.26718957932286685,1.6666666666666667,0.15314403403267252,5.888113028236403e-16,24
96,1,2,random,3,722391,21,0.27538229563015737,1.75,0.15851703750464888,5.902531858327626e-16,24
96,1,2,random,3,722391,22,0.27604554585327595,1.8333333333333333,0.15895394394983348,5.908811685570834e-16,24
96,1,2,random,3,722391,23,0.29849051167451846,1.9166666666666667,0.17391137427759285,5.9110857423173e-16,24
96,1,2,random,3,722391,24,0.3016898271197906,2.0,0.17607088197724113,5.91467484216982e-16,24
96,1,2,random,4,722392,0,0.0,0.0,0.0,0.0,24
96,1,2,random,4,722392,1,2.379399976529879e-06,0.08333333333333333,1.189701403624775e-06,1.1102230246251565e-16,24
96,1,2,random,4,722392,2,0.02365696458041343,0.16666666666666666,0.011969505145282658,2.224766048351711e-16,24
96,1,2,random,4,722392,3,0.025795460728006543,0.25,0.013065521455360746,2.28406038536836e-16,24
96,1,2,random,4,722392,4,0.0476249451640496,0.3333333333333333,0.0243886162893086,2.4856058915024824e-16,24
96,1,2,random,4,722392,5,0.050917675054573924,0.4166666666666667,0.026118132212175255,2.511123532931825e-16,24
96,1,2,random,4,722392,6,0.08564204715906068,0.5,0.04470814942203973,2.9282481028488195e-16,24
96,1,2,random,4,722392,7,0.13017640680281106,0.5833333333333334,0.06951464905976089,2.928298699443467e-16,24
96,1,2,random,4,722392,8,0.13184908468534298,0.6666666666666666,0.07046806077006956,4.493394415222446e-16,24
96,1,2,random,4,722392,9,0.1409138793033566,0.75,0.0756627453808665,4.520862628242682e-16,24
96,1,2,random,4,722392,10,0.15747196437758915,0.8333333333333334,0.08527397024079655,4.545850248554521e-16,24
96,1,2,random,4,722392,11,0.1574726631500993,0.9166666666666666,0.08527437921430087,4.685057118985326e-16,24
96,1,2,random,4,722392,12,0.20883346312606002,1.0,0.11611988404129478,4.698755243976112e-16,24
96,1,2,random,4,722392,13,0.21199951557757582,1.0833333333333333,0.11807364313044677,4.698912310764119e-16,24
96,1,2,random,4,722392,14,0.21199960755024333,1.1666666666666667,0.11807369997633084,4.700980237893181e-16,24
96,1,2,random,4,722392,15,0.2370714468393213,1.25,0.13376583783608686,4.720073909620086e-16,24
96,1,2,random,4,722392,16,0.24119729988507407,1.3333333333333333,0.1363860641658738,4.720256927670378e-16,24
96,1,2,random,4,722392,17,0.24276754870228642,1.4166666666666667,0.13738613360385898,4.723376789871938e-16,24
96,1,2,random,4,722392,18,0.2540077319821579,1.5,0.14459088607986445,4.731442480328029e-16,24
96,1,2,random,4,722392,19,0.2665930612235462,1.5833333333333333,0.15275453797718175,4.734321713508011e-16,24
96,1,2,random,4,722392,20,0.2666284883078396,1.6666666666666667,0.1527776635768555,4.774338385331957e-16,24
96,1,2,random,4,722392,21,0.3484298656639369,1.75,0.20842058511198727,4.777676862193757e-16,24
96,1,2,random,4,722392,22,0.35482230026042566,1.8333333333333333,0.21296362243334416,4.786445006851029e-16,24
96,1,2,random,4,722392,23,0.35544708275526515,1.9166666666666667,0.2134092088068865,4.814198441010683e-16,24
96,1,2,random,4,722392,24,0.3627979431868971,2.0,0.2186727022331299,4.863624492778036e-16,24
96,1,2,random,5,722393,0,0.0,0.0,0.0,0.0,24
96,1,2,random,5,722393,1,0.007900438202147694,0.08333333333333333,0.0039658645067334386,0.0,24
96,1,2,random,5,722393,2,0.09946988094780922,0.16666666666666666,0.05229260058980407,1.1757450506243965e-16,24
96,1,2,random,5,722393,3,0.10927778663943137,0.25,0.057736085286568865,1.2605145724690574e-16,24
96,1,2,random,5,722393,4,0.14534810239747972,0.3333333333333333,0.07822103023192509,2.804230729924961e-16,24
96,1,2,random,5,722393,5,0.1453594697655038,0.4166666666666667,0.07822760312053306,2.822783609539833e-16,24
96,1,2,random,5,722393,6,0.1798139197211051,0.5,0.0984973026535219,2.823359424342839e-16,24
96,1,2,random,5,722393,7,0.18229424192045685,0.5833333333333334,0.09998361129972982,2.951333006918581e-16,24
96,1,2,random,5,722393,8,0.18273421093996275,0.6666666666666666,0.10024764357966573,2.3529286142687435e-16,24
96,1,2,random,5,722393,9,0.20108070618884122,0.75,0.11136172459546376,2.457570276880824e-16,24
96,1,2,random,5,722393,10,0.20889251221263552,0.8333333333333334,0.11615626643183134,2.4624831038493544e-16,24
96,1,2,random,5,722393,11,0.2164888101141721,0.9166666666666666,0.12085459534600689,2.6925249327208896e-16,24
96,1,2,random,5,722393,12,0.2172384189169368,1.0,0.12132016789275395,2.779820329424547e-16,24
96,1,2,random,5,722393,13,0.2755942830112889,1.0833333333333333,0.158656649604339,3.0586145673216617e-16,24
96,1,2,random,5,722393,14,0.2866031065940253,1.1666666666666667,0.1659477440110751,3.0592965805247483e-16,24
96,1,2,random,5,722393,15,0.2900500765544323,1.25,0.16824720669250137,3.693500617425987e-16,24
96,1,2,random,5,722393,16,0.2968603215158999,1.3333333333333333,0.17281366556753103,3.7039335257187566e-16,24
96,1,2,random,5,722393,17,0.29738104940342425,1.4166666666666667,0.17316410964138187,3.704782905828028e-16,24
96,1,2,random,5,722393,18,0.3011344831269345,1.5,0.17569553430737372,4.1064862693866243e-16,24
96,1,2,random,5,722393,19,0.3479792204479098,1.5833333333333333,0.2081014106869866,4.785737531615739e-16,24
96,1,2,random,5,722393,20,0.35323903387385425,1.6666666666666667,0.21183570422820383,4.791221284189065e-16,24
96,1,2,random,5,722393,21,0.3533536286565759,1.75,0.21191728156014222,4.867727090477658e-16,24
96,1,2,random,5,722393,22,0.36063546851010553,1.8333333333333333,0.21712026986645927,4.867772984433014e-16,24
96,1,2,random,5,722393,23,0.36164207638906215,1.9166666666666667,0.21784249221663723,4.867981380946064e-16,24
96,1,2,random,5,722393,24,0.37609530121458007,2.0,0.22829297078303848,4.931056157670565e-16,24
96,1,2,random,6,722394,0,0.0,0.0,0.0,0.0,24
96,1,2,random,6,722394,1,0.006529505935026804,0.08333333333333333,0.0032754348158602915,2.220446049250313e-16,24
96,1,2,random,6,722394,2,0.011321839075944076,0.16666666666666666,0.005693086831002374,2.2226123401387487e-16,24
96,1,2,random,6,722394,3,0.03791242063710875,0.25,0.01932013272120016,2.2396601522453643e-16,24
96,1,2,random,6,722394,4,0.10616654637497121,0.3333333333333333,0.05600353091511033,2.221898191769277e-16,24
96,1,2,random,6,722394,5,0.10650876798403575,0.4166666666666667,0.056193839900171946,2.224085399372145e-16,24
96,1,2,random,6,722394,6,0.14577272010830755,0.5,0.07846660525619709,2.4145974587427253e-16,24
96,1,2,random,6,722394,7,0.14998747814165642,0.5833333333333334,0.08090984724778132,2.415952154547948e-16,24
96,1,2,random,6,722394,8,0.1660547708297699,0.6666666666666666,0.09031888223123068,6.696371171440562e-16,24
96,1,2,random,6,722394,9,0.16937897621733705,0.75,0.09228448866963097,6.709522956538297e-16,24
96,1,2,random,6,722394,10,0.19173323587001853,0.8333333333333334,0.10567366492145042,6.842695436544856e-16,24
96,1,2,random,6,722394,11,0.19204250839522882,0.9166666666666666,0.1058610121144304,6.865628581488681e-16,24
96,1,2,random,6,722394,12,0.2071483826136327,1.0,0.11508254667532755,6.865672573786191e-16,24
96,1,2,random,6,722394,13,0.21076809255026918,1.0833333333333333,0.11731300144568758,6.868134339688402e-16,24
96,1,2,random,6,722394,14,0.2154589977528894,1.1666666666666667,0.12021556070852057,6.875750520208715e-16,24
96,1,2,random,6,722394,15,0.21711290397840713,1.25,0.12124218782400786,6.8779947198957e-16,24
96,1,2,random,6,722394,16,0.21839157894812208,1.3333333333333333,0.12203706274473959,6.881656912144949e-16,24
96,1,2,random,6,722394,17,0.25546074912762073,1.4166666666666667,0.14552816846793384,6.909939957341071e-16,24
96,1,2,random,6,722394,18,0.25547043399544694,1.5,0.14553442035319794,6.913608007821963e-16,24
96,1,2,random,6,722394,19,0.25547275052860635,1.5833333333333333,0.1455359157568202,6.93766570502173e-16,24
96,1,2,random,6,722394,20,0.28413188426032576,1.6666666666666667,0.16430407085039442,6.950745878107621e-16,24
96,1,2,random,6,722394,21,0.3028324850866771,1.75,0.1768438412866667,6.952466467294199e-16,24
96,1,2,random,6,722394,22,0.3086959910790462,1.8333333333333333,0.18082417716369373,7.01171963713294e-16,24
96,1,2,random,6,722394,23,0.3186282644266882,1.9166666666666667,0.18762000212123459,7.01273268739826e-16,24
96,1,2,random,6,722394,24,0.3386401851556428,2.0,0.20151921016380078,7.019148644718237e-16,24
96,1,2,random,7,722395,0,0.0,0.0,0.0,0.0,24
96,1,2,random,7,722395,1,0.027773166254214,0.08333333333333333,0.014081218015740391,1.1102230246251565e-16,24
96,1,2,random,7,722395,2,0.04232404349615442,0.16666666666666666,0.02161623834191808,2.229086047453109e-16,24
96,1,2,random,7,722395,3,0.16425350984568057,0.25,0.08925652094270581,2.2291284738647704e-16,24
96,1,2,random,7,722395,4,0.16615715625009692,0.3333333333333333,0.0903793253723101,3.3324865107395246e-16,24
96,1,2,random,7,722395,5,0.17667197791920095,0.4166666666666667,0.0966198099908464,3.4498981085478517e-16,24
96,1,2,random,7,722395,6,0.18091576361076114,0.5,0.09915711668870306,4.592127632817503e-16,24
96,1,2,random,7,722395,7,0.20676145318841846,0.5833333333333334,0.11484459917649639,4.59214433383809e-16,24
96,1,2,random,7,722395,8,0.21121971624484628,0.6666666666666666,0.11759185758839195,5.61827940920276e-16,24
96,1,2,random,7,722395,9,0.21856883686866954,0.75,0.12214733351387999,5.622076056717785e-16,24
96,1,2,random,7,722395,10,0.21858428191938378,0.8333333333333334,0.12215694268520466,5.69059751711279e-16,24
96,1,2,random,7,722395,11,0.22367310678722355,0.9166666666666666,0.12533105982016682,5.695411063715777e-16,24
96,1,2,random,7,722395,12,0.22659063657930995,1.0,0.1271581458100035,5.717663326510114e-16,24
96,1,2,random,7,722395,13,0.2520775602379272,1.0833333333333333,0.14334791492476298,6.723696515200611e-16,24
96,1,2,random,7,722395,14,0.2523367034964032,1.1666666666666667,0.14351465580372452,6.728929534554268e-16,24
96,1,2,random,7,722395,15,0.25356231863527506,1.25,0.1443038406276089,6.766958117850774e-16,24
96,1,2,random,7,722395,16,0.2608768237573931,1.3333333333333333,0.1490338822380075,6.784182214829472e-16,24
96,1,2,random,7,722395,17,0.318582589951906,1.4166666666666667,0.187588596156019,6.795008601649891e-16,24
96,1,2,random,7,722395,18,0.3232869147530767,1.5,0.19083085658554527,6.815600473989366e-16,24
96,1,2,random,7,722395,19,0.3261669696874069,1.5833333333333333,0.19282335527842037,6.815814861515062e-16,24
96,1,2,random,7,722395,20,0.3277000221941395,1.6666666666666667,0.19388630443020075,6.816566809988817e-16,24
96,1,2,random,7,722395,21,0.35594154769244496,1.75,0.2137620518735759,6.825464147427018e-16,24
96,1,2,random,7,722395,22,0.3644479528308505,1.8333333333333333,0.21985949796560522,6.825472359287143e-16,24
96,1,2,random,7,722395,23,0.37217896730753985,1.9166666666666667,0.22544631020240632,6.832762414820709e-16,24
96,1,2,random,7,722395,24,0.3856227663875377,2.0,0.2352649164442356,6.833254106903551e-16,24
96,1,2,krylov,0,722396,0,0.0,0.0,0.0,0.0,24
96,1,2,krylov,0,722396,1,0.0010354102137508825,0.08333333333333333,0.0005179732179800589,0.0,24
96,1,2,krylov,0,722396,2,0.0023883116368613954,0.16666666666666666,0.0011955829624782062,2.229086047453109e-16,24
96,1,2,krylov,0,722396,3,0.0037790588097082003,0.25,0.0018931042279630081,2.230978576889155e-16,24
96,1,2,krylov,0,722396,4,0.0054743505933112415,0.3333333333333333,0.0027446811155042747,2.2232283775390717e-16,24
96,1,2,krylov,0,722396,5,0.007496189350082909,0.4166666666666667,0.003762178057307239,2.2588181420120635e-16,24
96,1,2,krylov,0,722396,6,0.00938464363325063,0.5,0.00471440873922072,2.472100701718396e-16,24
96,1,2,krylov,0,722396,7,0.011145667029501549,0.5833333333333334,0.005604005692057191,2.531719153351661e-16,24
96,1,2,krylov,0,722396,8,0.01298774861265041,0.6666666666666666,0.006536227870355616,4.610587800518754e-16,24
96,1,2,krylov,0,722396,9,0.014880139744665073,0.75,0.00749570009805516,4.635741607720255e-16,24
96,1,2,krylov,0,722396,10,0.01665328723692223,0.8333333333333334,0.008396363094204138,4.650479090774091e-16,24
96,1,2,krylov,0,722396,11,0.018302582676010263,0.9166666666666666,0.00923555074105543,4.970992474452487e-16,24
96,1,2,krylov,0,722396,12,0.02038861600024636,1.0,0.010298941818784234,4.971052010373957e-16,24
96,1,2,krylov,0,722396,13,0.0223524505271535,1.0833333333333333,0.011302069165439082,4.985554501919781e-16,24
96,1,2,krylov,0,722396,14,0.024730125828566728,1.1666666666666667,0.012519225895185622,4.986654033666761e-16,24
96,1,2,krylov,0,722396,15,0.028304426614737876,1.25,0.01435440154832772,4.988321758220893e-16,24
96,1,2,krylov,0,722396,16,0.035326011454704535,1.3333333333333333,0.01797869386400919,4.996781211968787e-16,24
96,1,2,krylov,0,722396,17,0.04247628762777598,1.4166666666666667,0.021695657398553437,5.025211646820319e-16,24
96,1,2,krylov,0,722396,18,0.049925498072613005,1.5,0.025596388785312427,5.052870566169028e-16,24
96,1,2,krylov,0,722396,19,0.05727621083677832,1.5833333333333333,0.029474131495089116,5.071523516117629e-16,24
96,1,2,krylov,0,722396,20,0.06307592262592542,1.6666666666666667,0.032553850967618314,5.290786514640093e-16,24
96,1,2,krylov,0,722396,21,0.06952636231926486,1.75,0.03600016062349493,5.291426487397377e-16,24
96,1,2,krylov,0,722396,22,0.07552226660918875,1.8333333333333333,0.03922362040697354,5.335957731073849e-16,24
96,1,2,krylov,0,722396,23,0.0836353729371881,1.9166666666666667,0.04361619358638272,5.336085011997144e-16,24
96,1,2,krylov,0,722396,24,0.09245784588834158,2.0,0.04843345156791585,5.3398289808909275e-16,24
96,1,2,krylov,1,722397,0,0.0,0.0,0.0,0.0,24
96,1,2,krylov,1,722397,1,0.2137521907087757,0.08333333333333333,0.11915787530984845,2.220446049250313e-16,24
96,1,2,krylov,1,722397,2,0.3335719632054399,0.16666666666666666,0.1979727498198935,2.220446049250313e-16,24
96,1,2,krylov,1,722397,3,0.4114933139843232,0.25,0.25453480905579023,4.45168169142831e-16,24
96,1,2,krylov,1,722397,4,0.507431173040886,0.3333333333333333,0.3305094199247018,4.460528005416456e-16,24
96,1,2,krylov,1,722397,5,0.57104143779503,0.4166666666666667,0.3850547754152648,4.460587298411487e-16,24
96,1,2,krylov,1,722397,6,0.6128467925892059,0.5,0.4228390949841662,4.464087651525859e-16,24
96,1,2,krylov,1,722397,7,0.6511116914706087,0.5833333333333334,0.45883575176100916,4.464849317266771e-16,24
96,1,2,krylov,1,722397,8,0.6902985173763434,0.6666666666666666,0.49715539040734624,4.532937586823213e-16,24
96,1,2,krylov,1,722397,9,0.7292305813360931,0.75,0.5367423079985474,4.53556618428244e-16,24
96,1,2,krylov,1,722397,10,0.7636140488336226,0.8333333333333334,0.573009018200647,4.535566943308751e-16,24
96,1,2,krylov,1,722397,11,0.7841842262750965,0.9166666666666666,0.5953095810336231,4.54455213185762e-16,24
96,1,2,krylov,1,722397,12,0.8156168539617368,1.0,0.6302848418599828,4.763138879531667e-16,24
96,1,2,krylov,1,722397,13,0.8417940087509757,1.0833333333333333,0.660263144606904,5.193256699168517e-16,24
96,1,2,krylov,1,722397,14,0.8664231978855064,1.1666666666666667,0.6891942980181922,5.202116456746138e-16,24
96,1,2,krylov,1,722397,15,0.8918221091146851,1.25,0.7197853840469475,5.220324141792676e-16,24
96,1,2,krylov,1,722397,16,0.9189898154208708,1.3333333333333333,0.7533784116901062,5.232399898204495e-16,24
96,1,2,krylov,1,722397,17,0.9435456633242569,1.4166666666666667,0.7845371806430153,5.252172937035302e-16,24
96,1,2,krylov,1,722397,18,0.9611798352010137,1.5,0.8073898316635814,5.282156568988379e-16,24
96,1,2,krylov,1,722397,19,0.9744894535784544,1.5833333333333333,0.824907006257416,5.30743193260339e-16,24
96,1,2,krylov,1,722397,20,0.9860348546790376,1.6666666666666667,0.8402922324703759,5.31115225847581e-16,24
96,1,2,krylov,1,722397,21,0.997718360742385,1.75,0.8560433800345782,6.755782320038847e-16,24
96,1,2,krylov,1,722397,22,1.00795024414165,1.8333333333333333,0.8699894835664529,6.8404127391936295e-16,24
96,1,2,krylov,1,722397,23,1.0218309563207115,1.9166666666666667,0.8891385068573915,6.840518519023294e-16,24
96,1,2,krylov,1,722397,24,1.0342946981583083,2.0,0.9065607180176012,6.842935273884654e-16,24
96,1,2,krylov,2,722398,0,0.0,0.0,0.0,0.0,24
96,1,2,krylov,2,722398,1,0.03304720027656166,0.08333333333333333,0.016799662131961227,0.0,24
96,1,2,krylov,2,722398,2,0.06336216952209922,0.16666666666666666,0.03270631467459349,3.469446951953614e-18,24
96,1,2,krylov,2,722398,3,0.08638668673577114,0.25,0.045113911722440836,2.3515171270929236e-16,24
96,1,2,krylov,2,722398,4,0.11857580938158287,0.3333333333333333,0.06294611203000783,2.784323701017797e-16,24
96,1,2,krylov,2,722398,5,0.14797599303011538,0.4166666666666667,0.07974253015296068,2.807169251929406e-16,24
96,1,2,krylov,2,722398,6,0.17155938217176614,0.5,0.09357731822988356,2.8707815118206637e-16,24
96,1,2,krylov,2,722398,7,0.20786131573825722,0.5833333333333334,0.11552121574950738,2.87954104532064e-16,24
96,1,2,krylov,2,722398,8,0.24905411024246266,0.6666666666666666,0.14140572221507688,4.650261730355779e-16,24
96,1,2,krylov,2,722398,9,0.2897786280358764,0.75,0.1680658365956514,4.652977748954031e-16,24
96,1,2,krylov,2,722398,10,0.3236771396155172,0.8333333333333334,0.19110048856665576,4.652993897706205e-16,24
96,1,2,krylov,2,722398,11,0.3619855521453632,0.9166666666666666,0.21808909605835247,4.69429234123885e-16,24
96,1,2,krylov,2,722398,12,0.4023399030178697,1.0,0.24765975495988105,4.695082776505179e-16,24
96,1,2,krylov,2,722398,13,0.44217784109712416,1.0833333333333333,0.2780462265085074,4.710098478202752e-16,24
96,1,2,krylov,2,722398,14,0.47344594875227586,1.1666666666666667,0.3027586008740143,4.751625595120242e-16,24
96,1,2,krylov,2,722398,15,0.5028249989440097,1.25,0.3266927458282568,4.763976577267948e-16,24
96,1,2,krylov,2,722398,16,0.5423259062861286,1.3333333333333333,0.36000138929738174,4.764214191286769e-16,24
96,1,2,krylov,2,722398,17,0.5739520818588655,1.4166666666666667,0.38763460750865175,4.765279381767214e-16,24
96,1,2,krylov,2,722398,18,0.5992040164227683,1.5,0.4103345004172499,4.768543586140218e-16,24
96,1,2,krylov,2,722398,19,0.6296341745645943,1.5833333333333333,0.4384619135900051,4.803878888005544e-16,24
96,1,2,krylov,2,722398,20,0.6522280431587724,1.6666666666666667,0.4599067473638072,4.80501896845148e-16,24
96,1,2,krylov,2,722398,21,0.6744558710574291,1.75,0.481482289741272,4.830125864107621e-16,24
96,1,2,krylov,2,722398,22,0.7117002851759072,1.8333333333333333,0.5187262828011638,4.83015656952611e-16,24
96,1,2,krylov,2,722398,23,0.7420672527718869,1.9166666666666667,0.550136412304971,4.834720950121454e-16,24
96,1,2,krylov,2,722398,24,0.7748508037243168,2.0,0.5851341535395086,4.836241392952026e-16,24
96,1,2,krylov,3,722399,0,0.0,0.0,0.0,0.0,24
96,1,2,krylov,3,722399,1,0.04524805155462301,0.08333333333333333,0.023143680464515697,0.0,24
96,1,2,krylov,3,722399,2,0.08530976136854035,0.16666666666666666,0.044527180712336745,4.85722573273506e-17,24
96,1,2,krylov,3,722399,3,0.12510834240908938,0.25,0.06663561387540995,2.225657179436829e-16,24
96,1,2,krylov,3,722399,4,0.1723194009218703,0.3333333333333333,0.09402861959840215,2.3371308098510514e-16,24
96,1,2,krylov,3,722399,5,0.21957198340873882,0.4166666666666667,0.12277175159796525,2.337650119745854e-16,24
96,1,2,krylov,3,722399,6,0.2754241466822368,0.5,0.15854459771218843,2.4792624731690854e-16,24
96,1,2,krylov,3,722399,7,0.33259277761766004,0.5833333333333334,0.1972896394630954,2.4957325802687397e-16,24
96,1,2,krylov,3,722399,8,0.40113974863042995,0.6666666666666666,0.2467629860628567,3.385312129121301e-16,24
96,1,2,krylov,3,722399,9,0.4708637744011476,0.75,0.30068841214907377,3.452251457067453e-16,24
96,1,2,krylov,3,722399,10,0.5326738395714039,0.8333333333333334,0.3517405298298309,3.5118555564155346e-16,24
96,1,2,krylov,3,722399,11,0.5839707142347658,0.9166666666666666,0.3965721887382172,4.663756319837308e-16,24
96,1,2,krylov,3,722399,12,0.6027393863984056,1.0,0.41355856545108277,4.68457321893546e-16,24
96,1,2,krylov,3,722399,13,0.6171254676194515,1.0833333333333333,0.4267960828727137,4.684674484010892e-16,24
96,1,2,krylov,3,722399,14,0.6278692635426509,1.1666666666666667,0.4368070725681724,4.715026081279924e-16,24
96,1,2,krylov,3,722399,15,0.6371166076699002,1.25,0.4455102284682554,4.882269056018021e-16,24
96,1,2,krylov,3,722399,16,0.6444027026221822,1.3333333333333333,0.452424464071715,4.935663423235254e-16,24
96,1,2,krylov,3,722399,17,0.6513113711789168,1.4166666666666667,0.4590272309208512,4.941636806628805e-16,24
96,1,2,krylov,3,722399,18,0.6561225115515358,1.5,0.4636523627075911,4.949693808561957e-16,24
96,1,2,krylov,3,722399,19,0.6623095184422789,1.5833333333333333,0.46963296846280456,5.946795899867797e-16,24
96,1,2,krylov,3,722399,20,0.6692218933693688,1.6666666666666667,0.47635865353096857,5.964882004515679e-16,24
96,1,2,krylov,3,722399,21,0.6782067003075588,1.75,0.48517057496204224,5.9650601421983e-16,24
96,1,2,krylov,3,722399,22,0.6884772715223879,1.8333333333333333,0.49534097803384786,6.049577222709814e-16,24
96,1,2,krylov,3,722399,23,0.6971058987064163,1.9166666666666667,0.5039665642212021,6.053675333707545e-16,24
96,1,2,krylov,3,722399,24,0.703808591088205,2.0,0.5107184458777004,6.060480996840407e-16,24
96,1,2,krylov,4,722400,0,0.0,0.0,0.0,0.0,24
96,1,2,krylov,4,722400,1,0.03224747114637791,0.08333333333333333,0.016386527607560923,1.1102230246251565e-16,24
96,1,2,krylov,4,722400,2,0.05370604353359485,0.16666666666666666,0.02758719061452141,1.1479708673460215e-16,24
96,1,2,krylov,4,722400,3,0.07585280202294413,0.25,0.03940188236877425,1.2385545780842892e-16,24
96,1,2,krylov,4,722400,4,0.10329616273771536,0.3333333333333333,0.054409875772727836,6.937589005595411e-17,24
96,1,2,krylov,4,722400,5,0.1339336232075689,0.4166666666666667,0.07165846370777977,9.056456942748575e-17,24
96,1,2,krylov,4,722400,6,0.15875320408121638,0.5,0.0860243270798083,9.719021584285696e-17,24
96,1,2,krylov,4,722400,7,0.18404905810476885,0.5833333333333334,0.10103739658047634,1.0097673855495893e-16,24
96,1,2,krylov,4,722400,8,0.20847024383606544,0.6666666666666666,0.11589613805135146,2.7894452619664054e-16,24
96,1,2,krylov,4,722400,9,0.2280321314142999,0.75,0.12806284293937348,2.81649254250766e-16,24
96,1,2,krylov,4,722400,10,0.24865547429182489,0.8333333333333334,0.1411500857915767,2.8274676091296633e-16,24
96,1,2,krylov,4,722400,11,0.27397832609547623,0.9166666666666666,0.1575931483537935,2.832387115734188e-16,24
96,1,2,krylov,4,722400,12,0.29595428558551934,1.0,0.17220434828543366,2.9385138176018936e-16,24
96,1,2,krylov,4,722400,13,0.31595089486958616,1.0833333333333333,0.18578145159857465,2.987687625607089e-16,24
96,1,2,krylov,4,722400,14,0.33008556211397233,1.1666666666666667,0.1955435738645086,3.2049625845251943e-16,24
96,1,2,krylov,4,722400,15,0.3452729323748194,1.25,0.2061876750127368,3.2721582887654875e-16,24
96,1,2,krylov,4,722400,16,0.36322451637151715,1.3333333333333333,0.2189793341322444,4.56884184008168e-16,24
96,1,2,krylov,4,722400,17,0.3780467340387023,1.4166666666666667,0.22971557319687524,4.590904942032652e-16,24
96,1,2,krylov,4,722400,18,0.39449583943437033,1.5,0.24181800578235943,4.638260319884994e-16,24
96,1,2,krylov,4,722400,19,0.40932245834544295,1.5833333333333333,0.2528985995407145,5.012536174923506e-16,24
96,1,2,krylov,4,722400,20,0.4221265761224333,1.6666666666666667,0.26260078328300024,5.015593820955995e-16,24
96,1,2,krylov,4,722400,21,0.4320166934191395,1.75,0.2701804144177219,5.039480729375102e-16,24
96,1,2,krylov,4,722400,22,0.443193999918019,1.8333333333333333,0.278837246877735,5.294874583446654e-16,24
96,1,2,krylov,4,722400,23,0.45273510856951105,1.9166666666666667,0.2863037805349532,5.330579528146947e-16,24
96,1,2,krylov,4,722400,24,0.4625190733311511,2.0,0.294034706900451,5.351991585452002e-16,24
96,1,2,krylov,5,722401,0,0.0,0.0,0.0,0.0,24
96,1,2,krylov,5,722401,1,0.0325764603080765,0.08333333333333333,0.01655644112671153,2.220446049250313e-16,24
96,1,2,krylov,5,722401,2,0.05836990970006703,0.16666666666666666,0.03005353353876879,2.2473876566261383e-16,24
96,1,2,krylov,5,722401,3,0.08064843983639414,0.25,0.04199487098013378,2.2879592141826466e-16,24
96,1,2,krylov,5,722401,4,0.09938794990384814,0.3333333333333333,0.05224735253410127,8.007362617371899e-17,24
96,1,2,krylov,5,722401,5,0.1156410011627293,0.4166666666666667,0.0612963951390934,8.051782435118233e-17,24
96,1,2,krylov,5,722401,6,0.133064368762119,0.5,0.07116176295786591,1.217673917555419e-16,24
96,1,2,krylov,5,722401,7,0.14693638017719876,0.5833333333333334,0.07914013555007246,1.2211350796426428e-16,24
96,1,2,krylov,5,722401,8,0.1578968082707981,0.6666666666666666,0.08552267313912057,3.4291687700846045e-16,24
96,1,2,krylov,5,722401,9,0.16845630989724278,0.75,0.09173825975228465,3.4304052868616153e-16,24
96,1,2,krylov,5,722401,10,0.18123032817602316,0.8333333333333334,0.09934561993330415,3.891290034463706e-16,24
96,1,2,krylov,5,722401,11,0.19539640671280634,0.9166666666666666,0.10789641971074047,3.9608530897695563e-16,24
96,1,2,krylov,5,722401,12,0.2107625518886968,1.0,0.11730958113273766,3.971569224524278e-16,24
96,1,2,krylov,5,722401,13,0.22648237251111944,1.0833333333333333,0.1270902507931009,3.9721867642922877e-16,24
96,1,2,krylov,5,722401,14,0.24101058898220032,1.1666666666666667,0.13626725504108186,4.0123809277342904e-16,24
96,1,2,krylov,5,722401,15,0.25431460539269546,1.25,0.14478872423756,4.0128461813949004e-16,24
96,1,2,krylov,5,722401,16,0.26876553124170816,1.3333333333333333,0.15417416913487597,4.0657604276564133e-16,24
96,1,2,krylov,5,722401,17,0.28183126498041744,1.4166666666666667,0.16277751678045527,4.066196718495841e-16,24
96,1,2,krylov,5,722401,18,0.2914772909693267,1.5,0.16920161965256603,4.1359195784184323e-16,24
96,1,2,krylov,5,722401,19,0.2984441203550337,1.5833333333333333,0.1738801113648939,4.160987980965932e-16,24
96,1,2,krylov,5,722401,20,0.30626890747007035,1.6666666666666667,0.17917376361871581,4.1739035798079534e-16,24
96,1,2,krylov,5,722401,21,0.31406148528943517,1.75,0.18448695285829425,4.184352220289766e-16,24
96,1,2,krylov,5,722401,22,0.3224899718327721,1.8333333333333333,0.19028052314655758,4.216568659594847e-16,24
96,1,2,krylov,5,722401,23,0.3302438069275675,1.9166666666666667,0.19565364873686106,4.2194208949525517e-16,24
96,1,2,krylov,5,722401,24,0.33825217892758497,2.0,0.20124706914077523,4.227772297124686e-16,24
96,1,2,krylov,6,722402,0,0.0,0.0,0.0,0.0,24
96,1,2,krylov,6,722402,1,0.012249870736192927,0.08333333333333333,0.00616260385558519,0.0,24
96,1,2,krylov,6,722402,2,0.023524147554965222,0.16666666666666666,0.011901511393952978,2.224766048351711e-16,24
96,1,2,krylov,6,722402,3,0.03351298054780759,0.25,0.017040433287642928,2.258744446969532e-16,24
96,1,2,krylov,6,722402,4,0.04463107099704678,0.3333333333333333,0.02282101053562229,4.473419780173701e-16,24
96,1,2,krylov,6,722402,5,0.054643911708988156,0.4166666666666667,0.028082229954879325,4.47627219696431e-16,24
96,1,2,krylov,6,722402,6,0.06380258944830981,0.5,0.03294098082242511,4.487681240502693e-16,24
96,1,2,krylov,6,722402,7,0.07453649122238327,0.5833333333333334,0.038692328944039775,4.49088736537391e-16,24
96,1,2,krylov,6,722402,8,0.08605251885557352,0.6666666666666666,0.044931782594641353,6.761724392726647e-16,24
96,1,2,krylov,6,722402,9,0.1009578877167062,0.75,0.05311502745451541,6.82262901380518e-16,24
96,1,2,krylov,6,722402,10,0.12147454685881623,0.8333333333333334,0.06458031243729012,6.822920296602618e-16,24
96,1,2,krylov,6,722402,11,0.1365405268357864,0.9166666666666666,0.0731506664001497,6.877399786342249e-16,24
96,1,2,krylov,6,722402,12,0.14810881750043753,1.0,0.07981953926168518,6.93072021725025e-16,24
96,1,2,krylov,6,722402,13,0.15874907611582795,1.0833333333333333,0.08602190799666247,7.188834696059619e-16,24
96,1,2,krylov,6,722402,14,0.16922097590274277,1.1666666666666667,0.09219091492662677,7.263696905038244e-16,24
96,1,2,krylov,6,722402,15,0.18128207531455187,1.25,0.09937663515659323,7.265874153714287e-16,24
96,1,2,krylov,6,722402,16,0.19269914125162055,1.3333333333333333,0.10625897100353364,7.272933490455878e-16,24
96,1,2,krylov,6,722402,17,0.2057208946967352,1.4166666666666667,0.11420515015750853,7.274676788832375e-16,24
96,1,2,krylov,6,722402,18,0.2189307129010393,1.5,0.12237251446381862,7.274677581074586e-16,24
96,1,2,krylov,6,722402,19,0.22996561631559126,1.5833333333333333,0.12927836768395656,7.275072401463616e-16,24
96,1,2,krylov,6,722402,20,0.24092884191887323,1.6666666666666667,0.1362152441873871,7.327438761753721e-16,24
96,1,2,krylov,6,722402,21,0.25238561020344386,1.75,0.14354612875608538,7.333310574720004e-16,24
96,1,2,krylov,6,722402,22,0.2643749399916955,1.8333333333333333,0.15130825388701546,7.333314396021243e-16,24
96,1,2,krylov,6,722402,23,0.2763452192534729,1.9166666666666667,0.1591514445101443,7.340519405283735e-16,24
96,1,2,krylov,6,722402,24,0.28855097609222785,2.0,0.16724618749771664,7.343155226959726e-16,24
96,1,2,krylov,7,722403,0,0.0,0.0,0.0,0.0,24
96,1,2,krylov,7,722403,1,0.01308065412008846,0.08333333333333333,0.0065832900617761965,0.0,24
96,1,2,krylov,7,722403,2,0.02614448960468015,0.16666666666666666,0.013244627392727982,1.127307362127858e-16,24
96,1,2,krylov,7,722403,3,0.03623304189802051,0.25,0.01844872944439812,1.3056715206772186e-16,24
96,1,2,krylov,7,722403,4,0.05075963431121014,0.3333333333333333,0.026034990681511033,2.305379995340943e-16,24
96,1,2,krylov,7,722403,5,0.06302595917627353,0.4166666666666667,0.032527243404806894,2.33090698972863e-16,24
96,1,2,krylov,7,722403,6,0.07549928344001956,0.5,0.039211227481700736,2.404515942054099e-16,24
96,1,2,krylov,7,722403,7,0.09043702029447342,0.5833333333333334,0.04732628228724579,2.620439092610697e-16,24
96,1,2,krylov,7,722403,8,0.10903631105297258,0.6666666666666666,0.05760142189789971,5.666800796916236e-16,24
96,1,2,krylov,7,722403,9,0.1294416625636316,0.75,0.06909635514057749,5.757572673085468e-16,24
96,1,2,krylov,7,722403,10,0.15671071568233808,0.8333333333333334,0.08482860073457187,5.7859648517254135e-16,24
96,1,2,krylov,7,722403,11,0.18202451565380925,0.9166666666666666,0.0998218017833237,5.826626056142729e-16,24
96,1,2,krylov,7,722403,12,0.204164465948241,1.0,0.11324992716542655,5.838790039096628e-16,24
96,1,2,krylov,7,722403,13,0.22689006708262308,1.0833333333333333,0.12734596420713568,6.186683953425462e-16,24
96,1,2,krylov,7,722403,14,0.25457533609647404,1.1666666666666667,0.14495686237385358,6.187656021107532e-16,24
96,1,2,krylov,7,722403,15,0.28745799945741063,1.25,0.16651730140540547,6.219048663823885e-16,24
96,1,2,krylov,7,722403,16,0.30891874946982734,1.3333333333333333,0.18097585335474867,6.219115300055246e-16,24
96,1,2,krylov,7,722403,17,0.3297983768379435,1.4166666666666667,0.19534385267112403,6.219903784011046e-16,24
96,1,2,krylov,7,722403,18,0.3521038108039985,1.5,0.2110280704238154,6.240563416048075e-16,24
96,1,2,krylov,7,722403,19,0.3830009643647055,1.5833333333333333,0.23333972224080346,6.240675222454796e-16,24
96,1,2,krylov,7,722403,20,0.40821311640339747,1.6666666666666667,0.2520638406482695,6.264305475886138e-16,24
96,1,2,krylov,7,722403,21,0.42679892849069495,1.75,0.26617225996019644,6.264316824178262e-16,24
96,1,2,krylov,7,722403,22,0.4388392580519754,1.8333333333333333,0.2754529858517061,6.271418830785982e-16,24
96,1,2,krylov,7,722403,23,0.45371199748682417,1.9166666666666667,0.28707228729555173,6.271531175754647e-16,24
96,1,2,krylov,7,722403,24,0.467595909124436,2.0,0.29807614088950857,6.278070629694835e-16,24
96,1,2,reply_null,0,722404,0,0.0,0.0,0.0,0.0,24
96,1,2,reply_null,0,722404,1,0.010877984209084835,0.08333333333333333,0.005468682298481532,0.0,24
96,1,2,reply_null,0,722404,2,0.044274644463321834,0.16666666666666666,0.022634696460690964,3.469446951953614e-18,24
96,1,2,reply_null,0,722404,3,0.09158097339921362,0.25,0.04795275614721418,1.1310058084582531e-16,24
96,1,2,reply_null,0,722404,4,0.0937883916512052,0.3333333333333333,0.04916365304862921,2.5102624010904015e-16,24
96,1,2,reply_null,0,722404,5,0.13079884575629644,0.4166666666666667,0.06986924750841135,2.5321678675001055e-16,24
96,1,2,reply_null,0,722404,6,0.1541631256319772,0.5,0.08334059343126471,4.533471335019694e-16,24
96,1,2,reply_null,0,722404,7,0.16504583214313315,0.5833333333333334,0.08972358703217212,4.533978449945679e-16,24
96,1,2,reply_null,0,722404,8,0.17433515289059587,0.6666666666666666,0.0952272416143221,6.039364573996132e-16,24
96,1,2,reply_null,0,722404,9,0.1834609657000188,0.75,0.10068403496740129,6.040424441089685e-16,24
96,1,2,reply_null,0,722404,10,0.18352116408658278,0.8333333333333334,0.10072019626555603,6.040666297563165e-16,24
96,1,2,reply_null,0,722404,11,0.18437568329324358,0.9166666666666666,0.10123374259744669,6.040667447582594e-16,24
96,1,2,reply_null,0,722404,12,0.21942077478848543,1.0,0.12267759025985578,6.044300750767776e-16,24
96,1,2,reply_null,0,722404,13,0.22769667660404705,1.0833333333333333,0.12785219157155114,6.046243226975432e-16,24
96,1,2,reply_null,0,722404,14,0.2298507013328617,1.1666666666666667,0.12920605832599588,6.085419943909245e-16,24
96,1,2,reply_null,0,722404,15,0.2321181631371023,1.25,0.13063437774815279,6.098504326176958e-16,24
96,1,2,reply_null,0,722404,16,0.2841744407830581,1.3333333333333333,0.1643323419232415,6.102787113212667e-16,24
96,1,2,reply_null,0,722404,17,0.31381298225484916,1.4166666666666667,0.18431687690644474,6.109205803791878e-16,24
96,1,2,reply_null,0,722404,18,0.34696468218164467,1.5,0.2073833790063449,6.117859203210594e-16,24
96,1,2,reply_null,0,722404,19,0.35981354571626845,1.5833333333333333,0.21653109453222025,6.124793585817464e-16,24
96,1,2,reply_null,0,722404,20,0.3598457922624501,1.6666666666666667,0.2165542005577934,6.168709328124145e-16,24
96,1,2,reply_null,0,722404,21,0.3612762585955927,1.75,0.21757994068601466,6.1689987477458265e-16,24
96,1,2,reply_null,0,722404,22,0.36646098143698724,1.8333333333333333,0.2213100552442187,6.234385301442361e-16,24
96,1,2,reply_null,0,722404,23,0.38824525486882716,1.9166666666666667,0.23719567080228407,6.522297541017863e-16,24
96,1,2,reply_null,0,722404,24,0.3943563228347665,2.0,0.24171451707603198,6.530603779016308e-16,24
96,1,2,reply_null,1,722405,0,0.0,0.0,0.0,0.0,24
96,1,2,reply_null,1,722405,1,0.0012458955715957609,0.08333333333333333,0.0006233360109543181,2.220446049250313e-16,24
96,1,2,reply_null,1,722405,2,0.003835236722525116,0.16666666666666666,0.0019213003270072452,2.220988018052242e-16,24
96,1,2,reply_null,1,722405,3,0.00739327671017268,0.25,0.0037103372292606493,2.310537697419103e-16,24
96,1,2,reply_null,1,722405,4,0.01992487265292564,0.3333333333333333,0.010062348942797053,2.280610892058843e-16,24
96,1,2,reply_null,1,722405,5,0.05618913097105578,0.4166666666666667,0.028898863565063413,2.723537576325402e-16,24
96,1,2,reply_null,1,722405,6,0.06128540099013389,0.5,0.03160115494118653,2.7871858692137297e-16,24
96,1,2,reply_null,1,722405,7,0.12840406964084636,0.5833333333333334,0.06850617102847913,2.787186035523988e-16,24
96,1,2,reply_null,1,722405,8,0.14451766567549565,0.6666666666666666,0.07774105357770032,4.53384524892516e-16,24
96,1,2,reply_null,1,722405,9,0.14521629578786657,0.75,0.0781448219008143,4.536366997792649e-16,24
96,1,2,reply_null,1,722405,10,0.17192425782483708,0.8333333333333334,0.0937939396590603,4.536380089306747e-16,24
96,1,2,reply_null,1,722405,11,0.23583227092290895,0.9166666666666666,0.1329809768640359,4.53648954818682e-16,24
96,1,2,reply_null,1,722405,12,0.23631312035569899,1.0,0.13328541859717924,4.741817092675783e-16,24
96,1,2,reply_null,1,722405,13,0.2522238351588303,1.0833333333333333,0.14344202747311668,4.746748350736908e-16,24
96,1,2,reply_null,1,722405,14,0.2921914064448744,1.1666666666666667,0.16967967755938032,5.503668819937159e-16,24
96,1,2,reply_null,1,722405,15,0.31238013384161073,1.25,0.1833370566897736,5.541061721523345e-16,24
96,1,2,reply_null,1,722405,16,0.3369883828065937,1.3333333333333333,0.2003613955882204,5.541098573697952e-16,24
96,1,2,reply_null,1,722405,17,0.3383235839128285,1.4166666666666667,0.2012971434651563,5.551533417576707e-16,24
96,1,2,reply_null,1,722405,18,0.35500732767398063,1.5,0.2130955524533207,5.634358625040531e-16,24
96,1,2,reply_null,1,722405,19,0.357223795878378,1.5833333333333333,0.21467785899030792,5.63453684517076e-16,24
96,1,2,reply_null,1,722405,20,0.39657499662004747,1.6666666666666667,0.24336196653189165,5.641851567577238e-16,24
96,1,2,reply_null,1,722405,21,0.39754388328487145,1.75,0.2440825490534296,5.641851578165124e-16,24
96,1,2,reply_null,1,722405,22,0.4346686716075853,1.8333333333333333,0.2722256268085888,5.641854978232132e-16,24
96,1,2,reply_null,1,722405,23,0.46606777755661327,1.9166666666666667,0.29685750689876933,5.642024323155356e-16,24
96,1,2,reply_null,1,722405,24,0.4716885740180882,2.0,0.30134909207152166,5.643860899705487e-16,24
96,1,2,reply_null,2,722406,0,0.0,0.0,0.0,0.0,24
96,1,2,reply_null,2,722406,1,0.01443161229032136,0.08333333333333333,0.0072681253841684725,0.0,24
96,1,2,reply_null,2,722406,2,0.01629225601219089,0.16666666666666666,0.008212849261692426,1.0408340855860843e-17,24
96,1,2,reply_null,2,722406,3,0.016388196840330754,0.25,0.008261609962355525,2.4786297734390092e-17,24
96,1,2,reply_null,2,722406,4,0.035250515876775926,0.3333333333333333,0.017939590239255065,1.1772303437890088e-16,24
96,1,2,reply_null,2,722406,5,0.053747471048474334,0.4166666666666667,0.02760904769344996,2.358909568779356e-16,24
96,1,2,reply_null,2,722406,6,0.05383890295792469,0.5,0.027657290201542475,2.4877973735242475e-16,24
96,1,2,reply_null,2,722406,7,0.0570280295835948,0.5833333333333334,0.029342742246455035,2.4913511514219325e-16,24
96,1,2,reply_null,2,722406,8,0.08456839057399765,0.6666666666666666,0.04412363377116368,4.484634673741583e-16,24
96,1,2,reply_null,2,722406,9,0.113933927067906,0.75,0.06033903797572655,4.658928935795229e-16,24
96,1,2,reply_null,2,722406,10,0.1682397740981142,0.8333333333333334,0.09161014110697151,4.67399869905192e-16,24
96,1,2,reply_null,2,722406,11,0.18821761167793635,0.9166666666666666,0.10354808249632443,4.690198607268813e-16,24
96,1,2,reply_null,2,722406,12,0.20132083871468728,1.0,0.11150855005867559,4.699012117167333e-16,24
96,1,2,reply_null,2,722406,13,0.23951415832129996,1.0833333333333333,0.13531583725502738,4.731146822884948e-16,24
96,1,2,reply_null,2,722406,14,0.2591497125301243,1.1666666666666667,0.147913895981937,4.73581939037168e-16,24
96,1,2,reply_null,2,722406,15,0.2766051645440313,1.25,0.15932281009578309,4.765749324486815e-16,24
96,1,2,reply_null,2,722406,16,0.278229891227238,1.3333333333333333,0.1603949001490145,4.999158510849631e-16,24
96,1,2,reply_null,2,722406,17,0.28049703730948206,1.4166666666666667,0.16189381034177983,5.004364190402682e-16,24
96,1,2,reply_null,2,722406,18,0.28398615456703435,1.5,0.16420726907551492,6.886493907807224e-16,24
96,1,2,reply_null,2,722406,19,0.29077794898804815,1.5833333333333333,0.1687337824741605,6.88657630524968e-16,24
96,1,2,reply_null,2,722406,20,0.2909653910986158,1.6666666666666667,0.16885914309431804,6.905232315181603e-16,24
96,1,2,reply_null,2,722406,21,0.29164356955556514,1.75,0.1693129028035365,6.908411444092607e-16,24
96,1,2,reply_null,2,722406,22,0.39628031595147656,1.8333333333333333,0.24314294440298234,6.911151344126737e-16,24
96,1,2,reply_null,2,722406,23,0.3973974881102104,1.9166666666666667,0.24397362693172991,6.925997271804282e-16,24
96,1,2,reply_null,2,722406,24,0.40381865776016745,2.0,0.24876617823086322,6.967225033011434e-16,24
96,1,2,reply_null,3,722407,0,0.0,0.0,0.0,0.0,24
96,1,2,reply_null,3,722407,1,0.00012437821449055202,0.08333333333333333,6.21929748907123e-05,0.0,24
96,1,2,reply_null,3,722407,2,0.00013028677953960224,0.16666666666666666,6.514763361547133e-05,1.1757450506243963e-16,24
96,1,2,reply_null,3,722407,3,0.02035070750624237,0.25,0.010279597521066929,2.2461424811191994e-16,24
96,1,2,reply_null,3,722407,4,0.020601013798060237,0.3333333333333333,0.010407339701581626,2.28213688030872e-16,24
96,1,2,reply_null,3,722407,5,0.02650707709868796,0.4166666666666667,0.013430757218121835,2.3625378046971456e-16,24
96,1,2,reply_null,3,722407,6,0.05664749917976884,0.5,0.02914134955943608,2.3705543127641125e-16,24
96,1,2,reply_null,3,722407,7,0.056794300285779475,0.5833333333333334,0.02921903379671379,2.6337405894922947e-16,24
96,1,2,reply_null,3,722407,8,0.0568163907946302,0.6666666666666666,0.029230724643591763,3.366473145820133e-16,24
96,1,2,reply_null,3,722407,9,0.07236518509905651,0.75,0.03752393192445668,3.3665729410564662e-16,24
96,1,2,reply_null,3,722407,10,0.08068941836926957,0.8333333333333334,0.04201708158984848,3.485752162237259e-16,24
96,1,2,reply_null,3,722407,11,0.08210191726867676,0.9166666666666666,0.04278322107926642,3.527431982042284e-16,24
96,1,2,reply_null,3,722407,12,0.08254695579777305,1.0,0.043024834285198606,3.554912641395138e-16,24
96,1,2,reply_null,3,722407,13,0.08432267754352728,1.0833333333333333,0.04398995192851709,3.5685647738364246e-16,24
96,1,2,reply_null,3,722407,14,0.09297008910244955,1.1666666666666667,0.04871445484673828,4.767400850104776e-16,24
96,1,2,reply_null,3,722407,15,0.10049590651142762,1.25,0.05285955772312505,4.776622494876159e-16,24
96,1,2,reply_null,3,722407,16,0.10577175107154112,1.3333333333333333,0.055784066656994216,4.778891194553537e-16,24
96,1,2,reply_null,3,722407,17,0.17134842667044864,1.4166666666666667,0.09345211303597208,4.78203592875849e-16,24
96,1,2,reply_null,3,722407,18,0.21771177832431948,1.5,0.12161434525954179,4.784054440021853e-16,24
96,1,2,reply_null,3,722407,19,0.23531618688443992,1.5833333333333333,0.13265438976566496,4.799275371526467e-16,24
96,1,2,reply_null,3,722407,20,0.23875077798265715,1.6666666666666667,0.13483103470394947,4.952446767569769e-16,24
96,1,2,reply_null,3,722407,21,0.24128897606437585,1.75,0.13644440828313928,5.042410371473743e-16,24
96,1,2,reply_null,3,722407,22,0.27834585373692633,1.8333333333333333,0.160471485639458,5.042626956847107e-16,24
96,1,2,reply_null,3,722407,23,0.28194687933797424,1.9166666666666667,0.16285414780699903,5.373879354444026e-16,24
96,1,2,reply_null,3,722407,24,0.28550098988714595,2.0,0.1652141961784037,5.374350611106232e-16,24
96,1,2,reply_null,4,722408,0,0.0,0.0,0.0,0.0,24
96,1,2,reply_null,4,722408,1,0.001259439823028682,0.08333333333333333,0.0006301166252094211,0.0,24
96,1,2,reply_null,4,722408,2,0.012805518701485455,0.16666666666666666,0.00644393022849989,2.2339168529382254e-16,24
96,1,2,reply_null,4,722408,3,0.024589312804005295,0.25,0.012447061593797356,2.24011588568825e-16,24
96,1,2,reply_null,4,722408,4,0.0973642014541356,0.3333333333333333,0.051130872928538566,2.2294890630592235e-16,24
96,1,2,reply_null,4,722408,5,0.09788685145412106,0.4166666666666667,0.05141899676667002,2.30744987314593e-16,24
96,1,2,reply_null,4,722408,6,0.12558667962729428,0.5,0.06690672161397844,2.3622975175690865e-16,24
96,1,2,reply_null,4,722408,7,0.1292258172966638,0.5833333333333334,0.06897353164178437,2.399548771280332e-16,24
96,1,2,reply_null,4,722408,8,0.15883600506437193,0.6666666666666666,0.08607285247919146,4.485573625317906e-16,24
96,1,2,reply_null,4,722408,9,0.16346929239704483,0.75,0.08879459684540228,4.486336364571188e-16,24
96,1,2,reply_null,4,722408,10,0.16705307644375436,0.8333333333333334,0.0909084951433751,4.494180638859157e-16,24
96,1,2,reply_null,4,722408,11,0.18222413929895664,0.9166666666666666,0.09994155234995936,4.494502496290116e-16,24
96,1,2,reply_null,4,722408,12,0.19047125435340412,1.0,0.10490979804553621,4.499955100942049e-16,24
96,1,2,reply_null,4,722408,13,0.20394441678903744,1.0833333333333333,0.11311499688076448,4.513904703231211e-16,24
96,1,2,reply_null,4,722408,14,0.20863996525753692,1.1666666666666667,0.11600067769043758,4.519068163006009e-16,24
96,1,2,reply_null,4,722408,15,0.21311319288970676,1.25,0.11876236115766436,4.521102462863336e-16,24
96,1,2,reply_null,4,722408,16,0.22537191766369416,1.3333333333333333,0.12639428187688018,4.535704955607779e-16,24
96,1,2,reply_null,4,722408,17,0.24065760360295,1.4166666666666667,0.1360427016371224,4.542687043872987e-16,24
96,1,2,reply_null,4,722408,18,0.284060705276961,1.5,0.1642567880447772,5.76436874703192e-16,24
96,1,2,reply_null,4,722408,19,0.2852833334433291,1.5833333333333333,0.1650694237779816,5.767641637334715e-16,24
96,1,2,reply_null,4,722408,20,0.28679304427239094,1.6666666666666667,0.16607424459271827,5.7717662799307165e-16,24
96,1,2,reply_null,4,722408,21,0.28700301104026127,1.75,0.16621411273233397,5.826245837143725e-16,24
96,1,2,reply_null,4,722408,22,0.30256117678301736,1.8333333333333333,0.17666023284061896,6.021120589899523e-16,24
96,1,2,reply_null,4,722408,23,0.3204740459245803,1.9166666666666667,0.18889037044923906,6.906145397152452e-16,24
96,1,2,reply_null,4,722408,24,0.34978652631197826,2.0,0.20938232367099052,6.907344861326323e-16,24
96,1,2,reply_null,5,722409,0,0.0,0.0,0.0,0.0,24
96,1,2,reply_null,5,722409,1,0.04624590129617564,0.08333333333333333,0.023665959785668517,0.0,24
96,1,2,reply_null,5,722409,2,0.04698599494394934,0.16666666666666666,0.024053665087480084,2.2397931145959134e-16,24
96,1,2,reply_null,5,722409,3,0.04956688862773966,0.25,0.025407938748103962,2.2766213425007524e-16,24
96,1,2,reply_null,5,722409,4,0.07656712989270029,0.3333333333333333,0.03978732981788673,2.233094656928674e-16,24
96,1,2,reply_null,5,722409,5,0.13451725017562025,0.4166666666666667,0.07199219638193574,2.292616910780776e-16,24
96,1,2,reply_null,5,722409,6,0.18922288095678289,0.5,0.1041551159068634,2.376467714744442e-16,24
96,1,2,reply_null,5,722409,7,0.19757963696712777,0.5833333333333334,0.10922504738807652,2.785699809500281e-16,24
96,1,2,reply_null,5,722409,8,0.20686342285966458,0.6666666666666666,0.11490729787477043,4.498137787799231e-16,24
96,1,2,reply_null,5,722409,9,0.2466088229278202,0.75,0.13983921699724136,4.501875765633612e-16,24
96,1,2,reply_null,5,722409,10,0.311345245447012,0.8333333333333334,0.18263024489894858,4.519024461358335e-16,24
96,1,2,reply_null,5,722409,11,0.31288703407595986,0.9166666666666666,0.18368352820977768,4.520517224858734e-16,24
96,1,2,reply_null,5,722409,12,0.31714216657720434,1.0,0.18659889043868386,4.521862940501355e-16,24
96,1,2,reply_null,5,722409,13,0.3336334820059224,1.0833333333333333,0.19801568958701973,4.656039138971396e-16,24
96,1,2,reply_null,5,722409,14,0.33371287819546586,1.1666666666666667,0.1980711115731326,5.619203421009437e-16,24
96,1,2,reply_null,5,722409,15,0.3348706266700622,1.25,0.19887977035912793,5.661903475957886e-16,24
96,1,2,reply_null,5,722409,16,0.39048483870258766,1.3333333333333333,0.23884853247921684,6.772701306601117e-16,24
96,1,2,reply_null,5,722409,17,0.39050550763537584,1.4166666666666667,0.2388638038476963,6.776778208888479e-16,24
96,1,2,reply_null,5,722409,18,0.3972857594591401,1.5,0.24389050840540774,6.782371282165724e-16,24
96,1,2,reply_null,5,722409,19,0.3995956989805939,1.5833333333333333,0.2456108366525648,6.799386935526062e-16,24
96,1,2,reply_null,5,722409,20,0.4007371071240848,1.6666666666666667,0.2464623688138178,6.800065638040316e-16,24
96,1,2,reply_null,5,722409,21,0.4098374456679591,1.75,0.253286432630609,6.805126338105475e-16,24
96,1,2,reply_null,5,722409,22,0.4317881601961774,1.8333333333333333,0.27000442271609393,6.81374461534209e-16,24
96,1,2,reply_null,5,722409,23,0.5071214319964793,1.9166666666666667,0.33025221690480666,6.815162957601524e-16,24
96,1,2,reply_null,5,722409,24,0.507544326933792,2.0,0.3306034006157014,6.858419834471611e-16,24
96,1,2,reply_null,6,722410,0,0.0,0.0,0.0,0.0,24
96,1,2,reply_null,6,722410,1,0.022002279631793895,0.08333333333333333,0.011123057406263147,2.220446049250313e-16,24
96,1,2,reply_null,6,722410,2,0.03079980839960525,0.16666666666666666,0.01563951491029615,2.2505315964666536e-16,24
96,1,2,reply_null,6,722410,3,0.03284278403076778,0.25,0.016694030681960764,2.2589453315640734e-16,24
96,1,2,reply_null,6,722410,4,0.03324522039380939,0.3333333333333333,0.01690200899468461,6.420378981018604e-17,24
96,1,2,reply_null,6,722410,5,0.07163740632732758,0.4166666666666667,0.0371328757359626,7.65423859368154e-17,24
96,1,2,reply_null,6,722410,6,0.07625285505653544,0.5,0.03961771489749097,8.062792685789445e-17,24
96,1,2,reply_null,6,722410,7,0.1211705894663968,0.5833333333333334,0.06440873015588276,8.960000729904892e-17,24
96,1,2,reply_null,6,722410,8,0.12489227956710065,0.6666666666666666,0.06651319819951979,3.3531483544805356e-16,24
96,1,2,reply_null,6,722410,9,0.1386277708003856,0.75,0.07434822102896424,3.3879032550678044e-16,24
96,1,2,reply_null,6,722410,10,0.15852315376024353,0.8333333333333334,0.08588952750120345,3.389285245303571e-16,24
96,1,2,reply_null,6,722410,11,0.15941711345594708,0.9166666666666666,0.08641352330559283,6.850432326604018e-16,24
96,1,2,reply_null,6,722410,12,0.21201339595670143,1.0,0.11808222228648182,6.852120550145291e-16,24
96,1,2,reply_null,6,722410,13,0.2255917540686948,1.0833333333333333,0.12653200128123557,6.871218598019091e-16,24
96,1,2,reply_null,6,722410,14,0.23870093698547004,1.1666666666666667,0.1347993948806213,6.885574476141334e-16,24
96,1,2,reply_null,6,722410,15,0.30948684853295055,1.25,0.18136282500775835,6.885976806085392e-16,24
96,1,2,reply_null,6,722410,16,0.32001579316577744,1.3333333333333333,0.18857475685739067,6.886025446829405e-16,24
96,1,2,reply_null,6,722410,17,0.33049858809431487,1.4166666666666667,0.19583091076569276,6.886210382672255e-16,24
96,1,2,reply_null,6,722410,18,0.3332391128819927,1.5,0.1977404680240385,6.922703362627636e-16,24
96,1,2,reply_null,6,722410,19,0.3408130700756041,1.5833333333333333,0.20304518796330384,6.931719565534536e-16,24
96,1,2,reply_null,6,722410,20,0.35060678504370624,1.6666666666666667,0.20996443942624227,6.934351259832192e-16,24
96,1,2,reply_null,6,722410,21,0.4260608174068833,1.75,0.26560694838004767,7.011013406170716e-16,24
96,1,2,reply_null,6,722410,22,0.4273239594859773,1.8333333333333333,0.2665746297634669,7.01101440676266e-16,24
96,1,2,reply_null,6,722410,23,0.4284673580930601,1.9166666666666667,0.26745163141304956,7.066147986355717e-16,24
96,1,2,reply_null,6,722410,24,0.42861562419168747,2.0,0.267565426908123,7.07419579193736e-16,24
96,1,2,reply_null,7,722411,0,0.0,0.0,0.0,0.0,24
96,1,2,reply_null,7,722411,1,0.01989305012671733,0.08333333333333333,0.010046117728590563,1.1102230246251565e-16,24
96,1,2,reply_null,7,722411,2,0.030125695944839555,0.16666666666666666,0.015292033025217807,1.222980050563649e-16,24
96,1,2,reply_null,7,722411,3,0.036848014656209384,0.25,0.01876765934607344,2.2302177774441262e-16,24
96,1,2,reply_null,7,722411,4,0.03698386711541097,0.3333333333333333,0.018838139995726186,2.4838996832279843e-16,24
96,1,2,reply_null,7,722411,5,0.05483006491331689,0.4166666666666667,0.02818054330452289,2.532021406218833e-16,24
96,1,2,reply_null,7,722411,6,0.055051990971862315,0.5,0.028297773338417424,2.5402192029171927e-16,24
96,1,2,reply_null,7,722411,7,0.0644907982549449,0.5833333333333334,0.03330788173658251,2.543094697052208e-16,24
96,1,2,reply_null,7,722411,8,0.07563584668220392,0.6666666666666666,0.03928486894339168,4.562234842271692e-16,24
96,1,2,reply_null,7,722411,9,0.08035909388497582,0.75,0.041838069644535895,4.5835009076932775e-16,24
96,1,2,reply_null,7,722411,10,0.10136665630088434,0.8333333333333334,0.05334116971795306,4.58923375921218e-16,24
96,1,2,reply_null,7,722411,11,0.11824929538376927,0.9166666666666666,0.06276233224938349,4.593406906223578e-16,24
96,1,2,reply_null,7,722411,12,0.11845833985168867,1.0,0.06287998689879205,4.639093891754984e-16,24
96,1,2,reply_null,7,722411,13,0.1263485142232591,1.0833333333333333,0.06733877532302368,4.701552552406493e-16,24
96,1,2,reply_null,7,722411,14,0.23554148428837915,1.1666666666666667,0.13279694121490254,4.744227547206329e-16,24
96,1,2,reply_null,7,722411,15,0.2471041889118417,1.25,0.14015625009780847,4.875606250533636e-16,24
96,1,2,reply_null,7,722411,16,0.24992443740303424,1.3333333333333333,0.1419641980291491,4.904272904500962e-16,24
96,1,2,reply_null,7,722411,17,0.24992470330729757,1.4166666666666667,0.14196436873018872,4.906396462882656e-16,24
96,1,2,reply_null,7,722411,18,0.30882234254505253,1.5,0.1809102057313743,4.972956814200556e-16,24
96,1,2,reply_null,7,722411,19,0.32233215634220286,1.5833333333333333,0.19017159478268444,4.97961990037097e-16,24
96,1,2,reply_null,7,722411,20,0.3223422623409937,1.6666666666666667,0.19017856969123093,4.979991662836491e-16,24
96,1,2,reply_null,7,722411,21,0.3230041222745997,1.75,0.19063552243621865,4.989191706327776e-16,24
96,1,2,reply_null,7,722411,22,0.34516309339191187,1.8333333333333333,0.20611011233655224,5.011962481907023e-16,24
96,1,2,reply_null,7,722411,23,0.3505758565660271,1.9166666666666667,0.20994248164648657,5.018463709344277e-16,24
96,1,2,reply_null,7,722411,24,0.3546626349496385,2.0,0.21284979596229991,5.036343105775698e-16,24
96,1,8,random,0,722412,0,0.0,0.0,0.0,0.0,24
96,1,8,random,0,722412,1,0.038155711296560375,0.3333333333333333,0.004861623457342919,2.220446049250313e-16,24
96,1,8,random,0,722412,2,0.05085708922288696,0.6666666666666666,0.0065215644682865516,2.2898349882893854e-16,24
96,1,8,random,0,722412,3,0.05214365495854655,1.0,0.006690884503954273,2.316960684955648e-16,24
96,1,8,random,0,722412,4,0.205508358119479,1.3333333333333333,0.028518655742138292,2.2788920933022197e-16,24
96,1,8,random,0,722412,5,0.24157035023863282,1.6666666666666667,0.03415587812486235,2.3202895365668233e-16,24
96,1,8,random,0,722412,6,0.4874420332515864,2.0,0.07851826813401032,2.39557359240654e-16,24
96,1,8,random,0,722412,7,0.5280839124959292,2.3333333333333335,0.08696001529793136,2.4182240632764947e-16,24
96,1,8,random,0,722412,8,0.5772901420463996,2.6666666666666665,0.09765063401481001,4.550730014085127e-16,24
96,1,8,random,0,722412,9,0.6581411591601298,3.0,0.11639990049469905,6.705619006379407e-16,24
96,1,8,random,0,722412,10,0.6612357728289127,3.3333333333333335,0.11714809701890788,6.708586096655822e-16,24
96,1,8,random,0,722412,11,0.6613357476423734,3.6666666666666665,0.11717230693990825,6.712198775465508e-16,24
96,1,8,random,0,722412,12,0.6672730827372301,4.0,0.11861444206013191,6.734698820683777e-16,24
96,1,8,random,0,722412,13,0.7058800603318434,4.333333333333333,0.12820357200979188,6.736159681863339e-16,24
96,1,8,random,0,722412,14,0.7169835865596701,4.666666666666667,0.13103069096146666,6.736499877478233e-16,24
96,1,8,random,0,722412,15,0.8852762981514509,5.0,0.1779567437610693,6.736501850595707e-16,24
96,1,8,random,0,722412,16,0.9153217374762134,5.333333333333333,0.18719733591422721,6.737530255115085e-16,24
96,1,8,random,0,722412,17,0.9195749131087353,5.666666666666667,0.18852799377075014,6.740056695718253e-16,24
96,1,8,random,0,722412,18,0.9268784720279355,6.0,0.19082624644186896,6.746933579446503e-16,24
96,1,8,random,0,722412,19,0.9444886846835878,6.333333333333333,0.19643727449584333,6.748230423100947e-16,24
96,1,8,random,0,722412,20,0.947945656306149,6.666666666666667,0.19755039694001514,6.759896110358152e-16,24
96,1,8,random,0,722412,21,0.9486193214359718,7.0,0.19776776110215183,6.762250620279921e-16,24
96,1,8,random,0,722412,22,1.0042252437851977,7.333333333333333,0.2162239412982718,6.763469219310378e-16,24
96,1,8,random,0,722412,23,1.0078742674891548,7.666666666666667,0.2174713500763842,6.764037830512329e-16,24
96,1,8,random,0,722412,24,1.0874041232856626,8.0,0.2458204045345285,6.814338044710244e-16,24
96,1,8,random,1,722413,0,0.0,0.0,0.0,0.0,24
96,1,8,random,1,722413,1,0.22895314793548133,0.3333333333333333,0.03216039141493617,0.0,24
96,1,8,random,1,722413,2,0.23832654292302574,0.6666666666666666,0.03364044356024716,1.249000902703301e-16,24
96,1,8,random,1,722413,3,0.2395903376845796,1.0,0.03384105926362514,2.223588277506028e-16,24
96,1,8,random,1,722413,4,0.2921582901654253,1.3333333333333333,0.042414375156811984,2.6979017842977696e-16,24
96,1,8,random,1,722413,5,0.4608068015149861,1.6666666666666667,0.07316906674796282,2.711275025953065e-16,24
96,1,8,random,1,722413,6,0.7124412008630633,2.0,0.1298703381930152,2.7145944610736486e-16,24
96,1,8,random,1,722413,7,0.7538615434473032,2.3333333333333335,0.1406488385415961,2.719414284107377e-16,24
96,1,8,random,1,722413,8,0.7788358773324441,2.6666666666666665,0.1473667802196746,6.738667450447605e-16,24
96,1,8,random,1,722413,9,0.7789580749421118,3.0,0.14740006482277843,6.739426418977171e-16,24
96,1,8,random,1,722413,10,0.8721257287795637,3.3333333333333335,0.1739987719171845,6.739974842028781e-16,24
96,1,8,random,1,722413,11,0.8767935164971562,3.6666666666666665,0.17539769711523415,6.751250062970534e-16,24
96,1,8,random,1,722413,12,0.9740174465490071,4.0,0.20607044710057937,6.752034715567894e-16,24
96,1,8,random,1,722413,13,0.9759394134016524,4.333333333333333,0.20670736539766205,6.897861302699342e-16,24
96,1,8,random,1,722413,14,1.021512188184218,4.666666666666667,0.22217394108352076,6.913245480488118e-16,24
96,1,8,random,1,722413,15,1.0345023489180423,5.0,0.22671320543651,6.91571083264086e-16,24
96,1,8,random,1,722413,16,1.0600451887970435,5.333333333333333,0.2358126779809816,6.917521900576543e-16,24
96,1,8,random,1,722413,17,1.0887906403668268,5.666666666666667,0.2463349099623169,6.942917688096521e-16,24
96,1,8,random,1,722413,18,1.0904527025666286,6.0,0.24695260486110715,6.943440799729101e-16,24
96,1,8,random,1,722413,19,1.0999008250171858,6.333333333333333,0.25048351257576895,6.94376562763402e-16,24
96,1,8,random,1,722413,20,1.0999041289209586,6.666666666666667,0.25048475313921215,6.970424413973395e-16,24
96,1,8,random,1,722413,21,1.1249162888919755,7.0,0.25999487641809216,6.975105661179327e-16,24
96,1,8,random,1,722413,22,1.1631038790244173,7.333333333333333,0.2749812281279873,6.978654367483277e-16,24
96,1,8,random,1,722413,23,1.1758954589898787,7.666666666666667,0.2801304833353014,6.997803136689338e-16,24
96,1,8,random,1,722413,24,1.1764262514384705,8.0,0.28034558061750653,7.068299999813301e-16,24
96,1,8,random,2,722414,0,0.0,0.0,0.0,0.0,24
96,1,8,random,2,722414,1,0.01620858016568189,0.3333333333333333,0.002042581475109428,2.220446049250313e-16,24
96,1,8,random,2,722414,2,0.39022502762468775,0.6666666666666666,0.05966414909505766,2.222612340138749e-16,24
96,1,8,random,2,722414,3,0.4380834451264534,1.0,0.0687167774740162,2.5758135527942044e-16,24
96,1,8,random,2,722414,4,0.4895152414859781,1.3333333333333333,0.07894064156610664,4.474867177790634e-16,24
96,1,8,random,2,722414,5,0.5266261108508115,1.6666666666666667,0.08665124475671519,4.484798186097136e-16,24
96,1,8,random,2,722414,6,0.5630513949938665,2.0,0.09450283152017958,4.508723371757389e-16,24
96,1,8,random,2,722414,7,0.5657640739720049,2.3333333333333335,0.09509908058741022,4.512900418292975e-16,24
96,1,8,random,2,722414,8,0.5663422304673355,2.6666666666666665,0.09522636909326068,4.525866986064867e-16,24
96,1,8,random,2,722414,9,0.6930869662471589,3.0,0.12498494687501467,4.542556089509825e-16,24
96,1,8,random,2,722414,10,0.7585477327660999,3.3333333333333335,0.14189664072643998,4.544402003287742e-16,24
96,1,8,random,2,722414,11,0.8262063169155194,3.6666666666666665,0.16057938720756876,4.545221045164988e-16,24
96,1,8,random,2,722414,12,0.8682058548586774,4.0,0.1728290285498277,4.549818609386439e-16,24
96,1,8,random,2,722414,13,0.8758560141564172,4.333333333333333,0.1751162055411579,6.876419052576723e-16,24
96,1,8,random,2,722414,14,0.8844217181611582,4.666666666666667,0.17769795358412993,6.910483981215422e-16,24
96,1,8,random,2,722414,15,0.8975423462634599,5.0,0.1816957100470547,6.912621813359734e-16,24
96,1,8,random,2,722414,16,0.9186739666791556,5.333333333333333,0.18824564905202062,6.924397138931402e-16,24
96,1,8,random,2,722414,17,0.9667706231729664,5.666666666666667,0.20367991040588057,6.930113660518991e-16,24
96,1,8,random,2,722414,18,1.0125898407241172,6.0,0.2190901125052868,6.930113748740469e-16,24
96,1,8,random,2,722414,19,1.0395297405927106,6.333333333333333,0.22848585765229043,6.964592066326668e-16,24
96,1,8,random,2,722414,20,1.0478810613454794,6.666666666666667,0.231450292675563,6.96471029094159e-16,24
96,1,8,random,2,722414,21,1.0492862533139886,7.0,0.23195152584593967,6.969249903355452e-16,24
96,1,8,random,2,722414,22,1.1124706356782932,7.333333333333333,0.25523305713758754,6.977683397486474e-16,24
96,1,8,random,2,722414,23,1.3085920379911884,7.666666666666667,0.33761990402270653,6.979444472575112e-16,24
96,1,8,random,2,722414,24,1.3191096226695835,8.0,0.3425112253909365,7.138387200332858e-16,24
96,1,8,random,3,722415,0,0.0,0.0,0.0,0.0,24
96,1,8,random,3,722415,1,0.16116755314572198,0.3333333333333333,0.021860225933204466,1.1102230246251565e-16,24
96,1,8,random,3,722415,2,0.16121517310765396,0.6666666666666666,0.021867219578089986,2.2842092325731525e-16,24
96,1,8,random,3,722415,3,0.24154233196715572,1.0,0.03415141891473185,2.3056937020416527e-16,24
96,1,8,random,3,722415,4,0.2687732492595445,1.3333333333333333,0.03854480452056632,2.544711289908497e-16,24
96,1,8,random,3,722415,5,0.3209887891138445,1.6666666666666667,0.04731126583890614,2.765771063003569e-16,24
96,1,8,random,3,722415,6,0.3728561523555475,2.0,0.05648443449294915,2.8070870004202234e-16,24
96,1,8,random,3,722415,7,0.37814940010140724,2.3333333333333335,0.05744762351687984,2.8992838166654105e-16,24
96,1,8,random,3,722415,8,0.3885389584589782,2.6666666666666665,0.059353054904116985,4.561017991140473e-16,24
96,1,8,random,3,722415,9,0.558575777091322,3.0,0.09352261588931869,4.561070537783438e-16,24
96,1,8,random,3,722415,10,0.559106189510743,3.3333333333333335,0.09363855374343151,4.561175753782401e-16,24
96,1,8,random,3,722415,11,0.578714089688559,3.6666666666666665,0.09796790269352558,4.570248150418661e-16,24
96,1,8,random,3,722415,12,0.6046244148865717,4.0,0.10382056837038216,4.570799593803355e-16,24
96,1,8,random,3,722415,13,0.6122370424916526,4.333333333333333,0.10556914131866872,4.571485381558802e-16,24
96,1,8,random,3,722415,14,0.6179372413228468,4.666666666666667,0.10688718425307167,4.580185100972334e-16,24
96,1,8,random,3,722415,15,0.6230843153629664,5.0,0.10808380165679624,4.582643553743741e-16,24
96,1,8,random,3,722415,16,0.6233233398291563,5.333333333333333,0.10813952104694825,4.633104004211287e-16,24
96,1,8,random,3,722415,17,0.6792592890867752,5.666666666666667,0.12155202510072173,4.633477826735758e-16,24
96,1,8,random,3,722415,18,0.7344281614977559,6.0,0.13553622181456743,4.649223714646859e-16,24
96,1,8,random,3,722415,19,0.7645471406106418,6.333333333333333,0.14350267533766886,4.651562757503321e-16,24
96,1,8,random,3,722415,20,0.7765244271997012,6.666666666666667,0.14673794502995097,4.836334632073214e-16,24
96,1,8,random,3,722415,21,0.7765403198045623,7.0,0.14674226368805438,4.838495044245296e-16,24
96,1,8,random,3,722415,22,0.7838634656520619,7.333333333333333,0.1487395762976839,4.838730752282395e-16,24
96,1,8,random,3,722415,23,0.7947868069863675,7.666666666666667,0.15174611797193077,6.918635877699245e-16,24
96,1,8,random,3,722415,24,0.8206601025311844,8.0,0.15899988687494993,6.919158542941045e-16,24
96,1,8,random,4,722416,0,0.0,0.0,0.0,0.0,24
96,1,8,random,4,722416,1,0.13924659859081587,0.3333333333333333,0.01867593841622828,2.220446049250313e-16,24
96,1,8,random,4,722416,2,0.4851276277081046,0.6666666666666666,0.0780477889758361,2.220988018052242e-16,24
96,1,8,random,4,722416,3,0.4920310447132397,1.0,0.07945436202917187,2.266186867282769e-16,24
96,1,8,random,4,722416,4,0.529652731181813,1.3333333333333333,0.08729280310420094,2.4616317336506877e-16,24
96,1,8,random,4,722416,5,0.5553267110283805,1.6666666666666667,0.09281377363527357,2.4645302460071237e-16,24
96,1,8,random,4,722416,6,0.5573520528349629,2.0,0.0932553680158949,2.4823195854870526e-16,24
96,1,8,random,4,722416,7,0.5576828066114126,2.3333333333333335,0.09332756874276983,2.696237208631432e-16,24
96,1,8,random,4,722416,8,0.6498289640244286,2.6666666666666665,0.11440165382947642,5.099861594034877e-16,24
96,1,8,random,4,722416,9,0.7721057131883897,3.0,0.145539861708007,5.10123183858202e-16,24
96,1,8,random,4,722416,10,0.778450285663122,3.3333333333333335,0.1472617781034935,7.868581589668999e-16,24
96,1,8,random,4,722416,11,0.8500144092842217,3.6666666666666665,0.1674600706006684,7.872022854197066e-16,24
96,1,8,random,4,722416,12,1.0090686552781674,4.0,0.21788063805062524,7.874407242986932e-16,24
96,1,8,random,4,722416,13,1.0216552130196033,4.333333333333333,0.2222235991303766,7.885455157603332e-16,24
96,1,8,random,4,722416,14,1.022177988547124,4.666666666666667,0.22240516658595574,7.890526419303301e-16,24
96,1,8,random,4,722416,15,1.0226624598212646,5.0,0.2225735151863923,7.896176284645107e-16,24
96,1,8,random,4,722416,16,1.03177758240891,5.333333333333333,0.22575617350989982,7.903988849149288e-16,24
96,1,8,random,4,722416,17,1.0553480049266715,5.666666666666667,0.23412184866664007,7.927066577979311e-16,24
96,1,8,random,4,722416,18,1.071682743936031,6.0,0.24003618338773952,7.928959461687531e-16,24
96,1,8,random,4,722416,19,1.1184408017887504,6.333333333333333,0.25750990145600944,7.934624473395344e-16,24
96,1,8,random,4,722416,20,1.1269548714191642,6.666666666666667,0.2607805207745612,7.935609682828637e-16,24
96,1,8,random,4,722416,21,1.1327295540283011,7.0,0.2630147255418715,7.946945551911721e-16,24
96,1,8,random,4,722416,22,1.1500716424836523,7.333333333333333,0.26980239732235095,7.95185484928994e-16,24
96,1,8,random,4,722416,23,1.1622707930838136,7.666666666666667,0.2746481481517152,7.956148438649458e-16,24
96,1,8,random,4,722416,24,1.1700251019032712,8.0,0.2777591897113949,7.975899527285683e-16,24
96,1,8,random,5,722417,0,0.0,0.0,0.0,0.0,24
96,1,8,random,5,722417,1,0.010241359939516598,0.3333333333333333,0.0012867477692270033,2.220446049250313e-16,24
96,1,8,random,5,722417,2,0.19557784740324974,0.6666666666666666,0.027001681715912842,2.229086047453109e-16,24
96,1,8,random,5,722417,3,0.4745724648478894,1.0,0.07591585772897635,2.4980018054066017e-16,24
96,1,8,random,5,722417,4,0.48137982938739154,1.3333333333333333,0.07728823103733298,3.344926564246687e-16,24
96,1,8,random,5,722417,5,0.5168661691200808,1.6666666666666667,0.08459558879968301,3.345045817394033e-16,24
96,1,8,random,5,722417,6,0.610225000677658,2.0,0.1051056929604051,3.3470310816575026e-16,24
96,1,8,random,5,722417,7,0.7038791443742107,2.3333333333333335,0.12769743947522574,3.347043221753057e-16,24
96,1,8,random,5,722417,8,0.7284376661514984,2.6666666666666665,0.13398014627533938,7.785759393472827e-16,24
96,1,8,random,5,722417,9,0.7742266940280295,3.0,0.1461142805213589,7.798776994247489e-16,24
96,1,8,random,5,722417,10,0.8120056964112079,3.3333333333333335,0.15655264151811812,7.798905299718245e-16,24
96,1,8,random,5,722417,11,0.8123827610253695,3.6666666666666665,0.1566588250740311,7.830699519931901e-16,24
96,1,8,random,5,722417,12,0.8167134988369892,4.0,0.1578812607112798,7.84331568413531e-16,24
96,1,8,random,5,722417,13,0.8581582100066532,4.333333333333333,0.16985153170916928,7.84347757875858e-16,24
96,1,8,random,5,722417,14,0.8706905191481819,4.666666666666667,0.1735699537955142,7.843530686262332e-16,24
96,1,8,random,5,722417,15,0.9441055684394071,5.0,0.19631415024145574,7.860434151028377e-16,24
96,1,8,random,5,722417,16,0.9771527446502782,5.333333333333333,0.20711008057354657,7.94775696614811e-16,24
96,1,8,random,5,722417,17,0.9875880891012467,5.666666666666667,0.2105939095228685,7.954842235021772e-16,24
96,1,8,random,5,722417,18,1.038541918299208,6.0,0.2281368488493816,8.990988714063749e-16,24
96,1,8,random,5,722417,19,1.046100407582041,6.333333333333333,0.23081614288859345,8.991089525147654e-16,24
96,1,8,random,5,722417,20,1.0839618209650872,6.666666666666667,0.24454612308477205,8.996382942999696e-16,24
96,1,8,random,5,722417,21,1.0856932403830897,7.0,0.2451865166530767,8.999142454077992e-16,24
96,1,8,random,5,722417,22,1.1221456778819265,7.333333333333333,0.2589296816762105,9.013931544676197e-16,24
96,1,8,random,5,722417,23,1.1792523039086744,7.666666666666667,0.28149272868372843,9.016278749132492e-16,24
96,1,8,random,5,722417,24,1.1806003954966333,8.0,0.28204108764783997,9.021003205667817e-16,24
96,1,8,random,6,722418,0,0.0,0.0,0.0,0.0,24
96,1,8,random,6,722418,1,0.10450855324633922,0.3333333333333333,0.013770611167422989,0.0,24
96,1,8,random,6,722418,2,0.15375035400690745,0.6666666666666666,0.020774964168653574,2.220446049250313e-16,24
96,1,8,random,6,722418,3,0.2056499053929403,1.0,0.02854038742727819,2.3270362385610475e-16,24
96,1,8,random,6,722418,4,0.21049445101744624,1.3333333333333333,0.029286025519933753,4.450571528194959e-16,24
96,1,8,random,6,722418,5,0.2570403588152338,1.6666666666666667,0.036637164197725676,4.452190433276123e-16,24
96,1,8,random,6,722418,6,0.3162739233592383,2.0,0.04650075358218157,4.457110899269774e-16,24
96,1,8,random,6,722418,7,0.318602666958083,2.3333333333333335,0.046900600253772684,4.463138826502887e-16,24
96,1,8,random,6,722418,8,0.45464465299591716,2.6666666666666665,0.07195167425568899,6.727995099290136e-16,24
96,1,8,random,6,722418,9,0.47294310596253114,3.0,0.07558876024293912,6.73362314451182e-16,24
96,1,8,random,6,722418,10,0.5537388367106653,3.3333333333333335,0.09246818718461014,6.735715452129234e-16,24
96,1,8,random,6,722418,11,0.5579061259147675,3.6666666666666665,0.09337633094789277,6.896904353490249e-16,24
96,1,8,random,6,722418,12,0.6122361613234771,4.0,0.10556893814856874,6.941529368851678e-16,24
96,1,8,random,6,722418,13,0.674899756833811,4.333333333333333,0.12047951311918607,6.963608080229441e-16,24
96,1,8,random,6,722418,14,0.6750403952185542,4.666666666666667,0.12051403938920119,6.96515547117106e-16,24
96,1,8,random,6,722418,15,0.7429800055743524,5.0,0.1377738412087503,7.017326292195164e-16,24
96,1,8,random,6,722418,16,0.77091096119853,5.333333333333333,0.14521682668169109,7.042873438096127e-16,24
96,1,8,random,6,722418,17,0.8150434124260334,5.666666666666667,0.15740921884692113,7.044689488106689e-16,24
96,1,8,random,6,722418,18,0.8533704248389283,6.0,0.1684432199562455,7.059548980102432e-16,24
96,1,8,random,6,722418,19,0.902226576103271,6.333333333333333,0.18313571326377184,7.067082418295775e-16,24
96,1,8,random,6,722418,20,1.0240948532032592,6.666666666666667,0.22307173392673002,7.080523092779598e-16,24
96,1,8,random,6,722418,21,1.0319536054350873,7.0,0.22581792010726331,7.086415831451937e-16,24
96,1,8,random,6,722418,22,1.0392010783850387,7.333333333333333,0.22836969929940953,7.090388294191719e-16,24
96,1,8,random,6,722418,23,1.0425216424119126,7.666666666666667,0.2295450363220558,7.12260511138915e-16,24
96,1,8,random,6,722418,24,1.102237217822831,8.0,0.2513618151836018,7.132794402274132e-16,24
96,1,8,random,7,722419,0,0.0,0.0,0.0,0.0,24
96,1,8,random,7,722419,1,0.028564547124496298,0.3333333333333333,0.003622053270065621,2.220446049250313e-16,24
96,1,8,random,7,722419,2,0.03333005810581424,0.6666666666666666,0.004236465909673975,1.3877787807814457e-17,24
96,1,8,random,7,722419,3,0.17541562947985087,1.0,0.02396767957057744,1.1532924304103424e-16,24
96,1,8,random,7,722419,4,0.3644641094328707,1.3333333333333333,0.05496778213574486,4.44660582232942e-16,24
96,1,8,random,7,722419,5,0.37244532571447375,1.6666666666666667,0.056409891165560076,4.447371634905182e-16,24
96,1,8,random,7,722419,6,0.377048695718583,2.0,0.05724691309972105,4.448309630077794e-16,24
96,1,8,random,7,722419,7,0.40377448639464,2.3333333333333335,0.062183276234190336,4.456140217308702e-16,24
96,1,8,random,7,722419,8,0.47452993687920964,2.6666666666666665,0.07590731336736006,2.4914408244364796e-16,24
96,1,8,random,7,722419,9,0.4747148856309114,3.0,0.07594447436050882,2.569876877950127e-16,24
96,1,8,random,7,722419,10,0.4747758557804443,3.3333333333333335,0.07595672634865733,2.675551126675811e-16,24
96,1,8,random,7,722419,11,0.5382085557146113,3.6666666666666665,0.08911693542766051,2.8175727427684723e-16,24
96,1,8,random,7,722419,12,0.5413879500960028,4.0,0.08979878096267924,4.564752999046229e-16,24
96,1,8,random,7,722419,13,0.5424767211751234,4.333333333333333,0.09003277502308944,4.599711248727246e-16,24
96,1,8,random,7,722419,14,0.5463199468705279,4.666666666666667,0.09086078460409314,4.600220755767116e-16,24
96,1,8,random,7,722419,15,0.622427574491509,5.0,0.10793077625229233,4.624650702021738e-16,24
96,1,8,random,7,722419,16,0.6322753579107216,5.333333333333333,0.11023595993383985,4.625011341356817e-16,24
96,1,8,random,7,722419,17,0.6800302203754282,5.666666666666667,0.12174217305723957,6.934191059728924e-16,24
96,1,8,random,7,722419,18,0.6864843815417078,6.0,0.1233398370530819,6.934376785289891e-16,24
96,1,8,random,7,722419,19,0.6867168067032963,6.333333333333333,0.12339756418819721,6.934906824143837e-16,24
96,1,8,random,7,722419,20,0.8011360498158072,6.666666666666667,0.1535088363187668,6.935137696370422e-16,24
96,1,8,random,7,722419,21,0.8033388439142984,7.0,0.1541230101406763,6.939935946730132e-16,24
96,1,8,random,7,722419,22,0.8197073190857678,7.333333333333333,0.15872942535032725,6.951219644099061e-16,24
96,1,8,random,7,722419,23,0.8336207067122332,7.666666666666667,0.16270465314121677,6.954348312482363e-16,24
96,1,8,random,7,722419,24,0.8366477117216344,8.0,0.1635768559827065,6.960006105286241e-16,24
96,1,8,krylov,0,722420,0,0.0,0.0,0.0,0.0,24
96,1,8,krylov,0,722420,1,0.10758026949579862,0.3333333333333333,0.014197530460477302,0.0,24
96,1,8,krylov,0,722420,2,0.230156679579189,0.6666666666666666,0.0323496527873216,2.2397931145959134e-16,24
96,1,8,krylov,0,722420,3,0.3719919814068044,1.0,0.05632766866300526,2.269229886480758e-16,24
96,1,8,krylov,0,722420,4,0.4957878546233368,1.3333333333333333,0.08022390280673171,2.299730392033812e-16,24
96,1,8,krylov,0,722420,5,0.6168112564735669,1.6666666666666667,0.10662622973984541,2.3054472169146725e-16,24
96,1,8,krylov,0,722420,6,0.684209152059608,2.0,0.12277544923361265,3.5403673429007984e-16,24
96,1,8,krylov,0,722420,7,0.7743416613754376,2.3333333333333335,0.1461454516028288,3.5408702280602986e-16,24
96,1,8,krylov,0,722420,8,0.8654589987238126,2.6666666666666665,0.1720120576201053,4.665099473207608e-16,24
96,1,8,krylov,0,722420,9,0.9402288012329943,3.0,0.19507090153085727,4.665102476908443e-16,24
96,1,8,krylov,0,722420,10,1.0163074316660912,3.3333333333333335,0.22037167948566916,4.66602953589969e-16,24
96,1,8,krylov,0,722420,11,1.0834285648404731,3.6666666666666665,0.24434911288442634,4.713465885920685e-16,24
96,1,8,krylov,0,722420,12,1.160561756758632,4.0,0.2739657182640697,4.8353127932728965e-16,24
96,1,8,krylov,0,722420,13,1.2335505075223794,4.333333333333333,0.304174778403137,4.835345597650282e-16,24
96,1,8,krylov,0,722420,14,1.3271217463396898,4.666666666666667,0.3462720290394602,4.894887866704407e-16,24
96,1,8,krylov,0,722420,15,1.411292503897831,5.0,0.3876566081441686,4.895327240126633e-16,24
96,1,8,krylov,0,722420,16,1.5296050914870631,5.333333333333333,0.4520441781274571,4.908935085541352e-16,24
96,1,8,krylov,0,722420,17,1.644965298409697,5.666666666666667,0.5226037650981011,4.966538094926045e-16,24
96,1,8,krylov,0,722420,18,1.7314387718346875,6.0,0.5810969204325462,4.974849967292283e-16,24
96,1,8,krylov,0,722420,19,1.8002234558390777,6.333333333333333,0.6313749305639411,4.980357622433327e-16,24
96,1,8,krylov,0,722420,20,1.8753803407231533,6.666666666666667,0.6904124656371866,4.986773047520325e-16,24
96,1,8,krylov,0,722420,21,1.9306105753039415,7.0,0.7367147613580948,6.9544354051747e-16,24
96,1,8,krylov,0,722420,22,1.98692828028188,7.333333333333333,0.786637121301642,6.963521978217272e-16,24
96,1,8,krylov,0,722420,23,2.0316456496258217,7.666666666666667,0.8283283491121877,6.963777816117694e-16,24
96,1,8,krylov,0,722420,24,2.069664622148384,8.0,0.8652707191666619,6.964033988421648e-16,24
96,1,8,krylov,1,722421,0,0.0,0.0,0.0,0.0,24
96,1,8,krylov,1,722421,1,0.001325454179863418,0.3333333333333333,0.00016579162281036886,2.220446049250313e-16,24
96,1,8,krylov,1,722421,2,0.00354044183334174,0.6666666666666666,0.00044333957506169954,2.2226123401387487e-16,24
96,1,8,krylov,1,722421,3,0.005756953463552252,1.0,0.0007216945707434885,2.241922372074607e-16,24
96,1,8,krylov,1,722421,4,0.008944784816662808,1.3333333333333333,0.0011231136186315922,4.483567546294183e-16,24
96,1,8,krylov,1,722421,5,0.011965706243245038,1.6666666666666667,0.0015046977125384902,4.500424506799582e-16,24
96,1,8,krylov,1,722421,6,0.01575457610027364,2.0,0.001984916717647404,4.50440854597551e-16,24
96,1,8,krylov,1,722421,7,0.020500728455858278,2.3333333333333335,0.002589038973348247,4.529340954974986e-16,24
96,1,8,krylov,1,722421,8,0.027300164625135445,2.6666666666666665,0.0034595285652271467,7.823544369409266e-16,24
96,1,8,krylov,1,722421,9,0.035180784265736564,3.0,0.004475868684104315,7.829276812379724e-16,24
96,1,8,krylov,1,722421,10,0.04261333699839678,3.3333333333333335,0.005441790089915351,7.832038542567475e-16,24
96,1,8,krylov,1,722421,11,0.049099266104527105,3.6666666666666665,0.006290575899702753,7.832484083585536e-16,24
96,1,8,krylov,1,722421,12,0.05597904597991769,4.0,0.007196940380710722,7.854132780430515e-16,24
96,1,8,krylov,1,722421,13,0.06095734035636289,4.333333333333333,0.007856696533179455,7.872555086837184e-16,24
96,1,8,krylov,1,722421,14,0.06532786706047448,4.666666666666667,0.008438621005117587,7.927457452093489e-16,24
96,1,8,krylov,1,722421,15,0.07051531863882932,5.0,0.009132625892352654,7.927469987452061e-16,24
96,1,8,krylov,1,722421,16,0.07538736749336983,5.333333333333333,0.009787721130866383,7.931811018300437e-16,24
96,1,8,krylov,1,722421,17,0.07955290802210803,5.666666666666667,0.010350355871363631,7.932974076393687e-16,24
96,1,8,krylov,1,722421,18,0.0841145491271994,6.0,0.010969185985657971,7.93298446990016e-16,24
96,1,8,krylov,1,722421,19,0.09043634174328304,6.333333333333333,0.011831477724617831,7.948464576156715e-16,24
96,1,8,krylov,1,722421,20,0.09689610035176233,6.666666666666667,0.012718237082868115,7.948838279459009e-16,24
96,1,8,krylov,1,722421,21,0.10520673097435039,7.0,0.013867531547330881,7.963482519983747e-16,24
96,1,8,krylov,1,722421,22,0.11631457719075244,7.333333333333333,0.015418649573866352,7.969947567468501e-16,24
96,1,8,krylov,1,722421,23,0.12754339590658464,7.666666666666667,0.017004270800505854,7.978068102272134e-16,24
96,1,8,krylov,1,722421,24,0.13648732957672113,8.0,0.018280044291661218,7.978071338386447e-16,24
96,1,8,krylov,2,722422,0,0.0,0.0,0.0,0.0,24
96,1,8,krylov,2,722422,1,0.11963806131694656,0.3333333333333333,0.01588610508696042,2.220446049250313e-16,24
96,1,8,krylov,2,722422,2,0.1988114585302922,0.6666666666666666,0.027493991585599058,2.224766048351711e-16,24
96,1,8,krylov,2,722422,3,0.30312583481705413,1.0,0.04426060559261131,2.3140747402600316e-16,24
96,1,8,krylov,2,722422,4,0.4033635796673835,1.3333333333333333,0.062106377167009875,3.1668163013116524e-16,24
96,1,8,krylov,2,722422,5,0.505624475856353,1.6666666666666667,0.08225257388342123,3.170178822498341e-16,24
96,1,8,krylov,2,722422,6,0.6271005324449043,2.0,0.1090217991424711,3.175543656184008e-16,24
96,1,8,krylov,2,722422,7,0.7434319632962817,2.3333333333333335,0.13789263071730146,3.2208957331531743e-16,24
96,1,8,krylov,2,722422,8,0.8784294670641133,2.6666666666666665,0.17588953509976363,4.598583039736241e-16,24
96,1,8,krylov,2,722422,9,0.9801788993117425,3.0,0.20811661924471522,4.637696897119989e-16,24
96,1,8,krylov,2,722422,10,1.101486102721788,3.3333333333333335,0.2510792302809407,4.693403318918377e-16,24
96,1,8,krylov,2,722422,11,1.2259166697187887,3.6666666666666665,0.30091100117822983,4.695814181818925e-16,24
96,1,8,krylov,2,722422,12,1.339126760563236,4.0,0.3519637527054106,4.705880064857848e-16,24
96,1,8,krylov,2,722422,13,1.4216632065127872,4.333333333333333,0.3930008814065535,4.716706001512949e-16,24
96,1,8,krylov,2,722422,14,1.488873211126228,4.666666666666667,0.42901233310868736,4.723409554136571e-16,24
96,1,8,krylov,2,722422,15,1.5573310158315499,5.0,0.4682671201475396,4.730520634549988e-16,24
96,1,8,krylov,2,722422,16,1.615429445042237,5.333333333333333,0.5037559485882475,4.981016947683495e-16,24
96,1,8,krylov,2,722422,17,1.6538168501595116,5.666666666666667,0.5283615082256697,5.0963614190168e-16,24
96,1,8,krylov,2,722422,18,1.7015206504398572,6.0,0.5602847105453167,5.17043515323419e-16,24
96,1,8,krylov,2,722422,19,1.734278839278233,6.333333333333333,0.5831051336889481,5.180254221594084e-16,24
96,1,8,krylov,2,722422,20,1.7651936751597161,6.666666666666667,0.6053379793889251,5.182800175600403e-16,24
96,1,8,krylov,2,722422,21,1.7960033369617412,7.0,0.6281896642696396,5.260771451566109e-16,24
96,1,8,krylov,2,722422,22,1.8285871607012432,7.333333333333333,0.6531356746646805,5.267864871549183e-16,24
96,1,8,krylov,2,722422,23,1.8510758294779721,7.666666666666667,0.6708331607119273,5.365384500347491e-16,24
96,1,8,krylov,2,722422,24,1.8747848771466933,8.0,0.6899270617486186,5.367036034393453e-16,24
96,1,8,krylov,3,722423,0,0.0,0.0,0.0,0.0,24
96,1,8,krylov,3,722423,1,0.026459002312920966,0.3333333333333333,0.0033515186844423504,1.1102230246251565e-16,24
96,1,8,krylov,3,722423,2,0.05404118913813439,0.6666666666666666,0.0069410096939384784,1.249000902703301e-16,24
96,1,8,krylov,3,722423,3,0.08085578543131662,1.0,0.010526815720170574,1.2603042637872644e-16,24
96,1,8,krylov,3,722423,4,0.110862616839644,1.3333333333333333,0.014655175769404514,2.29397837657868e-16,24
96,1,8,krylov,3,722423,5,0.13722275651785792,1.6666666666666667,0.018385455052566346,2.295414767594389e-16,24
96,1,8,krylov,3,722423,6,0.164389512881891,2.0,0.022334166767148896,2.361213134421895e-16,24
96,1,8,krylov,3,722423,7,0.20018068756079985,2.3333333333333335,0.027702933798084056,2.4187517868251796e-16,24
96,1,8,krylov,3,722423,8,0.2304135016850752,2.6666666666666665,0.03239006884615743,7.871091162581875e-16,24
96,1,8,krylov,3,722423,9,0.26453575513111066,3.0,0.0378532506342563,7.875195312544612e-16,24
96,1,8,krylov,3,722423,10,0.29207489849327567,3.3333333333333335,0.042400414774223655,7.936249889429287e-16,24
96,1,8,krylov,3,722423,11,0.32150179936681866,3.6666666666666665,0.04739968596326047,7.946698130645814e-16,24
96,1,8,krylov,3,722423,12,0.35315561503357124,4.0,0.05294408154898566,7.979966332744223e-16,24
96,1,8,krylov,3,722423,13,0.3785327694568135,4.333333333333333,0.05751758175376818,7.982501360968709e-16,24
96,1,8,krylov,3,722423,14,0.40296291743192025,4.666666666666667,0.06203142572377373,8.018408723870703e-16,24
96,1,8,krylov,3,722423,15,0.4325490437413974,5.0,0.067647632340565,8.018408958441766e-16,24
96,1,8,krylov,3,722423,16,0.4688867898905648,5.333333333333333,0.07477675681555775,8.019844922567728e-16,24
96,1,8,krylov,3,722423,17,0.5221960154192611,5.666666666666667,0.08571568338740101,8.022237400574805e-16,24
96,1,8,krylov,3,722423,18,0.582887241898846,6.0,0.09890032590827966,8.023097633743256e-16,24
96,1,8,krylov,3,722423,19,0.6546993299701622,6.333333333333333,0.11557047146603962,8.027462014079882e-16,24
96,1,8,krylov,3,722423,20,0.71994631540142,6.666666666666667,0.13179036527276092,8.043929510461332e-16,24
96,1,8,krylov,3,722423,21,0.7749866893949358,7.0,0.14632040443514566,8.078401500434664e-16,24
96,1,8,krylov,3,722423,22,0.8372372597650928,7.333333333333333,0.16374703606327615,8.078669050693906e-16,24
96,1,8,krylov,3,722423,23,0.8991335658121,7.666666666666667,0.18218411873603924,8.0786691682087035e-16,24
96,1,8,krylov,3,722423,24,0.9729278447325864,8.0,0.20570990859742957,8.085537125128943e-16,24
96,1,8,krylov,4,722424,0,0.0,0.0,0.0,0.0,24
96,1,8,krylov,4,722424,1,0.07370031128667437,0.3333333333333333,0.009560518375143762,2.220446049250313e-16,24
96,1,8,krylov,4,722424,2,0.16474343941763933,0.6666666666666666,0.02238632146731191,2.255140518769849e-16,24
96,1,8,krylov,4,722424,3,0.2507637296131111,1.0,0.035625804936606546,2.255140518769849e-16,24
96,1,8,krylov,4,722424,4,0.33399149247547344,1.3333333333333333,0.049566407812499755,4.49478576985461e-16,24
96,1,8,krylov,4,722424,5,0.4410747319793953,1.6666666666666667,0.06929710745767091,4.495002970170008e-16,24
96,1,8,krylov,4,722424,6,0.5605525085228761,2.0,0.09395500362907543,4.503186644776022e-16,24
96,1,8,krylov,4,722424,7,0.6875154655893432,2.3333333333333335,0.12359602835214333,4.503422929413387e-16,24
96,1,8,krylov,4,722424,8,0.8053998379443307,2.6666666666666665,0.15469887422059506,4.507025851542782e-16,24
96,1,8,krylov,4,722424,9,0.9396943209474538,3.0,0.19489987565306519,4.951327905370155e-16,24
96,1,8,krylov,4,722424,10,1.0665393915655208,3.3333333333333335,0.2381634937482922,4.951489689055274e-16,24
96,1,8,krylov,4,722424,11,1.203780913785658,3.6666666666666665,0.29158671994563923,4.951795044890081e-16,24
96,1,8,krylov,4,722424,12,1.2994766758905936,4.0,0.3334221173215718,4.955269581306964e-16,24
96,1,8,krylov,4,722424,13,1.382018174193452,4.333333333333333,0.3728664714712824,4.958770048949199e-16,24
96,1,8,krylov,4,722424,14,1.4584475513550084,4.666666666666667,0.4124099916894437,4.968497861174522e-16,24
96,1,8,krylov,4,722424,15,1.5127227247518522,5.0,0.4423840787974709,4.970424753253849e-16,24
96,1,8,krylov,4,722424,16,1.5583766137450394,5.333333333333333,0.4688877634256213,4.99137291776565e-16,24
96,1,8,krylov,4,722424,17,1.586504850124234,5.666666666666667,0.4858299385350197,5.01252663244059e-16,24
96,1,8,krylov,4,722424,18,1.6115145280996088,6.0,0.5012992333281902,5.057698065899788e-16,24
96,1,8,krylov,4,722424,19,1.6310162897547886,6.333333333333333,0.5136330463464278,5.079255748385221e-16,24
96,1,8,krylov,4,722424,20,1.6541536162535782,6.666666666666667,0.5285815752822898,5.833972436119231e-16,24
96,1,8,krylov,4,722424,21,1.6727380458840715,7.0,0.5408415858653318,5.846843831246474e-16,24
96,1,8,krylov,4,722424,22,1.6910477444862373,7.333333333333333,0.553145238983134,5.847520079171902e-16,24
96,1,8,krylov,4,722424,23,1.7139955581627633,7.666666666666667,0.5688871196421255,5.854562805734278e-16,24
96,1,8,krylov,4,722424,24,1.7352689022039998,8.0,0.5838065494949558,5.859006776947763e-16,24
96,1,8,krylov,5,722425,0,0.0,0.0,0.0,0.0,24
96,1,8,krylov,5,722425,1,0.009854106281697222,0.3333333333333333,0.0012378522323180277,2.220446049250313e-16,24
96,1,8,krylov,5,722425,2,0.024091144094877906,0.6666666666666666,0.0030479600198978583,2.229086047453109e-16,24
96,1,8,krylov,5,722425,3,0.04128963580728153,1.0,0.005269238365658812,2.270485779474927e-16,24
96,1,8,krylov,5,722425,4,0.05174256692260499,1.3333333333333333,0.006638075456983648,2.4661190595418863e-16,24
96,1,8,krylov,5,722425,5,0.06278066741098325,1.6666666666666667,0.008099158719114995,2.4666581583396283e-16,24
96,1,8,krylov,5,722425,6,0.07653245729208388,2.0,0.009942153577960453,2.4751769414462456e-16,24
96,1,8,krylov,5,722425,7,0.0919753393729878,2.3333333333333335,0.01204222317128036,4.465705353965711e-16,24
96,1,8,krylov,5,722425,8,0.11152638536144534,2.6666666666666665,0.01474790525103769,4.516538873687558e-16,24
96,1,8,krylov,5,722425,9,0.1346774284321095,3.0,0.018020956108223116,4.543759296287182e-16,24
96,1,8,krylov,5,722425,10,0.15573717169774404,3.3333333333333335,0.021064880356281106,4.55365250353143e-16,24
96,1,8,krylov,5,722425,11,0.17112584330604164,3.6666666666666665,0.02333000879193788,4.561780610020227e-16,24
96,1,8,krylov,5,722425,12,0.1953258507160066,4.0,0.026963382621490155,4.562092730030256e-16,24
96,1,8,krylov,5,722425,13,0.222293873500463,4.333333333333333,0.03111729422816107,4.567522174936071e-16,24
96,1,8,krylov,5,722425,14,0.2500031323630092,4.666666666666667,0.03550367984096987,6.72840752431822e-16,24
96,1,8,krylov,5,722425,15,0.3000216494517859,5.0,0.0437360039494395,6.728960257926644e-16,24
96,1,8,krylov,5,722425,16,0.3648400119981556,5.333333333333333,0.05503544520328192,6.741399195650481e-16,24
96,1,8,krylov,5,722425,17,0.42382779486231686,5.666666666666667,0.06597480954783068,6.788314273351575e-16,24
96,1,8,krylov,5,722425,18,0.48836571225745584,6.0,0.07870634053148745,6.789058053964004e-16,24
96,1,8,krylov,5,722425,19,0.6057696750219848,6.333333333333333,0.10408277756570866,6.868063337982448e-16,24
96,1,8,krylov,5,722425,20,0.6932474652829859,6.666666666666667,0.12502507243793032,6.970711712182802e-16,24
96,1,8,krylov,5,722425,21,0.7911644339540156,7.0,0.1507454537810625,6.972200218014839e-16,24
96,1,8,krylov,5,722425,22,0.8768568873181597,7.333333333333333,0.17541673416711828,6.976206890366633e-16,24
96,1,8,krylov,5,722425,23,0.9618602432407267,7.666666666666667,0.2020699232290323,6.976207052532586e-16,24
96,1,8,krylov,5,722425,24,1.0692723314978625,8.0,0.23915735522559226,6.976207382617869e-16,24
96,1,8,krylov,6,722426,0,0.0,0.0,0.0,0.0,24
96,1,8,krylov,6,722426,1,0.0097528807522918,0.3333333333333333,0.0012250743856278862,1.1102230246251565e-16,24
96,1,8,krylov,6,722426,2,0.023036705544196547,0.6666666666666666,0.002913012473967526,4.441759324755678e-16,24
96,1,8,krylov,6,722426,3,0.03664303700326786,1.0,0.004665333616580794,4.4425775990755e-16,24
96,1,8,krylov,6,722426,4,0.0514049402702608,1.3333333333333333,0.006593638436229468,4.455481469731293e-16,24
96,1,8,krylov,6,722426,5,0.07180118170295949,1.6666666666666667,0.009305213019608264,4.461829937710934e-16,24
96,1,8,krylov,6,722426,6,0.09029022511086554,2.0,0.01181148583049369,4.466423118687471e-16,24
96,1,8,krylov,6,722426,7,0.10891195764805496,2.3333333333333335,0.014383021643407773,4.466436056409918e-16,24
96,1,8,krylov,6,722426,8,0.12476908135078897,2.6666666666666665,0.01661085227075504,5.607252920285651e-16,24
96,1,8,krylov,6,722426,9,0.1448012062544734,3.0,0.019476222459136775,5.640189779602994e-16,24
96,1,8,krylov,6,722426,10,0.17443774705122844,3.3333333333333335,0.023822077896554713,5.641518397292637e-16,24
96,1,8,krylov,6,722426,11,0.20056592179563704,3.6666666666666665,0.027761771528369488,5.646269515000441e-16,24
96,1,8,krylov,6,722426,12,0.23258145295500882,4.0,0.03273165298087927,5.647012704935898e-16,24
96,1,8,krylov,6,722426,13,0.2672727433735412,4.333333333333333,0.03829958859873396,5.6556799365025515e-16,24
96,1,8,krylov,6,722426,14,0.3005389225999009,4.666666666666667,0.04382330913176938,5.676810869287246e-16,24
96,1,8,krylov,6,722426,15,0.3279896266167425,5.0,0.048521821518482285,5.70834732405002e-16,24
96,1,8,krylov,6,722426,16,0.35006113684126766,5.333333333333333,0.05239428856910145,5.713131064392693e-16,24
96,1,8,krylov,6,722426,17,0.3741590630082094,5.666666666666667,0.05672104660469055,5.729008349099693e-16,24
96,1,8,krylov,6,722426,18,0.39830995295502236,6.0,0.061163196629818554,5.73761878945713e-16,24
96,1,8,krylov,6,722426,19,0.4193419494037949,6.333333333333333,0.06512004467065509,5.740086033146312e-16,24
96,1,8,krylov,6,722426,20,0.43244821341947437,6.666666666666667,0.06762820859704595,5.76819808122973e-16,24
96,1,8,krylov,6,722426,21,0.4458189423692795,7.0,0.07022108384976067,5.768544439931836e-16,24
96,1,8,krylov,6,722426,22,0.4628920354424566,7.333333333333333,0.07358272674836479,5.779680644117668e-16,24
96,1,8,krylov,6,722426,23,0.48133838779419913,7.666666666666667,0.07727984806445778,5.780410300683755e-16,24
96,1,8,krylov,6,722426,24,0.496200853529166,8.0,0.08030867755877578,5.782140378326067e-16,24
96,1,8,krylov,7,722427,0,0.0,0.0,0.0,0.0,24
96,1,8,krylov,7,722427,1,0.0072904939735170685,0.3333333333333333,0.0009146417907246086,0.0,24
96,1,8,krylov,7,722427,2,0.012861435200886591,0.6666666666666666,0.001618062397993409,1.3877787807814457e-17,24
96,1,8,krylov,7,722427,3,0.017498428829072078,1.0,0.0022065529054504595,2.2974564353846013e-16,24
96,1,8,krylov,7,722427,4,0.02167927215207808,1.3333333333333333,0.002739496874127235,2.5778321496895175e-16,24
96,1,8,krylov,7,722427,5,0.02580490373116198,1.6666666666666667,0.003267591589393483,2.72296366956169e-16,24
96,1,8,krylov,7,722427,6,0.030181852393609356,2.0,0.0038302427020964506,2.722983896642312e-16,24
96,1,8,krylov,7,722427,7,0.03659142361497012,2.3333333333333335,0.004658641322075561,2.732096066517563e-16,24
96,1,8,krylov,7,722427,8,0.044770204505984235,2.6666666666666665,0.005723439379504633,5.588390788668147e-16,24
96,1,8,krylov,7,722427,9,0.052768876365957826,3.0,0.0067732462085745805,5.607337944010202e-16,24
96,1,8,krylov,7,722427,10,0.06347274650471602,3.3333333333333335,0.00819130574709575,5.930971865103279e-16,24
96,1,8,krylov,7,722427,11,0.08009178394490207,3.6666666666666665,0.010423312574824322,5.997423140965289e-16,24
96,1,8,krylov,7,722427,12,0.09769645465608814,4.0,0.012828504587351363,5.999976603894369e-16,24
96,1,8,krylov,7,722427,13,0.11533566950501546,4.333333333333333,0.015281259935435455,6.000105958389525e-16,24
96,1,8,krylov,7,722427,14,0.1301269673297242,4.666666666666667,0.017371623312901527,6.006181131949589e-16,24
96,1,8,krylov,7,722427,15,0.1462260556335159,5.0,0.019682226042180524,6.042116628509407e-16,24
96,1,8,krylov,7,722427,16,0.16340159305196664,5.333333333333333,0.02218868429651547,6.046597576294307e-16,24
96,1,8,krylov,7,722427,17,0.18946689253189883,5.666666666666667,0.026075638683992253,6.052113378750807e-16,24
96,1,8,krylov,7,722427,18,0.22278699996949672,6.0,0.031194298783150585,6.996972781237464e-16,24
96,1,8,krylov,7,722427,19,0.2555242694054298,6.333333333333333,0.03639229347471323,6.998945428281809e-16,24
96,1,8,krylov,7,722427,20,0.282861143492771,6.666666666666667,0.040865112177889136,7.008480735674461e-16,24
96,1,8,krylov,7,722427,21,0.3124408341618681,7.0,0.04584463418171788,7.020882847616073e-16,24
96,1,8,krylov,7,722427,22,0.3508325656522265,7.333333333333333,0.05253118843166321,7.02201608028009e-16,24
96,1,8,krylov,7,722427,23,0.39316203581298825,7.666666666666667,0.06020730645139668,7.037421132645555e-16,24
96,1,8,krylov,7,722427,24,0.4406242792049125,8.0,0.06920960549577293,7.067417920449928e-16,24
96,1,8,reply_null,0,722428,0,0.0,0.0,0.0,0.0,24
96,1,8,reply_null,0,722428,1,0.002409100596080911,0.3333333333333333,0.0003015006013294325,2.220446049250313e-16,24
96,1,8,reply_null,0,722428,2,0.18697721040381415,0.6666666666666666,0.025699976200503294,1.283695372222837e-16,24
96,1,8,reply_null,0,722428,3,0.18750800916437424,1.0,0.025779988794501187,1.2855781096592107e-16,24
96,1,8,reply_null,0,722428,4,0.3430190692472482,1.3333333333333333,0.05114945424627507,2.4355929523298626e-16,24
96,1,8,reply_null,0,722428,5,0.3844571688588354,1.6666666666666667,0.05860209818815243,2.4605031979039055e-16,24
96,1,8,reply_null,0,722428,6,0.38877651414281106,2.0,0.05939685422232392,2.4613028001854293e-16,24
96,1,8,reply_null,0,722428,7,0.431518137829996,2.3333333333333335,0.06744913309217171,2.4640898219400937e-16,24
96,1,8,reply_null,0,722428,8,0.4526128779501117,2.6666666666666665,0.07155191900259997,4.623269681364182e-16,24
96,1,8,reply_null,0,722428,9,0.61930216101859,3.0,0.10720390773994033,4.807845802162255e-16,24
96,1,8,reply_null,0,722428,10,0.768518806624791,3.3333333333333335,0.14457119879257582,4.848754578394264e-16,24
96,1,8,reply_null,0,722428,11,0.7703356341873168,3.6666666666666665,0.14506140835488454,4.849138898364057e-16,24
96,1,8,reply_null,0,722428,12,0.7709466104381565,4.0,0.14522645987780367,4.851675087445629e-16,24
96,1,8,reply_null,0,722428,13,0.7804076245267965,4.333333333333333,0.14779520854462985,4.868239667686988e-16,24
96,1,8,reply_null,0,722428,14,0.9382908538763272,4.666666666666667,0.19445122162075243,5.219644885528471e-16,24
96,1,8,reply_null,0,722428,15,1.0094554265153093,5.0,0.2180132800686012,5.301069811876633e-16,24
96,1,8,reply_null,0,722428,16,1.009870662437869,5.333333333333333,0.21815574107981847,5.30579161561075e-16,24
96,1,8,reply_null,0,722428,17,1.0151268801888333,5.666666666666667,0.21996419101713238,5.397414530472279e-16,24
96,1,8,reply_null,0,722428,18,1.018067787251027,6.0,0.2209801918924964,5.422731423819854e-16,24
96,1,8,reply_null,0,722428,19,1.0241921231860298,6.333333333333333,0.22310559250497697,5.450920217620746e-16,24
96,1,8,reply_null,0,722428,20,1.0425473777481273,6.666666666666667,0.22955416077517882,5.722603898279788e-16,24
96,1,8,reply_null,0,722428,21,1.0425606423668972,7.0,0.22955886383214677,5.724107561248943e-16,24
96,1,8,reply_null,0,722428,22,1.093251376169161,7.333333333333333,0.24799503683073262,7.067357499174032e-16,24
96,1,8,reply_null,0,722428,23,1.1056275936570816,7.666666666666667,0.25263998870670124,7.120515341959013e-16,24
96,1,8,reply_null,0,722428,24,1.11207632532202,8.0,0.2550831568609186,7.120526875208375e-16,24
96,1,8,reply_null,1,722429,0,0.0,0.0,0.0,0.0,24
96,1,8,reply_null,1,722429,1,0.10012386647092715,0.3333333333333333,0.013163477521957023,0.0,24
96,1,8,reply_null,1,722429,2,0.2044530374238604,0.6666666666666666,0.02835672978450533,2.2375303867530146e-16,24
96,1,8,reply_null,1,722429,3,0.2499803157797328,1.0,0.03550001773717113,2.268186364970793e-16,24
96,1,8,reply_null,1,722429,4,0.2794384018695722,1.3333333333333333,0.04029836921525552,2.3306746515729203e-16,24
96,1,8,reply_null,1,722429,5,0.3023612296931536,1.6666666666666667,0.044131237530344945,2.3381848702583543e-16,24
96,1,8,reply_null,1,722429,6,0.3376338859935782,2.0,0.05020340676095843,2.4569237346446605e-16,24
96,1,8,reply_null,1,722429,7,0.3596975186456556,2.3333333333333335,0.054111990587800904,2.4915087608165605e-16,24
96,1,8,reply_null,1,722429,8,0.4459897664175458,2.6666666666666665,0.07025443515413216,4.48201279576077e-16,24
96,1,8,reply_null,1,722429,9,0.6169998213175445,3.0,0.10666991042190846,4.486184808475928e-16,24
96,1,8,reply_null,1,722429,10,0.6172456136648452,3.3333333333333335,0.10672686011160225,4.488455012770686e-16,24
96,1,8,reply_null,1,722429,11,0.6199894316299432,3.6666666666666665,0.10736354951383736,4.49043364791603e-16,24
96,1,8,reply_null,1,722429,12,0.6204125796110551,4.0,0.10746189448646895,4.603933521915539e-16,24
96,1,8,reply_null,1,722429,13,0.693359997644486,4.333333333333333,0.12505320993292574,4.604885346843908e-16,24
96,1,8,reply_null,1,722429,14,0.7412360065228109,4.666666666666667,0.13731596326431697,4.649553831252648e-16,24
96,1,8,reply_null,1,722429,15,0.7453717592548029,5.0,0.1384030837071538,4.649757363384293e-16,24
96,1,8,reply_null,1,722429,16,0.7960562537904293,5.333333333333333,0.15209765552883242,4.649757712052485e-16,24
96,1,8,reply_null,1,722429,17,0.7981425799980387,5.666666666666667,0.1526763751186341,4.650672763948767e-16,24
96,1,8,reply_null,1,722429,18,0.806766446022368,6.0,0.1550813742658182,4.713551779737263e-16,24
96,1,8,reply_null,1,722429,19,0.8134738464639975,6.333333333333333,0.15696630663055092,4.716220561689125e-16,24
96,1,8,reply_null,1,722429,20,0.9214925563974454,6.666666666666667,0.1891298054694869,4.811208026668491e-16,24
96,1,8,reply_null,1,722429,21,0.9705851173932658,7.0,0.20493605227429082,4.987236152217356e-16,24
96,1,8,reply_null,1,722429,22,0.9723681966861002,7.333333333333333,0.20552487922362248,4.997243435395409e-16,24
96,1,8,reply_null,1,722429,23,0.9968123054665032,7.666666666666667,0.21370382155505716,5.016727363967765e-16,24
96,1,8,reply_null,1,722429,24,0.9984381773512865,8.0,0.21425495849340956,5.025111073651456e-16,24
96,1,8,reply_null,2,722430,0,0.0,0.0,0.0,0.0,24
96,1,8,reply_null,2,722430,1,0.09058565667588682,0.3333333333333333,0.011851910232893701,1.1102230246251565e-16,24
96,1,8,reply_null,2,722430,2,0.10181624472466844,0.6666666666666666,0.0133975003584999,2.7755575615628914e-17,24
96,1,8,reply_null,2,722430,3,0.25888675042308273,1.0,0.03693588539450655,2.220996614268523e-16,24
96,1,8,reply_null,2,722430,4,0.5614956791758934,1.3333333333333333,0.09416161298145242,2.6404084217746297e-16,24
96,1,8,reply_null,2,722430,5,0.6131163269015074,1.6666666666666667,0.10577196632739028,2.647928516014379e-16,24
96,1,8,reply_null,2,722430,6,0.6137291325629658,2.0,0.10591342803470219,2.7157265701805845e-16,24
96,1,8,reply_null,2,722430,7,0.7626735035503801,2.3333333333333335,0.14300006977161817,2.7163202850369437e-16,24
96,1,8,reply_null,2,722430,8,0.7978439657935061,2.6666666666666665,0.152593469387791,3.396391261001641e-16,24
96,1,8,reply_null,2,722430,9,0.7996908940544036,3.0,0.15310663835870697,3.40526077099724e-16,24
96,1,8,reply_null,2,722430,10,0.9179868786809299,3.3333333333333335,0.1880304956491853,3.4614318568661645e-16,24
96,1,8,reply_null,2,722430,11,0.919899201782108,3.6666666666666665,0.18862968383549225,3.4645369587152915e-16,24
96,1,8,reply_null,2,722430,12,0.9203613234154394,4.0,0.1887746523912205,3.8513274421427936e-16,24
96,1,8,reply_null,2,722430,13,0.9596576207147666,4.333333333333333,0.20135030446375377,3.8885941390203576e-16,24
96,1,8,reply_null,2,722430,14,0.9612019944927654,4.666666666666667,0.20185470070432088,4.660856884354749e-16,24
96,1,8,reply_null,2,722430,15,0.9745279691414852,5.0,0.20623950919486342,4.662818736148366e-16,24
96,1,8,reply_null,2,722430,16,0.9925059770371083,5.333333333333333,0.2122483876964373,4.6719286250231095e-16,24
96,1,8,reply_null,2,722430,17,0.9932601054038065,5.666666666666667,0.21250281219453018,4.687013228591784e-16,24
96,1,8,reply_null,2,722430,18,0.9942951499994366,6.0,0.21285232350499558,4.704995960770317e-16,24
96,1,8,reply_null,2,722430,19,1.0283224663432962,6.333333333333333,0.22454636144378912,5.273051576386082e-16,24
96,1,8,reply_null,2,722430,20,1.0635619443623188,6.666666666666667,0.23708380178008137,5.291536166567988e-16,24
96,1,8,reply_null,2,722430,21,1.084278247303452,7.0,0.2446630757138271,5.29297486271576e-16,24
96,1,8,reply_null,2,722430,22,1.0893117346166408,7.333333333333333,0.24652846087340702,5.342171646508022e-16,24
96,1,8,reply_null,2,722430,23,1.143287020277068,7.666666666666667,0.2671328782893875,5.476762507829432e-16,24
96,1,8,reply_null,2,722430,24,1.1964070232954376,8.0,0.28852615310343854,5.479122645946162e-16,24
96,1,8,reply_null,3,722431,0,0.0,0.0,0.0,0.0,24
96,1,8,reply_null,3,722431,1,0.08250361315032279,0.3333333333333333,0.010750324665325332,0.0,24
96,1,8,reply_null,3,722431,2,0.7057009170874801,0.6666666666666666,0.1281582163631178,1.1757450506243965e-16,24
96,1,8,reply_null,3,722431,3,0.7318684083198899,1.0,0.1348701662254688,2.2509643737312104e-16,24
96,1,8,reply_null,3,722431,4,0.7324389341722517,1.3333333333333333,0.13501847117543922,2.3218555528000903e-16,24
96,1,8,reply_null,3,722431,5,0.7352596528327238,1.6666666666666667,0.13575294551490438,2.3304943236101416e-16,24
96,1,8,reply_null,3,722431,6,0.7991284665976242,2.0,0.15295026752712798,2.3797343524692773e-16,24
96,1,8,reply_null,3,722431,7,0.8320692156203269,2.3333333333333335,0.16225862802623425,2.3805561218366443e-16,24
96,1,8,reply_null,3,722431,8,0.8551402992176117,2.6666666666666665,0.16896303746299574,5.654723590281192e-16,24
96,1,8,reply_null,3,722431,9,0.9755664077866262,3.0,0.2065836597607061,6.780225661021265e-16,24
96,1,8,reply_null,3,722431,10,0.9838283160218569,3.3333333333333335,0.20933452156625257,6.780237081796673e-16,24
96,1,8,reply_null,3,722431,11,0.9841513831522587,3.6666666666666665,0.20944255151025162,6.785101399928338e-16,24
96,1,8,reply_null,3,722431,12,1.0447057479137751,4.0,0.23032024634862056,6.790920240098447e-16,24
96,1,8,reply_null,3,722431,13,1.0462114360394494,4.333333333333333,0.23085565079927015,6.811018140776433e-16,24
96,1,8,reply_null,3,722431,14,1.0497613196981999,4.666666666666667,0.23212114180289162,6.812552405713135e-16,24
96,1,8,reply_null,3,722431,15,1.0655729311218245,5.0,0.23781268014803011,6.825378257694432e-16,24
96,1,8,reply_null,3,722431,16,1.0656331267637233,5.333333333333333,0.23783452054754253,6.833068555943589e-16,24
96,1,8,reply_null,3,722431,17,1.0660774337554417,5.666666666666667,0.23799576628050922,6.837778261729659e-16,24
96,1,8,reply_null,3,722431,18,1.0721574305178876,6.0,0.24020950229871194,6.847157427507993e-16,24
96,1,8,reply_null,3,722431,19,1.0730296677577489,6.333333333333333,0.2405281905926623,6.863113090228411e-16,24
96,1,8,reply_null,3,722431,20,1.083398388463324,6.666666666666667,0.2443379674344617,6.863115414343465e-16,24
96,1,8,reply_null,3,722431,21,1.0920591057226474,7.0,0.24755059087416137,6.866823385743367e-16,24
96,1,8,reply_null,3,722431,22,1.0983351193701278,7.333333333333333,0.24989607591620483,6.868120193060348e-16,24
96,1,8,reply_null,3,722431,23,1.0995374927081947,7.666666666666667,0.25034711206501353,6.888332185117847e-16,24
96,1,8,reply_null,3,722431,24,1.0995931967294865,8.0,0.2503680209908862,6.888570847329909e-16,24
96,1,8,reply_null,4,722432,0,0.0,0.0,0.0,0.0,24
96,1,8,reply_null,4,722432,1,0.38040479113381004,0.3333333333333333,0.057859578636156504,0.0,24
96,1,8,reply_null,4,722432,2,0.4724583283331298,0.6666666666666666,0.07549154286557268,1.1145430237265545e-16,24
96,1,8,reply_null,4,722432,3,0.5030431448081145,1.0,0.08171827627581113,1.24940524186066e-16,24
96,1,8,reply_null,4,722432,4,0.5577740860062417,1.3333333333333333,0.09334749846069161,1.4642318226255439e-16,24
96,1,8,reply_null,4,722432,5,0.5603560328713652,1.6666666666666667,0.09391198852793418,1.5052773478663757e-16,24
96,1,8,reply_null,4,722432,6,0.5623705661125639,2.0,0.09435343851426017,2.4107180038722767e-16,24
96,1,8,reply_null,4,722432,7,0.6533082215631398,2.3333333333333335,0.11523604452669675,2.58979564237796e-16,24
96,1,8,reply_null,4,722432,8,0.9211870919129349,2.6666666666666665,0.18903386462439628,5.789642777101674e-16,24
96,1,8,reply_null,4,722432,9,0.9396089218001807,3.0,0.1948725576429557,5.806699731322239e-16,24
96,1,8,reply_null,4,722432,10,0.9462803380183608,3.3333333333333335,0.1970136948791716,5.829456890067172e-16,24
96,1,8,reply_null,4,722432,11,0.9494258565332055,3.6666666666666665,0.19802818963799626,5.839304467640039e-16,24
96,1,8,reply_null,4,722432,12,0.960320222620826,4.0,0.20156661645398888,5.840887124726583e-16,24
96,1,8,reply_null,4,722432,13,0.9746617435474604,4.333333333333333,0.20628382352743713,5.858072173704499e-16,24
96,1,8,reply_null,4,722432,14,0.9975123290845745,4.666666666666667,0.21394100523708068,5.864850068014346e-16,24
96,1,8,reply_null,4,722432,15,1.0022266127941915,5.0,0.2155426416144401,5.864856523273296e-16,24
96,1,8,reply_null,4,722432,16,1.0172196246051664,5.333333333333333,0.22068686882794303,5.871441585294161e-16,24
96,1,8,reply_null,4,722432,17,1.0203487018547186,5.666666666666667,0.22177024384276242,6.010116709128626e-16,24
96,1,8,reply_null,4,722432,18,1.0213550238520008,6.0,0.22211938201038953,6.012441458515776e-16,24
96,1,8,reply_null,4,722432,19,1.0275306975162457,6.333333333333333,0.22426971106721375,6.026059481421202e-16,24
96,1,8,reply_null,4,722432,20,1.1010809960955055,6.666666666666667,0.25092690894802056,6.034396851334608e-16,24
96,1,8,reply_null,4,722432,21,1.1206620866063566,7.0,0.2583605092640536,6.041714321106896e-16,24
96,1,8,reply_null,4,722432,22,1.1234733498708187,7.333333333333333,0.2594397528889812,6.069877903212486e-16,24
96,1,8,reply_null,4,722432,23,1.1252839503153516,7.666666666666667,0.26013645020636406,6.070836611819016e-16,24
96,1,8,reply_null,4,722432,24,1.1527601564848966,8.0,0.2708652572119187,6.094173618878812e-16,24
96,1,8,reply_null,5,722433,0,0.0,0.0,0.0,0.0,24
96,1,8,reply_null,5,722433,1,0.0439110571036893,0.3333333333333333,0.005611176908053416,2.220446049250313e-16,24
96,1,8,reply_null,5,722433,2,0.06755593477043134,0.6666666666666666,0.008736262747686588,2.220446049250313e-16,24
96,1,8,reply_null,5,722433,3,0.20901371327047438,1.0,0.029057737437218463,2.220446049250313e-16,24
96,1,8,reply_null,5,722433,4,0.4058960352956071,1.3333333333333333,0.06258081625935653,4.452712516303327e-16,24
96,1,8,reply_null,5,722433,5,0.4476626546142558,1.6666666666666667,0.07058134736160322,4.452719060006383e-16,24
96,1,8,reply_null,5,722433,6,0.45530610061401394,2.0,0.0720819905654607,4.456446106628111e-16,24
96,1,8,reply_null,5,722433,7,0.4607820985700763,2.3333333333333335,0.07316417144888852,4.518911517590881e-16,24
96,1,8,reply_null,5,722433,8,0.5862174396876628,2.6666666666666665,0.09964720120952249,4.547945378018395e-16,24
96,1,8,reply_null,5,722433,9,0.6004024735760423,3.0,0.1028565378322269,4.55105323289629e-16,24
96,1,8,reply_null,5,722433,10,0.6328028372396073,3.3333333333333335,0.11036007477124339,4.552489712822507e-16,24
96,1,8,reply_null,5,722433,11,0.6712157365223709,3.6666666666666665,0.11957682538772134,4.584149697988281e-16,24
96,1,8,reply_null,5,722433,12,0.6721921120424841,4.0,0.11981574082943126,4.625952014974944e-16,24
96,1,8,reply_null,5,722433,13,0.8382868228128432,4.333333333333333,0.16405025337748494,4.642404172104489e-16,24
96,1,8,reply_null,5,722433,14,0.8437217082198756,4.666666666666667,0.16562548510600394,4.673780824430149e-16,24
96,1,8,reply_null,5,722433,15,0.8445438790312443,5.0,0.16586452715012837,4.680903607148653e-16,24
96,1,8,reply_null,5,722433,16,0.8471227756440207,5.333333333333333,0.16661560475344978,4.701297666652859e-16,24
96,1,8,reply_null,5,722433,17,0.8471256722512682,5.666666666666667,0.16661644945054735,4.706693826603916e-16,24
96,1,8,reply_null,5,722433,18,0.889271420993709,6.0,0.17916951413851814,4.709245474319363e-16,24
96,1,8,reply_null,5,722433,19,0.898530627144127,6.333333333333333,0.18199896137754082,4.739179734617082e-16,24
96,1,8,reply_null,5,722433,20,0.9395543813553441,6.666666666666667,0.19485511212711817,4.774420143496967e-16,24
96,1,8,reply_null,5,722433,21,0.9471647801387393,7.0,0.19729862333705278,4.791147041085272e-16,24
96,1,8,reply_null,5,722433,22,0.9624863139031671,7.333333333333333,0.202274756225807,4.80763079953534e-16,24
96,1,8,reply_null,5,722433,23,0.9627496349479113,7.666666666666667,0.20236094590381484,4.827680657513124e-16,24
96,1,8,reply_null,5,722433,24,0.9751367196510254,8.0,0.20644121280222358,7.158134503359493e-16,24
96,1,8,reply_null,6,722434,0,0.0,0.0,0.0,0.0,24
96,1,8,reply_null,6,722434,1,0.009249247623999212,0.3333333333333333,0.0011615192621222984,0.0,24
96,1,8,reply_null,6,722434,2,0.009320501411721426,0.6666666666666666,0.001170509068509599,2.7755575615628914e-17,24
96,1,8,reply_null,6,722434,3,0.21139287437213183,1.0,0.029424701974317277,2.2283989488860166e-16,24
96,1,8,reply_null,6,722434,4,0.21261819235719892,1.3333333333333333,0.029614037313293977,2.3493974759526154e-16,24
96,1,8,reply_null,6,722434,5,0.21717882730733262,1.6666666666666667,0.030320785881762884,2.3757530948346716e-16,24
96,1,8,reply_null,6,722434,6,0.22620684460776808,2.0,0.031729373432969034,2.5237056987283453e-16,24
96,1,8,reply_null,6,722434,7,0.33918642957611556,2.3333333333333335,0.05047562894948961,2.659099993353843e-16,24
96,1,8,reply_null,6,722434,8,0.3401177467284986,2.6666666666666665,0.05063912853572234,2.6454489227523273e-16,24
96,1,8,reply_null,6,722434,9,0.36164436332587296,3.0,0.054461033469733494,2.6459698799211653e-16,24
96,1,8,reply_null,6,722434,10,0.36271685636159673,3.3333333333333335,0.05465360742696869,3.5328748398752486e-16,24
96,1,8,reply_null,6,722434,11,0.36560059236398196,3.6666666666666665,0.05517242871493751,5.590547665103738e-16,24
96,1,8,reply_null,6,722434,12,0.5415466708610732,4.0,0.08983287669530861,5.592358356377013e-16,24
96,1,8,reply_null,6,722434,13,0.626805707610756,4.333333333333333,0.10895281387413665,5.600279033987379e-16,24
96,1,8,reply_null,6,722434,14,0.6307952097705842,4.666666666666667,0.10988803342016232,5.855507088063164e-16,24
96,1,8,reply_null,6,722434,15,0.6480051997638476,5.0,0.11396543954621646,5.903189442623014e-16,24
96,1,8,reply_null,6,722434,16,0.6499772547346528,5.333333333333333,0.11443715750311906,5.918594397627761e-16,24
96,1,8,reply_null,6,722434,17,0.6630597760058268,5.666666666666667,0.11759017897403266,5.936712877636347e-16,24
96,1,8,reply_null,6,722434,18,0.7215497716995443,6.0,0.1322024476910386,6.199376913790036e-16,24
96,1,8,reply_null,6,722434,19,0.8005471725530131,6.333333333333333,0.15334487707824396,6.909467876084306e-16,24
96,1,8,reply_null,6,722434,20,0.8039988680945335,6.666666666666667,0.15430729888745348,6.913544364993569e-16,24
96,1,8,reply_null,6,722434,21,0.8140339252223134,7.0,0.15712427420246686,6.917476469815451e-16,24
96,1,8,reply_null,6,722434,22,0.8182540980657869,7.333333333333333,0.15831740323752932,7.02837057770166e-16,24
96,1,8,reply_null,6,722434,23,0.825445587627362,7.666666666666667,0.16036222121636398,7.028869216994078e-16,24
96,1,8,reply_null,6,722434,24,0.8300396189375051,8.0,0.1616762001144902,7.028947860265355e-16,24
96,1,8,reply_null,7,722435,0,0.0,0.0,0.0,0.0,24
96,1,8,reply_null,7,722435,1,0.14813421458069523,0.3333333333333333,0.019958566293013902,0.0,24
96,1,8,reply_null,7,722435,2,0.28556096412362975,0.6666666666666666,0.041313523272074736,0.0,24
96,1,8,reply_null,7,722435,3,0.3564126769454377,1.0,0.053524601320658345,2.2488149593478907e-16,24
96,1,8,reply_null,7,722435,4,0.3662489282733983,1.3333333333333333,0.05528927884533489,2.630884482017648e-16,24
96,1,8,reply_null,7,722435,5,0.36658795716321335,1.6666666666666667,0.05535041248183629,2.6368739569427104e-16,24
96,1,8,reply_null,7,722435,6,0.37011953675844117,2.0,0.055988460313752916,2.6453432762204535e-16,24
96,1,8,reply_null,7,722435,7,0.5373324267103591,2.3333333333333335,0.0889294235245338,2.6868484104216614e-16,24
96,1,8,reply_null,7,722435,8,0.538487690748878,2.6666666666666665,0.08917671130815133,5.575068371518099e-16,24
96,1,8,reply_null,7,722435,9,0.5500243728731495,3.0,0.09166190784226852,6.767027531151138e-16,24
96,1,8,reply_null,7,722435,10,0.7284265062250418,3.3333333333333335,0.1339772560920804,6.767858027380562e-16,24
96,1,8,reply_null,7,722435,11,0.7413214212039357,3.6666666666666665,0.13733836985558542,6.7678581459887e-16,24
96,1,8,reply_null,7,722435,12,0.7807357519126212,4.0,0.14788473481048178,6.76798118915668e-16,24
96,1,8,reply_null,7,722435,13,0.7977744518331202,4.333333333333333,0.15257417343703322,6.779889180822401e-16,24
96,1,8,reply_null,7,722435,14,0.8075666172627397,4.666666666666667,0.15530557701480288,6.835595138603371e-16,24
96,1,8,reply_null,7,722435,15,0.8077387069359017,5.0,0.15535381886077948,6.835712555955646e-16,24
96,1,8,reply_null,7,722435,16,0.8223035741290586,5.333333333333333,0.15946701637471805,6.84151243877209e-16,24
96,1,8,reply_null,7,722435,17,0.8771634460524792,5.666666666666667,0.1755088436586762,6.85733045850611e-16,24
96,1,8,reply_null,7,722435,18,0.9001762554785885,6.0,0.18250458348596202,6.879064516321688e-16,24
96,1,8,reply_null,7,722435,19,0.9046974389107507,6.333333333333333,0.18389801572189576,6.903386357149602e-16,24
96,1,8,reply_null,7,722435,20,0.938422387819763,6.666666666666667,0.19449324306323007,7.013380863156884e-16,24
96,1,8,reply_null,7,722435,21,0.9384538449179326,7.0,0.1945032935516204,7.017279658118974e-16,24
96,1,8,reply_null,7,722435,22,0.9602608542333879,7.333333333333333,0.20154722929607682,7.022549596580201e-16,24
96,1,8,reply_null,7,722435,23,0.9879916282265072,7.666666666666667,0.21072936212393392,7.02396708907973e-16,24
96,1,8,reply_null,7,722435,24,0.9920261315701375,8.0,0.21208659940615107,7.027865444882679e-16,24
96,1,32,random,0,722436,0,0.0,0.0,0.0,0.0,24
96,1,32,random,0,722436,1,0.06857486683504727,1.3333333333333333,0.002218150090397394,2.220446049250313e-16,24
96,1,32,random,0,722436,2,0.41341197218585696,2.6666666666666665,0.01599899332247133,4.458172094906218e-16,24
96,1,32,random,0,722436,3,0.611995259631912,4.0,0.026378350097796214,4.458176445306932e-16,24
96,1,32,random,0,722436,4,0.7590420674912927,5.333333333333333,0.03550715240492611,4.445958187270676e-16,24
96,1,32,random,0,722436,5,1.113351512707403,6.666666666666667,0.06389203581662442,4.445960814100747e-16,24
96,1,32,random,0,722436,6,1.1318452691338439,8.0,0.06566794041062356,4.487383784100074e-16,24
96,1,32,random,0,722436,7,1.1407513423292561,9.333333333333334,0.06653495379337683,4.547438138262555e-16,24
96,1,32,random,0,722436,8,1.1486969608453275,10.666666666666666,0.06731501064598625,6.783645971114862e-16,24
96,1,32,random,0,722436,9,1.3843014575975958,12.0,0.09350113512392448,6.788963443112371e-16,24
96,1,32,random,0,722436,10,1.4096835026297376,13.333333333333334,0.09670810156507993,6.793096277966207e-16,24
96,1,32,random,0,722436,11,1.4098689037833543,14.666666666666666,0.09673182734405018,6.793096442115883e-16,24
96,1,32,random,0,722436,12,1.7106117966671526,16.0,0.1416357847741138,6.924815429842022e-16,24
96,1,32,random,0,722436,13,1.719494930727075,17.333333333333332,0.14317839383492587,6.964830522557749e-16,24
96,1,32,random,0,722436,14,1.7587801123889906,18.666666666666668,0.15016722490925943,6.97358680230615e-16,24
96,1,32,random,0,722436,15,1.8134161098622625,20.0,0.16035490895220078,7.005806662891425e-16,24
96,1,32,random,0,722436,16,1.8290636142658194,21.333333333333332,0.16337662712903456,7.034890379145033e-16,24
96,1,32,random,0,722436,17,1.9656555179943702,22.666666666666668,0.19186222459481975,7.036060562381769e-16,24
96,1,32,random,0,722436,18,2.1270857431536556,24.0,0.2309493570880837,7.048468509213907e-16,24
96,1,32,random,0,722436,19,2.3420332534100265,25.333333333333332,0.29382392876750657,7.048492561027125e-16,24
96,1,32,random,0,722436,20,2.361008937778883,26.666666666666668,0.3000513267450049,7.053321098734732e-16,24
96,1,32,random,0,722436,21,2.361338024064068,28.0,0.30016037140946805,7.066355483714964e-16,24
96,1,32,random,0,722436,22,2.370070171972435,29.333333333333332,0.30306696773642827,7.075802201692829e-16,24
96,1,32,random,0,722436,23,2.3777851107478973,30.666666666666668,0.30565617762948494,7.079478375585042e-16,24
96,1,32,random,0,722436,24,2.380799130551977,32.0,0.3066731513405539,7.086860836734431e-16,24
96,1,32,random,1,722437,0,0.0,0.0,0.0,0.0,24
96,1,32,random,1,722437,1,0.04535166237082486,1.3333333333333333,0.0014498679135226838,0.0,24
96,1,32,random,1,722437,2,0.30548232925510105,2.6666666666666665,0.011164984398824816,2.2339168529382264e-16,24
96,1,32,random,1,722437,3,0.7277141324092723,4.0,0.033448208293197265,2.2898349882893854e-16,24
96,1,32,random,1,722437,4,0.8250892992328228,5.333333333333333,0.04006514201967416,2.356838750141193e-16,24
96,1,32,random,1,722437,5,0.9097457393291395,6.666666666666667,0.046365342130246484,2.3775713230308293e-16,24
96,1,32,random,1,722437,6,0.9125551323480756,8.0,0.04658370071451099,2.4687962616947037e-16,24
96,1,32,random,1,722437,7,0.9336271601567729,9.333333333333334,0.04824121690218295,2.4931172866018413e-16,24
96,1,32,random,1,722437,8,0.9381069878606754,10.666666666666666,0.04859812269922619,2.6091824395854404e-16,24
96,1,32,random,1,722437,9,0.9997517507047105,12.0,0.05367522189576709,2.6163788700391193e-16,24
96,1,32,random,1,722437,10,1.0315067205470156,13.333333333333334,0.05641529497633125,2.616490539592373e-16,24
96,1,32,random,1,722437,11,1.172519928984011,14.666666666666666,0.06969131467679089,5.925534740026274e-16,24
96,1,32,random,1,722437,12,1.1799205569085427,16.0,0.07044111486285859,5.925748012555585e-16,24
96,1,32,random,1,722437,13,1.6990745285401354,17.333333333333332,0.13965261728535228,5.926253376566126e-16,24
96,1,32,random,1,722437,14,1.769226443739776,18.666666666666668,0.15207230256522147,5.95510222936339e-16,24
96,1,32,random,1,722437,15,1.8618974577448677,20.0,0.1698730347397394,5.986234096520368e-16,24
96,1,32,random,1,722437,16,1.8768932725231935,21.333333333333332,0.17291176569543568,5.986518897219805e-16,24
96,1,32,random,1,722437,17,1.878344968826583,22.666666666666668,0.17320836180764135,5.989808474683039e-16,24
96,1,32,random,1,722437,18,1.8859981626119657,24.0,0.1747791242795891,5.990441285911332e-16,24
96,1,32,random,1,722437,19,1.9184071534174998,25.333333333333332,0.18156569928885716,6.003554532419816e-16,24
96,1,32,random,1,722437,20,1.9189948845457387,26.666666666666668,0.18169081446334684,6.030706988179913e-16,24
96,1,32,random,1,722437,21,1.9392389621593356,28.0,0.18604553476542343,6.030772632487455e-16,24
96,1,32,random,1,722437,22,1.9397761930834732,29.333333333333332,0.18616230400959238,6.032894523879248e-16,24
96,1,32,random,1,722437,23,1.951292085079507,30.666666666666668,0.18868047226902077,6.096052447872995e-16,24
96,1,32,random,1,722437,24,1.9695183448980835,32.0,0.1927257352208366,6.099041440080531e-16,24
96,1,32,random,2,722438,0,0.0,0.0,0.0,0.0,24
96,1,32,random,2,722438,1,0.3312828703594345,1.3333333333333333,0.012273553291676238,0.0,24
96,1,32,random,2,722438,2,0.37089875167334013,2.6666666666666665,0.014032386045410603,1.3877787807814457e-17,24
96,1,32,random,2,722438,3,0.5522786101801145,4.0,0.023037716526211588,1.161467968705233e-16,24
96,1,32,random,2,722438,4,0.8305932366271982,5.333333333333333,0.04045873826756381,2.540657774550977e-16,24
96,1,32,random,2,722438,5,1.1705982590713637,6.666666666666667,0.06949752504891787,2.5480276521658463e-16,24
96,1,32,random,2,722438,6,1.3391213597630944,8.0,0.08799029418161593,2.7499850722750615e-16,24
96,1,32,random,2,722438,7,1.3482725617934506,9.333333333333334,0.08908649432828465,2.827186933319309e-16,24
96,1,32,random,2,722438,8,1.7118789316588128,10.666666666666666,0.14185499325559983,4.69003093586396e-16,24
96,1,32,random,2,722438,9,1.711944953089347,12.0,0.14186642227216303,4.70254237120271e-16,24
96,1,32,random,2,722438,10,1.7738643816281874,13.333333333333334,0.15292451474403324,4.713998574912305e-16,24
96,1,32,random,2,722438,11,1.8077645513594858,14.666666666666666,0.1592750967847651,4.724122225681716e-16,24
96,1,32,random,2,722438,12,1.979583830503859,16.0,0.19499154386206433,4.724768450396214e-16,24
96,1,32,random,2,722438,13,1.988163076437797,17.333333333333332,0.1969408756492864,4.739784329346951e-16,24
96,1,32,random,2,722438,14,1.996681520145811,18.666666666666668,0.19889300954501749,4.793836038123635e-16,24
96,1,32,random,2,722438,15,2.070275067447263,20.0,0.21646885245457484,4.923595904199462e-16,24
96,1,32,random,2,722438,16,2.0711625362224906,21.333333333333332,0.21668879278181458,5.854175006446309e-16,24
96,1,32,random,2,722438,17,2.096891912358132,22.666666666666668,0.22315087948129222,5.873520713991875e-16,24
96,1,32,random,2,722438,18,2.122672135833347,24.0,0.22979466214573205,5.902785434401333e-16,24
96,1,32,random,2,722438,19,2.158166275161466,25.333333333333332,0.2392266171127147,5.948796944163942e-16,24
96,1,32,random,2,722438,20,2.1752747986533416,26.666666666666668,0.24389388384942234,6.006186696371467e-16,24
96,1,32,random,2,722438,21,2.2360730908033157,28.0,0.2611411518496712,6.861669390377875e-16,24
96,1,32,random,2,722438,22,2.253368755022761,29.333333333333332,0.26624223720157825,6.917413503118835e-16,24
96,1,32,random,2,722438,23,2.255208113436788,30.666666666666668,0.26678993560359865,6.93370100619108e-16,24
96,1,32,random,2,722438,24,2.3170935770252985,32.0,0.28581695091682197,7.17846117680317e-16,24
96,1,32,random,3,722439,0,0.0,0.0,0.0,0.0,24
96,1,32,random,3,722439,1,0.0027923446695804154,1.3333333333333333,8.738271547598751e-05,2.220446049250313e-16,24
96,1,32,random,3,722439,2,0.05219127626515287,2.6666666666666665,0.0016742889863171166,2.324529457808922e-16,24
96,1,32,random,3,722439,3,0.05219131102431044,4.0,0.0016742901307376763,2.3350481261669557e-16,24
96,1,32,random,3,722439,4,0.1208015939935034,5.333333333333333,0.004012531519322106,4.998590124085033e-17,24
96,1,32,random,3,722439,5,0.1461323744751118,6.666666666666667,0.0049171681696254235,1.4888347342817178e-16,24
96,1,32,random,3,722439,6,0.19961595270762528,8.0,0.006904180368757331,4.451004849303586e-16,24
96,1,32,random,3,722439,7,0.24155945657660186,9.333333333333334,0.008538536085989869,4.504547270866543e-16,24
96,1,32,random,3,722439,8,0.3117657166014472,10.666666666666666,0.011432333223604846,2.8802543401716545e-16,24
96,1,32,random,3,722439,9,0.3466841941655045,12.0,0.012949062141830515,2.9556758189082295e-16,24
96,1,32,random,3,722439,10,0.48638581340982345,13.333333333333334,0.019575855395903573,4.613403540965178e-16,24
96,1,32,random,3,722439,11,0.49355522044476385,14.666666666666666,0.019941556002959902,5.604541486097147e-16,24
96,1,32,random,3,722439,12,0.6043959463398096,16.0,0.025942074009794126,5.636487005936589e-16,24
96,1,32,random,3,722439,13,1.4294225603198982,17.333333333333332,0.09925896692906686,5.639545362210709e-16,24
96,1,32,random,3,722439,14,1.5390084253813852,18.666666666666668,0.11437397731472389,5.648973603297215e-16,24
96,1,32,random,3,722439,15,1.6188186823785684,20.0,0.12647264176139497,5.66955300575478e-16,24
96,1,32,random,3,722439,16,1.6239296765603033,21.333333333333332,0.12728082481591332,5.67057069937755e-16,24
96,1,32,random,3,722439,17,1.6535712865102032,22.666666666666668,0.13205027152178034,5.680946868809249e-16,24
96,1,32,random,3,722439,18,1.6536306338687319,24.0,0.13205996324912844,5.692507292086477e-16,24
96,1,32,random,3,722439,19,1.6737440628939162,25.333333333333332,0.1353779427197033,5.692515319107785e-16,24
96,1,32,random,3,722439,20,1.9350694688336745,26.666666666666668,0.1851414086672168,5.869466690429732e-16,24
96,1,32,random,3,722439,21,1.9371741069212425,28.0,0.1855973138571478,5.925339076742285e-16,24
96,1,32,random,3,722439,22,2.057788093287053,29.333333333333332,0.2133948261315135,6.170414198049448e-16,24
96,1,32,random,3,722439,23,2.1244813266530764,30.666666666666668,0.23026736923174815,6.171115537768728e-16,24
96,1,32,random,3,722439,24,2.160696832262949,32.0,0.23991194039606695,6.266029695479102e-16,24
96,1,32,random,4,722440,0,0.0,0.0,0.0,0.0,24
96,1,32,random,4,722440,1,0.010553576444142412,1.3333333333333333,0.00033154568299970886,0.0,24
96,1,32,random,4,722440,2,0.03904008954068097,2.6666666666666665,0.001244130262713021,2.2313698550030876e-16,24
96,1,32,random,4,722440,3,0.08715319497933792,4.0,0.0028457441379439053,2.236706907001899e-16,24
96,1,32,random,4,722440,4,0.6191415084388564,5.333333333333333,0.026791651644870428,2.263380060554824e-16,24
96,1,32,random,4,722440,5,0.7587704588320289,6.666666666666667,0.035489023046421944,2.2634641238372084e-16,24
96,1,32,random,4,722440,6,0.7867197411856857,8.0,0.03738064241052217,2.266096584181759e-16,24
96,1,32,random,4,722440,7,0.9443529393840888,9.333333333333334,0.04909841096453517,2.5366132538681343e-16,24
96,1,32,random,4,722440,8,1.0992100455219733,10.666666666666666,0.06255605645744637,4.810347014300661e-16,24
96,1,32,random,4,722440,9,1.1111420158298986,12.0,0.06368205185045332,4.811865236032347e-16,24
96,1,32,random,4,722440,10,1.1676147567696495,13.333333333333334,0.06919739252171567,4.844107096309846e-16,24
96,1,32,random,4,722440,11,1.315734649437903,14.666666666666666,0.08523401177679203,4.879665837598326e-16,24
96,1,32,random,4,722440,12,1.3175564770175483,16.0,0.08544641898794314,4.880188442556247e-16,24
96,1,32,random,4,722440,13,1.380764251232587,17.333333333333332,0.09306064412777865,4.88705626489403e-16,24
96,1,32,random,4,722440,14,1.4798813066746055,18.666666666666668,0.10601325932907897,6.756797947925507e-16,24
96,1,32,random,4,722440,15,1.4801486741501166,20.0,0.10604996396680082,6.769741812649377e-16,24
96,1,32,random,4,722440,16,1.5387805309804803,21.333333333333332,0.11434079420692224,6.782077680802446e-16,24
96,1,32,random,4,722440,17,1.7482560587593698,22.666666666666668,0.1482679916505233,6.802473399363173e-16,24
96,1,32,random,4,722440,18,1.7523052368925645,24.0,0.14899636563965254,6.814164152067844e-16,24
96,1,32,random,4,722440,19,1.8249007798265735,25.333333333333332,0.16256811272620258,6.814226288701403e-16,24
96,1,32,random,4,722440,20,1.8519285606975828,26.666666666666668,0.1678780204802958,6.814655306858736e-16,24
96,1,32,random,4,722440,21,1.8801745832591616,28.0,0.17358278419712192,6.81546238282916e-16,24
96,1,32,random,4,722440,22,1.8962171205888747,29.333333333333332,0.17689532149215145,6.821469384021969e-16,24
96,1,32,random,4,722440,23,1.9088912677048295,30.666666666666668,0.17955017437805504,6.846592596968005e-16,24
96,1,32,random,4,722440,24,2.0019586043787343,32.0,0.2001107037035048,6.897945259006092e-16,24
96,1,32,random,5,722441,0,0.0,0.0,0.0,0.0,24
96,1,32,random,5,722441,1,0.06729061874875263,1.3333333333333333,0.0021751962702762414,0.0,24
96,1,32,random,5,722441,2,0.13346487241890923,2.6666666666666665,0.0044619100716716585,1.1479708673460218e-16,24
96,1,32,random,5,722441,3,0.1880899981672005,4.0,0.006466941657553937,1.153622839666062e-16,24
96,1,32,random,5,722441,4,0.18886007179096184,5.333333333333333,0.006495997665690237,2.5071624585666754e-16,24
96,1,32,random,5,722441,5,0.6097400261824308,6.666666666666667,0.026248531156049578,2.5098318497089705e-16,24
96,1,32,random,5,722441,6,0.907951085234938,8.0,0.04622617435508076,2.5234176798152395e-16,24
96,1,32,random,5,722441,7,0.908197919792335,9.333333333333334,0.04624530051268772,2.550753039120099e-16,24
96,1,32,random,5,722441,8,0.9109427806933423,10.666666666666666,0.04645830653529146,4.457562995005559e-16,24
96,1,32,random,5,722441,9,1.0414855247077444,12.0,0.057294469044102,6.708719489746264e-16,24
96,1,32,random,5,722441,10,1.0415744967844682,13.333333333333334,0.057302347379865996,6.718049800084992e-16,24
96,1,32,random,5,722441,11,1.2479599202580525,14.666666666666666,0.07760092618245616,6.721399645272251e-16,24
96,1,32,random,5,722441,12,1.3115791830818502,16.0,0.08475097071037749,6.748828560315854e-16,24
96,1,32,random,5,722441,13,1.3330246203898066,17.333333333333332,0.08726552878304075,6.762696605279001e-16,24
96,1,32,random,5,722441,14,1.3838935143881825,18.666666666666668,0.09345025412446885,6.765899317757296e-16,24
96,1,32,random,5,722441,15,1.4486793156833015,20.0,0.1017965000915437,6.767807607427827e-16,24
96,1,32,random,5,722441,16,1.5649427994996847,21.333333333333332,0.11820004288500471,6.804913994421754e-16,24
96,1,32,random,5,722441,17,1.5722016974617088,22.666666666666668,0.11928883242196825,6.805581927042205e-16,24
96,1,32,random,5,722441,18,1.752350612884328,24.0,0.14900454468281993,6.807096658889763e-16,24
96,1,32,random,5,722441,19,1.8977713745090083,25.333333333333332,0.17721908371321254,6.807538572019265e-16,24
96,1,32,random,5,722441,20,1.8977963405871638,26.666666666666668,0.17722428843361995,6.807660967695141e-16,24
96,1,32,random,5,722441,21,1.951620752819742,28.0,0.18875276820036962,6.809029191190011e-16,24
96,1,32,random,5,722441,22,2.09649636457929,29.333333333333332,0.22305027167738634,6.813266072715586e-16,24
96,1,32,random,5,722441,23,2.130879178417613,30.666666666666668,0.2319458823073906,6.814754631938583e-16,24
96,1,32,random,5,722441,24,2.1391889104306228,32.0,0.23414208183346238,6.815030013260842e-16,24
96,1,32,random,6,722442,0,0.0,0.0,0.0,0.0,24
96,1,32,random,6,722442,1,0.02490725029831957,1.3333333333333333,0.0007881258519648628,0.0,24
96,1,32,random,6,722442,2,0.1476052950286894,2.6666666666666665,0.004970478786500728,2.7755575615628914e-17,24
96,1,32,random,6,722442,3,0.1864788590130555,4.0,0.006406223342036827,2.225389822382176e-16,24
96,1,32,random,6,722442,4,0.31915996751914844,5.333333333333333,0.011749106813620515,2.396821885231268e-16,24
96,1,32,random,6,722442,5,0.34427115103797007,6.666666666666667,0.012842536475888355,2.4493838342525667e-16,24
96,1,32,random,6,722442,6,0.5166037001608627,8.0,0.02113514592062945,2.452668751594607e-16,24
96,1,32,random,6,722442,7,0.5251889054978212,9.333333333333334,0.02158681923479826,2.4591546477475367e-16,24
96,1,32,random,6,722442,8,0.6601972245015356,10.666666666666666,0.029224186265235274,4.586736302151362e-16,24
96,1,32,random,6,722442,9,0.6924870283253909,12.0,0.03120875410112442,4.653268635766786e-16,24
96,1,32,random,6,722442,10,1.01628288887959,13.333333333333334,0.055090800801573,4.6543837929835e-16,24
96,1,32,random,6,722442,11,1.0293874341864528,14.666666666666666,0.056229703842236,4.670088971875445e-16,24
96,1,32,random,6,722442,12,1.0727813979029373,16.0,0.060109363056530224,4.684053043215452e-16,24
96,1,32,random,6,722442,13,1.0916600970023533,17.333333333333332,0.061850492398054305,5.81841675238954e-16,24
96,1,32,random,6,722442,14,1.0916609081060678,18.666666666666668,0.06185056791224013,5.819268746354321e-16,24
96,1,32,random,6,722442,15,1.099737871286743,20.0,0.06260558278042085,5.819494467541506e-16,24
96,1,32,random,6,722442,16,1.10425675739222,21.333333333333332,0.06303066519551832,5.81968829742786e-16,24
96,1,32,random,6,722442,17,1.104503851265403,22.666666666666668,0.06305396424865585,5.820962089126691e-16,24
96,1,32,random,6,722442,18,1.1052237137207923,24.0,0.06312187457202631,5.84511067275521e-16,24
96,1,32,random,6,722442,19,1.2029920187618077,25.333333333333332,0.07281455158841967,6.9723747686721e-16,24
96,1,32,random,6,722442,20,1.3189888605514943,26.666666666666668,0.08561369278849078,7.021131581208437e-16,24
96,1,32,random,6,722442,21,1.3406634915435351,28.0,0.08817432028856602,7.080151978351809e-16,24
96,1,32,random,6,722442,22,1.3605320472821252,29.333333333333332,0.09057083788768745,7.081118136107384e-16,24
96,1,32,random,6,722442,23,1.4697061399002607,30.666666666666668,0.10462366444245016,7.096558878377924e-16,24
96,1,32,random,6,722442,24,1.479571174052418,32.0,0.10597069611499497,7.14741334823942e-16,24
96,1,32,random,7,722443,0,0.0,0.0,0.0,0.0,24
96,1,32,random,7,722443,1,0.39624469098932613,1.3333333333333333,0.015194779402205356,2.220446049250313e-16,24
96,1,32,random,7,722443,2,0.6942629115023232,2.6666666666666665,0.03131977210010612,2.225314285619076e-16,24
96,1,32,random,7,722443,3,0.7099429949109535,4.0,0.03230860356558368,2.2253571656160375e-16,24
96,1,32,random,7,722443,4,0.7585749830106109,5.333333333333333,0.03547597845606384,1.2188123970989482e-16,24
96,1,32,random,7,722443,5,0.9509940983126686,6.666666666666667,0.04963379334339076,2.4661934799694196e-16,24
96,1,32,random,7,722443,6,1.2740154679575446,8.0,0.08047436867960983,2.4958119194161757e-16,24
96,1,32,random,7,722443,7,1.2846741276395157,9.333333333333334,0.08167156964821448,2.531982895577699e-16,24
96,1,32,random,7,722443,8,1.3033480437439406,10.666666666666666,0.08380006942636545,5.622554168476299e-16,24
96,1,32,random,7,722443,9,1.3121013216054536,12.0,0.08481155510130657,5.64125699242471e-16,24
96,1,32,random,7,722443,10,1.5521959682939606,13.333333333333334,0.11630711843925563,5.641269427931846e-16,24
96,1,32,random,7,722443,11,1.6573753400953366,14.666666666666666,0.13267265754947957,5.641275223886787e-16,24
96,1,32,random,7,722443,12,1.72259212089689,16.0,0.14371946921579745,5.64238835384508e-16,24
96,1,32,random,7,722443,13,1.756695715316679,17.333333333333332,0.14978947320583266,5.644464303004894e-16,24
96,1,32,random,7,722443,14,1.7779600178174528,18.666666666666668,0.1536803733561231,5.646983412596455e-16,24
96,1,32,random,7,722443,15,1.7802432275470064,20.0,0.1541030905762577,5.65893485717145e-16,24
96,1,32,random,7,722443,16,1.8136255840581723,21.333333333333332,0.16039504944048735,5.658943193668645e-16,24
96,1,32,random,7,722443,17,1.8544740958888888,22.666666666666668,0.16838555356160587,5.65901500109948e-16,24
96,1,32,random,7,722443,18,1.894702180173109,24.0,0.17658023246308469,5.659107360578731e-16,24
96,1,32,random,7,722443,19,1.930535214589728,25.333333333333332,0.18416245609127765,5.663063824337505e-16,24
96,1,32,random,7,722443,20,1.9411465777318455,26.666666666666668,0.18646044673182102,5.686644229988127e-16,24
96,1,32,random,7,722443,21,2.0886264777681407,28.0,0.22105681176393552,5.694284185390591e-16,24
96,1,32,random,7,722443,22,2.1063354610162053,29.333333333333332,0.22556470617137875,5.714430510026969e-16,24
96,1,32,random,7,722443,23,2.1208896538650817,30.666666666666668,0.22932976919728415,5.718430789942485e-16,24
96,1,32,random,7,722443,24,2.1316417274251305,32.0,0.23214665860738212,5.72038084535327e-16,24
96,1,32,krylov,0,722444,0,0.0,0.0,0.0,0.0,24
96,1,32,krylov,0,722444,1,0.11912872603239849,1.3333333333333333,0.003953591273485714,0.0,24
96,1,32,krylov,0,722444,2,0.2160458479128378,2.6666666666666665,0.007536227570587654,1.3877787807814457e-17,24
96,1,32,krylov,0,722444,3,0.32288707492381663,4.0,0.011909668131791139,1.2342738181170912e-16,24
96,1,32,krylov,0,722444,4,0.44396478414556473,5.333333333333333,0.017464862109984585,2.3390238899102755e-16,24
96,1,32,krylov,0,722444,5,0.6177421480003422,6.666666666666667,0.026710487256134622,2.660484340163738e-16,24
96,1,32,krylov,0,722444,6,0.8383536344880034,8.0,0.04101739148856605,2.728471737738865e-16,24
96,1,32,krylov,0,722444,7,1.002400592982535,9.333333333333334,0.05390047361040666,2.772690795311678e-16,24
96,1,32,krylov,0,722444,8,1.1219490930974658,10.666666666666666,0.06471355359014902,4.644695471925639e-16,24
96,1,32,krylov,0,722444,9,1.251144007585782,12.0,0.07794806941101282,4.647857503720933e-16,24
96,1,32,krylov,0,722444,10,1.4009190398803262,13.333333333333334,0.09559151782631758,4.649789788141627e-16,24
96,1,32,krylov,0,722444,11,1.5262943405336573,14.666666666666666,0.11253422189717788,4.649996930067504e-16,24
96,1,32,krylov,0,722444,12,1.7073396127399418,16.0,0.14107099523949365,4.934475562690162e-16,24
96,1,32,krylov,0,722444,13,1.931201482152008,17.333333333333332,0.18430602624603976,4.952147224494078e-16,24
96,1,32,krylov,0,722444,14,2.1685474883051707,18.666666666666668,0.24204911766701204,4.969616369335283e-16,24
96,1,32,krylov,0,722444,15,2.4393681386914525,20.0,0.327056051939817,5.020259841319933e-16,24
96,1,32,krylov,0,722444,16,2.704148724041083,21.333333333333332,0.4356747455370679,5.024526037223893e-16,24
96,1,32,krylov,0,722444,17,2.932150452099852,22.666666666666668,0.5552483344530567,5.066234336531068e-16,24
96,1,32,krylov,0,722444,18,3.0663418360311563,24.0,0.6394763383077894,5.0752611766018e-16,24
96,1,32,krylov,0,722444,19,3.17428109650882,25.333333333333332,0.7159257804848043,5.075478170092192e-16,24
96,1,32,krylov,0,722444,20,3.2456433596439984,26.666666666666668,0.7711945337767583,5.080411615277368e-16,24
96,1,32,krylov,0,722444,21,3.300383387172758,28.0,0.8163448609837431,5.088946865284511e-16,24
96,1,32,krylov,0,722444,22,3.342717732472721,29.333333333333332,0.852997595346887,5.106596208478259e-16,24
96,1,32,krylov,0,722444,23,3.383396026253611,30.666666666666668,0.8897088931698226,5.110389392294025e-16,24
96,1,32,krylov,0,722444,24,3.4130761020436653,32.0,0.9174527055323651,5.113552379723019e-16,24
96,1,32,krylov,1,722445,0,0.0,0.0,0.0,0.0,24
96,1,32,krylov,1,722445,1,0.0013614328873657977,1.3333333333333333,4.257375180722828e-05,2.220446049250313e-16,24
96,1,32,krylov,1,722445,2,0.003327277857495886,2.6666666666666665,0.00010415060596361607,2.2226123401387487e-16,24
96,1,32,krylov,1,722445,3,0.005424322447909147,4.0,0.00016997064753908827,2.2567164555022326e-16,24
96,1,32,krylov,1,722445,4,0.007303901227686604,5.333333333333333,0.00022908249291191528,2.2615160376845806e-16,24
96,1,32,krylov,1,722445,5,0.009151269276711343,6.666666666666667,0.0002872896926284548,2.503552579108295e-16,24
96,1,32,krylov,1,722445,6,0.010814248736578951,8.0,0.00033977918998853246,2.5086629652752334e-16,24
96,1,32,krylov,1,722445,7,0.01248154131622239,9.333333333333334,0.0003924925264906437,2.5316070951341775e-16,24
96,1,32,krylov,1,722445,8,0.014977434862252345,10.666666666666666,0.000471567459625774,5.602939375404152e-16,24
96,1,32,krylov,1,722445,9,0.01824304842378197,12.0,0.0005753271678603009,5.6116312973099e-16,24
96,1,32,krylov,1,722445,10,0.02099780519976401,13.333333333333334,0.0006631190706746444,5.613535635811715e-16,24
96,1,32,krylov,1,722445,11,0.023696775396127714,14.666666666666666,0.0007493679671637003,5.73722152704161e-16,24
96,1,32,krylov,1,722445,12,0.026192601039857166,16.0,0.0008293325576477965,5.743168529939205e-16,24
96,1,32,krylov,1,722445,13,0.02895142650911983,17.333333333333332,0.0009179560294801108,5.750040087291174e-16,24
96,1,32,krylov,1,722445,14,0.032782163769001504,18.666666666666668,0.0010414193439953932,5.970367549359978e-16,24
96,1,32,krylov,1,722445,15,0.03592646545389735,20.0,0.0011431131023902628,7.968285703983572e-16,24
96,1,32,krylov,1,722445,16,0.0400568225984131,21.333333333333332,0.0012771849201673473,7.969046316004552e-16,24
96,1,32,krylov,1,722445,17,0.04509639577152854,22.666666666666668,0.0014415217947309463,7.993812088677233e-16,24
96,1,32,krylov,1,722445,18,0.0532135097486942,24.0,0.0017079625051076251,7.997825964349078e-16,24
96,1,32,krylov,1,722445,19,0.06361266650069448,25.333333333333332,0.0020524857944761166,8.006848211386595e-16,24
96,1,32,krylov,1,722445,20,0.07800766594355159,26.666666666666668,0.0025353420789726118,8.008061119731019e-16,24
96,1,32,krylov,1,722445,21,0.09853718321230975,28.0,0.0032361074177387787,8.027073887128107e-16,24
96,1,32,krylov,1,722445,22,0.12988017044834502,29.333333333333332,0.004334122693937407,8.027592577367582e-16,24
96,1,32,krylov,1,722445,23,0.16620097520150878,30.666666666666668,0.005650324733880338,8.028348391830908e-16,24
96,1,32,krylov,1,722445,24,0.20183847122621004,32.0,0.006989073044015169,8.032210094412407e-16,24
96,1,32,krylov,2,722446,0,0.0,0.0,0.0,0.0,24
96,1,32,krylov,2,722446,1,0.40571550801512835,1.3333333333333333,0.015636738965295504,0.0,24
96,1,32,krylov,2,722446,2,0.8558532284838073,2.6666666666666665,0.042293171759840556,1.1757450506243963e-16,24
96,1,32,krylov,2,722446,3,1.1758195900404584,4.0,0.0700249369192771,1.292368989602721e-16,24
96,1,32,krylov,2,722446,4,1.529242181369789,5.333333333333333,0.11295870023798654,2.233944121026725e-16,24
96,1,32,krylov,2,722446,5,1.8559684693358323,6.666666666666667,0.16868410665125955,2.253616637211698e-16,24
96,1,32,krylov,2,722446,6,2.1728923218853455,8.0,0.24323914020376172,2.2616571457486345e-16,24
96,1,32,krylov,2,722446,7,2.4232241203415037,9.333333333333334,0.32131799473774264,2.2643579754973206e-16,24
96,1,32,krylov,2,722446,8,2.6403712104594073,10.666666666666666,0.4068252006591323,4.548531749233595e-16,24
96,1,32,krylov,2,722446,9,2.78294383756516,12.0,0.47395445753629256,4.549235947989797e-16,24
96,1,32,krylov,2,722446,10,2.937481393081386,13.333333333333334,0.5583832711166684,4.67026105477667e-16,24
96,1,32,krylov,2,722446,11,3.0626323806408657,14.666666666666666,0.6369929177932177,4.672349788768721e-16,24
96,1,32,krylov,2,722446,12,3.1676147492000863,16.0,0.7109614127160483,4.685888272138343e-16,24
96,1,32,krylov,2,722446,13,3.254470828893754,17.333333333333332,0.7783094453529525,4.75316317405108e-16,24
96,1,32,krylov,2,722446,14,3.315095277465448,18.666666666666668,0.8289067616698642,4.753675413086205e-16,24
96,1,32,krylov,2,722446,15,3.359341330625027,20.0,0.8678198301417999,4.774028792119603e-16,24
96,1,32,krylov,2,722446,16,3.391832428168186,21.333333333333332,0.8975113385451372,4.806645435210493e-16,24
96,1,32,krylov,2,722446,17,3.425020152420688,22.666666666666668,0.9288519997939123,4.810369617679319e-16,24
96,1,32,krylov,2,722446,18,3.4469659563042985,24.0,0.9501551119599646,4.865387295939567e-16,24
96,1,32,krylov,2,722446,19,3.4629806789123574,25.333333333333332,0.965998568258429,4.867582263089558e-16,24
96,1,32,krylov,2,722446,20,3.472086818500059,26.666666666666668,0.9751211255264305,4.890762357706894e-16,24
96,1,32,krylov,2,722446,21,3.477567725553908,28.0,0.9806520956476822,4.892731552829906e-16,24
96,1,32,krylov,2,722446,22,3.483944758860051,29.333333333333332,0.9871256481059256,4.89306966641807e-16,24
96,1,32,krylov,2,722446,23,3.4887912455243923,30.666666666666668,0.9920731714726434,4.928400692220588e-16,24
96,1,32,krylov,2,722446,24,3.492173030567198,32.0,0.995539688672168,5.171360250695531e-16,24
96,1,32,krylov,3,722447,0,0.0,0.0,0.0,0.0,24
96,1,32,krylov,3,722447,1,0.003774089355839867,1.3333333333333333,0.00011816313122075026,2.220446049250313e-16,24
96,1,32,krylov,3,722447,2,0.008698227024265252,2.6666666666666665,0.0002730052038528738,2.2434172659286434e-16,24
96,1,32,krylov,3,722447,3,0.015253162173904157,4.0,0.0004803151680784477,2.2505889972831305e-16,24
96,1,32,krylov,3,722447,4,0.024592980512119438,5.333333333333333,0.0007780588189681322,2.2743095082074203e-16,24
96,1,32,krylov,3,722447,5,0.03949249209123954,6.666666666666667,0.001258834015878997,2.309143901899245e-16,24
96,1,32,krylov,3,722447,6,0.056831714400255924,8.0,0.0018274271517897966,2.330395113725383e-16,24
96,1,32,krylov,3,722447,7,0.08055617510134178,9.333333333333334,0.0026215541421146242,2.334210752910921e-16,24
96,1,32,krylov,3,722447,8,0.11083331647072324,10.666666666666666,0.003662770970294983,4.556208521350732e-16,24
96,1,32,krylov,3,722447,9,0.15255836261244982,12.0,0.0051503262966013,6.705729559430345e-16,24
96,1,32,krylov,3,722447,10,0.19263197542044933,13.333333333333334,0.006638640780206438,6.712443406947197e-16,24
96,1,32,krylov,3,722447,11,0.2567452306007265,14.666666666666666,0.009147366887179402,6.714880755459406e-16,24
96,1,32,krylov,3,722447,12,0.3299267309764386,16.0,0.012214569291272296,6.730170674146527e-16,24
96,1,32,krylov,3,722447,13,0.41654348928367535,17.333333333333332,0.016147186266180603,6.730247610605177e-16,24
96,1,32,krylov,3,722447,14,0.5190520394318292,18.666666666666668,0.02126355966666433,6.735922798473651e-16,24
96,1,32,krylov,3,722447,15,0.6354649135070225,20.0,0.02774686398458605,6.736378497998707e-16,24
96,1,32,krylov,3,722447,16,0.7736612224040597,21.333333333333332,0.03649025410655085,6.736931451859551e-16,24
96,1,32,krylov,3,722447,17,0.9263585369044914,22.666666666666668,0.047665519991273844,6.755622238181639e-16,24
96,1,32,krylov,3,722447,18,1.094292886076694,24.0,0.062095929307290146,6.897183067156082e-16,24
96,1,32,krylov,3,722447,19,1.2736352773040824,25.333333333333332,0.08043190019244639,6.897775548912465e-16,24
96,1,32,krylov,3,722447,20,1.5846863197531795,26.666666666666668,0.12118003378791799,6.902305971139103e-16,24
96,1,32,krylov,3,722447,21,1.8982212385784965,28.0,0.17731288756148272,6.902313383857297e-16,24
96,1,32,krylov,3,722447,22,2.185554789991751,29.333333333333332,0.24673694889678055,6.902516749482959e-16,24
96,1,32,krylov,3,722447,23,2.417981441265942,30.666666666666668,0.31947443071890436,6.903941185435045e-16,24
96,1,32,krylov,3,722447,24,2.635585499668548,32.0,0.40473370807523507,6.905072416824214e-16,24
96,1,32,krylov,4,722448,0,0.0,0.0,0.0,0.0,24
96,1,32,krylov,4,722448,1,0.30260094237849217,1.3333333333333333,0.011042946323295083,0.0,24
96,1,32,krylov,4,722448,2,0.7671414071115553,2.6666666666666665,0.036050036789103033,2.7755575615628914e-17,24
96,1,32,krylov,4,722448,3,1.2404328351618437,4.0,0.076784671860026,2.3683449105222165e-16,24
96,1,32,krylov,4,722448,4,1.5470176327703973,5.333333333333333,0.11554499314437273,5.602236963870286e-16,24
96,1,32,krylov,4,722448,5,1.8042886514373555,6.666666666666667,0.15861400023401895,5.616840027756496e-16,24
96,1,32,krylov,4,722448,6,2.013954066150443,8.0,0.20290269431007957,5.63011052861896e-16,24
96,1,32,krylov,4,722448,7,2.255723222409862,9.333333333333334,0.2669434981961014,5.646793134107754e-16,24
96,1,32,krylov,4,722448,8,2.4665859047937375,10.666666666666666,0.3369422723647276,4.979583300604108e-16,24
96,1,32,krylov,4,722448,9,2.640905450477483,12.0,0.40705930048943184,4.99942630082686e-16,24
96,1,32,krylov,4,722448,10,2.834269637736612,13.333333333333334,0.5005614524948677,5.020123657118703e-16,24
96,1,32,krylov,4,722448,11,3.016185585797387,14.666666666666666,0.6066649466389762,5.156560755421715e-16,24
96,1,32,krylov,4,722448,12,3.1754366888932535,16.0,0.7167897102057281,5.158737576727275e-16,24
96,1,32,krylov,4,722448,13,3.290161994644793,17.333333333333332,0.8077253877590475,5.158804830626513e-16,24
96,1,32,krylov,4,722448,14,3.3710477696548526,18.666666666666668,0.8784065819732697,5.175368422096093e-16,24
96,1,32,krylov,4,722448,15,3.430835290681747,20.0,0.9344513905040158,5.925076805722248e-16,24
96,1,32,krylov,4,722448,16,3.462056813265424,21.333333333333332,0.9650776700233844,6.133934362065923e-16,24
96,1,32,krylov,4,722448,17,3.4728481543444265,22.666666666666668,0.9758876036736511,6.133934474326044e-16,24
96,1,32,krylov,4,722448,18,3.4806372755667345,24.0,0.9837629517599897,6.138302079985896e-16,24
96,1,32,krylov,4,722448,19,3.4858807912229888,25.333333333333332,0.9890991660992067,6.173266350028359e-16,24
96,1,32,krylov,4,722448,20,3.489149045705537,26.666666666666668,0.9924393821999911,6.182000025314228e-16,24
96,1,32,krylov,4,722448,21,3.491070980410268,28.0,0.9944087382311515,6.182411952436767e-16,24
96,1,32,krylov,4,722448,22,3.4925091740634846,29.333333333333332,0.9958848953643107,6.209840721725225e-16,24
96,1,32,krylov,4,722448,23,3.4936967909269465,30.666666666666668,0.9971054627268267,6.228971093683064e-16,24
96,1,32,krylov,4,722448,24,3.4947573539891787,32.0,0.9981966770939822,6.358608890604822e-16,24
96,1,32,krylov,5,722449,0,0.0,0.0,0.0,0.0,24
96,1,32,krylov,5,722449,1,0.514578018634601,1.3333333333333333,0.021029137703979912,0.0,24
96,1,32,krylov,5,722449,2,0.9525376451783556,2.6666666666666665,0.04975873767299797,5.204170427930421e-18,24
96,1,32,krylov,5,722449,3,1.3006123411239792,4.0,0.08348575677900352,2.007260671741251e-17,24
96,1,32,krylov,5,722449,4,1.5149646485118775,5.333333333333333,0.11091438440254535,2.270971044556639e-16,24
96,1,32,krylov,5,722449,5,1.7443589965855937,6.666666666666667,0.14756976028494667,2.2731736586932166e-16,24
96,1,32,krylov,5,722449,6,1.9765861735418533,8.0,0.19431436480535938,2.352253863492554e-16,24
96,1,32,krylov,5,722449,7,2.1561036530643247,9.333333333333334,0.23866930102931977,2.3715467083548926e-16,24
96,1,32,krylov,5,722449,8,2.326778611395857,10.666666666666666,0.2889026737802132,5.629016683038822e-16,24
96,1,32,krylov,5,722449,9,2.4752970845585685,12.0,0.3401636721624765,5.62979571900567e-16,24
96,1,32,krylov,5,722449,10,2.63520429999533,13.333333333333334,0.4045675429012554,5.629903490612243e-16,24
96,1,32,krylov,5,722449,11,2.8234303690142197,14.666666666666666,0.494828133875957,5.643672430643777e-16,24
96,1,32,krylov,5,722449,12,2.966918068681455,16.0,0.5759981035500279,5.650604596854778e-16,24
96,1,32,krylov,5,722449,13,3.0793632891917517,17.333333333333332,0.6482672811162675,5.658895979947181e-16,24
96,1,32,krylov,5,722449,14,3.1967612889702135,18.666666666666668,0.7329126545653945,5.7095756920761235e-16,24
96,1,32,krylov,5,722449,15,3.2974067068400785,20.0,0.8138255934182708,5.717032556291751e-16,24
96,1,32,krylov,5,722449,16,3.3571767739279017,21.333333333333332,0.8658758472094332,5.812290775755369e-16,24
96,1,32,krylov,5,722449,17,3.3974742928330057,22.666666666666668,0.9027660936933128,5.813643923808927e-16,24
96,1,32,krylov,5,722449,18,3.4318839587437586,24.0,0.9354646218885186,5.835501782259354e-16,24
96,1,32,krylov,5,722449,19,3.456590578195043,25.333333333333332,0.959646366686116,5.847960789670342e-16,24
96,1,32,krylov,5,722449,20,3.4696596372558557,26.666666666666668,0.9726814423801553,5.849111931864385e-16,24
96,1,32,krylov,5,722449,21,3.479405980006801,28.0,0.9825139399283751,5.856197215034214e-16,24
96,1,32,krylov,5,722449,22,3.4840300145105907,29.333333333333332,0.9872124740854492,5.86639613707883e-16,24
96,1,32,krylov,5,722449,23,3.4873358901073637,30.666666666666668,0.9905849557557499,5.867490266969223e-16,24
96,1,32,krylov,5,722449,24,3.489772757921499,32.0,0.9930780689306733,7.944244076793103e-16,24
96,1,32,krylov,6,722450,0,0.0,0.0,0.0,0.0,24
96,1,32,krylov,6,722450,1,0.016956243713549632,1.3333333333333333,0.0005344005249018964,1.1102230246251565e-16,24
96,1,32,krylov,6,722450,2,0.035331952333692566,2.6666666666666665,0.0011238606951180276,6.938893903907228e-18,24
96,1,32,krylov,6,722450,3,0.05915744726326256,4.0,0.001904445938986221,5.551115123125783e-17,24
96,1,32,krylov,6,722450,4,0.09167292450157691,5.333333333333333,0.003000196457732986,2.1351496976797918e-16,24
96,1,32,krylov,6,722450,5,0.14624052891522146,6.666666666666667,0.0049210800209873945,2.66562911571789e-16,24
96,1,32,krylov,6,722450,6,0.19491755788768267,8.0,0.006725337431713182,2.6702204483664044e-16,24
96,1,32,krylov,6,722450,7,0.2576483840785391,9.333333333333334,0.00918386839032664,2.6711294276268134e-16,24
96,1,32,krylov,6,722450,8,0.33868214745864034,10.666666666666666,0.012596790508943422,4.475159941321967e-16,24
96,1,32,krylov,6,722450,9,0.4178244283128914,12.0,0.016207938073317593,4.475276293257324e-16,24
96,1,32,krylov,6,722450,10,0.5203294049990856,13.333333333333334,0.02133068154005484,4.481142191562813e-16,24
96,1,32,krylov,6,722450,11,0.6687268334202608,14.666666666666666,0.02974221356818836,4.481908752097206e-16,24
96,1,32,krylov,6,722450,12,0.8148975726805483,16.0,0.03934200884037235,4.485897774733347e-16,24
96,1,32,krylov,6,722450,13,0.9894494985932463,17.333333333333332,0.05280479224072609,4.486413622572743e-16,24
96,1,32,krylov,6,722450,14,1.200877056251411,18.666666666666668,0.0725946915429798,4.487857720890485e-16,24
96,1,32,krylov,6,722450,15,1.4373948575483526,20.0,0.10030358166121627,4.497092860779313e-16,24
96,1,32,krylov,6,722450,16,1.6376956368811388,21.333333333333332,0.12947824395116508,4.851197411900301e-16,24
96,1,32,krylov,6,722450,17,1.8721984330084607,22.666666666666668,0.17195550547104674,4.851785331432178e-16,24
96,1,32,krylov,6,722450,18,2.098619649206237,24.0,0.2235907971765362,4.851817692637394e-16,24
96,1,32,krylov,6,722450,19,2.3849431676712993,25.333333333333332,0.3080764230199484,4.851854312392785e-16,24
96,1,32,krylov,6,722450,20,2.6509148032541865,26.666666666666668,0.41146852282201846,4.882028009648927e-16,24
96,1,32,krylov,6,722450,21,2.8279634944693277,28.0,0.49721832548216427,4.885197348338012e-16,24
96,1,32,krylov,6,722450,22,3.0264073874211066,29.333333333333332,0.6132190268633165,5.249019700360335e-16,24
96,1,32,krylov,6,722450,23,3.1793624141579544,30.666666666666668,0.7197320802845447,5.266715909118298e-16,24
96,1,32,krylov,6,722450,24,3.28048682082112,32.0,0.7996472965321512,5.276946542407824e-16,24
96,1,32,krylov,7,722451,0,0.0,0.0,0.0,0.0,24
96,1,32,krylov,7,722451,1,0.21568855715646837,1.3333333333333333,0.007522372085368023,0.0,24
96,1,32,krylov,7,722451,2,0.4320558166953219,2.6666666666666665,0.016888159186763993,1.1145430237265545e-16,24
96,1,32,krylov,7,722451,3,0.6306980412365648,4.0,0.02746630270078358,1.1200365932317083e-16,24
96,1,32,krylov,7,722451,4,0.8250265940915847,5.333333333333333,0.040060670333821734,1.1779108791562169e-16,24
96,1,32,krylov,7,722451,5,1.0583324266397867,6.666666666666667,0.05879880515250802,1.235222216246774e-16,24
96,1,32,krylov,7,722451,6,1.2732373550971399,8.0,0.08038746832504594,1.5220474094172595e-16,24
96,1,32,krylov,7,722451,7,1.4925067856005598,9.333333333333334,0.10775725997225435,2.323417745576679e-16,24
96,1,32,krylov,7,722451,8,1.6780252742235937,10.666666666666666,0.1360928413801038,2.620453743041449e-16,24
96,1,32,krylov,7,722451,9,1.8601568708527005,12.0,0.16952326711053978,2.6627516631024717e-16,24
96,1,32,krylov,7,722451,10,2.1442892579072765,13.333333333333334,0.23549913143882628,4.488467808830607e-16,24
96,1,32,krylov,7,722451,11,2.369844461067012,14.666666666666666,0.3029915172662595,4.488544762771394e-16,24
96,1,32,krylov,7,722451,12,2.584563084229545,16.0,0.3830467317363298,5.025831164004518e-16,24
96,1,32,krylov,7,722451,13,2.7868912997500876,17.333333333333332,0.4759526743760201,5.02589309577564e-16,24
96,1,32,krylov,7,722451,14,2.934569169829605,18.666666666666668,0.5566686253220068,5.029642179274131e-16,24
96,1,32,krylov,7,722451,15,3.0670523631630746,20.0,0.6399530769170512,5.039265980643819e-16,24
96,1,32,krylov,7,722451,16,3.176535268273643,21.333333333333332,0.717611942768248,5.048417978199753e-16,24
96,1,32,krylov,7,722451,17,3.2580621258300937,22.666666666666668,0.7812220405755724,5.063243269206001e-16,24
96,1,32,krylov,7,722451,18,3.3141772661098874,24.0,0.8281174903305446,5.065842114143815e-16,24
96,1,32,krylov,7,722451,19,3.3605628046650216,25.333333333333332,0.8689186915781939,6.888583300443463e-16,24
96,1,32,krylov,7,722451,20,3.3928389514885717,26.666666666666668,0.8984466291083761,6.895505560229835e-16,24
96,1,32,krylov,7,722451,21,3.421156566078203,28.0,0.9251497194653914,6.896678161392436e-16,24
96,1,32,krylov,7,722451,22,3.446759407590519,29.333333333333332,0.9499524249294856,6.897315290910044e-16,24
96,1,32,krylov,7,722451,23,3.466052258591062,30.666666666666668,0.9690664058371057,6.897361734853857e-16,24
96,1,32,krylov,7,722451,24,3.476366706696093,32.0,0.9794375116636783,6.900489762369949e-16,24
96,1,32,reply_null,0,722452,0,0.0,0.0,0.0,0.0,24
96,1,32,reply_null,0,722452,1,0.0064778903594769075,1.3333333333333333,0.00020309116468911713,2.220446049250313e-16,24
96,1,32,reply_null,0,722452,2,0.3325945617433475,2.6666666666666665,0.01233068021978516,2.220446049250313e-16,24
96,1,32,reply_null,0,722452,3,0.3349003349125286,4.0,0.01243128332232577,2.258261886400326e-16,24
96,1,32,reply_null,0,722452,4,0.9432750937690775,5.333333333333333,0.04901185443777011,4.458041009831399e-16,24
96,1,32,reply_null,0,722452,5,1.0283403762568304,6.666666666666667,0.05613815546124007,4.462588077017096e-16,24
96,1,32,reply_null,0,722452,6,1.037261686821411,8.0,0.0569212603026011,4.462599507868338e-16,24
96,1,32,reply_null,0,722452,7,1.1712053457338905,9.333333333333334,0.06955870609687773,4.462602815996031e-16,24
96,1,32,reply_null,0,722452,8,1.325928716861288,10.666666666666666,0.0864275307171077,5.586665549077746e-16,24
96,1,32,reply_null,0,722452,9,1.393408088049095,12.0,0.0946423861987452,5.587922852485983e-16,24
96,1,32,reply_null,0,722452,10,1.4273836703934357,13.333333333333334,0.09899314459440918,5.589146102169823e-16,24
96,1,32,reply_null,0,722452,11,1.4285110781757488,14.666666666666666,0.09914006453299705,5.596118707022866e-16,24
96,1,32,reply_null,0,722452,12,1.5215636420540015,16.0,0.1118556284732383,5.59980871500865e-16,24
96,1,32,reply_null,0,722452,13,1.6213993476819257,17.333333333333332,0.1268801967658848,5.600459029432506e-16,24
96,1,32,reply_null,0,722452,14,1.6361780810489517,18.666666666666668,0.12923451485019433,5.677309827617455e-16,24
96,1,32,reply_null,0,722452,15,1.6393539501083747,20.0,0.12974500284787083,5.685069589954671e-16,24
96,1,32,reply_null,0,722452,16,1.682113900567168,21.333333333333332,0.13677844436189127,5.690849389683575e-16,24
96,1,32,reply_null,0,722452,17,1.7766094139854915,22.666666666666668,0.15343077427789983,5.692161230972597e-16,24
96,1,32,reply_null,0,722452,18,1.819022676182379,24.0,0.16143217163197932,5.692162153557864e-16,24
96,1,32,reply_null,0,722452,19,1.9978719905176303,25.333333333333332,0.1991671511255001,5.698682196110903e-16,24
96,1,32,reply_null,0,722452,20,2.1056490130495384,26.666666666666668,0.22538847673160767,5.704708328440964e-16,24
96,1,32,reply_null,0,722452,21,2.1849295117557888,28.0,0.2465631840391073,5.711491775143773e-16,24
96,1,32,reply_null,0,722452,22,2.190290058291768,29.333333333333332,0.24805641322701547,5.720921128193251e-16,24
96,1,32,reply_null,0,722452,23,2.3332028975512062,30.666666666666668,0.2909660469232064,5.779110675007029e-16,24
96,1,32,reply_null,0,722452,24,2.430859098489359,32.0,0.324020145979703,5.802012565767985e-16,24
96,1,32,reply_null,1,722453,0,0.0,0.0,0.0,0.0,24
96,1,32,reply_null,1,722453,1,0.15137365166577996,1.3333333333333333,0.005107227966148145,0.0,24
96,1,32,reply_null,1,722453,2,0.24434565249181356,2.6666666666666665,0.008649549323203666,1.179611963664229e-16,24
96,1,32,reply_null,1,722453,3,1.2647066434791747,4.0,0.07943917184974597,1.1881881360013994e-16,24
96,1,32,reply_null,1,722453,4,1.2796243172029431,5.333333333333333,0.08110277448987115,2.255978997749659e-16,24
96,1,32,reply_null,1,722453,5,1.2922593611189201,6.666666666666667,0.08253136286259334,2.278922582158143e-16,24
96,1,32,reply_null,1,722453,6,1.2957331952055058,8.0,0.08292730776459929,2.301316277842881e-16,24
96,1,32,reply_null,1,722453,7,1.5558609283610414,9.333333333333334,0.11684890158631571,2.391106522929271e-16,24
96,1,32,reply_null,1,722453,8,1.5699799591817432,10.666666666666666,0.11895474579929853,4.752321968553479e-16,24
96,1,32,reply_null,1,722453,9,1.6046514181361338,12.0,0.12425389729857243,4.753613410557039e-16,24
96,1,32,reply_null,1,722453,10,1.6047286375935768,13.333333333333334,0.12426590568878684,5.662064903646743e-16,24
96,1,32,reply_null,1,722453,11,1.6578013203520228,14.666666666666666,0.13274250023996664,5.692568050815116e-16,24
96,1,32,reply_null,1,722453,12,1.6773222011152809,16.0,0.13597522847853974,5.692728435449691e-16,24
96,1,32,reply_null,1,722453,13,1.6817722438567355,17.333333333333332,0.13672104612213667,5.693043696062673e-16,24
96,1,32,reply_null,1,722453,14,1.6817928963607958,18.666666666666668,0.136724515180671,5.734008981032392e-16,24
96,1,32,reply_null,1,722453,15,1.681888598074433,20.0,0.13674059139886968,5.734482560244193e-16,24
96,1,32,reply_null,1,722453,16,1.7168518844396994,21.333333333333332,0.142717980231446,6.719987740388935e-16,24
96,1,32,reply_null,1,722453,17,1.7887931195812636,22.666666666666668,0.15569463355399007,6.735632540406074e-16,24
96,1,32,reply_null,1,722453,18,1.7890606124061423,24.0,0.15574464659088139,6.735711472869242e-16,24
96,1,32,reply_null,1,722453,19,1.7891044283161777,25.333333333333332,0.1557528401109955,6.737744977272784e-16,24
96,1,32,reply_null,1,722453,20,1.8143304032417915,26.666666666666668,0.1605301721607276,6.746258105290184e-16,24
96,1,32,reply_null,1,722453,21,1.8182797719764283,28.0,0.16128908039438447,6.806772231549585e-16,24
96,1,32,reply_null,1,722453,22,1.8786015944440193,29.333333333333332,0.17326083779403345,6.808841496834089e-16,24
96,1,32,reply_null,1,722453,23,1.9742629340619335,30.666666666666668,0.19379093303189382,6.809604937995818e-16,24
96,1,32,reply_null,1,722453,24,1.9924315525893066,32.0,0.19791698472709793,6.810398162810759e-16,24
96,1,32,reply_null,2,722454,0,0.0,0.0,0.0,0.0,24
96,1,32,reply_null,2,722454,1,0.23771436278348362,1.3333333333333333,0.008385839187927869,4.440892098500626e-16,24
96,1,32,reply_null,2,722454,2,1.0130053725936217,2.6666666666666665,0.05480828065589686,4.444359379754512e-16,24
96,1,32,reply_null,2,722454,3,1.3747618823444534,4.0,0.09231672067004282,4.504984431662793e-16,24
96,1,32,reply_null,2,722454,4,1.394604619769109,5.333333333333333,0.09479311058741371,2.48148934736091e-16,24
96,1,32,reply_null,2,722454,5,1.5688934279711302,6.666666666666667,0.1187916322850145,2.4986101725723954e-16,24
96,1,32,reply_null,2,722454,6,1.600875611573324,8.0,0.12366785175616941,2.6212151182698557e-16,24
96,1,32,reply_null,2,722454,7,1.6024902498093387,9.333333333333334,0.12391819009159322,2.6212438791349954e-16,24
96,1,32,reply_null,2,722454,8,1.6025288007041212,10.666666666666666,0.12392417207946774,5.7962713988292795e-16,24
96,1,32,reply_null,2,722454,9,1.623953649305195,12.0,0.1272846252804877,5.799299808552058e-16,24
96,1,32,reply_null,2,722454,10,1.6401662561773396,13.333333333333334,0.12987583319570598,5.8086420786502425e-16,24
96,1,32,reply_null,2,722454,11,1.645730769697249,14.666666666666666,0.13077491924123183,5.808961925097001e-16,24
96,1,32,reply_null,2,722454,12,1.6739414420081413,16.0,0.13541083484144456,5.823987361939304e-16,24
96,1,32,reply_null,2,722454,13,1.7860397670637953,17.333333333333332,0.15518061703563224,5.82400023703735e-16,24
96,1,32,reply_null,2,722454,14,1.87987734800131,18.666666666666668,0.1735219097191634,5.824241985226911e-16,24
96,1,32,reply_null,2,722454,15,1.8847877063386564,20.0,0.17452988591012653,5.849757508672039e-16,24
96,1,32,reply_null,2,722454,16,2.0950536660257493,21.333333333333332,0.22268365756368674,5.878026758202842e-16,24
96,1,32,reply_null,2,722454,17,2.100021206511792,22.666666666666668,0.22394822157445118,6.025130400297591e-16,24
96,1,32,reply_null,2,722454,18,2.103227594138947,24.0,0.22476779923424572,6.025950564943906e-16,24
96,1,32,reply_null,2,722454,19,2.1183497821217045,25.333333333333332,0.22866876978680617,6.033134879538217e-16,24
96,1,32,reply_null,2,722454,20,2.1406259637832585,26.666666666666668,0.2345237385792965,6.037913068034633e-16,24
96,1,32,reply_null,2,722454,21,2.210352225212765,28.0,0.25371649199101537,6.06892844152929e-16,24
96,1,32,reply_null,2,722454,22,2.2276358143527233,29.333333333333332,0.258684544978777,6.091428100250131e-16,24
96,1,32,reply_null,2,722454,23,2.2302671329127888,30.666666666666668,0.25944845973895875,6.127999018517698e-16,24
96,1,32,reply_null,2,722454,24,2.2443513493332103,32.0,0.26357168781881407,6.297549536414816e-16,24
96,1,32,reply_null,3,722455,0,0.0,0.0,0.0,0.0,24
96,1,32,reply_null,3,722455,1,0.020362640055043374,1.3333333333333333,0.0006428554058496809,0.0,24
96,1,32,reply_null,3,722455,2,0.046693983060375505,2.6666666666666665,0.0014937910956714859,1.1273073621278578e-16,24
96,1,32,reply_null,3,722455,3,0.051733310077655394,4.0,0.0016592142273424086,1.1273073621278578e-16,24
96,1,32,reply_null,3,722455,4,0.05278420695218282,5.333333333333333,0.001693816596293234,2.2567517183189933e-16,24
96,1,32,reply_null,3,722455,5,0.18747168591009078,6.666666666666667,0.0064436280185235315,2.2625174532583605e-16,24
96,1,32,reply_null,3,722455,6,0.6362941055561726,8.0,0.027795804002659696,2.263084055974372e-16,24
96,1,32,reply_null,3,722455,7,0.9661749630375043,9.333333333333334,0.05087104679599296,2.264094730128006e-16,24
96,1,32,reply_null,3,722455,8,1.0537317537305446,10.666666666666666,0.058385471589454105,4.494306444022371e-16,24
96,1,32,reply_null,3,722455,9,1.065358450620793,12.0,0.059433718061762106,4.502044455151236e-16,24
96,1,32,reply_null,3,722455,10,1.0662128606205548,13.333333333333334,0.059511232247021616,4.503035031430924e-16,24
96,1,32,reply_null,3,722455,11,1.0876151256460895,14.666666666666666,0.061474664192648146,4.887779925498597e-16,24
96,1,32,reply_null,3,722455,12,1.137738552806955,16.0,0.06624079165595886,4.908555200758488e-16,24
96,1,32,reply_null,3,722455,13,1.2213080094590232,17.333333333333332,0.07473815956346365,4.909430499984266e-16,24
96,1,32,reply_null,3,722455,14,1.2240587817367372,18.666666666666668,0.07503011021534355,4.939910792317491e-16,24
96,1,32,reply_null,3,722455,15,1.2418793862400344,20.0,0.0769410626174257,4.950549477160173e-16,24
96,1,32,reply_null,3,722455,16,1.3284036176616079,21.333333333333332,0.08671913162487789,5.011556887088286e-16,24
96,1,32,reply_null,3,722455,17,1.3906232105499772,22.666666666666668,0.09429227905413719,5.015238910839881e-16,24
96,1,32,reply_null,3,722455,18,1.3921998121928545,24.0,0.09449036532808554,6.766559132264382e-16,24
96,1,32,reply_null,3,722455,19,1.4176560248110324,25.333333333333332,0.09773232777610315,6.769839912662472e-16,24
96,1,32,reply_null,3,722455,20,1.7425426767553809,26.666666666666668,0.14724526119458425,6.769875525985474e-16,24
96,1,32,reply_null,3,722455,21,1.7497071572784626,28.0,0.14852867903815517,6.780851019462915e-16,24
96,1,32,reply_null,3,722455,22,1.7497488374341572,29.333333333333332,0.14853617239764916,6.799673566023721e-16,24
96,1,32,reply_null,3,722455,23,1.8861447102965827,30.666666666666668,0.17480931958318777,6.800069629678428e-16,24
96,1,32,reply_null,3,722455,24,1.941039645570046,32.0,0.1864371677277649,6.822570931751356e-16,24
96,1,32,reply_null,4,722456,0,0.0,0.0,0.0,0.0,24
96,1,32,reply_null,4,722456,1,0.04642592421227604,1.3333333333333333,0.0014850150090543533,2.220446049250313e-16,24
96,1,32,reply_null,4,722456,2,0.16375517846641596,2.6666666666666665,0.005560184317624646,2.2898349882893854e-16,24
96,1,32,reply_null,4,722456,3,0.7678769164622316,4.0,0.03609955480371136,2.322424042986347e-16,24
96,1,32,reply_null,4,722456,4,0.7683484185131183,5.333333333333333,0.036131317744485025,4.554330466098302e-16,24
96,1,32,reply_null,4,722456,5,0.7688222645307657,6.666666666666667,0.03616325367932229,4.557854947672361e-16,24
96,1,32,reply_null,4,722456,6,0.8560097538509565,8.0,0.04230468403275947,4.585454089303316e-16,24
96,1,32,reply_null,4,722456,7,0.9716785721882703,9.333333333333334,0.05132425493688411,4.594546360596596e-16,24
96,1,32,reply_null,4,722456,8,1.1216632394161372,10.666666666666666,0.06468612597541099,6.71662237628815e-16,24
96,1,32,reply_null,4,722456,9,1.1217898166658657,12.0,0.06469827007495371,6.719578938942901e-16,24
96,1,32,reply_null,4,722456,10,1.3137551612652973,13.333333333333334,0.08500366111660258,6.722975742770939e-16,24
96,1,32,reply_null,4,722456,11,1.3150404139897969,14.666666666666666,0.08515317251066785,6.725638834431528e-16,24
96,1,32,reply_null,4,722456,12,1.3178037792363342,16.0,0.08547528184005981,6.73100163927069e-16,24
96,1,32,reply_null,4,722456,13,1.323363481320865,17.333333333333332,0.08612604698671737,6.731164090012144e-16,24
96,1,32,reply_null,4,722456,14,1.4889762768506372,18.666666666666668,0.10726735893343549,6.731927606938055e-16,24
96,1,32,reply_null,4,722456,15,1.5554766845088015,20.0,0.11679200642536562,6.811660097317026e-16,24
96,1,32,reply_null,4,722456,16,1.5742381532548886,21.333333333333332,0.119595710465081,6.812122748484911e-16,24
96,1,32,reply_null,4,722456,17,1.5998033843848576,22.666666666666668,0.12350183364400996,6.816534365934347e-16,24
96,1,32,reply_null,4,722456,18,1.6787276225073886,24.0,0.13621041562175273,6.849662383907949e-16,24
96,1,32,reply_null,4,722456,19,1.8414087873755276,25.333333333333332,0.16579421862144367,6.85570326798395e-16,24
96,1,32,reply_null,4,722456,20,1.9207045486468044,26.666666666666668,0.18205518311473534,6.861797286937732e-16,24
96,1,32,reply_null,4,722456,21,1.921452641932061,28.0,0.18221481499225706,6.865028411564301e-16,24
96,1,32,reply_null,4,722456,22,1.9925515134731677,29.333333333333332,0.1979444774501303,6.88270283659998e-16,24
96,1,32,reply_null,4,722456,23,2.014029635808434,30.666666666666668,0.20292038981771976,6.884898350951241e-16,24
96,1,32,reply_null,4,722456,24,2.0238806904898627,32.0,0.2052386148661271,6.884928093920994e-16,24
96,1,32,reply_null,5,722457,0,0.0,0.0,0.0,0.0,24
96,1,32,reply_null,5,722457,1,0.4241198644323163,1.3333333333333333,0.016507648906161812,0.0,24
96,1,32,reply_null,5,722457,2,0.5074001684314465,2.6666666666666665,0.020655229418979695,2.0816681711721685e-17,24
96,1,32,reply_null,5,722457,3,0.5578817339242941,4.0,0.023342751094867956,2.8540299181790615e-17,24
96,1,32,reply_null,5,722457,4,0.6981128805000966,5.333333333333333,0.03156112809131099,2.3364486015634917e-16,24
96,1,32,reply_null,5,722457,5,0.8311744772079434,6.666666666666667,0.04050043041164821,2.4889677810626544e-16,24
96,1,32,reply_null,5,722457,6,0.9482902760682987,8.0,0.04941539333419532,2.542766025211069e-16,24
96,1,32,reply_null,5,722457,7,0.9487575327719292,9.333333333333334,0.04945309358714375,2.5431177505474375e-16,24
96,1,32,reply_null,5,722457,8,0.9581055666306599,10.666666666666666,0.05021104600140545,1.0012208766213458e-15,24
96,1,32,reply_null,5,722457,9,1.1299857701470737,12.0,0.0654878890531694,1.0013315363093856e-15,24
96,1,32,reply_null,5,722457,10,1.1328854325259001,13.333333333333334,0.06576880335214794,1.0052747811174006e-15,24
96,1,32,reply_null,5,722457,11,1.2781491465837909,14.666666666666666,0.08093715716490313,1.0054924995243272e-15,24
96,1,32,reply_null,5,722457,12,1.302417259082845,16.0,0.08369303240842037,1.0061964551228447e-15,24
96,1,32,reply_null,5,722457,13,1.3361280782472589,17.333333333333332,0.08763390806118636,1.006515283070295e-15,24
96,1,32,reply_null,5,722457,14,1.3786833500119353,18.666666666666668,0.09280223491194536,1.0078939922166188e-15,24
96,1,32,reply_null,5,722457,15,1.733494714801381,20.0,0.14563752718854872,1.0083845860997873e-15,24
96,1,32,reply_null,5,722457,16,1.733715798974145,21.333333333333332,0.14567663854446095,1.0122282084085536e-15,24
96,1,32,reply_null,5,722457,17,1.7337280698861286,22.666666666666668,0.14567880960899057,1.0125407987858057e-15,24
96,1,32,reply_null,5,722457,18,1.772198140724152,24.0,0.15261789115940672,1.012563472399989e-15,24
96,1,32,reply_null,5,722457,19,1.7752994366595263,25.333333333333332,0.15318900504173666,1.01342475720761e-15,24
96,1,32,reply_null,5,722457,20,1.7820304277655443,26.666666666666668,0.1544346498533962,1.0136725153539241e-15,24
96,1,32,reply_null,5,722457,21,1.8632086615878143,28.0,0.1701369210023287,1.0149161332807698e-15,24
96,1,32,reply_null,5,722457,22,1.9147069717365692,29.333333333333332,0.1807796976082288,1.016818747812854e-15,24
96,1,32,reply_null,5,722457,23,1.926333237026904,30.666666666666668,0.18325919685060194,1.016995025829074e-15,24
96,1,32,reply_null,5,722457,24,2.1298766145593606,32.0,0.23168214385755853,1.017018768298669e-15,24
96,1,32,reply_null,6,722458,0,0.0,0.0,0.0,0.0,24
96,1,32,reply_null,6,722458,1,0.00016905260720382077,1.3333333333333333,5.283340543790807e-06,1.1102230246251565e-16,24
96,1,32,reply_null,6,722458,2,0.28421047902832436,2.6666666666666665,0.010272267732907878,1.1198965572979567e-16,24
96,1,32,reply_null,6,722458,3,0.5877064411130382,4.0,0.02499548759286784,1.1499765730844857e-16,24
96,1,32,reply_null,6,722458,4,0.6089093148839105,5.333333333333333,0.026200786310406936,4.441505976044151e-16,24
96,1,32,reply_null,6,722458,5,0.6324371747998513,6.666666666666667,0.027568507041261542,4.443180682880868e-16,24
96,1,32,reply_null,6,722458,6,0.9441073949119274,8.0,0.049078684278364364,4.452414917439588e-16,24
96,1,32,reply_null,6,722458,7,0.9571296801588014,9.333333333333334,0.05013158804590715,4.452415853690609e-16,24
96,1,32,reply_null,6,722458,8,1.0841297633456832,10.666666666666666,0.06115204768804329,4.50885326262867e-16,24
96,1,32,reply_null,6,722458,9,1.3897394227609592,12.0,0.09418137533579837,4.512199198320936e-16,24
96,1,32,reply_null,6,722458,10,1.390279301768548,13.333333333333334,0.0942491113852255,4.656102712470992e-16,24
96,1,32,reply_null,6,722458,11,1.426236579165034,14.666666666666666,0.0988438294810864,4.702842955333921e-16,24
96,1,32,reply_null,6,722458,12,1.4548873904216282,16.0,0.10262503184031507,4.711068317886865e-16,24
96,1,32,reply_null,6,722458,13,1.4584154877867346,17.333333333333332,0.1030981901709323,4.711213136137229e-16,24
96,1,32,reply_null,6,722458,14,1.5939441968092922,18.666666666666668,0.1225977647639965,4.715890305113431e-16,24
96,1,32,reply_null,6,722458,15,1.8083937543717383,20.0,0.15939501347158574,4.716066443082916e-16,24
96,1,32,reply_null,6,722458,16,1.8265191230331617,21.333333333333332,0.16288203089740314,4.765944477857441e-16,24
96,1,32,reply_null,6,722458,17,1.9376390841248055,22.666666666666668,0.18569816635998557,4.774625191890023e-16,24
96,1,32,reply_null,6,722458,18,1.945188489971107,24.0,0.18734219402323685,4.797065381887095e-16,24
96,1,32,reply_null,6,722458,19,1.9520921528795232,25.333333333333332,0.1888565019665821,4.805353489362005e-16,24
96,1,32,reply_null,6,722458,20,1.9521543876935932,26.666666666666668,0.1888702006800716,4.806673735111083e-16,24
96,1,32,reply_null,6,722458,21,1.9537027702581364,28.0,0.18921129496498276,4.806731941558891e-16,24
96,1,32,reply_null,6,722458,22,1.9538552396695548,29.333333333333332,0.18924491113152,4.93490959306727e-16,24
96,1,32,reply_null,6,722458,23,1.9996640916161592,30.666666666666668,0.19958045218317777,4.949763452672692e-16,24
96,1,32,reply_null,6,722458,24,2.074190938457009,32.0,0.21744078927510208,4.952211275036785e-16,24
96,1,32,reply_null,7,722459,0,0.0,0.0,0.0,0.0,24
96,1,32,reply_null,7,722459,1,0.057128847758458716,1.3333333333333333,0.0018372570191185255,0.0,24
96,1,32,reply_null,7,722459,2,0.2876169451090774,2.6666666666666665,0.01041395311575149,2.2375303867530146e-16,24
96,1,32,reply_null,7,722459,3,0.2958904040445735,4.0,0.010760088012961782,2.3554621502493687e-16,24
96,1,32,reply_null,7,722459,4,0.7714912835748846,5.333333333333333,0.03634342126562348,2.247004364688235e-16,24
96,1,32,reply_null,7,722459,5,1.0346732625235746,6.666666666666667,0.05669333078647132,2.2481308066366926e-16,24
96,1,32,reply_null,7,722459,6,1.2096803282324784,8.0,0.07351290029721541,2.2749819991762786e-16,24
96,1,32,reply_null,7,722459,7,1.4490700584480742,9.333333333333334,0.10184849720691945,2.6276738682672783e-16,24
96,1,32,reply_null,7,722459,8,1.686050600653644,10.666666666666666,0.13744122568302305,5.761119986209215e-16,24
96,1,32,reply_null,7,722459,9,1.7582544861454048,12.0,0.15007189231166118,5.762994136504571e-16,24
96,1,32,reply_null,7,722459,10,1.76408334889681,13.333333333333334,0.15113187899307073,5.76523181892741e-16,24
96,1,32,reply_null,7,722459,11,1.7891042414811968,14.666666666666666,0.15575280517232676,5.766990775762364e-16,24
96,1,32,reply_null,7,722459,12,1.8499169375933824,16.0,0.16747785258204295,5.769452633849447e-16,24
96,1,32,reply_null,7,722459,13,1.9609262843644704,17.333333333333332,0.1908095658555286,5.778376208045788e-16,24
96,1,32,reply_null,7,722459,14,1.9791488805957165,18.666666666666668,0.1948931615205897,5.778510170089824e-16,24
96,1,32,reply_null,7,722459,15,2.015520184574284,20.0,0.20326969246490434,5.78396734094407e-16,24
96,1,32,reply_null,7,722459,16,2.015521580469018,21.333333333333332,0.20327001982993645,5.784000576318807e-16,24
96,1,32,reply_null,7,722459,17,2.1368021054560233,22.666666666666668,0.23350939803909482,6.987965011611034e-16,24
96,1,32,reply_null,7,722459,18,2.153331949354388,24.0,0.23792220055014837,6.993514079298213e-16,24
96,1,32,reply_null,7,722459,19,2.153332450821153,25.333333333333332,0.23792233553109482,6.994528548173534e-16,24
96,1,32,reply_null,7,722459,20,2.154573619749065,26.666666666666668,0.23825663128604613,6.99785799854802e-16,24
96,1,32,reply_null,7,722459,21,2.2219433689721186,28.0,0.257038797026755,7.000532661165114e-16,24
96,1,32,reply_null,7,722459,22,2.2508631236825973,29.333333333333332,0.2654977644052706,7.004836496478725e-16,24
96,1,32,reply_null,7,722459,23,2.254960517045587,30.666666666666668,0.2667161511258714,7.006206415845061e-16,24
96,1,32,reply_null,7,722459,24,2.256608171777429,32.0,0.2672075011411333,7.101513896748317e-16,24
96,3,2,random,0,722460,0,0.0,0.0,0.0,0.0,24
96,3,2,random,0,722460,1,0.02816430383538005,0.08333333333333333,0.04284700148787088,2.220446049250313e-16,24
96,3,2,random,0,722460,2,0.04612183154466777,0.16666666666666666,0.07051900846005375,1.1145430237265545e-16,24
96,3,2,random,0,722460,3,0.07481474774784565,0.25,0.11550434390734657,1.389516741929048e-16,24
96,3,2,random,0,722460,4,0.10464429303394364,0.3333333333333333,0.16115161860457003,2.402151549554443e-16,24
96,3,2,random,0,722460,5,0.1335458021112154,0.4166666666666667,0.2059797638936721,2.417467335305723e-16,24
96,3,2,random,0,722460,6,0.15064455363288531,0.5,0.23243752819960123,2.458962238869707e-16,24
96,3,2,random,0,722460,7,0.16423436424998805,0.5833333333333334,0.25409381016891563,2.528637146277503e-16,24
96,3,2,random,0,722460,8,0.18999176034102858,0.6666666666666666,0.29515798586156106,5.618614790840554e-16,24
96,3,2,random,0,722460,9,0.19863774656140207,0.75,0.3089599611269535,5.619824252794088e-16,24
96,3,2,random,0,722460,10,0.20217542122779078,0.8333333333333334,0.31464285604451214,6.707663887355712e-16,24
96,3,2,random,0,722460,11,0.24044884106267198,0.9166666666666666,0.377090081118158,7.154062472427249e-16,24
96,3,2,random,0,722460,12,0.2650804876438042,1.0,0.4179126882075175,7.158570697061392e-16,24
96,3,2,random,0,722460,13,0.28903689973106245,1.0833333333333333,0.4584398676416955,7.164338445185161e-16,24
96,3,2,random,0,722460,14,0.30151472289782416,1.1666666666666667,0.4792663308790947,7.18308094501096e-16,24
96,3,2,random,0,722460,15,0.3100639556916737,1.25,0.4934658874322157,7.189902045144978e-16,24
96,3,2,random,0,722460,16,0.3182739518643728,1.3333333333333333,0.50745133535944,7.20216363471466e-16,24
96,3,2,random,0,722460,17,0.329352516254775,1.4166666666666667,0.5258266195486281,7.216360286782998e-16,24
96,3,2,random,0,722460,18,0.3361496976814553,1.5,0.5374334991925241,7.227750648970793e-16,24
96,3,2,random,0,722460,19,0.3715913840284407,1.5833333333333333,0.5953064904978436,7.229166906419851e-16,24
96,3,2,random,0,722460,20,0.39627614988895354,1.6666666666666667,0.6380442734840908,7.235536545896673e-16,24
96,3,2,random,0,722460,21,0.41067643504347456,1.75,0.6633496952711083,7.25120364538842e-16,24
96,3,2,random,0,722460,22,0.4219375943295635,1.8333333333333333,0.6828924977569754,9.07797314902544e-16,24
96,3,2,random,0,722460,23,0.4379453152720462,1.9166666666666667,0.7112068685159069,9.081447682402495e-16,24
96,3,2,random,0,722460,24,0.47414828426071054,2.0,0.7751397592836134,9.101455411788562e-16,24
96,3,2,random,1,722461,0,0.0,0.0,0.0,0.0,24
96,3,2,random,1,722461,1,0.038111919337554326,0.08333333333333333,0.058271240243644475,0.0,24
96,3,2,random,1,722461,2,0.04555973225672595,0.16666666666666666,0.06950323341767599,0.0,24
96,3,2,random,1,722461,3,0.12559946528792115,0.25,0.19514569330249745,2.231235642177997e-16,24
96,3,2,random,1,722461,4,0.131900701812236,0.3333333333333333,0.20534199957736782,2.5250820922432585e-16,24
96,3,2,random,1,722461,5,0.19078582437205902,0.4166666666666667,0.29802824274478723,4.485091251708757e-16,24
96,3,2,random,1,722461,6,0.22247200864868155,0.5,0.3506695312961485,4.488166498275716e-16,24
96,3,2,random,1,722461,7,0.23147879716408046,0.5833333333333334,0.36509631769738554,4.504724529681043e-16,24
96,3,2,random,1,722461,8,0.2810016493860431,0.6666666666666666,0.45004801238998876,4.532396166834e-16,24
96,3,2,random,1,722461,9,0.2985140006457489,0.75,0.4797915908222642,4.539969878511771e-16,24
96,3,2,random,1,722461,10,0.30223233039619224,0.8333333333333334,0.4861592084825855,4.631975755660995e-16,24
96,3,2,random,1,722461,11,0.30810161143829495,0.9166666666666666,0.49656207601787683,4.647640669984882e-16,24
96,3,2,random,1,722461,12,0.31393263872410215,1.0,0.505689058621587,4.774187996405583e-16,24
96,3,2,random,1,722461,13,0.3253822411882335,1.0833333333333333,0.5238629069640462,4.77897352021024e-16,24
96,3,2,random,1,722461,14,0.34585584101068767,1.1666666666666667,0.556822241351598,4.782306810546054e-16,24
96,3,2,random,1,722461,15,0.35661853688653106,1.25,0.5762223615026865,4.788391872796628e-16,24
96,3,2,random,1,722461,16,0.36320389862993374,1.3333333333333333,0.5881016988508693,4.805913872690813e-16,24
96,3,2,random,1,722461,17,0.3872341710838569,1.4166666666666667,0.6324614061146681,4.832793515085408e-16,24
96,3,2,random,1,722461,18,0.39042115652652093,1.5,0.6380569581905595,4.834189881417074e-16,24
96,3,2,random,1,722461,19,0.3934212734966116,1.5833333333333333,0.6428543760647257,4.844644360414313e-16,24
96,3,2,random,1,722461,20,0.4247792638128098,1.6666666666666667,0.694184568389372,4.876258964231799e-16,24
96,3,2,random,1,722461,21,0.4253963466126373,1.75,0.6952211662570004,4.876258987107368e-16,24
96,3,2,random,1,722461,22,0.4349732380837723,1.8333333333333333,0.7117021163416217,4.881249831454081e-16,24
96,3,2,random,1,722461,23,0.4621595323579114,1.9166666666666667,0.7577716470473671,4.882921406490229e-16,24
96,3,2,random,1,722461,24,0.47006396338138245,2.0,0.7712364971146283,4.884520918181628e-16,24
96,3,2,random,2,722462,0,0.0,0.0,0.0,0.0,24
96,3,2,random,2,722462,1,0.03236930243405626,0.08333333333333333,0.049348330426926254,0.0,24
96,3,2,random,2,722462,2,0.03679695741967618,0.16666666666666666,0.05602247253631951,1.5612511283791264e-17,24
96,3,2,random,2,722462,3,0.06076942591770661,0.25,0.0925708848219798,2.254776864422922e-16,24
96,3,2,random,2,722462,4,0.10830639755583478,0.3333333333333333,0.1678893432176919,2.633326367943312e-16,24
96,3,2,random,2,722462,5,0.17276920310371913,0.4166666666666667,0.27488074027130527,2.633491277165706e-16,24
96,3,2,random,2,722462,6,0.20529467978420493,0.5,0.3251314862067302,2.637539824386704e-16,24
96,3,2,random,2,722462,7,0.23064790051875478,0.5833333333333334,0.36546197411417886,2.7067176544522313e-16,24
96,3,2,random,2,722462,8,0.23644548988512915,0.6666666666666666,0.37490778767022415,4.824713706848764e-16,24
96,3,2,random,2,722462,9,0.25043030402654387,0.75,0.3981194257740343,4.836932277743447e-16,24
96,3,2,random,2,722462,10,0.26322460711560614,0.8333333333333334,0.4188930441510795,4.87140256124526e-16,24
96,3,2,random,2,722462,11,0.29331256733585614,0.9166666666666666,0.4691782296336522,6.853663920229508e-16,24
96,3,2,random,2,722462,12,0.3189289308774507,1.0,0.5113850680318764,6.865492264254905e-16,24
96,3,2,random,2,722462,13,0.33267131749992046,1.0833333333333333,0.5353949729613338,6.869661421001512e-16,24
96,3,2,random,2,722462,14,0.36301440128273665,1.1666666666666667,0.5890419551352895,6.870642856943259e-16,24
96,3,2,random,2,722462,15,0.3808495219516904,1.25,0.6181180258636974,6.873279610417109e-16,24
96,3,2,random,2,722462,16,0.3946061816498627,1.3333333333333333,0.6420928443756952,6.873290916110941e-16,24
96,3,2,random,2,722462,17,0.40202661136419415,1.4166666666666667,0.6547806960448669,6.873561683310739e-16,24
96,3,2,random,2,722462,18,0.41815059288513456,1.5,0.6833608257602041,6.8791127786473875e-16,24
96,3,2,random,2,722462,19,0.4608009090486149,1.5833333333333333,0.7590668933601041,6.880549952864198e-16,24
96,3,2,random,2,722462,20,0.4833959015491335,1.6666666666666667,0.7987176784881127,6.886316420439313e-16,24
96,3,2,random,2,722462,21,0.4922701801620321,1.75,0.8137432119836308,6.886402723515706e-16,24
96,3,2,random,2,722462,22,0.5006047547520552,1.8333333333333333,0.8286100215942113,6.890573647090332e-16,24
96,3,2,random,2,722462,23,0.5242164570317754,1.9166666666666667,0.8728470520853018,6.909894341201689e-16,24
96,3,2,random,2,722462,24,0.5397609982461181,2.0,0.9008750669359427,6.949684574052371e-16,24
96,3,2,random,3,722463,0,0.0,0.0,0.0,0.0,24
96,3,2,random,3,722463,1,0.018347269405996593,0.08333333333333333,0.027774921963197384,1.1102230246251565e-16,24
96,3,2,random,3,722463,2,0.019846984465492448,0.16666666666666666,0.030026301667875767,2.2546147242557157e-16,24
96,3,2,random,3,722463,3,0.0357913953934504,0.25,0.05430435601480157,2.345284999299946e-16,24
96,3,2,random,3,722463,4,0.043958760181345716,0.3333333333333333,0.06671105823267977,2.92087675573111e-16,24
96,3,2,random,3,722463,5,0.1350549562680181,0.4166666666666667,0.21367531595834013,2.926930974882606e-16,24
96,3,2,random,3,722463,6,0.1493439122185839,0.5,0.23755937714404757,2.9874614345854166e-16,24
96,3,2,random,3,722463,7,0.16598127569106927,0.5833333333333334,0.26348041722687215,3.0147786445127546e-16,24
96,3,2,random,3,722463,8,0.17428467224167096,0.6666666666666666,0.27769645324012754,7.863477156584313e-16,24
96,3,2,random,3,722463,9,0.19368954552438505,0.75,0.31136084669011493,7.8711638892012655e-16,24
96,3,2,random,3,722463,10,0.2042021988681577,0.8333333333333334,0.32851368560050487,7.8822234437290655e-16,24
96,3,2,random,3,722463,11,0.22959484467451827,0.9166666666666666,0.3734867530050669,7.903231293241772e-16,24
96,3,2,random,3,722463,12,0.24034957397215473,1.0,0.39163342938890866,7.909034717795235e-16,24
96,3,2,random,3,722463,13,0.25361816466846265,1.0833333333333333,0.41555908325877516,7.933231445935799e-16,24
96,3,2,random,3,722463,14,0.2806916119847496,1.1666666666666667,0.4624176290353109,7.96121248913024e-16,24
96,3,2,random,3,722463,15,0.2968803039762274,1.25,0.4873900921783846,7.975977219851704e-16,24
96,3,2,random,3,722463,16,0.30910673074949824,1.3333333333333333,0.5103313687184526,7.976237804728685e-16,24
96,3,2,random,3,722463,17,0.31315434809440035,1.4166666666666667,0.5166548330425857,7.976576417104278e-16,24
96,3,2,random,3,722463,18,0.3758963432089561,1.5,0.6241443940923679,8.041027467199285e-16,24
96,3,2,random,3,722463,19,0.38224378851900204,1.5833333333333333,0.6359641061531346,8.041703681884356e-16,24
96,3,2,random,3,722463,20,0.4131080207855152,1.6666666666666667,0.6897416652383566,8.04544820954226e-16,24
96,3,2,random,3,722463,21,0.42126298264264933,1.75,0.7031000984250035,8.046844894971094e-16,24
96,3,2,random,3,722463,22,0.42949276539067915,1.8333333333333333,0.7185158166837742,8.048232957073739e-16,24
96,3,2,random,3,722463,23,0.43890759855540584,1.9166666666666667,0.7338681441507954,8.103020199822205e-16,24
96,3,2,random,3,722463,24,0.4676873519765547,2.0,0.7891631546879274,8.104139480922866e-16,24
96,3,2,random,4,722464,0,0.0,0.0,0.0,0.0,24
96,3,2,random,4,722464,1,0.02923701398144396,0.08333333333333333,0.04450291712015231,2.220446049250313e-16,24
96,3,2,random,4,722464,2,0.04810410909290376,0.16666666666666666,0.07385556247560258,2.229086047453109e-16,24
96,3,2,random,4,722464,3,0.08018943996892369,0.25,0.12293188941690121,2.230628707973277e-16,24
96,3,2,random,4,722464,4,0.10110354015106217,0.3333333333333333,0.1546505035840522,2.3728282352585574e-16,24
96,3,2,random,4,722464,5,0.11632143078201412,0.4166666666666667,0.17814606525057702,4.521554145943351e-16,24
96,3,2,random,4,722464,6,0.12247051871113142,0.5,0.1877067308943991,4.524505809975176e-16,24
96,3,2,random,4,722464,7,0.15808627291875318,0.5833333333333334,0.2442917433717946,4.566327705158722e-16,24
96,3,2,random,4,722464,8,0.16447145717948417,0.6666666666666666,0.25429531927880433,4.646691691569932e-16,24
96,3,2,random,4,722464,9,0.16760737065436968,0.75,0.25929623687804576,4.713643596259962e-16,24
96,3,2,random,4,722464,10,0.1876878796425613,0.8333333333333334,0.29176962144892504,4.7721465875223e-16,24
96,3,2,random,4,722464,11,0.206066702274868,0.9166666666666666,0.3215087969620173,4.792608382093201e-16,24
96,3,2,random,4,722464,12,0.22723231867238036,1.0,0.3553352383884115,4.792852958195431e-16,24
96,3,2,random,4,722464,13,0.24805007297222387,1.0833333333333333,0.38976915473591994,4.836655892273979e-16,24
96,3,2,random,4,722464,14,0.30246925414891784,1.1666666666666667,0.47945723929776196,4.857703077206576e-16,24
96,3,2,random,4,722464,15,0.3223429851587748,1.25,0.511758941926435,4.926982864174025e-16,24
96,3,2,random,4,722464,16,0.34451795470351493,1.3333333333333333,0.5488347262021123,4.93829183448087e-16,24
96,3,2,random,4,722464,17,0.35111675382284924,1.4166666666666667,0.5598965332451807,4.939328429184642e-16,24
96,3,2,random,4,722464,18,0.3548097132630612,1.5,0.5660813202660907,4.941047657465741e-16,24
96,3,2,random,4,722464,19,0.3813364171551106,1.5833333333333333,0.6125536159451829,4.944592706313026e-16,24
96,3,2,random,4,722464,20,0.3892091752168987,1.6666666666666667,0.6259059925856412,4.986739247724382e-16,24
96,3,2,random,4,722464,21,0.4090163046640529,1.75,0.6610315489923415,4.998778517776643e-16,24
96,3,2,random,4,722464,22,0.41682078276241213,1.8333333333333333,0.6741271518715469,5.015210352516179e-16,24
96,3,2,random,4,722464,23,0.4179641665559719,1.9166666666666667,0.6761214097333581,5.020814137912931e-16,24
96,3,2,random,4,722464,24,0.4435095616904515,2.0,0.7196033964155645,5.024631075122482e-16,24
96,3,2,random,5,722465,0,0.0,0.0,0.0,0.0,24
96,3,2,random,5,722465,1,0.03503050567782024,0.08333333333333333,0.05347695234402112,0.0,24
96,3,2,random,5,722465,2,0.0533225493132137,0.16666666666666666,0.08140052301976596,1.1113061700693744e-16,24
96,3,2,random,5,722465,3,0.059466442726839944,0.25,0.09085069537301538,2.2228813500567127e-16,24
96,3,2,random,5,722465,4,0.09761563057051201,0.3333333333333333,0.15162472916652942,2.305568640553365e-16,24
96,3,2,random,5,722465,5,0.13370657020946777,0.4166666666666667,0.209068010522653,2.360239063088206e-16,24
96,3,2,random,5,722465,6,0.1734389858109855,0.5,0.27396976698561026,2.440220565847835e-16,24
96,3,2,random,5,722465,7,0.18364059286394616,0.5833333333333334,0.2896034230836425,2.513943955488195e-16,24
96,3,2,random,5,722465,8,0.21242619530653362,0.6666666666666666,0.3347188848728131,4.733941502801851e-16,24
96,3,2,random,5,722465,9,0.2432127150580622,0.75,0.3829666552154947,4.73669933923087e-16,24
96,3,2,random,5,722465,10,0.255478028447037,0.8333333333333334,0.40337943153732897,4.737180907800969e-16,24
96,3,2,random,5,722465,11,0.26253295781874175,0.9166666666666666,0.41469670726493724,4.764977256287277e-16,24
96,3,2,random,5,722465,12,0.29164744544039684,1.0,0.4622485479570638,4.793913659302758e-16,24
96,3,2,random,5,722465,13,0.29306033446978696,1.0833333333333333,0.46455596063558796,4.804940643996852e-16,24
96,3,2,random,5,722465,14,0.31930186158694907,1.1666666666666667,0.5095985353578365,4.821601404217719e-16,24
96,3,2,random,5,722465,15,0.3337726572102938,1.25,0.5338728714367403,4.8811140854855145e-16,24
96,3,2,random,5,722465,16,0.35768956522753803,1.3333333333333333,0.5735785760934292,4.881154046698026e-16,24
96,3,2,random,5,722465,17,0.37010854935879306,1.4166666666666667,0.5945590555299332,4.883208392668537e-16,24
96,3,2,random,5,722465,18,0.37342212027447064,1.5,0.600017748512606,4.99198135081201e-16,24
96,3,2,random,5,722465,19,0.3797911957307839,1.5833333333333333,0.6108143639326518,5.174810837900799e-16,24
96,3,2,random,5,722465,20,0.39052097002313607,1.6666666666666667,0.6287313122114663,5.188703860007307e-16,24
96,3,2,random,5,722465,21,0.39665895214513064,1.75,0.6395175328790873,5.267729718029091e-16,24
96,3,2,random,5,722465,22,0.445953787566558,1.8333333333333333,0.7254319123670894,5.269110620138803e-16,24
96,3,2,random,5,722465,23,0.4566813547684878,1.9166666666666667,0.744681285273922,5.271683116883717e-16,24
96,3,2,random,5,722465,24,0.4655382865039729,2.0,0.7600772187666545,5.308906470204655e-16,24
96,3,2,random,6,722466,0,0.0,0.0,0.0,0.0,24
96,3,2,random,6,722466,1,0.03413933752697086,0.08333333333333333,0.052093159848495114,1.1102230246251565e-16,24
96,3,2,random,6,722466,2,0.042732225072321585,0.16666666666666666,0.06517310189562307,2.229086047453109e-16,24
96,3,2,random,6,722466,3,0.0728523209341065,0.25,0.11269175735109954,2.284560977173487e-16,24
96,3,2,random,6,722466,4,0.07947754916471918,0.3333333333333333,0.12319527452574319,2.370659062634123e-16,24
96,3,2,random,6,722466,5,0.11160768574307642,0.4166666666666667,0.173215859688756,2.375942000614058e-16,24
96,3,2,random,6,722466,6,0.14237781734998678,0.5,0.2214253957600183,2.3810456027082195e-16,24
96,3,2,random,6,722466,7,0.19450803972790276,0.5833333333333334,0.30522889059567376,2.3878254842708343e-16,24
96,3,2,random,6,722466,8,0.23165700828917024,0.6666666666666666,0.3642308907965563,6.690175763107044e-16,24
96,3,2,random,6,722466,9,0.23861657130584696,0.75,0.37533880564753197,6.701403563835311e-16,24
96,3,2,random,6,722466,10,0.245566528885709,0.8333333333333334,0.3865927220246141,6.7014035669728395e-16,24
96,3,2,random,6,722466,11,0.2514170325508248,0.9166666666666666,0.3964176924030888,6.781235777703098e-16,24
96,3,2,random,6,722466,12,0.2522754428234085,1.0,0.3978418229345383,6.797716233350092e-16,24
96,3,2,random,6,722466,13,0.27242562276094817,1.0833333333333333,0.42997992071537217,6.807996624247574e-16,24
96,3,2,random,6,722466,14,0.2832017711254245,1.1666666666666667,0.44729575661775317,6.80800164441479e-16,24
96,3,2,random,6,722466,15,0.30094005476909913,1.25,0.4767846074355343,6.81496648982553e-16,24
96,3,2,random,6,722466,16,0.3164635864838521,1.3333333333333333,0.5027590287330029,6.815033424429044e-16,24
96,3,2,random,6,722466,17,0.322156058956402,1.4166666666666667,0.5123300451708029,6.823196127731193e-16,24
96,3,2,random,6,722466,18,0.3236927129673466,1.5,0.5148873474125356,6.823274617861107e-16,24
96,3,2,random,6,722466,19,0.405340898218149,1.5833333333333333,0.6540686370523254,6.827874205928726e-16,24
96,3,2,random,6,722466,20,0.41110074978839733,1.6666666666666667,0.6640011359909667,6.83181768261465e-16,24
96,3,2,random,6,722466,21,0.42211815542741354,1.75,0.6827610158044549,6.84047494932328e-16,24
96,3,2,random,6,722466,22,0.43584286868892275,1.8333333333333333,0.7074323248986142,6.840975744034224e-16,24
96,3,2,random,6,722466,23,0.48527238332956074,1.9166666666666667,0.7954991926111353,6.841792944326929e-16,24
96,3,2,random,6,722466,24,0.49137885616128,2.0,0.8062913542212852,6.841810423691592e-16,24
96,3,2,random,7,722467,0,0.0,0.0,0.0,0.0,24
96,3,2,random,7,722467,1,0.004348957808570989,0.08333333333333333,0.006537642374180073,2.220446049250313e-16,24
96,3,2,random,7,722467,2,0.012977699789368882,0.16666666666666666,0.019537585523124602,1.1102230246251565e-16,24
96,3,2,random,7,722467,3,0.042753289223427866,0.25,0.06508619456961928,1.1102230246251565e-16,24
96,3,2,random,7,722467,4,0.044101404495518214,0.3333333333333333,0.06715252201945085,2.298246639727356e-16,24
96,3,2,random,7,722467,5,0.0545905221980544,0.4166666666666667,0.08310719707873078,2.4069330322091737e-16,24
96,3,2,random,7,722467,6,0.05880805568011302,0.5,0.0896235903650753,3.405736616698459e-16,24
96,3,2,random,7,722467,7,0.09434618887933055,0.5833333333333334,0.1441886156870394,3.4065088694449836e-16,24
96,3,2,random,7,722467,8,0.10296601650317999,0.6666666666666666,0.15746279290790244,6.746913727336432e-16,24
96,3,2,random,7,722467,9,0.11450701309286745,0.75,0.17560240606979738,6.75739207471812e-16,24
96,3,2,random,7,722467,10,0.11686229785329849,0.8333333333333334,0.17928808803100627,6.789413898779832e-16,24
96,3,2,random,7,722467,11,0.14114684552204126,0.9166666666666666,0.21793547204346728,6.831382934164673e-16,24
96,3,2,random,7,722467,12,0.1554016862594928,1.0,0.24039901922361312,6.840141424455371e-16,24
96,3,2,random,7,722467,13,0.16790005591438956,1.0833333333333333,0.2607296424547012,6.840163959324446e-16,24
96,3,2,random,7,722467,14,0.20584310661654764,1.1666666666666667,0.3205821004905792,6.841376240443436e-16,24
96,3,2,random,7,722467,15,0.24500234389785402,1.25,0.38398618303135673,6.842581218041528e-16,24
96,3,2,random,7,722467,16,0.2634876454727795,1.3333333333333333,0.4148461138475846,6.842612433592299e-16,24
96,3,2,random,7,722467,17,0.2779949173421294,1.4166666666666667,0.4389718263857199,6.849168940546486e-16,24
96,3,2,random,7,722467,18,0.28692475796030104,1.5,0.45404412402516586,6.854532554405633e-16,24
96,3,2,random,7,722467,19,0.3314461427397488,1.5833333333333333,0.5317236472283529,8.137113965096932e-16,24
96,3,2,random,7,722467,20,0.3366138878334383,1.6666666666666667,0.5401057004345934,8.146477457862702e-16,24
96,3,2,random,7,722467,21,0.33777423763147085,1.75,0.5420482616098652,8.163094225022817e-16,24
96,3,2,random,7,722467,22,0.35735992241328873,1.8333333333333333,0.5742968725866956,8.167456005865879e-16,24
96,3,2,random,7,722467,23,0.35937958689621247,1.9166666666666667,0.5777254676349776,8.170686194090817e-16,24
96,3,2,random,7,722467,24,0.371345498539736,2.0,0.5983332008452631,8.21950947661028e-16,24
96,3,2,krylov,0,722468,0,0.0,0.0,0.0,0.0,24
96,3,2,krylov,0,722468,1,0.010321307674188242,0.08333333333333333,0.015562134146767503,2.220446049250313e-16,24
96,3,2,krylov,0,722468,2,0.02084479919670991,0.16666666666666666,0.03159535418006387,2.27339359936131e-16,24
96,3,2,krylov,0,722468,3,0.03208287816645263,0.25,0.04890462301343944,2.2733935993613094e-16,24
96,3,2,krylov,0,722468,4,0.045974109578533685,0.3333333333333333,0.07057095316509308,2.3725785590517127e-16,24
96,3,2,krylov,0,722468,5,0.05765552556301643,0.4166666666666667,0.08902502077627011,2.402889797564778e-16,24
96,3,2,krylov,0,722468,6,0.07067062422388862,0.5,0.10984150867204598,2.4372866321156527e-16,24
96,3,2,krylov,0,722468,7,0.08179319128149676,0.5833333333333334,0.1278470269729719,2.437288319396751e-16,24
96,3,2,krylov,0,722468,8,0.09316485568938626,0.6666666666666666,0.14646400948938254,2.835920170035982e-16,24
96,3,2,krylov,0,722468,9,0.10172947747022573,0.75,0.1606259100998844,2.838824133725083e-16,24
96,3,2,krylov,0,722468,10,0.11091922287603832,0.8333333333333334,0.17595697582938738,2.8591766315967324e-16,24
96,3,2,krylov,0,722468,11,0.12479243063593559,0.9166666666666666,0.19936990585832592,2.8649331557708167e-16,24
96,3,2,krylov,0,722468,12,0.1384776920952541,1.0,0.22278609017860185,2.8783462674086987e-16,24
96,3,2,krylov,0,722468,13,0.1496378074426197,1.0833333333333333,0.24212026681525423,2.936616822648908e-16,24
96,3,2,krylov,0,722468,14,0.16366787248896722,1.1666666666666667,0.2667345940218429,2.9921784048112573e-16,24
96,3,2,krylov,0,722468,15,0.18253347609343318,1.25,0.3003814951607269,3.022088373019386e-16,24
96,3,2,krylov,0,722468,16,0.1986378928823721,1.3333333333333333,0.3296103139674724,3.1768520493802503e-16,24
96,3,2,krylov,0,722468,17,0.20855702018232442,1.4166666666666667,0.3478487567605322,3.1917015618943085e-16,24
96,3,2,krylov,0,722468,18,0.2178762122457397,1.5,0.3651497044445056,3.23019539259803e-16,24
96,3,2,krylov,0,722468,19,0.22623110614278896,1.5833333333333333,0.3807981116913473,3.231674755280496e-16,24
96,3,2,krylov,0,722468,20,0.23299269172634338,1.6666666666666667,0.3935583802974953,3.231678049108189e-16,24
96,3,2,krylov,0,722468,21,0.23909768172893342,1.75,0.40515389451312933,3.241780214062899e-16,24
96,3,2,krylov,0,722468,22,0.24503664916077497,1.8333333333333333,0.4165022067177592,3.242616407627065e-16,24
96,3,2,krylov,0,722468,23,0.25140838238921975,1.9166666666666667,0.4287526342926964,3.2682804693725827e-16,24
96,3,2,krylov,0,722468,24,0.2572767494885261,2.0,0.44010453878810635,3.5215585091343357e-16,24
96,3,2,krylov,1,722469,0,0.0,0.0,0.0,0.0,24
96,3,2,krylov,1,722469,1,0.025332917765898987,0.08333333333333333,0.03848478445501964,4.440892098500626e-16,24
96,3,2,krylov,1,722469,2,0.04968967525418257,0.16666666666666666,0.07641736733172635,2.295941734692043e-16,24
96,3,2,krylov,1,722469,3,0.06546036162821112,0.25,0.10147562482588296,2.2968594534600793e-16,24
96,3,2,krylov,1,722469,4,0.0764596752955747,0.3333333333333333,0.11918799091212266,4.804235949633844e-17,24
96,3,2,krylov,1,722469,5,0.08941905617915669,0.4166666666666667,0.14030822177997868,1.3967649100209615e-16,24
96,3,2,krylov,1,722469,6,0.10635615526177591,0.5,0.16832689236266224,1.398776728291704e-16,24
96,3,2,krylov,1,722469,7,0.12895268273080177,0.5833333333333334,0.20645443957416468,1.424787897985016e-16,24
96,3,2,krylov,1,722469,8,0.1601940508348943,0.6666666666666666,0.26060792077832295,4.503966104776464e-16,24
96,3,2,krylov,1,722469,9,0.1854081602126243,0.75,0.30556446939094833,4.508672745211627e-16,24
96,3,2,krylov,1,722469,10,0.2048554078938672,0.8333333333333334,0.34102138103991503,4.523425840604513e-16,24
96,3,2,krylov,1,722469,11,0.222022091152831,0.9166666666666666,0.37289844082511636,4.593944940352328e-16,24
96,3,2,krylov,1,722469,12,0.24150279980337308,1.0,0.40974152926958024,4.597448351231631e-16,24
96,3,2,krylov,1,722469,13,0.26837304355290603,1.0833333333333333,0.4617523926216464,4.597558211466606e-16,24
96,3,2,krylov,1,722469,14,0.29590403827325695,1.1666666666666667,0.5165117180166463,4.605518450361593e-16,24
96,3,2,krylov,1,722469,15,0.31256011432037323,1.25,0.5503801652661504,4.632860962154319e-16,24
96,3,2,krylov,1,722469,16,0.33148531235386797,1.3333333333333333,0.5895535285693119,6.955931935420121e-16,24
96,3,2,krylov,1,722469,17,0.34550132711241294,1.4166666666666667,0.6190469489451229,6.960800439169355e-16,24
96,3,2,krylov,1,722469,18,0.3620718431573884,1.5,0.6544531901002436,6.967476486763732e-16,24
96,3,2,krylov,1,722469,19,0.3764552304589244,1.5833333333333333,0.6856654557065082,7.005971537752637e-16,24
96,3,2,krylov,1,722469,20,0.38664720006759,1.6666666666666667,0.7080555976120448,7.008810362132429e-16,24
96,3,2,krylov,1,722469,21,0.3952130562516757,1.75,0.7270507229180581,7.008961663713747e-16,24
96,3,2,krylov,1,722469,22,0.4028768742336026,1.8333333333333333,0.7441840036084304,7.013307992620452e-16,24
96,3,2,krylov,1,722469,23,0.4084595187094248,1.9166666666666667,0.7567475212355956,7.024300214945636e-16,24
96,3,2,krylov,1,722469,24,0.4146930509960599,2.0,0.7708589661518315,7.031250684298614e-16,24
96,3,2,krylov,2,722470,0,0.0,0.0,0.0,0.0,24
96,3,2,krylov,2,722470,1,0.0275882949654665,0.08333333333333333,0.04195856382864504,0.0,24
96,3,2,krylov,2,722470,2,0.04901370127285628,0.16666666666666666,0.07535211029128419,2.229086047453109e-16,24
96,3,2,krylov,2,722470,3,0.07345933034391176,0.25,0.1143371491360793,2.229086047453109e-16,24
96,3,2,krylov,2,722470,4,0.09418952923958324,0.3333333333333333,0.14815196226384914,2.809404560605522e-16,24
96,3,2,krylov,2,722470,5,0.11997492134628261,0.4166666666666667,0.19120286374624113,2.826490685587168e-16,24
96,3,2,krylov,2,722470,6,0.1456613975142079,0.5,0.235206637312063,2.8397319512141015e-16,24
96,3,2,krylov,2,722470,7,0.1671792970185911,0.5833333333333334,0.2729492539817252,2.9751436279675727e-16,24
96,3,2,krylov,2,722470,8,0.19092383629195775,0.6666666666666666,0.31555089376768214,4.60625912962333e-16,24
96,3,2,krylov,2,722470,9,0.21249724149517782,0.75,0.35514405291705353,4.60660482293857e-16,24
96,3,2,krylov,2,722470,10,0.23413362534697288,0.8333333333333334,0.3957200376354774,4.606616016093594e-16,24
96,3,2,krylov,2,722470,11,0.2579407055031739,0.9166666666666666,0.44139311059584413,4.62904039021522e-16,24
96,3,2,krylov,2,722470,12,0.28054359057743966,1.0,0.48577387313680104,4.681449763106977e-16,24
96,3,2,krylov,2,722470,13,0.2971268705807239,1.0833333333333333,0.5189790819725444,4.681467676515801e-16,24
96,3,2,krylov,2,722470,14,0.31496101563857526,1.1666666666666667,0.5553088399710094,4.887267427002043e-16,24
96,3,2,krylov,2,722470,15,0.32867527091964394,1.25,0.5836900387580016,4.887559425048552e-16,24
96,3,2,krylov,2,722470,16,0.3391625746163206,1.3333333333333333,0.6056573164241223,4.981999131082219e-16,24
96,3,2,krylov,2,722470,17,0.3463118677470242,1.4166666666666667,0.6207652188736205,4.98203357799609e-16,24
96,3,2,krylov,2,722470,18,0.3541148154881039,1.5,0.6373781697500991,5.052314717124264e-16,24
96,3,2,krylov,2,722470,19,0.3602557252526351,1.5833333333333333,0.650543999936343,5.097930635777808e-16,24
96,3,2,krylov,2,722470,20,0.36544816762942883,1.6666666666666667,0.6617396168785277,5.111437339989246e-16,24
96,3,2,krylov,2,722470,21,0.37146973054889343,1.75,0.6747959382764781,5.166380377697956e-16,24
96,3,2,krylov,2,722470,22,0.3776068289056085,1.8333333333333333,0.6881839144985595,5.172225337967474e-16,24
96,3,2,krylov,2,722470,23,0.3830081323851953,1.9166666666666667,0.7000349365613955,5.175332691045336e-16,24
96,3,2,krylov,2,722470,24,0.38779701291261476,2.0,0.7105959084618573,5.250065980165693e-16,24
96,3,2,krylov,3,722471,0,0.0,0.0,0.0,0.0,24
96,3,2,krylov,3,722471,1,0.03695463023951971,0.08333333333333333,0.05646891303350259,1.1102230246251565e-16,24
96,3,2,krylov,3,722471,2,0.07918590527837834,0.16666666666666666,0.12360829240220825,2.2207170336512775e-16,24
96,3,2,krylov,3,722471,3,0.11430213787547115,0.25,0.1816361965656946,2.258821413072066e-16,24
96,3,2,krylov,3,722471,4,0.14835037973822252,0.3333333333333333,0.2398788560561071,2.814789525046011e-16,24
96,3,2,krylov,3,722471,5,0.18047489427240154,0.4166666666666667,0.2966790747190725,2.820782534128191e-16,24
96,3,2,krylov,3,722471,6,0.2092612050054634,0.5,0.3491504420702295,2.820782898082693e-16,24
96,3,2,krylov,3,722471,7,0.2322682362678762,0.5833333333333334,0.3921870783765197,3.383958401173887e-16,24
96,3,2,krylov,3,722471,8,0.2487274404711473,0.6666666666666666,0.42358868572189085,6.916760284344046e-16,24
96,3,2,krylov,3,722471,9,0.26628518665664724,0.75,0.4576608071687294,7.039564313939075e-16,24
96,3,2,krylov,3,722471,10,0.2869879251285367,0.8333333333333334,0.4986121870825484,7.039864447077024e-16,24
96,3,2,krylov,3,722471,11,0.308500369173733,0.9166666666666666,0.5420730182009712,7.040112897892291e-16,24
96,3,2,krylov,3,722471,12,0.32277486518377874,1.0,0.5714316224808964,7.040755751757907e-16,24
96,3,2,krylov,3,722471,13,0.3313793359719274,1.0833333333333333,0.5893320969799478,7.043195399801763e-16,24
96,3,2,krylov,3,722471,14,0.34109499153860373,1.1666666666666667,0.6097302582983674,7.105126319790338e-16,24
96,3,2,krylov,3,722471,15,0.35793473247109625,1.25,0.6455583908555793,7.112804641615041e-16,24
96,3,2,krylov,3,722471,16,0.36973165804145125,1.3333333333333333,0.6710192682607687,7.112868899059064e-16,24
96,3,2,krylov,3,722471,17,0.3815547171192219,1.4166666666666667,0.6968396947679959,7.115123942860419e-16,24
96,3,2,krylov,3,722471,18,0.3936834723520259,1.5,0.7236468658946764,7.117671213538325e-16,24
96,3,2,krylov,3,722471,19,0.4017449466741592,1.5833333333333333,0.7416451870355817,7.118275794674535e-16,24
96,3,2,krylov,3,722471,20,0.4076877913006973,1.6666666666666667,0.7550065991639224,7.118327752332736e-16,24
96,3,2,krylov,3,722471,21,0.4147316638285563,1.75,0.7709466521416058,7.146818508711187e-16,24
96,3,2,krylov,3,722471,22,0.42166524046393233,1.8333333333333333,0.7867471484651409,7.146818713669224e-16,24
96,3,2,krylov,3,722471,23,0.42914660853379605,1.9166666666666667,0.8039193010676564,7.156168349070476e-16,24
96,3,2,krylov,3,722471,24,0.43469317367778065,2.0,0.8167336445007267,7.165066267656291e-16,24
96,3,2,krylov,4,722472,0,0.0,0.0,0.0,0.0,24
96,3,2,krylov,4,722472,1,0.0469770681101056,0.08333333333333333,0.0721469609051015,0.0,24
96,3,2,krylov,4,722472,2,0.08764282671522204,0.16666666666666666,0.13739724403408346,2.2226123401387487e-16,24
96,3,2,krylov,4,722472,3,0.1369085350076861,0.25,0.2200848880343335,2.222617981504514e-16,24
96,3,2,krylov,4,722472,4,0.1911989688127889,0.3333333333333333,0.3160504795847841,2.427979915033722e-16,24
96,3,2,krylov,4,722472,5,0.23427214609686928,0.4166666666666667,0.39598265238505975,2.433942181617565e-16,24
96,3,2,krylov,4,722472,6,0.26525440303107567,0.5,0.4556439221288951,2.460959284625933e-16,24
96,3,2,krylov,4,722472,7,0.29744118569401995,0.5833333333333334,0.5196137773533865,2.489073727198694e-16,24
96,3,2,krylov,4,722472,8,0.32293678261397873,0.6666666666666666,0.5717670505211359,4.686093756143966e-16,24
96,3,2,krylov,4,722472,9,0.3437958840143756,0.75,0.6154361148628467,4.836957318304904e-16,24
96,3,2,krylov,4,722472,10,0.3608006782322016,0.8333333333333334,0.6517162646823692,4.84651195672869e-16,24
96,3,2,krylov,4,722472,11,0.3819965929183518,0.9166666666666666,0.6978106395663861,4.846651052996543e-16,24
96,3,2,krylov,4,722472,12,0.4007301555099217,1.0,0.7393715391404367,4.85206990034132e-16,24
96,3,2,krylov,4,722472,13,0.42180373583717223,1.0833333333333333,0.7870638742969975,6.810207714027652e-16,24
96,3,2,krylov,4,722472,14,0.43953424418422954,1.1666666666666667,0.8279763067217858,6.820355681850512e-16,24
96,3,2,krylov,4,722472,15,0.4523057060729547,1.25,0.8578986366302032,6.822086875249968e-16,24
96,3,2,krylov,4,722472,16,0.4609822624736903,1.3333333333333333,0.8784460887965897,6.828765460062209e-16,24
96,3,2,krylov,4,722472,17,0.4696689832910542,1.4166666666666667,0.8991969840792734,6.829502547147726e-16,24
96,3,2,krylov,4,722472,18,0.4761403209693396,1.5,0.9147733435016485,6.830091661487108e-16,24
96,3,2,krylov,4,722472,19,0.4811043671614546,1.5833333333333333,0.9267901913398163,6.833280226214006e-16,24
96,3,2,krylov,4,722472,20,0.48429410667982775,1.6666666666666667,0.9345433786662425,6.872632540570303e-16,24
96,3,2,krylov,4,722472,21,0.48669036373505886,1.75,0.9403841656322871,6.885831793219908e-16,24
96,3,2,krylov,4,722472,22,0.4887545894015794,1.8333333333333333,0.9454268721146369,6.900456577542527e-16,24
96,3,2,krylov,4,722472,23,0.4907599010432455,1.9166666666666667,0.9503356352451017,6.90492149716596e-16,24
96,3,2,krylov,4,722472,24,0.4922030288018983,2.0,0.953874335402407,6.950487825772432e-16,24
96,3,2,krylov,5,722473,0,0.0,0.0,0.0,0.0,24
96,3,2,krylov,5,722473,1,0.018147089604546814,0.08333333333333333,0.027469122891078265,0.0,24
96,3,2,krylov,5,722473,2,0.03577877347788129,0.16666666666666666,0.05463980413361575,0.0,24
96,3,2,krylov,5,722473,3,0.053907707168840475,0.25,0.0830807894820821,4.3885418357208765e-17,24
96,3,2,krylov,5,722473,4,0.07288315478675386,0.3333333333333333,0.1134072754407076,4.57751572504597e-17,24
96,3,2,krylov,5,722473,5,0.09400537374500188,0.4166666666666667,0.14784847396946907,1.205405962314379e-16,24
96,3,2,krylov,5,722473,6,0.11809610034265032,0.5,0.1880283793622195,1.4455892929807087e-16,24
96,3,2,krylov,5,722473,7,0.15149512081925262,0.5833333333333334,0.2453589367720159,2.4531460025384474e-16,24
96,3,2,krylov,5,722473,8,0.18763043478852248,0.6666666666666666,0.3095813911047875,2.507301563008884e-16,24
96,3,2,krylov,5,722473,9,0.2151000591086293,0.75,0.3599789439737142,2.5213772881842703e-16,24
96,3,2,krylov,5,722473,10,0.2353828337203223,0.8333333333333334,0.3980896667521291,2.5375948850418675e-16,24
96,3,2,krylov,5,722473,11,0.25224229189125297,0.9166666666666666,0.43036171026012765,2.7469391846275116e-16,24
96,3,2,krylov,5,722473,12,0.26267163232255375,1.0,0.4505994594399337,2.7893226686786773e-16,24
96,3,2,krylov,5,722473,13,0.2745612840474064,1.0833333333333333,0.47392982780608833,2.858532706516286e-16,24
96,3,2,krylov,5,722473,14,0.28370810336152485,1.1666666666666667,0.49206783335104126,4.660395538940601e-16,24
96,3,2,krylov,5,722473,15,0.29447514957023935,1.25,0.5136324048022284,4.674439367924771e-16,24
96,3,2,krylov,5,722473,16,0.3054814663012229,1.3333333333333333,0.5359174942399372,4.674594822618783e-16,24
96,3,2,krylov,5,722473,17,0.31833135322688594,1.4166666666666667,0.5622476110422039,4.711696392114004e-16,24
96,3,2,krylov,5,722473,18,0.3272291378836119,1.5,0.5806789235174751,4.721382517332242e-16,24
96,3,2,krylov,5,722473,19,0.3413142560371845,1.5833333333333333,0.6101928979639675,4.730743907620519e-16,24
96,3,2,krylov,5,722473,20,0.3524139525479158,1.6666666666666667,0.6337458723277052,4.839212314812293e-16,24
96,3,2,krylov,5,722473,21,0.3656725513421788,1.75,0.6622247304635193,5.895821466844867e-16,24
96,3,2,krylov,5,722473,22,0.3746647703465634,1.8333333333333333,0.6817556101448601,5.916193454988099e-16,24
96,3,2,krylov,5,722473,23,0.3840380352349255,1.9166666666666667,0.702301926001123,5.928168114482346e-16,24
96,3,2,krylov,5,722473,24,0.3950636169456382,2.0,0.726717938869643,6.255597843319221e-16,24
96,3,2,krylov,6,722474,0,0.0,0.0,0.0,0.0,24
96,3,2,krylov,6,722474,1,0.06577201409300983,0.08333333333333333,0.10197480643322383,0.0,24
96,3,2,krylov,6,722474,2,0.11897162351959964,0.16666666666666666,0.18950693449189354,1.1317603152772674e-16,24
96,3,2,krylov,6,722474,3,0.17894095754343442,0.25,0.2939251953745127,2.2508161436942744e-16,24
96,3,2,krylov,6,722474,4,0.22473456182388757,0.3333333333333333,0.3779855190719816,3.374553835879741e-16,24
96,3,2,krylov,6,722474,5,0.2545953589016101,0.4166666666666667,0.4349093290461494,3.416854700115832e-16,24
96,3,2,krylov,6,722474,6,0.285282221266666,0.5,0.49520605231110115,3.4484128810577764e-16,24
96,3,2,krylov,6,722474,7,0.3179158644279893,0.5833333333333334,0.5613909482384877,3.449388178429126e-16,24
96,3,2,krylov,6,722474,8,0.34350708134068486,0.6666666666666666,0.6148252594694334,5.64277055492739e-16,24
96,3,2,krylov,6,722474,9,0.36818172055836873,0.75,0.667656930500174,5.647528538469756e-16,24
96,3,2,krylov,6,722474,10,0.38510634479107664,0.8333333333333334,0.7046559233692616,5.649331181706706e-16,24
96,3,2,krylov,6,722474,11,0.39961260497443596,0.9166666666666666,0.7368703261539931,5.681993190470593e-16,24
96,3,2,krylov,6,722474,12,0.41523038795290135,1.0,0.7720795104905437,5.684284788417515e-16,24
96,3,2,krylov,6,722474,13,0.4293827001219176,1.0833333333333333,0.8044633012487558,5.685452036877969e-16,24
96,3,2,krylov,6,722474,14,0.44069897798450397,1.1666666666666667,0.830689359097653,5.695599272807225e-16,24
96,3,2,krylov,6,722474,15,0.45297051155434426,1.25,0.8594667017397823,5.713845940156123e-16,24
96,3,2,krylov,6,722474,16,0.4629886527828007,1.3333333333333333,0.8832229705220075,5.714188374646788e-16,24
96,3,2,krylov,6,722474,17,0.469985742107307,1.4166666666666667,0.8999570712517071,5.715022014901402e-16,24
96,3,2,krylov,6,722474,18,0.47554742678373924,1.5,0.9133420627676856,5.750272135460487e-16,24
96,3,2,krylov,6,722474,19,0.479930449040579,1.5833333333333333,0.9239430098645731,5.751084774312623e-16,24
96,3,2,krylov,6,722474,20,0.4835223001375302,1.6666666666666667,0.9326651070834674,5.752138917578039e-16,24
96,3,2,krylov,6,722474,21,0.4861990569944212,1.75,0.9391854829265237,5.795751934661214e-16,24
96,3,2,krylov,6,722474,22,0.4886462879223492,1.8333333333333333,0.9451620431079834,5.806290392886434e-16,24
96,3,2,krylov,6,722474,23,0.4910169270311416,1.9166666666666667,0.9509655161268381,5.806758571649535e-16,24
96,3,2,krylov,6,722474,24,0.4940640815517796,2.0,0.9584453771377427,5.81047068621697e-16,24
96,3,2,krylov,7,722475,0,0.0,0.0,0.0,0.0,24
96,3,2,krylov,7,722475,1,0.0036979765157704415,0.08333333333333333,0.00555723370057085,1.1102230246251565e-16,24
96,3,2,krylov,7,722475,2,0.00708725149653536,0.16666666666666666,0.010668638249669151,1.1102230246251565e-16,24
96,3,2,krylov,7,722475,3,0.010546268929399338,0.25,0.015903115259147498,1.1275661554431346e-16,24
96,3,2,krylov,7,722475,4,0.014571813810423034,0.3333333333333333,0.022017750396686166,2.448060082374058e-16,24
96,3,2,krylov,7,722475,5,0.01712545441612185,0.4166666666666667,0.025909403553641137,2.5419336791413357e-16,24
96,3,2,krylov,7,722475,6,0.019666009523964557,0.5,0.02979098908613802,2.548430626007525e-16,24
96,3,2,krylov,7,722475,7,0.022449730057370307,0.5833333333333334,0.03405543242972618,2.551489245805349e-16,24
96,3,2,krylov,7,722475,8,0.025353479259562516,0.6666666666666666,0.03851641832538523,4.573576686243762e-16,24
96,3,2,krylov,7,722475,9,0.029996414684632225,0.75,0.045676259183495445,4.801696054962605e-16,24
96,3,2,krylov,7,722475,10,0.033441841115687286,0.8333333333333334,0.05101095789938611,4.811606157690587e-16,24
96,3,2,krylov,7,722475,11,0.036802473497568655,0.9166666666666666,0.056232103811264776,4.971891515345198e-16,24
96,3,2,krylov,7,722475,12,0.042227104922851325,1.0,0.06469702817615694,4.971935081936916e-16,24
96,3,2,krylov,7,722475,13,0.04621807138947727,1.0833333333333333,0.07095415924096601,4.980514942913408e-16,24
96,3,2,krylov,7,722475,14,0.04860055210042806,1.1666666666666667,0.07470138930230935,4.99056594603282e-16,24
96,3,2,krylov,7,722475,15,0.05062931490401648,1.25,0.07789932774009967,5.033802258483602e-16,24
96,3,2,krylov,7,722475,16,0.05316464628920627,1.3333333333333333,0.08190490101058341,5.17834277278223e-16,24
96,3,2,krylov,7,722475,17,0.05633981152341207,1.4166666666666667,0.08693569302748222,5.17854684363295e-16,24
96,3,2,krylov,7,722475,18,0.060034965935994895,1.5,0.09281051295480063,5.196000240036724e-16,24
96,3,2,krylov,7,722475,19,0.06359289021624781,1.5833333333333333,0.0984877056747144,5.196677516328639e-16,24
96,3,2,krylov,7,722475,20,0.0683328473214308,1.6666666666666667,0.10608245400404254,5.233777564646539e-16,24
96,3,2,krylov,7,722475,21,0.07360326599513792,1.75,0.11456952652823395,5.274304795384739e-16,24
96,3,2,krylov,7,722475,22,0.08017800667433875,1.8333333333333333,0.1252198757504529,5.274308025657997e-16,24
96,3,2,krylov,7,722475,23,0.08532156877718397,1.9166666666666667,0.13360083061570446,5.278344797112e-16,24
96,3,2,krylov,7,722475,24,0.09211583960615477,2.0,0.14473774785937626,5.279327545190083e-16,24
96,3,2,reply_null,0,722476,0,0.0,0.0,0.0,0.0,24
96,3,2,reply_null,0,722476,1,0.014516654169699364,0.08333333333333333,0.021933798759792258,2.220446049250313e-16,24
96,3,2,reply_null,0,722476,2,0.030988685164822286,0.16666666666666666,0.04684681096486781,2.2397931145959134e-16,24
96,3,2,reply_null,0,722476,3,0.037499121703109914,0.25,0.0567818057110992,2.3187149513582226e-16,24
96,3,2,reply_null,0,722476,4,0.08178397289399304,0.3333333333333333,0.12619694061125689,3.341144709584631e-16,24
96,3,2,reply_null,0,722476,5,0.09761977350994198,0.4166666666666667,0.15054120536094495,3.3462881185344146e-16,24
96,3,2,reply_null,0,722476,6,0.1414349576791587,0.5,0.21934260866891656,3.48191854563335e-16,24
96,3,2,reply_null,0,722476,7,0.1966281298032799,0.5833333333333334,0.3104022133970878,3.787583656046621e-16,24
96,3,2,reply_null,0,722476,8,0.2056807567605267,0.6666666666666666,0.32446486110290956,4.591392727299477e-16,24
96,3,2,reply_null,0,722476,9,0.22562575193692025,0.75,0.3562172544179628,4.592003407331074e-16,24
96,3,2,reply_null,0,722476,10,0.2272490871212507,0.8333333333333334,0.35884352923770413,4.592040738046429e-16,24
96,3,2,reply_null,0,722476,11,0.23875053699574206,0.9166666666666666,0.37694784458473923,4.592041454931804e-16,24
96,3,2,reply_null,0,722476,12,0.26694133357675487,1.0,0.42452734124845887,5.787762657784969e-16,24
96,3,2,reply_null,0,722476,13,0.2778215318335049,1.0833333333333333,0.4432116706797675,5.787793631887968e-16,24
96,3,2,reply_null,0,722476,14,0.2927770525390101,1.1666666666666667,0.4673626657907369,5.804484588139978e-16,24
96,3,2,reply_null,0,722476,15,0.2956673446958824,1.25,0.47207635826191136,5.804535935045713e-16,24
96,3,2,reply_null,0,722476,16,0.3078764028746708,1.3333333333333333,0.4921909969163295,5.804623598004262e-16,24
96,3,2,reply_null,0,722476,17,0.3683098417162271,1.4166666666666667,0.5967604498181619,5.819150105007987e-16,24
96,3,2,reply_null,0,722476,18,0.3712325849678365,1.5,0.6015223874112132,5.823427597660169e-16,24
96,3,2,reply_null,0,722476,19,0.3968801218715044,1.5833333333333333,0.6437887555024233,5.829232580624013e-16,24
96,3,2,reply_null,0,722476,20,0.40501076995847207,1.6666666666666667,0.6574610760682976,5.829293970971503e-16,24
96,3,2,reply_null,0,722476,21,0.4245054283954217,1.75,0.6913148838261944,5.829368396977756e-16,24
96,3,2,reply_null,0,722476,22,0.43411338639899266,1.8333333333333333,0.7072691519221874,5.831843501611106e-16,24
96,3,2,reply_null,0,722476,23,0.4462317763475483,1.9166666666666667,0.7278529701592532,5.863522456226302e-16,24
96,3,2,reply_null,0,722476,24,0.45172999922160784,2.0,0.7373519937483447,5.867203125852186e-16,24
96,3,2,reply_null,1,722477,0,0.0,0.0,0.0,0.0,24
96,3,2,reply_null,1,722477,1,0.03703798865375063,0.08333333333333333,0.056598663221701734,2.220446049250313e-16,24
96,3,2,reply_null,1,722477,2,0.06228210126550465,0.16666666666666666,0.09498658546663839,2.2245381473173863e-16,24
96,3,2,reply_null,1,722477,3,0.09970669769804895,0.25,0.15222292558336917,2.2611622520347065e-16,24
96,3,2,reply_null,1,722477,4,0.10303521291184842,0.3333333333333333,0.15743527407233512,2.552162769084406e-16,24
96,3,2,reply_null,1,722477,5,0.1154283256296853,0.4166666666666667,0.17679578286694467,2.565521918109909e-16,24
96,3,2,reply_null,1,722477,6,0.15628984572265756,0.5,0.2417359184854641,2.576645422153415e-16,24
96,3,2,reply_null,1,722477,7,0.17169556652392762,0.5833333333333334,0.2660622318921158,2.624132927309973e-16,24
96,3,2,reply_null,1,722477,8,0.1735971131887596,0.6666666666666666,0.2690870152289034,4.609634379878547e-16,24
96,3,2,reply_null,1,722477,9,0.17633142298569363,0.75,0.2734705958737824,4.661892295924538e-16,24
96,3,2,reply_null,1,722477,10,0.1804933866063986,0.8333333333333334,0.28001106485014016,4.669935399782594e-16,24
96,3,2,reply_null,1,722477,11,0.19105288421836245,0.9166666666666666,0.2971743014895194,4.864508335959834e-16,24
96,3,2,reply_null,1,722477,12,0.20734648833820227,1.0,0.32328025195600524,4.881079073900192e-16,24
96,3,2,reply_null,1,722477,13,0.2287644112673874,1.0833333333333333,0.35818540128710596,4.948266262992342e-16,24
96,3,2,reply_null,1,722477,14,0.24347563960814078,1.1666666666666667,0.38205707078158413,4.963654719012948e-16,24
96,3,2,reply_null,1,722477,15,0.26194534753895676,1.25,0.4130987438335152,4.970876575616902e-16,24
96,3,2,reply_null,1,722477,16,0.29450406520367667,1.3333333333333333,0.4681111381611315,4.974296023844273e-16,24
96,3,2,reply_null,1,722477,17,0.29693348128807656,1.4166666666666667,0.47216263319483365,4.978489730093433e-16,24
96,3,2,reply_null,1,722477,18,0.29815473751045646,1.5,0.47422264944989356,5.030405891980889e-16,24
96,3,2,reply_null,1,722477,19,0.30608629120971326,1.5833333333333333,0.48718590224065045,5.031217947154147e-16,24
96,3,2,reply_null,1,722477,20,0.33076501291652255,1.6666666666666667,0.528120584634774,5.033171317122715e-16,24
96,3,2,reply_null,1,722477,21,0.35414902448991525,1.75,0.5662750542344815,5.326441914900986e-16,24
96,3,2,reply_null,1,722477,22,0.3623383379504098,1.8333333333333333,0.5798494534856259,5.332786286155912e-16,24
96,3,2,reply_null,1,722477,23,0.37756467933154814,1.9166666666666667,0.6055626096198029,5.338116831949792e-16,24
96,3,2,reply_null,1,722477,24,0.41730785212936433,2.0,0.6770994946110424,5.338391014981489e-16,24
96,3,2,reply_null,2,722478,0,0.0,0.0,0.0,0.0,24
96,3,2,reply_null,2,722478,1,0.00619818029997513,0.08333333333333333,0.009326143151147614,0.0,24
96,3,2,reply_null,2,722478,2,0.012814477276934987,0.16666666666666666,0.01928627382581875,1.3877787807814457e-17,24
96,3,2,reply_null,2,722478,3,0.01917341689465094,0.25,0.02892941977032498,2.0512674289891805e-17,24
96,3,2,reply_null,2,722478,4,0.06194940726024842,0.3333333333333333,0.09467839822766108,2.5257955065251663e-17,24
96,3,2,reply_null,2,722478,5,0.06396082402119874,0.4166666666666667,0.09779332099983226,1.2996025274958802e-16,24
96,3,2,reply_null,2,722478,6,0.07279209647006255,0.5,0.11171357050465114,1.5107467678717368e-16,24
96,3,2,reply_null,2,722478,7,0.10946542786870558,0.5833333333333334,0.16819083679448912,1.5164607916633044e-16,24
96,3,2,reply_null,2,722478,8,0.11120380057296783,0.6666666666666666,0.17087683584582514,4.526328079778122e-16,24
96,3,2,reply_null,2,722478,9,0.1280325310054148,0.75,0.19683807927977284,4.535868692581746e-16,24
96,3,2,reply_null,2,722478,10,0.15860672327174014,0.8333333333333334,0.24522173685840015,4.536619051978546e-16,24
96,3,2,reply_null,2,722478,11,0.20118554935112676,0.9166666666666666,0.31477051737943135,4.544271914641327e-16,24
96,3,2,reply_null,2,722478,12,0.20169613943528925,1.0,0.3155980742619511,4.544298587999414e-16,24
96,3,2,reply_null,2,722478,13,0.23377254381396678,1.0833333333333333,0.36875959313835,4.55792839648623e-16,24
96,3,2,reply_null,2,722478,14,0.26079259316934905,1.1666666666666667,0.41189295136968923,4.569690625403794e-16,24
96,3,2,reply_null,2,722478,15,0.2706735692593769,1.25,0.4281758632723817,4.576117870707748e-16,24
96,3,2,reply_null,2,722478,16,0.27422146693253,1.3333333333333333,0.43423446518382813,5.737306173314725e-16,24
96,3,2,reply_null,2,722478,17,0.30473934386110535,1.4166666666666667,0.4870568005193752,5.745460097526117e-16,24
96,3,2,reply_null,2,722478,18,0.32827995565750095,1.5,0.5263508056365764,5.777679939506654e-16,24
96,3,2,reply_null,2,722478,19,0.3763842735214544,1.5833333333333333,0.6048396574188913,5.777707120085397e-16,24
96,3,2,reply_null,2,722478,20,0.38397938218205657,1.6666666666666667,0.6182570203572979,5.838615085936312e-16,24
96,3,2,reply_null,2,722478,21,0.394617687970894,1.75,0.6361432284246701,5.848710800570114e-16,24
96,3,2,reply_null,2,722478,22,0.40358898343652616,1.8333333333333333,0.6523240286189371,5.956937247783914e-16,24
96,3,2,reply_null,2,722478,23,0.4238723802208204,1.9166666666666667,0.6868957715279005,5.962662084006044e-16,24
96,3,2,reply_null,2,722478,24,0.4259405088014735,2.0,0.6904028038112812,5.977902999841445e-16,24
96,3,2,reply_null,3,722479,0,0.0,0.0,0.0,0.0,24
96,3,2,reply_null,3,722479,1,0.013878259619423159,0.08333333333333333,0.020962514581032057,0.0,24
96,3,2,reply_null,3,722479,2,0.021918361450776656,0.16666666666666666,0.033090532906291735,2.220446049250313e-16,24
96,3,2,reply_null,3,722479,3,0.036000888790556095,0.25,0.05454051729323642,2.2467979912838376e-16,24
96,3,2,reply_null,3,722479,4,0.052797767460544674,0.3333333333333333,0.08003717476740987,2.2567904918582536e-16,24
96,3,2,reply_null,3,722479,5,0.06596134076730423,0.4166666666666667,0.1003480889384412,2.2984646293694756e-16,24
96,3,2,reply_null,3,722479,6,0.06695241396357135,0.5,0.10186650611097028,2.3033230161090314e-16,24
96,3,2,reply_null,3,722479,7,0.08779011623906169,0.5833333333333334,0.13422550605477263,2.355241030585581e-16,24
96,3,2,reply_null,3,722479,8,0.11873470834572535,0.6666666666666666,0.18340091620388332,5.590171300439162e-16,24
96,3,2,reply_null,3,722479,9,0.12231194534831658,0.75,0.18888856546050392,5.604543585349411e-16,24
96,3,2,reply_null,3,722479,10,0.14032327995909344,0.8333333333333334,0.21680961761386872,5.604629508220662e-16,24
96,3,2,reply_null,3,722479,11,0.14861181276545782,0.9166666666666666,0.23006356795980304,5.613891779976286e-16,24
96,3,2,reply_null,3,722479,12,0.17562221852862697,1.0,0.27287440185646855,5.614651174388347e-16,24
96,3,2,reply_null,3,722479,13,0.2055379025559354,1.0833333333333333,0.32055390110903553,5.627784679337e-16,24
96,3,2,reply_null,3,722479,14,0.21928589198660645,1.1666666666666667,0.3431488694124451,5.629706042875405e-16,24
96,3,2,reply_null,3,722479,15,0.2619527610667607,1.25,0.4123654770610476,5.631760382123947e-16,24
96,3,2,reply_null,3,722479,16,0.2967643618629887,1.3333333333333333,0.4708177366004308,6.825825436842884e-16,24
96,3,2,reply_null,3,722479,17,0.3007976788570679,1.4166666666666667,0.4776962827250809,6.826946074361643e-16,24
96,3,2,reply_null,3,722479,18,0.30813864336915964,1.5,0.4896420932126563,6.827232761127297e-16,24
96,3,2,reply_null,3,722479,19,0.31621474524335363,1.5833333333333333,0.5027278998724951,7.075703925927663e-16,24
96,3,2,reply_null,3,722479,20,0.3245223001775229,1.6666666666666667,0.5171881500049542,7.081651751098044e-16,24
96,3,2,reply_null,3,722479,21,0.3314802924590284,1.75,0.5287351138658065,7.103817775879168e-16,24
96,3,2,reply_null,3,722479,22,0.3559526280101526,1.8333333333333333,0.5699076273305795,7.106303526014074e-16,24
96,3,2,reply_null,3,722479,23,0.367065336689608,1.9166666666666667,0.5887420159466885,7.107971681848839e-16,24
96,3,2,reply_null,3,722479,24,0.4338750463664199,2.0,0.7058152510292788,7.109078000255866e-16,24
96,3,2,reply_null,4,722480,0,0.0,0.0,0.0,0.0,24
96,3,2,reply_null,4,722480,1,0.0019064527587034441,0.08333333333333333,0.002862406792751814,3.3306690738754696e-16,24
96,3,2,reply_null,4,722480,2,0.07344772404952708,0.16666666666666666,0.114137057810485,3.33211404988436e-16,24
96,3,2,reply_null,4,722480,3,0.07632442768917024,0.25,0.1185156770561655,3.335807007522657e-16,24
96,3,2,reply_null,4,722480,4,0.0820367235033341,0.3333333333333333,0.12736381211357822,4.629289088866833e-16,24
96,3,2,reply_null,4,722480,5,0.10508420366562103,0.4166666666666667,0.16438533027562044,4.630702427571155e-16,24
96,3,2,reply_null,4,722480,6,0.12235117190797647,0.5,0.1907570347015926,4.654214002508853e-16,24
96,3,2,reply_null,4,722480,7,0.13624089005746456,0.5833333333333334,0.2136352168236944,4.654214373374746e-16,24
96,3,2,reply_null,4,722480,8,0.1433842312443228,0.6666666666666666,0.22495340924051582,3.3787288874819457e-16,24
96,3,2,reply_null,4,722480,9,0.15378754893912,0.75,0.24178952664837083,3.7822246805697905e-16,24
96,3,2,reply_null,4,722480,10,0.1656554015843728,0.8333333333333334,0.2615603435966573,3.795063485221917e-16,24
96,3,2,reply_null,4,722480,11,0.1746050391987739,0.9166666666666666,0.27615449747487103,4.015516462281178e-16,24
96,3,2,reply_null,4,722480,12,0.1827241088899867,1.0,0.2891894177390987,4.047341548579119e-16,24
96,3,2,reply_null,4,722480,13,0.20171747895635503,1.0833333333333333,0.31875245216631914,4.0496401414318375e-16,24
96,3,2,reply_null,4,722480,14,0.21808991879273365,1.1666666666666667,0.3452370474132671,7.252860271291801e-16,24
96,3,2,reply_null,4,722480,15,0.25987083363813235,1.25,0.4118182031401576,7.25428027070983e-16,24
96,3,2,reply_null,4,722480,16,0.2655110355557128,1.3333333333333333,0.4207711875388701,7.255355852008742e-16,24
96,3,2,reply_null,4,722480,17,0.2796838470433698,1.4166666666666667,0.44387185321592293,7.256020722986099e-16,24
96,3,2,reply_null,4,722480,18,0.2834811777634824,1.5,0.4502528855075675,7.275049603947042e-16,24
96,3,2,reply_null,4,722480,19,0.3005461140553285,1.5833333333333333,0.47943578718704233,7.308026388536765e-16,24
96,3,2,reply_null,4,722480,20,0.34601103816941037,1.6666666666666667,0.5571010348263528,7.311080372135184e-16,24
96,3,2,reply_null,4,722480,21,0.35422897088174643,1.75,0.5707003275501712,7.31601271245773e-16,24
96,3,2,reply_null,4,722480,22,0.36512226751897814,1.8333333333333333,0.588598522162344,7.32215975417182e-16,24
96,3,2,reply_null,4,722480,23,0.3700852366782148,1.9166666666666667,0.5968400423366731,7.327870465013737e-16,24
96,3,2,reply_null,4,722480,24,0.3851818871850886,2.0,0.6220889886558222,7.33296935134714e-16,24
96,3,2,reply_null,5,722481,0,0.0,0.0,0.0,0.0,24
96,3,2,reply_null,5,722481,1,0.05131092747344803,0.08333333333333333,0.07897521038109677,1.1102230246251565e-16,24
96,3,2,reply_null,5,722481,2,0.06306487856445797,0.16666666666666666,0.0971733868872351,1.112657142809538e-16,24
96,3,2,reply_null,5,722481,3,0.07796701743966065,0.25,0.12049723133414722,2.220649399204527e-16,24
96,3,2,reply_null,5,722481,4,0.09506562793875464,0.3333333333333333,0.14702372586125007,3.366581082482142e-16,24
96,3,2,reply_null,5,722481,5,0.11561980805903115,0.4166666666666667,0.17855756824974292,3.366624003689855e-16,24
96,3,2,reply_null,5,722481,6,0.11720534248555387,0.5,0.18107887502471287,3.366628409069044e-16,24
96,3,2,reply_null,5,722481,7,0.12953089151117517,0.5833333333333334,0.20015090994688228,3.3676550060287213e-16,24
96,3,2,reply_null,5,722481,8,0.13272998882352752,0.6666666666666666,0.2051449925314,4.59921461367755e-16,24
96,3,2,reply_null,5,722481,9,0.16844365661587662,0.75,0.2615483019812449,4.609453537225147e-16,24
96,3,2,reply_null,5,722481,10,0.17836743666660154,0.8333333333333334,0.27726807186988434,4.688996478270606e-16,24
96,3,2,reply_null,5,722481,11,0.18140057627604234,0.9166666666666666,0.2820408745602574,4.699701093929305e-16,24
96,3,2,reply_null,5,722481,12,0.1841371690463155,1.0,0.2863261726202312,4.701925374406967e-16,24
96,3,2,reply_null,5,722481,13,0.20630735563180969,1.0833333333333333,0.32280505587897973,4.702517140904651e-16,24
96,3,2,reply_null,5,722481,14,0.22829528448023112,1.1666666666666667,0.35782384084725993,4.714779150445565e-16,24
96,3,2,reply_null,5,722481,15,0.2408597928329509,1.25,0.37831171432002475,4.749764714056582e-16,24
96,3,2,reply_null,5,722481,16,0.2523115782762867,1.3333333333333333,0.39728667028242953,4.752674853361308e-16,24
96,3,2,reply_null,5,722481,17,0.2936897495039975,1.4166666666666667,0.465691538178409,4.910215446282738e-16,24
96,3,2,reply_null,5,722481,18,0.29609263225146815,1.5,0.4696787364226211,4.952289634772988e-16,24
96,3,2,reply_null,5,722481,19,0.38809751548917976,1.5833333333333333,0.6244725843777377,4.979320880029148e-16,24
96,3,2,reply_null,5,722481,20,0.39228146277456444,1.6666666666666667,0.6313799352806639,4.991179595877015e-16,24
96,3,2,reply_null,5,722481,21,0.4418889570303182,1.75,0.7166634031635779,5.021514565857426e-16,24
96,3,2,reply_null,5,722481,22,0.4506279497876887,1.8333333333333333,0.7322612177667231,5.316401514237878e-16,24
96,3,2,reply_null,5,722481,23,0.4758409017019978,1.9166666666666667,0.7775408400886801,5.416842825828935e-16,24
96,3,2,reply_null,5,722481,24,0.4815858716884989,2.0,0.7873163600309763,5.417236874016603e-16,24
96,3,2,reply_null,6,722482,0,0.0,0.0,0.0,0.0,24
96,3,2,reply_null,6,722482,1,0.005845644208125497,0.08333333333333333,0.008794144991099916,1.1102230246251565e-16,24
96,3,2,reply_null,6,722482,2,0.021795455008562552,0.16666666666666666,0.03297489357318095,2.2227032740345176e-16,24
96,3,2,reply_null,6,722482,3,0.03142926369906875,0.25,0.04761511500885279,2.230627974967319e-16,24
96,3,2,reply_null,6,722482,4,0.05966217061769298,0.3333333333333333,0.09098704650973499,2.2359084728594284e-16,24
96,3,2,reply_null,6,722482,5,0.09290904348097427,0.4166666666666667,0.14225353491529585,2.3670292236921657e-16,24
96,3,2,reply_null,6,722482,6,0.10235041054587478,0.5,0.15716960433898466,2.4250130515501744e-16,24
96,3,2,reply_null,6,722482,7,0.12764858379115565,0.5833333333333334,0.1968223614813744,2.462734982128661e-16,24
96,3,2,reply_null,6,722482,8,0.16306918019302163,0.6666666666666666,0.2539403666751441,4.682399440907725e-16,24
96,3,2,reply_null,6,722482,9,0.17690231549631424,0.75,0.27546684096422464,4.684869448096345e-16,24
96,3,2,reply_null,6,722482,10,0.19659624968042136,0.8333333333333334,0.30660390143668304,4.696240795334276e-16,24
96,3,2,reply_null,6,722482,11,0.20663364199228212,0.9166666666666666,0.323129579126367,4.700386890017203e-16,24
96,3,2,reply_null,6,722482,12,0.2494695644517154,1.0,0.39260088133310983,5.752676947500188e-16,24
96,3,2,reply_null,6,722482,13,0.25998867779177165,1.0833333333333333,0.4101272695998341,5.753041304367634e-16,24
96,3,2,reply_null,6,722482,14,0.28864669112076,1.1666666666666667,0.45883312648604563,5.799857281589038e-16,24
96,3,2,reply_null,6,722482,15,0.2912043218052458,1.25,0.4630953524547093,5.804145025267799e-16,24
96,3,2,reply_null,6,722482,16,0.2938240999049278,1.3333333333333333,0.4672881005353246,5.805859356247538e-16,24
96,3,2,reply_null,6,722482,17,0.29874676572453457,1.4166666666666667,0.4757222296761114,5.8069222983412875e-16,24
96,3,2,reply_null,6,722482,18,0.299838766580855,1.5,0.4775349515672966,5.812988998552534e-16,24
96,3,2,reply_null,6,722482,19,0.3496523066592411,1.5833333333333333,0.5609677163008387,5.812990818338152e-16,24
96,3,2,reply_null,6,722482,20,0.3889344836720564,1.6666666666666667,0.6271120371325484,5.814601042021148e-16,24
96,3,2,reply_null,6,722482,21,0.4096250334463518,1.75,0.6637366566723937,5.834278308638964e-16,24
96,3,2,reply_null,6,722482,22,0.4113329505259874,1.8333333333333333,0.6667032696303827,5.83738542810198e-16,24
96,3,2,reply_null,6,722482,23,0.4204418347725849,1.9166666666666667,0.6819568401359175,5.862957444153032e-16,24
96,3,2,reply_null,6,722482,24,0.44666323361458626,2.0,0.7286861849439422,5.866246533335226e-16,24
96,3,2,reply_null,7,722483,0,0.0,0.0,0.0,0.0,24
96,3,2,reply_null,7,722483,1,0.005214766694534982,0.08333333333333333,0.007842580884148086,2.220446049250313e-16,24
96,3,2,reply_null,7,722483,2,0.027655660398374145,0.16666666666666666,0.04200968302981884,2.254614724255716e-16,24
96,3,2,reply_null,7,722483,3,0.054314355959543995,0.25,0.0835664613100149,2.254720233866942e-16,24
96,3,2,reply_null,7,722483,4,0.0620660811657951,0.3333333333333333,0.09533996340189688,2.6351737145725646e-16,24
96,3,2,reply_null,7,722483,5,0.07395936067760113,0.4166666666666667,0.11339351684599702,2.6483289908470503e-16,24
96,3,2,reply_null,7,722483,6,0.08799210919047286,0.5,0.13544054939389502,2.710042486203701e-16,24
96,3,2,reply_null,7,722483,7,0.10270929025201067,0.5833333333333334,0.15831983926802104,2.710420332894558e-16,24
96,3,2,reply_null,7,722483,8,0.13811561035751008,0.6666666666666666,0.21322691228647642,4.629598134453017e-16,24
96,3,2,reply_null,7,722483,9,0.15681804416058956,0.75,0.2428301333908984,6.797780886527947e-16,24
96,3,2,reply_null,7,722483,10,0.20487573247010865,0.8333333333333334,0.3193673721645474,6.803884237962946e-16,24
96,3,2,reply_null,7,722483,11,0.206846738856899,0.9166666666666666,0.3224894924998092,6.804278053925886e-16,24
96,3,2,reply_null,7,722483,12,0.2659201242396358,1.0,0.42051590927922033,6.815029051492168e-16,24
96,3,2,reply_null,7,722483,13,0.2776173911704858,1.0833333333333333,0.4393153040007147,6.827533899400363e-16,24
96,3,2,reply_null,7,722483,14,0.28909979738292413,1.1666666666666667,0.4580108820737897,6.827736843374543e-16,24
96,3,2,reply_null,7,722483,15,0.32322242776286625,1.25,0.5158223006471966,6.839388974230367e-16,24
96,3,2,reply_null,7,722483,16,0.3273473513677875,1.3333333333333333,0.5229103899457651,6.857196903570849e-16,24
96,3,2,reply_null,7,722483,17,0.3380573804423169,1.4166666666666667,0.5408392249509931,6.859457935348214e-16,24
96,3,2,reply_null,7,722483,18,0.3496917114378136,1.5,0.5595921696150332,6.860085668642993e-16,24
96,3,2,reply_null,7,722483,19,0.36821422813034504,1.5833333333333333,0.591964863307473,6.862875408971649e-16,24
96,3,2,reply_null,7,722483,20,0.3738383335326162,1.6666666666666667,0.6013173685135984,6.868430509549678e-16,24
96,3,2,reply_null,7,722483,21,0.4075758431101312,1.75,0.6583453823795905,6.872030145837041e-16,24
96,3,2,reply_null,7,722483,22,0.41504099856728127,1.8333333333333333,0.6712034607118212,6.87207068578801e-16,24
96,3,2,reply_null,7,722483,23,0.42893588677152605,1.9166666666666667,0.694511286193624,6.888337777792182e-16,24
96,3,2,reply_null,7,722483,24,0.45349039597505963,2.0,0.7368049945012355,6.888828040636592e-16,24
96,3,8,random,0,722484,0,0.0,0.0,0.0,0.0,24
96,3,8,random,0,722484,1,0.16538670860825247,0.3333333333333333,0.06744348314234776,1.1102230246251565e-16,24
96,3,8,random,0,722484,2,0.33613522535138574,0.6666666666666666,0.13765733505676206,2.222612340138749e-16,24
96,3,8,random,0,722484,3,0.39092097123593583,1.0,0.16158978263234847,2.4536426041612785e-16,24
96,3,8,random,0,722484,4,0.4378960648194312,1.3333333333333333,0.18117709220306707,2.389860510860591e-16,24
96,3,8,random,0,722484,5,0.48528666325532405,1.6666666666666667,0.2021032625449544,2.394928650449674e-16,24
96,3,8,random,0,722484,6,0.5834492827068084,2.0,0.24691691186255768,2.4106960162996907e-16,24
96,3,8,random,0,722484,7,0.6364031232435493,2.3333333333333335,0.27326447625458783,2.4158334698241264e-16,24
96,3,8,random,0,722484,8,0.7051273937474769,2.6666666666666665,0.30758084896384436,4.588921064620318e-16,24
96,3,8,random,0,722484,9,0.8075733643038132,3.0,0.3604098456798488,4.598770440426995e-16,24
96,3,8,random,0,722484,10,0.8228189252245226,3.3333333333333335,0.3677614736452136,4.606879288041235e-16,24
96,3,8,random,0,722484,11,0.8311782893673265,3.6666666666666665,0.3713505310835154,4.625222130097199e-16,24
96,3,8,random,0,722484,12,0.8567999403499826,4.0,0.38444302877871145,4.653390332019206e-16,24
96,3,8,random,0,722484,13,0.8651295824248827,4.333333333333333,0.388851471628371,5.675747412172248e-16,24
96,3,8,random,0,722484,14,0.9053587910153444,4.666666666666667,0.4110571083136001,5.680040626035159e-16,24
96,3,8,random,0,722484,15,0.919311903223389,5.0,0.4181563968850383,5.692442304691389e-16,24
96,3,8,random,0,722484,16,0.9545925714401404,5.333333333333333,0.4370043106058569,5.708826200214949e-16,24
96,3,8,random,0,722484,17,1.0063239278214224,5.666666666666667,0.46736634863314075,5.709024466431027e-16,24
96,3,8,random,0,722484,18,1.0170764255712113,6.0,0.47336603637633723,5.748508078040286e-16,24
96,3,8,random,0,722484,19,1.0748425549521765,6.333333333333333,0.5044112625048142,5.817595512291641e-16,24
96,3,8,random,0,722484,20,1.1767039937861405,6.666666666666667,0.5627538043779943,7.958904875191253e-16,24
96,3,8,random,0,722484,21,1.2358372966074915,7.0,0.5922125397579575,7.959647346689704e-16,24
96,3,8,random,0,722484,22,1.275453317571926,7.333333333333333,0.6165185922714054,7.959885848799609e-16,24
96,3,8,random,0,722484,23,1.3209032003031407,7.666666666666667,0.6391289561614444,7.960172109658794e-16,24
96,3,8,random,0,722484,24,1.4348852007694526,8.0,0.7063984450915269,7.974944136322834e-16,24
96,3,8,random,1,722485,0,0.0,0.0,0.0,0.0,24
96,3,8,random,1,722485,1,0.07561614837748706,0.3333333333333333,0.02945568453775566,0.0,24
96,3,8,random,1,722485,2,0.20084865234377972,0.6666666666666666,0.07974422697417258,2.220446049250313e-16,24
96,3,8,random,1,722485,3,0.2817452327695665,1.0,0.11169321361366134,2.2546466341078726e-16,24
96,3,8,random,1,722485,4,0.32868482995509507,1.3333333333333333,0.13107276829339826,2.3343524947187253e-16,24
96,3,8,random,1,722485,5,0.511255572597985,1.6666666666666667,0.21452379476061728,2.3538990829971837e-16,24
96,3,8,random,1,722485,6,0.5883896276649179,2.0,0.250824054475081,2.3656732754154536e-16,24
96,3,8,random,1,722485,7,0.6930257096920848,2.3333333333333335,0.2971267959687362,2.3820799878662735e-16,24
96,3,8,random,1,722485,8,0.7387968435533981,2.6666666666666665,0.3189646438878157,4.745466865013553e-16,24
96,3,8,random,1,722485,9,0.771419748785116,3.0,0.3335538856368457,4.745927150465111e-16,24
96,3,8,random,1,722485,10,0.805347149294896,3.3333333333333335,0.35093880751265744,6.679945219437104e-16,24
96,3,8,random,1,722485,11,0.8638675997049161,3.6666666666666665,0.3809827091098701,6.680610853468641e-16,24
96,3,8,random,1,722485,12,0.8826224512401475,4.0,0.39002415885003655,6.68067199229457e-16,24
96,3,8,random,1,722485,13,0.8875665455178733,4.333333333333333,0.39277659279068006,6.681901933926285e-16,24
96,3,8,random,1,722485,14,0.9116160241357139,4.666666666666667,0.40465723865392583,6.731642645534419e-16,24
96,3,8,random,1,722485,15,0.9322485058308594,5.0,0.4145092423169462,6.73352919497143e-16,24
96,3,8,random,1,722485,16,0.9993662661017886,5.333333333333333,0.4474139942638703,6.733557887848042e-16,24
96,3,8,random,1,722485,17,1.0899798330642114,5.666666666666667,0.4948529513900273,6.740424483360185e-16,24
96,3,8,random,1,722485,18,1.148021377852824,6.0,0.5251512496593569,6.741111127002694e-16,24
96,3,8,random,1,722485,19,1.1546218533179968,6.333333333333333,0.528901009856132,6.747548461299746e-16,24
96,3,8,random,1,722485,20,1.1982281526662544,6.666666666666667,0.5532915989309571,6.751856829008331e-16,24
96,3,8,random,1,722485,21,1.2248727808962694,7.0,0.5679720439857641,6.782520692982714e-16,24
96,3,8,random,1,722485,22,1.27919346373381,7.333333333333333,0.5985625281696838,6.800717988761587e-16,24
96,3,8,random,1,722485,23,1.3374553000771057,7.666666666666667,0.6335178544632141,6.801066710819779e-16,24
96,3,8,random,1,722485,24,1.3863570310877544,8.0,0.6618687720150256,6.80230421229639e-16,24
96,3,8,random,2,722486,0,0.0,0.0,0.0,0.0,24
96,3,8,random,2,722486,1,0.08085887871204996,0.3333333333333333,0.03158170482992057,3.3306690738754696e-16,24
96,3,8,random,2,722486,2,0.0946738447981791,0.6666666666666666,0.036838223945188826,1.1102230246251565e-16,24
96,3,8,random,2,722486,3,0.11706960770714739,1.0,0.0457893919863636,2.2236954855829663e-16,24
96,3,8,random,2,722486,4,0.25177614961315786,1.3333333333333333,0.10000374746080552,2.397945603025279e-16,24
96,3,8,random,2,722486,5,0.30641154036720675,1.6666666666666667,0.12222145861359458,2.5757900315794763e-16,24
96,3,8,random,2,722486,6,0.4475676216394887,2.0,0.18432017078356758,2.5758986685133465e-16,24
96,3,8,random,2,722486,7,0.48857732782020835,2.3333333333333335,0.20353541215478071,2.8492015694473725e-16,24
96,3,8,random,2,722486,8,0.5094810041846223,2.6666666666666665,0.21239990960070732,4.691569095931129e-16,24
96,3,8,random,2,722486,9,0.532952683449648,3.0,0.2226898122846703,4.692907539488593e-16,24
96,3,8,random,2,722486,10,0.5783631415838035,3.3333333333333335,0.24502026423758713,4.710801977910349e-16,24
96,3,8,random,2,722486,11,0.673458283955116,3.6666666666666665,0.28812766180762456,4.716590354030791e-16,24
96,3,8,random,2,722486,12,0.7424887682857826,4.0,0.3212844099231693,4.717772814376497e-16,24
96,3,8,random,2,722486,13,0.8335262091951141,4.333333333333333,0.36857388524561824,4.830021768276693e-16,24
96,3,8,random,2,722486,14,0.9002772218224928,4.666666666666667,0.40522730721310174,4.830519878827211e-16,24
96,3,8,random,2,722486,15,0.905511945972998,5.0,0.4079348759025416,4.83143199138697e-16,24
96,3,8,random,2,722486,16,0.9330005051761892,5.333333333333333,0.4221182386336368,4.831762601998015e-16,24
96,3,8,random,2,722486,17,0.9740006277283031,5.666666666666667,0.44414800219251604,4.83849663364724e-16,24
96,3,8,random,2,722486,18,1.1658660678122437,6.0,0.5532953450117977,4.855553153017356e-16,24
96,3,8,random,2,722486,19,1.2318716820937299,6.333333333333333,0.5868570277580228,4.855606608284122e-16,24
96,3,8,random,2,722486,20,1.266159032205501,6.666666666666667,0.6084455815620954,4.858565217968753e-16,24
96,3,8,random,2,722486,21,1.273888300667502,7.0,0.6127046953453307,4.858587497136545e-16,24
96,3,8,random,2,722486,22,1.3030777773344333,7.333333333333333,0.6288791631220197,4.864902079610373e-16,24
96,3,8,random,2,722486,23,1.3663086256016188,7.666666666666667,0.6677003113338724,4.877328763073672e-16,24
96,3,8,random,2,722486,24,1.4633778163136202,8.0,0.7224849134153821,4.884806565890957e-16,24
96,3,8,random,3,722487,0,0.0,0.0,0.0,0.0,24
96,3,8,random,3,722487,1,0.13308944801671987,0.3333333333333333,0.05338206558657033,0.0,24
96,3,8,random,3,722487,2,0.3620460453838087,0.6666666666666666,0.1546474579157949,0.0,24
96,3,8,random,3,722487,3,0.3955511351930403,1.0,0.1699424529310795,1.868354362588068e-17,24
96,3,8,random,3,722487,4,0.4364492466717339,1.3333333333333333,0.1861940964917303,2.2318044224761157e-16,24
96,3,8,random,3,722487,5,0.45023499758334845,1.6666666666666667,0.19273257586728182,2.232971911019873e-16,24
96,3,8,random,3,722487,6,0.4734639443951194,2.0,0.2027401972440093,2.236080210492835e-16,24
96,3,8,random,3,722487,7,0.49330296856411393,2.3333333333333335,0.21068150192834897,2.261134405957308e-16,24
96,3,8,random,3,722487,8,0.5493660758759427,2.6666666666666665,0.23504590690977448,4.560845467431481e-16,24
96,3,8,random,3,722487,9,0.5792606611419837,3.0,0.24822940187428577,4.560941941612877e-16,24
96,3,8,random,3,722487,10,0.7074705602674025,3.3333333333333335,0.31541454283145415,4.717003223221135e-16,24
96,3,8,random,3,722487,11,0.7592647481919202,3.6666666666666665,0.33858773648862917,4.732946632758367e-16,24
96,3,8,random,3,722487,12,0.8314009684123189,4.0,0.3776874965766602,4.743516515583207e-16,24
96,3,8,random,3,722487,13,0.8626440204701402,4.333333333333333,0.3936123027467867,6.73257953453762e-16,24
96,3,8,random,3,722487,14,0.8771652724648601,4.666666666666667,0.4022699221426869,7.887658013472441e-16,24
96,3,8,random,3,722487,15,0.9522136751328777,5.0,0.4438307510273277,7.887739741640432e-16,24
96,3,8,random,3,722487,16,0.9776201432532885,5.333333333333333,0.45721923363538414,7.893381761258785e-16,24
96,3,8,random,3,722487,17,1.0658744135954,5.666666666666667,0.4991699667523852,7.8997766078255e-16,24
96,3,8,random,3,722487,18,1.089410743712628,6.0,0.5108704189213579,7.902685429509069e-16,24
96,3,8,random,3,722487,19,1.2161970646153648,6.333333333333333,0.5763210968936199,7.903724284772355e-16,24
96,3,8,random,3,722487,20,1.2225754233806667,6.666666666666667,0.5797514920139819,7.903821323292094e-16,24
96,3,8,random,3,722487,21,1.369276309859131,7.0,0.66960070195596,7.903956095630512e-16,24
96,3,8,random,3,722487,22,1.3998082668666998,7.333333333333333,0.6861622565892983,7.90635852822552e-16,24
96,3,8,random,3,722487,23,1.4179898796464916,7.666666666666667,0.6972627943071434,7.910966655401263e-16,24
96,3,8,random,3,722487,24,1.427167492449147,8.0,0.7033734176958057,7.910975228126174e-16,24
96,3,8,random,4,722488,0,0.0,0.0,0.0,0.0,24
96,3,8,random,4,722488,1,0.06023538639757581,0.3333333333333333,0.023282444191362463,1.1102230246251565e-16,24
96,3,8,random,4,722488,2,0.09351436499871868,0.6666666666666666,0.03599968682065446,2.498001805406602e-16,24
96,3,8,random,4,722488,3,0.14851078861029604,1.0,0.05818449834012322,2.498001805406602e-16,24
96,3,8,random,4,722488,4,0.1998513703917796,1.3333333333333333,0.07814048480083237,2.226775020853827e-16,24
96,3,8,random,4,722488,5,0.3457884249514582,1.6666666666666667,0.1433216062612281,2.6729622113367715e-16,24
96,3,8,random,4,722488,6,0.388057547861579,2.0,0.16077632360055422,2.684911206089247e-16,24
96,3,8,random,4,722488,7,0.391566014251356,2.3333333333333335,0.16223045154872082,2.7534881601899736e-16,24
96,3,8,random,4,722488,8,0.616844149721003,2.6666666666666665,0.26429525818001587,4.596323306232154e-16,24
96,3,8,random,4,722488,9,0.6524913987489314,3.0,0.2825154873543647,4.607282308302206e-16,24
96,3,8,random,4,722488,10,0.6736624951079815,3.3333333333333335,0.29272824850718443,4.609608155735922e-16,24
96,3,8,random,4,722488,11,0.7068813418317887,3.6666666666666665,0.3092423297545095,4.620087183724723e-16,24
96,3,8,random,4,722488,12,0.8044284628331322,4.0,0.3538474378615937,4.62035366591175e-16,24
96,3,8,random,4,722488,13,0.958695522817129,4.333333333333333,0.43165569977180246,4.621139593945096e-16,24
96,3,8,random,4,722488,14,1.032702662647952,4.666666666666667,0.47009308851100257,4.628105860172079e-16,24
96,3,8,random,4,722488,15,1.0913107169629463,5.0,0.5008488551304202,5.075747501367383e-16,24
96,3,8,random,4,722488,16,1.1307582418026105,5.333333333333333,0.5224215922605561,5.07614832344299e-16,24
96,3,8,random,4,722488,17,1.2742817042024244,5.666666666666667,0.6021048951460707,5.076438844990592e-16,24
96,3,8,random,4,722488,18,1.3400868520166316,6.0,0.6392248026024453,5.086526042748989e-16,24
96,3,8,random,4,722488,19,1.3585099079290561,6.333333333333333,0.6506550316761559,5.089455637233737e-16,24
96,3,8,random,4,722488,20,1.3812713378498989,6.666666666666667,0.6634814810569396,5.091600935342117e-16,24
96,3,8,random,4,722488,21,1.3959084954016912,7.0,0.6717480797931239,5.898748820610372e-16,24
96,3,8,random,4,722488,22,1.4587757135732762,7.333333333333333,0.7116236310217993,5.91984049172578e-16,24
96,3,8,random,4,722488,23,1.484635006910032,7.666666666666667,0.728114843716201,5.972289033296068e-16,24
96,3,8,random,4,722488,24,1.518574932779674,8.0,0.7481573813810318,5.973864897451188e-16,24
96,3,8,random,5,722489,0,0.0,0.0,0.0,0.0,24
96,3,8,random,5,722489,1,0.09981097944747969,0.3333333333333333,0.03936076417501444,1.1102230246251565e-16,24
96,3,8,random,5,722489,2,0.34314126295324,0.6666666666666666,0.1476607494599822,2.229086047453109e-16,24
96,3,8,random,5,722489,3,0.38991545816764994,1.0,0.16684387004734522,2.249961715611695e-16,24
96,3,8,random,5,722489,4,0.4045742059255798,1.3333333333333333,0.1740122615054159,2.3125111754220835e-16,24
96,3,8,random,5,722489,5,0.4712804411359106,1.6666666666666667,0.20036533328881065,2.7322017777048527e-16,24
96,3,8,random,5,722489,6,0.5096294354568452,2.0,0.21860362861705135,2.736229135842292e-16,24
96,3,8,random,5,722489,7,0.6263831150005739,2.3333333333333335,0.2695483024501158,2.7400513280737317e-16,24
96,3,8,random,5,722489,8,0.7210649240044501,2.6666666666666665,0.3154931554734448,3.525867453821724e-16,24
96,3,8,random,5,722489,9,0.7622386898567,3.0,0.3338617727972683,3.5288060682151806e-16,24
96,3,8,random,5,722489,10,0.811289704470761,3.3333333333333335,0.358606160591052,3.685402122306942e-16,24
96,3,8,random,5,722489,11,0.9088168143159814,3.6666666666666665,0.4108666080118222,3.701745183170252e-16,24
96,3,8,random,5,722489,12,0.9245609634393552,4.0,0.41955800156736167,6.760951385628254e-16,24
96,3,8,random,5,722489,13,0.974761958930797,4.333333333333333,0.44263651793381426,6.761644405682454e-16,24
96,3,8,random,5,722489,14,1.0542978171514896,4.666666666666667,0.49060224547131576,6.778467969118847e-16,24
96,3,8,random,5,722489,15,1.0752951265995139,5.0,0.5025893822185435,6.77851798479193e-16,24
96,3,8,random,5,722489,16,1.1317605217417848,5.333333333333333,0.5334633674347409,6.780061424287215e-16,24
96,3,8,random,5,722489,17,1.1879312494154473,5.666666666666667,0.560855566866431,6.80815000839245e-16,24
96,3,8,random,5,722489,18,1.1939155689211254,6.0,0.5638930328591493,6.940112712043783e-16,24
96,3,8,random,5,722489,19,1.2132212901886368,6.333333333333333,0.5760381083976337,6.941929163165274e-16,24
96,3,8,random,5,722489,20,1.2630955735166234,6.666666666666667,0.6053251993432363,6.951441922721207e-16,24
96,3,8,random,5,722489,21,1.2849375060443193,7.0,0.6165211593525294,7.013579769649365e-16,24
96,3,8,random,5,722489,22,1.398119220634912,7.333333333333333,0.6782220601293382,7.015022901088572e-16,24
96,3,8,random,5,722489,23,1.4746445458135569,7.666666666666667,0.7203982368602997,7.01635506733803e-16,24
96,3,8,random,5,722489,24,1.492696729960052,8.0,0.7316216873441609,7.084366369128253e-16,24
96,3,8,random,6,722490,0,0.0,0.0,0.0,0.0,24
96,3,8,random,6,722490,1,0.0004938853223199255,0.3333333333333333,0.0001852527389085765,1.1102230246251565e-16,24
96,3,8,random,6,722490,2,0.06371344800939556,0.6666666666666666,0.02466131595440871,2.2375303867530146e-16,24
96,3,8,random,6,722490,3,0.15768922961530124,1.0,0.061636232486492235,2.237675028920393e-16,24
96,3,8,random,6,722490,4,0.18287324774547278,1.3333333333333333,0.07155069446094896,2.3039594648442387e-16,24
96,3,8,random,6,722490,5,0.2031050655525246,1.6666666666666667,0.07944620854647727,2.338408815224414e-16,24
96,3,8,random,6,722490,6,0.3690195418751697,2.0,0.15035277359928848,2.3392275450179387e-16,24
96,3,8,random,6,722490,7,0.4452643746536416,2.3333333333333335,0.18614268520044408,2.356349748148345e-16,24
96,3,8,random,6,722490,8,0.5247738544498052,2.6666666666666665,0.2248502781575692,2.7155312138379986e-16,24
96,3,8,random,6,722490,9,0.576270662307873,3.0,0.24758932335226788,3.406924309614507e-16,24
96,3,8,random,6,722490,10,0.577538528238873,3.3333333333333335,0.24814540330730023,3.4630272878936616e-16,24
96,3,8,random,6,722490,11,0.5955199872997672,3.6666666666666665,0.2569561002848606,3.463204330018871e-16,24
96,3,8,random,6,722490,12,0.6420699680845336,4.0,0.27796863263804655,3.5019243213974185e-16,24
96,3,8,random,6,722490,13,0.6618352448091028,4.333333333333333,0.2886805820216322,3.530206203301724e-16,24
96,3,8,random,6,722490,14,0.8042300106946613,4.666666666666667,0.35588533473453654,4.630851332113101e-16,24
96,3,8,random,6,722490,15,0.8514819041886079,5.0,0.3806200057557099,4.651794505853589e-16,24
96,3,8,random,6,722490,16,0.8814449688603546,5.333333333333333,0.39619477371845,4.652565397227691e-16,24
96,3,8,random,6,722490,17,0.9042544528272571,5.666666666666667,0.4084189482335355,4.972153628998102e-16,24
96,3,8,random,6,722490,18,0.9319516583983644,6.0,0.42281783101525605,5.770400380197718e-16,24
96,3,8,random,6,722490,19,1.0862092753762707,6.333333333333333,0.5013801588623669,5.80781556681347e-16,24
96,3,8,random,6,722490,20,1.1093398738151183,6.666666666666667,0.5130914310204375,5.810543378379776e-16,24
96,3,8,random,6,722490,21,1.1711893481282323,7.0,0.54424286655827,5.811620017714704e-16,24
96,3,8,random,6,722490,22,1.2426008013866907,7.333333333333333,0.585719907522695,5.812816115231223e-16,24
96,3,8,random,6,722490,23,1.338439897422244,7.666666666666667,0.6374924253696438,5.852950787410016e-16,24
96,3,8,random,6,722490,24,1.400117686409009,8.0,0.673007894173801,5.88229342539941e-16,24
96,3,8,random,7,722491,0,0.0,0.0,0.0,0.0,24
96,3,8,random,7,722491,1,0.1746924041948028,0.3333333333333333,0.07157994398339257,1.1102230246251565e-16,24
96,3,8,random,7,722491,2,0.29246406716608225,0.6666666666666666,0.12466981459836955,1.3877787807814457e-17,24
96,3,8,random,7,722491,3,0.3222685908253615,1.0,0.13910777390197032,2.4315863871681587e-16,24
96,3,8,random,7,722491,4,0.3540680963445847,1.3333333333333333,0.15218428209126,3.351831021420177e-16,24
96,3,8,random,7,722491,5,0.35824568452693595,1.6666666666666667,0.15385544761089825,3.396056995142706e-16,24
96,3,8,random,7,722491,6,0.3806688668768109,2.0,0.16347102819624712,3.428674976249327e-16,24
96,3,8,random,7,722491,7,0.4572572056903177,2.3333333333333335,0.19754317862187584,3.4363180382672347e-16,24
96,3,8,random,7,722491,8,0.4744642821519553,2.6666666666666665,0.20533644148979555,4.529892147690253e-16,24
96,3,8,random,7,722491,9,0.511365409327177,3.0,0.22376599667203523,4.52995318296867e-16,24
96,3,8,random,7,722491,10,0.6907549728725766,3.3333333333333335,0.3068990796283132,4.530335614692261e-16,24
96,3,8,random,7,722491,11,0.7973383651265138,3.6666666666666665,0.3562717257477388,4.575327852884492e-16,24
96,3,8,random,7,722491,12,0.8359746516126348,4.0,0.3786977446276655,4.597257296162125e-16,24
96,3,8,random,7,722491,13,0.8442485539640681,4.333333333333333,0.3828779147783561,5.742209117551732e-16,24
96,3,8,random,7,722491,14,0.8799574779613197,4.666666666666667,0.4015825595892495,5.745078275428168e-16,24
96,3,8,random,7,722491,15,0.9043752970271837,5.0,0.4134509052510148,5.749171153819383e-16,24
96,3,8,random,7,722491,16,1.0179455822705252,5.333333333333333,0.48551025367144374,5.750829403368024e-16,24
96,3,8,random,7,722491,17,1.077952324885247,5.666666666666667,0.5251506019109962,5.911940287158078e-16,24
96,3,8,random,7,722491,18,1.1657076829603215,6.0,0.5698924128244908,5.917185056672521e-16,24
96,3,8,random,7,722491,19,1.2550929591992337,6.333333333333333,0.6200221754717167,5.917616851261775e-16,24
96,3,8,random,7,722491,20,1.3120257763832384,6.666666666666667,0.6532372043931403,5.936265802776469e-16,24
96,3,8,random,7,722491,21,1.3871147689629941,7.0,0.6884296303515917,5.936832695465332e-16,24
96,3,8,random,7,722491,22,1.3956347274092584,7.333333333333333,0.6929201211197292,5.940719412516106e-16,24
96,3,8,random,7,722491,23,1.4715393973518283,7.666666666666667,0.740706953498295,5.96499915936572e-16,24
96,3,8,random,7,722491,24,1.4970870979941981,8.0,0.7562954256108042,5.96825455867925e-16,24
96,3,8,krylov,0,722492,0,0.0,0.0,0.0,0.0,24
96,3,8,krylov,0,722492,1,0.11891123002206949,0.3333333333333333,0.047351225585022215,2.220446049250313e-16,24
96,3,8,krylov,0,722492,2,0.30708874731652597,0.6666666666666666,0.1347981042331659,2.2294566903743394e-16,24
96,3,8,krylov,0,722492,3,0.5366893702973985,1.0,0.2663756971786472,2.232346469833473e-16,24
96,3,8,krylov,0,722492,4,0.6921776504964066,1.3333333333333333,0.37427320483415943,2.387600929771049e-16,24
96,3,8,krylov,0,722492,5,0.8079597305737195,1.6666666666666667,0.46624737159014945,2.3892371185705555e-16,24
96,3,8,krylov,0,722492,6,0.8870191979356332,2.0,0.5354556822528941,2.516791968853683e-16,24
96,3,8,krylov,0,722492,7,0.9605257683728281,2.3333333333333335,0.6049012432013555,2.6277443720486073e-16,24
96,3,8,krylov,0,722492,8,1.0094303940903284,2.6666666666666665,0.6540140811656088,6.695116386894444e-16,24
96,3,8,krylov,0,722492,9,1.0453441036010387,3.0,0.6916414183806792,6.695402088462816e-16,24
96,3,8,krylov,0,722492,10,1.0746791632679067,3.3333333333333335,0.7233948757393098,6.759196999873058e-16,24
96,3,8,krylov,0,722492,11,1.1045633863835085,3.6666666666666665,0.7567149457612256,6.769256851644188e-16,24
96,3,8,krylov,0,722492,12,1.1320199488492466,4.0,0.7882184578510407,6.772612233272263e-16,24
96,3,8,krylov,0,722492,13,1.152355854171281,4.333333333333333,0.8121157209669803,6.775597193589131e-16,24
96,3,8,krylov,0,722492,14,1.1721263988211548,4.666666666666667,0.8358191884794035,6.775627213159684e-16,24
96,3,8,krylov,0,722492,15,1.1872539918913623,5.0,0.8542752141056734,6.821979810644514e-16,24
96,3,8,krylov,0,722492,16,1.2048983495401082,5.333333333333333,0.8761574670791458,6.822323542018523e-16,24
96,3,8,krylov,0,722492,17,1.2207107886285713,5.666666666666667,0.8960985614948587,6.835230104984455e-16,24
96,3,8,krylov,0,722492,18,1.2357286943998944,6.0,0.9153318603680507,6.844146939030134e-16,24
96,3,8,krylov,0,722492,19,1.2486616419933982,6.333333333333333,0.9321280325924121,6.847023195013947e-16,24
96,3,8,krylov,0,722492,20,1.2580630699663062,6.666666666666667,0.9444748505608851,6.878624629050189e-16,24
96,3,8,krylov,0,722492,21,1.2656096972535984,7.0,0.9544701032593248,6.894553463039922e-16,24
96,3,8,krylov,0,722492,22,1.2743687543120663,7.333333333333333,0.9661661561709838,6.90322304574849e-16,24
96,3,8,krylov,0,722492,23,1.2784373663019326,7.666666666666667,0.9716339565107464,7.182486779276378e-16,24
96,3,8,krylov,0,722492,24,1.2813815134923738,8.0,0.9756044871356052,7.18298074032104e-16,24
96,3,8,krylov,1,722493,0,0.0,0.0,0.0,0.0,24
96,3,8,krylov,1,722493,1,0.06312767053343891,0.3333333333333333,0.024436057671078815,2.220446049250313e-16,24
96,3,8,krylov,1,722493,2,0.13571231693088429,0.6666666666666666,0.05450713039355234,2.2339168529382264e-16,24
96,3,8,krylov,1,722493,3,0.23191041504827808,1.0,0.09787753370200902,2.4345283201608415e-16,24
96,3,8,krylov,1,722493,4,0.30419354403527316,1.3333333333333333,0.13332426964388125,2.4298998046088423e-16,24
96,3,8,krylov,1,722493,5,0.365308160141196,1.6666666666666667,0.1653592445827198,2.673135707999525e-16,24
96,3,8,krylov,1,722493,6,0.419916099358381,2.0,0.19568770028408763,2.69364917541064e-16,24
96,3,8,krylov,1,722493,7,0.46757581245431074,2.3333333333333335,0.22354507678329877,2.6937527571771474e-16,24
96,3,8,krylov,1,722493,8,0.5053739693999477,2.6666666666666665,0.2466019868337732,4.549567003937696e-16,24
96,3,8,krylov,1,722493,9,0.5486374085094072,3.0,0.27408484138146494,4.55059177772677e-16,24
96,3,8,krylov,1,722493,10,0.5874390823691836,3.3333333333333335,0.299765422560141,4.550596232364902e-16,24
96,3,8,krylov,1,722493,11,0.6207148423953172,3.6666666666666665,0.32259650905855514,5.656058501156335e-16,24
96,3,8,krylov,1,722493,12,0.6469349883756158,4.0,0.34112949843730656,5.711862251570467e-16,24
96,3,8,krylov,1,722493,13,0.6842576440845487,4.333333333333333,0.36836239397460124,5.720389258988473e-16,24
96,3,8,krylov,1,722493,14,0.7289312002540689,4.666666666666667,0.40232398006580067,5.725610365046958e-16,24
96,3,8,krylov,1,722493,15,0.778686444970825,5.0,0.44197824854792317,5.733566352201961e-16,24
96,3,8,krylov,1,722493,16,0.8240329969944367,5.333333333333333,0.4798782173679433,5.734685845085908e-16,24
96,3,8,krylov,1,722493,17,0.8705273497468597,5.666666666666667,0.5205637208678568,5.734708776700856e-16,24
96,3,8,krylov,1,722493,18,0.9167704426635813,6.0,0.5629498367522324,5.734711595671314e-16,24
96,3,8,krylov,1,722493,19,0.9737305811791439,6.333333333333333,0.6179264642255996,5.756133293601392e-16,24
96,3,8,krylov,1,722493,20,1.0112438724910082,6.666666666666667,0.6558818690604162,5.812392681621933e-16,24
96,3,8,krylov,1,722493,21,1.04287771175472,7.0,0.6890139042550965,5.823921217311649e-16,24
96,3,8,krylov,1,722493,22,1.068515501548206,7.333333333333333,0.716645562898788,5.824168207454651e-16,24
96,3,8,krylov,1,722493,23,1.0870777133771587,7.666666666666667,0.737098154496907,5.827949371735256e-16,24
96,3,8,krylov,1,722493,24,1.1026683408401736,8.0,0.7545723252199038,5.833479504637516e-16,24
96,3,8,krylov,2,722494,0,0.0,0.0,0.0,0.0,24
96,3,8,krylov,2,722494,1,0.1358880861066185,0.3333333333333333,0.05458263114299146,0.0,24
96,3,8,krylov,2,722494,2,0.24000598034555573,0.6666666666666666,0.10172128232000392,2.7755575615628914e-17,24
96,3,8,krylov,2,722494,3,0.3430783359428132,1.0,0.15347968305517812,5.589841339474192e-17,24
96,3,8,krylov,2,722494,4,0.44655630061427437,1.3333333333333333,0.21109525442747115,2.786418235771491e-16,24
96,3,8,krylov,2,722494,5,0.5669338941904989,1.6666666666666667,0.28607012280365524,2.790114008192357e-16,24
96,3,8,krylov,2,722494,6,0.6842676348182573,2.0,0.3683698207474277,2.833463691962054e-16,24
96,3,8,krylov,2,722494,7,0.7720032242567237,2.3333333333333335,0.43653640736229554,2.833516136555238e-16,24
96,3,8,krylov,2,722494,8,0.8534069629659295,2.6666666666666665,0.5053618260532937,6.769888934706383e-16,24
96,3,8,krylov,2,722494,9,0.9300287478021334,3.0,0.5754682650875674,6.781136955945851e-16,24
96,3,8,krylov,2,722494,10,0.9850757565943025,3.3333333333333335,0.629255532755195,6.782396006617488e-16,24
96,3,8,krylov,2,722494,11,1.0300078274548188,3.6666666666666665,0.6754079100004327,6.783833941274836e-16,24
96,3,8,krylov,2,722494,12,1.066200985555154,4.0,0.7141218534942275,6.803556060104988e-16,24
96,3,8,krylov,2,722494,13,1.1000141412972522,4.333333333333333,0.7515781901443327,6.84884510787521e-16,24
96,3,8,krylov,2,722494,14,1.1329620354855834,4.666666666666667,0.7893148267714885,6.852990191975844e-16,24
96,3,8,krylov,2,722494,15,1.15404491577045,5.0,0.8141225268773298,6.865946863906196e-16,24
96,3,8,krylov,2,722494,16,1.1740826921681844,5.333333333333333,0.8381902244670661,6.87221976099571e-16,24
96,3,8,krylov,2,722494,17,1.192548401760506,5.666666666666667,0.8608007601458033,6.879813395526541e-16,24
96,3,8,krylov,2,722494,18,1.2159693450212032,6.0,0.8900859847570929,6.895722794752367e-16,24
96,3,8,krylov,2,722494,19,1.2355809189830966,6.333333333333333,0.9151411951277421,6.90958721384525e-16,24
96,3,8,krylov,2,722494,20,1.2502631766364924,6.666666666666667,0.9342231206498105,6.967383424331789e-16,24
96,3,8,krylov,2,722494,21,1.2572580321338616,7.0,0.9434130508390428,6.98283594583909e-16,24
96,3,8,krylov,2,722494,22,1.2633559941165253,7.333333333333333,0.9514772460895325,7.013465213806931e-16,24
96,3,8,krylov,2,722494,23,1.26966239619054,7.666666666666667,0.9598689779509382,7.045179342169277e-16,24
96,3,8,krylov,2,722494,24,1.2735701644539645,8.0,0.965095542028332,7.046164310034421e-16,24
96,3,8,krylov,3,722495,0,0.0,0.0,0.0,0.0,24
96,3,8,krylov,3,722495,1,0.07314565238753576,0.3333333333333333,0.028457711642591407,0.0,24
96,3,8,krylov,3,722495,2,0.15281433125554372,0.6666666666666666,0.06191573797568484,2.229086047453109e-16,24
96,3,8,krylov,3,722495,3,0.21851865251765268,1.0,0.09158708417784503,2.229086047453109e-16,24
96,3,8,krylov,3,722495,4,0.3042694487907236,1.3333333333333333,0.13336285533765826,2.2748536024956445e-16,24
96,3,8,krylov,3,722495,5,0.4052760887728597,1.6666666666666667,0.1873936866718448,4.489271542888091e-16,24
96,3,8,krylov,3,722495,6,0.5067036582212906,2.0,0.24742907380928095,4.497810615652162e-16,24
96,3,8,krylov,3,722495,7,0.6058019836205286,2.3333333333333335,0.3122705370863014,4.49785003055355e-16,24
96,3,8,krylov,3,722495,8,0.6794421397625854,2.6666666666666665,0.36479133428112276,3.423933932709485e-16,24
96,3,8,krylov,3,722495,9,0.7718465158106724,3.0,0.43640924271713033,3.4269171820161244e-16,24
96,3,8,krylov,3,722495,10,0.8445549405636952,3.3333333333333335,0.49760323372598697,3.4682511969485455e-16,24
96,3,8,krylov,3,722495,11,0.9054344638056954,3.6666666666666665,0.5523772955030345,3.469809563691499e-16,24
96,3,8,krylov,3,722495,12,0.951299182329521,4.0,0.5959016815263056,4.635172207316524e-16,24
96,3,8,krylov,3,722495,13,0.9890336966977338,4.333333333333333,0.6332381923673526,4.635278881875951e-16,24
96,3,8,krylov,3,722495,14,1.0306061826053918,4.666666666666667,0.6760366150592813,4.635279391824681e-16,24
96,3,8,krylov,3,722495,15,1.0770861735726567,5.0,0.7260419079628092,4.636053831233303e-16,24
96,3,8,krylov,3,722495,16,1.1050186775844892,5.333333333333333,0.7572303229324916,4.70099360004822e-16,24
96,3,8,krylov,3,722495,17,1.1304208509558902,5.666666666666667,0.7863598441142908,4.701337433014445e-16,24
96,3,8,krylov,3,722495,18,1.1477379950673474,6.0,0.8066464257640312,4.706894128560153e-16,24
96,3,8,krylov,3,722495,19,1.1647405279428118,6.333333333333333,0.8269091788906388,4.710502755770331e-16,24
96,3,8,krylov,3,722495,20,1.175024187798896,6.666666666666667,0.8393329756258228,4.728876789910858e-16,24
96,3,8,krylov,3,722495,21,1.187879817169069,7.0,0.8550447663854364,4.737178949001416e-16,24
96,3,8,krylov,3,722495,22,1.1983020704366458,7.333333333333333,0.8679316429658259,4.892516147892957e-16,24
96,3,8,krylov,3,722495,23,1.2072327111117167,7.666666666666667,0.8790815325755617,4.914089897765977e-16,24
96,3,8,krylov,3,722495,24,1.2211678340373044,8.0,0.8966796440368744,4.92635466078383e-16,24
96,3,8,krylov,4,722496,0,0.0,0.0,0.0,0.0,24
96,3,8,krylov,4,722496,1,0.13947525326156401,0.3333333333333333,0.05612638304042734,0.0,24
96,3,8,krylov,4,722496,2,0.27262146455155734,0.6666666666666666,0.11752611792309793,3.122502256758253e-17,24
96,3,8,krylov,4,722496,3,0.38154016225068355,1.0,0.1742019300719326,5.104427117720948e-17,24
96,3,8,krylov,4,722496,4,0.46072795211137657,1.3333333333333333,0.2194603255537525,2.273425594327811e-16,24
96,3,8,krylov,4,722496,5,0.5534678666647979,1.6666666666666667,0.2772278034090248,2.3200980163464245e-16,24
96,3,8,krylov,4,722496,6,0.6697460885034336,2.0,0.35765294261390373,2.3280263437898146e-16,24
96,3,8,krylov,4,722496,7,0.7652764055425711,2.3333333333333335,0.4310956690164396,2.353633905675638e-16,24
96,3,8,krylov,4,722496,8,0.8491385378362435,2.6666666666666665,0.5016120759686958,5.610290391228814e-16,24
96,3,8,krylov,4,722496,9,0.9330102943272657,3.0,0.5783063592930815,5.619734690547666e-16,24
96,3,8,krylov,4,722496,10,0.9858222028508894,3.3333333333333335,0.6300054353844626,5.629328359197774e-16,24
96,3,8,krylov,4,722496,11,1.033555777810071,3.6666666666666665,0.679141324185635,5.63395731442077e-16,24
96,3,8,krylov,4,722496,12,1.0683262506592914,4.0,0.716438987553531,5.638734675924519e-16,24
96,3,8,krylov,4,722496,13,1.0930387211096868,4.333333333333333,0.7437471779466517,5.666967670369608e-16,24
96,3,8,krylov,4,722496,14,1.1199321131932845,4.666666666666667,0.7742423051963646,5.684937765128565e-16,24
96,3,8,krylov,4,722496,15,1.1425528006897445,5.0,0.8005352169559011,5.695111346212721e-16,24
96,3,8,krylov,4,722496,16,1.1591397950340894,5.333333333333333,0.820196422324687,5.755345439278693e-16,24
96,3,8,krylov,4,722496,17,1.1704908450195834,5.666666666666667,0.8338404471627134,5.86087873702268e-16,24
96,3,8,krylov,4,722496,18,1.1816633442492541,6.0,0.8474219444863472,5.890219914952237e-16,24
96,3,8,krylov,4,722496,19,1.1944595539553116,6.333333333333333,0.8631648218021487,5.89177946494016e-16,24
96,3,8,krylov,4,722496,20,1.2058215942365396,6.666666666666667,0.8773131249704482,5.942018202564903e-16,24
96,3,8,krylov,4,722496,21,1.2151338638420428,7.0,0.8890294706370968,6.017947571198581e-16,24
96,3,8,krylov,4,722496,22,1.222396076047143,7.333333333333333,0.8982425340058174,6.018749779984386e-16,24
96,3,8,krylov,4,722496,23,1.2275068045316533,7.666666666666667,0.904766387514027,6.037039958686712e-16,24
96,3,8,krylov,4,722496,24,1.231497294326328,8.0,0.9098834852958173,6.037906378657127e-16,24
96,3,8,krylov,5,722497,0,0.0,0.0,0.0,0.0,24
96,3,8,krylov,5,722497,1,0.00318289728353108,0.3333333333333333,0.0011954880298514932,3.3306690738754696e-16,24
96,3,8,krylov,5,722497,2,0.007781054044689071,0.6666666666666666,0.0029292769184059695,2.2226123401387487e-16,24
96,3,8,krylov,5,722497,3,0.012933250870712421,1.0,0.004881467656440383,2.271939965435054e-16,24
96,3,8,krylov,5,722497,4,0.018514515299499483,1.3333333333333333,0.007007614353280998,4.45572963279927e-16,24
96,3,8,krylov,5,722497,5,0.023735334565959217,1.6666666666666667,0.009007222320197057,4.455745018685723e-16,24
96,3,8,krylov,5,722497,6,0.028871140734264937,2.0,0.01098448204651452,4.45974551696912e-16,24
96,3,8,krylov,5,722497,7,0.03337361094646637,2.3333333333333335,0.012726283942359131,4.45974886727294e-16,24
96,3,8,krylov,5,722497,8,0.03899860920396894,2.6666666666666665,0.014913389078438102,5.565794277340348e-16,24
96,3,8,krylov,5,722497,9,0.04523843188300184,3.0,0.017353986013728034,5.565799601904251e-16,24
96,3,8,krylov,5,722497,10,0.052698230619424836,3.3333333333333335,0.020291811954131354,5.727150862258394e-16,24
96,3,8,krylov,5,722497,11,0.06043589639969669,3.6666666666666665,0.023362311811952467,5.72947638278947e-16,24
96,3,8,krylov,5,722497,12,0.07138530803703272,4.0,0.027748111892433015,5.7838119044171835e-16,24
96,3,8,krylov,5,722497,13,0.08372411883068795,4.333333333333333,0.03274832957398681,5.847811332546134e-16,24
96,3,8,krylov,5,722497,14,0.0963800627344426,4.666666666666667,0.0379415628768462,5.848643735454234e-16,24
96,3,8,krylov,5,722497,15,0.10722676412616969,5.0,0.042444996247434426,9.162113401849921e-16,24
96,3,8,krylov,5,722497,16,0.12228896267164355,5.333333333333333,0.048780227143245765,9.163059208499129e-16,24
96,3,8,krylov,5,722497,17,0.13775867782159654,5.666666666666667,0.05538695690172091,9.166555664227777e-16,24
96,3,8,krylov,5,722497,18,0.1588829495051987,6.0,0.06457527449049949,9.16664464787251e-16,24
96,3,8,krylov,5,722497,19,0.1839762224532045,6.333333333333333,0.07574521591822835,9.175698620125256e-16,24
96,3,8,krylov,5,722497,20,0.20370560383391145,6.666666666666667,0.08472644591895645,9.178505929207764e-16,24
96,3,8,krylov,5,722497,21,0.219379842184041,7.0,0.09198907722449366,9.182102625486845e-16,24
96,3,8,krylov,5,722497,22,0.23982843857309633,7.333333333333333,0.10163665189151211,9.23272040331144e-16,24
96,3,8,krylov,5,722497,23,0.261936295542746,7.666666666666667,0.11229140978743493,9.232959514363315e-16,24
96,3,8,krylov,5,722497,24,0.28445147272576193,8.0,0.12338730652315245,9.23373024269472e-16,24
96,3,8,krylov,6,722498,0,0.0,0.0,0.0,0.0,24
96,3,8,krylov,6,722498,1,0.03467141859822386,0.3333333333333333,0.01322980474634973,0.0,24
96,3,8,krylov,6,722498,2,0.0617585864813417,0.6666666666666666,0.02388957031361253,1.3877787807814457e-17,24
96,3,8,krylov,6,722498,3,0.09477301448173442,1.0,0.03727847880650964,1.1704022303750858e-16,24
96,3,8,krylov,6,722498,4,0.12204193832900997,1.3333333333333333,0.048675556039902305,2.462632645756819e-16,24
96,3,8,krylov,6,722498,5,0.16468313512656252,1.6666666666666667,0.06713230112300739,2.484712823479492e-16,24
96,3,8,krylov,6,722498,6,0.23414224332905306,2.0,0.09893409374679689,2.484781217173414e-16,24
96,3,8,krylov,6,722498,7,0.3125214867320833,2.3333333333333335,0.13757524138873617,2.4937789216698647e-16,24
96,3,8,krylov,6,722498,8,0.3865057727786503,2.6666666666666665,0.17693583509410307,4.495889638581127e-16,24
96,3,8,krylov,6,722498,9,0.4465370956867887,3.0,0.21108399861869379,4.614959858989931e-16,24
96,3,8,krylov,6,722498,10,0.5168803626752227,3.3333333333333335,0.2537956911820274,4.677813460411839e-16,24
96,3,8,krylov,6,722498,11,0.5881925151446965,3.6666666666666665,0.30027400451237757,4.684726435543812e-16,24
96,3,8,krylov,6,722498,12,0.6746341228845327,4.0,0.36124294225971254,4.823754110917148e-16,24
96,3,8,krylov,6,722498,13,0.7333374419237764,4.333333333333333,0.40575661433199545,4.825222906338224e-16,24
96,3,8,krylov,6,722498,14,0.786372938954487,4.666666666666667,0.448282143327523,4.836436378954573e-16,24
96,3,8,krylov,6,722498,15,0.8231640303623059,5.0,0.4791356793896028,4.85812569880274e-16,24
96,3,8,krylov,6,722498,16,0.8572889522823013,5.333333333333333,0.5087860233049735,4.85855611260888e-16,24
96,3,8,krylov,6,722498,17,0.9131473782503008,5.666666666666667,0.5595577326935678,4.861471022000188e-16,24
96,3,8,krylov,6,722498,18,0.9564105591187615,6.0,0.6008770304551795,4.863668306504705e-16,24
96,3,8,krylov,6,722498,19,1.0097209579128201,6.333333333333333,0.654313118873096,4.873708420261411e-16,24
96,3,8,krylov,6,722498,20,1.0766692907116593,6.666666666666667,0.725582998124609,4.924475077255482e-16,24
96,3,8,krylov,6,722498,21,1.1250553483791608,7.0,0.7801452519923264,4.964510066409266e-16,24
96,3,8,krylov,6,722498,22,1.1610678685860352,7.333333333333333,0.8225030719164126,5.13460087214652e-16,24
96,3,8,krylov,6,722498,23,1.191291550282953,7.666666666666667,0.8592485178078273,5.139481567664918e-16,24
96,3,8,krylov,6,722498,24,1.2129780015164184,8.0,0.8863073324547643,5.13995428504497e-16,24
96,3,8,krylov,7,722499,0,0.0,0.0,0.0,0.0,24
96,3,8,krylov,7,722499,1,0.022205085714764185,0.3333333333333333,0.008420045087614937,0.0,24
96,3,8,krylov,7,722499,2,0.041116490822272325,0.6666666666666666,0.015740054558715157,1.3877787807814457e-17,24
96,3,8,krylov,7,722499,3,0.05756843520468437,1.0,0.02222165951095,1.3205362189348023e-16,24
96,3,8,krylov,7,722499,4,0.07524647454480343,1.3333333333333333,0.02930619548749955,2.304530246215678e-16,24
96,3,8,krylov,7,722499,5,0.09275813456945425,1.6666666666666667,0.036448623491449055,2.3247903431927547e-16,24
96,3,8,krylov,7,722499,6,0.1126892994150586,2.0,0.04473154375809595,2.326172848722054e-16,24
96,3,8,krylov,7,722499,7,0.13066662547331823,2.3333333333333335,0.05234542816223307,2.326180759497639e-16,24
96,3,8,krylov,7,722499,8,0.14690804490672038,2.6666666666666665,0.05934279426763238,6.702533572749994e-16,24
96,3,8,krylov,7,722499,9,0.165595318519487,3.0,0.06753579086591074,6.702904776014007e-16,24
96,3,8,krylov,7,722499,10,0.18468795936454788,3.3333333333333335,0.07606614211997297,6.708301863822248e-16,24
96,3,8,krylov,7,722499,11,0.20795531021060032,3.6666666666666665,0.08668430554540178,6.709206524442611e-16,24
96,3,8,krylov,7,722499,12,0.23797013253428745,4.0,0.10075173759842819,6.709363333744154e-16,24
96,3,8,krylov,7,722499,13,0.26628254348427477,4.333333333333333,0.1144139081851519,6.709636020335374e-16,24
96,3,8,krylov,7,722499,14,0.30830603078910207,4.666666666666667,0.13541905089717982,6.71458748250079e-16,24
96,3,8,krylov,7,722499,15,0.34886282491680864,5.0,0.15654552657514098,6.744506504076678e-16,24
96,3,8,krylov,7,722499,16,0.39360248382847884,5.333333333333333,0.18086669582763149,6.779626561312001e-16,24
96,3,8,krylov,7,722499,17,0.45589462548800397,5.666666666666667,0.21659403706989044,6.779941232550561e-16,24
96,3,8,krylov,7,722499,18,0.5447481206278634,6.0,0.2715652664259981,6.819665542711285e-16,24
96,3,8,krylov,7,722499,19,0.6273710211834687,6.333333333333333,0.3272553238964805,6.882077425890847e-16,24
96,3,8,krylov,7,722499,20,0.701732066372333,6.666666666666667,0.38146638121702287,6.883140343708154e-16,24
96,3,8,krylov,7,722499,21,0.7510209038142711,7.0,0.41968589009845675,6.886873943687884e-16,24
96,3,8,krylov,7,722499,22,0.7974678187932278,7.333333333333333,0.4574672192171856,6.888039391178621e-16,24
96,3,8,krylov,7,722499,23,0.8498220710946096,7.666666666666667,0.5022114743083178,6.895747169791575e-16,24
96,3,8,krylov,7,722499,24,0.8925954209096537,8.0,0.5405467674663104,6.934582053023777e-16,24
96,3,8,reply_null,0,722500,0,0.0,0.0,0.0,0.0,24
96,3,8,reply_null,0,722500,1,0.029951794878084026,0.3333333333333333,0.011401823236616534,2.220446049250313e-16,24
96,3,8,reply_null,0,722500,2,0.16983095918386645,0.6666666666666666,0.06779035259816199,2.220446049250313e-16,24
96,3,8,reply_null,0,722500,3,0.21099445169937656,1.0,0.08360489441964397,2.2218969198868775e-16,24
96,3,8,reply_null,0,722500,4,0.33766552390179466,1.3333333333333333,0.13632828601139776,2.243462787976859e-16,24
96,3,8,reply_null,0,722500,5,0.3856770555774807,1.6666666666666667,0.15749982512159266,2.438039607579014e-16,24
96,3,8,reply_null,0,722500,6,0.457143598178984,2.0,0.19074708761157433,2.4621054378029617e-16,24
96,3,8,reply_null,0,722500,7,0.5377100458755445,2.3333333333333335,0.2290028800621018,2.6169855289102746e-16,24
96,3,8,reply_null,0,722500,8,0.6209354001092567,2.6666666666666665,0.2666047964416074,4.685974514149215e-16,24
96,3,8,reply_null,0,722500,9,0.6434082461233579,3.0,0.2759882145204575,4.695945751353279e-16,24
96,3,8,reply_null,0,722500,10,0.670930529774534,3.3333333333333335,0.2900904617248908,4.792655356120845e-16,24
96,3,8,reply_null,0,722500,11,0.689455747890915,3.6666666666666665,0.2978853148777967,4.794266512032207e-16,24
96,3,8,reply_null,0,722500,12,0.796023005839344,4.0,0.35040937841377195,4.800876455930564e-16,24
96,3,8,reply_null,0,722500,13,0.8887511639406371,4.333333333333333,0.3923327690298371,4.803409510888988e-16,24
96,3,8,reply_null,0,722500,14,0.956999719250587,4.666666666666667,0.4261633481402132,4.803415461882168e-16,24
96,3,8,reply_null,0,722500,15,0.9995593468825974,5.0,0.4486363545647575,4.854736469245176e-16,24
96,3,8,reply_null,0,722500,16,1.0641148600712071,5.333333333333333,0.48276651421123223,4.872177641901993e-16,24
96,3,8,reply_null,0,722500,17,1.1594024099719062,5.666666666666667,0.5314005678775889,5.297622578916389e-16,24
96,3,8,reply_null,0,722500,18,1.2039477990696885,6.0,0.5566179932244352,5.323114498618268e-16,24
96,3,8,reply_null,0,722500,19,1.2894895627001566,6.333333333333333,0.6050391799180648,5.334263405596176e-16,24
96,3,8,reply_null,0,722500,20,1.34741802877349,6.666666666666667,0.6398880381253643,5.431475727894585e-16,24
96,3,8,reply_null,0,722500,21,1.4294632521897799,7.0,0.6889459244729121,5.435462410054449e-16,24
96,3,8,reply_null,0,722500,22,1.5177890166948806,7.333333333333333,0.7453887194481226,5.541674461275982e-16,24
96,3,8,reply_null,0,722500,23,1.557386454748653,7.666666666666667,0.7699156830835568,5.546097600184237e-16,24
96,3,8,reply_null,0,722500,24,1.6117835559433815,8.0,0.8074015267447229,5.568082739494535e-16,24
96,3,8,reply_null,1,722501,0,0.0,0.0,0.0,0.0,24
96,3,8,reply_null,1,722501,1,0.22876499281336077,0.3333333333333333,0.09639247099213857,0.0,24
96,3,8,reply_null,1,722501,2,0.3600460010463266,0.6666666666666666,0.14908049155863357,0.0,24
96,3,8,reply_null,1,722501,3,0.3946250938252942,1.0,0.16357833073224898,2.27339359936131e-16,24
96,3,8,reply_null,1,722501,4,0.44534559047940975,1.3333333333333333,0.18425661518430364,2.251608950252456e-16,24
96,3,8,reply_null,1,722501,5,0.4912152220294982,1.6666666666666667,0.2048889290158981,2.696904145252844e-16,24
96,3,8,reply_null,1,722501,6,0.56719847102876,2.0,0.23756967887304575,2.7272181238193823e-16,24
96,3,8,reply_null,1,722501,7,0.5824885980267895,2.3333333333333335,0.24458609288236374,2.813259922217377e-16,24
96,3,8,reply_null,1,722501,8,0.7178673853513895,2.6666666666666665,0.31168236071496735,4.717912097728373e-16,24
96,3,8,reply_null,1,722501,9,0.8106236608396045,3.0,0.35646382055263925,6.769970615488067e-16,24
96,3,8,reply_null,1,722501,10,0.980304435342857,3.3333333333333335,0.44160023513605806,6.77346882728511e-16,24
96,3,8,reply_null,1,722501,11,1.1268916199819927,3.6666666666666665,0.5230723593611804,6.810242947677778e-16,24
96,3,8,reply_null,1,722501,12,1.1321436478568787,4.0,0.5262438970176982,6.837011324438085e-16,24
96,3,8,reply_null,1,722501,13,1.1499386312615572,4.333333333333333,0.5356994823649142,6.843374185590021e-16,24
96,3,8,reply_null,1,722501,14,1.1769168244216157,4.666666666666667,0.5521302360609579,6.843906637390751e-16,24
96,3,8,reply_null,1,722501,15,1.185854623837081,5.0,0.5575959954317901,6.846344131069584e-16,24
96,3,8,reply_null,1,722501,16,1.3031661139987074,5.333333333333333,0.6280645372269592,6.846349476890278e-16,24
96,3,8,reply_null,1,722501,17,1.3404749776363825,5.666666666666667,0.6495843915393962,6.857253905142887e-16,24
96,3,8,reply_null,1,722501,18,1.3811543824823322,6.0,0.6711252067240944,6.859754068667285e-16,24
96,3,8,reply_null,1,722501,19,1.4056226760468138,6.333333333333333,0.6875583914213803,6.859759727803512e-16,24
96,3,8,reply_null,1,722501,20,1.4394198799159224,6.666666666666667,0.7053153359514138,6.859803782961178e-16,24
96,3,8,reply_null,1,722501,21,1.478284594739486,7.0,0.7293647224570081,6.99729446856287e-16,24
96,3,8,reply_null,1,722501,22,1.485968574871409,7.333333333333333,0.7343113815605549,6.99757721155691e-16,24
96,3,8,reply_null,1,722501,23,1.5281347300543473,7.666666666666667,0.762278911777966,6.998751931645529e-16,24
96,3,8,reply_null,1,722501,24,1.5687485149905245,8.0,0.7865732531019116,6.999387065490627e-16,24
96,3,8,reply_null,2,722502,0,0.0,0.0,0.0,0.0,24
96,3,8,reply_null,2,722502,1,0.14651218845506364,0.3333333333333333,0.05917089089706482,0.0,24
96,3,8,reply_null,2,722502,2,0.2389395417132688,0.6666666666666666,0.09581560738828074,2.225314285619076e-16,24
96,3,8,reply_null,2,722502,3,0.27815569080492325,1.0,0.11232096555971598,2.2275965736190774e-16,24
96,3,8,reply_null,2,722502,4,0.3627542456053531,1.3333333333333333,0.14968590772470902,2.3900695724649523e-16,24
96,3,8,reply_null,2,722502,5,0.5516681793530442,1.6666666666666667,0.2465169471303068,2.3933426880639064e-16,24
96,3,8,reply_null,2,722502,6,0.6402965135840187,2.0,0.2866763983693072,2.4074300058191044e-16,24
96,3,8,reply_null,2,722502,7,0.6588430465306543,2.3333333333333335,0.2970338302063608,2.4226655480540243e-16,24
96,3,8,reply_null,2,722502,8,0.6823065112451845,2.6666666666666665,0.3077624645980975,4.77322803891189e-16,24
96,3,8,reply_null,2,722502,9,0.7217913874834734,3.0,0.32470365643149335,4.896409250919234e-16,24
96,3,8,reply_null,2,722502,10,0.7687791577212911,3.3333333333333335,0.344950702579709,4.923317485640415e-16,24
96,3,8,reply_null,2,722502,11,0.8056570174666976,3.6666666666666665,0.3645756299100938,4.965782579081725e-16,24
96,3,8,reply_null,2,722502,12,0.81485796221566,4.0,0.3687791975663118,5.211697080722541e-16,24
96,3,8,reply_null,2,722502,13,0.8282678647920838,4.333333333333333,0.374785363596096,5.237203577070895e-16,24
96,3,8,reply_null,2,722502,14,0.9553447852437855,4.666666666666667,0.43665698478583664,5.71113032991926e-16,24
96,3,8,reply_null,2,722502,15,0.9694883041077795,5.0,0.4433470232818375,6.723214935996699e-16,24
96,3,8,reply_null,2,722502,16,0.9894013382463369,5.333333333333333,0.4549732138000307,6.72325753275495e-16,24
96,3,8,reply_null,2,722502,17,1.0200729693098367,5.666666666666667,0.4706700551993878,6.725878075541673e-16,24
96,3,8,reply_null,2,722502,18,1.2284411857901099,6.0,0.589196168484031,6.726011428088628e-16,24
96,3,8,reply_null,2,722502,19,1.263027284261986,6.333333333333333,0.6094119299343413,6.728704411274902e-16,24
96,3,8,reply_null,2,722502,20,1.2849938419081346,6.666666666666667,0.6230173147206538,6.729519662808888e-16,24
96,3,8,reply_null,2,722502,21,1.4217121179012338,7.0,0.7034714888155881,6.729546257718233e-16,24
96,3,8,reply_null,2,722502,22,1.4797003653303453,7.333333333333333,0.7354419816649629,6.730972342886326e-16,24
96,3,8,reply_null,2,722502,23,1.4966428076976446,7.666666666666667,0.7464444402959749,6.765528419534307e-16,24
96,3,8,reply_null,2,722502,24,1.6319295126457114,8.0,0.82688080713706,6.766379628760441e-16,24
96,3,8,reply_null,3,722503,0,0.0,0.0,0.0,0.0,24
96,3,8,reply_null,3,722503,1,0.01759639463516984,0.3333333333333333,0.00665704622515902,0.0,24
96,3,8,reply_null,3,722503,2,0.02493003887961108,0.6666666666666666,0.00942567618796234,0.0,24
96,3,8,reply_null,3,722503,3,0.11377382195872406,1.0,0.04447676557116789,2.223153254012444e-16,24
96,3,8,reply_null,3,722503,4,0.29500616449085376,1.3333333333333333,0.12480003774478511,4.450289682312364e-16,24
96,3,8,reply_null,3,722503,5,0.31389343463271735,1.6666666666666667,0.13273242371800947,4.466353428069093e-16,24
96,3,8,reply_null,3,722503,6,0.36932334776462383,2.0,0.15568118151277488,4.469844984907161e-16,24
96,3,8,reply_null,3,722503,7,0.3903590543063509,2.3333333333333335,0.1650134045230381,4.479514161431512e-16,24
96,3,8,reply_null,3,722503,8,0.4447390510853031,2.6666666666666665,0.18660522420484563,4.463924323804601e-16,24
96,3,8,reply_null,3,722503,9,0.5020979919374884,3.0,0.2124613842472612,4.466551838915292e-16,24
96,3,8,reply_null,3,722503,10,0.5659252487589839,3.3333333333333335,0.24011510067549177,4.467060490309542e-16,24
96,3,8,reply_null,3,722503,11,0.5908379960990366,3.6666666666666665,0.2513511793638574,4.467145058210489e-16,24
96,3,8,reply_null,3,722503,12,0.6505245446339994,4.0,0.2783290633436939,4.473911239420248e-16,24
96,3,8,reply_null,3,722503,13,0.8211766093320501,4.333333333333333,0.367638034895778,5.65754562540715e-16,24
96,3,8,reply_null,3,722503,14,0.856468603289017,4.666666666666667,0.3888252998268115,5.659004576423229e-16,24
96,3,8,reply_null,3,722503,15,0.8895419940479168,5.0,0.40715117753486413,5.682220023480417e-16,24
96,3,8,reply_null,3,722503,16,0.9213653812526711,5.333333333333333,0.4250779232267648,5.684815146877338e-16,24
96,3,8,reply_null,3,722503,17,0.9326462274919124,5.666666666666667,0.43097055951803226,5.691798441296411e-16,24
96,3,8,reply_null,3,722503,18,0.9441446581969801,6.0,0.43671430566077174,5.707678058520195e-16,24
96,3,8,reply_null,3,722503,19,1.005109180652126,6.333333333333333,0.4698464491904012,5.712730194280551e-16,24
96,3,8,reply_null,3,722503,20,1.0654424323399556,6.666666666666667,0.5019422150988648,5.726437662507381e-16,24
96,3,8,reply_null,3,722503,21,1.0714587470580788,7.0,0.5058998045999773,9.042994779923005e-16,24
96,3,8,reply_null,3,722503,22,1.0783733294289786,7.333333333333333,0.5095975767259855,9.05254324759527e-16,24
96,3,8,reply_null,3,722503,23,1.0836686018840773,7.666666666666667,0.5123646978546612,9.053208112494868e-16,24
96,3,8,reply_null,3,722503,24,1.171097058327911,8.0,0.5587611660408375,9.083000271181868e-16,24
96,3,8,reply_null,4,722504,0,0.0,0.0,0.0,0.0,24
96,3,8,reply_null,4,722504,1,0.047004135157902256,0.3333333333333333,0.01804737871448457,2.220446049250313e-16,24
96,3,8,reply_null,4,722504,2,0.059908145676056575,0.6666666666666666,0.02292876172841628,1.3877787807814457e-17,24
96,3,8,reply_null,4,722504,3,0.15901279619742203,1.0,0.06262470579929082,2.2307407700949294e-16,24
96,3,8,reply_null,4,722504,4,0.23516536558276516,1.3333333333333333,0.09562102611393593,2.322130899884777e-16,24
96,3,8,reply_null,4,722504,5,0.37095799443988725,1.6666666666666667,0.15377709522435468,3.343616729710569e-16,24
96,3,8,reply_null,4,722504,6,0.5559393145461169,2.0,0.23729451017438744,3.3469795267059553e-16,24
96,3,8,reply_null,4,722504,7,0.5944447196825938,2.3333333333333335,0.25699843815784074,3.3481670791437733e-16,24
96,3,8,reply_null,4,722504,8,0.6009808894114328,2.6666666666666665,0.2601856826775219,4.491212500910467e-16,24
96,3,8,reply_null,4,722504,9,0.6458822590832517,3.0,0.27956165635216906,4.50226612390128e-16,24
96,3,8,reply_null,4,722504,10,0.7733863493998336,3.3333333333333335,0.33777875566558657,4.502311516980093e-16,24
96,3,8,reply_null,4,722504,11,0.7809692891615201,3.6666666666666665,0.3414336568154427,4.509273805577918e-16,24
96,3,8,reply_null,4,722504,12,0.8534986070557841,4.0,0.38264482134237215,4.548364235369061e-16,24
96,3,8,reply_null,4,722504,13,0.8733025216803654,4.333333333333333,0.3927081964525943,4.596830459621466e-16,24
96,3,8,reply_null,4,722504,14,0.9764627087339893,4.666666666666667,0.44289116772787124,4.725827876998347e-16,24
96,3,8,reply_null,4,722504,15,0.9992635316957853,5.0,0.45438810876392166,4.745014307977853e-16,24
96,3,8,reply_null,4,722504,16,1.1574473367085287,5.333333333333333,0.5363092257826192,4.824176512324678e-16,24
96,3,8,reply_null,4,722504,17,1.2038056240198374,5.666666666666667,0.563080968930887,4.825085146175677e-16,24
96,3,8,reply_null,4,722504,18,1.2060157234172189,6.0,0.5643896525599528,4.87389366131668e-16,24
96,3,8,reply_null,4,722504,19,1.2277233701801742,6.333333333333333,0.5771486520000757,4.94863210634007e-16,24
96,3,8,reply_null,4,722504,20,1.2708683606497575,6.666666666666667,0.5993877423152719,4.981582928755083e-16,24
96,3,8,reply_null,4,722504,21,1.2771057730779138,7.0,0.6031028702383593,4.984166994354623e-16,24
96,3,8,reply_null,4,722504,22,1.289560978440521,7.333333333333333,0.6105287103859608,5.025359331975205e-16,24
96,3,8,reply_null,4,722504,23,1.3068936975489136,7.666666666666667,0.6212689519816521,5.0273590635075135e-16,24
96,3,8,reply_null,4,722504,24,1.3645264549755187,8.0,0.6536845487417827,5.439338932450516e-16,24
96,3,8,reply_null,5,722505,0,0.0,0.0,0.0,0.0,24
96,3,8,reply_null,5,722505,1,0.18750454661838242,0.3333333333333333,0.07733840013827763,0.0,24
96,3,8,reply_null,5,722505,2,0.29236229566435257,0.6666666666666666,0.11897978172164855,2.220446049250313e-16,24
96,3,8,reply_null,5,722505,3,0.3446700885560421,1.0,0.1406343735445391,2.220446049250313e-16,24
96,3,8,reply_null,5,722505,4,0.4399589871765614,1.3333333333333333,0.18221066177741446,2.2847916215142117e-16,24
96,3,8,reply_null,5,722505,5,0.44866710870294885,1.6666666666666667,0.18606488484302194,2.285116258062581e-16,24
96,3,8,reply_null,5,722505,6,0.5242401586135341,2.0,0.22149656634006384,2.383264130626645e-16,24
96,3,8,reply_null,5,722505,7,0.5363474606527667,2.3333333333333335,0.2263651681248087,2.394593669468571e-16,24
96,3,8,reply_null,5,722505,8,0.6317379971197724,2.6666666666666665,0.2689136254180725,6.737006737803335e-16,24
96,3,8,reply_null,5,722505,9,0.6839716743543046,3.0,0.2921030392751664,6.740543137547655e-16,24
96,3,8,reply_null,5,722505,10,0.8165674914652485,3.3333333333333335,0.3608063693286453,6.75325724853823e-16,24
96,3,8,reply_null,5,722505,11,1.0151289170418774,3.6666666666666665,0.4607025269849749,7.086343062380973e-16,24
96,3,8,reply_null,5,722505,12,1.040630244646362,4.0,0.47408321349066795,7.086856663536247e-16,24
96,3,8,reply_null,5,722505,13,1.1348252452232939,4.333333333333333,0.5270652363124474,7.088573287980222e-16,24
96,3,8,reply_null,5,722505,14,1.1618638738124407,4.666666666666667,0.5423984749740784,7.08902360845345e-16,24
96,3,8,reply_null,5,722505,15,1.1700426182299424,5.0,0.5471967242821576,7.128749430545879e-16,24
96,3,8,reply_null,5,722505,16,1.1947916456753358,5.333333333333333,0.561991841351591,7.129142798428866e-16,24
96,3,8,reply_null,5,722505,17,1.2061007764801948,5.666666666666667,0.5687734022588238,7.169117590737576e-16,24
96,3,8,reply_null,5,722505,18,1.2500647686539568,6.0,0.5917531567466225,7.174861572871265e-16,24
96,3,8,reply_null,5,722505,19,1.3024756426855908,6.333333333333333,0.6219530132227837,7.175469132919902e-16,24
96,3,8,reply_null,5,722505,20,1.3142293070309408,6.666666666666667,0.6285658137444775,7.175986949610377e-16,24
96,3,8,reply_null,5,722505,21,1.3909270921007586,7.0,0.6759634216355996,7.686574487294798e-16,24
96,3,8,reply_null,5,722505,22,1.4137228208085981,7.333333333333333,0.690562027733693,7.686577026610864e-16,24
96,3,8,reply_null,5,722505,23,1.446770944916281,7.666666666666667,0.7126648584867703,7.718055908588176e-16,24
96,3,8,reply_null,5,722505,24,1.449693330751691,8.0,0.7144756690074631,7.721578638699338e-16,24
96,3,8,reply_null,6,722506,0,0.0,0.0,0.0,0.0,24
96,3,8,reply_null,6,722506,1,0.09333703803602665,0.3333333333333333,0.036686881483439494,0.0,24
96,3,8,reply_null,6,722506,2,0.15979852142307477,0.6666666666666666,0.06410968190513541,2.2339168529382254e-16,24
96,3,8,reply_null,6,722506,3,0.18005319384596638,1.0,0.07264241357349546,4.442519659132203e-16,24
96,3,8,reply_null,6,722506,4,0.21433308474228213,1.3333333333333333,0.08694441216117643,2.3466683980778665e-16,24
96,3,8,reply_null,6,722506,5,0.25736694729791876,1.6666666666666667,0.10382334655239205,2.6046339839919674e-16,24
96,3,8,reply_null,6,722506,6,0.4751898330365112,2.0,0.19924983194688,2.605357317718414e-16,24
96,3,8,reply_null,6,722506,7,0.5003291436468704,2.3333333333333335,0.21008149303306065,2.6053576209589896e-16,24
96,3,8,reply_null,6,722506,8,0.6169417714023687,2.6666666666666665,0.2603562855712955,4.912401457914632e-16,24
96,3,8,reply_null,6,722506,9,0.7188942793328029,3.0,0.3123838611119598,4.913362553527771e-16,24
96,3,8,reply_null,6,722506,10,0.7792913213733673,3.3333333333333335,0.3440324693088567,5.003700008721068e-16,24
96,3,8,reply_null,6,722506,11,0.7856194867237689,3.6666666666666665,0.3472772277920941,5.086665679887093e-16,24
96,3,8,reply_null,6,722506,12,0.8299061329398613,4.0,0.3688105827024613,5.089237411416525e-16,24
96,3,8,reply_null,6,722506,13,0.8788121695842048,4.333333333333333,0.3964029774003893,5.095751548455706e-16,24
96,3,8,reply_null,6,722506,14,0.9457557757080558,4.666666666666667,0.4326399939556413,5.122779938592303e-16,24
96,3,8,reply_null,6,722506,15,1.0391961901652038,5.0,0.47828519435787786,5.129418149019787e-16,24
96,3,8,reply_null,6,722506,16,1.142776760800524,5.333333333333333,0.5452264889259181,5.131084738790626e-16,24
96,3,8,reply_null,6,722506,17,1.1591108896774491,5.666666666666667,0.5556714136571843,5.143330535091765e-16,24
96,3,8,reply_null,6,722506,18,1.2742156189453153,6.0,0.622124426842168,5.145452138591642e-16,24
96,3,8,reply_null,6,722506,19,1.2945454133389145,6.333333333333333,0.6319719345056872,5.189526415099844e-16,24
96,3,8,reply_null,6,722506,20,1.3852855991712327,6.666666666666667,0.6842232375746481,5.200191757563689e-16,24
96,3,8,reply_null,6,722506,21,1.4219936386288459,7.0,0.7025209748235869,5.200486858756565e-16,24
96,3,8,reply_null,6,722506,22,1.4493646148592423,7.333333333333333,0.7206737891310969,5.209338200209367e-16,24
96,3,8,reply_null,6,722506,23,1.454599038336354,7.666666666666667,0.7238966578870544,5.218547868015027e-16,24
96,3,8,reply_null,6,722506,24,1.4961336993519296,8.0,0.7516539824823337,5.254336858250078e-16,24
96,3,8,reply_null,7,722507,0,0.0,0.0,0.0,0.0,24
96,3,8,reply_null,7,722507,1,0.03781584428999919,0.3333333333333333,0.014452485826177959,1.1102230246251565e-16,24
96,3,8,reply_null,7,722507,2,0.04906791485555037,0.6666666666666666,0.01873657889145559,1.2387334385757104e-16,24
96,3,8,reply_null,7,722507,3,0.22155592923954825,1.0,0.09150288582948121,1.3383769041933163e-16,24
96,3,8,reply_null,7,722507,4,0.30642245141937824,1.3333333333333333,0.12645856491215074,4.469330050950359e-16,24
96,3,8,reply_null,7,722507,5,0.3457448087458992,1.6666666666666667,0.1425712772630092,4.482932510895013e-16,24
96,3,8,reply_null,7,722507,6,0.44198584981328937,2.0,0.18374384687153084,4.485554512240599e-16,24
96,3,8,reply_null,7,722507,7,0.47826890346383805,2.3333333333333335,0.2004680299512743,4.485655054180901e-16,24
96,3,8,reply_null,7,722507,8,0.6641973319359584,2.6666666666666665,0.28231552384171527,5.75846451716895e-16,24
96,3,8,reply_null,7,722507,9,0.7948046535263413,3.0,0.34470904556635124,5.762961070827377e-16,24
96,3,8,reply_null,7,722507,10,0.8195534686245205,3.3333333333333335,0.3561253418165068,5.764288427797676e-16,24
96,3,8,reply_null,7,722507,11,0.8821355914618936,3.6666666666666665,0.3878641074830358,5.779576037295234e-16,24
96,3,8,reply_null,7,722507,12,1.0040471434709743,4.0,0.457252602322814,5.785939094898662e-16,24
96,3,8,reply_null,7,722507,13,1.1147186233118103,4.333333333333333,0.5123010118236849,5.796291477505581e-16,24
96,3,8,reply_null,7,722507,14,1.134952783656847,4.666666666666667,0.5226957722436547,5.823865991212439e-16,24
96,3,8,reply_null,7,722507,15,1.2100150319600265,5.0,0.5644803070028732,5.829441101524378e-16,24
96,3,8,reply_null,7,722507,16,1.2810607470966402,5.333333333333333,0.6044038061618696,5.838106187088201e-16,24
96,3,8,reply_null,7,722507,17,1.3430696346330668,5.666666666666667,0.6415765570581773,5.857403664941394e-16,24
96,3,8,reply_null,7,722507,18,1.365253338462425,6.0,0.6539838270430998,5.869893730526765e-16,24
96,3,8,reply_null,7,722507,19,1.4343788590418103,6.333333333333333,0.6975019180314674,5.872154348445402e-16,24
96,3,8,reply_null,7,722507,20,1.4683656074141531,6.666666666666667,0.7199263780828442,6.974562674104765e-16,24
96,3,8,reply_null,7,722507,21,1.5182710125462622,7.0,0.7480041028416952,6.974563135133242e-16,24
96,3,8,reply_null,7,722507,22,1.5694661394755889,7.333333333333333,0.780903258765514,6.986215180800324e-16,24
96,3,8,reply_null,7,722507,23,1.5931934088300088,7.666666666666667,0.7953314232580339,6.987134273999848e-16,24
96,3,8,reply_null,7,722507,24,1.7028660208607778,8.0,0.866872998983735,7.042493860552877e-16,24
96,3,32,random,0,722508,0,0.0,0.0,0.0,0.0,24
96,3,32,random,0,722508,1,0.25790846710042825,1.3333333333333333,0.02758315776198157,0.0,24
96,3,32,random,0,722508,2,0.4104313216558549,2.6666666666666665,0.044092574623807196,2.22318705240076e-16,24
96,3,32,random,0,722508,3,0.43965211248846947,4.0,0.04730980253874715,2.4640703202412556e-16,24
96,3,32,random,0,722508,4,0.6236030697998534,5.333333333333333,0.07205818550968891,2.2845692409193174e-16,24
96,3,32,random,0,722508,5,0.7076094027007069,6.666666666666667,0.08223666944774756,2.2897815000223915e-16,24
96,3,32,random,0,722508,6,1.0047325477060223,8.0,0.1271439948598904,2.2958060651661247e-16,24
96,3,32,random,0,722508,7,1.1987609670039718,9.333333333333334,0.1498258949170621,2.3023339397364066e-16,24
96,3,32,random,0,722508,8,1.2331349140339591,10.666666666666666,0.15477921158200905,2.9270599628485474e-16,24
96,3,32,random,0,722508,9,1.2808105881537495,12.0,0.16090878698824643,2.927148286788684e-16,24
96,3,32,random,0,722508,10,1.9294730791494543,13.333333333333334,0.2712699662958208,2.927162039645131e-16,24
96,3,32,random,0,722508,11,2.0057043607076714,14.666666666666666,0.2832462571420549,5.621442265832762e-16,24
96,3,32,random,0,722508,12,2.0513653689865374,16.0,0.2928890487955557,5.638614153833375e-16,24
96,3,32,random,0,722508,13,2.1768008465333626,17.333333333333332,0.3227577826041587,5.648285883275676e-16,24
96,3,32,random,0,722508,14,2.339052932473161,18.666666666666668,0.3487412957209436,5.678992919501842e-16,24
96,3,32,random,0,722508,15,2.6146177379027633,20.0,0.3999493822811171,5.723301757835885e-16,24
96,3,32,random,0,722508,16,2.6859992015000285,21.333333333333332,0.41593343318210274,5.726450385798382e-16,24
96,3,32,random,0,722508,17,3.0557774150393504,22.666666666666668,0.5147308280345197,5.729664076803646e-16,24
96,3,32,random,0,722508,18,3.174006425583894,24.0,0.556100533029367,5.7455678502187955e-16,24
96,3,32,random,0,722508,19,3.190582411105289,25.333333333333332,0.5599305025003676,5.745967472906973e-16,24
96,3,32,random,0,722508,20,3.304760745429851,26.666666666666668,0.5920785968904314,5.746149834077408e-16,24
96,3,32,random,0,722508,21,3.4539065858959708,28.0,0.6370009733143057,5.820731591785173e-16,24
96,3,32,random,0,722508,22,3.6571736964435715,29.333333333333332,0.7122229184168268,5.822339575971088e-16,24
96,3,32,random,0,722508,23,3.7275092277107866,30.666666666666668,0.740692782938484,5.871932656014985e-16,24
96,3,32,random,0,722508,24,3.8466871721013707,32.0,0.7773077594995376,5.894291046028977e-16,24
96,3,32,random,1,722509,0,0.0,0.0,0.0,0.0,24
96,3,32,random,1,722509,1,0.18824711351823536,1.3333333333333333,0.019418604100897706,2.220446049250313e-16,24
96,3,32,random,1,722509,2,0.850191795211318,2.6666666666666665,0.1081867751352961,0.0,24
96,3,32,random,1,722509,3,0.9568619725008444,4.0,0.12487672067861978,2.2215299868541707e-17,24
96,3,32,random,1,722509,4,1.0682797078177209,5.333333333333333,0.13975231859616538,2.469642453057448e-16,24
96,3,32,random,1,722509,5,1.4137367212129746,6.666666666666667,0.18862598885949722,3.367796846058561e-16,24
96,3,32,random,1,722509,6,1.5718972029695015,8.0,0.21056617254271792,3.3750574592837087e-16,24
96,3,32,random,1,722509,7,1.636849730648131,9.333333333333334,0.22195100519824226,3.4038713827372036e-16,24
96,3,32,random,1,722509,8,1.7917760060872292,10.666666666666666,0.25221394299992966,6.698667595895121e-16,24
96,3,32,random,1,722509,9,2.041207625457211,12.0,0.30170901557407415,6.705764586773325e-16,24
96,3,32,random,1,722509,10,2.1712049057334135,13.333333333333334,0.3254601821387668,6.706404699820032e-16,24
96,3,32,random,1,722509,11,2.1920474373368415,14.666666666666666,0.3301112251567611,6.706698097166559e-16,24
96,3,32,random,1,722509,12,2.300019521503539,16.0,0.35736888388997323,6.715114881037267e-16,24
96,3,32,random,1,722509,13,2.641634621006334,17.333333333333332,0.4440710373786177,6.771765562543447e-16,24
96,3,32,random,1,722509,14,2.9712254781207905,18.666666666666668,0.49948097525830903,6.824434654436294e-16,24
96,3,32,random,1,722509,15,3.0792285913985813,20.0,0.5199697997803062,6.834999963523143e-16,24
96,3,32,random,1,722509,16,3.1225551785408427,21.333333333333332,0.5328204799120883,6.836083661514957e-16,24
96,3,32,random,1,722509,17,3.308678323516832,22.666666666666668,0.5834133409767521,6.856131902071687e-16,24
96,3,32,random,1,722509,18,3.3892260647948076,24.0,0.6087179936469616,6.872966816679293e-16,24
96,3,32,random,1,722509,19,3.4850304092320434,25.333333333333332,0.6409896344128798,6.881897284977443e-16,24
96,3,32,random,1,722509,20,3.6179451051572036,26.666666666666668,0.6918827383646582,6.881910444543537e-16,24
96,3,32,random,1,722509,21,3.8712069539499483,28.0,0.7559172773519811,6.889885303210034e-16,24
96,3,32,random,1,722509,22,3.922878907336665,29.333333333333332,0.7780067513285142,6.891499230808064e-16,24
96,3,32,random,1,722509,23,3.967104088932564,30.666666666666668,0.7909639482662356,6.920103277521822e-16,24
96,3,32,random,1,722509,24,4.004971867157768,32.0,0.803842210416657,6.921446612638545e-16,24
96,3,32,random,2,722510,0,0.0,0.0,0.0,0.0,24
96,3,32,random,2,722510,1,0.2805842715339766,1.3333333333333333,0.03036591612253851,1.1102230246251565e-16,24
96,3,32,random,2,722510,2,0.40812391210310794,2.6666666666666665,0.043703530111453295,5.204170427930421e-18,24
96,3,32,random,2,722510,3,0.5243618073551916,4.0,0.05670267716337748,1.1480461147397755e-16,24
96,3,32,random,2,722510,4,0.9817482235796506,5.333333333333333,0.11979029218488074,2.2994853949877566e-16,24
96,3,32,random,2,722510,5,1.3407182356241745,6.666666666666667,0.18225495688361734,2.323413432997921e-16,24
96,3,32,random,2,722510,6,1.481611873354868,8.0,0.21087002019320597,2.3356704214856617e-16,24
96,3,32,random,2,722510,7,1.9436443113353767,9.333333333333334,0.2898505200881111,2.540681593595686e-16,24
96,3,32,random,2,722510,8,2.059681356109685,10.666666666666666,0.3173276120772657,4.725018389436869e-16,24
96,3,32,random,2,722510,9,2.2389349251515314,12.0,0.3404248517402921,6.818700566493172e-16,24
96,3,32,random,2,722510,10,2.356646504909758,13.333333333333334,0.3642663834185013,6.819732507077874e-16,24
96,3,32,random,2,722510,11,2.4156625115379757,14.666666666666666,0.37655681259511425,6.819990365895393e-16,24
96,3,32,random,2,722510,12,2.501489741564374,16.0,0.39655446754213397,6.821605656875831e-16,24
96,3,32,random,2,722510,13,2.7160684453201434,17.333333333333332,0.4479604642108904,6.821986115960974e-16,24
96,3,32,random,2,722510,14,2.84328750708693,18.666666666666668,0.4814927427419784,6.835938988431665e-16,24
96,3,32,random,2,722510,15,2.996076306837991,20.0,0.5255357220288861,6.85940296343529e-16,24
96,3,32,random,2,722510,16,3.0214194609925964,21.333333333333332,0.5335151400376866,7.065026000707098e-16,24
96,3,32,random,2,722510,17,3.069312425534959,22.666666666666668,0.5467127521387118,7.11253131899624e-16,24
96,3,32,random,2,722510,18,3.1559270218192648,24.0,0.5706255939105108,7.154209839549422e-16,24
96,3,32,random,2,722510,19,3.201276819956924,25.333333333333332,0.5810999529881433,7.183229578891022e-16,24
96,3,32,random,2,722510,20,3.2132616363395687,26.666666666666668,0.584993449587951,7.184987731445173e-16,24
96,3,32,random,2,722510,21,3.2516904004940503,28.0,0.5939813131191508,7.196934860572549e-16,24
96,3,32,random,2,722510,22,3.3779015040405347,29.333333333333332,0.6385931730000297,7.355063973830821e-16,24
96,3,32,random,2,722510,23,3.478033504518855,30.666666666666668,0.6629707080533865,7.380063064794104e-16,24
96,3,32,random,2,722510,24,3.564674026180122,32.0,0.691404560854869,7.44465258224151e-16,24
96,3,32,random,3,722511,0,0.0,0.0,0.0,0.0,24
96,3,32,random,3,722511,1,0.1482262409367372,1.3333333333333333,0.01497893018661142,0.0,24
96,3,32,random,3,722511,2,0.31216178959479585,2.6666666666666665,0.03428722773079322,2.220446049250313e-16,24
96,3,32,random,3,722511,3,0.49450364280594095,4.0,0.0563989524708624,3.3382218264456894e-16,24
96,3,32,random,3,722511,4,0.8889246833102067,5.333333333333333,0.10495600936151897,5.562321119625828e-16,24
96,3,32,random,3,722511,5,1.2754713920371186,6.666666666666667,0.16945005341294062,5.565452617867528e-16,24
96,3,32,random,3,722511,6,1.5564218566276031,8.0,0.20846347743551574,5.566513323072093e-16,24
96,3,32,random,3,722511,7,1.5780081635497314,9.333333333333334,0.21153564489056928,5.596184390436398e-16,24
96,3,32,random,3,722511,8,1.8498381063576246,10.666666666666666,0.24696996978466937,6.707226944538289e-16,24
96,3,32,random,3,722511,9,2.013371537535027,12.0,0.2808748775793637,6.70778965849833e-16,24
96,3,32,random,3,722511,10,2.1695761679219965,13.333333333333334,0.31285540257073496,6.709372711060839e-16,24
96,3,32,random,3,722511,11,2.882181277856059,14.666666666666666,0.48013413232665725,6.711072801733599e-16,24
96,3,32,random,3,722511,12,2.9808388882224195,16.0,0.5004846909394607,6.759622318806844e-16,24
96,3,32,random,3,722511,13,2.983643832208869,17.333333333333332,0.501091332674698,6.768701135362635e-16,24
96,3,32,random,3,722511,14,3.242512498755799,18.666666666666668,0.5708370502172739,6.775012591620055e-16,24
96,3,32,random,3,722511,15,3.2557539184549404,20.0,0.5741477025323938,6.785945523864065e-16,24
96,3,32,random,3,722511,16,3.3515997020477863,21.333333333333332,0.6010179924724088,6.824876194501803e-16,24
96,3,32,random,3,722511,17,3.360739315037676,22.666666666666668,0.6040302076931117,6.826281061960209e-16,24
96,3,32,random,3,722511,18,3.5184100915650656,24.0,0.6464969905158392,6.831695578108058e-16,24
96,3,32,random,3,722511,19,3.6693125427251303,25.333333333333332,0.6872328372961968,6.834382594898802e-16,24
96,3,32,random,3,722511,20,3.7837192922025964,26.666666666666668,0.7240923989967677,6.848293086907245e-16,24
96,3,32,random,3,722511,21,3.8114098933639857,28.0,0.7343740839225994,6.849948884421729e-16,24
96,3,32,random,3,722511,22,3.849186858514204,29.333333333333332,0.7459049809460053,6.850059523939395e-16,24
96,3,32,random,3,722511,23,3.853962712938586,30.666666666666668,0.7476101839418945,6.860007115821959e-16,24
96,3,32,random,3,722511,24,4.187477848831095,32.0,0.8953248295447659,6.864407917284748e-16,24
96,3,32,random,4,722512,0,0.0,0.0,0.0,0.0,24
96,3,32,random,4,722512,1,0.5049815798413311,1.3333333333333333,0.06158953113804,0.0,24
96,3,32,random,4,722512,2,0.773288430879461,2.6666666666666665,0.09073894544316709,1.249000902703301e-16,24
96,3,32,random,4,722512,3,1.0433987204211896,4.0,0.12610403890449035,1.2764028301712338e-16,24
96,3,32,random,4,722512,4,1.1409260537165258,5.333333333333333,0.1370113811996603,2.581404115482007e-16,24
96,3,32,random,4,722512,5,1.3673028591533978,6.666666666666667,0.16928095175409733,2.586243124601831e-16,24
96,3,32,random,4,722512,6,1.5281441443840735,8.0,0.19690990475574008,2.586643000972833e-16,24
96,3,32,random,4,722512,7,1.8378656729483045,9.333333333333334,0.2596706106243098,3.3900099623708936e-16,24
96,3,32,random,4,722512,8,1.8647120728688187,10.666666666666666,0.26313822472948895,4.527807501485364e-16,24
96,3,32,random,4,722512,9,1.9460280388767124,12.0,0.27866882708756047,4.608407621761114e-16,24
96,3,32,random,4,722512,10,2.2899996248643437,13.333333333333334,0.37143319423838006,4.671655996393317e-16,24
96,3,32,random,4,722512,11,2.318840395275843,14.666666666666666,0.37890308686689206,4.687008499023961e-16,24
96,3,32,random,4,722512,12,2.4412543979593724,16.0,0.4108906978043464,4.700031067130951e-16,24
96,3,32,random,4,722512,13,2.871787357355382,17.333333333333332,0.5029327999463511,4.829535639470569e-16,24
96,3,32,random,4,722512,14,3.2132053006000083,18.666666666666668,0.5809383381368198,4.905222610112068e-16,24
96,3,32,random,4,722512,15,3.3033391309291575,20.0,0.6040141227104867,4.920223336861068e-16,24
96,3,32,random,4,722512,16,3.366135200980382,21.333333333333332,0.6171915034764898,4.926426042877153e-16,24
96,3,32,random,4,722512,17,3.4111402358167986,22.666666666666668,0.6293415824548565,4.946250888292897e-16,24
96,3,32,random,4,722512,18,3.5037321670351327,24.0,0.6528670324898788,4.947007592344012e-16,24
96,3,32,random,4,722512,19,3.540041950099437,25.333333333333332,0.6617804450364851,4.949000186347139e-16,24
96,3,32,random,4,722512,20,3.5902247425811815,26.666666666666668,0.676641548066642,4.951997887616791e-16,24
96,3,32,random,4,722512,21,3.7180853952687314,28.0,0.7248504977912648,4.952247933277468e-16,24
96,3,32,random,4,722512,22,3.8665727031813777,29.333333333333332,0.7666307978651472,5.25660424638573e-16,24
96,3,32,random,4,722512,23,3.9095852522920387,30.666666666666668,0.7797713168497541,5.263053487895644e-16,24
96,3,32,random,4,722512,24,3.97469977084908,32.0,0.8010836007363747,5.270733404955287e-16,24
96,3,32,random,5,722513,0,0.0,0.0,0.0,0.0,24
96,3,32,random,5,722513,1,0.23406892614301783,1.3333333333333333,0.024724836876610347,4.440892098500626e-16,24
96,3,32,random,5,722513,2,0.3964205066634962,2.6666666666666665,0.04337245664756284,3.3306690738754696e-16,24
96,3,32,random,5,722513,3,0.49990520506265956,4.0,0.05739001262507105,3.3653553355114247e-16,24
96,3,32,random,5,722513,4,1.0178701084221555,5.333333333333333,0.12320459742264443,4.516655917777862e-16,24
96,3,32,random,5,722513,5,1.0760591336525844,6.666666666666667,0.13137137892615894,4.521585070320124e-16,24
96,3,32,random,5,722513,6,1.1027610421168441,8.0,0.13511767668991176,4.544162636910134e-16,24
96,3,32,random,5,722513,7,1.6337335430413507,9.333333333333334,0.21098040452775074,4.556090365120611e-16,24
96,3,32,random,5,722513,8,2.2210607929946695,10.666666666666666,0.3218348765997945,6.71751761297881e-16,24
96,3,32,random,5,722513,9,2.587904351857603,12.0,0.4065764339579216,6.717666515175124e-16,24
96,3,32,random,5,722513,10,2.6841469337507435,13.333333333333334,0.4238151221068503,6.721216215560931e-16,24
96,3,32,random,5,722513,11,2.774007038876851,14.666666666666666,0.44117030608766655,6.725765886546259e-16,24
96,3,32,random,5,722513,12,2.8844082309050054,16.0,0.4662339610291197,6.751655226778174e-16,24
96,3,32,random,5,722513,13,2.9728499985191297,17.333333333333332,0.48709652767062944,6.776055671557497e-16,24
96,3,32,random,5,722513,14,3.0240348251801326,18.666666666666668,0.5004671261663987,6.788549616297091e-16,24
96,3,32,random,5,722513,15,3.132836117780446,20.0,0.5345246646344975,6.789304462985417e-16,24
96,3,32,random,5,722513,16,3.298958418978954,21.333333333333332,0.5793202926656862,6.798800515078225e-16,24
96,3,32,random,5,722513,17,3.4667697644696243,22.666666666666668,0.6322923081903049,6.801621477523081e-16,24
96,3,32,random,5,722513,18,3.581725976487689,24.0,0.6718614364275377,6.816838424511069e-16,24
96,3,32,random,5,722513,19,3.666935961208452,25.333333333333332,0.6939963147759981,6.831926229149058e-16,24
96,3,32,random,5,722513,20,3.7133745178277326,26.666666666666668,0.7057769353991837,6.832443152106103e-16,24
96,3,32,random,5,722513,21,3.726897379887707,28.0,0.7106440802531981,6.835284843379937e-16,24
96,3,32,random,5,722513,22,3.835429203380238,29.333333333333332,0.7468070949830047,6.835344819305048e-16,24
96,3,32,random,5,722513,23,3.9128994883496553,30.666666666666668,0.7737290980217427,6.835354706951693e-16,24
96,3,32,random,5,722513,24,3.920858764906089,32.0,0.7769694347838126,6.8489751283952e-16,24
96,3,32,random,6,722514,0,0.0,0.0,0.0,0.0,24
96,3,32,random,6,722514,1,0.07868891824081684,1.3333333333333333,0.007675098787879049,1.1102230246251565e-16,24
96,3,32,random,6,722514,2,0.281203114507358,2.6666666666666665,0.02902218147566081,2.229086047453109e-16,24
96,3,32,random,6,722514,3,0.45154737349487944,4.0,0.04837173931752494,4.445859370519044e-16,24
96,3,32,random,6,722514,4,0.912008894131759,5.333333333333333,0.10374739994999181,4.521437516579043e-16,24
96,3,32,random,6,722514,5,1.5285808584620164,6.666666666666667,0.19593622429551494,4.536127154998898e-16,24
96,3,32,random,6,722514,6,1.6676189952305345,8.0,0.21635804058994643,4.540983231697151e-16,24
96,3,32,random,6,722514,7,1.8940637032177183,9.333333333333334,0.25097232375530715,4.548989757847724e-16,24
96,3,32,random,6,722514,8,2.2505424716178863,10.666666666666666,0.31838464925680215,5.59003350756003e-16,24
96,3,32,random,6,722514,9,2.4828222328213747,12.0,0.37437471277355067,5.5944260950931895e-16,24
96,3,32,random,6,722514,10,2.5116804425878563,13.333333333333334,0.38037389294574975,5.595474021593625e-16,24
96,3,32,random,6,722514,11,2.6275542199741064,14.666666666666666,0.4056042793648348,5.631091060427666e-16,24
96,3,32,random,6,722514,12,2.801794474839469,16.0,0.4550103387663404,5.631718833621347e-16,24
96,3,32,random,6,722514,13,2.988953963586772,17.333333333333332,0.5065892647043181,5.63182848363002e-16,24
96,3,32,random,6,722514,14,3.0861912842660417,18.666666666666668,0.5381332622437827,5.758417004807373e-16,24
96,3,32,random,6,722514,15,3.2501000213459994,20.0,0.595357256797167,5.758765405869752e-16,24
96,3,32,random,6,722514,16,3.57836846605372,21.333333333333332,0.6852484256456763,5.766947316640866e-16,24
96,3,32,random,6,722514,17,3.602526685967418,22.666666666666668,0.6929075272666163,5.790152003421714e-16,24
96,3,32,random,6,722514,18,3.673176172390127,24.0,0.7214667758303613,5.830474529552521e-16,24
96,3,32,random,6,722514,19,3.836912052716346,25.333333333333332,0.7878863368060948,5.851698144611615e-16,24
96,3,32,random,6,722514,20,3.867044477285032,26.666666666666668,0.7953316187174104,5.861348305350786e-16,24
96,3,32,random,6,722514,21,4.038174214413948,28.0,0.8439879704689377,5.861838543993745e-16,24
96,3,32,random,6,722514,22,4.047573807928664,29.333333333333332,0.8472537620976738,5.863192211680787e-16,24
96,3,32,random,6,722514,23,4.307365456063888,30.666666666666668,0.9351202515384425,6.170523774023675e-16,24
96,3,32,random,6,722514,24,4.352937095246668,32.0,0.9591709849062241,6.171677420583327e-16,24
96,3,32,random,7,722515,0,0.0,0.0,0.0,0.0,24
96,3,32,random,7,722515,1,0.6322638882580347,1.3333333333333333,0.08267494640591469,0.0,24
96,3,32,random,7,722515,2,0.7308181857940869,2.6666666666666665,0.0961930113480802,3.3364414812598186e-16,24
96,3,32,random,7,722515,3,1.231367629695651,4.0,0.1708278668770733,3.381948900844306e-16,24
96,3,32,random,7,722515,4,1.3619982412364169,5.333333333333333,0.1993275794189113,2.608588108859133e-16,24
96,3,32,random,7,722515,5,1.4585326618447105,6.666666666666667,0.21174077454901646,2.6209412084320842e-16,24
96,3,32,random,7,722515,6,1.6394888918007815,8.0,0.2390693002513014,2.6238443293124346e-16,24
96,3,32,random,7,722515,7,1.9188195966414023,9.333333333333334,0.2784871517204611,2.7408329401752527e-16,24
96,3,32,random,7,722515,8,2.1096971129654953,10.666666666666666,0.31049029459953703,4.610699249346268e-16,24
96,3,32,random,7,722515,9,2.584056885498436,12.0,0.40571863951805304,4.610913289503539e-16,24
96,3,32,random,7,722515,10,2.6212011901614245,13.333333333333334,0.4143021263594775,4.611336973232189e-16,24
96,3,32,random,7,722515,11,2.7435960347014055,14.666666666666666,0.4398674457467185,4.612094328862877e-16,24
96,3,32,random,7,722515,12,2.930091371350374,16.0,0.48739800899938907,4.664930517732616e-16,24
96,3,32,random,7,722515,13,3.0702600409618626,17.333333333333332,0.5305226179077812,4.66643322243323e-16,24
96,3,32,random,7,722515,14,3.2071168926427056,18.666666666666668,0.5632187156409691,4.672828357550494e-16,24
96,3,32,random,7,722515,15,3.290563265810611,20.0,0.5945097806492773,4.873451595336224e-16,24
96,3,32,random,7,722515,16,3.3380191362735276,21.333333333333332,0.6083537807012885,4.897293904256473e-16,24
96,3,32,random,7,722515,17,3.382730926476894,22.666666666666668,0.6243814868131586,4.960948275652172e-16,24
96,3,32,random,7,722515,18,3.471352380295984,24.0,0.6501028961725464,7.054229314792115e-16,24
96,3,32,random,7,722515,19,3.556153409787048,25.333333333333332,0.6698794062726916,7.0611321441878e-16,24
96,3,32,random,7,722515,20,3.993671089710591,26.666666666666668,0.7960766376530131,7.065814274671175e-16,24
96,3,32,random,7,722515,21,4.048294433171186,28.0,0.8165840793797573,7.079474889558444e-16,24
96,3,32,random,7,722515,22,4.183527243122591,29.333333333333332,0.8772127562023654,7.099171675587038e-16,24
96,3,32,random,7,722515,23,4.250418542019471,30.666666666666668,0.9025427303797166,7.129737246501313e-16,24
96,3,32,random,7,722515,24,4.34698126992852,32.0,0.9383581140192021,7.133108433896035e-16,24
96,3,32,krylov,0,722516,0,0.0,0.0,0.0,0.0,24
96,3,32,krylov,0,722516,1,0.7245261385851549,1.3333333333333333,0.09972683768828641,2.220446049250313e-16,24
96,3,32,krylov,0,722516,2,1.195532025190269,2.6666666666666665,0.21612335756937665,2.2247786310271853e-16,24
96,3,32,krylov,0,722516,3,1.5194027294025814,4.0,0.3346401707658641,2.2509561772716694e-16,24
96,3,32,krylov,0,722516,4,1.7340979014011353,5.333333333333333,0.43723276667981464,2.591245401156534e-16,24
96,3,32,krylov,0,722516,5,1.8935571039228722,6.666666666666667,0.5290271616038366,2.6723442882437375e-16,24
96,3,32,krylov,0,722516,6,2.0117555789258565,8.0,0.6071654341772427,3.126515228782105e-16,24
96,3,32,krylov,0,722516,7,2.1126603073013595,9.333333333333334,0.6815825019759282,3.1468050473992343e-16,24
96,3,32,krylov,0,722516,8,2.21801584072726,10.666666666666666,0.7677262656657865,5.563246717821613e-16,24
96,3,32,krylov,0,722516,9,2.279910520025296,12.0,0.8227317779579351,5.568870591643016e-16,24
96,3,32,krylov,0,722516,10,2.330495546027948,13.333333333333334,0.8702846239040534,6.751760546704793e-16,24
96,3,32,krylov,0,722516,11,2.3645316134847034,14.666666666666666,0.9036613556862656,6.759951856035318e-16,24
96,3,32,krylov,0,722516,12,2.388157161979351,16.0,0.9275063120141,6.761127384582109e-16,24
96,3,32,krylov,0,722516,13,2.4032831631024707,17.333333333333332,0.9430712570595527,6.761294572344211e-16,24
96,3,32,krylov,0,722516,14,2.4204024954548786,18.666666666666668,0.96097374686191,6.762709604468127e-16,24
96,3,32,krylov,0,722516,15,2.4309636627886153,20.0,0.9721718894875181,6.767554302686666e-16,24
96,3,32,krylov,0,722516,16,2.4391220655406918,21.333333333333332,0.9809036798635893,6.772213283946211e-16,24
96,3,32,krylov,0,722516,17,2.4442666965098643,22.666666666666668,0.9864466224376427,6.774594173223661e-16,24
96,3,32,krylov,0,722516,18,2.4472866141224974,24.0,0.9897136578488183,6.775034155379186e-16,24
96,3,32,krylov,0,722516,19,2.4501674661049297,25.333333333333332,0.9928394565953543,6.788977451074712e-16,24
96,3,32,krylov,0,722516,20,2.452940197709018,26.666666666666668,0.9958564582573507,6.81623427065149e-16,24
96,3,32,krylov,0,722516,21,2.4542770700542467,28.0,0.9973140971200247,6.818578262276933e-16,24
96,3,32,krylov,0,722516,22,2.455168269177294,29.333333333333332,0.9982868858964324,6.833564875308713e-16,24
96,3,32,krylov,0,722516,23,2.4558426318046296,30.666666666666668,0.9990235631258296,6.834605249385775e-16,24
96,3,32,krylov,0,722516,24,2.456181308057633,32.0,0.9993937222600915,6.849921112821966e-16,24
96,3,32,krylov,1,722517,0,0.0,0.0,0.0,0.0,24
96,3,32,krylov,1,722517,1,0.0863902039174974,1.3333333333333333,0.008459217935719025,2.220446049250313e-16,24
96,3,32,krylov,1,722517,2,0.164802155449937,2.6666666666666665,0.016796231746043198,2.2215291946945307e-16,24
96,3,32,krylov,1,722517,3,0.2807816916063154,4.0,0.030390421514526346,2.238581252376273e-16,24
96,3,32,krylov,1,722517,4,0.40966898280410696,5.333333333333333,0.047467414224244164,3.352765346778446e-16,24
96,3,32,krylov,1,722517,5,0.5382452938483745,6.666666666666667,0.06684360137157959,3.355391358221096e-16,24
96,3,32,krylov,1,722517,6,0.6787066873853009,8.0,0.09106186325238323,3.3581416306442383e-16,24
96,3,32,krylov,1,722517,7,0.8386230419650882,9.333333333333334,0.123110590461047,3.3639992052070856e-16,24
96,3,32,krylov,1,722517,8,1.045957074617738,10.666666666666666,0.17307385977068665,4.485162800895217e-16,24
96,3,32,krylov,1,722517,9,1.2208204900877535,12.0,0.22405950262763943,4.530502582402128e-16,24
96,3,32,krylov,1,722517,10,1.381152777525818,13.333333333333334,0.27932685439583554,4.596559608078484e-16,24
96,3,32,krylov,1,722517,11,1.5437813694280382,14.666666666666666,0.3452120813459943,4.630933666190011e-16,24
96,3,32,krylov,1,722517,12,1.6763682442209509,16.0,0.40744733665511484,4.644566681120172e-16,24
96,3,32,krylov,1,722517,13,1.8331333623556805,17.333333333333332,0.4925109673426333,4.65786014343472e-16,24
96,3,32,krylov,1,722517,14,1.9979182807133566,18.666666666666668,0.5975334522821852,4.663038463161991e-16,24
96,3,32,krylov,1,722517,15,2.126349753038258,20.0,0.6922693558495455,4.664932375585746e-16,24
96,3,32,krylov,1,722517,16,2.2223520838900734,21.333333333333332,0.7714699471232308,4.667117337581874e-16,24
96,3,32,krylov,1,722517,17,2.2945897363867034,22.666666666666668,0.8362842386638732,4.770644389353501e-16,24
96,3,32,krylov,1,722517,18,2.3600264145549725,24.0,0.89917792606856,4.816268663171902e-16,24
96,3,32,krylov,1,722517,19,2.3867518706005235,25.333333333333332,0.926072157261924,4.817080912283064e-16,24
96,3,32,krylov,1,722517,20,2.4053253377444572,26.666666666666668,0.945190790631226,4.829512026100806e-16,24
96,3,32,krylov,1,722517,21,2.4179092948076955,28.0,0.9583473843184954,4.832086492551176e-16,24
96,3,32,krylov,1,722517,22,2.4288182476401343,29.333333333333332,0.9698874958812549,5.223225994118975e-16,24
96,3,32,krylov,1,722517,23,2.435113952584626,30.666666666666668,0.9766049671440061,5.248690309128956e-16,24
96,3,32,krylov,1,722517,24,2.441814469176038,32.0,0.983800979938399,5.250202405404717e-16,24
96,3,32,krylov,2,722518,0,0.0,0.0,0.0,0.0,24
96,3,32,krylov,2,722518,1,0.13902612499114045,1.3333333333333333,0.01398319886743946,2.220446049250313e-16,24
96,3,32,krylov,2,722518,2,0.26758068123179307,2.6666666666666665,0.028762411850697132,2.2301825219878386e-16,24
96,3,32,krylov,2,722518,3,0.38900670403701954,4.0,0.044579479050313765,2.2396010612367603e-16,24
96,3,32,krylov,2,722518,4,0.5420324936431642,5.333333333333333,0.06745295456856663,4.469563221661239e-16,24
96,3,32,krylov,2,722518,5,0.6801741052451007,6.666666666666667,0.0913332585576818,4.633793837218158e-16,24
96,3,32,krylov,2,722518,6,0.8308158965249377,8.0,0.12142412011677871,4.638647511827505e-16,24
96,3,32,krylov,2,722518,7,1.020720584982071,9.333333333333334,0.16642441937035563,4.639334343799979e-16,24
96,3,32,krylov,2,722518,8,1.1411865082806905,10.666666666666666,0.19973254720773836,7.020104560649114e-16,24
96,3,32,krylov,2,722518,9,1.2981244341757405,12.0,0.249601979061224,7.049119608934685e-16,24
96,3,32,krylov,2,722518,10,1.4501282254782626,13.333333333333334,0.3059682365732338,7.054492419151937e-16,24
96,3,32,krylov,2,722518,11,1.6461560362789165,14.666666666666666,0.3925315130342938,7.060351360671943e-16,24
96,3,32,krylov,2,722518,12,1.8146485659917744,16.0,0.4817735975263235,7.062194602808034e-16,24
96,3,32,krylov,2,722518,13,1.9499126632451382,17.333333333333332,0.5651319135591265,7.234436727155498e-16,24
96,3,32,krylov,2,722518,14,2.068388563727166,18.666666666666668,0.6480059113310156,7.256008289332913e-16,24
96,3,32,krylov,2,722518,15,2.1778275437210546,20.0,0.7337914598811839,7.256268433258138e-16,24
96,3,32,krylov,2,722518,16,2.2483903664509444,21.333333333333332,0.7942946571415093,7.287794111688122e-16,24
96,3,32,krylov,2,722518,17,2.292842546312398,22.666666666666668,0.8346607107922138,7.288386681097726e-16,24
96,3,32,krylov,2,722518,18,2.335841442728117,24.0,0.8754520533844459,7.340505185791776e-16,24
96,3,32,krylov,2,722518,19,2.368252413011045,25.333333333333332,0.9073794362126696,7.375593350679442e-16,24
96,3,32,krylov,2,722518,20,2.3940964366416027,26.666666666666668,0.9335898818647029,7.376470895690504e-16,24
96,3,32,krylov,2,722518,21,2.411047583759261,28.0,0.9511529075111408,7.40254343078658e-16,24
96,3,32,krylov,2,722518,22,2.4232029306033533,29.333333333333332,0.963931571980216,7.421354324190672e-16,24
96,3,32,krylov,2,722518,23,2.4346975051820436,30.666666666666668,0.97615931340021,7.445951973103858e-16,24
96,3,32,krylov,2,722518,24,2.441456922263922,32.0,0.9834157737816158,7.476774295790403e-16,24
96,3,32,krylov,3,722519,0,0.0,0.0,0.0,0.0,24
96,3,32,krylov,3,722519,1,0.3140406892201154,1.3333333333333333,0.0345886346940347,0.0,24
96,3,32,krylov,3,722519,2,0.6278599862084331,2.6666666666666665,0.08189969653803328,6.938893903907228e-18,24
96,3,32,krylov,3,722519,3,0.8547254603179447,4.0,0.12663083658805271,2.854029918179062e-17,24
96,3,32,krylov,3,722519,4,1.0470160223134253,5.333333333333333,0.17335656193913224,1.2717071895294903e-16,24
96,3,32,krylov,3,722519,5,1.2707247760502924,6.666666666666667,0.24032196735898415,1.2717258751950947e-16,24
96,3,32,krylov,3,722519,6,1.4281132330549917,8.0,0.2972645993993313,2.431353868583175e-16,24
96,3,32,krylov,3,722519,7,1.5976545710213483,9.333333333333334,0.3695089735666513,2.4319368402349565e-16,24
96,3,32,krylov,3,722519,8,1.7827556804124511,10.666666666666666,0.4637081009497938,2.8370860693729554e-16,24
96,3,32,krylov,3,722519,9,1.899262099373217,12.0,0.532590256533556,6.848339964806888e-16,24
96,3,32,krylov,3,722519,10,2.03262533035055,13.333333333333334,0.6219470731197151,6.851432583905521e-16,24
96,3,32,krylov,3,722519,11,2.1703237333778627,14.666666666666666,0.7276049858077198,6.852589925216162e-16,24
96,3,32,krylov,3,722519,12,2.258937954320669,16.0,0.8037109585300377,6.863828609123418e-16,24
96,3,32,krylov,3,722519,13,2.31980423598866,17.333333333333332,0.8600327315835313,6.955653141397148e-16,24
96,3,32,krylov,3,722519,14,2.3627164654184565,18.666666666666668,0.9018525485157894,6.962915517365702e-16,24
96,3,32,krylov,3,722519,15,2.388601987271761,20.0,0.9279606937044563,6.972507125313218e-16,24
96,3,32,krylov,3,722519,16,2.413612886389807,21.333333333333332,0.9538368407671028,6.977504538890469e-16,24
96,3,32,krylov,3,722519,17,2.4250563190920933,22.666666666666668,0.965893684547236,6.979358758365074e-16,24
96,3,32,krylov,3,722519,18,2.4359719015904093,24.0,0.977523671168152,6.981033233782555e-16,24
96,3,32,krylov,3,722519,19,2.442719903649735,25.333333333333332,0.9847770735705277,7.000978846977218e-16,24
96,3,32,krylov,3,722519,20,2.447985663751199,26.666666666666668,0.9904713175065448,7.006193879757196e-16,24
96,3,32,krylov,3,722519,21,2.4517907706682145,28.0,0.9946047546391978,7.008252759580027e-16,24
96,3,32,krylov,3,722519,22,2.453602553791133,29.333333333333332,0.9965784047885307,7.017495320041548e-16,24
96,3,32,krylov,3,722519,23,2.4545866138161583,30.666666666666668,0.99765188148196,7.020241192821456e-16,24
96,3,32,krylov,3,722519,24,2.4554210826269784,32.0,0.9985630024102493,7.034517085364849e-16,24
96,3,32,krylov,4,722520,0,0.0,0.0,0.0,0.0,24
96,3,32,krylov,4,722520,1,0.09659404779750877,1.3333333333333333,0.009507483914527859,0.0,24
96,3,32,krylov,4,722520,2,0.23981621448879376,2.6666666666666665,0.02540770637012732,2.220446049250313e-16,24
96,3,32,krylov,4,722520,3,0.385698684401076,4.0,0.044122638452819316,2.22622219442865e-16,24
96,3,32,krylov,4,722520,4,0.5470347547808758,5.333333333333333,0.06826135407050687,4.440892098500626e-16,24
96,3,32,krylov,4,722520,5,0.7305249078812001,6.666666666666667,0.10089094872758823,4.441507201127824e-16,24
96,3,32,krylov,4,722520,6,0.993142113712735,8.0,0.159347244012187,4.442414964601154e-16,24
96,3,32,krylov,4,722520,7,1.238127219217704,9.333333333333334,0.22960761697910043,4.443340546902063e-16,24
96,3,32,krylov,4,722520,8,1.4224948516938047,10.666666666666666,0.29507389014483126,4.606051319133984e-16,24
96,3,32,krylov,4,722520,9,1.6683545125225117,12.0,0.4034469261880773,4.676889818249614e-16,24
96,3,32,krylov,4,722520,10,1.893364531420197,13.333333333333334,0.5289072433940633,4.67737534476307e-16,24
96,3,32,krylov,4,722520,11,2.049044265067126,14.666666666666666,0.6337950561045465,4.681668535878182e-16,24
96,3,32,krylov,4,722520,12,2.172685822083898,16.0,0.7295473923084393,4.683023590741296e-16,24
96,3,32,krylov,4,722520,13,2.2648905776838664,17.333333333333332,0.8090691373879924,4.684655212478513e-16,24
96,3,32,krylov,4,722520,14,2.331464353040474,18.666666666666668,0.871219039969343,4.738062477577277e-16,24
96,3,32,krylov,4,722520,15,2.3749834722338488,20.0,0.9141408278730871,4.752501704499417e-16,24
96,3,32,krylov,4,722520,16,2.4014664978914735,21.333333333333332,0.9411894098125949,4.753596317302397e-16,24
96,3,32,krylov,4,722520,17,2.4256813043856957,22.666666666666668,0.9665561532615776,4.771389931653865e-16,24
96,3,32,krylov,4,722520,18,2.435698688865773,24.0,0.9772310255486936,6.913221435760128e-16,24
96,3,32,krylov,4,722520,19,2.444251852247152,25.333333333333332,0.9864305878342084,6.928299663110782e-16,24
96,3,32,krylov,4,722520,20,2.4496243184920283,26.666666666666668,0.9922494383737984,6.930041321191761e-16,24
96,3,32,krylov,4,722520,21,2.4528479537406214,28.0,0.995755953269211,6.996525302900133e-16,24
96,3,32,krylov,4,722520,22,2.45439805411571,29.333333333333332,0.9974461064711634,6.997052493289243e-16,24
96,3,32,krylov,4,722520,23,2.4552287736917444,30.666666666666668,0.9983529610568794,6.997251832401083e-16,24
96,3,32,krylov,4,722520,24,2.455759981517191,32.0,0.9989332488090377,6.999794595483426e-16,24
96,3,32,krylov,5,722521,0,0.0,0.0,0.0,0.0,24
96,3,32,krylov,5,722521,1,0.1653860267447654,1.3333333333333333,0.016860795364098537,2.220446049250313e-16,24
96,3,32,krylov,5,722521,2,0.329715901414982,2.6666666666666665,0.03661621992330725,1.249000902703301e-16,24
96,3,32,krylov,5,722521,3,0.5227344507643574,4.0,0.06437187803186536,1.3027188725751054e-16,24
96,3,32,krylov,5,722521,4,0.8012716231894513,5.333333333333333,0.11515994794569573,1.5618302233335124e-16,24
96,3,32,krylov,5,722521,5,1.0613486272296804,6.666666666666667,0.17721246129549123,2.38522638259409e-16,24
96,3,32,krylov,5,722521,6,1.3436349655390931,8.0,0.2655891429338652,2.466866532227976e-16,24
96,3,32,krylov,5,722521,7,1.6126146927646259,9.333333333333334,0.37649148358346063,2.496984168877734e-16,24
96,3,32,krylov,5,722521,8,1.8176434218449207,10.666666666666666,0.4834997913015557,5.11701497147959e-16,24
96,3,32,krylov,5,722521,9,2.017313096579389,12.0,0.6110716283940872,5.125486790847858e-16,24
96,3,32,krylov,5,722521,10,2.1189313460030212,13.333333333333334,0.6864599193549814,5.137071378835797e-16,24
96,3,32,krylov,5,722521,11,2.220848572544589,14.666666666666666,0.770170056561367,5.191705856981646e-16,24
96,3,32,krylov,5,722521,12,2.282601518841169,16.0,0.8252013506555133,5.195096791705499e-16,24
96,3,32,krylov,5,722521,13,2.3220204354693594,17.333333333333332,0.8621488483803241,5.195630135977832e-16,24
96,3,32,krylov,5,722521,14,2.349586576922733,18.666666666666668,0.8888658416429314,5.200481749547716e-16,24
96,3,32,krylov,5,722521,15,2.369398054930269,20.0,0.9085270293012188,5.200516061513616e-16,24
96,3,32,krylov,5,722521,16,2.3930463407600127,21.333333333333332,0.932511642712089,5.214785212033632e-16,24
96,3,32,krylov,5,722521,17,2.4100430899219267,22.666666666666668,0.950103835961097,5.215085885726984e-16,24
96,3,32,krylov,5,722521,18,2.4215110691673374,24.0,0.9621436342149594,7.200314431142164e-16,24
96,3,32,krylov,5,722521,19,2.4291478182811352,25.333333333333332,0.9702380973433664,7.201510186341818e-16,24
96,3,32,krylov,5,722521,20,2.4352572339422687,26.666666666666668,0.9767583400443343,7.201544624827924e-16,24
96,3,32,krylov,5,722521,21,2.441211322421028,28.0,0.983151254521077,7.207896062074712e-16,24
96,3,32,krylov,5,722521,22,2.4469446376639272,29.333333333333332,0.989343202131296,7.207958836797973e-16,24
96,3,32,krylov,5,722521,23,2.4502328746578637,30.666666666666668,0.9929105311637595,7.209994366284927e-16,24
96,3,32,krylov,5,722521,24,2.4524244254475844,32.0,0.9952946143745022,7.213559134749797e-16,24
96,3,32,krylov,6,722522,0,0.0,0.0,0.0,0.0,24
96,3,32,krylov,6,722522,1,0.06966194479236827,1.3333333333333333,0.006763657083303545,0.0,24
96,3,32,krylov,6,722522,2,0.16311376937341485,2.6666666666666665,0.016609744503084174,2.42861286636753e-17,24
96,3,32,krylov,6,722522,3,0.29704099757831415,4.0,0.0324253571013068,3.337751983281284e-17,24
96,3,32,krylov,6,722522,4,0.4457177008499636,5.333333333333333,0.0526509902783164,2.3258368501514135e-16,24
96,3,32,krylov,6,722522,5,0.56260765650491,6.666666666666667,0.07080408845450926,2.3608924763527036e-16,24
96,3,32,krylov,6,722522,6,0.6977625555549742,8.0,0.09461738292056314,2.3809713906638907e-16,24
96,3,32,krylov,6,722522,7,0.8793532911181298,9.333333333333334,0.13212572439499373,2.3876035759915463e-16,24
96,3,32,krylov,6,722522,8,1.045765175805633,10.666666666666666,0.17302266150155607,4.698139252289752e-16,24
96,3,32,krylov,6,722522,9,1.2080291361584958,12.0,0.2200201780879733,4.725939746897111e-16,24
96,3,32,krylov,6,722522,10,1.3617891793603965,13.333333333333334,0.27217223721846323,4.741814759548431e-16,24
96,3,32,krylov,6,722522,11,1.4919164544374939,14.666666666666666,0.32302567161424856,4.750098130110341e-16,24
96,3,32,krylov,6,722522,12,1.6119357465832655,16.0,0.37617232328245803,4.819657716177405e-16,24
96,3,32,krylov,6,722522,13,1.7419131644988435,17.333333333333332,0.44139879480019856,4.823083671492155e-16,24
96,3,32,krylov,6,722522,14,1.8549109038859837,18.666666666666668,0.5054183250481014,4.830599581763679e-16,24
96,3,32,krylov,6,722522,15,1.9324431451922257,20.0,0.5537215212900134,4.836858146717242e-16,24
96,3,32,krylov,6,722522,16,2.000629816780675,21.333333333333332,0.5994104359001458,4.84466044462806e-16,24
96,3,32,krylov,6,722522,17,2.095411241163969,22.666666666666668,0.6683234224868991,4.858572192189121e-16,24
96,3,32,krylov,6,722522,18,2.1914028920905775,24.0,0.7451022235633524,4.886721081957409e-16,24
96,3,32,krylov,6,722522,19,2.274753431145676,25.333333333333332,0.818017566224995,4.897849934023727e-16,24
96,3,32,krylov,6,722522,20,2.3272946383913204,26.666666666666668,0.8672037715068946,4.900628794807329e-16,24
96,3,32,krylov,6,722522,21,2.3714724529218545,28.0,0.910608308712394,5.987063184696342e-16,24
96,3,32,krylov,6,722522,22,2.400763035601073,29.333333333333332,0.9404616249795477,6.061555408707156e-16,24
96,3,32,krylov,6,722522,23,2.4203064501941505,30.666666666666668,0.9608724505092411,6.063004371101156e-16,24
96,3,32,krylov,6,722522,24,2.433675535246512,32.0,0.975066456776594,6.06328515884258e-16,24
96,3,32,krylov,7,722523,0,0.0,0.0,0.0,0.0,24
96,3,32,krylov,7,722523,1,0.3171199181971455,1.3333333333333333,0.03498442779291572,0.0,24
96,3,32,krylov,7,722523,2,0.6140725717141369,2.6666666666666665,0.07949455977461321,2.7755575615628914e-17,24
96,3,32,krylov,7,722523,3,0.8887709205077283,4.0,0.1342629864298949,2.2547564668565915e-16,24
96,3,32,krylov,7,722523,4,1.1455225165360263,5.333333333333333,0.20100785282498923,4.585248660611623e-16,24
96,3,32,krylov,7,722523,5,1.3913360506665866,6.666666666666667,0.2831454075934487,4.653729300625859e-16,24
96,3,32,krylov,7,722523,6,1.6125803330837019,8.0,0.3764753265137048,4.667456128729268e-16,24
96,3,32,krylov,7,722523,7,1.7549643931762229,9.333333333333334,0.4484289201954766,4.668011393177332e-16,24
96,3,32,krylov,7,722523,8,1.8887347902945755,10.666666666666666,0.5260311644349505,4.499962107050311e-16,24
96,3,32,krylov,7,722523,9,2.0179363716087186,12.0,0.6115110630452938,4.611551263970442e-16,24
96,3,32,krylov,7,722523,10,2.1107520167412863,13.333333333333334,0.6801043530988297,4.620138564468572e-16,24
96,3,32,krylov,7,722523,11,2.1883598892818936,14.666666666666666,0.7425534737841025,4.630097648718931e-16,24
96,3,32,krylov,7,722523,12,2.2567491756205103,16.0,0.8017487632887262,4.643853754032198e-16,24
96,3,32,krylov,7,722523,13,2.3096624624022803,17.333333333333332,0.8504085686015985,4.7066953018336e-16,24
96,3,32,krylov,7,722523,14,2.3494693417846197,18.666666666666668,0.8887506512913347,4.723482587622458e-16,24
96,3,32,krylov,7,722523,15,2.377718261339736,20.0,0.9169009692110351,4.815217524534507e-16,24
96,3,32,krylov,7,722523,16,2.399443251789526,21.333333333333332,0.9390975895331304,4.876011786093077e-16,24
96,3,32,krylov,7,722523,17,2.410487291696877,22.666666666666668,0.9505676206871921,5.019244181943546e-16,24
96,3,32,krylov,7,722523,18,2.4221983767708384,24.0,0.9628696073931066,5.101364450412201e-16,24
96,3,32,krylov,7,722523,19,2.4330877699462827,25.333333333333332,0.9744384281357896,5.132980004256023e-16,24
96,3,32,krylov,7,722523,20,2.4430014198805283,26.666666666666668,0.9850807391884846,6.937218291442721e-16,24
96,3,32,krylov,7,722523,21,2.4480487098492656,28.0,0.9905396755848894,6.950406514079642e-16,24
96,3,32,krylov,7,722523,22,2.451788478635522,29.333333333333332,0.9946022600973762,6.951899654077021e-16,24
96,3,32,krylov,7,722523,23,2.4540195822326125,30.666666666666668,0.9970331975680526,6.952575956966042e-16,24
96,3,32,krylov,7,722523,24,2.455062439380117,32.0,0.9981713219694532,6.96125513613546e-16,24
96,3,32,reply_null,0,722524,0,0.0,0.0,0.0,0.0,24
96,3,32,reply_null,0,722524,1,0.05675370717510634,1.3333333333333333,0.005474540922360446,2.220446049250313e-16,24
96,3,32,reply_null,0,722524,2,0.4399739396666337,2.6666666666666665,0.049811417906020075,2.2397931145959134e-16,24
96,3,32,reply_null,0,722524,3,0.8603231186990079,4.0,0.0999765246018376,2.242614178331953e-16,24
96,3,32,reply_null,0,722524,4,0.9596408151030129,5.333333333333333,0.11522268799532681,2.2633620633295877e-16,24
96,3,32,reply_null,0,722524,5,1.3398911626416277,6.666666666666667,0.18647035858609481,2.436851567102861e-16,24
96,3,32,reply_null,0,722524,6,1.5135353558724756,8.0,0.2204558730216293,2.4754734623511714e-16,24
96,3,32,reply_null,0,722524,7,1.5322064503117674,9.333333333333334,0.22266148211817383,2.596670163622697e-16,24
96,3,32,reply_null,0,722524,8,1.844615714352351,10.666666666666666,0.2677304962071472,9.008202695018482e-16,24
96,3,32,reply_null,0,722524,9,1.8997370738087365,12.0,0.2797628205057004,9.008401798887833e-16,24
96,3,32,reply_null,0,722524,10,2.0154002200059797,13.333333333333334,0.29686401404821444,9.008401974444007e-16,24
96,3,32,reply_null,0,722524,11,2.1935493558058745,14.666666666666666,0.3288516364677843,9.01195680627974e-16,24
96,3,32,reply_null,0,722524,12,2.2516202842573128,16.0,0.3410088293741989,9.012168432515944e-16,24
96,3,32,reply_null,0,722524,13,2.4598830085195953,17.333333333333332,0.3880343969294385,9.01249996468622e-16,24
96,3,32,reply_null,0,722524,14,2.5487754244379253,18.666666666666668,0.4070884259725983,9.013531233382388e-16,24
96,3,32,reply_null,0,722524,15,2.5587232737542163,20.0,0.4085671021710824,9.01393586215894e-16,24
96,3,32,reply_null,0,722524,16,2.9435261579582868,21.333333333333332,0.48563632161154513,9.036869986266238e-16,24
96,3,32,reply_null,0,722524,17,3.0242199658330318,22.666666666666668,0.5095105832245223,9.038107201535936e-16,24
96,3,32,reply_null,0,722524,18,3.2829393993083835,24.0,0.5734673121413288,9.038108696252436e-16,24
96,3,32,reply_null,0,722524,19,3.640847562893337,25.333333333333332,0.6958342109942194,9.038603906972935e-16,24
96,3,32,reply_null,0,722524,20,3.6885930345100264,26.666666666666668,0.7125535884462408,9.047487066197998e-16,24
96,3,32,reply_null,0,722524,21,3.7420973561605884,28.0,0.7315700811796526,9.050116020857086e-16,24
96,3,32,reply_null,0,722524,22,3.8337768060831388,29.333333333333332,0.7649415346641127,9.0546710904348e-16,24
96,3,32,reply_null,0,722524,23,4.18589258203765,30.666666666666668,0.8810755789165798,9.05511566194962e-16,24
96,3,32,reply_null,0,722524,24,4.297953133281071,32.0,0.917328812173739,9.055990987428379e-16,24
96,3,32,reply_null,1,722525,0,0.0,0.0,0.0,0.0,24
96,3,32,reply_null,1,722525,1,0.5440678389455504,1.3333333333333333,0.06778139237366744,0.0,24
96,3,32,reply_null,1,722525,2,0.8431733241282126,2.6666666666666665,0.11268315291315109,1.1479708673460215e-16,24
96,3,32,reply_null,1,722525,3,0.8943677370082692,4.0,0.11881853854029802,1.3568456479354806e-16,24
96,3,32,reply_null,1,722525,4,1.5754572290930233,5.333333333333333,0.22700333414653784,2.2682111063866233e-16,24
96,3,32,reply_null,1,722525,5,1.7397975500302145,6.666666666666667,0.25472228804529723,2.2689999805610355e-16,24
96,3,32,reply_null,1,722525,6,1.8553764719024977,8.0,0.2779148624806197,2.528665288346977e-16,24
96,3,32,reply_null,1,722525,7,1.9830924326219028,9.333333333333334,0.29820904531785425,2.577872429039591e-16,24
96,3,32,reply_null,1,722525,8,2.2006352661328044,10.666666666666666,0.3535429721803237,4.48385595997403e-16,24
96,3,32,reply_null,1,722525,9,2.490647735787443,12.0,0.41525872980545164,4.484092681763366e-16,24
96,3,32,reply_null,1,722525,10,2.518651300306964,13.333333333333334,0.4228678241625201,4.484477785556737e-16,24
96,3,32,reply_null,1,722525,11,2.5900248828785006,14.666666666666666,0.4454273582716217,4.63489415228415e-16,24
96,3,32,reply_null,1,722525,12,2.7474385276417914,16.0,0.48595216085817927,4.747123525586347e-16,24
96,3,32,reply_null,1,722525,13,3.106664778943464,17.333333333333332,0.5835044637922682,4.821257978425013e-16,24
96,3,32,reply_null,1,722525,14,3.208859250154302,18.666666666666668,0.622516191245023,4.822885154652317e-16,24
96,3,32,reply_null,1,722525,15,3.266480329244981,20.0,0.6438990620473853,4.84719098462224e-16,24
96,3,32,reply_null,1,722525,16,3.403451427760247,21.333333333333332,0.6789336909891716,4.876448323384622e-16,24
96,3,32,reply_null,1,722525,17,3.543416033129738,22.666666666666668,0.7316486254094854,4.881218258022633e-16,24
96,3,32,reply_null,1,722525,18,3.5497137523957103,24.0,0.7329946557885981,4.886297229290686e-16,24
96,3,32,reply_null,1,722525,19,3.5763066166342314,25.333333333333332,0.7388252262209497,6.85728836962946e-16,24
96,3,32,reply_null,1,722525,20,3.581554187746584,26.666666666666668,0.7410025316297167,6.871048352554881e-16,24
96,3,32,reply_null,1,722525,21,3.695808694043647,28.0,0.7699712644619839,6.871264754973772e-16,24
96,3,32,reply_null,1,722525,22,3.7792162653235786,29.333333333333332,0.8066842969058852,6.881260027667933e-16,24
96,3,32,reply_null,1,722525,23,3.815331701315829,30.666666666666668,0.8195029951838464,6.881704539189318e-16,24
96,3,32,reply_null,1,722525,24,3.8631646740840937,32.0,0.8350557899258592,6.883749185842399e-16,24
96,3,32,reply_null,2,722526,0,0.0,0.0,0.0,0.0,24
96,3,32,reply_null,2,722526,1,0.09666446462821493,1.3333333333333333,0.009514755235300534,2.220446049250313e-16,24
96,3,32,reply_null,2,722526,2,0.17108238998886377,2.6666666666666665,0.017350454064267707,2.220446049250313e-16,24
96,3,32,reply_null,2,722526,3,0.512214617544779,4.0,0.05612306458807756,2.654935439290507e-16,24
96,3,32,reply_null,2,722526,4,0.8295679014865833,5.333333333333333,0.104452430257927,1.2813992803226386e-16,24
96,3,32,reply_null,2,722526,5,0.8948393979213691,6.666666666666667,0.11297502884854603,2.2938795867073643e-16,24
96,3,32,reply_null,2,722526,6,1.0115908684244994,8.0,0.12993928024711937,2.3004497616681997e-16,24
96,3,32,reply_null,2,722526,7,1.0812661640830692,9.333333333333334,0.137413196972873,2.303329869411452e-16,24
96,3,32,reply_null,2,722526,8,1.3326103489070937,10.666666666666666,0.17158726453497317,7.858295861544933e-16,24
96,3,32,reply_null,2,722526,9,1.4825739056255736,12.0,0.19639433545994026,7.943240758108882e-16,24
96,3,32,reply_null,2,722526,10,1.5133393383616967,13.333333333333334,0.20143858758733987,7.943277426702522e-16,24
96,3,32,reply_null,2,722526,11,1.5242474062704474,14.666666666666666,0.20345939684131376,7.946555923908882e-16,24
96,3,32,reply_null,2,722526,12,1.5812213851941683,16.0,0.2147465285474574,7.958286335328101e-16,24
96,3,32,reply_null,2,722526,13,1.723318231243789,17.333333333333332,0.24347923723345366,7.960238423019942e-16,24
96,3,32,reply_null,2,722526,14,1.811551035466237,18.666666666666668,0.26368931672977236,7.960373602476809e-16,24
96,3,32,reply_null,2,722526,15,1.9216230973970787,20.0,0.2838570835146656,7.965465657871579e-16,24
96,3,32,reply_null,2,722526,16,1.9658781848395486,21.333333333333332,0.29016245914015404,7.978334017976353e-16,24
96,3,32,reply_null,2,722526,17,2.215553853963087,22.666666666666668,0.3338806946691912,8.023567682285646e-16,24
96,3,32,reply_null,2,722526,18,2.5875914462512837,24.0,0.40028964897877284,8.025651893408478e-16,24
96,3,32,reply_null,2,722526,19,2.809762195115651,25.333333333333332,0.4445819025740565,8.028618898985109e-16,24
96,3,32,reply_null,2,722526,20,2.8806731230618134,26.666666666666668,0.4607704715683721,8.029419401200446e-16,24
96,3,32,reply_null,2,722526,21,3.022600594515831,28.0,0.4944051970016167,8.055953366127038e-16,24
96,3,32,reply_null,2,722526,22,3.0785169526188154,29.333333333333332,0.5092736836798932,8.056046919251883e-16,24
96,3,32,reply_null,2,722526,23,3.1485860130887673,30.666666666666668,0.5277812601877067,8.064102145259775e-16,24
96,3,32,reply_null,2,722526,24,3.2629053506685497,32.0,0.5576394693965199,8.070058019205622e-16,24
96,3,32,reply_null,3,722527,0,0.0,0.0,0.0,0.0,24
96,3,32,reply_null,3,722527,1,0.0834558148440733,1.3333333333333333,0.008159735936652385,0.0,24
96,3,32,reply_null,3,722527,2,0.1400953613997992,2.6666666666666665,0.013770374169992473,1.3877787807814457e-17,24
96,3,32,reply_null,3,722527,3,0.25476084517668346,4.0,0.02581998931489841,4.443332594199971e-16,24
96,3,32,reply_null,3,722527,4,0.3622989259916389,5.333333333333333,0.0373286853670948,4.468967799405711e-16,24
96,3,32,reply_null,3,722527,5,0.4177631387198512,6.666666666666667,0.043324361734248425,4.473731550656347e-16,24
96,3,32,reply_null,3,722527,6,0.5851051402330871,8.0,0.06269702629679617,4.475164555234942e-16,24
96,3,32,reply_null,3,722527,7,0.7579724013203635,9.333333333333334,0.08342806620860835,4.480897003804997e-16,24
96,3,32,reply_null,3,722527,8,0.9291646028395878,10.666666666666666,0.10650599092669369,5.218046283403902e-16,24
96,3,32,reply_null,3,722527,9,1.088539491553779,12.0,0.129033423937967,5.33834410662764e-16,24
96,3,32,reply_null,3,722527,10,1.2584663565917962,13.333333333333334,0.15303383294588047,5.3383581193955355e-16,24
96,3,32,reply_null,3,722527,11,1.4766950850040916,14.666666666666666,0.1896928858734766,5.339884810873912e-16,24
96,3,32,reply_null,3,722527,12,1.5851523396601428,16.0,0.203253236856993,5.344012831207362e-16,24
96,3,32,reply_null,3,722527,13,1.7816839301440583,17.333333333333332,0.2336593337638662,5.349158550376864e-16,24
96,3,32,reply_null,3,722527,14,2.0738009264646555,18.666666666666668,0.2868540048760968,5.349408411819322e-16,24
96,3,32,reply_null,3,722527,15,2.1077436263141323,20.0,0.2926264426948365,5.375821434829484e-16,24
96,3,32,reply_null,3,722527,16,2.4260760369762386,21.333333333333332,0.36276929092787147,5.442817951063651e-16,24
96,3,32,reply_null,3,722527,17,2.815985056329726,22.666666666666668,0.45461203691833313,5.442892363519321e-16,24
96,3,32,reply_null,3,722527,18,2.9729797666030513,24.0,0.49329191197000544,5.452088535966245e-16,24
96,3,32,reply_null,3,722527,19,3.332200499416601,25.333333333333332,0.5796000098193382,5.455824898474501e-16,24
96,3,32,reply_null,3,722527,20,3.4606248106943664,26.666666666666668,0.6207838019081423,5.465012256259037e-16,24
96,3,32,reply_null,3,722527,21,3.6001818019774148,28.0,0.6687047132726897,5.475295537312275e-16,24
96,3,32,reply_null,3,722527,22,3.6155819291560096,29.333333333333332,0.6746118237521637,5.502194029302264e-16,24
96,3,32,reply_null,3,722527,23,3.717290865673175,30.666666666666668,0.7013134763837072,6.048672456158155e-16,24
96,3,32,reply_null,3,722527,24,3.7591680817291557,32.0,0.7150929074524133,6.074371192599471e-16,24
96,3,32,reply_null,4,722528,0,0.0,0.0,0.0,0.0,24
96,3,32,reply_null,4,722528,1,0.10306454998821252,1.3333333333333333,0.010177777921202101,1.1102230246251565e-16,24
96,3,32,reply_null,4,722528,2,0.3508013262327479,2.6666666666666665,0.037960857205171124,1.249000902703301e-16,24
96,3,32,reply_null,4,722528,3,0.5583577309498995,4.0,0.06490820973796844,1.2590556514222316e-16,24
96,3,32,reply_null,4,722528,4,0.7140793375950034,5.333333333333333,0.0839567777985045,2.266948909445277e-16,24
96,3,32,reply_null,4,722528,5,0.9245646777146352,6.666666666666667,0.10897755180158612,2.2904585948954236e-16,24
96,3,32,reply_null,4,722528,6,1.2342792915084857,8.0,0.1655411449976126,2.2904809817437613e-16,24
96,3,32,reply_null,4,722528,7,1.2451668918249448,9.333333333333334,0.16757725902442552,2.3021767525019936e-16,24
96,3,32,reply_null,4,722528,8,1.6156996369987198,10.666666666666666,0.22390742129642027,4.624497449213033e-16,24
96,3,32,reply_null,4,722528,9,1.8374240729099194,12.0,0.27473436076959307,4.634212499999198e-16,24
96,3,32,reply_null,4,722528,10,1.9912091774046536,13.333333333333334,0.30616928228145984,5.57457690747407e-16,24
96,3,32,reply_null,4,722528,11,2.05780783743024,14.666666666666666,0.3146953032448327,5.57526892591748e-16,24
96,3,32,reply_null,4,722528,12,2.116973607761671,16.0,0.3231343588947978,5.57532172118976e-16,24
96,3,32,reply_null,4,722528,13,2.3517125867492465,17.333333333333332,0.35963929393255667,5.580071734023592e-16,24
96,3,32,reply_null,4,722528,14,2.418232679608665,18.666666666666668,0.3754871738447712,5.582314354752162e-16,24
96,3,32,reply_null,4,722528,15,2.5078964993753132,20.0,0.39385491128697786,5.583106897054111e-16,24
96,3,32,reply_null,4,722528,16,2.6016059014898754,21.333333333333332,0.4116584714540619,5.589650169691509e-16,24
96,3,32,reply_null,4,722528,17,2.7053180662471865,22.666666666666668,0.4329026892341839,5.671664173419656e-16,24
96,3,32,reply_null,4,722528,18,2.932380239975668,24.0,0.4941972042179376,5.671883435096118e-16,24
96,3,32,reply_null,4,722528,19,3.066133163300845,25.333333333333332,0.5265296618926232,5.67197076853605e-16,24
96,3,32,reply_null,4,722528,20,3.070597102697088,26.666666666666668,0.5275476074834408,5.830310682391032e-16,24
96,3,32,reply_null,4,722528,21,3.319697745093361,28.0,0.5973201734899267,5.833484735182647e-16,24
96,3,32,reply_null,4,722528,22,3.403946372431376,29.333333333333332,0.6237227496242367,5.834988271142943e-16,24
96,3,32,reply_null,4,722528,23,3.5105267367969666,30.666666666666668,0.6520585699434045,5.857091929449452e-16,24
96,3,32,reply_null,4,722528,24,3.557527145101088,32.0,0.6650700020092298,5.858214022979104e-16,24
96,3,32,reply_null,5,722529,0,0.0,0.0,0.0,0.0,24
96,3,32,reply_null,5,722529,1,0.10277099081767392,1.3333333333333333,0.010147273446572867,0.0,24
96,3,32,reply_null,5,722529,2,0.49031084692834337,2.6666666666666665,0.05711288559808022,2.225314285619076e-16,24
96,3,32,reply_null,5,722529,3,0.7289115269581936,4.0,0.08325361004348511,2.290667948215098e-16,24
96,3,32,reply_null,5,722529,4,0.951925177060608,5.333333333333333,0.10991172754066879,2.451266690872971e-16,24
96,3,32,reply_null,5,722529,5,0.9911636829744757,6.666666666666667,0.1147953401001635,2.454330658791662e-16,24
96,3,32,reply_null,5,722529,6,1.1838073291055693,8.0,0.14011623869856576,2.476423866987296e-16,24
96,3,32,reply_null,5,722529,7,1.2810844019371195,9.333333333333334,0.1539867635383269,2.510710908920494e-16,24
96,3,32,reply_null,5,722529,8,1.426400825385655,10.666666666666666,0.17969470661156,4.859775822668166e-16,24
96,3,32,reply_null,5,722529,9,1.474446608004655,12.0,0.18577182365158787,4.961654551913832e-16,24
96,3,32,reply_null,5,722529,10,1.508656726190638,13.333333333333334,0.1913650967174396,4.961781206148008e-16,24
96,3,32,reply_null,5,722529,11,1.518262388276065,14.666666666666666,0.192731304528826,4.971530989764225e-16,24
96,3,32,reply_null,5,722529,12,1.988032930600389,16.0,0.2900865546087702,4.980913170595812e-16,24
96,3,32,reply_null,5,722529,13,2.222310170149147,17.333333333333332,0.33160982431334357,4.984319810825451e-16,24
96,3,32,reply_null,5,722529,14,2.4819367317049754,18.666666666666668,0.4082518995934244,4.994175741156391e-16,24
96,3,32,reply_null,5,722529,15,2.614088932090114,20.0,0.4361239953201214,4.996266187958695e-16,24
96,3,32,reply_null,5,722529,16,2.775315453785479,21.333333333333332,0.47837633673206514,5.087530863713232e-16,24
96,3,32,reply_null,5,722529,17,2.9991435772478483,22.666666666666668,0.5236719144481007,5.087919966385632e-16,24
96,3,32,reply_null,5,722529,18,3.0348745965205732,24.0,0.5298034624356887,5.091162512232686e-16,24
96,3,32,reply_null,5,722529,19,3.037894590116654,25.333333333333332,0.5304058003700558,5.12110958419584e-16,24
96,3,32,reply_null,5,722529,20,3.064578695224871,26.666666666666668,0.5366571648344635,5.121606983966896e-16,24
96,3,32,reply_null,5,722529,21,3.1805663972970115,28.0,0.5654634323802499,5.369039296785e-16,24
96,3,32,reply_null,5,722529,22,3.233371229522748,29.333333333333332,0.5806949534965656,5.38566934466831e-16,24
96,3,32,reply_null,5,722529,23,3.2583449410145606,30.666666666666668,0.5864960140292578,5.433811144098763e-16,24
96,3,32,reply_null,5,722529,24,3.3803412707004874,32.0,0.6137891163053449,5.433876169681527e-16,24
96,3,32,reply_null,6,722530,0,0.0,0.0,0.0,0.0,24
96,3,32,reply_null,6,722530,1,0.3247848620429499,1.3333333333333333,0.0359749612952116,2.220446049250313e-16,24
96,3,32,reply_null,6,722530,2,0.48359942537058836,2.6666666666666665,0.0558076000648116,4.4671446648824615e-16,24
96,3,32,reply_null,6,722530,3,0.644842646153593,4.0,0.07263375230008563,4.472253388489034e-16,24
96,3,32,reply_null,6,722530,4,1.0795234894716816,5.333333333333333,0.126529349907596,4.505738716744517e-16,24
96,3,32,reply_null,6,722530,5,1.1582211233233708,6.666666666666667,0.1380893465567745,4.509078158038985e-16,24
96,3,32,reply_null,6,722530,6,1.4227531551989663,8.0,0.17507841582932593,4.535276939250879e-16,24
96,3,32,reply_null,6,722530,7,1.669017995851975,9.333333333333334,0.216829258081576,4.535510867287783e-16,24
96,3,32,reply_null,6,722530,8,2.21735304244477,10.666666666666666,0.32257459182638965,3.441702169641004e-16,24
96,3,32,reply_null,6,722530,9,2.5085150655838357,12.0,0.3983329472875954,3.4493218216516914e-16,24
96,3,32,reply_null,6,722530,10,2.532455722125719,13.333333333333334,0.4029374575615766,4.655936765311217e-16,24
96,3,32,reply_null,6,722530,11,2.7287300468171733,14.666666666666666,0.4367981262134939,4.659884952623061e-16,24
96,3,32,reply_null,6,722530,12,2.935702068239517,16.0,0.49750824106770036,4.845675241676269e-16,24
96,3,32,reply_null,6,722530,13,3.052990425145677,17.333333333333332,0.5239387470614019,4.853439054349706e-16,24
96,3,32,reply_null,6,722530,14,3.092267037908057,18.666666666666668,0.5373755543544441,4.853981467979981e-16,24
96,3,32,reply_null,6,722530,15,3.2438967809275896,20.0,0.5768052000204412,4.859350607804956e-16,24
96,3,32,reply_null,6,722530,16,3.2956313569163878,21.333333333333332,0.5898263692100418,4.864030602151545e-16,24
96,3,32,reply_null,6,722530,17,3.339374554906295,22.666666666666668,0.6029355368858155,4.864843877434415e-16,24
96,3,32,reply_null,6,722530,18,3.5800078481957742,24.0,0.6737474628754112,4.865859804695371e-16,24
96,3,32,reply_null,6,722530,19,3.7849850351702337,25.333333333333332,0.7260704109626003,4.86772170546207e-16,24
96,3,32,reply_null,6,722530,20,3.854506104624755,26.666666666666668,0.7487292397570496,4.890641079016969e-16,24
96,3,32,reply_null,6,722530,21,3.9042481031883383,28.0,0.7647764009500022,5.864436974194419e-16,24
96,3,32,reply_null,6,722530,22,4.136611147269253,29.333333333333332,0.8433431296274307,5.866495791010348e-16,24
96,3,32,reply_null,6,722530,23,4.2170199053943165,30.666666666666668,0.8790553085794973,7.156002432003487e-16,24
96,3,32,reply_null,6,722530,24,4.304388674043035,32.0,0.9122068652506988,7.156957613029288e-16,24
96,3,32,reply_null,7,722531,0,0.0,0.0,0.0,0.0,24
96,3,32,reply_null,7,722531,1,0.2676498779921987,1.3333333333333333,0.028770889606019923,1.1102230246251565e-16,24
96,3,32,reply_null,7,722531,2,0.5249770555526899,2.6666666666666665,0.05962173032654447,2.220446049250313e-16,24
96,3,32,reply_null,7,722531,3,0.6604788550810542,4.0,0.0745788986463244,2.2397931145959134e-16,24
96,3,32,reply_null,7,722531,4,0.8585401124390224,5.333333333333333,0.0973260443222743,2.2951322940265043e-16,24
96,3,32,reply_null,7,722531,5,1.2024886913637045,6.666666666666667,0.1500746141647499,2.3132864155089384e-16,24
96,3,32,reply_null,7,722531,6,1.3616704491398657,8.0,0.1715508735308891,2.3452748969847093e-16,24
96,3,32,reply_null,7,722531,7,1.4064297543840723,9.333333333333334,0.17746079816589708,2.5845887795515545e-16,24
96,3,32,reply_null,7,722531,8,1.4995675807961457,10.666666666666666,0.19290079346375733,6.724121915577847e-16,24
96,3,32,reply_null,7,722531,9,1.5329850174535136,12.0,0.1974941285884073,6.753109893249176e-16,24
96,3,32,reply_null,7,722531,10,1.8319452577686892,13.333333333333334,0.25992565227398334,6.753468500970409e-16,24
96,3,32,reply_null,7,722531,11,2.085843423694348,14.666666666666666,0.32141612067566133,6.757715103738569e-16,24
96,3,32,reply_null,7,722531,12,2.570806387490164,16.0,0.41390629073352264,6.759469272332132e-16,24
96,3,32,reply_null,7,722531,13,2.6169125831866697,17.333333333333332,0.42754260127851634,6.770130295488666e-16,24
96,3,32,reply_null,7,722531,14,3.091541476435163,18.666666666666668,0.5258223086668878,6.770348725008095e-16,24
96,3,32,reply_null,7,722531,15,3.158153696782341,20.0,0.5447536464367007,6.887285826610434e-16,24
96,3,32,reply_null,7,722531,16,3.1868346208955187,21.333333333333332,0.5504996480792562,6.891142767185358e-16,24
96,3,32,reply_null,7,722531,17,3.314443917106591,22.666666666666668,0.5850971463740853,6.891147682563687e-16,24
96,3,32,reply_null,7,722531,18,3.3734355269598866,24.0,0.6021412689144289,6.91996310820629e-16,24
96,3,32,reply_null,7,722531,19,3.425021543961642,25.333333333333332,0.6173350475486985,6.921254870568833e-16,24
96,3,32,reply_null,7,722531,20,3.561678855106052,26.666666666666668,0.6639175642912463,6.924923068792247e-16,24
96,3,32,reply_null,7,722531,21,3.7647844589424135,28.0,0.7272180336556934,6.940683553378991e-16,24
96,3,32,reply_null,7,722531,22,3.7799832172621066,29.333333333333332,0.7327376017520054,6.944040283284292e-16,24
96,3,32,reply_null,7,722531,23,3.7960087470459714,30.666666666666668,0.7390977127374642,6.944041283410674e-16,24
96,3,32,reply_null,7,722531,24,3.886359201983561,32.0,0.7654582517567493,6.945487320972341e-16,24
