select	Set up job	﻿2026-09-12T15:49:05.0824816Z Current runner version: '2.337.0'
select	Set up job	2026-09-12T15:49:05.0850493Z ##[group]Runner Image Provisioner
select	Set up job	2026-09-12T15:49:05.0851528Z Hosted Compute Agent
select	Set up job	2026-09-12T15:49:05.0852138Z Version: 20260828.587
select	Set up job	2026-09-12T15:49:05.0852807Z Commit: abac92662cab4cc7352de4f9f9d2e2419aad9c29
select	Set up job	2026-09-12T15:49:05.0853611Z Build Date: 2026-08-28T16:44:25Z
select	Set up job	2026-09-12T15:49:05.0854573Z Worker ID: {6d8d3193-f57a-4b1e-8a55-4adf9d03301d}
select	Set up job	2026-09-12T15:49:05.0855402Z Azure Region: westus2
select	Set up job	2026-09-12T15:49:05.0855998Z ##[endgroup]
select	Set up job	2026-09-12T15:49:05.0857625Z ##[group]Operating System
select	Set up job	2026-09-12T15:49:05.0858362Z Ubuntu
select	Set up job	2026-09-12T15:49:05.0858887Z 24.04.5
select	Set up job	2026-09-12T15:49:05.0859406Z LTS
select	Set up job	2026-09-12T15:49:05.0859985Z ##[endgroup]
select	Set up job	2026-09-12T15:49:05.0860571Z ##[group]Runner Image
select	Set up job	2026-09-12T15:49:05.0861220Z Image: ubuntu-24.04
select	Set up job	2026-09-12T15:49:05.0861786Z Version: 20260907.300.1
select	Set up job	2026-09-12T15:49:05.0862878Z Included Software: https://github.com/actions/runner-images/blob/ubuntu24/20260907.300/images/ubuntu/Ubuntu2404-Readme.md
select	Set up job	2026-09-12T15:49:05.0864941Z Image Release: https://github.com/actions/runner-images/releases/tag/ubuntu24%2F20260907.300
select	Set up job	2026-09-12T15:49:05.0866338Z ##[endgroup]
select	Set up job	2026-09-12T15:49:05.0867487Z ##[group]GITHUB_TOKEN Permissions
select	Set up job	2026-09-12T15:49:05.0869660Z Contents: read
select	Set up job	2026-09-12T15:49:05.0870287Z Metadata: read
select	Set up job	2026-09-12T15:49:05.0870827Z ##[endgroup]
select	Set up job	2026-09-12T15:49:05.0872935Z Secret source: Actions
select	Set up job	2026-09-12T15:49:05.0873918Z Cache mode: write
select	Set up job	2026-09-12T15:49:05.0874987Z Prepare workflow directory
select	Set up job	2026-09-12T15:49:05.1215169Z Prepare all required actions
select	Set up job	2026-09-12T15:49:05.1268014Z Getting action download info
select	Set up job	2026-09-12T15:49:05.4688290Z Download action repository 'actions/checkout@11d5960a326750d5838078e36cf38b85af677262' (SHA:11d5960a326750d5838078e36cf38b85af677262)
select	Set up job	2026-09-12T15:49:05.6741094Z Complete job name: select
select	Run actions/checkout@11d5960a326750d5838078e36cf38b85af677262	﻿2026-09-12T15:49:05.7596870Z Node 20 is being deprecated. This workflow is running with Node 24 by default. If you need to temporarily use Node 20, you can set the ACTIONS_ALLOW_USE_UNSECURE_NODE_VERSION=true environment variable. For more information see: https://github.blog/changelog/2025-09-19-deprecation-of-node-20-on-github-actions-runners/
select	Run actions/checkout@11d5960a326750d5838078e36cf38b85af677262	2026-09-12T15:49:05.7606389Z ##[group]Run actions/checkout@11d5960a326750d5838078e36cf38b85af677262
select	Run actions/checkout@11d5960a326750d5838078e36cf38b85af677262	2026-09-12T15:49:05.7607422Z with:
select	Run actions/checkout@11d5960a326750d5838078e36cf38b85af677262	2026-09-12T15:49:05.7607928Z   fetch-depth: 0
select	Run actions/checkout@11d5960a326750d5838078e36cf38b85af677262	2026-09-12T15:49:05.7608464Z   persist-credentials: false
select	Run actions/checkout@11d5960a326750d5838078e36cf38b85af677262	2026-09-12T15:49:05.7609100Z   repository: sgstepaniants/OpenProblemsInNLA
select	Run actions/checkout@11d5960a326750d5838078e36cf38b85af677262	2026-09-12T15:49:05.7613022Z   token: ***
select	Run actions/checkout@11d5960a326750d5838078e36cf38b85af677262	2026-09-12T15:49:05.7613525Z   ssh-strict: true
select	Run actions/checkout@11d5960a326750d5838078e36cf38b85af677262	2026-09-12T15:49:05.7614040Z   ssh-user: git
select	Run actions/checkout@11d5960a326750d5838078e36cf38b85af677262	2026-09-12T15:49:05.7614776Z   clean: true
select	Run actions/checkout@11d5960a326750d5838078e36cf38b85af677262	2026-09-12T15:49:05.7615281Z   sparse-checkout-cone-mode: true
select	Run actions/checkout@11d5960a326750d5838078e36cf38b85af677262	2026-09-12T15:49:05.7615808Z   fetch-tags: false
select	Run actions/checkout@11d5960a326750d5838078e36cf38b85af677262	2026-09-12T15:49:05.7616251Z   show-progress: true
select	Run actions/checkout@11d5960a326750d5838078e36cf38b85af677262	2026-09-12T15:49:05.7616693Z   lfs: false
select	Run actions/checkout@11d5960a326750d5838078e36cf38b85af677262	2026-09-12T15:49:05.7617246Z   submodules: false
select	Run actions/checkout@11d5960a326750d5838078e36cf38b85af677262	2026-09-12T15:49:05.7617793Z   set-safe-directory: true
select	Run actions/checkout@11d5960a326750d5838078e36cf38b85af677262	2026-09-12T15:49:05.7618307Z   allow-unsafe-pr-checkout: false
select	Run actions/checkout@11d5960a326750d5838078e36cf38b85af677262	2026-09-12T15:49:05.7619121Z ##[endgroup]
select	Run actions/checkout@11d5960a326750d5838078e36cf38b85af677262	2026-09-12T15:49:05.8636501Z Syncing repository: sgstepaniants/OpenProblemsInNLA
select	Run actions/checkout@11d5960a326750d5838078e36cf38b85af677262	2026-09-12T15:49:05.8639219Z ##[group]Getting Git version info
select	Run actions/checkout@11d5960a326750d5838078e36cf38b85af677262	2026-09-12T15:49:05.8640711Z Working directory is '/home/runner/work/OpenProblemsInNLA/OpenProblemsInNLA'
select	Run actions/checkout@11d5960a326750d5838078e36cf38b85af677262	2026-09-12T15:49:05.8642565Z [command]/usr/bin/git version
select	Run actions/checkout@11d5960a326750d5838078e36cf38b85af677262	2026-09-12T15:49:05.8727905Z git version 2.55.0
select	Run actions/checkout@11d5960a326750d5838078e36cf38b85af677262	2026-09-12T15:49:05.8752089Z ##[endgroup]
select	Run actions/checkout@11d5960a326750d5838078e36cf38b85af677262	2026-09-12T15:49:05.8771935Z Temporarily overriding HOME='/home/runner/work/_temp/34c9ea78-b88b-406a-9834-dc8a8a5148f6' before making global git config changes
select	Run actions/checkout@11d5960a326750d5838078e36cf38b85af677262	2026-09-12T15:49:05.8774552Z Adding repository directory to the temporary git global config as a safe directory
select	Run actions/checkout@11d5960a326750d5838078e36cf38b85af677262	2026-09-12T15:49:05.8776751Z [command]/usr/bin/git config --global --add safe.directory /home/runner/work/OpenProblemsInNLA/OpenProblemsInNLA
select	Run actions/checkout@11d5960a326750d5838078e36cf38b85af677262	2026-09-12T15:49:05.8833243Z Deleting the contents of '/home/runner/work/OpenProblemsInNLA/OpenProblemsInNLA'
select	Run actions/checkout@11d5960a326750d5838078e36cf38b85af677262	2026-09-12T15:49:05.8837927Z ##[group]Initializing the repository
select	Run actions/checkout@11d5960a326750d5838078e36cf38b85af677262	2026-09-12T15:49:05.8841803Z [command]/usr/bin/git init /home/runner/work/OpenProblemsInNLA/OpenProblemsInNLA
select	Run actions/checkout@11d5960a326750d5838078e36cf38b85af677262	2026-09-12T15:49:05.8979809Z hint: Using 'master' as the name for the initial branch. This default branch name
select	Run actions/checkout@11d5960a326750d5838078e36cf38b85af677262	2026-09-12T15:49:05.8981592Z hint: will change to "main" in Git 3.0. To configure the initial branch name
select	Run actions/checkout@11d5960a326750d5838078e36cf38b85af677262	2026-09-12T15:49:05.8983152Z hint: to use in all of your new repositories, which will suppress this warning,
select	Run actions/checkout@11d5960a326750d5838078e36cf38b85af677262	2026-09-12T15:49:05.8985018Z hint: call:
select	Run actions/checkout@11d5960a326750d5838078e36cf38b85af677262	2026-09-12T15:49:05.8985710Z hint:
select	Run actions/checkout@11d5960a326750d5838078e36cf38b85af677262	2026-09-12T15:49:05.8986524Z hint: 	git config --global init.defaultBranch <name>
select	Run actions/checkout@11d5960a326750d5838078e36cf38b85af677262	2026-09-12T15:49:05.8987568Z hint:
select	Run actions/checkout@11d5960a326750d5838078e36cf38b85af677262	2026-09-12T15:49:05.8988563Z hint: Names commonly chosen instead of 'master' are 'main', 'trunk' and
select	Run actions/checkout@11d5960a326750d5838078e36cf38b85af677262	2026-09-12T15:49:05.8990106Z hint: 'development'. The just-created branch can be renamed via this command:
select	Run actions/checkout@11d5960a326750d5838078e36cf38b85af677262	2026-09-12T15:49:05.8991359Z hint:
select	Run actions/checkout@11d5960a326750d5838078e36cf38b85af677262	2026-09-12T15:49:05.8992009Z hint: 	git branch -m <name>
select	Run actions/checkout@11d5960a326750d5838078e36cf38b85af677262	2026-09-12T15:49:05.8992761Z hint:
select	Run actions/checkout@11d5960a326750d5838078e36cf38b85af677262	2026-09-12T15:49:05.8993837Z hint: Disable this message with "git config set advice.defaultBranchName false"
select	Run actions/checkout@11d5960a326750d5838078e36cf38b85af677262	2026-09-12T15:49:05.8996278Z Initialized empty Git repository in /home/runner/work/OpenProblemsInNLA/OpenProblemsInNLA/.git/
select	Run actions/checkout@11d5960a326750d5838078e36cf38b85af677262	2026-09-12T15:49:05.8999639Z [command]/usr/bin/git remote add origin https://github.com/sgstepaniants/OpenProblemsInNLA
select	Run actions/checkout@11d5960a326750d5838078e36cf38b85af677262	2026-09-12T15:49:05.9048841Z ##[endgroup]
select	Run actions/checkout@11d5960a326750d5838078e36cf38b85af677262	2026-09-12T15:49:05.9049957Z ##[group]Disabling automatic garbage collection
select	Run actions/checkout@11d5960a326750d5838078e36cf38b85af677262	2026-09-12T15:49:05.9052705Z [command]/usr/bin/git config --local gc.auto 0
select	Run actions/checkout@11d5960a326750d5838078e36cf38b85af677262	2026-09-12T15:49:05.9084927Z ##[endgroup]
select	Run actions/checkout@11d5960a326750d5838078e36cf38b85af677262	2026-09-12T15:49:05.9086031Z ##[group]Setting up auth
select	Run actions/checkout@11d5960a326750d5838078e36cf38b85af677262	2026-09-12T15:49:05.9092489Z [command]/usr/bin/git config --local --name-only --get-regexp core\.sshCommand
select	Run actions/checkout@11d5960a326750d5838078e36cf38b85af677262	2026-09-12T15:49:05.9125760Z [command]/usr/bin/git submodule foreach --recursive sh -c "git config --local --name-only --get-regexp 'core\.sshCommand' && git config --local --unset-all 'core.sshCommand' || :"
select	Run actions/checkout@11d5960a326750d5838078e36cf38b85af677262	2026-09-12T15:49:05.9552645Z [command]/usr/bin/git config --local --name-only --get-regexp http\.https\:\/\/github\.com\/\.extraheader
select	Run actions/checkout@11d5960a326750d5838078e36cf38b85af677262	2026-09-12T15:49:05.9587034Z [command]/usr/bin/git submodule foreach --recursive sh -c "git config --local --name-only --get-regexp 'http\.https\:\/\/github\.com\/\.extraheader' && git config --local --unset-all 'http.https://github.com/.extraheader' || :"
select	Run actions/checkout@11d5960a326750d5838078e36cf38b85af677262	2026-09-12T15:49:05.9821380Z [command]/usr/bin/git config --local --name-only --get-regexp ^includeIf\.gitdir:
select	Run actions/checkout@11d5960a326750d5838078e36cf38b85af677262	2026-09-12T15:49:05.9859509Z [command]/usr/bin/git submodule foreach --recursive git config --local --show-origin --name-only --get-regexp remote.origin.url
select	Run actions/checkout@11d5960a326750d5838078e36cf38b85af677262	2026-09-12T15:49:06.0085596Z [command]/usr/bin/git config --local http.https://github.com/.extraheader AUTHORIZATION: basic ***
select	Run actions/checkout@11d5960a326750d5838078e36cf38b85af677262	2026-09-12T15:49:06.0125363Z ##[endgroup]
select	Run actions/checkout@11d5960a326750d5838078e36cf38b85af677262	2026-09-12T15:49:06.0126838Z ##[group]Fetching the repository
select	Run actions/checkout@11d5960a326750d5838078e36cf38b85af677262	2026-09-12T15:49:06.0136996Z [command]/usr/bin/git -c protocol.version=2 fetch --prune --no-recurse-submodules origin +refs/heads/*:refs/remotes/origin/* +refs/tags/*:refs/tags/*
select	Run actions/checkout@11d5960a326750d5838078e36cf38b85af677262	2026-09-12T15:49:07.5129090Z From https://github.com/sgstepaniants/OpenProblemsInNLA
select	Run actions/checkout@11d5960a326750d5838078e36cf38b85af677262	2026-09-12T15:49:07.5131409Z  * [new branch]      codex/lean-ie19-inverse-norm -> origin/codex/lean-ie19-inverse-norm
select	Run actions/checkout@11d5960a326750d5838078e36cf38b85af677262	2026-09-12T15:49:07.5133835Z  * [new branch]      codex/lean-mi19-q-permanent -> origin/codex/lean-mi19-q-permanent
select	Run actions/checkout@11d5960a326750d5838078e36cf38b85af677262	2026-09-12T15:49:07.5136867Z  * [new branch]      codex/lean-verification-infrastructure -> origin/codex/lean-verification-infrastructure
select	Run actions/checkout@11d5960a326750d5838078e36cf38b85af677262	2026-09-12T15:49:07.5139766Z  * [new branch]      codex/stepaniants-aa01-md03-md04-resolutions -> origin/codex/stepaniants-aa01-md03-md04-resolutions
select	Run actions/checkout@11d5960a326750d5838078e36cf38b85af677262	2026-09-12T15:49:07.5143144Z  * [new branch]      codex/stepaniants-fr12-hadamard-counting -> origin/codex/stepaniants-fr12-hadamard-counting
select	Run actions/checkout@11d5960a326750d5838078e36cf38b85af677262	2026-09-12T15:49:07.5146813Z  * [new branch]      codex/stepaniants-ie02-jordan-gmres -> origin/codex/stepaniants-ie02-jordan-gmres
select	Run actions/checkout@11d5960a326750d5838078e36cf38b85af677262	2026-09-12T15:49:07.5150010Z  * [new branch]      codex/stepaniants-ie04-smoothed-tail-counterexample -> origin/codex/stepaniants-ie04-smoothed-tail-counterexample
select	Run actions/checkout@11d5960a326750d5838078e36cf38b85af677262	2026-09-12T15:49:07.5154064Z  * [new branch]      codex/stepaniants-ie05-orthogonal-counterexample -> origin/codex/stepaniants-ie05-orthogonal-counterexample
select	Run actions/checkout@11d5960a326750d5838078e36cf38b85af677262	2026-09-12T15:49:07.5158166Z  * [new branch]      codex/stepaniants-ie15-rook-growth -> origin/codex/stepaniants-ie15-rook-growth
select	Run actions/checkout@11d5960a326750d5838078e36cf38b85af677262	2026-09-12T15:49:07.5161334Z  * [new branch]      codex/stepaniants-ie26-fourier-stability -> origin/codex/stepaniants-ie26-fourier-stability
select	Run actions/checkout@11d5960a326750d5838078e36cf38b85af677262	2026-09-12T15:49:07.5165760Z  * [new branch]      codex/stepaniants-ke05-interpolation-counterexample -> origin/codex/stepaniants-ke05-interpolation-counterexample
select	Run actions/checkout@11d5960a326750d5838078e36cf38b85af677262	2026-09-12T15:49:07.5169837Z  * [new branch]      codex/stepaniants-mf02-cubic-overhead -> origin/codex/stepaniants-mf02-cubic-overhead
select	Run actions/checkout@11d5960a326750d5838078e36cf38b85af677262	2026-09-12T15:49:07.5173769Z  * [new branch]      codex/stepaniants-mf06-pointwise-lower-lipschitz -> origin/codex/stepaniants-mf06-pointwise-lower-lipschitz
select	Run actions/checkout@11d5960a326750d5838078e36cf38b85af677262	2026-09-12T15:49:07.5178264Z  * [new branch]      codex/stepaniants-mf18-complex-rank -> origin/codex/stepaniants-mf18-complex-rank
select	Run actions/checkout@11d5960a326750d5838078e36cf38b85af677262	2026-09-12T15:49:07.5184777Z  * [new branch]      codex/stepaniants-mf21-toeplitz-expansion-threshold -> origin/codex/stepaniants-mf21-toeplitz-expansion-threshold
select	Run actions/checkout@11d5960a326750d5838078e36cf38b85af677262	2026-09-12T15:49:07.5190957Z  * [new branch]      codex/stepaniants-mf22-spline-conditioning -> origin/codex/stepaniants-mf22-spline-conditioning
select	Run actions/checkout@11d5960a326750d5838078e36cf38b85af677262	2026-09-12T15:49:07.5194203Z  * [new branch]      codex/stepaniants-mi24-schatten -> origin/codex/stepaniants-mi24-schatten
select	Run actions/checkout@11d5960a326750d5838078e36cf38b85af677262	2026-09-12T15:49:07.5198125Z  * [new branch]      codex/stepaniants-mi28-determinant -> origin/codex/stepaniants-mi28-determinant
select	Run actions/checkout@11d5960a326750d5838078e36cf38b85af677262	2026-09-12T15:49:07.5201285Z  * [new branch]      codex/stepaniants-ra10-nuclear-transfer -> origin/codex/stepaniants-ra10-nuclear-transfer
select	Run actions/checkout@11d5960a326750d5838078e36cf38b85af677262	2026-09-12T15:49:07.5204809Z  * [new branch]      codex/stepaniants-ra12-gamma-tails -> origin/codex/stepaniants-ra12-gamma-tails
select	Run actions/checkout@11d5960a326750d5838078e36cf38b85af677262	2026-09-12T15:49:07.5207806Z  * [new branch]      codex/stepaniants-ra13-trace-tails -> origin/codex/stepaniants-ra13-trace-tails
select	Run actions/checkout@11d5960a326750d5838078e36cf38b85af677262	2026-09-12T15:49:07.5211671Z  * [new branch]      codex/stepaniants-ra19-critical-point-count -> origin/codex/stepaniants-ra19-critical-point-count
select	Run actions/checkout@11d5960a326750d5838078e36cf38b85af677262	2026-09-12T15:49:07.5216404Z  * [new branch]      codex/stepaniants-sp11-sp12-hall-applications -> origin/codex/stepaniants-sp11-sp12-hall-applications
select	Run actions/checkout@11d5960a326750d5838078e36cf38b85af677262	2026-09-12T15:49:07.5220678Z  * [new branch]      codex/stepaniants-sp13-trace-norm-perturbations -> origin/codex/stepaniants-sp13-trace-norm-perturbations
select	Run actions/checkout@11d5960a326750d5838078e36cf38b85af677262	2026-09-12T15:49:07.5225688Z  * [new branch]      codex/stepaniants-sp15-infinite-unitary-fiber -> origin/codex/stepaniants-sp15-infinite-unitary-fiber
select	Run actions/checkout@11d5960a326750d5838078e36cf38b85af677262	2026-09-12T15:49:07.5228693Z  * [new branch]      main       -> origin/main
select	Run actions/checkout@11d5960a326750d5838078e36cf38b85af677262	2026-09-12T15:49:07.5233308Z [command]/usr/bin/git branch --list --remote origin/codex/lean-mi19-q-permanent
select	Run actions/checkout@11d5960a326750d5838078e36cf38b85af677262	2026-09-12T15:49:07.5236678Z   origin/codex/lean-mi19-q-permanent
select	Run actions/checkout@11d5960a326750d5838078e36cf38b85af677262	2026-09-12T15:49:07.5241240Z [command]/usr/bin/git rev-parse refs/remotes/origin/codex/lean-mi19-q-permanent
select	Run actions/checkout@11d5960a326750d5838078e36cf38b85af677262	2026-09-12T15:49:07.5243486Z cd44ce9bcb84ebc79a1aa934918d1f76b2a9c6e7
select	Run actions/checkout@11d5960a326750d5838078e36cf38b85af677262	2026-09-12T15:49:07.5247436Z ##[endgroup]
select	Run actions/checkout@11d5960a326750d5838078e36cf38b85af677262	2026-09-12T15:49:07.5249534Z ##[group]Determining the checkout info
select	Run actions/checkout@11d5960a326750d5838078e36cf38b85af677262	2026-09-12T15:49:07.5251685Z ##[endgroup]
select	Run actions/checkout@11d5960a326750d5838078e36cf38b85af677262	2026-09-12T15:49:07.5253043Z [command]/usr/bin/git sparse-checkout disable
select	Run actions/checkout@11d5960a326750d5838078e36cf38b85af677262	2026-09-12T15:49:07.5293815Z [command]/usr/bin/git config --local --unset-all extensions.worktreeConfig
select	Run actions/checkout@11d5960a326750d5838078e36cf38b85af677262	2026-09-12T15:49:07.5326588Z ##[group]Checking out the ref
select	Run actions/checkout@11d5960a326750d5838078e36cf38b85af677262	2026-09-12T15:49:07.5330215Z [command]/usr/bin/git checkout --progress --force -B codex/lean-mi19-q-permanent refs/remotes/origin/codex/lean-mi19-q-permanent
select	Run actions/checkout@11d5960a326750d5838078e36cf38b85af677262	2026-09-12T15:49:07.9558132Z Switched to a new branch 'codex/lean-mi19-q-permanent'
select	Run actions/checkout@11d5960a326750d5838078e36cf38b85af677262	2026-09-12T15:49:07.9563951Z branch 'codex/lean-mi19-q-permanent' set up to track 'origin/codex/lean-mi19-q-permanent'.
select	Run actions/checkout@11d5960a326750d5838078e36cf38b85af677262	2026-09-12T15:49:07.9586299Z ##[endgroup]
select	Run actions/checkout@11d5960a326750d5838078e36cf38b85af677262	2026-09-12T15:49:07.9632595Z [command]/usr/bin/git log -1 --format=%H
select	Run actions/checkout@11d5960a326750d5838078e36cf38b85af677262	2026-09-12T15:49:07.9659343Z cd44ce9bcb84ebc79a1aa934918d1f76b2a9c6e7
select	Run actions/checkout@11d5960a326750d5838078e36cf38b85af677262	2026-09-12T15:49:07.9668336Z ##[group]Removing auth
select	Run actions/checkout@11d5960a326750d5838078e36cf38b85af677262	2026-09-12T15:49:07.9672592Z [command]/usr/bin/git config --local --name-only --get-regexp core\.sshCommand
select	Run actions/checkout@11d5960a326750d5838078e36cf38b85af677262	2026-09-12T15:49:07.9706114Z [command]/usr/bin/git submodule foreach --recursive sh -c "git config --local --name-only --get-regexp 'core\.sshCommand' && git config --local --unset-all 'core.sshCommand' || :"
select	Run actions/checkout@11d5960a326750d5838078e36cf38b85af677262	2026-09-12T15:49:07.9932373Z [command]/usr/bin/git config --local --name-only --get-regexp http\.https\:\/\/github\.com\/\.extraheader
select	Run actions/checkout@11d5960a326750d5838078e36cf38b85af677262	2026-09-12T15:49:07.9962832Z http.https://github.com/.extraheader
select	Run actions/checkout@11d5960a326750d5838078e36cf38b85af677262	2026-09-12T15:49:07.9971333Z [command]/usr/bin/git config --local --unset-all http.https://github.com/.extraheader
select	Run actions/checkout@11d5960a326750d5838078e36cf38b85af677262	2026-09-12T15:49:08.0004556Z [command]/usr/bin/git submodule foreach --recursive sh -c "git config --local --name-only --get-regexp 'http\.https\:\/\/github\.com\/\.extraheader' && git config --local --unset-all 'http.https://github.com/.extraheader' || :"
select	Run actions/checkout@11d5960a326750d5838078e36cf38b85af677262	2026-09-12T15:49:08.0234030Z [command]/usr/bin/git config --local --name-only --get-regexp ^includeIf\.gitdir:
select	Run actions/checkout@11d5960a326750d5838078e36cf38b85af677262	2026-09-12T15:49:08.0267840Z [command]/usr/bin/git submodule foreach --recursive git config --local --show-origin --name-only --get-regexp remote.origin.url
select	Run actions/checkout@11d5960a326750d5838078e36cf38b85af677262	2026-09-12T15:49:08.0489569Z ##[endgroup]
select	Install metadata validators	﻿2026-09-12T15:49:08.0696439Z ##[group]Run python3 -m pip install -r tools/lean/requirements.txt
select	Install metadata validators	2026-09-12T15:49:08.0697111Z ^[[36;1mpython3 -m pip install -r tools/lean/requirements.txt^[[0m
select	Install metadata validators	2026-09-12T15:49:08.0738001Z shell: /usr/bin/bash -e {0}
select	Install metadata validators	2026-09-12T15:49:08.0738505Z ##[endgroup]
select	Install metadata validators	2026-09-12T15:49:09.2786259Z Defaulting to user installation because normal site-packages is not writeable
select	Install metadata validators	2026-09-12T15:49:10.0132884Z Collecting PyYAML==6.0.3 (from -r tools/lean/requirements.txt (line 1))
select	Install metadata validators	2026-09-12T15:49:10.0596264Z   Downloading pyyaml-6.0.3-cp312-cp312-manylinux2014_x86_64.manylinux_2_17_x86_64.manylinux_2_28_x86_64.whl.metadata (2.4 kB)
select	Install metadata validators	2026-09-12T15:49:10.1018381Z Collecting jsonschema==4.26.0 (from -r tools/lean/requirements.txt (line 2))
select	Install metadata validators	2026-09-12T15:49:10.1088237Z   Downloading jsonschema-4.26.0-py3-none-any.whl.metadata (7.6 kB)
select	Install metadata validators	2026-09-12T15:49:10.1264803Z Requirement already satisfied: attrs>=22.2.0 in /usr/lib/python3/dist-packages (from jsonschema==4.26.0->-r tools/lean/requirements.txt (line 2)) (23.2.0)
select	Install metadata validators	2026-09-12T15:49:10.1483766Z Collecting jsonschema-specifications>=2023.03.6 (from jsonschema==4.26.0->-r tools/lean/requirements.txt (line 2))
select	Install metadata validators	2026-09-12T15:49:10.1554495Z   Downloading jsonschema_specifications-2025.9.1-py3-none-any.whl.metadata (2.9 kB)
select	Install metadata validators	2026-09-12T15:49:10.1987127Z Collecting referencing>=0.28.4 (from jsonschema==4.26.0->-r tools/lean/requirements.txt (line 2))
select	Install metadata validators	2026-09-12T15:49:10.2060114Z   Downloading referencing-0.37.0-py3-none-any.whl.metadata (2.8 kB)
select	Install metadata validators	2026-09-12T15:49:10.5474161Z Collecting rpds-py>=0.25.0 (from jsonschema==4.26.0->-r tools/lean/requirements.txt (line 2))
select	Install metadata validators	2026-09-12T15:49:10.5552372Z   Downloading rpds_py-2026.6.3-cp312-cp312-manylinux_2_17_x86_64.manylinux2014_x86_64.whl.metadata (4.1 kB)
select	Install metadata validators	2026-09-12T15:49:10.5912378Z Requirement already satisfied: typing-extensions>=4.4.0 in /usr/lib/python3/dist-packages (from referencing>=0.28.4->jsonschema==4.26.0->-r tools/lean/requirements.txt (line 2)) (4.10.0)
select	Install metadata validators	2026-09-12T15:49:10.6018190Z Downloading pyyaml-6.0.3-cp312-cp312-manylinux2014_x86_64.manylinux_2_17_x86_64.manylinux_2_28_x86_64.whl (807 kB)
select	Install metadata validators	2026-09-12T15:49:10.6453989Z    ━━━━━━━━━━━━━━━━━━━━━━━━━━━━━━━━━━━━━━━━ 807.9/807.9 kB 19.5 MB/s eta 0:00:00
select	Install metadata validators	2026-09-12T15:49:10.6525131Z Downloading jsonschema-4.26.0-py3-none-any.whl (90 kB)
select	Install metadata validators	2026-09-12T15:49:10.6567836Z    ━━━━━━━━━━━━━━━━━━━━━━━━━━━━━━━━━━━━━━━━ 90.6/90.6 kB 32.2 MB/s eta 0:00:00
select	Install metadata validators	2026-09-12T15:49:10.6637066Z Downloading jsonschema_specifications-2025.9.1-py3-none-any.whl (18 kB)
select	Install metadata validators	2026-09-12T15:49:10.6726455Z Downloading referencing-0.37.0-py3-none-any.whl (26 kB)
select	Install metadata validators	2026-09-12T15:49:10.6819088Z Downloading rpds_py-2026.6.3-cp312-cp312-manylinux_2_17_x86_64.manylinux2014_x86_64.whl (366 kB)
select	Install metadata validators	2026-09-12T15:49:10.6919305Z    ━━━━━━━━━━━━━━━━━━━━━━━━━━━━━━━━━━━━━━━━ 366.2/366.2 kB 44.5 MB/s eta 0:00:00
select	Install metadata validators	2026-09-12T15:49:10.9891697Z Installing collected packages: rpds-py, PyYAML, referencing, jsonschema-specifications, jsonschema
select	Install metadata validators	2026-09-12T15:49:11.1574177Z Successfully installed PyYAML-6.0.3 jsonschema-4.26.0 jsonschema-specifications-2025.9.1 referencing-0.37.0 rpds-py-2026.6.3
select	Test project selection and metadata gates	﻿2026-09-12T15:49:11.2506080Z ##[group]Run python3 -m unittest discover -s tests -p 'test_lean_verification.py' -v
select	Test project selection and metadata gates	2026-09-12T15:49:11.2506734Z ^[[36;1mpython3 -m unittest discover -s tests -p 'test_lean_verification.py' -v^[[0m
select	Test project selection and metadata gates	2026-09-12T15:49:11.2544124Z shell: /usr/bin/bash -e {0}
select	Test project selection and metadata gates	2026-09-12T15:49:11.2544533Z ##[endgroup]
select	Test project selection and metadata gates	2026-09-12T15:49:11.4382111Z test_custom_or_native_trust_is_rejected (test_lean_verification.ManifestTests.test_custom_or_native_trust_is_rejected) ... ok
select	Test project selection and metadata gates	2026-09-12T15:49:11.4473632Z test_definition_hole_rejected (test_lean_verification.ManifestTests.test_definition_hole_rejected) ... ok
select	Test project selection and metadata gates	2026-09-12T15:49:11.4569689Z test_duplicate_comparator_key_is_rejected (test_lean_verification.ManifestTests.test_duplicate_comparator_key_is_rejected) ... ok
select	Test project selection and metadata gates	2026-09-12T15:49:11.4600708Z test_duplicate_nested_yaml_key_is_rejected (test_lean_verification.ManifestTests.test_duplicate_nested_yaml_key_is_rejected) ... ok
select	Test project selection and metadata gates	2026-09-12T15:49:11.4640450Z test_duplicate_yaml_status_is_rejected (test_lean_verification.ManifestTests.test_duplicate_yaml_status_is_rejected) ... ok
select	Test project selection and metadata gates	2026-09-12T15:49:11.4732431Z test_empty_theorem_list_is_rejected (test_lean_verification.ManifestTests.test_empty_theorem_list_is_rejected) ... ok
select	Test project selection and metadata gates	2026-09-12T15:49:11.4819893Z test_missing_required_schema_field (test_lean_verification.ManifestTests.test_missing_required_schema_field) ... ok
select	Test project selection and metadata gates	2026-09-12T15:49:11.4912071Z test_nonzero_proof_sorries_rejected (test_lean_verification.ManifestTests.test_nonzero_proof_sorries_rejected) ... ok
select	Test project selection and metadata gates	2026-09-12T15:49:11.5004978Z test_result_source_outside_project_rejected (test_lean_verification.ManifestTests.test_result_source_outside_project_rejected) ... ok
select	Test project selection and metadata gates	2026-09-12T15:49:11.5096440Z test_result_specific_unchecked_axiom_rejected (test_lean_verification.ManifestTests.test_result_specific_unchecked_axiom_rejected) ... ok
select	Test project selection and metadata gates	2026-09-12T15:49:11.5193987Z test_unchecked_export_is_rejected (test_lean_verification.ManifestTests.test_unchecked_export_is_rejected) ... ok
select	Test project selection and metadata gates	2026-09-12T15:49:11.5287573Z test_valid_consistent_metadata (test_lean_verification.ManifestTests.test_valid_consistent_metadata) ... ok
select	Test project selection and metadata gates	2026-09-12T15:49:11.5289484Z test_canonical_statement_change_rechecks_its_project (test_lean_verification.ProjectSelectionTests.test_canonical_statement_change_rechecks_its_project) ... ok
select	Test project selection and metadata gates	2026-09-12T15:49:11.5316287Z test_discovery_uses_registry_and_detects_incomplete_project (test_lean_verification.ProjectSelectionTests.test_discovery_uses_registry_and_detects_incomplete_project) ... ok
select	Test project selection and metadata gates	2026-09-12T15:49:11.5317963Z Manifest schema and comparator coverage: PASS (1 declarations)
select	Test project selection and metadata gates	2026-09-12T15:49:11.5326218Z test_invalid_registry_path_is_rejected (test_lean_verification.ProjectSelectionTests.test_invalid_registry_path_is_rejected) ... ok
select	Test project selection and metadata gates	2026-09-12T15:49:11.5328238Z test_problem_proof_change_selects_only_that_problem (test_lean_verification.ProjectSelectionTests.test_problem_proof_change_selects_only_that_problem) ... ok
select	Test project selection and metadata gates	2026-09-12T15:49:11.5330514Z test_shared_checker_or_schema_change_rechecks_every_project (test_lean_verification.ProjectSelectionTests.test_shared_checker_or_schema_change_rechecks_every_project) ... ok
select	Test project selection and metadata gates	2026-09-12T15:49:11.5332729Z test_source_only_project_cannot_skip_verification (test_lean_verification.ProjectSelectionTests.test_source_only_project_cannot_skip_verification) ... ok
select	Test project selection and metadata gates	2026-09-12T15:49:11.5334962Z test_symlinked_project_is_rejected (test_lean_verification.ProjectSelectionTests.test_symlinked_project_is_rejected) ... ok
select	Test project selection and metadata gates	2026-09-12T15:49:11.5336846Z test_unrelated_document_does_not_rebuild_proofs (test_lean_verification.ProjectSelectionTests.test_unrelated_document_does_not_rebuild_proofs) ... ok
select	Test project selection and metadata gates	2026-09-12T15:49:11.5338047Z 
select	Test project selection and metadata gates	2026-09-12T15:49:11.5338331Z ----------------------------------------------------------------------
select	Test project selection and metadata gates	2026-09-12T15:49:11.5338981Z Ran 20 tests in 0.121s
select	Test project selection and metadata gates	2026-09-12T15:49:11.5339237Z 
select	Test project selection and metadata gates	2026-09-12T15:49:11.5339379Z OK
select	Test pinned harness gates	﻿2026-09-12T15:49:11.5567671Z ##[group]Run python3 -m unittest discover -s tools/lean -p 'test_*.py' -v
select	Test pinned harness gates	2026-09-12T15:49:11.5568399Z ^[[36;1mpython3 -m unittest discover -s tools/lean -p 'test_*.py' -v^[[0m
select	Test pinned harness gates	2026-09-12T15:49:11.5604641Z shell: /usr/bin/bash -e {0}
select	Test pinned harness gates	2026-09-12T15:49:11.5604903Z ##[endgroup]
select	Test pinned harness gates	2026-09-12T15:49:11.6605920Z test_ci_probe_adaptation_retains_assertions_and_adds_deadlines (test_harness.HarnessTests.test_ci_probe_adaptation_retains_assertions_and_adds_deadlines) ... ok
select	Test pinned harness gates	2026-09-12T15:49:11.6629907Z test_custom_sorry_and_native_axioms_are_rejected (test_harness.HarnessTests.test_custom_sorry_and_native_axioms_are_rejected) ... ok
select	Test pinned harness gates	2026-09-12T15:49:11.6641981Z test_definition_holes_are_rejected (test_harness.HarnessTests.test_definition_holes_are_rejected) ... ok
select	Test pinned harness gates	2026-09-12T15:49:11.6652987Z test_duplicate_json_keys_are_rejected (test_harness.HarnessTests.test_duplicate_json_keys_are_rejected) ... ok
select	Test pinned harness gates	2026-09-12T15:49:11.6666445Z test_mac_os_does_not_silently_fall_back (test_harness.HarnessTests.test_mac_os_does_not_silently_fall_back) ... ok
select	Test pinned harness gates	2026-09-12T15:49:11.6689302Z test_nonimmutable_or_credential_dependencies_are_rejected (test_harness.HarnessTests.test_nonimmutable_or_credential_dependencies_are_rejected) ... ok
select	Test pinned harness gates	2026-09-12T15:49:11.6710371Z test_real_source_lock (test_harness.HarnessTests.test_real_source_lock) ... ok
select	Test pinned harness gates	2026-09-12T15:49:11.6726359Z test_same_module_and_empty_theorem_list_are_rejected (test_harness.HarnessTests.test_same_module_and_empty_theorem_list_are_rejected) ... ok
select	Test pinned harness gates	2026-09-12T15:49:11.6997005Z test_snapshot_uses_committed_files_and_detects_change (test_harness.HarnessTests.test_snapshot_uses_committed_files_and_detects_change) ... ok
select	Test pinned harness gates	2026-09-12T15:49:11.7010116Z test_standard_config_and_stricter_axiom_subset (test_harness.HarnessTests.test_standard_config_and_stricter_axiom_subset) ... ok
select	Test pinned harness gates	2026-09-12T15:49:11.7199270Z test_tracked_compiled_artifact_is_rejected (test_harness.HarnessTests.test_tracked_compiled_artifact_is_rejected) ... ok
select	Test pinned harness gates	2026-09-12T15:49:11.7353351Z test_uncommitted_trusted_file_is_rejected (test_harness.HarnessTests.test_uncommitted_trusted_file_is_rejected) ... ok
select	Test pinned harness gates	2026-09-12T15:49:11.7354460Z 
select	Test pinned harness gates	2026-09-12T15:49:11.7354735Z ----------------------------------------------------------------------
select	Test pinned harness gates	2026-09-12T15:49:11.7355326Z Ran 12 tests in 0.077s
select	Test pinned harness gates	2026-09-12T15:49:11.7355557Z 
select	Test pinned harness gates	2026-09-12T15:49:11.7355692Z OK
select	Select changed projects	﻿2026-09-12T15:49:11.7547222Z ##[group]Run if [ "$EVENT_NAME" = "workflow_dispatch" ] || [ -z "$BASE_REF" ] || [ "$BASE_REF" = "0000000000000000000000000000000000000000" ]; then
select	Select changed projects	2026-09-12T15:49:11.7548111Z ^[[36;1mif [ "$EVENT_NAME" = "workflow_dispatch" ] || [ -z "$BASE_REF" ] || [ "$BASE_REF" = "0000000000000000000000000000000000000000" ]; then^[[0m
select	Select changed projects	2026-09-12T15:49:11.7548788Z ^[[36;1m  python3 tools/lean/projects.py --all --github-output "$GITHUB_OUTPUT"^[[0m
select	Select changed projects	2026-09-12T15:49:11.7549238Z ^[[36;1m  echo "tools_changed=true" >> "$GITHUB_OUTPUT"^[[0m
select	Select changed projects	2026-09-12T15:49:11.7549544Z ^[[36;1melse^[[0m
select	Select changed projects	2026-09-12T15:49:11.7549924Z ^[[36;1m  python3 tools/lean/projects.py --base-ref "$BASE_REF" --github-output "$GITHUB_OUTPUT"^[[0m
select	Select changed projects	2026-09-12T15:49:11.7550430Z ^[[36;1m  python3 - "$BASE_REF" "$GITHUB_OUTPUT" <<'PY'^[[0m
select	Select changed projects	2026-09-12T15:49:11.7550757Z ^[[36;1mimport pathlib, subprocess, sys^[[0m
select	Select changed projects	2026-09-12T15:49:11.7551276Z ^[[36;1mchanged = subprocess.check_output(['git','diff','--name-only',sys.argv[1],'HEAD','--'], text=True).splitlines()^[[0m
select	Select changed projects	2026-09-12T15:49:11.7552170Z ^[[36;1mneeds_tools = any(p.startswith(('tools/lean/', 'docs/lean/ci-toolchain/')) or p == '.github/workflows/lean-verification.yml' for p in changed)^[[0m
select	Select changed projects	2026-09-12T15:49:11.7552847Z ^[[36;1mwith pathlib.Path(sys.argv[2]).open('a') as stream:^[[0m
select	Select changed projects	2026-09-12T15:49:11.7553273Z ^[[36;1m    stream.write('tools_changed=' + str(needs_tools).lower() + '\n')^[[0m
select	Select changed projects	2026-09-12T15:49:11.7553631Z ^[[36;1mPY^[[0m
select	Select changed projects	2026-09-12T15:49:11.7553808Z ^[[36;1mfi^[[0m
select	Select changed projects	2026-09-12T15:49:11.7590126Z shell: /usr/bin/bash -e {0}
select	Select changed projects	2026-09-12T15:49:11.7590375Z env:
select	Select changed projects	2026-09-12T15:49:11.7590598Z   BASE_REF: 0000000000000000000000000000000000000000
select	Select changed projects	2026-09-12T15:49:11.7590891Z   EVENT_NAME: push
select	Select changed projects	2026-09-12T15:49:11.7591254Z ##[endgroup]
select	Select changed projects	2026-09-12T15:49:11.8032861Z {"include":[{"id":"MI-19","project":"matrix-inequalities-and-norms/MI-19/lean"}]}
select	Post Run actions/checkout@11d5960a326750d5838078e36cf38b85af677262	﻿2026-09-12T15:49:11.8218552Z Node 20 is being deprecated. This workflow is running with Node 24 by default. If you need to temporarily use Node 20, you can set the ACTIONS_ALLOW_USE_UNSECURE_NODE_VERSION=true environment variable. For more information see: https://github.blog/changelog/2025-09-19-deprecation-of-node-20-on-github-actions-runners/
select	Post Run actions/checkout@11d5960a326750d5838078e36cf38b85af677262	2026-09-12T15:49:11.8220114Z Post job cleanup.
select	Post Run actions/checkout@11d5960a326750d5838078e36cf38b85af677262	2026-09-12T15:49:11.9064004Z [command]/usr/bin/git version
select	Post Run actions/checkout@11d5960a326750d5838078e36cf38b85af677262	2026-09-12T15:49:11.9110607Z git version 2.55.0
select	Post Run actions/checkout@11d5960a326750d5838078e36cf38b85af677262	2026-09-12T15:49:11.9151163Z Temporarily overriding HOME='/home/runner/work/_temp/8edcc44d-1031-4143-8f2e-e598511abd60' before making global git config changes
select	Post Run actions/checkout@11d5960a326750d5838078e36cf38b85af677262	2026-09-12T15:49:11.9152511Z Adding repository directory to the temporary git global config as a safe directory
select	Post Run actions/checkout@11d5960a326750d5838078e36cf38b85af677262	2026-09-12T15:49:11.9156983Z [command]/usr/bin/git config --global --add safe.directory /home/runner/work/OpenProblemsInNLA/OpenProblemsInNLA
select	Post Run actions/checkout@11d5960a326750d5838078e36cf38b85af677262	2026-09-12T15:49:11.9201553Z [command]/usr/bin/git config --local --name-only --get-regexp core\.sshCommand
select	Post Run actions/checkout@11d5960a326750d5838078e36cf38b85af677262	2026-09-12T15:49:11.9238447Z [command]/usr/bin/git submodule foreach --recursive sh -c "git config --local --name-only --get-regexp 'core\.sshCommand' && git config --local --unset-all 'core.sshCommand' || :"
select	Post Run actions/checkout@11d5960a326750d5838078e36cf38b85af677262	2026-09-12T15:49:11.9508928Z [command]/usr/bin/git config --local --name-only --get-regexp http\.https\:\/\/github\.com\/\.extraheader
select	Post Run actions/checkout@11d5960a326750d5838078e36cf38b85af677262	2026-09-12T15:49:11.9558251Z [command]/usr/bin/git submodule foreach --recursive sh -c "git config --local --name-only --get-regexp 'http\.https\:\/\/github\.com\/\.extraheader' && git config --local --unset-all 'http.https://github.com/.extraheader' || :"
select	Post Run actions/checkout@11d5960a326750d5838078e36cf38b85af677262	2026-09-12T15:49:11.9882674Z [command]/usr/bin/git config --local --name-only --get-regexp ^includeIf\.gitdir:
select	Post Run actions/checkout@11d5960a326750d5838078e36cf38b85af677262	2026-09-12T15:49:11.9925580Z [command]/usr/bin/git submodule foreach --recursive git config --local --show-origin --name-only --get-regexp remote.origin.url
select	Complete job	﻿2026-09-12T15:49:12.0351152Z Evaluate and set job outputs
select	Complete job	2026-09-12T15:49:12.0361845Z Set output 'matrix'
select	Complete job	2026-09-12T15:49:12.0363898Z Set output 'count'
select	Complete job	2026-09-12T15:49:12.0365055Z Set output 'tools_changed'
select	Complete job	2026-09-12T15:49:12.0366122Z Cleaning up orphan processes
select	Complete job	2026-09-12T15:49:12.0659249Z ##[warning]Node.js 20 is deprecated. The following actions target Node.js 20 but are being forced to run on Node.js 24: actions/checkout@11d5960a326750d5838078e36cf38b85af677262. For more information see: https://github.blog/changelog/2025-09-19-deprecation-of-node-20-on-github-actions-runners/
checker-controls	Set up job	﻿2026-09-12T15:49:18.3969953Z Current runner version: '2.337.0'
checker-controls	Set up job	2026-09-12T15:49:18.4005486Z ##[group]Runner Image Provisioner
checker-controls	Set up job	2026-09-12T15:49:18.4006800Z Hosted Compute Agent
checker-controls	Set up job	2026-09-12T15:49:18.4007810Z Version: 20260828.587
checker-controls	Set up job	2026-09-12T15:49:18.4009271Z Commit: abac92662cab4cc7352de4f9f9d2e2419aad9c29
checker-controls	Set up job	2026-09-12T15:49:18.4010609Z Build Date: 2026-08-28T16:44:25Z
checker-controls	Set up job	2026-09-12T15:49:18.4011937Z Worker ID: {76a1a7e3-5dd6-4fdd-ad47-cc8e5bca9054}
checker-controls	Set up job	2026-09-12T15:49:18.4013150Z Azure Region: eastus
checker-controls	Set up job	2026-09-12T15:49:18.4014037Z ##[endgroup]
checker-controls	Set up job	2026-09-12T15:49:18.4016884Z ##[group]Operating System
checker-controls	Set up job	2026-09-12T15:49:18.4018049Z Ubuntu
checker-controls	Set up job	2026-09-12T15:49:18.4019282Z 24.04.5
checker-controls	Set up job	2026-09-12T15:49:18.4020186Z LTS
checker-controls	Set up job	2026-09-12T15:49:18.4021004Z ##[endgroup]
checker-controls	Set up job	2026-09-12T15:49:18.4022064Z ##[group]Runner Image
checker-controls	Set up job	2026-09-12T15:49:18.4023177Z Image: ubuntu-24.04
checker-controls	Set up job	2026-09-12T15:49:18.4024153Z Version: 20260907.300.1
checker-controls	Set up job	2026-09-12T15:49:18.4025955Z Included Software: https://github.com/actions/runner-images/blob/ubuntu24/20260907.300/images/ubuntu/Ubuntu2404-Readme.md
checker-controls	Set up job	2026-09-12T15:49:18.4029273Z Image Release: https://github.com/actions/runner-images/releases/tag/ubuntu24%2F20260907.300
checker-controls	Set up job	2026-09-12T15:49:18.4031061Z ##[endgroup]
checker-controls	Set up job	2026-09-12T15:49:18.4032991Z ##[group]GITHUB_TOKEN Permissions
checker-controls	Set up job	2026-09-12T15:49:18.4035964Z Contents: read
checker-controls	Set up job	2026-09-12T15:49:18.4037072Z Metadata: read
checker-controls	Set up job	2026-09-12T15:49:18.4038078Z ##[endgroup]
checker-controls	Set up job	2026-09-12T15:49:18.4041506Z Secret source: Actions
checker-controls	Set up job	2026-09-12T15:49:18.4043031Z Cache mode: write
checker-controls	Set up job	2026-09-12T15:49:18.4044527Z Prepare workflow directory
checker-controls	Set up job	2026-09-12T15:49:18.4484657Z Prepare all required actions
checker-controls	Set up job	2026-09-12T15:49:18.4532915Z Getting action download info
checker-controls	Set up job	2026-09-12T15:49:18.6290999Z Download action repository 'actions/checkout@11d5960a326750d5838078e36cf38b85af677262' (SHA:11d5960a326750d5838078e36cf38b85af677262)
checker-controls	Set up job	2026-09-12T15:49:18.7357908Z Download action repository 'actions/setup-go@924ae3a1cded613372ab5595356fb5720e22ba16' (SHA:924ae3a1cded613372ab5595356fb5720e22ba16)
checker-controls	Set up job	2026-09-12T15:49:18.9169440Z Download action repository 'leanprover/lean-action@96e06131c0e9943c780388fd166f55d1e2fa0433' (SHA:96e06131c0e9943c780388fd166f55d1e2fa0433)
checker-controls	Set up job	2026-09-12T15:49:19.0084766Z Download action repository 'actions/upload-artifact@ea165f8d65b6e75b540449e92b4886f43607fa02' (SHA:ea165f8d65b6e75b540449e92b4886f43607fa02)
checker-controls	Set up job	2026-09-12T15:49:19.2378195Z Getting action download info
checker-controls	Set up job	2026-09-12T15:49:19.3083929Z Download action repository 'actions/cache@v5' (SHA:caa296126883cff596d87d8935842f9db880ef25)
checker-controls	Set up job	2026-09-12T15:49:19.4626502Z Complete job name: checker-controls
checker-controls	Run actions/checkout@11d5960a326750d5838078e36cf38b85af677262	﻿2026-09-12T15:49:19.5385963Z Node 20 is being deprecated. This workflow is running with Node 24 by default. If you need to temporarily use Node 20, you can set the ACTIONS_ALLOW_USE_UNSECURE_NODE_VERSION=true environment variable. For more information see: https://github.blog/changelog/2025-09-19-deprecation-of-node-20-on-github-actions-runners/
checker-controls	Run actions/checkout@11d5960a326750d5838078e36cf38b85af677262	2026-09-12T15:49:19.5395118Z ##[group]Run actions/checkout@11d5960a326750d5838078e36cf38b85af677262
checker-controls	Run actions/checkout@11d5960a326750d5838078e36cf38b85af677262	2026-09-12T15:49:19.5396094Z with:
checker-controls	Run actions/checkout@11d5960a326750d5838078e36cf38b85af677262	2026-09-12T15:49:19.5396546Z   persist-credentials: false
checker-controls	Run actions/checkout@11d5960a326750d5838078e36cf38b85af677262	2026-09-12T15:49:19.5397139Z   repository: sgstepaniants/OpenProblemsInNLA
checker-controls	Run actions/checkout@11d5960a326750d5838078e36cf38b85af677262	2026-09-12T15:49:19.5401510Z   token: ***
checker-controls	Run actions/checkout@11d5960a326750d5838078e36cf38b85af677262	2026-09-12T15:49:19.5401951Z   ssh-strict: true
checker-controls	Run actions/checkout@11d5960a326750d5838078e36cf38b85af677262	2026-09-12T15:49:19.5402388Z   ssh-user: git
checker-controls	Run actions/checkout@11d5960a326750d5838078e36cf38b85af677262	2026-09-12T15:49:19.5402804Z   clean: true
checker-controls	Run actions/checkout@11d5960a326750d5838078e36cf38b85af677262	2026-09-12T15:49:19.5469951Z   sparse-checkout-cone-mode: true
checker-controls	Run actions/checkout@11d5960a326750d5838078e36cf38b85af677262	2026-09-12T15:49:19.5471093Z   fetch-depth: 1
checker-controls	Run actions/checkout@11d5960a326750d5838078e36cf38b85af677262	2026-09-12T15:49:19.5471943Z   fetch-tags: false
checker-controls	Run actions/checkout@11d5960a326750d5838078e36cf38b85af677262	2026-09-12T15:49:19.5472682Z   show-progress: true
checker-controls	Run actions/checkout@11d5960a326750d5838078e36cf38b85af677262	2026-09-12T15:49:19.5473476Z   lfs: false
checker-controls	Run actions/checkout@11d5960a326750d5838078e36cf38b85af677262	2026-09-12T15:49:19.5474083Z   submodules: false
checker-controls	Run actions/checkout@11d5960a326750d5838078e36cf38b85af677262	2026-09-12T15:49:19.5474546Z   set-safe-directory: true
checker-controls	Run actions/checkout@11d5960a326750d5838078e36cf38b85af677262	2026-09-12T15:49:19.5475095Z   allow-unsafe-pr-checkout: false
checker-controls	Run actions/checkout@11d5960a326750d5838078e36cf38b85af677262	2026-09-12T15:49:19.5476258Z ##[endgroup]
checker-controls	Run actions/checkout@11d5960a326750d5838078e36cf38b85af677262	2026-09-12T15:49:19.6525043Z Syncing repository: sgstepaniants/OpenProblemsInNLA
checker-controls	Run actions/checkout@11d5960a326750d5838078e36cf38b85af677262	2026-09-12T15:49:19.6527648Z ##[group]Getting Git version info
checker-controls	Run actions/checkout@11d5960a326750d5838078e36cf38b85af677262	2026-09-12T15:49:19.6529202Z Working directory is '/home/runner/work/OpenProblemsInNLA/OpenProblemsInNLA'
checker-controls	Run actions/checkout@11d5960a326750d5838078e36cf38b85af677262	2026-09-12T15:49:19.6531065Z [command]/usr/bin/git version
checker-controls	Run actions/checkout@11d5960a326750d5838078e36cf38b85af677262	2026-09-12T15:49:19.6590027Z git version 2.55.0
checker-controls	Run actions/checkout@11d5960a326750d5838078e36cf38b85af677262	2026-09-12T15:49:19.6612127Z ##[endgroup]
checker-controls	Run actions/checkout@11d5960a326750d5838078e36cf38b85af677262	2026-09-12T15:49:19.6628297Z Temporarily overriding HOME='/home/runner/work/_temp/d51fb3ca-557a-49f7-906d-b423208700f1' before making global git config changes
checker-controls	Run actions/checkout@11d5960a326750d5838078e36cf38b85af677262	2026-09-12T15:49:19.6631293Z Adding repository directory to the temporary git global config as a safe directory
checker-controls	Run actions/checkout@11d5960a326750d5838078e36cf38b85af677262	2026-09-12T15:49:19.6634384Z [command]/usr/bin/git config --global --add safe.directory /home/runner/work/OpenProblemsInNLA/OpenProblemsInNLA
checker-controls	Run actions/checkout@11d5960a326750d5838078e36cf38b85af677262	2026-09-12T15:49:19.6686851Z Deleting the contents of '/home/runner/work/OpenProblemsInNLA/OpenProblemsInNLA'
checker-controls	Run actions/checkout@11d5960a326750d5838078e36cf38b85af677262	2026-09-12T15:49:19.6691618Z ##[group]Initializing the repository
checker-controls	Run actions/checkout@11d5960a326750d5838078e36cf38b85af677262	2026-09-12T15:49:19.6695733Z [command]/usr/bin/git init /home/runner/work/OpenProblemsInNLA/OpenProblemsInNLA
checker-controls	Run actions/checkout@11d5960a326750d5838078e36cf38b85af677262	2026-09-12T15:49:19.6802002Z hint: Using 'master' as the name for the initial branch. This default branch name
checker-controls	Run actions/checkout@11d5960a326750d5838078e36cf38b85af677262	2026-09-12T15:49:19.6804093Z hint: will change to "main" in Git 3.0. To configure the initial branch name
checker-controls	Run actions/checkout@11d5960a326750d5838078e36cf38b85af677262	2026-09-12T15:49:19.6806001Z hint: to use in all of your new repositories, which will suppress this warning,
checker-controls	Run actions/checkout@11d5960a326750d5838078e36cf38b85af677262	2026-09-12T15:49:19.6807364Z hint: call:
checker-controls	Run actions/checkout@11d5960a326750d5838078e36cf38b85af677262	2026-09-12T15:49:19.6808144Z hint:
checker-controls	Run actions/checkout@11d5960a326750d5838078e36cf38b85af677262	2026-09-12T15:49:19.6809355Z hint: 	git config --global init.defaultBranch <name>
checker-controls	Run actions/checkout@11d5960a326750d5838078e36cf38b85af677262	2026-09-12T15:49:19.6810539Z hint:
checker-controls	Run actions/checkout@11d5960a326750d5838078e36cf38b85af677262	2026-09-12T15:49:19.6811648Z hint: Names commonly chosen instead of 'master' are 'main', 'trunk' and
checker-controls	Run actions/checkout@11d5960a326750d5838078e36cf38b85af677262	2026-09-12T15:49:19.6813394Z hint: 'development'. The just-created branch can be renamed via this command:
checker-controls	Run actions/checkout@11d5960a326750d5838078e36cf38b85af677262	2026-09-12T15:49:19.6814832Z hint:
checker-controls	Run actions/checkout@11d5960a326750d5838078e36cf38b85af677262	2026-09-12T15:49:19.6815583Z hint: 	git branch -m <name>
checker-controls	Run actions/checkout@11d5960a326750d5838078e36cf38b85af677262	2026-09-12T15:49:19.6816422Z hint:
checker-controls	Run actions/checkout@11d5960a326750d5838078e36cf38b85af677262	2026-09-12T15:49:19.6817495Z hint: Disable this message with "git config set advice.defaultBranchName false"
checker-controls	Run actions/checkout@11d5960a326750d5838078e36cf38b85af677262	2026-09-12T15:49:19.6819828Z Initialized empty Git repository in /home/runner/work/OpenProblemsInNLA/OpenProblemsInNLA/.git/
checker-controls	Run actions/checkout@11d5960a326750d5838078e36cf38b85af677262	2026-09-12T15:49:19.6821760Z [command]/usr/bin/git remote add origin https://github.com/sgstepaniants/OpenProblemsInNLA
checker-controls	Run actions/checkout@11d5960a326750d5838078e36cf38b85af677262	2026-09-12T15:49:19.6875567Z ##[endgroup]
checker-controls	Run actions/checkout@11d5960a326750d5838078e36cf38b85af677262	2026-09-12T15:49:19.6877002Z ##[group]Disabling automatic garbage collection
checker-controls	Run actions/checkout@11d5960a326750d5838078e36cf38b85af677262	2026-09-12T15:49:19.6880931Z [command]/usr/bin/git config --local gc.auto 0
checker-controls	Run actions/checkout@11d5960a326750d5838078e36cf38b85af677262	2026-09-12T15:49:19.6921917Z ##[endgroup]
checker-controls	Run actions/checkout@11d5960a326750d5838078e36cf38b85af677262	2026-09-12T15:49:19.6923404Z ##[group]Setting up auth
checker-controls	Run actions/checkout@11d5960a326750d5838078e36cf38b85af677262	2026-09-12T15:49:19.6929186Z [command]/usr/bin/git config --local --name-only --get-regexp core\.sshCommand
checker-controls	Run actions/checkout@11d5960a326750d5838078e36cf38b85af677262	2026-09-12T15:49:19.6966455Z [command]/usr/bin/git submodule foreach --recursive sh -c "git config --local --name-only --get-regexp 'core\.sshCommand' && git config --local --unset-all 'core.sshCommand' || :"
checker-controls	Run actions/checkout@11d5960a326750d5838078e36cf38b85af677262	2026-09-12T15:49:19.7334860Z [command]/usr/bin/git config --local --name-only --get-regexp http\.https\:\/\/github\.com\/\.extraheader
checker-controls	Run actions/checkout@11d5960a326750d5838078e36cf38b85af677262	2026-09-12T15:49:19.7374724Z [command]/usr/bin/git submodule foreach --recursive sh -c "git config --local --name-only --get-regexp 'http\.https\:\/\/github\.com\/\.extraheader' && git config --local --unset-all 'http.https://github.com/.extraheader' || :"
checker-controls	Run actions/checkout@11d5960a326750d5838078e36cf38b85af677262	2026-09-12T15:49:19.7603004Z [command]/usr/bin/git config --local --name-only --get-regexp ^includeIf\.gitdir:
checker-controls	Run actions/checkout@11d5960a326750d5838078e36cf38b85af677262	2026-09-12T15:49:19.7638766Z [command]/usr/bin/git submodule foreach --recursive git config --local --show-origin --name-only --get-regexp remote.origin.url
checker-controls	Run actions/checkout@11d5960a326750d5838078e36cf38b85af677262	2026-09-12T15:49:19.7860963Z [command]/usr/bin/git config --local http.https://github.com/.extraheader AUTHORIZATION: basic ***
checker-controls	Run actions/checkout@11d5960a326750d5838078e36cf38b85af677262	2026-09-12T15:49:19.7898332Z ##[endgroup]
checker-controls	Run actions/checkout@11d5960a326750d5838078e36cf38b85af677262	2026-09-12T15:49:19.7899469Z ##[group]Fetching the repository
checker-controls	Run actions/checkout@11d5960a326750d5838078e36cf38b85af677262	2026-09-12T15:49:19.7910428Z [command]/usr/bin/git -c protocol.version=2 fetch --no-tags --prune --no-recurse-submodules --depth=1 origin +cd44ce9bcb84ebc79a1aa934918d1f76b2a9c6e7:refs/remotes/origin/codex/lean-mi19-q-permanent
checker-controls	Run actions/checkout@11d5960a326750d5838078e36cf38b85af677262	2026-09-12T15:49:21.2756267Z From https://github.com/sgstepaniants/OpenProblemsInNLA
checker-controls	Run actions/checkout@11d5960a326750d5838078e36cf38b85af677262	2026-09-12T15:49:21.2757844Z  * [new ref]         cd44ce9bcb84ebc79a1aa934918d1f76b2a9c6e7 -> origin/codex/lean-mi19-q-permanent
checker-controls	Run actions/checkout@11d5960a326750d5838078e36cf38b85af677262	2026-09-12T15:49:21.2761223Z ##[endgroup]
checker-controls	Run actions/checkout@11d5960a326750d5838078e36cf38b85af677262	2026-09-12T15:49:21.2762519Z ##[group]Determining the checkout info
checker-controls	Run actions/checkout@11d5960a326750d5838078e36cf38b85af677262	2026-09-12T15:49:21.2764861Z ##[endgroup]
checker-controls	Run actions/checkout@11d5960a326750d5838078e36cf38b85af677262	2026-09-12T15:49:21.2772861Z [command]/usr/bin/git sparse-checkout disable
checker-controls	Run actions/checkout@11d5960a326750d5838078e36cf38b85af677262	2026-09-12T15:49:21.2827526Z [command]/usr/bin/git config --local --unset-all extensions.worktreeConfig
checker-controls	Run actions/checkout@11d5960a326750d5838078e36cf38b85af677262	2026-09-12T15:49:21.2862161Z ##[group]Checking out the ref
checker-controls	Run actions/checkout@11d5960a326750d5838078e36cf38b85af677262	2026-09-12T15:49:21.2865692Z [command]/usr/bin/git checkout --progress --force -B codex/lean-mi19-q-permanent refs/remotes/origin/codex/lean-mi19-q-permanent
checker-controls	Run actions/checkout@11d5960a326750d5838078e36cf38b85af677262	2026-09-12T15:49:21.7015358Z Switched to a new branch 'codex/lean-mi19-q-permanent'
checker-controls	Run actions/checkout@11d5960a326750d5838078e36cf38b85af677262	2026-09-12T15:49:21.7023105Z branch 'codex/lean-mi19-q-permanent' set up to track 'origin/codex/lean-mi19-q-permanent'.
checker-controls	Run actions/checkout@11d5960a326750d5838078e36cf38b85af677262	2026-09-12T15:49:21.7040736Z ##[endgroup]
checker-controls	Run actions/checkout@11d5960a326750d5838078e36cf38b85af677262	2026-09-12T15:49:21.7087304Z [command]/usr/bin/git log -1 --format=%H
checker-controls	Run actions/checkout@11d5960a326750d5838078e36cf38b85af677262	2026-09-12T15:49:21.7113768Z cd44ce9bcb84ebc79a1aa934918d1f76b2a9c6e7
checker-controls	Run actions/checkout@11d5960a326750d5838078e36cf38b85af677262	2026-09-12T15:49:21.7123217Z ##[group]Removing auth
checker-controls	Run actions/checkout@11d5960a326750d5838078e36cf38b85af677262	2026-09-12T15:49:21.7126695Z [command]/usr/bin/git config --local --name-only --get-regexp core\.sshCommand
checker-controls	Run actions/checkout@11d5960a326750d5838078e36cf38b85af677262	2026-09-12T15:49:21.7159127Z [command]/usr/bin/git submodule foreach --recursive sh -c "git config --local --name-only --get-regexp 'core\.sshCommand' && git config --local --unset-all 'core.sshCommand' || :"
checker-controls	Run actions/checkout@11d5960a326750d5838078e36cf38b85af677262	2026-09-12T15:49:21.7387908Z [command]/usr/bin/git config --local --name-only --get-regexp http\.https\:\/\/github\.com\/\.extraheader
checker-controls	Run actions/checkout@11d5960a326750d5838078e36cf38b85af677262	2026-09-12T15:49:21.7415633Z http.https://github.com/.extraheader
checker-controls	Run actions/checkout@11d5960a326750d5838078e36cf38b85af677262	2026-09-12T15:49:21.7422546Z [command]/usr/bin/git config --local --unset-all http.https://github.com/.extraheader
checker-controls	Run actions/checkout@11d5960a326750d5838078e36cf38b85af677262	2026-09-12T15:49:21.7456954Z [command]/usr/bin/git submodule foreach --recursive sh -c "git config --local --name-only --get-regexp 'http\.https\:\/\/github\.com\/\.extraheader' && git config --local --unset-all 'http.https://github.com/.extraheader' || :"
checker-controls	Run actions/checkout@11d5960a326750d5838078e36cf38b85af677262	2026-09-12T15:49:21.7681732Z [command]/usr/bin/git config --local --name-only --get-regexp ^includeIf\.gitdir:
checker-controls	Run actions/checkout@11d5960a326750d5838078e36cf38b85af677262	2026-09-12T15:49:21.7713730Z [command]/usr/bin/git submodule foreach --recursive git config --local --show-origin --name-only --get-regexp remote.origin.url
checker-controls	Run actions/checkout@11d5960a326750d5838078e36cf38b85af677262	2026-09-12T15:49:21.7933382Z ##[endgroup]
checker-controls	Run actions/setup-go@924ae3a1cded613372ab5595356fb5720e22ba16	﻿2026-09-12T15:49:21.8177724Z ##[group]Run actions/setup-go@924ae3a1cded613372ab5595356fb5720e22ba16
checker-controls	Run actions/setup-go@924ae3a1cded613372ab5595356fb5720e22ba16	2026-09-12T15:49:21.8178232Z with:
checker-controls	Run actions/setup-go@924ae3a1cded613372ab5595356fb5720e22ba16	2026-09-12T15:49:21.8178483Z   go-version: 1.27.1
checker-controls	Run actions/setup-go@924ae3a1cded613372ab5595356fb5720e22ba16	2026-09-12T15:49:21.8178751Z   cache: false
checker-controls	Run actions/setup-go@924ae3a1cded613372ab5595356fb5720e22ba16	2026-09-12T15:49:21.8179221Z   check-latest: false
checker-controls	Run actions/setup-go@924ae3a1cded613372ab5595356fb5720e22ba16	2026-09-12T15:49:21.8182050Z   token: ***
checker-controls	Run actions/setup-go@924ae3a1cded613372ab5595356fb5720e22ba16	2026-09-12T15:49:21.8182329Z ##[endgroup]
checker-controls	Run actions/setup-go@924ae3a1cded613372ab5595356fb5720e22ba16	2026-09-12T15:49:21.9436730Z Setup go version spec 1.27.1
checker-controls	Run actions/setup-go@924ae3a1cded613372ab5595356fb5720e22ba16	2026-09-12T15:49:21.9451040Z Attempting to download 1.27.1...
checker-controls	Run actions/setup-go@924ae3a1cded613372ab5595356fb5720e22ba16	2026-09-12T15:49:22.4394758Z matching 1.27.1...
checker-controls	Run actions/setup-go@924ae3a1cded613372ab5595356fb5720e22ba16	2026-09-12T15:49:22.4422511Z Acquiring 1.27.1 from https://github.com/actions/go-versions/releases/download/1.27.1-33583469715/go-1.27.1-linux-x64.tar.gz
checker-controls	Run actions/setup-go@924ae3a1cded613372ab5595356fb5720e22ba16	2026-09-12T15:49:22.8076911Z Extracting Go...
checker-controls	Run actions/setup-go@924ae3a1cded613372ab5595356fb5720e22ba16	2026-09-12T15:49:22.8188249Z [command]/usr/bin/tar xz --warning=no-unknown-keyword --overwrite -C /home/runner/work/_temp/da9590bc-4c96-448b-870f-a3c6c4a9d115 -f /home/runner/work/_temp/b230004f-ff4a-4a5e-998f-1f341449f537
checker-controls	Run actions/setup-go@924ae3a1cded613372ab5595356fb5720e22ba16	2026-09-12T15:49:24.5334100Z Successfully extracted go to /home/runner/work/_temp/da9590bc-4c96-448b-870f-a3c6c4a9d115
checker-controls	Run actions/setup-go@924ae3a1cded613372ab5595356fb5720e22ba16	2026-09-12T15:49:24.5334809Z Adding to the cache ...
checker-controls	Run actions/setup-go@924ae3a1cded613372ab5595356fb5720e22ba16	2026-09-12T15:49:30.3311003Z Successfully cached go to /opt/hostedtoolcache/go/1.27.1/x64
checker-controls	Run actions/setup-go@924ae3a1cded613372ab5595356fb5720e22ba16	2026-09-12T15:49:30.3318422Z Added go to the path
checker-controls	Run actions/setup-go@924ae3a1cded613372ab5595356fb5720e22ba16	2026-09-12T15:49:30.3319263Z Successfully set up Go version 1.27.1
checker-controls	Run actions/setup-go@924ae3a1cded613372ab5595356fb5720e22ba16	2026-09-12T15:49:30.3562803Z go version go1.27.1 linux/amd64
checker-controls	Run actions/setup-go@924ae3a1cded613372ab5595356fb5720e22ba16	2026-09-12T15:49:30.3563053Z 
checker-controls	Run actions/setup-go@924ae3a1cded613372ab5595356fb5720e22ba16	2026-09-12T15:49:30.3563825Z ##[group]go env
checker-controls	Run actions/setup-go@924ae3a1cded613372ab5595356fb5720e22ba16	2026-09-12T15:49:30.4934454Z AR='ar'
checker-controls	Run actions/setup-go@924ae3a1cded613372ab5595356fb5720e22ba16	2026-09-12T15:49:30.4934955Z CC='gcc'
checker-controls	Run actions/setup-go@924ae3a1cded613372ab5595356fb5720e22ba16	2026-09-12T15:49:30.4935335Z CGO_CFLAGS='-O2 -g'
checker-controls	Run actions/setup-go@924ae3a1cded613372ab5595356fb5720e22ba16	2026-09-12T15:49:30.4935747Z CGO_CPPFLAGS=''
checker-controls	Run actions/setup-go@924ae3a1cded613372ab5595356fb5720e22ba16	2026-09-12T15:49:30.4936128Z CGO_CXXFLAGS='-O2 -g'
checker-controls	Run actions/setup-go@924ae3a1cded613372ab5595356fb5720e22ba16	2026-09-12T15:49:30.4936488Z CGO_ENABLED='1'
checker-controls	Run actions/setup-go@924ae3a1cded613372ab5595356fb5720e22ba16	2026-09-12T15:49:30.4936836Z CGO_FFLAGS='-O2 -g'
checker-controls	Run actions/setup-go@924ae3a1cded613372ab5595356fb5720e22ba16	2026-09-12T15:49:30.4937193Z CGO_LDFLAGS='-O2 -g'
checker-controls	Run actions/setup-go@924ae3a1cded613372ab5595356fb5720e22ba16	2026-09-12T15:49:30.4937540Z CXX='g++'
checker-controls	Run actions/setup-go@924ae3a1cded613372ab5595356fb5720e22ba16	2026-09-12T15:49:30.4937864Z GCCGO='gccgo'
checker-controls	Run actions/setup-go@924ae3a1cded613372ab5595356fb5720e22ba16	2026-09-12T15:49:30.4938210Z GO111MODULE=''
checker-controls	Run actions/setup-go@924ae3a1cded613372ab5595356fb5720e22ba16	2026-09-12T15:49:30.4938554Z GOAMD64='v1'
checker-controls	Run actions/setup-go@924ae3a1cded613372ab5595356fb5720e22ba16	2026-09-12T15:49:30.4939149Z GOARCH='amd64'
checker-controls	Run actions/setup-go@924ae3a1cded613372ab5595356fb5720e22ba16	2026-09-12T15:49:30.4940092Z GOAUTH='netrc'
checker-controls	Run actions/setup-go@924ae3a1cded613372ab5595356fb5720e22ba16	2026-09-12T15:49:30.4940487Z GOBIN='/home/runner/go/bin'
checker-controls	Run actions/setup-go@924ae3a1cded613372ab5595356fb5720e22ba16	2026-09-12T15:49:30.4941014Z GOCACHE='/home/runner/.cache/go-build'
checker-controls	Run actions/setup-go@924ae3a1cded613372ab5595356fb5720e22ba16	2026-09-12T15:49:30.4941514Z GOCACHEPROG=''
checker-controls	Run actions/setup-go@924ae3a1cded613372ab5595356fb5720e22ba16	2026-09-12T15:49:30.4941879Z GODEBUG=''
checker-controls	Run actions/setup-go@924ae3a1cded613372ab5595356fb5720e22ba16	2026-09-12T15:49:30.4942234Z GOENV='/home/runner/.config/go/env'
checker-controls	Run actions/setup-go@924ae3a1cded613372ab5595356fb5720e22ba16	2026-09-12T15:49:30.4942688Z GOEXE=''
checker-controls	Run actions/setup-go@924ae3a1cded613372ab5595356fb5720e22ba16	2026-09-12T15:49:30.4943002Z GOEXPERIMENT=''
checker-controls	Run actions/setup-go@924ae3a1cded613372ab5595356fb5720e22ba16	2026-09-12T15:49:30.4943342Z GOFIPS140='off'
checker-controls	Run actions/setup-go@924ae3a1cded613372ab5595356fb5720e22ba16	2026-09-12T15:49:30.4943666Z GOFLAGS=''
checker-controls	Run actions/setup-go@924ae3a1cded613372ab5595356fb5720e22ba16	2026-09-12T15:49:30.4944811Z GOGCCFLAGS='-fPIC -m64 -pthread -Wl,--no-gc-sections -fmessage-length=0 -ffile-prefix-map=/tmp/go-build643596415=/tmp/go-build -gno-record-gcc-switches'
checker-controls	Run actions/setup-go@924ae3a1cded613372ab5595356fb5720e22ba16	2026-09-12T15:49:30.4945965Z GOHOSTARCH='amd64'
checker-controls	Run actions/setup-go@924ae3a1cded613372ab5595356fb5720e22ba16	2026-09-12T15:49:30.4946330Z GOHOSTOS='linux'
checker-controls	Run actions/setup-go@924ae3a1cded613372ab5595356fb5720e22ba16	2026-09-12T15:49:30.4946679Z GOINSECURE=''
checker-controls	Run actions/setup-go@924ae3a1cded613372ab5595356fb5720e22ba16	2026-09-12T15:49:30.4947021Z GOMOD='/dev/null'
checker-controls	Run actions/setup-go@924ae3a1cded613372ab5595356fb5720e22ba16	2026-09-12T15:49:30.4947421Z GOMODCACHE='/home/runner/go/pkg/mod'
checker-controls	Run actions/setup-go@924ae3a1cded613372ab5595356fb5720e22ba16	2026-09-12T15:49:30.4947877Z GONOPROXY=''
checker-controls	Run actions/setup-go@924ae3a1cded613372ab5595356fb5720e22ba16	2026-09-12T15:49:30.4948200Z GONOSUMDB=''
checker-controls	Run actions/setup-go@924ae3a1cded613372ab5595356fb5720e22ba16	2026-09-12T15:49:30.4948534Z GOOS='linux'
checker-controls	Run actions/setup-go@924ae3a1cded613372ab5595356fb5720e22ba16	2026-09-12T15:49:30.4949103Z GOPACKAGESDRIVER=''
checker-controls	Run actions/setup-go@924ae3a1cded613372ab5595356fb5720e22ba16	2026-09-12T15:49:30.4949577Z GOPATH='/home/runner/go'
checker-controls	Run actions/setup-go@924ae3a1cded613372ab5595356fb5720e22ba16	2026-09-12T15:49:30.4949959Z GOPRIVATE=''
checker-controls	Run actions/setup-go@924ae3a1cded613372ab5595356fb5720e22ba16	2026-09-12T15:49:30.4950381Z GOPROXY='https://proxy.golang.org,direct'
checker-controls	Run actions/setup-go@924ae3a1cded613372ab5595356fb5720e22ba16	2026-09-12T15:49:30.4950954Z GOROOT='/opt/hostedtoolcache/go/1.27.1/x64'
checker-controls	Run actions/setup-go@924ae3a1cded613372ab5595356fb5720e22ba16	2026-09-12T15:49:30.4951475Z GOSUMDB='sum.golang.org'
checker-controls	Run actions/setup-go@924ae3a1cded613372ab5595356fb5720e22ba16	2026-09-12T15:49:30.4951869Z GOTELEMETRY='local'
checker-controls	Run actions/setup-go@924ae3a1cded613372ab5595356fb5720e22ba16	2026-09-12T15:49:30.4952322Z GOTELEMETRYDIR='/home/runner/.config/go/telemetry'
checker-controls	Run actions/setup-go@924ae3a1cded613372ab5595356fb5720e22ba16	2026-09-12T15:49:30.4952848Z GOTMPDIR=''
checker-controls	Run actions/setup-go@924ae3a1cded613372ab5595356fb5720e22ba16	2026-09-12T15:49:30.4953183Z GOTOOLCHAIN='local'
checker-controls	Run actions/setup-go@924ae3a1cded613372ab5595356fb5720e22ba16	2026-09-12T15:49:30.4953734Z GOTOOLDIR='/opt/hostedtoolcache/go/1.27.1/x64/pkg/tool/linux_amd64'
checker-controls	Run actions/setup-go@924ae3a1cded613372ab5595356fb5720e22ba16	2026-09-12T15:49:30.4954360Z GOVCS=''
checker-controls	Run actions/setup-go@924ae3a1cded613372ab5595356fb5720e22ba16	2026-09-12T15:49:30.4954693Z GOVERSION='go1.27.1'
checker-controls	Run actions/setup-go@924ae3a1cded613372ab5595356fb5720e22ba16	2026-09-12T15:49:30.4955051Z GOWORK=''
checker-controls	Run actions/setup-go@924ae3a1cded613372ab5595356fb5720e22ba16	2026-09-12T15:49:30.4955417Z PKG_CONFIG='pkg-config'
checker-controls	Run actions/setup-go@924ae3a1cded613372ab5595356fb5720e22ba16	2026-09-12T15:49:30.4955700Z 
checker-controls	Run actions/setup-go@924ae3a1cded613372ab5595356fb5720e22ba16	2026-09-12T15:49:30.4956274Z ##[endgroup]
checker-controls	Run leanprover/lean-action@96e06131c0e9943c780388fd166f55d1e2fa0433	﻿2026-09-12T15:49:30.5419048Z ##[group]Run leanprover/lean-action@96e06131c0e9943c780388fd166f55d1e2fa0433
checker-controls	Run leanprover/lean-action@96e06131c0e9943c780388fd166f55d1e2fa0433	2026-09-12T15:49:30.5419529Z with:
checker-controls	Run leanprover/lean-action@96e06131c0e9943c780388fd166f55d1e2fa0433	2026-09-12T15:49:30.5419783Z   lake-package-directory: docs/lean/ci-toolchain
checker-controls	Run leanprover/lean-action@96e06131c0e9943c780388fd166f55d1e2fa0433	2026-09-12T15:49:30.5420091Z   auto-config: false
checker-controls	Run leanprover/lean-action@96e06131c0e9943c780388fd166f55d1e2fa0433	2026-09-12T15:49:30.5420306Z   build: false
checker-controls	Run leanprover/lean-action@96e06131c0e9943c780388fd166f55d1e2fa0433	2026-09-12T15:49:30.5420509Z   test: false
checker-controls	Run leanprover/lean-action@96e06131c0e9943c780388fd166f55d1e2fa0433	2026-09-12T15:49:30.5420701Z   lint: false
checker-controls	Run leanprover/lean-action@96e06131c0e9943c780388fd166f55d1e2fa0433	2026-09-12T15:49:30.5420903Z   use-mathlib-cache: false
checker-controls	Run leanprover/lean-action@96e06131c0e9943c780388fd166f55d1e2fa0433	2026-09-12T15:49:30.5421150Z   use-github-cache: false
checker-controls	Run leanprover/lean-action@96e06131c0e9943c780388fd166f55d1e2fa0433	2026-09-12T15:49:30.5421378Z   mk_all-check: false
checker-controls	Run leanprover/lean-action@96e06131c0e9943c780388fd166f55d1e2fa0433	2026-09-12T15:49:30.5421615Z   check-reservoir-eligibility: false
checker-controls	Run leanprover/lean-action@96e06131c0e9943c780388fd166f55d1e2fa0433	2026-09-12T15:49:30.5421883Z   leanchecker: false
checker-controls	Run leanprover/lean-action@96e06131c0e9943c780388fd166f55d1e2fa0433	2026-09-12T15:49:30.5422096Z   lean4checker: false
checker-controls	Run leanprover/lean-action@96e06131c0e9943c780388fd166f55d1e2fa0433	2026-09-12T15:49:30.5422304Z   nanoda: false
checker-controls	Run leanprover/lean-action@96e06131c0e9943c780388fd166f55d1e2fa0433	2026-09-12T15:49:30.5422513Z   nanoda-allow-sorry: true
checker-controls	Run leanprover/lean-action@96e06131c0e9943c780388fd166f55d1e2fa0433	2026-09-12T15:49:30.5422747Z   axiom-audit: false
checker-controls	Run leanprover/lean-action@96e06131c0e9943c780388fd166f55d1e2fa0433	2026-09-12T15:49:30.5423029Z   axiom-audit-allow: propext,Classical.choice,Quot.sound
checker-controls	Run leanprover/lean-action@96e06131c0e9943c780388fd166f55d1e2fa0433	2026-09-12T15:49:30.5423413Z   reinstall-transient-toolchain: false
checker-controls	Run leanprover/lean-action@96e06131c0e9943c780388fd166f55d1e2fa0433	2026-09-12T15:49:30.5423762Z env:
checker-controls	Run leanprover/lean-action@96e06131c0e9943c780388fd166f55d1e2fa0433	2026-09-12T15:49:30.5423948Z   GOTOOLCHAIN: local
checker-controls	Run leanprover/lean-action@96e06131c0e9943c780388fd166f55d1e2fa0433	2026-09-12T15:49:30.5424162Z ##[endgroup]
checker-controls	Run leanprover/lean-action@96e06131c0e9943c780388fd166f55d1e2fa0433	2026-09-12T15:49:30.5490910Z ##[start-action display=install elan;id=__leanprover_lean-action.__run]
checker-controls	Run leanprover/lean-action@96e06131c0e9943c780388fd166f55d1e2fa0433	2026-09-12T15:49:30.5528687Z ##[group]Run : Install Elan
checker-controls	Run leanprover/lean-action@96e06131c0e9943c780388fd166f55d1e2fa0433	2026-09-12T15:49:30.5529252Z ^[[36;1m: Install Elan^[[0m
checker-controls	Run leanprover/lean-action@96e06131c0e9943c780388fd166f55d1e2fa0433	2026-09-12T15:49:30.5529574Z ^[[36;1m${GITHUB_ACTION_PATH}/scripts/install_elan.sh^[[0m
checker-controls	Run leanprover/lean-action@96e06131c0e9943c780388fd166f55d1e2fa0433	2026-09-12T15:49:30.5572291Z shell: /usr/bin/bash --noprofile --norc -e -o pipefail {0}
checker-controls	Run leanprover/lean-action@96e06131c0e9943c780388fd166f55d1e2fa0433	2026-09-12T15:49:30.5572672Z env:
checker-controls	Run leanprover/lean-action@96e06131c0e9943c780388fd166f55d1e2fa0433	2026-09-12T15:49:30.5572876Z   GOTOOLCHAIN: local
checker-controls	Run leanprover/lean-action@96e06131c0e9943c780388fd166f55d1e2fa0433	2026-09-12T15:49:30.5573097Z ##[endgroup]
checker-controls	Run leanprover/lean-action@96e06131c0e9943c780388fd166f55d1e2fa0433	2026-09-12T15:49:30.5713448Z ##[group]Elan Installation Output
checker-controls	Run leanprover/lean-action@96e06131c0e9943c780388fd166f55d1e2fa0433	2026-09-12T15:49:30.6167889Z info: downloading installer
checker-controls	Run leanprover/lean-action@96e06131c0e9943c780388fd166f55d1e2fa0433	2026-09-12T15:49:31.0293571Z info: downloading https://releases.lean-lang.org/lean4/v4.33.1/lean-4.33.1-linux.tar.zst
checker-controls	Run leanprover/lean-action@96e06131c0e9943c780388fd166f55d1e2fa0433	2026-09-12T15:49:34.5155092Z info: installing /home/runner/.elan/toolchains/leanprover--lean4---v4.33.1
checker-controls	Run leanprover/lean-action@96e06131c0e9943c780388fd166f55d1e2fa0433	2026-09-12T15:49:41.2927398Z Lean (version 4.33.1, x86_64-unknown-linux-gnu, commit 819816b2e0a3bf405af45ae5c7af2491d8f5bee6, Release)
checker-controls	Run leanprover/lean-action@96e06131c0e9943c780388fd166f55d1e2fa0433	2026-09-12T15:49:41.3434630Z Lake version 5.0.0-src+819816b (Lean version 4.33.1)
checker-controls	Run leanprover/lean-action@96e06131c0e9943c780388fd166f55d1e2fa0433	2026-09-12T15:49:41.3436352Z ##[endgroup]
checker-controls	Run leanprover/lean-action@96e06131c0e9943c780388fd166f55d1e2fa0433	2026-09-12T15:49:41.3436580Z 
checker-controls	Run leanprover/lean-action@96e06131c0e9943c780388fd166f55d1e2fa0433	2026-09-12T15:49:41.3457341Z ##[end-action id=__leanprover_lean-action.__run;outcome=success;conclusion=success;duration_ms=10796]
checker-controls	Run leanprover/lean-action@96e06131c0e9943c780388fd166f55d1e2fa0433	2026-09-12T15:49:41.3463679Z ##[start-action display=configure `lean-action`;id=__leanprover_lean-action.config]
checker-controls	Run leanprover/lean-action@96e06131c0e9943c780388fd166f55d1e2fa0433	2026-09-12T15:49:41.3481594Z ##[group]Run : Configure Lean Action
checker-controls	Run leanprover/lean-action@96e06131c0e9943c780388fd166f55d1e2fa0433	2026-09-12T15:49:41.3481910Z ^[[36;1m: Configure Lean Action^[[0m
checker-controls	Run leanprover/lean-action@96e06131c0e9943c780388fd166f55d1e2fa0433	2026-09-12T15:49:41.3482196Z ^[[36;1m${GITHUB_ACTION_PATH}/scripts/config.sh^[[0m
checker-controls	Run leanprover/lean-action@96e06131c0e9943c780388fd166f55d1e2fa0433	2026-09-12T15:49:41.3521239Z shell: /usr/bin/bash --noprofile --norc -e -o pipefail {0}
checker-controls	Run leanprover/lean-action@96e06131c0e9943c780388fd166f55d1e2fa0433	2026-09-12T15:49:41.3521585Z env:
checker-controls	Run leanprover/lean-action@96e06131c0e9943c780388fd166f55d1e2fa0433	2026-09-12T15:49:41.3521776Z   GOTOOLCHAIN: local
checker-controls	Run leanprover/lean-action@96e06131c0e9943c780388fd166f55d1e2fa0433	2026-09-12T15:49:41.3522001Z   AUTO_CONFIG: false
checker-controls	Run leanprover/lean-action@96e06131c0e9943c780388fd166f55d1e2fa0433	2026-09-12T15:49:41.3522202Z   BUILD: false
checker-controls	Run leanprover/lean-action@96e06131c0e9943c780388fd166f55d1e2fa0433	2026-09-12T15:49:41.3522387Z   TEST: false
checker-controls	Run leanprover/lean-action@96e06131c0e9943c780388fd166f55d1e2fa0433	2026-09-12T15:49:41.3522569Z   LINT: false
checker-controls	Run leanprover/lean-action@96e06131c0e9943c780388fd166f55d1e2fa0433	2026-09-12T15:49:41.3522778Z ##[endgroup]
checker-controls	Run leanprover/lean-action@96e06131c0e9943c780388fd166f55d1e2fa0433	2026-09-12T15:49:41.3786309Z ##[group]Configure lean-action
checker-controls	Run leanprover/lean-action@96e06131c0e9943c780388fd166f55d1e2fa0433	2026-09-12T15:49:41.3835517Z ##[end-action id=__leanprover_lean-action.config;outcome=success;conclusion=success;duration_ms=37]
checker-controls	Run leanprover/lean-action@96e06131c0e9943c780388fd166f55d1e2fa0433	2026-09-12T15:49:41.3840412Z ##[start-action display=reinstall transient toolchain;id=__leanprover_lean-action.__run_2]
checker-controls	Run leanprover/lean-action@96e06131c0e9943c780388fd166f55d1e2fa0433	2026-09-12T15:49:41.3846116Z ##[end-action id=__leanprover_lean-action.__run_2;outcome=skipped;conclusion=skipped;duration_ms=0]
checker-controls	Run leanprover/lean-action@96e06131c0e9943c780388fd166f55d1e2fa0433	2026-09-12T15:49:41.3849277Z ##[start-action display=ensure all files are imported;id=__leanprover_lean-action.mk_all]
checker-controls	Run leanprover/lean-action@96e06131c0e9943c780388fd166f55d1e2fa0433	2026-09-12T15:49:41.3853292Z ##[end-action id=__leanprover_lean-action.mk_all;outcome=skipped;conclusion=skipped;duration_ms=0]
checker-controls	Run leanprover/lean-action@96e06131c0e9943c780388fd166f55d1e2fa0433	2026-09-12T15:49:41.3855245Z ##[start-action display=Run actions/cache/restore@v5;id=__leanprover_lean-action.__actions_cache]
checker-controls	Run leanprover/lean-action@96e06131c0e9943c780388fd166f55d1e2fa0433	2026-09-12T15:49:41.3859065Z ##[end-action id=__leanprover_lean-action.__actions_cache;outcome=skipped;conclusion=skipped;duration_ms=0]
checker-controls	Run leanprover/lean-action@96e06131c0e9943c780388fd166f55d1e2fa0433	2026-09-12T15:49:41.3861304Z ##[start-action display=detect mathlib;id=__leanprover_lean-action.detect-mathlib]
checker-controls	Run leanprover/lean-action@96e06131c0e9943c780388fd166f55d1e2fa0433	2026-09-12T15:49:41.3864882Z ##[end-action id=__leanprover_lean-action.detect-mathlib;outcome=skipped;conclusion=skipped;duration_ms=0]
checker-controls	Run leanprover/lean-action@96e06131c0e9943c780388fd166f55d1e2fa0433	2026-09-12T15:49:41.3866741Z ##[start-action display=get mathlib cache;id=__leanprover_lean-action.__run_3]
checker-controls	Run leanprover/lean-action@96e06131c0e9943c780388fd166f55d1e2fa0433	2026-09-12T15:49:41.3883174Z ##[end-action id=__leanprover_lean-action.__run_3;outcome=skipped;conclusion=skipped;duration_ms=0]
checker-controls	Run leanprover/lean-action@96e06131c0e9943c780388fd166f55d1e2fa0433	2026-09-12T15:49:41.3909483Z ##[start-action display=build sgstepaniants/OpenProblemsInNLA;id=__leanprover_lean-action.build]
checker-controls	Run leanprover/lean-action@96e06131c0e9943c780388fd166f55d1e2fa0433	2026-09-12T15:49:41.3914099Z ##[end-action id=__leanprover_lean-action.build;outcome=skipped;conclusion=skipped;duration_ms=0]
checker-controls	Run leanprover/lean-action@96e06131c0e9943c780388fd166f55d1e2fa0433	2026-09-12T15:49:41.3916019Z ##[start-action display=Run actions/cache/save@v5;id=__leanprover_lean-action.__actions_cache_2]
checker-controls	Run leanprover/lean-action@96e06131c0e9943c780388fd166f55d1e2fa0433	2026-09-12T15:49:41.3919866Z ##[end-action id=__leanprover_lean-action.__actions_cache_2;outcome=skipped;conclusion=skipped;duration_ms=0]
checker-controls	Run leanprover/lean-action@96e06131c0e9943c780388fd166f55d1e2fa0433	2026-09-12T15:49:41.3923381Z ##[start-action display=test sgstepaniants/OpenProblemsInNLA;id=__leanprover_lean-action.test]
checker-controls	Run leanprover/lean-action@96e06131c0e9943c780388fd166f55d1e2fa0433	2026-09-12T15:49:41.3927774Z ##[end-action id=__leanprover_lean-action.test;outcome=skipped;conclusion=skipped;duration_ms=0]
checker-controls	Run leanprover/lean-action@96e06131c0e9943c780388fd166f55d1e2fa0433	2026-09-12T15:49:41.3931329Z ##[start-action display=lint sgstepaniants/OpenProblemsInNLA;id=__leanprover_lean-action.lint]
checker-controls	Run leanprover/lean-action@96e06131c0e9943c780388fd166f55d1e2fa0433	2026-09-12T15:49:41.3935708Z ##[end-action id=__leanprover_lean-action.lint;outcome=skipped;conclusion=skipped;duration_ms=0]
checker-controls	Run leanprover/lean-action@96e06131c0e9943c780388fd166f55d1e2fa0433	2026-09-12T15:49:41.3937581Z ##[start-action display=check reservoir eligibility;id=__leanprover_lean-action.__run_4]
checker-controls	Run leanprover/lean-action@96e06131c0e9943c780388fd166f55d1e2fa0433	2026-09-12T15:49:41.3941424Z ##[end-action id=__leanprover_lean-action.__run_4;outcome=skipped;conclusion=skipped;duration_ms=0]
checker-controls	Run leanprover/lean-action@96e06131c0e9943c780388fd166f55d1e2fa0433	2026-09-12T15:49:41.3944469Z ##[start-action display=check environment with leanchecker;id=__leanprover_lean-action.__run_5]
checker-controls	Run leanprover/lean-action@96e06131c0e9943c780388fd166f55d1e2fa0433	2026-09-12T15:49:41.3949587Z ##[end-action id=__leanprover_lean-action.__run_5;outcome=skipped;conclusion=skipped;duration_ms=0]
checker-controls	Run leanprover/lean-action@96e06131c0e9943c780388fd166f55d1e2fa0433	2026-09-12T15:49:41.3952106Z ##[start-action display=check environment with nanoda;id=__leanprover_lean-action.nanoda]
checker-controls	Run leanprover/lean-action@96e06131c0e9943c780388fd166f55d1e2fa0433	2026-09-12T15:49:41.3955769Z ##[end-action id=__leanprover_lean-action.nanoda;outcome=skipped;conclusion=skipped;duration_ms=0]
checker-controls	Run leanprover/lean-action@96e06131c0e9943c780388fd166f55d1e2fa0433	2026-09-12T15:49:41.3958369Z ##[start-action display=audit axioms with axiom-audit;id=__leanprover_lean-action.axiom-audit]
checker-controls	Run leanprover/lean-action@96e06131c0e9943c780388fd166f55d1e2fa0433	2026-09-12T15:49:41.3962296Z ##[end-action id=__leanprover_lean-action.axiom-audit;outcome=skipped;conclusion=skipped;duration_ms=0]
checker-controls	Prepare unprivileged Linux isolation	﻿2026-09-12T15:49:41.4013831Z ##[group]Run sudo apt-get update
checker-controls	Prepare unprivileged Linux isolation	2026-09-12T15:49:41.4014158Z ^[[36;1msudo apt-get update^[[0m
checker-controls	Prepare unprivileged Linux isolation	2026-09-12T15:49:41.4014495Z ^[[36;1msudo apt-get install -y bubblewrap dbus-user-session^[[0m
checker-controls	Prepare unprivileged Linux isolation	2026-09-12T15:49:41.4014948Z ^[[36;1msudo sysctl -w kernel.apparmor_restrict_unprivileged_userns=0^[[0m
checker-controls	Prepare unprivileged Linux isolation	2026-09-12T15:49:41.4015366Z ^[[36;1msudo loginctl enable-linger "$(id -un)"^[[0m
checker-controls	Prepare unprivileged Linux isolation	2026-09-12T15:49:41.4015709Z ^[[36;1msudo systemctl start "user@$(id -u).service"^[[0m
checker-controls	Prepare unprivileged Linux isolation	2026-09-12T15:49:41.4016090Z ^[[36;1mecho "XDG_RUNTIME_DIR=/run/user/$(id -u)" >> "$GITHUB_ENV"^[[0m
checker-controls	Prepare unprivileged Linux isolation	2026-09-12T15:49:41.4016592Z ^[[36;1mecho "DBUS_SESSION_BUS_ADDRESS=unix:path=/run/user/$(id -u)/bus" >> "$GITHUB_ENV"^[[0m
checker-controls	Prepare unprivileged Linux isolation	2026-09-12T15:49:41.4053303Z shell: /usr/bin/bash -e {0}
checker-controls	Prepare unprivileged Linux isolation	2026-09-12T15:49:41.4053553Z env:
checker-controls	Prepare unprivileged Linux isolation	2026-09-12T15:49:41.4053748Z   GOTOOLCHAIN: local
checker-controls	Prepare unprivileged Linux isolation	2026-09-12T15:49:41.4053965Z ##[endgroup]
checker-controls	Prepare unprivileged Linux isolation	2026-09-12T15:49:42.2088207Z Get:1 file:/etc/apt/apt-mirrors.txt Mirrorlist [144 B]
checker-controls	Prepare unprivileged Linux isolation	2026-09-12T15:49:42.2700211Z Hit:2 http://azure.archive.ubuntu.com/ubuntu noble InRelease
checker-controls	Prepare unprivileged Linux isolation	2026-09-12T15:49:42.2701215Z Get:6 https://packages.microsoft.com/ubuntu/24.04/prod noble InRelease [3600 B]
checker-controls	Prepare unprivileged Linux isolation	2026-09-12T15:49:42.2701814Z Get:3 http://azure.archive.ubuntu.com/ubuntu noble-updates InRelease [126 kB]
checker-controls	Prepare unprivileged Linux isolation	2026-09-12T15:49:42.2823997Z Get:7 https://dl.google.com/linux/chrome-stable/deb stable InRelease [2548 B]
checker-controls	Prepare unprivileged Linux isolation	2026-09-12T15:49:42.3689989Z Get:4 http://azure.archive.ubuntu.com/ubuntu noble-backports InRelease [126 kB]
checker-controls	Prepare unprivileged Linux isolation	2026-09-12T15:49:42.3720058Z Get:5 http://azure.archive.ubuntu.com/ubuntu noble-security InRelease [126 kB]
checker-controls	Prepare unprivileged Linux isolation	2026-09-12T15:49:42.8243265Z Get:8 https://packages.microsoft.com/ubuntu/24.04/prod noble/main amd64 Packages [463 kB]
checker-controls	Prepare unprivileged Linux isolation	2026-09-12T15:49:42.9188191Z Get:9 http://azure.archive.ubuntu.com/ubuntu noble-updates/main amd64 Packages [1263 kB]
checker-controls	Prepare unprivileged Linux isolation	2026-09-12T15:49:42.9259111Z Get:17 https://packages.microsoft.com/ubuntu/24.04/prod noble/main arm64 Packages [414 kB]
checker-controls	Prepare unprivileged Linux isolation	2026-09-12T15:49:42.9690641Z Get:10 http://azure.archive.ubuntu.com/ubuntu noble-updates/main Translation-en [292 kB]
checker-controls	Prepare unprivileged Linux isolation	2026-09-12T15:49:42.9809964Z Get:11 http://azure.archive.ubuntu.com/ubuntu noble-updates/main amd64 Components [180 kB]
checker-controls	Prepare unprivileged Linux isolation	2026-09-12T15:49:42.9819855Z Get:12 http://azure.archive.ubuntu.com/ubuntu noble-updates/universe amd64 Packages [1690 kB]
checker-controls	Prepare unprivileged Linux isolation	2026-09-12T15:49:43.0157290Z Get:13 http://azure.archive.ubuntu.com/ubuntu noble-updates/universe amd64 Components [388 kB]
checker-controls	Prepare unprivileged Linux isolation	2026-09-12T15:49:43.0235551Z Get:14 http://azure.archive.ubuntu.com/ubuntu noble-updates/restricted amd64 Packages [1544 kB]
checker-controls	Prepare unprivileged Linux isolation	2026-09-12T15:49:43.0541787Z Get:20 https://dl.google.com/linux/chrome-stable/deb stable/main amd64 Packages [1409 B]
checker-controls	Prepare unprivileged Linux isolation	2026-09-12T15:49:43.0638038Z Get:15 http://azure.archive.ubuntu.com/ubuntu noble-updates/restricted Translation-en [354 kB]
checker-controls	Prepare unprivileged Linux isolation	2026-09-12T15:49:43.0672089Z Get:16 http://azure.archive.ubuntu.com/ubuntu noble-updates/multiverse amd64 Components [940 B]
checker-controls	Prepare unprivileged Linux isolation	2026-09-12T15:49:43.0694770Z Get:18 http://azure.archive.ubuntu.com/ubuntu noble-backports/main amd64 Components [5748 B]
checker-controls	Prepare unprivileged Linux isolation	2026-09-12T15:49:43.0750128Z Get:19 http://azure.archive.ubuntu.com/ubuntu noble-backports/universe amd64 Components [12.6 kB]
checker-controls	Prepare unprivileged Linux isolation	2026-09-12T15:49:43.1407156Z Get:21 http://azure.archive.ubuntu.com/ubuntu noble-security/main amd64 Packages [1006 kB]
checker-controls	Prepare unprivileged Linux isolation	2026-09-12T15:49:43.2080693Z Get:22 http://azure.archive.ubuntu.com/ubuntu noble-security/main Translation-en [213 kB]
checker-controls	Prepare unprivileged Linux isolation	2026-09-12T15:49:43.2091209Z Get:23 http://azure.archive.ubuntu.com/ubuntu noble-security/main amd64 Components [46.4 kB]
checker-controls	Prepare unprivileged Linux isolation	2026-09-12T15:49:43.2114120Z Get:24 http://azure.archive.ubuntu.com/ubuntu noble-security/universe amd64 Packages [1206 kB]
checker-controls	Prepare unprivileged Linux isolation	2026-09-12T15:49:43.2573457Z Get:25 http://azure.archive.ubuntu.com/ubuntu noble-security/universe amd64 Components [76.3 kB]
checker-controls	Prepare unprivileged Linux isolation	2026-09-12T15:49:43.2593107Z Get:26 http://azure.archive.ubuntu.com/ubuntu noble-security/restricted amd64 Packages [1445 kB]
checker-controls	Prepare unprivileged Linux isolation	2026-09-12T15:49:43.2675523Z Get:27 http://azure.archive.ubuntu.com/ubuntu noble-security/restricted Translation-en [336 kB]
checker-controls	Prepare unprivileged Linux isolation	2026-09-12T15:49:47.1182889Z Fetched 11.3 MB in 2s (5819 kB/s)
checker-controls	Prepare unprivileged Linux isolation	2026-09-12T15:49:47.8935300Z Reading package lists...
checker-controls	Prepare unprivileged Linux isolation	2026-09-12T15:49:47.9247988Z Reading package lists...
checker-controls	Prepare unprivileged Linux isolation	2026-09-12T15:49:48.0860224Z Building dependency tree...
checker-controls	Prepare unprivileged Linux isolation	2026-09-12T15:49:48.0867846Z Reading state information...
checker-controls	Prepare unprivileged Linux isolation	2026-09-12T15:49:48.2316822Z dbus-user-session is already the newest version (1.14.10-4ubuntu4.1).
checker-controls	Prepare unprivileged Linux isolation	2026-09-12T15:49:48.2317650Z dbus-user-session set to manually installed.
checker-controls	Prepare unprivileged Linux isolation	2026-09-12T15:49:48.2318015Z The following NEW packages will be installed:
checker-controls	Prepare unprivileged Linux isolation	2026-09-12T15:49:48.2322646Z   bubblewrap
checker-controls	Prepare unprivileged Linux isolation	2026-09-12T15:49:48.2486122Z 0 upgraded, 1 newly installed, 0 to remove and 50 not upgraded.
checker-controls	Prepare unprivileged Linux isolation	2026-09-12T15:49:48.2486877Z Need to get 50.2 kB of archives.
checker-controls	Prepare unprivileged Linux isolation	2026-09-12T15:49:48.2487568Z After this operation, 133 kB of additional disk space will be used.
checker-controls	Prepare unprivileged Linux isolation	2026-09-12T15:49:48.2488077Z Get:1 file:/etc/apt/apt-mirrors.txt Mirrorlist [144 B]
checker-controls	Prepare unprivileged Linux isolation	2026-09-12T15:49:48.2722454Z Get:2 http://azure.archive.ubuntu.com/ubuntu noble-updates/main amd64 bubblewrap amd64 0.9.0-1ubuntu0.1 [50.2 kB]
checker-controls	Prepare unprivileged Linux isolation	2026-09-12T15:49:48.5123354Z Fetched 50.2 kB in 0s (1408 kB/s)
checker-controls	Prepare unprivileged Linux isolation	2026-09-12T15:49:48.5342076Z Selecting previously unselected package bubblewrap.
checker-controls	Prepare unprivileged Linux isolation	2026-09-12T15:49:48.5655353Z (Reading database ... 
checker-controls	Prepare unprivileged Linux isolation	2026-09-12T15:49:48.5656040Z (Reading database ... 5%
checker-controls	Prepare unprivileged Linux isolation	2026-09-12T15:49:48.5656565Z (Reading database ... 10%
checker-controls	Prepare unprivileged Linux isolation	2026-09-12T15:49:48.5656958Z (Reading database ... 15%
checker-controls	Prepare unprivileged Linux isolation	2026-09-12T15:49:48.5657359Z (Reading database ... 20%
checker-controls	Prepare unprivileged Linux isolation	2026-09-12T15:49:48.5657791Z (Reading database ... 25%
checker-controls	Prepare unprivileged Linux isolation	2026-09-12T15:49:48.5658228Z (Reading database ... 30%
checker-controls	Prepare unprivileged Linux isolation	2026-09-12T15:49:48.5658620Z (Reading database ... 35%
checker-controls	Prepare unprivileged Linux isolation	2026-09-12T15:49:48.5659334Z (Reading database ... 40%
checker-controls	Prepare unprivileged Linux isolation	2026-09-12T15:49:48.5659731Z (Reading database ... 45%
checker-controls	Prepare unprivileged Linux isolation	2026-09-12T15:49:48.5660199Z (Reading database ... 50%
checker-controls	Prepare unprivileged Linux isolation	2026-09-12T15:49:48.5701414Z (Reading database ... 55%
checker-controls	Prepare unprivileged Linux isolation	2026-09-12T15:49:48.7168837Z (Reading database ... 60%
checker-controls	Prepare unprivileged Linux isolation	2026-09-12T15:49:48.9127208Z (Reading database ... 65%
checker-controls	Prepare unprivileged Linux isolation	2026-09-12T15:49:49.3830260Z (Reading database ... 70%
checker-controls	Prepare unprivileged Linux isolation	2026-09-12T15:49:49.5593806Z (Reading database ... 75%
checker-controls	Prepare unprivileged Linux isolation	2026-09-12T15:49:49.7381497Z (Reading database ... 80%
checker-controls	Prepare unprivileged Linux isolation	2026-09-12T15:49:49.9144465Z (Reading database ... 85%
checker-controls	Prepare unprivileged Linux isolation	2026-09-12T15:49:50.1485896Z (Reading database ... 90%
checker-controls	Prepare unprivileged Linux isolation	2026-09-12T15:49:50.3276214Z (Reading database ... 95%
checker-controls	Prepare unprivileged Linux isolation	2026-09-12T15:49:50.3276740Z (Reading database ... 100%
checker-controls	Prepare unprivileged Linux isolation	2026-09-12T15:49:50.3277318Z (Reading database ... 201818 files and directories currently installed.)
checker-controls	Prepare unprivileged Linux isolation	2026-09-12T15:49:50.3318237Z Preparing to unpack .../bubblewrap_0.9.0-1ubuntu0.1_amd64.deb ...
checker-controls	Prepare unprivileged Linux isolation	2026-09-12T15:49:50.3347789Z Unpacking bubblewrap (0.9.0-1ubuntu0.1) ...
checker-controls	Prepare unprivileged Linux isolation	2026-09-12T15:49:50.3781678Z Setting up bubblewrap (0.9.0-1ubuntu0.1) ...
checker-controls	Prepare unprivileged Linux isolation	2026-09-12T15:49:50.3833133Z Processing triggers for man-db (2.12.0-4build2) ...
checker-controls	Prepare unprivileged Linux isolation	2026-09-12T15:49:50.3854915Z Not building database; man-db/auto-update is not 'true'.
checker-controls	Prepare unprivileged Linux isolation	2026-09-12T15:49:51.0203218Z 
checker-controls	Prepare unprivileged Linux isolation	2026-09-12T15:49:51.0203791Z Running kernel seems to be up-to-date.
checker-controls	Prepare unprivileged Linux isolation	2026-09-12T15:49:51.0204271Z 
checker-controls	Prepare unprivileged Linux isolation	2026-09-12T15:49:51.0204671Z No services need to be restarted.
checker-controls	Prepare unprivileged Linux isolation	2026-09-12T15:49:51.0204922Z 
checker-controls	Prepare unprivileged Linux isolation	2026-09-12T15:49:51.0205076Z No containers need to be restarted.
checker-controls	Prepare unprivileged Linux isolation	2026-09-12T15:49:51.0205346Z 
checker-controls	Prepare unprivileged Linux isolation	2026-09-12T15:49:51.0205536Z No user sessions are running outdated binaries.
checker-controls	Prepare unprivileged Linux isolation	2026-09-12T15:49:51.0205808Z 
checker-controls	Prepare unprivileged Linux isolation	2026-09-12T15:49:51.0206090Z No VM guests are running outdated hypervisor (qemu) binaries on this host.
checker-controls	Prepare unprivileged Linux isolation	2026-09-12T15:49:51.8260417Z kernel.apparmor_restrict_unprivileged_userns = 0
checker-controls	Build pinned checker and run rejection controls	﻿2026-09-12T15:49:51.8572360Z ##[group]Run ulimit -n 65536
checker-controls	Build pinned checker and run rejection controls	2026-09-12T15:49:51.8572681Z ^[[36;1mulimit -n 65536^[[0m
checker-controls	Build pinned checker and run rejection controls	2026-09-12T15:49:51.8573001Z ^[[36;1mtools/lean/bootstrap.sh "$RUNNER_TEMP/nla-lean-tools"^[[0m
checker-controls	Build pinned checker and run rejection controls	2026-09-12T15:49:51.8573425Z ^[[36;1mtools/lean/selftest.sh "$RUNNER_TEMP/nla-lean-tools"^[[0m
checker-controls	Build pinned checker and run rejection controls	2026-09-12T15:49:51.8610912Z shell: /usr/bin/bash -e {0}
checker-controls	Build pinned checker and run rejection controls	2026-09-12T15:49:51.8611164Z env:
checker-controls	Build pinned checker and run rejection controls	2026-09-12T15:49:51.8611357Z   GOTOOLCHAIN: local
checker-controls	Build pinned checker and run rejection controls	2026-09-12T15:49:51.8611592Z   XDG_RUNTIME_DIR: /run/user/1001
checker-controls	Build pinned checker and run rejection controls	2026-09-12T15:49:51.8611900Z   DBUS_SESSION_BUS_ADDRESS: unix:path=/run/user/1001/bus
checker-controls	Build pinned checker and run rejection controls	2026-09-12T15:49:51.8612213Z ##[endgroup]
checker-controls	Build pinned checker and run rejection controls	2026-09-12T15:49:52.4547728Z Running elan toolchain install leanprover/lean4:v4.33.1
checker-controls	Build pinned checker and run rejection controls	2026-09-12T15:49:52.4548400Z Log: /home/runner/work/_temp/nla-lean-tools/logs/bootstrap/elan.log
checker-controls	Build pinned checker and run rejection controls	2026-09-12T15:49:52.4568058Z info: toolchain 'leanprover/lean4:v4.33.1' is already installed
checker-controls	Build pinned checker and run rejection controls	2026-09-12T15:49:52.5434637Z Running go build -mod=readonly -buildvcs=false -o /home/runner/work/_temp/nla-lean-tools/.tools/bin/landrun ./cmd/landrun
checker-controls	Build pinned checker and run rejection controls	2026-09-12T15:49:52.5435962Z Log: /home/runner/work/_temp/nla-lean-tools/logs/bootstrap/landrun-build.log
checker-controls	Build pinned checker and run rejection controls	2026-09-12T15:49:52.5481816Z go: downloading github.com/urfave/cli/v3 v3.6.2
checker-controls	Build pinned checker and run rejection controls	2026-09-12T15:49:52.5649137Z go: downloading github.com/landlock-lsm/go-landlock v0.9.0
checker-controls	Build pinned checker and run rejection controls	2026-09-12T15:49:52.6360437Z go: downloading golang.org/x/sys v0.40.0
checker-controls	Build pinned checker and run rejection controls	2026-09-12T15:49:52.6361570Z go: downloading kernel.org/pub/linux/libs/security/libcap/psx v1.2.77
checker-controls	Build pinned checker and run rejection controls	2026-09-12T15:50:01.6359323Z Running lake build lean4export comparator
checker-controls	Build pinned checker and run rejection controls	2026-09-12T15:50:01.6360336Z Log: /home/runner/work/_temp/nla-lean-tools/logs/bootstrap/comparator-build.log
checker-controls	Build pinned checker and run rejection controls	2026-09-12T15:50:02.1736503Z ✔ [3/20] Built Comparator.Util (415ms)
checker-controls	Build pinned checker and run rejection controls	2026-09-12T15:50:02.3742968Z ✔ [4/20] Built Comparator.Util:c.o (202ms)
checker-controls	Build pinned checker and run rejection controls	2026-09-12T15:50:03.6822089Z ✔ [5/20] Built Export.Parse (1.9s)
checker-controls	Build pinned checker and run rejection controls	2026-09-12T15:50:04.3833192Z ✔ [6/20] Built Comparator.Axioms (689ms)
checker-controls	Build pinned checker and run rejection controls	2026-09-12T15:50:04.7837940Z ✔ [7/20] Built Export (3.1s)
checker-controls	Build pinned checker and run rejection controls	2026-09-12T15:50:04.8873764Z ✔ [8/20] Built Comparator.Axioms:c.o (579ms)
checker-controls	Build pinned checker and run rejection controls	2026-09-12T15:50:05.2842367Z ✔ [9/20] Built Comparator.Compare (954ms)
checker-controls	Build pinned checker and run rejection controls	2026-09-12T15:50:05.9900419Z ✔ [10/20] Built Comparator.Compare:c.o (649ms)
checker-controls	Build pinned checker and run rejection controls	2026-09-12T15:50:06.3900152Z ✔ [11/20] Built Main (1.5s)
checker-controls	Build pinned checker and run rejection controls	2026-09-12T15:50:06.3900923Z ✔ [12/20] Built Comparator (470ms)
checker-controls	Build pinned checker and run rejection controls	2026-09-12T15:50:06.4890200Z ✔ [13/20] Built Comparator:c.o (104ms)
checker-controls	Build pinned checker and run rejection controls	2026-09-12T15:50:06.7887936Z ✔ [14/20] Built Main:c.o (349ms)
checker-controls	Build pinned checker and run rejection controls	2026-09-12T15:50:08.7924987Z ✔ [15/20] Built Main (2.3s)
checker-controls	Build pinned checker and run rejection controls	2026-09-12T15:50:08.7925731Z ✔ [16/20] Built Export.Parse:c.o (5.1s)
checker-controls	Build pinned checker and run rejection controls	2026-09-12T15:50:08.8925623Z ✔ [17/20] Built Export:c.o (4.1s)
checker-controls	Build pinned checker and run rejection controls	2026-09-12T15:50:09.8944945Z ✔ [18/20] Built lean4export:exe (1.0s)
checker-controls	Build pinned checker and run rejection controls	2026-09-12T15:50:09.9945852Z ✔ [19/20] Built Main:c.o (1.2s)
checker-controls	Build pinned checker and run rejection controls	2026-09-12T15:50:10.6953392Z ✔ [20/20] Built comparator:exe (691ms)
checker-controls	Build pinned checker and run rejection controls	2026-09-12T15:50:10.6958662Z Build completed successfully (20 jobs).
checker-controls	Build pinned checker and run rejection controls	2026-09-12T15:50:10.9846457Z Tools built; isolation and checker controls run during verify. Receipt: /home/runner/work/_temp/nla-lean-tools/bootstrap.json
checker-controls	Build pinned checker and run rejection controls	2026-09-12T15:50:11.3928446Z Running /usr/bin/timeout --kill-after=5s 45s systemd-run -p RuntimeMaxSec=40 --user --quiet --wait --pipe --collect -p 'RestrictAddressFamilies=~AF_UNIX' --working-directory /home/runner/work/_temp/nla-lean-tools /usr/bin/env -i PATH=/home/runner/.elan/toolchains/leanprover--lean4---v4.33.1/bin:/home/runner/.elan/bin:/home/runner/go/bin:/opt/hostedtoolcache/go/1.27.1/x64/bin:/snap/bin:/home/runner/.local/bin:/opt/pipx_bin:/home/runner/.cargo/bin:/home/runner/.config/composer/vendor/bin:/usr/local/.ghcup/bin:/home/runner/.dotnet/tools:/usr/local/sbin:/usr/local/bin:/usr/sbin:/usr/bin:/sbin:/bin:/usr/games:/usr/local/games:/snap/bin HOME=/home/runner LANG=C.UTF-8 XDG_RUNTIME_DIR=/run/user/1001 DBUS_SESSION_BUS_ADDRESS=unix:path=/run/user/1001/bus GIT_TERMINAL_PROMPT=0 GIT_CONFIG_NOSYSTEM=1 GIT_CONFIG_GLOBAL=/dev/null COMPARATOR_BIN=/home/runner/work/_temp/nla-lean-tools/.tools/comparator/.lake/build/bin/comparator COMPARATOR_LEAN4EXPORT=/home/runner/work/_temp/nla-lean-tools/.tools/lean4export/.lake/build/bin/lean4export COMPARATOR_LANDRUN=/home/runner/work/_temp/nla-lean-tools/scripts/strict_landrun.py XDG_CACHE_HOME=/home/runner/work/_temp/nla-lean-tools/.tools/cache TMPDIR=/home/runner/work/_temp/nla-lean-tools/.verification-tmp /usr/bin/true
checker-controls	Build pinned checker and run rejection controls	2026-09-12T15:50:11.3934688Z Log: /home/runner/work/_temp/nla-lean-tools/logs/selftest-20260912T155011Z-4135/user-service.log
checker-controls	Build pinned checker and run rejection controls	2026-09-12T15:50:11.4241469Z Running python3 /home/runner/work/_temp/nla-lean-tools/reproduction/checks/sandbox_probe_ci.py
checker-controls	Build pinned checker and run rejection controls	2026-09-12T15:50:11.4242758Z Log: /home/runner/work/_temp/nla-lean-tools/logs/selftest-20260912T155011Z-4135/sandbox.log
checker-controls	Build pinned checker and run rejection controls	2026-09-12T15:50:11.4572650Z START sandbox mode: build
checker-controls	Build pinned checker and run rejection controls	2026-09-12T15:50:11.5429904Z START sandbox mode: export
checker-controls	Build pinned checker and run rejection controls	2026-09-12T15:50:11.6244627Z START sandbox negative case: unknown option
checker-controls	Build pinned checker and run rejection controls	2026-09-12T15:50:11.6626861Z START sandbox negative case: unexpected --rw
checker-controls	Build pinned checker and run rejection controls	2026-09-12T15:50:11.7064266Z START sandbox negative case: unexpected --rwx
checker-controls	Build pinned checker and run rejection controls	2026-09-12T15:50:11.7504114Z START sandbox negative case: relative --rwx
checker-controls	Build pinned checker and run rejection controls	2026-09-12T15:50:11.7896218Z MODE build: exit=0
checker-controls	Build pinned checker and run rejection controls	2026-09-12T15:50:11.7897099Z Running as unit: run-u2.service; invocation ID: 0cb739d3ebf647568ff3c0a5061b1cf2
checker-controls	Build pinned checker and run rejection controls	2026-09-12T15:50:11.7898104Z PASS outside .lake write-open: denied errno=30
checker-controls	Build pinned checker and run rejection controls	2026-09-12T15:50:11.7898715Z PASS outside .lake truncate: denied errno=30
checker-controls	Build pinned checker and run rejection controls	2026-09-12T15:50:11.7899808Z PASS outside .lake read-only truncate-open: denied errno=30
checker-controls	Build pinned checker and run rejection controls	2026-09-12T15:50:11.7900651Z PASS symlink from .lake to outside write: denied errno=30
checker-controls	Build pinned checker and run rejection controls	2026-09-12T15:50:11.7901320Z PASS outside .lake creation: denied errno=30
checker-controls	Build pinned checker and run rejection controls	2026-09-12T15:50:11.7901793Z PASS build .lake write: allowed
checker-controls	Build pinned checker and run rejection controls	2026-09-12T15:50:11.7902231Z PASS user namespace: private
checker-controls	Build pinned checker and run rejection controls	2026-09-12T15:50:11.7902648Z PASS pid namespace: private
checker-controls	Build pinned checker and run rejection controls	2026-09-12T15:50:11.7903046Z PASS mnt namespace: private
checker-controls	Build pinned checker and run rejection controls	2026-09-12T15:50:11.7903460Z PASS net namespace: private
checker-controls	Build pinned checker and run rejection controls	2026-09-12T15:50:11.7903849Z PASS ipc namespace: private
checker-controls	Build pinned checker and run rejection controls	2026-09-12T15:50:11.7904245Z PASS uts namespace: private
checker-controls	Build pinned checker and run rejection controls	2026-09-12T15:50:11.7904738Z PASS host parent: absent from private /proc
checker-controls	Build pinned checker and run rejection controls	2026-09-12T15:50:11.7905338Z PASS host parent signal lookup: denied errno=3
checker-controls	Build pinned checker and run rejection controls	2026-09-12T15:50:11.7905949Z PASS host loopback listener: unreachable errno=13
checker-controls	Build pinned checker and run rejection controls	2026-09-12T15:50:11.7906546Z PASS AF_UNIX socket creation: denied errno=97
checker-controls	Build pinned checker and run rejection controls	2026-09-12T15:50:11.7907089Z PASS effective capabilities: none
checker-controls	Build pinned checker and run rejection controls	2026-09-12T15:50:11.7907547Z PASS no_new_privs: set
checker-controls	Build pinned checker and run rejection controls	2026-09-12T15:50:11.7907915Z Sandbox UID: 1001
checker-controls	Build pinned checker and run rejection controls	2026-09-12T15:50:11.7908189Z PASS nested namespace write attempt: rejected exit=1
checker-controls	Build pinned checker and run rejection controls	2026-09-12T15:50:11.7908576Z bwrap: setting up uid map: Permission denied
checker-controls	Build pinned checker and run rejection controls	2026-09-12T15:50:11.7909173Z Finished with result: success
checker-controls	Build pinned checker and run rejection controls	2026-09-12T15:50:11.7909679Z Main processes terminated with: code=exited/status=0
checker-controls	Build pinned checker and run rejection controls	2026-09-12T15:50:11.7910006Z Service runtime: 69ms
checker-controls	Build pinned checker and run rejection controls	2026-09-12T15:50:11.7910246Z CPU time consumed: 70ms
checker-controls	Build pinned checker and run rejection controls	2026-09-12T15:50:11.7910481Z Memory peak: 512.0K
checker-controls	Build pinned checker and run rejection controls	2026-09-12T15:50:11.7910712Z Memory swap peak: 0B
checker-controls	Build pinned checker and run rejection controls	2026-09-12T15:50:11.7910848Z 
checker-controls	Build pinned checker and run rejection controls	2026-09-12T15:50:11.7910949Z MODE export: exit=0
checker-controls	Build pinned checker and run rejection controls	2026-09-12T15:50:11.7911324Z Running as unit: run-u3.service; invocation ID: a5ea049d6dc244909e5ed87cb9a47df7
checker-controls	Build pinned checker and run rejection controls	2026-09-12T15:50:11.7911778Z PASS outside .lake write-open: denied errno=30
checker-controls	Build pinned checker and run rejection controls	2026-09-12T15:50:11.7912115Z PASS outside .lake truncate: denied errno=30
checker-controls	Build pinned checker and run rejection controls	2026-09-12T15:50:11.7912481Z PASS outside .lake read-only truncate-open: denied errno=30
checker-controls	Build pinned checker and run rejection controls	2026-09-12T15:50:11.7912893Z PASS symlink from .lake to outside write: denied errno=30
checker-controls	Build pinned checker and run rejection controls	2026-09-12T15:50:11.7913250Z PASS outside .lake creation: denied errno=30
checker-controls	Build pinned checker and run rejection controls	2026-09-12T15:50:11.7913566Z PASS export .lake write-open: denied errno=30
checker-controls	Build pinned checker and run rejection controls	2026-09-12T15:50:11.7913883Z PASS export .lake truncate: denied errno=30
checker-controls	Build pinned checker and run rejection controls	2026-09-12T15:50:11.7914181Z PASS user namespace: private
checker-controls	Build pinned checker and run rejection controls	2026-09-12T15:50:11.7914439Z PASS pid namespace: private
checker-controls	Build pinned checker and run rejection controls	2026-09-12T15:50:11.7914686Z PASS mnt namespace: private
checker-controls	Build pinned checker and run rejection controls	2026-09-12T15:50:11.7914932Z PASS net namespace: private
checker-controls	Build pinned checker and run rejection controls	2026-09-12T15:50:11.7915170Z PASS ipc namespace: private
checker-controls	Build pinned checker and run rejection controls	2026-09-12T15:50:11.7915408Z PASS uts namespace: private
checker-controls	Build pinned checker and run rejection controls	2026-09-12T15:50:11.7915676Z PASS host parent: absent from private /proc
checker-controls	Build pinned checker and run rejection controls	2026-09-12T15:50:11.7916323Z PASS host parent signal lookup: denied errno=3
checker-controls	Build pinned checker and run rejection controls	2026-09-12T15:50:11.7916667Z PASS host loopback listener: unreachable errno=13
checker-controls	Build pinned checker and run rejection controls	2026-09-12T15:50:11.7917003Z PASS AF_UNIX socket creation: denied errno=97
checker-controls	Build pinned checker and run rejection controls	2026-09-12T15:50:11.7917444Z PASS effective capabilities: none
checker-controls	Build pinned checker and run rejection controls	2026-09-12T15:50:11.7917707Z PASS no_new_privs: set
checker-controls	Build pinned checker and run rejection controls	2026-09-12T15:50:11.7917931Z Sandbox UID: 1001
checker-controls	Build pinned checker and run rejection controls	2026-09-12T15:50:11.7918206Z PASS nested namespace write attempt: rejected exit=1
checker-controls	Build pinned checker and run rejection controls	2026-09-12T15:50:11.7918558Z bwrap: setting up uid map: Permission denied
checker-controls	Build pinned checker and run rejection controls	2026-09-12T15:50:11.7919176Z Finished with result: success
checker-controls	Build pinned checker and run rejection controls	2026-09-12T15:50:11.7919509Z Main processes terminated with: code=exited/status=0
checker-controls	Build pinned checker and run rejection controls	2026-09-12T15:50:11.7919847Z Service runtime: 69ms
checker-controls	Build pinned checker and run rejection controls	2026-09-12T15:50:11.7920087Z CPU time consumed: 70ms
checker-controls	Build pinned checker and run rejection controls	2026-09-12T15:50:11.7920323Z Memory peak: 256.0K
checker-controls	Build pinned checker and run rejection controls	2026-09-12T15:50:11.7920542Z Memory swap peak: 0B
checker-controls	Build pinned checker and run rejection controls	2026-09-12T15:50:11.7920681Z 
checker-controls	Build pinned checker and run rejection controls	2026-09-12T15:50:11.7920790Z NEGATIVE unknown option: exit=2
checker-controls	Build pinned checker and run rejection controls	2026-09-12T15:50:11.7921193Z Running as unit: run-u4.service; invocation ID: 3bda4585657c4b9cb4815a55c2d227e6
checker-controls	Build pinned checker and run rejection controls	2026-09-12T15:50:11.7921812Z strict Comparator sandbox: unsupported Comparator Landrun option: --unrestricted-filesystem
checker-controls	Build pinned checker and run rejection controls	2026-09-12T15:50:11.7922289Z Finished with result: exit-code
checker-controls	Build pinned checker and run rejection controls	2026-09-12T15:50:11.7922607Z Main processes terminated with: code=exited/status=2
checker-controls	Build pinned checker and run rejection controls	2026-09-12T15:50:11.7922924Z Service runtime: 26ms
checker-controls	Build pinned checker and run rejection controls	2026-09-12T15:50:11.7923152Z CPU time consumed: 26ms
checker-controls	Build pinned checker and run rejection controls	2026-09-12T15:50:11.7923378Z Memory peak: 256.0K
checker-controls	Build pinned checker and run rejection controls	2026-09-12T15:50:11.7923594Z Memory swap peak: 0B
checker-controls	Build pinned checker and run rejection controls	2026-09-12T15:50:11.7923726Z 
checker-controls	Build pinned checker and run rejection controls	2026-09-12T15:50:11.7923836Z NEGATIVE unexpected --rw: exit=2
checker-controls	Build pinned checker and run rejection controls	2026-09-12T15:50:11.7924231Z Running as unit: run-u5.service; invocation ID: 2e0173dd26a04413910161087014f860
checker-controls	Build pinned checker and run rejection controls	2026-09-12T15:50:11.7924739Z strict Comparator sandbox: only private /dev may be passed with --rw
checker-controls	Build pinned checker and run rejection controls	2026-09-12T15:50:11.7925121Z Finished with result: exit-code
checker-controls	Build pinned checker and run rejection controls	2026-09-12T15:50:11.7925419Z Main processes terminated with: code=exited/status=2
checker-controls	Build pinned checker and run rejection controls	2026-09-12T15:50:11.7925736Z Service runtime: 26ms
checker-controls	Build pinned checker and run rejection controls	2026-09-12T15:50:11.7925959Z CPU time consumed: 26ms
checker-controls	Build pinned checker and run rejection controls	2026-09-12T15:50:11.7926186Z Memory peak: 256.0K
checker-controls	Build pinned checker and run rejection controls	2026-09-12T15:50:11.7926398Z Memory swap peak: 0B
checker-controls	Build pinned checker and run rejection controls	2026-09-12T15:50:11.7926529Z 
checker-controls	Build pinned checker and run rejection controls	2026-09-12T15:50:11.7926639Z NEGATIVE unexpected --rwx: exit=2
checker-controls	Build pinned checker and run rejection controls	2026-09-12T15:50:11.7927029Z Running as unit: run-u6.service; invocation ID: 668a65753d524a13ae0b05656eda5e35
checker-controls	Build pinned checker and run rejection controls	2026-09-12T15:50:11.7927560Z strict Comparator sandbox: only this project's existing .lake may be writable
checker-controls	Build pinned checker and run rejection controls	2026-09-12T15:50:11.7927968Z Finished with result: exit-code
checker-controls	Build pinned checker and run rejection controls	2026-09-12T15:50:11.7928259Z Main processes terminated with: code=exited/status=2
checker-controls	Build pinned checker and run rejection controls	2026-09-12T15:50:11.7928565Z Service runtime: 26ms
checker-controls	Build pinned checker and run rejection controls	2026-09-12T15:50:11.7928786Z CPU time consumed: 25ms
checker-controls	Build pinned checker and run rejection controls	2026-09-12T15:50:11.7929345Z Memory peak: 512.0K
checker-controls	Build pinned checker and run rejection controls	2026-09-12T15:50:11.7929571Z Memory swap peak: 0B
checker-controls	Build pinned checker and run rejection controls	2026-09-12T15:50:11.7929709Z 
checker-controls	Build pinned checker and run rejection controls	2026-09-12T15:50:11.7929813Z NEGATIVE relative --rwx: exit=2
checker-controls	Build pinned checker and run rejection controls	2026-09-12T15:50:11.7930187Z Running as unit: run-u7.service; invocation ID: 16716bae7b894488abb089bfb9c9bb57
checker-controls	Build pinned checker and run rejection controls	2026-09-12T15:50:11.7930718Z strict Comparator sandbox: only this project's existing .lake may be writable
checker-controls	Build pinned checker and run rejection controls	2026-09-12T15:50:11.7931127Z Finished with result: exit-code
checker-controls	Build pinned checker and run rejection controls	2026-09-12T15:50:11.7931420Z Main processes terminated with: code=exited/status=2
checker-controls	Build pinned checker and run rejection controls	2026-09-12T15:50:11.7931731Z Service runtime: 26ms
checker-controls	Build pinned checker and run rejection controls	2026-09-12T15:50:11.7931953Z CPU time consumed: 25ms
checker-controls	Build pinned checker and run rejection controls	2026-09-12T15:50:11.7932178Z Memory peak: 256.0K
checker-controls	Build pinned checker and run rejection controls	2026-09-12T15:50:11.7932400Z Memory swap peak: 0B
checker-controls	Build pinned checker and run rejection controls	2026-09-12T15:50:11.7932530Z 
checker-controls	Build pinned checker and run rejection controls	2026-09-12T15:50:11.7932786Z Outer and export fixture contents unchanged; only designated build fixture written.
checker-controls	Build pinned checker and run rejection controls	2026-09-12T15:50:11.7957330Z Running bash /home/runner/work/_temp/nla-lean-tools/reproduction/checks/run_replay.sh
checker-controls	Build pinned checker and run rejection controls	2026-09-12T15:50:11.7958554Z Log: /home/runner/work/_temp/nla-lean-tools/logs/selftest-20260912T155011Z-4135/kernel-controls.log
checker-controls	Build pinned checker and run rejection controls	2026-09-12T15:50:11.8494759Z Replay probe: RestrictAddressFamilies=~AF_UNIX (deny AF_UNIX sockets).
checker-controls	Build pinned checker and run rejection controls	2026-09-12T15:50:11.9006083Z Lean (version 4.33.1, x86_64-unknown-linux-gnu, Release)
checker-controls	Build pinned checker and run rejection controls	2026-09-12T15:50:11.9417724Z /home/runner/.elan/toolchains/leanprover--lean4---v4.33.1/lib/lean/Init.olean
checker-controls	Build pinned checker and run rejection controls	2026-09-12T15:50:11.9419033Z /home/runner/.elan/toolchains/leanprover--lean4---v4.33.1/lib/lean/Init.olean
checker-controls	Build pinned checker and run rejection controls	2026-09-12T15:50:11.9420078Z /home/runner/work/_temp/nla-lean-tools/.tools/comparator/.lake/build/lib/lean/Main.olean
checker-controls	Build pinned checker and run rejection controls	2026-09-12T15:50:13.1789603Z Trusted base fixture: 11 constants
checker-controls	Build pinned checker and run rejection controls	2026-09-12T15:50:13.1790273Z BEGIN honest_with_inductives_and_quotients
checker-controls	Build pinned checker and run rejection controls	2026-09-12T15:50:13.1790867Z Running Lean default kernel on solution.
checker-controls	Build pinned checker and run rejection controls	2026-09-12T15:50:13.1791421Z Lean default kernel accepts the solution
checker-controls	Build pinned checker and run rejection controls	2026-09-12T15:50:13.1792039Z RETURN honest_with_inductives_and_quotients: accepted
checker-controls	Build pinned checker and run rejection controls	2026-09-12T15:50:13.1792640Z BEGIN invalid_raw_proof
checker-controls	Build pinned checker and run rejection controls	2026-09-12T15:50:13.1793094Z Running Lean default kernel on solution.
checker-controls	Build pinned checker and run rejection controls	2026-09-12T15:50:13.1793627Z Lean default kernel rejects the solution
checker-controls	Build pinned checker and run rejection controls	2026-09-12T15:50:13.1794247Z RETURN invalid_raw_proof: rejected: while replaying declaration 'PinnedReplayProbe.invalid':
checker-controls	Build pinned checker and run rejection controls	2026-09-12T15:50:13.1795000Z (kernel) declaration type mismatch, 'PinnedReplayProbe.invalid' has type
checker-controls	Build pinned checker and run rejection controls	2026-09-12T15:50:13.1795464Z   True
checker-controls	Build pinned checker and run rejection controls	2026-09-12T15:50:13.1795701Z but it is expected to have type
checker-controls	Build pinned checker and run rejection controls	2026-09-12T15:50:13.1795990Z   False
checker-controls	Build pinned checker and run rejection controls	2026-09-12T15:50:13.1796229Z BEGIN quotient_postcheck_mismatch
checker-controls	Build pinned checker and run rejection controls	2026-09-12T15:50:13.1796579Z Running Lean default kernel on solution.
checker-controls	Build pinned checker and run rejection controls	2026-09-12T15:50:13.1796940Z Lean default kernel accepts the solution
checker-controls	Build pinned checker and run rejection controls	2026-09-12T15:50:13.1797297Z Quotient post-check rejects the solution
checker-controls	Build pinned checker and run rejection controls	2026-09-12T15:50:13.1797832Z RETURN quotient_postcheck_mismatch: rejected: Quotient constant mismatch on: Quot.lift
checker-controls	Build pinned checker and run rejection controls	2026-09-12T15:50:13.1798536Z PASS: all three actual Comparator.runBuiltinKernel cases behaved as required
checker-controls	Build pinned checker and run rejection controls	2026-09-12T15:50:13.2709824Z Running python3 /home/runner/work/_temp/nla-lean-tools/reproduction/checks/comparator_regressions.py
checker-controls	Build pinned checker and run rejection controls	2026-09-12T15:50:13.2710667Z Log: /home/runner/work/_temp/nla-lean-tools/logs/selftest-20260912T155011Z-4135/comparator-controls.log
checker-controls	Build pinned checker and run rejection controls	2026-09-12T15:50:13.3027221Z Comparator regressions: RestrictAddressFamilies=~AF_UNIX; .tools/env.sh selects the real strict sandbox.
checker-controls	Build pinned checker and run rejection controls	2026-09-12T15:50:13.3036966Z 
checker-controls	Build pinned checker and run rejection controls	2026-09-12T15:50:13.3037155Z CASE simple_match
checker-controls	Build pinned checker and run rejection controls	2026-09-12T15:50:15.3751027Z info: ComparatorRegression: no previous manifest, creating one from scratch
checker-controls	Build pinned checker and run rejection controls	2026-09-12T15:50:15.3751603Z info: toolchain not updated; already up-to-date
checker-controls	Build pinned checker and run rejection controls	2026-09-12T15:50:15.3751917Z Building Challenge
checker-controls	Build pinned checker and run rejection controls	2026-09-12T15:50:15.3752377Z ⚠ [2/3] Built Challenge (218ms)
checker-controls	Build pinned checker and run rejection controls	2026-09-12T15:50:15.3752696Z warning: Challenge.lean:1:8: declaration uses `sorry`
checker-controls	Build pinned checker and run rejection controls	2026-09-12T15:50:15.3753040Z Build completed successfully (3 jobs).
checker-controls	Build pinned checker and run rejection controls	2026-09-12T15:50:15.3754418Z Exporting #[Quot, Quot.mk, Quot.lift, Quot.ind, comm, propext, Quot.sound, Classical.choice, Nat.add, Nat.sub, Nat.mul, Nat.pow, Nat.gcd, Nat.div, Nat.mod, Nat.beq, Nat.ble, Nat.land, Nat.lor, Nat.xor, Nat.shiftLeft, Nat.shiftRight, String.ofList, Char.ofNat, List, eagerReduce, Nat, String, String.mk, Char, optParam, autoParam, semiOutParam, outParam] from Challenge
checker-controls	Build pinned checker and run rejection controls	2026-09-12T15:50:15.3755747Z Building Solution
checker-controls	Build pinned checker and run rejection controls	2026-09-12T15:50:15.3756014Z ✔ [2/3] Built Solution (224ms)
checker-controls	Build pinned checker and run rejection controls	2026-09-12T15:50:15.3756291Z Build completed successfully (3 jobs).
checker-controls	Build pinned checker and run rejection controls	2026-09-12T15:50:15.3757799Z Exporting #[Quot, Quot.mk, Quot.lift, Quot.ind, comm, propext, Quot.sound, Classical.choice, Nat.add, Nat.sub, Nat.mul, Nat.pow, Nat.gcd, Nat.div, Nat.mod, Nat.beq, Nat.ble, Nat.land, Nat.lor, Nat.xor, Nat.shiftLeft, Nat.shiftRight, String.ofList, Char.ofNat, List, eagerReduce, Nat, String, String.mk, Char, optParam, autoParam, semiOutParam, outParam] from Solution
checker-controls	Build pinned checker and run rejection controls	2026-09-12T15:50:15.3759667Z Running Lean default kernel on solution.
checker-controls	Build pinned checker and run rejection controls	2026-09-12T15:50:15.3760246Z Lean default kernel accepts the solution
checker-controls	Build pinned checker and run rejection controls	2026-09-12T15:50:15.3760547Z Your solution is okay!
checker-controls	Build pinned checker and run rejection controls	2026-09-12T15:50:15.3760916Z PASS simple_match: exit 0, expected 0; required phase: Your solution is okay!
checker-controls	Build pinned checker and run rejection controls	2026-09-12T15:50:15.3761333Z 
checker-controls	Build pinned checker and run rejection controls	2026-09-12T15:50:15.3761489Z CASE simple_mismatch
checker-controls	Build pinned checker and run rejection controls	2026-09-12T15:50:17.2105847Z info: ComparatorRegression: no previous manifest, creating one from scratch
checker-controls	Build pinned checker and run rejection controls	2026-09-12T15:50:17.2106706Z info: toolchain not updated; already up-to-date
checker-controls	Build pinned checker and run rejection controls	2026-09-12T15:50:17.2107027Z Building Challenge
checker-controls	Build pinned checker and run rejection controls	2026-09-12T15:50:17.2107489Z ⚠ [2/3] Built Challenge (223ms)
checker-controls	Build pinned checker and run rejection controls	2026-09-12T15:50:17.2107810Z warning: Challenge.lean:1:8: declaration uses `sorry`
checker-controls	Build pinned checker and run rejection controls	2026-09-12T15:50:17.2108315Z Build completed successfully (3 jobs).
checker-controls	Build pinned checker and run rejection controls	2026-09-12T15:50:17.2110802Z Exporting #[Quot, Quot.mk, Quot.lift, Quot.ind, comm, propext, Quot.sound, Classical.choice, Nat.add, Nat.sub, Nat.mul, Nat.pow, Nat.gcd, Nat.div, Nat.mod, Nat.beq, Nat.ble, Nat.land, Nat.lor, Nat.xor, Nat.shiftLeft, Nat.shiftRight, String.ofList, Char.ofNat, List, eagerReduce, Nat, String, String.mk, Char, optParam, autoParam, semiOutParam, outParam] from Challenge
checker-controls	Build pinned checker and run rejection controls	2026-09-12T15:50:17.2112152Z Building Solution
checker-controls	Build pinned checker and run rejection controls	2026-09-12T15:50:17.2112448Z ✔ [2/3] Built Solution (214ms)
checker-controls	Build pinned checker and run rejection controls	2026-09-12T15:50:17.2112728Z Build completed successfully (3 jobs).
checker-controls	Build pinned checker and run rejection controls	2026-09-12T15:50:17.2114095Z Exporting #[Quot, Quot.mk, Quot.lift, Quot.ind, comm, propext, Quot.sound, Classical.choice, Nat.add, Nat.sub, Nat.mul, Nat.pow, Nat.gcd, Nat.div, Nat.mod, Nat.beq, Nat.ble, Nat.land, Nat.lor, Nat.xor, Nat.shiftLeft, Nat.shiftRight, String.ofList, Char.ofNat, List, eagerReduce, Nat, String, String.mk, Char, optParam, autoParam, semiOutParam, outParam] from Solution
checker-controls	Build pinned checker and run rejection controls	2026-09-12T15:50:17.2115800Z uncaught exception: Challenge and solution constant kind don't match: 'comm'
checker-controls	Build pinned checker and run rejection controls	2026-09-12T15:50:17.2116656Z PASS simple_mismatch: exit 1, expected 1; required phase: Challenge and solution constant kind don't match: 'comm'
checker-controls	Build pinned checker and run rejection controls	2026-09-12T15:50:17.2117137Z 
checker-controls	Build pinned checker and run rejection controls	2026-09-12T15:50:17.2117238Z CASE simple_axiom_issue
checker-controls	Build pinned checker and run rejection controls	2026-09-12T15:50:19.0842871Z info: ComparatorRegression: no previous manifest, creating one from scratch
checker-controls	Build pinned checker and run rejection controls	2026-09-12T15:50:19.0843767Z info: toolchain not updated; already up-to-date
checker-controls	Build pinned checker and run rejection controls	2026-09-12T15:50:19.0844294Z Building Challenge
checker-controls	Build pinned checker and run rejection controls	2026-09-12T15:50:19.0844957Z ⚠ [2/3] Built Challenge (227ms)
checker-controls	Build pinned checker and run rejection controls	2026-09-12T15:50:19.0845521Z warning: Challenge.lean:1:8: declaration uses `sorry`
checker-controls	Build pinned checker and run rejection controls	2026-09-12T15:50:19.0846092Z Build completed successfully (3 jobs).
checker-controls	Build pinned checker and run rejection controls	2026-09-12T15:50:19.0847484Z Exporting #[Quot, Quot.mk, Quot.lift, Quot.ind, comm, propext, Quot.sound, Classical.choice, Nat.add, Nat.sub, Nat.mul, Nat.pow, Nat.gcd, Nat.div, Nat.mod, Nat.beq, Nat.ble, Nat.land, Nat.lor, Nat.xor, Nat.shiftLeft, Nat.shiftRight, String.ofList, Char.ofNat, List, eagerReduce, Nat, String, String.mk, Char, optParam, autoParam, semiOutParam, outParam] from Challenge
checker-controls	Build pinned checker and run rejection controls	2026-09-12T15:50:19.0848800Z Building Solution
checker-controls	Build pinned checker and run rejection controls	2026-09-12T15:50:19.0849407Z ✔ [2/3] Built Solution (221ms)
checker-controls	Build pinned checker and run rejection controls	2026-09-12T15:50:19.0849690Z Build completed successfully (3 jobs).
checker-controls	Build pinned checker and run rejection controls	2026-09-12T15:50:19.0851863Z Exporting #[Quot, Quot.mk, Quot.lift, Quot.ind, comm, propext, Quot.sound, Classical.choice, Nat.add, Nat.sub, Nat.mul, Nat.pow, Nat.gcd, Nat.div, Nat.mod, Nat.beq, Nat.ble, Nat.land, Nat.lor, Nat.xor, Nat.shiftLeft, Nat.shiftRight, String.ofList, Char.ofNat, List, eagerReduce, Nat, String, String.mk, Char, optParam, autoParam, semiOutParam, outParam] from Solution
checker-controls	Build pinned checker and run rejection controls	2026-09-12T15:50:19.0854536Z uncaught exception: Illegal axiom detected: 'helper'
checker-controls	Build pinned checker and run rejection controls	2026-09-12T15:50:19.0855270Z PASS simple_axiom_issue: exit 1, expected 1; required phase: Illegal axiom detected: 'helper'
checker-controls	Build pinned checker and run rejection controls	2026-09-12T15:50:19.0855632Z 
checker-controls	Build pinned checker and run rejection controls	2026-09-12T15:50:19.0855743Z CASE simple_kind_mismatch
checker-controls	Build pinned checker and run rejection controls	2026-09-12T15:50:20.9399340Z info: ComparatorRegression: no previous manifest, creating one from scratch
checker-controls	Build pinned checker and run rejection controls	2026-09-12T15:50:20.9400226Z info: toolchain not updated; already up-to-date
checker-controls	Build pinned checker and run rejection controls	2026-09-12T15:50:20.9400747Z Building Challenge
checker-controls	Build pinned checker and run rejection controls	2026-09-12T15:50:20.9401314Z ⚠ [2/3] Built Challenge (224ms)
checker-controls	Build pinned checker and run rejection controls	2026-09-12T15:50:20.9401635Z warning: Challenge.lean:1:8: declaration uses `sorry`
checker-controls	Build pinned checker and run rejection controls	2026-09-12T15:50:20.9401984Z Build completed successfully (3 jobs).
checker-controls	Build pinned checker and run rejection controls	2026-09-12T15:50:20.9403351Z Exporting #[Quot, Quot.mk, Quot.lift, Quot.ind, comm, propext, Quot.sound, Classical.choice, Nat.add, Nat.sub, Nat.mul, Nat.pow, Nat.gcd, Nat.div, Nat.mod, Nat.beq, Nat.ble, Nat.land, Nat.lor, Nat.xor, Nat.shiftLeft, Nat.shiftRight, String.ofList, Char.ofNat, List, eagerReduce, Nat, String, String.mk, Char, optParam, autoParam, semiOutParam, outParam] from Challenge
checker-controls	Build pinned checker and run rejection controls	2026-09-12T15:50:20.9406163Z Building Solution
checker-controls	Build pinned checker and run rejection controls	2026-09-12T15:50:20.9406685Z ✔ [2/3] Built Solution (230ms)
checker-controls	Build pinned checker and run rejection controls	2026-09-12T15:50:20.9406990Z Build completed successfully (3 jobs).
checker-controls	Build pinned checker and run rejection controls	2026-09-12T15:50:20.9409871Z Exporting #[Quot, Quot.mk, Quot.lift, Quot.ind, comm, propext, Quot.sound, Classical.choice, Nat.add, Nat.sub, Nat.mul, Nat.pow, Nat.gcd, Nat.div, Nat.mod, Nat.beq, Nat.ble, Nat.land, Nat.lor, Nat.xor, Nat.shiftLeft, Nat.shiftRight, String.ofList, Char.ofNat, List, eagerReduce, Nat, String, String.mk, Char, optParam, autoParam, semiOutParam, outParam] from Solution
checker-controls	Build pinned checker and run rejection controls	2026-09-12T15:50:20.9411245Z uncaught exception: Illegal axiom detected: 'helper'
checker-controls	Build pinned checker and run rejection controls	2026-09-12T15:50:20.9411762Z PASS simple_kind_mismatch: exit 1, expected 1; required phase: Illegal axiom detected: 'helper'
checker-controls	Build pinned checker and run rejection controls	2026-09-12T15:50:20.9412127Z 
checker-controls	Build pinned checker and run rejection controls	2026-09-12T15:50:20.9412226Z CASE type_mismatch
checker-controls	Build pinned checker and run rejection controls	2026-09-12T15:50:22.7684622Z info: ComparatorRegression: no previous manifest, creating one from scratch
checker-controls	Build pinned checker and run rejection controls	2026-09-12T15:50:22.7685227Z info: toolchain not updated; already up-to-date
checker-controls	Build pinned checker and run rejection controls	2026-09-12T15:50:22.7685546Z Building Challenge
checker-controls	Build pinned checker and run rejection controls	2026-09-12T15:50:22.7686010Z ✔ [2/3] Built Challenge (216ms)
checker-controls	Build pinned checker and run rejection controls	2026-09-12T15:50:22.7686301Z Build completed successfully (3 jobs).
checker-controls	Build pinned checker and run rejection controls	2026-09-12T15:50:22.7687732Z Exporting #[Quot, Quot.mk, Quot.lift, Quot.ind, checked, propext, Quot.sound, Classical.choice, Nat.add, Nat.sub, Nat.mul, Nat.pow, Nat.gcd, Nat.div, Nat.mod, Nat.beq, Nat.ble, Nat.land, Nat.lor, Nat.xor, Nat.shiftLeft, Nat.shiftRight, String.ofList, Char.ofNat, List, eagerReduce, Nat, String, String.mk, Char, optParam, autoParam, semiOutParam, outParam] from Challenge
checker-controls	Build pinned checker and run rejection controls	2026-09-12T15:50:22.7689461Z Building Solution
checker-controls	Build pinned checker and run rejection controls	2026-09-12T15:50:22.7689935Z ✔ [2/3] Built Solution (221ms)
checker-controls	Build pinned checker and run rejection controls	2026-09-12T15:50:22.7690407Z Build completed successfully (3 jobs).
checker-controls	Build pinned checker and run rejection controls	2026-09-12T15:50:22.7692777Z Exporting #[Quot, Quot.mk, Quot.lift, Quot.ind, checked, propext, Quot.sound, Classical.choice, Nat.add, Nat.sub, Nat.mul, Nat.pow, Nat.gcd, Nat.div, Nat.mod, Nat.beq, Nat.ble, Nat.land, Nat.lor, Nat.xor, Nat.shiftLeft, Nat.shiftRight, String.ofList, Char.ofNat, List, eagerReduce, Nat, String, String.mk, Char, optParam, autoParam, semiOutParam, outParam] from Solution
checker-controls	Build pinned checker and run rejection controls	2026-09-12T15:50:22.7694321Z uncaught exception: Challenge and solution theorem statement do not match: 'checked'
checker-controls	Build pinned checker and run rejection controls	2026-09-12T15:50:22.7695027Z PASS type_mismatch: exit 1, expected 1; required phase: Challenge and solution theorem statement do not match: 'checked'
checker-controls	Build pinned checker and run rejection controls	2026-09-12T15:50:22.7721961Z PASS: all five Comparator regressions
checker-controls	Build pinned checker and run rejection controls	2026-09-12T15:50:22.7791451Z Running systemd-run --user --quiet --wait --pipe --collect -p 'RestrictAddressFamilies=~AF_UNIX' --working-directory /home/runner/work/_temp/nla-lean-tools/.verification-tmp/nla-axiom-xpvuvlsi /usr/bin/env -i PATH=/home/runner/.elan/toolchains/leanprover--lean4---v4.33.1/bin:/home/runner/.elan/bin:/home/runner/go/bin:/opt/hostedtoolcache/go/1.27.1/x64/bin:/snap/bin:/home/runner/.local/bin:/opt/pipx_bin:/home/runner/.cargo/bin:/home/runner/.config/composer/vendor/bin:/usr/local/.ghcup/bin:/home/runner/.dotnet/tools:/usr/local/sbin:/usr/local/bin:/usr/sbin:/usr/bin:/sbin:/bin:/usr/games:/usr/local/games:/snap/bin HOME=/home/runner LANG=C.UTF-8 XDG_RUNTIME_DIR=/run/user/1001 DBUS_SESSION_BUS_ADDRESS=unix:path=/run/user/1001/bus GIT_TERMINAL_PROMPT=0 GIT_CONFIG_NOSYSTEM=1 GIT_CONFIG_GLOBAL=/dev/null COMPARATOR_BIN=/home/runner/work/_temp/nla-lean-tools/.tools/comparator/.lake/build/bin/comparator COMPARATOR_LEAN4EXPORT=/home/runner/work/_temp/nla-lean-tools/.tools/lean4export/.lake/build/bin/lean4export COMPARATOR_LANDRUN=/home/runner/work/_temp/nla-lean-tools/scripts/strict_landrun.py XDG_CACHE_HOME=/home/runner/work/_temp/nla-lean-tools/.tools/cache TMPDIR=/home/runner/work/_temp/nla-lean-tools/.verification-tmp lake env /home/runner/work/_temp/nla-lean-tools/.tools/comparator/.lake/build/bin/comparator comparator.json
checker-controls	Build pinned checker and run rejection controls	2026-09-12T15:50:22.7796534Z Log: /home/runner/work/_temp/nla-lean-tools/logs/selftest-20260912T155011Z-4135/negative-sorry.log
checker-controls	Build pinned checker and run rejection controls	2026-09-12T15:50:22.8291371Z info: NlaAxiomFixture: no previous manifest, creating one from scratch
checker-controls	Build pinned checker and run rejection controls	2026-09-12T15:50:22.8292538Z info: toolchain not updated; already up-to-date
checker-controls	Build pinned checker and run rejection controls	2026-09-12T15:50:22.8991349Z Building Challenge
checker-controls	Build pinned checker and run rejection controls	2026-09-12T15:50:23.7918542Z ✔ [2/3] Built Challenge (786ms)
checker-controls	Build pinned checker and run rejection controls	2026-09-12T15:50:23.7921731Z Build completed successfully (3 jobs).
checker-controls	Build pinned checker and run rejection controls	2026-09-12T15:50:24.7101762Z Exporting #[Quot, Quot.mk, Quot.lift, Quot.ind, checked, Classical.choice, Quot.sound, propext, Nat.add, Nat.sub, Nat.mul, Nat.pow, Nat.gcd, Nat.div, Nat.mod, Nat.beq, Nat.ble, Nat.land, Nat.lor, Nat.xor, Nat.shiftLeft, Nat.shiftRight, String.ofList, Char.ofNat, List, eagerReduce, Nat, String, String.mk, Char, optParam, autoParam, semiOutParam, outParam] from Challenge
checker-controls	Build pinned checker and run rejection controls	2026-09-12T15:50:24.7103207Z Building Solution
checker-controls	Build pinned checker and run rejection controls	2026-09-12T15:50:25.6053066Z ⚠ [2/3] Built Solution (776ms)
checker-controls	Build pinned checker and run rejection controls	2026-09-12T15:50:25.6053543Z warning: Solution.lean:2:8: declaration uses `sorry`
checker-controls	Build pinned checker and run rejection controls	2026-09-12T15:50:25.6057422Z Build completed successfully (3 jobs).
checker-controls	Build pinned checker and run rejection controls	2026-09-12T15:50:26.5789972Z Exporting #[Quot, Quot.mk, Quot.lift, Quot.ind, checked, Classical.choice, Quot.sound, propext, Nat.add, Nat.sub, Nat.mul, Nat.pow, Nat.gcd, Nat.div, Nat.mod, Nat.beq, Nat.ble, Nat.land, Nat.lor, Nat.xor, Nat.shiftLeft, Nat.shiftRight, String.ofList, Char.ofNat, List, eagerReduce, Nat, String, String.mk, Char, optParam, autoParam, semiOutParam, outParam] from Solution
checker-controls	Build pinned checker and run rejection controls	2026-09-12T15:50:26.5792733Z uncaught exception: Illegal axiom detected: 'sorryAx'
checker-controls	Build pinned checker and run rejection controls	2026-09-12T15:50:26.5898226Z Running systemd-run --user --quiet --wait --pipe --collect -p 'RestrictAddressFamilies=~AF_UNIX' --working-directory /home/runner/work/_temp/nla-lean-tools/.verification-tmp/nla-axiom-13hdw1kv /usr/bin/env -i PATH=/home/runner/.elan/toolchains/leanprover--lean4---v4.33.1/bin:/home/runner/.elan/bin:/home/runner/go/bin:/opt/hostedtoolcache/go/1.27.1/x64/bin:/snap/bin:/home/runner/.local/bin:/opt/pipx_bin:/home/runner/.cargo/bin:/home/runner/.config/composer/vendor/bin:/usr/local/.ghcup/bin:/home/runner/.dotnet/tools:/usr/local/sbin:/usr/local/bin:/usr/sbin:/usr/bin:/sbin:/bin:/usr/games:/usr/local/games:/snap/bin HOME=/home/runner LANG=C.UTF-8 XDG_RUNTIME_DIR=/run/user/1001 DBUS_SESSION_BUS_ADDRESS=unix:path=/run/user/1001/bus GIT_TERMINAL_PROMPT=0 GIT_CONFIG_NOSYSTEM=1 GIT_CONFIG_GLOBAL=/dev/null COMPARATOR_BIN=/home/runner/work/_temp/nla-lean-tools/.tools/comparator/.lake/build/bin/comparator COMPARATOR_LEAN4EXPORT=/home/runner/work/_temp/nla-lean-tools/.tools/lean4export/.lake/build/bin/lean4export COMPARATOR_LANDRUN=/home/runner/work/_temp/nla-lean-tools/scripts/strict_landrun.py XDG_CACHE_HOME=/home/runner/work/_temp/nla-lean-tools/.tools/cache TMPDIR=/home/runner/work/_temp/nla-lean-tools/.verification-tmp lake env /home/runner/work/_temp/nla-lean-tools/.tools/comparator/.lake/build/bin/comparator comparator.json
checker-controls	Build pinned checker and run rejection controls	2026-09-12T15:50:26.5904084Z Log: /home/runner/work/_temp/nla-lean-tools/logs/selftest-20260912T155011Z-4135/negative-native.log
checker-controls	Build pinned checker and run rejection controls	2026-09-12T15:50:26.6361238Z info: NlaAxiomFixture: no previous manifest, creating one from scratch
checker-controls	Build pinned checker and run rejection controls	2026-09-12T15:50:26.6362058Z info: toolchain not updated; already up-to-date
checker-controls	Build pinned checker and run rejection controls	2026-09-12T15:50:26.7211241Z Building Challenge
checker-controls	Build pinned checker and run rejection controls	2026-09-12T15:50:27.7144590Z ✔ [2/3] Built Challenge (810ms)
checker-controls	Build pinned checker and run rejection controls	2026-09-12T15:50:27.7148028Z Build completed successfully (3 jobs).
checker-controls	Build pinned checker and run rejection controls	2026-09-12T15:50:28.6099950Z Exporting #[Quot, Quot.mk, Quot.lift, Quot.ind, checked, Classical.choice, Quot.sound, propext, Nat.add, Nat.sub, Nat.mul, Nat.pow, Nat.gcd, Nat.div, Nat.mod, Nat.beq, Nat.ble, Nat.land, Nat.lor, Nat.xor, Nat.shiftLeft, Nat.shiftRight, String.ofList, Char.ofNat, List, eagerReduce, Nat, String, String.mk, Char, optParam, autoParam, semiOutParam, outParam] from Challenge
checker-controls	Build pinned checker and run rejection controls	2026-09-12T15:50:28.6101434Z Building Solution
checker-controls	Build pinned checker and run rejection controls	2026-09-12T15:50:29.5112406Z ✔ [2/3] Built Solution (792ms)
checker-controls	Build pinned checker and run rejection controls	2026-09-12T15:50:29.5119731Z Build completed successfully (3 jobs).
checker-controls	Build pinned checker and run rejection controls	2026-09-12T15:50:30.4921424Z Exporting #[Quot, Quot.mk, Quot.lift, Quot.ind, checked, Classical.choice, Quot.sound, propext, Nat.add, Nat.sub, Nat.mul, Nat.pow, Nat.gcd, Nat.div, Nat.mod, Nat.beq, Nat.ble, Nat.land, Nat.lor, Nat.xor, Nat.shiftLeft, Nat.shiftRight, String.ofList, Char.ofNat, List, eagerReduce, Nat, String, String.mk, Char, optParam, autoParam, semiOutParam, outParam] from Solution
checker-controls	Build pinned checker and run rejection controls	2026-09-12T15:50:30.4925592Z uncaught exception: Illegal axiom detected: 'checked._native.native_decide.ax_1_1'
checker-controls	Build pinned checker and run rejection controls	2026-09-12T15:50:30.5019805Z PASS: sandbox and checker controls only. Evidence: /home/runner/work/_temp/nla-lean-tools/logs/selftest-20260912T155011Z-4135
checker-controls	Retain checker logs	﻿2026-09-12T15:50:30.5167202Z Node 20 is being deprecated. This workflow is running with Node 24 by default. If you need to temporarily use Node 20, you can set the ACTIONS_ALLOW_USE_UNSECURE_NODE_VERSION=true environment variable. For more information see: https://github.blog/changelog/2025-09-19-deprecation-of-node-20-on-github-actions-runners/
checker-controls	Retain checker logs	2026-09-12T15:50:30.5168612Z ##[group]Run actions/upload-artifact@ea165f8d65b6e75b540449e92b4886f43607fa02
checker-controls	Retain checker logs	2026-09-12T15:50:30.5169491Z with:
checker-controls	Retain checker logs	2026-09-12T15:50:30.5169725Z   name: lean-checker-controls
checker-controls	Retain checker logs	2026-09-12T15:50:30.5170032Z   path: /home/runner/work/_temp/nla-lean-tools/logs/
checker-controls	Retain checker logs	2026-09-12T15:50:30.5170344Z   if-no-files-found: warn
checker-controls	Retain checker logs	2026-09-12T15:50:30.5170573Z   compression-level: 6
checker-controls	Retain checker logs	2026-09-12T15:50:30.5170787Z   overwrite: false
checker-controls	Retain checker logs	2026-09-12T15:50:30.5171014Z   include-hidden-files: false
checker-controls	Retain checker logs	2026-09-12T15:50:30.5171242Z env:
checker-controls	Retain checker logs	2026-09-12T15:50:30.5171420Z   GOTOOLCHAIN: local
checker-controls	Retain checker logs	2026-09-12T15:50:30.5171640Z   XDG_RUNTIME_DIR: /run/user/1001
checker-controls	Retain checker logs	2026-09-12T15:50:30.5171937Z   DBUS_SESSION_BUS_ADDRESS: unix:path=/run/user/1001/bus
checker-controls	Retain checker logs	2026-09-12T15:50:30.5172273Z ##[endgroup]
checker-controls	Retain checker logs	2026-09-12T15:50:30.6884333Z (node:4938) [DEP0040] DeprecationWarning: The `punycode` module is deprecated. Please use a userland alternative instead.
checker-controls	Retain checker logs	2026-09-12T15:50:30.6885727Z (Use `node --trace-deprecation ...` to show where the warning was created)
checker-controls	Retain checker logs	2026-09-12T15:50:30.6991817Z With the provided path, there will be 10 files uploaded
checker-controls	Retain checker logs	2026-09-12T15:50:30.6999764Z Artifact name is valid!
checker-controls	Retain checker logs	2026-09-12T15:50:30.7000310Z Root directory input is valid!
checker-controls	Retain checker logs	2026-09-12T15:50:30.9023244Z Beginning upload of artifact content to blob storage
checker-controls	Retain checker logs	2026-09-12T15:50:30.9376041Z (node:4938) [DEP0169] DeprecationWarning: `url.parse()` behavior is not standardized and prone to errors that have security implications. Use the WHATWG URL API instead. CVEs are not issued for `url.parse()` vulnerabilities.
checker-controls	Retain checker logs	2026-09-12T15:50:30.9649132Z Uploaded bytes 8109
checker-controls	Retain checker logs	2026-09-12T15:50:30.9803867Z Finished uploading artifact content to blob storage!
checker-controls	Retain checker logs	2026-09-12T15:50:30.9805198Z SHA256 digest of uploaded artifact zip is 26c2c1ceca53ff13c40fd8c27ef720209ab877523c72216f3ab63de79084db2c
checker-controls	Retain checker logs	2026-09-12T15:50:30.9806847Z Finalizing artifact upload
checker-controls	Retain checker logs	2026-09-12T15:50:31.1833954Z Artifact lean-checker-controls.zip successfully finalized. Artifact ID 10300591986
checker-controls	Retain checker logs	2026-09-12T15:50:31.1835360Z Artifact lean-checker-controls has been successfully uploaded! Final size is 8109 bytes. Artifact ID is 10300591986
checker-controls	Retain checker logs	2026-09-12T15:50:31.1841204Z Artifact download URL: https://github.com/sgstepaniants/OpenProblemsInNLA/actions/runs/34703363593/artifacts/10300591986
checker-controls	Post Run actions/setup-go@924ae3a1cded613372ab5595356fb5720e22ba16	﻿2026-09-12T15:50:31.1999736Z Post job cleanup.
checker-controls	Post Run actions/checkout@11d5960a326750d5838078e36cf38b85af677262	﻿2026-09-12T15:50:31.3382534Z Node 20 is being deprecated. This workflow is running with Node 24 by default. If you need to temporarily use Node 20, you can set the ACTIONS_ALLOW_USE_UNSECURE_NODE_VERSION=true environment variable. For more information see: https://github.blog/changelog/2025-09-19-deprecation-of-node-20-on-github-actions-runners/
checker-controls	Post Run actions/checkout@11d5960a326750d5838078e36cf38b85af677262	2026-09-12T15:50:31.3383836Z Post job cleanup.
checker-controls	Post Run actions/checkout@11d5960a326750d5838078e36cf38b85af677262	2026-09-12T15:50:31.4294505Z [command]/usr/bin/git version
checker-controls	Post Run actions/checkout@11d5960a326750d5838078e36cf38b85af677262	2026-09-12T15:50:31.4339337Z git version 2.55.0
checker-controls	Post Run actions/checkout@11d5960a326750d5838078e36cf38b85af677262	2026-09-12T15:50:31.4385221Z Temporarily overriding HOME='/home/runner/work/_temp/dd686586-98b1-454c-a0b0-8d51e9be44ca' before making global git config changes
checker-controls	Post Run actions/checkout@11d5960a326750d5838078e36cf38b85af677262	2026-09-12T15:50:31.4386384Z Adding repository directory to the temporary git global config as a safe directory
checker-controls	Post Run actions/checkout@11d5960a326750d5838078e36cf38b85af677262	2026-09-12T15:50:31.4391950Z [command]/usr/bin/git config --global --add safe.directory /home/runner/work/OpenProblemsInNLA/OpenProblemsInNLA
checker-controls	Post Run actions/checkout@11d5960a326750d5838078e36cf38b85af677262	2026-09-12T15:50:31.4430765Z [command]/usr/bin/git config --local --name-only --get-regexp core\.sshCommand
checker-controls	Post Run actions/checkout@11d5960a326750d5838078e36cf38b85af677262	2026-09-12T15:50:31.4466393Z [command]/usr/bin/git submodule foreach --recursive sh -c "git config --local --name-only --get-regexp 'core\.sshCommand' && git config --local --unset-all 'core.sshCommand' || :"
checker-controls	Post Run actions/checkout@11d5960a326750d5838078e36cf38b85af677262	2026-09-12T15:50:31.4739363Z [command]/usr/bin/git config --local --name-only --get-regexp http\.https\:\/\/github\.com\/\.extraheader
checker-controls	Post Run actions/checkout@11d5960a326750d5838078e36cf38b85af677262	2026-09-12T15:50:31.4775492Z [command]/usr/bin/git submodule foreach --recursive sh -c "git config --local --name-only --get-regexp 'http\.https\:\/\/github\.com\/\.extraheader' && git config --local --unset-all 'http.https://github.com/.extraheader' || :"
checker-controls	Post Run actions/checkout@11d5960a326750d5838078e36cf38b85af677262	2026-09-12T15:50:31.5034144Z [command]/usr/bin/git config --local --name-only --get-regexp ^includeIf\.gitdir:
checker-controls	Post Run actions/checkout@11d5960a326750d5838078e36cf38b85af677262	2026-09-12T15:50:31.5080375Z [command]/usr/bin/git submodule foreach --recursive git config --local --show-origin --name-only --get-regexp remote.origin.url
checker-controls	Complete job	﻿2026-09-12T15:50:31.5505693Z Cleaning up orphan processes
checker-controls	Complete job	2026-09-12T15:50:31.5873716Z ##[warning]Node.js 20 is deprecated. The following actions target Node.js 20 but are being forced to run on Node.js 24: actions/checkout@11d5960a326750d5838078e36cf38b85af677262, actions/upload-artifact@ea165f8d65b6e75b540449e92b4886f43607fa02. For more information see: https://github.blog/changelog/2025-09-19-deprecation-of-node-20-on-github-actions-runners/
verify (MI-19, matrix-inequalities-and-norms/MI-19/lean)	UNKNOWN STEP	﻿2026-09-12T15:49:19.3283777Z Current runner version: '2.337.0'
verify (MI-19, matrix-inequalities-and-norms/MI-19/lean)	UNKNOWN STEP	2026-09-12T15:49:19.3305535Z ##[group]Runner Image Provisioner
verify (MI-19, matrix-inequalities-and-norms/MI-19/lean)	UNKNOWN STEP	2026-09-12T15:49:19.3306430Z Hosted Compute Agent
verify (MI-19, matrix-inequalities-and-norms/MI-19/lean)	UNKNOWN STEP	2026-09-12T15:49:19.3307032Z Version: 20260828.587
verify (MI-19, matrix-inequalities-and-norms/MI-19/lean)	UNKNOWN STEP	2026-09-12T15:49:19.3307596Z Commit: abac92662cab4cc7352de4f9f9d2e2419aad9c29
verify (MI-19, matrix-inequalities-and-norms/MI-19/lean)	UNKNOWN STEP	2026-09-12T15:49:19.3308330Z Build Date: 2026-08-28T16:44:25Z
verify (MI-19, matrix-inequalities-and-norms/MI-19/lean)	UNKNOWN STEP	2026-09-12T15:49:19.3309243Z Worker ID: {13121f4d-57b2-407d-b5e1-e7f3bb4e122d}
verify (MI-19, matrix-inequalities-and-norms/MI-19/lean)	UNKNOWN STEP	2026-09-12T15:49:19.3309903Z Azure Region: westus3
verify (MI-19, matrix-inequalities-and-norms/MI-19/lean)	UNKNOWN STEP	2026-09-12T15:49:19.3310442Z ##[endgroup]
verify (MI-19, matrix-inequalities-and-norms/MI-19/lean)	UNKNOWN STEP	2026-09-12T15:49:19.3311696Z ##[group]Operating System
verify (MI-19, matrix-inequalities-and-norms/MI-19/lean)	UNKNOWN STEP	2026-09-12T15:49:19.3312274Z Ubuntu
verify (MI-19, matrix-inequalities-and-norms/MI-19/lean)	UNKNOWN STEP	2026-09-12T15:49:19.3312770Z 24.04.5
verify (MI-19, matrix-inequalities-and-norms/MI-19/lean)	UNKNOWN STEP	2026-09-12T15:49:19.3313546Z LTS
verify (MI-19, matrix-inequalities-and-norms/MI-19/lean)	UNKNOWN STEP	2026-09-12T15:49:19.3314123Z ##[endgroup]
verify (MI-19, matrix-inequalities-and-norms/MI-19/lean)	UNKNOWN STEP	2026-09-12T15:49:19.3314625Z ##[group]Runner Image
verify (MI-19, matrix-inequalities-and-norms/MI-19/lean)	UNKNOWN STEP	2026-09-12T15:49:19.3315211Z Image: ubuntu-24.04
verify (MI-19, matrix-inequalities-and-norms/MI-19/lean)	UNKNOWN STEP	2026-09-12T15:49:19.3315725Z Version: 20260907.300.1
verify (MI-19, matrix-inequalities-and-norms/MI-19/lean)	UNKNOWN STEP	2026-09-12T15:49:19.3316899Z Included Software: https://github.com/actions/runner-images/blob/ubuntu24/20260907.300/images/ubuntu/Ubuntu2404-Readme.md
verify (MI-19, matrix-inequalities-and-norms/MI-19/lean)	UNKNOWN STEP	2026-09-12T15:49:19.3318281Z Image Release: https://github.com/actions/runner-images/releases/tag/ubuntu24%2F20260907.300
verify (MI-19, matrix-inequalities-and-norms/MI-19/lean)	UNKNOWN STEP	2026-09-12T15:49:19.3319430Z ##[endgroup]
verify (MI-19, matrix-inequalities-and-norms/MI-19/lean)	UNKNOWN STEP	2026-09-12T15:49:19.3320491Z ##[group]GITHUB_TOKEN Permissions
verify (MI-19, matrix-inequalities-and-norms/MI-19/lean)	UNKNOWN STEP	2026-09-12T15:49:19.3322663Z Contents: read
verify (MI-19, matrix-inequalities-and-norms/MI-19/lean)	UNKNOWN STEP	2026-09-12T15:49:19.3323201Z Metadata: read
verify (MI-19, matrix-inequalities-and-norms/MI-19/lean)	UNKNOWN STEP	2026-09-12T15:49:19.3323695Z ##[endgroup]
verify (MI-19, matrix-inequalities-and-norms/MI-19/lean)	UNKNOWN STEP	2026-09-12T15:49:19.3325679Z Secret source: Actions
verify (MI-19, matrix-inequalities-and-norms/MI-19/lean)	UNKNOWN STEP	2026-09-12T15:49:19.3326461Z Cache mode: write
verify (MI-19, matrix-inequalities-and-norms/MI-19/lean)	UNKNOWN STEP	2026-09-12T15:49:19.3327067Z Prepare workflow directory
verify (MI-19, matrix-inequalities-and-norms/MI-19/lean)	UNKNOWN STEP	2026-09-12T15:49:19.3604549Z Prepare all required actions
verify (MI-19, matrix-inequalities-and-norms/MI-19/lean)	UNKNOWN STEP	2026-09-12T15:49:19.3647811Z Getting action download info
verify (MI-19, matrix-inequalities-and-norms/MI-19/lean)	UNKNOWN STEP	2026-09-12T15:49:19.6842570Z Download action repository 'actions/checkout@11d5960a326750d5838078e36cf38b85af677262' (SHA:11d5960a326750d5838078e36cf38b85af677262)
verify (MI-19, matrix-inequalities-and-norms/MI-19/lean)	UNKNOWN STEP	2026-09-12T15:49:19.7733400Z Download action repository 'actions/setup-go@924ae3a1cded613372ab5595356fb5720e22ba16' (SHA:924ae3a1cded613372ab5595356fb5720e22ba16)
verify (MI-19, matrix-inequalities-and-norms/MI-19/lean)	UNKNOWN STEP	2026-09-12T15:49:20.5901440Z Download action repository 'leanprover/lean-action@96e06131c0e9943c780388fd166f55d1e2fa0433' (SHA:96e06131c0e9943c780388fd166f55d1e2fa0433)
verify (MI-19, matrix-inequalities-and-norms/MI-19/lean)	UNKNOWN STEP	2026-09-12T15:49:20.8647298Z Download action repository 'actions/upload-artifact@ea165f8d65b6e75b540449e92b4886f43607fa02' (SHA:ea165f8d65b6e75b540449e92b4886f43607fa02)
verify (MI-19, matrix-inequalities-and-norms/MI-19/lean)	UNKNOWN STEP	2026-09-12T15:49:21.2614663Z Getting action download info
verify (MI-19, matrix-inequalities-and-norms/MI-19/lean)	UNKNOWN STEP	2026-09-12T15:49:21.3725371Z Download action repository 'actions/cache@v5' (SHA:caa296126883cff596d87d8935842f9db880ef25)
verify (MI-19, matrix-inequalities-and-norms/MI-19/lean)	UNKNOWN STEP	2026-09-12T15:49:21.9537557Z Complete job name: verify (MI-19, matrix-inequalities-and-norms/MI-19/lean)
verify (MI-19, matrix-inequalities-and-norms/MI-19/lean)	UNKNOWN STEP	2026-09-12T15:49:22.0129557Z Node 20 is being deprecated. This workflow is running with Node 24 by default. If you need to temporarily use Node 20, you can set the ACTIONS_ALLOW_USE_UNSECURE_NODE_VERSION=true environment variable. For more information see: https://github.blog/changelog/2025-09-19-deprecation-of-node-20-on-github-actions-runners/
verify (MI-19, matrix-inequalities-and-norms/MI-19/lean)	UNKNOWN STEP	2026-09-12T15:49:22.0136713Z ##[group]Run actions/checkout@11d5960a326750d5838078e36cf38b85af677262
verify (MI-19, matrix-inequalities-and-norms/MI-19/lean)	UNKNOWN STEP	2026-09-12T15:49:22.0137246Z with:
verify (MI-19, matrix-inequalities-and-norms/MI-19/lean)	UNKNOWN STEP	2026-09-12T15:49:22.0137570Z   persist-credentials: false
verify (MI-19, matrix-inequalities-and-norms/MI-19/lean)	UNKNOWN STEP	2026-09-12T15:49:22.0138002Z   repository: sgstepaniants/OpenProblemsInNLA
verify (MI-19, matrix-inequalities-and-norms/MI-19/lean)	UNKNOWN STEP	2026-09-12T15:49:22.0140773Z   token: ***
verify (MI-19, matrix-inequalities-and-norms/MI-19/lean)	UNKNOWN STEP	2026-09-12T15:49:22.0141158Z   ssh-strict: true
verify (MI-19, matrix-inequalities-and-norms/MI-19/lean)	UNKNOWN STEP	2026-09-12T15:49:22.0141492Z   ssh-user: git
verify (MI-19, matrix-inequalities-and-norms/MI-19/lean)	UNKNOWN STEP	2026-09-12T15:49:22.0141801Z   clean: true
verify (MI-19, matrix-inequalities-and-norms/MI-19/lean)	UNKNOWN STEP	2026-09-12T15:49:22.0142216Z   sparse-checkout-cone-mode: true
verify (MI-19, matrix-inequalities-and-norms/MI-19/lean)	UNKNOWN STEP	2026-09-12T15:49:22.0142593Z   fetch-depth: 1
verify (MI-19, matrix-inequalities-and-norms/MI-19/lean)	UNKNOWN STEP	2026-09-12T15:49:22.0142926Z   fetch-tags: false
verify (MI-19, matrix-inequalities-and-norms/MI-19/lean)	UNKNOWN STEP	2026-09-12T15:49:22.0143308Z   show-progress: true
verify (MI-19, matrix-inequalities-and-norms/MI-19/lean)	UNKNOWN STEP	2026-09-12T15:49:22.0143733Z   lfs: false
verify (MI-19, matrix-inequalities-and-norms/MI-19/lean)	UNKNOWN STEP	2026-09-12T15:49:22.0144123Z   submodules: false
verify (MI-19, matrix-inequalities-and-norms/MI-19/lean)	UNKNOWN STEP	2026-09-12T15:49:22.0144442Z   set-safe-directory: true
verify (MI-19, matrix-inequalities-and-norms/MI-19/lean)	UNKNOWN STEP	2026-09-12T15:49:22.0144847Z   allow-unsafe-pr-checkout: false
verify (MI-19, matrix-inequalities-and-norms/MI-19/lean)	UNKNOWN STEP	2026-09-12T15:49:22.0145395Z ##[endgroup]
verify (MI-19, matrix-inequalities-and-norms/MI-19/lean)	UNKNOWN STEP	2026-09-12T15:49:22.1049869Z Syncing repository: sgstepaniants/OpenProblemsInNLA
verify (MI-19, matrix-inequalities-and-norms/MI-19/lean)	UNKNOWN STEP	2026-09-12T15:49:22.1051975Z ##[group]Getting Git version info
verify (MI-19, matrix-inequalities-and-norms/MI-19/lean)	UNKNOWN STEP	2026-09-12T15:49:22.1052801Z Working directory is '/home/runner/work/OpenProblemsInNLA/OpenProblemsInNLA'
verify (MI-19, matrix-inequalities-and-norms/MI-19/lean)	UNKNOWN STEP	2026-09-12T15:49:22.1054292Z [command]/usr/bin/git version
verify (MI-19, matrix-inequalities-and-norms/MI-19/lean)	UNKNOWN STEP	2026-09-12T15:49:22.1592236Z git version 2.55.0
verify (MI-19, matrix-inequalities-and-norms/MI-19/lean)	UNKNOWN STEP	2026-09-12T15:49:22.1622078Z ##[endgroup]
verify (MI-19, matrix-inequalities-and-norms/MI-19/lean)	UNKNOWN STEP	2026-09-12T15:49:22.1630669Z Temporarily overriding HOME='/home/runner/work/_temp/024c82bd-ef7b-4ee2-b5e9-6e7a61ab00b0' before making global git config changes
verify (MI-19, matrix-inequalities-and-norms/MI-19/lean)	UNKNOWN STEP	2026-09-12T15:49:22.1632163Z Adding repository directory to the temporary git global config as a safe directory
verify (MI-19, matrix-inequalities-and-norms/MI-19/lean)	UNKNOWN STEP	2026-09-12T15:49:22.1633807Z [command]/usr/bin/git config --global --add safe.directory /home/runner/work/OpenProblemsInNLA/OpenProblemsInNLA
verify (MI-19, matrix-inequalities-and-norms/MI-19/lean)	UNKNOWN STEP	2026-09-12T15:49:22.1673536Z Deleting the contents of '/home/runner/work/OpenProblemsInNLA/OpenProblemsInNLA'
verify (MI-19, matrix-inequalities-and-norms/MI-19/lean)	UNKNOWN STEP	2026-09-12T15:49:22.1677444Z ##[group]Initializing the repository
verify (MI-19, matrix-inequalities-and-norms/MI-19/lean)	UNKNOWN STEP	2026-09-12T15:49:22.1681376Z [command]/usr/bin/git init /home/runner/work/OpenProblemsInNLA/OpenProblemsInNLA
verify (MI-19, matrix-inequalities-and-norms/MI-19/lean)	UNKNOWN STEP	2026-09-12T15:49:22.1752138Z hint: Using 'master' as the name for the initial branch. This default branch name
verify (MI-19, matrix-inequalities-and-norms/MI-19/lean)	UNKNOWN STEP	2026-09-12T15:49:22.1754444Z hint: will change to "main" in Git 3.0. To configure the initial branch name
verify (MI-19, matrix-inequalities-and-norms/MI-19/lean)	UNKNOWN STEP	2026-09-12T15:49:22.1755631Z hint: to use in all of your new repositories, which will suppress this warning,
verify (MI-19, matrix-inequalities-and-norms/MI-19/lean)	UNKNOWN STEP	2026-09-12T15:49:22.1756466Z hint: call:
verify (MI-19, matrix-inequalities-and-norms/MI-19/lean)	UNKNOWN STEP	2026-09-12T15:49:22.1756967Z hint:
verify (MI-19, matrix-inequalities-and-norms/MI-19/lean)	UNKNOWN STEP	2026-09-12T15:49:22.1757700Z hint: 	git config --global init.defaultBranch <name>
verify (MI-19, matrix-inequalities-and-norms/MI-19/lean)	UNKNOWN STEP	2026-09-12T15:49:22.1758327Z hint:
verify (MI-19, matrix-inequalities-and-norms/MI-19/lean)	UNKNOWN STEP	2026-09-12T15:49:22.1759232Z hint: Names commonly chosen instead of 'master' are 'main', 'trunk' and
verify (MI-19, matrix-inequalities-and-norms/MI-19/lean)	UNKNOWN STEP	2026-09-12T15:49:22.1760266Z hint: 'development'. The just-created branch can be renamed via this command:
verify (MI-19, matrix-inequalities-and-norms/MI-19/lean)	UNKNOWN STEP	2026-09-12T15:49:22.1761087Z hint:
verify (MI-19, matrix-inequalities-and-norms/MI-19/lean)	UNKNOWN STEP	2026-09-12T15:49:22.1761618Z hint: 	git branch -m <name>
verify (MI-19, matrix-inequalities-and-norms/MI-19/lean)	UNKNOWN STEP	2026-09-12T15:49:22.1762146Z hint:
verify (MI-19, matrix-inequalities-and-norms/MI-19/lean)	UNKNOWN STEP	2026-09-12T15:49:22.1762879Z hint: Disable this message with "git config set advice.defaultBranchName false"
verify (MI-19, matrix-inequalities-and-norms/MI-19/lean)	UNKNOWN STEP	2026-09-12T15:49:22.1764359Z Initialized empty Git repository in /home/runner/work/OpenProblemsInNLA/OpenProblemsInNLA/.git/
verify (MI-19, matrix-inequalities-and-norms/MI-19/lean)	UNKNOWN STEP	2026-09-12T15:49:22.1767174Z [command]/usr/bin/git remote add origin https://github.com/sgstepaniants/OpenProblemsInNLA
verify (MI-19, matrix-inequalities-and-norms/MI-19/lean)	UNKNOWN STEP	2026-09-12T15:49:22.1799122Z ##[endgroup]
verify (MI-19, matrix-inequalities-and-norms/MI-19/lean)	UNKNOWN STEP	2026-09-12T15:49:22.1800211Z ##[group]Disabling automatic garbage collection
verify (MI-19, matrix-inequalities-and-norms/MI-19/lean)	UNKNOWN STEP	2026-09-12T15:49:22.1801560Z [command]/usr/bin/git config --local gc.auto 0
verify (MI-19, matrix-inequalities-and-norms/MI-19/lean)	UNKNOWN STEP	2026-09-12T15:49:22.1827258Z ##[endgroup]
verify (MI-19, matrix-inequalities-and-norms/MI-19/lean)	UNKNOWN STEP	2026-09-12T15:49:22.1828360Z ##[group]Setting up auth
verify (MI-19, matrix-inequalities-and-norms/MI-19/lean)	UNKNOWN STEP	2026-09-12T15:49:22.1833226Z [command]/usr/bin/git config --local --name-only --get-regexp core\.sshCommand
verify (MI-19, matrix-inequalities-and-norms/MI-19/lean)	UNKNOWN STEP	2026-09-12T15:49:22.1859761Z [command]/usr/bin/git submodule foreach --recursive sh -c "git config --local --name-only --get-regexp 'core\.sshCommand' && git config --local --unset-all 'core.sshCommand' || :"
verify (MI-19, matrix-inequalities-and-norms/MI-19/lean)	UNKNOWN STEP	2026-09-12T15:49:22.2105827Z [command]/usr/bin/git config --local --name-only --get-regexp http\.https\:\/\/github\.com\/\.extraheader
verify (MI-19, matrix-inequalities-and-norms/MI-19/lean)	UNKNOWN STEP	2026-09-12T15:49:22.2130123Z [command]/usr/bin/git submodule foreach --recursive sh -c "git config --local --name-only --get-regexp 'http\.https\:\/\/github\.com\/\.extraheader' && git config --local --unset-all 'http.https://github.com/.extraheader' || :"
verify (MI-19, matrix-inequalities-and-norms/MI-19/lean)	UNKNOWN STEP	2026-09-12T15:49:22.2297755Z [command]/usr/bin/git config --local --name-only --get-regexp ^includeIf\.gitdir:
verify (MI-19, matrix-inequalities-and-norms/MI-19/lean)	UNKNOWN STEP	2026-09-12T15:49:22.2324422Z [command]/usr/bin/git submodule foreach --recursive git config --local --show-origin --name-only --get-regexp remote.origin.url
verify (MI-19, matrix-inequalities-and-norms/MI-19/lean)	UNKNOWN STEP	2026-09-12T15:49:22.2491012Z [command]/usr/bin/git config --local http.https://github.com/.extraheader AUTHORIZATION: basic ***
verify (MI-19, matrix-inequalities-and-norms/MI-19/lean)	UNKNOWN STEP	2026-09-12T15:49:22.2517241Z ##[endgroup]
verify (MI-19, matrix-inequalities-and-norms/MI-19/lean)	UNKNOWN STEP	2026-09-12T15:49:22.2518127Z ##[group]Fetching the repository
verify (MI-19, matrix-inequalities-and-norms/MI-19/lean)	UNKNOWN STEP	2026-09-12T15:49:22.2526250Z [command]/usr/bin/git -c protocol.version=2 fetch --no-tags --prune --no-recurse-submodules --depth=1 origin +cd44ce9bcb84ebc79a1aa934918d1f76b2a9c6e7:refs/remotes/origin/codex/lean-mi19-q-permanent
verify (MI-19, matrix-inequalities-and-norms/MI-19/lean)	UNKNOWN STEP	2026-09-12T15:49:25.1440508Z From https://github.com/sgstepaniants/OpenProblemsInNLA
verify (MI-19, matrix-inequalities-and-norms/MI-19/lean)	UNKNOWN STEP	2026-09-12T15:49:25.1441412Z  * [new ref]         cd44ce9bcb84ebc79a1aa934918d1f76b2a9c6e7 -> origin/codex/lean-mi19-q-permanent
verify (MI-19, matrix-inequalities-and-norms/MI-19/lean)	UNKNOWN STEP	2026-09-12T15:49:25.1444655Z ##[endgroup]
verify (MI-19, matrix-inequalities-and-norms/MI-19/lean)	UNKNOWN STEP	2026-09-12T15:49:25.1445220Z ##[group]Determining the checkout info
verify (MI-19, matrix-inequalities-and-norms/MI-19/lean)	UNKNOWN STEP	2026-09-12T15:49:25.1446523Z ##[endgroup]
verify (MI-19, matrix-inequalities-and-norms/MI-19/lean)	UNKNOWN STEP	2026-09-12T15:49:25.1453737Z [command]/usr/bin/git sparse-checkout disable
verify (MI-19, matrix-inequalities-and-norms/MI-19/lean)	UNKNOWN STEP	2026-09-12T15:49:25.1494703Z [command]/usr/bin/git config --local --unset-all extensions.worktreeConfig
verify (MI-19, matrix-inequalities-and-norms/MI-19/lean)	UNKNOWN STEP	2026-09-12T15:49:25.1522589Z ##[group]Checking out the ref
verify (MI-19, matrix-inequalities-and-norms/MI-19/lean)	UNKNOWN STEP	2026-09-12T15:49:25.1523435Z [command]/usr/bin/git checkout --progress --force -B codex/lean-mi19-q-permanent refs/remotes/origin/codex/lean-mi19-q-permanent
verify (MI-19, matrix-inequalities-and-norms/MI-19/lean)	UNKNOWN STEP	2026-09-12T15:49:25.5520396Z Switched to a new branch 'codex/lean-mi19-q-permanent'
verify (MI-19, matrix-inequalities-and-norms/MI-19/lean)	UNKNOWN STEP	2026-09-12T15:49:25.5525201Z branch 'codex/lean-mi19-q-permanent' set up to track 'origin/codex/lean-mi19-q-permanent'.
verify (MI-19, matrix-inequalities-and-norms/MI-19/lean)	UNKNOWN STEP	2026-09-12T15:49:25.5547203Z ##[endgroup]
verify (MI-19, matrix-inequalities-and-norms/MI-19/lean)	UNKNOWN STEP	2026-09-12T15:49:25.5578322Z [command]/usr/bin/git log -1 --format=%H
verify (MI-19, matrix-inequalities-and-norms/MI-19/lean)	UNKNOWN STEP	2026-09-12T15:49:25.5598226Z cd44ce9bcb84ebc79a1aa934918d1f76b2a9c6e7
verify (MI-19, matrix-inequalities-and-norms/MI-19/lean)	UNKNOWN STEP	2026-09-12T15:49:25.5609740Z ##[group]Removing auth
verify (MI-19, matrix-inequalities-and-norms/MI-19/lean)	UNKNOWN STEP	2026-09-12T15:49:25.5610481Z [command]/usr/bin/git config --local --name-only --get-regexp core\.sshCommand
verify (MI-19, matrix-inequalities-and-norms/MI-19/lean)	UNKNOWN STEP	2026-09-12T15:49:25.5664636Z [command]/usr/bin/git submodule foreach --recursive sh -c "git config --local --name-only --get-regexp 'core\.sshCommand' && git config --local --unset-all 'core.sshCommand' || :"
verify (MI-19, matrix-inequalities-and-norms/MI-19/lean)	UNKNOWN STEP	2026-09-12T15:49:25.5842925Z [command]/usr/bin/git config --local --name-only --get-regexp http\.https\:\/\/github\.com\/\.extraheader
verify (MI-19, matrix-inequalities-and-norms/MI-19/lean)	UNKNOWN STEP	2026-09-12T15:49:25.5864257Z http.https://github.com/.extraheader
verify (MI-19, matrix-inequalities-and-norms/MI-19/lean)	UNKNOWN STEP	2026-09-12T15:49:25.5871639Z [command]/usr/bin/git config --local --unset-all http.https://github.com/.extraheader
verify (MI-19, matrix-inequalities-and-norms/MI-19/lean)	UNKNOWN STEP	2026-09-12T15:49:25.5899036Z [command]/usr/bin/git submodule foreach --recursive sh -c "git config --local --name-only --get-regexp 'http\.https\:\/\/github\.com\/\.extraheader' && git config --local --unset-all 'http.https://github.com/.extraheader' || :"
verify (MI-19, matrix-inequalities-and-norms/MI-19/lean)	UNKNOWN STEP	2026-09-12T15:49:25.6069869Z [command]/usr/bin/git config --local --name-only --get-regexp ^includeIf\.gitdir:
verify (MI-19, matrix-inequalities-and-norms/MI-19/lean)	UNKNOWN STEP	2026-09-12T15:49:25.6092363Z [command]/usr/bin/git submodule foreach --recursive git config --local --show-origin --name-only --get-regexp remote.origin.url
verify (MI-19, matrix-inequalities-and-norms/MI-19/lean)	UNKNOWN STEP	2026-09-12T15:49:25.6264539Z ##[endgroup]
verify (MI-19, matrix-inequalities-and-norms/MI-19/lean)	UNKNOWN STEP	2026-09-12T15:49:25.6437456Z ##[group]Run python3 -m pip install -r tools/lean/requirements.txt
verify (MI-19, matrix-inequalities-and-norms/MI-19/lean)	UNKNOWN STEP	2026-09-12T15:49:25.6438044Z ^[[36;1mpython3 -m pip install -r tools/lean/requirements.txt^[[0m
verify (MI-19, matrix-inequalities-and-norms/MI-19/lean)	UNKNOWN STEP	2026-09-12T15:49:25.6438928Z ^[[36;1mpython3 tools/lean/validate_manifest.py "$LEAN_PROJECT"^[[0m
verify (MI-19, matrix-inequalities-and-norms/MI-19/lean)	UNKNOWN STEP	2026-09-12T15:49:25.6464037Z shell: /usr/bin/bash -e {0}
verify (MI-19, matrix-inequalities-and-norms/MI-19/lean)	UNKNOWN STEP	2026-09-12T15:49:25.6464500Z env:
verify (MI-19, matrix-inequalities-and-norms/MI-19/lean)	UNKNOWN STEP	2026-09-12T15:49:25.6464916Z   LEAN_PROJECT: matrix-inequalities-and-norms/MI-19/lean
verify (MI-19, matrix-inequalities-and-norms/MI-19/lean)	UNKNOWN STEP	2026-09-12T15:49:25.6465370Z ##[endgroup]
verify (MI-19, matrix-inequalities-and-norms/MI-19/lean)	UNKNOWN STEP	2026-09-12T15:49:26.1776699Z Defaulting to user installation because normal site-packages is not writeable
verify (MI-19, matrix-inequalities-and-norms/MI-19/lean)	UNKNOWN STEP	2026-09-12T15:49:26.9532150Z Collecting PyYAML==6.0.3 (from -r tools/lean/requirements.txt (line 1))
verify (MI-19, matrix-inequalities-and-norms/MI-19/lean)	UNKNOWN STEP	2026-09-12T15:49:27.0153245Z   Downloading pyyaml-6.0.3-cp312-cp312-manylinux2014_x86_64.manylinux_2_17_x86_64.manylinux_2_28_x86_64.whl.metadata (2.4 kB)
verify (MI-19, matrix-inequalities-and-norms/MI-19/lean)	UNKNOWN STEP	2026-09-12T15:49:27.1386747Z Collecting jsonschema==4.26.0 (from -r tools/lean/requirements.txt (line 2))
verify (MI-19, matrix-inequalities-and-norms/MI-19/lean)	UNKNOWN STEP	2026-09-12T15:49:27.1485870Z   Downloading jsonschema-4.26.0-py3-none-any.whl.metadata (7.6 kB)
verify (MI-19, matrix-inequalities-and-norms/MI-19/lean)	UNKNOWN STEP	2026-09-12T15:49:27.1627485Z Requirement already satisfied: attrs>=22.2.0 in /usr/lib/python3/dist-packages (from jsonschema==4.26.0->-r tools/lean/requirements.txt (line 2)) (23.2.0)
verify (MI-19, matrix-inequalities-and-norms/MI-19/lean)	UNKNOWN STEP	2026-09-12T15:49:27.1777824Z Collecting jsonschema-specifications>=2023.03.6 (from jsonschema==4.26.0->-r tools/lean/requirements.txt (line 2))
verify (MI-19, matrix-inequalities-and-norms/MI-19/lean)	UNKNOWN STEP	2026-09-12T15:49:27.1879454Z   Downloading jsonschema_specifications-2025.9.1-py3-none-any.whl.metadata (2.9 kB)
verify (MI-19, matrix-inequalities-and-norms/MI-19/lean)	UNKNOWN STEP	2026-09-12T15:49:27.2166781Z Collecting referencing>=0.28.4 (from jsonschema==4.26.0->-r tools/lean/requirements.txt (line 2))
verify (MI-19, matrix-inequalities-and-norms/MI-19/lean)	UNKNOWN STEP	2026-09-12T15:49:27.2265069Z   Downloading referencing-0.37.0-py3-none-any.whl.metadata (2.8 kB)
verify (MI-19, matrix-inequalities-and-norms/MI-19/lean)	UNKNOWN STEP	2026-09-12T15:49:27.4712237Z Collecting rpds-py>=0.25.0 (from jsonschema==4.26.0->-r tools/lean/requirements.txt (line 2))
verify (MI-19, matrix-inequalities-and-norms/MI-19/lean)	UNKNOWN STEP	2026-09-12T15:49:27.4813341Z   Downloading rpds_py-2026.6.3-cp312-cp312-manylinux_2_17_x86_64.manylinux2014_x86_64.whl.metadata (4.1 kB)
verify (MI-19, matrix-inequalities-and-norms/MI-19/lean)	UNKNOWN STEP	2026-09-12T15:49:27.5098796Z Requirement already satisfied: typing-extensions>=4.4.0 in /usr/lib/python3/dist-packages (from referencing>=0.28.4->jsonschema==4.26.0->-r tools/lean/requirements.txt (line 2)) (4.10.0)
verify (MI-19, matrix-inequalities-and-norms/MI-19/lean)	UNKNOWN STEP	2026-09-12T15:49:27.5221579Z Downloading pyyaml-6.0.3-cp312-cp312-manylinux2014_x86_64.manylinux_2_17_x86_64.manylinux_2_28_x86_64.whl (807 kB)
verify (MI-19, matrix-inequalities-and-norms/MI-19/lean)	UNKNOWN STEP	2026-09-12T15:49:27.5763822Z    ━━━━━━━━━━━━━━━━━━━━━━━━━━━━━━━━━━━━━━━━ 807.9/807.9 kB 15.8 MB/s eta 0:00:00
verify (MI-19, matrix-inequalities-and-norms/MI-19/lean)	UNKNOWN STEP	2026-09-12T15:49:27.5863925Z Downloading jsonschema-4.26.0-py3-none-any.whl (90 kB)
verify (MI-19, matrix-inequalities-and-norms/MI-19/lean)	UNKNOWN STEP	2026-09-12T15:49:27.5927090Z    ━━━━━━━━━━━━━━━━━━━━━━━━━━━━━━━━━━━━━━━━ 90.6/90.6 kB 17.4 MB/s eta 0:00:00
verify (MI-19, matrix-inequalities-and-norms/MI-19/lean)	UNKNOWN STEP	2026-09-12T15:49:27.6025473Z Downloading jsonschema_specifications-2025.9.1-py3-none-any.whl (18 kB)
verify (MI-19, matrix-inequalities-and-norms/MI-19/lean)	UNKNOWN STEP	2026-09-12T15:49:27.6143316Z Downloading referencing-0.37.0-py3-none-any.whl (26 kB)
verify (MI-19, matrix-inequalities-and-norms/MI-19/lean)	UNKNOWN STEP	2026-09-12T15:49:27.6267555Z Downloading rpds_py-2026.6.3-cp312-cp312-manylinux_2_17_x86_64.manylinux2014_x86_64.whl (366 kB)
verify (MI-19, matrix-inequalities-and-norms/MI-19/lean)	UNKNOWN STEP	2026-09-12T15:49:27.6332921Z    ━━━━━━━━━━━━━━━━━━━━━━━━━━━━━━━━━━━━━━━━ 366.2/366.2 kB 70.9 MB/s eta 0:00:00
verify (MI-19, matrix-inequalities-and-norms/MI-19/lean)	UNKNOWN STEP	2026-09-12T15:49:27.8553604Z Installing collected packages: rpds-py, PyYAML, referencing, jsonschema-specifications, jsonschema
verify (MI-19, matrix-inequalities-and-norms/MI-19/lean)	UNKNOWN STEP	2026-09-12T15:49:28.0046390Z Successfully installed PyYAML-6.0.3 jsonschema-4.26.0 jsonschema-specifications-2025.9.1 referencing-0.37.0 rpds-py-2026.6.3
verify (MI-19, matrix-inequalities-and-norms/MI-19/lean)	UNKNOWN STEP	2026-09-12T15:49:28.2026825Z Manifest schema and comparator coverage: PASS (2 declarations)
verify (MI-19, matrix-inequalities-and-norms/MI-19/lean)	UNKNOWN STEP	2026-09-12T15:49:28.2236075Z ##[group]Run actions/setup-go@924ae3a1cded613372ab5595356fb5720e22ba16
verify (MI-19, matrix-inequalities-and-norms/MI-19/lean)	UNKNOWN STEP	2026-09-12T15:49:28.2236477Z with:
verify (MI-19, matrix-inequalities-and-norms/MI-19/lean)	UNKNOWN STEP	2026-09-12T15:49:28.2236737Z   go-version: 1.27.1
verify (MI-19, matrix-inequalities-and-norms/MI-19/lean)	UNKNOWN STEP	2026-09-12T15:49:28.2237038Z   cache: false
verify (MI-19, matrix-inequalities-and-norms/MI-19/lean)	UNKNOWN STEP	2026-09-12T15:49:28.2237293Z   check-latest: false
verify (MI-19, matrix-inequalities-and-norms/MI-19/lean)	UNKNOWN STEP	2026-09-12T15:49:28.2239773Z   token: ***
verify (MI-19, matrix-inequalities-and-norms/MI-19/lean)	UNKNOWN STEP	2026-09-12T15:49:28.2240035Z ##[endgroup]
verify (MI-19, matrix-inequalities-and-norms/MI-19/lean)	UNKNOWN STEP	2026-09-12T15:49:28.3307576Z Setup go version spec 1.27.1
verify (MI-19, matrix-inequalities-and-norms/MI-19/lean)	UNKNOWN STEP	2026-09-12T15:49:28.3317759Z Attempting to download 1.27.1...
verify (MI-19, matrix-inequalities-and-norms/MI-19/lean)	UNKNOWN STEP	2026-09-12T15:49:29.2460685Z matching 1.27.1...
verify (MI-19, matrix-inequalities-and-norms/MI-19/lean)	UNKNOWN STEP	2026-09-12T15:49:29.2483108Z Acquiring 1.27.1 from https://github.com/actions/go-versions/releases/download/1.27.1-33583469715/go-1.27.1-linux-x64.tar.gz
verify (MI-19, matrix-inequalities-and-norms/MI-19/lean)	UNKNOWN STEP	2026-09-12T15:49:29.8087138Z Extracting Go...
verify (MI-19, matrix-inequalities-and-norms/MI-19/lean)	UNKNOWN STEP	2026-09-12T15:49:29.8170198Z [command]/usr/bin/tar xz --warning=no-unknown-keyword --overwrite -C /home/runner/work/_temp/ce36361d-0d55-4101-9ed9-9029b5fecb11 -f /home/runner/work/_temp/12e27bf0-a008-4780-a542-0d161cdfbb2f
verify (MI-19, matrix-inequalities-and-norms/MI-19/lean)	UNKNOWN STEP	2026-09-12T15:49:31.3566602Z Successfully extracted go to /home/runner/work/_temp/ce36361d-0d55-4101-9ed9-9029b5fecb11
verify (MI-19, matrix-inequalities-and-norms/MI-19/lean)	UNKNOWN STEP	2026-09-12T15:49:31.3567567Z Adding to the cache ...
verify (MI-19, matrix-inequalities-and-norms/MI-19/lean)	UNKNOWN STEP	2026-09-12T15:49:41.6762497Z Successfully cached go to /opt/hostedtoolcache/go/1.27.1/x64
verify (MI-19, matrix-inequalities-and-norms/MI-19/lean)	UNKNOWN STEP	2026-09-12T15:49:41.6763315Z Added go to the path
verify (MI-19, matrix-inequalities-and-norms/MI-19/lean)	UNKNOWN STEP	2026-09-12T15:49:41.6765716Z Successfully set up Go version 1.27.1
verify (MI-19, matrix-inequalities-and-norms/MI-19/lean)	UNKNOWN STEP	2026-09-12T15:49:41.6979108Z go version go1.27.1 linux/amd64
verify (MI-19, matrix-inequalities-and-norms/MI-19/lean)	UNKNOWN STEP	2026-09-12T15:49:41.6979480Z 
verify (MI-19, matrix-inequalities-and-norms/MI-19/lean)	UNKNOWN STEP	2026-09-12T15:49:41.6979851Z ##[group]go env
verify (MI-19, matrix-inequalities-and-norms/MI-19/lean)	UNKNOWN STEP	2026-09-12T15:49:41.8140103Z AR='ar'
verify (MI-19, matrix-inequalities-and-norms/MI-19/lean)	UNKNOWN STEP	2026-09-12T15:49:41.8140575Z CC='gcc'
verify (MI-19, matrix-inequalities-and-norms/MI-19/lean)	UNKNOWN STEP	2026-09-12T15:49:41.8140878Z CGO_CFLAGS='-O2 -g'
verify (MI-19, matrix-inequalities-and-norms/MI-19/lean)	UNKNOWN STEP	2026-09-12T15:49:41.8141328Z CGO_CPPFLAGS=''
verify (MI-19, matrix-inequalities-and-norms/MI-19/lean)	UNKNOWN STEP	2026-09-12T15:49:41.8141664Z CGO_CXXFLAGS='-O2 -g'
verify (MI-19, matrix-inequalities-and-norms/MI-19/lean)	UNKNOWN STEP	2026-09-12T15:49:41.8141998Z CGO_ENABLED='1'
verify (MI-19, matrix-inequalities-and-norms/MI-19/lean)	UNKNOWN STEP	2026-09-12T15:49:41.8142402Z CGO_FFLAGS='-O2 -g'
verify (MI-19, matrix-inequalities-and-norms/MI-19/lean)	UNKNOWN STEP	2026-09-12T15:49:41.8142722Z CGO_LDFLAGS='-O2 -g'
verify (MI-19, matrix-inequalities-and-norms/MI-19/lean)	UNKNOWN STEP	2026-09-12T15:49:41.8143075Z CXX='g++'
verify (MI-19, matrix-inequalities-and-norms/MI-19/lean)	UNKNOWN STEP	2026-09-12T15:49:41.8143402Z GCCGO='gccgo'
verify (MI-19, matrix-inequalities-and-norms/MI-19/lean)	UNKNOWN STEP	2026-09-12T15:49:41.8143734Z GO111MODULE=''
verify (MI-19, matrix-inequalities-and-norms/MI-19/lean)	UNKNOWN STEP	2026-09-12T15:49:41.8144196Z GOAMD64='v1'
verify (MI-19, matrix-inequalities-and-norms/MI-19/lean)	UNKNOWN STEP	2026-09-12T15:49:41.8144509Z GOARCH='amd64'
verify (MI-19, matrix-inequalities-and-norms/MI-19/lean)	UNKNOWN STEP	2026-09-12T15:49:41.8144869Z GOAUTH='netrc'
verify (MI-19, matrix-inequalities-and-norms/MI-19/lean)	UNKNOWN STEP	2026-09-12T15:49:41.8145226Z GOBIN='/home/runner/go/bin'
verify (MI-19, matrix-inequalities-and-norms/MI-19/lean)	UNKNOWN STEP	2026-09-12T15:49:41.8145696Z GOCACHE='/home/runner/.cache/go-build'
verify (MI-19, matrix-inequalities-and-norms/MI-19/lean)	UNKNOWN STEP	2026-09-12T15:49:41.8146193Z GOCACHEPROG=''
verify (MI-19, matrix-inequalities-and-norms/MI-19/lean)	UNKNOWN STEP	2026-09-12T15:49:41.8146532Z GODEBUG=''
verify (MI-19, matrix-inequalities-and-norms/MI-19/lean)	UNKNOWN STEP	2026-09-12T15:49:41.8147269Z GOENV='/home/runner/.config/go/env'
verify (MI-19, matrix-inequalities-and-norms/MI-19/lean)	UNKNOWN STEP	2026-09-12T15:49:41.8147682Z GOEXE=''
verify (MI-19, matrix-inequalities-and-norms/MI-19/lean)	UNKNOWN STEP	2026-09-12T15:49:41.8147988Z GOEXPERIMENT=''
verify (MI-19, matrix-inequalities-and-norms/MI-19/lean)	UNKNOWN STEP	2026-09-12T15:49:41.8148349Z GOFIPS140='off'
verify (MI-19, matrix-inequalities-and-norms/MI-19/lean)	UNKNOWN STEP	2026-09-12T15:49:41.8148807Z GOFLAGS=''
verify (MI-19, matrix-inequalities-and-norms/MI-19/lean)	UNKNOWN STEP	2026-09-12T15:49:41.8149668Z GOGCCFLAGS='-fPIC -m64 -pthread -Wl,--no-gc-sections -fmessage-length=0 -ffile-prefix-map=/tmp/go-build1220138683=/tmp/go-build -gno-record-gcc-switches'
verify (MI-19, matrix-inequalities-and-norms/MI-19/lean)	UNKNOWN STEP	2026-09-12T15:49:41.8150798Z GOHOSTARCH='amd64'
verify (MI-19, matrix-inequalities-and-norms/MI-19/lean)	UNKNOWN STEP	2026-09-12T15:49:41.8151180Z GOHOSTOS='linux'
verify (MI-19, matrix-inequalities-and-norms/MI-19/lean)	UNKNOWN STEP	2026-09-12T15:49:41.8151511Z GOINSECURE=''
verify (MI-19, matrix-inequalities-and-norms/MI-19/lean)	UNKNOWN STEP	2026-09-12T15:49:41.8151850Z GOMOD='/dev/null'
verify (MI-19, matrix-inequalities-and-norms/MI-19/lean)	UNKNOWN STEP	2026-09-12T15:49:41.8152190Z GOMODCACHE='/home/runner/go/pkg/mod'
verify (MI-19, matrix-inequalities-and-norms/MI-19/lean)	UNKNOWN STEP	2026-09-12T15:49:41.8152603Z GONOPROXY=''
verify (MI-19, matrix-inequalities-and-norms/MI-19/lean)	UNKNOWN STEP	2026-09-12T15:49:41.8152924Z GONOSUMDB=''
verify (MI-19, matrix-inequalities-and-norms/MI-19/lean)	UNKNOWN STEP	2026-09-12T15:49:41.8153238Z GOOS='linux'
verify (MI-19, matrix-inequalities-and-norms/MI-19/lean)	UNKNOWN STEP	2026-09-12T15:49:41.8153559Z GOPACKAGESDRIVER=''
verify (MI-19, matrix-inequalities-and-norms/MI-19/lean)	UNKNOWN STEP	2026-09-12T15:49:41.8153891Z GOPATH='/home/runner/go'
verify (MI-19, matrix-inequalities-and-norms/MI-19/lean)	UNKNOWN STEP	2026-09-12T15:49:41.8154245Z GOPRIVATE=''
verify (MI-19, matrix-inequalities-and-norms/MI-19/lean)	UNKNOWN STEP	2026-09-12T15:49:41.8154651Z GOPROXY='https://proxy.golang.org,direct'
verify (MI-19, matrix-inequalities-and-norms/MI-19/lean)	UNKNOWN STEP	2026-09-12T15:49:41.8155148Z GOROOT='/opt/hostedtoolcache/go/1.27.1/x64'
verify (MI-19, matrix-inequalities-and-norms/MI-19/lean)	UNKNOWN STEP	2026-09-12T15:49:41.8155585Z GOSUMDB='sum.golang.org'
verify (MI-19, matrix-inequalities-and-norms/MI-19/lean)	UNKNOWN STEP	2026-09-12T15:49:41.8155928Z GOTELEMETRY='local'
verify (MI-19, matrix-inequalities-and-norms/MI-19/lean)	UNKNOWN STEP	2026-09-12T15:49:41.8156347Z GOTELEMETRYDIR='/home/runner/.config/go/telemetry'
verify (MI-19, matrix-inequalities-and-norms/MI-19/lean)	UNKNOWN STEP	2026-09-12T15:49:41.8156803Z GOTMPDIR=''
verify (MI-19, matrix-inequalities-and-norms/MI-19/lean)	UNKNOWN STEP	2026-09-12T15:49:41.8157086Z GOTOOLCHAIN='local'
verify (MI-19, matrix-inequalities-and-norms/MI-19/lean)	UNKNOWN STEP	2026-09-12T15:49:41.8157574Z GOTOOLDIR='/opt/hostedtoolcache/go/1.27.1/x64/pkg/tool/linux_amd64'
verify (MI-19, matrix-inequalities-and-norms/MI-19/lean)	UNKNOWN STEP	2026-09-12T15:49:41.8158066Z GOVCS=''
verify (MI-19, matrix-inequalities-and-norms/MI-19/lean)	UNKNOWN STEP	2026-09-12T15:49:41.8158366Z GOVERSION='go1.27.1'
verify (MI-19, matrix-inequalities-and-norms/MI-19/lean)	UNKNOWN STEP	2026-09-12T15:49:41.8158921Z GOWORK=''
verify (MI-19, matrix-inequalities-and-norms/MI-19/lean)	UNKNOWN STEP	2026-09-12T15:49:41.8159222Z PKG_CONFIG='pkg-config'
verify (MI-19, matrix-inequalities-and-norms/MI-19/lean)	UNKNOWN STEP	2026-09-12T15:49:41.8159437Z 
verify (MI-19, matrix-inequalities-and-norms/MI-19/lean)	UNKNOWN STEP	2026-09-12T15:49:41.8160041Z ##[endgroup]
verify (MI-19, matrix-inequalities-and-norms/MI-19/lean)	UNKNOWN STEP	2026-09-12T15:49:41.8453771Z ##[group]Run leanprover/lean-action@96e06131c0e9943c780388fd166f55d1e2fa0433
verify (MI-19, matrix-inequalities-and-norms/MI-19/lean)	UNKNOWN STEP	2026-09-12T15:49:41.8454178Z with:
verify (MI-19, matrix-inequalities-and-norms/MI-19/lean)	UNKNOWN STEP	2026-09-12T15:49:41.8454516Z   lake-package-directory: matrix-inequalities-and-norms/MI-19/lean
verify (MI-19, matrix-inequalities-and-norms/MI-19/lean)	UNKNOWN STEP	2026-09-12T15:49:41.8454924Z   auto-config: false
verify (MI-19, matrix-inequalities-and-norms/MI-19/lean)	UNKNOWN STEP	2026-09-12T15:49:41.8455240Z   build: false
verify (MI-19, matrix-inequalities-and-norms/MI-19/lean)	UNKNOWN STEP	2026-09-12T15:49:41.8455496Z   test: false
verify (MI-19, matrix-inequalities-and-norms/MI-19/lean)	UNKNOWN STEP	2026-09-12T15:49:41.8455733Z   lint: false
verify (MI-19, matrix-inequalities-and-norms/MI-19/lean)	UNKNOWN STEP	2026-09-12T15:49:41.8455977Z   use-mathlib-cache: false
verify (MI-19, matrix-inequalities-and-norms/MI-19/lean)	UNKNOWN STEP	2026-09-12T15:49:41.8456307Z   use-github-cache: false
verify (MI-19, matrix-inequalities-and-norms/MI-19/lean)	UNKNOWN STEP	2026-09-12T15:49:41.8456580Z   mk_all-check: false
verify (MI-19, matrix-inequalities-and-norms/MI-19/lean)	UNKNOWN STEP	2026-09-12T15:49:41.8456860Z   check-reservoir-eligibility: false
verify (MI-19, matrix-inequalities-and-norms/MI-19/lean)	UNKNOWN STEP	2026-09-12T15:49:41.8457169Z   leanchecker: false
verify (MI-19, matrix-inequalities-and-norms/MI-19/lean)	UNKNOWN STEP	2026-09-12T15:49:41.8457568Z   lean4checker: false
verify (MI-19, matrix-inequalities-and-norms/MI-19/lean)	UNKNOWN STEP	2026-09-12T15:49:41.8457903Z   nanoda: false
verify (MI-19, matrix-inequalities-and-norms/MI-19/lean)	UNKNOWN STEP	2026-09-12T15:49:41.8458161Z   nanoda-allow-sorry: true
verify (MI-19, matrix-inequalities-and-norms/MI-19/lean)	UNKNOWN STEP	2026-09-12T15:49:41.8458437Z   axiom-audit: false
verify (MI-19, matrix-inequalities-and-norms/MI-19/lean)	UNKNOWN STEP	2026-09-12T15:49:41.8458927Z   axiom-audit-allow: propext,Classical.choice,Quot.sound
verify (MI-19, matrix-inequalities-and-norms/MI-19/lean)	UNKNOWN STEP	2026-09-12T15:49:41.8459415Z   reinstall-transient-toolchain: false
verify (MI-19, matrix-inequalities-and-norms/MI-19/lean)	UNKNOWN STEP	2026-09-12T15:49:41.8459735Z env:
verify (MI-19, matrix-inequalities-and-norms/MI-19/lean)	UNKNOWN STEP	2026-09-12T15:49:41.8459981Z   GOTOOLCHAIN: local
verify (MI-19, matrix-inequalities-and-norms/MI-19/lean)	UNKNOWN STEP	2026-09-12T15:49:41.8460268Z ##[endgroup]
verify (MI-19, matrix-inequalities-and-norms/MI-19/lean)	UNKNOWN STEP	2026-09-12T15:49:41.8525173Z ##[start-action display=install elan;id=__leanprover_lean-action.__run]
verify (MI-19, matrix-inequalities-and-norms/MI-19/lean)	UNKNOWN STEP	2026-09-12T15:49:41.8547968Z ##[group]Run : Install Elan
verify (MI-19, matrix-inequalities-and-norms/MI-19/lean)	UNKNOWN STEP	2026-09-12T15:49:41.8548307Z ^[[36;1m: Install Elan^[[0m
verify (MI-19, matrix-inequalities-and-norms/MI-19/lean)	UNKNOWN STEP	2026-09-12T15:49:41.8548826Z ^[[36;1m${GITHUB_ACTION_PATH}/scripts/install_elan.sh^[[0m
verify (MI-19, matrix-inequalities-and-norms/MI-19/lean)	UNKNOWN STEP	2026-09-12T15:49:41.8573339Z shell: /usr/bin/bash --noprofile --norc -e -o pipefail {0}
verify (MI-19, matrix-inequalities-and-norms/MI-19/lean)	UNKNOWN STEP	2026-09-12T15:49:41.8573730Z env:
verify (MI-19, matrix-inequalities-and-norms/MI-19/lean)	UNKNOWN STEP	2026-09-12T15:49:41.8574013Z   GOTOOLCHAIN: local
verify (MI-19, matrix-inequalities-and-norms/MI-19/lean)	UNKNOWN STEP	2026-09-12T15:49:41.8574300Z ##[endgroup]
verify (MI-19, matrix-inequalities-and-norms/MI-19/lean)	UNKNOWN STEP	2026-09-12T15:49:41.8635499Z ##[group]Elan Installation Output
verify (MI-19, matrix-inequalities-and-norms/MI-19/lean)	UNKNOWN STEP	2026-09-12T15:49:41.9344859Z info: downloading installer
verify (MI-19, matrix-inequalities-and-norms/MI-19/lean)	UNKNOWN STEP	2026-09-12T15:49:43.3059348Z info: downloading https://releases.lean-lang.org/lean4/v4.33.1/lean-4.33.1-linux.tar.zst
verify (MI-19, matrix-inequalities-and-norms/MI-19/lean)	UNKNOWN STEP	2026-09-12T15:49:48.8823463Z info: installing /home/runner/.elan/toolchains/leanprover--lean4---v4.33.1
verify (MI-19, matrix-inequalities-and-norms/MI-19/lean)	UNKNOWN STEP	2026-09-12T15:49:56.7692267Z Lean (version 4.33.1, x86_64-unknown-linux-gnu, commit 819816b2e0a3bf405af45ae5c7af2491d8f5bee6, Release)
verify (MI-19, matrix-inequalities-and-norms/MI-19/lean)	UNKNOWN STEP	2026-09-12T15:49:56.8090551Z Lake version 5.0.0-src+819816b (Lean version 4.33.1)
verify (MI-19, matrix-inequalities-and-norms/MI-19/lean)	UNKNOWN STEP	2026-09-12T15:49:56.8092783Z ##[endgroup]
verify (MI-19, matrix-inequalities-and-norms/MI-19/lean)	UNKNOWN STEP	2026-09-12T15:49:56.8093174Z 
verify (MI-19, matrix-inequalities-and-norms/MI-19/lean)	UNKNOWN STEP	2026-09-12T15:49:56.8115483Z ##[end-action id=__leanprover_lean-action.__run;outcome=success;conclusion=success;duration_ms=14958]
verify (MI-19, matrix-inequalities-and-norms/MI-19/lean)	UNKNOWN STEP	2026-09-12T15:49:56.8121606Z ##[start-action display=configure `lean-action`;id=__leanprover_lean-action.config]
verify (MI-19, matrix-inequalities-and-norms/MI-19/lean)	UNKNOWN STEP	2026-09-12T15:49:56.8137764Z ##[group]Run : Configure Lean Action
verify (MI-19, matrix-inequalities-and-norms/MI-19/lean)	UNKNOWN STEP	2026-09-12T15:49:56.8138131Z ^[[36;1m: Configure Lean Action^[[0m
verify (MI-19, matrix-inequalities-and-norms/MI-19/lean)	UNKNOWN STEP	2026-09-12T15:49:56.8138992Z ^[[36;1m${GITHUB_ACTION_PATH}/scripts/config.sh^[[0m
verify (MI-19, matrix-inequalities-and-norms/MI-19/lean)	UNKNOWN STEP	2026-09-12T15:49:56.8160845Z shell: /usr/bin/bash --noprofile --norc -e -o pipefail {0}
verify (MI-19, matrix-inequalities-and-norms/MI-19/lean)	UNKNOWN STEP	2026-09-12T15:49:56.8161205Z env:
verify (MI-19, matrix-inequalities-and-norms/MI-19/lean)	UNKNOWN STEP	2026-09-12T15:49:56.8161480Z   GOTOOLCHAIN: local
verify (MI-19, matrix-inequalities-and-norms/MI-19/lean)	UNKNOWN STEP	2026-09-12T15:49:56.8161819Z   AUTO_CONFIG: false
verify (MI-19, matrix-inequalities-and-norms/MI-19/lean)	UNKNOWN STEP	2026-09-12T15:49:56.8162065Z   BUILD: false
verify (MI-19, matrix-inequalities-and-norms/MI-19/lean)	UNKNOWN STEP	2026-09-12T15:49:56.8162357Z   TEST: false
verify (MI-19, matrix-inequalities-and-norms/MI-19/lean)	UNKNOWN STEP	2026-09-12T15:49:56.8162600Z   LINT: false
verify (MI-19, matrix-inequalities-and-norms/MI-19/lean)	UNKNOWN STEP	2026-09-12T15:49:56.8162843Z ##[endgroup]
verify (MI-19, matrix-inequalities-and-norms/MI-19/lean)	UNKNOWN STEP	2026-09-12T15:49:56.8324833Z ##[group]Configure lean-action
verify (MI-19, matrix-inequalities-and-norms/MI-19/lean)	UNKNOWN STEP	2026-09-12T15:49:56.8367821Z ##[end-action id=__leanprover_lean-action.config;outcome=success;conclusion=success;duration_ms=24]
verify (MI-19, matrix-inequalities-and-norms/MI-19/lean)	UNKNOWN STEP	2026-09-12T15:49:56.8372626Z ##[start-action display=reinstall transient toolchain;id=__leanprover_lean-action.__run_2]
verify (MI-19, matrix-inequalities-and-norms/MI-19/lean)	UNKNOWN STEP	2026-09-12T15:49:56.8378415Z ##[end-action id=__leanprover_lean-action.__run_2;outcome=skipped;conclusion=skipped;duration_ms=0]
verify (MI-19, matrix-inequalities-and-norms/MI-19/lean)	UNKNOWN STEP	2026-09-12T15:49:56.8381606Z ##[start-action display=ensure all files are imported;id=__leanprover_lean-action.mk_all]
verify (MI-19, matrix-inequalities-and-norms/MI-19/lean)	UNKNOWN STEP	2026-09-12T15:49:56.8385559Z ##[end-action id=__leanprover_lean-action.mk_all;outcome=skipped;conclusion=skipped;duration_ms=0]
verify (MI-19, matrix-inequalities-and-norms/MI-19/lean)	UNKNOWN STEP	2026-09-12T15:49:56.8387458Z ##[start-action display=Run actions/cache/restore@v5;id=__leanprover_lean-action.__actions_cache]
verify (MI-19, matrix-inequalities-and-norms/MI-19/lean)	UNKNOWN STEP	2026-09-12T15:49:56.8391607Z ##[end-action id=__leanprover_lean-action.__actions_cache;outcome=skipped;conclusion=skipped;duration_ms=0]
verify (MI-19, matrix-inequalities-and-norms/MI-19/lean)	UNKNOWN STEP	2026-09-12T15:49:56.8393552Z ##[start-action display=detect mathlib;id=__leanprover_lean-action.detect-mathlib]
verify (MI-19, matrix-inequalities-and-norms/MI-19/lean)	UNKNOWN STEP	2026-09-12T15:49:56.8397288Z ##[end-action id=__leanprover_lean-action.detect-mathlib;outcome=skipped;conclusion=skipped;duration_ms=0]
verify (MI-19, matrix-inequalities-and-norms/MI-19/lean)	UNKNOWN STEP	2026-09-12T15:49:56.8399305Z ##[start-action display=get mathlib cache;id=__leanprover_lean-action.__run_3]
verify (MI-19, matrix-inequalities-and-norms/MI-19/lean)	UNKNOWN STEP	2026-09-12T15:49:56.8416266Z ##[end-action id=__leanprover_lean-action.__run_3;outcome=skipped;conclusion=skipped;duration_ms=0]
verify (MI-19, matrix-inequalities-and-norms/MI-19/lean)	UNKNOWN STEP	2026-09-12T15:49:56.8438681Z ##[start-action display=build sgstepaniants/OpenProblemsInNLA;id=__leanprover_lean-action.build]
verify (MI-19, matrix-inequalities-and-norms/MI-19/lean)	UNKNOWN STEP	2026-09-12T15:49:56.8444372Z ##[end-action id=__leanprover_lean-action.build;outcome=skipped;conclusion=skipped;duration_ms=0]
verify (MI-19, matrix-inequalities-and-norms/MI-19/lean)	UNKNOWN STEP	2026-09-12T15:49:56.8446408Z ##[start-action display=Run actions/cache/save@v5;id=__leanprover_lean-action.__actions_cache_2]
verify (MI-19, matrix-inequalities-and-norms/MI-19/lean)	UNKNOWN STEP	2026-09-12T15:49:56.8450584Z ##[end-action id=__leanprover_lean-action.__actions_cache_2;outcome=skipped;conclusion=skipped;duration_ms=0]
verify (MI-19, matrix-inequalities-and-norms/MI-19/lean)	UNKNOWN STEP	2026-09-12T15:49:56.8453658Z ##[start-action display=test sgstepaniants/OpenProblemsInNLA;id=__leanprover_lean-action.test]
verify (MI-19, matrix-inequalities-and-norms/MI-19/lean)	UNKNOWN STEP	2026-09-12T15:49:56.8458676Z ##[end-action id=__leanprover_lean-action.test;outcome=skipped;conclusion=skipped;duration_ms=0]
verify (MI-19, matrix-inequalities-and-norms/MI-19/lean)	UNKNOWN STEP	2026-09-12T15:49:56.8461373Z ##[start-action display=lint sgstepaniants/OpenProblemsInNLA;id=__leanprover_lean-action.lint]
verify (MI-19, matrix-inequalities-and-norms/MI-19/lean)	UNKNOWN STEP	2026-09-12T15:49:56.8466137Z ##[end-action id=__leanprover_lean-action.lint;outcome=skipped;conclusion=skipped;duration_ms=0]
verify (MI-19, matrix-inequalities-and-norms/MI-19/lean)	UNKNOWN STEP	2026-09-12T15:49:56.8467944Z ##[start-action display=check reservoir eligibility;id=__leanprover_lean-action.__run_4]
verify (MI-19, matrix-inequalities-and-norms/MI-19/lean)	UNKNOWN STEP	2026-09-12T15:49:56.8471858Z ##[end-action id=__leanprover_lean-action.__run_4;outcome=skipped;conclusion=skipped;duration_ms=0]
verify (MI-19, matrix-inequalities-and-norms/MI-19/lean)	UNKNOWN STEP	2026-09-12T15:49:56.8474404Z ##[start-action display=check environment with leanchecker;id=__leanprover_lean-action.__run_5]
verify (MI-19, matrix-inequalities-and-norms/MI-19/lean)	UNKNOWN STEP	2026-09-12T15:49:56.8480346Z ##[end-action id=__leanprover_lean-action.__run_5;outcome=skipped;conclusion=skipped;duration_ms=0]
verify (MI-19, matrix-inequalities-and-norms/MI-19/lean)	UNKNOWN STEP	2026-09-12T15:49:56.8482796Z ##[start-action display=check environment with nanoda;id=__leanprover_lean-action.nanoda]
verify (MI-19, matrix-inequalities-and-norms/MI-19/lean)	UNKNOWN STEP	2026-09-12T15:49:56.8486544Z ##[end-action id=__leanprover_lean-action.nanoda;outcome=skipped;conclusion=skipped;duration_ms=0]
verify (MI-19, matrix-inequalities-and-norms/MI-19/lean)	UNKNOWN STEP	2026-09-12T15:49:56.8488993Z ##[start-action display=audit axioms with axiom-audit;id=__leanprover_lean-action.axiom-audit]
verify (MI-19, matrix-inequalities-and-norms/MI-19/lean)	UNKNOWN STEP	2026-09-12T15:49:56.8493034Z ##[end-action id=__leanprover_lean-action.axiom-audit;outcome=skipped;conclusion=skipped;duration_ms=0]
verify (MI-19, matrix-inequalities-and-norms/MI-19/lean)	UNKNOWN STEP	2026-09-12T15:49:56.8542197Z ##[group]Run sudo apt-get update
verify (MI-19, matrix-inequalities-and-norms/MI-19/lean)	UNKNOWN STEP	2026-09-12T15:49:56.8542576Z ^[[36;1msudo apt-get update^[[0m
verify (MI-19, matrix-inequalities-and-norms/MI-19/lean)	UNKNOWN STEP	2026-09-12T15:49:56.8542926Z ^[[36;1msudo apt-get install -y bubblewrap dbus-user-session^[[0m
verify (MI-19, matrix-inequalities-and-norms/MI-19/lean)	UNKNOWN STEP	2026-09-12T15:49:56.8543464Z ^[[36;1msudo sysctl -w kernel.apparmor_restrict_unprivileged_userns=0^[[0m
verify (MI-19, matrix-inequalities-and-norms/MI-19/lean)	UNKNOWN STEP	2026-09-12T15:49:56.8543886Z ^[[36;1msudo loginctl enable-linger "$(id -un)"^[[0m
verify (MI-19, matrix-inequalities-and-norms/MI-19/lean)	UNKNOWN STEP	2026-09-12T15:49:56.8544241Z ^[[36;1msudo systemctl start "user@$(id -u).service"^[[0m
verify (MI-19, matrix-inequalities-and-norms/MI-19/lean)	UNKNOWN STEP	2026-09-12T15:49:56.8544627Z ^[[36;1mecho "XDG_RUNTIME_DIR=/run/user/$(id -u)" >> "$GITHUB_ENV"^[[0m
verify (MI-19, matrix-inequalities-and-norms/MI-19/lean)	UNKNOWN STEP	2026-09-12T15:49:56.8545142Z ^[[36;1mecho "DBUS_SESSION_BUS_ADDRESS=unix:path=/run/user/$(id -u)/bus" >> "$GITHUB_ENV"^[[0m
verify (MI-19, matrix-inequalities-and-norms/MI-19/lean)	UNKNOWN STEP	2026-09-12T15:49:56.8563414Z shell: /usr/bin/bash -e {0}
verify (MI-19, matrix-inequalities-and-norms/MI-19/lean)	UNKNOWN STEP	2026-09-12T15:49:56.8563721Z env:
verify (MI-19, matrix-inequalities-and-norms/MI-19/lean)	UNKNOWN STEP	2026-09-12T15:49:56.8564003Z   GOTOOLCHAIN: local
verify (MI-19, matrix-inequalities-and-norms/MI-19/lean)	UNKNOWN STEP	2026-09-12T15:49:56.8564275Z ##[endgroup]
verify (MI-19, matrix-inequalities-and-norms/MI-19/lean)	UNKNOWN STEP	2026-09-12T15:49:57.1667730Z Get:1 file:/etc/apt/apt-mirrors.txt Mirrorlist [144 B]
verify (MI-19, matrix-inequalities-and-norms/MI-19/lean)	UNKNOWN STEP	2026-09-12T15:49:57.2050497Z Get:6 https://packages.microsoft.com/ubuntu/24.04/prod noble InRelease [3600 B]
verify (MI-19, matrix-inequalities-and-norms/MI-19/lean)	UNKNOWN STEP	2026-09-12T15:49:57.2286500Z Hit:2 http://azure.archive.ubuntu.com/ubuntu noble InRelease
verify (MI-19, matrix-inequalities-and-norms/MI-19/lean)	UNKNOWN STEP	2026-09-12T15:49:57.2468374Z Get:3 http://azure.archive.ubuntu.com/ubuntu noble-updates InRelease [126 kB]
verify (MI-19, matrix-inequalities-and-norms/MI-19/lean)	UNKNOWN STEP	2026-09-12T15:49:57.2611596Z Get:4 http://azure.archive.ubuntu.com/ubuntu noble-backports InRelease [126 kB]
verify (MI-19, matrix-inequalities-and-norms/MI-19/lean)	UNKNOWN STEP	2026-09-12T15:49:57.2723800Z Get:5 http://azure.archive.ubuntu.com/ubuntu noble-security InRelease [126 kB]
verify (MI-19, matrix-inequalities-and-norms/MI-19/lean)	UNKNOWN STEP	2026-09-12T15:49:57.3081629Z Get:7 https://dl.google.com/linux/chrome-stable/deb stable InRelease [2548 B]
verify (MI-19, matrix-inequalities-and-norms/MI-19/lean)	UNKNOWN STEP	2026-09-12T15:49:57.3283611Z Get:8 https://packages.microsoft.com/ubuntu/24.04/prod noble/main amd64 Packages [463 kB]
verify (MI-19, matrix-inequalities-and-norms/MI-19/lean)	UNKNOWN STEP	2026-09-12T15:49:57.3874947Z Get:9 http://azure.archive.ubuntu.com/ubuntu noble-updates/main amd64 Packages [1263 kB]
verify (MI-19, matrix-inequalities-and-norms/MI-19/lean)	UNKNOWN STEP	2026-09-12T15:49:57.3905289Z Get:17 https://packages.microsoft.com/ubuntu/24.04/prod noble/main arm64 Packages [414 kB]
verify (MI-19, matrix-inequalities-and-norms/MI-19/lean)	UNKNOWN STEP	2026-09-12T15:49:57.4650909Z Get:10 http://azure.archive.ubuntu.com/ubuntu noble-updates/main Translation-en [292 kB]
verify (MI-19, matrix-inequalities-and-norms/MI-19/lean)	UNKNOWN STEP	2026-09-12T15:49:57.4787964Z Get:11 http://azure.archive.ubuntu.com/ubuntu noble-updates/main amd64 Components [180 kB]
verify (MI-19, matrix-inequalities-and-norms/MI-19/lean)	UNKNOWN STEP	2026-09-12T15:49:57.5054548Z Get:12 http://azure.archive.ubuntu.com/ubuntu noble-updates/universe amd64 Packages [1690 kB]
verify (MI-19, matrix-inequalities-and-norms/MI-19/lean)	UNKNOWN STEP	2026-09-12T15:49:57.5564587Z Get:27 https://dl.google.com/linux/chrome-stable/deb stable/main amd64 Packages [1409 B]
verify (MI-19, matrix-inequalities-and-norms/MI-19/lean)	UNKNOWN STEP	2026-09-12T15:49:57.6695187Z Get:13 http://azure.archive.ubuntu.com/ubuntu noble-updates/universe amd64 Components [388 kB]
verify (MI-19, matrix-inequalities-and-norms/MI-19/lean)	UNKNOWN STEP	2026-09-12T15:49:57.6867284Z Get:14 http://azure.archive.ubuntu.com/ubuntu noble-updates/restricted amd64 Packages [1544 kB]
verify (MI-19, matrix-inequalities-and-norms/MI-19/lean)	UNKNOWN STEP	2026-09-12T15:49:57.7048917Z Get:15 http://azure.archive.ubuntu.com/ubuntu noble-updates/restricted Translation-en [354 kB]
verify (MI-19, matrix-inequalities-and-norms/MI-19/lean)	UNKNOWN STEP	2026-09-12T15:49:57.7196058Z Get:16 http://azure.archive.ubuntu.com/ubuntu noble-updates/multiverse amd64 Components [940 B]
verify (MI-19, matrix-inequalities-and-norms/MI-19/lean)	UNKNOWN STEP	2026-09-12T15:49:57.7329205Z Get:18 http://azure.archive.ubuntu.com/ubuntu noble-backports/main amd64 Components [5748 B]
verify (MI-19, matrix-inequalities-and-norms/MI-19/lean)	UNKNOWN STEP	2026-09-12T15:49:57.7478775Z Get:19 http://azure.archive.ubuntu.com/ubuntu noble-backports/universe amd64 Components [12.6 kB]
verify (MI-19, matrix-inequalities-and-norms/MI-19/lean)	UNKNOWN STEP	2026-09-12T15:49:57.8060229Z Get:20 http://azure.archive.ubuntu.com/ubuntu noble-security/main amd64 Packages [1006 kB]
verify (MI-19, matrix-inequalities-and-norms/MI-19/lean)	UNKNOWN STEP	2026-09-12T15:49:57.8117347Z Get:21 http://azure.archive.ubuntu.com/ubuntu noble-security/main Translation-en [213 kB]
verify (MI-19, matrix-inequalities-and-norms/MI-19/lean)	UNKNOWN STEP	2026-09-12T15:49:57.8362940Z Get:22 http://azure.archive.ubuntu.com/ubuntu noble-security/main amd64 Components [46.4 kB]
verify (MI-19, matrix-inequalities-and-norms/MI-19/lean)	UNKNOWN STEP	2026-09-12T15:49:57.8539549Z Get:23 http://azure.archive.ubuntu.com/ubuntu noble-security/universe amd64 Packages [1206 kB]
verify (MI-19, matrix-inequalities-and-norms/MI-19/lean)	UNKNOWN STEP	2026-09-12T15:49:57.8941758Z Get:24 http://azure.archive.ubuntu.com/ubuntu noble-security/universe amd64 Components [76.3 kB]
verify (MI-19, matrix-inequalities-and-norms/MI-19/lean)	UNKNOWN STEP	2026-09-12T15:49:57.9240295Z Get:25 http://azure.archive.ubuntu.com/ubuntu noble-security/restricted amd64 Packages [1445 kB]
verify (MI-19, matrix-inequalities-and-norms/MI-19/lean)	UNKNOWN STEP	2026-09-12T15:49:57.9575001Z Get:26 http://azure.archive.ubuntu.com/ubuntu noble-security/restricted Translation-en [336 kB]
verify (MI-19, matrix-inequalities-and-norms/MI-19/lean)	UNKNOWN STEP	2026-09-12T15:50:03.3434099Z Fetched 11.3 MB in 1s (8387 kB/s)
verify (MI-19, matrix-inequalities-and-norms/MI-19/lean)	UNKNOWN STEP	2026-09-12T15:50:04.0899778Z Reading package lists...
verify (MI-19, matrix-inequalities-and-norms/MI-19/lean)	UNKNOWN STEP	2026-09-12T15:50:04.1207440Z Reading package lists...
verify (MI-19, matrix-inequalities-and-norms/MI-19/lean)	UNKNOWN STEP	2026-09-12T15:50:04.2627834Z Building dependency tree...
verify (MI-19, matrix-inequalities-and-norms/MI-19/lean)	UNKNOWN STEP	2026-09-12T15:50:04.2632210Z Reading state information...
verify (MI-19, matrix-inequalities-and-norms/MI-19/lean)	UNKNOWN STEP	2026-09-12T15:50:04.4214895Z dbus-user-session is already the newest version (1.14.10-4ubuntu4.1).
verify (MI-19, matrix-inequalities-and-norms/MI-19/lean)	UNKNOWN STEP	2026-09-12T15:50:04.4215436Z dbus-user-session set to manually installed.
verify (MI-19, matrix-inequalities-and-norms/MI-19/lean)	UNKNOWN STEP	2026-09-12T15:50:04.4215856Z The following NEW packages will be installed:
verify (MI-19, matrix-inequalities-and-norms/MI-19/lean)	UNKNOWN STEP	2026-09-12T15:50:04.4229676Z   bubblewrap
verify (MI-19, matrix-inequalities-and-norms/MI-19/lean)	UNKNOWN STEP	2026-09-12T15:50:04.4373024Z 0 upgraded, 1 newly installed, 0 to remove and 50 not upgraded.
verify (MI-19, matrix-inequalities-and-norms/MI-19/lean)	UNKNOWN STEP	2026-09-12T15:50:04.4373801Z Need to get 50.2 kB of archives.
verify (MI-19, matrix-inequalities-and-norms/MI-19/lean)	UNKNOWN STEP	2026-09-12T15:50:04.4374448Z After this operation, 133 kB of additional disk space will be used.
verify (MI-19, matrix-inequalities-and-norms/MI-19/lean)	UNKNOWN STEP	2026-09-12T15:50:04.4375172Z Get:1 file:/etc/apt/apt-mirrors.txt Mirrorlist [144 B]
verify (MI-19, matrix-inequalities-and-norms/MI-19/lean)	UNKNOWN STEP	2026-09-12T15:50:04.5547352Z Get:2 http://azure.archive.ubuntu.com/ubuntu noble-updates/main amd64 bubblewrap amd64 0.9.0-1ubuntu0.1 [50.2 kB]
verify (MI-19, matrix-inequalities-and-norms/MI-19/lean)	UNKNOWN STEP	2026-09-12T15:50:04.8667062Z Fetched 50.2 kB in 0s (230 kB/s)
verify (MI-19, matrix-inequalities-and-norms/MI-19/lean)	UNKNOWN STEP	2026-09-12T15:50:04.9107722Z Selecting previously unselected package bubblewrap.
verify (MI-19, matrix-inequalities-and-norms/MI-19/lean)	UNKNOWN STEP	2026-09-12T15:50:04.9382269Z (Reading database ... 
verify (MI-19, matrix-inequalities-and-norms/MI-19/lean)	UNKNOWN STEP	2026-09-12T15:50:04.9382605Z (Reading database ... 5%
verify (MI-19, matrix-inequalities-and-norms/MI-19/lean)	UNKNOWN STEP	2026-09-12T15:50:04.9383042Z (Reading database ... 10%
verify (MI-19, matrix-inequalities-and-norms/MI-19/lean)	UNKNOWN STEP	2026-09-12T15:50:04.9383484Z (Reading database ... 15%
verify (MI-19, matrix-inequalities-and-norms/MI-19/lean)	UNKNOWN STEP	2026-09-12T15:50:04.9383818Z (Reading database ... 20%
verify (MI-19, matrix-inequalities-and-norms/MI-19/lean)	UNKNOWN STEP	2026-09-12T15:50:04.9384167Z (Reading database ... 25%
verify (MI-19, matrix-inequalities-and-norms/MI-19/lean)	UNKNOWN STEP	2026-09-12T15:50:04.9384471Z (Reading database ... 30%
verify (MI-19, matrix-inequalities-and-norms/MI-19/lean)	UNKNOWN STEP	2026-09-12T15:50:04.9384776Z (Reading database ... 35%
verify (MI-19, matrix-inequalities-and-norms/MI-19/lean)	UNKNOWN STEP	2026-09-12T15:50:04.9385116Z (Reading database ... 40%
verify (MI-19, matrix-inequalities-and-norms/MI-19/lean)	UNKNOWN STEP	2026-09-12T15:50:04.9385421Z (Reading database ... 45%
verify (MI-19, matrix-inequalities-and-norms/MI-19/lean)	UNKNOWN STEP	2026-09-12T15:50:04.9385735Z (Reading database ... 50%
verify (MI-19, matrix-inequalities-and-norms/MI-19/lean)	UNKNOWN STEP	2026-09-12T15:50:04.9429429Z (Reading database ... 55%
verify (MI-19, matrix-inequalities-and-norms/MI-19/lean)	UNKNOWN STEP	2026-09-12T15:50:05.1494678Z (Reading database ... 60%
verify (MI-19, matrix-inequalities-and-norms/MI-19/lean)	UNKNOWN STEP	2026-09-12T15:50:05.3380150Z (Reading database ... 65%
verify (MI-19, matrix-inequalities-and-norms/MI-19/lean)	UNKNOWN STEP	2026-09-12T15:50:05.5902553Z (Reading database ... 70%
verify (MI-19, matrix-inequalities-and-norms/MI-19/lean)	UNKNOWN STEP	2026-09-12T15:50:05.7306525Z (Reading database ... 75%
verify (MI-19, matrix-inequalities-and-norms/MI-19/lean)	UNKNOWN STEP	2026-09-12T15:50:05.9089378Z (Reading database ... 80%
verify (MI-19, matrix-inequalities-and-norms/MI-19/lean)	UNKNOWN STEP	2026-09-12T15:50:06.0360971Z (Reading database ... 85%
verify (MI-19, matrix-inequalities-and-norms/MI-19/lean)	UNKNOWN STEP	2026-09-12T15:50:06.4772156Z (Reading database ... 90%
verify (MI-19, matrix-inequalities-and-norms/MI-19/lean)	UNKNOWN STEP	2026-09-12T15:50:06.6100422Z (Reading database ... 95%
verify (MI-19, matrix-inequalities-and-norms/MI-19/lean)	UNKNOWN STEP	2026-09-12T15:50:06.6100858Z (Reading database ... 100%
verify (MI-19, matrix-inequalities-and-norms/MI-19/lean)	UNKNOWN STEP	2026-09-12T15:50:06.6101793Z (Reading database ... 201818 files and directories currently installed.)
verify (MI-19, matrix-inequalities-and-norms/MI-19/lean)	UNKNOWN STEP	2026-09-12T15:50:06.6145993Z Preparing to unpack .../bubblewrap_0.9.0-1ubuntu0.1_amd64.deb ...
verify (MI-19, matrix-inequalities-and-norms/MI-19/lean)	UNKNOWN STEP	2026-09-12T15:50:06.6457487Z Unpacking bubblewrap (0.9.0-1ubuntu0.1) ...
verify (MI-19, matrix-inequalities-and-norms/MI-19/lean)	UNKNOWN STEP	2026-09-12T15:50:07.4394885Z Setting up bubblewrap (0.9.0-1ubuntu0.1) ...
verify (MI-19, matrix-inequalities-and-norms/MI-19/lean)	UNKNOWN STEP	2026-09-12T15:50:07.8174205Z Processing triggers for man-db (2.12.0-4build2) ...
verify (MI-19, matrix-inequalities-and-norms/MI-19/lean)	UNKNOWN STEP	2026-09-12T15:50:07.8309206Z Not building database; man-db/auto-update is not 'true'.
verify (MI-19, matrix-inequalities-and-norms/MI-19/lean)	UNKNOWN STEP	2026-09-12T15:50:08.7216239Z 
verify (MI-19, matrix-inequalities-and-norms/MI-19/lean)	UNKNOWN STEP	2026-09-12T15:50:08.7217013Z Running kernel seems to be up-to-date.
verify (MI-19, matrix-inequalities-and-norms/MI-19/lean)	UNKNOWN STEP	2026-09-12T15:50:08.7217492Z 
verify (MI-19, matrix-inequalities-and-norms/MI-19/lean)	UNKNOWN STEP	2026-09-12T15:50:08.7217658Z No services need to be restarted.
verify (MI-19, matrix-inequalities-and-norms/MI-19/lean)	UNKNOWN STEP	2026-09-12T15:50:08.7218112Z 
verify (MI-19, matrix-inequalities-and-norms/MI-19/lean)	UNKNOWN STEP	2026-09-12T15:50:08.7218392Z No containers need to be restarted.
verify (MI-19, matrix-inequalities-and-norms/MI-19/lean)	UNKNOWN STEP	2026-09-12T15:50:08.7218873Z 
verify (MI-19, matrix-inequalities-and-norms/MI-19/lean)	UNKNOWN STEP	2026-09-12T15:50:08.7219096Z No user sessions are running outdated binaries.
verify (MI-19, matrix-inequalities-and-norms/MI-19/lean)	UNKNOWN STEP	2026-09-12T15:50:08.7219423Z 
verify (MI-19, matrix-inequalities-and-norms/MI-19/lean)	UNKNOWN STEP	2026-09-12T15:50:08.7219758Z No VM guests are running outdated hypervisor (qemu) binaries on this host.
verify (MI-19, matrix-inequalities-and-norms/MI-19/lean)	UNKNOWN STEP	2026-09-12T15:50:09.6345753Z kernel.apparmor_restrict_unprivileged_userns = 0
verify (MI-19, matrix-inequalities-and-norms/MI-19/lean)	UNKNOWN STEP	2026-09-12T15:50:09.7240749Z ##[group]Run ulimit -n 65536
verify (MI-19, matrix-inequalities-and-norms/MI-19/lean)	UNKNOWN STEP	2026-09-12T15:50:09.7241118Z ^[[36;1mulimit -n 65536^[[0m
verify (MI-19, matrix-inequalities-and-norms/MI-19/lean)	UNKNOWN STEP	2026-09-12T15:50:09.7241501Z ^[[36;1mtools/lean/bootstrap.sh "$RUNNER_TEMP/nla-lean-tools"^[[0m
verify (MI-19, matrix-inequalities-and-norms/MI-19/lean)	UNKNOWN STEP	2026-09-12T15:50:09.7241978Z ^[[36;1mtools/lean/verify.sh "$LEAN_PROJECT" "$RUNNER_TEMP/nla-lean-tools"^[[0m
verify (MI-19, matrix-inequalities-and-norms/MI-19/lean)	UNKNOWN STEP	2026-09-12T15:50:09.7264131Z shell: /usr/bin/bash -e {0}
verify (MI-19, matrix-inequalities-and-norms/MI-19/lean)	UNKNOWN STEP	2026-09-12T15:50:09.7264463Z env:
verify (MI-19, matrix-inequalities-and-norms/MI-19/lean)	UNKNOWN STEP	2026-09-12T15:50:09.7264755Z   GOTOOLCHAIN: local
verify (MI-19, matrix-inequalities-and-norms/MI-19/lean)	UNKNOWN STEP	2026-09-12T15:50:09.7265062Z   XDG_RUNTIME_DIR: /run/user/1001
verify (MI-19, matrix-inequalities-and-norms/MI-19/lean)	UNKNOWN STEP	2026-09-12T15:50:09.7265405Z   DBUS_SESSION_BUS_ADDRESS: unix:path=/run/user/1001/bus
verify (MI-19, matrix-inequalities-and-norms/MI-19/lean)	UNKNOWN STEP	2026-09-12T15:50:09.7265791Z   LEAN_PROJECT: matrix-inequalities-and-norms/MI-19/lean
verify (MI-19, matrix-inequalities-and-norms/MI-19/lean)	UNKNOWN STEP	2026-09-12T15:50:09.7266193Z ##[endgroup]
verify (MI-19, matrix-inequalities-and-norms/MI-19/lean)	UNKNOWN STEP	2026-09-12T15:50:12.0326010Z Running elan toolchain install leanprover/lean4:v4.33.1
verify (MI-19, matrix-inequalities-and-norms/MI-19/lean)	UNKNOWN STEP	2026-09-12T15:50:12.0326743Z Log: /home/runner/work/_temp/nla-lean-tools/logs/bootstrap/elan.log
verify (MI-19, matrix-inequalities-and-norms/MI-19/lean)	UNKNOWN STEP	2026-09-12T15:50:12.0344423Z info: toolchain 'leanprover/lean4:v4.33.1' is already installed
verify (MI-19, matrix-inequalities-and-norms/MI-19/lean)	UNKNOWN STEP	2026-09-12T15:50:12.1077481Z Running go build -mod=readonly -buildvcs=false -o /home/runner/work/_temp/nla-lean-tools/.tools/bin/landrun ./cmd/landrun
verify (MI-19, matrix-inequalities-and-norms/MI-19/lean)	UNKNOWN STEP	2026-09-12T15:50:12.1078205Z Log: /home/runner/work/_temp/nla-lean-tools/logs/bootstrap/landrun-build.log
verify (MI-19, matrix-inequalities-and-norms/MI-19/lean)	UNKNOWN STEP	2026-09-12T15:50:12.1115851Z go: downloading github.com/urfave/cli/v3 v3.6.2
verify (MI-19, matrix-inequalities-and-norms/MI-19/lean)	UNKNOWN STEP	2026-09-12T15:50:12.1182491Z go: downloading github.com/landlock-lsm/go-landlock v0.9.0
verify (MI-19, matrix-inequalities-and-norms/MI-19/lean)	UNKNOWN STEP	2026-09-12T15:50:12.2174282Z go: downloading kernel.org/pub/linux/libs/security/libcap/psx v1.2.77
verify (MI-19, matrix-inequalities-and-norms/MI-19/lean)	UNKNOWN STEP	2026-09-12T15:50:12.2178151Z go: downloading golang.org/x/sys v0.40.0
verify (MI-19, matrix-inequalities-and-norms/MI-19/lean)	UNKNOWN STEP	2026-09-12T15:50:19.8729943Z Running lake build lean4export comparator
verify (MI-19, matrix-inequalities-and-norms/MI-19/lean)	UNKNOWN STEP	2026-09-12T15:50:19.8730651Z Log: /home/runner/work/_temp/nla-lean-tools/logs/bootstrap/comparator-build.log
verify (MI-19, matrix-inequalities-and-norms/MI-19/lean)	UNKNOWN STEP	2026-09-12T15:50:20.3116104Z ✔ [3/20] Built Comparator.Util (339ms)
verify (MI-19, matrix-inequalities-and-norms/MI-19/lean)	UNKNOWN STEP	2026-09-12T15:50:20.4116546Z ✔ [4/20] Built Comparator.Util:c.o (136ms)
verify (MI-19, matrix-inequalities-and-norms/MI-19/lean)	UNKNOWN STEP	2026-09-12T15:50:21.5152244Z ✔ [5/20] Built Export.Parse (1.5s)
verify (MI-19, matrix-inequalities-and-norms/MI-19/lean)	UNKNOWN STEP	2026-09-12T15:50:22.0162087Z ✔ [6/20] Built Export (2.0s)
verify (MI-19, matrix-inequalities-and-norms/MI-19/lean)	UNKNOWN STEP	2026-09-12T15:50:22.0179819Z ✔ [7/20] Built Comparator.Axioms (522ms)
verify (MI-19, matrix-inequalities-and-norms/MI-19/lean)	UNKNOWN STEP	2026-09-12T15:50:22.4200358Z ✔ [8/20] Built Comparator.Axioms:c.o (399ms)
verify (MI-19, matrix-inequalities-and-norms/MI-19/lean)	UNKNOWN STEP	2026-09-12T15:50:23.1230287Z ✔ [9/20] Built Main (1.1s)
verify (MI-19, matrix-inequalities-and-norms/MI-19/lean)	UNKNOWN STEP	2026-09-12T15:50:23.1259768Z ✔ [10/20] Built Comparator.Compare (682ms)
verify (MI-19, matrix-inequalities-and-norms/MI-19/lean)	UNKNOWN STEP	2026-09-12T15:50:23.3212411Z ✔ [11/20] Built Main:c.o (238ms)
verify (MI-19, matrix-inequalities-and-norms/MI-19/lean)	UNKNOWN STEP	2026-09-12T15:50:23.6217530Z ✔ [12/20] Built Comparator (334ms)
verify (MI-19, matrix-inequalities-and-norms/MI-19/lean)	UNKNOWN STEP	2026-09-12T15:50:23.6249890Z ✔ [13/20] Built Comparator.Compare:c.o (498ms)
verify (MI-19, matrix-inequalities-and-norms/MI-19/lean)	UNKNOWN STEP	2026-09-12T15:50:23.7216817Z ✔ [14/20] Built Comparator:c.o (60ms)
verify (MI-19, matrix-inequalities-and-norms/MI-19/lean)	UNKNOWN STEP	2026-09-12T15:50:25.0237950Z ✔ [15/20] Built Main (1.4s)
verify (MI-19, matrix-inequalities-and-norms/MI-19/lean)	UNKNOWN STEP	2026-09-12T15:50:25.1232912Z ✔ [16/20] Built Export:c.o (3.1s)
verify (MI-19, matrix-inequalities-and-norms/MI-19/lean)	UNKNOWN STEP	2026-09-12T15:50:25.8310417Z ✔ [17/20] Built Export.Parse:c.o (4.4s)
verify (MI-19, matrix-inequalities-and-norms/MI-19/lean)	UNKNOWN STEP	2026-09-12T15:50:26.0305341Z ✔ [18/20] Built lean4export:exe (906ms)
verify (MI-19, matrix-inequalities-and-norms/MI-19/lean)	UNKNOWN STEP	2026-09-12T15:50:26.1305850Z ✔ [19/20] Built Main:c.o (1.1s)
verify (MI-19, matrix-inequalities-and-norms/MI-19/lean)	UNKNOWN STEP	2026-09-12T15:50:26.7317807Z ✔ [20/20] Built comparator:exe (574ms)
verify (MI-19, matrix-inequalities-and-norms/MI-19/lean)	UNKNOWN STEP	2026-09-12T15:50:26.7323981Z Build completed successfully (20 jobs).
verify (MI-19, matrix-inequalities-and-norms/MI-19/lean)	UNKNOWN STEP	2026-09-12T15:50:27.0407646Z Tools built; isolation and checker controls run during verify. Receipt: /home/runner/work/_temp/nla-lean-tools/bootstrap.json
verify (MI-19, matrix-inequalities-and-norms/MI-19/lean)	UNKNOWN STEP	2026-09-12T15:50:27.4507138Z Running /usr/bin/timeout --kill-after=5s 45s systemd-run -p RuntimeMaxSec=40 --user --quiet --wait --pipe --collect -p 'RestrictAddressFamilies=~AF_UNIX' --working-directory /home/runner/work/_temp/nla-lean-tools /usr/bin/env -i PATH=/home/runner/.elan/toolchains/leanprover--lean4---v4.33.1/bin:/home/runner/.elan/bin:/home/runner/go/bin:/opt/hostedtoolcache/go/1.27.1/x64/bin:/snap/bin:/home/runner/.local/bin:/opt/pipx_bin:/home/runner/.cargo/bin:/home/runner/.config/composer/vendor/bin:/usr/local/.ghcup/bin:/home/runner/.dotnet/tools:/usr/local/sbin:/usr/local/bin:/usr/sbin:/usr/bin:/sbin:/bin:/usr/games:/usr/local/games:/snap/bin HOME=/home/runner LANG=C.UTF-8 XDG_RUNTIME_DIR=/run/user/1001 DBUS_SESSION_BUS_ADDRESS=unix:path=/run/user/1001/bus GIT_TERMINAL_PROMPT=0 GIT_CONFIG_NOSYSTEM=1 GIT_CONFIG_GLOBAL=/dev/null COMPARATOR_BIN=/home/runner/work/_temp/nla-lean-tools/.tools/comparator/.lake/build/bin/comparator COMPARATOR_LEAN4EXPORT=/home/runner/work/_temp/nla-lean-tools/.tools/lean4export/.lake/build/bin/lean4export COMPARATOR_LANDRUN=/home/runner/work/_temp/nla-lean-tools/scripts/strict_landrun.py XDG_CACHE_HOME=/home/runner/work/_temp/nla-lean-tools/.tools/cache TMPDIR=/home/runner/work/_temp/nla-lean-tools/.verification-tmp /usr/bin/true
verify (MI-19, matrix-inequalities-and-norms/MI-19/lean)	UNKNOWN STEP	2026-09-12T15:50:27.4511275Z Log: /home/runner/work/_temp/nla-lean-tools/logs/verify-20260912T155027Z-3941/user-service.log
verify (MI-19, matrix-inequalities-and-norms/MI-19/lean)	UNKNOWN STEP	2026-09-12T15:50:27.5292100Z Running python3 /home/runner/work/_temp/nla-lean-tools/reproduction/checks/sandbox_probe_ci.py
verify (MI-19, matrix-inequalities-and-norms/MI-19/lean)	UNKNOWN STEP	2026-09-12T15:50:27.5293133Z Log: /home/runner/work/_temp/nla-lean-tools/logs/verify-20260912T155027Z-3941/sandbox.log
verify (MI-19, matrix-inequalities-and-norms/MI-19/lean)	UNKNOWN STEP	2026-09-12T15:50:27.5569264Z START sandbox mode: build
verify (MI-19, matrix-inequalities-and-norms/MI-19/lean)	UNKNOWN STEP	2026-09-12T15:50:27.6316814Z START sandbox mode: export
verify (MI-19, matrix-inequalities-and-norms/MI-19/lean)	UNKNOWN STEP	2026-09-12T15:50:27.7004067Z START sandbox negative case: unknown option
verify (MI-19, matrix-inequalities-and-norms/MI-19/lean)	UNKNOWN STEP	2026-09-12T15:50:27.7323427Z START sandbox negative case: unexpected --rw
verify (MI-19, matrix-inequalities-and-norms/MI-19/lean)	UNKNOWN STEP	2026-09-12T15:50:27.7642015Z START sandbox negative case: unexpected --rwx
verify (MI-19, matrix-inequalities-and-norms/MI-19/lean)	UNKNOWN STEP	2026-09-12T15:50:27.7965232Z START sandbox negative case: relative --rwx
verify (MI-19, matrix-inequalities-and-norms/MI-19/lean)	UNKNOWN STEP	2026-09-12T15:50:27.8287973Z MODE build: exit=0
verify (MI-19, matrix-inequalities-and-norms/MI-19/lean)	UNKNOWN STEP	2026-09-12T15:50:27.8289087Z Running as unit: run-u2.service; invocation ID: 042e1187fa8d4987b9775a2eacc33545
verify (MI-19, matrix-inequalities-and-norms/MI-19/lean)	UNKNOWN STEP	2026-09-12T15:50:27.8290274Z PASS outside .lake write-open: denied errno=30
verify (MI-19, matrix-inequalities-and-norms/MI-19/lean)	UNKNOWN STEP	2026-09-12T15:50:27.8291413Z PASS outside .lake truncate: denied errno=30
verify (MI-19, matrix-inequalities-and-norms/MI-19/lean)	UNKNOWN STEP	2026-09-12T15:50:27.8292091Z PASS outside .lake read-only truncate-open: denied errno=30
verify (MI-19, matrix-inequalities-and-norms/MI-19/lean)	UNKNOWN STEP	2026-09-12T15:50:27.8292851Z PASS symlink from .lake to outside write: denied errno=30
verify (MI-19, matrix-inequalities-and-norms/MI-19/lean)	UNKNOWN STEP	2026-09-12T15:50:27.8293523Z PASS outside .lake creation: denied errno=30
verify (MI-19, matrix-inequalities-and-norms/MI-19/lean)	UNKNOWN STEP	2026-09-12T15:50:27.8294094Z PASS build .lake write: allowed
verify (MI-19, matrix-inequalities-and-norms/MI-19/lean)	UNKNOWN STEP	2026-09-12T15:50:27.8294657Z PASS user namespace: private
verify (MI-19, matrix-inequalities-and-norms/MI-19/lean)	UNKNOWN STEP	2026-09-12T15:50:27.8295178Z PASS pid namespace: private
verify (MI-19, matrix-inequalities-and-norms/MI-19/lean)	UNKNOWN STEP	2026-09-12T15:50:27.8295761Z PASS mnt namespace: private
verify (MI-19, matrix-inequalities-and-norms/MI-19/lean)	UNKNOWN STEP	2026-09-12T15:50:27.8296338Z PASS net namespace: private
verify (MI-19, matrix-inequalities-and-norms/MI-19/lean)	UNKNOWN STEP	2026-09-12T15:50:27.8296892Z PASS ipc namespace: private
verify (MI-19, matrix-inequalities-and-norms/MI-19/lean)	UNKNOWN STEP	2026-09-12T15:50:27.8297423Z PASS uts namespace: private
verify (MI-19, matrix-inequalities-and-norms/MI-19/lean)	UNKNOWN STEP	2026-09-12T15:50:27.8298007Z PASS host parent: absent from private /proc
verify (MI-19, matrix-inequalities-and-norms/MI-19/lean)	UNKNOWN STEP	2026-09-12T15:50:27.8298838Z PASS host parent signal lookup: denied errno=3
verify (MI-19, matrix-inequalities-and-norms/MI-19/lean)	UNKNOWN STEP	2026-09-12T15:50:27.8299571Z PASS host loopback listener: unreachable errno=13
verify (MI-19, matrix-inequalities-and-norms/MI-19/lean)	UNKNOWN STEP	2026-09-12T15:50:27.8300239Z PASS AF_UNIX socket creation: denied errno=97
verify (MI-19, matrix-inequalities-and-norms/MI-19/lean)	UNKNOWN STEP	2026-09-12T15:50:27.8300954Z PASS effective capabilities: none
verify (MI-19, matrix-inequalities-and-norms/MI-19/lean)	UNKNOWN STEP	2026-09-12T15:50:27.8301532Z PASS no_new_privs: set
verify (MI-19, matrix-inequalities-and-norms/MI-19/lean)	UNKNOWN STEP	2026-09-12T15:50:27.8302107Z Sandbox UID: 1001
verify (MI-19, matrix-inequalities-and-norms/MI-19/lean)	UNKNOWN STEP	2026-09-12T15:50:27.8302733Z PASS nested namespace write attempt: rejected exit=1
verify (MI-19, matrix-inequalities-and-norms/MI-19/lean)	UNKNOWN STEP	2026-09-12T15:50:27.8303540Z bwrap: setting up uid map: Permission denied
verify (MI-19, matrix-inequalities-and-norms/MI-19/lean)	UNKNOWN STEP	2026-09-12T15:50:27.8304327Z Finished with result: success
verify (MI-19, matrix-inequalities-and-norms/MI-19/lean)	UNKNOWN STEP	2026-09-12T15:50:27.8305046Z Main processes terminated with: code=exited/status=0
verify (MI-19, matrix-inequalities-and-norms/MI-19/lean)	UNKNOWN STEP	2026-09-12T15:50:27.8305854Z Service runtime: 58ms
verify (MI-19, matrix-inequalities-and-norms/MI-19/lean)	UNKNOWN STEP	2026-09-12T15:50:27.8306506Z CPU time consumed: 58ms
verify (MI-19, matrix-inequalities-and-norms/MI-19/lean)	UNKNOWN STEP	2026-09-12T15:50:27.8307122Z Memory peak: 512.0K
verify (MI-19, matrix-inequalities-and-norms/MI-19/lean)	UNKNOWN STEP	2026-09-12T15:50:27.8307699Z Memory swap peak: 0B
verify (MI-19, matrix-inequalities-and-norms/MI-19/lean)	UNKNOWN STEP	2026-09-12T15:50:27.8308098Z 
verify (MI-19, matrix-inequalities-and-norms/MI-19/lean)	UNKNOWN STEP	2026-09-12T15:50:27.8309287Z MODE export: exit=0
verify (MI-19, matrix-inequalities-and-norms/MI-19/lean)	UNKNOWN STEP	2026-09-12T15:50:27.8309950Z Running as unit: run-u3.service; invocation ID: 46fbccbd39df40199482813b8b2c1af8
verify (MI-19, matrix-inequalities-and-norms/MI-19/lean)	UNKNOWN STEP	2026-09-12T15:50:27.8310504Z PASS outside .lake write-open: denied errno=30
verify (MI-19, matrix-inequalities-and-norms/MI-19/lean)	UNKNOWN STEP	2026-09-12T15:50:27.8310921Z PASS outside .lake truncate: denied errno=30
verify (MI-19, matrix-inequalities-and-norms/MI-19/lean)	UNKNOWN STEP	2026-09-12T15:50:27.8311458Z PASS outside .lake read-only truncate-open: denied errno=30
verify (MI-19, matrix-inequalities-and-norms/MI-19/lean)	UNKNOWN STEP	2026-09-12T15:50:27.8312074Z PASS symlink from .lake to outside write: denied errno=30
verify (MI-19, matrix-inequalities-and-norms/MI-19/lean)	UNKNOWN STEP	2026-09-12T15:50:27.8312586Z PASS outside .lake creation: denied errno=30
verify (MI-19, matrix-inequalities-and-norms/MI-19/lean)	UNKNOWN STEP	2026-09-12T15:50:27.8313004Z PASS export .lake write-open: denied errno=30
verify (MI-19, matrix-inequalities-and-norms/MI-19/lean)	UNKNOWN STEP	2026-09-12T15:50:27.8313480Z PASS export .lake truncate: denied errno=30
verify (MI-19, matrix-inequalities-and-norms/MI-19/lean)	UNKNOWN STEP	2026-09-12T15:50:27.8313951Z PASS user namespace: private
verify (MI-19, matrix-inequalities-and-norms/MI-19/lean)	UNKNOWN STEP	2026-09-12T15:50:27.8314360Z PASS pid namespace: private
verify (MI-19, matrix-inequalities-and-norms/MI-19/lean)	UNKNOWN STEP	2026-09-12T15:50:27.8314775Z PASS mnt namespace: private
verify (MI-19, matrix-inequalities-and-norms/MI-19/lean)	UNKNOWN STEP	2026-09-12T15:50:27.8315136Z PASS net namespace: private
verify (MI-19, matrix-inequalities-and-norms/MI-19/lean)	UNKNOWN STEP	2026-09-12T15:50:27.8315790Z PASS ipc namespace: private
verify (MI-19, matrix-inequalities-and-norms/MI-19/lean)	UNKNOWN STEP	2026-09-12T15:50:27.8316238Z PASS uts namespace: private
verify (MI-19, matrix-inequalities-and-norms/MI-19/lean)	UNKNOWN STEP	2026-09-12T15:50:27.8316592Z PASS host parent: absent from private /proc
verify (MI-19, matrix-inequalities-and-norms/MI-19/lean)	UNKNOWN STEP	2026-09-12T15:50:27.8317027Z PASS host parent signal lookup: denied errno=3
verify (MI-19, matrix-inequalities-and-norms/MI-19/lean)	UNKNOWN STEP	2026-09-12T15:50:27.8317485Z PASS host loopback listener: unreachable errno=13
verify (MI-19, matrix-inequalities-and-norms/MI-19/lean)	UNKNOWN STEP	2026-09-12T15:50:27.8317992Z PASS AF_UNIX socket creation: denied errno=97
verify (MI-19, matrix-inequalities-and-norms/MI-19/lean)	UNKNOWN STEP	2026-09-12T15:50:27.8318344Z PASS effective capabilities: none
verify (MI-19, matrix-inequalities-and-norms/MI-19/lean)	UNKNOWN STEP	2026-09-12T15:50:27.8318949Z PASS no_new_privs: set
verify (MI-19, matrix-inequalities-and-norms/MI-19/lean)	UNKNOWN STEP	2026-09-12T15:50:27.8319266Z Sandbox UID: 1001
verify (MI-19, matrix-inequalities-and-norms/MI-19/lean)	UNKNOWN STEP	2026-09-12T15:50:27.8319671Z PASS nested namespace write attempt: rejected exit=1
verify (MI-19, matrix-inequalities-and-norms/MI-19/lean)	UNKNOWN STEP	2026-09-12T15:50:27.8320040Z bwrap: setting up uid map: Permission denied
verify (MI-19, matrix-inequalities-and-norms/MI-19/lean)	UNKNOWN STEP	2026-09-12T15:50:27.8320383Z Finished with result: success
verify (MI-19, matrix-inequalities-and-norms/MI-19/lean)	UNKNOWN STEP	2026-09-12T15:50:27.8320692Z Main processes terminated with: code=exited/status=0
verify (MI-19, matrix-inequalities-and-norms/MI-19/lean)	UNKNOWN STEP	2026-09-12T15:50:27.8320996Z Service runtime: 57ms
verify (MI-19, matrix-inequalities-and-norms/MI-19/lean)	UNKNOWN STEP	2026-09-12T15:50:27.8321384Z CPU time consumed: 59ms
verify (MI-19, matrix-inequalities-and-norms/MI-19/lean)	UNKNOWN STEP	2026-09-12T15:50:27.8321640Z Memory peak: 256.0K
verify (MI-19, matrix-inequalities-and-norms/MI-19/lean)	UNKNOWN STEP	2026-09-12T15:50:27.8321916Z Memory swap peak: 0B
verify (MI-19, matrix-inequalities-and-norms/MI-19/lean)	UNKNOWN STEP	2026-09-12T15:50:27.8322078Z 
verify (MI-19, matrix-inequalities-and-norms/MI-19/lean)	UNKNOWN STEP	2026-09-12T15:50:27.8322191Z NEGATIVE unknown option: exit=2
verify (MI-19, matrix-inequalities-and-norms/MI-19/lean)	UNKNOWN STEP	2026-09-12T15:50:27.8322587Z Running as unit: run-u4.service; invocation ID: eaaeea83863f4dbe9a82db39b06223ac
verify (MI-19, matrix-inequalities-and-norms/MI-19/lean)	UNKNOWN STEP	2026-09-12T15:50:27.8323164Z strict Comparator sandbox: unsupported Comparator Landrun option: --unrestricted-filesystem
verify (MI-19, matrix-inequalities-and-norms/MI-19/lean)	UNKNOWN STEP	2026-09-12T15:50:27.8323632Z Finished with result: exit-code
verify (MI-19, matrix-inequalities-and-norms/MI-19/lean)	UNKNOWN STEP	2026-09-12T15:50:27.8323983Z Main processes terminated with: code=exited/status=2
verify (MI-19, matrix-inequalities-and-norms/MI-19/lean)	UNKNOWN STEP	2026-09-12T15:50:27.8324307Z Service runtime: 21ms
verify (MI-19, matrix-inequalities-and-norms/MI-19/lean)	UNKNOWN STEP	2026-09-12T15:50:27.8324560Z CPU time consumed: 20ms
verify (MI-19, matrix-inequalities-and-norms/MI-19/lean)	UNKNOWN STEP	2026-09-12T15:50:27.8324822Z Memory peak: 256.0K
verify (MI-19, matrix-inequalities-and-norms/MI-19/lean)	UNKNOWN STEP	2026-09-12T15:50:27.8325066Z Memory swap peak: 0B
verify (MI-19, matrix-inequalities-and-norms/MI-19/lean)	UNKNOWN STEP	2026-09-12T15:50:27.8325236Z 
verify (MI-19, matrix-inequalities-and-norms/MI-19/lean)	UNKNOWN STEP	2026-09-12T15:50:27.8325376Z NEGATIVE unexpected --rw: exit=2
verify (MI-19, matrix-inequalities-and-norms/MI-19/lean)	UNKNOWN STEP	2026-09-12T15:50:27.8325764Z Running as unit: run-u5.service; invocation ID: cacfaccf545144aba9634074798b1c00
verify (MI-19, matrix-inequalities-and-norms/MI-19/lean)	UNKNOWN STEP	2026-09-12T15:50:27.8326226Z strict Comparator sandbox: only private /dev may be passed with --rw
verify (MI-19, matrix-inequalities-and-norms/MI-19/lean)	UNKNOWN STEP	2026-09-12T15:50:27.8326602Z Finished with result: exit-code
verify (MI-19, matrix-inequalities-and-norms/MI-19/lean)	UNKNOWN STEP	2026-09-12T15:50:27.8326910Z Main processes terminated with: code=exited/status=2
verify (MI-19, matrix-inequalities-and-norms/MI-19/lean)	UNKNOWN STEP	2026-09-12T15:50:27.8327231Z Service runtime: 21ms
verify (MI-19, matrix-inequalities-and-norms/MI-19/lean)	UNKNOWN STEP	2026-09-12T15:50:27.8327500Z CPU time consumed: 21ms
verify (MI-19, matrix-inequalities-and-norms/MI-19/lean)	UNKNOWN STEP	2026-09-12T15:50:27.8327746Z Memory peak: 256.0K
verify (MI-19, matrix-inequalities-and-norms/MI-19/lean)	UNKNOWN STEP	2026-09-12T15:50:27.8328027Z Memory swap peak: 0B
verify (MI-19, matrix-inequalities-and-norms/MI-19/lean)	UNKNOWN STEP	2026-09-12T15:50:27.8328152Z 
verify (MI-19, matrix-inequalities-and-norms/MI-19/lean)	UNKNOWN STEP	2026-09-12T15:50:27.8328287Z NEGATIVE unexpected --rwx: exit=2
verify (MI-19, matrix-inequalities-and-norms/MI-19/lean)	UNKNOWN STEP	2026-09-12T15:50:27.8329191Z Running as unit: run-u6.service; invocation ID: 2db092b1719f47ec9b35b553b0e246fc
verify (MI-19, matrix-inequalities-and-norms/MI-19/lean)	UNKNOWN STEP	2026-09-12T15:50:27.8329698Z strict Comparator sandbox: only this project's existing .lake may be writable
verify (MI-19, matrix-inequalities-and-norms/MI-19/lean)	UNKNOWN STEP	2026-09-12T15:50:27.8330084Z Finished with result: exit-code
verify (MI-19, matrix-inequalities-and-norms/MI-19/lean)	UNKNOWN STEP	2026-09-12T15:50:27.8330400Z Main processes terminated with: code=exited/status=2
verify (MI-19, matrix-inequalities-and-norms/MI-19/lean)	UNKNOWN STEP	2026-09-12T15:50:27.8330714Z Service runtime: 22ms
verify (MI-19, matrix-inequalities-and-norms/MI-19/lean)	UNKNOWN STEP	2026-09-12T15:50:27.8330986Z CPU time consumed: 21ms
verify (MI-19, matrix-inequalities-and-norms/MI-19/lean)	UNKNOWN STEP	2026-09-12T15:50:27.8331264Z Memory peak: 256.0K
verify (MI-19, matrix-inequalities-and-norms/MI-19/lean)	UNKNOWN STEP	2026-09-12T15:50:27.8331533Z Memory swap peak: 0B
verify (MI-19, matrix-inequalities-and-norms/MI-19/lean)	UNKNOWN STEP	2026-09-12T15:50:27.8331657Z 
verify (MI-19, matrix-inequalities-and-norms/MI-19/lean)	UNKNOWN STEP	2026-09-12T15:50:27.8331800Z NEGATIVE relative --rwx: exit=2
verify (MI-19, matrix-inequalities-and-norms/MI-19/lean)	UNKNOWN STEP	2026-09-12T15:50:27.8332170Z Running as unit: run-u7.service; invocation ID: cf91ae0900a34aea91972c480974b924
verify (MI-19, matrix-inequalities-and-norms/MI-19/lean)	UNKNOWN STEP	2026-09-12T15:50:27.8332659Z strict Comparator sandbox: only this project's existing .lake may be writable
verify (MI-19, matrix-inequalities-and-norms/MI-19/lean)	UNKNOWN STEP	2026-09-12T15:50:27.8333043Z Finished with result: exit-code
verify (MI-19, matrix-inequalities-and-norms/MI-19/lean)	UNKNOWN STEP	2026-09-12T15:50:27.8333344Z Main processes terminated with: code=exited/status=2
verify (MI-19, matrix-inequalities-and-norms/MI-19/lean)	UNKNOWN STEP	2026-09-12T15:50:27.8333638Z Service runtime: 22ms
verify (MI-19, matrix-inequalities-and-norms/MI-19/lean)	UNKNOWN STEP	2026-09-12T15:50:27.8333907Z CPU time consumed: 21ms
verify (MI-19, matrix-inequalities-and-norms/MI-19/lean)	UNKNOWN STEP	2026-09-12T15:50:27.8334191Z Memory peak: 256.0K
verify (MI-19, matrix-inequalities-and-norms/MI-19/lean)	UNKNOWN STEP	2026-09-12T15:50:27.8334440Z Memory swap peak: 0B
verify (MI-19, matrix-inequalities-and-norms/MI-19/lean)	UNKNOWN STEP	2026-09-12T15:50:27.8334566Z 
verify (MI-19, matrix-inequalities-and-norms/MI-19/lean)	UNKNOWN STEP	2026-09-12T15:50:27.8334803Z Outer and export fixture contents unchanged; only designated build fixture written.
verify (MI-19, matrix-inequalities-and-norms/MI-19/lean)	UNKNOWN STEP	2026-09-12T15:50:27.8346941Z Running bash /home/runner/work/_temp/nla-lean-tools/reproduction/checks/run_replay.sh
verify (MI-19, matrix-inequalities-and-norms/MI-19/lean)	UNKNOWN STEP	2026-09-12T15:50:27.8347932Z Log: /home/runner/work/_temp/nla-lean-tools/logs/verify-20260912T155027Z-3941/kernel-controls.log
verify (MI-19, matrix-inequalities-and-norms/MI-19/lean)	UNKNOWN STEP	2026-09-12T15:50:27.8989775Z Replay probe: RestrictAddressFamilies=~AF_UNIX (deny AF_UNIX sockets).
verify (MI-19, matrix-inequalities-and-norms/MI-19/lean)	UNKNOWN STEP	2026-09-12T15:50:27.9481470Z Lean (version 4.33.1, x86_64-unknown-linux-gnu, Release)
verify (MI-19, matrix-inequalities-and-norms/MI-19/lean)	UNKNOWN STEP	2026-09-12T15:50:27.9919711Z /home/runner/.elan/toolchains/leanprover--lean4---v4.33.1/lib/lean/Init.olean
verify (MI-19, matrix-inequalities-and-norms/MI-19/lean)	UNKNOWN STEP	2026-09-12T15:50:27.9920326Z /home/runner/.elan/toolchains/leanprover--lean4---v4.33.1/lib/lean/Init.olean
verify (MI-19, matrix-inequalities-and-norms/MI-19/lean)	UNKNOWN STEP	2026-09-12T15:50:27.9921002Z /home/runner/work/_temp/nla-lean-tools/.tools/comparator/.lake/build/lib/lean/Main.olean
verify (MI-19, matrix-inequalities-and-norms/MI-19/lean)	UNKNOWN STEP	2026-09-12T15:50:29.0133629Z Trusted base fixture: 11 constants
verify (MI-19, matrix-inequalities-and-norms/MI-19/lean)	UNKNOWN STEP	2026-09-12T15:50:29.0134098Z BEGIN honest_with_inductives_and_quotients
verify (MI-19, matrix-inequalities-and-norms/MI-19/lean)	UNKNOWN STEP	2026-09-12T15:50:29.0134454Z Running Lean default kernel on solution.
verify (MI-19, matrix-inequalities-and-norms/MI-19/lean)	UNKNOWN STEP	2026-09-12T15:50:29.0134805Z Lean default kernel accepts the solution
verify (MI-19, matrix-inequalities-and-norms/MI-19/lean)	UNKNOWN STEP	2026-09-12T15:50:29.0135208Z RETURN honest_with_inductives_and_quotients: accepted
verify (MI-19, matrix-inequalities-and-norms/MI-19/lean)	UNKNOWN STEP	2026-09-12T15:50:29.0135555Z BEGIN invalid_raw_proof
verify (MI-19, matrix-inequalities-and-norms/MI-19/lean)	UNKNOWN STEP	2026-09-12T15:50:29.0136121Z Running Lean default kernel on solution.
verify (MI-19, matrix-inequalities-and-norms/MI-19/lean)	UNKNOWN STEP	2026-09-12T15:50:29.0136449Z Lean default kernel rejects the solution
verify (MI-19, matrix-inequalities-and-norms/MI-19/lean)	UNKNOWN STEP	2026-09-12T15:50:29.0137004Z RETURN invalid_raw_proof: rejected: while replaying declaration 'PinnedReplayProbe.invalid':
verify (MI-19, matrix-inequalities-and-norms/MI-19/lean)	UNKNOWN STEP	2026-09-12T15:50:29.0137547Z (kernel) declaration type mismatch, 'PinnedReplayProbe.invalid' has type
verify (MI-19, matrix-inequalities-and-norms/MI-19/lean)	UNKNOWN STEP	2026-09-12T15:50:29.0137921Z   True
verify (MI-19, matrix-inequalities-and-norms/MI-19/lean)	UNKNOWN STEP	2026-09-12T15:50:29.0138215Z but it is expected to have type
verify (MI-19, matrix-inequalities-and-norms/MI-19/lean)	UNKNOWN STEP	2026-09-12T15:50:29.0138812Z   False
verify (MI-19, matrix-inequalities-and-norms/MI-19/lean)	UNKNOWN STEP	2026-09-12T15:50:29.0139095Z BEGIN quotient_postcheck_mismatch
verify (MI-19, matrix-inequalities-and-norms/MI-19/lean)	UNKNOWN STEP	2026-09-12T15:50:29.0139449Z Running Lean default kernel on solution.
verify (MI-19, matrix-inequalities-and-norms/MI-19/lean)	UNKNOWN STEP	2026-09-12T15:50:29.0139776Z Lean default kernel accepts the solution
verify (MI-19, matrix-inequalities-and-norms/MI-19/lean)	UNKNOWN STEP	2026-09-12T15:50:29.0140118Z Quotient post-check rejects the solution
verify (MI-19, matrix-inequalities-and-norms/MI-19/lean)	UNKNOWN STEP	2026-09-12T15:50:29.0140589Z RETURN quotient_postcheck_mismatch: rejected: Quotient constant mismatch on: Quot.lift
verify (MI-19, matrix-inequalities-and-norms/MI-19/lean)	UNKNOWN STEP	2026-09-12T15:50:29.0141151Z PASS: all three actual Comparator.runBuiltinKernel cases behaved as required
verify (MI-19, matrix-inequalities-and-norms/MI-19/lean)	UNKNOWN STEP	2026-09-12T15:50:29.0696507Z Running python3 /home/runner/work/_temp/nla-lean-tools/reproduction/checks/comparator_regressions.py
verify (MI-19, matrix-inequalities-and-norms/MI-19/lean)	UNKNOWN STEP	2026-09-12T15:50:29.0697259Z Log: /home/runner/work/_temp/nla-lean-tools/logs/verify-20260912T155027Z-3941/comparator-controls.log
verify (MI-19, matrix-inequalities-and-norms/MI-19/lean)	UNKNOWN STEP	2026-09-12T15:50:29.0990341Z Comparator regressions: RestrictAddressFamilies=~AF_UNIX; .tools/env.sh selects the real strict sandbox.
verify (MI-19, matrix-inequalities-and-norms/MI-19/lean)	UNKNOWN STEP	2026-09-12T15:50:29.0995470Z 
verify (MI-19, matrix-inequalities-and-norms/MI-19/lean)	UNKNOWN STEP	2026-09-12T15:50:29.0995740Z CASE simple_match
verify (MI-19, matrix-inequalities-and-norms/MI-19/lean)	UNKNOWN STEP	2026-09-12T15:50:30.9245883Z info: ComparatorRegression: no previous manifest, creating one from scratch
verify (MI-19, matrix-inequalities-and-norms/MI-19/lean)	UNKNOWN STEP	2026-09-12T15:50:30.9246397Z info: toolchain not updated; already up-to-date
verify (MI-19, matrix-inequalities-and-norms/MI-19/lean)	UNKNOWN STEP	2026-09-12T15:50:30.9246866Z Building Challenge
verify (MI-19, matrix-inequalities-and-norms/MI-19/lean)	UNKNOWN STEP	2026-09-12T15:50:30.9247403Z ⚠ [2/3] Built Challenge (179ms)
verify (MI-19, matrix-inequalities-and-norms/MI-19/lean)	UNKNOWN STEP	2026-09-12T15:50:30.9247842Z warning: Challenge.lean:1:8: declaration uses `sorry`
verify (MI-19, matrix-inequalities-and-norms/MI-19/lean)	UNKNOWN STEP	2026-09-12T15:50:30.9248213Z Build completed successfully (3 jobs).
verify (MI-19, matrix-inequalities-and-norms/MI-19/lean)	UNKNOWN STEP	2026-09-12T15:50:30.9249546Z Exporting #[Quot, Quot.mk, Quot.lift, Quot.ind, comm, propext, Quot.sound, Classical.choice, Nat.add, Nat.sub, Nat.mul, Nat.pow, Nat.gcd, Nat.div, Nat.mod, Nat.beq, Nat.ble, Nat.land, Nat.lor, Nat.xor, Nat.shiftLeft, Nat.shiftRight, String.ofList, Char.ofNat, List, eagerReduce, Nat, String, String.mk, Char, optParam, autoParam, semiOutParam, outParam] from Challenge
verify (MI-19, matrix-inequalities-and-norms/MI-19/lean)	UNKNOWN STEP	2026-09-12T15:50:30.9251142Z Building Solution
verify (MI-19, matrix-inequalities-and-norms/MI-19/lean)	UNKNOWN STEP	2026-09-12T15:50:30.9251475Z ✔ [2/3] Built Solution (177ms)
verify (MI-19, matrix-inequalities-and-norms/MI-19/lean)	UNKNOWN STEP	2026-09-12T15:50:30.9251814Z Build completed successfully (3 jobs).
verify (MI-19, matrix-inequalities-and-norms/MI-19/lean)	UNKNOWN STEP	2026-09-12T15:50:30.9252961Z Exporting #[Quot, Quot.mk, Quot.lift, Quot.ind, comm, propext, Quot.sound, Classical.choice, Nat.add, Nat.sub, Nat.mul, Nat.pow, Nat.gcd, Nat.div, Nat.mod, Nat.beq, Nat.ble, Nat.land, Nat.lor, Nat.xor, Nat.shiftLeft, Nat.shiftRight, String.ofList, Char.ofNat, List, eagerReduce, Nat, String, String.mk, Char, optParam, autoParam, semiOutParam, outParam] from Solution
verify (MI-19, matrix-inequalities-and-norms/MI-19/lean)	UNKNOWN STEP	2026-09-12T15:50:30.9253970Z Running Lean default kernel on solution.
verify (MI-19, matrix-inequalities-and-norms/MI-19/lean)	UNKNOWN STEP	2026-09-12T15:50:30.9254327Z Lean default kernel accepts the solution
verify (MI-19, matrix-inequalities-and-norms/MI-19/lean)	UNKNOWN STEP	2026-09-12T15:50:30.9254632Z Your solution is okay!
verify (MI-19, matrix-inequalities-and-norms/MI-19/lean)	UNKNOWN STEP	2026-09-12T15:50:30.9255051Z PASS simple_match: exit 0, expected 0; required phase: Your solution is okay!
verify (MI-19, matrix-inequalities-and-norms/MI-19/lean)	UNKNOWN STEP	2026-09-12T15:50:30.9255357Z 
verify (MI-19, matrix-inequalities-and-norms/MI-19/lean)	UNKNOWN STEP	2026-09-12T15:50:30.9255649Z CASE simple_mismatch
verify (MI-19, matrix-inequalities-and-norms/MI-19/lean)	UNKNOWN STEP	2026-09-12T15:50:32.5780623Z info: ComparatorRegression: no previous manifest, creating one from scratch
verify (MI-19, matrix-inequalities-and-norms/MI-19/lean)	UNKNOWN STEP	2026-09-12T15:50:32.5781372Z info: toolchain not updated; already up-to-date
verify (MI-19, matrix-inequalities-and-norms/MI-19/lean)	UNKNOWN STEP	2026-09-12T15:50:32.5781975Z Building Challenge
verify (MI-19, matrix-inequalities-and-norms/MI-19/lean)	UNKNOWN STEP	2026-09-12T15:50:32.5782537Z ⚠ [2/3] Built Challenge (181ms)
verify (MI-19, matrix-inequalities-and-norms/MI-19/lean)	UNKNOWN STEP	2026-09-12T15:50:32.5782898Z warning: Challenge.lean:1:8: declaration uses `sorry`
verify (MI-19, matrix-inequalities-and-norms/MI-19/lean)	UNKNOWN STEP	2026-09-12T15:50:32.5783272Z Build completed successfully (3 jobs).
verify (MI-19, matrix-inequalities-and-norms/MI-19/lean)	UNKNOWN STEP	2026-09-12T15:50:32.5784573Z Exporting #[Quot, Quot.mk, Quot.lift, Quot.ind, comm, propext, Quot.sound, Classical.choice, Nat.add, Nat.sub, Nat.mul, Nat.pow, Nat.gcd, Nat.div, Nat.mod, Nat.beq, Nat.ble, Nat.land, Nat.lor, Nat.xor, Nat.shiftLeft, Nat.shiftRight, String.ofList, Char.ofNat, List, eagerReduce, Nat, String, String.mk, Char, optParam, autoParam, semiOutParam, outParam] from Challenge
verify (MI-19, matrix-inequalities-and-norms/MI-19/lean)	UNKNOWN STEP	2026-09-12T15:50:32.5786253Z Building Solution
verify (MI-19, matrix-inequalities-and-norms/MI-19/lean)	UNKNOWN STEP	2026-09-12T15:50:32.5786639Z ✔ [2/3] Built Solution (174ms)
verify (MI-19, matrix-inequalities-and-norms/MI-19/lean)	UNKNOWN STEP	2026-09-12T15:50:32.5786974Z Build completed successfully (3 jobs).
verify (MI-19, matrix-inequalities-and-norms/MI-19/lean)	UNKNOWN STEP	2026-09-12T15:50:32.5788081Z Exporting #[Quot, Quot.mk, Quot.lift, Quot.ind, comm, propext, Quot.sound, Classical.choice, Nat.add, Nat.sub, Nat.mul, Nat.pow, Nat.gcd, Nat.div, Nat.mod, Nat.beq, Nat.ble, Nat.land, Nat.lor, Nat.xor, Nat.shiftLeft, Nat.shiftRight, String.ofList, Char.ofNat, List, eagerReduce, Nat, String, String.mk, Char, optParam, autoParam, semiOutParam, outParam] from Solution
verify (MI-19, matrix-inequalities-and-norms/MI-19/lean)	UNKNOWN STEP	2026-09-12T15:50:32.5789617Z uncaught exception: Challenge and solution constant kind don't match: 'comm'
verify (MI-19, matrix-inequalities-and-norms/MI-19/lean)	UNKNOWN STEP	2026-09-12T15:50:32.5790351Z PASS simple_mismatch: exit 1, expected 1; required phase: Challenge and solution constant kind don't match: 'comm'
verify (MI-19, matrix-inequalities-and-norms/MI-19/lean)	UNKNOWN STEP	2026-09-12T15:50:32.5790899Z 
verify (MI-19, matrix-inequalities-and-norms/MI-19/lean)	UNKNOWN STEP	2026-09-12T15:50:32.5791051Z CASE simple_axiom_issue
verify (MI-19, matrix-inequalities-and-norms/MI-19/lean)	UNKNOWN STEP	2026-09-12T15:50:34.2158237Z info: ComparatorRegression: no previous manifest, creating one from scratch
verify (MI-19, matrix-inequalities-and-norms/MI-19/lean)	UNKNOWN STEP	2026-09-12T15:50:34.2158958Z info: toolchain not updated; already up-to-date
verify (MI-19, matrix-inequalities-and-norms/MI-19/lean)	UNKNOWN STEP	2026-09-12T15:50:34.2159302Z Building Challenge
verify (MI-19, matrix-inequalities-and-norms/MI-19/lean)	UNKNOWN STEP	2026-09-12T15:50:34.2159929Z ⚠ [2/3] Built Challenge (182ms)
verify (MI-19, matrix-inequalities-and-norms/MI-19/lean)	UNKNOWN STEP	2026-09-12T15:50:34.2160274Z warning: Challenge.lean:1:8: declaration uses `sorry`
verify (MI-19, matrix-inequalities-and-norms/MI-19/lean)	UNKNOWN STEP	2026-09-12T15:50:34.2160644Z Build completed successfully (3 jobs).
verify (MI-19, matrix-inequalities-and-norms/MI-19/lean)	UNKNOWN STEP	2026-09-12T15:50:34.2161811Z Exporting #[Quot, Quot.mk, Quot.lift, Quot.ind, comm, propext, Quot.sound, Classical.choice, Nat.add, Nat.sub, Nat.mul, Nat.pow, Nat.gcd, Nat.div, Nat.mod, Nat.beq, Nat.ble, Nat.land, Nat.lor, Nat.xor, Nat.shiftLeft, Nat.shiftRight, String.ofList, Char.ofNat, List, eagerReduce, Nat, String, String.mk, Char, optParam, autoParam, semiOutParam, outParam] from Challenge
verify (MI-19, matrix-inequalities-and-norms/MI-19/lean)	UNKNOWN STEP	2026-09-12T15:50:34.2163117Z Building Solution
verify (MI-19, matrix-inequalities-and-norms/MI-19/lean)	UNKNOWN STEP	2026-09-12T15:50:34.2163492Z ✔ [2/3] Built Solution (180ms)
verify (MI-19, matrix-inequalities-and-norms/MI-19/lean)	UNKNOWN STEP	2026-09-12T15:50:34.2163803Z Build completed successfully (3 jobs).
verify (MI-19, matrix-inequalities-and-norms/MI-19/lean)	UNKNOWN STEP	2026-09-12T15:50:34.2165292Z Exporting #[Quot, Quot.mk, Quot.lift, Quot.ind, comm, propext, Quot.sound, Classical.choice, Nat.add, Nat.sub, Nat.mul, Nat.pow, Nat.gcd, Nat.div, Nat.mod, Nat.beq, Nat.ble, Nat.land, Nat.lor, Nat.xor, Nat.shiftLeft, Nat.shiftRight, String.ofList, Char.ofNat, List, eagerReduce, Nat, String, String.mk, Char, optParam, autoParam, semiOutParam, outParam] from Solution
verify (MI-19, matrix-inequalities-and-norms/MI-19/lean)	UNKNOWN STEP	2026-09-12T15:50:34.2166383Z uncaught exception: Illegal axiom detected: 'helper'
verify (MI-19, matrix-inequalities-and-norms/MI-19/lean)	UNKNOWN STEP	2026-09-12T15:50:34.2166878Z PASS simple_axiom_issue: exit 1, expected 1; required phase: Illegal axiom detected: 'helper'
verify (MI-19, matrix-inequalities-and-norms/MI-19/lean)	UNKNOWN STEP	2026-09-12T15:50:34.2167204Z 
verify (MI-19, matrix-inequalities-and-norms/MI-19/lean)	UNKNOWN STEP	2026-09-12T15:50:34.2167385Z CASE simple_kind_mismatch
verify (MI-19, matrix-inequalities-and-norms/MI-19/lean)	UNKNOWN STEP	2026-09-12T15:50:35.8474928Z info: ComparatorRegression: no previous manifest, creating one from scratch
verify (MI-19, matrix-inequalities-and-norms/MI-19/lean)	UNKNOWN STEP	2026-09-12T15:50:35.8475529Z info: toolchain not updated; already up-to-date
verify (MI-19, matrix-inequalities-and-norms/MI-19/lean)	UNKNOWN STEP	2026-09-12T15:50:35.8476235Z Building Challenge
verify (MI-19, matrix-inequalities-and-norms/MI-19/lean)	UNKNOWN STEP	2026-09-12T15:50:35.8476940Z ⚠ [2/3] Built Challenge (183ms)
verify (MI-19, matrix-inequalities-and-norms/MI-19/lean)	UNKNOWN STEP	2026-09-12T15:50:35.8477463Z warning: Challenge.lean:1:8: declaration uses `sorry`
verify (MI-19, matrix-inequalities-and-norms/MI-19/lean)	UNKNOWN STEP	2026-09-12T15:50:35.8478046Z Build completed successfully (3 jobs).
verify (MI-19, matrix-inequalities-and-norms/MI-19/lean)	UNKNOWN STEP	2026-09-12T15:50:35.8480281Z Exporting #[Quot, Quot.mk, Quot.lift, Quot.ind, comm, propext, Quot.sound, Classical.choice, Nat.add, Nat.sub, Nat.mul, Nat.pow, Nat.gcd, Nat.div, Nat.mod, Nat.beq, Nat.ble, Nat.land, Nat.lor, Nat.xor, Nat.shiftLeft, Nat.shiftRight, String.ofList, Char.ofNat, List, eagerReduce, Nat, String, String.mk, Char, optParam, autoParam, semiOutParam, outParam] from Challenge
verify (MI-19, matrix-inequalities-and-norms/MI-19/lean)	UNKNOWN STEP	2026-09-12T15:50:35.8481986Z Building Solution
verify (MI-19, matrix-inequalities-and-norms/MI-19/lean)	UNKNOWN STEP	2026-09-12T15:50:35.8482450Z ✔ [2/3] Built Solution (179ms)
verify (MI-19, matrix-inequalities-and-norms/MI-19/lean)	UNKNOWN STEP	2026-09-12T15:50:35.8482925Z Build completed successfully (3 jobs).
verify (MI-19, matrix-inequalities-and-norms/MI-19/lean)	UNKNOWN STEP	2026-09-12T15:50:35.8484763Z Exporting #[Quot, Quot.mk, Quot.lift, Quot.ind, comm, propext, Quot.sound, Classical.choice, Nat.add, Nat.sub, Nat.mul, Nat.pow, Nat.gcd, Nat.div, Nat.mod, Nat.beq, Nat.ble, Nat.land, Nat.lor, Nat.xor, Nat.shiftLeft, Nat.shiftRight, String.ofList, Char.ofNat, List, eagerReduce, Nat, String, String.mk, Char, optParam, autoParam, semiOutParam, outParam] from Solution
verify (MI-19, matrix-inequalities-and-norms/MI-19/lean)	UNKNOWN STEP	2026-09-12T15:50:35.8485849Z uncaught exception: Illegal axiom detected: 'helper'
verify (MI-19, matrix-inequalities-and-norms/MI-19/lean)	UNKNOWN STEP	2026-09-12T15:50:35.8486433Z PASS simple_kind_mismatch: exit 1, expected 1; required phase: Illegal axiom detected: 'helper'
verify (MI-19, matrix-inequalities-and-norms/MI-19/lean)	UNKNOWN STEP	2026-09-12T15:50:35.8486787Z 
verify (MI-19, matrix-inequalities-and-norms/MI-19/lean)	UNKNOWN STEP	2026-09-12T15:50:35.8486926Z CASE type_mismatch
verify (MI-19, matrix-inequalities-and-norms/MI-19/lean)	UNKNOWN STEP	2026-09-12T15:50:37.4797078Z info: ComparatorRegression: no previous manifest, creating one from scratch
verify (MI-19, matrix-inequalities-and-norms/MI-19/lean)	UNKNOWN STEP	2026-09-12T15:50:37.4797768Z info: toolchain not updated; already up-to-date
verify (MI-19, matrix-inequalities-and-norms/MI-19/lean)	UNKNOWN STEP	2026-09-12T15:50:37.4798109Z Building Challenge
verify (MI-19, matrix-inequalities-and-norms/MI-19/lean)	UNKNOWN STEP	2026-09-12T15:50:37.4798839Z ✔ [2/3] Built Challenge (180ms)
verify (MI-19, matrix-inequalities-and-norms/MI-19/lean)	UNKNOWN STEP	2026-09-12T15:50:37.4799189Z Build completed successfully (3 jobs).
verify (MI-19, matrix-inequalities-and-norms/MI-19/lean)	UNKNOWN STEP	2026-09-12T15:50:37.4800324Z Exporting #[Quot, Quot.mk, Quot.lift, Quot.ind, checked, propext, Quot.sound, Classical.choice, Nat.add, Nat.sub, Nat.mul, Nat.pow, Nat.gcd, Nat.div, Nat.mod, Nat.beq, Nat.ble, Nat.land, Nat.lor, Nat.xor, Nat.shiftLeft, Nat.shiftRight, String.ofList, Char.ofNat, List, eagerReduce, Nat, String, String.mk, Char, optParam, autoParam, semiOutParam, outParam] from Challenge
verify (MI-19, matrix-inequalities-and-norms/MI-19/lean)	UNKNOWN STEP	2026-09-12T15:50:37.4802401Z Building Solution
verify (MI-19, matrix-inequalities-and-norms/MI-19/lean)	UNKNOWN STEP	2026-09-12T15:50:37.4802759Z ✔ [2/3] Built Solution (177ms)
verify (MI-19, matrix-inequalities-and-norms/MI-19/lean)	UNKNOWN STEP	2026-09-12T15:50:37.4803088Z Build completed successfully (3 jobs).
verify (MI-19, matrix-inequalities-and-norms/MI-19/lean)	UNKNOWN STEP	2026-09-12T15:50:37.4804216Z Exporting #[Quot, Quot.mk, Quot.lift, Quot.ind, checked, propext, Quot.sound, Classical.choice, Nat.add, Nat.sub, Nat.mul, Nat.pow, Nat.gcd, Nat.div, Nat.mod, Nat.beq, Nat.ble, Nat.land, Nat.lor, Nat.xor, Nat.shiftLeft, Nat.shiftRight, String.ofList, Char.ofNat, List, eagerReduce, Nat, String, String.mk, Char, optParam, autoParam, semiOutParam, outParam] from Solution
verify (MI-19, matrix-inequalities-and-norms/MI-19/lean)	UNKNOWN STEP	2026-09-12T15:50:37.4805360Z uncaught exception: Challenge and solution theorem statement do not match: 'checked'
verify (MI-19, matrix-inequalities-and-norms/MI-19/lean)	UNKNOWN STEP	2026-09-12T15:50:37.4805981Z PASS type_mismatch: exit 1, expected 1; required phase: Challenge and solution theorem statement do not match: 'checked'
verify (MI-19, matrix-inequalities-and-norms/MI-19/lean)	UNKNOWN STEP	2026-09-12T15:50:37.4814740Z PASS: all five Comparator regressions
verify (MI-19, matrix-inequalities-and-norms/MI-19/lean)	UNKNOWN STEP	2026-09-12T15:50:37.4877552Z Running systemd-run --user --quiet --wait --pipe --collect -p 'RestrictAddressFamilies=~AF_UNIX' --working-directory /home/runner/work/_temp/nla-lean-tools/.verification-tmp/nla-axiom-a0ngbq3p /usr/bin/env -i PATH=/home/runner/.elan/toolchains/leanprover--lean4---v4.33.1/bin:/home/runner/.elan/bin:/home/runner/go/bin:/opt/hostedtoolcache/go/1.27.1/x64/bin:/snap/bin:/home/runner/.local/bin:/opt/pipx_bin:/home/runner/.cargo/bin:/home/runner/.config/composer/vendor/bin:/usr/local/.ghcup/bin:/home/runner/.dotnet/tools:/usr/local/sbin:/usr/local/bin:/usr/sbin:/usr/bin:/sbin:/bin:/usr/games:/usr/local/games:/snap/bin HOME=/home/runner LANG=C.UTF-8 XDG_RUNTIME_DIR=/run/user/1001 DBUS_SESSION_BUS_ADDRESS=unix:path=/run/user/1001/bus GIT_TERMINAL_PROMPT=0 GIT_CONFIG_NOSYSTEM=1 GIT_CONFIG_GLOBAL=/dev/null COMPARATOR_BIN=/home/runner/work/_temp/nla-lean-tools/.tools/comparator/.lake/build/bin/comparator COMPARATOR_LEAN4EXPORT=/home/runner/work/_temp/nla-lean-tools/.tools/lean4export/.lake/build/bin/lean4export COMPARATOR_LANDRUN=/home/runner/work/_temp/nla-lean-tools/scripts/strict_landrun.py XDG_CACHE_HOME=/home/runner/work/_temp/nla-lean-tools/.tools/cache TMPDIR=/home/runner/work/_temp/nla-lean-tools/.verification-tmp lake env /home/runner/work/_temp/nla-lean-tools/.tools/comparator/.lake/build/bin/comparator comparator.json
verify (MI-19, matrix-inequalities-and-norms/MI-19/lean)	UNKNOWN STEP	2026-09-12T15:50:37.4881684Z Log: /home/runner/work/_temp/nla-lean-tools/logs/verify-20260912T155027Z-3941/negative-sorry.log
verify (MI-19, matrix-inequalities-and-norms/MI-19/lean)	UNKNOWN STEP	2026-09-12T15:50:37.5474528Z info: NlaAxiomFixture: no previous manifest, creating one from scratch
verify (MI-19, matrix-inequalities-and-norms/MI-19/lean)	UNKNOWN STEP	2026-09-12T15:50:37.5475300Z info: toolchain not updated; already up-to-date
verify (MI-19, matrix-inequalities-and-norms/MI-19/lean)	UNKNOWN STEP	2026-09-12T15:50:37.6143716Z Building Challenge
verify (MI-19, matrix-inequalities-and-norms/MI-19/lean)	UNKNOWN STEP	2026-09-12T15:50:38.4089819Z ✔ [2/3] Built Challenge (623ms)
verify (MI-19, matrix-inequalities-and-norms/MI-19/lean)	UNKNOWN STEP	2026-09-12T15:50:38.4091110Z Build completed successfully (3 jobs).
verify (MI-19, matrix-inequalities-and-norms/MI-19/lean)	UNKNOWN STEP	2026-09-12T15:50:39.2135304Z Exporting #[Quot, Quot.mk, Quot.lift, Quot.ind, checked, Classical.choice, Quot.sound, propext, Nat.add, Nat.sub, Nat.mul, Nat.pow, Nat.gcd, Nat.div, Nat.mod, Nat.beq, Nat.ble, Nat.land, Nat.lor, Nat.xor, Nat.shiftLeft, Nat.shiftRight, String.ofList, Char.ofNat, List, eagerReduce, Nat, String, String.mk, Char, optParam, autoParam, semiOutParam, outParam] from Challenge
verify (MI-19, matrix-inequalities-and-norms/MI-19/lean)	UNKNOWN STEP	2026-09-12T15:50:39.2136928Z Building Solution
verify (MI-19, matrix-inequalities-and-norms/MI-19/lean)	UNKNOWN STEP	2026-09-12T15:50:40.0048064Z ⚠ [2/3] Built Solution (616ms)
verify (MI-19, matrix-inequalities-and-norms/MI-19/lean)	UNKNOWN STEP	2026-09-12T15:50:40.0048945Z warning: Solution.lean:2:8: declaration uses `sorry`
verify (MI-19, matrix-inequalities-and-norms/MI-19/lean)	UNKNOWN STEP	2026-09-12T15:50:40.0055080Z Build completed successfully (3 jobs).
verify (MI-19, matrix-inequalities-and-norms/MI-19/lean)	UNKNOWN STEP	2026-09-12T15:50:40.8497817Z Exporting #[Quot, Quot.mk, Quot.lift, Quot.ind, checked, Classical.choice, Quot.sound, propext, Nat.add, Nat.sub, Nat.mul, Nat.pow, Nat.gcd, Nat.div, Nat.mod, Nat.beq, Nat.ble, Nat.land, Nat.lor, Nat.xor, Nat.shiftLeft, Nat.shiftRight, String.ofList, Char.ofNat, List, eagerReduce, Nat, String, String.mk, Char, optParam, autoParam, semiOutParam, outParam] from Solution
verify (MI-19, matrix-inequalities-and-norms/MI-19/lean)	UNKNOWN STEP	2026-09-12T15:50:40.8499348Z uncaught exception: Illegal axiom detected: 'sorryAx'
verify (MI-19, matrix-inequalities-and-norms/MI-19/lean)	UNKNOWN STEP	2026-09-12T15:50:40.8563080Z Running systemd-run --user --quiet --wait --pipe --collect -p 'RestrictAddressFamilies=~AF_UNIX' --working-directory /home/runner/work/_temp/nla-lean-tools/.verification-tmp/nla-axiom-vnojeolh /usr/bin/env -i PATH=/home/runner/.elan/toolchains/leanprover--lean4---v4.33.1/bin:/home/runner/.elan/bin:/home/runner/go/bin:/opt/hostedtoolcache/go/1.27.1/x64/bin:/snap/bin:/home/runner/.local/bin:/opt/pipx_bin:/home/runner/.cargo/bin:/home/runner/.config/composer/vendor/bin:/usr/local/.ghcup/bin:/home/runner/.dotnet/tools:/usr/local/sbin:/usr/local/bin:/usr/sbin:/usr/bin:/sbin:/bin:/usr/games:/usr/local/games:/snap/bin HOME=/home/runner LANG=C.UTF-8 XDG_RUNTIME_DIR=/run/user/1001 DBUS_SESSION_BUS_ADDRESS=unix:path=/run/user/1001/bus GIT_TERMINAL_PROMPT=0 GIT_CONFIG_NOSYSTEM=1 GIT_CONFIG_GLOBAL=/dev/null COMPARATOR_BIN=/home/runner/work/_temp/nla-lean-tools/.tools/comparator/.lake/build/bin/comparator COMPARATOR_LEAN4EXPORT=/home/runner/work/_temp/nla-lean-tools/.tools/lean4export/.lake/build/bin/lean4export COMPARATOR_LANDRUN=/home/runner/work/_temp/nla-lean-tools/scripts/strict_landrun.py XDG_CACHE_HOME=/home/runner/work/_temp/nla-lean-tools/.tools/cache TMPDIR=/home/runner/work/_temp/nla-lean-tools/.verification-tmp lake env /home/runner/work/_temp/nla-lean-tools/.tools/comparator/.lake/build/bin/comparator comparator.json
verify (MI-19, matrix-inequalities-and-norms/MI-19/lean)	UNKNOWN STEP	2026-09-12T15:50:40.8567121Z Log: /home/runner/work/_temp/nla-lean-tools/logs/verify-20260912T155027Z-3941/negative-native.log
verify (MI-19, matrix-inequalities-and-norms/MI-19/lean)	UNKNOWN STEP	2026-09-12T15:50:40.9111256Z info: NlaAxiomFixture: no previous manifest, creating one from scratch
verify (MI-19, matrix-inequalities-and-norms/MI-19/lean)	UNKNOWN STEP	2026-09-12T15:50:40.9112223Z info: toolchain not updated; already up-to-date
verify (MI-19, matrix-inequalities-and-norms/MI-19/lean)	UNKNOWN STEP	2026-09-12T15:50:40.9830458Z Building Challenge
verify (MI-19, matrix-inequalities-and-norms/MI-19/lean)	UNKNOWN STEP	2026-09-12T15:50:41.7770402Z ✔ [2/3] Built Challenge (611ms)
verify (MI-19, matrix-inequalities-and-norms/MI-19/lean)	UNKNOWN STEP	2026-09-12T15:50:41.7771490Z Build completed successfully (3 jobs).
verify (MI-19, matrix-inequalities-and-norms/MI-19/lean)	UNKNOWN STEP	2026-09-12T15:50:42.5875237Z Exporting #[Quot, Quot.mk, Quot.lift, Quot.ind, checked, Classical.choice, Quot.sound, propext, Nat.add, Nat.sub, Nat.mul, Nat.pow, Nat.gcd, Nat.div, Nat.mod, Nat.beq, Nat.ble, Nat.land, Nat.lor, Nat.xor, Nat.shiftLeft, Nat.shiftRight, String.ofList, Char.ofNat, List, eagerReduce, Nat, String, String.mk, Char, optParam, autoParam, semiOutParam, outParam] from Challenge
verify (MI-19, matrix-inequalities-and-norms/MI-19/lean)	UNKNOWN STEP	2026-09-12T15:50:42.5876475Z Building Solution
verify (MI-19, matrix-inequalities-and-norms/MI-19/lean)	UNKNOWN STEP	2026-09-12T15:50:43.3886225Z ✔ [2/3] Built Solution (630ms)
verify (MI-19, matrix-inequalities-and-norms/MI-19/lean)	UNKNOWN STEP	2026-09-12T15:50:43.3889073Z Build completed successfully (3 jobs).
verify (MI-19, matrix-inequalities-and-norms/MI-19/lean)	UNKNOWN STEP	2026-09-12T15:50:44.2239925Z Exporting #[Quot, Quot.mk, Quot.lift, Quot.ind, checked, Classical.choice, Quot.sound, propext, Nat.add, Nat.sub, Nat.mul, Nat.pow, Nat.gcd, Nat.div, Nat.mod, Nat.beq, Nat.ble, Nat.land, Nat.lor, Nat.xor, Nat.shiftLeft, Nat.shiftRight, String.ofList, Char.ofNat, List, eagerReduce, Nat, String, String.mk, Char, optParam, autoParam, semiOutParam, outParam] from Solution
verify (MI-19, matrix-inequalities-and-norms/MI-19/lean)	UNKNOWN STEP	2026-09-12T15:50:44.2241528Z uncaught exception: Illegal axiom detected: 'checked._native.native_decide.ax_1_1'
verify (MI-19, matrix-inequalities-and-norms/MI-19/lean)	UNKNOWN STEP	2026-09-12T15:50:44.2806970Z Running lake env true
verify (MI-19, matrix-inequalities-and-norms/MI-19/lean)	UNKNOWN STEP	2026-09-12T15:50:44.2807649Z Log: /home/runner/work/_temp/nla-lean-tools/logs/verify-20260912T155027Z-3941/dependencies.log
verify (MI-19, matrix-inequalities-and-norms/MI-19/lean)	UNKNOWN STEP	2026-09-12T15:50:44.3186528Z info: leancert: cloning https://github.com/alerad/leancert
verify (MI-19, matrix-inequalities-and-norms/MI-19/lean)	UNKNOWN STEP	2026-09-12T15:50:45.9189193Z info: leancert: checking out revision '621a43d7cf21f87872392a01e874f2f1dbddc926'
verify (MI-19, matrix-inequalities-and-norms/MI-19/lean)	UNKNOWN STEP	2026-09-12T15:50:45.9451990Z info: mathlib: cloning https://github.com/leanprover-community/mathlib4.git
verify (MI-19, matrix-inequalities-and-norms/MI-19/lean)	UNKNOWN STEP	2026-09-12T15:51:19.4803336Z info: mathlib: checking out revision '0df444a360eaa60ab8c11dca51a86af692955474'
verify (MI-19, matrix-inequalities-and-norms/MI-19/lean)	UNKNOWN STEP	2026-09-12T15:51:21.1325152Z info: plausible: cloning https://github.com/leanprover-community/plausible
verify (MI-19, matrix-inequalities-and-norms/MI-19/lean)	UNKNOWN STEP	2026-09-12T15:51:21.7458095Z info: plausible: checking out revision 'b7eb3304aeae834b12dda98993a37f6a41f6f0bb'
verify (MI-19, matrix-inequalities-and-norms/MI-19/lean)	UNKNOWN STEP	2026-09-12T15:51:21.7556414Z info: LeanSearchClient: cloning https://github.com/leanprover-community/LeanSearchClient
verify (MI-19, matrix-inequalities-and-norms/MI-19/lean)	UNKNOWN STEP	2026-09-12T15:51:22.4442841Z info: LeanSearchClient: checking out revision '5f4d51b81cbd3f6b32b156bfad9056621a040404'
verify (MI-19, matrix-inequalities-and-norms/MI-19/lean)	UNKNOWN STEP	2026-09-12T15:51:22.4539928Z info: importGraph: cloning https://github.com/leanprover-community/import-graph
verify (MI-19, matrix-inequalities-and-norms/MI-19/lean)	UNKNOWN STEP	2026-09-12T15:51:23.6589127Z info: importGraph: checking out revision '16f02aa7642864af59f1ff0e384a015994db9118'
verify (MI-19, matrix-inequalities-and-norms/MI-19/lean)	UNKNOWN STEP	2026-09-12T15:51:23.6708007Z info: proofwidgets: cloning https://github.com/leanprover-community/ProofWidgets4
verify (MI-19, matrix-inequalities-and-norms/MI-19/lean)	UNKNOWN STEP	2026-09-12T15:51:25.3610674Z info: proofwidgets: checking out revision '4be2e3d5087eeb272cf5a8853b8f9dd025ef5957'
verify (MI-19, matrix-inequalities-and-norms/MI-19/lean)	UNKNOWN STEP	2026-09-12T15:51:25.9221603Z info: aesop: cloning https://github.com/leanprover-community/aesop
verify (MI-19, matrix-inequalities-and-norms/MI-19/lean)	UNKNOWN STEP	2026-09-12T15:51:27.1924513Z info: aesop: checking out revision '3448c0bcc5ce01b2d1546e483ec3620e32df3d0e'
verify (MI-19, matrix-inequalities-and-norms/MI-19/lean)	UNKNOWN STEP	2026-09-12T15:51:27.2055141Z info: Qq: cloning https://github.com/leanprover-community/quote4
verify (MI-19, matrix-inequalities-and-norms/MI-19/lean)	UNKNOWN STEP	2026-09-12T15:51:27.8610616Z info: Qq: checking out revision '92c15be17b7caf78c2ad767ec40f89052d908d81'
verify (MI-19, matrix-inequalities-and-norms/MI-19/lean)	UNKNOWN STEP	2026-09-12T15:51:27.8708765Z info: batteries: cloning https://github.com/leanprover-community/batteries
verify (MI-19, matrix-inequalities-and-norms/MI-19/lean)	UNKNOWN STEP	2026-09-12T15:51:31.3607472Z info: batteries: checking out revision '4488d40d070b9700d4d5a6aa342f0d40c31b2a2d'
verify (MI-19, matrix-inequalities-and-norms/MI-19/lean)	UNKNOWN STEP	2026-09-12T15:51:31.3809426Z info: Cli: cloning https://github.com/leanprover/lean4-cli
verify (MI-19, matrix-inequalities-and-norms/MI-19/lean)	UNKNOWN STEP	2026-09-12T15:51:32.0439685Z info: Cli: checking out revision '6130a47896ce867c6a4a55373441e59e565bad0f'
verify (MI-19, matrix-inequalities-and-norms/MI-19/lean)	UNKNOWN STEP	2026-09-12T15:51:32.1014067Z Running lake exe cache get
verify (MI-19, matrix-inequalities-and-norms/MI-19/lean)	UNKNOWN STEP	2026-09-12T15:51:32.1015485Z Log: /home/runner/work/_temp/nla-lean-tools/logs/verify-20260912T155027Z-3941/mathlib-cache.log
verify (MI-19, matrix-inequalities-and-norms/MI-19/lean)	UNKNOWN STEP	2026-09-12T15:51:32.9503907Z ✔ [1/5] Built Cache.Cli (271ms)
verify (MI-19, matrix-inequalities-and-norms/MI-19/lean)	UNKNOWN STEP	2026-09-12T15:51:33.0520548Z ✔ [3/26] Built Cache.Lean (349ms)
verify (MI-19, matrix-inequalities-and-norms/MI-19/lean)	UNKNOWN STEP	2026-09-12T15:51:33.2543415Z ✔ [6/26] Built Cache.Cli:c.o (170ms)
verify (MI-19, matrix-inequalities-and-norms/MI-19/lean)	UNKNOWN STEP	2026-09-12T15:51:33.2545621Z ✔ [7/26] Built Cache.Lean:c.o (183ms)
verify (MI-19, matrix-inequalities-and-norms/MI-19/lean)	UNKNOWN STEP	2026-09-12T15:51:33.4550429Z ✔ [8/26] Built Cache.Infra (380ms)
verify (MI-19, matrix-inequalities-and-norms/MI-19/lean)	UNKNOWN STEP	2026-09-12T15:51:33.6549452Z ✔ [9/26] Built Cache.Infra:c.o (180ms)
verify (MI-19, matrix-inequalities-and-norms/MI-19/lean)	UNKNOWN STEP	2026-09-12T15:51:33.8585587Z ✔ [10/26] Built Batteries.Tactic.OpenPrivate (845ms)
verify (MI-19, matrix-inequalities-and-norms/MI-19/lean)	UNKNOWN STEP	2026-09-12T15:51:35.0599713Z ✔ [11/26] Built Cache.IO (1.2s)
verify (MI-19, matrix-inequalities-and-norms/MI-19/lean)	UNKNOWN STEP	2026-09-12T15:51:35.0600691Z ✔ [12/26] Built Batteries.Tactic.OpenPrivate:c.o (1.2s)
verify (MI-19, matrix-inequalities-and-norms/MI-19/lean)	UNKNOWN STEP	2026-09-12T15:51:35.7610627Z ✔ [13/26] Built Cache.Hashing (659ms)
verify (MI-19, matrix-inequalities-and-norms/MI-19/lean)	UNKNOWN STEP	2026-09-12T15:51:36.2597867Z ✔ [14/26] Built Cache.Hashing:c.o (501ms)
verify (MI-19, matrix-inequalities-and-norms/MI-19/lean)	UNKNOWN STEP	2026-09-12T15:51:36.5601054Z ✔ [15/26] Built Cache.IO:c.o (1.4s)
verify (MI-19, matrix-inequalities-and-norms/MI-19/lean)	UNKNOWN STEP	2026-09-12T15:51:37.4639554Z ✔ [16/26] Built Cache.Requests (1.7s)
verify (MI-19, matrix-inequalities-and-norms/MI-19/lean)	UNKNOWN STEP	2026-09-12T15:51:37.9680249Z ✔ [17/26] Built Cache.Marker (452ms)
verify (MI-19, matrix-inequalities-and-norms/MI-19/lean)	UNKNOWN STEP	2026-09-12T15:51:38.0653969Z ✔ [18/26] Built Cache.Marker:c.o (108ms)
verify (MI-19, matrix-inequalities-and-norms/MI-19/lean)	UNKNOWN STEP	2026-09-12T15:51:38.5662274Z ✔ [19/26] Built Cache.Query (571ms)
verify (MI-19, matrix-inequalities-and-norms/MI-19/lean)	UNKNOWN STEP	2026-09-12T15:51:38.7664435Z ✔ [20/26] Built Cache.Query:c.o (258ms)
verify (MI-19, matrix-inequalities-and-norms/MI-19/lean)	UNKNOWN STEP	2026-09-12T15:51:39.1670054Z ✔ [21/26] Built Cache.Warning (621ms)
verify (MI-19, matrix-inequalities-and-norms/MI-19/lean)	UNKNOWN STEP	2026-09-12T15:51:39.4684601Z ✔ [22/26] Built Cache.Warning:c.o (299ms)
verify (MI-19, matrix-inequalities-and-norms/MI-19/lean)	UNKNOWN STEP	2026-09-12T15:51:40.0690587Z ✔ [23/26] Built Cache.Requests:c.o (2.6s)
verify (MI-19, matrix-inequalities-and-norms/MI-19/lean)	UNKNOWN STEP	2026-09-12T15:51:40.1691159Z ✔ [24/26] Built Cache.Main (1.0s)
verify (MI-19, matrix-inequalities-and-norms/MI-19/lean)	UNKNOWN STEP	2026-09-12T15:51:40.9691025Z ✔ [25/26] Built Cache.Main:c.o (784ms)
verify (MI-19, matrix-inequalities-and-norms/MI-19/lean)	UNKNOWN STEP	2026-09-12T15:51:41.5694474Z ✔ [26/26] Built cache:exe (608ms)
verify (MI-19, matrix-inequalities-and-norms/MI-19/lean)	UNKNOWN STEP	2026-09-12T15:51:43.3511302Z Current branch: HEAD
verify (MI-19, matrix-inequalities-and-norms/MI-19/lean)	UNKNOWN STEP	2026-09-12T15:51:43.3511853Z Using cache from origin: (some leanprover-community/mathlib4)
verify (MI-19, matrix-inequalities-and-norms/MI-19/lean)	UNKNOWN STEP	2026-09-12T15:51:43.3513198Z Attempting to download 8690 file(s) from leanprover-community/mathlib4 cache at https://lakecache.blob.core.windows.net/mathlib4-master
verify (MI-19, matrix-inequalities-and-norms/MI-19/lean)	UNKNOWN STEP	2026-09-12T15:51:44.4862717Z 
verify (MI-19, matrix-inequalities-and-norms/MI-19/lean)	UNKNOWN STEP	2026-09-12T15:51:44.5880582Z Downloaded: 1 file(s) [attempted 1/8690 = 0%, 15 KB/s], Decompressed: 0
verify (MI-19, matrix-inequalities-and-norms/MI-19/lean)	UNKNOWN STEP	2026-09-12T15:51:44.6876638Z Downloaded: 76 file(s) [attempted 76/8690 = 0%, 423 KB/s], Decompressed: 31
verify (MI-19, matrix-inequalities-and-norms/MI-19/lean)	UNKNOWN STEP	2026-09-12T15:51:44.7884331Z Downloaded: 156 file(s) [attempted 156/8690 = 1%, 586 KB/s], Decompressed: 57
verify (MI-19, matrix-inequalities-and-norms/MI-19/lean)	UNKNOWN STEP	2026-09-12T15:51:44.8900064Z Downloaded: 243 file(s) [attempted 243/8690 = 2%, 395 KB/s], Decompressed: 111
verify (MI-19, matrix-inequalities-and-norms/MI-19/lean)	UNKNOWN STEP	2026-09-12T15:51:44.9923047Z Downloaded: 346 file(s) [attempted 346/8690 = 3%, 147 KB/s], Decompressed: 111
verify (MI-19, matrix-inequalities-and-norms/MI-19/lean)	UNKNOWN STEP	2026-09-12T15:51:45.0932628Z Downloaded: 449 file(s) [attempted 449/8690 = 5%, 348 KB/s], Decompressed: 111
verify (MI-19, matrix-inequalities-and-norms/MI-19/lean)	UNKNOWN STEP	2026-09-12T15:51:45.1979977Z Downloaded: 548 file(s) [attempted 548/8690 = 6%, 173 KB/s], Decompressed: 111
verify (MI-19, matrix-inequalities-and-norms/MI-19/lean)	UNKNOWN STEP	2026-09-12T15:51:45.3007374Z Downloaded: 653 file(s) [attempted 653/8690 = 7%, 518 KB/s], Decompressed: 243
verify (MI-19, matrix-inequalities-and-norms/MI-19/lean)	UNKNOWN STEP	2026-09-12T15:51:45.4004722Z Downloaded: 768 file(s) [attempted 768/8690 = 8%, 604 KB/s], Decompressed: 243
verify (MI-19, matrix-inequalities-and-norms/MI-19/lean)	UNKNOWN STEP	2026-09-12T15:51:45.5010245Z Downloaded: 871 file(s) [attempted 871/8690 = 10%, 356 KB/s], Decompressed: 243
verify (MI-19, matrix-inequalities-and-norms/MI-19/lean)	UNKNOWN STEP	2026-09-12T15:51:45.6012146Z Downloaded: 981 file(s) [attempted 981/8690 = 11%, 483 KB/s], Decompressed: 243
verify (MI-19, matrix-inequalities-and-norms/MI-19/lean)	UNKNOWN STEP	2026-09-12T15:51:45.7011995Z Downloaded: 1093 file(s) [attempted 1093/8690 = 12%, 261 KB/s], Decompressed: 243
verify (MI-19, matrix-inequalities-and-norms/MI-19/lean)	UNKNOWN STEP	2026-09-12T15:51:45.8020086Z Downloaded: 1195 file(s) [attempted 1195/8690 = 13%, 1357 KB/s], Decompressed: 243
verify (MI-19, matrix-inequalities-and-norms/MI-19/lean)	UNKNOWN STEP	2026-09-12T15:51:45.9037192Z Downloaded: 1303 file(s) [attempted 1303/8690 = 14%, 401 KB/s], Decompressed: 243
verify (MI-19, matrix-inequalities-and-norms/MI-19/lean)	UNKNOWN STEP	2026-09-12T15:51:46.0076159Z Downloaded: 1406 file(s) [attempted 1406/8690 = 16%, 433 KB/s], Decompressed: 243
verify (MI-19, matrix-inequalities-and-norms/MI-19/lean)	UNKNOWN STEP	2026-09-12T15:51:46.1083254Z Downloaded: 1513 file(s) [attempted 1513/8690 = 17%, 1331 KB/s], Decompressed: 243
verify (MI-19, matrix-inequalities-and-norms/MI-19/lean)	UNKNOWN STEP	2026-09-12T15:51:46.2075288Z Downloaded: 1623 file(s) [attempted 1623/8690 = 18%, 103 KB/s], Decompressed: 243
verify (MI-19, matrix-inequalities-and-norms/MI-19/lean)	UNKNOWN STEP	2026-09-12T15:51:46.3100239Z Downloaded: 1735 file(s) [attempted 1735/8690 = 19%, 680 KB/s], Decompressed: 243
verify (MI-19, matrix-inequalities-and-norms/MI-19/lean)	UNKNOWN STEP	2026-09-12T15:51:46.4094754Z Downloaded: 1843 file(s) [attempted 1843/8690 = 21%, 542 KB/s], Decompressed: 612
verify (MI-19, matrix-inequalities-and-norms/MI-19/lean)	UNKNOWN STEP	2026-09-12T15:51:46.5159050Z Downloaded: 1943 file(s) [attempted 1943/8690 = 22%, 862 KB/s], Decompressed: 612
verify (MI-19, matrix-inequalities-and-norms/MI-19/lean)	UNKNOWN STEP	2026-09-12T15:51:46.6161148Z Downloaded: 2049 file(s) [attempted 2049/8690 = 23%, 353 KB/s], Decompressed: 612
verify (MI-19, matrix-inequalities-and-norms/MI-19/lean)	UNKNOWN STEP	2026-09-12T15:51:46.7182005Z Downloaded: 2161 file(s) [attempted 2161/8690 = 24%, 381 KB/s], Decompressed: 612
verify (MI-19, matrix-inequalities-and-norms/MI-19/lean)	UNKNOWN STEP	2026-09-12T15:51:46.8210279Z Downloaded: 2270 file(s) [attempted 2270/8690 = 26%, 2107 KB/s], Decompressed: 612
verify (MI-19, matrix-inequalities-and-norms/MI-19/lean)	UNKNOWN STEP	2026-09-12T15:51:46.9240315Z Downloaded: 2382 file(s) [attempted 2382/8690 = 27%, 202 KB/s], Decompressed: 612
verify (MI-19, matrix-inequalities-and-norms/MI-19/lean)	UNKNOWN STEP	2026-09-12T15:51:47.0250124Z Downloaded: 2485 file(s) [attempted 2485/8690 = 28%, 319 KB/s], Decompressed: 612
verify (MI-19, matrix-inequalities-and-norms/MI-19/lean)	UNKNOWN STEP	2026-09-12T15:51:47.1247272Z Downloaded: 2591 file(s) [attempted 2591/8690 = 29%, 1499 KB/s], Decompressed: 612
verify (MI-19, matrix-inequalities-and-norms/MI-19/lean)	UNKNOWN STEP	2026-09-12T15:51:47.2250070Z Downloaded: 2706 file(s) [attempted 2706/8690 = 31%, 2467 KB/s], Decompressed: 612
verify (MI-19, matrix-inequalities-and-norms/MI-19/lean)	UNKNOWN STEP	2026-09-12T15:51:47.3271424Z Downloaded: 2812 file(s) [attempted 2812/8690 = 32%, 354 KB/s], Decompressed: 612
verify (MI-19, matrix-inequalities-and-norms/MI-19/lean)	UNKNOWN STEP	2026-09-12T15:51:47.4270255Z Downloaded: 2918 file(s) [attempted 2918/8690 = 33%, 1066 KB/s], Decompressed: 612
verify (MI-19, matrix-inequalities-and-norms/MI-19/lean)	UNKNOWN STEP	2026-09-12T15:51:47.5269809Z Downloaded: 3027 file(s) [attempted 3027/8690 = 34%, 481 KB/s], Decompressed: 612
verify (MI-19, matrix-inequalities-and-norms/MI-19/lean)	UNKNOWN STEP	2026-09-12T15:51:47.6291473Z Downloaded: 3137 file(s) [attempted 3137/8690 = 36%, 301 KB/s], Decompressed: 612
verify (MI-19, matrix-inequalities-and-norms/MI-19/lean)	UNKNOWN STEP	2026-09-12T15:51:47.7291936Z Downloaded: 3249 file(s) [attempted 3249/8690 = 37%, 953 KB/s], Decompressed: 612
verify (MI-19, matrix-inequalities-and-norms/MI-19/lean)	UNKNOWN STEP	2026-09-12T15:51:47.8297194Z Downloaded: 3361 file(s) [attempted 3361/8690 = 38%, 399 KB/s], Decompressed: 612
verify (MI-19, matrix-inequalities-and-norms/MI-19/lean)	UNKNOWN STEP	2026-09-12T15:51:47.9306246Z Downloaded: 3469 file(s) [attempted 3469/8690 = 39%, 1823 KB/s], Decompressed: 612
verify (MI-19, matrix-inequalities-and-norms/MI-19/lean)	UNKNOWN STEP	2026-09-12T15:51:48.0333192Z Downloaded: 3574 file(s) [attempted 3574/8690 = 41%, 1153 KB/s], Decompressed: 612
verify (MI-19, matrix-inequalities-and-norms/MI-19/lean)	UNKNOWN STEP	2026-09-12T15:51:48.1628191Z Downloaded: 3649 file(s) [attempted 3649/8690 = 41%, 521 KB/s], Decompressed: 612
verify (MI-19, matrix-inequalities-and-norms/MI-19/lean)	UNKNOWN STEP	2026-09-12T15:51:48.2707913Z Downloaded: 3695 file(s) [attempted 3695/8690 = 42%, 74 KB/s], Decompressed: 612
verify (MI-19, matrix-inequalities-and-norms/MI-19/lean)	UNKNOWN STEP	2026-09-12T15:51:48.3707426Z Downloaded: 3796 file(s) [attempted 3796/8690 = 43%, 4124 KB/s], Decompressed: 612
verify (MI-19, matrix-inequalities-and-norms/MI-19/lean)	UNKNOWN STEP	2026-09-12T15:51:48.4714102Z Downloaded: 3901 file(s) [attempted 3901/8690 = 44%, 566 KB/s], Decompressed: 612
verify (MI-19, matrix-inequalities-and-norms/MI-19/lean)	UNKNOWN STEP	2026-09-12T15:51:48.5790142Z Downloaded: 4008 file(s) [attempted 4008/8690 = 46%, 386 KB/s], Decompressed: 612
verify (MI-19, matrix-inequalities-and-norms/MI-19/lean)	UNKNOWN STEP	2026-09-12T15:51:48.6749800Z Downloaded: 4116 file(s) [attempted 4116/8690 = 47%, 499 KB/s], Decompressed: 612
verify (MI-19, matrix-inequalities-and-norms/MI-19/lean)	UNKNOWN STEP	2026-09-12T15:51:48.7752688Z Downloaded: 4214 file(s) [attempted 4214/8690 = 48%, 50 KB/s], Decompressed: 612
verify (MI-19, matrix-inequalities-and-norms/MI-19/lean)	UNKNOWN STEP	2026-09-12T15:51:48.8806542Z Downloaded: 4297 file(s) [attempted 4297/8690 = 49%, 1619 KB/s], Decompressed: 612
verify (MI-19, matrix-inequalities-and-norms/MI-19/lean)	UNKNOWN STEP	2026-09-12T15:51:48.9800091Z Downloaded: 4425 file(s) [attempted 4425/8690 = 50%, 1230 KB/s], Decompressed: 612
verify (MI-19, matrix-inequalities-and-norms/MI-19/lean)	UNKNOWN STEP	2026-09-12T15:51:49.0830785Z Downloaded: 4523 file(s) [attempted 4523/8690 = 52%, 1694 KB/s], Decompressed: 612
verify (MI-19, matrix-inequalities-and-norms/MI-19/lean)	UNKNOWN STEP	2026-09-12T15:51:49.2110485Z Downloaded: 4619 file(s) [attempted 4619/8690 = 53%, 563 KB/s], Decompressed: 612
verify (MI-19, matrix-inequalities-and-norms/MI-19/lean)	UNKNOWN STEP	2026-09-12T15:51:49.3113850Z Downloaded: 4699 file(s) [attempted 4699/8690 = 54%, 331 KB/s], Decompressed: 612
verify (MI-19, matrix-inequalities-and-norms/MI-19/lean)	UNKNOWN STEP	2026-09-12T15:51:49.4190018Z Downloaded: 4804 file(s) [attempted 4804/8690 = 55%, 696 KB/s], Decompressed: 1736
verify (MI-19, matrix-inequalities-and-norms/MI-19/lean)	UNKNOWN STEP	2026-09-12T15:51:49.5180235Z Downloaded: 4919 file(s) [attempted 4919/8690 = 56%, 176 KB/s], Decompressed: 1736
verify (MI-19, matrix-inequalities-and-norms/MI-19/lean)	UNKNOWN STEP	2026-09-12T15:51:49.6357817Z Downloaded: 5024 file(s) [attempted 5024/8690 = 57%, 468 KB/s], Decompressed: 1736
verify (MI-19, matrix-inequalities-and-norms/MI-19/lean)	UNKNOWN STEP	2026-09-12T15:51:49.7401356Z Downloaded: 5108 file(s) [attempted 5108/8690 = 58%, 308 KB/s], Decompressed: 1736
verify (MI-19, matrix-inequalities-and-norms/MI-19/lean)	UNKNOWN STEP	2026-09-12T15:51:49.8391952Z Downloaded: 5223 file(s) [attempted 5223/8690 = 60%, 1349 KB/s], Decompressed: 1736
verify (MI-19, matrix-inequalities-and-norms/MI-19/lean)	UNKNOWN STEP	2026-09-12T15:51:49.9410121Z Downloaded: 5326 file(s) [attempted 5326/8690 = 61%, 1034 KB/s], Decompressed: 1736
verify (MI-19, matrix-inequalities-and-norms/MI-19/lean)	UNKNOWN STEP	2026-09-12T15:51:50.0429327Z Downloaded: 5435 file(s) [attempted 5435/8690 = 62%, 3547 KB/s], Decompressed: 1736
verify (MI-19, matrix-inequalities-and-norms/MI-19/lean)	UNKNOWN STEP	2026-09-12T15:51:50.1432893Z Downloaded: 5545 file(s) [attempted 5545/8690 = 63%, 483 KB/s], Decompressed: 1736
verify (MI-19, matrix-inequalities-and-norms/MI-19/lean)	UNKNOWN STEP	2026-09-12T15:51:50.2433922Z Downloaded: 5648 file(s) [attempted 5648/8690 = 64%, 1894 KB/s], Decompressed: 1736
verify (MI-19, matrix-inequalities-and-norms/MI-19/lean)	UNKNOWN STEP	2026-09-12T15:51:50.3441127Z Downloaded: 5760 file(s) [attempted 5760/8690 = 66%, 255 KB/s], Decompressed: 1736
verify (MI-19, matrix-inequalities-and-norms/MI-19/lean)	UNKNOWN STEP	2026-09-12T15:51:50.4470687Z Downloaded: 5865 file(s) [attempted 5865/8690 = 67%, 240 KB/s], Decompressed: 1736
verify (MI-19, matrix-inequalities-and-norms/MI-19/lean)	UNKNOWN STEP	2026-09-12T15:51:50.5572375Z Downloaded: 5975 file(s) [attempted 5975/8690 = 68%, 796 KB/s], Decompressed: 1736
verify (MI-19, matrix-inequalities-and-norms/MI-19/lean)	UNKNOWN STEP	2026-09-12T15:51:50.6590275Z Downloaded: 6080 file(s) [attempted 6080/8690 = 69%, 885 KB/s], Decompressed: 1736
verify (MI-19, matrix-inequalities-and-norms/MI-19/lean)	UNKNOWN STEP	2026-09-12T15:51:50.7596358Z Downloaded: 6190 file(s) [attempted 6190/8690 = 71%, 2585 KB/s], Decompressed: 1736
verify (MI-19, matrix-inequalities-and-norms/MI-19/lean)	UNKNOWN STEP	2026-09-12T15:51:50.8620336Z Downloaded: 6307 file(s) [attempted 6307/8690 = 72%, 433 KB/s], Decompressed: 1736
verify (MI-19, matrix-inequalities-and-norms/MI-19/lean)	UNKNOWN STEP	2026-09-12T15:51:50.9601449Z Downloaded: 6410 file(s) [attempted 6410/8690 = 73%, 533 KB/s], Decompressed: 1736
verify (MI-19, matrix-inequalities-and-norms/MI-19/lean)	UNKNOWN STEP	2026-09-12T15:51:51.0592741Z Downloaded: 6519 file(s) [attempted 6519/8690 = 75%, 130 KB/s], Decompressed: 1736
verify (MI-19, matrix-inequalities-and-norms/MI-19/lean)	UNKNOWN STEP	2026-09-12T15:51:51.1629439Z Downloaded: 6627 file(s) [attempted 6627/8690 = 76%, 3249 KB/s], Decompressed: 1736
verify (MI-19, matrix-inequalities-and-norms/MI-19/lean)	UNKNOWN STEP	2026-09-12T15:51:51.2667061Z Downloaded: 6734 file(s) [attempted 6734/8690 = 77%, 158 KB/s], Decompressed: 1736
verify (MI-19, matrix-inequalities-and-norms/MI-19/lean)	UNKNOWN STEP	2026-09-12T15:51:51.3700105Z Downloaded: 6842 file(s) [attempted 6842/8690 = 78%, 387 KB/s], Decompressed: 1736
verify (MI-19, matrix-inequalities-and-norms/MI-19/lean)	UNKNOWN STEP	2026-09-12T15:51:51.5443520Z Downloaded: 6949 file(s) [attempted 6949/8690 = 79%, 1306 KB/s], Decompressed: 1736
verify (MI-19, matrix-inequalities-and-norms/MI-19/lean)	UNKNOWN STEP	2026-09-12T15:51:51.6620256Z Downloaded: 7018 file(s) [attempted 7018/8690 = 80%, 4181 KB/s], Decompressed: 1736
verify (MI-19, matrix-inequalities-and-norms/MI-19/lean)	UNKNOWN STEP	2026-09-12T15:51:51.7603902Z Downloaded: 7118 file(s) [attempted 7118/8690 = 81%, 4463 KB/s], Decompressed: 1736
verify (MI-19, matrix-inequalities-and-norms/MI-19/lean)	UNKNOWN STEP	2026-09-12T15:51:51.8620156Z Downloaded: 7240 file(s) [attempted 7240/8690 = 83%, 2399 KB/s], Decompressed: 1736
verify (MI-19, matrix-inequalities-and-norms/MI-19/lean)	UNKNOWN STEP	2026-09-12T15:51:51.9613374Z Downloaded: 7352 file(s) [attempted 7352/8690 = 84%, 310 KB/s], Decompressed: 1736
verify (MI-19, matrix-inequalities-and-norms/MI-19/lean)	UNKNOWN STEP	2026-09-12T15:51:52.0649943Z Downloaded: 7464 file(s) [attempted 7464/8690 = 85%, 3158 KB/s], Decompressed: 1736
verify (MI-19, matrix-inequalities-and-norms/MI-19/lean)	UNKNOWN STEP	2026-09-12T15:51:52.1661711Z Downloaded: 7546 file(s) [attempted 7546/8690 = 86%, 203 KB/s], Decompressed: 1736
verify (MI-19, matrix-inequalities-and-norms/MI-19/lean)	UNKNOWN STEP	2026-09-12T15:51:52.2675615Z Downloaded: 7642 file(s) [attempted 7642/8690 = 87%, 329 KB/s], Decompressed: 1736
verify (MI-19, matrix-inequalities-and-norms/MI-19/lean)	UNKNOWN STEP	2026-09-12T15:51:52.3690788Z Downloaded: 7745 file(s) [attempted 7745/8690 = 89%, 361 KB/s], Decompressed: 1736
verify (MI-19, matrix-inequalities-and-norms/MI-19/lean)	UNKNOWN STEP	2026-09-12T15:51:52.4672798Z Downloaded: 7846 file(s) [attempted 7846/8690 = 90%, 498 KB/s], Decompressed: 1736
verify (MI-19, matrix-inequalities-and-norms/MI-19/lean)	UNKNOWN STEP	2026-09-12T15:51:52.5715471Z Downloaded: 7955 file(s) [attempted 7955/8690 = 91%, 528 KB/s], Decompressed: 1736
verify (MI-19, matrix-inequalities-and-norms/MI-19/lean)	UNKNOWN STEP	2026-09-12T15:51:52.6730552Z Downloaded: 8061 file(s) [attempted 8061/8690 = 92%, 622 KB/s], Decompressed: 1736
verify (MI-19, matrix-inequalities-and-norms/MI-19/lean)	UNKNOWN STEP	2026-09-12T15:51:52.7742824Z Downloaded: 8168 file(s) [attempted 8168/8690 = 93%, 1978 KB/s], Decompressed: 1736
verify (MI-19, matrix-inequalities-and-norms/MI-19/lean)	UNKNOWN STEP	2026-09-12T15:51:52.8774589Z Downloaded: 8282 file(s) [attempted 8282/8690 = 95%, 182 KB/s], Decompressed: 1736
verify (MI-19, matrix-inequalities-and-norms/MI-19/lean)	UNKNOWN STEP	2026-09-12T15:51:52.9814431Z Downloaded: 8388 file(s) [attempted 8388/8690 = 96%, 3791 KB/s], Decompressed: 1736
verify (MI-19, matrix-inequalities-and-norms/MI-19/lean)	UNKNOWN STEP	2026-09-12T15:51:53.0830055Z Downloaded: 8495 file(s) [attempted 8495/8690 = 97%, 791 KB/s], Decompressed: 1736
verify (MI-19, matrix-inequalities-and-norms/MI-19/lean)	UNKNOWN STEP	2026-09-12T15:51:53.2289843Z Downloaded: 8616 file(s) [attempted 8616/8690 = 99%, 262 KB/s], Decompressed: 1736
verify (MI-19, matrix-inequalities-and-norms/MI-19/lean)	UNKNOWN STEP	2026-09-12T15:51:53.2360717Z Downloaded: 8690 file(s) [attempted 8690/8690 = 100%, 267 KB/s], Decompressed: 1736
verify (MI-19, matrix-inequalities-and-norms/MI-19/lean)	UNKNOWN STEP	2026-09-12T15:51:53.2361846Z Downloaded: 8690 file(s) [attempted 8690/8690 = 100%, 267 KB/s], Decompressed: 1736
verify (MI-19, matrix-inequalities-and-norms/MI-19/lean)	UNKNOWN STEP	2026-09-12T15:52:23.8528901Z Decompressed 8690 file(s)
verify (MI-19, matrix-inequalities-and-norms/MI-19/lean)	UNKNOWN STEP	2026-09-12T15:52:23.8529668Z Already decompressed 8690 file(s)
verify (MI-19, matrix-inequalities-and-norms/MI-19/lean)	UNKNOWN STEP	2026-09-12T15:52:23.8801054Z Running systemd-run --user --quiet --wait --pipe --collect -p 'RestrictAddressFamilies=~AF_UNIX' --working-directory /home/runner/work/_temp/nla-lean-tools/.verification-tmp/nla-fresh-proof-sj32yqcg/project /usr/bin/env -i PATH=/home/runner/.elan/toolchains/leanprover--lean4---v4.33.1/bin:/home/runner/.elan/bin:/home/runner/go/bin:/opt/hostedtoolcache/go/1.27.1/x64/bin:/snap/bin:/home/runner/.local/bin:/opt/pipx_bin:/home/runner/.cargo/bin:/home/runner/.config/composer/vendor/bin:/usr/local/.ghcup/bin:/home/runner/.dotnet/tools:/usr/local/sbin:/usr/local/bin:/usr/sbin:/usr/bin:/sbin:/bin:/usr/games:/usr/local/games:/snap/bin HOME=/home/runner LANG=C.UTF-8 XDG_RUNTIME_DIR=/run/user/1001 DBUS_SESSION_BUS_ADDRESS=unix:path=/run/user/1001/bus GIT_TERMINAL_PROMPT=0 GIT_CONFIG_NOSYSTEM=1 GIT_CONFIG_GLOBAL=/dev/null COMPARATOR_BIN=/home/runner/work/_temp/nla-lean-tools/.tools/comparator/.lake/build/bin/comparator COMPARATOR_LEAN4EXPORT=/home/runner/work/_temp/nla-lean-tools/.tools/lean4export/.lake/build/bin/lean4export COMPARATOR_LANDRUN=/home/runner/work/_temp/nla-lean-tools/scripts/strict_landrun.py XDG_CACHE_HOME=/home/runner/work/_temp/nla-lean-tools/.tools/cache TMPDIR=/home/runner/work/_temp/nla-lean-tools/.verification-tmp lake env /home/runner/work/_temp/nla-lean-tools/.tools/comparator/.lake/build/bin/comparator comparator.json
verify (MI-19, matrix-inequalities-and-norms/MI-19/lean)	UNKNOWN STEP	2026-09-12T15:52:23.8805758Z Log: /home/runner/work/_temp/nla-lean-tools/logs/verify-20260912T155027Z-3941/comparator.log
verify (MI-19, matrix-inequalities-and-norms/MI-19/lean)	UNKNOWN STEP	2026-09-12T15:52:24.4942858Z Building Challenge
verify (MI-19, matrix-inequalities-and-norms/MI-19/lean)	UNKNOWN STEP	2026-09-12T15:52:27.4407526Z ✔ [2157/2159] Built NLA.MI19.Definitions (1.5s)
verify (MI-19, matrix-inequalities-and-norms/MI-19/lean)	UNKNOWN STEP	2026-09-12T15:52:28.7420032Z ⚠ [2158/2159] Built Challenge (1.3s)
verify (MI-19, matrix-inequalities-and-norms/MI-19/lean)	UNKNOWN STEP	2026-09-12T15:52:28.7420768Z warning: Challenge.lean:10:8: declaration uses `sorry`
verify (MI-19, matrix-inequalities-and-norms/MI-19/lean)	UNKNOWN STEP	2026-09-12T15:52:28.7421416Z warning: Challenge.lean:22:8: declaration uses `sorry`
verify (MI-19, matrix-inequalities-and-norms/MI-19/lean)	UNKNOWN STEP	2026-09-12T15:52:28.7474223Z Build completed successfully (2159 jobs).
verify (MI-19, matrix-inequalities-and-norms/MI-19/lean)	UNKNOWN STEP	2026-09-12T15:52:31.4342044Z Exporting #[Quot, Quot.mk, Quot.lift, Quot.ind, NLA.MI19.counterexample, NLA.MI19.not_subsetConjecture, propext, Classical.choice, Quot.sound, Nat.add, Nat.sub, Nat.mul, Nat.pow, Nat.gcd, Nat.div, Nat.mod, Nat.beq, Nat.ble, Nat.land, Nat.lor, Nat.xor, Nat.shiftLeft, Nat.shiftRight, String.ofList, Char.ofNat, List, eagerReduce, Nat, String, String.mk, Char, optParam, autoParam, semiOutParam, outParam] from Challenge
verify (MI-19, matrix-inequalities-and-norms/MI-19/lean)	UNKNOWN STEP	2026-09-12T15:52:31.4343958Z Building Solution
verify (MI-19, matrix-inequalities-and-norms/MI-19/lean)	UNKNOWN STEP	2026-09-12T15:52:36.0910195Z ✔ [2792/2825] Built LeanCert.Core.Interval (3.2s)
verify (MI-19, matrix-inequalities-and-norms/MI-19/lean)	UNKNOWN STEP	2026-09-12T15:52:36.5044346Z ✔ [2793/2825] Built LeanCert.Core.DerivativeIntervals (3.5s)
verify (MI-19, matrix-inequalities-and-norms/MI-19/lean)	UNKNOWN STEP	2026-09-12T15:52:38.2069777Z ✔ [2794/2832] Built LeanCert.Contrib.Sinc (5.2s)
verify (MI-19, matrix-inequalities-and-norms/MI-19/lean)	UNKNOWN STEP	2026-09-12T15:52:38.5069253Z ✔ [2795/2832] Built LeanCert.Core.Expr (5.5s)
verify (MI-19, matrix-inequalities-and-norms/MI-19/lean)	UNKNOWN STEP	2026-09-12T15:52:43.4177063Z ✔ [2796/2836] Built LeanCert.Tactic.Verification (4.9s)
verify (MI-19, matrix-inequalities-and-norms/MI-19/lean)	UNKNOWN STEP	2026-09-12T15:52:43.5174624Z ✔ [2797/2836] Built LeanCert.Core.Dyadic (5.4s)
verify (MI-19, matrix-inequalities-and-norms/MI-19/lean)	UNKNOWN STEP	2026-09-12T15:52:45.0185703Z ✔ [2798/2836] Built LeanCert.Core.Taylor (8.5s)
verify (MI-19, matrix-inequalities-and-norms/MI-19/lean)	UNKNOWN STEP	2026-09-12T15:52:45.5187065Z ✔ [2799/2837] Built LeanCert.Core.IntervalRat.Basic (9.4s)
verify (MI-19, matrix-inequalities-and-norms/MI-19/lean)	UNKNOWN STEP	2026-09-12T15:52:46.9214827Z ✔ [2800/2837] Built LeanCert.Core.Support (3.4s)
verify (MI-19, matrix-inequalities-and-norms/MI-19/lean)	UNKNOWN STEP	2026-09-12T15:52:48.0213911Z ✔ [2801/2837] Built LeanCert.Core.IntervalRat.LogReduction (4.6s)
verify (MI-19, matrix-inequalities-and-norms/MI-19/lean)	UNKNOWN STEP	2026-09-12T15:52:48.2222126Z ✔ [2802/2837] Built LeanCert.Tactic.LeanCert.Bridge.Environment (2.6s)
verify (MI-19, matrix-inequalities-and-norms/MI-19/lean)	UNKNOWN STEP	2026-09-12T15:52:48.6223716Z ✔ [2803/2837] Built LeanCert.Meta.Numeral (3.6s)
verify (MI-19, matrix-inequalities-and-norms/MI-19/lean)	UNKNOWN STEP	2026-09-12T15:52:49.6240172Z ✔ [2804/2837] Built LeanCert.Engine.Eval.Result (2.7s)
verify (MI-19, matrix-inequalities-and-norms/MI-19/lean)	UNKNOWN STEP	2026-09-12T15:52:50.1241697Z ✔ [2805/2837] Built LeanCert.Tactic.NumericalRefinement (529ms)
verify (MI-19, matrix-inequalities-and-norms/MI-19/lean)	UNKNOWN STEP	2026-09-12T15:52:50.9265069Z ✔ [2806/2837] Built LeanCert.Core.TrigReduction (2.9s)
verify (MI-19, matrix-inequalities-and-norms/MI-19/lean)	UNKNOWN STEP	2026-09-12T15:52:52.0281938Z ✔ [2807/2837] Built LeanCert.Tactic.IntervalAuto.Types (3.4s)
verify (MI-19, matrix-inequalities-and-norms/MI-19/lean)	UNKNOWN STEP	2026-09-12T15:52:52.7301297Z ✔ [2808/2837] Built LeanCert.Core.IntervalRat.Transcendental (4.5s)
verify (MI-19, matrix-inequalities-and-norms/MI-19/lean)	UNKNOWN STEP	2026-09-12T15:52:54.4325437Z ✔ [2809/2942] Built LeanCert.Tactic.IntervalAuto.Extract (3.5s)
verify (MI-19, matrix-inequalities-and-norms/MI-19/lean)	UNKNOWN STEP	2026-09-12T15:52:57.3594857Z ✔ [2863/2944] Built LeanCert.Tactic.IntervalAuto.Norm (4.6s)
verify (MI-19, matrix-inequalities-and-norms/MI-19/lean)	UNKNOWN STEP	2026-09-12T15:52:57.8607007Z ✔ [2865/2948] Built LeanCert.Meta.ToExpr (5.8s)
verify (MI-19, matrix-inequalities-and-norms/MI-19/lean)	UNKNOWN STEP	2026-09-12T15:52:58.8633988Z ✔ [2866/2948] Built LeanCert.Tactic.VecUtil (4.4s)
verify (MI-19, matrix-inequalities-and-norms/MI-19/lean)	UNKNOWN STEP	2026-09-12T15:53:01.8686978Z ✔ [2867/2948] Built LeanCert.Tactic.FinsetParse (4.5s)
verify (MI-19, matrix-inequalities-and-norms/MI-19/lean)	UNKNOWN STEP	2026-09-12T15:53:03.3699290Z ✔ [2868/2948] Built LeanCert.Tactic.LeanCert.Normalize (4.5s)
verify (MI-19, matrix-inequalities-and-norms/MI-19/lean)	UNKNOWN STEP	2026-09-12T15:53:03.9710390Z ✔ [2869/2994] Built LeanCert.Tactic.BridgeNative (2.1s)
verify (MI-19, matrix-inequalities-and-norms/MI-19/lean)	UNKNOWN STEP	2026-09-12T15:53:04.8706265Z ✔ [3523/3603] Built LeanCert.Tactic.IntervalAuto.Parse (7.0s)
verify (MI-19, matrix-inequalities-and-norms/MI-19/lean)	UNKNOWN STEP	2026-09-12T15:53:05.6712620Z ✔ [3524/3605] Built LeanCert.Tactic.FinSumExpand (2.3s)
verify (MI-19, matrix-inequalities-and-norms/MI-19/lean)	UNKNOWN STEP	2026-09-12T15:53:07.0730257Z ✔ [3525/3607] Built LeanCert.Validity.Eventual (2.7s)
verify (MI-19, matrix-inequalities-and-norms/MI-19/lean)	UNKNOWN STEP	2026-09-12T15:53:07.1722604Z ✔ [3526/3609] Built LeanCert.Tactic.LeanCert.Semantic.Domain (1.5s)
verify (MI-19, matrix-inequalities-and-norms/MI-19/lean)	UNKNOWN STEP	2026-09-12T15:53:07.6725149Z ✔ [3527/3612] Built LeanCert.Tactic.IntervalAuto.Diagnostic (2.8s)
verify (MI-19, matrix-inequalities-and-norms/MI-19/lean)	UNKNOWN STEP	2026-09-12T15:53:08.7764772Z ✔ [3528/3612] Built LeanCert.Tactic.LeanCert.Semantic.Goal (1.6s)
verify (MI-19, matrix-inequalities-and-norms/MI-19/lean)	UNKNOWN STEP	2026-09-12T15:53:09.1772070Z ✔ [3529/3616] Built LeanCert.Tactic.VecSimp (1.6s)
verify (MI-19, matrix-inequalities-and-norms/MI-19/lean)	UNKNOWN STEP	2026-09-12T15:53:09.3780395Z ✔ [3530/3617] Built LeanCert.Core.IntervalRat.Taylor (19s)
verify (MI-19, matrix-inequalities-and-norms/MI-19/lean)	UNKNOWN STEP	2026-09-12T15:53:09.9773975Z ✔ [3531/3617] Built LeanCert.Tactic.LeanCert.Semantic.Parse.Comparison (1.2s)
verify (MI-19, matrix-inequalities-and-norms/MI-19/lean)	UNKNOWN STEP	2026-09-12T15:53:11.5813647Z ✔ [3532/3620] Built LeanCert.Core.IntervalReal (2.3s)
verify (MI-19, matrix-inequalities-and-norms/MI-19/lean)	UNKNOWN STEP	2026-09-12T15:53:11.5817202Z ✔ [3533/3620] Built LeanCert.Tactic.EventualBound (4.5s)
verify (MI-19, matrix-inequalities-and-norms/MI-19/lean)	UNKNOWN STEP	2026-09-12T15:53:11.7830529Z ✔ [3534/3620] Built LeanCert.Tactic.Extension.Protocol (2.5s)
verify (MI-19, matrix-inequalities-and-norms/MI-19/lean)	UNKNOWN STEP	2026-09-12T15:53:12.6816017Z ✔ [3535/3620] Built LeanCert.Core.IntervalRat.TrigReduced (2.7s)
verify (MI-19, matrix-inequalities-and-norms/MI-19/lean)	UNKNOWN STEP	2026-09-12T15:53:14.4913352Z ✔ [3536/3620] Built LeanCert.Tactic.LeanCert.Semantic.Parse.Bound (2.8s)
verify (MI-19, matrix-inequalities-and-norms/MI-19/lean)	UNKNOWN STEP	2026-09-12T15:53:14.4918192Z ✔ [3537/3620] Built LeanCert.Tactic.LeanCert.Diagnostic.Evidence (2.9s)
verify (MI-19, matrix-inequalities-and-norms/MI-19/lean)	UNKNOWN STEP	2026-09-12T15:53:17.0994236Z ✔ [3538/3620] Built LeanCert.Tactic.LeanCert.Config (2.6s)
verify (MI-19, matrix-inequalities-and-norms/MI-19/lean)	UNKNOWN STEP	2026-09-12T15:53:18.6159813Z ✔ [3539/3620] Built LeanCert.Engine.Affine.Basic (6.9s)
verify (MI-19, matrix-inequalities-and-norms/MI-19/lean)	UNKNOWN STEP	2026-09-12T15:53:20.2177965Z ✔ [3540/3624] Built LeanCert.Core.IntervalRealEndpoints (5.8s)
verify (MI-19, matrix-inequalities-and-norms/MI-19/lean)	UNKNOWN STEP	2026-09-12T15:53:20.6173600Z ✔ [3541/3625] Built LeanCert.Core.IntervalDyadic (7.9s)
verify (MI-19, matrix-inequalities-and-norms/MI-19/lean)	UNKNOWN STEP	2026-09-12T15:53:21.2186464Z ✔ [3543/3625] Built LeanCert.Tactic.Extension.Registry (4.2s)
verify (MI-19, matrix-inequalities-and-norms/MI-19/lean)	UNKNOWN STEP	2026-09-12T15:53:24.1265880Z ✔ [3544/3633] Built LeanCert.Engine.Affine.Nonlinear (5.5s)
verify (MI-19, matrix-inequalities-and-norms/MI-19/lean)	UNKNOWN STEP	2026-09-12T15:53:26.0387421Z ✔ [3545/3635] Built LeanCert.Core.DyadicCell (5.4s)
verify (MI-19, matrix-inequalities-and-norms/MI-19/lean)	UNKNOWN STEP	2026-09-12T15:53:26.9690808Z ✔ [3547/3640] Built LeanCert.Engine.Algebra.QPoly (5.7s)
verify (MI-19, matrix-inequalities-and-norms/MI-19/lean)	UNKNOWN STEP	2026-09-12T15:53:27.7688297Z ✔ [3548/3640] Built LeanCert.Engine.FloatEval (3.6s)
verify (MI-19, matrix-inequalities-and-norms/MI-19/lean)	UNKNOWN STEP	2026-09-12T15:53:28.2689534Z ✔ [3549/3640] Built LeanCert.Engine.Eval.Core (8.1s)
verify (MI-19, matrix-inequalities-and-norms/MI-19/lean)	UNKNOWN STEP	2026-09-12T15:53:28.9694260Z ✔ [3550/3640] Built LeanCert.Core.DyadicFrontier (2.8s)
verify (MI-19, matrix-inequalities-and-norms/MI-19/lean)	UNKNOWN STEP	2026-09-12T15:53:29.3701967Z ✔ [3551/3640] Built LeanCert.Tactic.Extension.Command (2.4s)
verify (MI-19, matrix-inequalities-and-norms/MI-19/lean)	UNKNOWN STEP	2026-09-12T15:53:30.3732161Z ✔ [3552/3640] Built LeanCert.Engine.Algebra.QPolyIntegral (2.6s)
verify (MI-19, matrix-inequalities-and-norms/MI-19/lean)	UNKNOWN STEP	2026-09-12T15:53:31.2738118Z ✔ [3553/3640] Built LeanCert.Tactic.Extension (1.0s)
verify (MI-19, matrix-inequalities-and-norms/MI-19/lean)	UNKNOWN STEP	2026-09-12T15:53:31.3740189Z ✔ [3554/3640] Built LeanCert.Engine.Eval.Extended (3.1s)
verify (MI-19, matrix-inequalities-and-norms/MI-19/lean)	UNKNOWN STEP	2026-09-12T15:53:32.9787275Z ✔ [3555/3640] Built LeanCert.Engine.Bounds.Lemmas (1.7s)
verify (MI-19, matrix-inequalities-and-norms/MI-19/lean)	UNKNOWN STEP	2026-09-12T15:53:34.4811690Z ✔ [3556/3640] Built LeanCert.Engine.IntervalEval (1.5s)
verify (MI-19, matrix-inequalities-and-norms/MI-19/lean)	UNKNOWN STEP	2026-09-12T15:53:37.2005096Z ✔ [3557/3640] Built LeanCert.Validity.Bounds.Checked (2.8s)
verify (MI-19, matrix-inequalities-and-norms/MI-19/lean)	UNKNOWN STEP	2026-09-12T15:53:37.7017382Z ✔ [3558/3640] Built LeanCert.Validity.Bounds.Core (3.2s)
verify (MI-19, matrix-inequalities-and-norms/MI-19/lean)	UNKNOWN STEP	2026-09-12T15:53:38.3017228Z ✔ [3559/3640] Built LeanCert.Engine.Affine.Transcendental (3.8s)
verify (MI-19, matrix-inequalities-and-norms/MI-19/lean)	UNKNOWN STEP	2026-09-12T15:53:41.9117492Z ✔ [3560/3640] Built LeanCert.Engine.Optimization.Box (4.1s)
verify (MI-19, matrix-inequalities-and-norms/MI-19/lean)	UNKNOWN STEP	2026-09-12T15:53:42.0114288Z ✔ [3561/3640] Built LeanCert.Engine.IntervalEvalDyadic (7.5s)
verify (MI-19, matrix-inequalities-and-norms/MI-19/lean)	UNKNOWN STEP	2026-09-12T15:53:42.7129638Z ✔ [3562/3640] Built LeanCert.Engine.RootFinding.Basic (5.5s)
verify (MI-19, matrix-inequalities-and-norms/MI-19/lean)	UNKNOWN STEP	2026-09-12T15:53:44.7165957Z ✔ [3563/3640] Built LeanCert.Engine.AD.Basic (2.7s)
verify (MI-19, matrix-inequalities-and-norms/MI-19/lean)	UNKNOWN STEP	2026-09-12T15:53:44.9165198Z ✔ [3564/3640] Built LeanCert.Engine.Integrate (6.6s)
verify (MI-19, matrix-inequalities-and-norms/MI-19/lean)	UNKNOWN STEP	2026-09-12T15:53:49.0297189Z ✔ [3565/3640] Built LeanCert.Engine.Search.Heuristic (4.3s)
verify (MI-19, matrix-inequalities-and-norms/MI-19/lean)	UNKNOWN STEP	2026-09-12T15:53:49.2296348Z ✔ [3566/3640] Built LeanCert.Engine.IntervalEvalAffine (6.5s)
verify (MI-19, matrix-inequalities-and-norms/MI-19/lean)	UNKNOWN STEP	2026-09-12T15:53:50.5307174Z ✔ [3567/3640] Built LeanCert.Engine.FinSumDyadic (5.6s)
verify (MI-19, matrix-inequalities-and-norms/MI-19/lean)	UNKNOWN STEP	2026-09-12T15:53:51.6522595Z ✔ [3568/3640] Built LeanCert.Engine.TaylorModel.Core (9.8s)
verify (MI-19, matrix-inequalities-and-norms/MI-19/lean)	UNKNOWN STEP	2026-09-12T15:53:52.6546313Z ✔ [3569/3640] Built LeanCert.Validity.DyadicBounds (3.6s)
verify (MI-19, matrix-inequalities-and-norms/MI-19/lean)	UNKNOWN STEP	2026-09-12T15:53:54.4561944Z ✔ [3570/3640] Built LeanCert.Engine.RootFinding.Bisection (5.3s)
verify (MI-19, matrix-inequalities-and-norms/MI-19/lean)	UNKNOWN STEP	2026-09-12T15:53:54.8572903Z ✔ [3571/3640] Built LeanCert.Engine.AD.Transcendental (4.3s)
verify (MI-19, matrix-inequalities-and-norms/MI-19/lean)	UNKNOWN STEP	2026-09-12T15:53:55.6588055Z ✔ [3572/3640] Built LeanCert.Engine.Affine.Environment (4.0s)
verify (MI-19, matrix-inequalities-and-norms/MI-19/lean)	UNKNOWN STEP	2026-09-12T15:53:55.9587370Z ✔ [3573/3640] Built LeanCert.Engine.WitnessSum (3.3s)
verify (MI-19, matrix-inequalities-and-norms/MI-19/lean)	UNKNOWN STEP	2026-09-12T15:53:57.4605492Z ✔ [3574/3640] Built LeanCert.Engine.TaylorModel.Special (2.6s)
verify (MI-19, matrix-inequalities-and-norms/MI-19/lean)	UNKNOWN STEP	2026-09-12T15:53:57.8610212Z ✔ [3575/3640] Built LeanCert.Engine.TaylorModel.Integral (3.4s)
verify (MI-19, matrix-inequalities-and-norms/MI-19/lean)	UNKNOWN STEP	2026-09-12T15:54:02.5767310Z ✔ [3576/3640] Built LeanCert.Engine.AD.Eval (4.7s)
verify (MI-19, matrix-inequalities-and-norms/MI-19/lean)	UNKNOWN STEP	2026-09-12T15:54:04.9840376Z ✔ [3577/3640] Built LeanCert.Engine.TaylorModel.ExpLog (9.1s)
verify (MI-19, matrix-inequalities-and-norms/MI-19/lean)	UNKNOWN STEP	2026-09-12T15:54:07.5871468Z ✔ [3578/3640] Built LeanCert.Engine.AD.Correctness (5.1s)
verify (MI-19, matrix-inequalities-and-norms/MI-19/lean)	UNKNOWN STEP	2026-09-12T15:54:08.9951678Z ✔ [3579/3640] Built LeanCert.Engine.TaylorModel.Trig (11s)
verify (MI-19, matrix-inequalities-and-norms/MI-19/lean)	UNKNOWN STEP	2026-09-12T15:54:09.0960446Z ✔ [3580/3640] Built LeanCert.Engine.TaylorModel.Hyperbolic (13s)
verify (MI-19, matrix-inequalities-and-norms/MI-19/lean)	UNKNOWN STEP	2026-09-12T15:54:11.1041860Z ✔ [3581/3640] Built LeanCert.Engine.AD.Computable (3.4s)
verify (MI-19, matrix-inequalities-and-norms/MI-19/lean)	UNKNOWN STEP	2026-09-12T15:54:11.4061770Z ✔ [3582/3640] Built LeanCert.Engine.TaylorModel.Functions (2.3s)
verify (MI-19, matrix-inequalities-and-norms/MI-19/lean)	UNKNOWN STEP	2026-09-12T15:54:13.3111227Z ✔ [3583/3640] Built LeanCert.Engine.AD.PartialCorrectness (5.7s)
verify (MI-19, matrix-inequalities-and-norms/MI-19/lean)	UNKNOWN STEP	2026-09-12T15:54:14.3149936Z ✔ [3584/3640] Built LeanCert.Engine.AD.DomainChecked (3.3s)
verify (MI-19, matrix-inequalities-and-norms/MI-19/lean)	UNKNOWN STEP	2026-09-12T15:54:15.1155273Z ✔ [3585/3640] Built LeanCert.Engine.TaylorModel.Expr (3.7s)
verify (MI-19, matrix-inequalities-and-norms/MI-19/lean)	UNKNOWN STEP	2026-09-12T15:54:16.9230241Z ✔ [3586/3640] Built LeanCert.Engine.TaylorModel (1.8s)
verify (MI-19, matrix-inequalities-and-norms/MI-19/lean)	UNKNOWN STEP	2026-09-12T15:54:17.3216000Z ✔ [3587/3640] Built LeanCert.Engine.AD.Dyadic (2.0s)
verify (MI-19, matrix-inequalities-and-norms/MI-19/lean)	UNKNOWN STEP	2026-09-12T15:54:18.8269962Z ✔ [3588/3640] Built LeanCert.Engine.AD (1.5s)
verify (MI-19, matrix-inequalities-and-norms/MI-19/lean)	UNKNOWN STEP	2026-09-12T15:54:22.2374920Z ✔ [3589/3640] Built LeanCert.Validity.Bounds.Smart (3.4s)
verify (MI-19, matrix-inequalities-and-norms/MI-19/lean)	UNKNOWN STEP	2026-09-12T15:54:22.6424428Z ✔ [3590/3640] Built LeanCert.Meta.ProveSupported (3.9s)
verify (MI-19, matrix-inequalities-and-norms/MI-19/lean)	UNKNOWN STEP	2026-09-12T15:54:22.9444826Z ✔ [3591/3640] Built LeanCert.Engine.IntervalEvalRefined (4.2s)
verify (MI-19, matrix-inequalities-and-norms/MI-19/lean)	UNKNOWN STEP	2026-09-12T15:54:25.0494083Z ✔ [3592/3640] Built LeanCert.Engine.Optimize (6.3s)
verify (MI-19, matrix-inequalities-and-norms/MI-19/lean)	UNKNOWN STEP	2026-09-12T15:54:25.2499679Z ✔ [3593/3640] Built LeanCert.Validity.Bounds.Bridge (3.0s)
verify (MI-19, matrix-inequalities-and-norms/MI-19/lean)	UNKNOWN STEP	2026-09-12T15:54:27.0560744Z ✔ [3594/3640] Built LeanCert.Meta.ProveContinuous (4.5s)
verify (MI-19, matrix-inequalities-and-norms/MI-19/lean)	UNKNOWN STEP	2026-09-12T15:54:28.3591697Z ✔ [3595/3640] Built LeanCert.Tactic.IntervalAuto.ProveCommon (5.5s)
verify (MI-19, matrix-inequalities-and-norms/MI-19/lean)	UNKNOWN STEP	2026-09-12T15:54:29.8654746Z ✔ [3596/3640] Built LeanCert.Validity.Bounds.Basic (2.8s)
verify (MI-19, matrix-inequalities-and-norms/MI-19/lean)	UNKNOWN STEP	2026-09-12T15:54:30.2667794Z ✔ [3597/3640] Built LeanCert.Engine.RootFinding.Newton (5.1s)
verify (MI-19, matrix-inequalities-and-norms/MI-19/lean)	UNKNOWN STEP	2026-09-12T15:54:31.2675900Z ✔ [3598/3640] Built LeanCert.Engine.Optimization.Gradient (6.2s)
verify (MI-19, matrix-inequalities-and-norms/MI-19/lean)	UNKNOWN STEP	2026-09-12T15:54:32.8684669Z ✔ [3599/3640] Built LeanCert.Tactic.LeanCert.Bridge.ReifiedFunction (2.0s)
verify (MI-19, matrix-inequalities-and-norms/MI-19/lean)	UNKNOWN STEP	2026-09-12T15:54:33.4690927Z ✔ [3600/3640] Built LeanCert.Tactic.IntervalAuto.Basic (3.1s)
verify (MI-19, matrix-inequalities-and-norms/MI-19/lean)	UNKNOWN STEP	2026-09-12T15:54:34.4696072Z ✔ [3601/3640] Built LeanCert.Validity.Integration (6.1s)
verify (MI-19, matrix-inequalities-and-norms/MI-19/lean)	UNKNOWN STEP	2026-09-12T15:54:40.5184788Z ✔ [3602/3640] Built LeanCert.Engine.RootFinding.MVTBounds (9.3s)
verify (MI-19, matrix-inequalities-and-norms/MI-19/lean)	UNKNOWN STEP	2026-09-12T15:54:41.1229784Z ✔ [3603/3640] Built LeanCert.Engine.RootFinding.Krawczyk (7.7s)
verify (MI-19, matrix-inequalities-and-norms/MI-19/lean)	UNKNOWN STEP	2026-09-12T15:54:41.6231850Z ✔ [3604/3640] Built LeanCert.Tactic.LeanCert.Semantic.Prepare (7.1s)
verify (MI-19, matrix-inequalities-and-norms/MI-19/lean)	UNKNOWN STEP	2026-09-12T15:54:47.6325703Z ✔ [3605/3640] Built LeanCert.Engine.RootFinding.KrawczykCandidate (6.0s)
verify (MI-19, matrix-inequalities-and-norms/MI-19/lean)	UNKNOWN STEP	2026-09-12T15:54:48.5331394Z ✔ [3606/3640] Built LeanCert.Engine.RootFinding.Contraction (7.4s)
verify (MI-19, matrix-inequalities-and-norms/MI-19/lean)	UNKNOWN STEP	2026-09-12T15:54:49.6339100Z ✔ [3607/3640] Built LeanCert.Tactic.LeanCert.Integral (9.1s)
verify (MI-19, matrix-inequalities-and-norms/MI-19/lean)	UNKNOWN STEP	2026-09-12T15:54:50.3342716Z ✔ [3608/3640] Built LeanCert.Validity.Krawczyk (2.7s)
verify (MI-19, matrix-inequalities-and-norms/MI-19/lean)	UNKNOWN STEP	2026-09-12T15:54:53.0514251Z ✔ [3609/3640] Built LeanCert.Engine.RootFinding.Main (2.8s)
verify (MI-19, matrix-inequalities-and-norms/MI-19/lean)	UNKNOWN STEP	2026-09-12T15:54:54.8566600Z ✔ [3610/3640] Built LeanCert.Tactic.LeanCert.Solver.Protocol (5.2s)
verify (MI-19, matrix-inequalities-and-norms/MI-19/lean)	UNKNOWN STEP	2026-09-12T15:54:55.2571035Z ✔ [3611/3640] Built LeanCert.Tactic.Extension.Execute (6.7s)
verify (MI-19, matrix-inequalities-and-norms/MI-19/lean)	UNKNOWN STEP	2026-09-12T15:54:55.3590206Z ✔ [3612/3640] Built LeanCert.Engine.Optimization.Global (22s)
verify (MI-19, matrix-inequalities-and-norms/MI-19/lean)	UNKNOWN STEP	2026-09-12T15:54:58.2649155Z ✔ [3613/3640] Built LeanCert.Engine.Optimization.Guided (2.9s)
verify (MI-19, matrix-inequalities-and-norms/MI-19/lean)	UNKNOWN STEP	2026-09-12T15:54:58.3646529Z ✔ [3614/3640] Built LeanCert.Tactic.LeanCert.Diagnostic.Render (3.5s)
verify (MI-19, matrix-inequalities-and-norms/MI-19/lean)	UNKNOWN STEP	2026-09-12T15:54:58.7647049Z ✔ [3615/3640] Built LeanCert.Tactic.Enclosure (3.4s)
verify (MI-19, matrix-inequalities-and-norms/MI-19/lean)	UNKNOWN STEP	2026-09-12T15:55:01.5744274Z ✔ [3616/3640] Built LeanCert.Engine.Search.CounterExample (3.3s)
verify (MI-19, matrix-inequalities-and-norms/MI-19/lean)	UNKNOWN STEP	2026-09-12T15:55:01.9748891Z ✔ [3617/3640] Built LeanCert.Validity.Types (3.7s)
verify (MI-19, matrix-inequalities-and-norms/MI-19/lean)	UNKNOWN STEP	2026-09-12T15:55:02.1770458Z ✔ [3618/3640] Built LeanCert.Validity.Bounds (6.8s)
verify (MI-19, matrix-inequalities-and-norms/MI-19/lean)	UNKNOWN STEP	2026-09-12T15:55:02.1772136Z ✔ [3619/3640] Built LeanCert.Engine.Optimization.BoundVerify (3.5s)
verify (MI-19, matrix-inequalities-and-norms/MI-19/lean)	UNKNOWN STEP	2026-09-12T15:55:05.2927472Z ✔ [3620/3640] Built LeanCert.Discovery.Find (3.1s)
verify (MI-19, matrix-inequalities-and-norms/MI-19/lean)	UNKNOWN STEP	2026-09-12T15:55:05.7943141Z ✔ [3621/3640] Built LeanCert.Tactic.IntervalAuto.OptBound (3.6s)
verify (MI-19, matrix-inequalities-and-norms/MI-19/lean)	UNKNOWN STEP	2026-09-12T15:55:05.8945186Z ✔ [3622/3640] Built LeanCert.Tactic.IntervalAuto.RootBound (3.6s)
verify (MI-19, matrix-inequalities-and-norms/MI-19/lean)	UNKNOWN STEP	2026-09-12T15:55:07.3965769Z ✔ [3623/3640] Built LeanCert.Tactic.IntervalAuto.Multivariate (5.2s)
verify (MI-19, matrix-inequalities-and-norms/MI-19/lean)	UNKNOWN STEP	2026-09-12T15:55:16.6072984Z ✔ [3624/3640] Built LeanCert.Tactic.IntervalAuto.Bound (11s)
verify (MI-19, matrix-inequalities-and-norms/MI-19/lean)	UNKNOWN STEP	2026-09-12T15:55:21.4166506Z ✔ [3625/3640] Built LeanCert.Tactic.IntervalAuto.Subdiv (4.9s)
verify (MI-19, matrix-inequalities-and-norms/MI-19/lean)	UNKNOWN STEP	2026-09-12T15:55:22.9183712Z ✔ [3626/3640] Built LeanCert.Tactic.IntervalAuto.Adaptive (6.3s)
verify (MI-19, matrix-inequalities-and-norms/MI-19/lean)	UNKNOWN STEP	2026-09-12T15:55:23.7192774Z ✔ [3627/3640] Built LeanCert.Tactic.IntervalAuto.PointIneq (7.2s)
verify (MI-19, matrix-inequalities-and-norms/MI-19/lean)	UNKNOWN STEP	2026-09-12T15:55:25.6215308Z ✔ [3628/3640] Built LeanCert.Tactic.IntervalAuto (1.9s)
verify (MI-19, matrix-inequalities-and-norms/MI-19/lean)	UNKNOWN STEP	2026-09-12T15:55:29.0271078Z ✔ [3629/3640] Built LeanCert.Tactic.Refute (3.4s)
verify (MI-19, matrix-inequalities-and-norms/MI-19/lean)	UNKNOWN STEP	2026-09-12T15:55:29.9289440Z ✔ [3630/3640] Built LeanCert.Tactic.FinSumWitness (4.3s)
verify (MI-19, matrix-inequalities-and-norms/MI-19/lean)	UNKNOWN STEP	2026-09-12T15:55:33.3359223Z ✔ [3631/3640] Built LeanCert.Tactic.FinSumBound (3.5s)
verify (MI-19, matrix-inequalities-and-norms/MI-19/lean)	UNKNOWN STEP	2026-09-12T15:55:35.8387994Z ✔ [3632/3640] Built LeanCert.Tactic.LeanCert.Semantic.Parse (2.5s)
verify (MI-19, matrix-inequalities-and-norms/MI-19/lean)	UNKNOWN STEP	2026-09-12T15:55:36.5395139Z ✔ [3633/3640] Built LeanCert.Tactic.Discovery (10s)
verify (MI-19, matrix-inequalities-and-norms/MI-19/lean)	UNKNOWN STEP	2026-09-12T15:55:38.4417883Z ✔ [3634/3640] Built LeanCert.Tactic.Krawczyk (2.6s)
verify (MI-19, matrix-inequalities-and-norms/MI-19/lean)	UNKNOWN STEP	2026-09-12T15:55:44.5494032Z ✔ [3635/3640] Built LeanCert.Tactic.LeanCert.Router (6.1s)
verify (MI-19, matrix-inequalities-and-norms/MI-19/lean)	UNKNOWN STEP	2026-09-12T15:55:46.5543279Z ✔ [3636/3640] Built LeanCert.Tactic.LeanCert (1.0s)
verify (MI-19, matrix-inequalities-and-norms/MI-19/lean)	UNKNOWN STEP	2026-09-12T15:55:48.5584798Z ✔ [3637/3640] Built LeanCert.Tactic (2.0s)
verify (MI-19, matrix-inequalities-and-norms/MI-19/lean)	UNKNOWN STEP	2026-09-12T15:55:53.5653279Z ℹ [3638/3640] Built NLA.MI19.Proof (5.0s)
verify (MI-19, matrix-inequalities-and-norms/MI-19/lean)	UNKNOWN STEP	2026-09-12T15:55:53.5653934Z info: NLA/MI19/Proof.lean:160:0: 'NLA.MI19.qPermanent_witness' depends on axioms: [propext, Classical.choice, Quot.sound]
verify (MI-19, matrix-inequalities-and-norms/MI-19/lean)	UNKNOWN STEP	2026-09-12T15:55:53.5654991Z info: NLA/MI19/Proof.lean:162:0: 'NLA.MI19.restrictedQPermanent_witness' depends on axioms: [propext, Classical.choice, Quot.sound]
verify (MI-19, matrix-inequalities-and-norms/MI-19/lean)	UNKNOWN STEP	2026-09-12T15:55:53.5655938Z info: NLA/MI19/Proof.lean:164:0: 'NLA.MI19.strict_scalar_gap' depends on axioms: [propext, Classical.choice, Quot.sound]
verify (MI-19, matrix-inequalities-and-norms/MI-19/lean)	UNKNOWN STEP	2026-09-12T15:55:53.5657334Z info: NLA/MI19/Proof.lean:166:0: 'NLA.MI19.counterexample_proved' depends on axioms: [propext, Classical.choice, Quot.sound]
verify (MI-19, matrix-inequalities-and-norms/MI-19/lean)	UNKNOWN STEP	2026-09-12T15:55:53.5658194Z info: NLA/MI19/Proof.lean:168:0: 'NLA.MI19.not_subsetConjecture_proved' depends on axioms: [propext, Classical.choice, Quot.sound]
verify (MI-19, matrix-inequalities-and-norms/MI-19/lean)	UNKNOWN STEP	2026-09-12T15:55:55.7677017Z ℹ [3639/3640] Built Solution (2.1s)
verify (MI-19, matrix-inequalities-and-norms/MI-19/lean)	UNKNOWN STEP	2026-09-12T15:55:55.7677609Z info: Solution.lean:31:0: 'NLA.MI19.counterexample' depends on axioms: [propext, Classical.choice, Quot.sound]
verify (MI-19, matrix-inequalities-and-norms/MI-19/lean)	UNKNOWN STEP	2026-09-12T15:55:55.7678275Z info: Solution.lean:33:0: 'NLA.MI19.not_subsetConjecture' depends on axioms: [propext, Classical.choice, Quot.sound]
verify (MI-19, matrix-inequalities-and-norms/MI-19/lean)	UNKNOWN STEP	2026-09-12T15:55:55.7803700Z Build completed successfully (3640 jobs).
verify (MI-19, matrix-inequalities-and-norms/MI-19/lean)	UNKNOWN STEP	2026-09-12T15:56:10.5964679Z Exporting #[Quot, Quot.mk, Quot.lift, Quot.ind, NLA.MI19.counterexample, NLA.MI19.not_subsetConjecture, propext, Classical.choice, Quot.sound, Nat.add, Nat.sub, Nat.mul, Nat.pow, Nat.gcd, Nat.div, Nat.mod, Nat.beq, Nat.ble, Nat.land, Nat.lor, Nat.xor, Nat.shiftLeft, Nat.shiftRight, String.ofList, Char.ofNat, List, eagerReduce, Nat, String, String.mk, Char, optParam, autoParam, semiOutParam, outParam] from Solution
verify (MI-19, matrix-inequalities-and-norms/MI-19/lean)	UNKNOWN STEP	2026-09-12T15:56:10.5968159Z Running Lean default kernel on solution.
verify (MI-19, matrix-inequalities-and-norms/MI-19/lean)	UNKNOWN STEP	2026-09-12T15:56:10.5968721Z Lean default kernel accepts the solution
verify (MI-19, matrix-inequalities-and-norms/MI-19/lean)	UNKNOWN STEP	2026-09-12T15:56:10.5969062Z Your solution is okay!
verify (MI-19, matrix-inequalities-and-norms/MI-19/lean)	UNKNOWN STEP	2026-09-12T15:56:13.9574910Z PASS: fresh Comparator run and all controls. Evidence: /home/runner/work/_temp/nla-lean-tools/logs/verify-20260912T155027Z-3941
verify (MI-19, matrix-inequalities-and-norms/MI-19/lean)	UNKNOWN STEP	2026-09-12T15:56:13.9732202Z Node 20 is being deprecated. This workflow is running with Node 24 by default. If you need to temporarily use Node 20, you can set the ACTIONS_ALLOW_USE_UNSECURE_NODE_VERSION=true environment variable. For more information see: https://github.blog/changelog/2025-09-19-deprecation-of-node-20-on-github-actions-runners/
verify (MI-19, matrix-inequalities-and-norms/MI-19/lean)	UNKNOWN STEP	2026-09-12T15:56:13.9733496Z ##[group]Run actions/upload-artifact@ea165f8d65b6e75b540449e92b4886f43607fa02
verify (MI-19, matrix-inequalities-and-norms/MI-19/lean)	UNKNOWN STEP	2026-09-12T15:56:13.9733861Z with:
verify (MI-19, matrix-inequalities-and-norms/MI-19/lean)	UNKNOWN STEP	2026-09-12T15:56:13.9734134Z   name: lean-MI-19
verify (MI-19, matrix-inequalities-and-norms/MI-19/lean)	UNKNOWN STEP	2026-09-12T15:56:13.9734389Z   path: /home/runner/work/_temp/nla-lean-tools/logs/
verify (MI-19, matrix-inequalities-and-norms/MI-19/lean)	UNKNOWN STEP	2026-09-12T15:56:13.9734683Z   if-no-files-found: warn
verify (MI-19, matrix-inequalities-and-norms/MI-19/lean)	UNKNOWN STEP	2026-09-12T15:56:13.9734945Z   compression-level: 6
verify (MI-19, matrix-inequalities-and-norms/MI-19/lean)	UNKNOWN STEP	2026-09-12T15:56:13.9735220Z   overwrite: false
verify (MI-19, matrix-inequalities-and-norms/MI-19/lean)	UNKNOWN STEP	2026-09-12T15:56:13.9735428Z   include-hidden-files: false
verify (MI-19, matrix-inequalities-and-norms/MI-19/lean)	UNKNOWN STEP	2026-09-12T15:56:13.9735649Z env:
verify (MI-19, matrix-inequalities-and-norms/MI-19/lean)	UNKNOWN STEP	2026-09-12T15:56:13.9735832Z   GOTOOLCHAIN: local
verify (MI-19, matrix-inequalities-and-norms/MI-19/lean)	UNKNOWN STEP	2026-09-12T15:56:13.9736073Z   XDG_RUNTIME_DIR: /run/user/1001
verify (MI-19, matrix-inequalities-and-norms/MI-19/lean)	UNKNOWN STEP	2026-09-12T15:56:13.9736585Z   DBUS_SESSION_BUS_ADDRESS: unix:path=/run/user/1001/bus
verify (MI-19, matrix-inequalities-and-norms/MI-19/lean)	UNKNOWN STEP	2026-09-12T15:56:13.9736869Z ##[endgroup]
verify (MI-19, matrix-inequalities-and-norms/MI-19/lean)	UNKNOWN STEP	2026-09-12T15:56:14.8717728Z (node:6984) [DEP0040] DeprecationWarning: The `punycode` module is deprecated. Please use a userland alternative instead.
verify (MI-19, matrix-inequalities-and-norms/MI-19/lean)	UNKNOWN STEP	2026-09-12T15:56:14.8718390Z (Use `node --trace-deprecation ...` to show where the warning was created)
verify (MI-19, matrix-inequalities-and-norms/MI-19/lean)	UNKNOWN STEP	2026-09-12T15:56:14.8812896Z With the provided path, there will be 13 files uploaded
verify (MI-19, matrix-inequalities-and-norms/MI-19/lean)	UNKNOWN STEP	2026-09-12T15:56:14.8817931Z Artifact name is valid!
verify (MI-19, matrix-inequalities-and-norms/MI-19/lean)	UNKNOWN STEP	2026-09-12T15:56:14.8818705Z Root directory input is valid!
verify (MI-19, matrix-inequalities-and-norms/MI-19/lean)	UNKNOWN STEP	2026-09-12T15:56:15.5477115Z Beginning upload of artifact content to blob storage
verify (MI-19, matrix-inequalities-and-norms/MI-19/lean)	UNKNOWN STEP	2026-09-12T15:56:15.6624594Z (node:6984) [DEP0169] DeprecationWarning: `url.parse()` behavior is not standardized and prone to errors that have security implications. Use the WHATWG URL API instead. CVEs are not issued for `url.parse()` vulnerabilities.
verify (MI-19, matrix-inequalities-and-norms/MI-19/lean)	UNKNOWN STEP	2026-09-12T15:56:16.0150215Z Uploaded bytes 15878
verify (MI-19, matrix-inequalities-and-norms/MI-19/lean)	UNKNOWN STEP	2026-09-12T15:56:16.0806852Z Finished uploading artifact content to blob storage!
verify (MI-19, matrix-inequalities-and-norms/MI-19/lean)	UNKNOWN STEP	2026-09-12T15:56:16.0807871Z SHA256 digest of uploaded artifact zip is bf7872acf3574fa91a7f464df0b871386fd27f67697b581ed40d78b12c55bd53
verify (MI-19, matrix-inequalities-and-norms/MI-19/lean)	UNKNOWN STEP	2026-09-12T15:56:16.0809691Z Finalizing artifact upload
verify (MI-19, matrix-inequalities-and-norms/MI-19/lean)	UNKNOWN STEP	2026-09-12T15:56:16.3078743Z Artifact lean-MI-19.zip successfully finalized. Artifact ID 10301476532
verify (MI-19, matrix-inequalities-and-norms/MI-19/lean)	UNKNOWN STEP	2026-09-12T15:56:16.3079743Z Artifact lean-MI-19 has been successfully uploaded! Final size is 15878 bytes. Artifact ID is 10301476532
verify (MI-19, matrix-inequalities-and-norms/MI-19/lean)	UNKNOWN STEP	2026-09-12T15:56:16.3085921Z Artifact download URL: https://github.com/sgstepaniants/OpenProblemsInNLA/actions/runs/34703363593/artifacts/10301476532
verify (MI-19, matrix-inequalities-and-norms/MI-19/lean)	UNKNOWN STEP	2026-09-12T15:56:16.5428093Z Post job cleanup.
verify (MI-19, matrix-inequalities-and-norms/MI-19/lean)	UNKNOWN STEP	2026-09-12T15:56:16.6677686Z Node 20 is being deprecated. This workflow is running with Node 24 by default. If you need to temporarily use Node 20, you can set the ACTIONS_ALLOW_USE_UNSECURE_NODE_VERSION=true environment variable. For more information see: https://github.blog/changelog/2025-09-19-deprecation-of-node-20-on-github-actions-runners/
verify (MI-19, matrix-inequalities-and-norms/MI-19/lean)	UNKNOWN STEP	2026-09-12T15:56:16.6679060Z Post job cleanup.
verify (MI-19, matrix-inequalities-and-norms/MI-19/lean)	UNKNOWN STEP	2026-09-12T15:56:16.7709409Z [command]/usr/bin/git version
verify (MI-19, matrix-inequalities-and-norms/MI-19/lean)	UNKNOWN STEP	2026-09-12T15:56:16.7735439Z git version 2.55.0
verify (MI-19, matrix-inequalities-and-norms/MI-19/lean)	UNKNOWN STEP	2026-09-12T15:56:16.7779168Z Temporarily overriding HOME='/home/runner/work/_temp/17a863d4-c44d-4632-893e-7e9e77de1065' before making global git config changes
verify (MI-19, matrix-inequalities-and-norms/MI-19/lean)	UNKNOWN STEP	2026-09-12T15:56:16.7780352Z Adding repository directory to the temporary git global config as a safe directory
verify (MI-19, matrix-inequalities-and-norms/MI-19/lean)	UNKNOWN STEP	2026-09-12T15:56:16.7786452Z [command]/usr/bin/git config --global --add safe.directory /home/runner/work/OpenProblemsInNLA/OpenProblemsInNLA
verify (MI-19, matrix-inequalities-and-norms/MI-19/lean)	UNKNOWN STEP	2026-09-12T15:56:16.7839401Z [command]/usr/bin/git config --local --name-only --get-regexp core\.sshCommand
verify (MI-19, matrix-inequalities-and-norms/MI-19/lean)	UNKNOWN STEP	2026-09-12T15:56:16.7913686Z [command]/usr/bin/git submodule foreach --recursive sh -c "git config --local --name-only --get-regexp 'core\.sshCommand' && git config --local --unset-all 'core.sshCommand' || :"
verify (MI-19, matrix-inequalities-and-norms/MI-19/lean)	UNKNOWN STEP	2026-09-12T15:56:16.8136997Z [command]/usr/bin/git config --local --name-only --get-regexp http\.https\:\/\/github\.com\/\.extraheader
verify (MI-19, matrix-inequalities-and-norms/MI-19/lean)	UNKNOWN STEP	2026-09-12T15:56:16.8170789Z [command]/usr/bin/git submodule foreach --recursive sh -c "git config --local --name-only --get-regexp 'http\.https\:\/\/github\.com\/\.extraheader' && git config --local --unset-all 'http.https://github.com/.extraheader' || :"
verify (MI-19, matrix-inequalities-and-norms/MI-19/lean)	UNKNOWN STEP	2026-09-12T15:56:16.8347607Z [command]/usr/bin/git config --local --name-only --get-regexp ^includeIf\.gitdir:
verify (MI-19, matrix-inequalities-and-norms/MI-19/lean)	UNKNOWN STEP	2026-09-12T15:56:16.8372876Z [command]/usr/bin/git submodule foreach --recursive git config --local --show-origin --name-only --get-regexp remote.origin.url
verify (MI-19, matrix-inequalities-and-norms/MI-19/lean)	UNKNOWN STEP	2026-09-12T15:56:16.8708923Z Cleaning up orphan processes
verify (MI-19, matrix-inequalities-and-norms/MI-19/lean)	UNKNOWN STEP	2026-09-12T15:56:17.0145580Z ##[warning]Node.js 20 is deprecated. The following actions target Node.js 20 but are being forced to run on Node.js 24: actions/checkout@11d5960a326750d5838078e36cf38b85af677262, actions/upload-artifact@ea165f8d65b6e75b540449e92b4886f43607fa02. For more information see: https://github.blog/changelog/2025-09-19-deprecation-of-node-20-on-github-actions-runners/
