select	Set up job	﻿2026-09-12T15:55:04.0711437Z Current runner version: '2.337.0'
select	Set up job	2026-09-12T15:55:04.0736943Z ##[group]Runner Image Provisioner
select	Set up job	2026-09-12T15:55:04.0737960Z Hosted Compute Agent
select	Set up job	2026-09-12T15:55:04.0738560Z Version: 20260828.587
select	Set up job	2026-09-12T15:55:04.0739198Z Commit: abac92662cab4cc7352de4f9f9d2e2419aad9c29
select	Set up job	2026-09-12T15:55:04.0740417Z Build Date: 2026-08-28T16:44:25Z
select	Set up job	2026-09-12T15:55:04.0741150Z Worker ID: {82a94d5b-8700-4b9e-99b5-cefa0c270ad5}
select	Set up job	2026-09-12T15:55:04.0741977Z Azure Region: westus3
select	Set up job	2026-09-12T15:55:04.0742562Z ##[endgroup]
select	Set up job	2026-09-12T15:55:04.0744178Z ##[group]Operating System
select	Set up job	2026-09-12T15:55:04.0744971Z Ubuntu
select	Set up job	2026-09-12T15:55:04.0745503Z 24.04.5
select	Set up job	2026-09-12T15:55:04.0746065Z LTS
select	Set up job	2026-09-12T15:55:04.0746605Z ##[endgroup]
select	Set up job	2026-09-12T15:55:04.0747159Z ##[group]Runner Image
select	Set up job	2026-09-12T15:55:04.0747848Z Image: ubuntu-24.04
select	Set up job	2026-09-12T15:55:04.0748425Z Version: 20260907.300.1
select	Set up job	2026-09-12T15:55:04.0749561Z Included Software: https://github.com/actions/runner-images/blob/ubuntu24/20260907.300/images/ubuntu/Ubuntu2404-Readme.md
select	Set up job	2026-09-12T15:55:04.0751507Z Image Release: https://github.com/actions/runner-images/releases/tag/ubuntu24%2F20260907.300
select	Set up job	2026-09-12T15:55:04.0752945Z ##[endgroup]
select	Set up job	2026-09-12T15:55:04.0754072Z ##[group]GITHUB_TOKEN Permissions
select	Set up job	2026-09-12T15:55:04.0756166Z Contents: read
select	Set up job	2026-09-12T15:55:04.0756862Z Metadata: read
select	Set up job	2026-09-12T15:55:04.0757517Z ##[endgroup]
select	Set up job	2026-09-12T15:55:04.0759572Z Secret source: Actions
select	Set up job	2026-09-12T15:55:04.0760783Z Cache mode: write
select	Set up job	2026-09-12T15:55:04.0761592Z Prepare workflow directory
select	Set up job	2026-09-12T15:55:04.1187148Z Prepare all required actions
select	Set up job	2026-09-12T15:55:04.1235067Z Getting action download info
select	Set up job	2026-09-12T15:55:04.4214241Z Download action repository 'actions/checkout@11d5960a326750d5838078e36cf38b85af677262' (SHA:11d5960a326750d5838078e36cf38b85af677262)
select	Set up job	2026-09-12T15:55:04.6249460Z Complete job name: select
select	Run actions/checkout@11d5960a326750d5838078e36cf38b85af677262	﻿2026-09-12T15:55:04.7145475Z Node 20 is being deprecated. This workflow is running with Node 24 by default. If you need to temporarily use Node 20, you can set the ACTIONS_ALLOW_USE_UNSECURE_NODE_VERSION=true environment variable. For more information see: https://github.blog/changelog/2025-09-19-deprecation-of-node-20-on-github-actions-runners/
select	Run actions/checkout@11d5960a326750d5838078e36cf38b85af677262	2026-09-12T15:55:04.7154995Z ##[group]Run actions/checkout@11d5960a326750d5838078e36cf38b85af677262
select	Run actions/checkout@11d5960a326750d5838078e36cf38b85af677262	2026-09-12T15:55:04.7155937Z with:
select	Run actions/checkout@11d5960a326750d5838078e36cf38b85af677262	2026-09-12T15:55:04.7156369Z   fetch-depth: 0
select	Run actions/checkout@11d5960a326750d5838078e36cf38b85af677262	2026-09-12T15:55:04.7156841Z   persist-credentials: false
select	Run actions/checkout@11d5960a326750d5838078e36cf38b85af677262	2026-09-12T15:55:04.7157406Z   repository: sgstepaniants/OpenProblemsInNLA
select	Run actions/checkout@11d5960a326750d5838078e36cf38b85af677262	2026-09-12T15:55:04.7161435Z   token: ***
select	Run actions/checkout@11d5960a326750d5838078e36cf38b85af677262	2026-09-12T15:55:04.7161876Z   ssh-strict: true
select	Run actions/checkout@11d5960a326750d5838078e36cf38b85af677262	2026-09-12T15:55:04.7162315Z   ssh-user: git
select	Run actions/checkout@11d5960a326750d5838078e36cf38b85af677262	2026-09-12T15:55:04.7162744Z   clean: true
select	Run actions/checkout@11d5960a326750d5838078e36cf38b85af677262	2026-09-12T15:55:04.7163202Z   sparse-checkout-cone-mode: true
select	Run actions/checkout@11d5960a326750d5838078e36cf38b85af677262	2026-09-12T15:55:04.7163732Z   fetch-tags: false
select	Run actions/checkout@11d5960a326750d5838078e36cf38b85af677262	2026-09-12T15:55:04.7164182Z   show-progress: true
select	Run actions/checkout@11d5960a326750d5838078e36cf38b85af677262	2026-09-12T15:55:04.7164637Z   lfs: false
select	Run actions/checkout@11d5960a326750d5838078e36cf38b85af677262	2026-09-12T15:55:04.7165102Z   submodules: false
select	Run actions/checkout@11d5960a326750d5838078e36cf38b85af677262	2026-09-12T15:55:04.7165548Z   set-safe-directory: true
select	Run actions/checkout@11d5960a326750d5838078e36cf38b85af677262	2026-09-12T15:55:04.7166055Z   allow-unsafe-pr-checkout: false
select	Run actions/checkout@11d5960a326750d5838078e36cf38b85af677262	2026-09-12T15:55:04.7166848Z ##[endgroup]
select	Run actions/checkout@11d5960a326750d5838078e36cf38b85af677262	2026-09-12T15:55:04.8177345Z Syncing repository: sgstepaniants/OpenProblemsInNLA
select	Run actions/checkout@11d5960a326750d5838078e36cf38b85af677262	2026-09-12T15:55:04.8180290Z ##[group]Getting Git version info
select	Run actions/checkout@11d5960a326750d5838078e36cf38b85af677262	2026-09-12T15:55:04.8181645Z Working directory is '/home/runner/work/OpenProblemsInNLA/OpenProblemsInNLA'
select	Run actions/checkout@11d5960a326750d5838078e36cf38b85af677262	2026-09-12T15:55:04.8183527Z [command]/usr/bin/git version
select	Run actions/checkout@11d5960a326750d5838078e36cf38b85af677262	2026-09-12T15:55:04.8239075Z git version 2.55.0
select	Run actions/checkout@11d5960a326750d5838078e36cf38b85af677262	2026-09-12T15:55:04.8261353Z ##[endgroup]
select	Run actions/checkout@11d5960a326750d5838078e36cf38b85af677262	2026-09-12T15:55:04.8276039Z Temporarily overriding HOME='/home/runner/work/_temp/a20a5434-8e4b-4c24-a65e-63d907f5388b' before making global git config changes
select	Run actions/checkout@11d5960a326750d5838078e36cf38b85af677262	2026-09-12T15:55:04.8278447Z Adding repository directory to the temporary git global config as a safe directory
select	Run actions/checkout@11d5960a326750d5838078e36cf38b85af677262	2026-09-12T15:55:04.8281838Z [command]/usr/bin/git config --global --add safe.directory /home/runner/work/OpenProblemsInNLA/OpenProblemsInNLA
select	Run actions/checkout@11d5960a326750d5838078e36cf38b85af677262	2026-09-12T15:55:04.8333615Z Deleting the contents of '/home/runner/work/OpenProblemsInNLA/OpenProblemsInNLA'
select	Run actions/checkout@11d5960a326750d5838078e36cf38b85af677262	2026-09-12T15:55:04.8343226Z ##[group]Initializing the repository
select	Run actions/checkout@11d5960a326750d5838078e36cf38b85af677262	2026-09-12T15:55:04.8354822Z [command]/usr/bin/git init /home/runner/work/OpenProblemsInNLA/OpenProblemsInNLA
select	Run actions/checkout@11d5960a326750d5838078e36cf38b85af677262	2026-09-12T15:55:04.8457647Z hint: Using 'master' as the name for the initial branch. This default branch name
select	Run actions/checkout@11d5960a326750d5838078e36cf38b85af677262	2026-09-12T15:55:04.8459564Z hint: will change to "main" in Git 3.0. To configure the initial branch name
select	Run actions/checkout@11d5960a326750d5838078e36cf38b85af677262	2026-09-12T15:55:04.8462370Z hint: to use in all of your new repositories, which will suppress this warning,
select	Run actions/checkout@11d5960a326750d5838078e36cf38b85af677262	2026-09-12T15:55:04.8463974Z hint: call:
select	Run actions/checkout@11d5960a326750d5838078e36cf38b85af677262	2026-09-12T15:55:04.8464647Z hint:
select	Run actions/checkout@11d5960a326750d5838078e36cf38b85af677262	2026-09-12T15:55:04.8465602Z hint: 	git config --global init.defaultBranch <name>
select	Run actions/checkout@11d5960a326750d5838078e36cf38b85af677262	2026-09-12T15:55:04.8466652Z hint:
select	Run actions/checkout@11d5960a326750d5838078e36cf38b85af677262	2026-09-12T15:55:04.8467628Z hint: Names commonly chosen instead of 'master' are 'main', 'trunk' and
select	Run actions/checkout@11d5960a326750d5838078e36cf38b85af677262	2026-09-12T15:55:04.8469220Z hint: 'development'. The just-created branch can be renamed via this command:
select	Run actions/checkout@11d5960a326750d5838078e36cf38b85af677262	2026-09-12T15:55:04.8470793Z hint:
select	Run actions/checkout@11d5960a326750d5838078e36cf38b85af677262	2026-09-12T15:55:04.8471506Z hint: 	git branch -m <name>
select	Run actions/checkout@11d5960a326750d5838078e36cf38b85af677262	2026-09-12T15:55:04.8472319Z hint:
select	Run actions/checkout@11d5960a326750d5838078e36cf38b85af677262	2026-09-12T15:55:04.8473574Z hint: Disable this message with "git config set advice.defaultBranchName false"
select	Run actions/checkout@11d5960a326750d5838078e36cf38b85af677262	2026-09-12T15:55:04.8475484Z Initialized empty Git repository in /home/runner/work/OpenProblemsInNLA/OpenProblemsInNLA/.git/
select	Run actions/checkout@11d5960a326750d5838078e36cf38b85af677262	2026-09-12T15:55:04.8479156Z [command]/usr/bin/git remote add origin https://github.com/sgstepaniants/OpenProblemsInNLA
select	Run actions/checkout@11d5960a326750d5838078e36cf38b85af677262	2026-09-12T15:55:04.8526694Z ##[endgroup]
select	Run actions/checkout@11d5960a326750d5838078e36cf38b85af677262	2026-09-12T15:55:04.8527935Z ##[group]Disabling automatic garbage collection
select	Run actions/checkout@11d5960a326750d5838078e36cf38b85af677262	2026-09-12T15:55:04.8530836Z [command]/usr/bin/git config --local gc.auto 0
select	Run actions/checkout@11d5960a326750d5838078e36cf38b85af677262	2026-09-12T15:55:04.8564665Z ##[endgroup]
select	Run actions/checkout@11d5960a326750d5838078e36cf38b85af677262	2026-09-12T15:55:04.8565923Z ##[group]Setting up auth
select	Run actions/checkout@11d5960a326750d5838078e36cf38b85af677262	2026-09-12T15:55:04.8612532Z [command]/usr/bin/git config --local --name-only --get-regexp core\.sshCommand
select	Run actions/checkout@11d5960a326750d5838078e36cf38b85af677262	2026-09-12T15:55:04.8650151Z [command]/usr/bin/git submodule foreach --recursive sh -c "git config --local --name-only --get-regexp 'core\.sshCommand' && git config --local --unset-all 'core.sshCommand' || :"
select	Run actions/checkout@11d5960a326750d5838078e36cf38b85af677262	2026-09-12T15:55:04.9048083Z [command]/usr/bin/git config --local --name-only --get-regexp http\.https\:\/\/github\.com\/\.extraheader
select	Run actions/checkout@11d5960a326750d5838078e36cf38b85af677262	2026-09-12T15:55:04.9079438Z [command]/usr/bin/git submodule foreach --recursive sh -c "git config --local --name-only --get-regexp 'http\.https\:\/\/github\.com\/\.extraheader' && git config --local --unset-all 'http.https://github.com/.extraheader' || :"
select	Run actions/checkout@11d5960a326750d5838078e36cf38b85af677262	2026-09-12T15:55:04.9324095Z [command]/usr/bin/git config --local --name-only --get-regexp ^includeIf\.gitdir:
select	Run actions/checkout@11d5960a326750d5838078e36cf38b85af677262	2026-09-12T15:55:04.9364865Z [command]/usr/bin/git submodule foreach --recursive git config --local --show-origin --name-only --get-regexp remote.origin.url
select	Run actions/checkout@11d5960a326750d5838078e36cf38b85af677262	2026-09-12T15:55:04.9609367Z [command]/usr/bin/git config --local http.https://github.com/.extraheader AUTHORIZATION: basic ***
select	Run actions/checkout@11d5960a326750d5838078e36cf38b85af677262	2026-09-12T15:55:04.9651605Z ##[endgroup]
select	Run actions/checkout@11d5960a326750d5838078e36cf38b85af677262	2026-09-12T15:55:04.9652436Z ##[group]Fetching the repository
select	Run actions/checkout@11d5960a326750d5838078e36cf38b85af677262	2026-09-12T15:55:04.9662397Z [command]/usr/bin/git -c protocol.version=2 fetch --prune --no-recurse-submodules origin +refs/heads/*:refs/remotes/origin/* +refs/tags/*:refs/tags/*
select	Run actions/checkout@11d5960a326750d5838078e36cf38b85af677262	2026-09-12T15:55:07.4910326Z From https://github.com/sgstepaniants/OpenProblemsInNLA
select	Run actions/checkout@11d5960a326750d5838078e36cf38b85af677262	2026-09-12T15:55:07.4921688Z  * [new branch]      codex/lean-ie18-anderson-counterexample -> origin/codex/lean-ie18-anderson-counterexample
select	Run actions/checkout@11d5960a326750d5838078e36cf38b85af677262	2026-09-12T15:55:07.4923176Z  * [new branch]      codex/lean-ie19-inverse-norm -> origin/codex/lean-ie19-inverse-norm
select	Run actions/checkout@11d5960a326750d5838078e36cf38b85af677262	2026-09-12T15:55:07.4924365Z  * [new branch]      codex/lean-mi19-q-permanent -> origin/codex/lean-mi19-q-permanent
select	Run actions/checkout@11d5960a326750d5838078e36cf38b85af677262	2026-09-12T15:55:07.4925908Z  * [new branch]      codex/lean-verification-infrastructure -> origin/codex/lean-verification-infrastructure
select	Run actions/checkout@11d5960a326750d5838078e36cf38b85af677262	2026-09-12T15:55:07.4927787Z  * [new branch]      codex/stepaniants-aa01-md03-md04-resolutions -> origin/codex/stepaniants-aa01-md03-md04-resolutions
select	Run actions/checkout@11d5960a326750d5838078e36cf38b85af677262	2026-09-12T15:55:07.4930573Z  * [new branch]      codex/stepaniants-fr12-hadamard-counting -> origin/codex/stepaniants-fr12-hadamard-counting
select	Run actions/checkout@11d5960a326750d5838078e36cf38b85af677262	2026-09-12T15:55:07.4933158Z  * [new branch]      codex/stepaniants-ie02-jordan-gmres -> origin/codex/stepaniants-ie02-jordan-gmres
select	Run actions/checkout@11d5960a326750d5838078e36cf38b85af677262	2026-09-12T15:55:07.4935381Z  * [new branch]      codex/stepaniants-ie04-smoothed-tail-counterexample -> origin/codex/stepaniants-ie04-smoothed-tail-counterexample
select	Run actions/checkout@11d5960a326750d5838078e36cf38b85af677262	2026-09-12T15:55:07.4938016Z  * [new branch]      codex/stepaniants-ie05-orthogonal-counterexample -> origin/codex/stepaniants-ie05-orthogonal-counterexample
select	Run actions/checkout@11d5960a326750d5838078e36cf38b85af677262	2026-09-12T15:55:07.4940950Z  * [new branch]      codex/stepaniants-ie15-rook-growth -> origin/codex/stepaniants-ie15-rook-growth
select	Run actions/checkout@11d5960a326750d5838078e36cf38b85af677262	2026-09-12T15:55:07.4943599Z  * [new branch]      codex/stepaniants-ie26-fourier-stability -> origin/codex/stepaniants-ie26-fourier-stability
select	Run actions/checkout@11d5960a326750d5838078e36cf38b85af677262	2026-09-12T15:55:07.4946930Z  * [new branch]      codex/stepaniants-ke05-interpolation-counterexample -> origin/codex/stepaniants-ke05-interpolation-counterexample
select	Run actions/checkout@11d5960a326750d5838078e36cf38b85af677262	2026-09-12T15:55:07.4950383Z  * [new branch]      codex/stepaniants-mf02-cubic-overhead -> origin/codex/stepaniants-mf02-cubic-overhead
select	Run actions/checkout@11d5960a326750d5838078e36cf38b85af677262	2026-09-12T15:55:07.4953956Z  * [new branch]      codex/stepaniants-mf06-pointwise-lower-lipschitz -> origin/codex/stepaniants-mf06-pointwise-lower-lipschitz
select	Run actions/checkout@11d5960a326750d5838078e36cf38b85af677262	2026-09-12T15:55:07.4957172Z  * [new branch]      codex/stepaniants-mf18-complex-rank -> origin/codex/stepaniants-mf18-complex-rank
select	Run actions/checkout@11d5960a326750d5838078e36cf38b85af677262	2026-09-12T15:55:07.4960642Z  * [new branch]      codex/stepaniants-mf21-toeplitz-expansion-threshold -> origin/codex/stepaniants-mf21-toeplitz-expansion-threshold
select	Run actions/checkout@11d5960a326750d5838078e36cf38b85af677262	2026-09-12T15:55:07.4964064Z  * [new branch]      codex/stepaniants-mf22-spline-conditioning -> origin/codex/stepaniants-mf22-spline-conditioning
select	Run actions/checkout@11d5960a326750d5838078e36cf38b85af677262	2026-09-12T15:55:07.4966825Z  * [new branch]      codex/stepaniants-mi24-schatten -> origin/codex/stepaniants-mi24-schatten
select	Run actions/checkout@11d5960a326750d5838078e36cf38b85af677262	2026-09-12T15:55:07.4969325Z  * [new branch]      codex/stepaniants-mi28-determinant -> origin/codex/stepaniants-mi28-determinant
select	Run actions/checkout@11d5960a326750d5838078e36cf38b85af677262	2026-09-12T15:55:07.4972002Z  * [new branch]      codex/stepaniants-ra10-nuclear-transfer -> origin/codex/stepaniants-ra10-nuclear-transfer
select	Run actions/checkout@11d5960a326750d5838078e36cf38b85af677262	2026-09-12T15:55:07.4973728Z  * [new branch]      codex/stepaniants-ra12-gamma-tails -> origin/codex/stepaniants-ra12-gamma-tails
select	Run actions/checkout@11d5960a326750d5838078e36cf38b85af677262	2026-09-12T15:55:07.4975597Z  * [new branch]      codex/stepaniants-ra13-trace-tails -> origin/codex/stepaniants-ra13-trace-tails
select	Run actions/checkout@11d5960a326750d5838078e36cf38b85af677262	2026-09-12T15:55:07.4977369Z  * [new branch]      codex/stepaniants-ra19-critical-point-count -> origin/codex/stepaniants-ra19-critical-point-count
select	Run actions/checkout@11d5960a326750d5838078e36cf38b85af677262	2026-09-12T15:55:07.4979331Z  * [new branch]      codex/stepaniants-sp11-sp12-hall-applications -> origin/codex/stepaniants-sp11-sp12-hall-applications
select	Run actions/checkout@11d5960a326750d5838078e36cf38b85af677262	2026-09-12T15:55:07.4982230Z  * [new branch]      codex/stepaniants-sp13-trace-norm-perturbations -> origin/codex/stepaniants-sp13-trace-norm-perturbations
select	Run actions/checkout@11d5960a326750d5838078e36cf38b85af677262	2026-09-12T15:55:07.4984714Z  * [new branch]      codex/stepaniants-sp15-infinite-unitary-fiber -> origin/codex/stepaniants-sp15-infinite-unitary-fiber
select	Run actions/checkout@11d5960a326750d5838078e36cf38b85af677262	2026-09-12T15:55:07.4986120Z  * [new branch]      main       -> origin/main
select	Run actions/checkout@11d5960a326750d5838078e36cf38b85af677262	2026-09-12T15:55:07.4988178Z [command]/usr/bin/git branch --list --remote origin/codex/lean-ie18-anderson-counterexample
select	Run actions/checkout@11d5960a326750d5838078e36cf38b85af677262	2026-09-12T15:55:07.4989395Z   origin/codex/lean-ie18-anderson-counterexample
select	Run actions/checkout@11d5960a326750d5838078e36cf38b85af677262	2026-09-12T15:55:07.4991694Z [command]/usr/bin/git rev-parse refs/remotes/origin/codex/lean-ie18-anderson-counterexample
select	Run actions/checkout@11d5960a326750d5838078e36cf38b85af677262	2026-09-12T15:55:07.5013634Z 7b8512e21c50adc8597dcdbed32f2aec13c3b43e
select	Run actions/checkout@11d5960a326750d5838078e36cf38b85af677262	2026-09-12T15:55:07.5042019Z ##[endgroup]
select	Run actions/checkout@11d5960a326750d5838078e36cf38b85af677262	2026-09-12T15:55:07.5042954Z ##[group]Determining the checkout info
select	Run actions/checkout@11d5960a326750d5838078e36cf38b85af677262	2026-09-12T15:55:07.5043861Z ##[endgroup]
select	Run actions/checkout@11d5960a326750d5838078e36cf38b85af677262	2026-09-12T15:55:07.5044412Z [command]/usr/bin/git sparse-checkout disable
select	Run actions/checkout@11d5960a326750d5838078e36cf38b85af677262	2026-09-12T15:55:07.5095732Z [command]/usr/bin/git config --local --unset-all extensions.worktreeConfig
select	Run actions/checkout@11d5960a326750d5838078e36cf38b85af677262	2026-09-12T15:55:07.5132816Z ##[group]Checking out the ref
select	Run actions/checkout@11d5960a326750d5838078e36cf38b85af677262	2026-09-12T15:55:07.5137589Z [command]/usr/bin/git checkout --progress --force -B codex/lean-ie18-anderson-counterexample refs/remotes/origin/codex/lean-ie18-anderson-counterexample
select	Run actions/checkout@11d5960a326750d5838078e36cf38b85af677262	2026-09-12T15:55:07.9402059Z Switched to a new branch 'codex/lean-ie18-anderson-counterexample'
select	Run actions/checkout@11d5960a326750d5838078e36cf38b85af677262	2026-09-12T15:55:07.9406163Z branch 'codex/lean-ie18-anderson-counterexample' set up to track 'origin/codex/lean-ie18-anderson-counterexample'.
select	Run actions/checkout@11d5960a326750d5838078e36cf38b85af677262	2026-09-12T15:55:07.9426925Z ##[endgroup]
select	Run actions/checkout@11d5960a326750d5838078e36cf38b85af677262	2026-09-12T15:55:07.9474279Z [command]/usr/bin/git log -1 --format=%H
select	Run actions/checkout@11d5960a326750d5838078e36cf38b85af677262	2026-09-12T15:55:07.9505983Z 7b8512e21c50adc8597dcdbed32f2aec13c3b43e
select	Run actions/checkout@11d5960a326750d5838078e36cf38b85af677262	2026-09-12T15:55:07.9516219Z ##[group]Removing auth
select	Run actions/checkout@11d5960a326750d5838078e36cf38b85af677262	2026-09-12T15:55:07.9520781Z [command]/usr/bin/git config --local --name-only --get-regexp core\.sshCommand
select	Run actions/checkout@11d5960a326750d5838078e36cf38b85af677262	2026-09-12T15:55:07.9556055Z [command]/usr/bin/git submodule foreach --recursive sh -c "git config --local --name-only --get-regexp 'core\.sshCommand' && git config --local --unset-all 'core.sshCommand' || :"
select	Run actions/checkout@11d5960a326750d5838078e36cf38b85af677262	2026-09-12T15:55:07.9791303Z [command]/usr/bin/git config --local --name-only --get-regexp http\.https\:\/\/github\.com\/\.extraheader
select	Run actions/checkout@11d5960a326750d5838078e36cf38b85af677262	2026-09-12T15:55:07.9821998Z http.https://github.com/.extraheader
select	Run actions/checkout@11d5960a326750d5838078e36cf38b85af677262	2026-09-12T15:55:07.9830908Z [command]/usr/bin/git config --local --unset-all http.https://github.com/.extraheader
select	Run actions/checkout@11d5960a326750d5838078e36cf38b85af677262	2026-09-12T15:55:07.9868762Z [command]/usr/bin/git submodule foreach --recursive sh -c "git config --local --name-only --get-regexp 'http\.https\:\/\/github\.com\/\.extraheader' && git config --local --unset-all 'http.https://github.com/.extraheader' || :"
select	Run actions/checkout@11d5960a326750d5838078e36cf38b85af677262	2026-09-12T15:55:08.0107317Z [command]/usr/bin/git config --local --name-only --get-regexp ^includeIf\.gitdir:
select	Run actions/checkout@11d5960a326750d5838078e36cf38b85af677262	2026-09-12T15:55:08.0143336Z [command]/usr/bin/git submodule foreach --recursive git config --local --show-origin --name-only --get-regexp remote.origin.url
select	Run actions/checkout@11d5960a326750d5838078e36cf38b85af677262	2026-09-12T15:55:08.0372955Z ##[endgroup]
select	Install metadata validators	﻿2026-09-12T15:55:08.0598629Z ##[group]Run python3 -m pip install -r tools/lean/requirements.txt
select	Install metadata validators	2026-09-12T15:55:08.0600603Z ^[[36;1mpython3 -m pip install -r tools/lean/requirements.txt^[[0m
select	Install metadata validators	2026-09-12T15:55:08.0643091Z shell: /usr/bin/bash -e {0}
select	Install metadata validators	2026-09-12T15:55:08.0644115Z ##[endgroup]
select	Install metadata validators	2026-09-12T15:55:09.1891756Z Defaulting to user installation because normal site-packages is not writeable
select	Install metadata validators	2026-09-12T15:55:09.8945743Z Collecting PyYAML==6.0.3 (from -r tools/lean/requirements.txt (line 1))
select	Install metadata validators	2026-09-12T15:55:09.9260165Z   Downloading pyyaml-6.0.3-cp312-cp312-manylinux2014_x86_64.manylinux_2_17_x86_64.manylinux_2_28_x86_64.whl.metadata (2.4 kB)
select	Install metadata validators	2026-09-12T15:55:09.9636246Z Collecting jsonschema==4.26.0 (from -r tools/lean/requirements.txt (line 2))
select	Install metadata validators	2026-09-12T15:55:09.9672267Z   Downloading jsonschema-4.26.0-py3-none-any.whl.metadata (7.6 kB)
select	Install metadata validators	2026-09-12T15:55:09.9850189Z Requirement already satisfied: attrs>=22.2.0 in /usr/lib/python3/dist-packages (from jsonschema==4.26.0->-r tools/lean/requirements.txt (line 2)) (23.2.0)
select	Install metadata validators	2026-09-12T15:55:10.0025644Z Collecting jsonschema-specifications>=2023.03.6 (from jsonschema==4.26.0->-r tools/lean/requirements.txt (line 2))
select	Install metadata validators	2026-09-12T15:55:10.0059682Z   Downloading jsonschema_specifications-2025.9.1-py3-none-any.whl.metadata (2.9 kB)
select	Install metadata validators	2026-09-12T15:55:10.0433817Z Collecting referencing>=0.28.4 (from jsonschema==4.26.0->-r tools/lean/requirements.txt (line 2))
select	Install metadata validators	2026-09-12T15:55:10.0464887Z   Downloading referencing-0.37.0-py3-none-any.whl.metadata (2.8 kB)
select	Install metadata validators	2026-09-12T15:55:10.3632418Z Collecting rpds-py>=0.25.0 (from jsonschema==4.26.0->-r tools/lean/requirements.txt (line 2))
select	Install metadata validators	2026-09-12T15:55:10.3690346Z   Downloading rpds_py-2026.6.3-cp312-cp312-manylinux_2_17_x86_64.manylinux2014_x86_64.whl.metadata (4.1 kB)
select	Install metadata validators	2026-09-12T15:55:10.4044342Z Requirement already satisfied: typing-extensions>=4.4.0 in /usr/lib/python3/dist-packages (from referencing>=0.28.4->jsonschema==4.26.0->-r tools/lean/requirements.txt (line 2)) (4.10.0)
select	Install metadata validators	2026-09-12T15:55:10.4110369Z Downloading pyyaml-6.0.3-cp312-cp312-manylinux2014_x86_64.manylinux_2_17_x86_64.manylinux_2_28_x86_64.whl (807 kB)
select	Install metadata validators	2026-09-12T15:55:10.4351332Z    ━━━━━━━━━━━━━━━━━━━━━━━━━━━━━━━━━━━━━━━━ 807.9/807.9 kB 37.0 MB/s eta 0:00:00
select	Install metadata validators	2026-09-12T15:55:10.4382566Z Downloading jsonschema-4.26.0-py3-none-any.whl (90 kB)
select	Install metadata validators	2026-09-12T15:55:10.4426478Z    ━━━━━━━━━━━━━━━━━━━━━━━━━━━━━━━━━━━━━━━━ 90.6/90.6 kB 32.3 MB/s eta 0:00:00
select	Install metadata validators	2026-09-12T15:55:10.4455870Z Downloading jsonschema_specifications-2025.9.1-py3-none-any.whl (18 kB)
select	Install metadata validators	2026-09-12T15:55:10.4508342Z Downloading referencing-0.37.0-py3-none-any.whl (26 kB)
select	Install metadata validators	2026-09-12T15:55:10.4558303Z Downloading rpds_py-2026.6.3-cp312-cp312-manylinux_2_17_x86_64.manylinux2014_x86_64.whl (366 kB)
select	Install metadata validators	2026-09-12T15:55:10.4639126Z    ━━━━━━━━━━━━━━━━━━━━━━━━━━━━━━━━━━━━━━━━ 366.2/366.2 kB 57.7 MB/s eta 0:00:00
select	Install metadata validators	2026-09-12T15:55:10.7682651Z Installing collected packages: rpds-py, PyYAML, referencing, jsonschema-specifications, jsonschema
select	Install metadata validators	2026-09-12T15:55:10.9408725Z Successfully installed PyYAML-6.0.3 jsonschema-4.26.0 jsonschema-specifications-2025.9.1 referencing-0.37.0 rpds-py-2026.6.3
select	Test project selection and metadata gates	﻿2026-09-12T15:55:11.0413879Z ##[group]Run python3 -m unittest discover -s tests -p 'test_lean_verification.py' -v
select	Test project selection and metadata gates	2026-09-12T15:55:11.0414492Z ^[[36;1mpython3 -m unittest discover -s tests -p 'test_lean_verification.py' -v^[[0m
select	Test project selection and metadata gates	2026-09-12T15:55:11.0452919Z shell: /usr/bin/bash -e {0}
select	Test project selection and metadata gates	2026-09-12T15:55:11.0453178Z ##[endgroup]
select	Test project selection and metadata gates	2026-09-12T15:55:11.2408334Z test_custom_or_native_trust_is_rejected (test_lean_verification.ManifestTests.test_custom_or_native_trust_is_rejected) ... ok
select	Test project selection and metadata gates	2026-09-12T15:55:11.2501341Z test_definition_hole_rejected (test_lean_verification.ManifestTests.test_definition_hole_rejected) ... ok
select	Test project selection and metadata gates	2026-09-12T15:55:11.2596948Z test_duplicate_comparator_key_is_rejected (test_lean_verification.ManifestTests.test_duplicate_comparator_key_is_rejected) ... ok
select	Test project selection and metadata gates	2026-09-12T15:55:11.2626596Z test_duplicate_nested_yaml_key_is_rejected (test_lean_verification.ManifestTests.test_duplicate_nested_yaml_key_is_rejected) ... ok
select	Test project selection and metadata gates	2026-09-12T15:55:11.2666679Z test_duplicate_yaml_status_is_rejected (test_lean_verification.ManifestTests.test_duplicate_yaml_status_is_rejected) ... ok
select	Test project selection and metadata gates	2026-09-12T15:55:11.2759129Z test_empty_theorem_list_is_rejected (test_lean_verification.ManifestTests.test_empty_theorem_list_is_rejected) ... ok
select	Test project selection and metadata gates	2026-09-12T15:55:11.2846215Z test_missing_required_schema_field (test_lean_verification.ManifestTests.test_missing_required_schema_field) ... ok
select	Test project selection and metadata gates	2026-09-12T15:55:11.2938818Z test_nonzero_proof_sorries_rejected (test_lean_verification.ManifestTests.test_nonzero_proof_sorries_rejected) ... ok
select	Test project selection and metadata gates	2026-09-12T15:55:11.3033058Z test_result_source_outside_project_rejected (test_lean_verification.ManifestTests.test_result_source_outside_project_rejected) ... ok
select	Test project selection and metadata gates	2026-09-12T15:55:11.3126907Z test_result_specific_unchecked_axiom_rejected (test_lean_verification.ManifestTests.test_result_specific_unchecked_axiom_rejected) ... ok
select	Test project selection and metadata gates	2026-09-12T15:55:11.3225108Z test_unchecked_export_is_rejected (test_lean_verification.ManifestTests.test_unchecked_export_is_rejected) ... ok
select	Test project selection and metadata gates	2026-09-12T15:55:11.3320349Z test_valid_consistent_metadata (test_lean_verification.ManifestTests.test_valid_consistent_metadata) ... ok
select	Test project selection and metadata gates	2026-09-12T15:55:11.3322217Z test_canonical_statement_change_rechecks_its_project (test_lean_verification.ProjectSelectionTests.test_canonical_statement_change_rechecks_its_project) ... ok
select	Test project selection and metadata gates	2026-09-12T15:55:11.3332133Z test_discovery_uses_registry_and_detects_incomplete_project (test_lean_verification.ProjectSelectionTests.test_discovery_uses_registry_and_detects_incomplete_project) ... ok
select	Test project selection and metadata gates	2026-09-12T15:55:11.3335112Z test_invalid_registry_path_is_rejected (test_lean_verification.ProjectSelectionTests.test_invalid_registry_path_is_rejected) ... ok
select	Test project selection and metadata gates	2026-09-12T15:55:11.3337275Z test_problem_proof_change_selects_only_that_problem (test_lean_verification.ProjectSelectionTests.test_problem_proof_change_selects_only_that_problem) ... ok
select	Test project selection and metadata gates	2026-09-12T15:55:11.3339515Z test_shared_checker_or_schema_change_rechecks_every_project (test_lean_verification.ProjectSelectionTests.test_shared_checker_or_schema_change_rechecks_every_project) ... ok
select	Test project selection and metadata gates	2026-09-12T15:55:11.3346237Z test_source_only_project_cannot_skip_verification (test_lean_verification.ProjectSelectionTests.test_source_only_project_cannot_skip_verification) ... ok
select	Test project selection and metadata gates	2026-09-12T15:55:11.3354193Z test_symlinked_project_is_rejected (test_lean_verification.ProjectSelectionTests.test_symlinked_project_is_rejected) ... ok
select	Test project selection and metadata gates	2026-09-12T15:55:11.3355714Z Manifest schema and comparator coverage: PASS (1 declarations)
select	Test project selection and metadata gates	2026-09-12T15:55:11.3361591Z test_unrelated_document_does_not_rebuild_proofs (test_lean_verification.ProjectSelectionTests.test_unrelated_document_does_not_rebuild_proofs) ... ok
select	Test project selection and metadata gates	2026-09-12T15:55:11.3362828Z 
select	Test project selection and metadata gates	2026-09-12T15:55:11.3363558Z ----------------------------------------------------------------------
select	Test project selection and metadata gates	2026-09-12T15:55:11.3364383Z Ran 20 tests in 0.123s
select	Test project selection and metadata gates	2026-09-12T15:55:11.3364728Z 
select	Test project selection and metadata gates	2026-09-12T15:55:11.3365405Z OK
select	Test pinned harness gates	﻿2026-09-12T15:55:11.3625595Z ##[group]Run python3 -m unittest discover -s tools/lean -p 'test_*.py' -v
select	Test pinned harness gates	2026-09-12T15:55:11.3626133Z ^[[36;1mpython3 -m unittest discover -s tools/lean -p 'test_*.py' -v^[[0m
select	Test pinned harness gates	2026-09-12T15:55:11.3663017Z shell: /usr/bin/bash -e {0}
select	Test pinned harness gates	2026-09-12T15:55:11.3663279Z ##[endgroup]
select	Test pinned harness gates	2026-09-12T15:55:11.4665810Z test_ci_probe_adaptation_retains_assertions_and_adds_deadlines (test_harness.HarnessTests.test_ci_probe_adaptation_retains_assertions_and_adds_deadlines) ... ok
select	Test pinned harness gates	2026-09-12T15:55:11.4691311Z test_custom_sorry_and_native_axioms_are_rejected (test_harness.HarnessTests.test_custom_sorry_and_native_axioms_are_rejected) ... ok
select	Test pinned harness gates	2026-09-12T15:55:11.4703729Z test_definition_holes_are_rejected (test_harness.HarnessTests.test_definition_holes_are_rejected) ... ok
select	Test pinned harness gates	2026-09-12T15:55:11.4715003Z test_duplicate_json_keys_are_rejected (test_harness.HarnessTests.test_duplicate_json_keys_are_rejected) ... ok
select	Test pinned harness gates	2026-09-12T15:55:11.4728431Z test_mac_os_does_not_silently_fall_back (test_harness.HarnessTests.test_mac_os_does_not_silently_fall_back) ... ok
select	Test pinned harness gates	2026-09-12T15:55:11.4752161Z test_nonimmutable_or_credential_dependencies_are_rejected (test_harness.HarnessTests.test_nonimmutable_or_credential_dependencies_are_rejected) ... ok
select	Test pinned harness gates	2026-09-12T15:55:11.4773565Z test_real_source_lock (test_harness.HarnessTests.test_real_source_lock) ... ok
select	Test pinned harness gates	2026-09-12T15:55:11.4789799Z test_same_module_and_empty_theorem_list_are_rejected (test_harness.HarnessTests.test_same_module_and_empty_theorem_list_are_rejected) ... ok
select	Test pinned harness gates	2026-09-12T15:55:11.5061436Z test_snapshot_uses_committed_files_and_detects_change (test_harness.HarnessTests.test_snapshot_uses_committed_files_and_detects_change) ... ok
select	Test pinned harness gates	2026-09-12T15:55:11.5075309Z test_standard_config_and_stricter_axiom_subset (test_harness.HarnessTests.test_standard_config_and_stricter_axiom_subset) ... ok
select	Test pinned harness gates	2026-09-12T15:55:11.5258918Z test_tracked_compiled_artifact_is_rejected (test_harness.HarnessTests.test_tracked_compiled_artifact_is_rejected) ... ok
select	Test pinned harness gates	2026-09-12T15:55:11.5413371Z test_uncommitted_trusted_file_is_rejected (test_harness.HarnessTests.test_uncommitted_trusted_file_is_rejected) ... ok
select	Test pinned harness gates	2026-09-12T15:55:11.5414287Z 
select	Test pinned harness gates	2026-09-12T15:55:11.5414533Z ----------------------------------------------------------------------
select	Test pinned harness gates	2026-09-12T15:55:11.5415053Z Ran 12 tests in 0.077s
select	Test pinned harness gates	2026-09-12T15:55:11.5415262Z 
select	Test pinned harness gates	2026-09-12T15:55:11.5415374Z OK
select	Select changed projects	﻿2026-09-12T15:55:11.5604615Z ##[group]Run if [ "$EVENT_NAME" = "workflow_dispatch" ] || [ -z "$BASE_REF" ] || [ "$BASE_REF" = "0000000000000000000000000000000000000000" ]; then
select	Select changed projects	2026-09-12T15:55:11.5605514Z ^[[36;1mif [ "$EVENT_NAME" = "workflow_dispatch" ] || [ -z "$BASE_REF" ] || [ "$BASE_REF" = "0000000000000000000000000000000000000000" ]; then^[[0m
select	Select changed projects	2026-09-12T15:55:11.5606207Z ^[[36;1m  python3 tools/lean/projects.py --all --github-output "$GITHUB_OUTPUT"^[[0m
select	Select changed projects	2026-09-12T15:55:11.5606674Z ^[[36;1m  echo "tools_changed=true" >> "$GITHUB_OUTPUT"^[[0m
select	Select changed projects	2026-09-12T15:55:11.5606977Z ^[[36;1melse^[[0m
select	Select changed projects	2026-09-12T15:55:11.5607362Z ^[[36;1m  python3 tools/lean/projects.py --base-ref "$BASE_REF" --github-output "$GITHUB_OUTPUT"^[[0m
select	Select changed projects	2026-09-12T15:55:11.5607864Z ^[[36;1m  python3 - "$BASE_REF" "$GITHUB_OUTPUT" <<'PY'^[[0m
select	Select changed projects	2026-09-12T15:55:11.5608196Z ^[[36;1mimport pathlib, subprocess, sys^[[0m
select	Select changed projects	2026-09-12T15:55:11.5608724Z ^[[36;1mchanged = subprocess.check_output(['git','diff','--name-only',sys.argv[1],'HEAD','--'], text=True).splitlines()^[[0m
select	Select changed projects	2026-09-12T15:55:11.5609628Z ^[[36;1mneeds_tools = any(p.startswith(('tools/lean/', 'docs/lean/ci-toolchain/')) or p == '.github/workflows/lean-verification.yml' for p in changed)^[[0m
select	Select changed projects	2026-09-12T15:55:11.5610759Z ^[[36;1mwith pathlib.Path(sys.argv[2]).open('a') as stream:^[[0m
select	Select changed projects	2026-09-12T15:55:11.5611197Z ^[[36;1m    stream.write('tools_changed=' + str(needs_tools).lower() + '\n')^[[0m
select	Select changed projects	2026-09-12T15:55:11.5611559Z ^[[36;1mPY^[[0m
select	Select changed projects	2026-09-12T15:55:11.5611746Z ^[[36;1mfi^[[0m
select	Select changed projects	2026-09-12T15:55:11.5647651Z shell: /usr/bin/bash -e {0}
select	Select changed projects	2026-09-12T15:55:11.5647903Z env:
select	Select changed projects	2026-09-12T15:55:11.5648140Z   BASE_REF: d0b95db2ea9b3782cf2b2049151e6346c4e05712
select	Select changed projects	2026-09-12T15:55:11.5648444Z   EVENT_NAME: push
select	Select changed projects	2026-09-12T15:55:11.5648649Z ##[endgroup]
select	Select changed projects	2026-09-12T15:55:11.6113715Z {"include":[{"id":"IE-18","project":"linear-systems-and-elimination/IE-18/lean"}]}
select	Post Run actions/checkout@11d5960a326750d5838078e36cf38b85af677262	﻿2026-09-12T15:55:11.6624380Z Node 20 is being deprecated. This workflow is running with Node 24 by default. If you need to temporarily use Node 20, you can set the ACTIONS_ALLOW_USE_UNSECURE_NODE_VERSION=true environment variable. For more information see: https://github.blog/changelog/2025-09-19-deprecation-of-node-20-on-github-actions-runners/
select	Post Run actions/checkout@11d5960a326750d5838078e36cf38b85af677262	2026-09-12T15:55:11.6625899Z Post job cleanup.
select	Post Run actions/checkout@11d5960a326750d5838078e36cf38b85af677262	2026-09-12T15:55:11.7575955Z [command]/usr/bin/git version
select	Post Run actions/checkout@11d5960a326750d5838078e36cf38b85af677262	2026-09-12T15:55:11.7618587Z git version 2.55.0
select	Post Run actions/checkout@11d5960a326750d5838078e36cf38b85af677262	2026-09-12T15:55:11.7656373Z Temporarily overriding HOME='/home/runner/work/_temp/3f94fe4f-b359-4069-81ad-cde1674f51bb' before making global git config changes
select	Post Run actions/checkout@11d5960a326750d5838078e36cf38b85af677262	2026-09-12T15:55:11.7657709Z Adding repository directory to the temporary git global config as a safe directory
select	Post Run actions/checkout@11d5960a326750d5838078e36cf38b85af677262	2026-09-12T15:55:11.7662113Z [command]/usr/bin/git config --global --add safe.directory /home/runner/work/OpenProblemsInNLA/OpenProblemsInNLA
select	Post Run actions/checkout@11d5960a326750d5838078e36cf38b85af677262	2026-09-12T15:55:11.7704423Z [command]/usr/bin/git config --local --name-only --get-regexp core\.sshCommand
select	Post Run actions/checkout@11d5960a326750d5838078e36cf38b85af677262	2026-09-12T15:55:11.7742878Z [command]/usr/bin/git submodule foreach --recursive sh -c "git config --local --name-only --get-regexp 'core\.sshCommand' && git config --local --unset-all 'core.sshCommand' || :"
select	Post Run actions/checkout@11d5960a326750d5838078e36cf38b85af677262	2026-09-12T15:55:11.8001409Z [command]/usr/bin/git config --local --name-only --get-regexp http\.https\:\/\/github\.com\/\.extraheader
select	Post Run actions/checkout@11d5960a326750d5838078e36cf38b85af677262	2026-09-12T15:55:11.8035794Z [command]/usr/bin/git submodule foreach --recursive sh -c "git config --local --name-only --get-regexp 'http\.https\:\/\/github\.com\/\.extraheader' && git config --local --unset-all 'http.https://github.com/.extraheader' || :"
select	Post Run actions/checkout@11d5960a326750d5838078e36cf38b85af677262	2026-09-12T15:55:11.8289004Z [command]/usr/bin/git config --local --name-only --get-regexp ^includeIf\.gitdir:
select	Post Run actions/checkout@11d5960a326750d5838078e36cf38b85af677262	2026-09-12T15:55:11.8329442Z [command]/usr/bin/git submodule foreach --recursive git config --local --show-origin --name-only --get-regexp remote.origin.url
select	Complete job	﻿2026-09-12T15:55:11.8744063Z Evaluate and set job outputs
select	Complete job	2026-09-12T15:55:11.8750694Z Set output 'matrix'
select	Complete job	2026-09-12T15:55:11.8752295Z Set output 'count'
select	Complete job	2026-09-12T15:55:11.8753008Z Set output 'tools_changed'
select	Complete job	2026-09-12T15:55:11.8753675Z Cleaning up orphan processes
select	Complete job	2026-09-12T15:55:11.9056294Z ##[warning]Node.js 20 is deprecated. The following actions target Node.js 20 but are being forced to run on Node.js 24: actions/checkout@11d5960a326750d5838078e36cf38b85af677262. For more information see: https://github.blog/changelog/2025-09-19-deprecation-of-node-20-on-github-actions-runners/
verify (IE-18, linear-systems-and-elimination/IE-18/lean)	UNKNOWN STEP	﻿2026-09-12T15:55:18.3105304Z Current runner version: '2.337.0'
verify (IE-18, linear-systems-and-elimination/IE-18/lean)	UNKNOWN STEP	2026-09-12T15:55:18.3129284Z ##[group]Runner Image Provisioner
verify (IE-18, linear-systems-and-elimination/IE-18/lean)	UNKNOWN STEP	2026-09-12T15:55:18.3130200Z Hosted Compute Agent
verify (IE-18, linear-systems-and-elimination/IE-18/lean)	UNKNOWN STEP	2026-09-12T15:55:18.3130882Z Version: 20260828.587
verify (IE-18, linear-systems-and-elimination/IE-18/lean)	UNKNOWN STEP	2026-09-12T15:55:18.3131583Z Commit: abac92662cab4cc7352de4f9f9d2e2419aad9c29
verify (IE-18, linear-systems-and-elimination/IE-18/lean)	UNKNOWN STEP	2026-09-12T15:55:18.3132321Z Build Date: 2026-08-28T16:44:25Z
verify (IE-18, linear-systems-and-elimination/IE-18/lean)	UNKNOWN STEP	2026-09-12T15:55:18.3133073Z Worker ID: {9af04db3-e10b-4702-b71a-d5e540ce5b70}
verify (IE-18, linear-systems-and-elimination/IE-18/lean)	UNKNOWN STEP	2026-09-12T15:55:18.3133821Z Azure Region: westus
verify (IE-18, linear-systems-and-elimination/IE-18/lean)	UNKNOWN STEP	2026-09-12T15:55:18.3134445Z ##[endgroup]
verify (IE-18, linear-systems-and-elimination/IE-18/lean)	UNKNOWN STEP	2026-09-12T15:55:18.3136611Z ##[group]Operating System
verify (IE-18, linear-systems-and-elimination/IE-18/lean)	UNKNOWN STEP	2026-09-12T15:55:18.3137270Z Ubuntu
verify (IE-18, linear-systems-and-elimination/IE-18/lean)	UNKNOWN STEP	2026-09-12T15:55:18.3138103Z 24.04.5
verify (IE-18, linear-systems-and-elimination/IE-18/lean)	UNKNOWN STEP	2026-09-12T15:55:18.3138781Z LTS
verify (IE-18, linear-systems-and-elimination/IE-18/lean)	UNKNOWN STEP	2026-09-12T15:55:18.3139282Z ##[endgroup]
verify (IE-18, linear-systems-and-elimination/IE-18/lean)	UNKNOWN STEP	2026-09-12T15:55:18.3139874Z ##[group]Runner Image
verify (IE-18, linear-systems-and-elimination/IE-18/lean)	UNKNOWN STEP	2026-09-12T15:55:18.3140520Z Image: ubuntu-24.04
verify (IE-18, linear-systems-and-elimination/IE-18/lean)	UNKNOWN STEP	2026-09-12T15:55:18.3141064Z Version: 20260907.300.1
verify (IE-18, linear-systems-and-elimination/IE-18/lean)	UNKNOWN STEP	2026-09-12T15:55:18.3142379Z Included Software: https://github.com/actions/runner-images/blob/ubuntu24/20260907.300/images/ubuntu/Ubuntu2404-Readme.md
verify (IE-18, linear-systems-and-elimination/IE-18/lean)	UNKNOWN STEP	2026-09-12T15:55:18.3143972Z Image Release: https://github.com/actions/runner-images/releases/tag/ubuntu24%2F20260907.300
verify (IE-18, linear-systems-and-elimination/IE-18/lean)	UNKNOWN STEP	2026-09-12T15:55:18.3145633Z ##[endgroup]
verify (IE-18, linear-systems-and-elimination/IE-18/lean)	UNKNOWN STEP	2026-09-12T15:55:18.3146783Z ##[group]GITHUB_TOKEN Permissions
verify (IE-18, linear-systems-and-elimination/IE-18/lean)	UNKNOWN STEP	2026-09-12T15:55:18.3148979Z Contents: read
verify (IE-18, linear-systems-and-elimination/IE-18/lean)	UNKNOWN STEP	2026-09-12T15:55:18.3149570Z Metadata: read
verify (IE-18, linear-systems-and-elimination/IE-18/lean)	UNKNOWN STEP	2026-09-12T15:55:18.3150229Z ##[endgroup]
verify (IE-18, linear-systems-and-elimination/IE-18/lean)	UNKNOWN STEP	2026-09-12T15:55:18.3152238Z Secret source: Actions
verify (IE-18, linear-systems-and-elimination/IE-18/lean)	UNKNOWN STEP	2026-09-12T15:55:18.3153314Z Cache mode: write
verify (IE-18, linear-systems-and-elimination/IE-18/lean)	UNKNOWN STEP	2026-09-12T15:55:18.3154014Z Prepare workflow directory
verify (IE-18, linear-systems-and-elimination/IE-18/lean)	UNKNOWN STEP	2026-09-12T15:55:18.3488689Z Prepare all required actions
verify (IE-18, linear-systems-and-elimination/IE-18/lean)	UNKNOWN STEP	2026-09-12T15:55:18.3538033Z Getting action download info
verify (IE-18, linear-systems-and-elimination/IE-18/lean)	UNKNOWN STEP	2026-09-12T15:55:18.7391185Z Download action repository 'actions/checkout@11d5960a326750d5838078e36cf38b85af677262' (SHA:11d5960a326750d5838078e36cf38b85af677262)
verify (IE-18, linear-systems-and-elimination/IE-18/lean)	UNKNOWN STEP	2026-09-12T15:55:18.8523347Z Download action repository 'actions/setup-go@924ae3a1cded613372ab5595356fb5720e22ba16' (SHA:924ae3a1cded613372ab5595356fb5720e22ba16)
verify (IE-18, linear-systems-and-elimination/IE-18/lean)	UNKNOWN STEP	2026-09-12T15:55:19.2971668Z Download action repository 'leanprover/lean-action@96e06131c0e9943c780388fd166f55d1e2fa0433' (SHA:96e06131c0e9943c780388fd166f55d1e2fa0433)
verify (IE-18, linear-systems-and-elimination/IE-18/lean)	UNKNOWN STEP	2026-09-12T15:55:19.4996048Z Download action repository 'actions/upload-artifact@ea165f8d65b6e75b540449e92b4886f43607fa02' (SHA:ea165f8d65b6e75b540449e92b4886f43607fa02)
verify (IE-18, linear-systems-and-elimination/IE-18/lean)	UNKNOWN STEP	2026-09-12T15:55:19.7512615Z Getting action download info
verify (IE-18, linear-systems-and-elimination/IE-18/lean)	UNKNOWN STEP	2026-09-12T15:55:19.9727095Z Download action repository 'actions/cache@v5' (SHA:caa296126883cff596d87d8935842f9db880ef25)
verify (IE-18, linear-systems-and-elimination/IE-18/lean)	UNKNOWN STEP	2026-09-12T15:55:20.2179790Z Complete job name: verify (IE-18, linear-systems-and-elimination/IE-18/lean)
verify (IE-18, linear-systems-and-elimination/IE-18/lean)	UNKNOWN STEP	2026-09-12T15:55:20.3156361Z Node 20 is being deprecated. This workflow is running with Node 24 by default. If you need to temporarily use Node 20, you can set the ACTIONS_ALLOW_USE_UNSECURE_NODE_VERSION=true environment variable. For more information see: https://github.blog/changelog/2025-09-19-deprecation-of-node-20-on-github-actions-runners/
verify (IE-18, linear-systems-and-elimination/IE-18/lean)	UNKNOWN STEP	2026-09-12T15:55:20.3167606Z ##[group]Run actions/checkout@11d5960a326750d5838078e36cf38b85af677262
verify (IE-18, linear-systems-and-elimination/IE-18/lean)	UNKNOWN STEP	2026-09-12T15:55:20.3169204Z with:
verify (IE-18, linear-systems-and-elimination/IE-18/lean)	UNKNOWN STEP	2026-09-12T15:55:20.3170102Z   persist-credentials: false
verify (IE-18, linear-systems-and-elimination/IE-18/lean)	UNKNOWN STEP	2026-09-12T15:55:20.3171212Z   repository: sgstepaniants/OpenProblemsInNLA
verify (IE-18, linear-systems-and-elimination/IE-18/lean)	UNKNOWN STEP	2026-09-12T15:55:20.3180766Z   token: ***
verify (IE-18, linear-systems-and-elimination/IE-18/lean)	UNKNOWN STEP	2026-09-12T15:55:20.3181621Z   ssh-strict: true
verify (IE-18, linear-systems-and-elimination/IE-18/lean)	UNKNOWN STEP	2026-09-12T15:55:20.3182483Z   ssh-user: git
verify (IE-18, linear-systems-and-elimination/IE-18/lean)	UNKNOWN STEP	2026-09-12T15:55:20.3183338Z   clean: true
verify (IE-18, linear-systems-and-elimination/IE-18/lean)	UNKNOWN STEP	2026-09-12T15:55:20.3184257Z   sparse-checkout-cone-mode: true
verify (IE-18, linear-systems-and-elimination/IE-18/lean)	UNKNOWN STEP	2026-09-12T15:55:20.3185436Z   fetch-depth: 1
verify (IE-18, linear-systems-and-elimination/IE-18/lean)	UNKNOWN STEP	2026-09-12T15:55:20.3186285Z   fetch-tags: false
verify (IE-18, linear-systems-and-elimination/IE-18/lean)	UNKNOWN STEP	2026-09-12T15:55:20.3187169Z   show-progress: true
verify (IE-18, linear-systems-and-elimination/IE-18/lean)	UNKNOWN STEP	2026-09-12T15:55:20.3188107Z   lfs: false
verify (IE-18, linear-systems-and-elimination/IE-18/lean)	UNKNOWN STEP	2026-09-12T15:55:20.3188949Z   submodules: false
verify (IE-18, linear-systems-and-elimination/IE-18/lean)	UNKNOWN STEP	2026-09-12T15:55:20.3189846Z   set-safe-directory: true
verify (IE-18, linear-systems-and-elimination/IE-18/lean)	UNKNOWN STEP	2026-09-12T15:55:20.3190859Z   allow-unsafe-pr-checkout: false
verify (IE-18, linear-systems-and-elimination/IE-18/lean)	UNKNOWN STEP	2026-09-12T15:55:20.3192180Z ##[endgroup]
verify (IE-18, linear-systems-and-elimination/IE-18/lean)	UNKNOWN STEP	2026-09-12T15:55:20.4296641Z Syncing repository: sgstepaniants/OpenProblemsInNLA
verify (IE-18, linear-systems-and-elimination/IE-18/lean)	UNKNOWN STEP	2026-09-12T15:55:20.4301283Z ##[group]Getting Git version info
verify (IE-18, linear-systems-and-elimination/IE-18/lean)	UNKNOWN STEP	2026-09-12T15:55:20.4304137Z Working directory is '/home/runner/work/OpenProblemsInNLA/OpenProblemsInNLA'
verify (IE-18, linear-systems-and-elimination/IE-18/lean)	UNKNOWN STEP	2026-09-12T15:55:20.4309093Z [command]/usr/bin/git version
verify (IE-18, linear-systems-and-elimination/IE-18/lean)	UNKNOWN STEP	2026-09-12T15:55:20.4340412Z git version 2.55.0
verify (IE-18, linear-systems-and-elimination/IE-18/lean)	UNKNOWN STEP	2026-09-12T15:55:20.4377366Z ##[endgroup]
verify (IE-18, linear-systems-and-elimination/IE-18/lean)	UNKNOWN STEP	2026-09-12T15:55:20.4388499Z Temporarily overriding HOME='/home/runner/work/_temp/ea2f0263-4223-4202-b658-5e82ad32d11a' before making global git config changes
verify (IE-18, linear-systems-and-elimination/IE-18/lean)	UNKNOWN STEP	2026-09-12T15:55:20.4393180Z Adding repository directory to the temporary git global config as a safe directory
verify (IE-18, linear-systems-and-elimination/IE-18/lean)	UNKNOWN STEP	2026-09-12T15:55:20.4397824Z [command]/usr/bin/git config --global --add safe.directory /home/runner/work/OpenProblemsInNLA/OpenProblemsInNLA
verify (IE-18, linear-systems-and-elimination/IE-18/lean)	UNKNOWN STEP	2026-09-12T15:55:20.4448057Z Deleting the contents of '/home/runner/work/OpenProblemsInNLA/OpenProblemsInNLA'
verify (IE-18, linear-systems-and-elimination/IE-18/lean)	UNKNOWN STEP	2026-09-12T15:55:20.4453465Z ##[group]Initializing the repository
verify (IE-18, linear-systems-and-elimination/IE-18/lean)	UNKNOWN STEP	2026-09-12T15:55:20.4459028Z [command]/usr/bin/git init /home/runner/work/OpenProblemsInNLA/OpenProblemsInNLA
verify (IE-18, linear-systems-and-elimination/IE-18/lean)	UNKNOWN STEP	2026-09-12T15:55:20.4571689Z hint: Using 'master' as the name for the initial branch. This default branch name
verify (IE-18, linear-systems-and-elimination/IE-18/lean)	UNKNOWN STEP	2026-09-12T15:55:20.4575611Z hint: will change to "main" in Git 3.0. To configure the initial branch name
verify (IE-18, linear-systems-and-elimination/IE-18/lean)	UNKNOWN STEP	2026-09-12T15:55:20.4578804Z hint: to use in all of your new repositories, which will suppress this warning,
verify (IE-18, linear-systems-and-elimination/IE-18/lean)	UNKNOWN STEP	2026-09-12T15:55:20.4581273Z hint: call:
verify (IE-18, linear-systems-and-elimination/IE-18/lean)	UNKNOWN STEP	2026-09-12T15:55:20.4582563Z hint:
verify (IE-18, linear-systems-and-elimination/IE-18/lean)	UNKNOWN STEP	2026-09-12T15:55:20.4584141Z hint: 	git config --global init.defaultBranch <name>
verify (IE-18, linear-systems-and-elimination/IE-18/lean)	UNKNOWN STEP	2026-09-12T15:55:20.4586328Z hint:
verify (IE-18, linear-systems-and-elimination/IE-18/lean)	UNKNOWN STEP	2026-09-12T15:55:20.4588187Z hint: Names commonly chosen instead of 'master' are 'main', 'trunk' and
verify (IE-18, linear-systems-and-elimination/IE-18/lean)	UNKNOWN STEP	2026-09-12T15:55:20.4591276Z hint: 'development'. The just-created branch can be renamed via this command:
verify (IE-18, linear-systems-and-elimination/IE-18/lean)	UNKNOWN STEP	2026-09-12T15:55:20.4593737Z hint:
verify (IE-18, linear-systems-and-elimination/IE-18/lean)	UNKNOWN STEP	2026-09-12T15:55:20.4598263Z hint: 	git branch -m <name>
verify (IE-18, linear-systems-and-elimination/IE-18/lean)	UNKNOWN STEP	2026-09-12T15:55:20.4599856Z hint:
verify (IE-18, linear-systems-and-elimination/IE-18/lean)	UNKNOWN STEP	2026-09-12T15:55:20.4601537Z hint: Disable this message with "git config set advice.defaultBranchName false"
verify (IE-18, linear-systems-and-elimination/IE-18/lean)	UNKNOWN STEP	2026-09-12T15:55:20.4605205Z Initialized empty Git repository in /home/runner/work/OpenProblemsInNLA/OpenProblemsInNLA/.git/
verify (IE-18, linear-systems-and-elimination/IE-18/lean)	UNKNOWN STEP	2026-09-12T15:55:20.4611160Z [command]/usr/bin/git remote add origin https://github.com/sgstepaniants/OpenProblemsInNLA
verify (IE-18, linear-systems-and-elimination/IE-18/lean)	UNKNOWN STEP	2026-09-12T15:55:20.4643823Z ##[endgroup]
verify (IE-18, linear-systems-and-elimination/IE-18/lean)	UNKNOWN STEP	2026-09-12T15:55:20.4647111Z ##[group]Disabling automatic garbage collection
verify (IE-18, linear-systems-and-elimination/IE-18/lean)	UNKNOWN STEP	2026-09-12T15:55:20.4649268Z [command]/usr/bin/git config --local gc.auto 0
verify (IE-18, linear-systems-and-elimination/IE-18/lean)	UNKNOWN STEP	2026-09-12T15:55:20.4683696Z ##[endgroup]
verify (IE-18, linear-systems-and-elimination/IE-18/lean)	UNKNOWN STEP	2026-09-12T15:55:20.4686198Z ##[group]Setting up auth
verify (IE-18, linear-systems-and-elimination/IE-18/lean)	UNKNOWN STEP	2026-09-12T15:55:20.4690059Z [command]/usr/bin/git config --local --name-only --get-regexp core\.sshCommand
verify (IE-18, linear-systems-and-elimination/IE-18/lean)	UNKNOWN STEP	2026-09-12T15:55:20.4728138Z [command]/usr/bin/git submodule foreach --recursive sh -c "git config --local --name-only --get-regexp 'core\.sshCommand' && git config --local --unset-all 'core.sshCommand' || :"
verify (IE-18, linear-systems-and-elimination/IE-18/lean)	UNKNOWN STEP	2026-09-12T15:55:20.5092734Z [command]/usr/bin/git config --local --name-only --get-regexp http\.https\:\/\/github\.com\/\.extraheader
verify (IE-18, linear-systems-and-elimination/IE-18/lean)	UNKNOWN STEP	2026-09-12T15:55:20.5140493Z [command]/usr/bin/git submodule foreach --recursive sh -c "git config --local --name-only --get-regexp 'http\.https\:\/\/github\.com\/\.extraheader' && git config --local --unset-all 'http.https://github.com/.extraheader' || :"
verify (IE-18, linear-systems-and-elimination/IE-18/lean)	UNKNOWN STEP	2026-09-12T15:55:20.5371742Z [command]/usr/bin/git config --local --name-only --get-regexp ^includeIf\.gitdir:
verify (IE-18, linear-systems-and-elimination/IE-18/lean)	UNKNOWN STEP	2026-09-12T15:55:20.5408005Z [command]/usr/bin/git submodule foreach --recursive git config --local --show-origin --name-only --get-regexp remote.origin.url
verify (IE-18, linear-systems-and-elimination/IE-18/lean)	UNKNOWN STEP	2026-09-12T15:55:20.5634856Z [command]/usr/bin/git config --local http.https://github.com/.extraheader AUTHORIZATION: basic ***
verify (IE-18, linear-systems-and-elimination/IE-18/lean)	UNKNOWN STEP	2026-09-12T15:55:20.5672999Z ##[endgroup]
verify (IE-18, linear-systems-and-elimination/IE-18/lean)	UNKNOWN STEP	2026-09-12T15:55:20.5674738Z ##[group]Fetching the repository
verify (IE-18, linear-systems-and-elimination/IE-18/lean)	UNKNOWN STEP	2026-09-12T15:55:20.5684035Z [command]/usr/bin/git -c protocol.version=2 fetch --no-tags --prune --no-recurse-submodules --depth=1 origin +7b8512e21c50adc8597dcdbed32f2aec13c3b43e:refs/remotes/origin/codex/lean-ie18-anderson-counterexample
verify (IE-18, linear-systems-and-elimination/IE-18/lean)	UNKNOWN STEP	2026-09-12T15:55:22.3531749Z From https://github.com/sgstepaniants/OpenProblemsInNLA
verify (IE-18, linear-systems-and-elimination/IE-18/lean)	UNKNOWN STEP	2026-09-12T15:55:22.3532555Z  * [new ref]         7b8512e21c50adc8597dcdbed32f2aec13c3b43e -> origin/codex/lean-ie18-anderson-counterexample
verify (IE-18, linear-systems-and-elimination/IE-18/lean)	UNKNOWN STEP	2026-09-12T15:55:22.3535586Z ##[endgroup]
verify (IE-18, linear-systems-and-elimination/IE-18/lean)	UNKNOWN STEP	2026-09-12T15:55:22.3536304Z ##[group]Determining the checkout info
verify (IE-18, linear-systems-and-elimination/IE-18/lean)	UNKNOWN STEP	2026-09-12T15:55:22.3538257Z ##[endgroup]
verify (IE-18, linear-systems-and-elimination/IE-18/lean)	UNKNOWN STEP	2026-09-12T15:55:22.3544769Z [command]/usr/bin/git sparse-checkout disable
verify (IE-18, linear-systems-and-elimination/IE-18/lean)	UNKNOWN STEP	2026-09-12T15:55:22.3595637Z [command]/usr/bin/git config --local --unset-all extensions.worktreeConfig
verify (IE-18, linear-systems-and-elimination/IE-18/lean)	UNKNOWN STEP	2026-09-12T15:55:22.3627379Z ##[group]Checking out the ref
verify (IE-18, linear-systems-and-elimination/IE-18/lean)	UNKNOWN STEP	2026-09-12T15:55:22.3632041Z [command]/usr/bin/git checkout --progress --force -B codex/lean-ie18-anderson-counterexample refs/remotes/origin/codex/lean-ie18-anderson-counterexample
verify (IE-18, linear-systems-and-elimination/IE-18/lean)	UNKNOWN STEP	2026-09-12T15:55:22.7813245Z Switched to a new branch 'codex/lean-ie18-anderson-counterexample'
verify (IE-18, linear-systems-and-elimination/IE-18/lean)	UNKNOWN STEP	2026-09-12T15:55:22.7819454Z branch 'codex/lean-ie18-anderson-counterexample' set up to track 'origin/codex/lean-ie18-anderson-counterexample'.
verify (IE-18, linear-systems-and-elimination/IE-18/lean)	UNKNOWN STEP	2026-09-12T15:55:22.7843052Z ##[endgroup]
verify (IE-18, linear-systems-and-elimination/IE-18/lean)	UNKNOWN STEP	2026-09-12T15:55:22.7895253Z [command]/usr/bin/git log -1 --format=%H
verify (IE-18, linear-systems-and-elimination/IE-18/lean)	UNKNOWN STEP	2026-09-12T15:55:22.7921322Z 7b8512e21c50adc8597dcdbed32f2aec13c3b43e
verify (IE-18, linear-systems-and-elimination/IE-18/lean)	UNKNOWN STEP	2026-09-12T15:55:22.7932306Z ##[group]Removing auth
verify (IE-18, linear-systems-and-elimination/IE-18/lean)	UNKNOWN STEP	2026-09-12T15:55:22.7936681Z [command]/usr/bin/git config --local --name-only --get-regexp core\.sshCommand
verify (IE-18, linear-systems-and-elimination/IE-18/lean)	UNKNOWN STEP	2026-09-12T15:55:22.7972356Z [command]/usr/bin/git submodule foreach --recursive sh -c "git config --local --name-only --get-regexp 'core\.sshCommand' && git config --local --unset-all 'core.sshCommand' || :"
verify (IE-18, linear-systems-and-elimination/IE-18/lean)	UNKNOWN STEP	2026-09-12T15:55:22.8215889Z [command]/usr/bin/git config --local --name-only --get-regexp http\.https\:\/\/github\.com\/\.extraheader
verify (IE-18, linear-systems-and-elimination/IE-18/lean)	UNKNOWN STEP	2026-09-12T15:55:22.8242810Z http.https://github.com/.extraheader
verify (IE-18, linear-systems-and-elimination/IE-18/lean)	UNKNOWN STEP	2026-09-12T15:55:22.8251499Z [command]/usr/bin/git config --local --unset-all http.https://github.com/.extraheader
verify (IE-18, linear-systems-and-elimination/IE-18/lean)	UNKNOWN STEP	2026-09-12T15:55:22.8288257Z [command]/usr/bin/git submodule foreach --recursive sh -c "git config --local --name-only --get-regexp 'http\.https\:\/\/github\.com\/\.extraheader' && git config --local --unset-all 'http.https://github.com/.extraheader' || :"
verify (IE-18, linear-systems-and-elimination/IE-18/lean)	UNKNOWN STEP	2026-09-12T15:55:22.8532019Z [command]/usr/bin/git config --local --name-only --get-regexp ^includeIf\.gitdir:
verify (IE-18, linear-systems-and-elimination/IE-18/lean)	UNKNOWN STEP	2026-09-12T15:55:22.8575937Z [command]/usr/bin/git submodule foreach --recursive git config --local --show-origin --name-only --get-regexp remote.origin.url
verify (IE-18, linear-systems-and-elimination/IE-18/lean)	UNKNOWN STEP	2026-09-12T15:55:22.8801135Z ##[endgroup]
verify (IE-18, linear-systems-and-elimination/IE-18/lean)	UNKNOWN STEP	2026-09-12T15:55:22.9017347Z ##[group]Run python3 -m pip install -r tools/lean/requirements.txt
verify (IE-18, linear-systems-and-elimination/IE-18/lean)	UNKNOWN STEP	2026-09-12T15:55:22.9017907Z ^[[36;1mpython3 -m pip install -r tools/lean/requirements.txt^[[0m
verify (IE-18, linear-systems-and-elimination/IE-18/lean)	UNKNOWN STEP	2026-09-12T15:55:22.9018373Z ^[[36;1mpython3 tools/lean/validate_manifest.py "$LEAN_PROJECT"^[[0m
verify (IE-18, linear-systems-and-elimination/IE-18/lean)	UNKNOWN STEP	2026-09-12T15:55:22.9056654Z shell: /usr/bin/bash -e {0}
verify (IE-18, linear-systems-and-elimination/IE-18/lean)	UNKNOWN STEP	2026-09-12T15:55:22.9056921Z env:
verify (IE-18, linear-systems-and-elimination/IE-18/lean)	UNKNOWN STEP	2026-09-12T15:55:22.9057218Z   LEAN_PROJECT: linear-systems-and-elimination/IE-18/lean
verify (IE-18, linear-systems-and-elimination/IE-18/lean)	UNKNOWN STEP	2026-09-12T15:55:22.9057575Z ##[endgroup]
verify (IE-18, linear-systems-and-elimination/IE-18/lean)	UNKNOWN STEP	2026-09-12T15:55:24.0775636Z Defaulting to user installation because normal site-packages is not writeable
verify (IE-18, linear-systems-and-elimination/IE-18/lean)	UNKNOWN STEP	2026-09-12T15:55:24.9019862Z Collecting PyYAML==6.0.3 (from -r tools/lean/requirements.txt (line 1))
verify (IE-18, linear-systems-and-elimination/IE-18/lean)	UNKNOWN STEP	2026-09-12T15:55:24.9271887Z   Downloading pyyaml-6.0.3-cp312-cp312-manylinux2014_x86_64.manylinux_2_17_x86_64.manylinux_2_28_x86_64.whl.metadata (2.4 kB)
verify (IE-18, linear-systems-and-elimination/IE-18/lean)	UNKNOWN STEP	2026-09-12T15:55:24.9629064Z Collecting jsonschema==4.26.0 (from -r tools/lean/requirements.txt (line 2))
verify (IE-18, linear-systems-and-elimination/IE-18/lean)	UNKNOWN STEP	2026-09-12T15:55:24.9652789Z   Downloading jsonschema-4.26.0-py3-none-any.whl.metadata (7.6 kB)
verify (IE-18, linear-systems-and-elimination/IE-18/lean)	UNKNOWN STEP	2026-09-12T15:55:24.9818544Z Requirement already satisfied: attrs>=22.2.0 in /usr/lib/python3/dist-packages (from jsonschema==4.26.0->-r tools/lean/requirements.txt (line 2)) (23.2.0)
verify (IE-18, linear-systems-and-elimination/IE-18/lean)	UNKNOWN STEP	2026-09-12T15:55:24.9982085Z Collecting jsonschema-specifications>=2023.03.6 (from jsonschema==4.26.0->-r tools/lean/requirements.txt (line 2))
verify (IE-18, linear-systems-and-elimination/IE-18/lean)	UNKNOWN STEP	2026-09-12T15:55:25.0004326Z   Downloading jsonschema_specifications-2025.9.1-py3-none-any.whl.metadata (2.9 kB)
verify (IE-18, linear-systems-and-elimination/IE-18/lean)	UNKNOWN STEP	2026-09-12T15:55:25.0375644Z Collecting referencing>=0.28.4 (from jsonschema==4.26.0->-r tools/lean/requirements.txt (line 2))
verify (IE-18, linear-systems-and-elimination/IE-18/lean)	UNKNOWN STEP	2026-09-12T15:55:25.0400772Z   Downloading referencing-0.37.0-py3-none-any.whl.metadata (2.8 kB)
verify (IE-18, linear-systems-and-elimination/IE-18/lean)	UNKNOWN STEP	2026-09-12T15:55:25.3454074Z Collecting rpds-py>=0.25.0 (from jsonschema==4.26.0->-r tools/lean/requirements.txt (line 2))
verify (IE-18, linear-systems-and-elimination/IE-18/lean)	UNKNOWN STEP	2026-09-12T15:55:25.3492742Z   Downloading rpds_py-2026.6.3-cp312-cp312-manylinux_2_17_x86_64.manylinux2014_x86_64.whl.metadata (4.1 kB)
verify (IE-18, linear-systems-and-elimination/IE-18/lean)	UNKNOWN STEP	2026-09-12T15:55:25.3844237Z Requirement already satisfied: typing-extensions>=4.4.0 in /usr/lib/python3/dist-packages (from referencing>=0.28.4->jsonschema==4.26.0->-r tools/lean/requirements.txt (line 2)) (4.10.0)
verify (IE-18, linear-systems-and-elimination/IE-18/lean)	UNKNOWN STEP	2026-09-12T15:55:25.3905990Z Downloading pyyaml-6.0.3-cp312-cp312-manylinux2014_x86_64.manylinux_2_17_x86_64.manylinux_2_28_x86_64.whl (807 kB)
verify (IE-18, linear-systems-and-elimination/IE-18/lean)	UNKNOWN STEP	2026-09-12T15:55:25.4043762Z    ━━━━━━━━━━━━━━━━━━━━━━━━━━━━━━━━━━━━━━━━ 807.9/807.9 kB 70.5 MB/s eta 0:00:00
verify (IE-18, linear-systems-and-elimination/IE-18/lean)	UNKNOWN STEP	2026-09-12T15:55:25.4068523Z Downloading jsonschema-4.26.0-py3-none-any.whl (90 kB)
verify (IE-18, linear-systems-and-elimination/IE-18/lean)	UNKNOWN STEP	2026-09-12T15:55:25.4109723Z    ━━━━━━━━━━━━━━━━━━━━━━━━━━━━━━━━━━━━━━━━ 90.6/90.6 kB 33.8 MB/s eta 0:00:00
verify (IE-18, linear-systems-and-elimination/IE-18/lean)	UNKNOWN STEP	2026-09-12T15:55:25.4134735Z Downloading jsonschema_specifications-2025.9.1-py3-none-any.whl (18 kB)
verify (IE-18, linear-systems-and-elimination/IE-18/lean)	UNKNOWN STEP	2026-09-12T15:55:25.4178593Z Downloading referencing-0.37.0-py3-none-any.whl (26 kB)
verify (IE-18, linear-systems-and-elimination/IE-18/lean)	UNKNOWN STEP	2026-09-12T15:55:25.4224106Z Downloading rpds_py-2026.6.3-cp312-cp312-manylinux_2_17_x86_64.manylinux2014_x86_64.whl (366 kB)
verify (IE-18, linear-systems-and-elimination/IE-18/lean)	UNKNOWN STEP	2026-09-12T15:55:25.4284294Z    ━━━━━━━━━━━━━━━━━━━━━━━━━━━━━━━━━━━━━━━━ 366.2/366.2 kB 83.0 MB/s eta 0:00:00
verify (IE-18, linear-systems-and-elimination/IE-18/lean)	UNKNOWN STEP	2026-09-12T15:55:25.7183116Z Installing collected packages: rpds-py, PyYAML, referencing, jsonschema-specifications, jsonschema
verify (IE-18, linear-systems-and-elimination/IE-18/lean)	UNKNOWN STEP	2026-09-12T15:55:25.8872230Z Successfully installed PyYAML-6.0.3 jsonschema-4.26.0 jsonschema-specifications-2025.9.1 referencing-0.37.0 rpds-py-2026.6.3
verify (IE-18, linear-systems-and-elimination/IE-18/lean)	UNKNOWN STEP	2026-09-12T15:55:26.0900609Z Manifest schema and comparator coverage: PASS (3 declarations)
verify (IE-18, linear-systems-and-elimination/IE-18/lean)	UNKNOWN STEP	2026-09-12T15:55:26.1100487Z ##[group]Run actions/setup-go@924ae3a1cded613372ab5595356fb5720e22ba16
verify (IE-18, linear-systems-and-elimination/IE-18/lean)	UNKNOWN STEP	2026-09-12T15:55:26.1100880Z with:
verify (IE-18, linear-systems-and-elimination/IE-18/lean)	UNKNOWN STEP	2026-09-12T15:55:26.1101072Z   go-version: 1.27.1
verify (IE-18, linear-systems-and-elimination/IE-18/lean)	UNKNOWN STEP	2026-09-12T15:55:26.1101282Z   cache: false
verify (IE-18, linear-systems-and-elimination/IE-18/lean)	UNKNOWN STEP	2026-09-12T15:55:26.1101486Z   check-latest: false
verify (IE-18, linear-systems-and-elimination/IE-18/lean)	UNKNOWN STEP	2026-09-12T15:55:26.1104188Z   token: ***
verify (IE-18, linear-systems-and-elimination/IE-18/lean)	UNKNOWN STEP	2026-09-12T15:55:26.1104391Z ##[endgroup]
verify (IE-18, linear-systems-and-elimination/IE-18/lean)	UNKNOWN STEP	2026-09-12T15:55:26.2318055Z Setup go version spec 1.27.1
verify (IE-18, linear-systems-and-elimination/IE-18/lean)	UNKNOWN STEP	2026-09-12T15:55:26.2330981Z Attempting to download 1.27.1...
verify (IE-18, linear-systems-and-elimination/IE-18/lean)	UNKNOWN STEP	2026-09-12T15:55:26.8753145Z matching 1.27.1...
verify (IE-18, linear-systems-and-elimination/IE-18/lean)	UNKNOWN STEP	2026-09-12T15:55:26.8781029Z Acquiring 1.27.1 from https://github.com/actions/go-versions/releases/download/1.27.1-33583469715/go-1.27.1-linux-x64.tar.gz
verify (IE-18, linear-systems-and-elimination/IE-18/lean)	UNKNOWN STEP	2026-09-12T15:55:27.4565420Z Extracting Go...
verify (IE-18, linear-systems-and-elimination/IE-18/lean)	UNKNOWN STEP	2026-09-12T15:55:27.4673159Z [command]/usr/bin/tar xz --warning=no-unknown-keyword --overwrite -C /home/runner/work/_temp/fb3cdf73-0a01-4281-b5cf-8f9fe1672545 -f /home/runner/work/_temp/42ce7c2d-a79e-494a-ad38-c0d7290849ba
verify (IE-18, linear-systems-and-elimination/IE-18/lean)	UNKNOWN STEP	2026-09-12T15:55:29.1256207Z Successfully extracted go to /home/runner/work/_temp/fb3cdf73-0a01-4281-b5cf-8f9fe1672545
verify (IE-18, linear-systems-and-elimination/IE-18/lean)	UNKNOWN STEP	2026-09-12T15:55:29.1256992Z Adding to the cache ...
verify (IE-18, linear-systems-and-elimination/IE-18/lean)	UNKNOWN STEP	2026-09-12T15:55:34.9111013Z Successfully cached go to /opt/hostedtoolcache/go/1.27.1/x64
verify (IE-18, linear-systems-and-elimination/IE-18/lean)	UNKNOWN STEP	2026-09-12T15:55:34.9119307Z Added go to the path
verify (IE-18, linear-systems-and-elimination/IE-18/lean)	UNKNOWN STEP	2026-09-12T15:55:34.9119734Z Successfully set up Go version 1.27.1
verify (IE-18, linear-systems-and-elimination/IE-18/lean)	UNKNOWN STEP	2026-09-12T15:55:34.9365508Z go version go1.27.1 linux/amd64
verify (IE-18, linear-systems-and-elimination/IE-18/lean)	UNKNOWN STEP	2026-09-12T15:55:34.9365857Z 
verify (IE-18, linear-systems-and-elimination/IE-18/lean)	UNKNOWN STEP	2026-09-12T15:55:34.9366289Z ##[group]go env
verify (IE-18, linear-systems-and-elimination/IE-18/lean)	UNKNOWN STEP	2026-09-12T15:55:35.0739944Z AR='ar'
verify (IE-18, linear-systems-and-elimination/IE-18/lean)	UNKNOWN STEP	2026-09-12T15:55:35.0740176Z CC='gcc'
verify (IE-18, linear-systems-and-elimination/IE-18/lean)	UNKNOWN STEP	2026-09-12T15:55:35.0740522Z CGO_CFLAGS='-O2 -g'
verify (IE-18, linear-systems-and-elimination/IE-18/lean)	UNKNOWN STEP	2026-09-12T15:55:35.0740779Z CGO_CPPFLAGS=''
verify (IE-18, linear-systems-and-elimination/IE-18/lean)	UNKNOWN STEP	2026-09-12T15:55:35.0741018Z CGO_CXXFLAGS='-O2 -g'
verify (IE-18, linear-systems-and-elimination/IE-18/lean)	UNKNOWN STEP	2026-09-12T15:55:35.0741238Z CGO_ENABLED='1'
verify (IE-18, linear-systems-and-elimination/IE-18/lean)	UNKNOWN STEP	2026-09-12T15:55:35.0741435Z CGO_FFLAGS='-O2 -g'
verify (IE-18, linear-systems-and-elimination/IE-18/lean)	UNKNOWN STEP	2026-09-12T15:55:35.0741657Z CGO_LDFLAGS='-O2 -g'
verify (IE-18, linear-systems-and-elimination/IE-18/lean)	UNKNOWN STEP	2026-09-12T15:55:35.0741868Z CXX='g++'
verify (IE-18, linear-systems-and-elimination/IE-18/lean)	UNKNOWN STEP	2026-09-12T15:55:35.0742054Z GCCGO='gccgo'
verify (IE-18, linear-systems-and-elimination/IE-18/lean)	UNKNOWN STEP	2026-09-12T15:55:35.0742274Z GO111MODULE=''
verify (IE-18, linear-systems-and-elimination/IE-18/lean)	UNKNOWN STEP	2026-09-12T15:55:35.0742475Z GOAMD64='v1'
verify (IE-18, linear-systems-and-elimination/IE-18/lean)	UNKNOWN STEP	2026-09-12T15:55:35.0742662Z GOARCH='amd64'
verify (IE-18, linear-systems-and-elimination/IE-18/lean)	UNKNOWN STEP	2026-09-12T15:55:35.0742863Z GOAUTH='netrc'
verify (IE-18, linear-systems-and-elimination/IE-18/lean)	UNKNOWN STEP	2026-09-12T15:55:35.0743068Z GOBIN='/home/runner/go/bin'
verify (IE-18, linear-systems-and-elimination/IE-18/lean)	UNKNOWN STEP	2026-09-12T15:55:35.0743328Z GOCACHE='/home/runner/.cache/go-build'
verify (IE-18, linear-systems-and-elimination/IE-18/lean)	UNKNOWN STEP	2026-09-12T15:55:35.0743617Z GOCACHEPROG=''
verify (IE-18, linear-systems-and-elimination/IE-18/lean)	UNKNOWN STEP	2026-09-12T15:55:35.0743811Z GODEBUG=''
verify (IE-18, linear-systems-and-elimination/IE-18/lean)	UNKNOWN STEP	2026-09-12T15:55:35.0744016Z GOENV='/home/runner/.config/go/env'
verify (IE-18, linear-systems-and-elimination/IE-18/lean)	UNKNOWN STEP	2026-09-12T15:55:35.0744265Z GOEXE=''
verify (IE-18, linear-systems-and-elimination/IE-18/lean)	UNKNOWN STEP	2026-09-12T15:55:35.0744456Z GOEXPERIMENT=''
verify (IE-18, linear-systems-and-elimination/IE-18/lean)	UNKNOWN STEP	2026-09-12T15:55:35.0745097Z GOFIPS140='off'
verify (IE-18, linear-systems-and-elimination/IE-18/lean)	UNKNOWN STEP	2026-09-12T15:55:35.0745432Z GOFLAGS=''
verify (IE-18, linear-systems-and-elimination/IE-18/lean)	UNKNOWN STEP	2026-09-12T15:55:35.0746335Z GOGCCFLAGS='-fPIC -m64 -pthread -Wl,--no-gc-sections -fmessage-length=0 -ffile-prefix-map=/tmp/go-build3057915050=/tmp/go-build -gno-record-gcc-switches'
verify (IE-18, linear-systems-and-elimination/IE-18/lean)	UNKNOWN STEP	2026-09-12T15:55:35.0747291Z GOHOSTARCH='amd64'
verify (IE-18, linear-systems-and-elimination/IE-18/lean)	UNKNOWN STEP	2026-09-12T15:55:35.0747509Z GOHOSTOS='linux'
verify (IE-18, linear-systems-and-elimination/IE-18/lean)	UNKNOWN STEP	2026-09-12T15:55:35.0747708Z GOINSECURE=''
verify (IE-18, linear-systems-and-elimination/IE-18/lean)	UNKNOWN STEP	2026-09-12T15:55:35.0747905Z GOMOD='/dev/null'
verify (IE-18, linear-systems-and-elimination/IE-18/lean)	UNKNOWN STEP	2026-09-12T15:55:35.0748151Z GOMODCACHE='/home/runner/go/pkg/mod'
verify (IE-18, linear-systems-and-elimination/IE-18/lean)	UNKNOWN STEP	2026-09-12T15:55:35.0748409Z GONOPROXY=''
verify (IE-18, linear-systems-and-elimination/IE-18/lean)	UNKNOWN STEP	2026-09-12T15:55:35.0748593Z GONOSUMDB=''
verify (IE-18, linear-systems-and-elimination/IE-18/lean)	UNKNOWN STEP	2026-09-12T15:55:35.0748779Z GOOS='linux'
verify (IE-18, linear-systems-and-elimination/IE-18/lean)	UNKNOWN STEP	2026-09-12T15:55:35.0748973Z GOPACKAGESDRIVER=''
verify (IE-18, linear-systems-and-elimination/IE-18/lean)	UNKNOWN STEP	2026-09-12T15:55:35.0749198Z GOPATH='/home/runner/go'
verify (IE-18, linear-systems-and-elimination/IE-18/lean)	UNKNOWN STEP	2026-09-12T15:55:35.0749413Z GOPRIVATE=''
verify (IE-18, linear-systems-and-elimination/IE-18/lean)	UNKNOWN STEP	2026-09-12T15:55:35.0749659Z GOPROXY='https://proxy.golang.org,direct'
verify (IE-18, linear-systems-and-elimination/IE-18/lean)	UNKNOWN STEP	2026-09-12T15:55:35.0749985Z GOROOT='/opt/hostedtoolcache/go/1.27.1/x64'
verify (IE-18, linear-systems-and-elimination/IE-18/lean)	UNKNOWN STEP	2026-09-12T15:55:35.0750278Z GOSUMDB='sum.golang.org'
verify (IE-18, linear-systems-and-elimination/IE-18/lean)	UNKNOWN STEP	2026-09-12T15:55:35.0750502Z GOTELEMETRY='local'
verify (IE-18, linear-systems-and-elimination/IE-18/lean)	UNKNOWN STEP	2026-09-12T15:55:35.0750765Z GOTELEMETRYDIR='/home/runner/.config/go/telemetry'
verify (IE-18, linear-systems-and-elimination/IE-18/lean)	UNKNOWN STEP	2026-09-12T15:55:35.0751073Z GOTMPDIR=''
verify (IE-18, linear-systems-and-elimination/IE-18/lean)	UNKNOWN STEP	2026-09-12T15:55:35.0751264Z GOTOOLCHAIN='local'
verify (IE-18, linear-systems-and-elimination/IE-18/lean)	UNKNOWN STEP	2026-09-12T15:55:35.0751579Z GOTOOLDIR='/opt/hostedtoolcache/go/1.27.1/x64/pkg/tool/linux_amd64'
verify (IE-18, linear-systems-and-elimination/IE-18/lean)	UNKNOWN STEP	2026-09-12T15:55:35.0751933Z GOVCS=''
verify (IE-18, linear-systems-and-elimination/IE-18/lean)	UNKNOWN STEP	2026-09-12T15:55:35.0752121Z GOVERSION='go1.27.1'
verify (IE-18, linear-systems-and-elimination/IE-18/lean)	UNKNOWN STEP	2026-09-12T15:55:35.0752330Z GOWORK=''
verify (IE-18, linear-systems-and-elimination/IE-18/lean)	UNKNOWN STEP	2026-09-12T15:55:35.0752530Z PKG_CONFIG='pkg-config'
verify (IE-18, linear-systems-and-elimination/IE-18/lean)	UNKNOWN STEP	2026-09-12T15:55:35.0752666Z 
verify (IE-18, linear-systems-and-elimination/IE-18/lean)	UNKNOWN STEP	2026-09-12T15:55:35.0752951Z ##[endgroup]
verify (IE-18, linear-systems-and-elimination/IE-18/lean)	UNKNOWN STEP	2026-09-12T15:55:35.1214964Z ##[group]Run leanprover/lean-action@96e06131c0e9943c780388fd166f55d1e2fa0433
verify (IE-18, linear-systems-and-elimination/IE-18/lean)	UNKNOWN STEP	2026-09-12T15:55:35.1215701Z with:
verify (IE-18, linear-systems-and-elimination/IE-18/lean)	UNKNOWN STEP	2026-09-12T15:55:35.1216207Z   lake-package-directory: linear-systems-and-elimination/IE-18/lean
verify (IE-18, linear-systems-and-elimination/IE-18/lean)	UNKNOWN STEP	2026-09-12T15:55:35.1216630Z   auto-config: false
verify (IE-18, linear-systems-and-elimination/IE-18/lean)	UNKNOWN STEP	2026-09-12T15:55:35.1216839Z   build: false
verify (IE-18, linear-systems-and-elimination/IE-18/lean)	UNKNOWN STEP	2026-09-12T15:55:35.1217024Z   test: false
verify (IE-18, linear-systems-and-elimination/IE-18/lean)	UNKNOWN STEP	2026-09-12T15:55:35.1217201Z   lint: false
verify (IE-18, linear-systems-and-elimination/IE-18/lean)	UNKNOWN STEP	2026-09-12T15:55:35.1217391Z   use-mathlib-cache: false
verify (IE-18, linear-systems-and-elimination/IE-18/lean)	UNKNOWN STEP	2026-09-12T15:55:35.1217622Z   use-github-cache: false
verify (IE-18, linear-systems-and-elimination/IE-18/lean)	UNKNOWN STEP	2026-09-12T15:55:35.1217841Z   mk_all-check: false
verify (IE-18, linear-systems-and-elimination/IE-18/lean)	UNKNOWN STEP	2026-09-12T15:55:35.1218091Z   check-reservoir-eligibility: false
verify (IE-18, linear-systems-and-elimination/IE-18/lean)	UNKNOWN STEP	2026-09-12T15:55:35.1218348Z   leanchecker: false
verify (IE-18, linear-systems-and-elimination/IE-18/lean)	UNKNOWN STEP	2026-09-12T15:55:35.1218608Z   lean4checker: false
verify (IE-18, linear-systems-and-elimination/IE-18/lean)	UNKNOWN STEP	2026-09-12T15:55:35.1218826Z   nanoda: false
verify (IE-18, linear-systems-and-elimination/IE-18/lean)	UNKNOWN STEP	2026-09-12T15:55:35.1219030Z   nanoda-allow-sorry: true
verify (IE-18, linear-systems-and-elimination/IE-18/lean)	UNKNOWN STEP	2026-09-12T15:55:35.1219262Z   axiom-audit: false
verify (IE-18, linear-systems-and-elimination/IE-18/lean)	UNKNOWN STEP	2026-09-12T15:55:35.1219543Z   axiom-audit-allow: propext,Classical.choice,Quot.sound
verify (IE-18, linear-systems-and-elimination/IE-18/lean)	UNKNOWN STEP	2026-09-12T15:55:35.1219934Z   reinstall-transient-toolchain: false
verify (IE-18, linear-systems-and-elimination/IE-18/lean)	UNKNOWN STEP	2026-09-12T15:55:35.1220191Z env:
verify (IE-18, linear-systems-and-elimination/IE-18/lean)	UNKNOWN STEP	2026-09-12T15:55:35.1220365Z   GOTOOLCHAIN: local
verify (IE-18, linear-systems-and-elimination/IE-18/lean)	UNKNOWN STEP	2026-09-12T15:55:35.1220565Z ##[endgroup]
verify (IE-18, linear-systems-and-elimination/IE-18/lean)	UNKNOWN STEP	2026-09-12T15:55:35.1283474Z ##[start-action display=install elan;id=__leanprover_lean-action.__run]
verify (IE-18, linear-systems-and-elimination/IE-18/lean)	UNKNOWN STEP	2026-09-12T15:55:35.1306932Z ##[group]Run : Install Elan
verify (IE-18, linear-systems-and-elimination/IE-18/lean)	UNKNOWN STEP	2026-09-12T15:55:35.1307400Z ^[[36;1m: Install Elan^[[0m
verify (IE-18, linear-systems-and-elimination/IE-18/lean)	UNKNOWN STEP	2026-09-12T15:55:35.1307678Z ^[[36;1m${GITHUB_ACTION_PATH}/scripts/install_elan.sh^[[0m
verify (IE-18, linear-systems-and-elimination/IE-18/lean)	UNKNOWN STEP	2026-09-12T15:55:35.1347237Z shell: /usr/bin/bash --noprofile --norc -e -o pipefail {0}
verify (IE-18, linear-systems-and-elimination/IE-18/lean)	UNKNOWN STEP	2026-09-12T15:55:35.1347800Z env:
verify (IE-18, linear-systems-and-elimination/IE-18/lean)	UNKNOWN STEP	2026-09-12T15:55:35.1348004Z   GOTOOLCHAIN: local
verify (IE-18, linear-systems-and-elimination/IE-18/lean)	UNKNOWN STEP	2026-09-12T15:55:35.1348229Z ##[endgroup]
verify (IE-18, linear-systems-and-elimination/IE-18/lean)	UNKNOWN STEP	2026-09-12T15:55:35.1440977Z ##[group]Elan Installation Output
verify (IE-18, linear-systems-and-elimination/IE-18/lean)	UNKNOWN STEP	2026-09-12T15:55:35.2626503Z info: downloading installer
verify (IE-18, linear-systems-and-elimination/IE-18/lean)	UNKNOWN STEP	2026-09-12T15:55:36.4039031Z info: downloading https://releases.lean-lang.org/lean4/v4.33.1/lean-4.33.1-linux.tar.zst
verify (IE-18, linear-systems-and-elimination/IE-18/lean)	UNKNOWN STEP	2026-09-12T15:55:39.8671037Z info: installing /home/runner/.elan/toolchains/leanprover--lean4---v4.33.1
verify (IE-18, linear-systems-and-elimination/IE-18/lean)	UNKNOWN STEP	2026-09-12T15:55:46.6086020Z Lean (version 4.33.1, x86_64-unknown-linux-gnu, commit 819816b2e0a3bf405af45ae5c7af2491d8f5bee6, Release)
verify (IE-18, linear-systems-and-elimination/IE-18/lean)	UNKNOWN STEP	2026-09-12T15:55:46.6498977Z Lake version 5.0.0-src+819816b (Lean version 4.33.1)
verify (IE-18, linear-systems-and-elimination/IE-18/lean)	UNKNOWN STEP	2026-09-12T15:55:46.6536344Z ##[endgroup]
verify (IE-18, linear-systems-and-elimination/IE-18/lean)	UNKNOWN STEP	2026-09-12T15:55:46.6536575Z 
verify (IE-18, linear-systems-and-elimination/IE-18/lean)	UNKNOWN STEP	2026-09-12T15:55:46.6553358Z ##[end-action id=__leanprover_lean-action.__run;outcome=success;conclusion=success;duration_ms=11526]
verify (IE-18, linear-systems-and-elimination/IE-18/lean)	UNKNOWN STEP	2026-09-12T15:55:46.6558405Z ##[start-action display=configure `lean-action`;id=__leanprover_lean-action.config]
verify (IE-18, linear-systems-and-elimination/IE-18/lean)	UNKNOWN STEP	2026-09-12T15:55:46.6573439Z ##[group]Run : Configure Lean Action
verify (IE-18, linear-systems-and-elimination/IE-18/lean)	UNKNOWN STEP	2026-09-12T15:55:46.6573924Z ^[[36;1m: Configure Lean Action^[[0m
verify (IE-18, linear-systems-and-elimination/IE-18/lean)	UNKNOWN STEP	2026-09-12T15:55:46.6574206Z ^[[36;1m${GITHUB_ACTION_PATH}/scripts/config.sh^[[0m
verify (IE-18, linear-systems-and-elimination/IE-18/lean)	UNKNOWN STEP	2026-09-12T15:55:46.6610853Z shell: /usr/bin/bash --noprofile --norc -e -o pipefail {0}
verify (IE-18, linear-systems-and-elimination/IE-18/lean)	UNKNOWN STEP	2026-09-12T15:55:46.6611198Z env:
verify (IE-18, linear-systems-and-elimination/IE-18/lean)	UNKNOWN STEP	2026-09-12T15:55:46.6611392Z   GOTOOLCHAIN: local
verify (IE-18, linear-systems-and-elimination/IE-18/lean)	UNKNOWN STEP	2026-09-12T15:55:46.6611608Z   AUTO_CONFIG: false
verify (IE-18, linear-systems-and-elimination/IE-18/lean)	UNKNOWN STEP	2026-09-12T15:55:46.6611806Z   BUILD: false
verify (IE-18, linear-systems-and-elimination/IE-18/lean)	UNKNOWN STEP	2026-09-12T15:55:46.6612002Z   TEST: false
verify (IE-18, linear-systems-and-elimination/IE-18/lean)	UNKNOWN STEP	2026-09-12T15:55:46.6612182Z   LINT: false
verify (IE-18, linear-systems-and-elimination/IE-18/lean)	UNKNOWN STEP	2026-09-12T15:55:46.6612364Z ##[endgroup]
verify (IE-18, linear-systems-and-elimination/IE-18/lean)	UNKNOWN STEP	2026-09-12T15:55:46.6719143Z ##[group]Configure lean-action
verify (IE-18, linear-systems-and-elimination/IE-18/lean)	UNKNOWN STEP	2026-09-12T15:55:46.6774098Z ##[end-action id=__leanprover_lean-action.config;outcome=success;conclusion=success;duration_ms=21]
verify (IE-18, linear-systems-and-elimination/IE-18/lean)	UNKNOWN STEP	2026-09-12T15:55:46.6780300Z ##[start-action display=reinstall transient toolchain;id=__leanprover_lean-action.__run_2]
verify (IE-18, linear-systems-and-elimination/IE-18/lean)	UNKNOWN STEP	2026-09-12T15:55:46.6786072Z ##[end-action id=__leanprover_lean-action.__run_2;outcome=skipped;conclusion=skipped;duration_ms=0]
verify (IE-18, linear-systems-and-elimination/IE-18/lean)	UNKNOWN STEP	2026-09-12T15:55:46.6788772Z ##[start-action display=ensure all files are imported;id=__leanprover_lean-action.mk_all]
verify (IE-18, linear-systems-and-elimination/IE-18/lean)	UNKNOWN STEP	2026-09-12T15:55:46.6792254Z ##[end-action id=__leanprover_lean-action.mk_all;outcome=skipped;conclusion=skipped;duration_ms=0]
verify (IE-18, linear-systems-and-elimination/IE-18/lean)	UNKNOWN STEP	2026-09-12T15:55:46.6794145Z ##[start-action display=Run actions/cache/restore@v5;id=__leanprover_lean-action.__actions_cache]
verify (IE-18, linear-systems-and-elimination/IE-18/lean)	UNKNOWN STEP	2026-09-12T15:55:46.6798066Z ##[end-action id=__leanprover_lean-action.__actions_cache;outcome=skipped;conclusion=skipped;duration_ms=0]
verify (IE-18, linear-systems-and-elimination/IE-18/lean)	UNKNOWN STEP	2026-09-12T15:55:46.6799921Z ##[start-action display=detect mathlib;id=__leanprover_lean-action.detect-mathlib]
verify (IE-18, linear-systems-and-elimination/IE-18/lean)	UNKNOWN STEP	2026-09-12T15:55:46.6803248Z ##[end-action id=__leanprover_lean-action.detect-mathlib;outcome=skipped;conclusion=skipped;duration_ms=0]
verify (IE-18, linear-systems-and-elimination/IE-18/lean)	UNKNOWN STEP	2026-09-12T15:55:46.6805360Z ##[start-action display=get mathlib cache;id=__leanprover_lean-action.__run_3]
verify (IE-18, linear-systems-and-elimination/IE-18/lean)	UNKNOWN STEP	2026-09-12T15:55:46.6820775Z ##[end-action id=__leanprover_lean-action.__run_3;outcome=skipped;conclusion=skipped;duration_ms=0]
verify (IE-18, linear-systems-and-elimination/IE-18/lean)	UNKNOWN STEP	2026-09-12T15:55:46.6847526Z ##[start-action display=build sgstepaniants/OpenProblemsInNLA;id=__leanprover_lean-action.build]
verify (IE-18, linear-systems-and-elimination/IE-18/lean)	UNKNOWN STEP	2026-09-12T15:55:46.6851886Z ##[end-action id=__leanprover_lean-action.build;outcome=skipped;conclusion=skipped;duration_ms=0]
verify (IE-18, linear-systems-and-elimination/IE-18/lean)	UNKNOWN STEP	2026-09-12T15:55:46.6853757Z ##[start-action display=Run actions/cache/save@v5;id=__leanprover_lean-action.__actions_cache_2]
verify (IE-18, linear-systems-and-elimination/IE-18/lean)	UNKNOWN STEP	2026-09-12T15:55:46.6857520Z ##[end-action id=__leanprover_lean-action.__actions_cache_2;outcome=skipped;conclusion=skipped;duration_ms=0]
verify (IE-18, linear-systems-and-elimination/IE-18/lean)	UNKNOWN STEP	2026-09-12T15:55:46.6861115Z ##[start-action display=test sgstepaniants/OpenProblemsInNLA;id=__leanprover_lean-action.test]
verify (IE-18, linear-systems-and-elimination/IE-18/lean)	UNKNOWN STEP	2026-09-12T15:55:46.6865605Z ##[end-action id=__leanprover_lean-action.test;outcome=skipped;conclusion=skipped;duration_ms=0]
verify (IE-18, linear-systems-and-elimination/IE-18/lean)	UNKNOWN STEP	2026-09-12T15:55:46.6868390Z ##[start-action display=lint sgstepaniants/OpenProblemsInNLA;id=__leanprover_lean-action.lint]
verify (IE-18, linear-systems-and-elimination/IE-18/lean)	UNKNOWN STEP	2026-09-12T15:55:46.6872429Z ##[end-action id=__leanprover_lean-action.lint;outcome=skipped;conclusion=skipped;duration_ms=0]
verify (IE-18, linear-systems-and-elimination/IE-18/lean)	UNKNOWN STEP	2026-09-12T15:55:46.6874221Z ##[start-action display=check reservoir eligibility;id=__leanprover_lean-action.__run_4]
verify (IE-18, linear-systems-and-elimination/IE-18/lean)	UNKNOWN STEP	2026-09-12T15:55:46.6877973Z ##[end-action id=__leanprover_lean-action.__run_4;outcome=skipped;conclusion=skipped;duration_ms=0]
verify (IE-18, linear-systems-and-elimination/IE-18/lean)	UNKNOWN STEP	2026-09-12T15:55:46.6880571Z ##[start-action display=check environment with leanchecker;id=__leanprover_lean-action.__run_5]
verify (IE-18, linear-systems-and-elimination/IE-18/lean)	UNKNOWN STEP	2026-09-12T15:55:46.6885263Z ##[end-action id=__leanprover_lean-action.__run_5;outcome=skipped;conclusion=skipped;duration_ms=0]
verify (IE-18, linear-systems-and-elimination/IE-18/lean)	UNKNOWN STEP	2026-09-12T15:55:46.6887630Z ##[start-action display=check environment with nanoda;id=__leanprover_lean-action.nanoda]
verify (IE-18, linear-systems-and-elimination/IE-18/lean)	UNKNOWN STEP	2026-09-12T15:55:46.6890788Z ##[end-action id=__leanprover_lean-action.nanoda;outcome=skipped;conclusion=skipped;duration_ms=0]
verify (IE-18, linear-systems-and-elimination/IE-18/lean)	UNKNOWN STEP	2026-09-12T15:55:46.6893141Z ##[start-action display=audit axioms with axiom-audit;id=__leanprover_lean-action.axiom-audit]
verify (IE-18, linear-systems-and-elimination/IE-18/lean)	UNKNOWN STEP	2026-09-12T15:55:46.6896570Z ##[end-action id=__leanprover_lean-action.axiom-audit;outcome=skipped;conclusion=skipped;duration_ms=0]
verify (IE-18, linear-systems-and-elimination/IE-18/lean)	UNKNOWN STEP	2026-09-12T15:55:46.6945404Z ##[group]Run sudo apt-get update
verify (IE-18, linear-systems-and-elimination/IE-18/lean)	UNKNOWN STEP	2026-09-12T15:55:46.6945713Z ^[[36;1msudo apt-get update^[[0m
verify (IE-18, linear-systems-and-elimination/IE-18/lean)	UNKNOWN STEP	2026-09-12T15:55:46.6946177Z ^[[36;1msudo apt-get install -y bubblewrap dbus-user-session^[[0m
verify (IE-18, linear-systems-and-elimination/IE-18/lean)	UNKNOWN STEP	2026-09-12T15:55:46.6946615Z ^[[36;1msudo sysctl -w kernel.apparmor_restrict_unprivileged_userns=0^[[0m
verify (IE-18, linear-systems-and-elimination/IE-18/lean)	UNKNOWN STEP	2026-09-12T15:55:46.6947016Z ^[[36;1msudo loginctl enable-linger "$(id -un)"^[[0m
verify (IE-18, linear-systems-and-elimination/IE-18/lean)	UNKNOWN STEP	2026-09-12T15:55:46.6947352Z ^[[36;1msudo systemctl start "user@$(id -u).service"^[[0m
verify (IE-18, linear-systems-and-elimination/IE-18/lean)	UNKNOWN STEP	2026-09-12T15:55:46.6947734Z ^[[36;1mecho "XDG_RUNTIME_DIR=/run/user/$(id -u)" >> "$GITHUB_ENV"^[[0m
verify (IE-18, linear-systems-and-elimination/IE-18/lean)	UNKNOWN STEP	2026-09-12T15:55:46.6948233Z ^[[36;1mecho "DBUS_SESSION_BUS_ADDRESS=unix:path=/run/user/$(id -u)/bus" >> "$GITHUB_ENV"^[[0m
verify (IE-18, linear-systems-and-elimination/IE-18/lean)	UNKNOWN STEP	2026-09-12T15:55:46.6980327Z shell: /usr/bin/bash -e {0}
verify (IE-18, linear-systems-and-elimination/IE-18/lean)	UNKNOWN STEP	2026-09-12T15:55:46.6980571Z env:
verify (IE-18, linear-systems-and-elimination/IE-18/lean)	UNKNOWN STEP	2026-09-12T15:55:46.6980758Z   GOTOOLCHAIN: local
verify (IE-18, linear-systems-and-elimination/IE-18/lean)	UNKNOWN STEP	2026-09-12T15:55:46.6980974Z ##[endgroup]
verify (IE-18, linear-systems-and-elimination/IE-18/lean)	UNKNOWN STEP	2026-09-12T15:55:47.4744419Z Get:1 file:/etc/apt/apt-mirrors.txt Mirrorlist [144 B]
verify (IE-18, linear-systems-and-elimination/IE-18/lean)	UNKNOWN STEP	2026-09-12T15:55:47.4823345Z Get:4 https://dl.google.com/linux/chrome-stable/deb stable InRelease [2548 B]
verify (IE-18, linear-systems-and-elimination/IE-18/lean)	UNKNOWN STEP	2026-09-12T15:55:47.5341527Z Get:7 https://packages.microsoft.com/ubuntu/24.04/prod noble InRelease [3600 B]
verify (IE-18, linear-systems-and-elimination/IE-18/lean)	UNKNOWN STEP	2026-09-12T15:55:47.6268352Z Hit:2 http://azure.archive.ubuntu.com/ubuntu noble InRelease
verify (IE-18, linear-systems-and-elimination/IE-18/lean)	UNKNOWN STEP	2026-09-12T15:55:47.6277383Z Get:3 http://azure.archive.ubuntu.com/ubuntu noble-updates InRelease [126 kB]
verify (IE-18, linear-systems-and-elimination/IE-18/lean)	UNKNOWN STEP	2026-09-12T15:55:47.6816779Z Get:5 http://azure.archive.ubuntu.com/ubuntu noble-backports InRelease [126 kB]
verify (IE-18, linear-systems-and-elimination/IE-18/lean)	UNKNOWN STEP	2026-09-12T15:55:47.6874074Z Get:6 http://azure.archive.ubuntu.com/ubuntu noble-security InRelease [126 kB]
verify (IE-18, linear-systems-and-elimination/IE-18/lean)	UNKNOWN STEP	2026-09-12T15:55:47.8251171Z Get:8 https://dl.google.com/linux/chrome-stable/deb stable/main amd64 Packages [1409 B]
verify (IE-18, linear-systems-and-elimination/IE-18/lean)	UNKNOWN STEP	2026-09-12T15:55:47.8818488Z Get:9 https://packages.microsoft.com/ubuntu/24.04/prod noble/main arm64 Packages [414 kB]
verify (IE-18, linear-systems-and-elimination/IE-18/lean)	UNKNOWN STEP	2026-09-12T15:55:47.9215605Z Get:10 https://packages.microsoft.com/ubuntu/24.04/prod noble/main amd64 Packages [463 kB]
verify (IE-18, linear-systems-and-elimination/IE-18/lean)	UNKNOWN STEP	2026-09-12T15:55:48.1032366Z Get:11 http://azure.archive.ubuntu.com/ubuntu noble-updates/main amd64 Packages [1263 kB]
verify (IE-18, linear-systems-and-elimination/IE-18/lean)	UNKNOWN STEP	2026-09-12T15:55:48.1304921Z Get:12 http://azure.archive.ubuntu.com/ubuntu noble-updates/main Translation-en [292 kB]
verify (IE-18, linear-systems-and-elimination/IE-18/lean)	UNKNOWN STEP	2026-09-12T15:55:48.1308654Z Get:13 http://azure.archive.ubuntu.com/ubuntu noble-updates/main amd64 Components [180 kB]
verify (IE-18, linear-systems-and-elimination/IE-18/lean)	UNKNOWN STEP	2026-09-12T15:55:48.1355770Z Get:14 http://azure.archive.ubuntu.com/ubuntu noble-updates/universe amd64 Packages [1690 kB]
verify (IE-18, linear-systems-and-elimination/IE-18/lean)	UNKNOWN STEP	2026-09-12T15:55:48.1759083Z Get:15 http://azure.archive.ubuntu.com/ubuntu noble-updates/universe amd64 Components [388 kB]
verify (IE-18, linear-systems-and-elimination/IE-18/lean)	UNKNOWN STEP	2026-09-12T15:55:48.1777481Z Get:16 http://azure.archive.ubuntu.com/ubuntu noble-updates/restricted amd64 Packages [1544 kB]
verify (IE-18, linear-systems-and-elimination/IE-18/lean)	UNKNOWN STEP	2026-09-12T15:55:48.2213468Z Get:17 http://azure.archive.ubuntu.com/ubuntu noble-updates/restricted Translation-en [354 kB]
verify (IE-18, linear-systems-and-elimination/IE-18/lean)	UNKNOWN STEP	2026-09-12T15:55:48.2239813Z Get:18 http://azure.archive.ubuntu.com/ubuntu noble-updates/multiverse amd64 Components [940 B]
verify (IE-18, linear-systems-and-elimination/IE-18/lean)	UNKNOWN STEP	2026-09-12T15:55:48.2243945Z Get:19 http://azure.archive.ubuntu.com/ubuntu noble-backports/main amd64 Components [5748 B]
verify (IE-18, linear-systems-and-elimination/IE-18/lean)	UNKNOWN STEP	2026-09-12T15:55:48.2250539Z Get:20 http://azure.archive.ubuntu.com/ubuntu noble-backports/universe amd64 Components [12.6 kB]
verify (IE-18, linear-systems-and-elimination/IE-18/lean)	UNKNOWN STEP	2026-09-12T15:55:48.2696114Z Get:21 http://azure.archive.ubuntu.com/ubuntu noble-security/main amd64 Packages [1006 kB]
verify (IE-18, linear-systems-and-elimination/IE-18/lean)	UNKNOWN STEP	2026-09-12T15:55:48.3296557Z Get:22 http://azure.archive.ubuntu.com/ubuntu noble-security/main Translation-en [213 kB]
verify (IE-18, linear-systems-and-elimination/IE-18/lean)	UNKNOWN STEP	2026-09-12T15:55:48.3318647Z Get:23 http://azure.archive.ubuntu.com/ubuntu noble-security/main amd64 Components [46.4 kB]
verify (IE-18, linear-systems-and-elimination/IE-18/lean)	UNKNOWN STEP	2026-09-12T15:55:48.3345960Z Get:24 http://azure.archive.ubuntu.com/ubuntu noble-security/universe amd64 Packages [1206 kB]
verify (IE-18, linear-systems-and-elimination/IE-18/lean)	UNKNOWN STEP	2026-09-12T15:55:48.3795662Z Get:25 http://azure.archive.ubuntu.com/ubuntu noble-security/universe amd64 Components [76.3 kB]
verify (IE-18, linear-systems-and-elimination/IE-18/lean)	UNKNOWN STEP	2026-09-12T15:55:48.3830871Z Get:26 http://azure.archive.ubuntu.com/ubuntu noble-security/restricted amd64 Packages [1445 kB]
verify (IE-18, linear-systems-and-elimination/IE-18/lean)	UNKNOWN STEP	2026-09-12T15:55:48.3899444Z Get:27 http://azure.archive.ubuntu.com/ubuntu noble-security/restricted Translation-en [336 kB]
verify (IE-18, linear-systems-and-elimination/IE-18/lean)	UNKNOWN STEP	2026-09-12T15:55:52.0794409Z Fetched 11.3 MB in 2s (6151 kB/s)
verify (IE-18, linear-systems-and-elimination/IE-18/lean)	UNKNOWN STEP	2026-09-12T15:55:52.8517129Z Reading package lists...
verify (IE-18, linear-systems-and-elimination/IE-18/lean)	UNKNOWN STEP	2026-09-12T15:55:52.8825866Z Reading package lists...
verify (IE-18, linear-systems-and-elimination/IE-18/lean)	UNKNOWN STEP	2026-09-12T15:55:53.0230043Z Building dependency tree...
verify (IE-18, linear-systems-and-elimination/IE-18/lean)	UNKNOWN STEP	2026-09-12T15:55:53.0238644Z Reading state information...
verify (IE-18, linear-systems-and-elimination/IE-18/lean)	UNKNOWN STEP	2026-09-12T15:55:53.1615932Z dbus-user-session is already the newest version (1.14.10-4ubuntu4.1).
verify (IE-18, linear-systems-and-elimination/IE-18/lean)	UNKNOWN STEP	2026-09-12T15:55:53.1616559Z dbus-user-session set to manually installed.
verify (IE-18, linear-systems-and-elimination/IE-18/lean)	UNKNOWN STEP	2026-09-12T15:55:53.1616898Z The following NEW packages will be installed:
verify (IE-18, linear-systems-and-elimination/IE-18/lean)	UNKNOWN STEP	2026-09-12T15:55:53.1620783Z   bubblewrap
verify (IE-18, linear-systems-and-elimination/IE-18/lean)	UNKNOWN STEP	2026-09-12T15:55:53.1789687Z 0 upgraded, 1 newly installed, 0 to remove and 50 not upgraded.
verify (IE-18, linear-systems-and-elimination/IE-18/lean)	UNKNOWN STEP	2026-09-12T15:55:53.1790340Z Need to get 50.2 kB of archives.
verify (IE-18, linear-systems-and-elimination/IE-18/lean)	UNKNOWN STEP	2026-09-12T15:55:53.1790945Z After this operation, 133 kB of additional disk space will be used.
verify (IE-18, linear-systems-and-elimination/IE-18/lean)	UNKNOWN STEP	2026-09-12T15:55:53.1791651Z Get:1 file:/etc/apt/apt-mirrors.txt Mirrorlist [144 B]
verify (IE-18, linear-systems-and-elimination/IE-18/lean)	UNKNOWN STEP	2026-09-12T15:55:53.2624248Z Get:2 http://azure.archive.ubuntu.com/ubuntu noble-updates/main amd64 bubblewrap amd64 0.9.0-1ubuntu0.1 [50.2 kB]
verify (IE-18, linear-systems-and-elimination/IE-18/lean)	UNKNOWN STEP	2026-09-12T15:55:53.5058720Z Fetched 50.2 kB in 0s (530 kB/s)
verify (IE-18, linear-systems-and-elimination/IE-18/lean)	UNKNOWN STEP	2026-09-12T15:55:53.7217438Z Selecting previously unselected package bubblewrap.
verify (IE-18, linear-systems-and-elimination/IE-18/lean)	UNKNOWN STEP	2026-09-12T15:55:53.9937618Z (Reading database ... 
verify (IE-18, linear-systems-and-elimination/IE-18/lean)	UNKNOWN STEP	2026-09-12T15:55:53.9938277Z (Reading database ... 5%
verify (IE-18, linear-systems-and-elimination/IE-18/lean)	UNKNOWN STEP	2026-09-12T15:55:53.9938822Z (Reading database ... 10%
verify (IE-18, linear-systems-and-elimination/IE-18/lean)	UNKNOWN STEP	2026-09-12T15:55:53.9939451Z (Reading database ... 15%
verify (IE-18, linear-systems-and-elimination/IE-18/lean)	UNKNOWN STEP	2026-09-12T15:55:53.9940080Z (Reading database ... 20%
verify (IE-18, linear-systems-and-elimination/IE-18/lean)	UNKNOWN STEP	2026-09-12T15:55:53.9940771Z (Reading database ... 25%
verify (IE-18, linear-systems-and-elimination/IE-18/lean)	UNKNOWN STEP	2026-09-12T15:55:53.9941492Z (Reading database ... 30%
verify (IE-18, linear-systems-and-elimination/IE-18/lean)	UNKNOWN STEP	2026-09-12T15:55:53.9942211Z (Reading database ... 35%
verify (IE-18, linear-systems-and-elimination/IE-18/lean)	UNKNOWN STEP	2026-09-12T15:55:53.9942930Z (Reading database ... 40%
verify (IE-18, linear-systems-and-elimination/IE-18/lean)	UNKNOWN STEP	2026-09-12T15:55:53.9943581Z (Reading database ... 45%
verify (IE-18, linear-systems-and-elimination/IE-18/lean)	UNKNOWN STEP	2026-09-12T15:55:53.9944221Z (Reading database ... 50%
verify (IE-18, linear-systems-and-elimination/IE-18/lean)	UNKNOWN STEP	2026-09-12T15:55:53.9992136Z (Reading database ... 55%
verify (IE-18, linear-systems-and-elimination/IE-18/lean)	UNKNOWN STEP	2026-09-12T15:55:54.1225919Z (Reading database ... 60%
verify (IE-18, linear-systems-and-elimination/IE-18/lean)	UNKNOWN STEP	2026-09-12T15:55:54.2806197Z (Reading database ... 65%
verify (IE-18, linear-systems-and-elimination/IE-18/lean)	UNKNOWN STEP	2026-09-12T15:55:54.4766400Z (Reading database ... 70%
verify (IE-18, linear-systems-and-elimination/IE-18/lean)	UNKNOWN STEP	2026-09-12T15:55:54.6264681Z (Reading database ... 75%
verify (IE-18, linear-systems-and-elimination/IE-18/lean)	UNKNOWN STEP	2026-09-12T15:55:54.7823402Z (Reading database ... 80%
verify (IE-18, linear-systems-and-elimination/IE-18/lean)	UNKNOWN STEP	2026-09-12T15:55:54.9316022Z (Reading database ... 85%
verify (IE-18, linear-systems-and-elimination/IE-18/lean)	UNKNOWN STEP	2026-09-12T15:55:55.0697411Z (Reading database ... 90%
verify (IE-18, linear-systems-and-elimination/IE-18/lean)	UNKNOWN STEP	2026-09-12T15:55:55.2338499Z (Reading database ... 95%
verify (IE-18, linear-systems-and-elimination/IE-18/lean)	UNKNOWN STEP	2026-09-12T15:55:55.2338951Z (Reading database ... 100%
verify (IE-18, linear-systems-and-elimination/IE-18/lean)	UNKNOWN STEP	2026-09-12T15:55:55.2339533Z (Reading database ... 201818 files and directories currently installed.)
verify (IE-18, linear-systems-and-elimination/IE-18/lean)	UNKNOWN STEP	2026-09-12T15:55:55.2375620Z Preparing to unpack .../bubblewrap_0.9.0-1ubuntu0.1_amd64.deb ...
verify (IE-18, linear-systems-and-elimination/IE-18/lean)	UNKNOWN STEP	2026-09-12T15:55:55.2403853Z Unpacking bubblewrap (0.9.0-1ubuntu0.1) ...
verify (IE-18, linear-systems-and-elimination/IE-18/lean)	UNKNOWN STEP	2026-09-12T15:55:55.2818339Z Setting up bubblewrap (0.9.0-1ubuntu0.1) ...
verify (IE-18, linear-systems-and-elimination/IE-18/lean)	UNKNOWN STEP	2026-09-12T15:55:55.2866782Z Processing triggers for man-db (2.12.0-4build2) ...
verify (IE-18, linear-systems-and-elimination/IE-18/lean)	UNKNOWN STEP	2026-09-12T15:55:55.2888274Z Not building database; man-db/auto-update is not 'true'.
verify (IE-18, linear-systems-and-elimination/IE-18/lean)	UNKNOWN STEP	2026-09-12T15:55:55.8860329Z 
verify (IE-18, linear-systems-and-elimination/IE-18/lean)	UNKNOWN STEP	2026-09-12T15:55:55.8860934Z Running kernel seems to be up-to-date.
verify (IE-18, linear-systems-and-elimination/IE-18/lean)	UNKNOWN STEP	2026-09-12T15:55:55.8861381Z 
verify (IE-18, linear-systems-and-elimination/IE-18/lean)	UNKNOWN STEP	2026-09-12T15:55:55.8861638Z No services need to be restarted.
verify (IE-18, linear-systems-and-elimination/IE-18/lean)	UNKNOWN STEP	2026-09-12T15:55:55.8862005Z 
verify (IE-18, linear-systems-and-elimination/IE-18/lean)	UNKNOWN STEP	2026-09-12T15:55:55.8862265Z No containers need to be restarted.
verify (IE-18, linear-systems-and-elimination/IE-18/lean)	UNKNOWN STEP	2026-09-12T15:55:55.8862638Z 
verify (IE-18, linear-systems-and-elimination/IE-18/lean)	UNKNOWN STEP	2026-09-12T15:55:55.8862913Z No user sessions are running outdated binaries.
verify (IE-18, linear-systems-and-elimination/IE-18/lean)	UNKNOWN STEP	2026-09-12T15:55:55.8863376Z 
verify (IE-18, linear-systems-and-elimination/IE-18/lean)	UNKNOWN STEP	2026-09-12T15:55:55.8863831Z No VM guests are running outdated hypervisor (qemu) binaries on this host.
verify (IE-18, linear-systems-and-elimination/IE-18/lean)	UNKNOWN STEP	2026-09-12T15:55:56.6373565Z kernel.apparmor_restrict_unprivileged_userns = 0
verify (IE-18, linear-systems-and-elimination/IE-18/lean)	UNKNOWN STEP	2026-09-12T15:55:56.6706070Z ##[group]Run ulimit -n 65536
verify (IE-18, linear-systems-and-elimination/IE-18/lean)	UNKNOWN STEP	2026-09-12T15:55:56.6706376Z ^[[36;1mulimit -n 65536^[[0m
verify (IE-18, linear-systems-and-elimination/IE-18/lean)	UNKNOWN STEP	2026-09-12T15:55:56.6706691Z ^[[36;1mtools/lean/bootstrap.sh "$RUNNER_TEMP/nla-lean-tools"^[[0m
verify (IE-18, linear-systems-and-elimination/IE-18/lean)	UNKNOWN STEP	2026-09-12T15:55:56.6707152Z ^[[36;1mtools/lean/verify.sh "$LEAN_PROJECT" "$RUNNER_TEMP/nla-lean-tools"^[[0m
verify (IE-18, linear-systems-and-elimination/IE-18/lean)	UNKNOWN STEP	2026-09-12T15:55:56.6743660Z shell: /usr/bin/bash -e {0}
verify (IE-18, linear-systems-and-elimination/IE-18/lean)	UNKNOWN STEP	2026-09-12T15:55:56.6743909Z env:
verify (IE-18, linear-systems-and-elimination/IE-18/lean)	UNKNOWN STEP	2026-09-12T15:55:56.6744102Z   GOTOOLCHAIN: local
verify (IE-18, linear-systems-and-elimination/IE-18/lean)	UNKNOWN STEP	2026-09-12T15:55:56.6744332Z   XDG_RUNTIME_DIR: /run/user/1001
verify (IE-18, linear-systems-and-elimination/IE-18/lean)	UNKNOWN STEP	2026-09-12T15:55:56.6745019Z   DBUS_SESSION_BUS_ADDRESS: unix:path=/run/user/1001/bus
verify (IE-18, linear-systems-and-elimination/IE-18/lean)	UNKNOWN STEP	2026-09-12T15:55:56.6745413Z   LEAN_PROJECT: linear-systems-and-elimination/IE-18/lean
verify (IE-18, linear-systems-and-elimination/IE-18/lean)	UNKNOWN STEP	2026-09-12T15:55:56.6745735Z ##[endgroup]
verify (IE-18, linear-systems-and-elimination/IE-18/lean)	UNKNOWN STEP	2026-09-12T15:55:57.6863724Z Running elan toolchain install leanprover/lean4:v4.33.1
verify (IE-18, linear-systems-and-elimination/IE-18/lean)	UNKNOWN STEP	2026-09-12T15:55:57.6865067Z Log: /home/runner/work/_temp/nla-lean-tools/logs/bootstrap/elan.log
verify (IE-18, linear-systems-and-elimination/IE-18/lean)	UNKNOWN STEP	2026-09-12T15:55:57.6884569Z info: toolchain 'leanprover/lean4:v4.33.1' is already installed
verify (IE-18, linear-systems-and-elimination/IE-18/lean)	UNKNOWN STEP	2026-09-12T15:55:57.7703551Z Running go build -mod=readonly -buildvcs=false -o /home/runner/work/_temp/nla-lean-tools/.tools/bin/landrun ./cmd/landrun
verify (IE-18, linear-systems-and-elimination/IE-18/lean)	UNKNOWN STEP	2026-09-12T15:55:57.7704883Z Log: /home/runner/work/_temp/nla-lean-tools/logs/bootstrap/landrun-build.log
verify (IE-18, linear-systems-and-elimination/IE-18/lean)	UNKNOWN STEP	2026-09-12T15:55:57.7739560Z go: downloading github.com/urfave/cli/v3 v3.6.2
verify (IE-18, linear-systems-and-elimination/IE-18/lean)	UNKNOWN STEP	2026-09-12T15:55:57.7897936Z go: downloading github.com/landlock-lsm/go-landlock v0.9.0
verify (IE-18, linear-systems-and-elimination/IE-18/lean)	UNKNOWN STEP	2026-09-12T15:55:57.8706066Z go: downloading golang.org/x/sys v0.40.0
verify (IE-18, linear-systems-and-elimination/IE-18/lean)	UNKNOWN STEP	2026-09-12T15:55:57.8707243Z go: downloading kernel.org/pub/linux/libs/security/libcap/psx v1.2.77
verify (IE-18, linear-systems-and-elimination/IE-18/lean)	UNKNOWN STEP	2026-09-12T15:56:06.5034834Z Running lake build lean4export comparator
verify (IE-18, linear-systems-and-elimination/IE-18/lean)	UNKNOWN STEP	2026-09-12T15:56:06.5035549Z Log: /home/runner/work/_temp/nla-lean-tools/logs/bootstrap/comparator-build.log
verify (IE-18, linear-systems-and-elimination/IE-18/lean)	UNKNOWN STEP	2026-09-12T15:56:07.0456085Z ✔ [3/20] Built Comparator.Util (436ms)
verify (IE-18, linear-systems-and-elimination/IE-18/lean)	UNKNOWN STEP	2026-09-12T15:56:07.2447009Z ✔ [4/20] Built Comparator.Util:c.o (176ms)
verify (IE-18, linear-systems-and-elimination/IE-18/lean)	UNKNOWN STEP	2026-09-12T15:56:08.5465944Z ✔ [5/20] Built Export.Parse (1.9s)
verify (IE-18, linear-systems-and-elimination/IE-18/lean)	UNKNOWN STEP	2026-09-12T15:56:09.2510903Z ✔ [6/20] Built Comparator.Axioms (689ms)
verify (IE-18, linear-systems-and-elimination/IE-18/lean)	UNKNOWN STEP	2026-09-12T15:56:09.5525973Z ✔ [7/20] Built Export (3.0s)
verify (IE-18, linear-systems-and-elimination/IE-18/lean)	UNKNOWN STEP	2026-09-12T15:56:09.7525863Z ✔ [8/20] Built Comparator.Axioms:c.o (558ms)
verify (IE-18, linear-systems-and-elimination/IE-18/lean)	UNKNOWN STEP	2026-09-12T15:56:10.1508828Z ✔ [9/20] Built Comparator.Compare (985ms)
verify (IE-18, linear-systems-and-elimination/IE-18/lean)	UNKNOWN STEP	2026-09-12T15:56:10.9522216Z ✔ [10/20] Built Comparator.Compare:c.o (763ms)
verify (IE-18, linear-systems-and-elimination/IE-18/lean)	UNKNOWN STEP	2026-09-12T15:56:11.1520449Z ✔ [11/20] Built Main (1.4s)
verify (IE-18, linear-systems-and-elimination/IE-18/lean)	UNKNOWN STEP	2026-09-12T15:56:11.4550056Z ✔ [12/20] Built Main:c.o (344ms)
verify (IE-18, linear-systems-and-elimination/IE-18/lean)	UNKNOWN STEP	2026-09-12T15:56:11.4565547Z ✔ [13/20] Built Comparator (478ms)
verify (IE-18, linear-systems-and-elimination/IE-18/lean)	UNKNOWN STEP	2026-09-12T15:56:11.5551135Z ✔ [14/20] Built Comparator:c.o (113ms)
verify (IE-18, linear-systems-and-elimination/IE-18/lean)	UNKNOWN STEP	2026-09-12T15:56:13.4620672Z ✔ [15/20] Built Export.Parse:c.o (4.9s)
verify (IE-18, linear-systems-and-elimination/IE-18/lean)	UNKNOWN STEP	2026-09-12T15:56:13.5620913Z ✔ [16/20] Built Main (2.1s)
verify (IE-18, linear-systems-and-elimination/IE-18/lean)	UNKNOWN STEP	2026-09-12T15:56:13.7624130Z ✔ [17/20] Built Export:c.o (4.1s)
verify (IE-18, linear-systems-and-elimination/IE-18/lean)	UNKNOWN STEP	2026-09-12T15:56:14.7711025Z ✔ [18/20] Built lean4export:exe (1.0s)
verify (IE-18, linear-systems-and-elimination/IE-18/lean)	UNKNOWN STEP	2026-09-12T15:56:14.7711676Z ✔ [19/20] Built Main:c.o (1.2s)
verify (IE-18, linear-systems-and-elimination/IE-18/lean)	UNKNOWN STEP	2026-09-12T15:56:15.4720027Z ✔ [20/20] Built comparator:exe (684ms)
verify (IE-18, linear-systems-and-elimination/IE-18/lean)	UNKNOWN STEP	2026-09-12T15:56:15.4726648Z Build completed successfully (20 jobs).
verify (IE-18, linear-systems-and-elimination/IE-18/lean)	UNKNOWN STEP	2026-09-12T15:56:15.7593361Z Tools built; isolation and checker controls run during verify. Receipt: /home/runner/work/_temp/nla-lean-tools/bootstrap.json
verify (IE-18, linear-systems-and-elimination/IE-18/lean)	UNKNOWN STEP	2026-09-12T15:56:16.1572753Z Running /usr/bin/timeout --kill-after=5s 45s systemd-run -p RuntimeMaxSec=40 --user --quiet --wait --pipe --collect -p 'RestrictAddressFamilies=~AF_UNIX' --working-directory /home/runner/work/_temp/nla-lean-tools /usr/bin/env -i PATH=/home/runner/.elan/toolchains/leanprover--lean4---v4.33.1/bin:/home/runner/.elan/bin:/home/runner/go/bin:/opt/hostedtoolcache/go/1.27.1/x64/bin:/snap/bin:/home/runner/.local/bin:/opt/pipx_bin:/home/runner/.cargo/bin:/home/runner/.config/composer/vendor/bin:/usr/local/.ghcup/bin:/home/runner/.dotnet/tools:/usr/local/sbin:/usr/local/bin:/usr/sbin:/usr/bin:/sbin:/bin:/usr/games:/usr/local/games:/snap/bin HOME=/home/runner LANG=C.UTF-8 XDG_RUNTIME_DIR=/run/user/1001 DBUS_SESSION_BUS_ADDRESS=unix:path=/run/user/1001/bus GIT_TERMINAL_PROMPT=0 GIT_CONFIG_NOSYSTEM=1 GIT_CONFIG_GLOBAL=/dev/null COMPARATOR_BIN=/home/runner/work/_temp/nla-lean-tools/.tools/comparator/.lake/build/bin/comparator COMPARATOR_LEAN4EXPORT=/home/runner/work/_temp/nla-lean-tools/.tools/lean4export/.lake/build/bin/lean4export COMPARATOR_LANDRUN=/home/runner/work/_temp/nla-lean-tools/scripts/strict_landrun.py XDG_CACHE_HOME=/home/runner/work/_temp/nla-lean-tools/.tools/cache TMPDIR=/home/runner/work/_temp/nla-lean-tools/.verification-tmp /usr/bin/true
verify (IE-18, linear-systems-and-elimination/IE-18/lean)	UNKNOWN STEP	2026-09-12T15:56:16.1579424Z Log: /home/runner/work/_temp/nla-lean-tools/logs/verify-20260912T155616Z-4146/user-service.log
verify (IE-18, linear-systems-and-elimination/IE-18/lean)	UNKNOWN STEP	2026-09-12T15:56:16.1895437Z Running python3 /home/runner/work/_temp/nla-lean-tools/reproduction/checks/sandbox_probe_ci.py
verify (IE-18, linear-systems-and-elimination/IE-18/lean)	UNKNOWN STEP	2026-09-12T15:56:16.1896342Z Log: /home/runner/work/_temp/nla-lean-tools/logs/verify-20260912T155616Z-4146/sandbox.log
verify (IE-18, linear-systems-and-elimination/IE-18/lean)	UNKNOWN STEP	2026-09-12T15:56:16.2225574Z START sandbox mode: build
verify (IE-18, linear-systems-and-elimination/IE-18/lean)	UNKNOWN STEP	2026-09-12T15:56:16.3066733Z START sandbox mode: export
verify (IE-18, linear-systems-and-elimination/IE-18/lean)	UNKNOWN STEP	2026-09-12T15:56:16.3902175Z START sandbox negative case: unknown option
verify (IE-18, linear-systems-and-elimination/IE-18/lean)	UNKNOWN STEP	2026-09-12T15:56:16.4288404Z START sandbox negative case: unexpected --rw
verify (IE-18, linear-systems-and-elimination/IE-18/lean)	UNKNOWN STEP	2026-09-12T15:56:16.4711843Z START sandbox negative case: unexpected --rwx
verify (IE-18, linear-systems-and-elimination/IE-18/lean)	UNKNOWN STEP	2026-09-12T15:56:16.5075314Z START sandbox negative case: relative --rwx
verify (IE-18, linear-systems-and-elimination/IE-18/lean)	UNKNOWN STEP	2026-09-12T15:56:16.5482949Z MODE build: exit=0
verify (IE-18, linear-systems-and-elimination/IE-18/lean)	UNKNOWN STEP	2026-09-12T15:56:16.5483599Z Running as unit: run-u2.service; invocation ID: 9a36da22b7a64ddcb1f654236d0513f6
verify (IE-18, linear-systems-and-elimination/IE-18/lean)	UNKNOWN STEP	2026-09-12T15:56:16.5484297Z PASS outside .lake write-open: denied errno=30
verify (IE-18, linear-systems-and-elimination/IE-18/lean)	UNKNOWN STEP	2026-09-12T15:56:16.5485044Z PASS outside .lake truncate: denied errno=30
verify (IE-18, linear-systems-and-elimination/IE-18/lean)	UNKNOWN STEP	2026-09-12T15:56:16.5485623Z PASS outside .lake read-only truncate-open: denied errno=30
verify (IE-18, linear-systems-and-elimination/IE-18/lean)	UNKNOWN STEP	2026-09-12T15:56:16.5486245Z PASS symlink from .lake to outside write: denied errno=30
verify (IE-18, linear-systems-and-elimination/IE-18/lean)	UNKNOWN STEP	2026-09-12T15:56:16.5486793Z PASS outside .lake creation: denied errno=30
verify (IE-18, linear-systems-and-elimination/IE-18/lean)	UNKNOWN STEP	2026-09-12T15:56:16.5487245Z PASS build .lake write: allowed
verify (IE-18, linear-systems-and-elimination/IE-18/lean)	UNKNOWN STEP	2026-09-12T15:56:16.5487634Z PASS user namespace: private
verify (IE-18, linear-systems-and-elimination/IE-18/lean)	UNKNOWN STEP	2026-09-12T15:56:16.5488049Z PASS pid namespace: private
verify (IE-18, linear-systems-and-elimination/IE-18/lean)	UNKNOWN STEP	2026-09-12T15:56:16.5488427Z PASS mnt namespace: private
verify (IE-18, linear-systems-and-elimination/IE-18/lean)	UNKNOWN STEP	2026-09-12T15:56:16.5488795Z PASS net namespace: private
verify (IE-18, linear-systems-and-elimination/IE-18/lean)	UNKNOWN STEP	2026-09-12T15:56:16.5489170Z PASS ipc namespace: private
verify (IE-18, linear-systems-and-elimination/IE-18/lean)	UNKNOWN STEP	2026-09-12T15:56:16.5489537Z PASS uts namespace: private
verify (IE-18, linear-systems-and-elimination/IE-18/lean)	UNKNOWN STEP	2026-09-12T15:56:16.5489955Z PASS host parent: absent from private /proc
verify (IE-18, linear-systems-and-elimination/IE-18/lean)	UNKNOWN STEP	2026-09-12T15:56:16.5490449Z PASS host parent signal lookup: denied errno=3
verify (IE-18, linear-systems-and-elimination/IE-18/lean)	UNKNOWN STEP	2026-09-12T15:56:16.5490956Z PASS host loopback listener: unreachable errno=13
verify (IE-18, linear-systems-and-elimination/IE-18/lean)	UNKNOWN STEP	2026-09-12T15:56:16.5491473Z PASS AF_UNIX socket creation: denied errno=97
verify (IE-18, linear-systems-and-elimination/IE-18/lean)	UNKNOWN STEP	2026-09-12T15:56:16.5491938Z PASS effective capabilities: none
verify (IE-18, linear-systems-and-elimination/IE-18/lean)	UNKNOWN STEP	2026-09-12T15:56:16.5492347Z PASS no_new_privs: set
verify (IE-18, linear-systems-and-elimination/IE-18/lean)	UNKNOWN STEP	2026-09-12T15:56:16.5492675Z Sandbox UID: 1001
verify (IE-18, linear-systems-and-elimination/IE-18/lean)	UNKNOWN STEP	2026-09-12T15:56:16.5493074Z PASS nested namespace write attempt: rejected exit=1
verify (IE-18, linear-systems-and-elimination/IE-18/lean)	UNKNOWN STEP	2026-09-12T15:56:16.5493699Z bwrap: setting up uid map: Permission denied
verify (IE-18, linear-systems-and-elimination/IE-18/lean)	UNKNOWN STEP	2026-09-12T15:56:16.5494192Z Finished with result: success
verify (IE-18, linear-systems-and-elimination/IE-18/lean)	UNKNOWN STEP	2026-09-12T15:56:16.5494926Z Main processes terminated with: code=exited/status=0
verify (IE-18, linear-systems-and-elimination/IE-18/lean)	UNKNOWN STEP	2026-09-12T15:56:16.5495478Z Service runtime: 68ms
verify (IE-18, linear-systems-and-elimination/IE-18/lean)	UNKNOWN STEP	2026-09-12T15:56:16.5495847Z CPU time consumed: 69ms
verify (IE-18, linear-systems-and-elimination/IE-18/lean)	UNKNOWN STEP	2026-09-12T15:56:16.5496207Z Memory peak: 256.0K
verify (IE-18, linear-systems-and-elimination/IE-18/lean)	UNKNOWN STEP	2026-09-12T15:56:16.5496540Z Memory swap peak: 0B
verify (IE-18, linear-systems-and-elimination/IE-18/lean)	UNKNOWN STEP	2026-09-12T15:56:16.5496736Z 
verify (IE-18, linear-systems-and-elimination/IE-18/lean)	UNKNOWN STEP	2026-09-12T15:56:16.5496876Z MODE export: exit=0
verify (IE-18, linear-systems-and-elimination/IE-18/lean)	UNKNOWN STEP	2026-09-12T15:56:16.5497417Z Running as unit: run-u3.service; invocation ID: 23365bf610c94f539e06854f31efb0fa
verify (IE-18, linear-systems-and-elimination/IE-18/lean)	UNKNOWN STEP	2026-09-12T15:56:16.5498094Z PASS outside .lake write-open: denied errno=30
verify (IE-18, linear-systems-and-elimination/IE-18/lean)	UNKNOWN STEP	2026-09-12T15:56:16.5498593Z PASS outside .lake truncate: denied errno=30
verify (IE-18, linear-systems-and-elimination/IE-18/lean)	UNKNOWN STEP	2026-09-12T15:56:16.5499161Z PASS outside .lake read-only truncate-open: denied errno=30
verify (IE-18, linear-systems-and-elimination/IE-18/lean)	UNKNOWN STEP	2026-09-12T15:56:16.5499785Z PASS symlink from .lake to outside write: denied errno=30
verify (IE-18, linear-systems-and-elimination/IE-18/lean)	UNKNOWN STEP	2026-09-12T15:56:16.5500341Z PASS outside .lake creation: denied errno=30
verify (IE-18, linear-systems-and-elimination/IE-18/lean)	UNKNOWN STEP	2026-09-12T15:56:16.5500849Z PASS export .lake write-open: denied errno=30
verify (IE-18, linear-systems-and-elimination/IE-18/lean)	UNKNOWN STEP	2026-09-12T15:56:16.5501341Z PASS export .lake truncate: denied errno=30
verify (IE-18, linear-systems-and-elimination/IE-18/lean)	UNKNOWN STEP	2026-09-12T15:56:16.5501797Z PASS user namespace: private
verify (IE-18, linear-systems-and-elimination/IE-18/lean)	UNKNOWN STEP	2026-09-12T15:56:16.5502203Z PASS pid namespace: private
verify (IE-18, linear-systems-and-elimination/IE-18/lean)	UNKNOWN STEP	2026-09-12T15:56:16.5502592Z PASS mnt namespace: private
verify (IE-18, linear-systems-and-elimination/IE-18/lean)	UNKNOWN STEP	2026-09-12T15:56:16.5502975Z PASS net namespace: private
verify (IE-18, linear-systems-and-elimination/IE-18/lean)	UNKNOWN STEP	2026-09-12T15:56:16.5503638Z PASS ipc namespace: private
verify (IE-18, linear-systems-and-elimination/IE-18/lean)	UNKNOWN STEP	2026-09-12T15:56:16.5504027Z PASS uts namespace: private
verify (IE-18, linear-systems-and-elimination/IE-18/lean)	UNKNOWN STEP	2026-09-12T15:56:16.5504444Z PASS host parent: absent from private /proc
verify (IE-18, linear-systems-and-elimination/IE-18/lean)	UNKNOWN STEP	2026-09-12T15:56:16.5505169Z PASS host parent signal lookup: denied errno=3
verify (IE-18, linear-systems-and-elimination/IE-18/lean)	UNKNOWN STEP	2026-09-12T15:56:16.5505652Z PASS host loopback listener: unreachable errno=13
verify (IE-18, linear-systems-and-elimination/IE-18/lean)	UNKNOWN STEP	2026-09-12T15:56:16.5506176Z PASS AF_UNIX socket creation: denied errno=97
verify (IE-18, linear-systems-and-elimination/IE-18/lean)	UNKNOWN STEP	2026-09-12T15:56:16.5506688Z PASS effective capabilities: none
verify (IE-18, linear-systems-and-elimination/IE-18/lean)	UNKNOWN STEP	2026-09-12T15:56:16.5507104Z PASS no_new_privs: set
verify (IE-18, linear-systems-and-elimination/IE-18/lean)	UNKNOWN STEP	2026-09-12T15:56:16.5507458Z Sandbox UID: 1001
verify (IE-18, linear-systems-and-elimination/IE-18/lean)	UNKNOWN STEP	2026-09-12T15:56:16.5507898Z PASS nested namespace write attempt: rejected exit=1
verify (IE-18, linear-systems-and-elimination/IE-18/lean)	UNKNOWN STEP	2026-09-12T15:56:16.5508465Z bwrap: setting up uid map: Permission denied
verify (IE-18, linear-systems-and-elimination/IE-18/lean)	UNKNOWN STEP	2026-09-12T15:56:16.5508942Z Finished with result: success
verify (IE-18, linear-systems-and-elimination/IE-18/lean)	UNKNOWN STEP	2026-09-12T15:56:16.5509417Z Main processes terminated with: code=exited/status=0
verify (IE-18, linear-systems-and-elimination/IE-18/lean)	UNKNOWN STEP	2026-09-12T15:56:16.5510132Z Service runtime: 69ms
verify (IE-18, linear-systems-and-elimination/IE-18/lean)	UNKNOWN STEP	2026-09-12T15:56:16.5510486Z CPU time consumed: 69ms
verify (IE-18, linear-systems-and-elimination/IE-18/lean)	UNKNOWN STEP	2026-09-12T15:56:16.5510839Z Memory peak: 256.0K
verify (IE-18, linear-systems-and-elimination/IE-18/lean)	UNKNOWN STEP	2026-09-12T15:56:16.5511192Z Memory swap peak: 0B
verify (IE-18, linear-systems-and-elimination/IE-18/lean)	UNKNOWN STEP	2026-09-12T15:56:16.5511395Z 
verify (IE-18, linear-systems-and-elimination/IE-18/lean)	UNKNOWN STEP	2026-09-12T15:56:16.5511573Z NEGATIVE unknown option: exit=2
verify (IE-18, linear-systems-and-elimination/IE-18/lean)	UNKNOWN STEP	2026-09-12T15:56:16.5512198Z Running as unit: run-u4.service; invocation ID: b9d9472286c4407fade5f19af13f6415
verify (IE-18, linear-systems-and-elimination/IE-18/lean)	UNKNOWN STEP	2026-09-12T15:56:16.5513213Z strict Comparator sandbox: unsupported Comparator Landrun option: --unrestricted-filesystem
verify (IE-18, linear-systems-and-elimination/IE-18/lean)	UNKNOWN STEP	2026-09-12T15:56:16.5514009Z Finished with result: exit-code
verify (IE-18, linear-systems-and-elimination/IE-18/lean)	UNKNOWN STEP	2026-09-12T15:56:16.5514727Z Main processes terminated with: code=exited/status=2
verify (IE-18, linear-systems-and-elimination/IE-18/lean)	UNKNOWN STEP	2026-09-12T15:56:16.5515376Z Service runtime: 26ms
verify (IE-18, linear-systems-and-elimination/IE-18/lean)	UNKNOWN STEP	2026-09-12T15:56:16.5515751Z CPU time consumed: 25ms
verify (IE-18, linear-systems-and-elimination/IE-18/lean)	UNKNOWN STEP	2026-09-12T15:56:16.5516120Z Memory peak: 256.0K
verify (IE-18, linear-systems-and-elimination/IE-18/lean)	UNKNOWN STEP	2026-09-12T15:56:16.5516471Z Memory swap peak: 0B
verify (IE-18, linear-systems-and-elimination/IE-18/lean)	UNKNOWN STEP	2026-09-12T15:56:16.5516688Z 
verify (IE-18, linear-systems-and-elimination/IE-18/lean)	UNKNOWN STEP	2026-09-12T15:56:16.5516877Z NEGATIVE unexpected --rw: exit=2
verify (IE-18, linear-systems-and-elimination/IE-18/lean)	UNKNOWN STEP	2026-09-12T15:56:16.5517519Z Running as unit: run-u5.service; invocation ID: 17e5939d5fe648999306cda388191b2e
verify (IE-18, linear-systems-and-elimination/IE-18/lean)	UNKNOWN STEP	2026-09-12T15:56:16.5518373Z strict Comparator sandbox: only private /dev may be passed with --rw
verify (IE-18, linear-systems-and-elimination/IE-18/lean)	UNKNOWN STEP	2026-09-12T15:56:16.5518944Z Finished with result: exit-code
verify (IE-18, linear-systems-and-elimination/IE-18/lean)	UNKNOWN STEP	2026-09-12T15:56:16.5519454Z Main processes terminated with: code=exited/status=2
verify (IE-18, linear-systems-and-elimination/IE-18/lean)	UNKNOWN STEP	2026-09-12T15:56:16.5519992Z Service runtime: 25ms
verify (IE-18, linear-systems-and-elimination/IE-18/lean)	UNKNOWN STEP	2026-09-12T15:56:16.5520341Z CPU time consumed: 25ms
verify (IE-18, linear-systems-and-elimination/IE-18/lean)	UNKNOWN STEP	2026-09-12T15:56:16.5520707Z Memory peak: 256.0K
verify (IE-18, linear-systems-and-elimination/IE-18/lean)	UNKNOWN STEP	2026-09-12T15:56:16.5521063Z Memory swap peak: 0B
verify (IE-18, linear-systems-and-elimination/IE-18/lean)	UNKNOWN STEP	2026-09-12T15:56:16.5521282Z 
verify (IE-18, linear-systems-and-elimination/IE-18/lean)	UNKNOWN STEP	2026-09-12T15:56:16.5521458Z NEGATIVE unexpected --rwx: exit=2
verify (IE-18, linear-systems-and-elimination/IE-18/lean)	UNKNOWN STEP	2026-09-12T15:56:16.5522125Z Running as unit: run-u6.service; invocation ID: e08a04ae876e4285b9a9b13071964b96
verify (IE-18, linear-systems-and-elimination/IE-18/lean)	UNKNOWN STEP	2026-09-12T15:56:16.5522997Z strict Comparator sandbox: only this project's existing .lake may be writable
verify (IE-18, linear-systems-and-elimination/IE-18/lean)	UNKNOWN STEP	2026-09-12T15:56:16.5523627Z Finished with result: exit-code
verify (IE-18, linear-systems-and-elimination/IE-18/lean)	UNKNOWN STEP	2026-09-12T15:56:16.5524127Z Main processes terminated with: code=exited/status=2
verify (IE-18, linear-systems-and-elimination/IE-18/lean)	UNKNOWN STEP	2026-09-12T15:56:16.5525305Z Service runtime: 26ms
verify (IE-18, linear-systems-and-elimination/IE-18/lean)	UNKNOWN STEP	2026-09-12T15:56:16.5525706Z CPU time consumed: 25ms
verify (IE-18, linear-systems-and-elimination/IE-18/lean)	UNKNOWN STEP	2026-09-12T15:56:16.5526080Z Memory peak: 256.0K
verify (IE-18, linear-systems-and-elimination/IE-18/lean)	UNKNOWN STEP	2026-09-12T15:56:16.5526427Z Memory swap peak: 0B
verify (IE-18, linear-systems-and-elimination/IE-18/lean)	UNKNOWN STEP	2026-09-12T15:56:16.5526641Z 
verify (IE-18, linear-systems-and-elimination/IE-18/lean)	UNKNOWN STEP	2026-09-12T15:56:16.5526816Z NEGATIVE relative --rwx: exit=2
verify (IE-18, linear-systems-and-elimination/IE-18/lean)	UNKNOWN STEP	2026-09-12T15:56:16.5527466Z Running as unit: run-u7.service; invocation ID: 0908b110695b4447935e72e3af4e9879
verify (IE-18, linear-systems-and-elimination/IE-18/lean)	UNKNOWN STEP	2026-09-12T15:56:16.5528370Z strict Comparator sandbox: only this project's existing .lake may be writable
verify (IE-18, linear-systems-and-elimination/IE-18/lean)	UNKNOWN STEP	2026-09-12T15:56:16.5529060Z Finished with result: exit-code
verify (IE-18, linear-systems-and-elimination/IE-18/lean)	UNKNOWN STEP	2026-09-12T15:56:16.5529572Z Main processes terminated with: code=exited/status=2
verify (IE-18, linear-systems-and-elimination/IE-18/lean)	UNKNOWN STEP	2026-09-12T15:56:16.5530088Z Service runtime: 26ms
verify (IE-18, linear-systems-and-elimination/IE-18/lean)	UNKNOWN STEP	2026-09-12T15:56:16.5530451Z CPU time consumed: 25ms
verify (IE-18, linear-systems-and-elimination/IE-18/lean)	UNKNOWN STEP	2026-09-12T15:56:16.5530824Z Memory peak: 256.0K
verify (IE-18, linear-systems-and-elimination/IE-18/lean)	UNKNOWN STEP	2026-09-12T15:56:16.5531172Z Memory swap peak: 0B
verify (IE-18, linear-systems-and-elimination/IE-18/lean)	UNKNOWN STEP	2026-09-12T15:56:16.5531380Z 
verify (IE-18, linear-systems-and-elimination/IE-18/lean)	UNKNOWN STEP	2026-09-12T15:56:16.5531773Z Outer and export fixture contents unchanged; only designated build fixture written.
verify (IE-18, linear-systems-and-elimination/IE-18/lean)	UNKNOWN STEP	2026-09-12T15:56:16.5561096Z Running bash /home/runner/work/_temp/nla-lean-tools/reproduction/checks/run_replay.sh
verify (IE-18, linear-systems-and-elimination/IE-18/lean)	UNKNOWN STEP	2026-09-12T15:56:16.5562048Z Log: /home/runner/work/_temp/nla-lean-tools/logs/verify-20260912T155616Z-4146/kernel-controls.log
verify (IE-18, linear-systems-and-elimination/IE-18/lean)	UNKNOWN STEP	2026-09-12T15:56:16.6201631Z Replay probe: RestrictAddressFamilies=~AF_UNIX (deny AF_UNIX sockets).
verify (IE-18, linear-systems-and-elimination/IE-18/lean)	UNKNOWN STEP	2026-09-12T15:56:16.6846054Z Lean (version 4.33.1, x86_64-unknown-linux-gnu, Release)
verify (IE-18, linear-systems-and-elimination/IE-18/lean)	UNKNOWN STEP	2026-09-12T15:56:16.7199061Z /home/runner/.elan/toolchains/leanprover--lean4---v4.33.1/lib/lean/Init.olean
verify (IE-18, linear-systems-and-elimination/IE-18/lean)	UNKNOWN STEP	2026-09-12T15:56:16.7200058Z /home/runner/.elan/toolchains/leanprover--lean4---v4.33.1/lib/lean/Init.olean
verify (IE-18, linear-systems-and-elimination/IE-18/lean)	UNKNOWN STEP	2026-09-12T15:56:16.7201047Z /home/runner/work/_temp/nla-lean-tools/.tools/comparator/.lake/build/lib/lean/Main.olean
verify (IE-18, linear-systems-and-elimination/IE-18/lean)	UNKNOWN STEP	2026-09-12T15:56:17.9295534Z Trusted base fixture: 11 constants
verify (IE-18, linear-systems-and-elimination/IE-18/lean)	UNKNOWN STEP	2026-09-12T15:56:17.9296025Z BEGIN honest_with_inductives_and_quotients
verify (IE-18, linear-systems-and-elimination/IE-18/lean)	UNKNOWN STEP	2026-09-12T15:56:17.9296470Z Running Lean default kernel on solution.
verify (IE-18, linear-systems-and-elimination/IE-18/lean)	UNKNOWN STEP	2026-09-12T15:56:17.9296898Z Lean default kernel accepts the solution
verify (IE-18, linear-systems-and-elimination/IE-18/lean)	UNKNOWN STEP	2026-09-12T15:56:17.9297377Z RETURN honest_with_inductives_and_quotients: accepted
verify (IE-18, linear-systems-and-elimination/IE-18/lean)	UNKNOWN STEP	2026-09-12T15:56:17.9298177Z BEGIN invalid_raw_proof
verify (IE-18, linear-systems-and-elimination/IE-18/lean)	UNKNOWN STEP	2026-09-12T15:56:17.9298532Z Running Lean default kernel on solution.
verify (IE-18, linear-systems-and-elimination/IE-18/lean)	UNKNOWN STEP	2026-09-12T15:56:17.9298946Z Lean default kernel rejects the solution
verify (IE-18, linear-systems-and-elimination/IE-18/lean)	UNKNOWN STEP	2026-09-12T15:56:17.9299643Z RETURN invalid_raw_proof: rejected: while replaying declaration 'PinnedReplayProbe.invalid':
verify (IE-18, linear-systems-and-elimination/IE-18/lean)	UNKNOWN STEP	2026-09-12T15:56:17.9300503Z (kernel) declaration type mismatch, 'PinnedReplayProbe.invalid' has type
verify (IE-18, linear-systems-and-elimination/IE-18/lean)	UNKNOWN STEP	2026-09-12T15:56:17.9301043Z   True
verify (IE-18, linear-systems-and-elimination/IE-18/lean)	UNKNOWN STEP	2026-09-12T15:56:17.9301332Z but it is expected to have type
verify (IE-18, linear-systems-and-elimination/IE-18/lean)	UNKNOWN STEP	2026-09-12T15:56:17.9301673Z   False
verify (IE-18, linear-systems-and-elimination/IE-18/lean)	UNKNOWN STEP	2026-09-12T15:56:17.9301956Z BEGIN quotient_postcheck_mismatch
verify (IE-18, linear-systems-and-elimination/IE-18/lean)	UNKNOWN STEP	2026-09-12T15:56:17.9302350Z Running Lean default kernel on solution.
verify (IE-18, linear-systems-and-elimination/IE-18/lean)	UNKNOWN STEP	2026-09-12T15:56:17.9302771Z Lean default kernel accepts the solution
verify (IE-18, linear-systems-and-elimination/IE-18/lean)	UNKNOWN STEP	2026-09-12T15:56:17.9303190Z Quotient post-check rejects the solution
verify (IE-18, linear-systems-and-elimination/IE-18/lean)	UNKNOWN STEP	2026-09-12T15:56:17.9303830Z RETURN quotient_postcheck_mismatch: rejected: Quotient constant mismatch on: Quot.lift
verify (IE-18, linear-systems-and-elimination/IE-18/lean)	UNKNOWN STEP	2026-09-12T15:56:17.9304874Z PASS: all three actual Comparator.runBuiltinKernel cases behaved as required
verify (IE-18, linear-systems-and-elimination/IE-18/lean)	UNKNOWN STEP	2026-09-12T15:56:18.0216916Z Running python3 /home/runner/work/_temp/nla-lean-tools/reproduction/checks/comparator_regressions.py
verify (IE-18, linear-systems-and-elimination/IE-18/lean)	UNKNOWN STEP	2026-09-12T15:56:18.0218145Z Log: /home/runner/work/_temp/nla-lean-tools/logs/verify-20260912T155616Z-4146/comparator-controls.log
verify (IE-18, linear-systems-and-elimination/IE-18/lean)	UNKNOWN STEP	2026-09-12T15:56:18.0547230Z Comparator regressions: RestrictAddressFamilies=~AF_UNIX; .tools/env.sh selects the real strict sandbox.
verify (IE-18, linear-systems-and-elimination/IE-18/lean)	UNKNOWN STEP	2026-09-12T15:56:18.0557155Z 
verify (IE-18, linear-systems-and-elimination/IE-18/lean)	UNKNOWN STEP	2026-09-12T15:56:18.0557329Z CASE simple_match
verify (IE-18, linear-systems-and-elimination/IE-18/lean)	UNKNOWN STEP	2026-09-12T15:56:20.1164088Z info: ComparatorRegression: no previous manifest, creating one from scratch
verify (IE-18, linear-systems-and-elimination/IE-18/lean)	UNKNOWN STEP	2026-09-12T15:56:20.1165049Z info: toolchain not updated; already up-to-date
verify (IE-18, linear-systems-and-elimination/IE-18/lean)	UNKNOWN STEP	2026-09-12T15:56:20.1165581Z Building Challenge
verify (IE-18, linear-systems-and-elimination/IE-18/lean)	UNKNOWN STEP	2026-09-12T15:56:20.1166084Z ⚠ [2/3] Built Challenge (216ms)
verify (IE-18, linear-systems-and-elimination/IE-18/lean)	UNKNOWN STEP	2026-09-12T15:56:20.1166403Z warning: Challenge.lean:1:8: declaration uses `sorry`
verify (IE-18, linear-systems-and-elimination/IE-18/lean)	UNKNOWN STEP	2026-09-12T15:56:20.1166737Z Build completed successfully (3 jobs).
verify (IE-18, linear-systems-and-elimination/IE-18/lean)	UNKNOWN STEP	2026-09-12T15:56:20.1168109Z Exporting #[Quot, Quot.mk, Quot.lift, Quot.ind, comm, propext, Quot.sound, Classical.choice, Nat.add, Nat.sub, Nat.mul, Nat.pow, Nat.gcd, Nat.div, Nat.mod, Nat.beq, Nat.ble, Nat.land, Nat.lor, Nat.xor, Nat.shiftLeft, Nat.shiftRight, String.ofList, Char.ofNat, List, eagerReduce, Nat, String, String.mk, Char, optParam, autoParam, semiOutParam, outParam] from Challenge
verify (IE-18, linear-systems-and-elimination/IE-18/lean)	UNKNOWN STEP	2026-09-12T15:56:20.1169401Z Building Solution
verify (IE-18, linear-systems-and-elimination/IE-18/lean)	UNKNOWN STEP	2026-09-12T15:56:20.1169683Z ✔ [2/3] Built Solution (229ms)
verify (IE-18, linear-systems-and-elimination/IE-18/lean)	UNKNOWN STEP	2026-09-12T15:56:20.1169955Z Build completed successfully (3 jobs).
verify (IE-18, linear-systems-and-elimination/IE-18/lean)	UNKNOWN STEP	2026-09-12T15:56:20.1171288Z Exporting #[Quot, Quot.mk, Quot.lift, Quot.ind, comm, propext, Quot.sound, Classical.choice, Nat.add, Nat.sub, Nat.mul, Nat.pow, Nat.gcd, Nat.div, Nat.mod, Nat.beq, Nat.ble, Nat.land, Nat.lor, Nat.xor, Nat.shiftLeft, Nat.shiftRight, String.ofList, Char.ofNat, List, eagerReduce, Nat, String, String.mk, Char, optParam, autoParam, semiOutParam, outParam] from Solution
verify (IE-18, linear-systems-and-elimination/IE-18/lean)	UNKNOWN STEP	2026-09-12T15:56:20.1172557Z Running Lean default kernel on solution.
verify (IE-18, linear-systems-and-elimination/IE-18/lean)	UNKNOWN STEP	2026-09-12T15:56:20.1173087Z Lean default kernel accepts the solution
verify (IE-18, linear-systems-and-elimination/IE-18/lean)	UNKNOWN STEP	2026-09-12T15:56:20.1173378Z Your solution is okay!
verify (IE-18, linear-systems-and-elimination/IE-18/lean)	UNKNOWN STEP	2026-09-12T15:56:20.1173733Z PASS simple_match: exit 0, expected 0; required phase: Your solution is okay!
verify (IE-18, linear-systems-and-elimination/IE-18/lean)	UNKNOWN STEP	2026-09-12T15:56:20.1174042Z 
verify (IE-18, linear-systems-and-elimination/IE-18/lean)	UNKNOWN STEP	2026-09-12T15:56:20.1174360Z CASE simple_mismatch
verify (IE-18, linear-systems-and-elimination/IE-18/lean)	UNKNOWN STEP	2026-09-12T15:56:21.9390680Z info: ComparatorRegression: no previous manifest, creating one from scratch
verify (IE-18, linear-systems-and-elimination/IE-18/lean)	UNKNOWN STEP	2026-09-12T15:56:21.9391383Z info: toolchain not updated; already up-to-date
verify (IE-18, linear-systems-and-elimination/IE-18/lean)	UNKNOWN STEP	2026-09-12T15:56:21.9391910Z Building Challenge
verify (IE-18, linear-systems-and-elimination/IE-18/lean)	UNKNOWN STEP	2026-09-12T15:56:21.9392618Z ⚠ [2/3] Built Challenge (221ms)
verify (IE-18, linear-systems-and-elimination/IE-18/lean)	UNKNOWN STEP	2026-09-12T15:56:21.9393186Z warning: Challenge.lean:1:8: declaration uses `sorry`
verify (IE-18, linear-systems-and-elimination/IE-18/lean)	UNKNOWN STEP	2026-09-12T15:56:21.9393802Z Build completed successfully (3 jobs).
verify (IE-18, linear-systems-and-elimination/IE-18/lean)	UNKNOWN STEP	2026-09-12T15:56:21.9396471Z Exporting #[Quot, Quot.mk, Quot.lift, Quot.ind, comm, propext, Quot.sound, Classical.choice, Nat.add, Nat.sub, Nat.mul, Nat.pow, Nat.gcd, Nat.div, Nat.mod, Nat.beq, Nat.ble, Nat.land, Nat.lor, Nat.xor, Nat.shiftLeft, Nat.shiftRight, String.ofList, Char.ofNat, List, eagerReduce, Nat, String, String.mk, Char, optParam, autoParam, semiOutParam, outParam] from Challenge
verify (IE-18, linear-systems-and-elimination/IE-18/lean)	UNKNOWN STEP	2026-09-12T15:56:21.9398907Z Building Solution
verify (IE-18, linear-systems-and-elimination/IE-18/lean)	UNKNOWN STEP	2026-09-12T15:56:21.9399223Z ✔ [2/3] Built Solution (208ms)
verify (IE-18, linear-systems-and-elimination/IE-18/lean)	UNKNOWN STEP	2026-09-12T15:56:21.9399515Z Build completed successfully (3 jobs).
verify (IE-18, linear-systems-and-elimination/IE-18/lean)	UNKNOWN STEP	2026-09-12T15:56:21.9401289Z Exporting #[Quot, Quot.mk, Quot.lift, Quot.ind, comm, propext, Quot.sound, Classical.choice, Nat.add, Nat.sub, Nat.mul, Nat.pow, Nat.gcd, Nat.div, Nat.mod, Nat.beq, Nat.ble, Nat.land, Nat.lor, Nat.xor, Nat.shiftLeft, Nat.shiftRight, String.ofList, Char.ofNat, List, eagerReduce, Nat, String, String.mk, Char, optParam, autoParam, semiOutParam, outParam] from Solution
verify (IE-18, linear-systems-and-elimination/IE-18/lean)	UNKNOWN STEP	2026-09-12T15:56:21.9403759Z uncaught exception: Challenge and solution constant kind don't match: 'comm'
verify (IE-18, linear-systems-and-elimination/IE-18/lean)	UNKNOWN STEP	2026-09-12T15:56:21.9405705Z PASS simple_mismatch: exit 1, expected 1; required phase: Challenge and solution constant kind don't match: 'comm'
verify (IE-18, linear-systems-and-elimination/IE-18/lean)	UNKNOWN STEP	2026-09-12T15:56:21.9406506Z 
verify (IE-18, linear-systems-and-elimination/IE-18/lean)	UNKNOWN STEP	2026-09-12T15:56:21.9406683Z CASE simple_axiom_issue
verify (IE-18, linear-systems-and-elimination/IE-18/lean)	UNKNOWN STEP	2026-09-12T15:56:23.7878264Z info: ComparatorRegression: no previous manifest, creating one from scratch
verify (IE-18, linear-systems-and-elimination/IE-18/lean)	UNKNOWN STEP	2026-09-12T15:56:23.7879142Z info: toolchain not updated; already up-to-date
verify (IE-18, linear-systems-and-elimination/IE-18/lean)	UNKNOWN STEP	2026-09-12T15:56:23.7879652Z Building Challenge
verify (IE-18, linear-systems-and-elimination/IE-18/lean)	UNKNOWN STEP	2026-09-12T15:56:23.7880319Z ⚠ [2/3] Built Challenge (218ms)
verify (IE-18, linear-systems-and-elimination/IE-18/lean)	UNKNOWN STEP	2026-09-12T15:56:23.7880849Z warning: Challenge.lean:1:8: declaration uses `sorry`
verify (IE-18, linear-systems-and-elimination/IE-18/lean)	UNKNOWN STEP	2026-09-12T15:56:23.7881414Z Build completed successfully (3 jobs).
verify (IE-18, linear-systems-and-elimination/IE-18/lean)	UNKNOWN STEP	2026-09-12T15:56:23.7882936Z Exporting #[Quot, Quot.mk, Quot.lift, Quot.ind, comm, propext, Quot.sound, Classical.choice, Nat.add, Nat.sub, Nat.mul, Nat.pow, Nat.gcd, Nat.div, Nat.mod, Nat.beq, Nat.ble, Nat.land, Nat.lor, Nat.xor, Nat.shiftLeft, Nat.shiftRight, String.ofList, Char.ofNat, List, eagerReduce, Nat, String, String.mk, Char, optParam, autoParam, semiOutParam, outParam] from Challenge
verify (IE-18, linear-systems-and-elimination/IE-18/lean)	UNKNOWN STEP	2026-09-12T15:56:23.7884262Z Building Solution
verify (IE-18, linear-systems-and-elimination/IE-18/lean)	UNKNOWN STEP	2026-09-12T15:56:23.7884942Z ✔ [2/3] Built Solution (215ms)
verify (IE-18, linear-systems-and-elimination/IE-18/lean)	UNKNOWN STEP	2026-09-12T15:56:23.7885421Z Build completed successfully (3 jobs).
verify (IE-18, linear-systems-and-elimination/IE-18/lean)	UNKNOWN STEP	2026-09-12T15:56:23.7887916Z Exporting #[Quot, Quot.mk, Quot.lift, Quot.ind, comm, propext, Quot.sound, Classical.choice, Nat.add, Nat.sub, Nat.mul, Nat.pow, Nat.gcd, Nat.div, Nat.mod, Nat.beq, Nat.ble, Nat.land, Nat.lor, Nat.xor, Nat.shiftLeft, Nat.shiftRight, String.ofList, Char.ofNat, List, eagerReduce, Nat, String, String.mk, Char, optParam, autoParam, semiOutParam, outParam] from Solution
verify (IE-18, linear-systems-and-elimination/IE-18/lean)	UNKNOWN STEP	2026-09-12T15:56:23.7890254Z uncaught exception: Illegal axiom detected: 'helper'
verify (IE-18, linear-systems-and-elimination/IE-18/lean)	UNKNOWN STEP	2026-09-12T15:56:23.7890841Z PASS simple_axiom_issue: exit 1, expected 1; required phase: Illegal axiom detected: 'helper'
verify (IE-18, linear-systems-and-elimination/IE-18/lean)	UNKNOWN STEP	2026-09-12T15:56:23.7891221Z 
verify (IE-18, linear-systems-and-elimination/IE-18/lean)	UNKNOWN STEP	2026-09-12T15:56:23.7891325Z CASE simple_kind_mismatch
verify (IE-18, linear-systems-and-elimination/IE-18/lean)	UNKNOWN STEP	2026-09-12T15:56:25.6092809Z info: ComparatorRegression: no previous manifest, creating one from scratch
verify (IE-18, linear-systems-and-elimination/IE-18/lean)	UNKNOWN STEP	2026-09-12T15:56:25.6093412Z info: toolchain not updated; already up-to-date
verify (IE-18, linear-systems-and-elimination/IE-18/lean)	UNKNOWN STEP	2026-09-12T15:56:25.6093754Z Building Challenge
verify (IE-18, linear-systems-and-elimination/IE-18/lean)	UNKNOWN STEP	2026-09-12T15:56:25.6094222Z ⚠ [2/3] Built Challenge (217ms)
verify (IE-18, linear-systems-and-elimination/IE-18/lean)	UNKNOWN STEP	2026-09-12T15:56:25.6094940Z warning: Challenge.lean:1:8: declaration uses `sorry`
verify (IE-18, linear-systems-and-elimination/IE-18/lean)	UNKNOWN STEP	2026-09-12T15:56:25.6095403Z Build completed successfully (3 jobs).
verify (IE-18, linear-systems-and-elimination/IE-18/lean)	UNKNOWN STEP	2026-09-12T15:56:25.6097004Z Exporting #[Quot, Quot.mk, Quot.lift, Quot.ind, comm, propext, Quot.sound, Classical.choice, Nat.add, Nat.sub, Nat.mul, Nat.pow, Nat.gcd, Nat.div, Nat.mod, Nat.beq, Nat.ble, Nat.land, Nat.lor, Nat.xor, Nat.shiftLeft, Nat.shiftRight, String.ofList, Char.ofNat, List, eagerReduce, Nat, String, String.mk, Char, optParam, autoParam, semiOutParam, outParam] from Challenge
verify (IE-18, linear-systems-and-elimination/IE-18/lean)	UNKNOWN STEP	2026-09-12T15:56:25.6098348Z Building Solution
verify (IE-18, linear-systems-and-elimination/IE-18/lean)	UNKNOWN STEP	2026-09-12T15:56:25.6098650Z ✔ [2/3] Built Solution (214ms)
verify (IE-18, linear-systems-and-elimination/IE-18/lean)	UNKNOWN STEP	2026-09-12T15:56:25.6099200Z Build completed successfully (3 jobs).
verify (IE-18, linear-systems-and-elimination/IE-18/lean)	UNKNOWN STEP	2026-09-12T15:56:25.6100667Z Exporting #[Quot, Quot.mk, Quot.lift, Quot.ind, comm, propext, Quot.sound, Classical.choice, Nat.add, Nat.sub, Nat.mul, Nat.pow, Nat.gcd, Nat.div, Nat.mod, Nat.beq, Nat.ble, Nat.land, Nat.lor, Nat.xor, Nat.shiftLeft, Nat.shiftRight, String.ofList, Char.ofNat, List, eagerReduce, Nat, String, String.mk, Char, optParam, autoParam, semiOutParam, outParam] from Solution
verify (IE-18, linear-systems-and-elimination/IE-18/lean)	UNKNOWN STEP	2026-09-12T15:56:25.6102234Z uncaught exception: Illegal axiom detected: 'helper'
verify (IE-18, linear-systems-and-elimination/IE-18/lean)	UNKNOWN STEP	2026-09-12T15:56:25.6103121Z PASS simple_kind_mismatch: exit 1, expected 1; required phase: Illegal axiom detected: 'helper'
verify (IE-18, linear-systems-and-elimination/IE-18/lean)	UNKNOWN STEP	2026-09-12T15:56:25.6103782Z 
verify (IE-18, linear-systems-and-elimination/IE-18/lean)	UNKNOWN STEP	2026-09-12T15:56:25.6103938Z CASE type_mismatch
verify (IE-18, linear-systems-and-elimination/IE-18/lean)	UNKNOWN STEP	2026-09-12T15:56:27.4568685Z info: ComparatorRegression: no previous manifest, creating one from scratch
verify (IE-18, linear-systems-and-elimination/IE-18/lean)	UNKNOWN STEP	2026-09-12T15:56:27.4569356Z info: toolchain not updated; already up-to-date
verify (IE-18, linear-systems-and-elimination/IE-18/lean)	UNKNOWN STEP	2026-09-12T15:56:27.4569683Z Building Challenge
verify (IE-18, linear-systems-and-elimination/IE-18/lean)	UNKNOWN STEP	2026-09-12T15:56:27.4570149Z ✔ [2/3] Built Challenge (217ms)
verify (IE-18, linear-systems-and-elimination/IE-18/lean)	UNKNOWN STEP	2026-09-12T15:56:27.4570442Z Build completed successfully (3 jobs).
verify (IE-18, linear-systems-and-elimination/IE-18/lean)	UNKNOWN STEP	2026-09-12T15:56:27.4571821Z Exporting #[Quot, Quot.mk, Quot.lift, Quot.ind, checked, propext, Quot.sound, Classical.choice, Nat.add, Nat.sub, Nat.mul, Nat.pow, Nat.gcd, Nat.div, Nat.mod, Nat.beq, Nat.ble, Nat.land, Nat.lor, Nat.xor, Nat.shiftLeft, Nat.shiftRight, String.ofList, Char.ofNat, List, eagerReduce, Nat, String, String.mk, Char, optParam, autoParam, semiOutParam, outParam] from Challenge
verify (IE-18, linear-systems-and-elimination/IE-18/lean)	UNKNOWN STEP	2026-09-12T15:56:27.4573179Z Building Solution
verify (IE-18, linear-systems-and-elimination/IE-18/lean)	UNKNOWN STEP	2026-09-12T15:56:27.4573446Z ✔ [2/3] Built Solution (217ms)
verify (IE-18, linear-systems-and-elimination/IE-18/lean)	UNKNOWN STEP	2026-09-12T15:56:27.4573723Z Build completed successfully (3 jobs).
verify (IE-18, linear-systems-and-elimination/IE-18/lean)	UNKNOWN STEP	2026-09-12T15:56:27.4575682Z Exporting #[Quot, Quot.mk, Quot.lift, Quot.ind, checked, propext, Quot.sound, Classical.choice, Nat.add, Nat.sub, Nat.mul, Nat.pow, Nat.gcd, Nat.div, Nat.mod, Nat.beq, Nat.ble, Nat.land, Nat.lor, Nat.xor, Nat.shiftLeft, Nat.shiftRight, String.ofList, Char.ofNat, List, eagerReduce, Nat, String, String.mk, Char, optParam, autoParam, semiOutParam, outParam] from Solution
verify (IE-18, linear-systems-and-elimination/IE-18/lean)	UNKNOWN STEP	2026-09-12T15:56:27.4577176Z uncaught exception: Challenge and solution theorem statement do not match: 'checked'
verify (IE-18, linear-systems-and-elimination/IE-18/lean)	UNKNOWN STEP	2026-09-12T15:56:27.4577878Z PASS type_mismatch: exit 1, expected 1; required phase: Challenge and solution theorem statement do not match: 'checked'
verify (IE-18, linear-systems-and-elimination/IE-18/lean)	UNKNOWN STEP	2026-09-12T15:56:27.4605136Z PASS: all five Comparator regressions
verify (IE-18, linear-systems-and-elimination/IE-18/lean)	UNKNOWN STEP	2026-09-12T15:56:27.4675206Z Running systemd-run --user --quiet --wait --pipe --collect -p 'RestrictAddressFamilies=~AF_UNIX' --working-directory /home/runner/work/_temp/nla-lean-tools/.verification-tmp/nla-axiom-4_mh0pg6 /usr/bin/env -i PATH=/home/runner/.elan/toolchains/leanprover--lean4---v4.33.1/bin:/home/runner/.elan/bin:/home/runner/go/bin:/opt/hostedtoolcache/go/1.27.1/x64/bin:/snap/bin:/home/runner/.local/bin:/opt/pipx_bin:/home/runner/.cargo/bin:/home/runner/.config/composer/vendor/bin:/usr/local/.ghcup/bin:/home/runner/.dotnet/tools:/usr/local/sbin:/usr/local/bin:/usr/sbin:/usr/bin:/sbin:/bin:/usr/games:/usr/local/games:/snap/bin HOME=/home/runner LANG=C.UTF-8 XDG_RUNTIME_DIR=/run/user/1001 DBUS_SESSION_BUS_ADDRESS=unix:path=/run/user/1001/bus GIT_TERMINAL_PROMPT=0 GIT_CONFIG_NOSYSTEM=1 GIT_CONFIG_GLOBAL=/dev/null COMPARATOR_BIN=/home/runner/work/_temp/nla-lean-tools/.tools/comparator/.lake/build/bin/comparator COMPARATOR_LEAN4EXPORT=/home/runner/work/_temp/nla-lean-tools/.tools/lean4export/.lake/build/bin/lean4export COMPARATOR_LANDRUN=/home/runner/work/_temp/nla-lean-tools/scripts/strict_landrun.py XDG_CACHE_HOME=/home/runner/work/_temp/nla-lean-tools/.tools/cache TMPDIR=/home/runner/work/_temp/nla-lean-tools/.verification-tmp lake env /home/runner/work/_temp/nla-lean-tools/.tools/comparator/.lake/build/bin/comparator comparator.json
verify (IE-18, linear-systems-and-elimination/IE-18/lean)	UNKNOWN STEP	2026-09-12T15:56:27.4680315Z Log: /home/runner/work/_temp/nla-lean-tools/logs/verify-20260912T155616Z-4146/negative-sorry.log
verify (IE-18, linear-systems-and-elimination/IE-18/lean)	UNKNOWN STEP	2026-09-12T15:56:27.5259904Z info: NlaAxiomFixture: no previous manifest, creating one from scratch
verify (IE-18, linear-systems-and-elimination/IE-18/lean)	UNKNOWN STEP	2026-09-12T15:56:27.5260517Z info: toolchain not updated; already up-to-date
verify (IE-18, linear-systems-and-elimination/IE-18/lean)	UNKNOWN STEP	2026-09-12T15:56:27.6021609Z Building Challenge
verify (IE-18, linear-systems-and-elimination/IE-18/lean)	UNKNOWN STEP	2026-09-12T15:56:28.4911580Z ✔ [2/3] Built Challenge (777ms)
verify (IE-18, linear-systems-and-elimination/IE-18/lean)	UNKNOWN STEP	2026-09-12T15:56:28.4915598Z Build completed successfully (3 jobs).
verify (IE-18, linear-systems-and-elimination/IE-18/lean)	UNKNOWN STEP	2026-09-12T15:56:29.3706718Z Exporting #[Quot, Quot.mk, Quot.lift, Quot.ind, checked, Classical.choice, Quot.sound, propext, Nat.add, Nat.sub, Nat.mul, Nat.pow, Nat.gcd, Nat.div, Nat.mod, Nat.beq, Nat.ble, Nat.land, Nat.lor, Nat.xor, Nat.shiftLeft, Nat.shiftRight, String.ofList, Char.ofNat, List, eagerReduce, Nat, String, String.mk, Char, optParam, autoParam, semiOutParam, outParam] from Challenge
verify (IE-18, linear-systems-and-elimination/IE-18/lean)	UNKNOWN STEP	2026-09-12T15:56:29.3708551Z Building Solution
verify (IE-18, linear-systems-and-elimination/IE-18/lean)	UNKNOWN STEP	2026-09-12T15:56:30.2654261Z ⚠ [2/3] Built Solution (788ms)
verify (IE-18, linear-systems-and-elimination/IE-18/lean)	UNKNOWN STEP	2026-09-12T15:56:30.2655193Z warning: Solution.lean:2:8: declaration uses `sorry`
verify (IE-18, linear-systems-and-elimination/IE-18/lean)	UNKNOWN STEP	2026-09-12T15:56:30.2658044Z Build completed successfully (3 jobs).
verify (IE-18, linear-systems-and-elimination/IE-18/lean)	UNKNOWN STEP	2026-09-12T15:56:31.2190622Z Exporting #[Quot, Quot.mk, Quot.lift, Quot.ind, checked, Classical.choice, Quot.sound, propext, Nat.add, Nat.sub, Nat.mul, Nat.pow, Nat.gcd, Nat.div, Nat.mod, Nat.beq, Nat.ble, Nat.land, Nat.lor, Nat.xor, Nat.shiftLeft, Nat.shiftRight, String.ofList, Char.ofNat, List, eagerReduce, Nat, String, String.mk, Char, optParam, autoParam, semiOutParam, outParam] from Solution
verify (IE-18, linear-systems-and-elimination/IE-18/lean)	UNKNOWN STEP	2026-09-12T15:56:31.2192041Z uncaught exception: Illegal axiom detected: 'sorryAx'
verify (IE-18, linear-systems-and-elimination/IE-18/lean)	UNKNOWN STEP	2026-09-12T15:56:31.2297568Z Running systemd-run --user --quiet --wait --pipe --collect -p 'RestrictAddressFamilies=~AF_UNIX' --working-directory /home/runner/work/_temp/nla-lean-tools/.verification-tmp/nla-axiom-4oj06q3g /usr/bin/env -i PATH=/home/runner/.elan/toolchains/leanprover--lean4---v4.33.1/bin:/home/runner/.elan/bin:/home/runner/go/bin:/opt/hostedtoolcache/go/1.27.1/x64/bin:/snap/bin:/home/runner/.local/bin:/opt/pipx_bin:/home/runner/.cargo/bin:/home/runner/.config/composer/vendor/bin:/usr/local/.ghcup/bin:/home/runner/.dotnet/tools:/usr/local/sbin:/usr/local/bin:/usr/sbin:/usr/bin:/sbin:/bin:/usr/games:/usr/local/games:/snap/bin HOME=/home/runner LANG=C.UTF-8 XDG_RUNTIME_DIR=/run/user/1001 DBUS_SESSION_BUS_ADDRESS=unix:path=/run/user/1001/bus GIT_TERMINAL_PROMPT=0 GIT_CONFIG_NOSYSTEM=1 GIT_CONFIG_GLOBAL=/dev/null COMPARATOR_BIN=/home/runner/work/_temp/nla-lean-tools/.tools/comparator/.lake/build/bin/comparator COMPARATOR_LEAN4EXPORT=/home/runner/work/_temp/nla-lean-tools/.tools/lean4export/.lake/build/bin/lean4export COMPARATOR_LANDRUN=/home/runner/work/_temp/nla-lean-tools/scripts/strict_landrun.py XDG_CACHE_HOME=/home/runner/work/_temp/nla-lean-tools/.tools/cache TMPDIR=/home/runner/work/_temp/nla-lean-tools/.verification-tmp lake env /home/runner/work/_temp/nla-lean-tools/.tools/comparator/.lake/build/bin/comparator comparator.json
verify (IE-18, linear-systems-and-elimination/IE-18/lean)	UNKNOWN STEP	2026-09-12T15:56:31.2302588Z Log: /home/runner/work/_temp/nla-lean-tools/logs/verify-20260912T155616Z-4146/negative-native.log
verify (IE-18, linear-systems-and-elimination/IE-18/lean)	UNKNOWN STEP	2026-09-12T15:56:31.2850661Z info: NlaAxiomFixture: no previous manifest, creating one from scratch
verify (IE-18, linear-systems-and-elimination/IE-18/lean)	UNKNOWN STEP	2026-09-12T15:56:31.2851614Z info: toolchain not updated; already up-to-date
verify (IE-18, linear-systems-and-elimination/IE-18/lean)	UNKNOWN STEP	2026-09-12T15:56:31.3558577Z Building Challenge
verify (IE-18, linear-systems-and-elimination/IE-18/lean)	UNKNOWN STEP	2026-09-12T15:56:32.2466637Z ✔ [2/3] Built Challenge (782ms)
verify (IE-18, linear-systems-and-elimination/IE-18/lean)	UNKNOWN STEP	2026-09-12T15:56:32.2469632Z Build completed successfully (3 jobs).
verify (IE-18, linear-systems-and-elimination/IE-18/lean)	UNKNOWN STEP	2026-09-12T15:56:33.1295270Z Exporting #[Quot, Quot.mk, Quot.lift, Quot.ind, checked, Classical.choice, Quot.sound, propext, Nat.add, Nat.sub, Nat.mul, Nat.pow, Nat.gcd, Nat.div, Nat.mod, Nat.beq, Nat.ble, Nat.land, Nat.lor, Nat.xor, Nat.shiftLeft, Nat.shiftRight, String.ofList, Char.ofNat, List, eagerReduce, Nat, String, String.mk, Char, optParam, autoParam, semiOutParam, outParam] from Challenge
verify (IE-18, linear-systems-and-elimination/IE-18/lean)	UNKNOWN STEP	2026-09-12T15:56:33.1296744Z Building Solution
verify (IE-18, linear-systems-and-elimination/IE-18/lean)	UNKNOWN STEP	2026-09-12T15:56:34.0193450Z ✔ [2/3] Built Solution (776ms)
verify (IE-18, linear-systems-and-elimination/IE-18/lean)	UNKNOWN STEP	2026-09-12T15:56:34.0197225Z Build completed successfully (3 jobs).
verify (IE-18, linear-systems-and-elimination/IE-18/lean)	UNKNOWN STEP	2026-09-12T15:56:34.9736236Z Exporting #[Quot, Quot.mk, Quot.lift, Quot.ind, checked, Classical.choice, Quot.sound, propext, Nat.add, Nat.sub, Nat.mul, Nat.pow, Nat.gcd, Nat.div, Nat.mod, Nat.beq, Nat.ble, Nat.land, Nat.lor, Nat.xor, Nat.shiftLeft, Nat.shiftRight, String.ofList, Char.ofNat, List, eagerReduce, Nat, String, String.mk, Char, optParam, autoParam, semiOutParam, outParam] from Solution
verify (IE-18, linear-systems-and-elimination/IE-18/lean)	UNKNOWN STEP	2026-09-12T15:56:34.9739255Z uncaught exception: Illegal axiom detected: 'checked._native.native_decide.ax_1_1'
verify (IE-18, linear-systems-and-elimination/IE-18/lean)	UNKNOWN STEP	2026-09-12T15:56:35.0614356Z Running lake env true
verify (IE-18, linear-systems-and-elimination/IE-18/lean)	UNKNOWN STEP	2026-09-12T15:56:35.0615413Z Log: /home/runner/work/_temp/nla-lean-tools/logs/verify-20260912T155616Z-4146/dependencies.log
verify (IE-18, linear-systems-and-elimination/IE-18/lean)	UNKNOWN STEP	2026-09-12T15:56:35.0985509Z info: leancert: cloning https://github.com/alerad/leancert
verify (IE-18, linear-systems-and-elimination/IE-18/lean)	UNKNOWN STEP	2026-09-12T15:56:36.1012223Z info: leancert: checking out revision '621a43d7cf21f87872392a01e874f2f1dbddc926'
verify (IE-18, linear-systems-and-elimination/IE-18/lean)	UNKNOWN STEP	2026-09-12T15:56:36.1355121Z info: mathlib: cloning https://github.com/leanprover-community/mathlib4.git
verify (IE-18, linear-systems-and-elimination/IE-18/lean)	UNKNOWN STEP	2026-09-12T15:57:09.2832772Z info: mathlib: checking out revision '0df444a360eaa60ab8c11dca51a86af692955474'
verify (IE-18, linear-systems-and-elimination/IE-18/lean)	UNKNOWN STEP	2026-09-12T15:57:11.1100481Z info: plausible: cloning https://github.com/leanprover-community/plausible
verify (IE-18, linear-systems-and-elimination/IE-18/lean)	UNKNOWN STEP	2026-09-12T15:57:11.5648666Z info: plausible: checking out revision 'b7eb3304aeae834b12dda98993a37f6a41f6f0bb'
verify (IE-18, linear-systems-and-elimination/IE-18/lean)	UNKNOWN STEP	2026-09-12T15:57:11.5772954Z info: LeanSearchClient: cloning https://github.com/leanprover-community/LeanSearchClient
verify (IE-18, linear-systems-and-elimination/IE-18/lean)	UNKNOWN STEP	2026-09-12T15:57:12.0492985Z info: LeanSearchClient: checking out revision '5f4d51b81cbd3f6b32b156bfad9056621a040404'
verify (IE-18, linear-systems-and-elimination/IE-18/lean)	UNKNOWN STEP	2026-09-12T15:57:12.0599275Z info: importGraph: cloning https://github.com/leanprover-community/import-graph
verify (IE-18, linear-systems-and-elimination/IE-18/lean)	UNKNOWN STEP	2026-09-12T15:57:12.6352010Z info: importGraph: checking out revision '16f02aa7642864af59f1ff0e384a015994db9118'
verify (IE-18, linear-systems-and-elimination/IE-18/lean)	UNKNOWN STEP	2026-09-12T15:57:12.6485005Z info: proofwidgets: cloning https://github.com/leanprover-community/ProofWidgets4
verify (IE-18, linear-systems-and-elimination/IE-18/lean)	UNKNOWN STEP	2026-09-12T15:57:13.8191372Z info: proofwidgets: checking out revision '4be2e3d5087eeb272cf5a8853b8f9dd025ef5957'
verify (IE-18, linear-systems-and-elimination/IE-18/lean)	UNKNOWN STEP	2026-09-12T15:57:14.4426722Z info: aesop: cloning https://github.com/leanprover-community/aesop
verify (IE-18, linear-systems-and-elimination/IE-18/lean)	UNKNOWN STEP	2026-09-12T15:57:15.3189569Z info: aesop: checking out revision '3448c0bcc5ce01b2d1546e483ec3620e32df3d0e'
verify (IE-18, linear-systems-and-elimination/IE-18/lean)	UNKNOWN STEP	2026-09-12T15:57:15.3351849Z info: Qq: cloning https://github.com/leanprover-community/quote4
verify (IE-18, linear-systems-and-elimination/IE-18/lean)	UNKNOWN STEP	2026-09-12T15:57:15.8423391Z info: Qq: checking out revision '92c15be17b7caf78c2ad767ec40f89052d908d81'
verify (IE-18, linear-systems-and-elimination/IE-18/lean)	UNKNOWN STEP	2026-09-12T15:57:15.8537234Z info: batteries: cloning https://github.com/leanprover-community/batteries
verify (IE-18, linear-systems-and-elimination/IE-18/lean)	UNKNOWN STEP	2026-09-12T15:57:18.9001549Z info: batteries: checking out revision '4488d40d070b9700d4d5a6aa342f0d40c31b2a2d'
verify (IE-18, linear-systems-and-elimination/IE-18/lean)	UNKNOWN STEP	2026-09-12T15:57:18.9243662Z info: Cli: cloning https://github.com/leanprover/lean4-cli
verify (IE-18, linear-systems-and-elimination/IE-18/lean)	UNKNOWN STEP	2026-09-12T15:57:19.4249855Z info: Cli: checking out revision '6130a47896ce867c6a4a55373441e59e565bad0f'
verify (IE-18, linear-systems-and-elimination/IE-18/lean)	UNKNOWN STEP	2026-09-12T15:57:19.5021318Z Running lake exe cache get
verify (IE-18, linear-systems-and-elimination/IE-18/lean)	UNKNOWN STEP	2026-09-12T15:57:19.5022439Z Log: /home/runner/work/_temp/nla-lean-tools/logs/verify-20260912T155616Z-4146/mathlib-cache.log
verify (IE-18, linear-systems-and-elimination/IE-18/lean)	UNKNOWN STEP	2026-09-12T15:57:20.5667207Z ✔ [4/26] Built Cache.Cli (423ms)
verify (IE-18, linear-systems-and-elimination/IE-18/lean)	UNKNOWN STEP	2026-09-12T15:57:20.6685878Z ✔ [5/26] Built Cache.Lean (541ms)
verify (IE-18, linear-systems-and-elimination/IE-18/lean)	UNKNOWN STEP	2026-09-12T15:57:20.7663457Z ✔ [6/26] Built Cache.Cli:c.o (261ms)
verify (IE-18, linear-systems-and-elimination/IE-18/lean)	UNKNOWN STEP	2026-09-12T15:57:20.8668169Z ✔ [7/26] Built Cache.Lean:c.o (229ms)
verify (IE-18, linear-systems-and-elimination/IE-18/lean)	UNKNOWN STEP	2026-09-12T15:57:20.9676742Z ✔ [8/26] Built Cache.Infra (571ms)
verify (IE-18, linear-systems-and-elimination/IE-18/lean)	UNKNOWN STEP	2026-09-12T15:57:21.1673166Z ✔ [9/26] Built Cache.Infra:c.o (243ms)
verify (IE-18, linear-systems-and-elimination/IE-18/lean)	UNKNOWN STEP	2026-09-12T15:57:21.4686070Z ✔ [10/26] Built Batteries.Tactic.OpenPrivate (1.1s)
verify (IE-18, linear-systems-and-elimination/IE-18/lean)	UNKNOWN STEP	2026-09-12T15:57:22.8686327Z ✔ [11/26] Built Batteries.Tactic.OpenPrivate:c.o (1.4s)
verify (IE-18, linear-systems-and-elimination/IE-18/lean)	UNKNOWN STEP	2026-09-12T15:57:22.9688138Z ✔ [12/26] Built Cache.IO (1.4s)
verify (IE-18, linear-systems-and-elimination/IE-18/lean)	UNKNOWN STEP	2026-09-12T15:57:23.7697582Z ✔ [13/26] Built Cache.Hashing (802ms)
verify (IE-18, linear-systems-and-elimination/IE-18/lean)	UNKNOWN STEP	2026-09-12T15:57:24.1711299Z ✔ [14/26] Built Cache.Hashing:c.o (471ms)
verify (IE-18, linear-systems-and-elimination/IE-18/lean)	UNKNOWN STEP	2026-09-12T15:57:24.8717795Z ✔ [15/26] Built Cache.IO:c.o (1.9s)
verify (IE-18, linear-systems-and-elimination/IE-18/lean)	UNKNOWN STEP	2026-09-12T15:57:25.8728151Z ✔ [16/26] Built Cache.Requests (2.1s)
verify (IE-18, linear-systems-and-elimination/IE-18/lean)	UNKNOWN STEP	2026-09-12T15:57:26.4735424Z ✔ [17/26] Built Cache.Marker (565ms)
verify (IE-18, linear-systems-and-elimination/IE-18/lean)	UNKNOWN STEP	2026-09-12T15:57:26.5736351Z ✔ [18/26] Built Cache.Marker:c.o (191ms)
verify (IE-18, linear-systems-and-elimination/IE-18/lean)	UNKNOWN STEP	2026-09-12T15:57:27.1742789Z ✔ [19/26] Built Cache.Query (780ms)
verify (IE-18, linear-systems-and-elimination/IE-18/lean)	UNKNOWN STEP	2026-09-12T15:57:27.5748324Z ✔ [20/26] Built Cache.Query:c.o (335ms)
verify (IE-18, linear-systems-and-elimination/IE-18/lean)	UNKNOWN STEP	2026-09-12T15:57:27.9786056Z ✔ [21/26] Built Cache.Warning (798ms)
verify (IE-18, linear-systems-and-elimination/IE-18/lean)	UNKNOWN STEP	2026-09-12T15:57:28.2765085Z ✔ [22/26] Built Cache.Warning:c.o (287ms)
verify (IE-18, linear-systems-and-elimination/IE-18/lean)	UNKNOWN STEP	2026-09-12T15:57:29.0772954Z ✔ [23/26] Built Cache.Requests:c.o (3.2s)
verify (IE-18, linear-systems-and-elimination/IE-18/lean)	UNKNOWN STEP	2026-09-12T15:57:29.2774706Z ✔ [24/26] Built Cache.Main (1.2s)
verify (IE-18, linear-systems-and-elimination/IE-18/lean)	UNKNOWN STEP	2026-09-12T15:57:30.1784905Z ✔ [25/26] Built Cache.Main:c.o (970ms)
verify (IE-18, linear-systems-and-elimination/IE-18/lean)	UNKNOWN STEP	2026-09-12T15:57:30.9793295Z ✔ [26/26] Built cache:exe (715ms)
verify (IE-18, linear-systems-and-elimination/IE-18/lean)	UNKNOWN STEP	2026-09-12T15:57:33.8323636Z Current branch: HEAD
verify (IE-18, linear-systems-and-elimination/IE-18/lean)	UNKNOWN STEP	2026-09-12T15:57:33.8324169Z Using cache from origin: (some leanprover-community/mathlib4)
verify (IE-18, linear-systems-and-elimination/IE-18/lean)	UNKNOWN STEP	2026-09-12T15:57:33.8326637Z Attempting to download 8690 file(s) from leanprover-community/mathlib4 cache at https://lakecache.blob.core.windows.net/mathlib4-master
verify (IE-18, linear-systems-and-elimination/IE-18/lean)	UNKNOWN STEP	2026-09-12T15:57:35.0585874Z 
verify (IE-18, linear-systems-and-elimination/IE-18/lean)	UNKNOWN STEP	2026-09-12T15:57:35.1662434Z Downloaded: 1 file(s) [attempted 1/8690 = 0%, 14 KB/s], Decompressed: 0
verify (IE-18, linear-systems-and-elimination/IE-18/lean)	UNKNOWN STEP	2026-09-12T15:57:35.2660872Z Downloaded: 71 file(s) [attempted 71/8690 = 0%, 784 KB/s], Decompressed: 9
verify (IE-18, linear-systems-and-elimination/IE-18/lean)	UNKNOWN STEP	2026-09-12T15:57:35.3670661Z Downloaded: 172 file(s) [attempted 172/8690 = 1%, 1053 KB/s], Decompressed: 38
verify (IE-18, linear-systems-and-elimination/IE-18/lean)	UNKNOWN STEP	2026-09-12T15:57:35.4726068Z Downloaded: 266 file(s) [attempted 266/8690 = 3%, 2127 KB/s], Decompressed: 38
verify (IE-18, linear-systems-and-elimination/IE-18/lean)	UNKNOWN STEP	2026-09-12T15:57:35.5706018Z Downloaded: 372 file(s) [attempted 372/8690 = 4%, 1277 KB/s], Decompressed: 101
verify (IE-18, linear-systems-and-elimination/IE-18/lean)	UNKNOWN STEP	2026-09-12T15:57:35.6711948Z Downloaded: 479 file(s) [attempted 479/8690 = 5%, 2332 KB/s], Decompressed: 101
verify (IE-18, linear-systems-and-elimination/IE-18/lean)	UNKNOWN STEP	2026-09-12T15:57:35.7810333Z Downloaded: 575 file(s) [attempted 575/8690 = 6%, 1771 KB/s], Decompressed: 101
verify (IE-18, linear-systems-and-elimination/IE-18/lean)	UNKNOWN STEP	2026-09-12T15:57:35.8905219Z Downloaded: 687 file(s) [attempted 687/8690 = 7%, 508 KB/s], Decompressed: 101
verify (IE-18, linear-systems-and-elimination/IE-18/lean)	UNKNOWN STEP	2026-09-12T15:57:35.9916091Z Downloaded: 791 file(s) [attempted 791/8690 = 9%, 2643 KB/s], Decompressed: 101
verify (IE-18, linear-systems-and-elimination/IE-18/lean)	UNKNOWN STEP	2026-09-12T15:57:36.0918224Z Downloaded: 882 file(s) [attempted 882/8690 = 10%, 457 KB/s], Decompressed: 101
verify (IE-18, linear-systems-and-elimination/IE-18/lean)	UNKNOWN STEP	2026-09-12T15:57:36.1912218Z Downloaded: 962 file(s) [attempted 962/8690 = 11%, 90 KB/s], Decompressed: 305
verify (IE-18, linear-systems-and-elimination/IE-18/lean)	UNKNOWN STEP	2026-09-12T15:57:36.2991136Z Downloaded: 1064 file(s) [attempted 1064/8690 = 12%, 2016 KB/s], Decompressed: 305
verify (IE-18, linear-systems-and-elimination/IE-18/lean)	UNKNOWN STEP	2026-09-12T15:57:36.4064268Z Downloaded: 1161 file(s) [attempted 1161/8690 = 13%, 495 KB/s], Decompressed: 305
verify (IE-18, linear-systems-and-elimination/IE-18/lean)	UNKNOWN STEP	2026-09-12T15:57:36.5081481Z Downloaded: 1262 file(s) [attempted 1262/8690 = 14%, 825 KB/s], Decompressed: 305
verify (IE-18, linear-systems-and-elimination/IE-18/lean)	UNKNOWN STEP	2026-09-12T15:57:36.6135903Z Downloaded: 1338 file(s) [attempted 1338/8690 = 15%, 2350 KB/s], Decompressed: 305
verify (IE-18, linear-systems-and-elimination/IE-18/lean)	UNKNOWN STEP	2026-09-12T15:57:36.7187034Z Downloaded: 1417 file(s) [attempted 1417/8690 = 16%, 236 KB/s], Decompressed: 305
verify (IE-18, linear-systems-and-elimination/IE-18/lean)	UNKNOWN STEP	2026-09-12T15:57:36.8185804Z Downloaded: 1518 file(s) [attempted 1518/8690 = 17%, 4884 KB/s], Decompressed: 305
verify (IE-18, linear-systems-and-elimination/IE-18/lean)	UNKNOWN STEP	2026-09-12T15:57:36.9193595Z Downloaded: 1622 file(s) [attempted 1622/8690 = 18%, 556 KB/s], Decompressed: 305
verify (IE-18, linear-systems-and-elimination/IE-18/lean)	UNKNOWN STEP	2026-09-12T15:57:37.0271676Z Downloaded: 1724 file(s) [attempted 1724/8690 = 19%, 1802 KB/s], Decompressed: 305
verify (IE-18, linear-systems-and-elimination/IE-18/lean)	UNKNOWN STEP	2026-09-12T15:57:37.1345930Z Downloaded: 1824 file(s) [attempted 1824/8690 = 20%, 1672 KB/s], Decompressed: 305
verify (IE-18, linear-systems-and-elimination/IE-18/lean)	UNKNOWN STEP	2026-09-12T15:57:37.2321550Z Downloaded: 1888 file(s) [attempted 1888/8690 = 21%, 682 KB/s], Decompressed: 305
verify (IE-18, linear-systems-and-elimination/IE-18/lean)	UNKNOWN STEP	2026-09-12T15:57:37.3355786Z Downloaded: 1980 file(s) [attempted 1980/8690 = 22%, 758 KB/s], Decompressed: 305
verify (IE-18, linear-systems-and-elimination/IE-18/lean)	UNKNOWN STEP	2026-09-12T15:57:37.4408804Z Downloaded: 2058 file(s) [attempted 2058/8690 = 23%, 191 KB/s], Decompressed: 305
verify (IE-18, linear-systems-and-elimination/IE-18/lean)	UNKNOWN STEP	2026-09-12T15:57:37.5505827Z Downloaded: 2140 file(s) [attempted 2140/8690 = 24%, 298 KB/s], Decompressed: 305
verify (IE-18, linear-systems-and-elimination/IE-18/lean)	UNKNOWN STEP	2026-09-12T15:57:37.7842284Z Downloaded: 2241 file(s) [attempted 2241/8690 = 25%, 2595 KB/s], Decompressed: 305
verify (IE-18, linear-systems-and-elimination/IE-18/lean)	UNKNOWN STEP	2026-09-12T15:57:37.8852230Z Downloaded: 2344 file(s) [attempted 2344/8690 = 26%, 885 KB/s], Decompressed: 305
verify (IE-18, linear-systems-and-elimination/IE-18/lean)	UNKNOWN STEP	2026-09-12T15:57:37.9994453Z Downloaded: 2442 file(s) [attempted 2442/8690 = 28%, 742 KB/s], Decompressed: 305
verify (IE-18, linear-systems-and-elimination/IE-18/lean)	UNKNOWN STEP	2026-09-12T15:57:38.0982510Z Downloaded: 2540 file(s) [attempted 2540/8690 = 29%, 3122 KB/s], Decompressed: 305
verify (IE-18, linear-systems-and-elimination/IE-18/lean)	UNKNOWN STEP	2026-09-12T15:57:38.2081987Z Downloaded: 2631 file(s) [attempted 2631/8690 = 30%, 481 KB/s], Decompressed: 305
verify (IE-18, linear-systems-and-elimination/IE-18/lean)	UNKNOWN STEP	2026-09-12T15:57:38.3345819Z Downloaded: 2700 file(s) [attempted 2700/8690 = 31%, 973 KB/s], Decompressed: 305
verify (IE-18, linear-systems-and-elimination/IE-18/lean)	UNKNOWN STEP	2026-09-12T15:57:38.4446848Z Downloaded: 2801 file(s) [attempted 2801/8690 = 32%, 859 KB/s], Decompressed: 305
verify (IE-18, linear-systems-and-elimination/IE-18/lean)	UNKNOWN STEP	2026-09-12T15:57:38.5651192Z Downloaded: 2908 file(s) [attempted 2908/8690 = 33%, 251 KB/s], Decompressed: 958
verify (IE-18, linear-systems-and-elimination/IE-18/lean)	UNKNOWN STEP	2026-09-12T15:57:38.6946917Z Downloaded: 3007 file(s) [attempted 3007/8690 = 34%, 1263 KB/s], Decompressed: 958
verify (IE-18, linear-systems-and-elimination/IE-18/lean)	UNKNOWN STEP	2026-09-12T15:57:38.7952759Z Downloaded: 3107 file(s) [attempted 3107/8690 = 35%, 925 KB/s], Decompressed: 958
verify (IE-18, linear-systems-and-elimination/IE-18/lean)	UNKNOWN STEP	2026-09-12T15:57:38.8963663Z Downloaded: 3231 file(s) [attempted 3231/8690 = 37%, 946 KB/s], Decompressed: 958
verify (IE-18, linear-systems-and-elimination/IE-18/lean)	UNKNOWN STEP	2026-09-12T15:57:38.9977189Z Downloaded: 3334 file(s) [attempted 3334/8690 = 38%, 3299 KB/s], Decompressed: 958
verify (IE-18, linear-systems-and-elimination/IE-18/lean)	UNKNOWN STEP	2026-09-12T15:57:39.0996794Z Downloaded: 3437 file(s) [attempted 3437/8690 = 39%, 664 KB/s], Decompressed: 958
verify (IE-18, linear-systems-and-elimination/IE-18/lean)	UNKNOWN STEP	2026-09-12T15:57:39.2136921Z Downloaded: 3542 file(s) [attempted 3542/8690 = 40%, 1259 KB/s], Decompressed: 958
verify (IE-18, linear-systems-and-elimination/IE-18/lean)	UNKNOWN STEP	2026-09-12T15:57:39.3226067Z Downloaded: 3642 file(s) [attempted 3642/8690 = 41%, 269 KB/s], Decompressed: 958
verify (IE-18, linear-systems-and-elimination/IE-18/lean)	UNKNOWN STEP	2026-09-12T15:57:39.4179322Z Downloaded: 3713 file(s) [attempted 3713/8690 = 42%, 3845 KB/s], Decompressed: 958
verify (IE-18, linear-systems-and-elimination/IE-18/lean)	UNKNOWN STEP	2026-09-12T15:57:39.5343205Z Downloaded: 3812 file(s) [attempted 3812/8690 = 43%, 255 KB/s], Decompressed: 958
verify (IE-18, linear-systems-and-elimination/IE-18/lean)	UNKNOWN STEP	2026-09-12T15:57:39.6436011Z Downloaded: 3915 file(s) [attempted 3915/8690 = 45%, 193 KB/s], Decompressed: 958
verify (IE-18, linear-systems-and-elimination/IE-18/lean)	UNKNOWN STEP	2026-09-12T15:57:39.7557333Z Downloaded: 3969 file(s) [attempted 3969/8690 = 45%, 1133 KB/s], Decompressed: 958
verify (IE-18, linear-systems-and-elimination/IE-18/lean)	UNKNOWN STEP	2026-09-12T15:57:39.8786853Z Downloaded: 4068 file(s) [attempted 4068/8690 = 46%, 267 KB/s], Decompressed: 958
verify (IE-18, linear-systems-and-elimination/IE-18/lean)	UNKNOWN STEP	2026-09-12T15:57:39.9937734Z Downloaded: 4168 file(s) [attempted 4168/8690 = 47%, 4951 KB/s], Decompressed: 958
verify (IE-18, linear-systems-and-elimination/IE-18/lean)	UNKNOWN STEP	2026-09-12T15:57:40.0900230Z Downloaded: 4267 file(s) [attempted 4267/8690 = 49%, 185 KB/s], Decompressed: 958
verify (IE-18, linear-systems-and-elimination/IE-18/lean)	UNKNOWN STEP	2026-09-12T15:57:40.1946206Z Downloaded: 4372 file(s) [attempted 4372/8690 = 50%, 113 KB/s], Decompressed: 958
verify (IE-18, linear-systems-and-elimination/IE-18/lean)	UNKNOWN STEP	2026-09-12T15:57:40.2986886Z Downloaded: 4434 file(s) [attempted 4434/8690 = 51%, 246 KB/s], Decompressed: 958
verify (IE-18, linear-systems-and-elimination/IE-18/lean)	UNKNOWN STEP	2026-09-12T15:57:40.3996761Z Downloaded: 4532 file(s) [attempted 4532/8690 = 52%, 1818 KB/s], Decompressed: 958
verify (IE-18, linear-systems-and-elimination/IE-18/lean)	UNKNOWN STEP	2026-09-12T15:57:40.5017070Z Downloaded: 4633 file(s) [attempted 4633/8690 = 53%, 439 KB/s], Decompressed: 958
verify (IE-18, linear-systems-and-elimination/IE-18/lean)	UNKNOWN STEP	2026-09-12T15:57:40.6038965Z Downloaded: 4722 file(s) [attempted 4722/8690 = 54%, 1861 KB/s], Decompressed: 958
verify (IE-18, linear-systems-and-elimination/IE-18/lean)	UNKNOWN STEP	2026-09-12T15:57:40.7115864Z Downloaded: 4820 file(s) [attempted 4820/8690 = 55%, 1551 KB/s], Decompressed: 958
verify (IE-18, linear-systems-and-elimination/IE-18/lean)	UNKNOWN STEP	2026-09-12T15:57:40.8098772Z Downloaded: 4921 file(s) [attempted 4921/8690 = 56%, 159 KB/s], Decompressed: 958
verify (IE-18, linear-systems-and-elimination/IE-18/lean)	UNKNOWN STEP	2026-09-12T15:57:40.9106756Z Downloaded: 5033 file(s) [attempted 5033/8690 = 57%, 1561 KB/s], Decompressed: 958
verify (IE-18, linear-systems-and-elimination/IE-18/lean)	UNKNOWN STEP	2026-09-12T15:57:41.0206210Z Downloaded: 5129 file(s) [attempted 5129/8690 = 59%, 205 KB/s], Decompressed: 958
verify (IE-18, linear-systems-and-elimination/IE-18/lean)	UNKNOWN STEP	2026-09-12T15:57:41.1336517Z Downloaded: 5223 file(s) [attempted 5223/8690 = 60%, 784 KB/s], Decompressed: 958
verify (IE-18, linear-systems-and-elimination/IE-18/lean)	UNKNOWN STEP	2026-09-12T15:57:41.2425156Z Downloaded: 5323 file(s) [attempted 5323/8690 = 61%, 1194 KB/s], Decompressed: 958
verify (IE-18, linear-systems-and-elimination/IE-18/lean)	UNKNOWN STEP	2026-09-12T15:57:41.3570925Z Downloaded: 5426 file(s) [attempted 5426/8690 = 62%, 1376 KB/s], Decompressed: 958
verify (IE-18, linear-systems-and-elimination/IE-18/lean)	UNKNOWN STEP	2026-09-12T15:57:41.4641407Z Downloaded: 5531 file(s) [attempted 5531/8690 = 63%, 552 KB/s], Decompressed: 958
verify (IE-18, linear-systems-and-elimination/IE-18/lean)	UNKNOWN STEP	2026-09-12T15:57:41.5655788Z Downloaded: 5634 file(s) [attempted 5634/8690 = 64%, 1120 KB/s], Decompressed: 958
verify (IE-18, linear-systems-and-elimination/IE-18/lean)	UNKNOWN STEP	2026-09-12T15:57:41.6666239Z Downloaded: 5730 file(s) [attempted 5730/8690 = 65%, 2330 KB/s], Decompressed: 958
verify (IE-18, linear-systems-and-elimination/IE-18/lean)	UNKNOWN STEP	2026-09-12T15:57:41.7706417Z Downloaded: 5792 file(s) [attempted 5792/8690 = 66%, 3167 KB/s], Decompressed: 958
verify (IE-18, linear-systems-and-elimination/IE-18/lean)	UNKNOWN STEP	2026-09-12T15:57:41.8736716Z Downloaded: 5890 file(s) [attempted 5890/8690 = 67%, 1474 KB/s], Decompressed: 958
verify (IE-18, linear-systems-and-elimination/IE-18/lean)	UNKNOWN STEP	2026-09-12T15:57:41.9805842Z Downloaded: 5977 file(s) [attempted 5977/8690 = 68%, 627 KB/s], Decompressed: 958
verify (IE-18, linear-systems-and-elimination/IE-18/lean)	UNKNOWN STEP	2026-09-12T15:57:42.0815827Z Downloaded: 6044 file(s) [attempted 6044/8690 = 69%, 169 KB/s], Decompressed: 958
verify (IE-18, linear-systems-and-elimination/IE-18/lean)	UNKNOWN STEP	2026-09-12T15:57:42.1815953Z Downloaded: 6144 file(s) [attempted 6144/8690 = 70%, 75 KB/s], Decompressed: 958
verify (IE-18, linear-systems-and-elimination/IE-18/lean)	UNKNOWN STEP	2026-09-12T15:57:42.2904070Z Downloaded: 6240 file(s) [attempted 6240/8690 = 71%, 348 KB/s], Decompressed: 958
verify (IE-18, linear-systems-and-elimination/IE-18/lean)	UNKNOWN STEP	2026-09-12T15:57:42.3968866Z Downloaded: 6295 file(s) [attempted 6295/8690 = 72%, 5406 KB/s], Decompressed: 958
verify (IE-18, linear-systems-and-elimination/IE-18/lean)	UNKNOWN STEP	2026-09-12T15:57:42.5113685Z Downloaded: 6394 file(s) [attempted 6394/8690 = 73%, 1832 KB/s], Decompressed: 958
verify (IE-18, linear-systems-and-elimination/IE-18/lean)	UNKNOWN STEP	2026-09-12T15:57:42.6415953Z Downloaded: 6487 file(s) [attempted 6487/8690 = 74%, 233 KB/s], Decompressed: 958
verify (IE-18, linear-systems-and-elimination/IE-18/lean)	UNKNOWN STEP	2026-09-12T15:57:42.7445989Z Downloaded: 6588 file(s) [attempted 6588/8690 = 75%, 519 KB/s], Decompressed: 958
verify (IE-18, linear-systems-and-elimination/IE-18/lean)	UNKNOWN STEP	2026-09-12T15:57:42.8427785Z Downloaded: 6686 file(s) [attempted 6686/8690 = 76%, 392 KB/s], Decompressed: 958
verify (IE-18, linear-systems-and-elimination/IE-18/lean)	UNKNOWN STEP	2026-09-12T15:57:42.9452382Z Downloaded: 6782 file(s) [attempted 6782/8690 = 78%, 630 KB/s], Decompressed: 958
verify (IE-18, linear-systems-and-elimination/IE-18/lean)	UNKNOWN STEP	2026-09-12T15:57:43.0443708Z Downloaded: 6868 file(s) [attempted 6868/8690 = 79%, 1141 KB/s], Decompressed: 958
verify (IE-18, linear-systems-and-elimination/IE-18/lean)	UNKNOWN STEP	2026-09-12T15:57:43.1457911Z Downloaded: 6942 file(s) [attempted 6942/8690 = 79%, 3665 KB/s], Decompressed: 958
verify (IE-18, linear-systems-and-elimination/IE-18/lean)	UNKNOWN STEP	2026-09-12T15:57:43.2896704Z Downloaded: 7045 file(s) [attempted 7045/8690 = 81%, 1147 KB/s], Decompressed: 958
verify (IE-18, linear-systems-and-elimination/IE-18/lean)	UNKNOWN STEP	2026-09-12T15:57:43.4431841Z Downloaded: 7121 file(s) [attempted 7121/8690 = 81%, 2880 KB/s], Decompressed: 958
verify (IE-18, linear-systems-and-elimination/IE-18/lean)	UNKNOWN STEP	2026-09-12T15:57:43.5481343Z Downloaded: 7221 file(s) [attempted 7221/8690 = 83%, 5548 KB/s], Decompressed: 958
verify (IE-18, linear-systems-and-elimination/IE-18/lean)	UNKNOWN STEP	2026-09-12T15:57:43.6792003Z Downloaded: 7317 file(s) [attempted 7317/8690 = 84%, 99 KB/s], Decompressed: 958
verify (IE-18, linear-systems-and-elimination/IE-18/lean)	UNKNOWN STEP	2026-09-12T15:57:43.8015688Z Downloaded: 7368 file(s) [attempted 7368/8690 = 84%, 137 KB/s], Decompressed: 958
verify (IE-18, linear-systems-and-elimination/IE-18/lean)	UNKNOWN STEP	2026-09-12T15:57:43.9344982Z Downloaded: 7468 file(s) [attempted 7468/8690 = 85%, 4436 KB/s], Decompressed: 958
verify (IE-18, linear-systems-and-elimination/IE-18/lean)	UNKNOWN STEP	2026-09-12T15:57:44.0339100Z Downloaded: 7569 file(s) [attempted 7569/8690 = 87%, 163 KB/s], Decompressed: 958
verify (IE-18, linear-systems-and-elimination/IE-18/lean)	UNKNOWN STEP	2026-09-12T15:57:44.1546168Z Downloaded: 7624 file(s) [attempted 7624/8690 = 87%, 986 KB/s], Decompressed: 958
verify (IE-18, linear-systems-and-elimination/IE-18/lean)	UNKNOWN STEP	2026-09-12T15:57:44.2886794Z Downloaded: 7722 file(s) [attempted 7722/8690 = 88%, 598 KB/s], Decompressed: 958
verify (IE-18, linear-systems-and-elimination/IE-18/lean)	UNKNOWN STEP	2026-09-12T15:57:44.4005799Z Downloaded: 7823 file(s) [attempted 7823/8690 = 90%, 110 KB/s], Decompressed: 958
verify (IE-18, linear-systems-and-elimination/IE-18/lean)	UNKNOWN STEP	2026-09-12T15:57:44.5331065Z Downloaded: 7921 file(s) [attempted 7921/8690 = 91%, 1233 KB/s], Decompressed: 958
verify (IE-18, linear-systems-and-elimination/IE-18/lean)	UNKNOWN STEP	2026-09-12T15:57:44.6390831Z Downloaded: 8024 file(s) [attempted 8024/8690 = 92%, 1317 KB/s], Decompressed: 958
verify (IE-18, linear-systems-and-elimination/IE-18/lean)	UNKNOWN STEP	2026-09-12T15:57:44.7394365Z Downloaded: 8125 file(s) [attempted 8125/8690 = 93%, 2420 KB/s], Decompressed: 958
verify (IE-18, linear-systems-and-elimination/IE-18/lean)	UNKNOWN STEP	2026-09-12T15:57:44.8449246Z Downloaded: 8177 file(s) [attempted 8177/8690 = 94%, 390 KB/s], Decompressed: 958
verify (IE-18, linear-systems-and-elimination/IE-18/lean)	UNKNOWN STEP	2026-09-12T15:57:44.9636043Z Downloaded: 8228 file(s) [attempted 8228/8690 = 94%, 3195 KB/s], Decompressed: 958
verify (IE-18, linear-systems-and-elimination/IE-18/lean)	UNKNOWN STEP	2026-09-12T15:57:45.0945817Z Downloaded: 8328 file(s) [attempted 8328/8690 = 95%, 184 KB/s], Decompressed: 958
verify (IE-18, linear-systems-and-elimination/IE-18/lean)	UNKNOWN STEP	2026-09-12T15:57:45.1939878Z Downloaded: 8429 file(s) [attempted 8429/8690 = 96%, 213 KB/s], Decompressed: 958
verify (IE-18, linear-systems-and-elimination/IE-18/lean)	UNKNOWN STEP	2026-09-12T15:57:45.2955876Z Downloaded: 8527 file(s) [attempted 8527/8690 = 98%, 2468 KB/s], Decompressed: 2902
verify (IE-18, linear-systems-and-elimination/IE-18/lean)	UNKNOWN STEP	2026-09-12T15:57:45.4016792Z Downloaded: 8587 file(s) [attempted 8587/8690 = 98%, 635 KB/s], Decompressed: 2902
verify (IE-18, linear-systems-and-elimination/IE-18/lean)	UNKNOWN STEP	2026-09-12T15:57:45.4621960Z Downloaded: 8685 file(s) [attempted 8685/8690 = 99%, 409 KB/s], Decompressed: 2902
verify (IE-18, linear-systems-and-elimination/IE-18/lean)	UNKNOWN STEP	2026-09-12T15:57:45.4623000Z Downloaded: 8690 file(s) [attempted 8690/8690 = 100%, 409 KB/s], Decompressed: 2902
verify (IE-18, linear-systems-and-elimination/IE-18/lean)	UNKNOWN STEP	2026-09-12T15:58:03.5254933Z Decompressed 8690 file(s)
verify (IE-18, linear-systems-and-elimination/IE-18/lean)	UNKNOWN STEP	2026-09-12T15:58:03.5255458Z Already decompressed 8690 file(s)
verify (IE-18, linear-systems-and-elimination/IE-18/lean)	UNKNOWN STEP	2026-09-12T15:58:03.5705426Z Running systemd-run --user --quiet --wait --pipe --collect -p 'RestrictAddressFamilies=~AF_UNIX' --working-directory /home/runner/work/_temp/nla-lean-tools/.verification-tmp/nla-fresh-proof-1kouzlpz/project /usr/bin/env -i PATH=/home/runner/.elan/toolchains/leanprover--lean4---v4.33.1/bin:/home/runner/.elan/bin:/home/runner/go/bin:/opt/hostedtoolcache/go/1.27.1/x64/bin:/snap/bin:/home/runner/.local/bin:/opt/pipx_bin:/home/runner/.cargo/bin:/home/runner/.config/composer/vendor/bin:/usr/local/.ghcup/bin:/home/runner/.dotnet/tools:/usr/local/sbin:/usr/local/bin:/usr/sbin:/usr/bin:/sbin:/bin:/usr/games:/usr/local/games:/snap/bin HOME=/home/runner LANG=C.UTF-8 XDG_RUNTIME_DIR=/run/user/1001 DBUS_SESSION_BUS_ADDRESS=unix:path=/run/user/1001/bus GIT_TERMINAL_PROMPT=0 GIT_CONFIG_NOSYSTEM=1 GIT_CONFIG_GLOBAL=/dev/null COMPARATOR_BIN=/home/runner/work/_temp/nla-lean-tools/.tools/comparator/.lake/build/bin/comparator COMPARATOR_LEAN4EXPORT=/home/runner/work/_temp/nla-lean-tools/.tools/lean4export/.lake/build/bin/lean4export COMPARATOR_LANDRUN=/home/runner/work/_temp/nla-lean-tools/scripts/strict_landrun.py XDG_CACHE_HOME=/home/runner/work/_temp/nla-lean-tools/.tools/cache TMPDIR=/home/runner/work/_temp/nla-lean-tools/.verification-tmp lake env /home/runner/work/_temp/nla-lean-tools/.tools/comparator/.lake/build/bin/comparator comparator.json
verify (IE-18, linear-systems-and-elimination/IE-18/lean)	UNKNOWN STEP	2026-09-12T15:58:03.5710564Z Log: /home/runner/work/_temp/nla-lean-tools/logs/verify-20260912T155616Z-4146/comparator.log
verify (IE-18, linear-systems-and-elimination/IE-18/lean)	UNKNOWN STEP	2026-09-12T15:58:04.2536250Z Building Challenge
verify (IE-18, linear-systems-and-elimination/IE-18/lean)	UNKNOWN STEP	2026-09-12T15:58:07.9866086Z ✔ [2643/2645] Built NLA.IE18.Definitions (1.9s)
verify (IE-18, linear-systems-and-elimination/IE-18/lean)	UNKNOWN STEP	2026-09-12T15:58:09.7885528Z ⚠ [2644/2645] Built Challenge (1.8s)
verify (IE-18, linear-systems-and-elimination/IE-18/lean)	UNKNOWN STEP	2026-09-12T15:58:09.7886417Z warning: Challenge.lean:8:8: declaration uses `sorry`
verify (IE-18, linear-systems-and-elimination/IE-18/lean)	UNKNOWN STEP	2026-09-12T15:58:09.7886919Z warning: Challenge.lean:21:8: declaration uses `sorry`
verify (IE-18, linear-systems-and-elimination/IE-18/lean)	UNKNOWN STEP	2026-09-12T15:58:09.7887379Z warning: Challenge.lean:33:8: declaration uses `sorry`
verify (IE-18, linear-systems-and-elimination/IE-18/lean)	UNKNOWN STEP	2026-09-12T15:58:09.7960220Z Build completed successfully (2645 jobs).
verify (IE-18, linear-systems-and-elimination/IE-18/lean)	UNKNOWN STEP	2026-09-12T15:58:21.3961750Z Exporting #[Quot, Quot.mk, Quot.lift, Quot.ind, NLA.IE18.residual_certificate, NLA.IE18.counterexample, NLA.IE18.not_fourStepConjecture, propext, Classical.choice, Quot.sound, Nat.add, Nat.sub, Nat.mul, Nat.pow, Nat.gcd, Nat.div, Nat.mod, Nat.beq, Nat.ble, Nat.land, Nat.lor, Nat.xor, Nat.shiftLeft, Nat.shiftRight, String.ofList, Char.ofNat, List, eagerReduce, Nat, String, String.mk, Char, optParam, autoParam, semiOutParam, outParam] from Challenge
verify (IE-18, linear-systems-and-elimination/IE-18/lean)	UNKNOWN STEP	2026-09-12T15:58:21.3965029Z Building Solution
verify (IE-18, linear-systems-and-elimination/IE-18/lean)	UNKNOWN STEP	2026-09-12T15:58:27.4773747Z ✔ [2956/2989] Built LeanCert.Core.Interval (4.1s)
verify (IE-18, linear-systems-and-elimination/IE-18/lean)	UNKNOWN STEP	2026-09-12T15:58:27.8808110Z ✔ [2957/2989] Built LeanCert.Core.DerivativeIntervals (4.5s)
verify (IE-18, linear-systems-and-elimination/IE-18/lean)	UNKNOWN STEP	2026-09-12T15:58:29.8821193Z ✔ [2958/2996] Built LeanCert.Contrib.Sinc (6.5s)
verify (IE-18, linear-systems-and-elimination/IE-18/lean)	UNKNOWN STEP	2026-09-12T15:58:30.8823034Z ✔ [2959/2996] Built LeanCert.Core.Expr (7.5s)
verify (IE-18, linear-systems-and-elimination/IE-18/lean)	UNKNOWN STEP	2026-09-12T15:58:36.2875524Z ✔ [2960/3000] Built LeanCert.Core.Dyadic (6.5s)
verify (IE-18, linear-systems-and-elimination/IE-18/lean)	UNKNOWN STEP	2026-09-12T15:58:37.7881147Z ✔ [2961/3000] Built LeanCert.Tactic.Verification (6.9s)
verify (IE-18, linear-systems-and-elimination/IE-18/lean)	UNKNOWN STEP	2026-09-12T15:58:39.1916574Z ✔ [2962/3000] Built LeanCert.Core.Taylor (11s)
verify (IE-18, linear-systems-and-elimination/IE-18/lean)	UNKNOWN STEP	2026-09-12T15:58:39.6919604Z ✔ [2963/3001] Built LeanCert.Core.IntervalRat.Basic (12s)
verify (IE-18, linear-systems-and-elimination/IE-18/lean)	UNKNOWN STEP	2026-09-12T15:58:42.4977150Z ✔ [2964/3001] Built LeanCert.Core.Support (4.7s)
verify (IE-18, linear-systems-and-elimination/IE-18/lean)	UNKNOWN STEP	2026-09-12T15:58:42.9970829Z ✔ [2965/3001] Built LeanCert.Core.IntervalRat.LogReduction (6.6s)
verify (IE-18, linear-systems-and-elimination/IE-18/lean)	UNKNOWN STEP	2026-09-12T15:58:43.0969165Z ✔ [2966/3001] Built LeanCert.Tactic.LeanCert.Bridge.Environment (3.4s)
verify (IE-18, linear-systems-and-elimination/IE-18/lean)	UNKNOWN STEP	2026-09-12T15:58:44.3039002Z ✔ [2967/3001] Built LeanCert.Meta.Numeral (5.0s)
verify (IE-18, linear-systems-and-elimination/IE-18/lean)	UNKNOWN STEP	2026-09-12T15:58:45.8086248Z ✔ [2968/3001] Built LeanCert.Engine.Eval.Result (3.3s)
verify (IE-18, linear-systems-and-elimination/IE-18/lean)	UNKNOWN STEP	2026-09-12T15:58:46.5117880Z ✔ [2969/3001] Built LeanCert.Core.TrigReduction (3.6s)
verify (IE-18, linear-systems-and-elimination/IE-18/lean)	UNKNOWN STEP	2026-09-12T15:58:46.5118757Z ✔ [2970/3001] Built LeanCert.Tactic.NumericalRefinement (739ms)
verify (IE-18, linear-systems-and-elimination/IE-18/lean)	UNKNOWN STEP	2026-09-12T15:58:48.8245996Z ✔ [2971/3001] Built LeanCert.Tactic.IntervalAuto.Types (4.6s)
verify (IE-18, linear-systems-and-elimination/IE-18/lean)	UNKNOWN STEP	2026-09-12T15:58:48.8251551Z ✔ [2972/3001] Built LeanCert.Core.IntervalRat.Transcendental (5.7s)
verify (IE-18, linear-systems-and-elimination/IE-18/lean)	UNKNOWN STEP	2026-09-12T15:58:51.1279656Z ✔ [2973/3059] Built LeanCert.Tactic.IntervalAuto.Extract (4.5s)
verify (IE-18, linear-systems-and-elimination/IE-18/lean)	UNKNOWN STEP	2026-09-12T15:58:54.6423247Z ✔ [3026/3107] Built LeanCert.Tactic.IntervalAuto.Norm (5.8s)
verify (IE-18, linear-systems-and-elimination/IE-18/lean)	UNKNOWN STEP	2026-09-12T15:58:56.5445360Z ✔ [3028/3111] Built LeanCert.Meta.ToExpr (7.7s)
verify (IE-18, linear-systems-and-elimination/IE-18/lean)	UNKNOWN STEP	2026-09-12T15:58:56.6498908Z ✔ [3029/3111] Built LeanCert.Tactic.VecUtil (5.4s)
verify (IE-18, linear-systems-and-elimination/IE-18/lean)	UNKNOWN STEP	2026-09-12T15:59:00.6676752Z ✔ [3030/3111] Built LeanCert.Tactic.FinsetParse (6.1s)
verify (IE-18, linear-systems-and-elimination/IE-18/lean)	UNKNOWN STEP	2026-09-12T15:59:02.5678854Z ✔ [3031/3111] Built LeanCert.Tactic.LeanCert.Normalize (5.9s)
verify (IE-18, linear-systems-and-elimination/IE-18/lean)	UNKNOWN STEP	2026-09-12T15:59:03.2727841Z ✔ [3032/3115] Built LeanCert.Tactic.BridgeNative (2.6s)
verify (IE-18, linear-systems-and-elimination/IE-18/lean)	UNKNOWN STEP	2026-09-12T15:59:05.8778682Z ✔ [3566/3646] Built LeanCert.Tactic.IntervalAuto.Parse (9.3s)
verify (IE-18, linear-systems-and-elimination/IE-18/lean)	UNKNOWN STEP	2026-09-12T15:59:05.9787601Z ✔ [3567/3648] Built LeanCert.Tactic.FinSumExpand (3.4s)
verify (IE-18, linear-systems-and-elimination/IE-18/lean)	UNKNOWN STEP	2026-09-12T15:59:07.7839067Z ✔ [3568/3652] Built LeanCert.Tactic.LeanCert.Semantic.Domain (1.8s)
verify (IE-18, linear-systems-and-elimination/IE-18/lean)	UNKNOWN STEP	2026-09-12T15:59:07.8838531Z ✔ [3569/3654] Built LeanCert.Validity.Eventual (3.0s)
verify (IE-18, linear-systems-and-elimination/IE-18/lean)	UNKNOWN STEP	2026-09-12T15:59:09.3863850Z ✔ [3570/3655] Built LeanCert.Tactic.IntervalAuto.Diagnostic (3.5s)
verify (IE-18, linear-systems-and-elimination/IE-18/lean)	UNKNOWN STEP	2026-09-12T15:59:10.1907088Z ✔ [3571/3655] Built LeanCert.Tactic.LeanCert.Semantic.Goal (2.4s)
verify (IE-18, linear-systems-and-elimination/IE-18/lean)	UNKNOWN STEP	2026-09-12T15:59:11.4909704Z ✔ [3572/3660] Built LeanCert.Core.IntervalRat.Taylor (24s)
verify (IE-18, linear-systems-and-elimination/IE-18/lean)	UNKNOWN STEP	2026-09-12T15:59:11.4916324Z ✔ [3573/3660] Built LeanCert.Tactic.VecSimp (2.1s)
verify (IE-18, linear-systems-and-elimination/IE-18/lean)	UNKNOWN STEP	2026-09-12T15:59:11.8920084Z ✔ [3574/3660] Built LeanCert.Tactic.LeanCert.Semantic.Parse.Comparison (1.6s)
verify (IE-18, linear-systems-and-elimination/IE-18/lean)	UNKNOWN STEP	2026-09-12T15:59:14.0965201Z ✔ [3575/3660] Built LeanCert.Tactic.EventualBound (6.2s)
verify (IE-18, linear-systems-and-elimination/IE-18/lean)	UNKNOWN STEP	2026-09-12T15:59:14.3959682Z ✔ [3576/3662] Built LeanCert.Core.IntervalReal (2.9s)
verify (IE-18, linear-systems-and-elimination/IE-18/lean)	UNKNOWN STEP	2026-09-12T15:59:14.9965521Z ✔ [3577/3663] Built LeanCert.Tactic.Extension.Protocol (3.5s)
verify (IE-18, linear-systems-and-elimination/IE-18/lean)	UNKNOWN STEP	2026-09-12T15:59:15.1966808Z ✔ [3578/3663] Built LeanCert.Core.IntervalRat.TrigReduced (3.4s)
verify (IE-18, linear-systems-and-elimination/IE-18/lean)	UNKNOWN STEP	2026-09-12T15:59:17.5990580Z ✔ [3579/3663] Built LeanCert.Tactic.LeanCert.Diagnostic.Evidence (3.5s)
verify (IE-18, linear-systems-and-elimination/IE-18/lean)	UNKNOWN STEP	2026-09-12T15:59:18.0037739Z ✔ [3580/3663] Built LeanCert.Tactic.LeanCert.Semantic.Parse.Bound (3.7s)
verify (IE-18, linear-systems-and-elimination/IE-18/lean)	UNKNOWN STEP	2026-09-12T15:59:22.2216760Z ✔ [3581/3663] Built LeanCert.Tactic.LeanCert.Config (4.1s)
verify (IE-18, linear-systems-and-elimination/IE-18/lean)	UNKNOWN STEP	2026-09-12T15:59:24.2282725Z ✔ [3582/3663] Built LeanCert.Engine.Affine.Basic (9.3s)
verify (IE-18, linear-systems-and-elimination/IE-18/lean)	UNKNOWN STEP	2026-09-12T15:59:24.5288995Z ✔ [3583/3667] Built LeanCert.Core.IntervalRealEndpoints (6.9s)
verify (IE-18, linear-systems-and-elimination/IE-18/lean)	UNKNOWN STEP	2026-09-12T15:59:26.0648548Z ✔ [3584/3668] Built LeanCert.Core.IntervalDyadic (10s)
verify (IE-18, linear-systems-and-elimination/IE-18/lean)	UNKNOWN STEP	2026-09-12T15:59:26.9651413Z ✔ [3586/3668] Built LeanCert.Tactic.Extension.Registry (4.8s)
verify (IE-18, linear-systems-and-elimination/IE-18/lean)	UNKNOWN STEP	2026-09-12T15:59:30.9959054Z ✔ [3587/3676] Built LeanCert.Engine.Affine.Nonlinear (6.7s)
verify (IE-18, linear-systems-and-elimination/IE-18/lean)	UNKNOWN STEP	2026-09-12T15:59:33.0025582Z ✔ [3589/3683] Built LeanCert.Core.DyadicCell (6.9s)
verify (IE-18, linear-systems-and-elimination/IE-18/lean)	UNKNOWN STEP	2026-09-12T15:59:34.3058880Z ✔ [3590/3683] Built LeanCert.Engine.Algebra.QPoly (7.3s)
verify (IE-18, linear-systems-and-elimination/IE-18/lean)	UNKNOWN STEP	2026-09-12T15:59:34.8073615Z ✔ [3591/3683] Built LeanCert.Engine.Eval.Core (10s)
verify (IE-18, linear-systems-and-elimination/IE-18/lean)	UNKNOWN STEP	2026-09-12T15:59:35.4074250Z ✔ [3592/3683] Built LeanCert.Engine.FloatEval (4.4s)
verify (IE-18, linear-systems-and-elimination/IE-18/lean)	UNKNOWN STEP	2026-09-12T15:59:36.6081943Z ✔ [3593/3683] Built LeanCert.Core.DyadicFrontier (3.6s)
verify (IE-18, linear-systems-and-elimination/IE-18/lean)	UNKNOWN STEP	2026-09-12T15:59:37.0089030Z ✔ [3594/3683] Built LeanCert.Tactic.Extension.Command (2.7s)
verify (IE-18, linear-systems-and-elimination/IE-18/lean)	UNKNOWN STEP	2026-09-12T15:59:38.3133980Z ✔ [3595/3683] Built LeanCert.Engine.Algebra.QPolyIntegral (3.5s)
verify (IE-18, linear-systems-and-elimination/IE-18/lean)	UNKNOWN STEP	2026-09-12T15:59:39.3168645Z ✔ [3596/3683] Built LeanCert.Tactic.Extension (2.3s)
verify (IE-18, linear-systems-and-elimination/IE-18/lean)	UNKNOWN STEP	2026-09-12T15:59:39.4205830Z ✔ [3597/3683] Built LeanCert.Engine.Eval.Extended (3.0s)
verify (IE-18, linear-systems-and-elimination/IE-18/lean)	UNKNOWN STEP	2026-09-12T15:59:41.3241092Z ✔ [3598/3683] Built LeanCert.Engine.Bounds.Lemmas (1.9s)
verify (IE-18, linear-systems-and-elimination/IE-18/lean)	UNKNOWN STEP	2026-09-12T15:59:43.0267210Z ✔ [3599/3683] Built LeanCert.Engine.IntervalEval (1.7s)
verify (IE-18, linear-systems-and-elimination/IE-18/lean)	UNKNOWN STEP	2026-09-12T15:59:46.2546579Z ✔ [3600/3683] Built LeanCert.Validity.Bounds.Checked (3.2s)
verify (IE-18, linear-systems-and-elimination/IE-18/lean)	UNKNOWN STEP	2026-09-12T15:59:46.4598168Z ✔ [3601/3683] Built LeanCert.Validity.Bounds.Core (3.4s)
verify (IE-18, linear-systems-and-elimination/IE-18/lean)	UNKNOWN STEP	2026-09-12T15:59:48.3630393Z ✔ [3602/3683] Built LeanCert.Engine.Affine.Transcendental (5.3s)
verify (IE-18, linear-systems-and-elimination/IE-18/lean)	UNKNOWN STEP	2026-09-12T15:59:50.9740622Z ✔ [3603/3683] Built LeanCert.Engine.Optimization.Box (4.5s)
verify (IE-18, linear-systems-and-elimination/IE-18/lean)	UNKNOWN STEP	2026-09-12T15:59:51.3761255Z ✔ [3604/3683] Built LeanCert.Engine.IntervalEvalDyadic (8.3s)
verify (IE-18, linear-systems-and-elimination/IE-18/lean)	UNKNOWN STEP	2026-09-12T15:59:53.3809464Z ✔ [3605/3683] Built LeanCert.Engine.RootFinding.Basic (7.1s)
verify (IE-18, linear-systems-and-elimination/IE-18/lean)	UNKNOWN STEP	2026-09-12T15:59:55.7879647Z ✔ [3606/3683] Built LeanCert.Engine.AD.Basic (4.4s)
verify (IE-18, linear-systems-and-elimination/IE-18/lean)	UNKNOWN STEP	2026-09-12T15:59:56.6999557Z ✔ [3607/3683] Built LeanCert.Engine.Integrate (8.4s)
verify (IE-18, linear-systems-and-elimination/IE-18/lean)	UNKNOWN STEP	2026-09-12T16:00:00.6075139Z ✔ [3608/3683] Built LeanCert.Engine.Search.Heuristic (4.8s)
verify (IE-18, linear-systems-and-elimination/IE-18/lean)	UNKNOWN STEP	2026-09-12T16:00:01.6178978Z ✔ [3609/3683] Built LeanCert.Engine.IntervalEvalAffine (8.2s)
verify (IE-18, linear-systems-and-elimination/IE-18/lean)	UNKNOWN STEP	2026-09-12T16:00:02.7205183Z ✔ [3610/3683] Built LeanCert.Engine.TaylorModel.Core (11s)
verify (IE-18, linear-systems-and-elimination/IE-18/lean)	UNKNOWN STEP	2026-09-12T16:00:03.3229067Z ✔ [3611/3683] Built LeanCert.Engine.FinSumDyadic (6.6s)
verify (IE-18, linear-systems-and-elimination/IE-18/lean)	UNKNOWN STEP	2026-09-12T16:00:05.0559286Z ✔ [3612/3683] Built LeanCert.Validity.DyadicBounds (4.5s)
verify (IE-18, linear-systems-and-elimination/IE-18/lean)	UNKNOWN STEP	2026-09-12T16:00:07.9623826Z ✔ [3613/3683] Built LeanCert.Engine.RootFinding.Bisection (6.4s)
verify (IE-18, linear-systems-and-elimination/IE-18/lean)	UNKNOWN STEP	2026-09-12T16:00:08.3619964Z ✔ [3614/3683] Built LeanCert.Engine.AD.Transcendental (5.6s)
verify (IE-18, linear-systems-and-elimination/IE-18/lean)	UNKNOWN STEP	2026-09-12T16:00:08.3626455Z ✔ [3615/3683] Built LeanCert.Engine.Affine.Environment (4.0s)
verify (IE-18, linear-systems-and-elimination/IE-18/lean)	UNKNOWN STEP	2026-09-12T16:00:09.4630434Z ✔ [3616/3683] Built LeanCert.Engine.TaylorModel.Integral (4.4s)
verify (IE-18, linear-systems-and-elimination/IE-18/lean)	UNKNOWN STEP	2026-09-12T16:00:11.2678995Z ✔ [3617/3683] Built LeanCert.Engine.TaylorModel.Special (3.3s)
verify (IE-18, linear-systems-and-elimination/IE-18/lean)	UNKNOWN STEP	2026-09-12T16:00:19.1938872Z ✔ [3618/3683] Built LeanCert.Engine.WitnessSum (7.9s)
verify (IE-18, linear-systems-and-elimination/IE-18/lean)	UNKNOWN STEP	2026-09-12T16:00:20.2949498Z ✔ [3619/3683] Built LeanCert.Engine.TaylorModel.ExpLog (11s)
verify (IE-18, linear-systems-and-elimination/IE-18/lean)	UNKNOWN STEP	2026-09-12T16:00:22.7018595Z ✔ [3620/3683] Built LeanCert.Engine.AD.Eval (3.6s)
verify (IE-18, linear-systems-and-elimination/IE-18/lean)	UNKNOWN STEP	2026-09-12T16:00:23.3041304Z ✔ [3621/3683] Built LeanCert.Engine.TaylorModel.Trig (13s)
verify (IE-18, linear-systems-and-elimination/IE-18/lean)	UNKNOWN STEP	2026-09-12T16:00:23.9049282Z ✔ [3622/3683] Built LeanCert.Engine.TaylorModel.Hyperbolic (15s)
verify (IE-18, linear-systems-and-elimination/IE-18/lean)	UNKNOWN STEP	2026-09-12T16:00:25.7127939Z ✔ [3623/3683] Built LeanCert.Engine.AD.Correctness (2.0s)
verify (IE-18, linear-systems-and-elimination/IE-18/lean)	UNKNOWN STEP	2026-09-12T16:00:26.0136437Z ✔ [3624/3683] Built LeanCert.Engine.TaylorModel.Functions (2.1s)
verify (IE-18, linear-systems-and-elimination/IE-18/lean)	UNKNOWN STEP	2026-09-12T16:00:30.0328514Z ✔ [3625/3683] Built LeanCert.Engine.AD.Computable (4.4s)
verify (IE-18, linear-systems-and-elimination/IE-18/lean)	UNKNOWN STEP	2026-09-12T16:00:31.8359628Z ✔ [3626/3683] Built LeanCert.Engine.TaylorModel.Expr (5.7s)
verify (IE-18, linear-systems-and-elimination/IE-18/lean)	UNKNOWN STEP	2026-09-12T16:00:32.2365549Z ✔ [3627/3683] Built LeanCert.Engine.AD.PartialCorrectness (6.6s)
verify (IE-18, linear-systems-and-elimination/IE-18/lean)	UNKNOWN STEP	2026-09-12T16:00:33.4413189Z ✔ [3628/3683] Built LeanCert.Engine.AD.DomainChecked (3.3s)
verify (IE-18, linear-systems-and-elimination/IE-18/lean)	UNKNOWN STEP	2026-09-12T16:00:33.9420973Z ✔ [3629/3683] Built LeanCert.Engine.TaylorModel (2.1s)
verify (IE-18, linear-systems-and-elimination/IE-18/lean)	UNKNOWN STEP	2026-09-12T16:00:36.4481613Z ✔ [3630/3683] Built LeanCert.Engine.AD.Dyadic (3.1s)
verify (IE-18, linear-systems-and-elimination/IE-18/lean)	UNKNOWN STEP	2026-09-12T16:00:38.2507630Z ✔ [3631/3683] Built LeanCert.Engine.AD (1.7s)
verify (IE-18, linear-systems-and-elimination/IE-18/lean)	UNKNOWN STEP	2026-09-12T16:00:42.0661182Z ✔ [3632/3683] Built LeanCert.Validity.Bounds.Smart (3.8s)
verify (IE-18, linear-systems-and-elimination/IE-18/lean)	UNKNOWN STEP	2026-09-12T16:00:43.0718738Z ✔ [3633/3683] Built LeanCert.Meta.ProveSupported (4.8s)
verify (IE-18, linear-systems-and-elimination/IE-18/lean)	UNKNOWN STEP	2026-09-12T16:00:43.1727105Z ✔ [3634/3683] Built LeanCert.Engine.IntervalEvalRefined (4.9s)
verify (IE-18, linear-systems-and-elimination/IE-18/lean)	UNKNOWN STEP	2026-09-12T16:00:45.6790648Z ✔ [3635/3683] Built LeanCert.Engine.Optimize (7.5s)
verify (IE-18, linear-systems-and-elimination/IE-18/lean)	UNKNOWN STEP	2026-09-12T16:00:46.4819074Z ✔ [3636/3683] Built LeanCert.Validity.Bounds.Bridge (4.5s)
verify (IE-18, linear-systems-and-elimination/IE-18/lean)	UNKNOWN STEP	2026-09-12T16:00:48.7869830Z ✔ [3637/3683] Built LeanCert.Meta.ProveContinuous (5.7s)
verify (IE-18, linear-systems-and-elimination/IE-18/lean)	UNKNOWN STEP	2026-09-12T16:00:49.7919964Z ✔ [3638/3683] Built LeanCert.Tactic.IntervalAuto.ProveCommon (6.6s)
verify (IE-18, linear-systems-and-elimination/IE-18/lean)	UNKNOWN STEP	2026-09-12T16:00:52.4956217Z ✔ [3639/3683] Built LeanCert.Validity.Bounds.Basic (3.7s)
verify (IE-18, linear-systems-and-elimination/IE-18/lean)	UNKNOWN STEP	2026-09-12T16:00:52.5954105Z ✔ [3640/3683] Built LeanCert.Engine.RootFinding.Newton (6.1s)
verify (IE-18, linear-systems-and-elimination/IE-18/lean)	UNKNOWN STEP	2026-09-12T16:00:53.4987188Z ✔ [3641/3683] Built LeanCert.Engine.Optimization.Gradient (7.8s)
verify (IE-18, linear-systems-and-elimination/IE-18/lean)	UNKNOWN STEP	2026-09-12T16:00:56.3038716Z ✔ [3642/3683] Built LeanCert.Tactic.IntervalAuto.Basic (3.7s)
verify (IE-18, linear-systems-and-elimination/IE-18/lean)	UNKNOWN STEP	2026-09-12T16:00:56.6040258Z ✔ [3643/3683] Built LeanCert.Tactic.LeanCert.Bridge.ReifiedFunction (4.1s)
verify (IE-18, linear-systems-and-elimination/IE-18/lean)	UNKNOWN STEP	2026-09-12T16:00:57.6075014Z ✔ [3644/3683] Built LeanCert.Validity.Integration (7.8s)
verify (IE-18, linear-systems-and-elimination/IE-18/lean)	UNKNOWN STEP	2026-09-12T16:01:04.8225555Z ✔ [3645/3683] Built LeanCert.Engine.RootFinding.MVTBounds (11s)
verify (IE-18, linear-systems-and-elimination/IE-18/lean)	UNKNOWN STEP	2026-09-12T16:01:05.9235678Z ✔ [3646/3683] Built LeanCert.Engine.RootFinding.Krawczyk (9.3s)
verify (IE-18, linear-systems-and-elimination/IE-18/lean)	UNKNOWN STEP	2026-09-12T16:01:06.2237012Z ✔ [3647/3683] Built LeanCert.Tactic.LeanCert.Semantic.Prepare (8.7s)
verify (IE-18, linear-systems-and-elimination/IE-18/lean)	UNKNOWN STEP	2026-09-12T16:01:12.3495879Z ✔ [3648/3683] Built LeanCert.Engine.RootFinding.KrawczykCandidate (6.1s)
verify (IE-18, linear-systems-and-elimination/IE-18/lean)	UNKNOWN STEP	2026-09-12T16:01:16.4547750Z ✔ [3649/3683] Built LeanCert.Tactic.LeanCert.Integral (11s)
verify (IE-18, linear-systems-and-elimination/IE-18/lean)	UNKNOWN STEP	2026-09-12T16:01:16.7548809Z ✔ [3650/3683] Built LeanCert.Engine.RootFinding.Contraction (10s)
verify (IE-18, linear-systems-and-elimination/IE-18/lean)	UNKNOWN STEP	2026-09-12T16:01:17.1561476Z ✔ [3651/3683] Built LeanCert.Validity.Krawczyk (4.8s)
verify (IE-18, linear-systems-and-elimination/IE-18/lean)	UNKNOWN STEP	2026-09-12T16:01:20.1582140Z ✔ [3652/3683] Built LeanCert.Engine.RootFinding.Main (3.0s)
verify (IE-18, linear-systems-and-elimination/IE-18/lean)	UNKNOWN STEP	2026-09-12T16:01:23.3623190Z ✔ [3653/3683] Built LeanCert.Tactic.LeanCert.Solver.Protocol (6.6s)
verify (IE-18, linear-systems-and-elimination/IE-18/lean)	UNKNOWN STEP	2026-09-12T16:01:24.2648639Z ✔ [3654/3683] Built LeanCert.Tactic.Extension.Execute (7.8s)
verify (IE-18, linear-systems-and-elimination/IE-18/lean)	UNKNOWN STEP	2026-09-12T16:01:26.3715258Z ✔ [3655/3683] Built LeanCert.Engine.Optimization.Global (30s)
verify (IE-18, linear-systems-and-elimination/IE-18/lean)	UNKNOWN STEP	2026-09-12T16:01:27.4738774Z ✔ [3656/3683] Built LeanCert.Tactic.LeanCert.Diagnostic.Render (4.1s)
verify (IE-18, linear-systems-and-elimination/IE-18/lean)	UNKNOWN STEP	2026-09-12T16:01:27.4744758Z ✔ [3657/3683] Built LeanCert.Tactic.Enclosure (3.2s)
verify (IE-18, linear-systems-and-elimination/IE-18/lean)	UNKNOWN STEP	2026-09-12T16:01:29.7767061Z ✔ [3658/3683] Built LeanCert.Validity.Types (3.4s)
verify (IE-18, linear-systems-and-elimination/IE-18/lean)	UNKNOWN STEP	2026-09-12T16:01:30.8840249Z ✔ [3659/3683] Built LeanCert.Engine.Optimization.Guided (3.4s)
verify (IE-18, linear-systems-and-elimination/IE-18/lean)	UNKNOWN STEP	2026-09-12T16:01:30.9839312Z ✔ [3660/3683] Built LeanCert.Engine.Search.CounterExample (3.5s)
verify (IE-18, linear-systems-and-elimination/IE-18/lean)	UNKNOWN STEP	2026-09-12T16:01:33.3893828Z ✔ [3661/3683] Built LeanCert.Engine.Optimization.BoundVerify (3.6s)
verify (IE-18, linear-systems-and-elimination/IE-18/lean)	UNKNOWN STEP	2026-09-12T16:01:33.6932246Z ✔ [3662/3683] Built LeanCert.Validity.Bounds (7.3s)
verify (IE-18, linear-systems-and-elimination/IE-18/lean)	UNKNOWN STEP	2026-09-12T16:01:37.4982953Z ✔ [3663/3683] Built LeanCert.Discovery.Find (3.9s)
verify (IE-18, linear-systems-and-elimination/IE-18/lean)	UNKNOWN STEP	2026-09-12T16:01:38.1990916Z ✔ [3664/3683] Built LeanCert.Tactic.IntervalAuto.OptBound (4.5s)
verify (IE-18, linear-systems-and-elimination/IE-18/lean)	UNKNOWN STEP	2026-09-12T16:01:40.5028904Z ✔ [3665/3683] Built LeanCert.Tactic.IntervalAuto.Multivariate (6.9s)
verify (IE-18, linear-systems-and-elimination/IE-18/lean)	UNKNOWN STEP	2026-09-12T16:01:41.2037639Z ✔ [3666/3683] Built LeanCert.Tactic.IntervalAuto.RootBound (3.6s)
verify (IE-18, linear-systems-and-elimination/IE-18/lean)	UNKNOWN STEP	2026-09-12T16:01:49.3125998Z ✔ [3667/3683] Built LeanCert.Tactic.IntervalAuto.Bound (15s)
verify (IE-18, linear-systems-and-elimination/IE-18/lean)	UNKNOWN STEP	2026-09-12T16:01:55.0231495Z ✔ [3668/3683] Built LeanCert.Tactic.IntervalAuto.Subdiv (5.6s)
verify (IE-18, linear-systems-and-elimination/IE-18/lean)	UNKNOWN STEP	2026-09-12T16:01:56.2249908Z ✔ [3669/3683] Built LeanCert.Tactic.IntervalAuto.Adaptive (6.9s)
verify (IE-18, linear-systems-and-elimination/IE-18/lean)	UNKNOWN STEP	2026-09-12T16:01:58.5272736Z ✔ [3670/3683] Built LeanCert.Tactic.IntervalAuto.PointIneq (9.2s)
verify (IE-18, linear-systems-and-elimination/IE-18/lean)	UNKNOWN STEP	2026-09-12T16:02:00.7297040Z ✔ [3671/3683] Built LeanCert.Tactic.IntervalAuto (2.3s)
verify (IE-18, linear-systems-and-elimination/IE-18/lean)	UNKNOWN STEP	2026-09-12T16:02:04.9462637Z ✔ [3672/3683] Built LeanCert.Tactic.Refute (4.1s)
verify (IE-18, linear-systems-and-elimination/IE-18/lean)	UNKNOWN STEP	2026-09-12T16:02:06.4508161Z ✔ [3673/3683] Built LeanCert.Tactic.FinSumWitness (5.6s)
verify (IE-18, linear-systems-and-elimination/IE-18/lean)	UNKNOWN STEP	2026-09-12T16:02:10.6601034Z ✔ [3674/3683] Built LeanCert.Tactic.FinSumBound (4.2s)
verify (IE-18, linear-systems-and-elimination/IE-18/lean)	UNKNOWN STEP	2026-09-12T16:02:13.6658005Z ✔ [3675/3683] Built LeanCert.Tactic.LeanCert.Semantic.Parse (2.0s)
verify (IE-18, linear-systems-and-elimination/IE-18/lean)	UNKNOWN STEP	2026-09-12T16:02:13.8660388Z ✔ [3676/3683] Built LeanCert.Tactic.Discovery (13s)
verify (IE-18, linear-systems-and-elimination/IE-18/lean)	UNKNOWN STEP	2026-09-12T16:02:16.7689526Z ✔ [3677/3683] Built LeanCert.Tactic.Krawczyk (3.2s)
verify (IE-18, linear-systems-and-elimination/IE-18/lean)	UNKNOWN STEP	2026-09-12T16:02:24.1785757Z ✔ [3678/3683] Built LeanCert.Tactic.LeanCert.Router (7.3s)
verify (IE-18, linear-systems-and-elimination/IE-18/lean)	UNKNOWN STEP	2026-09-12T16:02:26.4802730Z ✔ [3679/3683] Built LeanCert.Tactic.LeanCert (2.3s)
verify (IE-18, linear-systems-and-elimination/IE-18/lean)	UNKNOWN STEP	2026-09-12T16:02:28.7826016Z ✔ [3680/3683] Built LeanCert.Tactic (2.3s)
verify (IE-18, linear-systems-and-elimination/IE-18/lean)	UNKNOWN STEP	2026-09-12T16:02:33.2891254Z ℹ [3681/3683] Built NLA.IE18.Proof (4.5s)
verify (IE-18, linear-systems-and-elimination/IE-18/lean)	UNKNOWN STEP	2026-09-12T16:02:33.2892547Z info: NLA/IE18/Proof.lean:257:0: 'NLA.IE18.strict_scalar_gap' depends on axioms: [propext, Classical.choice, Quot.sound]
verify (IE-18, linear-systems-and-elimination/IE-18/lean)	UNKNOWN STEP	2026-09-12T16:02:33.2893865Z info: NLA/IE18/Proof.lean:259:0: 'NLA.IE18.residual_certificate_proved' depends on axioms: [propext, Classical.choice, Quot.sound]
verify (IE-18, linear-systems-and-elimination/IE-18/lean)	UNKNOWN STEP	2026-09-12T16:02:33.2895297Z info: NLA/IE18/Proof.lean:261:0: 'NLA.IE18.actual_pairMaximum' depends on axioms: [propext, Classical.choice, Quot.sound]
verify (IE-18, linear-systems-and-elimination/IE-18/lean)	UNKNOWN STEP	2026-09-12T16:02:33.2896157Z info: NLA/IE18/Proof.lean:263:0: 'NLA.IE18.counterexample_proved' depends on axioms: [propext, Classical.choice, Quot.sound]
verify (IE-18, linear-systems-and-elimination/IE-18/lean)	UNKNOWN STEP	2026-09-12T16:02:33.2897007Z info: NLA/IE18/Proof.lean:265:0: 'NLA.IE18.not_fourStepConjecture_proved' depends on axioms: [propext, Classical.choice, Quot.sound]
verify (IE-18, linear-systems-and-elimination/IE-18/lean)	UNKNOWN STEP	2026-09-12T16:02:35.8918118Z ℹ [3682/3683] Built Solution (2.5s)
verify (IE-18, linear-systems-and-elimination/IE-18/lean)	UNKNOWN STEP	2026-09-12T16:02:35.8919183Z info: Solution.lean:44:0: 'NLA.IE18.residual_certificate' depends on axioms: [propext, Classical.choice, Quot.sound]
verify (IE-18, linear-systems-and-elimination/IE-18/lean)	UNKNOWN STEP	2026-09-12T16:02:35.8920264Z info: Solution.lean:46:0: 'NLA.IE18.counterexample' depends on axioms: [propext, Classical.choice, Quot.sound]
verify (IE-18, linear-systems-and-elimination/IE-18/lean)	UNKNOWN STEP	2026-09-12T16:02:35.8921309Z info: Solution.lean:48:0: 'NLA.IE18.not_fourStepConjecture' depends on axioms: [propext, Classical.choice, Quot.sound]
verify (IE-18, linear-systems-and-elimination/IE-18/lean)	UNKNOWN STEP	2026-09-12T16:02:35.9032425Z Build completed successfully (3683 jobs).
verify (IE-18, linear-systems-and-elimination/IE-18/lean)	UNKNOWN STEP	2026-09-12T16:03:31.4044198Z Exporting #[Quot, Quot.mk, Quot.lift, Quot.ind, NLA.IE18.residual_certificate, NLA.IE18.counterexample, NLA.IE18.not_fourStepConjecture, propext, Classical.choice, Quot.sound, Nat.add, Nat.sub, Nat.mul, Nat.pow, Nat.gcd, Nat.div, Nat.mod, Nat.beq, Nat.ble, Nat.land, Nat.lor, Nat.xor, Nat.shiftLeft, Nat.shiftRight, String.ofList, Char.ofNat, List, eagerReduce, Nat, String, String.mk, Char, optParam, autoParam, semiOutParam, outParam] from Solution
verify (IE-18, linear-systems-and-elimination/IE-18/lean)	UNKNOWN STEP	2026-09-12T16:03:31.4046705Z Running Lean default kernel on solution.
verify (IE-18, linear-systems-and-elimination/IE-18/lean)	UNKNOWN STEP	2026-09-12T16:03:31.4047086Z Lean default kernel accepts the solution
verify (IE-18, linear-systems-and-elimination/IE-18/lean)	UNKNOWN STEP	2026-09-12T16:03:31.4047418Z Your solution is okay!
verify (IE-18, linear-systems-and-elimination/IE-18/lean)	UNKNOWN STEP	2026-09-12T16:03:36.3581707Z PASS: fresh Comparator run and all controls. Evidence: /home/runner/work/_temp/nla-lean-tools/logs/verify-20260912T155616Z-4146
verify (IE-18, linear-systems-and-elimination/IE-18/lean)	UNKNOWN STEP	2026-09-12T16:03:36.3794083Z Node 20 is being deprecated. This workflow is running with Node 24 by default. If you need to temporarily use Node 20, you can set the ACTIONS_ALLOW_USE_UNSECURE_NODE_VERSION=true environment variable. For more information see: https://github.blog/changelog/2025-09-19-deprecation-of-node-20-on-github-actions-runners/
verify (IE-18, linear-systems-and-elimination/IE-18/lean)	UNKNOWN STEP	2026-09-12T16:03:36.3796290Z ##[group]Run actions/upload-artifact@ea165f8d65b6e75b540449e92b4886f43607fa02
verify (IE-18, linear-systems-and-elimination/IE-18/lean)	UNKNOWN STEP	2026-09-12T16:03:36.3796770Z with:
verify (IE-18, linear-systems-and-elimination/IE-18/lean)	UNKNOWN STEP	2026-09-12T16:03:36.3797037Z   name: lean-IE-18
verify (IE-18, linear-systems-and-elimination/IE-18/lean)	UNKNOWN STEP	2026-09-12T16:03:36.3797372Z   path: /home/runner/work/_temp/nla-lean-tools/logs/
verify (IE-18, linear-systems-and-elimination/IE-18/lean)	UNKNOWN STEP	2026-09-12T16:03:36.3797764Z   if-no-files-found: warn
verify (IE-18, linear-systems-and-elimination/IE-18/lean)	UNKNOWN STEP	2026-09-12T16:03:36.3797994Z   compression-level: 6
verify (IE-18, linear-systems-and-elimination/IE-18/lean)	UNKNOWN STEP	2026-09-12T16:03:36.3798288Z   overwrite: false
verify (IE-18, linear-systems-and-elimination/IE-18/lean)	UNKNOWN STEP	2026-09-12T16:03:36.3798576Z   include-hidden-files: false
verify (IE-18, linear-systems-and-elimination/IE-18/lean)	UNKNOWN STEP	2026-09-12T16:03:36.3798814Z env:
verify (IE-18, linear-systems-and-elimination/IE-18/lean)	UNKNOWN STEP	2026-09-12T16:03:36.3799073Z   GOTOOLCHAIN: local
verify (IE-18, linear-systems-and-elimination/IE-18/lean)	UNKNOWN STEP	2026-09-12T16:03:36.3799336Z   XDG_RUNTIME_DIR: /run/user/1001
verify (IE-18, linear-systems-and-elimination/IE-18/lean)	UNKNOWN STEP	2026-09-12T16:03:36.3799743Z   DBUS_SESSION_BUS_ADDRESS: unix:path=/run/user/1001/bus
verify (IE-18, linear-systems-and-elimination/IE-18/lean)	UNKNOWN STEP	2026-09-12T16:03:36.3800366Z ##[endgroup]
verify (IE-18, linear-systems-and-elimination/IE-18/lean)	UNKNOWN STEP	2026-09-12T16:03:36.6785799Z (node:7181) [DEP0040] DeprecationWarning: The `punycode` module is deprecated. Please use a userland alternative instead.
verify (IE-18, linear-systems-and-elimination/IE-18/lean)	UNKNOWN STEP	2026-09-12T16:03:36.6786876Z (Use `node --trace-deprecation ...` to show where the warning was created)
verify (IE-18, linear-systems-and-elimination/IE-18/lean)	UNKNOWN STEP	2026-09-12T16:03:36.6928950Z With the provided path, there will be 13 files uploaded
verify (IE-18, linear-systems-and-elimination/IE-18/lean)	UNKNOWN STEP	2026-09-12T16:03:36.6929827Z Artifact name is valid!
verify (IE-18, linear-systems-and-elimination/IE-18/lean)	UNKNOWN STEP	2026-09-12T16:03:36.6930267Z Root directory input is valid!
verify (IE-18, linear-systems-and-elimination/IE-18/lean)	UNKNOWN STEP	2026-09-12T16:03:37.0803950Z Beginning upload of artifact content to blob storage
verify (IE-18, linear-systems-and-elimination/IE-18/lean)	UNKNOWN STEP	2026-09-12T16:03:37.1192624Z (node:7181) [DEP0169] DeprecationWarning: `url.parse()` behavior is not standardized and prone to errors that have security implications. Use the WHATWG URL API instead. CVEs are not issued for `url.parse()` vulnerabilities.
verify (IE-18, linear-systems-and-elimination/IE-18/lean)	UNKNOWN STEP	2026-09-12T16:03:37.4672833Z Uploaded bytes 16258
verify (IE-18, linear-systems-and-elimination/IE-18/lean)	UNKNOWN STEP	2026-09-12T16:03:37.5531369Z Finished uploading artifact content to blob storage!
verify (IE-18, linear-systems-and-elimination/IE-18/lean)	UNKNOWN STEP	2026-09-12T16:03:37.5532421Z SHA256 digest of uploaded artifact zip is e49672c459d4e6a1578bbdcaa433fc71822fab1c85c4895099c2d7b57ec96a02
verify (IE-18, linear-systems-and-elimination/IE-18/lean)	UNKNOWN STEP	2026-09-12T16:03:37.5533939Z Finalizing artifact upload
verify (IE-18, linear-systems-and-elimination/IE-18/lean)	UNKNOWN STEP	2026-09-12T16:03:37.8032644Z Artifact lean-IE-18.zip successfully finalized. Artifact ID 10301357100
verify (IE-18, linear-systems-and-elimination/IE-18/lean)	UNKNOWN STEP	2026-09-12T16:03:37.8033740Z Artifact lean-IE-18 has been successfully uploaded! Final size is 16258 bytes. Artifact ID is 10301357100
verify (IE-18, linear-systems-and-elimination/IE-18/lean)	UNKNOWN STEP	2026-09-12T16:03:37.8039661Z Artifact download URL: https://github.com/sgstepaniants/OpenProblemsInNLA/actions/runs/34703657954/artifacts/10301357100
verify (IE-18, linear-systems-and-elimination/IE-18/lean)	UNKNOWN STEP	2026-09-12T16:03:37.8213420Z Post job cleanup.
verify (IE-18, linear-systems-and-elimination/IE-18/lean)	UNKNOWN STEP	2026-09-12T16:03:37.9735453Z Node 20 is being deprecated. This workflow is running with Node 24 by default. If you need to temporarily use Node 20, you can set the ACTIONS_ALLOW_USE_UNSECURE_NODE_VERSION=true environment variable. For more information see: https://github.blog/changelog/2025-09-19-deprecation-of-node-20-on-github-actions-runners/
verify (IE-18, linear-systems-and-elimination/IE-18/lean)	UNKNOWN STEP	2026-09-12T16:03:37.9736738Z Post job cleanup.
verify (IE-18, linear-systems-and-elimination/IE-18/lean)	UNKNOWN STEP	2026-09-12T16:03:38.0667149Z [command]/usr/bin/git version
verify (IE-18, linear-systems-and-elimination/IE-18/lean)	UNKNOWN STEP	2026-09-12T16:03:38.0712773Z git version 2.55.0
verify (IE-18, linear-systems-and-elimination/IE-18/lean)	UNKNOWN STEP	2026-09-12T16:03:38.0751275Z Temporarily overriding HOME='/home/runner/work/_temp/faeaef0e-6ff6-42f8-9d50-6d97611b503d' before making global git config changes
verify (IE-18, linear-systems-and-elimination/IE-18/lean)	UNKNOWN STEP	2026-09-12T16:03:38.0752668Z Adding repository directory to the temporary git global config as a safe directory
verify (IE-18, linear-systems-and-elimination/IE-18/lean)	UNKNOWN STEP	2026-09-12T16:03:38.0758561Z [command]/usr/bin/git config --global --add safe.directory /home/runner/work/OpenProblemsInNLA/OpenProblemsInNLA
verify (IE-18, linear-systems-and-elimination/IE-18/lean)	UNKNOWN STEP	2026-09-12T16:03:38.0796723Z [command]/usr/bin/git config --local --name-only --get-regexp core\.sshCommand
verify (IE-18, linear-systems-and-elimination/IE-18/lean)	UNKNOWN STEP	2026-09-12T16:03:38.0832282Z [command]/usr/bin/git submodule foreach --recursive sh -c "git config --local --name-only --get-regexp 'core\.sshCommand' && git config --local --unset-all 'core.sshCommand' || :"
verify (IE-18, linear-systems-and-elimination/IE-18/lean)	UNKNOWN STEP	2026-09-12T16:03:38.1123798Z [command]/usr/bin/git config --local --name-only --get-regexp http\.https\:\/\/github\.com\/\.extraheader
verify (IE-18, linear-systems-and-elimination/IE-18/lean)	UNKNOWN STEP	2026-09-12T16:03:38.1155085Z [command]/usr/bin/git submodule foreach --recursive sh -c "git config --local --name-only --get-regexp 'http\.https\:\/\/github\.com\/\.extraheader' && git config --local --unset-all 'http.https://github.com/.extraheader' || :"
verify (IE-18, linear-systems-and-elimination/IE-18/lean)	UNKNOWN STEP	2026-09-12T16:03:38.1474117Z [command]/usr/bin/git config --local --name-only --get-regexp ^includeIf\.gitdir:
verify (IE-18, linear-systems-and-elimination/IE-18/lean)	UNKNOWN STEP	2026-09-12T16:03:38.1525624Z [command]/usr/bin/git submodule foreach --recursive git config --local --show-origin --name-only --get-regexp remote.origin.url
verify (IE-18, linear-systems-and-elimination/IE-18/lean)	UNKNOWN STEP	2026-09-12T16:03:38.1961032Z Cleaning up orphan processes
verify (IE-18, linear-systems-and-elimination/IE-18/lean)	UNKNOWN STEP	2026-09-12T16:03:38.2361221Z ##[warning]Node.js 20 is deprecated. The following actions target Node.js 20 but are being forced to run on Node.js 24: actions/checkout@11d5960a326750d5838078e36cf38b85af677262, actions/upload-artifact@ea165f8d65b6e75b540449e92b4886f43607fa02. For more information see: https://github.blog/changelog/2025-09-19-deprecation-of-node-20-on-github-actions-runners/
