n,k,nu,strategy,trial,seed,t,potential,expectation_upper_bound,kernel_trace,orthogonality_error,total_queries_in_run
48,1,2,random,0,722100,0,0.0,0.0,0.0,0.0,12
48,1,2,random,0,722100,1,0.0008306365043252085,0.16666666666666666,0.00041549078918180256,0.0,12
48,1,2,random,0,722100,2,0.10231027773141663,0.3333333333333333,0.05386356073501186,5.336288996070801e-18,12
48,1,2,random,0,722100,3,0.16407035138955434,0.5,0.08914860351136433,1.176086289788352e-16,12
48,1,2,random,0,722100,4,0.17111855267502496,0.6666666666666666,0.09331570950606877,1.1830854853968262e-16,12
48,1,2,random,0,722100,5,0.3787353129377154,0.8333333333333334,0.23021821297657252,1.1831178356892486e-16,12
48,1,2,random,0,722100,6,0.3986537233132616,1.0,0.24490882008031276,2.325350191184759e-16,12
48,1,2,random,0,722100,7,0.3998712316301335,1.1666666666666667,0.2458163050872443,2.4222457947009475e-16,12
48,1,2,random,0,722100,8,0.40525686328283084,1.3333333333333333,0.2498438326420861,2.5082474218925673e-16,12
48,1,2,random,0,722100,9,0.4267873502383016,1.5,0.2661633890757482,2.5220298858877635e-16,12
48,1,2,random,0,722100,10,0.45690613707103583,1.6666666666666667,0.28959032538574536,2.522112527564519e-16,12
48,1,2,random,0,722100,11,0.536358540852101,1.8333333333333333,0.3548847284097799,2.5552042700752e-16,12
48,1,2,random,0,722100,12,0.5404108006437929,2.0,0.358355971861328,2.9446968007724796e-16,12
48,1,2,random,1,722101,0,0.0,0.0,0.0,0.0,12
48,1,2,random,1,722101,1,0.03298598560070044,0.16666666666666666,0.016768027376423984,2.220446049250313e-16,12
48,1,2,random,1,722101,2,0.034111149340830524,0.3333333333333333,0.017349803258073032,6.573325722703959e-18,12
48,1,2,random,1,722101,3,0.10885620881845137,0.5,0.05750100567870788,2.2575098760100263e-16,12
48,1,2,random,1,722101,4,0.16649120027068914,0.6666666666666666,0.09057657099835892,3.3431773607121024e-16,12
48,1,2,random,1,722101,5,0.16699616786400137,0.8333333333333334,0.09087486833698862,3.353042428226273e-16,12
48,1,2,random,1,722101,6,0.1706658731114149,1.0,0.09304718839120248,3.35710928816968e-16,12
48,1,2,random,1,722101,7,0.44363970756142207,1.1666666666666667,0.27918445796320457,3.6315422353586077e-16,12
48,1,2,random,1,722101,8,0.47187455290362734,1.3333333333333333,0.30149813994204194,3.640597315268485e-16,12
48,1,2,random,1,722101,9,0.5032688063602394,1.5,0.327059719626622,3.836627844142387e-16,12
48,1,2,random,1,722101,10,0.5047779655511254,1.6666666666666667,0.3283088267175547,3.841784661412464e-16,12
48,1,2,random,1,722101,11,0.5137494046727962,1.8333333333333333,0.33577338276908497,4.0148147397997223e-16,12
48,1,2,random,1,722101,12,0.5216469274737632,2.0,0.3424000548201835,3.697078595140204e-16,12
48,1,2,random,2,722102,0,0.0,0.0,0.0,0.0,12
48,1,2,random,2,722102,1,0.002838501112296493,0.16666666666666666,0.0014212667354804149,0.0,12
48,1,2,random,2,722102,2,0.034557271559399076,0.3333333333333333,0.01758065599051643,2.2220219057880232e-16,12
48,1,2,random,2,722102,3,0.03465545457807922,0.5,0.017631476116527735,2.2316505943745706e-16,12
48,1,2,random,2,722102,4,0.035559786734364565,0.6666666666666666,0.018099798633124282,2.5688953969906697e-16,12
48,1,2,random,2,722102,5,0.2944617360506605,0.8333333333333334,0.17120179836189622,2.651148896623671e-16,12
48,1,2,random,2,722102,6,0.36247203676846634,1.0,0.21843852034948347,2.6568171644520565e-16,12
48,1,2,random,2,722102,7,0.3854758200307455,1.1666666666666667,0.23515687988147108,2.681101652515941e-16,12
48,1,2,random,2,722102,8,0.39443081699106725,1.3333333333333333,0.2417697725312762,2.68282149583212e-16,12
48,1,2,random,2,722102,9,0.3978076763121276,1.5,0.24427885873299676,2.7035554479350963e-16,12
48,1,2,random,2,722102,10,0.4252545197173945,1.6666666666666667,0.26498989006628854,2.953798152990418e-16,12
48,1,2,random,2,722102,11,0.4469425378700657,1.8333333333333333,0.281762226629891,2.956326339784326e-16,12
48,1,2,random,2,722102,12,0.4566054425340535,2.0,0.28935293558114494,3.055064330671869e-16,12
48,1,2,random,3,722103,0,0.0,0.0,0.0,0.0,12
48,1,2,random,3,722103,1,0.041602691665371616,0.16666666666666666,0.02124010519190236,1.1102230246251565e-16,12
48,1,2,random,3,722103,2,0.07417011141468842,0.3333333333333333,0.03849499910319646,4.442228554862015e-16,12
48,1,2,random,3,722103,3,0.07599060776374307,0.5,0.039476220166732426,4.448766379821521e-16,12
48,1,2,random,3,722103,4,0.07666298300407813,0.6666666666666666,0.03983907259274544,4.458477423326518e-16,12
48,1,2,random,3,722103,5,0.08050646348191018,0.8333333333333334,0.041917925986517134,4.499177569370125e-16,12
48,1,2,random,3,722103,6,0.10006101285510145,1.0,0.052619174882906655,4.503868727745223e-16,12
48,1,2,random,3,722103,7,0.10795463139541234,1.1666666666666667,0.05699860187066303,4.507580046384119e-16,12
48,1,2,random,3,722103,8,0.119355617612294,1.3333333333333333,0.06338527325012808,4.576936577234103e-16,12
48,1,2,random,3,722103,9,0.13200831701892174,1.5,0.0705589049630926,4.607952731412066e-16,12
48,1,2,random,3,722103,10,0.1359840297887771,1.6666666666666667,0.07283179847956386,4.610685344931208e-16,12
48,1,2,random,3,722103,11,0.1637243431880838,1.8333333333333333,0.08894478852552631,4.627028270401481e-16,12
48,1,2,random,3,722103,12,0.18513233568341358,2.0,0.10168883969927592,4.757808726054321e-16,12
48,1,2,random,4,722104,0,0.0,0.0,0.0,0.0,12
48,1,2,random,4,722104,1,0.003884274551264788,0.16666666666666666,0.0019459140612706133,0.0,12
48,1,2,random,4,722104,2,0.011831785234111327,0.3333333333333333,0.0059510288405223025,2.230698168110698e-16,12
48,1,2,random,4,722104,3,0.017651649266611617,0.5,0.008904180169613075,2.239549292785507e-16,12
48,1,2,random,4,722104,4,0.027489821919136306,0.6666666666666666,0.013935576649148216,2.2411318115194703e-16,12
48,1,2,random,4,722104,5,0.06939659495939723,0.8333333333333334,0.03593060981057253,2.357758473621571e-16,12
48,1,2,random,4,722104,6,0.06952144012098836,1.0,0.03599752233092128,2.619054156549518e-16,12
48,1,2,random,4,722104,7,0.08629183609991128,1.1666666666666667,0.04506220977331789,5.575499395856043e-16,12
48,1,2,random,4,722104,8,0.08973356598256149,1.3333333333333333,0.0469413986438489,5.577305300259302e-16,12
48,1,2,random,4,722104,9,0.1536588640064725,1.5,0.08304651130879437,5.606329840069297e-16,12
48,1,2,random,4,722104,10,0.1670792968682054,1.6666666666666667,0.09092398921805923,5.630526899506611e-16,12
48,1,2,random,4,722104,11,0.25625707000727166,1.8333333333333333,0.1460424207546291,5.666409720577887e-16,12
48,1,2,random,4,722104,12,0.26424737151219396,2.0,0.15122517278275815,5.632258681117504e-16,12
48,1,2,random,5,722105,0,0.0,0.0,0.0,0.0,12
48,1,2,random,5,722105,1,0.03844256945342924,0.16666666666666666,0.019595522667230525,0.0,12
48,1,2,random,5,722105,2,0.04022417300191241,0.3333333333333333,0.020522061011113164,2.268418136073888e-16,12
48,1,2,random,5,722105,3,0.04740317611894504,0.5,0.024272336020769107,2.2715080638219184e-16,12
48,1,2,random,5,722105,4,0.1420370003735868,0.6666666666666666,0.07630964754627628,2.304656371240959e-16,12
48,1,2,random,5,722105,5,0.14203700594647137,0.8333333333333334,0.07630965075798364,2.386512902261426e-16,12
48,1,2,random,5,722105,6,0.1432751869027098,1.0,0.07702366834271497,2.4266968759117567e-16,12
48,1,2,random,5,722105,7,0.15847851682711783,1.1666666666666667,0.08586337577321627,2.427445301882141e-16,12
48,1,2,random,5,722105,8,0.23060721872982054,1.3333333333333333,0.12968224375396104,2.427449145868348e-16,12
48,1,2,random,5,722105,9,0.30588201818783967,1.5,0.1789110493927355,2.443342470168504e-16,12
48,1,2,random,5,722105,10,0.35927336093029794,1.6666666666666667,0.21614413985920225,2.659721494897748e-16,12
48,1,2,random,5,722105,11,0.42210207263586885,1.8333333333333333,0.26258209713389186,2.6601928750108894e-16,12
48,1,2,random,5,722105,12,0.4253144909727017,2.0,0.2650357688459834,2.759584980821527e-16,12
48,1,2,random,6,722106,0,0.0,0.0,0.0,0.0,12
48,1,2,random,6,722106,1,0.01558069301487544,0.16666666666666666,0.007851352432534134,2.220446049250313e-16,12
48,1,2,random,6,722106,2,0.021146486228850965,0.3333333333333333,0.010685828781014312,2.2224694453753924e-16,12
48,1,2,random,6,722106,3,0.031013980947459923,0.5,0.015749962565984654,3.413338087378499e-16,12
48,1,2,random,6,722106,4,0.11044652280470149,0.6666666666666666,0.058388312686752535,3.4233020935410406e-16,12
48,1,2,random,6,722106,5,0.11297161952865736,0.8333333333333334,0.05980007885874951,3.4233125665631524e-16,12
48,1,2,random,6,722106,6,0.22724313558630063,1.0,0.12756749941425702,3.424073371201414e-16,12
48,1,2,random,6,722106,7,0.22768847113769192,1.1666666666666667,0.12784703977265385,3.442768351119852e-16,12
48,1,2,random,6,722106,8,0.23688196491110378,1.3333333333333333,0.13364576203955136,3.450572333025728e-16,12
48,1,2,random,6,722106,9,0.24354643215721486,1.5,0.13788277650608605,3.4573635195803933e-16,12
48,1,2,random,6,722106,10,0.2600099166378282,1.6666666666666667,0.14847147395774984,3.45746936682351e-16,12
48,1,2,random,6,722106,11,0.26873663605741843,1.8333333333333333,0.15415526692479384,3.466517476512517e-16,12
48,1,2,random,6,722106,12,0.26874256498714033,2.0,0.15415914537689623,3.5129055462143096e-16,12
48,1,2,random,7,722107,0,0.0,0.0,0.0,0.0,12
48,1,2,random,7,722107,1,0.012787269731440022,0.16666666666666666,0.0064346882327162265,0.0,12
48,1,2,random,7,722107,2,0.01478520772124494,0.3333333333333333,0.0074475247910935965,2.2617435305769093e-16,12
48,1,2,random,7,722107,3,0.03725395916269221,0.5,0.018978292977416187,2.2661056211827725e-16,12
48,1,2,random,7,722107,4,0.06876718530745518,0.6666666666666666,0.035593396045918164,2.2663390680675997e-16,12
48,1,2,random,7,722107,5,0.1877365053487949,0.8333333333333334,0.10325778153230922,2.4839744626238716e-16,12
48,1,2,random,7,722107,6,0.1967001544375989,1.0,0.10868948014788414,2.487752040837847e-16,12
48,1,2,random,7,722107,7,0.41415131509680103,1.1666666666666667,0.25654303116362615,2.488922894511512e-16,12
48,1,2,random,7,722107,8,0.4143700826789325,1.3333333333333333,0.2567085563584455,2.490448639524755e-16,12
48,1,2,random,7,722107,9,0.4315511510104915,1.5,0.2698219462200487,4.512891432181445e-16,12
48,1,2,random,7,722107,10,0.43398064883589565,1.6666666666666667,0.27169450072683315,4.521217221751541e-16,12
48,1,2,random,7,722107,11,0.49386527165127625,1.8333333333333333,0.3193188874797302,4.578409879660056e-16,12
48,1,2,random,7,722107,12,0.5330809609311341,2.0,0.35208736218911296,5.183953759537056e-16,12
48,1,2,krylov,0,722108,0,0.0,0.0,0.0,0.0,12
48,1,2,krylov,0,722108,1,0.010655123989878702,0.16666666666666666,0.005356045988685175,0.0,12
48,1,2,krylov,0,722108,2,0.018214837678974794,0.3333333333333333,0.009190869829457144,2.230883468147129e-16,12
48,1,2,krylov,0,722108,3,0.0258637408442913,0.5,0.013100554824855195,2.230919210697483e-16,12
48,1,2,krylov,0,722108,4,0.03227045039644459,0.6666666666666666,0.01639839391904894,2.3927697076114218e-16,12
48,1,2,krylov,0,722108,5,0.03942703552946611,0.8333333333333334,0.02010729870429744,2.5432909807658824e-16,12
48,1,2,krylov,0,722108,6,0.04565827474223347,1.0,0.023358330156824373,2.5492185844359934e-16,12
48,1,2,krylov,0,722108,7,0.05311230498275405,1.1666666666666667,0.027274034736082226,2.659786913324002e-16,12
48,1,2,krylov,0,722108,8,0.06362078006574433,1.3333333333333333,0.032844095959313306,2.6624899018290753e-16,12
48,1,2,krylov,0,722108,9,0.07807656527510791,1.5,0.040602719146425804,2.6702168181863884e-16,12
48,1,2,krylov,0,722108,10,0.0915549480001145,1.6666666666666667,0.0479384956436166,2.8884010766373953e-16,12
48,1,2,krylov,0,722108,11,0.10923253336742136,1.8333333333333333,0.0577108464748652,2.8955210432271855e-16,12
48,1,2,krylov,0,722108,12,0.12576483355944965,2.0,0.06700772727260976,2.77025846765107e-16,12
48,1,2,krylov,1,722109,0,0.0,0.0,0.0,0.0,12
48,1,2,krylov,1,722109,1,0.010754398624500101,0.16666666666666666,0.005406217515843157,4.440892098500626e-16,12
48,1,2,krylov,1,722109,2,0.022077731652747158,0.3333333333333333,0.011161624128850543,4.452399289741626e-16,12
48,1,2,krylov,1,722109,3,0.03582525584945619,0.5,0.01823735638605606,4.45245028801316e-16,12
48,1,2,krylov,1,722109,4,0.04542602207378669,0.6666666666666666,0.023236792902313973,4.455007669878421e-16,12
48,1,2,krylov,1,722109,5,0.06796735286294518,0.8333333333333334,0.03516518234313019,4.45508255751446e-16,12
48,1,2,krylov,1,722109,6,0.10270295375847109,1.0,0.05408109238450831,4.455082705215061e-16,12
48,1,2,krylov,1,722109,7,0.13491467189593934,1.1666666666666667,0.07221956368198998,4.457829823572218e-16,12
48,1,2,krylov,1,722109,8,0.16997032282307117,1.3333333333333333,0.09263483767027131,4.470454574471465e-16,12
48,1,2,krylov,1,722109,9,0.19982990193292757,1.5,0.11059750879026321,4.637495256074845e-16,12
48,1,2,krylov,1,722109,10,0.24188856155894686,1.6666666666666667,0.13682612554307705,4.672149293877337e-16,12
48,1,2,krylov,1,722109,11,0.2624426929154451,1.8333333333333333,0.1500509804903044,4.672590007977725e-16,12
48,1,2,krylov,1,722109,12,0.27719816759922267,2.0,0.1597139064857435,4.644384393321766e-16,12
48,1,2,krylov,2,722110,0,0.0,0.0,0.0,0.0,12
48,1,2,krylov,2,722110,1,0.024188445322310008,0.16666666666666666,0.012241679398986164,0.0,12
48,1,2,krylov,2,722110,2,0.045870175725417045,0.3333333333333333,0.023469242052296835,2.2368753976148933e-16,12
48,1,2,krylov,2,722110,3,0.0634192065594679,0.5,0.0327366995310932,4.459631439117293e-16,12
48,1,2,krylov,2,722110,4,0.08307788831990377,0.6666666666666666,0.04331322038004938,4.534037767032865e-16,12
48,1,2,krylov,2,722110,5,0.10101607418791292,0.8333333333333334,0.05314721220248348,4.539940217253096e-16,12
48,1,2,krylov,2,722110,6,0.12349805701169562,1.0,0.06572390307504439,4.541290655662333e-16,12
48,1,2,krylov,2,722110,7,0.15409022130572336,1.1666666666666667,0.0832980669285262,4.543411644008566e-16,12
48,1,2,krylov,2,722110,8,0.19791202435507113,1.3333333333333333,0.10942757976798713,4.667615741830785e-16,12
48,1,2,krylov,2,722110,9,0.23188298088035264,1.5,0.13048608117105517,4.686586168883607e-16,12
48,1,2,krylov,2,722110,10,0.2716166513453041,1.6666666666666667,0.15604195964202722,4.694911561477851e-16,12
48,1,2,krylov,2,722110,11,0.3241414671382049,1.8333333333333333,0.1914214600566217,4.711960488912409e-16,12
48,1,2,krylov,2,722110,12,0.4005386380694679,2.0,0.2463142338337635,4.680972752893366e-16,12
48,1,2,krylov,3,722111,0,0.0,0.0,0.0,0.0,12
48,1,2,krylov,3,722111,1,0.05218584010270145,0.16666666666666666,0.02678576008032102,0.0,12
48,1,2,krylov,3,722111,2,0.11034292104656296,0.3333333333333333,0.058330465672412214,2.2446309920782715e-16,12
48,1,2,krylov,3,722111,3,0.18652677549191612,0.5,0.10252844382234241,2.278233972904037e-16,12
48,1,2,krylov,3,722111,4,0.28016213732773376,0.6666666666666666,0.16167217923097585,2.279318307191863e-16,12
48,1,2,krylov,3,722111,5,0.3554167489824907,0.8333333333333334,0.21338756874226536,2.2881069054594464e-16,12
48,1,2,krylov,3,722111,6,0.4364950290953401,1.0,0.27363727555959066,4.658911810550648e-16,12
48,1,2,krylov,3,722111,7,0.5200045126144032,1.1666666666666667,0.3410176200291055,4.65891301763606e-16,12
48,1,2,krylov,3,722111,8,0.6050029177558135,1.3333333333333333,0.41562877602017334,4.674292966288501e-16,12
48,1,2,krylov,3,722111,9,0.6842232361349536,1.5,0.4911157557851324,4.718788242648239e-16,12
48,1,2,krylov,3,722111,10,0.7541857486177806,1.6666666666666667,0.5629399089245296,4.719320639562397e-16,12
48,1,2,krylov,3,722111,11,0.8013920584047549,1.8333333333333333,0.6143205844021246,4.745259450269162e-16,12
48,1,2,krylov,3,722111,12,0.8528710717994492,2.0,0.6731868990875907,4.694532973512684e-16,12
48,1,2,krylov,4,722112,0,0.0,0.0,0.0,0.0,12
48,1,2,krylov,4,722112,1,0.09427277668609857,0.16666666666666666,0.04942972413909826,1.1102230246251565e-16,12
48,1,2,krylov,4,722112,2,0.1629584869642661,0.3333333333333333,0.08849391416825314,2.2213759671892884e-16,12
48,1,2,krylov,4,722112,3,0.23049965178519086,0.5,0.12961451440169788,2.400341500504435e-16,12
48,1,2,krylov,4,722112,4,0.324083507999854,0.6666666666666666,0.19138138702586982,2.4505553123991135e-16,12
48,1,2,krylov,4,722112,5,0.42677836444555683,0.8333333333333334,0.2661565045212571,2.480317497977983e-16,12
48,1,2,krylov,4,722112,6,0.5450746645007021,1.0,0.36236857710374715,2.492666777632534e-16,12
48,1,2,krylov,4,722112,7,0.6242076643032922,1.1666666666666667,0.43338313287679975,2.6853852906607964e-16,12
48,1,2,krylov,4,722112,8,0.7033182146208444,1.3333333333333333,0.5102229348401207,3.081750209877135e-16,12
48,1,2,krylov,4,722112,9,0.7579014013589671,1.5,0.5668967711213816,3.1644120488697403e-16,12
48,1,2,krylov,4,722112,10,0.7933310054646824,1.6666666666666667,0.6053740946882699,3.167167343705857e-16,12
48,1,2,krylov,4,722112,11,0.8450031219886206,1.8333333333333333,0.6639925412509132,4.700805122852846e-16,12
48,1,2,krylov,4,722112,12,0.9181267188790894,2.0,0.7522970918262768,3.135303058881841e-16,12
48,1,2,krylov,5,722113,0,0.0,0.0,0.0,0.0,12
48,1,2,krylov,5,722113,1,0.024919185052378355,0.16666666666666666,0.012616131542386338,2.220446049250313e-16,12
48,1,2,krylov,5,722113,2,0.04350274159272615,0.3333333333333333,0.02223142889993737,1.4255277003950314e-16,12
48,1,2,krylov,5,722113,3,0.06190686194893072,0.5,0.03193162698173338,2.2252571631088495e-16,12
48,1,2,krylov,5,722113,4,0.08796534567980252,0.6666666666666666,0.045975140288926714,2.225401552776215e-16,12
48,1,2,krylov,5,722113,5,0.12170470951656426,0.8333333333333334,0.06471027269793858,2.6778493821995838e-16,12
48,1,2,krylov,5,722113,6,0.1750442918869815,1.0,0.09564949016182249,3.403012599485062e-16,12
48,1,2,krylov,5,722113,7,0.21028477423022773,1.1666666666666667,0.11701471485238324,3.455973595429504e-16,12
48,1,2,krylov,5,722113,8,0.24608532177763143,1.3333333333333333,0.1395043480909837,4.6071684746949e-16,12
48,1,2,krylov,5,722113,9,0.2952608961862127,1.5,0.17173841047300262,4.612898227834132e-16,12
48,1,2,krylov,5,722113,10,0.33243285619828983,1.6666666666666667,0.1971781368303076,4.618230269592352e-16,12
48,1,2,krylov,5,722113,11,0.36468050128003465,1.8333333333333333,0.22002691964155885,4.69029228575464e-16,12
48,1,2,krylov,5,722113,12,0.4024418363281785,2.0,0.24773597027806246,4.640153047148318e-16,12
48,1,2,krylov,6,722114,0,0.0,0.0,0.0,0.0,12
48,1,2,krylov,6,722114,1,0.01782717803582858,0.16666666666666666,0.00899351533422393,0.0,12
48,1,2,krylov,6,722114,2,0.048450067954213916,0.3333333333333333,0.024821479845745554,2.2253430549365875e-16,12
48,1,2,krylov,6,722114,3,0.0717859578670292,0.5,0.03721267357857692,2.3627988568023026e-16,12
48,1,2,krylov,6,722114,4,0.09012814805470958,0.6666666666666666,0.04715725449789375,2.6903774896421423e-16,12
48,1,2,krylov,6,722114,5,0.10491547518158324,0.8333333333333334,0.05530836585532239,2.741181034741159e-16,12
48,1,2,krylov,6,722114,6,0.13044799512661115,1.0,0.06966934359434251,2.9905195406504777e-16,12
48,1,2,krylov,6,722114,7,0.14857878550750805,1.1666666666666667,0.08009209993739468,3.0001556724844227e-16,12
48,1,2,krylov,6,722114,8,0.16672799277642492,1.3333333333333333,0.09071643166275949,4.152609502059892e-16,12
48,1,2,krylov,6,722114,9,0.1890657566353309,1.5,0.10406019590154081,4.16619367027377e-16,12
48,1,2,krylov,6,722114,10,0.22168603643643414,1.6666666666666667,0.12408971673823538,4.171589903984299e-16,12
48,1,2,krylov,6,722114,11,0.27259405090283567,1.8333333333333333,0.1566834882269094,4.2101139498568514e-16,12
48,1,2,krylov,6,722114,12,0.3363767131412907,2.0,0.19993313675761018,4.242173123204726e-16,12
48,1,2,krylov,7,722115,0,0.0,0.0,0.0,0.0,12
48,1,2,krylov,7,722115,1,0.028070026820512108,0.16666666666666666,0.014233851111496358,0.0,12
48,1,2,krylov,7,722115,2,0.056697221773484324,0.3333333333333333,0.029167660493896783,2.220622697943795e-16,12
48,1,2,krylov,7,722115,3,0.0948100024733325,0.5,0.04972497125525978,2.2211791184690184e-16,12
48,1,2,krylov,7,722115,4,0.1333890817937934,0.6666666666666666,0.07134725673998661,2.5508743663892044e-16,12
48,1,2,krylov,7,722115,5,0.16898983960141425,0.8333333333333334,0.09205405392625234,2.794373245515874e-16,12
48,1,2,krylov,7,722115,6,0.19731621518214876,1.0,0.10906458537416255,2.8013561262680313e-16,12
48,1,2,krylov,7,722115,7,0.2338241450722518,1.1666666666666667,0.13171114681741541,2.801813172866996e-16,12
48,1,2,krylov,7,722115,8,0.2525672884127262,1.3333333333333333,0.14366305768574608,2.8245204078568763e-16,12
48,1,2,krylov,7,722115,9,0.26646485048113777,1.5,0.15267085319801593,2.835709090698729e-16,12
48,1,2,krylov,7,722115,10,0.289866583896391,1.6666666666666667,0.16812459948542174,2.8591120703664985e-16,12
48,1,2,krylov,7,722115,11,0.3169763031401923,1.8333333333333333,0.18648501823074587,2.859133649025923e-16,12
48,1,2,krylov,7,722115,12,0.3440420272158528,2.0,0.20531895972311537,4.600912889632987e-16,12
48,1,2,reply_null,0,722116,0,0.0,0.0,0.0,0.0,12
48,1,2,reply_null,0,722116,1,0.061957513081791295,0.16666666666666666,0.03195857060360111,0.0,12
48,1,2,reply_null,0,722116,2,0.11690132562062444,0.3333333333333333,0.06200425668792873,1.1104415871179925e-16,12
48,1,2,reply_null,0,722116,3,0.1781683478455201,0.5,0.09751324221781202,1.1443365042558553e-16,12
48,1,2,reply_null,0,722116,4,0.18701719564921618,0.6666666666666666,0.10282400838602548,3.430689454342162e-16,12
48,1,2,reply_null,0,722116,5,0.187486387449562,0.8333333333333334,0.1031069148313141,3.431510599936148e-16,12
48,1,2,reply_null,0,722116,6,0.18819597434948085,1.0,0.10353502346950642,3.431519484744601e-16,12
48,1,2,reply_null,0,722116,7,0.19931987023149605,1.1666666666666667,0.11028616410854292,3.4490509348613422e-16,12
48,1,2,reply_null,0,722116,8,0.3643975438809861,1.3333333333333333,0.2198232115188514,3.4796491735223747e-16,12
48,1,2,reply_null,0,722116,9,0.3647854267608751,1.5,0.22010247277597525,3.5229875636561344e-16,12
48,1,2,reply_null,0,722116,10,0.3648006402006416,1.6666666666666667,0.22011342809490442,3.60797823899383e-16,12
48,1,2,reply_null,0,722116,11,0.3680164040136222,1.8333333333333333,0.22243287018838334,3.60858780260463e-16,12
48,1,2,reply_null,0,722116,12,0.38561288795126314,2.0,0.2352576532124884,3.5209774735640326e-16,12
48,1,2,reply_null,1,722117,0,0.0,0.0,0.0,0.0,12
48,1,2,reply_null,1,722117,1,0.0018042465537482226,0.16666666666666666,0.0009029375929494755,0.0,12
48,1,2,reply_null,1,722117,2,0.0018320977399230833,0.3333333333333333,0.000916888528194034,1.114946752332578e-16,12
48,1,2,reply_null,1,722117,3,0.02186331797060881,0.5,0.011052035831888412,1.2371584084067014e-16,12
48,1,2,reply_null,1,722117,4,0.0466262053534581,0.6666666666666666,0.023865149948848814,1.3150386765503408e-16,12
48,1,2,reply_null,1,722117,5,0.15696166905801182,0.8333333333333334,0.08497538386320705,1.3378530356126994e-16,12
48,1,2,reply_null,1,722117,6,0.281344242245922,1.0,0.16245480765159054,1.5284891820020012e-16,12
48,1,2,reply_null,1,722117,7,0.2818462773766186,1.1666666666666667,0.16278746673381647,1.9950659213287132e-16,12
48,1,2,reply_null,1,722117,8,0.3022347919245667,1.3333333333333333,0.1764394172237014,2.0048983593922742e-16,12
48,1,2,reply_null,1,722117,9,0.30321235715622635,1.5,0.17710100419882957,2.3299601635424616e-16,12
48,1,2,reply_null,1,722117,10,0.34532721964348667,1.6666666666666667,0.20622601305340427,2.393944868888114e-16,12
48,1,2,reply_null,1,722117,11,0.39801410693240286,1.8333333333333333,0.24443251653875533,2.464254565686601e-16,12
48,1,2,reply_null,1,722117,12,0.4041357521600877,2.0,0.24900364544060127,2.117107646249111e-16,12
48,1,2,reply_null,2,722118,0,0.0,0.0,0.0,0.0,12
48,1,2,reply_null,2,722118,1,0.033496080192187354,0.16666666666666666,0.01703169519428889,1.1102230246251565e-16,12
48,1,2,reply_null,2,722118,2,0.4661101577427234,0.3333333333333333,0.2968912785838352,2.2209923225673486e-16,12
48,1,2,reply_null,2,722118,3,0.46611074234581834,0.5,0.296891744449079,2.2210777153538264e-16,12
48,1,2,reply_null,2,722118,4,0.4959505333973179,0.6666666666666666,0.32102916438136464,3.080118752367959e-16,12
48,1,2,reply_null,2,722118,5,0.5255547697218713,0.8333333333333334,0.3456984619740717,3.0970887364308007e-16,12
48,1,2,reply_null,2,722118,6,0.5337166890571577,1.0,0.3526292303132396,3.1090556643228275e-16,12
48,1,2,reply_null,2,722118,7,0.5563959108525623,1.1666666666666667,0.3721871385168306,3.1757146607795627e-16,12
48,1,2,reply_null,2,722118,8,0.5631009010469077,1.3333333333333333,0.3780547940319528,3.203299760080495e-16,12
48,1,2,reply_null,2,722118,9,0.5632864431640129,1.5,0.3782177252922098,3.205274536558714e-16,12
48,1,2,reply_null,2,722118,10,0.5648240538808648,1.6666666666666667,0.3795691209723359,3.252065153614196e-16,12
48,1,2,reply_null,2,722118,11,0.6376362249473874,1.8333333333333333,0.4460016595860008,4.541935041183247e-16,12
48,1,2,reply_null,2,722118,12,0.6885004868262826,2.0,0.49536408544535376,3.2376372590316367e-16,12
48,1,2,reply_null,3,722119,0,0.0,0.0,0.0,0.0,12
48,1,2,reply_null,3,722119,1,0.0007416466627411071,0.16666666666666666,0.00037096087531456544,1.1102230246251565e-16,12
48,1,2,reply_null,3,722119,2,0.030160097144921818,0.3333333333333333,0.015309759994459429,2.2309070445387605e-16,12
48,1,2,reply_null,3,722119,3,0.030269709932480723,0.5,0.015366247629535756,2.2420010050143096e-16,12
48,1,2,reply_null,3,722119,4,0.044291302230560325,0.6666666666666666,0.022643402460326423,2.2427928252151825e-16,12
48,1,2,reply_null,3,722119,5,0.049269300344708916,0.8333333333333334,0.025251606764158257,2.4302660115926167e-16,12
48,1,2,reply_null,3,722119,6,0.0493134276532357,1.0,0.025274785215261622,2.4302775725472587e-16,12
48,1,2,reply_null,3,722119,7,0.05748056459286684,1.1666666666666667,0.029582342578906063,2.4544038580331804e-16,12
48,1,2,reply_null,3,722119,8,0.07958820733801429,1.3333333333333333,0.041420534922642534,2.454477454129988e-16,12
48,1,2,reply_null,3,722119,9,0.11070569591676062,1.5,0.05853305067877683,2.4584607550304645e-16,12
48,1,2,reply_null,3,722119,10,0.15798114523034715,1.6666666666666667,0.08557205642350886,2.458611090647085e-16,12
48,1,2,reply_null,3,722119,11,0.18329697291689886,1.8333333333333333,0.10058553519757754,4.506398854797981e-16,12
48,1,2,reply_null,3,722119,12,0.36724669917021463,2.0,0.22187702405533544,2.916442723495366e-16,12
48,1,2,reply_null,4,722120,0,0.0,0.0,0.0,0.0,12
48,1,2,reply_null,4,722120,1,0.005179448035067304,0.16666666666666666,0.002596442281979744,1.1102230246251565e-16,12
48,1,2,reply_null,4,722120,2,0.008941533111483256,0.3333333333333333,0.004490814016466308,2.2272233068070775e-16,12
48,1,2,reply_null,4,722120,3,0.04059901784656792,0.5,0.020717212595710268,6.691639108150712e-16,12
48,1,2,reply_null,4,722120,4,0.2544639749006231,0.6666666666666666,0.14488504320539577,6.692376047809222e-16,12
48,1,2,reply_null,4,722120,5,0.2575831510344913,0.8333333333333334,0.1468996936325948,6.69240987887683e-16,12
48,1,2,reply_null,4,722120,6,0.27919983346847127,1.0,0.16103575580480728,6.697486284720914e-16,12
48,1,2,reply_null,4,722120,7,0.32005125244715243,1.1666666666666667,0.18859917365634032,6.705524305301506e-16,12
48,1,2,reply_null,4,722120,8,0.3230392945257713,1.3333333333333333,0.19065981406947505,6.706848894769001e-16,12
48,1,2,reply_null,4,722120,9,0.33353498263936654,1.5,0.19794693886975592,6.714387077469452e-16,12
48,1,2,reply_null,4,722120,10,0.33478563789453053,1.6666666666666667,0.19882037594716628,6.715282536956685e-16,12
48,1,2,reply_null,4,722120,11,0.37661154385508966,1.8333333333333333,0.22866904373343455,6.715288995496805e-16,12
48,1,2,reply_null,4,722120,12,0.41827858271438034,2.0,0.2596719391962823,6.742431950898787e-16,12
48,1,2,reply_null,5,722121,0,0.0,0.0,0.0,0.0,12
48,1,2,reply_null,5,722121,1,0.12045888151430091,0.16666666666666666,0.06400717888496447,2.220446049250313e-16,12
48,1,2,reply_null,5,722121,2,0.13579815908865853,0.3333333333333333,0.07272533572659005,4.442655287297031e-16,12
48,1,2,reply_null,5,722121,3,0.14522752958384436,0.5,0.07815131669826977,4.446603685735592e-16,12
48,1,2,reply_null,5,722121,4,0.23329811942131448,0.6666666666666666,0.13137893793306396,4.453921995137903e-16,12
48,1,2,reply_null,5,722121,5,0.23369829310114992,0.8333333333333334,0.1316316497269591,4.768446803182738e-16,12
48,1,2,reply_null,5,722121,6,0.24963732274507053,1.0,0.14177990715557856,4.770966395936847e-16,12
48,1,2,reply_null,5,722121,7,0.25040262336113,1.1666666666666667,0.14227124970229515,4.771273917388316e-16,12
48,1,2,reply_null,5,722121,8,0.25511853053697714,1.3333333333333333,0.14530729452364055,4.828999416318692e-16,12
48,1,2,reply_null,5,722121,9,0.37354266964291827,1.5,0.22643627788702383,4.834513717175937e-16,12
48,1,2,reply_null,5,722121,10,0.44159362544741226,1.6666666666666667,0.27759181247760073,4.847545042096398e-16,12
48,1,2,reply_null,5,722121,11,0.45775474105938074,1.8333333333333333,0.2902606592688021,4.849161600142791e-16,12
48,1,2,reply_null,5,722121,12,0.46121603083662044,2.0,0.2930007197461302,4.881906817304499e-16,12
48,1,2,reply_null,6,722122,0,0.0,0.0,0.0,0.0,12
48,1,2,reply_null,6,722122,1,0.012924486202706798,0.16666666666666666,0.006504184181447798,2.220446049250313e-16,12
48,1,2,reply_null,6,722122,2,0.02018510647063493,0.3333333333333333,0.01019510168775992,2.220632705477406e-16,12
48,1,2,reply_null,6,722122,3,0.02847573336099698,0.5,0.014442521474834373,2.2433360650536407e-16,12
48,1,2,reply_null,6,722122,4,0.029513358211864862,0.6666666666666666,0.014976596856485528,2.246395509370338e-16,12
48,1,2,reply_null,6,722122,5,0.2968523212020248,0.8333333333333334,0.17280828286855873,2.2607683615173297e-16,12
48,1,2,reply_null,6,722122,6,0.33219889643732103,1.0,0.19701504427935335,2.443547305999125e-16,12
48,1,2,reply_null,6,722122,7,0.3348950212551067,1.1666666666666667,0.198896819449074,2.455522756816074e-16,12
48,1,2,reply_null,6,722122,8,0.3853708555464793,1.3333333333333333,0.23507971856838905,2.4588169293663614e-16,12
48,1,2,reply_null,6,722122,9,0.3939770460853103,1.5,0.2414332553463597,2.4838066699661177e-16,12
48,1,2,reply_null,6,722122,10,0.4128312969084344,1.6666666666666667,0.2555450394307405,2.4847109411191447e-16,12
48,1,2,reply_null,6,722122,11,0.43799333027360593,1.8333333333333333,0.2747972860066122,2.5896113432387167e-16,12
48,1,2,reply_null,6,722122,12,0.48566430752003176,2.0,0.3126271594868391,2.6599881281021827e-16,12
48,1,2,reply_null,7,722123,0,0.0,0.0,0.0,0.0,12
48,1,2,reply_null,7,722123,1,0.040817926026763075,0.16666666666666666,0.020831214330616785,0.0,12
48,1,2,reply_null,7,722123,2,0.04214113074256953,0.3333333333333333,0.021520836804793376,2.223525553890987e-16,12
48,1,2,reply_null,7,722123,3,0.04572406041285919,0.5,0.023392760768059538,2.254211205163902e-16,12
48,1,2,reply_null,7,722123,4,0.0860953902844357,0.6666666666666666,0.04495514509958198,2.2713393918045545e-16,12
48,1,2,reply_null,7,722123,5,0.08877140830147805,0.8333333333333334,0.046415407859655596,2.3096468596798366e-16,12
48,1,2,reply_null,7,722123,6,0.1060609830856273,1.0,0.0559448404513338,2.3830868198145477e-16,12
48,1,2,reply_null,7,722123,7,0.11010326866054197,1.1666666666666667,0.05819667647621589,2.4517604639021765e-16,12
48,1,2,reply_null,7,722123,8,0.14385929274986725,1.3333333333333333,0.07736080969487436,2.4520724403385897e-16,12
48,1,2,reply_null,7,722123,9,0.14894677197353653,1.5,0.08030560526034704,2.595045451675491e-16,12
48,1,2,reply_null,7,722123,10,0.14935263850474775,1.6666666666666667,0.08054117968604996,4.780838739280422e-16,12
48,1,2,reply_null,7,722123,11,0.15573871239815637,1.8333333333333333,0.08426042159470365,4.780880347668908e-16,12
48,1,2,reply_null,7,722123,12,0.17885655637198683,2.0,0.09792459745863928,2.557488506573059e-16,12
48,1,8,random,0,722124,0,0.0,0.0,0.0,0.0,12
48,1,8,random,0,722124,1,0.4666894680737478,0.6666666666666666,0.07433826491964673,0.0,12
48,1,8,random,0,722124,2,0.6079586737392352,1.3333333333333333,0.10458478872237527,2.2262856060954157e-16,12
48,1,8,random,0,722124,3,0.6382367876797084,2.0,0.11164249089036872,2.244244071737506e-16,12
48,1,8,random,0,722124,4,0.6668691227554149,2.6666666666666665,0.1185160514488201,2.3493657514161015e-16,12
48,1,8,random,0,722124,5,0.6670665578835222,3.3333333333333335,0.11856413481815095,2.377684512098083e-16,12
48,1,8,random,0,722124,6,0.6840651243345741,4.0,0.12273976526914204,2.584621168521922e-16,12
48,1,8,random,0,722124,7,0.695302262283141,4.666666666666667,0.12553935139522013,2.6257071257267733e-16,12
48,1,8,random,0,722124,8,0.7997895883157544,5.333333333333333,0.15313408724245786,2.6742519094139847e-16,12
48,1,8,random,0,722124,9,0.8041823139446692,6.0,0.15435854135231208,2.735183256155432e-16,12
48,1,8,random,0,722124,10,0.804363448386466,6.666666666666667,0.15440914738887082,2.7445272979630877e-16,12
48,1,8,random,0,722124,11,0.872872548416195,7.333333333333333,0.17422215347386494,2.7639549757770284e-16,12
48,1,8,random,0,722124,12,1.0233398317951174,8.0,0.22280903150150347,2.956920782361502e-16,12
48,1,8,random,1,722125,0,0.0,0.0,0.0,0.0,12
48,1,8,random,1,722125,1,0.1405274504667129,0.6666666666666666,0.018860083917850063,0.0,12
48,1,8,random,1,722125,2,0.1748993647743972,1.3333333333333333,0.02389079266406764,4.442622643207217e-16,12
48,1,8,random,1,722125,3,0.36201336288061886,2.0,0.05452726673044839,4.442978842140378e-16,12
48,1,8,random,1,722125,4,0.3742648830119932,2.6666666666666665,0.05674027734401038,4.443502317644173e-16,12
48,1,8,random,1,722125,5,0.5014825120725096,3.3333333333333335,0.08139591657478584,4.443578440344068e-16,12
48,1,8,random,1,722125,6,0.7061759081592272,4.0,0.12827849281848955,4.451465071646735e-16,12
48,1,8,random,1,722125,7,0.8154724868085881,4.666666666666667,0.15753041940829424,4.452397168999721e-16,12
48,1,8,random,1,722125,8,0.8822686737767034,5.333333333333333,0.17704693254506526,4.455400105496583e-16,12
48,1,8,random,1,722125,9,0.9077718077982023,6.0,0.18484914348046994,4.455905848713443e-16,12
48,1,8,random,1,722125,10,0.9399528606081781,6.666666666666667,0.19498259315079844,4.653117670190121e-16,12
48,1,8,random,1,722125,11,1.0597014381946495,7.333333333333333,0.23568866972075253,4.661974779392284e-16,12
48,1,8,random,1,722125,12,1.0846243509727147,8.0,0.24479103960383108,4.579933166912385e-16,12
48,1,8,random,2,722126,0,0.0,0.0,0.0,0.0,12
48,1,8,random,2,722126,1,0.01139014074648551,0.6666666666666666,0.0014319069232999985,2.220446049250313e-16,12
48,1,8,random,2,722126,2,0.26909723145830944,1.3333333333333333,0.03859779871005497,2.22257421881772e-16,12
48,1,8,random,2,722126,3,0.3573804422593593,2.0,0.053697454864839615,2.234871370259366e-16,12
48,1,8,random,2,722126,4,0.49086959827606597,2.6666666666666665,0.07921703708561198,2.358958271242523e-16,12
48,1,8,random,2,722126,5,0.5160676665183791,3.3333333333333335,0.0844282929786845,2.384952768317981e-16,12
48,1,8,random,2,722126,6,0.5235055987234521,4.0,0.08599181389678487,2.39886293668468e-16,12
48,1,8,random,2,722126,7,0.545214245958065,4.666666666666667,0.09062223904191764,2.485555979221849e-16,12
48,1,8,random,2,722126,8,0.5832414876787113,5.333333333333333,0.09897965570413625,4.49256759918542e-16,12
48,1,8,random,2,722126,9,0.5942410114751142,6.0,0.1014569246695158,4.615676704819933e-16,12
48,1,8,random,2,722126,10,0.7254200779125936,6.666666666666667,0.13319982876242417,4.693610287732097e-16,12
48,1,8,random,2,722126,11,0.7452278718936494,7.333333333333333,0.1383651860590812,4.7013341623687975e-16,12
48,1,8,random,2,722126,12,0.7963842926855674,8.0,0.1521885692484002,4.642036876833547e-16,12
48,1,8,random,3,722127,0,0.0,0.0,0.0,0.0,12
48,1,8,random,3,722127,1,0.2622956657113375,0.6666666666666666,0.0374888530844617,2.220446049250313e-16,12
48,1,8,random,3,722127,2,0.26576058826421917,1.3333333333333333,0.038052840898899765,5.58218972534842e-16,12
48,1,8,random,3,722127,3,0.27106893533761994,2.0,0.03892068333624895,5.582279490601523e-16,12
48,1,8,random,3,722127,4,0.31703620359296925,2.6666666666666665,0.04663153505644083,5.583836455403624e-16,12
48,1,8,random,3,722127,5,0.3297109421928618,3.3333333333333335,0.04882076454649167,5.589486364543906e-16,12
48,1,8,random,3,722127,6,0.3651179974764576,4.0,0.05508549939947558,5.591484375045494e-16,12
48,1,8,random,3,722127,7,0.4903185902810798,4.666666666666667,0.07910454286092024,5.631865479719047e-16,12
48,1,8,random,3,722127,8,0.5083767643251349,5.333333333333333,0.0828237784519423,5.639671586681768e-16,12
48,1,8,random,3,722127,9,0.5321145191896809,6.0,0.08781606679891825,5.649975659983494e-16,12
48,1,8,random,3,722127,10,0.5484577259079515,6.666666666666667,0.09132274086869879,5.653711488070411e-16,12
48,1,8,random,3,722127,11,0.6326201242394083,7.333333333333333,0.11031707535425071,5.654568690845486e-16,12
48,1,8,random,3,722127,12,0.8542173352326714,8.0,0.16869184533604836,5.737909575875289e-16,12
48,1,8,random,4,722128,0,0.0,0.0,0.0,0.0,12
48,1,8,random,4,722128,1,0.25235437423539564,0.6666666666666666,0.03588150682092903,2.220446049250313e-16,12
48,1,8,random,4,722128,2,0.35594643571948265,1.3333333333333333,0.05344138519257776,1.1207449150543737e-16,12
48,1,8,random,4,722128,3,0.6756020530806967,2.0,0.12065197301181625,2.2309932656583993e-16,12
48,1,8,random,4,722128,4,0.7189217295473562,2.6666666666666665,0.13152739623722437,2.233764852257604e-16,12
48,1,8,random,4,722128,5,0.7264764169305612,3.3333333333333335,0.13347271942312933,2.3143997040419026e-16,12
48,1,8,random,4,722128,6,0.8303045296842124,4.0,0.1617521537807528,2.410844957218267e-16,12
48,1,8,random,4,722128,7,0.8350719000995568,4.666666666666667,0.1631224713255248,2.5869553356311713e-16,12
48,1,8,random,4,722128,8,0.85962469935256,5.333333333333333,0.1702842455466121,2.6034919030079284e-16,12
48,1,8,random,4,722128,9,0.8617978703187341,6.0,0.17092664646649577,2.6232177162472813e-16,12
48,1,8,random,4,722128,10,0.871763678176757,6.666666666666667,0.17389053882568364,3.5958726086900675e-16,12
48,1,8,random,4,722128,11,0.9333825078898681,7.333333333333333,0.19288708629815024,3.595932068581953e-16,12
48,1,8,random,4,722128,12,1.113282211685529,8.0,0.25554177041911974,2.6424324034059133e-16,12
48,1,8,random,5,722129,0,0.0,0.0,0.0,0.0,12
48,1,8,random,5,722129,1,0.9754077217294048,0.6666666666666666,0.20653104623172688,0.0,12
48,1,8,random,5,722129,2,1.0324454328584076,1.3333333333333333,0.2259905044183338,2.222042748730216e-16,12
48,1,8,random,5,722129,3,1.0328930657265956,2.0,0.22614765447467453,2.3330204734620465e-16,12
48,1,8,random,5,722129,4,1.4399706951956035,2.6666666666666665,0.40257151651793843,2.4532590773496215e-16,12
48,1,8,random,5,722129,5,1.4495470129310997,3.3333333333333335,0.4076479770929911,2.469437162726951e-16,12
48,1,8,random,5,722129,6,1.4635092890972705,4.0,0.41513711629955136,4.668899438513672e-16,12
48,1,8,random,5,722129,7,1.4645764625157571,4.666666666666667,0.41571384395187994,4.718545261716123e-16,12
48,1,8,random,5,722129,8,1.465181059226365,5.333333333333333,0.41604085660874074,4.824277478533115e-16,12
48,1,8,random,5,722129,9,1.4868347367376054,6.0,0.42788414344020753,4.964593003796336e-16,12
48,1,8,random,5,722129,10,1.537349044118336,6.666666666666667,0.4565301279825557,4.966882875710513e-16,12
48,1,8,random,5,722129,11,1.544228296968427,7.333333333333333,0.4605444125812488,5.008905047194162e-16,12
48,1,8,random,5,722129,12,1.59994234089534,8.0,0.4940933556516715,4.886856407932573e-16,12
48,1,8,random,6,722130,0,0.0,0.0,0.0,0.0,12
48,1,8,random,6,722130,1,0.10610098348036916,0.6666666666666666,0.013991769727294285,0.0,12
48,1,8,random,6,722130,2,0.47272281980019365,1.3333333333333333,0.07554457818126416,2.207488981040456e-18,12
48,1,8,random,6,722130,3,0.47292880861153896,2.0,0.07558589237553032,2.2345861130729944e-16,12
48,1,8,random,6,722130,4,0.5897469894424002,2.6666666666666665,0.10044150562733374,2.24099790120104e-16,12
48,1,8,random,6,722130,5,0.5902805132949603,3.3333333333333335,0.1005618161393531,2.2414009264853207e-16,12
48,1,8,random,6,722130,6,0.6606216223703154,4.0,0.1169994273115327,4.493621861274726e-16,12
48,1,8,random,6,722130,7,0.8601804759920886,4.666666666666667,0.17044840324558932,4.520782859961254e-16,12
48,1,8,random,6,722130,8,1.0018343557432108,5.333333333333333,0.2154090875575799,4.520906556501648e-16,12
48,1,8,random,6,722130,9,1.0501718755342921,6.0,0.2322677900734426,4.57681499842472e-16,12
48,1,8,random,6,722130,10,1.1796072961936026,6.666666666666667,0.28163705608233136,4.591493708619241e-16,12
48,1,8,random,6,722130,11,1.3393949088326624,7.333333333333333,0.3520916668594908,4.620499624949327e-16,12
48,1,8,random,6,722130,12,1.3851356524446898,8.0,0.37442098118424477,4.538300540915876e-16,12
48,1,8,random,7,722131,0,0.0,0.0,0.0,0.0,12
48,1,8,random,7,722131,1,0.3067259457956791,0.6666666666666666,0.044871060750880515,3.3306690738754696e-16,12
48,1,8,random,7,722131,2,0.6478569810451053,1.3333333333333333,0.11393002301970413,2.366979918594442e-16,12
48,1,8,random,7,722131,3,0.6521239655201565,2.0,0.11495171193374974,2.3751469864314024e-16,12
48,1,8,random,7,722131,4,0.6750828987117077,2.6666666666666665,0.12052447481526285,2.5383894321057646e-16,12
48,1,8,random,7,722131,5,0.8174291160105291,3.3333333333333335,0.15808376784966824,2.5500578870781857e-16,12
48,1,8,random,7,722131,6,0.82897364408856,4.0,0.16137077331294283,2.714466879918744e-16,12
48,1,8,random,7,722131,7,1.0796632097658632,4.666666666666667,0.24296099734192167,2.723720897335386e-16,12
48,1,8,random,7,722131,8,1.0967786178552401,5.333333333333333,0.24931300350038232,2.726963042597252e-16,12
48,1,8,random,7,722131,9,1.1162403464261592,6.0,0.2566691308704294,2.8899712618026266e-16,12
48,1,8,random,7,722131,10,1.1474051457510173,6.666666666666667,0.2687510603361087,2.8899907254528415e-16,12
48,1,8,random,7,722131,11,1.2067342965267311,7.333333333333333,0.2928188785969124,4.539057453621406e-16,12
48,1,8,random,7,722131,12,1.2116721841179376,8.0,0.2948871234307046,2.7485566251388093e-16,12
48,1,8,krylov,0,722132,0,0.0,0.0,0.0,0.0,12
48,1,8,krylov,0,722132,1,0.022813600371254135,0.6666666666666666,0.0028844776024550133,0.0,12
48,1,8,krylov,0,722132,2,0.06295204514675307,1.3333333333333333,0.008121970906263817,4.44094687549633e-16,12
48,1,8,krylov,0,722132,3,0.13646581710842878,2.0,0.01827696201740527,4.471159460564849e-16,12
48,1,8,krylov,0,722132,4,0.23828390233768673,2.6666666666666665,0.033633679183094824,4.4711959390541825e-16,12
48,1,8,krylov,0,722132,5,0.33712925644111674,3.3333333333333335,0.050115016248323124,4.484566948764648e-16,12
48,1,8,krylov,0,722132,6,0.4475172369731282,4.0,0.0705529084512311,5.620248087400338e-16,12
48,1,8,krylov,0,722132,7,0.5693525898081794,4.666666666666667,0.09589032847731321,5.626291812837752e-16,12
48,1,8,krylov,0,722132,8,0.6846804231423328,5.333333333333333,0.12289224615719027,5.652779375506075e-16,12
48,1,8,krylov,0,722132,9,0.784818458277662,6.0,0.14900112044086952,5.653813271535676e-16,12
48,1,8,krylov,0,722132,10,0.867141343808694,6.666666666666667,0.17251215494558023,5.714379360444707e-16,12
48,1,8,krylov,0,722132,11,0.952367086439928,7.333333333333333,0.19897968841246164,5.725556405885728e-16,12
48,1,8,krylov,0,722132,12,1.0490156682649314,8.0,0.2318549531659585,5.716844493274949e-16,12
48,1,8,krylov,1,722133,0,0.0,0.0,0.0,0.0,12
48,1,8,krylov,1,722133,1,0.48608402927292427,0.6666666666666666,0.0782420770928656,0.0,12
48,1,8,krylov,1,722133,2,0.8292435201781897,1.3333333333333333,0.1614480683670031,2.4633226946985474e-16,12
48,1,8,krylov,1,722133,3,1.128362877309183,2.0,0.2613240846008002,2.4646174371554586e-16,12
48,1,8,krylov,1,722133,4,1.327385700015003,2.6666666666666665,0.3463964394421667,2.5457372090363877e-16,12
48,1,8,krylov,1,722133,5,1.4421470245824437,3.3333333333333335,0.40372093621725424,2.5457766638495247e-16,12
48,1,8,krylov,1,722133,6,1.6153852048882156,4.0,0.5037281329435288,2.5460028450776873e-16,12
48,1,8,krylov,1,722133,7,1.716817271312279,4.666666666666667,0.5708478350391629,2.583085921232294e-16,12
48,1,8,krylov,1,722133,8,1.8213966220032491,5.333333333333333,0.6475605281584202,2.7086654219997976e-16,12
48,1,8,krylov,1,722133,9,1.924028791977376,6.0,0.7310617653143263,2.819891239522817e-16,12
48,1,8,krylov,1,722133,10,1.9823979645820613,6.666666666666667,0.782516458338153,2.8200345331203874e-16,12
48,1,8,krylov,1,722133,11,2.0227056066553644,7.333333333333333,0.8198435365126535,2.8360947783856967e-16,12
48,1,8,krylov,1,722133,12,2.0560469044112772,8.0,0.8518768956647388,3.1415481853308076e-16,12
48,1,8,krylov,2,722134,0,0.0,0.0,0.0,0.0,12
48,1,8,krylov,2,722134,1,0.15525239301394136,0.6666666666666666,0.020994088376439998,0.0,12
48,1,8,krylov,2,722134,2,0.315505913058595,1.3333333333333333,0.046369089802903427,1.1179902466109647e-16,12
48,1,8,krylov,2,722134,3,0.511283120507958,2.0,0.0834286669603256,2.269264485075509e-16,12
48,1,8,krylov,2,722134,4,0.6709743483725784,2.6666666666666665,0.119517794565316,2.5544614239434346e-16,12
48,1,8,krylov,2,722134,5,0.8049144957955346,3.3333333333333335,0.15456315750515012,4.631822585280386e-16,12
48,1,8,krylov,2,722134,6,0.9097737411260841,4.0,0.18547006211890404,4.638633728878427e-16,12
48,1,8,krylov,2,722134,7,1.0366912211517734,4.666666666666667,0.2274839038786251,4.76055598784628e-16,12
48,1,8,krylov,2,722134,8,1.1259670479377915,5.333333333333333,0.2603996258769187,4.763597432261161e-16,12
48,1,8,krylov,2,722134,9,1.2051242457532647,6.0,0.29214671024604827,4.76788344443296e-16,12
48,1,8,krylov,2,722134,10,1.2474449492514514,6.666666666666667,0.31017954216928567,4.767902991953921e-16,12
48,1,8,krylov,2,722134,11,1.2975121103767349,7.333333333333333,0.3325224011041907,4.802640147496065e-16,12
48,1,8,krylov,2,722134,12,1.3803606890912614,8.0,0.3720419487177933,4.784415195510088e-16,12
48,1,8,krylov,3,722135,0,0.0,0.0,0.0,0.0,12
48,1,8,krylov,3,722135,1,0.014080122844605766,0.6666666666666666,0.0017724643308635521,3.3306690738754696e-16,12
48,1,8,krylov,3,722135,2,0.03211882651193958,1.3333333333333333,0.004080025381064834,1.213254830495432e-16,12
48,1,8,krylov,3,722135,3,0.051119547267609255,2.0,0.006556087891212553,1.3945702728968374e-16,12
48,1,8,krylov,3,722135,4,0.07269440694402113,2.6666666666666665,0.009425231419636,2.0004048663109528e-16,12
48,1,8,krylov,3,722135,5,0.09206707743475245,3.3333333333333335,0.012054795735896549,2.1508507212554038e-16,12
48,1,8,krylov,3,722135,6,0.11818673873945537,4.0,0.015681782206861783,2.1615161423297642e-16,12
48,1,8,krylov,3,722135,7,0.1497078267929981,4.666666666666667,0.020186854434605946,2.3435636211603215e-16,12
48,1,8,krylov,3,722135,8,0.18459504778198657,5.333333333333333,0.02534141159924559,2.3865270719474406e-16,12
48,1,8,krylov,3,722135,9,0.21391035737234396,6.0,0.02981395329756449,3.2383534957475285e-16,12
48,1,8,krylov,3,722135,10,0.24951468717370182,6.666666666666667,0.03542530173394835,3.288258689494814e-16,12
48,1,8,krylov,3,722135,11,0.3295671818678457,7.333333333333333,0.048795777812979405,3.297347664517405e-16,12
48,1,8,krylov,3,722135,12,0.4316775442193049,8.0,0.06747981315883796,2.9599919359659567e-16,12
48,1,8,krylov,4,722136,0,0.0,0.0,0.0,0.0,12
48,1,8,krylov,4,722136,1,0.01996502812685208,0.6666666666666666,0.0025207077873461827,2.220446049250313e-16,12
48,1,8,krylov,4,722136,2,0.04407720487009061,1.3333333333333333,0.005632879466229623,2.260326793668981e-16,12
48,1,8,krylov,4,722136,3,0.06302034797488291,2.0,0.008131063823895387,2.2604318860080766e-16,12
48,1,8,krylov,4,722136,4,0.0983266714677646,2.6666666666666665,0.012915393804717465,2.2608323792565226e-16,12
48,1,8,krylov,4,722136,5,0.15744227684806616,3.3333333333333335,0.021314148790109705,2.2608506051868265e-16,12
48,1,8,krylov,4,722136,6,0.20251970698327168,4.0,0.028060526971762458,2.333234471568222e-16,12
48,1,8,krylov,4,722136,7,0.23777146510244934,4.666666666666667,0.0335524102035227,2.338859569312186e-16,12
48,1,8,krylov,4,722136,8,0.31131003061502566,5.333333333333333,0.04565155165320508,2.6227347361450775e-16,12
48,1,8,krylov,4,722136,9,0.4168729229503093,6.0,0.06465121226899678,2.625277021665459e-16,12
48,1,8,krylov,4,722136,10,0.5416288232954324,6.666666666666667,0.08985052646408531,2.6331110823813743e-16,12
48,1,8,krylov,4,722136,11,0.61445457560565,7.333333333333333,0.1060810033503566,3.6964152870401523e-16,12
48,1,8,krylov,4,722136,12,0.7000713789803295,8.0,0.12673705652693587,4.635638105176876e-16,12
48,1,8,krylov,5,722137,0,0.0,0.0,0.0,0.0,12
48,1,8,krylov,5,722137,1,0.17586154989212271,0.6666666666666666,0.024034122112608605,0.0,12
48,1,8,krylov,5,722137,2,0.3492342311274737,1.3333333333333333,0.05224766085029349,3.330677888667395e-16,12
48,1,8,krylov,5,722137,3,0.5300219674057941,2.0,0.08737120377048974,3.3333871076006945e-16,12
48,1,8,krylov,5,722137,4,0.6785440105030778,2.6666666666666665,0.12137573477326404,3.333409014543957e-16,12
48,1,8,krylov,5,722137,5,0.8001666361897519,3.3333333333333335,0.153238976881704,3.3510001753049185e-16,12
48,1,8,krylov,5,722137,6,0.8962405586792501,4.0,0.1812967171379389,3.3723673356927145e-16,12
48,1,8,krylov,5,722137,7,0.9833933234897281,4.666666666666667,0.20918912017269128,3.3723816291527573e-16,12
48,1,8,krylov,5,722137,8,1.079273707847184,5.333333333333333,0.24281770373583675,3.4212585705442376e-16,12
48,1,8,krylov,5,722137,9,1.1472871131228188,6.0,0.2687045876063045,3.427355947997133e-16,12
48,1,8,krylov,5,722137,10,1.255206931388394,6.666666666666667,0.3135705414145873,3.4387132088381527e-16,12
48,1,8,krylov,5,722137,11,1.3765770178619432,7.333333333333333,0.3701648587816527,3.438774752361674e-16,12
48,1,8,krylov,5,722137,12,1.5594909432553103,8.0,0.4695499189473963,3.4599445494605573e-16,12
48,1,8,krylov,6,722138,0,0.0,0.0,0.0,0.0,12
48,1,8,krylov,6,722138,1,0.20049621411822266,0.6666666666666666,0.027751123231216885,0.0,12
48,1,8,krylov,6,722138,2,0.37338500292434335,1.3333333333333333,0.05658043802288151,2.2407477440714854e-16,12
48,1,8,krylov,6,722138,3,0.5816719137146885,2.0,0.09862837881771586,2.2407972681926248e-16,12
48,1,8,krylov,6,722138,4,0.8366328038559592,2.6666666666666665,0.16357255394976764,2.2997618860925167e-16,12
48,1,8,krylov,6,722138,5,1.1035612860253246,3.3333333333333335,0.2518604739519764,2.311736343065312e-16,12
48,1,8,krylov,6,722138,6,1.254024974087684,4.0,0.31305247598720576,2.7608621000719723e-16,12
48,1,8,krylov,6,722138,7,1.3887753910711726,4.666666666666667,0.3762420551265027,2.7664407121389645e-16,12
48,1,8,krylov,6,722138,8,1.4716565023925579,5.333333333333333,0.4195557037408671,2.768603004755974e-16,12
48,1,8,krylov,6,722138,9,1.5239651864843358,6.0,0.44879886401447633,3.4781833495955407e-16,12
48,1,8,krylov,6,722138,10,1.563459983363699,6.666666666666667,0.47191440067952534,3.4794294126384205e-16,12
48,1,8,krylov,6,722138,11,1.605176803784727,7.333333333333333,0.49734247312059604,3.6239478835725794e-16,12
48,1,8,krylov,6,722138,12,1.633195283176072,8.0,0.5150261407736243,4.529876436494246e-16,12
48,1,8,krylov,7,722139,0,0.0,0.0,0.0,0.0,12
48,1,8,krylov,7,722139,1,0.01934675510989324,0.6666666666666666,0.002441889542725491,0.0,12
48,1,8,krylov,7,722139,2,0.036247744758772016,1.3333333333333333,0.004614088044977944,2.2261618900942796e-16,12
48,1,8,krylov,7,722139,3,0.06367096572786424,2.0,0.008217709441024408,2.250338647846553e-16,12
48,1,8,krylov,7,722139,4,0.09705631832753996,2.6666666666666665,0.012740303787735443,2.3171148036331463e-16,12
48,1,8,krylov,7,722139,5,0.1206034553559506,3.3333333333333335,0.01602218136603572,3.5258312442093027e-16,12
48,1,8,krylov,7,722139,6,0.14472226561925716,4.0,0.01946481786451112,3.529250515325074e-16,12
48,1,8,krylov,7,722139,7,0.1965883227279576,4.666666666666667,0.02715535329219318,3.5297900338972925e-16,12
48,1,8,krylov,7,722139,8,0.27166601992313094,5.333333333333333,0.039018587075013496,3.5330785521970334e-16,12
48,1,8,krylov,7,722139,9,0.40526082654162976,6.0,0.06246170111828573,3.566941712349488e-16,12
48,1,8,krylov,7,722139,10,0.5328376605245372,6.666666666666667,0.08797001855127107,3.6543764752461316e-16,12
48,1,8,krylov,7,722139,11,0.6383158676439561,7.333333333333333,0.11166120531004589,3.6816168165350644e-16,12
48,1,8,krylov,7,722139,12,0.7630419156679665,8.0,0.14309882243455788,3.583720670243281e-16,12
48,1,8,reply_null,0,722140,0,0.0,0.0,0.0,0.0,12
48,1,8,reply_null,0,722140,1,0.002629878489663092,0.6666666666666666,0.00032916745669751623,0.0,12
48,1,8,reply_null,0,722140,2,0.6400875741154485,1.3333333333333333,0.11208087115161297,1.7079862657482433e-16,12
48,1,8,reply_null,0,722140,3,0.6401604339788322,2.0,0.11209814546079024,2.258949668713623e-16,12
48,1,8,reply_null,0,722140,4,0.7009265462281471,2.6666666666666665,0.12695242588802652,2.2611535868608995e-16,12
48,1,8,reply_null,0,722140,5,0.9004177788071372,3.3333333333333335,0.18257886198614384,2.262752167447915e-16,12
48,1,8,reply_null,0,722140,6,0.9574868072551447,4.0,0.2006426272258154,2.3254049213636795e-16,12
48,1,8,reply_null,0,722140,7,1.062959689904453,4.666666666666667,0.2368658008489439,2.3319808419435176e-16,12
48,1,8,reply_null,0,722140,8,1.0745530862508692,5.333333333333333,0.24108546737306694,4.484155011655233e-16,12
48,1,8,reply_null,0,722140,9,1.242891594237355,6.0,0.30820251967736156,4.499213954370338e-16,12
48,1,8,reply_null,0,722140,10,1.2455418742972346,6.666666666666667,0.30935215042596115,4.499636489672121e-16,12
48,1,8,reply_null,0,722140,11,1.3192359664179043,7.333333333333333,0.3425702962430724,4.508806977348907e-16,12
48,1,8,reply_null,0,722140,12,1.319445479613065,8.0,0.3426682686526985,4.542727826308441e-16,12
48,1,8,reply_null,1,722141,0,0.0,0.0,0.0,0.0,12
48,1,8,reply_null,1,722141,1,0.8428344091344978,0.6666666666666666,0.16536772774972616,0.0,12
48,1,8,reply_null,1,722141,2,0.8792722167126433,1.3333333333333333,0.17614321652966902,4.497386646732276e-16,12
48,1,8,reply_null,1,722141,3,0.8972507158366207,2.0,0.1816062812869316,4.498414611531979e-16,12
48,1,8,reply_null,1,722141,4,0.9581310999678616,2.6666666666666665,0.2008525040012654,4.500290225065989e-16,12
48,1,8,reply_null,1,722141,5,1.1251293259258586,3.3333333333333335,0.2600769033216983,4.520000688810046e-16,12
48,1,8,reply_null,1,722141,6,1.265855722605614,4.0,0.31826574228272375,4.522971315326074e-16,12
48,1,8,reply_null,1,722141,7,1.2679526046387193,4.666666666666667,0.3191961934358342,4.522971446091996e-16,12
48,1,8,reply_null,1,722141,8,1.275360212216981,5.333333333333333,0.32249884178395516,4.528384449987171e-16,12
48,1,8,reply_null,1,722141,9,1.3189063553268308,6.0,0.3424162052840138,4.564047911960786e-16,12
48,1,8,reply_null,1,722141,10,1.3733595484906824,6.666666666666667,0.36857424126854993,4.568640272380171e-16,12
48,1,8,reply_null,1,722141,11,1.3799035654429357,7.333333333333333,0.37181479101235976,4.590359604376995e-16,12
48,1,8,reply_null,1,722141,12,1.3873840111085478,8.0,0.3755451219364475,4.632604006087957e-16,12
48,1,8,reply_null,2,722142,0,0.0,0.0,0.0,0.0,12
48,1,8,reply_null,2,722142,1,0.018861352645008884,0.6666666666666666,0.002380043946628618,0.0,12
48,1,8,reply_null,2,722142,2,0.317290714887265,1.3333333333333333,0.04667522277984365,1.1151703807455725e-16,12
48,1,8,reply_null,2,722142,3,0.33769418611842983,2.0,0.0502139718667959,1.1879929767290318e-16,12
48,1,8,reply_null,2,722142,4,0.42172543552111064,2.6666666666666665,0.0655737336236274,1.7109721435544e-16,12
48,1,8,reply_null,2,722142,5,0.4464348868616673,3.3333333333333335,0.0703413662409913,2.271548533819067e-16,12
48,1,8,reply_null,2,722142,6,0.6281482249455008,4.0,0.10926711050940945,4.498833907357485e-16,12
48,1,8,reply_null,2,722142,7,0.6577036191985274,4.666666666666667,0.1162943014950815,4.520685177770415e-16,12
48,1,8,reply_null,2,722142,8,0.6580812441358767,5.333333333333333,0.11638543744708747,4.526447152806906e-16,12
48,1,8,reply_null,2,722142,9,0.7227620289439547,6.0,0.1325144322861179,4.52651027710668e-16,12
48,1,8,reply_null,2,722142,10,0.7322178907523931,6.666666666666667,0.1349610021551525,4.537027227720612e-16,12
48,1,8,reply_null,2,722142,11,0.8419607354424368,7.333333333333333,0.1651141518923751,4.541551485296393e-16,12
48,1,8,reply_null,2,722142,12,0.9541775319032482,8.0,0.1995667672463053,4.605440501746815e-16,12
48,1,8,reply_null,3,722143,0,0.0,0.0,0.0,0.0,12
48,1,8,reply_null,3,722143,1,0.07082497858583374,0.6666666666666666,0.009174167825782542,0.0,12
48,1,8,reply_null,3,722143,2,0.07574151946333758,1.3333333333333333,0.009835464921612063,3.333204337850517e-16,12
48,1,8,reply_null,3,722143,3,0.1835390776016755,2.0,0.025182739343060652,3.340696077854312e-16,12
48,1,8,reply_null,3,722143,4,0.3604045538174297,2.6666666666666665,0.05423867384431457,3.381670276806046e-16,12
48,1,8,reply_null,3,722143,5,0.7854876053094644,3.3333333333333335,0.14918452883407052,3.398398701259071e-16,12
48,1,8,reply_null,3,722143,6,0.8369231731538801,4.0,0.1636563587262356,3.402108935645162e-16,12
48,1,8,reply_null,3,722143,7,0.8987013584972017,4.666666666666667,0.18205138020025027,3.409962360257724e-16,12
48,1,8,reply_null,3,722143,8,0.9467551604382729,5.333333333333333,0.19716663050677813,3.42725807004464e-16,12
48,1,8,reply_null,3,722143,9,0.9484699059765341,6.0,0.19771953821154756,3.430732783730672e-16,12
48,1,8,reply_null,3,722143,10,1.1498864224588494,6.666666666666667,0.2697292787842443,3.4373852636159597e-16,12
48,1,8,reply_null,3,722143,11,1.1537385909494138,7.333333333333333,0.2712527749723306,3.437634780157836e-16,12
48,1,8,reply_null,3,722143,12,1.2575555493482407,8.0,0.31460178659125526,3.4680256296586316e-16,12
48,1,8,reply_null,4,722144,0,0.0,0.0,0.0,0.0,12
48,1,8,reply_null,4,722144,1,0.010582723677454251,0.6666666666666666,0.0013298648443817306,0.0,12
48,1,8,reply_null,4,722144,2,0.27583990993050445,1.3333333333333333,0.0397046133197144,2.2895336316278095e-16,12
48,1,8,reply_null,4,722144,3,0.27777753816590484,2.0,0.04002405901253644,4.47137152756921e-16,12
48,1,8,reply_null,4,722144,4,0.28456160904705075,2.6666666666666665,0.0411474000301674,4.49863989050644e-16,12
48,1,8,reply_null,4,722144,5,0.4641610383481331,3.3333333333333335,0.07383488876895454,4.500343813764382e-16,12
48,1,8,reply_null,4,722144,6,0.4692066669528657,4.0,0.074840671039446,4.50151686295496e-16,12
48,1,8,reply_null,4,722144,7,0.4719677767439137,4.666666666666667,0.0753932155398804,4.51824652758766e-16,12
48,1,8,reply_null,4,722144,8,0.48944596037223276,5.333333333333333,0.0789265128207543,4.524335253872438e-16,12
48,1,8,reply_null,4,722144,9,0.5865353738502205,6.0,0.09971863558442223,4.547184307555985e-16,12
48,1,8,reply_null,4,722144,10,0.7089529909512462,6.666666666666667,0.12898284573298827,4.591587766385091e-16,12
48,1,8,reply_null,4,722144,11,0.762258255261033,7.333333333333333,0.1428888063036816,4.597709258134051e-16,12
48,1,8,reply_null,4,722144,12,0.8373148285031989,8.0,0.1637694346752003,4.558449016602894e-16,12
48,1,8,reply_null,5,722145,0,0.0,0.0,0.0,0.0,12
48,1,8,reply_null,5,722145,1,0.03108980061878588,0.6666666666666666,0.0039472670102740255,0.0,12
48,1,8,reply_null,5,722145,2,0.19728856231970984,1.3333333333333333,0.02726193580695863,1.3173786317326754e-18,12
48,1,8,reply_null,5,722145,3,0.19975338769223272,2.0,0.027637697793203034,3.3345935267970825e-16,12
48,1,8,reply_null,5,722145,4,0.6495421481246731,2.6666666666666665,0.1143329994747813,3.3346508475535507e-16,12
48,1,8,reply_null,5,722145,5,0.6673305688037976,3.3333333333333335,0.1186284468987026,3.3355282385888455e-16,12
48,1,8,reply_null,5,722145,6,0.6838397555465738,4.0,0.12268393874951773,3.3375537877537373e-16,12
48,1,8,reply_null,5,722145,7,0.6895524770734901,4.666666666666667,0.12410293743133644,3.3993402080277237e-16,12
48,1,8,reply_null,5,722145,8,0.6895589900423099,5.333333333333333,0.12410455983628417,3.4273415671665515e-16,12
48,1,8,reply_null,5,722145,9,0.717151334977802,6.0,0.13107364330736201,5.639969923368671e-16,12
48,1,8,reply_null,5,722145,10,0.8151965346338419,6.666666666666667,0.1574524652809267,5.687063194107193e-16,12
48,1,8,reply_null,5,722145,11,0.8172636623305031,7.333333333333333,0.1580369344730061,5.691238983190951e-16,12
48,1,8,reply_null,5,722145,12,0.9683821713678659,8.0,0.20421002095681692,3.677840777463377e-16,12
48,1,8,reply_null,6,722146,0,0.0,0.0,0.0,0.0,12
48,1,8,reply_null,6,722146,1,0.21331030645235027,0.6666666666666666,0.02972108490812822,0.0,12
48,1,8,reply_null,6,722146,2,0.5565284898960775,1.3333333333333333,0.09307569497976635,2.2214697828811e-16,12
48,1,8,reply_null,6,722146,3,0.5872604847210053,2.0,0.0998816406011652,2.3458999746999023e-16,12
48,1,8,reply_null,6,722146,4,0.5999886642648661,2.6666666666666665,0.10276226818143436,2.346267575549008e-16,12
48,1,8,reply_null,6,722146,5,0.767328095399909,3.3333333333333335,0.14425040836255268,2.5767882136618446e-16,12
48,1,8,reply_null,6,722146,6,0.7707428512378317,4.0,0.14517140435965695,2.7030181198387157e-16,12
48,1,8,reply_null,6,722146,7,0.8686636767071497,4.666666666666667,0.17296541240357896,2.7938352497488737e-16,12
48,1,8,reply_null,6,722146,8,0.967919481973527,5.333333333333333,0.20405773420505938,2.8159111853521743e-16,12
48,1,8,reply_null,6,722146,9,1.0821311767802593,6.0,0.2438702344680606,3.797193752329416e-16,12
48,1,8,reply_null,6,722146,10,1.084052265344463,6.666666666666667,0.2445795479660489,3.80293133569635e-16,12
48,1,8,reply_null,6,722146,11,1.0913005104530036,7.333333333333333,0.24726808292636535,3.8213433156006367e-16,12
48,1,8,reply_null,6,722146,12,1.1393336738827773,8.0,0.26558570146693716,2.9640337190008457e-16,12
48,1,8,reply_null,7,722147,0,0.0,0.0,0.0,0.0,12
48,1,8,reply_null,7,722147,1,0.1583956280341027,0.6666666666666666,0.021453704069418336,1.1102230246251565e-16,12
48,1,8,reply_null,7,722147,2,0.17628948353326304,1.3333333333333333,0.024097912475186032,2.2222037688469483e-16,12
48,1,8,reply_null,7,722147,3,0.18402671761599204,2.0,0.02525599231531266,3.3363129495023266e-16,12
48,1,8,reply_null,7,722147,4,0.1915440932017426,2.6666666666666665,0.026389779255412898,3.3481661649831936e-16,12
48,1,8,reply_null,7,722147,5,0.20967622273634876,3.3333333333333335,0.02915983596344744,3.6108612929862177e-16,12
48,1,8,reply_null,7,722147,6,0.2096764803681229,4.0,0.02915987567992463,3.6243955774304475e-16,12
48,1,8,reply_null,7,722147,7,0.40486588681734625,4.666666666666667,0.06238767966370095,3.624409155351344e-16,12
48,1,8,reply_null,7,722147,8,0.4430999033326745,5.333333333333333,0.06969099110003354,3.631937884197086e-16,12
48,1,8,reply_null,7,722147,9,1.0460045185994171,6.0,0.23078202567640924,3.637705554504813e-16,12
48,1,8,reply_null,7,722147,10,1.1048110102143167,6.666666666666667,0.2523317400171141,3.6421820100895207e-16,12
48,1,8,reply_null,7,722147,11,1.128166376959534,7.333333333333333,0.26124817924105764,4.2027896972765123e-16,12
48,1,8,reply_null,7,722147,12,1.13785974390193,8.0,0.26501042955086357,3.639534161189052e-16,12
48,1,32,random,0,722148,0,0.0,0.0,0.0,0.0,12
48,1,32,random,0,722148,1,0.32237319069923853,2.6666666666666665,0.011887494756961891,0.0,12
48,1,32,random,0,722148,2,0.3223834459294702,5.333333333333333,0.01188793714417064,2.221632255973838e-16,12
48,1,32,random,0,722148,3,0.513620531282866,8.0,0.02097910504750905,2.2282745444761453e-16,12
48,1,32,random,0,722148,4,0.8688361270372358,10.666666666666666,0.043254200267042756,2.229447103516708e-16,12
48,1,32,random,0,722148,5,0.8750297648090544,13.333333333333334,0.04371708428421291,2.238568776614493e-16,12
48,1,32,random,0,722148,6,0.8764282384707791,16.0,0.04382199711890031,2.260743799033698e-16,12
48,1,32,random,0,722148,7,1.5135976674843068,18.666666666666668,0.11072018115259118,4.466620229921134e-16,12
48,1,32,random,0,722148,8,1.6323279923911356,21.333333333333332,0.12861782316043208,4.628199331373181e-16,12
48,1,32,random,0,722148,9,1.7983672371579456,24.0,0.15749305888624787,4.651986400058658e-16,12
48,1,32,random,0,722148,10,1.7984718918750309,26.666666666666668,0.1575128127713281,4.654161995154672e-16,12
48,1,32,random,0,722148,11,1.8164226836311668,29.333333333333332,0.16093185011893457,4.654207422603349e-16,12
48,1,32,random,0,722148,12,1.9805032241690967,32.0,0.19519964455287442,4.684551843423529e-16,12
48,1,32,random,1,722149,0,0.0,0.0,0.0,0.0,12
48,1,32,random,1,722149,1,0.4772678062846603,2.6666666666666665,0.01911453125877402,0.0,12
48,1,32,random,1,722149,2,0.889916828977638,5.333333333333333,0.044841472734042674,2.2217271929039124e-16,12
48,1,32,random,1,722149,3,1.1109857188670211,8.0,0.06366721541854418,2.2389922290850333e-16,12
48,1,32,random,1,722149,4,1.792397651130974,10.666666666666666,0.15636969729705927,3.3995427681388246e-16,12
48,1,32,random,1,722149,5,2.00028431588449,13.333333333333334,0.19972366323838667,3.408857820224754e-16,12
48,1,32,random,1,722149,6,2.066250485032454,16.0,0.21547389101230216,3.4692492941831904e-16,12
48,1,32,random,1,722149,7,2.3296579321616147,18.666666666666668,0.2898258244076466,3.497688432685903e-16,12
48,1,32,random,1,722149,8,2.3483219349915,21.333333333333332,0.2958746566247881,3.4987430899240903e-16,12
48,1,32,random,1,722149,9,2.357105283935301,24.0,0.29876056203589285,3.4991684542659586e-16,12
48,1,32,random,1,722149,10,2.3875163098086247,26.666666666666668,0.3089506824518433,3.5493385214783216e-16,12
48,1,32,random,1,722149,11,2.5207660506910017,29.333333333333332,0.3574412889478337,3.5522934394604246e-16,12
48,1,32,random,1,722149,12,2.526449135474645,32.0,0.35965654327441277,3.6223645405989794e-16,12
48,1,32,random,2,722150,0,0.0,0.0,0.0,0.0,12
48,1,32,random,2,722150,1,0.008357224348667867,2.6666666666666665,0.0002622576073192202,0.0,12
48,1,32,random,2,722150,2,0.051062708340133205,5.333333333333333,0.001637152649194153,2.2521805137357846e-16,12
48,1,32,random,2,722150,3,0.21874991695758894,8.0,0.0076412501380671615,2.2867362444264143e-16,12
48,1,32,random,2,722150,4,0.24880693432898854,10.666666666666666,0.00882795011011292,2.301199573628746e-16,12
48,1,32,random,2,722150,5,0.5255378887928338,13.333333333333334,0.021605261619927804,2.3892171017212357e-16,12
48,1,32,random,2,722150,6,0.563315147711841,16.0,0.023640183406044804,2.484402209168295e-16,12
48,1,32,random,2,722150,7,1.0867357078450643,18.666666666666668,0.061393156317354335,2.793866908658161e-16,12
48,1,32,random,2,722150,8,1.134273660582623,21.333333333333332,0.06590358110647598,2.7941977122417704e-16,12
48,1,32,random,2,722150,9,1.2216057435142413,24.0,0.07476972054617217,2.8749361050311577e-16,12
48,1,32,random,2,722150,10,1.237094292785891,26.666666666666668,0.07642459493044053,3.1404254512577845e-16,12
48,1,32,random,2,722150,11,1.417784966368464,29.333333333333332,0.09774896003059916,3.3233461257546754e-16,12
48,1,32,random,2,722150,12,1.417838074080728,32.0,0.09775581105217022,3.211575548872359e-16,12
48,1,32,random,3,722151,0,0.0,0.0,0.0,0.0,12
48,1,32,random,3,722151,1,0.11039080457777385,2.6666666666666665,0.003647325071673784,1.1102230246251565e-16,12
48,1,32,random,3,722151,2,0.11366832837868963,5.333333333333333,0.003761889526492382,6.664266337253518e-16,12
48,1,32,random,3,722151,3,0.16239362895118956,8.0,0.005510099533205884,6.666749380574088e-16,12
48,1,32,random,3,722151,4,0.16241450237217372,10.666666666666666,0.005510866850247111,6.674514433021665e-16,12
48,1,32,random,3,722151,5,0.22662941356407293,13.333333333333334,0.007948904098961769,6.674516548555408e-16,12
48,1,32,random,3,722151,6,0.2305511040180741,16.0,0.00810293189423333,6.675522334565472e-16,12
48,1,32,random,3,722151,7,0.24986405265514997,18.666666666666668,0.008870339647079976,6.689193342439198e-16,12
48,1,32,random,3,722151,8,0.5361273417660217,21.333333333333332,0.022167943918011978,6.691432713691123e-16,12
48,1,32,random,3,722151,9,1.170342788016723,24.0,0.06947179025982797,6.69147336181638e-16,12
48,1,32,random,3,722151,10,1.2092374104166663,26.666666666666668,0.07346650921671408,6.70001617950487e-16,12
48,1,32,random,3,722151,11,1.7196827714133005,29.333333333333332,0.14321116166159034,6.70363536277737e-16,12
48,1,32,random,3,722151,12,2.3598260089646894,32.0,0.2996596525664267,6.741531314753655e-16,12
48,1,32,random,4,722152,0,0.0,0.0,0.0,0.0,12
48,1,32,random,4,722152,1,0.06303093210234252,2.6666666666666665,0.0020331182268751693,0.0,12
48,1,32,random,4,722152,2,0.1855937186677825,5.333333333333333,0.006372907046480074,1.3249938936995289e-16,12
48,1,32,random,4,722152,3,0.18806053190940353,8.0,0.006465830296801663,3.574569595619148e-16,12
48,1,32,random,4,722152,4,0.5935033826872664,10.666666666666666,0.025322486278676594,4.45890342086611e-16,12
48,1,32,random,4,722152,5,1.0583144016419608,13.333333333333334,0.05879718203761927,4.459194077324785e-16,12
48,1,32,random,4,722152,6,1.682313911096878,16.0,0.13681205518120118,4.467283963327764e-16,12
48,1,32,random,4,722152,7,1.7773577355783838,18.666666666666668,0.1535690266112355,4.471163870864305e-16,12
48,1,32,random,4,722152,8,1.8176989023705232,21.333333333333332,0.16117727277060345,4.912848994907114e-16,12
48,1,32,random,4,722152,9,1.9285335100484007,24.0,0.1837316952714376,4.912864023398104e-16,12
48,1,32,random,4,722152,10,2.0274345854982747,26.666666666666668,0.20608056579047473,4.962814326747598e-16,12
48,1,32,random,4,722152,11,2.0484195714088087,29.333333333333332,0.21111356841722725,4.9648488102590645e-16,12
48,1,32,random,4,722152,12,2.048675383991554,32.0,0.21117557599844894,5.043636042423365e-16,12
48,1,32,random,5,722153,0,0.0,0.0,0.0,0.0,12
48,1,32,random,5,722153,1,0.8499163898096921,2.6666666666666665,0.04185785130578321,0.0,12
48,1,32,random,5,722153,2,0.8752359962531483,5.333333333333333,0.04373254644860179,4.455952348260709e-16,12
48,1,32,random,5,722153,3,1.2186759131738172,8.0,0.07445955533981781,4.456766678684658e-16,12
48,1,32,random,5,722153,4,1.6171588327882638,10.666666666666666,0.1262110630498005,4.473916065194326e-16,12
48,1,32,random,5,722153,5,1.7421721282004687,13.333333333333334,0.14717913228623236,4.473918605888041e-16,12
48,1,32,random,5,722153,6,1.8805066365609495,16.0,0.17365081089304843,4.479852647715822e-16,12
48,1,32,random,5,722153,7,1.906800288720424,18.666666666666668,0.17910985615202976,4.480185439344714e-16,12
48,1,32,random,5,722153,8,1.9257483512791986,21.333333333333332,0.183133770162329,4.563257858960005e-16,12
48,1,32,random,5,722153,9,1.9953966437486943,24.0,0.1985974941151478,4.576904062505938e-16,12
48,1,32,random,5,722153,10,2.233533109880056,26.666666666666668,0.2603994262850057,4.578920949154416e-16,12
48,1,32,random,5,722153,11,2.241015856138747,29.333333333333332,0.2625899502851399,4.580582257566433e-16,12
48,1,32,random,5,722153,12,2.2616688035664074,32.0,0.26872171286147256,4.605379410444182e-16,12
48,1,32,random,6,722154,0,0.0,0.0,0.0,0.0,12
48,1,32,random,6,722154,1,0.46760120097624897,2.6666666666666665,0.018630022762584762,0.0,12
48,1,32,random,6,722154,2,0.4788717326313366,5.333333333333333,0.019195377075433794,1.1395024583390527e-16,12
48,1,32,random,6,722154,3,1.6858218637060636,8.0,0.1374026441796526,2.2312619548534424e-16,12
48,1,32,random,6,722154,4,2.0559245636418835,10.666666666666666,0.21293934777600243,6.680813088159399e-16,12
48,1,32,random,6,722154,5,2.2309497874286848,13.333333333333334,0.25964697410591875,6.683712107245242e-16,12
48,1,32,random,6,722154,6,2.389176930836724,16.0,0.30951609619793985,6.687127134777155e-16,12
48,1,32,random,6,722154,7,2.390767586561904,18.666666666666668,0.3100585690692138,6.690134281327287e-16,12
48,1,32,random,6,722154,8,2.3942870427958933,21.333333333333332,0.31126190594396985,6.697731996077519e-16,12
48,1,32,random,6,722154,9,2.424146034392348,24.0,0.3216431820002905,6.697741519364686e-16,12
48,1,32,random,6,722154,10,2.468531530567156,26.666666666666668,0.3376593340800904,6.702882393782495e-16,12
48,1,32,random,6,722154,11,2.4937150984234497,29.333333333333332,0.34706775894119485,6.703884740296689e-16,12
48,1,32,random,6,722154,12,2.5123077429018417,32.0,0.35416748333682246,6.776712758514777e-16,12
48,1,32,random,7,722155,0,0.0,0.0,0.0,0.0,12
48,1,32,random,7,722155,1,0.3848062298942476,2.6666666666666665,0.014666549428330573,2.220446049250313e-16,12
48,1,32,random,7,722155,2,0.6484964074925821,5.333333333333333,0.028520712512783722,2.2211407609757223e-16,12
48,1,32,random,7,722155,3,1.222166827093776,8.0,0.07482922316188673,2.231832731644434e-16,12
48,1,32,random,7,722155,4,1.5002031998639402,10.666666666666666,0.10883124504620409,2.812689800705768e-16,12
48,1,32,random,7,722155,5,1.5198932695483078,13.333333333333334,0.11161678829759106,2.81277586319621e-16,12
48,1,32,random,7,722155,6,1.6470706147831238,16.0,0.13099215303038095,2.8239781577191554e-16,12
48,1,32,random,7,722155,7,1.7275684628919825,18.666666666666668,0.14459234720167705,2.82399733130972e-16,12
48,1,32,random,7,722155,8,1.8205261670248098,21.333333333333332,0.1617220853992627,3.256212029399197e-16,12
48,1,32,random,7,722155,9,1.826890882136369,24.0,0.16295421466376805,3.256364528218078e-16,12
48,1,32,random,7,722155,10,1.8318665284833118,26.666666666666668,0.16392291410943835,3.2699445804081666e-16,12
48,1,32,random,7,722155,11,1.841344199449836,29.333333333333332,0.16578149235507933,3.294530000206146e-16,12
48,1,32,random,7,722155,12,2.1522816209390987,32.0,0.2376396297613464,3.298427333938346e-16,12
48,1,32,krylov,0,722156,0,0.0,0.0,0.0,0.0,12
48,1,32,krylov,0,722156,1,0.6481849316850059,2.6666666666666665,0.028502098280926327,1.1102230246251565e-16,12
48,1,32,krylov,0,722156,2,1.2043990353855445,5.333333333333333,0.07296107519885144,2.2283182777588313e-16,12
48,1,32,krylov,0,722156,3,1.750400088238403,8.0,0.14865329642143307,4.445819923547175e-16,12
48,1,32,krylov,0,722156,4,2.2310834714021297,10.666666666666666,0.25968586496876506,4.462309268912345e-16,12
48,1,32,krylov,0,722156,5,2.7361138949176933,13.333333333333334,0.4508411823214783,4.463126950011214e-16,12
48,1,32,krylov,0,722156,6,3.060899171290512,16.0,0.6358357160459233,4.467800127198596e-16,12
48,1,32,krylov,0,722156,7,3.220447503659033,18.666666666666668,0.7512288394728525,5.581982371108984e-16,12
48,1,32,krylov,0,722156,8,3.3373954281157636,21.333333333333332,0.8483038623352845,6.796965719725896e-16,12
48,1,32,krylov,0,722156,9,3.3966919591739693,24.0,0.902035667220997,6.809338514732772e-16,12
48,1,32,krylov,0,722156,10,3.42056577851303,26.666666666666668,0.924584857277005,6.811917712455315e-16,12
48,1,32,krylov,0,722156,11,3.450719689198136,29.333333333333332,0.9538459675200348,6.8221949947557e-16,12
48,1,32,krylov,0,722156,12,3.4670175715932854,32.0,0.9700324904820136,7.067136965442376e-16,12
48,1,32,krylov,1,722157,0,0.0,0.0,0.0,0.0,12
48,1,32,krylov,1,722157,1,0.0869480900051953,2.6666666666666665,0.002838751648345822,4.440892098500626e-16,12
48,1,32,krylov,1,722157,2,0.21678541948474478,5.333333333333333,0.007564923371871818,2.2573523550023427e-16,12
48,1,32,krylov,1,722157,3,0.40407680837166426,8.0,0.015559968601833021,4.474185160228171e-16,12
48,1,32,krylov,1,722157,4,0.7251714437250698,10.666666666666666,0.0332839098594855,4.476637421765292e-16,12
48,1,32,krylov,1,722157,5,1.06077111081846,13.333333333333334,0.05901867373499213,4.505563792302847e-16,12
48,1,32,krylov,1,722157,6,1.4056031916595368,16.0,0.09618705645548008,4.506068196718892e-16,12
48,1,32,krylov,1,722157,7,2.1000759510884013,18.666666666666668,0.22396219267546028,6.736750430011226e-16,12
48,1,32,krylov,1,722157,8,2.5381017835007125,21.333333333333332,0.3642382824876077,6.799874330053632e-16,12
48,1,32,krylov,1,722157,9,2.8672804193791253,24.0,0.518409939705799,6.832760718267091e-16,12
48,1,32,krylov,1,722157,10,3.0116428550214365,26.666666666666668,0.603773642957722,6.835723385011117e-16,12
48,1,32,krylov,1,722157,11,3.18912107003214,29.333333333333332,0.7270965311005309,6.836079621546492e-16,12
48,1,32,krylov,1,722157,12,3.303795229407988,32.0,0.81924165982908,6.861825900112731e-16,12
48,1,32,krylov,2,722158,0,0.0,0.0,0.0,0.0,12
48,1,32,krylov,2,722158,1,0.19335167317962487,2.6666666666666665,0.006665918964920934,2.220446049250313e-16,12
48,1,32,krylov,2,722158,2,0.4502949457729865,5.333333333333333,0.017774213148837738,3.332539496368737e-16,12
48,1,32,krylov,2,722158,3,0.8002001341202087,8.0,0.03831207436692783,3.3345102810477576e-16,12
48,1,32,krylov,2,722158,4,1.2352590709967024,10.666666666666666,0.0762271693829268,3.3441803272490915e-16,12
48,1,32,krylov,2,722158,5,1.544357722464433,13.333333333333334,0.11515505046542686,3.361200325327155e-16,12
48,1,32,krylov,2,722158,6,1.887148323354629,16.0,0.17501622721728807,3.367740364984224e-16,12
48,1,32,krylov,2,722158,7,2.3095423930323804,18.666666666666668,0.28343173696090357,3.3703511312015653e-16,12
48,1,32,krylov,2,722158,8,2.8106708404664444,21.333333333333332,0.48815826757385444,4.476255115343151e-16,12
48,1,32,krylov,2,722158,9,3.1022910216640676,24.0,0.664027049041368,4.476813245199948e-16,12
48,1,32,krylov,2,722158,10,3.2766070199475243,26.666666666666668,0.7964298260835347,4.476821081415445e-16,12
48,1,32,krylov,2,722158,11,3.38455260741487,29.333333333333332,0.8907746730876385,4.501786297021635e-16,12
48,1,32,krylov,2,722158,12,3.4435860935096954,32.0,0.9468436965528054,4.502711413518318e-16,12
48,1,32,krylov,3,722159,0,0.0,0.0,0.0,0.0,12
48,1,32,krylov,3,722159,1,0.4888782298078455,2.6666666666666665,0.019702692591227706,2.220446049250313e-16,12
48,1,32,krylov,3,722159,2,0.7907088795118093,5.333333333333333,0.037654966330759064,2.250911736042576e-16,12
48,1,32,krylov,3,722159,3,1.185798721770146,8.0,0.07104063230591588,2.6112615382599054e-16,12
48,1,32,krylov,3,722159,4,1.527599288153039,10.666666666666666,0.11272197525275085,2.64425061483633e-16,12
48,1,32,krylov,3,722159,5,1.9614577805587936,13.333333333333334,0.1909276210398554,3.372376964261747e-16,12
48,1,32,krylov,3,722159,6,2.5964603244753124,16.0,0.3880051567875981,3.376005476064602e-16,12
48,1,32,krylov,3,722159,7,2.901794194878294,18.666666666666668,0.5377119561875358,4.470997002330524e-16,12
48,1,32,krylov,3,722159,8,3.138385439501805,21.333333333333332,0.689581073918159,4.474778617014178e-16,12
48,1,32,krylov,3,722159,9,3.3089459778853954,24.0,0.8236336297070873,4.474854895829154e-16,12
48,1,32,krylov,3,722159,10,3.384678502582608,26.666666666666668,0.8908907588456796,4.479242099716729e-16,12
48,1,32,krylov,3,722159,11,3.450201941121906,29.333333333333332,0.9533360679890902,4.482204621385295e-16,12
48,1,32,krylov,3,722159,12,3.478019320607289,32.0,0.9811091688268071,4.588650599144386e-16,12
48,1,32,krylov,4,722160,0,0.0,0.0,0.0,0.0,12
48,1,32,krylov,4,722160,1,1.3907473049603962,2.6666666666666665,0.09430785911591837,0.0,12
48,1,32,krylov,4,722160,2,2.139706762192322,5.333333333333333,0.2342795511818809,5.5586199147507e-16,12
48,1,32,krylov,4,722160,3,2.5378522848027925,8.0,0.36413962098455444,5.565565027297562e-16,12
48,1,32,krylov,4,722160,4,2.8928865234903807,10.666666666666666,0.5326663357765726,5.573074663185589e-16,12
48,1,32,krylov,4,722160,5,3.1142108113488245,13.333333333333334,0.6723641950394762,5.580303831063041e-16,12
48,1,32,krylov,4,722160,6,3.2722636594710983,16.0,0.7928427099481896,5.616433826197487e-16,12
48,1,32,krylov,4,722160,7,3.368013847885506,18.666666666666668,0.8756509373853787,5.61644164499615e-16,12
48,1,32,krylov,4,722160,8,3.4283758477219304,21.333333333333332,0.9320792213209966,5.616533437306715e-16,12
48,1,32,krylov,4,722160,9,3.4623258620273343,24.0,0.9653457668133987,5.617849666818871e-16,12
48,1,32,krylov,4,722160,10,3.482284560104483,26.666666666666668,0.9854363447998765,5.645835832496946e-16,12
48,1,32,krylov,4,722160,11,3.489595657448747,29.333333333333332,0.9928966760082726,5.65073796780716e-16,12
48,1,32,krylov,4,722160,12,3.4929633532648423,32.0,0.9963515046248639,5.854871887914646e-16,12
48,1,32,krylov,5,722161,0,0.0,0.0,0.0,0.0,12
48,1,32,krylov,5,722161,1,0.47861514705018154,2.6666666666666665,0.019182435179463258,0.0,12
48,1,32,krylov,5,722161,2,0.9917656615897126,5.333333333333333,0.05299970247499102,4.459853018053394e-16,12
48,1,32,krylov,5,722161,3,1.773040962666195,8.0,0.15277292437603396,4.468598873020497e-16,12
48,1,32,krylov,5,722161,4,2.2015192548886193,10.666666666666666,0.25121047550206965,4.552828615334836e-16,12
48,1,32,krylov,5,722161,5,2.6029478697155426,13.333333333333334,0.390733935551513,4.570347996376763e-16,12
48,1,32,krylov,5,722161,6,2.8562535269210287,16.0,0.512382193394509,4.572815446486798e-16,12
48,1,32,krylov,5,722161,7,3.0776451480556983,18.666666666666668,0.6471007769193069,4.582594697834217e-16,12
48,1,32,krylov,5,722161,8,3.256367002958078,21.333333333333332,0.7798459672728892,4.606965016365922e-16,12
48,1,32,krylov,5,722161,9,3.3723567823301384,24.0,0.8795981136641305,4.610412737069554e-16,12
48,1,32,krylov,5,722161,10,3.4317607438674576,26.666666666666668,0.935345515603948,4.623558943496787e-16,12
48,1,32,krylov,5,722161,11,3.461867716965543,29.333333333333332,0.9648892859594403,4.629813287907372e-16,12
48,1,32,krylov,5,722161,12,3.4752444570761387,32.0,0.9783039042020694,4.670728654045684e-16,12
48,1,32,krylov,6,722162,0,0.0,0.0,0.0,0.0,12
48,1,32,krylov,6,722162,1,0.4874517530801879,2.6666666666666665,0.01963006157657689,2.220446049250313e-16,12
48,1,32,krylov,6,722162,2,0.9858290583740731,5.333333333333333,0.05250102710384511,4.441515411591649e-16,12
48,1,32,krylov,6,722162,3,1.485693765878905,8.0,0.106813419620943,4.454220559141017e-16,12
48,1,32,krylov,6,722162,4,2.061988685384437,10.666666666666666,0.21442464065595018,4.483307392252599e-16,12
48,1,32,krylov,6,722162,5,2.5046547120225817,13.333333333333334,0.3512291294333456,4.512222409231423e-16,12
48,1,32,krylov,6,722162,6,2.791027657551155,16.0,0.47805499108449917,4.552621326401883e-16,12
48,1,32,krylov,6,722162,7,3.0471384432165203,18.666666666666668,0.6267190010826528,4.57774009923322e-16,12
48,1,32,krylov,6,722162,8,3.2425851539062625,21.333333333333332,0.7687442419573185,4.578252180842851e-16,12
48,1,32,krylov,6,722162,9,3.3778395897771656,24.0,0.8846058341235279,4.57868090988234e-16,12
48,1,32,krylov,6,722162,10,3.439895327079068,26.666666666666668,0.9432404346608048,4.648086574828023e-16,12
48,1,32,krylov,6,722162,11,3.4679624659504134,29.333333333333332,0.9709790437831721,4.68773410101356e-16,12
48,1,32,krylov,6,722162,12,3.4816913172218347,32.0,0.9848333817313962,4.624741693354965e-16,12
48,1,32,krylov,7,722163,0,0.0,0.0,0.0,0.0,12
48,1,32,krylov,7,722163,1,0.12897231612594728,2.6666666666666665,0.0043018321541118815,0.0,12
48,1,32,krylov,7,722163,2,0.28455764153468727,5.333333333333333,0.010286685209902818,2.257585328360838e-16,12
48,1,32,krylov,7,722163,3,0.491559422506596,8.0,0.019839489886589123,2.583712448151195e-16,12
48,1,32,krylov,7,722163,4,0.9109803694847928,10.666666666666666,0.04646122755151818,2.6468330021063024e-16,12
48,1,32,krylov,7,722163,5,1.245799184917868,13.333333333333334,0.07736598205688794,2.766990017859071e-16,12
48,1,32,krylov,7,722163,6,1.6131886469543604,16.0,0.1255871527074158,2.783108120386775e-16,12
48,1,32,krylov,7,722163,7,1.982621459851503,18.666666666666668,0.1956798266601264,2.851872000229772e-16,12
48,1,32,krylov,7,722163,8,2.2603615640554118,21.333333333333332,0.26832983418169176,3.2864736695255406e-16,12
48,1,32,krylov,7,722163,9,2.4802972842540227,24.0,0.342025465483064,3.2918247542944425e-16,12
48,1,32,krylov,7,722163,10,2.7503378758594743,26.666666666666668,0.45774743890197617,3.293276041557641e-16,12
48,1,32,krylov,7,722163,11,3.003687511153302,29.333333333333332,0.5987418528612642,3.295378082058615e-16,12
48,1,32,krylov,7,722163,12,3.1866891486899607,32.0,0.7252545326922354,3.4323707418915775e-16,12
48,1,32,reply_null,0,722164,0,0.0,0.0,0.0,0.0,12
48,1,32,reply_null,0,722164,1,0.004342545509377609,2.6666666666666665,0.0001359996257300892,1.1102230246251565e-16,12
48,1,32,reply_null,0,722164,2,1.0595307844154425,5.333333333333333,0.05890678052199124,9.011119303209525e-18,12
48,1,32,reply_null,0,722164,3,1.5860799455133126,8.0,0.12139261230266418,1.1395369230018282e-16,12
48,1,32,reply_null,0,722164,4,1.6356297030352536,10.666666666666666,0.12914653279662813,1.4234998767803303e-16,12
48,1,32,reply_null,0,722164,5,1.6644801328835914,13.333333333333334,0.13384144113075652,1.5324345039666938e-16,12
48,1,32,reply_null,0,722164,6,1.762601790212512,16.0,0.15086186960315787,1.532438401095268e-16,12
48,1,32,reply_null,0,722164,7,1.7726973424966634,18.666666666666668,0.15270970125055486,1.737595299133604e-16,12
48,1,32,reply_null,0,722164,8,1.8352105259646134,21.333333333333332,0.16457666430293547,2.6408590237668074e-16,12
48,1,32,reply_null,0,722164,9,1.8919922264357023,24.0,0.17601778459593614,2.914317462571202e-16,12
48,1,32,reply_null,0,722164,10,1.9096057609145356,26.666666666666668,0.17970084349087234,2.990863376357722e-16,12
48,1,32,reply_null,0,722164,11,1.9884703376356618,29.333333333333332,0.1970110006238703,3.172835322010123e-16,12
48,1,32,reply_null,0,722164,12,1.9891142476395212,32.0,0.19715802749662004,2.8380272927970047e-16,12
48,1,32,reply_null,1,722165,0,0.0,0.0,0.0,0.0,12
48,1,32,reply_null,1,722165,1,0.36356212279983946,2.6666666666666665,0.013701381697239938,1.1102230246251565e-16,12
48,1,32,reply_null,1,722165,2,1.7421140625573412,5.333333333333333,0.1471687719847051,1.170618411630256e-16,12
48,1,32,reply_null,1,722165,3,1.753065262863325,8.0,0.14913340963057312,1.170625369058966e-16,12
48,1,32,reply_null,1,722165,4,1.7705776598836784,10.666666666666666,0.15232017804894876,2.305081588707812e-16,12
48,1,32,reply_null,1,722165,5,1.770580430762865,13.333333333333334,0.1523206867004391,2.3119546069263853e-16,12
48,1,32,reply_null,1,722165,6,1.8484653293802726,16.0,0.16718958687411448,2.3167101520428366e-16,12
48,1,32,reply_null,1,722165,7,1.8654037283082618,18.666666666666668,0.17057946425884887,2.343974856676178e-16,12
48,1,32,reply_null,1,722165,8,1.910810481796528,21.333333333333332,0.17995513352059866,2.474257176201212e-16,12
48,1,32,reply_null,1,722165,9,2.4538144541466997,24.0,0.332269823415251,2.4756522586769993e-16,12
48,1,32,reply_null,1,722165,10,2.4644558447086897,26.666666666666668,0.3361588353818783,2.4861402053595987e-16,12
48,1,32,reply_null,1,722165,11,2.6052913687181105,29.333333333333332,0.39172401415456204,3.401689159035158e-16,12
48,1,32,reply_null,1,722165,12,2.6056885946873973,32.0,0.39189206379194796,3.5423308294706234e-16,12
48,1,32,reply_null,2,722166,0,0.0,0.0,0.0,0.0,12
48,1,32,reply_null,2,722166,1,0.818640035489234,2.6666666666666665,0.039606691782151045,0.0,12
48,1,32,reply_null,2,722166,2,0.984805215020411,5.333333333333333,0.05241532305263075,1.1464745129951556e-16,12
48,1,32,reply_null,2,722166,3,1.0874449010961629,8.0,0.06145888152175602,1.1873763295628885e-16,12
48,1,32,reply_null,2,722166,4,1.2436811402771017,10.666666666666666,0.07713617201806415,1.320817253326768e-16,12
48,1,32,reply_null,2,722166,5,1.2912839565747563,13.333333333333334,0.08242043411321408,1.351622216265212e-16,12
48,1,32,reply_null,2,722166,6,1.2912878599725621,16.0,0.08242087781500317,2.372755860959373e-16,12
48,1,32,reply_null,2,722166,7,1.3274552168931268,18.666666666666668,0.08660730264751401,4.575270203058527e-16,12
48,1,32,reply_null,2,722166,8,1.5807436133924895,21.333333333333332,0.12058023012599084,4.577621389777564e-16,12
48,1,32,reply_null,2,722166,9,1.6845109131050318,24.0,0.13718169375359013,4.581848264998355e-16,12
48,1,32,reply_null,2,722166,10,1.6849309532019077,26.666666666666668,0.13725245667914407,4.627633485622217e-16,12
48,1,32,reply_null,2,722166,11,2.088994958109384,29.333333333333332,0.22114979899496354,4.628800092493647e-16,12
48,1,32,reply_null,2,722166,12,2.109888495030799,32.0,0.22647880050034433,4.71426157603961e-16,12
48,1,32,reply_null,3,722167,0,0.0,0.0,0.0,0.0,12
48,1,32,reply_null,3,722167,1,0.09216827244917396,2.6666666666666665,0.003017166424925328,0.0,12
48,1,32,reply_null,3,722167,2,0.32056804984926685,5.333333333333333,0.011809695743225457,3.343978947023324e-16,12
48,1,32,reply_null,3,722167,3,0.43255940126219544,8.0,0.016912406925689294,3.3494931994854134e-16,12
48,1,32,reply_null,3,722167,4,0.4381004207863581,10.666666666666666,0.01718001649301516,3.3685977816082376e-16,12
48,1,32,reply_null,3,722167,5,0.837786193708505,13.333333333333334,0.04097639565606103,3.407759105215055e-16,12
48,1,32,reply_null,3,722167,6,1.279280504395168,16.0,0.08106415280670759,3.4078824492116744e-16,12
48,1,32,reply_null,3,722167,7,1.653935161512386,18.666666666666668,0.13210970322063573,3.429275589544669e-16,12
48,1,32,reply_null,3,722167,8,2.0221709822375793,21.333333333333332,0.20483463377303016,3.429307941938911e-16,12
48,1,32,reply_null,3,722167,9,2.097575154894478,24.0,0.22332475637671909,3.4364696237645997e-16,12
48,1,32,reply_null,3,722167,10,2.0975954073483454,26.666666666666668,0.22332991219243728,3.5405020378662096e-16,12
48,1,32,reply_null,3,722167,11,2.1398518753635947,29.333333333333332,0.23431808581299304,4.642333510555627e-16,12
48,1,32,reply_null,3,722167,12,2.1560566820246443,32.0,0.23865662293687454,3.5679859144387776e-16,12
48,1,32,reply_null,4,722168,0,0.0,0.0,0.0,0.0,12
48,1,32,reply_null,4,722168,1,0.24244723474438135,2.6666666666666665,0.00857387516396481,3.3306690738754696e-16,12
48,1,32,reply_null,4,722168,2,0.3326258521291609,5.333333333333333,0.012332043897418137,4.448912977241011e-16,12
48,1,32,reply_null,4,722168,3,0.5135728496415536,8.0,0.020976614737427592,4.448918689030588e-16,12
48,1,32,reply_null,4,722168,4,0.6028538326340452,10.666666666666666,0.025853945298314456,4.448923689573498e-16,12
48,1,32,reply_null,4,722168,5,0.7297710572451593,13.333333333333334,0.0335814246056746,4.449540192162542e-16,12
48,1,32,reply_null,4,722168,6,0.7562203634650116,16.0,0.03531904899009036,4.530161681679354e-16,12
48,1,32,reply_null,4,722168,7,1.4114248016357744,18.666666666666668,0.09693110898510024,4.533390669045004e-16,12
48,1,32,reply_null,4,722168,8,1.429769534117409,21.333333333333332,0.09930425797788062,4.534807045756629e-16,12
48,1,32,reply_null,4,722168,9,1.8020121743925541,24.0,0.15818227079338032,4.538983381486418e-16,12
48,1,32,reply_null,4,722168,10,1.814728397485998,26.666666666666668,0.16060651475634963,4.613367483279413e-16,12
48,1,32,reply_null,4,722168,11,1.9904191327992915,29.333333333333332,0.19745626828474344,4.628658438340918e-16,12
48,1,32,reply_null,4,722168,12,1.9915833581150348,32.0,0.19772268896890977,4.546697134948266e-16,12
48,1,32,reply_null,5,722169,0,0.0,0.0,0.0,0.0,12
48,1,32,reply_null,5,722169,1,1.1710051374049593,2.6666666666666665,0.06953852537453006,2.220446049250313e-16,12
48,1,32,reply_null,5,722169,2,1.1742057493126585,5.333333333333333,0.06986162711482306,3.3640392557845187e-16,12
48,1,32,reply_null,5,722169,3,1.192409491613131,8.0,0.07171909223354642,3.3783423154446806e-16,12
48,1,32,reply_null,5,722169,4,1.354074317350516,10.666666666666666,0.0897866864607099,3.4218039713085924e-16,12
48,1,32,reply_null,5,722169,5,1.5415505326774914,13.333333333333334,0.1147446400225192,3.4269430804710735e-16,12
48,1,32,reply_null,5,722169,6,1.5861703917071586,16.0,0.12140641887033203,3.477691398304927e-16,12
48,1,32,reply_null,5,722169,7,1.63824413858483,18.666666666666668,0.12956642784910186,4.609016420857905e-16,12
48,1,32,reply_null,5,722169,8,1.678449893771338,21.333333333333332,0.13616391350996884,4.611505398863857e-16,12
48,1,32,reply_null,5,722169,9,1.6988330188233038,24.0,0.13961134762635835,4.630510592689894e-16,12
48,1,32,reply_null,5,722169,10,1.8062715794781508,26.666666666666668,0.15899086040383503,4.793377349119053e-16,12
48,1,32,reply_null,5,722169,11,2.0160527502334875,29.333333333333332,0.20339462286338536,4.805993370350842e-16,12
48,1,32,reply_null,5,722169,12,2.021039284507932,32.0,0.20456760845345776,4.74190644656538e-16,12
48,1,32,reply_null,6,722170,0,0.0,0.0,0.0,0.0,12
48,1,32,reply_null,6,722170,1,1.3120943122116786,2.6666666666666665,0.08481074158301583,0.0,12
48,1,32,reply_null,6,722170,2,1.3606249385703735,5.333333333333333,0.09058215450785392,2.3063979820678104e-16,12
48,1,32,reply_null,6,722170,3,1.3614449208230497,8.0,0.09068209568175035,2.507102313710806e-16,12
48,1,32,reply_null,6,722170,4,1.4480994626068366,10.666666666666666,0.1017193750319152,2.5133466437054854e-16,12
48,1,32,reply_null,6,722170,5,1.7030208657750756,13.333333333333334,0.14032838918237872,2.5173370593970883e-16,12
48,1,32,reply_null,6,722170,6,1.7965975543548556,16.0,0.1571593389170743,2.5261515720542567e-16,12
48,1,32,reply_null,6,722170,7,1.8145315698621816,18.666666666666668,0.16056875581056013,2.5275651221942606e-16,12
48,1,32,reply_null,6,722170,8,1.823647849600946,21.333333333333332,0.16232542422212318,2.5282255489376935e-16,12
48,1,32,reply_null,6,722170,9,2.0645500959619296,24.0,0.2150547208817384,2.5282282561912167e-16,12
48,1,32,reply_null,6,722170,10,2.122195388384954,26.666666666666668,0.2296702394306001,3.6431468569626455e-16,12
48,1,32,reply_null,6,722170,11,2.2666521484034194,29.333333333333332,0.2702203062505209,3.643451025769647e-16,12
48,1,32,reply_null,6,722170,12,2.328105615441051,32.0,0.2893277996829104,2.592331142650317e-16,12
48,1,32,reply_null,7,722171,0,0.0,0.0,0.0,0.0,12
48,1,32,reply_null,7,722171,1,0.3093064638111925,2.6666666666666665,0.011327495540549933,0.0,12
48,1,32,reply_null,7,722171,2,0.3143049647837133,5.333333333333333,0.011540851980376937,2.254582008071368e-16,12
48,1,32,reply_null,7,722171,3,0.3705431596354111,8.0,0.014016286852016568,2.258500840991509e-16,12
48,1,32,reply_null,7,722171,4,0.426457478335664,10.666666666666666,0.016619418436343437,2.426938090040564e-16,12
48,1,32,reply_null,7,722171,5,1.0422187855315328,13.333333333333334,0.05735941904415029,3.3611173465661184e-16,12
48,1,32,reply_null,7,722171,6,1.09720341854735,16.0,0.062368011425390474,3.361925734836829e-16,12
48,1,32,reply_null,7,722171,7,1.368190175590302,18.666666666666668,0.0915073388401641,3.4169844080021833e-16,12
48,1,32,reply_null,7,722171,8,1.3742235049041,21.333333333333332,0.09225021303996583,3.4246921542007017e-16,12
48,1,32,reply_null,7,722171,9,1.40250701875683,24.0,0.09579309948863993,3.428941898561109e-16,12
48,1,32,reply_null,7,722171,10,1.6978220515427602,26.666666666666668,0.13943869967981565,3.450958046768574e-16,12
48,1,32,reply_null,7,722171,11,1.875264251426892,29.333333333333332,0.172579452618055,3.790417681791964e-16,12
48,1,32,reply_null,7,722171,12,1.8803307624659709,32.0,0.1736147773171513,3.647697398025009e-16,12
48,3,2,random,0,722172,0,0.0,0.0,0.0,0.0,12
48,3,2,random,0,722172,1,0.024615422381851392,0.16666666666666666,0.03738132463474731,0.0,12
48,3,2,random,0,722172,2,0.0638907681092793,0.3333333333333333,0.09759870218192512,4.442122600378002e-16,12
48,3,2,random,0,722172,3,0.10766224871374791,0.5,0.16607981176010075,4.460184884156461e-16,12
48,3,2,random,0,722172,4,0.123231349140498,0.6666666666666666,0.19022209314100508,4.460185295334906e-16,12
48,3,2,random,0,722172,5,0.15818698855766808,0.8333333333333334,0.2456754418992385,4.462635000102463e-16,12
48,3,2,random,0,722172,6,0.19091790025448863,1.0,0.29732662999755805,4.462861392938429e-16,12
48,3,2,random,0,722172,7,0.2148477877695194,1.1666666666666667,0.33512225384925753,4.468781041891977e-16,12
48,3,2,random,0,722172,8,0.22715206359743945,1.3333333333333333,0.3550182702404578,4.469363096059207e-16,12
48,3,2,random,0,722172,9,0.3722861891146494,1.5,0.6090722862371776,4.471307630964353e-16,12
48,3,2,random,0,722172,10,0.38877767783634376,1.6666666666666667,0.6372339672219988,4.471524594156883e-16,12
48,3,2,random,0,722172,11,0.43931958452808967,1.8333333333333333,0.7318303073259638,4.796192921217866e-16,12
48,3,2,random,0,722172,12,0.4505083866121917,2.0,0.7520520397311712,4.504716223473948e-16,12
48,3,2,random,1,722173,0,0.0,0.0,0.0,0.0,12
48,3,2,random,1,722173,1,0.02259288879100378,0.16666666666666666,0.03427506158329786,2.220446049250313e-16,12
48,3,2,random,1,722173,2,0.06068326491434531,0.3333333333333333,0.09260162516846461,4.453576892814625e-16,12
48,3,2,random,1,722173,3,0.1444858326279,0.5,0.22585570943656832,4.459715593290938e-16,12
48,3,2,random,1,722173,4,0.189779370912234,0.6666666666666666,0.2973994945384029,4.461474783385211e-16,12
48,3,2,random,1,722173,5,0.23440979561889216,0.8333333333333334,0.3718435919875235,4.465211354476517e-16,12
48,3,2,random,1,722173,6,0.2676270638440635,1.0,0.42692600992409124,4.465239627509445e-16,12
48,3,2,random,1,722173,7,0.31228532566581546,1.1666666666666667,0.4965205210868416,4.500265181764864e-16,12
48,3,2,random,1,722173,8,0.3327307022472634,1.3333333333333333,0.5311065464481689,4.50027244567606e-16,12
48,3,2,random,1,722173,9,0.3588082333690544,1.5,0.5757058571712765,4.504359486342527e-16,12
48,3,2,random,1,722173,10,0.41820676846770966,1.6666666666666667,0.6762076739318877,4.505685792562075e-16,12
48,3,2,random,1,722173,11,0.4782018028728607,1.8333333333333333,0.7797478422865209,4.510774002033326e-16,12
48,3,2,random,1,722173,12,0.5200972441991787,2.0,0.8571014931404528,4.55947376598758e-16,12
48,3,2,random,2,722174,0,0.0,0.0,0.0,0.0,12
48,3,2,random,2,722174,1,0.025779409842340194,0.16666666666666666,0.039171859096280806,1.1102230246251565e-16,12
48,3,2,random,2,722174,2,0.03656139957468099,0.3333333333333333,0.05580831165084597,2.672492640102382e-16,12
48,3,2,random,2,722174,3,0.07481957274369272,0.5,0.11630493851088733,2.7609399157327223e-16,12
48,3,2,random,2,722174,4,0.1429158301392206,0.6666666666666666,0.22566103638784368,2.79846038771708e-16,12
48,3,2,random,2,722174,5,0.15341568248216209,0.8333333333333334,0.2432213251435931,2.818469810898856e-16,12
48,3,2,random,2,722174,6,0.23652302318846852,1.0,0.3750534172566087,2.84605576568312e-16,12
48,3,2,random,2,722174,7,0.24656238712404216,1.1666666666666667,0.39113024580984695,2.946392910520046e-16,12
48,3,2,random,2,722174,8,0.26964683036999854,1.3333333333333333,0.4288256811351709,2.947014299234065e-16,12
48,3,2,random,2,722174,9,0.33127070762255884,1.5,0.5368521557549539,3.01490576060192e-16,12
48,3,2,random,2,722174,10,0.35877542950038743,1.6666666666666667,0.5865161857092615,3.0178954146104016e-16,12
48,3,2,random,2,722174,11,0.38799100464652814,1.8333333333333333,0.6348049884120467,3.051569257434607e-16,12
48,3,2,random,2,722174,12,0.44503142399637796,2.0,0.733998138081739,3.1228294437240414e-16,12
48,3,2,random,3,722175,0,0.0,0.0,0.0,0.0,12
48,3,2,random,3,722175,1,0.029720629972292828,0.16666666666666666,0.04525004407549273,0.0,12
48,3,2,random,3,722175,2,0.04619310206376318,0.3333333333333333,0.07028376222296215,1.1389507909077468e-17,12
48,3,2,random,3,722175,3,0.06619290149017645,0.5,0.10095108219689838,4.440980554334578e-16,12
48,3,2,random,3,722175,4,0.14574359128337888,0.6666666666666666,0.2258147070683453,4.452034870239369e-16,12
48,3,2,random,3,722175,5,0.18086159682260186,0.8333333333333334,0.2829377571346523,4.454141005985887e-16,12
48,3,2,random,3,722175,6,0.25561971249183657,1.0,0.4114210253459702,4.454809327713755e-16,12
48,3,2,random,3,722175,7,0.2631966270500288,1.1666666666666667,0.42391735419313165,4.553747787357716e-16,12
48,3,2,random,3,722175,8,0.3239918418888351,1.3333333333333333,0.5228205706459288,4.679965213340073e-16,12
48,3,2,random,3,722175,9,0.42882569786022695,1.5,0.7002929197916,4.680025585058399e-16,12
48,3,2,random,3,722175,10,0.4421632907880667,1.6666666666666667,0.7246128583267137,4.746024415884705e-16,12
48,3,2,random,3,722175,11,0.4499210571822619,1.8333333333333333,0.7388369259586741,4.747363341397109e-16,12
48,3,2,random,3,722175,12,0.4806591234729589,2.0,0.7960728788353473,4.982887913372526e-16,12
48,3,2,random,4,722176,0,0.0,0.0,0.0,0.0,12
48,3,2,random,4,722176,1,0.028431634611715002,0.16666666666666666,0.04325950710981163,4.440892098500626e-16,12
48,3,2,random,4,722176,2,0.05836646437720325,0.3333333333333333,0.08992266606342503,2.30001653193325e-16,12
48,3,2,random,4,722176,3,0.09685258893299761,0.5,0.1498403630642023,2.409460403714845e-16,12
48,3,2,random,4,722176,4,0.1005614455213251,0.6666666666666666,0.15547752608214566,2.4532520554375596e-16,12
48,3,2,random,4,722176,5,0.10452993148187578,0.8333333333333334,0.16158501139303508,4.488866320931797e-16,12
48,3,2,random,4,722176,6,0.11707469225466052,1.0,0.180974791372104,4.489085821102941e-16,12
48,3,2,random,4,722176,7,0.1369970385664897,1.1666666666666667,0.21186140478612508,4.489093675931357e-16,12
48,3,2,random,4,722176,8,0.15453768787223232,1.3333333333333333,0.23884335095236178,4.491267618587448e-16,12
48,3,2,random,4,722176,9,0.16768426886245918,1.5,0.2600890584222249,4.576915252941845e-16,12
48,3,2,random,4,722176,10,0.1869472650280948,1.6666666666666667,0.2915025582852782,4.586444256539058e-16,12
48,3,2,random,4,722176,11,0.23549576270400785,1.8333333333333333,0.37050750610209027,4.587130300896683e-16,12
48,3,2,random,4,722176,12,0.27596174196326567,2.0,0.4362929838559732,4.547435514943018e-16,12
48,3,2,random,5,722177,0,0.0,0.0,0.0,0.0,12
48,3,2,random,5,722177,1,0.03179775147175449,0.16666666666666666,0.04846305191272246,2.220446049250313e-16,12
48,3,2,random,5,722177,2,0.04083456301964587,0.3333333333333333,0.06224528799287342,2.225038439566036e-16,12
48,3,2,random,5,722177,3,0.08375623734353632,0.5,0.12969810692242745,2.3344708492816333e-16,12
48,3,2,random,5,722177,4,0.09902271291448944,0.6666666666666666,0.15357379785162392,2.363214467167434e-16,12
48,3,2,random,5,722177,5,0.1144515782819271,0.8333333333333334,0.17709143332921223,2.3701928964913033e-16,12
48,3,2,random,5,722177,6,0.13749449647195383,1.0,0.21255416971656335,2.5083042074680387e-16,12
48,3,2,random,5,722177,7,0.14239401669913346,1.1666666666666667,0.22035301531984572,4.537968950855985e-16,12
48,3,2,random,5,722177,8,0.2010322403859625,1.3333333333333333,0.31425266942316543,5.076008443858652e-16,12
48,3,2,random,5,722177,9,0.2668528287645532,1.5,0.42533161573598843,5.079372821673776e-16,12
48,3,2,random,5,722177,10,0.2948052949003627,1.6666666666666667,0.4700646627355513,5.083320192598481e-16,12
48,3,2,random,5,722177,11,0.3115736579333247,1.8333333333333333,0.4970740495598144,5.092823331505591e-16,12
48,3,2,random,5,722177,12,0.3390874471445591,2.0,0.5438179952802864,5.130869067205872e-16,12
48,3,2,random,6,722178,0,0.0,0.0,0.0,0.0,12
48,3,2,random,6,722178,1,0.14457418085709883,0.16666666666666666,0.23332111692276877,2.220446049250313e-16,12
48,3,2,random,6,722178,2,0.1738633765954836,0.3333333333333333,0.27804707185968575,3.360278400101598e-16,12
48,3,2,random,6,722178,3,0.21029714060273372,0.5,0.335313718427744,3.3607727370701155e-16,12
48,3,2,random,6,722178,4,0.2510373627542267,0.6666666666666666,0.40623171716020173,3.388977161158303e-16,12
48,3,2,random,6,722178,5,0.2869013996995349,0.8333333333333334,0.4636730308426569,3.3894725223896017e-16,12
48,3,2,random,6,722178,6,0.3015940525466761,1.0,0.4892909872798557,3.436172382825634e-16,12
48,3,2,random,6,722178,7,0.36092895898440625,1.1666666666666667,0.5908035869079873,3.502082877937721e-16,12
48,3,2,random,6,722178,8,0.3958469386233663,1.3333333333333333,0.6509201863420284,3.5143705904927616e-16,12
48,3,2,random,6,722178,9,0.41418031285933254,1.5,0.680766460527893,3.5516191080149766e-16,12
48,3,2,random,6,722178,10,0.4180955085700965,1.6666666666666667,0.6876936007180218,3.5587517497594014e-16,12
48,3,2,random,6,722178,11,0.44461172077920574,1.8333333333333333,0.73424347509792,3.55906030849015e-16,12
48,3,2,random,6,722178,12,0.4907785272944046,2.0,0.8170470206971706,3.616049711787718e-16,12
48,3,2,random,7,722179,0,0.0,0.0,0.0,0.0,12
48,3,2,random,7,722179,1,0.042458301406693606,0.16666666666666666,0.06505882244851992,2.220446049250313e-16,12
48,3,2,random,7,722179,2,0.12321261197237297,0.3333333333333333,0.19156323431898725,4.442186968715885e-16,12
48,3,2,random,7,722179,3,0.15478805059308065,0.5,0.24050566412073382,4.462475637106514e-16,12
48,3,2,random,7,722179,4,0.1632964071956613,0.6666666666666666,0.25379961237970355,4.482780990308002e-16,12
48,3,2,random,7,722179,5,0.20242168745420314,0.8333333333333334,0.31790096360198505,4.4858371620591905e-16,12
48,3,2,random,7,722179,6,0.23728364432582255,1.0,0.3741064524507952,4.508963867303281e-16,12
48,3,2,random,7,722179,7,0.24718354637303647,1.1666666666666667,0.3898339640986713,4.523223959934134e-16,12
48,3,2,random,7,722179,8,0.2716715214851552,1.3333333333333333,0.4290996373162056,4.540199000100351e-16,12
48,3,2,random,7,722179,9,0.35381075047822147,1.5,0.5686486027359678,4.550388235702939e-16,12
48,3,2,random,7,722179,10,0.4041303131016195,1.6666666666666667,0.6530073635557543,4.562193212884226e-16,12
48,3,2,random,7,722179,11,0.48081637065311833,1.8333333333333333,0.7889273823158296,4.62173623491033e-16,12
48,3,2,random,7,722179,12,0.4914092543573663,2.0,0.8088147005297748,4.596911334359608e-16,12
48,3,2,krylov,0,722180,0,0.0,0.0,0.0,0.0,12
48,3,2,krylov,0,722180,1,0.025392126616097285,0.16666666666666666,0.03857587906693195,2.220446049250313e-16,12
48,3,2,krylov,0,722180,2,0.03884476592537999,0.3333333333333333,0.0594136325529891,1.4287387097853098e-16,12
48,3,2,krylov,0,722180,3,0.04751848321692224,0.5,0.0729983754834316,2.233622031925271e-16,12
48,3,2,krylov,0,722180,4,0.052829067044316474,0.6666666666666666,0.08137413562032042,2.4122872839166936e-16,12
48,3,2,krylov,0,722180,5,0.0570210188092485,0.8333333333333334,0.08801709347083853,2.413477405618328e-16,12
48,3,2,krylov,0,722180,6,0.06090693967981152,1.0,0.09420000761436144,2.413809172951496e-16,12
48,3,2,krylov,0,722180,7,0.0644662594070372,1.1666666666666667,0.09988438540845121,2.4260559226815483e-16,12
48,3,2,krylov,0,722180,8,0.0661276206530202,1.3333333333333333,0.10254458048505415,3.0024462169288286e-16,12
48,3,2,krylov,0,722180,9,0.06874054959572788,1.5,0.10673739097382273,3.7912661248196805e-16,12
48,3,2,krylov,0,722180,10,0.07262823968925987,1.6666666666666667,0.11299604598431741,3.791841336480477e-16,12
48,3,2,krylov,0,722180,11,0.07706672250949057,1.8333333333333333,0.12017121287169324,3.792058514114372e-16,12
48,3,2,krylov,0,722180,12,0.08052162792167897,2.0,0.12577843179172665,3.432641734662012e-16,12
48,3,2,krylov,1,722181,0,0.0,0.0,0.0,0.0,12
48,3,2,krylov,1,722181,1,0.05513513284592919,0.16666666666666666,0.08502509649407078,2.220446049250313e-16,12
48,3,2,krylov,1,722181,2,0.1095660077125381,0.3333333333333333,0.17369057924328415,4.442896085907183e-16,12
48,3,2,krylov,1,722181,3,0.14058693896546845,0.5,0.22642370631396147,4.443095042695662e-16,12
48,3,2,krylov,1,722181,4,0.1651752443634804,0.6666666666666666,0.2693997282281366,4.451139633520766e-16,12
48,3,2,krylov,1,722181,5,0.19102649012099032,0.8333333333333334,0.3157372765850222,4.635533345260713e-16,12
48,3,2,krylov,1,722181,6,0.20838475950952554,1.0,0.3475304725051783,4.659878712658619e-16,12
48,3,2,krylov,1,722181,7,0.22695286563454095,1.1666666666666667,0.38215608558685266,4.688029504712833e-16,12
48,3,2,krylov,1,722181,8,0.24391908164959566,1.3333333333333333,0.41436158248527194,4.693116220582971e-16,12
48,3,2,krylov,1,722181,9,0.2653553544489286,1.5,0.455841357121152,4.704518146522169e-16,12
48,3,2,krylov,1,722181,10,0.28835402973150165,1.6666666666666667,0.5013443661871799,4.70509359038648e-16,12
48,3,2,krylov,1,722181,11,0.30889255510444813,1.8333333333333333,0.5428740475741607,4.715518180625438e-16,12
48,3,2,krylov,1,722181,12,0.3404985267035745,2.0,0.6084722536029747,4.703153367916059e-16,12
48,3,2,krylov,2,722182,0,0.0,0.0,0.0,0.0,12
48,3,2,krylov,2,722182,1,0.046070908993484476,0.16666666666666666,0.07072299087296023,0.0,12
48,3,2,krylov,2,722182,2,0.09161552542372726,0.3333333333333333,0.14391506805409715,2.226702798747896e-16,12
48,3,2,krylov,2,722182,3,0.13057991078999595,0.5,0.20923349058165086,2.3389262615404874e-16,12
48,3,2,krylov,2,722182,4,0.15423260688357407,0.6666666666666666,0.25014337822175065,2.3407767833773244e-16,12
48,3,2,krylov,2,722182,5,0.18237756130686272,0.8333333333333334,0.30010081094614194,2.3429608663034336e-16,12
48,3,2,krylov,2,722182,6,0.21499990819704598,1.0,0.35979267471462356,2.666050457384119e-16,12
48,3,2,krylov,2,722182,7,0.2338822233792382,1.1666666666666667,0.39524350979026956,2.766705195428401e-16,12
48,3,2,krylov,2,722182,8,0.25196962361855835,1.3333333333333333,0.42983543361964693,3.4307169551672106e-16,12
48,3,2,krylov,2,722182,9,0.268236763570105,1.5,0.4614850632555542,3.430861043009461e-16,12
48,3,2,krylov,2,722182,10,0.2886941486206829,1.6666666666666667,0.5020251769816186,3.4811079568273333e-16,12
48,3,2,krylov,2,722182,11,0.30612459011496385,1.8333333333333333,0.5372272623896933,3.68666211008363e-16,12
48,3,2,krylov,2,722182,12,0.32641198559842516,2.0,0.5789793864652468,3.740511137569848e-16,12
48,3,2,krylov,3,722183,0,0.0,0.0,0.0,0.0,12
48,3,2,krylov,3,722183,1,0.06069718632849367,0.16666666666666666,0.0938656538872269,4.440892098500626e-16,12
48,3,2,krylov,3,722183,2,0.11340246118808248,0.3333333333333333,0.1801239480523452,2.238588214946328e-16,12
48,3,2,krylov,3,722183,3,0.14529396595207017,0.5,0.23456918474395191,2.2520202682962405e-16,12
48,3,2,krylov,3,722183,4,0.17109766053830627,0.6666666666666666,0.2799099420079005,2.262627640694735e-16,12
48,3,2,krylov,3,722183,5,0.1916249812189288,0.8333333333333334,0.3168243044370533,2.556511570949152e-16,12
48,3,2,krylov,3,722183,6,0.2166968139170616,1.0,0.36295124668388806,2.55659663627366e-16,12
48,3,2,krylov,3,722183,7,0.2373552016751387,1.1666666666666667,0.40183709242248833,2.6288012610559114e-16,12
48,3,2,krylov,3,722183,8,0.2556517656677799,1.3333333333333333,0.43695446040838615,2.6554044156925545e-16,12
48,3,2,krylov,3,722183,9,0.2830183258497878,1.5,0.4906942235547779,2.657712320449569e-16,12
48,3,2,krylov,3,722183,10,0.3041397066130215,1.6666666666666667,0.5331876140488121,3.4973804406198206e-16,12
48,3,2,krylov,3,722183,11,0.3233223197897518,1.8333333333333333,0.5725659477310442,4.532949023843881e-16,12
48,3,2,krylov,3,722183,12,0.3386817896558128,2.0,0.604645191381149,2.946411727129744e-16,12
48,3,2,krylov,4,722184,0,0.0,0.0,0.0,0.0,12
48,3,2,krylov,4,722184,1,0.010248386045425838,0.16666666666666666,0.015451620916906612,1.1102230246251565e-16,12
48,3,2,krylov,4,722184,2,0.018546226582573117,0.3333333333333333,0.02807891398780968,1.1492281606106822e-16,12
48,3,2,krylov,4,722184,3,0.030617429028449,0.5,0.046636444424891024,2.360265861611012e-16,12
48,3,2,krylov,4,722184,4,0.03934111068766225,0.6666666666666666,0.060187831460629886,2.487436640293152e-16,12
48,3,2,krylov,4,722184,5,0.04909370710245632,0.8333333333333334,0.0754781526857756,2.4880348305122246e-16,12
48,3,2,krylov,4,722184,6,0.05936805620768737,1.0,0.09174860626566998,2.519446183894392e-16,12
48,3,2,krylov,4,722184,7,0.07858084482455865,1.1666666666666667,0.12262620837204846,2.53729910751613e-16,12
48,3,2,krylov,4,722184,8,0.09607073872191058,1.3333333333333333,0.15125539955616465,2.561077267416703e-16,12
48,3,2,krylov,4,722184,9,0.12725128946530356,1.5,0.20355355795279576,2.5644675957341385e-16,12
48,3,2,krylov,4,722184,10,0.17526694290633424,1.6666666666666667,0.28734638067986334,4.605768977653368e-16,12
48,3,2,krylov,4,722184,11,0.24861661822787623,1.8333333333333333,0.4233755211205149,4.606293604474634e-16,12
48,3,2,krylov,4,722184,12,0.2974881467701007,2.0,0.5197086228166434,2.673896693404397e-16,12
48,3,2,krylov,5,722185,0,0.0,0.0,0.0,0.0,12
48,3,2,krylov,5,722185,1,0.05064083107012912,0.16666666666666666,0.07791749919550024,0.0,12
48,3,2,krylov,5,722185,2,0.087653714092883,0.3333333333333333,0.13741507109330472,1.165917614190246e-16,12
48,3,2,krylov,5,722185,3,0.1394049828281711,0.5,0.2243843546682231,1.1686184201650489e-16,12
48,3,2,krylov,5,722185,4,0.18169800621054044,0.6666666666666666,0.2988779588109298,1.401124709016901e-16,12
48,3,2,krylov,5,722185,5,0.2153232351800194,0.8333333333333334,0.36039409309125,2.2701149422786964e-16,12
48,3,2,krylov,5,722185,6,0.23920632612504217,1.0,0.40536089005174064,2.275777994836468e-16,12
48,3,2,krylov,5,722185,7,0.2674196124114112,1.1666666666666667,0.45988288816212364,2.59269888689644e-16,12
48,3,2,krylov,5,722185,8,0.3084339511485542,1.3333333333333333,0.541937392247885,2.6099125808613415e-16,12
48,3,2,krylov,5,722185,9,0.33897694794900457,1.5,0.6052664865493115,2.6668083676255535e-16,12
48,3,2,krylov,5,722185,10,0.36829669203161064,1.6666666666666667,0.6679061635380265,2.777712607604977e-16,12
48,3,2,krylov,5,722185,11,0.3930046744065482,1.8333333333333333,0.7221379711459032,2.781107378766428e-16,12
48,3,2,krylov,5,722185,12,0.4102975768589501,2.0,0.7608993689082453,3.152809903535039e-16,12
48,3,2,krylov,6,722186,0,0.0,0.0,0.0,0.0,12
48,3,2,krylov,6,722186,1,0.0750877926738073,0.16666666666666666,0.11696817805550778,0.0,12
48,3,2,krylov,6,722186,2,0.15187258627649025,0.3333333333333333,0.2460178738362954,2.220794201455863e-16,12
48,3,2,krylov,6,722186,3,0.19205195100950334,0.5,0.31760019915984583,2.241063684276787e-16,12
48,3,2,krylov,6,722186,4,0.22179753605321242,0.6666666666666666,0.3724779191460717,2.241303484880258e-16,12
48,3,2,krylov,6,722186,5,0.25294450343859276,0.8333333333333334,0.4317177085867359,2.253835062372807e-16,12
48,3,2,krylov,6,722186,6,0.2829357886869386,1.0,0.49052992408196483,2.2550513332371734e-16,12
48,3,2,krylov,6,722186,7,0.3081745128262062,1.1666666666666667,0.5414077041501667,2.3849167792770904e-16,12
48,3,2,krylov,6,722186,8,0.33237936496290454,1.3333333333333333,0.5914225347236677,2.430556135725177e-16,12
48,3,2,krylov,6,722186,9,0.3519081239103111,1.5,0.6326668354869858,2.432054755949797e-16,12
48,3,2,krylov,6,722186,10,0.36993758352734163,1.6666666666666667,0.6714663824929908,2.6263740298135384e-16,12
48,3,2,krylov,6,722186,11,0.38178461208720105,1.8333333333333333,0.6973447952170809,2.7149374176678003e-16,12
48,3,2,krylov,6,722186,12,0.39775000605731997,2.0,0.7327078116576757,2.5156975426427495e-16,12
48,3,2,krylov,7,722187,0,0.0,0.0,0.0,0.0,12
48,3,2,krylov,7,722187,1,0.047568521321097755,0.16666666666666666,0.07307708730929029,1.1102230246251565e-16,12
48,3,2,krylov,7,722187,2,0.09029001820352547,0.3333333333333333,0.14173749027835172,4.670208280691335e-18,12
48,3,2,krylov,7,722187,3,0.12389599565799032,0.5,0.19784721383341278,2.2752633920487864e-16,12
48,3,2,krylov,7,722187,4,0.14719441207587738,0.6666666666666666,0.23786877438064882,2.947344083813167e-16,12
48,3,2,krylov,7,722187,5,0.1803683536717398,0.8333333333333334,0.29648766564785495,2.9489691419127344e-16,12
48,3,2,krylov,7,722187,6,0.206664270119732,1.0,0.3443545487848618,3.012014630507305e-16,12
48,3,2,krylov,7,722187,7,0.24118221014495655,1.1666666666666667,0.40912938401400983,4.563861532783679e-16,12
48,3,2,krylov,7,722187,8,0.26976278826635275,1.3333333333333333,0.4644806229711291,4.563884449719769e-16,12
48,3,2,krylov,7,722187,9,0.289372171286477,1.5,0.5033830557133617,4.621470479360369e-16,12
48,3,2,krylov,7,722187,10,0.3048844848394656,1.6666666666666667,0.5347024519531534,4.62231908659351e-16,12
48,3,2,krylov,7,722187,11,0.3144724495921449,1.8333333333333333,0.5543049311147306,4.660989677272268e-16,12
48,3,2,krylov,7,722187,12,0.3252154206889393,2.0,0.5764932403980628,4.741814155678959e-16,12
48,3,2,reply_null,0,722188,0,0.0,0.0,0.0,0.0,12
48,3,2,reply_null,0,722188,1,0.06786969141611884,0.16666666666666666,0.10533875966755846,1.1102230246251565e-16,12
48,3,2,reply_null,0,722188,2,0.08340280840363386,0.3333333333333333,0.13042046353486128,1.827798004589859e-17,12
48,3,2,reply_null,0,722188,3,0.13767317399717743,0.5,0.21736483842901255,2.807444720410249e-17,12
48,3,2,reply_null,0,722188,4,0.1586129071888394,0.6666666666666666,0.2496816606797289,4.7652796424516466e-17,12
48,3,2,reply_null,0,722188,5,0.1644312107923363,0.8333333333333334,0.25876791834383595,6.394971271178213e-17,12
48,3,2,reply_null,0,722188,6,0.17204249645544623,1.0,0.2708655153356872,4.487408330320621e-16,12
48,3,2,reply_null,0,722188,7,0.188818356930753,1.1666666666666667,0.2969466731099733,4.488280293377924e-16,12
48,3,2,reply_null,0,722188,8,0.2498193113101988,1.3333333333333333,0.39680907334285814,4.491616025881772e-16,12
48,3,2,reply_null,0,722188,9,0.2629344254769671,1.5,0.4191099498224026,4.499082676393069e-16,12
48,3,2,reply_null,0,722188,10,0.2974149517284129,1.6666666666666667,0.47412797960569497,4.642962057478828e-16,12
48,3,2,reply_null,0,722188,11,0.34427992508208743,1.8333333333333333,0.554483237539423,4.643105194297382e-16,12
48,3,2,reply_null,0,722188,12,0.4217198798604961,2.0,0.6949992308449926,4.561105452363681e-16,12
48,3,2,reply_null,1,722189,0,0.0,0.0,0.0,0.0,12
48,3,2,reply_null,1,722189,1,0.04159301654697658,0.16666666666666666,0.06370518646970512,1.1102230246251565e-16,12
48,3,2,reply_null,1,722189,2,0.07624800504084603,0.3333333333333333,0.11741458403509415,2.220465518604309e-16,12
48,3,2,reply_null,1,722189,3,0.07891280397917062,0.5,0.12143410667399827,2.367384158865535e-16,12
48,3,2,reply_null,1,722189,4,0.11407720429832269,0.6666666666666666,0.1758608547701602,2.5872913974396486e-16,12
48,3,2,reply_null,1,722189,5,0.1305686864271945,0.8333333333333334,0.202369625732839,2.6019511049226874e-16,12
48,3,2,reply_null,1,722189,6,0.17416272203929356,1.0,0.2708223635961087,2.63112678590095e-16,12
48,3,2,reply_null,1,722189,7,0.21913224651716778,1.1666666666666667,0.3429033291150228,2.6405758047222785e-16,12
48,3,2,reply_null,1,722189,8,0.2354648374689814,1.3333333333333333,0.3691706643790942,2.6497997606421815e-16,12
48,3,2,reply_null,1,722189,9,0.2950153651921243,1.5,0.46984744959000824,2.7413568139323194e-16,12
48,3,2,reply_null,1,722189,10,0.39527619222485905,1.6666666666666667,0.638594935173104,4.544922263870543e-16,12
48,3,2,reply_null,1,722189,11,0.4548750406449802,1.8333333333333333,0.7422515605445861,4.563066282016301e-16,12
48,3,2,reply_null,1,722189,12,0.4649715871811495,2.0,0.7598094450794162,4.496288355829554e-16,12
48,3,2,reply_null,2,722190,0,0.0,0.0,0.0,0.0,12
48,3,2,reply_null,2,722190,1,0.07960857749207834,0.16666666666666666,0.12429469156404839,1.1102230246251565e-16,12
48,3,2,reply_null,2,722190,2,0.0990811331611427,0.3333333333333333,0.15520558167355017,2.2318766095783827e-16,12
48,3,2,reply_null,2,722190,3,0.1101805119436525,0.5,0.1722539481466419,2.891021139392824e-16,12
48,3,2,reply_null,2,722190,4,0.11782245580628596,0.6666666666666666,0.18410475096106674,2.908933409057835e-16,12
48,3,2,reply_null,2,722190,5,0.14170024452083546,0.8333333333333334,0.22093172284989052,3.357685192864661e-16,12
48,3,2,reply_null,2,722190,6,0.14484085819914905,1.0,0.22609809304246054,3.361857018212927e-16,12
48,3,2,reply_null,2,722190,7,0.2758012803332085,1.1666666666666667,0.44097974531228756,3.5209471826272664e-16,12
48,3,2,reply_null,2,722190,8,0.3104962515724328,1.3333333333333333,0.4968214612368521,4.6329379007392e-16,12
48,3,2,reply_null,2,722190,9,0.34567078145755026,1.5,0.5587732978808383,4.634529619427895e-16,12
48,3,2,reply_null,2,722190,10,0.35475935312243934,1.6666666666666667,0.5750592264500555,4.634579681466861e-16,12
48,3,2,reply_null,2,722190,11,0.40478948962571365,1.8333333333333333,0.6594719633796,4.6608601054993355e-16,12
48,3,2,reply_null,2,722190,12,0.48157437369675016,2.0,0.7915803032969513,4.672781628124671e-16,12
48,3,2,reply_null,3,722191,0,0.0,0.0,0.0,0.0,12
48,3,2,reply_null,3,722191,1,0.035251959302925316,0.16666666666666666,0.05382101354202872,0.0,12
48,3,2,reply_null,3,722191,2,0.05679823947757291,0.3333333333333333,0.08703695484126264,2.233045086654143e-16,12
48,3,2,reply_null,3,722191,3,0.08250482618965937,0.5,0.12675357903957188,2.2367652171050037e-16,12
48,3,2,reply_null,3,722191,4,0.10907492297221977,0.6666666666666666,0.16748793470102555,2.26547221731819e-16,12
48,3,2,reply_null,3,722191,5,0.1818452386624858,0.8333333333333334,0.2837846186798109,2.267099425889969e-16,12
48,3,2,reply_null,3,722191,6,0.2052735419281352,1.0,0.32143945954717895,2.267446779548745e-16,12
48,3,2,reply_null,3,722191,7,0.2325662625067026,1.1666666666666667,0.3652320278589301,4.470523691229787e-16,12
48,3,2,reply_null,3,722191,8,0.2684747059532592,1.3333333333333333,0.42320223322950223,4.491148168861464e-16,12
48,3,2,reply_null,3,722191,9,0.3362317834558006,1.5,0.5360226546757124,4.520295661392403e-16,12
48,3,2,reply_null,3,722191,10,0.3761091179987488,1.6666666666666667,0.6047437464713702,4.526710365672379e-16,12
48,3,2,reply_null,3,722191,11,0.3895424295808042,1.8333333333333333,0.6280761441650585,4.681558611826658e-16,12
48,3,2,reply_null,3,722191,12,0.4480437626942467,2.0,0.7285531027558282,4.582268442862869e-16,12
48,3,2,reply_null,4,722192,0,0.0,0.0,0.0,0.0,12
48,3,2,reply_null,4,722192,1,0.010282140594302923,0.16666666666666666,0.015502775166054968,0.0,12
48,3,2,reply_null,4,722192,2,0.08049214814330478,0.3333333333333333,0.1250503572936279,2.512317430056594e-18,12
48,3,2,reply_null,4,722192,3,0.09243548646704042,0.5,0.1431356183272801,1.251856707115938e-16,12
48,3,2,reply_null,4,722192,4,0.11935985934522408,0.6666666666666666,0.18609429875775899,2.3333901079007786e-16,12
48,3,2,reply_null,4,722192,5,0.1719206395173113,0.8333333333333334,0.26764143921268413,2.3433034693193795e-16,12
48,3,2,reply_null,4,722192,6,0.19361665000263545,1.0,0.30228951483507577,2.548769182022836e-16,12
48,3,2,reply_null,4,722192,7,0.23637756606926275,1.1666666666666667,0.3731319719662533,2.573493265968931e-16,12
48,3,2,reply_null,4,722192,8,0.24444200431135998,1.3333333333333333,0.38574285525103397,2.5805092719140925e-16,12
48,3,2,reply_null,4,722192,9,0.29014513801314135,1.5,0.46492378045685184,2.582239911955427e-16,12
48,3,2,reply_null,4,722192,10,0.3008380071636031,1.6666666666666667,0.4826673410802071,2.6516647453251257e-16,12
48,3,2,reply_null,4,722192,11,0.3614170930892824,1.8333333333333333,0.5878517768325562,2.653333888699221e-16,12
48,3,2,reply_null,4,722192,12,0.37712692712401025,2.0,0.6167789661095364,2.995123175226512e-16,12
48,3,2,reply_null,5,722193,0,0.0,0.0,0.0,0.0,12
48,3,2,reply_null,5,722193,1,0.00851863294127259,0.16666666666666666,0.012832529615123394,0.0,12
48,3,2,reply_null,5,722193,2,0.07571922410158091,0.3333333333333333,0.11778284107822042,2.225980630163809e-16,12
48,3,2,reply_null,5,722193,3,0.08305933486350917,0.5,0.1291592379839602,2.227343977354179e-16,12
48,3,2,reply_null,5,722193,4,0.19277560797974588,0.6666666666666666,0.3132031853045319,2.239163911054515e-16,12
48,3,2,reply_null,5,722193,5,0.26794476081323715,0.8333333333333334,0.4430718957247089,2.314325299372895e-16,12
48,3,2,reply_null,5,722193,6,0.284107596507906,1.0,0.4712351697161639,2.4447755363254653e-16,12
48,3,2,reply_null,5,722193,7,0.2925586547117006,1.1666666666666667,0.4849733983282473,2.574665855213398e-16,12
48,3,2,reply_null,5,722193,8,0.30645737933450967,1.3333333333333333,0.5068124577531893,2.5777707359074615e-16,12
48,3,2,reply_null,5,722193,9,0.3218630595710581,1.5,0.5350155609043366,2.5898853059254223e-16,12
48,3,2,reply_null,5,722193,10,0.3905757109709147,1.6666666666666667,0.6472269138163009,3.712226405540832e-16,12
48,3,2,reply_null,5,722193,11,0.40449026106447633,1.8333333333333333,0.6704160036912649,3.774351970975864e-16,12
48,3,2,reply_null,5,722193,12,0.4364327019879273,2.0,0.7306450792354403,2.7910791788294966e-16,12
48,3,2,reply_null,6,722194,0,0.0,0.0,0.0,0.0,12
48,3,2,reply_null,6,722194,1,0.06194557180774785,0.16666666666666666,0.09585665513536938,2.220446049250313e-16,12
48,3,2,reply_null,6,722194,2,0.15740438722915548,0.3333333333333333,0.24649537807004532,4.45467092442018e-16,12
48,3,2,reply_null,6,722194,3,0.16519128644613768,0.5,0.2589613649098701,4.455113965449312e-16,12
48,3,2,reply_null,6,722194,4,0.17457244859688448,0.6666666666666666,0.2737954403590094,4.464556620031133e-16,12
48,3,2,reply_null,6,722194,5,0.1862321905180326,0.8333333333333334,0.2926234443747451,4.497905294805792e-16,12
48,3,2,reply_null,6,722194,6,0.19381414379770778,1.0,0.30518436288603606,4.60826792020488e-16,12
48,3,2,reply_null,6,722194,7,0.35577427448898424,1.1666666666666667,0.5777785969992597,4.60960364946665e-16,12
48,3,2,reply_null,6,722194,8,0.3970877398117394,1.3333333333333333,0.6499176337343294,4.610039094213142e-16,12
48,3,2,reply_null,6,722194,9,0.44666003372227103,1.5,0.7339643780619054,4.616094464096352e-16,12
48,3,2,reply_null,6,722194,10,0.4633276405151401,1.6666666666666667,0.7612227445157443,4.684682870832379e-16,12
48,3,2,reply_null,6,722194,11,0.5063834056459708,1.8333333333333333,0.8353742302139777,4.686079952667629e-16,12
48,3,2,reply_null,6,722194,12,0.5184175810466215,2.0,0.8571132970755752,4.908443533694631e-16,12
48,3,2,reply_null,7,722195,0,0.0,0.0,0.0,0.0,12
48,3,2,reply_null,7,722195,1,0.028973621670991864,0.16666666666666666,0.04409616049894606,0.0,12
48,3,2,reply_null,7,722195,2,0.06835103156021159,0.3333333333333333,0.10508387070922366,1.4446245662779394e-17,12
48,3,2,reply_null,7,722195,3,0.10541710705454913,0.5,0.16254175618449795,2.907012732862025e-17,12
48,3,2,reply_null,7,722195,4,0.14524415056504053,0.6666666666666666,0.22742439924750693,1.1376228220968573e-16,12
48,3,2,reply_null,7,722195,5,0.16419736808018598,0.8333333333333334,0.25694221241107196,1.1403227674058048e-16,12
48,3,2,reply_null,7,722195,6,0.1868833192796947,1.0,0.2920729197131603,4.461109698785537e-16,12
48,3,2,reply_null,7,722195,7,0.25940719548266844,1.1666666666666667,0.4093122383672655,4.46117311845994e-16,12
48,3,2,reply_null,7,722195,8,0.267404624571574,1.3333333333333333,0.42238684997561615,4.464742715709088e-16,12
48,3,2,reply_null,7,722195,9,0.38802565576140224,1.5,0.6338096982766939,4.481979656632569e-16,12
48,3,2,reply_null,7,722195,10,0.4501988474245762,1.6666666666666667,0.7352264486845634,4.486461909745681e-16,12
48,3,2,reply_null,7,722195,11,0.465373933177751,1.8333333333333333,0.7614733783651625,4.590783018541444e-16,12
48,3,2,reply_null,7,722195,12,0.5964548664372733,2.0,0.9982283004587207,4.571667967175264e-16,12
48,3,8,random,0,722196,0,0.0,0.0,0.0,0.0,12
48,3,8,random,0,722196,1,0.23386456499632116,0.6666666666666666,0.0988025107875344,0.0,12
48,3,8,random,0,722196,2,0.30848567470143246,1.3333333333333333,0.1345798399384854,2.2226855363894044e-16,12
48,3,8,random,0,722196,3,0.61922527326159,2.0,0.28130126427819335,2.264176523337019e-16,12
48,3,8,random,0,722196,4,0.6783822046566549,2.6666666666666665,0.3125951686048367,2.3441907672737966e-16,12
48,3,8,random,0,722196,5,0.7857766963957369,3.3333333333333335,0.36173921998779196,3.4538339393869615e-16,12
48,3,8,random,0,722196,6,0.8673487441066603,4.0,0.39540588219272105,3.4637210779357055e-16,12
48,3,8,random,0,722196,7,0.9041421108579489,4.666666666666667,0.4170809242551814,3.4916790311693754e-16,12
48,3,8,random,0,722196,8,0.9275388957924501,5.333333333333333,0.4292271822806324,3.4949513496888086e-16,12
48,3,8,random,0,722196,9,0.9608357395129473,6.0,0.44495159420201946,3.49520623840363e-16,12
48,3,8,random,0,722196,10,1.1410010045700099,6.666666666666667,0.5411470910841444,3.5016601708831564e-16,12
48,3,8,random,0,722196,11,1.2751547250821904,7.333333333333333,0.606473291503323,3.531371619019034e-16,12
48,3,8,random,0,722196,12,1.3419620601956068,8.0,0.645146428830557,3.6748943022479566e-16,12
48,3,8,random,1,722197,0,0.0,0.0,0.0,0.0,12
48,3,8,random,1,722197,1,0.03166775875227894,0.6666666666666666,0.012065444018019386,0.0,12
48,3,8,random,1,722197,2,0.16000647278168306,1.3333333333333333,0.06494863349421234,1.568985277659046e-17,12
48,3,8,random,1,722197,3,0.4177136303819118,2.0,0.1753530353340392,4.512650386651721e-16,12
48,3,8,random,1,722197,4,0.6596351943122429,2.6666666666666665,0.279914142926607,4.607691028310549e-16,12
48,3,8,random,1,722197,5,0.8007396395376589,3.3333333333333335,0.34934520752880877,4.664683945937172e-16,12
48,3,8,random,1,722197,6,0.8883936869229858,4.0,0.3961999505360044,4.676086163896088e-16,12
48,3,8,random,1,722197,7,0.9653677773331626,4.666666666666667,0.43931019815865147,4.747228133174867e-16,12
48,3,8,random,1,722197,8,1.2609436597936152,5.333333333333333,0.6195956663706279,4.750112824056547e-16,12
48,3,8,random,1,722197,9,1.2663083374347501,6.0,0.6225462584489772,4.770172387777978e-16,12
48,3,8,random,1,722197,10,1.484696598754102,6.666666666666667,0.7551174940448535,4.772336725753363e-16,12
48,3,8,random,1,722197,11,1.554244406461132,7.333333333333333,0.8016386249621711,4.77717267541482e-16,12
48,3,8,random,1,722197,12,1.725654272553402,8.0,0.8962878983507419,4.786474422506264e-16,12
48,3,8,random,2,722198,0,0.0,0.0,0.0,0.0,12
48,3,8,random,2,722198,1,0.2102221540356895,0.6666666666666666,0.08773205886047074,0.0,12
48,3,8,random,2,722198,2,0.24054511544377505,1.3333333333333333,0.09987524946461926,1.3030199200065175e-17,12
48,3,8,random,2,722198,3,0.3667997976213539,2.0,0.15362594531844842,5.56165367065776e-16,12
48,3,8,random,2,722198,4,0.5436581875336857,2.6666666666666665,0.24010903837858236,5.568811331568304e-16,12
48,3,8,random,2,722198,5,0.7770447015544463,3.3333333333333335,0.344304591305588,5.572709236430243e-16,12
48,3,8,random,2,722198,6,0.9497160801036937,4.0,0.4347447180969776,5.629424635475811e-16,12
48,3,8,random,2,722198,7,1.1005217789400679,4.666666666666667,0.5137049249778866,5.636101262301773e-16,12
48,3,8,random,2,722198,8,1.1996301699937808,5.333333333333333,0.5680874355131521,5.637113742721394e-16,12
48,3,8,random,2,722198,9,1.3106826373976577,6.0,0.6315272353661406,5.637162024308454e-16,12
48,3,8,random,2,722198,10,1.4690174979234931,6.666666666666667,0.7375772918661854,5.646945367823893e-16,12
48,3,8,random,2,722198,11,1.5931144955501613,7.333333333333333,0.8114089992958884,5.647112840438671e-16,12
48,3,8,random,2,722198,12,1.6162703829252214,8.0,0.8248217082565112,5.761886852000975e-16,12
48,3,8,random,3,722199,0,0.0,0.0,0.0,0.0,12
48,3,8,random,3,722199,1,0.1967093358568079,0.6666666666666666,0.08152130160511889,3.3306690738754696e-16,12
48,3,8,random,3,722199,2,0.28307341732586044,1.3333333333333333,0.12213947222253377,2.2688584820535784e-16,12
48,3,8,random,3,722199,3,0.626081603696165,2.0,0.3218751985360348,2.3136375898807634e-16,12
48,3,8,random,3,722199,4,0.759262713685162,2.6666666666666665,0.38850020461142815,2.317676266218783e-16,12
48,3,8,random,3,722199,5,1.0371195167742278,3.3333333333333335,0.5237265171976643,2.3465226501400367e-16,12
48,3,8,random,3,722199,6,1.1228657095677637,4.0,0.5671944723401257,2.3962823579280396e-16,12
48,3,8,random,3,722199,7,1.1678317120079358,4.666666666666667,0.5899785045250039,2.427149641330788e-16,12
48,3,8,random,3,722199,8,1.2272061973913662,5.333333333333333,0.6210351502132238,2.468688205553702e-16,12
48,3,8,random,3,722199,9,1.3087347878412903,6.0,0.6643971174205564,4.546784511378802e-16,12
48,3,8,random,3,722199,10,1.3438833998644144,6.666666666666667,0.6862877486757472,4.572365205691357e-16,12
48,3,8,random,3,722199,11,1.3626742368550602,7.333333333333333,0.6991509290522694,4.573851686149836e-16,12
48,3,8,random,3,722199,12,1.5727484499502324,8.0,0.8376429527891117,3.0023083159442973e-16,12
48,3,8,random,4,722200,0,0.0,0.0,0.0,0.0,12
48,3,8,random,4,722200,1,0.08551124890510826,0.6666666666666666,0.033477680404846374,1.1102230246251565e-16,12
48,3,8,random,4,722200,2,0.32847677881016896,1.3333333333333333,0.14361500234167596,2.226295081674987e-16,12
48,3,8,random,4,722200,3,0.45263569502888645,2.0,0.19321162026616362,2.2659749414318004e-16,12
48,3,8,random,4,722200,4,0.49437209669831006,2.6666666666666665,0.21181555348995304,2.26699840777386e-16,12
48,3,8,random,4,722200,5,0.5243426438651163,3.3333333333333335,0.22620538594334125,2.3323799802666576e-16,12
48,3,8,random,4,722200,6,0.5820593131176964,4.0,0.2549436311193673,2.353307178754566e-16,12
48,3,8,random,4,722200,7,0.6618515459844898,4.666666666666667,0.2943251598239346,2.93418916651295e-16,12
48,3,8,random,4,722200,8,0.6677399160653202,5.333333333333333,0.29743468084647606,3.132518917980446e-16,12
48,3,8,random,4,722200,9,0.8288529356909469,6.0,0.3959334925761305,3.180817312500972e-16,12
48,3,8,random,4,722200,10,0.9261518630674321,6.666666666666667,0.4425774351305441,3.2124036156688163e-16,12
48,3,8,random,4,722200,11,0.9642451716930833,7.333333333333333,0.4659416711747313,3.5424551173235547e-16,12
48,3,8,random,4,722200,12,1.030841751840955,8.0,0.5117557447741838,3.1647910748881324e-16,12
48,3,8,random,5,722201,0,0.0,0.0,0.0,0.0,12
48,3,8,random,5,722201,1,0.28493528136473617,0.6666666666666666,0.12362848894596885,0.0,12
48,3,8,random,5,722201,2,0.3319839808820058,1.3333333333333333,0.1429710157189822,4.460566691871951e-16,12
48,3,8,random,5,722201,3,0.5562119128889111,2.0,0.24400142254085433,4.470667713548071e-16,12
48,3,8,random,5,722201,4,0.6693566861892364,2.6666666666666665,0.3067955627337951,4.475457627948725e-16,12
48,3,8,random,5,722201,5,0.7967606838458292,3.3333333333333335,0.3708225027549771,4.4754867114740705e-16,12
48,3,8,random,5,722201,6,0.9922126592090781,4.0,0.48220494990736856,4.487014372335832e-16,12
48,3,8,random,5,722201,7,1.0444780105994123,4.666666666666667,0.5067005959183609,4.487968388768633e-16,12
48,3,8,random,5,722201,8,1.1891755691240806,5.333333333333333,0.5719954689501624,4.500184028106106e-16,12
48,3,8,random,5,722201,9,1.3033644563018245,6.0,0.6367977591449376,4.501591263802258e-16,12
48,3,8,random,5,722201,10,1.3184545181825071,6.666666666666667,0.6466681853603787,4.503127470948338e-16,12
48,3,8,random,5,722201,11,1.423260036844515,7.333333333333333,0.721963041155252,4.616800427237417e-16,12
48,3,8,random,5,722201,12,1.4527355602907475,8.0,0.7418939168696661,4.511204289102162e-16,12
48,3,8,random,6,722202,0,0.0,0.0,0.0,0.0,12
48,3,8,random,6,722202,1,0.13532398266444368,0.6666666666666666,0.05434037043853816,1.1102230246251565e-16,12
48,3,8,random,6,722202,2,0.1442416970779795,1.3333333333333333,0.05784613068233009,5.096881914921157e-17,12
48,3,8,random,6,722202,3,0.22065018756118088,2.0,0.08849504501537443,3.7027709801602045e-16,12
48,3,8,random,6,722202,4,0.3164854859940973,2.6666666666666665,0.12838991804689148,3.743269730242761e-16,12
48,3,8,random,6,722202,5,0.3823785776550925,3.3333333333333335,0.1579168797216637,3.7601004887395018e-16,12
48,3,8,random,6,722202,6,0.556131307636272,4.0,0.2387761769422339,3.7646887154966675e-16,12
48,3,8,random,6,722202,7,0.5760583002471645,4.666666666666667,0.2484661463876909,4.527057532614586e-16,12
48,3,8,random,6,722202,8,0.6279776088873205,5.333333333333333,0.27515373272167215,4.537226271342368e-16,12
48,3,8,random,6,722202,9,0.8121761408377721,6.0,0.37068000091051434,4.593462287862188e-16,12
48,3,8,random,6,722202,10,0.9996625504293873,6.666666666666667,0.46149817286044154,4.596365261508059e-16,12
48,3,8,random,6,722202,11,1.1066379243557727,7.333333333333333,0.5226818283384141,4.774549919718439e-16,12
48,3,8,random,6,722202,12,1.1885099878238088,8.0,0.5662088785451581,4.591259906424384e-16,12
48,3,8,random,7,722203,0,0.0,0.0,0.0,0.0,12
48,3,8,random,7,722203,1,0.052518849107942425,0.6666666666666666,0.020220910270841958,0.0,12
48,3,8,random,7,722203,2,0.10526539210063227,1.3333333333333333,0.04053184458620956,3.3603625223922356e-16,12
48,3,8,random,7,722203,3,0.3031246398772126,2.0,0.12581808152669738,3.3613688053888133e-16,12
48,3,8,random,7,722203,4,0.6438167189770525,2.6666666666666665,0.29716807078501084,3.3643126087847096e-16,12
48,3,8,random,7,722203,5,0.6722865145703268,3.3333333333333335,0.3109630870099853,3.3653515790590096e-16,12
48,3,8,random,7,722203,6,0.9033901643984655,4.0,0.425219607507081,3.3747301022779487e-16,12
48,3,8,random,7,722203,7,1.03226129591551,4.666666666666667,0.49276743307002074,3.386497745021609e-16,12
48,3,8,random,7,722203,8,1.4649365081763301,5.333333333333333,0.8052578877012568,3.4100802189344066e-16,12
48,3,8,random,7,722203,9,1.6656395292226662,6.0,0.9268604917451142,3.4414534228674445e-16,12
48,3,8,random,7,722203,10,1.7460946852416264,6.666666666666667,0.9836713694426135,3.4427399505227095e-16,12
48,3,8,random,7,722203,11,1.7497455081155282,7.333333333333333,0.9859694994202636,4.541210565774114e-16,12
48,3,8,random,7,722203,12,1.9462866348702292,8.0,1.1276898228864505,3.4917371118761213e-16,12
48,3,8,krylov,0,722204,0,0.0,0.0,0.0,0.0,12
48,3,8,krylov,0,722204,1,0.07852011691270573,0.6666666666666666,0.030631918165665153,0.0,12
48,3,8,krylov,0,722204,2,0.12765608061907913,1.3333333333333333,0.05106082023762576,2.510912905005106e-16,12
48,3,8,krylov,0,722204,3,0.17041691341893855,2.0,0.06967467144212962,2.543621425796399e-16,12
48,3,8,krylov,0,722204,4,0.21880059958018222,2.6666666666666665,0.09171865558285751,4.444154672819049e-16,12
48,3,8,krylov,0,722204,5,0.2932012061158226,3.3333333333333335,0.12776719607025855,4.574574091696634e-16,12
48,3,8,krylov,0,722204,6,0.3900468115273497,4.0,0.17889372571041146,4.574685314240299e-16,12
48,3,8,krylov,0,722204,7,0.47873169647486835,4.666666666666667,0.23025976071976262,4.580516558031052e-16,12
48,3,8,krylov,0,722204,8,0.5844025660676453,5.333333333333333,0.29771959402262593,4.58058826078816e-16,12
48,3,8,krylov,0,722204,9,0.7093872513045056,6.0,0.3872794930952053,4.645790896986328e-16,12
48,3,8,krylov,0,722204,10,0.8420186020770118,6.666666666666667,0.4953928209231828,4.906857589588837e-16,12
48,3,8,krylov,0,722204,11,1.0059416002806367,7.333333333333333,0.6504303183489518,4.914877493385853e-16,12
48,3,8,krylov,0,722204,12,1.1150090278075595,8.0,0.7685983913331068,4.664416496736206e-16,12
48,3,8,krylov,1,722205,0,0.0,0.0,0.0,0.0,12
48,3,8,krylov,1,722205,1,0.012771365465767466,0.6666666666666666,0.004819975368704008,1.1102230246251565e-16,12
48,3,8,krylov,1,722205,2,0.03041875729337314,1.3333333333333333,0.011582300500036993,4.456968495854191e-16,12
48,3,8,krylov,1,722205,3,0.04894358766487474,2.0,0.018810415135762773,4.471851302593662e-16,12
48,3,8,krylov,1,722205,4,0.06696852442777464,2.6666666666666665,0.025973183256458584,4.488262171041646e-16,12
48,3,8,krylov,1,722205,5,0.09356116544702671,3.3333333333333335,0.03677916213925515,4.488913016525047e-16,12
48,3,8,krylov,1,722205,6,0.14946616558540574,4.0,0.0604553179294847,4.490535436382981e-16,12
48,3,8,krylov,1,722205,7,0.2604258860566469,4.666666666666667,0.11155595577777183,4.498605159190627e-16,12
48,3,8,krylov,1,722205,8,0.387259544485388,5.333333333333333,0.17735202554712018,4.5002168532348805e-16,12
48,3,8,krylov,1,722205,9,0.5502872252570297,6.0,0.275156596279894,4.503326812531988e-16,12
48,3,8,krylov,1,722205,10,0.6753103433095523,6.666666666666667,0.3617409731453959,4.50404130190424e-16,12
48,3,8,krylov,1,722205,11,0.7667565622476925,7.333333333333333,0.43228970038467424,4.611098191850508e-16,12
48,3,8,krylov,1,722205,12,0.8562545482822093,8.0,0.5078723041660804,4.587487728143602e-16,12
48,3,8,krylov,2,722206,0,0.0,0.0,0.0,0.0,12
48,3,8,krylov,2,722206,1,0.3508583166184501,0.6666666666666666,0.15760728027048643,0.0,12
48,3,8,krylov,2,722206,2,0.7037305932466564,1.3333333333333333,0.3829797113211481,2.387324537953125e-16,12
48,3,8,krylov,2,722206,3,0.8985793831535835,2.0,0.5460417893601061,2.3909566708995984e-16,12
48,3,8,krylov,2,722206,4,0.9929387722896169,2.6666666666666665,0.637183136362186,2.396763997105389e-16,12
48,3,8,krylov,2,722206,5,1.1101087346385226,3.3333333333333335,0.7630081320890397,2.397102904792098e-16,12
48,3,8,krylov,2,722206,6,1.1586881544915892,4.0,0.8196567450433578,2.409377441986542e-16,12
48,3,8,krylov,2,722206,7,1.1957234965791677,4.666666666666667,0.8647307805282991,2.409421883924798e-16,12
48,3,8,krylov,2,722206,8,1.2242790643551564,5.333333333333333,0.9006422934610567,2.4102108852475144e-16,12
48,3,8,krylov,2,722206,9,1.2469137038808404,6.0,0.9298452493493818,2.767849848879418e-16,12
48,3,8,krylov,2,722206,10,1.2584450200156412,6.666666666666667,0.9449789203037572,2.7678510868156474e-16,12
48,3,8,krylov,2,722206,11,1.2688168637084682,7.333333333333333,0.9587407799020327,3.006014476875906e-16,12
48,3,8,krylov,2,722206,12,1.2785120196022488,8.0,0.9717344909324849,3.2327354260810005e-16,12
48,3,8,krylov,3,722207,0,0.0,0.0,0.0,0.0,12
48,3,8,krylov,3,722207,1,0.10193244571927218,0.6666666666666666,0.04024074966028901,0.0,12
48,3,8,krylov,3,722207,2,0.1854309452727217,1.3333333333333333,0.07640140243864585,9.031516952361796e-18,12
48,3,8,krylov,3,722207,3,0.2642108939999421,2.0,0.1134010636063477,4.446219161741237e-16,12
48,3,8,krylov,3,722207,4,0.3715447539610525,2.6666666666666665,0.16873977625227604,4.446222683584498e-16,12
48,3,8,krylov,3,722207,5,0.4932143661681917,3.3333333333333335,0.23908932138712144,4.446397681294819e-16,12
48,3,8,krylov,3,722207,6,0.5531119718219776,4.0,0.2769957201985059,4.457646686833434e-16,12
48,3,8,krylov,3,722207,7,0.5996526653091939,4.666666666666667,0.30805725945716583,4.552585748956451e-16,12
48,3,8,krylov,3,722207,8,0.658292973513797,5.333333333333333,0.3493096537396584,4.555841324950906e-16,12
48,3,8,krylov,3,722207,9,0.7302628207133532,6.0,0.4033597700676711,4.555944980361941e-16,12
48,3,8,krylov,3,722207,10,0.8078217664255838,6.666666666666667,0.4661313176189846,4.55677130874918e-16,12
48,3,8,krylov,3,722207,11,0.8912714721037802,7.333333333333333,0.5393354324665046,4.578932032579698e-16,12
48,3,8,krylov,3,722207,12,0.9461094689096147,8.0,0.5908760321599569,4.613064347050673e-16,12
48,3,8,krylov,4,722208,0,0.0,0.0,0.0,0.0,12
48,3,8,krylov,4,722208,1,0.15231143206840997,0.6666666666666666,0.06169606864660423,2.220446049250313e-16,12
48,3,8,krylov,4,722208,2,0.3223517014791842,1.3333333333333333,0.14263881330965464,2.291234938585593e-16,12
48,3,8,krylov,4,722208,3,0.45887913143828907,2.0,0.2183622903623888,2.328683722685399e-16,12
48,3,8,krylov,4,722208,4,0.576960362925366,2.6666666666666665,0.292731661770599,2.374493287811446e-16,12
48,3,8,krylov,4,722208,5,0.6476781916758827,3.3333333333333335,0.34166192607044343,2.3765631451651418e-16,12
48,3,8,krylov,4,722208,6,0.7185151516644547,4.0,0.39426935721416173,2.407342218549698e-16,12
48,3,8,krylov,4,722208,7,0.7665898828296078,4.666666666666667,0.43215515302063817,4.507727923208101e-16,12
48,3,8,krylov,4,722208,8,0.813756592894112,5.333333333333333,0.47113812860760157,4.512615181271461e-16,12
48,3,8,krylov,4,722208,9,0.8461265330922689,6.0,0.49897568863597563,4.619744865699706e-16,12
48,3,8,krylov,4,722208,10,0.8866872063169635,6.666666666666667,0.535153468766164,4.652610124155803e-16,12
48,3,8,krylov,4,722208,11,0.9218881473300884,7.333333333333333,0.5677622908646252,4.658785898786664e-16,12
48,3,8,krylov,4,722208,12,0.9484775162768841,8.0,0.5931659826405227,4.522683592438026e-16,12
48,3,8,krylov,5,722209,0,0.0,0.0,0.0,0.0,12
48,3,8,krylov,5,722209,1,0.4771130636492733,0.6666666666666666,0.22928085985730856,1.1102230246251565e-16,12
48,3,8,krylov,5,722209,2,0.7040582757828893,1.3333333333333333,0.38322812873416784,3.1397553818279336e-18,12
48,3,8,krylov,5,722209,3,0.8169422441752892,2.0,0.4738379276469737,1.603643630876576e-17,12
48,3,8,krylov,5,722209,4,0.9358172736268086,2.6666666666666665,0.5809860296398803,5.572867415180911e-17,12
48,3,8,krylov,5,722209,5,1.0201546142171023,3.3333333333333335,0.6651088396690089,2.259786905696003e-16,12
48,3,8,krylov,5,722209,6,1.0824371778220978,4.0,0.7319493792472704,2.26575071595816e-16,12
48,3,8,krylov,5,722209,7,1.1325713947553124,4.666666666666667,0.7888600868030524,2.2663799096706314e-16,12
48,3,8,krylov,5,722209,8,1.163899298311946,5.333333333333333,0.8258985224324263,2.319201885571866e-16,12
48,3,8,krylov,5,722209,9,1.178218069271623,6.0,0.8432176114493637,2.3192570755947453e-16,12
48,3,8,krylov,5,722209,10,1.1913504756652322,6.666666666666667,0.8593212485163888,2.543290603532277e-16,12
48,3,8,krylov,5,722209,11,1.2066857110779787,7.333333333333333,0.8783957375169925,2.5466372084137124e-16,12
48,3,8,krylov,5,722209,12,1.2212921359360798,8.0,0.8968377260560072,2.625325888505468e-16,12
48,3,8,krylov,6,722210,0,0.0,0.0,0.0,0.0,12
48,3,8,krylov,6,722210,1,0.057990569599992464,0.6666666666666666,0.022389375832914643,2.220446049250313e-16,12
48,3,8,krylov,6,722210,2,0.13228374153539943,1.3333333333333333,0.05303705438738932,2.220491679571705e-16,12
48,3,8,krylov,6,722210,3,0.1811382116097629,2.0,0.07446780961168259,2.322466297834249e-16,12
48,3,8,krylov,6,722210,4,0.24952904092245776,2.6666666666666665,0.10628281336484967,2.6584015584360255e-16,12
48,3,8,krylov,6,722210,5,0.35051176480163065,3.3333333333333335,0.15742273622874092,3.4998485095678e-16,12
48,3,8,krylov,6,722210,6,0.4740377600561408,4.0,0.22742536732151827,3.655736982828217e-16,12
48,3,8,krylov,6,722210,7,0.608708933679363,4.666666666666667,0.31427130487160165,3.674643956909578e-16,12
48,3,8,krylov,6,722210,8,0.7463028866680206,5.333333333333333,0.41594537927872716,3.7040292281681673e-16,12
48,3,8,krylov,6,722210,9,0.8802259939132556,6.0,0.5292917312427035,3.70617979902333e-16,12
48,3,8,krylov,6,722210,10,0.9959926162161099,6.666666666666667,0.6402789102849377,3.706730001208063e-16,12
48,3,8,krylov,6,722210,11,1.0845767242880369,7.333333333333333,0.7343202843059502,3.762776870073949e-16,12
48,3,8,krylov,6,722210,12,1.158315386798779,8.0,0.8192114985967089,4.597090663528638e-16,12
48,3,8,krylov,7,722211,0,0.0,0.0,0.0,0.0,12
48,3,8,krylov,7,722211,1,0.1289714583957895,0.6666666666666666,0.05162161992295624,0.0,12
48,3,8,krylov,7,722211,2,0.24508638027857457,1.3333333333333333,0.10414937972118413,2.22641769652154e-16,12
48,3,8,krylov,7,722211,3,0.3628958462572644,2.0,0.16405729945621722,2.457777582830519e-16,12
48,3,8,krylov,7,722211,4,0.4523221742104797,2.6666666666666665,0.2144843667872386,6.688414073433859e-16,12
48,3,8,krylov,7,722211,5,0.5335479914183777,3.3333333333333335,0.26436405443031863,6.691047029932613e-16,12
48,3,8,krylov,7,722211,6,0.599704368084977,4.0,0.308092576326481,6.702179609039094e-16,12
48,3,8,krylov,7,722211,7,0.6531749975387204,4.666666666666667,0.34561212433761346,6.722137334492674e-16,12
48,3,8,krylov,7,722211,8,0.7368952618582048,5.333333333333333,0.4085393530847619,6.722170544913974e-16,12
48,3,8,krylov,7,722211,9,0.8463827549145222,6.0,0.49919964897006003,6.730635828022805e-16,12
48,3,8,krylov,7,722211,10,0.8952417445031242,6.666666666666667,0.5429728091077961,6.747023193211412e-16,12
48,3,8,krylov,7,722211,11,0.9224805885131376,7.333333333333333,0.5683209875526813,6.747436125981366e-16,12
48,3,8,krylov,7,722211,12,0.9541295308934292,8.0,0.5986535642629032,6.782813963671694e-16,12
48,3,8,reply_null,0,722212,0,0.0,0.0,0.0,0.0,12
48,3,8,reply_null,0,722212,1,0.10878002816204978,0.6666666666666666,0.0430939023778772,0.0,12
48,3,8,reply_null,0,722212,2,0.4117455024899096,1.3333333333333333,0.17998776084505647,2.3530559873330908e-17,12
48,3,8,reply_null,0,722212,3,0.4366179573551683,2.0,0.1915179045802637,1.2220354582700028e-16,12
48,3,8,reply_null,0,722212,4,0.5698430732650785,2.6666666666666665,0.2476060743866622,2.3099964678471844e-16,12
48,3,8,reply_null,0,722212,5,0.7122496060015912,3.3333333333333335,0.3089105567155228,2.31698717157606e-16,12
48,3,8,reply_null,0,722212,6,0.7913389291867441,4.0,0.3464727791978296,2.3590409536963946e-16,12
48,3,8,reply_null,0,722212,7,1.0936052292850396,4.666666666666667,0.5028423063766164,2.3714440228436087e-16,12
48,3,8,reply_null,0,722212,8,1.2672524693532146,5.333333333333333,0.593039524864678,2.3766691664981333e-16,12
48,3,8,reply_null,0,722212,9,1.3637758625669434,6.0,0.6501148805904221,2.6934264217787424e-16,12
48,3,8,reply_null,0,722212,10,1.4926677536865927,6.666666666666667,0.7281079647112753,2.7118753683335694e-16,12
48,3,8,reply_null,0,722212,11,1.6240328353355808,7.333333333333333,0.8169493235431748,2.750208986530903e-16,12
48,3,8,reply_null,0,722212,12,1.6404713813336325,8.0,0.8266913877726118,4.622692977553944e-16,12
48,3,8,reply_null,1,722213,0,0.0,0.0,0.0,0.0,12
48,3,8,reply_null,1,722213,1,0.33230571811463694,0.6666666666666666,0.14781712842930983,0.0,12
48,3,8,reply_null,1,722213,2,0.41728286601161163,1.3333333333333333,0.18109076328386625,4.453469807268089e-16,12
48,3,8,reply_null,1,722213,3,0.494868313887766,2.0,0.2139766460022766,4.453497780707794e-16,12
48,3,8,reply_null,1,722213,4,0.6126094250246914,2.6666666666666665,0.268428652477076,4.471738826228252e-16,12
48,3,8,reply_null,1,722213,5,0.7599617147166489,3.3333333333333335,0.3549366054536477,4.481021833143983e-16,12
48,3,8,reply_null,1,722213,6,0.8506427688474846,4.0,0.3971586801833574,4.727024115851283e-16,12
48,3,8,reply_null,1,722213,7,1.0183570161684177,4.666666666666667,0.4764816637847905,4.761419004545701e-16,12
48,3,8,reply_null,1,722213,8,1.2438417909728066,5.333333333333333,0.6337126750375934,4.771973060558607e-16,12
48,3,8,reply_null,1,722213,9,1.2772439330565346,6.0,0.6505209686445127,4.773199615261761e-16,12
48,3,8,reply_null,1,722213,10,1.4804270932325436,6.666666666666667,0.7631503978177576,4.817962050188183e-16,12
48,3,8,reply_null,1,722213,11,1.5768436008662525,7.333333333333333,0.8118596363640358,4.904831107975618e-16,12
48,3,8,reply_null,1,722213,12,1.9714951555038116,8.0,1.0683432567599427,5.092031053015234e-16,12
48,3,8,reply_null,2,722214,0,0.0,0.0,0.0,0.0,12
48,3,8,reply_null,2,722214,1,0.17315465615729236,0.6666666666666666,0.07089374428727845,0.0,12
48,3,8,reply_null,2,722214,2,0.246922641114987,1.3333333333333333,0.0997724826793724,2.47931171024148e-16,12
48,3,8,reply_null,2,722214,3,0.42269811180580474,2.0,0.1732545499730184,2.4876544271119895e-16,12
48,3,8,reply_null,2,722214,4,0.6689511959656134,2.6666666666666665,0.2949734259124504,4.442361586554667e-16,12
48,3,8,reply_null,2,722214,5,0.7163312372403574,3.3333333333333335,0.3188189234403889,4.526911617759188e-16,12
48,3,8,reply_null,2,722214,6,0.9631492581541099,4.0,0.43379624503647995,4.532974647035004e-16,12
48,3,8,reply_null,2,722214,7,0.9872877002400826,4.666666666666667,0.44696409474960863,4.537458838540868e-16,12
48,3,8,reply_null,2,722214,8,1.0481983431090212,5.333333333333333,0.47972524209897255,4.53745999109528e-16,12
48,3,8,reply_null,2,722214,9,1.350551734775107,6.0,0.6482883584999729,4.545016810404666e-16,12
48,3,8,reply_null,2,722214,10,1.4291430014737425,6.666666666666667,0.6927744495160957,4.558871690440551e-16,12
48,3,8,reply_null,2,722214,11,1.5097005365008802,7.333333333333333,0.7449841475043291,4.581598380639322e-16,12
48,3,8,reply_null,2,722214,12,1.651718042971624,8.0,0.8426975122220421,4.561948196780162e-16,12
48,3,8,reply_null,3,722215,0,0.0,0.0,0.0,0.0,12
48,3,8,reply_null,3,722215,1,0.10727656868113247,0.6666666666666666,0.042465787427437396,2.220446049250313e-16,12
48,3,8,reply_null,3,722215,2,0.6239627127871763,1.3333333333333333,0.2964116372486911,3.3357397690672156e-16,12
48,3,8,reply_null,3,722215,3,0.7844891068821184,2.0,0.36775449454741577,3.3477646764054285e-16,12
48,3,8,reply_null,3,722215,4,0.8120038670167367,2.6666666666666665,0.38079851021060906,3.3499300104441935e-16,12
48,3,8,reply_null,3,722215,5,0.8617258226867502,3.3333333333333335,0.402236254715907,3.3504309846239694e-16,12
48,3,8,reply_null,3,722215,6,0.9972680167717184,4.0,0.4708048676656232,3.457363681037127e-16,12
48,3,8,reply_null,3,722215,7,1.0451173495577222,4.666666666666667,0.4973146313379467,3.46389657832641e-16,12
48,3,8,reply_null,3,722215,8,1.2664932204986283,5.333333333333333,0.6348433769809733,3.464453997739972e-16,12
48,3,8,reply_null,3,722215,9,1.2905956237264264,6.0,0.6517644303965943,3.46469425879873e-16,12
48,3,8,reply_null,3,722215,10,1.3698587601217023,6.666666666666667,0.7054271392709017,3.5061730763633287e-16,12
48,3,8,reply_null,3,722215,11,1.9601214217395992,7.333333333333333,1.045384004043591,3.5379087509244544e-16,12
48,3,8,reply_null,3,722215,12,2.013077961011088,8.0,1.0819734184056446,3.5388022456838694e-16,12
48,3,8,reply_null,4,722216,0,0.0,0.0,0.0,0.0,12
48,3,8,reply_null,4,722216,1,0.1465234434417588,0.6666666666666666,0.05917577751216491,0.0,12
48,3,8,reply_null,4,722216,2,0.33825538514523146,1.3333333333333333,0.1452953090104353,3.334629157198311e-16,12
48,3,8,reply_null,4,722216,3,0.4487551890941421,2.0,0.1932161249324411,3.340225090902904e-16,12
48,3,8,reply_null,4,722216,4,0.47620826718153314,2.6666666666666665,0.20666648051110004,3.3403455939159013e-16,12
48,3,8,reply_null,4,722216,5,0.5981444781419241,3.3333333333333335,0.26551820555135863,3.353260953562456e-16,12
48,3,8,reply_null,4,722216,6,0.6552542049530856,4.0,0.2904394252800032,3.37381281019072e-16,12
48,3,8,reply_null,4,722216,7,0.8292506212512236,4.666666666666667,0.3682959469248702,3.416428639460671e-16,12
48,3,8,reply_null,4,722216,8,0.9126737700216345,5.333333333333333,0.40741472537867746,3.418929306030447e-16,12
48,3,8,reply_null,4,722216,9,1.1136581082983248,6.0,0.5148359076725547,3.4327569157926997e-16,12
48,3,8,reply_null,4,722216,10,1.357949791597011,6.666666666666667,0.6494878956074005,3.4328419660287214e-16,12
48,3,8,reply_null,4,722216,11,1.4145821364411533,7.333333333333333,0.6842056489755983,3.437055609858936e-16,12
48,3,8,reply_null,4,722216,12,1.465313276758127,8.0,0.7156115144481345,4.591875562205395e-16,12
48,3,8,reply_null,5,722217,0,0.0,0.0,0.0,0.0,12
48,3,8,reply_null,5,722217,1,0.12004584625178036,0.6666666666666666,0.04783070410082403,0.0,12
48,3,8,reply_null,5,722217,2,0.32194312698412947,1.3333333333333333,0.13316411565239022,2.580169889492045e-16,12
48,3,8,reply_null,5,722217,3,0.4683378270429409,2.0,0.1965965362634646,2.5816073870302e-16,12
48,3,8,reply_null,5,722217,4,0.7113087557225238,2.6666666666666665,0.3128752888354088,4.475637369198156e-16,12
48,3,8,reply_null,5,722217,5,0.8521071946425509,3.3333333333333335,0.38450394061294924,4.475644087414268e-16,12
48,3,8,reply_null,5,722217,6,0.9569118681463122,4.0,0.4372351223591467,4.479690754247762e-16,12
48,3,8,reply_null,5,722217,7,1.0785487119492845,4.666666666666667,0.5012439197560993,4.725776476002479e-16,12
48,3,8,reply_null,5,722217,8,1.2964238577968565,5.333333333333333,0.6133530872458485,4.728202060156051e-16,12
48,3,8,reply_null,5,722217,9,1.3828151194156837,6.0,0.6683331525640773,4.736433146157805e-16,12
48,3,8,reply_null,5,722217,10,1.5234912871753283,6.666666666666667,0.768483219029144,4.7830040454208905e-16,12
48,3,8,reply_null,5,722217,11,1.627406272538718,7.333333333333333,0.8373446118080701,4.853009148688695e-16,12
48,3,8,reply_null,5,722217,12,1.6467908876255655,8.0,0.8511530422300384,4.752132324374219e-16,12
48,3,8,reply_null,6,722218,0,0.0,0.0,0.0,0.0,12
48,3,8,reply_null,6,722218,1,0.0424701754812829,0.6666666666666666,0.016269351546011415,0.0,12
48,3,8,reply_null,6,722218,2,0.20310100514960183,1.3333333333333333,0.08311509252856802,2.2947472935859746e-16,12
48,3,8,reply_null,6,722218,3,0.2539823733499523,2.0,0.10521825134141154,2.5793719880791094e-16,12
48,3,8,reply_null,6,722218,4,0.48534614733552794,2.6666666666666665,0.2140458432472194,3.176426169762122e-16,12
48,3,8,reply_null,6,722218,5,0.48976573868347434,3.3333333333333335,0.216157231202326,3.180168743203526e-16,12
48,3,8,reply_null,6,722218,6,0.6709914701263309,4.0,0.3136462353459812,3.180229990455107e-16,12
48,3,8,reply_null,6,722218,7,0.8070791871455204,4.666666666666667,0.3792841932627424,3.1851477263510717e-16,12
48,3,8,reply_null,6,722218,8,0.8779268170796777,5.333333333333333,0.4133565019102627,3.1868637003783833e-16,12
48,3,8,reply_null,6,722218,9,0.9889743901840291,6.0,0.4700110859077491,3.1876818727886206e-16,12
48,3,8,reply_null,6,722218,10,1.0086725055490993,6.666666666666667,0.48236347290940773,3.200237650475882e-16,12
48,3,8,reply_null,6,722218,11,1.0825845304437596,7.333333333333333,0.5166257433944406,3.236216675312829e-16,12
48,3,8,reply_null,6,722218,12,1.232556771937527,8.0,0.6212738487399481,3.2388316315989385e-16,12
48,3,8,reply_null,7,722219,0,0.0,0.0,0.0,0.0,12
48,3,8,reply_null,7,722219,1,0.13550426832236567,0.6666666666666666,0.054417781327521904,0.0,12
48,3,8,reply_null,7,722219,2,0.17888331314073924,1.3333333333333333,0.0715051131235266,5.4259762134787155e-17,12
48,3,8,reply_null,7,722219,3,0.2920994433276962,2.0,0.1183079278332735,2.2677102278295213e-16,12
48,3,8,reply_null,7,722219,4,0.41751983504684487,2.6666666666666665,0.1759551797144239,2.2716791625050747e-16,12
48,3,8,reply_null,7,722219,5,0.5449375680127457,3.3333333333333335,0.24288313845124448,2.623040404429796e-16,12
48,3,8,reply_null,7,722219,6,0.6103327405699647,4.0,0.271732983555102,2.6237878899614433e-16,12
48,3,8,reply_null,7,722219,7,0.8143496535983755,4.666666666666667,0.38443903969249277,2.6877112139550177e-16,12
48,3,8,reply_null,7,722219,8,0.8644328154529151,5.333333333333333,0.4075125014064152,2.688020912393852e-16,12
48,3,8,reply_null,7,722219,9,0.8818564710421075,6.0,0.41597978554602766,2.70805058279248e-16,12
48,3,8,reply_null,7,722219,10,0.971782119866306,6.666666666666667,0.4609954749914817,2.7533339329842334e-16,12
48,3,8,reply_null,7,722219,11,1.2021986173030892,7.333333333333333,0.5729200250975973,2.9658479942367573e-16,12
48,3,8,reply_null,7,722219,12,1.2089050208901964,8.0,0.5765358641731779,2.981978443752872e-16,12
48,3,32,random,0,722220,0,0.0,0.0,0.0,0.0,12
48,3,32,random,0,722220,1,0.5862908301481667,2.6666666666666665,0.07474776658205842,0.0,12
48,3,32,random,0,722220,2,1.175594167399594,5.333333333333333,0.1744972830564227,4.442293434675415e-16,12
48,3,32,random,0,722220,3,1.7139522255016617,8.0,0.24668065682924326,4.467727946413156e-16,12
48,3,32,random,0,722220,4,2.385084250052948,10.666666666666666,0.4086511762801705,4.46819690262398e-16,12
48,3,32,random,0,722220,5,2.5155766070503516,13.333333333333334,0.4307580824679863,4.484382169307015e-16,12
48,3,32,random,0,722220,6,2.8368173521401285,16.0,0.5113517736151958,4.484436361248436e-16,12
48,3,32,random,0,722220,7,2.9066943899311477,18.666666666666668,0.5278871966158418,4.653609716830683e-16,12
48,3,32,random,0,722220,8,3.5009034206740965,21.333333333333332,0.7059183878382488,4.674561052964073e-16,12
48,3,32,random,0,722220,9,3.7692135024433626,24.0,0.7761074377698227,4.682035270040495e-16,12
48,3,32,random,0,722220,10,3.9822453350332356,26.666666666666668,0.8384173089450093,4.699369871700707e-16,12
48,3,32,random,0,722220,11,4.006487137887715,29.333333333333332,0.8456745890170558,4.700435361383754e-16,12
48,3,32,random,0,722220,12,4.105569974231492,32.0,0.897452937503601,4.822940356454609e-16,12
48,3,32,random,1,722221,0,0.0,0.0,0.0,0.0,12
48,3,32,random,1,722221,1,0.5907287641453868,2.6666666666666665,0.07549721030968709,2.220446049250313e-16,12
48,3,32,random,1,722221,2,0.8730141683483017,5.333333333333333,0.10673563753536401,1.1265722200877705e-16,12
48,3,32,random,1,722221,3,0.9486958775965616,8.0,0.11876403321912361,1.2806978121724984e-16,12
48,3,32,random,1,722221,4,1.9029551680252275,10.666666666666666,0.2788459959624161,2.394978115565238e-16,12
48,3,32,random,1,722221,5,2.3599416240748963,13.333333333333334,0.3861809583262481,6.688495154558709e-16,12
48,3,32,random,1,722221,6,2.6392412892856316,16.0,0.42982862002471517,6.688509690644297e-16,12
48,3,32,random,1,722221,7,2.7459127685987914,18.666666666666668,0.4527228974807709,6.698234938562564e-16,12
48,3,32,random,1,722221,8,3.190176875365768,21.333333333333332,0.5702195233620081,6.709350156401831e-16,12
48,3,32,random,1,722221,9,3.520979942997844,24.0,0.6535237559609678,6.713268983761796e-16,12
48,3,32,random,1,722221,10,3.7314193013291277,26.666666666666668,0.7077584747680389,6.806389769800432e-16,12
48,3,32,random,1,722221,11,3.7450810183244014,29.333333333333332,0.7123223014035597,6.806445998574109e-16,12
48,3,32,random,1,722221,12,3.8788058994083263,32.0,0.7588159302481405,6.741688593000124e-16,12
48,3,32,random,2,722222,0,0.0,0.0,0.0,0.0,12
48,3,32,random,2,722222,1,0.5203898406900783,2.6666666666666665,0.06400157815770983,2.220446049250313e-16,12
48,3,32,random,2,722222,2,0.6834807235718363,5.333333333333333,0.0843086953935648,2.2235338749797503e-16,12
48,3,32,random,2,722222,3,1.4348477088378206,8.0,0.20560956758189364,2.2401616996541184e-16,12
48,3,32,random,2,722222,4,1.7836341650185032,10.666666666666666,0.2692522093596304,3.3850237720007927e-16,12
48,3,32,random,2,722222,5,1.9333555702828613,13.333333333333334,0.2898966615527174,3.402446812374477e-16,12
48,3,32,random,2,722222,6,2.1441331987944694,16.0,0.3458073818278091,4.688199974933123e-16,12
48,3,32,random,2,722222,7,2.5309654022857178,18.666666666666668,0.41230919540502803,4.691184928254648e-16,12
48,3,32,random,2,722222,8,2.5892562343452203,21.333333333333332,0.4253309877853187,4.693594581266483e-16,12
48,3,32,random,2,722222,9,2.7018302240859495,24.0,0.4513704638535212,4.911717241100764e-16,12
48,3,32,random,2,722222,10,3.1234741150368226,26.666666666666668,0.5742137528927241,4.932881176304259e-16,12
48,3,32,random,2,722222,11,3.212054636517303,29.333333333333332,0.6087872709094002,4.947402558965365e-16,12
48,3,32,random,2,722222,12,3.6534630396390004,32.0,0.7121131469396937,4.829824008143305e-16,12
48,3,32,random,3,722223,0,0.0,0.0,0.0,0.0,12
48,3,32,random,3,722223,1,0.41936413883202717,2.6666666666666665,0.048843197529410194,2.220446049250313e-16,12
48,3,32,random,3,722223,2,1.18005032888574,5.333333333333333,0.17030846654789453,2.2235759377524e-16,12
48,3,32,random,3,722223,3,1.9420175523801395,8.0,0.3416089317692747,2.223644032051569e-16,12
48,3,32,random,3,722223,4,2.348727091596757,10.666666666666666,0.4104743717070095,2.442806839158092e-16,12
48,3,32,random,3,722223,5,2.68615613316796,13.333333333333334,0.4960957052567807,2.494942232206874e-16,12
48,3,32,random,3,722223,6,3.2789756066105866,16.0,0.6336393861276608,2.515193951455043e-16,12
48,3,32,random,3,722223,7,3.476152825337208,18.666666666666668,0.6758220802170444,2.521043367797035e-16,12
48,3,32,random,3,722223,8,3.5526428573224016,21.333333333333332,0.7020431621551099,2.5239801234262253e-16,12
48,3,32,random,3,722223,9,3.6986625573410015,24.0,0.7557873495094147,2.886493832619957e-16,12
48,3,32,random,3,722223,10,3.850233116177656,26.666666666666668,0.8157529373210567,3.0323472290964515e-16,12
48,3,32,random,3,722223,11,4.105169950307122,29.333333333333332,0.9356998586708811,3.0329917170576633e-16,12
48,3,32,random,3,722223,12,4.263793135989474,32.0,1.0173699136197836,2.7730332151622067e-16,12
48,3,32,random,4,722224,0,0.0,0.0,0.0,0.0,12
48,3,32,random,4,722224,1,0.6108412217905151,2.6666666666666665,0.07893564948330872,0.0,12
48,3,32,random,4,722224,2,1.227238594651704,5.333333333333333,0.16836657436668537,1.567847561590654e-17,12
48,3,32,random,4,722224,3,1.6811158020944483,8.0,0.22895641365996863,3.466758892546776e-17,12
48,3,32,random,4,722224,4,1.9217281385519687,10.666666666666666,0.28326061737688113,4.470227456565498e-16,12
48,3,32,random,4,722224,5,1.9944155116939501,13.333333333333334,0.294735128105965,4.474253715013154e-16,12
48,3,32,random,4,722224,6,2.09557242614339,16.0,0.31295221139253954,4.492510332194731e-16,12
48,3,32,random,4,722224,7,2.2650434720295536,18.666666666666668,0.34676046860580306,4.50315976552102e-16,12
48,3,32,random,4,722224,8,2.483679384884804,21.333333333333332,0.3814814469148624,4.538024136525154e-16,12
48,3,32,random,4,722224,9,2.8741955345191794,24.0,0.47225548621326424,4.604385760190487e-16,12
48,3,32,random,4,722224,10,2.987514971382689,26.666666666666668,0.5045241419251412,4.609076780110006e-16,12
48,3,32,random,4,722224,11,3.315343645453376,29.333333333333332,0.6328969104947273,4.615204769716976e-16,12
48,3,32,random,4,722224,12,3.435749034336741,32.0,0.6686451449181999,4.617021769632817e-16,12
48,3,32,random,5,722225,0,0.0,0.0,0.0,0.0,12
48,3,32,random,5,722225,1,0.7860824007600071,2.6666666666666665,0.11201074579107904,0.0,12
48,3,32,random,5,722225,2,1.1911869367717147,5.333333333333333,0.16337884559928345,2.248265024815509e-16,12
48,3,32,random,5,722225,3,1.526060334122582,8.0,0.21330409135419207,2.2656005274713007e-16,12
48,3,32,random,5,722225,4,2.0032345693983307,10.666666666666666,0.2880573831254499,2.268716720832454e-16,12
48,3,32,random,5,722225,5,2.3141658617348626,13.333333333333334,0.3337728520637982,2.334746616544935e-16,12
48,3,32,random,5,722225,6,2.677827010685445,16.0,0.4156571919514752,2.4687422582611657e-16,12
48,3,32,random,5,722225,7,3.036537274785702,18.666666666666668,0.49910352906815225,2.4744315246365516e-16,12
48,3,32,random,5,722225,8,3.117558107547986,21.333333333333332,0.5176314392682316,2.4827463473319486e-16,12
48,3,32,random,5,722225,9,3.2623107228310193,24.0,0.5571518536493308,2.486630501163788e-16,12
48,3,32,random,5,722225,10,3.3367353260928576,26.666666666666668,0.5802915026698976,2.508308799814113e-16,12
48,3,32,random,5,722225,11,3.3953523907064143,29.333333333333332,0.5962445079621044,2.6908759464379907e-16,12
48,3,32,random,5,722225,12,3.6481997848583196,32.0,0.6781120728505541,3.6399575801372197e-16,12
48,3,32,random,6,722226,0,0.0,0.0,0.0,0.0,12
48,3,32,random,6,722226,1,0.6250199243381505,2.6666666666666665,0.08140154825318026,0.0,12
48,3,32,random,6,722226,2,0.6729669311604913,5.333333333333333,0.08675677822497808,2.4626395776147397e-16,12
48,3,32,random,6,722226,3,0.8439980700177346,8.0,0.10465292123816153,2.474796540816915e-16,12
48,3,32,random,6,722226,4,1.2916904393392403,10.666666666666666,0.1623261510483843,2.721998249344982e-16,12
48,3,32,random,6,722226,5,1.8255043531803565,13.333333333333334,0.24154766811979597,3.3446185883912573e-16,12
48,3,32,random,6,722226,6,2.2475515464400617,16.0,0.33137444332588656,3.346316486999372e-16,12
48,3,32,random,6,722226,7,2.8259152028716845,18.666666666666668,0.4608663593865697,3.6909763168127455e-16,12
48,3,32,random,6,722226,8,2.9068694677418727,21.333333333333332,0.48680558858419987,3.7067679032996447e-16,12
48,3,32,random,6,722226,9,2.9772320594939883,24.0,0.5017096077058409,3.707790727574132e-16,12
48,3,32,random,6,722226,10,3.178419756232265,26.666666666666668,0.5762010503314837,3.73022977459332e-16,12
48,3,32,random,6,722226,11,3.337719791294691,29.333333333333332,0.6158654952610608,3.7310750952924417e-16,12
48,3,32,random,6,722226,12,3.5718696969132706,32.0,0.6840486719084656,3.8053713665984607e-16,12
48,3,32,random,7,722227,0,0.0,0.0,0.0,0.0,12
48,3,32,random,7,722227,1,0.6422831093777815,2.6666666666666665,0.08445147179401978,2.220446049250313e-16,12
48,3,32,random,7,722227,2,1.3168217210925133,5.333333333333333,0.18832438468796034,4.444884120289546e-16,12
48,3,32,random,7,722227,3,1.5939609242376462,8.0,0.2296698395438648,4.45092683190912e-16,12
48,3,32,random,7,722227,4,1.8187516832170023,10.666666666666666,0.2742768691460679,4.454389123518944e-16,12
48,3,32,random,7,722227,5,2.527356123044078,13.333333333333334,0.4501635791648755,4.461639850218955e-16,12
48,3,32,random,7,722227,6,2.698023345295124,16.0,0.47851372413646903,4.463293461065186e-16,12
48,3,32,random,7,722227,7,2.8199724653185023,18.666666666666668,0.5040226126489795,4.489282405698468e-16,12
48,3,32,random,7,722227,8,3.0709396541208287,21.333333333333332,0.5483680746935673,4.497721290672705e-16,12
48,3,32,random,7,722227,9,3.3928814240554352,24.0,0.6657448893182818,4.504070023875785e-16,12
48,3,32,random,7,722227,10,3.485224365922652,26.666666666666668,0.6896366459983019,4.517669924278225e-16,12
48,3,32,random,7,722227,11,3.5659461567667416,29.333333333333332,0.712950548218605,4.531507650742523e-16,12
48,3,32,random,7,722227,12,3.7880657366591453,32.0,0.7637677086277996,4.516726544483713e-16,12
48,3,32,krylov,0,722228,0,0.0,0.0,0.0,0.0,12
48,3,32,krylov,0,722228,1,0.08868984539059677,2.6666666666666665,0.008694532958607608,0.0,12
48,3,32,krylov,0,722228,2,0.1926907256475276,5.333333333333333,0.019922600435535787,2.2227558447688305e-16,12
48,3,32,krylov,0,722228,3,0.39393801785117755,8.0,0.045263309827564824,2.250942609022492e-16,12
48,3,32,krylov,0,722228,4,0.669142363509986,10.666666666666666,0.08930268880353705,6.717933452582431e-16,12
48,3,32,krylov,0,722228,5,1.0950764573707459,13.333333333333334,0.18650730348555136,6.724526606410099e-16,12
48,3,32,krylov,0,722228,6,1.3971789783576658,16.0,0.28535402632340473,6.742123263908009e-16,12
48,3,32,krylov,0,722228,7,1.7277099924013828,18.666666666666668,0.4338517075320165,6.752398089617833e-16,12
48,3,32,krylov,0,722228,8,1.9967500229977273,21.333333333333332,0.5967263266125641,6.752778112163195e-16,12
48,3,32,krylov,0,722228,9,2.2439170662692898,24.0,0.7903310386525233,6.753679093365729e-16,12
48,3,32,krylov,0,722228,10,2.329740078417504,26.666666666666668,0.8695566020034561,6.753695627600804e-16,12
48,3,32,krylov,0,722228,11,2.3832461924239974,29.333333333333332,0.9225032483593929,6.755942854337033e-16,12
48,3,32,krylov,0,722228,12,2.414594752151475,32.0,0.9548659355522154,6.842698391009013e-16,12
48,3,32,krylov,1,722229,0,0.0,0.0,0.0,0.0,12
48,3,32,krylov,1,722229,1,0.35636121070422183,2.6666666666666665,0.04013656017517146,2.220446049250313e-16,12
48,3,32,krylov,1,722229,2,0.822836255023316,5.333333333333333,0.11971394016387055,1.1116102959371492e-16,12
48,3,32,krylov,1,722229,3,1.2762097565131398,8.0,0.24215938005295135,1.111617948339259e-16,12
48,3,32,krylov,1,722229,4,1.5079714773168864,10.666666666666666,0.32977101801142583,2.2444870412466916e-16,12
48,3,32,krylov,1,722229,5,1.8161833659313273,13.333333333333334,0.4826575893107586,2.315258444981046e-16,12
48,3,32,krylov,1,722229,6,2.0714451916913976,16.0,0.6502766518287204,2.3187082851795154e-16,12
48,3,32,krylov,1,722229,7,2.233566854872181,18.666666666666668,0.7812278044759661,2.321360176029736e-16,12
48,3,32,krylov,1,722229,8,2.3334121272048858,21.333333333333332,0.8731004133853186,2.621891198104644e-16,12
48,3,32,krylov,1,722229,9,2.3847520745350277,24.0,0.9240347587940406,2.626570425914238e-16,12
48,3,32,krylov,1,722229,10,2.412152087846657,26.666666666666668,0.952307644631961,2.749033543375479e-16,12
48,3,32,krylov,1,722229,11,2.4290181197764418,29.333333333333332,0.9701001086267876,2.7606024804532115e-16,12
48,3,32,krylov,1,722229,12,2.440980811553855,32.0,0.9829030456875522,2.722313939686736e-16,12
48,3,32,krylov,2,722230,0,0.0,0.0,0.0,0.0,12
48,3,32,krylov,2,722230,1,0.20135616639655557,2.6666666666666665,0.020911903803710854,0.0,12
48,3,32,krylov,2,722230,2,0.46157429889445845,5.333333333333333,0.05499091452621309,2.2494823913102806e-16,12
48,3,32,krylov,2,722230,3,0.7497174106324149,8.0,0.10466267432223868,2.2532979223771237e-16,12
48,3,32,krylov,2,722230,4,1.2435038273335275,10.666666666666666,0.23135086635175287,2.2719956043737856e-16,12
48,3,32,krylov,2,722230,5,1.6327208123313932,13.333333333333334,0.3860419042955786,2.549618264633276e-16,12
48,3,32,krylov,2,722230,6,1.998047734748082,16.0,0.5976229475068562,2.557507949993255e-16,12
48,3,32,krylov,2,722230,7,2.229741144673006,18.666666666666668,0.777886787920827,2.8597413608604466e-16,12
48,3,32,krylov,2,722230,8,2.3318457875884144,21.333333333333332,0.8715871827055961,2.859763780630672e-16,12
48,3,32,krylov,2,722230,9,2.3985676819055937,24.0,0.9381936550756832,4.525958722348213e-16,12
48,3,32,krylov,2,722230,10,2.424485552596315,26.666666666666668,0.9652890480041919,4.534470234755051e-16,12
48,3,32,krylov,2,722230,11,2.4366984605199002,29.333333333333332,0.9783022974445517,4.540348922949814e-16,12
48,3,32,krylov,2,722230,12,2.446222156051513,32.0,0.9885609698164822,2.909716965278385e-16,12
48,3,32,krylov,3,722231,0,0.0,0.0,0.0,0.0,12
48,3,32,krylov,3,722231,1,1.0852226865865002,2.6666666666666665,0.18375927371947726,0.0,12
48,3,32,krylov,3,722231,2,1.5809858551633411,5.333333333333333,0.3618510426148371,2.245050902785738e-16,12
48,3,32,krylov,3,722231,3,1.8929817765877734,8.0,0.5286689639294272,2.323617987571418e-16,12
48,3,32,krylov,3,722231,4,2.165704172253226,10.666666666666666,0.7238194367654275,2.358963564868392e-16,12
48,3,32,krylov,3,722231,5,2.3540739145349683,13.333333333333334,0.8932850785559728,2.563844398919025e-16,12
48,3,32,krylov,3,722231,6,2.4178082362911857,16.0,0.9582410662898745,2.6136474231140003e-16,12
48,3,32,krylov,3,722231,7,2.438057762211177,18.666666666666668,0.9797605308106142,2.700075059638389e-16,12
48,3,32,krylov,3,722231,8,2.446811914484845,21.333333333333332,0.9891994600974271,2.723430558034214e-16,12
48,3,32,krylov,3,722231,9,2.4510262555605946,24.0,0.9937730089684045,2.791550500443672e-16,12
48,3,32,krylov,3,722231,10,2.452901283230931,26.666666666666668,0.995814057615712,2.855540316565263e-16,12
48,3,32,krylov,3,722231,11,2.4547074387764063,29.333333333333332,0.9977837580377322,2.975537458370463e-16,12
48,3,32,krylov,3,722231,12,2.4554345307028718,32.0,0.9985776920171803,3.156263914485248e-16,12
48,3,32,krylov,4,722232,0,0.0,0.0,0.0,0.0,12
48,3,32,krylov,4,722232,1,0.12301073284880118,2.6666666666666665,0.01227155237101183,0.0,12
48,3,32,krylov,4,722232,2,0.386569498179578,5.333333333333333,0.04424275213679761,1.3158943971635437e-16,12
48,3,32,krylov,4,722232,3,0.6570652880703092,8.0,0.08710524373545378,1.3244138907323885e-16,12
48,3,32,krylov,4,722232,4,1.2050581861084804,10.666666666666666,0.21908936594453626,2.2455691086643094e-16,12
48,3,32,krylov,4,722232,5,1.8344292346912463,13.333333333333334,0.49327117917399116,2.256869792746416e-16,12
48,3,32,krylov,4,722232,6,2.1496974187881177,16.0,0.7108369849945917,6.690351821355189e-16,12
48,3,32,krylov,4,722232,7,2.3144382348796393,18.666666666666668,0.8549284394544322,6.69567550212302e-16,12
48,3,32,krylov,4,722232,8,2.38067491527043,21.333333333333332,0.9198935361841274,6.699212148202465e-16,12
48,3,32,krylov,4,722232,9,2.4241752857691945,24.0,0.9649605142881607,6.700647434765215e-16,12
48,3,32,krylov,4,722232,10,2.44722284451713,26.666666666666668,0.989644568001867,6.700893976739462e-16,12
48,3,32,krylov,4,722232,11,2.4526678038434087,29.333333333333332,0.9955596965620591,6.713493887030804e-16,12
48,3,32,krylov,4,722232,12,2.4545116068925217,32.0,0.9975700218544359,6.725950545474359e-16,12
48,3,32,krylov,5,722233,0,0.0,0.0,0.0,0.0,12
48,3,32,krylov,5,722233,1,0.6076151177106487,2.6666666666666665,0.07837944527371374,0.0,12
48,3,32,krylov,5,722233,2,0.951756183603025,5.333333333333333,0.14908637155828605,4.3898023935469156e-17,12
48,3,32,krylov,5,722233,3,1.1780111529836872,8.0,0.2107413921150259,4.4563273543655425e-16,12
48,3,32,krylov,5,722233,4,1.5593621437320155,10.666666666666666,0.3521050095994783,4.46237232999432e-16,12
48,3,32,krylov,5,722233,5,1.7469726519710354,13.333333333333334,0.44411323446955614,4.466476414396145e-16,12
48,3,32,krylov,5,722233,6,1.9650522060503615,16.0,0.5751829767644642,4.468700303243171e-16,12
48,3,32,krylov,5,722233,7,2.158931001458724,18.666666666666668,0.7183006104089831,4.468760823999111e-16,12
48,3,32,krylov,5,722233,8,2.307922431522485,21.333333333333332,0.8487671320261201,4.469148323628251e-16,12
48,3,32,krylov,5,722233,9,2.3855143084683705,24.0,0.9248108446159322,4.469684628925321e-16,12
48,3,32,krylov,5,722233,10,2.4263731297211297,26.666666666666668,0.9672899537233282,4.472236005363599e-16,12
48,3,32,krylov,5,722233,11,2.4446330396064657,29.333333333333332,0.9868424175072138,4.474280891864276e-16,12
48,3,32,krylov,5,722233,12,2.451770227903991,32.0,0.9945823970537265,4.511622540346879e-16,12
48,3,32,krylov,6,722234,0,0.0,0.0,0.0,0.0,12
48,3,32,krylov,6,722234,1,0.6425832471437408,2.6666666666666665,0.08450496481289065,0.0,12
48,3,32,krylov,6,722234,2,1.2180045460078999,5.333333333333333,0.22316582770004093,1.1255710673262725e-16,12
48,3,32,krylov,6,722234,3,1.6383164405661894,8.0,0.38873416684746237,2.2253124322459843e-16,12
48,3,32,krylov,6,722234,4,2.037112361954212,10.666666666666666,0.6251656440200487,2.233569263507742e-16,12
48,3,32,krylov,6,722234,5,2.1933634080746427,13.333333333333334,0.7467484199257773,2.4761562205853605e-16,12
48,3,32,krylov,6,722234,6,2.299949886474926,16.0,0.8412827461777862,3.3547717065453243e-16,12
48,3,32,krylov,6,722234,7,2.369186486348176,18.666666666666668,0.9083150014012781,3.3566621457472674e-16,12
48,3,32,krylov,6,722234,8,2.4030124992863082,21.333333333333332,0.9427906650362063,3.3706453897503083e-16,12
48,3,32,krylov,6,722234,9,2.429915328630363,24.0,0.9710550326825947,3.3759587933006565e-16,12
48,3,32,krylov,6,722234,10,2.4424274545493305,26.666666666666668,0.9844617054149168,3.376217301257898e-16,12
48,3,32,krylov,6,722234,11,2.4484007971268,29.333333333333332,0.9909215073999417,3.3801344318491933e-16,12
48,3,32,krylov,6,722234,12,2.4514808831463917,32.0,0.9942675393335254,3.5015907562352293e-16,12
48,3,32,krylov,7,722235,0,0.0,0.0,0.0,0.0,12
48,3,32,krylov,7,722235,1,0.8214841648636155,2.6666666666666665,0.11942551270482946,0.0,12
48,3,32,krylov,7,722235,2,1.4263459242773298,5.333333333333333,0.29657416614969695,2.2205241846678107e-16,12
48,3,32,krylov,7,722235,3,1.8738390878055229,8.0,0.5168675075911155,2.287597081703836e-16,12
48,3,32,krylov,7,722235,4,2.0856586195807267,10.666666666666666,0.6609273330318796,2.811086821403542e-16,12
48,3,32,krylov,7,722235,5,2.2670768285495604,13.333333333333334,0.8110450856809707,2.830751605990751e-16,12
48,3,32,krylov,7,722235,6,2.383802519358156,16.0,0.9230687747075634,3.029693769398733e-16,12
48,3,32,krylov,7,722235,7,2.4268580257392296,18.666666666666668,0.9678045725301542,3.039668364177162e-16,12
48,3,32,krylov,7,722235,8,2.44084520171686,21.333333333333332,0.98275705084292,3.1251234813784014e-16,12
48,3,32,krylov,7,722235,9,2.4492866915198053,24.0,0.991882837562228,3.1283348049588305e-16,12
48,3,32,krylov,7,722235,10,2.4520722677037083,26.666666666666668,0.994911166401173,3.6210301663178896e-16,12
48,3,32,krylov,7,722235,11,2.4543105528755205,29.333333333333332,0.99735062963579,3.689972275908638e-16,12
48,3,32,krylov,7,722235,12,2.455360019455797,32.0,0.9984963043508212,3.2396483167539976e-16,12
48,3,32,reply_null,0,722236,0,0.0,0.0,0.0,0.0,12
48,3,32,reply_null,0,722236,1,0.567821886730589,2.6666666666666665,0.07166435221385177,2.220446049250313e-16,12
48,3,32,reply_null,0,722236,2,0.6774011879303513,5.333333333333333,0.08675992004121286,1.1112872135962559e-16,12
48,3,32,reply_null,0,722236,3,1.0613575474291788,8.0,0.1519230287738476,3.1598463131395085e-16,12
48,3,32,reply_null,0,722236,4,1.376959715017025,10.666666666666666,0.20941505023348528,3.1690581176641346e-16,12
48,3,32,reply_null,0,722236,5,1.7013511905412735,13.333333333333334,0.2969127309343644,3.340457132402626e-16,12
48,3,32,reply_null,0,722236,6,2.0064124421423677,16.0,0.341890731774484,3.3405596329480984e-16,12
48,3,32,reply_null,0,722236,7,2.5242099054592906,18.666666666666668,0.41570381367006926,3.3448035449754106e-16,12
48,3,32,reply_null,0,722236,8,3.1307937331968683,21.333333333333332,0.5657970740383677,3.3464641708813427e-16,12
48,3,32,reply_null,0,722236,9,3.2310108485284554,24.0,0.5946483279283472,3.363734155578963e-16,12
48,3,32,reply_null,0,722236,10,3.8053135267399636,26.666666666666668,0.7347598381682907,3.364969896368652e-16,12
48,3,32,reply_null,0,722236,11,4.050762001913835,29.333333333333332,0.8072311623958912,3.4593862451148557e-16,12
48,3,32,reply_null,0,722236,12,4.071609488069605,32.0,0.8151147596480158,3.4043647361287937e-16,12
48,3,32,reply_null,1,722237,0,0.0,0.0,0.0,0.0,12
48,3,32,reply_null,1,722237,1,0.23362038307637933,2.6666666666666665,0.024671707726204924,0.0,12
48,3,32,reply_null,1,722237,2,0.7534536481292982,5.333333333333333,0.08921003206169648,3.3961782721540796e-16,12
48,3,32,reply_null,1,722237,3,1.1780450536393308,8.0,0.15170985973136153,3.40225838767472e-16,12
48,3,32,reply_null,1,722237,4,1.7779102301966372,10.666666666666666,0.2301539592586319,3.44249817810162e-16,12
48,3,32,reply_null,1,722237,5,1.9323402977998878,13.333333333333334,0.2590880012236788,3.443323740206304e-16,12
48,3,32,reply_null,1,722237,6,2.2127264944275913,16.0,0.3132756005604102,3.4464386042506844e-16,12
48,3,32,reply_null,1,722237,7,2.50622226903908,18.666666666666668,0.37594467053772807,3.44725977994534e-16,12
48,3,32,reply_null,1,722237,8,2.888654554727207,21.333333333333332,0.4620953194132332,3.447897659437709e-16,12
48,3,32,reply_null,1,722237,9,3.017314425238563,24.0,0.49284382923930503,4.554521659065221e-16,12
48,3,32,reply_null,1,722237,10,3.1288914593843793,26.666666666666668,0.5253741043436632,4.585315330203329e-16,12
48,3,32,reply_null,1,722237,11,3.4833145469483275,29.333333333333332,0.6335952961514597,4.662108227304887e-16,12
48,3,32,reply_null,1,722237,12,3.515538593805873,32.0,0.6456276803724985,3.4706566240035072e-16,12
48,3,32,reply_null,2,722238,0,0.0,0.0,0.0,0.0,12
48,3,32,reply_null,2,722238,1,0.4447253097764347,2.6666666666666665,0.052505775309345616,0.0,12
48,3,32,reply_null,2,722238,2,1.2142418362042176,5.333333333333333,0.16279975187452844,2.2212832445590087e-16,12
48,3,32,reply_null,2,722238,3,1.250310060071326,8.0,0.16872135758483275,2.4331164857728137e-16,12
48,3,32,reply_null,2,722238,4,1.3902542109454008,10.666666666666666,0.18975930304792982,2.4484815924418355e-16,12
48,3,32,reply_null,2,722238,5,1.5913399340236614,13.333333333333334,0.22497904360563553,2.4560800450515547e-16,12
48,3,32,reply_null,2,722238,6,1.7303456190279103,16.0,0.2553612422110923,4.519728244894649e-16,12
48,3,32,reply_null,2,722238,7,1.9678256228665962,18.666666666666668,0.30030727338024266,4.521880606799893e-16,12
48,3,32,reply_null,2,722238,8,1.984258878207262,21.333333333333332,0.3035943234649814,4.522172391708193e-16,12
48,3,32,reply_null,2,722238,9,2.549919620230544,24.0,0.43237232436313744,4.560319789217033e-16,12
48,3,32,reply_null,2,722238,10,2.6417702923720543,26.666666666666668,0.4624549329014006,4.564735867945296e-16,12
48,3,32,reply_null,2,722238,11,2.8335718309198734,29.333333333333332,0.4988930343340907,4.57009501036951e-16,12
48,3,32,reply_null,2,722238,12,3.0121413875996206,32.0,0.5478464034874719,4.531799457076007e-16,12
48,3,32,reply_null,3,722239,0,0.0,0.0,0.0,0.0,12
48,3,32,reply_null,3,722239,1,0.2243366179314399,2.6666666666666665,0.023577395930194707,0.0,12
48,3,32,reply_null,3,722239,2,0.5556586404744083,5.333333333333333,0.06164792833894996,2.234580313558295e-16,12
48,3,32,reply_null,3,722239,3,1.0411670783938243,8.0,0.14404786529910282,2.243785200446382e-16,12
48,3,32,reply_null,3,722239,4,1.4905956588501654,10.666666666666666,0.2346561099753966,2.248395869107939e-16,12
48,3,32,reply_null,3,722239,5,1.816636996219676,13.333333333333334,0.27678861688652534,3.445963979489924e-16,12
48,3,32,reply_null,3,722239,6,2.100849110025717,16.0,0.33213955729974237,3.4459794284031523e-16,12
48,3,32,reply_null,3,722239,7,2.3370938284687646,18.666666666666668,0.36977091913700016,3.446149381059637e-16,12
48,3,32,reply_null,3,722239,8,2.69344308526759,21.333333333333332,0.43991648062352723,3.4527585633758335e-16,12
48,3,32,reply_null,3,722239,9,3.3260975887632864,24.0,0.5917966628384633,3.4634768097758263e-16,12
48,3,32,reply_null,3,722239,10,3.7886160164388674,26.666666666666668,0.7170178504377644,3.5117295105555205e-16,12
48,3,32,reply_null,3,722239,11,3.990667891800326,29.333333333333332,0.7900244948578177,3.518139089433253e-16,12
48,3,32,reply_null,3,722239,12,4.157304894104142,32.0,0.8451169029494867,3.5105415440140973e-16,12
48,3,32,reply_null,4,722240,0,0.0,0.0,0.0,0.0,12
48,3,32,reply_null,4,722240,1,0.8636926380841485,2.6666666666666665,0.1286159177119357,2.220446049250313e-16,12
48,3,32,reply_null,4,722240,2,1.3338887687322978,5.333333333333333,0.18718693850845766,3.3476629784245496e-16,12
48,3,32,reply_null,4,722240,3,1.567312055475023,8.0,0.22627020615182267,3.3569757487602115e-16,12
48,3,32,reply_null,4,722240,4,1.9682629945452126,10.666666666666666,0.2930542031901629,3.3947320600012267e-16,12
48,3,32,reply_null,4,722240,5,2.466636430123845,13.333333333333334,0.4118121651443561,3.439487726128755e-16,12
48,3,32,reply_null,4,722240,6,2.692125363279835,16.0,0.4594053003322239,3.4557259226039996e-16,12
48,3,32,reply_null,4,722240,7,2.798011273760346,18.666666666666668,0.49499616594001283,3.455736061038312e-16,12
48,3,32,reply_null,4,722240,8,2.8581187647085198,21.333333333333332,0.5051418088138804,3.458382001579532e-16,12
48,3,32,reply_null,4,722240,9,3.451245790083129,24.0,0.6975413926990944,3.464002801532547e-16,12
48,3,32,reply_null,4,722240,10,3.5569496485780094,26.666666666666668,0.7276599820710229,3.6478853237884913e-16,12
48,3,32,reply_null,4,722240,11,3.5749022053172856,29.333333333333332,0.7351221065721087,3.769012315484282e-16,12
48,3,32,reply_null,4,722240,12,3.7113496373866983,32.0,0.7882613034935877,3.530668023043124e-16,12
48,3,32,reply_null,5,722241,0,0.0,0.0,0.0,0.0,12
48,3,32,reply_null,5,722241,1,0.3632765257076047,2.6666666666666665,0.041065636639218556,2.220446049250313e-16,12
48,3,32,reply_null,5,722241,2,0.5863559148418156,5.333333333333333,0.0646167739121721,2.2215113853077335e-16,12
48,3,32,reply_null,5,722241,3,1.089405155207935,8.0,0.1316841361541588,2.2273111899528187e-16,12
48,3,32,reply_null,5,722241,4,1.8472707521862526,10.666666666666666,0.25628815040178704,6.830606465214488e-16,12
48,3,32,reply_null,5,722241,5,2.3594083558684043,13.333333333333334,0.379044316147927,6.845898421510227e-16,12
48,3,32,reply_null,5,722241,6,2.5543766288094423,16.0,0.42590079769069134,6.848237969455959e-16,12
48,3,32,reply_null,5,722241,7,2.7137769990162446,18.666666666666668,0.4666217003054111,6.851741508136395e-16,12
48,3,32,reply_null,5,722241,8,2.9183027460204687,21.333333333333332,0.5070013549657731,6.858283157333552e-16,12
48,3,32,reply_null,5,722241,9,3.696066606911038,24.0,0.7143110460061034,6.858669770633894e-16,12
48,3,32,reply_null,5,722241,10,3.8947389638308683,26.666666666666668,0.77025701949147,6.919276647102952e-16,12
48,3,32,reply_null,5,722241,11,4.050606919944363,29.333333333333332,0.84148035955545,6.919418304474591e-16,12
48,3,32,reply_null,5,722241,12,4.415496799738929,32.0,0.9862180348836969,6.870278960309999e-16,12
48,3,32,reply_null,6,722242,0,0.0,0.0,0.0,0.0,12
48,3,32,reply_null,6,722242,1,0.07555665214872162,2.6666666666666665,0.007357905416413777,0.0,12
48,3,32,reply_null,6,722242,2,0.42792607620689266,5.333333333333333,0.047772353186417586,2.2204467226661955e-16,12
48,3,32,reply_null,6,722242,3,0.9790545683524319,8.0,0.12274642111963259,2.230457832087107e-16,12
48,3,32,reply_null,6,722242,4,1.2570042776579167,10.666666666666666,0.1625195121784798,2.2348673100522224e-16,12
48,3,32,reply_null,6,722242,5,1.692176056105541,13.333333333333334,0.24593410393388793,2.255790718199148e-16,12
48,3,32,reply_null,6,722242,6,2.008383789306212,16.0,0.2988842542870894,2.255818344552348e-16,12
48,3,32,reply_null,6,722242,7,2.565711047389334,18.666666666666668,0.40628313082948286,4.540701096015298e-16,12
48,3,32,reply_null,6,722242,8,2.7985794659015517,21.333333333333332,0.45101468808673967,4.542723246031607e-16,12
48,3,32,reply_null,6,722242,9,3.071912100045188,24.0,0.5075236345320311,5.028066960815949e-16,12
48,3,32,reply_null,6,722242,10,3.25906986213111,26.666666666666668,0.5622828207519114,5.028152929674992e-16,12
48,3,32,reply_null,6,722242,11,3.527456032923627,29.333333333333332,0.6531444274020795,5.046361818256487e-16,12
48,3,32,reply_null,6,722242,12,3.6791049326474177,32.0,0.7009568980580454,4.56075491313063e-16,12
48,3,32,reply_null,7,722243,0,0.0,0.0,0.0,0.0,12
48,3,32,reply_null,7,722243,1,0.6551930499974915,2.6666666666666665,0.08676695643845796,0.0,12
48,3,32,reply_null,7,722243,2,0.8456328875898212,5.333333333333333,0.10881597248200432,2.240544766008319e-16,12
48,3,32,reply_null,7,722243,3,0.8883178039923618,8.0,0.11297969110601723,2.3288341362959594e-16,12
48,3,32,reply_null,7,722243,4,1.730597564066259,10.666666666666666,0.24626253827341327,2.443530646257614e-16,12
48,3,32,reply_null,7,722243,5,1.925028981447073,13.333333333333334,0.2797709938037895,3.451928188292822e-16,12
48,3,32,reply_null,7,722243,6,2.4740292659552736,16.0,0.3710730948341215,3.482693280267569e-16,12
48,3,32,reply_null,7,722243,7,2.949183659061483,18.666666666666668,0.49920748900546014,3.511271819648767e-16,12
48,3,32,reply_null,7,722243,8,3.0807873763444924,21.333333333333332,0.5300303446272712,3.521849979911491e-16,12
48,3,32,reply_null,7,722243,9,3.1650958397205198,24.0,0.553115307225416,3.524061193213174e-16,12
48,3,32,reply_null,7,722243,10,3.2660128828795107,26.666666666666668,0.5892730858705219,3.5276813440523497e-16,12
48,3,32,reply_null,7,722243,11,3.6621782926491546,29.333333333333332,0.6827736355794037,3.572141153336858e-16,12
48,3,32,reply_null,7,722243,12,3.736072439181328,32.0,0.7063921943980797,3.56289936851712e-16,12
72,1,2,random,0,722244,0,0.0,0.0,0.0,0.0,18
72,1,2,random,0,722244,1,0.06828260409376159,0.1111111111111111,0.0353339204215999,2.220446049250313e-16,18
72,1,2,random,0,722244,2,0.08330487278180133,0.2222222222222222,0.043436558036355224,4.441022199057147e-16,18
72,1,2,random,0,722244,3,0.17332083608194299,0.3333333333333333,0.09462379871106154,4.467826753755787e-16,18
72,1,2,random,0,722244,4,0.1811206520929793,0.4444444444444444,0.09927988965790595,4.484671083619107e-16,18
72,1,2,random,0,722244,5,0.25075573560131864,0.5555555555555556,0.1424980835886402,4.523231604525985e-16,18
72,1,2,random,0,722244,6,0.25571122132566626,0.6666666666666666,0.1456898755779127,4.568699100819942e-16,18
72,1,2,random,0,722244,7,0.2861528098684723,0.7777777777777778,0.16564793742858447,4.650533840137086e-16,18
72,1,2,random,0,722244,8,0.32183095058701233,0.8888888888888888,0.1898257634808693,4.673432373467016e-16,18
72,1,2,random,0,722244,9,0.32272949985168736,1.0,0.1904458844763077,7.825757535988171e-16,18
72,1,2,random,0,722244,10,0.3459000603858996,1.1111111111111112,0.20663068398196466,7.886886711361156e-16,18
72,1,2,random,0,722244,11,0.3566150630000542,1.2222222222222223,0.2142429434672496,7.887178479437943e-16,18
72,1,2,random,0,722244,12,0.3701209419746276,1.3333333333333333,0.22395485856738218,4.816953382224623e-16,18
72,1,2,random,0,722244,13,0.3837698943761616,1.4444444444444444,0.2339038260121931,4.96882339923887e-16,18
72,1,2,random,0,722244,14,0.40699835736936857,1.5555555555555556,0.25115081896661784,4.973496903993619e-16,18
72,1,2,random,0,722244,15,0.40722164556731977,1.6666666666666667,0.251318560806064,4.979875197560925e-16,18
72,1,2,random,0,722244,16,0.4193647069887895,1.7777777777777777,0.2604974855718543,7.909791396939252e-16,18
72,1,2,random,0,722244,17,0.43006588894881603,1.8888888888888888,0.26867940758376513,7.94070226804966e-16,18
72,1,2,random,0,722244,18,0.44002777905070317,2.0,0.2763751759214927,7.947748909774046e-16,18
72,1,2,random,1,722245,0,0.0,0.0,0.0,0.0,18
72,1,2,random,1,722245,1,0.09772099752945798,0.1111111111111111,0.05132754934558883,0.0,18
72,1,2,random,1,722245,2,0.10024167939851121,0.2222222222222222,0.05271902369845332,2.237776359351284e-16,18
72,1,2,random,1,722245,3,0.10033279898459004,0.3333333333333333,0.052769389521732296,2.384770031406612e-16,18
72,1,2,random,1,722245,4,0.15967341783895142,0.4444444444444444,0.08656384292483468,4.536255390626534e-16,18
72,1,2,random,1,722245,5,0.17119604255824844,0.5555555555555556,0.09336168725249527,5.600106382355364e-16,18
72,1,2,random,1,722245,6,0.17631907500385588,0.6666666666666666,0.09640929826783322,5.600522342243003e-16,18
72,1,2,random,1,722245,7,0.1884106191970535,0.7777777777777778,0.10366458305677513,5.668942930258849e-16,18
72,1,2,random,1,722245,8,0.18853644350482562,0.8888888888888888,0.10374054351380077,5.672080028695843e-16,18
72,1,2,random,1,722245,9,0.19279128347297442,1.0,0.10631483562554325,5.681819514549215e-16,18
72,1,2,random,1,722245,10,0.24827280023532772,1.1111111111111112,0.14090478122626343,5.682086864233987e-16,18
72,1,2,random,1,722245,11,0.2737297600805497,1.2222222222222223,0.15742971335849815,5.701736766692533e-16,18
72,1,2,random,1,722245,12,0.27536500965801597,1.3333333333333333,0.15850565449586748,5.788152181313501e-16,18
72,1,2,random,1,722245,13,0.287997675704278,1.4444444444444444,0.16687710204029543,5.803264841238416e-16,18
72,1,2,random,1,722245,14,0.3318275578234234,1.5555555555555556,0.1967562637295237,5.812924416230296e-16,18
72,1,2,random,1,722245,15,0.35436777726215946,1.6666666666666667,0.21263963770485383,5.813493321724525e-16,18
72,1,2,random,1,722245,16,0.36531988838882706,1.7777777777777777,0.22048744278255178,5.77041994511078e-16,18
72,1,2,random,1,722245,17,0.3700429619460193,1.8888888888888888,0.22389840674788603,5.772353392783583e-16,18
72,1,2,random,1,722245,18,0.37108610496557376,2.0,0.2246539303088059,5.775083174632398e-16,18
72,1,2,random,2,722246,0,0.0,0.0,0.0,0.0,18
72,1,2,random,2,722246,1,0.001098650707431539,0.1111111111111111,0.0005496272225992726,0.0,18
72,1,2,random,2,722246,2,0.002717146684789409,0.2222222222222222,0.0013604207367562194,1.244478835384145e-16,18
72,1,2,random,2,722246,3,0.0074634095071468955,0.3333333333333333,0.003745665082881401,1.3133733869926285e-16,18
72,1,2,random,2,722246,4,0.10578229883682783,0.4444444444444444,0.05578992896779649,1.5076180556600366e-16,18
72,1,2,random,2,722246,5,0.17768824810641676,0.5555555555555556,0.09722644511722785,4.468775538335132e-16,18
72,1,2,random,2,722246,6,0.3727560149106243,0.6666666666666666,0.22586504806109473,4.469205731158856e-16,18
72,1,2,random,2,722246,7,0.3827710771624007,0.7777777777777778,0.2331711562000487,4.473077335504636e-16,18
72,1,2,random,2,722246,8,0.38305953878516585,0.8888888888888888,0.23338267844808938,4.473446718368748e-16,18
72,1,2,random,2,722246,9,0.38744301871877274,1.0,0.23660450294532115,4.473896982581697e-16,18
72,1,2,random,2,722246,10,0.39090512502388,1.1111111111111112,0.23915912567538897,4.987214527505898e-16,18
72,1,2,random,2,722246,11,0.4006207460372616,1.2222222222222223,0.24637551469462796,4.99237430073816e-16,18
72,1,2,random,2,722246,12,0.40062239069088573,1.3333333333333333,0.24637674222483258,4.625712271497593e-16,18
72,1,2,random,2,722246,13,0.4547657194222078,1.4444444444444444,0.2879020797378782,4.639184100595599e-16,18
72,1,2,random,2,722246,14,0.4576690927561519,1.5555555555555556,0.29019297768267516,4.656669387049588e-16,18
72,1,2,random,2,722246,15,0.48360439534921323,1.6666666666666667,0.3109549418127452,4.823498939662443e-16,18
72,1,2,random,2,722246,16,0.4846676247909184,1.7777777777777777,0.3118176315200553,5.055472056953411e-16,18
72,1,2,random,2,722246,17,0.4915890209979899,1.8888888888888888,0.31745603329272126,5.063980589555407e-16,18
72,1,2,random,2,722246,18,0.4929674034317147,2.0,0.31858357724422015,5.082760363480691e-16,18
72,1,2,random,3,722247,0,0.0,0.0,0.0,0.0,18
72,1,2,random,3,722247,1,0.017129301452910313,0.1111111111111111,0.008638424598181343,2.220446049250313e-16,18
72,1,2,random,3,722247,2,0.03865067296025397,0.2222222222222222,0.01970366356948826,3.408227271259203e-16,18
72,1,2,random,3,722247,3,0.050555850538353715,0.3333333333333333,0.02592780420825835,3.5472905979077167e-16,18
72,1,2,random,3,722247,4,0.13156300006011554,0.4444444444444444,0.07030488197128547,3.752324010800242e-16,18
72,1,2,random,3,722247,5,0.14528443767233493,0.5555555555555556,0.07818421912075955,3.7590191474007285e-16,18
72,1,2,random,3,722247,6,0.1686409575534842,0.6666666666666666,0.0918475329232634,3.7602603961456566e-16,18
72,1,2,random,3,722247,7,0.17076691102290228,0.7777777777777778,0.09310711166774158,3.7611368805998133e-16,18
72,1,2,random,3,722247,8,0.1968483966656602,0.8888888888888888,0.10877972032115564,3.7706869776332534e-16,18
72,1,2,random,3,722247,9,0.19821819869186383,1.0,0.1096141994206621,3.771209996279849e-16,18
72,1,2,random,3,722247,10,0.21753195911448506,1.1111111111111112,0.12150257710848668,3.8839850296569746e-16,18
72,1,2,random,3,722247,11,0.22502892731308377,1.2222222222222223,0.12617947152356393,4.538823520386842e-16,18
72,1,2,random,3,722247,12,0.22522194841573717,1.3333333333333333,0.12630034904119689,3.80537759559941e-16,18
72,1,2,random,3,722247,13,0.22901084737396704,1.4444444444444444,0.128677838971557,5.743710299487802e-16,18
72,1,2,random,3,722247,14,0.2532680485857841,1.5555555555555556,0.14411426919850526,5.796262974187238e-16,18
72,1,2,random,3,722247,15,0.2848644660435578,1.6666666666666667,0.16479090621281262,5.816851620237571e-16,18
72,1,2,random,3,722247,16,0.29577451152663226,1.7777777777777777,0.17208351424307922,5.708085807847632e-16,18
72,1,2,random,3,722247,17,0.3843595586146507,1.8888888888888888,0.2343367104685814,5.710237938573546e-16,18
72,1,2,random,3,722247,18,0.3843822653985522,2.0,0.23435338508288955,5.71743413700238e-16,18
72,1,2,random,4,722248,0,0.0,0.0,0.0,0.0,18
72,1,2,random,4,722248,1,0.0097043878572791,0.1111111111111111,0.004875814059033196,2.220446049250313e-16,18
72,1,2,random,4,722248,2,0.02619672047488587,0.2222222222222222,0.013271435306339625,4.44130572321002e-16,18
72,1,2,random,4,722248,3,0.09042898354369908,0.3333333333333333,0.04732188357999857,4.470085923250355e-16,18
72,1,2,random,4,722248,4,0.09043101052990192,0.4444444444444444,0.04732299299502937,4.470922207785077e-16,18
72,1,2,random,4,722248,5,0.09134298753896869,0.5555555555555556,0.047822366655211966,4.570543147828768e-16,18
72,1,2,random,4,722248,6,0.1000349076088793,0.6666666666666666,0.05260474881157833,4.576744567582122e-16,18
72,1,2,random,4,722248,7,0.10022703967843886,0.7777777777777778,0.05271093210589728,4.588750571386333e-16,18
72,1,2,random,4,722248,8,0.10031496044030296,0.8888888888888888,0.052759529008445646,4.595614810496201e-16,18
72,1,2,random,4,722248,9,0.10139730879242743,1.0,0.05335813126343366,4.600341384927322e-16,18
72,1,2,random,4,722248,10,0.103880350959478,1.1111111111111112,0.05473385011396645,4.600665202846128e-16,18
72,1,2,random,4,722248,11,0.10396383898032747,1.2222222222222223,0.05478016567858123,4.601099913598624e-16,18
72,1,2,random,4,722248,12,0.1353652228547019,1.3333333333333333,0.07247743584294225,4.606362562060889e-16,18
72,1,2,random,4,722248,13,0.14002214612794803,1.4444444444444444,0.07514963662501517,6.788338049457492e-16,18
72,1,2,random,4,722248,14,0.17086021510437058,1.5555555555555556,0.09316245356378018,6.926780638232825e-16,18
72,1,2,random,4,722248,15,0.20528155445253704,1.6666666666666667,0.11393536438506359,6.927633177457161e-16,18
72,1,2,random,4,722248,16,0.22998376187073843,1.7777777777777777,0.1292897863928794,7.001381419910736e-16,18
72,1,2,random,4,722248,17,0.2603274340324942,1.8888888888888888,0.14867740762270634,7.002405615585936e-16,18
72,1,2,random,4,722248,18,0.27531721938272496,2.0,0.15847418508133052,7.002950960686187e-16,18
72,1,2,random,5,722249,0,0.0,0.0,0.0,0.0,18
72,1,2,random,5,722249,1,0.00010634737743038061,0.1111111111111111,5.317651625654945e-05,1.1102230246251565e-16,18
72,1,2,random,5,722249,2,0.04165110987400615,0.2222222222222222,0.021265343315051748,4.440912618009382e-16,18
72,1,2,random,5,722249,3,0.05406676186138157,0.3333333333333333,0.02777753531202805,4.441037692831018e-16,18
72,1,2,random,5,722249,4,0.057747197340918745,0.4444444444444444,0.029723565400705514,8.887952654050748e-16,18
72,1,2,random,5,722249,5,0.07769071217654444,0.5555555555555556,0.04039416615014855,8.894109063215414e-16,18
72,1,2,random,5,722249,6,0.09180575969067659,0.6666666666666666,0.04807594225992159,8.895302402716553e-16,18
72,1,2,random,5,722249,7,0.14399561720998294,0.7777777777777778,0.07743952346073188,8.895927888849532e-16,18
72,1,2,random,5,722249,8,0.15596602516489316,0.8888888888888888,0.08439324654346243,8.895927930428318e-16,18
72,1,2,random,5,722249,9,0.1903973693615598,1.0,0.10486510594109917,8.906261634684097e-16,18
72,1,2,random,5,722249,10,0.27017397024932543,1.1111111111111112,0.15509618269997988,8.909562421350852e-16,18
72,1,2,random,5,722249,11,0.2933162172332548,1.2222222222222223,0.1704333642834739,8.912891686257762e-16,18
72,1,2,random,5,722249,12,0.41435435481255695,1.3333333333333333,0.25669665504097744,8.909105785156255e-16,18
72,1,2,random,5,722249,13,0.43463540723654326,1.4444444444444444,0.27219993963604644,8.91207969808561e-16,18
72,1,2,random,5,722249,14,0.4533512798917925,1.5555555555555556,0.28678842767262064,8.913745113958023e-16,18
72,1,2,random,5,722249,15,0.45335128458935203,1.6666666666666667,0.2867884313686059,8.95411071954667e-16,18
72,1,2,random,5,722249,16,0.46213392735329384,1.7777777777777777,0.29372894651178083,8.970269330252373e-16,18
72,1,2,random,5,722249,17,0.46692540711938524,1.8888888888888888,0.29754120859348865,8.970270873451855e-16,18
72,1,2,random,5,722249,18,0.481009575804746,2.0,0.3088533878358763,8.972953863545995e-16,18
72,1,2,random,6,722250,0,0.0,0.0,0.0,0.0,18
72,1,2,random,6,722250,1,0.0555276064537015,0.1111111111111111,0.028549099701055083,6.661338147750939e-16,18
72,1,2,random,6,722250,2,0.06807972120560637,0.2222222222222222,0.03522532134651671,4.442794376813661e-16,18
72,1,2,random,6,722250,3,0.08128809400057835,0.3333333333333333,0.04234167116058784,4.442794830903718e-16,18
72,1,2,random,6,722250,4,0.10211528664970898,0.4444444444444444,0.05375557280886902,4.44298475349447e-16,18
72,1,2,random,6,722250,5,0.12817934598481548,0.5555555555555556,0.06837842859716019,4.442984861401305e-16,18
72,1,2,random,6,722250,6,0.131802336266094,0.6666666666666666,0.07044139291334144,4.508072644249313e-16,18
72,1,2,random,6,722250,7,0.1818148797659835,0.7777777777777778,0.09969607078669473,4.511901675398441e-16,18
72,1,2,random,6,722250,8,0.2403059100478515,0.8888888888888888,0.1358190488491165,5.587997375832849e-16,18
72,1,2,random,6,722250,9,0.25807866044745864,1.0,0.14722031794965873,5.618945330655222e-16,18
72,1,2,random,6,722250,10,0.26224650114745685,1.1111111111111112,0.14992345834896564,5.620064538444e-16,18
72,1,2,random,6,722250,11,0.2904116047343439,1.2222222222222223,0.16848884056496305,5.656247770763623e-16,18
72,1,2,random,6,722250,12,0.2956834942419991,1.3333333333333333,0.17202234581030063,5.617335700016476e-16,18
72,1,2,random,6,722250,13,0.29731102892368666,1.4444444444444444,0.17311697601766127,5.61750255318399e-16,18
72,1,2,random,6,722250,14,0.30103408674826426,1.5555555555555556,0.17562770032784575,5.617979090239631e-16,18
72,1,2,random,6,722250,15,0.31967953901373886,1.6666666666666667,0.18834325965953658,5.632232899482806e-16,18
72,1,2,random,6,722250,16,0.39553675401402766,1.7777777777777777,0.2425905769805858,5.713841266044348e-16,18
72,1,2,random,6,722250,17,0.40163016440560023,1.8888888888888888,0.24712930022731597,5.727106427309816e-16,18
72,1,2,random,6,722250,18,0.40259518664154925,2.0,0.24785064461587133,5.736681293571575e-16,18
72,1,2,random,7,722251,0,0.0,0.0,0.0,0.0,18
72,1,2,random,7,722251,1,0.029264940514859977,0.1111111111111111,0.01484868344491854,0.0,18
72,1,2,random,7,722251,2,0.031825727762751777,0.2222222222222222,0.016168790923878917,4.44224793218976e-16,18
72,1,2,random,7,722251,3,0.06660282855011092,0.3333333333333333,0.03443543443305133,4.446561983675249e-16,18
72,1,2,random,7,722251,4,0.12065531718050405,0.4444444444444444,0.06411798089326892,4.47160372320554e-16,18
72,1,2,random,7,722251,5,0.12065533769024726,0.5555555555555556,0.0641179924631842,4.473375553857311e-16,18
72,1,2,random,7,722251,6,0.12071802080189427,0.6666666666666666,0.06415335424256928,4.553783187139113e-16,18
72,1,2,random,7,722251,7,0.12354405127813138,0.7777777777777778,0.0657499237293673,4.5541755111056e-16,18
72,1,2,random,7,722251,8,0.16881153109069041,0.8888888888888888,0.09194849506093067,4.554188340218311e-16,18
72,1,2,random,7,722251,9,0.17896082319994483,1.0,0.09798694441007733,4.57642278290534e-16,18
72,1,2,random,7,722251,10,0.1790649777683986,1.1111111111111112,0.09804923072585936,4.577361046124971e-16,18
72,1,2,random,7,722251,11,0.18513620335186468,1.2222222222222223,0.10169116683671893,5.685141899416801e-16,18
72,1,2,random,7,722251,12,0.2225940818326375,1.3333333333333333,0.12465667590571138,5.75733018560986e-16,18
72,1,2,random,7,722251,13,0.3202698268560502,1.4444444444444444,0.18874970026372268,5.78581500596006e-16,18
72,1,2,random,7,722251,14,0.3446815489923204,1.5555555555555556,0.2057701708214971,5.789034598921589e-16,18
72,1,2,random,7,722251,15,0.346432037878542,1.6666666666666667,0.2070066956074468,5.791427855982039e-16,18
72,1,2,random,7,722251,16,0.3587341743959569,1.7777777777777777,0.21575810866310663,5.725227319273987e-16,18
72,1,2,random,7,722251,17,0.37024267780351494,1.8888888888888888,0.22404299517674978,5.730570634477038e-16,18
72,1,2,random,7,722251,18,0.3703161183291238,2.0,0.22409617122749345,5.735948545846914e-16,18
72,1,2,krylov,0,722252,0,0.0,0.0,0.0,0.0,18
72,1,2,krylov,0,722252,1,0.006004783967082116,0.1111111111111111,0.0030114244113727223,2.220446049250313e-16,18
72,1,2,krylov,0,722252,2,0.011926602999440178,0.2222222222222222,0.005999004260867941,1.273892328361343e-16,18
72,1,2,krylov,0,722252,3,0.021226505543923482,0.3333333333333333,0.01072669514627822,2.910579892444767e-16,18
72,1,2,krylov,0,722252,4,0.031344400214626957,0.4444444444444444,0.01592040444774729,2.939173117077154e-16,18
72,1,2,krylov,0,722252,5,0.0383896521352415,0.5555555555555556,0.019568027793112622,4.532742282747529e-16,18
72,1,2,krylov,0,722252,6,0.044493289355766644,0.6666666666666666,0.022748980361026638,4.539107221948223e-16,18
72,1,2,krylov,0,722252,7,0.05052207720872227,0.7777777777777778,0.02591004217510768,4.540153612820863e-16,18
72,1,2,krylov,0,722252,8,0.056964833062104744,0.8888888888888888,0.02930929068349143,4.671671830332463e-16,18
72,1,2,krylov,0,722252,9,0.06369373239388244,1.0,0.032882969594592096,4.671848342009254e-16,18
72,1,2,krylov,0,722252,10,0.07059772977410597,1.1111111111111112,0.03657472147931928,4.67634201842199e-16,18
72,1,2,krylov,0,722252,11,0.07711872336250107,1.2222222222222223,0.040085155115788966,4.721286803150731e-16,18
72,1,2,krylov,0,722252,12,0.0868845055921063,1.3333333333333333,0.045385347263806566,4.8851996176383915e-16,18
72,1,2,krylov,0,722252,13,0.09765915751080269,1.4444444444444444,0.051293456293820566,5.648809231327249e-16,18
72,1,2,krylov,0,722252,14,0.1092857710186274,1.5555555555555556,0.057740538480742995,5.650004405192372e-16,18
72,1,2,krylov,0,722252,15,0.1262103795563726,1.6666666666666667,0.06726041158278179,7.182116094771108e-16,18
72,1,2,krylov,0,722252,16,0.14305962901564703,1.7777777777777777,0.07689929974477976,7.214015723453636e-16,18
72,1,2,krylov,0,722252,17,0.16299289657192448,1.8888888888888888,0.08851416436134768,7.214592827726073e-16,18
72,1,2,krylov,0,722252,18,0.18176750599899769,2.0,0.09966766159770551,7.214863126098345e-16,18
72,1,2,krylov,1,722253,0,0.0,0.0,0.0,0.0,18
72,1,2,krylov,1,722253,1,0.0028379051304323923,0.1111111111111111,0.001420967897588295,2.220446049250313e-16,18
72,1,2,krylov,1,722253,2,0.004922971272139911,0.2222222222222222,0.002467554502471296,2.2204745870750637e-16,18
72,1,2,krylov,1,722253,3,0.007267143033441815,0.3333333333333333,0.0036468063991913985,6.672819136714837e-16,18
72,1,2,krylov,1,722253,4,0.012194978443620415,0.4444444444444444,0.006134820192406379,6.677646790744382e-16,18
72,1,2,krylov,1,722253,5,0.016742215081936417,0.5555555555555556,0.008441575697487068,6.700161230076272e-16,18
72,1,2,krylov,1,722253,6,0.020393424610931223,0.6666666666666666,0.01030139565362804,6.705540431041417e-16,18
72,1,2,krylov,1,722253,7,0.024316550886507284,0.7777777777777778,0.012307304611718422,6.71284274120294e-16,18
72,1,2,krylov,1,722253,8,0.028050908014568113,0.8888888888888888,0.014224019668270242,6.724412290816603e-16,18
72,1,2,krylov,1,722253,9,0.031946075360532254,1.0,0.01623091433604261,6.728639906060296e-16,18
72,1,2,krylov,1,722253,10,0.03666779322889183,1.1111111111111112,0.01867417472227908,6.729885594517595e-16,18
72,1,2,krylov,1,722253,11,0.04145427676875405,1.2222222222222223,0.02116275113596633,6.740304147681208e-16,18
72,1,2,krylov,1,722253,12,0.04576959140391316,1.3333333333333333,0.023416591901691135,6.767198071461629e-16,18
72,1,2,krylov,1,722253,13,0.05027468744682728,1.4444444444444444,0.025779953506961623,6.772582958297178e-16,18
72,1,2,krylov,1,722253,14,0.05521024739733266,1.5555555555555556,0.028381386471593124,6.780296136963597e-16,18
72,1,2,krylov,1,722253,15,0.06502928666914434,1.6666666666666667,0.03359513918756212,6.782768078215697e-16,18
72,1,2,krylov,1,722253,16,0.07811839489850692,1.7777777777777777,0.040625332827533826,6.768723285482348e-16,18
72,1,2,krylov,1,722253,17,0.0913315117946748,1.8888888888888888,0.04781608002188597,6.772250168969914e-16,18
72,1,2,krylov,1,722253,18,0.1006426737521307,2.0,0.052940705349669395,6.776101989522032e-16,18
72,1,2,krylov,2,722254,0,0.0,0.0,0.0,0.0,18
72,1,2,krylov,2,722254,1,0.03369374950066602,0.1111111111111111,0.017133906593635177,1.1102230246251565e-16,18
72,1,2,krylov,2,722254,2,0.07273725609325511,0.2222222222222222,0.03772396619938147,4.457223696110444e-16,18
72,1,2,krylov,2,722254,3,0.1087365993261525,0.3333333333333333,0.05743432725422825,4.458757415351695e-16,18
72,1,2,krylov,2,722254,4,0.1423161447953791,0.4444444444444444,0.07647054362519051,4.475761382807897e-16,18
72,1,2,krylov,2,722254,5,0.17572796487416653,0.5555555555555556,0.09605685886569855,4.47576156921856e-16,18
72,1,2,krylov,2,722254,6,0.20087652295488095,0.6666666666666666,0.11123690752462648,4.478831964038862e-16,18
72,1,2,krylov,2,722254,7,0.21954329940128883,0.7777777777777778,0.12275388826460024,4.480802706297618e-16,18
72,1,2,krylov,2,722254,8,0.23079971233654645,0.8888888888888888,0.12980346522695732,4.481157492569156e-16,18
72,1,2,krylov,2,722254,9,0.24695146149003694,1.0,0.14005848814983415,4.510279270556532e-16,18
72,1,2,krylov,2,722254,10,0.26288061834570453,1.1111111111111112,0.15033571668768644,4.510573202976964e-16,18
72,1,2,krylov,2,722254,11,0.2833423364563803,1.2222222222222223,0.16377977803445956,4.515041445296201e-16,18
72,1,2,krylov,2,722254,12,0.3045923424538727,1.3333333333333333,0.1780360386481548,4.567551788461043e-16,18
72,1,2,krylov,2,722254,13,0.3256788169558075,1.4444444444444444,0.19248523419910377,4.567640942155036e-16,18
72,1,2,krylov,2,722254,14,0.34871158227283955,1.5555555555555556,0.2086201870711751,4.57374622769377e-16,18
72,1,2,krylov,2,722254,15,0.36990231803672485,1.6666666666666667,0.22379660200530527,4.841357390357657e-16,18
72,1,2,krylov,2,722254,16,0.3921678408835393,1.7777777777777777,0.24009306315092904,5.810122925305763e-16,18
72,1,2,krylov,2,722254,17,0.4123112535816397,1.8888888888888888,0.255152225423896,5.820422286963858e-16,18
72,1,2,krylov,2,722254,18,0.4341318923454364,2.0,0.27181122333796265,5.822613036973315e-16,18
72,1,2,krylov,3,722255,0,0.0,0.0,0.0,0.0,18
72,1,2,krylov,3,722255,1,0.0001312113604033232,0.1111111111111111,6.56099844952309e-05,0.0,18
72,1,2,krylov,3,722255,2,0.0002609356193493852,0.2222222222222222,0.00013048483300460666,2.254053085579152e-16,18
72,1,2,krylov,3,722255,3,0.0004028504164689045,0.3333333333333333,0.00020146578579758093,2.2540604512512327e-16,18
72,1,2,krylov,3,722255,4,0.0005666773946761795,0.4444444444444444,0.0002834189933221549,2.6777619583534437e-16,18
72,1,2,krylov,3,722255,5,0.0006637414495289503,0.5555555555555556,0.00033198088731426357,2.7319112348567076e-16,18
72,1,2,krylov,3,722255,6,0.0008476779477522117,0.6666666666666666,0.0004240186641214621,2.7424871185403154e-16,18
72,1,2,krylov,3,722255,7,0.0010620601964761878,0.7777777777777778,0.0005313121910610418,2.7524692201744047e-16,18
72,1,2,krylov,3,722255,8,0.001304680323729668,0.8888888888888888,0.0006527658946799013,3.4657346606872287e-16,18
72,1,2,krylov,3,722255,9,0.0015352064613982368,1.0,0.0007681927470566171,3.485497651584756e-16,18
72,1,2,krylov,3,722255,10,0.001789710170883947,1.1111111111111112,0.000895656328992493,3.540168035166624e-16,18
72,1,2,krylov,3,722255,11,0.002129529344419437,1.2222222222222223,0.0010658992012114968,3.5424048337700583e-16,18
72,1,2,krylov,3,722255,12,0.002531317692306973,1.3333333333333333,0.0012672620909568088,4.656662274199714e-16,18
72,1,2,krylov,3,722255,13,0.0029727921099170483,1.4444444444444444,0.0014886076191544828,4.668881844948016e-16,18
72,1,2,krylov,3,722255,14,0.0033663592036274844,1.5555555555555556,0.0016860158771332629,4.669199996011864e-16,18
72,1,2,krylov,3,722255,15,0.003847742315907268,1.6666666666666667,0.0019275771899469156,4.882441762841079e-16,18
72,1,2,krylov,3,722255,16,0.004560090128842866,1.7777777777777777,0.0022852515809704747,4.757178190480006e-16,18
72,1,2,krylov,3,722255,17,0.0052446810384130975,1.8888888888888888,0.0026292292267645935,4.759549585579696e-16,18
72,1,2,krylov,3,722255,18,0.005824898030013857,2.0,0.0029209478679093344,4.760401077731193e-16,18
72,1,2,krylov,4,722256,0,0.0,0.0,0.0,0.0,18
72,1,2,krylov,4,722256,1,0.04401286025846253,0.1111111111111111,0.022497896859014776,0.0,18
72,1,2,krylov,4,722256,2,0.10615855779272383,0.2222222222222222,0.055999089252915094,2.222436857757534e-16,18
72,1,2,krylov,4,722256,3,0.1504843236458625,0.3333333333333333,0.0811985414059939,2.2489805356129616e-16,18
72,1,2,krylov,4,722256,4,0.19438648235601427,0.4444444444444444,0.10728280021685938,2.5424752314096373e-16,18
72,1,2,krylov,4,722256,5,0.24121525475836425,0.5555555555555556,0.1363974904995985,3.6002523874972555e-16,18
72,1,2,krylov,4,722256,6,0.2770976830149369,0.6666666666666666,0.15964761873860697,4.476204181187711e-16,18
72,1,2,krylov,4,722256,7,0.3190980846658734,0.7777777777777778,0.18794313581653088,4.49460562620141e-16,18
72,1,2,krylov,4,722256,8,0.3606603869269507,0.8888888888888888,0.21713813959091355,4.610542708686236e-16,18
72,1,2,krylov,4,722256,9,0.3845786886385303,1.0,0.23449764332144796,4.784230042350264e-16,18
72,1,2,krylov,4,722256,10,0.4067357328220769,1.1111111111111112,0.2509535742246283,4.805486399060605e-16,18
72,1,2,krylov,4,722256,11,0.42878186812686997,1.2222222222222223,0.2676930406124103,4.839938155034698e-16,18
72,1,2,krylov,4,722256,12,0.45056832736259655,1.3333333333333333,0.28460187677276994,4.65263594320681e-16,18
72,1,2,krylov,4,722256,13,0.469546866793064,1.4444444444444444,0.29963467347793354,4.664755764919494e-16,18
72,1,2,krylov,4,722256,14,0.4883409656253875,1.5555555555555556,0.3148051981920093,4.677417511383874e-16,18
72,1,2,krylov,4,722256,15,0.5046939008941681,1.6666666666666667,0.32823919814687413,4.688238893115023e-16,18
72,1,2,krylov,4,722256,16,0.5189072065434033,1.7777777777777777,0.340095272430188,4.887544505245309e-16,18
72,1,2,krylov,4,722256,17,0.5308336387300908,1.8888888888888888,0.35017459744719986,4.887727836701345e-16,18
72,1,2,krylov,4,722256,18,0.5408126539827638,2.0,0.3587009743902125,4.889032994965159e-16,18
72,1,2,krylov,5,722257,0,0.0,0.0,0.0,0.0,18
72,1,2,krylov,5,722257,1,0.0001674576908373797,0.1111111111111111,8.373585632958409e-05,0.0,18
72,1,2,krylov,5,722257,2,0.0003375966276476539,0.2222222222222222,0.00016882680990113193,3.3364763980120867e-16,18
72,1,2,krylov,5,722257,3,0.0005897121584516343,0.3333333333333333,0.00029494303642567924,3.484405241368258e-16,18
72,1,2,krylov,5,722257,4,0.000878266687062456,0.4444444444444444,0.00043932623809140843,3.485072859918859e-16,18
72,1,2,krylov,5,722257,5,0.0012716109213645327,0.5555555555555556,0.0006362098806695555,3.4851610372864973e-16,18
72,1,2,krylov,5,722257,6,0.0017168185493239764,0.6666666666666666,0.0008591465630144055,3.9132060981445726e-16,18
72,1,2,krylov,5,722257,7,0.00230802137563245,0.7777777777777778,0.0011553434536371629,3.920168808196713e-16,18
72,1,2,krylov,5,722257,8,0.0027212417570452365,0.8888888888888888,0.0013624738481093225,3.929174597741824e-16,18
72,1,2,krylov,5,722257,9,0.003010491283295803,1.0,0.001507513681489925,6.709778923357177e-16,18
72,1,2,krylov,5,722257,10,0.0033734699868947426,1.1111111111111112,0.0016895832703437965,6.72862405965777e-16,18
72,1,2,krylov,5,722257,11,0.0036699002361371157,1.2222222222222223,0.0018383212826887853,6.733102933514116e-16,18
72,1,2,krylov,5,722257,12,0.004141613509380637,1.3333333333333333,0.0020751009215188632,4.526977402743039e-16,18
72,1,2,krylov,5,722257,13,0.004674768208938532,1.4444444444444444,0.0023428559922007864,4.745201799711969e-16,18
72,1,2,krylov,5,722257,14,0.005335517811773547,1.5555555555555556,0.0026748885178841607,4.757118116252988e-16,18
72,1,2,krylov,5,722257,15,0.006235231442178601,1.6666666666666667,0.0031273554815710396,4.788608203995653e-16,18
72,1,2,krylov,5,722257,16,0.007524468737717913,1.7777777777777777,0.003776424344653664,6.779364273133146e-16,18
72,1,2,krylov,5,722257,17,0.00949890360880531,1.8888888888888888,0.004772080689960527,6.77954160810858e-16,18
72,1,2,krylov,5,722257,18,0.013000294658405728,2.0,0.006542582936912497,6.779629399306548e-16,18
72,1,2,krylov,6,722258,0,0.0,0.0,0.0,0.0,18
72,1,2,krylov,6,722258,1,0.0042346396988650085,0.1111111111111111,0.002121809227506602,2.220446049250313e-16,18
72,1,2,krylov,6,722258,2,0.010379513699397262,0.2222222222222222,0.0052167838539738005,4.453504179423239e-16,18
72,1,2,krylov,6,722258,3,0.017270565499984042,0.3333333333333333,0.00871028199585125,4.457564972989344e-16,18
72,1,2,krylov,6,722258,4,0.025441894571969395,0.4444444444444444,0.012884150916276094,4.458664209760559e-16,18
72,1,2,krylov,6,722258,5,0.03437990784457403,0.5555555555555556,0.017488864103163953,5.553031975592962e-16,18
72,1,2,krylov,6,722258,6,0.044641736842967523,0.6666666666666666,0.02282658689370302,5.559177396523873e-16,18
72,1,2,krylov,6,722258,7,0.055530403298301396,0.7777777777777778,0.028550577972817827,5.559188218215501e-16,18
72,1,2,krylov,6,722258,8,0.06917637553742326,0.8888888888888888,0.035812600475912504,6.71268427937835e-16,18
72,1,2,krylov,6,722258,9,0.08275684256285444,1.0,0.04313881997265096,6.713140821611073e-16,18
72,1,2,krylov,6,722258,10,0.10279422664328611,1.1111111111111112,0.05413166727225439,6.716082635531392e-16,18
72,1,2,krylov,6,722258,11,0.1180776106015548,1.2222222222222223,0.06266572281435495,6.716347084165547e-16,18
72,1,2,krylov,6,722258,12,0.14419023152847196,1.3333333333333333,0.07755191239595227,6.737055666654868e-16,18
72,1,2,krylov,6,722258,13,0.17098574762960347,1.4444444444444444,0.093236919418295,7.099173805420581e-16,18
72,1,2,krylov,6,722258,14,0.19649901511020257,1.5555555555555556,0.10856706106731223,7.102213228220698e-16,18
72,1,2,krylov,6,722258,15,0.2275646015639821,1.6666666666666667,0.12776927344402247,7.117590703746685e-16,18
72,1,2,krylov,6,722258,16,0.26129182275769514,1.7777777777777777,0.1493032865476917,6.919240391785775e-16,18
72,1,2,krylov,6,722258,17,0.2812039892684568,1.8888888888888888,0.1623619029076169,6.919364766432549e-16,18
72,1,2,krylov,6,722258,18,0.30424940368424,2.0,0.17780355366962908,6.919680777302098e-16,18
72,1,2,krylov,7,722259,0,0.0,0.0,0.0,0.0,18
72,1,2,krylov,7,722259,1,0.011166119639244092,0.1111111111111111,0.005614346719220093,2.220446049250313e-16,18
72,1,2,krylov,7,722259,2,0.02114983746209557,0.2222222222222222,0.01068754021120905,3.3308837568853915e-16,18
72,1,2,krylov,7,722259,3,0.03227987005516965,0.3333333333333333,0.016403258238595897,3.3364311149009935e-16,18
72,1,2,krylov,7,722259,4,0.04297256959704611,0.4444444444444444,0.02195462980311905,3.355124192557371e-16,18
72,1,2,krylov,7,722259,5,0.05363105919994418,0.5555555555555556,0.02754763132377269,3.3593406384168045e-16,18
72,1,2,krylov,7,722259,6,0.06991488702821547,0.6666666666666666,0.036208450390139015,3.3595051010595834e-16,18
72,1,2,krylov,7,722259,7,0.08042974688489367,0.7777777777777778,0.0418763534820441,3.3597285962438944e-16,18
72,1,2,krylov,7,722259,8,0.09037703279971952,0.8888888888888888,0.047293450539515426,3.3597287397315444e-16,18
72,1,2,krylov,7,722259,9,0.09886938722375711,1.0,0.05196105190572428,3.387595060322004e-16,18
72,1,2,krylov,7,722259,10,0.10869047840666349,1.1111111111111112,0.05740861846336161,3.387691084536177e-16,18
72,1,2,krylov,7,722259,11,0.12250070306740742,1.2222222222222223,0.06515995738241191,3.3902031040608215e-16,18
72,1,2,krylov,7,722259,12,0.13983422875996057,1.3333333333333333,0.07504156617357723,3.401443819876102e-16,18
72,1,2,krylov,7,722259,13,0.15689064648576975,1.4444444444444444,0.08493383888208007,3.447330947503327e-16,18
72,1,2,krylov,7,722259,14,0.17525629103826482,1.5555555555555556,0.0957757807344732,3.448660223778732e-16,18
72,1,2,krylov,7,722259,15,0.18850203474727142,1.6666666666666667,0.10371976990921224,3.477576035077786e-16,18
72,1,2,krylov,7,722259,16,0.21277267180357592,1.7777777777777777,0.11855169539648869,3.4424476767545665e-16,18
72,1,2,krylov,7,722259,17,0.23343439306280084,1.8888888888888888,0.13146498410287316,3.5721906707396707e-16,18
72,1,2,krylov,7,722259,18,0.27199977981683415,2.0,0.1562933561507894,3.573546936904134e-16,18
72,1,2,reply_null,0,722260,0,0.0,0.0,0.0,0.0,18
72,1,2,reply_null,0,722260,1,0.007553459803614093,0.1111111111111111,0.0037910295718783103,2.220446049250313e-16,18
72,1,2,reply_null,0,722260,2,0.10225956322087744,0.2222222222222222,0.05383547252786956,4.450197078222514e-16,18
72,1,2,reply_null,0,722260,3,0.1840770515347117,0.3333333333333333,0.10105422191422886,4.486882938998771e-16,18
72,1,2,reply_null,0,722260,4,0.18408533556840082,0.4444444444444444,0.10105920108827605,4.494314600922551e-16,18
72,1,2,reply_null,0,722260,5,0.19807457172355905,0.5555555555555556,0.1095266486688388,4.494829959754469e-16,18
72,1,2,reply_null,0,722260,6,0.22189121752945065,0.6666666666666666,0.12421778128621896,4.499446680250441e-16,18
72,1,2,reply_null,0,722260,7,0.27433651377064827,0.7777777777777778,0.1578287323039263,4.4996713958378645e-16,18
72,1,2,reply_null,0,722260,8,0.2859522773052148,0.8888888888888888,0.16551446672452338,4.501099935598144e-16,18
72,1,2,reply_null,0,722260,9,0.29167596959826625,1.0,0.1693345889214816,4.571164643926971e-16,18
72,1,2,reply_null,0,722260,10,0.36060166666499793,1.1111111111111112,0.21709603028784738,4.571397188952006e-16,18
72,1,2,reply_null,0,722260,11,0.3629577657837792,1.2222222222222223,0.21878757154982087,4.576076213699368e-16,18
72,1,2,reply_null,0,722260,12,0.3811097486483536,1.3333333333333333,0.23195412927326203,4.775100835117494e-16,18
72,1,2,reply_null,0,722260,13,0.3833667115947695,1.4444444444444444,0.23360798826869675,4.775313633976656e-16,18
72,1,2,reply_null,0,722260,14,0.38946186365340935,1.5555555555555556,0.23809309532792622,4.775316491045357e-16,18
72,1,2,reply_null,0,722260,15,0.3996180565685171,1.6666666666666667,0.24562750689875465,4.778617780485541e-16,18
72,1,2,reply_null,0,722260,16,0.4140697328071631,1.7777777777777777,0.2564813131685164,4.618687975872837e-16,18
72,1,2,reply_null,0,722260,17,0.4140699594549201,1.8888888888888888,0.25648148462332876,4.627777003856836e-16,18
72,1,2,reply_null,0,722260,18,0.41407981073959405,2.0,0.2564889369744917,4.628236850614855e-16,18
72,1,2,reply_null,1,722261,0,0.0,0.0,0.0,0.0,18
72,1,2,reply_null,1,722261,1,0.14776289143235372,0.1111111111111111,0.07961899925627762,3.3306690738754696e-16,18
72,1,2,reply_null,1,722261,2,0.14929109909953892,0.2222222222222222,0.08050545462641377,3.3321096734924505e-16,18
72,1,2,reply_null,1,722261,3,0.15534365680924794,0.3333333333333333,0.08402965183621729,3.4327862030765854e-16,18
72,1,2,reply_null,1,722261,4,0.2803962254327041,0.4444444444444444,0.16182708694784337,5.560189911277938e-16,18
72,1,2,reply_null,1,722261,5,0.30488378752827516,0.5555555555555556,0.17823367771095308,5.563996658702337e-16,18
72,1,2,reply_null,1,722261,6,0.3192933477075783,0.6666666666666666,0.1880774788014334,5.564077957866036e-16,18
72,1,2,reply_null,1,722261,7,0.3268251654086552,0.7777777777777778,0.1932795187524007,5.565518702881057e-16,18
72,1,2,reply_null,1,722261,8,0.33235557189807075,0.8888888888888888,0.19712425798789582,5.576977176650216e-16,18
72,1,2,reply_null,1,722261,9,0.33389163793929993,1.0,0.19819590974032714,5.577760819598356e-16,18
72,1,2,reply_null,1,722261,10,0.33410935703345646,1.1111111111111112,0.1983479368703436,5.580810435790272e-16,18
72,1,2,reply_null,1,722261,11,0.3343309398196272,1.2222222222222223,0.19850269589724684,5.583738675989724e-16,18
72,1,2,reply_null,1,722261,12,0.3343749002407786,1.3333333333333333,0.1985334030448785,5.581844611398573e-16,18
72,1,2,reply_null,1,722261,13,0.3360731537357765,1.4444444444444444,0.19972069771628212,5.585788264335868e-16,18
72,1,2,reply_null,1,722261,14,0.43581491163322206,1.5555555555555556,0.2731112902253175,5.594011478464597e-16,18
72,1,2,reply_null,1,722261,15,0.4414675835119357,1.6666666666666667,0.2774938094769189,5.595420035853519e-16,18
72,1,2,reply_null,1,722261,16,0.4419464259851082,1.7777777777777777,0.2778661956855763,5.911234453975846e-16,18
72,1,2,reply_null,1,722261,17,0.44302829893925766,1.8888888888888888,0.2787082034752356,5.919132396225598e-16,18
72,1,2,reply_null,1,722261,18,0.44307871755887723,2.0,0.2787474658577106,5.919309713235351e-16,18
72,1,2,reply_null,2,722262,0,0.0,0.0,0.0,0.0,18
72,1,2,reply_null,2,722262,1,0.0016996899304078277,0.1111111111111111,0.0008505676110354423,0.0,18
72,1,2,reply_null,2,722262,2,0.005511310583851338,0.2222222222222222,0.0027632628975516227,1.2299983563451734e-16,18
72,1,2,reply_null,2,722262,3,0.006198554875179802,0.3333333333333333,0.003108902835800766,4.458449681798464e-16,18
72,1,2,reply_null,2,722262,4,0.007990366478579028,0.4444444444444444,0.0040111873261799436,4.465994086050864e-16,18
72,1,2,reply_null,2,722262,5,0.010076896269895656,0.5555555555555556,0.005063919580366302,4.468445968459165e-16,18
72,1,2,reply_null,2,722262,6,0.013577264946357628,0.6666666666666666,0.006834927285741048,4.485056520074198e-16,18
72,1,2,reply_null,2,722262,7,0.046160010821492445,0.7777777777777778,0.023620983799339145,4.491368424874852e-16,18
72,1,2,reply_null,2,722262,8,0.15168857638598757,0.8888888888888888,0.08189887294548996,4.513079278841862e-16,18
72,1,2,reply_null,2,722262,9,0.151802631407115,1.0,0.08196524521871132,4.518999652678622e-16,18
72,1,2,reply_null,2,722262,10,0.17608784397204846,1.1111111111111112,0.09627140587352984,4.537413316487947e-16,18
72,1,2,reply_null,2,722262,11,0.17737037682439824,1.2222222222222223,0.09703663415078896,4.559151773421652e-16,18
72,1,2,reply_null,2,722262,12,0.2312307251938473,1.3333333333333333,0.1300749771263993,4.51905002722314e-16,18
72,1,2,reply_null,2,722262,13,0.23125690982496022,1.4444444444444444,0.13009147562325135,4.54596076559723e-16,18
72,1,2,reply_null,2,722262,14,0.2742605187738209,1.5555555555555556,0.15777874251101304,4.549548766839209e-16,18
72,1,2,reply_null,2,722262,15,0.2950942766239639,1.6666666666666667,0.17162649503701335,4.552474058859792e-16,18
72,1,2,reply_null,2,722262,16,0.2989168356458928,1.7777777777777777,0.17419874010214645,4.609822972945206e-16,18
72,1,2,reply_null,2,722262,17,0.3507446938654877,1.8888888888888888,0.21006235653725167,4.828601351515602e-16,18
72,1,2,reply_null,2,722262,18,0.4216880149221283,2.0,0.2622664094951742,4.829396222400686e-16,18
72,1,2,reply_null,3,722263,0,0.0,0.0,0.0,0.0,18
72,1,2,reply_null,3,722263,1,0.0001554208449507362,0.1111111111111111,7.771646169801242e-05,0.0,18
72,1,2,reply_null,3,722263,2,0.053134797047318806,0.2222222222222222,0.027285894351087945,2.222952247889115e-16,18
72,1,2,reply_null,3,722263,3,0.07021070618367334,0.3333333333333333,0.03636709458492178,3.3741763232452603e-16,18
72,1,2,reply_null,3,722263,4,0.07067391335264585,0.4444444444444444,0.036615601218918235,4.467063428913983e-16,18
72,1,2,reply_null,3,722263,5,0.07076884161829651,0.5555555555555556,0.03666654362516201,4.469865286382054e-16,18
72,1,2,reply_null,3,722263,6,0.07958361655182758,0.6666666666666666,0.041418049382434964,4.542949357023784e-16,18
72,1,2,reply_null,3,722263,7,0.08349200533453363,0.7777777777777778,0.043538262222494066,4.569714967253675e-16,18
72,1,2,reply_null,3,722263,8,0.12458537393021629,0.8888888888888888,0.06633935878313575,4.57712711166557e-16,18
72,1,2,reply_null,3,722263,9,0.12871339681989113,1.0,0.06868205263971178,5.630317457521639e-16,18
72,1,2,reply_null,3,722263,10,0.13060707304300476,1.1111111111111112,0.06975997261490163,5.630664052318029e-16,18
72,1,2,reply_null,3,722263,11,0.23160806208714205,1.2222222222222223,0.13031277252247753,5.639108174442406e-16,18
72,1,2,reply_null,3,722263,12,0.231643166538399,1.3333333333333333,0.13033489969485593,4.720193695822072e-16,18
72,1,2,reply_null,3,722263,13,0.25374492468056953,1.4444444444444444,0.14442150514671326,4.761285343333662e-16,18
72,1,2,reply_null,3,722263,14,0.2569801120778387,1.5555555555555556,0.14650970551711937,4.761294338100363e-16,18
72,1,2,reply_null,3,722263,15,0.2578973921832226,1.6666666666666667,0.14710300807864543,4.761501681386588e-16,18
72,1,2,reply_null,3,722263,16,0.2579324706301794,1.7777777777777777,0.1471257078453238,5.657177994684314e-16,18
72,1,2,reply_null,3,722263,17,0.2580052228222289,1.8888888888888888,0.14717278937172246,5.671980920327206e-16,18
72,1,2,reply_null,3,722263,18,0.2982209476582704,2.0,0.1737297365035511,5.67278507456985e-16,18
72,1,2,reply_null,4,722264,0,0.0,0.0,0.0,0.0,18
72,1,2,reply_null,4,722264,1,0.1600609201352387,0.1111111111111111,0.08679118180521132,1.1102230246251565e-16,18
72,1,2,reply_null,4,722264,2,0.16437240084864235,0.2222222222222222,0.08932658240623884,2.2218937041836916e-16,18
72,1,2,reply_null,4,722264,3,0.1785765330087429,0.3333333333333333,0.09775718804226058,3.3381400530636287e-16,18
72,1,2,reply_null,4,722264,4,0.19458228056819066,0.4444444444444444,0.10740171674486919,3.364231180139505e-16,18
72,1,2,reply_null,4,722264,5,0.20736201037724453,0.5555555555555556,0.1152139594204162,6.670550123788202e-16,18
72,1,2,reply_null,4,722264,6,0.229855828830574,0.6666666666666666,0.1292092845868919,6.670592155013194e-16,18
72,1,2,reply_null,4,722264,7,0.23782961958578416,0.7777777777777778,0.13424652402052975,6.809742702067671e-16,18
72,1,2,reply_null,4,722264,8,0.23922806920078588,0.8888888888888888,0.1351341063027621,6.832953030524945e-16,18
72,1,2,reply_null,4,722264,9,0.23925570368600524,1.0,0.1351516581493519,6.833140980586193e-16,18
72,1,2,reply_null,4,722264,10,0.2623251188817849,1.1111111111111112,0.14997455586730693,6.834190858291367e-16,18
72,1,2,reply_null,4,722264,11,0.2663091708585417,1.2222222222222223,0.15256925355461262,6.852993340672796e-16,18
72,1,2,reply_null,4,722264,12,0.2736269634233218,1.3333333333333333,0.15736213525506368,6.845061155579866e-16,18
72,1,2,reply_null,4,722264,13,0.31105083274910367,1.4444444444444444,0.1824292994687686,6.847656518240972e-16,18
72,1,2,reply_null,4,722264,14,0.38221102467900997,1.5555555555555556,0.23276065683459274,6.847678614240439e-16,18
72,1,2,reply_null,4,722264,15,0.3861895029933713,1.6666666666666667,0.2356817360896885,6.878932630126068e-16,18
72,1,2,reply_null,4,722264,16,0.3872316186233233,1.7777777777777777,0.23644880114135802,7.014981006935508e-16,18
72,1,2,reply_null,4,722264,17,0.47280423841107627,1.8888888888888888,0.30224362762784723,7.016432906983662e-16,18
72,1,2,reply_null,4,722264,18,0.4978267867213305,2.0,0.32257106912976724,7.031050786197674e-16,18
72,1,2,reply_null,5,722265,0,0.0,0.0,0.0,0.0,18
72,1,2,reply_null,5,722265,1,0.000555044221813504,0.1111111111111111,0.0002775991436802525,5.551115123125783e-16,18
72,1,2,reply_null,5,722265,2,0.07013612693839899,0.2222222222222222,0.03632709422343455,5.562887565639863e-16,18
72,1,2,reply_null,5,722265,3,0.11959319376624074,0.3333333333333333,0.06351913605721299,5.58589343667133e-16,18
72,1,2,reply_null,5,722265,4,0.15717665226981345,0.4444444444444444,0.08510115726915589,5.588172159842754e-16,18
72,1,2,reply_null,5,722265,5,0.2535933695681438,0.5555555555555556,0.1443238471735206,5.589731290097239e-16,18
72,1,2,reply_null,5,722265,6,0.25438731835946155,0.6666666666666666,0.1448356104432334,7.804624177916321e-16,18
72,1,2,reply_null,5,722265,7,0.25476971190175624,0.7777777777777778,0.1450822385680044,7.808343406013615e-16,18
72,1,2,reply_null,5,722265,8,0.2688876211405723,0.8888888888888888,0.15425404206876517,7.814401785623108e-16,18
72,1,2,reply_null,5,722265,9,0.2809812190517765,1.0,0.16221436483713958,7.815399781338941e-16,18
72,1,2,reply_null,5,722265,10,0.2858511655707914,1.1111111111111112,0.1654471788043655,7.81671002350598e-16,18
72,1,2,reply_null,5,722265,11,0.28632367769027645,1.2222222222222223,0.16576168495936108,7.819519877954037e-16,18
72,1,2,reply_null,5,722265,12,0.2863583142529756,1.3333333333333333,0.16578474505506366,7.888571867776091e-16,18
72,1,2,reply_null,5,722265,13,0.29203081530140623,1.4444444444444444,0.16957214156909867,7.912133543396179e-16,18
72,1,2,reply_null,5,722265,14,0.29248852305423034,1.5555555555555556,0.16987868007654416,7.952190258933548e-16,18
72,1,2,reply_null,5,722265,15,0.32113448022378627,1.6666666666666667,0.18934548754920533,7.952567905250688e-16,18
72,1,2,reply_null,5,722265,16,0.32148741794750374,1.7777777777777777,0.18958882651566047,7.859443280664389e-16,18
72,1,2,reply_null,5,722265,17,0.3279855565101068,1.8888888888888888,0.1940844610704093,7.859631497414311e-16,18
72,1,2,reply_null,5,722265,18,0.3340468645684754,2.0,0.19830429674995778,7.862630533425785e-16,18
72,1,2,reply_null,6,722266,0,0.0,0.0,0.0,0.0,18
72,1,2,reply_null,6,722266,1,0.01052935357822989,0.1111111111111111,0.005292491147494807,2.220446049250313e-16,18
72,1,2,reply_null,6,722266,2,0.06657493731836017,0.2222222222222222,0.03442052857836611,4.442590842976449e-16,18
72,1,2,reply_null,6,722266,3,0.06693316484524604,0.3333333333333333,0.03461200701701201,4.444215269553574e-16,18
72,1,2,reply_null,6,722266,4,0.06950307046302634,0.4444444444444444,0.0359876763302016,4.492880622773854e-16,18
72,1,2,reply_null,6,722266,5,0.1299873296098172,0.5555555555555556,0.06940697700803328,4.515746103596111e-16,18
72,1,2,reply_null,6,722266,6,0.1305524619605426,0.6666666666666666,0.0697288582556556,4.529546068547956e-16,18
72,1,2,reply_null,6,722266,7,0.1311940217525709,0.7777777777777778,0.07009449065845365,4.542023362316536e-16,18
72,1,2,reply_null,6,722266,8,0.17742027358179188,0.8888888888888888,0.09706642508610763,4.542359099608423e-16,18
72,1,2,reply_null,6,722266,9,0.17748342176693577,1.0,0.09710412993774621,4.545327872541417e-16,18
72,1,2,reply_null,6,722266,10,0.1777846467885341,1.1111111111111112,0.09728401973447678,4.574341647973952e-16,18
72,1,2,reply_null,6,722266,11,0.1889163035771145,1.2222222222222223,0.10396992400379015,4.5768254116592775e-16,18
72,1,2,reply_null,6,722266,12,0.2494145078101756,1.3333333333333333,0.14163692493722715,4.628128746254919e-16,18
72,1,2,reply_null,6,722266,13,0.29022701502219905,1.4444444444444444,0.16836545579044151,4.638323226017238e-16,18
72,1,2,reply_null,6,722266,14,0.31169942281062246,1.5555555555555556,0.18287205989957966,4.641024341148208e-16,18
72,1,2,reply_null,6,722266,15,0.3140874276748657,1.6666666666666667,0.18450471031298188,4.641108454789419e-16,18
72,1,2,reply_null,6,722266,16,0.32338661959306153,1.7777777777777777,0.19089973919946546,6.761830126405652e-16,18
72,1,2,reply_null,6,722266,17,0.3649398328275816,1.8888888888888888,0.2202136695509297,6.775329186401304e-16,18
72,1,2,reply_null,6,722266,18,0.4107981398183221,2.0,0.25401045822787727,6.794812200117191e-16,18
72,1,2,reply_null,7,722267,0,0.0,0.0,0.0,0.0,18
72,1,2,reply_null,7,722267,1,0.0008719206489428434,0.1111111111111111,0.0004361504411275857,0.0,18
72,1,2,reply_null,7,722267,2,0.026453580082752597,0.2222222222222222,0.013403290939409729,2.2864901640969957e-16,18
72,1,2,reply_null,7,722267,3,0.04793342078225708,0.3333333333333333,0.02455040234414304,3.361189941318821e-16,18
72,1,2,reply_null,7,722267,4,0.058340714768650444,0.4444444444444444,0.030038058888101696,3.376116085008485e-16,18
72,1,2,reply_null,7,722267,5,0.06800712201859975,0.5555555555555556,0.03518646583377808,4.477894827090094e-16,18
72,1,2,reply_null,7,722267,6,0.06806248364650257,0.6666666666666666,0.03521609544792247,5.6490420356933695e-16,18
72,1,2,reply_null,7,722267,7,0.07652230770979822,0.7777777777777778,0.03976313591367728,5.650350851047626e-16,18
72,1,2,reply_null,7,722267,8,0.07655724450098689,0.8888888888888888,0.03978199383506371,5.665756806383185e-16,18
72,1,2,reply_null,7,722267,9,0.09023811205760318,1.0,0.04721742540806701,5.674211666503551e-16,18
72,1,2,reply_null,7,722267,10,0.118334420941376,1.1111111111111112,0.06281023974576368,5.675339889583715e-16,18
72,1,2,reply_null,7,722267,11,0.11865497488948218,1.2222222222222223,0.06299067970897482,5.6819476277045e-16,18
72,1,2,reply_null,7,722267,12,0.16569124506690014,1.3333333333333333,0.09010432511011464,5.673625814205287e-16,18
72,1,2,reply_null,7,722267,13,0.17810143250485658,1.4444444444444444,0.09747326075335966,5.680428863559909e-16,18
72,1,2,reply_null,7,722267,14,0.17861137761170431,1.5555555555555556,0.09777801701703187,5.691734029133799e-16,18
72,1,2,reply_null,7,722267,15,0.17887241465888495,1.6666666666666667,0.09793407959363419,5.759942043139172e-16,18
72,1,2,reply_null,7,722267,16,0.17888635834708855,1.7777777777777777,0.09794241705813371,6.891553473791029e-16,18
72,1,2,reply_null,7,722267,17,0.27585560656272984,1.8888888888888888,0.15882879459098367,6.892233746860376e-16,18
72,1,2,reply_null,7,722267,18,0.29321881065161565,2.0,0.1703680628416889,6.904750446943866e-16,18
72,1,8,random,0,722268,0,0.0,0.0,0.0,0.0,18
72,1,8,random,0,722268,1,0.0004492564700810332,0.4444444444444444,5.616967511034383e-05,4.440892098500626e-16,18
72,1,8,random,0,722268,2,0.10457886432261827,0.8888888888888888,0.013780368621474583,4.448227918990769e-16,18
72,1,8,random,0,722268,3,0.13497976585800983,1.3333333333333333,0.01806420323322548,4.796530870209856e-16,18
72,1,8,random,0,722268,4,0.13743771876878313,1.7777777777777777,0.01841628082580444,4.796606141158503e-16,18
72,1,8,random,0,722268,5,0.26822662669825137,2.2222222222222223,0.03845543166946682,4.7980746977287685e-16,18
72,1,8,random,0,722268,6,0.3604430196592637,2.6666666666666665,0.054245568543397536,4.80086292343911e-16,18
72,1,8,random,0,722268,7,0.4012506394921819,3.111111111111111,0.06171144996136666,4.898718165599281e-16,18
72,1,8,random,0,722268,8,0.41392123936093533,3.5555555555555554,0.06409224724780635,4.900346541538137e-16,18
72,1,8,random,0,722268,9,0.5410214415329281,4.0,0.08972006979515793,4.904510910223635e-16,18
72,1,8,random,0,722268,10,0.6357788331112504,4.444444444444445,0.11106154865608504,5.007103407909014e-16,18
72,1,8,random,0,722268,11,0.6821508838313997,4.888888888888889,0.12226598538521198,5.029945421449212e-16,18
72,1,8,random,0,722268,12,0.7119473502646477,5.333333333333333,0.12974450139882585,4.918094843930652e-16,18
72,1,8,random,0,722268,13,0.7145464591329141,5.777777777777778,0.1304074712837903,4.954836319497e-16,18
72,1,8,random,0,722268,14,0.7719811146944565,6.222222222222222,0.14550615494863856,4.9581869339126765e-16,18
72,1,8,random,0,722268,15,0.8307058326063839,6.666666666666667,0.1618672513509551,4.96264421853005e-16,18
72,1,8,random,0,722268,16,0.8431652424690131,7.111111111111111,0.1654638069655605,5.8059406696609045e-16,18
72,1,8,random,0,722268,17,0.9342683852543627,7.555555555555555,0.1931688200447164,5.806919387605914e-16,18
72,1,8,random,0,722268,18,1.0930365953305836,8.0,0.2479149332466024,5.817626088520856e-16,18
72,1,8,random,1,722269,0,0.0,0.0,0.0,0.0,18
72,1,8,random,1,722269,1,0.38331945973895004,0.4444444444444444,0.058393331187192886,1.1102230246251565e-16,18
72,1,8,random,1,722269,2,0.4889468476361277,0.8888888888888888,0.07882475589717675,3.3875034589095673e-16,18
72,1,8,random,1,722269,3,0.5756123624710957,1.3333333333333333,0.09727738852801407,3.39357423377806e-16,18
72,1,8,random,1,722269,4,0.589749491660373,1.7777777777777777,0.10044206973182669,4.503432177084843e-16,18
72,1,8,random,1,722269,5,0.5918310156271465,2.2222222222222223,0.10091182153329967,4.524467722908204e-16,18
72,1,8,random,1,722269,6,0.8740962357250097,2.6666666666666665,0.1745885319462122,4.526479340387761e-16,18
72,1,8,random,1,722269,7,0.9000395032302746,3.111111111111111,0.18246253441802132,4.527341495762177e-16,18
72,1,8,random,1,722269,8,0.9082037367524654,3.5555555555555554,0.1849830052042888,5.585151506177674e-16,18
72,1,8,random,1,722269,9,0.9138075332955542,4.0,0.18672496312767456,5.585403737714718e-16,18
72,1,8,random,1,722269,10,0.9142375357529048,4.444444444444445,0.18685903445127042,5.585805903176614e-16,18
72,1,8,random,1,722269,11,0.9231737821537589,4.888888888888889,0.1896583727852601,5.631736316530065e-16,18
72,1,8,random,1,722269,12,0.9281947040344811,5.333333333333333,0.19124222075524033,5.640637145622237e-16,18
72,1,8,random,1,722269,13,0.950987627594612,5.777777777777778,0.198533079875448,5.651528798359976e-16,18
72,1,8,random,1,722269,14,0.954312626610384,6.222222222222222,0.19961061746057165,5.653760907080812e-16,18
72,1,8,random,1,722269,15,0.9766891814590226,6.666666666666667,0.2069561622429404,5.653792973206662e-16,18
72,1,8,random,1,722269,16,1.0668755296048713,7.111111111111111,0.2382855873320437,5.700551322549915e-16,18
72,1,8,random,1,722269,17,1.114540234315272,7.555555555555555,0.2560208018308707,5.711327774599974e-16,18
72,1,8,random,1,722269,18,1.1305346951333197,8.0,0.2621640218988764,5.713025387745408e-16,18
72,1,8,random,2,722270,0,0.0,0.0,0.0,0.0,18
72,1,8,random,2,722270,1,0.20646672126146715,0.4444444444444444,0.028665852886301715,2.220446049250313e-16,18
72,1,8,random,2,722270,2,0.49580294939381986,0.8888888888888888,0.08022700063782269,5.552458963323674e-16,18
72,1,8,random,2,722270,3,0.5264255463583327,1.3333333333333333,0.08660879928889728,5.559552288064563e-16,18
72,1,8,random,2,722270,4,0.5359427596547047,1.7777777777777777,0.08863233932429965,5.560633653153605e-16,18
72,1,8,random,2,722270,5,0.536031950302936,2.2222222222222223,0.08865139418087203,5.561359211997473e-16,18
72,1,8,random,2,722270,6,0.5360449233793572,2.6666666666666665,0.08865416591471516,5.562318036145302e-16,18
72,1,8,random,2,722270,7,0.5384854497121794,3.111111111111111,0.0891762313308191,5.563466597938118e-16,18
72,1,8,random,2,722270,8,0.6020800301808131,3.5555555555555554,0.10323910086806401,5.568891738283229e-16,18
72,1,8,random,2,722270,9,0.7451559227711405,4.0,0.1383462378467067,5.571981197377145e-16,18
72,1,8,random,2,722270,10,0.7756417179952605,4.444444444444445,0.14649818527931455,5.572009573267697e-16,18
72,1,8,random,2,722270,11,0.8031290369504642,4.888888888888889,0.15406445433230542,5.60927123777088e-16,18
72,1,8,random,2,722270,12,0.8036835902754721,5.333333333333333,0.1542192533715407,5.621863857351313e-16,18
72,1,8,random,2,722270,13,0.8320506012398762,5.777777777777778,0.16225328093461105,5.622130547134335e-16,18
72,1,8,random,2,722270,14,0.8344152345763746,6.222222222222222,0.16293333333914514,5.675697191894285e-16,18
72,1,8,random,2,722270,15,0.8467988312845882,6.666666666666667,0.16652115282257846,5.687824924188551e-16,18
72,1,8,random,2,722270,16,0.8664301712356601,7.111111111111111,0.17230064767883665,5.90272799049929e-16,18
72,1,8,random,2,722270,17,1.0090687859739733,7.555555555555555,0.21788068286368942,5.9370755454594565e-16,18
72,1,8,random,2,722270,18,1.068114684208831,8.0,0.23873603336864,5.938674204630294e-16,18
72,1,8,random,3,722271,0,0.0,0.0,0.0,0.0,18
72,1,8,random,3,722271,1,0.00932240196306181,0.4444444444444444,0.0011707488622675598,0.0,18
72,1,8,random,3,722271,2,0.19136676302637934,0.8888888888888888,0.026362935659469507,2.2305017940430777e-16,18
72,1,8,random,3,722271,3,0.19788377185869357,1.3333333333333333,0.027352590540179637,2.25408883010142e-16,18
72,1,8,random,3,722271,4,0.197996940274965,1.7777777777777777,0.02736983301719946,2.299020612869318e-16,18
72,1,8,random,3,722271,5,0.217333894105587,2.2222222222222223,0.03034487284622787,7.816945724918601e-16,18
72,1,8,random,3,722271,6,0.5286988141208635,2.6666666666666665,0.0870903899354395,7.819052930913069e-16,18
72,1,8,random,3,722271,7,0.5378517153573465,3.111111111111111,0.08904054349459904,7.850998967251903e-16,18
72,1,8,random,3,722271,8,0.5525281201294024,3.5555555555555554,0.09220505416638518,7.865016008396712e-16,18
72,1,8,random,3,722271,9,0.583244855841634,4.0,0.09898041010537852,7.865177285152359e-16,18
72,1,8,random,3,722271,10,0.6069756167815612,4.444444444444445,0.10435920469758532,7.866458609344572e-16,18
72,1,8,random,3,722271,11,0.6268012194150028,4.888888888888889,0.10895176385046734,7.872136041512249e-16,18
72,1,8,random,3,722271,12,0.9201514920991459,5.333333333333333,0.18870881955002708,7.88846927503835e-16,18
72,1,8,random,3,722271,13,1.1448646444600339,5.777777777777778,0.2677520048472159,7.889916343851917e-16,18
72,1,8,random,3,722271,14,1.1494865236420435,6.222222222222222,0.26957145857086134,7.889947290185373e-16,18
72,1,8,random,3,722271,15,1.1855779569288125,6.666666666666667,0.2840722104927869,7.892652297336508e-16,18
72,1,8,random,3,722271,16,1.220640523058995,7.111111111111111,0.29866975005607976,7.895118810863182e-16,18
72,1,8,random,3,722271,17,1.3346185909279735,7.555555555555555,0.34981835873183514,7.895377287349956e-16,18
72,1,8,random,3,722271,18,1.3445464804596947,8.0,0.35455578033297924,7.941810329771786e-16,18
72,1,8,random,4,722272,0,0.0,0.0,0.0,0.0,18
72,1,8,random,4,722272,1,0.6591890691497415,0.4444444444444444,0.11665299845069607,1.1102230246251565e-16,18
72,1,8,random,4,722272,2,0.8143180697747608,0.8888888888888888,0.15720444966826624,3.3975802779030203e-16,18
72,1,8,random,4,722272,3,0.8341610988434578,1.3333333333333333,0.16286016848774126,3.4331768541667564e-16,18
72,1,8,random,4,722272,4,0.9161881391784558,1.7777777777777777,0.1874679414271098,3.4810178550681296e-16,18
72,1,8,random,4,722272,5,0.9239349147481317,2.2222222222222223,0.18989796069639697,3.495548179104019e-16,18
72,1,8,random,4,722272,6,0.9455225423169508,2.6666666666666665,0.19676976672092505,3.4977962212137877e-16,18
72,1,8,random,4,722272,7,0.9962638887697429,3.111111111111111,0.2135181216491786,3.4980126502564893e-16,18
72,1,8,random,4,722272,8,1.041900310798039,3.5555555555555554,0.22932481470485808,4.648874440320512e-16,18
72,1,8,random,4,722272,9,1.0420191979636115,4.0,0.22936694188191112,4.652741517023214e-16,18
72,1,8,random,4,722272,10,1.134252672295001,4.444444444444445,0.2636061681622822,4.696819762903375e-16,18
72,1,8,random,4,722272,11,1.282246322379524,4.888888888888889,0.3255910023665008,4.866917460845239e-16,18
72,1,8,random,4,722272,12,1.381335248156396,5.333333333333333,0.37252658156797985,4.872733546909292e-16,18
72,1,8,random,4,722272,13,1.4090371933392136,5.777777777777778,0.38650171109815173,4.875671555359238e-16,18
72,1,8,random,4,722272,14,1.4094887734627306,6.222222222222222,0.38673274726577306,4.87592889595966e-16,18
72,1,8,random,4,722272,15,1.4504774621049312,6.666666666666667,0.40814380960092245,4.880346037607312e-16,18
72,1,8,random,4,722272,16,1.4506376985400817,7.111111111111111,0.4082292455091852,4.919269054447662e-16,18
72,1,8,random,4,722272,17,1.5793345755721306,7.555555555555555,0.48146578495852194,5.000583977730456e-16,18
72,1,8,random,4,722272,18,1.5983091707580426,8.0,0.493083096058472,5.003295372112104e-16,18
72,1,8,random,5,722273,0,0.0,0.0,0.0,0.0,18
72,1,8,random,5,722273,1,0.0015871981224006844,0.4444444444444444,0.00019855729850197585,1.1102230246251565e-16,18
72,1,8,random,5,722273,2,0.4341274485731449,0.8888888888888888,0.06795194839806368,1.1367053949433758e-16,18
72,1,8,random,5,722273,3,0.6070016311570251,1.3333333333333333,0.10436517141166222,1.281845517343681e-16,18
72,1,8,random,5,722273,4,0.7322899914497358,1.7777777777777777,0.134979746200411,4.466966007708424e-16,18
72,1,8,random,5,722273,5,0.7509462020506993,2.2222222222222223,0.13987550929274647,4.467965555216552e-16,18
72,1,8,random,5,722273,6,0.7539553251141152,2.6666666666666665,0.1406737527006886,4.489157861350391e-16,18
72,1,8,random,5,722273,7,0.7542754187513165,3.111111111111111,0.14075880679040975,4.491017873037099e-16,18
72,1,8,random,5,722273,8,0.915806086821685,3.5555555555555554,0.18734858511530425,4.51097749114808e-16,18
72,1,8,random,5,722273,9,0.91802761513305,4.0,0.18804324766071756,4.518710318960373e-16,18
72,1,8,random,5,722273,10,0.9374928958060745,4.444444444444445,0.19419641461658124,4.566513214457229e-16,18
72,1,8,random,5,722273,11,1.0908936560101383,4.888888888888889,0.24711665480957976,4.621300587689529e-16,18
72,1,8,random,5,722273,12,1.1172068620613504,5.333333333333333,0.2570381983789138,4.560162779687101e-16,18
72,1,8,random,5,722273,13,1.167096070610228,5.777777777777778,0.27658122143631064,4.570245746247463e-16,18
72,1,8,random,5,722273,14,1.2420553795828382,6.222222222222222,0.3078404207993279,4.570434061244545e-16,18
72,1,8,random,5,722273,15,1.2555787346046574,6.666666666666667,0.3137336336696772,4.57044216602417e-16,18
72,1,8,random,5,722273,16,1.325230962487949,7.111111111111111,0.34538179738021757,4.671760079108831e-16,18
72,1,8,random,5,722273,17,1.3363490822485875,7.555555555555555,0.35064073913634,4.672585318466053e-16,18
72,1,8,random,5,722273,18,1.337209095566376,8.0,0.3510499724543086,4.711921018765882e-16,18
72,1,8,random,6,722274,0,0.0,0.0,0.0,0.0,18
72,1,8,random,6,722274,1,0.07147191722826796,0.4444444444444444,0.009260998363752257,4.440892098500626e-16,18
72,1,8,random,6,722274,2,0.07175007455034897,0.8888888888888888,0.009298349237985754,4.443723303672665e-16,18
72,1,8,random,6,722274,3,0.23598740469945106,1.3333333333333333,0.03326979530266619,4.448257704435412e-16,18
72,1,8,random,6,722274,4,0.3134612511007876,1.7777777777777777,0.046019055916672116,4.466719908700783e-16,18
72,1,8,random,6,722274,5,0.574747308427704,2.2222222222222223,0.09708518971747802,4.5746182565296355e-16,18
72,1,8,random,6,722274,6,0.5828785150453911,2.6666666666666665,0.09889837197147287,4.686736513681078e-16,18
72,1,8,random,6,722274,7,0.5940203004930605,3.111111111111111,0.10140694865460964,5.112271159484123e-16,18
72,1,8,random,6,722274,8,0.5989994203658258,3.5555555555555554,0.10253706715494032,5.200125838565532e-16,18
72,1,8,random,6,722274,9,0.5995931574086779,4.0,0.10267220445437245,5.205724235090049e-16,18
72,1,8,random,6,722274,10,0.5997503825412825,4.444444444444445,0.10270800306105478,5.22665564116096e-16,18
72,1,8,random,6,722274,11,0.6007953163423831,4.888888888888889,0.10294606720921037,5.227361003382448e-16,18
72,1,8,random,6,722274,12,0.6012228709757057,5.333333333333333,0.10304354744397146,5.292380628971271e-16,18
72,1,8,random,6,722274,13,0.6027329239842169,5.777777777777778,0.1033881654190809,5.305280192082571e-16,18
72,1,8,random,6,722274,14,0.6043484154141331,6.222222222222222,0.10375742272871165,5.313585587851959e-16,18
72,1,8,random,6,722274,15,0.6178537991117413,6.666666666666667,0.10686783588093732,5.323657657451971e-16,18
72,1,8,random,6,722274,16,0.7467804520638189,7.111111111111111,0.1387743992103807,5.475300059042896e-16,18
72,1,8,random,6,722274,17,1.0348827253208888,7.555555555555555,0.22684701428767906,5.478309017750364e-16,18
72,1,8,random,6,722274,18,1.0430762713765662,8.0,0.2297417318099395,5.482867179483495e-16,18
72,1,8,random,7,722275,0,0.0,0.0,0.0,0.0,18
72,1,8,random,7,722275,1,0.007455852851756857,0.4444444444444444,0.0009354646162171917,2.220446049250313e-16,18
72,1,8,random,7,722275,2,0.050972131697717325,0.8888888888888888,0.006536695904918804,4.44685491856816e-16,18
72,1,8,random,7,722275,3,0.1970844167715721,1.3333333333333333,0.0272308553831858,4.446891908224863e-16,18
72,1,8,random,7,722275,4,0.2480767076824729,1.7777777777777777,0.03519477922322463,4.754597852999329e-16,18
72,1,8,random,7,722275,5,0.4520348767013042,2.2222222222222223,0.07143834457420367,4.75850769611323e-16,18
72,1,8,random,7,722275,6,0.4523049133701041,2.6666666666666665,0.07149139729316441,4.76155157875405e-16,18
72,1,8,random,7,722275,7,0.48314583363954267,3.111111111111111,0.07764578854461583,4.892807686905236e-16,18
72,1,8,random,7,722275,8,0.595967437894674,3.5555555555555554,0.10184822356434203,4.893709539659328e-16,18
72,1,8,random,7,722275,9,0.6290962010241286,4.0,0.10948929542253391,4.894642291587129e-16,18
72,1,8,random,7,722275,10,0.6348368007530871,4.444444444444445,0.1108392757493056,4.895445782192268e-16,18
72,1,8,random,7,722275,11,0.7345213317935677,4.888888888888889,0.13556049718227758,5.672796765345026e-16,18
72,1,8,random,7,722275,12,0.7723682533204981,5.333333333333333,0.14561089860365037,6.774207547276473e-16,18
72,1,8,random,7,722275,13,0.8063531190108983,5.777777777777778,0.15496563298957033,6.782973394414512e-16,18
72,1,8,random,7,722275,14,0.8129724262204783,6.222222222222222,0.15682495845679542,6.788677006357295e-16,18
72,1,8,random,7,722275,15,0.8183804370318478,6.666666666666667,0.15835319952650684,6.790415785842425e-16,18
72,1,8,random,7,722275,16,0.8703066179935578,7.111111111111111,0.17345535444433519,7.251570580053735e-16,18
72,1,8,random,7,722275,17,0.8713339562922496,7.555555555555555,0.1737621266128231,7.257309629617079e-16,18
72,1,8,random,7,722275,18,1.0972301899863688,8.0,0.2494820709912928,7.26261140212728e-16,18
72,1,8,krylov,0,722276,0,0.0,0.0,0.0,0.0,18
72,1,8,krylov,0,722276,1,0.028381412832935465,0.4444444444444444,0.003598500318203296,2.220446049250313e-16,18
72,1,8,krylov,0,722276,2,0.05588463512991059,0.8888888888888888,0.007184460144345214,4.762095609555004e-16,18
72,1,8,krylov,0,722276,3,0.08804783092582975,1.3333333333333333,0.011505044260026626,4.769131726181578e-16,18
72,1,8,krylov,0,722276,4,0.11803147407148128,1.7777777777777777,0.015659940992285765,4.769472858316044e-16,18
72,1,8,krylov,0,722276,5,0.1450155565980226,2.2222222222222223,0.01950719430635005,4.772549853402371e-16,18
72,1,8,krylov,0,722276,6,0.163495157959321,2.6666666666666665,0.02220245663641905,4.776141103832558e-16,18
72,1,8,krylov,0,722276,7,0.18076967319069628,3.111111111111111,0.02476739799181462,4.778257794249621e-16,18
72,1,8,krylov,0,722276,8,0.20327717039781176,3.5555555555555554,0.028176508641544206,4.813604621916066e-16,18
72,1,8,krylov,0,722276,9,0.22280293807964,4.0,0.03119678824492695,4.81373591070704e-16,18
72,1,8,krylov,0,722276,10,0.24191309536639025,4.444444444444445,0.03421043737606823,4.817386150791759e-16,18
72,1,8,krylov,0,722276,11,0.26641101889782287,4.888888888888889,0.03815892995956383,4.820184492206816e-16,18
72,1,8,krylov,0,722276,12,0.2984326298637345,5.333333333333333,0.04346809204895598,4.94205115743543e-16,18
72,1,8,krylov,0,722276,13,0.34291536980947784,5.777777777777778,0.05113118859399148,4.942057165573838e-16,18
72,1,8,krylov,0,722276,14,0.3768760186443628,6.222222222222222,0.05721544595288698,4.977450281780375e-16,18
72,1,8,krylov,0,722276,15,0.3994634606330121,6.666666666666667,0.0613780612066352,4.984195420653046e-16,18
72,1,8,krylov,0,722276,16,0.41613320076235627,7.111111111111111,0.064510974934038,4.931412497455548e-16,18
72,1,8,krylov,0,722276,17,0.4374580212288635,7.555555555555555,0.06859566025077078,4.998174234705553e-16,18
72,1,8,krylov,0,722276,18,0.478154058523291,8.0,0.07663674688971663,5.013690200561304e-16,18
72,1,8,krylov,1,722277,0,0.0,0.0,0.0,0.0,18
72,1,8,krylov,1,722277,1,0.1602778242220205,0.4444444444444444,0.021729618253781346,2.220446049250313e-16,18
72,1,8,krylov,1,722277,2,0.40958477154308703,0.8888888888888888,0.0632740301712327,4.461018990527447e-16,18
72,1,8,krylov,1,722277,3,0.5719978048671608,1.3333333333333333,0.09647540438522999,4.476012947472331e-16,18
72,1,8,krylov,1,722277,4,0.7449241169504728,1.7777777777777777,0.1382851997306914,4.51724353774426e-16,18
72,1,8,krylov,1,722277,5,0.894235891874427,2.2222222222222223,0.18068330932123478,4.533214777077162e-16,18
72,1,8,krylov,1,722277,6,1.0065829194351326,2.6666666666666665,0.21702938579118214,4.548103561391473e-16,18
72,1,8,krylov,1,722277,7,1.1370877479064647,3.111111111111111,0.2647094592499418,4.573374152122104e-16,18
72,1,8,krylov,1,722277,8,1.2509663617478983,3.5555555555555554,0.3117146902056546,4.588883190853099e-16,18
72,1,8,krylov,1,722277,9,1.3608995133926942,4.0,0.362462444571982,4.969525922452651e-16,18
72,1,8,krylov,1,722277,10,1.4530462957581456,4.444444444444445,0.4095151279512918,4.974929760783895e-16,18
72,1,8,krylov,1,722277,11,1.5419411758155592,4.888888888888889,0.45920673187132327,4.974969520086259e-16,18
72,1,8,krylov,1,722277,12,1.611398028218335,5.333333333333333,0.5012262737918368,4.646522132765612e-16,18
72,1,8,krylov,1,722277,13,1.6577114910734683,5.777777777777778,0.5309110782944568,4.646932274583647e-16,18
72,1,8,krylov,1,722277,14,1.69501885226058,6.222222222222222,0.5558435809712149,4.653917046199771e-16,18
72,1,8,krylov,1,722277,15,1.7236227860902193,6.666666666666667,0.5755995884880919,4.658137221779131e-16,18
72,1,8,krylov,1,722277,16,1.750716658187428,7.111111111111111,0.5948410296576173,5.000593030538186e-16,18
72,1,8,krylov,1,722277,17,1.7742496284448002,7.555555555555555,0.6119819242337406,5.057344630419685e-16,18
72,1,8,krylov,1,722277,18,1.79463359891564,8.0,0.6271586979686323,6.889745089882844e-16,18
72,1,8,krylov,2,722278,0,0.0,0.0,0.0,0.0,18
72,1,8,krylov,2,722278,1,0.00958035026093927,0.4444444444444444,0.0012032985900715123,2.220446049250313e-16,18
72,1,8,krylov,2,722278,2,0.0189313266067512,0.8888888888888888,0.0023889575448067164,5.557887981637361e-16,18
72,1,8,krylov,2,722278,3,0.027328827201432166,1.3333333333333333,0.003463210599033755,5.633850740118042e-16,18
72,1,8,krylov,2,722278,4,0.03667819888648385,1.7777777777777777,0.0046698929740558864,5.83516142840071e-16,18
72,1,8,krylov,2,722278,5,0.0516522343459894,2.2222222222222223,0.006626184787512369,5.835166900195441e-16,18
72,1,8,krylov,2,722278,6,0.07271997254693076,2.6666666666666665,0.009428668125654014,5.835173965515153e-16,18
72,1,8,krylov,2,722278,7,0.10059516057864493,3.111111111111111,0.01322860850153278,5.835417747754705e-16,18
72,1,8,krylov,2,722278,8,0.12400419996689101,3.5555555555555554,0.016502578179792202,5.979548574173545e-16,18
72,1,8,krylov,2,722278,9,0.1517302459556018,4.0,0.020480780231570617,5.980833913503337e-16,18
72,1,8,krylov,2,722278,10,0.20013559873895623,4.444444444444445,0.027696048757927368,5.992750473082614e-16,18
72,1,8,krylov,2,722278,11,0.25573184699937734,4.888888888888889,0.03642579837598747,6.022337577307312e-16,18
72,1,8,krylov,2,722278,12,0.3070573868501187,5.333333333333333,0.04492737232584292,6.107687378709216e-16,18
72,1,8,krylov,2,722278,13,0.35357622233820407,5.777777777777778,0.05301894187179702,6.152941864626671e-16,18
72,1,8,krylov,2,722278,14,0.38895311928595866,6.222222222222222,0.05942942253094058,6.154479074490981e-16,18
72,1,8,krylov,2,722278,15,0.4721905020941217,6.666666666666667,0.075437853159771,6.156112258283191e-16,18
72,1,8,krylov,2,722278,16,0.5560019513077659,7.111111111111111,0.09296089993584902,6.059121500602898e-16,18
72,1,8,krylov,2,722278,17,0.6055908095543836,7.555555555555555,0.10404180623186761,6.064525986096422e-16,18
72,1,8,krylov,2,722278,18,0.6764635590764047,8.0,0.12086369484614336,6.066490660366158e-16,18
72,1,8,krylov,3,722279,0,0.0,0.0,0.0,0.0,18
72,1,8,krylov,3,722279,1,0.04835363018911626,0.4444444444444444,0.00619271741888978,0.0,18
72,1,8,krylov,3,722279,2,0.10231618554997182,0.8888888888888888,0.013466708217524619,2.255338537559566e-16,18
72,1,8,krylov,3,722279,3,0.1649017985049228,1.3333333333333333,0.022409663278802717,2.255563175624848e-16,18
72,1,8,krylov,3,722279,4,0.21677625229766612,1.7777777777777777,0.03025827019935513,2.2637386320006343e-16,18
72,1,8,krylov,3,722279,5,0.27040897549053383,2.2222222222222223,0.038812537956869335,2.271584058920731e-16,18
72,1,8,krylov,3,722279,6,0.32376552497578526,2.6666666666666665,0.047790393607956894,2.633930749059716e-16,18
72,1,8,krylov,3,722279,7,0.37506357241604815,3.111111111111111,0.05688548935974492,2.641678647785911e-16,18
72,1,8,krylov,3,722279,8,0.4270661620341004,3.5555555555555554,0.06659425856203627,2.6515687932312266e-16,18
72,1,8,krylov,3,722279,9,0.49539467973404766,4.0,0.08014322978180924,4.500749639642026e-16,18
72,1,8,krylov,3,722279,10,0.5733640543101453,4.444444444444445,0.09677820183442809,4.500749668254592e-16,18
72,1,8,krylov,3,722279,11,0.6665766582748257,4.888888888888889,0.118444842066933,4.567990330509006e-16,18
72,1,8,krylov,3,722279,12,0.7495956016967414,5.333333333333333,0.13951800980994844,3.5526419156583556e-16,18
72,1,8,krylov,3,722279,13,0.8502089081312167,5.777777777777778,0.16751695927940416,3.6289274689234075e-16,18
72,1,8,krylov,3,722279,14,0.9245463636793293,6.222222222222222,0.19009056359531867,4.552895452887415e-16,18
72,1,8,krylov,3,722279,15,1.0429115949834766,6.666666666666667,0.2296833190308016,4.589478839546665e-16,18
72,1,8,krylov,3,722279,16,1.1634400106067442,7.111111111111111,0.2751156970494586,4.780753843415104e-16,18
72,1,8,krylov,3,722279,17,1.2905213971466927,7.555555555555555,0.32933514677236514,4.782425974196447e-16,18
72,1,8,krylov,3,722279,18,1.3805146628979998,8.0,0.3721184860509671,4.78401153080876e-16,18
72,1,8,krylov,4,722280,0,0.0,0.0,0.0,0.0,18
72,1,8,krylov,4,722280,1,0.006934186771906891,0.4444444444444444,0.0008697854888526635,2.220446049250313e-16,18
72,1,8,krylov,4,722280,2,0.014862401796564529,0.8888888888888888,0.0018716745613757285,1.1431312491489683e-16,18
72,1,8,krylov,4,722280,3,0.025572564352454186,1.3333333333333333,0.003237793438631235,6.677847319334462e-16,18
72,1,8,krylov,4,722280,4,0.039563601842840766,1.7777777777777777,0.005044583172738718,6.695923970719357e-16,18
72,1,8,krylov,4,722280,5,0.04977786834487151,2.2222222222222223,0.006379700215204299,6.705781940733153e-16,18
72,1,8,krylov,4,722280,6,0.06098384545712005,2.6666666666666665,0.00786021795997503,6.708251518027186e-16,18
72,1,8,krylov,4,722280,7,0.0708777322241005,3.111111111111111,0.0091812461879998,6.744125703144495e-16,18
72,1,8,krylov,4,722280,8,0.08203556695196691,3.5555555555555554,0.010686802108845367,6.744563173433115e-16,18
72,1,8,krylov,4,722280,9,0.09791928673850356,4.0,0.01285922062217665,6.746393011036056e-16,18
72,1,8,krylov,4,722280,10,0.12379093643383247,4.444444444444445,0.016472404057667027,6.756928240579478e-16,18
72,1,8,krylov,4,722280,11,0.15251346796103624,4.888888888888889,0.02059476861329318,6.7637048706589615e-16,18
72,1,8,krylov,4,722280,12,0.20462602522672363,5.333333333333333,0.028383260922960573,6.781776325457409e-16,18
72,1,8,krylov,4,722280,13,0.2599840375046204,5.777777777777778,0.037113673073810596,6.783059000384844e-16,18
72,1,8,krylov,4,722280,14,0.3305980253703911,6.222222222222222,0.048975026434072914,6.783499111255979e-16,18
72,1,8,krylov,4,722280,15,0.38810574331291503,6.666666666666667,0.0592732076652749,6.790406613447281e-16,18
72,1,8,krylov,4,722280,16,0.4572674881472986,7.111111111111111,0.07246892406401508,6.795241569963884e-16,18
72,1,8,krylov,4,722280,17,0.5031716001852224,7.555555555555555,0.08174483205552503,6.795745095096069e-16,18
72,1,8,krylov,4,722280,18,0.544786783004802,8.0,0.09053008821976205,6.7962870961373e-16,18
72,1,8,krylov,5,722281,0,0.0,0.0,0.0,0.0,18
72,1,8,krylov,5,722281,1,0.16937318321736802,0.4444444444444444,0.023070264393886146,1.1102230246251565e-16,18
72,1,8,krylov,5,722281,2,0.3235777029155851,0.8888888888888888,0.04775794280783007,2.2238100302433335e-16,18
72,1,8,krylov,5,722281,3,0.4583793267360163,1.3333333333333333,0.07268859973317508,2.2257845771713894e-16,18
72,1,8,krylov,5,722281,4,0.5686488704696107,1.7777777777777777,0.09573493836338767,4.477393881778204e-16,18
72,1,8,krylov,5,722281,5,0.6727245151122302,2.2222222222222223,0.11994611618441099,4.49266558967147e-16,18
72,1,8,krylov,5,722281,6,0.7743422263165053,2.6666666666666665,0.14614560478407304,4.521682907139593e-16,18
72,1,8,krylov,5,722281,7,0.894108069427217,3.111111111111111,0.18064423862967496,5.598734325174095e-16,18
72,1,8,krylov,5,722281,8,0.9845042794730984,3.5555555555555554,0.2095605958836994,5.631087795581227e-16,18
72,1,8,krylov,5,722281,9,1.0676801075611349,4.0,0.23857799652466052,5.633074053861687e-16,18
72,1,8,krylov,5,722281,10,1.1472274039673371,4.444444444444445,0.2686810805396698,5.638247981337438e-16,18
72,1,8,krylov,5,722281,11,1.2252531157843016,4.888888888888889,0.300628480002042,5.64118061493823e-16,18
72,1,8,krylov,5,722281,12,1.306570063135205,5.333333333333333,0.3366854432553523,5.657710630953329e-16,18
72,1,8,krylov,5,722281,13,1.3462952668874173,5.777777777777778,0.3553951547022957,5.65816117090018e-16,18
72,1,8,krylov,5,722281,14,1.3935632894123144,6.222222222222222,0.37864770553997895,5.673199118259987e-16,18
72,1,8,krylov,5,722281,15,1.4406397165507727,6.666666666666667,0.40292459122295754,5.695052924409101e-16,18
72,1,8,krylov,5,722281,16,1.4873576606488472,7.111111111111111,0.42817333538506064,5.661065675233424e-16,18
72,1,8,krylov,5,722281,17,1.521691733097311,7.555555555555555,0.44749584078613036,5.676273636150036e-16,18
72,1,8,krylov,5,722281,18,1.5551767266906042,8.0,0.4669904269098716,5.676596959634675e-16,18
72,1,8,krylov,6,722282,0,0.0,0.0,0.0,0.0,18
72,1,8,krylov,6,722282,1,0.07933911693220969,0.4444444444444444,0.010321422264247666,0.0,18
72,1,8,krylov,6,722282,2,0.1596744835339484,0.8888888888888888,0.021641117005830147,4.458423018799108e-16,18
72,1,8,krylov,6,722282,3,0.27518262295162343,1.3333333333333333,0.03959639069257578,4.477702567412607e-16,18
72,1,8,krylov,6,722282,4,0.37341902837802926,1.7777777777777777,0.05658661648477765,4.488934194627665e-16,18
72,1,8,krylov,6,722282,5,0.4958171794926759,2.2222222222222223,0.08022992105910848,4.53561173212794e-16,18
72,1,8,krylov,6,722282,6,0.6267355518590662,2.6666666666666665,0.10893640131434382,4.900864089128488e-16,18
72,1,8,krylov,6,722282,7,0.7500110994619121,3.111111111111111,0.13962793928801648,4.904964835210316e-16,18
72,1,8,krylov,6,722282,8,0.8638853273441781,3.5555555555555554,0.17154502581929273,4.933164190461723e-16,18
72,1,8,krylov,6,722282,9,0.9517747136219302,4.0,0.1987878284833766,4.951095739740211e-16,18
72,1,8,krylov,6,722282,10,1.038458456485777,4.444444444444445,0.22810737663750646,4.95116288307651e-16,18
72,1,8,krylov,6,722282,11,1.1340728014054624,4.888888888888889,0.26353627551114966,4.989204064497226e-16,18
72,1,8,krylov,6,722282,12,1.2167620424801158,5.333333333333333,0.2970297375927114,5.261669739829023e-16,18
72,1,8,krylov,6,722282,13,1.285065884194514,5.777777777777778,0.32686326431869495,5.271626392724539e-16,18
72,1,8,krylov,6,722282,14,1.3498088292075263,6.222222222222222,0.35708602176051646,5.274627008301862e-16,18
72,1,8,krylov,6,722282,15,1.3964303914298732,6.666666666666667,0.3800937869335129,5.290423882126215e-16,18
72,1,8,krylov,6,722282,16,1.4480741118596598,7.111111111111111,0.40686401680653306,5.05110973929988e-16,18
72,1,8,krylov,6,722282,17,1.5116522105353405,7.555555555555555,0.4417770110701871,5.053414166064221e-16,18
72,1,8,krylov,6,722282,18,1.605911051442497,8.0,0.49779959442340205,5.05421249290952e-16,18
72,1,8,krylov,7,722283,0,0.0,0.0,0.0,0.0,18
72,1,8,krylov,7,722283,1,0.012343843514134561,0.4444444444444444,0.0015525428991402246,1.1102230246251565e-16,18
72,1,8,krylov,7,722283,2,0.028711238965208438,0.8888888888888888,0.0036409224597602078,3.356126721907029e-16,18
72,1,8,krylov,7,722283,3,0.04343073737190486,1.3333333333333333,0.005548456846640268,6.664380581304007e-16,18
72,1,8,krylov,7,722283,4,0.058245521980070644,1.7777777777777777,0.007496901372165202,6.665444270005888e-16,18
72,1,8,krylov,7,722283,5,0.07464281160379325,2.2222222222222223,0.009687401490679735,6.66843189451532e-16,18
72,1,8,krylov,7,722283,6,0.08555573857860728,2.6666666666666665,0.011165284615913908,6.675227023658984e-16,18
72,1,8,krylov,7,722283,7,0.1042511651518889,3.111111111111111,0.013734897860536022,6.735941108710611e-16,18
72,1,8,krylov,7,722283,8,0.1284452109957531,3.5555555555555554,0.01713239015594116,6.737802205010731e-16,18
72,1,8,krylov,7,722283,9,0.15455141492612576,4.0,0.02089178557973596,6.739585100824805e-16,18
72,1,8,krylov,7,722283,10,0.18928142644728405,4.444444444444445,0.026047621874969142,6.743477628736238e-16,18
72,1,8,krylov,7,722283,11,0.24170347134907488,4.888888888888889,0.03417706654237328,6.757524614523617e-16,18
72,1,8,krylov,7,722283,12,0.31141249119156145,5.333333333333333,0.04566903760536923,6.785795957694139e-16,18
72,1,8,krylov,7,722283,13,0.38687392891705263,5.777777777777778,0.059046357022929236,6.785965056725043e-16,18
72,1,8,krylov,7,722283,14,0.4591736466927821,6.222222222222222,0.07284569011492123,6.796278344408421e-16,18
72,1,8,krylov,7,722283,15,0.5400924043284417,6.666666666666667,0.0895206794966125,6.799729495060122e-16,18
72,1,8,krylov,7,722283,16,0.6231947717889964,7.111111111111111,0.10810954868242877,6.806362330795342e-16,18
72,1,8,krylov,7,722283,17,0.7104693793066346,7.555555555555555,0.12936827451873176,6.812659227331324e-16,18
72,1,8,krylov,7,722283,18,0.7795363941521413,8.0,0.14755764457438555,6.839378007069359e-16,18
72,1,8,reply_null,0,722284,0,0.0,0.0,0.0,0.0,18
72,1,8,reply_null,0,722284,1,0.0001651371680192297,0.4444444444444444,2.0643850488980947e-05,2.220446049250313e-16,18
72,1,8,reply_null,0,722284,2,0.05988370955888764,0.8888888888888888,0.007714134035568758,2.3897292524062055e-16,18
72,1,8,reply_null,0,722284,3,0.06198269011700873,1.3333333333333333,0.0079929909779671,2.4014784193825744e-16,18
72,1,8,reply_null,0,722284,4,0.21544009839358538,1.7777777777777777,0.0300509597856395,2.403163938193419e-16,18
72,1,8,reply_null,0,722284,5,0.22376057247711817,2.2222222222222223,0.031346439306191194,2.404392446273404e-16,18
72,1,8,reply_null,0,722284,6,0.33115907722831384,2.6666666666666665,0.04907266283286619,2.40498734480998e-16,18
72,1,8,reply_null,0,722284,7,0.33823516484962535,3.111111111111111,0.050308784542492394,2.4112125160728515e-16,18
72,1,8,reply_null,0,722284,8,0.3487909865841435,3.5555555555555554,0.052169114200776426,2.743672375505588e-16,18
72,1,8,reply_null,0,722284,9,0.6908705033360067,4.0,0.12443147811000091,2.7759207094766227e-16,18
72,1,8,reply_null,0,722284,10,0.6956564682476484,4.444444444444445,0.12562810964625104,2.854148182191116e-16,18
72,1,8,reply_null,0,722284,11,0.7182840821762169,4.888888888888889,0.1313638743575774,2.877479155253158e-16,18
72,1,8,reply_null,0,722284,12,0.9958698448884612,5.333333333333333,0.2133847569321408,3.2177651406559506e-16,18
72,1,8,reply_null,0,722284,13,1.134730740070692,5.777777777777778,0.26379199266352926,4.560003002959842e-16,18
72,1,8,reply_null,0,722284,14,1.140150670957031,6.222222222222222,0.26590493923268405,4.563101802229837e-16,18
72,1,8,reply_null,0,722284,15,1.1653485674183974,6.666666666666667,0.27588006978087887,4.563123460904118e-16,18
72,1,8,reply_null,0,722284,16,1.2006818640152799,7.111111111111111,0.29029769537416117,4.573875708762866e-16,18
72,1,8,reply_null,0,722284,17,1.200947912769625,7.555555555555555,0.2904081995077896,4.579329400490113e-16,18
72,1,8,reply_null,0,722284,18,1.263274824826496,8.0,0.31712319374760833,4.690901755369503e-16,18
72,1,8,reply_null,1,722285,0,0.0,0.0,0.0,0.0,18
72,1,8,reply_null,1,722285,1,0.02602563923761284,0.4444444444444444,0.0032959079262796956,3.3306690738754696e-16,18
72,1,8,reply_null,1,722285,2,0.09412534930298265,0.8888888888888888,0.012337182280812658,2.254339652156275e-16,18
72,1,8,reply_null,1,722285,3,0.3075769277964628,1.3333333333333333,0.04501567949127876,3.3402421532862854e-16,18
72,1,8,reply_null,1,722285,4,0.30757963650920106,1.7777777777777777,0.04501614001553914,3.356881529237815e-16,18
72,1,8,reply_null,1,722285,5,0.3582854579624993,2.2222222222222223,0.05385925207106619,3.3576387802852246e-16,18
72,1,8,reply_null,1,722285,6,0.40725640776448335,2.6666666666666665,0.06283616968599083,4.475879077690672e-16,18
72,1,8,reply_null,1,722285,7,0.48384425334315234,3.111111111111111,0.07778736979200021,4.475887006341248e-16,18
72,1,8,reply_null,1,722285,8,0.5421695399013011,3.5555555555555554,0.08996673112558788,4.476993203942583e-16,18
72,1,8,reply_null,1,722285,9,0.6105483066142624,4.0,0.10518009952437948,4.479873635247444e-16,18
72,1,8,reply_null,1,722285,10,0.6482649549139385,4.444444444444445,0.11402752011235666,4.513847803399292e-16,18
72,1,8,reply_null,1,722285,11,0.6775386898491499,4.888888888888889,0.1211281726189935,4.531026014524184e-16,18
72,1,8,reply_null,1,722285,12,0.6868959687774147,5.333333333333333,0.12344207159790402,4.614488048807446e-16,18
72,1,8,reply_null,1,722285,13,0.699567202978126,5.777777777777778,0.1266101687337476,4.638850777707764e-16,18
72,1,8,reply_null,1,722285,14,0.6999725771540614,6.222222222222222,0.12671218567467465,4.678989260279359e-16,18
72,1,8,reply_null,1,722285,15,0.7876630265747098,6.666666666666667,0.14978164494275212,4.684468212602974e-16,18
72,1,8,reply_null,1,722285,16,0.8041589594014845,7.111111111111111,0.15435201713737934,4.690011613293083e-16,18
72,1,8,reply_null,1,722285,17,0.8073775247864329,7.555555555555555,0.1552525783501047,4.69019795038579e-16,18
72,1,8,reply_null,1,722285,18,0.8207533914980001,8.0,0.15902638216681228,4.968709334301109e-16,18
72,1,8,reply_null,2,722286,0,0.0,0.0,0.0,0.0,18
72,1,8,reply_null,2,722286,1,0.0276218265725639,0.4444444444444444,0.00350085575368687,2.220446049250313e-16,18
72,1,8,reply_null,2,722286,2,0.04788632680949397,0.8888888888888888,0.0061314249408645815,2.222475039622135e-16,18
72,1,8,reply_null,2,722286,3,0.09326852941668504,1.3333333333333333,0.012219559449892652,3.334206531695434e-16,18
72,1,8,reply_null,2,722286,4,0.09640113414760851,1.7777777777777777,0.012650088076935198,4.4801987419725135e-16,18
72,1,8,reply_null,2,722286,5,0.11810116038361122,2.2222222222222223,0.015669743406381033,4.920262426389189e-16,18
72,1,8,reply_null,2,722286,6,0.47083634575276484,2.6666666666666665,0.07516661266233526,4.931872583113741e-16,18
72,1,8,reply_null,2,722286,7,0.5019679664197556,3.111111111111111,0.08149613669391892,4.936749084202168e-16,18
72,1,8,reply_null,2,722286,8,0.502417731104746,3.5555555555555554,0.08158903225279572,5.111918846830854e-16,18
72,1,8,reply_null,2,722286,9,0.5032009916139334,4.0,0.08175090867081751,5.144366692823678e-16,18
72,1,8,reply_null,2,722286,10,0.548945239699902,4.444444444444445,0.09142822689924301,5.184756012031131e-16,18
72,1,8,reply_null,2,722286,11,0.6895585496978742,4.888888888888889,0.12410445014450147,5.184756281028239e-16,18
72,1,8,reply_null,2,722286,12,0.6900121515148797,5.333333333333333,0.12421747000678084,5.210264764702095e-16,18
72,1,8,reply_null,2,722286,13,0.8270960525094276,5.777777777777778,0.1608335904233089,5.215548053363891e-16,18
72,1,8,reply_null,2,722286,14,0.8410977800119911,6.222222222222222,0.164863904301339,5.230083652588183e-16,18
72,1,8,reply_null,2,722286,15,0.8764056615104712,6.666666666666667,0.17528120896213512,5.230357070658524e-16,18
72,1,8,reply_null,2,722286,16,0.8764060646353375,7.111111111111111,0.1752813300129818,5.243187905863549e-16,18
72,1,8,reply_null,2,722286,17,0.8866015708512572,7.555555555555555,0.17835851022906046,6.929795105748478e-16,18
72,1,8,reply_null,2,722286,18,0.9094153377207156,8.0,0.18535880852939918,6.939623820449852e-16,18
72,1,8,reply_null,3,722287,0,0.0,0.0,0.0,0.0,18
72,1,8,reply_null,3,722287,1,0.1103710500103916,0.4444444444444444,0.01458654278769345,2.220446049250313e-16,18
72,1,8,reply_null,3,722287,2,0.39886137710901404,0.8888888888888888,0.06126587982141869,9.152713446378836e-18,18
72,1,8,reply_null,3,722287,3,0.42392745422572503,1.3333333333333333,0.06599384292418863,2.2403883933605374e-16,18
72,1,8,reply_null,3,722287,4,0.45166877530609295,1.7777777777777777,0.07136644138491413,2.2409130415271174e-16,18
72,1,8,reply_null,3,722287,5,0.49354965331975076,2.2222222222222223,0.07976508405584522,2.293343132573488e-16,18
72,1,8,reply_null,3,722287,6,0.5338527769965042,2.6666666666666665,0.08818631769097335,2.5341330905414834e-16,18
72,1,8,reply_null,3,722287,7,0.6077242275155786,3.111111111111111,0.10453096974472488,2.548255699400592e-16,18
72,1,8,reply_null,3,722287,8,0.6762370964517097,3.5555555555555554,0.12080802221261458,2.6474163903335153e-16,18
72,1,8,reply_null,3,722287,9,0.9478652102810132,4.0,0.19752445008634995,2.6706109242929977e-16,18
72,1,8,reply_null,3,722287,10,0.9512224712275973,4.444444444444445,0.19860906848168772,2.6921489471423075e-16,18
72,1,8,reply_null,3,722287,11,0.9761232222218686,4.888888888888889,0.2067683417409761,4.519337349834914e-16,18
72,1,8,reply_null,3,722287,12,1.0117483931658064,5.333333333333333,0.2188007004998691,2.9080515941198877e-16,18
72,1,8,reply_null,3,722287,13,1.0354113986311584,5.777777777777778,0.22703307559192012,4.563236902183881e-16,18
72,1,8,reply_null,3,722287,14,1.0632992709393767,6.222222222222222,0.23698870447878945,4.583763880316465e-16,18
72,1,8,reply_null,3,722287,15,1.1192350139214058,6.666666666666667,0.25781381613099263,4.594781090339765e-16,18
72,1,8,reply_null,3,722287,16,1.1312255507302151,7.111111111111111,0.2624315887447063,4.949475903240365e-16,18
72,1,8,reply_null,3,722287,17,1.1363233814414087,7.555555555555555,0.26441169222423805,4.957944369308701e-16,18
72,1,8,reply_null,3,722287,18,1.1381229873865712,8.0,0.265113110769873,4.984980619386252e-16,18
72,1,8,reply_null,4,722288,0,0.0,0.0,0.0,0.0,18
72,1,8,reply_null,4,722288,1,0.15110441313492196,0.4444444444444444,0.02038976206857121,2.220446049250313e-16,18
72,1,8,reply_null,4,722288,2,0.36286724498594686,0.8888888888888888,0.05468062731754034,2.229929134833158e-16,18
72,1,8,reply_null,4,722288,3,0.4196430106315497,1.3333333333333333,0.0651772910616264,2.247907525576592e-16,18
72,1,8,reply_null,4,722288,4,0.4571133436629266,1.7777777777777777,0.07243848766439762,2.2984851557859407e-16,18
72,1,8,reply_null,4,722288,5,0.547135218488966,2.2222222222222223,0.09103684153267155,2.354302487967971e-16,18
72,1,8,reply_null,4,722288,6,0.5472102751755464,2.6666666666666665,0.09105305715071396,3.388742021466672e-16,18
72,1,8,reply_null,4,722288,7,0.8047472844449868,3.111111111111111,0.15451641528004445,3.390655671474548e-16,18
72,1,8,reply_null,4,722288,8,0.9682532738752928,3.5555555555555554,0.2041675893453086,3.423282864098241e-16,18
72,1,8,reply_null,4,722288,9,0.9764803092497079,4.0,0.20688683306665806,3.426325425656872e-16,18
72,1,8,reply_null,4,722288,10,0.9788880030639844,4.444444444444445,0.2076868776864262,3.4461661881674003e-16,18
72,1,8,reply_null,4,722288,11,0.9842844918911159,4.888888888888889,0.2094870716994508,3.4481262383764244e-16,18
72,1,8,reply_null,4,722288,12,1.0196110406081689,5.333333333333333,0.22151453919572245,4.557296526322557e-16,18
72,1,8,reply_null,4,722288,13,1.0266722888523279,5.777777777777778,0.2239700235667655,4.64402867928717e-16,18
72,1,8,reply_null,4,722288,14,1.0464855148882026,6.222222222222222,0.23095319667338338,4.658635100972522e-16,18
72,1,8,reply_null,4,722288,15,1.0669811576675532,6.666666666666667,0.2383239625115463,4.67170671976365e-16,18
72,1,8,reply_null,4,722288,16,1.0759854959971047,7.111111111111111,0.24161022751052982,4.998930386965999e-16,18
72,1,8,reply_null,4,722288,17,1.0761147646611147,7.555555555555555,0.241657621788084,5.016108922836377e-16,18
72,1,8,reply_null,4,722288,18,1.0852254508307464,8.0,0.24501338776526757,5.06570145069693e-16,18
72,1,8,reply_null,5,722289,0,0.0,0.0,0.0,0.0,18
72,1,8,reply_null,5,722289,1,0.0675607624795791,0.4444444444444444,0.008736908389024111,2.220446049250313e-16,18
72,1,8,reply_null,5,722289,2,0.06799546224809853,0.8888888888888888,0.008795056429697556,1.5743153787886418e-16,18
72,1,8,reply_null,5,722289,3,0.08299584897682968,1.3333333333333333,0.010817162287172057,4.452486425961832e-16,18
72,1,8,reply_null,5,722289,4,0.09203977313048657,1.7777777777777777,0.012051053601141108,4.524022849315609e-16,18
72,1,8,reply_null,5,722289,5,0.14891282683577012,2.2222222222222223,0.020071476760240285,4.524849430425289e-16,18
72,1,8,reply_null,5,722289,6,0.16099629660749293,2.6666666666666665,0.021835077312801897,4.69474064819983e-16,18
72,1,8,reply_null,5,722289,7,0.4683024888682992,3.111111111111111,0.07466006114834448,4.718779543756479e-16,18
72,1,8,reply_null,5,722289,8,0.5038724158309087,3.5555555555555554,0.0818897728509507,4.720152252288401e-16,18
72,1,8,reply_null,5,722289,9,0.6068504924575799,4.0,0.10433050807750865,4.865024066581151e-16,18
72,1,8,reply_null,5,722289,10,0.6833702184603013,4.444444444444445,0.12256766925315717,4.876628662230568e-16,18
72,1,8,reply_null,5,722289,11,0.7070472172552611,4.888888888888889,0.1284992728429662,4.876788514954871e-16,18
72,1,8,reply_null,5,722289,12,0.7077331192447852,5.333333333333333,0.12867320814301716,4.720877852182366e-16,18
72,1,8,reply_null,5,722289,13,0.794016519598539,5.777777777777778,0.15153302600918858,4.722461225942915e-16,18
72,1,8,reply_null,5,722289,14,0.8027467719539519,6.222222222222222,0.15395779814640548,4.754582002855984e-16,18
72,1,8,reply_null,5,722289,15,0.8144755646544155,6.666666666666667,0.15724889892427804,4.756157313738853e-16,18
72,1,8,reply_null,5,722289,16,0.8370847801754007,7.111111111111111,0.16370301139020976,4.908754761440443e-16,18
72,1,8,reply_null,5,722289,17,0.8532318112132142,7.555555555555555,0.1684025475465263,4.945301684427065e-16,18
72,1,8,reply_null,5,722289,18,0.8590208676342493,8.0,0.17010599737459967,4.975152256705856e-16,18
72,1,8,reply_null,6,722290,0,0.0,0.0,0.0,0.0,18
72,1,8,reply_null,6,722290,1,0.056643760840673574,0.4444444444444444,0.007284842863334883,3.3306690738754696e-16,18
72,1,8,reply_null,6,722290,2,0.08825616055674747,0.8888888888888888,0.011533485267965195,4.505725338056915e-16,18
72,1,8,reply_null,6,722290,3,0.17178641712728887,1.3333333333333333,0.023428024082254535,4.505898444838623e-16,18
72,1,8,reply_null,6,722290,4,0.1736183447395063,1.7777777777777777,0.023700182689318533,4.507693048674746e-16,18
72,1,8,reply_null,6,722290,5,0.23936595752944312,2.2222222222222223,0.03380542248034853,4.50835614463533e-16,18
72,1,8,reply_null,6,722290,6,0.2408416066804302,2.6666666666666665,0.03403993655489594,4.508799854838994e-16,18
72,1,8,reply_null,6,722290,7,0.24423056452626624,3.111111111111111,0.03457983051790085,4.52166494073066e-16,18
72,1,8,reply_null,6,722290,8,0.3286075890689808,3.5555555555555554,0.04862908462769829,4.528866697423682e-16,18
72,1,8,reply_null,6,722290,9,0.5593834142177488,4.0,0.0936991741547829,4.530967035873524e-16,18
72,1,8,reply_null,6,722290,10,0.6065309253210198,4.444444444444445,0.10425723329244664,4.534450017860208e-16,18
72,1,8,reply_null,6,722290,11,0.6167352510539046,4.888888888888889,0.10660862556006424,4.542764034020551e-16,18
72,1,8,reply_null,6,722290,12,0.7294024248899837,5.333333333333333,0.13423012019742678,4.592468952032851e-16,18
72,1,8,reply_null,6,722290,13,0.7593421154320614,5.777777777777778,0.14210874302547755,4.602130450056936e-16,18
72,1,8,reply_null,6,722290,14,0.9996819893235016,6.222222222222222,0.21467719040653624,4.694898054356742e-16,18
72,1,8,reply_null,6,722290,15,1.1987864329435198,6.666666666666667,0.2895112727586947,5.145446497545733e-16,18
72,1,8,reply_null,6,722290,16,1.203527620892893,7.111111111111111,0.29148121485266587,4.662825245138858e-16,18
72,1,8,reply_null,6,722290,17,1.2510893356541533,7.555555555555555,0.31176839801929046,4.665841532424763e-16,18
72,1,8,reply_null,6,722290,18,1.270832992112118,8.0,0.3204774950237862,4.679391599047321e-16,18
72,1,8,reply_null,7,722291,0,0.0,0.0,0.0,0.0,18
72,1,8,reply_null,7,722291,1,0.49111919038980417,0.4444444444444444,0.0792680144090639,2.220446049250313e-16,18
72,1,8,reply_null,7,722291,2,0.5166882480527972,0.8888888888888888,0.08455830064609828,2.221048105750956e-16,18
72,1,8,reply_null,7,722291,3,0.6858985974166745,1.3333333333333333,0.1231944061186477,2.2391152211610823e-16,18
72,1,8,reply_null,7,722291,4,0.6872658139051551,1.7777777777777777,0.12353397368133155,2.285140852343575e-16,18
72,1,8,reply_null,7,722291,5,0.687284060906303,2.2222222222222223,0.12353850872240996,2.422148008530605e-16,18
72,1,8,reply_null,7,722291,6,0.7040751904210001,2.6666666666666665,0.12774698466567935,2.4259706002149e-16,18
72,1,8,reply_null,7,722291,7,0.7070880176655941,3.111111111111111,0.12850961592831686,2.4280983617081106e-16,18
72,1,8,reply_null,7,722291,8,0.7829231948609647,3.5555555555555554,0.14848230793963957,2.565146681443576e-16,18
72,1,8,reply_null,7,722291,9,0.7829778017970861,4.0,0.14849724237831782,2.5853358497697535e-16,18
72,1,8,reply_null,7,722291,10,0.7968826372338634,4.444444444444445,0.15232673908596828,2.6196604278057654e-16,18
72,1,8,reply_null,7,722291,11,0.8104201752479168,4.888888888888889,0.15610658755385448,2.619666888655615e-16,18
72,1,8,reply_null,7,722291,12,0.9366430363560678,5.333333333333333,0.19392525776613742,2.8491164407385307e-16,18
72,1,8,reply_null,7,722291,13,0.9371213712398222,5.777777777777778,0.19407784733378453,2.8537399367771748e-16,18
72,1,8,reply_null,7,722291,14,0.9399325048765764,6.222222222222222,0.1949760797373079,2.854593608200496e-16,18
72,1,8,reply_null,7,722291,15,0.9765754544756997,6.666666666666667,0.20691841201666333,2.916089711029522e-16,18
72,1,8,reply_null,7,722291,16,1.0264987830083927,7.111111111111111,0.22390948048075993,2.9770201244449005e-16,18
72,1,8,reply_null,7,722291,17,1.0633382078492224,7.555555555555555,0.23700279947474692,2.9803888067897885e-16,18
72,1,8,reply_null,7,722291,18,1.0796564291752133,8.0,0.24295850235748231,2.980496361394665e-16,18
72,1,32,random,0,722292,0,0.0,0.0,0.0,0.0,18
72,1,32,random,0,722292,1,0.5600777553183396,1.7777777777777777,0.0234627696776873,2.220446049250313e-16,18
72,1,32,random,0,722292,2,0.5730561893888177,3.5555555555555554,0.024177483653712105,1.1289723998763014e-16,18
72,1,32,random,0,722292,3,0.5754301019934605,5.333333333333333,0.024309219959173067,1.27875706152724e-16,18
72,1,32,random,0,722292,4,0.6414839426372398,7.111111111111111,0.028103038665077584,1.314286918703893e-16,18
72,1,32,random,0,722292,5,1.133607247031168,8.88888888888889,0.0658388582119566,2.3065656700842873e-16,18
72,1,32,random,0,722292,6,1.1723994313324833,10.666666666666666,0.06967915221821878,4.64989359352499e-16,18
72,1,32,random,0,722292,7,1.2276250644368971,12.444444444444445,0.07540981179292722,4.651220932020064e-16,18
72,1,32,random,0,722292,8,1.277792583373449,14.222222222222221,0.08089716248272508,4.653421523059263e-16,18
72,1,32,random,0,722292,9,2.113726526593232,16.0,0.22746987243731934,4.668727896852758e-16,18
72,1,32,random,0,722292,10,2.1203141847059097,17.77777777777778,0.2291798567157489,4.675533727201769e-16,18
72,1,32,random,0,722292,11,2.1276550269601158,19.555555555555557,0.23109866543151697,4.681580120652679e-16,18
72,1,32,random,0,722292,12,2.239467546188945,21.333333333333332,0.262135346990683,4.760947515708849e-16,18
72,1,32,random,0,722292,13,2.3959839257795266,23.11111111111111,0.3118436019643186,4.761300762711336e-16,18
72,1,32,random,0,722292,14,2.4036524448722627,24.88888888888889,0.3144847356507243,4.782869101506374e-16,18
72,1,32,random,0,722292,15,2.4038396583082324,26.666666666666668,0.3145494678977037,4.820248520650065e-16,18
72,1,32,random,0,722292,16,2.4169477899975256,28.444444444444443,0.31911209126480655,4.896082230169718e-16,18
72,1,32,random,0,722292,17,2.487626675262661,30.22222222222222,0.34477139803760104,4.950867079625153e-16,18
72,1,32,random,0,722292,18,2.515453653992842,32.0,0.3553818816653523,4.954922443062321e-16,18
72,1,32,random,1,722293,0,0.0,0.0,0.0,0.0,18
72,1,32,random,1,722293,1,1.2914311262013132,1.7777777777777777,0.08243716417960165,1.1102230246251565e-16,18
72,1,32,random,1,722293,2,1.4539275635925013,3.5555555555555554,0.10249659664064013,4.44331240446555e-16,18
72,1,32,random,1,722293,3,1.6684518939007826,5.333333333333333,0.13449844875586353,4.472463625684973e-16,18
72,1,32,random,1,722293,4,1.8890956921893431,7.111111111111111,0.17541829499989828,4.472737991712122e-16,18
72,1,32,random,1,722293,5,1.9075645438917685,8.88888888888889,0.17927068620971065,4.483625780897665e-16,18
72,1,32,random,1,722293,6,1.940169733178098,10.666666666666666,0.18624788130622924,4.53828981803094e-16,18
72,1,32,random,1,722293,7,2.161977471957473,12.444444444444445,0.24025942359347974,4.542434062985262e-16,18
72,1,32,random,1,722293,8,2.168882921653018,14.222222222222221,0.24214080668193155,4.560928811128827e-16,18
72,1,32,random,1,722293,9,2.176654945104379,16.0,0.24427388487245447,4.590584106705256e-16,18
72,1,32,random,1,722293,10,2.180819503686955,17.77777777777778,0.2454237128330147,4.63919460838992e-16,18
72,1,32,random,1,722293,11,2.190679803338221,19.555555555555557,0.24816529273425947,4.672219088468675e-16,18
72,1,32,random,1,722293,12,2.239712464803204,21.333333333333332,0.262207211323409,4.627986587425413e-16,18
72,1,32,random,1,722293,13,2.330694992294496,23.11111111111111,0.2901589720619888,4.641784577171429e-16,18
72,1,32,random,1,722293,14,2.338958814558243,24.88888888888889,0.2928260436056727,4.642512381705053e-16,18
72,1,32,random,1,722293,15,2.3668052184694,26.666666666666668,0.301977218340101,4.645148716110917e-16,18
72,1,32,random,1,722293,16,2.3706905757884003,28.444444444444443,0.3032744436117114,4.774079011843151e-16,18
72,1,32,random,1,722293,17,2.431725945313101,30.22222222222222,0.3243282442950461,4.799834804678105e-16,18
72,1,32,random,1,722293,18,2.49216217233382,32.0,0.3464807153587875,4.81768260685538e-16,18
72,1,32,random,2,722294,0,0.0,0.0,0.0,0.0,18
72,1,32,random,2,722294,1,0.1975373585005691,1.7777777777777777,0.006824955676985079,2.220446049250313e-16,18
72,1,32,random,2,722294,2,1.3236788679974638,3.5555555555555554,0.0861630716663273,2.225938327594935e-16,18
72,1,32,random,2,722294,3,1.3237523331461547,5.333333333333333,0.08617169775195,2.301304857030624e-16,18
72,1,32,random,2,722294,4,1.398039629254259,7.111111111111111,0.09522681432960374,3.350531329554752e-16,18
72,1,32,random,2,722294,5,1.3981780276735503,8.88888888888889,0.09524431973211608,3.363039032144745e-16,18
72,1,32,random,2,722294,6,1.4083936408756355,10.666666666666666,0.09654315970271204,3.366915836607187e-16,18
72,1,32,random,2,722294,7,1.7538799514455938,12.444444444444445,0.14928042581290107,4.541916797016017e-16,18
72,1,32,random,2,722294,8,1.8107534516887482,14.222222222222221,0.159845409188168,4.793299826290347e-16,18
72,1,32,random,2,722294,9,1.853321673083245,16.0,0.16815562151178046,4.794154557200781e-16,18
72,1,32,random,2,722294,10,1.8826628669211187,17.77777777777778,0.17409310091053853,4.803886550235792e-16,18
72,1,32,random,2,722294,11,1.8867626129104924,19.555555555555557,0.17493668352058123,4.850109615317815e-16,18
72,1,32,random,2,722294,12,1.8879096076935329,21.333333333333332,0.17517331425207658,4.813636708815327e-16,18
72,1,32,random,2,722294,13,2.024483630399775,23.11111111111111,0.2053812462850362,4.815285130739861e-16,18
72,1,32,random,2,722294,14,2.026487036378753,24.88888888888889,0.2058557899317257,6.69545171110813e-16,18
72,1,32,random,2,722294,15,2.1970477527477175,26.666666666666668,0.24995027248113746,6.708773737810733e-16,18
72,1,32,random,2,722294,16,2.2475305465245015,28.444444444444443,0.2645104756056901,6.781201846450043e-16,18
72,1,32,random,2,722294,17,2.2501156976605134,30.22222222222222,0.26527605027193707,6.811698099151662e-16,18
72,1,32,random,2,722294,18,2.4089744081708293,32.0,0.316329628095387,6.815917926169756e-16,18
72,1,32,random,3,722295,0,0.0,0.0,0.0,0.0,18
72,1,32,random,3,722295,1,0.9542891383288303,1.7777777777777777,0.049900748251134115,1.1102230246251565e-16,18
72,1,32,random,3,722295,2,0.9592852166002399,3.5555555555555554,0.050307198223675714,1.2298397142264603e-16,18
72,1,32,random,3,722295,3,1.3459210050405117,5.333333333333333,0.08880384869129841,1.2347979803522637e-16,18
72,1,32,random,3,722295,4,1.489584339946802,7.111111111111111,0.10735161184052695,2.2745341960943265e-16,18
72,1,32,random,3,722295,5,1.4904392557596002,8.88888888888889,0.1074701552152514,2.6110746204180255e-16,18
72,1,32,random,3,722295,6,1.4968673077743975,10.666666666666666,0.10836472768736853,6.747443816596666e-16,18
72,1,32,random,3,722295,7,1.5016715890470957,12.444444444444445,0.10903708992440289,6.747632034169145e-16,18
72,1,32,random,3,722295,8,1.5045188842117523,14.222222222222221,0.10943709787732184,6.787278461716412e-16,18
72,1,32,random,3,722295,9,1.5668104243893637,16.0,0.1184794203097702,6.787305871535272e-16,18
72,1,32,random,3,722295,10,1.6155089180504614,17.77777777777778,0.12595147992514297,6.789882449141503e-16,18
72,1,32,random,3,722295,11,1.6625057087456316,19.555555555555557,0.1335158021849027,6.791465314644257e-16,18
72,1,32,random,3,722295,12,1.6625215550917882,21.333333333333332,0.13351841314152593,6.80804008625817e-16,18
72,1,32,random,3,722295,13,1.6844026663964295,23.11111111111111,0.137163462563868,6.808048956003367e-16,18
72,1,32,random,3,722295,14,1.7142430193547502,24.88888888888889,0.1422647127558516,6.808839791177131e-16,18
72,1,32,random,3,722295,15,1.7202471791982292,26.666666666666668,0.14330965669246626,6.873405450864675e-16,18
72,1,32,random,3,722295,16,1.8903340327038873,28.444444444444443,0.175674379249694,6.818609493607814e-16,18
72,1,32,random,3,722295,17,1.972947668893974,30.22222222222222,0.19349513909768282,6.819137691084969e-16,18
72,1,32,random,3,722295,18,2.0130049373709498,32.0,0.2026805586834479,6.820093022694624e-16,18
72,1,32,random,4,722296,0,0.0,0.0,0.0,0.0,18
72,1,32,random,4,722296,1,0.0024607643916667904,1.7777777777777777,7.69935799175217e-05,0.0,18
72,1,32,random,4,722296,2,0.18382205086794953,3.5555555555555554,0.006306310764193571,4.447353803014046e-16,18
72,1,32,random,4,722296,3,0.19019028917838246,5.333333333333333,0.006546241458265138,4.48305943004871e-16,18
72,1,32,random,4,722296,4,0.19335194762066496,7.111111111111111,0.006665929370606606,4.4904374934800805e-16,18
72,1,32,random,4,722296,5,0.20998500229060527,8.88888888888889,0.00730186117970185,4.51862600568252e-16,18
72,1,32,random,4,722296,6,0.7445095535582428,10.666666666666666,0.03454401848662692,4.519786954966011e-16,18
72,1,32,random,4,722296,7,0.8978724883032182,12.444444444444445,0.045449244977538675,4.51979634262474e-16,18
72,1,32,random,4,722296,8,0.945418134432772,14.222222222222221,0.04918404329353377,4.521384774866822e-16,18
72,1,32,random,4,722296,9,0.9467359318920748,16.0,0.0492901089425995,4.538111642736918e-16,18
72,1,32,random,4,722296,10,1.0273624235379024,17.77777777777778,0.056052735752030965,4.6759183878778095e-16,18
72,1,32,random,4,722296,11,1.0680158271655522,19.555555555555557,0.059675019319283214,4.676111191948829e-16,18
72,1,32,random,4,722296,12,1.1046598534714327,21.333333333333332,0.06306867702269875,4.546213353892558e-16,18
72,1,32,random,4,722296,13,1.1046605399974687,23.11111111111111,0.06306874177494844,4.575759539954732e-16,18
72,1,32,random,4,722296,14,1.3207916467080483,24.88888888888889,0.0858245630559418,4.577628471376185e-16,18
72,1,32,random,4,722296,15,1.3269801559330232,26.666666666666668,0.08655132654124723,4.596125172070804e-16,18
72,1,32,random,4,722296,16,1.3676025344306797,28.444444444444443,0.0914352227664778,4.731037337224518e-16,18
72,1,32,random,4,722296,17,1.4853809581399888,30.22222222222222,0.10677023906878187,4.731146145797527e-16,18
72,1,32,random,4,722296,18,1.5430602270027958,32.0,0.11496521375965177,4.845164711789225e-16,18
72,1,32,random,5,722297,0,0.0,0.0,0.0,0.0,18
72,1,32,random,5,722297,1,0.1897288942981458,1.7777777777777777,0.006528806488476308,0.0,18
72,1,32,random,5,722297,2,0.46399920931375765,3.5555555555555554,0.018450678528592952,2.220632672613402e-16,18
72,1,32,random,5,722297,3,0.6442931120584222,5.333333333333333,0.028270005816056383,2.3547911863811003e-16,18
72,1,32,random,5,722297,4,0.9366327725813196,7.111111111111111,0.04848049610148221,2.6574013591853877e-16,18
72,1,32,random,5,722297,5,1.0145917263670858,8.88888888888889,0.0549449078750534,2.657677614505686e-16,18
72,1,32,random,5,722297,6,1.0171953739443957,10.666666666666666,0.055169621448650424,4.563689281521546e-16,18
72,1,32,random,5,722297,7,1.36055931338068,12.444444444444445,0.09057415951194298,4.581708739163473e-16,18
72,1,32,random,5,722297,8,1.455190770975267,14.222222222222221,0.10266565308312928,4.62627338995007e-16,18
72,1,32,random,5,722297,9,1.5567896236342569,16.0,0.11698650422175601,4.642429835929396e-16,18
72,1,32,random,5,722297,10,1.7206285411173625,17.77777777777778,0.1433762397934683,4.645056633026435e-16,18
72,1,32,random,5,722297,11,1.77692765130696,19.555555555555557,0.15348955594559696,4.671185962171e-16,18
72,1,32,random,5,722297,12,1.9043414379633365,21.333333333333332,0.1785932480518607,4.666830847862948e-16,18
72,1,32,random,5,722297,13,2.263760612301947,23.11111111111111,0.2693498530563802,4.666907590977907e-16,18
72,1,32,random,5,722297,14,2.2942328831430623,24.88888888888889,0.2786508040464385,4.670679359723204e-16,18
72,1,32,random,5,722297,15,2.30576485429792,26.666666666666668,0.28224525690858643,4.687674127883499e-16,18
72,1,32,random,5,722297,16,2.3089344807859247,28.444444444444443,0.28324049621395475,4.715920846704467e-16,18
72,1,32,random,5,722297,17,2.363769671889758,30.22222222222222,0.3009672253132162,4.748711379747963e-16,18
72,1,32,random,5,722297,18,2.3677679464889243,32.0,0.3022981799946641,4.754836689294748e-16,18
72,1,32,random,6,722298,0,0.0,0.0,0.0,0.0,18
72,1,32,random,6,722298,1,0.48143122212654116,1.7777777777777777,0.01932465686269289,2.220446049250313e-16,18
72,1,32,random,6,722298,2,0.522017014428788,3.5555555555555554,0.021419492111743235,2.2270045074877594e-16,18
72,1,32,random,6,722298,3,0.8358427270849986,5.333333333333333,0.04083616238025201,2.244456010960532e-16,18
72,1,32,random,6,722298,4,0.88683958409064,7.111111111111111,0.04460768054103295,4.477123601120732e-16,18
72,1,32,random,6,722298,5,0.9024944077942965,8.88888888888889,0.045804563206445624,4.483467204631356e-16,18
72,1,32,random,6,722298,6,0.9068999984215864,10.666666666666666,0.04614478295207571,4.483477200241125e-16,18
72,1,32,random,6,722298,7,1.2035566147099912,12.444444444444445,0.07287332260197289,4.503378220479979e-16,18
72,1,32,random,6,722298,8,1.2490098491502386,14.222222222222221,0.07771527193174517,4.50397735226733e-16,18
72,1,32,random,6,722298,9,1.2624187213087754,16.0,0.07918621312472993,4.514379735792152e-16,18
72,1,32,random,6,722298,10,1.6343945034273524,17.77777777777778,0.12894853337178924,4.514385573404729e-16,18
72,1,32,random,6,722298,11,1.7142382043971771,19.555555555555557,0.14226387729188267,4.523377508121005e-16,18
72,1,32,random,6,722298,12,1.7539779978267955,21.333333333333332,0.149298127035605,4.699949355954745e-16,18
72,1,32,random,6,722298,13,1.7899735458267223,23.11111111111111,0.1559154382020465,4.699990146669206e-16,18
72,1,32,random,6,722298,14,1.8408628250173344,24.88888888888889,0.1656866692568006,4.708569947759041e-16,18
72,1,32,random,6,722298,15,1.8673460355809783,26.666666666666668,0.17097186004836393,4.720990418558749e-16,18
72,1,32,random,6,722298,16,1.8986137494007045,28.444444444444443,0.1773947668201579,4.666620012388909e-16,18
72,1,32,random,6,722298,17,1.910369065232302,30.22222222222222,0.17986192464969644,4.669482995116723e-16,18
72,1,32,random,6,722298,18,1.9634680986809023,32.0,0.1913747179907362,4.68038066896358e-16,18
72,1,32,random,7,722299,0,0.0,0.0,0.0,0.0,18
72,1,32,random,7,722299,1,0.01487909992228909,1.7777777777777777,0.00046844827455905404,2.220446049250313e-16,18
72,1,32,random,7,722299,2,0.5765959823646034,3.5555555555555554,0.024374033138024415,5.55112886760037e-16,18
72,1,32,random,7,722299,3,0.5826117877341949,5.333333333333333,0.024709665031119973,5.556260412757094e-16,18
72,1,32,random,7,722299,4,0.582817505402087,7.111111111111111,0.024721178107087162,5.556482235551181e-16,18
72,1,32,random,7,722299,5,0.7547710803038252,8.88888888888889,0.035222641466108096,5.559652112548828e-16,18
72,1,32,random,7,722299,6,1.051535345087454,10.666666666666666,0.05818881151692987,5.568203603701195e-16,18
72,1,32,random,7,722299,7,1.089139079961874,12.444444444444445,0.06161608007312577,5.584941829698658e-16,18
72,1,32,random,7,722299,8,1.1262793902570714,14.222222222222221,0.06513000532280688,6.716225342328171e-16,18
72,1,32,random,7,722299,9,1.2098614870329438,16.0,0.07353188073775158,6.77713946255325e-16,18
72,1,32,random,7,722299,10,1.2367891758998333,17.77777777777778,0.07639174660487205,6.77892928188293e-16,18
72,1,32,random,7,722299,11,1.242328438072711,19.555555555555557,0.07698965692223755,6.79648854718911e-16,18
72,1,32,random,7,722299,12,1.5571191117550067,21.333333333333332,0.1170353544362993,6.800793415218221e-16,18
72,1,32,random,7,722299,13,1.559194704002127,23.11111111111111,0.1173434540022541,6.800894036913864e-16,18
72,1,32,random,7,722299,14,1.6446771824450355,24.88888888888889,0.13060430174776916,6.802711446737708e-16,18
72,1,32,random,7,722299,15,1.680425649058122,26.666666666666668,0.13649500940919837,6.807111484431429e-16,18
72,1,32,random,7,722299,16,1.6804256616183888,28.444444444444443,0.13649501151612037,6.854597572566475e-16,18
72,1,32,random,7,722299,17,1.782628389744462,30.22222222222222,0.15454571541725998,6.854700367343118e-16,18
72,1,32,random,7,722299,18,1.7833806468572397,32.0,0.1546855341489304,6.854703903738323e-16,18
72,1,32,krylov,0,722300,0,0.0,0.0,0.0,0.0,18
72,1,32,krylov,0,722300,1,0.2740770393326336,1.7777777777777777,0.009853629044137422,0.0,18
72,1,32,krylov,0,722300,2,0.516920433011513,3.5555555555555554,0.02115174064513706,2.2632180426352485e-16,18
72,1,32,krylov,0,722300,3,0.8094924965905517,5.333333333333333,0.038961482973293965,2.2829943804921224e-16,18
72,1,32,krylov,0,722300,4,1.056256711963345,7.111111111111111,0.05861208338365725,2.2834280920884737e-16,18
72,1,32,krylov,0,722300,5,1.4153430168896532,8.88888888888889,0.09743433539246604,2.344517456014246e-16,18
72,1,32,krylov,0,722300,6,1.7446127364654203,10.666666666666666,0.1476151397464781,2.3953249927078345e-16,18
72,1,32,krylov,0,722300,7,1.9743641943362429,12.444444444444445,0.19381372189228704,2.415285895568219e-16,18
72,1,32,krylov,0,722300,8,2.2135933860992467,14.222222222222221,0.25464161266140484,2.5194032335635076e-16,18
72,1,32,krylov,0,722300,9,2.444402202509292,16.0,0.32886433515940333,2.5230330854765054e-16,18
72,1,32,krylov,0,722300,10,2.7093721701168385,17.77777777777778,0.4381200827503937,2.579179926956838e-16,18
72,1,32,krylov,0,722300,11,2.9262393379763747,19.555555555555557,0.5517917022036505,2.624960711326139e-16,18
72,1,32,krylov,0,722300,12,3.087424905543705,21.333333333333332,0.6537674289944907,4.589428831237277e-16,18
72,1,32,krylov,0,722300,13,3.2469065077843613,23.11111111111111,0.7722087805344393,7.818878114837128e-16,18
72,1,32,krylov,0,722300,14,3.3366712787292947,24.88888888888889,0.8476671645055027,7.8321098470786625e-16,18
72,1,32,krylov,0,722300,15,3.389712942482714,26.666666666666668,0.8955449268097628,7.832153715686382e-16,18
72,1,32,krylov,0,722300,16,3.4245942119862067,28.444444444444443,0.9284431406119844,7.850843917049107e-16,18
72,1,32,krylov,0,722300,17,3.4533665349506526,30.22222222222222,0.9564568183329221,7.850844319642797e-16,18
72,1,32,krylov,0,722300,18,3.4740941431858783,32.0,0.9771432679990532,7.851576785101184e-16,18
72,1,32,krylov,1,722301,0,0.0,0.0,0.0,0.0,18
72,1,32,krylov,1,722301,1,0.028305570229712473,1.7777777777777777,0.0008971868607537478,0.0,18
72,1,32,krylov,1,722301,2,0.06306077276420519,3.5555555555555554,0.00203411143197079,2.2287310824494467e-16,18
72,1,32,krylov,1,722301,3,0.10563624864875103,5.333333333333333,0.003481797604470831,2.23028989230114e-16,18
72,1,32,krylov,1,722301,4,0.14691369297256598,7.111111111111111,0.004945437289271835,2.491316156320824e-16,18
72,1,32,krylov,1,722301,5,0.2004520289682085,8.88888888888889,0.006936093512257491,2.7500629227665404e-16,18
72,1,32,krylov,1,722301,6,0.2879074253220415,10.666666666666666,0.01042605742767193,2.750437811907238e-16,18
72,1,32,krylov,1,722301,7,0.4121747747064494,12.444444444444445,0.015940573133135485,2.7685417430499006e-16,18
72,1,32,krylov,1,722301,8,0.5477402570611417,14.222222222222221,0.022791897926317525,2.7691080927292303e-16,18
72,1,32,krylov,1,722301,9,0.8282572227771428,16.0,0.040291421165421656,2.78938186764068e-16,18
72,1,32,krylov,1,722301,10,1.154288939492165,17.77777777777778,0.06786772803245635,2.7923612383027723e-16,18
72,1,32,krylov,1,722301,11,1.4676615429157216,19.555555555555557,0.10434614136595481,2.961083354131814e-16,18
72,1,32,krylov,1,722301,12,1.7962821694967956,21.333333333333332,0.15709992683379098,3.1942519052988544e-16,18
72,1,32,krylov,1,722301,13,2.0748229341088895,23.11111111111111,0.21759801044890267,3.296455508885714e-16,18
72,1,32,krylov,1,722301,14,2.4078719219743405,24.88888888888889,0.31594663751293917,3.2986632471505146e-16,18
72,1,32,krylov,1,722301,15,2.7275136631925916,26.666666666666668,0.4467128641329544,4.831345450943301e-16,18
72,1,32,krylov,1,722301,16,2.9535549722613363,28.444444444444443,0.5679373667446285,4.956935776591618e-16,18
72,1,32,krylov,1,722301,17,3.131192430693931,30.22222222222222,0.6844147326986779,4.970809576956676e-16,18
72,1,32,krylov,1,722301,18,3.283383823523928,32.0,0.8020578983199684,4.970810117757352e-16,18
72,1,32,krylov,2,722302,0,0.0,0.0,0.0,0.0,18
72,1,32,krylov,2,722302,1,0.1512653612252556,1.7777777777777777,0.005103291039085093,2.220446049250313e-16,18
72,1,32,krylov,2,722302,2,0.34320344228472316,3.5555555555555554,0.012795483612587227,4.440895325935177e-16,18
72,1,32,krylov,2,722302,3,0.5942054279547659,5.333333333333333,0.02536221666957387,4.440973879116795e-16,18
72,1,32,krylov,2,722302,4,0.8532114145156647,7.111111111111111,0.0420991407911337,4.441293837895049e-16,18
72,1,32,krylov,2,722302,5,1.0783121369647124,8.88888888888889,0.06061604773322862,4.5566227824569e-16,18
72,1,32,krylov,2,722302,6,1.3309246592571953,10.666666666666666,0.0870169119132306,4.561732174447853e-16,18
72,1,32,krylov,2,722302,7,1.5329731128933013,12.444444444444445,0.11349773795479731,4.567032588677304e-16,18
72,1,32,krylov,2,722302,8,1.7960694245663487,14.222222222222221,0.15705986060380178,4.575267568553644e-16,18
72,1,32,krylov,2,722302,9,2.232267128332692,16.0,0.2600304371090554,4.591234040429082e-16,18
72,1,32,krylov,2,722302,10,2.4868308056718047,17.77777777777778,0.3444722530973624,4.656926094652225e-16,18
72,1,32,krylov,2,722302,11,2.6748213875071074,19.555555555555557,0.4221799370026285,4.659104487339167e-16,18
72,1,32,krylov,2,722302,12,2.832370175318868,21.333333333333332,0.4995522553969362,4.886415098851169e-16,18
72,1,32,krylov,2,722302,13,2.935048891152131,23.11111111111111,0.5569507300829081,4.897780717056233e-16,18
72,1,32,krylov,2,722302,14,3.0630083617964337,24.88888888888889,0.6372442117755907,4.898828598496741e-16,18
72,1,32,krylov,2,722302,15,3.1826363796854613,26.666666666666668,0.7221947989553956,4.898891114798072e-16,18
72,1,32,krylov,2,722302,16,3.2756397416981984,28.444444444444443,0.7956296164654293,4.692458310782416e-16,18
72,1,32,krylov,2,722302,17,3.3291876188563063,30.22222222222222,0.8411141980591361,4.715024360366187e-16,18
72,1,32,krylov,2,722302,18,3.3779954584459935,32.0,0.8847485984791873,5.620857647084061e-16,18
72,1,32,krylov,3,722303,0,0.0,0.0,0.0,0.0,18
72,1,32,krylov,3,722303,1,0.48989691146529823,1.7777777777777777,0.019754623610665895,1.1102230246251565e-16,18
72,1,32,krylov,3,722303,2,0.8895799404278222,3.5555555555555554,0.04481584270561389,3.3386172940915087e-16,18
72,1,32,krylov,3,722303,3,1.34844474352376,5.333333333333333,0.08910721585798069,3.3389290569794193e-16,18
72,1,32,krylov,3,722303,4,1.707966582932611,7.111111111111111,0.14117906924312912,4.453877129602798e-16,18
72,1,32,krylov,3,722303,5,2.008410674654414,8.88888888888889,0.20160828527835492,4.453995667611412e-16,18
72,1,32,krylov,3,722303,6,2.2893885875337503,10.666666666666666,0.27715318332955174,4.461617096676566e-16,18
72,1,32,krylov,3,722303,7,2.4706772465470674,12.444444444444445,0.3384517585882965,4.587923610316777e-16,18
72,1,32,krylov,3,722303,8,2.6443941871487806,14.222222222222221,0.4085911167174638,4.59998650465507e-16,18
72,1,32,krylov,3,722303,9,2.800605604707981,16.0,0.48295652321271043,4.601424088435611e-16,18
72,1,32,krylov,3,722303,10,2.926985305374532,17.77777777777778,0.5522267945674438,4.603755302501292e-16,18
72,1,32,krylov,3,722303,11,3.0699697925935086,19.555555555555557,0.6419141237443741,4.605826129719229e-16,18
72,1,32,krylov,3,722303,12,3.178960916272302,21.333333333333332,0.7194306230884107,4.609181727602909e-16,18
72,1,32,krylov,3,722303,13,3.299493689178716,23.11111111111111,0.8155910928988637,4.61271362351297e-16,18
72,1,32,krylov,3,722303,14,3.373901150464348,24.88888888888889,0.8810058852449604,4.624118910258588e-16,18
72,1,32,krylov,3,722303,15,3.423013963062768,26.666666666666668,0.9269277841952174,4.625758465189194e-16,18
72,1,32,krylov,3,722303,16,3.447696608968589,28.444444444444443,0.9508724402467662,4.649881509268875e-16,18
72,1,32,krylov,3,722303,17,3.4653664390976244,30.22222222222222,0.9683806045412067,4.754252481023096e-16,18
72,1,32,krylov,3,722303,18,3.479069261174933,32.0,0.9821726439823438,4.754267458105307e-16,18
72,1,32,krylov,4,722304,0,0.0,0.0,0.0,0.0,18
72,1,32,krylov,4,722304,1,0.22255415203856374,1.7777777777777777,0.007789483374452598,2.220446049250313e-16,18
72,1,32,krylov,4,722304,2,0.5175792796258879,3.5555555555555554,0.021186276730290585,5.55317992262667e-16,18
72,1,32,krylov,4,722304,3,0.716555571659015,5.333333333333333,0.03273028236484011,5.556327457285727e-16,18
72,1,32,krylov,4,722304,4,1.018000965412162,7.111111111111111,0.05523926840806857,5.570046542539259e-16,18
72,1,32,krylov,4,722304,5,1.3448392250037642,8.88888888888889,0.08867404705551697,5.570100541286242e-16,18
72,1,32,krylov,4,722304,6,1.8117535980884585,10.666666666666666,0.16003662818122288,5.57993154647337e-16,18
72,1,32,krylov,4,722304,7,2.1662355406097147,12.444444444444445,0.24141799424504035,5.622308588987088e-16,18
72,1,32,krylov,4,722304,8,2.4933016810841284,14.222222222222221,0.3469113881453018,5.623639515794172e-16,18
72,1,32,krylov,4,722304,9,2.7104558182798733,16.0,0.4386289904670048,5.793595628332474e-16,18
72,1,32,krylov,4,722304,10,2.852194872647753,17.77777777777778,0.5101802497563338,5.806501631759377e-16,18
72,1,32,krylov,4,722304,11,3.0227487667081503,19.555555555555557,0.6108654671492338,5.8160922092807685e-16,18
72,1,32,krylov,4,722304,12,3.187341575330412,21.333333333333332,0.7257482574450639,5.638916234041794e-16,18
72,1,32,krylov,4,722304,13,3.298080818077671,23.11111111111111,0.8143954604277065,5.65089820936451e-16,18
72,1,32,krylov,4,722304,14,3.374724810062881,24.88888888888889,0.8817575830902361,5.675190243123954e-16,18
72,1,32,krylov,4,722304,15,3.4236942454219377,26.666666666666668,0.9275798374037548,5.691173149091611e-16,18
72,1,32,krylov,4,722304,16,3.449196732624797,28.444444444444443,0.9523468509753823,5.924793118137173e-16,18
72,1,32,krylov,4,722304,17,3.4635087947579692,30.22222222222222,0.9665253701233023,5.927732185572311e-16,18
72,1,32,krylov,4,722304,18,3.478041850405109,32.0,0.9811319773311369,5.933845893687794e-16,18
72,1,32,krylov,5,722305,0,0.0,0.0,0.0,0.0,18
72,1,32,krylov,5,722305,1,0.020744227929079158,1.7777777777777777,0.0006550276549845629,2.220446049250313e-16,18
72,1,32,krylov,5,722305,2,0.05817818020601006,3.5555555555555554,0.0018719947740483977,4.456366069871958e-16,18
72,1,32,krylov,5,722305,3,0.12398629885889094,5.333333333333333,0.004125011287382501,4.459456171028753e-16,18
72,1,32,krylov,5,722305,4,0.2374705658689713,7.111111111111111,0.00837617727045044,4.501109841646359e-16,18
72,1,32,krylov,5,722305,5,0.37372171330861786,8.88888888888889,0.014160397084084992,4.536724680752478e-16,18
72,1,32,krylov,5,722305,6,0.4692465454252447,10.666666666666666,0.01871216013475773,4.536861402993785e-16,18
72,1,32,krylov,5,722305,7,0.5964130783760013,12.444444444444445,0.0254873347111843,4.566387944366355e-16,18
72,1,32,krylov,5,722305,8,0.82158229525975,14.222222222222221,0.039815477576255226,4.640247474498617e-16,18
72,1,32,krylov,5,722305,9,1.116043714607468,16.0,0.06414852248826147,4.640638525038093e-16,18
72,1,32,krylov,5,722305,10,1.364778516287735,17.77777777777778,0.0910892462234638,4.754420183035629e-16,18
72,1,32,krylov,5,722305,11,1.633618139718597,19.555555555555557,0.12882420931087268,4.754502662460663e-16,18
72,1,32,krylov,5,722305,12,1.9590223737603518,21.333333333333332,0.19038718650719982,4.655019416164351e-16,18
72,1,32,krylov,5,722305,13,2.2629305366360293,23.11111111111111,0.26910043596503,4.662195075259368e-16,18
72,1,32,krylov,5,722305,14,2.5466988598805997,24.88888888888889,0.3676529826469437,4.693775580289101e-16,18
72,1,32,krylov,5,722305,15,2.769172240140562,26.666666666666668,0.4670446737175125,4.701175421841067e-16,18
72,1,32,krylov,5,722305,16,2.930388326665781,28.444444444444443,0.5542157608501661,4.843430932224193e-16,18
72,1,32,krylov,5,722305,17,3.0735749665932897,30.22222222222222,0.6443453774539069,4.86005987837242e-16,18
72,1,32,krylov,5,722305,18,3.194128216930951,32.0,0.7309032059187028,4.860069132452868e-16,18
72,1,32,krylov,6,722306,0,0.0,0.0,0.0,0.0,18
72,1,32,krylov,6,722306,1,0.01642809640373947,1.7777777777777777,0.0005176181114541167,1.1102230246251565e-16,18
72,1,32,krylov,6,722306,2,0.03766039371720476,3.5555555555555554,0.0011993291599560574,4.441423476486208e-16,18
72,1,32,krylov,6,722306,3,0.06734374053547736,5.333333333333333,0.002176971923586266,4.443917797334133e-16,18
72,1,32,krylov,6,722306,4,0.10529451679817906,7.111111111111111,0.0034699306707718603,4.811320923279647e-16,18
72,1,32,krylov,6,722306,5,0.15216805352183402,8.88888888888889,0.00513612169062011,4.819337009910586e-16,18
72,1,32,krylov,6,722306,6,0.2169352924469724,10.666666666666666,0.007570741115366536,5.086484678925495e-16,18
72,1,32,krylov,6,722306,7,0.2958497905805869,12.444444444444445,0.010758381872411554,5.092054114486975e-16,18
72,1,32,krylov,6,722306,8,0.42275031484529374,14.222222222222221,0.016442287206086273,5.093100100185112e-16,18
72,1,32,krylov,6,722306,9,0.6075647078125624,16.0,0.02612358948820675,5.11377451553909e-16,18
72,1,32,krylov,6,722306,10,0.8973853064032971,17.77777777777778,0.04541188759430733,5.115491000044749e-16,18
72,1,32,krylov,6,722306,11,1.16073072401137,19.555555555555557,0.06850828402524112,5.125934171110377e-16,18
72,1,32,krylov,6,722306,12,1.4578085801809078,21.333333333333332,0.10301667797017783,5.156277294839742e-16,18
72,1,32,krylov,6,722306,13,1.7756228542847199,23.11111111111111,0.15324866551384445,5.163945932917753e-16,18
72,1,32,krylov,6,722306,14,2.183045344997536,24.88888888888889,0.24604023049329077,5.16653217905031e-16,18
72,1,32,krylov,6,722306,15,2.445777462680943,26.666666666666668,0.32935992676737763,5.169001773168324e-16,18
72,1,32,krylov,6,722306,16,2.7890098749596564,28.444444444444443,0.4770283604467623,5.1494138111623255e-16,18
72,1,32,krylov,6,722306,17,3.0122295261836705,30.22222222222222,0.6041463023199439,5.15252450330819e-16,18
72,1,32,krylov,6,722306,18,3.1507512110224467,32.0,0.6985500461251934,5.162534783497461e-16,18
72,1,32,krylov,7,722307,0,0.0,0.0,0.0,0.0,18
72,1,32,krylov,7,722307,1,0.004687561225266891,1.7777777777777777,0.00014683015710418662,0.0,18
72,1,32,krylov,7,722307,2,0.013836905337788499,3.5555555555555554,0.0004354086993622649,2.220900168292259e-16,18
72,1,32,krylov,7,722307,3,0.02230034736539958,5.333333333333333,0.0007047143378148735,2.2209677623970974e-16,18
72,1,32,krylov,7,722307,4,0.036382825833194465,7.111111111111111,0.0011578994094580233,2.313786660915736e-16,18
72,1,32,krylov,7,722307,5,0.058680223338825804,8.88888888888889,0.0018886276189232856,2.620820946304599e-16,18
72,1,32,krylov,7,722307,6,0.08126386662298779,10.666666666666666,0.0026455332377065214,2.623465478699377e-16,18
72,1,32,krylov,7,722307,7,0.12084919480749322,12.444444444444445,0.004014210084475983,2.6238733746540514e-16,18
72,1,32,krylov,7,722307,8,0.18678169124623448,14.222222222222221,0.006417628587095333,2.7966878151836835e-16,18
72,1,32,krylov,7,722307,9,0.2743297421756157,16.0,0.009864017360577031,4.505679474847792e-16,18
72,1,32,krylov,7,722307,10,0.40703479842865214,17.77777777777778,0.015698637012305887,4.512355534147318e-16,18
72,1,32,krylov,7,722307,11,0.62709875870422,19.555555555555557,0.02725534601221325,4.513943232651118e-16,18
72,1,32,krylov,7,722307,12,0.8386791120683056,21.333333333333332,0.041040916732544556,4.510331514180517e-16,18
72,1,32,krylov,7,722307,13,1.0611605689945967,23.11111111111111,0.05905383645478713,4.569968694503236e-16,18
72,1,32,krylov,7,722307,14,1.3160024703920963,24.88888888888889,0.08526521281393364,4.572174643953234e-16,18
72,1,32,krylov,7,722307,15,1.6475783302784062,26.666666666666668,0.13107454679998928,4.573186865811824e-16,18
72,1,32,krylov,7,722307,16,1.9921067667434027,28.444444444444443,0.19784256661973826,4.670433593107712e-16,18
72,1,32,krylov,7,722307,17,2.329110972886153,30.22222222222222,0.2896502570258412,4.689956891378014e-16,18
72,1,32,krylov,7,722307,18,2.689906803197745,32.0,0.42907196997906216,5.618294095325156e-16,18
72,1,32,reply_null,0,722308,0,0.0,0.0,0.0,0.0,18
72,1,32,reply_null,0,722308,1,0.4184356790580455,1.7777777777777777,0.016236955640929814,2.220446049250313e-16,18
72,1,32,reply_null,0,722308,2,0.45585437918713945,3.5555555555555554,0.018047519006450012,2.251794358915435e-16,18
72,1,32,reply_null,0,722308,3,0.4936850214256722,5.333333333333333,0.01994820114840719,2.273184191309605e-16,18
72,1,32,reply_null,0,722308,4,0.7889764723342619,7.111111111111111,0.03753569821282006,2.2869588006176e-16,18
72,1,32,reply_null,0,722308,5,0.901674894485518,8.88888888888889,0.045741441834330765,2.2923216353059045e-16,18
72,1,32,reply_null,0,722308,6,1.3329776025270839,10.666666666666666,0.08725995656717578,3.5621585734060267e-16,18
72,1,32,reply_null,0,722308,7,1.3440069831244246,12.444444444444445,0.08857428276098774,3.646742378969149e-16,18
72,1,32,reply_null,0,722308,8,1.4081435298967853,14.222222222222221,0.09651120122719781,3.651187270020042e-16,18
72,1,32,reply_null,0,722308,9,1.4099175098622376,16.0,0.09673804819002997,3.657127072391234e-16,18
72,1,32,reply_null,0,722308,10,1.4106503384350473,17.77777777777778,0.09683187586432299,4.552059603400252e-16,18
72,1,32,reply_null,0,722308,11,1.4127517251405797,19.555555555555557,0.0971013084073186,4.783817010492638e-16,18
72,1,32,reply_null,0,722308,12,1.4480153078626015,21.333333333333332,0.10170818549900101,3.6643055111365197e-16,18
72,1,32,reply_null,0,722308,13,1.458239325463847,23.11111111111111,0.10307452516617836,3.6654182981345663e-16,18
72,1,32,reply_null,0,722308,14,1.4859164922245656,24.88888888888889,0.10684417340657655,4.548516043748666e-16,18
72,1,32,reply_null,0,722308,15,1.6567422260532263,26.666666666666668,0.13256890865907014,4.549740594334841e-16,18
72,1,32,reply_null,0,722308,16,1.6719519082954302,28.444444444444443,0.13507958711546128,5.586965713298968e-16,18
72,1,32,reply_null,0,722308,17,1.7234378622033502,30.22222222222222,0.1438675107168648,5.596545686163606e-16,18
72,1,32,reply_null,0,722308,18,1.800221304690353,32.0,0.15784332587268093,5.598555741253578e-16,18
72,1,32,reply_null,1,722309,0,0.0,0.0,0.0,0.0,18
72,1,32,reply_null,1,722309,1,0.060726570182077035,1.7777777777777777,0.001956510176881657,0.0,18
72,1,32,reply_null,1,722309,2,0.0627144986335828,3.5555555555555554,0.002022588000469398,1.1299046963500417e-16,18
72,1,32,reply_null,1,722309,3,0.8080780687845139,5.333333333333333,0.03886224409912974,1.324881944673542e-16,18
72,1,32,reply_null,1,722309,4,0.8995569038850175,7.111111111111111,0.04557854724970011,1.3250878755453425e-16,18
72,1,32,reply_null,1,722309,5,0.9865110458384092,8.88888888888889,0.05255816373547392,1.3366870000408617e-16,18
72,1,32,reply_null,1,722309,6,1.2262266506886979,10.666666666666666,0.07526076148702389,1.3417508143869158e-16,18
72,1,32,reply_null,1,722309,7,1.7717834485206492,12.444444444444445,0.1525416583861291,2.305138319593789e-16,18
72,1,32,reply_null,1,722309,8,1.8469310213296823,14.222222222222221,0.16688535287243986,2.3061592056714635e-16,18
72,1,32,reply_null,1,722309,9,1.8469850750957515,16.0,0.16689606312391622,2.4798547610558495e-16,18
72,1,32,reply_null,1,722309,10,2.0397328152831444,17.77777777777778,0.2090173331287703,2.751374277716368e-16,18
72,1,32,reply_null,1,722309,11,2.121386774250545,19.555555555555557,0.22945934091629444,6.763613799639979e-16,18
72,1,32,reply_null,1,722309,12,2.191810670420202,21.333333333333332,0.2484814530249536,4.508066791271711e-16,18
72,1,32,reply_null,1,722309,13,2.2499332851568568,23.11111111111111,0.26522196514575896,4.50809283232741e-16,18
72,1,32,reply_null,1,722309,14,2.284697777667186,24.88888888888889,0.2757099103403429,4.512713994583286e-16,18
72,1,32,reply_null,1,722309,15,2.2899784782715082,26.666666666666668,0.27733516117913987,4.514097609263889e-16,18
72,1,32,reply_null,1,722309,16,2.3525028019058474,28.444444444444443,0.29724518427903907,6.779311757500644e-16,18
72,1,32,reply_null,1,722309,17,2.3525290353410835,30.22222222222222,0.29725380194921625,6.788065141760597e-16,18
72,1,32,reply_null,1,722309,18,2.4422387587843786,32.0,0.32808609020887586,6.788091181924866e-16,18
72,1,32,reply_null,2,722310,0,0.0,0.0,0.0,0.0,18
72,1,32,reply_null,2,722310,1,0.013599806196108045,1.7777777777777777,0.00042789700669897606,2.220446049250313e-16,18
72,1,32,reply_null,2,722310,2,0.3583999251519688,3.5555555555555554,0.013469931689694755,2.2208438793805964e-16,18
72,1,32,reply_null,2,722310,3,0.408017521084668,5.333333333333333,0.015744797179172928,2.224188329439652e-16,18
72,1,32,reply_null,2,722310,4,0.9288022663643645,7.111111111111111,0.04785860399876792,2.2298528642447795e-16,18
72,1,32,reply_null,2,722310,5,1.049388753509444,8.88888888888889,0.05799702883057229,2.302780737048463e-16,18
72,1,32,reply_null,2,722310,6,1.0497435461790396,10.666666666666666,0.0580286986399605,3.399579472605103e-16,18
72,1,32,reply_null,2,722310,7,1.2828920341520311,12.444444444444445,0.08147051205926865,3.443209219154502e-16,18
72,1,32,reply_null,2,722310,8,1.3158161367572616,14.222222222222221,0.08524350413340795,3.541568191346519e-16,18
72,1,32,reply_null,2,722310,9,1.36209515816357,16.0,0.09076140626592769,8.889310323367104e-16,18
72,1,32,reply_null,2,722310,10,1.4120453153658148,17.77777777777778,0.09701067180551558,8.889358152985783e-16,18
72,1,32,reply_null,2,722310,11,1.4191646035087921,19.555555555555557,0.09792705461162152,8.890294703971188e-16,18
72,1,32,reply_null,2,722310,12,1.4402352855455645,21.333333333333332,0.10067778132971986,4.586996114827554e-16,18
72,1,32,reply_null,2,722310,13,1.489459341902766,23.11111111111111,0.10733428799289267,4.588727550061224e-16,18
72,1,32,reply_null,2,722310,14,1.492662235483652,24.88888888888889,0.10777887031418504,4.589728628992824e-16,18
72,1,32,reply_null,2,722310,15,1.5570098986666823,26.666666666666668,0.11701916061909252,4.596551675844469e-16,18
72,1,32,reply_null,2,722310,16,1.5591077227893229,28.444444444444443,0.11733052972550305,8.911925595934108e-16,18
72,1,32,reply_null,2,722310,17,1.5729062126120845,30.22222222222222,0.1193949266782466,8.940212124321797e-16,18
72,1,32,reply_null,2,722310,18,1.6203223709944252,32.0,0.12670998590339544,8.942263787913197e-16,18
72,1,32,reply_null,3,722311,0,0.0,0.0,0.0,0.0,18
72,1,32,reply_null,3,722311,1,3.940744916910239e-06,1.7777777777777777,1.2314852129625213e-07,2.220446049250313e-16,18
72,1,32,reply_null,3,722311,2,0.0005606382861474238,3.5555555555555554,1.7524858536413437e-05,1.113427888802014e-16,18
72,1,32,reply_null,3,722311,3,0.9160311901645836,5.333333333333333,0.046854725935036264,5.554206734876437e-16,18
72,1,32,reply_null,3,722311,4,1.399877066977287,7.111111111111111,0.09545942123424841,5.55884271843368e-16,18
72,1,32,reply_null,3,722311,5,1.5696460776791143,8.88888888888889,0.11890460358431396,5.562862660204268e-16,18
72,1,32,reply_null,3,722311,6,1.6002884866445735,10.666666666666666,0.12357692231957638,5.567308993295495e-16,18
72,1,32,reply_null,3,722311,7,1.6328634647351585,12.444444444444445,0.12870345088202603,5.579067350039342e-16,18
72,1,32,reply_null,3,722311,8,1.8045343282503914,14.222222222222221,0.15866065114679587,5.592400559501131e-16,18
72,1,32,reply_null,3,722311,9,2.1570378763049542,16.0,0.23892158373927258,5.593909966215571e-16,18
72,1,32,reply_null,3,722311,10,2.173976793934296,17.77777777777778,0.2435369774729599,5.642004750456258e-16,18
72,1,32,reply_null,3,722311,11,2.2160519370669873,19.555555555555557,0.255345356502954,5.642165867043801e-16,18
72,1,32,reply_null,3,722311,12,2.3925618094583077,21.333333333333332,0.3106715024236745,5.613784389474743e-16,18
72,1,32,reply_null,3,722311,13,2.396017633484693,23.11111111111111,0.31185516705721344,5.613847914821669e-16,18
72,1,32,reply_null,3,722311,14,2.3978746222743483,24.88888888888889,0.31249290145566194,5.61472335206788e-16,18
72,1,32,reply_null,3,722311,15,2.4227348309521144,26.666666666666668,0.32114552915510974,5.621577421688076e-16,18
72,1,32,reply_null,3,722311,16,2.460917465959128,28.444444444444443,0.33486110105812106,5.670132358322571e-16,18
72,1,32,reply_null,3,722311,17,2.4611559874587035,30.22222222222222,0.33494843684227393,5.683031786989904e-16,18
72,1,32,reply_null,3,722311,18,2.461616626535911,32.0,0.3351171610097846,5.686356941968485e-16,18
72,1,32,reply_null,4,722312,0,0.0,0.0,0.0,0.0,18
72,1,32,reply_null,4,722312,1,0.5999753812636747,1.7777777777777777,0.0256898107087619,1.1102230246251565e-16,18
72,1,32,reply_null,4,722312,2,0.6470865902695483,3.5555555555555554,0.02843650610461975,2.2211747641949757e-16,18
72,1,32,reply_null,4,722312,3,1.1696985247720382,5.333333333333333,0.06940691981149134,4.442242141077166e-16,18
72,1,32,reply_null,4,722312,4,1.1808281577576742,7.111111111111111,0.07053345170121518,4.445872747720028e-16,18
72,1,32,reply_null,4,722312,5,1.1942170255008384,8.88888888888889,0.07190538066775409,4.446201974593291e-16,18
72,1,32,reply_null,4,722312,6,1.1942186614132182,10.666666666666666,0.07190554942105642,4.466460793343525e-16,18
72,1,32,reply_null,4,722312,7,1.5167532818573448,12.444444444444445,0.11116889190347505,4.505409347745734e-16,18
72,1,32,reply_null,4,722312,8,1.7762146455627528,14.222222222222221,0.1533578825285551,4.601435564123524e-16,18
72,1,32,reply_null,4,722312,9,1.7879975376102262,16.0,0.1555459629216315,4.602167630116566e-16,18
72,1,32,reply_null,4,722312,10,1.9128152392627238,17.77777777777778,0.18037897329494623,4.602173511273763e-16,18
72,1,32,reply_null,4,722312,11,2.062730555433767,19.555555555555557,0.21460696693657388,4.637452819917898e-16,18
72,1,32,reply_null,4,722312,12,2.178087705442629,21.333333333333332,0.244668927500066,4.74046784633317e-16,18
72,1,32,reply_null,4,722312,13,2.3915165356840036,23.11111111111111,0.31031428757050356,4.745089683930255e-16,18
72,1,32,reply_null,4,722312,14,2.3952484245570704,24.88888888888889,0.31159134897821855,4.745321018826201e-16,18
72,1,32,reply_null,4,722312,15,2.409320430780077,26.666666666666668,0.31644991931576266,4.746411722408849e-16,18
72,1,32,reply_null,4,722312,16,2.4181126809372055,28.444444444444443,0.31952046269844075,4.876468790776543e-16,18
72,1,32,reply_null,4,722312,17,2.4374210940027368,30.22222222222222,0.3263590927699578,4.884933889210363e-16,18
72,1,32,reply_null,4,722312,18,2.4978819451524674,32.0,0.3486474399162051,4.88593712894153e-16,18
72,1,32,reply_null,5,722313,0,0.0,0.0,0.0,0.0,18
72,1,32,reply_null,5,722313,1,0.3075014837110892,1.7777777777777777,0.011250713324419157,1.1102230246251565e-16,18
72,1,32,reply_null,5,722313,2,0.3136929974262486,3.5555555555555554,0.01151467338680621,4.441606382693238e-16,18
72,1,32,reply_null,5,722313,3,0.6130236127624324,5.333333333333333,0.026437642873756648,4.44315366974379e-16,18
72,1,32,reply_null,5,722313,4,0.6819828867319685,7.111111111111111,0.030556112226495236,4.443330513359912e-16,18
72,1,32,reply_null,5,722313,5,0.7347583401713499,8.88888888888889,0.033905564880458906,4.447241292530243e-16,18
72,1,32,reply_null,5,722313,6,0.7351866567748059,10.666666666666666,0.03393347806811892,4.535298741576599e-16,18
72,1,32,reply_null,5,722313,7,0.9990919797349842,12.444444444444445,0.053619209179576605,4.53695959190357e-16,18
72,1,32,reply_null,5,722313,8,1.0807693053451952,14.222222222222221,0.06084205563698252,4.537054735642539e-16,18
72,1,32,reply_null,5,722313,9,1.3847345596410587,16.0,0.09355517679740587,4.53997165263791e-16,18
72,1,32,reply_null,5,722313,10,1.4217808498354172,17.77777777777778,0.09826545608401535,4.540054604871314e-16,18
72,1,32,reply_null,5,722313,11,1.421789378803999,19.555555555555557,0.09826656072198187,4.5443350894811e-16,18
72,1,32,reply_null,5,722313,12,1.7010537978253997,21.333333333333332,0.13999121456357483,4.618211942254495e-16,18
72,1,32,reply_null,5,722313,13,1.707057718412593,23.11111111111111,0.14102242577450252,5.683391800213159e-16,18
72,1,32,reply_null,5,722313,14,1.8196994096468713,24.88888888888889,0.16156261023664012,5.712104582863021e-16,18
72,1,32,reply_null,5,722313,15,1.8290499321900449,26.666666666666668,0.16337396425099127,6.01233286970073e-16,18
72,1,32,reply_null,5,722313,16,1.9381079916421788,28.444444444444443,0.18579991884045927,6.200482140300016e-16,18
72,1,32,reply_null,5,722313,17,2.005004756861245,30.22222222222222,0.20081653817937817,6.20359902850481e-16,18
72,1,32,reply_null,5,722313,18,2.0827627419010617,32.0,0.21958168037935794,6.215072908134323e-16,18
72,1,32,reply_null,6,722314,0,0.0,0.0,0.0,0.0,18
72,1,32,reply_null,6,722314,1,0.27089703344330807,1.7777777777777777,0.00972312687051932,3.3306690738754696e-16,18
72,1,32,reply_null,6,722314,2,0.4128061759173628,3.5555555555555554,0.015970378726809203,2.228496422932841e-16,18
72,1,32,reply_null,6,722314,3,0.4154155695096661,5.333333333333333,0.016093756180648077,2.307451409116525e-16,18
72,1,32,reply_null,6,722314,4,0.4179355099526866,7.111111111111111,0.01621321007170575,2.455576299906491e-16,18
72,1,32,reply_null,6,722314,5,0.43222759433334024,8.88888888888889,0.016896428956308038,4.455717731360778e-16,18
72,1,32,reply_null,6,722314,6,1.0687285296898268,10.666666666666666,0.059739844908008155,4.717362811863639e-16,18
72,1,32,reply_null,6,722314,7,1.437395125449399,12.444444444444445,0.10030361690456317,4.760770585629389e-16,18
72,1,32,reply_null,6,722314,8,1.8449167509224655,14.222222222222221,0.16648665637061008,4.856185769618699e-16,18
72,1,32,reply_null,6,722314,9,1.8957034501590915,16.0,0.17678843085103424,4.874705478610233e-16,18
72,1,32,reply_null,6,722314,10,2.023879810879744,17.77777777777778,0.20523840684843977,4.87473300936875e-16,18
72,1,32,reply_null,6,722314,11,2.0586072336584356,19.555555555555557,0.21359530668489496,4.875336225084344e-16,18
72,1,32,reply_null,6,722314,12,2.0590480201791337,21.333333333333332,0.21370325498506798,4.895383048792021e-16,18
72,1,32,reply_null,6,722314,13,2.066344558376673,23.11111111111111,0.21549710224559052,4.8968070479493e-16,18
72,1,32,reply_null,6,722314,14,2.066365577739281,24.88888888888889,0.21550228876691366,4.957236727624224e-16,18
72,1,32,reply_null,6,722314,15,2.1311489081619652,26.666666666666668,0.2320168836405954,4.958214647833982e-16,18
72,1,32,reply_null,6,722314,16,2.185463628315023,28.444444444444443,0.24671160829547403,5.04369727603273e-16,18
72,1,32,reply_null,6,722314,17,2.187678216715544,30.22222222222222,0.24732786097014547,5.044010606364116e-16,18
72,1,32,reply_null,6,722314,18,2.2443669227818597,32.0,0.2635762792449821,5.045255464379785e-16,18
72,1,32,reply_null,7,722315,0,0.0,0.0,0.0,0.0,18
72,1,32,reply_null,7,722315,1,0.7948367046293392,1.7777777777777777,0.03793998182386067,2.220446049250313e-16,18
72,1,32,reply_null,7,722315,2,0.9248196737396596,3.5555555555555554,0.047544173196428854,2.2398840412957646e-16,18
72,1,32,reply_null,7,722315,3,0.9265416354709242,5.333333333333333,0.047679970632759035,2.2525899548308024e-16,18
72,1,32,reply_null,7,722315,4,1.079337512633728,7.111111111111111,0.060710293253657226,4.458048972352348e-16,18
72,1,32,reply_null,7,722315,5,1.081822655713413,8.88888888888889,0.060939111945873,4.507789711230317e-16,18
72,1,32,reply_null,7,722315,6,1.3513011734196207,10.666666666666666,0.08945149928418611,4.509988568825929e-16,18
72,1,32,reply_null,7,722315,7,1.3547456172165584,12.444444444444445,0.08986796565041945,4.512059368499157e-16,18
72,1,32,reply_null,7,722315,8,1.4278379856781085,14.222222222222221,0.09905232948900537,4.523738122955543e-16,18
72,1,32,reply_null,7,722315,9,1.4512123758386464,16.0,0.1021339420797311,4.551934121179344e-16,18
72,1,32,reply_null,7,722315,10,1.547520091468084,17.77777777777778,0.11561877009883903,4.553059092461926e-16,18
72,1,32,reply_null,7,722315,11,1.5700844312196331,19.555555555555557,0.11897043881491934,4.566836176339325e-16,18
72,1,32,reply_null,7,722315,12,1.5809275952151194,21.333333333333332,0.12060816669829173,4.588780050753829e-16,18
72,1,32,reply_null,7,722315,13,1.660537677191672,23.11111111111111,0.13319185675915657,4.770431847901955e-16,18
72,1,32,reply_null,7,722315,14,1.941390471785797,24.88888888888889,0.1865135514909663,4.77045586280047e-16,18
72,1,32,reply_null,7,722315,15,1.948511671495956,26.666666666666668,0.188069823917368,4.792492268068137e-16,18
72,1,32,reply_null,7,722315,16,1.95829258919321,28.444444444444443,0.1902254981150049,7.008751613716739e-16,18
72,1,32,reply_null,7,722315,17,2.1649398931263573,30.22222222222222,0.2410649414099025,7.016564668978143e-16,18
72,1,32,reply_null,7,722315,18,2.213556312754645,32.0,0.2546310138995971,7.016588005501384e-16,18
72,3,2,random,0,722316,0,0.0,0.0,0.0,0.0,18
72,3,2,random,0,722316,1,0.009195623469988723,0.1111111111111111,0.013857049665261781,4.440892098500626e-16,18
72,3,2,random,0,722316,2,0.01449978580443544,0.2222222222222222,0.021885261388222967,4.467068823717452e-16,18
72,3,2,random,0,722316,3,0.044752485691728836,0.3333333333333333,0.0680194845632551,8.887418539386886e-16,18
72,3,2,random,0,722316,4,0.06544318733118422,0.4444444444444444,0.09952175166355767,8.890438186962644e-16,18
72,3,2,random,0,722316,5,0.10893791692539019,0.5555555555555556,0.1674836042540635,8.927920560210857e-16,18
72,3,2,random,0,722316,6,0.1293556627722203,0.6666666666666666,0.19889203476305958,8.929281372787445e-16,18
72,3,2,random,0,722316,7,0.16487097692931207,0.7777777777777778,0.2551589468087436,8.92953342551616e-16,18
72,3,2,random,0,722316,8,0.19463096256882365,0.8888888888888888,0.3022892039770575,8.961645794934074e-16,18
72,3,2,random,0,722316,9,0.2028428720397352,1.0,0.3154066717469772,8.985311676540882e-16,18
72,3,2,random,0,722316,10,0.22042896871304044,1.1111111111111112,0.34392281312010853,8.986401677347152e-16,18
72,3,2,random,0,722316,11,0.22669484792910466,1.2222222222222223,0.35404221907667505,8.986793850132305e-16,18
72,3,2,random,0,722316,12,0.25220067648692185,1.3333333333333333,0.3960804773519916,8.972348095150347e-16,18
72,3,2,random,0,722316,13,0.26281176912686444,1.4444444444444444,0.4131108416144222,8.972749695045902e-16,18
72,3,2,random,0,722316,14,0.2950345908674347,1.5555555555555556,0.4674594002391706,8.9745510877361e-16,18
72,3,2,random,0,722316,15,0.3005328951585564,1.6666666666666667,0.47651154101688925,8.974568112905638e-16,18
72,3,2,random,0,722316,16,0.31174602163857346,1.7777777777777777,0.4947029022380078,9.008770369936396e-16,18
72,3,2,random,0,722316,17,0.37343885981129293,1.8888888888888888,0.6008952444986354,9.018707966359069e-16,18
72,3,2,random,0,722316,18,0.3782533759215304,2.0,0.6092299522807046,9.01872516113105e-16,18
72,3,2,random,1,722317,0,0.0,0.0,0.0,0.0,18
72,3,2,random,1,722317,1,0.02046795402954069,0.1111111111111111,0.03101828861179721,2.220446049250313e-16,18
72,3,2,random,1,722317,2,0.024820387729956164,0.2222222222222222,0.03756244173608774,3.3325346163910126e-16,18
72,3,2,random,1,722317,3,0.05308722002868317,0.3333333333333333,0.08063538222336637,3.3327247102694784e-16,18
72,3,2,random,1,722317,4,0.0641438183775731,0.4444444444444444,0.09763439041178452,3.333280657848805e-16,18
72,3,2,random,1,722317,5,0.08433230616100548,0.5555555555555556,0.12906081669966882,3.348010873278588e-16,18
72,3,2,random,1,722317,6,0.09519834836323851,0.6666666666666666,0.14586224701035372,3.360047786601427e-16,18
72,3,2,random,1,722317,7,0.10401140086671615,0.7777777777777778,0.1597204310570218,3.360368096492879e-16,18
72,3,2,random,1,722317,8,0.13786838833277285,0.8888888888888888,0.21324211773542495,3.3658374616162535e-16,18
72,3,2,random,1,722317,9,0.16775953305257488,1.0,0.26145841777075557,4.615011454402294e-16,18
72,3,2,random,1,722317,10,0.1985773852788587,1.1111111111111112,0.31059005209467255,4.616737574129641e-16,18
72,3,2,random,1,722317,11,0.2069941383029846,1.2222222222222223,0.3240362275975527,4.618830378217287e-16,18
72,3,2,random,1,722317,12,0.22358625500031018,1.3333333333333333,0.350949667721027,3.4055198474799377e-16,18
72,3,2,random,1,722317,13,0.25001173639922103,1.4444444444444444,0.39445001599894153,3.4073712170702663e-16,18
72,3,2,random,1,722317,14,0.2955912335237526,1.5555555555555556,0.4724134902271427,3.4099066406937297e-16,18
72,3,2,random,1,722317,15,0.29847950636700366,1.6666666666666667,0.4771847088516951,3.5012905506036754e-16,18
72,3,2,random,1,722317,16,0.34339376004641387,1.7777777777777777,0.5530587512180132,6.751815735907683e-16,18
72,3,2,random,1,722317,17,0.38455830727560303,1.8888888888888888,0.6238010395061704,6.756631338424296e-16,18
72,3,2,random,1,722317,18,0.4043925058467415,2.0,0.6588721603584606,6.761487847127923e-16,18
72,3,2,random,2,722318,0,0.0,0.0,0.0,0.0,18
72,3,2,random,2,722318,1,0.051920125361011954,0.1111111111111111,0.07993741179955424,0.0,18
72,3,2,random,2,722318,2,0.13237030562272295,0.2222222222222222,0.20564196745374835,2.274050720093275e-16,18
72,3,2,random,2,722318,3,0.1738906723825576,0.3333333333333333,0.2723412584082642,2.436424107594338e-16,18
72,3,2,random,2,722318,4,0.18135366778593665,0.4444444444444444,0.28427178143779086,2.4365566435338727e-16,18
72,3,2,random,2,722318,5,0.21657617491320044,0.5555555555555556,0.34192475361950614,2.4505094932691295e-16,18
72,3,2,random,2,722318,6,0.24337035134119844,0.6666666666666666,0.3840106050574735,3.4101026983708533e-16,18
72,3,2,random,2,722318,7,0.27417678844495896,0.7777777777777778,0.4360994604611389,3.428873300701723e-16,18
72,3,2,random,2,722318,8,0.2885055927937621,0.8888888888888888,0.4585023521723621,4.525614959145425e-16,18
72,3,2,random,2,722318,9,0.3137699396084525,1.0,0.5020503904917065,8.917896554745903e-16,18
72,3,2,random,2,722318,10,0.3316610462256372,1.1111111111111112,0.5311918809045117,8.934770273343422e-16,18
72,3,2,random,2,722318,11,0.343049125328739,1.2222222222222223,0.5503936033644633,8.94050178258591e-16,18
72,3,2,random,2,722318,12,0.37706187430011984,1.3333333333333333,0.6107454365132045,4.553241634753196e-16,18
72,3,2,random,2,722318,13,0.3967015277571435,1.4444444444444444,0.6454134934289443,4.555718155924991e-16,18
72,3,2,random,2,722318,14,0.4027527280974413,1.5555555555555556,0.6562076142898556,4.632284057477103e-16,18
72,3,2,random,2,722318,15,0.4209742296477136,1.6666666666666667,0.6870040161958547,4.87140972030184e-16,18
72,3,2,random,2,722318,16,0.42842941999329154,1.7777777777777777,0.6993274179873104,8.982707498405323e-16,18
72,3,2,random,2,722318,17,0.43634953060033876,1.8888888888888888,0.7133780942275079,8.98818228311664e-16,18
72,3,2,random,2,722318,18,0.4475693457795643,2.0,0.7320151934342506,8.989275280840017e-16,18
72,3,2,random,3,722319,0,0.0,0.0,0.0,0.0,18
72,3,2,random,3,722319,1,0.04316427457087045,0.1111111111111111,0.0661641020805001,4.440892098500626e-16,18
72,3,2,random,3,722319,2,0.1364594245997377,0.2222222222222222,0.2138409883614234,6.6614517675310745e-16,18
72,3,2,random,3,722319,3,0.15688855573458296,0.3333333333333333,0.24542018458921072,6.66306098232828e-16,18
72,3,2,random,3,722319,4,0.20356673533353564,0.4444444444444444,0.320320116369386,6.688556462330914e-16,18
72,3,2,random,3,722319,5,0.2050377231021267,0.5555555555555556,0.3226600153318815,6.688861571574106e-16,18
72,3,2,random,3,722319,6,0.21919743660604682,0.6666666666666666,0.34499823606464314,6.688994912489498e-16,18
72,3,2,random,3,722319,7,0.2534623322434356,0.7777777777777778,0.4007405336039523,6.721087848733372e-16,18
72,3,2,random,3,722319,8,0.2936098951836158,0.8888888888888888,0.4650087062649503,6.722727975063275e-16,18
72,3,2,random,3,722319,9,0.2949220003227228,1.0,0.46720084032501097,6.726604031965851e-16,18
72,3,2,random,3,722319,10,0.30359496070063163,1.1111111111111112,0.48160623041106465,6.734938313525987e-16,18
72,3,2,random,3,722319,11,0.3160566174369099,1.2222222222222223,0.5023610080491393,6.751824983018914e-16,18
72,3,2,random,3,722319,12,0.3431109742064949,1.3333333333333333,0.5474105223787318,6.765954281909331e-16,18
72,3,2,random,3,722319,13,0.39648199061705575,1.4444444444444444,0.6366433517475918,6.767613565996467e-16,18
72,3,2,random,3,722319,14,0.4144561919211109,1.5555555555555556,0.6681574509719976,6.767650011430521e-16,18
72,3,2,random,3,722319,15,0.4243810434951303,1.6666666666666667,0.685326800507234,6.7690064862954705e-16,18
72,3,2,random,3,722319,16,0.45875039730896117,1.7777777777777777,0.7445719367811768,6.786027524288737e-16,18
72,3,2,random,3,722319,17,0.5045607628199484,1.8888888888888888,0.8266414718778572,6.787365212263925e-16,18
72,3,2,random,3,722319,18,0.513229327458677,2.0,0.842005069931155,6.791263212753444e-16,18
72,3,2,random,4,722320,0,0.0,0.0,0.0,0.0,18
72,3,2,random,4,722320,1,0.09257378515263433,0.1111111111111111,0.14549112067483164,0.0,18
72,3,2,random,4,722320,2,0.11786317516026919,0.2222222222222222,0.18494653528223454,3.3313609652602306e-16,18
72,3,2,random,4,722320,3,0.13749690292112599,0.3333333333333333,0.2151014806856567,6.6635073291187e-16,18
72,3,2,random,4,722320,4,0.17313806159735604,0.4444444444444444,0.27157366455309145,6.669121691372056e-16,18
72,3,2,random,4,722320,5,0.21185804895318103,0.5555555555555556,0.33479524988921333,6.669550234622897e-16,18
72,3,2,random,4,722320,6,0.2802463725469967,0.6666666666666666,0.4478994354586813,6.670019695971371e-16,18
72,3,2,random,4,722320,7,0.3199655594036542,0.7777777777777778,0.514151101715262,6.670854461200062e-16,18
72,3,2,random,4,722320,8,0.3328610428027382,0.8888888888888888,0.5366072168679148,6.670961718939767e-16,18
72,3,2,random,4,722320,9,0.33754474176338783,1.0,0.5445727808907822,6.743672156794194e-16,18
72,3,2,random,4,722320,10,0.359507232693396,1.1111111111111112,0.5804998116419916,6.745667728774647e-16,18
72,3,2,random,4,722320,11,0.3723479376178209,1.2222222222222223,0.6014153159335394,6.7457449640926955e-16,18
72,3,2,random,4,722320,12,0.3736986883258755,1.3333333333333333,0.603659811963027,6.949972548933508e-16,18
72,3,2,random,4,722320,13,0.39754814839795233,1.4444444444444444,0.6440845277391041,6.9499751465559e-16,18
72,3,2,random,4,722320,14,0.4077404079584488,1.5555555555555556,0.6619392539445691,6.950479820906635e-16,18
72,3,2,random,4,722320,15,0.4190284668892181,1.6666666666666667,0.6819523014487912,6.95092783633683e-16,18
72,3,2,random,4,722320,16,0.43278832752697033,1.7777777777777777,0.7045245035487901,6.832385352746859e-16,18
72,3,2,random,4,722320,17,0.442585212818135,1.8888888888888888,0.7209188025323776,6.837127807182848e-16,18
72,3,2,random,4,722320,18,0.4601038920000338,2.0,0.7526470352162332,6.838143055812264e-16,18
72,3,2,random,5,722321,0,0.0,0.0,0.0,0.0,18
72,3,2,random,5,722321,1,0.02400868868278178,0.1111111111111111,0.036448826494400816,2.220446049250313e-16,18
72,3,2,random,5,722321,2,0.04793575455828955,0.2222222222222222,0.07285772573393588,2.233030171052116e-16,18
72,3,2,random,5,722321,3,0.09318283490869725,0.3333333333333333,0.14422004016864887,2.2798016181609327e-16,18
72,3,2,random,5,722321,4,0.11986680247555279,0.4444444444444444,0.185274734393769,2.2799843288070456e-16,18
72,3,2,random,5,722321,5,0.12104687500589575,0.5555555555555556,0.1871296788544657,2.3517319905878323e-16,18
72,3,2,random,5,722321,6,0.13990224110375976,0.6666666666666666,0.21630201730999607,3.4557311939806875e-16,18
72,3,2,random,5,722321,7,0.15967155233847546,0.7777777777777778,0.247725525353782,4.529277997270609e-16,18
72,3,2,random,5,722321,8,0.17838551678461714,0.8888888888888888,0.2777886917006884,4.717940697877057e-16,18
72,3,2,random,5,722321,9,0.18713375809799426,1.0,0.2916879016164681,4.722544711646699e-16,18
72,3,2,random,5,722321,10,0.21369564137305042,1.1111111111111112,0.335879593948296,4.749800210605329e-16,18
72,3,2,random,5,722321,11,0.22412742845777928,1.2222222222222223,0.3533695784291721,4.750582080248949e-16,18
72,3,2,random,5,722321,12,0.24577762124896335,1.3333333333333333,0.38874176486727297,4.737279216101331e-16,18
72,3,2,random,5,722321,13,0.28155531038272463,1.4444444444444444,0.44592510818303754,4.756657333746479e-16,18
72,3,2,random,5,722321,14,0.30136218636654266,1.5555555555555556,0.4779428150342501,4.756657394263829e-16,18
72,3,2,random,5,722321,15,0.31596768236071865,1.6666666666666667,0.5022970020489934,4.87770086873268e-16,18
72,3,2,random,5,722321,16,0.34809120485553985,1.7777777777777777,0.5566639209799862,5.222251442756892e-16,18
72,3,2,random,5,722321,17,0.35084825805197883,1.8888888888888888,0.5614533488263519,5.235660111073828e-16,18
72,3,2,random,5,722321,18,0.3701322620283355,2.0,0.5940562454644408,5.264241174555479e-16,18
72,3,2,random,6,722322,0,0.0,0.0,0.0,0.0,18
72,3,2,random,6,722322,1,0.0693595438007797,0.1111111111111111,0.1077322599851868,2.220446049250313e-16,18
72,3,2,random,6,722322,2,0.17415182661870793,0.2222222222222222,0.27345401441448103,1.7167516892232676e-17,18
72,3,2,random,6,722322,3,0.20310602835092206,0.3333333333333333,0.322202741819407,2.338539967608081e-16,18
72,3,2,random,6,722322,4,0.223366373416298,0.4444444444444444,0.35343488207248863,2.3520122924094574e-16,18
72,3,2,random,6,722322,5,0.25682309729976605,0.5555555555555556,0.4057857694672566,6.678314867311958e-16,18
72,3,2,random,6,722322,6,0.2881096769867915,0.6666666666666666,0.45795037335887095,6.744132854119338e-16,18
72,3,2,random,6,722322,7,0.2884156983241457,0.7777777777777778,0.4584618261923704,6.744143885244026e-16,18
72,3,2,random,6,722322,8,0.29661742979787803,0.8888888888888888,0.4716388358698982,6.745461477521595e-16,18
72,3,2,random,6,722322,9,0.2996257339235063,1.0,0.4764204796113116,6.75328784450719e-16,18
72,3,2,random,6,722322,10,0.31021094702889507,1.1111111111111112,0.4942710606224424,6.768040452992244e-16,18
72,3,2,random,6,722322,11,0.3162590865322022,1.2222222222222223,0.504226414247479,6.779862204587186e-16,18
72,3,2,random,6,722322,12,0.35410016957640317,1.3333333333333333,0.5655828615884947,6.77647874511701e-16,18
72,3,2,random,6,722322,13,0.3794079263062193,1.4444444444444444,0.6084350680572416,6.776944328729787e-16,18
72,3,2,random,6,722322,14,0.40028270632503254,1.5555555555555556,0.6442095874626133,6.845008418074735e-16,18
72,3,2,random,6,722322,15,0.41916469884618357,1.6666666666666667,0.6769393779124677,6.84764772459152e-16,18
72,3,2,random,6,722322,16,0.44374578254155095,1.7777777777777777,0.7190483516498417,6.820552292158402e-16,18
72,3,2,random,6,722322,17,0.47039961075479364,1.8888888888888888,0.765261430987775,6.82101832374026e-16,18
72,3,2,random,6,722322,18,0.5076299229887192,2.0,0.8325187398911755,6.822498282164327e-16,18
72,3,2,random,7,722323,0,0.0,0.0,0.0,0.0,18
72,3,2,random,7,722323,1,0.0022377587643951083,0.1111111111111111,0.0033603966228065497,0.0,18
72,3,2,random,7,722323,2,0.008277743540119821,0.2222222222222222,0.012456736649184594,1.6171450844462426e-17,18
72,3,2,random,7,722323,3,0.09832298180024802,0.3333333333333333,0.1544422782741652,4.482218995240616e-16,18
72,3,2,random,7,722323,4,0.12170073068805723,0.4444444444444444,0.19286936131344948,6.696910235658558e-16,18
72,3,2,random,7,722323,5,0.15971983784644933,0.5555555555555556,0.25328734202155323,6.699125876989441e-16,18
72,3,2,random,7,722323,6,0.2258890492145735,0.6666666666666666,0.35720888559481806,6.700285225465012e-16,18
72,3,2,random,7,722323,7,0.23607255795970872,0.7777777777777778,0.3738317030996468,6.711650658421564e-16,18
72,3,2,random,7,722323,8,0.2395588867397345,0.8888888888888888,0.3792086098130201,6.712096481377907e-16,18
72,3,2,random,7,722323,9,0.2515944104484661,1.0,0.3981078650389026,6.715437140907003e-16,18
72,3,2,random,7,722323,10,0.2903075510064796,1.1111111111111112,0.4645524286534756,6.715437717114225e-16,18
72,3,2,random,7,722323,11,0.35751789374753173,1.2222222222222223,0.5773938882812002,6.719243905993655e-16,18
72,3,2,random,7,722323,12,0.37365781585476066,1.3333333333333333,0.6046012150465402,6.736034614389103e-16,18
72,3,2,random,7,722323,13,0.4140050000633759,1.4444444444444444,0.6730428727043434,6.739723335340264e-16,18
72,3,2,random,7,722323,14,0.4203441293458912,1.5555555555555556,0.6843618788715063,6.745874700295301e-16,18
72,3,2,random,7,722323,15,0.4497046149356767,1.6666666666666667,0.7371935438275694,6.747981662115935e-16,18
72,3,2,random,7,722323,16,0.4649013257677492,1.7777777777777777,0.7640817793263399,6.749579834132866e-16,18
72,3,2,random,7,722323,17,0.5059813809034464,1.8888888888888888,0.8388740980933829,6.750554279584746e-16,18
72,3,2,random,7,722323,18,0.5077988191060564,2.0,0.8421330494055089,6.752260290396228e-16,18
72,3,2,krylov,0,722324,0,0.0,0.0,0.0,0.0,18
72,3,2,krylov,0,722324,1,0.10568900337605101,0.1111111111111111,0.16721423612703928,1.1102230246251565e-16,18
72,3,2,krylov,0,722324,2,0.18044531154234428,0.2222222222222222,0.29662592483316863,5.012084000476555e-16,18
72,3,2,krylov,0,722324,3,0.2447857392523352,0.3333333333333333,0.4160213976469504,5.015306417015527e-16,18
72,3,2,krylov,0,722324,4,0.27649084036931615,0.4444444444444444,0.47774231360449265,5.02862529761348e-16,18
72,3,2,krylov,0,722324,5,0.30381045215735214,0.5555555555555556,0.5325182881629881,5.030741934911266e-16,18
72,3,2,krylov,0,722324,6,0.3326343452075344,0.6666666666666666,0.5919558741458145,5.0462485918892035e-16,18
72,3,2,krylov,0,722324,7,0.35347965306694124,0.7777777777777778,0.636021018508219,5.611946865330183e-16,18
72,3,2,krylov,0,722324,8,0.3754017537677125,0.8888888888888888,0.6833641205084656,5.631204627153874e-16,18
72,3,2,krylov,0,722324,9,0.40150790762237665,1.0,0.7411138925572716,5.631300790886824e-16,18
72,3,2,krylov,0,722324,10,0.4185309193508944,1.1111111111111112,0.7795909693376961,5.660848227670683e-16,18
72,3,2,krylov,0,722324,11,0.43003243602172236,1.2222222222222223,0.8059610803130814,5.674686133963909e-16,18
72,3,2,krylov,0,722324,12,0.4396650196635763,1.3333333333333333,0.8282807688468621,5.684505094353648e-16,18
72,3,2,krylov,0,722324,13,0.44706398779161827,1.4444444444444444,0.8455715320702519,5.697775984371248e-16,18
72,3,2,krylov,0,722324,14,0.4508975508860077,1.5555555555555556,0.8545806860776419,5.706615661683267e-16,18
72,3,2,krylov,0,722324,15,0.4542255665432771,1.6666666666666667,0.8624298212450309,5.735150392381478e-16,18
72,3,2,krylov,0,722324,16,0.4574382727019433,1.7777777777777777,0.8700318190350667,5.682935510300604e-16,18
72,3,2,krylov,0,722324,17,0.46042403547711414,1.8888888888888888,0.8771187464935438,5.6919718345247e-16,18
72,3,2,krylov,0,722324,18,0.46365259047382457,2.0,0.8848058074726601,5.693761156724722e-16,18
72,3,2,krylov,1,722325,0,0.0,0.0,0.0,0.0,18
72,3,2,krylov,1,722325,1,0.04006189090697289,0.1111111111111111,0.06131278936295411,2.220446049250313e-16,18
72,3,2,krylov,1,722325,2,0.07317102855176785,0.2222222222222222,0.11387179992658833,4.44209021617779e-16,18
72,3,2,krylov,1,722325,3,0.09350054948527232,0.3333333333333333,0.14701681002318054,4.444141800454097e-16,18
72,3,2,krylov,1,722325,4,0.10804444706512242,0.4444444444444444,0.17114589395939384,4.448202866408326e-16,18
72,3,2,krylov,1,722325,5,0.12716375226021595,0.5555555555555556,0.20340444016238696,4.662764527391782e-16,18
72,3,2,krylov,1,722325,6,0.14488717971429352,0.6666666666666666,0.2338637293656241,4.687207780482814e-16,18
72,3,2,krylov,1,722325,7,0.16459375939173465,0.7777777777777778,0.26837114795812905,4.693999955679087e-16,18
72,3,2,krylov,1,722325,8,0.1814081782581621,0.8888888888888888,0.29835666924134213,4.700024803067833e-16,18
72,3,2,krylov,1,722325,9,0.19829352059735286,1.0,0.3289803553593254,4.702736644506406e-16,18
72,3,2,krylov,1,722325,10,0.2214451879235964,1.1111111111111112,0.37181827127318545,4.942754257512513e-16,18
72,3,2,krylov,1,722325,11,0.23871329833309937,1.2222222222222223,0.40442172571534774,4.9844254436660475e-16,18
72,3,2,krylov,1,722325,12,0.2569312512302427,1.3333333333333333,0.43943435182994717,5.011434189731001e-16,18
72,3,2,krylov,1,722325,13,0.2753213284390687,1.4444444444444444,0.47543067238325015,5.020405037340794e-16,18
72,3,2,krylov,1,722325,14,0.2917195756180634,1.5555555555555556,0.5080913297255724,5.024006042106052e-16,18
72,3,2,krylov,1,722325,15,0.3118614701870758,1.6666666666666667,0.5489481794751391,5.035532396334636e-16,18
72,3,2,krylov,1,722325,16,0.33376536335686763,1.7777777777777777,0.594323252728787,5.005420503446975e-16,18
72,3,2,krylov,1,722325,17,0.3526834546647292,1.8888888888888888,0.6343209988524665,5.018917562800298e-16,18
72,3,2,krylov,1,722325,18,0.3699051876602809,2.0,0.6713960370961921,5.02413077059204e-16,18
72,3,2,krylov,2,722326,0,0.0,0.0,0.0,0.0,18
72,3,2,krylov,2,722326,1,0.009464958351641361,0.1111111111111111,0.014264839088065103,2.220446049250313e-16,18
72,3,2,krylov,2,722326,2,0.018972557675713483,0.2222222222222222,0.02873052043178954,2.236370240676656e-16,18
72,3,2,krylov,2,722326,3,0.026996562289972662,0.3333333333333333,0.04104640646544412,2.52449321569232e-16,18
72,3,2,krylov,2,722326,4,0.037364735039086897,0.4444444444444444,0.057107359311107345,4.463054834995438e-16,18
72,3,2,krylov,2,722326,5,0.05166313323345874,0.5555555555555556,0.07953143249167301,4.469133369183971e-16,18
72,3,2,krylov,2,722326,6,0.0707528918315848,0.6666666666666666,0.10997395192955534,4.483777276026774e-16,18
72,3,2,krylov,2,722326,7,0.08768909515356038,0.7777777777777778,0.13747300560017492,4.491835791165106e-16,18
72,3,2,krylov,2,722326,8,0.10476135373534898,0.8888888888888888,0.1656683625653057,4.578426415492051e-16,18
72,3,2,krylov,2,722326,9,0.1236806573213166,1.0,0.19748164160073037,4.644969251721654e-16,18
72,3,2,krylov,2,722326,10,0.13595541341115358,1.1111111111111112,0.21844621902914,4.657032893852208e-16,18
72,3,2,krylov,2,722326,11,0.1449682664916108,1.2222222222222223,0.23400432848803437,5.597084678785787e-16,18
72,3,2,krylov,2,722326,12,0.15153783470514964,1.3333333333333333,0.24543348942669563,4.64492574097783e-16,18
72,3,2,krylov,2,722326,13,0.15932531852414614,1.4444444444444444,0.2590790879603681,4.64582927758435e-16,18
72,3,2,krylov,2,722326,14,0.1659019720434569,1.5555555555555556,0.2706860673400888,4.696790567648755e-16,18
72,3,2,krylov,2,722326,15,0.17549485967608586,1.6666666666666667,0.2877537933196971,6.850288407987153e-16,18
72,3,2,krylov,2,722326,16,0.18502609536229217,1.7777777777777777,0.3048747584377319,6.87721107048171e-16,18
72,3,2,krylov,2,722326,17,0.19719165752382548,1.8888888888888888,0.3269661793204335,6.877212826582873e-16,18
72,3,2,krylov,2,722326,18,0.20881708839974555,2.0,0.34832938598825053,6.878231904557311e-16,18
72,3,2,krylov,3,722327,0,0.0,0.0,0.0,0.0,18
72,3,2,krylov,3,722327,1,0.0006724758518044981,0.1111111111111111,0.001009053021575644,2.220446049250313e-16,18
72,3,2,krylov,3,722327,2,0.001624780254731489,0.2222222222222222,0.002439151388009284,4.45057317375363e-16,18
72,3,2,krylov,3,722327,3,0.0025915164508675537,0.3333333333333333,0.0038923159983875336,4.450595712535176e-16,18
72,3,2,krylov,3,722327,4,0.0037273147458025224,0.4444444444444444,0.005601404732965903,4.451387181104813e-16,18
72,3,2,krylov,3,722327,5,0.00504724814863751,0.5555555555555556,0.007590010443263018,4.495745495789145e-16,18
72,3,2,krylov,3,722327,6,0.006977480636691387,0.6666666666666666,0.010502819955483883,4.537983555546916e-16,18
72,3,2,krylov,3,722327,7,0.008603351339951031,0.7777777777777778,0.012960699793609884,4.544135865283897e-16,18
72,3,2,krylov,3,722327,8,0.010181291211038921,0.8888888888888888,0.015349945352370794,4.580236799343922e-16,18
72,3,2,krylov,3,722327,9,0.011962083487198131,1.0,0.01805087301252085,4.580793584483023e-16,18
72,3,2,krylov,3,722327,10,0.014463278309789001,1.1111111111111112,0.021852566402498882,4.580804577974901e-16,18
72,3,2,krylov,3,722327,11,0.01771140769046156,1.2222222222222223,0.026803777169984694,4.587344907385361e-16,18
72,3,2,krylov,3,722327,12,0.021277654640431964,1.3333333333333333,0.032258457070195014,4.61516108968105e-16,18
72,3,2,krylov,3,722327,13,0.025277480555500206,1.4444444444444444,0.03839949751438478,4.624404676858926e-16,18
72,3,2,krylov,3,722327,14,0.02869452146532202,1.5555555555555556,0.04366526307755368,4.639888363399311e-16,18
72,3,2,krylov,3,722327,15,0.03754242186371978,1.6666666666666667,0.05738406135582197,4.640450411081206e-16,18
72,3,2,krylov,3,722327,16,0.04398994088717447,1.7777777777777777,0.06745776501885595,4.691609459988645e-16,18
72,3,2,krylov,3,722327,17,0.052170321789819216,1.8888888888888888,0.08033275595251146,4.694189411464169e-16,18
72,3,2,krylov,3,722327,18,0.05974352314906087,2.0,0.09234636745906145,4.69745290731433e-16,18
72,3,2,krylov,4,722328,0,0.0,0.0,0.0,0.0,18
72,3,2,krylov,4,722328,1,0.03406212461248001,0.1111111111111111,0.05197332283860394,0.0,18
72,3,2,krylov,4,722328,2,0.0598558634612749,0.2222222222222222,0.0925252621954914,6.399854198999506e-18,18
72,3,2,krylov,4,722328,3,0.08483640342718873,0.3333333333333333,0.1328084563287829,3.5273198561364525e-17,18
72,3,2,krylov,4,722328,4,0.10856238496832418,0.4444444444444444,0.17201166794888448,3.36958101097691e-16,18
72,3,2,krylov,4,722328,5,0.12810221916512732,0.5555555555555556,0.20500377920115723,3.396745791885556e-16,18
72,3,2,krylov,4,722328,6,0.1421146228249108,0.6666666666666666,0.22906315155026571,3.4183456970888493e-16,18
72,3,2,krylov,4,722328,7,0.16340980093302246,0.7777777777777778,0.2662787089042436,3.430769504984611e-16,18
72,3,2,krylov,4,722328,8,0.18539819658694728,0.8888888888888888,0.30554647951206126,3.4422067997633977e-16,18
72,3,2,krylov,4,722328,9,0.19875448542498342,1.0,0.32982364532214636,3.4557285498102503e-16,18
72,3,2,krylov,4,722328,10,0.20661310449275028,1.1111111111111112,0.3442601836421433,4.518918132488844e-16,18
72,3,2,krylov,4,722328,11,0.21288588538229572,1.2222222222222223,0.3558651834353486,4.51937421580852e-16,18
72,3,2,krylov,4,722328,12,0.2244285816778891,1.3333333333333333,0.37741098069182494,4.532161489415317e-16,18
72,3,2,krylov,4,722328,13,0.23827278745195257,1.4444444444444444,0.40358299197211134,4.532418720815524e-16,18
72,3,2,krylov,4,722328,14,0.2548947762205932,1.5555555555555556,0.4354887611516036,4.534946829290535e-16,18
72,3,2,krylov,4,722328,15,0.268256786739525,1.6666666666666667,0.4615243387965007,4.626547128376199e-16,18
72,3,2,krylov,4,722328,16,0.27835401723303826,1.7777777777777777,0.48143063225361266,4.924179525276798e-16,18
72,3,2,krylov,4,722328,17,0.28861158865133435,1.8888888888888888,0.5018598966672357,4.924179525310806e-16,18
72,3,2,krylov,4,722328,18,0.3004189529474413,2.0,0.5256366800749245,4.934357098870061e-16,18
72,3,2,krylov,5,722329,0,0.0,0.0,0.0,0.0,18
72,3,2,krylov,5,722329,1,0.012886519817737021,0.1111111111111111,0.01945486324094165,2.220446049250313e-16,18
72,3,2,krylov,5,722329,2,0.038496524650386714,0.2222222222222222,0.058870674906964855,4.469937862102753e-16,18
72,3,2,krylov,5,722329,3,0.06262003472755721,0.3333333333333333,0.09693336433398815,4.472728203808034e-16,18
72,3,2,krylov,5,722329,4,0.09312545753018608,0.4444444444444444,0.14639914311603508,4.602769215994031e-16,18
72,3,2,krylov,5,722329,5,0.1164468291137992,0.5555555555555556,0.18524665726031342,4.605062857193249e-16,18
72,3,2,krylov,5,722329,6,0.1413932886930326,0.6666666666666666,0.2278163690103418,4.659209826094952e-16,18
72,3,2,krylov,5,722329,7,0.17705695147217487,0.7777777777777778,0.2905486111663745,4.668673508222174e-16,18
72,3,2,krylov,5,722329,8,0.2115791817135079,0.8888888888888888,0.3534417013226998,4.679623339478558e-16,18
72,3,2,krylov,5,722329,9,0.24612615740910818,1.0,0.4185913895642397,4.679782375975681e-16,18
72,3,2,krylov,5,722329,10,0.2658331793781993,1.1111111111111112,0.45677613019043506,4.686855271642455e-16,18
72,3,2,krylov,5,722329,11,0.2827711872938634,1.2222222222222223,0.49020230704735285,4.692509967423741e-16,18
72,3,2,krylov,5,722329,12,0.3009022382566991,1.3333333333333333,0.526615877121013,4.699422694458534e-16,18
72,3,2,krylov,5,722329,13,0.3163096776017807,1.4444444444444444,0.5580826268561174,6.746713715420731e-16,18
72,3,2,krylov,5,722329,14,0.33237947521947014,1.5555555555555556,0.5914227653167464,6.7498530249712165e-16,18
72,3,2,krylov,5,722329,15,0.3433883319208524,1.6666666666666667,0.614574140107258,6.862194096038416e-16,18
72,3,2,krylov,5,722329,16,0.35658321361590284,1.7777777777777777,0.6426605868948603,6.88226938567373e-16,18
72,3,2,krylov,5,722329,17,0.3702992515465934,1.8888888888888888,0.6722518744735215,6.882604490475835e-16,18
72,3,2,krylov,5,722329,18,0.38420643248680836,2.0,0.7026728188210685,6.907727960152878e-16,18
72,3,2,krylov,6,722330,0,0.0,0.0,0.0,0.0,18
72,3,2,krylov,6,722330,1,0.021974593803474628,0.1111111111111111,0.03332672021080034,2.220446049250313e-16,18
72,3,2,krylov,6,722330,2,0.04050811105131071,0.2222222222222222,0.06200963404268403,2.2263631082544825e-16,18
72,3,2,krylov,6,722330,3,0.06338596395587949,0.3333333333333333,0.0981569708115781,2.2391995355954694e-16,18
72,3,2,krylov,6,722330,4,0.08079036027641147,0.4444444444444444,0.1262153897677184,4.443942328960963e-16,18
72,3,2,krylov,6,722330,5,0.09584835148289213,0.5555555555555556,0.1508882222562304,4.446832027105233e-16,18
72,3,2,krylov,6,722330,6,0.1099281515149732,0.6666666666666666,0.17429680567769856,4.447433258111275e-16,18
72,3,2,krylov,6,722330,7,0.12813085032014676,0.7777777777777778,0.20505259612750668,4.449541903782261e-16,18
72,3,2,krylov,6,722330,8,0.14002188511104793,0.8888888888888888,0.2254484595037789,4.514166774669961e-16,18
72,3,2,krylov,6,722330,9,0.15037423183935775,1.0,0.2434036791918788,6.713708407628026e-16,18
72,3,2,krylov,6,722330,10,0.16368174739069047,1.1111111111111112,0.2667591074607663,6.714857695708046e-16,18
72,3,2,krylov,6,722330,11,0.17329568631671927,1.2222222222222223,0.28382653275053693,6.718230747426312e-16,18
72,3,2,krylov,6,722330,12,0.18101533917320084,1.3333333333333333,0.2976503431982846,4.953068620289196e-16,18
72,3,2,krylov,6,722330,13,0.1873838728090199,1.4444444444444444,0.3091352721351727,4.953233255619128e-16,18
72,3,2,krylov,6,722330,14,0.19555689770070522,1.5555555555555556,0.3239819683110051,4.953687032488982e-16,18
72,3,2,krylov,6,722330,15,0.20293005987269563,1.6666666666666667,0.33748018427900733,4.962076704309929e-16,18
72,3,2,krylov,6,722330,16,0.21100239041887697,1.7777777777777777,0.3523729605340919,6.779677194193427e-16,18
72,3,2,krylov,6,722330,17,0.21635508064265904,1.8888888888888888,0.3623147230211591,6.782996004039562e-16,18
72,3,2,krylov,6,722330,18,0.2218431330385085,2.0,0.3725633004407688,6.796414846205754e-16,18
72,3,2,krylov,7,722331,0,0.0,0.0,0.0,0.0,18
72,3,2,krylov,7,722331,1,0.004623985145658404,0.1111111111111111,0.006952038392689074,1.1102230246251565e-16,18
72,3,2,krylov,7,722331,2,0.012329038777276972,0.2222222222222222,0.018608032030952827,1.1509081996849905e-17,18
72,3,2,krylov,7,722331,3,0.02216261422314423,0.3333333333333333,0.03361504404876009,2.243942144754056e-16,18
72,3,2,krylov,7,722331,4,0.032991481514761466,0.4444444444444444,0.05031260249068938,2.8137638729779795e-16,18
72,3,2,krylov,7,722331,5,0.050702732652826155,0.5555555555555556,0.07801517780926488,2.8899922727187716e-16,18
72,3,2,krylov,7,722331,6,0.06926331712287195,0.6666666666666666,0.10757756069406231,2.890191280672318e-16,18
72,3,2,krylov,7,722331,7,0.09313829617724523,0.7777777777777778,0.14642028078924144,3.0615270667521566e-16,18
72,3,2,krylov,7,722331,8,0.12335539148291344,0.8888888888888888,0.19692959859663328,3.0619169094633425e-16,18
72,3,2,krylov,7,722331,9,0.15418068539455174,1.0,0.2500525105305637,3.0969886248475516e-16,18
72,3,2,krylov,7,722331,10,0.18046194423332043,1.1111111111111112,0.2966558078054919,3.1042310635652196e-16,18
72,3,2,krylov,7,722331,11,0.21312504823535416,1.2222222222222223,0.35630909052843907,4.520732603562599e-16,18
72,3,2,krylov,7,722331,12,0.24741182751417123,1.3333333333333333,0.4210596515029339,4.564957933833343e-16,18
72,3,2,krylov,7,722331,13,0.2793168906333785,1.4444444444444444,0.48333941791602686,4.637530547089224e-16,18
72,3,2,krylov,7,722331,14,0.3020481175281098,1.5555555555555556,0.5289394652672162,4.661448584438235e-16,18
72,3,2,krylov,7,722331,15,0.32449291918675927,1.6666666666666667,0.574993512755585,4.661752720911011e-16,18
72,3,2,krylov,7,722331,16,0.3403978654041493,1.7777777777777777,0.6082600227280217,4.682210117395011e-16,18
72,3,2,krylov,7,722331,17,0.35772945421330904,1.8888888888888888,0.6451179995700473,4.709880369548134e-16,18
72,3,2,krylov,7,722331,18,0.3699561608883665,2.0,0.6715067229826401,4.718663820552571e-16,18
72,3,2,reply_null,0,722332,0,0.0,0.0,0.0,0.0,18
72,3,2,reply_null,0,722332,1,0.038337485764106005,0.1111111111111111,0.05862277356447112,0.0,18
72,3,2,reply_null,0,722332,2,0.0401154297246358,0.2222222222222222,0.061349938551619645,1.3081731656580284e-17,18
72,3,2,reply_null,0,722332,3,0.1062962813818858,0.3333333333333333,0.16483962452511858,3.3461631771098866e-16,18
72,3,2,reply_null,0,722332,4,0.14608363251878698,0.4444444444444444,0.22669342435417456,3.3489089247926385e-16,18
72,3,2,reply_null,0,722332,5,0.17120299208784232,0.5555555555555556,0.2677032799962525,3.3523952067286437e-16,18
72,3,2,reply_null,0,722332,6,0.19131991859428188,0.6666666666666666,0.2989575126867279,3.3540479923925593e-16,18
72,3,2,reply_null,0,722332,7,0.2065022719455097,0.7777777777777778,0.3231245535290231,3.3740769888222217e-16,18
72,3,2,reply_null,0,722332,8,0.24124929499759326,0.8888888888888888,0.37954357124369204,3.3838276540910024e-16,18
72,3,2,reply_null,0,722332,9,0.2611922739048522,1.0,0.41305091794518456,3.3839048888112276e-16,18
72,3,2,reply_null,0,722332,10,0.2716458841528491,1.1111111111111112,0.4295870041489259,5.27835092845685e-16,18
72,3,2,reply_null,0,722332,11,0.28793823137538127,1.2222222222222223,0.45546971328584956,5.303073232345634e-16,18
72,3,2,reply_null,0,722332,12,0.31228549690238505,1.3333333333333333,0.49590534194058156,3.399719479360227e-16,18
72,3,2,reply_null,0,722332,13,0.34800707153516475,1.4444444444444444,0.556325690473237,4.623867447118901e-16,18
72,3,2,reply_null,0,722332,14,0.35364846665771876,1.5555555555555556,0.5656415043319134,4.628966482739887e-16,18
72,3,2,reply_null,0,722332,15,0.3586321970546772,1.6666666666666667,0.5742142825171842,4.93758212578232e-16,18
72,3,2,reply_null,0,722332,16,0.3849403919464415,1.7777777777777777,0.6201564649755642,5.366931440024548e-16,18
72,3,2,reply_null,0,722332,17,0.4095652706350805,1.8888888888888888,0.6645847802295416,5.370797472930762e-16,18
72,3,2,reply_null,0,722332,18,0.45402030465487686,2.0,0.7411880875252151,6.803038735814391e-16,18
72,3,2,reply_null,1,722333,0,0.0,0.0,0.0,0.0,18
72,3,2,reply_null,1,722333,1,0.015344784325548033,0.1111111111111111,0.02319468004859963,0.0,18
72,3,2,reply_null,1,722333,2,0.09755020400139479,0.2222222222222222,0.1520577409957752,6.704117458483046e-16,18
72,3,2,reply_null,1,722333,3,0.11816111128454149,0.3333333333333333,0.18357724018769483,6.706475539293665e-16,18
72,3,2,reply_null,1,722333,4,0.12056229062182845,0.4444444444444444,0.18742220205500576,6.708957851581437e-16,18
72,3,2,reply_null,1,722333,5,0.12778244460357857,0.5555555555555556,0.19841447965963446,6.708971317885417e-16,18
72,3,2,reply_null,1,722333,6,0.1432794868218414,0.6666666666666666,0.22243965818896375,6.709572155382395e-16,18
72,3,2,reply_null,1,722333,7,0.15103908480645528,0.7777777777777778,0.23471896781666735,6.712831706405445e-16,18
72,3,2,reply_null,1,722333,8,0.1551725965329765,0.8888888888888888,0.24142173433891828,6.714565700926832e-16,18
72,3,2,reply_null,1,722333,9,0.18076853297871992,1.0,0.2810267654567359,6.717652812463097e-16,18
72,3,2,reply_null,1,722333,10,0.21609567078124262,1.1111111111111112,0.33797593769455575,6.720912372391097e-16,18
72,3,2,reply_null,1,722333,11,0.2529509046461215,1.2222222222222223,0.3969643852243819,6.728877508375129e-16,18
72,3,2,reply_null,1,722333,12,0.2646398410948887,1.3333333333333333,0.4163348218666278,6.843437914803428e-16,18
72,3,2,reply_null,1,722333,13,0.3589406316655316,1.4444444444444444,0.5755380662945018,6.843559248067632e-16,18
72,3,2,reply_null,1,722333,14,0.37314447153302915,1.5555555555555556,0.6006655252844356,6.862626844517713e-16,18
72,3,2,reply_null,1,722333,15,0.4489917729540285,1.6666666666666667,0.7303917933735766,6.863038533935744e-16,18
72,3,2,reply_null,1,722333,16,0.46085778391531884,1.7777777777777777,0.7508419494942239,6.768895752137148e-16,18
72,3,2,reply_null,1,722333,17,0.4798046685542999,1.8888888888888888,0.7833026083439796,6.780339170961383e-16,18
72,3,2,reply_null,1,722333,18,0.49674976926106074,2.0,0.8134494962201914,6.785645308468422e-16,18
72,3,2,reply_null,2,722334,0,0.0,0.0,0.0,0.0,18
72,3,2,reply_null,2,722334,1,0.01885938475652268,0.1111111111111111,0.02855751932584021,3.3306690738754696e-16,18
72,3,2,reply_null,2,722334,2,0.07411509981597031,0.2222222222222222,0.11427708562232984,6.667203598313488e-16,18
72,3,2,reply_null,2,722334,3,0.08695292371180247,0.3333333333333333,0.13402139253393608,6.672515047631124e-16,18
72,3,2,reply_null,2,722334,4,0.10624198138793575,0.4444444444444444,0.16370650587068106,6.675190587418954e-16,18
72,3,2,reply_null,2,722334,5,0.1533424573952108,0.5555555555555556,0.23926119144766944,6.675882310796121e-16,18
72,3,2,reply_null,2,722334,6,0.17422874256490783,0.6666666666666666,0.2716896786823937,6.677237049185296e-16,18
72,3,2,reply_null,2,722334,7,0.191133302881848,0.7777777777777778,0.29885868690479855,6.695584492817999e-16,18
72,3,2,reply_null,2,722334,8,0.25480528033598815,0.8888888888888888,0.401975432881864,6.704703758357971e-16,18
72,3,2,reply_null,2,722334,9,0.28634859542851787,1.0,0.4521492797285282,6.706204691617781e-16,18
72,3,2,reply_null,2,722334,10,0.29285743692550614,1.1111111111111112,0.462889834575092,6.708059190885392e-16,18
72,3,2,reply_null,2,722334,11,0.30888516760961965,1.2222222222222223,0.48892606869091215,6.710734628563091e-16,18
72,3,2,reply_null,2,722334,12,0.3118675469496408,1.3333333333333333,0.49394094474406924,6.727785706044568e-16,18
72,3,2,reply_null,2,722334,13,0.3190993936063739,1.4444444444444444,0.5059455793000636,6.727858986921591e-16,18
72,3,2,reply_null,2,722334,14,0.32247862926895865,1.5555555555555556,0.5117059240294635,6.727891701630826e-16,18
72,3,2,reply_null,2,722334,15,0.3354610513180033,1.6666666666666667,0.5337034314074832,6.750809044770847e-16,18
72,3,2,reply_null,2,722334,16,0.3815004865770576,1.7777777777777777,0.6120933175666072,6.743172167957465e-16,18
72,3,2,reply_null,2,722334,17,0.4062901913409951,1.8888888888888888,0.6537414502383679,6.743176915597702e-16,18
72,3,2,reply_null,2,722334,18,0.4253621132777078,2.0,0.6872368522758467,6.769065150420164e-16,18
72,3,2,reply_null,3,722335,0,0.0,0.0,0.0,0.0,18
72,3,2,reply_null,3,722335,1,0.05390989726815813,0.1111111111111111,0.08308425659003597,0.0,18
72,3,2,reply_null,3,722335,2,0.07564191903409737,0.2222222222222222,0.1176996236341225,2.2863957887260464e-16,18
72,3,2,reply_null,3,722335,3,0.10262783740376055,0.3333333333333333,0.16122434149787745,2.4441534484416495e-16,18
72,3,2,reply_null,3,722335,4,0.14631242916405743,0.4444444444444444,0.22841308035328625,2.531777767915713e-16,18
72,3,2,reply_null,3,722335,5,0.1549946765407325,0.5555555555555556,0.24190328635770636,2.531818607496329e-16,18
72,3,2,reply_null,3,722335,6,0.1653028988964321,0.6666666666666666,0.2581438672019011,2.5366477138031957e-16,18
72,3,2,reply_null,3,722335,7,0.19010541504758724,0.7777777777777778,0.29665104577320084,4.511465425490201e-16,18
72,3,2,reply_null,3,722335,8,0.20878864712299772,0.8888888888888888,0.3278966331253066,4.511713366005294e-16,18
72,3,2,reply_null,3,722335,9,0.22207242684175293,1.0,0.34906785619242475,4.513870138513404e-16,18
72,3,2,reply_null,3,722335,10,0.25091354749271716,1.1111111111111112,0.394652393505651,4.649837514240266e-16,18
72,3,2,reply_null,3,722335,11,0.2701160438578758,1.2222222222222223,0.4257699885540889,4.702247856832367e-16,18
72,3,2,reply_null,3,722335,12,0.28118925089411895,1.3333333333333333,0.4440808568645783,4.51330001942865e-16,18
72,3,2,reply_null,3,722335,13,0.30552087061765326,1.4444444444444444,0.48447227998829695,4.548142099198684e-16,18
72,3,2,reply_null,3,722335,14,0.3338281330560906,1.5555555555555556,0.5309651412608188,4.548158529426055e-16,18
72,3,2,reply_null,3,722335,15,0.4035535869426265,1.6666666666666667,0.6528085739827689,4.55679940776806e-16,18
72,3,2,reply_null,3,722335,16,0.43524473787829787,1.7777777777777777,0.7061678701994891,4.72013337247589e-16,18
72,3,2,reply_null,3,722335,17,0.44437600438459146,1.8888888888888888,0.7227735570121215,4.721437875486619e-16,18
72,3,2,reply_null,3,722335,18,0.4562002119369019,2.0,0.7435540000051821,4.72895322211305e-16,18
72,3,2,reply_null,4,722336,0,0.0,0.0,0.0,0.0,18
72,3,2,reply_null,4,722336,1,0.040775253124470834,0.1111111111111111,0.0624269682759029,2.220446049250313e-16,18
72,3,2,reply_null,4,722336,2,0.04776338249638809,0.2222222222222222,0.07294912567154681,2.233622580281584e-16,18
72,3,2,reply_null,4,722336,3,0.07945025224512584,0.3333333333333333,0.1219551227474117,2.255682258896636e-16,18
72,3,2,reply_null,4,722336,4,0.11036389528030004,0.4444444444444444,0.1715509917108509,2.258907892699423e-16,18
72,3,2,reply_null,4,722336,5,0.13005625130775633,0.5555555555555556,0.20162557280630203,2.313517393821612e-16,18
72,3,2,reply_null,4,722336,6,0.14834831736779694,0.6666666666666666,0.22998058110848466,2.313922281945501e-16,18
72,3,2,reply_null,4,722336,7,0.16493664597042018,0.7777777777777778,0.2559231448907928,2.7425601111738106e-16,18
72,3,2,reply_null,4,722336,8,0.1987106760522011,0.8888888888888888,0.3121062905566571,2.7609612593307705e-16,18
72,3,2,reply_null,4,722336,9,0.2135440264002863,1.0,0.3358032520017624,2.762673913444988e-16,18
72,3,2,reply_null,4,722336,10,0.2374847268959801,1.1111111111111112,0.3734179049690077,2.776828602655743e-16,18
72,3,2,reply_null,4,722336,11,0.2768437817740753,1.2222222222222223,0.43741490370634434,2.777919121801847e-16,18
72,3,2,reply_null,4,722336,12,0.29443453364350225,1.3333333333333333,0.46631536398183693,2.923177798233967e-16,18
72,3,2,reply_null,4,722336,13,0.3377339204115836,1.4444444444444444,0.5384432206998504,2.9604589222009677e-16,18
72,3,2,reply_null,4,722336,14,0.34368107343973464,1.5555555555555556,0.5486448158045657,2.9813929997599287e-16,18
72,3,2,reply_null,4,722336,15,0.4075370827312891,1.6666666666666667,0.6570845286814261,3.0052321396424073e-16,18
72,3,2,reply_null,4,722336,16,0.44631923017601116,1.7777777777777777,0.7254368566930691,4.795154525845825e-16,18
72,3,2,reply_null,4,722336,17,0.5006869747708874,1.8888888888888888,0.8230916346547391,4.797528437502708e-16,18
72,3,2,reply_null,4,722336,18,0.5303040441744487,2.0,0.8756210706550516,4.823480731556112e-16,18
72,3,2,reply_null,5,722337,0,0.0,0.0,0.0,0.0,18
72,3,2,reply_null,5,722337,1,0.03372768416717639,0.1111111111111111,0.051454366974166964,3.3306690738754696e-16,18
72,3,2,reply_null,5,722337,2,0.06816086014465131,0.2222222222222222,0.10406460322713125,2.2340833167692996e-16,18
72,3,2,reply_null,5,722337,3,0.10147785218369841,0.3333333333333333,0.15597558081308963,2.315875552260741e-16,18
72,3,2,reply_null,5,722337,4,0.11052246129173293,0.4444444444444444,0.17004252162454464,2.6236746699347387e-16,18
72,3,2,reply_null,5,722337,5,0.12307160865213188,0.5555555555555556,0.18914909147205322,2.7385286901580957e-16,18
72,3,2,reply_null,5,722337,6,0.15777426923915983,0.6666666666666666,0.2447447378007394,2.740447962432061e-16,18
72,3,2,reply_null,5,722337,7,0.1768200631787597,0.7777777777777778,0.2751336228370864,2.775446620250412e-16,18
72,3,2,reply_null,5,722337,8,0.20731042408209163,0.8888888888888888,0.32410275104846986,2.8018395220941286e-16,18
72,3,2,reply_null,5,722337,9,0.2377831426705634,1.0,0.3745537061391801,2.8697207622246937e-16,18
72,3,2,reply_null,5,722337,10,0.2589975133074336,1.1111111111111112,0.40861443043179424,4.604813366657105e-16,18
72,3,2,reply_null,5,722337,11,0.2901669770831109,1.2222222222222223,0.4591282018849405,5.590968810476439e-16,18
72,3,2,reply_null,5,722337,12,0.29479393040943536,1.3333333333333333,0.46681226700051986,5.124556296157378e-16,18
72,3,2,reply_null,5,722337,13,0.3030664600958552,1.4444444444444444,0.4808019287914443,5.124612945754631e-16,18
72,3,2,reply_null,5,722337,14,0.31993250415750263,1.5555555555555556,0.508682406176393,5.124967707777087e-16,18
72,3,2,reply_null,5,722337,15,0.34436297243174246,1.6666666666666667,0.5510298070125476,5.238441061880781e-16,18
72,3,2,reply_null,5,722337,16,0.36050073778064334,1.7777777777777777,0.5788494695138657,5.600981343669981e-16,18
72,3,2,reply_null,5,722337,17,0.41555145038681374,1.8888888888888888,0.6714516234893463,5.624490467197572e-16,18
72,3,2,reply_null,5,722337,18,0.4219783144072464,2.0,0.6825418999532163,5.624491558124611e-16,18
72,3,2,reply_null,6,722338,0,0.0,0.0,0.0,0.0,18
72,3,2,reply_null,6,722338,1,0.008954128411714179,0.1111111111111111,0.013491504809248576,0.0,18
72,3,2,reply_null,6,722338,2,0.011853792311108727,0.2222222222222222,0.017854555786608547,2.251562396121851e-16,18
72,3,2,reply_null,6,722338,3,0.04894038545013882,0.3333333333333333,0.07455911847119417,2.253493235390683e-16,18
72,3,2,reply_null,6,722338,4,0.08700413468454092,0.4444444444444444,0.13368280322539491,2.291500712845484e-16,18
72,3,2,reply_null,6,722338,5,0.2087822445309887,0.5555555555555556,0.330584910379411,2.3950209300326823e-16,18
72,3,2,reply_null,6,722338,6,0.2314602668032202,0.6666666666666666,0.36862724092311083,2.7113161139593003e-16,18
72,3,2,reply_null,6,722338,7,0.24243134798201144,0.7777777777777778,0.38649621252218447,2.711573174634533e-16,18
72,3,2,reply_null,6,722338,8,0.29495428819572683,0.8888888888888888,0.47489222485811666,2.7117701432265774e-16,18
72,3,2,reply_null,6,722338,9,0.3301480720954612,1.0,0.530888928567135,2.742215020794654e-16,18
72,3,2,reply_null,6,722338,10,0.36553112076068717,1.1111111111111112,0.5925142487391061,2.742428157945453e-16,18
72,3,2,reply_null,6,722338,11,0.37024556820493826,1.2222222222222223,0.600139854985019,3.4741636048023273e-16,18
72,3,2,reply_null,6,722338,12,0.4420264347327799,1.3333333333333333,0.7212712464191207,6.701433569620407e-16,18
72,3,2,reply_null,6,722338,13,0.45574402722791907,1.4444444444444444,0.7440460160367813,6.715949326355244e-16,18
72,3,2,reply_null,6,722338,14,0.4683919042189265,1.5555555555555556,0.7660422290236943,6.721561113856796e-16,18
72,3,2,reply_null,6,722338,15,0.48061632815884303,1.6666666666666667,0.7870969109924106,6.721590510132479e-16,18
72,3,2,reply_null,6,722338,16,0.49082899360988913,1.7777777777777777,0.8049135774318422,4.67861087104405e-16,18
72,3,2,reply_null,6,722338,17,0.5018463786742291,1.8888888888888888,0.8249668815931479,4.696632127436561e-16,18
72,3,2,reply_null,6,722338,18,0.5219768867288601,2.0,0.8617876117461315,4.763364276885651e-16,18
72,3,2,reply_null,7,722339,0,0.0,0.0,0.0,0.0,18
72,3,2,reply_null,7,722339,1,0.059504256367421404,0.1111111111111111,0.09196541744462292,0.0,18
72,3,2,reply_null,7,722339,2,0.14464271903935522,0.2222222222222222,0.2254037235085075,2.220563673036596e-16,18
72,3,2,reply_null,7,722339,3,0.16672159772576198,0.3333333333333333,0.26176213973132745,2.239952753908472e-16,18
72,3,2,reply_null,7,722339,4,0.18183167410129075,0.4444444444444444,0.28555053645092215,2.258136315193952e-16,18
72,3,2,reply_null,7,722339,5,0.1863308363322121,0.5555555555555556,0.29259169225303383,4.448877839475011e-16,18
72,3,2,reply_null,7,722339,6,0.20421861479734899,0.6666666666666666,0.3216342303313563,6.722065139923065e-16,18
72,3,2,reply_null,7,722339,7,0.21378706005009407,0.7777777777777778,0.336341285433621,6.725109933964076e-16,18
72,3,2,reply_null,7,722339,8,0.23893976507986092,0.8888888888888888,0.37625446354999087,6.737323164957463e-16,18
72,3,2,reply_null,7,722339,9,0.26270732265066943,1.0,0.41593547679995835,6.784563400335889e-16,18
72,3,2,reply_null,7,722339,10,0.2854099155304011,1.1111111111111112,0.45335608758039814,6.785276196532391e-16,18
72,3,2,reply_null,7,722339,11,0.29961204600976254,1.2222222222222223,0.4766976261554997,6.798988743195923e-16,18
72,3,2,reply_null,7,722339,12,0.3288539545075162,1.3333333333333333,0.5262518489908828,6.766319579331128e-16,18
72,3,2,reply_null,7,722339,13,0.34898445040163995,1.4444444444444444,0.5601515472804067,6.781036441759318e-16,18
72,3,2,reply_null,7,722339,14,0.3717224409731024,1.5555555555555556,0.598392795371267,6.792672179553523e-16,18
72,3,2,reply_null,7,722339,15,0.40230622889415235,1.6666666666666667,0.6484097480871915,6.800198847895516e-16,18
72,3,2,reply_null,7,722339,16,0.40805177599358833,1.7777777777777777,0.6584736370277481,6.865413724742691e-16,18
72,3,2,reply_null,7,722339,17,0.44008107646642447,1.8888888888888888,0.7133089720763622,6.865425038892234e-16,18
72,3,2,reply_null,7,722339,18,0.450460737289377,2.0,0.7317717668265696,6.865427960459938e-16,18
72,3,8,random,0,722340,0,0.0,0.0,0.0,0.0,18
72,3,8,random,0,722340,1,0.10709237159014173,0.4444444444444444,0.04238889852537857,2.220446049250313e-16,18
72,3,8,random,0,722340,2,0.1720982719057544,0.8888888888888888,0.06780478770729606,2.237504678632369e-16,18
72,3,8,random,0,722340,3,0.2990002721224843,1.3333333333333333,0.12136166430763043,2.6106576184359855e-16,18
72,3,8,random,0,722340,4,0.34747855643978376,1.7777777777777777,0.14226460508606223,2.6108985296221243e-16,18
72,3,8,random,0,722340,5,0.37264809711135516,2.2222222222222223,0.15278307562861293,2.6131521718324035e-16,18
72,3,8,random,0,722340,6,0.5645494579702337,2.6666666666666665,0.23880102354849586,2.6136219055571614e-16,18
72,3,8,random,0,722340,7,0.6525991141945814,3.111111111111111,0.2798163693612255,2.613794933104782e-16,18
72,3,8,random,0,722340,8,0.7108964637568104,3.5555555555555554,0.30749689673263186,2.6414481583579903e-16,18
72,3,8,random,0,722340,9,0.9648591853417484,4.0,0.4394730517862977,2.645504785412505e-16,18
72,3,8,random,0,722340,10,1.0355279439860028,4.444444444444445,0.4756826667389109,4.789886043069393e-16,18
72,3,8,random,0,722340,11,1.1001558201924344,4.888888888888889,0.5094122813840397,4.79891105663177e-16,18
72,3,8,random,0,722340,12,1.127718763621368,5.333333333333333,0.5234208384182961,2.8209274652325926e-16,18
72,3,8,random,0,722340,13,1.208975206037244,5.777777777777778,0.564527329892658,3.191638016310573e-16,18
72,3,8,random,0,722340,14,1.3013425455301313,6.222222222222222,0.6235246492908383,3.1992505932045013e-16,18
72,3,8,random,0,722340,15,1.337632955476212,6.666666666666667,0.6438774159026543,3.2079695773221695e-16,18
72,3,8,random,0,722340,16,1.3719978279979008,7.111111111111111,0.6671258095423472,4.9291939342898335e-16,18
72,3,8,random,0,722340,17,1.4738267938020597,7.555555555555555,0.7372988534027615,4.92954553825613e-16,18
72,3,8,random,0,722340,18,1.5406526092955315,8.0,0.7745215221542197,4.947662266948845e-16,18
72,3,8,random,1,722341,0,0.0,0.0,0.0,0.0,18
72,3,8,random,1,722341,1,0.08496888261124576,0.4444444444444444,0.0332561959474812,1.1102230246251565e-16,18
72,3,8,random,1,722341,2,0.11472117839413458,0.8888888888888888,0.04466961548988352,2.2400902044253627e-16,18
72,3,8,random,1,722341,3,0.14903548532696032,1.3333333333333333,0.05813511582005897,3.3312951408735715e-16,18
72,3,8,random,1,722341,4,0.1657258428962442,1.7777777777777777,0.06504375560048878,3.3366074360634645e-16,18
72,3,8,random,1,722341,5,0.24575427446224568,2.2222222222222223,0.09770160959918256,8.889638422522293e-16,18
72,3,8,random,1,722341,6,0.3042842822793324,2.6666666666666665,0.12291156529763266,8.889819930571959e-16,18
72,3,8,random,1,722341,7,0.3332952265204823,3.111111111111111,0.13543874912020132,8.894904787354427e-16,18
72,3,8,random,1,722341,8,0.3831307794211464,3.5555555555555554,0.1564378240428779,8.89940680449245e-16,18
72,3,8,random,1,722341,9,0.4138583443539569,4.0,0.16922482971970151,8.905662667669633e-16,18
72,3,8,random,1,722341,10,0.4161490156071309,4.444444444444445,0.1702015770400401,8.913530558642863e-16,18
72,3,8,random,1,722341,11,0.45575886346802846,4.888888888888889,0.188590195388909,8.914181459716117e-16,18
72,3,8,random,1,722341,12,0.7676027008537476,5.333333333333333,0.3516720143548116,8.913496586421257e-16,18
72,3,8,random,1,722341,13,0.8113806525394607,5.777777777777778,0.37254599668447713,8.941572134641502e-16,18
72,3,8,random,1,722341,14,0.8979197312438931,6.222222222222222,0.41928843019452794,8.943438901666504e-16,18
72,3,8,random,1,722341,15,0.953896088672314,6.666666666666667,0.4478859368500801,8.943487223072825e-16,18
72,3,8,random,1,722341,16,1.0144696652960787,7.111111111111111,0.4757139357382672,8.94815516418562e-16,18
72,3,8,random,1,722341,17,1.1789349830625386,7.555555555555555,0.5632734110866537,8.954407924177164e-16,18
72,3,8,random,1,722341,18,1.2813481941684537,8.0,0.618339742433702,8.955325215078227e-16,18
72,3,8,random,2,722342,0,0.0,0.0,0.0,0.0,18
72,3,8,random,2,722342,1,0.25242259071351836,0.4444444444444444,0.10767744589517375,2.220446049250313e-16,18
72,3,8,random,2,722342,2,0.3498411433179281,0.8888888888888888,0.14675276868676462,2.226485963140829e-16,18
72,3,8,random,2,722342,3,0.3625336481418634,1.3333333333333333,0.15194424093878678,2.300219951968122e-16,18
72,3,8,random,2,722342,4,0.3950936651844169,1.7777777777777777,0.16494118079809234,2.303202517490531e-16,18
72,3,8,random,2,722342,5,0.4403236478719631,2.2222222222222223,0.18498366685388573,2.5304936738178437e-16,18
72,3,8,random,2,722342,6,0.5278345460288416,2.6666666666666665,0.22792831921616527,2.544985268431938e-16,18
72,3,8,random,2,722342,7,0.5834229614421189,3.111111111111111,0.25129022795743094,2.5472440302361754e-16,18
72,3,8,random,2,722342,8,0.6205344659365641,3.5555555555555554,0.2692392598335721,2.666781130314189e-16,18
72,3,8,random,2,722342,9,0.888617365672072,4.0,0.40390991702521395,2.671581789417945e-16,18
72,3,8,random,2,722342,10,0.9348128292096691,4.444444444444445,0.42844725877250633,2.775572184827978e-16,18
72,3,8,random,2,722342,11,0.9545867285646887,4.888888888888889,0.43865374656187406,2.779480201639015e-16,18
72,3,8,random,2,722342,12,1.006219659659217,5.333333333333333,0.4656617294315009,4.637270939094448e-16,18
72,3,8,random,2,722342,13,1.1054012704722633,5.777777777777778,0.5115524353994737,4.638700967035451e-16,18
72,3,8,random,2,722342,14,1.3321357064079997,6.222222222222222,0.6321655568902242,4.685604319021332e-16,18
72,3,8,random,2,722342,15,1.3604814009359447,6.666666666666667,0.6497625352656352,4.691092501818972e-16,18
72,3,8,random,2,722342,16,1.4432625928491707,7.111111111111111,0.6991794765806348,4.545807169046857e-16,18
72,3,8,random,2,722342,17,1.4927973314316092,7.555555555555555,0.7298493277674675,4.60232330349095e-16,18
72,3,8,random,2,722342,18,1.6030121314963701,8.0,0.7987402069327674,4.605393901197153e-16,18
72,3,8,random,3,722343,0,0.0,0.0,0.0,0.0,18
72,3,8,random,3,722343,1,0.12912687756517938,0.4444444444444444,0.051687930253583314,2.220446049250313e-16,18
72,3,8,random,3,722343,2,0.2164736397940113,0.8888888888888888,0.08731379828657006,2.281386046235971e-16,18
72,3,8,random,3,722343,3,0.2631432485535606,1.3333333333333333,0.10552184681982078,2.3115549209813026e-16,18
72,3,8,random,3,722343,4,0.29247152497858864,1.7777777777777777,0.11829436288996546,4.532129071752131e-16,18
72,3,8,random,3,722343,5,0.4396508221032064,2.2222222222222223,0.18195101510120337,4.534774984196297e-16,18
72,3,8,random,3,722343,6,0.5559471271540174,2.6666666666666665,0.23458751304486222,5.857419202534773e-16,18
72,3,8,random,3,722343,7,0.613770573466363,3.111111111111111,0.2595630395601912,5.857772813193413e-16,18
72,3,8,random,3,722343,8,0.7227976789109478,3.5555555555555554,0.3086834352057424,5.905924194427882e-16,18
72,3,8,random,3,722343,9,0.8207153996360738,4.0,0.35686481165130646,6.824111775018502e-16,18
72,3,8,random,3,722343,10,1.0196935012964592,4.444444444444445,0.47249066919226096,6.829132366732895e-16,18
72,3,8,random,3,722343,11,1.145863452165751,4.888888888888889,0.5367811502262735,6.843950107248626e-16,18
72,3,8,random,3,722343,12,1.2026905696781778,5.333333333333333,0.57301443753441,5.927624830971183e-16,18
72,3,8,random,3,722343,13,1.2243585239876178,5.777777777777778,0.5878021781359867,5.928389973945722e-16,18
72,3,8,random,3,722343,14,1.2857538273767926,6.222222222222222,0.6199904253961583,5.938853682117395e-16,18
72,3,8,random,3,722343,15,1.4511348846639378,6.666666666666667,0.7259739092209565,5.940937277054726e-16,18
72,3,8,random,3,722343,16,1.5238817755049752,7.111111111111111,0.7668666855505187,6.861281260504515e-16,18
72,3,8,random,3,722343,17,1.552664208994191,7.555555555555555,0.7837010037871674,6.88270144444891e-16,18
72,3,8,random,3,722343,18,1.641186130978529,8.0,0.8435529768940259,6.891683073819999e-16,18
72,3,8,random,4,722344,0,0.0,0.0,0.0,0.0,18
72,3,8,random,4,722344,1,0.2172211424670162,0.4444444444444444,0.09098207533403457,1.1102230246251565e-16,18
72,3,8,random,4,722344,2,0.2611310348908412,0.8888888888888888,0.11124713579508197,2.387801676696251e-16,18
72,3,8,random,4,722344,3,0.4262535903674446,1.3333333333333333,0.18277788186780514,5.564437505877536e-16,18
72,3,8,random,4,722344,4,0.4786060512478005,1.7777777777777777,0.20557845403163177,5.618697156135344e-16,18
72,3,8,random,4,722344,5,0.4856301887956787,2.2222222222222223,0.20845603435288093,6.671172902002797e-16,18
72,3,8,random,4,722344,6,0.5364325534107616,2.6666666666666665,0.2295434123970001,6.672313632351021e-16,18
72,3,8,random,4,722344,7,0.6358428691891025,3.111111111111111,0.27708340279999094,6.679235197556801e-16,18
72,3,8,random,4,722344,8,0.8165865751368424,3.5555555555555554,0.36214877265972756,6.680264426223204e-16,18
72,3,8,random,4,722344,9,0.86373353264061,4.0,0.38619417896280733,6.680361614413341e-16,18
72,3,8,random,4,722344,10,0.9163438851428558,4.444444444444445,0.4152164486053005,6.681352140905058e-16,18
72,3,8,random,4,722344,11,1.056876205535951,4.888888888888889,0.49522529248333114,6.684271131337719e-16,18
72,3,8,random,4,722344,12,1.1026551397942954,5.333333333333333,0.519139067869911,6.691543679678591e-16,18
72,3,8,random,4,722344,13,1.2231620072150498,5.777777777777778,0.5837537218088498,6.691624687093995e-16,18
72,3,8,random,4,722344,14,1.2527945972694743,6.222222222222222,0.6018905227501531,6.692245912534615e-16,18
72,3,8,random,4,722344,15,1.295054153222328,6.666666666666667,0.6239628492878245,6.692272505608135e-16,18
72,3,8,random,4,722344,16,1.3488231717679198,7.111111111111111,0.6535076284413438,6.734343165699479e-16,18
72,3,8,random,4,722344,17,1.5126243763453746,7.555555555555555,0.743542097597026,6.741487105903606e-16,18
72,3,8,random,4,722344,18,1.5906077471269353,8.0,0.7919076329020898,6.743957724206289e-16,18
72,3,8,random,5,722345,0,0.0,0.0,0.0,0.0,18
72,3,8,random,5,722345,1,0.08559104440786151,0.4444444444444444,0.03351027638720689,0.0,18
72,3,8,random,5,722345,2,0.09018732481086333,0.8888888888888888,0.035247294105623966,4.481949908214272e-16,18
72,3,8,random,5,722345,3,0.3732453478211135,1.3333333333333333,0.1614528611235854,4.490337058921175e-16,18
72,3,8,random,5,722345,4,0.691149139995167,1.7777777777777777,0.31315377913260145,4.490337724117442e-16,18
72,3,8,random,5,722345,5,0.7153923923516139,2.2222222222222223,0.32544627656275504,4.542240144651478e-16,18
72,3,8,random,5,722345,6,0.7612297183482494,2.6666666666666665,0.34396539690157496,4.542353078661604e-16,18
72,3,8,random,5,722345,7,0.7908946706352953,3.111111111111111,0.35792303431106803,4.663305970804068e-16,18
72,3,8,random,5,722345,8,0.9315512027789288,3.5555555555555554,0.428910081414144,4.664957489155741e-16,18
72,3,8,random,5,722345,9,1.0132863603684807,4.0,0.4692722224678161,4.666876081105538e-16,18
72,3,8,random,5,722345,10,1.135295605251562,4.444444444444445,0.5277604987239375,4.689090104762474e-16,18
72,3,8,random,5,722345,11,1.1761988777170496,4.888888888888889,0.5517627561427756,4.690882136576112e-16,18
72,3,8,random,5,722345,12,1.2410770436892609,5.333333333333333,0.5875427157715879,4.694973654608213e-16,18
72,3,8,random,5,722345,13,1.265227042711333,5.777777777777778,0.6029167568314215,4.695589641074382e-16,18
72,3,8,random,5,722345,14,1.2770153520577097,6.222222222222222,0.6091982879648156,4.973408250251492e-16,18
72,3,8,random,5,722345,15,1.2907532839260338,6.666666666666667,0.6173183552811554,5.011984042012117e-16,18
72,3,8,random,5,722345,16,1.4382608959646168,7.111111111111111,0.7079394851794133,4.745046056154069e-16,18
72,3,8,random,5,722345,17,1.532453692357332,7.555555555555555,0.770965616929184,4.745141043614794e-16,18
72,3,8,random,5,722345,18,1.6057259194033546,8.0,0.8272142964124142,4.842399850892437e-16,18
72,3,8,random,6,722346,0,0.0,0.0,0.0,0.0,18
72,3,8,random,6,722346,1,0.09022791822477129,0.4444444444444444,0.035408885395155916,0.0,18
72,3,8,random,6,722346,2,0.17110812155312596,0.8888888888888888,0.06756018440139219,2.2204753049408644e-16,18
72,3,8,random,6,722346,3,0.2841544305325248,1.3333333333333333,0.11342775880377944,4.441629935901671e-16,18
72,3,8,random,6,722346,4,0.3138189595655443,1.7777777777777777,0.12571120484435797,4.442065160410415e-16,18
72,3,8,random,6,722346,5,0.47583160030489136,2.2222222222222223,0.1958699241684396,4.660419416090382e-16,18
72,3,8,random,6,722346,6,0.7056575357177681,2.6666666666666665,0.31124110303241354,5.565846292404042e-16,18
72,3,8,random,6,722346,7,0.7254401213099957,3.111111111111111,0.3210741524204264,5.566001070599498e-16,18
72,3,8,random,6,722346,8,0.7442133423237595,3.5555555555555554,0.32992416249722617,5.569639762024449e-16,18
72,3,8,random,6,722346,9,0.7504265058316019,4.0,0.33314699891182964,5.5836083362047e-16,18
72,3,8,random,6,722346,10,0.8811257501173059,4.444444444444445,0.4009039349939865,5.585784259110683e-16,18
72,3,8,random,6,722346,11,1.0285540970108642,4.888888888888889,0.4704611428895039,5.58703516351165e-16,18
72,3,8,random,6,722346,12,1.042983173252283,5.333333333333333,0.479393768957963,5.574164735966314e-16,18
72,3,8,random,6,722346,13,1.1116279741508817,5.777777777777778,0.5158409487573559,5.574202984315484e-16,18
72,3,8,random,6,722346,14,1.2266181270758683,6.222222222222222,0.5795731795600697,5.574260251413817e-16,18
72,3,8,random,6,722346,15,1.306270635452241,6.666666666666667,0.6213087688930131,5.577109956106107e-16,18
72,3,8,random,6,722346,16,1.3448062651846997,7.111111111111111,0.6427763089401123,5.612181528577414e-16,18
72,3,8,random,6,722346,17,1.4638526802855736,7.555555555555555,0.719094639094064,5.615720557712849e-16,18
72,3,8,random,6,722346,18,1.5020887648761467,8.0,0.7429821430465785,5.632077689532777e-16,18
72,3,8,random,7,722347,0,0.0,0.0,0.0,0.0,18
72,3,8,random,7,722347,1,0.19175652524362072,0.4444444444444444,0.07926582813447904,2.220446049250313e-16,18
72,3,8,random,7,722347,2,0.21891149229175433,0.8888888888888888,0.0914314747381864,1.1677508270451756e-16,18
72,3,8,random,7,722347,3,0.2377127799848086,1.3333333333333333,0.09932433551794297,2.256956271590352e-16,18
72,3,8,random,7,722347,4,0.3193057152605032,1.7777777777777777,0.13478656144527754,2.259623251552595e-16,18
72,3,8,random,7,722347,5,0.4233921619518105,2.2222222222222223,0.1800810375621386,2.3377051672905443e-16,18
72,3,8,random,7,722347,6,0.5022543453835888,2.6666666666666665,0.22101786233866627,3.508040518286827e-16,18
72,3,8,random,7,722347,7,0.6291406551247862,3.111111111111111,0.276423953960919,3.5227355620994017e-16,18
72,3,8,random,7,722347,8,0.7993769698766151,3.5555555555555554,0.36399477078377007,3.580905735143025e-16,18
72,3,8,random,7,722347,9,0.8056274369095862,4.0,0.3669161201444585,3.58090617001419e-16,18
72,3,8,random,7,722347,10,0.8618924375416881,4.444444444444445,0.39872327001032476,3.580913996366229e-16,18
72,3,8,random,7,722347,11,1.0231821563030676,4.888888888888889,0.474396665197653,5.66169272874851e-16,18
72,3,8,random,7,722347,12,1.1586690579133814,5.333333333333333,0.5383099935892118,3.780673801883862e-16,18
72,3,8,random,7,722347,13,1.2213880789821598,5.777777777777778,0.5749887300440898,3.9029182602175345e-16,18
72,3,8,random,7,722347,14,1.3125481163293344,6.222222222222222,0.6241921776528806,3.9072515842993643e-16,18
72,3,8,random,7,722347,15,1.3838860830775295,6.666666666666667,0.6640106500870631,3.914218006884228e-16,18
72,3,8,random,7,722347,16,1.4279740409998931,7.111111111111111,0.6909842162076882,5.667440270524145e-16,18
72,3,8,random,7,722347,17,1.4648146210842397,7.555555555555555,0.7125651382182663,5.674056713449311e-16,18
72,3,8,random,7,722347,18,1.4907068022984014,8.0,0.7276921199216333,5.681341565112306e-16,18
72,3,8,krylov,0,722348,0,0.0,0.0,0.0,0.0,18
72,3,8,krylov,0,722348,1,0.11409814148042813,0.4444444444444444,0.045323295957922886,2.220446049250313e-16,18
72,3,8,krylov,0,722348,2,0.21294782408069285,0.8888888888888888,0.08899503421730212,5.573600002440358e-16,18
72,3,8,krylov,0,722348,3,0.3036050838100167,1.3333333333333333,0.13302522902504765,5.581979064836115e-16,18
72,3,8,krylov,0,722348,4,0.38953818095672005,1.7777777777777777,0.17861207006404314,5.589175855221493e-16,18
72,3,8,krylov,0,722348,5,0.4528802280214035,2.2222222222222223,0.21481342259148709,5.6048009953893e-16,18
72,3,8,krylov,0,722348,6,0.5232247808558365,2.6666666666666665,0.2577977158320323,5.60505200329496e-16,18
72,3,8,krylov,0,722348,7,0.5960383330663508,3.111111111111111,0.3055929197345801,5.613365014759818e-16,18
72,3,8,krylov,0,722348,8,0.6786420636494364,3.5555555555555554,0.3641996816209904,5.613796165377367e-16,18
72,3,8,krylov,0,722348,9,0.7465086866860222,4.0,0.41610817260288124,5.615593513208125e-16,18
72,3,8,krylov,0,722348,10,0.8233122466934857,4.444444444444445,0.47926228562865575,5.634424741891496e-16,18
72,3,8,krylov,0,722348,11,0.9019149655756346,4.888888888888889,0.5491191296705576,5.636736433745133e-16,18
72,3,8,krylov,0,722348,12,0.9493887795971445,5.333333333333333,0.5940486388934806,5.618317750730176e-16,18
72,3,8,krylov,0,722348,13,1.0005936564852462,5.777777777777778,0.6449610124460184,5.625632468682029e-16,18
72,3,8,krylov,0,722348,14,1.0553759397250992,6.222222222222222,0.7023956424096476,5.635294121249366e-16,18
72,3,8,krylov,0,722348,15,1.0881516378368015,6.666666666666667,0.7382931054352201,5.636405793648385e-16,18
72,3,8,krylov,0,722348,16,1.1102283052279232,7.111111111111111,0.7631442125275827,5.767519027665598e-16,18
72,3,8,krylov,0,722348,17,1.1308379035172744,7.555555555555555,0.7868442932253169,5.767672113201369e-16,18
72,3,8,krylov,0,722348,18,1.148447382235064,8.0,0.8074849679656202,5.768605037557351e-16,18
72,3,8,krylov,1,722349,0,0.0,0.0,0.0,0.0,18
72,3,8,krylov,1,722349,1,0.19224574405955697,0.4444444444444444,0.07948811789477267,0.0,18
72,3,8,krylov,1,722349,2,0.33035708579523265,0.8888888888888888,0.1467993420434963,2.290329162576298e-16,18
72,3,8,krylov,1,722349,3,0.4571315073294512,1.3333333333333333,0.21732622171144866,2.2960998654673526e-16,18
72,3,8,krylov,1,722349,4,0.5916982134544211,1.7777777777777777,0.30264546583381535,2.297048244650928e-16,18
72,3,8,krylov,1,722349,5,0.6688469046330546,2.2222222222222223,0.3569944490031044,2.2976539138510646e-16,18
72,3,8,krylov,1,722349,6,0.7420534522152069,2.6666666666666665,0.41259143995341946,2.396983354616802e-16,18
72,3,8,krylov,1,722349,7,0.8165119356692796,3.111111111111111,0.47347274404292394,2.4257139534000887e-16,18
72,3,8,krylov,1,722349,8,0.8771928963731719,3.5555555555555554,0.5265530816124391,2.7627457578103537e-16,18
72,3,8,krylov,1,722349,9,0.9425020311656829,4.0,0.5873979717206785,4.516833668851155e-16,18
72,3,8,krylov,1,722349,10,1.0109159649481543,4.444444444444445,0.6555438905356423,4.543993978817191e-16,18
72,3,8,krylov,1,722349,11,1.0756667164082818,4.888888888888889,0.7244801348355318,4.60025040346498e-16,18
72,3,8,krylov,1,722349,12,1.1299078604169959,5.333333333333333,0.7857642302871992,4.496170525482062e-16,18
72,3,8,krylov,1,722349,13,1.1654649588826087,5.777777777777778,0.8277801945439045,4.496200200279378e-16,18
72,3,8,krylov,1,722349,14,1.1942713095824942,6.222222222222222,0.8629317661782167,4.496548213881317e-16,18
72,3,8,krylov,1,722349,15,1.219368039667313,6.666666666666667,0.8943929405883699,4.497413176473795e-16,18
72,3,8,krylov,1,722349,16,1.234208371018676,7.111111111111111,0.913371629141455,4.647527916422066e-16,18
72,3,8,krylov,1,722349,17,1.2465016256365622,7.555555555555555,0.9293076617816526,4.655565240046533e-16,18
72,3,8,krylov,1,722349,18,1.2559559194389442,8.0,0.9416974456664379,4.657782388525243e-16,18
72,3,8,krylov,2,722350,0,0.0,0.0,0.0,0.0,18
72,3,8,krylov,2,722350,1,0.02627911734664959,0.4444444444444444,0.009985296757038577,3.3306690738754696e-16,18
72,3,8,krylov,2,722350,2,0.06801944611261942,0.8888888888888888,0.026394796172057974,4.440892238716309e-16,18
72,3,8,krylov,2,722350,3,0.1043428846113791,1.3333333333333333,0.04124286940184658,4.441326409917247e-16,18
72,3,8,krylov,2,722350,4,0.17170139903810197,1.7777777777777777,0.07024621665502379,4.5539302055713e-16,18
72,3,8,krylov,2,722350,5,0.2427667672910518,2.2222222222222223,0.10303922665752598,4.864194446053119e-16,18
72,3,8,krylov,2,722350,6,0.32650680494733575,2.6666666666666665,0.14479413082077858,4.864267323241209e-16,18
72,3,8,krylov,2,722350,7,0.3943962420034166,3.111111111111111,0.18130809472043502,5.239487072315088e-16,18
72,3,8,krylov,2,722350,8,0.4542397545654552,3.5555555555555554,0.2156158349223772,5.240078666070745e-16,18
72,3,8,krylov,2,722350,9,0.5112610421354522,4.0,0.2502721957361246,5.296637824966073e-16,18
72,3,8,krylov,2,722350,10,0.5890370085125276,4.444444444444445,0.3008445097907136,5.633743663177082e-16,18
72,3,8,krylov,2,722350,11,0.6641566585117449,4.888888888888889,0.35356925366149866,6.729105141793248e-16,18
72,3,8,krylov,2,722350,12,0.760162269119198,5.333333333333333,0.4269837093183767,5.364000663835903e-16,18
72,3,8,krylov,2,722350,13,0.837199210557835,5.777777777777778,0.4912081490294063,5.364007523386633e-16,18
72,3,8,krylov,2,722350,14,0.8842354429039377,6.222222222222222,0.5329247210886546,5.386242636484693e-16,18
72,3,8,krylov,2,722350,15,0.9248229515450079,6.666666666666667,0.5705331776257735,5.39163995375747e-16,18
72,3,8,krylov,2,722350,16,0.9710630337933656,7.111111111111111,0.6152813154300936,6.737880022825256e-16,18
72,3,8,krylov,2,722350,17,1.0114000484159598,7.555555555555555,0.6560428805625659,6.739782932203705e-16,18
72,3,8,krylov,2,722350,18,1.0445560155454041,8.0,0.6908011421685208,6.750023028807357e-16,18
72,3,8,krylov,3,722351,0,0.0,0.0,0.0,0.0,18
72,3,8,krylov,3,722351,1,0.13206486736854622,0.4444444444444444,0.05294337838573058,0.0,18
72,3,8,krylov,3,722351,2,0.27295047202825795,0.8888888888888888,0.11768818935826005,1.1102266470571247e-16,18
72,3,8,krylov,3,722351,3,0.3880274750333651,1.3333333333333333,0.1777763564482527,1.1577841664513593e-16,18
72,3,8,krylov,3,722351,4,0.4798356935298282,1.7777777777777777,0.23092833469702864,1.4545577307200518e-16,18
72,3,8,krylov,3,722351,5,0.5483261432380987,2.2222222222222223,0.2738828352525873,3.3594648342348486e-16,18
72,3,8,krylov,3,722351,6,0.6049897222610836,2.6666666666666665,0.3117125204438998,3.371326246780991e-16,18
72,3,8,krylov,3,722351,7,0.6409486935218265,3.111111111111111,0.3368553420503072,3.3727510669171805e-16,18
72,3,8,krylov,3,722351,8,0.6757671042396264,3.5555555555555554,0.362077564502552,3.373025048810086e-16,18
72,3,8,krylov,3,722351,9,0.7161359397447912,4.0,0.39244127794638056,3.377004587789706e-16,18
72,3,8,krylov,3,722351,10,0.755915288257484,4.444444444444445,0.423584922253918,3.4515522139345884e-16,18
72,3,8,krylov,3,722351,11,0.8004345467623786,4.888888888888889,0.4599405900950099,3.4551930871599627e-16,18
72,3,8,krylov,3,722351,12,0.8422520278084245,5.333333333333333,0.49559601671866405,3.5405553689742573e-16,18
72,3,8,krylov,3,722351,13,0.8932189523139281,5.777777777777778,0.5411178176432649,4.841429929567746e-16,18
72,3,8,krylov,3,722351,14,0.9546047672531104,6.222222222222222,0.5991163898054268,5.018621095302258e-16,18
72,3,8,krylov,3,722351,15,1.002536447192154,6.666666666666667,0.6469445093582091,5.018761187647425e-16,18
72,3,8,krylov,3,722351,16,1.0420519586898118,7.111111111111111,0.6881356541713066,4.79798817742943e-16,18
72,3,8,krylov,3,722351,17,1.0722909313223146,7.555555555555555,0.7207747839469946,4.798064197061575e-16,18
72,3,8,krylov,3,722351,18,1.1038185331448136,8.0,0.755872298081981,4.804205733935484e-16,18
72,3,8,krylov,4,722352,0,0.0,0.0,0.0,0.0,18
72,3,8,krylov,4,722352,1,0.008308643998806115,0.4444444444444444,0.003128721216052605,1.1102230246251565e-16,18
72,3,8,krylov,4,722352,2,0.01843580132307105,0.8888888888888888,0.00697754619833692,3.3306693333015814e-16,18
72,3,8,krylov,4,722352,3,0.03020492580538793,1.3333333333333333,0.011499645868888613,3.3407838532603384e-16,18
72,3,8,krylov,4,722352,4,0.045038613032165664,1.7777777777777777,0.017275594123471637,6.684707120135729e-16,18
72,3,8,krylov,4,722352,5,0.06095388557288278,2.2222222222222223,0.02356871262855574,6.684811411474256e-16,18
72,3,8,krylov,4,722352,6,0.07872298373634841,2.6666666666666665,0.03071421577191622,6.685111546628938e-16,18
72,3,8,krylov,4,722352,7,0.1073364278609841,3.111111111111111,0.04249077733501927,6.687815071917614e-16,18
72,3,8,krylov,4,722352,8,0.14220225792945462,3.5555555555555554,0.057303671205008844,6.69123121201128e-16,18
72,3,8,krylov,4,722352,9,0.18089072777327006,4.0,0.07435658735720285,6.693494940096247e-16,18
72,3,8,krylov,4,722352,10,0.23031906080900574,4.444444444444445,0.09712561647610835,6.693692240857552e-16,18
72,3,8,krylov,4,722352,11,0.2873263388641041,4.888888888888889,0.1248221648390067,6.694786005529217e-16,18
72,3,8,krylov,4,722352,12,0.3437863912393624,5.333333333333333,0.15385400839976654,6.703976934914027e-16,18
72,3,8,krylov,4,722352,13,0.39697476938106324,5.777777777777778,0.18274440135525843,6.705567803424996e-16,18
72,3,8,krylov,4,722352,14,0.4544171958282443,6.222222222222222,0.21572064384038775,6.717935974561478e-16,18
72,3,8,krylov,4,722352,15,0.525382872142147,6.666666666666667,0.259164825711933,6.721007088169326e-16,18
72,3,8,krylov,4,722352,16,0.5853774169458454,7.111111111111111,0.2983757150677686,6.714943813810012e-16,18
72,3,8,krylov,4,722352,17,0.6651655666951103,7.555555555555555,0.35430468407216326,6.716994267563884e-16,18
72,3,8,krylov,4,722352,18,0.7446789164415736,8.0,0.41466194993961353,6.717049807608106e-16,18
72,3,8,krylov,5,722353,0,0.0,0.0,0.0,0.0,18
72,3,8,krylov,5,722353,1,0.21577639968614132,0.4444444444444444,0.09030933717849166,2.220446049250313e-16,18
72,3,8,krylov,5,722353,2,0.3883182317219033,0.8888888888888888,0.1779371032391257,2.229008063877746e-16,18
72,3,8,krylov,5,722353,3,0.5421074512083428,1.3333333333333333,0.2698601536096895,2.280077786248496e-16,18
72,3,8,krylov,5,722353,4,0.6586005296863829,1.7777777777777777,0.3495324539045558,2.2872699815560817e-16,18
72,3,8,krylov,5,722353,5,0.7219631649015494,2.2222222222222223,0.3969263862439547,2.4618964230126526e-16,18
72,3,8,krylov,5,722353,6,0.7876038094836402,2.6666666666666665,0.44929612096450006,4.583074459328505e-16,18
72,3,8,krylov,5,722353,7,0.8861760920814116,3.111111111111111,0.5346883952347168,4.584517710295807e-16,18
72,3,8,krylov,5,722353,8,0.9812037293790977,3.5555555555555554,0.6253745464923993,4.609922697578685e-16,18
72,3,8,krylov,5,722353,9,1.0724005769434626,4.0,0.720894937440851,4.614565439564603e-16,18
72,3,8,krylov,5,722353,10,1.1392564714190647,4.444444444444445,0.7966666453573545,4.654087824345665e-16,18
72,3,8,krylov,5,722353,11,1.1829218378599082,4.888888888888889,0.8489613231389334,4.661878030201821e-16,18
72,3,8,krylov,5,722353,12,1.2075464860149037,5.333333333333333,0.8794750936285952,5.117970120554242e-16,18
72,3,8,krylov,5,722353,13,1.2232281149865873,5.777777777777778,0.8993023622214977,5.135113462701763e-16,18
72,3,8,krylov,5,722353,14,1.2331264210086401,6.222222222222222,0.911978429266593,5.138177611471133e-16,18
72,3,8,krylov,5,722353,15,1.2446483292558261,6.666666666666667,0.926892631687216,5.143605642886692e-16,18
72,3,8,krylov,5,722353,16,1.2529314889769707,7.111111111111111,0.9377212017700945,4.708853263403951e-16,18
72,3,8,krylov,5,722353,17,1.2582315276412508,7.555555555555555,0.9446971449494304,4.72880971112756e-16,18
72,3,8,krylov,5,722353,18,1.2640895779079515,8.0,0.9524506853029188,4.759094365009775e-16,18
72,3,8,krylov,6,722354,0,0.0,0.0,0.0,0.0,18
72,3,8,krylov,6,722354,1,0.20923595699498637,0.4444444444444444,0.08727593882246779,0.0,18
72,3,8,krylov,6,722354,2,0.32440180942189956,0.8888888888888888,0.143701117299135,3.411613008937804e-16,18
72,3,8,krylov,6,722354,3,0.4257772831090898,1.3333333333333333,0.19904242749214948,4.536914147617372e-16,18
72,3,8,krylov,6,722354,4,0.5599570071549649,1.7777777777777777,0.2814739633209468,4.537188389172542e-16,18
72,3,8,krylov,6,722354,5,0.7003766965260472,2.2222222222222223,0.38044178400512646,4.548534630991992e-16,18
72,3,8,krylov,6,722354,6,0.8537391533348483,2.6666666666666665,0.50565432235261,4.548851397304882e-16,18
72,3,8,krylov,6,722354,7,0.9681086178522644,3.111111111111111,0.6123599301442021,4.556858572161155e-16,18
72,3,8,krylov,6,722354,8,1.0498803244369255,3.5555555555555554,0.6964909303198897,4.737770387510179e-16,18
72,3,8,krylov,6,722354,9,1.1091077861729564,4.0,0.7618696144892018,4.745441663605527e-16,18
72,3,8,krylov,6,722354,10,1.1459302261828404,4.444444444444445,0.804512211787079,4.926342445295947e-16,18
72,3,8,krylov,6,722354,11,1.1905432141162744,4.888888888888889,0.8583252305110086,4.927019501516467e-16,18
72,3,8,krylov,6,722354,12,1.2210918898232999,5.333333333333333,0.8965830709929715,4.837607412283314e-16,18
72,3,8,krylov,6,722354,13,1.2404861425964055,5.777777777777778,0.9214851727767536,4.837659626693621e-16,18
72,3,8,krylov,6,722354,14,1.251578637351183,6.222222222222222,0.9359464854926497,4.841899481606246e-16,18
72,3,8,krylov,6,722354,15,1.25895505925344,6.666666666666667,0.9456523330650463,4.841905142946478e-16,18
72,3,8,krylov,6,722354,16,1.264153842564119,7.111111111111111,0.9525359962059986,4.997468603032358e-16,18
72,3,8,krylov,6,722354,17,1.2697262469247537,7.555555555555555,0.9599542130363911,5.005817544235466e-16,18
72,3,8,krylov,6,722354,18,1.274453449018512,8.0,0.966279750655234,5.039838425831155e-16,18
72,3,8,krylov,7,722355,0,0.0,0.0,0.0,0.0,18
72,3,8,krylov,7,722355,1,0.09452155924346883,0.4444444444444444,0.03717482225642713,2.220446049250313e-16,18
72,3,8,krylov,7,722355,2,0.18034747468242385,0.8888888888888888,0.07411253929816221,5.552246289684731e-16,18
72,3,8,krylov,7,722355,3,0.25730674164362055,1.3333333333333333,0.11004068189423308,5.559393392938601e-16,18
72,3,8,krylov,7,722355,4,0.3327055429245419,1.7777777777777777,0.1480262054826106,5.560804989585225e-16,18
72,3,8,krylov,7,722355,5,0.3743754179660941,2.2222222222222223,0.1702811013225449,5.566771915338395e-16,18
72,3,8,krylov,7,722355,6,0.42209899190248346,2.6666666666666665,0.1969348108690384,5.597270759993143e-16,18
72,3,8,krylov,7,722355,7,0.4723929961331512,3.111111111111111,0.2264353342196085,5.599967949999081e-16,18
72,3,8,krylov,7,722355,8,0.521794874185171,3.5555555555555554,0.25689352076832134,5.600727952606747e-16,18
72,3,8,krylov,7,722355,9,0.5678532663667115,4.0,0.2866781717498992,5.602130783542607e-16,18
72,3,8,krylov,7,722355,10,0.6100099830018748,4.444444444444445,0.31516866446379427,5.996450838286528e-16,18
72,3,8,krylov,7,722355,11,0.639329606349359,4.888888888888889,0.3357037187381832,6.012886543503633e-16,18
72,3,8,krylov,7,722355,12,0.6627861765890807,5.333333333333333,0.3525714465644162,5.617711414318839e-16,18
72,3,8,krylov,7,722355,13,0.6835644607831501,5.777777777777778,0.3678472861289148,5.655230751670797e-16,18
72,3,8,krylov,7,722355,14,0.7078446662935733,6.222222222222222,0.38610451865698847,5.655388522382658e-16,18
72,3,8,krylov,7,722355,15,0.7485220558847756,6.666666666666667,0.41770256994713895,5.656030070022928e-16,18
72,3,8,krylov,7,722355,16,0.787728107237941,7.111111111111111,0.4493985854891378,6.047430150848577e-16,18
72,3,8,krylov,7,722355,17,0.8383110633739308,7.555555555555555,0.492171780608201,6.053013561264375e-16,18
72,3,8,krylov,7,722355,18,0.8768375693472128,8.0,0.5262327923442924,6.057840781477651e-16,18
72,3,8,reply_null,0,722356,0,0.0,0.0,0.0,0.0,18
72,3,8,reply_null,0,722356,1,0.046947231045275456,0.4444444444444444,0.018025013338525596,2.220446049250313e-16,18
72,3,8,reply_null,0,722356,2,0.1291643460733019,0.8888888888888888,0.05137716457255208,2.42668230945439e-16,18
72,3,8,reply_null,0,722356,3,0.3003650706899395,1.3333333333333333,0.12278953894798174,2.438458936121408e-16,18
72,3,8,reply_null,0,722356,4,0.6192599882549841,1.7777777777777777,0.264784390468974,2.440122296088243e-16,18
72,3,8,reply_null,0,722356,5,0.630821161357199,2.2222222222222223,0.27068628666472666,4.598166779928792e-16,18
72,3,8,reply_null,0,722356,6,0.682293988873086,2.6666666666666665,0.2959090424580511,4.60604673774078e-16,18
72,3,8,reply_null,0,722356,7,0.9414913761820262,3.111111111111111,0.42679484043554716,4.63715208265281e-16,18
72,3,8,reply_null,0,722356,8,1.0071806194220032,3.5555555555555554,0.45712381377840944,6.821052159254753e-16,18
72,3,8,reply_null,0,722356,9,1.0443684872834755,4.0,0.47725611961922715,6.823025304002729e-16,18
72,3,8,reply_null,0,722356,10,1.1445932243230914,4.444444444444445,0.5315829252534661,6.82328900138578e-16,18
72,3,8,reply_null,0,722356,11,1.166175810751565,4.888888888888889,0.5441569533089294,6.823793873549488e-16,18
72,3,8,reply_null,0,722356,12,1.3224413455485984,5.333333333333333,0.6296171805298931,6.85304692901376e-16,18
72,3,8,reply_null,0,722356,13,1.4137871837736964,5.777777777777778,0.6884914866371118,6.853088195967732e-16,18
72,3,8,reply_null,0,722356,14,1.4351643842325386,6.222222222222222,0.7025025471007112,6.857966855490198e-16,18
72,3,8,reply_null,0,722356,15,1.5369694894715664,6.666666666666667,0.7656972775321852,6.858862772981682e-16,18
72,3,8,reply_null,0,722356,16,1.5746383254999132,7.111111111111111,0.7874529033629905,6.859604531060458e-16,18
72,3,8,reply_null,0,722356,17,1.6122998697747855,7.555555555555555,0.8145376985042235,6.859684729370934e-16,18
72,3,8,reply_null,0,722356,18,1.6541026478034118,8.0,0.8404024594201259,6.859684730349837e-16,18
72,3,8,reply_null,1,722357,0,0.0,0.0,0.0,0.0,18
72,3,8,reply_null,1,722357,1,0.08732236498376726,0.4444444444444444,0.034218151236511486,4.440892098500626e-16,18
72,3,8,reply_null,1,722357,2,0.19213963767258724,0.8888888888888888,0.07566494467557829,3.331045794332055e-16,18
72,3,8,reply_null,1,722357,3,0.21134457008319096,1.3333333333333333,0.08353144171261173,3.340700231874772e-16,18
72,3,8,reply_null,1,722357,4,0.2995847158564651,1.7777777777777777,0.12078621696017493,3.354212028712377e-16,18
72,3,8,reply_null,1,722357,5,0.35897801972061283,2.2222222222222223,0.14601316735093442,3.3545340889880257e-16,18
72,3,8,reply_null,1,722357,6,0.48939251533273015,2.6666666666666665,0.2072001916180664,3.361165344022739e-16,18
72,3,8,reply_null,1,722357,7,0.5340768997547394,3.111111111111111,0.2260906936535089,3.365902475684841e-16,18
72,3,8,reply_null,1,722357,8,0.5439534197859958,3.5555555555555554,0.23017130447806664,3.3677179571808945e-16,18
72,3,8,reply_null,1,722357,9,0.6387387420920968,4.0,0.27371586287998184,3.3690432203542524e-16,18
72,3,8,reply_null,1,722357,10,0.842930650130751,4.444444444444445,0.37833219831872217,3.369626614218663e-16,18
72,3,8,reply_null,1,722357,11,0.9356963495853856,4.888888888888889,0.42411568266796096,3.3705098015590317e-16,18
72,3,8,reply_null,1,722357,12,0.9889946045169914,5.333333333333333,0.44826669663649715,3.372228515273792e-16,18
72,3,8,reply_null,1,722357,13,1.1685406223283934,5.777777777777778,0.541596668422738,3.3727659865255724e-16,18
72,3,8,reply_null,1,722357,14,1.2815006575878245,6.222222222222222,0.6049026436377838,3.40213810803687e-16,18
72,3,8,reply_null,1,722357,15,1.3606496500789038,6.666666666666667,0.6565096699647041,3.476086299315679e-16,18
72,3,8,reply_null,1,722357,16,1.382287356892858,7.111111111111111,0.6682388337116266,3.52193129638433e-16,18
72,3,8,reply_null,1,722357,17,1.4061489590604799,7.555555555555555,0.6816519457692694,3.522165046390827e-16,18
72,3,8,reply_null,1,722357,18,1.468161651857193,8.0,0.7200122986341285,3.8758786247135384e-16,18
72,3,8,reply_null,2,722358,0,0.0,0.0,0.0,0.0,18
72,3,8,reply_null,2,722358,1,0.09444810145375143,0.4444444444444444,0.037144545917037114,2.220446049250313e-16,18
72,3,8,reply_null,2,722358,2,0.18542850961004914,0.8888888888888888,0.07449930727040059,2.222854745110367e-16,18
72,3,8,reply_null,2,722358,3,0.20416281492972588,1.3333333333333333,0.08160907096398878,2.2236740644096e-16,18
72,3,8,reply_null,2,722358,4,0.21592395593960942,1.7777777777777777,0.08628605478709454,2.2642161142316966e-16,18
72,3,8,reply_null,2,722358,5,0.3601049522052605,2.2222222222222223,0.14755253575948926,2.366755756610587e-16,18
72,3,8,reply_null,2,722358,6,0.4293050677347136,2.6666666666666665,0.1803503841536024,2.372123967749807e-16,18
72,3,8,reply_null,2,722358,7,0.45364643470047894,3.111111111111111,0.19074407842098753,2.3737173825192514e-16,18
72,3,8,reply_null,2,722358,8,0.645750390079065,3.5555555555555554,0.295428026368209,2.3758437003846206e-16,18
72,3,8,reply_null,2,722358,9,0.7048509944809022,4.0,0.321248918141407,2.4123377702669114e-16,18
72,3,8,reply_null,2,722358,10,0.759240089070636,4.444444444444445,0.3499559117475606,2.72947541060251e-16,18
72,3,8,reply_null,2,722358,11,0.7868066086885196,4.888888888888889,0.3627961638101548,2.9175068620746643e-16,18
72,3,8,reply_null,2,722358,12,0.8337376914141279,5.333333333333333,0.3867518020826168,4.5329333151049095e-16,18
72,3,8,reply_null,2,722358,13,0.8928788275113402,5.777777777777778,0.4118335066567077,4.535393903267361e-16,18
72,3,8,reply_null,2,722358,14,0.9327741302408183,6.222222222222222,0.4334017472335909,4.539630970111018e-16,18
72,3,8,reply_null,2,722358,15,1.1336006568404056,6.666666666666667,0.5422053344237057,4.542304921482337e-16,18
72,3,8,reply_null,2,722358,16,1.1796767522424345,7.111111111111111,0.5634114496122237,6.774963784234081e-16,18
72,3,8,reply_null,2,722358,17,1.2442169744663514,7.555555555555555,0.5988798773647116,6.791278663329978e-16,18
72,3,8,reply_null,2,722358,18,1.30843901450243,8.0,0.6379935005801634,6.823919593048918e-16,18
72,3,8,reply_null,3,722359,0,0.0,0.0,0.0,0.0,18
72,3,8,reply_null,3,722359,1,0.09334399806115815,0.4444444444444444,0.03668974684445244,1.1102230246251565e-16,18
72,3,8,reply_null,3,722359,2,0.16106349292225636,0.8888888888888888,0.0631327008571665,2.2303965975490203e-16,18
72,3,8,reply_null,3,722359,3,0.2171467828593494,1.3333333333333333,0.08516524716764826,4.44092661984359e-16,18
72,3,8,reply_null,3,722359,4,0.3200981757201774,1.7777777777777777,0.12838241110706453,4.452257798142554e-16,18
72,3,8,reply_null,3,722359,5,0.5642860382742021,2.2222222222222223,0.24126845618670542,4.458219016401233e-16,18
72,3,8,reply_null,3,722359,6,0.5768723933074196,2.6666666666666665,0.24749093933043714,4.466836618408341e-16,18
72,3,8,reply_null,3,722359,7,0.5965099492471513,3.111111111111111,0.2564711469259142,4.46790137812386e-16,18
72,3,8,reply_null,3,722359,8,0.6852373165928343,3.5555555555555554,0.2955371833042488,4.469670906037495e-16,18
72,3,8,reply_null,3,722359,9,0.8192440948659171,4.0,0.3680655130401653,4.46986252810315e-16,18
72,3,8,reply_null,3,722359,10,0.8435308654296938,4.444444444444445,0.3785458786197126,4.47419351174598e-16,18
72,3,8,reply_null,3,722359,11,0.9288863092831993,4.888888888888889,0.4208488290307524,4.476474229822131e-16,18
72,3,8,reply_null,3,722359,12,1.0032688816993987,5.333333333333333,0.46626637842577967,4.501245012111641e-16,18
72,3,8,reply_null,3,722359,13,1.0447324199823202,5.777777777777778,0.4849972378265615,4.50124853121526e-16,18
72,3,8,reply_null,3,722359,14,1.0715697011558558,6.222222222222222,0.4977655974955467,4.544012082810613e-16,18
72,3,8,reply_null,3,722359,15,1.1499518022353967,6.666666666666667,0.5380058817726384,4.549908337773616e-16,18
72,3,8,reply_null,3,722359,16,1.3322025715680663,7.111111111111111,0.640188960821823,4.651106805810575e-16,18
72,3,8,reply_null,3,722359,17,1.3990655197151907,7.555555555555555,0.6820917412427483,4.663425233586153e-16,18
72,3,8,reply_null,3,722359,18,1.5007040008666754,8.0,0.7407235790031689,4.665496887333682e-16,18
72,3,8,reply_null,4,722360,0,0.0,0.0,0.0,0.0,18
72,3,8,reply_null,4,722360,1,0.0441272920914615,0.4444444444444444,0.016918268004137375,2.220446049250313e-16,18
72,3,8,reply_null,4,722360,2,0.14812285329102928,0.8888888888888888,0.05967670994260283,4.447574948469196e-16,18
72,3,8,reply_null,4,722360,3,0.19977303131634727,1.3333333333333333,0.07958072896373908,4.448581714924869e-16,18
72,3,8,reply_null,4,722360,4,0.4474341665724174,1.7777777777777777,0.1921349358737915,4.451853403819383e-16,18
72,3,8,reply_null,4,722360,5,0.7080960186172749,2.2222222222222223,0.3206773820913468,4.452281533758573e-16,18
72,3,8,reply_null,4,722360,6,0.8073392793479177,2.6666666666666665,0.36973210569597814,4.461197076733134e-16,18
72,3,8,reply_null,4,722360,7,0.8323634891237082,3.111111111111111,0.38194795858549574,4.524343058956472e-16,18
72,3,8,reply_null,4,722360,8,0.9053395741257197,3.5555555555555554,0.42036633514595884,4.524399063200907e-16,18
72,3,8,reply_null,4,722360,9,0.9496684568431015,4.0,0.4436633232821286,5.70090137563851e-16,18
72,3,8,reply_null,4,722360,10,0.9990495837436255,4.444444444444445,0.46727475677303715,5.739727334821153e-16,18
72,3,8,reply_null,4,722360,11,1.0295903240555269,4.888888888888889,0.4811653876287968,5.73973446852191e-16,18
72,3,8,reply_null,4,722360,12,1.087770140264409,5.333333333333333,0.5078012627358733,4.830246362150367e-16,18
72,3,8,reply_null,4,722360,13,1.1273693038594612,5.777777777777778,0.5309235617622848,6.753179092654008e-16,18
72,3,8,reply_null,4,722360,14,1.1882107202442833,6.222222222222222,0.5618630190564016,6.761699047821996e-16,18
72,3,8,reply_null,4,722360,15,1.2276595369738734,6.666666666666667,0.5817100854822599,6.763562092368525e-16,18
72,3,8,reply_null,4,722360,16,1.3117786791649388,7.111111111111111,0.63493263097775,6.970692264814917e-16,18
72,3,8,reply_null,4,722360,17,1.3725827642952986,7.555555555555555,0.6713833393167502,6.977244494519635e-16,18
72,3,8,reply_null,4,722360,18,1.3847565403712006,8.0,0.6778404409053824,6.977647216256153e-16,18
72,3,8,reply_null,5,722361,0,0.0,0.0,0.0,0.0,18
72,3,8,reply_null,5,722361,1,0.06951755729798009,0.4444444444444444,0.026996580863587343,1.1102230246251565e-16,18
72,3,8,reply_null,5,722361,2,0.15341309609835369,0.8888888888888888,0.060362138159816885,1.1214169514843012e-16,18
72,3,8,reply_null,5,722361,3,0.15698114957149514,1.3333333333333333,0.06185661104732163,2.230801940737138e-16,18
72,3,8,reply_null,5,722361,4,0.24332987742220333,1.7777777777777777,0.09575167648378083,2.230951690950803e-16,18
72,3,8,reply_null,5,722361,5,0.30861671538135865,2.2222222222222223,0.12362540624842125,3.397543125856218e-16,18
72,3,8,reply_null,5,722361,6,0.3550548029453303,2.6666666666666665,0.1438431773733001,3.398825094664596e-16,18
72,3,8,reply_null,5,722361,7,0.6547670704243834,3.111111111111111,0.2941759155365724,3.412125637931571e-16,18
72,3,8,reply_null,5,722361,8,0.7981482102561663,3.5555555555555554,0.36390257582788804,3.7169472082229536e-16,18
72,3,8,reply_null,5,722361,9,0.8162375191578934,4.0,0.37313382803604717,3.7182644323049143e-16,18
72,3,8,reply_null,5,722361,10,1.0817726714674667,4.444444444444445,0.5097811346043436,3.7189760912202037e-16,18
72,3,8,reply_null,5,722361,11,1.102535694500825,4.888888888888889,0.5204516405474728,3.7351186677416236e-16,18
72,3,8,reply_null,5,722361,12,1.1170574566642486,5.333333333333333,0.5289556312476225,3.761804625544853e-16,18
72,3,8,reply_null,5,722361,13,1.2077832013329908,5.777777777777778,0.5863295786740323,3.783525219794601e-16,18
72,3,8,reply_null,5,722361,14,1.3080153138082768,6.222222222222222,0.6324718486221914,3.8051883333307777e-16,18
72,3,8,reply_null,5,722361,15,1.516088698453105,6.666666666666667,0.7579270680916128,4.666033649814114e-16,18
72,3,8,reply_null,5,722361,16,1.6025100050139502,7.111111111111111,0.8110414910984707,4.642626443040841e-16,18
72,3,8,reply_null,5,722361,17,1.6216366640367013,7.555555555555555,0.8224056331104584,4.642737326657902e-16,18
72,3,8,reply_null,5,722361,18,1.670497985040328,8.0,0.8525655438057699,4.64274182754901e-16,18
72,3,8,reply_null,6,722362,0,0.0,0.0,0.0,0.0,18
72,3,8,reply_null,6,722362,1,0.1729407688782472,0.4444444444444444,0.07079838348616425,1.1102230246251565e-16,18
72,3,8,reply_null,6,722362,2,0.2616086212608945,0.8888888888888888,0.10836695745592712,9.993841644217243e-16,18
72,3,8,reply_null,6,722362,3,0.4859025936470033,1.3333333333333333,0.20991846826075866,9.994136125565488e-16,18
72,3,8,reply_null,6,722362,4,0.5357585332679695,1.7777777777777777,0.23091006973118153,1.00349630437016e-15,18
72,3,8,reply_null,6,722362,5,0.7195973355491454,2.2222222222222223,0.3111107040751606,1.005724332021209e-15,18
72,3,8,reply_null,6,722362,6,0.7846552890097382,2.6666666666666665,0.345805221310025,1.005748833191433e-15,18
72,3,8,reply_null,6,722362,7,0.8928450949217802,3.111111111111111,0.40060543977272717,1.0059124694475246e-15,18
72,3,8,reply_null,6,722362,8,0.9000510155031587,3.5555555555555554,0.40393403566939623,1.006071058190019e-15,18
72,3,8,reply_null,6,722362,9,0.9233166182642646,4.0,0.4176358310491124,1.0061055849938413e-15,18
72,3,8,reply_null,6,722362,10,1.0589106962119355,4.444444444444445,0.4847813283058199,1.0064196503076175e-15,18
72,3,8,reply_null,6,722362,11,1.121403223064494,4.888888888888889,0.5161431100728953,1.0064332954619426e-15,18
72,3,8,reply_null,6,722362,12,1.1788446593868664,5.333333333333333,0.5484097731702546,1.009457995024099e-15,18
72,3,8,reply_null,6,722362,13,1.2246656440339527,5.777777777777778,0.5741375868702377,1.0094984912951639e-15,18
72,3,8,reply_null,6,722362,14,1.2377069720906606,6.222222222222222,0.5807285994520005,1.0095154964554467e-15,18
72,3,8,reply_null,6,722362,15,1.3435727315766215,6.666666666666667,0.6433590011571408,1.0095316245089256e-15,18
72,3,8,reply_null,6,722362,16,1.4434429378434424,7.111111111111111,0.7040318938161971,1.0086510147080691e-15,18
72,3,8,reply_null,6,722362,17,1.492630881468586,7.555555555555555,0.7322015570899562,1.0097529075863934e-15,18
72,3,8,reply_null,6,722362,18,1.567095284844167,8.0,0.7819147869009594,1.009765474352723e-15,18
72,3,8,reply_null,7,722363,0,0.0,0.0,0.0,0.0,18
72,3,8,reply_null,7,722363,1,0.1348624386158643,0.4444444444444444,0.054142256668380136,2.220446049250313e-16,18
72,3,8,reply_null,7,722363,2,0.40047867508983553,0.8888888888888888,0.16987534904730994,4.443261169131426e-16,18
72,3,8,reply_null,7,722363,3,0.42834116010405526,1.3333333333333333,0.18112665754932464,4.44878647320017e-16,18
72,3,8,reply_null,7,722363,4,0.4615113568122733,1.7777777777777777,0.19508445647453687,4.448843641982296e-16,18
72,3,8,reply_null,7,722363,5,0.5553634309145172,2.2222222222222223,0.2373274892469819,4.448876540578464e-16,18
72,3,8,reply_null,7,722363,6,0.5730897963252133,2.6666666666666665,0.24490233710207374,5.583014092555056e-16,18
72,3,8,reply_null,7,722363,7,0.6995834209900377,3.111111111111111,0.29919315731440455,5.668422102356439e-16,18
72,3,8,reply_null,7,722363,8,0.7390801890846755,3.5555555555555554,0.31773762460220045,5.671596594637315e-16,18
72,3,8,reply_null,7,722363,9,0.7582841144106915,4.0,0.32707798524298193,5.702285442435403e-16,18
72,3,8,reply_null,7,722363,10,0.9369120065408723,4.444444444444445,0.4171221612455877,5.807009188687408e-16,18
72,3,8,reply_null,7,722363,11,0.9901082037625399,4.888888888888889,0.4457549093514874,5.807057131713765e-16,18
72,3,8,reply_null,7,722363,12,1.2729265831457361,5.333333333333333,0.6011181292545115,5.681644092880622e-16,18
72,3,8,reply_null,7,722363,13,1.3687952253823519,5.777777777777778,0.6623504808450238,5.681844222682666e-16,18
72,3,8,reply_null,7,722363,14,1.415225882675025,6.222222222222222,0.6896624453092032,8.957270835909698e-16,18
72,3,8,reply_null,7,722363,15,1.4806569444743354,6.666666666666667,0.7277983329540418,8.957308606299383e-16,18
72,3,8,reply_null,7,722363,16,1.4839009055155297,7.111111111111111,0.7297926736767373,8.962023793543268e-16,18
72,3,8,reply_null,7,722363,17,1.514802957989462,7.555555555555555,0.7474323585179179,8.962370386226555e-16,18
72,3,8,reply_null,7,722363,18,1.5745733285129226,8.0,0.785480100893824,8.976783913570817e-16,18
72,3,32,random,0,722364,0,0.0,0.0,0.0,0.0,18
72,3,32,random,0,722364,1,0.21267996628073987,1.7777777777777777,0.022217691543018267,2.220446049250313e-16,18
72,3,32,random,0,722364,2,0.3370750971183596,3.5555555555555554,0.0368099856453165,8.445493305721323e-17,18
72,3,32,random,0,722364,3,0.49362910892982903,5.333333333333333,0.0537261185949906,3.3712981170581177e-16,18
72,3,32,random,0,722364,4,0.8361948870453826,7.111111111111111,0.0970804699193262,3.405090104856013e-16,18
72,3,32,random,0,722364,5,1.4672179609362797,8.88888888888889,0.2210320574074898,3.470600136636161e-16,18
72,3,32,random,0,722364,6,2.040483596998421,10.666666666666666,0.34842844936727574,3.480225942599516e-16,18
72,3,32,random,0,722364,7,2.145848973403454,12.444444444444445,0.37175596507719677,3.4823745121622056e-16,18
72,3,32,random,0,722364,8,2.5745307551979786,14.222222222222221,0.4356514317703712,8.902580829406115e-16,18
72,3,32,random,0,722364,9,2.7510953922795034,16.0,0.4800872869047952,8.903291541510827e-16,18
72,3,32,random,0,722364,10,2.764968589472934,17.77777777777778,0.4849921628022795,8.93196985127725e-16,18
72,3,32,random,0,722364,11,3.288653227706625,19.555555555555557,0.5919011679521095,8.93343191712002e-16,18
72,3,32,random,0,722364,12,3.564019582091982,21.333333333333332,0.7146831622837523,8.918547057454503e-16,18
72,3,32,random,0,722364,13,3.5951056260864105,23.11111111111111,0.7227633089197781,8.92200683531811e-16,18
72,3,32,random,0,722364,14,3.7804730384861918,24.88888888888889,0.7946706784089873,8.927290833526523e-16,18
72,3,32,random,0,722364,15,3.945810802069067,26.666666666666668,0.8471907995125051,8.970842466858277e-16,18
72,3,32,random,0,722364,16,3.9954582661521836,28.444444444444443,0.8622981735604313,8.962292178724933e-16,18
72,3,32,random,0,722364,17,4.065188208857165,30.22222222222222,0.8898994057424895,8.963542671905775e-16,18
72,3,32,random,0,722364,18,4.149925279544047,32.0,0.9218500064962181,8.967287442650018e-16,18
72,3,32,random,1,722365,0,0.0,0.0,0.0,0.0,18
72,3,32,random,1,722365,1,0.6657248650367923,1.7777777777777777,0.08867817426560103,0.0,18
72,3,32,random,1,722365,2,0.9073294200492297,3.5555555555555554,0.11610101787424817,2.2859146651444897e-16,18
72,3,32,random,1,722365,3,1.1812955659399802,5.333333333333333,0.15263175207613427,2.2992540601651764e-16,18
72,3,32,random,1,722365,4,1.8696836824538139,7.111111111111111,0.25253563174684585,2.790057586167904e-16,18
72,3,32,random,1,722365,5,2.0854095936312147,8.88888888888889,0.2908665944458929,2.7951206871078454e-16,18
72,3,32,random,1,722365,6,2.578750421410763,10.666666666666666,0.4128948397471075,2.799228762111906e-16,18
72,3,32,random,1,722365,7,2.891185280677387,12.444444444444445,0.49063654044267285,5.619591878357356e-16,18
72,3,32,random,1,722365,8,3.0199471503307587,14.222222222222221,0.5172282182851847,5.620756508255234e-16,18
72,3,32,random,1,722365,9,3.318000130445448,16.0,0.6079929143092961,5.620764134781866e-16,18
72,3,32,random,1,722365,10,3.5054388302687003,17.77777777777778,0.6461457214212503,5.666667464995495e-16,18
72,3,32,random,1,722365,11,3.58966720817725,19.555555555555557,0.6719716370958185,5.670556699019947e-16,18
72,3,32,random,1,722365,12,3.781570345297018,21.333333333333332,0.7243055073741415,5.644770018108184e-16,18
72,3,32,random,1,722365,13,4.1017405610817494,23.11111111111111,0.8347949400434479,5.645688901350998e-16,18
72,3,32,random,1,722365,14,4.121372333562719,24.88888888888889,0.8419488042968555,5.696406861721135e-16,18
72,3,32,random,1,722365,15,4.221438211522644,26.666666666666668,0.8792576851066373,5.701302738412211e-16,18
72,3,32,random,1,722365,16,4.387695108840414,28.444444444444443,0.9498317830273295,5.750885081536811e-16,18
72,3,32,random,1,722365,17,4.457364462477056,30.22222222222222,0.9782430148820083,5.751572315930295e-16,18
72,3,32,random,1,722365,18,4.541125686115871,32.0,1.0141897095942072,5.7588597096138815e-16,18
72,3,32,random,2,722366,0,0.0,0.0,0.0,0.0,18
72,3,32,random,2,722366,1,0.42117035045413714,1.7777777777777777,0.049100983758179326,2.220446049250313e-16,18
72,3,32,random,2,722366,2,0.6332647374452347,3.5555555555555554,0.07679867831658058,4.448643349663863e-16,18
72,3,32,random,2,722366,3,0.7366324441260859,5.333333333333333,0.08964231785679284,4.449080393249412e-16,18
72,3,32,random,2,722366,4,0.8526329098166621,7.111111111111111,0.10370421661196927,4.451547320534792e-16,18
72,3,32,random,2,722366,5,1.2071177369791015,8.88888888888889,0.15225607565420057,4.455004735069743e-16,18
72,3,32,random,2,722366,6,1.3619135221023113,10.666666666666666,0.17467105216761844,4.457246657196642e-16,18
72,3,32,random,2,722366,7,1.579251485598504,12.444444444444445,0.2125647627567647,4.465008367618167e-16,18
72,3,32,random,2,722366,8,1.7135657550415788,14.222222222222221,0.24186362167069952,4.465966153288993e-16,18
72,3,32,random,2,722366,9,2.273967402539882,16.0,0.34781284324492256,4.488553255863746e-16,18
72,3,32,random,2,722366,10,2.5471873559572424,17.77777777777778,0.39253129845250734,4.491101196917287e-16,18
72,3,32,random,2,722366,11,2.6388888109182798,19.555555555555557,0.4182497320332635,4.491104487151309e-16,18
72,3,32,random,2,722366,12,3.0612142126317967,21.333333333333332,0.5098584265856203,4.724013030733766e-16,18
72,3,32,random,2,722366,13,3.1880320871923757,23.11111111111111,0.5389407909355828,4.7337045558894e-16,18
72,3,32,random,2,722366,14,3.2378790887854936,24.88888888888889,0.5508216695567049,4.743829973176166e-16,18
72,3,32,random,2,722366,15,3.3291196697783683,26.666666666666668,0.5768475449691247,4.759678140846646e-16,18
72,3,32,random,2,722366,16,3.3495347344101836,28.444444444444443,0.5820093659378319,4.525443157131469e-16,18
72,3,32,random,2,722366,17,3.636353147199866,30.22222222222222,0.6746136553569706,4.535962705851001e-16,18
72,3,32,random,2,722366,18,3.7408913664057053,32.0,0.7079858169193101,4.538452145419041e-16,18
72,3,32,random,3,722367,0,0.0,0.0,0.0,0.0,18
72,3,32,random,3,722367,1,0.4120969269108926,1.7777777777777777,0.047810698782109,0.0,18
72,3,32,random,3,722367,2,0.6245914394600465,3.5555555555555554,0.08107044872114895,2.2262234461304536e-16,18
72,3,32,random,3,722367,3,0.945264353480256,5.333333333333333,0.12079579019050357,2.313530714660972e-16,18
72,3,32,random,3,722367,4,1.135907550838729,7.111111111111111,0.14928497316980097,3.3816691947204137e-16,18
72,3,32,random,3,722367,5,1.268189598928946,8.88888888888889,0.1682394628852809,3.4426055147578683e-16,18
72,3,32,random,3,722367,6,1.3616359414326022,10.666666666666666,0.18710253519458028,3.450913823125552e-16,18
72,3,32,random,3,722367,7,1.9855493408615628,12.444444444444445,0.28236698374119934,3.454719773169374e-16,18
72,3,32,random,3,722367,8,2.0467111876563377,14.222222222222221,0.29105220211827604,3.461919790670026e-16,18
72,3,32,random,3,722367,9,2.1491939986929522,16.0,0.31096416488030454,4.521798004551094e-16,18
72,3,32,random,3,722367,10,2.273623065911285,17.77777777777778,0.33844236878419964,4.544584344091676e-16,18
72,3,32,random,3,722367,11,2.652887780206215,19.555555555555557,0.4042400119529439,4.554512086239161e-16,18
72,3,32,random,3,722367,12,2.7447055621555942,21.333333333333332,0.42306462741131745,3.5323638436268323e-16,18
72,3,32,random,3,722367,13,2.900078461422276,23.11111111111111,0.4642793397825491,5.651025260272373e-16,18
72,3,32,random,3,722367,14,3.1095798016440437,24.88888888888889,0.5250939611890318,5.654256487561639e-16,18
72,3,32,random,3,722367,15,3.2797013558354187,26.666666666666668,0.5724605623557418,5.668232733673118e-16,18
72,3,32,random,3,722367,16,3.5037639455857157,28.444444444444443,0.6542458672170129,5.845357038285525e-16,18
72,3,32,random,3,722367,17,3.833029245198005,30.22222222222222,0.7794163422997664,5.846386541003404e-16,18
72,3,32,random,3,722367,18,4.010831202713068,32.0,0.8359478606977261,5.848866846239254e-16,18
72,3,32,random,4,722368,0,0.0,0.0,0.0,0.0,18
72,3,32,random,4,722368,1,0.2006085340977744,1.7777777777777777,0.020826210898370945,2.220446049250313e-16,18
72,3,32,random,4,722368,2,0.280505911543975,3.5555555555555554,0.028764621371046514,2.2246807319833877e-16,18
72,3,32,random,4,722368,3,0.6864194072783488,5.333333333333333,0.07954691132325066,2.235393060827527e-16,18
72,3,32,random,4,722368,4,1.0532419839472624,7.111111111111111,0.1256812513359805,6.701750454248592e-16,18
72,3,32,random,4,722368,5,1.2138641907766472,8.88888888888889,0.15161001669423788,6.708698227361725e-16,18
72,3,32,random,4,722368,6,1.3968540131408451,10.666666666666666,0.18499129140966797,6.711149066814623e-16,18
72,3,32,random,4,722368,7,1.8131517294556927,12.444444444444445,0.252541517662631,6.711592648916284e-16,18
72,3,32,random,4,722368,8,2.028322624858023,14.222222222222221,0.307296506540636,6.715841609731671e-16,18
72,3,32,random,4,722368,9,2.3985358141267925,16.0,0.37013182863093014,6.723287434721319e-16,18
72,3,32,random,4,722368,10,2.736173636460796,17.77777777777778,0.43074803463521827,6.769550496211039e-16,18
72,3,32,random,4,722368,11,2.7766851265067816,19.555555555555557,0.4396051414427635,6.769623747146766e-16,18
72,3,32,random,4,722368,12,2.9685856857431743,21.333333333333332,0.48867358744705625,6.726229068106664e-16,18
72,3,32,random,4,722368,13,3.2267180611086648,23.11111111111111,0.566888462154582,6.753957697341243e-16,18
72,3,32,random,4,722368,14,3.2706412206396682,24.88888888888889,0.5799495358542643,6.753957986080549e-16,18
72,3,32,random,4,722368,15,3.5142736563549004,26.666666666666668,0.6562585206841739,6.753960777544864e-16,18
72,3,32,random,4,722368,16,3.569058545774933,28.444444444444443,0.6725618046271863,6.801504751957514e-16,18
72,3,32,random,4,722368,17,3.6114231248910125,30.22222222222222,0.686145826250465,6.804751341245118e-16,18
72,3,32,random,4,722368,18,3.6598282987986037,32.0,0.7007528629768652,6.813541602104994e-16,18
72,3,32,random,5,722369,0,0.0,0.0,0.0,0.0,18
72,3,32,random,5,722369,1,0.8845006722849025,1.7777777777777777,0.1332913903344836,0.0,18
72,3,32,random,5,722369,2,1.3441370994477402,3.5555555555555554,0.19207328344726649,2.2519408970641257e-16,18
72,3,32,random,5,722369,3,1.596967387261222,5.333333333333333,0.22448484315502668,2.267065197485459e-16,18
72,3,32,random,5,722369,4,1.8086469502926212,7.111111111111111,0.2725864073944827,2.2678998218131394e-16,18
72,3,32,random,5,722369,5,2.076171964207637,8.88888888888889,0.3207110417888723,2.267988782188463e-16,18
72,3,32,random,5,722369,6,2.5988987068958505,10.666666666666666,0.4319071820961641,2.5535800606076695e-16,18
72,3,32,random,5,722369,7,2.806468889279744,12.444444444444445,0.4741155250904185,2.559143229249342e-16,18
72,3,32,random,5,722369,8,2.8654255375103963,14.222222222222221,0.48807988521007734,2.5724919559427597e-16,18
72,3,32,random,5,722369,9,3.1288448904731063,16.0,0.5563202391651956,2.596756363117116e-16,18
72,3,32,random,5,722369,10,3.351586213791164,17.77777777777778,0.6097214081401654,4.728431941712809e-16,18
72,3,32,random,5,722369,11,3.5714166008282566,19.555555555555557,0.6584934847924089,4.742842002120581e-16,18
72,3,32,random,5,722369,12,3.6924507022117226,21.333333333333332,0.6987819261679062,2.939217903507085e-16,18
72,3,32,random,5,722369,13,3.827054295179109,23.11111111111111,0.7417225326978496,2.945209878168674e-16,18
72,3,32,random,5,722369,14,3.9128275980914804,24.88888888888889,0.7730898588472925,2.9466058480056643e-16,18
72,3,32,random,5,722369,15,3.978367349372605,26.666666666666668,0.7982288707557185,2.991940627860703e-16,18
72,3,32,random,5,722369,16,4.171067929785651,28.444444444444443,0.8786390985690765,4.770811284509319e-16,18
72,3,32,random,5,722369,17,4.304370729765662,30.22222222222222,0.934980705236426,4.774888875660419e-16,18
72,3,32,random,5,722369,18,4.446301740435067,32.0,0.9866709171861595,4.785252653713105e-16,18
72,3,32,random,6,722370,0,0.0,0.0,0.0,0.0,18
72,3,32,random,6,722370,1,0.5326381191226153,1.7777777777777777,0.0659456448411069,4.440892098500626e-16,18
72,3,32,random,6,722370,2,0.5884670469202352,3.5555555555555554,0.07439422598287429,2.227665084369406e-16,18
72,3,32,random,6,722370,3,1.4509216281447999,5.333333333333333,0.20624434055052476,3.3466876122910475e-16,18
72,3,32,random,6,722370,4,1.5355650069797366,7.111111111111111,0.2255098396217732,3.3605577268628566e-16,18
72,3,32,random,6,722370,5,2.1480632603012184,8.88888888888889,0.329610839972652,4.447281738827506e-16,18
72,3,32,random,6,722370,6,2.620225811958952,10.666666666666666,0.43450139346612293,4.450789117620381e-16,18
72,3,32,random,6,722370,7,2.818188473741766,12.444444444444445,0.4788526430408988,4.451734228681002e-16,18
72,3,32,random,6,722370,8,3.254506627871746,14.222222222222221,0.5743479949148536,4.521345860217911e-16,18
72,3,32,random,6,722370,9,3.299698933432131,16.0,0.589101930597211,4.531826037425008e-16,18
72,3,32,random,6,722370,10,3.5604500659004663,17.77777777777778,0.6715426929596461,4.541351300791089e-16,18
72,3,32,random,6,722370,11,3.700364354946908,19.555555555555557,0.7188591587589516,4.544786176324474e-16,18
72,3,32,random,6,722370,12,3.8345040710025327,21.333333333333332,0.757201810946569,4.5897218886024355e-16,18
72,3,32,random,6,722370,13,3.875656743005732,23.11111111111111,0.7739899662154057,4.620569691761595e-16,18
72,3,32,random,6,722370,14,4.095855143472271,24.88888888888889,0.8397864051849732,4.633373561323786e-16,18
72,3,32,random,6,722370,15,4.178302236720002,26.666666666666668,0.8725882225072671,6.794996895381521e-16,18
72,3,32,random,6,722370,16,4.359785794721821,28.444444444444443,0.9559137129214457,6.832868688861014e-16,18
72,3,32,random,6,722370,17,4.392003200902129,30.22222222222222,0.9663115360348841,6.844666874150825e-16,18
72,3,32,random,6,722370,18,4.490404351472599,32.0,1.0114940510829495,6.847252121936396e-16,18
72,3,32,random,7,722371,0,0.0,0.0,0.0,0.0,18
72,3,32,random,7,722371,1,0.367333798051371,1.7777777777777777,0.041613731526506215,2.220446049250313e-16,18
72,3,32,random,7,722371,2,0.6619870746827292,3.5555555555555554,0.0760403845593787,4.441201553463921e-16,18
72,3,32,random,7,722371,3,1.2855819102545207,5.333333333333333,0.15863693153488834,4.441287318928111e-16,18
72,3,32,random,7,722371,4,1.467892191945504,7.111111111111111,0.18714654015226073,4.441713053161649e-16,18
72,3,32,random,7,722371,5,1.5346665979011853,8.88888888888889,0.19974826868677867,4.45186583062376e-16,18
72,3,32,random,7,722371,6,1.8022228141862313,10.666666666666666,0.24323494208385826,4.456604616268009e-16,18
72,3,32,random,7,722371,7,1.920879103557724,12.444444444444445,0.2614011893566184,4.457265114893433e-16,18
72,3,32,random,7,722371,8,2.095687096290162,14.222222222222221,0.28758458180971314,4.457282815196112e-16,18
72,3,32,random,7,722371,9,2.268659672058167,16.0,0.3235871402996316,4.468414259651608e-16,18
72,3,32,random,7,722371,10,2.3613559183443877,17.77777777777778,0.34210758085427734,4.470005608360006e-16,18
72,3,32,random,7,722371,11,2.7879535849058,19.555555555555557,0.44054271209368173,4.493304947928085e-16,18
72,3,32,random,7,722371,12,3.153508254930852,21.333333333333332,0.5305643573278687,5.830121721119928e-16,18
72,3,32,random,7,722371,13,3.1624151176177064,23.11111111111111,0.5331383777823111,5.83092032422351e-16,18
72,3,32,random,7,722371,14,3.1886758102251562,24.88888888888889,0.5410092130437727,5.862212854474187e-16,18
72,3,32,random,7,722371,15,3.247494525514508,26.666666666666668,0.5571173419376141,5.881104313804762e-16,18
72,3,32,random,7,722371,16,3.395432165791393,28.444444444444443,0.5973917330329398,4.557730356701745e-16,18
72,3,32,random,7,722371,17,3.4166198884482006,30.22222222222222,0.6030200914617277,4.808277474622592e-16,18
72,3,32,random,7,722371,18,3.4713596173943615,32.0,0.6189128123373752,4.828966498376383e-16,18
72,3,32,krylov,0,722372,0,0.0,0.0,0.0,0.0,18
72,3,32,krylov,0,722372,1,0.08997344009764885,1.7777777777777777,0.00882611464959443,4.440892098500626e-16,18
72,3,32,krylov,0,722372,2,0.2702716023904114,3.5555555555555554,0.029092527049727975,6.667152741297588e-16,18
72,3,32,krylov,0,722372,3,0.5001324358410276,5.333333333333333,0.060838090776331996,6.667720342373949e-16,18
72,3,32,krylov,0,722372,4,0.7278846086918553,7.111111111111111,0.10037771623027578,6.667798356797039e-16,18
72,3,32,krylov,0,722372,5,0.9680053476276139,8.88888888888889,0.153064492631798,6.911948166271897e-16,18
72,3,32,krylov,0,722372,6,1.3835349494484817,10.666666666666666,0.28021664700207605,6.911949609199178e-16,18
72,3,32,krylov,0,722372,7,1.647724039949511,12.444444444444445,0.3932946023387423,6.9158570763985e-16,18
72,3,32,krylov,0,722372,8,1.9238375324487953,14.222222222222221,0.548173538250838,6.919150835137383e-16,18
72,3,32,krylov,0,722372,9,2.135507520074693,16.0,0.6995005984771353,6.92136312539758e-16,18
72,3,32,krylov,0,722372,10,2.221456024543979,17.77777777777778,0.7706950059516751,6.944493079185759e-16,18
72,3,32,krylov,0,722372,11,2.3017701494063996,19.555555555555557,0.8429863016143986,6.952755098657632e-16,18
72,3,32,krylov,0,722372,12,2.3607890024049247,21.333333333333332,0.8999354096280282,6.935913719199034e-16,18
72,3,32,krylov,0,722372,13,2.393473548374628,23.11111111111111,0.9329501631634133,6.935953034967784e-16,18
72,3,32,krylov,0,722372,14,2.4181813129547702,24.88888888888889,0.9586336128274292,6.953700926440172e-16,18
72,3,32,krylov,0,722372,15,2.4362065170937877,26.666666666666668,0.9777750380659015,6.953701103760591e-16,18
72,3,32,krylov,0,722372,16,2.4464673429882673,28.444444444444443,0.988826370862893,6.99825359579451e-16,18
72,3,32,krylov,0,722372,17,2.4505918024889732,30.22222222222222,0.9933006338765346,6.999788640124403e-16,18
72,3,32,krylov,0,722372,18,2.4535540895165022,32.0,0.9965255640937387,7.008230658332663e-16,18
72,3,32,krylov,1,722373,0,0.0,0.0,0.0,0.0,18
72,3,32,krylov,1,722373,1,0.7761413757221788,1.7777777777777777,0.10997540650642863,4.440892098500626e-16,18
72,3,32,krylov,1,722373,2,1.259147094496492,3.5555555555555554,0.23647649230239323,2.2208679350906853e-16,18
72,3,32,krylov,1,722373,3,1.6549716376897712,5.333333333333333,0.39683732831687285,2.3175776390008804e-16,18
72,3,32,krylov,1,722373,4,1.9118691397410257,7.111111111111111,0.540536537729022,2.630152902921358e-16,18
72,3,32,krylov,1,722373,5,2.022883142495952,8.88888888888889,0.6150084712464476,2.656691514487712e-16,18
72,3,32,krylov,1,722373,6,2.1341592998797076,10.666666666666666,0.6984318426215874,2.889798280792646e-16,18
72,3,32,krylov,1,722373,7,2.238601314123378,12.444444444444445,0.785643951707389,2.984454451432641e-16,18
72,3,32,krylov,1,722373,8,2.3025464600683208,14.222222222222221,0.8437137823317344,2.993245632866895e-16,18
72,3,32,krylov,1,722373,9,2.373997841188175,16.0,0.9131479087888065,3.5736723002401044e-16,18
72,3,32,krylov,1,722373,10,2.411773142913745,17.77777777777778,0.9519113214850625,4.512892584805956e-16,18
72,3,32,krylov,1,722373,11,2.427677312399406,19.555555555555557,0.9686746464017673,4.517992661049515e-16,18
72,3,32,krylov,1,722373,12,2.4375571832705507,21.333333333333332,0.9792232885236559,3.097013673007001e-16,18
72,3,32,krylov,1,722373,13,2.4436721017290353,23.11111111111111,0.9858045340737843,3.11362024099197e-16,18
72,3,32,krylov,1,722373,14,2.448636841311026,24.88888888888889,0.9911775680206807,3.1886731988292193e-16,18
72,3,32,krylov,1,722373,15,2.4515331237659033,26.666666666666668,0.9943243795284906,3.2033470544138593e-16,18
72,3,32,krylov,1,722373,16,2.4537243932032813,28.444444444444443,0.9967112578536255,4.581114117516637e-16,18
72,3,32,krylov,1,722373,17,2.455174689361346,30.22222222222222,0.9982938969967391,4.586285100942449e-16,18
72,3,32,krylov,1,722373,18,2.4559308631310723,32.0,0.9991199842404271,4.643261830212841e-16,18
72,3,32,krylov,2,722374,0,0.0,0.0,0.0,0.0,18
72,3,32,krylov,2,722374,1,0.10509146649328174,1.7777777777777777,0.010388644481868377,4.440892098500626e-16,18
72,3,32,krylov,2,722374,2,0.22992925598247452,3.5555555555555554,0.024235403874160476,4.630972711334992e-16,18
72,3,32,krylov,2,722374,3,0.3726040739578697,5.333333333333333,0.042329018964820504,5.615704588746027e-16,18
72,3,32,krylov,2,722374,4,0.563275748089235,7.111111111111111,0.07091406238841136,5.629026594630434e-16,18
72,3,32,krylov,2,722374,5,0.7946067763159645,8.88888888888889,0.11377222475049514,6.681582864099456e-16,18
72,3,32,krylov,2,722374,6,1.002947419096634,10.666666666666666,0.16184114653836526,6.689307568414443e-16,18
72,3,32,krylov,2,722374,7,1.3091951318715227,12.444444444444445,0.25342424355392285,6.742958278545086e-16,18
72,3,32,krylov,2,722374,8,1.54810437810877,14.222222222222221,0.3471138259015632,6.749272539197076e-16,18
72,3,32,krylov,2,722374,9,1.788515889114857,16.0,0.4669284419680521,6.752692395038045e-16,18
72,3,32,krylov,2,722374,10,1.993974564925862,17.77777777777778,0.5948125954871679,6.764364158224041e-16,18
72,3,32,krylov,2,722374,11,2.16150823181369,19.555555555555557,0.7203961510775065,6.787321957706742e-16,18
72,3,32,krylov,2,722374,12,2.283944966949322,21.333333333333332,0.8264367437664967,6.775221447974026e-16,18
72,3,32,krylov,2,722374,13,2.3490704588890323,23.11111111111111,0.8883588267378822,6.775221496930039e-16,18
72,3,32,krylov,2,722374,14,2.3942788117912555,24.88888888888889,0.9337772602154578,6.775221907054828e-16,18
72,3,32,krylov,2,722374,15,2.4196214909570903,26.666666666666668,0.9601503244618399,6.872980154639697e-16,18
72,3,32,krylov,2,722374,16,2.4377926623781896,28.444444444444443,0.9794759810668978,6.866471961007653e-16,18
72,3,32,krylov,2,722374,17,2.4469795531240357,30.22222222222222,0.9893810194889888,6.86653083110324e-16,18
72,3,32,krylov,2,722374,18,2.4514662006669874,32.0,0.994251564655687,6.866594107779062e-16,18
72,3,32,krylov,3,722375,0,0.0,0.0,0.0,0.0,18
72,3,32,krylov,3,722375,1,0.24647531166966766,1.7777777777777777,0.026203836930142454,0.0,18
72,3,32,krylov,3,722375,2,0.5526470699140528,3.5555555555555554,0.06917316914811518,2.2216825532678517e-16,18
72,3,32,krylov,3,722375,3,0.8735094389666065,5.333333333333333,0.13080958945158672,4.44914339863051e-16,18
72,3,32,krylov,3,722375,4,1.0399893624638117,7.111111111111111,0.17148627361999288,4.4491703526165055e-16,18
72,3,32,krylov,3,722375,5,1.271149189954603,8.88888888888889,0.24046378223894638,4.469610246090973e-16,18
72,3,32,krylov,3,722375,6,1.508948232751892,10.666666666666666,0.3301848965637657,4.471071274426429e-16,18
72,3,32,krylov,3,722375,7,1.773641026402838,12.444444444444445,0.45865014899236534,4.50035930726397e-16,18
72,3,32,krylov,3,722375,8,1.973069494549225,14.222222222222221,0.5805675614680861,4.506177153460736e-16,18
72,3,32,krylov,3,722375,9,2.1409940915242007,16.0,0.7038647858281766,4.555059122329887e-16,18
72,3,32,krylov,3,722375,10,2.2374593349555427,17.77777777777778,0.7846402753320508,4.562489881116156e-16,18
72,3,32,krylov,3,722375,11,2.3167304079058866,19.555555555555557,0.8571054686945958,4.605174386491093e-16,18
72,3,32,krylov,3,722375,12,2.369369124428886,21.333333333333332,0.908498033343673,4.605422261110532e-16,18
72,3,32,krylov,3,722375,13,2.4035721064487414,23.11111111111111,0.9433708829484211,4.610116933682867e-16,18
72,3,32,krylov,3,722375,14,2.4265569778037643,24.88888888888889,0.9674850418171553,4.610117688101964e-16,18
72,3,32,krylov,3,722375,15,2.4373699437771825,26.666666666666668,0.9790224043560272,4.611253816072423e-16,18
72,3,32,krylov,3,722375,16,2.4435508333359937,28.444444444444443,0.9856736261678927,4.664736255369884e-16,18
72,3,32,krylov,3,722375,17,2.4482826798113715,30.22222222222222,0.9907933964795727,4.665224300722155e-16,18
72,3,32,krylov,3,722375,18,2.4511032299890068,32.0,0.9938567236523084,4.666062487037553e-16,18
72,3,32,krylov,4,722376,0,0.0,0.0,0.0,0.0,18
72,3,32,krylov,4,722376,1,0.4428976656450984,1.7777777777777777,0.05223871591902895,3.3306690738754696e-16,18
72,3,32,krylov,4,722376,2,0.8035015049690631,3.5555555555555554,0.11562631220753972,4.45141401810333e-16,18
72,3,32,krylov,4,722376,3,1.167722246365773,5.333333333333333,0.20762457045502672,4.461755824815001e-16,18
72,3,32,krylov,4,722376,4,1.4231793000550006,7.111111111111111,0.2953401111160955,5.61260938856999e-16,18
72,3,32,krylov,4,722376,5,1.6916278510604825,8.88888888888889,0.4151540622169347,5.614195700279495e-16,18
72,3,32,krylov,4,722376,6,1.9229860616191625,10.666666666666666,0.5476271917152394,5.618421022945727e-16,18
72,3,32,krylov,4,722376,7,2.071409226593775,12.444444444444445,0.6502498933187429,5.618880455248838e-16,18
72,3,32,krylov,4,722376,8,2.192169517703952,14.222222222222221,0.7457455557297215,5.62319380762538e-16,18
72,3,32,krylov,4,722376,9,2.264885173794923,16.0,0.8090642586668202,5.64703131739852e-16,18
72,3,32,krylov,4,722376,10,2.3335534298012277,17.77777777777778,0.873237041511733,5.64834323367617e-16,18
72,3,32,krylov,4,722376,11,2.3769091130240185,19.555555555555557,0.9160835334395085,5.651071983223207e-16,18
72,3,32,krylov,4,722376,12,2.4008391116346024,21.333333333333332,0.9405403066906641,5.762779295869816e-16,18
72,3,32,krylov,4,722376,13,2.4136836613773704,23.11111111111111,0.9539109863365249,5.763405825174275e-16,18
72,3,32,krylov,4,722376,14,2.4281993522924883,24.88888888888889,0.9692294192447618,5.764996115923846e-16,18
72,3,32,krylov,4,722376,15,2.4379759658554034,26.666666666666668,0.9796727251524502,5.771761551245994e-16,18
72,3,32,krylov,4,722376,16,2.445020422738983,28.444444444444443,0.9872611018732765,5.730628867547362e-16,18
72,3,32,krylov,4,722376,17,2.4492290358635023,30.22222222222222,0.9918202464928567,5.737043413230484e-16,18
72,3,32,krylov,4,722376,18,2.4527321039116714,32.0,0.995629741501831,5.739726540395809e-16,18
72,3,32,krylov,5,722377,0,0.0,0.0,0.0,0.0,18
72,3,32,krylov,5,722377,1,0.028758274120612687,1.7777777777777777,0.0027352299358786914,2.220446049250313e-16,18
72,3,32,krylov,5,722377,2,0.07296235667407489,3.5555555555555554,0.007095941587654798,2.2408792485853953e-16,18
72,3,32,krylov,5,722377,3,0.1365085906287093,5.333333333333333,0.013712317956386652,2.2424046889985294e-16,18
72,3,32,krylov,5,722377,4,0.2136665814509478,7.111111111111111,0.022332163487341346,2.2443144649136187e-16,18
72,3,32,krylov,5,722377,5,0.3050372982232672,8.88888888888889,0.033438337842386895,2.2879075064286166e-16,18
72,3,32,krylov,5,722377,6,0.4258372552082687,10.666666666666666,0.049769213763470085,2.2879363921074886e-16,18
72,3,32,krylov,5,722377,7,0.538920464603051,12.444444444444445,0.06695206608659529,2.587986012717448e-16,18
72,3,32,krylov,5,722377,8,0.6922477119245191,14.222222222222221,0.0935814254559805,2.6589531663819505e-16,18
72,3,32,krylov,5,722377,9,0.8862589270063029,16.0,0.13369093808141652,2.9775865807118364e-16,18
72,3,32,krylov,5,722377,10,1.1266423176595324,17.77777777777778,0.195494971847894,2.9822132032649656e-16,18
72,3,32,krylov,5,722377,11,1.3939491932126322,19.555555555555557,0.28413157695782987,3.2806965802066677e-16,18
72,3,32,krylov,5,722377,12,1.6233864500306745,21.333333333333332,0.3815841901581191,2.9533321236671753e-16,18
72,3,32,krylov,5,722377,13,1.817319684920946,23.11111111111111,0.4833129444759949,3.0028252625642834e-16,18
72,3,32,krylov,5,722377,14,2.0247847916953154,24.88888888888889,0.616357563569446,4.631811226498519e-16,18
72,3,32,krylov,5,722377,15,2.164202014978045,26.666666666666668,0.7225922408394302,4.896332890832273e-16,18
72,3,32,krylov,5,722377,16,2.2518462437555486,28.444444444444443,0.797368939629438,4.928342153683233e-16,18
72,3,32,krylov,5,722377,17,2.3141993426632705,30.22222222222222,0.854701834627551,4.962143262953046e-16,18
72,3,32,krylov,5,722377,18,2.356918383560636,32.0,0.8960966661053084,4.963840246385825e-16,18
72,3,32,krylov,6,722378,0,0.0,0.0,0.0,0.0,18
72,3,32,krylov,6,722378,1,0.30115276430195104,1.7777777777777777,0.03294522879911327,2.220446049250313e-16,18
72,3,32,krylov,6,722378,2,0.5504823163726907,3.5555555555555554,0.06882086210726951,3.3501463766697794e-16,18
72,3,32,krylov,6,722378,3,0.8137995768689371,5.333333333333333,0.11779362494232583,3.3637788727005493e-16,18
72,3,32,krylov,6,722378,4,1.1549066064822289,7.111111111111111,0.20378690607723632,3.3787186544638973e-16,18
72,3,32,krylov,6,722378,5,1.3926268116858385,8.88888888888889,0.283632203594971,3.402592728275911e-16,18
72,3,32,krylov,6,722378,6,1.6403645942690475,10.666666666666666,0.3897233812661411,4.609411995080306e-16,18
72,3,32,krylov,6,722378,7,1.8733803308475772,12.444444444444445,0.516587446805694,4.613806242593409e-16,18
72,3,32,krylov,6,722378,8,2.043296508898045,14.222222222222221,0.6296252993721059,4.615492154897963e-16,18
72,3,32,krylov,6,722378,9,2.1614877212755683,16.0,0.720379452673085,4.615672187126683e-16,18
72,3,32,krylov,6,722378,10,2.255582995670129,17.77777777777778,0.8007050592770177,4.63043611860882e-16,18
72,3,32,krylov,6,722378,11,2.338235879387711,19.555555555555557,0.8777755269066092,4.63077208997149e-16,18
72,3,32,krylov,6,722378,12,2.3826012500545697,21.333333333333332,0.9218480348916313,4.656700016716423e-16,18
72,3,32,krylov,6,722378,13,2.4116972124772027,23.11111111111111,0.9518319269787149,4.661368486078519e-16,18
72,3,32,krylov,6,722378,14,2.4306322125072177,24.88888888888889,0.9718186479215412,4.685743947325168e-16,18
72,3,32,krylov,6,722378,15,2.4413617976304853,26.666666666666668,0.9833133136555506,4.685767368883332e-16,18
72,3,32,krylov,6,722378,16,2.4476744358318596,28.444444444444443,0.9901339300667141,6.78913383124929e-16,18
72,3,32,krylov,6,722378,17,2.4513188887586295,30.22222222222222,0.9940913008735734,6.789356223784553e-16,18
72,3,32,krylov,6,722378,18,2.4535194950254073,32.0,0.9964878472178464,6.841742569689772e-16,18
72,3,32,krylov,7,722379,0,0.0,0.0,0.0,0.0,18
72,3,32,krylov,7,722379,1,0.13818258478162654,1.7777777777777777,0.013892359900842135,2.220446049250313e-16,18
72,3,32,krylov,7,722379,2,0.26751901412002876,3.5555555555555554,0.028754857097045346,7.779679639404489e-16,18
72,3,32,krylov,7,722379,3,0.40056458330822664,5.333333333333333,0.04618754950986447,7.786956294729968e-16,18
72,3,32,krylov,7,722379,4,0.5293249145068543,7.111111111111111,0.06541741604176203,7.789344867605352e-16,18
72,3,32,krylov,7,722379,5,0.7267516591732835,8.88888888888889,0.10015790386929763,7.792124585832331e-16,18
72,3,32,krylov,7,722379,6,1.0390794064986886,10.666666666666666,0.17124503006779632,7.807619922521242e-16,18
72,3,32,krylov,7,722379,7,1.3275214016012775,12.444444444444445,0.2598453097704925,7.80969075977423e-16,18
72,3,32,krylov,7,722379,8,1.5581581914832625,14.222222222222221,0.3515685444620579,7.81467245230119e-16,18
72,3,32,krylov,7,722379,9,1.7066648838023413,16.0,0.4228642934819483,7.814846060575105e-16,18
72,3,32,krylov,7,722379,10,1.8946171206469336,17.77777777777778,0.5296876658214116,7.815071685900652e-16,18
72,3,32,krylov,7,722379,11,2.0024999705953204,19.555555555555557,0.600707965445247,7.818895558611046e-16,18
72,3,32,krylov,7,722379,12,2.1104703079004823,21.333333333333332,0.679886382189675,7.818057219898035e-16,18
72,3,32,krylov,7,722379,13,2.1984189551784943,23.11111111111111,0.7510083583649911,7.81849926411596e-16,18
72,3,32,krylov,7,722379,14,2.2693991721416316,24.88888888888889,0.8131487725467138,7.818512276658126e-16,18
72,3,32,krylov,7,722379,15,2.310243634489612,26.666666666666668,0.8509574466885452,8.099536425786897e-16,18
72,3,32,krylov,7,722379,16,2.3415120995275025,28.444444444444443,0.8809636780950479,8.060681475891042e-16,18
72,3,32,krylov,7,722379,17,2.3775351014508175,30.22222222222222,0.9167158754431715,8.061446955351776e-16,18
72,3,32,krylov,7,722379,18,2.402190280310976,32.0,0.9419387519102717,8.061853344787429e-16,18
72,3,32,reply_null,0,722380,0,0.0,0.0,0.0,0.0,18
72,3,32,reply_null,0,722380,1,0.47025363978910784,1.7777777777777777,0.05628750626979192,1.1102230246251565e-16,18
72,3,32,reply_null,0,722380,2,1.148118865324871,3.5555555555555554,0.14999183295552782,6.738000221262448e-17,18
72,3,32,reply_null,0,722380,3,1.6512739149960072,5.333333333333333,0.23556729823354355,2.269758091860413e-16,18
72,3,32,reply_null,0,722380,4,1.7493707719067988,7.111111111111111,0.2461242299246632,4.459195371085695e-16,18
72,3,32,reply_null,0,722380,5,1.9672356466447851,8.88888888888889,0.2892364555125596,4.471390160425818e-16,18
72,3,32,reply_null,0,722380,6,2.152344123302548,10.666666666666666,0.3221498117409562,4.547191388186271e-16,18
72,3,32,reply_null,0,722380,7,2.3075776682020397,12.444444444444445,0.349338098099569,4.551906394955351e-16,18
72,3,32,reply_null,0,722380,8,2.4268394275244987,14.222222222222221,0.380515592775549,4.551967036109705e-16,18
72,3,32,reply_null,0,722380,9,2.5722062605588656,16.0,0.4034840871900711,4.552020199893737e-16,18
72,3,32,reply_null,0,722380,10,2.7223124214843217,17.77777777777778,0.4338542821960523,4.563191673943796e-16,18
72,3,32,reply_null,0,722380,11,2.8194179889784055,19.555555555555557,0.4535625195985688,4.681131718251158e-16,18
72,3,32,reply_null,0,722380,12,2.9312686406985335,21.333333333333332,0.4767855083942552,4.775446053351996e-16,18
72,3,32,reply_null,0,722380,13,3.0369787261596715,23.11111111111111,0.503224196376289,4.776730957682049e-16,18
72,3,32,reply_null,0,722380,14,3.0879670890638096,24.88888888888889,0.5170121246254187,4.779673111294526e-16,18
72,3,32,reply_null,0,722380,15,3.108021407130082,26.666666666666668,0.522094400278772,4.819473927571467e-16,18
72,3,32,reply_null,0,722380,16,3.2605721842668496,28.444444444444443,0.5651764189946875,4.696554537337661e-16,18
72,3,32,reply_null,0,722380,17,3.59467572978026,30.22222222222222,0.6647349827367289,4.697019816460748e-16,18
72,3,32,reply_null,0,722380,18,3.6426824424641735,32.0,0.6816900564629518,4.697720127757638e-16,18
72,3,32,reply_null,1,722381,0,0.0,0.0,0.0,0.0,18
72,3,32,reply_null,1,722381,1,0.0087382574289677,1.7777777777777777,0.0008228013232971697,3.3306690738754696e-16,18
72,3,32,reply_null,1,722381,2,0.5158237206674352,3.5555555555555554,0.06286180659953813,1.4353082038743167e-16,18
72,3,32,reply_null,1,722381,3,0.6680970487145012,5.333333333333333,0.08584140626305434,1.576162847469715e-16,18
72,3,32,reply_null,1,722381,4,0.8482471848631836,7.111111111111111,0.10642451129877724,2.2226175671592473e-16,18
72,3,32,reply_null,1,722381,5,1.162166131253852,8.88888888888889,0.16607333993772727,2.2632857010863417e-16,18
72,3,32,reply_null,1,722381,6,1.2363056683374503,10.666666666666666,0.18036259106399838,4.44631431891597e-16,18
72,3,32,reply_null,1,722381,7,1.3470980089855806,12.444444444444445,0.19382925613253227,4.478351631126802e-16,18
72,3,32,reply_null,1,722381,8,1.3769291734290188,14.222222222222221,0.20015452526240635,4.490339013799746e-16,18
72,3,32,reply_null,1,722381,9,1.9728696747993923,16.0,0.30947968086486766,4.493875423591104e-16,18
72,3,32,reply_null,1,722381,10,2.4750149766963725,17.77777777777778,0.4040793236334945,4.4960826435978735e-16,18
72,3,32,reply_null,1,722381,11,3.017902503339294,19.555555555555557,0.5258731974788254,4.567023439127762e-16,18
72,3,32,reply_null,1,722381,12,3.471465148100072,21.333333333333332,0.6587271740284935,4.608624613661557e-16,18
72,3,32,reply_null,1,722381,13,3.5075807388537257,23.11111111111111,0.6723738561840009,5.678590199492534e-16,18
72,3,32,reply_null,1,722381,14,3.587735838761316,24.88888888888889,0.6916002541471116,5.686954089303965e-16,18
72,3,32,reply_null,1,722381,15,3.595732479550745,26.666666666666668,0.6950030635417556,5.694090605394655e-16,18
72,3,32,reply_null,1,722381,16,3.6599732303677825,28.444444444444443,0.7097879607684794,5.834044621282286e-16,18
72,3,32,reply_null,1,722381,17,3.8179926443591565,30.22222222222222,0.7564255467111546,5.843543915671386e-16,18
72,3,32,reply_null,1,722381,18,3.8681715463871686,32.0,0.7796719956534225,5.851964231795317e-16,18
72,3,32,reply_null,2,722382,0,0.0,0.0,0.0,0.0,18
72,3,32,reply_null,2,722382,1,0.08453356630886466,1.7777777777777777,0.008269628511639301,2.220446049250313e-16,18
72,3,32,reply_null,2,722382,2,0.33472590268148966,3.5555555555555554,0.035455840063068754,2.232150763674774e-16,18
72,3,32,reply_null,2,722382,3,0.6737789986169458,5.333333333333333,0.07510632978092087,2.270198659096999e-16,18
72,3,32,reply_null,2,722382,4,0.9158365949407052,7.111111111111111,0.10787112617740913,2.300779008467185e-16,18
72,3,32,reply_null,2,722382,5,1.446706526183977,8.88888888888889,0.20104717640192935,3.4172888564405586e-16,18
72,3,32,reply_null,2,722382,6,1.8574891320988436,10.666666666666666,0.2795017578756811,3.4180168662743483e-16,18
72,3,32,reply_null,2,722382,7,1.960505420257118,12.444444444444445,0.29283000909651374,3.4216177483275054e-16,18
72,3,32,reply_null,2,722382,8,2.093462976391251,14.222222222222221,0.31458701996182137,3.4530096254765034e-16,18
72,3,32,reply_null,2,722382,9,2.468666791926109,16.0,0.37841574497441394,3.6509228700793964e-16,18
72,3,32,reply_null,2,722382,10,2.778863111786671,17.77777777777778,0.446985627524549,3.650924396595062e-16,18
72,3,32,reply_null,2,722382,11,2.975723498730506,19.555555555555557,0.49089982139120114,3.7411640540432544e-16,18
72,3,32,reply_null,2,722382,12,3.0801848800652047,21.333333333333332,0.5211366592108932,4.597341168312983e-16,18
72,3,32,reply_null,2,722382,13,3.369380020225739,23.11111111111111,0.6107130638287253,4.604297491808921e-16,18
72,3,32,reply_null,2,722382,14,3.5429497010836117,24.88888888888889,0.655497701412469,4.605247274621465e-16,18
72,3,32,reply_null,2,722382,15,3.566982638769419,26.666666666666668,0.66108902776995,4.621357578229835e-16,18
72,3,32,reply_null,2,722382,16,3.712908078039594,28.444444444444443,0.7112029713824362,4.782653166183033e-16,18
72,3,32,reply_null,2,722382,17,3.7538763107619126,30.22222222222222,0.721226486788735,4.79073775387591e-16,18
72,3,32,reply_null,2,722382,18,3.780398470006686,32.0,0.7311476824635774,4.792287091200439e-16,18
72,3,32,reply_null,3,722383,0,0.0,0.0,0.0,0.0,18
72,3,32,reply_null,3,722383,1,0.3559953055397794,1.7777777777777777,0.04008757935306839,1.1102230246251565e-16,18
72,3,32,reply_null,3,722383,2,0.7467505449923363,3.5555555555555554,0.08788641769702946,1.228291024331895e-16,18
72,3,32,reply_null,3,722383,3,0.904774584249336,5.333333333333333,0.10481504717628441,2.222272238410464e-16,18
72,3,32,reply_null,3,722383,4,0.9228366741264007,7.111111111111111,0.10698866012440338,3.3378957526865484e-16,18
72,3,32,reply_null,3,722383,5,1.2791694907971711,8.88888888888889,0.15851677406741027,3.5458062306055625e-16,18
72,3,32,reply_null,3,722383,6,1.5873133368623735,10.666666666666666,0.20434535354855166,3.5657755129216586e-16,18
72,3,32,reply_null,3,722383,7,1.7253053889145016,12.444444444444445,0.22772645569679198,3.5981433079384383e-16,18
72,3,32,reply_null,3,722383,8,2.2101983033686423,14.222222222222221,0.3179033129414211,4.631120070411206e-16,18
72,3,32,reply_null,3,722383,9,2.238276003754507,16.0,0.3229905788510108,4.633596046868328e-16,18
72,3,32,reply_null,3,722383,10,2.394523556638088,17.77777777777778,0.363515592925726,4.656737756047394e-16,18
72,3,32,reply_null,3,722383,11,2.858073747658156,19.555555555555557,0.47292779252579326,6.839129371890119e-16,18
72,3,32,reply_null,3,722383,12,3.129922742648416,21.333333333333332,0.5333857037473392,4.667158659931244e-16,18
72,3,32,reply_null,3,722383,13,3.1879189247826245,23.11111111111111,0.5520470595337799,4.667668595386144e-16,18
72,3,32,reply_null,3,722383,14,3.2308149661997096,24.88888888888889,0.5661207761159307,4.674120507481893e-16,18
72,3,32,reply_null,3,722383,15,3.487257218907384,26.666666666666668,0.6328590910233935,4.7458860176621415e-16,18
72,3,32,reply_null,3,722383,16,3.562040276085712,28.444444444444443,0.6563348397148796,6.907894150037554e-16,18
72,3,32,reply_null,3,722383,17,3.8046502474144583,30.22222222222222,0.7309918467433438,6.908245061256219e-16,18
72,3,32,reply_null,3,722383,18,3.8357893069306916,32.0,0.7421365781588045,6.928590731175578e-16,18
72,3,32,reply_null,4,722384,0,0.0,0.0,0.0,0.0,18
72,3,32,reply_null,4,722384,1,0.30870508861946827,1.7777777777777777,0.03390569456575135,2.220446049250313e-16,18
72,3,32,reply_null,4,722384,2,0.5180729033471606,3.5555555555555554,0.05839650563927659,4.441158428495529e-16,18
72,3,32,reply_null,4,722384,3,0.719225777509021,5.333333333333333,0.0820506453619885,4.442159126197526e-16,18
72,3,32,reply_null,4,722384,4,0.9446898397105667,7.111111111111111,0.1125656121327087,4.442168657123387e-16,18
72,3,32,reply_null,4,722384,5,1.1746321465171214,8.88888888888889,0.14954434317410398,4.540203634431034e-16,18
72,3,32,reply_null,4,722384,6,1.6917327082990146,10.666666666666666,0.2334311792262198,4.541899817046914e-16,18
72,3,32,reply_null,4,722384,7,1.7962700453137812,12.444444444444445,0.2495611330058082,4.545230852339186e-16,18
72,3,32,reply_null,4,722384,8,1.8903035282523506,14.222222222222221,0.27111980578314304,4.559683622818808e-16,18
72,3,32,reply_null,4,722384,9,2.0233134922095766,16.0,0.29412114216859375,4.560055266141548e-16,18
72,3,32,reply_null,4,722384,10,2.268094784251029,17.77777777777778,0.3438082756674148,4.563346293128597e-16,18
72,3,32,reply_null,4,722384,11,2.4835920908784996,19.555555555555557,0.37759218724659366,4.563365852573963e-16,18
72,3,32,reply_null,4,722384,12,2.704553431937244,21.333333333333332,0.42760101664158257,4.572573830028439e-16,18
72,3,32,reply_null,4,722384,13,2.845640049986385,23.11111111111111,0.4608870491976649,4.808781318744671e-16,18
72,3,32,reply_null,4,722384,14,3.0810741298413546,24.88888888888889,0.5123945804708958,4.811711182473311e-16,18
72,3,32,reply_null,4,722384,15,3.1381910174405445,26.666666666666668,0.5263400977291598,4.815264730246327e-16,18
72,3,32,reply_null,4,722384,16,3.3712169526096436,28.444444444444443,0.601741727006455,4.949371179983922e-16,18
72,3,32,reply_null,4,722384,17,3.5216771279416177,30.22222222222222,0.6476170356145842,4.951434695781967e-16,18
72,3,32,reply_null,4,722384,18,3.5438191840948434,32.0,0.6549725539235621,5.056899422042206e-16,18
72,3,32,reply_null,5,722385,0,0.0,0.0,0.0,0.0,18
72,3,32,reply_null,5,722385,1,0.5402472163303523,1.7777777777777777,0.06716541933245371,0.0,18
72,3,32,reply_null,5,722385,2,0.7890344856656432,3.5555555555555554,0.1036038957890063,3.351447063556422e-16,18
72,3,32,reply_null,5,722385,3,0.9520652984742458,5.333333333333333,0.1207937924456339,3.395816232163389e-16,18
72,3,32,reply_null,5,722385,4,1.184064956328379,7.111111111111111,0.14852249553977726,4.5673875179231e-16,18
72,3,32,reply_null,5,722385,5,1.2788509567382782,8.88888888888889,0.16593712742952074,4.567411389165757e-16,18
72,3,32,reply_null,5,722385,6,1.457552347531673,10.666666666666666,0.19559767227904237,4.570548804085867e-16,18
72,3,32,reply_null,5,722385,7,1.5849149660024953,12.444444444444445,0.21194938291565382,4.575407462923839e-16,18
72,3,32,reply_null,5,722385,8,2.0353500097627903,14.222222222222221,0.2962882677793601,4.652081468710007e-16,18
72,3,32,reply_null,5,722385,9,2.2868843060495005,16.0,0.34598231983670474,4.679188648296649e-16,18
72,3,32,reply_null,5,722385,10,2.7398481364513465,17.77777777777778,0.4413003381546697,4.679268091908088e-16,18
72,3,32,reply_null,5,722385,11,2.9733121021186513,19.555555555555557,0.4885562506671686,4.679550044178423e-16,18
72,3,32,reply_null,5,722385,12,3.2106591653922063,21.333333333333332,0.5582185083289668,4.661992473290161e-16,18
72,3,32,reply_null,5,722385,13,3.3581832981036377,23.11111111111111,0.5974648240441256,4.665162015573972e-16,18
72,3,32,reply_null,5,722385,14,3.3983968944005367,24.88888888888889,0.6084330472332528,4.681230329943312e-16,18
72,3,32,reply_null,5,722385,15,3.6200478269884044,26.666666666666668,0.6734734031113219,4.682295952160912e-16,18
72,3,32,reply_null,5,722385,16,3.715035066893595,28.444444444444443,0.7052515924428828,4.950319684305147e-16,18
72,3,32,reply_null,5,722385,17,3.792720176453777,30.22222222222222,0.7275605859927248,4.957217195457948e-16,18
72,3,32,reply_null,5,722385,18,3.9718978726793317,32.0,0.8000904046688437,4.972707116065156e-16,18
72,3,32,reply_null,6,722386,0,0.0,0.0,0.0,0.0,18
72,3,32,reply_null,6,722386,1,0.3331105388664228,1.7777777777777777,0.03705951796823672,2.220446049250313e-16,18
72,3,32,reply_null,6,722386,2,0.5555695654798527,3.5555555555555554,0.06901251909340418,2.2456030953688317e-16,18
72,3,32,reply_null,6,722386,3,0.8258316474153036,5.333333333333333,0.09986728849036026,2.620385136798677e-16,18
72,3,32,reply_null,6,722386,4,1.3915622466309638,7.111111111111111,0.18791435412911625,2.6647741947856443e-16,18
72,3,32,reply_null,6,722386,5,1.6168674141563966,8.88888888888889,0.22356206960495972,3.087999128462144e-16,18
72,3,32,reply_null,6,722386,6,1.6871673100074025,10.666666666666666,0.23852180625099828,3.118287749107654e-16,18
72,3,32,reply_null,6,722386,7,1.929002271894372,12.444444444444445,0.29147098131183463,8.92008676385283e-16,18
72,3,32,reply_null,6,722386,8,2.0216962445344038,14.222222222222221,0.306654755143913,8.936983041960531e-16,18
72,3,32,reply_null,6,722386,9,2.665260329283354,16.0,0.44003576879665035,8.945656778149037e-16,18
72,3,32,reply_null,6,722386,10,2.827171998508822,17.77777777777778,0.4798356159295807,8.946222314065344e-16,18
72,3,32,reply_null,6,722386,11,2.8783380177156737,19.555555555555557,0.4894837788120677,8.946280145255616e-16,18
72,3,32,reply_null,6,722386,12,2.981594855286669,21.333333333333332,0.517697312943742,8.941762902409561e-16,18
72,3,32,reply_null,6,722386,13,3.15581420480303,23.11111111111111,0.5513607335096937,8.946459050641232e-16,18
72,3,32,reply_null,6,722386,14,3.313870338360401,24.88888888888889,0.5988982691150141,8.964788065544082e-16,18
72,3,32,reply_null,6,722386,15,3.5239955800353084,26.666666666666668,0.6823986779827251,8.96499799223192e-16,18
72,3,32,reply_null,6,722386,16,3.6257556380768374,28.444444444444443,0.712837105720076,9.011649227562573e-16,18
72,3,32,reply_null,6,722386,17,3.7106423836044664,30.22222222222222,0.7309886868009904,9.020058925479333e-16,18
72,3,32,reply_null,6,722386,18,3.725187279788889,32.0,0.7345934689146515,9.029067681170043e-16,18
72,3,32,reply_null,7,722387,0,0.0,0.0,0.0,0.0,18
72,3,32,reply_null,7,722387,1,0.762502318877273,1.7777777777777777,0.10721564714536515,0.0,18
72,3,32,reply_null,7,722387,2,1.2773335437001752,3.5555555555555554,0.17903987878188174,2.2204461641062516e-16,18
72,3,32,reply_null,7,722387,3,1.567737477775299,5.333333333333333,0.21133983477485582,2.2479269430867086e-16,18
72,3,32,reply_null,7,722387,4,1.6557670991204252,7.111111111111111,0.22681011691068964,2.7277649646884383e-16,18
72,3,32,reply_null,7,722387,5,1.756184512881998,8.88888888888889,0.24418739563536118,2.737062602208724e-16,18
72,3,32,reply_null,7,722387,6,1.9311605103098541,10.666666666666666,0.27240860122956906,2.7384254043412723e-16,18
72,3,32,reply_null,7,722387,7,2.1917883682662347,12.444444444444445,0.31714004496255455,2.744712769466008e-16,18
72,3,32,reply_null,7,722387,8,2.255769777077698,14.222222222222221,0.32708638252435185,2.790526714807067e-16,18
72,3,32,reply_null,7,722387,9,2.438355581386764,16.0,0.36454440048324843,2.9322998564434764e-16,18
72,3,32,reply_null,7,722387,10,2.690316639153358,17.77777777777778,0.4186900023111177,4.645961245625244e-16,18
72,3,32,reply_null,7,722387,11,2.8308896288830487,19.555555555555557,0.44836012514271495,4.645977386717175e-16,18
72,3,32,reply_null,7,722387,12,2.9532264283020817,21.333333333333332,0.4767975806272552,4.615327722945095e-16,18
72,3,32,reply_null,7,722387,13,2.976750434469209,23.11111111111111,0.482500306102532,4.618944822069619e-16,18
72,3,32,reply_null,7,722387,14,3.081271200566224,24.88888888888889,0.5143471405421193,5.727269610733697e-16,18
72,3,32,reply_null,7,722387,15,3.1745289212605226,26.666666666666668,0.5445493496501228,5.735321995815223e-16,18
72,3,32,reply_null,7,722387,16,3.5007078615084306,28.444444444444443,0.6329480769957534,5.62621396615437e-16,18
72,3,32,reply_null,7,722387,17,3.584324455696877,30.22222222222222,0.6575908534177354,5.631158656912472e-16,18
72,3,32,reply_null,7,722387,18,3.623490019654823,32.0,0.6704131740249215,5.631957361788214e-16,18
96,1,2,random,0,722388,0,0.0,0.0,0.0,0.0,24
96,1,2,random,0,722388,1,0.027140115330165887,0.08333333333333333,0.013755881413822932,0.0,24
96,1,2,random,0,722388,2,0.03180516296285291,0.16666666666666666,0.016158176125125552,2.274939316449837e-16,24
96,1,2,random,0,722388,3,0.03273995784597809,0.25,0.016640903737549496,4.48589862253706e-16,24
96,1,2,random,0,722388,4,0.04349346271981409,0.3333333333333333,0.022226583203359157,4.552443573005889e-16,24
96,1,2,random,0,722388,5,0.156135139352054,0.4166666666666667,0.08449208408951404,4.557928164645911e-16,24
96,1,2,random,0,722388,6,0.1630570846264383,0.5,0.08855194115300828,4.56490398813622e-16,24
96,1,2,random,0,722388,7,0.17091825370445068,0.5833333333333334,0.09319688088125228,4.566107517203226e-16,24
96,1,2,random,0,722388,8,0.17920470458033674,0.6666666666666666,0.09813280007655421,4.567298499652581e-16,24
96,1,2,random,0,722388,9,0.1890060394956788,0.75,0.10402412423152307,4.570875733314109e-16,24
96,1,2,random,0,722388,10,0.20378927933141663,0.8333333333333334,0.11301988715665043,6.800275048987413e-16,24
96,1,2,random,0,722388,11,0.2243947929010614,0.9166666666666666,0.12578251544762487,6.80304809294168e-16,24
96,1,2,random,0,722388,12,0.24241073660377574,1.0,0.13715874708950848,4.597575531553191e-16,24
96,1,2,random,0,722388,13,0.24384296146186393,1.0833333333333333,0.13807195548942083,4.598429697214759e-16,24
96,1,2,random,0,722388,14,0.26565301331227,1.1666666666666667,0.15214120576318005,4.659552741910157e-16,24
96,1,2,random,0,722388,15,0.2721978385557234,1.25,0.15642335365839619,4.686268629493071e-16,24
96,1,2,random,0,722388,16,0.29042719144682644,1.3333333333333333,0.16849926018952258,6.930908919426486e-16,24
96,1,2,random,0,722388,17,0.3080148721735924,1.4166666666666667,0.18036061283447358,6.941468365038806e-16,24
96,1,2,random,0,722388,18,0.3085130892126563,1.5,0.1806996645381502,6.94306884491477e-16,24
96,1,2,random,0,722388,19,0.30874345403958153,1.5833333333333333,0.18085649186161548,6.956529746148113e-16,24
96,1,2,random,0,722388,20,0.37535361148133434,1.6666666666666667,0.22775300363261264,6.991653226264018e-16,24
96,1,2,random,0,722388,21,0.44649863194240047,1.75,0.2814152747561592,7.001327416026078e-16,24
96,1,2,random,0,722388,22,0.44741107807373776,1.8333333333333333,0.2821285994862833,7.001371090714089e-16,24
96,1,2,random,0,722388,23,0.4600921561950563,1.9166666666666667,0.29210998697620827,7.001799391390056e-16,24
96,1,2,random,0,722388,24,0.4866216832858088,2.0,0.31340552156898926,6.996849606535227e-16,24
96,1,2,random,1,722389,0,0.0,0.0,0.0,0.0,24
96,1,2,random,1,722389,1,0.03149958904280499,0.08333333333333333,0.016000475743671395,0.0,24
96,1,2,random,1,722389,2,0.047421206302534914,0.16666666666666666,0.024281788832456304,6.672777465210714e-16,24
96,1,2,random,1,722389,3,0.04814978067296187,0.25,0.02466390629027153,6.672991002810684e-16,24
96,1,2,random,1,722389,4,0.048927177636412196,0.3333333333333333,0.0250719369982208,6.674017726720636e-16,24
96,1,2,random,1,722389,5,0.05831793355326286,0.4166666666666667,0.030025984114458268,6.674365182877732e-16,24
96,1,2,random,1,722389,6,0.08187165854264597,0.5,0.0426582548940994,6.680326430999819e-16,24
96,1,2,random,1,722389,7,0.11772001158457382,0.5833333333333334,0.06246455007671818,6.683726944308935e-16,24
96,1,2,random,1,722389,8,0.12600607434865116,0.6666666666666666,0.0671445291646551,6.720539101909302e-16,24
96,1,2,random,1,722389,9,0.18554451706739888,0.75,0.10193689575648442,6.72377557613809e-16,24
96,1,2,random,1,722389,10,0.19181701242815377,0.8333333333333334,0.10572440830197373,6.724571250280388e-16,24
96,1,2,random,1,722389,11,0.20101635494712375,0.9166666666666666,0.11132238397516991,6.77429084438367e-16,24
96,1,2,random,1,722389,12,0.20542555682824615,1.0,0.11402377890186427,6.759214604586384e-16,24
96,1,2,random,1,722389,13,0.20692705655843618,1.0833333333333333,0.1149464279455181,6.760645734596314e-16,24
96,1,2,random,1,722389,14,0.21019483625646807,1.1666666666666667,0.116959224294541,6.776384181993975e-16,24
96,1,2,random,1,722389,15,0.21508067877180853,1.25,0.11998096576820018,6.777888576983631e-16,24
96,1,2,random,1,722389,16,0.21514329034614296,1.3333333333333333,0.12001978496777722,6.807088765034759e-16,24
96,1,2,random,1,722389,17,0.21791208039098606,1.4166666666666667,0.12173886836826826,6.807527320813057e-16,24
96,1,2,random,1,722389,18,0.24308493278560406,1.5,0.13758846192378804,6.812738622935287e-16,24
96,1,2,random,1,722389,19,0.24355288030616648,1.5833333333333333,0.13788688968250376,6.812855278333788e-16,24
96,1,2,random,1,722389,20,0.26299466083854706,1.6666666666666667,0.15040988682319534,6.817915851690405e-16,24
96,1,2,random,1,722389,21,0.28465385343590305,1.75,0.16465090760976275,6.818410445329147e-16,24
96,1,2,random,1,722389,22,0.34915113950444987,1.8333333333333333,0.20893173466535028,6.832374683039221e-16,24
96,1,2,random,1,722389,23,0.354783749545088,1.9166666666666667,0.21293613770547132,6.839115301453701e-16,24
96,1,2,random,1,722389,24,0.3815060643893991,2.0,0.23224427170662554,6.83247251209712e-16,24
96,1,2,random,2,722390,0,0.0,0.0,0.0,0.0,24
96,1,2,random,2,722390,1,0.0001315458970412647,0.08333333333333333,6.577727479120223e-05,0.0,24
96,1,2,random,2,722390,2,0.008480684137596438,0.16666666666666666,0.004258373506590567,2.220812258638482e-16,24
96,1,2,random,2,722390,3,0.013222597914858226,0.25,0.006655201519906265,3.3560515077348106e-16,24
96,1,2,random,2,722390,4,0.01337886445088547,0.3333333333333333,0.00673438095959526,4.455073242930114e-16,24
96,1,2,random,2,722390,5,0.014485413959964364,0.4166666666666667,0.0072954179904581515,4.455377386485735e-16,24
96,1,2,random,2,722390,6,0.04251765405618586,0.5,0.021717238530980964,4.467880115861182e-16,24
96,1,2,random,2,722390,7,0.047904674422807526,0.5833333333333334,0.024535323646457937,4.470043467617684e-16,24
96,1,2,random,2,722390,8,0.07729271591313443,0.6666666666666666,0.040179134085070047,4.471329375159578e-16,24
96,1,2,random,2,722390,9,0.1524810197854052,0.75,0.08236017762126667,4.540634547465073e-16,24
96,1,2,random,2,722390,10,0.1557628620994535,0.8333333333333334,0.08427453147973878,4.540639201485381e-16,24
96,1,2,random,2,722390,11,0.15576307923382932,0.9166666666666666,0.0842746583458384,4.773564232342379e-16,24
96,1,2,random,2,722390,12,0.15750124101174742,1.0,0.08529110534353346,5.118182449422876e-16,24
96,1,2,random,2,722390,13,0.16223440203953768,1.0833333333333333,0.08806794883285957,6.791484312757523e-16,24
96,1,2,random,2,722390,14,0.17341306319367264,1.1666666666666667,0.09467864167554775,6.793002182148385e-16,24
96,1,2,random,2,722390,15,0.19377490607001518,1.25,0.1069115140038456,6.805758781298768e-16,24
96,1,2,random,2,722390,16,0.19400644804831835,1.3333333333333333,0.107052055766484,7.043485276998306e-16,24
96,1,2,random,2,722390,17,0.2019233440990239,1.4166666666666667,0.11187709826764491,7.059208184277281e-16,24
96,1,2,random,2,722390,18,0.20631353420713666,1.5,0.11456926027934917,7.062742763810552e-16,24
96,1,2,random,2,722390,19,0.2350778263275511,1.5833333333333333,0.13250360788394283,7.126856070874419e-16,24
96,1,2,random,2,722390,20,0.29328975852036376,1.6666666666666667,0.1704156257142466,7.134913453820992e-16,24
96,1,2,random,2,722390,21,0.33937307863774197,1.75,0.2020335374710409,7.137352760686535e-16,24
96,1,2,random,2,722390,22,0.4287565283674214,1.8333333333333333,0.26767358770189786,7.139877002428576e-16,24
96,1,2,random,2,722390,23,0.4848925896341874,1.9166666666666667,0.3120002824905465,7.142349050474788e-16,24
96,1,2,random,2,722390,24,0.48700329202954906,2.0,0.31371598346194557,7.152708716060087e-16,24
96,1,2,random,3,722391,0,0.0,0.0,0.0,0.0,24
96,1,2,random,3,722391,1,0.000633659265419151,0.08333333333333333,0.0003169300349316411,1.1102230246251565e-16,24
96,1,2,random,3,722391,2,0.007363243371213183,0.16666666666666666,0.0036952093531365457,4.441260441437245e-16,24
96,1,2,random,3,722391,3,0.04487575727766689,0.25,0.02294895331640373,4.441850572663253e-16,24
96,1,2,random,3,722391,4,0.046041215607269974,0.3333333333333333,0.023558783827000166,4.443379468110009e-16,24
96,1,2,random,3,722391,5,0.09132709654486158,0.4166666666666667,0.04781366128238057,4.443425765302063e-16,24
96,1,2,random,3,722391,6,0.10467952479339808,0.5,0.0551773560873471,4.444330651963757e-16,24
96,1,2,random,3,722391,7,0.10479504105565948,0.5833333333333334,0.05524149180470233,4.444352924511655e-16,24
96,1,2,random,3,722391,8,0.15370994015892503,0.6666666666666666,0.08307629184182391,4.445533551637318e-16,24
96,1,2,random,3,722391,9,0.15713714348634,0.75,0.0850780410908724,4.459910629536914e-16,24
96,1,2,random,3,722391,10,0.15991807057282995,0.8333333333333334,0.08670736492840987,5.625806029483707e-16,24
96,1,2,random,3,722391,11,0.16530119948201147,0.9166666666666666,0.08987420240557137,5.6649190257360685e-16,24
96,1,2,random,3,722391,12,0.16777159550261875,1.0,0.09133322672977744,4.535052973357113e-16,24
96,1,2,random,3,722391,13,0.19256795341310307,1.0833333333333333,0.1061794424162514,4.535056051060668e-16,24
96,1,2,random,3,722391,14,0.2318375566046097,1.1666666666666667,0.13045744244790364,4.535176459376012e-16,24
96,1,2,random,3,722391,15,0.23195745761937406,1.25,0.13053303946700803,4.602971855354278e-16,24
96,1,2,random,3,722391,16,0.2321939429673797,1.3333333333333333,0.13068216892504625,5.74036711574454e-16,24
96,1,2,random,3,722391,17,0.23890198406446378,1.4166666666666667,0.13492703227484185,6.737339825869761e-16,24
96,1,2,random,3,722391,18,0.2528716660509478,1.5,0.14385900414640262,6.73736219525588e-16,24
96,1,2,random,3,722391,19,0.25916834447692555,1.5833333333333333,0.14792596799164098,6.786083608887321e-16,24
96,1,2,random,3,722391,20,0.2671895793228661,1.6666666666666667,0.15314403403267218,6.826947633083294e-16,24
96,1,2,random,3,722391,21,0.275382295630157,1.75,0.15851703750464863,6.828065245574902e-16,24
96,1,2,random,3,722391,22,0.27604554585327523,1.8333333333333333,0.1589539439498332,6.828217603255619e-16,24
96,1,2,random,3,722391,23,0.29849051167451846,1.9166666666666667,0.17391137427759285,6.850880764647982e-16,24
96,1,2,random,3,722391,24,0.3016898271197906,2.0,0.17607088197724124,6.811871103671529e-16,24
96,1,2,random,4,722392,0,0.0,0.0,0.0,0.0,24
96,1,2,random,4,722392,1,2.379399976529879e-06,0.08333333333333333,1.1897014036251232e-06,1.1102230246251565e-16,24
96,1,2,random,4,722392,2,0.02365696458041343,0.16666666666666666,0.011969505145282595,1.9995159560483707e-17,24
96,1,2,random,4,722392,3,0.025795460728006106,0.25,0.013065521455360678,1.0764330191691017e-16,24
96,1,2,random,4,722392,4,0.0476249451640496,0.3333333333333333,0.024388616289308572,1.112714157498074e-16,24
96,1,2,random,4,722392,5,0.050917675054573494,0.4166666666666667,0.02611813221217522,1.1560171987572153e-16,24
96,1,2,random,4,722392,6,0.08564204715906068,0.5,0.04470814942203972,4.544659566642422e-16,24
96,1,2,random,4,722392,7,0.13017640680281106,0.5833333333333334,0.06951464905976086,4.552210122035695e-16,24
96,1,2,random,4,722392,8,0.13184908468534298,0.6666666666666666,0.07046806077006952,4.58226320750348e-16,24
96,1,2,random,4,722392,9,0.1409138793033562,0.75,0.07566274538086641,4.583991732321272e-16,24
96,1,2,random,4,722392,10,0.15747196437758873,0.8333333333333334,0.08527397024079642,4.6014375763133285e-16,24
96,1,2,random,4,722392,11,0.1574726631500993,0.9166666666666666,0.08527437921430074,5.284879350663013e-16,24
96,1,2,random,4,722392,12,0.20883346312606002,1.0,0.1161198840412947,4.804089385578706e-16,24
96,1,2,random,4,722392,13,0.21199951557757582,1.0833333333333333,0.11807364313044673,4.810977717412906e-16,24
96,1,2,random,4,722392,14,0.21199960755024294,1.1666666666666667,0.1180736999763308,4.812845565880378e-16,24
96,1,2,random,4,722392,15,0.2370714468393213,1.25,0.13376583783608675,4.828391167104603e-16,24
96,1,2,random,4,722392,16,0.24119729988507407,1.3333333333333333,0.13638606416587376,5.350107830886842e-16,24
96,1,2,random,4,722392,17,0.24276754870228642,1.4166666666666667,0.13738613360385898,5.35465312522387e-16,24
96,1,2,random,4,722392,18,0.25400773198215754,1.5,0.1445908860798644,5.375733490559269e-16,24
96,1,2,random,4,722392,19,0.2665930612235462,1.5833333333333333,0.15275453797718175,5.395461596724478e-16,24
96,1,2,random,4,722392,20,0.2666284883078396,1.6666666666666667,0.1527776635768555,5.385992370790467e-16,24
96,1,2,random,4,722392,21,0.3484298656639369,1.75,0.20842058511198716,5.391540009967947e-16,24
96,1,2,random,4,722392,22,0.3548223002604253,1.8333333333333333,0.2129636224333441,5.391792631942099e-16,24
96,1,2,random,4,722392,23,0.35544708275526515,1.9166666666666667,0.21340920880688646,5.392951276207895e-16,24
96,1,2,random,4,722392,24,0.3627979431868968,2.0,0.2186727022331299,5.428501089257563e-16,24
96,1,2,random,5,722393,0,0.0,0.0,0.0,0.0,24
96,1,2,random,5,722393,1,0.007900438202147694,0.08333333333333333,0.00396586450673343,0.0,24
96,1,2,random,5,722393,2,0.09946988094780963,0.16666666666666666,0.05229260058980441,2.223547475651242e-16,24
96,1,2,random,5,722393,3,0.1092777866394322,0.25,0.05773608528656924,2.2648355487880926e-16,24
96,1,2,random,5,722393,4,0.14534810239748056,0.3333333333333333,0.07822103023192557,2.264968844935232e-16,24
96,1,2,random,5,722393,5,0.14535946976550462,0.4166666666666667,0.07822760312053359,2.2883425811308473e-16,24
96,1,2,random,5,722393,6,0.1798139197211059,0.5,0.09849730265352236,2.5224931899743464e-16,24
96,1,2,random,5,722393,7,0.18229424192045726,0.5833333333333334,0.09998361129973028,2.5645772765814866e-16,24
96,1,2,random,5,722393,8,0.18273421093996356,0.6666666666666666,0.10024764357966619,3.4479636337982245e-16,24
96,1,2,random,5,722393,9,0.20108070618884202,0.75,0.11136172459546413,3.4651102446638736e-16,24
96,1,2,random,5,722393,10,0.20889251221263633,0.8333333333333334,0.11615626643183176,3.466022898823384e-16,24
96,1,2,random,5,722393,11,0.21648881011417248,0.9166666666666666,0.12085459534600723,3.484898246353745e-16,24
96,1,2,random,5,722393,12,0.21723841891693718,1.0,0.1213201678927543,3.4817416589957924e-16,24
96,1,2,random,5,722393,13,0.2755942830112893,1.0833333333333333,0.15865664960433923,3.4911858832215793e-16,24
96,1,2,random,5,722393,14,0.2866031065940257,1.1666666666666667,0.16594774401107526,3.5256476641196397e-16,24
96,1,2,random,5,722393,15,0.2900500765544323,1.25,0.16824720669250157,3.5604567197366996e-16,24
96,1,2,random,5,722393,16,0.2968603215159003,1.3333333333333333,0.17281366556753125,3.5366561588155875e-16,24
96,1,2,random,5,722393,17,0.29738104940342464,1.4166666666666667,0.17316410964138207,3.634879934389867e-16,24
96,1,2,random,5,722393,18,0.3011344831269345,1.5,0.17569553430737392,3.6729323835569513e-16,24
96,1,2,random,5,722393,19,0.3479792204479102,1.5833333333333333,0.20810141068698682,5.78753645892367e-16,24
96,1,2,random,5,722393,20,0.35323903387385464,1.6666666666666667,0.21183570422820397,5.837450931314195e-16,24
96,1,2,random,5,722393,21,0.3533536286565762,1.75,0.21191728156014242,5.8487797904292e-16,24
96,1,2,random,5,722393,22,0.3606354685101059,1.8333333333333333,0.2171202698664594,5.849359082312067e-16,24
96,1,2,random,5,722393,23,0.3616420763890625,1.9166666666666667,0.2178424922166373,5.849402634625336e-16,24
96,1,2,random,5,722393,24,0.3760953012145804,2.0,0.22829297078303853,5.832626085468163e-16,24
96,1,2,random,6,722394,0,0.0,0.0,0.0,0.0,24
96,1,2,random,6,722394,1,0.006529505935026804,0.08333333333333333,0.0032754348158603192,2.220446049250313e-16,24
96,1,2,random,6,722394,2,0.011321839075943635,0.16666666666666666,0.005693086831002152,2.3534360174743827e-16,24
96,1,2,random,6,722394,3,0.03791242063710875,0.25,0.019320132721200044,6.662648855644057e-16,24
96,1,2,random,6,722394,4,0.10616654637497079,0.3333333333333333,0.05600353091511014,6.663299185803954e-16,24
96,1,2,random,6,722394,5,0.10650876798403533,0.4166666666666667,0.05619383990017172,6.667233423343728e-16,24
96,1,2,random,6,722394,6,0.14577272010830797,0.5,0.07846660525619742,6.675559316426505e-16,24
96,1,2,random,6,722394,7,0.14998747814165683,0.5833333333333334,0.08090984724778162,6.686326657775019e-16,24
96,1,2,random,6,722394,8,0.16605477082977033,0.6666666666666666,0.09031888223123091,6.6913218904456e-16,24
96,1,2,random,6,722394,9,0.16937897621733705,0.75,0.09228448866963104,6.692862990900666e-16,24
96,1,2,random,6,722394,10,0.19173323587001972,0.8333333333333334,0.10567366492145092,6.693197283772697e-16,24
96,1,2,random,6,722394,11,0.19204250839522963,0.9166666666666666,0.10586101211443094,6.7128689904929745e-16,24
96,1,2,random,6,722394,12,0.2071483826136335,1.0,0.11508254667532819,6.748084239984319e-16,24
96,1,2,random,6,722394,13,0.21076809255027038,1.0833333333333333,0.11731300144568822,6.753012570151874e-16,24
96,1,2,random,6,722394,14,0.2154589977528906,1.1666666666666667,0.12021556070852119,6.778231923128578e-16,24
96,1,2,random,6,722394,15,0.21711290397840793,1.25,0.12124218782400849,6.778829791605074e-16,24
96,1,2,random,6,722394,16,0.21839157894812328,1.3333333333333333,0.1220370627447403,6.854711860711448e-16,24
96,1,2,random,6,722394,17,0.2554607491276223,1.4166666666666667,0.14552816846793493,6.949284698380486e-16,24
96,1,2,random,6,722394,18,0.2554704339954485,1.5,0.14553442035319894,6.949618942330349e-16,24
96,1,2,random,6,722394,19,0.2554727505286079,1.5833333333333333,0.14553591575682118,6.963181565275033e-16,24
96,1,2,random,6,722394,20,0.2841318842603281,1.6666666666666667,0.16430407085039575,6.891063958145718e-16,24
96,1,2,random,6,722394,21,0.3028324850866786,1.75,0.17684384128666777,6.893051771796835e-16,24
96,1,2,random,6,722394,22,0.3086959910790481,1.8333333333333333,0.180824177163695,6.907403592100467e-16,24
96,1,2,random,6,722394,23,0.31862826442669007,1.9166666666666667,0.1876200021212357,6.912405355471415e-16,24
96,1,2,random,6,722394,24,0.3386401851556447,2.0,0.20151921016380217,6.893290728400663e-16,24
96,1,2,random,7,722395,0,0.0,0.0,0.0,0.0,24
96,1,2,random,7,722395,1,0.027773166254214,0.08333333333333333,0.014081218015740277,2.220446049250313e-16,24
96,1,2,random,7,722395,2,0.04232404349615442,0.16666666666666666,0.021616238341918066,4.44400984542922e-16,24
96,1,2,random,7,722395,3,0.16425350984568057,0.25,0.08925652094270571,4.482527514792224e-16,24
96,1,2,random,7,722395,4,0.1661571562500965,0.3333333333333333,0.09037932537231003,4.487640123268966e-16,24
96,1,2,random,7,722395,5,0.17667197791920056,0.4166666666666667,0.09661980999084634,4.501171357862935e-16,24
96,1,2,random,7,722395,6,0.18091576361076073,0.5,0.09915711668870295,4.502626614254427e-16,24
96,1,2,random,7,722395,7,0.20676145318841807,0.5833333333333334,0.11484459917649621,4.604300402204532e-16,24
96,1,2,random,7,722395,8,0.2112197162448459,0.6666666666666666,0.1175918575883918,4.604323930943542e-16,24
96,1,2,random,7,722395,9,0.21856883686866954,0.75,0.12214733351388007,5.107957788828211e-16,24
96,1,2,random,7,722395,10,0.21858428191938378,0.8333333333333334,0.1221569426852047,5.144904198649393e-16,24
96,1,2,random,7,722395,11,0.22367310678722355,0.9166666666666666,0.12533105982016682,5.145623542439069e-16,24
96,1,2,random,7,722395,12,0.22659063657930995,1.0,0.12715814581000343,4.625276066778578e-16,24
96,1,2,random,7,722395,13,0.2520775602379272,1.0833333333333333,0.14334791492476306,4.76191492650581e-16,24
96,1,2,random,7,722395,14,0.2523367034964032,1.1666666666666667,0.14351465580372458,4.761933684767256e-16,24
96,1,2,random,7,722395,15,0.25356231863527506,1.25,0.14430384062760887,4.769877389265507e-16,24
96,1,2,random,7,722395,16,0.2608768237573927,1.3333333333333333,0.14903388223800743,5.222749779786354e-16,24
96,1,2,random,7,722395,17,0.318582589951906,1.4166666666666667,0.187588596156019,5.224239085828816e-16,24
96,1,2,random,7,722395,18,0.3232869147530767,1.5,0.19083085658554497,5.234265303772451e-16,24
96,1,2,random,7,722395,19,0.3261669696874065,1.5833333333333333,0.19282335527842007,5.235084317658317e-16,24
96,1,2,random,7,722395,20,0.32770002219413913,1.6666666666666667,0.19388630443020044,5.270857862516007e-16,24
96,1,2,random,7,722395,21,0.35594154769244535,1.75,0.21376205187357625,5.281257638947393e-16,24
96,1,2,random,7,722395,22,0.36444795283085085,1.8333333333333333,0.2198594979656057,5.336208315570671e-16,24
96,1,2,random,7,722395,23,0.37217896730754063,1.9166666666666667,0.2254463102024069,5.336729090189035e-16,24
96,1,2,random,7,722395,24,0.3856227663875377,2.0,0.23526491644423556,5.5072521618386915e-16,24
96,1,2,krylov,0,722396,0,0.0,0.0,0.0,0.0,24
96,1,2,krylov,0,722396,1,0.0010354102137508825,0.08333333333333333,0.0005179732179800509,0.0,24
96,1,2,krylov,0,722396,2,0.0023883116368613954,0.16666666666666666,0.0011955829624781932,4.440993830925434e-16,24
96,1,2,krylov,0,722396,3,0.0037790588097082003,0.25,0.0018931042279629942,6.661825107668046e-16,24
96,1,2,krylov,0,722396,4,0.0054743505933112415,0.3333333333333333,0.0027446811155042634,6.663976525064066e-16,24
96,1,2,krylov,0,722396,5,0.007496189350082467,0.4166666666666667,0.0037621780573072177,6.664018361151433e-16,24
96,1,2,krylov,0,722396,6,0.009384643633250632,0.5,0.004714408739220696,6.68439816689583e-16,24
96,1,2,krylov,0,722396,7,0.011145667029501549,0.5833333333333334,0.005604005692057189,6.687062490751299e-16,24
96,1,2,krylov,0,722396,8,0.01298774861265085,0.6666666666666666,0.006536227870355633,6.704476420213625e-16,24
96,1,2,krylov,0,722396,9,0.014880139744665514,0.75,0.007495700098055203,6.704531897030123e-16,24
96,1,2,krylov,0,722396,10,0.01665328723692223,0.8333333333333334,0.008396363094204218,6.770264098002487e-16,24
96,1,2,krylov,0,722396,11,0.018302582676010263,0.9166666666666666,0.009235550741055532,6.773129072826284e-16,24
96,1,2,krylov,0,722396,12,0.0203886160002468,1.0,0.010298941818784359,6.718111031118041e-16,24
96,1,2,krylov,0,722396,13,0.022352450527153938,1.0833333333333333,0.011302069165439193,6.720518367633889e-16,24
96,1,2,krylov,0,722396,14,0.024730125828567165,1.1666666666666667,0.012519225895185735,6.741692198231084e-16,24
96,1,2,krylov,0,722396,15,0.028304426614737876,1.25,0.014354401548327813,6.748962361040815e-16,24
96,1,2,krylov,0,722396,16,0.03532601145470497,1.3333333333333333,0.017978693864009257,6.95341695790006e-16,24
96,1,2,krylov,0,722396,17,0.04247628762777598,1.4166666666666667,0.021695657398553485,6.961825944170587e-16,24
96,1,2,krylov,0,722396,18,0.049925498072613005,1.5,0.025596388785312427,6.9679484323373e-16,24
96,1,2,krylov,0,722396,19,0.05727621083677832,1.5833333333333333,0.02947413149508903,6.967967547620396e-16,24
96,1,2,krylov,0,722396,20,0.06307592262592498,1.6666666666666667,0.032553850967618134,7.05592366657899e-16,24
96,1,2,krylov,0,722396,21,0.06952636231926443,1.75,0.03600016062349469,7.056211996387838e-16,24
96,1,2,krylov,0,722396,22,0.07552226660918789,1.8333333333333333,0.03922362040697322,7.056291863451913e-16,24
96,1,2,krylov,0,722396,23,0.08363537293718724,1.9166666666666667,0.04361619358638229,7.066718159391746e-16,24
96,1,2,krylov,0,722396,24,0.09245784588834031,2.0,0.048433451567915245,6.992322792394514e-16,24
96,1,2,krylov,1,722397,0,0.0,0.0,0.0,0.0,24
96,1,2,krylov,1,722397,1,0.21375219070877652,0.08333333333333333,0.11915787530984899,2.220446049250313e-16,24
96,1,2,krylov,1,722397,2,0.333571963205441,0.16666666666666666,0.19797274981989413,2.221512563733369e-16,24
96,1,2,krylov,1,722397,3,0.41149331398432465,0.25,0.254534809055791,2.2512635359970305e-16,24
96,1,2,krylov,1,722397,4,0.5074311730408877,0.3333333333333333,0.3305094199247028,2.295533580823751e-16,24
96,1,2,krylov,1,722397,5,0.5710414377950317,0.4166666666666667,0.385054775415266,3.345706403750595e-16,24
96,1,2,krylov,1,722397,6,0.6128467925892076,0.5,0.4228390949841678,3.8312389767168817e-16,24
96,1,2,krylov,1,722397,7,0.6511116914706107,0.5833333333333334,0.45883575176101093,3.8315668880900966e-16,24
96,1,2,krylov,1,722397,8,0.6902985173763456,0.6666666666666666,0.4971553904073483,3.8315889150770523e-16,24
96,1,2,krylov,1,722397,9,0.7292305813360955,0.75,0.5367423079985498,3.896950049235416e-16,24
96,1,2,krylov,1,722397,10,0.7636140488336254,0.8333333333333334,0.5730090182006494,3.904931110620249e-16,24
96,1,2,krylov,1,722397,11,0.7841842262750995,0.9166666666666666,0.5953095810336257,3.9079205672932915e-16,24
96,1,2,krylov,1,722397,12,0.81561685396174,1.0,0.6302848418599861,3.9808818994164476e-16,24
96,1,2,krylov,1,722397,13,0.8417940087509789,1.0833333333333333,0.6602631446069079,3.9808988921679853e-16,24
96,1,2,krylov,1,722397,14,0.8664231978855098,1.1666666666666667,0.6891942980181963,3.9814812654616985e-16,24
96,1,2,krylov,1,722397,15,0.8918221091146888,1.25,0.7197853840469518,4.707280219127118e-16,24
96,1,2,krylov,1,722397,16,0.918989815420875,1.3333333333333333,0.7533784116901113,4.589513980493583e-16,24
96,1,2,krylov,1,722397,17,0.9435456633242608,1.4166666666666667,0.7845371806430205,4.591188924001612e-16,24
96,1,2,krylov,1,722397,18,0.9611798352010176,1.5,0.8073898316635865,4.594375440361546e-16,24
96,1,2,krylov,1,722397,19,0.9744894535784585,1.5833333333333333,0.8249070062574212,4.669113634707622e-16,24
96,1,2,krylov,1,722397,20,0.9860348546790416,1.6666666666666667,0.8402922324703813,4.750025038909107e-16,24
96,1,2,krylov,1,722397,21,0.9977183607423893,1.75,0.856043380034584,4.993245949219352e-16,24
96,1,2,krylov,1,722397,22,1.0079502441416546,1.8333333333333333,0.8699894835664591,4.997458314889065e-16,24
96,1,2,krylov,1,722397,23,1.0218309563207162,1.9166666666666667,0.8891385068573981,5.775358019044275e-16,24
96,1,2,krylov,1,722397,24,1.0342946981583137,2.0,0.9065607180176082,5.832043852945307e-16,24
96,1,2,krylov,2,722398,0,0.0,0.0,0.0,0.0,24
96,1,2,krylov,2,722398,1,0.033047200276561224,0.08333333333333333,0.01679966213196104,0.0,24
96,1,2,krylov,2,722398,2,0.06336216952209836,0.16666666666666666,0.032706314674593145,4.442138879476525e-16,24
96,1,2,krylov,2,722398,3,0.0863866867357703,0.25,0.04511391172244042,4.505634587489365e-16,24
96,1,2,krylov,2,722398,4,0.1185758093815816,0.3333333333333333,0.06294611203000722,4.506239446508666e-16,24
96,1,2,krylov,2,722398,5,0.14797599303011413,0.4166666666666667,0.07974253015295993,7.776488640293401e-16,24
96,1,2,krylov,2,722398,6,0.17155938217176492,0.5,0.09357731822988265,7.77721638359586e-16,24
96,1,2,krylov,2,722398,7,0.20786131573825561,0.5833333333333334,0.11552121574950622,7.777227309397148e-16,24
96,1,2,krylov,2,722398,8,0.2490541102424603,0.6666666666666666,0.14140572221507533,7.835387825527378e-16,24
96,1,2,krylov,2,722398,9,0.2897786280358741,0.75,0.16806583659564972,7.835580071585336e-16,24
96,1,2,krylov,2,722398,10,0.32367713961551453,0.8333333333333334,0.19110048856665393,7.835726903250783e-16,24
96,1,2,krylov,2,722398,11,0.3619855521453599,0.9166666666666666,0.21808909605835006,7.86483209840393e-16,24
96,1,2,krylov,2,722398,12,0.4023399030178657,1.0,0.24765975495987783,7.847724806196947e-16,24
96,1,2,krylov,2,722398,13,0.4421778410971192,1.0833333333333333,0.2780462265085034,7.860618293274704e-16,24
96,1,2,krylov,2,722398,14,0.47344594875226986,1.1666666666666667,0.3027586008740095,7.860953858708808e-16,24
96,1,2,krylov,2,722398,15,0.5028249989440028,1.25,0.326692745828251,7.861419228708355e-16,24
96,1,2,krylov,2,722398,16,0.5423259062861201,1.3333333333333333,0.3600013892973746,7.873674491266451e-16,24
96,1,2,krylov,2,722398,17,0.5739520818588562,1.4166666666666667,0.3876346075086433,7.899049029483168e-16,24
96,1,2,krylov,2,722398,18,0.5992040164227578,1.5,0.41033450041724034,7.900463740903008e-16,24
96,1,2,krylov,2,722398,19,0.6296341745645826,1.5833333333333333,0.43846191358999437,7.91232427760904e-16,24
96,1,2,krylov,2,722398,20,0.6522280431587602,1.6666666666666667,0.45990674736379544,7.950456683022485e-16,24
96,1,2,krylov,2,722398,21,0.6744558710574158,1.75,0.48148228974125906,7.978919444388269e-16,24
96,1,2,krylov,2,722398,22,0.7117002851758929,1.8333333333333333,0.5187262828011494,7.985442285216356e-16,24
96,1,2,krylov,2,722398,23,0.7420672527718722,1.9166666666666667,0.5501364123049557,7.988784830860228e-16,24
96,1,2,krylov,2,722398,24,0.7748508037243015,2.0,0.5851341535394919,7.966835617726263e-16,24
96,1,2,krylov,3,722399,0,0.0,0.0,0.0,0.0,24
96,1,2,krylov,3,722399,1,0.04524805155462301,0.08333333333333333,0.02314368046451573,0.0,24
96,1,2,krylov,3,722399,2,0.08530976136854078,0.16666666666666666,0.044527180712336925,2.221590757839875e-16,24
96,1,2,krylov,3,722399,3,0.12510834240908938,0.25,0.06663561387541012,2.454015501451621e-16,24
96,1,2,krylov,3,722399,4,0.1723194009218707,0.3333333333333333,0.0940286195984023,2.462945711185567e-16,24
96,1,2,krylov,3,722399,5,0.21957198340873882,0.4166666666666667,0.1227717515979652,2.466176036526258e-16,24
96,1,2,krylov,3,722399,6,0.2754241466822364,0.5,0.15854459771218832,3.494194211618191e-16,24
96,1,2,krylov,3,722399,7,0.33259277761765926,0.5833333333333334,0.19728963946309505,3.499514596362744e-16,24
96,1,2,krylov,3,722399,8,0.40113974863042884,0.6666666666666666,0.24676298606285593,3.5085295204135014e-16,24
96,1,2,krylov,3,722399,9,0.4708637744011462,0.75,0.30068841214907244,4.604510642383458e-16,24
96,1,2,krylov,3,722399,10,0.5326738395714019,0.8333333333333334,0.35174052982982906,4.65212912984366e-16,24
96,1,2,krylov,3,722399,11,0.5839707142347634,0.9166666666666666,0.39657218873821526,4.654086508417829e-16,24
96,1,2,krylov,3,722399,12,0.6027393863984034,1.0,0.41355856545108094,4.53555321375942e-16,24
96,1,2,krylov,3,722399,13,0.6171254676194495,1.0833333333333333,0.4267960828727118,4.547675940585304e-16,24
96,1,2,krylov,3,722399,14,0.6278692635426487,1.1666666666666667,0.4368070725681707,4.566604638046792e-16,24
96,1,2,krylov,3,722399,15,0.6371166076698982,1.25,0.4455102284682536,4.846884106799039e-16,24
96,1,2,krylov,3,722399,16,0.6444027026221802,1.3333333333333333,0.4524244640717132,4.749746232192172e-16,24
96,1,2,krylov,3,722399,17,0.6513113711789152,1.4166666666666667,0.45902723092084935,4.757130683060837e-16,24
96,1,2,krylov,3,722399,18,0.6561225115515338,1.5,0.4636523627075896,4.806534200102174e-16,24
96,1,2,krylov,3,722399,19,0.6623095184422776,1.5833333333333333,0.46963296846280306,4.829199039497435e-16,24
96,1,2,krylov,3,722399,20,0.6692218933693678,1.6666666666666667,0.47635865353096746,4.87078275329139e-16,24
96,1,2,krylov,3,722399,21,0.6782067003075581,1.75,0.48517057496204163,4.870906638609144e-16,24
96,1,2,krylov,3,722399,22,0.6884772715223882,1.8333333333333333,0.495340978033848,4.882360026871183e-16,24
96,1,2,krylov,3,722399,23,0.6971058987064171,1.9166666666666667,0.5039665642212031,4.885356401154366e-16,24
96,1,2,krylov,3,722399,24,0.7038085910882066,2.0,0.5107184458777021,4.908031093680287e-16,24
96,1,2,krylov,4,722400,0,0.0,0.0,0.0,0.0,24
96,1,2,krylov,4,722400,1,0.03224747114637791,0.08333333333333333,0.016386527607560944,4.440892098500626e-16,24
96,1,2,krylov,4,722400,2,0.05370604353359485,0.16666666666666666,0.02758719061452142,4.445767557472982e-16,24
96,1,2,krylov,4,722400,3,0.07585280202294413,0.25,0.03940188236877428,4.44742692598605e-16,24
96,1,2,krylov,4,722400,4,0.10329616273771577,0.3333333333333333,0.05440987577272791,4.449207464133164e-16,24
96,1,2,krylov,4,722400,5,0.13393362320756932,0.4166666666666667,0.07165846370777998,4.453382967732233e-16,24
96,1,2,krylov,4,722400,6,0.1587532040812168,0.5,0.08602432707980856,4.457533212669879e-16,24
96,1,2,krylov,4,722400,7,0.18404905810476965,0.5833333333333334,0.10103739658047668,4.582197719499903e-16,24
96,1,2,krylov,4,722400,8,0.20847024383606624,0.6666666666666666,0.11589613805135196,4.58603287632604e-16,24
96,1,2,krylov,4,722400,9,0.22803213141430068,0.75,0.12806284293937412,4.587285973748835e-16,24
96,1,2,krylov,4,722400,10,0.24865547429182605,0.8333333333333334,0.1411500857915774,4.589056905485576e-16,24
96,1,2,krylov,4,722400,11,0.2739783260954774,0.9166666666666666,0.15759314835379415,4.669412783932069e-16,24
96,1,2,krylov,4,722400,12,0.2959542855855205,1.0,0.1722043482854342,4.612387540244684e-16,24
96,1,2,krylov,4,722400,13,0.31595089486958694,1.0833333333333333,0.18578145159857512,4.612483953379499e-16,24
96,1,2,krylov,4,722400,14,0.3300855621139731,1.1666666666666667,0.1955435738645091,4.618624579564064e-16,24
96,1,2,krylov,4,722400,15,0.3452729323748197,1.25,0.20618767501273727,4.6186246668385035e-16,24
96,1,2,krylov,4,722400,16,0.36322451637151787,1.3333333333333333,0.21897933413224477,4.762712075912146e-16,24
96,1,2,krylov,4,722400,17,0.37804673403870304,1.4166666666666667,0.2297155731968755,4.771416273852025e-16,24
96,1,2,krylov,4,722400,18,0.39449583943437033,1.5,0.24181800578235949,4.771419160070605e-16,24
96,1,2,krylov,4,722400,19,0.4093224583454426,1.5833333333333333,0.25289859954071436,4.772483815151433e-16,24
96,1,2,krylov,4,722400,20,0.422126576122433,1.6666666666666667,0.2626007832829998,4.76811859529054e-16,24
96,1,2,krylov,4,722400,21,0.43201669341913884,1.75,0.27018041441772117,4.840363470986098e-16,24
96,1,2,krylov,4,722400,22,0.4431939999180183,1.8333333333333333,0.27883724687773415,4.840857083639297e-16,24
96,1,2,krylov,4,722400,23,0.4527351085695096,1.9166666666666667,0.28630378053495237,4.848022622140209e-16,24
96,1,2,krylov,4,722400,24,0.46251907333115005,2.0,0.2940347069004501,4.903054175709228e-16,24
96,1,2,krylov,5,722401,0,0.0,0.0,0.0,0.0,24
96,1,2,krylov,5,722401,1,0.0325764603080765,0.08333333333333333,0.016556441126711566,2.220446049250313e-16,24
96,1,2,krylov,5,722401,2,0.05836990970006703,0.16666666666666666,0.030053533538768867,3.3402483286271397e-16,24
96,1,2,krylov,5,722401,3,0.08064843983639457,0.25,0.04199487098013388,3.439462815374763e-16,24
96,1,2,krylov,5,722401,4,0.09938794990384814,0.3333333333333333,0.052247352534101385,6.677397315778441e-16,24
96,1,2,krylov,5,722401,5,0.11564100116272971,0.4166666666666667,0.06129639513909355,6.784827926053542e-16,24
96,1,2,krylov,5,722401,6,0.13306436876211983,0.5,0.07116176295786618,6.785150462878722e-16,24
96,1,2,krylov,5,722401,7,0.1469363801771996,0.5833333333333334,0.07914013555007281,6.795978699103823e-16,24
96,1,2,krylov,5,722401,8,0.1578968082707989,0.6666666666666666,0.08552267313912092,6.804333116652125e-16,24
96,1,2,krylov,5,722401,9,0.16845630989724358,0.75,0.09173825975228515,6.804391888958537e-16,24
96,1,2,krylov,5,722401,10,0.18123032817602397,0.8333333333333334,0.09934561993330486,6.804642749367512e-16,24
96,1,2,krylov,5,722401,11,0.19539640671280753,0.9166666666666666,0.10789641971074135,6.804671291027717e-16,24
96,1,2,krylov,5,722401,12,0.21076255188869839,1.0,0.11730958113273884,6.811304626871222e-16,24
96,1,2,krylov,5,722401,13,0.22648237251112183,1.0833333333333333,0.12709025079310235,6.812047885187324e-16,24
96,1,2,krylov,5,722401,14,0.24101058898220346,1.1666666666666667,0.1362672550410838,6.813808831016592e-16,24
96,1,2,krylov,5,722401,15,0.2543146053926994,1.25,0.1447887242375623,6.8169178726364e-16,24
96,1,2,krylov,5,722401,16,0.2687655312417128,1.3333333333333333,0.154174169134879,6.830206790827862e-16,24
96,1,2,krylov,5,722401,17,0.2818312649804232,1.4166666666666667,0.16277751678045893,6.831170483019668e-16,24
96,1,2,krylov,5,722401,18,0.29147729096933284,1.5,0.16920161965257033,6.847847097334355e-16,24
96,1,2,krylov,5,722401,19,0.298444120355041,1.5833333333333333,0.17388011136489875,6.848309882721012e-16,24
96,1,2,krylov,5,722401,20,0.30626890747007873,1.6666666666666667,0.17917376361872156,6.874590950003403e-16,24
96,1,2,krylov,5,722401,21,0.31406148528944505,1.75,0.18448695285830102,6.894175541880368e-16,24
96,1,2,krylov,5,722401,22,0.32248997183278383,1.8333333333333333,0.19028052314656563,6.918185994904229e-16,24
96,1,2,krylov,5,722401,23,0.33024380692758104,1.9166666666666667,0.1956536487368704,6.971369647944365e-16,24
96,1,2,krylov,5,722401,24,0.33825217892760073,2.0,0.2012470691407863,7.019469202853456e-16,24
96,1,2,krylov,6,722402,0,0.0,0.0,0.0,0.0,24
96,1,2,krylov,6,722402,1,0.012249870736192927,0.08333333333333333,0.006162603855585131,0.0,24
96,1,2,krylov,6,722402,2,0.023524147554964785,0.16666666666666666,0.011901511393952834,3.3496034486740186e-16,24
96,1,2,krylov,6,722402,3,0.03351298054780715,0.25,0.01704043328764272,3.3597487920813375e-16,24
96,1,2,krylov,6,722402,4,0.04463107099704634,0.3333333333333333,0.022821010535622004,3.37830246622923e-16,24
96,1,2,krylov,6,722402,5,0.05464391170898772,0.4166666666666667,0.02808222995487902,3.380930004922811e-16,24
96,1,2,krylov,6,722402,6,0.06380258944830938,0.5,0.03294098082242474,3.3992511088748408e-16,24
96,1,2,krylov,6,722402,7,0.07453649122238243,0.5833333333333334,0.03869232894403934,3.3994917884434247e-16,24
96,1,2,krylov,6,722402,8,0.08605251885557268,0.6666666666666666,0.04493178259464082,3.4345018333522217e-16,24
96,1,2,krylov,6,722402,9,0.10095788771670536,0.75,0.05311502745451482,3.446809086866612e-16,24
96,1,2,krylov,6,722402,10,0.12147454685881498,0.8333333333333334,0.06458031243728946,4.545725126389707e-16,24
96,1,2,krylov,6,722402,11,0.1365405268357852,0.9166666666666666,0.07315066640014897,4.546226920822633e-16,24
96,1,2,krylov,6,722402,12,0.14810881750043628,1.0,0.07981953926168443,3.4760401555073603e-16,24
96,1,2,krylov,6,722402,13,0.1587490761158267,1.0833333333333333,0.08602190799666169,4.551142839353752e-16,24
96,1,2,krylov,6,722402,14,0.16922097590274113,1.1666666666666667,0.092190914926626,4.666196678885109e-16,24
96,1,2,krylov,6,722402,15,0.18128207531455107,1.25,0.0993766351565925,4.696053305447629e-16,24
96,1,2,krylov,6,722402,16,0.19269914125161935,1.3333333333333333,0.10625897100353292,4.974430031945466e-16,24
96,1,2,krylov,6,722402,17,0.20572089469673402,1.4166666666666667,0.11420515015750778,4.988268670354519e-16,24
96,1,2,krylov,6,722402,18,0.21893071290103852,1.5,0.12237251446381793,5.055141154156776e-16,24
96,1,2,krylov,6,722402,19,0.22996561631559007,1.5833333333333333,0.12927836768395587,5.087632118708559e-16,24
96,1,2,krylov,6,722402,20,0.24092884191887207,1.6666666666666667,0.13621524418738643,5.151354383972407e-16,24
96,1,2,krylov,6,722402,21,0.2523856102034431,1.75,0.14354612875608483,5.159267073107338e-16,24
96,1,2,krylov,6,722402,22,0.2643749399916951,1.8333333333333333,0.15130825388701508,5.160804823746139e-16,24
96,1,2,krylov,6,722402,23,0.2763452192534721,1.9166666666666667,0.15915144451014399,5.180363425465517e-16,24
96,1,2,krylov,6,722402,24,0.28855097609222746,2.0,0.1672461874977165,5.274736265245823e-16,24
96,1,2,krylov,7,722403,0,0.0,0.0,0.0,0.0,24
96,1,2,krylov,7,722403,1,0.01308065412008846,0.08333333333333333,0.0065832900617761566,0.0,24
96,1,2,krylov,7,722403,2,0.026144489604679712,0.16666666666666666,0.013244627392727876,4.506382246842831e-16,24
96,1,2,krylov,7,722403,3,0.036233041898020076,0.25,0.018448729444397922,4.514239147060264e-16,24
96,1,2,krylov,7,722403,4,0.05075963431120927,0.3333333333333333,0.026034990681510693,4.52867975197927e-16,24
96,1,2,krylov,7,722403,5,0.06302595917627267,0.4166666666666667,0.03252724340480647,4.533347446543319e-16,24
96,1,2,krylov,7,722403,6,0.0754992834400187,0.5,0.03921122748170026,4.537932035409141e-16,24
96,1,2,krylov,7,722403,7,0.09043702029447258,0.5833333333333334,0.04732628228724527,6.667901822747295e-16,24
96,1,2,krylov,7,722403,8,0.10903631105297132,0.6666666666666666,0.057601421897899185,6.68747308567655e-16,24
96,1,2,krylov,7,722403,9,0.12944166256363035,0.75,0.06909635514057696,6.702019135078179e-16,24
96,1,2,krylov,7,722403,10,0.15671071568233724,0.8333333333333334,0.08482860073457135,6.702133378242519e-16,24
96,1,2,krylov,7,722403,11,0.18202451565380803,0.9166666666666666,0.09982180178332307,6.708735942821977e-16,24
96,1,2,krylov,7,722403,12,0.2041644659482398,1.0,0.11324992716542576,6.732708653423357e-16,24
96,1,2,krylov,7,722403,13,0.22689006708262188,1.0833333333333333,0.12734596420713482,6.73451608071512e-16,24
96,1,2,krylov,7,722403,14,0.2545753360964725,1.1666666666666667,0.14495686237385258,6.739042997116324e-16,24
96,1,2,krylov,7,722403,15,0.2874579994574091,1.25,0.1665173014054044,6.80054063625392e-16,24
96,1,2,krylov,7,722403,16,0.3089187494698262,1.3333333333333333,0.1809758533547478,6.8530874245441845e-16,24
96,1,2,krylov,7,722403,17,0.3297983768379427,1.4166666666666667,0.1953438526711234,6.856277918773127e-16,24
96,1,2,krylov,7,722403,18,0.3521038108039978,1.5,0.21102807042381494,6.868779323532496e-16,24
96,1,2,krylov,7,722403,19,0.3830009643647055,1.5833333333333333,0.23333972224080363,6.886630297262037e-16,24
96,1,2,krylov,7,722403,20,0.4082131164033982,1.6666666666666667,0.25206384064827014,6.890054156855016e-16,24
96,1,2,krylov,7,722403,21,0.4267989284906967,1.75,0.26617225996019767,6.890474675787801e-16,24
96,1,2,krylov,7,722403,22,0.4388392580519779,1.8333333333333333,0.27545298585170785,6.917114088318507e-16,24
96,1,2,krylov,7,722403,23,0.453711997486827,1.9166666666666667,0.28707228729555423,6.925183905875561e-16,24
96,1,2,krylov,7,722403,24,0.4675959091244398,2.0,0.2980761408895116,6.920827715411125e-16,24
96,1,2,reply_null,0,722404,0,0.0,0.0,0.0,0.0,24
96,1,2,reply_null,0,722404,1,0.010877984209084835,0.08333333333333333,0.005468682298481575,0.0,24
96,1,2,reply_null,0,722404,2,0.0442746444633214,0.16666666666666666,0.02263469646069079,3.1904311881405025e-17,24
96,1,2,reply_null,0,722404,3,0.09158097339921277,0.25,0.04795275614721371,8.756711234365233e-17,24
96,1,2,reply_null,0,722404,4,0.09378839165120435,0.3333333333333333,0.04916365304862882,2.33829614839846e-16,24
96,1,2,reply_null,0,722404,5,0.1307988457562956,0.4166666666666667,0.06986924750841085,2.41837730906832e-16,24
96,1,2,reply_null,0,722404,6,0.15416312563197596,0.5,0.08334059343126422,2.4507544883024033e-16,24
96,1,2,reply_null,0,722404,7,0.16504583214313231,0.5833333333333334,0.08972358703217176,3.5088910328696274e-16,24
96,1,2,reply_null,0,722404,8,0.17433515289059506,0.6666666666666666,0.09522724161432175,3.5284355946746345e-16,24
96,1,2,reply_null,0,722404,9,0.18346096570001838,0.75,0.10068403496740094,4.468966237061735e-16,24
96,1,2,reply_null,0,722404,10,0.1835211640865824,0.8333333333333334,0.10072019626555564,4.507461301488338e-16,24
96,1,2,reply_null,0,722404,11,0.18437568329324316,0.9166666666666666,0.10123374259744641,4.507624546484729e-16,24
96,1,2,reply_null,0,722404,12,0.219420774788485,1.0,0.12267759025985558,4.540600651405239e-16,24
96,1,2,reply_null,0,722404,13,0.22769667660404666,1.0833333333333333,0.1278521915715509,4.821124536183746e-16,24
96,1,2,reply_null,0,722404,14,0.2298507013328609,1.1666666666666667,0.12920605832599555,4.859266517978409e-16,24
96,1,2,reply_null,0,722404,15,0.23211816313710187,1.25,0.13063437774815237,4.859269850691933e-16,24
96,1,2,reply_null,0,722404,16,0.2841744407830573,1.3333333333333333,0.16433234192324114,4.7704242541147785e-16,24
96,1,2,reply_null,0,722404,17,0.31381298225484877,1.4166666666666667,0.1843168769064444,4.780092143867748e-16,24
96,1,2,reply_null,0,722404,18,0.34696468218164356,1.5,0.20738337900634427,4.781534791313026e-16,24
96,1,2,reply_null,0,722404,19,0.35981354571626734,1.5833333333333333,0.2165310945322194,4.783214624317187e-16,24
96,1,2,reply_null,0,722404,20,0.359845792262449,1.6666666666666667,0.21655420055779256,4.840822119546917e-16,24
96,1,2,reply_null,0,722404,21,0.3612762585955916,1.75,0.21757994068601386,4.855730007749442e-16,24
96,1,2,reply_null,0,722404,22,0.36646098143698613,1.8333333333333333,0.22131005524421776,4.888454800954819e-16,24
96,1,2,reply_null,0,722404,23,0.38824525486882566,1.9166666666666667,0.237195670802283,4.920414928915633e-16,24
96,1,2,reply_null,0,722404,24,0.39435632283476507,2.0,0.24171451707603075,5.127526174547213e-16,24
96,1,2,reply_null,1,722405,0,0.0,0.0,0.0,0.0,24
96,1,2,reply_null,1,722405,1,0.0012458955715957609,0.08333333333333333,0.0006233360109542932,2.220446049250313e-16,24
96,1,2,reply_null,1,722405,2,0.003835236722525116,0.16666666666666666,0.001921300327007227,4.447792910405094e-16,24
96,1,2,reply_null,1,722405,3,0.00739327671017268,0.25,0.0037103372292605504,4.44779308602728e-16,24
96,1,2,reply_null,1,722405,4,0.01992487265292564,0.3333333333333333,0.010062348942797072,4.460880279574942e-16,24
96,1,2,reply_null,1,722405,5,0.05618913097105578,0.4166666666666667,0.028898863565063434,4.46652066684261e-16,24
96,1,2,reply_null,1,722405,6,0.06128540099013389,0.5,0.03160115494118647,4.468385972082861e-16,24
96,1,2,reply_null,1,722405,7,0.12840406964084636,0.5833333333333334,0.06850617102847915,4.470760344771009e-16,24
96,1,2,reply_null,1,722405,8,0.14451766567549607,0.6666666666666666,0.07774105357770067,4.498940554080312e-16,24
96,1,2,reply_null,1,722405,9,0.145216295787867,0.75,0.07814482190081465,4.620702779632879e-16,24
96,1,2,reply_null,1,722405,10,0.1719242578248379,0.8333333333333334,0.09379393965906054,4.658917902346324e-16,24
96,1,2,reply_null,1,722405,11,0.23583227092290976,0.9166666666666666,0.1329809768640363,4.686341933463513e-16,24
96,1,2,reply_null,1,722405,12,0.2363131203556998,1.0,0.13328541859717966,4.519398600422108e-16,24
96,1,2,reply_null,1,722405,13,0.2522238351588307,1.0833333333333333,0.14344202747311705,6.703807981938129e-16,24
96,1,2,reply_null,1,722405,14,0.2921914064448744,1.1666666666666667,0.16967967755938046,6.703818786499213e-16,24
96,1,2,reply_null,1,722405,15,0.31238013384161034,1.25,0.18333705668977351,6.770486679129024e-16,24
96,1,2,reply_null,1,722405,16,0.3369883828065937,1.3333333333333333,0.2003613955882204,6.856934460000228e-16,24
96,1,2,reply_null,1,722405,17,0.3383235839128285,1.4166666666666667,0.2012971434651563,6.857269693592116e-16,24
96,1,2,reply_null,1,722405,18,0.35500732767398097,1.5,0.21309555245332093,6.861024336908078e-16,24
96,1,2,reply_null,1,722405,19,0.3572237958783783,1.5833333333333333,0.21467785899030822,6.861109961974347e-16,24
96,1,2,reply_null,1,722405,20,0.3965749966200482,1.6666666666666667,0.2433619665318922,6.864351033651574e-16,24
96,1,2,reply_null,1,722405,21,0.39754388328487184,1.75,0.2440825490534301,6.865911917777823e-16,24
96,1,2,reply_null,1,722405,22,0.43466867160758565,1.8333333333333333,0.27222562680858914,6.869718537587433e-16,24
96,1,2,reply_null,1,722405,23,0.4660677775566136,1.9166666666666667,0.29685750689876983,6.874008924873547e-16,24
96,1,2,reply_null,1,722405,24,0.47168857401808856,2.0,0.30134909207152216,6.873920580276214e-16,24
96,1,2,reply_null,2,722406,0,0.0,0.0,0.0,0.0,24
96,1,2,reply_null,2,722406,1,0.01443161229032136,0.08333333333333333,0.007268125384168434,0.0,24
96,1,2,reply_null,2,722406,2,0.01629225601219089,0.16666666666666666,0.008212849261692383,2.2210228514091115e-16,24
96,1,2,reply_null,2,722406,3,0.016388196840330754,0.25,0.00826160996235546,3.3331156097490705e-16,24
96,1,2,reply_null,2,722406,4,0.03525051587677549,0.3333333333333333,0.017939590239254982,3.341120656768235e-16,24
96,1,2,reply_null,2,722406,5,0.053747471048474334,0.4166666666666667,0.027609047693449986,3.34338002005847e-16,24
96,1,2,reply_null,2,722406,6,0.05383890295792469,0.5,0.02765729020154253,3.3461445373771267e-16,24
96,1,2,reply_null,2,722406,7,0.0570280295835948,0.5833333333333334,0.029342742246455063,3.346568895477619e-16,24
96,1,2,reply_null,2,722406,8,0.08456839057399893,0.6666666666666666,0.04412363377116421,3.3465689233468963e-16,24
96,1,2,reply_null,2,722406,9,0.11393392706790557,0.75,0.06033903797572647,3.3496071158181555e-16,24
96,1,2,reply_null,2,722406,10,0.1682397740981138,0.8333333333333334,0.0916101411069712,3.3574003858985054e-16,24
96,1,2,reply_null,2,722406,11,0.18821761167793555,0.9166666666666666,0.10354808249632379,4.840211239074151e-16,24
96,1,2,reply_null,2,722406,12,0.20132083871468567,1.0,0.11150855005867459,3.510176139356221e-16,24
96,1,2,reply_null,2,722406,13,0.23951415832130077,1.0833333333333333,0.13531583725502785,4.577346829487763e-16,24
96,1,2,reply_null,2,722406,14,0.25914971253012625,1.1666666666666667,0.1479138959819382,4.582092605219017e-16,24
96,1,2,reply_null,2,722406,15,0.27660516454403244,1.25,0.15932281009578397,4.584075047075895e-16,24
96,1,2,reply_null,2,722406,16,0.27822989122723957,1.3333333333333333,0.16039490014901542,4.898558521290734e-16,24
96,1,2,reply_null,2,722406,17,0.2804970373094832,1.4166666666666667,0.16189381034178063,4.899124165061877e-16,24
96,1,2,reply_null,2,722406,18,0.2839861545670359,1.5,0.16420726907551572,4.90018001300543e-16,24
96,1,2,reply_null,2,722406,19,0.29077794898804926,1.5833333333333333,0.16873378247416115,4.90051766332528e-16,24
96,1,2,reply_null,2,722406,20,0.29096539109861697,1.6666666666666667,0.16885914309431865,5.935384348939783e-16,24
96,1,2,reply_null,2,722406,21,0.2916435695555659,1.75,0.16931290280353722,5.93762923332376e-16,24
96,1,2,reply_null,2,722406,22,0.39628031595147584,1.8333333333333333,0.24314294440298193,5.94032559359837e-16,24
96,1,2,reply_null,2,722406,23,0.3973974881102097,1.9166666666666667,0.24397362693172925,5.941602565291956e-16,24
96,1,2,reply_null,2,722406,24,0.40381865776016673,2.0,0.2487661782308626,5.804466261997539e-16,24
96,1,2,reply_null,3,722407,0,0.0,0.0,0.0,0.0,24
96,1,2,reply_null,3,722407,1,0.00012437821449055202,0.08333333333333333,6.219297489071601e-05,0.0,24
96,1,2,reply_null,3,722407,2,0.00013028677953960224,0.16666666666666666,6.51476336154738e-05,4.441668086421727e-16,24
96,1,2,reply_null,3,722407,3,0.02035070750624237,0.25,0.010279597521066953,4.441824603385957e-16,24
96,1,2,reply_null,3,722407,4,0.020601013798060678,0.3333333333333333,0.01040733970158166,4.540307218883039e-16,24
96,1,2,reply_null,3,722407,5,0.02650707709868796,0.4166666666666667,0.013430757218121842,4.574852465950429e-16,24
96,1,2,reply_null,3,722407,6,0.05664749917976884,0.5,0.0291413495594361,4.655288601830649e-16,24
96,1,2,reply_null,3,722407,7,0.056794300285779475,0.5833333333333334,0.029219033796713822,4.659080376108542e-16,24
96,1,2,reply_null,3,722407,8,0.0568163907946302,0.6666666666666666,0.029230724643591773,4.660148820332416e-16,24
96,1,2,reply_null,3,722407,9,0.07236518509905651,0.75,0.037523931924456674,4.664156667303179e-16,24
96,1,2,reply_null,3,722407,10,0.08068941836926957,0.8333333333333334,0.04201708158984848,4.66514431123315e-16,24
96,1,2,reply_null,3,722407,11,0.08210191726867676,0.9166666666666666,0.042783221079266395,4.665763917520804e-16,24
96,1,2,reply_null,3,722407,12,0.08254695579777305,1.0,0.043024834285198606,4.681016781195097e-16,24
96,1,2,reply_null,3,722407,13,0.08432267754352728,1.0833333333333333,0.0439899519285171,4.686739777221066e-16,24
96,1,2,reply_null,3,722407,14,0.09297008910244955,1.1666666666666667,0.048714454846738316,4.690014712593777e-16,24
96,1,2,reply_null,3,722407,15,0.10049590651142762,1.25,0.05285955772312509,4.690754157000913e-16,24
96,1,2,reply_null,3,722407,16,0.10577175107154112,1.3333333333333333,0.05578406665699423,4.809347026678477e-16,24
96,1,2,reply_null,3,722407,17,0.17134842667044864,1.4166666666666667,0.09345211303597208,4.809577425160318e-16,24
96,1,2,reply_null,3,722407,18,0.21771177832431987,1.5,0.12161434525954183,4.809708955880606e-16,24
96,1,2,reply_null,3,722407,19,0.2353161868844403,1.5833333333333333,0.13265438976566496,4.809963734248172e-16,24
96,1,2,reply_null,3,722407,20,0.23875077798265715,1.6666666666666667,0.13483103470394953,4.864529523032093e-16,24
96,1,2,reply_null,3,722407,21,0.24128897606437585,1.75,0.13644440828313933,4.872445996195317e-16,24
96,1,2,reply_null,3,722407,22,0.27834585373692633,1.8333333333333333,0.160471485639458,4.875017376631894e-16,24
96,1,2,reply_null,3,722407,23,0.28194687933797463,1.9166666666666667,0.16285414780699908,4.875038190978035e-16,24
96,1,2,reply_null,3,722407,24,0.28550098988714595,2.0,0.16521419617840374,4.912964007030877e-16,24
96,1,2,reply_null,4,722408,0,0.0,0.0,0.0,0.0,24
96,1,2,reply_null,4,722408,1,0.001259439823028682,0.08333333333333333,0.0006301166252094142,1.1102230246251565e-16,24
96,1,2,reply_null,4,722408,2,0.012805518701485014,0.16666666666666666,0.006443930228499699,2.228685554334868e-16,24
96,1,2,reply_null,4,722408,3,0.024589312804004854,0.25,0.012447061593797323,2.5862677606438824e-16,24
96,1,2,reply_null,4,722408,4,0.09736420145413645,0.3333333333333333,0.05113087292853907,2.63172578292226e-16,24
96,1,2,reply_null,4,722408,5,0.0978868514541219,0.4166666666666667,0.05141899676667053,2.632190276884299e-16,24
96,1,2,reply_null,4,722408,6,0.1255866796272947,0.5,0.06690672161397872,2.6321910610389796e-16,24
96,1,2,reply_null,4,722408,7,0.1292258172966642,0.5833333333333334,0.06897353164178459,2.6390341118634887e-16,24
96,1,2,reply_null,4,722408,8,0.15883600506437193,0.6666666666666666,0.08607285247919133,2.641400951387662e-16,24
96,1,2,reply_null,4,722408,9,0.1634692923970444,0.75,0.08879459684540204,4.570148724387702e-16,24
96,1,2,reply_null,4,722408,10,0.16705307644375395,0.8333333333333334,0.09090849514337482,4.570339363142067e-16,24
96,1,2,reply_null,4,722408,11,0.18222413929895584,0.9166666666666666,0.09994155234995869,4.585632018236152e-16,24
96,1,2,reply_null,4,722408,12,0.1904712543534029,1.0,0.10490979804553563,4.745543112668506e-16,24
96,1,2,reply_null,4,722408,13,0.20394441678903705,1.0833333333333333,0.11311499688076426,4.764663429122218e-16,24
96,1,2,reply_null,4,722408,14,0.2086399652575365,1.1666666666666667,0.11600067769043731,4.764782300147394e-16,24
96,1,2,reply_null,4,722408,15,0.21311319288970595,1.25,0.11876236115766406,4.969690288975222e-16,24
96,1,2,reply_null,4,722408,16,0.22537191766369416,1.3333333333333333,0.1263942818768801,4.878273725580967e-16,24
96,1,2,reply_null,4,722408,17,0.24065760360295,1.4166666666666667,0.1360427016371224,4.897042199674238e-16,24
96,1,2,reply_null,4,722408,18,0.28406070527696176,1.5,0.16425678804477756,4.89796214485626e-16,24
96,1,2,reply_null,4,722408,19,0.2852833334433299,1.5833333333333333,0.16506942377798192,4.940911282186212e-16,24
96,1,2,reply_null,4,722408,20,0.28679304427239094,1.6666666666666667,0.1660742445927184,4.925598629691671e-16,24
96,1,2,reply_null,4,722408,21,0.28700301104026166,1.75,0.16621411273233422,4.992885502978263e-16,24
96,1,2,reply_null,4,722408,22,0.3025611767830185,1.8333333333333333,0.17666023284061977,4.992885582217478e-16,24
96,1,2,reply_null,4,722408,23,0.3204740459245822,1.9166666666666667,0.1888903704492403,5.001788434109933e-16,24
96,1,2,reply_null,4,722408,24,0.3497865263119794,2.0,0.20938232367099127,5.189050280339788e-16,24
96,1,2,reply_null,5,722409,0,0.0,0.0,0.0,0.0,24
96,1,2,reply_null,5,722409,1,0.04624590129617564,0.08333333333333333,0.023665959785668673,1.1102230246251565e-16,24
96,1,2,reply_null,5,722409,2,0.04698599494394934,0.16666666666666666,0.024053665087480212,1.2545303785166869e-16,24
96,1,2,reply_null,5,722409,3,0.04956688862774009,0.25,0.025407938748104156,4.441897002714554e-16,24
96,1,2,reply_null,5,722409,4,0.0765671298927007,0.3333333333333333,0.03978732981788691,4.443185528253183e-16,24
96,1,2,reply_null,5,722409,5,0.13451725017562066,0.4166666666666667,0.0719921963819358,4.444574848871311e-16,24
96,1,2,reply_null,5,722409,6,0.18922288095678289,0.5,0.10415511590686351,4.4464295939791e-16,24
96,1,2,reply_null,5,722409,7,0.19757963696712816,0.5833333333333334,0.10922504738807663,4.454410393192372e-16,24
96,1,2,reply_null,5,722409,8,0.20686342285966497,0.6666666666666666,0.1149072978747705,6.699524886824161e-16,24
96,1,2,reply_null,5,722409,9,0.2466088229278202,0.75,0.13983921699724142,6.699673278617019e-16,24
96,1,2,reply_null,5,722409,10,0.311345245447012,0.8333333333333334,0.18263024489894866,6.715861565076063e-16,24
96,1,2,reply_null,5,722409,11,0.31288703407595986,0.9166666666666666,0.1836835282097778,6.715893974961099e-16,24
96,1,2,reply_null,5,722409,12,0.31714216657720434,1.0,0.18659889043868388,6.709983833748427e-16,24
96,1,2,reply_null,5,722409,13,0.33363348200592274,1.0833333333333333,0.19801568958701987,6.710841626919574e-16,24
96,1,2,reply_null,5,722409,14,0.3337128781954662,1.1666666666666667,0.19807111157313279,6.794333406648918e-16,24
96,1,2,reply_null,5,722409,15,0.3348706266700622,1.25,0.19887977035912813,6.79466171758624e-16,24
96,1,2,reply_null,5,722409,16,0.39048483870258766,1.3333333333333333,0.23884853247921717,6.730834268236842e-16,24
96,1,2,reply_null,5,722409,17,0.39050550763537617,1.4166666666666667,0.23886380384769662,6.731280387634054e-16,24
96,1,2,reply_null,5,722409,18,0.3972857594591401,1.5,0.2438905084054079,6.732423480551419e-16,24
96,1,2,reply_null,5,722409,19,0.3995956989805939,1.5833333333333333,0.24561083665256497,6.734478138111635e-16,24
96,1,2,reply_null,5,722409,20,0.4007371071240848,1.6666666666666667,0.24646236881381797,6.738519658561997e-16,24
96,1,2,reply_null,5,722409,21,0.4098374456679595,1.75,0.25328643263060924,6.741904926970979e-16,24
96,1,2,reply_null,5,722409,22,0.43178816019617705,1.8333333333333333,0.27000442271609393,6.74400280756226e-16,24
96,1,2,reply_null,5,722409,23,0.507121431996479,1.9166666666666667,0.33025221690480655,6.74563718204582e-16,24
96,1,2,reply_null,5,722409,24,0.507544326933792,2.0,0.3306034006157012,6.750235380003216e-16,24
96,1,2,reply_null,6,722410,0,0.0,0.0,0.0,0.0,24
96,1,2,reply_null,6,722410,1,0.022002279631793895,0.08333333333333333,0.011123057406263168,1.1102230246251565e-16,24
96,1,2,reply_null,6,722410,2,0.030799808399605687,0.16666666666666666,0.015639514910296276,2.2393531383356384e-16,24
96,1,2,reply_null,6,722410,3,0.03284278403076778,0.25,0.01669403068196077,5.573669371822446e-16,24
96,1,2,reply_null,6,722410,4,0.03324522039380939,0.3333333333333333,0.0169020089946846,5.643534917552058e-16,24
96,1,2,reply_null,6,722410,5,0.07163740632732629,0.4166666666666667,0.037132875735962044,5.667988225783254e-16,24
96,1,2,reply_null,6,722410,6,0.07625285505653416,0.5,0.03961771489749043,5.670913776680028e-16,24
96,1,2,reply_null,6,722410,7,0.12117058946639554,0.5833333333333334,0.06440873015588217,5.672653330749425e-16,24
96,1,2,reply_null,6,722410,8,0.12489227956709982,0.6666666666666666,0.06651319819951919,5.675034453805544e-16,24
96,1,2,reply_null,6,722410,9,0.13862777080038477,0.75,0.0743482210289636,5.836147626590842e-16,24
96,1,2,reply_null,6,722410,10,0.15852315376024273,0.8333333333333334,0.08588952750120296,5.837691403104511e-16,24
96,1,2,reply_null,6,722410,11,0.15941711345594667,0.9166666666666666,0.08641352330559235,5.83809210130759e-16,24
96,1,2,reply_null,6,722410,12,0.21201339595670143,1.0,0.11808222228648187,5.69127820315377e-16,24
96,1,2,reply_null,6,722410,13,0.2255917540686944,1.0833333333333333,0.12653200128123548,5.704539243241345e-16,24
96,1,2,reply_null,6,722410,14,0.23870093698547043,1.1666666666666667,0.13479939488062145,5.705773905338051e-16,24
96,1,2,reply_null,6,722410,15,0.30948684853295133,1.25,0.1813628250077587,5.717537048246771e-16,24
96,1,2,reply_null,6,722410,16,0.32001579316577783,1.3333333333333333,0.18857475685739103,5.927972461471422e-16,24
96,1,2,reply_null,6,722410,17,0.33049858809431487,1.4166666666666667,0.19583091076569287,5.938124134123396e-16,24
96,1,2,reply_null,6,722410,18,0.3332391128819927,1.5,0.1977404680240385,5.983005054216614e-16,24
96,1,2,reply_null,6,722410,19,0.34081307007560446,1.5833333333333333,0.20304518796330404,5.988219213304358e-16,24
96,1,2,reply_null,6,722410,20,0.35060678504370624,1.6666666666666667,0.20996443942624243,6.069934084812803e-16,24
96,1,2,reply_null,6,722410,21,0.4260608174068844,1.75,0.26560694838004845,6.075019611684472e-16,24
96,1,2,reply_null,6,722410,22,0.42732395948597834,1.8333333333333333,0.26657462976346785,6.106891603815375e-16,24
96,1,2,reply_null,6,722410,23,0.42846735809306113,1.9166666666666667,0.26745163141305034,6.107603591155259e-16,24
96,1,2,reply_null,6,722410,24,0.4286156241916886,2.0,0.2675654269081237,6.18538676427426e-16,24
96,1,2,reply_null,7,722411,0,0.0,0.0,0.0,0.0,24
96,1,2,reply_null,7,722411,1,0.01989305012671689,0.08333333333333333,0.010046117728590338,0.0,24
96,1,2,reply_null,7,722411,2,0.030125695944840433,0.16666666666666666,0.015292033025218062,4.484955553656216e-16,24
96,1,2,reply_null,7,722411,3,0.03684801465621026,0.25,0.01876765934607382,4.4937601139867025e-16,24
96,1,2,reply_null,7,722411,4,0.03698386711541184,0.3333333333333333,0.018838139995726567,4.493823279319118e-16,24
96,1,2,reply_null,7,722411,5,0.05483006491331689,0.4166666666666667,0.028180543304522982,4.626819694513841e-16,24
96,1,2,reply_null,7,722411,6,0.055051990971862315,0.5,0.028297773338417497,8.902851665778973e-16,24
96,1,2,reply_null,7,722411,7,0.0644907982549449,0.5833333333333334,0.03330788173658251,8.908928490270788e-16,24
96,1,2,reply_null,7,722411,8,0.0756358466822035,0.6666666666666666,0.0392848689433915,8.91090966194137e-16,24
96,1,2,reply_null,7,722411,9,0.08035909388497539,0.75,0.04183806964453577,8.913757596484568e-16,24
96,1,2,reply_null,7,722411,10,0.10136665630088476,0.8333333333333334,0.05334116971795327,8.920540437730941e-16,24
96,1,2,reply_null,7,722411,11,0.11824929538376969,0.9166666666666666,0.06276233224938366,8.920620623824015e-16,24
96,1,2,reply_null,7,722411,12,0.11845833985168909,1.0,0.06287998689879214,8.926699305911047e-16,24
96,1,2,reply_null,7,722411,13,0.1263485142232591,1.0833333333333333,0.06733877532302379,8.928642713615113e-16,24
96,1,2,reply_null,7,722411,14,0.2355414842883815,1.1666666666666667,0.1327969412149039,8.932931556923633e-16,24
96,1,2,reply_null,7,722411,15,0.24710418891184366,1.25,0.14015625009780983,8.935689928470126e-16,24
96,1,2,reply_null,7,722411,16,0.24992443740303658,1.3333333333333333,0.14196419802915064,8.936033002918659e-16,24
96,1,2,reply_null,7,722411,17,0.24992470330729952,1.4166666666666667,0.14196436873019025,8.945645450562884e-16,24
96,1,2,reply_null,7,722411,18,0.30882234254505486,1.5,0.18091020573137587,8.946448503473743e-16,24
96,1,2,reply_null,7,722411,19,0.32233215634220475,1.5833333333333333,0.1901715947826857,8.94728234878766e-16,24
96,1,2,reply_null,7,722411,20,0.3223422623409956,1.6666666666666667,0.19017856969123223,8.968700339424528e-16,24
96,1,2,reply_null,7,722411,21,0.32300412227460157,1.75,0.19063552243622,8.982492140360484e-16,24
96,1,2,reply_null,7,722411,22,0.345163093391913,1.8333333333333333,0.20611011233655327,8.982628338469293e-16,24
96,1,2,reply_null,7,722411,23,0.3505758565660282,1.9166666666666667,0.20994248164648724,8.983250662055978e-16,24
96,1,2,reply_null,7,722411,24,0.3546626349496396,2.0,0.2128497959623007,8.974814379744447e-16,24
96,1,8,random,0,722412,0,0.0,0.0,0.0,0.0,24
96,1,8,random,0,722412,1,0.03815571129655994,0.3333333333333333,0.0048616234573429055,2.220446049250313e-16,24
96,1,8,random,0,722412,2,0.05085708922288739,0.6666666666666666,0.006521564468286594,2.2809909763778133e-16,24
96,1,8,random,0,722412,3,0.05214365495854655,1.0,0.006690884503954302,2.2811321668347575e-16,24
96,1,8,random,0,722412,4,0.2055083581194774,1.3333333333333333,0.028518655742138105,4.449486107131293e-16,24
96,1,8,random,0,722412,5,0.24157035023863205,1.6666666666666667,0.034155878124862205,7.796330816434361e-16,24
96,1,8,random,0,722412,6,0.48744203325158575,2.0,0.07851826813401012,7.827509528033369e-16,24
96,1,8,random,0,722412,7,0.5280839124959289,2.3333333333333335,0.08696001529793133,7.829871166630939e-16,24
96,1,8,random,0,722412,8,0.5772901420464,2.6666666666666665,0.09765063401481008,7.835061160245473e-16,24
96,1,8,random,0,722412,9,0.6581411591601295,3.0,0.116399900494699,7.83860521632748e-16,24
96,1,8,random,0,722412,10,0.6612357728289118,3.3333333333333335,0.11714809701890773,7.845963353096799e-16,24
96,1,8,random,0,722412,11,0.6613357476423725,3.6666666666666665,0.1171723069399081,7.846089057417309e-16,24
96,1,8,random,0,722412,12,0.6672730827372299,4.0,0.11861444206013184,7.840171194297497e-16,24
96,1,8,random,0,722412,13,0.705880060331843,4.333333333333333,0.12820357200979174,7.840648794478055e-16,24
96,1,8,random,0,722412,14,0.7169835865596689,4.666666666666667,0.13103069096146638,7.845108469634387e-16,24
96,1,8,random,0,722412,15,0.8852762981514489,5.0,0.1779567437610688,7.884311002850055e-16,24
96,1,8,random,0,722412,16,0.9153217374762117,5.333333333333333,0.18719733591422677,7.858992303686431e-16,24
96,1,8,random,0,722412,17,0.9195749131087333,5.666666666666667,0.18852799377074955,7.859257377933091e-16,24
96,1,8,random,0,722412,18,0.9268784720279336,6.0,0.19082624644186832,7.898384722471983e-16,24
96,1,8,random,0,722412,19,0.9444886846835854,6.333333333333333,0.19643727449584264,7.898865364376973e-16,24
96,1,8,random,0,722412,20,0.9479456563061471,6.666666666666667,0.1975503969400145,7.881875038879844e-16,24
96,1,8,random,0,722412,21,0.9486193214359698,7.0,0.1977677611021512,7.883314738834667e-16,24
96,1,8,random,0,722412,22,1.0042252437851942,7.333333333333333,0.21622394129827063,7.884471818545311e-16,24
96,1,8,random,0,722412,23,1.0078742674891512,7.666666666666667,0.21747135007638302,7.900963691170709e-16,24
96,1,8,random,0,722412,24,1.0874041232856597,8.0,0.2458204045345275,7.938929114776506e-16,24
96,1,8,random,1,722413,0,0.0,0.0,0.0,0.0,24
96,1,8,random,1,722413,1,0.22895314793547816,0.3333333333333333,0.032160391414935714,0.0,24
96,1,8,random,1,722413,2,0.23832654292302258,0.6666666666666666,0.03364044356024665,1.5543249147050732e-16,24
96,1,8,random,1,722413,3,0.23959033768457644,1.0,0.03384105926362461,4.456344915154596e-16,24
96,1,8,random,1,722413,4,0.2921582901654211,1.3333333333333333,0.04241437515681124,4.460888411869103e-16,24
96,1,8,random,1,722413,5,0.46080680151498155,1.6666666666666667,0.07316906674796189,4.467918631316443e-16,24
96,1,8,random,1,722413,6,0.712441200863058,2.0,0.12987033819301386,4.468083882344824e-16,24
96,1,8,random,1,722413,7,0.7538615434472986,2.3333333333333335,0.14064883854159485,4.4722462531333e-16,24
96,1,8,random,1,722413,8,0.778835877332439,2.6666666666666665,0.14736678021967323,4.479999904415969e-16,24
96,1,8,random,1,722413,9,0.7789580749421063,3.0,0.147400064822777,4.523317761953646e-16,24
96,1,8,random,1,722413,10,0.8721257287795603,3.3333333333333335,0.17399877191718335,4.526137905951577e-16,24
96,1,8,random,1,722413,11,0.8767935164971524,3.6666666666666665,0.1753976971152331,4.535311630149441e-16,24
96,1,8,random,1,722413,12,0.9740174465490034,4.0,0.20607044710057806,4.535566919303263e-16,24
96,1,8,random,1,722413,13,0.975939413401648,4.333333333333333,0.20670736539766074,4.536349454048798e-16,24
96,1,8,random,1,722413,14,1.0215121881842142,4.666666666666667,0.22217394108351934,5.601323752003992e-16,24
96,1,8,random,1,722413,15,1.0345023489180387,5.0,0.2267132054365088,5.722781478986523e-16,24
96,1,8,random,1,722413,16,1.0600451887970397,5.333333333333333,0.23581267798098035,5.826496111896831e-16,24
96,1,8,random,1,722413,17,1.088790640366824,5.666666666666667,0.24633490996231575,5.828807964852865e-16,24
96,1,8,random,1,722413,18,1.0904527025666255,6.0,0.24695260486110604,5.831973620029124e-16,24
96,1,8,random,1,722413,19,1.0999008250171827,6.333333333333333,0.25048351257576784,5.845310967798912e-16,24
96,1,8,random,1,722413,20,1.0999041289209552,6.666666666666667,0.2504847531392109,5.858365392221485e-16,24
96,1,8,random,1,722413,21,1.1249162888919728,7.0,0.25999487641809105,5.86522017781284e-16,24
96,1,8,random,1,722413,22,1.1631038790244146,7.333333333333333,0.27498122812798614,5.866632317962943e-16,24
96,1,8,random,1,722413,23,1.175895458989876,7.666666666666667,0.28013048333530033,5.970763710031497e-16,24
96,1,8,random,1,722413,24,1.1764262514384676,8.0,0.2803455806175055,5.960349559332333e-16,24
96,1,8,random,2,722414,0,0.0,0.0,0.0,0.0,24
96,1,8,random,2,722414,1,0.016208580165678804,0.3333333333333333,0.0020425814751090588,0.0,24
96,1,8,random,2,722414,2,0.39022502762468186,0.6666666666666666,0.05966414909505661,4.7183897636088975e-17,24
96,1,8,random,2,722414,3,0.43808344512645414,1.0,0.06871677747401642,4.453808455840848e-16,24
96,1,8,random,2,722414,4,0.489515241485984,1.3333333333333333,0.07894064156610786,4.473888132825396e-16,24
96,1,8,random,2,722414,5,0.5266261108508196,1.6666666666666667,0.08665124475671698,4.478665030150636e-16,24
96,1,8,random,2,722414,6,0.5630513949938772,2.0,0.09450283152018196,4.483815401091397e-16,24
96,1,8,random,2,722414,7,0.5657640739720166,2.3333333333333335,0.09509908058741283,4.484328005514961e-16,24
96,1,8,random,2,722414,8,0.5663422304673469,2.6666666666666665,0.09522636909326325,4.539195453741225e-16,24
96,1,8,random,2,722414,9,0.693086966247168,3.0,0.12498494687501699,4.54849195269475e-16,24
96,1,8,random,2,722414,10,0.7585477327661057,3.3333333333333335,0.1418966407264415,4.558404769977244e-16,24
96,1,8,random,2,722414,11,0.8262063169155274,3.6666666666666665,0.16057938720757112,4.56671672201519e-16,24
96,1,8,random,2,722414,12,0.8682058548586881,4.0,0.17282902854983098,4.592860313727794e-16,24
96,1,8,random,2,722414,13,0.875856014156429,4.333333333333333,0.17511620554116147,5.68284382064399e-16,24
96,1,8,random,2,722414,14,0.8844217181611705,4.666666666666667,0.1776979535841337,5.685336114205724e-16,24
96,1,8,random,2,722414,15,0.8975423462634706,5.0,0.18169571004705812,5.700451153370764e-16,24
96,1,8,random,2,722414,16,0.9186739666791646,5.333333333333333,0.18824564905202337,6.16413123325681e-16,24
96,1,8,random,2,722414,17,0.9667706231729746,5.666666666666667,0.2036799104058832,6.164580656298503e-16,24
96,1,8,random,2,722414,18,1.0125898407241225,6.0,0.21909011250528862,6.224817554401036e-16,24
96,1,8,random,2,722414,19,1.039529740592715,6.333333333333333,0.22848585765229185,6.226291110331026e-16,24
96,1,8,random,2,722414,20,1.0478810613454832,6.666666666666667,0.2314502926755643,6.219662347771153e-16,24
96,1,8,random,2,722414,21,1.049286253313992,7.0,0.23195152584594078,6.221676319296811e-16,24
96,1,8,random,2,722414,22,1.1124706356782992,7.333333333333333,0.25523305713758976,6.222085304529383e-16,24
96,1,8,random,2,722414,23,1.3085920379911884,7.666666666666667,0.33761990402270653,6.222813487715151e-16,24
96,1,8,random,2,722414,24,1.3191096226695838,8.0,0.34251122539093676,6.2502807983154415e-16,24
96,1,8,random,3,722415,0,0.0,0.0,0.0,0.0,24
96,1,8,random,3,722415,1,0.16116755314572198,0.3333333333333333,0.021860225933204507,0.0,24
96,1,8,random,3,722415,2,0.16121517310765437,0.6666666666666666,0.021867219578090017,2.3521921126766274e-16,24
96,1,8,random,3,722415,3,0.2415423319671565,1.0,0.03415141891473197,2.3560197835339427e-16,24
96,1,8,random,3,722415,4,0.2687732492595445,1.3333333333333333,0.03854480452056632,3.5098437799909917e-16,24
96,1,8,random,3,722415,5,0.32098878911384526,1.6666666666666667,0.047311265838906325,3.621230903394333e-16,24
96,1,8,random,3,722415,6,0.3728561523555486,2.0,0.05648443449294934,6.706029127923019e-16,24
96,1,8,random,3,722415,7,0.37814940010140835,2.3333333333333335,0.057447623516880056,6.708377498756367e-16,24
96,1,8,random,3,722415,8,0.3885389584589793,2.6666666666666665,0.05935305490411717,6.713321470688505e-16,24
96,1,8,random,3,722415,9,0.5585757770913227,3.0,0.0935226158893189,6.715108443545836e-16,24
96,1,8,random,3,722415,10,0.5591061895107436,3.3333333333333335,0.0936385537434317,6.720954594264691e-16,24
96,1,8,random,3,722415,11,0.57871408968856,3.6666666666666665,0.09796790269352586,6.721411623631485e-16,24
96,1,8,random,3,722415,12,0.6046244148865733,4.0,0.10382056837038249,6.754589315848652e-16,24
96,1,8,random,3,722415,13,0.6122370424916539,4.333333333333333,0.10556914131866904,6.754676222925551e-16,24
96,1,8,random,3,722415,14,0.6179372413228478,4.666666666666667,0.10688718425307196,6.770975828433267e-16,24
96,1,8,random,3,722415,15,0.6230843153629676,5.0,0.10808380165679649,6.774023326364307e-16,24
96,1,8,random,3,722415,16,0.6233233398291579,5.333333333333333,0.10813952104694854,6.725927746656812e-16,24
96,1,8,random,3,722415,17,0.6792592890867759,5.666666666666667,0.12155202510072192,6.725932588856512e-16,24
96,1,8,random,3,722415,18,0.7344281614977575,6.0,0.13553622181456781,6.746473080946825e-16,24
96,1,8,random,3,722415,19,0.7645471406106433,6.333333333333333,0.14350267533766928,6.779189404164124e-16,24
96,1,8,random,3,722415,20,0.7765244271997027,6.666666666666667,0.1467379450299514,6.769146085616955e-16,24
96,1,8,random,3,722415,21,0.7765403198045637,7.0,0.1467422636880548,6.770120831468682e-16,24
96,1,8,random,3,722415,22,0.7838634656520633,7.333333333333333,0.1487395762976844,6.773078135571873e-16,24
96,1,8,random,3,722415,23,0.7947868069863693,7.666666666666667,0.15174611797193127,6.808671177405238e-16,24
96,1,8,random,3,722415,24,0.8206601025311862,8.0,0.15899988687495042,6.82104878731757e-16,24
96,1,8,random,4,722416,0,0.0,0.0,0.0,0.0,24
96,1,8,random,4,722416,1,0.13924659859081712,0.3333333333333333,0.018675938416228402,0.0,24
96,1,8,random,4,722416,2,0.48512762770810525,0.6666666666666666,0.07804778897583625,3.3318212295917506e-16,24
96,1,8,random,4,722416,3,0.4920310447132404,1.0,0.07945436202917203,3.3322876043681774e-16,24
96,1,8,random,4,722416,4,0.5296527311818137,1.3333333333333333,0.08729280310420111,4.458521903482238e-16,24
96,1,8,random,4,722416,5,0.5553267110283808,1.6666666666666667,0.09281377363527367,4.468236454994845e-16,24
96,1,8,random,4,722416,6,0.5573520528349636,2.0,0.093255368015895,4.469138943307812e-16,24
96,1,8,random,4,722416,7,0.5576828066114126,2.3333333333333335,0.0933275687427699,4.475102768800285e-16,24
96,1,8,random,4,722416,8,0.6498289640244286,2.6666666666666665,0.11440165382947647,4.502336611665417e-16,24
96,1,8,random,4,722416,9,0.7721057131883904,3.0,0.14553986170800715,4.672323102011649e-16,24
96,1,8,random,4,722416,10,0.7784502856631224,3.3333333333333335,0.14726177810349367,7.809325387449251e-16,24
96,1,8,random,4,722416,11,0.8500144092842222,3.6666666666666665,0.16746007060066861,7.81730264207442e-16,24
96,1,8,random,4,722416,12,1.0090686552781674,4.0,0.21788063805062519,4.536134165192121e-16,24
96,1,8,random,4,722416,13,1.0216552130196035,4.333333333333333,0.2222235991303766,4.536140259013504e-16,24
96,1,8,random,4,722416,14,1.022177988547124,4.666666666666667,0.22240516658595574,4.537541781044823e-16,24
96,1,8,random,4,722416,15,1.0226624598212646,5.0,0.2225735151863923,4.5463827370919355e-16,24
96,1,8,random,4,722416,16,1.03177758240891,5.333333333333333,0.22575617350989977,7.839403490211811e-16,24
96,1,8,random,4,722416,17,1.0553480049266712,5.666666666666667,0.23412184866664007,7.871791934626924e-16,24
96,1,8,random,4,722416,18,1.0716827439360315,6.0,0.24003618338773958,7.88059655865833e-16,24
96,1,8,random,4,722416,19,1.1184408017887506,6.333333333333333,0.25750990145600955,7.910008955973528e-16,24
96,1,8,random,4,722416,20,1.1269548714191644,6.666666666666667,0.2607805207745612,7.880023188532548e-16,24
96,1,8,random,4,722416,21,1.1327295540283011,7.0,0.2630147255418715,7.880448309503389e-16,24
96,1,8,random,4,722416,22,1.1500716424836523,7.333333333333333,0.26980239732235084,7.880984092299634e-16,24
96,1,8,random,4,722416,23,1.1622707930838134,7.666666666666667,0.274648148151715,7.881054738567493e-16,24
96,1,8,random,4,722416,24,1.170025101903271,8.0,0.2777591897113948,7.896625619266825e-16,24
96,1,8,random,5,722417,0,0.0,0.0,0.0,0.0,24
96,1,8,random,5,722417,1,0.01024135993951704,0.3333333333333333,0.0012867477692270258,1.1102230246251565e-16,24
96,1,8,random,5,722417,2,0.19557784740324974,0.6666666666666666,0.027001681715912825,2.2226086529633937e-16,24
96,1,8,random,5,722417,3,0.47457246484788695,1.0,0.07591585772897597,6.682273007128321e-16,24
96,1,8,random,5,722417,4,0.4813798293873891,1.3333333333333333,0.07728823103733252,6.686211100651432e-16,24
96,1,8,random,5,722417,5,0.516866169120078,1.6666666666666667,0.08459558879968244,6.687162517034869e-16,24
96,1,8,random,5,722417,6,0.6102250006776564,2.0,0.10510569296040474,6.688079328246583e-16,24
96,1,8,random,5,722417,7,0.7038791443742097,2.3333333333333335,0.12769743947522552,6.689610459840095e-16,24
96,1,8,random,5,722417,8,0.7284376661514974,2.6666666666666665,0.13398014627533913,6.689638663811124e-16,24
96,1,8,random,5,722417,9,0.7742266940280286,3.0,0.14611428052135864,6.690904673858363e-16,24
96,1,8,random,5,722417,10,0.812005696411207,3.3333333333333335,0.15655264151811793,6.690946227970687e-16,24
96,1,8,random,5,722417,11,0.8123827610253689,3.6666666666666665,0.15665882507403087,6.703780357886851e-16,24
96,1,8,random,5,722417,12,0.8167134988369888,4.0,0.15788126071127964,6.73229703226056e-16,24
96,1,8,random,5,722417,13,0.8581582100066528,4.333333333333333,0.1698515317091692,6.733306578844207e-16,24
96,1,8,random,5,722417,14,0.8706905191481815,4.666666666666667,0.17356995379551415,6.736566388794841e-16,24
96,1,8,random,5,722417,15,0.9441055684394071,5.0,0.1963141502414557,6.787707354595556e-16,24
96,1,8,random,5,722417,16,0.9771527446502782,5.333333333333333,0.20711008057354655,7.837207934518394e-16,24
96,1,8,random,5,722417,17,0.9875880891012467,5.666666666666667,0.21059390952286844,7.837235428678989e-16,24
96,1,8,random,5,722417,18,1.0385419182992077,6.0,0.22813684884938149,7.842365326467964e-16,24
96,1,8,random,5,722417,19,1.0461004075820404,6.333333333333333,0.23081614288859328,7.843434895747083e-16,24
96,1,8,random,5,722417,20,1.0839618209650865,6.666666666666667,0.24454612308477183,7.845105380945106e-16,24
96,1,8,random,5,722417,21,1.0856932403830892,7.0,0.24518651665307642,7.85417524180945e-16,24
96,1,8,random,5,722417,22,1.1221456778819263,7.333333333333333,0.2589296816762103,7.857165991056872e-16,24
96,1,8,random,5,722417,23,1.1792523039086746,7.666666666666667,0.28149272868372843,7.857769980450725e-16,24
96,1,8,random,5,722417,24,1.1806003954966335,8.0,0.28204108764783997,7.870083352450145e-16,24
96,1,8,random,6,722418,0,0.0,0.0,0.0,0.0,24
96,1,8,random,6,722418,1,0.10450855324633965,0.3333333333333333,0.01377061116742302,0.0,24
96,1,8,random,6,722418,2,0.15375035400690787,0.6666666666666666,0.020774964168653598,5.552277071150081e-16,24
96,1,8,random,6,722418,3,0.20564990539294192,1.0,0.028540387427278432,5.568338688613621e-16,24
96,1,8,random,6,722418,4,0.21049445101744743,1.3333333333333333,0.029286025519933992,5.639689032463197e-16,24
96,1,8,random,6,722418,5,0.25704035881523457,1.6666666666666667,0.036637164197725836,5.6441077421739515e-16,24
96,1,8,random,6,722418,6,0.3162739233592383,2.0,0.04650075358218157,5.64563875001304e-16,24
96,1,8,random,6,722418,7,0.318602666958083,2.3333333333333335,0.046900600253772684,5.65168714991736e-16,24
96,1,8,random,6,722418,8,0.4546446529959193,2.6666666666666665,0.07195167425568949,5.720854885211119e-16,24
96,1,8,random,6,722418,9,0.4729431059625336,3.0,0.0755887602429396,5.724931496924826e-16,24
96,1,8,random,6,722418,10,0.5537388367106669,3.3333333333333335,0.09246818718461045,5.732373506720545e-16,24
96,1,8,random,6,722418,11,0.5579061259147688,3.6666666666666665,0.09337633094789315,5.732683105002732e-16,24
96,1,8,random,6,722418,12,0.6122361613234791,4.0,0.10556893814856917,5.744783561801406e-16,24
96,1,8,random,6,722418,13,0.6748997568338119,4.333333333333333,0.12047951311918631,5.751142082378686e-16,24
96,1,8,random,6,722418,14,0.6750403952185551,4.666666666666667,0.12051403938920141,5.751144359515052e-16,24
96,1,8,random,6,722418,15,0.7429800055743536,5.0,0.13777384120875072,5.751158979212613e-16,24
96,1,8,random,6,722418,16,0.7709109611985309,5.333333333333333,0.14521682668169136,5.793838897020656e-16,24
96,1,8,random,6,722418,17,0.8150434124260343,5.666666666666667,0.15740921884692147,5.799696525754103e-16,24
96,1,8,random,6,722418,18,0.8533704248389292,6.0,0.16844321995624573,5.800611603891521e-16,24
96,1,8,random,6,722418,19,0.9022265761032715,6.333333333333333,0.183135713263772,5.80384888409421e-16,24
96,1,8,random,6,722418,20,1.0240948532032605,6.666666666666667,0.22307173392673038,5.839789416608316e-16,24
96,1,8,random,6,722418,21,1.031953605435088,7.0,0.22581792010726365,5.840627762329129e-16,24
96,1,8,random,6,722418,22,1.0392010783850398,7.333333333333333,0.22836969929940984,5.847218388299763e-16,24
96,1,8,random,6,722418,23,1.0425216424119133,7.666666666666667,0.22954503632205614,5.848511743150875e-16,24
96,1,8,random,6,722418,24,1.1022372178228315,8.0,0.2513618151836019,5.984235449637668e-16,24
96,1,8,random,7,722419,0,0.0,0.0,0.0,0.0,24
96,1,8,random,7,722419,1,0.028564547124495857,0.3333333333333333,0.003622053270065575,2.220446049250313e-16,24
96,1,8,random,7,722419,2,0.03333005810581424,0.6666666666666666,0.0042364659096739725,3.3547349504438538e-16,24
96,1,8,random,7,722419,3,0.17541562947985048,1.0,0.023967679570577355,3.356778023481989e-16,24
96,1,8,random,7,722419,4,0.36446410943286994,1.3333333333333333,0.054967782135744714,3.380172834464896e-16,24
96,1,8,random,7,722419,5,0.37244532571447336,1.6666666666666667,0.056409891165559986,3.382301586717578e-16,24
96,1,8,random,7,722419,6,0.37704869571858224,2.0,0.05724691309972097,3.382336827023181e-16,24
96,1,8,random,7,722419,7,0.4037744863946389,2.3333333333333335,0.06218327623419021,3.3853315494718884e-16,24
96,1,8,random,7,722419,8,0.4745299368792079,2.6666666666666665,0.07590731336735979,3.3918915372697843e-16,24
96,1,8,random,7,722419,9,0.4747148856309097,3.0,0.07594447436050851,3.3972807020923915e-16,24
96,1,8,random,7,722419,10,0.4747758557804425,3.3333333333333335,0.07595672634865705,3.4068991039532915e-16,24
96,1,8,random,7,722419,11,0.5382085557146102,3.6666666666666665,0.08911693542766035,3.423833938074876e-16,24
96,1,8,random,7,722419,12,0.5413879500960018,4.0,0.08979878096267904,3.4270468562501644e-16,24
96,1,8,random,7,722419,13,0.5424767211751227,4.333333333333333,0.09003277502308928,3.436593318998513e-16,24
96,1,8,random,7,722419,14,0.5463199468705269,4.666666666666667,0.090860784604093,3.4666302201000254e-16,24
96,1,8,random,7,722419,15,0.622427574491508,5.0,0.10793077625229218,3.4700811816401177e-16,24
96,1,8,random,7,722419,16,0.632275357910721,5.333333333333333,0.11023595993383971,3.4732100815003244e-16,24
96,1,8,random,7,722419,17,0.6800302203754272,5.666666666666667,0.12174217305723933,8.961947744829662e-16,24
96,1,8,random,7,722419,18,0.6864843815417071,6.0,0.1233398370530817,8.96246244515286e-16,24
96,1,8,random,7,722419,19,0.6867168067032953,6.333333333333333,0.12339756418819701,8.963797019502066e-16,24
96,1,8,random,7,722419,20,0.8011360498158075,6.666666666666667,0.153508836318767,9.021900340315073e-16,24
96,1,8,random,7,722419,21,0.8033388439142988,7.0,0.15412301014067645,9.024994891234204e-16,24
96,1,8,random,7,722419,22,0.8197073190857683,7.333333333333333,0.15872942535032736,9.027121707858031e-16,24
96,1,8,random,7,722419,23,0.8336207067122341,7.666666666666667,0.162704653141217,9.027936263344495e-16,24
96,1,8,random,7,722419,24,0.836647711721635,8.0,0.16357685598270671,8.98532382980417e-16,24
96,1,8,krylov,0,722420,0,0.0,0.0,0.0,0.0,24
96,1,8,krylov,0,722420,1,0.10758026949579862,0.3333333333333333,0.014197530460477262,0.0,24
96,1,8,krylov,0,722420,2,0.23015667957918742,0.6666666666666666,0.03234965278732137,4.465754980117852e-16,24
96,1,8,krylov,0,722420,3,0.3719919814068018,1.0,0.05632766866300476,4.468259126671279e-16,24
96,1,8,krylov,0,722420,4,0.4957878546233337,1.3333333333333333,0.08022390280673099,4.468471304190122e-16,24
96,1,8,krylov,0,722420,5,0.616811256473563,1.6666666666666667,0.10662622973984451,4.468769349119761e-16,24
96,1,8,krylov,0,722420,6,0.6842091520596039,2.0,0.12277544923361168,4.479930904170043e-16,24
96,1,8,krylov,0,722420,7,0.7743416613754343,2.3333333333333335,0.14614545160282782,4.47993287218139e-16,24
96,1,8,krylov,0,722420,8,0.8654589987238094,2.6666666666666665,0.17201205762010427,4.480095252484782e-16,24
96,1,8,krylov,0,722420,9,0.9402288012329912,3.0,0.19507090153085624,4.544570275876561e-16,24
96,1,8,krylov,0,722420,10,1.0163074316660894,3.3333333333333335,0.22037167948566833,5.704457680755633e-16,24
96,1,8,krylov,0,722420,11,1.083428564840472,3.6666666666666665,0.24434911288442585,5.714852394532017e-16,24
96,1,8,krylov,0,722420,12,1.160561756758632,4.0,0.27396571826406957,4.536805190802502e-16,24
96,1,8,krylov,0,722420,13,1.2335505075223803,4.333333333333333,0.30417477840313734,4.541415953289145e-16,24
96,1,8,krylov,0,722420,14,1.3271217463396918,4.666666666666667,0.3462720290394611,4.567147018411095e-16,24
96,1,8,krylov,0,722420,15,1.4112925038978341,5.0,0.38765660814416997,4.57923239033153e-16,24
96,1,8,krylov,0,722420,16,1.5296050914870665,5.333333333333333,0.45204417812745906,5.766839308756707e-16,24
96,1,8,krylov,0,722420,17,1.644965298409701,5.666666666666667,0.5226037650981037,5.766916974895559e-16,24
96,1,8,krylov,0,722420,18,1.731438771834691,6.0,0.5810969204325491,5.778838916616755e-16,24
96,1,8,krylov,0,722420,19,1.8002234558390817,6.333333333333333,0.6313749305639442,6.753394579293133e-16,24
96,1,8,krylov,0,722420,20,1.8753803407231566,6.666666666666667,0.6904124656371892,6.797279534309808e-16,24
96,1,8,krylov,0,722420,21,1.9306105753039444,7.0,0.7367147613580973,6.801103059192578e-16,24
96,1,8,krylov,0,722420,22,1.986928280281882,7.333333333333333,0.7866371213016438,6.84574096908459e-16,24
96,1,8,krylov,0,722420,23,2.0316456496258235,7.666666666666667,0.8283283491121892,6.881489026984401e-16,24
96,1,8,krylov,0,722420,24,2.0696646221483856,8.0,0.8652707191666635,6.987941978368183e-16,24
96,1,8,krylov,1,722421,0,0.0,0.0,0.0,0.0,24
96,1,8,krylov,1,722421,1,0.001325454179863418,0.3333333333333333,0.00016579162281035723,2.220446049250313e-16,24
96,1,8,krylov,1,722421,2,0.00354044183334174,0.6666666666666666,0.00044333957506167043,1.1139052930771897e-16,24
96,1,8,krylov,1,722421,3,0.0057569534635518085,1.0,0.0007216945707434597,4.461463075729612e-16,24
96,1,8,krylov,1,722421,4,0.008944784816662365,1.3333333333333333,0.0011231136186315507,4.532009004146482e-16,24
96,1,8,krylov,1,722421,5,0.011965706243244596,1.6666666666666667,0.0015046977125384472,4.533865800195724e-16,24
96,1,8,krylov,1,722421,6,0.015754576100273202,2.0,0.0019849167176473705,4.534079120440628e-16,24
96,1,8,krylov,1,722421,7,0.020500728455858278,2.3333333333333335,0.002589038973348245,4.537745929642367e-16,24
96,1,8,krylov,1,722421,8,0.027300164625135445,2.6666666666666665,0.0034595285652271996,4.54671182211319e-16,24
96,1,8,krylov,1,722421,9,0.03518078426573744,3.0,0.0044758686841044415,4.550545980706285e-16,24
96,1,8,krylov,1,722421,10,0.04261333699839808,3.3333333333333335,0.005441790089915559,4.661000201158184e-16,24
96,1,8,krylov,1,722421,11,0.04909926610452971,3.6666666666666665,0.006290575899703068,4.664951599975125e-16,24
96,1,8,krylov,1,722421,12,0.05597904597992114,4.0,0.007196940380711177,4.574396697633431e-16,24
96,1,8,krylov,1,722421,13,0.06095734035636676,4.333333333333333,0.007856696533180002,4.593140975874046e-16,24
96,1,8,krylov,1,722421,14,0.0653278670604792,4.666666666666667,0.008438621005118219,4.729950785710191e-16,24
96,1,8,krylov,1,722421,15,0.0705153186388349,5.0,0.009132625892353415,4.736994809618689e-16,24
96,1,8,krylov,1,722421,16,0.07538736749337624,5.333333333333333,0.009787721130867271,4.828867470255968e-16,24
96,1,8,krylov,1,722421,17,0.0795529080221157,5.666666666666667,0.01035035587136465,4.8507318697655315e-16,24
96,1,8,krylov,1,722421,18,0.08411454912720792,6.0,0.010969185985659142,4.86052520729082e-16,24
96,1,8,krylov,1,722421,19,0.09043634174329279,6.333333333333333,0.011831477724619207,4.860567851898651e-16,24
96,1,8,krylov,1,722421,20,0.09689610035177376,6.666666666666667,0.012718237082869718,4.856494531164259e-16,24
96,1,8,krylov,1,722421,21,0.10520673097436428,7.0,0.013867531547332822,4.888351242200604e-16,24
96,1,8,krylov,1,722421,22,0.11631457719076962,7.333333333333333,0.015418649573868754,4.888792569960503e-16,24
96,1,8,krylov,1,722421,23,0.12754339590660466,7.666666666666667,0.017004270800508765,9.063637601412427e-16,24
96,1,8,krylov,1,722421,24,0.13648732957674478,8.0,0.018280044291664563,9.159492251254251e-16,24
96,1,8,krylov,2,722422,0,0.0,0.0,0.0,0.0,24
96,1,8,krylov,2,722422,1,0.11963806131694824,0.3333333333333333,0.01588610508696063,2.220446049250313e-16,24
96,1,8,krylov,2,722422,2,0.198811458530295,0.6666666666666666,0.027493991585599453,1.1104257922807027e-16,24
96,1,8,krylov,2,722422,3,0.30312583481705796,1.0,0.044260605592611954,4.441937616949892e-16,24
96,1,8,krylov,2,722422,4,0.40336357966738895,1.3333333333333333,0.06210637716701084,4.4850774702988e-16,24
96,1,8,krylov,2,722422,5,0.5056244758563595,1.6666666666666667,0.08225257388342254,4.488675517680736e-16,24
96,1,8,krylov,2,722422,6,0.6271005324449114,2.0,0.10902179914247276,4.495329714141812e-16,24
96,1,8,krylov,2,722422,7,0.7434319632962896,2.3333333333333335,0.13789263071730357,4.59050259579683e-16,24
96,1,8,krylov,2,722422,8,0.878429467064122,2.6666666666666665,0.17588953509976618,4.591655132700777e-16,24
96,1,8,krylov,2,722422,9,0.9801788993117515,3.0,0.20811661924471822,4.602975628647531e-16,24
96,1,8,krylov,2,722422,10,1.1014861027217964,3.3333333333333335,0.2510792302809439,4.603111123181625e-16,24
96,1,8,krylov,2,722422,11,1.2259166697187973,3.6666666666666665,0.30091100117823333,4.60780960376511e-16,24
96,1,8,krylov,2,722422,12,1.3391267605632444,4.0,0.3519637527054144,4.689924188700579e-16,24
96,1,8,krylov,2,722422,13,1.4216632065127954,4.333333333333333,0.3930008814065578,4.695661265695131e-16,24
96,1,8,krylov,2,722422,14,1.4888732111262373,4.666666666666667,0.4290123331086924,4.697877698878247e-16,24
96,1,8,krylov,2,722422,15,1.5573310158315605,5.0,0.46826712014754535,7.829124626104666e-16,24
96,1,8,krylov,2,722422,16,1.6154294450422477,5.333333333333333,0.5037559485882546,7.848124198266252e-16,24
96,1,8,krylov,2,722422,17,1.6538168501595236,5.666666666666667,0.5283615082256773,7.85138971129335e-16,24
96,1,8,krylov,2,722422,18,1.7015206504398692,6.0,0.560284710545325,7.851694631333371e-16,24
96,1,8,krylov,2,722422,19,1.7342788392782456,6.333333333333333,0.5831051336889569,7.859184013477375e-16,24
96,1,8,krylov,2,722422,20,1.765193675159729,6.666666666666667,0.6053379793889342,7.879349273851055e-16,24
96,1,8,krylov,2,722422,21,1.7960033369617538,7.0,0.628189664269649,7.879410751011375e-16,24
96,1,8,krylov,2,722422,22,1.8285871607012556,7.333333333333333,0.6531356746646898,7.90666409039846e-16,24
96,1,8,krylov,2,722422,23,1.8510758294779837,7.666666666666667,0.6708331607119365,7.906818682417436e-16,24
96,1,8,krylov,2,722422,24,1.8747848771467044,8.0,0.6899270617486278,7.91662692642926e-16,24
96,1,8,krylov,3,722423,0,0.0,0.0,0.0,0.0,24
96,1,8,krylov,3,722423,1,0.026459002312920966,0.3333333333333333,0.0033515186844423595,0.0,24
96,1,8,krylov,3,722423,2,0.05404118913813439,0.6666666666666666,0.0069410096939384784,2.222709029323937e-16,24
96,1,8,krylov,3,722423,3,0.08085578543131705,1.0,0.010526815720170616,2.2519595285989144e-16,24
96,1,8,krylov,3,722423,4,0.11086261683964484,1.3333333333333333,0.014655175769404592,2.302275557486875e-16,24
96,1,8,krylov,3,722423,5,0.13722275651785917,1.6666666666666667,0.01838545505256647,3.3606827314321127e-16,24
96,1,8,krylov,3,722423,6,0.16438951288189263,2.0,0.022334166767149086,3.3654432654310724e-16,24
96,1,8,krylov,3,722423,7,0.20018068756080226,2.3333333333333335,0.027702933798084417,6.729045108435617e-16,24
96,1,8,krylov,3,722423,8,0.23041350168507838,2.6666666666666665,0.03239006884615797,6.737102753297519e-16,24
96,1,8,krylov,3,722423,9,0.2645357551311153,3.0,0.037853250634257055,6.737136213034025e-16,24
96,1,8,krylov,3,722423,10,0.29207489849328144,3.3333333333333335,0.042400414774224626,6.748018407951378e-16,24
96,1,8,krylov,3,722423,11,0.3215017993668258,3.6666666666666665,0.04739968596326174,6.751629861251686e-16,24
96,1,8,krylov,3,722423,12,0.3531556150335802,4.0,0.052944081548987255,6.836049553986519e-16,24
96,1,8,krylov,3,722423,13,0.37853276945682346,4.333333333333333,0.057517581753769975,6.837763822598287e-16,24
96,1,8,krylov,3,722423,14,0.4029629174319312,4.666666666666667,0.06203142572377579,6.944971610389392e-16,24
96,1,8,krylov,3,722423,15,0.4325490437414103,5.0,0.06764763234056739,6.948166006382196e-16,24
96,1,8,krylov,3,722423,16,0.4688867898905799,5.333333333333333,0.07477675681556074,6.835192023686624e-16,24
96,1,8,krylov,3,722423,17,0.5221960154192795,5.666666666666667,0.08571568338740489,6.835194362701893e-16,24
96,1,8,krylov,3,722423,18,0.582887241898868,6.0,0.09890032590828454,6.835327392571423e-16,24
96,1,8,krylov,3,722423,19,0.6546993299701881,6.333333333333333,0.11557047146604585,7.87240415091906e-16,24
96,1,8,krylov,3,722423,20,0.7199463154014494,6.666666666666667,0.1317903652727684,7.868499376599008e-16,24
96,1,8,krylov,3,722423,21,0.7749866893949671,7.0,0.1463204044351542,7.876705228827935e-16,24
96,1,8,krylov,3,722423,22,0.8372372597651266,7.333333333333333,0.16374703606328583,7.881995258116446e-16,24
96,1,8,krylov,3,722423,23,0.8991335658121357,7.666666666666667,0.1821841187360501,7.883344257279765e-16,24
96,1,8,krylov,3,722423,24,0.9729278447326233,8.0,0.20570990859744176,7.921135079327827e-16,24
96,1,8,krylov,4,722424,0,0.0,0.0,0.0,0.0,24
96,1,8,krylov,4,722424,1,0.07370031128667609,0.3333333333333333,0.00956051837514396,2.220446049250313e-16,24
96,1,8,krylov,4,722424,2,0.1647434394176422,0.6666666666666666,0.022386321467312325,4.44091860068705e-16,24
96,1,8,krylov,4,722424,3,0.25076372961311505,1.0,0.03562580493660715,4.440991176349653e-16,24
96,1,8,krylov,4,722424,4,0.3339914924754772,1.3333333333333333,0.04956640781250042,4.440995901577359e-16,24
96,1,8,krylov,4,722424,5,0.4410747319793981,1.6666666666666667,0.0692971074576715,4.452562982253098e-16,24
96,1,8,krylov,4,722424,6,0.5605525085228781,2.0,0.09395500362907586,4.515959933865277e-16,24
96,1,8,krylov,4,722424,7,0.6875154655893442,2.3333333333333335,0.12359602835214352,4.533949575058592e-16,24
96,1,8,krylov,4,722424,8,0.8053998379443305,2.6666666666666665,0.15469887422059497,4.542179403455424e-16,24
96,1,8,krylov,4,722424,9,0.9396943209474521,3.0,0.1948998756530646,5.611314312371279e-16,24
96,1,8,krylov,4,722424,10,1.0665393915655166,3.3333333333333335,0.23816349374829074,5.611628144151208e-16,24
96,1,8,krylov,4,722424,11,1.2037809137856512,3.6666666666666665,0.29158671994563656,5.614307778544228e-16,24
96,1,8,krylov,4,722424,12,1.2994766758905847,4.0,0.33342211732156757,4.577623360871692e-16,24
96,1,8,krylov,4,722424,13,1.3820181741934408,4.333333333333333,0.37286647147127655,4.583444883302083e-16,24
96,1,8,krylov,4,722424,14,1.4584475513549946,4.666666666666667,0.41240999168943615,4.586280578834828e-16,24
96,1,8,krylov,4,722424,15,1.512722724751836,5.0,0.44238407879746183,4.589594548894543e-16,24
96,1,8,krylov,4,722424,16,1.5583766137450215,5.333333333333333,0.4688877634256109,5.719985007490991e-16,24
96,1,8,krylov,4,722424,17,1.5865048501242156,5.666666666666667,0.4858299385350084,5.720054100724308e-16,24
96,1,8,krylov,4,722424,18,1.6115145280995893,6.0,0.501299233328178,5.774273817210363e-16,24
96,1,8,krylov,4,722424,19,1.6310162897547684,6.333333333333333,0.5136330463464148,5.783154454313572e-16,24
96,1,8,krylov,4,722424,20,1.654153616253557,6.666666666666667,0.528581575282276,5.86982558828806e-16,24
96,1,8,krylov,4,722424,21,1.6727380458840504,7.0,0.5408415858653176,5.903388802711319e-16,24
96,1,8,krylov,4,722424,22,1.691047744486216,7.333333333333333,0.5531452389831193,5.908882910083216e-16,24
96,1,8,krylov,4,722424,23,1.7139955581627413,7.666666666666667,0.5688871196421098,5.908883325338411e-16,24
96,1,8,krylov,4,722424,24,1.7352689022039771,8.0,0.5838065494949397,6.040526420381034e-16,24
96,1,8,krylov,5,722425,0,0.0,0.0,0.0,0.0,24
96,1,8,krylov,5,722425,1,0.009854106281697222,0.3333333333333333,0.0012378522323180667,0.0,24
96,1,8,krylov,5,722425,2,0.024091144094878343,0.6666666666666666,0.0030479600198979303,2.22052208598286e-16,24
96,1,8,krylov,5,722425,3,0.0412896358072824,1.0,0.005269238365658919,2.2256959309677664e-16,24
96,1,8,krylov,5,722425,4,0.05174256692260629,1.3333333333333333,0.006638075456983772,2.226529856417849e-16,24
96,1,8,krylov,5,722425,5,0.0627806674109841,1.6666666666666667,0.008099158719115122,2.239717143608834e-16,24
96,1,8,krylov,5,722425,6,0.07653245729208516,2.0,0.009942153577960588,2.2599949358342997e-16,24
96,1,8,krylov,5,722425,7,0.09197533937298864,2.3333333333333335,0.012042223171280479,2.396745363743628e-16,24
96,1,8,krylov,5,722425,8,0.1115263853614466,2.6666666666666665,0.014747905251037856,2.418627132167143e-16,24
96,1,8,krylov,5,722425,9,0.13467742843211117,3.0,0.018020956108223317,2.5096622007255736e-16,24
96,1,8,krylov,5,722425,10,0.1557371716977461,3.3333333333333335,0.021064880356281387,3.3557707116529543e-16,24
96,1,8,krylov,5,722425,11,0.17112584330604408,3.6666666666666665,0.023330008791938237,3.5149160825386765e-16,24
96,1,8,krylov,5,722425,12,0.19532585071601022,4.0,0.026963382621490693,3.60162454380662e-16,24
96,1,8,krylov,5,722425,13,0.22229387350046856,4.333333333333333,0.031117294228161892,3.607676603699797e-16,24
96,1,8,krylov,5,722425,14,0.2500031323630167,4.666666666666667,0.03550367984097104,3.6077186044553464e-16,24
96,1,8,krylov,5,722425,15,0.30002164945179693,5.0,0.04373600394944138,3.625115222452254e-16,24
96,1,8,krylov,5,722425,16,0.36484001199817145,5.333333333333333,0.0550354452032848,3.5839104041237596e-16,24
96,1,8,krylov,5,722425,17,0.4238277948623366,5.666666666666667,0.06597480954783448,3.590661935070613e-16,24
96,1,8,krylov,5,722425,18,0.4883657122574795,6.0,0.07870634053149228,4.643767946875122e-16,24
96,1,8,krylov,5,722425,19,0.6057696750220153,6.333333333333333,0.10408277756571564,4.7186506031702e-16,24
96,1,8,krylov,5,722425,20,0.6932474652830214,6.666666666666667,0.12502507243793928,4.754172765938024e-16,24
96,1,8,krylov,5,722425,21,0.7911644339540542,7.0,0.15074545378107318,4.754863287353477e-16,24
96,1,8,krylov,5,722425,22,0.8768568873182003,7.333333333333333,0.1754167341671306,5.000898167425247e-16,24
96,1,8,krylov,5,722425,23,0.9618602432407679,7.666666666666667,0.20206992322904577,5.001038815242022e-16,24
96,1,8,krylov,5,722425,24,1.0692723314979022,8.0,0.23915735522560674,4.917547471578446e-16,24
96,1,8,krylov,6,722426,0,0.0,0.0,0.0,0.0,24
96,1,8,krylov,6,722426,1,0.0097528807522918,0.3333333333333333,0.001225074385627909,1.1102230246251565e-16,24
96,1,8,krylov,6,722426,2,0.023036705544196984,0.6666666666666666,0.0029130124739675752,3.3469694294803434e-16,24
96,1,8,krylov,6,722426,3,0.0366430370032683,1.0,0.0046653336165808695,3.365248985901583e-16,24
96,1,8,krylov,6,722426,4,0.0514049402702621,1.3333333333333333,0.006593638436229599,3.371638000610891e-16,24
96,1,8,krylov,6,722426,5,0.07180118170296078,1.6666666666666667,0.009305213019608469,3.3751981808469157e-16,24
96,1,8,krylov,6,722426,6,0.09029022511086723,2.0,0.011811485830493969,3.380314474294724e-16,24
96,1,8,krylov,6,722426,7,0.10891195764805749,2.3333333333333335,0.014383021643408121,3.598850058963023e-16,24
96,1,8,krylov,6,722426,8,0.1247690813507919,2.6666666666666665,0.016610852270755445,3.603520014239295e-16,24
96,1,8,krylov,6,722426,9,0.14480120625447632,3.0,0.01947622245913724,3.604296534818781e-16,24
96,1,8,krylov,6,722426,10,0.17443774705123172,3.3333333333333335,0.023822077896555237,3.620592301637441e-16,24
96,1,8,krylov,6,722426,11,0.20056592179564064,3.6666666666666665,0.02776177152837008,3.6328960908007533e-16,24
96,1,8,krylov,6,722426,12,0.23258145295501356,4.0,0.03273165298088001,4.571047883586055e-16,24
96,1,8,krylov,6,722426,13,0.2672727433735466,4.333333333333333,0.03829958859873491,4.583794030831161e-16,24
96,1,8,krylov,6,722426,14,0.30053892259990816,4.666666666666667,0.043823309131770564,4.587607277670607e-16,24
96,1,8,krylov,6,722426,15,0.3279896266167512,5.0,0.04852182151848376,4.6043990416667e-16,24
96,1,8,krylov,6,722426,16,0.3500611368412774,5.333333333333333,0.05239428856910319,4.594493658582755e-16,24
96,1,8,krylov,6,722426,17,0.37415906300822077,5.666666666666667,0.05672104660469264,4.598558057293741e-16,24
96,1,8,krylov,6,722426,18,0.39830995295503585,6.0,0.06116319662982105,6.727514106324926e-16,24
96,1,8,krylov,6,722426,19,0.41934194940381037,6.333333333333333,0.06512004467065802,6.728456526764105e-16,24
96,1,8,krylov,6,722426,20,0.4324482134194912,6.666666666666667,0.06762820859704918,6.799696181787352e-16,24
96,1,8,krylov,6,722426,21,0.44581894236929726,7.0,0.07022108384976417,6.802434597000998e-16,24
96,1,8,krylov,6,722426,22,0.46289203544247637,7.333333333333333,0.07358272674836867,6.802444408036273e-16,24
96,1,8,krylov,6,722426,23,0.4813383877942201,7.666666666666667,0.07727984806446205,6.803467170357228e-16,24
96,1,8,krylov,6,722426,24,0.49620085352918886,8.0,0.08030867755878043,6.829763648452283e-16,24
96,1,8,krylov,7,722427,0,0.0,0.0,0.0,0.0,24
96,1,8,krylov,7,722427,1,0.007290493973516184,0.3333333333333333,0.0009146417907245405,0.0,24
96,1,8,krylov,7,722427,2,0.012861435200885708,0.6666666666666666,0.0016180623979932878,1.1860145727963326e-16,24
96,1,8,krylov,7,722427,3,0.017498428829070756,1.0,0.0022065529054502934,5.623951257463422e-16,24
96,1,8,krylov,7,722427,4,0.02167927215207676,1.3333333333333333,0.002739496874127019,5.624027746856451e-16,24
96,1,8,krylov,7,722427,5,0.025804903731159786,1.6666666666666667,0.0032675915893932332,5.62406405358792e-16,24
96,1,8,krylov,7,722427,6,0.030181852393607166,2.0,0.0038302427020961713,5.626370631853123e-16,24
96,1,8,krylov,7,722427,7,0.036591423614967505,2.3333333333333335,0.0046586413220752335,5.647854342691879e-16,24
96,1,8,krylov,7,722427,8,0.044770204505981626,2.6666666666666665,0.00572343937950425,5.660502275855205e-16,24
96,1,8,krylov,7,722427,9,0.05276887636595437,3.0,0.006773246208574151,5.660513720528948e-16,24
96,1,8,krylov,7,722427,10,0.06347274650471257,3.3333333333333335,0.008191305747095251,5.663842168902106e-16,24
96,1,8,krylov,7,722427,11,0.0800917839448978,3.6666666666666665,0.010423312574823719,5.663967489334529e-16,24
96,1,8,krylov,7,722427,12,0.09769645465608306,4.0,0.012828504587350676,5.722530670734897e-16,24
96,1,8,krylov,7,722427,13,0.11533566950501001,4.333333333333333,0.015281259935434662,5.730114178413297e-16,24
96,1,8,krylov,7,722427,14,0.13012696732971796,4.666666666666667,0.01737162331290067,5.732731272390807e-16,24
96,1,8,krylov,7,722427,15,0.14622605563351013,5.0,0.019682226042179635,5.73856432617045e-16,24
96,1,8,krylov,7,722427,16,0.1634015930519605,5.333333333333333,0.02218868429651455,5.668011657681292e-16,24
96,1,8,krylov,7,722427,17,0.18946689253189197,5.666666666666667,0.026075638683991275,5.668054714906295e-16,24
96,1,8,krylov,7,722427,18,0.22278699996948995,6.0,0.031194298783149523,5.673671323833745e-16,24
96,1,8,krylov,7,722427,19,0.2555242694054228,6.333333333333333,0.03639229347471212,5.685179931857029e-16,24
96,1,8,krylov,7,722427,20,0.2828611434927645,6.666666666666667,0.040865112177888026,5.691474466650971e-16,24
96,1,8,krylov,7,722427,21,0.3124408341618616,7.0,0.04584463418171679,5.692527195914806e-16,24
96,1,8,krylov,7,722427,22,0.35083256565222093,7.333333333333333,0.052531188431662205,5.692990722434579e-16,24
96,1,8,krylov,7,722427,23,0.39316203581298387,7.666666666666667,0.06020730645139583,5.698388795632576e-16,24
96,1,8,krylov,7,722427,24,0.44062427920490893,8.0,0.06920960549577229,5.729834716293402e-16,24
96,1,8,reply_null,0,722428,0,0.0,0.0,0.0,0.0,24
96,1,8,reply_null,0,722428,1,0.002409100596080911,0.3333333333333333,0.0003015006013294334,0.0,24
96,1,8,reply_null,0,722428,2,0.18697721040381293,0.6666666666666666,0.025699976200503096,4.446193872567604e-16,24
96,1,8,reply_null,0,722428,3,0.18750800916437302,1.0,0.025779988794501,4.453741627494506e-16,24
96,1,8,reply_null,0,722428,4,0.3430190692472478,1.3333333333333333,0.05114945424627494,4.463541445038967e-16,24
96,1,8,reply_null,0,722428,5,0.3844571688588351,1.6666666666666667,0.0586020981881524,4.477273493525251e-16,24
96,1,8,reply_null,0,722428,6,0.38877651414281106,2.0,0.05939685422232392,4.482871088399041e-16,24
96,1,8,reply_null,0,722428,7,0.43151813782999526,2.3333333333333335,0.06744913309217163,4.484403211021175e-16,24
96,1,8,reply_null,0,722428,8,0.45261287795011135,2.6666666666666665,0.07155191900259991,4.489100315738403e-16,24
96,1,8,reply_null,0,722428,9,0.6193021610185907,3.0,0.10720390773994051,4.490457121096188e-16,24
96,1,8,reply_null,0,722428,10,0.7685188066247929,3.3333333333333335,0.1445711987925762,4.498432001528212e-16,24
96,1,8,reply_null,0,722428,11,0.7703356341873185,3.6666666666666665,0.1450614083548849,4.511227057587598e-16,24
96,1,8,reply_null,0,722428,12,0.7709466104381583,4.0,0.14522645987780403,4.566489806744378e-16,24
96,1,8,reply_null,0,722428,13,0.7804076245267979,4.333333333333333,0.14779520854463024,4.569069148211768e-16,24
96,1,8,reply_null,0,722428,14,0.9382908538763286,4.666666666666667,0.19445122162075293,4.85839480751934e-16,24
96,1,8,reply_null,0,722428,15,1.0094554265153106,5.0,0.21801328006860168,4.860104369544698e-16,24
96,1,8,reply_null,0,722428,16,1.0098706624378704,5.333333333333333,0.21815574107981897,4.74602149154486e-16,24
96,1,8,reply_null,0,722428,17,1.0151268801888347,5.666666666666667,0.2199641910171329,4.747073510223898e-16,24
96,1,8,reply_null,0,722428,18,1.0180677872510284,6.0,0.22098019189249687,4.747483031860181e-16,24
96,1,8,reply_null,0,722428,19,1.0241921231860311,6.333333333333333,0.2231055925049775,4.776570555433861e-16,24
96,1,8,reply_null,0,722428,20,1.0425473777481287,6.666666666666667,0.2295541607751793,4.763946486872057e-16,24
96,1,8,reply_null,0,722428,21,1.0425606423668985,7.0,0.22955886383214733,4.76398328521314e-16,24
96,1,8,reply_null,0,722428,22,1.0932513761691625,7.333333333333333,0.24799503683073323,4.789220732210052e-16,24
96,1,8,reply_null,0,722428,23,1.1056275936570827,7.666666666666667,0.2526399887067017,4.789492464482879e-16,24
96,1,8,reply_null,0,722428,24,1.1120763253220212,8.0,0.25508315686091915,4.834038363510965e-16,24
96,1,8,reply_null,1,722429,0,0.0,0.0,0.0,0.0,24
96,1,8,reply_null,1,722429,1,0.10012386647092715,0.3333333333333333,0.013163477521956981,0.0,24
96,1,8,reply_null,1,722429,2,0.20445303742385998,0.6666666666666666,0.028356729784505284,2.223549750813565e-16,24
96,1,8,reply_null,1,722429,3,0.2499803157797324,1.0,0.035500017737171076,6.692907344503726e-16,24
96,1,8,reply_null,1,722429,4,0.2794384018695718,1.3333333333333333,0.04029836921525543,6.692962547398957e-16,24
96,1,8,reply_null,1,722429,5,0.30236122969315327,1.6666666666666667,0.04413123753034484,6.695098296467937e-16,24
96,1,8,reply_null,1,722429,6,0.3376338859935774,2.0,0.050203406760958275,6.6950984233736e-16,24
96,1,8,reply_null,1,722429,7,0.35969751864565486,2.3333333333333335,0.05411199058780075,6.743395286086388e-16,24
96,1,8,reply_null,1,722429,8,0.44598976641754473,2.6666666666666665,0.07025443515413195,6.755319353891998e-16,24
96,1,8,reply_null,1,722429,9,0.6169998213175445,3.0,0.1066699104219085,6.770574004467447e-16,24
96,1,8,reply_null,1,722429,10,0.6172456136648452,3.3333333333333335,0.10672686011160232,6.775315444195513e-16,24
96,1,8,reply_null,1,722429,11,0.6199894316299436,3.6666666666666665,0.10736354951383743,6.786767627016099e-16,24
96,1,8,reply_null,1,722429,12,0.6204125796110551,4.0,0.10746189448646899,6.78886189120085e-16,24
96,1,8,reply_null,1,722429,13,0.6933599976444856,4.333333333333333,0.12505320993292574,6.795352090807105e-16,24
96,1,8,reply_null,1,722429,14,0.7412360065228109,4.666666666666667,0.13731596326431691,6.803807576950805e-16,24
96,1,8,reply_null,1,722429,15,0.7453717592548023,5.0,0.1384030837071537,6.85830903152815e-16,24
96,1,8,reply_null,1,722429,16,0.7960562537904291,5.333333333333333,0.1520976555288323,6.874445462836896e-16,24
96,1,8,reply_null,1,722429,17,0.7981425799980385,5.666666666666667,0.1526763751186339,6.877298246281563e-16,24
96,1,8,reply_null,1,722429,18,0.8067664460223674,6.0,0.1550813742658181,6.879032201383625e-16,24
96,1,8,reply_null,1,722429,19,0.8134738464639972,6.333333333333333,0.1569663066305508,6.880385248571828e-16,24
96,1,8,reply_null,1,722429,20,0.9214925563974447,6.666666666666667,0.18912980546948674,7.040051516910134e-16,24
96,1,8,reply_null,1,722429,21,0.9705851173932653,7.0,0.20493605227429063,7.043783187856885e-16,24
96,1,8,reply_null,1,722429,22,0.9723681966860996,7.333333333333333,0.20552487922362223,7.047507112970259e-16,24
96,1,8,reply_null,1,722429,23,0.996812305466503,7.666666666666667,0.21370382155505707,7.059695454536751e-16,24
96,1,8,reply_null,1,722429,24,0.9984381773512861,8.0,0.21425495849340948,6.980257791648135e-16,24
96,1,8,reply_null,2,722430,0,0.0,0.0,0.0,0.0,24
96,1,8,reply_null,2,722430,1,0.09058565667588682,0.3333333333333333,0.01185191023289371,0.0,24
96,1,8,reply_null,2,722430,2,0.10181624472466759,0.6666666666666666,0.013397500358499782,2.3305791682774414e-16,24
96,1,8,reply_null,2,722430,3,0.25888675042308584,1.0,0.03693588539450702,2.330725882840208e-16,24
96,1,8,reply_null,2,722430,4,0.5614956791758937,1.3333333333333333,0.0941616129814525,2.3332654279199915e-16,24
96,1,8,reply_null,2,722430,5,0.6131163269015101,1.6666666666666667,0.10577196632739082,2.336727238488751e-16,24
96,1,8,reply_null,2,722430,6,0.6137291325629685,2.0,0.10591342803470277,3.3684586952452513e-16,24
96,1,8,reply_null,2,722430,7,0.7626735035503801,2.3333333333333335,0.14300006977161803,3.717236426519308e-16,24
96,1,8,reply_null,2,722430,8,0.797843965793507,2.6666666666666665,0.15259346938779123,3.854336622526163e-16,24
96,1,8,reply_null,2,722430,9,0.7996908940544042,3.0,0.15310663835870716,3.8606860854018956e-16,24
96,1,8,reply_null,2,722430,10,0.9179868786809344,3.3333333333333335,0.18803049564918672,6.722143186756938e-16,24
96,1,8,reply_null,2,722430,11,0.9198992017821123,3.6666666666666665,0.18862968383549358,6.749165076974064e-16,24
96,1,8,reply_null,2,722430,12,0.9203613234154433,4.0,0.18877465239122174,4.642608055676929e-16,24
96,1,8,reply_null,2,722430,13,0.9596576207147697,4.333333333333333,0.20135030446375488,4.644639693674904e-16,24
96,1,8,reply_null,2,722430,14,0.9612019944927681,4.666666666666667,0.2018547007043218,4.646535270704711e-16,24
96,1,8,reply_null,2,722430,15,0.9745279691414876,5.0,0.20623950919486422,4.650384345386515e-16,24
96,1,8,reply_null,2,722430,16,0.9925059770371113,5.333333333333333,0.21224838769643828,6.775778081845258e-16,24
96,1,8,reply_null,2,722430,17,0.9932601054038093,5.666666666666667,0.21250281219453113,6.781128731544724e-16,24
96,1,8,reply_null,2,722430,18,0.9942951499994396,6.0,0.2128523235049964,6.781999869806655e-16,24
96,1,8,reply_null,2,722430,19,1.0283224663432966,6.333333333333333,0.22454636144378923,6.784339478569039e-16,24
96,1,8,reply_null,2,722430,20,1.0635619443623188,6.666666666666667,0.23708380178008137,6.785618168561764e-16,24
96,1,8,reply_null,2,722430,21,1.0842782473034525,7.0,0.24466307571382725,6.793411399029609e-16,24
96,1,8,reply_null,2,722430,22,1.0893117346166419,7.333333333333333,0.2465284608734074,6.795668826433635e-16,24
96,1,8,reply_null,2,722430,23,1.1432870202770686,7.666666666666667,0.2671328782893876,6.795816611903763e-16,24
96,1,8,reply_null,2,722430,24,1.1964070232954374,8.0,0.28852615310343843,6.791745309304914e-16,24
96,1,8,reply_null,3,722431,0,0.0,0.0,0.0,0.0,24
96,1,8,reply_null,3,722431,1,0.08250361315032236,0.3333333333333333,0.010750324665325281,0.0,24
96,1,8,reply_null,3,722431,2,0.7057009170874826,0.6666666666666666,0.12815821636311844,6.704179846403648e-16,24
96,1,8,reply_null,3,722431,3,0.7318684083198921,1.0,0.13487016622546935,6.704190053848743e-16,24
96,1,8,reply_null,3,722431,4,0.7324389341722539,1.3333333333333333,0.13501847117543975,6.706123460527187e-16,24
96,1,8,reply_null,3,722431,5,0.7352596528327257,1.6666666666666667,0.13575294551490483,6.707432967010331e-16,24
96,1,8,reply_null,3,722431,6,0.7991284665976254,2.0,0.15295026752712818,6.707549021949812e-16,24
96,1,8,reply_null,3,722431,7,0.8320692156203263,2.3333333333333335,0.1622586280262341,6.708437455121627e-16,24
96,1,8,reply_null,3,722431,8,0.8551402992176123,2.6666666666666665,0.16896303746299576,6.71070007598967e-16,24
96,1,8,reply_null,3,722431,9,0.9755664077866243,3.0,0.2065836597607055,6.7108623647334665e-16,24
96,1,8,reply_null,3,722431,10,0.983828316021855,3.3333333333333335,0.2093345215662519,6.713688521819657e-16,24
96,1,8,reply_null,3,722431,11,0.9841513831522568,3.6666666666666665,0.2094425515102509,6.719587040839367e-16,24
96,1,8,reply_null,3,722431,12,1.0447057479137734,4.0,0.23032024634861992,6.745499710405994e-16,24
96,1,8,reply_null,3,722431,13,1.046211436039448,4.333333333333333,0.23085565079926962,6.747050427816753e-16,24
96,1,8,reply_null,3,722431,14,1.0497613196981987,4.666666666666667,0.23212114180289123,6.754624073542241e-16,24
96,1,8,reply_null,3,722431,15,1.065572931121823,5.0,0.23781268014802956,6.790083895399734e-16,24
96,1,8,reply_null,3,722431,16,1.065633126763722,5.333333333333333,0.23783452054754203,6.746395682441286e-16,24
96,1,8,reply_null,3,722431,17,1.0660774337554404,5.666666666666667,0.23799576628050875,6.751133899243078e-16,24
96,1,8,reply_null,3,722431,18,1.0721574305178856,6.0,0.24020950229871127,6.774174214993067e-16,24
96,1,8,reply_null,3,722431,19,1.0730296677577467,6.333333333333333,0.24052819059266148,6.777378125588468e-16,24
96,1,8,reply_null,3,722431,20,1.083398388463322,6.666666666666667,0.24433796743446093,6.803852455537179e-16,24
96,1,8,reply_null,3,722431,21,1.0920591057226456,7.0,0.24755059087416065,6.805459229522477e-16,24
96,1,8,reply_null,3,722431,22,1.0983351193701263,7.333333333333333,0.24989607591620422,6.806242799082225e-16,24
96,1,8,reply_null,3,722431,23,1.0995374927081927,7.666666666666667,0.25034711206501287,6.806563087815274e-16,24
96,1,8,reply_null,3,722431,24,1.099593196729485,8.0,0.2503680209908855,7.00419898846092e-16,24
96,1,8,reply_null,4,722432,0,0.0,0.0,0.0,0.0,24
96,1,8,reply_null,4,722432,1,0.3804047911338137,0.3333333333333333,0.0578595786361572,1.1102230246251565e-16,24
96,1,8,reply_null,4,722432,2,0.4724583283331333,0.6666666666666666,0.07549154286557341,2.2369352952665323e-16,24
96,1,8,reply_null,4,722432,3,0.5030431448081168,1.0,0.08171827627581157,6.675788274977207e-16,24
96,1,8,reply_null,4,722432,4,0.5577740860062403,1.3333333333333333,0.09334749846069128,6.681290990715407e-16,24
96,1,8,reply_null,4,722432,5,0.5603560328713642,1.6666666666666667,0.09391198852793395,6.715420227611139e-16,24
96,1,8,reply_null,4,722432,6,0.5623705661125632,2.0,0.09435343851426001,6.720060058509925e-16,24
96,1,8,reply_null,4,722432,7,0.653308221563138,2.3333333333333335,0.11523604452669625,6.721454822665723e-16,24
96,1,8,reply_null,4,722432,8,0.921187091912936,2.6666666666666665,0.1890338646243966,6.730283210971155e-16,24
96,1,8,reply_null,4,722432,9,0.9396089218001824,3.0,0.19487255764295613,6.733391612100405e-16,24
96,1,8,reply_null,4,722432,10,0.9462803380183626,3.3333333333333335,0.19701369487917222,6.735210942985506e-16,24
96,1,8,reply_null,4,722432,11,0.949425856533207,3.6666666666666665,0.19802818963799665,6.750112431028167e-16,24
96,1,8,reply_null,4,722432,12,0.9603202226208284,4.0,0.20156661645398966,6.735487903750638e-16,24
96,1,8,reply_null,4,722432,13,0.9746617435474632,4.333333333333333,0.20628382352743793,6.737245879742738e-16,24
96,1,8,reply_null,4,722432,14,0.9975123290845768,4.666666666666667,0.2139410052370814,6.888610179176435e-16,24
96,1,8,reply_null,4,722432,15,1.0022266127941934,5.0,0.21554264161444067,6.889957353365021e-16,24
96,1,8,reply_null,4,722432,16,1.0172196246051703,5.333333333333333,0.2206868688279444,6.947093389728185e-16,24
96,1,8,reply_null,4,722432,17,1.0203487018547224,5.666666666666667,0.22177024384276367,6.947106372057404e-16,24
96,1,8,reply_null,4,722432,18,1.0213550238520046,6.0,0.2221193820103908,7.13903546880629e-16,24
96,1,8,reply_null,4,722432,19,1.0275306975162486,6.333333333333333,0.2242697110672148,7.139973449850972e-16,24
96,1,8,reply_null,4,722432,20,1.101080996095506,6.666666666666667,0.25092690894802067,7.066185073843366e-16,24
96,1,8,reply_null,4,722432,21,1.1206620866063586,7.0,0.25836050926405435,7.071788733900869e-16,24
96,1,8,reply_null,4,722432,22,1.123473349870821,7.333333333333333,0.259439752888982,7.080003418643527e-16,24
96,1,8,reply_null,4,722432,23,1.1252839503153536,7.666666666666667,0.2601364502063647,7.080303823648745e-16,24
96,1,8,reply_null,4,722432,24,1.1527601564848986,8.0,0.27086525721191923,7.112344157211921e-16,24
96,1,8,reply_null,5,722433,0,0.0,0.0,0.0,0.0,24
96,1,8,reply_null,5,722433,1,0.04391105710368842,0.3333333333333333,0.005611176908053325,1.1102230246251565e-16,24
96,1,8,reply_null,5,722433,2,0.06755593477043091,0.6666666666666666,0.008736262747686527,2.251231472970366e-16,24
96,1,8,reply_null,5,722433,3,0.20901371327047358,1.0,0.029057737437218404,2.275694073277673e-16,24
96,1,8,reply_null,5,722433,4,0.40589603529560997,1.3333333333333333,0.0625808162593571,2.839502919013002e-16,24
96,1,8,reply_null,5,722433,5,0.44766265461425864,1.6666666666666667,0.07058134736160379,2.840612407209633e-16,24
96,1,8,reply_null,5,722433,6,0.4553061006140171,2.0,0.0720819905654613,2.8409702464794806e-16,24
96,1,8,reply_null,5,722433,7,0.4607820985700791,2.3333333333333335,0.07316417144888906,2.925413377461382e-16,24
96,1,8,reply_null,5,722433,8,0.5862174396876652,2.6666666666666665,0.09964720120952301,4.488426765796203e-16,24
96,1,8,reply_null,5,722433,9,0.6004024735760449,3.0,0.10285653783222744,4.488660220641417e-16,24
96,1,8,reply_null,5,722433,10,0.6328028372396098,3.3333333333333335,0.11036007477124397,4.490402342831107e-16,24
96,1,8,reply_null,5,722433,11,0.6712157365223737,3.6666666666666665,0.11957682538772195,4.490407404921805e-16,24
96,1,8,reply_null,5,722433,12,0.6721921120424866,4.0,0.11981574082943185,4.579249629973418e-16,24
96,1,8,reply_null,5,722433,13,0.8382868228128467,4.333333333333333,0.16405025337748588,4.58455600587066e-16,24
96,1,8,reply_null,5,722433,14,0.843721708219879,4.666666666666667,0.16562548510600492,4.593290356942611e-16,24
96,1,8,reply_null,5,722433,15,0.8445438790312481,5.0,0.16586452715012936,4.598602097356184e-16,24
96,1,8,reply_null,5,722433,16,0.8471227756440245,5.333333333333333,0.16661560475345077,6.782492867840463e-16,24
96,1,8,reply_null,5,722433,17,0.8471256722512713,5.666666666666667,0.16661644945054835,6.78472602006257e-16,24
96,1,8,reply_null,5,722433,18,0.8892714209937134,6.0,0.17916951413851934,6.78904244530831e-16,24
96,1,8,reply_null,5,722433,19,0.8985306271441309,6.333333333333333,0.18199896137754196,6.815279984533448e-16,24
96,1,8,reply_null,5,722433,20,0.9395543813553476,6.666666666666667,0.19485511212711928,6.913054959388352e-16,24
96,1,8,reply_null,5,722433,21,0.9471647801387434,7.0,0.19729862333705406,6.913115187947591e-16,24
96,1,8,reply_null,5,722433,22,0.9624863139031707,7.333333333333333,0.20227475622580812,6.913228129483705e-16,24
96,1,8,reply_null,5,722433,23,0.9627496349479149,7.666666666666667,0.20236094590381595,6.918317389457962e-16,24
96,1,8,reply_null,5,722433,24,0.9751367196510287,8.0,0.20644121280222466,6.850927802868825e-16,24
96,1,8,reply_null,6,722434,0,0.0,0.0,0.0,0.0,24
96,1,8,reply_null,6,722434,1,0.009249247623999212,0.3333333333333333,0.0011615192621222956,0.0,24
96,1,8,reply_null,6,722434,2,0.009320501411721426,0.6666666666666666,0.0011705090685096005,3.3606225848933005e-16,24
96,1,8,reply_null,6,722434,3,0.21139287437213064,1.0,0.029424701974317086,3.4627593572937914e-16,24
96,1,8,reply_null,6,722434,4,0.21261819235719773,1.3333333333333333,0.029614037313293796,3.466728902339456e-16,24
96,1,8,reply_null,6,722434,5,0.21717882730733143,1.6666666666666667,0.030320785881762662,3.4747119138932904e-16,24
96,1,8,reply_null,6,722434,6,0.22620684460776647,2.0,0.03172937343296879,3.494320219802989e-16,24
96,1,8,reply_null,6,722434,7,0.3391864295761152,2.3333333333333335,0.050475628949489565,4.522462396902597e-16,24
96,1,8,reply_null,6,722434,8,0.3401177467284982,2.6666666666666665,0.05063912853572228,4.52795710009859e-16,24
96,1,8,reply_null,6,722434,9,0.36164436332587224,3.0,0.05446103346973342,4.528126318536957e-16,24
96,1,8,reply_null,6,722434,10,0.362716856361596,3.3333333333333335,0.05465360742696863,4.528291594267074e-16,24
96,1,8,reply_null,6,722434,11,0.36560059236398157,3.6666666666666665,0.05517242871493743,4.579580335550105e-16,24
96,1,8,reply_null,6,722434,12,0.5415466708610729,4.0,0.08983287669530854,4.558788165387349e-16,24
96,1,8,reply_null,6,722434,13,0.626805707610756,4.333333333333333,0.10895281387413665,4.561976656238937e-16,24
96,1,8,reply_null,6,722434,14,0.6307952097705842,4.666666666666667,0.10988803342016232,4.571803698231265e-16,24
96,1,8,reply_null,6,722434,15,0.6480051997638476,5.0,0.11396543954621642,4.589242769933848e-16,24
96,1,8,reply_null,6,722434,16,0.6499772547346525,5.333333333333333,0.11443715750311902,4.663197679465188e-16,24
96,1,8,reply_null,6,722434,17,0.6630597760058266,5.666666666666667,0.11759017897403258,4.664256407798412e-16,24
96,1,8,reply_null,6,722434,18,0.7215497716995439,6.0,0.13220244769103837,4.672389756382905e-16,24
96,1,8,reply_null,6,722434,19,0.8005471725530122,6.333333333333333,0.15334487707824368,4.677589398086998e-16,24
96,1,8,reply_null,6,722434,20,0.8039988680945326,6.666666666666667,0.1543072988874532,4.708361420598743e-16,24
96,1,8,reply_null,6,722434,21,0.8140339252223122,7.0,0.15712427420246658,4.736999367878885e-16,24
96,1,8,reply_null,6,722434,22,0.818254098065786,7.333333333333333,0.1583174032375291,4.737418929987362e-16,24
96,1,8,reply_null,6,722434,23,0.8254455876273614,7.666666666666667,0.16036222121636376,4.79666925499344e-16,24
96,1,8,reply_null,6,722434,24,0.8300396189375042,8.0,0.16167620011449,4.711078915327137e-16,24
96,1,8,reply_null,7,722435,0,0.0,0.0,0.0,0.0,24
96,1,8,reply_null,7,722435,1,0.14813421458069853,0.3333333333333333,0.019958566293014332,0.0,24
96,1,8,reply_null,7,722435,2,0.2855609641236321,0.6666666666666666,0.04131352327207515,4.440892193614917e-16,24
96,1,8,reply_null,7,722435,3,0.3564126769454388,1.0,0.053524601320658574,4.442237429690754e-16,24
96,1,8,reply_null,7,722435,4,0.3662489282733998,1.3333333333333333,0.05528927884533516,4.491751130033187e-16,24
96,1,8,reply_null,7,722435,5,0.36658795716321485,1.6666666666666667,0.05535041248183656,4.499845476396938e-16,24
96,1,8,reply_null,7,722435,6,0.37011953675844267,2.0,0.05598846031375315,5.593823644324952e-16,24
96,1,8,reply_null,7,722435,7,0.5373324267103604,2.3333333333333335,0.08892942352453408,5.594235002932321e-16,24
96,1,8,reply_null,7,722435,8,0.5384876907488794,2.6666666666666665,0.08917671130815166,5.596446388758613e-16,24
96,1,8,reply_null,7,722435,9,0.5500243728731509,3.0,0.09166190784226878,6.797068346336001e-16,24
96,1,8,reply_null,7,722435,10,0.7284265062250451,3.3333333333333335,0.13397725609208122,6.797127334732795e-16,24
96,1,8,reply_null,7,722435,11,0.7413214212039385,3.6666666666666665,0.1373383698555862,6.797538668932789e-16,24
96,1,8,reply_null,7,722435,12,0.7807357519126251,4.0,0.14788473481048275,5.614616998898189e-16,24
96,1,8,reply_null,7,722435,13,0.7977744518331231,4.333333333333333,0.15257417343703417,5.615850741591511e-16,24
96,1,8,reply_null,7,722435,14,0.807566617262743,4.666666666666667,0.15530557701480374,5.61593558812899e-16,24
96,1,8,reply_null,7,722435,15,0.8077387069359047,5.0,0.15535381886078034,5.616489552372041e-16,24
96,1,8,reply_null,7,722435,16,0.8223035741290619,5.333333333333333,0.15946701637471902,6.811575171164336e-16,24
96,1,8,reply_null,7,722435,17,0.8771634460524821,5.666666666666667,0.1755088436586771,6.828877698301874e-16,24
96,1,8,reply_null,7,722435,18,0.900176255478591,6.0,0.18250458348596282,6.835935716521083e-16,24
96,1,8,reply_null,7,722435,19,0.9046974389107529,6.333333333333333,0.18389801572189649,6.841924667779057e-16,24
96,1,8,reply_null,7,722435,20,0.9384223878197655,6.666666666666667,0.19449324306323096,6.82019161110953e-16,24
96,1,8,reply_null,7,722435,21,0.9384538449179354,7.0,0.19450329355162127,6.84072807444107e-16,24
96,1,8,reply_null,7,722435,22,0.9602608542333912,7.333333333333333,0.20154722929607793,6.856259475488714e-16,24
96,1,8,reply_null,7,722435,23,0.987991628226511,7.666666666666667,0.21072936212393525,6.8568495879217815e-16,24
96,1,8,reply_null,7,722435,24,0.9920261315701413,8.0,0.21208659940615246,6.900807785365028e-16,24
96,1,32,random,0,722436,0,0.0,0.0,0.0,0.0,24
96,1,32,random,0,722436,1,0.0685748668350507,1.3333333333333333,0.0022181500903975067,2.220446049250313e-16,24
96,1,32,random,0,722436,2,0.4134119721858642,2.6666666666666665,0.01599899332247166,4.440905020948888e-16,24
96,1,32,random,0,722436,3,0.6119952596319176,4.0,0.026378350097796512,5.558103552131519e-16,24
96,1,32,random,0,722436,4,0.7590420674913009,5.333333333333333,0.03550715240492662,5.558660102126785e-16,24
96,1,32,random,0,722436,5,1.1133515127074056,6.666666666666667,0.06389203581662467,5.560136044451794e-16,24
96,1,32,random,0,722436,6,1.1318452691338499,8.0,0.06566794041062413,5.568533014004368e-16,24
96,1,32,random,0,722436,7,1.1407513423292632,9.333333333333334,0.06653495379337748,5.570474256216684e-16,24
96,1,32,random,0,722436,8,1.1486969608453357,10.666666666666666,0.06731501064598705,5.594338708838163e-16,24
96,1,32,random,0,722436,9,1.3843014575975965,12.0,0.09350113512392459,5.59501100815156e-16,24
96,1,32,random,0,722436,10,1.4096835026297398,13.333333333333334,0.09670810156508028,5.599164434803904e-16,24
96,1,32,random,0,722436,11,1.409868903783357,14.666666666666666,0.09673182734405049,5.605690752272705e-16,24
96,1,32,random,0,722436,12,1.710611796667158,16.0,0.1416357847741147,5.625015038157497e-16,24
96,1,32,random,0,722436,13,1.7194949307270804,17.333333333333332,0.14317839383492686,5.625033139771039e-16,24
96,1,32,random,0,722436,14,1.7587801123889946,18.666666666666668,0.15016722490926013,5.628634561698882e-16,24
96,1,32,random,0,722436,15,1.813416109862266,20.0,0.16035490895220142,5.62870377201577e-16,24
96,1,32,random,0,722436,16,1.8290636142658216,21.333333333333332,0.1633766271290349,6.872650917639078e-16,24
96,1,32,random,0,722436,17,1.9656555179943693,22.666666666666668,0.19186222459481955,6.884048436048134e-16,24
96,1,32,random,0,722436,18,2.127085743153653,24.0,0.230949357088083,6.902171439709352e-16,24
96,1,32,random,0,722436,19,2.3420332534100257,25.333333333333332,0.2938239287675061,6.943169537261346e-16,24
96,1,32,random,0,722436,20,2.361008937778882,26.666666666666668,0.30005132674500457,6.936952223288959e-16,24
96,1,32,random,0,722436,21,2.361338024064067,28.0,0.30016037140946766,6.937004428961459e-16,24
96,1,32,random,0,722436,22,2.370070171972434,29.333333333333332,0.3030669677364279,6.951056921930782e-16,24
96,1,32,random,0,722436,23,2.377785110747896,30.666666666666668,0.30565617762948444,6.951321210949873e-16,24
96,1,32,random,0,722436,24,2.380799130551975,32.0,0.3066731513405534,6.950360620635793e-16,24
96,1,32,random,1,722437,0,0.0,0.0,0.0,0.0,24
96,1,32,random,1,722437,1,0.04535166237082442,1.3333333333333333,0.001449867913522661,0.0,24
96,1,32,random,1,722437,2,0.30548232925510105,2.6666666666666665,0.011164984398824837,7.022696647819844e-18,24
96,1,32,random,1,722437,3,0.7277141324092732,4.0,0.033448208293197314,1.1731933601457553e-17,24
96,1,32,random,1,722437,4,0.8250892992328255,5.333333333333333,0.04006514201967434,4.475859433723779e-16,24
96,1,32,random,1,722437,5,0.9097457393291425,6.666666666666667,0.0463653421302467,4.484428146765522e-16,24
96,1,32,random,1,722437,6,0.9125551323480784,8.0,0.046583700714511185,4.506516605775988e-16,24
96,1,32,random,1,722437,7,0.9336271601567757,9.333333333333334,0.048241216902183144,4.508089634510463e-16,24
96,1,32,random,1,722437,8,0.9381069878606776,10.666666666666666,0.04859812269922635,4.525332436005106e-16,24
96,1,32,random,1,722437,9,0.9997517507047126,12.0,0.053675221895767254,4.525748506036101e-16,24
96,1,32,random,1,722437,10,1.0315067205470176,13.333333333333334,0.05641529497633144,4.527042663066329e-16,24
96,1,32,random,1,722437,11,1.1725199289840131,14.666666666666666,0.0696913146767911,6.763016816971822e-16,24
96,1,32,random,1,722437,12,1.1799205569085447,16.0,0.07044111486285877,5.341666837013689e-16,24
96,1,32,random,1,722437,13,1.6990745285401354,17.333333333333332,0.13965261728535233,5.359100493671794e-16,24
96,1,32,random,1,722437,14,1.769226443739776,18.666666666666668,0.15207230256522156,5.359102577193112e-16,24
96,1,32,random,1,722437,15,1.8618974577448677,20.0,0.1698730347397394,5.35939851580421e-16,24
96,1,32,random,1,722437,16,1.8768932725231928,21.333333333333332,0.17291176569543565,6.77769727067524e-16,24
96,1,32,random,1,722437,17,1.8783449688265823,22.666666666666668,0.17320836180764126,6.7794143687000125e-16,24
96,1,32,random,1,722437,18,1.885998162611965,24.0,0.17477912427958897,6.780864217624833e-16,24
96,1,32,random,1,722437,19,1.9184071534174991,25.333333333333332,0.18156569928885696,6.789562176405877e-16,24
96,1,32,random,1,722437,20,1.9189948845457376,26.666666666666668,0.18169081446334667,6.801675901404722e-16,24
96,1,32,random,1,722437,21,1.939238962159335,28.0,0.18604553476542332,6.801695632811168e-16,24
96,1,32,random,1,722437,22,1.9397761930834725,29.333333333333332,0.18616230400959233,6.801753048961354e-16,24
96,1,32,random,1,722437,23,1.9512920850795064,30.666666666666668,0.18868047226902063,6.801756172319846e-16,24
96,1,32,random,1,722437,24,1.9695183448980822,32.0,0.19272573522083636,6.937390705112196e-16,24
96,1,32,random,2,722438,0,0.0,0.0,0.0,0.0,24
96,1,32,random,2,722438,1,0.33128287035943377,1.3333333333333333,0.012273553291676205,0.0,24
96,1,32,random,2,722438,2,0.370898751673339,2.6666666666666665,0.014032386045410562,6.661446064345428e-16,24
96,1,32,random,2,722438,3,0.5522786101801135,4.0,0.02303771652621153,6.662909476395905e-16,24
96,1,32,random,2,722438,4,0.8305932366271962,5.333333333333333,0.04045873826756367,6.668636784385118e-16,24
96,1,32,random,2,722438,5,1.1705982590713597,6.666666666666667,0.06949752504891743,6.668737649766881e-16,24
96,1,32,random,2,722438,6,1.339121359763092,8.0,0.08799029418161561,6.676801015521985e-16,24
96,1,32,random,2,722438,7,1.3482725617934483,9.333333333333334,0.08908649432828436,6.685902398364506e-16,24
96,1,32,random,2,722438,8,1.711878931658811,10.666666666666666,0.1418549932555995,6.842660047232278e-16,24
96,1,32,random,2,722438,9,1.711944953089345,12.0,0.14186642227216265,6.869577456320185e-16,24
96,1,32,random,2,722438,10,1.773864381628186,13.333333333333334,0.15292451474403293,6.869995320243632e-16,24
96,1,32,random,2,722438,11,1.8077645513594844,14.666666666666666,0.15927509678476487,6.891836618901876e-16,24
96,1,32,random,2,722438,12,1.9795838305038589,16.0,0.1949915438620643,6.927716738457145e-16,24
96,1,32,random,2,722438,13,1.9881630764377969,17.333333333333332,0.19694087564928628,6.935203002061067e-16,24
96,1,32,random,2,722438,14,1.9966815201458101,18.666666666666668,0.19889300954501735,6.936364411583235e-16,24
96,1,32,random,2,722438,15,2.0702750674472616,20.0,0.21646885245457465,6.945905332835266e-16,24
96,1,32,random,2,722438,16,2.0711625362224897,21.333333333333332,0.2166887927818143,6.916043263651662e-16,24
96,1,32,random,2,722438,17,2.096891912358131,22.666666666666668,0.22315087948129195,6.916688902446066e-16,24
96,1,32,random,2,722438,18,2.1226721358333456,24.0,0.22979466214573174,6.917595106983989e-16,24
96,1,32,random,2,722438,19,2.1581662751614648,25.333333333333332,0.2392266171127143,6.917961572311888e-16,24
96,1,32,random,2,722438,20,2.17527479865334,26.666666666666668,0.2438938838494219,6.920218649412861e-16,24
96,1,32,random,2,722438,21,2.236073090803314,28.0,0.2611411518496706,6.920799493559577e-16,24
96,1,32,random,2,722438,22,2.2533687550227595,29.333333333333332,0.2662422372015777,6.920828473676096e-16,24
96,1,32,random,2,722438,23,2.2552081134367863,30.666666666666668,0.2667899356035981,6.921141929333425e-16,24
96,1,32,random,2,722438,24,2.317093577025297,32.0,0.2858169509168215,7.056465464632099e-16,24
96,1,32,random,3,722439,0,0.0,0.0,0.0,0.0,24
96,1,32,random,3,722439,1,0.002792344669580416,1.3333333333333333,8.738271547598012e-05,2.220446049250313e-16,24
96,1,32,random,3,722439,2,0.052191276265152,2.6666666666666665,0.0016742889863170791,1.1165350283387213e-16,24
96,1,32,random,3,722439,3,0.05219131102430914,4.0,0.0016742901307376388,2.3528081563783003e-16,24
96,1,32,random,3,722439,4,0.12080159399350257,5.333333333333333,0.004012531519322067,2.3615441596791946e-16,24
96,1,32,random,3,722439,5,0.14613237447511096,6.666666666666667,0.004917168169625386,2.442806309278886e-16,24
96,1,32,random,3,722439,6,0.19961595270762408,8.0,0.006904180368757276,2.44298313195961e-16,24
96,1,32,random,3,722439,7,0.24155945657660186,9.333333333333334,0.00853853608598985,2.9490377277237975e-16,24
96,1,32,random,3,722439,8,0.31176571660144686,10.666666666666666,0.011432333223604834,2.96225705329893e-16,24
96,1,32,random,3,722439,9,0.3466841941655037,12.0,0.012949062141830489,4.587877793396999e-16,24
96,1,32,random,3,722439,10,0.4863858134098217,13.333333333333334,0.019575855395903466,4.742872890683552e-16,24
96,1,32,random,3,722439,11,0.49355522044476213,14.666666666666666,0.019941556002959798,4.756219030610845e-16,24
96,1,32,random,3,722439,12,0.6043959463398086,16.0,0.025942074009794057,4.728394497401917e-16,24
96,1,32,random,3,722439,13,1.4294225603198991,17.333333333333332,0.09925896692906695,4.781174653745058e-16,24
96,1,32,random,3,722439,14,1.539008425381386,18.666666666666668,0.114373977314724,4.797970890722201e-16,24
96,1,32,random,3,722439,15,1.6188186823785697,20.0,0.12647264176139508,4.814052475704029e-16,24
96,1,32,random,3,722439,16,1.6239296765603044,21.333333333333332,0.1272808248159135,4.882755954373127e-16,24
96,1,32,random,3,722439,17,1.6535712865102041,22.666666666666668,0.13205027152178042,4.899960580873219e-16,24
96,1,32,random,3,722439,18,1.6536306338687328,24.0,0.13205996324912858,4.901453284804119e-16,24
96,1,32,random,3,722439,19,1.6737440628939164,25.333333333333332,0.13537794271970333,4.902278888370081e-16,24
96,1,32,random,3,722439,20,1.9350694688336756,26.666666666666668,0.18514140866721704,4.979191410079502e-16,24
96,1,32,random,3,722439,21,1.9371741069212436,28.0,0.18559731385714803,4.97933600159396e-16,24
96,1,32,random,3,722439,22,2.0577880932870554,29.333333333333332,0.213394826131514,4.98355359746541e-16,24
96,1,32,random,3,722439,23,2.1244813266530786,30.666666666666668,0.23026736923174873,4.989889443146962e-16,24
96,1,32,random,3,722439,24,2.1606968322629516,32.0,0.23991194039606767,5.170122108682755e-16,24
96,1,32,random,4,722440,0,0.0,0.0,0.0,0.0,24
96,1,32,random,4,722440,1,0.010553576444142412,1.3333333333333333,0.0003315456829997077,0.0,24
96,1,32,random,4,722440,2,0.039040089540680535,2.6666666666666665,0.0012441302627130063,2.2453339200170536e-16,24
96,1,32,random,4,722440,3,0.08715319497933792,4.0,0.0028457441379439053,2.261956744152668e-16,24
96,1,32,random,4,722440,4,0.6191415084388557,5.333333333333333,0.02679165164487039,2.3786007273176114e-16,24
96,1,32,random,4,722440,5,0.7587704588320285,6.666666666666667,0.03548902304642192,4.550573955209974e-16,24
96,1,32,random,4,722440,6,0.7867197411856862,8.0,0.03738064241052221,4.550574546267155e-16,24
96,1,32,random,4,722440,7,0.9443529393840899,9.333333333333334,0.049098410964535266,4.551949369060254e-16,24
96,1,32,random,4,722440,8,1.099210045521972,10.666666666666666,0.06255605645744629,4.664133024369149e-16,24
96,1,32,random,4,722440,9,1.1111420158298977,12.0,0.06368205185045321,4.668580337999499e-16,24
96,1,32,random,4,722440,10,1.1676147567696482,13.333333333333334,0.06919739252171556,4.682821642783759e-16,24
96,1,32,random,4,722440,11,1.3157346494379012,14.666666666666666,0.08523401177679184,4.685075225758081e-16,24
96,1,32,random,4,722440,12,1.3175564770175465,16.0,0.08544641898794295,4.692292298980793e-16,24
96,1,32,random,4,722440,13,1.3807642512325857,17.333333333333332,0.09306064412777848,4.693627725894642e-16,24
96,1,32,random,4,722440,14,1.4798813066746037,18.666666666666668,0.10601325932907875,5.693334781651719e-16,24
96,1,32,random,4,722440,15,1.4801486741501153,20.0,0.10604996396680061,5.699045922034211e-16,24
96,1,32,random,4,722440,16,1.5387805309804787,21.333333333333332,0.11434079420692202,5.660573571226863e-16,24
96,1,32,random,4,722440,17,1.7482560587593678,22.666666666666668,0.14826799165052304,5.661440268638346e-16,24
96,1,32,random,4,722440,18,1.752305236892563,24.0,0.1489963656396523,5.662834844185114e-16,24
96,1,32,random,4,722440,19,1.8249007798265726,25.333333333333332,0.16256811272620245,5.662839206077817e-16,24
96,1,32,random,4,722440,20,1.851928560697582,26.666666666666668,0.16787802048029563,5.680243729221503e-16,24
96,1,32,random,4,722440,21,1.880174583259161,28.0,0.1735827841971218,5.684276622391667e-16,24
96,1,32,random,4,722440,22,1.8962171205888745,29.333333333333332,0.17689532149215134,5.691768522663337e-16,24
96,1,32,random,4,722440,23,1.9088912677048289,30.666666666666668,0.1795501743780549,5.696465047725693e-16,24
96,1,32,random,4,722440,24,2.001958604378733,32.0,0.20011070370350462,5.699707453581495e-16,24
96,1,32,random,5,722441,0,0.0,0.0,0.0,0.0,24
96,1,32,random,5,722441,1,0.06729061874875134,1.3333333333333333,0.0021751962702762054,0.0,24
96,1,32,random,5,722441,2,0.1334648724189109,2.6666666666666665,0.004461910071671725,1.6148058964107872e-16,24
96,1,32,random,5,722441,3,0.1880899981672017,4.0,0.006466941657553991,4.442909504937053e-16,24
96,1,32,random,5,722441,4,0.18886007179096387,5.333333333333333,0.006495997665690307,4.449628327948839e-16,24
96,1,32,random,5,722441,5,0.6097400261824345,6.666666666666667,0.026248531156049776,4.451219388461382e-16,24
96,1,32,random,5,722441,6,0.9079510852349422,8.0,0.04622617435508109,4.451351917617922e-16,24
96,1,32,random,5,722441,7,0.9081979197923389,9.333333333333334,0.04624530051268803,4.504036861457258e-16,24
96,1,32,random,5,722441,8,0.9109427806933466,10.666666666666666,0.046458306535291795,4.512394443360467e-16,24
96,1,32,random,5,722441,9,1.0414855247077452,12.0,0.05729446904410206,5.673217067429475e-16,24
96,1,32,random,5,722441,10,1.0415744967844691,13.333333333333334,0.05730234737986608,5.674088013037078e-16,24
96,1,32,random,5,722441,11,1.247959920258051,14.666666666666666,0.07760092618245598,5.681630378653687e-16,24
96,1,32,random,5,722441,12,1.3115791830818504,16.0,0.08475097071037749,4.536456857544331e-16,24
96,1,32,random,5,722441,13,1.3330246203898046,17.333333333333332,0.08726552878304052,4.579431785666065e-16,24
96,1,32,random,5,722441,14,1.383893514388178,18.666666666666668,0.09345025412446831,4.595565342864271e-16,24
96,1,32,random,5,722441,15,1.448679315683295,20.0,0.10179650009154281,4.596023189629819e-16,24
96,1,32,random,5,722441,16,1.5649427994996814,21.333333333333332,0.11820004288500423,6.931533169874936e-16,24
96,1,32,random,5,722441,17,1.5722016974617055,22.666666666666668,0.11928883242196775,6.9351271714707685e-16,24
96,1,32,random,5,722441,18,1.7523506128843231,24.0,0.1490045446828191,6.935129521207519e-16,24
96,1,32,random,5,722441,19,1.8977713745090028,25.333333333333332,0.17721908371321135,6.950143822024168e-16,24
96,1,32,random,5,722441,20,1.897796340587158,26.666666666666668,0.17722428843361876,7.0268812995709e-16,24
96,1,32,random,5,722441,21,1.9516207528197373,28.0,0.18875276820036863,7.042180542209276e-16,24
96,1,32,random,5,722441,22,2.0964963645792887,29.333333333333332,0.22305027167738603,7.100745340212577e-16,24
96,1,32,random,5,722441,23,2.1308791784176124,30.666666666666668,0.2319458823073906,7.101381817032458e-16,24
96,1,32,random,5,722441,24,2.1391889104306228,32.0,0.23414208183346238,7.105933605739808e-16,24
96,1,32,random,6,722442,0,0.0,0.0,0.0,0.0,24
96,1,32,random,6,722442,1,0.02490725029831957,1.3333333333333333,0.0007881258519648757,3.3306690738754696e-16,24
96,1,32,random,6,722442,2,0.14760529502869188,2.6666666666666665,0.0049704787865008215,2.251991223087284e-16,24
96,1,32,random,6,722442,3,0.1864788590130563,4.0,0.006406223342036862,2.2618393319038453e-16,24
96,1,32,random,6,722442,4,0.3191599675191511,5.333333333333333,0.011749106813620621,2.4501396950999065e-16,24
96,1,32,random,6,722442,5,0.34427115103797346,6.666666666666667,0.012842536475888506,2.5305017196453217e-16,24
96,1,32,random,6,722442,6,0.5166037001608679,8.0,0.021135145920629705,2.532540496904411e-16,24
96,1,32,random,6,722442,7,0.5251889054978263,9.333333333333334,0.021586819234798528,3.6942440288447773e-16,24
96,1,32,random,6,722442,8,0.6601972245015414,10.666666666666666,0.029224186265235635,3.720543990541612e-16,24
96,1,32,random,6,722442,9,0.6924870283253981,12.0,0.03120875410112487,3.7508823395687214e-16,24
96,1,32,random,6,722442,10,1.016282888879598,13.333333333333334,0.05509080080157371,3.7907401302200867e-16,24
96,1,32,random,6,722442,11,1.0293874341864606,14.666666666666666,0.056229703842236675,3.790743762859646e-16,24
96,1,32,random,6,722442,12,1.0727813979029437,16.0,0.060109363056530835,3.919211241666648e-16,24
96,1,32,random,6,722442,13,1.0916600970023593,17.333333333333332,0.061850492398054915,5.671416599602004e-16,24
96,1,32,random,6,722442,14,1.0916609081060737,18.666666666666668,0.06185056791224074,5.686221177389707e-16,24
96,1,32,random,6,722442,15,1.0997378712867487,20.0,0.06260558278042143,6.876106277841306e-16,24
96,1,32,random,6,722442,16,1.1042567573922257,21.333333333333332,0.06303066519551888,6.903326518387843e-16,24
96,1,32,random,6,722442,17,1.1045038512654088,22.666666666666668,0.06305396424865643,6.903328335732002e-16,24
96,1,32,random,6,722442,18,1.105223713720798,24.0,0.06312187457202686,6.923170739271391e-16,24
96,1,32,random,6,722442,19,1.2029920187618137,25.333333333333332,0.07281455158842029,6.923939977516141e-16,24
96,1,32,random,6,722442,20,1.3189888605514994,26.666666666666668,0.08561369278849136,6.934614023067361e-16,24
96,1,32,random,6,722442,21,1.3406634915435407,28.0,0.08817432028856667,6.96739908439301e-16,24
96,1,32,random,6,722442,22,1.3605320472821314,29.333333333333332,0.09057083788768823,6.967405757336023e-16,24
96,1,32,random,6,722442,23,1.4697061399002662,30.666666666666668,0.10462366444245091,6.968776887537511e-16,24
96,1,32,random,6,722442,24,1.4795711740524233,32.0,0.10597069611499577,7.005335767576423e-16,24
96,1,32,random,7,722443,0,0.0,0.0,0.0,0.0,24
96,1,32,random,7,722443,1,0.3962446909893196,1.3333333333333333,0.015194779402205046,4.440892098500626e-16,24
96,1,32,random,7,722443,2,0.6942629115023141,2.6666666666666665,0.03131977210010554,2.2434235937870788e-16,24
96,1,32,random,7,722443,3,0.7099429949109447,4.0,0.032308603565583134,4.457390284197897e-16,24
96,1,32,random,7,722443,4,0.7585749830106044,5.333333333333333,0.035475978456063414,4.467284256386709e-16,24
96,1,32,random,7,722443,5,0.9509940983126632,6.666666666666667,0.04963379334339033,6.70053219055426e-16,24
96,1,32,random,7,722443,6,1.2740154679575395,8.0,0.08047436867960926,6.752605682858943e-16,24
96,1,32,random,7,722443,7,1.2846741276395106,9.333333333333334,0.08167156964821388,6.754530921749292e-16,24
96,1,32,random,7,722443,8,1.3033480437439358,10.666666666666666,0.0838000694263649,6.75702874603852e-16,24
96,1,32,random,7,722443,9,1.3121013216054491,12.0,0.08481155510130603,6.757028749721631e-16,24
96,1,32,random,7,722443,10,1.5521959682939614,13.333333333333334,0.11630711843925563,6.785077851373152e-16,24
96,1,32,random,7,722443,11,1.657375340095335,14.666666666666666,0.13267265754947927,6.790186617980648e-16,24
96,1,32,random,7,722443,12,1.7225921208968884,16.0,0.14371946921579726,6.782536923411102e-16,24
96,1,32,random,7,722443,13,1.7566957153166767,17.333333333333332,0.14978947320583216,6.795346037235092e-16,24
96,1,32,random,7,722443,14,1.777960017817452,18.666666666666668,0.15368037335612297,6.798370512826158e-16,24
96,1,32,random,7,722443,15,1.7802432275470057,20.0,0.1541030905762576,6.80329110912676e-16,24
96,1,32,random,7,722443,16,1.8136255840581719,21.333333333333332,0.16039504944048727,6.816352191951829e-16,24
96,1,32,random,7,722443,17,1.854474095888887,22.666666666666668,0.16838555356160553,6.819034074455868e-16,24
96,1,32,random,7,722443,18,1.8947021801731092,24.0,0.17658023246308474,6.819845839639676e-16,24
96,1,32,random,7,722443,19,1.9305352145897274,25.333333333333332,0.18416245609127743,6.821215678241069e-16,24
96,1,32,random,7,722443,20,1.9411465777318448,26.666666666666668,0.18646044673182086,6.851484674236575e-16,24
96,1,32,random,7,722443,21,2.0886264777681394,28.0,0.22105681176393518,6.854381876507766e-16,24
96,1,32,random,7,722443,22,2.1063354610162044,29.333333333333332,0.22556470617137858,6.857998281202217e-16,24
96,1,32,random,7,722443,23,2.1208896538650817,30.666666666666668,0.22932976919728415,6.8653174762611e-16,24
96,1,32,random,7,722443,24,2.131641727425131,32.0,0.23214665860738226,6.881708097815851e-16,24
96,1,32,krylov,0,722444,0,0.0,0.0,0.0,0.0,24
96,1,32,krylov,0,722444,1,0.11912872603239849,1.3333333333333333,0.003953591273485716,0.0,24
96,1,32,krylov,0,722444,2,0.2160458479128374,2.6666666666666665,0.007536227570587632,2.31342490256218e-16,24
96,1,32,krylov,0,722444,3,0.32288707492381513,4.0,0.011909668131791073,2.372347049626497e-16,24
96,1,32,krylov,0,722444,4,0.4439647841455615,5.333333333333333,0.017464862109984422,2.3873680042514726e-16,24
96,1,32,krylov,0,722444,5,0.617742148000336,6.666666666666667,0.026710487256134258,2.3876842714013913e-16,24
96,1,32,krylov,0,722444,6,0.8383536344879919,8.0,0.0410173914885652,2.3902557426156966e-16,24
96,1,32,krylov,0,722444,7,1.0024005929825202,9.333333333333334,0.05390047361040541,2.390256431419437e-16,24
96,1,32,krylov,0,722444,8,1.1219490930974487,10.666666666666666,0.06471355359014735,2.4754149864239765e-16,24
96,1,32,krylov,0,722444,9,1.2511440075857632,12.0,0.0779480694110107,3.4886814258653042e-16,24
96,1,32,krylov,0,722444,10,1.4009190398803038,13.333333333333334,0.0955915178263147,3.4951275108834227e-16,24
96,1,32,krylov,0,722444,11,1.5262943405336324,14.666666666666666,0.1125342218971743,3.685892132736643e-16,24
96,1,32,krylov,0,722444,12,1.7073396127399143,16.0,0.1410709952394889,3.649690394789512e-16,24
96,1,32,krylov,0,722444,13,1.9312014821519783,17.333333333333332,0.18430602624603326,3.654130494824611e-16,24
96,1,32,krylov,0,722444,14,2.16854748830514,18.666666666666668,0.24204911766700352,3.6543076363575244e-16,24
96,1,32,krylov,0,722444,15,2.4393681386914214,20.0,0.32705605193980575,3.654484526456696e-16,24
96,1,32,krylov,0,722444,16,2.704148724041054,21.333333333333332,0.43567474553705426,3.737068447694834e-16,24
96,1,32,krylov,0,722444,17,2.932150452099827,22.666666666666668,0.5552483344530419,3.7435066375167794e-16,24
96,1,32,krylov,0,722444,18,3.0663418360311345,24.0,0.6394763383077751,3.7492741009283654e-16,24
96,1,32,krylov,0,722444,19,3.1742810965088015,25.333333333333332,0.7159257804847905,3.752105999025355e-16,24
96,1,32,krylov,0,722444,20,3.245643359643983,26.666666666666668,0.7711945337767454,6.802871144735691e-16,24
96,1,32,krylov,0,722444,21,3.3003833871727446,28.0,0.8163448609837317,6.803323132069629e-16,24
96,1,32,krylov,0,722444,22,3.34271773247271,29.333333333333332,0.8529975953468769,6.813562618739195e-16,24
96,1,32,krylov,0,722444,23,3.3833960262536027,30.666666666666668,0.8897088931698145,6.815700498164111e-16,24
96,1,32,krylov,0,722444,24,3.4130761020436586,32.0,0.9174527055323584,6.809526590461998e-16,24
96,1,32,krylov,1,722445,0,0.0,0.0,0.0,0.0,24
96,1,32,krylov,1,722445,1,0.0013614328873657977,1.3333333333333333,4.257375180723403e-05,2.220446049250313e-16,24
96,1,32,krylov,1,722445,2,0.003327277857496329,2.6666666666666665,0.0001041506059636229,2.4166733713295168e-16,24
96,1,32,krylov,1,722445,3,0.005424322447909147,4.0,0.00016997064753909274,2.4345721423629496e-16,24
96,1,32,krylov,1,722445,4,0.007303901227686161,5.333333333333333,0.00022908249291191457,3.3694357716626397e-16,24
96,1,32,krylov,1,722445,5,0.009151269276711343,6.666666666666667,0.0002872896926284483,6.667610467834301e-16,24
96,1,32,krylov,1,722445,6,0.010814248736578509,8.0,0.00033977918998852373,6.676892135699476e-16,24
96,1,32,krylov,1,722445,7,0.012481541316221948,9.333333333333334,0.00039249252649063455,6.678232201686767e-16,24
96,1,32,krylov,1,722445,8,0.014977434862252345,10.666666666666666,0.000471567459625771,6.684521908425245e-16,24
96,1,32,krylov,1,722445,9,0.01824304842378197,12.0,0.0005753271678603037,6.709157724657577e-16,24
96,1,32,krylov,1,722445,10,0.020997805199764446,13.333333333333334,0.0006631190706746567,6.709273792161168e-16,24
96,1,32,krylov,1,722445,11,0.023696775396128154,14.666666666666666,0.000749367967163718,6.71304780110137e-16,24
96,1,32,krylov,1,722445,12,0.02619260103985804,16.0,0.0008293325576478189,6.699037460876762e-16,24
96,1,32,krylov,1,722445,13,0.028951426509120706,17.333333333333332,0.0009179560294801375,6.710058324118839e-16,24
96,1,32,krylov,1,722445,14,0.032782163769002816,18.666666666666668,0.0010414193439954311,6.716744337303527e-16,24
96,1,32,krylov,1,722445,15,0.03592646545389866,20.0,0.0011431131023903124,6.719157890431837e-16,24
96,1,32,krylov,1,722445,16,0.04005682259841615,21.333333333333332,0.001277184920167435,6.72260170711758e-16,24
96,1,32,krylov,1,722445,17,0.045096395771532446,22.666666666666668,0.0014415217947310818,6.724489139981426e-16,24
96,1,32,krylov,1,722445,18,0.05321350974870069,24.0,0.0017079625051078398,6.726950271614253e-16,24
96,1,32,krylov,1,722445,19,0.06361266650070352,25.333333333333332,0.002052485794476417,6.727007018569583e-16,24
96,1,32,krylov,1,722445,20,0.07800766594356397,26.666666666666668,0.002535342078973037,6.731173884570038e-16,24
96,1,32,krylov,1,722445,21,0.09853718321232707,28.0,0.003236107417739379,6.73123649473379e-16,24
96,1,32,krylov,1,722445,22,0.12988017044837122,29.333333333333332,0.0043341226939383444,6.733171619817675e-16,24
96,1,32,krylov,1,722445,23,0.16620097520154517,30.666666666666668,0.005650324733881684,6.933230826603628e-16,24
96,1,32,krylov,1,722445,24,0.2018384712262558,32.0,0.006989073044016924,6.94030101147458e-16,24
96,1,32,krylov,2,722446,0,0.0,0.0,0.0,0.0,24
96,1,32,krylov,2,722446,1,0.4057155080151341,1.3333333333333333,0.01563673896529578,2.220446049250313e-16,24
96,1,32,krylov,2,722446,2,0.8558532284838177,2.6666666666666665,0.04229317175984135,6.71461550561361e-16,24
96,1,32,krylov,2,722446,3,1.1758195900404707,4.0,0.07002493691927836,6.715301263749057e-16,24
96,1,32,krylov,2,722446,4,1.5292421813698023,5.333333333333333,0.11295870023798844,6.718074046736469e-16,24
96,1,32,krylov,2,722446,5,1.8559684693358471,6.666666666666667,0.16868410665126252,6.724131859205352e-16,24
96,1,32,krylov,2,722446,6,2.1728923218853606,8.0,0.24323914020376589,6.727746793651721e-16,24
96,1,32,krylov,2,722446,7,2.423224120341518,9.333333333333334,0.3213179947377478,6.730048179805828e-16,24
96,1,32,krylov,2,722446,8,2.640371210459421,10.666666666666666,0.40682520065913824,6.731081159918739e-16,24
96,1,32,krylov,2,722446,9,2.7829438375651727,12.0,0.4739544575362991,6.737941994828251e-16,24
96,1,32,krylov,2,722446,10,2.9374813930813977,13.333333333333334,0.5583832711166754,6.738172743370139e-16,24
96,1,32,krylov,2,722446,11,3.062632380640876,14.666666666666666,0.6369929177932248,6.767532084682281e-16,24
96,1,32,krylov,2,722446,12,3.1676147492000957,16.0,0.7109614127160548,6.773018415261592e-16,24
96,1,32,krylov,2,722446,13,3.254470828893761,17.333333333333332,0.7783094453529587,6.779128054590779e-16,24
96,1,32,krylov,2,722446,14,3.3150952774654536,18.666666666666668,0.8289067616698693,6.783888368283668e-16,24
96,1,32,krylov,2,722446,15,3.359341330625032,20.0,0.8678198301418042,6.784682499699344e-16,24
96,1,32,krylov,2,722446,16,3.3918324281681898,21.333333333333332,0.8975113385451409,6.77169105674873e-16,24
96,1,32,krylov,2,722446,17,3.4250201524206907,22.666666666666668,0.9288519997939149,6.813027398406246e-16,24
96,1,32,krylov,2,722446,18,3.4469659563043,24.0,0.9501551119599666,6.814933059699026e-16,24
96,1,32,krylov,2,722446,19,3.4629806789123583,25.333333333333332,0.9659985682584301,6.84881679707697e-16,24
96,1,32,krylov,2,722446,20,3.4720868185000606,26.666666666666668,0.9751211255264314,6.800725638941641e-16,24
96,1,32,krylov,2,722446,21,3.477567725553909,28.0,0.9806520956476826,6.815755083805633e-16,24
96,1,32,krylov,2,722446,22,3.483944758860051,29.333333333333332,0.9871256481059261,6.819539217464577e-16,24
96,1,32,krylov,2,722446,23,3.488791245524393,30.666666666666668,0.9920731714726436,6.820761891653036e-16,24
96,1,32,krylov,2,722446,24,3.4921730305671983,32.0,0.9955396886721682,6.836920885783605e-16,24
96,1,32,krylov,3,722447,0,0.0,0.0,0.0,0.0,24
96,1,32,krylov,3,722447,1,0.0037740893558403103,1.3333333333333333,0.00011816313122075856,0.0,24
96,1,32,krylov,3,722447,2,0.008698227024266137,2.6666666666666665,0.00027300520385290157,8.448689855350656e-18,24
96,1,32,krylov,3,722447,3,0.01525316217390548,4.0,0.00048031516807848845,2.3512242273728514e-16,24
96,1,32,krylov,3,722447,4,0.024592980512121193,5.333333333333333,0.000778058818968187,2.3516737121047044e-16,24
96,1,32,krylov,3,722447,5,0.03949249209124216,6.666666666666667,0.0012588340158790766,3.374851140148091e-16,24
96,1,32,krylov,3,722447,6,0.05683171440025895,8.0,0.001827427151789891,3.386594229029208e-16,24
96,1,32,krylov,3,722447,7,0.0805561751013456,9.333333333333334,0.002621554142114754,3.3866035250655834e-16,24
96,1,32,krylov,3,722447,8,0.11083331647072829,10.666666666666666,0.003662770970295157,4.527354626563598e-16,24
96,1,32,krylov,3,722447,9,0.15255836261245598,12.0,0.005150326296601523,5.611994937199827e-16,24
96,1,32,krylov,3,722447,10,0.19263197542045657,13.333333333333334,0.006638640780206718,5.619749192486133e-16,24
96,1,32,krylov,3,722447,11,0.2567452306007363,14.666666666666666,0.009147366887179804,5.62078868675327e-16,24
96,1,32,krylov,3,722447,12,0.3299267309764499,16.0,0.012214569291272787,4.630115240509688e-16,24
96,1,32,krylov,3,722447,13,0.41654348928368795,17.333333333333332,0.016147186266181206,4.631110939395484e-16,24
96,1,32,krylov,3,722447,14,0.5190520394318432,18.666666666666668,0.021263559666665065,4.633746840797867e-16,24
96,1,32,krylov,3,722447,15,0.6354649135070393,20.0,0.027746863984587047,4.633987301103249e-16,24
96,1,32,krylov,3,722447,16,0.7736612224040781,21.333333333333332,0.036490254106552114,5.693591186953111e-16,24
96,1,32,krylov,3,722447,17,0.9263585369045121,22.666666666666668,0.04766551999127547,5.696124692107902e-16,24
96,1,32,krylov,3,722447,18,1.0942928860767174,24.0,0.06209592930729233,5.696372590528084e-16,24
96,1,32,krylov,3,722447,19,1.2736352773041089,25.333333333333332,0.08043190019244936,5.705680829947867e-16,24
96,1,32,krylov,3,722447,20,1.5846863197532093,26.666666666666668,0.12118003378792254,5.777004066709708e-16,24
96,1,32,krylov,3,722447,21,1.8982212385785273,28.0,0.17731288756148908,5.789524997284989e-16,24
96,1,32,krylov,3,722447,22,2.18555478999178,29.333333333333332,0.2467369488967887,5.789822501257342e-16,24
96,1,32,krylov,3,722447,23,2.417981441265969,30.666666666666668,0.3194744307189138,5.79049359985928e-16,24
96,1,32,krylov,3,722447,24,2.6355854996685713,32.0,0.4047337080752451,5.75876215221359e-16,24
96,1,32,krylov,4,722448,0,0.0,0.0,0.0,0.0,24
96,1,32,krylov,4,722448,1,0.302600942378488,1.3333333333333333,0.011042946323294915,1.1102230246251565e-16,24
96,1,32,krylov,4,722448,2,0.7671414071115478,2.6666666666666665,0.03605003678910256,2.2243843872473817e-16,24
96,1,32,krylov,4,722448,3,1.240432835161834,4.0,0.07678467186002498,3.4167712635639573e-16,24
96,1,32,krylov,4,722448,4,1.5470176327703875,5.333333333333333,0.11554499314437125,3.4310826210001807e-16,24
96,1,32,krylov,4,722448,5,1.8042886514373435,6.666666666666667,0.15861400023401667,3.444182850692269e-16,24
96,1,32,krylov,4,722448,6,2.01395406615043,8.0,0.2029026943100766,3.4617860128158416e-16,24
96,1,32,krylov,4,722448,7,2.255723222409849,9.333333333333334,0.26694349819609764,4.575879114244224e-16,24
96,1,32,krylov,4,722448,8,2.466585904793725,10.666666666666666,0.3369422723647231,4.593567662711645e-16,24
96,1,32,krylov,4,722448,9,2.64090545047747,12.0,0.4070593004894262,4.648903029268428e-16,24
96,1,32,krylov,4,722448,10,2.8342696377366003,13.333333333333334,0.5005614524948616,4.775142859467883e-16,24
96,1,32,krylov,4,722448,11,3.0161855857973774,14.666666666666666,0.6066649466389697,4.776062662110266e-16,24
96,1,32,krylov,4,722448,12,3.175436688893245,16.0,0.7167897102057224,4.605495271808194e-16,24
96,1,32,krylov,4,722448,13,3.290161994644787,17.333333333333332,0.8077253877590425,4.620086718812092e-16,24
96,1,32,krylov,4,722448,14,3.371047769654848,18.666666666666668,0.8784065819732657,4.620094438289104e-16,24
96,1,32,krylov,4,722448,15,3.430835290681744,20.0,0.934451390504013,4.626162538475447e-16,24
96,1,32,krylov,4,722448,16,3.462056813265422,21.333333333333332,0.9650776700233826,4.804462221813518e-16,24
96,1,32,krylov,4,722448,17,3.472848154344425,22.666666666666668,0.9758876036736499,4.826090880362549e-16,24
96,1,32,krylov,4,722448,18,3.480637275566733,24.0,0.9837629517599888,4.828705895980876e-16,24
96,1,32,krylov,4,722448,19,3.4858807912229874,25.333333333333332,0.989099166099206,4.834231230015657e-16,24
96,1,32,krylov,4,722448,20,3.489149045705536,26.666666666666668,0.9924393821999906,4.827739581666231e-16,24
96,1,32,krylov,4,722448,21,3.4910709804102678,28.0,0.9944087382311511,4.830333038514965e-16,24
96,1,32,krylov,4,722448,22,3.4925091740634833,29.333333333333332,0.9958848953643105,4.856323655357177e-16,24
96,1,32,krylov,4,722448,23,3.493696790926946,30.666666666666668,0.9971054627268264,5.729841802234152e-16,24
96,1,32,krylov,4,722448,24,3.4947573539891787,32.0,0.9981966770939822,5.823051063968655e-16,24
96,1,32,krylov,5,722449,0,0.0,0.0,0.0,0.0,24
96,1,32,krylov,5,722449,1,0.5145780186346123,1.3333333333333333,0.021029137703980523,0.0,24
96,1,32,krylov,5,722449,2,0.9525376451783725,2.6666666666666665,0.04975873767299931,2.220512933500965e-16,24
96,1,32,krylov,5,722449,3,1.3006123411239976,4.0,0.08348575677900566,3.3508899623393625e-16,24
96,1,32,krylov,5,722449,4,1.5149646485118968,5.333333333333333,0.11091438440254812,3.353593737799126e-16,24
96,1,32,krylov,5,722449,5,1.7443589965856112,6.666666666666667,0.14756976028494984,3.53390754052353e-16,24
96,1,32,krylov,5,722449,6,1.976586173541869,8.0,0.1943143648053629,3.539239828509732e-16,24
96,1,32,krylov,5,722449,7,2.156103653064339,9.333333333333334,0.23866930102932368,3.5533543859460644e-16,24
96,1,32,krylov,5,722449,8,2.32677861139587,10.666666666666666,0.2889026737802175,3.555166595526487e-16,24
96,1,32,krylov,5,722449,9,2.4752970845585804,12.0,0.34016367216248106,3.559117102156768e-16,24
96,1,32,krylov,5,722449,10,2.635204299995341,13.333333333333334,0.40456754290126035,3.559315028945429e-16,24
96,1,32,krylov,5,722449,11,2.82343036901423,14.666666666666666,0.4948281338759624,3.579591898998346e-16,24
96,1,32,krylov,5,722449,12,2.9669180686814642,16.0,0.5759981035500334,3.9753036419895894e-16,24
96,1,32,krylov,5,722449,13,3.0793632891917593,17.333333333333332,0.6482672811162731,3.995194166448985e-16,24
96,1,32,krylov,5,722449,14,3.19676128897022,18.666666666666668,0.7329126545653993,3.997704150973159e-16,24
96,1,32,krylov,5,722449,15,3.297406706840083,20.0,0.8138255934182748,4.0077286312403027e-16,24
96,1,32,krylov,5,722449,16,3.3571767739279044,21.333333333333332,0.8658758472094359,4.660522455622862e-16,24
96,1,32,krylov,5,722449,17,3.397474292833008,22.666666666666668,0.902766093693315,4.662775457737501e-16,24
96,1,32,krylov,5,722449,18,3.4318839587437595,24.0,0.9354646218885196,4.696310385626403e-16,24
96,1,32,krylov,5,722449,19,3.4565905781950432,25.333333333333332,0.9596463666861167,4.697714829413053e-16,24
96,1,32,krylov,5,722449,20,3.469659637255856,26.666666666666668,0.9726814423801557,5.004574278758638e-16,24
96,1,32,krylov,5,722449,21,3.479405980006801,28.0,0.9825139399283751,5.007989638425285e-16,24
96,1,32,krylov,5,722449,22,3.4840300145105907,29.333333333333332,0.987212474085449,5.01500893533933e-16,24
96,1,32,krylov,5,722449,23,3.4873358901073637,30.666666666666668,0.9905849557557499,5.153423201647012e-16,24
96,1,32,krylov,5,722449,24,3.489772757921499,32.0,0.9930780689306731,5.088943822236257e-16,24
96,1,32,krylov,6,722450,0,0.0,0.0,0.0,0.0,24
96,1,32,krylov,6,722450,1,0.016956243713554035,1.3333333333333333,0.0005344005249020427,0.0,24
96,1,32,krylov,6,722450,2,0.03533195233370217,2.6666666666666665,0.0011238606951183476,2.5370068420795253e-16,24
96,1,32,krylov,6,722450,3,0.05915744726327894,4.0,0.0019044459389867547,2.5512322697056434e-16,24
96,1,32,krylov,6,722450,4,0.09167292450160065,5.333333333333333,0.0030001964577337963,2.5583558458322017e-16,24
96,1,32,krylov,6,722450,5,0.1462405289152586,6.666666666666667,0.004921080020988738,2.5694376949421355e-16,24
96,1,32,krylov,6,722450,6,0.19491755788773182,8.0,0.006725337431715042,2.569803390703611e-16,24
96,1,32,krylov,6,722450,7,0.2576483840786016,9.333333333333334,0.009183868390329168,2.63070102742306e-16,24
96,1,32,krylov,6,722450,8,0.33868214745871866,10.666666666666666,0.012596790508946857,2.631116442127388e-16,24
96,1,32,krylov,6,722450,9,0.41782442831298366,12.0,0.016207938073321968,2.6578828916136334e-16,24
96,1,32,krylov,6,722450,10,0.5203294049991934,13.333333333333334,0.021330681540060504,2.658241222735801e-16,24
96,1,32,krylov,6,722450,11,0.6687268334203867,14.666666666666666,0.02974221356819603,2.66397018054063e-16,24
96,1,32,krylov,6,722450,12,0.8148975726806883,16.0,0.03934200884038224,4.582626104868652e-16,24
96,1,32,krylov,6,722450,13,0.9894494985933983,17.333333333333332,0.05280479224073883,4.583820275156187e-16,24
96,1,32,krylov,6,722450,14,1.2008770562515716,18.666666666666668,0.07259469154299647,4.649547190899692e-16,24
96,1,32,krylov,6,722450,15,1.4373948575485185,20.0,0.1003035816612381,4.677116580845817e-16,24
96,1,32,krylov,6,722450,16,1.6376956368813052,21.333333333333332,0.12947824395119184,4.650183092553834e-16,24
96,1,32,krylov,6,722450,17,1.8721984330086234,22.666666666666668,0.1719555054710798,4.650488231156544e-16,24
96,1,32,krylov,6,722450,18,2.09861964920639,24.0,0.22359079717657537,4.654597546351315e-16,24
96,1,32,krylov,6,722450,19,2.3849431676714365,25.333333333333332,0.308076423019995,6.763504377713558e-16,24
96,1,32,krylov,6,722450,20,2.6509148032543033,26.666666666666668,0.4114685228220703,6.856271816774085e-16,24
96,1,32,krylov,6,722450,21,2.8279634944694276,28.0,0.497218325482217,6.870600427824995e-16,24
96,1,32,krylov,6,722450,22,3.0264073874211825,29.333333333333332,0.6132190268633654,6.878895770680263e-16,24
96,1,32,krylov,6,722450,23,3.179362414158009,30.666666666666668,0.7197320802845857,6.879032755808843e-16,24
96,1,32,krylov,6,722450,24,3.2804868208211593,32.0,0.7996472965321836,6.982238217412378e-16,24
96,1,32,krylov,7,722451,0,0.0,0.0,0.0,0.0,24
96,1,32,krylov,7,722451,1,0.21568855715646756,1.3333333333333333,0.007522372085368001,2.220446049250313e-16,24
96,1,32,krylov,7,722451,2,0.4320558166953194,2.6666666666666665,0.016888159186763875,2.242815405686272e-16,24
96,1,32,krylov,7,722451,3,0.6306980412365619,4.0,0.027466302700783374,2.247208633139196e-16,24
96,1,32,krylov,7,722451,4,0.8250265940915812,5.333333333333333,0.040060670333821456,4.455061256605528e-16,24
96,1,32,krylov,7,722451,5,1.058332426639783,6.666666666666667,0.058798805152507676,4.4551902279137235e-16,24
96,1,32,krylov,7,722451,6,1.2732373550971365,8.0,0.08038746832504556,4.456868230865555e-16,24
96,1,32,krylov,7,722451,7,1.492506785600556,9.333333333333334,0.1077572599722538,4.456905771009881e-16,24
96,1,32,krylov,7,722451,8,1.678025274223589,10.666666666666666,0.13609284138010305,4.458191618117742e-16,24
96,1,32,krylov,7,722451,9,1.8601568708526959,12.0,0.16952326711053886,4.459497329138792e-16,24
96,1,32,krylov,7,722451,10,2.1442892579072717,13.333333333333334,0.23549913143882492,4.472091501622699e-16,24
96,1,32,krylov,7,722451,11,2.3698444610670073,14.666666666666666,0.3029915172662578,4.474158748599856e-16,24
96,1,32,krylov,7,722451,12,2.5845630842295395,16.0,0.3830467317363275,4.481256988406943e-16,24
96,1,32,krylov,7,722451,13,2.786891299750082,17.333333333333332,0.47595267437601724,4.486540485057392e-16,24
96,1,32,krylov,7,722451,14,2.9345691698296,18.666666666666668,0.5566686253220037,4.493616647689368e-16,24
96,1,32,krylov,7,722451,15,3.067052363163071,20.0,0.6399530769170484,5.824565880872446e-16,24
96,1,32,krylov,7,722451,16,3.17653526827364,21.333333333333332,0.7176119427682458,5.739733942814275e-16,24
96,1,32,krylov,7,722451,17,3.258062125830091,22.666666666666668,0.7812220405755704,5.73992436850264e-16,24
96,1,32,krylov,7,722451,18,3.314177266109885,24.0,0.8281174903305428,5.755979059752549e-16,24
96,1,32,krylov,7,722451,19,3.3605628046650193,25.333333333333332,0.8689186915781925,5.790999831417816e-16,24
96,1,32,krylov,7,722451,20,3.3928389514885704,26.666666666666668,0.8984466291083752,5.793798003079008e-16,24
96,1,32,krylov,7,722451,21,3.421156566078202,28.0,0.9251497194653914,5.794257350078641e-16,24
96,1,32,krylov,7,722451,22,3.446759407590519,29.333333333333332,0.9499524249294858,5.794736668279806e-16,24
96,1,32,krylov,7,722451,23,3.4660522585910623,30.666666666666668,0.9690664058371065,5.811568092602584e-16,24
96,1,32,krylov,7,722451,24,3.4763667066960937,32.0,0.9794375116636794,5.812158427656701e-16,24
96,1,32,reply_null,0,722452,0,0.0,0.0,0.0,0.0,24
96,1,32,reply_null,0,722452,1,0.006477890359476465,1.3333333333333333,0.00020309116468910447,0.0,24
96,1,32,reply_null,0,722452,2,0.33259456174334523,2.6666666666666665,0.012330680219785067,2.3029032611431665e-16,24
96,1,32,reply_null,0,722452,3,0.33490033491252635,4.0,0.012431283322325674,3.3375313848115805e-16,24
96,1,32,reply_null,0,722452,4,0.9432750937690783,5.333333333333333,0.04901185443777017,3.362291235179356e-16,24
96,1,32,reply_null,0,722452,5,1.0283403762568313,6.666666666666667,0.05613815546124013,3.3640899197532364e-16,24
96,1,32,reply_null,0,722452,6,1.0372616868214115,8.0,0.05692126030260114,5.623787900553657e-16,24
96,1,32,reply_null,0,722452,7,1.17120534573389,9.333333333333334,0.06955870609687763,5.623847778545137e-16,24
96,1,32,reply_null,0,722452,8,1.3259287168612872,10.666666666666666,0.08642753071710753,5.624098460188692e-16,24
96,1,32,reply_null,0,722452,9,1.3934080880490947,12.0,0.09464238619874506,5.624106992516078e-16,24
96,1,32,reply_null,0,722452,10,1.427383670393435,13.333333333333334,0.09899314459440904,5.674284882119865e-16,24
96,1,32,reply_null,0,722452,11,1.428511078175748,14.666666666666666,0.09914006453299691,5.674317959887501e-16,24
96,1,32,reply_null,0,722452,12,1.5215636420540024,16.0,0.1118556284732384,5.670239503607295e-16,24
96,1,32,reply_null,0,722452,13,1.6213993476819266,17.333333333333332,0.12688019676588488,5.670258833478154e-16,24
96,1,32,reply_null,0,722452,14,1.636178081048952,18.666666666666668,0.1292345148501943,5.679786887873757e-16,24
96,1,32,reply_null,0,722452,15,1.6393539501083747,20.0,0.12974500284787083,5.685014429005518e-16,24
96,1,32,reply_null,0,722452,16,1.6821139005671681,21.333333333333332,0.1367784443618913,5.691819864315956e-16,24
96,1,32,reply_null,0,722452,17,1.7766094139854922,22.666666666666668,0.15343077427789995,5.696277174361908e-16,24
96,1,32,reply_null,0,722452,18,1.8190226761823798,24.0,0.1614321716319795,5.700169227219923e-16,24
96,1,32,reply_null,0,722452,19,1.997871990517631,25.333333333333332,0.19916715112550032,5.70017605981864e-16,24
96,1,32,reply_null,0,722452,20,2.1056490130495393,26.666666666666668,0.22538847673160792,5.692963498031483e-16,24
96,1,32,reply_null,0,722452,21,2.1849295117557896,28.0,0.24656318403910746,5.693157927033707e-16,24
96,1,32,reply_null,0,722452,22,2.1902900582917684,29.333333333333332,0.24805641322701563,5.712859152302492e-16,24
96,1,32,reply_null,0,722452,23,2.333202897551206,30.666666666666668,0.29096604692320627,5.761370247492917e-16,24
96,1,32,reply_null,0,722452,24,2.4308590984893588,32.0,0.3240201459797029,5.719927623543772e-16,24
96,1,32,reply_null,1,722453,0,0.0,0.0,0.0,0.0,24
96,1,32,reply_null,1,722453,1,0.15137365166578037,1.3333333333333333,0.005107227966148161,0.0,24
96,1,32,reply_null,1,722453,2,0.24434565249181356,2.6666666666666665,0.008649549323203661,2.22402540096857e-16,24
96,1,32,reply_null,1,722453,3,1.264706643479173,4.0,0.0794391718497458,2.224144730161957e-16,24
96,1,32,reply_null,1,722453,4,1.2796243172029416,5.333333333333333,0.08110277448987102,2.232949247118058e-16,24
96,1,32,reply_null,1,722453,5,1.2922593611189193,6.666666666666667,0.08253136286259324,2.240877384681755e-16,24
96,1,32,reply_null,1,722453,6,1.2957331952055051,8.0,0.08292730776459922,8.91893834365669e-16,24
96,1,32,reply_null,1,722453,7,1.5558609283610405,9.333333333333334,0.1168489015863156,8.925387021341825e-16,24
96,1,32,reply_null,1,722453,8,1.569979959181742,10.666666666666666,0.11895474579929838,8.934631248205793e-16,24
96,1,32,reply_null,1,722453,9,1.6046514181361327,12.0,0.12425389729857228,8.935779111808599e-16,24
96,1,32,reply_null,1,722453,10,1.6047286375935759,13.333333333333334,0.12426590568878669,8.935792710524775e-16,24
96,1,32,reply_null,1,722453,11,1.6578013203520228,14.666666666666666,0.13274250023996664,8.937057579203353e-16,24
96,1,32,reply_null,1,722453,12,1.6773222011152809,16.0,0.1359752284785397,8.939116619171936e-16,24
96,1,32,reply_null,1,722453,13,1.6817722438567353,17.333333333333332,0.13672104612213667,8.951856873738553e-16,24
96,1,32,reply_null,1,722453,14,1.6817928963607958,18.666666666666668,0.13672451518067105,8.952871850927702e-16,24
96,1,32,reply_null,1,722453,15,1.681888598074433,20.0,0.13674059139886974,8.953267383102091e-16,24
96,1,32,reply_null,1,722453,16,1.7168518844396994,21.333333333333332,0.14271798023144597,8.953948152125419e-16,24
96,1,32,reply_null,1,722453,17,1.7887931195812632,22.666666666666668,0.15569463355399005,8.954091162532231e-16,24
96,1,32,reply_null,1,722453,18,1.7890606124061417,24.0,0.15574464659088139,8.954728001069055e-16,24
96,1,32,reply_null,1,722453,19,1.7891044283161772,25.333333333333332,0.15575284011099544,8.95473430302347e-16,24
96,1,32,reply_null,1,722453,20,1.8143304032417913,26.666666666666668,0.16053017216072754,8.959965542317098e-16,24
96,1,32,reply_null,1,722453,21,1.8182797719764279,28.0,0.16128908039438444,8.970489503155125e-16,24
96,1,32,reply_null,1,722453,22,1.878601594444019,29.333333333333332,0.1732608377940334,8.97483764217006e-16,24
96,1,32,reply_null,1,722453,23,1.9742629340619318,30.666666666666668,0.19379093303189346,9.030968587455682e-16,24
96,1,32,reply_null,1,722453,24,1.992431552589305,32.0,0.19791698472709765,9.023958752581381e-16,24
96,1,32,reply_null,2,722454,0,0.0,0.0,0.0,0.0,24
96,1,32,reply_null,2,722454,1,0.237714362783484,1.3333333333333333,0.008385839187927879,1.1102230246251565e-16,24
96,1,32,reply_null,2,722454,2,1.0130053725936172,2.6666666666666665,0.054808280655896456,4.504409405086514e-16,24
96,1,32,reply_null,2,722454,3,1.3747618823444492,4.0,0.09231672067004232,4.512866863185222e-16,24
96,1,32,reply_null,2,722454,4,1.3946046197691042,5.333333333333333,0.0947931105874131,4.513018220457796e-16,24
96,1,32,reply_null,2,722454,5,1.5688934279711253,6.666666666666667,0.11879163228501377,4.514601861856189e-16,24
96,1,32,reply_null,2,722454,6,1.6008756115733196,8.0,0.12366785175616875,4.514840976671735e-16,24
96,1,32,reply_null,2,722454,7,1.602490249809335,9.333333333333334,0.12391819009159255,4.567588272193901e-16,24
96,1,32,reply_null,2,722454,8,1.6025288007041167,10.666666666666666,0.12392417207946707,4.576177542093007e-16,24
96,1,32,reply_null,2,722454,9,1.6239536493051905,12.0,0.127284625280487,4.576469186619011e-16,24
96,1,32,reply_null,2,722454,10,1.6401662561773356,13.333333333333334,0.12987583319570534,4.576597853003282e-16,24
96,1,32,reply_null,2,722454,11,1.6457307696972452,14.666666666666666,0.1307749192412312,4.833158203979261e-16,24
96,1,32,reply_null,2,722454,12,1.6739414420081358,16.0,0.1354108348414437,4.611387936461254e-16,24
96,1,32,reply_null,2,722454,13,1.7860397670637913,17.333333333333332,0.1551806170356315,4.624180980944345e-16,24
96,1,32,reply_null,2,722454,14,1.8798773480013053,18.666666666666668,0.17352190971916243,4.642742372339866e-16,24
96,1,32,reply_null,2,722454,15,1.884787706338652,20.0,0.17452988591012555,4.646811657080475e-16,24
96,1,32,reply_null,2,722454,16,2.0950536660257453,21.333333333333332,0.2226836575636857,5.003467848807004e-16,24
96,1,32,reply_null,2,722454,17,2.100021206511788,22.666666666666668,0.22394822157445018,5.008610819421218e-16,24
96,1,32,reply_null,2,722454,18,2.103227594138943,24.0,0.22476779923424475,5.640742541252166e-16,24
96,1,32,reply_null,2,722454,19,2.1183497821217006,25.333333333333332,0.22866876978680517,5.682788195345467e-16,24
96,1,32,reply_null,2,722454,20,2.140625963783254,26.666666666666668,0.2345237385792954,5.746800395039243e-16,24
96,1,32,reply_null,2,722454,21,2.2103522252127608,28.0,0.253716491991014,5.748814674630838e-16,24
96,1,32,reply_null,2,722454,22,2.2276358143527184,29.333333333333332,0.2586845449787757,5.749365742645565e-16,24
96,1,32,reply_null,2,722454,23,2.230267132912784,30.666666666666668,0.2594484597389574,5.750350380346871e-16,24
96,1,32,reply_null,2,722454,24,2.244351349333206,32.0,0.2635716878188127,5.829703228573699e-16,24
96,1,32,reply_null,3,722455,0,0.0,0.0,0.0,0.0,24
96,1,32,reply_null,3,722455,1,0.020362640055040737,1.3333333333333333,0.0006428554058496008,0.0,24
96,1,32,reply_null,3,722455,2,0.046693983060370294,2.6666666666666665,0.0014937910956713174,4.441652576043236e-16,24
96,1,32,reply_null,3,722455,3,0.05173331007764804,4.0,0.0016592142273421581,4.442189103337817e-16,24
96,1,32,reply_null,3,722455,4,0.052784206952175894,5.333333333333333,0.0016938165962930038,4.442398248008039e-16,24
96,1,32,reply_null,3,722455,5,0.18747168591009442,6.666666666666667,0.006443628018523671,4.553870661276583e-16,24
96,1,32,reply_null,3,722455,6,0.6362941055561704,8.0,0.027795804002659574,4.553871790334285e-16,24
96,1,32,reply_null,3,722455,7,0.9661749630375089,9.333333333333334,0.05087104679599338,4.6153941866245045e-16,24
96,1,32,reply_null,3,722455,8,1.053731753730549,10.666666666666666,0.058385471589454535,4.705487895636088e-16,24
96,1,32,reply_null,3,722455,9,1.065358450620796,12.0,0.059433718061762376,5.641457689878715e-16,24
96,1,32,reply_null,3,722455,10,1.0662128606205572,13.333333333333334,0.05951123224702183,5.642563039093077e-16,24
96,1,32,reply_null,3,722455,11,1.0876151256460955,14.666666666666666,0.06147466419264872,5.651300271553107e-16,24
96,1,32,reply_null,3,722455,12,1.1377385528069635,16.0,0.06624079165595967,4.730684913007604e-16,24
96,1,32,reply_null,3,722455,13,1.2213080094590314,17.333333333333332,0.07473815956346457,4.741305876150335e-16,24
96,1,32,reply_null,3,722455,14,1.2240587817367459,18.666666666666668,0.07503011021534452,5.653219593670172e-16,24
96,1,32,reply_null,3,722455,15,1.2418793862400423,20.0,0.07694106261742657,5.660157665853058e-16,24
96,1,32,reply_null,3,722455,16,1.3284036176616119,21.333333333333332,0.08671913162487838,5.711121523604983e-16,24
96,1,32,reply_null,3,722455,17,1.3906232105499772,22.666666666666668,0.09429227905413719,5.716306487688406e-16,24
96,1,32,reply_null,3,722455,18,1.3921998121928554,24.0,0.09449036532808563,5.721062909379832e-16,24
96,1,32,reply_null,3,722455,19,1.417656024811032,25.333333333333332,0.09773232777610308,5.723842725773987e-16,24
96,1,32,reply_null,3,722455,20,1.7425426767553847,26.666666666666668,0.14724526119458498,5.732030755550793e-16,24
96,1,32,reply_null,3,722455,21,1.7497071572784684,28.0,0.1485286790381562,5.741926531818653e-16,24
96,1,32,reply_null,3,722455,22,1.7497488374341628,29.333333333333332,0.14853617239765018,5.742125398647169e-16,24
96,1,32,reply_null,3,722455,23,1.886144710296592,30.666666666666668,0.17480931958318965,5.757779249394037e-16,24
96,1,32,reply_null,3,722455,24,1.9410396455700554,32.0,0.186437167727767,5.812099332417045e-16,24
96,1,32,reply_null,4,722456,0,0.0,0.0,0.0,0.0,24
96,1,32,reply_null,4,722456,1,0.0464259242122743,1.3333333333333333,0.0014850150090542978,0.0,24
96,1,32,reply_null,4,722456,2,0.16375517846641635,2.6666666666666665,0.005560184317624651,3.332306709683623e-16,24
96,1,32,reply_null,4,722456,3,0.7678769164622321,4.0,0.036099554803711346,3.3948973726709386e-16,24
96,1,32,reply_null,4,722456,4,0.768348418513119,5.333333333333333,0.036131317744485046,3.410710779229533e-16,24
96,1,32,reply_null,4,722456,5,0.7688222645307661,6.666666666666667,0.0361632536793223,3.4107178709411737e-16,24
96,1,32,reply_null,4,722456,6,0.856009753850957,8.0,0.042304684032759485,3.410777477400636e-16,24
96,1,32,reply_null,4,722456,7,0.9716785721882686,9.333333333333334,0.051324254936883994,3.420891267834052e-16,24
96,1,32,reply_null,4,722456,8,1.1216632394161352,10.666666666666666,0.06468612597541079,3.487198948376009e-16,24
96,1,32,reply_null,4,722456,9,1.1217898166658637,12.0,0.0646982700749535,3.497065815894384e-16,24
96,1,32,reply_null,4,722456,10,1.3137551612652962,13.333333333333334,0.08500366111660243,3.5514697434790333e-16,24
96,1,32,reply_null,4,722456,11,1.3150404139897953,14.666666666666666,0.08515317251066769,3.581713359346887e-16,24
96,1,32,reply_null,4,722456,12,1.3178037792363326,16.0,0.08547528184005965,3.5008191008006195e-16,24
96,1,32,reply_null,4,722456,13,1.3233634813208632,17.333333333333332,0.08612604698671718,3.5844869214247564e-16,24
96,1,32,reply_null,4,722456,14,1.4889762768506354,18.666666666666668,0.10726735893343527,3.6055003019484574e-16,24
96,1,32,reply_null,4,722456,15,1.5554766845088004,20.0,0.11679200642536547,3.6642052590927584e-16,24
96,1,32,reply_null,4,722456,16,1.5742381532548868,21.333333333333332,0.11959571046508077,4.322261333092582e-16,24
96,1,32,reply_null,4,722456,17,1.599803384384856,22.666666666666668,0.12350183364400968,4.3229097901715794e-16,24
96,1,32,reply_null,4,722456,18,1.6787276225073868,24.0,0.13621041562175243,4.355308990704164e-16,24
96,1,32,reply_null,4,722456,19,1.841408787375528,25.333333333333332,0.16579421862144372,4.3848679469629658e-16,24
96,1,32,reply_null,4,722456,20,1.9207045486468055,26.666666666666668,0.1820551831147356,4.3850247126374045e-16,24
96,1,32,reply_null,4,722456,21,1.9214526419320623,28.0,0.18221481499225733,4.3856152605457873e-16,24
96,1,32,reply_null,4,722456,22,1.992551513473169,29.333333333333332,0.19794447745013058,4.884147765808123e-16,24
96,1,32,reply_null,4,722456,23,2.0140296358084364,30.666666666666668,0.20292038981772023,5.699860587922966e-16,24
96,1,32,reply_null,4,722456,24,2.023880690489864,32.0,0.20523861486612746,5.787804417224268e-16,24
96,1,32,reply_null,5,722457,0,0.0,0.0,0.0,0.0,24
96,1,32,reply_null,5,722457,1,0.42411986443231703,1.3333333333333333,0.016507648906161843,0.0,24
96,1,32,reply_null,5,722457,2,0.5074001684314465,2.6666666666666665,0.020655229418979713,2.230202477404999e-16,24
96,1,32,reply_null,5,722457,3,0.5578817339242937,4.0,0.02334275109486794,4.44286504415849e-16,24
96,1,32,reply_null,5,722457,4,0.6981128805000985,5.333333333333333,0.03156112809131108,4.591640651825474e-16,24
96,1,32,reply_null,5,722457,5,0.8311744772079468,6.666666666666667,0.04050043041164844,8.89286330654323e-16,24
96,1,32,reply_null,5,722457,6,0.9482902760683002,8.0,0.049415393334195444,8.898870367688219e-16,24
96,1,32,reply_null,5,722457,7,0.9487575327719309,9.333333333333334,0.049453093587143886,8.898875577346695e-16,24
96,1,32,reply_null,5,722457,8,0.958105566630661,10.666666666666666,0.050211046001405524,8.899282959889641e-16,24
96,1,32,reply_null,5,722457,9,1.1299857701470721,12.0,0.06548788905316923,8.900430582805035e-16,24
96,1,32,reply_null,5,722457,10,1.1328854325258984,13.333333333333334,0.06576880335214777,8.900464867258764e-16,24
96,1,32,reply_null,5,722457,11,1.2781491465837909,14.666666666666666,0.08093715716490313,8.915071528547502e-16,24
96,1,32,reply_null,5,722457,12,1.3024172590828458,16.0,0.08369303240842046,9.046593272746158e-16,24
96,1,32,reply_null,5,722457,13,1.33612807824726,17.333333333333332,0.08763390806118655,9.051987234630822e-16,24
96,1,32,reply_null,5,722457,14,1.3786833500119362,18.666666666666668,0.0928022349119455,9.052041057992112e-16,24
96,1,32,reply_null,5,722457,15,1.7334947148013815,20.0,0.14563752718854872,9.05634673449352e-16,24
96,1,32,reply_null,5,722457,16,1.733715798974145,21.333333333333332,0.14567663854446097,8.940768544819987e-16,24
96,1,32,reply_null,5,722457,17,1.7337280698861288,22.666666666666668,0.1456788096089906,8.95035170453135e-16,24
96,1,32,reply_null,5,722457,18,1.7721981407241525,24.0,0.15261789115940672,8.950678472187712e-16,24
96,1,32,reply_null,5,722457,19,1.7752994366595263,25.333333333333332,0.15318900504173671,8.950824714442636e-16,24
96,1,32,reply_null,5,722457,20,1.7820304277655448,26.666666666666668,0.15443464985339628,8.995372023200061e-16,24
96,1,32,reply_null,5,722457,21,1.863208661587815,28.0,0.1701369210023289,9.00347771955051e-16,24
96,1,32,reply_null,5,722457,22,1.9147069717365717,29.333333333333332,0.18077969760822923,9.04594466803155e-16,24
96,1,32,reply_null,5,722457,23,1.9263332370269053,30.666666666666668,0.18325919685060227,9.047555207667412e-16,24
96,1,32,reply_null,5,722457,24,2.129876614559362,32.0,0.23168214385755886,9.0183506699442e-16,24
96,1,32,reply_null,6,722458,0,0.0,0.0,0.0,0.0,24
96,1,32,reply_null,6,722458,1,0.00016905260720382077,1.3333333333333333,5.283340543789627e-06,2.220446049250313e-16,24
96,1,32,reply_null,6,722458,2,0.28421047902833013,2.6666666666666665,0.0102722677329081,4.443714761200922e-16,24
96,1,32,reply_null,6,722458,3,0.587706441113046,4.0,0.02499548759286827,4.491410190321791e-16,24
96,1,32,reply_null,6,722458,4,0.6089093148839181,5.333333333333333,0.02620078631040736,5.095100553503146e-16,24
96,1,32,reply_null,6,722458,5,0.6324371747998591,6.666666666666667,0.027568507041261976,5.096084406864305e-16,24
96,1,32,reply_null,6,722458,6,0.9441073949119313,8.0,0.0490786842783647,5.103195127222719e-16,24
96,1,32,reply_null,6,722458,7,0.9571296801588055,9.333333333333334,0.050131588045907484,5.113868842981869e-16,24
96,1,32,reply_null,6,722458,8,1.0841297633456881,10.666666666666666,0.061152047688043706,5.122806164130019e-16,24
96,1,32,reply_null,6,722458,9,1.3897394227609619,12.0,0.09418137533579872,5.14108051886375e-16,24
96,1,32,reply_null,6,722458,10,1.3902793017685506,13.333333333333334,0.09424911138522588,5.306917411531775e-16,24
96,1,32,reply_null,6,722458,11,1.4262365791650362,14.666666666666666,0.09884382948108679,5.329728546117795e-16,24
96,1,32,reply_null,6,722458,12,1.4548873904216304,16.0,0.10262503184031543,5.239469170107522e-16,24
96,1,32,reply_null,6,722458,13,1.4584154877867372,17.333333333333332,0.10309819017093266,5.249928045574573e-16,24
96,1,32,reply_null,6,722458,14,1.5939441968092936,18.666666666666668,0.12259776476399672,5.250217475324068e-16,24
96,1,32,reply_null,6,722458,15,1.808393754371739,20.0,0.15939501347158597,5.252605317244653e-16,24
96,1,32,reply_null,6,722458,16,1.826519123033162,21.333333333333332,0.16288203089740316,5.499525710751064e-16,24
96,1,32,reply_null,6,722458,17,1.9376390841248046,22.666666666666668,0.18569816635998543,5.506760737579792e-16,24
96,1,32,reply_null,6,722458,18,1.9451884899711058,24.0,0.18734219402323668,5.511301800829918e-16,24
96,1,32,reply_null,6,722458,19,1.9520921528795219,25.333333333333332,0.1888565019665818,5.521045538827537e-16,24
96,1,32,reply_null,6,722458,20,1.9521543876935918,26.666666666666668,0.1888702006800714,5.562296768861399e-16,24
96,1,32,reply_null,6,722458,21,1.9537027702581355,28.0,0.18921129496498257,5.574051787583965e-16,24
96,1,32,reply_null,6,722458,22,1.9538552396695534,29.333333333333332,0.1892449111315198,5.574072116907909e-16,24
96,1,32,reply_null,6,722458,23,1.9996640916161577,30.666666666666668,0.19958045218317744,5.577082675944924e-16,24
96,1,32,reply_null,6,722458,24,2.0741909384570074,32.0,0.21744078927510177,5.570670152592536e-16,24
96,1,32,reply_null,7,722459,0,0.0,0.0,0.0,0.0,24
96,1,32,reply_null,7,722459,1,0.057128847758457425,1.3333333333333333,0.0018372570191184869,2.220446049250313e-16,24
96,1,32,reply_null,7,722459,2,0.2876169451090774,2.6666666666666665,0.010413953115751497,4.442343922156477e-16,24
96,1,32,reply_null,7,722459,3,0.2958904040445735,4.0,0.010760088012961782,4.479464743403536e-16,24
96,1,32,reply_null,7,722459,4,0.7714912835748853,5.333333333333333,0.03634342126562353,4.505733482532977e-16,24
96,1,32,reply_null,7,722459,5,1.0346732625235753,6.666666666666667,0.056693330786471395,4.506049027742834e-16,24
96,1,32,reply_null,7,722459,6,1.2096803282324802,8.0,0.07351290029721562,4.506119518004411e-16,24
96,1,32,reply_null,7,722459,7,1.4490700584480758,9.333333333333334,0.10184849720691973,4.509153274381291e-16,24
96,1,32,reply_null,7,722459,8,1.686050600653646,10.666666666666666,0.13744122568302342,4.532743961918032e-16,24
96,1,32,reply_null,7,722459,9,1.758254486145407,12.0,0.15007189231166154,4.533713853690432e-16,24
96,1,32,reply_null,7,722459,10,1.7640833488968117,13.333333333333334,0.15113187899307112,5.661747973764634e-16,24
96,1,32,reply_null,7,722459,11,1.789104241481199,14.666666666666666,0.1557528051723271,5.671391033078224e-16,24
96,1,32,reply_null,7,722459,12,1.8499169375933835,16.0,0.1674778525820433,4.552326012547422e-16,24
96,1,32,reply_null,7,722459,13,1.960926284364471,17.333333333333332,0.19080956585552883,4.557570993318109e-16,24
96,1,32,reply_null,7,722459,14,1.9791488805957171,18.666666666666668,0.19489316152058989,4.685165714054858e-16,24
96,1,32,reply_null,7,722459,15,2.0155201845742847,20.0,0.20326969246490462,4.695802231643794e-16,24
96,1,32,reply_null,7,722459,16,2.015521580469018,21.333333333333332,0.2032700198299366,5.711700810963579e-16,24
96,1,32,reply_null,7,722459,17,2.136802105456024,22.666666666666668,0.23350939803909504,5.712001920059177e-16,24
96,1,32,reply_null,7,722459,18,2.1533319493543885,24.0,0.23792220055014848,5.745728917478174e-16,24
96,1,32,reply_null,7,722459,19,2.153332450821153,25.333333333333332,0.2379223355310949,5.745868658686604e-16,24
96,1,32,reply_null,7,722459,20,2.1545736197490655,26.666666666666668,0.23825663128604624,5.721664449149671e-16,24
96,1,32,reply_null,7,722459,21,2.2219433689721177,28.0,0.25703879702675475,5.721664547909572e-16,24
96,1,32,reply_null,7,722459,22,2.2508631236825964,29.333333333333332,0.2654977644052704,5.769769499496271e-16,24
96,1,32,reply_null,7,722459,23,2.2549605170455864,30.666666666666668,0.2667161511258711,5.771046901586322e-16,24
96,1,32,reply_null,7,722459,24,2.2566081717774287,32.0,0.267207501141133,5.824974860364384e-16,24
96,3,2,random,0,722460,0,0.0,0.0,0.0,0.0,24
96,3,2,random,0,722460,1,0.02816430383538005,0.08333333333333333,0.04284700148787098,1.1102230246251565e-16,24
96,3,2,random,0,722460,2,0.04612183154466821,0.16666666666666666,0.0705190084600542,5.554805990759421e-16,24
96,3,2,random,0,722460,3,0.07481474774784608,0.25,0.11550434390734705,5.555202285755529e-16,24
96,3,2,random,0,722460,4,0.10464429303394406,0.3333333333333333,0.1611516186045707,5.556290691201293e-16,24
96,3,2,random,0,722460,5,0.1335458021112158,0.4166666666666667,0.20597976389367276,5.568463248612586e-16,24
96,3,2,random,0,722460,6,0.15064455363288573,0.5,0.2324375281996018,5.580923873151669e-16,24
96,3,2,random,0,722460,7,0.16423436424998805,0.5833333333333334,0.2540938101689163,5.592567616123423e-16,24
96,3,2,random,0,722460,8,0.18999176034102902,0.6666666666666666,0.2951579858615619,5.592716519519261e-16,24
96,3,2,random,0,722460,9,0.19863774656140248,0.75,0.30895996112695423,5.592797638916283e-16,24
96,3,2,random,0,722460,10,0.2021754212277912,0.8333333333333334,0.31464285604451286,5.596999440472319e-16,24
96,3,2,random,0,722460,11,0.24044884106267284,0.9166666666666666,0.3770900811181588,5.598983067859248e-16,24
96,3,2,random,0,722460,12,0.2650804876438042,1.0,0.41791268820751776,5.607448939911113e-16,24
96,3,2,random,0,722460,13,0.2890368997310629,1.0833333333333333,0.4584398676416958,5.617857697662452e-16,24
96,3,2,random,0,722460,14,0.3015147228978241,1.1666666666666667,0.4792663308790953,5.622827316102905e-16,24
96,3,2,random,0,722460,15,0.31006395569167416,1.25,0.4934658874322162,5.625507714267829e-16,24
96,3,2,random,0,722460,16,0.31827395186437235,1.3333333333333333,0.5074513353594401,5.673469056914785e-16,24
96,3,2,random,0,722460,17,0.329352516254775,1.4166666666666667,0.5258266195486286,5.693491772307447e-16,24
96,3,2,random,0,722460,18,0.33614969768145575,1.5,0.5374334991925246,5.698878693978396e-16,24
96,3,2,random,0,722460,19,0.3715913840284411,1.5833333333333333,0.595306490497844,5.704603667172969e-16,24
96,3,2,random,0,722460,20,0.39627614988895354,1.6666666666666667,0.638044273484091,5.727203521064937e-16,24
96,3,2,random,0,722460,21,0.410676435043475,1.75,0.6633496952711089,5.73638413272696e-16,24
96,3,2,random,0,722460,22,0.4219375943295635,1.8333333333333333,0.6828924977569762,7.95625178239932e-16,24
96,3,2,random,0,722460,23,0.43794531527204705,1.9166666666666667,0.7112068685159078,7.95818942719986e-16,24
96,3,2,random,0,722460,24,0.4741482842607113,2.0,0.7751397592836143,8.120007092214983e-16,24
96,3,2,random,1,722461,0,0.0,0.0,0.0,0.0,24
96,3,2,random,1,722461,1,0.038111919337554326,0.08333333333333333,0.058271240243644516,0.0,24
96,3,2,random,1,722461,2,0.045559732256726396,0.16666666666666666,0.06950323341767616,2.230216688734947e-16,24
96,3,2,random,1,722461,3,0.1255994652879207,0.25,0.19514569330249734,2.2633213337117527e-16,24
96,3,2,random,1,722461,4,0.1319007018122356,0.3333333333333333,0.20534199957736757,4.498340151219381e-16,24
96,3,2,random,1,722461,5,0.19078582437205902,0.4166666666666667,0.2980282427447875,4.498466201350309e-16,24
96,3,2,random,1,722461,6,0.22247200864868155,0.5,0.3506695312961483,4.525614255789225e-16,24
96,3,2,random,1,722461,7,0.23147879716408046,0.5833333333333334,0.36509631769738554,4.527520710744885e-16,24
96,3,2,random,1,722461,8,0.2810016493860422,0.6666666666666666,0.4500480123899883,4.573793186177952e-16,24
96,3,2,random,1,722461,9,0.29851400064574807,0.75,0.4797915908222636,4.573797139288188e-16,24
96,3,2,random,1,722461,10,0.3022323303961918,0.8333333333333334,0.48615920848258487,4.574431932903463e-16,24
96,3,2,random,1,722461,11,0.3081016114382949,0.9166666666666666,0.4965620760178762,4.577299877089115e-16,24
96,3,2,random,1,722461,12,0.3139326387241017,1.0,0.5056890586215865,4.827787675676752e-16,24
96,3,2,random,1,722461,13,0.3253822411882335,1.0833333333333333,0.5238629069640458,4.967552101372609e-16,24
96,3,2,random,1,722461,14,0.3458558410106873,1.1666666666666667,0.5568222413515975,4.968245536060946e-16,24
96,3,2,random,1,722461,15,0.3566185368865315,1.25,0.5762223615026865,4.993032736880068e-16,24
96,3,2,random,1,722461,16,0.36320389862993374,1.3333333333333333,0.5881016988508689,4.797392751703622e-16,24
96,3,2,random,1,722461,17,0.3872341710838569,1.4166666666666667,0.6324614061146683,4.797661035272956e-16,24
96,3,2,random,1,722461,18,0.3904211565265209,1.5,0.6380569581905597,4.799121344582186e-16,24
96,3,2,random,1,722461,19,0.39342127349661205,1.5833333333333333,0.6428543760647261,4.815672197153873e-16,24
96,3,2,random,1,722461,20,0.4247792638128106,1.6666666666666667,0.6941845683893725,4.860112869452899e-16,24
96,3,2,random,1,722461,21,0.4253963466126373,1.75,0.6952211662570005,4.861929613049625e-16,24
96,3,2,random,1,722461,22,0.43497323808377186,1.8333333333333333,0.7117021163416222,4.862415749998514e-16,24
96,3,2,random,1,722461,23,0.4621595323579114,1.9166666666666667,0.7577716470473675,4.92583999751641e-16,24
96,3,2,random,1,722461,24,0.4700639633813829,2.0,0.7712364971146288,4.96797507933413e-16,24
96,3,2,random,2,722462,0,0.0,0.0,0.0,0.0,24
96,3,2,random,2,722462,1,0.03236930243405626,0.08333333333333333,0.049348330426926254,0.0,24
96,3,2,random,2,722462,2,0.03679695741967574,0.16666666666666666,0.05602247253631951,4.446093249795368e-16,24
96,3,2,random,2,722462,3,0.06076942591770661,0.25,0.09257088482198003,4.447475732529491e-16,24
96,3,2,random,2,722462,4,0.10830639755583522,0.3333333333333333,0.1678893432176921,4.448538939186577e-16,24
96,3,2,random,2,722462,5,0.17276920310372,0.4166666666666667,0.27488074027130577,4.448793735730811e-16,24
96,3,2,random,2,722462,6,0.20529467978420535,0.5,0.3251314862067303,4.762457113120886e-16,24
96,3,2,random,2,722462,7,0.2306479005187552,0.5833333333333334,0.36546197411417913,4.822794185625586e-16,24
96,3,2,random,2,722462,8,0.23644548988512956,0.6666666666666666,0.3749077876702248,4.842607935533763e-16,24
96,3,2,random,2,722462,9,0.2504303040265443,0.75,0.39811942577403503,4.847003715864097e-16,24
96,3,2,random,2,722462,10,0.2632246071156066,0.8333333333333334,0.4188930441510802,4.847486520390011e-16,24
96,3,2,random,2,722462,11,0.2933125673358566,0.9166666666666666,0.46917822963365263,6.747983984988225e-16,24
96,3,2,random,2,722462,12,0.3189289308774507,1.0,0.5113850680318771,4.890660178313473e-16,24
96,3,2,random,2,722462,13,0.3326713174999213,1.0833333333333333,0.5353949729613344,4.913923189263742e-16,24
96,3,2,random,2,722462,14,0.36301440128273665,1.1666666666666667,0.5890419551352898,4.914180133343354e-16,24
96,3,2,random,2,722462,15,0.38084952195169086,1.25,0.6181180258636978,4.92257043821915e-16,24
96,3,2,random,2,722462,16,0.39460618164986316,1.3333333333333333,0.6420928443756956,6.752007598309551e-16,24
96,3,2,random,2,722462,17,0.4020266113641937,1.4166666666666667,0.6547806960448672,6.759759458480747e-16,24
96,3,2,random,2,722462,18,0.418150592885135,1.5,0.6833608257602045,6.770678388384953e-16,24
96,3,2,random,2,722462,19,0.46080090904861487,1.5833333333333333,0.7590668933601041,6.77089799979049e-16,24
96,3,2,random,2,722462,20,0.4833959015491335,1.6666666666666667,0.7987176784881127,6.767767547441258e-16,24
96,3,2,random,2,722462,21,0.4922701801620321,1.75,0.813743211983631,6.780715861611157e-16,24
96,3,2,random,2,722462,22,0.5006047547520552,1.8333333333333333,0.8286100215942115,6.792319486570557e-16,24
96,3,2,random,2,722462,23,0.5242164570317756,1.9166666666666667,0.8728470520853018,6.794026278324578e-16,24
96,3,2,random,2,722462,24,0.5397609982461181,2.0,0.9008750669359427,6.908521995856694e-16,24
96,3,2,random,3,722463,0,0.0,0.0,0.0,0.0,24
96,3,2,random,3,722463,1,0.018347269405996153,0.08333333333333333,0.027774921963196978,1.1102230246251565e-16,24
96,3,2,random,3,722463,2,0.019846984465491567,0.16666666666666666,0.030026301667875344,6.662848663183376e-16,24
96,3,2,random,3,722463,3,0.0357913953934504,0.25,0.05430435601480135,6.664097732813309e-16,24
96,3,2,random,3,722463,4,0.043958760181345716,0.3333333333333333,0.06671105823267957,6.664602948303129e-16,24
96,3,2,random,3,722463,5,0.13505495626801806,0.4166666666666667,0.2136753159583398,6.678165991582141e-16,24
96,3,2,random,3,722463,6,0.14934391221858295,0.5,0.23755937714404693,6.678244370299922e-16,24
96,3,2,random,3,722463,7,0.16598127569106833,0.5833333333333334,0.2634804172268714,6.683164969880877e-16,24
96,3,2,random,3,722463,8,0.1742846722416705,0.6666666666666666,0.2776964532401271,6.684312234065931e-16,24
96,3,2,random,3,722463,9,0.19368954552438497,0.75,0.31136084669011455,6.69986463228283e-16,24
96,3,2,random,3,722463,10,0.2042021988681581,0.8333333333333334,0.3285136856005045,6.702007329633855e-16,24
96,3,2,random,3,722463,11,0.22959484467451857,0.9166666666666666,0.3734867530050669,6.782886987103877e-16,24
96,3,2,random,3,722463,12,0.24034957397215503,1.0,0.39163342938890866,6.764467157326429e-16,24
96,3,2,random,3,722463,13,0.2536181646684621,1.0833333333333333,0.41555908325877516,6.76447430587655e-16,24
96,3,2,random,3,722463,14,0.28069161198474946,1.1666666666666667,0.4624176290353106,6.8500491419359265e-16,24
96,3,2,random,3,722463,15,0.29688030397622767,1.25,0.48739009217838425,6.85233236167674e-16,24
96,3,2,random,3,722463,16,0.3091067307494981,1.3333333333333333,0.5103313687184523,6.957035394705664e-16,24
96,3,2,random,3,722463,17,0.31315434809440024,1.4166666666666667,0.5166548330425857,6.971809734568332e-16,24
96,3,2,random,3,722463,18,0.37589634320895593,1.5,0.6241443940923678,6.993630753774616e-16,24
96,3,2,random,3,722463,19,0.3822437885190023,1.5833333333333333,0.6359641061531344,7.001876469734617e-16,24
96,3,2,random,3,722463,20,0.41310802078551456,1.6666666666666667,0.6897416652383563,6.963409206590734e-16,24
96,3,2,random,3,722463,21,0.4212629826426488,1.75,0.7031000984250033,6.999260971399795e-16,24
96,3,2,random,3,722463,22,0.42949276539067904,1.8333333333333333,0.7185158166837737,7.004474281676226e-16,24
96,3,2,random,3,722463,23,0.4389075985554057,1.9166666666666667,0.7338681441507952,7.006776595033116e-16,24
96,3,2,random,3,722463,24,0.467687351976555,2.0,0.7891631546879271,7.041179565939073e-16,24
96,3,2,random,4,722464,0,0.0,0.0,0.0,0.0,24
96,3,2,random,4,722464,1,0.029237013981444397,0.08333333333333333,0.04450291712015256,2.220446049250313e-16,24
96,3,2,random,4,722464,2,0.048104109092904204,0.16666666666666666,0.07385556247560288,2.315203091647355e-16,24
96,3,2,random,4,722464,3,0.08018943996892369,0.25,0.12293188941690136,2.343407378687547e-16,24
96,3,2,random,4,722464,4,0.1011035401510626,0.3333333333333333,0.15465050358405227,2.4012916446250235e-16,24
96,3,2,random,4,722464,5,0.11632143078201412,0.4166666666666667,0.17814606525057713,3.3769881439176355e-16,24
96,3,2,random,4,722464,6,0.12247051871113142,0.5,0.18770673089439924,4.524923625650329e-16,24
96,3,2,random,4,722464,7,0.1580862729187536,0.5833333333333334,0.2442917433717946,4.527724836944034e-16,24
96,3,2,random,4,722464,8,0.1644714571794846,0.6666666666666666,0.2542953192788042,4.579321450779395e-16,24
96,3,2,random,4,722464,9,0.16760737065436968,0.75,0.25929623687804576,4.609471521831484e-16,24
96,3,2,random,4,722464,10,0.18768787964256087,0.8333333333333334,0.29176962144892493,4.61239705122233e-16,24
96,3,2,random,4,722464,11,0.206066702274868,0.9166666666666666,0.32150879696201695,4.612951894631607e-16,24
96,3,2,random,4,722464,12,0.22723231867238036,1.0,0.35533523838841097,4.585522855957633e-16,24
96,3,2,random,4,722464,13,0.24805007297222345,1.0833333333333333,0.3897691547359191,4.585578657285056e-16,24
96,3,2,random,4,722464,14,0.30246925414891745,1.1666666666666667,0.47945723929776135,4.587722186278575e-16,24
96,3,2,random,4,722464,15,0.3223429851587748,1.25,0.5117589419264342,4.5878588110891e-16,24
96,3,2,random,4,722464,16,0.3445179547035141,1.3333333333333333,0.5488347262021119,4.712290978913182e-16,24
96,3,2,random,4,722464,17,0.3511167538228488,1.4166666666666667,0.5598965332451801,4.731371297213691e-16,24
96,3,2,random,4,722464,18,0.3548097132630608,1.5,0.56608132026609,4.733226777400757e-16,24
96,3,2,random,4,722464,19,0.38133641715511013,1.5833333333333333,0.6125536159451824,4.736327299047847e-16,24
96,3,2,random,4,722464,20,0.3892091752168983,1.6666666666666667,0.6259059925856407,4.784826995313222e-16,24
96,3,2,random,4,722464,21,0.40901630466405325,1.75,0.6610315489923411,4.793066165749014e-16,24
96,3,2,random,4,722464,22,0.4168207827624117,1.8333333333333333,0.6741271518715467,4.842194917703472e-16,24
96,3,2,random,4,722464,23,0.417964166555971,1.9166666666666667,0.6761214097333578,4.851694504752893e-16,24
96,3,2,random,4,722464,24,0.44350956169045147,2.0,0.7196033964155641,4.884012112273698e-16,24
96,3,2,random,5,722465,0,0.0,0.0,0.0,0.0,24
96,3,2,random,5,722465,1,0.035030505677819804,0.08333333333333333,0.05347695234402064,1.1102230246251565e-16,24
96,3,2,random,5,722465,2,0.053322549313213265,0.16666666666666666,0.0814005230197652,2.2868913624342266e-16,24
96,3,2,random,5,722465,3,0.05946644272683951,0.25,0.09085069537301464,2.2874125327244916e-16,24
96,3,2,random,5,722465,4,0.09761563057051159,0.3333333333333333,0.15162472916652864,2.29072590854536e-16,24
96,3,2,random,5,722465,5,0.13370657020946825,0.4166666666666667,0.20906801052265292,4.4552837043952555e-16,24
96,3,2,random,5,722465,6,0.1734389858109855,0.5,0.27396976698561043,4.738796871740813e-16,24
96,3,2,random,5,722465,7,0.18364059286394618,0.5833333333333334,0.2896034230836425,4.759374214044778e-16,24
96,3,2,random,5,722465,8,0.21242619530653406,0.6666666666666666,0.33471888487281326,4.77939621031067e-16,24
96,3,2,random,5,722465,9,0.24321271505806263,0.75,0.382966655215495,4.819083456748736e-16,24
96,3,2,random,5,722465,10,0.25547802844703743,0.8333333333333334,0.40337943153732925,4.842636891972825e-16,24
96,3,2,random,5,722465,11,0.2625329578187422,0.9166666666666666,0.4146967072649375,4.845879265164397e-16,24
96,3,2,random,5,722465,12,0.2916474454403973,1.0,0.4622485479570643,4.854352162384473e-16,24
96,3,2,random,5,722465,13,0.2930603344697874,1.0833333333333333,0.46455596063558857,4.882398458437006e-16,24
96,3,2,random,5,722465,14,0.31930186158694945,1.1666666666666667,0.5095985353578368,4.882599552137497e-16,24
96,3,2,random,5,722465,15,0.3337726572102947,1.25,0.5338728714367408,4.882922468813478e-16,24
96,3,2,random,5,722465,16,0.3576895652275385,1.3333333333333333,0.5735785760934295,4.879226734292182e-16,24
96,3,2,random,5,722465,17,0.37010854935879306,1.4166666666666667,0.5945590555299335,4.891379472434864e-16,24
96,3,2,random,5,722465,18,0.37342212027447064,1.5,0.6000177485126066,5.160296808805655e-16,24
96,3,2,random,5,722465,19,0.37979119573078346,1.5833333333333333,0.610814363932652,5.161805133750829e-16,24
96,3,2,random,5,722465,20,0.3905209700231365,1.6666666666666667,0.6287313122114666,5.195655586841241e-16,24
96,3,2,random,5,722465,21,0.39665895214513064,1.75,0.6395175328790874,5.195845572180644e-16,24
96,3,2,random,5,722465,22,0.44595378756655846,1.8333333333333333,0.7254319123670894,5.201332875010336e-16,24
96,3,2,random,5,722465,23,0.4566813547684875,1.9166666666666667,0.7446812852739217,5.201905450540265e-16,24
96,3,2,random,5,722465,24,0.465538286503973,2.0,0.7600772187666547,4.997244757404189e-16,24
96,3,2,random,6,722466,0,0.0,0.0,0.0,0.0,24
96,3,2,random,6,722466,1,0.034139337526970424,0.08333333333333333,0.052093159848494955,1.1102230246251565e-16,24
96,3,2,random,6,722466,2,0.042732225072320704,0.16666666666666666,0.06517310189562285,4.442635642634421e-16,24
96,3,2,random,6,722466,3,0.07285232093410607,0.25,0.11269175735109917,5.556146466035286e-16,24
96,3,2,random,6,722466,4,0.07947754916471918,0.3333333333333333,0.12319527452574276,5.557303798198477e-16,24
96,3,2,random,6,722466,5,0.11160768574307642,0.4166666666666667,0.17321585968875572,5.58552689586043e-16,24
96,3,2,random,6,722466,6,0.14237781734998678,0.5,0.22142539576001835,5.586534777663092e-16,24
96,3,2,random,6,722466,7,0.19450803972790276,0.5833333333333334,0.30522889059567404,5.619211249863365e-16,24
96,3,2,random,6,722466,8,0.23165700828917024,0.6666666666666666,0.3642308907965567,5.619703599517629e-16,24
96,3,2,random,6,722466,9,0.23861657130584651,0.75,0.3753388056475322,5.626689419742053e-16,24
96,3,2,random,6,722466,10,0.245566528885709,0.8333333333333334,0.38659272202461437,5.628830123258502e-16,24
96,3,2,random,6,722466,11,0.2514170325508252,0.9166666666666666,0.3964176924030888,5.628982682580555e-16,24
96,3,2,random,6,722466,12,0.2522754428234085,1.0,0.3978418229345384,5.688074168556774e-16,24
96,3,2,random,6,722466,13,0.27242562276094817,1.0833333333333333,0.42997992071537217,5.692226543725677e-16,24
96,3,2,random,6,722466,14,0.28320177112542444,1.1666666666666667,0.447295756617753,5.713325662066359e-16,24
96,3,2,random,6,722466,15,0.30094005476909913,1.25,0.4767846074355343,6.778113415403213e-16,24
96,3,2,random,6,722466,16,0.3164635864838521,1.3333333333333333,0.5027590287330029,6.8295450949427e-16,24
96,3,2,random,6,722466,17,0.32215605895640165,1.4166666666666667,0.5123300451708029,6.848889471095692e-16,24
96,3,2,random,6,722466,18,0.3236927129673466,1.5,0.5148873474125356,6.852738659802842e-16,24
96,3,2,random,6,722466,19,0.40534089821814945,1.5833333333333333,0.6540686370523257,6.854968593876407e-16,24
96,3,2,random,6,722466,20,0.41110074978839817,1.6666666666666667,0.664001135990967,6.859708469367481e-16,24
96,3,2,random,6,722466,21,0.42211815542741316,1.75,0.6827610158044554,6.8671834338855315e-16,24
96,3,2,random,6,722466,22,0.4358428686889228,1.8333333333333333,0.7074323248986144,6.870075574256598e-16,24
96,3,2,random,6,722466,23,0.48527238332956113,1.9166666666666667,0.7954991926111357,6.870109119924873e-16,24
96,3,2,random,6,722466,24,0.4913788561612804,2.0,0.8062913542212858,6.870548412311793e-16,24
96,3,2,random,7,722467,0,0.0,0.0,0.0,0.0,24
96,3,2,random,7,722467,1,0.004348957808570989,0.08333333333333333,0.0065376423741801085,2.220446049250313e-16,24
96,3,2,random,7,722467,2,0.012977699789368437,0.16666666666666666,0.01953758552312461,4.440892632987852e-16,24
96,3,2,random,7,722467,3,0.04275328922342875,0.25,0.06508619456961952,6.668353372757297e-16,24
96,3,2,random,7,722467,4,0.044101404495518214,0.3333333333333333,0.06715252201945099,6.674066611011685e-16,24
96,3,2,random,7,722467,5,0.05459052219805441,0.4166666666666667,0.08310719707873095,6.683205936381174e-16,24
96,3,2,random,7,722467,6,0.05880805568011302,0.5,0.0896235903650754,6.696332447660166e-16,24
96,3,2,random,7,722467,7,0.09434618887932966,0.5833333333333334,0.14418861568703908,6.697537942546216e-16,24
96,3,2,random,7,722467,8,0.10296601650317999,0.6666666666666666,0.15746279290790222,6.701644889285011e-16,24
96,3,2,random,7,722467,9,0.11450701309286701,0.75,0.17560240606979724,6.701889498900007e-16,24
96,3,2,random,7,722467,10,0.11686229785329805,0.8333333333333334,0.17928808803100607,6.718195999513603e-16,24
96,3,2,random,7,722467,11,0.14114684552204082,0.9166666666666666,0.21793547204346714,6.744529766047625e-16,24
96,3,2,random,7,722467,12,0.1554016862594928,1.0,0.240399019223613,6.72489687856768e-16,24
96,3,2,random,7,722467,13,0.1679000559143904,1.0833333333333333,0.2607296424547012,6.725078674416261e-16,24
96,3,2,random,7,722467,14,0.20584310661654764,1.1666666666666667,0.3205821004905792,6.726679411067885e-16,24
96,3,2,random,7,722467,15,0.24500234389785447,1.25,0.3839861830313566,6.727790695314844e-16,24
96,3,2,random,7,722467,16,0.2634876454727795,1.3333333333333333,0.4148461138475844,6.764008900739912e-16,24
96,3,2,random,7,722467,17,0.2779949173421294,1.4166666666666667,0.4389718263857199,6.77188729234055e-16,24
96,3,2,random,7,722467,18,0.28692475796030104,1.5,0.45404412402516586,6.775055176573085e-16,24
96,3,2,random,7,722467,19,0.33144614273974965,1.5833333333333333,0.5317236472283532,6.776728788058308e-16,24
96,3,2,random,7,722467,20,0.3366138878334387,1.6666666666666667,0.5401057004345937,6.785968278424317e-16,24
96,3,2,random,7,722467,21,0.3377742376314712,1.75,0.5420482616098659,6.786147960400606e-16,24
96,3,2,random,7,722467,22,0.3573599224132895,1.8333333333333333,0.5742968725866959,6.786811857768088e-16,24
96,3,2,random,7,722467,23,0.3593795868962121,1.9166666666666667,0.5777254676349779,6.787037898141746e-16,24
96,3,2,random,7,722467,24,0.371345498539736,2.0,0.5983332008452639,6.800527838809528e-16,24
96,3,2,krylov,0,722468,0,0.0,0.0,0.0,0.0,24
96,3,2,krylov,0,722468,1,0.010321307674188242,0.08333333333333333,0.01556213414676737,2.220446049250313e-16,24
96,3,2,krylov,0,722468,2,0.020844799196709465,0.16666666666666666,0.031595354180063644,4.440946371074585e-16,24
96,3,2,krylov,0,722468,3,0.03208287816645263,0.25,0.04890462301343919,4.4409479802718e-16,24
96,3,2,krylov,0,722468,4,0.045974109578533234,0.3333333333333333,0.07057095316509282,4.442404054939357e-16,24
96,3,2,krylov,0,722468,5,0.05765552556301643,0.4166666666666667,0.08902502077626981,4.460686854955387e-16,24
96,3,2,krylov,0,722468,6,0.07067062422388815,0.5,0.10984150867204558,4.460818161128661e-16,24
96,3,2,krylov,0,722468,7,0.0817931912814963,0.5833333333333334,0.12784702697297148,4.460824884964268e-16,24
96,3,2,krylov,0,722468,8,0.09316485568938668,0.6666666666666666,0.14646400948938237,4.464239860286455e-16,24
96,3,2,krylov,0,722468,9,0.10172947747022615,0.75,0.1606259100998845,4.594445240903931e-16,24
96,3,2,krylov,0,722468,10,0.11091922287603875,0.8333333333333334,0.1759569758293878,4.598582508280954e-16,24
96,3,2,krylov,0,722468,11,0.12479243063593598,0.9166666666666666,0.19936990585832695,4.6020562246017045e-16,24
96,3,2,krylov,0,722468,12,0.13847769209525534,1.0,0.2227860901786034,4.494213897459398e-16,24
96,3,2,krylov,0,722468,13,0.1496378074426214,1.0833333333333333,0.2421202668152563,4.494790199471048e-16,24
96,3,2,krylov,0,722468,14,0.16366787248896844,1.1666666666666667,0.2667345940218456,4.496023417208241e-16,24
96,3,2,krylov,0,722468,15,0.1825334760934348,1.25,0.30038149516073037,4.496147759523962e-16,24
96,3,2,krylov,0,722468,16,0.19863789288237454,1.3333333333333333,0.32961031396747664,6.113321370435901e-16,24
96,3,2,krylov,0,722468,17,0.20855702018232683,1.4166666666666667,0.3478487567605369,6.164531575518751e-16,24
96,3,2,krylov,0,722468,18,0.2178762122457425,1.5,0.3651497044445113,6.165873528113301e-16,24
96,3,2,krylov,0,722468,19,0.22623110614279218,1.5833333333333333,0.3807981116913536,6.266781813565891e-16,24
96,3,2,krylov,0,722468,20,0.2329926917263474,1.6666666666666667,0.39355838029750223,6.263554073486845e-16,24
96,3,2,krylov,0,722468,21,0.23909768172893825,1.75,0.40515389451313694,6.274858488808097e-16,24
96,3,2,krylov,0,722468,22,0.2450366491607798,1.8333333333333333,0.4165022067177675,6.2840447113480905e-16,24
96,3,2,krylov,0,722468,23,0.2514083823892245,1.9166666666666667,0.42875263429270555,6.284331640960826e-16,24
96,3,2,krylov,0,722468,24,0.25727674948853124,2.0,0.44010453878811623,6.35117930782539e-16,24
96,3,2,krylov,1,722469,0,0.0,0.0,0.0,0.0,24
96,3,2,krylov,1,722469,1,0.02533291776589943,0.08333333333333333,0.03848478445501977,1.1102230246251565e-16,24
96,3,2,krylov,1,722469,2,0.049689675254182566,0.16666666666666666,0.07641736733172648,2.2208593598807004e-16,24
96,3,2,krylov,1,722469,3,0.0654603616282111,0.25,0.10147562482588314,2.247668037113049e-16,24
96,3,2,krylov,1,722469,4,0.07645967529557512,0.3333333333333333,0.11918799091212305,6.664719337721998e-16,24
96,3,2,krylov,1,722469,5,0.08941905617915621,0.4166666666666667,0.14030822177997918,6.669640454804842e-16,24
96,3,2,krylov,1,722469,6,0.10635615526177676,0.5,0.16832689236266293,6.678820432458508e-16,24
96,3,2,krylov,1,722469,7,0.1289526827308026,0.5833333333333334,0.2064544395741654,6.679824120405853e-16,24
96,3,2,krylov,1,722469,8,0.1601940508348947,0.6666666666666666,0.2606079207783235,6.684011893138179e-16,24
96,3,2,krylov,1,722469,9,0.1854081602126247,0.75,0.30556446939094845,6.68431944039003e-16,24
96,3,2,krylov,1,722469,10,0.2048554078938672,0.8333333333333334,0.34102138103991503,6.688857831675017e-16,24
96,3,2,krylov,1,722469,11,0.222022091152831,0.9166666666666666,0.37289844082511636,6.713555429247367e-16,24
96,3,2,krylov,1,722469,12,0.24150279980337308,1.0,0.40974152926958024,6.697892086091305e-16,24
96,3,2,krylov,1,722469,13,0.26837304355290603,1.0833333333333333,0.4617523926216465,6.723382719071489e-16,24
96,3,2,krylov,1,722469,14,0.29590403827325745,1.1666666666666667,0.5165117180166465,6.723948124149941e-16,24
96,3,2,krylov,1,722469,15,0.31256011432037417,1.25,0.5503801652661506,6.723958406238968e-16,24
96,3,2,krylov,1,722469,16,0.33148531235386847,1.3333333333333333,0.5895535285693122,6.766995718714052e-16,24
96,3,2,krylov,1,722469,17,0.34550132711241277,1.4166666666666667,0.6190469489451231,6.767125317480314e-16,24
96,3,2,krylov,1,722469,18,0.3620718431573882,1.5,0.6544531901002434,6.767475668273072e-16,24
96,3,2,krylov,1,722469,19,0.37645523045892426,1.5833333333333333,0.6856654557065076,6.777607918915162e-16,24
96,3,2,krylov,1,722469,20,0.38664720006759035,1.6666666666666667,0.7080555976120437,6.789637322863706e-16,24
96,3,2,krylov,1,722469,21,0.3952130562516753,1.75,0.7270507229180568,6.789728708842448e-16,24
96,3,2,krylov,1,722469,22,0.40287687423360174,1.8333333333333333,0.7441840036084288,6.793179588586851e-16,24
96,3,2,krylov,1,722469,23,0.4084595187094241,1.9166666666666667,0.7567475212355941,6.795162916653336e-16,24
96,3,2,krylov,1,722469,24,0.4146930509960588,2.0,0.7708589661518301,6.851555463725064e-16,24
96,3,2,krylov,2,722470,0,0.0,0.0,0.0,0.0,24
96,3,2,krylov,2,722470,1,0.0275882949654665,0.08333333333333333,0.04195856382864519,0.0,24
96,3,2,krylov,2,722470,2,0.04901370127285628,0.16666666666666666,0.07535211029128444,2.2229754586836584e-16,24
96,3,2,krylov,2,722470,3,0.07345933034391176,0.25,0.11433714913607956,2.223522310974802e-16,24
96,3,2,krylov,2,722470,4,0.09418952923958411,0.3333333333333333,0.1481519622638495,2.4292158261609e-16,24
96,3,2,krylov,2,722470,5,0.11997492134628261,0.4166666666666667,0.19120286374624162,4.449446104256874e-16,24
96,3,2,krylov,2,722470,6,0.14566139751420873,0.5,0.2352066373120636,4.449990101659214e-16,24
96,3,2,krylov,2,722470,7,0.1671792970185915,0.5833333333333334,0.27294925398172576,5.270016065672911e-16,24
96,3,2,krylov,2,722470,8,0.19092383629195767,0.6666666666666666,0.3155508937676829,5.27109949056215e-16,24
96,3,2,krylov,2,722470,9,0.2124972414951786,0.75,0.3551440529170545,5.271537884550064e-16,24
96,3,2,krylov,2,722470,10,0.23413362534697318,0.8333333333333334,0.3957200376354785,5.271740524708844e-16,24
96,3,2,krylov,2,722470,11,0.257940705503175,0.9166666666666666,0.44139311059584563,5.273005474705151e-16,24
96,3,2,krylov,2,722470,12,0.28054359057744027,1.0,0.4857738731368026,5.311996207600401e-16,24
96,3,2,krylov,2,722470,13,0.29712687058072496,1.0833333333333333,0.5189790819725459,6.723924638883801e-16,24
96,3,2,krylov,2,722470,14,0.31496101563857626,1.1666666666666667,0.5553088399710108,6.737679489659591e-16,24
96,3,2,krylov,2,722470,15,0.3286752709196457,1.25,0.5836900387580031,6.756916361507057e-16,24
96,3,2,krylov,2,722470,16,0.33916257461632054,1.3333333333333333,0.6056573164241237,6.8105136802032e-16,24
96,3,2,krylov,2,722470,17,0.3463118677470255,1.4166666666666667,0.6207652188736218,6.824014868049486e-16,24
96,3,2,krylov,2,722470,18,0.3541148154881051,1.5,0.6373781697501004,6.826476950761691e-16,24
96,3,2,krylov,2,722470,19,0.3602557252526362,1.5833333333333333,0.6505439999363445,6.844260528138064e-16,24
96,3,2,krylov,2,722470,20,0.36544816762942994,1.6666666666666667,0.6617396168785291,7.205139925203772e-16,24
96,3,2,krylov,2,722470,21,0.371469730548894,1.75,0.6747959382764797,7.220744891963497e-16,24
96,3,2,krylov,2,722470,22,0.37760682890560904,1.8333333333333333,0.688183914498561,7.221850049552124e-16,24
96,3,2,krylov,2,722470,23,0.38300813238519565,1.9166666666666667,0.7000349365613967,7.221850368052579e-16,24
96,3,2,krylov,2,722470,24,0.38779701291261504,2.0,0.7105959084618584,7.308288115644942e-16,24
96,3,2,krylov,3,722471,0,0.0,0.0,0.0,0.0,24
96,3,2,krylov,3,722471,1,0.03695463023951971,0.08333333333333333,0.056468913033502384,0.0,24
96,3,2,krylov,3,722471,2,0.0791859052783779,0.16666666666666666,0.12360829240220786,3.330959576467165e-16,24
96,3,2,krylov,3,722471,3,0.11430213787547075,0.25,0.18163619656569385,3.334961806077307e-16,24
96,3,2,krylov,3,722471,4,0.1483503797382221,0.3333333333333333,0.23987885605610598,3.4347862576836104e-16,24
96,3,2,krylov,3,722471,5,0.18047489427240115,0.4166666666666667,0.29667907471907096,3.4347874871568607e-16,24
96,3,2,krylov,3,722471,6,0.20926120500546264,0.5,0.3491504420702275,3.4347895807076207e-16,24
96,3,2,krylov,3,722471,7,0.2322682362678754,0.5833333333333334,0.3921870783765174,3.5042596608800356e-16,24
96,3,2,krylov,3,722471,8,0.2487274404711465,0.6666666666666666,0.4235886857218884,3.5653605545592565e-16,24
96,3,2,krylov,3,722471,9,0.2662851866566456,0.75,0.4576608071687267,3.581397056449778e-16,24
96,3,2,krylov,3,722471,10,0.2869879251285359,0.8333333333333334,0.4986121870825451,3.592972473487285e-16,24
96,3,2,krylov,3,722471,11,0.30850036917373136,0.9166666666666666,0.5420730182009674,4.660828329980373e-16,24
96,3,2,krylov,3,722471,12,0.3227748651837762,1.0,0.5714316224808923,3.7213524062285197e-16,24
96,3,2,krylov,3,722471,13,0.3313793359719249,1.0833333333333333,0.5893320969799435,3.724110576200725e-16,24
96,3,2,krylov,3,722471,14,0.34109499153860123,1.1666666666666667,0.6097302582983625,6.74519275097038e-16,24
96,3,2,krylov,3,722471,15,0.3579347324710934,1.25,0.6455583908555734,6.747064347824238e-16,24
96,3,2,krylov,3,722471,16,0.36973165804144836,1.3333333333333333,0.6710192682607621,6.733574687851051e-16,24
96,3,2,krylov,3,722471,17,0.3815547171192187,1.4166666666666667,0.6968396947679885,6.773231436457201e-16,24
96,3,2,krylov,3,722471,18,0.3936834723520226,1.5,0.7236468658946681,6.79669368697246e-16,24
96,3,2,krylov,3,722471,19,0.4017449466741551,1.5833333333333333,0.7416451870355729,6.805313410369299e-16,24
96,3,2,krylov,3,722471,20,0.4076877913006928,1.6666666666666667,0.755006599163913,6.802938195901453e-16,24
96,3,2,krylov,3,722471,21,0.41473166382855065,1.75,0.7709466521415955,6.8312895298179385e-16,24
96,3,2,krylov,3,722471,22,0.42166524046392745,1.8333333333333333,0.7867471484651294,6.831317368741802e-16,24
96,3,2,krylov,3,722471,23,0.42914660853379083,1.9166666666666667,0.8039193010676438,6.834154708422046e-16,24
96,3,2,krylov,3,722471,24,0.4346931736777754,2.0,0.8167336445007133,6.845217206144476e-16,24
96,3,2,krylov,4,722472,0,0.0,0.0,0.0,0.0,24
96,3,2,krylov,4,722472,1,0.046977068110106046,0.08333333333333333,0.07214696090510139,0.0,24
96,3,2,krylov,4,722472,2,0.08764282671522203,0.16666666666666666,0.13739724403408346,2.0398105783017654e-17,24
96,3,2,krylov,4,722472,3,0.13690853500768652,0.25,0.22008488803433354,4.0622553515551905e-17,24
96,3,2,krylov,4,722472,4,0.1911989688127897,0.3333333333333333,0.3160504795847845,1.1160827320635246e-16,24
96,3,2,krylov,4,722472,5,0.2342721460968692,0.4166666666666667,0.39598265238506075,4.474514695926676e-16,24
96,3,2,krylov,4,722472,6,0.2652544030310769,0.5,0.45564392212889643,4.475015041998432e-16,24
96,3,2,krylov,4,722472,7,0.2974411856940212,0.5833333333333334,0.5196137773533885,4.483251055269542e-16,24
96,3,2,krylov,4,722472,8,0.32293678261398034,0.6666666666666666,0.571767050521138,5.057998275510514e-16,24
96,3,2,krylov,4,722472,9,0.3437958840143768,0.75,0.6154361148628491,5.060470372186039e-16,24
96,3,2,krylov,4,722472,10,0.3608006782322027,0.8333333333333334,0.6517162646823721,5.061423574319242e-16,24
96,3,2,krylov,4,722472,11,0.38199659291835286,0.9166666666666666,0.6978106395663891,5.083513512805612e-16,24
96,3,2,krylov,4,722472,12,0.4007301555099236,1.0,0.7393715391404402,5.158206685311807e-16,24
96,3,2,krylov,4,722472,13,0.42180373583717407,1.0833333333333333,0.7870638742970014,5.161134973142968e-16,24
96,3,2,krylov,4,722472,14,0.4395342441842313,1.1666666666666667,0.8279763067217902,5.305486622284609e-16,24
96,3,2,krylov,4,722472,15,0.45230570607295695,1.25,0.8578986366302077,5.38487293550632e-16,24
96,3,2,krylov,4,722472,16,0.46098226247369206,1.3333333333333333,0.8784460887965945,6.82262138458395e-16,24
96,3,2,krylov,4,722472,17,0.469668983291056,1.4166666666666667,0.8991969840792783,6.822769776965985e-16,24
96,3,2,krylov,4,722472,18,0.47614032096934134,1.5,0.9147733435016532,6.849708088390759e-16,24
96,3,2,krylov,4,722472,19,0.4811043671614567,1.5833333333333333,0.926790191339821,6.849732331253968e-16,24
96,3,2,krylov,4,722472,20,0.4842941066798294,1.6666666666666667,0.9345433786662471,6.838936020536156e-16,24
96,3,2,krylov,4,722472,21,0.48669036373506086,1.75,0.9403841656322914,6.840125045474371e-16,24
96,3,2,krylov,4,722472,22,0.48875458940158106,1.8333333333333333,0.9454268721146413,6.872451375457799e-16,24
96,3,2,krylov,4,722472,23,0.4907599010432475,1.9166666666666667,0.950335635245106,6.872751262734016e-16,24
96,3,2,krylov,4,722472,24,0.4922030288019003,2.0,0.9538743354024113,6.892148604928001e-16,24
96,3,2,krylov,5,722473,0,0.0,0.0,0.0,0.0,24
96,3,2,krylov,5,722473,1,0.018147089604546814,0.08333333333333333,0.027469122891078314,0.0,24
96,3,2,krylov,5,722473,2,0.03577877347788173,0.16666666666666666,0.05463980413361584,3.391783603798317e-16,24
96,3,2,krylov,5,722473,3,0.05390770716884048,0.25,0.08308078948208228,3.4049812635976635e-16,24
96,3,2,krylov,5,722473,4,0.07288315478675342,0.3333333333333333,0.11340727544070786,3.559075443541274e-16,24
96,3,2,krylov,5,722473,5,0.09400537374500276,0.4166666666666667,0.14784847396946962,3.5593997917993755e-16,24
96,3,2,krylov,5,722473,6,0.11809610034265074,0.5,0.1880283793622204,3.5667972600165757e-16,24
96,3,2,krylov,5,722473,7,0.15149512081925345,0.5833333333333334,0.24535893677201745,3.572667286527201e-16,24
96,3,2,krylov,5,722473,8,0.18763043478852415,0.6666666666666666,0.3095813911047897,4.6257372604904e-16,24
96,3,2,krylov,5,722473,9,0.21510005910863048,0.75,0.359978943973717,8.913766307206965e-16,24
96,3,2,krylov,5,722473,10,0.23538283372032343,0.8333333333333334,0.3980896667521323,8.96364824285208e-16,24
96,3,2,krylov,5,722473,11,0.2522422918912545,0.9166666666666666,0.43036171026013115,8.96366789077964e-16,24
96,3,2,krylov,5,722473,12,0.2626716323225553,1.0,0.4505994594399374,4.629051837395517e-16,24
96,3,2,krylov,5,722473,13,0.27456128404740787,1.0833333333333333,0.47392982780609244,4.629149958636165e-16,24
96,3,2,krylov,5,722473,14,0.2837081033615268,1.1666666666666667,0.49206783335104565,4.678513736934491e-16,24
96,3,2,krylov,5,722473,15,0.29447514957024207,1.25,0.5136324048022328,4.681085149431038e-16,24
96,3,2,krylov,5,722473,16,0.30548146630122575,1.3333333333333333,0.5359174942399418,8.97388750720163e-16,24
96,3,2,krylov,5,722473,17,0.3183313532268878,1.4166666666666667,0.5622476110422083,8.98714608263113e-16,24
96,3,2,krylov,5,722473,18,0.3272291378836134,1.5,0.5806789235174796,8.992702741634924e-16,24
96,3,2,krylov,5,722473,19,0.3413142560371865,1.5833333333333333,0.6101928979639718,8.992778544927071e-16,24
96,3,2,krylov,5,722473,20,0.3524139525479173,1.6666666666666667,0.6337458723277094,9.057734945142663e-16,24
96,3,2,krylov,5,722473,21,0.36567255134218124,1.75,0.6622247304635233,9.058481080372512e-16,24
96,3,2,krylov,5,722473,22,0.37466477034656503,1.8333333333333333,0.681755610144864,9.065726686036903e-16,24
96,3,2,krylov,5,722473,23,0.38403803523492597,1.9166666666666667,0.7023019260011262,9.067076289205382e-16,24
96,3,2,krylov,5,722473,24,0.3950636169456395,2.0,0.7267179388696454,9.007349880111604e-16,24
96,3,2,krylov,6,722474,0,0.0,0.0,0.0,0.0,24
96,3,2,krylov,6,722474,1,0.0657720140930094,0.08333333333333333,0.10197480643322376,1.1102230246251565e-16,24
96,3,2,krylov,6,722474,2,0.11897162351959961,0.16666666666666666,0.18950693449189368,2.222636499305712e-16,24
96,3,2,krylov,6,722474,3,0.17894095754343528,0.25,0.29392519537451284,2.23302977427241e-16,24
96,3,2,krylov,6,722474,4,0.22473456182388715,0.3333333333333333,0.37798551907198213,2.307504958410464e-16,24
96,3,2,krylov,6,722474,5,0.25459535890161056,0.4166666666666667,0.43490932904614976,2.32538444472012e-16,24
96,3,2,krylov,6,722474,6,0.28528222126666647,0.5,0.49520605231110143,3.422288992791207e-16,24
96,3,2,krylov,6,722474,7,0.3179158644279893,0.5833333333333334,0.561390948238488,3.7368573422199243e-16,24
96,3,2,krylov,6,722474,8,0.34350708134068525,0.6666666666666666,0.6148252594694334,4.483532939216749e-16,24
96,3,2,krylov,6,722474,9,0.3681817205583692,0.75,0.6676569305001738,4.487401577686145e-16,24
96,3,2,krylov,6,722474,10,0.3851063447910766,0.8333333333333334,0.7046559233692615,4.489621980366907e-16,24
96,3,2,krylov,6,722474,11,0.3996126049744355,0.9166666666666666,0.7368703261539925,4.489845131161211e-16,24
96,3,2,krylov,6,722474,12,0.41523038795290046,1.0,0.7720795104905429,4.526806792305253e-16,24
96,3,2,krylov,6,722474,13,0.4293827001219175,1.0833333333333333,0.8044633012487551,4.551719465205904e-16,24
96,3,2,krylov,6,722474,14,0.4406989779845031,1.1666666666666667,0.8306893590976526,4.556188181369869e-16,24
96,3,2,krylov,6,722474,15,0.45297051155434415,1.25,0.8594667017397826,6.775361630422967e-16,24
96,3,2,krylov,6,722474,16,0.4629886527828014,1.3333333333333333,0.8832229705220082,6.763441416908607e-16,24
96,3,2,krylov,6,722474,17,0.46998574210730676,1.4166666666666667,0.8999570712517083,6.839766805619359e-16,24
96,3,2,krylov,6,722474,18,0.4755474267837399,1.5,0.913342062767687,6.840561362878929e-16,24
96,3,2,krylov,6,722474,19,0.4799304490405796,1.5833333333333333,0.9239430098645748,6.844635320368799e-16,24
96,3,2,krylov,6,722474,20,0.4835223001375308,1.6666666666666667,0.9326651070834696,6.844411893576015e-16,24
96,3,2,krylov,6,722474,21,0.4861990569944217,1.75,0.9391854829265259,6.844506353064955e-16,24
96,3,2,krylov,6,722474,22,0.4886462879223501,1.8333333333333333,0.945162043107986,6.84721813744377e-16,24
96,3,2,krylov,6,722474,23,0.49101692703114286,1.9166666666666667,0.9509655161268404,6.876635217000537e-16,24
96,3,2,krylov,6,722474,24,0.4940640815517808,2.0,0.9584453771377456,6.881903918129832e-16,24
96,3,2,krylov,7,722475,0,0.0,0.0,0.0,0.0,24
96,3,2,krylov,7,722475,1,0.0036979765157704415,0.08333333333333333,0.00555723370057091,0.0,24
96,3,2,krylov,7,722475,2,0.00708725149653536,0.16666666666666666,0.010668638249669243,6.663352915533673e-16,24
96,3,2,krylov,7,722475,3,0.010546268929399336,0.25,0.015903115259147647,6.669521087854043e-16,24
96,3,2,krylov,7,722475,4,0.01457181381042259,0.3333333333333333,0.022017750396686363,6.67866821456051e-16,24
96,3,2,krylov,7,722475,5,0.017125454416121847,0.4166666666666667,0.025909403553641318,6.68248299372404e-16,24
96,3,2,krylov,7,722475,6,0.019666009523964557,0.5,0.029790989086138205,6.683135195308422e-16,24
96,3,2,krylov,7,722475,7,0.022449730057369867,0.5833333333333334,0.034055432429726376,6.687063474507011e-16,24
96,3,2,krylov,7,722475,8,0.025353479259562516,0.6666666666666666,0.03851641832538546,6.703467899675658e-16,24
96,3,2,krylov,7,722475,9,0.029996414684632225,0.75,0.04567625918349571,6.70410428983429e-16,24
96,3,2,krylov,7,722475,10,0.03344184111568728,0.8333333333333334,0.05101095789938642,6.705842375951444e-16,24
96,3,2,krylov,7,722475,11,0.03680247349756953,0.9166666666666666,0.056232103811265144,6.767772848295651e-16,24
96,3,2,krylov,7,722475,12,0.042227104922851755,1.0,0.06469702817615747,6.716710459744325e-16,24
96,3,2,krylov,7,722475,13,0.046218071389477255,1.0833333333333333,0.0709541592409667,6.716809862600707e-16,24
96,3,2,krylov,7,722475,14,0.04860055210042849,1.1666666666666667,0.07470138930231013,6.716991041874098e-16,24
96,3,2,krylov,7,722475,15,0.0506293149040169,1.25,0.0778993277401006,6.717310956665158e-16,24
96,3,2,krylov,7,722475,16,0.05316464628920757,1.3333333333333333,0.08190490101058462,6.810186792609868e-16,24
96,3,2,krylov,7,722475,17,0.05633981152341291,1.4166666666666667,0.08693569302748386,6.892146429318286e-16,24
96,3,2,krylov,7,722475,18,0.060034965935996165,1.5,0.09281051295480276,6.895425667472481e-16,24
96,3,2,krylov,7,722475,19,0.0635928902162495,1.5833333333333333,0.09848770567471705,6.896809601513428e-16,24
96,3,2,krylov,7,722475,20,0.06833284732143294,1.6666666666666667,0.10608245400404584,6.817627059010612e-16,24
96,3,2,krylov,7,722475,21,0.07360326599514048,1.75,0.11456952652823797,6.822060102010445e-16,24
96,3,2,krylov,7,722475,22,0.08017800667434126,1.8333333333333333,0.1252198757504578,6.822467040228302e-16,24
96,3,2,krylov,7,722475,23,0.08532156877718777,1.9166666666666667,0.13360083061571013,6.838066119464292e-16,24
96,3,2,krylov,7,722475,24,0.09211583960615899,2.0,0.14473774785938293,6.882747804853896e-16,24
96,3,2,reply_null,0,722476,0,0.0,0.0,0.0,0.0,24
96,3,2,reply_null,0,722476,1,0.014516654169699364,0.08333333333333333,0.021933798759792324,2.220446049250313e-16,24
96,3,2,reply_null,0,722476,2,0.03098868516482229,0.16666666666666666,0.04684681096486791,4.443863438367951e-16,24
96,3,2,reply_null,0,722476,3,0.03749912170311036,0.25,0.056781805711099406,4.443971309276856e-16,24
96,3,2,reply_null,0,722476,4,0.08178397289399347,0.3333333333333333,0.12619694061125722,4.457584117042869e-16,24
96,3,2,reply_null,0,722476,5,0.09761977350994243,0.4166666666666667,0.15054120536094542,4.45758991069566e-16,24
96,3,2,reply_null,0,722476,6,0.1414349576791596,0.5,0.21934260866891692,4.459367481353205e-16,24
96,3,2,reply_null,0,722476,7,0.1966281298032799,0.5833333333333334,0.310402213397088,4.484895288818877e-16,24
96,3,2,reply_null,0,722476,8,0.20568075676052672,0.6666666666666666,0.32446486110291006,4.485114642532338e-16,24
96,3,2,reply_null,0,722476,9,0.22562575193692114,0.75,0.3562172544179636,4.486535605142775e-16,24
96,3,2,reply_null,0,722476,10,0.2272490871212507,0.8333333333333334,0.3588435292377049,4.546497436615103e-16,24
96,3,2,reply_null,0,722476,11,0.2387505369957425,0.9166666666666666,0.37694784458474034,4.556683730914175e-16,24
96,3,2,reply_null,0,722476,12,0.2669413335767553,1.0,0.42452734124845987,4.874102804990325e-16,24
96,3,2,reply_null,0,722476,13,0.27782153183350533,1.0833333333333333,0.4432116706797685,4.89305138349961e-16,24
96,3,2,reply_null,0,722476,14,0.29277705253901004,1.1666666666666667,0.46736266579073765,4.893399189234646e-16,24
96,3,2,reply_null,0,722476,15,0.29566734469588285,1.25,0.4720763582619121,4.91953985445184e-16,24
96,3,2,reply_null,0,722476,16,0.30787640287467166,1.3333333333333333,0.4921909969163303,4.700770812404929e-16,24
96,3,2,reply_null,0,722476,17,0.36830984171622794,1.4166666666666667,0.5967604498181623,4.701461028037522e-16,24
96,3,2,reply_null,0,722476,18,0.3712325849678374,1.5,0.601522387411214,4.702209815579233e-16,24
96,3,2,reply_null,0,722476,19,0.39688012187150523,1.5833333333333333,0.643788755502424,4.72506127099635e-16,24
96,3,2,reply_null,0,722476,20,0.4050107699584725,1.6666666666666667,0.6574610760682987,4.734363719675022e-16,24
96,3,2,reply_null,0,722476,21,0.42450542839542216,1.75,0.6913148838261955,4.734386197811045e-16,24
96,3,2,reply_null,0,722476,22,0.4341133863989935,1.8333333333333333,0.7072691519221885,4.77303882126982e-16,24
96,3,2,reply_null,0,722476,23,0.44623177634754874,1.9166666666666667,0.7278529701592541,4.946699996383153e-16,24
96,3,2,reply_null,0,722476,24,0.45172999922160784,2.0,0.7373519937483455,5.114620617063652e-16,24
96,3,2,reply_null,1,722477,0,0.0,0.0,0.0,0.0,24
96,3,2,reply_null,1,722477,1,0.03703798865375063,0.08333333333333333,0.05659866322170183,2.220446049250313e-16,24
96,3,2,reply_null,1,722477,2,0.06228210126550465,0.16666666666666666,0.09498658546663846,4.442575775314124e-16,24
96,3,2,reply_null,1,722477,3,0.0997066976980485,0.25,0.15222292558336917,4.443717450744241e-16,24
96,3,2,reply_null,1,722477,4,0.10303521291184842,0.3333333333333333,0.15743527407233512,4.46671977774163e-16,24
96,3,2,reply_null,1,722477,5,0.1154283256296853,0.4166666666666667,0.1767957828669446,4.466982457687375e-16,24
96,3,2,reply_null,1,722477,6,0.1562898457226571,0.5,0.24173591848546405,4.473172688818364e-16,24
96,3,2,reply_null,1,722477,7,0.1716955665239272,0.5833333333333334,0.2660622318921158,4.478524383048776e-16,24
96,3,2,reply_null,1,722477,8,0.1735971131887596,0.6666666666666666,0.2690870152289034,6.829089725118641e-16,24
96,3,2,reply_null,1,722477,9,0.17633142298569363,0.75,0.2734705958737823,6.829112613001688e-16,24
96,3,2,reply_null,1,722477,10,0.1804933866063986,0.8333333333333334,0.28001106485013993,6.82915512733778e-16,24
96,3,2,reply_null,1,722477,11,0.19105288421836247,0.9166666666666666,0.2971743014895193,6.830348837607566e-16,24
96,3,2,reply_null,1,722477,12,0.20734648833820182,1.0,0.32328025195600524,6.85692733171495e-16,24
96,3,2,reply_null,1,722477,13,0.2287644112673874,1.0833333333333333,0.35818540128710624,6.872621302785559e-16,24
96,3,2,reply_null,1,722477,14,0.2434756396081412,1.1666666666666667,0.3820570707815844,6.890396977245376e-16,24
96,3,2,reply_null,1,722477,15,0.26194534753895676,1.25,0.41309874383351575,6.890415738941224e-16,24
96,3,2,reply_null,1,722477,16,0.2945040652036775,1.3333333333333333,0.4681111381611318,6.917230431789021e-16,24
96,3,2,reply_null,1,722477,17,0.2969334812880765,1.4166666666666667,0.4721626331948339,6.91748232812147e-16,24
96,3,2,reply_null,1,722477,18,0.29815473751045646,1.5,0.4742226494498937,6.9179945391182e-16,24
96,3,2,reply_null,1,722477,19,0.30608629120971326,1.5833333333333333,0.48718590224065056,6.920749182926583e-16,24
96,3,2,reply_null,1,722477,20,0.33076501291652294,1.6666666666666667,0.5281205846347742,6.926882778471184e-16,24
96,3,2,reply_null,1,722477,21,0.3541490244899161,1.75,0.5662750542344819,6.927030618997519e-16,24
96,3,2,reply_null,1,722477,22,0.3623383379504102,1.8333333333333333,0.5798494534856263,6.927131996054561e-16,24
96,3,2,reply_null,1,722477,23,0.37756467933154814,1.9166666666666667,0.6055626096198032,6.93099884523197e-16,24
96,3,2,reply_null,1,722477,24,0.4173078521293652,2.0,0.6770994946110426,7.04306154684961e-16,24
96,3,2,reply_null,2,722478,0,0.0,0.0,0.0,0.0,24
96,3,2,reply_null,2,722478,1,0.006198180299975574,0.08333333333333333,0.009326143151147754,0.0,24
96,3,2,reply_null,2,722478,2,0.012814477276935871,0.16666666666666666,0.019286273825818972,4.453874902374852e-16,24
96,3,2,reply_null,2,722478,3,0.01917341689465094,0.25,0.02892941977032544,4.453960382805412e-16,24
96,3,2,reply_null,2,722478,4,0.06194940726024841,0.3333333333333333,0.0946783982276616,4.454441689982878e-16,24
96,3,2,reply_null,2,722478,5,0.06396082402119961,0.4166666666666667,0.0977933209998327,4.561642994311028e-16,24
96,3,2,reply_null,2,722478,6,0.07279209647006255,0.5,0.11171357050465121,4.571209410836054e-16,24
96,3,2,reply_null,2,722478,7,0.10946542786870601,0.5833333333333334,0.16819083679448923,4.571786413838743e-16,24
96,3,2,reply_null,2,722478,8,0.11120380057296783,0.6666666666666666,0.17087683584582514,4.720849097004511e-16,24
96,3,2,reply_null,2,722478,9,0.12803253100541437,0.75,0.19683807927977273,4.725647757364691e-16,24
96,3,2,reply_null,2,722478,10,0.15860672327174058,0.8333333333333334,0.24522173685840032,4.739895667485123e-16,24
96,3,2,reply_null,2,722478,11,0.20118554935112676,0.9166666666666666,0.31477051737943135,4.741539235282386e-16,24
96,3,2,reply_null,2,722478,12,0.2016961394352897,1.0,0.3155980742619511,4.845619579356436e-16,24
96,3,2,reply_null,2,722478,13,0.23377254381396723,1.0833333333333333,0.36875959313835066,4.845729240965666e-16,24
96,3,2,reply_null,2,722478,14,0.26079259316934944,1.1666666666666667,0.41189295136969006,4.847084037480877e-16,24
96,3,2,reply_null,2,722478,15,0.2706735692593777,1.25,0.4281758632723826,8.903335684808104e-16,24
96,3,2,reply_null,2,722478,16,0.2742214669325304,1.3333333333333333,0.43423446518382885,8.930783168157713e-16,24
96,3,2,reply_null,2,722478,17,0.3047393438611061,1.4166666666666667,0.487056800519376,8.933355391121379e-16,24
96,3,2,reply_null,2,722478,18,0.3282799556575014,1.5,0.5263508056365774,8.933811108953223e-16,24
96,3,2,reply_null,2,722478,19,0.37638427352145437,1.5833333333333333,0.604839657418892,8.935362491417748e-16,24
96,3,2,reply_null,2,722478,20,0.38397938218205735,1.6666666666666667,0.6182570203572983,8.9492503056055e-16,24
96,3,2,reply_null,2,722478,21,0.3946176879708944,1.75,0.6361432284246706,8.949584517559653e-16,24
96,3,2,reply_null,2,722478,22,0.4035889834365266,1.8333333333333333,0.6523240286189375,8.951493900392698e-16,24
96,3,2,reply_null,2,722478,23,0.4238723802208212,1.9166666666666667,0.6868957715279012,8.955262474229838e-16,24
96,3,2,reply_null,2,722478,24,0.42594050880147394,2.0,0.6904028038112817,8.955800932164262e-16,24
96,3,2,reply_null,3,722479,0,0.0,0.0,0.0,0.0,24
96,3,2,reply_null,3,722479,1,0.013878259619422715,0.08333333333333333,0.020962514581032026,0.0,24
96,3,2,reply_null,3,722479,2,0.021918361450776656,0.16666666666666666,0.03309053290629174,2.23871589484848e-16,24
96,3,2,reply_null,3,722479,3,0.036000888790556095,0.25,0.05454051729323643,2.246960212411807e-16,24
96,3,2,reply_null,3,722479,4,0.052797767460544674,0.3333333333333333,0.08003717476740997,2.321541644674315e-16,24
96,3,2,reply_null,3,722479,5,0.06596134076730423,0.4166666666666667,0.10034808893844134,2.4007888604199843e-16,24
96,3,2,reply_null,3,722479,6,0.06695241396357135,0.5,0.10186650611097042,2.538777868197568e-16,24
96,3,2,reply_null,3,722479,7,0.08779011623906169,0.5833333333333334,0.13422550605477282,2.539717723178765e-16,24
96,3,2,reply_null,3,722479,8,0.11873470834572579,0.6666666666666666,0.1834009162038837,2.5534175568095874e-16,24
96,3,2,reply_null,3,722479,9,0.12231194534831702,0.75,0.18888856546050428,2.5910763496495157e-16,24
96,3,2,reply_null,3,722479,10,0.14032327995909344,0.8333333333333334,0.21680961761386924,2.649250158969061e-16,24
96,3,2,reply_null,3,722479,11,0.14861181276545826,0.9166666666666666,0.23006356795980357,4.571580094196128e-16,24
96,3,2,reply_null,3,722479,12,0.17562221852862697,1.0,0.2728744018564689,2.7192073221834126e-16,24
96,3,2,reply_null,3,722479,13,0.20553790255593626,1.0833333333333333,0.32055390110903603,2.7192077899984285e-16,24
96,3,2,reply_null,3,722479,14,0.21928589198660645,1.1666666666666667,0.3431488694124454,8.986965994214179e-16,24
96,3,2,reply_null,3,722479,15,0.26195276106676113,1.25,0.41236547706104787,8.993490705260042e-16,24
96,3,2,reply_null,3,722479,16,0.2967643618629887,1.3333333333333333,0.4708177366004314,8.958186570750849e-16,24
96,3,2,reply_null,3,722479,17,0.3007976788570679,1.4166666666666667,0.4776962827250817,9.012068535145979e-16,24
96,3,2,reply_null,3,722479,18,0.30813864336916,1.5,0.4896420932126569,9.01443106118652e-16,24
96,3,2,reply_null,3,722479,19,0.3162147452433541,1.5833333333333333,0.5027278998724959,9.021496608537618e-16,24
96,3,2,reply_null,3,722479,20,0.3245223001775229,1.6666666666666667,0.5171881500049548,9.027795960244494e-16,24
96,3,2,reply_null,3,722479,21,0.33148029245902877,1.75,0.5287351138658073,9.02827117642485e-16,24
96,3,2,reply_null,3,722479,22,0.35595262801015337,1.8333333333333333,0.5699076273305802,9.029390481629538e-16,24
96,3,2,reply_null,3,722479,23,0.3670653366896089,1.9166666666666667,0.588742015946689,9.032458787693068e-16,24
96,3,2,reply_null,3,722479,24,0.4338750463664199,2.0,0.7058152510292788,9.035551883752444e-16,24
96,3,2,reply_null,4,722480,0,0.0,0.0,0.0,0.0,24
96,3,2,reply_null,4,722480,1,0.0019064527587034441,0.08333333333333333,0.0028624067927518035,0.0,24
96,3,2,reply_null,4,722480,2,0.07344772404952707,0.16666666666666666,0.11413705781048518,4.441858250554992e-16,24
96,3,2,reply_null,4,722480,3,0.07632442768917025,0.25,0.1185156770561657,4.446137247464937e-16,24
96,3,2,reply_null,4,722480,4,0.0820367235033341,0.3333333333333333,0.12736381211357842,4.465154275397605e-16,24
96,3,2,reply_null,4,722480,5,0.10508420366562105,0.4166666666666667,0.1643853302756207,4.466012934448419e-16,24
96,3,2,reply_null,4,722480,6,0.12235117190797605,0.5,0.19075703470159291,4.481569358591166e-16,24
96,3,2,reply_null,4,722480,7,0.136240890057465,0.5833333333333334,0.21363521682369482,4.481796111936583e-16,24
96,3,2,reply_null,4,722480,8,0.14338423124432323,0.6666666666666666,0.2249534092405163,4.500498173759815e-16,24
96,3,2,reply_null,4,722480,9,0.15378754893912044,0.75,0.24178952664837133,4.502274377924332e-16,24
96,3,2,reply_null,4,722480,10,0.16565540158437325,0.8333333333333334,0.26156034359665775,5.623995364443828e-16,24
96,3,2,reply_null,4,722480,11,0.1746050391987748,0.9166666666666666,0.27615449747487136,5.839279746423568e-16,24
96,3,2,reply_null,4,722480,12,0.18272410888998714,1.0,0.289189417739099,4.531468774618781e-16,24
96,3,2,reply_null,4,722480,13,0.20171747895635506,1.0833333333333333,0.31875245216631953,4.546401405755878e-16,24
96,3,2,reply_null,4,722480,14,0.2180899187927341,1.1666666666666667,0.3452370474132675,4.547956685754913e-16,24
96,3,2,reply_null,4,722480,15,0.25987083363813235,1.25,0.4118182031401576,4.552554138707931e-16,24
96,3,2,reply_null,4,722480,16,0.2655110355557128,1.3333333333333333,0.4207711875388704,6.965201110165347e-16,24
96,3,2,reply_null,4,722480,17,0.2796838470433698,1.4166666666666667,0.4438718532159231,6.96661636213409e-16,24
96,3,2,reply_null,4,722480,18,0.2834811777634828,1.5,0.45025288550756776,6.983451573034869e-16,24
96,3,2,reply_null,4,722480,19,0.3005461140553276,1.5833333333333333,0.4794357871870425,6.983512463986041e-16,24
96,3,2,reply_null,4,722480,20,0.3460110381694108,1.6666666666666667,0.557101034826353,6.969883561021833e-16,24
96,3,2,reply_null,4,722480,21,0.3542289708817468,1.75,0.5707003275501712,6.970129950494993e-16,24
96,3,2,reply_null,4,722480,22,0.365122267518979,1.8333333333333333,0.5885985221623443,6.97033801893554e-16,24
96,3,2,reply_null,4,722480,23,0.37008523667821525,1.9166666666666667,0.5968400423366734,6.976255194468607e-16,24
96,3,2,reply_null,4,722480,24,0.38518188718508906,2.0,0.6220889886558224,7.223058320786853e-16,24
96,3,2,reply_null,5,722481,0,0.0,0.0,0.0,0.0,24
96,3,2,reply_null,5,722481,1,0.05131092747344803,0.08333333333333333,0.07897521038109695,2.220446049250313e-16,24
96,3,2,reply_null,5,722481,2,0.06306487856445797,0.16666666666666666,0.09717338688723531,1.1632383389813768e-16,24
96,3,2,reply_null,5,722481,3,0.07796701743966067,0.25,0.12049723133414722,4.45489258100892e-16,24
96,3,2,reply_null,5,722481,4,0.0950656279387555,0.3333333333333333,0.14702372586125026,6.702715948376075e-16,24
96,3,2,reply_null,5,722481,5,0.115619808059032,0.4166666666666667,0.17855756824974295,6.70541763861664e-16,24
96,3,2,reply_null,5,722481,6,0.11720534248555431,0.5,0.18107887502471298,6.707654558333432e-16,24
96,3,2,reply_null,5,722481,7,0.12953089151117517,0.5833333333333334,0.2001509099468824,6.712997821261291e-16,24
96,3,2,reply_null,5,722481,8,0.13272998882352838,0.6666666666666666,0.2051449925314001,6.712998108142507e-16,24
96,3,2,reply_null,5,722481,9,0.16844365661587662,0.75,0.2615483019812449,6.713626551266279e-16,24
96,3,2,reply_null,5,722481,10,0.178367436666602,0.8333333333333334,0.27726807186988434,6.720684166429877e-16,24
96,3,2,reply_null,5,722481,11,0.18140057627604234,0.9166666666666666,0.2820408745602575,6.720809885699148e-16,24
96,3,2,reply_null,5,722481,12,0.18413716904631594,1.0,0.2863261726202313,6.726585683755622e-16,24
96,3,2,reply_null,5,722481,13,0.20630735563180969,1.0833333333333333,0.32280505587897945,6.734216523782899e-16,24
96,3,2,reply_null,5,722481,14,0.22829528448023068,1.1666666666666667,0.35782384084725966,6.76064143642298e-16,24
96,3,2,reply_null,5,722481,15,0.24085979283295045,1.25,0.3783117143200243,6.767066151900179e-16,24
96,3,2,reply_null,5,722481,16,0.2523115782762863,1.3333333333333333,0.3972866702824291,6.774152761052097e-16,24
96,3,2,reply_null,5,722481,17,0.29368974950399745,1.4166666666666667,0.46569153817840875,6.777075939176604e-16,24
96,3,2,reply_null,5,722481,18,0.2960926322514677,1.5,0.4696787364226208,6.777115576865941e-16,24
96,3,2,reply_null,5,722481,19,0.38809751548917976,1.5833333333333333,0.6244725843777377,6.788437779172015e-16,24
96,3,2,reply_null,5,722481,20,0.39228146277456444,1.6666666666666667,0.6313799352806638,6.803521980606223e-16,24
96,3,2,reply_null,5,722481,21,0.4418889570303182,1.75,0.7166634031635785,6.803554760864395e-16,24
96,3,2,reply_null,5,722481,22,0.4506279497876892,1.8333333333333333,0.7322612177667238,6.806370973478032e-16,24
96,3,2,reply_null,5,722481,23,0.47584090170199694,1.9166666666666667,0.7775408400886803,6.842422441252561e-16,24
96,3,2,reply_null,5,722481,24,0.4815858716884989,2.0,0.7873163600309765,6.925072196496045e-16,24
96,3,2,reply_null,6,722482,0,0.0,0.0,0.0,0.0,24
96,3,2,reply_null,6,722482,1,0.005845644208125498,0.08333333333333333,0.008794144991100074,1.1102230246251565e-16,24
96,3,2,reply_null,6,722482,2,0.021795455008562552,0.16666666666666666,0.03297489357318092,4.442016509543563e-16,24
96,3,2,reply_null,6,722482,3,0.03142926369906875,0.25,0.04761511500885279,4.452842098257515e-16,24
96,3,2,reply_null,6,722482,4,0.05966217061769298,0.3333333333333333,0.09098704650973506,4.779741233731864e-16,24
96,3,2,reply_null,6,722482,5,0.09290904348097428,0.4166666666666667,0.14225353491529585,6.68826849238116e-16,24
96,3,2,reply_null,6,722482,6,0.10235041054587478,0.5,0.15716960433898475,6.68839713240939e-16,24
96,3,2,reply_null,6,722482,7,0.1276485837911552,0.5833333333333334,0.19682236148137452,6.701895122005685e-16,24
96,3,2,reply_null,6,722482,8,0.16306918019302205,0.6666666666666666,0.2539403666751441,6.702573004216261e-16,24
96,3,2,reply_null,6,722482,9,0.17690231549631463,0.75,0.27546684096422464,6.705058552045482e-16,24
96,3,2,reply_null,6,722482,10,0.19659624968042136,0.8333333333333334,0.30660390143668304,6.705306983582692e-16,24
96,3,2,reply_null,6,722482,11,0.20663364199228298,0.9166666666666666,0.3231295791263671,6.756122083301028e-16,24
96,3,2,reply_null,6,722482,12,0.2494695644517154,1.0,0.39260088133310983,6.724653683502103e-16,24
96,3,2,reply_null,6,722482,13,0.2599886777917712,1.0833333333333333,0.41012726959983425,6.730750359335463e-16,24
96,3,2,reply_null,6,722482,14,0.28864669112076047,1.1666666666666667,0.45883312648604574,6.731703786540784e-16,24
96,3,2,reply_null,6,722482,15,0.2912043218052458,1.25,0.46309535245470945,6.738218451109251e-16,24
96,3,2,reply_null,6,722482,16,0.29382409990492736,1.3333333333333333,0.46728810053532477,6.785452284898977e-16,24
96,3,2,reply_null,6,722482,17,0.298746765724535,1.4166666666666667,0.47572222967611183,6.785523033503798e-16,24
96,3,2,reply_null,6,722482,18,0.2998387665808554,1.5,0.4775349515672969,6.797614061829954e-16,24
96,3,2,reply_null,6,722482,19,0.3496523066592415,1.5833333333333333,0.5609677163008387,6.806474581376421e-16,24
96,3,2,reply_null,6,722482,20,0.38893448367205596,1.6666666666666667,0.6271120371325484,6.841352320401223e-16,24
96,3,2,reply_null,6,722482,21,0.40962503344635215,1.75,0.6637366566723938,6.841534244259246e-16,24
96,3,2,reply_null,6,722482,22,0.41133295052598784,1.8333333333333333,0.6667032696303831,6.843048046771714e-16,24
96,3,2,reply_null,6,722482,23,0.4204418347725849,1.9166666666666667,0.6819568401359177,6.843330369836589e-16,24
96,3,2,reply_null,6,722482,24,0.44666323361458704,2.0,0.7286861849439427,6.974527105759686e-16,24
96,3,2,reply_null,7,722483,0,0.0,0.0,0.0,0.0,24
96,3,2,reply_null,7,722483,1,0.0052147666945349825,0.08333333333333333,0.007842580884147979,3.3306690738754696e-16,24
96,3,2,reply_null,7,722483,2,0.027655660398373708,0.16666666666666666,0.042009683029818626,2.2266034876150143e-16,24
96,3,2,reply_null,7,722483,3,0.054314355959544,0.25,0.08356646131001494,4.441286544161268e-16,24
96,3,2,reply_null,7,722483,4,0.06206608116579466,0.3333333333333333,0.0953399634018966,4.441686762884858e-16,24
96,3,2,reply_null,7,722483,5,0.07395936067760113,0.4166666666666667,0.11339351684599658,4.459599134302715e-16,24
96,3,2,reply_null,7,722483,6,0.08799210919047197,0.5,0.13544054939389472,4.459628763892007e-16,24
96,3,2,reply_null,7,722483,7,0.10270929025201112,0.5833333333333334,0.15831983926802082,4.557448547692457e-16,24
96,3,2,reply_null,7,722483,8,0.1381156103575105,0.6666666666666666,0.2132269122864763,4.558548829985511e-16,24
96,3,2,reply_null,7,722483,9,0.15681804416059,0.75,0.24283013339089823,4.816513965110151e-16,24
96,3,2,reply_null,7,722483,10,0.20487573247010823,0.8333333333333334,0.3193673721645474,5.581029114993203e-16,24
96,3,2,reply_null,7,722483,11,0.206846738856899,0.9166666666666666,0.3224894924998092,5.653692998184417e-16,24
96,3,2,reply_null,7,722483,12,0.26592012423963535,1.0,0.42051590927922033,4.570412675638355e-16,24
96,3,2,reply_null,7,722483,13,0.2776173911704858,1.0833333333333333,0.4393153040007149,4.57229737211546e-16,24
96,3,2,reply_null,7,722483,14,0.2890997973829246,1.1666666666666667,0.4580108820737903,4.5762423859958e-16,24
96,3,2,reply_null,7,722483,15,0.32322242776286747,1.25,0.5158223006471977,4.580915812323648e-16,24
96,3,2,reply_null,7,722483,16,0.3273473513677879,1.3333333333333333,0.5229103899457666,5.659931560447592e-16,24
96,3,2,reply_null,7,722483,17,0.33805738044231776,1.4166666666666667,0.5408392249509943,5.661862126072057e-16,24
96,3,2,reply_null,7,722483,18,0.3496917114378144,1.5,0.5595921696150344,5.661902229917059e-16,24
96,3,2,reply_null,7,722483,19,0.3682142281303459,1.5833333333333333,0.5919648633074738,5.665421837203131e-16,24
96,3,2,reply_null,7,722483,20,0.3738383335326162,1.6666666666666667,0.6013173685135992,5.670635254756413e-16,24
96,3,2,reply_null,7,722483,21,0.4075758431101315,1.75,0.6583453823795915,5.672974713947688e-16,24
96,3,2,reply_null,7,722483,22,0.4150409985672821,1.8333333333333333,0.6712034607118228,5.672999100010386e-16,24
96,3,2,reply_null,7,722483,23,0.4289358867715265,1.9166666666666667,0.6945112861936253,9.005271360370458e-16,24
96,3,2,reply_null,7,722483,24,0.45349039597506047,2.0,0.736804994501237,9.005567497549366e-16,24
96,3,8,random,0,722484,0,0.0,0.0,0.0,0.0,24
96,3,8,random,0,722484,1,0.16538670860825205,0.3333333333333333,0.06744348314234747,1.1102230246251565e-16,24
96,3,8,random,0,722484,2,0.3361352253513853,0.6666666666666666,0.137657335056762,2.283496406056927e-16,24
96,3,8,random,0,722484,3,0.39092097123593506,1.0,0.1615897826323483,4.512038495549027e-16,24
96,3,8,random,0,722484,4,0.4378960648194313,1.3333333333333333,0.18117709220306702,4.512190947023613e-16,24
96,3,8,random,0,722484,5,0.48528666325532366,1.6666666666666667,0.20210326254495428,4.520359216338085e-16,24
96,3,8,random,0,722484,6,0.5834492827068087,2.0,0.24691691186255776,4.522567801680561e-16,24
96,3,8,random,0,722484,7,0.6364031232435496,2.3333333333333335,0.2732644762545882,4.63222361143103e-16,24
96,3,8,random,0,722484,8,0.7051273937474769,2.6666666666666665,0.30758084896384436,4.63630135815378e-16,24
96,3,8,random,0,722484,9,0.8075733643038134,3.0,0.3604098456798487,4.662929712376001e-16,24
96,3,8,random,0,722484,10,0.822818925224523,3.3333333333333335,0.3677614736452136,4.666742107460675e-16,24
96,3,8,random,0,722484,11,0.8311782893673266,3.6666666666666665,0.37135053108351557,4.671678175345047e-16,24
96,3,8,random,0,722484,12,0.8567999403499826,4.0,0.38444302877871145,4.716504636628001e-16,24
96,3,8,random,0,722484,13,0.865129582424883,4.333333333333333,0.38885147162837114,6.779294906652475e-16,24
96,3,8,random,0,722484,14,0.9053587910153444,4.666666666666667,0.4110571083136002,6.780860547040011e-16,24
96,3,8,random,0,722484,15,0.9193119032233895,5.0,0.4181563968850385,6.785617463821031e-16,24
96,3,8,random,0,722484,16,0.9545925714401402,5.333333333333333,0.43700431060585704,6.80810382276143e-16,24
96,3,8,random,0,722484,17,1.0063239278214222,5.666666666666667,0.46736634863314075,6.825444959611718e-16,24
96,3,8,random,0,722484,18,1.0170764255712115,6.0,0.47336603637633723,6.847770755812652e-16,24
96,3,8,random,0,722484,19,1.0748425549521763,6.333333333333333,0.5044112625048142,6.849942542331752e-16,24
96,3,8,random,0,722484,20,1.1767039937861412,6.666666666666667,0.5627538043779943,6.867203773970958e-16,24
96,3,8,random,0,722484,21,1.2358372966074918,7.0,0.5922125397579573,6.867861018156425e-16,24
96,3,8,random,0,722484,22,1.2754533175719258,7.333333333333333,0.6165185922714052,6.868928951844354e-16,24
96,3,8,random,0,722484,23,1.3209032003031398,7.666666666666667,0.6391289561614439,6.869664875383142e-16,24
96,3,8,random,0,722484,24,1.4348852007694517,8.0,0.7063984450915268,6.928756353979835e-16,24
96,3,8,random,1,722485,0,0.0,0.0,0.0,0.0,24
96,3,8,random,1,722485,1,0.07561614837748751,0.3333333333333333,0.029455684537755746,0.0,24
96,3,8,random,1,722485,2,0.2008486523437802,0.6666666666666666,0.07974422697417262,2.2707989706229806e-16,24
96,3,8,random,1,722485,3,0.2817452327695669,1.0,0.11169321361366143,2.2897499654827204e-16,24
96,3,8,random,1,722485,4,0.32868482995509385,1.3333333333333333,0.13107276829339795,2.296621715307193e-16,24
96,3,8,random,1,722485,5,0.5112555725979846,1.6666666666666667,0.2145237947606168,2.427703895158881e-16,24
96,3,8,random,1,722485,6,0.5883896276649164,2.0,0.25082405447508044,2.498723657734511e-16,24
96,3,8,random,1,722485,7,0.6930257096920835,2.3333333333333335,0.29712679596873576,2.501543613129766e-16,24
96,3,8,random,1,722485,8,0.7387968435533975,2.6666666666666665,0.3189646438878156,3.409959775324485e-16,24
96,3,8,random,1,722485,9,0.7714197487851153,3.0,0.33355388563684546,3.4253504029199824e-16,24
96,3,8,random,1,722485,10,0.805347149294895,3.3333333333333335,0.35093880751265705,3.447776313512517e-16,24
96,3,8,random,1,722485,11,0.8638675997049153,3.6666666666666665,0.3809827091098698,3.4478340355164244e-16,24
96,3,8,random,1,722485,12,0.882622451240147,4.0,0.3900241588500364,3.5019150340040505e-16,24
96,3,8,random,1,722485,13,0.8875665455178734,4.333333333333333,0.3927765927906799,3.5083701561771713e-16,24
96,3,8,random,1,722485,14,0.9116160241357143,4.666666666666667,0.40465723865392567,3.517233274590701e-16,24
96,3,8,random,1,722485,15,0.9322485058308586,5.0,0.414509242316946,3.522199038189826e-16,24
96,3,8,random,1,722485,16,0.9993662661017881,5.333333333333333,0.44741399426387013,3.8123302100345866e-16,24
96,3,8,random,1,722485,17,1.0899798330642114,5.666666666666667,0.49485295139002694,3.8872886425665007e-16,24
96,3,8,random,1,722485,18,1.1480213778528232,6.0,0.5251512496593567,3.8915496505350677e-16,24
96,3,8,random,1,722485,19,1.1546218533179968,6.333333333333333,0.5289010098561316,3.892324588260758e-16,24
96,3,8,random,1,722485,20,1.1982281526662535,6.666666666666667,0.5532915989309565,3.842557331489741e-16,24
96,3,8,random,1,722485,21,1.2248727808962694,7.0,0.5679720439857636,3.843776672034687e-16,24
96,3,8,random,1,722485,22,1.279193463733809,7.333333333333333,0.5985625281696836,3.847267245773922e-16,24
96,3,8,random,1,722485,23,1.3374553000771043,7.666666666666667,0.6335178544632134,3.8563456262443194e-16,24
96,3,8,random,1,722485,24,1.3863570310877535,8.0,0.6618687720150253,4.237566455130557e-16,24
96,3,8,random,2,722486,0,0.0,0.0,0.0,0.0,24
96,3,8,random,2,722486,1,0.0808588787120508,0.3333333333333333,0.0315817048299209,2.220446049250313e-16,24
96,3,8,random,2,722486,2,0.09467384479817953,0.6666666666666666,0.036838223945189125,1.6519221528134538e-17,24
96,3,8,random,2,722486,3,0.1170696077071478,1.0,0.04578939198636392,3.332987722105537e-16,24
96,3,8,random,2,722486,4,0.25177614961315786,1.3333333333333333,0.10000374746080562,3.35130855380745e-16,24
96,3,8,random,2,722486,5,0.30641154036720675,1.6666666666666667,0.1222214586135947,3.3964561953733624e-16,24
96,3,8,random,2,722486,6,0.4475676216394899,2.0,0.18432017078356808,3.396488873264895e-16,24
96,3,8,random,2,722486,7,0.4885773278202096,2.3333333333333335,0.2035354121547813,3.3964963318313064e-16,24
96,3,8,random,2,722486,8,0.5094810041846229,2.6666666666666665,0.2123999096007079,4.526509264823763e-16,24
96,3,8,random,2,722486,9,0.5329526834496495,3.0,0.2226898122846709,4.537967643140033e-16,24
96,3,8,random,2,722486,10,0.5783631415838048,3.3333333333333335,0.24502026423758783,4.541440725759184e-16,24
96,3,8,random,2,722486,11,0.6734582839551176,3.6666666666666665,0.2881276618076254,4.542392166953448e-16,24
96,3,8,random,2,722486,12,0.7424887682857846,4.0,0.3212844099231702,4.576770000206655e-16,24
96,3,8,random,2,722486,13,0.8335262091951163,4.333333333333333,0.36857388524561946,6.778978132862144e-16,24
96,3,8,random,2,722486,14,0.9002772218224947,4.666666666666667,0.40522730721310274,6.779767445427351e-16,24
96,3,8,random,2,722486,15,0.9055119459729999,5.0,0.4079348759025426,6.779813143399967e-16,24
96,3,8,random,2,722486,16,0.9330005051761909,5.333333333333333,0.4221182386336378,6.765152618916134e-16,24
96,3,8,random,2,722486,17,0.9740006277283042,5.666666666666667,0.44414800219251666,6.767235904980268e-16,24
96,3,8,random,2,722486,18,1.1658660678122446,6.0,0.5532953450117983,6.767242558560453e-16,24
96,3,8,random,2,722486,19,1.2318716820937308,6.333333333333333,0.5868570277580236,6.770172432271259e-16,24
96,3,8,random,2,722486,20,1.2661590322055014,6.666666666666667,0.6084455815620959,6.775994488303035e-16,24
96,3,8,random,2,722486,21,1.2738883006675026,7.0,0.6127046953453312,6.77848932105297e-16,24
96,3,8,random,2,722486,22,1.3030777773344338,7.333333333333333,0.6288791631220203,6.785265806714559e-16,24
96,3,8,random,2,722486,23,1.36630862560162,7.666666666666667,0.6677003113338734,6.79130602376286e-16,24
96,3,8,random,2,722486,24,1.4633778163136217,8.0,0.7224849134153829,6.792125733924854e-16,24
96,3,8,random,3,722487,0,0.0,0.0,0.0,0.0,24
96,3,8,random,3,722487,1,0.13308944801671999,0.3333333333333333,0.053382065586570285,0.0,24
96,3,8,random,3,722487,2,0.3620460453838088,0.6666666666666666,0.15464745791579476,2.146720709009509e-17,24
96,3,8,random,3,722487,3,0.3955511351930403,1.0,0.16994245293107937,2.5834759779158437e-17,24
96,3,8,random,3,722487,4,0.43644924667173357,1.3333333333333333,0.1861940964917301,2.28082884264897e-16,24
96,3,8,random,3,722487,5,0.45023499758334773,1.6666666666666667,0.19273257586728168,2.296576773989045e-16,24
96,3,8,random,3,722487,6,0.4734639443951192,2.0,0.2027401972440091,2.370558010678457e-16,24
96,3,8,random,3,722487,7,0.4933029685641137,2.3333333333333335,0.21068150192834884,3.6491674795894553e-16,24
96,3,8,random,3,722487,8,0.5493660758759429,2.6666666666666665,0.2350459069097743,3.6691083427659545e-16,24
96,3,8,random,3,722487,9,0.5792606611419832,3.0,0.24822940187428566,3.676638775443874e-16,24
96,3,8,random,3,722487,10,0.7074705602674021,3.3333333333333335,0.3154145428314539,3.6822053470943935e-16,24
96,3,8,random,3,722487,11,0.7592647481919197,3.6666666666666665,0.3385877364886289,3.684354025443886e-16,24
96,3,8,random,3,722487,12,0.8314009684123185,4.0,0.3776874965766599,3.969513406776636e-16,24
96,3,8,random,3,722487,13,0.8626440204701398,4.333333333333333,0.39361230274678655,3.9695187444733014e-16,24
96,3,8,random,3,722487,14,0.87716527246486,4.666666666666667,0.40226992214268664,4.693253730830981e-16,24
96,3,8,random,3,722487,15,0.9522136751328774,5.0,0.44383075102732755,4.705998763147149e-16,24
96,3,8,random,3,722487,16,0.9776201432532886,5.333333333333333,0.45721923363538397,4.796480926216308e-16,24
96,3,8,random,3,722487,17,1.0658744135953995,5.666666666666667,0.4991699667523852,4.801545817306244e-16,24
96,3,8,random,3,722487,18,1.0894107437126275,6.0,0.5108704189213578,4.802808506898205e-16,24
96,3,8,random,3,722487,19,1.2161970646153646,6.333333333333333,0.5763210968936195,4.803157179715456e-16,24
96,3,8,random,3,722487,20,1.2225754233806667,6.666666666666667,0.5797514920139815,4.921817749770406e-16,24
96,3,8,random,3,722487,21,1.3692763098591305,7.0,0.66960070195596,4.937980756834631e-16,24
96,3,8,random,3,722487,22,1.3998082668667002,7.333333333333333,0.686162256589298,4.93814869281774e-16,24
96,3,8,random,3,722487,23,1.4179898796464911,7.666666666666667,0.6972627943071432,4.942675469975193e-16,24
96,3,8,random,3,722487,24,1.4271674924491466,8.0,0.7033734176958052,4.839312852110384e-16,24
96,3,8,random,4,722488,0,0.0,0.0,0.0,0.0,24
96,3,8,random,4,722488,1,0.060235386397577126,0.3333333333333333,0.023282444191362852,0.0,24
96,3,8,random,4,722488,2,0.09351436499871911,0.6666666666666666,0.0359996868206547,4.476718934142478e-16,24
96,3,8,random,4,722488,3,0.14851078861029648,1.0,0.0581844983401233,4.725649560916425e-16,24
96,3,8,random,4,722488,4,0.19985137039178003,1.3333333333333333,0.0781404848008325,4.73005071769837e-16,24
96,3,8,random,4,722488,5,0.34578842495145945,1.6666666666666667,0.14332160626122856,4.767823168979492e-16,24
96,3,8,random,4,722488,6,0.38805754786157975,2.0,0.1607763236005547,4.791488120192629e-16,24
96,3,8,random,4,722488,7,0.39156601425135684,2.3333333333333335,0.16223045154872126,4.793416027435538e-16,24
96,3,8,random,4,722488,8,0.6168441497210041,2.6666666666666665,0.26429525818001665,4.795574664872255e-16,24
96,3,8,random,4,722488,9,0.6524913987489329,3.0,0.2825154873543654,4.795750128633119e-16,24
96,3,8,random,4,722488,10,0.6736624951079826,3.3333333333333335,0.29272824850718515,4.796742091834788e-16,24
96,3,8,random,4,722488,11,0.7068813418317903,3.6666666666666665,0.3092423297545104,4.796763703506617e-16,24
96,3,8,random,4,722488,12,0.8044284628331337,4.0,0.35384743786159467,5.224705550460336e-16,24
96,3,8,random,4,722488,13,0.9586955228171301,4.333333333333333,0.43165569977180335,5.53597755840922e-16,24
96,3,8,random,4,722488,14,1.0327026626479539,4.666666666666667,0.4700930885110033,5.545528270479862e-16,24
96,3,8,random,4,722488,15,1.0913107169629477,5.0,0.5008488551304211,5.547387217827252e-16,24
96,3,8,random,4,722488,16,1.1307582418026119,5.333333333333333,0.522421592260557,5.037468802366242e-16,24
96,3,8,random,4,722488,17,1.2742817042024266,5.666666666666667,0.6021048951460718,5.038689495269222e-16,24
96,3,8,random,4,722488,18,1.340086852016633,6.0,0.639224802602446,5.042834605163514e-16,24
96,3,8,random,4,722488,19,1.3585099079290583,6.333333333333333,0.650655031676157,5.263046802889089e-16,24
96,3,8,random,4,722488,20,1.3812713378498995,6.666666666666667,0.6634814810569405,5.331957465185859e-16,24
96,3,8,random,4,722488,21,1.3959084954016925,7.0,0.6717480797931248,5.335386656426939e-16,24
96,3,8,random,4,722488,22,1.458775713573278,7.333333333333333,0.7116236310218002,5.467746372209083e-16,24
96,3,8,random,4,722488,23,1.4846350069100334,7.666666666666667,0.7281148437162018,5.472221678902806e-16,24
96,3,8,random,4,722488,24,1.5185749327796754,8.0,0.7481573813810332,5.574830896936318e-16,24
96,3,8,random,5,722489,0,0.0,0.0,0.0,0.0,24
96,3,8,random,5,722489,1,0.09981097944748231,0.3333333333333333,0.03936076417501535,0.0,24
96,3,8,random,5,722489,2,0.3431412629532404,0.6666666666666666,0.1476607494599823,2.2222611273319677e-16,24
96,3,8,random,5,722489,3,0.38991545816765,1.0,0.1668438700473453,2.237475333379496e-16,24
96,3,8,random,5,722489,4,0.40457420592557986,1.3333333333333333,0.17401226150541602,3.340410838452305e-16,24
96,3,8,random,5,722489,5,0.4712804411359106,1.6666666666666667,0.20036533328881073,3.341495884579269e-16,24
96,3,8,random,5,722489,6,0.509629435456846,2.0,0.21860362861705177,3.436510924646865e-16,24
96,3,8,random,5,722489,7,0.6263831150005751,2.3333333333333335,0.2695483024501164,3.439601755444419e-16,24
96,3,8,random,5,722489,8,0.7210649240044518,2.6666666666666665,0.3154931554734453,3.439701629099594e-16,24
96,3,8,random,5,722489,9,0.7622386898567008,3.0,0.3338617727972688,3.4437227641530516e-16,24
96,3,8,random,5,722489,10,0.8112897044707618,3.3333333333333335,0.35860616059105227,3.463991385469337e-16,24
96,3,8,random,5,722489,11,0.9088168143159818,3.6666666666666665,0.41086660801182245,3.4801821178523306e-16,24
96,3,8,random,5,722489,12,0.9245609634393555,4.0,0.41955800156736184,4.560197459245717e-16,24
96,3,8,random,5,722489,13,0.9747619589307973,4.333333333333333,0.4426365179338147,4.562864660030768e-16,24
96,3,8,random,5,722489,14,1.0542978171514905,4.666666666666667,0.49060224547131653,4.564881571127234e-16,24
96,3,8,random,5,722489,15,1.075295126599515,5.0,0.5025893822185443,4.779844788313192e-16,24
96,3,8,random,5,722489,16,1.1317605217417852,5.333333333333333,0.5334633674347411,4.712453556674419e-16,24
96,3,8,random,5,722489,17,1.1879312494154473,5.666666666666667,0.5608555668664312,6.761537043374063e-16,24
96,3,8,random,5,722489,18,1.1939155689211258,6.0,0.5638930328591496,6.761554048155346e-16,24
96,3,8,random,5,722489,19,1.213221290188637,6.333333333333333,0.576038108397634,6.761892696082995e-16,24
96,3,8,random,5,722489,20,1.2630955735166234,6.666666666666667,0.6053251993432365,6.76036371592281e-16,24
96,3,8,random,5,722489,21,1.2849375060443209,7.0,0.6165211593525297,6.760459899166533e-16,24
96,3,8,random,5,722489,22,1.3981192206349125,7.333333333333333,0.6782220601293385,6.760462798369806e-16,24
96,3,8,random,5,722489,23,1.4746445458135584,7.666666666666667,0.7203982368603005,6.766305494346182e-16,24
96,3,8,random,5,722489,24,1.4926967299600535,8.0,0.7316216873441618,6.833208653994009e-16,24
96,3,8,random,6,722490,0,0.0,0.0,0.0,0.0,24
96,3,8,random,6,722490,1,0.0004938853223199255,0.3333333333333333,0.0001852527389085867,1.1102230246251565e-16,24
96,3,8,random,6,722490,2,0.063713448009396,0.6666666666666666,0.024661315954408666,2.2602641194706535e-16,24
96,3,8,random,6,722490,3,0.15768922961530213,1.0,0.06163623248649216,2.263030762552268e-16,24
96,3,8,random,6,722490,4,0.1828732477454728,1.3333333333333333,0.0715506944609488,2.3467058572093497e-16,24
96,3,8,random,6,722490,5,0.2031050655525242,1.6666666666666667,0.07944620854647712,2.3605016524009803e-16,24
96,3,8,random,6,722490,6,0.36901954187516967,2.0,0.1503527735992884,2.3607252449625443e-16,24
96,3,8,random,6,722490,7,0.44526437465364077,2.3333333333333335,0.1861426852004438,2.3654590907264205e-16,24
96,3,8,random,6,722490,8,0.5247738544498044,2.6666666666666665,0.22485027815756883,2.4144956071256744e-16,24
96,3,8,random,6,722490,9,0.5762706623078723,3.0,0.24758932335226755,3.492528503846895e-16,24
96,3,8,random,6,722490,10,0.5775385282388725,3.3333333333333335,0.24814540330729987,3.49267668994009e-16,24
96,3,8,random,6,722490,11,0.5955199872997664,3.6666666666666665,0.25695610028486027,4.507634926248921e-16,24
96,3,8,random,6,722490,12,0.6420699680845329,4.0,0.2779686326380463,4.680096038326096e-16,24
96,3,8,random,6,722490,13,0.6618352448091025,4.333333333333333,0.2886805820216319,4.685339690664634e-16,24
96,3,8,random,6,722490,14,0.8042300106946605,4.666666666666667,0.35588533473453626,4.688690904893352e-16,24
96,3,8,random,6,722490,15,0.8514819041886071,5.0,0.38062000575570953,4.690090492629209e-16,24
96,3,8,random,6,722490,16,0.8814449688603543,5.333333333333333,0.39619477371844974,4.568658634321488e-16,24
96,3,8,random,6,722490,17,0.904254452827257,5.666666666666667,0.4084189482335353,6.834084797725993e-16,24
96,3,8,random,6,722490,18,0.9319516583983638,6.0,0.4228178310152559,6.837104627491221e-16,24
96,3,8,random,6,722490,19,1.086209275376271,6.333333333333333,0.5013801588623666,6.854696517026169e-16,24
96,3,8,random,6,722490,20,1.109339873815118,6.666666666666667,0.5130914310204372,6.822844160104673e-16,24
96,3,8,random,6,722490,21,1.1711893481282318,7.0,0.5442428665582697,6.822969073016489e-16,24
96,3,8,random,6,722490,22,1.2426008013866903,7.333333333333333,0.5857199075226944,6.835406071248743e-16,24
96,3,8,random,6,722490,23,1.3384398974222436,7.666666666666667,0.6374924253696435,6.835509227606739e-16,24
96,3,8,random,6,722490,24,1.4001176864090075,8.0,0.6730078941738005,6.857979030095221e-16,24
96,3,8,random,7,722491,0,0.0,0.0,0.0,0.0,24
96,3,8,random,7,722491,1,0.17469240419480236,0.3333333333333333,0.07157994398339242,1.1102230246251565e-16,24
96,3,8,random,7,722491,2,0.2924640671660818,0.6666666666666666,0.1246698145983694,3.334674007556653e-16,24
96,3,8,random,7,722491,3,0.3222685908253612,1.0,0.13910777390197007,3.343862487053849e-16,24
96,3,8,random,7,722491,4,0.3540680963445843,1.3333333333333333,0.15218428209125984,3.385845911382484e-16,24
96,3,8,random,7,722491,5,0.3582456845269356,1.6666666666666667,0.1538554476108981,3.3939087154424045e-16,24
96,3,8,random,7,722491,6,0.3806688668768109,2.0,0.16347102819624698,3.4663463854070966e-16,24
96,3,8,random,7,722491,7,0.45725720569031825,2.3333333333333335,0.1975431786218759,3.4690338485295037e-16,24
96,3,8,random,7,722491,8,0.4744642821519549,2.6666666666666665,0.20533644148979566,3.703404231425755e-16,24
96,3,8,random,7,722491,9,0.5113654093271779,3.0,0.22376599667203517,3.703814385395498e-16,24
96,3,8,random,7,722491,10,0.6907549728725766,3.3333333333333335,0.3068990796283131,3.704423992081243e-16,24
96,3,8,random,7,722491,11,0.7973383651265141,3.6666666666666665,0.3562717257477387,3.7044540174068467e-16,24
96,3,8,random,7,722491,12,0.8359746516126353,4.0,0.3786977446276655,4.77495797920028e-16,24
96,3,8,random,7,722491,13,0.8442485539640684,4.333333333333333,0.3828779147783561,4.796695758295496e-16,24
96,3,8,random,7,722491,14,0.8799574779613197,4.666666666666667,0.4015825595892494,4.810981957622093e-16,24
96,3,8,random,7,722491,15,0.9043752970271841,5.0,0.4134509052510147,4.811388952146699e-16,24
96,3,8,random,7,722491,16,1.0179455822705257,5.333333333333333,0.48551025367144374,4.123416687127379e-16,24
96,3,8,random,7,722491,17,1.0779523248852474,5.666666666666667,0.5251506019109962,4.123425685549821e-16,24
96,3,8,random,7,722491,18,1.165707682960322,6.0,0.5698924128244905,4.2195036322722436e-16,24
96,3,8,random,7,722491,19,1.2550929591992332,6.333333333333333,0.6200221754717165,4.2204272528405733e-16,24
96,3,8,random,7,722491,20,1.3120257763832384,6.666666666666667,0.65323720439314,4.1963754345013553e-16,24
96,3,8,random,7,722491,21,1.3871147689629937,7.0,0.6884296303515912,4.201897116018406e-16,24
96,3,8,random,7,722491,22,1.3956347274092584,7.333333333333333,0.6929201211197292,4.211817928636956e-16,24
96,3,8,random,7,722491,23,1.4715393973518287,7.666666666666667,0.7407069534982949,4.215862155761174e-16,24
96,3,8,random,7,722491,24,1.4970870979941977,8.0,0.7562954256108038,4.855326002573187e-16,24
96,3,8,krylov,0,722492,0,0.0,0.0,0.0,0.0,24
96,3,8,krylov,0,722492,1,0.11891123002206905,0.3333333333333333,0.04735122558502189,2.220446049250313e-16,24
96,3,8,krylov,0,722492,2,0.3070887473165239,0.6666666666666666,0.1347981042331648,4.467797750830007e-16,24
96,3,8,krylov,0,722492,3,0.536689370297396,1.0,0.2663756971786457,4.468270577086141e-16,24
96,3,8,krylov,0,722492,4,0.6921776504964045,1.3333333333333333,0.37427320483415766,4.497996557711989e-16,24
96,3,8,krylov,0,722492,5,0.8079597305737172,1.6666666666666667,0.4662473715901475,4.50377905871372e-16,24
96,3,8,krylov,0,722492,6,0.8870191979356314,2.0,0.5354556822528923,4.573585707552936e-16,24
96,3,8,krylov,0,722492,7,0.9605257683728265,2.3333333333333335,0.6049012432013539,4.587376427679782e-16,24
96,3,8,krylov,0,722492,8,1.009430394090327,2.6666666666666665,0.6540140811656068,4.604932435939373e-16,24
96,3,8,krylov,0,722492,9,1.0453441036010371,3.0,0.6916414183806774,4.629760957466478e-16,24
96,3,8,krylov,0,722492,10,1.0746791632679054,3.3333333333333335,0.723394875739308,4.680631244505437e-16,24
96,3,8,krylov,0,722492,11,1.1045633863835076,3.6666666666666665,0.7567149457612243,4.772478842432454e-16,24
96,3,8,krylov,0,722492,12,1.1320199488492457,4.0,0.7882184578510402,4.656001465683373e-16,24
96,3,8,krylov,0,722492,13,1.1523558541712802,4.333333333333333,0.81211572096698,4.656048449839836e-16,24
96,3,8,krylov,0,722492,14,1.1721263988211548,4.666666666666667,0.8358191884794038,4.942457138027682e-16,24
96,3,8,krylov,0,722492,15,1.1872539918913632,5.0,0.8542752141056746,4.94664330898779e-16,24
96,3,8,krylov,0,722492,16,1.2048983495401098,5.333333333333333,0.8761574670791479,4.942843083088867e-16,24
96,3,8,krylov,0,722492,17,1.220710788628574,5.666666666666667,0.8960985614948616,5.104512025513081e-16,24
96,3,8,krylov,0,722492,18,1.2357286943998975,6.0,0.9153318603680544,5.140019320151699e-16,24
96,3,8,krylov,0,722492,19,1.2486616419934007,6.333333333333333,0.9321280325924158,5.153674830411279e-16,24
96,3,8,krylov,0,722492,20,1.2580630699663096,6.666666666666667,0.9444748505608892,5.192142838265866e-16,24
96,3,8,krylov,0,722492,21,1.2656096972536015,7.0,0.9544701032593291,5.192561290300022e-16,24
96,3,8,krylov,0,722492,22,1.2743687543120692,7.333333333333333,0.9661661561709884,5.238756710769169e-16,24
96,3,8,krylov,0,722492,23,1.2784373663019355,7.666666666666667,0.971633956510751,5.24114011983708e-16,24
96,3,8,krylov,0,722492,24,1.281381513492377,8.0,0.9756044871356099,5.106227452788562e-16,24
96,3,8,krylov,1,722493,0,0.0,0.0,0.0,0.0,24
96,3,8,krylov,1,722493,1,0.06312767053343891,0.3333333333333333,0.024436057671078856,0.0,24
96,3,8,krylov,1,722493,2,0.13571231693088429,0.6666666666666666,0.05450713039355252,3.330799455407752e-16,24
96,3,8,krylov,1,722493,3,0.23191041504827892,1.0,0.09787753370200944,3.333436529923803e-16,24
96,3,8,krylov,1,722493,4,0.3041935440352744,1.3333333333333333,0.13332426964388183,3.334499806084988e-16,24
96,3,8,krylov,1,722493,5,0.3653081601411972,1.6666666666666667,0.16535924458272055,3.341655515316114e-16,24
96,3,8,krylov,1,722493,6,0.41991609935838214,2.0,0.19568770028408847,3.3553154153829096e-16,24
96,3,8,krylov,1,722493,7,0.4675758124543126,2.3333333333333335,0.2235450767832997,3.360504479712465e-16,24
96,3,8,krylov,1,722493,8,0.5053739693999492,2.6666666666666665,0.2466019868337742,3.3655186771532355e-16,24
96,3,8,krylov,1,722493,9,0.5486374085094081,3.0,0.27408484138146566,3.369788626479341e-16,24
96,3,8,krylov,1,722493,10,0.5874390823691857,3.3333333333333335,0.2997654225601419,3.3716604721544676e-16,24
96,3,8,krylov,1,722493,11,0.6207148423953179,3.6666666666666665,0.32259650905855575,3.4005272479816395e-16,24
96,3,8,krylov,1,722493,12,0.646934988375616,4.0,0.34112949843730694,3.553741128615189e-16,24
96,3,8,krylov,1,722493,13,0.6842576440845496,4.333333333333333,0.36836239397460124,3.554955225262423e-16,24
96,3,8,krylov,1,722493,14,0.7289312002540682,4.666666666666667,0.4023239800658004,3.572074050659217e-16,24
96,3,8,krylov,1,722493,15,0.7786864449708245,5.0,0.4419782485479227,3.5723493192600325e-16,24
96,3,8,krylov,1,722493,16,0.824032996994436,5.333333333333333,0.47987821736794284,6.765097103643468e-16,24
96,3,8,krylov,1,722493,17,0.8705273497468597,5.666666666666667,0.5205637208678566,6.78637080142375e-16,24
96,3,8,krylov,1,722493,18,0.9167704426635814,6.0,0.5629498367522324,6.786554364584646e-16,24
96,3,8,krylov,1,722493,19,0.9737305811791434,6.333333333333333,0.6179264642255999,6.786772040012851e-16,24
96,3,8,krylov,1,722493,20,1.0112438724910093,6.666666666666667,0.6558818690604173,6.7867670534558085e-16,24
96,3,8,krylov,1,722493,21,1.042877711754721,7.0,0.6890139042550983,6.800937366136357e-16,24
96,3,8,krylov,1,722493,22,1.0685155015482075,7.333333333333333,0.7166455628987904,6.802853743268105e-16,24
96,3,8,krylov,1,722493,23,1.0870777133771607,7.666666666666667,0.7370981544969096,6.807991136269222e-16,24
96,3,8,krylov,1,722493,24,1.1026683408401765,8.0,0.7545723252199069,6.810945705546785e-16,24
96,3,8,krylov,2,722494,0,0.0,0.0,0.0,0.0,24
96,3,8,krylov,2,722494,1,0.13588808610661932,0.3333333333333333,0.05458263114299195,0.0,24
96,3,8,krylov,2,722494,2,0.2400059803455577,0.6666666666666666,0.1017212823200047,2.2226780994111855e-16,24
96,3,8,krylov,2,722494,3,0.3430783359428154,1.0,0.15347968305517926,2.274646028935476e-16,24
96,3,8,krylov,2,722494,4,0.44655630061427665,1.3333333333333333,0.21109525442747257,2.276784658596206e-16,24
96,3,8,krylov,2,722494,5,0.5669338941905016,1.6666666666666667,0.2860701228036571,2.277137025848546e-16,24
96,3,8,krylov,2,722494,6,0.6842676348182606,2.0,0.36836982074743024,2.2772909592632383e-16,24
96,3,8,krylov,2,722494,7,0.7720032242567283,2.3333333333333335,0.4365364073622984,2.288603223360761e-16,24
96,3,8,krylov,2,722494,8,0.8534069629659329,2.6666666666666665,0.505361826053297,2.2903774827272104e-16,24
96,3,8,krylov,2,722494,9,0.9300287478021374,3.0,0.5754682650875715,4.498097954887915e-16,24
96,3,8,krylov,2,722494,10,0.9850757565943061,3.3333333333333335,0.6292555327551992,4.5026587692402245e-16,24
96,3,8,krylov,2,722494,11,1.0300078274548226,3.6666666666666665,0.6754079100004369,4.504729089117178e-16,24
96,3,8,krylov,2,722494,12,1.066200985555158,4.0,0.7141218534942316,2.8309072439460556e-16,24
96,3,8,krylov,2,722494,13,1.1000141412972566,4.333333333333333,0.7515781901443386,3.0426809150834195e-16,24
96,3,8,krylov,2,722494,14,1.1329620354855887,4.666666666666667,0.7893148267714947,3.093936198440849e-16,24
96,3,8,krylov,2,722494,15,1.1540449157704542,5.0,0.814122526877335,4.590262679107758e-16,24
96,3,8,krylov,2,722494,16,1.1740826921681884,5.333333333333333,0.8381902244670706,4.569884717787089e-16,24
96,3,8,krylov,2,722494,17,1.1925484017605088,5.666666666666667,0.8608007601458072,4.775662222800813e-16,24
96,3,8,krylov,2,722494,18,1.2159693450212057,6.0,0.8900859847570964,4.776652989484519e-16,24
96,3,8,krylov,2,722494,19,1.2355809189830989,6.333333333333333,0.915141195127745,4.778567618709924e-16,24
96,3,8,krylov,2,722494,20,1.2502631766364938,6.666666666666667,0.9342231206498128,4.774900161210647e-16,24
96,3,8,krylov,2,722494,21,1.2572580321338633,7.0,0.9434130508390451,4.776837151801559e-16,24
96,3,8,krylov,2,722494,22,1.2633559941165273,7.333333333333333,0.9514772460895342,4.779276887509618e-16,24
96,3,8,krylov,2,722494,23,1.2696623961905422,7.666666666666667,0.9598689779509402,4.822473107149895e-16,24
96,3,8,krylov,2,722494,24,1.2735701644539652,8.0,0.9650955420283338,5.026726955739729e-16,24
96,3,8,krylov,3,722495,0,0.0,0.0,0.0,0.0,24
96,3,8,krylov,3,722495,1,0.07314565238753534,0.3333333333333333,0.028457711642591324,0.0,24
96,3,8,krylov,3,722495,2,0.15281433125554333,0.6666666666666666,0.06191573797568481,2.224553264275858e-16,24
96,3,8,krylov,3,722495,3,0.2185186525176519,1.0,0.091587084177845,3.540099777398916e-16,24
96,3,8,krylov,3,722495,4,0.30426944879072293,1.3333333333333333,0.13336285533765807,3.5650832414017046e-16,24
96,3,8,krylov,3,722495,5,0.4052760887728587,1.6666666666666667,0.1873936866718443,3.5783936106413745e-16,24
96,3,8,krylov,3,722495,6,0.5067036582212894,2.0,0.24742907380928011,3.5784022797371366e-16,24
96,3,8,krylov,3,722495,7,0.6058019836205268,2.3333333333333335,0.3122705370863001,3.5799394654465143e-16,24
96,3,8,krylov,3,722495,8,0.6794421397625838,2.6666666666666665,0.364791334281121,4.555906169427922e-16,24
96,3,8,krylov,3,722495,9,0.7718465158106694,3.0,0.4364092427171283,4.555906747752713e-16,24
96,3,8,krylov,3,722495,10,0.8445549405636921,3.3333333333333335,0.49760323372598464,4.557162397718775e-16,24
96,3,8,krylov,3,722495,11,0.9054344638056924,3.6666666666666665,0.5523772955030313,4.565228958306359e-16,24
96,3,8,krylov,3,722495,12,0.951299182329517,4.0,0.5959016815263015,4.599415879305423e-16,24
96,3,8,krylov,3,722495,13,0.9890336966977287,4.333333333333333,0.6332381923673479,4.59972726770108e-16,24
96,3,8,krylov,3,722495,14,1.0306061826053865,4.666666666666667,0.6760366150592759,4.607724492620498e-16,24
96,3,8,krylov,3,722495,15,1.077086173572651,5.0,0.7260419079628029,4.608382698346949e-16,24
96,3,8,krylov,3,722495,16,1.1050186775844835,5.333333333333333,0.7572303229324853,4.718915176014212e-16,24
96,3,8,krylov,3,722495,17,1.1304208509558844,5.666666666666667,0.7863598441142843,4.718931675719167e-16,24
96,3,8,krylov,3,722495,18,1.1477379950673423,6.0,0.8066464257640246,4.734789036921768e-16,24
96,3,8,krylov,3,722495,19,1.164740527942807,6.333333333333333,0.8269091788906324,4.738477238598649e-16,24
96,3,8,krylov,3,722495,20,1.1750241877988907,6.666666666666667,0.8393329756258167,4.768617416969695e-16,24
96,3,8,krylov,3,722495,21,1.1878798171690632,7.0,0.8550447663854305,4.769525691621418e-16,24
96,3,8,krylov,3,722495,22,1.1983020704366416,7.333333333333333,0.8679316429658201,4.885856253118498e-16,24
96,3,8,krylov,3,722495,23,1.2072327111117116,7.666666666666667,0.879081532575556,4.888922115567302e-16,24
96,3,8,krylov,3,722495,24,1.2211678340372996,8.0,0.8966796440368694,4.900586049041668e-16,24
96,3,8,krylov,4,722496,0,0.0,0.0,0.0,0.0,24
96,3,8,krylov,4,722496,1,0.13947525326156487,0.3333333333333333,0.05612638304042751,0.0,24
96,3,8,krylov,4,722496,2,0.2726214645515578,0.6666666666666666,0.11752611792309817,4.441977031899961e-16,24
96,3,8,krylov,4,722496,3,0.3815401622506831,1.0,0.17420193007193285,4.463047883951092e-16,24
96,3,8,krylov,4,722496,4,0.46072795211137696,1.3333333333333333,0.2194603255537528,4.469192820737951e-16,24
96,3,8,krylov,4,722496,5,0.5534678666647979,1.6666666666666667,0.27722780340902514,4.474715518109721e-16,24
96,3,8,krylov,4,722496,6,0.6697460885034336,2.0,0.3576529426139041,4.482739062871544e-16,24
96,3,8,krylov,4,722496,7,0.7652764055425726,2.3333333333333335,0.4310956690164402,4.48274419908003e-16,24
96,3,8,krylov,4,722496,8,0.8491385378362442,2.6666666666666665,0.5016120759686964,4.48499527505625e-16,24
96,3,8,krylov,4,722496,9,0.9330102943272669,3.0,0.5783063592930823,4.487110021130455e-16,24
96,3,8,krylov,4,722496,10,0.98582220285089,3.3333333333333335,0.6300054353844637,6.776567913288825e-16,24
96,3,8,krylov,4,722496,11,1.0335557778100717,3.6666666666666665,0.6791413241856359,6.782208724705248e-16,24
96,3,8,krylov,4,722496,12,1.0683262506592923,4.0,0.716438987553532,4.577358732238015e-16,24
96,3,8,krylov,4,722496,13,1.0930387211096866,4.333333333333333,0.7437471779466527,4.5773815293688e-16,24
96,3,8,krylov,4,722496,14,1.1199321131932853,4.666666666666667,0.7742423051963652,4.578375771447751e-16,24
96,3,8,krylov,4,722496,15,1.1425528006897452,5.0,0.8005352169559016,4.581652965449267e-16,24
96,3,8,krylov,4,722496,16,1.1591397950340903,5.333333333333333,0.8201964223246878,6.852296998542661e-16,24
96,3,8,krylov,4,722496,17,1.1704908450195846,5.666666666666667,0.8338404471627138,6.853150904336945e-16,24
96,3,8,krylov,4,722496,18,1.1816633442492546,6.0,0.8474219444863479,6.85526785991062e-16,24
96,3,8,krylov,4,722496,19,1.1944595539553122,6.333333333333333,0.8631648218021489,6.85636581173759e-16,24
96,3,8,krylov,4,722496,20,1.20582159423654,6.666666666666667,0.8773131249704483,6.892881276048894e-16,24
96,3,8,krylov,4,722496,21,1.2151338638420424,7.0,0.8890294706370968,6.893266763254637e-16,24
96,3,8,krylov,4,722496,22,1.222396076047143,7.333333333333333,0.8982425340058177,6.902164542984127e-16,24
96,3,8,krylov,4,722496,23,1.227506804531653,7.666666666666667,0.9047663875140268,6.90225341645875e-16,24
96,3,8,krylov,4,722496,24,1.2314972943263283,8.0,0.9098834852958173,6.883196961734548e-16,24
96,3,8,krylov,5,722497,0,0.0,0.0,0.0,0.0,24
96,3,8,krylov,5,722497,1,0.00318289728353108,0.3333333333333333,0.001195488029851506,0.0,24
96,3,8,krylov,5,722497,2,0.007781054044689071,0.6666666666666666,0.002929276918406003,4.445097058529205e-16,24
96,3,8,krylov,5,722497,3,0.012933250870712863,1.0,0.004881467656440428,4.445541163038732e-16,24
96,3,8,krylov,5,722497,4,0.018514515299499927,1.3333333333333333,0.00700761435328106,6.675197317531602e-16,24
96,3,8,krylov,5,722497,5,0.02373533456595878,1.6666666666666667,0.009007222320197135,6.67731733390053e-16,24
96,3,8,krylov,5,722497,6,0.02887114073426494,2.0,0.010984482046514654,6.683862276840231e-16,24
96,3,8,krylov,5,722497,7,0.03337361094646726,2.3333333333333335,0.012726283942359331,6.684273024704545e-16,24
96,3,8,krylov,5,722497,8,0.03899860920396983,2.6666666666666665,0.014913389078438428,6.694457174705985e-16,24
96,3,8,krylov,5,722497,9,0.04523843188300272,3.0,0.01735398601372851,6.703271909654461e-16,24
96,3,8,krylov,5,722497,10,0.052698230619426606,3.3333333333333335,0.020291811954132058,6.718258061197068e-16,24
96,3,8,krylov,5,722497,11,0.06043589639969889,3.6666666666666665,0.023362311811953453,6.719647271314402e-16,24
96,3,8,krylov,5,722497,12,0.0713853080370358,4.0,0.0277481118924344,6.716988332780898e-16,24
96,3,8,krylov,5,722497,13,0.08372411883069322,4.333333333333333,0.03274832957398866,6.780672030904049e-16,24
96,3,8,krylov,5,722497,14,0.09638006273444741,4.666666666666667,0.03794156287684856,6.78215208447925e-16,24
96,3,8,krylov,5,722497,15,0.10722676412617624,5.0,0.04244499624743723,6.815403315774308e-16,24
96,3,8,krylov,5,722497,16,0.12228896267165185,5.333333333333333,0.04878022714324917,7.114797340976277e-16,24
96,3,8,krylov,5,722497,17,0.1377586778216061,5.666666666666667,0.05538695690172496,7.11481189638089e-16,24
96,3,8,krylov,5,722497,18,0.1588829495052096,6.0,0.06457527449050442,7.138908568664806e-16,24
96,3,8,krylov,5,722497,19,0.18397622245321704,6.333333333333333,0.07574521591823424,7.142965771923464e-16,24
96,3,8,krylov,5,722497,20,0.2037056038339257,6.666666666666667,0.08472644591896311,7.169035277322972e-16,24
96,3,8,krylov,5,722497,21,0.2193798421840561,7.0,0.0919890772245009,7.176224843821291e-16,24
96,3,8,krylov,5,722497,22,0.2398284385731131,7.333333333333333,0.10163665189152014,7.176357252810795e-16,24
96,3,8,krylov,5,722497,23,0.2619362955427641,7.666666666666667,0.11229140978744383,7.264379721471352e-16,24
96,3,8,krylov,5,722497,24,0.28445147272578164,8.0,0.12338730652316215,7.243611268066496e-16,24
96,3,8,krylov,6,722498,0,0.0,0.0,0.0,0.0,24
96,3,8,krylov,6,722498,1,0.0346714185982243,0.3333333333333333,0.013229804746349803,2.220446049250313e-16,24
96,3,8,krylov,6,722498,2,0.061758586481342144,0.6666666666666666,0.023889570313612652,2.220507757837979e-16,24
96,3,8,krylov,6,722498,3,0.09477301448173443,1.0,0.037278478806509883,2.2345711117017893e-16,24
96,3,8,krylov,6,722498,4,0.12204193832901171,1.3333333333333333,0.04867555603990271,3.338314621993474e-16,24
96,3,8,krylov,6,722498,5,0.16468313512656424,1.6666666666666667,0.06713230112300816,3.351304644439417e-16,24
96,3,8,krylov,6,722498,6,0.23414224332905603,2.0,0.0989340937467985,3.369108311154613e-16,24
96,3,8,krylov,6,722498,7,0.3125214867320891,2.3333333333333335,0.1375752413887388,4.518958578297462e-16,24
96,3,8,krylov,6,722498,8,0.3865057727786564,2.6666666666666665,0.17693583509410676,6.725453635047349e-16,24
96,3,8,krylov,6,722498,9,0.4465370956867951,3.0,0.2110839986186981,6.728176107717443e-16,24
96,3,8,krylov,6,722498,10,0.5168803626752306,3.3333333333333335,0.25379569118203255,6.729485091776833e-16,24
96,3,8,krylov,6,722498,11,0.588192515144705,3.6666666666666665,0.30027400451238356,6.74341547995071e-16,24
96,3,8,krylov,6,722498,12,0.674634122884541,4.0,0.36124294225971937,6.752965986917976e-16,24
96,3,8,krylov,6,722498,13,0.7333374419237865,4.333333333333333,0.40575661433200283,6.795657664141686e-16,24
96,3,8,krylov,6,722498,14,0.786372938954497,4.666666666666667,0.448282143327531,6.800429210977174e-16,24
96,3,8,krylov,6,722498,15,0.8231640303623153,5.0,0.4791356793896111,6.838484833660136e-16,24
96,3,8,krylov,6,722498,16,0.8572889522823106,5.333333333333333,0.508786023304982,6.767839209937944e-16,24
96,3,8,krylov,6,722498,17,0.9131473782503101,5.666666666666667,0.5595577326935768,6.767851920213887e-16,24
96,3,8,krylov,6,722498,18,0.9564105591187708,6.0,0.6008770304551884,6.770775276684206e-16,24
96,3,8,krylov,6,722498,19,1.009720957912829,6.333333333333333,0.6543131188731047,6.772129823380799e-16,24
96,3,8,krylov,6,722498,20,1.0766692907116668,6.666666666666667,0.7255829981246174,6.793655999005332e-16,24
96,3,8,krylov,6,722498,21,1.1250553483791665,7.0,0.7801452519923338,6.884035109703118e-16,24
96,3,8,krylov,6,722498,22,1.1610678685860405,7.333333333333333,0.822503071916419,6.894587099276279e-16,24
96,3,8,krylov,6,722498,23,1.1912915502829566,7.666666666666667,0.8592485178078325,6.8948238008023305e-16,24
96,3,8,krylov,6,722498,24,1.2129780015164218,8.0,0.8863073324547687,6.871819352854135e-16,24
96,3,8,krylov,7,722499,0,0.0,0.0,0.0,0.0,24
96,3,8,krylov,7,722499,1,0.022205085714764178,0.3333333333333333,0.008420045087614994,0.0,24
96,3,8,krylov,7,722499,2,0.0411164908222732,0.6666666666666666,0.01574005455871526,4.44843981038454e-16,24
96,3,8,krylov,7,722499,3,0.057568435204684784,1.0,0.022221659510950113,4.449132436418182e-16,24
96,3,8,krylov,7,722499,4,0.07524647454480472,1.3333333333333333,0.029306195487499742,4.451747616480392e-16,24
96,3,8,krylov,7,722499,5,0.09275813456945464,1.6666666666666667,0.03644862349144928,4.451772653377444e-16,24
96,3,8,krylov,7,722499,6,0.11268929941505942,2.0,0.044731543758096175,4.454743330225898e-16,24
96,3,8,krylov,7,722499,7,0.1306666254733186,2.3333333333333335,0.052345428162233254,4.455000440589115e-16,24
96,3,8,krylov,7,722499,8,0.14690804490672027,2.6666666666666665,0.05934279426763252,4.461016717316702e-16,24
96,3,8,krylov,7,722499,9,0.16559531851948728,3.0,0.06753579086591083,4.479831309651218e-16,24
96,3,8,krylov,7,722499,10,0.18468795936454768,3.3333333333333335,0.07606614211997297,4.483567921820309e-16,24
96,3,8,krylov,7,722499,11,0.2079553102105997,3.6666666666666665,0.08668430554540175,4.485537666018596e-16,24
96,3,8,krylov,7,722499,12,0.23797013253428767,4.0,0.10075173759842812,4.486253449144957e-16,24
96,3,8,krylov,7,722499,13,0.2662825434842745,4.333333333333333,0.11441390818515175,4.491548312772926e-16,24
96,3,8,krylov,7,722499,14,0.3083060307891018,4.666666666666667,0.1354190508971796,6.69558993817067e-16,24
96,3,8,krylov,7,722499,15,0.34886282491680787,5.0,0.15654552657514084,6.707455835767243e-16,24
96,3,8,krylov,7,722499,16,0.3936024838284784,5.333333333333333,0.18086669582763143,6.773625801271871e-16,24
96,3,8,krylov,7,722499,17,0.4558946254880043,5.666666666666667,0.21659403706989055,6.774222651091925e-16,24
96,3,8,krylov,7,722499,18,0.5447481206278648,6.0,0.27156526642599865,6.78544889422963e-16,24
96,3,8,krylov,7,722499,19,0.6273710211834693,6.333333333333333,0.3272553238964811,6.789098213788429e-16,24
96,3,8,krylov,7,722499,20,0.7017320663723344,6.666666666666667,0.381466381217024,6.800587440325502e-16,24
96,3,8,krylov,7,722499,21,0.7510209038142731,7.0,0.41968589009845775,6.801565519165186e-16,24
96,3,8,krylov,7,722499,22,0.797467818793229,7.333333333333333,0.4574672192171869,6.810287164514006e-16,24
96,3,8,krylov,7,722499,23,0.8498220710946112,7.666666666666667,0.5022114743083193,6.890731627705379e-16,24
96,3,8,krylov,7,722499,24,0.892595420909656,8.0,0.5405467674663121,6.8899519057112665e-16,24
96,3,8,reply_null,0,722500,0,0.0,0.0,0.0,0.0,24
96,3,8,reply_null,0,722500,1,0.02995179487808269,0.3333333333333333,0.011401823236616105,0.0,24
96,3,8,reply_null,0,722500,2,0.169830959183865,0.6666666666666666,0.06779035259816144,2.221349861939222e-16,24
96,3,8,reply_null,0,722500,3,0.2109944516993747,1.0,0.08360489441964321,2.2217769875449006e-16,24
96,3,8,reply_null,0,722500,4,0.3376655239017923,1.3333333333333333,0.136328286011397,2.2830739190538725e-16,24
96,3,8,reply_null,0,722500,5,0.38567705557747917,1.6666666666666667,0.15749982512159183,2.2831179846331447e-16,24
96,3,8,reply_null,0,722500,6,0.45714359817898204,2.0,0.19074708761157355,4.518325399429418e-16,24
96,3,8,reply_null,0,722500,7,0.5377100458755423,2.3333333333333335,0.22900288006210087,4.561900186354381e-16,24
96,3,8,reply_null,0,722500,8,0.6209354001092544,2.6666666666666665,0.2666047964416066,4.577817781403189e-16,24
96,3,8,reply_null,0,722500,9,0.6434082461233567,3.0,0.27598821452045696,4.578604294223894e-16,24
96,3,8,reply_null,0,722500,10,0.6709305297745319,3.3333333333333335,0.29009046172489006,4.5828194005933e-16,24
96,3,8,reply_null,0,722500,11,0.6894557478909134,3.6666666666666665,0.29788531487779596,4.594415856716211e-16,24
96,3,8,reply_null,0,722500,12,0.796023005839342,4.0,0.35040937841377146,6.705054103986676e-16,24
96,3,8,reply_null,0,722500,13,0.8887511639406382,4.333333333333333,0.3923327690298375,6.705499599741672e-16,24
96,3,8,reply_null,0,722500,14,0.9569997192505886,4.666666666666667,0.4261633481402141,6.708036672444163e-16,24
96,3,8,reply_null,0,722500,15,0.9995593468825985,5.0,0.4486363545647582,6.70901226198354e-16,24
96,3,8,reply_null,0,722500,16,1.064114860071208,5.333333333333333,0.482766514211233,4.63534324614639e-16,24
96,3,8,reply_null,0,722500,17,1.1594024099719047,5.666666666666667,0.5314005678775886,4.635410413960265e-16,24
96,3,8,reply_null,0,722500,18,1.203947799069688,6.0,0.5566179932244347,4.664848172824302e-16,24
96,3,8,reply_null,0,722500,19,1.289489562700156,6.333333333333333,0.6050391799180644,4.681583200272161e-16,24
96,3,8,reply_null,0,722500,20,1.3474180287734894,6.666666666666667,0.6398880381253637,4.670738085461513e-16,24
96,3,8,reply_null,0,722500,21,1.4294632521897788,7.0,0.6889459244729114,4.688296427823398e-16,24
96,3,8,reply_null,0,722500,22,1.51778901669488,7.333333333333333,0.7453887194481221,4.689864244130605e-16,24
96,3,8,reply_null,0,722500,23,1.5573864547486522,7.666666666666667,0.7699156830835566,4.690034926090635e-16,24
96,3,8,reply_null,0,722500,24,1.61178355594338,8.0,0.8074015267447227,4.906646192698391e-16,24
96,3,8,reply_null,1,722501,0,0.0,0.0,0.0,0.0,24
96,3,8,reply_null,1,722501,1,0.22876499281336077,0.3333333333333333,0.09639247099213846,0.0,24
96,3,8,reply_null,1,722501,2,0.3600460010463266,0.6666666666666666,0.14908049155863337,3.3309310473514383e-16,24
96,3,8,reply_null,1,722501,3,0.394625093825293,1.0,0.16357833073224873,3.357578228145914e-16,24
96,3,8,reply_null,1,722501,4,0.44534559047940936,1.3333333333333333,0.18425661518430336,3.3688649001128882e-16,24
96,3,8,reply_null,1,722501,5,0.4912152220294974,1.6666666666666667,0.20488892901589775,3.3897142883306637e-16,24
96,3,8,reply_null,1,722501,6,0.5671984710287592,2.0,0.2375696788730455,4.495732200127693e-16,24
96,3,8,reply_null,1,722501,7,0.5824885980267892,2.3333333333333335,0.2445860928823634,5.295207833251537e-16,24
96,3,8,reply_null,1,722501,8,0.7178673853513884,2.6666666666666665,0.31168236071496686,5.300655742098129e-16,24
96,3,8,reply_null,1,722501,9,0.8106236608396037,3.0,0.35646382055263887,5.312155104824787e-16,24
96,3,8,reply_null,1,722501,10,0.9803044353428556,3.3333333333333335,0.44160023513605734,5.313470761936254e-16,24
96,3,8,reply_null,1,722501,11,1.1268916199819925,3.6666666666666665,0.5230723593611801,5.697840618050389e-16,24
96,3,8,reply_null,1,722501,12,1.1321436478568783,4.0,0.5262438970176982,5.596778405079077e-16,24
96,3,8,reply_null,1,722501,13,1.149938631261557,4.333333333333333,0.5356994823649142,6.725639099540346e-16,24
96,3,8,reply_null,1,722501,14,1.1769168244216155,4.666666666666667,0.552130236060958,6.72577822940971e-16,24
96,3,8,reply_null,1,722501,15,1.1858546238370804,5.0,0.5575959954317903,6.726914761479765e-16,24
96,3,8,reply_null,1,722501,16,1.303166113998707,5.333333333333333,0.6280645372269592,8.90532238130888e-16,24
96,3,8,reply_null,1,722501,17,1.3404749776363825,5.666666666666667,0.6495843915393962,8.90590314471e-16,24
96,3,8,reply_null,1,722501,18,1.381154382482333,6.0,0.6711252067240944,8.915395810478922e-16,24
96,3,8,reply_null,1,722501,19,1.405622676046813,6.333333333333333,0.6875583914213803,8.916775261593987e-16,24
96,3,8,reply_null,1,722501,20,1.4394198799159217,6.666666666666667,0.7053153359514136,8.955422468961307e-16,24
96,3,8,reply_null,1,722501,21,1.4782845947394858,7.0,0.7293647224570081,8.956447958139045e-16,24
96,3,8,reply_null,1,722501,22,1.4859685748714089,7.333333333333333,0.7343113815605546,8.960147040812479e-16,24
96,3,8,reply_null,1,722501,23,1.5281347300543464,7.666666666666667,0.7622789117779658,8.960880616546242e-16,24
96,3,8,reply_null,1,722501,24,1.5687485149905243,8.0,0.7865732531019113,8.989497789223057e-16,24
96,3,8,reply_null,2,722502,0,0.0,0.0,0.0,0.0,24
96,3,8,reply_null,2,722502,1,0.14651218845506325,0.3333333333333333,0.05917089089706486,0.0,24
96,3,8,reply_null,2,722502,2,0.23893954171326842,0.6666666666666666,0.0958156073882806,2.221729172830675e-16,24
96,3,8,reply_null,2,722502,3,0.27815569080492325,1.0,0.1123209655597158,2.225691718531277e-16,24
96,3,8,reply_null,2,722502,4,0.3627542456053531,1.3333333333333333,0.14968590772470886,2.2467612458078195e-16,24
96,3,8,reply_null,2,722502,5,0.5516681793530438,1.6666666666666667,0.24651694713030636,2.2686170443780944e-16,24
96,3,8,reply_null,2,722502,6,0.6402965135840191,2.0,0.2866763983693071,4.583256382956151e-16,24
96,3,8,reply_null,2,722502,7,0.6588430465306546,2.3333333333333335,0.2970338302063607,5.598107316341117e-16,24
96,3,8,reply_null,2,722502,8,0.6823065112451847,2.6666666666666665,0.3077624645980975,5.603072000874661e-16,24
96,3,8,reply_null,2,722502,9,0.7217913874834734,3.0,0.32470365643149324,5.619346759669335e-16,24
96,3,8,reply_null,2,722502,10,0.7687791577212915,3.3333333333333335,0.34495070257970883,5.619534174448664e-16,24
96,3,8,reply_null,2,722502,11,0.8056570174666972,3.6666666666666665,0.3645756299100935,5.619861029349501e-16,24
96,3,8,reply_null,2,722502,12,0.8148579622156595,4.0,0.3687791975663115,5.614145157952656e-16,24
96,3,8,reply_null,2,722502,13,0.8282678647920843,4.333333333333333,0.374785363596096,5.627047417883166e-16,24
96,3,8,reply_null,2,722502,14,0.9553447852437852,4.666666666666667,0.43665698478583637,5.661351303330695e-16,24
96,3,8,reply_null,2,722502,15,0.9694883041077796,5.0,0.4433470232818375,5.664902605130842e-16,24
96,3,8,reply_null,2,722502,16,0.9894013382463369,5.333333333333333,0.4549732138000307,6.802106315662832e-16,24
96,3,8,reply_null,2,722502,17,1.0200729693098365,5.666666666666667,0.470670055199388,6.802250779611722e-16,24
96,3,8,reply_null,2,722502,18,1.228441185790111,6.0,0.5891961684840314,6.802264355613258e-16,24
96,3,8,reply_null,2,722502,19,1.2630272842619867,6.333333333333333,0.6094119299343418,6.802603464629714e-16,24
96,3,8,reply_null,2,722502,20,1.284993841908135,6.666666666666667,0.623017314720654,6.807037723228726e-16,24
96,3,8,reply_null,2,722502,21,1.421712117901233,7.0,0.7034714888155882,6.807163710827851e-16,24
96,3,8,reply_null,2,722502,22,1.4797003653303453,7.333333333333333,0.7354419816649631,6.81415595547444e-16,24
96,3,8,reply_null,2,722502,23,1.4966428076976448,7.666666666666667,0.7464444402959749,6.823419352794189e-16,24
96,3,8,reply_null,2,722502,24,1.631929512645711,8.0,0.8268808071370597,6.82519889796637e-16,24
96,3,8,reply_null,3,722503,0,0.0,0.0,0.0,0.0,24
96,3,8,reply_null,3,722503,1,0.0175963946351694,0.3333333333333333,0.0066570462251589226,0.0,24
96,3,8,reply_null,3,722503,2,0.024930038879611524,0.6666666666666666,0.009425676187962237,3.373132475396671e-18,24
96,3,8,reply_null,3,722503,3,0.11377382195872363,1.0,0.044476765571167684,2.2276764674321285e-16,24
96,3,8,reply_null,3,722503,4,0.2950061644908537,1.3333333333333333,0.12480003774478496,2.3809300774554725e-16,24
96,3,8,reply_null,3,722503,5,0.3138934346327178,1.6666666666666667,0.13273242371800925,2.3810969815154546e-16,24
96,3,8,reply_null,3,722503,6,0.36932334776462256,2.0,0.15568118151277455,2.4098605876496106e-16,24
96,3,8,reply_null,3,722503,7,0.3903590543063505,2.3333333333333335,0.16501340452303792,2.434978653938446e-16,24
96,3,8,reply_null,3,722503,8,0.4447390510853019,2.6666666666666665,0.18660522420484532,2.44242262009757e-16,24
96,3,8,reply_null,3,722503,9,0.5020979919374873,3.0,0.21246138424726088,2.4429081342094775e-16,24
96,3,8,reply_null,3,722503,10,0.5659252487589839,3.3333333333333335,0.2401151006754916,2.460074564656733e-16,24
96,3,8,reply_null,3,722503,11,0.5908379960990363,3.6666666666666665,0.2513511793638572,2.5855532381081867e-16,24
96,3,8,reply_null,3,722503,12,0.6505245446339991,4.0,0.27832906334369356,4.71385854026687e-16,24
96,3,8,reply_null,3,722503,13,0.8211766093320492,4.333333333333333,0.3676380348957778,4.717555560273022e-16,24
96,3,8,reply_null,3,722503,14,0.8564686032890165,4.666666666666667,0.3888252998268114,4.730087814574976e-16,24
96,3,8,reply_null,3,722503,15,0.8895419940479168,5.0,0.40715117753486385,4.733561636740657e-16,24
96,3,8,reply_null,3,722503,16,0.9213653812526703,5.333333333333333,0.4250779232267647,4.63128754246815e-16,24
96,3,8,reply_null,3,722503,17,0.9326462274919121,5.666666666666667,0.43097055951803215,4.653988552581316e-16,24
96,3,8,reply_null,3,722503,18,0.9441446581969797,6.0,0.4367143056607716,4.65527607589332e-16,24
96,3,8,reply_null,3,722503,19,1.0051091806521255,6.333333333333333,0.4698464491904012,4.656150572838706e-16,24
96,3,8,reply_null,3,722503,20,1.0654424323399556,6.666666666666667,0.5019422150988646,4.674043123482502e-16,24
96,3,8,reply_null,3,722503,21,1.0714587470580779,7.0,0.505899804599977,4.692233832662377e-16,24
96,3,8,reply_null,3,722503,22,1.0783733294289788,7.333333333333333,0.5095975767259854,4.697494744611527e-16,24
96,3,8,reply_null,3,722503,23,1.0836686018840769,7.666666666666667,0.5123646978546611,4.701253931871856e-16,24
96,3,8,reply_null,3,722503,24,1.1710970583279106,8.0,0.5587611660408373,5.1134115270370995e-16,24
96,3,8,reply_null,4,722504,0,0.0,0.0,0.0,0.0,24
96,3,8,reply_null,4,722504,1,0.0470041351579027,0.3333333333333333,0.01804737871448458,0.0,24
96,3,8,reply_null,4,722504,2,0.059908145676056575,0.6666666666666666,0.022928761728416163,4.467031699058299e-16,24
96,3,8,reply_null,4,722504,3,0.159012796197422,1.0,0.06262470579929087,4.511150918872396e-16,24
96,3,8,reply_null,4,722504,4,0.23516536558276513,1.3333333333333333,0.09562102611393576,4.532977851010693e-16,24
96,3,8,reply_null,4,722504,5,0.37095799443988686,1.6666666666666667,0.1537770952243545,4.550086058083717e-16,24
96,3,8,reply_null,4,722504,6,0.555939314546118,2.0,0.23729451017438788,4.763725451718301e-16,24
96,3,8,reply_null,4,722504,7,0.5944447196825943,2.3333333333333335,0.25699843815784085,4.76417577880832e-16,24
96,3,8,reply_null,4,722504,8,0.6009808894114328,2.6666666666666665,0.260185682677522,4.767472084193119e-16,24
96,3,8,reply_null,4,722504,9,0.6458822590832521,3.0,0.2795616563521693,4.768260704538283e-16,24
96,3,8,reply_null,4,722504,10,0.7733863493998341,3.3333333333333335,0.33777875566558685,4.770530150172834e-16,24
96,3,8,reply_null,4,722504,11,0.780969289161521,3.6666666666666665,0.34143365681544297,4.782325802059808e-16,24
96,3,8,reply_null,4,722504,12,0.8534986070557848,4.0,0.3826448213423728,4.89643685673494e-16,24
96,3,8,reply_null,4,722504,13,0.8733025216803665,4.333333333333333,0.39270819645259486,4.898077241278071e-16,24
96,3,8,reply_null,4,722504,14,0.9764627087339901,4.666666666666667,0.4428911677278718,4.898243832751223e-16,24
96,3,8,reply_null,4,722504,15,0.9992635316957876,5.0,0.45438810876392255,4.911479646349286e-16,24
96,3,8,reply_null,4,722504,16,1.1574473367085298,5.333333333333333,0.5363092257826196,4.980876995893188e-16,24
96,3,8,reply_null,4,722504,17,1.2038056240198391,5.666666666666667,0.5630809689308877,4.985513805636096e-16,24
96,3,8,reply_null,4,722504,18,1.2060157234172202,6.0,0.5643896525599537,6.759088823361674e-16,24
96,3,8,reply_null,4,722504,19,1.227723370180176,6.333333333333333,0.5771486520000764,6.767987372990697e-16,24
96,3,8,reply_null,4,722504,20,1.2708683606497582,6.666666666666667,0.5993877423152726,6.825257162386064e-16,24
96,3,8,reply_null,4,722504,21,1.277105773077915,7.0,0.6031028702383597,6.845184257562924e-16,24
96,3,8,reply_null,4,722504,22,1.2895609784405222,7.333333333333333,0.6105287103859613,6.867273909722535e-16,24
96,3,8,reply_null,4,722504,23,1.3068936975489147,7.666666666666667,0.6212689519816529,6.868050313259248e-16,24
96,3,8,reply_null,4,722504,24,1.364526454975521,8.0,0.6536845487417837,6.858253491894015e-16,24
96,3,8,reply_null,5,722505,0,0.0,0.0,0.0,0.0,24
96,3,8,reply_null,5,722505,1,0.18750454661838323,0.3333333333333333,0.07733840013827775,0.0,24
96,3,8,reply_null,5,722505,2,0.29236229566435334,0.6666666666666666,0.11897978172164868,4.476126488420669e-16,24
96,3,8,reply_null,5,722505,3,0.3446700885560421,1.0,0.14063437354453917,4.566714051938626e-16,24
96,3,8,reply_null,5,722505,4,0.43995898717656257,1.3333333333333333,0.18221066177741446,4.566828059291472e-16,24
96,3,8,reply_null,5,722505,5,0.4486671087029492,1.6666666666666667,0.18606488484302194,4.796076999469889e-16,24
96,3,8,reply_null,5,722505,6,0.5242401586135337,2.0,0.22149656634006373,4.796247158091609e-16,24
96,3,8,reply_null,5,722505,7,0.5363474606527662,2.3333333333333335,0.22636516812480847,4.799599245131626e-16,24
96,3,8,reply_null,5,722505,8,0.6317379971197723,2.6666666666666665,0.2689136254180725,4.841775586844921e-16,24
96,3,8,reply_null,5,722505,9,0.6839716743543042,3.0,0.2921030392751665,4.841793938834822e-16,24
96,3,8,reply_null,5,722505,10,0.8165674914652478,3.3333333333333335,0.3608063693286452,4.843383812511488e-16,24
96,3,8,reply_null,5,722505,11,1.015128917041877,3.6666666666666665,0.46070252698497444,4.845785995829866e-16,24
96,3,8,reply_null,5,722505,12,1.0406302446463613,4.0,0.4740832134906675,4.859357106587271e-16,24
96,3,8,reply_null,5,722505,13,1.134825245223293,4.333333333333333,0.5270652363124473,4.859376177952766e-16,24
96,3,8,reply_null,5,722505,14,1.1618638738124396,4.666666666666667,0.542398474974078,4.894280490160599e-16,24
96,3,8,reply_null,5,722505,15,1.1700426182299415,5.0,0.5471967242821572,4.904333739593876e-16,24
96,3,8,reply_null,5,722505,16,1.1947916456753351,5.333333333333333,0.5619918413515905,5.099468355813002e-16,24
96,3,8,reply_null,5,722505,17,1.2061007764801945,5.666666666666667,0.5687734022588231,5.099879394606119e-16,24
96,3,8,reply_null,5,722505,18,1.2500647686539552,6.0,0.5917531567466221,5.114091143812471e-16,24
96,3,8,reply_null,5,722505,19,1.3024756426855908,6.333333333333333,0.6219530132227831,5.116274905688281e-16,24
96,3,8,reply_null,5,722505,20,1.3142293070309399,6.666666666666667,0.6285658137444767,5.145597549978618e-16,24
96,3,8,reply_null,5,722505,21,1.3909270921007582,7.0,0.6759634216355992,5.177787046272324e-16,24
96,3,8,reply_null,5,722505,22,1.4137228208085977,7.333333333333333,0.6905620277336928,5.185055059645561e-16,24
96,3,8,reply_null,5,722505,23,1.4467709449162809,7.666666666666667,0.7126648584867703,5.186494895061567e-16,24
96,3,8,reply_null,5,722505,24,1.4496933307516906,8.0,0.7144756690074628,5.152451081050753e-16,24
96,3,8,reply_null,6,722506,0,0.0,0.0,0.0,0.0,24
96,3,8,reply_null,6,722506,1,0.09333703803602665,0.3333333333333333,0.03668688148343947,0.0,24
96,3,8,reply_null,6,722506,2,0.1597985214230752,0.6666666666666666,0.06410968190513552,2.248614957732149e-16,24
96,3,8,reply_null,6,722506,3,0.1800531938459668,1.0,0.07264241357349556,4.447352777322514e-16,24
96,3,8,reply_null,6,722506,4,0.21433308474228255,1.3333333333333333,0.0869444121611766,4.448509188460011e-16,24
96,3,8,reply_null,6,722506,5,0.25736694729791915,1.6666666666666667,0.10382334655239223,4.449160795912784e-16,24
96,3,8,reply_null,6,722506,6,0.4751898330365108,2.0,0.19924983194688,4.450127503157296e-16,24
96,3,8,reply_null,6,722506,7,0.5003291436468704,2.3333333333333335,0.2100814930330606,4.67487329182212e-16,24
96,3,8,reply_null,6,722506,8,0.6169417714023679,2.6666666666666665,0.26035628557129525,4.675903561953408e-16,24
96,3,8,reply_null,6,722506,9,0.7188942793328025,3.0,0.31238386111195954,4.699565217177629e-16,24
96,3,8,reply_null,6,722506,10,0.7792913213733672,3.3333333333333335,0.3440324693088566,4.723507718327245e-16,24
96,3,8,reply_null,6,722506,11,0.7856194867237686,3.6666666666666665,0.3472772277920941,6.797255966128696e-16,24
96,3,8,reply_null,6,722506,12,0.8299061329398605,4.0,0.36881058270246103,4.696652310493233e-16,24
96,3,8,reply_null,6,722506,13,0.8788121695842044,4.333333333333333,0.3964029774003893,4.697491150032734e-16,24
96,3,8,reply_null,6,722506,14,0.9457557757080558,4.666666666666667,0.43263999395564146,4.701694178884874e-16,24
96,3,8,reply_null,6,722506,15,1.039196190165204,5.0,0.4782851943578776,4.706800268759705e-16,24
96,3,8,reply_null,6,722506,16,1.142776760800523,5.333333333333333,0.5452264889259174,6.897654582778704e-16,24
96,3,8,reply_null,6,722506,17,1.1591108896774482,5.666666666666667,0.5556714136571836,6.898875851642658e-16,24
96,3,8,reply_null,6,722506,18,1.2742156189453144,6.0,0.6221244268421672,6.907054569481744e-16,24
96,3,8,reply_null,6,722506,19,1.2945454133389136,6.333333333333333,0.6319719345056863,6.907386167015543e-16,24
96,3,8,reply_null,6,722506,20,1.3852855991712314,6.666666666666667,0.6842232375746475,6.964487860926293e-16,24
96,3,8,reply_null,6,722506,21,1.4219936386288452,7.0,0.7025209748235863,6.964589013245742e-16,24
96,3,8,reply_null,6,722506,22,1.4493646148592414,7.333333333333333,0.7206737891310963,6.970654156071497e-16,24
96,3,8,reply_null,6,722506,23,1.4545990383363532,7.666666666666667,0.7238966578870538,7.022815409282696e-16,24
96,3,8,reply_null,6,722506,24,1.4961336993519292,8.0,0.7516539824823331,6.979182658383497e-16,24
96,3,8,reply_null,7,722507,0,0.0,0.0,0.0,0.0,24
96,3,8,reply_null,7,722507,1,0.03781584428999963,0.3333333333333333,0.014452485826177974,0.0,24
96,3,8,reply_null,7,722507,2,0.04906791485555037,0.6666666666666666,0.01873657889145557,4.44752664721831e-16,24
96,3,8,reply_null,7,722507,3,0.22155592923954825,1.0,0.09150288582948124,4.455310700410217e-16,24
96,3,8,reply_null,7,722507,4,0.3064224514193787,1.3333333333333333,0.12645856491215068,4.465046454554821e-16,24
96,3,8,reply_null,7,722507,5,0.3457448087458988,1.6666666666666667,0.1425712772630092,4.487897031019464e-16,24
96,3,8,reply_null,7,722507,6,0.4419858498132897,2.0,0.18374384687153072,5.62132229144985e-16,24
96,3,8,reply_null,7,722507,7,0.47826890346383844,2.3333333333333335,0.2004680299512743,5.622980165355109e-16,24
96,3,8,reply_null,7,722507,8,0.6641973319359586,2.6666666666666665,0.28231552384171515,5.623595149174513e-16,24
96,3,8,reply_null,7,722507,9,0.7948046535263409,3.0,0.34470904556635107,5.623861671155973e-16,24
96,3,8,reply_null,7,722507,10,0.8195534686245205,3.3333333333333335,0.3561253418165067,5.674118696478364e-16,24
96,3,8,reply_null,7,722507,11,0.8821355914618931,3.6666666666666665,0.38786410748303535,5.675525787546944e-16,24
96,3,8,reply_null,7,722507,12,1.0040471434709737,4.0,0.45725260232281356,5.661603046128921e-16,24
96,3,8,reply_null,7,722507,13,1.1147186233118094,4.333333333333333,0.5123010118236843,5.665834914247019e-16,24
96,3,8,reply_null,7,722507,14,1.1349527836568463,4.666666666666667,0.5226957722436543,5.668862037420802e-16,24
96,3,8,reply_null,7,722507,15,1.2100150319600262,5.0,0.5644803070028729,5.672354423635221e-16,24
96,3,8,reply_null,7,722507,16,1.28106074709664,5.333333333333333,0.6044038061618695,5.718155354540195e-16,24
96,3,8,reply_null,7,722507,17,1.3430696346330664,5.666666666666667,0.6415765570581773,5.718667908165315e-16,24
96,3,8,reply_null,7,722507,18,1.3652533384624248,6.0,0.6539838270430993,5.721971974787815e-16,24
96,3,8,reply_null,7,722507,19,1.4343788590418103,6.333333333333333,0.6975019180314677,5.760660852244717e-16,24
96,3,8,reply_null,7,722507,20,1.4683656074141536,6.666666666666667,0.7199263780828442,5.817147298789654e-16,24
96,3,8,reply_null,7,722507,21,1.5182710125462617,7.0,0.7480041028416954,5.818586155722905e-16,24
96,3,8,reply_null,7,722507,22,1.5694661394755882,7.333333333333333,0.780903258765514,8.95450524305288e-16,24
96,3,8,reply_null,7,722507,23,1.5931934088300086,7.666666666666667,0.7953314232580335,8.954556007768647e-16,24
96,3,8,reply_null,7,722507,24,1.7028660208607773,8.0,0.8668729989837346,8.938378480559745e-16,24
96,3,32,random,0,722508,0,0.0,0.0,0.0,0.0,24
96,3,32,random,0,722508,1,0.25790846710042825,1.3333333333333333,0.02758315776198154,0.0,24
96,3,32,random,0,722508,2,0.4104313216558557,2.6666666666666665,0.044092574623807265,4.441155666433528e-16,24
96,3,32,random,0,722508,3,0.43965211248846947,4.0,0.04730980253874722,4.44318513512577e-16,24
96,3,32,random,0,722508,4,0.6236030697998537,5.333333333333333,0.07205818550968901,4.446218505672408e-16,24
96,3,32,random,0,722508,5,0.7076094027007073,6.666666666666667,0.08223666944774756,4.44982487824952e-16,24
96,3,32,random,0,722508,6,1.0047325477060245,8.0,0.12714399485989072,4.499441814182343e-16,24
96,3,32,random,0,722508,7,1.1987609670039732,9.333333333333334,0.14982589491706244,4.57477717815106e-16,24
96,3,32,random,0,722508,8,1.2331349140339602,10.666666666666666,0.15477921158200936,4.612615985947414e-16,24
96,3,32,random,0,722508,9,1.28081058815375,12.0,0.1609087869882467,4.625649328640228e-16,24
96,3,32,random,0,722508,10,1.9294730791494537,13.333333333333334,0.2712699662958209,4.633871526635746e-16,24
96,3,32,random,0,722508,11,2.0057043607076714,14.666666666666666,0.28324625714205504,4.639170307460626e-16,24
96,3,32,random,0,722508,12,2.051365368986537,16.0,0.2928890487955557,4.647820673934252e-16,24
96,3,32,random,0,722508,13,2.1768008465333626,17.333333333333332,0.3227577826041588,4.648132408441973e-16,24
96,3,32,random,0,722508,14,2.3390529324731624,18.666666666666668,0.348741295720944,4.653941327611575e-16,24
96,3,32,random,0,722508,15,2.614617737902764,20.0,0.3999493822811172,4.656322574866347e-16,24
96,3,32,random,0,722508,16,2.685999201500029,21.333333333333332,0.4159334331821029,4.646975089118172e-16,24
96,3,32,random,0,722508,17,3.0557774150393513,22.666666666666668,0.51473082803452,4.647038665541822e-16,24
96,3,32,random,0,722508,18,3.1740064255838942,24.0,0.556100533029367,4.664832611722711e-16,24
96,3,32,random,0,722508,19,3.190582411105289,25.333333333333332,0.5599305025003676,4.686476844522e-16,24
96,3,32,random,0,722508,20,3.304760745429851,26.666666666666668,0.5920785968904316,4.765694849688706e-16,24
96,3,32,random,0,722508,21,3.4539065858959708,28.0,0.6370009733143056,4.773312615552763e-16,24
96,3,32,random,0,722508,22,3.6571736964435693,29.333333333333332,0.7122229184168265,4.773675787497836e-16,24
96,3,32,random,0,722508,23,3.7275092277107853,30.666666666666668,0.7406927829384834,6.800678626687207e-16,24
96,3,32,random,0,722508,24,3.84668717210137,32.0,0.7773077594995371,6.751391109525624e-16,24
96,3,32,random,1,722509,0,0.0,0.0,0.0,0.0,24
96,3,32,random,1,722509,1,0.18824711351823575,1.3333333333333333,0.019418604100897706,1.1102230246251565e-16,24
96,3,32,random,1,722509,2,0.8501917952113166,2.6666666666666665,0.10818677513529593,3.338240166037875e-16,24
96,3,32,random,1,722509,3,0.9568619725008434,4.0,0.12487672067861974,3.370035162587941e-16,24
96,3,32,random,1,722509,4,1.0682797078177213,5.333333333333333,0.13975231859616546,3.4068261101204654e-16,24
96,3,32,random,1,722509,5,1.4137367212129754,6.666666666666667,0.18862598885949733,5.667937889026127e-16,24
96,3,32,random,1,722509,6,1.5718972029695009,8.0,0.21056617254271795,5.66796603342254e-16,24
96,3,32,random,1,722509,7,1.6368497306481304,9.333333333333334,0.22195100519824226,5.678100300165014e-16,24
96,3,32,random,1,722509,8,1.7917760060872272,10.666666666666666,0.2522139429999292,5.682863918647585e-16,24
96,3,32,random,1,722509,9,2.0412076254572113,12.0,0.30170901557407415,5.687644239555829e-16,24
96,3,32,random,1,722509,10,2.1712049057334126,13.333333333333334,0.32546018213876665,5.68807384902768e-16,24
96,3,32,random,1,722509,11,2.192047437336841,14.666666666666666,0.330111225156761,5.705765096022911e-16,24
96,3,32,random,1,722509,12,2.300019521503539,16.0,0.3573688838899735,5.718858156037532e-16,24
96,3,32,random,1,722509,13,2.641634621006333,17.333333333333332,0.4440710373786177,5.7192198825522355e-16,24
96,3,32,random,1,722509,14,2.971225478120791,18.666666666666668,0.49948097525830903,5.723570028594779e-16,24
96,3,32,random,1,722509,15,3.079228591398581,20.0,0.5199697997803062,5.736795343551509e-16,24
96,3,32,random,1,722509,16,3.122555178540843,21.333333333333332,0.5328204799120885,5.773809518662938e-16,24
96,3,32,random,1,722509,17,3.3086783235168324,22.666666666666668,0.5834133409767521,5.773816219347692e-16,24
96,3,32,random,1,722509,18,3.389226064794808,24.0,0.6087179936469616,5.776698159143871e-16,24
96,3,32,random,1,722509,19,3.485030409232043,25.333333333333332,0.6409896344128798,5.786426482724603e-16,24
96,3,32,random,1,722509,20,3.617945105157203,26.666666666666668,0.6918827383646582,5.824399575679454e-16,24
96,3,32,random,1,722509,21,3.8712069539499465,28.0,0.7559172773519809,5.837199205755774e-16,24
96,3,32,random,1,722509,22,3.9228789073366634,29.333333333333332,0.7780067513285139,5.848060655792465e-16,24
96,3,32,random,1,722509,23,3.9671040889325626,30.666666666666668,0.7909639482662353,5.871568540038845e-16,24
96,3,32,random,1,722509,24,4.004971867157767,32.0,0.8038422104166566,5.903601204744573e-16,24
96,3,32,random,2,722510,0,0.0,0.0,0.0,0.0,24
96,3,32,random,2,722510,1,0.2805842715339754,1.3333333333333333,0.030365916122538333,1.1102230246251565e-16,24
96,3,32,random,2,722510,2,0.40812391210310717,2.6666666666666665,0.043703530111453184,2.224445874034802e-16,24
96,3,32,random,2,722510,3,0.5243618073551897,4.0,0.05670267716337727,2.2928322477330037e-16,24
96,3,32,random,2,722510,4,0.981748223579649,5.333333333333333,0.11979029218488067,2.317725107344408e-16,24
96,3,32,random,2,722510,5,1.3407182356241751,6.666666666666667,0.18225495688361748,2.3191207955663214e-16,24
96,3,32,random,2,722510,6,1.4816118733548684,8.0,0.21087002019320628,2.56775592372826e-16,24
96,3,32,random,2,722510,7,1.9436443113353774,9.333333333333334,0.28985052008811146,2.5679473910420916e-16,24
96,3,32,random,2,722510,8,2.059681356109686,10.666666666666666,0.3173276120772662,2.597772205550318e-16,24
96,3,32,random,2,722510,9,2.238934925151532,12.0,0.34042485174029247,5.603132803502243e-16,24
96,3,32,random,2,722510,10,2.356646504909758,13.333333333333334,0.3642663834185017,5.60470515142638e-16,24
96,3,32,random,2,722510,11,2.4156625115379757,14.666666666666666,0.37655681259511453,5.60487200954886e-16,24
96,3,32,random,2,722510,12,2.5014897415643746,16.0,0.39655446754213425,3.61215123333044e-16,24
96,3,32,random,2,722510,13,2.7160684453201425,17.333333333333332,0.4479604642108906,3.6164628329683994e-16,24
96,3,32,random,2,722510,14,2.8432875070869295,18.666666666666668,0.48149274274197856,3.616479492517942e-16,24
96,3,32,random,2,722510,15,2.996076306837991,20.0,0.5255357220288863,3.64144976623258e-16,24
96,3,32,random,2,722510,16,3.021419460992596,21.333333333333332,0.533515140037687,6.351172253146745e-16,24
96,3,32,random,2,722510,17,3.0693124255349584,22.666666666666668,0.5467127521387122,6.712100670551724e-16,24
96,3,32,random,2,722510,18,3.155927021819264,24.0,0.5706255939105112,6.819845820073695e-16,24
96,3,32,random,2,722510,19,3.201276819956925,25.333333333333332,0.5810999529881439,6.926757880298886e-16,24
96,3,32,random,2,722510,20,3.2132616363395683,26.666666666666668,0.5849934495879514,6.948152637545757e-16,24
96,3,32,random,2,722510,21,3.2516904004940503,28.0,0.5939813131191511,6.980239885791602e-16,24
96,3,32,random,2,722510,22,3.3779015040405356,29.333333333333332,0.63859317300003,6.989456401454977e-16,24
96,3,32,random,2,722510,23,3.478033504518856,30.666666666666668,0.6629707080533866,6.994816156098933e-16,24
96,3,32,random,2,722510,24,3.564674026180123,32.0,0.6914045608548696,7.125522537491985e-16,24
96,3,32,random,3,722511,0,0.0,0.0,0.0,0.0,24
96,3,32,random,3,722511,1,0.14822624093673734,1.3333333333333333,0.014978930186611478,2.220446049250313e-16,24
96,3,32,random,3,722511,2,0.31216178959479635,2.6666666666666665,0.03428722773079329,4.443643051431634e-16,24
96,3,32,random,3,722511,3,0.49450364280594267,4.0,0.05639895247086269,4.446779208858466e-16,24
96,3,32,random,3,722511,4,0.8889246833102085,5.333333333333333,0.10495600936151933,4.489765611622161e-16,24
96,3,32,random,3,722511,5,1.2754713920371217,6.666666666666667,0.1694500534129412,4.491788800456357e-16,24
96,3,32,random,3,722511,6,1.5564218566276058,8.0,0.20846347743551646,4.506690407487964e-16,24
96,3,32,random,3,722511,7,1.5780081635497347,9.333333333333334,0.21153564489057006,4.510154944650968e-16,24
96,3,32,random,3,722511,8,1.8498381063576272,10.666666666666666,0.2469699697846701,4.511995393196216e-16,24
96,3,32,random,3,722511,9,2.0133715375350283,12.0,0.2808748775793643,4.544271258291916e-16,24
96,3,32,random,3,722511,10,2.1695761679219983,13.333333333333334,0.3128554025707356,4.721549645595525e-16,24
96,3,32,random,3,722511,11,2.882181277856062,14.666666666666666,0.480134132326658,4.722079951736293e-16,24
96,3,32,random,3,722511,12,2.9808388882224217,16.0,0.5004846909394617,4.745225109767414e-16,24
96,3,32,random,3,722511,13,2.9836438322088723,17.333333333333332,0.5010913326746989,4.745309073825476e-16,24
96,3,32,random,3,722511,14,3.2425124987558003,18.666666666666668,0.5708370502172743,4.747302782285039e-16,24
96,3,32,random,3,722511,15,3.2557539184549413,20.0,0.5741477025323941,4.765797058544957e-16,24
96,3,32,random,3,722511,16,3.3515997020477863,21.333333333333332,0.6010179924724092,4.874027553084746e-16,24
96,3,32,random,3,722511,17,3.3607393150376765,22.666666666666668,0.604030207693112,4.874329904485951e-16,24
96,3,32,random,3,722511,18,3.518410091565067,24.0,0.6464969905158398,4.890406254496515e-16,24
96,3,32,random,3,722511,19,3.669312542725132,25.333333333333332,0.6872328372961972,4.902890728122918e-16,24
96,3,32,random,3,722511,20,3.783719292202596,26.666666666666668,0.7240923989967677,4.903431469057424e-16,24
96,3,32,random,3,722511,21,3.8114098933639866,28.0,0.7343740839225994,4.909135212930552e-16,24
96,3,32,random,3,722511,22,3.849186858514204,29.333333333333332,0.7459049809460058,4.9149746475994e-16,24
96,3,32,random,3,722511,23,3.853962712938586,30.666666666666668,0.7476101839418949,4.91970356184424e-16,24
96,3,32,random,3,722511,24,4.187477848831097,32.0,0.8953248295447668,5.005234516544328e-16,24
96,3,32,random,4,722512,0,0.0,0.0,0.0,0.0,24
96,3,32,random,4,722512,1,0.5049815798413306,1.3333333333333333,0.061589531138039846,2.220446049250313e-16,24
96,3,32,random,4,722512,2,0.7732884308794603,2.6666666666666665,0.09073894544316695,1.3400776411069895e-16,24
96,3,32,random,4,722512,3,1.0433987204211905,4.0,0.1261040389044904,2.2283584938409655e-16,24
96,3,32,random,4,722512,4,1.1409260537165278,5.333333333333333,0.1370113811996605,2.3495922002382406e-16,24
96,3,32,random,4,722512,5,1.3673028591533996,6.666666666666667,0.16928095175409755,4.451724047578163e-16,24
96,3,32,random,4,722512,6,1.528144144384075,8.0,0.19690990475574016,4.452370105733586e-16,24
96,3,32,random,4,722512,7,1.8378656729483043,9.333333333333334,0.2596706106243097,4.452522465396297e-16,24
96,3,32,random,4,722512,8,1.8647120728688185,10.666666666666666,0.26313822472948883,4.460476871127194e-16,24
96,3,32,random,4,722512,9,1.946028038876713,12.0,0.27866882708756036,4.570586817195218e-16,24
96,3,32,random,4,722512,10,2.289999624864344,13.333333333333334,0.37143319423838006,4.588899712878757e-16,24
96,3,32,random,4,722512,11,2.318840395275842,14.666666666666666,0.37890308686689206,4.612008902978063e-16,24
96,3,32,random,4,722512,12,2.4412543979593737,16.0,0.41089069780434656,4.854607197668425e-16,24
96,3,32,random,4,722512,13,2.8717873573553803,17.333333333333332,0.5029327999463507,4.85471816350156e-16,24
96,3,32,random,4,722512,14,3.2132053006000065,18.666666666666668,0.5809383381368192,4.877406433231397e-16,24
96,3,32,random,4,722512,15,3.3033391309291558,20.0,0.6040141227104859,4.889598382633237e-16,24
96,3,32,random,4,722512,16,3.36613520098038,21.333333333333332,0.6171915034764894,4.994122195167269e-16,24
96,3,32,random,4,722512,17,3.411140235816797,22.666666666666668,0.6293415824548557,5.00418309660796e-16,24
96,3,32,random,4,722512,18,3.503732167035131,24.0,0.6528670324898783,5.019453409582962e-16,24
96,3,32,random,4,722512,19,3.540041950099436,25.333333333333332,0.6617804450364847,5.020048138841107e-16,24
96,3,32,random,4,722512,20,3.5902247425811806,26.666666666666668,0.6766415480666419,5.047841625501921e-16,24
96,3,32,random,4,722512,21,3.7180853952687314,28.0,0.7248504977912646,5.051247922129251e-16,24
96,3,32,random,4,722512,22,3.8665727031813772,29.333333333333332,0.7666307978651472,5.193137534730766e-16,24
96,3,32,random,4,722512,23,3.9095852522920387,30.666666666666668,0.7797713168497539,5.231095809150011e-16,24
96,3,32,random,4,722512,24,3.97469977084908,32.0,0.8010836007363746,5.394281317973482e-16,24
96,3,32,random,5,722513,0,0.0,0.0,0.0,0.0,24
96,3,32,random,5,722513,1,0.23406892614301827,1.3333333333333333,0.024724836876610347,2.220446049250313e-16,24
96,3,32,random,5,722513,2,0.3964205066634975,2.6666666666666665,0.043372456647562924,2.220617063811385e-16,24
96,3,32,random,5,722513,3,0.49990520506265956,4.0,0.057390012625071006,2.2800176350929555e-16,24
96,3,32,random,5,722513,4,1.017870108422154,5.333333333333333,0.12320459742264424,4.45485566976732e-16,24
96,3,32,random,5,722513,5,1.076059133652584,6.666666666666667,0.13137137892615872,4.459743030646872e-16,24
96,3,32,random,5,722513,6,1.1027610421168428,8.0,0.13511767668991156,4.468072559021409e-16,24
96,3,32,random,5,722513,7,1.6337335430413493,9.333333333333334,0.2109804045277505,4.544744147123187e-16,24
96,3,32,random,5,722513,8,2.221060792994668,10.666666666666666,0.3218348765997943,8.916475584941863e-16,24
96,3,32,random,5,722513,9,2.5879043518576013,12.0,0.4065764339579213,8.917496669763096e-16,24
96,3,32,random,5,722513,10,2.6841469337507418,13.333333333333334,0.42381512210685,8.931463469853838e-16,24
96,3,32,random,5,722513,11,2.7740070388768485,14.666666666666666,0.4411703060876662,8.932216305458983e-16,24
96,3,32,random,5,722513,12,2.8844082309050036,16.0,0.4662339610291194,8.931429025977446e-16,24
96,3,32,random,5,722513,13,2.972849998519129,17.333333333333332,0.487096527670629,8.938965561479125e-16,24
96,3,32,random,5,722513,14,3.0240348251801312,18.666666666666668,0.5004671261663982,8.93898539379568e-16,24
96,3,32,random,5,722513,15,3.132836117780445,20.0,0.534524664634497,8.939889082102637e-16,24
96,3,32,random,5,722513,16,3.2989584189789527,21.333333333333332,0.5793202926656855,8.967972934064755e-16,24
96,3,32,random,5,722513,17,3.4667697644696243,22.666666666666668,0.6322923081903048,8.977916451110034e-16,24
96,3,32,random,5,722513,18,3.5817259764876885,24.0,0.6718614364275374,8.988263048412287e-16,24
96,3,32,random,5,722513,19,3.666935961208451,25.333333333333332,0.6939963147759979,8.989750301220855e-16,24
96,3,32,random,5,722513,20,3.7133745178277318,26.666666666666668,0.7057769353991834,8.994782200295301e-16,24
96,3,32,random,5,722513,21,3.7268973798877063,28.0,0.7106440802531978,9.019272626335332e-16,24
96,3,32,random,5,722513,22,3.8354292033802366,29.333333333333332,0.7468070949830042,9.01927875121346e-16,24
96,3,32,random,5,722513,23,3.9128994883496544,30.666666666666668,0.7737290980217424,9.05846512862922e-16,24
96,3,32,random,5,722513,24,3.920858764906088,32.0,0.776969434783812,9.003293317464648e-16,24
96,3,32,random,6,722514,0,0.0,0.0,0.0,0.0,24
96,3,32,random,6,722514,1,0.07868891824081645,1.3333333333333333,0.007675098787879015,0.0,24
96,3,32,random,6,722514,2,0.28120311450735924,2.6666666666666665,0.02902218147566099,5.5578759101622565e-16,24
96,3,32,random,6,722514,3,0.451547373494879,4.0,0.04837173931752494,5.560289056319376e-16,24
96,3,32,random,6,722514,4,0.9120088941317579,5.333333333333333,0.10374739994999174,5.560624354606987e-16,24
96,3,32,random,6,722514,5,1.5285808584620135,6.666666666666667,0.19593622429551424,5.562288778083769e-16,24
96,3,32,random,6,722514,6,1.6676189952305318,8.0,0.21635804058994582,5.565727876193066e-16,24
96,3,32,random,6,722514,7,1.8940637032177126,9.333333333333334,0.25097232375530615,5.56966263436035e-16,24
96,3,32,random,6,722514,8,2.250542471617881,10.666666666666666,0.31838464925680127,5.570610616707048e-16,24
96,3,32,random,6,722514,9,2.48282223282137,12.0,0.37437471277354945,5.574374395484582e-16,24
96,3,32,random,6,722514,10,2.5116804425878505,13.333333333333334,0.3803738929457485,5.578961995792167e-16,24
96,3,32,random,6,722514,11,2.6275542199741,14.666666666666666,0.4056042793648337,5.582361919893256e-16,24
96,3,32,random,6,722514,12,2.8017944748394625,16.0,0.4550103387663389,5.642250050115611e-16,24
96,3,32,random,6,722514,13,2.9889539635867677,17.333333333333332,0.506589264704317,5.642728078273441e-16,24
96,3,32,random,6,722514,14,3.086191284266037,18.666666666666668,0.5381332622437814,5.647797460148662e-16,24
96,3,32,random,6,722514,15,3.250100021345993,20.0,0.5953572567971657,5.652293061715422e-16,24
96,3,32,random,6,722514,16,3.578368466053716,21.333333333333332,0.6852484256456749,5.588023519508255e-16,24
96,3,32,random,6,722514,17,3.6025266859674123,22.666666666666668,0.6929075272666148,5.589229489426861e-16,24
96,3,32,random,6,722514,18,3.6731761723901224,24.0,0.7214667758303596,5.592442515263464e-16,24
96,3,32,random,6,722514,19,3.836912052716342,25.333333333333332,0.7878863368060932,5.59671154280825e-16,24
96,3,32,random,6,722514,20,3.867044477285028,26.666666666666668,0.7953316187174092,5.591068768429688e-16,24
96,3,32,random,6,722514,21,4.038174214413947,28.0,0.8439879704689371,5.600215679850926e-16,24
96,3,32,random,6,722514,22,4.047573807928663,29.333333333333332,0.8472537620976729,5.600226355784685e-16,24
96,3,32,random,6,722514,23,4.307365456063886,30.666666666666668,0.9351202515384416,5.603961270105509e-16,24
96,3,32,random,6,722514,24,4.352937095246666,32.0,0.959170984906223,5.680246948696756e-16,24
96,3,32,random,7,722515,0,0.0,0.0,0.0,0.0,24
96,3,32,random,7,722515,1,0.6322638882580367,1.3333333333333333,0.08267494640591501,0.0,24
96,3,32,random,7,722515,2,0.7308181857940893,2.6666666666666665,0.09619301134808061,3.335431073285889e-16,24
96,3,32,random,7,722515,3,1.231367629695655,4.0,0.170827866877074,3.3355318905466556e-16,24
96,3,32,random,7,722515,4,1.3619982412364193,5.333333333333333,0.19932757941891185,3.351439465917098e-16,24
96,3,32,random,7,722515,5,1.4585326618447145,6.666666666666667,0.21174077454901724,4.488251550145002e-16,24
96,3,32,random,7,722515,6,1.6394888918007848,8.0,0.23906930025130207,4.53397435066791e-16,24
96,3,32,random,7,722515,7,1.9188195966414079,9.333333333333334,0.2784871517204618,4.660892413265017e-16,24
96,3,32,random,7,722515,8,2.109697112965498,10.666666666666666,0.31049029459953753,4.66133470506919e-16,24
96,3,32,random,7,722515,9,2.5840568854984385,12.0,0.4057186395180536,4.66139047484091e-16,24
96,3,32,random,7,722515,10,2.621201190161427,13.333333333333334,0.41430212635947805,4.661596721986289e-16,24
96,3,32,random,7,722515,11,2.743596034701407,14.666666666666666,0.43986744574671877,4.662189572287842e-16,24
96,3,32,random,7,722515,12,2.9300913713503753,16.0,0.48739800899938934,4.712970074611512e-16,24
96,3,32,random,7,722515,13,3.0702600409618643,17.333333333333332,0.5305226179077818,4.713051580154336e-16,24
96,3,32,random,7,722515,14,3.2071168926427074,18.666666666666668,0.5632187156409698,4.794544425229411e-16,24
96,3,32,random,7,722515,15,3.2905632658106114,20.0,0.5945097806492777,4.858581476333302e-16,24
96,3,32,random,7,722515,16,3.3380191362735294,21.333333333333332,0.608353780701289,5.085457404454258e-16,24
96,3,32,random,7,722515,17,3.3827309264768948,22.666666666666668,0.6243814868131591,5.116797576863482e-16,24
96,3,32,random,7,722515,18,3.4713523802959863,24.0,0.650102896172547,5.167472772248873e-16,24
96,3,32,random,7,722515,19,3.5561534097870515,25.333333333333332,0.6698794062726928,5.168643945404483e-16,24
96,3,32,random,7,722515,20,3.9936710897105945,26.666666666666668,0.7960766376530146,5.154849019936224e-16,24
96,3,32,random,7,722515,21,4.048294433171192,28.0,0.8165840793797589,5.168230268522117e-16,24
96,3,32,random,7,722515,22,4.183527243122596,29.333333333333332,0.8772127562023672,5.168243841613656e-16,24
96,3,32,random,7,722515,23,4.250418542019474,30.666666666666668,0.9025427303797176,5.168260323353542e-16,24
96,3,32,random,7,722515,24,4.346981269928523,32.0,0.9383581140192034,5.293318760889127e-16,24
96,3,32,krylov,0,722516,0,0.0,0.0,0.0,0.0,24
96,3,32,krylov,0,722516,1,0.7245261385851551,1.3333333333333333,0.09972683768828652,1.1102230246251565e-16,24
96,3,32,krylov,0,722516,2,1.1955320251902695,2.6666666666666665,0.216123357569377,3.3377194329577186e-16,24
96,3,32,krylov,0,722516,3,1.5194027294025814,4.0,0.3346401707658645,3.441172970861159e-16,24
96,3,32,krylov,0,722516,4,1.7340979014011355,5.333333333333333,0.43723276667981475,3.448142051146895e-16,24
96,3,32,krylov,0,722516,5,1.8935571039228727,6.666666666666667,0.5290271616038366,3.4483898368066153e-16,24
96,3,32,krylov,0,722516,6,2.011755578925855,8.0,0.6071654341772423,4.462167759233627e-16,24
96,3,32,krylov,0,722516,7,2.1126603073013572,9.333333333333334,0.6815825019759276,4.464596542688764e-16,24
96,3,32,krylov,0,722516,8,2.218015840727259,10.666666666666666,0.7677262656657852,6.725303267334333e-16,24
96,3,32,krylov,0,722516,9,2.2799105200252936,12.0,0.8227317779579331,6.729046152843351e-16,24
96,3,32,krylov,0,722516,10,2.330495546027944,13.333333333333334,0.8702846239040513,6.73131811904804e-16,24
96,3,32,krylov,0,722516,11,2.364531613484701,14.666666666666666,0.9036613556862633,6.73283904708322e-16,24
96,3,32,krylov,0,722516,12,2.388157161979351,16.0,0.9275063120140975,6.739819711423384e-16,24
96,3,32,krylov,0,722516,13,2.403283163102469,17.333333333333332,0.9430712570595506,6.751065629535346e-16,24
96,3,32,krylov,0,722516,14,2.420402495454878,18.666666666666668,0.9609737468619081,6.774294254665514e-16,24
96,3,32,krylov,0,722516,15,2.4309636627886144,20.0,0.9721718894875161,6.781286997093963e-16,24
96,3,32,krylov,0,722516,16,2.43912206554069,21.333333333333332,0.9809036798635876,6.74039094466064e-16,24
96,3,32,krylov,0,722516,17,2.444266696509863,22.666666666666668,0.9864466224376411,6.745685185791116e-16,24
96,3,32,krylov,0,722516,18,2.4472866141224965,24.0,0.9897136578488167,6.745949264470259e-16,24
96,3,32,krylov,0,722516,19,2.45016746610493,25.333333333333332,0.9928394565953533,6.746026521154013e-16,24
96,3,32,krylov,0,722516,20,2.4529401977090184,26.666666666666668,0.9958564582573496,6.799619181197437e-16,24
96,3,32,krylov,0,722516,21,2.4542770700542453,28.0,0.9973140971200241,6.824023738862853e-16,24
96,3,32,krylov,0,722516,22,2.455168269177294,29.333333333333332,0.9982868858964316,6.833581583664048e-16,24
96,3,32,krylov,0,722516,23,2.455842631804626,30.666666666666668,0.999023563125829,6.833581761014512e-16,24
96,3,32,krylov,0,722516,24,2.456181308057634,32.0,0.9993937222600906,6.829988416522963e-16,24
96,3,32,krylov,1,722517,0,0.0,0.0,0.0,0.0,24
96,3,32,krylov,1,722517,1,0.08639020391749697,1.3333333333333333,0.008459217935718992,2.220446049250313e-16,24
96,3,32,krylov,1,722517,2,0.1648021554499366,2.6666666666666665,0.016796231746043184,3.335853998093039e-16,24
96,3,32,krylov,1,722517,3,0.28078169160631505,4.0,0.03039042151452633,4.491987601249965e-16,24
96,3,32,krylov,1,722517,4,0.4096689828041083,5.333333333333333,0.04746741422424426,4.506374313033363e-16,24
96,3,32,krylov,1,722517,5,0.5382452938483755,6.666666666666667,0.06684360137157967,4.525080460360009e-16,24
96,3,32,krylov,1,722517,6,0.6787066873853015,8.0,0.09106186325238323,4.980115035921725e-16,24
96,3,32,krylov,1,722517,7,0.8386230419650881,9.333333333333334,0.12311059046104696,4.992249998589241e-16,24
96,3,32,krylov,1,722517,8,1.045957074617738,10.666666666666666,0.17307385977068665,4.996431117918835e-16,24
96,3,32,krylov,1,722517,9,1.2208204900877528,12.0,0.22405950262763938,5.008857761902689e-16,24
96,3,32,krylov,1,722517,10,1.3811527775258186,13.333333333333334,0.27932685439583554,5.009044900529031e-16,24
96,3,32,krylov,1,722517,11,1.5437813694280376,14.666666666666666,0.3452120813459943,5.027051581195144e-16,24
96,3,32,krylov,1,722517,12,1.6763682442209509,16.0,0.40744733665511484,5.073835335072645e-16,24
96,3,32,krylov,1,722517,13,1.83313336235568,17.333333333333332,0.49251096734263344,5.07432012447691e-16,24
96,3,32,krylov,1,722517,14,1.9979182807133562,18.666666666666668,0.5975334522821855,5.087208769340118e-16,24
96,3,32,krylov,1,722517,15,2.1263497530382582,20.0,0.6922693558495456,5.289088258897706e-16,24
96,3,32,krylov,1,722517,16,2.2223520838900743,21.333333333333332,0.771469947123231,5.092035710673167e-16,24
96,3,32,krylov,1,722517,17,2.2945897363867034,22.666666666666668,0.8362842386638732,5.121970111405661e-16,24
96,3,32,krylov,1,722517,18,2.3600264145549725,24.0,0.89917792606856,5.125626781892131e-16,24
96,3,32,krylov,1,722517,19,2.386751870600522,25.333333333333332,0.9260721572619238,5.331700225119608e-16,24
96,3,32,krylov,1,722517,20,2.405325337744456,26.666666666666668,0.9451907906312256,5.378567558067115e-16,24
96,3,32,krylov,1,722517,21,2.4179092948076946,28.0,0.958347384318495,5.423536010710967e-16,24
96,3,32,krylov,1,722517,22,2.428818247640134,29.333333333333332,0.9698874958812544,5.425338298604447e-16,24
96,3,32,krylov,1,722517,23,2.4351139525846253,30.666666666666668,0.9766049671440055,5.436894988550392e-16,24
96,3,32,krylov,1,722517,24,2.4418144691760375,32.0,0.9838009799383985,5.262924590124256e-16,24
96,3,32,krylov,2,722518,0,0.0,0.0,0.0,0.0,24
96,3,32,krylov,2,722518,1,0.13902612499114092,1.3333333333333333,0.013983198867439504,2.220446049250313e-16,24
96,3,32,krylov,2,722518,2,0.267580681231794,2.6666666666666665,0.028762411850697247,6.671659204910499e-16,24
96,3,32,krylov,2,722518,3,0.38900670403702,4.0,0.04457947905031393,6.68810343735432e-16,24
96,3,32,krylov,2,722518,4,0.5420324936431649,5.333333333333333,0.0674529545685668,6.691036090009604e-16,24
96,3,32,krylov,2,722518,5,0.6801741052451022,6.666666666666667,0.09133325855768201,6.692406512792702e-16,24
96,3,32,krylov,2,722518,6,0.8308158965249388,8.0,0.12142412011677899,6.6938345043634225e-16,24
96,3,32,krylov,2,722518,7,1.0207205849820733,9.333333333333334,0.16642441937035612,6.694342208674939e-16,24
96,3,32,krylov,2,722518,8,1.1411865082806938,10.666666666666666,0.1997325472077392,6.705323709489946e-16,24
96,3,32,krylov,2,722518,9,1.2981244341757447,12.0,0.24960197906122542,6.71024521004993e-16,24
96,3,32,krylov,2,722518,10,1.4501282254782684,13.333333333333334,0.305968236573236,6.710563175743808e-16,24
96,3,32,krylov,2,722518,11,1.6461560362789234,14.666666666666666,0.392531513034297,6.711100183026023e-16,24
96,3,32,krylov,2,722518,12,1.8146485659917815,16.0,0.4817735975263275,6.763138964272683e-16,24
96,3,32,krylov,2,722518,13,1.949912663245145,17.333333333333332,0.5651319135591307,6.768544880040454e-16,24
96,3,32,krylov,2,722518,14,2.0683885637271713,18.666666666666668,0.6480059113310195,6.769409777632718e-16,24
96,3,32,krylov,2,722518,15,2.177827543721059,20.0,0.7337914598811874,6.791330476111406e-16,24
96,3,32,krylov,2,722518,16,2.248390366450947,21.333333333333332,0.794294657141512,6.725763416527935e-16,24
96,3,32,krylov,2,722518,17,2.2928425463123983,22.666666666666668,0.8346607107922163,6.725763438266402e-16,24
96,3,32,krylov,2,722518,18,2.33584144272812,24.0,0.8754520533844475,6.733457720040194e-16,24
96,3,32,krylov,2,722518,19,2.3682524130110485,25.333333333333332,0.907379436212671,1.0071908580290895e-15,24
96,3,32,krylov,2,722518,20,2.394096436641606,26.666666666666668,0.9335898818647043,1.0105527628407622e-15,24
96,3,32,krylov,2,722518,21,2.4110475837592613,28.0,0.9511529075111421,1.0121415174438817e-15,24
96,3,32,krylov,2,722518,22,2.4232029306033525,29.333333333333332,0.9639315719802171,1.0122945835586806e-15,24
96,3,32,krylov,2,722518,23,2.434697505182044,30.666666666666668,0.9761593134002107,1.0124235635006726e-15,24
96,3,32,krylov,2,722518,24,2.4414569222639244,32.0,0.9834157737816163,1.0146078304071314e-15,24
96,3,32,krylov,3,722519,0,0.0,0.0,0.0,0.0,24
96,3,32,krylov,3,722519,1,0.3140406892201154,1.3333333333333333,0.03458863469403476,0.0,24
96,3,32,krylov,3,722519,2,0.6278599862084345,2.6666666666666665,0.0818996965380335,2.2563549815567355e-16,24
96,3,32,krylov,3,722519,3,0.8547254603179457,4.0,0.12663083658805305,4.621128802870118e-16,24
96,3,32,krylov,3,722519,4,1.0470160223134264,5.333333333333333,0.17335656193913276,4.66017565806543e-16,24
96,3,32,krylov,3,722519,5,1.270724776050294,6.666666666666667,0.2403219673589847,4.679810391726945e-16,24
96,3,32,krylov,3,722519,6,1.4281132330549935,8.0,0.29726459939933164,4.693656330316849e-16,24
96,3,32,krylov,3,722519,7,1.5976545710213494,9.333333333333334,0.36950897356665185,4.694238015360067e-16,24
96,3,32,krylov,3,722519,8,1.7827556804124502,10.666666666666666,0.4637081009497939,4.867245196107322e-16,24
96,3,32,krylov,3,722519,9,1.8992620993732174,12.0,0.532590256533556,4.873988160882488e-16,24
96,3,32,krylov,3,722519,10,2.03262533035055,13.333333333333334,0.6219470731197148,4.876689751021885e-16,24
96,3,32,krylov,3,722519,11,2.17032373337786,14.666666666666666,0.7276049858077192,4.925432791724699e-16,24
96,3,32,krylov,3,722519,12,2.258937954320666,16.0,0.8037109585300372,4.96379391374801e-16,24
96,3,32,krylov,3,722519,13,2.3198042359886597,17.333333333333332,0.8600327315835309,4.970047103322638e-16,24
96,3,32,krylov,3,722519,14,2.3627164654184565,18.666666666666668,0.9018525485157891,4.983771618530177e-16,24
96,3,32,krylov,3,722519,15,2.3886019872717608,20.0,0.9279606937044561,5.002890463714692e-16,24
96,3,32,krylov,3,722519,16,2.413612886389807,21.333333333333332,0.9538368407671026,4.948047564852596e-16,24
96,3,32,krylov,3,722519,17,2.4250563190920906,22.666666666666668,0.965893684547236,5.208868074092426e-16,24
96,3,32,krylov,3,722519,18,2.4359719015904098,24.0,0.977523671168152,5.225236626853674e-16,24
96,3,32,krylov,3,722519,19,2.4427199036497336,25.333333333333332,0.9847770735705279,5.22527423901327e-16,24
96,3,32,krylov,3,722519,20,2.447985663751198,26.666666666666668,0.9904713175065453,5.425345502132553e-16,24
96,3,32,krylov,3,722519,21,2.451790770668214,28.0,0.9946047546391985,5.425402789282284e-16,24
96,3,32,krylov,3,722519,22,2.4536025537911312,29.333333333333332,0.9965784047885313,5.427203452910598e-16,24
96,3,32,krylov,3,722519,23,2.454586613816161,30.666666666666668,0.9976518814819609,5.430731137575113e-16,24
96,3,32,krylov,3,722519,24,2.4554210826269753,32.0,0.9985630024102502,4.990034569961947e-16,24
96,3,32,krylov,4,722520,0,0.0,0.0,0.0,0.0,24
96,3,32,krylov,4,722520,1,0.09659404779750791,1.3333333333333333,0.00950748391452783,0.0,24
96,3,32,krylov,4,722520,2,0.23981621448879384,2.6666666666666665,0.025407706370127275,4.441625593359315e-16,24
96,3,32,krylov,4,722520,3,0.38569868440107585,4.0,0.044122638452819246,4.469778834677537e-16,24
96,3,32,krylov,4,722520,4,0.5470347547808748,5.333333333333333,0.06826135407050676,4.4698322676146835e-16,24
96,3,32,krylov,4,722520,5,0.7305249078811987,6.666666666666667,0.10089094872758796,4.482102013798406e-16,24
96,3,32,krylov,4,722520,6,0.9931421137127323,8.0,0.15934724401218636,4.486015384720204e-16,24
96,3,32,krylov,4,722520,7,1.238127219217702,9.333333333333334,0.22960761697909995,4.496891343713796e-16,24
96,3,32,krylov,4,722520,8,1.4224948516938034,10.666666666666666,0.29507389014483076,4.496934031630136e-16,24
96,3,32,krylov,4,722520,9,1.6683545125225108,12.0,0.4034469261880767,4.498405127023564e-16,24
96,3,32,krylov,4,722520,10,1.8933645314201966,13.333333333333334,0.5289072433940626,4.506284706894324e-16,24
96,3,32,krylov,4,722520,11,2.0490442650671263,14.666666666666666,0.6337950561045465,4.566951610884192e-16,24
96,3,32,krylov,4,722520,12,2.1726858220838974,16.0,0.7295473923084392,4.512855811871541e-16,24
96,3,32,krylov,4,722520,13,2.264890577683866,17.333333333333332,0.8090691373879921,4.596480410037346e-16,24
96,3,32,krylov,4,722520,14,2.3314643530404746,18.666666666666668,0.8712190399693428,4.596625110095093e-16,24
96,3,32,krylov,4,722520,15,2.374983472233849,20.0,0.9141408278730871,4.600058235883009e-16,24
96,3,32,krylov,4,722520,16,2.4014664978914744,21.333333333333332,0.9411894098125947,4.877641894642569e-16,24
96,3,32,krylov,4,722520,17,2.425681304385696,22.666666666666668,0.9665561532615776,4.904511796160128e-16,24
96,3,32,krylov,4,722520,18,2.435698688865772,24.0,0.9772310255486933,4.905458578061716e-16,24
96,3,32,krylov,4,722520,19,2.4442518522471515,25.333333333333332,0.9864305878342082,4.918740695533233e-16,24
96,3,32,krylov,4,722520,20,2.4496243184920283,26.666666666666668,0.9922494383737982,5.041957608810577e-16,24
96,3,32,krylov,4,722520,21,2.452847953740622,28.0,0.9957559532692107,5.042152135332852e-16,24
96,3,32,krylov,4,722520,22,2.45439805411571,29.333333333333332,0.9974461064711634,5.066707464326164e-16,24
96,3,32,krylov,4,722520,23,2.455228773691744,30.666666666666668,0.9983529610568792,5.066734709228927e-16,24
96,3,32,krylov,4,722520,24,2.4557599815171898,32.0,0.9989332488090372,5.023526583131925e-16,24
96,3,32,krylov,5,722521,0,0.0,0.0,0.0,0.0,24
96,3,32,krylov,5,722521,1,0.16538602674476532,1.3333333333333333,0.01686079536409858,2.220446049250313e-16,24
96,3,32,krylov,5,722521,2,0.3297159014149842,2.6666666666666665,0.036616219923307484,4.471106832747224e-16,24
96,3,32,krylov,5,722521,3,0.5227344507643605,4.0,0.0643718780318658,4.4711299724875395e-16,24
96,3,32,krylov,5,722521,4,0.8012716231894564,5.333333333333333,0.11515994794569667,8.891797411936708e-16,24
96,3,32,krylov,5,722521,5,1.061348627229686,6.666666666666667,0.17721246129549267,8.892405114575398e-16,24
96,3,32,krylov,5,722521,6,1.343634965539099,8.0,0.26558914293386726,8.892407900071203e-16,24
96,3,32,krylov,5,722521,7,1.6126146927646317,9.333333333333334,0.37649148358346307,8.89250532741972e-16,24
96,3,32,krylov,5,722521,8,1.817643421844926,10.666666666666666,0.4834997913015586,8.947141852486976e-16,24
96,3,32,krylov,5,722521,9,2.017313096579393,12.0,0.61107162839409,8.952234629665301e-16,24
96,3,32,krylov,5,722521,10,2.1189313460030252,13.333333333333334,0.6864599193549838,8.953568002517245e-16,24
96,3,32,krylov,5,722521,11,2.2208485725445914,14.666666666666666,0.7701700565613687,8.96154552873875e-16,24
96,3,32,krylov,5,722521,12,2.2826015188411706,16.0,0.8252013506555148,8.97091965335648e-16,24
96,3,32,krylov,5,722521,13,2.3220204354693608,17.333333333333332,0.8621488483803256,8.971043265747505e-16,24
96,3,32,krylov,5,722521,14,2.349586576922734,18.666666666666668,0.8888658416429329,8.97173959064359e-16,24
96,3,32,krylov,5,722521,15,2.36939805493027,20.0,0.9085270293012198,8.971769421645973e-16,24
96,3,32,krylov,5,722521,16,2.393046340760013,21.333333333333332,0.9325116427120896,8.965223216706644e-16,24
96,3,32,krylov,5,722521,17,2.410043089921927,22.666666666666668,0.9501038359610977,8.967577884642383e-16,24
96,3,32,krylov,5,722521,18,2.4215110691673383,24.0,0.9621436342149599,8.96762490393242e-16,24
96,3,32,krylov,5,722521,19,2.4291478182811352,25.333333333333332,0.9702380973433666,9.038990826577948e-16,24
96,3,32,krylov,5,722521,20,2.435257233942269,26.666666666666668,0.9767583400443345,9.069987754135037e-16,24
96,3,32,krylov,5,722521,21,2.4412113224210286,28.0,0.9831512545210772,9.070367486958716e-16,24
96,3,32,krylov,5,722521,22,2.4469446376639286,29.333333333333332,0.989343202131296,9.074693599238836e-16,24
96,3,32,krylov,5,722521,23,2.4502328746578645,30.666666666666668,0.9929105311637599,9.080924486300238e-16,24
96,3,32,krylov,5,722521,24,2.452424425447584,32.0,0.9952946143745026,8.995385148489322e-16,24
96,3,32,krylov,6,722522,0,0.0,0.0,0.0,0.0,24
96,3,32,krylov,6,722522,1,0.06966194479236826,1.3333333333333333,0.006763657083303565,0.0,24
96,3,32,krylov,6,722522,2,0.1631137693734157,2.6666666666666665,0.016609744503084216,2.2459900601113817e-16,24
96,3,32,krylov,6,722522,3,0.2970409975783149,4.0,0.03242535710130692,2.3316431235264496e-16,24
96,3,32,krylov,6,722522,4,0.4457177008499658,5.333333333333333,0.05265099027831668,2.3584026200969603e-16,24
96,3,32,krylov,6,722522,5,0.5626076565049125,6.666666666666667,0.07080408845450961,6.664401362065771e-16,24
96,3,32,krylov,6,722522,6,0.697762555554976,8.0,0.09461738292056358,6.947812961551869e-16,24
96,3,32,krylov,6,722522,7,0.8793532911181311,9.333333333333334,0.132125724394994,6.948884063576998e-16,24
96,3,32,krylov,6,722522,8,1.0457651758056339,10.666666666666666,0.1730226615015562,6.960103786867736e-16,24
96,3,32,krylov,6,722522,9,1.208029136158495,12.0,0.22002017808797314,6.966405671570796e-16,24
96,3,32,krylov,6,722522,10,1.3617891793603947,13.333333333333334,0.2721722372184629,6.994745819015661e-16,24
96,3,32,krylov,6,722522,11,1.491916454437493,14.666666666666666,0.32302567161424806,7.007448413343629e-16,24
96,3,32,krylov,6,722522,12,1.6119357465832642,16.0,0.3761723232824575,7.050440118710613e-16,24
96,3,32,krylov,6,722522,13,1.741913164498843,17.333333333333332,0.44139879480019856,7.063325412270446e-16,24
96,3,32,krylov,6,722522,14,1.8549109038859843,18.666666666666668,0.5054183250481014,7.064308767754358e-16,24
96,3,32,krylov,6,722522,15,1.932443145192226,20.0,0.5537215212900137,7.078999956026658e-16,24
96,3,32,krylov,6,722522,16,2.000629816780676,21.333333333333332,0.5994104359001465,7.124198023412473e-16,24
96,3,32,krylov,6,722522,17,2.095411241163969,22.666666666666668,0.6683234224869005,7.130527697005726e-16,24
96,3,32,krylov,6,722522,18,2.19140289209058,24.0,0.7451022235633538,7.141391982299224e-16,24
96,3,32,krylov,6,722522,19,2.2747534311456756,25.333333333333332,0.8180175662249956,7.142493316427479e-16,24
96,3,32,krylov,6,722522,20,2.3272946383913213,26.666666666666668,0.8672037715068946,7.131261545327141e-16,24
96,3,32,krylov,6,722522,21,2.3714724529218536,28.0,0.9106083087123937,7.151113460323264e-16,24
96,3,32,krylov,6,722522,22,2.4007630356010727,29.333333333333332,0.940461624979547,7.172715637890877e-16,24
96,3,32,krylov,6,722522,23,2.4203064501941505,30.666666666666668,0.9608724505092404,7.174974002906608e-16,24
96,3,32,krylov,6,722522,24,2.433675535246511,32.0,0.9750664567765931,7.204688443307091e-16,24
96,3,32,krylov,7,722523,0,0.0,0.0,0.0,0.0,24
96,3,32,krylov,7,722523,1,0.31711991819714636,1.3333333333333333,0.034984427792915745,2.220446049250313e-16,24
96,3,32,krylov,7,722523,2,0.6140725717141375,2.6666666666666665,0.07949455977461331,2.238897725203408e-16,24
96,3,32,krylov,7,722523,3,0.888770920507729,4.0,0.1342629864298949,2.2411123804235724e-16,24
96,3,32,krylov,7,722523,4,1.1455225165360257,5.333333333333333,0.201007852824989,2.263820740047329e-16,24
96,3,32,krylov,7,722523,5,1.3913360506665855,6.666666666666667,0.28314540759344825,2.374530104683504e-16,24
96,3,32,krylov,7,722523,6,1.6125803330837005,8.0,0.37647532651370413,2.380116209167547e-16,24
96,3,32,krylov,7,722523,7,1.7549643931762202,9.333333333333334,0.4484289201954758,2.3806682998397056e-16,24
96,3,32,krylov,7,722523,8,1.8887347902945768,10.666666666666666,0.5260311644349498,2.724096904220351e-16,24
96,3,32,krylov,7,722523,9,2.0179363716087186,12.0,0.6115110630452936,2.7244457617960586e-16,24
96,3,32,krylov,7,722523,10,2.1107520167412863,13.333333333333334,0.6801043530988297,2.7818033933522643e-16,24
96,3,32,krylov,7,722523,11,2.1883598892818927,14.666666666666666,0.7425534737841025,2.794687134739721e-16,24
96,3,32,krylov,7,722523,12,2.256749175620511,16.0,0.8017487632887265,2.8508796547194657e-16,24
96,3,32,krylov,7,722523,13,2.3096624624022826,17.333333333333332,0.8504085686015985,2.8533486896917845e-16,24
96,3,32,krylov,7,722523,14,2.3494693417846206,18.666666666666668,0.8887506512913351,4.53969083088627e-16,24
96,3,32,krylov,7,722523,15,2.377718261339737,20.0,0.9169009692110358,4.573844997495143e-16,24
96,3,32,krylov,7,722523,16,2.3994432517895286,21.333333333333332,0.9390975895331314,4.586597384631304e-16,24
96,3,32,krylov,7,722523,17,2.4104872916968763,22.666666666666668,0.9505676206871932,4.591105372020943e-16,24
96,3,32,krylov,7,722523,18,2.4221983767708393,24.0,0.9628696073931073,4.615790712265498e-16,24
96,3,32,krylov,7,722523,19,2.433087769946285,25.333333333333332,0.9744384281357905,4.618106287099156e-16,24
96,3,32,krylov,7,722523,20,2.4430014198805297,26.666666666666668,0.9850807391884855,4.614185754019855e-16,24
96,3,32,krylov,7,722523,21,2.448048709849268,28.0,0.99053967558489,4.62489756971004e-16,24
96,3,32,krylov,7,722523,22,2.45178847863552,29.333333333333332,0.9946022600973771,4.639594065845594e-16,24
96,3,32,krylov,7,722523,23,2.4540195822326125,30.666666666666668,0.9970331975680535,4.6414917888776855e-16,24
96,3,32,krylov,7,722523,24,2.45506243938012,32.0,0.9981713219694539,4.652512721996556e-16,24
96,3,32,reply_null,0,722524,0,0.0,0.0,0.0,0.0,24
96,3,32,reply_null,0,722524,1,0.05675370717510591,1.3333333333333333,0.005474540922360405,0.0,24
96,3,32,reply_null,0,722524,2,0.4399739396666329,2.6666666666666665,0.04981141790601991,5.552662471384435e-16,24
96,3,32,reply_null,0,722524,3,0.8603231186990048,4.0,0.09997652460183715,5.637924607844118e-16,24
96,3,32,reply_null,0,722524,4,0.9596408151030109,5.333333333333333,0.11522268799532648,5.638758457076758e-16,24
96,3,32,reply_null,0,722524,5,1.339891162641626,6.666666666666667,0.1864703585860943,5.647810128276018e-16,24
96,3,32,reply_null,0,722524,6,1.5135353558724742,8.0,0.2204558730216289,5.647827687445427e-16,24
96,3,32,reply_null,0,722524,7,1.5322064503117652,9.333333333333334,0.22266148211817335,5.648012536657905e-16,24
96,3,32,reply_null,0,722524,8,1.8446157143523512,10.666666666666666,0.26773049620714706,5.64808917648433e-16,24
96,3,32,reply_null,0,722524,9,1.8997370738087354,12.0,0.2797628205056999,5.654823302959149e-16,24
96,3,32,reply_null,0,722524,10,2.015400220005979,13.333333333333334,0.2968640140482141,5.654990392309718e-16,24
96,3,32,reply_null,0,722524,11,2.1935493558058727,14.666666666666666,0.32885163646778365,5.659625079384381e-16,24
96,3,32,reply_null,0,722524,12,2.2516202842573123,16.0,0.3410088293741985,6.796369649786069e-16,24
96,3,32,reply_null,0,722524,13,2.4598830085195935,17.333333333333332,0.3880343969294383,6.798780021115443e-16,24
96,3,32,reply_null,0,722524,14,2.548775424437925,18.666666666666668,0.40708842597259803,6.814279466193552e-16,24
96,3,32,reply_null,0,722524,15,2.5587232737542136,20.0,0.40856710217108194,6.816346613320081e-16,24
96,3,32,reply_null,0,722524,16,2.943526157958284,21.333333333333332,0.48563632161154463,5.686568120629854e-16,24
96,3,32,reply_null,0,722524,17,3.0242199658330304,22.666666666666668,0.509510583224522,5.69108849567051e-16,24
96,3,32,reply_null,0,722524,18,3.282939399308382,24.0,0.5734673121413288,5.70217930286696e-16,24
96,3,32,reply_null,0,722524,19,3.6408475628933354,25.333333333333332,0.6958342109942189,5.702588282369353e-16,24
96,3,32,reply_null,0,722524,20,3.688593034510024,26.666666666666668,0.7125535884462403,5.802249660461718e-16,24
96,3,32,reply_null,0,722524,21,3.7420973561605866,28.0,0.7315700811796518,5.805598570404815e-16,24
96,3,32,reply_null,0,722524,22,3.8337768060831365,29.333333333333332,0.7649415346641122,5.833596753850699e-16,24
96,3,32,reply_null,0,722524,23,4.185892582037652,30.666666666666668,0.8810755789165801,5.834793017811841e-16,24
96,3,32,reply_null,0,722524,24,4.297953133281072,32.0,0.9173288121737392,5.804323334749853e-16,24
96,3,32,reply_null,1,722525,0,0.0,0.0,0.0,0.0,24
96,3,32,reply_null,1,722525,1,0.5440678389455506,1.3333333333333333,0.06778139237366733,1.1102230246251565e-16,24
96,3,32,reply_null,1,722525,2,0.8431733241282124,2.6666666666666665,0.11268315291315112,2.3014041201932245e-16,24
96,3,32,reply_null,1,722525,3,0.8943677370082688,4.0,0.11881853854029802,4.474537668083036e-16,24
96,3,32,reply_null,1,722525,4,1.5754572290930235,5.333333333333333,0.2270033341465381,4.475283616227505e-16,24
96,3,32,reply_null,1,722525,5,1.7397975500302145,6.666666666666667,0.25472228804529745,4.477180070688325e-16,24
96,3,32,reply_null,1,722525,6,1.855376471902499,8.0,0.27791486248062003,4.481679052843303e-16,24
96,3,32,reply_null,1,722525,7,1.983092432621904,9.333333333333334,0.29820904531785475,4.484963512196476e-16,24
96,3,32,reply_null,1,722525,8,2.200635266132805,10.666666666666666,0.3535429721803241,4.686783205215508e-16,24
96,3,32,reply_null,1,722525,9,2.4906477357874452,12.0,0.41525872980545236,4.690040642025048e-16,24
96,3,32,reply_null,1,722525,10,2.5186513003069653,13.333333333333334,0.4228678241625207,4.690369525614275e-16,24
96,3,32,reply_null,1,722525,11,2.590024882878503,14.666666666666666,0.44542735827162216,4.704157802159974e-16,24
96,3,32,reply_null,1,722525,12,2.7474385276417923,16.0,0.4859521608581797,4.75158122099638e-16,24
96,3,32,reply_null,1,722525,13,3.1066647789434647,17.333333333333332,0.5835044637922685,4.757645439552438e-16,24
96,3,32,reply_null,1,722525,14,3.208859250154302,18.666666666666668,0.6225161912450236,4.758611671045855e-16,24
96,3,32,reply_null,1,722525,15,3.266480329244983,20.0,0.6438990620473862,4.773036452754125e-16,24
96,3,32,reply_null,1,722525,16,3.403451427760247,21.333333333333332,0.6789336909891717,4.832692398361594e-16,24
96,3,32,reply_null,1,722525,17,3.5434160331297386,22.666666666666668,0.7316486254094857,5.687320587835896e-16,24
96,3,32,reply_null,1,722525,18,3.5497137523957116,24.0,0.7329946557885985,5.689566092175474e-16,24
96,3,32,reply_null,1,722525,19,3.576306616634233,25.333333333333332,0.7388252262209503,5.695430042663973e-16,24
96,3,32,reply_null,1,722525,20,3.5815541877465837,26.666666666666668,0.7410025316297174,5.907986533860837e-16,24
96,3,32,reply_null,1,722525,21,3.6958086940436465,28.0,0.7699712644619844,5.9206181256391565e-16,24
96,3,32,reply_null,1,722525,22,3.7792162653235795,29.333333333333332,0.8066842969058855,5.923685429654985e-16,24
96,3,32,reply_null,1,722525,23,3.8153317013158294,30.666666666666668,0.8195029951838466,5.928061468380285e-16,24
96,3,32,reply_null,1,722525,24,3.863164674084093,32.0,0.8350557899258598,5.892245605641076e-16,24
96,3,32,reply_null,2,722526,0,0.0,0.0,0.0,0.0,24
96,3,32,reply_null,2,722526,1,0.09666446462821622,1.3333333333333333,0.009514755235300643,3.3306690738754696e-16,24
96,3,32,reply_null,2,722526,2,0.17108238998886502,2.6666666666666665,0.017350454064267846,7.789826988890653e-16,24
96,3,32,reply_null,2,722526,3,0.512214617544779,4.0,0.05612306458807757,7.790176499339444e-16,24
96,3,32,reply_null,2,722526,4,0.829567901486582,5.333333333333333,0.10445243025792664,7.790226594622438e-16,24
96,3,32,reply_null,2,722526,5,0.8948393979213665,6.666666666666667,0.11297502884854557,7.809973642408111e-16,24
96,3,32,reply_null,2,722526,6,1.0115908684244976,8.0,0.129939280247119,7.810070999246018e-16,24
96,3,32,reply_null,2,722526,7,1.0812661640830672,9.333333333333334,0.13741319697287263,7.810701584688953e-16,24
96,3,32,reply_null,2,722526,8,1.332610348907092,10.666666666666666,0.17158726453497286,7.816861207486851e-16,24
96,3,32,reply_null,2,722526,9,1.4825739056255727,12.0,0.1963943354599401,7.818485348216087e-16,24
96,3,32,reply_null,2,722526,10,1.5133393383616958,13.333333333333334,0.20143858758733968,7.819436888229886e-16,24
96,3,32,reply_null,2,722526,11,1.5242474062704465,14.666666666666666,0.2034593968413135,7.821641119710015e-16,24
96,3,32,reply_null,2,722526,12,1.5812213851941668,16.0,0.2147465285474572,7.866975585187653e-16,24
96,3,32,reply_null,2,722526,13,1.7233182312437885,17.333333333333332,0.2434792372334536,7.8669970818612735e-16,24
96,3,32,reply_null,2,722526,14,1.8115510354662363,18.666666666666668,0.26368931672977214,7.867704746754118e-16,24
96,3,32,reply_null,2,722526,15,1.9216230973970783,20.0,0.2838570835146655,7.868103774545561e-16,24
96,3,32,reply_null,2,722526,16,1.9658781848395486,21.333333333333332,0.2901624591401539,7.858224718833601e-16,24
96,3,32,reply_null,2,722526,17,2.2155538539630877,22.666666666666668,0.3338806946691912,7.858352395255406e-16,24
96,3,32,reply_null,2,722526,18,2.5875914462512846,24.0,0.4002896489787733,7.860693023116908e-16,24
96,3,32,reply_null,2,722526,19,2.8097621951156535,25.333333333333332,0.4445819025740572,7.861094940254088e-16,24
96,3,32,reply_null,2,722526,20,2.8806731230618157,26.666666666666668,0.4607704715683727,7.863859193807631e-16,24
96,3,32,reply_null,2,722526,21,3.022600594515832,28.0,0.4944051970016172,7.864509913020267e-16,24
96,3,32,reply_null,2,722526,22,3.0785169526188167,29.333333333333332,0.5092736836798936,7.866331082063785e-16,24
96,3,32,reply_null,2,722526,23,3.148586013088769,30.666666666666668,0.5277812601877072,7.866490041713483e-16,24
96,3,32,reply_null,2,722526,24,3.2629053506685506,32.0,0.5576394693965205,7.881160593300042e-16,24
96,3,32,reply_null,3,722527,0,0.0,0.0,0.0,0.0,24
96,3,32,reply_null,3,722527,1,0.08345581484407244,1.3333333333333333,0.008159735936652314,4.440892098500626e-16,24
96,3,32,reply_null,3,722527,2,0.14009536139979747,2.6666666666666665,0.01377037416999232,7.771718497660219e-16,24
96,3,32,reply_null,3,722527,3,0.2547608451766818,4.0,0.02581998931489827,7.774160779941322e-16,24
96,3,32,reply_null,3,722527,4,0.36229892599163843,5.333333333333333,0.03732868536709474,7.776721213254049e-16,24
96,3,32,reply_null,3,722527,5,0.4177631387198503,6.666666666666667,0.04332436173424838,7.778662005058716e-16,24
96,3,32,reply_null,3,722527,6,0.585105140233087,8.0,0.0626970262967962,7.778796752827234e-16,24
96,3,32,reply_null,3,722527,7,0.7579724013203638,9.333333333333334,0.08342806620860847,7.780147607133456e-16,24
96,3,32,reply_null,3,722527,8,0.9291646028395889,10.666666666666666,0.10650599092669394,7.781563102316816e-16,24
96,3,32,reply_null,3,722527,9,1.0885394915537805,12.0,0.1290334239379674,7.795899949020324e-16,24
96,3,32,reply_null,3,722527,10,1.2584663565917984,13.333333333333334,0.15303383294588094,7.803265003527679e-16,24
96,3,32,reply_null,3,722527,11,1.4766950850040943,14.666666666666666,0.1896928858734773,7.803310369341839e-16,24
96,3,32,reply_null,3,722527,12,1.585152339660146,16.0,0.20325323685699362,7.840988368758271e-16,24
96,3,32,reply_null,3,722527,13,1.781683930144062,17.333333333333332,0.23365933376386702,7.840999167553107e-16,24
96,3,32,reply_null,3,722527,14,2.0738009264646595,18.666666666666668,0.28685400487609763,7.841190070930248e-16,24
96,3,32,reply_null,3,722527,15,2.1077436263141367,20.0,0.29262644269483723,7.849734307911338e-16,24
96,3,32,reply_null,3,722527,16,2.426076036976241,21.333333333333332,0.36276929092787186,7.841884850459336e-16,24
96,3,32,reply_null,3,722527,17,2.8159850563297275,22.666666666666668,0.45461203691833374,7.854015100830192e-16,24
96,3,32,reply_null,3,722527,18,2.972979766603053,24.0,0.49329191197000605,7.8547862139091575e-16,24
96,3,32,reply_null,3,722527,19,3.3322004994166012,25.333333333333332,0.5796000098193388,7.857280347773235e-16,24
96,3,32,reply_null,3,722527,20,3.460624810694367,26.666666666666668,0.6207838019081426,7.865936686971259e-16,24
96,3,32,reply_null,3,722527,21,3.600181801977416,28.0,0.6687047132726902,7.867585302196047e-16,24
96,3,32,reply_null,3,722527,22,3.6155819291560114,29.333333333333332,0.6746118237521642,7.867588260166362e-16,24
96,3,32,reply_null,3,722527,23,3.717290865673178,30.666666666666668,0.7013134763837079,7.867596187510527e-16,24
96,3,32,reply_null,3,722527,24,3.7591680817291584,32.0,0.7150929074524145,7.863164094099388e-16,24
96,3,32,reply_null,4,722528,0,0.0,0.0,0.0,0.0,24
96,3,32,reply_null,4,722528,1,0.10306454998821295,1.3333333333333333,0.010177777921202119,1.1102230246251565e-16,24
96,3,32,reply_null,4,722528,2,0.3508013262327503,2.6666666666666665,0.037960857205171276,3.3307207059562226e-16,24
96,3,32,reply_null,4,722528,3,0.5583577309499024,4.0,0.06490820973796871,3.331747022076245e-16,24
96,3,32,reply_null,4,722528,4,0.7140793375950059,5.333333333333333,0.08395677779850479,4.472040610983259e-16,24
96,3,32,reply_null,4,722528,5,0.9245646777146383,6.666666666666667,0.10897755180158646,4.475820955797951e-16,24
96,3,32,reply_null,4,722528,6,1.2342792915084881,8.0,0.16554114499761297,5.575106884713379e-16,24
96,3,32,reply_null,4,722528,7,1.2451668918249477,9.333333333333334,0.16757725902442594,5.579953398936468e-16,24
96,3,32,reply_null,4,722528,8,1.6156996369987229,10.666666666666666,0.2239074212964208,5.581965980570375e-16,24
96,3,32,reply_null,4,722528,9,1.8374240729099216,12.0,0.2747343607695935,6.682445105661617e-16,24
96,3,32,reply_null,4,722528,10,1.9912091774046545,13.333333333333334,0.30616928228146006,6.684931633320978e-16,24
96,3,32,reply_null,4,722528,11,2.05780783743024,14.666666666666666,0.3146953032448327,6.690894720192805e-16,24
96,3,32,reply_null,4,722528,12,2.11697360776167,16.0,0.3231343588947978,5.596857124172839e-16,24
96,3,32,reply_null,4,722528,13,2.351712586749246,17.333333333333332,0.35963929393255667,5.598721530228026e-16,24
96,3,32,reply_null,4,722528,14,2.418232679608664,18.666666666666668,0.3754871738447712,5.605283202104937e-16,24
96,3,32,reply_null,4,722528,15,2.5078964993753132,20.0,0.39385491128697786,5.619152089414843e-16,24
96,3,32,reply_null,4,722528,16,2.6016059014898754,21.333333333333332,0.41165847145406204,6.769661011713973e-16,24
96,3,32,reply_null,4,722528,17,2.7053180662471865,22.666666666666668,0.4329026892341838,6.770653796634555e-16,24
96,3,32,reply_null,4,722528,18,2.932380239975666,24.0,0.49419720421793717,6.799722472220653e-16,24
96,3,32,reply_null,4,722528,19,3.066133163300842,25.333333333333332,0.5265296618926225,6.800592326140069e-16,24
96,3,32,reply_null,4,722528,20,3.070597102697084,26.666666666666668,0.52754760748344,6.799548140172449e-16,24
96,3,32,reply_null,4,722528,21,3.319697745093359,28.0,0.5973201734899266,6.807002083233348e-16,24
96,3,32,reply_null,4,722528,22,3.403946372431375,29.333333333333332,0.6237227496242367,6.807128277321694e-16,24
96,3,32,reply_null,4,722528,23,3.510526736796966,30.666666666666668,0.6520585699434045,6.807151718978365e-16,24
96,3,32,reply_null,4,722528,24,3.557527145101086,32.0,0.66507000200923,6.837272807631944e-16,24
96,3,32,reply_null,5,722529,0,0.0,0.0,0.0,0.0,24
96,3,32,reply_null,5,722529,1,0.10277099081767392,1.3333333333333333,0.010147273446572864,1.1102230246251565e-16,24
96,3,32,reply_null,5,722529,2,0.49031084692834304,2.6666666666666665,0.05711288559808018,4.452025220331379e-16,24
96,3,32,reply_null,5,722529,3,0.7289115269581925,4.0,0.08325361004348494,4.465164470910182e-16,24
96,3,32,reply_null,5,722529,4,0.9519251770606073,5.333333333333333,0.10991172754066857,6.663733341797367e-16,24
96,3,32,reply_null,5,722529,5,0.9911636829744739,6.666666666666667,0.11479534010016323,6.666097447686973e-16,24
96,3,32,reply_null,5,722529,6,1.1838073291055682,8.0,0.14011623869856554,6.680286304894741e-16,24
96,3,32,reply_null,5,722529,7,1.2810844019371186,9.333333333333334,0.15398676353832674,6.681737838071171e-16,24
96,3,32,reply_null,5,722529,8,1.4264008253856535,10.666666666666666,0.17969470661155976,6.699975808221989e-16,24
96,3,32,reply_null,5,722529,9,1.474446608004653,12.0,0.18577182365158762,6.7030745820641045e-16,24
96,3,32,reply_null,5,722529,10,1.5086567261906372,13.333333333333334,0.1913650967174394,6.709046447093858e-16,24
96,3,32,reply_null,5,722529,11,1.5182623882760646,14.666666666666666,0.19273130452882584,6.818239939290586e-16,24
96,3,32,reply_null,5,722529,12,1.988032930600387,16.0,0.29008655460877,6.739525870892725e-16,24
96,3,32,reply_null,5,722529,13,2.222310170149145,17.333333333333332,0.33160982431334346,6.76730854291064e-16,24
96,3,32,reply_null,5,722529,14,2.481936731704973,18.666666666666668,0.40825189959342406,6.768453609216667e-16,24
96,3,32,reply_null,5,722529,15,2.614088932090112,20.0,0.43612399532012114,6.775979630395528e-16,24
96,3,32,reply_null,5,722529,16,2.775315453785477,21.333333333333332,0.4783763367320647,6.845479456946992e-16,24
96,3,32,reply_null,5,722529,17,2.9991435772478474,22.666666666666668,0.5236719144481005,6.845631220074924e-16,24
96,3,32,reply_null,5,722529,18,3.034874596520571,24.0,0.5298034624356882,6.851825223455499e-16,24
96,3,32,reply_null,5,722529,19,3.037894590116653,25.333333333333332,0.5304058003700552,6.851920278828524e-16,24
96,3,32,reply_null,5,722529,20,3.064578695224869,26.666666666666668,0.5366571648344628,6.861270774698442e-16,24
96,3,32,reply_null,5,722529,21,3.1805663972970097,28.0,0.5654634323802494,6.92694211681536e-16,24
96,3,32,reply_null,5,722529,22,3.2333712295227466,29.333333333333332,0.5806949534965653,6.938031155491861e-16,24
96,3,32,reply_null,5,722529,23,3.2583449410145593,30.666666666666668,0.5864960140292578,6.938031623351914e-16,24
96,3,32,reply_null,5,722529,24,3.380341270700484,32.0,0.6137891163053442,7.080218034912526e-16,24
96,3,32,reply_null,6,722530,0,0.0,0.0,0.0,0.0,24
96,3,32,reply_null,6,722530,1,0.32478486204294876,1.3333333333333333,0.03597496129521146,0.0,24
96,3,32,reply_null,6,722530,2,0.4835994253705865,2.6666666666666665,0.055807600064811454,2.223216548348993e-16,24
96,3,32,reply_null,6,722530,3,0.6448426461535931,4.0,0.0726337523000856,3.3677350242073053e-16,24
96,3,32,reply_null,6,722530,4,1.0795234894716823,5.333333333333333,0.12652934990759604,3.387777639925775e-16,24
96,3,32,reply_null,6,722530,5,1.1582211233233723,6.666666666666667,0.13808934655677457,4.51135276826042e-16,24
96,3,32,reply_null,6,722530,6,1.4227531551989676,8.0,0.17507841582932612,5.586129353764967e-16,24
96,3,32,reply_null,6,722530,7,1.6690179958519755,9.333333333333334,0.2168292580815761,5.586359377982304e-16,24
96,3,32,reply_null,6,722530,8,2.2173530424447683,10.666666666666666,0.3225745918263894,5.617683723784137e-16,24
96,3,32,reply_null,6,722530,9,2.5085150655838344,12.0,0.398332947287595,5.730706015344124e-16,24
96,3,32,reply_null,6,722530,10,2.532455722125718,13.333333333333334,0.4029374575615762,8.940513233231104e-16,24
96,3,32,reply_null,6,722530,11,2.728730046817173,14.666666666666666,0.4367981262134939,8.946760748115598e-16,24
96,3,32,reply_null,6,722530,12,2.9357020682395163,16.0,0.49750824106770003,5.626735198508532e-16,24
96,3,32,reply_null,6,722530,13,3.0529904251456763,17.333333333333332,0.5239387470614014,5.627125152008974e-16,24
96,3,32,reply_null,6,722530,14,3.0922670379080563,18.666666666666668,0.5373755543544437,5.649053369193165e-16,24
96,3,32,reply_null,6,722530,15,3.2438967809275887,20.0,0.5768052000204407,5.649116219750201e-16,24
96,3,32,reply_null,6,722530,16,3.295631356916387,21.333333333333332,0.5898263692100414,8.98164345713133e-16,24
96,3,32,reply_null,6,722530,17,3.3393745549062954,22.666666666666668,0.6029355368858151,8.986905879266652e-16,24
96,3,32,reply_null,6,722530,18,3.5800078481957733,24.0,0.6737474628754109,8.988572478864753e-16,24
96,3,32,reply_null,6,722530,19,3.784985035170232,25.333333333333332,0.7260704109626003,8.991567225676638e-16,24
96,3,32,reply_null,6,722530,20,3.854506104624755,26.666666666666668,0.7487292397570499,8.984508936871975e-16,24
96,3,32,reply_null,6,722530,21,3.9042481031883387,28.0,0.764776400950002,8.98486810855947e-16,24
96,3,32,reply_null,6,722530,22,4.136611147269253,29.333333333333332,0.8433431296274302,8.985101174335265e-16,24
96,3,32,reply_null,6,722530,23,4.2170199053943165,30.666666666666668,0.8790553085794971,8.985132841908656e-16,24
96,3,32,reply_null,6,722530,24,4.304388674043034,32.0,0.9122068652506988,9.01286262214815e-16,24
96,3,32,reply_null,7,722531,0,0.0,0.0,0.0,0.0,24
96,3,32,reply_null,7,722531,1,0.2676498779921987,1.3333333333333333,0.028770889606019933,2.220446049250313e-16,24
96,3,32,reply_null,7,722531,2,0.5249770555526886,2.6666666666666665,0.05962173032654424,2.2207023542339223e-16,24
96,3,32,reply_null,7,722531,3,0.6604788550810514,4.0,0.074578898646324,2.2225966100659633e-16,24
96,3,32,reply_null,7,722531,4,0.8585401124390196,5.333333333333333,0.09732604432227396,2.3571087339739567e-16,24
96,3,32,reply_null,7,722531,5,1.2024886913637043,6.666666666666667,0.15007461416474976,8.895996421845595e-16,24
96,3,32,reply_null,7,722531,6,1.361670449139865,8.0,0.17155087353088908,8.908078681849022e-16,24
96,3,32,reply_null,7,722531,7,1.4064297543840725,9.333333333333334,0.17746079816589702,8.916855476433833e-16,24
96,3,32,reply_null,7,722531,8,1.4995675807961442,10.666666666666666,0.19290079346375713,8.916871943380175e-16,24
96,3,32,reply_null,7,722531,9,1.5329850174535133,12.0,0.19749412858840715,8.91873028916533e-16,24
96,3,32,reply_null,7,722531,10,1.8319452577686886,13.333333333333334,0.2599256522739831,8.92076868874798e-16,24
96,3,32,reply_null,7,722531,11,2.0858434236943486,14.666666666666666,0.32141612067566155,8.923096371619137e-16,24
96,3,32,reply_null,7,722531,12,2.570806387490166,16.0,0.41390629073352325,8.925342268561956e-16,24
96,3,32,reply_null,7,722531,13,2.616912583186672,17.333333333333332,0.42754260127851695,8.929046529974024e-16,24
96,3,32,reply_null,7,722531,14,3.091541476435167,18.666666666666668,0.5258223086668887,8.929241374567982e-16,24
96,3,32,reply_null,7,722531,15,3.158153696782345,20.0,0.5447536464367017,8.949342293580019e-16,24
96,3,32,reply_null,7,722531,16,3.186834620895523,21.333333333333332,0.5504996480792573,8.974570245620476e-16,24
96,3,32,reply_null,7,722531,17,3.3144439171065936,22.666666666666668,0.5850971463740862,8.978563430410217e-16,24
96,3,32,reply_null,7,722531,18,3.3734355269598892,24.0,0.6021412689144298,8.98282024318715e-16,24
96,3,32,reply_null,7,722531,19,3.4250215439616456,25.333333333333332,0.6173350475486992,8.98431920767589e-16,24
96,3,32,reply_null,7,722531,20,3.561678855106055,26.666666666666668,0.6639175642912469,9.018540537500115e-16,24
96,3,32,reply_null,7,722531,21,3.7647844589424166,28.0,0.7272180336556944,9.018952367932966e-16,24
96,3,32,reply_null,7,722531,22,3.7799832172621097,29.333333333333332,0.7327376017520068,9.020067840984466e-16,24
96,3,32,reply_null,7,722531,23,3.796008747045975,30.666666666666668,0.7390977127374649,9.026732861574914e-16,24
96,3,32,reply_null,7,722531,24,3.886359201983563,32.0,0.7654582517567503,9.04224794147376e-16,24
