COMMAND ["/Users/georgestepaniants/.elan/toolchains/leanprover--lean4---v4.33.1/bin/lean", "-o", "/tmp/nla-lean-formalization/independent-prefixes/mi03-statement-referee1-swkl5g8w/Inspect.olean", "-i", "/tmp/nla-lean-formalization/independent-prefixes/mi03-statement-referee1-swkl5g8w/Inspect.ilean", "/private/tmp/nla-lean-mi03-worktree/matrix-inequalities-and-norms/MI-03/lean/reviews/statement-referee-1-evidence/Inspect.lean"]
@[reducible] def NLA.MI03.Mat : Nat → Type :=
fun n => Matrix.{0, 0, 0} (Fin n) (Fin n) Complex
'NLA.MI03.Mat' depends on axioms: [propext, Classical.choice.{u}, Quot.sound.{u}]
def NLA.MI03.matrixModulus : {n : Nat} → NLA.MI03.Mat n → NLA.MI03.Mat n :=
fun {n} A =>
  @CFC.sqrt.{0} (NLA.MI03.Mat n) (@Matrix.instPartialOrder.{0, 0} Complex (Fin n) Complex.instRCLike)
    (@Matrix.instNonUnitalRing.{0, 0} (Fin n) Complex (Fin.fintype n)
      (@NonUnitalCommRing.toNonUnitalRing.{0} Complex Complex.instNonUnitalCommRing))
    (@instTopologicalSpaceMatrix.{0, 0, 0} (Fin n) (Fin n) Complex
      (@UniformSpace.toTopologicalSpace.{0} Complex
        (@PseudoMetricSpace.toUniformSpace.{0} Complex
          (@SeminormedRing.toPseudoMetricSpace.{0} Complex
            (@SeminormedCommRing.toSeminormedRing.{0} Complex
              (@NormedCommRing.toSeminormedCommRing.{0} Complex
                (@CommCStarAlgebra.toNormedCommRing.{0} Complex instCommCStarAlgebraComplex)))))))
    (@Matrix.instStarRing.{0, 0} (Fin n) Complex (Fin.fintype n)
      (@NonUnitalNonAssocRing.toNonUnitalNonAssocSemiring.{0} Complex
        (@NonUnitalNonAssocCommRing.toNonUnitalNonAssocRing.{0} Complex
          (@NonUnitalCommRing.toNonUnitalNonAssocCommRing.{0} Complex Complex.instNonUnitalCommRing)))
      Complex.instStarRing)
    (@Matrix.module.{0, 0, 0, 0} (Fin n) (Fin n) Real Complex Real.semiring Complex.instAddCommMonoid
      (@NormedSpace.toModule.{0, 0} Real Complex Real.normedField
        (@NonUnitalSeminormedRing.toSeminormedAddCommGroup.{0} Complex
          (@NonUnitalSeminormedCommRing.toNonUnitalSeminormedRing.{0} Complex
            (@SeminormedCommRing.toNonUnitalSeminormedCommRing.{0} Complex
              (@NormedCommRing.toSeminormedCommRing.{0} Complex
                (@CommCStarAlgebra.toNormedCommRing.{0} Complex instCommCStarAlgebraComplex)))))
        (@InnerProductSpace.toNormedSpace.{0, 0} Real Complex Real.instRCLike
          (@NonUnitalSeminormedRing.toSeminormedAddCommGroup.{0} Complex
            (@NonUnitalSeminormedCommRing.toNonUnitalSeminormedRing.{0} Complex
              (@SeminormedCommRing.toNonUnitalSeminormedCommRing.{0} Complex
                (@NormedCommRing.toSeminormedCommRing.{0} Complex
                  (@CommCStarAlgebra.toNormedCommRing.{0} Complex instCommCStarAlgebraComplex)))))
          instInnerProductSpaceRealComplex)))
    ⋯ ⋯ ⋯ ⋯ ⋯
    (@HMul.hMul.{0, 0, 0} (Matrix.{0, 0, 0} (Fin n) (Fin n) Complex) (NLA.MI03.Mat n)
      (Matrix.{0, 0, 0} (Fin n) (Fin n) Complex)
      (@Matrix.instHMulOfFintypeOfMulOfAddCommMonoid.{0, 0, 0, 0} (Fin n) (Fin n) (Fin n) Complex (Fin.fintype n)
        Complex.instMul Complex.instAddCommMonoid)
      (@Matrix.conjTranspose.{0, 0, 0} (Fin n) (Fin n) Complex
        (@InvolutiveStar.toStar.{0} Complex
          (@StarAddMonoid.toInvolutiveStar.{0} Complex
            (@AddCommMonoid.toAddMonoid.{0} Complex
              (@NonUnitalNonAssocSemiring.toAddCommMonoid.{0} Complex
                (@NonUnitalNonAssocRing.toNonUnitalNonAssocSemiring.{0} Complex
                  (@NonUnitalNonAssocCommRing.toNonUnitalNonAssocRing.{0} Complex
                    (@NonUnitalCommRing.toNonUnitalNonAssocCommRing.{0} Complex Complex.instNonUnitalCommRing)))))
            (@StarRing.toStarAddMonoid.{0} Complex
              (@NonUnitalNonAssocRing.toNonUnitalNonAssocSemiring.{0} Complex
                (@NonUnitalNonAssocCommRing.toNonUnitalNonAssocRing.{0} Complex
                  (@NonUnitalCommRing.toNonUnitalNonAssocCommRing.{0} Complex Complex.instNonUnitalCommRing)))
              Complex.instStarRing)))
        A)
      A)
'NLA.MI03.matrixModulus' depends on axioms: [propext, Classical.choice.{u}, Quot.sound.{u}]
def NLA.MI03.operatorNorm : {n : Nat} → NLA.MI03.Mat n → Real :=
fun {n} A =>
  @norm.{0}
    (@ContinuousLinearMap.{0, 0, 0, 0} Complex Complex
      (@DivisionSemiring.toSemiring.{0} Complex
        (@Semifield.toDivisionSemiring.{0} Complex
          (@Field.toSemifield.{0} Complex
            (@NormedField.toField.{0} Complex
              (@DenselyNormedField.toNormedField.{0} Complex
                (@RCLike.toDenselyNormedField.{0} Complex Complex.instRCLike))))))
      (@DivisionSemiring.toSemiring.{0} Complex
        (@Semifield.toDivisionSemiring.{0} Complex
          (@Field.toSemifield.{0} Complex
            (@NormedField.toField.{0} Complex
              (@DenselyNormedField.toNormedField.{0} Complex
                (@RCLike.toDenselyNormedField.{0} Complex Complex.instRCLike))))))
      (@RingHom.id.{0} Complex
        (@Semiring.toNonAssocSemiring.{0} Complex
          (@DivisionSemiring.toSemiring.{0} Complex
            (@Semifield.toDivisionSemiring.{0} Complex
              (@Field.toSemifield.{0} Complex
                (@NormedField.toField.{0} Complex
                  (@DenselyNormedField.toNormedField.{0} Complex
                    (@RCLike.toDenselyNormedField.{0} Complex Complex.instRCLike))))))))
      (EuclideanSpace.{0, 0} Complex (Fin n))
      (@PiLp.topologicalSpace.{0, 0}
        (@OfNat.ofNat.{0} ENNReal (nat_lit 2)
          (@instOfNatAtLeastTwo.{0} ENNReal (nat_lit 2)
            (@AddMonoidWithOne.toNatCast.{0} ENNReal
              (@AddCommMonoidWithOne.toAddMonoidWithOne.{0} ENNReal ENNReal.instAddCommMonoidWithOne))
            PiLp.innerProductSpace._proof_1))
        (Fin n) (fun x => Complex) fun i =>
        @UniformSpace.toTopologicalSpace.{0} Complex
          (@PseudoMetricSpace.toUniformSpace.{0} Complex
            (@SeminormedRing.toPseudoMetricSpace.{0} Complex
              (@SeminormedCommRing.toSeminormedRing.{0} Complex
                (@NormedCommRing.toSeminormedCommRing.{0} Complex
                  (@NormedField.toNormedCommRing.{0} Complex
                    (@DenselyNormedField.toNormedField.{0} Complex
                      (@RCLike.toDenselyNormedField.{0} Complex Complex.instRCLike))))))))
      (@AddCommGroup.toAddCommMonoid.{0} (EuclideanSpace.{0, 0} Complex (Fin n))
        (@WithLp.instAddCommGroup.{0}
          (@OfNat.ofNat.{0} ENNReal (nat_lit 2)
            (@instOfNatAtLeastTwo.{0} ENNReal (nat_lit 2)
              (@AddMonoidWithOne.toNatCast.{0} ENNReal
                (@AddCommMonoidWithOne.toAddMonoidWithOne.{0} ENNReal ENNReal.instAddCommMonoidWithOne))
              PiLp.innerProductSpace._proof_1))
          ((i : Fin n) → (fun x => Complex) i)
          (@Pi.addCommGroup.{0, 0} (Fin n) (fun x => Complex) fun i =>
            @Ring.toAddCommGroup.{0} Complex
              (@DivisionRing.toRing.{0} Complex
                (@Field.toDivisionRing.{0} Complex
                  (@NormedField.toField.{0} Complex
                    (@DenselyNormedField.toNormedField.{0} Complex
                      (@RCLike.toDenselyNormedField.{0} Complex Complex.instRCLike))))))))
      (EuclideanSpace.{0, 0} Complex (Fin n))
      (@PiLp.topologicalSpace.{0, 0}
        (@OfNat.ofNat.{0} ENNReal (nat_lit 2)
          (@instOfNatAtLeastTwo.{0} ENNReal (nat_lit 2)
            (@AddMonoidWithOne.toNatCast.{0} ENNReal
              (@AddCommMonoidWithOne.toAddMonoidWithOne.{0} ENNReal ENNReal.instAddCommMonoidWithOne))
            PiLp.innerProductSpace._proof_1))
        (Fin n) (fun x => Complex) fun i =>
        @UniformSpace.toTopologicalSpace.{0} Complex
          (@PseudoMetricSpace.toUniformSpace.{0} Complex
            (@SeminormedRing.toPseudoMetricSpace.{0} Complex
              (@SeminormedCommRing.toSeminormedRing.{0} Complex
                (@NormedCommRing.toSeminormedCommRing.{0} Complex
                  (@NormedField.toNormedCommRing.{0} Complex
                    (@DenselyNormedField.toNormedField.{0} Complex
                      (@RCLike.toDenselyNormedField.{0} Complex Complex.instRCLike))))))))
      (@AddCommGroup.toAddCommMonoid.{0} (EuclideanSpace.{0, 0} Complex (Fin n))
        (@WithLp.instAddCommGroup.{0}
          (@OfNat.ofNat.{0} ENNReal (nat_lit 2)
            (@instOfNatAtLeastTwo.{0} ENNReal (nat_lit 2)
              (@AddMonoidWithOne.toNatCast.{0} ENNReal
                (@AddCommMonoidWithOne.toAddMonoidWithOne.{0} ENNReal ENNReal.instAddCommMonoidWithOne))
              PiLp.innerProductSpace._proof_1))
          ((i : Fin n) → (fun x => Complex) i)
          (@Pi.addCommGroup.{0, 0} (Fin n) (fun x => Complex) fun i =>
            @Ring.toAddCommGroup.{0} Complex
              (@DivisionRing.toRing.{0} Complex
                (@Field.toDivisionRing.{0} Complex
                  (@NormedField.toField.{0} Complex
                    (@DenselyNormedField.toNormedField.{0} Complex
                      (@RCLike.toDenselyNormedField.{0} Complex Complex.instRCLike))))))))
      (@WithLp.instModule.{0, 0}
        (@OfNat.ofNat.{0} ENNReal (nat_lit 2)
          (@instOfNatAtLeastTwo.{0} ENNReal (nat_lit 2)
            (@AddMonoidWithOne.toNatCast.{0} ENNReal
              (@AddCommMonoidWithOne.toAddMonoidWithOne.{0} ENNReal ENNReal.instAddCommMonoidWithOne))
            PiLp.innerProductSpace._proof_1))
        Complex ((i : Fin n) → (fun x => Complex) i)
        (@DivisionSemiring.toSemiring.{0} Complex
          (@Semifield.toDivisionSemiring.{0} Complex
            (@Field.toSemifield.{0} Complex
              (@NormedField.toField.{0} Complex
                (@DenselyNormedField.toNormedField.{0} Complex
                  (@RCLike.toDenselyNormedField.{0} Complex Complex.instRCLike))))))
        (@Pi.addCommGroup.{0, 0} (Fin n) (fun x => Complex) fun i =>
          @Ring.toAddCommGroup.{0} Complex
            (@DivisionRing.toRing.{0} Complex
              (@Field.toDivisionRing.{0} Complex
                (@NormedField.toField.{0} Complex
                  (@DenselyNormedField.toNormedField.{0} Complex
                    (@RCLike.toDenselyNormedField.{0} Complex Complex.instRCLike))))))
        (@Pi.Function.module.{0, 0, 0} (Fin n) Complex Complex
          (@DivisionSemiring.toSemiring.{0} Complex
            (@Semifield.toDivisionSemiring.{0} Complex
              (@Field.toSemifield.{0} Complex
                (@NormedField.toField.{0} Complex
                  (@DenselyNormedField.toNormedField.{0} Complex
                    (@RCLike.toDenselyNormedField.{0} Complex Complex.instRCLike))))))
          (@Semiring.toAddCommMonoid.{0} Complex
            (@Ring.toSemiring.{0} Complex
              (@DivisionRing.toRing.{0} Complex
                (@Field.toDivisionRing.{0} Complex
                  (@NormedField.toField.{0} Complex
                    (@DenselyNormedField.toNormedField.{0} Complex
                      (@RCLike.toDenselyNormedField.{0} Complex Complex.instRCLike)))))))
          (@Semiring.toModule.{0} Complex
            (@DivisionSemiring.toSemiring.{0} Complex
              (@Semifield.toDivisionSemiring.{0} Complex
                (@Field.toSemifield.{0} Complex
                  (@NormedField.toField.{0} Complex
                    (@DenselyNormedField.toNormedField.{0} Complex
                      (@RCLike.toDenselyNormedField.{0} Complex Complex.instRCLike)))))))))
      (@WithLp.instModule.{0, 0}
        (@OfNat.ofNat.{0} ENNReal (nat_lit 2)
          (@instOfNatAtLeastTwo.{0} ENNReal (nat_lit 2)
            (@AddMonoidWithOne.toNatCast.{0} ENNReal
              (@AddCommMonoidWithOne.toAddMonoidWithOne.{0} ENNReal ENNReal.instAddCommMonoidWithOne))
            PiLp.innerProductSpace._proof_1))
        Complex ((i : Fin n) → (fun x => Complex) i)
        (@DivisionSemiring.toSemiring.{0} Complex
          (@Semifield.toDivisionSemiring.{0} Complex
            (@Field.toSemifield.{0} Complex
              (@NormedField.toField.{0} Complex
                (@DenselyNormedField.toNormedField.{0} Complex
                  (@RCLike.toDenselyNormedField.{0} Complex Complex.instRCLike))))))
        (@Pi.addCommGroup.{0, 0} (Fin n) (fun x => Complex) fun i =>
          @Ring.toAddCommGroup.{0} Complex
            (@DivisionRing.toRing.{0} Complex
              (@Field.toDivisionRing.{0} Complex
                (@NormedField.toField.{0} Complex
                  (@DenselyNormedField.toNormedField.{0} Complex
                    (@RCLike.toDenselyNormedField.{0} Complex Complex.instRCLike))))))
        (@Pi.Function.module.{0, 0, 0} (Fin n) Complex Complex
          (@DivisionSemiring.toSemiring.{0} Complex
            (@Semifield.toDivisionSemiring.{0} Complex
              (@Field.toSemifield.{0} Complex
                (@NormedField.toField.{0} Complex
                  (@DenselyNormedField.toNormedField.{0} Complex
                    (@RCLike.toDenselyNormedField.{0} Complex Complex.instRCLike))))))
          (@Semiring.toAddCommMonoid.{0} Complex
            (@Ring.toSemiring.{0} Complex
              (@DivisionRing.toRing.{0} Complex
                (@Field.toDivisionRing.{0} Complex
                  (@NormedField.toField.{0} Complex
                    (@DenselyNormedField.toNormedField.{0} Complex
                      (@RCLike.toDenselyNormedField.{0} Complex Complex.instRCLike)))))))
          (@Semiring.toModule.{0} Complex
            (@DivisionSemiring.toSemiring.{0} Complex
              (@Semifield.toDivisionSemiring.{0} Complex
                (@Field.toSemifield.{0} Complex
                  (@NormedField.toField.{0} Complex
                    (@DenselyNormedField.toNormedField.{0} Complex
                      (@RCLike.toDenselyNormedField.{0} Complex Complex.instRCLike))))))))))
    (@ContinuousLinearMap.hasOpNorm.{0, 0, 0, 0} Complex Complex (EuclideanSpace.{0, 0} Complex (Fin n))
      (EuclideanSpace.{0, 0} Complex (Fin n))
      (@PiLp.seminormedAddCommGroup.{0, 0}
        (@OfNat.ofNat.{0} ENNReal (nat_lit 2)
          (@instOfNatAtLeastTwo.{0} ENNReal (nat_lit 2)
            (@AddMonoidWithOne.toNatCast.{0} ENNReal
              (@AddCommMonoidWithOne.toAddMonoidWithOne.{0} ENNReal ENNReal.instAddCommMonoidWithOne))
            PiLp.innerProductSpace._proof_1))
        (Fin n) (fun x => Complex) fact_one_le_two_ennreal (Fin.fintype n) fun i =>
        @NonUnitalSeminormedRing.toSeminormedAddCommGroup.{0} Complex
          (@NonUnitalSeminormedCommRing.toNonUnitalSeminormedRing.{0} Complex
            (@SeminormedCommRing.toNonUnitalSeminormedCommRing.{0} Complex
              (@NormedCommRing.toSeminormedCommRing.{0} Complex
                (@CommCStarAlgebra.toNormedCommRing.{0} Complex instCommCStarAlgebraComplex)))))
      (@PiLp.seminormedAddCommGroup.{0, 0}
        (@OfNat.ofNat.{0} ENNReal (nat_lit 2)
          (@instOfNatAtLeastTwo.{0} ENNReal (nat_lit 2)
            (@AddMonoidWithOne.toNatCast.{0} ENNReal
              (@AddCommMonoidWithOne.toAddMonoidWithOne.{0} ENNReal ENNReal.instAddCommMonoidWithOne))
            PiLp.innerProductSpace._proof_1))
        (Fin n) (fun x => Complex) fact_one_le_two_ennreal (Fin.fintype n) fun i =>
        @NonUnitalSeminormedRing.toSeminormedAddCommGroup.{0} Complex
          (@NonUnitalSeminormedCommRing.toNonUnitalSeminormedRing.{0} Complex
            (@SeminormedCommRing.toNonUnitalSeminormedCommRing.{0} Complex
              (@NormedCommRing.toSeminormedCommRing.{0} Complex
                (@CommCStarAlgebra.toNormedCommRing.{0} Complex instCommCStarAlgebraComplex)))))
      (@DenselyNormedField.toNontriviallyNormedField.{0} Complex Complex.instDenselyNormedField)
      (@DenselyNormedField.toNontriviallyNormedField.{0} Complex Complex.instDenselyNormedField)
      (@PiLp.normedSpace.{0, 0, 0}
        (@OfNat.ofNat.{0} ENNReal (nat_lit 2)
          (@instOfNatAtLeastTwo.{0} ENNReal (nat_lit 2)
            (@AddMonoidWithOne.toNatCast.{0} ENNReal
              (@AddCommMonoidWithOne.toAddMonoidWithOne.{0} ENNReal ENNReal.instAddCommMonoidWithOne))
            PiLp.innerProductSpace._proof_1))
        Complex (Fin n) (fun x => Complex) fact_one_le_two_ennreal (Fin.fintype n)
        (@NontriviallyNormedField.toNormedField.{0} Complex
          (@DenselyNormedField.toNontriviallyNormedField.{0} Complex Complex.instDenselyNormedField))
        (fun i =>
          @NonUnitalSeminormedRing.toSeminormedAddCommGroup.{0} Complex
            (@NonUnitalSeminormedCommRing.toNonUnitalSeminormedRing.{0} Complex
              (@SeminormedCommRing.toNonUnitalSeminormedCommRing.{0} Complex
                (@NormedCommRing.toSeminormedCommRing.{0} Complex
                  (@CommCStarAlgebra.toNormedCommRing.{0} Complex instCommCStarAlgebraComplex)))))
        fun i =>
        @NonUnitalCStarAlgebra.toNormedSpace.{0} Complex
          (@NonUnitalCommCStarAlgebra.toNonUnitalCStarAlgebra.{0} Complex
            (@CommCStarAlgebra.toNonUnitalCommCStarAlgebra.{0} Complex instCommCStarAlgebraComplex)))
      (@PiLp.normedSpace.{0, 0, 0}
        (@OfNat.ofNat.{0} ENNReal (nat_lit 2)
          (@instOfNatAtLeastTwo.{0} ENNReal (nat_lit 2)
            (@AddMonoidWithOne.toNatCast.{0} ENNReal
              (@AddCommMonoidWithOne.toAddMonoidWithOne.{0} ENNReal ENNReal.instAddCommMonoidWithOne))
            PiLp.innerProductSpace._proof_1))
        Complex (Fin n) (fun x => Complex) fact_one_le_two_ennreal (Fin.fintype n)
        (@NontriviallyNormedField.toNormedField.{0} Complex
          (@DenselyNormedField.toNontriviallyNormedField.{0} Complex Complex.instDenselyNormedField))
        (fun i =>
          @NonUnitalSeminormedRing.toSeminormedAddCommGroup.{0} Complex
            (@NonUnitalSeminormedCommRing.toNonUnitalSeminormedRing.{0} Complex
              (@SeminormedCommRing.toNonUnitalSeminormedCommRing.{0} Complex
                (@NormedCommRing.toSeminormedCommRing.{0} Complex
                  (@CommCStarAlgebra.toNormedCommRing.{0} Complex instCommCStarAlgebraComplex)))))
        fun i =>
        @NonUnitalCStarAlgebra.toNormedSpace.{0} Complex
          (@NonUnitalCommCStarAlgebra.toNonUnitalCStarAlgebra.{0} Complex
            (@CommCStarAlgebra.toNonUnitalCommCStarAlgebra.{0} Complex instCommCStarAlgebraComplex)))
      (@RingHom.id.{0} Complex
        (@Semiring.toNonAssocSemiring.{0} Complex
          (@DivisionSemiring.toSemiring.{0} Complex
            (@Semifield.toDivisionSemiring.{0} Complex
              (@Field.toSemifield.{0} Complex
                (@NormedField.toField.{0} Complex
                  (@DenselyNormedField.toNormedField.{0} Complex
                    (@RCLike.toDenselyNormedField.{0} Complex Complex.instRCLike)))))))))
    (@DFunLike.coe.{1, 1, 1}
      (@StarAlgEquiv.{0, 0, 0} Complex (Matrix.{0, 0, 0} (Fin n) (Fin n) Complex)
        (@ContinuousLinearMap.{0, 0, 0, 0} Complex Complex
          (@DivisionSemiring.toSemiring.{0} Complex
            (@Semifield.toDivisionSemiring.{0} Complex
              (@Field.toSemifield.{0} Complex
                (@NormedField.toField.{0} Complex
                  (@DenselyNormedField.toNormedField.{0} Complex
                    (@RCLike.toDenselyNormedField.{0} Complex Complex.instRCLike))))))
          (@DivisionSemiring.toSemiring.{0} Complex
            (@Semifield.toDivisionSemiring.{0} Complex
              (@Field.toSemifield.{0} Complex
                (@NormedField.toField.{0} Complex
                  (@DenselyNormedField.toNormedField.{0} Complex
                    (@RCLike.toDenselyNormedField.{0} Complex Complex.instRCLike))))))
          (@RingHom.id.{0} Complex
            (@Semiring.toNonAssocSemiring.{0} Complex
              (@DivisionSemiring.toSemiring.{0} Complex
                (@Semifield.toDivisionSemiring.{0} Complex
                  (@Field.toSemifield.{0} Complex
                    (@NormedField.toField.{0} Complex
                      (@DenselyNormedField.toNormedField.{0} Complex
                        (@RCLike.toDenselyNormedField.{0} Complex Complex.instRCLike))))))))
          (EuclideanSpace.{0, 0} Complex (Fin n))
          (@PiLp.topologicalSpace.{0, 0}
            (@OfNat.ofNat.{0} ENNReal (nat_lit 2)
              (@instOfNatAtLeastTwo.{0} ENNReal (nat_lit 2)
                (@AddMonoidWithOne.toNatCast.{0} ENNReal
                  (@AddCommMonoidWithOne.toAddMonoidWithOne.{0} ENNReal ENNReal.instAddCommMonoidWithOne))
                PiLp.innerProductSpace._proof_1))
            (Fin n) (fun x => Complex) fun i =>
            @UniformSpace.toTopologicalSpace.{0} Complex
              (@PseudoMetricSpace.toUniformSpace.{0} Complex
                (@SeminormedRing.toPseudoMetricSpace.{0} Complex
                  (@SeminormedCommRing.toSeminormedRing.{0} Complex
                    (@NormedCommRing.toSeminormedCommRing.{0} Complex
                      (@NormedField.toNormedCommRing.{0} Complex
                        (@DenselyNormedField.toNormedField.{0} Complex
                          (@RCLike.toDenselyNormedField.{0} Complex Complex.instRCLike))))))))
          (@AddCommGroup.toAddCommMonoid.{0} (EuclideanSpace.{0, 0} Complex (Fin n))
            (@WithLp.instAddCommGroup.{0}
              (@OfNat.ofNat.{0} ENNReal (nat_lit 2)
                (@instOfNatAtLeastTwo.{0} ENNReal (nat_lit 2)
                  (@AddMonoidWithOne.toNatCast.{0} ENNReal
                    (@AddCommMonoidWithOne.toAddMonoidWithOne.{0} ENNReal ENNReal.instAddCommMonoidWithOne))
                  PiLp.innerProductSpace._proof_1))
              ((i : Fin n) → (fun x => Complex) i)
              (@Pi.addCommGroup.{0, 0} (Fin n) (fun x => Complex) fun i =>
                @Ring.toAddCommGroup.{0} Complex
                  (@DivisionRing.toRing.{0} Complex
                    (@Field.toDivisionRing.{0} Complex
                      (@NormedField.toField.{0} Complex
                        (@DenselyNormedField.toNormedField.{0} Complex
                          (@RCLike.toDenselyNormedField.{0} Complex Complex.instRCLike))))))))
          (EuclideanSpace.{0, 0} Complex (Fin n))
          (@PiLp.topologicalSpace.{0, 0}
            (@OfNat.ofNat.{0} ENNReal (nat_lit 2)
              (@instOfNatAtLeastTwo.{0} ENNReal (nat_lit 2)
                (@AddMonoidWithOne.toNatCast.{0} ENNReal
                  (@AddCommMonoidWithOne.toAddMonoidWithOne.{0} ENNReal ENNReal.instAddCommMonoidWithOne))
                PiLp.innerProductSpace._proof_1))
            (Fin n) (fun x => Complex) fun i =>
            @UniformSpace.toTopologicalSpace.{0} Complex
              (@PseudoMetricSpace.toUniformSpace.{0} Complex
                (@SeminormedRing.toPseudoMetricSpace.{0} Complex
                  (@SeminormedCommRing.toSeminormedRing.{0} Complex
                    (@NormedCommRing.toSeminormedCommRing.{0} Complex
                      (@NormedField.toNormedCommRing.{0} Complex
                        (@DenselyNormedField.toNormedField.{0} Complex
                          (@RCLike.toDenselyNormedField.{0} Complex Complex.instRCLike))))))))
          (@AddCommGroup.toAddCommMonoid.{0} (EuclideanSpace.{0, 0} Complex (Fin n))
            (@WithLp.instAddCommGroup.{0}
              (@OfNat.ofNat.{0} ENNReal (nat_lit 2)
                (@instOfNatAtLeastTwo.{0} ENNReal (nat_lit 2)
                  (@AddMonoidWithOne.toNatCast.{0} ENNReal
                    (@AddCommMonoidWithOne.toAddMonoidWithOne.{0} ENNReal ENNReal.instAddCommMonoidWithOne))
                  PiLp.innerProductSpace._proof_1))
              ((i : Fin n) → (fun x => Complex) i)
              (@Pi.addCommGroup.{0, 0} (Fin n) (fun x => Complex) fun i =>
                @Ring.toAddCommGroup.{0} Complex
                  (@DivisionRing.toRing.{0} Complex
                    (@Field.toDivisionRing.{0} Complex
                      (@NormedField.toField.{0} Complex
                        (@DenselyNormedField.toNormedField.{0} Complex
                          (@RCLike.toDenselyNormedField.{0} Complex Complex.instRCLike))))))))
          (@WithLp.instModule.{0, 0}
            (@OfNat.ofNat.{0} ENNReal (nat_lit 2)
              (@instOfNatAtLeastTwo.{0} ENNReal (nat_lit 2)
                (@AddMonoidWithOne.toNatCast.{0} ENNReal
                  (@AddCommMonoidWithOne.toAddMonoidWithOne.{0} ENNReal ENNReal.instAddCommMonoidWithOne))
                PiLp.innerProductSpace._proof_1))
            Complex ((i : Fin n) → (fun x => Complex) i)
            (@DivisionSemiring.toSemiring.{0} Complex
              (@Semifield.toDivisionSemiring.{0} Complex
                (@Field.toSemifield.{0} Complex
                  (@NormedField.toField.{0} Complex
                    (@DenselyNormedField.toNormedField.{0} Complex
                      (@RCLike.toDenselyNormedField.{0} Complex Complex.instRCLike))))))
            (@Pi.addCommGroup.{0, 0} (Fin n) (fun x => Complex) fun i =>
              @Ring.toAddCommGroup.{0} Complex
                (@DivisionRing.toRing.{0} Complex
                  (@Field.toDivisionRing.{0} Complex
                    (@NormedField.toField.{0} Complex
                      (@DenselyNormedField.toNormedField.{0} Complex
                        (@RCLike.toDenselyNormedField.{0} Complex Complex.instRCLike))))))
            (@Pi.Function.module.{0, 0, 0} (Fin n) Complex Complex
              (@DivisionSemiring.toSemiring.{0} Complex
                (@Semifield.toDivisionSemiring.{0} Complex
                  (@Field.toSemifield.{0} Complex
                    (@NormedField.toField.{0} Complex
                      (@DenselyNormedField.toNormedField.{0} Complex
                        (@RCLike.toDenselyNormedField.{0} Complex Complex.instRCLike))))))
              (@Semiring.toAddCommMonoid.{0} Complex
                (@Ring.toSemiring.{0} Complex
                  (@DivisionRing.toRing.{0} Complex
                    (@Field.toDivisionRing.{0} Complex
                      (@NormedField.toField.{0} Complex
                        (@DenselyNormedField.toNormedField.{0} Complex
                          (@RCLike.toDenselyNormedField.{0} Complex Complex.instRCLike)))))))
              (@Semiring.toModule.{0} Complex
                (@DivisionSemiring.toSemiring.{0} Complex
                  (@Semifield.toDivisionSemiring.{0} Complex
                    (@Field.toSemifield.{0} Complex
                      (@NormedField.toField.{0} Complex
                        (@DenselyNormedField.toNormedField.{0} Complex
                          (@RCLike.toDenselyNormedField.{0} Complex Complex.instRCLike)))))))))
          (@WithLp.instModule.{0, 0}
            (@OfNat.ofNat.{0} ENNReal (nat_lit 2)
              (@instOfNatAtLeastTwo.{0} ENNReal (nat_lit 2)
                (@AddMonoidWithOne.toNatCast.{0} ENNReal
                  (@AddCommMonoidWithOne.toAddMonoidWithOne.{0} ENNReal ENNReal.instAddCommMonoidWithOne))
                PiLp.innerProductSpace._proof_1))
            Complex ((i : Fin n) → (fun x => Complex) i)
            (@DivisionSemiring.toSemiring.{0} Complex
              (@Semifield.toDivisionSemiring.{0} Complex
                (@Field.toSemifield.{0} Complex
                  (@NormedField.toField.{0} Complex
                    (@DenselyNormedField.toNormedField.{0} Complex
                      (@RCLike.toDenselyNormedField.{0} Complex Complex.instRCLike))))))
            (@Pi.addCommGroup.{0, 0} (Fin n) (fun x => Complex) fun i =>
              @Ring.toAddCommGroup.{0} Complex
                (@DivisionRing.toRing.{0} Complex
                  (@Field.toDivisionRing.{0} Complex
                    (@NormedField.toField.{0} Complex
                      (@DenselyNormedField.toNormedField.{0} Complex
                        (@RCLike.toDenselyNormedField.{0} Complex Complex.instRCLike))))))
            (@Pi.Function.module.{0, 0, 0} (Fin n) Complex Complex
              (@DivisionSemiring.toSemiring.{0} Complex
                (@Semifield.toDivisionSemiring.{0} Complex
                  (@Field.toSemifield.{0} Complex
                    (@NormedField.toField.{0} Complex
                      (@DenselyNormedField.toNormedField.{0} Complex
                        (@RCLike.toDenselyNormedField.{0} Complex Complex.instRCLike))))))
              (@Semiring.toAddCommMonoid.{0} Complex
                (@Ring.toSemiring.{0} Complex
                  (@DivisionRing.toRing.{0} Complex
                    (@Field.toDivisionRing.{0} Complex
                      (@NormedField.toField.{0} Complex
                        (@DenselyNormedField.toNormedField.{0} Complex
                          (@RCLike.toDenselyNormedField.{0} Complex Complex.instRCLike)))))))
              (@Semiring.toModule.{0} Complex
                (@DivisionSemiring.toSemiring.{0} Complex
                  (@Semifield.toDivisionSemiring.{0} Complex
                    (@Field.toSemifield.{0} Complex
                      (@NormedField.toField.{0} Complex
                        (@DenselyNormedField.toNormedField.{0} Complex
                          (@RCLike.toDenselyNormedField.{0} Complex Complex.instRCLike))))))))))
        (@Matrix.add.{0, 0, 0} (Fin n) (Fin n) Complex
          (@Distrib.toAdd.{0} Complex
            (@instDistribOfSemiring.{0} Complex
              (@DivisionSemiring.toSemiring.{0} Complex
                (@Semifield.toDivisionSemiring.{0} Complex
                  (@Field.toSemifield.{0} Complex
                    (@NormedField.toField.{0} Complex
                      (@DenselyNormedField.toNormedField.{0} Complex
                        (@RCLike.toDenselyNormedField.{0} Complex Complex.instRCLike)))))))))
        (@ContinuousLinearMap.add.{0, 0, 0, 0} Complex Complex
          (@DivisionSemiring.toSemiring.{0} Complex
            (@Semifield.toDivisionSemiring.{0} Complex
              (@Field.toSemifield.{0} Complex
                (@NormedField.toField.{0} Complex
                  (@DenselyNormedField.toNormedField.{0} Complex
                    (@RCLike.toDenselyNormedField.{0} Complex Complex.instRCLike))))))
          (@DivisionSemiring.toSemiring.{0} Complex
            (@Semifield.toDivisionSemiring.{0} Complex
              (@Field.toSemifield.{0} Complex
                (@NormedField.toField.{0} Complex
                  (@DenselyNormedField.toNormedField.{0} Complex
                    (@RCLike.toDenselyNormedField.{0} Complex Complex.instRCLike))))))
          (@RingHom.id.{0} Complex
            (@Semiring.toNonAssocSemiring.{0} Complex
              (@DivisionSemiring.toSemiring.{0} Complex
                (@Semifield.toDivisionSemiring.{0} Complex
                  (@Field.toSemifield.{0} Complex
                    (@NormedField.toField.{0} Complex
                      (@DenselyNormedField.toNormedField.{0} Complex
                        (@RCLike.toDenselyNormedField.{0} Complex Complex.instRCLike))))))))
          (EuclideanSpace.{0, 0} Complex (Fin n))
          (@PiLp.topologicalSpace.{0, 0}
            (@OfNat.ofNat.{0} ENNReal (nat_lit 2)
              (@instOfNatAtLeastTwo.{0} ENNReal (nat_lit 2)
                (@AddMonoidWithOne.toNatCast.{0} ENNReal
                  (@AddCommMonoidWithOne.toAddMonoidWithOne.{0} ENNReal ENNReal.instAddCommMonoidWithOne))
                PiLp.innerProductSpace._proof_1))
            (Fin n) (fun x => Complex) fun i =>
            @UniformSpace.toTopologicalSpace.{0} Complex
              (@PseudoMetricSpace.toUniformSpace.{0} Complex
                (@SeminormedRing.toPseudoMetricSpace.{0} Complex
                  (@SeminormedCommRing.toSeminormedRing.{0} Complex
                    (@NormedCommRing.toSeminormedCommRing.{0} Complex
                      (@NormedField.toNormedCommRing.{0} Complex
                        (@DenselyNormedField.toNormedField.{0} Complex
                          (@RCLike.toDenselyNormedField.{0} Complex Complex.instRCLike))))))))
          (@AddCommGroup.toAddCommMonoid.{0} (EuclideanSpace.{0, 0} Complex (Fin n))
            (@WithLp.instAddCommGroup.{0}
              (@OfNat.ofNat.{0} ENNReal (nat_lit 2)
                (@instOfNatAtLeastTwo.{0} ENNReal (nat_lit 2)
                  (@AddMonoidWithOne.toNatCast.{0} ENNReal
                    (@AddCommMonoidWithOne.toAddMonoidWithOne.{0} ENNReal ENNReal.instAddCommMonoidWithOne))
                  PiLp.innerProductSpace._proof_1))
              ((i : Fin n) → (fun x => Complex) i)
              (@Pi.addCommGroup.{0, 0} (Fin n) (fun x => Complex) fun i =>
                @Ring.toAddCommGroup.{0} Complex
                  (@DivisionRing.toRing.{0} Complex
                    (@Field.toDivisionRing.{0} Complex
                      (@NormedField.toField.{0} Complex
                        (@DenselyNormedField.toNormedField.{0} Complex
                          (@RCLike.toDenselyNormedField.{0} Complex Complex.instRCLike))))))))
          (EuclideanSpace.{0, 0} Complex (Fin n))
          (@PiLp.topologicalSpace.{0, 0}
            (@OfNat.ofNat.{0} ENNReal (nat_lit 2)
              (@instOfNatAtLeastTwo.{0} ENNReal (nat_lit 2)
                (@AddMonoidWithOne.toNatCast.{0} ENNReal
                  (@AddCommMonoidWithOne.toAddMonoidWithOne.{0} ENNReal ENNReal.instAddCommMonoidWithOne))
                PiLp.innerProductSpace._proof_1))
            (Fin n) (fun x => Complex) fun i =>
            @UniformSpace.toTopologicalSpace.{0} Complex
              (@PseudoMetricSpace.toUniformSpace.{0} Complex
                (@SeminormedRing.toPseudoMetricSpace.{0} Complex
                  (@SeminormedCommRing.toSeminormedRing.{0} Complex
                    (@NormedCommRing.toSeminormedCommRing.{0} Complex
                      (@NormedField.toNormedCommRing.{0} Complex
                        (@DenselyNormedField.toNormedField.{0} Complex
                          (@RCLike.toDenselyNormedField.{0} Complex Complex.instRCLike))))))))
          (@AddCommGroup.toAddCommMonoid.{0} (EuclideanSpace.{0, 0} Complex (Fin n))
            (@WithLp.instAddCommGroup.{0}
              (@OfNat.ofNat.{0} ENNReal (nat_lit 2)
                (@instOfNatAtLeastTwo.{0} ENNReal (nat_lit 2)
                  (@AddMonoidWithOne.toNatCast.{0} ENNReal
                    (@AddCommMonoidWithOne.toAddMonoidWithOne.{0} ENNReal ENNReal.instAddCommMonoidWithOne))
                  PiLp.innerProductSpace._proof_1))
              ((i : Fin n) → (fun x => Complex) i)
              (@Pi.addCommGroup.{0, 0} (Fin n) (fun x => Complex) fun i =>
                @Ring.toAddCommGroup.{0} Complex
                  (@DivisionRing.toRing.{0} Complex
                    (@Field.toDivisionRing.{0} Complex
                      (@NormedField.toField.{0} Complex
                        (@DenselyNormedField.toNormedField.{0} Complex
                          (@RCLike.toDenselyNormedField.{0} Complex Complex.instRCLike))))))))
          (@WithLp.instModule.{0, 0}
            (@OfNat.ofNat.{0} ENNReal (nat_lit 2)
              (@instOfNatAtLeastTwo.{0} ENNReal (nat_lit 2)
                (@AddMonoidWithOne.toNatCast.{0} ENNReal
                  (@AddCommMonoidWithOne.toAddMonoidWithOne.{0} ENNReal ENNReal.instAddCommMonoidWithOne))
                PiLp.innerProductSpace._proof_1))
            Complex ((i : Fin n) → (fun x => Complex) i)
            (@DivisionSemiring.toSemiring.{0} Complex
              (@Semifield.toDivisionSemiring.{0} Complex
                (@Field.toSemifield.{0} Complex
                  (@NormedField.toField.{0} Complex
                    (@DenselyNormedField.toNormedField.{0} Complex
                      (@RCLike.toDenselyNormedField.{0} Complex Complex.instRCLike))))))
            (@Pi.addCommGroup.{0, 0} (Fin n) (fun x => Complex) fun i =>
              @Ring.toAddCommGroup.{0} Complex
                (@DivisionRing.toRing.{0} Complex
                  (@Field.toDivisionRing.{0} Complex
                    (@NormedField.toField.{0} Complex
                      (@DenselyNormedField.toNormedField.{0} Complex
                        (@RCLike.toDenselyNormedField.{0} Complex Complex.instRCLike))))))
            (@Pi.Function.module.{0, 0, 0} (Fin n) Complex Complex
              (@DivisionSemiring.toSemiring.{0} Complex
                (@Semifield.toDivisionSemiring.{0} Complex
                  (@Field.toSemifield.{0} Complex
                    (@NormedField.toField.{0} Complex
                      (@DenselyNormedField.toNormedField.{0} Complex
                        (@RCLike.toDenselyNormedField.{0} Complex Complex.instRCLike))))))
              (@Semiring.toAddCommMonoid.{0} Complex
                (@Ring.toSemiring.{0} Complex
                  (@DivisionRing.toRing.{0} Complex
                    (@Field.toDivisionRing.{0} Complex
                      (@NormedField.toField.{0} Complex
                        (@DenselyNormedField.toNormedField.{0} Complex
                          (@RCLike.toDenselyNormedField.{0} Complex Complex.instRCLike)))))))
              (@Semiring.toModule.{0} Complex
                (@DivisionSemiring.toSemiring.{0} Complex
                  (@Semifield.toDivisionSemiring.{0} Complex
                    (@Field.toSemifield.{0} Complex
                      (@NormedField.toField.{0} Complex
                        (@DenselyNormedField.toNormedField.{0} Complex
                          (@RCLike.toDenselyNormedField.{0} Complex Complex.instRCLike)))))))))
          (@WithLp.instModule.{0, 0}
            (@OfNat.ofNat.{0} ENNReal (nat_lit 2)
              (@instOfNatAtLeastTwo.{0} ENNReal (nat_lit 2)
                (@AddMonoidWithOne.toNatCast.{0} ENNReal
                  (@AddCommMonoidWithOne.toAddMonoidWithOne.{0} ENNReal ENNReal.instAddCommMonoidWithOne))
                PiLp.innerProductSpace._proof_1))
            Complex ((i : Fin n) → (fun x => Complex) i)
            (@DivisionSemiring.toSemiring.{0} Complex
              (@Semifield.toDivisionSemiring.{0} Complex
                (@Field.toSemifield.{0} Complex
                  (@NormedField.toField.{0} Complex
                    (@DenselyNormedField.toNormedField.{0} Complex
                      (@RCLike.toDenselyNormedField.{0} Complex Complex.instRCLike))))))
            (@Pi.addCommGroup.{0, 0} (Fin n) (fun x => Complex) fun i =>
              @Ring.toAddCommGroup.{0} Complex
                (@DivisionRing.toRing.{0} Complex
                  (@Field.toDivisionRing.{0} Complex
                    (@NormedField.toField.{0} Complex
                      (@DenselyNormedField.toNormedField.{0} Complex
                        (@RCLike.toDenselyNormedField.{0} Complex Complex.instRCLike))))))
            (@Pi.Function.module.{0, 0, 0} (Fin n) Complex Complex
              (@DivisionSemiring.toSemiring.{0} Complex
                (@Semifield.toDivisionSemiring.{0} Complex
                  (@Field.toSemifield.{0} Complex
                    (@NormedField.toField.{0} Complex
                      (@DenselyNormedField.toNormedField.{0} Complex
                        (@RCLike.toDenselyNormedField.{0} Complex Complex.instRCLike))))))
              (@Semiring.toAddCommMonoid.{0} Complex
                (@Ring.toSemiring.{0} Complex
                  (@DivisionRing.toRing.{0} Complex
                    (@Field.toDivisionRing.{0} Complex
                      (@NormedField.toField.{0} Complex
                        (@DenselyNormedField.toNormedField.{0} Complex
                          (@RCLike.toDenselyNormedField.{0} Complex Complex.instRCLike)))))))
              (@Semiring.toModule.{0} Complex
                (@DivisionSemiring.toSemiring.{0} Complex
                  (@Semifield.toDivisionSemiring.{0} Complex
                    (@Field.toSemifield.{0} Complex
                      (@NormedField.toField.{0} Complex
                        (@DenselyNormedField.toNormedField.{0} Complex
                          (@RCLike.toDenselyNormedField.{0} Complex Complex.instRCLike)))))))))
          ⋯)
        (@Matrix.instMulOfFintypeOfAddCommMonoid.{0, 0} (Fin n) Complex (Fin.fintype n)
          (@Distrib.toMul.{0} Complex
            (@instDistribOfSemiring.{0} Complex
              (@DivisionSemiring.toSemiring.{0} Complex
                (@Semifield.toDivisionSemiring.{0} Complex
                  (@Field.toSemifield.{0} Complex
                    (@NormedField.toField.{0} Complex
                      (@DenselyNormedField.toNormedField.{0} Complex
                        (@RCLike.toDenselyNormedField.{0} Complex Complex.instRCLike))))))))
          (@Semiring.toAddCommMonoid.{0} Complex
            (@DivisionSemiring.toSemiring.{0} Complex
              (@Semifield.toDivisionSemiring.{0} Complex
                (@Field.toSemifield.{0} Complex
                  (@NormedField.toField.{0} Complex
                    (@DenselyNormedField.toNormedField.{0} Complex
                      (@RCLike.toDenselyNormedField.{0} Complex Complex.instRCLike))))))))
        (@ContinuousLinearMap.instMul.{0, 0} Complex
          (@DivisionSemiring.toSemiring.{0} Complex
            (@Semifield.toDivisionSemiring.{0} Complex
              (@Field.toSemifield.{0} Complex
                (@NormedField.toField.{0} Complex
                  (@DenselyNormedField.toNormedField.{0} Complex
                    (@RCLike.toDenselyNormedField.{0} Complex Complex.instRCLike))))))
          (EuclideanSpace.{0, 0} Complex (Fin n))
          (@PiLp.topologicalSpace.{0, 0}
            (@OfNat.ofNat.{0} ENNReal (nat_lit 2)
              (@instOfNatAtLeastTwo.{0} ENNReal (nat_lit 2)
                (@AddMonoidWithOne.toNatCast.{0} ENNReal
                  (@AddCommMonoidWithOne.toAddMonoidWithOne.{0} ENNReal ENNReal.instAddCommMonoidWithOne))
                PiLp.innerProductSpace._proof_1))
            (Fin n) (fun x => Complex) fun i =>
            @UniformSpace.toTopologicalSpace.{0} Complex
              (@PseudoMetricSpace.toUniformSpace.{0} Complex
                (@SeminormedRing.toPseudoMetricSpace.{0} Complex
                  (@SeminormedCommRing.toSeminormedRing.{0} Complex
                    (@NormedCommRing.toSeminormedCommRing.{0} Complex
                      (@NormedField.toNormedCommRing.{0} Complex
                        (@DenselyNormedField.toNormedField.{0} Complex
                          (@RCLike.toDenselyNormedField.{0} Complex Complex.instRCLike))))))))
          (@AddCommGroup.toAddCommMonoid.{0} (EuclideanSpace.{0, 0} Complex (Fin n))
            (@WithLp.instAddCommGroup.{0}
              (@OfNat.ofNat.{0} ENNReal (nat_lit 2)
                (@instOfNatAtLeastTwo.{0} ENNReal (nat_lit 2)
                  (@AddMonoidWithOne.toNatCast.{0} ENNReal
                    (@AddCommMonoidWithOne.toAddMonoidWithOne.{0} ENNReal ENNReal.instAddCommMonoidWithOne))
                  PiLp.innerProductSpace._proof_1))
              ((i : Fin n) → (fun x => Complex) i)
              (@Pi.addCommGroup.{0, 0} (Fin n) (fun x => Complex) fun i =>
                @Ring.toAddCommGroup.{0} Complex
                  (@DivisionRing.toRing.{0} Complex
                    (@Field.toDivisionRing.{0} Complex
                      (@NormedField.toField.{0} Complex
                        (@DenselyNormedField.toNormedField.{0} Complex
                          (@RCLike.toDenselyNormedField.{0} Complex Complex.instRCLike))))))))
          (@WithLp.instModule.{0, 0}
            (@OfNat.ofNat.{0} ENNReal (nat_lit 2)
              (@instOfNatAtLeastTwo.{0} ENNReal (nat_lit 2)
                (@AddMonoidWithOne.toNatCast.{0} ENNReal
                  (@AddCommMonoidWithOne.toAddMonoidWithOne.{0} ENNReal ENNReal.instAddCommMonoidWithOne))
                PiLp.innerProductSpace._proof_1))
            Complex ((i : Fin n) → (fun x => Complex) i)
            (@DivisionSemiring.toSemiring.{0} Complex
              (@Semifield.toDivisionSemiring.{0} Complex
                (@Field.toSemifield.{0} Complex
                  (@NormedField.toField.{0} Complex
                    (@DenselyNormedField.toNormedField.{0} Complex
                      (@RCLike.toDenselyNormedField.{0} Complex Complex.instRCLike))))))
            (@Pi.addCommGroup.{0, 0} (Fin n) (fun x => Complex) fun i =>
              @Ring.toAddCommGroup.{0} Complex
                (@DivisionRing.toRing.{0} Complex
                  (@Field.toDivisionRing.{0} Complex
                    (@NormedField.toField.{0} Complex
                      (@DenselyNormedField.toNormedField.{0} Complex
                        (@RCLike.toDenselyNormedField.{0} Complex Complex.instRCLike))))))
            (@Pi.Function.module.{0, 0, 0} (Fin n) Complex Complex
              (@DivisionSemiring.toSemiring.{0} Complex
                (@Semifield.toDivisionSemiring.{0} Complex
                  (@Field.toSemifield.{0} Complex
                    (@NormedField.toField.{0} Complex
                      (@DenselyNormedField.toNormedField.{0} Complex
                        (@RCLike.toDenselyNormedField.{0} Complex Complex.instRCLike))))))
              (@Semiring.toAddCommMonoid.{0} Complex
                (@Ring.toSemiring.{0} Complex
                  (@DivisionRing.toRing.{0} Complex
                    (@Field.toDivisionRing.{0} Complex
                      (@NormedField.toField.{0} Complex
                        (@DenselyNormedField.toNormedField.{0} Complex
                          (@RCLike.toDenselyNormedField.{0} Complex Complex.instRCLike)))))))
              (@Semiring.toModule.{0} Complex
                (@DivisionSemiring.toSemiring.{0} Complex
                  (@Semifield.toDivisionSemiring.{0} Complex
                    (@Field.toSemifield.{0} Complex
                      (@NormedField.toField.{0} Complex
                        (@DenselyNormedField.toNormedField.{0} Complex
                          (@RCLike.toDenselyNormedField.{0} Complex Complex.instRCLike))))))))))
        (@Matrix.smul.{0, 0, 0, 0} (Fin n) (Fin n) Complex Complex
          (@instSMulOfMul.{0} Complex
            (@Distrib.toMul.{0} Complex
              (@instDistribOfSemiring.{0} Complex
                (@DivisionSemiring.toSemiring.{0} Complex
                  (@Semifield.toDivisionSemiring.{0} Complex
                    (@Field.toSemifield.{0} Complex
                      (@NormedField.toField.{0} Complex
                        (@DenselyNormedField.toNormedField.{0} Complex
                          (@RCLike.toDenselyNormedField.{0} Complex Complex.instRCLike))))))))))
        (@ContinuousLinearMap.instSMul.{0, 0, 0, 0, 0} Complex Complex
          (@DivisionSemiring.toSemiring.{0} Complex
            (@Semifield.toDivisionSemiring.{0} Complex
              (@Field.toSemifield.{0} Complex
                (@NormedField.toField.{0} Complex
                  (@DenselyNormedField.toNormedField.{0} Complex
                    (@RCLike.toDenselyNormedField.{0} Complex Complex.instRCLike))))))
          (@DivisionSemiring.toSemiring.{0} Complex
            (@Semifield.toDivisionSemiring.{0} Complex
              (@Field.toSemifield.{0} Complex
                (@NormedField.toField.{0} Complex
                  (@DenselyNormedField.toNormedField.{0} Complex
                    (@RCLike.toDenselyNormedField.{0} Complex Complex.instRCLike))))))
          (@RingHom.id.{0} Complex
            (@Semiring.toNonAssocSemiring.{0} Complex
              (@DivisionSemiring.toSemiring.{0} Complex
                (@Semifield.toDivisionSemiring.{0} Complex
                  (@Field.toSemifield.{0} Complex
                    (@NormedField.toField.{0} Complex
                      (@DenselyNormedField.toNormedField.{0} Complex
                        (@RCLike.toDenselyNormedField.{0} Complex Complex.instRCLike))))))))
          (EuclideanSpace.{0, 0} Complex (Fin n))
          (@PiLp.topologicalSpace.{0, 0}
            (@OfNat.ofNat.{0} ENNReal (nat_lit 2)
              (@instOfNatAtLeastTwo.{0} ENNReal (nat_lit 2)
                (@AddMonoidWithOne.toNatCast.{0} ENNReal
                  (@AddCommMonoidWithOne.toAddMonoidWithOne.{0} ENNReal ENNReal.instAddCommMonoidWithOne))
                PiLp.innerProductSpace._proof_1))
            (Fin n) (fun x => Complex) fun i =>
            @UniformSpace.toTopologicalSpace.{0} Complex
              (@PseudoMetricSpace.toUniformSpace.{0} Complex
                (@SeminormedRing.toPseudoMetricSpace.{0} Complex
                  (@SeminormedCommRing.toSeminormedRing.{0} Complex
                    (@NormedCommRing.toSeminormedCommRing.{0} Complex
                      (@NormedField.toNormedCommRing.{0} Complex
                        (@DenselyNormedField.toNormedField.{0} Complex
                          (@RCLike.toDenselyNormedField.{0} Complex Complex.instRCLike))))))))
          (@AddCommGroup.toAddCommMonoid.{0} (EuclideanSpace.{0, 0} Complex (Fin n))
            (@WithLp.instAddCommGroup.{0}
              (@OfNat.ofNat.{0} ENNReal (nat_lit 2)
                (@instOfNatAtLeastTwo.{0} ENNReal (nat_lit 2)
                  (@AddMonoidWithOne.toNatCast.{0} ENNReal
                    (@AddCommMonoidWithOne.toAddMonoidWithOne.{0} ENNReal ENNReal.instAddCommMonoidWithOne))
                  PiLp.innerProductSpace._proof_1))
              ((i : Fin n) → (fun x => Complex) i)
              (@Pi.addCommGroup.{0, 0} (Fin n) (fun x => Complex) fun i =>
                @Ring.toAddCommGroup.{0} Complex
                  (@DivisionRing.toRing.{0} Complex
                    (@Field.toDivisionRing.{0} Complex
                      (@NormedField.toField.{0} Complex
                        (@DenselyNormedField.toNormedField.{0} Complex
                          (@RCLike.toDenselyNormedField.{0} Complex Complex.instRCLike))))))))
          (EuclideanSpace.{0, 0} Complex (Fin n))
          (@PiLp.topologicalSpace.{0, 0}
            (@OfNat.ofNat.{0} ENNReal (nat_lit 2)
              (@instOfNatAtLeastTwo.{0} ENNReal (nat_lit 2)
                (@AddMonoidWithOne.toNatCast.{0} ENNReal
                  (@AddCommMonoidWithOne.toAddMonoidWithOne.{0} ENNReal ENNReal.instAddCommMonoidWithOne))
                PiLp.innerProductSpace._proof_1))
            (Fin n) (fun x => Complex) fun i =>
            @UniformSpace.toTopologicalSpace.{0} Complex
              (@PseudoMetricSpace.toUniformSpace.{0} Complex
                (@SeminormedRing.toPseudoMetricSpace.{0} Complex
                  (@SeminormedCommRing.toSeminormedRing.{0} Complex
                    (@NormedCommRing.toSeminormedCommRing.{0} Complex
                      (@NormedField.toNormedCommRing.{0} Complex
                        (@DenselyNormedField.toNormedField.{0} Complex
                          (@RCLike.toDenselyNormedField.{0} Complex Complex.instRCLike))))))))
          (@AddCommGroup.toAddCommMonoid.{0} (EuclideanSpace.{0, 0} Complex (Fin n))
            (@WithLp.instAddCommGroup.{0}
              (@OfNat.ofNat.{0} ENNReal (nat_lit 2)
                (@instOfNatAtLeastTwo.{0} ENNReal (nat_lit 2)
                  (@AddMonoidWithOne.toNatCast.{0} ENNReal
                    (@AddCommMonoidWithOne.toAddMonoidWithOne.{0} ENNReal ENNReal.instAddCommMonoidWithOne))
                  PiLp.innerProductSpace._proof_1))
              ((i : Fin n) → (fun x => Complex) i)
              (@Pi.addCommGroup.{0, 0} (Fin n) (fun x => Complex) fun i =>
                @Ring.toAddCommGroup.{0} Complex
                  (@DivisionRing.toRing.{0} Complex
                    (@Field.toDivisionRing.{0} Complex
                      (@NormedField.toField.{0} Complex
                        (@DenselyNormedField.toNormedField.{0} Complex
                          (@RCLike.toDenselyNormedField.{0} Complex Complex.instRCLike))))))))
          (@WithLp.instModule.{0, 0}
            (@OfNat.ofNat.{0} ENNReal (nat_lit 2)
              (@instOfNatAtLeastTwo.{0} ENNReal (nat_lit 2)
                (@AddMonoidWithOne.toNatCast.{0} ENNReal
                  (@AddCommMonoidWithOne.toAddMonoidWithOne.{0} ENNReal ENNReal.instAddCommMonoidWithOne))
                PiLp.innerProductSpace._proof_1))
            Complex ((i : Fin n) → (fun x => Complex) i)
            (@DivisionSemiring.toSemiring.{0} Complex
              (@Semifield.toDivisionSemiring.{0} Complex
                (@Field.toSemifield.{0} Complex
                  (@NormedField.toField.{0} Complex
                    (@DenselyNormedField.toNormedField.{0} Complex
                      (@RCLike.toDenselyNormedField.{0} Complex Complex.instRCLike))))))
            (@Pi.addCommGroup.{0, 0} (Fin n) (fun x => Complex) fun i =>
              @Ring.toAddCommGroup.{0} Complex
                (@DivisionRing.toRing.{0} Complex
                  (@Field.toDivisionRing.{0} Complex
                    (@NormedField.toField.{0} Complex
                      (@DenselyNormedField.toNormedField.{0} Complex
                        (@RCLike.toDenselyNormedField.{0} Complex Complex.instRCLike))))))
            (@Pi.Function.module.{0, 0, 0} (Fin n) Complex Complex
              (@DivisionSemiring.toSemiring.{0} Complex
                (@Semifield.toDivisionSemiring.{0} Complex
                  (@Field.toSemifield.{0} Complex
                    (@NormedField.toField.{0} Complex
                      (@DenselyNormedField.toNormedField.{0} Complex
                        (@RCLike.toDenselyNormedField.{0} Complex Complex.instRCLike))))))
              (@Semiring.toAddCommMonoid.{0} Complex
                (@Ring.toSemiring.{0} Complex
                  (@DivisionRing.toRing.{0} Complex
                    (@Field.toDivisionRing.{0} Complex
                      (@NormedField.toField.{0} Complex
                        (@DenselyNormedField.toNormedField.{0} Complex
                          (@RCLike.toDenselyNormedField.{0} Complex Complex.instRCLike)))))))
              (@Semiring.toModule.{0} Complex
                (@DivisionSemiring.toSemiring.{0} Complex
                  (@Semifield.toDivisionSemiring.{0} Complex
                    (@Field.toSemifield.{0} Complex
                      (@NormedField.toField.{0} Complex
                        (@DenselyNormedField.toNormedField.{0} Complex
                          (@RCLike.toDenselyNormedField.{0} Complex Complex.instRCLike)))))))))
          (@WithLp.instModule.{0, 0}
            (@OfNat.ofNat.{0} ENNReal (nat_lit 2)
              (@instOfNatAtLeastTwo.{0} ENNReal (nat_lit 2)
                (@AddMonoidWithOne.toNatCast.{0} ENNReal
                  (@AddCommMonoidWithOne.toAddMonoidWithOne.{0} ENNReal ENNReal.instAddCommMonoidWithOne))
                PiLp.innerProductSpace._proof_1))
            Complex ((i : Fin n) → (fun x => Complex) i)
            (@DivisionSemiring.toSemiring.{0} Complex
              (@Semifield.toDivisionSemiring.{0} Complex
                (@Field.toSemifield.{0} Complex
                  (@NormedField.toField.{0} Complex
                    (@DenselyNormedField.toNormedField.{0} Complex
                      (@RCLike.toDenselyNormedField.{0} Complex Complex.instRCLike))))))
            (@Pi.addCommGroup.{0, 0} (Fin n) (fun x => Complex) fun i =>
              @Ring.toAddCommGroup.{0} Complex
                (@DivisionRing.toRing.{0} Complex
                  (@Field.toDivisionRing.{0} Complex
                    (@NormedField.toField.{0} Complex
                      (@DenselyNormedField.toNormedField.{0} Complex
                        (@RCLike.toDenselyNormedField.{0} Complex Complex.instRCLike))))))
            (@Pi.Function.module.{0, 0, 0} (Fin n) Complex Complex
              (@DivisionSemiring.toSemiring.{0} Complex
                (@Semifield.toDivisionSemiring.{0} Complex
                  (@Field.toSemifield.{0} Complex
                    (@NormedField.toField.{0} Complex
                      (@DenselyNormedField.toNormedField.{0} Complex
                        (@RCLike.toDenselyNormedField.{0} Complex Complex.instRCLike))))))
              (@Semiring.toAddCommMonoid.{0} Complex
                (@Ring.toSemiring.{0} Complex
                  (@DivisionRing.toRing.{0} Complex
                    (@Field.toDivisionRing.{0} Complex
                      (@NormedField.toField.{0} Complex
                        (@DenselyNormedField.toNormedField.{0} Complex
                          (@RCLike.toDenselyNormedField.{0} Complex Complex.instRCLike)))))))
              (@Semiring.toModule.{0} Complex
                (@DivisionSemiring.toSemiring.{0} Complex
                  (@Semifield.toDivisionSemiring.{0} Complex
                    (@Field.toSemifield.{0} Complex
                      (@NormedField.toField.{0} Complex
                        (@DenselyNormedField.toNormedField.{0} Complex
                          (@RCLike.toDenselyNormedField.{0} Complex Complex.instRCLike)))))))))
          Complex
          (@DistribMulAction.toDistribSMul.{0, 0} Complex (EuclideanSpace.{0, 0} Complex (Fin n))
            (@Semiring.toMonoid.{0} Complex
              (@DivisionSemiring.toSemiring.{0} Complex
                (@Semifield.toDivisionSemiring.{0} Complex
                  (@Field.toSemifield.{0} Complex
                    (@NormedField.toField.{0} Complex
                      (@DenselyNormedField.toNormedField.{0} Complex
                        (@RCLike.toDenselyNormedField.{0} Complex Complex.instRCLike)))))))
            (@SubNegMonoid.toAddMonoid.{0} (EuclideanSpace.{0, 0} Complex (Fin n))
              (@AddGroup.toSubNegMonoid.{0} (EuclideanSpace.{0, 0} Complex (Fin n))
                (@AddCommGroup.toAddGroup.{0} (EuclideanSpace.{0, 0} Complex (Fin n))
                  (@WithLp.instAddCommGroup.{0}
                    (@OfNat.ofNat.{0} ENNReal (nat_lit 2)
                      (@instOfNatAtLeastTwo.{0} ENNReal (nat_lit 2)
                        (@AddMonoidWithOne.toNatCast.{0} ENNReal
                          (@AddCommMonoidWithOne.toAddMonoidWithOne.{0} ENNReal ENNReal.instAddCommMonoidWithOne))
                        PiLp.innerProductSpace._proof_1))
                    ((i : Fin n) → (fun x => Complex) i)
                    (@Pi.addCommGroup.{0, 0} (Fin n) (fun x => Complex) fun i =>
                      @Ring.toAddCommGroup.{0} Complex
                        (@DivisionRing.toRing.{0} Complex
                          (@Field.toDivisionRing.{0} Complex
                            (@NormedField.toField.{0} Complex
                              (@DenselyNormedField.toNormedField.{0} Complex
                                (@RCLike.toDenselyNormedField.{0} Complex Complex.instRCLike))))))))))
            (@WithLp.instDistribMulAction.{0, 0}
              (@OfNat.ofNat.{0} ENNReal (nat_lit 2)
                (@instOfNatAtLeastTwo.{0} ENNReal (nat_lit 2)
                  (@AddMonoidWithOne.toNatCast.{0} ENNReal
                    (@AddCommMonoidWithOne.toAddMonoidWithOne.{0} ENNReal ENNReal.instAddCommMonoidWithOne))
                  PiLp.innerProductSpace._proof_1))
              Complex ((i : Fin n) → (fun x => Complex) i)
              (@Semiring.toMonoid.{0} Complex
                (@DivisionSemiring.toSemiring.{0} Complex
                  (@Semifield.toDivisionSemiring.{0} Complex
                    (@Field.toSemifield.{0} Complex
                      (@NormedField.toField.{0} Complex
                        (@DenselyNormedField.toNormedField.{0} Complex
                          (@RCLike.toDenselyNormedField.{0} Complex Complex.instRCLike)))))))
              (@Pi.addCommGroup.{0, 0} (Fin n) (fun x => Complex) fun i =>
                @Ring.toAddCommGroup.{0} Complex
                  (@DivisionRing.toRing.{0} Complex
                    (@Field.toDivisionRing.{0} Complex
                      (@NormedField.toField.{0} Complex
                        (@DenselyNormedField.toNormedField.{0} Complex
                          (@RCLike.toDenselyNormedField.{0} Complex Complex.instRCLike))))))
              (@Pi.distribMulAction.{0, 0, 0} (Fin n) (fun x => Complex) Complex
                (@Semiring.toMonoid.{0} Complex
                  (@DivisionSemiring.toSemiring.{0} Complex
                    (@Semifield.toDivisionSemiring.{0} Complex
                      (@Field.toSemifield.{0} Complex
                        (@NormedField.toField.{0} Complex
                          (@DenselyNormedField.toNormedField.{0} Complex
                            (@RCLike.toDenselyNormedField.{0} Complex Complex.instRCLike)))))))
                (fun i =>
                  @SubNegMonoid.toAddMonoid.{0} ((fun x => Complex) i)
                    ((fun i =>
                        @AddGroup.toSubNegMonoid.{0} ((fun x => Complex) i)
                          ((fun i =>
                              @AddCommGroup.toAddGroup.{0} ((fun x => Complex) i)
                                ((fun i =>
                                    @Ring.toAddCommGroup.{0} Complex
                                      (@DivisionRing.toRing.{0} Complex
                                        (@Field.toDivisionRing.{0} Complex
                                          (@NormedField.toField.{0} Complex
                                            (@DenselyNormedField.toNormedField.{0} Complex
                                              (@RCLike.toDenselyNormedField.{0} Complex Complex.instRCLike))))))
                                  i))
                            i))
                      i))
                fun i =>
                @Module.toDistribMulAction.{0, 0} Complex Complex
                  (@DivisionSemiring.toSemiring.{0} Complex
                    (@Semifield.toDivisionSemiring.{0} Complex
                      (@Field.toSemifield.{0} Complex
                        (@NormedField.toField.{0} Complex
                          (@DenselyNormedField.toNormedField.{0} Complex
                            (@RCLike.toDenselyNormedField.{0} Complex Complex.instRCLike))))))
                  (@Semiring.toAddCommMonoid.{0} Complex
                    (@DivisionSemiring.toSemiring.{0} Complex
                      (@Semifield.toDivisionSemiring.{0} Complex
                        (@Field.toSemifield.{0} Complex
                          (@NormedField.toField.{0} Complex
                            (@DenselyNormedField.toNormedField.{0} Complex
                              (@RCLike.toDenselyNormedField.{0} Complex Complex.instRCLike)))))))
                  (@Semiring.toModule.{0} Complex
                    (@DivisionSemiring.toSemiring.{0} Complex
                      (@Semifield.toDivisionSemiring.{0} Complex
                        (@Field.toSemifield.{0} Complex
                          (@NormedField.toField.{0} Complex
                            (@DenselyNormedField.toNormedField.{0} Complex
                              (@RCLike.toDenselyNormedField.{0} Complex Complex.instRCLike))))))))))
          ⋯ ⋯)
        (@Matrix.instStar.{0, 0} (Fin n) Complex
          (@InvolutiveStar.toStar.{0} Complex
            (@StarAddMonoid.toInvolutiveStar.{0} Complex
              (@AddCommMonoid.toAddMonoid.{0} Complex
                (@NonUnitalNonAssocSemiring.toAddCommMonoid.{0} Complex
                  (@NonUnitalNonAssocRing.toNonUnitalNonAssocSemiring.{0} Complex
                    (@NonUnitalNonAssocCommRing.toNonUnitalNonAssocRing.{0} Complex
                      (@NonUnitalCommRing.toNonUnitalNonAssocCommRing.{0} Complex
                        (@CommRing.toNonUnitalCommRing.{0} Complex
                          (@Field.toCommRing.{0} Complex
                            (@NormedField.toField.{0} Complex
                              (@DenselyNormedField.toNormedField.{0} Complex
                                (@RCLike.toDenselyNormedField.{0} Complex Complex.instRCLike))))))))))
              (@StarRing.toStarAddMonoid.{0} Complex
                (@NonUnitalNonAssocRing.toNonUnitalNonAssocSemiring.{0} Complex
                  (@NonUnitalNonAssocCommRing.toNonUnitalNonAssocRing.{0} Complex
                    (@NonUnitalCommRing.toNonUnitalNonAssocCommRing.{0} Complex
                      (@CommRing.toNonUnitalCommRing.{0} Complex
                        (@Field.toCommRing.{0} Complex
                          (@NormedField.toField.{0} Complex
                            (@DenselyNormedField.toNormedField.{0} Complex
                              (@RCLike.toDenselyNormedField.{0} Complex Complex.instRCLike))))))))
                (@RCLike.toStarRing.{0} Complex Complex.instRCLike)))))
        (@ContinuousLinearMap.instStarId.{0, 0} Complex (EuclideanSpace.{0, 0} Complex (Fin n)) Complex.instRCLike
          (@PiLp.normedAddCommGroup.{0, 0}
            (@OfNat.ofNat.{0} ENNReal (nat_lit 2)
              (@instOfNatAtLeastTwo.{0} ENNReal (nat_lit 2)
                (@AddMonoidWithOne.toNatCast.{0} ENNReal
                  (@AddCommMonoidWithOne.toAddMonoidWithOne.{0} ENNReal ENNReal.instAddCommMonoidWithOne))
                PiLp.innerProductSpace._proof_1))
            (Fin n) (fun x => Complex) fact_one_le_two_ennreal (Fin.fintype n) fun i =>
            @NonUnitalNormedRing.toNormedAddCommGroup.{0} Complex
              (@NonUnitalNormedCommRing.toNonUnitalNormedRing.{0} Complex
                (@NormedCommRing.toNonUnitalNormedCommRing.{0} Complex
                  (@NormedField.toNormedCommRing.{0} Complex
                    (@DenselyNormedField.toNormedField.{0} Complex
                      (@RCLike.toDenselyNormedField.{0} Complex Complex.instRCLike))))))
          (@PiLp.innerProductSpace.{0, 0, 0} Complex Complex.instRCLike (Fin n) (Fin.fintype n) (fun x => Complex)
            (fun i =>
              @NonUnitalNormedRing.toNormedAddCommGroup.{0} Complex
                (@NonUnitalNormedCommRing.toNonUnitalNormedRing.{0} Complex
                  (@NormedCommRing.toNonUnitalNormedCommRing.{0} Complex
                    (@NormedField.toNormedCommRing.{0} Complex
                      (@DenselyNormedField.toNormedField.{0} Complex
                        (@RCLike.toDenselyNormedField.{0} Complex Complex.instRCLike))))))
            fun i => @RCLike.innerProductSpace.{0} Complex Complex.instRCLike)
          ⋯))
      (Matrix.{0, 0, 0} (Fin n) (Fin n) Complex)
      (fun x =>
        @ContinuousLinearMap.{0, 0, 0, 0} Complex Complex
          (@DivisionSemiring.toSemiring.{0} Complex
            (@Semifield.toDivisionSemiring.{0} Complex
              (@Field.toSemifield.{0} Complex
                (@NormedField.toField.{0} Complex
                  (@DenselyNormedField.toNormedField.{0} Complex
                    (@RCLike.toDenselyNormedField.{0} Complex Complex.instRCLike))))))
          (@DivisionSemiring.toSemiring.{0} Complex
            (@Semifield.toDivisionSemiring.{0} Complex
              (@Field.toSemifield.{0} Complex
                (@NormedField.toField.{0} Complex
                  (@DenselyNormedField.toNormedField.{0} Complex
                    (@RCLike.toDenselyNormedField.{0} Complex Complex.instRCLike))))))
          (@RingHom.id.{0} Complex
            (@Semiring.toNonAssocSemiring.{0} Complex
              (@DivisionSemiring.toSemiring.{0} Complex
                (@Semifield.toDivisionSemiring.{0} Complex
                  (@Field.toSemifield.{0} Complex
                    (@NormedField.toField.{0} Complex
                      (@DenselyNormedField.toNormedField.{0} Complex
                        (@RCLike.toDenselyNormedField.{0} Complex Complex.instRCLike))))))))
          (EuclideanSpace.{0, 0} Complex (Fin n))
          (@PiLp.topologicalSpace.{0, 0}
            (@OfNat.ofNat.{0} ENNReal (nat_lit 2)
              (@instOfNatAtLeastTwo.{0} ENNReal (nat_lit 2)
                (@AddMonoidWithOne.toNatCast.{0} ENNReal
                  (@AddCommMonoidWithOne.toAddMonoidWithOne.{0} ENNReal ENNReal.instAddCommMonoidWithOne))
                PiLp.innerProductSpace._proof_1))
            (Fin n) (fun x => Complex) fun i =>
            @UniformSpace.toTopologicalSpace.{0} Complex
              (@PseudoMetricSpace.toUniformSpace.{0} Complex
                (@SeminormedRing.toPseudoMetricSpace.{0} Complex
                  (@SeminormedCommRing.toSeminormedRing.{0} Complex
                    (@NormedCommRing.toSeminormedCommRing.{0} Complex
                      (@NormedField.toNormedCommRing.{0} Complex
                        (@DenselyNormedField.toNormedField.{0} Complex
                          (@RCLike.toDenselyNormedField.{0} Complex Complex.instRCLike))))))))
          (@AddCommGroup.toAddCommMonoid.{0} (EuclideanSpace.{0, 0} Complex (Fin n))
            (@WithLp.instAddCommGroup.{0}
              (@OfNat.ofNat.{0} ENNReal (nat_lit 2)
                (@instOfNatAtLeastTwo.{0} ENNReal (nat_lit 2)
                  (@AddMonoidWithOne.toNatCast.{0} ENNReal
                    (@AddCommMonoidWithOne.toAddMonoidWithOne.{0} ENNReal ENNReal.instAddCommMonoidWithOne))
                  PiLp.innerProductSpace._proof_1))
              ((i : Fin n) → (fun x => Complex) i)
              (@Pi.addCommGroup.{0, 0} (Fin n) (fun x => Complex) fun i =>
                @Ring.toAddCommGroup.{0} Complex
                  (@DivisionRing.toRing.{0} Complex
                    (@Field.toDivisionRing.{0} Complex
                      (@NormedField.toField.{0} Complex
                        (@DenselyNormedField.toNormedField.{0} Complex
                          (@RCLike.toDenselyNormedField.{0} Complex Complex.instRCLike))))))))
          (EuclideanSpace.{0, 0} Complex (Fin n))
          (@PiLp.topologicalSpace.{0, 0}
            (@OfNat.ofNat.{0} ENNReal (nat_lit 2)
              (@instOfNatAtLeastTwo.{0} ENNReal (nat_lit 2)
                (@AddMonoidWithOne.toNatCast.{0} ENNReal
                  (@AddCommMonoidWithOne.toAddMonoidWithOne.{0} ENNReal ENNReal.instAddCommMonoidWithOne))
                PiLp.innerProductSpace._proof_1))
            (Fin n) (fun x => Complex) fun i =>
            @UniformSpace.toTopologicalSpace.{0} Complex
              (@PseudoMetricSpace.toUniformSpace.{0} Complex
                (@SeminormedRing.toPseudoMetricSpace.{0} Complex
                  (@SeminormedCommRing.toSeminormedRing.{0} Complex
                    (@NormedCommRing.toSeminormedCommRing.{0} Complex
                      (@NormedField.toNormedCommRing.{0} Complex
                        (@DenselyNormedField.toNormedField.{0} Complex
                          (@RCLike.toDenselyNormedField.{0} Complex Complex.instRCLike))))))))
          (@AddCommGroup.toAddCommMonoid.{0} (EuclideanSpace.{0, 0} Complex (Fin n))
            (@WithLp.instAddCommGroup.{0}
              (@OfNat.ofNat.{0} ENNReal (nat_lit 2)
                (@instOfNatAtLeastTwo.{0} ENNReal (nat_lit 2)
                  (@AddMonoidWithOne.toNatCast.{0} ENNReal
                    (@AddCommMonoidWithOne.toAddMonoidWithOne.{0} ENNReal ENNReal.instAddCommMonoidWithOne))
                  PiLp.innerProductSpace._proof_1))
              ((i : Fin n) → (fun x => Complex) i)
              (@Pi.addCommGroup.{0, 0} (Fin n) (fun x => Complex) fun i =>
                @Ring.toAddCommGroup.{0} Complex
                  (@DivisionRing.toRing.{0} Complex
                    (@Field.toDivisionRing.{0} Complex
                      (@NormedField.toField.{0} Complex
                        (@DenselyNormedField.toNormedField.{0} Complex
                          (@RCLike.toDenselyNormedField.{0} Complex Complex.instRCLike))))))))
          (@WithLp.instModule.{0, 0}
            (@OfNat.ofNat.{0} ENNReal (nat_lit 2)
              (@instOfNatAtLeastTwo.{0} ENNReal (nat_lit 2)
                (@AddMonoidWithOne.toNatCast.{0} ENNReal
                  (@AddCommMonoidWithOne.toAddMonoidWithOne.{0} ENNReal ENNReal.instAddCommMonoidWithOne))
                PiLp.innerProductSpace._proof_1))
            Complex ((i : Fin n) → (fun x => Complex) i)
            (@DivisionSemiring.toSemiring.{0} Complex
              (@Semifield.toDivisionSemiring.{0} Complex
                (@Field.toSemifield.{0} Complex
                  (@NormedField.toField.{0} Complex
                    (@DenselyNormedField.toNormedField.{0} Complex
                      (@RCLike.toDenselyNormedField.{0} Complex Complex.instRCLike))))))
            (@Pi.addCommGroup.{0, 0} (Fin n) (fun x => Complex) fun i =>
              @Ring.toAddCommGroup.{0} Complex
                (@DivisionRing.toRing.{0} Complex
                  (@Field.toDivisionRing.{0} Complex
                    (@NormedField.toField.{0} Complex
                      (@DenselyNormedField.toNormedField.{0} Complex
                        (@RCLike.toDenselyNormedField.{0} Complex Complex.instRCLike))))))
            (@Pi.Function.module.{0, 0, 0} (Fin n) Complex Complex
              (@DivisionSemiring.toSemiring.{0} Complex
                (@Semifield.toDivisionSemiring.{0} Complex
                  (@Field.toSemifield.{0} Complex
                    (@NormedField.toField.{0} Complex
                      (@DenselyNormedField.toNormedField.{0} Complex
                        (@RCLike.toDenselyNormedField.{0} Complex Complex.instRCLike))))))
              (@Semiring.toAddCommMonoid.{0} Complex
                (@Ring.toSemiring.{0} Complex
                  (@DivisionRing.toRing.{0} Complex
                    (@Field.toDivisionRing.{0} Complex
                      (@NormedField.toField.{0} Complex
                        (@DenselyNormedField.toNormedField.{0} Complex
                          (@RCLike.toDenselyNormedField.{0} Complex Complex.instRCLike)))))))
              (@Semiring.toModule.{0} Complex
                (@DivisionSemiring.toSemiring.{0} Complex
                  (@Semifield.toDivisionSemiring.{0} Complex
                    (@Field.toSemifield.{0} Complex
                      (@NormedField.toField.{0} Complex
                        (@DenselyNormedField.toNormedField.{0} Complex
                          (@RCLike.toDenselyNormedField.{0} Complex Complex.instRCLike)))))))))
          (@WithLp.instModule.{0, 0}
            (@OfNat.ofNat.{0} ENNReal (nat_lit 2)
              (@instOfNatAtLeastTwo.{0} ENNReal (nat_lit 2)
                (@AddMonoidWithOne.toNatCast.{0} ENNReal
                  (@AddCommMonoidWithOne.toAddMonoidWithOne.{0} ENNReal ENNReal.instAddCommMonoidWithOne))
                PiLp.innerProductSpace._proof_1))
            Complex ((i : Fin n) → (fun x => Complex) i)
            (@DivisionSemiring.toSemiring.{0} Complex
              (@Semifield.toDivisionSemiring.{0} Complex
                (@Field.toSemifield.{0} Complex
                  (@NormedField.toField.{0} Complex
                    (@DenselyNormedField.toNormedField.{0} Complex
                      (@RCLike.toDenselyNormedField.{0} Complex Complex.instRCLike))))))
            (@Pi.addCommGroup.{0, 0} (Fin n) (fun x => Complex) fun i =>
              @Ring.toAddCommGroup.{0} Complex
                (@DivisionRing.toRing.{0} Complex
                  (@Field.toDivisionRing.{0} Complex
                    (@NormedField.toField.{0} Complex
                      (@DenselyNormedField.toNormedField.{0} Complex
                        (@RCLike.toDenselyNormedField.{0} Complex Complex.instRCLike))))))
            (@Pi.Function.module.{0, 0, 0} (Fin n) Complex Complex
              (@DivisionSemiring.toSemiring.{0} Complex
                (@Semifield.toDivisionSemiring.{0} Complex
                  (@Field.toSemifield.{0} Complex
                    (@NormedField.toField.{0} Complex
                      (@DenselyNormedField.toNormedField.{0} Complex
                        (@RCLike.toDenselyNormedField.{0} Complex Complex.instRCLike))))))
              (@Semiring.toAddCommMonoid.{0} Complex
                (@Ring.toSemiring.{0} Complex
                  (@DivisionRing.toRing.{0} Complex
                    (@Field.toDivisionRing.{0} Complex
                      (@NormedField.toField.{0} Complex
                        (@DenselyNormedField.toNormedField.{0} Complex
                          (@RCLike.toDenselyNormedField.{0} Complex Complex.instRCLike)))))))
              (@Semiring.toModule.{0} Complex
                (@DivisionSemiring.toSemiring.{0} Complex
                  (@Semifield.toDivisionSemiring.{0} Complex
                    (@Field.toSemifield.{0} Complex
                      (@NormedField.toField.{0} Complex
                        (@DenselyNormedField.toNormedField.{0} Complex
                          (@RCLike.toDenselyNormedField.{0} Complex Complex.instRCLike))))))))))
      (@StarAlgEquiv.instFunLike.{0, 0, 0} Complex (Matrix.{0, 0, 0} (Fin n) (Fin n) Complex)
        (@ContinuousLinearMap.{0, 0, 0, 0} Complex Complex
          (@DivisionSemiring.toSemiring.{0} Complex
            (@Semifield.toDivisionSemiring.{0} Complex
              (@Field.toSemifield.{0} Complex
                (@NormedField.toField.{0} Complex
                  (@DenselyNormedField.toNormedField.{0} Complex
                    (@RCLike.toDenselyNormedField.{0} Complex Complex.instRCLike))))))
          (@DivisionSemiring.toSemiring.{0} Complex
            (@Semifield.toDivisionSemiring.{0} Complex
              (@Field.toSemifield.{0} Complex
                (@NormedField.toField.{0} Complex
                  (@DenselyNormedField.toNormedField.{0} Complex
                    (@RCLike.toDenselyNormedField.{0} Complex Complex.instRCLike))))))
          (@RingHom.id.{0} Complex
            (@Semiring.toNonAssocSemiring.{0} Complex
              (@DivisionSemiring.toSemiring.{0} Complex
                (@Semifield.toDivisionSemiring.{0} Complex
                  (@Field.toSemifield.{0} Complex
                    (@NormedField.toField.{0} Complex
                      (@DenselyNormedField.toNormedField.{0} Complex
                        (@RCLike.toDenselyNormedField.{0} Complex Complex.instRCLike))))))))
          (EuclideanSpace.{0, 0} Complex (Fin n))
          (@PiLp.topologicalSpace.{0, 0}
            (@OfNat.ofNat.{0} ENNReal (nat_lit 2)
              (@instOfNatAtLeastTwo.{0} ENNReal (nat_lit 2)
                (@AddMonoidWithOne.toNatCast.{0} ENNReal
                  (@AddCommMonoidWithOne.toAddMonoidWithOne.{0} ENNReal ENNReal.instAddCommMonoidWithOne))
                PiLp.innerProductSpace._proof_1))
            (Fin n) (fun x => Complex) fun i =>
            @UniformSpace.toTopologicalSpace.{0} Complex
              (@PseudoMetricSpace.toUniformSpace.{0} Complex
                (@SeminormedRing.toPseudoMetricSpace.{0} Complex
                  (@SeminormedCommRing.toSeminormedRing.{0} Complex
                    (@NormedCommRing.toSeminormedCommRing.{0} Complex
                      (@NormedField.toNormedCommRing.{0} Complex
                        (@DenselyNormedField.toNormedField.{0} Complex
                          (@RCLike.toDenselyNormedField.{0} Complex Complex.instRCLike))))))))
          (@AddCommGroup.toAddCommMonoid.{0} (EuclideanSpace.{0, 0} Complex (Fin n))
            (@WithLp.instAddCommGroup.{0}
              (@OfNat.ofNat.{0} ENNReal (nat_lit 2)
                (@instOfNatAtLeastTwo.{0} ENNReal (nat_lit 2)
                  (@AddMonoidWithOne.toNatCast.{0} ENNReal
                    (@AddCommMonoidWithOne.toAddMonoidWithOne.{0} ENNReal ENNReal.instAddCommMonoidWithOne))
                  PiLp.innerProductSpace._proof_1))
              ((i : Fin n) → (fun x => Complex) i)
              (@Pi.addCommGroup.{0, 0} (Fin n) (fun x => Complex) fun i =>
                @Ring.toAddCommGroup.{0} Complex
                  (@DivisionRing.toRing.{0} Complex
                    (@Field.toDivisionRing.{0} Complex
                      (@NormedField.toField.{0} Complex
                        (@DenselyNormedField.toNormedField.{0} Complex
                          (@RCLike.toDenselyNormedField.{0} Complex Complex.instRCLike))))))))
          (EuclideanSpace.{0, 0} Complex (Fin n))
          (@PiLp.topologicalSpace.{0, 0}
            (@OfNat.ofNat.{0} ENNReal (nat_lit 2)
              (@instOfNatAtLeastTwo.{0} ENNReal (nat_lit 2)
                (@AddMonoidWithOne.toNatCast.{0} ENNReal
                  (@AddCommMonoidWithOne.toAddMonoidWithOne.{0} ENNReal ENNReal.instAddCommMonoidWithOne))
                PiLp.innerProductSpace._proof_1))
            (Fin n) (fun x => Complex) fun i =>
            @UniformSpace.toTopologicalSpace.{0} Complex
              (@PseudoMetricSpace.toUniformSpace.{0} Complex
                (@SeminormedRing.toPseudoMetricSpace.{0} Complex
                  (@SeminormedCommRing.toSeminormedRing.{0} Complex
                    (@NormedCommRing.toSeminormedCommRing.{0} Complex
                      (@NormedField.toNormedCommRing.{0} Complex
                        (@DenselyNormedField.toNormedField.{0} Complex
                          (@RCLike.toDenselyNormedField.{0} Complex Complex.instRCLike))))))))
          (@AddCommGroup.toAddCommMonoid.{0} (EuclideanSpace.{0, 0} Complex (Fin n))
            (@WithLp.instAddCommGroup.{0}
              (@OfNat.ofNat.{0} ENNReal (nat_lit 2)
                (@instOfNatAtLeastTwo.{0} ENNReal (nat_lit 2)
                  (@AddMonoidWithOne.toNatCast.{0} ENNReal
                    (@AddCommMonoidWithOne.toAddMonoidWithOne.{0} ENNReal ENNReal.instAddCommMonoidWithOne))
                  PiLp.innerProductSpace._proof_1))
              ((i : Fin n) → (fun x => Complex) i)
              (@Pi.addCommGroup.{0, 0} (Fin n) (fun x => Complex) fun i =>
                @Ring.toAddCommGroup.{0} Complex
                  (@DivisionRing.toRing.{0} Complex
                    (@Field.toDivisionRing.{0} Complex
                      (@NormedField.toField.{0} Complex
                        (@DenselyNormedField.toNormedField.{0} Complex
                          (@RCLike.toDenselyNormedField.{0} Complex Complex.instRCLike))))))))
          (@WithLp.instModule.{0, 0}
            (@OfNat.ofNat.{0} ENNReal (nat_lit 2)
              (@instOfNatAtLeastTwo.{0} ENNReal (nat_lit 2)
                (@AddMonoidWithOne.toNatCast.{0} ENNReal
                  (@AddCommMonoidWithOne.toAddMonoidWithOne.{0} ENNReal ENNReal.instAddCommMonoidWithOne))
                PiLp.innerProductSpace._proof_1))
            Complex ((i : Fin n) → (fun x => Complex) i)
            (@DivisionSemiring.toSemiring.{0} Complex
              (@Semifield.toDivisionSemiring.{0} Complex
                (@Field.toSemifield.{0} Complex
                  (@NormedField.toField.{0} Complex
                    (@DenselyNormedField.toNormedField.{0} Complex
                      (@RCLike.toDenselyNormedField.{0} Complex Complex.instRCLike))))))
            (@Pi.addCommGroup.{0, 0} (Fin n) (fun x => Complex) fun i =>
              @Ring.toAddCommGroup.{0} Complex
                (@DivisionRing.toRing.{0} Complex
                  (@Field.toDivisionRing.{0} Complex
                    (@NormedField.toField.{0} Complex
                      (@DenselyNormedField.toNormedField.{0} Complex
                        (@RCLike.toDenselyNormedField.{0} Complex Complex.instRCLike))))))
            (@Pi.Function.module.{0, 0, 0} (Fin n) Complex Complex
              (@DivisionSemiring.toSemiring.{0} Complex
                (@Semifield.toDivisionSemiring.{0} Complex
                  (@Field.toSemifield.{0} Complex
                    (@NormedField.toField.{0} Complex
                      (@DenselyNormedField.toNormedField.{0} Complex
                        (@RCLike.toDenselyNormedField.{0} Complex Complex.instRCLike))))))
              (@Semiring.toAddCommMonoid.{0} Complex
                (@Ring.toSemiring.{0} Complex
                  (@DivisionRing.toRing.{0} Complex
                    (@Field.toDivisionRing.{0} Complex
                      (@NormedField.toField.{0} Complex
                        (@DenselyNormedField.toNormedField.{0} Complex
                          (@RCLike.toDenselyNormedField.{0} Complex Complex.instRCLike)))))))
              (@Semiring.toModule.{0} Complex
                (@DivisionSemiring.toSemiring.{0} Complex
                  (@Semifield.toDivisionSemiring.{0} Complex
                    (@Field.toSemifield.{0} Complex
                      (@NormedField.toField.{0} Complex
                        (@DenselyNormedField.toNormedField.{0} Complex
                          (@RCLike.toDenselyNormedField.{0} Complex Complex.instRCLike)))))))))
          (@WithLp.instModule.{0, 0}
            (@OfNat.ofNat.{0} ENNReal (nat_lit 2)
              (@instOfNatAtLeastTwo.{0} ENNReal (nat_lit 2)
                (@AddMonoidWithOne.toNatCast.{0} ENNReal
                  (@AddCommMonoidWithOne.toAddMonoidWithOne.{0} ENNReal ENNReal.instAddCommMonoidWithOne))
                PiLp.innerProductSpace._proof_1))
            Complex ((i : Fin n) → (fun x => Complex) i)
            (@DivisionSemiring.toSemiring.{0} Complex
              (@Semifield.toDivisionSemiring.{0} Complex
                (@Field.toSemifield.{0} Complex
                  (@NormedField.toField.{0} Complex
                    (@DenselyNormedField.toNormedField.{0} Complex
                      (@RCLike.toDenselyNormedField.{0} Complex Complex.instRCLike))))))
            (@Pi.addCommGroup.{0, 0} (Fin n) (fun x => Complex) fun i =>
              @Ring.toAddCommGroup.{0} Complex
                (@DivisionRing.toRing.{0} Complex
                  (@Field.toDivisionRing.{0} Complex
                    (@NormedField.toField.{0} Complex
                      (@DenselyNormedField.toNormedField.{0} Complex
                        (@RCLike.toDenselyNormedField.{0} Complex Complex.instRCLike))))))
            (@Pi.Function.module.{0, 0, 0} (Fin n) Complex Complex
              (@DivisionSemiring.toSemiring.{0} Complex
                (@Semifield.toDivisionSemiring.{0} Complex
                  (@Field.toSemifield.{0} Complex
                    (@NormedField.toField.{0} Complex
                      (@DenselyNormedField.toNormedField.{0} Complex
                        (@RCLike.toDenselyNormedField.{0} Complex Complex.instRCLike))))))
              (@Semiring.toAddCommMonoid.{0} Complex
                (@Ring.toSemiring.{0} Complex
                  (@DivisionRing.toRing.{0} Complex
                    (@Field.toDivisionRing.{0} Complex
                      (@NormedField.toField.{0} Complex
                        (@DenselyNormedField.toNormedField.{0} Complex
                          (@RCLike.toDenselyNormedField.{0} Complex Complex.instRCLike)))))))
              (@Semiring.toModule.{0} Complex
                (@DivisionSemiring.toSemiring.{0} Complex
                  (@Semifield.toDivisionSemiring.{0} Complex
                    (@Field.toSemifield.{0} Complex
                      (@NormedField.toField.{0} Complex
                        (@DenselyNormedField.toNormedField.{0} Complex
                          (@RCLike.toDenselyNormedField.{0} Complex Complex.instRCLike))))))))))
        (@Matrix.add.{0, 0, 0} (Fin n) (Fin n) Complex
          (@Distrib.toAdd.{0} Complex
            (@instDistribOfSemiring.{0} Complex
              (@DivisionSemiring.toSemiring.{0} Complex
                (@Semifield.toDivisionSemiring.{0} Complex
                  (@Field.toSemifield.{0} Complex
                    (@NormedField.toField.{0} Complex
                      (@DenselyNormedField.toNormedField.{0} Complex
                        (@RCLike.toDenselyNormedField.{0} Complex Complex.instRCLike)))))))))
        (@ContinuousLinearMap.add.{0, 0, 0, 0} Complex Complex
          (@DivisionSemiring.toSemiring.{0} Complex
            (@Semifield.toDivisionSemiring.{0} Complex
              (@Field.toSemifield.{0} Complex
                (@NormedField.toField.{0} Complex
                  (@DenselyNormedField.toNormedField.{0} Complex
                    (@RCLike.toDenselyNormedField.{0} Complex Complex.instRCLike))))))
          (@DivisionSemiring.toSemiring.{0} Complex
            (@Semifield.toDivisionSemiring.{0} Complex
              (@Field.toSemifield.{0} Complex
                (@NormedField.toField.{0} Complex
                  (@DenselyNormedField.toNormedField.{0} Complex
                    (@RCLike.toDenselyNormedField.{0} Complex Complex.instRCLike))))))
          (@RingHom.id.{0} Complex
            (@Semiring.toNonAssocSemiring.{0} Complex
              (@DivisionSemiring.toSemiring.{0} Complex
                (@Semifield.toDivisionSemiring.{0} Complex
                  (@Field.toSemifield.{0} Complex
                    (@NormedField.toField.{0} Complex
                      (@DenselyNormedField.toNormedField.{0} Complex
                        (@RCLike.toDenselyNormedField.{0} Complex Complex.instRCLike))))))))
          (EuclideanSpace.{0, 0} Complex (Fin n))
          (@PiLp.topologicalSpace.{0, 0}
            (@OfNat.ofNat.{0} ENNReal (nat_lit 2)
              (@instOfNatAtLeastTwo.{0} ENNReal (nat_lit 2)
                (@AddMonoidWithOne.toNatCast.{0} ENNReal
                  (@AddCommMonoidWithOne.toAddMonoidWithOne.{0} ENNReal ENNReal.instAddCommMonoidWithOne))
                PiLp.innerProductSpace._proof_1))
            (Fin n) (fun x => Complex) fun i =>
            @UniformSpace.toTopologicalSpace.{0} Complex
              (@PseudoMetricSpace.toUniformSpace.{0} Complex
                (@SeminormedRing.toPseudoMetricSpace.{0} Complex
                  (@SeminormedCommRing.toSeminormedRing.{0} Complex
                    (@NormedCommRing.toSeminormedCommRing.{0} Complex
                      (@NormedField.toNormedCommRing.{0} Complex
                        (@DenselyNormedField.toNormedField.{0} Complex
                          (@RCLike.toDenselyNormedField.{0} Complex Complex.instRCLike))))))))
          (@AddCommGroup.toAddCommMonoid.{0} (EuclideanSpace.{0, 0} Complex (Fin n))
            (@WithLp.instAddCommGroup.{0}
              (@OfNat.ofNat.{0} ENNReal (nat_lit 2)
                (@instOfNatAtLeastTwo.{0} ENNReal (nat_lit 2)
                  (@AddMonoidWithOne.toNatCast.{0} ENNReal
                    (@AddCommMonoidWithOne.toAddMonoidWithOne.{0} ENNReal ENNReal.instAddCommMonoidWithOne))
                  PiLp.innerProductSpace._proof_1))
              ((i : Fin n) → (fun x => Complex) i)
              (@Pi.addCommGroup.{0, 0} (Fin n) (fun x => Complex) fun i =>
                @Ring.toAddCommGroup.{0} Complex
                  (@DivisionRing.toRing.{0} Complex
                    (@Field.toDivisionRing.{0} Complex
                      (@NormedField.toField.{0} Complex
                        (@DenselyNormedField.toNormedField.{0} Complex
                          (@RCLike.toDenselyNormedField.{0} Complex Complex.instRCLike))))))))
          (EuclideanSpace.{0, 0} Complex (Fin n))
          (@PiLp.topologicalSpace.{0, 0}
            (@OfNat.ofNat.{0} ENNReal (nat_lit 2)
              (@instOfNatAtLeastTwo.{0} ENNReal (nat_lit 2)
                (@AddMonoidWithOne.toNatCast.{0} ENNReal
                  (@AddCommMonoidWithOne.toAddMonoidWithOne.{0} ENNReal ENNReal.instAddCommMonoidWithOne))
                PiLp.innerProductSpace._proof_1))
            (Fin n) (fun x => Complex) fun i =>
            @UniformSpace.toTopologicalSpace.{0} Complex
              (@PseudoMetricSpace.toUniformSpace.{0} Complex
                (@SeminormedRing.toPseudoMetricSpace.{0} Complex
                  (@SeminormedCommRing.toSeminormedRing.{0} Complex
                    (@NormedCommRing.toSeminormedCommRing.{0} Complex
                      (@NormedField.toNormedCommRing.{0} Complex
                        (@DenselyNormedField.toNormedField.{0} Complex
                          (@RCLike.toDenselyNormedField.{0} Complex Complex.instRCLike))))))))
          (@AddCommGroup.toAddCommMonoid.{0} (EuclideanSpace.{0, 0} Complex (Fin n))
            (@WithLp.instAddCommGroup.{0}
              (@OfNat.ofNat.{0} ENNReal (nat_lit 2)
                (@instOfNatAtLeastTwo.{0} ENNReal (nat_lit 2)
                  (@AddMonoidWithOne.toNatCast.{0} ENNReal
                    (@AddCommMonoidWithOne.toAddMonoidWithOne.{0} ENNReal ENNReal.instAddCommMonoidWithOne))
                  PiLp.innerProductSpace._proof_1))
              ((i : Fin n) → (fun x => Complex) i)
              (@Pi.addCommGroup.{0, 0} (Fin n) (fun x => Complex) fun i =>
                @Ring.toAddCommGroup.{0} Complex
                  (@DivisionRing.toRing.{0} Complex
                    (@Field.toDivisionRing.{0} Complex
                      (@NormedField.toField.{0} Complex
                        (@DenselyNormedField.toNormedField.{0} Complex
                          (@RCLike.toDenselyNormedField.{0} Complex Complex.instRCLike))))))))
          (@WithLp.instModule.{0, 0}
            (@OfNat.ofNat.{0} ENNReal (nat_lit 2)
              (@instOfNatAtLeastTwo.{0} ENNReal (nat_lit 2)
                (@AddMonoidWithOne.toNatCast.{0} ENNReal
                  (@AddCommMonoidWithOne.toAddMonoidWithOne.{0} ENNReal ENNReal.instAddCommMonoidWithOne))
                PiLp.innerProductSpace._proof_1))
            Complex ((i : Fin n) → (fun x => Complex) i)
            (@DivisionSemiring.toSemiring.{0} Complex
              (@Semifield.toDivisionSemiring.{0} Complex
                (@Field.toSemifield.{0} Complex
                  (@NormedField.toField.{0} Complex
                    (@DenselyNormedField.toNormedField.{0} Complex
                      (@RCLike.toDenselyNormedField.{0} Complex Complex.instRCLike))))))
            (@Pi.addCommGroup.{0, 0} (Fin n) (fun x => Complex) fun i =>
              @Ring.toAddCommGroup.{0} Complex
                (@DivisionRing.toRing.{0} Complex
                  (@Field.toDivisionRing.{0} Complex
                    (@NormedField.toField.{0} Complex
                      (@DenselyNormedField.toNormedField.{0} Complex
                        (@RCLike.toDenselyNormedField.{0} Complex Complex.instRCLike))))))
            (@Pi.Function.module.{0, 0, 0} (Fin n) Complex Complex
              (@DivisionSemiring.toSemiring.{0} Complex
                (@Semifield.toDivisionSemiring.{0} Complex
                  (@Field.toSemifield.{0} Complex
                    (@NormedField.toField.{0} Complex
                      (@DenselyNormedField.toNormedField.{0} Complex
                        (@RCLike.toDenselyNormedField.{0} Complex Complex.instRCLike))))))
              (@Semiring.toAddCommMonoid.{0} Complex
                (@Ring.toSemiring.{0} Complex
                  (@DivisionRing.toRing.{0} Complex
                    (@Field.toDivisionRing.{0} Complex
                      (@NormedField.toField.{0} Complex
                        (@DenselyNormedField.toNormedField.{0} Complex
                          (@RCLike.toDenselyNormedField.{0} Complex Complex.instRCLike)))))))
              (@Semiring.toModule.{0} Complex
                (@DivisionSemiring.toSemiring.{0} Complex
                  (@Semifield.toDivisionSemiring.{0} Complex
                    (@Field.toSemifield.{0} Complex
                      (@NormedField.toField.{0} Complex
                        (@DenselyNormedField.toNormedField.{0} Complex
                          (@RCLike.toDenselyNormedField.{0} Complex Complex.instRCLike)))))))))
          (@WithLp.instModule.{0, 0}
            (@OfNat.ofNat.{0} ENNReal (nat_lit 2)
              (@instOfNatAtLeastTwo.{0} ENNReal (nat_lit 2)
                (@AddMonoidWithOne.toNatCast.{0} ENNReal
                  (@AddCommMonoidWithOne.toAddMonoidWithOne.{0} ENNReal ENNReal.instAddCommMonoidWithOne))
                PiLp.innerProductSpace._proof_1))
            Complex ((i : Fin n) → (fun x => Complex) i)
            (@DivisionSemiring.toSemiring.{0} Complex
              (@Semifield.toDivisionSemiring.{0} Complex
                (@Field.toSemifield.{0} Complex
                  (@NormedField.toField.{0} Complex
                    (@DenselyNormedField.toNormedField.{0} Complex
                      (@RCLike.toDenselyNormedField.{0} Complex Complex.instRCLike))))))
            (@Pi.addCommGroup.{0, 0} (Fin n) (fun x => Complex) fun i =>
              @Ring.toAddCommGroup.{0} Complex
                (@DivisionRing.toRing.{0} Complex
                  (@Field.toDivisionRing.{0} Complex
                    (@NormedField.toField.{0} Complex
                      (@DenselyNormedField.toNormedField.{0} Complex
                        (@RCLike.toDenselyNormedField.{0} Complex Complex.instRCLike))))))
            (@Pi.Function.module.{0, 0, 0} (Fin n) Complex Complex
              (@DivisionSemiring.toSemiring.{0} Complex
                (@Semifield.toDivisionSemiring.{0} Complex
                  (@Field.toSemifield.{0} Complex
                    (@NormedField.toField.{0} Complex
                      (@DenselyNormedField.toNormedField.{0} Complex
                        (@RCLike.toDenselyNormedField.{0} Complex Complex.instRCLike))))))
              (@Semiring.toAddCommMonoid.{0} Complex
                (@Ring.toSemiring.{0} Complex
                  (@DivisionRing.toRing.{0} Complex
                    (@Field.toDivisionRing.{0} Complex
                      (@NormedField.toField.{0} Complex
                        (@DenselyNormedField.toNormedField.{0} Complex
                          (@RCLike.toDenselyNormedField.{0} Complex Complex.instRCLike)))))))
              (@Semiring.toModule.{0} Complex
                (@DivisionSemiring.toSemiring.{0} Complex
                  (@Semifield.toDivisionSemiring.{0} Complex
                    (@Field.toSemifield.{0} Complex
                      (@NormedField.toField.{0} Complex
                        (@DenselyNormedField.toNormedField.{0} Complex
                          (@RCLike.toDenselyNormedField.{0} Complex Complex.instRCLike)))))))))
          ⋯)
        (@Matrix.instMulOfFintypeOfAddCommMonoid.{0, 0} (Fin n) Complex (Fin.fintype n)
          (@Distrib.toMul.{0} Complex
            (@instDistribOfSemiring.{0} Complex
              (@DivisionSemiring.toSemiring.{0} Complex
                (@Semifield.toDivisionSemiring.{0} Complex
                  (@Field.toSemifield.{0} Complex
                    (@NormedField.toField.{0} Complex
                      (@DenselyNormedField.toNormedField.{0} Complex
                        (@RCLike.toDenselyNormedField.{0} Complex Complex.instRCLike))))))))
          (@Semiring.toAddCommMonoid.{0} Complex
            (@DivisionSemiring.toSemiring.{0} Complex
              (@Semifield.toDivisionSemiring.{0} Complex
                (@Field.toSemifield.{0} Complex
                  (@NormedField.toField.{0} Complex
                    (@DenselyNormedField.toNormedField.{0} Complex
                      (@RCLike.toDenselyNormedField.{0} Complex Complex.instRCLike))))))))
        (@ContinuousLinearMap.instMul.{0, 0} Complex
          (@DivisionSemiring.toSemiring.{0} Complex
            (@Semifield.toDivisionSemiring.{0} Complex
              (@Field.toSemifield.{0} Complex
                (@NormedField.toField.{0} Complex
                  (@DenselyNormedField.toNormedField.{0} Complex
                    (@RCLike.toDenselyNormedField.{0} Complex Complex.instRCLike))))))
          (EuclideanSpace.{0, 0} Complex (Fin n))
          (@PiLp.topologicalSpace.{0, 0}
            (@OfNat.ofNat.{0} ENNReal (nat_lit 2)
              (@instOfNatAtLeastTwo.{0} ENNReal (nat_lit 2)
                (@AddMonoidWithOne.toNatCast.{0} ENNReal
                  (@AddCommMonoidWithOne.toAddMonoidWithOne.{0} ENNReal ENNReal.instAddCommMonoidWithOne))
                PiLp.innerProductSpace._proof_1))
            (Fin n) (fun x => Complex) fun i =>
            @UniformSpace.toTopologicalSpace.{0} Complex
              (@PseudoMetricSpace.toUniformSpace.{0} Complex
                (@SeminormedRing.toPseudoMetricSpace.{0} Complex
                  (@SeminormedCommRing.toSeminormedRing.{0} Complex
                    (@NormedCommRing.toSeminormedCommRing.{0} Complex
                      (@NormedField.toNormedCommRing.{0} Complex
                        (@DenselyNormedField.toNormedField.{0} Complex
                          (@RCLike.toDenselyNormedField.{0} Complex Complex.instRCLike))))))))
          (@AddCommGroup.toAddCommMonoid.{0} (EuclideanSpace.{0, 0} Complex (Fin n))
            (@WithLp.instAddCommGroup.{0}
              (@OfNat.ofNat.{0} ENNReal (nat_lit 2)
                (@instOfNatAtLeastTwo.{0} ENNReal (nat_lit 2)
                  (@AddMonoidWithOne.toNatCast.{0} ENNReal
                    (@AddCommMonoidWithOne.toAddMonoidWithOne.{0} ENNReal ENNReal.instAddCommMonoidWithOne))
                  PiLp.innerProductSpace._proof_1))
              ((i : Fin n) → (fun x => Complex) i)
              (@Pi.addCommGroup.{0, 0} (Fin n) (fun x => Complex) fun i =>
                @Ring.toAddCommGroup.{0} Complex
                  (@DivisionRing.toRing.{0} Complex
                    (@Field.toDivisionRing.{0} Complex
                      (@NormedField.toField.{0} Complex
                        (@DenselyNormedField.toNormedField.{0} Complex
                          (@RCLike.toDenselyNormedField.{0} Complex Complex.instRCLike))))))))
          (@WithLp.instModule.{0, 0}
            (@OfNat.ofNat.{0} ENNReal (nat_lit 2)
              (@instOfNatAtLeastTwo.{0} ENNReal (nat_lit 2)
                (@AddMonoidWithOne.toNatCast.{0} ENNReal
                  (@AddCommMonoidWithOne.toAddMonoidWithOne.{0} ENNReal ENNReal.instAddCommMonoidWithOne))
                PiLp.innerProductSpace._proof_1))
            Complex ((i : Fin n) → (fun x => Complex) i)
            (@DivisionSemiring.toSemiring.{0} Complex
              (@Semifield.toDivisionSemiring.{0} Complex
                (@Field.toSemifield.{0} Complex
                  (@NormedField.toField.{0} Complex
                    (@DenselyNormedField.toNormedField.{0} Complex
                      (@RCLike.toDenselyNormedField.{0} Complex Complex.instRCLike))))))
            (@Pi.addCommGroup.{0, 0} (Fin n) (fun x => Complex) fun i =>
              @Ring.toAddCommGroup.{0} Complex
                (@DivisionRing.toRing.{0} Complex
                  (@Field.toDivisionRing.{0} Complex
                    (@NormedField.toField.{0} Complex
                      (@DenselyNormedField.toNormedField.{0} Complex
                        (@RCLike.toDenselyNormedField.{0} Complex Complex.instRCLike))))))
            (@Pi.Function.module.{0, 0, 0} (Fin n) Complex Complex
              (@DivisionSemiring.toSemiring.{0} Complex
                (@Semifield.toDivisionSemiring.{0} Complex
                  (@Field.toSemifield.{0} Complex
                    (@NormedField.toField.{0} Complex
                      (@DenselyNormedField.toNormedField.{0} Complex
                        (@RCLike.toDenselyNormedField.{0} Complex Complex.instRCLike))))))
              (@Semiring.toAddCommMonoid.{0} Complex
                (@Ring.toSemiring.{0} Complex
                  (@DivisionRing.toRing.{0} Complex
                    (@Field.toDivisionRing.{0} Complex
                      (@NormedField.toField.{0} Complex
                        (@DenselyNormedField.toNormedField.{0} Complex
                          (@RCLike.toDenselyNormedField.{0} Complex Complex.instRCLike)))))))
              (@Semiring.toModule.{0} Complex
                (@DivisionSemiring.toSemiring.{0} Complex
                  (@Semifield.toDivisionSemiring.{0} Complex
                    (@Field.toSemifield.{0} Complex
                      (@NormedField.toField.{0} Complex
                        (@DenselyNormedField.toNormedField.{0} Complex
                          (@RCLike.toDenselyNormedField.{0} Complex Complex.instRCLike))))))))))
        (@Matrix.smul.{0, 0, 0, 0} (Fin n) (Fin n) Complex Complex
          (@instSMulOfMul.{0} Complex
            (@Distrib.toMul.{0} Complex
              (@instDistribOfSemiring.{0} Complex
                (@DivisionSemiring.toSemiring.{0} Complex
                  (@Semifield.toDivisionSemiring.{0} Complex
                    (@Field.toSemifield.{0} Complex
                      (@NormedField.toField.{0} Complex
                        (@DenselyNormedField.toNormedField.{0} Complex
                          (@RCLike.toDenselyNormedField.{0} Complex Complex.instRCLike))))))))))
        (@ContinuousLinearMap.instSMul.{0, 0, 0, 0, 0} Complex Complex
          (@DivisionSemiring.toSemiring.{0} Complex
            (@Semifield.toDivisionSemiring.{0} Complex
              (@Field.toSemifield.{0} Complex
                (@NormedField.toField.{0} Complex
                  (@DenselyNormedField.toNormedField.{0} Complex
                    (@RCLike.toDenselyNormedField.{0} Complex Complex.instRCLike))))))
          (@DivisionSemiring.toSemiring.{0} Complex
            (@Semifield.toDivisionSemiring.{0} Complex
              (@Field.toSemifield.{0} Complex
                (@NormedField.toField.{0} Complex
                  (@DenselyNormedField.toNormedField.{0} Complex
                    (@RCLike.toDenselyNormedField.{0} Complex Complex.instRCLike))))))
          (@RingHom.id.{0} Complex
            (@Semiring.toNonAssocSemiring.{0} Complex
              (@DivisionSemiring.toSemiring.{0} Complex
                (@Semifield.toDivisionSemiring.{0} Complex
                  (@Field.toSemifield.{0} Complex
                    (@NormedField.toField.{0} Complex
                      (@DenselyNormedField.toNormedField.{0} Complex
                        (@RCLike.toDenselyNormedField.{0} Complex Complex.instRCLike))))))))
          (EuclideanSpace.{0, 0} Complex (Fin n))
          (@PiLp.topologicalSpace.{0, 0}
            (@OfNat.ofNat.{0} ENNReal (nat_lit 2)
              (@instOfNatAtLeastTwo.{0} ENNReal (nat_lit 2)
                (@AddMonoidWithOne.toNatCast.{0} ENNReal
                  (@AddCommMonoidWithOne.toAddMonoidWithOne.{0} ENNReal ENNReal.instAddCommMonoidWithOne))
                PiLp.innerProductSpace._proof_1))
            (Fin n) (fun x => Complex) fun i =>
            @UniformSpace.toTopologicalSpace.{0} Complex
              (@PseudoMetricSpace.toUniformSpace.{0} Complex
                (@SeminormedRing.toPseudoMetricSpace.{0} Complex
                  (@SeminormedCommRing.toSeminormedRing.{0} Complex
                    (@NormedCommRing.toSeminormedCommRing.{0} Complex
                      (@NormedField.toNormedCommRing.{0} Complex
                        (@DenselyNormedField.toNormedField.{0} Complex
                          (@RCLike.toDenselyNormedField.{0} Complex Complex.instRCLike))))))))
          (@AddCommGroup.toAddCommMonoid.{0} (EuclideanSpace.{0, 0} Complex (Fin n))
            (@WithLp.instAddCommGroup.{0}
              (@OfNat.ofNat.{0} ENNReal (nat_lit 2)
                (@instOfNatAtLeastTwo.{0} ENNReal (nat_lit 2)
                  (@AddMonoidWithOne.toNatCast.{0} ENNReal
                    (@AddCommMonoidWithOne.toAddMonoidWithOne.{0} ENNReal ENNReal.instAddCommMonoidWithOne))
                  PiLp.innerProductSpace._proof_1))
              ((i : Fin n) → (fun x => Complex) i)
              (@Pi.addCommGroup.{0, 0} (Fin n) (fun x => Complex) fun i =>
                @Ring.toAddCommGroup.{0} Complex
                  (@DivisionRing.toRing.{0} Complex
                    (@Field.toDivisionRing.{0} Complex
                      (@NormedField.toField.{0} Complex
                        (@DenselyNormedField.toNormedField.{0} Complex
                          (@RCLike.toDenselyNormedField.{0} Complex Complex.instRCLike))))))))
          (EuclideanSpace.{0, 0} Complex (Fin n))
          (@PiLp.topologicalSpace.{0, 0}
            (@OfNat.ofNat.{0} ENNReal (nat_lit 2)
              (@instOfNatAtLeastTwo.{0} ENNReal (nat_lit 2)
                (@AddMonoidWithOne.toNatCast.{0} ENNReal
                  (@AddCommMonoidWithOne.toAddMonoidWithOne.{0} ENNReal ENNReal.instAddCommMonoidWithOne))
                PiLp.innerProductSpace._proof_1))
            (Fin n) (fun x => Complex) fun i =>
            @UniformSpace.toTopologicalSpace.{0} Complex
              (@PseudoMetricSpace.toUniformSpace.{0} Complex
                (@SeminormedRing.toPseudoMetricSpace.{0} Complex
                  (@SeminormedCommRing.toSeminormedRing.{0} Complex
                    (@NormedCommRing.toSeminormedCommRing.{0} Complex
                      (@NormedField.toNormedCommRing.{0} Complex
                        (@DenselyNormedField.toNormedField.{0} Complex
                          (@RCLike.toDenselyNormedField.{0} Complex Complex.instRCLike))))))))
          (@AddCommGroup.toAddCommMonoid.{0} (EuclideanSpace.{0, 0} Complex (Fin n))
            (@WithLp.instAddCommGroup.{0}
              (@OfNat.ofNat.{0} ENNReal (nat_lit 2)
                (@instOfNatAtLeastTwo.{0} ENNReal (nat_lit 2)
                  (@AddMonoidWithOne.toNatCast.{0} ENNReal
                    (@AddCommMonoidWithOne.toAddMonoidWithOne.{0} ENNReal ENNReal.instAddCommMonoidWithOne))
                  PiLp.innerProductSpace._proof_1))
              ((i : Fin n) → (fun x => Complex) i)
              (@Pi.addCommGroup.{0, 0} (Fin n) (fun x => Complex) fun i =>
                @Ring.toAddCommGroup.{0} Complex
                  (@DivisionRing.toRing.{0} Complex
                    (@Field.toDivisionRing.{0} Complex
                      (@NormedField.toField.{0} Complex
                        (@DenselyNormedField.toNormedField.{0} Complex
                          (@RCLike.toDenselyNormedField.{0} Complex Complex.instRCLike))))))))
          (@WithLp.instModule.{0, 0}
            (@OfNat.ofNat.{0} ENNReal (nat_lit 2)
              (@instOfNatAtLeastTwo.{0} ENNReal (nat_lit 2)
                (@AddMonoidWithOne.toNatCast.{0} ENNReal
                  (@AddCommMonoidWithOne.toAddMonoidWithOne.{0} ENNReal ENNReal.instAddCommMonoidWithOne))
                PiLp.innerProductSpace._proof_1))
            Complex ((i : Fin n) → (fun x => Complex) i)
            (@DivisionSemiring.toSemiring.{0} Complex
              (@Semifield.toDivisionSemiring.{0} Complex
                (@Field.toSemifield.{0} Complex
                  (@NormedField.toField.{0} Complex
                    (@DenselyNormedField.toNormedField.{0} Complex
                      (@RCLike.toDenselyNormedField.{0} Complex Complex.instRCLike))))))
            (@Pi.addCommGroup.{0, 0} (Fin n) (fun x => Complex) fun i =>
              @Ring.toAddCommGroup.{0} Complex
                (@DivisionRing.toRing.{0} Complex
                  (@Field.toDivisionRing.{0} Complex
                    (@NormedField.toField.{0} Complex
                      (@DenselyNormedField.toNormedField.{0} Complex
                        (@RCLike.toDenselyNormedField.{0} Complex Complex.instRCLike))))))
            (@Pi.Function.module.{0, 0, 0} (Fin n) Complex Complex
              (@DivisionSemiring.toSemiring.{0} Complex
                (@Semifield.toDivisionSemiring.{0} Complex
                  (@Field.toSemifield.{0} Complex
                    (@NormedField.toField.{0} Complex
                      (@DenselyNormedField.toNormedField.{0} Complex
                        (@RCLike.toDenselyNormedField.{0} Complex Complex.instRCLike))))))
              (@Semiring.toAddCommMonoid.{0} Complex
                (@Ring.toSemiring.{0} Complex
                  (@DivisionRing.toRing.{0} Complex
                    (@Field.toDivisionRing.{0} Complex
                      (@NormedField.toField.{0} Complex
                        (@DenselyNormedField.toNormedField.{0} Complex
                          (@RCLike.toDenselyNormedField.{0} Complex Complex.instRCLike)))))))
              (@Semiring.toModule.{0} Complex
                (@DivisionSemiring.toSemiring.{0} Complex
                  (@Semifield.toDivisionSemiring.{0} Complex
                    (@Field.toSemifield.{0} Complex
                      (@NormedField.toField.{0} Complex
                        (@DenselyNormedField.toNormedField.{0} Complex
                          (@RCLike.toDenselyNormedField.{0} Complex Complex.instRCLike)))))))))
          (@WithLp.instModule.{0, 0}
            (@OfNat.ofNat.{0} ENNReal (nat_lit 2)
              (@instOfNatAtLeastTwo.{0} ENNReal (nat_lit 2)
                (@AddMonoidWithOne.toNatCast.{0} ENNReal
                  (@AddCommMonoidWithOne.toAddMonoidWithOne.{0} ENNReal ENNReal.instAddCommMonoidWithOne))
                PiLp.innerProductSpace._proof_1))
            Complex ((i : Fin n) → (fun x => Complex) i)
            (@DivisionSemiring.toSemiring.{0} Complex
              (@Semifield.toDivisionSemiring.{0} Complex
                (@Field.toSemifield.{0} Complex
                  (@NormedField.toField.{0} Complex
                    (@DenselyNormedField.toNormedField.{0} Complex
                      (@RCLike.toDenselyNormedField.{0} Complex Complex.instRCLike))))))
            (@Pi.addCommGroup.{0, 0} (Fin n) (fun x => Complex) fun i =>
              @Ring.toAddCommGroup.{0} Complex
                (@DivisionRing.toRing.{0} Complex
                  (@Field.toDivisionRing.{0} Complex
                    (@NormedField.toField.{0} Complex
                      (@DenselyNormedField.toNormedField.{0} Complex
                        (@RCLike.toDenselyNormedField.{0} Complex Complex.instRCLike))))))
            (@Pi.Function.module.{0, 0, 0} (Fin n) Complex Complex
              (@DivisionSemiring.toSemiring.{0} Complex
                (@Semifield.toDivisionSemiring.{0} Complex
                  (@Field.toSemifield.{0} Complex
                    (@NormedField.toField.{0} Complex
                      (@DenselyNormedField.toNormedField.{0} Complex
                        (@RCLike.toDenselyNormedField.{0} Complex Complex.instRCLike))))))
              (@Semiring.toAddCommMonoid.{0} Complex
                (@Ring.toSemiring.{0} Complex
                  (@DivisionRing.toRing.{0} Complex
                    (@Field.toDivisionRing.{0} Complex
                      (@NormedField.toField.{0} Complex
                        (@DenselyNormedField.toNormedField.{0} Complex
                          (@RCLike.toDenselyNormedField.{0} Complex Complex.instRCLike)))))))
              (@Semiring.toModule.{0} Complex
                (@DivisionSemiring.toSemiring.{0} Complex
                  (@Semifield.toDivisionSemiring.{0} Complex
                    (@Field.toSemifield.{0} Complex
                      (@NormedField.toField.{0} Complex
                        (@DenselyNormedField.toNormedField.{0} Complex
                          (@RCLike.toDenselyNormedField.{0} Complex Complex.instRCLike)))))))))
          Complex
          (@DistribMulAction.toDistribSMul.{0, 0} Complex (EuclideanSpace.{0, 0} Complex (Fin n))
            (@Semiring.toMonoid.{0} Complex
              (@DivisionSemiring.toSemiring.{0} Complex
                (@Semifield.toDivisionSemiring.{0} Complex
                  (@Field.toSemifield.{0} Complex
                    (@NormedField.toField.{0} Complex
                      (@DenselyNormedField.toNormedField.{0} Complex
                        (@RCLike.toDenselyNormedField.{0} Complex Complex.instRCLike)))))))
            (@SubNegMonoid.toAddMonoid.{0} (EuclideanSpace.{0, 0} Complex (Fin n))
              (@AddGroup.toSubNegMonoid.{0} (EuclideanSpace.{0, 0} Complex (Fin n))
                (@AddCommGroup.toAddGroup.{0} (EuclideanSpace.{0, 0} Complex (Fin n))
                  (@WithLp.instAddCommGroup.{0}
                    (@OfNat.ofNat.{0} ENNReal (nat_lit 2)
                      (@instOfNatAtLeastTwo.{0} ENNReal (nat_lit 2)
                        (@AddMonoidWithOne.toNatCast.{0} ENNReal
                          (@AddCommMonoidWithOne.toAddMonoidWithOne.{0} ENNReal ENNReal.instAddCommMonoidWithOne))
                        PiLp.innerProductSpace._proof_1))
                    ((i : Fin n) → (fun x => Complex) i)
                    (@Pi.addCommGroup.{0, 0} (Fin n) (fun x => Complex) fun i =>
                      @Ring.toAddCommGroup.{0} Complex
                        (@DivisionRing.toRing.{0} Complex
                          (@Field.toDivisionRing.{0} Complex
                            (@NormedField.toField.{0} Complex
                              (@DenselyNormedField.toNormedField.{0} Complex
                                (@RCLike.toDenselyNormedField.{0} Complex Complex.instRCLike))))))))))
            (@WithLp.instDistribMulAction.{0, 0}
              (@OfNat.ofNat.{0} ENNReal (nat_lit 2)
                (@instOfNatAtLeastTwo.{0} ENNReal (nat_lit 2)
                  (@AddMonoidWithOne.toNatCast.{0} ENNReal
                    (@AddCommMonoidWithOne.toAddMonoidWithOne.{0} ENNReal ENNReal.instAddCommMonoidWithOne))
                  PiLp.innerProductSpace._proof_1))
              Complex ((i : Fin n) → (fun x => Complex) i)
              (@Semiring.toMonoid.{0} Complex
                (@DivisionSemiring.toSemiring.{0} Complex
                  (@Semifield.toDivisionSemiring.{0} Complex
                    (@Field.toSemifield.{0} Complex
                      (@NormedField.toField.{0} Complex
                        (@DenselyNormedField.toNormedField.{0} Complex
                          (@RCLike.toDenselyNormedField.{0} Complex Complex.instRCLike)))))))
              (@Pi.addCommGroup.{0, 0} (Fin n) (fun x => Complex) fun i =>
                @Ring.toAddCommGroup.{0} Complex
                  (@DivisionRing.toRing.{0} Complex
                    (@Field.toDivisionRing.{0} Complex
                      (@NormedField.toField.{0} Complex
                        (@DenselyNormedField.toNormedField.{0} Complex
                          (@RCLike.toDenselyNormedField.{0} Complex Complex.instRCLike))))))
              (@Pi.distribMulAction.{0, 0, 0} (Fin n) (fun x => Complex) Complex
                (@Semiring.toMonoid.{0} Complex
                  (@DivisionSemiring.toSemiring.{0} Complex
                    (@Semifield.toDivisionSemiring.{0} Complex
                      (@Field.toSemifield.{0} Complex
                        (@NormedField.toField.{0} Complex
                          (@DenselyNormedField.toNormedField.{0} Complex
                            (@RCLike.toDenselyNormedField.{0} Complex Complex.instRCLike)))))))
                (fun i =>
                  @SubNegMonoid.toAddMonoid.{0} ((fun x => Complex) i)
                    ((fun i =>
                        @AddGroup.toSubNegMonoid.{0} ((fun x => Complex) i)
                          ((fun i =>
                              @AddCommGroup.toAddGroup.{0} ((fun x => Complex) i)
                                ((fun i =>
                                    @Ring.toAddCommGroup.{0} Complex
                                      (@DivisionRing.toRing.{0} Complex
                                        (@Field.toDivisionRing.{0} Complex
                                          (@NormedField.toField.{0} Complex
                                            (@DenselyNormedField.toNormedField.{0} Complex
                                              (@RCLike.toDenselyNormedField.{0} Complex Complex.instRCLike))))))
                                  i))
                            i))
                      i))
                fun i =>
                @Module.toDistribMulAction.{0, 0} Complex Complex
                  (@DivisionSemiring.toSemiring.{0} Complex
                    (@Semifield.toDivisionSemiring.{0} Complex
                      (@Field.toSemifield.{0} Complex
                        (@NormedField.toField.{0} Complex
                          (@DenselyNormedField.toNormedField.{0} Complex
                            (@RCLike.toDenselyNormedField.{0} Complex Complex.instRCLike))))))
                  (@Semiring.toAddCommMonoid.{0} Complex
                    (@DivisionSemiring.toSemiring.{0} Complex
                      (@Semifield.toDivisionSemiring.{0} Complex
                        (@Field.toSemifield.{0} Complex
                          (@NormedField.toField.{0} Complex
                            (@DenselyNormedField.toNormedField.{0} Complex
                              (@RCLike.toDenselyNormedField.{0} Complex Complex.instRCLike)))))))
                  (@Semiring.toModule.{0} Complex
                    (@DivisionSemiring.toSemiring.{0} Complex
                      (@Semifield.toDivisionSemiring.{0} Complex
                        (@Field.toSemifield.{0} Complex
                          (@NormedField.toField.{0} Complex
                            (@DenselyNormedField.toNormedField.{0} Complex
                              (@RCLike.toDenselyNormedField.{0} Complex Complex.instRCLike))))))))))
          ⋯ ⋯)
        (@Matrix.instStar.{0, 0} (Fin n) Complex
          (@InvolutiveStar.toStar.{0} Complex
            (@StarAddMonoid.toInvolutiveStar.{0} Complex
              (@AddCommMonoid.toAddMonoid.{0} Complex
                (@NonUnitalNonAssocSemiring.toAddCommMonoid.{0} Complex
                  (@NonUnitalNonAssocRing.toNonUnitalNonAssocSemiring.{0} Complex
                    (@NonUnitalNonAssocCommRing.toNonUnitalNonAssocRing.{0} Complex
                      (@NonUnitalCommRing.toNonUnitalNonAssocCommRing.{0} Complex
                        (@CommRing.toNonUnitalCommRing.{0} Complex
                          (@Field.toCommRing.{0} Complex
                            (@NormedField.toField.{0} Complex
                              (@DenselyNormedField.toNormedField.{0} Complex
                                (@RCLike.toDenselyNormedField.{0} Complex Complex.instRCLike))))))))))
              (@StarRing.toStarAddMonoid.{0} Complex
                (@NonUnitalNonAssocRing.toNonUnitalNonAssocSemiring.{0} Complex
                  (@NonUnitalNonAssocCommRing.toNonUnitalNonAssocRing.{0} Complex
                    (@NonUnitalCommRing.toNonUnitalNonAssocCommRing.{0} Complex
                      (@CommRing.toNonUnitalCommRing.{0} Complex
                        (@Field.toCommRing.{0} Complex
                          (@NormedField.toField.{0} Complex
                            (@DenselyNormedField.toNormedField.{0} Complex
                              (@RCLike.toDenselyNormedField.{0} Complex Complex.instRCLike))))))))
                (@RCLike.toStarRing.{0} Complex Complex.instRCLike)))))
        (@ContinuousLinearMap.instStarId.{0, 0} Complex (EuclideanSpace.{0, 0} Complex (Fin n)) Complex.instRCLike
          (@PiLp.normedAddCommGroup.{0, 0}
            (@OfNat.ofNat.{0} ENNReal (nat_lit 2)
              (@instOfNatAtLeastTwo.{0} ENNReal (nat_lit 2)
                (@AddMonoidWithOne.toNatCast.{0} ENNReal
                  (@AddCommMonoidWithOne.toAddMonoidWithOne.{0} ENNReal ENNReal.instAddCommMonoidWithOne))
                PiLp.innerProductSpace._proof_1))
            (Fin n) (fun x => Complex) fact_one_le_two_ennreal (Fin.fintype n) fun i =>
            @NonUnitalNormedRing.toNormedAddCommGroup.{0} Complex
              (@NonUnitalNormedCommRing.toNonUnitalNormedRing.{0} Complex
                (@NormedCommRing.toNonUnitalNormedCommRing.{0} Complex
                  (@NormedField.toNormedCommRing.{0} Complex
                    (@DenselyNormedField.toNormedField.{0} Complex
                      (@RCLike.toDenselyNormedField.{0} Complex Complex.instRCLike))))))
          (@PiLp.innerProductSpace.{0, 0, 0} Complex Complex.instRCLike (Fin n) (Fin.fintype n) (fun x => Complex)
            (fun i =>
              @NonUnitalNormedRing.toNormedAddCommGroup.{0} Complex
                (@NonUnitalNormedCommRing.toNonUnitalNormedRing.{0} Complex
                  (@NormedCommRing.toNonUnitalNormedCommRing.{0} Complex
                    (@NormedField.toNormedCommRing.{0} Complex
                      (@DenselyNormedField.toNormedField.{0} Complex
                        (@RCLike.toDenselyNormedField.{0} Complex Complex.instRCLike))))))
            fun i => @RCLike.innerProductSpace.{0} Complex Complex.instRCLike)
          ⋯))
      (@Matrix.toEuclideanCLM.{0, 0} Complex (Fin n) Complex.instRCLike (Fin.fintype n) (instDecidableEqFin n)) A)
'NLA.MI03.operatorNorm' depends on axioms: [propext, Classical.choice.{u}, Quot.sound.{u}]
def NLA.MI03.summandSum : {n k : Nat} → (Fin k → NLA.MI03.Mat n) → NLA.MI03.Mat n :=
fun {n k} A => ∑ j, A j
'NLA.MI03.summandSum' depends on axioms: [propext, Classical.choice.{u}, Quot.sound.{u}]
def NLA.MI03.modulusSum : {n k : Nat} → (Fin k → NLA.MI03.Mat n) → NLA.MI03.Mat n :=
fun {n k} A => ∑ j, @NLA.MI03.matrixModulus n (A j)
'NLA.MI03.modulusSum' depends on axioms: [propext, Classical.choice.{u}, Quot.sound.{u}]
def NLA.MI03.errorGap : {n k : Nat} → (Fin k → NLA.MI03.Mat n) → Real → NLA.MI03.Mat n :=
fun {n k} A c =>
  @HSub.hSub.{0, 0, 0} (NLA.MI03.Mat n) (NLA.MI03.Mat n) (NLA.MI03.Mat n)
    (@instHSub.{0} (NLA.MI03.Mat n) (@Matrix.sub.{0, 0, 0} (Fin n) (Fin n) Complex Complex.instSub))
    (@HAdd.hAdd.{0, 0, 0} (NLA.MI03.Mat n) (NLA.MI03.Mat n) (NLA.MI03.Mat n)
      (@instHAdd.{0} (NLA.MI03.Mat n) (@Matrix.add.{0, 0, 0} (Fin n) (Fin n) Complex Complex.instAdd))
      (@HSMul.hSMul.{0, 0, 0} Complex (NLA.MI03.Mat n) (NLA.MI03.Mat n)
        (@instHSMul.{0, 0} Complex (NLA.MI03.Mat n)
          (@Matrix.smul.{0, 0, 0, 0} (Fin n) (Fin n) Complex Complex (@instSMulOfMul.{0} Complex Complex.instMul)))
        (↑c)
        (@OfNat.ofNat.{0} (NLA.MI03.Mat n) (nat_lit 1)
          (@One.toOfNat1.{0} (NLA.MI03.Mat n)
            (@Matrix.one.{0, 0} (Fin n) Complex (instDecidableEqFin n) Complex.instZero Complex.instOne))))
      (@NLA.MI03.modulusSum n k A))
    (@NLA.MI03.matrixModulus n (@NLA.MI03.summandSum n k A))
'NLA.MI03.errorGap' depends on axioms: [propext, Classical.choice.{u}, Quot.sound.{u}]
def NLA.MI03.AdmissibleConstant : Nat → Real → Prop :=
fun k c =>
  And (@LE.le.{0} Real Real.instLE (@OfNat.ofNat.{0} Real (nat_lit 0) (@Zero.toOfNat0.{0} Real Real.instZero)) c)
    (∀ (n : Nat),
      @LE.le.{0} Nat instLENat (@OfNat.ofNat.{0} Nat (nat_lit 1) (instOfNatNat (nat_lit 1))) n →
        ∀ (A : Fin k → NLA.MI03.Mat n),
          (∀ (j : Fin k),
              @LE.le.{0} Real Real.instLE (@NLA.MI03.operatorNorm n (A j))
                (@OfNat.ofNat.{0} Real (nat_lit 1) (@One.toOfNat1.{0} Real Real.instOne))) →
            @Matrix.PosSemidef.{0, 0} (Fin n) Complex Complex.instRing Complex.partialOrder Complex.instStarRing
              (@NLA.MI03.errorGap n k A c))
'NLA.MI03.AdmissibleConstant' depends on axioms: [propext, Classical.choice.{u}, Quot.sound.{u}]
def NLA.MI03.admissibleConstants : Nat → Set.{0} Real :=
fun k => @Set.ofPred.{0} Real fun c => NLA.MI03.AdmissibleConstant k c
'NLA.MI03.admissibleConstants' depends on axioms: [propext, Classical.choice.{u}, Quot.sound.{u}]
def NLA.MI03.sharpConstant : Nat → Real :=
fun k => @sInf.{0} Real Real.instInfSet (NLA.MI03.admissibleConstants k)
'NLA.MI03.sharpConstant' depends on axioms: [propext, Classical.choice.{u}, Quot.sound.{u}]
def NLA.MI03.OddContractionConjecture : Prop :=
∀ (k : Nat),
  @LE.le.{0} Nat instLENat (@OfNat.ofNat.{0} Nat (nat_lit 3) (instOfNatNat (nat_lit 3))) k →
    @Odd.{0} Nat Nat.instSemiring k →
      @Eq.{1} Real (NLA.MI03.sharpConstant k)
        (@HDiv.hDiv.{0, 0, 0} Real Real Real (@instHDiv.{0} Real (@DivInvMonoid.toDiv.{0} Real Real.instDivInvMonoid))
          (@Nat.cast.{0} Real Real.instNatCast k)
          (@OfNat.ofNat.{0} Real (nat_lit 4)
            (@instOfNatAtLeastTwo.{0} Real (nat_lit 4) Real.instNatCast NLA.MI03.OddContractionConjecture._proof_1)))
'NLA.MI03.OddContractionConjecture' depends on axioms: [propext, Classical.choice.{u}, Quot.sound.{u}]
def NLA.MI03.pairVariance : {n k : Nat} → (Fin k → NLA.MI03.Mat n) → NLA.MI03.Mat n :=
fun {n k} A =>
  ∑ i,
    ∑ j,
      @HSMul.hSMul.{0, 0, 0} Complex (Matrix.{0, 0, 0} (Fin n) (Fin n) Complex)
        (Matrix.{0, 0, 0} (Fin n) (Fin n) Complex)
        (@instHSMul.{0, 0} Complex (Matrix.{0, 0, 0} (Fin n) (Fin n) Complex)
          (@Matrix.smul.{0, 0, 0, 0} (Fin n) (Fin n) Complex Complex (@instSMulOfMul.{0} Complex Complex.instMul)))
        (@HDiv.hDiv.{0, 0, 0} Complex Complex Complex
          (@instHDiv.{0} Complex (@DivInvMonoid.toDiv.{0} Complex Complex.instDivInvMonoid))
          (@OfNat.ofNat.{0} Complex (nat_lit 1) (@One.toOfNat1.{0} Complex Complex.instOne))
          (@OfNat.ofNat.{0} Complex (nat_lit 2)
            (@instOfNatAtLeastTwo.{0} Complex (nat_lit 2) Complex.instNatCast NLA.MI03.pairVariance._proof_1)))
        (@HMul.hMul.{0, 0, 0} (Matrix.{0, 0, 0} (Fin n) (Fin n) Complex) (NLA.MI03.Mat n)
          (Matrix.{0, 0, 0} (Fin n) (Fin n) Complex)
          (@Matrix.instHMulOfFintypeOfMulOfAddCommMonoid.{0, 0, 0, 0} (Fin n) (Fin n) (Fin n) Complex (Fin.fintype n)
            Complex.instMul Complex.instAddCommMonoid)
          (@Matrix.conjTranspose.{0, 0, 0} (Fin n) (Fin n) Complex
            (@InvolutiveStar.toStar.{0} Complex
              (@StarAddMonoid.toInvolutiveStar.{0} Complex
                (@AddCommMonoid.toAddMonoid.{0} Complex
                  (@NonUnitalNonAssocSemiring.toAddCommMonoid.{0} Complex
                    (@NonUnitalNonAssocRing.toNonUnitalNonAssocSemiring.{0} Complex
                      (@NonUnitalNonAssocCommRing.toNonUnitalNonAssocRing.{0} Complex
                        (@NonUnitalCommRing.toNonUnitalNonAssocCommRing.{0} Complex Complex.instNonUnitalCommRing)))))
                (@StarRing.toStarAddMonoid.{0} Complex
                  (@NonUnitalNonAssocRing.toNonUnitalNonAssocSemiring.{0} Complex
                    (@NonUnitalNonAssocCommRing.toNonUnitalNonAssocRing.{0} Complex
                      (@NonUnitalCommRing.toNonUnitalNonAssocCommRing.{0} Complex Complex.instNonUnitalCommRing)))
                  Complex.instStarRing)))
            (@HSub.hSub.{0, 0, 0} (NLA.MI03.Mat n) (NLA.MI03.Mat n) (NLA.MI03.Mat n)
              (@instHSub.{0} (NLA.MI03.Mat n) (@Matrix.sub.{0, 0, 0} (Fin n) (Fin n) Complex Complex.instSub)) (A i)
              (A j)))
          (@HSub.hSub.{0, 0, 0} (NLA.MI03.Mat n) (NLA.MI03.Mat n) (NLA.MI03.Mat n)
            (@instHSub.{0} (NLA.MI03.Mat n) (@Matrix.sub.{0, 0, 0} (Fin n) (Fin n) Complex Complex.instSub)) (A i)
            (A j)))
'NLA.MI03.pairVariance' depends on axioms: [propext, Classical.choice.{u}, Quot.sound.{u}]
def NLA.MI03.shiftedSquare : {n k : Nat} → (Fin k → NLA.MI03.Mat n) → NLA.MI03.Mat n :=
fun {n k} A =>
  @HPow.hPow.{0, 0, 0} (NLA.MI03.Mat n) Nat (NLA.MI03.Mat n)
    (@instHPow.{0, 0} (NLA.MI03.Mat n) Nat
      (@NPow.toPow.{0} (NLA.MI03.Mat n)
        (@Monoid.toNPow.{0} (NLA.MI03.Mat n)
          (@Semiring.toMonoid.{0} (NLA.MI03.Mat n)
            (@Matrix.semiring.{0, 0} (Fin n) Complex Complex.instSemiring (Fin.fintype n) (instDecidableEqFin n))))))
    (@HSub.hSub.{0, 0, 0} (NLA.MI03.Mat n) (NLA.MI03.Mat n) (NLA.MI03.Mat n)
      (@instHSub.{0} (NLA.MI03.Mat n) (@Matrix.sub.{0, 0, 0} (Fin n) (Fin n) Complex Complex.instSub))
      (@NLA.MI03.matrixModulus n (@NLA.MI03.summandSum n k A))
      (@HSMul.hSMul.{0, 0, 0} Complex (NLA.MI03.Mat n) (NLA.MI03.Mat n)
        (@instHSMul.{0, 0} Complex (NLA.MI03.Mat n)
          (@Matrix.smul.{0, 0, 0, 0} (Fin n) (Fin n) Complex Complex (@instSMulOfMul.{0} Complex Complex.instMul)))
        (@HDiv.hDiv.{0, 0, 0} Complex Complex Complex
          (@instHDiv.{0} Complex (@DivInvMonoid.toDiv.{0} Complex Complex.instDivInvMonoid))
          (@Nat.cast.{0} Complex Complex.instNatCast k)
          (@OfNat.ofNat.{0} Complex (nat_lit 2)
            (@instOfNatAtLeastTwo.{0} Complex (nat_lit 2) Complex.instNatCast NLA.MI03.pairVariance._proof_1)))
        (@OfNat.ofNat.{0} (NLA.MI03.Mat n) (nat_lit 1)
          (@One.toOfNat1.{0} (NLA.MI03.Mat n)
            (@Matrix.one.{0, 0} (Fin n) Complex (instDecidableEqFin n) Complex.instZero Complex.instOne)))))
    (@OfNat.ofNat.{0} Nat (nat_lit 2) (instOfNatNat (nat_lit 2)))
'NLA.MI03.shiftedSquare' depends on axioms: [propext, Classical.choice.{u}, Quot.sound.{u}]
def NLA.MI03.rootOfUnity : Nat → Complex :=
fun k =>
  Complex.exp
    (@HDiv.hDiv.{0, 0, 0} Complex Complex Complex
      (@instHDiv.{0} Complex (@DivInvMonoid.toDiv.{0} Complex Complex.instDivInvMonoid))
      (@HMul.hMul.{0, 0, 0} Complex Complex Complex (@instHMul.{0} Complex Complex.instMul)
        (@HMul.hMul.{0, 0, 0} Complex Complex Complex (@instHMul.{0} Complex Complex.instMul)
          (@OfNat.ofNat.{0} Complex (nat_lit 2)
            (@instOfNatAtLeastTwo.{0} Complex (nat_lit 2) Complex.instNatCast NLA.MI03.pairVariance._proof_1))
          ↑Real.pi)
        Complex.I)
      (@Nat.cast.{0} Complex Complex.instNatCast k))
'NLA.MI03.rootOfUnity' depends on axioms: [propext, Classical.choice.{u}, Quot.sound.{u}]
def NLA.MI03.firstVector : Fin (@OfNat.ofNat.{0} Nat (nat_lit 2) (instOfNatNat (nat_lit 2))) → Complex :=
@Matrix.vecCons.{0} Complex (@OfNat.ofNat.{0} Nat (nat_lit 1) (instOfNatNat (nat_lit 1)))
  (@OfNat.ofNat.{0} Complex (nat_lit 1) (@One.toOfNat1.{0} Complex Complex.instOne))
  (@Matrix.vecCons.{0} Complex (@OfNat.ofNat.{0} Nat (nat_lit 0) (instOfNatNat (nat_lit 0)))
    (@OfNat.ofNat.{0} Complex (nat_lit 0) (@Zero.toOfNat0.{0} Complex Complex.instZero)) (@Matrix.vecEmpty.{0} Complex))
'NLA.MI03.firstVector' depends on axioms: [propext, Classical.choice.{u}, Quot.sound.{u}]
def NLA.MI03.witnessVector : (k : Nat) →
  Fin k → Fin (@OfNat.ofNat.{0} Nat (nat_lit 2) (instOfNatNat (nat_lit 2))) → Complex :=
fun k j =>
  @Matrix.vecCons.{0} Complex (@OfNat.ofNat.{0} Nat (nat_lit 1) (instOfNatNat (nat_lit 1)))
    (@HDiv.hDiv.{0, 0, 0} Complex Complex Complex
      (@instHDiv.{0} Complex (@DivInvMonoid.toDiv.{0} Complex Complex.instDivInvMonoid))
      (@OfNat.ofNat.{0} Complex (nat_lit 1) (@One.toOfNat1.{0} Complex Complex.instOne))
      (@OfNat.ofNat.{0} Complex (nat_lit 2)
        (@instOfNatAtLeastTwo.{0} Complex (nat_lit 2) Complex.instNatCast NLA.MI03.pairVariance._proof_1)))
    (@Matrix.vecCons.{0} Complex (@OfNat.ofNat.{0} Nat (nat_lit 0) (instOfNatNat (nat_lit 0)))
      (@HMul.hMul.{0, 0, 0} Complex Complex Complex (@instHMul.{0} Complex Complex.instMul)
        (@HDiv.hDiv.{0, 0, 0} Complex Complex Complex
          (@instHDiv.{0} Complex (@DivInvMonoid.toDiv.{0} Complex Complex.instDivInvMonoid))
          (↑(Real.sqrt
              (@OfNat.ofNat.{0} Real (nat_lit 3)
                (@instOfNatAtLeastTwo.{0} Real (nat_lit 3) Real.instNatCast NLA.MI03.witnessVector._proof_1))))
          (@OfNat.ofNat.{0} Complex (nat_lit 2)
            (@instOfNatAtLeastTwo.{0} Complex (nat_lit 2) Complex.instNatCast NLA.MI03.pairVariance._proof_1)))
        (@HPow.hPow.{0, 0, 0} Complex Nat Complex
          (@instHPow.{0, 0} Complex Nat
            (@NPow.toPow.{0} Complex
              (@Monoid.toNPow.{0} Complex (@Semiring.toMonoid.{0} Complex Complex.instSemiring))))
          (NLA.MI03.rootOfUnity k) (@Fin.val k j)))
      (@Matrix.vecEmpty.{0} Complex))
'NLA.MI03.witnessVector' depends on axioms: [propext, Classical.choice.{u}, Quot.sound.{u}]
def NLA.MI03.outerProduct : {n : Nat} → (Fin n → Complex) → (Fin n → Complex) → NLA.MI03.Mat n :=
fun {n} u v =>
  @Matrix.vecMulVec.{0, 0, 0} (Fin n) (Fin n) Complex Complex.instMul u fun i =>
    @star.{0} Complex
      (@InvolutiveStar.toStar.{0} Complex
        (@StarAddMonoid.toInvolutiveStar.{0} Complex
          (@AddCommMonoid.toAddMonoid.{0} Complex
            (@NonUnitalNonAssocSemiring.toAddCommMonoid.{0} Complex
              (@NonUnitalNonAssocRing.toNonUnitalNonAssocSemiring.{0} Complex
                (@NonUnitalNonAssocCommRing.toNonUnitalNonAssocRing.{0} Complex
                  (@NonUnitalCommRing.toNonUnitalNonAssocCommRing.{0} Complex Complex.instNonUnitalCommRing)))))
          (@StarRing.toStarAddMonoid.{0} Complex
            (@NonUnitalNonAssocRing.toNonUnitalNonAssocSemiring.{0} Complex
              (@NonUnitalNonAssocCommRing.toNonUnitalNonAssocRing.{0} Complex
                (@NonUnitalCommRing.toNonUnitalNonAssocCommRing.{0} Complex Complex.instNonUnitalCommRing)))
            Complex.instStarRing)))
      (v i)
'NLA.MI03.outerProduct' depends on axioms: [propext, Classical.choice.{u}, Quot.sound.{u}]
def NLA.MI03.witness : (k : Nat) → Fin k → NLA.MI03.Mat (@OfNat.ofNat.{0} Nat (nat_lit 2) (instOfNatNat (nat_lit 2))) :=
fun k j =>
  @NLA.MI03.outerProduct (@OfNat.ofNat.{0} Nat (nat_lit 2) (instOfNatNat (nat_lit 2))) NLA.MI03.firstVector
    (NLA.MI03.witnessVector k j)
'NLA.MI03.witness' depends on axioms: [propext, Classical.choice.{u}, Quot.sound.{u}]
def NLA.MI03.firstProjection : NLA.MI03.Mat (@OfNat.ofNat.{0} Nat (nat_lit 2) (instOfNatNat (nat_lit 2))) :=
@NLA.MI03.outerProduct (@OfNat.ofNat.{0} Nat (nat_lit 2) (instOfNatNat (nat_lit 2))) NLA.MI03.firstVector
  NLA.MI03.firstVector
'NLA.MI03.firstProjection' depends on axioms: [propext, Classical.choice.{u}, Quot.sound.{u}]
def NLA.MI03.witnessModulusSum : Nat → NLA.MI03.Mat (@OfNat.ofNat.{0} Nat (nat_lit 2) (instOfNatNat (nat_lit 2))) :=
fun k =>
  @Matrix.diagonal.{0, 0} (Fin (@OfNat.ofNat.{0} Nat (nat_lit 2) (instOfNatNat (nat_lit 2)))) Complex
    (instDecidableEqFin (@OfNat.ofNat.{0} Nat (nat_lit 2) (instOfNatNat (nat_lit 2)))) Complex.instZero
    (@Matrix.vecCons.{0} Complex (@OfNat.ofNat.{0} Nat (nat_lit 1) (instOfNatNat (nat_lit 1)))
      (@HDiv.hDiv.{0, 0, 0} Complex Complex Complex
        (@instHDiv.{0} Complex (@DivInvMonoid.toDiv.{0} Complex Complex.instDivInvMonoid))
        (@Nat.cast.{0} Complex Complex.instNatCast k)
        (@OfNat.ofNat.{0} Complex (nat_lit 4)
          (@instOfNatAtLeastTwo.{0} Complex (nat_lit 4) Complex.instNatCast
            NLA.MI03.OddContractionConjecture._proof_1)))
      (@Matrix.vecCons.{0} Complex (@OfNat.ofNat.{0} Nat (nat_lit 0) (instOfNatNat (nat_lit 0)))
        (@HDiv.hDiv.{0, 0, 0} Complex Complex Complex
          (@instHDiv.{0} Complex (@DivInvMonoid.toDiv.{0} Complex Complex.instDivInvMonoid))
          (@HMul.hMul.{0, 0, 0} Complex Complex Complex (@instHMul.{0} Complex Complex.instMul)
            (@OfNat.ofNat.{0} Complex (nat_lit 3)
              (@instOfNatAtLeastTwo.{0} Complex (nat_lit 3) Complex.instNatCast NLA.MI03.witnessVector._proof_1))
            (@Nat.cast.{0} Complex Complex.instNatCast k))
          (@OfNat.ofNat.{0} Complex (nat_lit 4)
            (@instOfNatAtLeastTwo.{0} Complex (nat_lit 4) Complex.instNatCast
              NLA.MI03.OddContractionConjecture._proof_1)))
        (@Matrix.vecEmpty.{0} Complex)))
'NLA.MI03.witnessModulusSum' depends on axioms: [propext, Classical.choice.{u}, Quot.sound.{u}]
def NLA.MI03.witnessDifference : Nat → NLA.MI03.Mat (@OfNat.ofNat.{0} Nat (nat_lit 2) (instOfNatNat (nat_lit 2))) :=
fun k =>
  @Matrix.diagonal.{0, 0} (Fin (@OfNat.ofNat.{0} Nat (nat_lit 2) (instOfNatNat (nat_lit 2)))) Complex
    (instDecidableEqFin (@OfNat.ofNat.{0} Nat (nat_lit 2) (instOfNatNat (nat_lit 2)))) Complex.instZero
    (@Matrix.vecCons.{0} Complex (@OfNat.ofNat.{0} Nat (nat_lit 1) (instOfNatNat (nat_lit 1)))
      (@HDiv.hDiv.{0, 0, 0} Complex Complex Complex
        (@instHDiv.{0} Complex (@DivInvMonoid.toDiv.{0} Complex Complex.instDivInvMonoid))
        (@Nat.cast.{0} Complex Complex.instNatCast k)
        (@OfNat.ofNat.{0} Complex (nat_lit 4)
          (@instOfNatAtLeastTwo.{0} Complex (nat_lit 4) Complex.instNatCast
            NLA.MI03.OddContractionConjecture._proof_1)))
      (@Matrix.vecCons.{0} Complex (@OfNat.ofNat.{0} Nat (nat_lit 0) (instOfNatNat (nat_lit 0)))
        (@HDiv.hDiv.{0, 0, 0} Complex Complex Complex
          (@instHDiv.{0} Complex (@DivInvMonoid.toDiv.{0} Complex Complex.instDivInvMonoid))
          (@HMul.hMul.{0, 0, 0} Complex Complex Complex (@instHMul.{0} Complex Complex.instMul)
            (@Neg.neg.{0} Complex Complex.instNeg
              (@OfNat.ofNat.{0} Complex (nat_lit 3)
                (@instOfNatAtLeastTwo.{0} Complex (nat_lit 3) Complex.instNatCast NLA.MI03.witnessVector._proof_1)))
            (@Nat.cast.{0} Complex Complex.instNatCast k))
          (@OfNat.ofNat.{0} Complex (nat_lit 4)
            (@instOfNatAtLeastTwo.{0} Complex (nat_lit 4) Complex.instNatCast
              NLA.MI03.OddContractionConjecture._proof_1)))
        (@Matrix.vecEmpty.{0} Complex)))
'NLA.MI03.witnessDifference' depends on axioms: [propext, Classical.choice.{u}, Quot.sound.{u}]
NLA.MI03.modulus_semantics {n : Nat}
  (hn : @LE.le.{0} Nat instLENat (@OfNat.ofNat.{0} Nat (nat_lit 1) (instOfNatNat (nat_lit 1))) n) (A : NLA.MI03.Mat n) :
  And
    (@Matrix.PosSemidef.{0, 0} (Fin n) Complex Complex.instRing Complex.partialOrder Complex.instStarRing
      (@NLA.MI03.matrixModulus n A))
    (And
      (@Eq.{1} (Matrix.{0, 0, 0} (Fin n) (Fin n) Complex)
        (@HMul.hMul.{0, 0, 0} (NLA.MI03.Mat n) (NLA.MI03.Mat n) (Matrix.{0, 0, 0} (Fin n) (Fin n) Complex)
          (@Matrix.instHMulOfFintypeOfMulOfAddCommMonoid.{0, 0, 0, 0} (Fin n) (Fin n) (Fin n) Complex (Fin.fintype n)
            Complex.instMul Complex.instAddCommMonoid)
          (@NLA.MI03.matrixModulus n A) (@NLA.MI03.matrixModulus n A))
        (@HMul.hMul.{0, 0, 0} (Matrix.{0, 0, 0} (Fin n) (Fin n) Complex) (NLA.MI03.Mat n)
          (Matrix.{0, 0, 0} (Fin n) (Fin n) Complex)
          (@Matrix.instHMulOfFintypeOfMulOfAddCommMonoid.{0, 0, 0, 0} (Fin n) (Fin n) (Fin n) Complex (Fin.fintype n)
            Complex.instMul Complex.instAddCommMonoid)
          (@Matrix.conjTranspose.{0, 0, 0} (Fin n) (Fin n) Complex
            (@InvolutiveStar.toStar.{0} Complex
              (@StarAddMonoid.toInvolutiveStar.{0} Complex
                (@AddCommMonoid.toAddMonoid.{0} Complex
                  (@NonUnitalNonAssocSemiring.toAddCommMonoid.{0} Complex
                    (@NonUnitalNonAssocRing.toNonUnitalNonAssocSemiring.{0} Complex
                      (@NonUnitalNonAssocCommRing.toNonUnitalNonAssocRing.{0} Complex
                        (@NonUnitalCommRing.toNonUnitalNonAssocCommRing.{0} Complex Complex.instNonUnitalCommRing)))))
                (@StarRing.toStarAddMonoid.{0} Complex
                  (@NonUnitalNonAssocRing.toNonUnitalNonAssocSemiring.{0} Complex
                    (@NonUnitalNonAssocCommRing.toNonUnitalNonAssocRing.{0} Complex
                      (@NonUnitalCommRing.toNonUnitalNonAssocCommRing.{0} Complex Complex.instNonUnitalCommRing)))
                  Complex.instStarRing)))
            A)
          A))
      (@Eq.{1} Real (@NLA.MI03.operatorNorm n (@NLA.MI03.matrixModulus n A)) (@NLA.MI03.operatorNorm n A)))
'NLA.MI03.modulus_semantics' depends on axioms: [propext, sorryAx.{u}, Classical.choice.{u}, Quot.sound.{u}]
NLA.MI03.contraction_modulus {n : Nat}
  (hn : @LE.le.{0} Nat instLENat (@OfNat.ofNat.{0} Nat (nat_lit 1) (instOfNatNat (nat_lit 1))) n) (A : NLA.MI03.Mat n)
  (hA :
    @LE.le.{0} Real Real.instLE (@NLA.MI03.operatorNorm n A)
      (@OfNat.ofNat.{0} Real (nat_lit 1) (@One.toOfNat1.{0} Real Real.instOne))) :
  And
    (@Matrix.PosSemidef.{0, 0} (Fin n) Complex Complex.instRing Complex.partialOrder Complex.instStarRing
      (@HSub.hSub.{0, 0, 0} (NLA.MI03.Mat n) (NLA.MI03.Mat n) (NLA.MI03.Mat n)
        (@instHSub.{0} (NLA.MI03.Mat n) (@Matrix.sub.{0, 0, 0} (Fin n) (Fin n) Complex Complex.instSub))
        (@OfNat.ofNat.{0} (NLA.MI03.Mat n) (nat_lit 1)
          (@One.toOfNat1.{0} (NLA.MI03.Mat n)
            (@Matrix.one.{0, 0} (Fin n) Complex (instDecidableEqFin n) Complex.instZero Complex.instOne)))
        (@NLA.MI03.matrixModulus n A)))
    (@Matrix.PosSemidef.{0, 0} (Fin n) Complex Complex.instRing Complex.partialOrder Complex.instStarRing
      (@HSub.hSub.{0, 0, 0} (NLA.MI03.Mat n) (Matrix.{0, 0, 0} (Fin n) (Fin n) Complex) (NLA.MI03.Mat n)
        (@instHSub.{0} (NLA.MI03.Mat n) (@Matrix.sub.{0, 0, 0} (Fin n) (Fin n) Complex Complex.instSub))
        (@NLA.MI03.matrixModulus n A)
        (@HMul.hMul.{0, 0, 0} (NLA.MI03.Mat n) (NLA.MI03.Mat n) (Matrix.{0, 0, 0} (Fin n) (Fin n) Complex)
          (@Matrix.instHMulOfFintypeOfMulOfAddCommMonoid.{0, 0, 0, 0} (Fin n) (Fin n) (Fin n) Complex (Fin.fintype n)
            Complex.instMul Complex.instAddCommMonoid)
          (@NLA.MI03.matrixModulus n A) (@NLA.MI03.matrixModulus n A))))
'NLA.MI03.contraction_modulus' depends on axioms: [propext, sorryAx.{u}, Classical.choice.{u}, Quot.sound.{u}]
NLA.MI03.positive_decomposition {n k : Nat}
  (hn : @LE.le.{0} Nat instLENat (@OfNat.ofNat.{0} Nat (nat_lit 1) (instOfNatNat (nat_lit 1))) n)
  (hk : @LE.le.{0} Nat instLENat (@OfNat.ofNat.{0} Nat (nat_lit 2) (instOfNatNat (nat_lit 2))) k)
  (A : Fin k → NLA.MI03.Mat n) :
  And
    (@Eq.{1} (NLA.MI03.Mat n)
      (@HSMul.hSMul.{0, 0, 0} Complex (NLA.MI03.Mat n) (NLA.MI03.Mat n)
        (@instHSMul.{0, 0} Complex (NLA.MI03.Mat n)
          (@Matrix.smul.{0, 0, 0, 0} (Fin n) (Fin n) Complex Complex (@instSMulOfMul.{0} Complex Complex.instMul)))
        (@Nat.cast.{0} Complex Complex.instNatCast k)
        (@NLA.MI03.errorGap n k A
          (@HDiv.hDiv.{0, 0, 0} Real Real Real (@instHDiv.{0} Real (@DivInvMonoid.toDiv.{0} Real Real.instDivInvMonoid))
            (@Nat.cast.{0} Real Real.instNatCast k)
            (@OfNat.ofNat.{0} Real (nat_lit 4) (@instOfNatAtLeastTwo.{0} Real (nat_lit 4) Real.instNatCast ⋯)))))
      (@HAdd.hAdd.{0, 0, 0} (NLA.MI03.Mat n) (NLA.MI03.Mat n) (NLA.MI03.Mat n)
        (@instHAdd.{0} (NLA.MI03.Mat n) (@Matrix.add.{0, 0, 0} (Fin n) (Fin n) Complex Complex.instAdd))
        (@HAdd.hAdd.{0, 0, 0} (NLA.MI03.Mat n) (NLA.MI03.Mat n) (NLA.MI03.Mat n)
          (@instHAdd.{0} (NLA.MI03.Mat n) (@Matrix.add.{0, 0, 0} (Fin n) (Fin n) Complex Complex.instAdd))
          (@HSMul.hSMul.{0, 0, 0} Complex (NLA.MI03.Mat n) (NLA.MI03.Mat n)
            (@instHSMul.{0, 0} Complex (NLA.MI03.Mat n)
              (@Matrix.smul.{0, 0, 0, 0} (Fin n) (Fin n) Complex Complex (@instSMulOfMul.{0} Complex Complex.instMul)))
            (@Nat.cast.{0} Complex Complex.instNatCast k)
            (∑ j,
              @HSub.hSub.{0, 0, 0} (NLA.MI03.Mat n) (Matrix.{0, 0, 0} (Fin n) (Fin n) Complex) (NLA.MI03.Mat n)
                (@instHSub.{0} (NLA.MI03.Mat n) (@Matrix.sub.{0, 0, 0} (Fin n) (Fin n) Complex Complex.instSub))
                (@NLA.MI03.matrixModulus n (A j))
                (@HMul.hMul.{0, 0, 0} (NLA.MI03.Mat n) (NLA.MI03.Mat n) (Matrix.{0, 0, 0} (Fin n) (Fin n) Complex)
                  (@Matrix.instHMulOfFintypeOfMulOfAddCommMonoid.{0, 0, 0, 0} (Fin n) (Fin n) (Fin n) Complex
                    (Fin.fintype n) Complex.instMul Complex.instAddCommMonoid)
                  (@NLA.MI03.matrixModulus n (A j)) (@NLA.MI03.matrixModulus n (A j)))))
          (@NLA.MI03.pairVariance n k A))
        (@NLA.MI03.shiftedSquare n k A)))
    (And
      (@Matrix.PosSemidef.{0, 0} (Fin n) Complex Complex.instRing Complex.partialOrder Complex.instStarRing
        (@NLA.MI03.pairVariance n k A))
      (@Matrix.PosSemidef.{0, 0} (Fin n) Complex Complex.instRing Complex.partialOrder Complex.instStarRing
        (@NLA.MI03.shiftedSquare n k A)))
'NLA.MI03.positive_decomposition' depends on axioms: [propext, sorryAx.{u}, Classical.choice.{u}, Quot.sound.{u}]
NLA.MI03.universal_upper_bound (k : Nat)
  (hk : @LE.le.{0} Nat instLENat (@OfNat.ofNat.{0} Nat (nat_lit 2) (instOfNatNat (nat_lit 2))) k) :
  NLA.MI03.AdmissibleConstant k
    (@HDiv.hDiv.{0, 0, 0} Real Real Real (@instHDiv.{0} Real (@DivInvMonoid.toDiv.{0} Real Real.instDivInvMonoid))
      (@Nat.cast.{0} Real Real.instNatCast k)
      (@OfNat.ofNat.{0} Real (nat_lit 4) (@instOfNatAtLeastTwo.{0} Real (nat_lit 4) Real.instNatCast ⋯)))
'NLA.MI03.universal_upper_bound' depends on axioms: [propext, sorryAx.{u}, Classical.choice.{u}, Quot.sound.{u}]
NLA.MI03.root_of_unity_data (k : Nat)
  (hk : @LE.le.{0} Nat instLENat (@OfNat.ofNat.{0} Nat (nat_lit 2) (instOfNatNat (nat_lit 2))) k) :
  And
    (@Eq.{1} Real (@norm.{0} Complex Complex.instNorm (NLA.MI03.rootOfUnity k))
      (@OfNat.ofNat.{0} Real (nat_lit 1) (@One.toOfNat1.{0} Real Real.instOne)))
    (@Eq.{1} Complex
      (∑ j,
        @HPow.hPow.{0, 0, 0} Complex Nat Complex
          (@instHPow.{0, 0} Complex Nat
            (@NPow.toPow.{0} Complex
              (@Monoid.toNPow.{0} Complex (@Semiring.toMonoid.{0} Complex Complex.instSemiring))))
          (NLA.MI03.rootOfUnity k) (@Fin.val k j))
      (@OfNat.ofNat.{0} Complex (nat_lit 0) (@Zero.toOfNat0.{0} Complex Complex.instZero)))
'NLA.MI03.root_of_unity_data' depends on axioms: [propext, sorryAx.{u}, Classical.choice.{u}, Quot.sound.{u}]
NLA.MI03.sharpness_witness (k : Nat)
  (hk : @LE.le.{0} Nat instLENat (@OfNat.ofNat.{0} Nat (nat_lit 2) (instOfNatNat (nat_lit 2))) k) :
  And
    (∀ (j : Fin k),
      @Eq.{1} Real
        (@norm.{0}
          (WithLp.{0}
            (@OfNat.ofNat.{0} ENNReal (nat_lit 2)
              (@instOfNatAtLeastTwo.{0} ENNReal (nat_lit 2)
                (@AddMonoidWithOne.toNatCast.{0} ENNReal
                  (@AddCommMonoidWithOne.toAddMonoidWithOne.{0} ENNReal ENNReal.instAddCommMonoidWithOne))
                ⋯))
            (Fin (@OfNat.ofNat.{0} Nat (nat_lit 2) (instOfNatNat (nat_lit 2))) → Complex))
          (@PiLp.instNorm.{0, 0}
            (@OfNat.ofNat.{0} ENNReal (nat_lit 2)
              (@instOfNatAtLeastTwo.{0} ENNReal (nat_lit 2)
                (@AddMonoidWithOne.toNatCast.{0} ENNReal
                  (@AddCommMonoidWithOne.toAddMonoidWithOne.{0} ENNReal ENNReal.instAddCommMonoidWithOne))
                ⋯))
            (Fin (@OfNat.ofNat.{0} Nat (nat_lit 2) (instOfNatNat (nat_lit 2)))) (fun a => Complex)
            (Fin.fintype (@OfNat.ofNat.{0} Nat (nat_lit 2) (instOfNatNat (nat_lit 2)))) fun i => Complex.instNorm)
          (@WithLp.toLp.{0}
            (@OfNat.ofNat.{0} ENNReal (nat_lit 2)
              (@instOfNatAtLeastTwo.{0} ENNReal (nat_lit 2)
                (@AddMonoidWithOne.toNatCast.{0} ENNReal
                  (@AddCommMonoidWithOne.toAddMonoidWithOne.{0} ENNReal ENNReal.instAddCommMonoidWithOne))
                ⋯))
            (Fin (@OfNat.ofNat.{0} Nat (nat_lit 2) (instOfNatNat (nat_lit 2))) → Complex) (NLA.MI03.witnessVector k j)))
        (@OfNat.ofNat.{0} Real (nat_lit 1) (@One.toOfNat1.{0} Real Real.instOne)))
    (And
      (∀ (j : Fin k),
        @Eq.{1} Real
          (@NLA.MI03.operatorNorm (@OfNat.ofNat.{0} Nat (nat_lit 2) (instOfNatNat (nat_lit 2))) (NLA.MI03.witness k j))
          (@OfNat.ofNat.{0} Real (nat_lit 1) (@One.toOfNat1.{0} Real Real.instOne)))
      (And
        (∀ (j : Fin k),
          @Eq.{1} (NLA.MI03.Mat (@OfNat.ofNat.{0} Nat (nat_lit 2) (instOfNatNat (nat_lit 2))))
            (@NLA.MI03.matrixModulus (@OfNat.ofNat.{0} Nat (nat_lit 2) (instOfNatNat (nat_lit 2)))
              (NLA.MI03.witness k j))
            (@NLA.MI03.outerProduct (@OfNat.ofNat.{0} Nat (nat_lit 2) (instOfNatNat (nat_lit 2)))
              (NLA.MI03.witnessVector k j) (NLA.MI03.witnessVector k j)))
        (And
          (@Eq.{1} (NLA.MI03.Mat (@OfNat.ofNat.{0} Nat (nat_lit 2) (instOfNatNat (nat_lit 2))))
            (@NLA.MI03.summandSum (@OfNat.ofNat.{0} Nat (nat_lit 2) (instOfNatNat (nat_lit 2))) k (NLA.MI03.witness k))
            (@HSMul.hSMul.{0, 0, 0} Complex (NLA.MI03.Mat (@OfNat.ofNat.{0} Nat (nat_lit 2) (instOfNatNat (nat_lit 2))))
              (NLA.MI03.Mat (@OfNat.ofNat.{0} Nat (nat_lit 2) (instOfNatNat (nat_lit 2))))
              (@instHSMul.{0, 0} Complex (NLA.MI03.Mat (@OfNat.ofNat.{0} Nat (nat_lit 2) (instOfNatNat (nat_lit 2))))
                (@Matrix.smul.{0, 0, 0, 0} (Fin (@OfNat.ofNat.{0} Nat (nat_lit 2) (instOfNatNat (nat_lit 2))))
                  (Fin (@OfNat.ofNat.{0} Nat (nat_lit 2) (instOfNatNat (nat_lit 2)))) Complex Complex
                  (@instSMulOfMul.{0} Complex Complex.instMul)))
              (@HDiv.hDiv.{0, 0, 0} Complex Complex Complex
                (@instHDiv.{0} Complex (@DivInvMonoid.toDiv.{0} Complex Complex.instDivInvMonoid))
                (@Nat.cast.{0} Complex Complex.instNatCast k)
                (@OfNat.ofNat.{0} Complex (nat_lit 2)
                  (@instOfNatAtLeastTwo.{0} Complex (nat_lit 2) Complex.instNatCast ⋯)))
              NLA.MI03.firstProjection))
          (And
            (@Eq.{1} (NLA.MI03.Mat (@OfNat.ofNat.{0} Nat (nat_lit 2) (instOfNatNat (nat_lit 2))))
              (@NLA.MI03.modulusSum (@OfNat.ofNat.{0} Nat (nat_lit 2) (instOfNatNat (nat_lit 2))) k
                (NLA.MI03.witness k))
              (NLA.MI03.witnessModulusSum k))
            (@Eq.{1} (NLA.MI03.Mat (@OfNat.ofNat.{0} Nat (nat_lit 2) (instOfNatNat (nat_lit 2))))
              (@HSub.hSub.{0, 0, 0} (NLA.MI03.Mat (@OfNat.ofNat.{0} Nat (nat_lit 2) (instOfNatNat (nat_lit 2))))
                (NLA.MI03.Mat (@OfNat.ofNat.{0} Nat (nat_lit 2) (instOfNatNat (nat_lit 2))))
                (NLA.MI03.Mat (@OfNat.ofNat.{0} Nat (nat_lit 2) (instOfNatNat (nat_lit 2))))
                (@instHSub.{0} (NLA.MI03.Mat (@OfNat.ofNat.{0} Nat (nat_lit 2) (instOfNatNat (nat_lit 2))))
                  (@Matrix.sub.{0, 0, 0} (Fin (@OfNat.ofNat.{0} Nat (nat_lit 2) (instOfNatNat (nat_lit 2))))
                    (Fin (@OfNat.ofNat.{0} Nat (nat_lit 2) (instOfNatNat (nat_lit 2)))) Complex Complex.instSub))
                (@NLA.MI03.matrixModulus (@OfNat.ofNat.{0} Nat (nat_lit 2) (instOfNatNat (nat_lit 2)))
                  (@NLA.MI03.summandSum (@OfNat.ofNat.{0} Nat (nat_lit 2) (instOfNatNat (nat_lit 2))) k
                    (NLA.MI03.witness k)))
                (@NLA.MI03.modulusSum (@OfNat.ofNat.{0} Nat (nat_lit 2) (instOfNatNat (nat_lit 2))) k
                  (NLA.MI03.witness k)))
              (NLA.MI03.witnessDifference k))))))
'NLA.MI03.sharpness_witness' depends on axioms: [propext, sorryAx.{u}, Classical.choice.{u}, Quot.sound.{u}]
NLA.MI03.sharp_constant (k : Nat)
  (hk : @LE.le.{0} Nat instLENat (@OfNat.ofNat.{0} Nat (nat_lit 2) (instOfNatNat (nat_lit 2))) k) :
  And
    (@IsLeast.{0} Real Real.instLE (NLA.MI03.admissibleConstants k)
      (@HDiv.hDiv.{0, 0, 0} Real Real Real (@instHDiv.{0} Real (@DivInvMonoid.toDiv.{0} Real Real.instDivInvMonoid))
        (@Nat.cast.{0} Real Real.instNatCast k)
        (@OfNat.ofNat.{0} Real (nat_lit 4) (@instOfNatAtLeastTwo.{0} Real (nat_lit 4) Real.instNatCast ⋯))))
    (@Eq.{1} Real (NLA.MI03.sharpConstant k)
      (@HDiv.hDiv.{0, 0, 0} Real Real Real (@instHDiv.{0} Real (@DivInvMonoid.toDiv.{0} Real Real.instDivInvMonoid))
        (@Nat.cast.{0} Real Real.instNatCast k)
        (@OfNat.ofNat.{0} Real (nat_lit 4) (@instOfNatAtLeastTwo.{0} Real (nat_lit 4) Real.instNatCast ⋯))))
'NLA.MI03.sharp_constant' depends on axioms: [propext, sorryAx.{u}, Classical.choice.{u}, Quot.sound.{u}]
NLA.MI03.odd_contraction_conjecture : NLA.MI03.OddContractionConjecture
'NLA.MI03.odd_contraction_conjecture' depends on axioms: [propext, sorryAx.{u}, Classical.choice.{u}, Quot.sound.{u}]
def Matrix.PosSemidef.{u_2, u_3} : {n : Type u_2} →
  {R : Type u_3} →
    [inst : Ring.{u_3} R] →
      [PartialOrder.{u_3} R] →
        [@StarRing.{u_3} R
              (@NonUnitalNonAssocRing.toNonUnitalNonAssocSemiring.{u_3} R
                (@NonAssocRing.toNonUnitalNonAssocRing.{u_3} R (@Ring.toNonAssocRing.{u_3} R inst)))] →
          Matrix.{u_2, u_2, u_3} n n R → Prop :=
fun {n} {R} [inst : Ring.{u_3} R] [inst_1 : PartialOrder.{u_3} R]
    [inst_2 :
      @StarRing.{u_3} R
        (@NonUnitalNonAssocRing.toNonUnitalNonAssocSemiring.{u_3} R
          (@NonAssocRing.toNonUnitalNonAssocRing.{u_3} R (@Ring.toNonAssocRing.{u_3} R inst)))]
    M =>
  And
    (@Matrix.IsHermitian.{u_3, u_2} R n
      (@InvolutiveStar.toStar.{u_3} R
        (@StarAddMonoid.toInvolutiveStar.{u_3} R
          (@AddCommMonoid.toAddMonoid.{u_3} R
            (@NonUnitalNonAssocSemiring.toAddCommMonoid.{u_3} R
              (@NonUnitalNonAssocRing.toNonUnitalNonAssocSemiring.{u_3} R
                (@NonAssocRing.toNonUnitalNonAssocRing.{u_3} R (@Ring.toNonAssocRing.{u_3} R inst)))))
          (@StarRing.toStarAddMonoid.{u_3} R
            (@NonUnitalNonAssocRing.toNonUnitalNonAssocSemiring.{u_3} R
              (@NonAssocRing.toNonUnitalNonAssocRing.{u_3} R (@Ring.toNonAssocRing.{u_3} R inst)))
            inst_2)))
      M)
    (∀
      (x :
        @Finsupp.{u_2, u_3} n R
          (@MulZeroClass.toZero.{u_3} R (@instMulZeroClassOfSemiring.{u_3} R (@Ring.toSemiring.{u_3} R inst)))),
      @LE.le.{u_3} R (@Preorder.toLE.{u_3} R (@PartialOrder.toPreorder.{u_3} R inst_1))
        (@OfNat.ofNat.{u_3} R (nat_lit 0)
          (@Zero.toOfNat0.{u_3} R
            (@MulZeroClass.toZero.{u_3} R (@instMulZeroClassOfSemiring.{u_3} R (@Ring.toSemiring.{u_3} R inst)))))
        (@Finsupp.sum.{u_2, u_3, u_3} n R R
          (@MulZeroClass.toZero.{u_3} R (@instMulZeroClassOfSemiring.{u_3} R (@Ring.toSemiring.{u_3} R inst)))
          (@Semiring.toAddCommMonoid.{u_3} R (@Ring.toSemiring.{u_3} R inst)) x fun i xi =>
          @Finsupp.sum.{u_2, u_3, u_3} n R R
            (@MulZeroClass.toZero.{u_3} R (@instMulZeroClassOfSemiring.{u_3} R (@Ring.toSemiring.{u_3} R inst)))
            (@Semiring.toAddCommMonoid.{u_3} R (@Ring.toSemiring.{u_3} R inst)) x fun j xj =>
            @HMul.hMul.{u_3, u_3, u_3} R R R
              (@instHMul.{u_3} R
                (@Distrib.toMul.{u_3} R (@instDistribOfSemiring.{u_3} R (@Ring.toSemiring.{u_3} R inst))))
              (@HMul.hMul.{u_3, u_3, u_3} R R R
                (@instHMul.{u_3} R
                  (@Distrib.toMul.{u_3} R (@instDistribOfSemiring.{u_3} R (@Ring.toSemiring.{u_3} R inst))))
                (@star.{u_3} R
                  (@InvolutiveStar.toStar.{u_3} R
                    (@StarAddMonoid.toInvolutiveStar.{u_3} R
                      (@AddCommMonoid.toAddMonoid.{u_3} R
                        (@NonUnitalNonAssocSemiring.toAddCommMonoid.{u_3} R
                          (@NonUnitalNonAssocRing.toNonUnitalNonAssocSemiring.{u_3} R
                            (@NonAssocRing.toNonUnitalNonAssocRing.{u_3} R (@Ring.toNonAssocRing.{u_3} R inst)))))
                      (@StarRing.toStarAddMonoid.{u_3} R
                        (@NonUnitalNonAssocRing.toNonUnitalNonAssocSemiring.{u_3} R
                          (@NonAssocRing.toNonUnitalNonAssocRing.{u_3} R (@Ring.toNonAssocRing.{u_3} R inst)))
                        inst_2)))
                  xi)
                (M i j))
              xj))
@[reducible] def Matrix.instPartialOrder.{u_1, u_2} : {𝕜 : Type u_1} →
  {n : Type u_2} → [RCLike.{u_1} 𝕜] → PartialOrder.{max u_1 u_2} (Matrix.{u_2, u_2, u_1} n n 𝕜) :=
fun {𝕜} {n} [inst : RCLike.{u_1} 𝕜] =>
  @PartialOrder.mk.{max u_1 u_2} (Matrix.{u_2, u_2, u_1} n n 𝕜) (@Matrix.instPreOrder.{u_1, u_2} 𝕜 n inst) ⋯
theorem Matrix.le_iff.{u_1, u_2} : ∀ {𝕜 : Type u_1} {n : Type u_2} [inst : RCLike.{u_1} 𝕜]
  {A B : Matrix.{u_2, u_2, u_1} n n 𝕜},
  Iff
    (@LE.le.{max u_1 u_2} (Matrix.{u_2, u_2, u_1} n n 𝕜)
      (@Preorder.toLE.{max u_1 u_2} (Matrix.{u_2, u_2, u_1} n n 𝕜) (@Matrix.instPreOrder.{u_1, u_2} 𝕜 n inst)) A B)
    (@Matrix.PosSemidef.{u_2, u_1} n 𝕜
      (@DivisionRing.toRing.{u_1} 𝕜
        (@Field.toDivisionRing.{u_1} 𝕜
          (@NormedField.toField.{u_1} 𝕜
            (@DenselyNormedField.toNormedField.{u_1} 𝕜 (@RCLike.toDenselyNormedField.{u_1} 𝕜 inst)))))
      (@RCLike.toPartialOrder.{u_1} 𝕜 inst) (@RCLike.toStarRing.{u_1} 𝕜 inst)
      (@HSub.hSub.{max u_1 u_2, max u_1 u_2, max u_1 u_2} (Matrix.{u_2, u_2, u_1} n n 𝕜) (Matrix.{u_2, u_2, u_1} n n 𝕜)
        (Matrix.{u_2, u_2, u_1} n n 𝕜)
        (@instHSub.{max u_1 u_2} (Matrix.{u_2, u_2, u_1} n n 𝕜)
          (@Matrix.sub.{u_1, u_2, u_2} n n 𝕜
            (@SubNegMonoid.toSub.{u_1} 𝕜
              (@AddGroup.toSubNegMonoid.{u_1} 𝕜
                (@AddGroupWithOne.toAddGroup.{u_1} 𝕜
                  (@Ring.toAddGroupWithOne.{u_1} 𝕜
                    (@DivisionRing.toRing.{u_1} 𝕜
                      (@Field.toDivisionRing.{u_1} 𝕜
                        (@NormedField.toField.{u_1} 𝕜
                          (@DenselyNormedField.toNormedField.{u_1} 𝕜
                            (@RCLike.toDenselyNormedField.{u_1} 𝕜 inst)))))))))))
        B A)) :=
fun {𝕜} {n} [inst : RCLike.{u_1} 𝕜] {A B} =>
  @Iff.rfl
    (@LE.le.{max u_1 u_2} (Matrix.{u_2, u_2, u_1} n n 𝕜)
      (@Preorder.toLE.{max u_1 u_2} (Matrix.{u_2, u_2, u_1} n n 𝕜) (@Matrix.instPreOrder.{u_1, u_2} 𝕜 n inst)) A B)
theorem Complex.le_def : ∀ {z w : Complex},
  Iff (@LE.le.{0} Complex (@Preorder.toLE.{0} Complex (@PartialOrder.toPreorder.{0} Complex Complex.partialOrder)) z w)
    (And (@LE.le.{0} Real Real.instLE z.re w.re) (@Eq.{1} Real z.im w.im)) :=
fun {z w} =>
  @Iff.rfl
    (@LE.le.{0} Complex (@Preorder.toLE.{0} Complex (@PartialOrder.toPreorder.{0} Complex Complex.partialOrder)) z w)
def Matrix.toEuclideanCLM.{u_1, u_3} : {𝕜 : Type u_1} →
  {n : Type u_3} →
    [inst : RCLike.{u_1} 𝕜] →
      [inst_1 : Fintype.{u_3} n] →
        [DecidableEq.{u_3 + 1} n] →
          @StarAlgEquiv.{u_1, max u_1 u_3, max u_3 u_1} 𝕜 (Matrix.{u_3, u_3, u_1} n n 𝕜)
            (@ContinuousLinearMap.{u_1, u_1, max u_3 u_1, max u_3 u_1} 𝕜 𝕜
              (@DivisionSemiring.toSemiring.{u_1} 𝕜
                (@Semifield.toDivisionSemiring.{u_1} 𝕜
                  (@Field.toSemifield.{u_1} 𝕜
                    (@NormedField.toField.{u_1} 𝕜
                      (@DenselyNormedField.toNormedField.{u_1} 𝕜 (@RCLike.toDenselyNormedField.{u_1} 𝕜 inst))))))
              (@DivisionSemiring.toSemiring.{u_1} 𝕜
                (@Semifield.toDivisionSemiring.{u_1} 𝕜
                  (@Field.toSemifield.{u_1} 𝕜
                    (@NormedField.toField.{u_1} 𝕜
                      (@DenselyNormedField.toNormedField.{u_1} 𝕜 (@RCLike.toDenselyNormedField.{u_1} 𝕜 inst))))))
              (@RingHom.id.{u_1} 𝕜
                (@Semiring.toNonAssocSemiring.{u_1} 𝕜
                  (@DivisionSemiring.toSemiring.{u_1} 𝕜
                    (@Semifield.toDivisionSemiring.{u_1} 𝕜
                      (@Field.toSemifield.{u_1} 𝕜
                        (@NormedField.toField.{u_1} 𝕜
                          (@DenselyNormedField.toNormedField.{u_1} 𝕜 (@RCLike.toDenselyNormedField.{u_1} 𝕜 inst))))))))
              (EuclideanSpace.{u_1, u_3} 𝕜 n)
              (@PiLp.topologicalSpace.{u_3, u_1}
                (@OfNat.ofNat.{0} ENNReal (nat_lit 2)
                  (@instOfNatAtLeastTwo.{0} ENNReal (nat_lit 2)
                    (@AddMonoidWithOne.toNatCast.{0} ENNReal
                      (@AddCommMonoidWithOne.toAddMonoidWithOne.{0} ENNReal ENNReal.instAddCommMonoidWithOne))
                    PiLp.innerProductSpace._proof_1))
                n (fun x => 𝕜) fun i =>
                @UniformSpace.toTopologicalSpace.{u_1} 𝕜
                  (@PseudoMetricSpace.toUniformSpace.{u_1} 𝕜
                    (@SeminormedRing.toPseudoMetricSpace.{u_1} 𝕜
                      (@SeminormedCommRing.toSeminormedRing.{u_1} 𝕜
                        (@NormedCommRing.toSeminormedCommRing.{u_1} 𝕜
                          (@NormedField.toNormedCommRing.{u_1} 𝕜
                            (@DenselyNormedField.toNormedField.{u_1} 𝕜
                              (@RCLike.toDenselyNormedField.{u_1} 𝕜 inst))))))))
              (@AddCommGroup.toAddCommMonoid.{max u_1 u_3} (EuclideanSpace.{u_1, u_3} 𝕜 n)
                (@WithLp.instAddCommGroup.{max u_1 u_3}
                  (@OfNat.ofNat.{0} ENNReal (nat_lit 2)
                    (@instOfNatAtLeastTwo.{0} ENNReal (nat_lit 2)
                      (@AddMonoidWithOne.toNatCast.{0} ENNReal
                        (@AddCommMonoidWithOne.toAddMonoidWithOne.{0} ENNReal ENNReal.instAddCommMonoidWithOne))
                      PiLp.innerProductSpace._proof_1))
                  ((i : n) → (fun x => 𝕜) i)
                  (@Pi.addCommGroup.{u_3, u_1} n (fun x => 𝕜) fun i =>
                    @Ring.toAddCommGroup.{u_1} 𝕜
                      (@DivisionRing.toRing.{u_1} 𝕜
                        (@Field.toDivisionRing.{u_1} 𝕜
                          (@NormedField.toField.{u_1} 𝕜
                            (@DenselyNormedField.toNormedField.{u_1} 𝕜
                              (@RCLike.toDenselyNormedField.{u_1} 𝕜 inst))))))))
              (EuclideanSpace.{u_1, u_3} 𝕜 n)
              (@PiLp.topologicalSpace.{u_3, u_1}
                (@OfNat.ofNat.{0} ENNReal (nat_lit 2)
                  (@instOfNatAtLeastTwo.{0} ENNReal (nat_lit 2)
                    (@AddMonoidWithOne.toNatCast.{0} ENNReal
                      (@AddCommMonoidWithOne.toAddMonoidWithOne.{0} ENNReal ENNReal.instAddCommMonoidWithOne))
                    PiLp.innerProductSpace._proof_1))
                n (fun x => 𝕜) fun i =>
                @UniformSpace.toTopologicalSpace.{u_1} 𝕜
                  (@PseudoMetricSpace.toUniformSpace.{u_1} 𝕜
                    (@SeminormedRing.toPseudoMetricSpace.{u_1} 𝕜
                      (@SeminormedCommRing.toSeminormedRing.{u_1} 𝕜
                        (@NormedCommRing.toSeminormedCommRing.{u_1} 𝕜
                          (@NormedField.toNormedCommRing.{u_1} 𝕜
                            (@DenselyNormedField.toNormedField.{u_1} 𝕜
                              (@RCLike.toDenselyNormedField.{u_1} 𝕜 inst))))))))
              (@AddCommGroup.toAddCommMonoid.{max u_1 u_3} (EuclideanSpace.{u_1, u_3} 𝕜 n)
                (@WithLp.instAddCommGroup.{max u_1 u_3}
                  (@OfNat.ofNat.{0} ENNReal (nat_lit 2)
                    (@instOfNatAtLeastTwo.{0} ENNReal (nat_lit 2)
                      (@AddMonoidWithOne.toNatCast.{0} ENNReal
                        (@AddCommMonoidWithOne.toAddMonoidWithOne.{0} ENNReal ENNReal.instAddCommMonoidWithOne))
                      PiLp.innerProductSpace._proof_1))
                  ((i : n) → (fun x => 𝕜) i)
                  (@Pi.addCommGroup.{u_3, u_1} n (fun x => 𝕜) fun i =>
                    @Ring.toAddCommGroup.{u_1} 𝕜
                      (@DivisionRing.toRing.{u_1} 𝕜
                        (@Field.toDivisionRing.{u_1} 𝕜
                          (@NormedField.toField.{u_1} 𝕜
                            (@DenselyNormedField.toNormedField.{u_1} 𝕜
                              (@RCLike.toDenselyNormedField.{u_1} 𝕜 inst))))))))
              (@WithLp.instModule.{u_1, max u_1 u_3}
                (@OfNat.ofNat.{0} ENNReal (nat_lit 2)
                  (@instOfNatAtLeastTwo.{0} ENNReal (nat_lit 2)
                    (@AddMonoidWithOne.toNatCast.{0} ENNReal
                      (@AddCommMonoidWithOne.toAddMonoidWithOne.{0} ENNReal ENNReal.instAddCommMonoidWithOne))
                    PiLp.innerProductSpace._proof_1))
                𝕜 ((i : n) → (fun x => 𝕜) i)
                (@DivisionSemiring.toSemiring.{u_1} 𝕜
                  (@Semifield.toDivisionSemiring.{u_1} 𝕜
                    (@Field.toSemifield.{u_1} 𝕜
                      (@NormedField.toField.{u_1} 𝕜
                        (@DenselyNormedField.toNormedField.{u_1} 𝕜 (@RCLike.toDenselyNormedField.{u_1} 𝕜 inst))))))
                (@Pi.addCommGroup.{u_3, u_1} n (fun x => 𝕜) fun i =>
                  @Ring.toAddCommGroup.{u_1} 𝕜
                    (@DivisionRing.toRing.{u_1} 𝕜
                      (@Field.toDivisionRing.{u_1} 𝕜
                        (@NormedField.toField.{u_1} 𝕜
                          (@DenselyNormedField.toNormedField.{u_1} 𝕜 (@RCLike.toDenselyNormedField.{u_1} 𝕜 inst))))))
                (@Pi.Function.module.{u_3, u_1, u_1} n 𝕜 𝕜
                  (@DivisionSemiring.toSemiring.{u_1} 𝕜
                    (@Semifield.toDivisionSemiring.{u_1} 𝕜
                      (@Field.toSemifield.{u_1} 𝕜
                        (@NormedField.toField.{u_1} 𝕜
                          (@DenselyNormedField.toNormedField.{u_1} 𝕜 (@RCLike.toDenselyNormedField.{u_1} 𝕜 inst))))))
                  (@Semiring.toAddCommMonoid.{u_1} 𝕜
                    (@Ring.toSemiring.{u_1} 𝕜
                      (@DivisionRing.toRing.{u_1} 𝕜
                        (@Field.toDivisionRing.{u_1} 𝕜
                          (@NormedField.toField.{u_1} 𝕜
                            (@DenselyNormedField.toNormedField.{u_1} 𝕜 (@RCLike.toDenselyNormedField.{u_1} 𝕜 inst)))))))
                  (@Semiring.toModule.{u_1} 𝕜
                    (@DivisionSemiring.toSemiring.{u_1} 𝕜
                      (@Semifield.toDivisionSemiring.{u_1} 𝕜
                        (@Field.toSemifield.{u_1} 𝕜
                          (@NormedField.toField.{u_1} 𝕜
                            (@DenselyNormedField.toNormedField.{u_1} 𝕜
                              (@RCLike.toDenselyNormedField.{u_1} 𝕜 inst)))))))))
              (@WithLp.instModule.{u_1, max u_1 u_3}
                (@OfNat.ofNat.{0} ENNReal (nat_lit 2)
                  (@instOfNatAtLeastTwo.{0} ENNReal (nat_lit 2)
                    (@AddMonoidWithOne.toNatCast.{0} ENNReal
                      (@AddCommMonoidWithOne.toAddMonoidWithOne.{0} ENNReal ENNReal.instAddCommMonoidWithOne))
                    PiLp.innerProductSpace._proof_1))
                𝕜 ((i : n) → (fun x => 𝕜) i)
                (@DivisionSemiring.toSemiring.{u_1} 𝕜
                  (@Semifield.toDivisionSemiring.{u_1} 𝕜
                    (@Field.toSemifield.{u_1} 𝕜
                      (@NormedField.toField.{u_1} 𝕜
                        (@DenselyNormedField.toNormedField.{u_1} 𝕜 (@RCLike.toDenselyNormedField.{u_1} 𝕜 inst))))))
                (@Pi.addCommGroup.{u_3, u_1} n (fun x => 𝕜) fun i =>
                  @Ring.toAddCommGroup.{u_1} 𝕜
                    (@DivisionRing.toRing.{u_1} 𝕜
                      (@Field.toDivisionRing.{u_1} 𝕜
                        (@NormedField.toField.{u_1} 𝕜
                          (@DenselyNormedField.toNormedField.{u_1} 𝕜 (@RCLike.toDenselyNormedField.{u_1} 𝕜 inst))))))
                (@Pi.Function.module.{u_3, u_1, u_1} n 𝕜 𝕜
                  (@DivisionSemiring.toSemiring.{u_1} 𝕜
                    (@Semifield.toDivisionSemiring.{u_1} 𝕜
                      (@Field.toSemifield.{u_1} 𝕜
                        (@NormedField.toField.{u_1} 𝕜
                          (@DenselyNormedField.toNormedField.{u_1} 𝕜 (@RCLike.toDenselyNormedField.{u_1} 𝕜 inst))))))
                  (@Semiring.toAddCommMonoid.{u_1} 𝕜
                    (@Ring.toSemiring.{u_1} 𝕜
                      (@DivisionRing.toRing.{u_1} 𝕜
                        (@Field.toDivisionRing.{u_1} 𝕜
                          (@NormedField.toField.{u_1} 𝕜
                            (@DenselyNormedField.toNormedField.{u_1} 𝕜 (@RCLike.toDenselyNormedField.{u_1} 𝕜 inst)))))))
                  (@Semiring.toModule.{u_1} 𝕜
                    (@DivisionSemiring.toSemiring.{u_1} 𝕜
                      (@Semifield.toDivisionSemiring.{u_1} 𝕜
                        (@Field.toSemifield.{u_1} 𝕜
                          (@NormedField.toField.{u_1} 𝕜
                            (@DenselyNormedField.toNormedField.{u_1} 𝕜
                              (@RCLike.toDenselyNormedField.{u_1} 𝕜 inst))))))))))
            (@Matrix.add.{u_1, u_3, u_3} n n 𝕜
              (@Distrib.toAdd.{u_1} 𝕜
                (@instDistribOfSemiring.{u_1} 𝕜
                  (@DivisionSemiring.toSemiring.{u_1} 𝕜
                    (@Semifield.toDivisionSemiring.{u_1} 𝕜
                      (@Field.toSemifield.{u_1} 𝕜
                        (@NormedField.toField.{u_1} 𝕜
                          (@DenselyNormedField.toNormedField.{u_1} 𝕜 (@RCLike.toDenselyNormedField.{u_1} 𝕜 inst)))))))))
            (@ContinuousLinearMap.add.{u_1, u_1, max u_1 u_3, max u_1 u_3} 𝕜 𝕜
              (@DivisionSemiring.toSemiring.{u_1} 𝕜
                (@Semifield.toDivisionSemiring.{u_1} 𝕜
                  (@Field.toSemifield.{u_1} 𝕜
                    (@NormedField.toField.{u_1} 𝕜
                      (@DenselyNormedField.toNormedField.{u_1} 𝕜 (@RCLike.toDenselyNormedField.{u_1} 𝕜 inst))))))
              (@DivisionSemiring.toSemiring.{u_1} 𝕜
                (@Semifield.toDivisionSemiring.{u_1} 𝕜
                  (@Field.toSemifield.{u_1} 𝕜
                    (@NormedField.toField.{u_1} 𝕜
                      (@DenselyNormedField.toNormedField.{u_1} 𝕜 (@RCLike.toDenselyNormedField.{u_1} 𝕜 inst))))))
              (@RingHom.id.{u_1} 𝕜
                (@Semiring.toNonAssocSemiring.{u_1} 𝕜
                  (@DivisionSemiring.toSemiring.{u_1} 𝕜
                    (@Semifield.toDivisionSemiring.{u_1} 𝕜
                      (@Field.toSemifield.{u_1} 𝕜
                        (@NormedField.toField.{u_1} 𝕜
                          (@DenselyNormedField.toNormedField.{u_1} 𝕜 (@RCLike.toDenselyNormedField.{u_1} 𝕜 inst))))))))
              (EuclideanSpace.{u_1, u_3} 𝕜 n)
              (@PiLp.topologicalSpace.{u_3, u_1}
                (@OfNat.ofNat.{0} ENNReal (nat_lit 2)
                  (@instOfNatAtLeastTwo.{0} ENNReal (nat_lit 2)
                    (@AddMonoidWithOne.toNatCast.{0} ENNReal
                      (@AddCommMonoidWithOne.toAddMonoidWithOne.{0} ENNReal ENNReal.instAddCommMonoidWithOne))
                    PiLp.innerProductSpace._proof_1))
                n (fun x => 𝕜) fun i =>
                @UniformSpace.toTopologicalSpace.{u_1} 𝕜
                  (@PseudoMetricSpace.toUniformSpace.{u_1} 𝕜
                    (@SeminormedRing.toPseudoMetricSpace.{u_1} 𝕜
                      (@SeminormedCommRing.toSeminormedRing.{u_1} 𝕜
                        (@NormedCommRing.toSeminormedCommRing.{u_1} 𝕜
                          (@NormedField.toNormedCommRing.{u_1} 𝕜
                            (@DenselyNormedField.toNormedField.{u_1} 𝕜
                              (@RCLike.toDenselyNormedField.{u_1} 𝕜 inst))))))))
              (@AddCommGroup.toAddCommMonoid.{max u_1 u_3} (EuclideanSpace.{u_1, u_3} 𝕜 n)
                (@WithLp.instAddCommGroup.{max u_1 u_3}
                  (@OfNat.ofNat.{0} ENNReal (nat_lit 2)
                    (@instOfNatAtLeastTwo.{0} ENNReal (nat_lit 2)
                      (@AddMonoidWithOne.toNatCast.{0} ENNReal
                        (@AddCommMonoidWithOne.toAddMonoidWithOne.{0} ENNReal ENNReal.instAddCommMonoidWithOne))
                      PiLp.innerProductSpace._proof_1))
                  ((i : n) → (fun x => 𝕜) i)
                  (@Pi.addCommGroup.{u_3, u_1} n (fun x => 𝕜) fun i =>
                    @Ring.toAddCommGroup.{u_1} 𝕜
                      (@DivisionRing.toRing.{u_1} 𝕜
                        (@Field.toDivisionRing.{u_1} 𝕜
                          (@NormedField.toField.{u_1} 𝕜
                            (@DenselyNormedField.toNormedField.{u_1} 𝕜
                              (@RCLike.toDenselyNormedField.{u_1} 𝕜 inst))))))))
              (EuclideanSpace.{u_1, u_3} 𝕜 n)
              (@PiLp.topologicalSpace.{u_3, u_1}
                (@OfNat.ofNat.{0} ENNReal (nat_lit 2)
                  (@instOfNatAtLeastTwo.{0} ENNReal (nat_lit 2)
                    (@AddMonoidWithOne.toNatCast.{0} ENNReal
                      (@AddCommMonoidWithOne.toAddMonoidWithOne.{0} ENNReal ENNReal.instAddCommMonoidWithOne))
                    PiLp.innerProductSpace._proof_1))
                n (fun x => 𝕜) fun i =>
                @UniformSpace.toTopologicalSpace.{u_1} 𝕜
                  (@PseudoMetricSpace.toUniformSpace.{u_1} 𝕜
                    (@SeminormedRing.toPseudoMetricSpace.{u_1} 𝕜
                      (@SeminormedCommRing.toSeminormedRing.{u_1} 𝕜
                        (@NormedCommRing.toSeminormedCommRing.{u_1} 𝕜
                          (@NormedField.toNormedCommRing.{u_1} 𝕜
                            (@DenselyNormedField.toNormedField.{u_1} 𝕜
                              (@RCLike.toDenselyNormedField.{u_1} 𝕜 inst))))))))
              (@AddCommGroup.toAddCommMonoid.{max u_1 u_3} (EuclideanSpace.{u_1, u_3} 𝕜 n)
                (@WithLp.instAddCommGroup.{max u_1 u_3}
                  (@OfNat.ofNat.{0} ENNReal (nat_lit 2)
                    (@instOfNatAtLeastTwo.{0} ENNReal (nat_lit 2)
                      (@AddMonoidWithOne.toNatCast.{0} ENNReal
                        (@AddCommMonoidWithOne.toAddMonoidWithOne.{0} ENNReal ENNReal.instAddCommMonoidWithOne))
                      PiLp.innerProductSpace._proof_1))
                  ((i : n) → (fun x => 𝕜) i)
                  (@Pi.addCommGroup.{u_3, u_1} n (fun x => 𝕜) fun i =>
                    @Ring.toAddCommGroup.{u_1} 𝕜
                      (@DivisionRing.toRing.{u_1} 𝕜
                        (@Field.toDivisionRing.{u_1} 𝕜
                          (@NormedField.toField.{u_1} 𝕜
                            (@DenselyNormedField.toNormedField.{u_1} 𝕜
                              (@RCLike.toDenselyNormedField.{u_1} 𝕜 inst))))))))
              (@WithLp.instModule.{u_1, max u_1 u_3}
                (@OfNat.ofNat.{0} ENNReal (nat_lit 2)
                  (@instOfNatAtLeastTwo.{0} ENNReal (nat_lit 2)
                    (@AddMonoidWithOne.toNatCast.{0} ENNReal
                      (@AddCommMonoidWithOne.toAddMonoidWithOne.{0} ENNReal ENNReal.instAddCommMonoidWithOne))
                    PiLp.innerProductSpace._proof_1))
                𝕜 ((i : n) → (fun x => 𝕜) i)
                (@DivisionSemiring.toSemiring.{u_1} 𝕜
                  (@Semifield.toDivisionSemiring.{u_1} 𝕜
                    (@Field.toSemifield.{u_1} 𝕜
                      (@NormedField.toField.{u_1} 𝕜
                        (@DenselyNormedField.toNormedField.{u_1} 𝕜 (@RCLike.toDenselyNormedField.{u_1} 𝕜 inst))))))
                (@Pi.addCommGroup.{u_3, u_1} n (fun x => 𝕜) fun i =>
                  @Ring.toAddCommGroup.{u_1} 𝕜
                    (@DivisionRing.toRing.{u_1} 𝕜
                      (@Field.toDivisionRing.{u_1} 𝕜
                        (@NormedField.toField.{u_1} 𝕜
                          (@DenselyNormedField.toNormedField.{u_1} 𝕜 (@RCLike.toDenselyNormedField.{u_1} 𝕜 inst))))))
                (@Pi.Function.module.{u_3, u_1, u_1} n 𝕜 𝕜
                  (@DivisionSemiring.toSemiring.{u_1} 𝕜
                    (@Semifield.toDivisionSemiring.{u_1} 𝕜
                      (@Field.toSemifield.{u_1} 𝕜
                        (@NormedField.toField.{u_1} 𝕜
                          (@DenselyNormedField.toNormedField.{u_1} 𝕜 (@RCLike.toDenselyNormedField.{u_1} 𝕜 inst))))))
                  (@Semiring.toAddCommMonoid.{u_1} 𝕜
                    (@Ring.toSemiring.{u_1} 𝕜
                      (@DivisionRing.toRing.{u_1} 𝕜
                        (@Field.toDivisionRing.{u_1} 𝕜
                          (@NormedField.toField.{u_1} 𝕜
                            (@DenselyNormedField.toNormedField.{u_1} 𝕜 (@RCLike.toDenselyNormedField.{u_1} 𝕜 inst)))))))
                  (@Semiring.toModule.{u_1} 𝕜
                    (@DivisionSemiring.toSemiring.{u_1} 𝕜
                      (@Semifield.toDivisionSemiring.{u_1} 𝕜
                        (@Field.toSemifield.{u_1} 𝕜
                          (@NormedField.toField.{u_1} 𝕜
                            (@DenselyNormedField.toNormedField.{u_1} 𝕜
                              (@RCLike.toDenselyNormedField.{u_1} 𝕜 inst)))))))))
              (@WithLp.instModule.{u_1, max u_1 u_3}
                (@OfNat.ofNat.{0} ENNReal (nat_lit 2)
                  (@instOfNatAtLeastTwo.{0} ENNReal (nat_lit 2)
                    (@AddMonoidWithOne.toNatCast.{0} ENNReal
                      (@AddCommMonoidWithOne.toAddMonoidWithOne.{0} ENNReal ENNReal.instAddCommMonoidWithOne))
                    PiLp.innerProductSpace._proof_1))
                𝕜 ((i : n) → (fun x => 𝕜) i)
                (@DivisionSemiring.toSemiring.{u_1} 𝕜
                  (@Semifield.toDivisionSemiring.{u_1} 𝕜
                    (@Field.toSemifield.{u_1} 𝕜
                      (@NormedField.toField.{u_1} 𝕜
                        (@DenselyNormedField.toNormedField.{u_1} 𝕜 (@RCLike.toDenselyNormedField.{u_1} 𝕜 inst))))))
                (@Pi.addCommGroup.{u_3, u_1} n (fun x => 𝕜) fun i =>
                  @Ring.toAddCommGroup.{u_1} 𝕜
                    (@DivisionRing.toRing.{u_1} 𝕜
                      (@Field.toDivisionRing.{u_1} 𝕜
                        (@NormedField.toField.{u_1} 𝕜
                          (@DenselyNormedField.toNormedField.{u_1} 𝕜 (@RCLike.toDenselyNormedField.{u_1} 𝕜 inst))))))
                (@Pi.Function.module.{u_3, u_1, u_1} n 𝕜 𝕜
                  (@DivisionSemiring.toSemiring.{u_1} 𝕜
                    (@Semifield.toDivisionSemiring.{u_1} 𝕜
                      (@Field.toSemifield.{u_1} 𝕜
                        (@NormedField.toField.{u_1} 𝕜
                          (@DenselyNormedField.toNormedField.{u_1} 𝕜 (@RCLike.toDenselyNormedField.{u_1} 𝕜 inst))))))
                  (@Semiring.toAddCommMonoid.{u_1} 𝕜
                    (@Ring.toSemiring.{u_1} 𝕜
                      (@DivisionRing.toRing.{u_1} 𝕜
                        (@Field.toDivisionRing.{u_1} 𝕜
                          (@NormedField.toField.{u_1} 𝕜
                            (@DenselyNormedField.toNormedField.{u_1} 𝕜 (@RCLike.toDenselyNormedField.{u_1} 𝕜 inst)))))))
                  (@Semiring.toModule.{u_1} 𝕜
                    (@DivisionSemiring.toSemiring.{u_1} 𝕜
                      (@Semifield.toDivisionSemiring.{u_1} 𝕜
                        (@Field.toSemifield.{u_1} 𝕜
                          (@NormedField.toField.{u_1} 𝕜
                            (@DenselyNormedField.toNormedField.{u_1} 𝕜
                              (@RCLike.toDenselyNormedField.{u_1} 𝕜 inst)))))))))
              ⋯)
            (@Matrix.instMulOfFintypeOfAddCommMonoid.{u_1, u_3} n 𝕜 inst_1
              (@Distrib.toMul.{u_1} 𝕜
                (@instDistribOfSemiring.{u_1} 𝕜
                  (@DivisionSemiring.toSemiring.{u_1} 𝕜
                    (@Semifield.toDivisionSemiring.{u_1} 𝕜
                      (@Field.toSemifield.{u_1} 𝕜
                        (@NormedField.toField.{u_1} 𝕜
                          (@DenselyNormedField.toNormedField.{u_1} 𝕜 (@RCLike.toDenselyNormedField.{u_1} 𝕜 inst))))))))
              (@Semiring.toAddCommMonoid.{u_1} 𝕜
                (@DivisionSemiring.toSemiring.{u_1} 𝕜
                  (@Semifield.toDivisionSemiring.{u_1} 𝕜
                    (@Field.toSemifield.{u_1} 𝕜
                      (@NormedField.toField.{u_1} 𝕜
                        (@DenselyNormedField.toNormedField.{u_1} 𝕜 (@RCLike.toDenselyNormedField.{u_1} 𝕜 inst))))))))
            (@ContinuousLinearMap.instMul.{u_1, max u_1 u_3} 𝕜
              (@DivisionSemiring.toSemiring.{u_1} 𝕜
                (@Semifield.toDivisionSemiring.{u_1} 𝕜
                  (@Field.toSemifield.{u_1} 𝕜
                    (@NormedField.toField.{u_1} 𝕜
                      (@DenselyNormedField.toNormedField.{u_1} 𝕜 (@RCLike.toDenselyNormedField.{u_1} 𝕜 inst))))))
              (EuclideanSpace.{u_1, u_3} 𝕜 n)
              (@PiLp.topologicalSpace.{u_3, u_1}
                (@OfNat.ofNat.{0} ENNReal (nat_lit 2)
                  (@instOfNatAtLeastTwo.{0} ENNReal (nat_lit 2)
                    (@AddMonoidWithOne.toNatCast.{0} ENNReal
                      (@AddCommMonoidWithOne.toAddMonoidWithOne.{0} ENNReal ENNReal.instAddCommMonoidWithOne))
                    PiLp.innerProductSpace._proof_1))
                n (fun x => 𝕜) fun i =>
                @UniformSpace.toTopologicalSpace.{u_1} 𝕜
                  (@PseudoMetricSpace.toUniformSpace.{u_1} 𝕜
                    (@SeminormedRing.toPseudoMetricSpace.{u_1} 𝕜
                      (@SeminormedCommRing.toSeminormedRing.{u_1} 𝕜
                        (@NormedCommRing.toSeminormedCommRing.{u_1} 𝕜
                          (@NormedField.toNormedCommRing.{u_1} 𝕜
                            (@DenselyNormedField.toNormedField.{u_1} 𝕜
                              (@RCLike.toDenselyNormedField.{u_1} 𝕜 inst))))))))
              (@AddCommGroup.toAddCommMonoid.{max u_1 u_3} (EuclideanSpace.{u_1, u_3} 𝕜 n)
                (@WithLp.instAddCommGroup.{max u_1 u_3}
                  (@OfNat.ofNat.{0} ENNReal (nat_lit 2)
                    (@instOfNatAtLeastTwo.{0} ENNReal (nat_lit 2)
                      (@AddMonoidWithOne.toNatCast.{0} ENNReal
                        (@AddCommMonoidWithOne.toAddMonoidWithOne.{0} ENNReal ENNReal.instAddCommMonoidWithOne))
                      PiLp.innerProductSpace._proof_1))
                  ((i : n) → (fun x => 𝕜) i)
                  (@Pi.addCommGroup.{u_3, u_1} n (fun x => 𝕜) fun i =>
                    @Ring.toAddCommGroup.{u_1} 𝕜
                      (@DivisionRing.toRing.{u_1} 𝕜
                        (@Field.toDivisionRing.{u_1} 𝕜
                          (@NormedField.toField.{u_1} 𝕜
                            (@DenselyNormedField.toNormedField.{u_1} 𝕜
                              (@RCLike.toDenselyNormedField.{u_1} 𝕜 inst))))))))
              (@WithLp.instModule.{u_1, max u_1 u_3}
                (@OfNat.ofNat.{0} ENNReal (nat_lit 2)
                  (@instOfNatAtLeastTwo.{0} ENNReal (nat_lit 2)
                    (@AddMonoidWithOne.toNatCast.{0} ENNReal
                      (@AddCommMonoidWithOne.toAddMonoidWithOne.{0} ENNReal ENNReal.instAddCommMonoidWithOne))
                    PiLp.innerProductSpace._proof_1))
                𝕜 ((i : n) → (fun x => 𝕜) i)
                (@DivisionSemiring.toSemiring.{u_1} 𝕜
                  (@Semifield.toDivisionSemiring.{u_1} 𝕜
                    (@Field.toSemifield.{u_1} 𝕜
                      (@NormedField.toField.{u_1} 𝕜
                        (@DenselyNormedField.toNormedField.{u_1} 𝕜 (@RCLike.toDenselyNormedField.{u_1} 𝕜 inst))))))
                (@Pi.addCommGroup.{u_3, u_1} n (fun x => 𝕜) fun i =>
                  @Ring.toAddCommGroup.{u_1} 𝕜
                    (@DivisionRing.toRing.{u_1} 𝕜
                      (@Field.toDivisionRing.{u_1} 𝕜
                        (@NormedField.toField.{u_1} 𝕜
                          (@DenselyNormedField.toNormedField.{u_1} 𝕜 (@RCLike.toDenselyNormedField.{u_1} 𝕜 inst))))))
                (@Pi.Function.module.{u_3, u_1, u_1} n 𝕜 𝕜
                  (@DivisionSemiring.toSemiring.{u_1} 𝕜
                    (@Semifield.toDivisionSemiring.{u_1} 𝕜
                      (@Field.toSemifield.{u_1} 𝕜
                        (@NormedField.toField.{u_1} 𝕜
                          (@DenselyNormedField.toNormedField.{u_1} 𝕜 (@RCLike.toDenselyNormedField.{u_1} 𝕜 inst))))))
                  (@Semiring.toAddCommMonoid.{u_1} 𝕜
                    (@Ring.toSemiring.{u_1} 𝕜
                      (@DivisionRing.toRing.{u_1} 𝕜
                        (@Field.toDivisionRing.{u_1} 𝕜
                          (@NormedField.toField.{u_1} 𝕜
                            (@DenselyNormedField.toNormedField.{u_1} 𝕜 (@RCLike.toDenselyNormedField.{u_1} 𝕜 inst)))))))
                  (@Semiring.toModule.{u_1} 𝕜
                    (@DivisionSemiring.toSemiring.{u_1} 𝕜
                      (@Semifield.toDivisionSemiring.{u_1} 𝕜
                        (@Field.toSemifield.{u_1} 𝕜
                          (@NormedField.toField.{u_1} 𝕜
                            (@DenselyNormedField.toNormedField.{u_1} 𝕜
                              (@RCLike.toDenselyNormedField.{u_1} 𝕜 inst))))))))))
            (@Matrix.smul.{u_1, u_3, u_3, u_1} n n 𝕜 𝕜
              (@instSMulOfMul.{u_1} 𝕜
                (@Distrib.toMul.{u_1} 𝕜
                  (@instDistribOfSemiring.{u_1} 𝕜
                    (@DivisionSemiring.toSemiring.{u_1} 𝕜
                      (@Semifield.toDivisionSemiring.{u_1} 𝕜
                        (@Field.toSemifield.{u_1} 𝕜
                          (@NormedField.toField.{u_1} 𝕜
                            (@DenselyNormedField.toNormedField.{u_1} 𝕜
                              (@RCLike.toDenselyNormedField.{u_1} 𝕜 inst))))))))))
            (@ContinuousLinearMap.instSMul.{u_1, u_1, max u_1 u_3, max u_1 u_3, u_1} 𝕜 𝕜
              (@DivisionSemiring.toSemiring.{u_1} 𝕜
                (@Semifield.toDivisionSemiring.{u_1} 𝕜
                  (@Field.toSemifield.{u_1} 𝕜
                    (@NormedField.toField.{u_1} 𝕜
                      (@DenselyNormedField.toNormedField.{u_1} 𝕜 (@RCLike.toDenselyNormedField.{u_1} 𝕜 inst))))))
              (@DivisionSemiring.toSemiring.{u_1} 𝕜
                (@Semifield.toDivisionSemiring.{u_1} 𝕜
                  (@Field.toSemifield.{u_1} 𝕜
                    (@NormedField.toField.{u_1} 𝕜
                      (@DenselyNormedField.toNormedField.{u_1} 𝕜 (@RCLike.toDenselyNormedField.{u_1} 𝕜 inst))))))
              (@RingHom.id.{u_1} 𝕜
                (@Semiring.toNonAssocSemiring.{u_1} 𝕜
                  (@DivisionSemiring.toSemiring.{u_1} 𝕜
                    (@Semifield.toDivisionSemiring.{u_1} 𝕜
                      (@Field.toSemifield.{u_1} 𝕜
                        (@NormedField.toField.{u_1} 𝕜
                          (@DenselyNormedField.toNormedField.{u_1} 𝕜 (@RCLike.toDenselyNormedField.{u_1} 𝕜 inst))))))))
              (EuclideanSpace.{u_1, u_3} 𝕜 n)
              (@PiLp.topologicalSpace.{u_3, u_1}
                (@OfNat.ofNat.{0} ENNReal (nat_lit 2)
                  (@instOfNatAtLeastTwo.{0} ENNReal (nat_lit 2)
                    (@AddMonoidWithOne.toNatCast.{0} ENNReal
                      (@AddCommMonoidWithOne.toAddMonoidWithOne.{0} ENNReal ENNReal.instAddCommMonoidWithOne))
                    PiLp.innerProductSpace._proof_1))
                n (fun x => 𝕜) fun i =>
                @UniformSpace.toTopologicalSpace.{u_1} 𝕜
                  (@PseudoMetricSpace.toUniformSpace.{u_1} 𝕜
                    (@SeminormedRing.toPseudoMetricSpace.{u_1} 𝕜
                      (@SeminormedCommRing.toSeminormedRing.{u_1} 𝕜
                        (@NormedCommRing.toSeminormedCommRing.{u_1} 𝕜
                          (@NormedField.toNormedCommRing.{u_1} 𝕜
                            (@DenselyNormedField.toNormedField.{u_1} 𝕜
                              (@RCLike.toDenselyNormedField.{u_1} 𝕜 inst))))))))
              (@AddCommGroup.toAddCommMonoid.{max u_1 u_3} (EuclideanSpace.{u_1, u_3} 𝕜 n)
                (@WithLp.instAddCommGroup.{max u_1 u_3}
                  (@OfNat.ofNat.{0} ENNReal (nat_lit 2)
                    (@instOfNatAtLeastTwo.{0} ENNReal (nat_lit 2)
                      (@AddMonoidWithOne.toNatCast.{0} ENNReal
                        (@AddCommMonoidWithOne.toAddMonoidWithOne.{0} ENNReal ENNReal.instAddCommMonoidWithOne))
                      PiLp.innerProductSpace._proof_1))
                  ((i : n) → (fun x => 𝕜) i)
                  (@Pi.addCommGroup.{u_3, u_1} n (fun x => 𝕜) fun i =>
                    @Ring.toAddCommGroup.{u_1} 𝕜
                      (@DivisionRing.toRing.{u_1} 𝕜
                        (@Field.toDivisionRing.{u_1} 𝕜
                          (@NormedField.toField.{u_1} 𝕜
                            (@DenselyNormedField.toNormedField.{u_1} 𝕜
                              (@RCLike.toDenselyNormedField.{u_1} 𝕜 inst))))))))
              (EuclideanSpace.{u_1, u_3} 𝕜 n)
              (@PiLp.topologicalSpace.{u_3, u_1}
                (@OfNat.ofNat.{0} ENNReal (nat_lit 2)
                  (@instOfNatAtLeastTwo.{0} ENNReal (nat_lit 2)
                    (@AddMonoidWithOne.toNatCast.{0} ENNReal
                      (@AddCommMonoidWithOne.toAddMonoidWithOne.{0} ENNReal ENNReal.instAddCommMonoidWithOne))
                    PiLp.innerProductSpace._proof_1))
                n (fun x => 𝕜) fun i =>
                @UniformSpace.toTopologicalSpace.{u_1} 𝕜
                  (@PseudoMetricSpace.toUniformSpace.{u_1} 𝕜
                    (@SeminormedRing.toPseudoMetricSpace.{u_1} 𝕜
                      (@SeminormedCommRing.toSeminormedRing.{u_1} 𝕜
                        (@NormedCommRing.toSeminormedCommRing.{u_1} 𝕜
                          (@NormedField.toNormedCommRing.{u_1} 𝕜
                            (@DenselyNormedField.toNormedField.{u_1} 𝕜
                              (@RCLike.toDenselyNormedField.{u_1} 𝕜 inst))))))))
              (@AddCommGroup.toAddCommMonoid.{max u_1 u_3} (EuclideanSpace.{u_1, u_3} 𝕜 n)
                (@WithLp.instAddCommGroup.{max u_1 u_3}
                  (@OfNat.ofNat.{0} ENNReal (nat_lit 2)
                    (@instOfNatAtLeastTwo.{0} ENNReal (nat_lit 2)
                      (@AddMonoidWithOne.toNatCast.{0} ENNReal
                        (@AddCommMonoidWithOne.toAddMonoidWithOne.{0} ENNReal ENNReal.instAddCommMonoidWithOne))
                      PiLp.innerProductSpace._proof_1))
                  ((i : n) → (fun x => 𝕜) i)
                  (@Pi.addCommGroup.{u_3, u_1} n (fun x => 𝕜) fun i =>
                    @Ring.toAddCommGroup.{u_1} 𝕜
                      (@DivisionRing.toRing.{u_1} 𝕜
                        (@Field.toDivisionRing.{u_1} 𝕜
                          (@NormedField.toField.{u_1} 𝕜
                            (@DenselyNormedField.toNormedField.{u_1} 𝕜
                              (@RCLike.toDenselyNormedField.{u_1} 𝕜 inst))))))))
              (@WithLp.instModule.{u_1, max u_1 u_3}
                (@OfNat.ofNat.{0} ENNReal (nat_lit 2)
                  (@instOfNatAtLeastTwo.{0} ENNReal (nat_lit 2)
                    (@AddMonoidWithOne.toNatCast.{0} ENNReal
                      (@AddCommMonoidWithOne.toAddMonoidWithOne.{0} ENNReal ENNReal.instAddCommMonoidWithOne))
                    PiLp.innerProductSpace._proof_1))
                𝕜 ((i : n) → (fun x => 𝕜) i)
                (@DivisionSemiring.toSemiring.{u_1} 𝕜
                  (@Semifield.toDivisionSemiring.{u_1} 𝕜
                    (@Field.toSemifield.{u_1} 𝕜
                      (@NormedField.toField.{u_1} 𝕜
                        (@DenselyNormedField.toNormedField.{u_1} 𝕜 (@RCLike.toDenselyNormedField.{u_1} 𝕜 inst))))))
                (@Pi.addCommGroup.{u_3, u_1} n (fun x => 𝕜) fun i =>
                  @Ring.toAddCommGroup.{u_1} 𝕜
                    (@DivisionRing.toRing.{u_1} 𝕜
                      (@Field.toDivisionRing.{u_1} 𝕜
                        (@NormedField.toField.{u_1} 𝕜
                          (@DenselyNormedField.toNormedField.{u_1} 𝕜 (@RCLike.toDenselyNormedField.{u_1} 𝕜 inst))))))
                (@Pi.Function.module.{u_3, u_1, u_1} n 𝕜 𝕜
                  (@DivisionSemiring.toSemiring.{u_1} 𝕜
                    (@Semifield.toDivisionSemiring.{u_1} 𝕜
                      (@Field.toSemifield.{u_1} 𝕜
                        (@NormedField.toField.{u_1} 𝕜
                          (@DenselyNormedField.toNormedField.{u_1} 𝕜 (@RCLike.toDenselyNormedField.{u_1} 𝕜 inst))))))
                  (@Semiring.toAddCommMonoid.{u_1} 𝕜
                    (@Ring.toSemiring.{u_1} 𝕜
                      (@DivisionRing.toRing.{u_1} 𝕜
                        (@Field.toDivisionRing.{u_1} 𝕜
                          (@NormedField.toField.{u_1} 𝕜
                            (@DenselyNormedField.toNormedField.{u_1} 𝕜 (@RCLike.toDenselyNormedField.{u_1} 𝕜 inst)))))))
                  (@Semiring.toModule.{u_1} 𝕜
                    (@DivisionSemiring.toSemiring.{u_1} 𝕜
                      (@Semifield.toDivisionSemiring.{u_1} 𝕜
                        (@Field.toSemifield.{u_1} 𝕜
                          (@NormedField.toField.{u_1} 𝕜
                            (@DenselyNormedField.toNormedField.{u_1} 𝕜
                              (@RCLike.toDenselyNormedField.{u_1} 𝕜 inst)))))))))
              (@WithLp.instModule.{u_1, max u_1 u_3}
                (@OfNat.ofNat.{0} ENNReal (nat_lit 2)
                  (@instOfNatAtLeastTwo.{0} ENNReal (nat_lit 2)
                    (@AddMonoidWithOne.toNatCast.{0} ENNReal
                      (@AddCommMonoidWithOne.toAddMonoidWithOne.{0} ENNReal ENNReal.instAddCommMonoidWithOne))
                    PiLp.innerProductSpace._proof_1))
                𝕜 ((i : n) → (fun x => 𝕜) i)
                (@DivisionSemiring.toSemiring.{u_1} 𝕜
                  (@Semifield.toDivisionSemiring.{u_1} 𝕜
                    (@Field.toSemifield.{u_1} 𝕜
                      (@NormedField.toField.{u_1} 𝕜
                        (@DenselyNormedField.toNormedField.{u_1} 𝕜 (@RCLike.toDenselyNormedField.{u_1} 𝕜 inst))))))
                (@Pi.addCommGroup.{u_3, u_1} n (fun x => 𝕜) fun i =>
                  @Ring.toAddCommGroup.{u_1} 𝕜
                    (@DivisionRing.toRing.{u_1} 𝕜
                      (@Field.toDivisionRing.{u_1} 𝕜
                        (@NormedField.toField.{u_1} 𝕜
                          (@DenselyNormedField.toNormedField.{u_1} 𝕜 (@RCLike.toDenselyNormedField.{u_1} 𝕜 inst))))))
                (@Pi.Function.module.{u_3, u_1, u_1} n 𝕜 𝕜
                  (@DivisionSemiring.toSemiring.{u_1} 𝕜
                    (@Semifield.toDivisionSemiring.{u_1} 𝕜
                      (@Field.toSemifield.{u_1} 𝕜
                        (@NormedField.toField.{u_1} 𝕜
                          (@DenselyNormedField.toNormedField.{u_1} 𝕜 (@RCLike.toDenselyNormedField.{u_1} 𝕜 inst))))))
                  (@Semiring.toAddCommMonoid.{u_1} 𝕜
                    (@Ring.toSemiring.{u_1} 𝕜
                      (@DivisionRing.toRing.{u_1} 𝕜
                        (@Field.toDivisionRing.{u_1} 𝕜
                          (@NormedField.toField.{u_1} 𝕜
                            (@DenselyNormedField.toNormedField.{u_1} 𝕜 (@RCLike.toDenselyNormedField.{u_1} 𝕜 inst)))))))
                  (@Semiring.toModule.{u_1} 𝕜
                    (@DivisionSemiring.toSemiring.{u_1} 𝕜
                      (@Semifield.toDivisionSemiring.{u_1} 𝕜
                        (@Field.toSemifield.{u_1} 𝕜
                          (@NormedField.toField.{u_1} 𝕜
                            (@DenselyNormedField.toNormedField.{u_1} 𝕜
                              (@RCLike.toDenselyNormedField.{u_1} 𝕜 inst)))))))))
              𝕜
              (@DistribMulAction.toDistribSMul.{u_1, max u_1 u_3} 𝕜 (EuclideanSpace.{u_1, u_3} 𝕜 n)
                (@Semiring.toMonoid.{u_1} 𝕜
                  (@DivisionSemiring.toSemiring.{u_1} 𝕜
                    (@Semifield.toDivisionSemiring.{u_1} 𝕜
                      (@Field.toSemifield.{u_1} 𝕜
                        (@NormedField.toField.{u_1} 𝕜
                          (@DenselyNormedField.toNormedField.{u_1} 𝕜 (@RCLike.toDenselyNormedField.{u_1} 𝕜 inst)))))))
                (@SubNegMonoid.toAddMonoid.{max u_1 u_3} (EuclideanSpace.{u_1, u_3} 𝕜 n)
                  (@AddGroup.toSubNegMonoid.{max u_1 u_3} (EuclideanSpace.{u_1, u_3} 𝕜 n)
                    (@AddCommGroup.toAddGroup.{max u_1 u_3} (EuclideanSpace.{u_1, u_3} 𝕜 n)
                      (@WithLp.instAddCommGroup.{max u_1 u_3}
                        (@OfNat.ofNat.{0} ENNReal (nat_lit 2)
                          (@instOfNatAtLeastTwo.{0} ENNReal (nat_lit 2)
                            (@AddMonoidWithOne.toNatCast.{0} ENNReal
                              (@AddCommMonoidWithOne.toAddMonoidWithOne.{0} ENNReal ENNReal.instAddCommMonoidWithOne))
                            PiLp.innerProductSpace._proof_1))
                        ((i : n) → (fun x => 𝕜) i)
                        (@Pi.addCommGroup.{u_3, u_1} n (fun x => 𝕜) fun i =>
                          @Ring.toAddCommGroup.{u_1} 𝕜
                            (@DivisionRing.toRing.{u_1} 𝕜
                              (@Field.toDivisionRing.{u_1} 𝕜
                                (@NormedField.toField.{u_1} 𝕜
                                  (@DenselyNormedField.toNormedField.{u_1} 𝕜
                                    (@RCLike.toDenselyNormedField.{u_1} 𝕜 inst))))))))))
                (@WithLp.instDistribMulAction.{u_1, max u_1 u_3}
                  (@OfNat.ofNat.{0} ENNReal (nat_lit 2)
                    (@instOfNatAtLeastTwo.{0} ENNReal (nat_lit 2)
                      (@AddMonoidWithOne.toNatCast.{0} ENNReal
                        (@AddCommMonoidWithOne.toAddMonoidWithOne.{0} ENNReal ENNReal.instAddCommMonoidWithOne))
                      PiLp.innerProductSpace._proof_1))
                  𝕜 ((i : n) → (fun x => 𝕜) i)
                  (@Semiring.toMonoid.{u_1} 𝕜
                    (@DivisionSemiring.toSemiring.{u_1} 𝕜
                      (@Semifield.toDivisionSemiring.{u_1} 𝕜
                        (@Field.toSemifield.{u_1} 𝕜
                          (@NormedField.toField.{u_1} 𝕜
                            (@DenselyNormedField.toNormedField.{u_1} 𝕜 (@RCLike.toDenselyNormedField.{u_1} 𝕜 inst)))))))
                  (@Pi.addCommGroup.{u_3, u_1} n (fun x => 𝕜) fun i =>
                    @Ring.toAddCommGroup.{u_1} 𝕜
                      (@DivisionRing.toRing.{u_1} 𝕜
                        (@Field.toDivisionRing.{u_1} 𝕜
                          (@NormedField.toField.{u_1} 𝕜
                            (@DenselyNormedField.toNormedField.{u_1} 𝕜 (@RCLike.toDenselyNormedField.{u_1} 𝕜 inst))))))
                  (@Pi.distribMulAction.{u_3, u_1, u_1} n (fun x => 𝕜) 𝕜
                    (@Semiring.toMonoid.{u_1} 𝕜
                      (@DivisionSemiring.toSemiring.{u_1} 𝕜
                        (@Semifield.toDivisionSemiring.{u_1} 𝕜
                          (@Field.toSemifield.{u_1} 𝕜
                            (@NormedField.toField.{u_1} 𝕜
                              (@DenselyNormedField.toNormedField.{u_1} 𝕜
                                (@RCLike.toDenselyNormedField.{u_1} 𝕜 inst)))))))
                    (fun i =>
                      @SubNegMonoid.toAddMonoid.{u_1} ((fun x => 𝕜) i)
                        ((fun i =>
                            @AddGroup.toSubNegMonoid.{u_1} ((fun x => 𝕜) i)
                              ((fun i =>
                                  @AddCommGroup.toAddGroup.{u_1} ((fun x => 𝕜) i)
                                    ((fun i =>
                                        @Ring.toAddCommGroup.{u_1} 𝕜
                                          (@DivisionRing.toRing.{u_1} 𝕜
                                            (@Field.toDivisionRing.{u_1} 𝕜
                                              (@NormedField.toField.{u_1} 𝕜
                                                (@DenselyNormedField.toNormedField.{u_1} 𝕜
                                                  (@RCLike.toDenselyNormedField.{u_1} 𝕜 inst))))))
                                      i))
                                i))
                          i))
                    fun i =>
                    @Module.toDistribMulAction.{u_1, u_1} 𝕜 𝕜
                      (@DivisionSemiring.toSemiring.{u_1} 𝕜
                        (@Semifield.toDivisionSemiring.{u_1} 𝕜
                          (@Field.toSemifield.{u_1} 𝕜
                            (@NormedField.toField.{u_1} 𝕜
                              (@DenselyNormedField.toNormedField.{u_1} 𝕜
                                (@RCLike.toDenselyNormedField.{u_1} 𝕜 inst))))))
                      (@Semiring.toAddCommMonoid.{u_1} 𝕜
                        (@DivisionSemiring.toSemiring.{u_1} 𝕜
                          (@Semifield.toDivisionSemiring.{u_1} 𝕜
                            (@Field.toSemifield.{u_1} 𝕜
                              (@NormedField.toField.{u_1} 𝕜
                                (@DenselyNormedField.toNormedField.{u_1} 𝕜
                                  (@RCLike.toDenselyNormedField.{u_1} 𝕜 inst)))))))
                      (@Semiring.toModule.{u_1} 𝕜
                        (@DivisionSemiring.toSemiring.{u_1} 𝕜
                          (@Semifield.toDivisionSemiring.{u_1} 𝕜
                            (@Field.toSemifield.{u_1} 𝕜
                              (@NormedField.toField.{u_1} 𝕜
                                (@DenselyNormedField.toNormedField.{u_1} 𝕜
                                  (@RCLike.toDenselyNormedField.{u_1} 𝕜 inst))))))))))
              ⋯ ⋯)
            (@Matrix.instStar.{u_1, u_3} n 𝕜
              (@InvolutiveStar.toStar.{u_1} 𝕜
                (@StarAddMonoid.toInvolutiveStar.{u_1} 𝕜
                  (@AddCommMonoid.toAddMonoid.{u_1} 𝕜
                    (@NonUnitalNonAssocSemiring.toAddCommMonoid.{u_1} 𝕜
                      (@NonUnitalNonAssocRing.toNonUnitalNonAssocSemiring.{u_1} 𝕜
                        (@NonUnitalNonAssocCommRing.toNonUnitalNonAssocRing.{u_1} 𝕜
                          (@NonUnitalCommRing.toNonUnitalNonAssocCommRing.{u_1} 𝕜
                            (@CommRing.toNonUnitalCommRing.{u_1} 𝕜
                              (@Field.toCommRing.{u_1} 𝕜
                                (@NormedField.toField.{u_1} 𝕜
                                  (@DenselyNormedField.toNormedField.{u_1} 𝕜
                                    (@RCLike.toDenselyNormedField.{u_1} 𝕜 inst))))))))))
                  (@StarRing.toStarAddMonoid.{u_1} 𝕜
                    (@NonUnitalNonAssocRing.toNonUnitalNonAssocSemiring.{u_1} 𝕜
                      (@NonUnitalNonAssocCommRing.toNonUnitalNonAssocRing.{u_1} 𝕜
                        (@NonUnitalCommRing.toNonUnitalNonAssocCommRing.{u_1} 𝕜
                          (@CommRing.toNonUnitalCommRing.{u_1} 𝕜
                            (@Field.toCommRing.{u_1} 𝕜
                              (@NormedField.toField.{u_1} 𝕜
                                (@DenselyNormedField.toNormedField.{u_1} 𝕜
                                  (@RCLike.toDenselyNormedField.{u_1} 𝕜 inst))))))))
                    (@RCLike.toStarRing.{u_1} 𝕜 inst)))))
            (@ContinuousLinearMap.instStarId.{u_1, max u_1 u_3} 𝕜 (EuclideanSpace.{u_1, u_3} 𝕜 n) inst
              (@PiLp.normedAddCommGroup.{u_3, u_1}
                (@OfNat.ofNat.{0} ENNReal (nat_lit 2)
                  (@instOfNatAtLeastTwo.{0} ENNReal (nat_lit 2)
                    (@AddMonoidWithOne.toNatCast.{0} ENNReal
                      (@AddCommMonoidWithOne.toAddMonoidWithOne.{0} ENNReal ENNReal.instAddCommMonoidWithOne))
                    PiLp.innerProductSpace._proof_1))
                n (fun x => 𝕜) fact_one_le_two_ennreal inst_1 fun i =>
                @NonUnitalNormedRing.toNormedAddCommGroup.{u_1} 𝕜
                  (@NonUnitalNormedCommRing.toNonUnitalNormedRing.{u_1} 𝕜
                    (@NormedCommRing.toNonUnitalNormedCommRing.{u_1} 𝕜
                      (@NormedField.toNormedCommRing.{u_1} 𝕜
                        (@DenselyNormedField.toNormedField.{u_1} 𝕜 (@RCLike.toDenselyNormedField.{u_1} 𝕜 inst))))))
              (@PiLp.innerProductSpace.{u_1, u_3, u_1} 𝕜 inst n inst_1 (fun x => 𝕜)
                (fun i =>
                  @NonUnitalNormedRing.toNormedAddCommGroup.{u_1} 𝕜
                    (@NonUnitalNormedCommRing.toNonUnitalNormedRing.{u_1} 𝕜
                      (@NormedCommRing.toNonUnitalNormedCommRing.{u_1} 𝕜
                        (@NormedField.toNormedCommRing.{u_1} 𝕜
                          (@DenselyNormedField.toNormedField.{u_1} 𝕜 (@RCLike.toDenselyNormedField.{u_1} 𝕜 inst))))))
                fun i => @RCLike.innerProductSpace.{u_1} 𝕜 inst)
              ⋯) :=
fun {𝕜} {n} [inst : ⋯] [inst_1 : ⋯] [⋯] =>
  @StarAlgEquiv.trans.{u_1, max u_1 u_3, max u_1 u_3, max u_1 u_3} 𝕜 (Matrix.{u_3, u_3, u_1} n n 𝕜)
    (@LinearMap.{u_1, u_1, max u_1 u_3, max u_1 u_3} 𝕜 𝕜
      (@DivisionSemiring.toSemiring.{u_1} 𝕜
        (@Semifield.toDivisionSemiring.{u_1} 𝕜
          (@Field.toSemifield.{u_1} 𝕜
            (@NormedField.toField.{u_1} 𝕜
              (@DenselyNormedField.toNormedField.{u_1} 𝕜 (@RCLike.toDenselyNormedField.{u_1} 𝕜 inst))))))
      (@DivisionSemiring.toSemiring.{u_1} 𝕜
        (@Semifield.toDivisionSemiring.{u_1} 𝕜
          (@Field.toSemifield.{u_1} 𝕜
            (@NormedField.toField.{u_1} 𝕜
              (@DenselyNormedField.toNormedField.{u_1} 𝕜 (@RCLike.toDenselyNormedField.{u_1} 𝕜 inst))))))
      (@RingHom.id.{u_1} 𝕜
        (@Semiring.toNonAssocSemiring.{u_1} 𝕜
          (@DivisionSemiring.toSemiring.{u_1} 𝕜
            (@Semifield.toDivisionSemiring.{u_1} 𝕜
              (@Field.toSemifield.{u_1} 𝕜
                (@NormedField.toField.{u_1} 𝕜
                  (@DenselyNormedField.toNormedField.{u_1} 𝕜 (@RCLike.toDenselyNormedField.{u_1} 𝕜 inst))))))))
      (EuclideanSpace.{u_1, u_3} 𝕜 n) (EuclideanSpace.{u_1, u_3} 𝕜 n)
      (@AddCommGroup.toAddCommMonoid.{max u_1 u_3} (EuclideanSpace.{u_1, u_3} 𝕜 n)
        (@NormedAddCommGroup.toAddCommGroup.{max u_1 u_3} (EuclideanSpace.{u_1, u_3} 𝕜 n)
          (@PiLp.normedAddCommGroup.{u_3, u_1}
            (@OfNat.ofNat.{0} ENNReal (nat_lit 2)
              (@instOfNatAtLeastTwo.{0} ENNReal (nat_lit 2)
                (@AddMonoidWithOne.toNatCast.{0} ENNReal
                  (@AddCommMonoidWithOne.toAddMonoidWithOne.{0} ENNReal ENNReal.instAddCommMonoidWithOne))
                PiLp.innerProductSpace._proof_1))
            n (fun x => 𝕜) fact_one_le_two_ennreal inst_1 fun i =>
            @NonUnitalNormedRing.toNormedAddCommGroup.{u_1} 𝕜
              (@NonUnitalNormedCommRing.toNonUnitalNormedRing.{u_1} 𝕜
                (@NormedCommRing.toNonUnitalNormedCommRing.{u_1} 𝕜
                  (@NormedField.toNormedCommRing.{u_1} 𝕜
                    (@DenselyNormedField.toNormedField.{u_1} 𝕜 (@RCLike.toDenselyNormedField.{u_1} 𝕜 inst))))))))
      (@AddCommGroup.toAddCommMonoid.{max u_1 u_3} (EuclideanSpace.{u_1, u_3} 𝕜 n)
        (@NormedAddCommGroup.toAddCommGroup.{max u_1 u_3} (EuclideanSpace.{u_1, u_3} 𝕜 n)
          (@PiLp.normedAddCommGroup.{u_3, u_1}
            (@OfNat.ofNat.{0} ENNReal (nat_lit 2)
              (@instOfNatAtLeastTwo.{0} ENNReal (nat_lit 2)
                (@AddMonoidWithOne.toNatCast.{0} ENNReal
                  (@AddCommMonoidWithOne.toAddMonoidWithOne.{0} ENNReal ENNReal.instAddCommMonoidWithOne))
                PiLp.innerProductSpace._proof_1))
            n (fun x => 𝕜) fact_one_le_two_ennreal inst_1 fun i =>
            @NonUnitalNormedRing.toNormedAddCommGroup.{u_1} 𝕜
              (@NonUnitalNormedCommRing.toNonUnitalNormedRing.{u_1} 𝕜
                (@NormedCommRing.toNonUnitalNormedCommRing.{u_1} 𝕜
                  (@NormedField.toNormedCommRing.{u_1} 𝕜
                    (@DenselyNormedField.toNormedField.{u_1} 𝕜 (@RCLike.toDenselyNormedField.{u_1} 𝕜 inst))))))))
      (@NormedSpace.toModule.{u_1, max u_1 u_3} 𝕜 (EuclideanSpace.{u_1, u_3} 𝕜 n)
        (@DenselyNormedField.toNormedField.{u_1} 𝕜 (@RCLike.toDenselyNormedField.{u_1} 𝕜 inst))
        (@NormedAddCommGroup.toSeminormedAddCommGroup.{max u_1 u_3} (EuclideanSpace.{u_1, u_3} 𝕜 n)
          (@PiLp.normedAddCommGroup.{u_3, u_1}
            (@OfNat.ofNat.{0} ENNReal (nat_lit 2)
              (@instOfNatAtLeastTwo.{0} ENNReal (nat_lit 2)
                (@AddMonoidWithOne.toNatCast.{0} ENNReal
                  (@AddCommMonoidWithOne.toAddMonoidWithOne.{0} ENNReal ENNReal.instAddCommMonoidWithOne))
                PiLp.innerProductSpace._proof_1))
            n (fun x => 𝕜) fact_one_le_two_ennreal inst_1 fun i =>
            @NonUnitalNormedRing.toNormedAddCommGroup.{u_1} 𝕜
              (@NonUnitalNormedCommRing.toNonUnitalNormedRing.{u_1} 𝕜
                (@NormedCommRing.toNonUnitalNormedCommRing.{u_1} 𝕜
                  (@NormedField.toNormedCommRing.{u_1} 𝕜
                    (@DenselyNormedField.toNormedField.{u_1} 𝕜 (@RCLike.toDenselyNormedField.{u_1} 𝕜 inst)))))))
        (@InnerProductSpace.toNormedSpace.{u_1, max u_1 u_3} 𝕜 (EuclideanSpace.{u_1, u_3} 𝕜 n) inst
          (@NormedAddCommGroup.toSeminormedAddCommGroup.{max u_1 u_3} (EuclideanSpace.{u_1, u_3} 𝕜 n)
            (@PiLp.normedAddCommGroup.{u_3, u_1}
              (@OfNat.ofNat.{0} ENNReal (nat_lit 2)
                (@instOfNatAtLeastTwo.{0} ENNReal (nat_lit 2)
                  (@AddMonoidWithOne.toNatCast.{0} ENNReal
                    (@AddCommMonoidWithOne.toAddMonoidWithOne.{0} ENNReal ENNReal.instAddCommMonoidWithOne))
                  PiLp.innerProductSpace._proof_1))
              n (fun x => 𝕜) fact_one_le_two_ennreal inst_1 fun i =>
              @NonUnitalNormedRing.toNormedAddCommGroup.{u_1} 𝕜
                (@NonUnitalNormedCommRing.toNonUnitalNormedRing.{u_1} 𝕜
                  (@NormedCommRing.toNonUnitalNormedCommRing.{u_1} 𝕜
                    (@NormedField.toNormedCommRing.{u_1} 𝕜
                      (@DenselyNormedField.toNormedField.{u_1} 𝕜 (@RCLike.toDenselyNormedField.{u_1} 𝕜 inst)))))))
          (@PiLp.innerProductSpace.{u_1, u_3, u_1} 𝕜 inst n inst_1 (fun x => 𝕜)
            (fun i =>
              @NonUnitalNormedRing.toNormedAddCommGroup.{u_1} 𝕜
                (@NonUnitalNormedCommRing.toNonUnitalNormedRing.{u_1} 𝕜
                  (@NormedCommRing.toNonUnitalNormedCommRing.{u_1} 𝕜
                    (@NormedField.toNormedCommRing.{u_1} 𝕜
                      (@DenselyNormedField.toNormedField.{u_1} 𝕜 (@RCLike.toDenselyNormedField.{u_1} 𝕜 inst))))))
            fun i => @RCLike.innerProductSpace.{u_1} 𝕜 inst)))
      (@NormedSpace.toModule.{u_1, max u_1 u_3} 𝕜 (EuclideanSpace.{u_1, u_3} 𝕜 n)
        (@DenselyNormedField.toNormedField.{u_1} 𝕜 (@RCLike.toDenselyNormedField.{u_1} 𝕜 inst))
        (@NormedAddCommGroup.toSeminormedAddCommGroup.{max u_1 u_3} (EuclideanSpace.{u_1, u_3} 𝕜 n)
          (@PiLp.normedAddCommGroup.{u_3, u_1}
            (@OfNat.ofNat.{0} ENNReal (nat_lit 2)
              (@instOfNatAtLeastTwo.{0} ENNReal (nat_lit 2)
                (@AddMonoidWithOne.toNatCast.{0} ENNReal
                  (@AddCommMonoidWithOne.toAddMonoidWithOne.{0} ENNReal ENNReal.instAddCommMonoidWithOne))
                PiLp.innerProductSpace._proof_1))
            n (fun x => 𝕜) fact_one_le_two_ennreal inst_1 fun i =>
            @NonUnitalNormedRing.toNormedAddCommGroup.{u_1} 𝕜
              (@NonUnitalNormedCommRing.toNonUnitalNormedRing.{u_1} 𝕜
                (@NormedCommRing.toNonUnitalNormedCommRing.{u_1} 𝕜
                  (@NormedField.toNormedCommRing.{u_1} 𝕜
                    (@DenselyNormedField.toNormedField.{u_1} 𝕜 (@RCLike.toDenselyNormedField.{u_1} 𝕜 inst)))))))
        (@InnerProductSpace.toNormedSpace.{u_1, max u_1 u_3} 𝕜 (EuclideanSpace.{u_1, u_3} 𝕜 n) inst
          (@NormedAddCommGroup.toSeminormedAddCommGroup.{max u_1 u_3} (EuclideanSpace.{u_1, u_3} 𝕜 n)
            (@PiLp.normedAddCommGroup.{u_3, u_1}
              (@OfNat.ofNat.{0} ENNReal (nat_lit 2)
                (@instOfNatAtLeastTwo.{0} ENNReal (nat_lit 2)
                  (@AddMonoidWithOne.toNatCast.{0} ENNReal
                    (@AddCommMonoidWithOne.toAddMonoidWithOne.{0} ENNReal ENNReal.instAddCommMonoidWithOne))
                  PiLp.innerProductSpace._proof_1))
              n (fun x => 𝕜) fact_one_le_two_ennreal inst_1 fun i =>
              @NonUnitalNormedRing.toNormedAddCommGroup.{u_1} 𝕜
                (@NonUnitalNormedCommRing.toNonUnitalNormedRing.{u_1} 𝕜
                  (@NormedCommRing.toNonUnitalNormedCommRing.{u_1} 𝕜
                    (@NormedField.toNormedCommRing.{u_1} 𝕜
                      (@DenselyNormedField.toNormedField.{u_1} 𝕜 (@RCLike.toDenselyNormedField.{u_1} 𝕜 inst)))))))
          (@PiLp.innerProductSpace.{u_1, u_3, u_1} 𝕜 inst n inst_1 (fun x => 𝕜)
            (fun i =>
              @NonUnitalNormedRing.toNormedAddCommGroup.{u_1} 𝕜
                (@NonUnitalNormedCommRing.toNonUnitalNormedRing.{u_1} 𝕜
                  (@NormedCommRing.toNonUnitalNormedCommRing.{u_1} 𝕜
                    (@NormedField.toNormedCommRing.{u_1} 𝕜
                      (@DenselyNormedField.toNormedField.{u_1} 𝕜 (@RCLike.toDenselyNormedField.{u_1} 𝕜 inst))))))
            fun i => @RCLike.innerProductSpace.{u_1} 𝕜 inst))))
    (@ContinuousLinearMap.{u_1, u_1, max u_3 u_1, max u_3 u_1} 𝕜 𝕜
      (@DivisionSemiring.toSemiring.{u_1} 𝕜
        (@Semifield.toDivisionSemiring.{u_1} 𝕜
          (@Field.toSemifield.{u_1} 𝕜
            (@NormedField.toField.{u_1} 𝕜
              (@DenselyNormedField.toNormedField.{u_1} 𝕜 (@RCLike.toDenselyNormedField.{u_1} 𝕜 inst))))))
      (@DivisionSemiring.toSemiring.{u_1} 𝕜
        (@Semifield.toDivisionSemiring.{u_1} 𝕜
          (@Field.toSemifield.{u_1} 𝕜
            (@NormedField.toField.{u_1} 𝕜
              (@DenselyNormedField.toNormedField.{u_1} 𝕜 (@RCLike.toDenselyNormedField.{u_1} 𝕜 inst))))))
      (@RingHom.id.{u_1} 𝕜
        (@Semiring.toNonAssocSemiring.{u_1} 𝕜
          (@DivisionSemiring.toSemiring.{u_1} 𝕜
            (@Semifield.toDivisionSemiring.{u_1} 𝕜
              (@Field.toSemifield.{u_1} 𝕜
                (@NormedField.toField.{u_1} 𝕜
                  (@DenselyNormedField.toNormedField.{u_1} 𝕜 (@RCLike.toDenselyNormedField.{u_1} 𝕜 inst))))))))
      (EuclideanSpace.{u_1, u_3} 𝕜 n)
      (@PiLp.topologicalSpace.{u_3, u_1}
        (@OfNat.ofNat.{0} ENNReal (nat_lit 2)
          (@instOfNatAtLeastTwo.{0} ENNReal (nat_lit 2)
            (@AddMonoidWithOne.toNatCast.{0} ENNReal
              (@AddCommMonoidWithOne.toAddMonoidWithOne.{0} ENNReal ENNReal.instAddCommMonoidWithOne))
            PiLp.innerProductSpace._proof_1))
        n (fun x => 𝕜) fun i =>
        @UniformSpace.toTopologicalSpace.{u_1} 𝕜
          (@PseudoMetricSpace.toUniformSpace.{u_1} 𝕜
            (@SeminormedRing.toPseudoMetricSpace.{u_1} 𝕜
              (@SeminormedCommRing.toSeminormedRing.{u_1} 𝕜
                (@NormedCommRing.toSeminormedCommRing.{u_1} 𝕜
                  (@NormedField.toNormedCommRing.{u_1} 𝕜
                    (@DenselyNormedField.toNormedField.{u_1} 𝕜 (@RCLike.toDenselyNormedField.{u_1} 𝕜 inst))))))))
      (@AddCommGroup.toAddCommMonoid.{max u_1 u_3} (EuclideanSpace.{u_1, u_3} 𝕜 n)
        (@WithLp.instAddCommGroup.{max u_1 u_3}
          (@OfNat.ofNat.{0} ENNReal (nat_lit 2)
            (@instOfNatAtLeastTwo.{0} ENNReal (nat_lit 2)
              (@AddMonoidWithOne.toNatCast.{0} ENNReal
                (@AddCommMonoidWithOne.toAddMonoidWithOne.{0} ENNReal ENNReal.instAddCommMonoidWithOne))
              PiLp.innerProductSpace._proof_1))
          ((i : n) → (fun x => 𝕜) i)
          (@Pi.addCommGroup.{u_3, u_1} n (fun x => 𝕜) fun i =>
            @Ring.toAddCommGroup.{u_1} 𝕜
              (@DivisionRing.toRing.{u_1} 𝕜
                (@Field.toDivisionRing.{u_1} 𝕜
                  (@NormedField.toField.{u_1} 𝕜
                    (@DenselyNormedField.toNormedField.{u_1} 𝕜 (@RCLike.toDenselyNormedField.{u_1} 𝕜 inst))))))))
      (EuclideanSpace.{u_1, u_3} 𝕜 n)
      (@PiLp.topologicalSpace.{u_3, u_1}
        (@OfNat.ofNat.{0} ENNReal (nat_lit 2)
          (@instOfNatAtLeastTwo.{0} ENNReal (nat_lit 2)
            (@AddMonoidWithOne.toNatCast.{0} ENNReal
              (@AddCommMonoidWithOne.toAddMonoidWithOne.{0} ENNReal ENNReal.instAddCommMonoidWithOne))
            PiLp.innerProductSpace._proof_1))
        n (fun x => 𝕜) fun i =>
        @UniformSpace.toTopologicalSpace.{u_1} 𝕜
          (@PseudoMetricSpace.toUniformSpace.{u_1} 𝕜
            (@SeminormedRing.toPseudoMetricSpace.{u_1} 𝕜
              (@SeminormedCommRing.toSeminormedRing.{u_1} 𝕜
                (@NormedCommRing.toSeminormedCommRing.{u_1} 𝕜
                  (@NormedField.toNormedCommRing.{u_1} 𝕜
                    (@DenselyNormedField.toNormedField.{u_1} 𝕜 (@RCLike.toDenselyNormedField.{u_1} 𝕜 inst))))))))
      (@AddCommGroup.toAddCommMonoid.{max u_1 u_3} (EuclideanSpace.{u_1, u_3} 𝕜 n)
        (@WithLp.instAddCommGroup.{max u_1 u_3}
          (@OfNat.ofNat.{0} ENNReal (nat_lit 2)
            (@instOfNatAtLeastTwo.{0} ENNReal (nat_lit 2)
              (@AddMonoidWithOne.toNatCast.{0} ENNReal
                (@AddCommMonoidWithOne.toAddMonoidWithOne.{0} ENNReal ENNReal.instAddCommMonoidWithOne))
              PiLp.innerProductSpace._proof_1))
          ((i : n) → (fun x => 𝕜) i)
          (@Pi.addCommGroup.{u_3, u_1} n (fun x => 𝕜) fun i =>
            @Ring.toAddCommGroup.{u_1} 𝕜
              (@DivisionRing.toRing.{u_1} 𝕜
                (@Field.toDivisionRing.{u_1} 𝕜
                  (@NormedField.toField.{u_1} 𝕜
                    (@DenselyNormedField.toNormedField.{u_1} 𝕜 (@RCLike.toDenselyNormedField.{u_1} 𝕜 inst))))))))
      (@WithLp.instModule.{u_1, max u_1 u_3}
        (@OfNat.ofNat.{0} ENNReal (nat_lit 2)
          (@instOfNatAtLeastTwo.{0} ENNReal (nat_lit 2)
            (@AddMonoidWithOne.toNatCast.{0} ENNReal
              (@AddCommMonoidWithOne.toAddMonoidWithOne.{0} ENNReal ENNReal.instAddCommMonoidWithOne))
            PiLp.innerProductSpace._proof_1))
        𝕜 ((i : n) → (fun x => 𝕜) i)
        (@DivisionSemiring.toSemiring.{u_1} 𝕜
          (@Semifield.toDivisionSemiring.{u_1} 𝕜
            (@Field.toSemifield.{u_1} 𝕜
              (@NormedField.toField.{u_1} 𝕜
                (@DenselyNormedField.toNormedField.{u_1} 𝕜 (@RCLike.toDenselyNormedField.{u_1} 𝕜 inst))))))
        (@Pi.addCommGroup.{u_3, u_1} n (fun x => 𝕜) fun i =>
          @Ring.toAddCommGroup.{u_1} 𝕜
            (@DivisionRing.toRing.{u_1} 𝕜
              (@Field.toDivisionRing.{u_1} 𝕜
                (@NormedField.toField.{u_1} 𝕜
                  (@DenselyNormedField.toNormedField.{u_1} 𝕜 (@RCLike.toDenselyNormedField.{u_1} 𝕜 inst))))))
        (@Pi.Function.module.{u_3, u_1, u_1} n 𝕜 𝕜
          (@DivisionSemiring.toSemiring.{u_1} 𝕜
            (@Semifield.toDivisionSemiring.{u_1} 𝕜
              (@Field.toSemifield.{u_1} 𝕜
                (@NormedField.toField.{u_1} 𝕜
                  (@DenselyNormedField.toNormedField.{u_1} 𝕜 (@RCLike.toDenselyNormedField.{u_1} 𝕜 inst))))))
          (@Semiring.toAddCommMonoid.{u_1} 𝕜
            (@Ring.toSemiring.{u_1} 𝕜
              (@DivisionRing.toRing.{u_1} 𝕜
                (@Field.toDivisionRing.{u_1} 𝕜
                  (@NormedField.toField.{u_1} 𝕜
                    (@DenselyNormedField.toNormedField.{u_1} 𝕜 (@RCLike.toDenselyNormedField.{u_1} 𝕜 inst)))))))
          (@Semiring.toModule.{u_1} 𝕜
            (@DivisionSemiring.toSemiring.{u_1} 𝕜
              (@Semifield.toDivisionSemiring.{u_1} 𝕜
                (@Field.toSemifield.{u_1} 𝕜
                  (@NormedField.toField.{u_1} 𝕜
                    (@DenselyNormedField.toNormedField.{u_1} 𝕜 (@RCLike.toDenselyNormedField.{u_1} 𝕜 inst)))))))))
      (@WithLp.instModule.{u_1, max u_1 u_3}
        (@OfNat.ofNat.{0} ENNReal (nat_lit 2)
          (@instOfNatAtLeastTwo.{0} ENNReal (nat_lit 2)
            (@AddMonoidWithOne.toNatCast.{0} ENNReal
              (@AddCommMonoidWithOne.toAddMonoidWithOne.{0} ENNReal ENNReal.instAddCommMonoidWithOne))
            PiLp.innerProductSpace._proof_1))
        𝕜 ((i : n) → (fun x => 𝕜) i)
        (@DivisionSemiring.toSemiring.{u_1} 𝕜
          (@Semifield.toDivisionSemiring.{u_1} 𝕜
            (@Field.toSemifield.{u_1} 𝕜
              (@NormedField.toField.{u_1} 𝕜
                (@DenselyNormedField.toNormedField.{u_1} 𝕜 (@RCLike.toDenselyNormedField.{u_1} 𝕜 inst))))))
        (@Pi.addCommGroup.{u_3, u_1} n (fun x => 𝕜) fun i =>
          @Ring.toAddCommGroup.{u_1} 𝕜
            (@DivisionRing.toRing.{u_1} 𝕜
              (@Field.toDivisionRing.{u_1} 𝕜
                (@NormedField.toField.{u_1} 𝕜
                  (@DenselyNormedField.toNormedField.{u_1} 𝕜 (@RCLike.toDenselyNormedField.{u_1} 𝕜 inst))))))
        (@Pi.Function.module.{u_3, u_1, u_1} n 𝕜 𝕜
          (@DivisionSemiring.toSemiring.{u_1} 𝕜
            (@Semifield.toDivisionSemiring.{u_1} 𝕜
              (@Field.toSemifield.{u_1} 𝕜
                (@NormedField.toField.{u_1} 𝕜
                  (@DenselyNormedField.toNormedField.{u_1} 𝕜 (@RCLike.toDenselyNormedField.{u_1} 𝕜 inst))))))
          (@Semiring.toAddCommMonoid.{u_1} 𝕜
            (@Ring.toSemiring.{u_1} 𝕜
              (@DivisionRing.toRing.{u_1} 𝕜
                (@Field.toDivisionRing.{u_1} 𝕜
                  (@NormedField.toField.{u_1} 𝕜
                    (@DenselyNormedField.toNormedField.{u_1} 𝕜 (@RCLike.toDenselyNormedField.{u_1} 𝕜 inst)))))))
          (@Semiring.toModule.{u_1} 𝕜
            (@DivisionSemiring.toSemiring.{u_1} 𝕜
              (@Semifield.toDivisionSemiring.{u_1} 𝕜
                (@Field.toSemifield.{u_1} 𝕜
                  (@NormedField.toField.{u_1} 𝕜
                    (@DenselyNormedField.toNormedField.{u_1} 𝕜 (@RCLike.toDenselyNormedField.{u_1} 𝕜 inst))))))))))
    (@Matrix.add.{u_1, u_3, u_3} n n 𝕜
      (@Distrib.toAdd.{u_1} 𝕜
        (@instDistribOfSemiring.{u_1} 𝕜
          (@DivisionSemiring.toSemiring.{u_1} 𝕜
            (@Semifield.toDivisionSemiring.{u_1} 𝕜
              (@Field.toSemifield.{u_1} 𝕜
                (@NormedField.toField.{u_1} 𝕜
                  (@DenselyNormedField.toNormedField.{u_1} 𝕜 (@RCLike.toDenselyNormedField.{u_1} 𝕜 inst)))))))))
    (@LinearMap.instAdd.{u_1, u_1, max u_1 u_3, max u_1 u_3} 𝕜 𝕜 (EuclideanSpace.{u_1, u_3} 𝕜 n)
      (EuclideanSpace.{u_1, u_3} 𝕜 n)
      (@DivisionSemiring.toSemiring.{u_1} 𝕜
        (@Semifield.toDivisionSemiring.{u_1} 𝕜
          (@Field.toSemifield.{u_1} 𝕜
            (@NormedField.toField.{u_1} 𝕜
              (@DenselyNormedField.toNormedField.{u_1} 𝕜 (@RCLike.toDenselyNormedField.{u_1} 𝕜 inst))))))
      (@DivisionSemiring.toSemiring.{u_1} 𝕜
        (@Semifield.toDivisionSemiring.{u_1} 𝕜
          (@Field.toSemifield.{u_1} 𝕜
            (@NormedField.toField.{u_1} 𝕜
              (@DenselyNormedField.toNormedField.{u_1} 𝕜 (@RCLike.toDenselyNormedField.{u_1} 𝕜 inst))))))
      (@AddCommGroup.toAddCommMonoid.{max u_1 u_3} (EuclideanSpace.{u_1, u_3} 𝕜 n)
        (@NormedAddCommGroup.toAddCommGroup.{max u_1 u_3} (EuclideanSpace.{u_1, u_3} 𝕜 n)
          (@PiLp.normedAddCommGroup.{u_3, u_1}
            (@OfNat.ofNat.{0} ENNReal (nat_lit 2)
              (@instOfNatAtLeastTwo.{0} ENNReal (nat_lit 2)
                (@AddMonoidWithOne.toNatCast.{0} ENNReal
                  (@AddCommMonoidWithOne.toAddMonoidWithOne.{0} ENNReal ENNReal.instAddCommMonoidWithOne))
                PiLp.innerProductSpace._proof_1))
            n (fun x => 𝕜) fact_one_le_two_ennreal inst_1 fun i =>
            @NonUnitalNormedRing.toNormedAddCommGroup.{u_1} 𝕜
              (@NonUnitalNormedCommRing.toNonUnitalNormedRing.{u_1} 𝕜
                (@NormedCommRing.toNonUnitalNormedCommRing.{u_1} 𝕜
                  (@NormedField.toNormedCommRing.{u_1} 𝕜
                    (@DenselyNormedField.toNormedField.{u_1} 𝕜 (@RCLike.toDenselyNormedField.{u_1} 𝕜 inst))))))))
      (@AddCommGroup.toAddCommMonoid.{max u_1 u_3} (EuclideanSpace.{u_1, u_3} 𝕜 n)
        (@NormedAddCommGroup.toAddCommGroup.{max u_1 u_3} (EuclideanSpace.{u_1, u_3} 𝕜 n)
          (@PiLp.normedAddCommGroup.{u_3, u_1}
            (@OfNat.ofNat.{0} ENNReal (nat_lit 2)
              (@instOfNatAtLeastTwo.{0} ENNReal (nat_lit 2)
                (@AddMonoidWithOne.toNatCast.{0} ENNReal
                  (@AddCommMonoidWithOne.toAddMonoidWithOne.{0} ENNReal ENNReal.instAddCommMonoidWithOne))
                PiLp.innerProductSpace._proof_1))
            n (fun x => 𝕜) fact_one_le_two_ennreal inst_1 fun i =>
            @NonUnitalNormedRing.toNormedAddCommGroup.{u_1} 𝕜
              (@NonUnitalNormedCommRing.toNonUnitalNormedRing.{u_1} 𝕜
                (@NormedCommRing.toNonUnitalNormedCommRing.{u_1} 𝕜
                  (@NormedField.toNormedCommRing.{u_1} 𝕜
                    (@DenselyNormedField.toNormedField.{u_1} 𝕜 (@RCLike.toDenselyNormedField.{u_1} 𝕜 inst))))))))
      (@NormedSpace.toModule.{u_1, max u_1 u_3} 𝕜 (EuclideanSpace.{u_1, u_3} 𝕜 n)
        (@DenselyNormedField.toNormedField.{u_1} 𝕜 (@RCLike.toDenselyNormedField.{u_1} 𝕜 inst))
        (@NormedAddCommGroup.toSeminormedAddCommGroup.{max u_1 u_3} (EuclideanSpace.{u_1, u_3} 𝕜 n)
          (@PiLp.normedAddCommGroup.{u_3, u_1}
            (@OfNat.ofNat.{0} ENNReal (nat_lit 2)
              (@instOfNatAtLeastTwo.{0} ENNReal (nat_lit 2)
                (@AddMonoidWithOne.toNatCast.{0} ENNReal
                  (@AddCommMonoidWithOne.toAddMonoidWithOne.{0} ENNReal ENNReal.instAddCommMonoidWithOne))
                PiLp.innerProductSpace._proof_1))
            n (fun x => 𝕜) fact_one_le_two_ennreal inst_1 fun i =>
            @NonUnitalNormedRing.toNormedAddCommGroup.{u_1} 𝕜
              (@NonUnitalNormedCommRing.toNonUnitalNormedRing.{u_1} 𝕜
                (@NormedCommRing.toNonUnitalNormedCommRing.{u_1} 𝕜
                  (@NormedField.toNormedCommRing.{u_1} 𝕜
                    (@DenselyNormedField.toNormedField.{u_1} 𝕜 (@RCLike.toDenselyNormedField.{u_1} 𝕜 inst)))))))
        (@InnerProductSpace.toNormedSpace.{u_1, max u_1 u_3} 𝕜 (EuclideanSpace.{u_1, u_3} 𝕜 n) inst
          (@NormedAddCommGroup.toSeminormedAddCommGroup.{max u_1 u_3} (EuclideanSpace.{u_1, u_3} 𝕜 n)
            (@PiLp.normedAddCommGroup.{u_3, u_1}
              (@OfNat.ofNat.{0} ENNReal (nat_lit 2)
                (@instOfNatAtLeastTwo.{0} ENNReal (nat_lit 2)
                  (@AddMonoidWithOne.toNatCast.{0} ENNReal
                    (@AddCommMonoidWithOne.toAddMonoidWithOne.{0} ENNReal ENNReal.instAddCommMonoidWithOne))
                  PiLp.innerProductSpace._proof_1))
              n (fun x => 𝕜) fact_one_le_two_ennreal inst_1 fun i =>
              @NonUnitalNormedRing.toNormedAddCommGroup.{u_1} 𝕜
                (@NonUnitalNormedCommRing.toNonUnitalNormedRing.{u_1} 𝕜
                  (@NormedCommRing.toNonUnitalNormedCommRing.{u_1} 𝕜
                    (@NormedField.toNormedCommRing.{u_1} 𝕜
                      (@DenselyNormedField.toNormedField.{u_1} 𝕜 (@RCLike.toDenselyNormedField.{u_1} 𝕜 inst)))))))
          (@PiLp.innerProductSpace.{u_1, u_3, u_1} 𝕜 inst n inst_1 (fun x => 𝕜)
            (fun i =>
              @NonUnitalNormedRing.toNormedAddCommGroup.{u_1} 𝕜
                (@NonUnitalNormedCommRing.toNonUnitalNormedRing.{u_1} 𝕜
                  (@NormedCommRing.toNonUnitalNormedCommRing.{u_1} 𝕜
                    (@NormedField.toNormedCommRing.{u_1} 𝕜
                      (@DenselyNormedField.toNormedField.{u_1} 𝕜 (@RCLike.toDenselyNormedField.{u_1} 𝕜 inst))))))
            fun i => @RCLike.innerProductSpace.{u_1} 𝕜 inst)))
      (@NormedSpace.toModule.{u_1, max u_1 u_3} 𝕜 (EuclideanSpace.{u_1, u_3} 𝕜 n)
        (@DenselyNormedField.toNormedField.{u_1} 𝕜 (@RCLike.toDenselyNormedField.{u_1} 𝕜 inst))
        (@NormedAddCommGroup.toSeminormedAddCommGroup.{max u_1 u_3} (EuclideanSpace.{u_1, u_3} 𝕜 n)
          (@PiLp.normedAddCommGroup.{u_3, u_1}
            (@OfNat.ofNat.{0} ENNReal (nat_lit 2)
              (@instOfNatAtLeastTwo.{0} ENNReal (nat_lit 2)
                (@AddMonoidWithOne.toNatCast.{0} ENNReal
                  (@AddCommMonoidWithOne.toAddMonoidWithOne.{0} ENNReal ENNReal.instAddCommMonoidWithOne))
                PiLp.innerProductSpace._proof_1))
            n (fun x => 𝕜) fact_one_le_two_ennreal inst_1 fun i =>
            @NonUnitalNormedRing.toNormedAddCommGroup.{u_1} 𝕜
              (@NonUnitalNormedCommRing.toNonUnitalNormedRing.{u_1} 𝕜
                (@NormedCommRing.toNonUnitalNormedCommRing.{u_1} 𝕜
                  (@NormedField.toNormedCommRing.{u_1} 𝕜
                    (@DenselyNormedField.toNormedField.{u_1} 𝕜 (@RCLike.toDenselyNormedField.{u_1} 𝕜 inst)))))))
        (@InnerProductSpace.toNormedSpace.{u_1, max u_1 u_3} 𝕜 (EuclideanSpace.{u_1, u_3} 𝕜 n) inst
          (@NormedAddCommGroup.toSeminormedAddCommGroup.{max u_1 u_3} (EuclideanSpace.{u_1, u_3} 𝕜 n)
            (@PiLp.normedAddCommGroup.{u_3, u_1}
              (@OfNat.ofNat.{0} ENNReal (nat_lit 2)
                (@instOfNatAtLeastTwo.{0} ENNReal (nat_lit 2)
                  (@AddMonoidWithOne.toNatCast.{0} ENNReal
                    (@AddCommMonoidWithOne.toAddMonoidWithOne.{0} ENNReal ENNReal.instAddCommMonoidWithOne))
                  PiLp.innerProductSpace._proof_1))
              n (fun x => 𝕜) fact_one_le_two_ennreal inst_1 fun i =>
              @NonUnitalNormedRing.toNormedAddCommGroup.{u_1} 𝕜
                (@NonUnitalNormedCommRing.toNonUnitalNormedRing.{u_1} 𝕜
                  (@NormedCommRing.toNonUnitalNormedCommRing.{u_1} 𝕜
                    (@NormedField.toNormedCommRing.{u_1} 𝕜
                      (@DenselyNormedField.toNormedField.{u_1} 𝕜 (@RCLike.toDenselyNormedField.{u_1} 𝕜 inst)))))))
          (@PiLp.innerProductSpace.{u_1, u_3, u_1} 𝕜 inst n inst_1 (fun x => 𝕜)
            (fun i =>
              @NonUnitalNormedRing.toNormedAddCommGroup.{u_1} 𝕜
                (@NonUnitalNormedCommRing.toNonUnitalNormedRing.{u_1} 𝕜
                  (@NormedCommRing.toNonUnitalNormedCommRing.{u_1} 𝕜
                    (@NormedField.toNormedCommRing.{u_1} 𝕜
                      (@DenselyNormedField.toNormedField.{u_1} 𝕜 (@RCLike.toDenselyNormedField.{u_1} 𝕜 inst))))))
            fun i => @RCLike.innerProductSpace.{u_1} 𝕜 inst)))
      (@RingHom.id.{u_1} 𝕜
        (@Semiring.toNonAssocSemiring.{u_1} 𝕜
          (@DivisionSemiring.toSemiring.{u_1} 𝕜
            (@Semifield.toDivisionSemiring.{u_1} 𝕜
              (@Field.toSemifield.{u_1} 𝕜
                (@NormedField.toField.{u_1} 𝕜
                  (@DenselyNormedField.toNormedField.{u_1} 𝕜 (@RCLike.toDenselyNormedField.{u_1} 𝕜 inst)))))))))
    (@Matrix.instMulOfFintypeOfAddCommMonoid.{u_1, u_3} n 𝕜 inst_1
      (@Distrib.toMul.{u_1} 𝕜
        (@instDistribOfSemiring.{u_1} 𝕜
          (@DivisionSemiring.toSemiring.{u_1} 𝕜
            (@Semifield.toDivisionSemiring.{u_1} 𝕜
              (@Field.toSemifield.{u_1} 𝕜
                (@NormedField.toField.{u_1} 𝕜
                  (@DenselyNormedField.toNormedField.{u_1} 𝕜 (@RCLike.toDenselyNormedField.{u_1} 𝕜 inst))))))))
      (@Semiring.toAddCommMonoid.{u_1} 𝕜
        (@DivisionSemiring.toSemiring.{u_1} 𝕜
          (@Semifield.toDivisionSemiring.{u_1} 𝕜
            (@Field.toSemifield.{u_1} 𝕜
              (@NormedField.toField.{u_1} 𝕜
                (@DenselyNormedField.toNormedField.{u_1} 𝕜 (@RCLike.toDenselyNormedField.{u_1} 𝕜 inst))))))))
    (@Module.End.instMul.{u_1, max u_1 u_3} 𝕜 (EuclideanSpace.{u_1, u_3} 𝕜 n)
      (@DivisionSemiring.toSemiring.{u_1} 𝕜
        (@Semifield.toDivisionSemiring.{u_1} 𝕜
          (@Field.toSemifield.{u_1} 𝕜
            (@NormedField.toField.{u_1} 𝕜
              (@DenselyNormedField.toNormedField.{u_1} 𝕜 (@RCLike.toDenselyNormedField.{u_1} 𝕜 inst))))))
      (@AddCommGroup.toAddCommMonoid.{max u_1 u_3} (EuclideanSpace.{u_1, u_3} 𝕜 n)
        (@NormedAddCommGroup.toAddCommGroup.{max u_1 u_3} (EuclideanSpace.{u_1, u_3} 𝕜 n)
          (@PiLp.normedAddCommGroup.{u_3, u_1}
            (@OfNat.ofNat.{0} ENNReal (nat_lit 2)
              (@instOfNatAtLeastTwo.{0} ENNReal (nat_lit 2)
                (@AddMonoidWithOne.toNatCast.{0} ENNReal
                  (@AddCommMonoidWithOne.toAddMonoidWithOne.{0} ENNReal ENNReal.instAddCommMonoidWithOne))
                PiLp.innerProductSpace._proof_1))
            n (fun x => 𝕜) fact_one_le_two_ennreal inst_1 fun i =>
            @NonUnitalNormedRing.toNormedAddCommGroup.{u_1} 𝕜
              (@NonUnitalNormedCommRing.toNonUnitalNormedRing.{u_1} 𝕜
                (@NormedCommRing.toNonUnitalNormedCommRing.{u_1} 𝕜
                  (@NormedField.toNormedCommRing.{u_1} 𝕜
                    (@DenselyNormedField.toNormedField.{u_1} 𝕜 (@RCLike.toDenselyNormedField.{u_1} 𝕜 inst))))))))
      (@NormedSpace.toModule.{u_1, max u_1 u_3} 𝕜 (EuclideanSpace.{u_1, u_3} 𝕜 n)
        (@DenselyNormedField.toNormedField.{u_1} 𝕜 (@RCLike.toDenselyNormedField.{u_1} 𝕜 inst))
        (@NormedAddCommGroup.toSeminormedAddCommGroup.{max u_1 u_3} (EuclideanSpace.{u_1, u_3} 𝕜 n)
          (@PiLp.normedAddCommGroup.{u_3, u_1}
            (@OfNat.ofNat.{0} ENNReal (nat_lit 2)
              (@instOfNatAtLeastTwo.{0} ENNReal (nat_lit 2)
                (@AddMonoidWithOne.toNatCast.{0} ENNReal
                  (@AddCommMonoidWithOne.toAddMonoidWithOne.{0} ENNReal ENNReal.instAddCommMonoidWithOne))
                PiLp.innerProductSpace._proof_1))
            n (fun x => 𝕜) fact_one_le_two_ennreal inst_1 fun i =>
            @NonUnitalNormedRing.toNormedAddCommGroup.{u_1} 𝕜
              (@NonUnitalNormedCommRing.toNonUnitalNormedRing.{u_1} 𝕜
                (@NormedCommRing.toNonUnitalNormedCommRing.{u_1} 𝕜
                  (@NormedField.toNormedCommRing.{u_1} 𝕜
                    (@DenselyNormedField.toNormedField.{u_1} 𝕜 (@RCLike.toDenselyNormedField.{u_1} 𝕜 inst)))))))
        (@InnerProductSpace.toNormedSpace.{u_1, max u_1 u_3} 𝕜 (EuclideanSpace.{u_1, u_3} 𝕜 n) inst
          (@NormedAddCommGroup.toSeminormedAddCommGroup.{max u_1 u_3} (EuclideanSpace.{u_1, u_3} 𝕜 n)
            (@PiLp.normedAddCommGroup.{u_3, u_1}
              (@OfNat.ofNat.{0} ENNReal (nat_lit 2)
                (@instOfNatAtLeastTwo.{0} ENNReal (nat_lit 2)
                  (@AddMonoidWithOne.toNatCast.{0} ENNReal
                    (@AddCommMonoidWithOne.toAddMonoidWithOne.{0} ENNReal ENNReal.instAddCommMonoidWithOne))
                  PiLp.innerProductSpace._proof_1))
              n (fun x => 𝕜) fact_one_le_two_ennreal inst_1 fun i =>
              @NonUnitalNormedRing.toNormedAddCommGroup.{u_1} 𝕜
                (@NonUnitalNormedCommRing.toNonUnitalNormedRing.{u_1} 𝕜
                  (@NormedCommRing.toNonUnitalNormedCommRing.{u_1} 𝕜
                    (@NormedField.toNormedCommRing.{u_1} 𝕜
                      (@DenselyNormedField.toNormedField.{u_1} 𝕜 (@RCLike.toDenselyNormedField.{u_1} 𝕜 inst)))))))
          (@PiLp.innerProductSpace.{u_1, u_3, u_1} 𝕜 inst n inst_1 (fun x => 𝕜)
            (fun i =>
              @NonUnitalNormedRing.toNormedAddCommGroup.{u_1} 𝕜
                (@NonUnitalNormedCommRing.toNonUnitalNormedRing.{u_1} 𝕜
                  (@NormedCommRing.toNonUnitalNormedCommRing.{u_1} 𝕜
                    (@NormedField.toNormedCommRing.{u_1} 𝕜
                      (@DenselyNormedField.toNormedField.{u_1} 𝕜 (@RCLike.toDenselyNormedField.{u_1} 𝕜 inst))))))
            fun i => @RCLike.innerProductSpace.{u_1} 𝕜 inst))))
    (@Matrix.smul.{u_1, u_3, u_3, u_1} n n 𝕜 𝕜
      (@instSMulOfMul.{u_1} 𝕜
        (@Distrib.toMul.{u_1} 𝕜
          (@instDistribOfSemiring.{u_1} 𝕜
            (@DivisionSemiring.toSemiring.{u_1} 𝕜
              (@Semifield.toDivisionSemiring.{u_1} 𝕜
                (@Field.toSemifield.{u_1} 𝕜
                  (@NormedField.toField.{u_1} 𝕜
                    (@DenselyNormedField.toNormedField.{u_1} 𝕜 (@RCLike.toDenselyNormedField.{u_1} 𝕜 inst))))))))))
    (@LinearMap.instSMul.{u_1, u_1, u_1, max u_1 u_3, max u_1 u_3} 𝕜 𝕜 𝕜 (EuclideanSpace.{u_1, u_3} 𝕜 n)
      (EuclideanSpace.{u_1, u_3} 𝕜 n)
      (@DivisionSemiring.toSemiring.{u_1} 𝕜
        (@Semifield.toDivisionSemiring.{u_1} 𝕜
          (@Field.toSemifield.{u_1} 𝕜
            (@NormedField.toField.{u_1} 𝕜
              (@DenselyNormedField.toNormedField.{u_1} 𝕜 (@RCLike.toDenselyNormedField.{u_1} 𝕜 inst))))))
      (@DivisionSemiring.toSemiring.{u_1} 𝕜
        (@Semifield.toDivisionSemiring.{u_1} 𝕜
          (@Field.toSemifield.{u_1} 𝕜
            (@NormedField.toField.{u_1} 𝕜
              (@DenselyNormedField.toNormedField.{u_1} 𝕜 (@RCLike.toDenselyNormedField.{u_1} 𝕜 inst))))))
      (@AddCommGroup.toAddCommMonoid.{max u_1 u_3} (EuclideanSpace.{u_1, u_3} 𝕜 n)
        (@NormedAddCommGroup.toAddCommGroup.{max u_1 u_3} (EuclideanSpace.{u_1, u_3} 𝕜 n)
          (@PiLp.normedAddCommGroup.{u_3, u_1}
            (@OfNat.ofNat.{0} ENNReal (nat_lit 2)
              (@instOfNatAtLeastTwo.{0} ENNReal (nat_lit 2)
                (@AddMonoidWithOne.toNatCast.{0} ENNReal
                  (@AddCommMonoidWithOne.toAddMonoidWithOne.{0} ENNReal ENNReal.instAddCommMonoidWithOne))
                PiLp.innerProductSpace._proof_1))
            n (fun x => 𝕜) fact_one_le_two_ennreal inst_1 fun i =>
            @NonUnitalNormedRing.toNormedAddCommGroup.{u_1} 𝕜
              (@NonUnitalNormedCommRing.toNonUnitalNormedRing.{u_1} 𝕜
                (@NormedCommRing.toNonUnitalNormedCommRing.{u_1} 𝕜
                  (@NormedField.toNormedCommRing.{u_1} 𝕜
                    (@DenselyNormedField.toNormedField.{u_1} 𝕜 (@RCLike.toDenselyNormedField.{u_1} 𝕜 inst))))))))
      (@AddCommGroup.toAddCommMonoid.{max u_1 u_3} (EuclideanSpace.{u_1, u_3} 𝕜 n)
        (@NormedAddCommGroup.toAddCommGroup.{max u_1 u_3} (EuclideanSpace.{u_1, u_3} 𝕜 n)
          (@PiLp.normedAddCommGroup.{u_3, u_1}
            (@OfNat.ofNat.{0} ENNReal (nat_lit 2)
              (@instOfNatAtLeastTwo.{0} ENNReal (nat_lit 2)
                (@AddMonoidWithOne.toNatCast.{0} ENNReal
                  (@AddCommMonoidWithOne.toAddMonoidWithOne.{0} ENNReal ENNReal.instAddCommMonoidWithOne))
                PiLp.innerProductSpace._proof_1))
            n (fun x => 𝕜) fact_one_le_two_ennreal inst_1 fun i =>
            @NonUnitalNormedRing.toNormedAddCommGroup.{u_1} 𝕜
              (@NonUnitalNormedCommRing.toNonUnitalNormedRing.{u_1} 𝕜
                (@NormedCommRing.toNonUnitalNormedCommRing.{u_1} 𝕜
                  (@NormedField.toNormedCommRing.{u_1} 𝕜
                    (@DenselyNormedField.toNormedField.{u_1} 𝕜 (@RCLike.toDenselyNormedField.{u_1} 𝕜 inst))))))))
      (@NormedSpace.toModule.{u_1, max u_1 u_3} 𝕜 (EuclideanSpace.{u_1, u_3} 𝕜 n)
        (@DenselyNormedField.toNormedField.{u_1} 𝕜 (@RCLike.toDenselyNormedField.{u_1} 𝕜 inst))
        (@NormedAddCommGroup.toSeminormedAddCommGroup.{max u_1 u_3} (EuclideanSpace.{u_1, u_3} 𝕜 n)
          (@PiLp.normedAddCommGroup.{u_3, u_1}
            (@OfNat.ofNat.{0} ENNReal (nat_lit 2)
              (@instOfNatAtLeastTwo.{0} ENNReal (nat_lit 2)
                (@AddMonoidWithOne.toNatCast.{0} ENNReal
                  (@AddCommMonoidWithOne.toAddMonoidWithOne.{0} ENNReal ENNReal.instAddCommMonoidWithOne))
                PiLp.innerProductSpace._proof_1))
            n (fun x => 𝕜) fact_one_le_two_ennreal inst_1 fun i =>
            @NonUnitalNormedRing.toNormedAddCommGroup.{u_1} 𝕜
              (@NonUnitalNormedCommRing.toNonUnitalNormedRing.{u_1} 𝕜
                (@NormedCommRing.toNonUnitalNormedCommRing.{u_1} 𝕜
                  (@NormedField.toNormedCommRing.{u_1} 𝕜
                    (@DenselyNormedField.toNormedField.{u_1} 𝕜 (@RCLike.toDenselyNormedField.{u_1} 𝕜 inst)))))))
        (@InnerProductSpace.toNormedSpace.{u_1, max u_1 u_3} 𝕜 (EuclideanSpace.{u_1, u_3} 𝕜 n) inst
          (@NormedAddCommGroup.toSeminormedAddCommGroup.{max u_1 u_3} (EuclideanSpace.{u_1, u_3} 𝕜 n)
            (@PiLp.normedAddCommGroup.{u_3, u_1}
              (@OfNat.ofNat.{0} ENNReal (nat_lit 2)
                (@instOfNatAtLeastTwo.{0} ENNReal (nat_lit 2)
                  (@AddMonoidWithOne.toNatCast.{0} ENNReal
                    (@AddCommMonoidWithOne.toAddMonoidWithOne.{0} ENNReal ENNReal.instAddCommMonoidWithOne))
                  PiLp.innerProductSpace._proof_1))
              n (fun x => 𝕜) fact_one_le_two_ennreal inst_1 fun i =>
              @NonUnitalNormedRing.toNormedAddCommGroup.{u_1} 𝕜
                (@NonUnitalNormedCommRing.toNonUnitalNormedRing.{u_1} 𝕜
                  (@NormedCommRing.toNonUnitalNormedCommRing.{u_1} 𝕜
                    (@NormedField.toNormedCommRing.{u_1} 𝕜
                      (@DenselyNormedField.toNormedField.{u_1} 𝕜 (@RCLike.toDenselyNormedField.{u_1} 𝕜 inst)))))))
          (@PiLp.innerProductSpace.{u_1, u_3, u_1} 𝕜 inst n inst_1 (fun x => 𝕜)
            (fun i =>
              @NonUnitalNormedRing.toNormedAddCommGroup.{u_1} 𝕜
                (@NonUnitalNormedCommRing.toNonUnitalNormedRing.{u_1} 𝕜
                  (@NormedCommRing.toNonUnitalNormedCommRing.{u_1} 𝕜
                    (@NormedField.toNormedCommRing.{u_1} 𝕜
                      (@DenselyNormedField.toNormedField.{u_1} 𝕜 (@RCLike.toDenselyNormedField.{u_1} 𝕜 inst))))))
            fun i => @RCLike.innerProductSpace.{u_1} 𝕜 inst)))
      (@NormedSpace.toModule.{u_1, max u_1 u_3} 𝕜 (EuclideanSpace.{u_1, u_3} 𝕜 n)
        (@DenselyNormedField.toNormedField.{u_1} 𝕜 (@RCLike.toDenselyNormedField.{u_1} 𝕜 inst))
        (@NormedAddCommGroup.toSeminormedAddCommGroup.{max u_1 u_3} (EuclideanSpace.{u_1, u_3} 𝕜 n)
          (@PiLp.normedAddCommGroup.{u_3, u_1}
            (@OfNat.ofNat.{0} ENNReal (nat_lit 2)
              (@instOfNatAtLeastTwo.{0} ENNReal (nat_lit 2)
                (@AddMonoidWithOne.toNatCast.{0} ENNReal
                  (@AddCommMonoidWithOne.toAddMonoidWithOne.{0} ENNReal ENNReal.instAddCommMonoidWithOne))
                PiLp.innerProductSpace._proof_1))
            n (fun x => 𝕜) fact_one_le_two_ennreal inst_1 fun i =>
            @NonUnitalNormedRing.toNormedAddCommGroup.{u_1} 𝕜
              (@NonUnitalNormedCommRing.toNonUnitalNormedRing.{u_1} 𝕜
                (@NormedCommRing.toNonUnitalNormedCommRing.{u_1} 𝕜
                  (@NormedField.toNormedCommRing.{u_1} 𝕜
                    (@DenselyNormedField.toNormedField.{u_1} 𝕜 (@RCLike.toDenselyNormedField.{u_1} 𝕜 inst)))))))
        (@InnerProductSpace.toNormedSpace.{u_1, max u_1 u_3} 𝕜 (EuclideanSpace.{u_1, u_3} 𝕜 n) inst
          (@NormedAddCommGroup.toSeminormedAddCommGroup.{max u_1 u_3} (EuclideanSpace.{u_1, u_3} 𝕜 n)
            (@PiLp.normedAddCommGroup.{u_3, u_1}
              (@OfNat.ofNat.{0} ENNReal (nat_lit 2)
                (@instOfNatAtLeastTwo.{0} ENNReal (nat_lit 2)
                  (@AddMonoidWithOne.toNatCast.{0} ENNReal
                    (@AddCommMonoidWithOne.toAddMonoidWithOne.{0} ENNReal ENNReal.instAddCommMonoidWithOne))
                  PiLp.innerProductSpace._proof_1))
              n (fun x => 𝕜) fact_one_le_two_ennreal inst_1 fun i =>
              @NonUnitalNormedRing.toNormedAddCommGroup.{u_1} 𝕜
                (@NonUnitalNormedCommRing.toNonUnitalNormedRing.{u_1} 𝕜
                  (@NormedCommRing.toNonUnitalNormedCommRing.{u_1} 𝕜
                    (@NormedField.toNormedCommRing.{u_1} 𝕜
                      (@DenselyNormedField.toNormedField.{u_1} 𝕜 (@RCLike.toDenselyNormedField.{u_1} 𝕜 inst)))))))
          (@PiLp.innerProductSpace.{u_1, u_3, u_1} 𝕜 inst n inst_1 (fun x => 𝕜)
            (fun i =>
              @NonUnitalNormedRing.toNormedAddCommGroup.{u_1} 𝕜
                (@NonUnitalNormedCommRing.toNonUnitalNormedRing.{u_1} 𝕜
                  (@NormedCommRing.toNonUnitalNormedCommRing.{u_1} 𝕜
                    (@NormedField.toNormedCommRing.{u_1} 𝕜
                      (@DenselyNormedField.toNormedField.{u_1} 𝕜 (@RCLike.toDenselyNormedField.{u_1} 𝕜 inst))))))
            fun i => @RCLike.innerProductSpace.{u_1} 𝕜 inst)))
      (@RingHom.id.{u_1} 𝕜
        (@Semiring.toNonAssocSemiring.{u_1} 𝕜
          (@DivisionSemiring.toSemiring.{u_1} 𝕜
            (@Semifield.toDivisionSemiring.{u_1} 𝕜
              (@Field.toSemifield.{u_1} 𝕜
                (@NormedField.toField.{u_1} 𝕜
                  (@DenselyNormedField.toNormedField.{u_1} 𝕜 (@RCLike.toDenselyNormedField.{u_1} 𝕜 inst))))))))
      (@DistribMulAction.toDistribSMul.{u_1, max u_1 u_3} 𝕜 (EuclideanSpace.{u_1, u_3} 𝕜 n)
        (@Semiring.toMonoid.{u_1} 𝕜
          (@DivisionSemiring.toSemiring.{u_1} 𝕜
            (@Semifield.toDivisionSemiring.{u_1} 𝕜
              (@Field.toSemifield.{u_1} 𝕜
                (@NormedField.toField.{u_1} 𝕜
                  (@DenselyNormedField.toNormedField.{u_1} 𝕜 (@RCLike.toDenselyNormedField.{u_1} 𝕜 inst)))))))
        (@SubNegMonoid.toAddMonoid.{max u_1 u_3} (EuclideanSpace.{u_1, u_3} 𝕜 n)
          (@AddGroup.toSubNegMonoid.{max u_1 u_3} (EuclideanSpace.{u_1, u_3} 𝕜 n)
            (@AddCommGroup.toAddGroup.{max u_1 u_3} (EuclideanSpace.{u_1, u_3} 𝕜 n)
              (@NormedAddCommGroup.toAddCommGroup.{max u_1 u_3} (EuclideanSpace.{u_1, u_3} 𝕜 n)
                (@PiLp.normedAddCommGroup.{u_3, u_1}
                  (@OfNat.ofNat.{0} ENNReal (nat_lit 2)
                    (@instOfNatAtLeastTwo.{0} ENNReal (nat_lit 2)
                      (@AddMonoidWithOne.toNatCast.{0} ENNReal
                        (@AddCommMonoidWithOne.toAddMonoidWithOne.{0} ENNReal ENNReal.instAddCommMonoidWithOne))
                      PiLp.innerProductSpace._proof_1))
                  n (fun x => 𝕜) fact_one_le_two_ennreal inst_1 fun i =>
                  @NonUnitalNormedRing.toNormedAddCommGroup.{u_1} 𝕜
                    (@NonUnitalNormedCommRing.toNonUnitalNormedRing.{u_1} 𝕜
                      (@NormedCommRing.toNonUnitalNormedCommRing.{u_1} 𝕜
                        (@NormedField.toNormedCommRing.{u_1} 𝕜
                          (@DenselyNormedField.toNormedField.{u_1} 𝕜
                            (@RCLike.toDenselyNormedField.{u_1} 𝕜 inst))))))))))
        (@Module.toDistribMulAction.{u_1, max u_1 u_3} 𝕜 (EuclideanSpace.{u_1, u_3} 𝕜 n)
          (@DivisionSemiring.toSemiring.{u_1} 𝕜
            (@Semifield.toDivisionSemiring.{u_1} 𝕜
              (@Field.toSemifield.{u_1} 𝕜
                (@NormedField.toField.{u_1} 𝕜
                  (@DenselyNormedField.toNormedField.{u_1} 𝕜 (@RCLike.toDenselyNormedField.{u_1} 𝕜 inst))))))
          (@AddCommGroup.toAddCommMonoid.{max u_1 u_3} (EuclideanSpace.{u_1, u_3} 𝕜 n)
            (@NormedAddCommGroup.toAddCommGroup.{max u_1 u_3} (EuclideanSpace.{u_1, u_3} 𝕜 n)
              (@PiLp.normedAddCommGroup.{u_3, u_1}
                (@OfNat.ofNat.{0} ENNReal (nat_lit 2)
                  (@instOfNatAtLeastTwo.{0} ENNReal (nat_lit 2)
                    (@AddMonoidWithOne.toNatCast.{0} ENNReal
                      (@AddCommMonoidWithOne.toAddMonoidWithOne.{0} ENNReal ENNReal.instAddCommMonoidWithOne))
                    PiLp.innerProductSpace._proof_1))
                n (fun x => 𝕜) fact_one_le_two_ennreal inst_1 fun i =>
                @NonUnitalNormedRing.toNormedAddCommGroup.{u_1} 𝕜
                  (@NonUnitalNormedCommRing.toNonUnitalNormedRing.{u_1} 𝕜
                    (@NormedCommRing.toNonUnitalNormedCommRing.{u_1} 𝕜
                      (@NormedField.toNormedCommRing.{u_1} 𝕜
                        (@DenselyNormedField.toNormedField.{u_1} 𝕜 (@RCLike.toDenselyNormedField.{u_1} 𝕜 inst))))))))
          (@NormedSpace.toModule.{u_1, max u_1 u_3} 𝕜 (EuclideanSpace.{u_1, u_3} 𝕜 n)
            (@DenselyNormedField.toNormedField.{u_1} 𝕜 (@RCLike.toDenselyNormedField.{u_1} 𝕜 inst))
            (@NormedAddCommGroup.toSeminormedAddCommGroup.{max u_1 u_3} (EuclideanSpace.{u_1, u_3} 𝕜 n)
              (@PiLp.normedAddCommGroup.{u_3, u_1}
                (@OfNat.ofNat.{0} ENNReal (nat_lit 2)
                  (@instOfNatAtLeastTwo.{0} ENNReal (nat_lit 2)
                    (@AddMonoidWithOne.toNatCast.{0} ENNReal
                      (@AddCommMonoidWithOne.toAddMonoidWithOne.{0} ENNReal ENNReal.instAddCommMonoidWithOne))
                    PiLp.innerProductSpace._proof_1))
                n (fun x => 𝕜) fact_one_le_two_ennreal inst_1 fun i =>
                @NonUnitalNormedRing.toNormedAddCommGroup.{u_1} 𝕜
                  (@NonUnitalNormedCommRing.toNonUnitalNormedRing.{u_1} 𝕜
                    (@NormedCommRing.toNonUnitalNormedCommRing.{u_1} 𝕜
                      (@NormedField.toNormedCommRing.{u_1} 𝕜
                        (@DenselyNormedField.toNormedField.{u_1} 𝕜 (@RCLike.toDenselyNormedField.{u_1} 𝕜 inst)))))))
            (@InnerProductSpace.toNormedSpace.{u_1, max u_1 u_3} 𝕜 (EuclideanSpace.{u_1, u_3} 𝕜 n) inst
              (@NormedAddCommGroup.toSeminormedAddCommGroup.{max u_1 u_3} (EuclideanSpace.{u_1, u_3} 𝕜 n)
                (@PiLp.normedAddCommGroup.{u_3, u_1}
                  (@OfNat.ofNat.{0} ENNReal (nat_lit 2)
                    (@instOfNatAtLeastTwo.{0} ENNReal (nat_lit 2)
                      (@AddMonoidWithOne.toNatCast.{0} ENNReal
                        (@AddCommMonoidWithOne.toAddMonoidWithOne.{0} ENNReal ENNReal.instAddCommMonoidWithOne))
                      PiLp.innerProductSpace._proof_1))
                  n (fun x => 𝕜) fact_one_le_two_ennreal inst_1 fun i =>
                  @NonUnitalNormedRing.toNormedAddCommGroup.{u_1} 𝕜
                    (@NonUnitalNormedCommRing.toNonUnitalNormedRing.{u_1} 𝕜
                      (@NormedCommRing.toNonUnitalNormedCommRing.{u_1} 𝕜
                        (@NormedField.toNormedCommRing.{u_1} 𝕜
                          (@DenselyNormedField.toNormedField.{u_1} 𝕜 (@RCLike.toDenselyNormedField.{u_1} 𝕜 inst)))))))
              (@PiLp.innerProductSpace.{u_1, u_3, u_1} 𝕜 inst n inst_1 (fun x => 𝕜)
                (fun i =>
                  @NonUnitalNormedRing.toNormedAddCommGroup.{u_1} 𝕜
                    (@NonUnitalNormedCommRing.toNonUnitalNormedRing.{u_1} 𝕜
                      (@NormedCommRing.toNonUnitalNormedCommRing.{u_1} 𝕜
                        (@NormedField.toNormedCommRing.{u_1} 𝕜
                          (@DenselyNormedField.toNormedField.{u_1} 𝕜 (@RCLike.toDenselyNormedField.{u_1} 𝕜 inst))))))
                fun i => @RCLike.innerProductSpace.{u_1} 𝕜 inst)))))
      ⋯)
    (@Matrix.instStar.{u_1, u_3} n 𝕜
      (@InvolutiveStar.toStar.{u_1} 𝕜
        (@StarAddMonoid.toInvolutiveStar.{u_1} 𝕜
          (@AddCommMonoid.toAddMonoid.{u_1} 𝕜
            (@NonUnitalNonAssocSemiring.toAddCommMonoid.{u_1} 𝕜
              (@NonUnitalNonAssocRing.toNonUnitalNonAssocSemiring.{u_1} 𝕜
                (@NonUnitalNonAssocCommRing.toNonUnitalNonAssocRing.{u_1} 𝕜
                  (@NonUnitalCommRing.toNonUnitalNonAssocCommRing.{u_1} 𝕜
                    (@CommRing.toNonUnitalCommRing.{u_1} 𝕜
                      (@Field.toCommRing.{u_1} 𝕜
                        (@NormedField.toField.{u_1} 𝕜
                          (@DenselyNormedField.toNormedField.{u_1} 𝕜
                            (@RCLike.toDenselyNormedField.{u_1} 𝕜 inst))))))))))
          (@StarRing.toStarAddMonoid.{u_1} 𝕜
            (@NonUnitalNonAssocRing.toNonUnitalNonAssocSemiring.{u_1} 𝕜
              (@NonUnitalNonAssocCommRing.toNonUnitalNonAssocRing.{u_1} 𝕜
                (@NonUnitalCommRing.toNonUnitalNonAssocCommRing.{u_1} 𝕜
                  (@CommRing.toNonUnitalCommRing.{u_1} 𝕜
                    (@Field.toCommRing.{u_1} 𝕜
                      (@NormedField.toField.{u_1} 𝕜
                        (@DenselyNormedField.toNormedField.{u_1} 𝕜 (@RCLike.toDenselyNormedField.{u_1} 𝕜 inst))))))))
            (@RCLike.toStarRing.{u_1} 𝕜 inst)))))
    (@LinearMap.instStarId.{u_1, max u_1 u_3} 𝕜 (EuclideanSpace.{u_1, u_3} 𝕜 n) inst
      (@PiLp.normedAddCommGroup.{u_3, u_1}
        (@OfNat.ofNat.{0} ENNReal (nat_lit 2)
          (@instOfNatAtLeastTwo.{0} ENNReal (nat_lit 2)
            (@AddMonoidWithOne.toNatCast.{0} ENNReal
              (@AddCommMonoidWithOne.toAddMonoidWithOne.{0} ENNReal ENNReal.instAddCommMonoidWithOne))
            PiLp.innerProductSpace._proof_1))
        n (fun x => 𝕜) fact_one_le_two_ennreal inst_1 fun i =>
        @NonUnitalNormedRing.toNormedAddCommGroup.{u_1} 𝕜
          (@NonUnitalNormedCommRing.toNonUnitalNormedRing.{u_1} 𝕜
            (@NormedCommRing.toNonUnitalNormedCommRing.{u_1} 𝕜
              (@NormedField.toNormedCommRing.{u_1} 𝕜
                (@DenselyNormedField.toNormedField.{u_1} 𝕜 (@RCLike.toDenselyNormedField.{u_1} 𝕜 inst))))))
      (@PiLp.innerProductSpace.{u_1, u_3, u_1} 𝕜 inst n inst_1 (fun x => 𝕜)
        (fun i =>
          @NonUnitalNormedRing.toNormedAddCommGroup.{u_1} 𝕜
            (@NonUnitalNormedCommRing.toNonUnitalNormedRing.{u_1} 𝕜
              (@NormedCommRing.toNonUnitalNormedCommRing.{u_1} 𝕜
                (@NormedField.toNormedCommRing.{u_1} 𝕜
                  (@DenselyNormedField.toNormedField.{u_1} 𝕜 (@RCLike.toDenselyNormedField.{u_1} 𝕜 inst))))))
        fun i => @RCLike.innerProductSpace.{u_1} 𝕜 inst)
      ⋯)
    (@ContinuousLinearMap.add.{u_1, u_1, max u_1 u_3, max u_1 u_3} 𝕜 𝕜
      (@DivisionSemiring.toSemiring.{u_1} 𝕜
        (@Semifield.toDivisionSemiring.{u_1} 𝕜
          (@Field.toSemifield.{u_1} 𝕜
            (@NormedField.toField.{u_1} 𝕜
              (@DenselyNormedField.toNormedField.{u_1} 𝕜 (@RCLike.toDenselyNormedField.{u_1} 𝕜 inst))))))
      (@DivisionSemiring.toSemiring.{u_1} 𝕜
        (@Semifield.toDivisionSemiring.{u_1} 𝕜
          (@Field.toSemifield.{u_1} 𝕜
            (@NormedField.toField.{u_1} 𝕜
              (@DenselyNormedField.toNormedField.{u_1} 𝕜 (@RCLike.toDenselyNormedField.{u_1} 𝕜 inst))))))
      (@RingHom.id.{u_1} 𝕜
        (@Semiring.toNonAssocSemiring.{u_1} 𝕜
          (@DivisionSemiring.toSemiring.{u_1} 𝕜
            (@Semifield.toDivisionSemiring.{u_1} 𝕜
              (@Field.toSemifield.{u_1} 𝕜
                (@NormedField.toField.{u_1} 𝕜
                  (@DenselyNormedField.toNormedField.{u_1} 𝕜 (@RCLike.toDenselyNormedField.{u_1} 𝕜 inst))))))))
      (EuclideanSpace.{u_1, u_3} 𝕜 n)
      (@PiLp.topologicalSpace.{u_3, u_1}
        (@OfNat.ofNat.{0} ENNReal (nat_lit 2)
          (@instOfNatAtLeastTwo.{0} ENNReal (nat_lit 2)
            (@AddMonoidWithOne.toNatCast.{0} ENNReal
              (@AddCommMonoidWithOne.toAddMonoidWithOne.{0} ENNReal ENNReal.instAddCommMonoidWithOne))
            PiLp.innerProductSpace._proof_1))
        n (fun x => 𝕜) fun i =>
        @UniformSpace.toTopologicalSpace.{u_1} 𝕜
          (@PseudoMetricSpace.toUniformSpace.{u_1} 𝕜
            (@SeminormedRing.toPseudoMetricSpace.{u_1} 𝕜
              (@SeminormedCommRing.toSeminormedRing.{u_1} 𝕜
                (@NormedCommRing.toSeminormedCommRing.{u_1} 𝕜
                  (@NormedField.toNormedCommRing.{u_1} 𝕜
                    (@DenselyNormedField.toNormedField.{u_1} 𝕜 (@RCLike.toDenselyNormedField.{u_1} 𝕜 inst))))))))
      (@AddCommGroup.toAddCommMonoid.{max u_1 u_3} (EuclideanSpace.{u_1, u_3} 𝕜 n)
        (@WithLp.instAddCommGroup.{max u_1 u_3}
          (@OfNat.ofNat.{0} ENNReal (nat_lit 2)
            (@instOfNatAtLeastTwo.{0} ENNReal (nat_lit 2)
              (@AddMonoidWithOne.toNatCast.{0} ENNReal
                (@AddCommMonoidWithOne.toAddMonoidWithOne.{0} ENNReal ENNReal.instAddCommMonoidWithOne))
              PiLp.innerProductSpace._proof_1))
          ((i : n) → (fun x => 𝕜) i)
          (@Pi.addCommGroup.{u_3, u_1} n (fun x => 𝕜) fun i =>
            @Ring.toAddCommGroup.{u_1} 𝕜
              (@DivisionRing.toRing.{u_1} 𝕜
                (@Field.toDivisionRing.{u_1} 𝕜
                  (@NormedField.toField.{u_1} 𝕜
                    (@DenselyNormedField.toNormedField.{u_1} 𝕜 (@RCLike.toDenselyNormedField.{u_1} 𝕜 inst))))))))
      (EuclideanSpace.{u_1, u_3} 𝕜 n)
      (@PiLp.topologicalSpace.{u_3, u_1}
        (@OfNat.ofNat.{0} ENNReal (nat_lit 2)
          (@instOfNatAtLeastTwo.{0} ENNReal (nat_lit 2)
            (@AddMonoidWithOne.toNatCast.{0} ENNReal
              (@AddCommMonoidWithOne.toAddMonoidWithOne.{0} ENNReal ENNReal.instAddCommMonoidWithOne))
            PiLp.innerProductSpace._proof_1))
        n (fun x => 𝕜) fun i =>
        @UniformSpace.toTopologicalSpace.{u_1} 𝕜
          (@PseudoMetricSpace.toUniformSpace.{u_1} 𝕜
            (@SeminormedRing.toPseudoMetricSpace.{u_1} 𝕜
              (@SeminormedCommRing.toSeminormedRing.{u_1} 𝕜
                (@NormedCommRing.toSeminormedCommRing.{u_1} 𝕜
                  (@NormedField.toNormedCommRing.{u_1} 𝕜
                    (@DenselyNormedField.toNormedField.{u_1} 𝕜 (@RCLike.toDenselyNormedField.{u_1} 𝕜 inst))))))))
      (@AddCommGroup.toAddCommMonoid.{max u_1 u_3} (EuclideanSpace.{u_1, u_3} 𝕜 n)
        (@WithLp.instAddCommGroup.{max u_1 u_3}
          (@OfNat.ofNat.{0} ENNReal (nat_lit 2)
            (@instOfNatAtLeastTwo.{0} ENNReal (nat_lit 2)
              (@AddMonoidWithOne.toNatCast.{0} ENNReal
                (@AddCommMonoidWithOne.toAddMonoidWithOne.{0} ENNReal ENNReal.instAddCommMonoidWithOne))
              PiLp.innerProductSpace._proof_1))
          ((i : n) → (fun x => 𝕜) i)
          (@Pi.addCommGroup.{u_3, u_1} n (fun x => 𝕜) fun i =>
            @Ring.toAddCommGroup.{u_1} 𝕜
              (@DivisionRing.toRing.{u_1} 𝕜
                (@Field.toDivisionRing.{u_1} 𝕜
                  (@NormedField.toField.{u_1} 𝕜
                    (@DenselyNormedField.toNormedField.{u_1} 𝕜 (@RCLike.toDenselyNormedField.{u_1} 𝕜 inst))))))))
      (@WithLp.instModule.{u_1, max u_1 u_3}
        (@OfNat.ofNat.{0} ENNReal (nat_lit 2)
          (@instOfNatAtLeastTwo.{0} ENNReal (nat_lit 2)
            (@AddMonoidWithOne.toNatCast.{0} ENNReal
              (@AddCommMonoidWithOne.toAddMonoidWithOne.{0} ENNReal ENNReal.instAddCommMonoidWithOne))
            PiLp.innerProductSpace._proof_1))
        𝕜 ((i : n) → (fun x => 𝕜) i)
        (@DivisionSemiring.toSemiring.{u_1} 𝕜
          (@Semifield.toDivisionSemiring.{u_1} 𝕜
            (@Field.toSemifield.{u_1} 𝕜
              (@NormedField.toField.{u_1} 𝕜
                (@DenselyNormedField.toNormedField.{u_1} 𝕜 (@RCLike.toDenselyNormedField.{u_1} 𝕜 inst))))))
        (@Pi.addCommGroup.{u_3, u_1} n (fun x => 𝕜) fun i =>
          @Ring.toAddCommGroup.{u_1} 𝕜
            (@DivisionRing.toRing.{u_1} 𝕜
              (@Field.toDivisionRing.{u_1} 𝕜
                (@NormedField.toField.{u_1} 𝕜
                  (@DenselyNormedField.toNormedField.{u_1} 𝕜 (@RCLike.toDenselyNormedField.{u_1} 𝕜 inst))))))
        (@Pi.Function.module.{u_3, u_1, u_1} n 𝕜 𝕜
          (@DivisionSemiring.toSemiring.{u_1} 𝕜
            (@Semifield.toDivisionSemiring.{u_1} 𝕜
              (@Field.toSemifield.{u_1} 𝕜
                (@NormedField.toField.{u_1} 𝕜
                  (@DenselyNormedField.toNormedField.{u_1} 𝕜 (@RCLike.toDenselyNormedField.{u_1} 𝕜 inst))))))
          (@Semiring.toAddCommMonoid.{u_1} 𝕜
            (@Ring.toSemiring.{u_1} 𝕜
              (@DivisionRing.toRing.{u_1} 𝕜
                (@Field.toDivisionRing.{u_1} 𝕜
                  (@NormedField.toField.{u_1} 𝕜
                    (@DenselyNormedField.toNormedField.{u_1} 𝕜 (@RCLike.toDenselyNormedField.{u_1} 𝕜 inst)))))))
          (@Semiring.toModule.{u_1} 𝕜
            (@DivisionSemiring.toSemiring.{u_1} 𝕜
              (@Semifield.toDivisionSemiring.{u_1} 𝕜
                (@Field.toSemifield.{u_1} 𝕜
                  (@NormedField.toField.{u_1} 𝕜
                    (@DenselyNormedField.toNormedField.{u_1} 𝕜 (@RCLike.toDenselyNormedField.{u_1} 𝕜 inst)))))))))
      (@WithLp.instModule.{u_1, max u_1 u_3}
        (@OfNat.ofNat.{0} ENNReal (nat_lit 2)
          (@instOfNatAtLeastTwo.{0} ENNReal (nat_lit 2)
            (@AddMonoidWithOne.toNatCast.{0} ENNReal
              (@AddCommMonoidWithOne.toAddMonoidWithOne.{0} ENNReal ENNReal.instAddCommMonoidWithOne))
            PiLp.innerProductSpace._proof_1))
        𝕜 ((i : n) → (fun x => 𝕜) i)
        (@DivisionSemiring.toSemiring.{u_1} 𝕜
          (@Semifield.toDivisionSemiring.{u_1} 𝕜
            (@Field.toSemifield.{u_1} 𝕜
              (@NormedField.toField.{u_1} 𝕜
                (@DenselyNormedField.toNormedField.{u_1} 𝕜 (@RCLike.toDenselyNormedField.{u_1} 𝕜 inst))))))
        (@Pi.addCommGroup.{u_3, u_1} n (fun x => 𝕜) fun i =>
          @Ring.toAddCommGroup.{u_1} 𝕜
            (@DivisionRing.toRing.{u_1} 𝕜
              (@Field.toDivisionRing.{u_1} 𝕜
                (@NormedField.toField.{u_1} 𝕜
                  (@DenselyNormedField.toNormedField.{u_1} 𝕜 (@RCLike.toDenselyNormedField.{u_1} 𝕜 inst))))))
        (@Pi.Function.module.{u_3, u_1, u_1} n 𝕜 𝕜
          (@DivisionSemiring.toSemiring.{u_1} 𝕜
            (@Semifield.toDivisionSemiring.{u_1} 𝕜
              (@Field.toSemifield.{u_1} 𝕜
                (@NormedField.toField.{u_1} 𝕜
                  (@DenselyNormedField.toNormedField.{u_1} 𝕜 (@RCLike.toDenselyNormedField.{u_1} 𝕜 inst))))))
          (@Semiring.toAddCommMonoid.{u_1} 𝕜
            (@Ring.toSemiring.{u_1} 𝕜
              (@DivisionRing.toRing.{u_1} 𝕜
                (@Field.toDivisionRing.{u_1} 𝕜
                  (@NormedField.toField.{u_1} 𝕜
                    (@DenselyNormedField.toNormedField.{u_1} 𝕜 (@RCLike.toDenselyNormedField.{u_1} 𝕜 inst)))))))
          (@Semiring.toModule.{u_1} 𝕜
            (@DivisionSemiring.toSemiring.{u_1} 𝕜
              (@Semifield.toDivisionSemiring.{u_1} 𝕜
                (@Field.toSemifield.{u_1} 𝕜
                  (@NormedField.toField.{u_1} 𝕜
                    (@DenselyNormedField.toNormedField.{u_1} 𝕜 (@RCLike.toDenselyNormedField.{u_1} 𝕜 inst)))))))))
      ⋯)
    (@ContinuousLinearMap.instMul.{u_1, max u_1 u_3} 𝕜
      (@DivisionSemiring.toSemiring.{u_1} 𝕜
        (@Semifield.toDivisionSemiring.{u_1} 𝕜
          (@Field.toSemifield.{u_1} 𝕜
            (@NormedField.toField.{u_1} 𝕜
              (@DenselyNormedField.toNormedField.{u_1} 𝕜 (@RCLike.toDenselyNormedField.{u_1} 𝕜 inst))))))
      (EuclideanSpace.{u_1, u_3} 𝕜 n)
      (@PiLp.topologicalSpace.{u_3, u_1}
        (@OfNat.ofNat.{0} ENNReal (nat_lit 2)
          (@instOfNatAtLeastTwo.{0} ENNReal (nat_lit 2)
            (@AddMonoidWithOne.toNatCast.{0} ENNReal
              (@AddCommMonoidWithOne.toAddMonoidWithOne.{0} ENNReal ENNReal.instAddCommMonoidWithOne))
            PiLp.innerProductSpace._proof_1))
        n (fun x => 𝕜) fun i =>
        @UniformSpace.toTopologicalSpace.{u_1} 𝕜
          (@PseudoMetricSpace.toUniformSpace.{u_1} 𝕜
            (@SeminormedRing.toPseudoMetricSpace.{u_1} 𝕜
              (@SeminormedCommRing.toSeminormedRing.{u_1} 𝕜
                (@NormedCommRing.toSeminormedCommRing.{u_1} 𝕜
                  (@NormedField.toNormedCommRing.{u_1} 𝕜
                    (@DenselyNormedField.toNormedField.{u_1} 𝕜 (@RCLike.toDenselyNormedField.{u_1} 𝕜 inst))))))))
      (@AddCommGroup.toAddCommMonoid.{max u_1 u_3} (EuclideanSpace.{u_1, u_3} 𝕜 n)
        (@WithLp.instAddCommGroup.{max u_1 u_3}
          (@OfNat.ofNat.{0} ENNReal (nat_lit 2)
            (@instOfNatAtLeastTwo.{0} ENNReal (nat_lit 2)
              (@AddMonoidWithOne.toNatCast.{0} ENNReal
                (@AddCommMonoidWithOne.toAddMonoidWithOne.{0} ENNReal ENNReal.instAddCommMonoidWithOne))
              PiLp.innerProductSpace._proof_1))
          ((i : n) → (fun x => 𝕜) i)
          (@Pi.addCommGroup.{u_3, u_1} n (fun x => 𝕜) fun i =>
            @Ring.toAddCommGroup.{u_1} 𝕜
              (@DivisionRing.toRing.{u_1} 𝕜
                (@Field.toDivisionRing.{u_1} 𝕜
                  (@NormedField.toField.{u_1} 𝕜
                    (@DenselyNormedField.toNormedField.{u_1} 𝕜 (@RCLike.toDenselyNormedField.{u_1} 𝕜 inst))))))))
      (@WithLp.instModule.{u_1, max u_1 u_3}
        (@OfNat.ofNat.{0} ENNReal (nat_lit 2)
          (@instOfNatAtLeastTwo.{0} ENNReal (nat_lit 2)
            (@AddMonoidWithOne.toNatCast.{0} ENNReal
              (@AddCommMonoidWithOne.toAddMonoidWithOne.{0} ENNReal ENNReal.instAddCommMonoidWithOne))
            PiLp.innerProductSpace._proof_1))
        𝕜 ((i : n) → (fun x => 𝕜) i)
        (@DivisionSemiring.toSemiring.{u_1} 𝕜
          (@Semifield.toDivisionSemiring.{u_1} 𝕜
            (@Field.toSemifield.{u_1} 𝕜
              (@NormedField.toField.{u_1} 𝕜
                (@DenselyNormedField.toNormedField.{u_1} 𝕜 (@RCLike.toDenselyNormedField.{u_1} 𝕜 inst))))))
        (@Pi.addCommGroup.{u_3, u_1} n (fun x => 𝕜) fun i =>
          @Ring.toAddCommGroup.{u_1} 𝕜
            (@DivisionRing.toRing.{u_1} 𝕜
              (@Field.toDivisionRing.{u_1} 𝕜
                (@NormedField.toField.{u_1} 𝕜
                  (@DenselyNormedField.toNormedField.{u_1} 𝕜 (@RCLike.toDenselyNormedField.{u_1} 𝕜 inst))))))
        (@Pi.Function.module.{u_3, u_1, u_1} n 𝕜 𝕜
          (@DivisionSemiring.toSemiring.{u_1} 𝕜
            (@Semifield.toDivisionSemiring.{u_1} 𝕜
              (@Field.toSemifield.{u_1} 𝕜
                (@NormedField.toField.{u_1} 𝕜
                  (@DenselyNormedField.toNormedField.{u_1} 𝕜 (@RCLike.toDenselyNormedField.{u_1} 𝕜 inst))))))
          (@Semiring.toAddCommMonoid.{u_1} 𝕜
            (@Ring.toSemiring.{u_1} 𝕜
              (@DivisionRing.toRing.{u_1} 𝕜
                (@Field.toDivisionRing.{u_1} 𝕜
                  (@NormedField.toField.{u_1} 𝕜
                    (@DenselyNormedField.toNormedField.{u_1} 𝕜 (@RCLike.toDenselyNormedField.{u_1} 𝕜 inst)))))))
          (@Semiring.toModule.{u_1} 𝕜
            (@DivisionSemiring.toSemiring.{u_1} 𝕜
              (@Semifield.toDivisionSemiring.{u_1} 𝕜
                (@Field.toSemifield.{u_1} 𝕜
                  (@NormedField.toField.{u_1} 𝕜
                    (@DenselyNormedField.toNormedField.{u_1} 𝕜 (@RCLike.toDenselyNormedField.{u_1} 𝕜 inst))))))))))
    (@ContinuousLinearMap.instSMul.{u_1, u_1, max u_1 u_3, max u_1 u_3, u_1} 𝕜 𝕜
      (@DivisionSemiring.toSemiring.{u_1} 𝕜
        (@Semifield.toDivisionSemiring.{u_1} 𝕜
          (@Field.toSemifield.{u_1} 𝕜
            (@NormedField.toField.{u_1} 𝕜
              (@DenselyNormedField.toNormedField.{u_1} 𝕜 (@RCLike.toDenselyNormedField.{u_1} 𝕜 inst))))))
      (@DivisionSemiring.toSemiring.{u_1} 𝕜
        (@Semifield.toDivisionSemiring.{u_1} 𝕜
          (@Field.toSemifield.{u_1} 𝕜
            (@NormedField.toField.{u_1} 𝕜
              (@DenselyNormedField.toNormedField.{u_1} 𝕜 (@RCLike.toDenselyNormedField.{u_1} 𝕜 inst))))))
      (@RingHom.id.{u_1} 𝕜
        (@Semiring.toNonAssocSemiring.{u_1} 𝕜
          (@DivisionSemiring.toSemiring.{u_1} 𝕜
            (@Semifield.toDivisionSemiring.{u_1} 𝕜
              (@Field.toSemifield.{u_1} 𝕜
                (@NormedField.toField.{u_1} 𝕜
                  (@DenselyNormedField.toNormedField.{u_1} 𝕜 (@RCLike.toDenselyNormedField.{u_1} 𝕜 inst))))))))
      (EuclideanSpace.{u_1, u_3} 𝕜 n)
      (@PiLp.topologicalSpace.{u_3, u_1}
        (@OfNat.ofNat.{0} ENNReal (nat_lit 2)
          (@instOfNatAtLeastTwo.{0} ENNReal (nat_lit 2)
            (@AddMonoidWithOne.toNatCast.{0} ENNReal
              (@AddCommMonoidWithOne.toAddMonoidWithOne.{0} ENNReal ENNReal.instAddCommMonoidWithOne))
            PiLp.innerProductSpace._proof_1))
        n (fun x => 𝕜) fun i =>
        @UniformSpace.toTopologicalSpace.{u_1} 𝕜
          (@PseudoMetricSpace.toUniformSpace.{u_1} 𝕜
            (@SeminormedRing.toPseudoMetricSpace.{u_1} 𝕜
              (@SeminormedCommRing.toSeminormedRing.{u_1} 𝕜
                (@NormedCommRing.toSeminormedCommRing.{u_1} 𝕜
                  (@NormedField.toNormedCommRing.{u_1} 𝕜
                    (@DenselyNormedField.toNormedField.{u_1} 𝕜 (@RCLike.toDenselyNormedField.{u_1} 𝕜 inst))))))))
      (@AddCommGroup.toAddCommMonoid.{max u_1 u_3} (EuclideanSpace.{u_1, u_3} 𝕜 n)
        (@WithLp.instAddCommGroup.{max u_1 u_3}
          (@OfNat.ofNat.{0} ENNReal (nat_lit 2)
            (@instOfNatAtLeastTwo.{0} ENNReal (nat_lit 2)
              (@AddMonoidWithOne.toNatCast.{0} ENNReal
                (@AddCommMonoidWithOne.toAddMonoidWithOne.{0} ENNReal ENNReal.instAddCommMonoidWithOne))
              PiLp.innerProductSpace._proof_1))
          ((i : n) → (fun x => 𝕜) i)
          (@Pi.addCommGroup.{u_3, u_1} n (fun x => 𝕜) fun i =>
            @Ring.toAddCommGroup.{u_1} 𝕜
              (@DivisionRing.toRing.{u_1} 𝕜
                (@Field.toDivisionRing.{u_1} 𝕜
                  (@NormedField.toField.{u_1} 𝕜
                    (@DenselyNormedField.toNormedField.{u_1} 𝕜 (@RCLike.toDenselyNormedField.{u_1} 𝕜 inst))))))))
      (EuclideanSpace.{u_1, u_3} 𝕜 n)
      (@PiLp.topologicalSpace.{u_3, u_1}
        (@OfNat.ofNat.{0} ENNReal (nat_lit 2)
          (@instOfNatAtLeastTwo.{0} ENNReal (nat_lit 2)
            (@AddMonoidWithOne.toNatCast.{0} ENNReal
              (@AddCommMonoidWithOne.toAddMonoidWithOne.{0} ENNReal ENNReal.instAddCommMonoidWithOne))
            PiLp.innerProductSpace._proof_1))
        n (fun x => 𝕜) fun i =>
        @UniformSpace.toTopologicalSpace.{u_1} 𝕜
          (@PseudoMetricSpace.toUniformSpace.{u_1} 𝕜
            (@SeminormedRing.toPseudoMetricSpace.{u_1} 𝕜
              (@SeminormedCommRing.toSeminormedRing.{u_1} 𝕜
                (@NormedCommRing.toSeminormedCommRing.{u_1} 𝕜
                  (@NormedField.toNormedCommRing.{u_1} 𝕜
                    (@DenselyNormedField.toNormedField.{u_1} 𝕜 (@RCLike.toDenselyNormedField.{u_1} 𝕜 inst))))))))
      (@AddCommGroup.toAddCommMonoid.{max u_1 u_3} (EuclideanSpace.{u_1, u_3} 𝕜 n)
        (@WithLp.instAddCommGroup.{max u_1 u_3}
          (@OfNat.ofNat.{0} ENNReal (nat_lit 2)
            (@instOfNatAtLeastTwo.{0} ENNReal (nat_lit 2)
              (@AddMonoidWithOne.toNatCast.{0} ENNReal
                (@AddCommMonoidWithOne.toAddMonoidWithOne.{0} ENNReal ENNReal.instAddCommMonoidWithOne))
              PiLp.innerProductSpace._proof_1))
          ((i : n) → (fun x => 𝕜) i)
          (@Pi.addCommGroup.{u_3, u_1} n (fun x => 𝕜) fun i =>
            @Ring.toAddCommGroup.{u_1} 𝕜
              (@DivisionRing.toRing.{u_1} 𝕜
                (@Field.toDivisionRing.{u_1} 𝕜
                  (@NormedField.toField.{u_1} 𝕜
                    (@DenselyNormedField.toNormedField.{u_1} 𝕜 (@RCLike.toDenselyNormedField.{u_1} 𝕜 inst))))))))
      (@WithLp.instModule.{u_1, max u_1 u_3}
        (@OfNat.ofNat.{0} ENNReal (nat_lit 2)
          (@instOfNatAtLeastTwo.{0} ENNReal (nat_lit 2)
            (@AddMonoidWithOne.toNatCast.{0} ENNReal
              (@AddCommMonoidWithOne.toAddMonoidWithOne.{0} ENNReal ENNReal.instAddCommMonoidWithOne))
            PiLp.innerProductSpace._proof_1))
        𝕜 ((i : n) → (fun x => 𝕜) i)
        (@DivisionSemiring.toSemiring.{u_1} 𝕜
          (@Semifield.toDivisionSemiring.{u_1} 𝕜
            (@Field.toSemifield.{u_1} 𝕜
              (@NormedField.toField.{u_1} 𝕜
                (@DenselyNormedField.toNormedField.{u_1} 𝕜 (@RCLike.toDenselyNormedField.{u_1} 𝕜 inst))))))
        (@Pi.addCommGroup.{u_3, u_1} n (fun x => 𝕜) fun i =>
          @Ring.toAddCommGroup.{u_1} 𝕜
            (@DivisionRing.toRing.{u_1} 𝕜
              (@Field.toDivisionRing.{u_1} 𝕜
                (@NormedField.toField.{u_1} 𝕜
                  (@DenselyNormedField.toNormedField.{u_1} 𝕜 (@RCLike.toDenselyNormedField.{u_1} 𝕜 inst))))))
        (@Pi.Function.module.{u_3, u_1, u_1} n 𝕜 𝕜
          (@DivisionSemiring.toSemiring.{u_1} 𝕜
            (@Semifield.toDivisionSemiring.{u_1} 𝕜
              (@Field.toSemifield.{u_1} 𝕜
                (@NormedField.toField.{u_1} 𝕜
                  (@DenselyNormedField.toNormedField.{u_1} 𝕜 (@RCLike.toDenselyNormedField.{u_1} 𝕜 inst))))))
          (@Semiring.toAddCommMonoid.{u_1} 𝕜
            (@Ring.toSemiring.{u_1} 𝕜
              (@DivisionRing.toRing.{u_1} 𝕜
                (@Field.toDivisionRing.{u_1} 𝕜
                  (@NormedField.toField.{u_1} 𝕜
                    (@DenselyNormedField.toNormedField.{u_1} 𝕜 (@RCLike.toDenselyNormedField.{u_1} 𝕜 inst)))))))
          (@Semiring.toModule.{u_1} 𝕜
            (@DivisionSemiring.toSemiring.{u_1} 𝕜
              (@Semifield.toDivisionSemiring.{u_1} 𝕜
                (@Field.toSemifield.{u_1} 𝕜
                  (@NormedField.toField.{u_1} 𝕜
                    (@DenselyNormedField.toNormedField.{u_1} 𝕜 (@RCLike.toDenselyNormedField.{u_1} 𝕜 inst)))))))))
      (@WithLp.instModule.{u_1, max u_1 u_3}
        (@OfNat.ofNat.{0} ENNReal (nat_lit 2)
          (@instOfNatAtLeastTwo.{0} ENNReal (nat_lit 2)
            (@AddMonoidWithOne.toNatCast.{0} ENNReal
              (@AddCommMonoidWithOne.toAddMonoidWithOne.{0} ENNReal ENNReal.instAddCommMonoidWithOne))
            PiLp.innerProductSpace._proof_1))
        𝕜 ((i : n) → (fun x => 𝕜) i)
        (@DivisionSemiring.toSemiring.{u_1} 𝕜
          (@Semifield.toDivisionSemiring.{u_1} 𝕜
            (@Field.toSemifield.{u_1} 𝕜
              (@NormedField.toField.{u_1} 𝕜
                (@DenselyNormedField.toNormedField.{u_1} 𝕜 (@RCLike.toDenselyNormedField.{u_1} 𝕜 inst))))))
        (@Pi.addCommGroup.{u_3, u_1} n (fun x => 𝕜) fun i =>
          @Ring.toAddCommGroup.{u_1} 𝕜
            (@DivisionRing.toRing.{u_1} 𝕜
              (@Field.toDivisionRing.{u_1} 𝕜
                (@NormedField.toField.{u_1} 𝕜
                  (@DenselyNormedField.toNormedField.{u_1} 𝕜 (@RCLike.toDenselyNormedField.{u_1} 𝕜 inst))))))
        (@Pi.Function.module.{u_3, u_1, u_1} n 𝕜 𝕜
          (@DivisionSemiring.toSemiring.{u_1} 𝕜
            (@Semifield.toDivisionSemiring.{u_1} 𝕜
              (@Field.toSemifield.{u_1} 𝕜
                (@NormedField.toField.{u_1} 𝕜
                  (@DenselyNormedField.toNormedField.{u_1} 𝕜 (@RCLike.toDenselyNormedField.{u_1} 𝕜 inst))))))
          (@Semiring.toAddCommMonoid.{u_1} 𝕜
            (@Ring.toSemiring.{u_1} 𝕜
              (@DivisionRing.toRing.{u_1} 𝕜
                (@Field.toDivisionRing.{u_1} 𝕜
                  (@NormedField.toField.{u_1} 𝕜
                    (@DenselyNormedField.toNormedField.{u_1} 𝕜 (@RCLike.toDenselyNormedField.{u_1} 𝕜 inst)))))))
          (@Semiring.toModule.{u_1} 𝕜
            (@DivisionSemiring.toSemiring.{u_1} 𝕜
              (@Semifield.toDivisionSemiring.{u_1} 𝕜
                (@Field.toSemifield.{u_1} 𝕜
                  (@NormedField.toField.{u_1} 𝕜
                    (@DenselyNormedField.toNormedField.{u_1} 𝕜 (@RCLike.toDenselyNormedField.{u_1} 𝕜 inst)))))))))
      𝕜
      (@DistribMulAction.toDistribSMul.{u_1, max u_1 u_3} 𝕜 (EuclideanSpace.{u_1, u_3} 𝕜 n)
        (@Semiring.toMonoid.{u_1} 𝕜
          (@DivisionSemiring.toSemiring.{u_1} 𝕜
            (@Semifield.toDivisionSemiring.{u_1} 𝕜
              (@Field.toSemifield.{u_1} 𝕜
                (@NormedField.toField.{u_1} 𝕜
                  (@DenselyNormedField.toNormedField.{u_1} 𝕜 (@RCLike.toDenselyNormedField.{u_1} 𝕜 inst)))))))
        (@SubNegMonoid.toAddMonoid.{max u_1 u_3} (EuclideanSpace.{u_1, u_3} 𝕜 n)
          (@AddGroup.toSubNegMonoid.{max u_1 u_3} (EuclideanSpace.{u_1, u_3} 𝕜 n)
            (@AddCommGroup.toAddGroup.{max u_1 u_3} (EuclideanSpace.{u_1, u_3} 𝕜 n)
              (@WithLp.instAddCommGroup.{max u_1 u_3}
                (@OfNat.ofNat.{0} ENNReal (nat_lit 2)
                  (@instOfNatAtLeastTwo.{0} ENNReal (nat_lit 2)
                    (@AddMonoidWithOne.toNatCast.{0} ENNReal
                      (@AddCommMonoidWithOne.toAddMonoidWithOne.{0} ENNReal ENNReal.instAddCommMonoidWithOne))
                    PiLp.innerProductSpace._proof_1))
                ((i : n) → (fun x => 𝕜) i)
                (@Pi.addCommGroup.{u_3, u_1} n (fun x => 𝕜) fun i =>
                  @Ring.toAddCommGroup.{u_1} 𝕜
                    (@DivisionRing.toRing.{u_1} 𝕜
                      (@Field.toDivisionRing.{u_1} 𝕜
                        (@NormedField.toField.{u_1} 𝕜
                          (@DenselyNormedField.toNormedField.{u_1} 𝕜
                            (@RCLike.toDenselyNormedField.{u_1} 𝕜 inst))))))))))
        (@WithLp.instDistribMulAction.{u_1, max u_1 u_3}
          (@OfNat.ofNat.{0} ENNReal (nat_lit 2)
            (@instOfNatAtLeastTwo.{0} ENNReal (nat_lit 2)
              (@AddMonoidWithOne.toNatCast.{0} ENNReal
                (@AddCommMonoidWithOne.toAddMonoidWithOne.{0} ENNReal ENNReal.instAddCommMonoidWithOne))
              PiLp.innerProductSpace._proof_1))
          𝕜 ((i : n) → (fun x => 𝕜) i)
          (@Semiring.toMonoid.{u_1} 𝕜
            (@DivisionSemiring.toSemiring.{u_1} 𝕜
              (@Semifield.toDivisionSemiring.{u_1} 𝕜
                (@Field.toSemifield.{u_1} 𝕜
                  (@NormedField.toField.{u_1} 𝕜
                    (@DenselyNormedField.toNormedField.{u_1} 𝕜 (@RCLike.toDenselyNormedField.{u_1} 𝕜 inst)))))))
          (@Pi.addCommGroup.{u_3, u_1} n (fun x => 𝕜) fun i =>
            @Ring.toAddCommGroup.{u_1} 𝕜
              (@DivisionRing.toRing.{u_1} 𝕜
                (@Field.toDivisionRing.{u_1} 𝕜
                  (@NormedField.toField.{u_1} 𝕜
                    (@DenselyNormedField.toNormedField.{u_1} 𝕜 (@RCLike.toDenselyNormedField.{u_1} 𝕜 inst))))))
          (@Pi.distribMulAction.{u_3, u_1, u_1} n (fun x => 𝕜) 𝕜
            (@Semiring.toMonoid.{u_1} 𝕜
              (@DivisionSemiring.toSemiring.{u_1} 𝕜
                (@Semifield.toDivisionSemiring.{u_1} 𝕜
                  (@Field.toSemifield.{u_1} 𝕜
                    (@NormedField.toField.{u_1} 𝕜
                      (@DenselyNormedField.toNormedField.{u_1} 𝕜 (@RCLike.toDenselyNormedField.{u_1} 𝕜 inst)))))))
            (fun i =>
              @SubNegMonoid.toAddMonoid.{u_1} ((fun x => 𝕜) i)
                ((fun i =>
                    @AddGroup.toSubNegMonoid.{u_1} ((fun x => 𝕜) i)
                      ((fun i =>
                          @AddCommGroup.toAddGroup.{u_1} ((fun x => 𝕜) i)
                            ((fun i =>
                                @Ring.toAddCommGroup.{u_1} 𝕜
                                  (@DivisionRing.toRing.{u_1} 𝕜
                                    (@Field.toDivisionRing.{u_1} 𝕜
                                      (@NormedField.toField.{u_1} 𝕜
                                        (@DenselyNormedField.toNormedField.{u_1} 𝕜
                                          (@RCLike.toDenselyNormedField.{u_1} 𝕜 inst))))))
                              i))
                        i))
                  i))
            fun i =>
            @Module.toDistribMulAction.{u_1, u_1} 𝕜 𝕜
              (@DivisionSemiring.toSemiring.{u_1} 𝕜
                (@Semifield.toDivisionSemiring.{u_1} 𝕜
                  (@Field.toSemifield.{u_1} 𝕜
                    (@NormedField.toField.{u_1} 𝕜
                      (@DenselyNormedField.toNormedField.{u_1} 𝕜 (@RCLike.toDenselyNormedField.{u_1} 𝕜 inst))))))
              (@Semiring.toAddCommMonoid.{u_1} 𝕜
                (@DivisionSemiring.toSemiring.{u_1} 𝕜
                  (@Semifield.toDivisionSemiring.{u_1} 𝕜
                    (@Field.toSemifield.{u_1} 𝕜
                      (@NormedField.toField.{u_1} 𝕜
                        (@DenselyNormedField.toNormedField.{u_1} 𝕜 (@RCLike.toDenselyNormedField.{u_1} 𝕜 inst)))))))
              (@Semiring.toModule.{u_1} 𝕜
                (@DivisionSemiring.toSemiring.{u_1} 𝕜
                  (@Semifield.toDivisionSemiring.{u_1} 𝕜
                    (@Field.toSemifield.{u_1} 𝕜
                      (@NormedField.toField.{u_1} 𝕜
                        (@DenselyNormedField.toNormedField.{u_1} 𝕜 (@RCLike.toDenselyNormedField.{u_1} 𝕜 inst))))))))))
      ⋯ ⋯)
    (@ContinuousLinearMap.instStarId.{u_1, max u_1 u_3} 𝕜 (EuclideanSpace.{u_1, u_3} 𝕜 n) inst
      (@PiLp.normedAddCommGroup.{u_3, u_1}
        (@OfNat.ofNat.{0} ENNReal (nat_lit 2)
          (@instOfNatAtLeastTwo.{0} ENNReal (nat_lit 2)
            (@AddMonoidWithOne.toNatCast.{0} ENNReal
              (@AddCommMonoidWithOne.toAddMonoidWithOne.{0} ENNReal ENNReal.instAddCommMonoidWithOne))
            PiLp.innerProductSpace._proof_1))
        n (fun x => 𝕜) fact_one_le_two_ennreal inst_1 fun i =>
        @NonUnitalNormedRing.toNormedAddCommGroup.{u_1} 𝕜
          (@NonUnitalNormedCommRing.toNonUnitalNormedRing.{u_1} 𝕜
            (@NormedCommRing.toNonUnitalNormedCommRing.{u_1} 𝕜
              (@NormedField.toNormedCommRing.{u_1} 𝕜
                (@DenselyNormedField.toNormedField.{u_1} 𝕜 (@RCLike.toDenselyNormedField.{u_1} 𝕜 inst))))))
      (@PiLp.innerProductSpace.{u_1, u_3, u_1} 𝕜 inst n inst_1 (fun x => 𝕜)
        (fun i =>
          @NonUnitalNormedRing.toNormedAddCommGroup.{u_1} 𝕜
            (@NonUnitalNormedCommRing.toNonUnitalNormedRing.{u_1} 𝕜
              (@NormedCommRing.toNonUnitalNormedCommRing.{u_1} 𝕜
                (@NormedField.toNormedCommRing.{u_1} 𝕜
                  (@DenselyNormedField.toNormedField.{u_1} 𝕜 (@RCLike.toDenselyNormedField.{u_1} 𝕜 inst))))))
        fun i => @RCLike.innerProductSpace.{u_1} 𝕜 inst)
      ⋯)
    (@StarAlgEquiv.symm.{u_1, max u_1 u_3, max u_1 u_3} 𝕜
      (@LinearMap.{u_1, u_1, max u_1 u_3, max u_1 u_3} 𝕜 𝕜
        (@DivisionSemiring.toSemiring.{u_1} 𝕜
          (@Semifield.toDivisionSemiring.{u_1} 𝕜
            (@Field.toSemifield.{u_1} 𝕜
              (@NormedField.toField.{u_1} 𝕜
                (@DenselyNormedField.toNormedField.{u_1} 𝕜 (@RCLike.toDenselyNormedField.{u_1} 𝕜 inst))))))
        (@DivisionSemiring.toSemiring.{u_1} 𝕜
          (@Semifield.toDivisionSemiring.{u_1} 𝕜
            (@Field.toSemifield.{u_1} 𝕜
              (@NormedField.toField.{u_1} 𝕜
                (@DenselyNormedField.toNormedField.{u_1} 𝕜 (@RCLike.toDenselyNormedField.{u_1} 𝕜 inst))))))
        (@RingHom.id.{u_1} 𝕜
          (@Semiring.toNonAssocSemiring.{u_1} 𝕜
            (@DivisionSemiring.toSemiring.{u_1} 𝕜
              (@Semifield.toDivisionSemiring.{u_1} 𝕜
                (@Field.toSemifield.{u_1} 𝕜
                  (@NormedField.toField.{u_1} 𝕜
                    (@DenselyNormedField.toNormedField.{u_1} 𝕜 (@RCLike.toDenselyNormedField.{u_1} 𝕜 inst))))))))
        (EuclideanSpace.{u_1, u_3} 𝕜 n) (EuclideanSpace.{u_1, u_3} 𝕜 n)
        (@AddCommGroup.toAddCommMonoid.{max u_1 u_3} (EuclideanSpace.{u_1, u_3} 𝕜 n)
          (@NormedAddCommGroup.toAddCommGroup.{max u_1 u_3} (EuclideanSpace.{u_1, u_3} 𝕜 n)
            (@PiLp.normedAddCommGroup.{u_3, u_1}
              (@OfNat.ofNat.{0} ENNReal (nat_lit 2)
                (@instOfNatAtLeastTwo.{0} ENNReal (nat_lit 2)
                  (@AddMonoidWithOne.toNatCast.{0} ENNReal
                    (@AddCommMonoidWithOne.toAddMonoidWithOne.{0} ENNReal ENNReal.instAddCommMonoidWithOne))
                  PiLp.innerProductSpace._proof_1))
              n (fun x => 𝕜) fact_one_le_two_ennreal inst_1 fun i =>
              @NonUnitalNormedRing.toNormedAddCommGroup.{u_1} 𝕜
                (@NonUnitalNormedCommRing.toNonUnitalNormedRing.{u_1} 𝕜
                  (@NormedCommRing.toNonUnitalNormedCommRing.{u_1} 𝕜
                    (@NormedField.toNormedCommRing.{u_1} 𝕜
                      (@DenselyNormedField.toNormedField.{u_1} 𝕜 (@RCLike.toDenselyNormedField.{u_1} 𝕜 inst))))))))
        (@AddCommGroup.toAddCommMonoid.{max u_1 u_3} (EuclideanSpace.{u_1, u_3} 𝕜 n)
          (@NormedAddCommGroup.toAddCommGroup.{max u_1 u_3} (EuclideanSpace.{u_1, u_3} 𝕜 n)
            (@PiLp.normedAddCommGroup.{u_3, u_1}
              (@OfNat.ofNat.{0} ENNReal (nat_lit 2)
                (@instOfNatAtLeastTwo.{0} ENNReal (nat_lit 2)
                  (@AddMonoidWithOne.toNatCast.{0} ENNReal
                    (@AddCommMonoidWithOne.toAddMonoidWithOne.{0} ENNReal ENNReal.instAddCommMonoidWithOne))
                  PiLp.innerProductSpace._proof_1))
              n (fun x => 𝕜) fact_one_le_two_ennreal inst_1 fun i =>
              @NonUnitalNormedRing.toNormedAddCommGroup.{u_1} 𝕜
                (@NonUnitalNormedCommRing.toNonUnitalNormedRing.{u_1} 𝕜
                  (@NormedCommRing.toNonUnitalNormedCommRing.{u_1} 𝕜
                    (@NormedField.toNormedCommRing.{u_1} 𝕜
                      (@DenselyNormedField.toNormedField.{u_1} 𝕜 (@RCLike.toDenselyNormedField.{u_1} 𝕜 inst))))))))
        (@NormedSpace.toModule.{u_1, max u_1 u_3} 𝕜 (EuclideanSpace.{u_1, u_3} 𝕜 n)
          (@DenselyNormedField.toNormedField.{u_1} 𝕜 (@RCLike.toDenselyNormedField.{u_1} 𝕜 inst))
          (@NormedAddCommGroup.toSeminormedAddCommGroup.{max u_1 u_3} (EuclideanSpace.{u_1, u_3} 𝕜 n)
            (@PiLp.normedAddCommGroup.{u_3, u_1}
              (@OfNat.ofNat.{0} ENNReal (nat_lit 2)
                (@instOfNatAtLeastTwo.{0} ENNReal (nat_lit 2)
                  (@AddMonoidWithOne.toNatCast.{0} ENNReal
                    (@AddCommMonoidWithOne.toAddMonoidWithOne.{0} ENNReal ENNReal.instAddCommMonoidWithOne))
                  PiLp.innerProductSpace._proof_1))
              n (fun x => 𝕜) fact_one_le_two_ennreal inst_1 fun i =>
              @NonUnitalNormedRing.toNormedAddCommGroup.{u_1} 𝕜
                (@NonUnitalNormedCommRing.toNonUnitalNormedRing.{u_1} 𝕜
                  (@NormedCommRing.toNonUnitalNormedCommRing.{u_1} 𝕜
                    (@NormedField.toNormedCommRing.{u_1} 𝕜
                      (@DenselyNormedField.toNormedField.{u_1} 𝕜 (@RCLike.toDenselyNormedField.{u_1} 𝕜 inst)))))))
          (@InnerProductSpace.toNormedSpace.{u_1, max u_1 u_3} 𝕜 (EuclideanSpace.{u_1, u_3} 𝕜 n) inst
            (@NormedAddCommGroup.toSeminormedAddCommGroup.{max u_1 u_3} (EuclideanSpace.{u_1, u_3} 𝕜 n)
              (@PiLp.normedAddCommGroup.{u_3, u_1}
                (@OfNat.ofNat.{0} ENNReal (nat_lit 2)
                  (@instOfNatAtLeastTwo.{0} ENNReal (nat_lit 2)
                    (@AddMonoidWithOne.toNatCast.{0} ENNReal
                      (@AddCommMonoidWithOne.toAddMonoidWithOne.{0} ENNReal ENNReal.instAddCommMonoidWithOne))
                    PiLp.innerProductSpace._proof_1))
                n (fun x => 𝕜) fact_one_le_two_ennreal inst_1 fun i =>
                @NonUnitalNormedRing.toNormedAddCommGroup.{u_1} 𝕜
                  (@NonUnitalNormedCommRing.toNonUnitalNormedRing.{u_1} 𝕜
                    (@NormedCommRing.toNonUnitalNormedCommRing.{u_1} 𝕜
                      (@NormedField.toNormedCommRing.{u_1} 𝕜
                        (@DenselyNormedField.toNormedField.{u_1} 𝕜 (@RCLike.toDenselyNormedField.{u_1} 𝕜 inst)))))))
            (@PiLp.innerProductSpace.{u_1, u_3, u_1} 𝕜 inst n inst_1 (fun x => 𝕜)
              (fun i =>
                @NonUnitalNormedRing.toNormedAddCommGroup.{u_1} 𝕜
                  (@NonUnitalNormedCommRing.toNonUnitalNormedRing.{u_1} 𝕜
                    (@NormedCommRing.toNonUnitalNormedCommRing.{u_1} 𝕜
                      (@NormedField.toNormedCommRing.{u_1} 𝕜
                        (@DenselyNormedField.toNormedField.{u_1} 𝕜 (@RCLike.toDenselyNormedField.{u_1} 𝕜 inst))))))
              fun i => @RCLike.innerProductSpace.{u_1} 𝕜 inst)))
        (@NormedSpace.toModule.{u_1, max u_1 u_3} 𝕜 (EuclideanSpace.{u_1, u_3} 𝕜 n)
          (@DenselyNormedField.toNormedField.{u_1} 𝕜 (@RCLike.toDenselyNormedField.{u_1} 𝕜 inst))
          (@NormedAddCommGroup.toSeminormedAddCommGroup.{max u_1 u_3} (EuclideanSpace.{u_1, u_3} 𝕜 n)
            (@PiLp.normedAddCommGroup.{u_3, u_1}
              (@OfNat.ofNat.{0} ENNReal (nat_lit 2)
                (@instOfNatAtLeastTwo.{0} ENNReal (nat_lit 2)
                  (@AddMonoidWithOne.toNatCast.{0} ENNReal
                    (@AddCommMonoidWithOne.toAddMonoidWithOne.{0} ENNReal ENNReal.instAddCommMonoidWithOne))
                  PiLp.innerProductSpace._proof_1))
              n (fun x => 𝕜) fact_one_le_two_ennreal inst_1 fun i =>
              @NonUnitalNormedRing.toNormedAddCommGroup.{u_1} 𝕜
                (@NonUnitalNormedCommRing.toNonUnitalNormedRing.{u_1} 𝕜
                  (@NormedCommRing.toNonUnitalNormedCommRing.{u_1} 𝕜
                    (@NormedField.toNormedCommRing.{u_1} 𝕜
                      (@DenselyNormedField.toNormedField.{u_1} 𝕜 (@RCLike.toDenselyNormedField.{u_1} 𝕜 inst)))))))
          (@InnerProductSpace.toNormedSpace.{u_1, max u_1 u_3} 𝕜 (EuclideanSpace.{u_1, u_3} 𝕜 n) inst
            (@NormedAddCommGroup.toSeminormedAddCommGroup.{max u_1 u_3} (EuclideanSpace.{u_1, u_3} 𝕜 n)
              (@PiLp.normedAddCommGroup.{u_3, u_1}
                (@OfNat.ofNat.{0} ENNReal (nat_lit 2)
                  (@instOfNatAtLeastTwo.{0} ENNReal (nat_lit 2)
                    (@AddMonoidWithOne.toNatCast.{0} ENNReal
                      (@AddCommMonoidWithOne.toAddMonoidWithOne.{0} ENNReal ENNReal.instAddCommMonoidWithOne))
                    PiLp.innerProductSpace._proof_1))
                n (fun x => 𝕜) fact_one_le_two_ennreal inst_1 fun i =>
                @NonUnitalNormedRing.toNormedAddCommGroup.{u_1} 𝕜
                  (@NonUnitalNormedCommRing.toNonUnitalNormedRing.{u_1} 𝕜
                    (@NormedCommRing.toNonUnitalNormedCommRing.{u_1} 𝕜
                      (@NormedField.toNormedCommRing.{u_1} 𝕜
                        (@DenselyNormedField.toNormedField.{u_1} 𝕜 (@RCLike.toDenselyNormedField.{u_1} 𝕜 inst)))))))
            (@PiLp.innerProductSpace.{u_1, u_3, u_1} 𝕜 inst n inst_1 (fun x => 𝕜)
              (fun i =>
                @NonUnitalNormedRing.toNormedAddCommGroup.{u_1} 𝕜
                  (@NonUnitalNormedCommRing.toNonUnitalNormedRing.{u_1} 𝕜
                    (@NormedCommRing.toNonUnitalNormedCommRing.{u_1} 𝕜
                      (@NormedField.toNormedCommRing.{u_1} 𝕜
                        (@DenselyNormedField.toNormedField.{u_1} 𝕜 (@RCLike.toDenselyNormedField.{u_1} 𝕜 inst))))))
              fun i => @RCLike.innerProductSpace.{u_1} 𝕜 inst))))
      (Matrix.{u_3, u_3, u_1} n n 𝕜)
      (@LinearMap.instAdd.{u_1, u_1, max u_1 u_3, max u_1 u_3} 𝕜 𝕜 (EuclideanSpace.{u_1, u_3} 𝕜 n)
        (EuclideanSpace.{u_1, u_3} 𝕜 n)
        (@DivisionSemiring.toSemiring.{u_1} 𝕜
          (@Semifield.toDivisionSemiring.{u_1} 𝕜
            (@Field.toSemifield.{u_1} 𝕜
              (@NormedField.toField.{u_1} 𝕜
                (@DenselyNormedField.toNormedField.{u_1} 𝕜 (@RCLike.toDenselyNormedField.{u_1} 𝕜 inst))))))
        (@DivisionSemiring.toSemiring.{u_1} 𝕜
          (@Semifield.toDivisionSemiring.{u_1} 𝕜
            (@Field.toSemifield.{u_1} 𝕜
              (@NormedField.toField.{u_1} 𝕜
                (@DenselyNormedField.toNormedField.{u_1} 𝕜 (@RCLike.toDenselyNormedField.{u_1} 𝕜 inst))))))
        (@AddCommGroup.toAddCommMonoid.{max u_1 u_3} (EuclideanSpace.{u_1, u_3} 𝕜 n)
          (@NormedAddCommGroup.toAddCommGroup.{max u_1 u_3} (EuclideanSpace.{u_1, u_3} 𝕜 n)
            (@PiLp.normedAddCommGroup.{u_3, u_1}
              (@OfNat.ofNat.{0} ENNReal (nat_lit 2)
                (@instOfNatAtLeastTwo.{0} ENNReal (nat_lit 2)
                  (@AddMonoidWithOne.toNatCast.{0} ENNReal
                    (@AddCommMonoidWithOne.toAddMonoidWithOne.{0} ENNReal ENNReal.instAddCommMonoidWithOne))
                  PiLp.innerProductSpace._proof_1))
              n (fun x => 𝕜) fact_one_le_two_ennreal inst_1 fun i =>
              @NonUnitalNormedRing.toNormedAddCommGroup.{u_1} 𝕜
                (@NonUnitalNormedCommRing.toNonUnitalNormedRing.{u_1} 𝕜
                  (@NormedCommRing.toNonUnitalNormedCommRing.{u_1} 𝕜
                    (@NormedField.toNormedCommRing.{u_1} 𝕜
                      (@DenselyNormedField.toNormedField.{u_1} 𝕜 (@RCLike.toDenselyNormedField.{u_1} 𝕜 inst))))))))
        (@AddCommGroup.toAddCommMonoid.{max u_1 u_3} (EuclideanSpace.{u_1, u_3} 𝕜 n)
          (@NormedAddCommGroup.toAddCommGroup.{max u_1 u_3} (EuclideanSpace.{u_1, u_3} 𝕜 n)
            (@PiLp.normedAddCommGroup.{u_3, u_1}
              (@OfNat.ofNat.{0} ENNReal (nat_lit 2)
                (@instOfNatAtLeastTwo.{0} ENNReal (nat_lit 2)
                  (@AddMonoidWithOne.toNatCast.{0} ENNReal
                    (@AddCommMonoidWithOne.toAddMonoidWithOne.{0} ENNReal ENNReal.instAddCommMonoidWithOne))
                  PiLp.innerProductSpace._proof_1))
              n (fun x => 𝕜) fact_one_le_two_ennreal inst_1 fun i =>
              @NonUnitalNormedRing.toNormedAddCommGroup.{u_1} 𝕜
                (@NonUnitalNormedCommRing.toNonUnitalNormedRing.{u_1} 𝕜
                  (@NormedCommRing.toNonUnitalNormedCommRing.{u_1} 𝕜
                    (@NormedField.toNormedCommRing.{u_1} 𝕜
                      (@DenselyNormedField.toNormedField.{u_1} 𝕜 (@RCLike.toDenselyNormedField.{u_1} 𝕜 inst))))))))
        (@NormedSpace.toModule.{u_1, max u_1 u_3} 𝕜 (EuclideanSpace.{u_1, u_3} 𝕜 n)
          (@DenselyNormedField.toNormedField.{u_1} 𝕜 (@RCLike.toDenselyNormedField.{u_1} 𝕜 inst))
          (@NormedAddCommGroup.toSeminormedAddCommGroup.{max u_1 u_3} (EuclideanSpace.{u_1, u_3} 𝕜 n)
            (@PiLp.normedAddCommGroup.{u_3, u_1}
              (@OfNat.ofNat.{0} ENNReal (nat_lit 2)
                (@instOfNatAtLeastTwo.{0} ENNReal (nat_lit 2)
                  (@AddMonoidWithOne.toNatCast.{0} ENNReal
                    (@AddCommMonoidWithOne.toAddMonoidWithOne.{0} ENNReal ENNReal.instAddCommMonoidWithOne))
                  PiLp.innerProductSpace._proof_1))
              n (fun x => 𝕜) fact_one_le_two_ennreal inst_1 fun i =>
              @NonUnitalNormedRing.toNormedAddCommGroup.{u_1} 𝕜
                (@NonUnitalNormedCommRing.toNonUnitalNormedRing.{u_1} 𝕜
                  (@NormedCommRing.toNonUnitalNormedCommRing.{u_1} 𝕜
                    (@NormedField.toNormedCommRing.{u_1} 𝕜
                      (@DenselyNormedField.toNormedField.{u_1} 𝕜 (@RCLike.toDenselyNormedField.{u_1} 𝕜 inst)))))))
          (@InnerProductSpace.toNormedSpace.{u_1, max u_1 u_3} 𝕜 (EuclideanSpace.{u_1, u_3} 𝕜 n) inst
            (@NormedAddCommGroup.toSeminormedAddCommGroup.{max u_1 u_3} (EuclideanSpace.{u_1, u_3} 𝕜 n)
              (@PiLp.normedAddCommGroup.{u_3, u_1}
                (@OfNat.ofNat.{0} ENNReal (nat_lit 2)
                  (@instOfNatAtLeastTwo.{0} ENNReal (nat_lit 2)
                    (@AddMonoidWithOne.toNatCast.{0} ENNReal
                      (@AddCommMonoidWithOne.toAddMonoidWithOne.{0} ENNReal ENNReal.instAddCommMonoidWithOne))
                    PiLp.innerProductSpace._proof_1))
                n (fun x => 𝕜) fact_one_le_two_ennreal inst_1 fun i =>
                @NonUnitalNormedRing.toNormedAddCommGroup.{u_1} 𝕜
                  (@NonUnitalNormedCommRing.toNonUnitalNormedRing.{u_1} 𝕜
                    (@NormedCommRing.toNonUnitalNormedCommRing.{u_1} 𝕜
                      (@NormedField.toNormedCommRing.{u_1} 𝕜
                        (@DenselyNormedField.toNormedField.{u_1} 𝕜 (@RCLike.toDenselyNormedField.{u_1} 𝕜 inst)))))))
            (@PiLp.innerProductSpace.{u_1, u_3, u_1} 𝕜 inst n inst_1 (fun x => 𝕜)
              (fun i =>
                @NonUnitalNormedRing.toNormedAddCommGroup.{u_1} 𝕜
                  (@NonUnitalNormedCommRing.toNonUnitalNormedRing.{u_1} 𝕜
                    (@NormedCommRing.toNonUnitalNormedCommRing.{u_1} 𝕜
                      (@NormedField.toNormedCommRing.{u_1} 𝕜
                        (@DenselyNormedField.toNormedField.{u_1} 𝕜 (@RCLike.toDenselyNormedField.{u_1} 𝕜 inst))))))
              fun i => @RCLike.innerProductSpace.{u_1} 𝕜 inst)))
        (@NormedSpace.toModule.{u_1, max u_1 u_3} 𝕜 (EuclideanSpace.{u_1, u_3} 𝕜 n)
          (@DenselyNormedField.toNormedField.{u_1} 𝕜 (@RCLike.toDenselyNormedField.{u_1} 𝕜 inst))
          (@NormedAddCommGroup.toSeminormedAddCommGroup.{max u_1 u_3} (EuclideanSpace.{u_1, u_3} 𝕜 n)
            (@PiLp.normedAddCommGroup.{u_3, u_1}
              (@OfNat.ofNat.{0} ENNReal (nat_lit 2)
                (@instOfNatAtLeastTwo.{0} ENNReal (nat_lit 2)
                  (@AddMonoidWithOne.toNatCast.{0} ENNReal
                    (@AddCommMonoidWithOne.toAddMonoidWithOne.{0} ENNReal ENNReal.instAddCommMonoidWithOne))
                  PiLp.innerProductSpace._proof_1))
              n (fun x => 𝕜) fact_one_le_two_ennreal inst_1 fun i =>
              @NonUnitalNormedRing.toNormedAddCommGroup.{u_1} 𝕜
                (@NonUnitalNormedCommRing.toNonUnitalNormedRing.{u_1} 𝕜
                  (@NormedCommRing.toNonUnitalNormedCommRing.{u_1} 𝕜
                    (@NormedField.toNormedCommRing.{u_1} 𝕜
                      (@DenselyNormedField.toNormedField.{u_1} 𝕜 (@RCLike.toDenselyNormedField.{u_1} 𝕜 inst)))))))
          (@InnerProductSpace.toNormedSpace.{u_1, max u_1 u_3} 𝕜 (EuclideanSpace.{u_1, u_3} 𝕜 n) inst
            (@NormedAddCommGroup.toSeminormedAddCommGroup.{max u_1 u_3} (EuclideanSpace.{u_1, u_3} 𝕜 n)
              (@PiLp.normedAddCommGroup.{u_3, u_1}
                (@OfNat.ofNat.{0} ENNReal (nat_lit 2)
                  (@instOfNatAtLeastTwo.{0} ENNReal (nat_lit 2)
                    (@AddMonoidWithOne.toNatCast.{0} ENNReal
                      (@AddCommMonoidWithOne.toAddMonoidWithOne.{0} ENNReal ENNReal.instAddCommMonoidWithOne))
                    PiLp.innerProductSpace._proof_1))
                n (fun x => 𝕜) fact_one_le_two_ennreal inst_1 fun i =>
                @NonUnitalNormedRing.toNormedAddCommGroup.{u_1} 𝕜
                  (@NonUnitalNormedCommRing.toNonUnitalNormedRing.{u_1} 𝕜
                    (@NormedCommRing.toNonUnitalNormedCommRing.{u_1} 𝕜
                      (@NormedField.toNormedCommRing.{u_1} 𝕜
                        (@DenselyNormedField.toNormedField.{u_1} 𝕜 (@RCLike.toDenselyNormedField.{u_1} 𝕜 inst)))))))
            (@PiLp.innerProductSpace.{u_1, u_3, u_1} 𝕜 inst n inst_1 (fun x => 𝕜)
              (fun i =>
                @NonUnitalNormedRing.toNormedAddCommGroup.{u_1} 𝕜
                  (@NonUnitalNormedCommRing.toNonUnitalNormedRing.{u_1} 𝕜
                    (@NormedCommRing.toNonUnitalNormedCommRing.{u_1} 𝕜
                      (@NormedField.toNormedCommRing.{u_1} 𝕜
                        (@DenselyNormedField.toNormedField.{u_1} 𝕜 (@RCLike.toDenselyNormedField.{u_1} 𝕜 inst))))))
              fun i => @RCLike.innerProductSpace.{u_1} 𝕜 inst)))
        (@RingHom.id.{u_1} 𝕜
          (@Semiring.toNonAssocSemiring.{u_1} 𝕜
            (@DivisionSemiring.toSemiring.{u_1} 𝕜
              (@Semifield.toDivisionSemiring.{u_1} 𝕜
                (@Field.toSemifield.{u_1} 𝕜
                  (@NormedField.toField.{u_1} 𝕜
                    (@DenselyNormedField.toNormedField.{u_1} 𝕜 (@RCLike.toDenselyNormedField.{u_1} 𝕜 inst)))))))))
      (@Matrix.add.{u_1, u_3, u_3} n n 𝕜
        (@Distrib.toAdd.{u_1} 𝕜
          (@instDistribOfSemiring.{u_1} 𝕜
            (@DivisionSemiring.toSemiring.{u_1} 𝕜
              (@Semifield.toDivisionSemiring.{u_1} 𝕜
                (@Field.toSemifield.{u_1} 𝕜
                  (@NormedField.toField.{u_1} 𝕜
                    (@DenselyNormedField.toNormedField.{u_1} 𝕜 (@RCLike.toDenselyNormedField.{u_1} 𝕜 inst)))))))))
      (@Module.End.instMul.{u_1, max u_1 u_3} 𝕜 (EuclideanSpace.{u_1, u_3} 𝕜 n)
        (@DivisionSemiring.toSemiring.{u_1} 𝕜
          (@Semifield.toDivisionSemiring.{u_1} 𝕜
            (@Field.toSemifield.{u_1} 𝕜
              (@NormedField.toField.{u_1} 𝕜
                (@DenselyNormedField.toNormedField.{u_1} 𝕜 (@RCLike.toDenselyNormedField.{u_1} 𝕜 inst))))))
        (@AddCommGroup.toAddCommMonoid.{max u_1 u_3} (EuclideanSpace.{u_1, u_3} 𝕜 n)
          (@NormedAddCommGroup.toAddCommGroup.{max u_1 u_3} (EuclideanSpace.{u_1, u_3} 𝕜 n)
            (@PiLp.normedAddCommGroup.{u_3, u_1}
              (@OfNat.ofNat.{0} ENNReal (nat_lit 2)
                (@instOfNatAtLeastTwo.{0} ENNReal (nat_lit 2)
                  (@AddMonoidWithOne.toNatCast.{0} ENNReal
                    (@AddCommMonoidWithOne.toAddMonoidWithOne.{0} ENNReal ENNReal.instAddCommMonoidWithOne))
                  PiLp.innerProductSpace._proof_1))
              n (fun x => 𝕜) fact_one_le_two_ennreal inst_1 fun i =>
              @NonUnitalNormedRing.toNormedAddCommGroup.{u_1} 𝕜
                (@NonUnitalNormedCommRing.toNonUnitalNormedRing.{u_1} 𝕜
                  (@NormedCommRing.toNonUnitalNormedCommRing.{u_1} 𝕜
                    (@NormedField.toNormedCommRing.{u_1} 𝕜
                      (@DenselyNormedField.toNormedField.{u_1} 𝕜 (@RCLike.toDenselyNormedField.{u_1} 𝕜 inst))))))))
        (@NormedSpace.toModule.{u_1, max u_1 u_3} 𝕜 (EuclideanSpace.{u_1, u_3} 𝕜 n)
          (@DenselyNormedField.toNormedField.{u_1} 𝕜 (@RCLike.toDenselyNormedField.{u_1} 𝕜 inst))
          (@NormedAddCommGroup.toSeminormedAddCommGroup.{max u_1 u_3} (EuclideanSpace.{u_1, u_3} 𝕜 n)
            (@PiLp.normedAddCommGroup.{u_3, u_1}
              (@OfNat.ofNat.{0} ENNReal (nat_lit 2)
                (@instOfNatAtLeastTwo.{0} ENNReal (nat_lit 2)
                  (@AddMonoidWithOne.toNatCast.{0} ENNReal
                    (@AddCommMonoidWithOne.toAddMonoidWithOne.{0} ENNReal ENNReal.instAddCommMonoidWithOne))
                  PiLp.innerProductSpace._proof_1))
              n (fun x => 𝕜) fact_one_le_two_ennreal inst_1 fun i =>
              @NonUnitalNormedRing.toNormedAddCommGroup.{u_1} 𝕜
                (@NonUnitalNormedCommRing.toNonUnitalNormedRing.{u_1} 𝕜
                  (@NormedCommRing.toNonUnitalNormedCommRing.{u_1} 𝕜
                    (@NormedField.toNormedCommRing.{u_1} 𝕜
                      (@DenselyNormedField.toNormedField.{u_1} 𝕜 (@RCLike.toDenselyNormedField.{u_1} 𝕜 inst)))))))
          (@InnerProductSpace.toNormedSpace.{u_1, max u_1 u_3} 𝕜 (EuclideanSpace.{u_1, u_3} 𝕜 n) inst
            (@NormedAddCommGroup.toSeminormedAddCommGroup.{max u_1 u_3} (EuclideanSpace.{u_1, u_3} 𝕜 n)
              (@PiLp.normedAddCommGroup.{u_3, u_1}
                (@OfNat.ofNat.{0} ENNReal (nat_lit 2)
                  (@instOfNatAtLeastTwo.{0} ENNReal (nat_lit 2)
                    (@AddMonoidWithOne.toNatCast.{0} ENNReal
                      (@AddCommMonoidWithOne.toAddMonoidWithOne.{0} ENNReal ENNReal.instAddCommMonoidWithOne))
                    PiLp.innerProductSpace._proof_1))
                n (fun x => 𝕜) fact_one_le_two_ennreal inst_1 fun i =>
                @NonUnitalNormedRing.toNormedAddCommGroup.{u_1} 𝕜
                  (@NonUnitalNormedCommRing.toNonUnitalNormedRing.{u_1} 𝕜
                    (@NormedCommRing.toNonUnitalNormedCommRing.{u_1} 𝕜
                      (@NormedField.toNormedCommRing.{u_1} 𝕜
                        (@DenselyNormedField.toNormedField.{u_1} 𝕜 (@RCLike.toDenselyNormedField.{u_1} 𝕜 inst)))))))
            (@PiLp.innerProductSpace.{u_1, u_3, u_1} 𝕜 inst n inst_1 (fun x => 𝕜)
              (fun i =>
                @NonUnitalNormedRing.toNormedAddCommGroup.{u_1} 𝕜
                  (@NonUnitalNormedCommRing.toNonUnitalNormedRing.{u_1} 𝕜
                    (@NormedCommRing.toNonUnitalNormedCommRing.{u_1} 𝕜
                      (@NormedField.toNormedCommRing.{u_1} 𝕜
                        (@DenselyNormedField.toNormedField.{u_1} 𝕜 (@RCLike.toDenselyNormedField.{u_1} 𝕜 inst))))))
              fun i => @RCLike.innerProductSpace.{u_1} 𝕜 inst))))
      (@Matrix.instMulOfFintypeOfAddCommMonoid.{u_1, u_3} n 𝕜 inst_1
        (@Distrib.toMul.{u_1} 𝕜
          (@instDistribOfSemiring.{u_1} 𝕜
            (@DivisionSemiring.toSemiring.{u_1} 𝕜
              (@Semifield.toDivisionSemiring.{u_1} 𝕜
                (@Field.toSemifield.{u_1} 𝕜
                  (@NormedField.toField.{u_1} 𝕜
                    (@DenselyNormedField.toNormedField.{u_1} 𝕜 (@RCLike.toDenselyNormedField.{u_1} 𝕜 inst))))))))
        (@Semiring.toAddCommMonoid.{u_1} 𝕜
          (@DivisionSemiring.toSemiring.{u_1} 𝕜
            (@Semifield.toDivisionSemiring.{u_1} 𝕜
              (@Field.toSemifield.{u_1} 𝕜
                (@NormedField.toField.{u_1} 𝕜
                  (@DenselyNormedField.toNormedField.{u_1} 𝕜 (@RCLike.toDenselyNormedField.{u_1} 𝕜 inst))))))))
      (@LinearMap.instSMul.{u_1, u_1, u_1, max u_1 u_3, max u_1 u_3} 𝕜 𝕜 𝕜 (EuclideanSpace.{u_1, u_3} 𝕜 n)
        (EuclideanSpace.{u_1, u_3} 𝕜 n)
        (@DivisionSemiring.toSemiring.{u_1} 𝕜
          (@Semifield.toDivisionSemiring.{u_1} 𝕜
            (@Field.toSemifield.{u_1} 𝕜
              (@NormedField.toField.{u_1} 𝕜
                (@DenselyNormedField.toNormedField.{u_1} 𝕜 (@RCLike.toDenselyNormedField.{u_1} 𝕜 inst))))))
        (@DivisionSemiring.toSemiring.{u_1} 𝕜
          (@Semifield.toDivisionSemiring.{u_1} 𝕜
            (@Field.toSemifield.{u_1} 𝕜
              (@NormedField.toField.{u_1} 𝕜
                (@DenselyNormedField.toNormedField.{u_1} 𝕜 (@RCLike.toDenselyNormedField.{u_1} 𝕜 inst))))))
        (@AddCommGroup.toAddCommMonoid.{max u_1 u_3} (EuclideanSpace.{u_1, u_3} 𝕜 n)
          (@NormedAddCommGroup.toAddCommGroup.{max u_1 u_3} (EuclideanSpace.{u_1, u_3} 𝕜 n)
            (@PiLp.normedAddCommGroup.{u_3, u_1}
              (@OfNat.ofNat.{0} ENNReal (nat_lit 2)
                (@instOfNatAtLeastTwo.{0} ENNReal (nat_lit 2)
                  (@AddMonoidWithOne.toNatCast.{0} ENNReal
                    (@AddCommMonoidWithOne.toAddMonoidWithOne.{0} ENNReal ENNReal.instAddCommMonoidWithOne))
                  PiLp.innerProductSpace._proof_1))
              n (fun x => 𝕜) fact_one_le_two_ennreal inst_1 fun i =>
              @NonUnitalNormedRing.toNormedAddCommGroup.{u_1} 𝕜
                (@NonUnitalNormedCommRing.toNonUnitalNormedRing.{u_1} 𝕜
                  (@NormedCommRing.toNonUnitalNormedCommRing.{u_1} 𝕜
                    (@NormedField.toNormedCommRing.{u_1} 𝕜
                      (@DenselyNormedField.toNormedField.{u_1} 𝕜 (@RCLike.toDenselyNormedField.{u_1} 𝕜 inst))))))))
        (@AddCommGroup.toAddCommMonoid.{max u_1 u_3} (EuclideanSpace.{u_1, u_3} 𝕜 n)
          (@NormedAddCommGroup.toAddCommGroup.{max u_1 u_3} (EuclideanSpace.{u_1, u_3} 𝕜 n)
            (@PiLp.normedAddCommGroup.{u_3, u_1}
              (@OfNat.ofNat.{0} ENNReal (nat_lit 2)
                (@instOfNatAtLeastTwo.{0} ENNReal (nat_lit 2)
                  (@AddMonoidWithOne.toNatCast.{0} ENNReal
                    (@AddCommMonoidWithOne.toAddMonoidWithOne.{0} ENNReal ENNReal.instAddCommMonoidWithOne))
                  PiLp.innerProductSpace._proof_1))
              n (fun x => 𝕜) fact_one_le_two_ennreal inst_1 fun i =>
              @NonUnitalNormedRing.toNormedAddCommGroup.{u_1} 𝕜
                (@NonUnitalNormedCommRing.toNonUnitalNormedRing.{u_1} 𝕜
                  (@NormedCommRing.toNonUnitalNormedCommRing.{u_1} 𝕜
                    (@NormedField.toNormedCommRing.{u_1} 𝕜
                      (@DenselyNormedField.toNormedField.{u_1} 𝕜 (@RCLike.toDenselyNormedField.{u_1} 𝕜 inst))))))))
        (@NormedSpace.toModule.{u_1, max u_1 u_3} 𝕜 (EuclideanSpace.{u_1, u_3} 𝕜 n)
          (@DenselyNormedField.toNormedField.{u_1} 𝕜 (@RCLike.toDenselyNormedField.{u_1} 𝕜 inst))
          (@NormedAddCommGroup.toSeminormedAddCommGroup.{max u_1 u_3} (EuclideanSpace.{u_1, u_3} 𝕜 n)
            (@PiLp.normedAddCommGroup.{u_3, u_1}
              (@OfNat.ofNat.{0} ENNReal (nat_lit 2)
                (@instOfNatAtLeastTwo.{0} ENNReal (nat_lit 2)
                  (@AddMonoidWithOne.toNatCast.{0} ENNReal
                    (@AddCommMonoidWithOne.toAddMonoidWithOne.{0} ENNReal ENNReal.instAddCommMonoidWithOne))
                  PiLp.innerProductSpace._proof_1))
              n (fun x => 𝕜) fact_one_le_two_ennreal inst_1 fun i =>
              @NonUnitalNormedRing.toNormedAddCommGroup.{u_1} 𝕜
                (@NonUnitalNormedCommRing.toNonUnitalNormedRing.{u_1} 𝕜
                  (@NormedCommRing.toNonUnitalNormedCommRing.{u_1} 𝕜
                    (@NormedField.toNormedCommRing.{u_1} 𝕜
                      (@DenselyNormedField.toNormedField.{u_1} 𝕜 (@RCLike.toDenselyNormedField.{u_1} 𝕜 inst)))))))
          (@InnerProductSpace.toNormedSpace.{u_1, max u_1 u_3} 𝕜 (EuclideanSpace.{u_1, u_3} 𝕜 n) inst
            (@NormedAddCommGroup.toSeminormedAddCommGroup.{max u_1 u_3} (EuclideanSpace.{u_1, u_3} 𝕜 n)
              (@PiLp.normedAddCommGroup.{u_3, u_1}
                (@OfNat.ofNat.{0} ENNReal (nat_lit 2)
                  (@instOfNatAtLeastTwo.{0} ENNReal (nat_lit 2)
                    (@AddMonoidWithOne.toNatCast.{0} ENNReal
                      (@AddCommMonoidWithOne.toAddMonoidWithOne.{0} ENNReal ENNReal.instAddCommMonoidWithOne))
                    PiLp.innerProductSpace._proof_1))
                n (fun x => 𝕜) fact_one_le_two_ennreal inst_1 fun i =>
                @NonUnitalNormedRing.toNormedAddCommGroup.{u_1} 𝕜
                  (@NonUnitalNormedCommRing.toNonUnitalNormedRing.{u_1} 𝕜
                    (@NormedCommRing.toNonUnitalNormedCommRing.{u_1} 𝕜
                      (@NormedField.toNormedCommRing.{u_1} 𝕜
                        (@DenselyNormedField.toNormedField.{u_1} 𝕜 (@RCLike.toDenselyNormedField.{u_1} 𝕜 inst)))))))
            (@PiLp.innerProductSpace.{u_1, u_3, u_1} 𝕜 inst n inst_1 (fun x => 𝕜)
              (fun i =>
                @NonUnitalNormedRing.toNormedAddCommGroup.{u_1} 𝕜
                  (@NonUnitalNormedCommRing.toNonUnitalNormedRing.{u_1} 𝕜
                    (@NormedCommRing.toNonUnitalNormedCommRing.{u_1} 𝕜
                      (@NormedField.toNormedCommRing.{u_1} 𝕜
                        (@DenselyNormedField.toNormedField.{u_1} 𝕜 (@RCLike.toDenselyNormedField.{u_1} 𝕜 inst))))))
              fun i => @RCLike.innerProductSpace.{u_1} 𝕜 inst)))
        (@NormedSpace.toModule.{u_1, max u_1 u_3} 𝕜 (EuclideanSpace.{u_1, u_3} 𝕜 n)
          (@DenselyNormedField.toNormedField.{u_1} 𝕜 (@RCLike.toDenselyNormedField.{u_1} 𝕜 inst))
          (@NormedAddCommGroup.toSeminormedAddCommGroup.{max u_1 u_3} (EuclideanSpace.{u_1, u_3} 𝕜 n)
            (@PiLp.normedAddCommGroup.{u_3, u_1}
              (@OfNat.ofNat.{0} ENNReal (nat_lit 2)
                (@instOfNatAtLeastTwo.{0} ENNReal (nat_lit 2)
                  (@AddMonoidWithOne.toNatCast.{0} ENNReal
                    (@AddCommMonoidWithOne.toAddMonoidWithOne.{0} ENNReal ENNReal.instAddCommMonoidWithOne))
                  PiLp.innerProductSpace._proof_1))
              n (fun x => 𝕜) fact_one_le_two_ennreal inst_1 fun i =>
              @NonUnitalNormedRing.toNormedAddCommGroup.{u_1} 𝕜
                (@NonUnitalNormedCommRing.toNonUnitalNormedRing.{u_1} 𝕜
                  (@NormedCommRing.toNonUnitalNormedCommRing.{u_1} 𝕜
                    (@NormedField.toNormedCommRing.{u_1} 𝕜
                      (@DenselyNormedField.toNormedField.{u_1} 𝕜 (@RCLike.toDenselyNormedField.{u_1} 𝕜 inst)))))))
          (@InnerProductSpace.toNormedSpace.{u_1, max u_1 u_3} 𝕜 (EuclideanSpace.{u_1, u_3} 𝕜 n) inst
            (@NormedAddCommGroup.toSeminormedAddCommGroup.{max u_1 u_3} (EuclideanSpace.{u_1, u_3} 𝕜 n)
              (@PiLp.normedAddCommGroup.{u_3, u_1}
                (@OfNat.ofNat.{0} ENNReal (nat_lit 2)
                  (@instOfNatAtLeastTwo.{0} ENNReal (nat_lit 2)
                    (@AddMonoidWithOne.toNatCast.{0} ENNReal
                      (@AddCommMonoidWithOne.toAddMonoidWithOne.{0} ENNReal ENNReal.instAddCommMonoidWithOne))
                    PiLp.innerProductSpace._proof_1))
                n (fun x => 𝕜) fact_one_le_two_ennreal inst_1 fun i =>
                @NonUnitalNormedRing.toNormedAddCommGroup.{u_1} 𝕜
                  (@NonUnitalNormedCommRing.toNonUnitalNormedRing.{u_1} 𝕜
                    (@NormedCommRing.toNonUnitalNormedCommRing.{u_1} 𝕜
                      (@NormedField.toNormedCommRing.{u_1} 𝕜
                        (@DenselyNormedField.toNormedField.{u_1} 𝕜 (@RCLike.toDenselyNormedField.{u_1} 𝕜 inst)))))))
            (@PiLp.innerProductSpace.{u_1, u_3, u_1} 𝕜 inst n inst_1 (fun x => 𝕜)
              (fun i =>
                @NonUnitalNormedRing.toNormedAddCommGroup.{u_1} 𝕜
                  (@NonUnitalNormedCommRing.toNonUnitalNormedRing.{u_1} 𝕜
                    (@NormedCommRing.toNonUnitalNormedCommRing.{u_1} 𝕜
                      (@NormedField.toNormedCommRing.{u_1} 𝕜
                        (@DenselyNormedField.toNormedField.{u_1} 𝕜 (@RCLike.toDenselyNormedField.{u_1} 𝕜 inst))))))
              fun i => @RCLike.innerProductSpace.{u_1} 𝕜 inst)))
        (@RingHom.id.{u_1} 𝕜
          (@Semiring.toNonAssocSemiring.{u_1} 𝕜
            (@DivisionSemiring.toSemiring.{u_1} 𝕜
              (@Semifield.toDivisionSemiring.{u_1} 𝕜
                (@Field.toSemifield.{u_1} 𝕜
                  (@NormedField.toField.{u_1} 𝕜
                    (@DenselyNormedField.toNormedField.{u_1} 𝕜 (@RCLike.toDenselyNormedField.{u_1} 𝕜 inst))))))))
        (@DistribMulAction.toDistribSMul.{u_1, max u_1 u_3} 𝕜 (EuclideanSpace.{u_1, u_3} 𝕜 n)
          (@Semiring.toMonoid.{u_1} 𝕜
            (@DivisionSemiring.toSemiring.{u_1} 𝕜
              (@Semifield.toDivisionSemiring.{u_1} 𝕜
                (@Field.toSemifield.{u_1} 𝕜
                  (@NormedField.toField.{u_1} 𝕜
                    (@DenselyNormedField.toNormedField.{u_1} 𝕜 (@RCLike.toDenselyNormedField.{u_1} 𝕜 inst)))))))
          (@SubNegMonoid.toAddMonoid.{max u_1 u_3} (EuclideanSpace.{u_1, u_3} 𝕜 n)
            (@AddGroup.toSubNegMonoid.{max u_1 u_3} (EuclideanSpace.{u_1, u_3} 𝕜 n)
              (@AddCommGroup.toAddGroup.{max u_1 u_3} (EuclideanSpace.{u_1, u_3} 𝕜 n)
                (@NormedAddCommGroup.toAddCommGroup.{max u_1 u_3} (EuclideanSpace.{u_1, u_3} 𝕜 n)
                  (@PiLp.normedAddCommGroup.{u_3, u_1}
                    (@OfNat.ofNat.{0} ENNReal (nat_lit 2)
                      (@instOfNatAtLeastTwo.{0} ENNReal (nat_lit 2)
                        (@AddMonoidWithOne.toNatCast.{0} ENNReal
                          (@AddCommMonoidWithOne.toAddMonoidWithOne.{0} ENNReal ENNReal.instAddCommMonoidWithOne))
                        PiLp.innerProductSpace._proof_1))
                    n (fun x => 𝕜) fact_one_le_two_ennreal inst_1 fun i =>
                    @NonUnitalNormedRing.toNormedAddCommGroup.{u_1} 𝕜
                      (@NonUnitalNormedCommRing.toNonUnitalNormedRing.{u_1} 𝕜
                        (@NormedCommRing.toNonUnitalNormedCommRing.{u_1} 𝕜
                          (@NormedField.toNormedCommRing.{u_1} 𝕜
                            (@DenselyNormedField.toNormedField.{u_1} 𝕜
                              (@RCLike.toDenselyNormedField.{u_1} 𝕜 inst))))))))))
          (@Module.toDistribMulAction.{u_1, max u_1 u_3} 𝕜 (EuclideanSpace.{u_1, u_3} 𝕜 n)
            (@DivisionSemiring.toSemiring.{u_1} 𝕜
              (@Semifield.toDivisionSemiring.{u_1} 𝕜
                (@Field.toSemifield.{u_1} 𝕜
                  (@NormedField.toField.{u_1} 𝕜
                    (@DenselyNormedField.toNormedField.{u_1} 𝕜 (@RCLike.toDenselyNormedField.{u_1} 𝕜 inst))))))
            (@AddCommGroup.toAddCommMonoid.{max u_1 u_3} (EuclideanSpace.{u_1, u_3} 𝕜 n)
              (@NormedAddCommGroup.toAddCommGroup.{max u_1 u_3} (EuclideanSpace.{u_1, u_3} 𝕜 n)
                (@PiLp.normedAddCommGroup.{u_3, u_1}
                  (@OfNat.ofNat.{0} ENNReal (nat_lit 2)
                    (@instOfNatAtLeastTwo.{0} ENNReal (nat_lit 2)
                      (@AddMonoidWithOne.toNatCast.{0} ENNReal
                        (@AddCommMonoidWithOne.toAddMonoidWithOne.{0} ENNReal ENNReal.instAddCommMonoidWithOne))
                      PiLp.innerProductSpace._proof_1))
                  n (fun x => 𝕜) fact_one_le_two_ennreal inst_1 fun i =>
                  @NonUnitalNormedRing.toNormedAddCommGroup.{u_1} 𝕜
                    (@NonUnitalNormedCommRing.toNonUnitalNormedRing.{u_1} 𝕜
                      (@NormedCommRing.toNonUnitalNormedCommRing.{u_1} 𝕜
                        (@NormedField.toNormedCommRing.{u_1} 𝕜
                          (@DenselyNormedField.toNormedField.{u_1} 𝕜 (@RCLike.toDenselyNormedField.{u_1} 𝕜 inst))))))))
            (@NormedSpace.toModule.{u_1, max u_1 u_3} 𝕜 (EuclideanSpace.{u_1, u_3} 𝕜 n)
              (@DenselyNormedField.toNormedField.{u_1} 𝕜 (@RCLike.toDenselyNormedField.{u_1} 𝕜 inst))
              (@NormedAddCommGroup.toSeminormedAddCommGroup.{max u_1 u_3} (EuclideanSpace.{u_1, u_3} 𝕜 n)
                (@PiLp.normedAddCommGroup.{u_3, u_1}
                  (@OfNat.ofNat.{0} ENNReal (nat_lit 2)
                    (@instOfNatAtLeastTwo.{0} ENNReal (nat_lit 2)
                      (@AddMonoidWithOne.toNatCast.{0} ENNReal
                        (@AddCommMonoidWithOne.toAddMonoidWithOne.{0} ENNReal ENNReal.instAddCommMonoidWithOne))
                      PiLp.innerProductSpace._proof_1))
                  n (fun x => 𝕜) fact_one_le_two_ennreal inst_1 fun i =>
                  @NonUnitalNormedRing.toNormedAddCommGroup.{u_1} 𝕜
                    (@NonUnitalNormedCommRing.toNonUnitalNormedRing.{u_1} 𝕜
                      (@NormedCommRing.toNonUnitalNormedCommRing.{u_1} 𝕜
                        (@NormedField.toNormedCommRing.{u_1} 𝕜
                          (@DenselyNormedField.toNormedField.{u_1} 𝕜 (@RCLike.toDenselyNormedField.{u_1} 𝕜 inst)))))))
              (@InnerProductSpace.toNormedSpace.{u_1, max u_1 u_3} 𝕜 (EuclideanSpace.{u_1, u_3} 𝕜 n) inst
                (@NormedAddCommGroup.toSeminormedAddCommGroup.{max u_1 u_3} (EuclideanSpace.{u_1, u_3} 𝕜 n)
                  (@PiLp.normedAddCommGroup.{u_3, u_1}
                    (@OfNat.ofNat.{0} ENNReal (nat_lit 2)
                      (@instOfNatAtLeastTwo.{0} ENNReal (nat_lit 2)
                        (@AddMonoidWithOne.toNatCast.{0} ENNReal
                          (@AddCommMonoidWithOne.toAddMonoidWithOne.{0} ENNReal ENNReal.instAddCommMonoidWithOne))
                        PiLp.innerProductSpace._proof_1))
                    n (fun x => 𝕜) fact_one_le_two_ennreal inst_1 fun i =>
                    @NonUnitalNormedRing.toNormedAddCommGroup.{u_1} 𝕜
                      (@NonUnitalNormedCommRing.toNonUnitalNormedRing.{u_1} 𝕜
                        (@NormedCommRing.toNonUnitalNormedCommRing.{u_1} 𝕜
                          (@NormedField.toNormedCommRing.{u_1} 𝕜
                            (@DenselyNormedField.toNormedField.{u_1} 𝕜 (@RCLike.toDenselyNormedField.{u_1} 𝕜 inst)))))))
                (@PiLp.innerProductSpace.{u_1, u_3, u_1} 𝕜 inst n inst_1 (fun x => 𝕜)
                  (fun i =>
                    @NonUnitalNormedRing.toNormedAddCommGroup.{u_1} 𝕜
                      (@NonUnitalNormedCommRing.toNonUnitalNormedRing.{u_1} 𝕜
                        (@NormedCommRing.toNonUnitalNormedCommRing.{u_1} 𝕜
                          (@NormedField.toNormedCommRing.{u_1} 𝕜
                            (@DenselyNormedField.toNormedField.{u_1} 𝕜 (@RCLike.toDenselyNormedField.{u_1} 𝕜 inst))))))
                  fun i => @RCLike.innerProductSpace.{u_1} 𝕜 inst)))))
        ⋯)
      (@Matrix.smul.{u_1, u_3, u_3, u_1} n n 𝕜 𝕜
        (@instSMulOfMul.{u_1} 𝕜
          (@Distrib.toMul.{u_1} 𝕜
            (@instDistribOfSemiring.{u_1} 𝕜
              (@DivisionSemiring.toSemiring.{u_1} 𝕜
                (@Semifield.toDivisionSemiring.{u_1} 𝕜
                  (@Field.toSemifield.{u_1} 𝕜
                    (@NormedField.toField.{u_1} 𝕜
                      (@DenselyNormedField.toNormedField.{u_1} 𝕜 (@RCLike.toDenselyNormedField.{u_1} 𝕜 inst))))))))))
      (@LinearMap.instStarId.{u_1, max u_1 u_3} 𝕜 (EuclideanSpace.{u_1, u_3} 𝕜 n) inst
        (@PiLp.normedAddCommGroup.{u_3, u_1}
          (@OfNat.ofNat.{0} ENNReal (nat_lit 2)
            (@instOfNatAtLeastTwo.{0} ENNReal (nat_lit 2)
              (@AddMonoidWithOne.toNatCast.{0} ENNReal
                (@AddCommMonoidWithOne.toAddMonoidWithOne.{0} ENNReal ENNReal.instAddCommMonoidWithOne))
              PiLp.innerProductSpace._proof_1))
          n (fun x => 𝕜) fact_one_le_two_ennreal inst_1 fun i =>
          @NonUnitalNormedRing.toNormedAddCommGroup.{u_1} 𝕜
            (@NonUnitalNormedCommRing.toNonUnitalNormedRing.{u_1} 𝕜
              (@NormedCommRing.toNonUnitalNormedCommRing.{u_1} 𝕜
                (@NormedField.toNormedCommRing.{u_1} 𝕜
                  (@DenselyNormedField.toNormedField.{u_1} 𝕜 (@RCLike.toDenselyNormedField.{u_1} 𝕜 inst))))))
        (@PiLp.innerProductSpace.{u_1, u_3, u_1} 𝕜 inst n inst_1 (fun x => 𝕜)
          (fun i =>
            @NonUnitalNormedRing.toNormedAddCommGroup.{u_1} 𝕜
              (@NonUnitalNormedCommRing.toNonUnitalNormedRing.{u_1} 𝕜
                (@NormedCommRing.toNonUnitalNormedCommRing.{u_1} 𝕜
                  (@NormedField.toNormedCommRing.{u_1} 𝕜
                    (@DenselyNormedField.toNormedField.{u_1} 𝕜 (@RCLike.toDenselyNormedField.{u_1} 𝕜 inst))))))
          ⋯)
        ⋯)
      ⋯ ⋯)
    ⋯
def CFC.sqrt.{u_1} : {A : Type u_1} →
  [inst : PartialOrder.{u_1} A] →
    [inst_1 : NonUnitalRing.{u_1} A] →
      [inst_2 : TopologicalSpace.{u_1} A] →
        [inst_3 :
            @StarRing.{u_1} A
              (@NonUnitalNonAssocRing.toNonUnitalNonAssocSemiring.{u_1} A
                (@NonUnitalRing.toNonUnitalNonAssocRing.{u_1} A inst_1))] →
          [inst_4 :
              @Module.{0, u_1} Real A Real.semiring
                (@NonUnitalNonAssocSemiring.toAddCommMonoid.{u_1} A
                  (@NonUnitalNonAssocRing.toNonUnitalNonAssocSemiring.{u_1} A
                    (@NonUnitalRing.toNonUnitalNonAssocRing.{u_1} A inst_1)))] →
            [inst_5 :
                @SMulCommClass.{0, u_1, u_1} Real A A
                  (@SMulZeroClass.toSMul.{0, u_1} Real A
                    (@AddZero.toZero.{u_1} A
                      (@AddZeroClass.toAddZero.{u_1} A
                        (@AddMonoid.toAddZeroClass.{u_1} A
                          (@SubNegMonoid.toAddMonoid.{u_1} A
                            (@AddGroup.toSubNegMonoid.{u_1} A
                              (@AddCommGroup.toAddGroup.{u_1} A
                                (@NonUnitalNonAssocRing.toAddCommGroup.{u_1} A
                                  (@NonUnitalRing.toNonUnitalNonAssocRing.{u_1} A inst_1))))))))
                    (@DistribSMul.toSMulZeroClass.{0, u_1} Real A
                      (@AddMonoid.toAddZeroClass.{u_1} A
                        (@SubNegMonoid.toAddMonoid.{u_1} A
                          (@AddGroup.toSubNegMonoid.{u_1} A
                            (@AddCommGroup.toAddGroup.{u_1} A
                              (@NonUnitalNonAssocRing.toAddCommGroup.{u_1} A
                                (@NonUnitalRing.toNonUnitalNonAssocRing.{u_1} A inst_1))))))
                      (@DistribMulAction.toDistribSMul.{0, u_1} Real A Real.instMonoid
                        (@SubNegMonoid.toAddMonoid.{u_1} A
                          (@AddGroup.toSubNegMonoid.{u_1} A
                            (@AddCommGroup.toAddGroup.{u_1} A
                              (@NonUnitalNonAssocRing.toAddCommGroup.{u_1} A
                                (@NonUnitalRing.toNonUnitalNonAssocRing.{u_1} A inst_1)))))
                        (@Module.toDistribMulAction.{0, u_1} Real A Real.semiring
                          (@NonUnitalNonAssocSemiring.toAddCommMonoid.{u_1} A
                            (@NonUnitalNonAssocRing.toNonUnitalNonAssocSemiring.{u_1} A
                              (@NonUnitalRing.toNonUnitalNonAssocRing.{u_1} A inst_1)))
                          inst_4))))
                  (@instSMulOfMul.{u_1} A
                    (@Distrib.toMul.{u_1} A
                      (@NonUnitalNonAssocSemiring.toDistrib.{u_1} A
                        (@NonUnitalNonAssocRing.toNonUnitalNonAssocSemiring.{u_1} A
                          (@NonUnitalRing.toNonUnitalNonAssocRing.{u_1} A inst_1)))))] →
              [inst_6 :
                  @IsScalarTower.{0, u_1, u_1} Real A A
                    (@SMulZeroClass.toSMul.{0, u_1} Real A
                      (@AddZero.toZero.{u_1} A
                        (@AddZeroClass.toAddZero.{u_1} A
                          (@AddMonoid.toAddZeroClass.{u_1} A
                            (@SubNegMonoid.toAddMonoid.{u_1} A
                              (@AddGroup.toSubNegMonoid.{u_1} A
                                (@AddCommGroup.toAddGroup.{u_1} A
                                  (@NonUnitalNonAssocRing.toAddCommGroup.{u_1} A
                                    (@NonUnitalRing.toNonUnitalNonAssocRing.{u_1} A inst_1))))))))
                      (@DistribSMul.toSMulZeroClass.{0, u_1} Real A
                        (@AddMonoid.toAddZeroClass.{u_1} A
                          (@SubNegMonoid.toAddMonoid.{u_1} A
                            (@AddGroup.toSubNegMonoid.{u_1} A
                              (@AddCommGroup.toAddGroup.{u_1} A
                                (@NonUnitalNonAssocRing.toAddCommGroup.{u_1} A
                                  (@NonUnitalRing.toNonUnitalNonAssocRing.{u_1} A inst_1))))))
                        (@DistribMulAction.toDistribSMul.{0, u_1} Real A Real.instMonoid
                          (@SubNegMonoid.toAddMonoid.{u_1} A
                            (@AddGroup.toSubNegMonoid.{u_1} A
                              (@AddCommGroup.toAddGroup.{u_1} A
                                (@NonUnitalNonAssocRing.toAddCommGroup.{u_1} A
                                  (@NonUnitalRing.toNonUnitalNonAssocRing.{u_1} A inst_1)))))
                          (@Module.toDistribMulAction.{0, u_1} Real A Real.semiring
                            (@NonUnitalNonAssocSemiring.toAddCommMonoid.{u_1} A
                              (@NonUnitalNonAssocRing.toNonUnitalNonAssocSemiring.{u_1} A
                                (@NonUnitalRing.toNonUnitalNonAssocRing.{u_1} A inst_1)))
                            inst_4))))
                    (@instSMulOfMul.{u_1} A
                      (@Distrib.toMul.{u_1} A
                        (@NonUnitalNonAssocSemiring.toDistrib.{u_1} A
                          (@NonUnitalNonAssocRing.toNonUnitalNonAssocSemiring.{u_1} A
                            (@NonUnitalRing.toNonUnitalNonAssocRing.{u_1} A inst_1)))))
                    (@SMulZeroClass.toSMul.{0, u_1} Real A
                      (@AddZero.toZero.{u_1} A
                        (@AddZeroClass.toAddZero.{u_1} A
                          (@AddMonoid.toAddZeroClass.{u_1} A
                            (@SubNegMonoid.toAddMonoid.{u_1} A
                              (@AddGroup.toSubNegMonoid.{u_1} A
                                (@AddCommGroup.toAddGroup.{u_1} A
                                  (@NonUnitalNonAssocRing.toAddCommGroup.{u_1} A
                                    (@NonUnitalRing.toNonUnitalNonAssocRing.{u_1} A inst_1))))))))
                      (@DistribSMul.toSMulZeroClass.{0, u_1} Real A
                        (@AddMonoid.toAddZeroClass.{u_1} A
                          (@SubNegMonoid.toAddMonoid.{u_1} A
                            (@AddGroup.toSubNegMonoid.{u_1} A
                              (@AddCommGroup.toAddGroup.{u_1} A
                                (@NonUnitalNonAssocRing.toAddCommGroup.{u_1} A
                                  (@NonUnitalRing.toNonUnitalNonAssocRing.{u_1} A inst_1))))))
                        (@DistribMulAction.toDistribSMul.{0, u_1} Real A Real.instMonoid
                          (@SubNegMonoid.toAddMonoid.{u_1} A
                            (@AddGroup.toSubNegMonoid.{u_1} A
                              (@AddCommGroup.toAddGroup.{u_1} A
                                (@NonUnitalNonAssocRing.toAddCommGroup.{u_1} A
                                  (@NonUnitalRing.toNonUnitalNonAssocRing.{u_1} A inst_1)))))
                          (@Module.toDistribMulAction.{0, u_1} Real A Real.semiring
                            (@NonUnitalNonAssocSemiring.toAddCommMonoid.{u_1} A
                              (@NonUnitalNonAssocRing.toNonUnitalNonAssocSemiring.{u_1} A
                                (@NonUnitalRing.toNonUnitalNonAssocRing.{u_1} A inst_1)))
                            inst_4))))] →
                [@StarOrderedRing.{u_1} A (@NonUnitalRing.toNonUnitalSemiring.{u_1} A inst_1) inst inst_3] →
                  [@NonUnitalContinuousFunctionalCalculus.{0, u_1} Real A
                        (@IsSelfAdjoint.{u_1} A
                          (@InvolutiveStar.toStar.{u_1} A
                            (@StarAddMonoid.toInvolutiveStar.{u_1} A
                              (@AddCommMonoid.toAddMonoid.{u_1} A
                                (@NonUnitalNonAssocSemiring.toAddCommMonoid.{u_1} A
                                  (@NonUnitalNonAssocRing.toNonUnitalNonAssocSemiring.{u_1} A
                                    (@NonUnitalRing.toNonUnitalNonAssocRing.{u_1} A inst_1))))
                              (@StarRing.toStarAddMonoid.{u_1} A
                                (@NonUnitalNonAssocRing.toNonUnitalNonAssocSemiring.{u_1} A
                                  (@NonUnitalRing.toNonUnitalNonAssocRing.{u_1} A inst_1))
                                inst_3))))
                        Real.instCommSemiring Real.instNontrivial instStarRingReal Real.metricSpace ⋯
                        instContinuousStarReal inst_1 inst_3 inst_2 inst_4 inst_6 inst_5] →
                    [@NonnegSpectrumClass.{0, u_1} Real A Real.instCommSemiring Real.partialOrder inst_1 inst inst_4] →
                      A → A :=
fun {A} [inst : PartialOrder.{u_1} A] [inst_1 : NonUnitalRing.{u_1} A] [inst_2 : TopologicalSpace.{u_1} A]
    [inst_3 :
      @StarRing.{u_1} A
        (@NonUnitalNonAssocRing.toNonUnitalNonAssocSemiring.{u_1} A
          (@NonUnitalRing.toNonUnitalNonAssocRing.{u_1} A inst_1))]
    [inst_4 :
      @Module.{0, u_1} Real A Real.semiring
        (@NonUnitalNonAssocSemiring.toAddCommMonoid.{u_1} A
          (@NonUnitalNonAssocRing.toNonUnitalNonAssocSemiring.{u_1} A
            (@NonUnitalRing.toNonUnitalNonAssocRing.{u_1} A inst_1)))]
    [@SMulCommClass.{0, u_1, u_1} Real A A
        (@SMulZeroClass.toSMul.{0, u_1} Real A
          (@AddZero.toZero.{u_1} A
            (@AddZeroClass.toAddZero.{u_1} A
              (@AddMonoid.toAddZeroClass.{u_1} A
                (@SubNegMonoid.toAddMonoid.{u_1} A
                  (@AddGroup.toSubNegMonoid.{u_1} A
                    (@AddCommGroup.toAddGroup.{u_1} A
                      (@NonUnitalNonAssocRing.toAddCommGroup.{u_1} A
                        (@NonUnitalRing.toNonUnitalNonAssocRing.{u_1} A inst_1))))))))
          (@DistribSMul.toSMulZeroClass.{0, u_1} Real A
            (@AddMonoid.toAddZeroClass.{u_1} A
              (@SubNegMonoid.toAddMonoid.{u_1} A
                (@AddGroup.toSubNegMonoid.{u_1} A
                  (@AddCommGroup.toAddGroup.{u_1} A
                    (@NonUnitalNonAssocRing.toAddCommGroup.{u_1} A
                      (@NonUnitalRing.toNonUnitalNonAssocRing.{u_1} A inst_1))))))
            (@DistribMulAction.toDistribSMul.{0, u_1} Real A Real.instMonoid
              (@SubNegMonoid.toAddMonoid.{u_1} A
                (@AddGroup.toSubNegMonoid.{u_1} A
                  (@AddCommGroup.toAddGroup.{u_1} A
                    (@NonUnitalNonAssocRing.toAddCommGroup.{u_1} A
                      (@NonUnitalRing.toNonUnitalNonAssocRing.{u_1} A inst_1)))))
              (@Module.toDistribMulAction.{0, u_1} Real A Real.semiring
                (@NonUnitalNonAssocSemiring.toAddCommMonoid.{u_1} A
                  (@NonUnitalNonAssocRing.toNonUnitalNonAssocSemiring.{u_1} A
                    (@NonUnitalRing.toNonUnitalNonAssocRing.{u_1} A inst_1)))
                inst_4))))
        (@instSMulOfMul.{u_1} A
          (@Distrib.toMul.{u_1} A
            (@NonUnitalNonAssocSemiring.toDistrib.{u_1} A
              (@NonUnitalNonAssocRing.toNonUnitalNonAssocSemiring.{u_1} A
                (@NonUnitalRing.toNonUnitalNonAssocRing.{u_1} A inst_1)))))]
    [@IsScalarTower.{0, u_1, u_1} Real A A
        (@SMulZeroClass.toSMul.{0, u_1} Real A
          (@AddZero.toZero.{u_1} A
            (@AddZeroClass.toAddZero.{u_1} A
              (@AddMonoid.toAddZeroClass.{u_1} A
                (@SubNegMonoid.toAddMonoid.{u_1} A
                  (@AddGroup.toSubNegMonoid.{u_1} A
                    (@AddCommGroup.toAddGroup.{u_1} A
                      (@NonUnitalNonAssocRing.toAddCommGroup.{u_1} A
                        (@NonUnitalRing.toNonUnitalNonAssocRing.{u_1} A inst_1))))))))
          (@DistribSMul.toSMulZeroClass.{0, u_1} Real A
            (@AddMonoid.toAddZeroClass.{u_1} A
              (@SubNegMonoid.toAddMonoid.{u_1} A
                (@AddGroup.toSubNegMonoid.{u_1} A
                  (@AddCommGroup.toAddGroup.{u_1} A
                    (@NonUnitalNonAssocRing.toAddCommGroup.{u_1} A
                      (@NonUnitalRing.toNonUnitalNonAssocRing.{u_1} A inst_1))))))
            (@DistribMulAction.toDistribSMul.{0, u_1} Real A Real.instMonoid
              (@SubNegMonoid.toAddMonoid.{u_1} A
                (@AddGroup.toSubNegMonoid.{u_1} A
                  (@AddCommGroup.toAddGroup.{u_1} A
                    (@NonUnitalNonAssocRing.toAddCommGroup.{u_1} A
                      (@NonUnitalRing.toNonUnitalNonAssocRing.{u_1} A inst_1)))))
              (@Module.toDistribMulAction.{0, u_1} Real A Real.semiring
                (@NonUnitalNonAssocSemiring.toAddCommMonoid.{u_1} A
                  (@NonUnitalNonAssocRing.toNonUnitalNonAssocSemiring.{u_1} A
                    (@NonUnitalRing.toNonUnitalNonAssocRing.{u_1} A inst_1)))
                inst_4))))
        (@instSMulOfMul.{u_1} A
          (@Distrib.toMul.{u_1} A
            (@NonUnitalNonAssocSemiring.toDistrib.{u_1} A
              (@NonUnitalNonAssocRing.toNonUnitalNonAssocSemiring.{u_1} A
                (@NonUnitalRing.toNonUnitalNonAssocRing.{u_1} A inst_1)))))
        (@SMulZeroClass.toSMul.{0, u_1} Real A
          (@AddZero.toZero.{u_1} A
            (@AddZeroClass.toAddZero.{u_1} A
              (@AddMonoid.toAddZeroClass.{u_1} A
                (@SubNegMonoid.toAddMonoid.{u_1} A
                  (@AddGroup.toSubNegMonoid.{u_1} A
                    (@AddCommGroup.toAddGroup.{u_1} A
                      (@NonUnitalNonAssocRing.toAddCommGroup.{u_1} A
                        (@NonUnitalRing.toNonUnitalNonAssocRing.{u_1} A inst_1))))))))
          (@DistribSMul.toSMulZeroClass.{0, u_1} Real A
            (@AddMonoid.toAddZeroClass.{u_1} A
              (@SubNegMonoid.toAddMonoid.{u_1} A
                (@AddGroup.toSubNegMonoid.{u_1} A
                  (@AddCommGroup.toAddGroup.{u_1} A
                    (@NonUnitalNonAssocRing.toAddCommGroup.{u_1} A
                      (@NonUnitalRing.toNonUnitalNonAssocRing.{u_1} A inst_1))))))
            (@DistribMulAction.toDistribSMul.{0, u_1} Real A Real.instMonoid
              (@SubNegMonoid.toAddMonoid.{u_1} A
                (@AddGroup.toSubNegMonoid.{u_1} A
                  (@AddCommGroup.toAddGroup.{u_1} A
                    (@NonUnitalNonAssocRing.toAddCommGroup.{u_1} A
                      (@NonUnitalRing.toNonUnitalNonAssocRing.{u_1} A inst_1)))))
              (@Module.toDistribMulAction.{0, u_1} Real A Real.semiring
                (@NonUnitalNonAssocSemiring.toAddCommMonoid.{u_1} A
                  (@NonUnitalNonAssocRing.toNonUnitalNonAssocSemiring.{u_1} A
                    (@NonUnitalRing.toNonUnitalNonAssocRing.{u_1} A inst_1)))
                inst_4))))]
    [@StarOrderedRing.{u_1} A (@NonUnitalRing.toNonUnitalSemiring.{u_1} A inst_1) inst inst_3]
    [@NonUnitalContinuousFunctionalCalculus.{0, u_1} Real A
        (@IsSelfAdjoint.{u_1} A
          (@InvolutiveStar.toStar.{u_1} A
            (@StarAddMonoid.toInvolutiveStar.{u_1} A
              (@AddCommMonoid.toAddMonoid.{u_1} A
                (@NonUnitalNonAssocSemiring.toAddCommMonoid.{u_1} A
                  (@NonUnitalNonAssocRing.toNonUnitalNonAssocSemiring.{u_1} A
                    (@NonUnitalRing.toNonUnitalNonAssocRing.{u_1} A inst_1))))
              (@StarRing.toStarAddMonoid.{u_1} A
                (@NonUnitalNonAssocRing.toNonUnitalNonAssocSemiring.{u_1} A
                  (@NonUnitalRing.toNonUnitalNonAssocRing.{u_1} A inst_1))
                inst_3))))
        Real.instCommSemiring Real.instNontrivial instStarRingReal Real.metricSpace CFC.nnrpow._proof_1
        instContinuousStarReal inst_1 inst_3 inst_2 inst_4 inst_6 inst_5]
    [@NonnegSpectrumClass.{0, u_1} Real A Real.instCommSemiring Real.partialOrder inst_1 inst inst_4] a =>
  @cfcₙ.{0, u_1} NNReal A
    (fun x =>
      @LE.le.{u_1} A (@Preorder.toLE.{u_1} A (@PartialOrder.toPreorder.{u_1} A inst))
        (@OfNat.ofNat.{u_1} A (nat_lit 0)
          (@Zero.toOfNat0.{u_1} A
            (@MulZeroClass.toZero.{u_1} A
              (@NonUnitalNonAssocSemiring.toMulZeroClass.{u_1} A
                (@NonUnitalNonAssocRing.toNonUnitalNonAssocSemiring.{u_1} A
                  (@NonUnitalRing.toNonUnitalNonAssocRing.{u_1} A inst_1))))))
        x)
    NNReal.instCommSemiring NNReal.instNontrivial instStarRingNNReal instMetricSpaceNNReal
    NNReal.instIsTopologicalSemiring NNReal.instContinuousStar inst_1 inst_3 inst_2
    (@NNReal.instModuleOfReal.{u_1} A
      (@NonUnitalNonAssocSemiring.toAddCommMonoid.{u_1} A
        (@NonUnitalNonAssocRing.toNonUnitalNonAssocSemiring.{u_1} A
          (@NonUnitalRing.toNonUnitalNonAssocRing.{u_1} A inst_1)))
      inst_4)
    ⋯ ⋯ ⋯
    (@DFunLike.coe.{1, 1, 1}
      (@OrderIso.{0, 0} NNReal NNReal
        (@Preorder.toLE.{0} NNReal (@PartialOrder.toPreorder.{0} NNReal NNReal.instPartialOrder))
        (@Preorder.toLE.{0} NNReal (@PartialOrder.toPreorder.{0} NNReal NNReal.instPartialOrder)))
      NNReal (fun x => NNReal)
      (@instFunLikeOrderIso.{0, 0} NNReal NNReal
        (@Preorder.toLE.{0} NNReal (@PartialOrder.toPreorder.{0} NNReal NNReal.instPartialOrder))
        (@Preorder.toLE.{0} NNReal (@PartialOrder.toPreorder.{0} NNReal NNReal.instPartialOrder)))
      NNReal.sqrt)
    a
def CFC.abs.{u_2} : {A : Type u_2} →
  [inst : NonUnitalRing.{u_2} A] →
    [inst_1 :
        @StarRing.{u_2} A
          (@NonUnitalNonAssocRing.toNonUnitalNonAssocSemiring.{u_2} A
            (@NonUnitalRing.toNonUnitalNonAssocRing.{u_2} A inst))] →
      [inst_2 : TopologicalSpace.{u_2} A] →
        [inst_3 :
            @Module.{0, u_2} Real A Real.semiring
              (@NonUnitalNonAssocSemiring.toAddCommMonoid.{u_2} A
                (@NonUnitalNonAssocRing.toNonUnitalNonAssocSemiring.{u_2} A
                  (@NonUnitalRing.toNonUnitalNonAssocRing.{u_2} A inst)))] →
          [inst_4 :
              @SMulCommClass.{0, u_2, u_2} Real A A
                (@SMulZeroClass.toSMul.{0, u_2} Real A
                  (@AddZero.toZero.{u_2} A
                    (@AddZeroClass.toAddZero.{u_2} A
                      (@AddMonoid.toAddZeroClass.{u_2} A
                        (@SubNegMonoid.toAddMonoid.{u_2} A
                          (@AddGroup.toSubNegMonoid.{u_2} A
                            (@AddCommGroup.toAddGroup.{u_2} A
                              (@NonUnitalNonAssocRing.toAddCommGroup.{u_2} A
                                (@NonUnitalRing.toNonUnitalNonAssocRing.{u_2} A inst))))))))
                  (@DistribSMul.toSMulZeroClass.{0, u_2} Real A
                    (@AddMonoid.toAddZeroClass.{u_2} A
                      (@SubNegMonoid.toAddMonoid.{u_2} A
                        (@AddGroup.toSubNegMonoid.{u_2} A
                          (@AddCommGroup.toAddGroup.{u_2} A
                            (@NonUnitalNonAssocRing.toAddCommGroup.{u_2} A
                              (@NonUnitalRing.toNonUnitalNonAssocRing.{u_2} A inst))))))
                    (@DistribMulAction.toDistribSMul.{0, u_2} Real A Real.instMonoid
                      (@SubNegMonoid.toAddMonoid.{u_2} A
                        (@AddGroup.toSubNegMonoid.{u_2} A
                          (@AddCommGroup.toAddGroup.{u_2} A
                            (@NonUnitalNonAssocRing.toAddCommGroup.{u_2} A
                              (@NonUnitalRing.toNonUnitalNonAssocRing.{u_2} A inst)))))
                      (@Module.toDistribMulAction.{0, u_2} Real A Real.semiring
                        (@NonUnitalNonAssocSemiring.toAddCommMonoid.{u_2} A
                          (@NonUnitalNonAssocRing.toNonUnitalNonAssocSemiring.{u_2} A
                            (@NonUnitalRing.toNonUnitalNonAssocRing.{u_2} A inst)))
                        inst_3))))
                (@instSMulOfMul.{u_2} A
                  (@Distrib.toMul.{u_2} A
                    (@NonUnitalNonAssocSemiring.toDistrib.{u_2} A
                      (@NonUnitalNonAssocRing.toNonUnitalNonAssocSemiring.{u_2} A
                        (@NonUnitalRing.toNonUnitalNonAssocRing.{u_2} A inst)))))] →
            [inst_5 :
                @IsScalarTower.{0, u_2, u_2} Real A A
                  (@SMulZeroClass.toSMul.{0, u_2} Real A
                    (@AddZero.toZero.{u_2} A
                      (@AddZeroClass.toAddZero.{u_2} A
                        (@AddMonoid.toAddZeroClass.{u_2} A
                          (@SubNegMonoid.toAddMonoid.{u_2} A
                            (@AddGroup.toSubNegMonoid.{u_2} A
                              (@AddCommGroup.toAddGroup.{u_2} A
                                (@NonUnitalNonAssocRing.toAddCommGroup.{u_2} A
                                  (@NonUnitalRing.toNonUnitalNonAssocRing.{u_2} A inst))))))))
                    (@DistribSMul.toSMulZeroClass.{0, u_2} Real A
                      (@AddMonoid.toAddZeroClass.{u_2} A
                        (@SubNegMonoid.toAddMonoid.{u_2} A
                          (@AddGroup.toSubNegMonoid.{u_2} A
                            (@AddCommGroup.toAddGroup.{u_2} A
                              (@NonUnitalNonAssocRing.toAddCommGroup.{u_2} A
                                (@NonUnitalRing.toNonUnitalNonAssocRing.{u_2} A inst))))))
                      (@DistribMulAction.toDistribSMul.{0, u_2} Real A Real.instMonoid
                        (@SubNegMonoid.toAddMonoid.{u_2} A
                          (@AddGroup.toSubNegMonoid.{u_2} A
                            (@AddCommGroup.toAddGroup.{u_2} A
                              (@NonUnitalNonAssocRing.toAddCommGroup.{u_2} A
                                (@NonUnitalRing.toNonUnitalNonAssocRing.{u_2} A inst)))))
                        (@Module.toDistribMulAction.{0, u_2} Real A Real.semiring
                          (@NonUnitalNonAssocSemiring.toAddCommMonoid.{u_2} A
                            (@NonUnitalNonAssocRing.toNonUnitalNonAssocSemiring.{u_2} A
                              (@NonUnitalRing.toNonUnitalNonAssocRing.{u_2} A inst)))
                          inst_3))))
                  (@instSMulOfMul.{u_2} A
                    (@Distrib.toMul.{u_2} A
                      (@NonUnitalNonAssocSemiring.toDistrib.{u_2} A
                        (@NonUnitalNonAssocRing.toNonUnitalNonAssocSemiring.{u_2} A
                          (@NonUnitalRing.toNonUnitalNonAssocRing.{u_2} A inst)))))
                  (@SMulZeroClass.toSMul.{0, u_2} Real A
                    (@AddZero.toZero.{u_2} A
                      (@AddZeroClass.toAddZero.{u_2} A
                        (@AddMonoid.toAddZeroClass.{u_2} A
                          (@SubNegMonoid.toAddMonoid.{u_2} A
                            (@AddGroup.toSubNegMonoid.{u_2} A
                              (@AddCommGroup.toAddGroup.{u_2} A
                                (@NonUnitalNonAssocRing.toAddCommGroup.{u_2} A
                                  (@NonUnitalRing.toNonUnitalNonAssocRing.{u_2} A inst))))))))
                    (@DistribSMul.toSMulZeroClass.{0, u_2} Real A
                      (@AddMonoid.toAddZeroClass.{u_2} A
                        (@SubNegMonoid.toAddMonoid.{u_2} A
                          (@AddGroup.toSubNegMonoid.{u_2} A
                            (@AddCommGroup.toAddGroup.{u_2} A
                              (@NonUnitalNonAssocRing.toAddCommGroup.{u_2} A
                                (@NonUnitalRing.toNonUnitalNonAssocRing.{u_2} A inst))))))
                      (@DistribMulAction.toDistribSMul.{0, u_2} Real A Real.instMonoid
                        (@SubNegMonoid.toAddMonoid.{u_2} A
                          (@AddGroup.toSubNegMonoid.{u_2} A
                            (@AddCommGroup.toAddGroup.{u_2} A
                              (@NonUnitalNonAssocRing.toAddCommGroup.{u_2} A
                                (@NonUnitalRing.toNonUnitalNonAssocRing.{u_2} A inst)))))
                        (@Module.toDistribMulAction.{0, u_2} Real A Real.semiring
                          (@NonUnitalNonAssocSemiring.toAddCommMonoid.{u_2} A
                            (@NonUnitalNonAssocRing.toNonUnitalNonAssocSemiring.{u_2} A
                              (@NonUnitalRing.toNonUnitalNonAssocRing.{u_2} A inst)))
                          inst_3))))] →
              [@NonUnitalContinuousFunctionalCalculus.{0, u_2} Real A
                    (@IsSelfAdjoint.{u_2} A
                      (@InvolutiveStar.toStar.{u_2} A
                        (@StarAddMonoid.toInvolutiveStar.{u_2} A
                          (@AddCommMonoid.toAddMonoid.{u_2} A
                            (@NonUnitalNonAssocSemiring.toAddCommMonoid.{u_2} A
                              (@NonUnitalNonAssocRing.toNonUnitalNonAssocSemiring.{u_2} A
                                (@NonUnitalRing.toNonUnitalNonAssocRing.{u_2} A inst))))
                          (@StarRing.toStarAddMonoid.{u_2} A
                            (@NonUnitalNonAssocRing.toNonUnitalNonAssocSemiring.{u_2} A
                              (@NonUnitalRing.toNonUnitalNonAssocRing.{u_2} A inst))
                            inst_1))))
                    Real.instCommSemiring Real.instNontrivial instStarRingReal Real.metricSpace ⋯ instContinuousStarReal
                    inst inst_1 inst_2 inst_3 inst_5 inst_4] →
                [inst_7 : PartialOrder.{u_2} A] →
                  [@StarOrderedRing.{u_2} A (@NonUnitalRing.toNonUnitalSemiring.{u_2} A inst) inst_7 inst_1] →
                    [@NonnegSpectrumClass.{0, u_2} Real A Real.instCommSemiring Real.partialOrder inst inst_7 inst_3] →
                      A → A :=
fun {A} [inst : NonUnitalRing.{u_2} A]
    [inst_1 :
      @StarRing.{u_2} A
        (@NonUnitalNonAssocRing.toNonUnitalNonAssocSemiring.{u_2} A
          (@NonUnitalRing.toNonUnitalNonAssocRing.{u_2} A inst))]
    [inst_2 : TopologicalSpace.{u_2} A]
    [inst_3 :
      @Module.{0, u_2} Real A Real.semiring
        (@NonUnitalNonAssocSemiring.toAddCommMonoid.{u_2} A
          (@NonUnitalNonAssocRing.toNonUnitalNonAssocSemiring.{u_2} A
            (@NonUnitalRing.toNonUnitalNonAssocRing.{u_2} A inst)))]
    [inst_4 :
      @SMulCommClass.{0, u_2, u_2} Real A A
        (@SMulZeroClass.toSMul.{0, u_2} Real A
          (@AddZero.toZero.{u_2} A
            (@AddZeroClass.toAddZero.{u_2} A
              (@AddMonoid.toAddZeroClass.{u_2} A
                (@SubNegMonoid.toAddMonoid.{u_2} A
                  (@AddGroup.toSubNegMonoid.{u_2} A
                    (@AddCommGroup.toAddGroup.{u_2} A
                      (@NonUnitalNonAssocRing.toAddCommGroup.{u_2} A
                        (@NonUnitalRing.toNonUnitalNonAssocRing.{u_2} A inst))))))))
          (@DistribSMul.toSMulZeroClass.{0, u_2} Real A
            (@AddMonoid.toAddZeroClass.{u_2} A
              (@SubNegMonoid.toAddMonoid.{u_2} A
                (@AddGroup.toSubNegMonoid.{u_2} A
                  (@AddCommGroup.toAddGroup.{u_2} A
                    (@NonUnitalNonAssocRing.toAddCommGroup.{u_2} A
                      (@NonUnitalRing.toNonUnitalNonAssocRing.{u_2} A inst))))))
            (@DistribMulAction.toDistribSMul.{0, u_2} Real A Real.instMonoid
              (@SubNegMonoid.toAddMonoid.{u_2} A
                (@AddGroup.toSubNegMonoid.{u_2} A
                  (@AddCommGroup.toAddGroup.{u_2} A
                    (@NonUnitalNonAssocRing.toAddCommGroup.{u_2} A
                      (@NonUnitalRing.toNonUnitalNonAssocRing.{u_2} A inst)))))
              (@Module.toDistribMulAction.{0, u_2} Real A Real.semiring
                (@NonUnitalNonAssocSemiring.toAddCommMonoid.{u_2} A
                  (@NonUnitalNonAssocRing.toNonUnitalNonAssocSemiring.{u_2} A
                    (@NonUnitalRing.toNonUnitalNonAssocRing.{u_2} A inst)))
                inst_3))))
        (@instSMulOfMul.{u_2} A
          (@Distrib.toMul.{u_2} A
            (@NonUnitalNonAssocSemiring.toDistrib.{u_2} A
              (@NonUnitalNonAssocRing.toNonUnitalNonAssocSemiring.{u_2} A
                (@NonUnitalRing.toNonUnitalNonAssocRing.{u_2} A inst)))))]
    [inst_5 :
      @IsScalarTower.{0, u_2, u_2} Real A A
        (@SMulZeroClass.toSMul.{0, u_2} Real A
          (@AddZero.toZero.{u_2} A
            (@AddZeroClass.toAddZero.{u_2} A
              (@AddMonoid.toAddZeroClass.{u_2} A
                (@SubNegMonoid.toAddMonoid.{u_2} A
                  (@AddGroup.toSubNegMonoid.{u_2} A
                    (@AddCommGroup.toAddGroup.{u_2} A
                      (@NonUnitalNonAssocRing.toAddCommGroup.{u_2} A
                        (@NonUnitalRing.toNonUnitalNonAssocRing.{u_2} A inst))))))))
          (@DistribSMul.toSMulZeroClass.{0, u_2} Real A
            (@AddMonoid.toAddZeroClass.{u_2} A
              (@SubNegMonoid.toAddMonoid.{u_2} A
                (@AddGroup.toSubNegMonoid.{u_2} A
                  (@AddCommGroup.toAddGroup.{u_2} A
                    (@NonUnitalNonAssocRing.toAddCommGroup.{u_2} A
                      (@NonUnitalRing.toNonUnitalNonAssocRing.{u_2} A inst))))))
            (@DistribMulAction.toDistribSMul.{0, u_2} Real A Real.instMonoid
              (@SubNegMonoid.toAddMonoid.{u_2} A
                (@AddGroup.toSubNegMonoid.{u_2} A
                  (@AddCommGroup.toAddGroup.{u_2} A
                    (@NonUnitalNonAssocRing.toAddCommGroup.{u_2} A
                      (@NonUnitalRing.toNonUnitalNonAssocRing.{u_2} A inst)))))
              (@Module.toDistribMulAction.{0, u_2} Real A Real.semiring
                (@NonUnitalNonAssocSemiring.toAddCommMonoid.{u_2} A
                  (@NonUnitalNonAssocRing.toNonUnitalNonAssocSemiring.{u_2} A
                    (@NonUnitalRing.toNonUnitalNonAssocRing.{u_2} A inst)))
                inst_3))))
        (@instSMulOfMul.{u_2} A
          (@Distrib.toMul.{u_2} A
            (@NonUnitalNonAssocSemiring.toDistrib.{u_2} A
              (@NonUnitalNonAssocRing.toNonUnitalNonAssocSemiring.{u_2} A
                (@NonUnitalRing.toNonUnitalNonAssocRing.{u_2} A inst)))))
        (@SMulZeroClass.toSMul.{0, u_2} Real A
          (@AddZero.toZero.{u_2} A
            (@AddZeroClass.toAddZero.{u_2} A
              (@AddMonoid.toAddZeroClass.{u_2} A
                (@SubNegMonoid.toAddMonoid.{u_2} A
                  (@AddGroup.toSubNegMonoid.{u_2} A
                    (@AddCommGroup.toAddGroup.{u_2} A
                      (@NonUnitalNonAssocRing.toAddCommGroup.{u_2} A
                        (@NonUnitalRing.toNonUnitalNonAssocRing.{u_2} A inst))))))))
          (@DistribSMul.toSMulZeroClass.{0, u_2} Real A
            (@AddMonoid.toAddZeroClass.{u_2} A
              (@SubNegMonoid.toAddMonoid.{u_2} A
                (@AddGroup.toSubNegMonoid.{u_2} A
                  (@AddCommGroup.toAddGroup.{u_2} A
                    (@NonUnitalNonAssocRing.toAddCommGroup.{u_2} A
                      (@NonUnitalRing.toNonUnitalNonAssocRing.{u_2} A inst))))))
            (@DistribMulAction.toDistribSMul.{0, u_2} Real A Real.instMonoid
              (@SubNegMonoid.toAddMonoid.{u_2} A
                (@AddGroup.toSubNegMonoid.{u_2} A
                  (@AddCommGroup.toAddGroup.{u_2} A
                    (@NonUnitalNonAssocRing.toAddCommGroup.{u_2} A
                      (@NonUnitalRing.toNonUnitalNonAssocRing.{u_2} A inst)))))
              (@Module.toDistribMulAction.{0, u_2} Real A Real.semiring
                (@NonUnitalNonAssocSemiring.toAddCommMonoid.{u_2} A
                  (@NonUnitalNonAssocRing.toNonUnitalNonAssocSemiring.{u_2} A
                    (@NonUnitalRing.toNonUnitalNonAssocRing.{u_2} A inst)))
                inst_3))))]
    [inst_6 :
      @NonUnitalContinuousFunctionalCalculus.{0, u_2} Real A
        (@IsSelfAdjoint.{u_2} A
          (@InvolutiveStar.toStar.{u_2} A
            (@StarAddMonoid.toInvolutiveStar.{u_2} A
              (@AddCommMonoid.toAddMonoid.{u_2} A
                (@NonUnitalNonAssocSemiring.toAddCommMonoid.{u_2} A
                  (@NonUnitalNonAssocRing.toNonUnitalNonAssocSemiring.{u_2} A
                    (@NonUnitalRing.toNonUnitalNonAssocRing.{u_2} A inst))))
              (@StarRing.toStarAddMonoid.{u_2} A
                (@NonUnitalNonAssocRing.toNonUnitalNonAssocSemiring.{u_2} A
                  (@NonUnitalRing.toNonUnitalNonAssocRing.{u_2} A inst))
                inst_1))))
        Real.instCommSemiring Real.instNontrivial instStarRingReal Real.metricSpace CFC.abs._proof_1
        instContinuousStarReal inst inst_1 inst_2 inst_3 inst_5 inst_4]
    [inst_7 : PartialOrder.{u_2} A]
    [inst_8 : @StarOrderedRing.{u_2} A (@NonUnitalRing.toNonUnitalSemiring.{u_2} A inst) inst_7 inst_1]
    [inst_9 : @NonnegSpectrumClass.{0, u_2} Real A Real.instCommSemiring Real.partialOrder inst inst_7 inst_3] a =>
  @CFC.sqrt.{u_2} A inst_7 inst inst_2 inst_1 inst_3 inst_4 inst_5 inst_8 inst_6 inst_9
    (@HMul.hMul.{u_2, u_2, u_2} A A A
      (@instHMul.{u_2} A
        (@Distrib.toMul.{u_2} A
          (@NonUnitalNonAssocSemiring.toDistrib.{u_2} A
            (@NonUnitalNonAssocRing.toNonUnitalNonAssocSemiring.{u_2} A
              (@NonUnitalRing.toNonUnitalNonAssocRing.{u_2} A inst)))))
      (@star.{u_2} A
        (@InvolutiveStar.toStar.{u_2} A
          (@StarAddMonoid.toInvolutiveStar.{u_2} A
            (@AddCommMonoid.toAddMonoid.{u_2} A
              (@NonUnitalNonAssocSemiring.toAddCommMonoid.{u_2} A
                (@NonUnitalNonAssocRing.toNonUnitalNonAssocSemiring.{u_2} A
                  (@NonUnitalRing.toNonUnitalNonAssocRing.{u_2} A inst))))
            (@StarRing.toStarAddMonoid.{u_2} A
              (@NonUnitalNonAssocRing.toNonUnitalNonAssocSemiring.{u_2} A
                (@NonUnitalRing.toNonUnitalNonAssocRing.{u_2} A inst))
              inst_1)))
        a)
      a)
def IsLeast.{u_1} : {α : Type u_1} → [LE.{u_1} α] → Set.{u_1} α → α → Prop :=
fun {α} [inst : LE.{u_1} α] s a =>
  And (@Membership.mem.{u_1, u_1} α (Set.{u_1} α) (@Set.instMembership.{u_1} α) s a)
    (@Membership.mem.{u_1, u_1} α (Set.{u_1} α) (@Set.instMembership.{u_1} α) (@lowerBounds.{u_1} α inst s) a)
IsLeast.csInf_eq.{u_1} {α : Type u_1} [ConditionallyCompletePartialOrderInf.{u_1} α] {s : Set.{u_1} α} {a : α}
  (H :
    @IsLeast.{u_1} α
      (@Preorder.toLE.{u_1} α
        (@PartialOrder.toPreorder.{u_1} α (@ConditionallyCompletePartialOrderInf.toPartialOrder.{u_1} α inst✝)))
      s a) :
  @Eq.{u_1 + 1} α (@sInf.{u_1} α (@ConditionallyCompletePartialOrderInf.toInfSet.{u_1} α inst✝) s) a
Matrix.posSemidef_conjTranspose_mul_self.{u_1, u_2, u_3} {m : Type u_1} {n : Type u_2} {R : Type u_3} [Ring.{u_3} R]
  [PartialOrder.{u_3} R]
  [@StarRing.{u_3} R
      (@NonUnitalNonAssocRing.toNonUnitalNonAssocSemiring.{u_3} R
        (@NonAssocRing.toNonUnitalNonAssocRing.{u_3} R (@Ring.toNonAssocRing.{u_3} R inst✝)))]
  [Fintype.{u_1} m] [Finite.{u_2 + 1} n]
  [@StarOrderedRing.{u_3} R (@Semiring.toNonUnitalSemiring.{u_3} R (@Ring.toSemiring.{u_3} R inst✝)) inst✝¹ inst✝²]
  (A : Matrix.{u_1, u_2, u_3} m n R) :
  @Matrix.PosSemidef.{u_2, u_3} n R inst✝ inst✝¹ inst✝²
    (@HMul.hMul.{max (max u_1 u_2) u_3, max (max u_1 u_2) u_3, max u_2 u_3} (Matrix.{u_2, u_1, u_3} n m R)
      (Matrix.{u_1, u_2, u_3} m n R) (Matrix.{u_2, u_2, u_3} n n R)
      (@Matrix.instHMulOfFintypeOfMulOfAddCommMonoid.{u_3, u_2, u_1, u_2} n m n R inst✝³
        (@Distrib.toMul.{u_3} R (@instDistribOfSemiring.{u_3} R (@Ring.toSemiring.{u_3} R inst✝)))
        (@Semiring.toAddCommMonoid.{u_3} R (@Ring.toSemiring.{u_3} R inst✝)))
      (@Matrix.conjTranspose.{u_3, u_1, u_2} m n R
        (@InvolutiveStar.toStar.{u_3} R
          (@StarAddMonoid.toInvolutiveStar.{u_3} R
            (@AddCommMonoid.toAddMonoid.{u_3} R
              (@NonUnitalNonAssocSemiring.toAddCommMonoid.{u_3} R
                (@NonUnitalNonAssocRing.toNonUnitalNonAssocSemiring.{u_3} R
                  (@NonAssocRing.toNonUnitalNonAssocRing.{u_3} R (@Ring.toNonAssocRing.{u_3} R inst✝)))))
            (@StarRing.toStarAddMonoid.{u_3} R
              (@NonUnitalNonAssocRing.toNonUnitalNonAssocSemiring.{u_3} R
                (@NonAssocRing.toNonUnitalNonAssocRing.{u_3} R (@Ring.toNonAssocRing.{u_3} R inst✝)))
              inst✝²)))
        A)
      A)
CFC.sqrt_mul_sqrt_self.{u_1} {A : Type u_1} [PartialOrder.{u_1} A] [NonUnitalRing.{u_1} A] [TopologicalSpace.{u_1} A]
  [@StarRing.{u_1} A
      (@NonUnitalNonAssocRing.toNonUnitalNonAssocSemiring.{u_1} A
        (@NonUnitalRing.toNonUnitalNonAssocRing.{u_1} A inst✝))]
  [@Module.{0, u_1} Real A Real.semiring
      (@NonUnitalNonAssocSemiring.toAddCommMonoid.{u_1} A
        (@NonUnitalNonAssocRing.toNonUnitalNonAssocSemiring.{u_1} A
          (@NonUnitalRing.toNonUnitalNonAssocRing.{u_1} A inst✝)))]
  [@SMulCommClass.{0, u_1, u_1} Real A A
      (@SMulZeroClass.toSMul.{0, u_1} Real A
        (@AddZero.toZero.{u_1} A
          (@AddZeroClass.toAddZero.{u_1} A
            (@AddMonoid.toAddZeroClass.{u_1} A
              (@SubNegMonoid.toAddMonoid.{u_1} A
                (@AddGroup.toSubNegMonoid.{u_1} A
                  (@AddCommGroup.toAddGroup.{u_1} A
                    (@NonUnitalNonAssocRing.toAddCommGroup.{u_1} A
                      (@NonUnitalRing.toNonUnitalNonAssocRing.{u_1} A inst✝))))))))
        (@DistribSMul.toSMulZeroClass.{0, u_1} Real A
          (@AddMonoid.toAddZeroClass.{u_1} A
            (@SubNegMonoid.toAddMonoid.{u_1} A
              (@AddGroup.toSubNegMonoid.{u_1} A
                (@AddCommGroup.toAddGroup.{u_1} A
                  (@NonUnitalNonAssocRing.toAddCommGroup.{u_1} A
                    (@NonUnitalRing.toNonUnitalNonAssocRing.{u_1} A inst✝))))))
          (@DistribMulAction.toDistribSMul.{0, u_1} Real A Real.instMonoid
            (@SubNegMonoid.toAddMonoid.{u_1} A
              (@AddGroup.toSubNegMonoid.{u_1} A
                (@AddCommGroup.toAddGroup.{u_1} A
                  (@NonUnitalNonAssocRing.toAddCommGroup.{u_1} A
                    (@NonUnitalRing.toNonUnitalNonAssocRing.{u_1} A inst✝)))))
            (@Module.toDistribMulAction.{0, u_1} Real A Real.semiring
              (@NonUnitalNonAssocSemiring.toAddCommMonoid.{u_1} A
                (@NonUnitalNonAssocRing.toNonUnitalNonAssocSemiring.{u_1} A
                  (@NonUnitalRing.toNonUnitalNonAssocRing.{u_1} A inst✝)))
              inst✝¹))))
      (@instSMulOfMul.{u_1} A
        (@Distrib.toMul.{u_1} A
          (@NonUnitalNonAssocSemiring.toDistrib.{u_1} A
            (@NonUnitalNonAssocRing.toNonUnitalNonAssocSemiring.{u_1} A
              (@NonUnitalRing.toNonUnitalNonAssocRing.{u_1} A inst✝)))))]
  [@IsScalarTower.{0, u_1, u_1} Real A A
      (@SMulZeroClass.toSMul.{0, u_1} Real A
        (@AddZero.toZero.{u_1} A
          (@AddZeroClass.toAddZero.{u_1} A
            (@AddMonoid.toAddZeroClass.{u_1} A
              (@SubNegMonoid.toAddMonoid.{u_1} A
                (@AddGroup.toSubNegMonoid.{u_1} A
                  (@AddCommGroup.toAddGroup.{u_1} A
                    (@NonUnitalNonAssocRing.toAddCommGroup.{u_1} A
                      (@NonUnitalRing.toNonUnitalNonAssocRing.{u_1} A inst✝))))))))
        (@DistribSMul.toSMulZeroClass.{0, u_1} Real A
          (@AddMonoid.toAddZeroClass.{u_1} A
            (@SubNegMonoid.toAddMonoid.{u_1} A
              (@AddGroup.toSubNegMonoid.{u_1} A
                (@AddCommGroup.toAddGroup.{u_1} A
                  (@NonUnitalNonAssocRing.toAddCommGroup.{u_1} A
                    (@NonUnitalRing.toNonUnitalNonAssocRing.{u_1} A inst✝))))))
          (@DistribMulAction.toDistribSMul.{0, u_1} Real A Real.instMonoid
            (@SubNegMonoid.toAddMonoid.{u_1} A
              (@AddGroup.toSubNegMonoid.{u_1} A
                (@AddCommGroup.toAddGroup.{u_1} A
                  (@NonUnitalNonAssocRing.toAddCommGroup.{u_1} A
                    (@NonUnitalRing.toNonUnitalNonAssocRing.{u_1} A inst✝)))))
            (@Module.toDistribMulAction.{0, u_1} Real A Real.semiring
              (@NonUnitalNonAssocSemiring.toAddCommMonoid.{u_1} A
                (@NonUnitalNonAssocRing.toNonUnitalNonAssocSemiring.{u_1} A
                  (@NonUnitalRing.toNonUnitalNonAssocRing.{u_1} A inst✝)))
              inst✝¹))))
      (@instSMulOfMul.{u_1} A
        (@Distrib.toMul.{u_1} A
          (@NonUnitalNonAssocSemiring.toDistrib.{u_1} A
            (@NonUnitalNonAssocRing.toNonUnitalNonAssocSemiring.{u_1} A
              (@NonUnitalRing.toNonUnitalNonAssocRing.{u_1} A inst✝)))))
      (@SMulZeroClass.toSMul.{0, u_1} Real A
        (@AddZero.toZero.{u_1} A
          (@AddZeroClass.toAddZero.{u_1} A
            (@AddMonoid.toAddZeroClass.{u_1} A
              (@SubNegMonoid.toAddMonoid.{u_1} A
                (@AddGroup.toSubNegMonoid.{u_1} A
                  (@AddCommGroup.toAddGroup.{u_1} A
                    (@NonUnitalNonAssocRing.toAddCommGroup.{u_1} A
                      (@NonUnitalRing.toNonUnitalNonAssocRing.{u_1} A inst✝))))))))
        (@DistribSMul.toSMulZeroClass.{0, u_1} Real A
          (@AddMonoid.toAddZeroClass.{u_1} A
            (@SubNegMonoid.toAddMonoid.{u_1} A
              (@AddGroup.toSubNegMonoid.{u_1} A
                (@AddCommGroup.toAddGroup.{u_1} A
                  (@NonUnitalNonAssocRing.toAddCommGroup.{u_1} A
                    (@NonUnitalRing.toNonUnitalNonAssocRing.{u_1} A inst✝))))))
          (@DistribMulAction.toDistribSMul.{0, u_1} Real A Real.instMonoid
            (@SubNegMonoid.toAddMonoid.{u_1} A
              (@AddGroup.toSubNegMonoid.{u_1} A
                (@AddCommGroup.toAddGroup.{u_1} A
                  (@NonUnitalNonAssocRing.toAddCommGroup.{u_1} A
                    (@NonUnitalRing.toNonUnitalNonAssocRing.{u_1} A inst✝)))))
            (@Module.toDistribMulAction.{0, u_1} Real A Real.semiring
              (@NonUnitalNonAssocSemiring.toAddCommMonoid.{u_1} A
                (@NonUnitalNonAssocRing.toNonUnitalNonAssocSemiring.{u_1} A
                  (@NonUnitalRing.toNonUnitalNonAssocRing.{u_1} A inst✝)))
              inst✝¹))))]
  [@StarOrderedRing.{u_1} A (@NonUnitalRing.toNonUnitalSemiring.{u_1} A inst✝) inst✝² inst✝³]
  [@NonUnitalContinuousFunctionalCalculus.{0, u_1} Real A
      (@IsSelfAdjoint.{u_1} A
        (@InvolutiveStar.toStar.{u_1} A
          (@StarAddMonoid.toInvolutiveStar.{u_1} A
            (@AddCommMonoid.toAddMonoid.{u_1} A
              (@NonUnitalNonAssocSemiring.toAddCommMonoid.{u_1} A
                (@NonUnitalNonAssocRing.toNonUnitalNonAssocSemiring.{u_1} A
                  (@NonUnitalRing.toNonUnitalNonAssocRing.{u_1} A inst✝))))
            (@StarRing.toStarAddMonoid.{u_1} A
              (@NonUnitalNonAssocRing.toNonUnitalNonAssocSemiring.{u_1} A
                (@NonUnitalRing.toNonUnitalNonAssocRing.{u_1} A inst✝))
              inst✝³))))
      Real.instCommSemiring Real.instNontrivial instStarRingReal Real.metricSpace ⋯ instContinuousStarReal inst✝ inst✝³
      inst✝⁴ inst✝¹ inst✝⁵ inst✝⁶]
  [@NonnegSpectrumClass.{0, u_1} Real A Real.instCommSemiring Real.partialOrder inst✝ inst✝² inst✝¹]
  [@IsSemitopologicalRing.{u_1} A inst✝⁴ (@NonUnitalRing.toNonUnitalNonAssocRing.{u_1} A inst✝)]
  [@T2Space.{u_1} A inst✝⁴] (a : A)
  (ha :
    @LE.le.{u_1} A (@Preorder.toLE.{u_1} A (@PartialOrder.toPreorder.{u_1} A inst✝²))
      (@OfNat.ofNat.{u_1} A (nat_lit 0)
        (@Zero.toOfNat0.{u_1} A
          (@MulZeroClass.toZero.{u_1} A
            (@NonUnitalNonAssocSemiring.toMulZeroClass.{u_1} A
              (@NonUnitalNonAssocRing.toNonUnitalNonAssocSemiring.{u_1} A
                (@NonUnitalRing.toNonUnitalNonAssocRing.{u_1} A inst✝))))))
      a := by
    cfc_tac) :
  @Eq.{u_1 + 1} A
    (@HMul.hMul.{u_1, u_1, u_1} A A A
      (@instHMul.{u_1} A
        (@Distrib.toMul.{u_1} A
          (@NonUnitalNonAssocSemiring.toDistrib.{u_1} A
            (@NonUnitalNonAssocRing.toNonUnitalNonAssocSemiring.{u_1} A
              (@NonUnitalRing.toNonUnitalNonAssocRing.{u_1} A inst✝)))))
      (@CFC.sqrt.{u_1} A inst✝² inst✝ inst✝⁴ inst✝³ inst✝¹ inst✝⁶ inst✝⁵ inst✝⁷ inst✝⁸ inst✝⁹ a)
      (@CFC.sqrt.{u_1} A inst✝² inst✝ inst✝⁴ inst✝³ inst✝¹ inst✝⁶ inst✝⁵ inst✝⁷ inst✝⁸ inst✝⁹ a))
    a
CFC.sqrt_unique.{u_1} {A : Type u_1} [PartialOrder.{u_1} A] [NonUnitalRing.{u_1} A] [TopologicalSpace.{u_1} A]
  [@StarRing.{u_1} A
      (@NonUnitalNonAssocRing.toNonUnitalNonAssocSemiring.{u_1} A
        (@NonUnitalRing.toNonUnitalNonAssocRing.{u_1} A inst✝))]
  [@Module.{0, u_1} Real A Real.semiring
      (@NonUnitalNonAssocSemiring.toAddCommMonoid.{u_1} A
        (@NonUnitalNonAssocRing.toNonUnitalNonAssocSemiring.{u_1} A
          (@NonUnitalRing.toNonUnitalNonAssocRing.{u_1} A inst✝)))]
  [@SMulCommClass.{0, u_1, u_1} Real A A
      (@SMulZeroClass.toSMul.{0, u_1} Real A
        (@AddZero.toZero.{u_1} A
          (@AddZeroClass.toAddZero.{u_1} A
            (@AddMonoid.toAddZeroClass.{u_1} A
              (@SubNegMonoid.toAddMonoid.{u_1} A
                (@AddGroup.toSubNegMonoid.{u_1} A
                  (@AddCommGroup.toAddGroup.{u_1} A
                    (@NonUnitalNonAssocRing.toAddCommGroup.{u_1} A
                      (@NonUnitalRing.toNonUnitalNonAssocRing.{u_1} A inst✝))))))))
        (@DistribSMul.toSMulZeroClass.{0, u_1} Real A
          (@AddMonoid.toAddZeroClass.{u_1} A
            (@SubNegMonoid.toAddMonoid.{u_1} A
              (@AddGroup.toSubNegMonoid.{u_1} A
                (@AddCommGroup.toAddGroup.{u_1} A
                  (@NonUnitalNonAssocRing.toAddCommGroup.{u_1} A
                    (@NonUnitalRing.toNonUnitalNonAssocRing.{u_1} A inst✝))))))
          (@DistribMulAction.toDistribSMul.{0, u_1} Real A Real.instMonoid
            (@SubNegMonoid.toAddMonoid.{u_1} A
              (@AddGroup.toSubNegMonoid.{u_1} A
                (@AddCommGroup.toAddGroup.{u_1} A
                  (@NonUnitalNonAssocRing.toAddCommGroup.{u_1} A
                    (@NonUnitalRing.toNonUnitalNonAssocRing.{u_1} A inst✝)))))
            (@Module.toDistribMulAction.{0, u_1} Real A Real.semiring
              (@NonUnitalNonAssocSemiring.toAddCommMonoid.{u_1} A
                (@NonUnitalNonAssocRing.toNonUnitalNonAssocSemiring.{u_1} A
                  (@NonUnitalRing.toNonUnitalNonAssocRing.{u_1} A inst✝)))
              inst✝¹))))
      (@instSMulOfMul.{u_1} A
        (@Distrib.toMul.{u_1} A
          (@NonUnitalNonAssocSemiring.toDistrib.{u_1} A
            (@NonUnitalNonAssocRing.toNonUnitalNonAssocSemiring.{u_1} A
              (@NonUnitalRing.toNonUnitalNonAssocRing.{u_1} A inst✝)))))]
  [@IsScalarTower.{0, u_1, u_1} Real A A
      (@SMulZeroClass.toSMul.{0, u_1} Real A
        (@AddZero.toZero.{u_1} A
          (@AddZeroClass.toAddZero.{u_1} A
            (@AddMonoid.toAddZeroClass.{u_1} A
              (@SubNegMonoid.toAddMonoid.{u_1} A
                (@AddGroup.toSubNegMonoid.{u_1} A
                  (@AddCommGroup.toAddGroup.{u_1} A
                    (@NonUnitalNonAssocRing.toAddCommGroup.{u_1} A
                      (@NonUnitalRing.toNonUnitalNonAssocRing.{u_1} A inst✝))))))))
        (@DistribSMul.toSMulZeroClass.{0, u_1} Real A
          (@AddMonoid.toAddZeroClass.{u_1} A
            (@SubNegMonoid.toAddMonoid.{u_1} A
              (@AddGroup.toSubNegMonoid.{u_1} A
                (@AddCommGroup.toAddGroup.{u_1} A
                  (@NonUnitalNonAssocRing.toAddCommGroup.{u_1} A
                    (@NonUnitalRing.toNonUnitalNonAssocRing.{u_1} A inst✝))))))
          (@DistribMulAction.toDistribSMul.{0, u_1} Real A Real.instMonoid
            (@SubNegMonoid.toAddMonoid.{u_1} A
              (@AddGroup.toSubNegMonoid.{u_1} A
                (@AddCommGroup.toAddGroup.{u_1} A
                  (@NonUnitalNonAssocRing.toAddCommGroup.{u_1} A
                    (@NonUnitalRing.toNonUnitalNonAssocRing.{u_1} A inst✝)))))
            (@Module.toDistribMulAction.{0, u_1} Real A Real.semiring
              (@NonUnitalNonAssocSemiring.toAddCommMonoid.{u_1} A
                (@NonUnitalNonAssocRing.toNonUnitalNonAssocSemiring.{u_1} A
                  (@NonUnitalRing.toNonUnitalNonAssocRing.{u_1} A inst✝)))
              inst✝¹))))
      (@instSMulOfMul.{u_1} A
        (@Distrib.toMul.{u_1} A
          (@NonUnitalNonAssocSemiring.toDistrib.{u_1} A
            (@NonUnitalNonAssocRing.toNonUnitalNonAssocSemiring.{u_1} A
              (@NonUnitalRing.toNonUnitalNonAssocRing.{u_1} A inst✝)))))
      (@SMulZeroClass.toSMul.{0, u_1} Real A
        (@AddZero.toZero.{u_1} A
          (@AddZeroClass.toAddZero.{u_1} A
            (@AddMonoid.toAddZeroClass.{u_1} A
              (@SubNegMonoid.toAddMonoid.{u_1} A
                (@AddGroup.toSubNegMonoid.{u_1} A
                  (@AddCommGroup.toAddGroup.{u_1} A
                    (@NonUnitalNonAssocRing.toAddCommGroup.{u_1} A
                      (@NonUnitalRing.toNonUnitalNonAssocRing.{u_1} A inst✝))))))))
        (@DistribSMul.toSMulZeroClass.{0, u_1} Real A
          (@AddMonoid.toAddZeroClass.{u_1} A
            (@SubNegMonoid.toAddMonoid.{u_1} A
              (@AddGroup.toSubNegMonoid.{u_1} A
                (@AddCommGroup.toAddGroup.{u_1} A
                  (@NonUnitalNonAssocRing.toAddCommGroup.{u_1} A
                    (@NonUnitalRing.toNonUnitalNonAssocRing.{u_1} A inst✝))))))
          (@DistribMulAction.toDistribSMul.{0, u_1} Real A Real.instMonoid
            (@SubNegMonoid.toAddMonoid.{u_1} A
              (@AddGroup.toSubNegMonoid.{u_1} A
                (@AddCommGroup.toAddGroup.{u_1} A
                  (@NonUnitalNonAssocRing.toAddCommGroup.{u_1} A
                    (@NonUnitalRing.toNonUnitalNonAssocRing.{u_1} A inst✝)))))
            (@Module.toDistribMulAction.{0, u_1} Real A Real.semiring
              (@NonUnitalNonAssocSemiring.toAddCommMonoid.{u_1} A
                (@NonUnitalNonAssocRing.toNonUnitalNonAssocSemiring.{u_1} A
                  (@NonUnitalRing.toNonUnitalNonAssocRing.{u_1} A inst✝)))
              inst✝¹))))]
  [@StarOrderedRing.{u_1} A (@NonUnitalRing.toNonUnitalSemiring.{u_1} A inst✝) inst✝² inst✝³]
  [@NonUnitalContinuousFunctionalCalculus.{0, u_1} Real A
      (@IsSelfAdjoint.{u_1} A
        (@InvolutiveStar.toStar.{u_1} A
          (@StarAddMonoid.toInvolutiveStar.{u_1} A
            (@AddCommMonoid.toAddMonoid.{u_1} A
              (@NonUnitalNonAssocSemiring.toAddCommMonoid.{u_1} A
                (@NonUnitalNonAssocRing.toNonUnitalNonAssocSemiring.{u_1} A
                  (@NonUnitalRing.toNonUnitalNonAssocRing.{u_1} A inst✝))))
            (@StarRing.toStarAddMonoid.{u_1} A
              (@NonUnitalNonAssocRing.toNonUnitalNonAssocSemiring.{u_1} A
                (@NonUnitalRing.toNonUnitalNonAssocRing.{u_1} A inst✝))
              inst✝³))))
      Real.instCommSemiring Real.instNontrivial instStarRingReal Real.metricSpace ⋯ instContinuousStarReal inst✝ inst✝³
      inst✝⁴ inst✝¹ inst✝⁵ inst✝⁶]
  [@NonnegSpectrumClass.{0, u_1} Real A Real.instCommSemiring Real.partialOrder inst✝ inst✝² inst✝¹]
  [@IsSemitopologicalRing.{u_1} A inst✝⁴ (@NonUnitalRing.toNonUnitalNonAssocRing.{u_1} A inst✝)]
  [@T2Space.{u_1} A inst✝⁴] {a b : A}
  (h :
    @Eq.{u_1 + 1} A
      (@HMul.hMul.{u_1, u_1, u_1} A A A
        (@instHMul.{u_1} A
          (@Distrib.toMul.{u_1} A
            (@NonUnitalNonAssocSemiring.toDistrib.{u_1} A
              (@NonUnitalNonAssocRing.toNonUnitalNonAssocSemiring.{u_1} A
                (@NonUnitalRing.toNonUnitalNonAssocRing.{u_1} A inst✝)))))
        b b)
      a)
  (hb :
    @LE.le.{u_1} A (@Preorder.toLE.{u_1} A (@PartialOrder.toPreorder.{u_1} A inst✝²))
      (@OfNat.ofNat.{u_1} A (nat_lit 0)
        (@Zero.toOfNat0.{u_1} A
          (@MulZeroClass.toZero.{u_1} A
            (@NonUnitalNonAssocSemiring.toMulZeroClass.{u_1} A
              (@NonUnitalNonAssocRing.toNonUnitalNonAssocSemiring.{u_1} A
                (@NonUnitalRing.toNonUnitalNonAssocRing.{u_1} A inst✝))))))
      b := by
    cfc_tac) :
  @Eq.{u_1 + 1} A (@CFC.sqrt.{u_1} A inst✝² inst✝ inst✝⁴ inst✝³ inst✝¹ inst✝⁶ inst✝⁵ inst✝⁷ inst✝⁸ inst✝⁹ a) b
CFC.abs_mul_abs.{u_2} {A : Type u_2} [NonUnitalRing.{u_2} A]
  [@StarRing.{u_2} A
      (@NonUnitalNonAssocRing.toNonUnitalNonAssocSemiring.{u_2} A
        (@NonUnitalRing.toNonUnitalNonAssocRing.{u_2} A inst✝))]
  [TopologicalSpace.{u_2} A]
  [@Module.{0, u_2} Real A Real.semiring
      (@NonUnitalNonAssocSemiring.toAddCommMonoid.{u_2} A
        (@NonUnitalNonAssocRing.toNonUnitalNonAssocSemiring.{u_2} A
          (@NonUnitalRing.toNonUnitalNonAssocRing.{u_2} A inst✝)))]
  [@SMulCommClass.{0, u_2, u_2} Real A A
      (@SMulZeroClass.toSMul.{0, u_2} Real A
        (@AddZero.toZero.{u_2} A
          (@AddZeroClass.toAddZero.{u_2} A
            (@AddMonoid.toAddZeroClass.{u_2} A
              (@SubNegMonoid.toAddMonoid.{u_2} A
                (@AddGroup.toSubNegMonoid.{u_2} A
                  (@AddCommGroup.toAddGroup.{u_2} A
                    (@NonUnitalNonAssocRing.toAddCommGroup.{u_2} A
                      (@NonUnitalRing.toNonUnitalNonAssocRing.{u_2} A inst✝))))))))
        (@DistribSMul.toSMulZeroClass.{0, u_2} Real A
          (@AddMonoid.toAddZeroClass.{u_2} A
            (@SubNegMonoid.toAddMonoid.{u_2} A
              (@AddGroup.toSubNegMonoid.{u_2} A
                (@AddCommGroup.toAddGroup.{u_2} A
                  (@NonUnitalNonAssocRing.toAddCommGroup.{u_2} A
                    (@NonUnitalRing.toNonUnitalNonAssocRing.{u_2} A inst✝))))))
          (@DistribMulAction.toDistribSMul.{0, u_2} Real A Real.instMonoid
            (@SubNegMonoid.toAddMonoid.{u_2} A
              (@AddGroup.toSubNegMonoid.{u_2} A
                (@AddCommGroup.toAddGroup.{u_2} A
                  (@NonUnitalNonAssocRing.toAddCommGroup.{u_2} A
                    (@NonUnitalRing.toNonUnitalNonAssocRing.{u_2} A inst✝)))))
            (@Module.toDistribMulAction.{0, u_2} Real A Real.semiring
              (@NonUnitalNonAssocSemiring.toAddCommMonoid.{u_2} A
                (@NonUnitalNonAssocRing.toNonUnitalNonAssocSemiring.{u_2} A
                  (@NonUnitalRing.toNonUnitalNonAssocRing.{u_2} A inst✝)))
              inst✝¹))))
      (@instSMulOfMul.{u_2} A
        (@Distrib.toMul.{u_2} A
          (@NonUnitalNonAssocSemiring.toDistrib.{u_2} A
            (@NonUnitalNonAssocRing.toNonUnitalNonAssocSemiring.{u_2} A
              (@NonUnitalRing.toNonUnitalNonAssocRing.{u_2} A inst✝)))))]
  [@IsScalarTower.{0, u_2, u_2} Real A A
      (@SMulZeroClass.toSMul.{0, u_2} Real A
        (@AddZero.toZero.{u_2} A
          (@AddZeroClass.toAddZero.{u_2} A
            (@AddMonoid.toAddZeroClass.{u_2} A
              (@SubNegMonoid.toAddMonoid.{u_2} A
                (@AddGroup.toSubNegMonoid.{u_2} A
                  (@AddCommGroup.toAddGroup.{u_2} A
                    (@NonUnitalNonAssocRing.toAddCommGroup.{u_2} A
                      (@NonUnitalRing.toNonUnitalNonAssocRing.{u_2} A inst✝))))))))
        (@DistribSMul.toSMulZeroClass.{0, u_2} Real A
          (@AddMonoid.toAddZeroClass.{u_2} A
            (@SubNegMonoid.toAddMonoid.{u_2} A
              (@AddGroup.toSubNegMonoid.{u_2} A
                (@AddCommGroup.toAddGroup.{u_2} A
                  (@NonUnitalNonAssocRing.toAddCommGroup.{u_2} A
                    (@NonUnitalRing.toNonUnitalNonAssocRing.{u_2} A inst✝))))))
          (@DistribMulAction.toDistribSMul.{0, u_2} Real A Real.instMonoid
            (@SubNegMonoid.toAddMonoid.{u_2} A
              (@AddGroup.toSubNegMonoid.{u_2} A
                (@AddCommGroup.toAddGroup.{u_2} A
                  (@NonUnitalNonAssocRing.toAddCommGroup.{u_2} A
                    (@NonUnitalRing.toNonUnitalNonAssocRing.{u_2} A inst✝)))))
            (@Module.toDistribMulAction.{0, u_2} Real A Real.semiring
              (@NonUnitalNonAssocSemiring.toAddCommMonoid.{u_2} A
                (@NonUnitalNonAssocRing.toNonUnitalNonAssocSemiring.{u_2} A
                  (@NonUnitalRing.toNonUnitalNonAssocRing.{u_2} A inst✝)))
              inst✝¹))))
      (@instSMulOfMul.{u_2} A
        (@Distrib.toMul.{u_2} A
          (@NonUnitalNonAssocSemiring.toDistrib.{u_2} A
            (@NonUnitalNonAssocRing.toNonUnitalNonAssocSemiring.{u_2} A
              (@NonUnitalRing.toNonUnitalNonAssocRing.{u_2} A inst✝)))))
      (@SMulZeroClass.toSMul.{0, u_2} Real A
        (@AddZero.toZero.{u_2} A
          (@AddZeroClass.toAddZero.{u_2} A
            (@AddMonoid.toAddZeroClass.{u_2} A
              (@SubNegMonoid.toAddMonoid.{u_2} A
                (@AddGroup.toSubNegMonoid.{u_2} A
                  (@AddCommGroup.toAddGroup.{u_2} A
                    (@NonUnitalNonAssocRing.toAddCommGroup.{u_2} A
                      (@NonUnitalRing.toNonUnitalNonAssocRing.{u_2} A inst✝))))))))
        (@DistribSMul.toSMulZeroClass.{0, u_2} Real A
          (@AddMonoid.toAddZeroClass.{u_2} A
            (@SubNegMonoid.toAddMonoid.{u_2} A
              (@AddGroup.toSubNegMonoid.{u_2} A
                (@AddCommGroup.toAddGroup.{u_2} A
                  (@NonUnitalNonAssocRing.toAddCommGroup.{u_2} A
                    (@NonUnitalRing.toNonUnitalNonAssocRing.{u_2} A inst✝))))))
          (@DistribMulAction.toDistribSMul.{0, u_2} Real A Real.instMonoid
            (@SubNegMonoid.toAddMonoid.{u_2} A
              (@AddGroup.toSubNegMonoid.{u_2} A
                (@AddCommGroup.toAddGroup.{u_2} A
                  (@NonUnitalNonAssocRing.toAddCommGroup.{u_2} A
                    (@NonUnitalRing.toNonUnitalNonAssocRing.{u_2} A inst✝)))))
            (@Module.toDistribMulAction.{0, u_2} Real A Real.semiring
              (@NonUnitalNonAssocSemiring.toAddCommMonoid.{u_2} A
                (@NonUnitalNonAssocRing.toNonUnitalNonAssocSemiring.{u_2} A
                  (@NonUnitalRing.toNonUnitalNonAssocRing.{u_2} A inst✝)))
              inst✝¹))))]
  [@NonUnitalContinuousFunctionalCalculus.{0, u_2} Real A
      (@IsSelfAdjoint.{u_2} A
        (@InvolutiveStar.toStar.{u_2} A
          (@StarAddMonoid.toInvolutiveStar.{u_2} A
            (@AddCommMonoid.toAddMonoid.{u_2} A
              (@NonUnitalNonAssocSemiring.toAddCommMonoid.{u_2} A
                (@NonUnitalNonAssocRing.toNonUnitalNonAssocSemiring.{u_2} A
                  (@NonUnitalRing.toNonUnitalNonAssocRing.{u_2} A inst✝))))
            (@StarRing.toStarAddMonoid.{u_2} A
              (@NonUnitalNonAssocRing.toNonUnitalNonAssocSemiring.{u_2} A
                (@NonUnitalRing.toNonUnitalNonAssocRing.{u_2} A inst✝))
              inst✝²))))
      Real.instCommSemiring Real.instNontrivial instStarRingReal Real.metricSpace ⋯ instContinuousStarReal inst✝ inst✝²
      inst✝³ inst✝¹ inst✝⁴ inst✝⁵]
  [PartialOrder.{u_2} A] [@StarOrderedRing.{u_2} A (@NonUnitalRing.toNonUnitalSemiring.{u_2} A inst✝) inst✝⁶ inst✝²]
  [@NonnegSpectrumClass.{0, u_2} Real A Real.instCommSemiring Real.partialOrder inst✝ inst✝⁶ inst✝¹]
  [@IsTopologicalRing.{u_2} A inst✝³ (@NonUnitalRing.toNonUnitalNonAssocRing.{u_2} A inst✝)] [@T2Space.{u_2} A inst✝³]
  (a : A) :
  @Eq.{u_2 + 1} A
    (@HMul.hMul.{u_2, u_2, u_2} A A A
      (@instHMul.{u_2} A
        (@Distrib.toMul.{u_2} A
          (@NonUnitalNonAssocSemiring.toDistrib.{u_2} A
            (@NonUnitalNonAssocRing.toNonUnitalNonAssocSemiring.{u_2} A
              (@NonUnitalRing.toNonUnitalNonAssocRing.{u_2} A inst✝)))))
      (@CFC.abs.{u_2} A inst✝ inst✝² inst✝³ inst✝¹ inst✝⁵ inst✝⁴ inst✝⁷ inst✝⁶ inst✝⁸ inst✝⁹ a)
      (@CFC.abs.{u_2} A inst✝ inst✝² inst✝³ inst✝¹ inst✝⁵ inst✝⁴ inst✝⁷ inst✝⁶ inst✝⁸ inst✝⁹ a))
    (@HMul.hMul.{u_2, u_2, u_2} A A A
      (@instHMul.{u_2} A
        (@Distrib.toMul.{u_2} A
          (@NonUnitalNonAssocSemiring.toDistrib.{u_2} A
            (@NonUnitalNonAssocRing.toNonUnitalNonAssocSemiring.{u_2} A
              (@NonUnitalRing.toNonUnitalNonAssocRing.{u_2} A inst✝)))))
      (@star.{u_2} A
        (@InvolutiveStar.toStar.{u_2} A
          (@StarAddMonoid.toInvolutiveStar.{u_2} A
            (@AddCommMonoid.toAddMonoid.{u_2} A
              (@NonUnitalNonAssocSemiring.toAddCommMonoid.{u_2} A
                (@NonUnitalNonAssocRing.toNonUnitalNonAssocSemiring.{u_2} A
                  (@NonUnitalRing.toNonUnitalNonAssocRing.{u_2} A inst✝))))
            (@StarRing.toStarAddMonoid.{u_2} A
              (@NonUnitalNonAssocRing.toNonUnitalNonAssocSemiring.{u_2} A
                (@NonUnitalRing.toNonUnitalNonAssocRing.{u_2} A inst✝))
              inst✝²)))
        a)
      a)
CFC.norm_abs.{u_2} {A : Type u_2} [NonUnitalNormedRing.{u_2} A]
  [@StarRing.{u_2} A
      (@NonUnitalNonAssocRing.toNonUnitalNonAssocSemiring.{u_2} A
        (@NonUnitalRing.toNonUnitalNonAssocRing.{u_2} A (@NonUnitalNormedRing.toNonUnitalRing.{u_2} A inst✝)))]
  [@CStarRing.{u_2} A inst✝ inst✝¹]
  [@NormedSpace.{0, u_2} Real A Real.normedField
      (@NonUnitalSeminormedRing.toSeminormedAddCommGroup.{u_2} A
        (@NonUnitalNormedRing.toNonUnitalSeminormedRing.{u_2} A inst✝))]
  [@SMulCommClass.{0, u_2, u_2} Real A A
      (@SMulZeroClass.toSMul.{0, u_2} Real A
        (@AddZero.toZero.{u_2} A
          (@AddZeroClass.toAddZero.{u_2} A
            (@AddMonoid.toAddZeroClass.{u_2} A
              (@SubNegMonoid.toAddMonoid.{u_2} A
                (@AddGroup.toSubNegMonoid.{u_2} A
                  (@AddCommGroup.toAddGroup.{u_2} A
                    (@NonUnitalNonAssocRing.toAddCommGroup.{u_2} A
                      (@NonUnitalRing.toNonUnitalNonAssocRing.{u_2} A
                        (@NonUnitalNormedRing.toNonUnitalRing.{u_2} A inst✝)))))))))
        (@DistribSMul.toSMulZeroClass.{0, u_2} Real A
          (@AddMonoid.toAddZeroClass.{u_2} A
            (@SubNegMonoid.toAddMonoid.{u_2} A
              (@AddGroup.toSubNegMonoid.{u_2} A
                (@AddCommGroup.toAddGroup.{u_2} A
                  (@NonUnitalNonAssocRing.toAddCommGroup.{u_2} A
                    (@NonUnitalRing.toNonUnitalNonAssocRing.{u_2} A
                      (@NonUnitalNormedRing.toNonUnitalRing.{u_2} A inst✝)))))))
          (@DistribMulAction.toDistribSMul.{0, u_2} Real A Real.instMonoid
            (@SubNegMonoid.toAddMonoid.{u_2} A
              (@AddGroup.toSubNegMonoid.{u_2} A
                (@AddCommGroup.toAddGroup.{u_2} A
                  (@NonUnitalNonAssocRing.toAddCommGroup.{u_2} A
                    (@NonUnitalRing.toNonUnitalNonAssocRing.{u_2} A
                      (@NonUnitalNormedRing.toNonUnitalRing.{u_2} A inst✝))))))
            (@Module.toDistribMulAction.{0, u_2} Real A Real.semiring
              (@NonUnitalNonAssocSemiring.toAddCommMonoid.{u_2} A
                (@NonUnitalNonAssocRing.toNonUnitalNonAssocSemiring.{u_2} A
                  (@NonUnitalRing.toNonUnitalNonAssocRing.{u_2} A
                    (@NonUnitalNormedRing.toNonUnitalRing.{u_2} A inst✝))))
              (@NormedSpace.toModule.{0, u_2} Real A Real.normedField
                (@NonUnitalSeminormedRing.toSeminormedAddCommGroup.{u_2} A
                  (@NonUnitalNormedRing.toNonUnitalSeminormedRing.{u_2} A inst✝))
                inst✝²)))))
      (@instSMulOfMul.{u_2} A
        (@Distrib.toMul.{u_2} A
          (@NonUnitalNonAssocSemiring.toDistrib.{u_2} A
            (@NonUnitalNonAssocRing.toNonUnitalNonAssocSemiring.{u_2} A
              (@NonUnitalRing.toNonUnitalNonAssocRing.{u_2} A (@NonUnitalNormedRing.toNonUnitalRing.{u_2} A inst✝))))))]
  [@IsScalarTower.{0, u_2, u_2} Real A A
      (@SMulZeroClass.toSMul.{0, u_2} Real A
        (@AddZero.toZero.{u_2} A
          (@AddZeroClass.toAddZero.{u_2} A
            (@AddMonoid.toAddZeroClass.{u_2} A
              (@SubNegMonoid.toAddMonoid.{u_2} A
                (@AddGroup.toSubNegMonoid.{u_2} A
                  (@AddCommGroup.toAddGroup.{u_2} A
                    (@NonUnitalNonAssocRing.toAddCommGroup.{u_2} A
                      (@NonUnitalRing.toNonUnitalNonAssocRing.{u_2} A
                        (@NonUnitalNormedRing.toNonUnitalRing.{u_2} A inst✝)))))))))
        (@DistribSMul.toSMulZeroClass.{0, u_2} Real A
          (@AddMonoid.toAddZeroClass.{u_2} A
            (@SubNegMonoid.toAddMonoid.{u_2} A
              (@AddGroup.toSubNegMonoid.{u_2} A
                (@AddCommGroup.toAddGroup.{u_2} A
                  (@NonUnitalNonAssocRing.toAddCommGroup.{u_2} A
                    (@NonUnitalRing.toNonUnitalNonAssocRing.{u_2} A
                      (@NonUnitalNormedRing.toNonUnitalRing.{u_2} A inst✝)))))))
          (@DistribMulAction.toDistribSMul.{0, u_2} Real A Real.instMonoid
            (@SubNegMonoid.toAddMonoid.{u_2} A
              (@AddGroup.toSubNegMonoid.{u_2} A
                (@AddCommGroup.toAddGroup.{u_2} A
                  (@NonUnitalNonAssocRing.toAddCommGroup.{u_2} A
                    (@NonUnitalRing.toNonUnitalNonAssocRing.{u_2} A
                      (@NonUnitalNormedRing.toNonUnitalRing.{u_2} A inst✝))))))
            (@Module.toDistribMulAction.{0, u_2} Real A Real.semiring
              (@NonUnitalNonAssocSemiring.toAddCommMonoid.{u_2} A
                (@NonUnitalNonAssocRing.toNonUnitalNonAssocSemiring.{u_2} A
                  (@NonUnitalRing.toNonUnitalNonAssocRing.{u_2} A
                    (@NonUnitalNormedRing.toNonUnitalRing.{u_2} A inst✝))))
              (@NormedSpace.toModule.{0, u_2} Real A Real.normedField
                (@NonUnitalSeminormedRing.toSeminormedAddCommGroup.{u_2} A
                  (@NonUnitalNormedRing.toNonUnitalSeminormedRing.{u_2} A inst✝))
                inst✝²)))))
      (@instSMulOfMul.{u_2} A
        (@Distrib.toMul.{u_2} A
          (@NonUnitalNonAssocSemiring.toDistrib.{u_2} A
            (@NonUnitalNonAssocRing.toNonUnitalNonAssocSemiring.{u_2} A
              (@NonUnitalRing.toNonUnitalNonAssocRing.{u_2} A (@NonUnitalNormedRing.toNonUnitalRing.{u_2} A inst✝))))))
      (@SMulZeroClass.toSMul.{0, u_2} Real A
        (@AddZero.toZero.{u_2} A
          (@AddZeroClass.toAddZero.{u_2} A
            (@AddMonoid.toAddZeroClass.{u_2} A
              (@SubNegMonoid.toAddMonoid.{u_2} A
                (@AddGroup.toSubNegMonoid.{u_2} A
                  (@AddCommGroup.toAddGroup.{u_2} A
                    (@NonUnitalNonAssocRing.toAddCommGroup.{u_2} A
                      (@NonUnitalRing.toNonUnitalNonAssocRing.{u_2} A
                        (@NonUnitalNormedRing.toNonUnitalRing.{u_2} A inst✝)))))))))
        (@DistribSMul.toSMulZeroClass.{0, u_2} Real A
          (@AddMonoid.toAddZeroClass.{u_2} A
            (@SubNegMonoid.toAddMonoid.{u_2} A
              (@AddGroup.toSubNegMonoid.{u_2} A
                (@AddCommGroup.toAddGroup.{u_2} A
                  (@NonUnitalNonAssocRing.toAddCommGroup.{u_2} A
                    (@NonUnitalRing.toNonUnitalNonAssocRing.{u_2} A
                      (@NonUnitalNormedRing.toNonUnitalRing.{u_2} A inst✝)))))))
          (@DistribMulAction.toDistribSMul.{0, u_2} Real A Real.instMonoid
            (@SubNegMonoid.toAddMonoid.{u_2} A
              (@AddGroup.toSubNegMonoid.{u_2} A
                (@AddCommGroup.toAddGroup.{u_2} A
                  (@NonUnitalNonAssocRing.toAddCommGroup.{u_2} A
                    (@NonUnitalRing.toNonUnitalNonAssocRing.{u_2} A
                      (@NonUnitalNormedRing.toNonUnitalRing.{u_2} A inst✝))))))
            (@Module.toDistribMulAction.{0, u_2} Real A Real.semiring
              (@NonUnitalNonAssocSemiring.toAddCommMonoid.{u_2} A
                (@NonUnitalNonAssocRing.toNonUnitalNonAssocSemiring.{u_2} A
                  (@NonUnitalRing.toNonUnitalNonAssocRing.{u_2} A
                    (@NonUnitalNormedRing.toNonUnitalRing.{u_2} A inst✝))))
              (@NormedSpace.toModule.{0, u_2} Real A Real.normedField
                (@NonUnitalSeminormedRing.toSeminormedAddCommGroup.{u_2} A
                  (@NonUnitalNormedRing.toNonUnitalSeminormedRing.{u_2} A inst✝))
                inst✝²)))))]
  [@NonUnitalContinuousFunctionalCalculus.{0, u_2} Real A
      (@IsSelfAdjoint.{u_2} A
        (@InvolutiveStar.toStar.{u_2} A
          (@StarAddMonoid.toInvolutiveStar.{u_2} A
            (@AddCommMonoid.toAddMonoid.{u_2} A
              (@NonUnitalNonAssocSemiring.toAddCommMonoid.{u_2} A
                (@NonUnitalNonAssocRing.toNonUnitalNonAssocSemiring.{u_2} A
                  (@NonUnitalRing.toNonUnitalNonAssocRing.{u_2} A
                    (@NonUnitalNormedRing.toNonUnitalRing.{u_2} A inst✝)))))
            (@StarRing.toStarAddMonoid.{u_2} A
              (@NonUnitalNonAssocRing.toNonUnitalNonAssocSemiring.{u_2} A
                (@NonUnitalRing.toNonUnitalNonAssocRing.{u_2} A (@NonUnitalNormedRing.toNonUnitalRing.{u_2} A inst✝)))
              inst✝¹))))
      Real.instCommSemiring Real.instNontrivial instStarRingReal Real.metricSpace ⋯ instContinuousStarReal
      (@NonUnitalNormedRing.toNonUnitalRing.{u_2} A inst✝) inst✝¹
      (@UniformSpace.toTopologicalSpace.{u_2} A
        (@PseudoMetricSpace.toUniformSpace.{u_2} A
          (@NonUnitalSeminormedRing.toPseudoMetricSpace.{u_2} A
            (@NonUnitalNormedRing.toNonUnitalSeminormedRing.{u_2} A inst✝))))
      (@NormedSpace.toModule.{0, u_2} Real A Real.normedField
        (@NonUnitalSeminormedRing.toSeminormedAddCommGroup.{u_2} A
          (@NonUnitalNormedRing.toNonUnitalSeminormedRing.{u_2} A inst✝))
        inst✝²)
      inst✝³ inst✝⁴]
  [PartialOrder.{u_2} A]
  [@StarOrderedRing.{u_2} A
      (@NonUnitalRing.toNonUnitalSemiring.{u_2} A (@NonUnitalNormedRing.toNonUnitalRing.{u_2} A inst✝)) inst✝⁵ inst✝¹]
  [@NonnegSpectrumClass.{0, u_2} Real A Real.instCommSemiring Real.partialOrder
      (@NonUnitalNormedRing.toNonUnitalRing.{u_2} A inst✝) inst✝⁵
      (@NormedSpace.toModule.{0, u_2} Real A Real.normedField
        (@NonUnitalSeminormedRing.toSeminormedAddCommGroup.{u_2} A
          (@NonUnitalNormedRing.toNonUnitalSeminormedRing.{u_2} A inst✝))
        inst✝²)]
  {a : A} :
  @Eq.{1} Real
    (@norm.{u_2} A (@NonUnitalNormedRing.toNorm.{u_2} A inst✝)
      (@CFC.abs.{u_2} A (@NonUnitalNormedRing.toNonUnitalRing.{u_2} A inst✝) inst✝¹
        (@UniformSpace.toTopologicalSpace.{u_2} A
          (@PseudoMetricSpace.toUniformSpace.{u_2} A
            (@NonUnitalSeminormedRing.toPseudoMetricSpace.{u_2} A
              (@NonUnitalNormedRing.toNonUnitalSeminormedRing.{u_2} A inst✝))))
        (@NormedSpace.toModule.{0, u_2} Real A Real.normedField
          (@NonUnitalSeminormedRing.toSeminormedAddCommGroup.{u_2} A
            (@NonUnitalNormedRing.toNonUnitalSeminormedRing.{u_2} A inst✝))
          inst✝²)
        inst✝⁴ inst✝³ inst✝⁶ inst✝⁵ inst✝⁷ inst✝⁸ a))
    (@norm.{u_2} A (@NonUnitalNormedRing.toNorm.{u_2} A inst✝) a)
CStarAlgebra.norm_le_one_iff_of_nonneg.{u_1} {A : Type u_1} [CStarAlgebra.{u_1} A] [PartialOrder.{u_1} A]
  [@StarOrderedRing.{u_1} A
      (@Semiring.toNonUnitalSemiring.{u_1} A
        (@Ring.toSemiring.{u_1} A (@NormedRing.toRing.{u_1} A (@CStarAlgebra.toNormedRing.{u_1} A inst✝))))
      inst✝¹ (@CStarAlgebra.toStarRing.{u_1} A inst✝)]
  (a : A)
  (ha :
    @LE.le.{u_1} A (@Preorder.toLE.{u_1} A (@PartialOrder.toPreorder.{u_1} A inst✝¹))
      (@OfNat.ofNat.{u_1} A (nat_lit 0)
        (@Zero.toOfNat0.{u_1} A
          (@MulZeroClass.toZero.{u_1} A
            (@instMulZeroClassOfSemiring.{u_1} A
              (@Ring.toSemiring.{u_1} A (@NormedRing.toRing.{u_1} A (@CStarAlgebra.toNormedRing.{u_1} A inst✝)))))))
      a := by
    cfc_tac) :
  Iff
    (@LE.le.{0} Real Real.instLE
      (@norm.{u_1} A (@NormedRing.toNorm.{u_1} A (@CStarAlgebra.toNormedRing.{u_1} A inst✝)) a)
      (@OfNat.ofNat.{0} Real (nat_lit 1) (@One.toOfNat1.{0} Real Real.instOne)))
    (@LE.le.{u_1} A (@Preorder.toLE.{u_1} A (@PartialOrder.toPreorder.{u_1} A inst✝¹)) a
      (@OfNat.ofNat.{u_1} A (nat_lit 1)
        (@One.toOfNat1.{u_1} A
          (@AddMonoidWithOne.toOne.{u_1} A
            (@AddGroupWithOne.toAddMonoidWithOne.{u_1} A
              (@Ring.toAddGroupWithOne.{u_1} A
                (@NormedRing.toRing.{u_1} A (@CStarAlgebra.toNormedRing.{u_1} A inst✝))))))))
Matrix.l2_opNorm_toEuclideanCLM.{u_1, u_3} {𝕜 : Type u_1} {n : Type u_3} [RCLike.{u_1} 𝕜] [Fintype.{u_3} n]
  [DecidableEq.{u_3 + 1} n] (A : Matrix.{u_3, u_3, u_1} n n 𝕜) :
  @Eq.{1} Real
    (@norm.{max u_1 u_3}
      (@ContinuousLinearMap.{u_1, u_1, max u_3 u_1, max u_3 u_1} 𝕜 𝕜
        (@DivisionSemiring.toSemiring.{u_1} 𝕜
          (@Semifield.toDivisionSemiring.{u_1} 𝕜
            (@Field.toSemifield.{u_1} 𝕜
              (@NormedField.toField.{u_1} 𝕜
                (@DenselyNormedField.toNormedField.{u_1} 𝕜 (@RCLike.toDenselyNormedField.{u_1} 𝕜 inst✝))))))
        (@DivisionSemiring.toSemiring.{u_1} 𝕜
          (@Semifield.toDivisionSemiring.{u_1} 𝕜
            (@Field.toSemifield.{u_1} 𝕜
              (@NormedField.toField.{u_1} 𝕜
                (@DenselyNormedField.toNormedField.{u_1} 𝕜 (@RCLike.toDenselyNormedField.{u_1} 𝕜 inst✝))))))
        (@RingHom.id.{u_1} 𝕜
          (@Semiring.toNonAssocSemiring.{u_1} 𝕜
            (@DivisionSemiring.toSemiring.{u_1} 𝕜
              (@Semifield.toDivisionSemiring.{u_1} 𝕜
                (@Field.toSemifield.{u_1} 𝕜
                  (@NormedField.toField.{u_1} 𝕜
                    (@DenselyNormedField.toNormedField.{u_1} 𝕜 (@RCLike.toDenselyNormedField.{u_1} 𝕜 inst✝))))))))
        (EuclideanSpace.{u_1, u_3} 𝕜 n)
        (@PiLp.topologicalSpace.{u_3, u_1}
          (@OfNat.ofNat.{0} ENNReal (nat_lit 2)
            (@instOfNatAtLeastTwo.{0} ENNReal (nat_lit 2)
              (@AddMonoidWithOne.toNatCast.{0} ENNReal
                (@AddCommMonoidWithOne.toAddMonoidWithOne.{0} ENNReal ENNReal.instAddCommMonoidWithOne))
              PiLp.innerProductSpace._proof_1))
          n (fun x => 𝕜) fun i =>
          @UniformSpace.toTopologicalSpace.{u_1} 𝕜
            (@PseudoMetricSpace.toUniformSpace.{u_1} 𝕜
              (@SeminormedRing.toPseudoMetricSpace.{u_1} 𝕜
                (@SeminormedCommRing.toSeminormedRing.{u_1} 𝕜
                  (@NormedCommRing.toSeminormedCommRing.{u_1} 𝕜
                    (@NormedField.toNormedCommRing.{u_1} 𝕜
                      (@DenselyNormedField.toNormedField.{u_1} 𝕜 (@RCLike.toDenselyNormedField.{u_1} 𝕜 inst✝))))))))
        (@AddCommGroup.toAddCommMonoid.{max u_1 u_3} (EuclideanSpace.{u_1, u_3} 𝕜 n)
          (@WithLp.instAddCommGroup.{max u_1 u_3}
            (@OfNat.ofNat.{0} ENNReal (nat_lit 2)
              (@instOfNatAtLeastTwo.{0} ENNReal (nat_lit 2)
                (@AddMonoidWithOne.toNatCast.{0} ENNReal
                  (@AddCommMonoidWithOne.toAddMonoidWithOne.{0} ENNReal ENNReal.instAddCommMonoidWithOne))
                PiLp.innerProductSpace._proof_1))
            ((i : n) → (fun x => 𝕜) i)
            (@Pi.addCommGroup.{u_3, u_1} n (fun x => 𝕜) fun i =>
              @Ring.toAddCommGroup.{u_1} 𝕜
                (@DivisionRing.toRing.{u_1} 𝕜
                  (@Field.toDivisionRing.{u_1} 𝕜
                    (@NormedField.toField.{u_1} 𝕜
                      (@DenselyNormedField.toNormedField.{u_1} 𝕜 (@RCLike.toDenselyNormedField.{u_1} 𝕜 inst✝))))))))
        (EuclideanSpace.{u_1, u_3} 𝕜 n)
        (@PiLp.topologicalSpace.{u_3, u_1}
          (@OfNat.ofNat.{0} ENNReal (nat_lit 2)
            (@instOfNatAtLeastTwo.{0} ENNReal (nat_lit 2)
              (@AddMonoidWithOne.toNatCast.{0} ENNReal
                (@AddCommMonoidWithOne.toAddMonoidWithOne.{0} ENNReal ENNReal.instAddCommMonoidWithOne))
              PiLp.innerProductSpace._proof_1))
          n (fun x => 𝕜) fun i =>
          @UniformSpace.toTopologicalSpace.{u_1} 𝕜
            (@PseudoMetricSpace.toUniformSpace.{u_1} 𝕜
              (@SeminormedRing.toPseudoMetricSpace.{u_1} 𝕜
                (@SeminormedCommRing.toSeminormedRing.{u_1} 𝕜
                  (@NormedCommRing.toSeminormedCommRing.{u_1} 𝕜
                    (@NormedField.toNormedCommRing.{u_1} 𝕜
                      (@DenselyNormedField.toNormedField.{u_1} 𝕜 (@RCLike.toDenselyNormedField.{u_1} 𝕜 inst✝))))))))
        (@AddCommGroup.toAddCommMonoid.{max u_1 u_3} (EuclideanSpace.{u_1, u_3} 𝕜 n)
          (@WithLp.instAddCommGroup.{max u_1 u_3}
            (@OfNat.ofNat.{0} ENNReal (nat_lit 2)
              (@instOfNatAtLeastTwo.{0} ENNReal (nat_lit 2)
                (@AddMonoidWithOne.toNatCast.{0} ENNReal
                  (@AddCommMonoidWithOne.toAddMonoidWithOne.{0} ENNReal ENNReal.instAddCommMonoidWithOne))
                PiLp.innerProductSpace._proof_1))
            ((i : n) → (fun x => 𝕜) i)
            (@Pi.addCommGroup.{u_3, u_1} n (fun x => 𝕜) fun i =>
              @Ring.toAddCommGroup.{u_1} 𝕜
                (@DivisionRing.toRing.{u_1} 𝕜
                  (@Field.toDivisionRing.{u_1} 𝕜
                    (@NormedField.toField.{u_1} 𝕜
                      (@DenselyNormedField.toNormedField.{u_1} 𝕜 (@RCLike.toDenselyNormedField.{u_1} 𝕜 inst✝))))))))
        (@WithLp.instModule.{u_1, max u_1 u_3}
          (@OfNat.ofNat.{0} ENNReal (nat_lit 2)
            (@instOfNatAtLeastTwo.{0} ENNReal (nat_lit 2)
              (@AddMonoidWithOne.toNatCast.{0} ENNReal
                (@AddCommMonoidWithOne.toAddMonoidWithOne.{0} ENNReal ENNReal.instAddCommMonoidWithOne))
              PiLp.innerProductSpace._proof_1))
          𝕜 ((i : n) → (fun x => 𝕜) i)
          (@DivisionSemiring.toSemiring.{u_1} 𝕜
            (@Semifield.toDivisionSemiring.{u_1} 𝕜
              (@Field.toSemifield.{u_1} 𝕜
                (@NormedField.toField.{u_1} 𝕜
                  (@DenselyNormedField.toNormedField.{u_1} 𝕜 (@RCLike.toDenselyNormedField.{u_1} 𝕜 inst✝))))))
          (@Pi.addCommGroup.{u_3, u_1} n (fun x => 𝕜) fun i =>
            @Ring.toAddCommGroup.{u_1} 𝕜
              (@DivisionRing.toRing.{u_1} 𝕜
                (@Field.toDivisionRing.{u_1} 𝕜
                  (@NormedField.toField.{u_1} 𝕜
                    (@DenselyNormedField.toNormedField.{u_1} 𝕜 (@RCLike.toDenselyNormedField.{u_1} 𝕜 inst✝))))))
          (@Pi.Function.module.{u_3, u_1, u_1} n 𝕜 𝕜
            (@DivisionSemiring.toSemiring.{u_1} 𝕜
              (@Semifield.toDivisionSemiring.{u_1} 𝕜
                (@Field.toSemifield.{u_1} 𝕜
                  (@NormedField.toField.{u_1} 𝕜
                    (@DenselyNormedField.toNormedField.{u_1} 𝕜 (@RCLike.toDenselyNormedField.{u_1} 𝕜 inst✝))))))
            (@Semiring.toAddCommMonoid.{u_1} 𝕜
              (@Ring.toSemiring.{u_1} 𝕜
                (@DivisionRing.toRing.{u_1} 𝕜
                  (@Field.toDivisionRing.{u_1} 𝕜
                    (@NormedField.toField.{u_1} 𝕜
                      (@DenselyNormedField.toNormedField.{u_1} 𝕜 (@RCLike.toDenselyNormedField.{u_1} 𝕜 inst✝)))))))
            (@Semiring.toModule.{u_1} 𝕜
              (@DivisionSemiring.toSemiring.{u_1} 𝕜
                (@Semifield.toDivisionSemiring.{u_1} 𝕜
                  (@Field.toSemifield.{u_1} 𝕜
                    (@NormedField.toField.{u_1} 𝕜
                      (@DenselyNormedField.toNormedField.{u_1} 𝕜 (@RCLike.toDenselyNormedField.{u_1} 𝕜 inst✝)))))))))
        (@WithLp.instModule.{u_1, max u_1 u_3}
          (@OfNat.ofNat.{0} ENNReal (nat_lit 2)
            (@instOfNatAtLeastTwo.{0} ENNReal (nat_lit 2)
              (@AddMonoidWithOne.toNatCast.{0} ENNReal
                (@AddCommMonoidWithOne.toAddMonoidWithOne.{0} ENNReal ENNReal.instAddCommMonoidWithOne))
              PiLp.innerProductSpace._proof_1))
          𝕜 ((i : n) → (fun x => 𝕜) i)
          (@DivisionSemiring.toSemiring.{u_1} 𝕜
            (@Semifield.toDivisionSemiring.{u_1} 𝕜
              (@Field.toSemifield.{u_1} 𝕜
                (@NormedField.toField.{u_1} 𝕜
                  (@DenselyNormedField.toNormedField.{u_1} 𝕜 (@RCLike.toDenselyNormedField.{u_1} 𝕜 inst✝))))))
          (@Pi.addCommGroup.{u_3, u_1} n (fun x => 𝕜) fun i =>
            @Ring.toAddCommGroup.{u_1} 𝕜
              (@DivisionRing.toRing.{u_1} 𝕜
                (@Field.toDivisionRing.{u_1} 𝕜
                  (@NormedField.toField.{u_1} 𝕜
                    (@DenselyNormedField.toNormedField.{u_1} 𝕜 (@RCLike.toDenselyNormedField.{u_1} 𝕜 inst✝))))))
          (@Pi.Function.module.{u_3, u_1, u_1} n 𝕜 𝕜
            (@DivisionSemiring.toSemiring.{u_1} 𝕜
              (@Semifield.toDivisionSemiring.{u_1} 𝕜
                (@Field.toSemifield.{u_1} 𝕜
                  (@NormedField.toField.{u_1} 𝕜
                    (@DenselyNormedField.toNormedField.{u_1} 𝕜 (@RCLike.toDenselyNormedField.{u_1} 𝕜 inst✝))))))
            (@Semiring.toAddCommMonoid.{u_1} 𝕜
              (@Ring.toSemiring.{u_1} 𝕜
                (@DivisionRing.toRing.{u_1} 𝕜
                  (@Field.toDivisionRing.{u_1} 𝕜
                    (@NormedField.toField.{u_1} 𝕜
                      (@DenselyNormedField.toNormedField.{u_1} 𝕜 (@RCLike.toDenselyNormedField.{u_1} 𝕜 inst✝)))))))
            (@Semiring.toModule.{u_1} 𝕜
              (@DivisionSemiring.toSemiring.{u_1} 𝕜
                (@Semifield.toDivisionSemiring.{u_1} 𝕜
                  (@Field.toSemifield.{u_1} 𝕜
                    (@NormedField.toField.{u_1} 𝕜
                      (@DenselyNormedField.toNormedField.{u_1} 𝕜 (@RCLike.toDenselyNormedField.{u_1} 𝕜 inst✝))))))))))
      (@ContinuousLinearMap.hasOpNorm.{u_1, u_1, max u_1 u_3, max u_1 u_3} 𝕜 𝕜 (EuclideanSpace.{u_1, u_3} 𝕜 n)
        (EuclideanSpace.{u_1, u_3} 𝕜 n)
        (@PiLp.seminormedAddCommGroup.{u_3, u_1}
          (@OfNat.ofNat.{0} ENNReal (nat_lit 2)
            (@instOfNatAtLeastTwo.{0} ENNReal (nat_lit 2)
              (@AddMonoidWithOne.toNatCast.{0} ENNReal
                (@AddCommMonoidWithOne.toAddMonoidWithOne.{0} ENNReal ENNReal.instAddCommMonoidWithOne))
              PiLp.innerProductSpace._proof_1))
          n (fun x => 𝕜) fact_one_le_two_ennreal inst✝¹ fun i =>
          @NonUnitalSeminormedRing.toSeminormedAddCommGroup.{u_1} 𝕜
            (@NonUnitalSeminormedCommRing.toNonUnitalSeminormedRing.{u_1} 𝕜
              (@SeminormedCommRing.toNonUnitalSeminormedCommRing.{u_1} 𝕜
                (@NormedCommRing.toSeminormedCommRing.{u_1} 𝕜
                  (@NormedField.toNormedCommRing.{u_1} 𝕜
                    (@DenselyNormedField.toNormedField.{u_1} 𝕜 (@RCLike.toDenselyNormedField.{u_1} 𝕜 inst✝)))))))
        (@PiLp.seminormedAddCommGroup.{u_3, u_1}
          (@OfNat.ofNat.{0} ENNReal (nat_lit 2)
            (@instOfNatAtLeastTwo.{0} ENNReal (nat_lit 2)
              (@AddMonoidWithOne.toNatCast.{0} ENNReal
                (@AddCommMonoidWithOne.toAddMonoidWithOne.{0} ENNReal ENNReal.instAddCommMonoidWithOne))
              PiLp.innerProductSpace._proof_1))
          n (fun x => 𝕜) fact_one_le_two_ennreal inst✝¹ fun i =>
          @NonUnitalSeminormedRing.toSeminormedAddCommGroup.{u_1} 𝕜
            (@NonUnitalSeminormedCommRing.toNonUnitalSeminormedRing.{u_1} 𝕜
              (@SeminormedCommRing.toNonUnitalSeminormedCommRing.{u_1} 𝕜
                (@NormedCommRing.toSeminormedCommRing.{u_1} 𝕜
                  (@NormedField.toNormedCommRing.{u_1} 𝕜
                    (@DenselyNormedField.toNormedField.{u_1} 𝕜 (@RCLike.toDenselyNormedField.{u_1} 𝕜 inst✝)))))))
        (@DenselyNormedField.toNontriviallyNormedField.{u_1} 𝕜 (@RCLike.toDenselyNormedField.{u_1} 𝕜 inst✝))
        (@DenselyNormedField.toNontriviallyNormedField.{u_1} 𝕜 (@RCLike.toDenselyNormedField.{u_1} 𝕜 inst✝))
        (@PiLp.normedSpace.{u_1, u_3, u_1}
          (@OfNat.ofNat.{0} ENNReal (nat_lit 2)
            (@instOfNatAtLeastTwo.{0} ENNReal (nat_lit 2)
              (@AddMonoidWithOne.toNatCast.{0} ENNReal
                (@AddCommMonoidWithOne.toAddMonoidWithOne.{0} ENNReal ENNReal.instAddCommMonoidWithOne))
              PiLp.innerProductSpace._proof_1))
          𝕜 n (fun x => 𝕜) fact_one_le_two_ennreal inst✝¹
          (@NontriviallyNormedField.toNormedField.{u_1} 𝕜
            (@DenselyNormedField.toNontriviallyNormedField.{u_1} 𝕜 (@RCLike.toDenselyNormedField.{u_1} 𝕜 inst✝)))
          (fun i =>
            @NonUnitalSeminormedRing.toSeminormedAddCommGroup.{u_1} 𝕜
              (@NonUnitalSeminormedCommRing.toNonUnitalSeminormedRing.{u_1} 𝕜
                (@SeminormedCommRing.toNonUnitalSeminormedCommRing.{u_1} 𝕜
                  (@NormedCommRing.toSeminormedCommRing.{u_1} 𝕜
                    (@NormedField.toNormedCommRing.{u_1} 𝕜
                      (@DenselyNormedField.toNormedField.{u_1} 𝕜 (@RCLike.toDenselyNormedField.{u_1} 𝕜 inst✝)))))))
          fun i =>
          @InnerProductSpace.toNormedSpace.{u_1, u_1} 𝕜 𝕜 inst✝
            (@NonUnitalSeminormedRing.toSeminormedAddCommGroup.{u_1} 𝕜
              (@NonUnitalSeminormedCommRing.toNonUnitalSeminormedRing.{u_1} 𝕜
                (@SeminormedCommRing.toNonUnitalSeminormedCommRing.{u_1} 𝕜
                  (@NormedCommRing.toSeminormedCommRing.{u_1} 𝕜
                    (@NormedField.toNormedCommRing.{u_1} 𝕜
                      (@DenselyNormedField.toNormedField.{u_1} 𝕜 (@RCLike.toDenselyNormedField.{u_1} 𝕜 inst✝)))))))
            (@RCLike.innerProductSpace.{u_1} 𝕜 inst✝))
        (@PiLp.normedSpace.{u_1, u_3, u_1}
          (@OfNat.ofNat.{0} ENNReal (nat_lit 2)
            (@instOfNatAtLeastTwo.{0} ENNReal (nat_lit 2)
              (@AddMonoidWithOne.toNatCast.{0} ENNReal
                (@AddCommMonoidWithOne.toAddMonoidWithOne.{0} ENNReal ENNReal.instAddCommMonoidWithOne))
              PiLp.innerProductSpace._proof_1))
          𝕜 n (fun x => 𝕜) fact_one_le_two_ennreal inst✝¹
          (@NontriviallyNormedField.toNormedField.{u_1} 𝕜
            (@DenselyNormedField.toNontriviallyNormedField.{u_1} 𝕜 (@RCLike.toDenselyNormedField.{u_1} 𝕜 inst✝)))
          (fun i =>
            @NonUnitalSeminormedRing.toSeminormedAddCommGroup.{u_1} 𝕜
              (@NonUnitalSeminormedCommRing.toNonUnitalSeminormedRing.{u_1} 𝕜
                (@SeminormedCommRing.toNonUnitalSeminormedCommRing.{u_1} 𝕜
                  (@NormedCommRing.toSeminormedCommRing.{u_1} 𝕜
                    (@NormedField.toNormedCommRing.{u_1} 𝕜
                      (@DenselyNormedField.toNormedField.{u_1} 𝕜 (@RCLike.toDenselyNormedField.{u_1} 𝕜 inst✝)))))))
          fun i =>
          @InnerProductSpace.toNormedSpace.{u_1, u_1} 𝕜 𝕜 inst✝
            (@NonUnitalSeminormedRing.toSeminormedAddCommGroup.{u_1} 𝕜
              (@NonUnitalSeminormedCommRing.toNonUnitalSeminormedRing.{u_1} 𝕜
                (@SeminormedCommRing.toNonUnitalSeminormedCommRing.{u_1} 𝕜
                  (@NormedCommRing.toSeminormedCommRing.{u_1} 𝕜
                    (@NormedField.toNormedCommRing.{u_1} 𝕜
                      (@DenselyNormedField.toNormedField.{u_1} 𝕜 (@RCLike.toDenselyNormedField.{u_1} 𝕜 inst✝)))))))
            (@RCLike.innerProductSpace.{u_1} 𝕜 inst✝))
        (@RingHom.id.{u_1} 𝕜
          (@Semiring.toNonAssocSemiring.{u_1} 𝕜
            (@DivisionSemiring.toSemiring.{u_1} 𝕜
              (@Semifield.toDivisionSemiring.{u_1} 𝕜
                (@Field.toSemifield.{u_1} 𝕜
                  (@NormedField.toField.{u_1} 𝕜
                    (@DenselyNormedField.toNormedField.{u_1} 𝕜 (@RCLike.toDenselyNormedField.{u_1} 𝕜 inst✝)))))))))
      (@DFunLike.coe.{max (u_1 + 1) (u_3 + 1), max (u_1 + 1) (u_3 + 1), max (u_1 + 1) (u_3 + 1)}
        (@StarAlgEquiv.{u_1, max u_1 u_3, max u_3 u_1} 𝕜 (Matrix.{u_3, u_3, u_1} n n 𝕜)
          (@ContinuousLinearMap.{u_1, u_1, max u_3 u_1, max u_3 u_1} 𝕜 𝕜
            (@DivisionSemiring.toSemiring.{u_1} 𝕜
              (@Semifield.toDivisionSemiring.{u_1} 𝕜
                (@Field.toSemifield.{u_1} 𝕜
                  (@NormedField.toField.{u_1} 𝕜
                    (@DenselyNormedField.toNormedField.{u_1} 𝕜 (@RCLike.toDenselyNormedField.{u_1} 𝕜 inst✝))))))
            (@DivisionSemiring.toSemiring.{u_1} 𝕜
              (@Semifield.toDivisionSemiring.{u_1} 𝕜
                (@Field.toSemifield.{u_1} 𝕜
                  (@NormedField.toField.{u_1} 𝕜
                    (@DenselyNormedField.toNormedField.{u_1} 𝕜 (@RCLike.toDenselyNormedField.{u_1} 𝕜 inst✝))))))
            (@RingHom.id.{u_1} 𝕜
              (@Semiring.toNonAssocSemiring.{u_1} 𝕜
                (@DivisionSemiring.toSemiring.{u_1} 𝕜
                  (@Semifield.toDivisionSemiring.{u_1} 𝕜
                    (@Field.toSemifield.{u_1} 𝕜
                      (@NormedField.toField.{u_1} 𝕜
                        (@DenselyNormedField.toNormedField.{u_1} 𝕜 (@RCLike.toDenselyNormedField.{u_1} 𝕜 inst✝))))))))
            (EuclideanSpace.{u_1, u_3} 𝕜 n)
            (@PiLp.topologicalSpace.{u_3, u_1}
              (@OfNat.ofNat.{0} ENNReal (nat_lit 2)
                (@instOfNatAtLeastTwo.{0} ENNReal (nat_lit 2)
                  (@AddMonoidWithOne.toNatCast.{0} ENNReal
                    (@AddCommMonoidWithOne.toAddMonoidWithOne.{0} ENNReal ENNReal.instAddCommMonoidWithOne))
                  PiLp.innerProductSpace._proof_1))
              n (fun x => 𝕜) fun i =>
              @UniformSpace.toTopologicalSpace.{u_1} 𝕜
                (@PseudoMetricSpace.toUniformSpace.{u_1} 𝕜
                  (@SeminormedRing.toPseudoMetricSpace.{u_1} 𝕜
                    (@SeminormedCommRing.toSeminormedRing.{u_1} 𝕜
                      (@NormedCommRing.toSeminormedCommRing.{u_1} 𝕜
                        (@NormedField.toNormedCommRing.{u_1} 𝕜
                          (@DenselyNormedField.toNormedField.{u_1} 𝕜 (@RCLike.toDenselyNormedField.{u_1} 𝕜 inst✝))))))))
            (@AddCommGroup.toAddCommMonoid.{max u_1 u_3} (EuclideanSpace.{u_1, u_3} 𝕜 n)
              (@WithLp.instAddCommGroup.{max u_1 u_3}
                (@OfNat.ofNat.{0} ENNReal (nat_lit 2)
                  (@instOfNatAtLeastTwo.{0} ENNReal (nat_lit 2)
                    (@AddMonoidWithOne.toNatCast.{0} ENNReal
                      (@AddCommMonoidWithOne.toAddMonoidWithOne.{0} ENNReal ENNReal.instAddCommMonoidWithOne))
                    PiLp.innerProductSpace._proof_1))
                ((i : n) → (fun x => 𝕜) i)
                (@Pi.addCommGroup.{u_3, u_1} n (fun x => 𝕜) fun i =>
                  @Ring.toAddCommGroup.{u_1} 𝕜
                    (@DivisionRing.toRing.{u_1} 𝕜
                      (@Field.toDivisionRing.{u_1} 𝕜
                        (@NormedField.toField.{u_1} 𝕜
                          (@DenselyNormedField.toNormedField.{u_1} 𝕜 (@RCLike.toDenselyNormedField.{u_1} 𝕜 inst✝))))))))
            (EuclideanSpace.{u_1, u_3} 𝕜 n)
            (@PiLp.topologicalSpace.{u_3, u_1}
              (@OfNat.ofNat.{0} ENNReal (nat_lit 2)
                (@instOfNatAtLeastTwo.{0} ENNReal (nat_lit 2)
                  (@AddMonoidWithOne.toNatCast.{0} ENNReal
                    (@AddCommMonoidWithOne.toAddMonoidWithOne.{0} ENNReal ENNReal.instAddCommMonoidWithOne))
                  PiLp.innerProductSpace._proof_1))
              n (fun x => 𝕜) fun i =>
              @UniformSpace.toTopologicalSpace.{u_1} 𝕜
                (@PseudoMetricSpace.toUniformSpace.{u_1} 𝕜
                  (@SeminormedRing.toPseudoMetricSpace.{u_1} 𝕜
                    (@SeminormedCommRing.toSeminormedRing.{u_1} 𝕜
                      (@NormedCommRing.toSeminormedCommRing.{u_1} 𝕜
                        (@NormedField.toNormedCommRing.{u_1} 𝕜
                          (@DenselyNormedField.toNormedField.{u_1} 𝕜 (@RCLike.toDenselyNormedField.{u_1} 𝕜 inst✝))))))))
            (@AddCommGroup.toAddCommMonoid.{max u_1 u_3} (EuclideanSpace.{u_1, u_3} 𝕜 n)
              (@WithLp.instAddCommGroup.{max u_1 u_3}
                (@OfNat.ofNat.{0} ENNReal (nat_lit 2)
                  (@instOfNatAtLeastTwo.{0} ENNReal (nat_lit 2)
                    (@AddMonoidWithOne.toNatCast.{0} ENNReal
                      (@AddCommMonoidWithOne.toAddMonoidWithOne.{0} ENNReal ENNReal.instAddCommMonoidWithOne))
                    PiLp.innerProductSpace._proof_1))
                ((i : n) → (fun x => 𝕜) i)
                (@Pi.addCommGroup.{u_3, u_1} n (fun x => 𝕜) fun i =>
                  @Ring.toAddCommGroup.{u_1} 𝕜
                    (@DivisionRing.toRing.{u_1} 𝕜
                      (@Field.toDivisionRing.{u_1} 𝕜
                        (@NormedField.toField.{u_1} 𝕜
                          (@DenselyNormedField.toNormedField.{u_1} 𝕜 (@RCLike.toDenselyNormedField.{u_1} 𝕜 inst✝))))))))
            (@WithLp.instModule.{u_1, max u_1 u_3}
              (@OfNat.ofNat.{0} ENNReal (nat_lit 2)
                (@instOfNatAtLeastTwo.{0} ENNReal (nat_lit 2)
                  (@AddMonoidWithOne.toNatCast.{0} ENNReal
                    (@AddCommMonoidWithOne.toAddMonoidWithOne.{0} ENNReal ENNReal.instAddCommMonoidWithOne))
                  PiLp.innerProductSpace._proof_1))
              𝕜 ((i : n) → (fun x => 𝕜) i)
              (@DivisionSemiring.toSemiring.{u_1} 𝕜
                (@Semifield.toDivisionSemiring.{u_1} 𝕜
                  (@Field.toSemifield.{u_1} 𝕜
                    (@NormedField.toField.{u_1} 𝕜
                      (@DenselyNormedField.toNormedField.{u_1} 𝕜 (@RCLike.toDenselyNormedField.{u_1} 𝕜 inst✝))))))
              (@Pi.addCommGroup.{u_3, u_1} n (fun x => 𝕜) fun i =>
                @Ring.toAddCommGroup.{u_1} 𝕜
                  (@DivisionRing.toRing.{u_1} 𝕜
                    (@Field.toDivisionRing.{u_1} 𝕜
                      (@NormedField.toField.{u_1} 𝕜
                        (@DenselyNormedField.toNormedField.{u_1} 𝕜 (@RCLike.toDenselyNormedField.{u_1} 𝕜 inst✝))))))
              (@Pi.Function.module.{u_3, u_1, u_1} n 𝕜 𝕜
                (@DivisionSemiring.toSemiring.{u_1} 𝕜
                  (@Semifield.toDivisionSemiring.{u_1} 𝕜
                    (@Field.toSemifield.{u_1} 𝕜
                      (@NormedField.toField.{u_1} 𝕜
                        (@DenselyNormedField.toNormedField.{u_1} 𝕜 (@RCLike.toDenselyNormedField.{u_1} 𝕜 inst✝))))))
                (@Semiring.toAddCommMonoid.{u_1} 𝕜
                  (@Ring.toSemiring.{u_1} 𝕜
                    (@DivisionRing.toRing.{u_1} 𝕜
                      (@Field.toDivisionRing.{u_1} 𝕜
                        (@NormedField.toField.{u_1} 𝕜
                          (@DenselyNormedField.toNormedField.{u_1} 𝕜 (@RCLike.toDenselyNormedField.{u_1} 𝕜 inst✝)))))))
                (@Semiring.toModule.{u_1} 𝕜
                  (@DivisionSemiring.toSemiring.{u_1} 𝕜
                    (@Semifield.toDivisionSemiring.{u_1} 𝕜
                      (@Field.toSemifield.{u_1} 𝕜
                        (@NormedField.toField.{u_1} 𝕜
                          (@DenselyNormedField.toNormedField.{u_1} 𝕜
                            (@RCLike.toDenselyNormedField.{u_1} 𝕜 inst✝)))))))))
            (@WithLp.instModule.{u_1, max u_1 u_3}
              (@OfNat.ofNat.{0} ENNReal (nat_lit 2)
                (@instOfNatAtLeastTwo.{0} ENNReal (nat_lit 2)
                  (@AddMonoidWithOne.toNatCast.{0} ENNReal
                    (@AddCommMonoidWithOne.toAddMonoidWithOne.{0} ENNReal ENNReal.instAddCommMonoidWithOne))
                  PiLp.innerProductSpace._proof_1))
              𝕜 ((i : n) → (fun x => 𝕜) i)
              (@DivisionSemiring.toSemiring.{u_1} 𝕜
                (@Semifield.toDivisionSemiring.{u_1} 𝕜
                  (@Field.toSemifield.{u_1} 𝕜
                    (@NormedField.toField.{u_1} 𝕜
                      (@DenselyNormedField.toNormedField.{u_1} 𝕜 (@RCLike.toDenselyNormedField.{u_1} 𝕜 inst✝))))))
              (@Pi.addCommGroup.{u_3, u_1} n (fun x => 𝕜) fun i =>
                @Ring.toAddCommGroup.{u_1} 𝕜
                  (@DivisionRing.toRing.{u_1} 𝕜
                    (@Field.toDivisionRing.{u_1} 𝕜
                      (@NormedField.toField.{u_1} 𝕜
                        (@DenselyNormedField.toNormedField.{u_1} 𝕜 (@RCLike.toDenselyNormedField.{u_1} 𝕜 inst✝))))))
              (@Pi.Function.module.{u_3, u_1, u_1} n 𝕜 𝕜
                (@DivisionSemiring.toSemiring.{u_1} 𝕜
                  (@Semifield.toDivisionSemiring.{u_1} 𝕜
                    (@Field.toSemifield.{u_1} 𝕜
                      (@NormedField.toField.{u_1} 𝕜
                        (@DenselyNormedField.toNormedField.{u_1} 𝕜 (@RCLike.toDenselyNormedField.{u_1} 𝕜 inst✝))))))
                (@Semiring.toAddCommMonoid.{u_1} 𝕜
                  (@Ring.toSemiring.{u_1} 𝕜
                    (@DivisionRing.toRing.{u_1} 𝕜
                      (@Field.toDivisionRing.{u_1} 𝕜
                        (@NormedField.toField.{u_1} 𝕜
                          (@DenselyNormedField.toNormedField.{u_1} 𝕜 (@RCLike.toDenselyNormedField.{u_1} 𝕜 inst✝)))))))
                (@Semiring.toModule.{u_1} 𝕜
                  (@DivisionSemiring.toSemiring.{u_1} 𝕜
                    (@Semifield.toDivisionSemiring.{u_1} 𝕜
                      (@Field.toSemifield.{u_1} 𝕜
                        (@NormedField.toField.{u_1} 𝕜
                          (@DenselyNormedField.toNormedField.{u_1} 𝕜
                            (@RCLike.toDenselyNormedField.{u_1} 𝕜 inst✝))))))))))
          (@Matrix.add.{u_1, u_3, u_3} n n 𝕜
            (@Distrib.toAdd.{u_1} 𝕜
              (@instDistribOfSemiring.{u_1} 𝕜
                (@DivisionSemiring.toSemiring.{u_1} 𝕜
                  (@Semifield.toDivisionSemiring.{u_1} 𝕜
                    (@Field.toSemifield.{u_1} 𝕜
                      (@NormedField.toField.{u_1} 𝕜
                        (@DenselyNormedField.toNormedField.{u_1} 𝕜 (@RCLike.toDenselyNormedField.{u_1} 𝕜 inst✝)))))))))
          (@ContinuousLinearMap.add.{u_1, u_1, max u_1 u_3, max u_1 u_3} 𝕜 𝕜
            (@DivisionSemiring.toSemiring.{u_1} 𝕜
              (@Semifield.toDivisionSemiring.{u_1} 𝕜
                (@Field.toSemifield.{u_1} 𝕜
                  (@NormedField.toField.{u_1} 𝕜
                    (@DenselyNormedField.toNormedField.{u_1} 𝕜 (@RCLike.toDenselyNormedField.{u_1} 𝕜 inst✝))))))
            (@DivisionSemiring.toSemiring.{u_1} 𝕜
              (@Semifield.toDivisionSemiring.{u_1} 𝕜
                (@Field.toSemifield.{u_1} 𝕜
                  (@NormedField.toField.{u_1} 𝕜
                    (@DenselyNormedField.toNormedField.{u_1} 𝕜 (@RCLike.toDenselyNormedField.{u_1} 𝕜 inst✝))))))
            (@RingHom.id.{u_1} 𝕜
              (@Semiring.toNonAssocSemiring.{u_1} 𝕜
                (@DivisionSemiring.toSemiring.{u_1} 𝕜
                  (@Semifield.toDivisionSemiring.{u_1} 𝕜
                    (@Field.toSemifield.{u_1} 𝕜
                      (@NormedField.toField.{u_1} 𝕜
                        (@DenselyNormedField.toNormedField.{u_1} 𝕜 (@RCLike.toDenselyNormedField.{u_1} 𝕜 inst✝))))))))
            (EuclideanSpace.{u_1, u_3} 𝕜 n)
            (@PiLp.topologicalSpace.{u_3, u_1}
              (@OfNat.ofNat.{0} ENNReal (nat_lit 2)
                (@instOfNatAtLeastTwo.{0} ENNReal (nat_lit 2)
                  (@AddMonoidWithOne.toNatCast.{0} ENNReal
                    (@AddCommMonoidWithOne.toAddMonoidWithOne.{0} ENNReal ENNReal.instAddCommMonoidWithOne))
                  PiLp.innerProductSpace._proof_1))
              n (fun x => 𝕜) fun i =>
              @UniformSpace.toTopologicalSpace.{u_1} 𝕜
                (@PseudoMetricSpace.toUniformSpace.{u_1} 𝕜
                  (@SeminormedRing.toPseudoMetricSpace.{u_1} 𝕜
                    (@SeminormedCommRing.toSeminormedRing.{u_1} 𝕜
                      (@NormedCommRing.toSeminormedCommRing.{u_1} 𝕜
                        (@NormedField.toNormedCommRing.{u_1} 𝕜
                          (@DenselyNormedField.toNormedField.{u_1} 𝕜 (@RCLike.toDenselyNormedField.{u_1} 𝕜 inst✝))))))))
            (@AddCommGroup.toAddCommMonoid.{max u_1 u_3} (EuclideanSpace.{u_1, u_3} 𝕜 n)
              (@WithLp.instAddCommGroup.{max u_1 u_3}
                (@OfNat.ofNat.{0} ENNReal (nat_lit 2)
                  (@instOfNatAtLeastTwo.{0} ENNReal (nat_lit 2)
                    (@AddMonoidWithOne.toNatCast.{0} ENNReal
                      (@AddCommMonoidWithOne.toAddMonoidWithOne.{0} ENNReal ENNReal.instAddCommMonoidWithOne))
                    PiLp.innerProductSpace._proof_1))
                ((i : n) → (fun x => 𝕜) i)
                (@Pi.addCommGroup.{u_3, u_1} n (fun x => 𝕜) fun i =>
                  @Ring.toAddCommGroup.{u_1} 𝕜
                    (@DivisionRing.toRing.{u_1} 𝕜
                      (@Field.toDivisionRing.{u_1} 𝕜
                        (@NormedField.toField.{u_1} 𝕜
                          (@DenselyNormedField.toNormedField.{u_1} 𝕜 (@RCLike.toDenselyNormedField.{u_1} 𝕜 inst✝))))))))
            (EuclideanSpace.{u_1, u_3} 𝕜 n)
            (@PiLp.topologicalSpace.{u_3, u_1}
              (@OfNat.ofNat.{0} ENNReal (nat_lit 2)
                (@instOfNatAtLeastTwo.{0} ENNReal (nat_lit 2)
                  (@AddMonoidWithOne.toNatCast.{0} ENNReal
                    (@AddCommMonoidWithOne.toAddMonoidWithOne.{0} ENNReal ENNReal.instAddCommMonoidWithOne))
                  PiLp.innerProductSpace._proof_1))
              n (fun x => 𝕜) fun i =>
              @UniformSpace.toTopologicalSpace.{u_1} 𝕜
                (@PseudoMetricSpace.toUniformSpace.{u_1} 𝕜
                  (@SeminormedRing.toPseudoMetricSpace.{u_1} 𝕜
                    (@SeminormedCommRing.toSeminormedRing.{u_1} 𝕜
                      (@NormedCommRing.toSeminormedCommRing.{u_1} 𝕜
                        (@NormedField.toNormedCommRing.{u_1} 𝕜
                          (@DenselyNormedField.toNormedField.{u_1} 𝕜 (@RCLike.toDenselyNormedField.{u_1} 𝕜 inst✝))))))))
            (@AddCommGroup.toAddCommMonoid.{max u_1 u_3} (EuclideanSpace.{u_1, u_3} 𝕜 n)
              (@WithLp.instAddCommGroup.{max u_1 u_3}
                (@OfNat.ofNat.{0} ENNReal (nat_lit 2)
                  (@instOfNatAtLeastTwo.{0} ENNReal (nat_lit 2)
                    (@AddMonoidWithOne.toNatCast.{0} ENNReal
                      (@AddCommMonoidWithOne.toAddMonoidWithOne.{0} ENNReal ENNReal.instAddCommMonoidWithOne))
                    PiLp.innerProductSpace._proof_1))
                ((i : n) → (fun x => 𝕜) i)
                (@Pi.addCommGroup.{u_3, u_1} n (fun x => 𝕜) fun i =>
                  @Ring.toAddCommGroup.{u_1} 𝕜
                    (@DivisionRing.toRing.{u_1} 𝕜
                      (@Field.toDivisionRing.{u_1} 𝕜
                        (@NormedField.toField.{u_1} 𝕜
                          (@DenselyNormedField.toNormedField.{u_1} 𝕜 (@RCLike.toDenselyNormedField.{u_1} 𝕜 inst✝))))))))
            (@WithLp.instModule.{u_1, max u_1 u_3}
              (@OfNat.ofNat.{0} ENNReal (nat_lit 2)
                (@instOfNatAtLeastTwo.{0} ENNReal (nat_lit 2)
                  (@AddMonoidWithOne.toNatCast.{0} ENNReal
                    (@AddCommMonoidWithOne.toAddMonoidWithOne.{0} ENNReal ENNReal.instAddCommMonoidWithOne))
                  PiLp.innerProductSpace._proof_1))
              𝕜 ((i : n) → (fun x => 𝕜) i)
              (@DivisionSemiring.toSemiring.{u_1} 𝕜
                (@Semifield.toDivisionSemiring.{u_1} 𝕜
                  (@Field.toSemifield.{u_1} 𝕜
                    (@NormedField.toField.{u_1} 𝕜
                      (@DenselyNormedField.toNormedField.{u_1} 𝕜 (@RCLike.toDenselyNormedField.{u_1} 𝕜 inst✝))))))
              (@Pi.addCommGroup.{u_3, u_1} n (fun x => 𝕜) fun i =>
                @Ring.toAddCommGroup.{u_1} 𝕜
                  (@DivisionRing.toRing.{u_1} 𝕜
                    (@Field.toDivisionRing.{u_1} 𝕜
                      (@NormedField.toField.{u_1} 𝕜
                        (@DenselyNormedField.toNormedField.{u_1} 𝕜 (@RCLike.toDenselyNormedField.{u_1} 𝕜 inst✝))))))
              (@Pi.Function.module.{u_3, u_1, u_1} n 𝕜 𝕜
                (@DivisionSemiring.toSemiring.{u_1} 𝕜
                  (@Semifield.toDivisionSemiring.{u_1} 𝕜
                    (@Field.toSemifield.{u_1} 𝕜
                      (@NormedField.toField.{u_1} 𝕜
                        (@DenselyNormedField.toNormedField.{u_1} 𝕜 (@RCLike.toDenselyNormedField.{u_1} 𝕜 inst✝))))))
                (@Semiring.toAddCommMonoid.{u_1} 𝕜
                  (@Ring.toSemiring.{u_1} 𝕜
                    (@DivisionRing.toRing.{u_1} 𝕜
                      (@Field.toDivisionRing.{u_1} 𝕜
                        (@NormedField.toField.{u_1} 𝕜
                          (@DenselyNormedField.toNormedField.{u_1} 𝕜 (@RCLike.toDenselyNormedField.{u_1} 𝕜 inst✝)))))))
                (@Semiring.toModule.{u_1} 𝕜
                  (@DivisionSemiring.toSemiring.{u_1} 𝕜
                    (@Semifield.toDivisionSemiring.{u_1} 𝕜
                      (@Field.toSemifield.{u_1} 𝕜
                        (@NormedField.toField.{u_1} 𝕜
                          (@DenselyNormedField.toNormedField.{u_1} 𝕜
                            (@RCLike.toDenselyNormedField.{u_1} 𝕜 inst✝)))))))))
            (@WithLp.instModule.{u_1, max u_1 u_3}
              (@OfNat.ofNat.{0} ENNReal (nat_lit 2)
                (@instOfNatAtLeastTwo.{0} ENNReal (nat_lit 2)
                  (@AddMonoidWithOne.toNatCast.{0} ENNReal
                    (@AddCommMonoidWithOne.toAddMonoidWithOne.{0} ENNReal ENNReal.instAddCommMonoidWithOne))
                  PiLp.innerProductSpace._proof_1))
              𝕜 ((i : n) → (fun x => 𝕜) i)
              (@DivisionSemiring.toSemiring.{u_1} 𝕜
                (@Semifield.toDivisionSemiring.{u_1} 𝕜
                  (@Field.toSemifield.{u_1} 𝕜
                    (@NormedField.toField.{u_1} 𝕜
                      (@DenselyNormedField.toNormedField.{u_1} 𝕜 (@RCLike.toDenselyNormedField.{u_1} 𝕜 inst✝))))))
              (@Pi.addCommGroup.{u_3, u_1} n (fun x => 𝕜) fun i =>
                @Ring.toAddCommGroup.{u_1} 𝕜
                  (@DivisionRing.toRing.{u_1} 𝕜
                    (@Field.toDivisionRing.{u_1} 𝕜
                      (@NormedField.toField.{u_1} 𝕜
                        (@DenselyNormedField.toNormedField.{u_1} 𝕜 (@RCLike.toDenselyNormedField.{u_1} 𝕜 inst✝))))))
              (@Pi.Function.module.{u_3, u_1, u_1} n 𝕜 𝕜
                (@DivisionSemiring.toSemiring.{u_1} 𝕜
                  (@Semifield.toDivisionSemiring.{u_1} 𝕜
                    (@Field.toSemifield.{u_1} 𝕜
                      (@NormedField.toField.{u_1} 𝕜
                        (@DenselyNormedField.toNormedField.{u_1} 𝕜 (@RCLike.toDenselyNormedField.{u_1} 𝕜 inst✝))))))
                (@Semiring.toAddCommMonoid.{u_1} 𝕜
                  (@Ring.toSemiring.{u_1} 𝕜
                    (@DivisionRing.toRing.{u_1} 𝕜
                      (@Field.toDivisionRing.{u_1} 𝕜
                        (@NormedField.toField.{u_1} 𝕜
                          (@DenselyNormedField.toNormedField.{u_1} 𝕜 (@RCLike.toDenselyNormedField.{u_1} 𝕜 inst✝)))))))
                (@Semiring.toModule.{u_1} 𝕜
                  (@DivisionSemiring.toSemiring.{u_1} 𝕜
                    (@Semifield.toDivisionSemiring.{u_1} 𝕜
                      (@Field.toSemifield.{u_1} 𝕜
                        (@NormedField.toField.{u_1} 𝕜
                          (@DenselyNormedField.toNormedField.{u_1} 𝕜
                            (@RCLike.toDenselyNormedField.{u_1} 𝕜 inst✝)))))))))
            ⋯)
          (@Matrix.instMulOfFintypeOfAddCommMonoid.{u_1, u_3} n 𝕜 inst✝¹
            (@Distrib.toMul.{u_1} 𝕜
              (@instDistribOfSemiring.{u_1} 𝕜
                (@DivisionSemiring.toSemiring.{u_1} 𝕜
                  (@Semifield.toDivisionSemiring.{u_1} 𝕜
                    (@Field.toSemifield.{u_1} 𝕜
                      (@NormedField.toField.{u_1} 𝕜
                        (@DenselyNormedField.toNormedField.{u_1} 𝕜 (@RCLike.toDenselyNormedField.{u_1} 𝕜 inst✝))))))))
            (@Semiring.toAddCommMonoid.{u_1} 𝕜
              (@DivisionSemiring.toSemiring.{u_1} 𝕜
                (@Semifield.toDivisionSemiring.{u_1} 𝕜
                  (@Field.toSemifield.{u_1} 𝕜
                    (@NormedField.toField.{u_1} 𝕜
                      (@DenselyNormedField.toNormedField.{u_1} 𝕜 (@RCLike.toDenselyNormedField.{u_1} 𝕜 inst✝))))))))
          (@ContinuousLinearMap.instMul.{u_1, max u_1 u_3} 𝕜
            (@DivisionSemiring.toSemiring.{u_1} 𝕜
              (@Semifield.toDivisionSemiring.{u_1} 𝕜
                (@Field.toSemifield.{u_1} 𝕜
                  (@NormedField.toField.{u_1} 𝕜
                    (@DenselyNormedField.toNormedField.{u_1} 𝕜 (@RCLike.toDenselyNormedField.{u_1} 𝕜 inst✝))))))
            (EuclideanSpace.{u_1, u_3} 𝕜 n)
            (@PiLp.topologicalSpace.{u_3, u_1}
              (@OfNat.ofNat.{0} ENNReal (nat_lit 2)
                (@instOfNatAtLeastTwo.{0} ENNReal (nat_lit 2)
                  (@AddMonoidWithOne.toNatCast.{0} ENNReal
                    (@AddCommMonoidWithOne.toAddMonoidWithOne.{0} ENNReal ENNReal.instAddCommMonoidWithOne))
                  PiLp.innerProductSpace._proof_1))
              n (fun x => 𝕜) fun i =>
              @UniformSpace.toTopologicalSpace.{u_1} 𝕜
                (@PseudoMetricSpace.toUniformSpace.{u_1} 𝕜
                  (@SeminormedRing.toPseudoMetricSpace.{u_1} 𝕜
                    (@SeminormedCommRing.toSeminormedRing.{u_1} 𝕜
                      (@NormedCommRing.toSeminormedCommRing.{u_1} 𝕜
                        (@NormedField.toNormedCommRing.{u_1} 𝕜
                          (@DenselyNormedField.toNormedField.{u_1} 𝕜 (@RCLike.toDenselyNormedField.{u_1} 𝕜 inst✝))))))))
            (@AddCommGroup.toAddCommMonoid.{max u_1 u_3} (EuclideanSpace.{u_1, u_3} 𝕜 n)
              (@WithLp.instAddCommGroup.{max u_1 u_3}
                (@OfNat.ofNat.{0} ENNReal (nat_lit 2)
                  (@instOfNatAtLeastTwo.{0} ENNReal (nat_lit 2)
                    (@AddMonoidWithOne.toNatCast.{0} ENNReal
                      (@AddCommMonoidWithOne.toAddMonoidWithOne.{0} ENNReal ENNReal.instAddCommMonoidWithOne))
                    PiLp.innerProductSpace._proof_1))
                ((i : n) → (fun x => 𝕜) i)
                (@Pi.addCommGroup.{u_3, u_1} n (fun x => 𝕜) fun i =>
                  @Ring.toAddCommGroup.{u_1} 𝕜
                    (@DivisionRing.toRing.{u_1} 𝕜
                      (@Field.toDivisionRing.{u_1} 𝕜
                        (@NormedField.toField.{u_1} 𝕜
                          (@DenselyNormedField.toNormedField.{u_1} 𝕜 (@RCLike.toDenselyNormedField.{u_1} 𝕜 inst✝))))))))
            (@WithLp.instModule.{u_1, max u_1 u_3}
              (@OfNat.ofNat.{0} ENNReal (nat_lit 2)
                (@instOfNatAtLeastTwo.{0} ENNReal (nat_lit 2)
                  (@AddMonoidWithOne.toNatCast.{0} ENNReal
                    (@AddCommMonoidWithOne.toAddMonoidWithOne.{0} ENNReal ENNReal.instAddCommMonoidWithOne))
                  PiLp.innerProductSpace._proof_1))
              𝕜 ((i : n) → (fun x => 𝕜) i)
              (@DivisionSemiring.toSemiring.{u_1} 𝕜
                (@Semifield.toDivisionSemiring.{u_1} 𝕜
                  (@Field.toSemifield.{u_1} 𝕜
                    (@NormedField.toField.{u_1} 𝕜
                      (@DenselyNormedField.toNormedField.{u_1} 𝕜 (@RCLike.toDenselyNormedField.{u_1} 𝕜 inst✝))))))
              (@Pi.addCommGroup.{u_3, u_1} n (fun x => 𝕜) fun i =>
                @Ring.toAddCommGroup.{u_1} 𝕜
                  (@DivisionRing.toRing.{u_1} 𝕜
                    (@Field.toDivisionRing.{u_1} 𝕜
                      (@NormedField.toField.{u_1} 𝕜
                        (@DenselyNormedField.toNormedField.{u_1} 𝕜 (@RCLike.toDenselyNormedField.{u_1} 𝕜 inst✝))))))
              (@Pi.Function.module.{u_3, u_1, u_1} n 𝕜 𝕜
                (@DivisionSemiring.toSemiring.{u_1} 𝕜
                  (@Semifield.toDivisionSemiring.{u_1} 𝕜
                    (@Field.toSemifield.{u_1} 𝕜
                      (@NormedField.toField.{u_1} 𝕜
                        (@DenselyNormedField.toNormedField.{u_1} 𝕜 (@RCLike.toDenselyNormedField.{u_1} 𝕜 inst✝))))))
                (@Semiring.toAddCommMonoid.{u_1} 𝕜
                  (@Ring.toSemiring.{u_1} 𝕜
                    (@DivisionRing.toRing.{u_1} 𝕜
                      (@Field.toDivisionRing.{u_1} 𝕜
                        (@NormedField.toField.{u_1} 𝕜
                          (@DenselyNormedField.toNormedField.{u_1} 𝕜 (@RCLike.toDenselyNormedField.{u_1} 𝕜 inst✝)))))))
                (@Semiring.toModule.{u_1} 𝕜
                  (@DivisionSemiring.toSemiring.{u_1} 𝕜
                    (@Semifield.toDivisionSemiring.{u_1} 𝕜
                      (@Field.toSemifield.{u_1} 𝕜
                        (@NormedField.toField.{u_1} 𝕜
                          (@DenselyNormedField.toNormedField.{u_1} 𝕜
                            (@RCLike.toDenselyNormedField.{u_1} 𝕜 inst✝))))))))))
          (@Matrix.smul.{u_1, u_3, u_3, u_1} n n 𝕜 𝕜
            (@instSMulOfMul.{u_1} 𝕜
              (@Distrib.toMul.{u_1} 𝕜
                (@instDistribOfSemiring.{u_1} 𝕜
                  (@DivisionSemiring.toSemiring.{u_1} 𝕜
                    (@Semifield.toDivisionSemiring.{u_1} 𝕜
                      (@Field.toSemifield.{u_1} 𝕜
                        (@NormedField.toField.{u_1} 𝕜
                          (@DenselyNormedField.toNormedField.{u_1} 𝕜
                            (@RCLike.toDenselyNormedField.{u_1} 𝕜 inst✝))))))))))
          (@ContinuousLinearMap.instSMul.{u_1, u_1, max u_1 u_3, max u_1 u_3, u_1} 𝕜 𝕜
            (@DivisionSemiring.toSemiring.{u_1} 𝕜
              (@Semifield.toDivisionSemiring.{u_1} 𝕜
                (@Field.toSemifield.{u_1} 𝕜
                  (@NormedField.toField.{u_1} 𝕜
                    (@DenselyNormedField.toNormedField.{u_1} 𝕜 (@RCLike.toDenselyNormedField.{u_1} 𝕜 inst✝))))))
            (@DivisionSemiring.toSemiring.{u_1} 𝕜
              (@Semifield.toDivisionSemiring.{u_1} 𝕜
                (@Field.toSemifield.{u_1} 𝕜
                  (@NormedField.toField.{u_1} 𝕜
                    (@DenselyNormedField.toNormedField.{u_1} 𝕜 (@RCLike.toDenselyNormedField.{u_1} 𝕜 inst✝))))))
            (@RingHom.id.{u_1} 𝕜
              (@Semiring.toNonAssocSemiring.{u_1} 𝕜
                (@DivisionSemiring.toSemiring.{u_1} 𝕜
                  (@Semifield.toDivisionSemiring.{u_1} 𝕜
                    (@Field.toSemifield.{u_1} 𝕜
                      (@NormedField.toField.{u_1} 𝕜
                        (@DenselyNormedField.toNormedField.{u_1} 𝕜 (@RCLike.toDenselyNormedField.{u_1} 𝕜 inst✝))))))))
            (EuclideanSpace.{u_1, u_3} 𝕜 n)
            (@PiLp.topologicalSpace.{u_3, u_1}
              (@OfNat.ofNat.{0} ENNReal (nat_lit 2)
                (@instOfNatAtLeastTwo.{0} ENNReal (nat_lit 2)
                  (@AddMonoidWithOne.toNatCast.{0} ENNReal
                    (@AddCommMonoidWithOne.toAddMonoidWithOne.{0} ENNReal ENNReal.instAddCommMonoidWithOne))
                  PiLp.innerProductSpace._proof_1))
              n (fun x => 𝕜) fun i =>
              @UniformSpace.toTopologicalSpace.{u_1} 𝕜
                (@PseudoMetricSpace.toUniformSpace.{u_1} 𝕜
                  (@SeminormedRing.toPseudoMetricSpace.{u_1} 𝕜
                    (@SeminormedCommRing.toSeminormedRing.{u_1} 𝕜
                      (@NormedCommRing.toSeminormedCommRing.{u_1} 𝕜
                        (@NormedField.toNormedCommRing.{u_1} 𝕜
                          (@DenselyNormedField.toNormedField.{u_1} 𝕜 (@RCLike.toDenselyNormedField.{u_1} 𝕜 inst✝))))))))
            (@AddCommGroup.toAddCommMonoid.{max u_1 u_3} (EuclideanSpace.{u_1, u_3} 𝕜 n)
              (@WithLp.instAddCommGroup.{max u_1 u_3}
                (@OfNat.ofNat.{0} ENNReal (nat_lit 2)
                  (@instOfNatAtLeastTwo.{0} ENNReal (nat_lit 2)
                    (@AddMonoidWithOne.toNatCast.{0} ENNReal
                      (@AddCommMonoidWithOne.toAddMonoidWithOne.{0} ENNReal ENNReal.instAddCommMonoidWithOne))
                    PiLp.innerProductSpace._proof_1))
                ((i : n) → (fun x => 𝕜) i)
                (@Pi.addCommGroup.{u_3, u_1} n (fun x => 𝕜) fun i =>
                  @Ring.toAddCommGroup.{u_1} 𝕜
                    (@DivisionRing.toRing.{u_1} 𝕜
                      (@Field.toDivisionRing.{u_1} 𝕜
                        (@NormedField.toField.{u_1} 𝕜
                          (@DenselyNormedField.toNormedField.{u_1} 𝕜 (@RCLike.toDenselyNormedField.{u_1} 𝕜 inst✝))))))))
            (EuclideanSpace.{u_1, u_3} 𝕜 n)
            (@PiLp.topologicalSpace.{u_3, u_1}
              (@OfNat.ofNat.{0} ENNReal (nat_lit 2)
                (@instOfNatAtLeastTwo.{0} ENNReal (nat_lit 2)
                  (@AddMonoidWithOne.toNatCast.{0} ENNReal
                    (@AddCommMonoidWithOne.toAddMonoidWithOne.{0} ENNReal ENNReal.instAddCommMonoidWithOne))
                  PiLp.innerProductSpace._proof_1))
              n (fun x => 𝕜) fun i =>
              @UniformSpace.toTopologicalSpace.{u_1} 𝕜
                (@PseudoMetricSpace.toUniformSpace.{u_1} 𝕜
                  (@SeminormedRing.toPseudoMetricSpace.{u_1} 𝕜
                    (@SeminormedCommRing.toSeminormedRing.{u_1} 𝕜
                      (@NormedCommRing.toSeminormedCommRing.{u_1} 𝕜
                        (@NormedField.toNormedCommRing.{u_1} 𝕜
                          (@DenselyNormedField.toNormedField.{u_1} 𝕜 (@RCLike.toDenselyNormedField.{u_1} 𝕜 inst✝))))))))
            (@AddCommGroup.toAddCommMonoid.{max u_1 u_3} (EuclideanSpace.{u_1, u_3} 𝕜 n)
              (@WithLp.instAddCommGroup.{max u_1 u_3}
                (@OfNat.ofNat.{0} ENNReal (nat_lit 2)
                  (@instOfNatAtLeastTwo.{0} ENNReal (nat_lit 2)
                    (@AddMonoidWithOne.toNatCast.{0} ENNReal
                      (@AddCommMonoidWithOne.toAddMonoidWithOne.{0} ENNReal ENNReal.instAddCommMonoidWithOne))
                    PiLp.innerProductSpace._proof_1))
                ((i : n) → (fun x => 𝕜) i)
                (@Pi.addCommGroup.{u_3, u_1} n (fun x => 𝕜) fun i =>
                  @Ring.toAddCommGroup.{u_1} 𝕜
                    (@DivisionRing.toRing.{u_1} 𝕜
                      (@Field.toDivisionRing.{u_1} 𝕜
                        (@NormedField.toField.{u_1} 𝕜
                          (@DenselyNormedField.toNormedField.{u_1} 𝕜 (@RCLike.toDenselyNormedField.{u_1} 𝕜 inst✝))))))))
            (@WithLp.instModule.{u_1, max u_1 u_3}
              (@OfNat.ofNat.{0} ENNReal (nat_lit 2)
                (@instOfNatAtLeastTwo.{0} ENNReal (nat_lit 2)
                  (@AddMonoidWithOne.toNatCast.{0} ENNReal
                    (@AddCommMonoidWithOne.toAddMonoidWithOne.{0} ENNReal ENNReal.instAddCommMonoidWithOne))
                  PiLp.innerProductSpace._proof_1))
              𝕜 ((i : n) → (fun x => 𝕜) i)
              (@DivisionSemiring.toSemiring.{u_1} 𝕜
                (@Semifield.toDivisionSemiring.{u_1} 𝕜
                  (@Field.toSemifield.{u_1} 𝕜
                    (@NormedField.toField.{u_1} 𝕜
                      (@DenselyNormedField.toNormedField.{u_1} 𝕜 (@RCLike.toDenselyNormedField.{u_1} 𝕜 inst✝))))))
              (@Pi.addCommGroup.{u_3, u_1} n (fun x => 𝕜) fun i =>
                @Ring.toAddCommGroup.{u_1} 𝕜
                  (@DivisionRing.toRing.{u_1} 𝕜
                    (@Field.toDivisionRing.{u_1} 𝕜
                      (@NormedField.toField.{u_1} 𝕜
                        (@DenselyNormedField.toNormedField.{u_1} 𝕜 (@RCLike.toDenselyNormedField.{u_1} 𝕜 inst✝))))))
              (@Pi.Function.module.{u_3, u_1, u_1} n 𝕜 𝕜
                (@DivisionSemiring.toSemiring.{u_1} 𝕜
                  (@Semifield.toDivisionSemiring.{u_1} 𝕜
                    (@Field.toSemifield.{u_1} 𝕜
                      (@NormedField.toField.{u_1} 𝕜
                        (@DenselyNormedField.toNormedField.{u_1} 𝕜 (@RCLike.toDenselyNormedField.{u_1} 𝕜 inst✝))))))
                (@Semiring.toAddCommMonoid.{u_1} 𝕜
                  (@Ring.toSemiring.{u_1} 𝕜
                    (@DivisionRing.toRing.{u_1} 𝕜
                      (@Field.toDivisionRing.{u_1} 𝕜
                        (@NormedField.toField.{u_1} 𝕜
                          (@DenselyNormedField.toNormedField.{u_1} 𝕜 (@RCLike.toDenselyNormedField.{u_1} 𝕜 inst✝)))))))
                (@Semiring.toModule.{u_1} 𝕜
                  (@DivisionSemiring.toSemiring.{u_1} 𝕜
                    (@Semifield.toDivisionSemiring.{u_1} 𝕜
                      (@Field.toSemifield.{u_1} 𝕜
                        (@NormedField.toField.{u_1} 𝕜
                          (@DenselyNormedField.toNormedField.{u_1} 𝕜
                            (@RCLike.toDenselyNormedField.{u_1} 𝕜 inst✝)))))))))
            (@WithLp.instModule.{u_1, max u_1 u_3}
              (@OfNat.ofNat.{0} ENNReal (nat_lit 2)
                (@instOfNatAtLeastTwo.{0} ENNReal (nat_lit 2)
                  (@AddMonoidWithOne.toNatCast.{0} ENNReal
                    (@AddCommMonoidWithOne.toAddMonoidWithOne.{0} ENNReal ENNReal.instAddCommMonoidWithOne))
                  PiLp.innerProductSpace._proof_1))
              𝕜 ((i : n) → (fun x => 𝕜) i)
              (@DivisionSemiring.toSemiring.{u_1} 𝕜
                (@Semifield.toDivisionSemiring.{u_1} 𝕜
                  (@Field.toSemifield.{u_1} 𝕜
                    (@NormedField.toField.{u_1} 𝕜
                      (@DenselyNormedField.toNormedField.{u_1} 𝕜 (@RCLike.toDenselyNormedField.{u_1} 𝕜 inst✝))))))
              (@Pi.addCommGroup.{u_3, u_1} n (fun x => 𝕜) fun i =>
                @Ring.toAddCommGroup.{u_1} 𝕜
                  (@DivisionRing.toRing.{u_1} 𝕜
                    (@Field.toDivisionRing.{u_1} 𝕜
                      (@NormedField.toField.{u_1} 𝕜
                        (@DenselyNormedField.toNormedField.{u_1} 𝕜 (@RCLike.toDenselyNormedField.{u_1} 𝕜 inst✝))))))
              (@Pi.Function.module.{u_3, u_1, u_1} n 𝕜 𝕜
                (@DivisionSemiring.toSemiring.{u_1} 𝕜
                  (@Semifield.toDivisionSemiring.{u_1} 𝕜
                    (@Field.toSemifield.{u_1} 𝕜
                      (@NormedField.toField.{u_1} 𝕜
                        (@DenselyNormedField.toNormedField.{u_1} 𝕜 (@RCLike.toDenselyNormedField.{u_1} 𝕜 inst✝))))))
                (@Semiring.toAddCommMonoid.{u_1} 𝕜
                  (@Ring.toSemiring.{u_1} 𝕜
                    (@DivisionRing.toRing.{u_1} 𝕜
                      (@Field.toDivisionRing.{u_1} 𝕜
                        (@NormedField.toField.{u_1} 𝕜
                          (@DenselyNormedField.toNormedField.{u_1} 𝕜 (@RCLike.toDenselyNormedField.{u_1} 𝕜 inst✝)))))))
                (@Semiring.toModule.{u_1} 𝕜
                  (@DivisionSemiring.toSemiring.{u_1} 𝕜
                    (@Semifield.toDivisionSemiring.{u_1} 𝕜
                      (@Field.toSemifield.{u_1} 𝕜
                        (@NormedField.toField.{u_1} 𝕜
                          (@DenselyNormedField.toNormedField.{u_1} 𝕜
                            (@RCLike.toDenselyNormedField.{u_1} 𝕜 inst✝)))))))))
            𝕜
            (@DistribMulAction.toDistribSMul.{u_1, max u_1 u_3} 𝕜 (EuclideanSpace.{u_1, u_3} 𝕜 n)
              (@Semiring.toMonoid.{u_1} 𝕜
                (@DivisionSemiring.toSemiring.{u_1} 𝕜
                  (@Semifield.toDivisionSemiring.{u_1} 𝕜
                    (@Field.toSemifield.{u_1} 𝕜
                      (@NormedField.toField.{u_1} 𝕜
                        (@DenselyNormedField.toNormedField.{u_1} 𝕜 (@RCLike.toDenselyNormedField.{u_1} 𝕜 inst✝)))))))
              (@SubNegMonoid.toAddMonoid.{max u_1 u_3} (EuclideanSpace.{u_1, u_3} 𝕜 n)
                (@AddGroup.toSubNegMonoid.{max u_1 u_3} (EuclideanSpace.{u_1, u_3} 𝕜 n)
                  (@AddCommGroup.toAddGroup.{max u_1 u_3} (EuclideanSpace.{u_1, u_3} 𝕜 n)
                    (@WithLp.instAddCommGroup.{max u_1 u_3}
                      (@OfNat.ofNat.{0} ENNReal (nat_lit 2)
                        (@instOfNatAtLeastTwo.{0} ENNReal (nat_lit 2)
                          (@AddMonoidWithOne.toNatCast.{0} ENNReal
                            (@AddCommMonoidWithOne.toAddMonoidWithOne.{0} ENNReal ENNReal.instAddCommMonoidWithOne))
                          PiLp.innerProductSpace._proof_1))
                      ((i : n) → (fun x => 𝕜) i)
                      (@Pi.addCommGroup.{u_3, u_1} n (fun x => 𝕜) fun i =>
                        @Ring.toAddCommGroup.{u_1} 𝕜
                          (@DivisionRing.toRing.{u_1} 𝕜
                            (@Field.toDivisionRing.{u_1} 𝕜
                              (@NormedField.toField.{u_1} 𝕜
                                (@DenselyNormedField.toNormedField.{u_1} 𝕜
                                  (@RCLike.toDenselyNormedField.{u_1} 𝕜 inst✝))))))))))
              (@WithLp.instDistribMulAction.{u_1, max u_1 u_3}
                (@OfNat.ofNat.{0} ENNReal (nat_lit 2)
                  (@instOfNatAtLeastTwo.{0} ENNReal (nat_lit 2)
                    (@AddMonoidWithOne.toNatCast.{0} ENNReal
                      (@AddCommMonoidWithOne.toAddMonoidWithOne.{0} ENNReal ENNReal.instAddCommMonoidWithOne))
                    PiLp.innerProductSpace._proof_1))
                𝕜 ((i : n) → (fun x => 𝕜) i)
                (@Semiring.toMonoid.{u_1} 𝕜
                  (@DivisionSemiring.toSemiring.{u_1} 𝕜
                    (@Semifield.toDivisionSemiring.{u_1} 𝕜
                      (@Field.toSemifield.{u_1} 𝕜
                        (@NormedField.toField.{u_1} 𝕜
                          (@DenselyNormedField.toNormedField.{u_1} 𝕜 (@RCLike.toDenselyNormedField.{u_1} 𝕜 inst✝)))))))
                (@Pi.addCommGroup.{u_3, u_1} n (fun x => 𝕜) fun i =>
                  @Ring.toAddCommGroup.{u_1} 𝕜
                    (@DivisionRing.toRing.{u_1} 𝕜
                      (@Field.toDivisionRing.{u_1} 𝕜
                        (@NormedField.toField.{u_1} 𝕜
                          (@DenselyNormedField.toNormedField.{u_1} 𝕜 (@RCLike.toDenselyNormedField.{u_1} 𝕜 inst✝))))))
                (@Pi.distribMulAction.{u_3, u_1, u_1} n (fun x => 𝕜) 𝕜
                  (@Semiring.toMonoid.{u_1} 𝕜
                    (@DivisionSemiring.toSemiring.{u_1} 𝕜
                      (@Semifield.toDivisionSemiring.{u_1} 𝕜
                        (@Field.toSemifield.{u_1} 𝕜
                          (@NormedField.toField.{u_1} 𝕜
                            (@DenselyNormedField.toNormedField.{u_1} 𝕜
                              (@RCLike.toDenselyNormedField.{u_1} 𝕜 inst✝)))))))
                  (fun i =>
                    @SubNegMonoid.toAddMonoid.{u_1} ((fun x => 𝕜) i)
                      ((fun i =>
                          @AddGroup.toSubNegMonoid.{u_1} ((fun x => 𝕜) i)
                            ((fun i =>
                                @AddCommGroup.toAddGroup.{u_1} ((fun x => 𝕜) i)
                                  ((fun i =>
                                      @Ring.toAddCommGroup.{u_1} 𝕜
                                        (@DivisionRing.toRing.{u_1} 𝕜
                                          (@Field.toDivisionRing.{u_1} 𝕜
                                            (@NormedField.toField.{u_1} 𝕜
                                              (@DenselyNormedField.toNormedField.{u_1} 𝕜
                                                (@RCLike.toDenselyNormedField.{u_1} 𝕜 inst✝))))))
                                    i))
                              i))
                        i))
                  fun i =>
                  @Module.toDistribMulAction.{u_1, u_1} 𝕜 𝕜
                    (@DivisionSemiring.toSemiring.{u_1} 𝕜
                      (@Semifield.toDivisionSemiring.{u_1} 𝕜
                        (@Field.toSemifield.{u_1} 𝕜
                          (@NormedField.toField.{u_1} 𝕜
                            (@DenselyNormedField.toNormedField.{u_1} 𝕜 (@RCLike.toDenselyNormedField.{u_1} 𝕜 inst✝))))))
                    (@Semiring.toAddCommMonoid.{u_1} 𝕜
                      (@DivisionSemiring.toSemiring.{u_1} 𝕜
                        (@Semifield.toDivisionSemiring.{u_1} 𝕜
                          (@Field.toSemifield.{u_1} 𝕜
                            (@NormedField.toField.{u_1} 𝕜
                              (@DenselyNormedField.toNormedField.{u_1} 𝕜
                                (@RCLike.toDenselyNormedField.{u_1} 𝕜 inst✝)))))))
                    (@Semiring.toModule.{u_1} 𝕜
                      (@DivisionSemiring.toSemiring.{u_1} 𝕜
                        (@Semifield.toDivisionSemiring.{u_1} 𝕜
                          (@Field.toSemifield.{u_1} 𝕜
                            (@NormedField.toField.{u_1} 𝕜
                              (@DenselyNormedField.toNormedField.{u_1} 𝕜
                                (@RCLike.toDenselyNormedField.{u_1} 𝕜 inst✝))))))))))
            ⋯ ⋯)
          (@Matrix.instStar.{u_1, u_3} n 𝕜
            (@InvolutiveStar.toStar.{u_1} 𝕜
              (@StarAddMonoid.toInvolutiveStar.{u_1} 𝕜
                (@AddCommMonoid.toAddMonoid.{u_1} 𝕜
                  (@NonUnitalNonAssocSemiring.toAddCommMonoid.{u_1} 𝕜
                    (@NonUnitalNonAssocRing.toNonUnitalNonAssocSemiring.{u_1} 𝕜
                      (@NonUnitalNonAssocCommRing.toNonUnitalNonAssocRing.{u_1} 𝕜
                        (@NonUnitalCommRing.toNonUnitalNonAssocCommRing.{u_1} 𝕜
                          (@CommRing.toNonUnitalCommRing.{u_1} 𝕜
                            (@Field.toCommRing.{u_1} 𝕜
                              (@NormedField.toField.{u_1} 𝕜
                                (@DenselyNormedField.toNormedField.{u_1} 𝕜
                                  (@RCLike.toDenselyNormedField.{u_1} 𝕜 inst✝))))))))))
                (@StarRing.toStarAddMonoid.{u_1} 𝕜
                  (@NonUnitalNonAssocRing.toNonUnitalNonAssocSemiring.{u_1} 𝕜
                    (@NonUnitalNonAssocCommRing.toNonUnitalNonAssocRing.{u_1} 𝕜
                      (@NonUnitalCommRing.toNonUnitalNonAssocCommRing.{u_1} 𝕜
                        (@CommRing.toNonUnitalCommRing.{u_1} 𝕜
                          (@Field.toCommRing.{u_1} 𝕜
                            (@NormedField.toField.{u_1} 𝕜
                              (@DenselyNormedField.toNormedField.{u_1} 𝕜
                                (@RCLike.toDenselyNormedField.{u_1} 𝕜 inst✝))))))))
                  (@RCLike.toStarRing.{u_1} 𝕜 inst✝)))))
          (@ContinuousLinearMap.instStarId.{u_1, max u_1 u_3} 𝕜 (EuclideanSpace.{u_1, u_3} 𝕜 n) inst✝
            (@PiLp.normedAddCommGroup.{u_3, u_1}
              (@OfNat.ofNat.{0} ENNReal (nat_lit 2)
                (@instOfNatAtLeastTwo.{0} ENNReal (nat_lit 2)
                  (@AddMonoidWithOne.toNatCast.{0} ENNReal
                    (@AddCommMonoidWithOne.toAddMonoidWithOne.{0} ENNReal ENNReal.instAddCommMonoidWithOne))
                  PiLp.innerProductSpace._proof_1))
              n (fun x => 𝕜) fact_one_le_two_ennreal inst✝¹ fun i =>
              @NonUnitalNormedRing.toNormedAddCommGroup.{u_1} 𝕜
                (@NonUnitalNormedCommRing.toNonUnitalNormedRing.{u_1} 𝕜
                  (@NormedCommRing.toNonUnitalNormedCommRing.{u_1} 𝕜
                    (@NormedField.toNormedCommRing.{u_1} 𝕜
                      (@DenselyNormedField.toNormedField.{u_1} 𝕜 (@RCLike.toDenselyNormedField.{u_1} 𝕜 inst✝))))))
            (@PiLp.innerProductSpace.{u_1, u_3, u_1} 𝕜 inst✝ n inst✝¹ (fun x => 𝕜)
              (fun i =>
                @NonUnitalNormedRing.toNormedAddCommGroup.{u_1} 𝕜
                  (@NonUnitalNormedCommRing.toNonUnitalNormedRing.{u_1} 𝕜
                    (@NormedCommRing.toNonUnitalNormedCommRing.{u_1} 𝕜
                      (@NormedField.toNormedCommRing.{u_1} 𝕜
                        (@DenselyNormedField.toNormedField.{u_1} 𝕜 (@RCLike.toDenselyNormedField.{u_1} 𝕜 inst✝))))))
              fun i => @RCLike.innerProductSpace.{u_1} 𝕜 inst✝)
            ⋯))
        (Matrix.{u_3, u_3, u_1} n n 𝕜)
        (fun x =>
          @ContinuousLinearMap.{u_1, u_1, max u_3 u_1, max u_3 u_1} 𝕜 𝕜
            (@DivisionSemiring.toSemiring.{u_1} 𝕜
              (@Semifield.toDivisionSemiring.{u_1} 𝕜
                (@Field.toSemifield.{u_1} 𝕜
                  (@NormedField.toField.{u_1} 𝕜
                    (@DenselyNormedField.toNormedField.{u_1} 𝕜 (@RCLike.toDenselyNormedField.{u_1} 𝕜 inst✝))))))
            (@DivisionSemiring.toSemiring.{u_1} 𝕜
              (@Semifield.toDivisionSemiring.{u_1} 𝕜
                (@Field.toSemifield.{u_1} 𝕜
                  (@NormedField.toField.{u_1} 𝕜
                    (@DenselyNormedField.toNormedField.{u_1} 𝕜 (@RCLike.toDenselyNormedField.{u_1} 𝕜 inst✝))))))
            (@RingHom.id.{u_1} 𝕜
              (@Semiring.toNonAssocSemiring.{u_1} 𝕜
                (@DivisionSemiring.toSemiring.{u_1} 𝕜
                  (@Semifield.toDivisionSemiring.{u_1} 𝕜
                    (@Field.toSemifield.{u_1} 𝕜
                      (@NormedField.toField.{u_1} 𝕜
                        (@DenselyNormedField.toNormedField.{u_1} 𝕜 (@RCLike.toDenselyNormedField.{u_1} 𝕜 inst✝))))))))
            (EuclideanSpace.{u_1, u_3} 𝕜 n)
            (@PiLp.topologicalSpace.{u_3, u_1}
              (@OfNat.ofNat.{0} ENNReal (nat_lit 2)
                (@instOfNatAtLeastTwo.{0} ENNReal (nat_lit 2)
                  (@AddMonoidWithOne.toNatCast.{0} ENNReal
                    (@AddCommMonoidWithOne.toAddMonoidWithOne.{0} ENNReal ENNReal.instAddCommMonoidWithOne))
                  PiLp.innerProductSpace._proof_1))
              n (fun x => 𝕜) fun i =>
              @UniformSpace.toTopologicalSpace.{u_1} 𝕜
                (@PseudoMetricSpace.toUniformSpace.{u_1} 𝕜
                  (@SeminormedRing.toPseudoMetricSpace.{u_1} 𝕜
                    (@SeminormedCommRing.toSeminormedRing.{u_1} 𝕜
                      (@NormedCommRing.toSeminormedCommRing.{u_1} 𝕜
                        (@NormedField.toNormedCommRing.{u_1} 𝕜
                          (@DenselyNormedField.toNormedField.{u_1} 𝕜 (@RCLike.toDenselyNormedField.{u_1} 𝕜 inst✝))))))))
            (@AddCommGroup.toAddCommMonoid.{max u_1 u_3} (EuclideanSpace.{u_1, u_3} 𝕜 n)
              (@WithLp.instAddCommGroup.{max u_1 u_3}
                (@OfNat.ofNat.{0} ENNReal (nat_lit 2)
                  (@instOfNatAtLeastTwo.{0} ENNReal (nat_lit 2)
                    (@AddMonoidWithOne.toNatCast.{0} ENNReal
                      (@AddCommMonoidWithOne.toAddMonoidWithOne.{0} ENNReal ENNReal.instAddCommMonoidWithOne))
                    PiLp.innerProductSpace._proof_1))
                ((i : n) → (fun x => 𝕜) i)
                (@Pi.addCommGroup.{u_3, u_1} n (fun x => 𝕜) fun i =>
                  @Ring.toAddCommGroup.{u_1} 𝕜
                    (@DivisionRing.toRing.{u_1} 𝕜
                      (@Field.toDivisionRing.{u_1} 𝕜
                        (@NormedField.toField.{u_1} 𝕜
                          (@DenselyNormedField.toNormedField.{u_1} 𝕜 (@RCLike.toDenselyNormedField.{u_1} 𝕜 inst✝))))))))
            (EuclideanSpace.{u_1, u_3} 𝕜 n)
            (@PiLp.topologicalSpace.{u_3, u_1}
              (@OfNat.ofNat.{0} ENNReal (nat_lit 2)
                (@instOfNatAtLeastTwo.{0} ENNReal (nat_lit 2)
                  (@AddMonoidWithOne.toNatCast.{0} ENNReal
                    (@AddCommMonoidWithOne.toAddMonoidWithOne.{0} ENNReal ENNReal.instAddCommMonoidWithOne))
                  PiLp.innerProductSpace._proof_1))
              n (fun x => 𝕜) fun i =>
              @UniformSpace.toTopologicalSpace.{u_1} 𝕜
                (@PseudoMetricSpace.toUniformSpace.{u_1} 𝕜
                  (@SeminormedRing.toPseudoMetricSpace.{u_1} 𝕜
                    (@SeminormedCommRing.toSeminormedRing.{u_1} 𝕜
                      (@NormedCommRing.toSeminormedCommRing.{u_1} 𝕜
                        (@NormedField.toNormedCommRing.{u_1} 𝕜
                          (@DenselyNormedField.toNormedField.{u_1} 𝕜 (@RCLike.toDenselyNormedField.{u_1} 𝕜 inst✝))))))))
            (@AddCommGroup.toAddCommMonoid.{max u_1 u_3} (EuclideanSpace.{u_1, u_3} 𝕜 n)
              (@WithLp.instAddCommGroup.{max u_1 u_3}
                (@OfNat.ofNat.{0} ENNReal (nat_lit 2)
                  (@instOfNatAtLeastTwo.{0} ENNReal (nat_lit 2)
                    (@AddMonoidWithOne.toNatCast.{0} ENNReal
                      (@AddCommMonoidWithOne.toAddMonoidWithOne.{0} ENNReal ENNReal.instAddCommMonoidWithOne))
                    PiLp.innerProductSpace._proof_1))
                ((i : n) → (fun x => 𝕜) i)
                (@Pi.addCommGroup.{u_3, u_1} n (fun x => 𝕜) fun i =>
                  @Ring.toAddCommGroup.{u_1} 𝕜
                    (@DivisionRing.toRing.{u_1} 𝕜
                      (@Field.toDivisionRing.{u_1} 𝕜
                        (@NormedField.toField.{u_1} 𝕜
                          (@DenselyNormedField.toNormedField.{u_1} 𝕜 (@RCLike.toDenselyNormedField.{u_1} 𝕜 inst✝))))))))
            (@WithLp.instModule.{u_1, max u_1 u_3}
              (@OfNat.ofNat.{0} ENNReal (nat_lit 2)
                (@instOfNatAtLeastTwo.{0} ENNReal (nat_lit 2)
                  (@AddMonoidWithOne.toNatCast.{0} ENNReal
                    (@AddCommMonoidWithOne.toAddMonoidWithOne.{0} ENNReal ENNReal.instAddCommMonoidWithOne))
                  PiLp.innerProductSpace._proof_1))
              𝕜 ((i : n) → (fun x => 𝕜) i)
              (@DivisionSemiring.toSemiring.{u_1} 𝕜
                (@Semifield.toDivisionSemiring.{u_1} 𝕜
                  (@Field.toSemifield.{u_1} 𝕜
                    (@NormedField.toField.{u_1} 𝕜
                      (@DenselyNormedField.toNormedField.{u_1} 𝕜 (@RCLike.toDenselyNormedField.{u_1} 𝕜 inst✝))))))
              (@Pi.addCommGroup.{u_3, u_1} n (fun x => 𝕜) fun i =>
                @Ring.toAddCommGroup.{u_1} 𝕜
                  (@DivisionRing.toRing.{u_1} 𝕜
                    (@Field.toDivisionRing.{u_1} 𝕜
                      (@NormedField.toField.{u_1} 𝕜
                        (@DenselyNormedField.toNormedField.{u_1} 𝕜 (@RCLike.toDenselyNormedField.{u_1} 𝕜 inst✝))))))
              (@Pi.Function.module.{u_3, u_1, u_1} n 𝕜 𝕜
                (@DivisionSemiring.toSemiring.{u_1} 𝕜
                  (@Semifield.toDivisionSemiring.{u_1} 𝕜
                    (@Field.toSemifield.{u_1} 𝕜
                      (@NormedField.toField.{u_1} 𝕜
                        (@DenselyNormedField.toNormedField.{u_1} 𝕜 (@RCLike.toDenselyNormedField.{u_1} 𝕜 inst✝))))))
                (@Semiring.toAddCommMonoid.{u_1} 𝕜
                  (@Ring.toSemiring.{u_1} 𝕜
                    (@DivisionRing.toRing.{u_1} 𝕜
                      (@Field.toDivisionRing.{u_1} 𝕜
                        (@NormedField.toField.{u_1} 𝕜
                          (@DenselyNormedField.toNormedField.{u_1} 𝕜 (@RCLike.toDenselyNormedField.{u_1} 𝕜 inst✝)))))))
                (@Semiring.toModule.{u_1} 𝕜
                  (@DivisionSemiring.toSemiring.{u_1} 𝕜
                    (@Semifield.toDivisionSemiring.{u_1} 𝕜
                      (@Field.toSemifield.{u_1} 𝕜
                        (@NormedField.toField.{u_1} 𝕜
                          (@DenselyNormedField.toNormedField.{u_1} 𝕜
                            (@RCLike.toDenselyNormedField.{u_1} 𝕜 inst✝)))))))))
            (@WithLp.instModule.{u_1, max u_1 u_3}
              (@OfNat.ofNat.{0} ENNReal (nat_lit 2)
                (@instOfNatAtLeastTwo.{0} ENNReal (nat_lit 2)
                  (@AddMonoidWithOne.toNatCast.{0} ENNReal
                    (@AddCommMonoidWithOne.toAddMonoidWithOne.{0} ENNReal ENNReal.instAddCommMonoidWithOne))
                  PiLp.innerProductSpace._proof_1))
              𝕜 ((i : n) → (fun x => 𝕜) i)
              (@DivisionSemiring.toSemiring.{u_1} 𝕜
                (@Semifield.toDivisionSemiring.{u_1} 𝕜
                  (@Field.toSemifield.{u_1} 𝕜
                    (@NormedField.toField.{u_1} 𝕜
                      (@DenselyNormedField.toNormedField.{u_1} 𝕜 (@RCLike.toDenselyNormedField.{u_1} 𝕜 inst✝))))))
              (@Pi.addCommGroup.{u_3, u_1} n (fun x => 𝕜) fun i =>
                @Ring.toAddCommGroup.{u_1} 𝕜
                  (@DivisionRing.toRing.{u_1} 𝕜
                    (@Field.toDivisionRing.{u_1} 𝕜
                      (@NormedField.toField.{u_1} 𝕜
                        (@DenselyNormedField.toNormedField.{u_1} 𝕜 (@RCLike.toDenselyNormedField.{u_1} 𝕜 inst✝))))))
              (@Pi.Function.module.{u_3, u_1, u_1} n 𝕜 𝕜
                (@DivisionSemiring.toSemiring.{u_1} 𝕜
                  (@Semifield.toDivisionSemiring.{u_1} 𝕜
                    (@Field.toSemifield.{u_1} 𝕜
                      (@NormedField.toField.{u_1} 𝕜
                        (@DenselyNormedField.toNormedField.{u_1} 𝕜 (@RCLike.toDenselyNormedField.{u_1} 𝕜 inst✝))))))
                (@Semiring.toAddCommMonoid.{u_1} 𝕜
                  (@Ring.toSemiring.{u_1} 𝕜
                    (@DivisionRing.toRing.{u_1} 𝕜
                      (@Field.toDivisionRing.{u_1} 𝕜
                        (@NormedField.toField.{u_1} 𝕜
                          (@DenselyNormedField.toNormedField.{u_1} 𝕜 (@RCLike.toDenselyNormedField.{u_1} 𝕜 inst✝)))))))
                (@Semiring.toModule.{u_1} 𝕜
                  (@DivisionSemiring.toSemiring.{u_1} 𝕜
                    (@Semifield.toDivisionSemiring.{u_1} 𝕜
                      (@Field.toSemifield.{u_1} 𝕜
                        (@NormedField.toField.{u_1} 𝕜
                          (@DenselyNormedField.toNormedField.{u_1} 𝕜
                            (@RCLike.toDenselyNormedField.{u_1} 𝕜 inst✝))))))))))
        (@StarAlgEquiv.instFunLike.{u_1, max u_1 u_3, max u_1 u_3} 𝕜 (Matrix.{u_3, u_3, u_1} n n 𝕜)
          (@ContinuousLinearMap.{u_1, u_1, max u_3 u_1, max u_3 u_1} 𝕜 𝕜
            (@DivisionSemiring.toSemiring.{u_1} 𝕜
              (@Semifield.toDivisionSemiring.{u_1} 𝕜
                (@Field.toSemifield.{u_1} 𝕜
                  (@NormedField.toField.{u_1} 𝕜
                    (@DenselyNormedField.toNormedField.{u_1} 𝕜 (@RCLike.toDenselyNormedField.{u_1} 𝕜 inst✝))))))
            (@DivisionSemiring.toSemiring.{u_1} 𝕜
              (@Semifield.toDivisionSemiring.{u_1} 𝕜
                (@Field.toSemifield.{u_1} 𝕜
                  (@NormedField.toField.{u_1} 𝕜
                    (@DenselyNormedField.toNormedField.{u_1} 𝕜 (@RCLike.toDenselyNormedField.{u_1} 𝕜 inst✝))))))
            (@RingHom.id.{u_1} 𝕜
              (@Semiring.toNonAssocSemiring.{u_1} 𝕜
                (@DivisionSemiring.toSemiring.{u_1} 𝕜
                  (@Semifield.toDivisionSemiring.{u_1} 𝕜
                    (@Field.toSemifield.{u_1} 𝕜
                      (@NormedField.toField.{u_1} 𝕜
                        (@DenselyNormedField.toNormedField.{u_1} 𝕜 (@RCLike.toDenselyNormedField.{u_1} 𝕜 inst✝))))))))
            (EuclideanSpace.{u_1, u_3} 𝕜 n)
            (@PiLp.topologicalSpace.{u_3, u_1}
              (@OfNat.ofNat.{0} ENNReal (nat_lit 2)
                (@instOfNatAtLeastTwo.{0} ENNReal (nat_lit 2)
                  (@AddMonoidWithOne.toNatCast.{0} ENNReal
                    (@AddCommMonoidWithOne.toAddMonoidWithOne.{0} ENNReal ENNReal.instAddCommMonoidWithOne))
                  PiLp.innerProductSpace._proof_1))
              n (fun x => 𝕜) fun i =>
              @UniformSpace.toTopologicalSpace.{u_1} 𝕜
                (@PseudoMetricSpace.toUniformSpace.{u_1} 𝕜
                  (@SeminormedRing.toPseudoMetricSpace.{u_1} 𝕜
                    (@SeminormedCommRing.toSeminormedRing.{u_1} 𝕜
                      (@NormedCommRing.toSeminormedCommRing.{u_1} 𝕜
                        (@NormedField.toNormedCommRing.{u_1} 𝕜
                          (@DenselyNormedField.toNormedField.{u_1} 𝕜 (@RCLike.toDenselyNormedField.{u_1} 𝕜 inst✝))))))))
            (@AddCommGroup.toAddCommMonoid.{max u_1 u_3} (EuclideanSpace.{u_1, u_3} 𝕜 n)
              (@WithLp.instAddCommGroup.{max u_1 u_3}
                (@OfNat.ofNat.{0} ENNReal (nat_lit 2)
                  (@instOfNatAtLeastTwo.{0} ENNReal (nat_lit 2)
                    (@AddMonoidWithOne.toNatCast.{0} ENNReal
                      (@AddCommMonoidWithOne.toAddMonoidWithOne.{0} ENNReal ENNReal.instAddCommMonoidWithOne))
                    PiLp.innerProductSpace._proof_1))
                ((i : n) → (fun x => 𝕜) i)
                (@Pi.addCommGroup.{u_3, u_1} n (fun x => 𝕜) fun i =>
                  @Ring.toAddCommGroup.{u_1} 𝕜
                    (@DivisionRing.toRing.{u_1} 𝕜
                      (@Field.toDivisionRing.{u_1} 𝕜
                        (@NormedField.toField.{u_1} 𝕜
                          (@DenselyNormedField.toNormedField.{u_1} 𝕜 (@RCLike.toDenselyNormedField.{u_1} 𝕜 inst✝))))))))
            (EuclideanSpace.{u_1, u_3} 𝕜 n)
            (@PiLp.topologicalSpace.{u_3, u_1}
              (@OfNat.ofNat.{0} ENNReal (nat_lit 2)
                (@instOfNatAtLeastTwo.{0} ENNReal (nat_lit 2)
                  (@AddMonoidWithOne.toNatCast.{0} ENNReal
                    (@AddCommMonoidWithOne.toAddMonoidWithOne.{0} ENNReal ENNReal.instAddCommMonoidWithOne))
                  PiLp.innerProductSpace._proof_1))
              n (fun x => 𝕜) fun i =>
              @UniformSpace.toTopologicalSpace.{u_1} 𝕜
                (@PseudoMetricSpace.toUniformSpace.{u_1} 𝕜
                  (@SeminormedRing.toPseudoMetricSpace.{u_1} 𝕜
                    (@SeminormedCommRing.toSeminormedRing.{u_1} 𝕜
                      (@NormedCommRing.toSeminormedCommRing.{u_1} 𝕜
                        (@NormedField.toNormedCommRing.{u_1} 𝕜
                          (@DenselyNormedField.toNormedField.{u_1} 𝕜 (@RCLike.toDenselyNormedField.{u_1} 𝕜 inst✝))))))))
            (@AddCommGroup.toAddCommMonoid.{max u_1 u_3} (EuclideanSpace.{u_1, u_3} 𝕜 n)
              (@WithLp.instAddCommGroup.{max u_1 u_3}
                (@OfNat.ofNat.{0} ENNReal (nat_lit 2)
                  (@instOfNatAtLeastTwo.{0} ENNReal (nat_lit 2)
                    (@AddMonoidWithOne.toNatCast.{0} ENNReal
                      (@AddCommMonoidWithOne.toAddMonoidWithOne.{0} ENNReal ENNReal.instAddCommMonoidWithOne))
                    PiLp.innerProductSpace._proof_1))
                ((i : n) → (fun x => 𝕜) i)
                (@Pi.addCommGroup.{u_3, u_1} n (fun x => 𝕜) fun i =>
                  @Ring.toAddCommGroup.{u_1} 𝕜
                    (@DivisionRing.toRing.{u_1} 𝕜
                      (@Field.toDivisionRing.{u_1} 𝕜
                        (@NormedField.toField.{u_1} 𝕜
                          (@DenselyNormedField.toNormedField.{u_1} 𝕜 (@RCLike.toDenselyNormedField.{u_1} 𝕜 inst✝))))))))
            (@WithLp.instModule.{u_1, max u_1 u_3}
              (@OfNat.ofNat.{0} ENNReal (nat_lit 2)
                (@instOfNatAtLeastTwo.{0} ENNReal (nat_lit 2)
                  (@AddMonoidWithOne.toNatCast.{0} ENNReal
                    (@AddCommMonoidWithOne.toAddMonoidWithOne.{0} ENNReal ENNReal.instAddCommMonoidWithOne))
                  PiLp.innerProductSpace._proof_1))
              𝕜 ((i : n) → (fun x => 𝕜) i)
              (@DivisionSemiring.toSemiring.{u_1} 𝕜
                (@Semifield.toDivisionSemiring.{u_1} 𝕜
                  (@Field.toSemifield.{u_1} 𝕜
                    (@NormedField.toField.{u_1} 𝕜
                      (@DenselyNormedField.toNormedField.{u_1} 𝕜 (@RCLike.toDenselyNormedField.{u_1} 𝕜 inst✝))))))
              (@Pi.addCommGroup.{u_3, u_1} n (fun x => 𝕜) fun i =>
                @Ring.toAddCommGroup.{u_1} 𝕜
                  (@DivisionRing.toRing.{u_1} 𝕜
                    (@Field.toDivisionRing.{u_1} 𝕜
                      (@NormedField.toField.{u_1} 𝕜
                        (@DenselyNormedField.toNormedField.{u_1} 𝕜 (@RCLike.toDenselyNormedField.{u_1} 𝕜 inst✝))))))
              (@Pi.Function.module.{u_3, u_1, u_1} n 𝕜 𝕜
                (@DivisionSemiring.toSemiring.{u_1} 𝕜
                  (@Semifield.toDivisionSemiring.{u_1} 𝕜
                    (@Field.toSemifield.{u_1} 𝕜
                      (@NormedField.toField.{u_1} 𝕜
                        (@DenselyNormedField.toNormedField.{u_1} 𝕜 (@RCLike.toDenselyNormedField.{u_1} 𝕜 inst✝))))))
                (@Semiring.toAddCommMonoid.{u_1} 𝕜
                  (@Ring.toSemiring.{u_1} 𝕜
                    (@DivisionRing.toRing.{u_1} 𝕜
                      (@Field.toDivisionRing.{u_1} 𝕜
                        (@NormedField.toField.{u_1} 𝕜
                          (@DenselyNormedField.toNormedField.{u_1} 𝕜 (@RCLike.toDenselyNormedField.{u_1} 𝕜 inst✝)))))))
                (@Semiring.toModule.{u_1} 𝕜
                  (@DivisionSemiring.toSemiring.{u_1} 𝕜
                    (@Semifield.toDivisionSemiring.{u_1} 𝕜
                      (@Field.toSemifield.{u_1} 𝕜
                        (@NormedField.toField.{u_1} 𝕜
                          (@DenselyNormedField.toNormedField.{u_1} 𝕜
                            (@RCLike.toDenselyNormedField.{u_1} 𝕜 inst✝)))))))))
            (@WithLp.instModule.{u_1, max u_1 u_3}
              (@OfNat.ofNat.{0} ENNReal (nat_lit 2)
                (@instOfNatAtLeastTwo.{0} ENNReal (nat_lit 2)
                  (@AddMonoidWithOne.toNatCast.{0} ENNReal
                    (@AddCommMonoidWithOne.toAddMonoidWithOne.{0} ENNReal ENNReal.instAddCommMonoidWithOne))
                  PiLp.innerProductSpace._proof_1))
              𝕜 ((i : n) → (fun x => 𝕜) i)
              (@DivisionSemiring.toSemiring.{u_1} 𝕜
                (@Semifield.toDivisionSemiring.{u_1} 𝕜
                  (@Field.toSemifield.{u_1} 𝕜
                    (@NormedField.toField.{u_1} 𝕜
                      (@DenselyNormedField.toNormedField.{u_1} 𝕜 (@RCLike.toDenselyNormedField.{u_1} 𝕜 inst✝))))))
              (@Pi.addCommGroup.{u_3, u_1} n (fun x => 𝕜) fun i =>
                @Ring.toAddCommGroup.{u_1} 𝕜
                  (@DivisionRing.toRing.{u_1} 𝕜
                    (@Field.toDivisionRing.{u_1} 𝕜
                      (@NormedField.toField.{u_1} 𝕜
                        (@DenselyNormedField.toNormedField.{u_1} 𝕜 (@RCLike.toDenselyNormedField.{u_1} 𝕜 inst✝))))))
              (@Pi.Function.module.{u_3, u_1, u_1} n 𝕜 𝕜
                (@DivisionSemiring.toSemiring.{u_1} 𝕜
                  (@Semifield.toDivisionSemiring.{u_1} 𝕜
                    (@Field.toSemifield.{u_1} 𝕜
                      (@NormedField.toField.{u_1} 𝕜
                        (@DenselyNormedField.toNormedField.{u_1} 𝕜 (@RCLike.toDenselyNormedField.{u_1} 𝕜 inst✝))))))
                (@Semiring.toAddCommMonoid.{u_1} 𝕜
                  (@Ring.toSemiring.{u_1} 𝕜
                    (@DivisionRing.toRing.{u_1} 𝕜
                      (@Field.toDivisionRing.{u_1} 𝕜
                        (@NormedField.toField.{u_1} 𝕜
                          (@DenselyNormedField.toNormedField.{u_1} 𝕜 (@RCLike.toDenselyNormedField.{u_1} 𝕜 inst✝)))))))
                (@Semiring.toModule.{u_1} 𝕜
                  (@DivisionSemiring.toSemiring.{u_1} 𝕜
                    (@Semifield.toDivisionSemiring.{u_1} 𝕜
                      (@Field.toSemifield.{u_1} 𝕜
                        (@NormedField.toField.{u_1} 𝕜
                          (@DenselyNormedField.toNormedField.{u_1} 𝕜
                            (@RCLike.toDenselyNormedField.{u_1} 𝕜 inst✝))))))))))
          (@Matrix.add.{u_1, u_3, u_3} n n 𝕜
            (@Distrib.toAdd.{u_1} 𝕜
              (@instDistribOfSemiring.{u_1} 𝕜
                (@DivisionSemiring.toSemiring.{u_1} 𝕜
                  (@Semifield.toDivisionSemiring.{u_1} 𝕜
                    (@Field.toSemifield.{u_1} 𝕜
                      (@NormedField.toField.{u_1} 𝕜
                        (@DenselyNormedField.toNormedField.{u_1} 𝕜 (@RCLike.toDenselyNormedField.{u_1} 𝕜 inst✝)))))))))
          (@ContinuousLinearMap.add.{u_1, u_1, max u_1 u_3, max u_1 u_3} 𝕜 𝕜
            (@DivisionSemiring.toSemiring.{u_1} 𝕜
              (@Semifield.toDivisionSemiring.{u_1} 𝕜
                (@Field.toSemifield.{u_1} 𝕜
                  (@NormedField.toField.{u_1} 𝕜
                    (@DenselyNormedField.toNormedField.{u_1} 𝕜 (@RCLike.toDenselyNormedField.{u_1} 𝕜 inst✝))))))
            (@DivisionSemiring.toSemiring.{u_1} 𝕜
              (@Semifield.toDivisionSemiring.{u_1} 𝕜
                (@Field.toSemifield.{u_1} 𝕜
                  (@NormedField.toField.{u_1} 𝕜
                    (@DenselyNormedField.toNormedField.{u_1} 𝕜 (@RCLike.toDenselyNormedField.{u_1} 𝕜 inst✝))))))
            (@RingHom.id.{u_1} 𝕜
              (@Semiring.toNonAssocSemiring.{u_1} 𝕜
                (@DivisionSemiring.toSemiring.{u_1} 𝕜
                  (@Semifield.toDivisionSemiring.{u_1} 𝕜
                    (@Field.toSemifield.{u_1} 𝕜
                      (@NormedField.toField.{u_1} 𝕜
                        (@DenselyNormedField.toNormedField.{u_1} 𝕜 (@RCLike.toDenselyNormedField.{u_1} 𝕜 inst✝))))))))
            (EuclideanSpace.{u_1, u_3} 𝕜 n)
            (@PiLp.topologicalSpace.{u_3, u_1}
              (@OfNat.ofNat.{0} ENNReal (nat_lit 2)
                (@instOfNatAtLeastTwo.{0} ENNReal (nat_lit 2)
                  (@AddMonoidWithOne.toNatCast.{0} ENNReal
                    (@AddCommMonoidWithOne.toAddMonoidWithOne.{0} ENNReal ENNReal.instAddCommMonoidWithOne))
                  PiLp.innerProductSpace._proof_1))
              n (fun x => 𝕜) fun i =>
              @UniformSpace.toTopologicalSpace.{u_1} 𝕜
                (@PseudoMetricSpace.toUniformSpace.{u_1} 𝕜
                  (@SeminormedRing.toPseudoMetricSpace.{u_1} 𝕜
                    (@SeminormedCommRing.toSeminormedRing.{u_1} 𝕜
                      (@NormedCommRing.toSeminormedCommRing.{u_1} 𝕜
                        (@NormedField.toNormedCommRing.{u_1} 𝕜
                          (@DenselyNormedField.toNormedField.{u_1} 𝕜 (@RCLike.toDenselyNormedField.{u_1} 𝕜 inst✝))))))))
            (@AddCommGroup.toAddCommMonoid.{max u_1 u_3} (EuclideanSpace.{u_1, u_3} 𝕜 n)
              (@WithLp.instAddCommGroup.{max u_1 u_3}
                (@OfNat.ofNat.{0} ENNReal (nat_lit 2)
                  (@instOfNatAtLeastTwo.{0} ENNReal (nat_lit 2)
                    (@AddMonoidWithOne.toNatCast.{0} ENNReal
                      (@AddCommMonoidWithOne.toAddMonoidWithOne.{0} ENNReal ENNReal.instAddCommMonoidWithOne))
                    PiLp.innerProductSpace._proof_1))
                ((i : n) → (fun x => 𝕜) i)
                (@Pi.addCommGroup.{u_3, u_1} n (fun x => 𝕜) fun i =>
                  @Ring.toAddCommGroup.{u_1} 𝕜
                    (@DivisionRing.toRing.{u_1} 𝕜
                      (@Field.toDivisionRing.{u_1} 𝕜
                        (@NormedField.toField.{u_1} 𝕜
                          (@DenselyNormedField.toNormedField.{u_1} 𝕜 (@RCLike.toDenselyNormedField.{u_1} 𝕜 inst✝))))))))
            (EuclideanSpace.{u_1, u_3} 𝕜 n)
            (@PiLp.topologicalSpace.{u_3, u_1}
              (@OfNat.ofNat.{0} ENNReal (nat_lit 2)
                (@instOfNatAtLeastTwo.{0} ENNReal (nat_lit 2)
                  (@AddMonoidWithOne.toNatCast.{0} ENNReal
                    (@AddCommMonoidWithOne.toAddMonoidWithOne.{0} ENNReal ENNReal.instAddCommMonoidWithOne))
                  PiLp.innerProductSpace._proof_1))
              n (fun x => 𝕜) fun i =>
              @UniformSpace.toTopologicalSpace.{u_1} 𝕜
                (@PseudoMetricSpace.toUniformSpace.{u_1} 𝕜
                  (@SeminormedRing.toPseudoMetricSpace.{u_1} 𝕜
                    (@SeminormedCommRing.toSeminormedRing.{u_1} 𝕜
                      (@NormedCommRing.toSeminormedCommRing.{u_1} 𝕜
                        (@NormedField.toNormedCommRing.{u_1} 𝕜
                          (@DenselyNormedField.toNormedField.{u_1} 𝕜 (@RCLike.toDenselyNormedField.{u_1} 𝕜 inst✝))))))))
            (@AddCommGroup.toAddCommMonoid.{max u_1 u_3} (EuclideanSpace.{u_1, u_3} 𝕜 n)
              (@WithLp.instAddCommGroup.{max u_1 u_3}
                (@OfNat.ofNat.{0} ENNReal (nat_lit 2)
                  (@instOfNatAtLeastTwo.{0} ENNReal (nat_lit 2)
                    (@AddMonoidWithOne.toNatCast.{0} ENNReal
                      (@AddCommMonoidWithOne.toAddMonoidWithOne.{0} ENNReal ENNReal.instAddCommMonoidWithOne))
                    PiLp.innerProductSpace._proof_1))
                ((i : n) → (fun x => 𝕜) i)
                (@Pi.addCommGroup.{u_3, u_1} n (fun x => 𝕜) fun i =>
                  @Ring.toAddCommGroup.{u_1} 𝕜
                    (@DivisionRing.toRing.{u_1} 𝕜
                      (@Field.toDivisionRing.{u_1} 𝕜
                        (@NormedField.toField.{u_1} 𝕜
                          (@DenselyNormedField.toNormedField.{u_1} 𝕜 (@RCLike.toDenselyNormedField.{u_1} 𝕜 inst✝))))))))
            (@WithLp.instModule.{u_1, max u_1 u_3}
              (@OfNat.ofNat.{0} ENNReal (nat_lit 2)
                (@instOfNatAtLeastTwo.{0} ENNReal (nat_lit 2)
                  (@AddMonoidWithOne.toNatCast.{0} ENNReal
                    (@AddCommMonoidWithOne.toAddMonoidWithOne.{0} ENNReal ENNReal.instAddCommMonoidWithOne))
                  PiLp.innerProductSpace._proof_1))
              𝕜 ((i : n) → (fun x => 𝕜) i)
              (@DivisionSemiring.toSemiring.{u_1} 𝕜
                (@Semifield.toDivisionSemiring.{u_1} 𝕜
                  (@Field.toSemifield.{u_1} 𝕜
                    (@NormedField.toField.{u_1} 𝕜
                      (@DenselyNormedField.toNormedField.{u_1} 𝕜 (@RCLike.toDenselyNormedField.{u_1} 𝕜 inst✝))))))
              (@Pi.addCommGroup.{u_3, u_1} n (fun x => 𝕜) fun i =>
                @Ring.toAddCommGroup.{u_1} 𝕜
                  (@DivisionRing.toRing.{u_1} 𝕜
                    (@Field.toDivisionRing.{u_1} 𝕜
                      (@NormedField.toField.{u_1} 𝕜
                        (@DenselyNormedField.toNormedField.{u_1} 𝕜 (@RCLike.toDenselyNormedField.{u_1} 𝕜 inst✝))))))
              (@Pi.Function.module.{u_3, u_1, u_1} n 𝕜 𝕜
                (@DivisionSemiring.toSemiring.{u_1} 𝕜
                  (@Semifield.toDivisionSemiring.{u_1} 𝕜
                    (@Field.toSemifield.{u_1} 𝕜
                      (@NormedField.toField.{u_1} 𝕜
                        (@DenselyNormedField.toNormedField.{u_1} 𝕜 (@RCLike.toDenselyNormedField.{u_1} 𝕜 inst✝))))))
                (@Semiring.toAddCommMonoid.{u_1} 𝕜
                  (@Ring.toSemiring.{u_1} 𝕜
                    (@DivisionRing.toRing.{u_1} 𝕜
                      (@Field.toDivisionRing.{u_1} 𝕜
                        (@NormedField.toField.{u_1} 𝕜
                          (@DenselyNormedField.toNormedField.{u_1} 𝕜 (@RCLike.toDenselyNormedField.{u_1} 𝕜 inst✝)))))))
                (@Semiring.toModule.{u_1} 𝕜
                  (@DivisionSemiring.toSemiring.{u_1} 𝕜
                    (@Semifield.toDivisionSemiring.{u_1} 𝕜
                      (@Field.toSemifield.{u_1} 𝕜
                        (@NormedField.toField.{u_1} 𝕜
                          (@DenselyNormedField.toNormedField.{u_1} 𝕜
                            (@RCLike.toDenselyNormedField.{u_1} 𝕜 inst✝)))))))))
            (@WithLp.instModule.{u_1, max u_1 u_3}
              (@OfNat.ofNat.{0} ENNReal (nat_lit 2)
                (@instOfNatAtLeastTwo.{0} ENNReal (nat_lit 2)
                  (@AddMonoidWithOne.toNatCast.{0} ENNReal
                    (@AddCommMonoidWithOne.toAddMonoidWithOne.{0} ENNReal ENNReal.instAddCommMonoidWithOne))
                  PiLp.innerProductSpace._proof_1))
              𝕜 ((i : n) → (fun x => 𝕜) i)
              (@DivisionSemiring.toSemiring.{u_1} 𝕜
                (@Semifield.toDivisionSemiring.{u_1} 𝕜
                  (@Field.toSemifield.{u_1} 𝕜
                    (@NormedField.toField.{u_1} 𝕜
                      (@DenselyNormedField.toNormedField.{u_1} 𝕜 (@RCLike.toDenselyNormedField.{u_1} 𝕜 inst✝))))))
              (@Pi.addCommGroup.{u_3, u_1} n (fun x => 𝕜) fun i =>
                @Ring.toAddCommGroup.{u_1} 𝕜
                  (@DivisionRing.toRing.{u_1} 𝕜
                    (@Field.toDivisionRing.{u_1} 𝕜
                      (@NormedField.toField.{u_1} 𝕜
                        (@DenselyNormedField.toNormedField.{u_1} 𝕜 (@RCLike.toDenselyNormedField.{u_1} 𝕜 inst✝))))))
              (@Pi.Function.module.{u_3, u_1, u_1} n 𝕜 𝕜
                (@DivisionSemiring.toSemiring.{u_1} 𝕜
                  (@Semifield.toDivisionSemiring.{u_1} 𝕜
                    (@Field.toSemifield.{u_1} 𝕜
                      (@NormedField.toField.{u_1} 𝕜
                        (@DenselyNormedField.toNormedField.{u_1} 𝕜 (@RCLike.toDenselyNormedField.{u_1} 𝕜 inst✝))))))
                (@Semiring.toAddCommMonoid.{u_1} 𝕜
                  (@Ring.toSemiring.{u_1} 𝕜
                    (@DivisionRing.toRing.{u_1} 𝕜
                      (@Field.toDivisionRing.{u_1} 𝕜
                        (@NormedField.toField.{u_1} 𝕜
                          (@DenselyNormedField.toNormedField.{u_1} 𝕜 (@RCLike.toDenselyNormedField.{u_1} 𝕜 inst✝)))))))
                (@Semiring.toModule.{u_1} 𝕜
                  (@DivisionSemiring.toSemiring.{u_1} 𝕜
                    (@Semifield.toDivisionSemiring.{u_1} 𝕜
                      (@Field.toSemifield.{u_1} 𝕜
                        (@NormedField.toField.{u_1} 𝕜
                          (@DenselyNormedField.toNormedField.{u_1} 𝕜
                            (@RCLike.toDenselyNormedField.{u_1} 𝕜 inst✝)))))))))
            ⋯)
          (@Matrix.instMulOfFintypeOfAddCommMonoid.{u_1, u_3} n 𝕜 inst✝¹
            (@Distrib.toMul.{u_1} 𝕜
              (@instDistribOfSemiring.{u_1} 𝕜
                (@DivisionSemiring.toSemiring.{u_1} 𝕜
                  (@Semifield.toDivisionSemiring.{u_1} 𝕜
                    (@Field.toSemifield.{u_1} 𝕜
                      (@NormedField.toField.{u_1} 𝕜
                        (@DenselyNormedField.toNormedField.{u_1} 𝕜 (@RCLike.toDenselyNormedField.{u_1} 𝕜 inst✝))))))))
            (@Semiring.toAddCommMonoid.{u_1} 𝕜
              (@DivisionSemiring.toSemiring.{u_1} 𝕜
                (@Semifield.toDivisionSemiring.{u_1} 𝕜
                  (@Field.toSemifield.{u_1} 𝕜
                    (@NormedField.toField.{u_1} 𝕜
                      (@DenselyNormedField.toNormedField.{u_1} 𝕜 (@RCLike.toDenselyNormedField.{u_1} 𝕜 inst✝))))))))
          (@ContinuousLinearMap.instMul.{u_1, max u_1 u_3} 𝕜
            (@DivisionSemiring.toSemiring.{u_1} 𝕜
              (@Semifield.toDivisionSemiring.{u_1} 𝕜
                (@Field.toSemifield.{u_1} 𝕜
                  (@NormedField.toField.{u_1} 𝕜
                    (@DenselyNormedField.toNormedField.{u_1} 𝕜 (@RCLike.toDenselyNormedField.{u_1} 𝕜 inst✝))))))
            (EuclideanSpace.{u_1, u_3} 𝕜 n)
            (@PiLp.topologicalSpace.{u_3, u_1}
              (@OfNat.ofNat.{0} ENNReal (nat_lit 2)
                (@instOfNatAtLeastTwo.{0} ENNReal (nat_lit 2)
                  (@AddMonoidWithOne.toNatCast.{0} ENNReal
                    (@AddCommMonoidWithOne.toAddMonoidWithOne.{0} ENNReal ENNReal.instAddCommMonoidWithOne))
                  PiLp.innerProductSpace._proof_1))
              n (fun x => 𝕜) fun i =>
              @UniformSpace.toTopologicalSpace.{u_1} 𝕜
                (@PseudoMetricSpace.toUniformSpace.{u_1} 𝕜
                  (@SeminormedRing.toPseudoMetricSpace.{u_1} 𝕜
                    (@SeminormedCommRing.toSeminormedRing.{u_1} 𝕜
                      (@NormedCommRing.toSeminormedCommRing.{u_1} 𝕜
                        (@NormedField.toNormedCommRing.{u_1} 𝕜
                          (@DenselyNormedField.toNormedField.{u_1} 𝕜 (@RCLike.toDenselyNormedField.{u_1} 𝕜 inst✝))))))))
            (@AddCommGroup.toAddCommMonoid.{max u_1 u_3} (EuclideanSpace.{u_1, u_3} 𝕜 n)
              (@WithLp.instAddCommGroup.{max u_1 u_3}
                (@OfNat.ofNat.{0} ENNReal (nat_lit 2)
                  (@instOfNatAtLeastTwo.{0} ENNReal (nat_lit 2)
                    (@AddMonoidWithOne.toNatCast.{0} ENNReal
                      (@AddCommMonoidWithOne.toAddMonoidWithOne.{0} ENNReal ENNReal.instAddCommMonoidWithOne))
                    PiLp.innerProductSpace._proof_1))
                ((i : n) → (fun x => 𝕜) i)
                (@Pi.addCommGroup.{u_3, u_1} n (fun x => 𝕜) fun i =>
                  @Ring.toAddCommGroup.{u_1} 𝕜
                    (@DivisionRing.toRing.{u_1} 𝕜
                      (@Field.toDivisionRing.{u_1} 𝕜
                        (@NormedField.toField.{u_1} 𝕜
                          (@DenselyNormedField.toNormedField.{u_1} 𝕜 (@RCLike.toDenselyNormedField.{u_1} 𝕜 inst✝))))))))
            (@WithLp.instModule.{u_1, max u_1 u_3}
              (@OfNat.ofNat.{0} ENNReal (nat_lit 2)
                (@instOfNatAtLeastTwo.{0} ENNReal (nat_lit 2)
                  (@AddMonoidWithOne.toNatCast.{0} ENNReal
                    (@AddCommMonoidWithOne.toAddMonoidWithOne.{0} ENNReal ENNReal.instAddCommMonoidWithOne))
                  PiLp.innerProductSpace._proof_1))
              𝕜 ((i : n) → (fun x => 𝕜) i)
              (@DivisionSemiring.toSemiring.{u_1} 𝕜
                (@Semifield.toDivisionSemiring.{u_1} 𝕜
                  (@Field.toSemifield.{u_1} 𝕜
                    (@NormedField.toField.{u_1} 𝕜
                      (@DenselyNormedField.toNormedField.{u_1} 𝕜 (@RCLike.toDenselyNormedField.{u_1} 𝕜 inst✝))))))
              (@Pi.addCommGroup.{u_3, u_1} n (fun x => 𝕜) fun i =>
                @Ring.toAddCommGroup.{u_1} 𝕜
                  (@DivisionRing.toRing.{u_1} 𝕜
                    (@Field.toDivisionRing.{u_1} 𝕜
                      (@NormedField.toField.{u_1} 𝕜
                        (@DenselyNormedField.toNormedField.{u_1} 𝕜 (@RCLike.toDenselyNormedField.{u_1} 𝕜 inst✝))))))
              (@Pi.Function.module.{u_3, u_1, u_1} n 𝕜 𝕜
                (@DivisionSemiring.toSemiring.{u_1} 𝕜
                  (@Semifield.toDivisionSemiring.{u_1} 𝕜
                    (@Field.toSemifield.{u_1} 𝕜
                      (@NormedField.toField.{u_1} 𝕜
                        (@DenselyNormedField.toNormedField.{u_1} 𝕜 (@RCLike.toDenselyNormedField.{u_1} 𝕜 inst✝))))))
                (@Semiring.toAddCommMonoid.{u_1} 𝕜
                  (@Ring.toSemiring.{u_1} 𝕜
                    (@DivisionRing.toRing.{u_1} 𝕜
                      (@Field.toDivisionRing.{u_1} 𝕜
                        (@NormedField.toField.{u_1} 𝕜
                          (@DenselyNormedField.toNormedField.{u_1} 𝕜 (@RCLike.toDenselyNormedField.{u_1} 𝕜 inst✝)))))))
                (@Semiring.toModule.{u_1} 𝕜
                  (@DivisionSemiring.toSemiring.{u_1} 𝕜
                    (@Semifield.toDivisionSemiring.{u_1} 𝕜
                      (@Field.toSemifield.{u_1} 𝕜
                        (@NormedField.toField.{u_1} 𝕜
                          (@DenselyNormedField.toNormedField.{u_1} 𝕜
                            (@RCLike.toDenselyNormedField.{u_1} 𝕜 inst✝))))))))))
          (@Matrix.smul.{u_1, u_3, u_3, u_1} n n 𝕜 𝕜
            (@instSMulOfMul.{u_1} 𝕜
              (@Distrib.toMul.{u_1} 𝕜
                (@instDistribOfSemiring.{u_1} 𝕜
                  (@DivisionSemiring.toSemiring.{u_1} 𝕜
                    (@Semifield.toDivisionSemiring.{u_1} 𝕜
                      (@Field.toSemifield.{u_1} 𝕜
                        (@NormedField.toField.{u_1} 𝕜
                          (@DenselyNormedField.toNormedField.{u_1} 𝕜
                            (@RCLike.toDenselyNormedField.{u_1} 𝕜 inst✝))))))))))
          (@ContinuousLinearMap.instSMul.{u_1, u_1, max u_1 u_3, max u_1 u_3, u_1} 𝕜 𝕜
            (@DivisionSemiring.toSemiring.{u_1} 𝕜
              (@Semifield.toDivisionSemiring.{u_1} 𝕜
                (@Field.toSemifield.{u_1} 𝕜
                  (@NormedField.toField.{u_1} 𝕜
                    (@DenselyNormedField.toNormedField.{u_1} 𝕜 (@RCLike.toDenselyNormedField.{u_1} 𝕜 inst✝))))))
            (@DivisionSemiring.toSemiring.{u_1} 𝕜
              (@Semifield.toDivisionSemiring.{u_1} 𝕜
                (@Field.toSemifield.{u_1} 𝕜
                  (@NormedField.toField.{u_1} 𝕜
                    (@DenselyNormedField.toNormedField.{u_1} 𝕜 (@RCLike.toDenselyNormedField.{u_1} 𝕜 inst✝))))))
            (@RingHom.id.{u_1} 𝕜
              (@Semiring.toNonAssocSemiring.{u_1} 𝕜
                (@DivisionSemiring.toSemiring.{u_1} 𝕜
                  (@Semifield.toDivisionSemiring.{u_1} 𝕜
                    (@Field.toSemifield.{u_1} 𝕜
                      (@NormedField.toField.{u_1} 𝕜
                        (@DenselyNormedField.toNormedField.{u_1} 𝕜 (@RCLike.toDenselyNormedField.{u_1} 𝕜 inst✝))))))))
            (EuclideanSpace.{u_1, u_3} 𝕜 n)
            (@PiLp.topologicalSpace.{u_3, u_1}
              (@OfNat.ofNat.{0} ENNReal (nat_lit 2)
                (@instOfNatAtLeastTwo.{0} ENNReal (nat_lit 2)
                  (@AddMonoidWithOne.toNatCast.{0} ENNReal
                    (@AddCommMonoidWithOne.toAddMonoidWithOne.{0} ENNReal ENNReal.instAddCommMonoidWithOne))
                  PiLp.innerProductSpace._proof_1))
              n (fun x => 𝕜) fun i =>
              @UniformSpace.toTopologicalSpace.{u_1} 𝕜
                (@PseudoMetricSpace.toUniformSpace.{u_1} 𝕜
                  (@SeminormedRing.toPseudoMetricSpace.{u_1} 𝕜
                    (@SeminormedCommRing.toSeminormedRing.{u_1} 𝕜
                      (@NormedCommRing.toSeminormedCommRing.{u_1} 𝕜
                        (@NormedField.toNormedCommRing.{u_1} 𝕜
                          (@DenselyNormedField.toNormedField.{u_1} 𝕜 (@RCLike.toDenselyNormedField.{u_1} 𝕜 inst✝))))))))
            (@AddCommGroup.toAddCommMonoid.{max u_1 u_3} (EuclideanSpace.{u_1, u_3} 𝕜 n)
              (@WithLp.instAddCommGroup.{max u_1 u_3}
                (@OfNat.ofNat.{0} ENNReal (nat_lit 2)
                  (@instOfNatAtLeastTwo.{0} ENNReal (nat_lit 2)
                    (@AddMonoidWithOne.toNatCast.{0} ENNReal
                      (@AddCommMonoidWithOne.toAddMonoidWithOne.{0} ENNReal ENNReal.instAddCommMonoidWithOne))
                    PiLp.innerProductSpace._proof_1))
                ((i : n) → (fun x => 𝕜) i)
                (@Pi.addCommGroup.{u_3, u_1} n (fun x => 𝕜) fun i =>
                  @Ring.toAddCommGroup.{u_1} 𝕜
                    (@DivisionRing.toRing.{u_1} 𝕜
                      (@Field.toDivisionRing.{u_1} 𝕜
                        (@NormedField.toField.{u_1} 𝕜
                          (@DenselyNormedField.toNormedField.{u_1} 𝕜 (@RCLike.toDenselyNormedField.{u_1} 𝕜 inst✝))))))))
            (EuclideanSpace.{u_1, u_3} 𝕜 n)
            (@PiLp.topologicalSpace.{u_3, u_1}
              (@OfNat.ofNat.{0} ENNReal (nat_lit 2)
                (@instOfNatAtLeastTwo.{0} ENNReal (nat_lit 2)
                  (@AddMonoidWithOne.toNatCast.{0} ENNReal
                    (@AddCommMonoidWithOne.toAddMonoidWithOne.{0} ENNReal ENNReal.instAddCommMonoidWithOne))
                  PiLp.innerProductSpace._proof_1))
              n (fun x => 𝕜) fun i =>
              @UniformSpace.toTopologicalSpace.{u_1} 𝕜
                (@PseudoMetricSpace.toUniformSpace.{u_1} 𝕜
                  (@SeminormedRing.toPseudoMetricSpace.{u_1} 𝕜
                    (@SeminormedCommRing.toSeminormedRing.{u_1} 𝕜
                      (@NormedCommRing.toSeminormedCommRing.{u_1} 𝕜
                        (@NormedField.toNormedCommRing.{u_1} 𝕜
                          (@DenselyNormedField.toNormedField.{u_1} 𝕜 (@RCLike.toDenselyNormedField.{u_1} 𝕜 inst✝))))))))
            (@AddCommGroup.toAddCommMonoid.{max u_1 u_3} (EuclideanSpace.{u_1, u_3} 𝕜 n)
              (@WithLp.instAddCommGroup.{max u_1 u_3}
                (@OfNat.ofNat.{0} ENNReal (nat_lit 2)
                  (@instOfNatAtLeastTwo.{0} ENNReal (nat_lit 2)
                    (@AddMonoidWithOne.toNatCast.{0} ENNReal
                      (@AddCommMonoidWithOne.toAddMonoidWithOne.{0} ENNReal ENNReal.instAddCommMonoidWithOne))
                    PiLp.innerProductSpace._proof_1))
                ((i : n) → (fun x => 𝕜) i)
                (@Pi.addCommGroup.{u_3, u_1} n (fun x => 𝕜) fun i =>
                  @Ring.toAddCommGroup.{u_1} 𝕜
                    (@DivisionRing.toRing.{u_1} 𝕜
                      (@Field.toDivisionRing.{u_1} 𝕜
                        (@NormedField.toField.{u_1} 𝕜
                          (@DenselyNormedField.toNormedField.{u_1} 𝕜 (@RCLike.toDenselyNormedField.{u_1} 𝕜 inst✝))))))))
            (@WithLp.instModule.{u_1, max u_1 u_3}
              (@OfNat.ofNat.{0} ENNReal (nat_lit 2)
                (@instOfNatAtLeastTwo.{0} ENNReal (nat_lit 2)
                  (@AddMonoidWithOne.toNatCast.{0} ENNReal
                    (@AddCommMonoidWithOne.toAddMonoidWithOne.{0} ENNReal ENNReal.instAddCommMonoidWithOne))
                  PiLp.innerProductSpace._proof_1))
              𝕜 ((i : n) → (fun x => 𝕜) i)
              (@DivisionSemiring.toSemiring.{u_1} 𝕜
                (@Semifield.toDivisionSemiring.{u_1} 𝕜
                  (@Field.toSemifield.{u_1} 𝕜
                    (@NormedField.toField.{u_1} 𝕜
                      (@DenselyNormedField.toNormedField.{u_1} 𝕜 (@RCLike.toDenselyNormedField.{u_1} 𝕜 inst✝))))))
              (@Pi.addCommGroup.{u_3, u_1} n (fun x => 𝕜) fun i =>
                @Ring.toAddCommGroup.{u_1} 𝕜
                  (@DivisionRing.toRing.{u_1} 𝕜
                    (@Field.toDivisionRing.{u_1} 𝕜
                      (@NormedField.toField.{u_1} 𝕜
                        (@DenselyNormedField.toNormedField.{u_1} 𝕜 (@RCLike.toDenselyNormedField.{u_1} 𝕜 inst✝))))))
              (@Pi.Function.module.{u_3, u_1, u_1} n 𝕜 𝕜
                (@DivisionSemiring.toSemiring.{u_1} 𝕜
                  (@Semifield.toDivisionSemiring.{u_1} 𝕜
                    (@Field.toSemifield.{u_1} 𝕜
                      (@NormedField.toField.{u_1} 𝕜
                        (@DenselyNormedField.toNormedField.{u_1} 𝕜 (@RCLike.toDenselyNormedField.{u_1} 𝕜 inst✝))))))
                (@Semiring.toAddCommMonoid.{u_1} 𝕜
                  (@Ring.toSemiring.{u_1} 𝕜
                    (@DivisionRing.toRing.{u_1} 𝕜
                      (@Field.toDivisionRing.{u_1} 𝕜
                        (@NormedField.toField.{u_1} 𝕜
                          (@DenselyNormedField.toNormedField.{u_1} 𝕜 (@RCLike.toDenselyNormedField.{u_1} 𝕜 inst✝)))))))
                (@Semiring.toModule.{u_1} 𝕜
                  (@DivisionSemiring.toSemiring.{u_1} 𝕜
                    (@Semifield.toDivisionSemiring.{u_1} 𝕜
                      (@Field.toSemifield.{u_1} 𝕜
                        (@NormedField.toField.{u_1} 𝕜
                          (@DenselyNormedField.toNormedField.{u_1} 𝕜
                            (@RCLike.toDenselyNormedField.{u_1} 𝕜 inst✝)))))))))
            (@WithLp.instModule.{u_1, max u_1 u_3}
              (@OfNat.ofNat.{0} ENNReal (nat_lit 2)
                (@instOfNatAtLeastTwo.{0} ENNReal (nat_lit 2)
                  (@AddMonoidWithOne.toNatCast.{0} ENNReal
                    (@AddCommMonoidWithOne.toAddMonoidWithOne.{0} ENNReal ENNReal.instAddCommMonoidWithOne))
                  PiLp.innerProductSpace._proof_1))
              𝕜 ((i : n) → (fun x => 𝕜) i)
              (@DivisionSemiring.toSemiring.{u_1} 𝕜
                (@Semifield.toDivisionSemiring.{u_1} 𝕜
                  (@Field.toSemifield.{u_1} 𝕜
                    (@NormedField.toField.{u_1} 𝕜
                      (@DenselyNormedField.toNormedField.{u_1} 𝕜 (@RCLike.toDenselyNormedField.{u_1} 𝕜 inst✝))))))
              (@Pi.addCommGroup.{u_3, u_1} n (fun x => 𝕜) fun i =>
                @Ring.toAddCommGroup.{u_1} 𝕜
                  (@DivisionRing.toRing.{u_1} 𝕜
                    (@Field.toDivisionRing.{u_1} 𝕜
                      (@NormedField.toField.{u_1} 𝕜
                        (@DenselyNormedField.toNormedField.{u_1} 𝕜 (@RCLike.toDenselyNormedField.{u_1} 𝕜 inst✝))))))
              (@Pi.Function.module.{u_3, u_1, u_1} n 𝕜 𝕜
                (@DivisionSemiring.toSemiring.{u_1} 𝕜
                  (@Semifield.toDivisionSemiring.{u_1} 𝕜
                    (@Field.toSemifield.{u_1} 𝕜
                      (@NormedField.toField.{u_1} 𝕜
                        (@DenselyNormedField.toNormedField.{u_1} 𝕜 (@RCLike.toDenselyNormedField.{u_1} 𝕜 inst✝))))))
                (@Semiring.toAddCommMonoid.{u_1} 𝕜
                  (@Ring.toSemiring.{u_1} 𝕜
                    (@DivisionRing.toRing.{u_1} 𝕜
                      (@Field.toDivisionRing.{u_1} 𝕜
                        (@NormedField.toField.{u_1} 𝕜
                          (@DenselyNormedField.toNormedField.{u_1} 𝕜 (@RCLike.toDenselyNormedField.{u_1} 𝕜 inst✝)))))))
                (@Semiring.toModule.{u_1} 𝕜
                  (@DivisionSemiring.toSemiring.{u_1} 𝕜
                    (@Semifield.toDivisionSemiring.{u_1} 𝕜
                      (@Field.toSemifield.{u_1} 𝕜
                        (@NormedField.toField.{u_1} 𝕜
                          (@DenselyNormedField.toNormedField.{u_1} 𝕜
                            (@RCLike.toDenselyNormedField.{u_1} 𝕜 inst✝)))))))))
            𝕜
            (@DistribMulAction.toDistribSMul.{u_1, max u_1 u_3} 𝕜 (EuclideanSpace.{u_1, u_3} 𝕜 n)
              (@Semiring.toMonoid.{u_1} 𝕜
                (@DivisionSemiring.toSemiring.{u_1} 𝕜
                  (@Semifield.toDivisionSemiring.{u_1} 𝕜
                    (@Field.toSemifield.{u_1} 𝕜
                      (@NormedField.toField.{u_1} 𝕜
                        (@DenselyNormedField.toNormedField.{u_1} 𝕜 (@RCLike.toDenselyNormedField.{u_1} 𝕜 inst✝)))))))
              (@SubNegMonoid.toAddMonoid.{max u_1 u_3} (EuclideanSpace.{u_1, u_3} 𝕜 n)
                (@AddGroup.toSubNegMonoid.{max u_1 u_3} (EuclideanSpace.{u_1, u_3} 𝕜 n)
                  (@AddCommGroup.toAddGroup.{max u_1 u_3} (EuclideanSpace.{u_1, u_3} 𝕜 n)
                    (@WithLp.instAddCommGroup.{max u_1 u_3}
                      (@OfNat.ofNat.{0} ENNReal (nat_lit 2)
                        (@instOfNatAtLeastTwo.{0} ENNReal (nat_lit 2)
                          (@AddMonoidWithOne.toNatCast.{0} ENNReal
                            (@AddCommMonoidWithOne.toAddMonoidWithOne.{0} ENNReal ENNReal.instAddCommMonoidWithOne))
                          PiLp.innerProductSpace._proof_1))
                      ((i : n) → (fun x => 𝕜) i)
                      (@Pi.addCommGroup.{u_3, u_1} n (fun x => 𝕜) fun i =>
                        @Ring.toAddCommGroup.{u_1} 𝕜
                          (@DivisionRing.toRing.{u_1} 𝕜
                            (@Field.toDivisionRing.{u_1} 𝕜
                              (@NormedField.toField.{u_1} 𝕜
                                (@DenselyNormedField.toNormedField.{u_1} 𝕜
                                  (@RCLike.toDenselyNormedField.{u_1} 𝕜 inst✝))))))))))
              (@WithLp.instDistribMulAction.{u_1, max u_1 u_3}
                (@OfNat.ofNat.{0} ENNReal (nat_lit 2)
                  (@instOfNatAtLeastTwo.{0} ENNReal (nat_lit 2)
                    (@AddMonoidWithOne.toNatCast.{0} ENNReal
                      (@AddCommMonoidWithOne.toAddMonoidWithOne.{0} ENNReal ENNReal.instAddCommMonoidWithOne))
                    PiLp.innerProductSpace._proof_1))
                𝕜 ((i : n) → (fun x => 𝕜) i)
                (@Semiring.toMonoid.{u_1} 𝕜
                  (@DivisionSemiring.toSemiring.{u_1} 𝕜
                    (@Semifield.toDivisionSemiring.{u_1} 𝕜
                      (@Field.toSemifield.{u_1} 𝕜
                        (@NormedField.toField.{u_1} 𝕜
                          (@DenselyNormedField.toNormedField.{u_1} 𝕜 (@RCLike.toDenselyNormedField.{u_1} 𝕜 inst✝)))))))
                (@Pi.addCommGroup.{u_3, u_1} n (fun x => 𝕜) fun i =>
                  @Ring.toAddCommGroup.{u_1} 𝕜
                    (@DivisionRing.toRing.{u_1} 𝕜
                      (@Field.toDivisionRing.{u_1} 𝕜
                        (@NormedField.toField.{u_1} 𝕜
                          (@DenselyNormedField.toNormedField.{u_1} 𝕜 (@RCLike.toDenselyNormedField.{u_1} 𝕜 inst✝))))))
                (@Pi.distribMulAction.{u_3, u_1, u_1} n (fun x => 𝕜) 𝕜
                  (@Semiring.toMonoid.{u_1} 𝕜
                    (@DivisionSemiring.toSemiring.{u_1} 𝕜
                      (@Semifield.toDivisionSemiring.{u_1} 𝕜
                        (@Field.toSemifield.{u_1} 𝕜
                          (@NormedField.toField.{u_1} 𝕜
                            (@DenselyNormedField.toNormedField.{u_1} 𝕜
                              (@RCLike.toDenselyNormedField.{u_1} 𝕜 inst✝)))))))
                  (fun i =>
                    @SubNegMonoid.toAddMonoid.{u_1} ((fun x => 𝕜) i)
                      ((fun i =>
                          @AddGroup.toSubNegMonoid.{u_1} ((fun x => 𝕜) i)
                            ((fun i =>
                                @AddCommGroup.toAddGroup.{u_1} ((fun x => 𝕜) i)
                                  ((fun i =>
                                      @Ring.toAddCommGroup.{u_1} 𝕜
                                        (@DivisionRing.toRing.{u_1} 𝕜
                                          (@Field.toDivisionRing.{u_1} 𝕜
                                            (@NormedField.toField.{u_1} 𝕜
                                              (@DenselyNormedField.toNormedField.{u_1} 𝕜
                                                (@RCLike.toDenselyNormedField.{u_1} 𝕜 inst✝))))))
                                    i))
                              i))
                        i))
                  fun i =>
                  @Module.toDistribMulAction.{u_1, u_1} 𝕜 𝕜
                    (@DivisionSemiring.toSemiring.{u_1} 𝕜
                      (@Semifield.toDivisionSemiring.{u_1} 𝕜
                        (@Field.toSemifield.{u_1} 𝕜
                          (@NormedField.toField.{u_1} 𝕜
                            (@DenselyNormedField.toNormedField.{u_1} 𝕜 (@RCLike.toDenselyNormedField.{u_1} 𝕜 inst✝))))))
                    (@Semiring.toAddCommMonoid.{u_1} 𝕜
                      (@DivisionSemiring.toSemiring.{u_1} 𝕜
                        (@Semifield.toDivisionSemiring.{u_1} 𝕜
                          (@Field.toSemifield.{u_1} 𝕜
                            (@NormedField.toField.{u_1} 𝕜
                              (@DenselyNormedField.toNormedField.{u_1} 𝕜
                                (@RCLike.toDenselyNormedField.{u_1} 𝕜 inst✝)))))))
                    (@Semiring.toModule.{u_1} 𝕜
                      (@DivisionSemiring.toSemiring.{u_1} 𝕜
                        (@Semifield.toDivisionSemiring.{u_1} 𝕜
                          (@Field.toSemifield.{u_1} 𝕜
                            (@NormedField.toField.{u_1} 𝕜
                              (@DenselyNormedField.toNormedField.{u_1} 𝕜
                                (@RCLike.toDenselyNormedField.{u_1} 𝕜 inst✝))))))))))
            ⋯ ⋯)
          (@Matrix.instStar.{u_1, u_3} n 𝕜
            (@InvolutiveStar.toStar.{u_1} 𝕜
              (@StarAddMonoid.toInvolutiveStar.{u_1} 𝕜
                (@AddCommMonoid.toAddMonoid.{u_1} 𝕜
                  (@NonUnitalNonAssocSemiring.toAddCommMonoid.{u_1} 𝕜
                    (@NonUnitalNonAssocRing.toNonUnitalNonAssocSemiring.{u_1} 𝕜
                      (@NonUnitalNonAssocCommRing.toNonUnitalNonAssocRing.{u_1} 𝕜
                        (@NonUnitalCommRing.toNonUnitalNonAssocCommRing.{u_1} 𝕜
                          (@CommRing.toNonUnitalCommRing.{u_1} 𝕜
                            (@Field.toCommRing.{u_1} 𝕜
                              (@NormedField.toField.{u_1} 𝕜
                                (@DenselyNormedField.toNormedField.{u_1} 𝕜
                                  (@RCLike.toDenselyNormedField.{u_1} 𝕜 inst✝))))))))))
                (@StarRing.toStarAddMonoid.{u_1} 𝕜
                  (@NonUnitalNonAssocRing.toNonUnitalNonAssocSemiring.{u_1} 𝕜
                    (@NonUnitalNonAssocCommRing.toNonUnitalNonAssocRing.{u_1} 𝕜
                      (@NonUnitalCommRing.toNonUnitalNonAssocCommRing.{u_1} 𝕜
                        (@CommRing.toNonUnitalCommRing.{u_1} 𝕜
                          (@Field.toCommRing.{u_1} 𝕜
                            (@NormedField.toField.{u_1} 𝕜
                              (@DenselyNormedField.toNormedField.{u_1} 𝕜
                                (@RCLike.toDenselyNormedField.{u_1} 𝕜 inst✝))))))))
                  (@RCLike.toStarRing.{u_1} 𝕜 inst✝)))))
          (@ContinuousLinearMap.instStarId.{u_1, max u_1 u_3} 𝕜 (EuclideanSpace.{u_1, u_3} 𝕜 n) inst✝
            (@PiLp.normedAddCommGroup.{u_3, u_1}
              (@OfNat.ofNat.{0} ENNReal (nat_lit 2)
                (@instOfNatAtLeastTwo.{0} ENNReal (nat_lit 2)
                  (@AddMonoidWithOne.toNatCast.{0} ENNReal
                    (@AddCommMonoidWithOne.toAddMonoidWithOne.{0} ENNReal ENNReal.instAddCommMonoidWithOne))
                  PiLp.innerProductSpace._proof_1))
              n (fun x => 𝕜) fact_one_le_two_ennreal inst✝¹ fun i =>
              @NonUnitalNormedRing.toNormedAddCommGroup.{u_1} 𝕜
                (@NonUnitalNormedCommRing.toNonUnitalNormedRing.{u_1} 𝕜
                  (@NormedCommRing.toNonUnitalNormedCommRing.{u_1} 𝕜
                    (@NormedField.toNormedCommRing.{u_1} 𝕜
                      (@DenselyNormedField.toNormedField.{u_1} 𝕜 (@RCLike.toDenselyNormedField.{u_1} 𝕜 inst✝))))))
            (@PiLp.innerProductSpace.{u_1, u_3, u_1} 𝕜 inst✝ n inst✝¹ (fun x => 𝕜)
              (fun i =>
                @NonUnitalNormedRing.toNormedAddCommGroup.{u_1} 𝕜
                  (@NonUnitalNormedCommRing.toNonUnitalNormedRing.{u_1} 𝕜
                    (@NormedCommRing.toNonUnitalNormedCommRing.{u_1} 𝕜
                      (@NormedField.toNormedCommRing.{u_1} 𝕜
                        (@DenselyNormedField.toNormedField.{u_1} 𝕜 (@RCLike.toDenselyNormedField.{u_1} 𝕜 inst✝))))))
              fun i => @RCLike.innerProductSpace.{u_1} 𝕜 inst✝)
            ⋯))
        (@Matrix.toEuclideanCLM.{u_1, u_3} 𝕜 n inst✝ inst✝¹ inst✝²) A))
    (@norm.{max u_1 u_3} (Matrix.{u_3, u_3, u_1} n n 𝕜)
      (@NormedAddCommGroup.toNorm.{max u_1 u_3} (Matrix.{u_3, u_3, u_1} n n 𝕜)
        (@Matrix.instL2OpNormedAddCommGroup.{u_1, u_3, u_3} 𝕜 n n inst✝ inst✝¹ inst✝¹ inst✝²))
      A)
Matrix.toEuclideanCLM_toLp.{u_1, u_3} {𝕜 : Type u_1} {n : Type u_3} [RCLike.{u_1} 𝕜] [Fintype.{u_3} n]
  [DecidableEq.{u_3 + 1} n] (A : Matrix.{u_3, u_3, u_1} n n 𝕜) (x : n → 𝕜) :
  @Eq.{max (u_1 + 1) (u_3 + 1)} (EuclideanSpace.{u_1, u_3} 𝕜 n)
    (@DFunLike.coe.{max (u_1 + 1) (u_3 + 1), max (u_1 + 1) (u_3 + 1), max (u_1 + 1) (u_3 + 1)}
      (@ContinuousLinearMap.{u_1, u_1, max u_3 u_1, max u_3 u_1} 𝕜 𝕜
        (@DivisionSemiring.toSemiring.{u_1} 𝕜
          (@Semifield.toDivisionSemiring.{u_1} 𝕜
            (@Field.toSemifield.{u_1} 𝕜
              (@NormedField.toField.{u_1} 𝕜
                (@DenselyNormedField.toNormedField.{u_1} 𝕜 (@RCLike.toDenselyNormedField.{u_1} 𝕜 inst✝))))))
        (@DivisionSemiring.toSemiring.{u_1} 𝕜
          (@Semifield.toDivisionSemiring.{u_1} 𝕜
            (@Field.toSemifield.{u_1} 𝕜
              (@NormedField.toField.{u_1} 𝕜
                (@DenselyNormedField.toNormedField.{u_1} 𝕜 (@RCLike.toDenselyNormedField.{u_1} 𝕜 inst✝))))))
        (@RingHom.id.{u_1} 𝕜
          (@Semiring.toNonAssocSemiring.{u_1} 𝕜
            (@DivisionSemiring.toSemiring.{u_1} 𝕜
              (@Semifield.toDivisionSemiring.{u_1} 𝕜
                (@Field.toSemifield.{u_1} 𝕜
                  (@NormedField.toField.{u_1} 𝕜
                    (@DenselyNormedField.toNormedField.{u_1} 𝕜 (@RCLike.toDenselyNormedField.{u_1} 𝕜 inst✝))))))))
        (EuclideanSpace.{u_1, u_3} 𝕜 n)
        (@PiLp.topologicalSpace.{u_3, u_1}
          (@OfNat.ofNat.{0} ENNReal (nat_lit 2)
            (@instOfNatAtLeastTwo.{0} ENNReal (nat_lit 2)
              (@AddMonoidWithOne.toNatCast.{0} ENNReal
                (@AddCommMonoidWithOne.toAddMonoidWithOne.{0} ENNReal ENNReal.instAddCommMonoidWithOne))
              PiLp.innerProductSpace._proof_1))
          n (fun x => 𝕜) fun i =>
          @UniformSpace.toTopologicalSpace.{u_1} 𝕜
            (@PseudoMetricSpace.toUniformSpace.{u_1} 𝕜
              (@SeminormedRing.toPseudoMetricSpace.{u_1} 𝕜
                (@SeminormedCommRing.toSeminormedRing.{u_1} 𝕜
                  (@NormedCommRing.toSeminormedCommRing.{u_1} 𝕜
                    (@NormedField.toNormedCommRing.{u_1} 𝕜
                      (@DenselyNormedField.toNormedField.{u_1} 𝕜 (@RCLike.toDenselyNormedField.{u_1} 𝕜 inst✝))))))))
        (@AddCommGroup.toAddCommMonoid.{max u_1 u_3} (EuclideanSpace.{u_1, u_3} 𝕜 n)
          (@WithLp.instAddCommGroup.{max u_1 u_3}
            (@OfNat.ofNat.{0} ENNReal (nat_lit 2)
              (@instOfNatAtLeastTwo.{0} ENNReal (nat_lit 2)
                (@AddMonoidWithOne.toNatCast.{0} ENNReal
                  (@AddCommMonoidWithOne.toAddMonoidWithOne.{0} ENNReal ENNReal.instAddCommMonoidWithOne))
                PiLp.innerProductSpace._proof_1))
            ((i : n) → (fun x => 𝕜) i)
            (@Pi.addCommGroup.{u_3, u_1} n (fun x => 𝕜) fun i =>
              @Ring.toAddCommGroup.{u_1} 𝕜
                (@DivisionRing.toRing.{u_1} 𝕜
                  (@Field.toDivisionRing.{u_1} 𝕜
                    (@NormedField.toField.{u_1} 𝕜
                      (@DenselyNormedField.toNormedField.{u_1} 𝕜 (@RCLike.toDenselyNormedField.{u_1} 𝕜 inst✝))))))))
        (EuclideanSpace.{u_1, u_3} 𝕜 n)
        (@PiLp.topologicalSpace.{u_3, u_1}
          (@OfNat.ofNat.{0} ENNReal (nat_lit 2)
            (@instOfNatAtLeastTwo.{0} ENNReal (nat_lit 2)
              (@AddMonoidWithOne.toNatCast.{0} ENNReal
                (@AddCommMonoidWithOne.toAddMonoidWithOne.{0} ENNReal ENNReal.instAddCommMonoidWithOne))
              PiLp.innerProductSpace._proof_1))
          n (fun x => 𝕜) fun i =>
          @UniformSpace.toTopologicalSpace.{u_1} 𝕜
            (@PseudoMetricSpace.toUniformSpace.{u_1} 𝕜
              (@SeminormedRing.toPseudoMetricSpace.{u_1} 𝕜
                (@SeminormedCommRing.toSeminormedRing.{u_1} 𝕜
                  (@NormedCommRing.toSeminormedCommRing.{u_1} 𝕜
                    (@NormedField.toNormedCommRing.{u_1} 𝕜
                      (@DenselyNormedField.toNormedField.{u_1} 𝕜 (@RCLike.toDenselyNormedField.{u_1} 𝕜 inst✝))))))))
        (@AddCommGroup.toAddCommMonoid.{max u_1 u_3} (EuclideanSpace.{u_1, u_3} 𝕜 n)
          (@WithLp.instAddCommGroup.{max u_1 u_3}
            (@OfNat.ofNat.{0} ENNReal (nat_lit 2)
              (@instOfNatAtLeastTwo.{0} ENNReal (nat_lit 2)
                (@AddMonoidWithOne.toNatCast.{0} ENNReal
                  (@AddCommMonoidWithOne.toAddMonoidWithOne.{0} ENNReal ENNReal.instAddCommMonoidWithOne))
                PiLp.innerProductSpace._proof_1))
            ((i : n) → (fun x => 𝕜) i)
            (@Pi.addCommGroup.{u_3, u_1} n (fun x => 𝕜) fun i =>
              @Ring.toAddCommGroup.{u_1} 𝕜
                (@DivisionRing.toRing.{u_1} 𝕜
                  (@Field.toDivisionRing.{u_1} 𝕜
                    (@NormedField.toField.{u_1} 𝕜
                      (@DenselyNormedField.toNormedField.{u_1} 𝕜 (@RCLike.toDenselyNormedField.{u_1} 𝕜 inst✝))))))))
        (@WithLp.instModule.{u_1, max u_1 u_3}
          (@OfNat.ofNat.{0} ENNReal (nat_lit 2)
            (@instOfNatAtLeastTwo.{0} ENNReal (nat_lit 2)
              (@AddMonoidWithOne.toNatCast.{0} ENNReal
                (@AddCommMonoidWithOne.toAddMonoidWithOne.{0} ENNReal ENNReal.instAddCommMonoidWithOne))
              PiLp.innerProductSpace._proof_1))
          𝕜 ((i : n) → (fun x => 𝕜) i)
          (@DivisionSemiring.toSemiring.{u_1} 𝕜
            (@Semifield.toDivisionSemiring.{u_1} 𝕜
              (@Field.toSemifield.{u_1} 𝕜
                (@NormedField.toField.{u_1} 𝕜
                  (@DenselyNormedField.toNormedField.{u_1} 𝕜 (@RCLike.toDenselyNormedField.{u_1} 𝕜 inst✝))))))
          (@Pi.addCommGroup.{u_3, u_1} n (fun x => 𝕜) fun i =>
            @Ring.toAddCommGroup.{u_1} 𝕜
              (@DivisionRing.toRing.{u_1} 𝕜
                (@Field.toDivisionRing.{u_1} 𝕜
                  (@NormedField.toField.{u_1} 𝕜
                    (@DenselyNormedField.toNormedField.{u_1} 𝕜 (@RCLike.toDenselyNormedField.{u_1} 𝕜 inst✝))))))
          (@Pi.Function.module.{u_3, u_1, u_1} n 𝕜 𝕜
            (@DivisionSemiring.toSemiring.{u_1} 𝕜
              (@Semifield.toDivisionSemiring.{u_1} 𝕜
                (@Field.toSemifield.{u_1} 𝕜
                  (@NormedField.toField.{u_1} 𝕜
                    (@DenselyNormedField.toNormedField.{u_1} 𝕜 (@RCLike.toDenselyNormedField.{u_1} 𝕜 inst✝))))))
            (@Semiring.toAddCommMonoid.{u_1} 𝕜
              (@Ring.toSemiring.{u_1} 𝕜
                (@DivisionRing.toRing.{u_1} 𝕜
                  (@Field.toDivisionRing.{u_1} 𝕜
                    (@NormedField.toField.{u_1} 𝕜
                      (@DenselyNormedField.toNormedField.{u_1} 𝕜 (@RCLike.toDenselyNormedField.{u_1} 𝕜 inst✝)))))))
            (@Semiring.toModule.{u_1} 𝕜
              (@DivisionSemiring.toSemiring.{u_1} 𝕜
                (@Semifield.toDivisionSemiring.{u_1} 𝕜
                  (@Field.toSemifield.{u_1} 𝕜
                    (@NormedField.toField.{u_1} 𝕜
                      (@DenselyNormedField.toNormedField.{u_1} 𝕜 (@RCLike.toDenselyNormedField.{u_1} 𝕜 inst✝)))))))))
        (@WithLp.instModule.{u_1, max u_1 u_3}
          (@OfNat.ofNat.{0} ENNReal (nat_lit 2)
            (@instOfNatAtLeastTwo.{0} ENNReal (nat_lit 2)
              (@AddMonoidWithOne.toNatCast.{0} ENNReal
                (@AddCommMonoidWithOne.toAddMonoidWithOne.{0} ENNReal ENNReal.instAddCommMonoidWithOne))
              PiLp.innerProductSpace._proof_1))
          𝕜 ((i : n) → (fun x => 𝕜) i)
          (@DivisionSemiring.toSemiring.{u_1} 𝕜
            (@Semifield.toDivisionSemiring.{u_1} 𝕜
              (@Field.toSemifield.{u_1} 𝕜
                (@NormedField.toField.{u_1} 𝕜
                  (@DenselyNormedField.toNormedField.{u_1} 𝕜 (@RCLike.toDenselyNormedField.{u_1} 𝕜 inst✝))))))
          (@Pi.addCommGroup.{u_3, u_1} n (fun x => 𝕜) fun i =>
            @Ring.toAddCommGroup.{u_1} 𝕜
              (@DivisionRing.toRing.{u_1} 𝕜
                (@Field.toDivisionRing.{u_1} 𝕜
                  (@NormedField.toField.{u_1} 𝕜
                    (@DenselyNormedField.toNormedField.{u_1} 𝕜 (@RCLike.toDenselyNormedField.{u_1} 𝕜 inst✝))))))
          (@Pi.Function.module.{u_3, u_1, u_1} n 𝕜 𝕜
            (@DivisionSemiring.toSemiring.{u_1} 𝕜
              (@Semifield.toDivisionSemiring.{u_1} 𝕜
                (@Field.toSemifield.{u_1} 𝕜
                  (@NormedField.toField.{u_1} 𝕜
                    (@DenselyNormedField.toNormedField.{u_1} 𝕜 (@RCLike.toDenselyNormedField.{u_1} 𝕜 inst✝))))))
            (@Semiring.toAddCommMonoid.{u_1} 𝕜
              (@Ring.toSemiring.{u_1} 𝕜
                (@DivisionRing.toRing.{u_1} 𝕜
                  (@Field.toDivisionRing.{u_1} 𝕜
                    (@NormedField.toField.{u_1} 𝕜
                      (@DenselyNormedField.toNormedField.{u_1} 𝕜 (@RCLike.toDenselyNormedField.{u_1} 𝕜 inst✝)))))))
            (@Semiring.toModule.{u_1} 𝕜
              (@DivisionSemiring.toSemiring.{u_1} 𝕜
                (@Semifield.toDivisionSemiring.{u_1} 𝕜
                  (@Field.toSemifield.{u_1} 𝕜
                    (@NormedField.toField.{u_1} 𝕜
                      (@DenselyNormedField.toNormedField.{u_1} 𝕜 (@RCLike.toDenselyNormedField.{u_1} 𝕜 inst✝))))))))))
      (EuclideanSpace.{u_1, u_3} 𝕜 n) (fun x => EuclideanSpace.{u_1, u_3} 𝕜 n)
      (@ContinuousLinearMap.funLike.{u_1, u_1, max u_1 u_3, max u_1 u_3} 𝕜 𝕜
        (@DivisionSemiring.toSemiring.{u_1} 𝕜
          (@Semifield.toDivisionSemiring.{u_1} 𝕜
            (@Field.toSemifield.{u_1} 𝕜
              (@NormedField.toField.{u_1} 𝕜
                (@DenselyNormedField.toNormedField.{u_1} 𝕜 (@RCLike.toDenselyNormedField.{u_1} 𝕜 inst✝))))))
        (@DivisionSemiring.toSemiring.{u_1} 𝕜
          (@Semifield.toDivisionSemiring.{u_1} 𝕜
            (@Field.toSemifield.{u_1} 𝕜
              (@NormedField.toField.{u_1} 𝕜
                (@DenselyNormedField.toNormedField.{u_1} 𝕜 (@RCLike.toDenselyNormedField.{u_1} 𝕜 inst✝))))))
        (@RingHom.id.{u_1} 𝕜
          (@Semiring.toNonAssocSemiring.{u_1} 𝕜
            (@DivisionSemiring.toSemiring.{u_1} 𝕜
              (@Semifield.toDivisionSemiring.{u_1} 𝕜
                (@Field.toSemifield.{u_1} 𝕜
                  (@NormedField.toField.{u_1} 𝕜
                    (@DenselyNormedField.toNormedField.{u_1} 𝕜 (@RCLike.toDenselyNormedField.{u_1} 𝕜 inst✝))))))))
        (EuclideanSpace.{u_1, u_3} 𝕜 n)
        (@PiLp.topologicalSpace.{u_3, u_1}
          (@OfNat.ofNat.{0} ENNReal (nat_lit 2)
            (@instOfNatAtLeastTwo.{0} ENNReal (nat_lit 2)
              (@AddMonoidWithOne.toNatCast.{0} ENNReal
                (@AddCommMonoidWithOne.toAddMonoidWithOne.{0} ENNReal ENNReal.instAddCommMonoidWithOne))
              PiLp.innerProductSpace._proof_1))
          n (fun x => 𝕜) fun i =>
          @UniformSpace.toTopologicalSpace.{u_1} 𝕜
            (@PseudoMetricSpace.toUniformSpace.{u_1} 𝕜
              (@SeminormedRing.toPseudoMetricSpace.{u_1} 𝕜
                (@SeminormedCommRing.toSeminormedRing.{u_1} 𝕜
                  (@NormedCommRing.toSeminormedCommRing.{u_1} 𝕜
                    (@NormedField.toNormedCommRing.{u_1} 𝕜
                      (@DenselyNormedField.toNormedField.{u_1} 𝕜 (@RCLike.toDenselyNormedField.{u_1} 𝕜 inst✝))))))))
        (@AddCommGroup.toAddCommMonoid.{max u_1 u_3} (EuclideanSpace.{u_1, u_3} 𝕜 n)
          (@WithLp.instAddCommGroup.{max u_1 u_3}
            (@OfNat.ofNat.{0} ENNReal (nat_lit 2)
              (@instOfNatAtLeastTwo.{0} ENNReal (nat_lit 2)
                (@AddMonoidWithOne.toNatCast.{0} ENNReal
                  (@AddCommMonoidWithOne.toAddMonoidWithOne.{0} ENNReal ENNReal.instAddCommMonoidWithOne))
                PiLp.innerProductSpace._proof_1))
            ((i : n) → (fun x => 𝕜) i)
            (@Pi.addCommGroup.{u_3, u_1} n (fun x => 𝕜) fun i =>
              @Ring.toAddCommGroup.{u_1} 𝕜
                (@DivisionRing.toRing.{u_1} 𝕜
                  (@Field.toDivisionRing.{u_1} 𝕜
                    (@NormedField.toField.{u_1} 𝕜
                      (@DenselyNormedField.toNormedField.{u_1} 𝕜 (@RCLike.toDenselyNormedField.{u_1} 𝕜 inst✝))))))))
        (EuclideanSpace.{u_1, u_3} 𝕜 n)
        (@PiLp.topologicalSpace.{u_3, u_1}
          (@OfNat.ofNat.{0} ENNReal (nat_lit 2)
            (@instOfNatAtLeastTwo.{0} ENNReal (nat_lit 2)
              (@AddMonoidWithOne.toNatCast.{0} ENNReal
                (@AddCommMonoidWithOne.toAddMonoidWithOne.{0} ENNReal ENNReal.instAddCommMonoidWithOne))
              PiLp.innerProductSpace._proof_1))
          n (fun x => 𝕜) fun i =>
          @UniformSpace.toTopologicalSpace.{u_1} 𝕜
            (@PseudoMetricSpace.toUniformSpace.{u_1} 𝕜
              (@SeminormedRing.toPseudoMetricSpace.{u_1} 𝕜
                (@SeminormedCommRing.toSeminormedRing.{u_1} 𝕜
                  (@NormedCommRing.toSeminormedCommRing.{u_1} 𝕜
                    (@NormedField.toNormedCommRing.{u_1} 𝕜
                      (@DenselyNormedField.toNormedField.{u_1} 𝕜 (@RCLike.toDenselyNormedField.{u_1} 𝕜 inst✝))))))))
        (@AddCommGroup.toAddCommMonoid.{max u_1 u_3} (EuclideanSpace.{u_1, u_3} 𝕜 n)
          (@WithLp.instAddCommGroup.{max u_1 u_3}
            (@OfNat.ofNat.{0} ENNReal (nat_lit 2)
              (@instOfNatAtLeastTwo.{0} ENNReal (nat_lit 2)
                (@AddMonoidWithOne.toNatCast.{0} ENNReal
                  (@AddCommMonoidWithOne.toAddMonoidWithOne.{0} ENNReal ENNReal.instAddCommMonoidWithOne))
                PiLp.innerProductSpace._proof_1))
            ((i : n) → (fun x => 𝕜) i)
            (@Pi.addCommGroup.{u_3, u_1} n (fun x => 𝕜) fun i =>
              @Ring.toAddCommGroup.{u_1} 𝕜
                (@DivisionRing.toRing.{u_1} 𝕜
                  (@Field.toDivisionRing.{u_1} 𝕜
                    (@NormedField.toField.{u_1} 𝕜
                      (@DenselyNormedField.toNormedField.{u_1} 𝕜 (@RCLike.toDenselyNormedField.{u_1} 𝕜 inst✝))))))))
        (@WithLp.instModule.{u_1, max u_1 u_3}
          (@OfNat.ofNat.{0} ENNReal (nat_lit 2)
            (@instOfNatAtLeastTwo.{0} ENNReal (nat_lit 2)
              (@AddMonoidWithOne.toNatCast.{0} ENNReal
                (@AddCommMonoidWithOne.toAddMonoidWithOne.{0} ENNReal ENNReal.instAddCommMonoidWithOne))
              PiLp.innerProductSpace._proof_1))
          𝕜 ((i : n) → (fun x => 𝕜) i)
          (@DivisionSemiring.toSemiring.{u_1} 𝕜
            (@Semifield.toDivisionSemiring.{u_1} 𝕜
              (@Field.toSemifield.{u_1} 𝕜
                (@NormedField.toField.{u_1} 𝕜
                  (@DenselyNormedField.toNormedField.{u_1} 𝕜 (@RCLike.toDenselyNormedField.{u_1} 𝕜 inst✝))))))
          (@Pi.addCommGroup.{u_3, u_1} n (fun x => 𝕜) fun i =>
            @Ring.toAddCommGroup.{u_1} 𝕜
              (@DivisionRing.toRing.{u_1} 𝕜
                (@Field.toDivisionRing.{u_1} 𝕜
                  (@NormedField.toField.{u_1} 𝕜
                    (@DenselyNormedField.toNormedField.{u_1} 𝕜 (@RCLike.toDenselyNormedField.{u_1} 𝕜 inst✝))))))
          (@Pi.Function.module.{u_3, u_1, u_1} n 𝕜 𝕜
            (@DivisionSemiring.toSemiring.{u_1} 𝕜
              (@Semifield.toDivisionSemiring.{u_1} 𝕜
                (@Field.toSemifield.{u_1} 𝕜
                  (@NormedField.toField.{u_1} 𝕜
                    (@DenselyNormedField.toNormedField.{u_1} 𝕜 (@RCLike.toDenselyNormedField.{u_1} 𝕜 inst✝))))))
            (@Semiring.toAddCommMonoid.{u_1} 𝕜
              (@Ring.toSemiring.{u_1} 𝕜
                (@DivisionRing.toRing.{u_1} 𝕜
                  (@Field.toDivisionRing.{u_1} 𝕜
                    (@NormedField.toField.{u_1} 𝕜
                      (@DenselyNormedField.toNormedField.{u_1} 𝕜 (@RCLike.toDenselyNormedField.{u_1} 𝕜 inst✝)))))))
            (@Semiring.toModule.{u_1} 𝕜
              (@DivisionSemiring.toSemiring.{u_1} 𝕜
                (@Semifield.toDivisionSemiring.{u_1} 𝕜
                  (@Field.toSemifield.{u_1} 𝕜
                    (@NormedField.toField.{u_1} 𝕜
                      (@DenselyNormedField.toNormedField.{u_1} 𝕜 (@RCLike.toDenselyNormedField.{u_1} 𝕜 inst✝)))))))))
        (@WithLp.instModule.{u_1, max u_1 u_3}
          (@OfNat.ofNat.{0} ENNReal (nat_lit 2)
            (@instOfNatAtLeastTwo.{0} ENNReal (nat_lit 2)
              (@AddMonoidWithOne.toNatCast.{0} ENNReal
                (@AddCommMonoidWithOne.toAddMonoidWithOne.{0} ENNReal ENNReal.instAddCommMonoidWithOne))
              PiLp.innerProductSpace._proof_1))
          𝕜 ((i : n) → (fun x => 𝕜) i)
          (@DivisionSemiring.toSemiring.{u_1} 𝕜
            (@Semifield.toDivisionSemiring.{u_1} 𝕜
              (@Field.toSemifield.{u_1} 𝕜
                (@NormedField.toField.{u_1} 𝕜
                  (@DenselyNormedField.toNormedField.{u_1} 𝕜 (@RCLike.toDenselyNormedField.{u_1} 𝕜 inst✝))))))
          (@Pi.addCommGroup.{u_3, u_1} n (fun x => 𝕜) fun i =>
            @Ring.toAddCommGroup.{u_1} 𝕜
              (@DivisionRing.toRing.{u_1} 𝕜
                (@Field.toDivisionRing.{u_1} 𝕜
                  (@NormedField.toField.{u_1} 𝕜
                    (@DenselyNormedField.toNormedField.{u_1} 𝕜 (@RCLike.toDenselyNormedField.{u_1} 𝕜 inst✝))))))
          (@Pi.Function.module.{u_3, u_1, u_1} n 𝕜 𝕜
            (@DivisionSemiring.toSemiring.{u_1} 𝕜
              (@Semifield.toDivisionSemiring.{u_1} 𝕜
                (@Field.toSemifield.{u_1} 𝕜
                  (@NormedField.toField.{u_1} 𝕜
                    (@DenselyNormedField.toNormedField.{u_1} 𝕜 (@RCLike.toDenselyNormedField.{u_1} 𝕜 inst✝))))))
            (@Semiring.toAddCommMonoid.{u_1} 𝕜
              (@Ring.toSemiring.{u_1} 𝕜
                (@DivisionRing.toRing.{u_1} 𝕜
                  (@Field.toDivisionRing.{u_1} 𝕜
                    (@NormedField.toField.{u_1} 𝕜
                      (@DenselyNormedField.toNormedField.{u_1} 𝕜 (@RCLike.toDenselyNormedField.{u_1} 𝕜 inst✝)))))))
            (@Semiring.toModule.{u_1} 𝕜
              (@DivisionSemiring.toSemiring.{u_1} 𝕜
                (@Semifield.toDivisionSemiring.{u_1} 𝕜
                  (@Field.toSemifield.{u_1} 𝕜
                    (@NormedField.toField.{u_1} 𝕜
                      (@DenselyNormedField.toNormedField.{u_1} 𝕜 (@RCLike.toDenselyNormedField.{u_1} 𝕜 inst✝))))))))))
      (@DFunLike.coe.{max (u_1 + 1) (u_3 + 1), max (u_1 + 1) (u_3 + 1), max (u_1 + 1) (u_3 + 1)}
        (@StarAlgEquiv.{u_1, max u_1 u_3, max u_3 u_1} 𝕜 (Matrix.{u_3, u_3, u_1} n n 𝕜)
          (@ContinuousLinearMap.{u_1, u_1, max u_3 u_1, max u_3 u_1} 𝕜 𝕜
            (@DivisionSemiring.toSemiring.{u_1} 𝕜
              (@Semifield.toDivisionSemiring.{u_1} 𝕜
                (@Field.toSemifield.{u_1} 𝕜
                  (@NormedField.toField.{u_1} 𝕜
                    (@DenselyNormedField.toNormedField.{u_1} 𝕜 (@RCLike.toDenselyNormedField.{u_1} 𝕜 inst✝))))))
            (@DivisionSemiring.toSemiring.{u_1} 𝕜
              (@Semifield.toDivisionSemiring.{u_1} 𝕜
                (@Field.toSemifield.{u_1} 𝕜
                  (@NormedField.toField.{u_1} 𝕜
                    (@DenselyNormedField.toNormedField.{u_1} 𝕜 (@RCLike.toDenselyNormedField.{u_1} 𝕜 inst✝))))))
            (@RingHom.id.{u_1} 𝕜
              (@Semiring.toNonAssocSemiring.{u_1} 𝕜
                (@DivisionSemiring.toSemiring.{u_1} 𝕜
                  (@Semifield.toDivisionSemiring.{u_1} 𝕜
                    (@Field.toSemifield.{u_1} 𝕜
                      (@NormedField.toField.{u_1} 𝕜
                        (@DenselyNormedField.toNormedField.{u_1} 𝕜 (@RCLike.toDenselyNormedField.{u_1} 𝕜 inst✝))))))))
            (EuclideanSpace.{u_1, u_3} 𝕜 n)
            (@PiLp.topologicalSpace.{u_3, u_1}
              (@OfNat.ofNat.{0} ENNReal (nat_lit 2)
                (@instOfNatAtLeastTwo.{0} ENNReal (nat_lit 2)
                  (@AddMonoidWithOne.toNatCast.{0} ENNReal
                    (@AddCommMonoidWithOne.toAddMonoidWithOne.{0} ENNReal ENNReal.instAddCommMonoidWithOne))
                  PiLp.innerProductSpace._proof_1))
              n (fun x => 𝕜) fun i =>
              @UniformSpace.toTopologicalSpace.{u_1} 𝕜
                (@PseudoMetricSpace.toUniformSpace.{u_1} 𝕜
                  (@SeminormedRing.toPseudoMetricSpace.{u_1} 𝕜
                    (@SeminormedCommRing.toSeminormedRing.{u_1} 𝕜
                      (@NormedCommRing.toSeminormedCommRing.{u_1} 𝕜
                        (@NormedField.toNormedCommRing.{u_1} 𝕜
                          (@DenselyNormedField.toNormedField.{u_1} 𝕜 (@RCLike.toDenselyNormedField.{u_1} 𝕜 inst✝))))))))
            (@AddCommGroup.toAddCommMonoid.{max u_1 u_3} (EuclideanSpace.{u_1, u_3} 𝕜 n)
              (@WithLp.instAddCommGroup.{max u_1 u_3}
                (@OfNat.ofNat.{0} ENNReal (nat_lit 2)
                  (@instOfNatAtLeastTwo.{0} ENNReal (nat_lit 2)
                    (@AddMonoidWithOne.toNatCast.{0} ENNReal
                      (@AddCommMonoidWithOne.toAddMonoidWithOne.{0} ENNReal ENNReal.instAddCommMonoidWithOne))
                    PiLp.innerProductSpace._proof_1))
                ((i : n) → (fun x => 𝕜) i)
                (@Pi.addCommGroup.{u_3, u_1} n (fun x => 𝕜) fun i =>
                  @Ring.toAddCommGroup.{u_1} 𝕜
                    (@DivisionRing.toRing.{u_1} 𝕜
                      (@Field.toDivisionRing.{u_1} 𝕜
                        (@NormedField.toField.{u_1} 𝕜
                          (@DenselyNormedField.toNormedField.{u_1} 𝕜 (@RCLike.toDenselyNormedField.{u_1} 𝕜 inst✝))))))))
            (EuclideanSpace.{u_1, u_3} 𝕜 n)
            (@PiLp.topologicalSpace.{u_3, u_1}
              (@OfNat.ofNat.{0} ENNReal (nat_lit 2)
                (@instOfNatAtLeastTwo.{0} ENNReal (nat_lit 2)
                  (@AddMonoidWithOne.toNatCast.{0} ENNReal
                    (@AddCommMonoidWithOne.toAddMonoidWithOne.{0} ENNReal ENNReal.instAddCommMonoidWithOne))
                  PiLp.innerProductSpace._proof_1))
              n (fun x => 𝕜) fun i =>
              @UniformSpace.toTopologicalSpace.{u_1} 𝕜
                (@PseudoMetricSpace.toUniformSpace.{u_1} 𝕜
                  (@SeminormedRing.toPseudoMetricSpace.{u_1} 𝕜
                    (@SeminormedCommRing.toSeminormedRing.{u_1} 𝕜
                      (@NormedCommRing.toSeminormedCommRing.{u_1} 𝕜
                        (@NormedField.toNormedCommRing.{u_1} 𝕜
                          (@DenselyNormedField.toNormedField.{u_1} 𝕜 (@RCLike.toDenselyNormedField.{u_1} 𝕜 inst✝))))))))
            (@AddCommGroup.toAddCommMonoid.{max u_1 u_3} (EuclideanSpace.{u_1, u_3} 𝕜 n)
              (@WithLp.instAddCommGroup.{max u_1 u_3}
                (@OfNat.ofNat.{0} ENNReal (nat_lit 2)
                  (@instOfNatAtLeastTwo.{0} ENNReal (nat_lit 2)
                    (@AddMonoidWithOne.toNatCast.{0} ENNReal
                      (@AddCommMonoidWithOne.toAddMonoidWithOne.{0} ENNReal ENNReal.instAddCommMonoidWithOne))
                    PiLp.innerProductSpace._proof_1))
                ((i : n) → (fun x => 𝕜) i)
                (@Pi.addCommGroup.{u_3, u_1} n (fun x => 𝕜) fun i =>
                  @Ring.toAddCommGroup.{u_1} 𝕜
                    (@DivisionRing.toRing.{u_1} 𝕜
                      (@Field.toDivisionRing.{u_1} 𝕜
                        (@NormedField.toField.{u_1} 𝕜
                          (@DenselyNormedField.toNormedField.{u_1} 𝕜 (@RCLike.toDenselyNormedField.{u_1} 𝕜 inst✝))))))))
            (@WithLp.instModule.{u_1, max u_1 u_3}
              (@OfNat.ofNat.{0} ENNReal (nat_lit 2)
                (@instOfNatAtLeastTwo.{0} ENNReal (nat_lit 2)
                  (@AddMonoidWithOne.toNatCast.{0} ENNReal
                    (@AddCommMonoidWithOne.toAddMonoidWithOne.{0} ENNReal ENNReal.instAddCommMonoidWithOne))
                  PiLp.innerProductSpace._proof_1))
              𝕜 ((i : n) → (fun x => 𝕜) i)
              (@DivisionSemiring.toSemiring.{u_1} 𝕜
                (@Semifield.toDivisionSemiring.{u_1} 𝕜
                  (@Field.toSemifield.{u_1} 𝕜
                    (@NormedField.toField.{u_1} 𝕜
                      (@DenselyNormedField.toNormedField.{u_1} 𝕜 (@RCLike.toDenselyNormedField.{u_1} 𝕜 inst✝))))))
              (@Pi.addCommGroup.{u_3, u_1} n (fun x => 𝕜) fun i =>
                @Ring.toAddCommGroup.{u_1} 𝕜
                  (@DivisionRing.toRing.{u_1} 𝕜
                    (@Field.toDivisionRing.{u_1} 𝕜
                      (@NormedField.toField.{u_1} 𝕜
                        (@DenselyNormedField.toNormedField.{u_1} 𝕜 (@RCLike.toDenselyNormedField.{u_1} 𝕜 inst✝))))))
              (@Pi.Function.module.{u_3, u_1, u_1} n 𝕜 𝕜
                (@DivisionSemiring.toSemiring.{u_1} 𝕜
                  (@Semifield.toDivisionSemiring.{u_1} 𝕜
                    (@Field.toSemifield.{u_1} 𝕜
                      (@NormedField.toField.{u_1} 𝕜
                        (@DenselyNormedField.toNormedField.{u_1} 𝕜 (@RCLike.toDenselyNormedField.{u_1} 𝕜 inst✝))))))
                (@Semiring.toAddCommMonoid.{u_1} 𝕜
                  (@Ring.toSemiring.{u_1} 𝕜
                    (@DivisionRing.toRing.{u_1} 𝕜
                      (@Field.toDivisionRing.{u_1} 𝕜
                        (@NormedField.toField.{u_1} 𝕜
                          (@DenselyNormedField.toNormedField.{u_1} 𝕜 (@RCLike.toDenselyNormedField.{u_1} 𝕜 inst✝)))))))
                (@Semiring.toModule.{u_1} 𝕜
                  (@DivisionSemiring.toSemiring.{u_1} 𝕜
                    (@Semifield.toDivisionSemiring.{u_1} 𝕜
                      (@Field.toSemifield.{u_1} 𝕜
                        (@NormedField.toField.{u_1} 𝕜
                          (@DenselyNormedField.toNormedField.{u_1} 𝕜
                            (@RCLike.toDenselyNormedField.{u_1} 𝕜 inst✝)))))))))
            (@WithLp.instModule.{u_1, max u_1 u_3}
              (@OfNat.ofNat.{0} ENNReal (nat_lit 2)
                (@instOfNatAtLeastTwo.{0} ENNReal (nat_lit 2)
                  (@AddMonoidWithOne.toNatCast.{0} ENNReal
                    (@AddCommMonoidWithOne.toAddMonoidWithOne.{0} ENNReal ENNReal.instAddCommMonoidWithOne))
                  PiLp.innerProductSpace._proof_1))
              𝕜 ((i : n) → (fun x => 𝕜) i)
              (@DivisionSemiring.toSemiring.{u_1} 𝕜
                (@Semifield.toDivisionSemiring.{u_1} 𝕜
                  (@Field.toSemifield.{u_1} 𝕜
                    (@NormedField.toField.{u_1} 𝕜
                      (@DenselyNormedField.toNormedField.{u_1} 𝕜 (@RCLike.toDenselyNormedField.{u_1} 𝕜 inst✝))))))
              (@Pi.addCommGroup.{u_3, u_1} n (fun x => 𝕜) fun i =>
                @Ring.toAddCommGroup.{u_1} 𝕜
                  (@DivisionRing.toRing.{u_1} 𝕜
                    (@Field.toDivisionRing.{u_1} 𝕜
                      (@NormedField.toField.{u_1} 𝕜
                        (@DenselyNormedField.toNormedField.{u_1} 𝕜 (@RCLike.toDenselyNormedField.{u_1} 𝕜 inst✝))))))
              (@Pi.Function.module.{u_3, u_1, u_1} n 𝕜 𝕜
                (@DivisionSemiring.toSemiring.{u_1} 𝕜
                  (@Semifield.toDivisionSemiring.{u_1} 𝕜
                    (@Field.toSemifield.{u_1} 𝕜
                      (@NormedField.toField.{u_1} 𝕜
                        (@DenselyNormedField.toNormedField.{u_1} 𝕜 (@RCLike.toDenselyNormedField.{u_1} 𝕜 inst✝))))))
                (@Semiring.toAddCommMonoid.{u_1} 𝕜
                  (@Ring.toSemiring.{u_1} 𝕜
                    (@DivisionRing.toRing.{u_1} 𝕜
                      (@Field.toDivisionRing.{u_1} 𝕜
                        (@NormedField.toField.{u_1} 𝕜
                          (@DenselyNormedField.toNormedField.{u_1} 𝕜 (@RCLike.toDenselyNormedField.{u_1} 𝕜 inst✝)))))))
                (@Semiring.toModule.{u_1} 𝕜
                  (@DivisionSemiring.toSemiring.{u_1} 𝕜
                    (@Semifield.toDivisionSemiring.{u_1} 𝕜
                      (@Field.toSemifield.{u_1} 𝕜
                        (@NormedField.toField.{u_1} 𝕜
                          (@DenselyNormedField.toNormedField.{u_1} 𝕜
                            (@RCLike.toDenselyNormedField.{u_1} 𝕜 inst✝))))))))))
          (@Matrix.add.{u_1, u_3, u_3} n n 𝕜
            (@Distrib.toAdd.{u_1} 𝕜
              (@instDistribOfSemiring.{u_1} 𝕜
                (@DivisionSemiring.toSemiring.{u_1} 𝕜
                  (@Semifield.toDivisionSemiring.{u_1} 𝕜
                    (@Field.toSemifield.{u_1} 𝕜
                      (@NormedField.toField.{u_1} 𝕜
                        (@DenselyNormedField.toNormedField.{u_1} 𝕜 (@RCLike.toDenselyNormedField.{u_1} 𝕜 inst✝)))))))))
          (@ContinuousLinearMap.add.{u_1, u_1, max u_1 u_3, max u_1 u_3} 𝕜 𝕜
            (@DivisionSemiring.toSemiring.{u_1} 𝕜
              (@Semifield.toDivisionSemiring.{u_1} 𝕜
                (@Field.toSemifield.{u_1} 𝕜
                  (@NormedField.toField.{u_1} 𝕜
                    (@DenselyNormedField.toNormedField.{u_1} 𝕜 (@RCLike.toDenselyNormedField.{u_1} 𝕜 inst✝))))))
            (@DivisionSemiring.toSemiring.{u_1} 𝕜
              (@Semifield.toDivisionSemiring.{u_1} 𝕜
                (@Field.toSemifield.{u_1} 𝕜
                  (@NormedField.toField.{u_1} 𝕜
                    (@DenselyNormedField.toNormedField.{u_1} 𝕜 (@RCLike.toDenselyNormedField.{u_1} 𝕜 inst✝))))))
            (@RingHom.id.{u_1} 𝕜
              (@Semiring.toNonAssocSemiring.{u_1} 𝕜
                (@DivisionSemiring.toSemiring.{u_1} 𝕜
                  (@Semifield.toDivisionSemiring.{u_1} 𝕜
                    (@Field.toSemifield.{u_1} 𝕜
                      (@NormedField.toField.{u_1} 𝕜
                        (@DenselyNormedField.toNormedField.{u_1} 𝕜 (@RCLike.toDenselyNormedField.{u_1} 𝕜 inst✝))))))))
            (EuclideanSpace.{u_1, u_3} 𝕜 n)
            (@PiLp.topologicalSpace.{u_3, u_1}
              (@OfNat.ofNat.{0} ENNReal (nat_lit 2)
                (@instOfNatAtLeastTwo.{0} ENNReal (nat_lit 2)
                  (@AddMonoidWithOne.toNatCast.{0} ENNReal
                    (@AddCommMonoidWithOne.toAddMonoidWithOne.{0} ENNReal ENNReal.instAddCommMonoidWithOne))
                  PiLp.innerProductSpace._proof_1))
              n (fun x => 𝕜) fun i =>
              @UniformSpace.toTopologicalSpace.{u_1} 𝕜
                (@PseudoMetricSpace.toUniformSpace.{u_1} 𝕜
                  (@SeminormedRing.toPseudoMetricSpace.{u_1} 𝕜
                    (@SeminormedCommRing.toSeminormedRing.{u_1} 𝕜
                      (@NormedCommRing.toSeminormedCommRing.{u_1} 𝕜
                        (@NormedField.toNormedCommRing.{u_1} 𝕜
                          (@DenselyNormedField.toNormedField.{u_1} 𝕜 (@RCLike.toDenselyNormedField.{u_1} 𝕜 inst✝))))))))
            (@AddCommGroup.toAddCommMonoid.{max u_1 u_3} (EuclideanSpace.{u_1, u_3} 𝕜 n)
              (@WithLp.instAddCommGroup.{max u_1 u_3}
                (@OfNat.ofNat.{0} ENNReal (nat_lit 2)
                  (@instOfNatAtLeastTwo.{0} ENNReal (nat_lit 2)
                    (@AddMonoidWithOne.toNatCast.{0} ENNReal
                      (@AddCommMonoidWithOne.toAddMonoidWithOne.{0} ENNReal ENNReal.instAddCommMonoidWithOne))
                    PiLp.innerProductSpace._proof_1))
                ((i : n) → (fun x => 𝕜) i)
                (@Pi.addCommGroup.{u_3, u_1} n (fun x => 𝕜) fun i =>
                  @Ring.toAddCommGroup.{u_1} 𝕜
                    (@DivisionRing.toRing.{u_1} 𝕜
                      (@Field.toDivisionRing.{u_1} 𝕜
                        (@NormedField.toField.{u_1} 𝕜
                          (@DenselyNormedField.toNormedField.{u_1} 𝕜 (@RCLike.toDenselyNormedField.{u_1} 𝕜 inst✝))))))))
            (EuclideanSpace.{u_1, u_3} 𝕜 n)
            (@PiLp.topologicalSpace.{u_3, u_1}
              (@OfNat.ofNat.{0} ENNReal (nat_lit 2)
                (@instOfNatAtLeastTwo.{0} ENNReal (nat_lit 2)
                  (@AddMonoidWithOne.toNatCast.{0} ENNReal
                    (@AddCommMonoidWithOne.toAddMonoidWithOne.{0} ENNReal ENNReal.instAddCommMonoidWithOne))
                  PiLp.innerProductSpace._proof_1))
              n (fun x => 𝕜) fun i =>
              @UniformSpace.toTopologicalSpace.{u_1} 𝕜
                (@PseudoMetricSpace.toUniformSpace.{u_1} 𝕜
                  (@SeminormedRing.toPseudoMetricSpace.{u_1} 𝕜
                    (@SeminormedCommRing.toSeminormedRing.{u_1} 𝕜
                      (@NormedCommRing.toSeminormedCommRing.{u_1} 𝕜
                        (@NormedField.toNormedCommRing.{u_1} 𝕜
                          (@DenselyNormedField.toNormedField.{u_1} 𝕜 (@RCLike.toDenselyNormedField.{u_1} 𝕜 inst✝))))))))
            (@AddCommGroup.toAddCommMonoid.{max u_1 u_3} (EuclideanSpace.{u_1, u_3} 𝕜 n)
              (@WithLp.instAddCommGroup.{max u_1 u_3}
                (@OfNat.ofNat.{0} ENNReal (nat_lit 2)
                  (@instOfNatAtLeastTwo.{0} ENNReal (nat_lit 2)
                    (@AddMonoidWithOne.toNatCast.{0} ENNReal
                      (@AddCommMonoidWithOne.toAddMonoidWithOne.{0} ENNReal ENNReal.instAddCommMonoidWithOne))
                    PiLp.innerProductSpace._proof_1))
                ((i : n) → (fun x => 𝕜) i)
                (@Pi.addCommGroup.{u_3, u_1} n (fun x => 𝕜) fun i =>
                  @Ring.toAddCommGroup.{u_1} 𝕜
                    (@DivisionRing.toRing.{u_1} 𝕜
                      (@Field.toDivisionRing.{u_1} 𝕜
                        (@NormedField.toField.{u_1} 𝕜
                          (@DenselyNormedField.toNormedField.{u_1} 𝕜 (@RCLike.toDenselyNormedField.{u_1} 𝕜 inst✝))))))))
            (@WithLp.instModule.{u_1, max u_1 u_3}
              (@OfNat.ofNat.{0} ENNReal (nat_lit 2)
                (@instOfNatAtLeastTwo.{0} ENNReal (nat_lit 2)
                  (@AddMonoidWithOne.toNatCast.{0} ENNReal
                    (@AddCommMonoidWithOne.toAddMonoidWithOne.{0} ENNReal ENNReal.instAddCommMonoidWithOne))
                  PiLp.innerProductSpace._proof_1))
              𝕜 ((i : n) → (fun x => 𝕜) i)
              (@DivisionSemiring.toSemiring.{u_1} 𝕜
                (@Semifield.toDivisionSemiring.{u_1} 𝕜
                  (@Field.toSemifield.{u_1} 𝕜
                    (@NormedField.toField.{u_1} 𝕜
                      (@DenselyNormedField.toNormedField.{u_1} 𝕜 (@RCLike.toDenselyNormedField.{u_1} 𝕜 inst✝))))))
              (@Pi.addCommGroup.{u_3, u_1} n (fun x => 𝕜) fun i =>
                @Ring.toAddCommGroup.{u_1} 𝕜
                  (@DivisionRing.toRing.{u_1} 𝕜
                    (@Field.toDivisionRing.{u_1} 𝕜
                      (@NormedField.toField.{u_1} 𝕜
                        (@DenselyNormedField.toNormedField.{u_1} 𝕜 (@RCLike.toDenselyNormedField.{u_1} 𝕜 inst✝))))))
              (@Pi.Function.module.{u_3, u_1, u_1} n 𝕜 𝕜
                (@DivisionSemiring.toSemiring.{u_1} 𝕜
                  (@Semifield.toDivisionSemiring.{u_1} 𝕜
                    (@Field.toSemifield.{u_1} 𝕜
                      (@NormedField.toField.{u_1} 𝕜
                        (@DenselyNormedField.toNormedField.{u_1} 𝕜 (@RCLike.toDenselyNormedField.{u_1} 𝕜 inst✝))))))
                (@Semiring.toAddCommMonoid.{u_1} 𝕜
                  (@Ring.toSemiring.{u_1} 𝕜
                    (@DivisionRing.toRing.{u_1} 𝕜
                      (@Field.toDivisionRing.{u_1} 𝕜
                        (@NormedField.toField.{u_1} 𝕜
                          (@DenselyNormedField.toNormedField.{u_1} 𝕜 (@RCLike.toDenselyNormedField.{u_1} 𝕜 inst✝)))))))
                (@Semiring.toModule.{u_1} 𝕜
                  (@DivisionSemiring.toSemiring.{u_1} 𝕜
                    (@Semifield.toDivisionSemiring.{u_1} 𝕜
                      (@Field.toSemifield.{u_1} 𝕜
                        (@NormedField.toField.{u_1} 𝕜
                          (@DenselyNormedField.toNormedField.{u_1} 𝕜
                            (@RCLike.toDenselyNormedField.{u_1} 𝕜 inst✝)))))))))
            (@WithLp.instModule.{u_1, max u_1 u_3}
              (@OfNat.ofNat.{0} ENNReal (nat_lit 2)
                (@instOfNatAtLeastTwo.{0} ENNReal (nat_lit 2)
                  (@AddMonoidWithOne.toNatCast.{0} ENNReal
                    (@AddCommMonoidWithOne.toAddMonoidWithOne.{0} ENNReal ENNReal.instAddCommMonoidWithOne))
                  PiLp.innerProductSpace._proof_1))
              𝕜 ((i : n) → (fun x => 𝕜) i)
              (@DivisionSemiring.toSemiring.{u_1} 𝕜
                (@Semifield.toDivisionSemiring.{u_1} 𝕜
                  (@Field.toSemifield.{u_1} 𝕜
                    (@NormedField.toField.{u_1} 𝕜
                      (@DenselyNormedField.toNormedField.{u_1} 𝕜 (@RCLike.toDenselyNormedField.{u_1} 𝕜 inst✝))))))
              (@Pi.addCommGroup.{u_3, u_1} n (fun x => 𝕜) fun i =>
                @Ring.toAddCommGroup.{u_1} 𝕜
                  (@DivisionRing.toRing.{u_1} 𝕜
                    (@Field.toDivisionRing.{u_1} 𝕜
                      (@NormedField.toField.{u_1} 𝕜
                        (@DenselyNormedField.toNormedField.{u_1} 𝕜 (@RCLike.toDenselyNormedField.{u_1} 𝕜 inst✝))))))
              (@Pi.Function.module.{u_3, u_1, u_1} n 𝕜 𝕜
                (@DivisionSemiring.toSemiring.{u_1} 𝕜
                  (@Semifield.toDivisionSemiring.{u_1} 𝕜
                    (@Field.toSemifield.{u_1} 𝕜
                      (@NormedField.toField.{u_1} 𝕜
                        (@DenselyNormedField.toNormedField.{u_1} 𝕜 (@RCLike.toDenselyNormedField.{u_1} 𝕜 inst✝))))))
                (@Semiring.toAddCommMonoid.{u_1} 𝕜
                  (@Ring.toSemiring.{u_1} 𝕜
                    (@DivisionRing.toRing.{u_1} 𝕜
                      (@Field.toDivisionRing.{u_1} 𝕜
                        (@NormedField.toField.{u_1} 𝕜
                          (@DenselyNormedField.toNormedField.{u_1} 𝕜 (@RCLike.toDenselyNormedField.{u_1} 𝕜 inst✝)))))))
                (@Semiring.toModule.{u_1} 𝕜
                  (@DivisionSemiring.toSemiring.{u_1} 𝕜
                    (@Semifield.toDivisionSemiring.{u_1} 𝕜
                      (@Field.toSemifield.{u_1} 𝕜
                        (@NormedField.toField.{u_1} 𝕜
                          (@DenselyNormedField.toNormedField.{u_1} 𝕜
                            (@RCLike.toDenselyNormedField.{u_1} 𝕜 inst✝)))))))))
            ⋯)
          (@Matrix.instMulOfFintypeOfAddCommMonoid.{u_1, u_3} n 𝕜 inst✝¹
            (@Distrib.toMul.{u_1} 𝕜
              (@instDistribOfSemiring.{u_1} 𝕜
                (@DivisionSemiring.toSemiring.{u_1} 𝕜
                  (@Semifield.toDivisionSemiring.{u_1} 𝕜
                    (@Field.toSemifield.{u_1} 𝕜
                      (@NormedField.toField.{u_1} 𝕜
                        (@DenselyNormedField.toNormedField.{u_1} 𝕜 (@RCLike.toDenselyNormedField.{u_1} 𝕜 inst✝))))))))
            (@Semiring.toAddCommMonoid.{u_1} 𝕜
              (@DivisionSemiring.toSemiring.{u_1} 𝕜
                (@Semifield.toDivisionSemiring.{u_1} 𝕜
                  (@Field.toSemifield.{u_1} 𝕜
                    (@NormedField.toField.{u_1} 𝕜
                      (@DenselyNormedField.toNormedField.{u_1} 𝕜 (@RCLike.toDenselyNormedField.{u_1} 𝕜 inst✝))))))))
          (@ContinuousLinearMap.instMul.{u_1, max u_1 u_3} 𝕜
            (@DivisionSemiring.toSemiring.{u_1} 𝕜
              (@Semifield.toDivisionSemiring.{u_1} 𝕜
                (@Field.toSemifield.{u_1} 𝕜
                  (@NormedField.toField.{u_1} 𝕜
                    (@DenselyNormedField.toNormedField.{u_1} 𝕜 (@RCLike.toDenselyNormedField.{u_1} 𝕜 inst✝))))))
            (EuclideanSpace.{u_1, u_3} 𝕜 n)
            (@PiLp.topologicalSpace.{u_3, u_1}
              (@OfNat.ofNat.{0} ENNReal (nat_lit 2)
                (@instOfNatAtLeastTwo.{0} ENNReal (nat_lit 2)
                  (@AddMonoidWithOne.toNatCast.{0} ENNReal
                    (@AddCommMonoidWithOne.toAddMonoidWithOne.{0} ENNReal ENNReal.instAddCommMonoidWithOne))
                  PiLp.innerProductSpace._proof_1))
              n (fun x => 𝕜) fun i =>
              @UniformSpace.toTopologicalSpace.{u_1} 𝕜
                (@PseudoMetricSpace.toUniformSpace.{u_1} 𝕜
                  (@SeminormedRing.toPseudoMetricSpace.{u_1} 𝕜
                    (@SeminormedCommRing.toSeminormedRing.{u_1} 𝕜
                      (@NormedCommRing.toSeminormedCommRing.{u_1} 𝕜
                        (@NormedField.toNormedCommRing.{u_1} 𝕜
                          (@DenselyNormedField.toNormedField.{u_1} 𝕜 (@RCLike.toDenselyNormedField.{u_1} 𝕜 inst✝))))))))
            (@AddCommGroup.toAddCommMonoid.{max u_1 u_3} (EuclideanSpace.{u_1, u_3} 𝕜 n)
              (@WithLp.instAddCommGroup.{max u_1 u_3}
                (@OfNat.ofNat.{0} ENNReal (nat_lit 2)
                  (@instOfNatAtLeastTwo.{0} ENNReal (nat_lit 2)
                    (@AddMonoidWithOne.toNatCast.{0} ENNReal
                      (@AddCommMonoidWithOne.toAddMonoidWithOne.{0} ENNReal ENNReal.instAddCommMonoidWithOne))
                    PiLp.innerProductSpace._proof_1))
                ((i : n) → (fun x => 𝕜) i)
                (@Pi.addCommGroup.{u_3, u_1} n (fun x => 𝕜) fun i =>
                  @Ring.toAddCommGroup.{u_1} 𝕜
                    (@DivisionRing.toRing.{u_1} 𝕜
                      (@Field.toDivisionRing.{u_1} 𝕜
                        (@NormedField.toField.{u_1} 𝕜
                          (@DenselyNormedField.toNormedField.{u_1} 𝕜 (@RCLike.toDenselyNormedField.{u_1} 𝕜 inst✝))))))))
            (@WithLp.instModule.{u_1, max u_1 u_3}
              (@OfNat.ofNat.{0} ENNReal (nat_lit 2)
                (@instOfNatAtLeastTwo.{0} ENNReal (nat_lit 2)
                  (@AddMonoidWithOne.toNatCast.{0} ENNReal
                    (@AddCommMonoidWithOne.toAddMonoidWithOne.{0} ENNReal ENNReal.instAddCommMonoidWithOne))
                  PiLp.innerProductSpace._proof_1))
              𝕜 ((i : n) → (fun x => 𝕜) i)
              (@DivisionSemiring.toSemiring.{u_1} 𝕜
                (@Semifield.toDivisionSemiring.{u_1} 𝕜
                  (@Field.toSemifield.{u_1} 𝕜
                    (@NormedField.toField.{u_1} 𝕜
                      (@DenselyNormedField.toNormedField.{u_1} 𝕜 (@RCLike.toDenselyNormedField.{u_1} 𝕜 inst✝))))))
              (@Pi.addCommGroup.{u_3, u_1} n (fun x => 𝕜) fun i =>
                @Ring.toAddCommGroup.{u_1} 𝕜
                  (@DivisionRing.toRing.{u_1} 𝕜
                    (@Field.toDivisionRing.{u_1} 𝕜
                      (@NormedField.toField.{u_1} 𝕜
                        (@DenselyNormedField.toNormedField.{u_1} 𝕜 (@RCLike.toDenselyNormedField.{u_1} 𝕜 inst✝))))))
              (@Pi.Function.module.{u_3, u_1, u_1} n 𝕜 𝕜
                (@DivisionSemiring.toSemiring.{u_1} 𝕜
                  (@Semifield.toDivisionSemiring.{u_1} 𝕜
                    (@Field.toSemifield.{u_1} 𝕜
                      (@NormedField.toField.{u_1} 𝕜
                        (@DenselyNormedField.toNormedField.{u_1} 𝕜 (@RCLike.toDenselyNormedField.{u_1} 𝕜 inst✝))))))
                (@Semiring.toAddCommMonoid.{u_1} 𝕜
                  (@Ring.toSemiring.{u_1} 𝕜
                    (@DivisionRing.toRing.{u_1} 𝕜
                      (@Field.toDivisionRing.{u_1} 𝕜
                        (@NormedField.toField.{u_1} 𝕜
                          (@DenselyNormedField.toNormedField.{u_1} 𝕜 (@RCLike.toDenselyNormedField.{u_1} 𝕜 inst✝)))))))
                (@Semiring.toModule.{u_1} 𝕜
                  (@DivisionSemiring.toSemiring.{u_1} 𝕜
                    (@Semifield.toDivisionSemiring.{u_1} 𝕜
                      (@Field.toSemifield.{u_1} 𝕜
                        (@NormedField.toField.{u_1} 𝕜
                          (@DenselyNormedField.toNormedField.{u_1} 𝕜
                            (@RCLike.toDenselyNormedField.{u_1} 𝕜 inst✝))))))))))
          (@Matrix.smul.{u_1, u_3, u_3, u_1} n n 𝕜 𝕜
            (@instSMulOfMul.{u_1} 𝕜
              (@Distrib.toMul.{u_1} 𝕜
                (@instDistribOfSemiring.{u_1} 𝕜
                  (@DivisionSemiring.toSemiring.{u_1} 𝕜
                    (@Semifield.toDivisionSemiring.{u_1} 𝕜
                      (@Field.toSemifield.{u_1} 𝕜
                        (@NormedField.toField.{u_1} 𝕜
                          (@DenselyNormedField.toNormedField.{u_1} 𝕜
                            (@RCLike.toDenselyNormedField.{u_1} 𝕜 inst✝))))))))))
          (@ContinuousLinearMap.instSMul.{u_1, u_1, max u_1 u_3, max u_1 u_3, u_1} 𝕜 𝕜
            (@DivisionSemiring.toSemiring.{u_1} 𝕜
              (@Semifield.toDivisionSemiring.{u_1} 𝕜
                (@Field.toSemifield.{u_1} 𝕜
                  (@NormedField.toField.{u_1} 𝕜
                    (@DenselyNormedField.toNormedField.{u_1} 𝕜 (@RCLike.toDenselyNormedField.{u_1} 𝕜 inst✝))))))
            (@DivisionSemiring.toSemiring.{u_1} 𝕜
              (@Semifield.toDivisionSemiring.{u_1} 𝕜
                (@Field.toSemifield.{u_1} 𝕜
                  (@NormedField.toField.{u_1} 𝕜
                    (@DenselyNormedField.toNormedField.{u_1} 𝕜 (@RCLike.toDenselyNormedField.{u_1} 𝕜 inst✝))))))
            (@RingHom.id.{u_1} 𝕜
              (@Semiring.toNonAssocSemiring.{u_1} 𝕜
                (@DivisionSemiring.toSemiring.{u_1} 𝕜
                  (@Semifield.toDivisionSemiring.{u_1} 𝕜
                    (@Field.toSemifield.{u_1} 𝕜
                      (@NormedField.toField.{u_1} 𝕜
                        (@DenselyNormedField.toNormedField.{u_1} 𝕜 (@RCLike.toDenselyNormedField.{u_1} 𝕜 inst✝))))))))
            (EuclideanSpace.{u_1, u_3} 𝕜 n)
            (@PiLp.topologicalSpace.{u_3, u_1}
              (@OfNat.ofNat.{0} ENNReal (nat_lit 2)
                (@instOfNatAtLeastTwo.{0} ENNReal (nat_lit 2)
                  (@AddMonoidWithOne.toNatCast.{0} ENNReal
                    (@AddCommMonoidWithOne.toAddMonoidWithOne.{0} ENNReal ENNReal.instAddCommMonoidWithOne))
                  PiLp.innerProductSpace._proof_1))
              n (fun x => 𝕜) fun i =>
              @UniformSpace.toTopologicalSpace.{u_1} 𝕜
                (@PseudoMetricSpace.toUniformSpace.{u_1} 𝕜
                  (@SeminormedRing.toPseudoMetricSpace.{u_1} 𝕜
                    (@SeminormedCommRing.toSeminormedRing.{u_1} 𝕜
                      (@NormedCommRing.toSeminormedCommRing.{u_1} 𝕜
                        (@NormedField.toNormedCommRing.{u_1} 𝕜
                          (@DenselyNormedField.toNormedField.{u_1} 𝕜 (@RCLike.toDenselyNormedField.{u_1} 𝕜 inst✝))))))))
            (@AddCommGroup.toAddCommMonoid.{max u_1 u_3} (EuclideanSpace.{u_1, u_3} 𝕜 n)
              (@WithLp.instAddCommGroup.{max u_1 u_3}
                (@OfNat.ofNat.{0} ENNReal (nat_lit 2)
                  (@instOfNatAtLeastTwo.{0} ENNReal (nat_lit 2)
                    (@AddMonoidWithOne.toNatCast.{0} ENNReal
                      (@AddCommMonoidWithOne.toAddMonoidWithOne.{0} ENNReal ENNReal.instAddCommMonoidWithOne))
                    PiLp.innerProductSpace._proof_1))
                ((i : n) → (fun x => 𝕜) i)
                (@Pi.addCommGroup.{u_3, u_1} n (fun x => 𝕜) fun i =>
                  @Ring.toAddCommGroup.{u_1} 𝕜
                    (@DivisionRing.toRing.{u_1} 𝕜
                      (@Field.toDivisionRing.{u_1} 𝕜
                        (@NormedField.toField.{u_1} 𝕜
                          (@DenselyNormedField.toNormedField.{u_1} 𝕜 (@RCLike.toDenselyNormedField.{u_1} 𝕜 inst✝))))))))
            (EuclideanSpace.{u_1, u_3} 𝕜 n)
            (@PiLp.topologicalSpace.{u_3, u_1}
              (@OfNat.ofNat.{0} ENNReal (nat_lit 2)
                (@instOfNatAtLeastTwo.{0} ENNReal (nat_lit 2)
                  (@AddMonoidWithOne.toNatCast.{0} ENNReal
                    (@AddCommMonoidWithOne.toAddMonoidWithOne.{0} ENNReal ENNReal.instAddCommMonoidWithOne))
                  PiLp.innerProductSpace._proof_1))
              n (fun x => 𝕜) fun i =>
              @UniformSpace.toTopologicalSpace.{u_1} 𝕜
                (@PseudoMetricSpace.toUniformSpace.{u_1} 𝕜
                  (@SeminormedRing.toPseudoMetricSpace.{u_1} 𝕜
                    (@SeminormedCommRing.toSeminormedRing.{u_1} 𝕜
                      (@NormedCommRing.toSeminormedCommRing.{u_1} 𝕜
                        (@NormedField.toNormedCommRing.{u_1} 𝕜
                          (@DenselyNormedField.toNormedField.{u_1} 𝕜 (@RCLike.toDenselyNormedField.{u_1} 𝕜 inst✝))))))))
            (@AddCommGroup.toAddCommMonoid.{max u_1 u_3} (EuclideanSpace.{u_1, u_3} 𝕜 n)
              (@WithLp.instAddCommGroup.{max u_1 u_3}
                (@OfNat.ofNat.{0} ENNReal (nat_lit 2)
                  (@instOfNatAtLeastTwo.{0} ENNReal (nat_lit 2)
                    (@AddMonoidWithOne.toNatCast.{0} ENNReal
                      (@AddCommMonoidWithOne.toAddMonoidWithOne.{0} ENNReal ENNReal.instAddCommMonoidWithOne))
                    PiLp.innerProductSpace._proof_1))
                ((i : n) → (fun x => 𝕜) i)
                (@Pi.addCommGroup.{u_3, u_1} n (fun x => 𝕜) fun i =>
                  @Ring.toAddCommGroup.{u_1} 𝕜
                    (@DivisionRing.toRing.{u_1} 𝕜
                      (@Field.toDivisionRing.{u_1} 𝕜
                        (@NormedField.toField.{u_1} 𝕜
                          (@DenselyNormedField.toNormedField.{u_1} 𝕜 (@RCLike.toDenselyNormedField.{u_1} 𝕜 inst✝))))))))
            (@WithLp.instModule.{u_1, max u_1 u_3}
              (@OfNat.ofNat.{0} ENNReal (nat_lit 2)
                (@instOfNatAtLeastTwo.{0} ENNReal (nat_lit 2)
                  (@AddMonoidWithOne.toNatCast.{0} ENNReal
                    (@AddCommMonoidWithOne.toAddMonoidWithOne.{0} ENNReal ENNReal.instAddCommMonoidWithOne))
                  PiLp.innerProductSpace._proof_1))
              𝕜 ((i : n) → (fun x => 𝕜) i)
              (@DivisionSemiring.toSemiring.{u_1} 𝕜
                (@Semifield.toDivisionSemiring.{u_1} 𝕜
                  (@Field.toSemifield.{u_1} 𝕜
                    (@NormedField.toField.{u_1} 𝕜
                      (@DenselyNormedField.toNormedField.{u_1} 𝕜 (@RCLike.toDenselyNormedField.{u_1} 𝕜 inst✝))))))
              (@Pi.addCommGroup.{u_3, u_1} n (fun x => 𝕜) fun i =>
                @Ring.toAddCommGroup.{u_1} 𝕜
                  (@DivisionRing.toRing.{u_1} 𝕜
                    (@Field.toDivisionRing.{u_1} 𝕜
                      (@NormedField.toField.{u_1} 𝕜
                        (@DenselyNormedField.toNormedField.{u_1} 𝕜 (@RCLike.toDenselyNormedField.{u_1} 𝕜 inst✝))))))
              (@Pi.Function.module.{u_3, u_1, u_1} n 𝕜 𝕜
                (@DivisionSemiring.toSemiring.{u_1} 𝕜
                  (@Semifield.toDivisionSemiring.{u_1} 𝕜
                    (@Field.toSemifield.{u_1} 𝕜
                      (@NormedField.toField.{u_1} 𝕜
                        (@DenselyNormedField.toNormedField.{u_1} 𝕜 (@RCLike.toDenselyNormedField.{u_1} 𝕜 inst✝))))))
                (@Semiring.toAddCommMonoid.{u_1} 𝕜
                  (@Ring.toSemiring.{u_1} 𝕜
                    (@DivisionRing.toRing.{u_1} 𝕜
                      (@Field.toDivisionRing.{u_1} 𝕜
                        (@NormedField.toField.{u_1} 𝕜
                          (@DenselyNormedField.toNormedField.{u_1} 𝕜 (@RCLike.toDenselyNormedField.{u_1} 𝕜 inst✝)))))))
                (@Semiring.toModule.{u_1} 𝕜
                  (@DivisionSemiring.toSemiring.{u_1} 𝕜
                    (@Semifield.toDivisionSemiring.{u_1} 𝕜
                      (@Field.toSemifield.{u_1} 𝕜
                        (@NormedField.toField.{u_1} 𝕜
                          (@DenselyNormedField.toNormedField.{u_1} 𝕜
                            (@RCLike.toDenselyNormedField.{u_1} 𝕜 inst✝)))))))))
            (@WithLp.instModule.{u_1, max u_1 u_3}
              (@OfNat.ofNat.{0} ENNReal (nat_lit 2)
                (@instOfNatAtLeastTwo.{0} ENNReal (nat_lit 2)
                  (@AddMonoidWithOne.toNatCast.{0} ENNReal
                    (@AddCommMonoidWithOne.toAddMonoidWithOne.{0} ENNReal ENNReal.instAddCommMonoidWithOne))
                  PiLp.innerProductSpace._proof_1))
              𝕜 ((i : n) → (fun x => 𝕜) i)
              (@DivisionSemiring.toSemiring.{u_1} 𝕜
                (@Semifield.toDivisionSemiring.{u_1} 𝕜
                  (@Field.toSemifield.{u_1} 𝕜
                    (@NormedField.toField.{u_1} 𝕜
                      (@DenselyNormedField.toNormedField.{u_1} 𝕜 (@RCLike.toDenselyNormedField.{u_1} 𝕜 inst✝))))))
              (@Pi.addCommGroup.{u_3, u_1} n (fun x => 𝕜) fun i =>
                @Ring.toAddCommGroup.{u_1} 𝕜
                  (@DivisionRing.toRing.{u_1} 𝕜
                    (@Field.toDivisionRing.{u_1} 𝕜
                      (@NormedField.toField.{u_1} 𝕜
                        (@DenselyNormedField.toNormedField.{u_1} 𝕜 (@RCLike.toDenselyNormedField.{u_1} 𝕜 inst✝))))))
              (@Pi.Function.module.{u_3, u_1, u_1} n 𝕜 𝕜
                (@DivisionSemiring.toSemiring.{u_1} 𝕜
                  (@Semifield.toDivisionSemiring.{u_1} 𝕜
                    (@Field.toSemifield.{u_1} 𝕜
                      (@NormedField.toField.{u_1} 𝕜
                        (@DenselyNormedField.toNormedField.{u_1} 𝕜 (@RCLike.toDenselyNormedField.{u_1} 𝕜 inst✝))))))
                (@Semiring.toAddCommMonoid.{u_1} 𝕜
                  (@Ring.toSemiring.{u_1} 𝕜
                    (@DivisionRing.toRing.{u_1} 𝕜
                      (@Field.toDivisionRing.{u_1} 𝕜
                        (@NormedField.toField.{u_1} 𝕜
                          (@DenselyNormedField.toNormedField.{u_1} 𝕜 (@RCLike.toDenselyNormedField.{u_1} 𝕜 inst✝)))))))
                (@Semiring.toModule.{u_1} 𝕜
                  (@DivisionSemiring.toSemiring.{u_1} 𝕜
                    (@Semifield.toDivisionSemiring.{u_1} 𝕜
                      (@Field.toSemifield.{u_1} 𝕜
                        (@NormedField.toField.{u_1} 𝕜
                          (@DenselyNormedField.toNormedField.{u_1} 𝕜
                            (@RCLike.toDenselyNormedField.{u_1} 𝕜 inst✝)))))))))
            𝕜
            (@DistribMulAction.toDistribSMul.{u_1, max u_1 u_3} 𝕜 (EuclideanSpace.{u_1, u_3} 𝕜 n)
              (@Semiring.toMonoid.{u_1} 𝕜
                (@DivisionSemiring.toSemiring.{u_1} 𝕜
                  (@Semifield.toDivisionSemiring.{u_1} 𝕜
                    (@Field.toSemifield.{u_1} 𝕜
                      (@NormedField.toField.{u_1} 𝕜
                        (@DenselyNormedField.toNormedField.{u_1} 𝕜 (@RCLike.toDenselyNormedField.{u_1} 𝕜 inst✝)))))))
              (@SubNegMonoid.toAddMonoid.{max u_1 u_3} (EuclideanSpace.{u_1, u_3} 𝕜 n)
                (@AddGroup.toSubNegMonoid.{max u_1 u_3} (EuclideanSpace.{u_1, u_3} 𝕜 n)
                  (@AddCommGroup.toAddGroup.{max u_1 u_3} (EuclideanSpace.{u_1, u_3} 𝕜 n)
                    (@WithLp.instAddCommGroup.{max u_1 u_3}
                      (@OfNat.ofNat.{0} ENNReal (nat_lit 2)
                        (@instOfNatAtLeastTwo.{0} ENNReal (nat_lit 2)
                          (@AddMonoidWithOne.toNatCast.{0} ENNReal
                            (@AddCommMonoidWithOne.toAddMonoidWithOne.{0} ENNReal ENNReal.instAddCommMonoidWithOne))
                          PiLp.innerProductSpace._proof_1))
                      ((i : n) → (fun x => 𝕜) i)
                      (@Pi.addCommGroup.{u_3, u_1} n (fun x => 𝕜) fun i =>
                        @Ring.toAddCommGroup.{u_1} 𝕜
                          (@DivisionRing.toRing.{u_1} 𝕜
                            (@Field.toDivisionRing.{u_1} 𝕜
                              (@NormedField.toField.{u_1} 𝕜
                                (@DenselyNormedField.toNormedField.{u_1} 𝕜
                                  (@RCLike.toDenselyNormedField.{u_1} 𝕜 inst✝))))))))))
              (@WithLp.instDistribMulAction.{u_1, max u_1 u_3}
                (@OfNat.ofNat.{0} ENNReal (nat_lit 2)
                  (@instOfNatAtLeastTwo.{0} ENNReal (nat_lit 2)
                    (@AddMonoidWithOne.toNatCast.{0} ENNReal
                      (@AddCommMonoidWithOne.toAddMonoidWithOne.{0} ENNReal ENNReal.instAddCommMonoidWithOne))
                    PiLp.innerProductSpace._proof_1))
                𝕜 ((i : n) → (fun x => 𝕜) i)
                (@Semiring.toMonoid.{u_1} 𝕜
                  (@DivisionSemiring.toSemiring.{u_1} 𝕜
                    (@Semifield.toDivisionSemiring.{u_1} 𝕜
                      (@Field.toSemifield.{u_1} 𝕜
                        (@NormedField.toField.{u_1} 𝕜
                          (@DenselyNormedField.toNormedField.{u_1} 𝕜 (@RCLike.toDenselyNormedField.{u_1} 𝕜 inst✝)))))))
                (@Pi.addCommGroup.{u_3, u_1} n (fun x => 𝕜) fun i =>
                  @Ring.toAddCommGroup.{u_1} 𝕜
                    (@DivisionRing.toRing.{u_1} 𝕜
                      (@Field.toDivisionRing.{u_1} 𝕜
                        (@NormedField.toField.{u_1} 𝕜
                          (@DenselyNormedField.toNormedField.{u_1} 𝕜 (@RCLike.toDenselyNormedField.{u_1} 𝕜 inst✝))))))
                (@Pi.distribMulAction.{u_3, u_1, u_1} n (fun x => 𝕜) 𝕜
                  (@Semiring.toMonoid.{u_1} 𝕜
                    (@DivisionSemiring.toSemiring.{u_1} 𝕜
                      (@Semifield.toDivisionSemiring.{u_1} 𝕜
                        (@Field.toSemifield.{u_1} 𝕜
                          (@NormedField.toField.{u_1} 𝕜
                            (@DenselyNormedField.toNormedField.{u_1} 𝕜
                              (@RCLike.toDenselyNormedField.{u_1} 𝕜 inst✝)))))))
                  (fun i =>
                    @SubNegMonoid.toAddMonoid.{u_1} ((fun x => 𝕜) i)
                      ((fun i =>
                          @AddGroup.toSubNegMonoid.{u_1} ((fun x => 𝕜) i)
                            ((fun i =>
                                @AddCommGroup.toAddGroup.{u_1} ((fun x => 𝕜) i)
                                  ((fun i =>
                                      @Ring.toAddCommGroup.{u_1} 𝕜
                                        (@DivisionRing.toRing.{u_1} 𝕜
                                          (@Field.toDivisionRing.{u_1} 𝕜
                                            (@NormedField.toField.{u_1} 𝕜
                                              (@DenselyNormedField.toNormedField.{u_1} 𝕜
                                                (@RCLike.toDenselyNormedField.{u_1} 𝕜 inst✝))))))
                                    i))
                              i))
                        i))
                  fun i =>
                  @Module.toDistribMulAction.{u_1, u_1} 𝕜 𝕜
                    (@DivisionSemiring.toSemiring.{u_1} 𝕜
                      (@Semifield.toDivisionSemiring.{u_1} 𝕜
                        (@Field.toSemifield.{u_1} 𝕜
                          (@NormedField.toField.{u_1} 𝕜
                            (@DenselyNormedField.toNormedField.{u_1} 𝕜 (@RCLike.toDenselyNormedField.{u_1} 𝕜 inst✝))))))
                    (@Semiring.toAddCommMonoid.{u_1} 𝕜
                      (@DivisionSemiring.toSemiring.{u_1} 𝕜
                        (@Semifield.toDivisionSemiring.{u_1} 𝕜
                          (@Field.toSemifield.{u_1} 𝕜
                            (@NormedField.toField.{u_1} 𝕜
                              (@DenselyNormedField.toNormedField.{u_1} 𝕜
                                (@RCLike.toDenselyNormedField.{u_1} 𝕜 inst✝)))))))
                    (@Semiring.toModule.{u_1} 𝕜
                      (@DivisionSemiring.toSemiring.{u_1} 𝕜
                        (@Semifield.toDivisionSemiring.{u_1} 𝕜
                          (@Field.toSemifield.{u_1} 𝕜
                            (@NormedField.toField.{u_1} 𝕜
                              (@DenselyNormedField.toNormedField.{u_1} 𝕜
                                (@RCLike.toDenselyNormedField.{u_1} 𝕜 inst✝))))))))))
            ⋯ ⋯)
          (@Matrix.instStar.{u_1, u_3} n 𝕜
            (@InvolutiveStar.toStar.{u_1} 𝕜
              (@StarAddMonoid.toInvolutiveStar.{u_1} 𝕜
                (@AddCommMonoid.toAddMonoid.{u_1} 𝕜
                  (@NonUnitalNonAssocSemiring.toAddCommMonoid.{u_1} 𝕜
                    (@NonUnitalNonAssocRing.toNonUnitalNonAssocSemiring.{u_1} 𝕜
                      (@NonUnitalNonAssocCommRing.toNonUnitalNonAssocRing.{u_1} 𝕜
                        (@NonUnitalCommRing.toNonUnitalNonAssocCommRing.{u_1} 𝕜
                          (@CommRing.toNonUnitalCommRing.{u_1} 𝕜
                            (@Field.toCommRing.{u_1} 𝕜
                              (@NormedField.toField.{u_1} 𝕜
                                (@DenselyNormedField.toNormedField.{u_1} 𝕜
                                  (@RCLike.toDenselyNormedField.{u_1} 𝕜 inst✝))))))))))
                (@StarRing.toStarAddMonoid.{u_1} 𝕜
                  (@NonUnitalNonAssocRing.toNonUnitalNonAssocSemiring.{u_1} 𝕜
                    (@NonUnitalNonAssocCommRing.toNonUnitalNonAssocRing.{u_1} 𝕜
                      (@NonUnitalCommRing.toNonUnitalNonAssocCommRing.{u_1} 𝕜
                        (@CommRing.toNonUnitalCommRing.{u_1} 𝕜
                          (@Field.toCommRing.{u_1} 𝕜
                            (@NormedField.toField.{u_1} 𝕜
                              (@DenselyNormedField.toNormedField.{u_1} 𝕜
                                (@RCLike.toDenselyNormedField.{u_1} 𝕜 inst✝))))))))
                  (@RCLike.toStarRing.{u_1} 𝕜 inst✝)))))
          (@ContinuousLinearMap.instStarId.{u_1, max u_1 u_3} 𝕜 (EuclideanSpace.{u_1, u_3} 𝕜 n) inst✝
            (@PiLp.normedAddCommGroup.{u_3, u_1}
              (@OfNat.ofNat.{0} ENNReal (nat_lit 2)
                (@instOfNatAtLeastTwo.{0} ENNReal (nat_lit 2)
                  (@AddMonoidWithOne.toNatCast.{0} ENNReal
                    (@AddCommMonoidWithOne.toAddMonoidWithOne.{0} ENNReal ENNReal.instAddCommMonoidWithOne))
                  PiLp.innerProductSpace._proof_1))
              n (fun x => 𝕜) fact_one_le_two_ennreal inst✝¹ fun i =>
              @NonUnitalNormedRing.toNormedAddCommGroup.{u_1} 𝕜
                (@NonUnitalNormedCommRing.toNonUnitalNormedRing.{u_1} 𝕜
                  (@NormedCommRing.toNonUnitalNormedCommRing.{u_1} 𝕜
                    (@NormedField.toNormedCommRing.{u_1} 𝕜
                      (@DenselyNormedField.toNormedField.{u_1} 𝕜 (@RCLike.toDenselyNormedField.{u_1} 𝕜 inst✝))))))
            (@PiLp.innerProductSpace.{u_1, u_3, u_1} 𝕜 inst✝ n inst✝¹ (fun x => 𝕜)
              (fun i =>
                @NonUnitalNormedRing.toNormedAddCommGroup.{u_1} 𝕜
                  (@NonUnitalNormedCommRing.toNonUnitalNormedRing.{u_1} 𝕜
                    (@NormedCommRing.toNonUnitalNormedCommRing.{u_1} 𝕜
                      (@NormedField.toNormedCommRing.{u_1} 𝕜
                        (@DenselyNormedField.toNormedField.{u_1} 𝕜 (@RCLike.toDenselyNormedField.{u_1} 𝕜 inst✝))))))
              fun i => @RCLike.innerProductSpace.{u_1} 𝕜 inst✝)
            ⋯))
        (Matrix.{u_3, u_3, u_1} n n 𝕜)
        (fun x =>
          @ContinuousLinearMap.{u_1, u_1, max u_3 u_1, max u_3 u_1} 𝕜 𝕜
            (@DivisionSemiring.toSemiring.{u_1} 𝕜
              (@Semifield.toDivisionSemiring.{u_1} 𝕜
                (@Field.toSemifield.{u_1} 𝕜
                  (@NormedField.toField.{u_1} 𝕜
                    (@DenselyNormedField.toNormedField.{u_1} 𝕜 (@RCLike.toDenselyNormedField.{u_1} 𝕜 inst✝))))))
            (@DivisionSemiring.toSemiring.{u_1} 𝕜
              (@Semifield.toDivisionSemiring.{u_1} 𝕜
                (@Field.toSemifield.{u_1} 𝕜
                  (@NormedField.toField.{u_1} 𝕜
                    (@DenselyNormedField.toNormedField.{u_1} 𝕜 (@RCLike.toDenselyNormedField.{u_1} 𝕜 inst✝))))))
            (@RingHom.id.{u_1} 𝕜
              (@Semiring.toNonAssocSemiring.{u_1} 𝕜
                (@DivisionSemiring.toSemiring.{u_1} 𝕜
                  (@Semifield.toDivisionSemiring.{u_1} 𝕜
                    (@Field.toSemifield.{u_1} 𝕜
                      (@NormedField.toField.{u_1} 𝕜
                        (@DenselyNormedField.toNormedField.{u_1} 𝕜 (@RCLike.toDenselyNormedField.{u_1} 𝕜 inst✝))))))))
            (EuclideanSpace.{u_1, u_3} 𝕜 n)
            (@PiLp.topologicalSpace.{u_3, u_1}
              (@OfNat.ofNat.{0} ENNReal (nat_lit 2)
                (@instOfNatAtLeastTwo.{0} ENNReal (nat_lit 2)
                  (@AddMonoidWithOne.toNatCast.{0} ENNReal
                    (@AddCommMonoidWithOne.toAddMonoidWithOne.{0} ENNReal ENNReal.instAddCommMonoidWithOne))
                  PiLp.innerProductSpace._proof_1))
              n (fun x => 𝕜) fun i =>
              @UniformSpace.toTopologicalSpace.{u_1} 𝕜
                (@PseudoMetricSpace.toUniformSpace.{u_1} 𝕜
                  (@SeminormedRing.toPseudoMetricSpace.{u_1} 𝕜
                    (@SeminormedCommRing.toSeminormedRing.{u_1} 𝕜
                      (@NormedCommRing.toSeminormedCommRing.{u_1} 𝕜
                        (@NormedField.toNormedCommRing.{u_1} 𝕜
                          (@DenselyNormedField.toNormedField.{u_1} 𝕜 (@RCLike.toDenselyNormedField.{u_1} 𝕜 inst✝))))))))
            (@AddCommGroup.toAddCommMonoid.{max u_1 u_3} (EuclideanSpace.{u_1, u_3} 𝕜 n)
              (@WithLp.instAddCommGroup.{max u_1 u_3}
                (@OfNat.ofNat.{0} ENNReal (nat_lit 2)
                  (@instOfNatAtLeastTwo.{0} ENNReal (nat_lit 2)
                    (@AddMonoidWithOne.toNatCast.{0} ENNReal
                      (@AddCommMonoidWithOne.toAddMonoidWithOne.{0} ENNReal ENNReal.instAddCommMonoidWithOne))
                    PiLp.innerProductSpace._proof_1))
                ((i : n) → (fun x => 𝕜) i)
                (@Pi.addCommGroup.{u_3, u_1} n (fun x => 𝕜) fun i =>
                  @Ring.toAddCommGroup.{u_1} 𝕜
                    (@DivisionRing.toRing.{u_1} 𝕜
                      (@Field.toDivisionRing.{u_1} 𝕜
                        (@NormedField.toField.{u_1} 𝕜
                          (@DenselyNormedField.toNormedField.{u_1} 𝕜 (@RCLike.toDenselyNormedField.{u_1} 𝕜 inst✝))))))))
            (EuclideanSpace.{u_1, u_3} 𝕜 n)
            (@PiLp.topologicalSpace.{u_3, u_1}
              (@OfNat.ofNat.{0} ENNReal (nat_lit 2)
                (@instOfNatAtLeastTwo.{0} ENNReal (nat_lit 2)
                  (@AddMonoidWithOne.toNatCast.{0} ENNReal
                    (@AddCommMonoidWithOne.toAddMonoidWithOne.{0} ENNReal ENNReal.instAddCommMonoidWithOne))
                  PiLp.innerProductSpace._proof_1))
              n (fun x => 𝕜) fun i =>
              @UniformSpace.toTopologicalSpace.{u_1} 𝕜
                (@PseudoMetricSpace.toUniformSpace.{u_1} 𝕜
                  (@SeminormedRing.toPseudoMetricSpace.{u_1} 𝕜
                    (@SeminormedCommRing.toSeminormedRing.{u_1} 𝕜
                      (@NormedCommRing.toSeminormedCommRing.{u_1} 𝕜
                        (@NormedField.toNormedCommRing.{u_1} 𝕜
                          (@DenselyNormedField.toNormedField.{u_1} 𝕜 (@RCLike.toDenselyNormedField.{u_1} 𝕜 inst✝))))))))
            (@AddCommGroup.toAddCommMonoid.{max u_1 u_3} (EuclideanSpace.{u_1, u_3} 𝕜 n)
              (@WithLp.instAddCommGroup.{max u_1 u_3}
                (@OfNat.ofNat.{0} ENNReal (nat_lit 2)
                  (@instOfNatAtLeastTwo.{0} ENNReal (nat_lit 2)
                    (@AddMonoidWithOne.toNatCast.{0} ENNReal
                      (@AddCommMonoidWithOne.toAddMonoidWithOne.{0} ENNReal ENNReal.instAddCommMonoidWithOne))
                    PiLp.innerProductSpace._proof_1))
                ((i : n) → (fun x => 𝕜) i)
                (@Pi.addCommGroup.{u_3, u_1} n (fun x => 𝕜) fun i =>
                  @Ring.toAddCommGroup.{u_1} 𝕜
                    (@DivisionRing.toRing.{u_1} 𝕜
                      (@Field.toDivisionRing.{u_1} 𝕜
                        (@NormedField.toField.{u_1} 𝕜
                          (@DenselyNormedField.toNormedField.{u_1} 𝕜 (@RCLike.toDenselyNormedField.{u_1} 𝕜 inst✝))))))))
            (@WithLp.instModule.{u_1, max u_1 u_3}
              (@OfNat.ofNat.{0} ENNReal (nat_lit 2)
                (@instOfNatAtLeastTwo.{0} ENNReal (nat_lit 2)
                  (@AddMonoidWithOne.toNatCast.{0} ENNReal
                    (@AddCommMonoidWithOne.toAddMonoidWithOne.{0} ENNReal ENNReal.instAddCommMonoidWithOne))
                  PiLp.innerProductSpace._proof_1))
              𝕜 ((i : n) → (fun x => 𝕜) i)
              (@DivisionSemiring.toSemiring.{u_1} 𝕜
                (@Semifield.toDivisionSemiring.{u_1} 𝕜
                  (@Field.toSemifield.{u_1} 𝕜
                    (@NormedField.toField.{u_1} 𝕜
                      (@DenselyNormedField.toNormedField.{u_1} 𝕜 (@RCLike.toDenselyNormedField.{u_1} 𝕜 inst✝))))))
              (@Pi.addCommGroup.{u_3, u_1} n (fun x => 𝕜) fun i =>
                @Ring.toAddCommGroup.{u_1} 𝕜
                  (@DivisionRing.toRing.{u_1} 𝕜
                    (@Field.toDivisionRing.{u_1} 𝕜
                      (@NormedField.toField.{u_1} 𝕜
                        (@DenselyNormedField.toNormedField.{u_1} 𝕜 (@RCLike.toDenselyNormedField.{u_1} 𝕜 inst✝))))))
              (@Pi.Function.module.{u_3, u_1, u_1} n 𝕜 𝕜
                (@DivisionSemiring.toSemiring.{u_1} 𝕜
                  (@Semifield.toDivisionSemiring.{u_1} 𝕜
                    (@Field.toSemifield.{u_1} 𝕜
                      (@NormedField.toField.{u_1} 𝕜
                        (@DenselyNormedField.toNormedField.{u_1} 𝕜 (@RCLike.toDenselyNormedField.{u_1} 𝕜 inst✝))))))
                (@Semiring.toAddCommMonoid.{u_1} 𝕜
                  (@Ring.toSemiring.{u_1} 𝕜
                    (@DivisionRing.toRing.{u_1} 𝕜
                      (@Field.toDivisionRing.{u_1} 𝕜
                        (@NormedField.toField.{u_1} 𝕜
                          (@DenselyNormedField.toNormedField.{u_1} 𝕜 (@RCLike.toDenselyNormedField.{u_1} 𝕜 inst✝)))))))
                (@Semiring.toModule.{u_1} 𝕜
                  (@DivisionSemiring.toSemiring.{u_1} 𝕜
                    (@Semifield.toDivisionSemiring.{u_1} 𝕜
                      (@Field.toSemifield.{u_1} 𝕜
                        (@NormedField.toField.{u_1} 𝕜
                          (@DenselyNormedField.toNormedField.{u_1} 𝕜
                            (@RCLike.toDenselyNormedField.{u_1} 𝕜 inst✝)))))))))
            (@WithLp.instModule.{u_1, max u_1 u_3}
              (@OfNat.ofNat.{0} ENNReal (nat_lit 2)
                (@instOfNatAtLeastTwo.{0} ENNReal (nat_lit 2)
                  (@AddMonoidWithOne.toNatCast.{0} ENNReal
                    (@AddCommMonoidWithOne.toAddMonoidWithOne.{0} ENNReal ENNReal.instAddCommMonoidWithOne))
                  PiLp.innerProductSpace._proof_1))
              𝕜 ((i : n) → (fun x => 𝕜) i)
              (@DivisionSemiring.toSemiring.{u_1} 𝕜
                (@Semifield.toDivisionSemiring.{u_1} 𝕜
                  (@Field.toSemifield.{u_1} 𝕜
                    (@NormedField.toField.{u_1} 𝕜
                      (@DenselyNormedField.toNormedField.{u_1} 𝕜 (@RCLike.toDenselyNormedField.{u_1} 𝕜 inst✝))))))
              (@Pi.addCommGroup.{u_3, u_1} n (fun x => 𝕜) fun i =>
                @Ring.toAddCommGroup.{u_1} 𝕜
                  (@DivisionRing.toRing.{u_1} 𝕜
                    (@Field.toDivisionRing.{u_1} 𝕜
                      (@NormedField.toField.{u_1} 𝕜
                        (@DenselyNormedField.toNormedField.{u_1} 𝕜 (@RCLike.toDenselyNormedField.{u_1} 𝕜 inst✝))))))
              (@Pi.Function.module.{u_3, u_1, u_1} n 𝕜 𝕜
                (@DivisionSemiring.toSemiring.{u_1} 𝕜
                  (@Semifield.toDivisionSemiring.{u_1} 𝕜
                    (@Field.toSemifield.{u_1} 𝕜
                      (@NormedField.toField.{u_1} 𝕜
                        (@DenselyNormedField.toNormedField.{u_1} 𝕜 (@RCLike.toDenselyNormedField.{u_1} 𝕜 inst✝))))))
                (@Semiring.toAddCommMonoid.{u_1} 𝕜
                  (@Ring.toSemiring.{u_1} 𝕜
                    (@DivisionRing.toRing.{u_1} 𝕜
                      (@Field.toDivisionRing.{u_1} 𝕜
                        (@NormedField.toField.{u_1} 𝕜
                          (@DenselyNormedField.toNormedField.{u_1} 𝕜 (@RCLike.toDenselyNormedField.{u_1} 𝕜 inst✝)))))))
                (@Semiring.toModule.{u_1} 𝕜
                  (@DivisionSemiring.toSemiring.{u_1} 𝕜
                    (@Semifield.toDivisionSemiring.{u_1} 𝕜
                      (@Field.toSemifield.{u_1} 𝕜
                        (@NormedField.toField.{u_1} 𝕜
                          (@DenselyNormedField.toNormedField.{u_1} 𝕜
                            (@RCLike.toDenselyNormedField.{u_1} 𝕜 inst✝))))))))))
        (@StarAlgEquiv.instFunLike.{u_1, max u_1 u_3, max u_1 u_3} 𝕜 (Matrix.{u_3, u_3, u_1} n n 𝕜)
          (@ContinuousLinearMap.{u_1, u_1, max u_3 u_1, max u_3 u_1} 𝕜 𝕜
            (@DivisionSemiring.toSemiring.{u_1} 𝕜
              (@Semifield.toDivisionSemiring.{u_1} 𝕜
                (@Field.toSemifield.{u_1} 𝕜
                  (@NormedField.toField.{u_1} 𝕜
                    (@DenselyNormedField.toNormedField.{u_1} 𝕜 (@RCLike.toDenselyNormedField.{u_1} 𝕜 inst✝))))))
            (@DivisionSemiring.toSemiring.{u_1} 𝕜
              (@Semifield.toDivisionSemiring.{u_1} 𝕜
                (@Field.toSemifield.{u_1} 𝕜
                  (@NormedField.toField.{u_1} 𝕜
                    (@DenselyNormedField.toNormedField.{u_1} 𝕜 (@RCLike.toDenselyNormedField.{u_1} 𝕜 inst✝))))))
            (@RingHom.id.{u_1} 𝕜
              (@Semiring.toNonAssocSemiring.{u_1} 𝕜
                (@DivisionSemiring.toSemiring.{u_1} 𝕜
                  (@Semifield.toDivisionSemiring.{u_1} 𝕜
                    (@Field.toSemifield.{u_1} 𝕜
                      (@NormedField.toField.{u_1} 𝕜
                        (@DenselyNormedField.toNormedField.{u_1} 𝕜 (@RCLike.toDenselyNormedField.{u_1} 𝕜 inst✝))))))))
            (EuclideanSpace.{u_1, u_3} 𝕜 n)
            (@PiLp.topologicalSpace.{u_3, u_1}
              (@OfNat.ofNat.{0} ENNReal (nat_lit 2)
                (@instOfNatAtLeastTwo.{0} ENNReal (nat_lit 2)
                  (@AddMonoidWithOne.toNatCast.{0} ENNReal
                    (@AddCommMonoidWithOne.toAddMonoidWithOne.{0} ENNReal ENNReal.instAddCommMonoidWithOne))
                  PiLp.innerProductSpace._proof_1))
              n (fun x => 𝕜) fun i =>
              @UniformSpace.toTopologicalSpace.{u_1} 𝕜
                (@PseudoMetricSpace.toUniformSpace.{u_1} 𝕜
                  (@SeminormedRing.toPseudoMetricSpace.{u_1} 𝕜
                    (@SeminormedCommRing.toSeminormedRing.{u_1} 𝕜
                      (@NormedCommRing.toSeminormedCommRing.{u_1} 𝕜
                        (@NormedField.toNormedCommRing.{u_1} 𝕜
                          (@DenselyNormedField.toNormedField.{u_1} 𝕜 (@RCLike.toDenselyNormedField.{u_1} 𝕜 inst✝))))))))
            (@AddCommGroup.toAddCommMonoid.{max u_1 u_3} (EuclideanSpace.{u_1, u_3} 𝕜 n)
              (@WithLp.instAddCommGroup.{max u_1 u_3}
                (@OfNat.ofNat.{0} ENNReal (nat_lit 2)
                  (@instOfNatAtLeastTwo.{0} ENNReal (nat_lit 2)
                    (@AddMonoidWithOne.toNatCast.{0} ENNReal
                      (@AddCommMonoidWithOne.toAddMonoidWithOne.{0} ENNReal ENNReal.instAddCommMonoidWithOne))
                    PiLp.innerProductSpace._proof_1))
                ((i : n) → (fun x => 𝕜) i)
                (@Pi.addCommGroup.{u_3, u_1} n (fun x => 𝕜) fun i =>
                  @Ring.toAddCommGroup.{u_1} 𝕜
                    (@DivisionRing.toRing.{u_1} 𝕜
                      (@Field.toDivisionRing.{u_1} 𝕜
                        (@NormedField.toField.{u_1} 𝕜
                          (@DenselyNormedField.toNormedField.{u_1} 𝕜 (@RCLike.toDenselyNormedField.{u_1} 𝕜 inst✝))))))))
            (EuclideanSpace.{u_1, u_3} 𝕜 n)
            (@PiLp.topologicalSpace.{u_3, u_1}
              (@OfNat.ofNat.{0} ENNReal (nat_lit 2)
                (@instOfNatAtLeastTwo.{0} ENNReal (nat_lit 2)
                  (@AddMonoidWithOne.toNatCast.{0} ENNReal
                    (@AddCommMonoidWithOne.toAddMonoidWithOne.{0} ENNReal ENNReal.instAddCommMonoidWithOne))
                  PiLp.innerProductSpace._proof_1))
              n (fun x => 𝕜) fun i =>
              @UniformSpace.toTopologicalSpace.{u_1} 𝕜
                (@PseudoMetricSpace.toUniformSpace.{u_1} 𝕜
                  (@SeminormedRing.toPseudoMetricSpace.{u_1} 𝕜
                    (@SeminormedCommRing.toSeminormedRing.{u_1} 𝕜
                      (@NormedCommRing.toSeminormedCommRing.{u_1} 𝕜
                        (@NormedField.toNormedCommRing.{u_1} 𝕜
                          (@DenselyNormedField.toNormedField.{u_1} 𝕜 (@RCLike.toDenselyNormedField.{u_1} 𝕜 inst✝))))))))
            (@AddCommGroup.toAddCommMonoid.{max u_1 u_3} (EuclideanSpace.{u_1, u_3} 𝕜 n)
              (@WithLp.instAddCommGroup.{max u_1 u_3}
                (@OfNat.ofNat.{0} ENNReal (nat_lit 2)
                  (@instOfNatAtLeastTwo.{0} ENNReal (nat_lit 2)
                    (@AddMonoidWithOne.toNatCast.{0} ENNReal
                      (@AddCommMonoidWithOne.toAddMonoidWithOne.{0} ENNReal ENNReal.instAddCommMonoidWithOne))
                    PiLp.innerProductSpace._proof_1))
                ((i : n) → (fun x => 𝕜) i)
                (@Pi.addCommGroup.{u_3, u_1} n (fun x => 𝕜) fun i =>
                  @Ring.toAddCommGroup.{u_1} 𝕜
                    (@DivisionRing.toRing.{u_1} 𝕜
                      (@Field.toDivisionRing.{u_1} 𝕜
                        (@NormedField.toField.{u_1} 𝕜
                          (@DenselyNormedField.toNormedField.{u_1} 𝕜 (@RCLike.toDenselyNormedField.{u_1} 𝕜 inst✝))))))))
            (@WithLp.instModule.{u_1, max u_1 u_3}
              (@OfNat.ofNat.{0} ENNReal (nat_lit 2)
                (@instOfNatAtLeastTwo.{0} ENNReal (nat_lit 2)
                  (@AddMonoidWithOne.toNatCast.{0} ENNReal
                    (@AddCommMonoidWithOne.toAddMonoidWithOne.{0} ENNReal ENNReal.instAddCommMonoidWithOne))
                  PiLp.innerProductSpace._proof_1))
              𝕜 ((i : n) → (fun x => 𝕜) i)
              (@DivisionSemiring.toSemiring.{u_1} 𝕜
                (@Semifield.toDivisionSemiring.{u_1} 𝕜
                  (@Field.toSemifield.{u_1} 𝕜
                    (@NormedField.toField.{u_1} 𝕜
                      (@DenselyNormedField.toNormedField.{u_1} 𝕜 (@RCLike.toDenselyNormedField.{u_1} 𝕜 inst✝))))))
              (@Pi.addCommGroup.{u_3, u_1} n (fun x => 𝕜) fun i =>
                @Ring.toAddCommGroup.{u_1} 𝕜
                  (@DivisionRing.toRing.{u_1} 𝕜
                    (@Field.toDivisionRing.{u_1} 𝕜
                      (@NormedField.toField.{u_1} 𝕜
                        (@DenselyNormedField.toNormedField.{u_1} 𝕜 (@RCLike.toDenselyNormedField.{u_1} 𝕜 inst✝))))))
              (@Pi.Function.module.{u_3, u_1, u_1} n 𝕜 𝕜
                (@DivisionSemiring.toSemiring.{u_1} 𝕜
                  (@Semifield.toDivisionSemiring.{u_1} 𝕜
                    (@Field.toSemifield.{u_1} 𝕜
                      (@NormedField.toField.{u_1} 𝕜
                        (@DenselyNormedField.toNormedField.{u_1} 𝕜 (@RCLike.toDenselyNormedField.{u_1} 𝕜 inst✝))))))
                (@Semiring.toAddCommMonoid.{u_1} 𝕜
                  (@Ring.toSemiring.{u_1} 𝕜
                    (@DivisionRing.toRing.{u_1} 𝕜
                      (@Field.toDivisionRing.{u_1} 𝕜
                        (@NormedField.toField.{u_1} 𝕜
                          (@DenselyNormedField.toNormedField.{u_1} 𝕜 (@RCLike.toDenselyNormedField.{u_1} 𝕜 inst✝)))))))
                (@Semiring.toModule.{u_1} 𝕜
                  (@DivisionSemiring.toSemiring.{u_1} 𝕜
                    (@Semifield.toDivisionSemiring.{u_1} 𝕜
                      (@Field.toSemifield.{u_1} 𝕜
                        (@NormedField.toField.{u_1} 𝕜
                          (@DenselyNormedField.toNormedField.{u_1} 𝕜
                            (@RCLike.toDenselyNormedField.{u_1} 𝕜 inst✝)))))))))
            (@WithLp.instModule.{u_1, max u_1 u_3}
              (@OfNat.ofNat.{0} ENNReal (nat_lit 2)
                (@instOfNatAtLeastTwo.{0} ENNReal (nat_lit 2)
                  (@AddMonoidWithOne.toNatCast.{0} ENNReal
                    (@AddCommMonoidWithOne.toAddMonoidWithOne.{0} ENNReal ENNReal.instAddCommMonoidWithOne))
                  PiLp.innerProductSpace._proof_1))
              𝕜 ((i : n) → (fun x => 𝕜) i)
              (@DivisionSemiring.toSemiring.{u_1} 𝕜
                (@Semifield.toDivisionSemiring.{u_1} 𝕜
                  (@Field.toSemifield.{u_1} 𝕜
                    (@NormedField.toField.{u_1} 𝕜
                      (@DenselyNormedField.toNormedField.{u_1} 𝕜 (@RCLike.toDenselyNormedField.{u_1} 𝕜 inst✝))))))
              (@Pi.addCommGroup.{u_3, u_1} n (fun x => 𝕜) fun i =>
                @Ring.toAddCommGroup.{u_1} 𝕜
                  (@DivisionRing.toRing.{u_1} 𝕜
                    (@Field.toDivisionRing.{u_1} 𝕜
                      (@NormedField.toField.{u_1} 𝕜
                        (@DenselyNormedField.toNormedField.{u_1} 𝕜 (@RCLike.toDenselyNormedField.{u_1} 𝕜 inst✝))))))
              (@Pi.Function.module.{u_3, u_1, u_1} n 𝕜 𝕜
                (@DivisionSemiring.toSemiring.{u_1} 𝕜
                  (@Semifield.toDivisionSemiring.{u_1} 𝕜
                    (@Field.toSemifield.{u_1} 𝕜
                      (@NormedField.toField.{u_1} 𝕜
                        (@DenselyNormedField.toNormedField.{u_1} 𝕜 (@RCLike.toDenselyNormedField.{u_1} 𝕜 inst✝))))))
                (@Semiring.toAddCommMonoid.{u_1} 𝕜
                  (@Ring.toSemiring.{u_1} 𝕜
                    (@DivisionRing.toRing.{u_1} 𝕜
                      (@Field.toDivisionRing.{u_1} 𝕜
                        (@NormedField.toField.{u_1} 𝕜
                          (@DenselyNormedField.toNormedField.{u_1} 𝕜 (@RCLike.toDenselyNormedField.{u_1} 𝕜 inst✝)))))))
                (@Semiring.toModule.{u_1} 𝕜
                  (@DivisionSemiring.toSemiring.{u_1} 𝕜
                    (@Semifield.toDivisionSemiring.{u_1} 𝕜
                      (@Field.toSemifield.{u_1} 𝕜
                        (@NormedField.toField.{u_1} 𝕜
                          (@DenselyNormedField.toNormedField.{u_1} 𝕜
                            (@RCLike.toDenselyNormedField.{u_1} 𝕜 inst✝))))))))))
          (@Matrix.add.{u_1, u_3, u_3} n n 𝕜
            (@Distrib.toAdd.{u_1} 𝕜
              (@instDistribOfSemiring.{u_1} 𝕜
                (@DivisionSemiring.toSemiring.{u_1} 𝕜
                  (@Semifield.toDivisionSemiring.{u_1} 𝕜
                    (@Field.toSemifield.{u_1} 𝕜
                      (@NormedField.toField.{u_1} 𝕜
                        (@DenselyNormedField.toNormedField.{u_1} 𝕜 (@RCLike.toDenselyNormedField.{u_1} 𝕜 inst✝)))))))))
          (@ContinuousLinearMap.add.{u_1, u_1, max u_1 u_3, max u_1 u_3} 𝕜 𝕜
            (@DivisionSemiring.toSemiring.{u_1} 𝕜
              (@Semifield.toDivisionSemiring.{u_1} 𝕜
                (@Field.toSemifield.{u_1} 𝕜
                  (@NormedField.toField.{u_1} 𝕜
                    (@DenselyNormedField.toNormedField.{u_1} 𝕜 (@RCLike.toDenselyNormedField.{u_1} 𝕜 inst✝))))))
            (@DivisionSemiring.toSemiring.{u_1} 𝕜
              (@Semifield.toDivisionSemiring.{u_1} 𝕜
                (@Field.toSemifield.{u_1} 𝕜
                  (@NormedField.toField.{u_1} 𝕜
                    (@DenselyNormedField.toNormedField.{u_1} 𝕜 (@RCLike.toDenselyNormedField.{u_1} 𝕜 inst✝))))))
            (@RingHom.id.{u_1} 𝕜
              (@Semiring.toNonAssocSemiring.{u_1} 𝕜
                (@DivisionSemiring.toSemiring.{u_1} 𝕜
                  (@Semifield.toDivisionSemiring.{u_1} 𝕜
                    (@Field.toSemifield.{u_1} 𝕜
                      (@NormedField.toField.{u_1} 𝕜
                        (@DenselyNormedField.toNormedField.{u_1} 𝕜 (@RCLike.toDenselyNormedField.{u_1} 𝕜 inst✝))))))))
            (EuclideanSpace.{u_1, u_3} 𝕜 n)
            (@PiLp.topologicalSpace.{u_3, u_1}
              (@OfNat.ofNat.{0} ENNReal (nat_lit 2)
                (@instOfNatAtLeastTwo.{0} ENNReal (nat_lit 2)
                  (@AddMonoidWithOne.toNatCast.{0} ENNReal
                    (@AddCommMonoidWithOne.toAddMonoidWithOne.{0} ENNReal ENNReal.instAddCommMonoidWithOne))
                  PiLp.innerProductSpace._proof_1))
              n (fun x => 𝕜) fun i =>
              @UniformSpace.toTopologicalSpace.{u_1} 𝕜
                (@PseudoMetricSpace.toUniformSpace.{u_1} 𝕜
                  (@SeminormedRing.toPseudoMetricSpace.{u_1} 𝕜
                    (@SeminormedCommRing.toSeminormedRing.{u_1} 𝕜
                      (@NormedCommRing.toSeminormedCommRing.{u_1} 𝕜
                        (@NormedField.toNormedCommRing.{u_1} 𝕜
                          (@DenselyNormedField.toNormedField.{u_1} 𝕜 (@RCLike.toDenselyNormedField.{u_1} 𝕜 inst✝))))))))
            (@AddCommGroup.toAddCommMonoid.{max u_1 u_3} (EuclideanSpace.{u_1, u_3} 𝕜 n)
              (@WithLp.instAddCommGroup.{max u_1 u_3}
                (@OfNat.ofNat.{0} ENNReal (nat_lit 2)
                  (@instOfNatAtLeastTwo.{0} ENNReal (nat_lit 2)
                    (@AddMonoidWithOne.toNatCast.{0} ENNReal
                      (@AddCommMonoidWithOne.toAddMonoidWithOne.{0} ENNReal ENNReal.instAddCommMonoidWithOne))
                    PiLp.innerProductSpace._proof_1))
                ((i : n) → (fun x => 𝕜) i)
                (@Pi.addCommGroup.{u_3, u_1} n (fun x => 𝕜) fun i =>
                  @Ring.toAddCommGroup.{u_1} 𝕜
                    (@DivisionRing.toRing.{u_1} 𝕜
                      (@Field.toDivisionRing.{u_1} 𝕜
                        (@NormedField.toField.{u_1} 𝕜
                          (@DenselyNormedField.toNormedField.{u_1} 𝕜 (@RCLike.toDenselyNormedField.{u_1} 𝕜 inst✝))))))))
            (EuclideanSpace.{u_1, u_3} 𝕜 n)
            (@PiLp.topologicalSpace.{u_3, u_1}
              (@OfNat.ofNat.{0} ENNReal (nat_lit 2)
                (@instOfNatAtLeastTwo.{0} ENNReal (nat_lit 2)
                  (@AddMonoidWithOne.toNatCast.{0} ENNReal
                    (@AddCommMonoidWithOne.toAddMonoidWithOne.{0} ENNReal ENNReal.instAddCommMonoidWithOne))
                  PiLp.innerProductSpace._proof_1))
              n (fun x => 𝕜) fun i =>
              @UniformSpace.toTopologicalSpace.{u_1} 𝕜
                (@PseudoMetricSpace.toUniformSpace.{u_1} 𝕜
                  (@SeminormedRing.toPseudoMetricSpace.{u_1} 𝕜
                    (@SeminormedCommRing.toSeminormedRing.{u_1} 𝕜
                      (@NormedCommRing.toSeminormedCommRing.{u_1} 𝕜
                        (@NormedField.toNormedCommRing.{u_1} 𝕜
                          (@DenselyNormedField.toNormedField.{u_1} 𝕜 (@RCLike.toDenselyNormedField.{u_1} 𝕜 inst✝))))))))
            (@AddCommGroup.toAddCommMonoid.{max u_1 u_3} (EuclideanSpace.{u_1, u_3} 𝕜 n)
              (@WithLp.instAddCommGroup.{max u_1 u_3}
                (@OfNat.ofNat.{0} ENNReal (nat_lit 2)
                  (@instOfNatAtLeastTwo.{0} ENNReal (nat_lit 2)
                    (@AddMonoidWithOne.toNatCast.{0} ENNReal
                      (@AddCommMonoidWithOne.toAddMonoidWithOne.{0} ENNReal ENNReal.instAddCommMonoidWithOne))
                    PiLp.innerProductSpace._proof_1))
                ((i : n) → (fun x => 𝕜) i)
                (@Pi.addCommGroup.{u_3, u_1} n (fun x => 𝕜) fun i =>
                  @Ring.toAddCommGroup.{u_1} 𝕜
                    (@DivisionRing.toRing.{u_1} 𝕜
                      (@Field.toDivisionRing.{u_1} 𝕜
                        (@NormedField.toField.{u_1} 𝕜
                          (@DenselyNormedField.toNormedField.{u_1} 𝕜 (@RCLike.toDenselyNormedField.{u_1} 𝕜 inst✝))))))))
            (@WithLp.instModule.{u_1, max u_1 u_3}
              (@OfNat.ofNat.{0} ENNReal (nat_lit 2)
                (@instOfNatAtLeastTwo.{0} ENNReal (nat_lit 2)
                  (@AddMonoidWithOne.toNatCast.{0} ENNReal
                    (@AddCommMonoidWithOne.toAddMonoidWithOne.{0} ENNReal ENNReal.instAddCommMonoidWithOne))
                  PiLp.innerProductSpace._proof_1))
              𝕜 ((i : n) → (fun x => 𝕜) i)
              (@DivisionSemiring.toSemiring.{u_1} 𝕜
                (@Semifield.toDivisionSemiring.{u_1} 𝕜
                  (@Field.toSemifield.{u_1} 𝕜
                    (@NormedField.toField.{u_1} 𝕜
                      (@DenselyNormedField.toNormedField.{u_1} 𝕜 (@RCLike.toDenselyNormedField.{u_1} 𝕜 inst✝))))))
              (@Pi.addCommGroup.{u_3, u_1} n (fun x => 𝕜) fun i =>
                @Ring.toAddCommGroup.{u_1} 𝕜
                  (@DivisionRing.toRing.{u_1} 𝕜
                    (@Field.toDivisionRing.{u_1} 𝕜
                      (@NormedField.toField.{u_1} 𝕜
                        (@DenselyNormedField.toNormedField.{u_1} 𝕜 (@RCLike.toDenselyNormedField.{u_1} 𝕜 inst✝))))))
              (@Pi.Function.module.{u_3, u_1, u_1} n 𝕜 𝕜
                (@DivisionSemiring.toSemiring.{u_1} 𝕜
                  (@Semifield.toDivisionSemiring.{u_1} 𝕜
                    (@Field.toSemifield.{u_1} 𝕜
                      (@NormedField.toField.{u_1} 𝕜
                        (@DenselyNormedField.toNormedField.{u_1} 𝕜 (@RCLike.toDenselyNormedField.{u_1} 𝕜 inst✝))))))
                (@Semiring.toAddCommMonoid.{u_1} 𝕜
                  (@Ring.toSemiring.{u_1} 𝕜
                    (@DivisionRing.toRing.{u_1} 𝕜
                      (@Field.toDivisionRing.{u_1} 𝕜
                        (@NormedField.toField.{u_1} 𝕜
                          (@DenselyNormedField.toNormedField.{u_1} 𝕜 (@RCLike.toDenselyNormedField.{u_1} 𝕜 inst✝)))))))
                (@Semiring.toModule.{u_1} 𝕜
                  (@DivisionSemiring.toSemiring.{u_1} 𝕜
                    (@Semifield.toDivisionSemiring.{u_1} 𝕜
                      (@Field.toSemifield.{u_1} 𝕜
                        (@NormedField.toField.{u_1} 𝕜
                          (@DenselyNormedField.toNormedField.{u_1} 𝕜
                            (@RCLike.toDenselyNormedField.{u_1} 𝕜 inst✝)))))))))
            (@WithLp.instModule.{u_1, max u_1 u_3}
              (@OfNat.ofNat.{0} ENNReal (nat_lit 2)
                (@instOfNatAtLeastTwo.{0} ENNReal (nat_lit 2)
                  (@AddMonoidWithOne.toNatCast.{0} ENNReal
                    (@AddCommMonoidWithOne.toAddMonoidWithOne.{0} ENNReal ENNReal.instAddCommMonoidWithOne))
                  PiLp.innerProductSpace._proof_1))
              𝕜 ((i : n) → (fun x => 𝕜) i)
              (@DivisionSemiring.toSemiring.{u_1} 𝕜
                (@Semifield.toDivisionSemiring.{u_1} 𝕜
                  (@Field.toSemifield.{u_1} 𝕜
                    (@NormedField.toField.{u_1} 𝕜
                      (@DenselyNormedField.toNormedField.{u_1} 𝕜 (@RCLike.toDenselyNormedField.{u_1} 𝕜 inst✝))))))
              (@Pi.addCommGroup.{u_3, u_1} n (fun x => 𝕜) fun i =>
                @Ring.toAddCommGroup.{u_1} 𝕜
                  (@DivisionRing.toRing.{u_1} 𝕜
                    (@Field.toDivisionRing.{u_1} 𝕜
                      (@NormedField.toField.{u_1} 𝕜
                        (@DenselyNormedField.toNormedField.{u_1} 𝕜 (@RCLike.toDenselyNormedField.{u_1} 𝕜 inst✝))))))
              (@Pi.Function.module.{u_3, u_1, u_1} n 𝕜 𝕜
                (@DivisionSemiring.toSemiring.{u_1} 𝕜
                  (@Semifield.toDivisionSemiring.{u_1} 𝕜
                    (@Field.toSemifield.{u_1} 𝕜
                      (@NormedField.toField.{u_1} 𝕜
                        (@DenselyNormedField.toNormedField.{u_1} 𝕜 (@RCLike.toDenselyNormedField.{u_1} 𝕜 inst✝))))))
                (@Semiring.toAddCommMonoid.{u_1} 𝕜
                  (@Ring.toSemiring.{u_1} 𝕜
                    (@DivisionRing.toRing.{u_1} 𝕜
                      (@Field.toDivisionRing.{u_1} 𝕜
                        (@NormedField.toField.{u_1} 𝕜
                          (@DenselyNormedField.toNormedField.{u_1} 𝕜 (@RCLike.toDenselyNormedField.{u_1} 𝕜 inst✝)))))))
                (@Semiring.toModule.{u_1} 𝕜
                  (@DivisionSemiring.toSemiring.{u_1} 𝕜
                    (@Semifield.toDivisionSemiring.{u_1} 𝕜
                      (@Field.toSemifield.{u_1} 𝕜
                        (@NormedField.toField.{u_1} 𝕜
                          (@DenselyNormedField.toNormedField.{u_1} 𝕜
                            (@RCLike.toDenselyNormedField.{u_1} 𝕜 inst✝)))))))))
            ⋯)
          (@Matrix.instMulOfFintypeOfAddCommMonoid.{u_1, u_3} n 𝕜 inst✝¹
            (@Distrib.toMul.{u_1} 𝕜
              (@instDistribOfSemiring.{u_1} 𝕜
                (@DivisionSemiring.toSemiring.{u_1} 𝕜
                  (@Semifield.toDivisionSemiring.{u_1} 𝕜
                    (@Field.toSemifield.{u_1} 𝕜
                      (@NormedField.toField.{u_1} 𝕜
                        (@DenselyNormedField.toNormedField.{u_1} 𝕜 (@RCLike.toDenselyNormedField.{u_1} 𝕜 inst✝))))))))
            (@Semiring.toAddCommMonoid.{u_1} 𝕜
              (@DivisionSemiring.toSemiring.{u_1} 𝕜
                (@Semifield.toDivisionSemiring.{u_1} 𝕜
                  (@Field.toSemifield.{u_1} 𝕜
                    (@NormedField.toField.{u_1} 𝕜
                      (@DenselyNormedField.toNormedField.{u_1} 𝕜 (@RCLike.toDenselyNormedField.{u_1} 𝕜 inst✝))))))))
          (@ContinuousLinearMap.instMul.{u_1, max u_1 u_3} 𝕜
            (@DivisionSemiring.toSemiring.{u_1} 𝕜
              (@Semifield.toDivisionSemiring.{u_1} 𝕜
                (@Field.toSemifield.{u_1} 𝕜
                  (@NormedField.toField.{u_1} 𝕜
                    (@DenselyNormedField.toNormedField.{u_1} 𝕜 (@RCLike.toDenselyNormedField.{u_1} 𝕜 inst✝))))))
            (EuclideanSpace.{u_1, u_3} 𝕜 n)
            (@PiLp.topologicalSpace.{u_3, u_1}
              (@OfNat.ofNat.{0} ENNReal (nat_lit 2)
                (@instOfNatAtLeastTwo.{0} ENNReal (nat_lit 2)
                  (@AddMonoidWithOne.toNatCast.{0} ENNReal
                    (@AddCommMonoidWithOne.toAddMonoidWithOne.{0} ENNReal ENNReal.instAddCommMonoidWithOne))
                  PiLp.innerProductSpace._proof_1))
              n (fun x => 𝕜) fun i =>
              @UniformSpace.toTopologicalSpace.{u_1} 𝕜
                (@PseudoMetricSpace.toUniformSpace.{u_1} 𝕜
                  (@SeminormedRing.toPseudoMetricSpace.{u_1} 𝕜
                    (@SeminormedCommRing.toSeminormedRing.{u_1} 𝕜
                      (@NormedCommRing.toSeminormedCommRing.{u_1} 𝕜
                        (@NormedField.toNormedCommRing.{u_1} 𝕜
                          (@DenselyNormedField.toNormedField.{u_1} 𝕜 (@RCLike.toDenselyNormedField.{u_1} 𝕜 inst✝))))))))
            (@AddCommGroup.toAddCommMonoid.{max u_1 u_3} (EuclideanSpace.{u_1, u_3} 𝕜 n)
              (@WithLp.instAddCommGroup.{max u_1 u_3}
                (@OfNat.ofNat.{0} ENNReal (nat_lit 2)
                  (@instOfNatAtLeastTwo.{0} ENNReal (nat_lit 2)
                    (@AddMonoidWithOne.toNatCast.{0} ENNReal
                      (@AddCommMonoidWithOne.toAddMonoidWithOne.{0} ENNReal ENNReal.instAddCommMonoidWithOne))
                    PiLp.innerProductSpace._proof_1))
                ((i : n) → (fun x => 𝕜) i)
                (@Pi.addCommGroup.{u_3, u_1} n (fun x => 𝕜) fun i =>
                  @Ring.toAddCommGroup.{u_1} 𝕜
                    (@DivisionRing.toRing.{u_1} 𝕜
                      (@Field.toDivisionRing.{u_1} 𝕜
                        (@NormedField.toField.{u_1} 𝕜
                          (@DenselyNormedField.toNormedField.{u_1} 𝕜 (@RCLike.toDenselyNormedField.{u_1} 𝕜 inst✝))))))))
            (@WithLp.instModule.{u_1, max u_1 u_3}
              (@OfNat.ofNat.{0} ENNReal (nat_lit 2)
                (@instOfNatAtLeastTwo.{0} ENNReal (nat_lit 2)
                  (@AddMonoidWithOne.toNatCast.{0} ENNReal
                    (@AddCommMonoidWithOne.toAddMonoidWithOne.{0} ENNReal ENNReal.instAddCommMonoidWithOne))
                  PiLp.innerProductSpace._proof_1))
              𝕜 ((i : n) → (fun x => 𝕜) i)
              (@DivisionSemiring.toSemiring.{u_1} 𝕜
                (@Semifield.toDivisionSemiring.{u_1} 𝕜
                  (@Field.toSemifield.{u_1} 𝕜
                    (@NormedField.toField.{u_1} 𝕜
                      (@DenselyNormedField.toNormedField.{u_1} 𝕜 (@RCLike.toDenselyNormedField.{u_1} 𝕜 inst✝))))))
              (@Pi.addCommGroup.{u_3, u_1} n (fun x => 𝕜) fun i =>
                @Ring.toAddCommGroup.{u_1} 𝕜
                  (@DivisionRing.toRing.{u_1} 𝕜
                    (@Field.toDivisionRing.{u_1} 𝕜
                      (@NormedField.toField.{u_1} 𝕜
                        (@DenselyNormedField.toNormedField.{u_1} 𝕜 (@RCLike.toDenselyNormedField.{u_1} 𝕜 inst✝))))))
              (@Pi.Function.module.{u_3, u_1, u_1} n 𝕜 𝕜
                (@DivisionSemiring.toSemiring.{u_1} 𝕜
                  (@Semifield.toDivisionSemiring.{u_1} 𝕜
                    (@Field.toSemifield.{u_1} 𝕜
                      (@NormedField.toField.{u_1} 𝕜
                        (@DenselyNormedField.toNormedField.{u_1} 𝕜 (@RCLike.toDenselyNormedField.{u_1} 𝕜 inst✝))))))
                (@Semiring.toAddCommMonoid.{u_1} 𝕜
                  (@Ring.toSemiring.{u_1} 𝕜
                    (@DivisionRing.toRing.{u_1} 𝕜
                      (@Field.toDivisionRing.{u_1} 𝕜
                        (@NormedField.toField.{u_1} 𝕜
                          (@DenselyNormedField.toNormedField.{u_1} 𝕜 (@RCLike.toDenselyNormedField.{u_1} 𝕜 inst✝)))))))
                (@Semiring.toModule.{u_1} 𝕜
                  (@DivisionSemiring.toSemiring.{u_1} 𝕜
                    (@Semifield.toDivisionSemiring.{u_1} 𝕜
                      (@Field.toSemifield.{u_1} 𝕜
                        (@NormedField.toField.{u_1} 𝕜
                          (@DenselyNormedField.toNormedField.{u_1} 𝕜
                            (@RCLike.toDenselyNormedField.{u_1} 𝕜 inst✝))))))))))
          (@Matrix.smul.{u_1, u_3, u_3, u_1} n n 𝕜 𝕜
            (@instSMulOfMul.{u_1} 𝕜
              (@Distrib.toMul.{u_1} 𝕜
                (@instDistribOfSemiring.{u_1} 𝕜
                  (@DivisionSemiring.toSemiring.{u_1} 𝕜
                    (@Semifield.toDivisionSemiring.{u_1} 𝕜
                      (@Field.toSemifield.{u_1} 𝕜
                        (@NormedField.toField.{u_1} 𝕜
                          (@DenselyNormedField.toNormedField.{u_1} 𝕜
                            (@RCLike.toDenselyNormedField.{u_1} 𝕜 inst✝))))))))))
          (@ContinuousLinearMap.instSMul.{u_1, u_1, max u_1 u_3, max u_1 u_3, u_1} 𝕜 𝕜
            (@DivisionSemiring.toSemiring.{u_1} 𝕜
              (@Semifield.toDivisionSemiring.{u_1} 𝕜
                (@Field.toSemifield.{u_1} 𝕜
                  (@NormedField.toField.{u_1} 𝕜
                    (@DenselyNormedField.toNormedField.{u_1} 𝕜 (@RCLike.toDenselyNormedField.{u_1} 𝕜 inst✝))))))
            (@DivisionSemiring.toSemiring.{u_1} 𝕜
              (@Semifield.toDivisionSemiring.{u_1} 𝕜
                (@Field.toSemifield.{u_1} 𝕜
                  (@NormedField.toField.{u_1} 𝕜
                    (@DenselyNormedField.toNormedField.{u_1} 𝕜 (@RCLike.toDenselyNormedField.{u_1} 𝕜 inst✝))))))
            (@RingHom.id.{u_1} 𝕜
              (@Semiring.toNonAssocSemiring.{u_1} 𝕜
                (@DivisionSemiring.toSemiring.{u_1} 𝕜
                  (@Semifield.toDivisionSemiring.{u_1} 𝕜
                    (@Field.toSemifield.{u_1} 𝕜
                      (@NormedField.toField.{u_1} 𝕜
                        (@DenselyNormedField.toNormedField.{u_1} 𝕜 (@RCLike.toDenselyNormedField.{u_1} 𝕜 inst✝))))))))
            (EuclideanSpace.{u_1, u_3} 𝕜 n)
            (@PiLp.topologicalSpace.{u_3, u_1}
              (@OfNat.ofNat.{0} ENNReal (nat_lit 2)
                (@instOfNatAtLeastTwo.{0} ENNReal (nat_lit 2)
                  (@AddMonoidWithOne.toNatCast.{0} ENNReal
                    (@AddCommMonoidWithOne.toAddMonoidWithOne.{0} ENNReal ENNReal.instAddCommMonoidWithOne))
                  PiLp.innerProductSpace._proof_1))
              n (fun x => 𝕜) fun i =>
              @UniformSpace.toTopologicalSpace.{u_1} 𝕜
                (@PseudoMetricSpace.toUniformSpace.{u_1} 𝕜
                  (@SeminormedRing.toPseudoMetricSpace.{u_1} 𝕜
                    (@SeminormedCommRing.toSeminormedRing.{u_1} 𝕜
                      (@NormedCommRing.toSeminormedCommRing.{u_1} 𝕜
                        (@NormedField.toNormedCommRing.{u_1} 𝕜
                          (@DenselyNormedField.toNormedField.{u_1} 𝕜 (@RCLike.toDenselyNormedField.{u_1} 𝕜 inst✝))))))))
            (@AddCommGroup.toAddCommMonoid.{max u_1 u_3} (EuclideanSpace.{u_1, u_3} 𝕜 n)
              (@WithLp.instAddCommGroup.{max u_1 u_3}
                (@OfNat.ofNat.{0} ENNReal (nat_lit 2)
                  (@instOfNatAtLeastTwo.{0} ENNReal (nat_lit 2)
                    (@AddMonoidWithOne.toNatCast.{0} ENNReal
                      (@AddCommMonoidWithOne.toAddMonoidWithOne.{0} ENNReal ENNReal.instAddCommMonoidWithOne))
                    PiLp.innerProductSpace._proof_1))
                ((i : n) → (fun x => 𝕜) i)
                (@Pi.addCommGroup.{u_3, u_1} n (fun x => 𝕜) fun i =>
                  @Ring.toAddCommGroup.{u_1} 𝕜
                    (@DivisionRing.toRing.{u_1} 𝕜
                      (@Field.toDivisionRing.{u_1} 𝕜
                        (@NormedField.toField.{u_1} 𝕜
                          (@DenselyNormedField.toNormedField.{u_1} 𝕜 (@RCLike.toDenselyNormedField.{u_1} 𝕜 inst✝))))))))
            (EuclideanSpace.{u_1, u_3} 𝕜 n)
            (@PiLp.topologicalSpace.{u_3, u_1}
              (@OfNat.ofNat.{0} ENNReal (nat_lit 2)
                (@instOfNatAtLeastTwo.{0} ENNReal (nat_lit 2)
                  (@AddMonoidWithOne.toNatCast.{0} ENNReal
                    (@AddCommMonoidWithOne.toAddMonoidWithOne.{0} ENNReal ENNReal.instAddCommMonoidWithOne))
                  PiLp.innerProductSpace._proof_1))
              n (fun x => 𝕜) fun i =>
              @UniformSpace.toTopologicalSpace.{u_1} 𝕜
                (@PseudoMetricSpace.toUniformSpace.{u_1} 𝕜
                  (@SeminormedRing.toPseudoMetricSpace.{u_1} 𝕜
                    (@SeminormedCommRing.toSeminormedRing.{u_1} 𝕜
                      (@NormedCommRing.toSeminormedCommRing.{u_1} 𝕜
                        (@NormedField.toNormedCommRing.{u_1} 𝕜
                          (@DenselyNormedField.toNormedField.{u_1} 𝕜 (@RCLike.toDenselyNormedField.{u_1} 𝕜 inst✝))))))))
            (@AddCommGroup.toAddCommMonoid.{max u_1 u_3} (EuclideanSpace.{u_1, u_3} 𝕜 n)
              (@WithLp.instAddCommGroup.{max u_1 u_3}
                (@OfNat.ofNat.{0} ENNReal (nat_lit 2)
                  (@instOfNatAtLeastTwo.{0} ENNReal (nat_lit 2)
                    (@AddMonoidWithOne.toNatCast.{0} ENNReal
                      (@AddCommMonoidWithOne.toAddMonoidWithOne.{0} ENNReal ENNReal.instAddCommMonoidWithOne))
                    PiLp.innerProductSpace._proof_1))
                ((i : n) → (fun x => 𝕜) i)
                (@Pi.addCommGroup.{u_3, u_1} n (fun x => 𝕜) fun i =>
                  @Ring.toAddCommGroup.{u_1} 𝕜
                    (@DivisionRing.toRing.{u_1} 𝕜
                      (@Field.toDivisionRing.{u_1} 𝕜
                        (@NormedField.toField.{u_1} 𝕜
                          (@DenselyNormedField.toNormedField.{u_1} 𝕜 (@RCLike.toDenselyNormedField.{u_1} 𝕜 inst✝))))))))
            (@WithLp.instModule.{u_1, max u_1 u_3}
              (@OfNat.ofNat.{0} ENNReal (nat_lit 2)
                (@instOfNatAtLeastTwo.{0} ENNReal (nat_lit 2)
                  (@AddMonoidWithOne.toNatCast.{0} ENNReal
                    (@AddCommMonoidWithOne.toAddMonoidWithOne.{0} ENNReal ENNReal.instAddCommMonoidWithOne))
                  PiLp.innerProductSpace._proof_1))
              𝕜 ((i : n) → (fun x => 𝕜) i)
              (@DivisionSemiring.toSemiring.{u_1} 𝕜
                (@Semifield.toDivisionSemiring.{u_1} 𝕜
                  (@Field.toSemifield.{u_1} 𝕜
                    (@NormedField.toField.{u_1} 𝕜
                      (@DenselyNormedField.toNormedField.{u_1} 𝕜 (@RCLike.toDenselyNormedField.{u_1} 𝕜 inst✝))))))
              (@Pi.addCommGroup.{u_3, u_1} n (fun x => 𝕜) fun i =>
                @Ring.toAddCommGroup.{u_1} 𝕜
                  (@DivisionRing.toRing.{u_1} 𝕜
                    (@Field.toDivisionRing.{u_1} 𝕜
                      (@NormedField.toField.{u_1} 𝕜
                        (@DenselyNormedField.toNormedField.{u_1} 𝕜 (@RCLike.toDenselyNormedField.{u_1} 𝕜 inst✝))))))
              (@Pi.Function.module.{u_3, u_1, u_1} n 𝕜 𝕜
                (@DivisionSemiring.toSemiring.{u_1} 𝕜
                  (@Semifield.toDivisionSemiring.{u_1} 𝕜
                    (@Field.toSemifield.{u_1} 𝕜
                      (@NormedField.toField.{u_1} 𝕜
                        (@DenselyNormedField.toNormedField.{u_1} 𝕜 (@RCLike.toDenselyNormedField.{u_1} 𝕜 inst✝))))))
                (@Semiring.toAddCommMonoid.{u_1} 𝕜
                  (@Ring.toSemiring.{u_1} 𝕜
                    (@DivisionRing.toRing.{u_1} 𝕜
                      (@Field.toDivisionRing.{u_1} 𝕜
                        (@NormedField.toField.{u_1} 𝕜
                          (@DenselyNormedField.toNormedField.{u_1} 𝕜 (@RCLike.toDenselyNormedField.{u_1} 𝕜 inst✝)))))))
                (@Semiring.toModule.{u_1} 𝕜
                  (@DivisionSemiring.toSemiring.{u_1} 𝕜
                    (@Semifield.toDivisionSemiring.{u_1} 𝕜
                      (@Field.toSemifield.{u_1} 𝕜
                        (@NormedField.toField.{u_1} 𝕜
                          (@DenselyNormedField.toNormedField.{u_1} 𝕜
                            (@RCLike.toDenselyNormedField.{u_1} 𝕜 inst✝)))))))))
            (@WithLp.instModule.{u_1, max u_1 u_3}
              (@OfNat.ofNat.{0} ENNReal (nat_lit 2)
                (@instOfNatAtLeastTwo.{0} ENNReal (nat_lit 2)
                  (@AddMonoidWithOne.toNatCast.{0} ENNReal
                    (@AddCommMonoidWithOne.toAddMonoidWithOne.{0} ENNReal ENNReal.instAddCommMonoidWithOne))
                  PiLp.innerProductSpace._proof_1))
              𝕜 ((i : n) → (fun x => 𝕜) i)
              (@DivisionSemiring.toSemiring.{u_1} 𝕜
                (@Semifield.toDivisionSemiring.{u_1} 𝕜
                  (@Field.toSemifield.{u_1} 𝕜
                    (@NormedField.toField.{u_1} 𝕜
                      (@DenselyNormedField.toNormedField.{u_1} 𝕜 (@RCLike.toDenselyNormedField.{u_1} 𝕜 inst✝))))))
              (@Pi.addCommGroup.{u_3, u_1} n (fun x => 𝕜) fun i =>
                @Ring.toAddCommGroup.{u_1} 𝕜
                  (@DivisionRing.toRing.{u_1} 𝕜
                    (@Field.toDivisionRing.{u_1} 𝕜
                      (@NormedField.toField.{u_1} 𝕜
                        (@DenselyNormedField.toNormedField.{u_1} 𝕜 (@RCLike.toDenselyNormedField.{u_1} 𝕜 inst✝))))))
              (@Pi.Function.module.{u_3, u_1, u_1} n 𝕜 𝕜
                (@DivisionSemiring.toSemiring.{u_1} 𝕜
                  (@Semifield.toDivisionSemiring.{u_1} 𝕜
                    (@Field.toSemifield.{u_1} 𝕜
                      (@NormedField.toField.{u_1} 𝕜
                        (@DenselyNormedField.toNormedField.{u_1} 𝕜 (@RCLike.toDenselyNormedField.{u_1} 𝕜 inst✝))))))
                (@Semiring.toAddCommMonoid.{u_1} 𝕜
                  (@Ring.toSemiring.{u_1} 𝕜
                    (@DivisionRing.toRing.{u_1} 𝕜
                      (@Field.toDivisionRing.{u_1} 𝕜
                        (@NormedField.toField.{u_1} 𝕜
                          (@DenselyNormedField.toNormedField.{u_1} 𝕜 (@RCLike.toDenselyNormedField.{u_1} 𝕜 inst✝)))))))
                (@Semiring.toModule.{u_1} 𝕜
                  (@DivisionSemiring.toSemiring.{u_1} 𝕜
                    (@Semifield.toDivisionSemiring.{u_1} 𝕜
                      (@Field.toSemifield.{u_1} 𝕜
                        (@NormedField.toField.{u_1} 𝕜
                          (@DenselyNormedField.toNormedField.{u_1} 𝕜
                            (@RCLike.toDenselyNormedField.{u_1} 𝕜 inst✝)))))))))
            𝕜
            (@DistribMulAction.toDistribSMul.{u_1, max u_1 u_3} 𝕜 (EuclideanSpace.{u_1, u_3} 𝕜 n)
              (@Semiring.toMonoid.{u_1} 𝕜
                (@DivisionSemiring.toSemiring.{u_1} 𝕜
                  (@Semifield.toDivisionSemiring.{u_1} 𝕜
                    (@Field.toSemifield.{u_1} 𝕜
                      (@NormedField.toField.{u_1} 𝕜
                        (@DenselyNormedField.toNormedField.{u_1} 𝕜 (@RCLike.toDenselyNormedField.{u_1} 𝕜 inst✝)))))))
              (@SubNegMonoid.toAddMonoid.{max u_1 u_3} (EuclideanSpace.{u_1, u_3} 𝕜 n)
                (@AddGroup.toSubNegMonoid.{max u_1 u_3} (EuclideanSpace.{u_1, u_3} 𝕜 n)
                  (@AddCommGroup.toAddGroup.{max u_1 u_3} (EuclideanSpace.{u_1, u_3} 𝕜 n)
                    (@WithLp.instAddCommGroup.{max u_1 u_3}
                      (@OfNat.ofNat.{0} ENNReal (nat_lit 2)
                        (@instOfNatAtLeastTwo.{0} ENNReal (nat_lit 2)
                          (@AddMonoidWithOne.toNatCast.{0} ENNReal
                            (@AddCommMonoidWithOne.toAddMonoidWithOne.{0} ENNReal ENNReal.instAddCommMonoidWithOne))
                          PiLp.innerProductSpace._proof_1))
                      ((i : n) → (fun x => 𝕜) i)
                      (@Pi.addCommGroup.{u_3, u_1} n (fun x => 𝕜) fun i =>
                        @Ring.toAddCommGroup.{u_1} 𝕜
                          (@DivisionRing.toRing.{u_1} 𝕜
                            (@Field.toDivisionRing.{u_1} 𝕜
                              (@NormedField.toField.{u_1} 𝕜
                                (@DenselyNormedField.toNormedField.{u_1} 𝕜
                                  (@RCLike.toDenselyNormedField.{u_1} 𝕜 inst✝))))))))))
              (@WithLp.instDistribMulAction.{u_1, max u_1 u_3}
                (@OfNat.ofNat.{0} ENNReal (nat_lit 2)
                  (@instOfNatAtLeastTwo.{0} ENNReal (nat_lit 2)
                    (@AddMonoidWithOne.toNatCast.{0} ENNReal
                      (@AddCommMonoidWithOne.toAddMonoidWithOne.{0} ENNReal ENNReal.instAddCommMonoidWithOne))
                    PiLp.innerProductSpace._proof_1))
                𝕜 ((i : n) → (fun x => 𝕜) i)
                (@Semiring.toMonoid.{u_1} 𝕜
                  (@DivisionSemiring.toSemiring.{u_1} 𝕜
                    (@Semifield.toDivisionSemiring.{u_1} 𝕜
                      (@Field.toSemifield.{u_1} 𝕜
                        (@NormedField.toField.{u_1} 𝕜
                          (@DenselyNormedField.toNormedField.{u_1} 𝕜 (@RCLike.toDenselyNormedField.{u_1} 𝕜 inst✝)))))))
                (@Pi.addCommGroup.{u_3, u_1} n (fun x => 𝕜) fun i =>
                  @Ring.toAddCommGroup.{u_1} 𝕜
                    (@DivisionRing.toRing.{u_1} 𝕜
                      (@Field.toDivisionRing.{u_1} 𝕜
                        (@NormedField.toField.{u_1} 𝕜
                          (@DenselyNormedField.toNormedField.{u_1} 𝕜 (@RCLike.toDenselyNormedField.{u_1} 𝕜 inst✝))))))
                (@Pi.distribMulAction.{u_3, u_1, u_1} n (fun x => 𝕜) 𝕜
                  (@Semiring.toMonoid.{u_1} 𝕜
                    (@DivisionSemiring.toSemiring.{u_1} 𝕜
                      (@Semifield.toDivisionSemiring.{u_1} 𝕜
                        (@Field.toSemifield.{u_1} 𝕜
                          (@NormedField.toField.{u_1} 𝕜
                            (@DenselyNormedField.toNormedField.{u_1} 𝕜
                              (@RCLike.toDenselyNormedField.{u_1} 𝕜 inst✝)))))))
                  (fun i =>
                    @SubNegMonoid.toAddMonoid.{u_1} ((fun x => 𝕜) i)
                      ((fun i =>
                          @AddGroup.toSubNegMonoid.{u_1} ((fun x => 𝕜) i)
                            ((fun i =>
                                @AddCommGroup.toAddGroup.{u_1} ((fun x => 𝕜) i)
                                  ((fun i =>
                                      @Ring.toAddCommGroup.{u_1} 𝕜
                                        (@DivisionRing.toRing.{u_1} 𝕜
                                          (@Field.toDivisionRing.{u_1} 𝕜
                                            (@NormedField.toField.{u_1} 𝕜
                                              (@DenselyNormedField.toNormedField.{u_1} 𝕜
                                                (@RCLike.toDenselyNormedField.{u_1} 𝕜 inst✝))))))
                                    i))
                              i))
                        i))
                  fun i =>
                  @Module.toDistribMulAction.{u_1, u_1} 𝕜 𝕜
                    (@DivisionSemiring.toSemiring.{u_1} 𝕜
                      (@Semifield.toDivisionSemiring.{u_1} 𝕜
                        (@Field.toSemifield.{u_1} 𝕜
                          (@NormedField.toField.{u_1} 𝕜
                            (@DenselyNormedField.toNormedField.{u_1} 𝕜 (@RCLike.toDenselyNormedField.{u_1} 𝕜 inst✝))))))
                    (@Semiring.toAddCommMonoid.{u_1} 𝕜
                      (@DivisionSemiring.toSemiring.{u_1} 𝕜
                        (@Semifield.toDivisionSemiring.{u_1} 𝕜
                          (@Field.toSemifield.{u_1} 𝕜
                            (@NormedField.toField.{u_1} 𝕜
                              (@DenselyNormedField.toNormedField.{u_1} 𝕜
                                (@RCLike.toDenselyNormedField.{u_1} 𝕜 inst✝)))))))
                    (@Semiring.toModule.{u_1} 𝕜
                      (@DivisionSemiring.toSemiring.{u_1} 𝕜
                        (@Semifield.toDivisionSemiring.{u_1} 𝕜
                          (@Field.toSemifield.{u_1} 𝕜
                            (@NormedField.toField.{u_1} 𝕜
                              (@DenselyNormedField.toNormedField.{u_1} 𝕜
                                (@RCLike.toDenselyNormedField.{u_1} 𝕜 inst✝))))))))))
            ⋯ ⋯)
          (@Matrix.instStar.{u_1, u_3} n 𝕜
            (@InvolutiveStar.toStar.{u_1} 𝕜
              (@StarAddMonoid.toInvolutiveStar.{u_1} 𝕜
                (@AddCommMonoid.toAddMonoid.{u_1} 𝕜
                  (@NonUnitalNonAssocSemiring.toAddCommMonoid.{u_1} 𝕜
                    (@NonUnitalNonAssocRing.toNonUnitalNonAssocSemiring.{u_1} 𝕜
                      (@NonUnitalNonAssocCommRing.toNonUnitalNonAssocRing.{u_1} 𝕜
                        (@NonUnitalCommRing.toNonUnitalNonAssocCommRing.{u_1} 𝕜
                          (@CommRing.toNonUnitalCommRing.{u_1} 𝕜
                            (@Field.toCommRing.{u_1} 𝕜
                              (@NormedField.toField.{u_1} 𝕜
                                (@DenselyNormedField.toNormedField.{u_1} 𝕜
                                  (@RCLike.toDenselyNormedField.{u_1} 𝕜 inst✝))))))))))
                (@StarRing.toStarAddMonoid.{u_1} 𝕜
                  (@NonUnitalNonAssocRing.toNonUnitalNonAssocSemiring.{u_1} 𝕜
                    (@NonUnitalNonAssocCommRing.toNonUnitalNonAssocRing.{u_1} 𝕜
                      (@NonUnitalCommRing.toNonUnitalNonAssocCommRing.{u_1} 𝕜
                        (@CommRing.toNonUnitalCommRing.{u_1} 𝕜
                          (@Field.toCommRing.{u_1} 𝕜
                            (@NormedField.toField.{u_1} 𝕜
                              (@DenselyNormedField.toNormedField.{u_1} 𝕜
                                (@RCLike.toDenselyNormedField.{u_1} 𝕜 inst✝))))))))
                  (@RCLike.toStarRing.{u_1} 𝕜 inst✝)))))
          (@ContinuousLinearMap.instStarId.{u_1, max u_1 u_3} 𝕜 (EuclideanSpace.{u_1, u_3} 𝕜 n) inst✝
            (@PiLp.normedAddCommGroup.{u_3, u_1}
              (@OfNat.ofNat.{0} ENNReal (nat_lit 2)
                (@instOfNatAtLeastTwo.{0} ENNReal (nat_lit 2)
                  (@AddMonoidWithOne.toNatCast.{0} ENNReal
                    (@AddCommMonoidWithOne.toAddMonoidWithOne.{0} ENNReal ENNReal.instAddCommMonoidWithOne))
                  PiLp.innerProductSpace._proof_1))
              n (fun x => 𝕜) fact_one_le_two_ennreal inst✝¹ fun i =>
              @NonUnitalNormedRing.toNormedAddCommGroup.{u_1} 𝕜
                (@NonUnitalNormedCommRing.toNonUnitalNormedRing.{u_1} 𝕜
                  (@NormedCommRing.toNonUnitalNormedCommRing.{u_1} 𝕜
                    (@NormedField.toNormedCommRing.{u_1} 𝕜
                      (@DenselyNormedField.toNormedField.{u_1} 𝕜 (@RCLike.toDenselyNormedField.{u_1} 𝕜 inst✝))))))
            (@PiLp.innerProductSpace.{u_1, u_3, u_1} 𝕜 inst✝ n inst✝¹ (fun x => 𝕜)
              (fun i =>
                @NonUnitalNormedRing.toNormedAddCommGroup.{u_1} 𝕜
                  (@NonUnitalNormedCommRing.toNonUnitalNormedRing.{u_1} 𝕜
                    (@NormedCommRing.toNonUnitalNormedCommRing.{u_1} 𝕜
                      (@NormedField.toNormedCommRing.{u_1} 𝕜
                        (@DenselyNormedField.toNormedField.{u_1} 𝕜 (@RCLike.toDenselyNormedField.{u_1} 𝕜 inst✝))))))
              fun i => @RCLike.innerProductSpace.{u_1} 𝕜 inst✝)
            ⋯))
        (@Matrix.toEuclideanCLM.{u_1, u_3} 𝕜 n inst✝ inst✝¹ inst✝²) A)
      (@WithLp.toLp.{max u_1 u_3}
        (@OfNat.ofNat.{0} ENNReal (nat_lit 2)
          (@instOfNatAtLeastTwo.{0} ENNReal (nat_lit 2)
            (@AddMonoidWithOne.toNatCast.{0} ENNReal
              (@AddCommMonoidWithOne.toAddMonoidWithOne.{0} ENNReal ENNReal.instAddCommMonoidWithOne))
            PiLp.innerProductSpace._proof_1))
        ((i : n) → (fun x => 𝕜) i) x))
    (@WithLp.toLp.{max u_3 u_1}
      (@OfNat.ofNat.{0} ENNReal (nat_lit 2)
        (@instOfNatAtLeastTwo.{0} ENNReal (nat_lit 2)
          (@AddMonoidWithOne.toNatCast.{0} ENNReal
            (@AddCommMonoidWithOne.toAddMonoidWithOne.{0} ENNReal ENNReal.instAddCommMonoidWithOne))
          PiLp.innerProductSpace._proof_1))
      (n → 𝕜)
      (@Matrix.mulVec.{u_1, u_3, u_3} n n 𝕜
        (@NonUnitalNonAssocRing.toNonUnitalNonAssocSemiring.{u_1} 𝕜
          (@NonUnitalNonAssocCommRing.toNonUnitalNonAssocRing.{u_1} 𝕜
            (@NonUnitalCommRing.toNonUnitalNonAssocCommRing.{u_1} 𝕜
              (@CommRing.toNonUnitalCommRing.{u_1} 𝕜
                (@Field.toCommRing.{u_1} 𝕜
                  (@NormedField.toField.{u_1} 𝕜
                    (@DenselyNormedField.toNormedField.{u_1} 𝕜 (@RCLike.toDenselyNormedField.{u_1} 𝕜 inst✝))))))))
        inst✝¹ A x))
EuclideanSpace.norm_sq_eq.{u_7, u_8} {𝕜 : Type u_7} [RCLike.{u_7} 𝕜] {n : Type u_8} [Fintype.{u_8} n]
  (x : EuclideanSpace.{u_7, u_8} 𝕜 n) :
  @Eq.{1} Real
    (@HPow.hPow.{0, 0, 0} Real Nat Real
      (@instHPow.{0, 0} Real Nat (@NPow.toPow.{0} Real (@Monoid.toNPow.{0} Real Real.instMonoid)))
      (@norm.{max u_7 u_8} (EuclideanSpace.{u_7, u_8} 𝕜 n)
        (@PiLp.instNorm.{u_8, u_7}
          (@OfNat.ofNat.{0} ENNReal (nat_lit 2)
            (@instOfNatAtLeastTwo.{0} ENNReal (nat_lit 2)
              (@AddMonoidWithOne.toNatCast.{0} ENNReal
                (@AddCommMonoidWithOne.toAddMonoidWithOne.{0} ENNReal ENNReal.instAddCommMonoidWithOne))
              PiLp.innerProductSpace._proof_1))
          n (fun x => 𝕜) inst✝ fun i =>
          @NormedField.toNorm.{u_7} 𝕜
            (@DenselyNormedField.toNormedField.{u_7} 𝕜 (@RCLike.toDenselyNormedField.{u_7} 𝕜 inst✝¹)))
        x)
      (@OfNat.ofNat.{0} Nat (nat_lit 2) (instOfNatNat (nat_lit 2))))
    (∑ i,
      @HPow.hPow.{0, 0, 0} Real Nat Real
        (@instHPow.{0, 0} Real Nat (@NPow.toPow.{0} Real (@Monoid.toNPow.{0} Real Real.instMonoid)))
        (@norm.{u_7} ((fun x => 𝕜) i)
          (@NormedField.toNorm.{u_7} ((fun x => 𝕜) i)
            (@DenselyNormedField.toNormedField.{u_7} ((fun x => 𝕜) i)
              (@RCLike.toDenselyNormedField.{u_7} ((fun x => 𝕜) i) inst✝¹)))
          (@WithLp.ofLp.{max u_8 u_7}
            (@OfNat.ofNat.{0} ENNReal (nat_lit 2)
              (@instOfNatAtLeastTwo.{0} ENNReal (nat_lit 2)
                (@AddMonoidWithOne.toNatCast.{0} ENNReal
                  (@AddCommMonoidWithOne.toAddMonoidWithOne.{0} ENNReal ENNReal.instAddCommMonoidWithOne))
                PiLp.innerProductSpace._proof_1))
            ((i : n) → (fun x => 𝕜) i) x i))
        (@OfNat.ofNat.{0} Nat (nat_lit 2) (instOfNatNat (nat_lit 2))))
InnerProductSpace.norm_rankOne.{u_4, u_5, u_6} {𝕜 : Type u_4} {E : Type u_5} {F : Type u_6} [RCLike.{u_4} 𝕜]
  [SeminormedAddCommGroup.{u_5} E]
  [@NormedSpace.{u_4, u_5} 𝕜 E (@DenselyNormedField.toNormedField.{u_4} 𝕜 (@RCLike.toDenselyNormedField.{u_4} 𝕜 inst✝))
      inst✝¹]
  [SeminormedAddCommGroup.{u_6} F] [@InnerProductSpace.{u_4, u_6} 𝕜 F inst✝ inst✝²] (x : E) (y : F) :
  @Eq.{1} Real
    (@norm.{max u_5 u_6}
      (@ContinuousLinearMap.{u_4, u_4, u_6, u_5} 𝕜 𝕜
        (@DivisionSemiring.toSemiring.{u_4} 𝕜
          (@Semifield.toDivisionSemiring.{u_4} 𝕜
            (@Field.toSemifield.{u_4} 𝕜
              (@NormedField.toField.{u_4} 𝕜
                (@DenselyNormedField.toNormedField.{u_4} 𝕜 (@RCLike.toDenselyNormedField.{u_4} 𝕜 inst✝))))))
        (@DivisionSemiring.toSemiring.{u_4} 𝕜
          (@Semifield.toDivisionSemiring.{u_4} 𝕜
            (@Field.toSemifield.{u_4} 𝕜
              (@NormedField.toField.{u_4} 𝕜
                (@DenselyNormedField.toNormedField.{u_4} 𝕜 (@RCLike.toDenselyNormedField.{u_4} 𝕜 inst✝))))))
        (@RingHom.id.{u_4} 𝕜
          (@Semiring.toNonAssocSemiring.{u_4} 𝕜
            (@DivisionSemiring.toSemiring.{u_4} 𝕜
              (@Semifield.toDivisionSemiring.{u_4} 𝕜
                (@Field.toSemifield.{u_4} 𝕜
                  (@NormedField.toField.{u_4} 𝕜
                    (@DenselyNormedField.toNormedField.{u_4} 𝕜 (@RCLike.toDenselyNormedField.{u_4} 𝕜 inst✝))))))))
        F
        (@UniformSpace.toTopologicalSpace.{u_6} F
          (@PseudoMetricSpace.toUniformSpace.{u_6} F (@SeminormedAddCommGroup.toPseudoMetricSpace.{u_6} F inst✝²)))
        (@AddCommGroup.toAddCommMonoid.{u_6} F (@SeminormedAddCommGroup.toAddCommGroup.{u_6} F inst✝²)) E
        (@UniformSpace.toTopologicalSpace.{u_5} E
          (@PseudoMetricSpace.toUniformSpace.{u_5} E (@SeminormedAddCommGroup.toPseudoMetricSpace.{u_5} E inst✝¹)))
        (@AddCommGroup.toAddCommMonoid.{u_5} E (@SeminormedAddCommGroup.toAddCommGroup.{u_5} E inst✝¹))
        (@NormedSpace.toModule.{u_4, u_6} 𝕜 F
          (@DenselyNormedField.toNormedField.{u_4} 𝕜 (@RCLike.toDenselyNormedField.{u_4} 𝕜 inst✝)) inst✝²
          (@InnerProductSpace.toNormedSpace.{u_4, u_6} 𝕜 F inst✝ inst✝² inst✝³))
        (@NormedSpace.toModule.{u_4, u_5} 𝕜 E
          (@DenselyNormedField.toNormedField.{u_4} 𝕜 (@RCLike.toDenselyNormedField.{u_4} 𝕜 inst✝)) inst✝¹ inst✝⁴))
      (@ContinuousLinearMap.hasOpNorm.{u_4, u_4, u_6, u_5} 𝕜 𝕜 F E inst✝² inst✝¹
        (@DenselyNormedField.toNontriviallyNormedField.{u_4} 𝕜 (@RCLike.toDenselyNormedField.{u_4} 𝕜 inst✝))
        (@DenselyNormedField.toNontriviallyNormedField.{u_4} 𝕜 (@RCLike.toDenselyNormedField.{u_4} 𝕜 inst✝))
        (@InnerProductSpace.toNormedSpace.{u_4, u_6} 𝕜 F inst✝ inst✝² inst✝³) inst✝⁴
        (@RingHom.id.{u_4} 𝕜
          (@Semiring.toNonAssocSemiring.{u_4} 𝕜
            (@DivisionSemiring.toSemiring.{u_4} 𝕜
              (@Semifield.toDivisionSemiring.{u_4} 𝕜
                (@Field.toSemifield.{u_4} 𝕜
                  (@NormedField.toField.{u_4} 𝕜
                    (@DenselyNormedField.toNormedField.{u_4} 𝕜 (@RCLike.toDenselyNormedField.{u_4} 𝕜 inst✝)))))))))
      (@DFunLike.coe.{max (u_5 + 1) (u_6 + 1), u_6 + 1, max (u_5 + 1) (u_6 + 1)}
        (@ContinuousLinearMap.{u_4, u_4, u_6, max u_5 u_6} 𝕜 𝕜
          (@DivisionSemiring.toSemiring.{u_4} 𝕜
            (@Semifield.toDivisionSemiring.{u_4} 𝕜
              (@Field.toSemifield.{u_4} 𝕜
                (@NormedField.toField.{u_4} 𝕜
                  (@DenselyNormedField.toNormedField.{u_4} 𝕜 (@RCLike.toDenselyNormedField.{u_4} 𝕜 inst✝))))))
          (@DivisionSemiring.toSemiring.{u_4} 𝕜
            (@Semifield.toDivisionSemiring.{u_4} 𝕜
              (@Field.toSemifield.{u_4} 𝕜
                (@NormedField.toField.{u_4} 𝕜
                  (@DenselyNormedField.toNormedField.{u_4} 𝕜 (@RCLike.toDenselyNormedField.{u_4} 𝕜 inst✝))))))
          (@starRingEnd.{u_4} 𝕜
            (@Semifield.toCommSemiring.{u_4} 𝕜
              (@Field.toSemifield.{u_4} 𝕜
                (@NormedField.toField.{u_4} 𝕜
                  (@DenselyNormedField.toNormedField.{u_4} 𝕜 (@RCLike.toDenselyNormedField.{u_4} 𝕜 inst✝)))))
            (@RCLike.toStarRing.{u_4} 𝕜 inst✝))
          F
          (@UniformSpace.toTopologicalSpace.{u_6} F
            (@PseudoMetricSpace.toUniformSpace.{u_6} F (@SeminormedAddCommGroup.toPseudoMetricSpace.{u_6} F inst✝²)))
          (@AddCommGroup.toAddCommMonoid.{u_6} F (@SeminormedAddCommGroup.toAddCommGroup.{u_6} F inst✝²))
          (@ContinuousLinearMap.{u_4, u_4, u_6, u_5} 𝕜 𝕜
            (@DivisionSemiring.toSemiring.{u_4} 𝕜
              (@Semifield.toDivisionSemiring.{u_4} 𝕜
                (@Field.toSemifield.{u_4} 𝕜
                  (@NormedField.toField.{u_4} 𝕜
                    (@DenselyNormedField.toNormedField.{u_4} 𝕜 (@RCLike.toDenselyNormedField.{u_4} 𝕜 inst✝))))))
            (@DivisionSemiring.toSemiring.{u_4} 𝕜
              (@Semifield.toDivisionSemiring.{u_4} 𝕜
                (@Field.toSemifield.{u_4} 𝕜
                  (@NormedField.toField.{u_4} 𝕜
                    (@DenselyNormedField.toNormedField.{u_4} 𝕜 (@RCLike.toDenselyNormedField.{u_4} 𝕜 inst✝))))))
            (@RingHom.id.{u_4} 𝕜
              (@Semiring.toNonAssocSemiring.{u_4} 𝕜
                (@DivisionSemiring.toSemiring.{u_4} 𝕜
                  (@Semifield.toDivisionSemiring.{u_4} 𝕜
                    (@Field.toSemifield.{u_4} 𝕜
                      (@NormedField.toField.{u_4} 𝕜
                        (@DenselyNormedField.toNormedField.{u_4} 𝕜 (@RCLike.toDenselyNormedField.{u_4} 𝕜 inst✝))))))))
            F
            (@UniformSpace.toTopologicalSpace.{u_6} F
              (@PseudoMetricSpace.toUniformSpace.{u_6} F (@SeminormedAddCommGroup.toPseudoMetricSpace.{u_6} F inst✝²)))
            (@AddCommGroup.toAddCommMonoid.{u_6} F (@SeminormedAddCommGroup.toAddCommGroup.{u_6} F inst✝²)) E
            (@UniformSpace.toTopologicalSpace.{u_5} E
              (@PseudoMetricSpace.toUniformSpace.{u_5} E (@SeminormedAddCommGroup.toPseudoMetricSpace.{u_5} E inst✝¹)))
            (@AddCommGroup.toAddCommMonoid.{u_5} E (@SeminormedAddCommGroup.toAddCommGroup.{u_5} E inst✝¹))
            (@NormedSpace.toModule.{u_4, u_6} 𝕜 F
              (@DenselyNormedField.toNormedField.{u_4} 𝕜 (@RCLike.toDenselyNormedField.{u_4} 𝕜 inst✝)) inst✝²
              (@InnerProductSpace.toNormedSpace.{u_4, u_6} 𝕜 F inst✝ inst✝² inst✝³))
            (@NormedSpace.toModule.{u_4, u_5} 𝕜 E
              (@DenselyNormedField.toNormedField.{u_4} 𝕜 (@RCLike.toDenselyNormedField.{u_4} 𝕜 inst✝)) inst✝¹ inst✝⁴))
          (@ContinuousLinearMap.topologicalSpace.{u_4, u_4, u_6, u_5} 𝕜 𝕜
            (@DenselyNormedField.toNormedField.{u_4} 𝕜 (@RCLike.toDenselyNormedField.{u_4} 𝕜 inst✝))
            (@DenselyNormedField.toNormedField.{u_4} 𝕜 (@RCLike.toDenselyNormedField.{u_4} 𝕜 inst✝))
            (@RingHom.id.{u_4} 𝕜
              (@Semiring.toNonAssocSemiring.{u_4} 𝕜
                (@DivisionSemiring.toSemiring.{u_4} 𝕜
                  (@Semifield.toDivisionSemiring.{u_4} 𝕜
                    (@Field.toSemifield.{u_4} 𝕜
                      (@NormedField.toField.{u_4} 𝕜
                        (@DenselyNormedField.toNormedField.{u_4} 𝕜 (@RCLike.toDenselyNormedField.{u_4} 𝕜 inst✝))))))))
            F E (@SeminormedAddCommGroup.toAddCommGroup.{u_6} F inst✝²)
            (@NormedSpace.toModule.{u_4, u_6} 𝕜 F
              (@DenselyNormedField.toNormedField.{u_4} 𝕜 (@RCLike.toDenselyNormedField.{u_4} 𝕜 inst✝)) inst✝²
              (@InnerProductSpace.toNormedSpace.{u_4, u_6} 𝕜 F inst✝ inst✝² inst✝³))
            (@SeminormedAddCommGroup.toAddCommGroup.{u_5} E inst✝¹)
            (@NormedSpace.toModule.{u_4, u_5} 𝕜 E
              (@DenselyNormedField.toNormedField.{u_4} 𝕜 (@RCLike.toDenselyNormedField.{u_4} 𝕜 inst✝)) inst✝¹ inst✝⁴)
            (@UniformSpace.toTopologicalSpace.{u_6} F
              (@PseudoMetricSpace.toUniformSpace.{u_6} F (@SeminormedAddCommGroup.toPseudoMetricSpace.{u_6} F inst✝²)))
            (@UniformSpace.toTopologicalSpace.{u_5} E
              (@PseudoMetricSpace.toUniformSpace.{u_5} E (@SeminormedAddCommGroup.toPseudoMetricSpace.{u_5} E inst✝¹)))
            ⋯)
          (@ContinuousLinearMap.addCommMonoid.{u_4, u_4, u_6, u_5} 𝕜 𝕜
            (@DivisionSemiring.toSemiring.{u_4} 𝕜
              (@Semifield.toDivisionSemiring.{u_4} 𝕜
                (@Field.toSemifield.{u_4} 𝕜
                  (@NormedField.toField.{u_4} 𝕜
                    (@DenselyNormedField.toNormedField.{u_4} 𝕜 (@RCLike.toDenselyNormedField.{u_4} 𝕜 inst✝))))))
            (@DivisionSemiring.toSemiring.{u_4} 𝕜
              (@Semifield.toDivisionSemiring.{u_4} 𝕜
                (@Field.toSemifield.{u_4} 𝕜
                  (@NormedField.toField.{u_4} 𝕜
                    (@DenselyNormedField.toNormedField.{u_4} 𝕜 (@RCLike.toDenselyNormedField.{u_4} 𝕜 inst✝))))))
            (@RingHom.id.{u_4} 𝕜
              (@Semiring.toNonAssocSemiring.{u_4} 𝕜
                (@DivisionSemiring.toSemiring.{u_4} 𝕜
                  (@Semifield.toDivisionSemiring.{u_4} 𝕜
                    (@Field.toSemifield.{u_4} 𝕜
                      (@NormedField.toField.{u_4} 𝕜
                        (@DenselyNormedField.toNormedField.{u_4} 𝕜 (@RCLike.toDenselyNormedField.{u_4} 𝕜 inst✝))))))))
            F
            (@UniformSpace.toTopologicalSpace.{u_6} F
              (@PseudoMetricSpace.toUniformSpace.{u_6} F (@SeminormedAddCommGroup.toPseudoMetricSpace.{u_6} F inst✝²)))
            (@AddCommGroup.toAddCommMonoid.{u_6} F (@SeminormedAddCommGroup.toAddCommGroup.{u_6} F inst✝²)) E
            (@UniformSpace.toTopologicalSpace.{u_5} E
              (@PseudoMetricSpace.toUniformSpace.{u_5} E (@SeminormedAddCommGroup.toPseudoMetricSpace.{u_5} E inst✝¹)))
            (@AddCommGroup.toAddCommMonoid.{u_5} E (@SeminormedAddCommGroup.toAddCommGroup.{u_5} E inst✝¹))
            (@NormedSpace.toModule.{u_4, u_6} 𝕜 F
              (@DenselyNormedField.toNormedField.{u_4} 𝕜 (@RCLike.toDenselyNormedField.{u_4} 𝕜 inst✝)) inst✝²
              (@InnerProductSpace.toNormedSpace.{u_4, u_6} 𝕜 F inst✝ inst✝² inst✝³))
            (@NormedSpace.toModule.{u_4, u_5} 𝕜 E
              (@DenselyNormedField.toNormedField.{u_4} 𝕜 (@RCLike.toDenselyNormedField.{u_4} 𝕜 inst✝)) inst✝¹ inst✝⁴)
            ⋯)
          (@NormedSpace.toModule.{u_4, u_6} 𝕜 F
            (@DenselyNormedField.toNormedField.{u_4} 𝕜 (@RCLike.toDenselyNormedField.{u_4} 𝕜 inst✝)) inst✝²
            (@InnerProductSpace.toNormedSpace.{u_4, u_6} 𝕜 F inst✝ inst✝² inst✝³))
          (@ContinuousLinearMap.module.{u_4, u_4, u_4, u_6, u_5} 𝕜 𝕜 𝕜
            (@DivisionSemiring.toSemiring.{u_4} 𝕜
              (@Semifield.toDivisionSemiring.{u_4} 𝕜
                (@Field.toSemifield.{u_4} 𝕜
                  (@NormedField.toField.{u_4} 𝕜
                    (@DenselyNormedField.toNormedField.{u_4} 𝕜 (@RCLike.toDenselyNormedField.{u_4} 𝕜 inst✝))))))
            (@DivisionSemiring.toSemiring.{u_4} 𝕜
              (@Semifield.toDivisionSemiring.{u_4} 𝕜
                (@Field.toSemifield.{u_4} 𝕜
                  (@NormedField.toField.{u_4} 𝕜
                    (@DenselyNormedField.toNormedField.{u_4} 𝕜 (@RCLike.toDenselyNormedField.{u_4} 𝕜 inst✝))))))
            (@DivisionSemiring.toSemiring.{u_4} 𝕜
              (@Semifield.toDivisionSemiring.{u_4} 𝕜
                (@Field.toSemifield.{u_4} 𝕜
                  (@NormedField.toField.{u_4} 𝕜
                    (@DenselyNormedField.toNormedField.{u_4} 𝕜 (@RCLike.toDenselyNormedField.{u_4} 𝕜 inst✝))))))
            F
            (@UniformSpace.toTopologicalSpace.{u_6} F
              (@PseudoMetricSpace.toUniformSpace.{u_6} F (@SeminormedAddCommGroup.toPseudoMetricSpace.{u_6} F inst✝²)))
            (@AddCommGroup.toAddCommMonoid.{u_6} F (@SeminormedAddCommGroup.toAddCommGroup.{u_6} F inst✝²))
            (@NormedSpace.toModule.{u_4, u_6} 𝕜 F
              (@DenselyNormedField.toNormedField.{u_4} 𝕜 (@RCLike.toDenselyNormedField.{u_4} 𝕜 inst✝)) inst✝²
              (@InnerProductSpace.toNormedSpace.{u_4, u_6} 𝕜 F inst✝ inst✝² inst✝³))
            E
            (@UniformSpace.toTopologicalSpace.{u_5} E
              (@PseudoMetricSpace.toUniformSpace.{u_5} E (@SeminormedAddCommGroup.toPseudoMetricSpace.{u_5} E inst✝¹)))
            (@AddCommGroup.toAddCommMonoid.{u_5} E (@SeminormedAddCommGroup.toAddCommGroup.{u_5} E inst✝¹))
            (@NormedSpace.toModule.{u_4, u_5} 𝕜 E
              (@DenselyNormedField.toNormedField.{u_4} 𝕜 (@RCLike.toDenselyNormedField.{u_4} 𝕜 inst✝)) inst✝¹ inst✝⁴)
            (@NormedSpace.toModule.{u_4, u_5} 𝕜 E
              (@DenselyNormedField.toNormedField.{u_4} 𝕜 (@RCLike.toDenselyNormedField.{u_4} 𝕜 inst✝)) inst✝¹ inst✝⁴)
            ⋯ ⋯
            (@RingHom.id.{u_4} 𝕜
              (@Semiring.toNonAssocSemiring.{u_4} 𝕜
                (@DivisionSemiring.toSemiring.{u_4} 𝕜
                  (@Semifield.toDivisionSemiring.{u_4} 𝕜
                    (@Field.toSemifield.{u_4} 𝕜
                      (@NormedField.toField.{u_4} 𝕜
                        (@DenselyNormedField.toNormedField.{u_4} 𝕜 (@RCLike.toDenselyNormedField.{u_4} 𝕜 inst✝))))))))
            ⋯))
        F
        (fun x =>
          @ContinuousLinearMap.{u_4, u_4, u_6, u_5} 𝕜 𝕜
            (@DivisionSemiring.toSemiring.{u_4} 𝕜
              (@Semifield.toDivisionSemiring.{u_4} 𝕜
                (@Field.toSemifield.{u_4} 𝕜
                  (@NormedField.toField.{u_4} 𝕜
                    (@DenselyNormedField.toNormedField.{u_4} 𝕜 (@RCLike.toDenselyNormedField.{u_4} 𝕜 inst✝))))))
            (@DivisionSemiring.toSemiring.{u_4} 𝕜
              (@Semifield.toDivisionSemiring.{u_4} 𝕜
                (@Field.toSemifield.{u_4} 𝕜
                  (@NormedField.toField.{u_4} 𝕜
                    (@DenselyNormedField.toNormedField.{u_4} 𝕜 (@RCLike.toDenselyNormedField.{u_4} 𝕜 inst✝))))))
            (@RingHom.id.{u_4} 𝕜
              (@Semiring.toNonAssocSemiring.{u_4} 𝕜
                (@DivisionSemiring.toSemiring.{u_4} 𝕜
                  (@Semifield.toDivisionSemiring.{u_4} 𝕜
                    (@Field.toSemifield.{u_4} 𝕜
                      (@NormedField.toField.{u_4} 𝕜
                        (@DenselyNormedField.toNormedField.{u_4} 𝕜 (@RCLike.toDenselyNormedField.{u_4} 𝕜 inst✝))))))))
            F
            (@UniformSpace.toTopologicalSpace.{u_6} F
              (@PseudoMetricSpace.toUniformSpace.{u_6} F (@SeminormedAddCommGroup.toPseudoMetricSpace.{u_6} F inst✝²)))
            (@AddCommGroup.toAddCommMonoid.{u_6} F (@SeminormedAddCommGroup.toAddCommGroup.{u_6} F inst✝²)) E
            (@UniformSpace.toTopologicalSpace.{u_5} E
              (@PseudoMetricSpace.toUniformSpace.{u_5} E (@SeminormedAddCommGroup.toPseudoMetricSpace.{u_5} E inst✝¹)))
            (@AddCommGroup.toAddCommMonoid.{u_5} E (@SeminormedAddCommGroup.toAddCommGroup.{u_5} E inst✝¹))
            (@NormedSpace.toModule.{u_4, u_6} 𝕜 F
              (@DenselyNormedField.toNormedField.{u_4} 𝕜 (@RCLike.toDenselyNormedField.{u_4} 𝕜 inst✝)) inst✝²
              (@InnerProductSpace.toNormedSpace.{u_4, u_6} 𝕜 F inst✝ inst✝² inst✝³))
            (@NormedSpace.toModule.{u_4, u_5} 𝕜 E
              (@DenselyNormedField.toNormedField.{u_4} 𝕜 (@RCLike.toDenselyNormedField.{u_4} 𝕜 inst✝)) inst✝¹ inst✝⁴))
        (@ContinuousLinearMap.funLike.{u_4, u_4, u_6, max u_5 u_6} 𝕜 𝕜
          (@DivisionSemiring.toSemiring.{u_4} 𝕜
            (@Semifield.toDivisionSemiring.{u_4} 𝕜
              (@Field.toSemifield.{u_4} 𝕜
                (@NormedField.toField.{u_4} 𝕜
                  (@DenselyNormedField.toNormedField.{u_4} 𝕜 (@RCLike.toDenselyNormedField.{u_4} 𝕜 inst✝))))))
          (@DivisionSemiring.toSemiring.{u_4} 𝕜
            (@Semifield.toDivisionSemiring.{u_4} 𝕜
              (@Field.toSemifield.{u_4} 𝕜
                (@NormedField.toField.{u_4} 𝕜
                  (@DenselyNormedField.toNormedField.{u_4} 𝕜 (@RCLike.toDenselyNormedField.{u_4} 𝕜 inst✝))))))
          (@starRingEnd.{u_4} 𝕜
            (@Semifield.toCommSemiring.{u_4} 𝕜
              (@Field.toSemifield.{u_4} 𝕜
                (@NormedField.toField.{u_4} 𝕜
                  (@DenselyNormedField.toNormedField.{u_4} 𝕜 (@RCLike.toDenselyNormedField.{u_4} 𝕜 inst✝)))))
            (@RCLike.toStarRing.{u_4} 𝕜 inst✝))
          F
          (@UniformSpace.toTopologicalSpace.{u_6} F
            (@PseudoMetricSpace.toUniformSpace.{u_6} F (@SeminormedAddCommGroup.toPseudoMetricSpace.{u_6} F inst✝²)))
          (@AddCommGroup.toAddCommMonoid.{u_6} F (@SeminormedAddCommGroup.toAddCommGroup.{u_6} F inst✝²))
          (@ContinuousLinearMap.{u_4, u_4, u_6, u_5} 𝕜 𝕜
            (@DivisionSemiring.toSemiring.{u_4} 𝕜
              (@Semifield.toDivisionSemiring.{u_4} 𝕜
                (@Field.toSemifield.{u_4} 𝕜
                  (@NormedField.toField.{u_4} 𝕜
                    (@DenselyNormedField.toNormedField.{u_4} 𝕜 (@RCLike.toDenselyNormedField.{u_4} 𝕜 inst✝))))))
            (@DivisionSemiring.toSemiring.{u_4} 𝕜
              (@Semifield.toDivisionSemiring.{u_4} 𝕜
                (@Field.toSemifield.{u_4} 𝕜
                  (@NormedField.toField.{u_4} 𝕜
                    (@DenselyNormedField.toNormedField.{u_4} 𝕜 (@RCLike.toDenselyNormedField.{u_4} 𝕜 inst✝))))))
            (@RingHom.id.{u_4} 𝕜
              (@Semiring.toNonAssocSemiring.{u_4} 𝕜
                (@DivisionSemiring.toSemiring.{u_4} 𝕜
                  (@Semifield.toDivisionSemiring.{u_4} 𝕜
                    (@Field.toSemifield.{u_4} 𝕜
                      (@NormedField.toField.{u_4} 𝕜
                        (@DenselyNormedField.toNormedField.{u_4} 𝕜 (@RCLike.toDenselyNormedField.{u_4} 𝕜 inst✝))))))))
            F
            (@UniformSpace.toTopologicalSpace.{u_6} F
              (@PseudoMetricSpace.toUniformSpace.{u_6} F (@SeminormedAddCommGroup.toPseudoMetricSpace.{u_6} F inst✝²)))
            (@AddCommGroup.toAddCommMonoid.{u_6} F (@SeminormedAddCommGroup.toAddCommGroup.{u_6} F inst✝²)) E
            (@UniformSpace.toTopologicalSpace.{u_5} E
              (@PseudoMetricSpace.toUniformSpace.{u_5} E (@SeminormedAddCommGroup.toPseudoMetricSpace.{u_5} E inst✝¹)))
            (@AddCommGroup.toAddCommMonoid.{u_5} E (@SeminormedAddCommGroup.toAddCommGroup.{u_5} E inst✝¹))
            (@NormedSpace.toModule.{u_4, u_6} 𝕜 F
              (@DenselyNormedField.toNormedField.{u_4} 𝕜 (@RCLike.toDenselyNormedField.{u_4} 𝕜 inst✝)) inst✝²
              (@InnerProductSpace.toNormedSpace.{u_4, u_6} 𝕜 F inst✝ inst✝² inst✝³))
            (@NormedSpace.toModule.{u_4, u_5} 𝕜 E
              (@DenselyNormedField.toNormedField.{u_4} 𝕜 (@RCLike.toDenselyNormedField.{u_4} 𝕜 inst✝)) inst✝¹ inst✝⁴))
          (@ContinuousLinearMap.topologicalSpace.{u_4, u_4, u_6, u_5} 𝕜 𝕜
            (@DenselyNormedField.toNormedField.{u_4} 𝕜 (@RCLike.toDenselyNormedField.{u_4} 𝕜 inst✝))
            (@DenselyNormedField.toNormedField.{u_4} 𝕜 (@RCLike.toDenselyNormedField.{u_4} 𝕜 inst✝))
            (@RingHom.id.{u_4} 𝕜
              (@Semiring.toNonAssocSemiring.{u_4} 𝕜
                (@DivisionSemiring.toSemiring.{u_4} 𝕜
                  (@Semifield.toDivisionSemiring.{u_4} 𝕜
                    (@Field.toSemifield.{u_4} 𝕜
                      (@NormedField.toField.{u_4} 𝕜
                        (@DenselyNormedField.toNormedField.{u_4} 𝕜 (@RCLike.toDenselyNormedField.{u_4} 𝕜 inst✝))))))))
            F E (@SeminormedAddCommGroup.toAddCommGroup.{u_6} F inst✝²)
            (@NormedSpace.toModule.{u_4, u_6} 𝕜 F
              (@DenselyNormedField.toNormedField.{u_4} 𝕜 (@RCLike.toDenselyNormedField.{u_4} 𝕜 inst✝)) inst✝²
              (@InnerProductSpace.toNormedSpace.{u_4, u_6} 𝕜 F inst✝ inst✝² inst✝³))
            (@SeminormedAddCommGroup.toAddCommGroup.{u_5} E inst✝¹)
            (@NormedSpace.toModule.{u_4, u_5} 𝕜 E
              (@DenselyNormedField.toNormedField.{u_4} 𝕜 (@RCLike.toDenselyNormedField.{u_4} 𝕜 inst✝)) inst✝¹ inst✝⁴)
            (@UniformSpace.toTopologicalSpace.{u_6} F
              (@PseudoMetricSpace.toUniformSpace.{u_6} F (@SeminormedAddCommGroup.toPseudoMetricSpace.{u_6} F inst✝²)))
            (@UniformSpace.toTopologicalSpace.{u_5} E
              (@PseudoMetricSpace.toUniformSpace.{u_5} E (@SeminormedAddCommGroup.toPseudoMetricSpace.{u_5} E inst✝¹)))
            ⋯)
          (@ContinuousLinearMap.addCommMonoid.{u_4, u_4, u_6, u_5} 𝕜 𝕜
            (@DivisionSemiring.toSemiring.{u_4} 𝕜
              (@Semifield.toDivisionSemiring.{u_4} 𝕜
                (@Field.toSemifield.{u_4} 𝕜
                  (@NormedField.toField.{u_4} 𝕜
                    (@DenselyNormedField.toNormedField.{u_4} 𝕜 (@RCLike.toDenselyNormedField.{u_4} 𝕜 inst✝))))))
            (@DivisionSemiring.toSemiring.{u_4} 𝕜
              (@Semifield.toDivisionSemiring.{u_4} 𝕜
                (@Field.toSemifield.{u_4} 𝕜
                  (@NormedField.toField.{u_4} 𝕜
                    (@DenselyNormedField.toNormedField.{u_4} 𝕜 (@RCLike.toDenselyNormedField.{u_4} 𝕜 inst✝))))))
            (@RingHom.id.{u_4} 𝕜
              (@Semiring.toNonAssocSemiring.{u_4} 𝕜
                (@DivisionSemiring.toSemiring.{u_4} 𝕜
                  (@Semifield.toDivisionSemiring.{u_4} 𝕜
                    (@Field.toSemifield.{u_4} 𝕜
                      (@NormedField.toField.{u_4} 𝕜
                        (@DenselyNormedField.toNormedField.{u_4} 𝕜 (@RCLike.toDenselyNormedField.{u_4} 𝕜 inst✝))))))))
            F
            (@UniformSpace.toTopologicalSpace.{u_6} F
              (@PseudoMetricSpace.toUniformSpace.{u_6} F (@SeminormedAddCommGroup.toPseudoMetricSpace.{u_6} F inst✝²)))
            (@AddCommGroup.toAddCommMonoid.{u_6} F (@SeminormedAddCommGroup.toAddCommGroup.{u_6} F inst✝²)) E
            (@UniformSpace.toTopologicalSpace.{u_5} E
              (@PseudoMetricSpace.toUniformSpace.{u_5} E (@SeminormedAddCommGroup.toPseudoMetricSpace.{u_5} E inst✝¹)))
            (@AddCommGroup.toAddCommMonoid.{u_5} E (@SeminormedAddCommGroup.toAddCommGroup.{u_5} E inst✝¹))
            (@NormedSpace.toModule.{u_4, u_6} 𝕜 F
              (@DenselyNormedField.toNormedField.{u_4} 𝕜 (@RCLike.toDenselyNormedField.{u_4} 𝕜 inst✝)) inst✝²
              (@InnerProductSpace.toNormedSpace.{u_4, u_6} 𝕜 F inst✝ inst✝² inst✝³))
            (@NormedSpace.toModule.{u_4, u_5} 𝕜 E
              (@DenselyNormedField.toNormedField.{u_4} 𝕜 (@RCLike.toDenselyNormedField.{u_4} 𝕜 inst✝)) inst✝¹ inst✝⁴)
            ⋯)
          (@NormedSpace.toModule.{u_4, u_6} 𝕜 F
            (@DenselyNormedField.toNormedField.{u_4} 𝕜 (@RCLike.toDenselyNormedField.{u_4} 𝕜 inst✝)) inst✝²
            (@InnerProductSpace.toNormedSpace.{u_4, u_6} 𝕜 F inst✝ inst✝² inst✝³))
          (@ContinuousLinearMap.module.{u_4, u_4, u_4, u_6, u_5} 𝕜 𝕜 𝕜
            (@DivisionSemiring.toSemiring.{u_4} 𝕜
              (@Semifield.toDivisionSemiring.{u_4} 𝕜
                (@Field.toSemifield.{u_4} 𝕜
                  (@NormedField.toField.{u_4} 𝕜
                    (@DenselyNormedField.toNormedField.{u_4} 𝕜 (@RCLike.toDenselyNormedField.{u_4} 𝕜 inst✝))))))
            (@DivisionSemiring.toSemiring.{u_4} 𝕜
              (@Semifield.toDivisionSemiring.{u_4} 𝕜
                (@Field.toSemifield.{u_4} 𝕜
                  (@NormedField.toField.{u_4} 𝕜
                    (@DenselyNormedField.toNormedField.{u_4} 𝕜 (@RCLike.toDenselyNormedField.{u_4} 𝕜 inst✝))))))
            (@DivisionSemiring.toSemiring.{u_4} 𝕜
              (@Semifield.toDivisionSemiring.{u_4} 𝕜
                (@Field.toSemifield.{u_4} 𝕜
                  (@NormedField.toField.{u_4} 𝕜
                    (@DenselyNormedField.toNormedField.{u_4} 𝕜 (@RCLike.toDenselyNormedField.{u_4} 𝕜 inst✝))))))
            F
            (@UniformSpace.toTopologicalSpace.{u_6} F
              (@PseudoMetricSpace.toUniformSpace.{u_6} F (@SeminormedAddCommGroup.toPseudoMetricSpace.{u_6} F inst✝²)))
            (@AddCommGroup.toAddCommMonoid.{u_6} F (@SeminormedAddCommGroup.toAddCommGroup.{u_6} F inst✝²))
            (@NormedSpace.toModule.{u_4, u_6} 𝕜 F
              (@DenselyNormedField.toNormedField.{u_4} 𝕜 (@RCLike.toDenselyNormedField.{u_4} 𝕜 inst✝)) inst✝²
              (@InnerProductSpace.toNormedSpace.{u_4, u_6} 𝕜 F inst✝ inst✝² inst✝³))
            E
            (@UniformSpace.toTopologicalSpace.{u_5} E
              (@PseudoMetricSpace.toUniformSpace.{u_5} E (@SeminormedAddCommGroup.toPseudoMetricSpace.{u_5} E inst✝¹)))
            (@AddCommGroup.toAddCommMonoid.{u_5} E (@SeminormedAddCommGroup.toAddCommGroup.{u_5} E inst✝¹))
            (@NormedSpace.toModule.{u_4, u_5} 𝕜 E
              (@DenselyNormedField.toNormedField.{u_4} 𝕜 (@RCLike.toDenselyNormedField.{u_4} 𝕜 inst✝)) inst✝¹ inst✝⁴)
            (@NormedSpace.toModule.{u_4, u_5} 𝕜 E
              (@DenselyNormedField.toNormedField.{u_4} 𝕜 (@RCLike.toDenselyNormedField.{u_4} 𝕜 inst✝)) inst✝¹ inst✝⁴)
            ⋯ ⋯
            (@RingHom.id.{u_4} 𝕜
              (@Semiring.toNonAssocSemiring.{u_4} 𝕜
                (@DivisionSemiring.toSemiring.{u_4} 𝕜
                  (@Semifield.toDivisionSemiring.{u_4} 𝕜
                    (@Field.toSemifield.{u_4} 𝕜
                      (@NormedField.toField.{u_4} 𝕜
                        (@DenselyNormedField.toNormedField.{u_4} 𝕜 (@RCLike.toDenselyNormedField.{u_4} 𝕜 inst✝))))))))
            ⋯))
        (@DFunLike.coe.{max (u_6 + 1) (u_5 + 1), u_5 + 1, max (u_6 + 1) (u_5 + 1)}
          (@ContinuousLinearMap.{u_4, u_4, u_5, max u_5 u_6} 𝕜 𝕜
            (@DivisionSemiring.toSemiring.{u_4} 𝕜
              (@Semifield.toDivisionSemiring.{u_4} 𝕜
                (@Field.toSemifield.{u_4} 𝕜
                  (@NormedField.toField.{u_4} 𝕜
                    (@DenselyNormedField.toNormedField.{u_4} 𝕜 (@RCLike.toDenselyNormedField.{u_4} 𝕜 inst✝))))))
            (@DivisionSemiring.toSemiring.{u_4} 𝕜
              (@Semifield.toDivisionSemiring.{u_4} 𝕜
                (@Field.toSemifield.{u_4} 𝕜
                  (@NormedField.toField.{u_4} 𝕜
                    (@DenselyNormedField.toNormedField.{u_4} 𝕜 (@RCLike.toDenselyNormedField.{u_4} 𝕜 inst✝))))))
            (@RingHom.id.{u_4} 𝕜
              (@Semiring.toNonAssocSemiring.{u_4} 𝕜
                (@DivisionSemiring.toSemiring.{u_4} 𝕜
                  (@Semifield.toDivisionSemiring.{u_4} 𝕜
                    (@Field.toSemifield.{u_4} 𝕜
                      (@NormedField.toField.{u_4} 𝕜
                        (@DenselyNormedField.toNormedField.{u_4} 𝕜 (@RCLike.toDenselyNormedField.{u_4} 𝕜 inst✝))))))))
            E
            (@UniformSpace.toTopologicalSpace.{u_5} E
              (@PseudoMetricSpace.toUniformSpace.{u_5} E (@SeminormedAddCommGroup.toPseudoMetricSpace.{u_5} E inst✝¹)))
            (@AddCommGroup.toAddCommMonoid.{u_5} E (@SeminormedAddCommGroup.toAddCommGroup.{u_5} E inst✝¹))
            (@ContinuousLinearMap.{u_4, u_4, u_6, max u_5 u_6} 𝕜 𝕜
              (@DivisionSemiring.toSemiring.{u_4} 𝕜
                (@Semifield.toDivisionSemiring.{u_4} 𝕜
                  (@Field.toSemifield.{u_4} 𝕜
                    (@NormedField.toField.{u_4} 𝕜
                      (@DenselyNormedField.toNormedField.{u_4} 𝕜 (@RCLike.toDenselyNormedField.{u_4} 𝕜 inst✝))))))
              (@DivisionSemiring.toSemiring.{u_4} 𝕜
                (@Semifield.toDivisionSemiring.{u_4} 𝕜
                  (@Field.toSemifield.{u_4} 𝕜
                    (@NormedField.toField.{u_4} 𝕜
                      (@DenselyNormedField.toNormedField.{u_4} 𝕜 (@RCLike.toDenselyNormedField.{u_4} 𝕜 inst✝))))))
              (@starRingEnd.{u_4} 𝕜
                (@Semifield.toCommSemiring.{u_4} 𝕜
                  (@Field.toSemifield.{u_4} 𝕜
                    (@NormedField.toField.{u_4} 𝕜
                      (@DenselyNormedField.toNormedField.{u_4} 𝕜 (@RCLike.toDenselyNormedField.{u_4} 𝕜 inst✝)))))
                (@RCLike.toStarRing.{u_4} 𝕜 inst✝))
              F
              (@UniformSpace.toTopologicalSpace.{u_6} F
                (@PseudoMetricSpace.toUniformSpace.{u_6} F
                  (@SeminormedAddCommGroup.toPseudoMetricSpace.{u_6} F inst✝²)))
              (@AddCommGroup.toAddCommMonoid.{u_6} F (@SeminormedAddCommGroup.toAddCommGroup.{u_6} F inst✝²))
              (@ContinuousLinearMap.{u_4, u_4, u_6, u_5} 𝕜 𝕜
                (@DivisionSemiring.toSemiring.{u_4} 𝕜
                  (@Semifield.toDivisionSemiring.{u_4} 𝕜
                    (@Field.toSemifield.{u_4} 𝕜
                      (@NormedField.toField.{u_4} 𝕜
                        (@DenselyNormedField.toNormedField.{u_4} 𝕜 (@RCLike.toDenselyNormedField.{u_4} 𝕜 inst✝))))))
                (@DivisionSemiring.toSemiring.{u_4} 𝕜
                  (@Semifield.toDivisionSemiring.{u_4} 𝕜
                    (@Field.toSemifield.{u_4} 𝕜
                      (@NormedField.toField.{u_4} 𝕜
                        (@DenselyNormedField.toNormedField.{u_4} 𝕜 (@RCLike.toDenselyNormedField.{u_4} 𝕜 inst✝))))))
                (@RingHom.id.{u_4} 𝕜
                  (@Semiring.toNonAssocSemiring.{u_4} 𝕜
                    (@DivisionSemiring.toSemiring.{u_4} 𝕜
                      (@Semifield.toDivisionSemiring.{u_4} 𝕜
                        (@Field.toSemifield.{u_4} 𝕜
                          (@NormedField.toField.{u_4} 𝕜
                            (@DenselyNormedField.toNormedField.{u_4} 𝕜
                              (@RCLike.toDenselyNormedField.{u_4} 𝕜 inst✝))))))))
                F
                (@UniformSpace.toTopologicalSpace.{u_6} F
                  (@PseudoMetricSpace.toUniformSpace.{u_6} F
                    (@SeminormedAddCommGroup.toPseudoMetricSpace.{u_6} F inst✝²)))
                (@AddCommGroup.toAddCommMonoid.{u_6} F (@SeminormedAddCommGroup.toAddCommGroup.{u_6} F inst✝²)) E
                (@UniformSpace.toTopologicalSpace.{u_5} E
                  (@PseudoMetricSpace.toUniformSpace.{u_5} E
                    (@SeminormedAddCommGroup.toPseudoMetricSpace.{u_5} E inst✝¹)))
                (@AddCommGroup.toAddCommMonoid.{u_5} E (@SeminormedAddCommGroup.toAddCommGroup.{u_5} E inst✝¹))
                (@NormedSpace.toModule.{u_4, u_6} 𝕜 F
                  (@DenselyNormedField.toNormedField.{u_4} 𝕜 (@RCLike.toDenselyNormedField.{u_4} 𝕜 inst✝)) inst✝²
                  (@InnerProductSpace.toNormedSpace.{u_4, u_6} 𝕜 F inst✝ inst✝² inst✝³))
                (@NormedSpace.toModule.{u_4, u_5} 𝕜 E
                  (@DenselyNormedField.toNormedField.{u_4} 𝕜 (@RCLike.toDenselyNormedField.{u_4} 𝕜 inst✝)) inst✝¹
                  inst✝⁴))
              (@ContinuousLinearMap.topologicalSpace.{u_4, u_4, u_6, u_5} 𝕜 𝕜
                (@DenselyNormedField.toNormedField.{u_4} 𝕜 (@RCLike.toDenselyNormedField.{u_4} 𝕜 inst✝))
                (@DenselyNormedField.toNormedField.{u_4} 𝕜 (@RCLike.toDenselyNormedField.{u_4} 𝕜 inst✝))
                (@RingHom.id.{u_4} 𝕜
                  (@Semiring.toNonAssocSemiring.{u_4} 𝕜
                    (@DivisionSemiring.toSemiring.{u_4} 𝕜
                      (@Semifield.toDivisionSemiring.{u_4} 𝕜
                        (@Field.toSemifield.{u_4} 𝕜
                          (@NormedField.toField.{u_4} 𝕜
                            (@DenselyNormedField.toNormedField.{u_4} 𝕜
                              (@RCLike.toDenselyNormedField.{u_4} 𝕜 inst✝))))))))
                F E (@SeminormedAddCommGroup.toAddCommGroup.{u_6} F inst✝²)
                (@NormedSpace.toModule.{u_4, u_6} 𝕜 F
                  (@DenselyNormedField.toNormedField.{u_4} 𝕜 (@RCLike.toDenselyNormedField.{u_4} 𝕜 inst✝)) inst✝²
                  (@InnerProductSpace.toNormedSpace.{u_4, u_6} 𝕜 F inst✝ inst✝² inst✝³))
                (@SeminormedAddCommGroup.toAddCommGroup.{u_5} E inst✝¹)
                (@NormedSpace.toModule.{u_4, u_5} 𝕜 E
                  (@DenselyNormedField.toNormedField.{u_4} 𝕜 (@RCLike.toDenselyNormedField.{u_4} 𝕜 inst✝)) inst✝¹
                  inst✝⁴)
                (@UniformSpace.toTopologicalSpace.{u_6} F
                  (@PseudoMetricSpace.toUniformSpace.{u_6} F
                    (@SeminormedAddCommGroup.toPseudoMetricSpace.{u_6} F inst✝²)))
                (@UniformSpace.toTopologicalSpace.{u_5} E
                  (@PseudoMetricSpace.toUniformSpace.{u_5} E
                    (@SeminormedAddCommGroup.toPseudoMetricSpace.{u_5} E inst✝¹)))
                ⋯)
              (@ContinuousLinearMap.addCommMonoid.{u_4, u_4, u_6, u_5} 𝕜 𝕜
                (@DivisionSemiring.toSemiring.{u_4} 𝕜
                  (@Semifield.toDivisionSemiring.{u_4} 𝕜
                    (@Field.toSemifield.{u_4} 𝕜
                      (@NormedField.toField.{u_4} 𝕜
                        (@DenselyNormedField.toNormedField.{u_4} 𝕜 (@RCLike.toDenselyNormedField.{u_4} 𝕜 inst✝))))))
                (@DivisionSemiring.toSemiring.{u_4} 𝕜
                  (@Semifield.toDivisionSemiring.{u_4} 𝕜
                    (@Field.toSemifield.{u_4} 𝕜
                      (@NormedField.toField.{u_4} 𝕜
                        (@DenselyNormedField.toNormedField.{u_4} 𝕜 (@RCLike.toDenselyNormedField.{u_4} 𝕜 inst✝))))))
                (@RingHom.id.{u_4} 𝕜
                  (@Semiring.toNonAssocSemiring.{u_4} 𝕜
                    (@DivisionSemiring.toSemiring.{u_4} 𝕜
                      (@Semifield.toDivisionSemiring.{u_4} 𝕜
                        (@Field.toSemifield.{u_4} 𝕜
                          (@NormedField.toField.{u_4} 𝕜
                            (@DenselyNormedField.toNormedField.{u_4} 𝕜
                              (@RCLike.toDenselyNormedField.{u_4} 𝕜 inst✝))))))))
                F
                (@UniformSpace.toTopologicalSpace.{u_6} F
                  (@PseudoMetricSpace.toUniformSpace.{u_6} F
                    (@SeminormedAddCommGroup.toPseudoMetricSpace.{u_6} F inst✝²)))
                (@AddCommGroup.toAddCommMonoid.{u_6} F (@SeminormedAddCommGroup.toAddCommGroup.{u_6} F inst✝²)) E
                (@UniformSpace.toTopologicalSpace.{u_5} E
                  (@PseudoMetricSpace.toUniformSpace.{u_5} E
                    (@SeminormedAddCommGroup.toPseudoMetricSpace.{u_5} E inst✝¹)))
                (@AddCommGroup.toAddCommMonoid.{u_5} E (@SeminormedAddCommGroup.toAddCommGroup.{u_5} E inst✝¹))
                (@NormedSpace.toModule.{u_4, u_6} 𝕜 F
                  (@DenselyNormedField.toNormedField.{u_4} 𝕜 (@RCLike.toDenselyNormedField.{u_4} 𝕜 inst✝)) inst✝²
                  (@InnerProductSpace.toNormedSpace.{u_4, u_6} 𝕜 F inst✝ inst✝² inst✝³))
                (@NormedSpace.toModule.{u_4, u_5} 𝕜 E
                  (@DenselyNormedField.toNormedField.{u_4} 𝕜 (@RCLike.toDenselyNormedField.{u_4} 𝕜 inst✝)) inst✝¹
                  inst✝⁴)
                ⋯)
              (@NormedSpace.toModule.{u_4, u_6} 𝕜 F
                (@DenselyNormedField.toNormedField.{u_4} 𝕜 (@RCLike.toDenselyNormedField.{u_4} 𝕜 inst✝)) inst✝²
                (@InnerProductSpace.toNormedSpace.{u_4, u_6} 𝕜 F inst✝ inst✝² inst✝³))
              (@ContinuousLinearMap.module.{u_4, u_4, u_4, u_6, u_5} 𝕜 𝕜 𝕜
                (@DivisionSemiring.toSemiring.{u_4} 𝕜
                  (@Semifield.toDivisionSemiring.{u_4} 𝕜
                    (@Field.toSemifield.{u_4} 𝕜
                      (@NormedField.toField.{u_4} 𝕜
                        (@DenselyNormedField.toNormedField.{u_4} 𝕜 (@RCLike.toDenselyNormedField.{u_4} 𝕜 inst✝))))))
                (@DivisionSemiring.toSemiring.{u_4} 𝕜
                  (@Semifield.toDivisionSemiring.{u_4} 𝕜
                    (@Field.toSemifield.{u_4} 𝕜
                      (@NormedField.toField.{u_4} 𝕜
                        (@DenselyNormedField.toNormedField.{u_4} 𝕜 (@RCLike.toDenselyNormedField.{u_4} 𝕜 inst✝))))))
                (@DivisionSemiring.toSemiring.{u_4} 𝕜
                  (@Semifield.toDivisionSemiring.{u_4} 𝕜
                    (@Field.toSemifield.{u_4} 𝕜
                      (@NormedField.toField.{u_4} 𝕜
                        (@DenselyNormedField.toNormedField.{u_4} 𝕜 (@RCLike.toDenselyNormedField.{u_4} 𝕜 inst✝))))))
                F
                (@UniformSpace.toTopologicalSpace.{u_6} F
                  (@PseudoMetricSpace.toUniformSpace.{u_6} F
                    (@SeminormedAddCommGroup.toPseudoMetricSpace.{u_6} F inst✝²)))
                (@AddCommGroup.toAddCommMonoid.{u_6} F (@SeminormedAddCommGroup.toAddCommGroup.{u_6} F inst✝²))
                (@NormedSpace.toModule.{u_4, u_6} 𝕜 F
                  (@DenselyNormedField.toNormedField.{u_4} 𝕜 (@RCLike.toDenselyNormedField.{u_4} 𝕜 inst✝)) inst✝²
                  (@InnerProductSpace.toNormedSpace.{u_4, u_6} 𝕜 F inst✝ inst✝² inst✝³))
                E
                (@UniformSpace.toTopologicalSpace.{u_5} E
                  (@PseudoMetricSpace.toUniformSpace.{u_5} E
                    (@SeminormedAddCommGroup.toPseudoMetricSpace.{u_5} E inst✝¹)))
                (@AddCommGroup.toAddCommMonoid.{u_5} E (@SeminormedAddCommGroup.toAddCommGroup.{u_5} E inst✝¹))
                (@NormedSpace.toModule.{u_4, u_5} 𝕜 E
                  (@DenselyNormedField.toNormedField.{u_4} 𝕜 (@RCLike.toDenselyNormedField.{u_4} 𝕜 inst✝)) inst✝¹
                  inst✝⁴)
                (@NormedSpace.toModule.{u_4, u_5} 𝕜 E
                  (@DenselyNormedField.toNormedField.{u_4} 𝕜 (@RCLike.toDenselyNormedField.{u_4} 𝕜 inst✝)) inst✝¹
                  inst✝⁴)
                ⋯ ⋯
                (@RingHom.id.{u_4} 𝕜
                  (@Semiring.toNonAssocSemiring.{u_4} 𝕜
                    (@DivisionSemiring.toSemiring.{u_4} 𝕜
                      (@Semifield.toDivisionSemiring.{u_4} 𝕜
                        (@Field.toSemifield.{u_4} 𝕜
                          (@NormedField.toField.{u_4} 𝕜
                            (@DenselyNormedField.toNormedField.{u_4} 𝕜
                              (@RCLike.toDenselyNormedField.{u_4} 𝕜 inst✝))))))))
                ⋯))
            (@ContinuousLinearMap.topologicalSpace.{u_4, u_4, u_6, max u_5 u_6} 𝕜 𝕜
              (@DenselyNormedField.toNormedField.{u_4} 𝕜 (@RCLike.toDenselyNormedField.{u_4} 𝕜 inst✝))
              (@DenselyNormedField.toNormedField.{u_4} 𝕜 (@RCLike.toDenselyNormedField.{u_4} 𝕜 inst✝))
              (@starRingEnd.{u_4} 𝕜
                (@Semifield.toCommSemiring.{u_4} 𝕜
                  (@Field.toSemifield.{u_4} 𝕜
                    (@NormedField.toField.{u_4} 𝕜
                      (@DenselyNormedField.toNormedField.{u_4} 𝕜 (@RCLike.toDenselyNormedField.{u_4} 𝕜 inst✝)))))
                (@RCLike.toStarRing.{u_4} 𝕜 inst✝))
              F
              (@ContinuousLinearMap.{u_4, u_4, u_6, u_5} 𝕜 𝕜
                (@DivisionSemiring.toSemiring.{u_4} 𝕜
                  (@Semifield.toDivisionSemiring.{u_4} 𝕜
                    (@Field.toSemifield.{u_4} 𝕜
                      (@NormedField.toField.{u_4} 𝕜
                        (@DenselyNormedField.toNormedField.{u_4} 𝕜 (@RCLike.toDenselyNormedField.{u_4} 𝕜 inst✝))))))
                (@DivisionSemiring.toSemiring.{u_4} 𝕜
                  (@Semifield.toDivisionSemiring.{u_4} 𝕜
                    (@Field.toSemifield.{u_4} 𝕜
                      (@NormedField.toField.{u_4} 𝕜
                        (@DenselyNormedField.toNormedField.{u_4} 𝕜 (@RCLike.toDenselyNormedField.{u_4} 𝕜 inst✝))))))
                (@RingHom.id.{u_4} 𝕜
                  (@Semiring.toNonAssocSemiring.{u_4} 𝕜
                    (@DivisionSemiring.toSemiring.{u_4} 𝕜
                      (@Semifield.toDivisionSemiring.{u_4} 𝕜
                        (@Field.toSemifield.{u_4} 𝕜
                          (@NormedField.toField.{u_4} 𝕜
                            (@DenselyNormedField.toNormedField.{u_4} 𝕜
                              (@RCLike.toDenselyNormedField.{u_4} 𝕜 inst✝))))))))
                F
                (@UniformSpace.toTopologicalSpace.{u_6} F
                  (@PseudoMetricSpace.toUniformSpace.{u_6} F
                    (@SeminormedAddCommGroup.toPseudoMetricSpace.{u_6} F inst✝²)))
                (@AddCommGroup.toAddCommMonoid.{u_6} F (@SeminormedAddCommGroup.toAddCommGroup.{u_6} F inst✝²)) E
                (@UniformSpace.toTopologicalSpace.{u_5} E
                  (@PseudoMetricSpace.toUniformSpace.{u_5} E
                    (@SeminormedAddCommGroup.toPseudoMetricSpace.{u_5} E inst✝¹)))
                (@AddCommGroup.toAddCommMonoid.{u_5} E (@SeminormedAddCommGroup.toAddCommGroup.{u_5} E inst✝¹))
                (@NormedSpace.toModule.{u_4, u_6} 𝕜 F
                  (@DenselyNormedField.toNormedField.{u_4} 𝕜 (@RCLike.toDenselyNormedField.{u_4} 𝕜 inst✝)) inst✝²
                  (@InnerProductSpace.toNormedSpace.{u_4, u_6} 𝕜 F inst✝ inst✝² inst✝³))
                (@NormedSpace.toModule.{u_4, u_5} 𝕜 E
                  (@DenselyNormedField.toNormedField.{u_4} 𝕜 (@RCLike.toDenselyNormedField.{u_4} 𝕜 inst✝)) inst✝¹
                  inst✝⁴))
              (@SeminormedAddCommGroup.toAddCommGroup.{u_6} F inst✝²)
              (@NormedSpace.toModule.{u_4, u_6} 𝕜 F
                (@DenselyNormedField.toNormedField.{u_4} 𝕜 (@RCLike.toDenselyNormedField.{u_4} 𝕜 inst✝)) inst✝²
                (@InnerProductSpace.toNormedSpace.{u_4, u_6} 𝕜 F inst✝ inst✝² inst✝³))
              (@ContinuousLinearMap.addCommGroup.{u_4, u_4, u_6, u_5} 𝕜
                (@DivisionRing.toRing.{u_4} 𝕜
                  (@Field.toDivisionRing.{u_4} 𝕜
                    (@NormedField.toField.{u_4} 𝕜
                      (@DenselyNormedField.toNormedField.{u_4} 𝕜 (@RCLike.toDenselyNormedField.{u_4} 𝕜 inst✝)))))
                𝕜
                (@DivisionRing.toRing.{u_4} 𝕜
                  (@Field.toDivisionRing.{u_4} 𝕜
                    (@NormedField.toField.{u_4} 𝕜
                      (@DenselyNormedField.toNormedField.{u_4} 𝕜 (@RCLike.toDenselyNormedField.{u_4} 𝕜 inst✝)))))
                F
                (@UniformSpace.toTopologicalSpace.{u_6} F
                  (@PseudoMetricSpace.toUniformSpace.{u_6} F
                    (@SeminormedAddCommGroup.toPseudoMetricSpace.{u_6} F inst✝²)))
                (@SeminormedAddCommGroup.toAddCommGroup.{u_6} F inst✝²) E
                (@UniformSpace.toTopologicalSpace.{u_5} E
                  (@PseudoMetricSpace.toUniformSpace.{u_5} E
                    (@SeminormedAddCommGroup.toPseudoMetricSpace.{u_5} E inst✝¹)))
                (@SeminormedAddCommGroup.toAddCommGroup.{u_5} E inst✝¹)
                (@NormedSpace.toModule.{u_4, u_6} 𝕜 F
                  (@DenselyNormedField.toNormedField.{u_4} 𝕜 (@RCLike.toDenselyNormedField.{u_4} 𝕜 inst✝)) inst✝²
                  (@InnerProductSpace.toNormedSpace.{u_4, u_6} 𝕜 F inst✝ inst✝² inst✝³))
                (@NormedSpace.toModule.{u_4, u_5} 𝕜 E
                  (@DenselyNormedField.toNormedField.{u_4} 𝕜 (@RCLike.toDenselyNormedField.{u_4} 𝕜 inst✝)) inst✝¹
                  inst✝⁴)
                (@RingHom.id.{u_4} 𝕜
                  (@Semiring.toNonAssocSemiring.{u_4} 𝕜
                    (@DivisionSemiring.toSemiring.{u_4} 𝕜
                      (@Semifield.toDivisionSemiring.{u_4} 𝕜
                        (@Field.toSemifield.{u_4} 𝕜
                          (@NormedField.toField.{u_4} 𝕜
                            (@DenselyNormedField.toNormedField.{u_4} 𝕜
                              (@RCLike.toDenselyNormedField.{u_4} 𝕜 inst✝))))))))
                ⋯)
              (@ContinuousLinearMap.module.{u_4, u_4, u_4, u_6, u_5} 𝕜 𝕜 𝕜
                (@DivisionSemiring.toSemiring.{u_4} 𝕜
                  (@Semifield.toDivisionSemiring.{u_4} 𝕜
                    (@Field.toSemifield.{u_4} 𝕜
                      (@NormedField.toField.{u_4} 𝕜
                        (@DenselyNormedField.toNormedField.{u_4} 𝕜 (@RCLike.toDenselyNormedField.{u_4} 𝕜 inst✝))))))
                (@DivisionSemiring.toSemiring.{u_4} 𝕜
                  (@Semifield.toDivisionSemiring.{u_4} 𝕜
                    (@Field.toSemifield.{u_4} 𝕜
                      (@NormedField.toField.{u_4} 𝕜
                        (@DenselyNormedField.toNormedField.{u_4} 𝕜 (@RCLike.toDenselyNormedField.{u_4} 𝕜 inst✝))))))
                (@DivisionSemiring.toSemiring.{u_4} 𝕜
                  (@Semifield.toDivisionSemiring.{u_4} 𝕜
                    (@Field.toSemifield.{u_4} 𝕜
                      (@NormedField.toField.{u_4} 𝕜
                        (@DenselyNormedField.toNormedField.{u_4} 𝕜 (@RCLike.toDenselyNormedField.{u_4} 𝕜 inst✝))))))
                F
                (@UniformSpace.toTopologicalSpace.{u_6} F
                  (@PseudoMetricSpace.toUniformSpace.{u_6} F
                    (@SeminormedAddCommGroup.toPseudoMetricSpace.{u_6} F inst✝²)))
                (@AddCommGroup.toAddCommMonoid.{u_6} F (@SeminormedAddCommGroup.toAddCommGroup.{u_6} F inst✝²))
                (@NormedSpace.toModule.{u_4, u_6} 𝕜 F
                  (@DenselyNormedField.toNormedField.{u_4} 𝕜 (@RCLike.toDenselyNormedField.{u_4} 𝕜 inst✝)) inst✝²
                  (@InnerProductSpace.toNormedSpace.{u_4, u_6} 𝕜 F inst✝ inst✝² inst✝³))
                E
                (@UniformSpace.toTopologicalSpace.{u_5} E
                  (@PseudoMetricSpace.toUniformSpace.{u_5} E
                    (@SeminormedAddCommGroup.toPseudoMetricSpace.{u_5} E inst✝¹)))
                (@AddCommGroup.toAddCommMonoid.{u_5} E (@SeminormedAddCommGroup.toAddCommGroup.{u_5} E inst✝¹))
                (@NormedSpace.toModule.{u_4, u_5} 𝕜 E
                  (@DenselyNormedField.toNormedField.{u_4} 𝕜 (@RCLike.toDenselyNormedField.{u_4} 𝕜 inst✝)) inst✝¹
                  inst✝⁴)
                (@NormedSpace.toModule.{u_4, u_5} 𝕜 E
                  (@DenselyNormedField.toNormedField.{u_4} 𝕜 (@RCLike.toDenselyNormedField.{u_4} 𝕜 inst✝)) inst✝¹
                  inst✝⁴)
                ⋯ ⋯
                (@RingHom.id.{u_4} 𝕜
                  (@Semiring.toNonAssocSemiring.{u_4} 𝕜
                    (@DivisionSemiring.toSemiring.{u_4} 𝕜
                      (@Semifield.toDivisionSemiring.{u_4} 𝕜
                        (@Field.toSemifield.{u_4} 𝕜
                          (@NormedField.toField.{u_4} 𝕜
                            (@DenselyNormedField.toNormedField.{u_4} 𝕜
                              (@RCLike.toDenselyNormedField.{u_4} 𝕜 inst✝))))))))
                ⋯)
              (@UniformSpace.toTopologicalSpace.{u_6} F
                (@PseudoMetricSpace.toUniformSpace.{u_6} F
                  (@SeminormedAddCommGroup.toPseudoMetricSpace.{u_6} F inst✝²)))
              (@ContinuousLinearMap.topologicalSpace.{u_4, u_4, u_6, u_5} 𝕜 𝕜
                (@DenselyNormedField.toNormedField.{u_4} 𝕜 (@RCLike.toDenselyNormedField.{u_4} 𝕜 inst✝))
                (@DenselyNormedField.toNormedField.{u_4} 𝕜 (@RCLike.toDenselyNormedField.{u_4} 𝕜 inst✝))
                (@RingHom.id.{u_4} 𝕜
                  (@Semiring.toNonAssocSemiring.{u_4} 𝕜
                    (@DivisionSemiring.toSemiring.{u_4} 𝕜
                      (@Semifield.toDivisionSemiring.{u_4} 𝕜
                        (@Field.toSemifield.{u_4} 𝕜
                          (@NormedField.toField.{u_4} 𝕜
                            (@DenselyNormedField.toNormedField.{u_4} 𝕜
                              (@RCLike.toDenselyNormedField.{u_4} 𝕜 inst✝))))))))
                F E (@SeminormedAddCommGroup.toAddCommGroup.{u_6} F inst✝²)
                (@NormedSpace.toModule.{u_4, u_6} 𝕜 F
                  (@DenselyNormedField.toNormedField.{u_4} 𝕜 (@RCLike.toDenselyNormedField.{u_4} 𝕜 inst✝)) inst✝²
                  (@InnerProductSpace.toNormedSpace.{u_4, u_6} 𝕜 F inst✝ inst✝² inst✝³))
                (@SeminormedAddCommGroup.toAddCommGroup.{u_5} E inst✝¹)
                (@NormedSpace.toModule.{u_4, u_5} 𝕜 E
                  (@DenselyNormedField.toNormedField.{u_4} 𝕜 (@RCLike.toDenselyNormedField.{u_4} 𝕜 inst✝)) inst✝¹
                  inst✝⁴)
                (@UniformSpace.toTopologicalSpace.{u_6} F
                  (@PseudoMetricSpace.toUniformSpace.{u_6} F
                    (@SeminormedAddCommGroup.toPseudoMetricSpace.{u_6} F inst✝²)))
                (@UniformSpace.toTopologicalSpace.{u_5} E
                  (@PseudoMetricSpace.toUniformSpace.{u_5} E
                    (@SeminormedAddCommGroup.toPseudoMetricSpace.{u_5} E inst✝¹)))
                ⋯)
              ⋯)
            (@ContinuousLinearMap.addCommMonoid.{u_4, u_4, u_6, max u_5 u_6} 𝕜 𝕜
              (@DivisionSemiring.toSemiring.{u_4} 𝕜
                (@Semifield.toDivisionSemiring.{u_4} 𝕜
                  (@Field.toSemifield.{u_4} 𝕜
                    (@NormedField.toField.{u_4} 𝕜
                      (@DenselyNormedField.toNormedField.{u_4} 𝕜 (@RCLike.toDenselyNormedField.{u_4} 𝕜 inst✝))))))
              (@DivisionSemiring.toSemiring.{u_4} 𝕜
                (@Semifield.toDivisionSemiring.{u_4} 𝕜
                  (@Field.toSemifield.{u_4} 𝕜
                    (@NormedField.toField.{u_4} 𝕜
                      (@DenselyNormedField.toNormedField.{u_4} 𝕜 (@RCLike.toDenselyNormedField.{u_4} 𝕜 inst✝))))))
              (@starRingEnd.{u_4} 𝕜
                (@Semifield.toCommSemiring.{u_4} 𝕜
                  (@Field.toSemifield.{u_4} 𝕜
                    (@NormedField.toField.{u_4} 𝕜
                      (@DenselyNormedField.toNormedField.{u_4} 𝕜 (@RCLike.toDenselyNormedField.{u_4} 𝕜 inst✝)))))
                (@RCLike.toStarRing.{u_4} 𝕜 inst✝))
              F
              (@UniformSpace.toTopologicalSpace.{u_6} F
                (@PseudoMetricSpace.toUniformSpace.{u_6} F
                  (@SeminormedAddCommGroup.toPseudoMetricSpace.{u_6} F inst✝²)))
              (@AddCommGroup.toAddCommMonoid.{u_6} F (@SeminormedAddCommGroup.toAddCommGroup.{u_6} F inst✝²))
              (@ContinuousLinearMap.{u_4, u_4, u_6, u_5} 𝕜 𝕜
                (@DivisionSemiring.toSemiring.{u_4} 𝕜
                  (@Semifield.toDivisionSemiring.{u_4} 𝕜
                    (@Field.toSemifield.{u_4} 𝕜
                      (@NormedField.toField.{u_4} 𝕜
                        (@DenselyNormedField.toNormedField.{u_4} 𝕜 (@RCLike.toDenselyNormedField.{u_4} 𝕜 inst✝))))))
                (@DivisionSemiring.toSemiring.{u_4} 𝕜
                  (@Semifield.toDivisionSemiring.{u_4} 𝕜
                    (@Field.toSemifield.{u_4} 𝕜
                      (@NormedField.toField.{u_4} 𝕜
                        (@DenselyNormedField.toNormedField.{u_4} 𝕜 (@RCLike.toDenselyNormedField.{u_4} 𝕜 inst✝))))))
                (@RingHom.id.{u_4} 𝕜
                  (@Semiring.toNonAssocSemiring.{u_4} 𝕜
                    (@DivisionSemiring.toSemiring.{u_4} 𝕜
                      (@Semifield.toDivisionSemiring.{u_4} 𝕜
                        (@Field.toSemifield.{u_4} 𝕜
                          (@NormedField.toField.{u_4} 𝕜
                            (@DenselyNormedField.toNormedField.{u_4} 𝕜
                              (@RCLike.toDenselyNormedField.{u_4} 𝕜 inst✝))))))))
                F
                (@UniformSpace.toTopologicalSpace.{u_6} F
                  (@PseudoMetricSpace.toUniformSpace.{u_6} F
                    (@SeminormedAddCommGroup.toPseudoMetricSpace.{u_6} F inst✝²)))
                (@AddCommGroup.toAddCommMonoid.{u_6} F (@SeminormedAddCommGroup.toAddCommGroup.{u_6} F inst✝²)) E
                (@UniformSpace.toTopologicalSpace.{u_5} E
                  (@PseudoMetricSpace.toUniformSpace.{u_5} E
                    (@SeminormedAddCommGroup.toPseudoMetricSpace.{u_5} E inst✝¹)))
                (@AddCommGroup.toAddCommMonoid.{u_5} E (@SeminormedAddCommGroup.toAddCommGroup.{u_5} E inst✝¹))
                (@NormedSpace.toModule.{u_4, u_6} 𝕜 F
                  (@DenselyNormedField.toNormedField.{u_4} 𝕜 (@RCLike.toDenselyNormedField.{u_4} 𝕜 inst✝)) inst✝²
                  (@InnerProductSpace.toNormedSpace.{u_4, u_6} 𝕜 F inst✝ inst✝² inst✝³))
                (@NormedSpace.toModule.{u_4, u_5} 𝕜 E
                  (@DenselyNormedField.toNormedField.{u_4} 𝕜 (@RCLike.toDenselyNormedField.{u_4} 𝕜 inst✝)) inst✝¹
                  inst✝⁴))
              (@ContinuousLinearMap.topologicalSpace.{u_4, u_4, u_6, u_5} 𝕜 𝕜
                (@DenselyNormedField.toNormedField.{u_4} 𝕜 (@RCLike.toDenselyNormedField.{u_4} 𝕜 inst✝))
                (@DenselyNormedField.toNormedField.{u_4} 𝕜 (@RCLike.toDenselyNormedField.{u_4} 𝕜 inst✝))
                (@RingHom.id.{u_4} 𝕜
                  (@Semiring.toNonAssocSemiring.{u_4} 𝕜
                    (@DivisionSemiring.toSemiring.{u_4} 𝕜
                      (@Semifield.toDivisionSemiring.{u_4} 𝕜
                        (@Field.toSemifield.{u_4} 𝕜
                          (@NormedField.toField.{u_4} 𝕜
                            (@DenselyNormedField.toNormedField.{u_4} 𝕜
                              (@RCLike.toDenselyNormedField.{u_4} 𝕜 inst✝))))))))
                F E (@SeminormedAddCommGroup.toAddCommGroup.{u_6} F inst✝²)
                (@NormedSpace.toModule.{u_4, u_6} 𝕜 F
                  (@DenselyNormedField.toNormedField.{u_4} 𝕜 (@RCLike.toDenselyNormedField.{u_4} 𝕜 inst✝)) inst✝²
                  (@InnerProductSpace.toNormedSpace.{u_4, u_6} 𝕜 F inst✝ inst✝² inst✝³))
                (@SeminormedAddCommGroup.toAddCommGroup.{u_5} E inst✝¹)
                (@NormedSpace.toModule.{u_4, u_5} 𝕜 E
                  (@DenselyNormedField.toNormedField.{u_4} 𝕜 (@RCLike.toDenselyNormedField.{u_4} 𝕜 inst✝)) inst✝¹
                  inst✝⁴)
                (@UniformSpace.toTopologicalSpace.{u_6} F
                  (@PseudoMetricSpace.toUniformSpace.{u_6} F
                    (@SeminormedAddCommGroup.toPseudoMetricSpace.{u_6} F inst✝²)))
                (@UniformSpace.toTopologicalSpace.{u_5} E
                  (@PseudoMetricSpace.toUniformSpace.{u_5} E
                    (@SeminormedAddCommGroup.toPseudoMetricSpace.{u_5} E inst✝¹)))
                ⋯)
              (@ContinuousLinearMap.addCommMonoid.{u_4, u_4, u_6, u_5} 𝕜 𝕜
                (@DivisionSemiring.toSemiring.{u_4} 𝕜
                  (@Semifield.toDivisionSemiring.{u_4} 𝕜
                    (@Field.toSemifield.{u_4} 𝕜
                      (@NormedField.toField.{u_4} 𝕜
                        (@DenselyNormedField.toNormedField.{u_4} 𝕜 (@RCLike.toDenselyNormedField.{u_4} 𝕜 inst✝))))))
                (@DivisionSemiring.toSemiring.{u_4} 𝕜
                  (@Semifield.toDivisionSemiring.{u_4} 𝕜
                    (@Field.toSemifield.{u_4} 𝕜
                      (@NormedField.toField.{u_4} 𝕜
                        (@DenselyNormedField.toNormedField.{u_4} 𝕜 (@RCLike.toDenselyNormedField.{u_4} 𝕜 inst✝))))))
                (@RingHom.id.{u_4} 𝕜
                  (@Semiring.toNonAssocSemiring.{u_4} 𝕜
                    (@DivisionSemiring.toSemiring.{u_4} 𝕜
                      (@Semifield.toDivisionSemiring.{u_4} 𝕜
                        (@Field.toSemifield.{u_4} 𝕜
                          (@NormedField.toField.{u_4} 𝕜
                            (@DenselyNormedField.toNormedField.{u_4} 𝕜
                              (@RCLike.toDenselyNormedField.{u_4} 𝕜 inst✝))))))))
                F
                (@UniformSpace.toTopologicalSpace.{u_6} F
                  (@PseudoMetricSpace.toUniformSpace.{u_6} F
                    (@SeminormedAddCommGroup.toPseudoMetricSpace.{u_6} F inst✝²)))
                (@AddCommGroup.toAddCommMonoid.{u_6} F (@SeminormedAddCommGroup.toAddCommGroup.{u_6} F inst✝²)) E
                (@UniformSpace.toTopologicalSpace.{u_5} E
                  (@PseudoMetricSpace.toUniformSpace.{u_5} E
                    (@SeminormedAddCommGroup.toPseudoMetricSpace.{u_5} E inst✝¹)))
                (@AddCommGroup.toAddCommMonoid.{u_5} E (@SeminormedAddCommGroup.toAddCommGroup.{u_5} E inst✝¹))
                (@NormedSpace.toModule.{u_4, u_6} 𝕜 F
                  (@DenselyNormedField.toNormedField.{u_4} 𝕜 (@RCLike.toDenselyNormedField.{u_4} 𝕜 inst✝)) inst✝²
                  (@InnerProductSpace.toNormedSpace.{u_4, u_6} 𝕜 F inst✝ inst✝² inst✝³))
                (@NormedSpace.toModule.{u_4, u_5} 𝕜 E
                  (@DenselyNormedField.toNormedField.{u_4} 𝕜 (@RCLike.toDenselyNormedField.{u_4} 𝕜 inst✝)) inst✝¹
                  inst✝⁴)
                ⋯)
              (@NormedSpace.toModule.{u_4, u_6} 𝕜 F
                (@DenselyNormedField.toNormedField.{u_4} 𝕜 (@RCLike.toDenselyNormedField.{u_4} 𝕜 inst✝)) inst✝²
                (@InnerProductSpace.toNormedSpace.{u_4, u_6} 𝕜 F inst✝ inst✝² inst✝³))
              (@ContinuousLinearMap.module.{u_4, u_4, u_4, u_6, u_5} 𝕜 𝕜 𝕜
                (@DivisionSemiring.toSemiring.{u_4} 𝕜
                  (@Semifield.toDivisionSemiring.{u_4} 𝕜
                    (@Field.toSemifield.{u_4} 𝕜
                      (@NormedField.toField.{u_4} 𝕜
                        (@DenselyNormedField.toNormedField.{u_4} 𝕜 (@RCLike.toDenselyNormedField.{u_4} 𝕜 inst✝))))))
                (@DivisionSemiring.toSemiring.{u_4} 𝕜
                  (@Semifield.toDivisionSemiring.{u_4} 𝕜
                    (@Field.toSemifield.{u_4} 𝕜
                      (@NormedField.toField.{u_4} 𝕜
                        (@DenselyNormedField.toNormedField.{u_4} 𝕜 (@RCLike.toDenselyNormedField.{u_4} 𝕜 inst✝))))))
                (@DivisionSemiring.toSemiring.{u_4} 𝕜
                  (@Semifield.toDivisionSemiring.{u_4} 𝕜
                    (@Field.toSemifield.{u_4} 𝕜
                      (@NormedField.toField.{u_4} 𝕜
                        (@DenselyNormedField.toNormedField.{u_4} 𝕜 (@RCLike.toDenselyNormedField.{u_4} 𝕜 inst✝))))))
                F
                (@UniformSpace.toTopologicalSpace.{u_6} F
                  (@PseudoMetricSpace.toUniformSpace.{u_6} F
                    (@SeminormedAddCommGroup.toPseudoMetricSpace.{u_6} F inst✝²)))
                (@AddCommGroup.toAddCommMonoid.{u_6} F (@SeminormedAddCommGroup.toAddCommGroup.{u_6} F inst✝²))
                (@NormedSpace.toModule.{u_4, u_6} 𝕜 F
                  (@DenselyNormedField.toNormedField.{u_4} 𝕜 (@RCLike.toDenselyNormedField.{u_4} 𝕜 inst✝)) inst✝²
                  (@InnerProductSpace.toNormedSpace.{u_4, u_6} 𝕜 F inst✝ inst✝² inst✝³))
                E
                (@UniformSpace.toTopologicalSpace.{u_5} E
                  (@PseudoMetricSpace.toUniformSpace.{u_5} E
                    (@SeminormedAddCommGroup.toPseudoMetricSpace.{u_5} E inst✝¹)))
                (@AddCommGroup.toAddCommMonoid.{u_5} E (@SeminormedAddCommGroup.toAddCommGroup.{u_5} E inst✝¹))
                (@NormedSpace.toModule.{u_4, u_5} 𝕜 E
                  (@DenselyNormedField.toNormedField.{u_4} 𝕜 (@RCLike.toDenselyNormedField.{u_4} 𝕜 inst✝)) inst✝¹
                  inst✝⁴)
                (@NormedSpace.toModule.{u_4, u_5} 𝕜 E
                  (@DenselyNormedField.toNormedField.{u_4} 𝕜 (@RCLike.toDenselyNormedField.{u_4} 𝕜 inst✝)) inst✝¹
                  inst✝⁴)
                ⋯ ⋯
                (@RingHom.id.{u_4} 𝕜
                  (@Semiring.toNonAssocSemiring.{u_4} 𝕜
                    (@DivisionSemiring.toSemiring.{u_4} 𝕜
                      (@Semifield.toDivisionSemiring.{u_4} 𝕜
                        (@Field.toSemifield.{u_4} 𝕜
                          (@NormedField.toField.{u_4} 𝕜
                            (@DenselyNormedField.toNormedField.{u_4} 𝕜
                              (@RCLike.toDenselyNormedField.{u_4} 𝕜 inst✝))))))))
                ⋯)
              ⋯)
            (@NormedSpace.toModule.{u_4, u_5} 𝕜 E
              (@DenselyNormedField.toNormedField.{u_4} 𝕜 (@RCLike.toDenselyNormedField.{u_4} 𝕜 inst✝)) inst✝¹ inst✝⁴)
            (@ContinuousLinearMap.module.{u_4, u_4, u_4, u_6, max u_5 u_6} 𝕜 𝕜 𝕜
              (@DivisionSemiring.toSemiring.{u_4} 𝕜
                (@Semifield.toDivisionSemiring.{u_4} 𝕜
                  (@Field.toSemifield.{u_4} 𝕜
                    (@NormedField.toField.{u_4} 𝕜
                      (@DenselyNormedField.toNormedField.{u_4} 𝕜 (@RCLike.toDenselyNormedField.{u_4} 𝕜 inst✝))))))
              (@DivisionSemiring.toSemiring.{u_4} 𝕜
                (@Semifield.toDivisionSemiring.{u_4} 𝕜
                  (@Field.toSemifield.{u_4} 𝕜
                    (@NormedField.toField.{u_4} 𝕜
                      (@DenselyNormedField.toNormedField.{u_4} 𝕜 (@RCLike.toDenselyNormedField.{u_4} 𝕜 inst✝))))))
              (@DivisionSemiring.toSemiring.{u_4} 𝕜
                (@Semifield.toDivisionSemiring.{u_4} 𝕜
                  (@Field.toSemifield.{u_4} 𝕜
                    (@NormedField.toField.{u_4} 𝕜
                      (@DenselyNormedField.toNormedField.{u_4} 𝕜 (@RCLike.toDenselyNormedField.{u_4} 𝕜 inst✝))))))
              F
              (@UniformSpace.toTopologicalSpace.{u_6} F
                (@PseudoMetricSpace.toUniformSpace.{u_6} F
                  (@SeminormedAddCommGroup.toPseudoMetricSpace.{u_6} F inst✝²)))
              (@AddCommGroup.toAddCommMonoid.{u_6} F (@SeminormedAddCommGroup.toAddCommGroup.{u_6} F inst✝²))
              (@NormedSpace.toModule.{u_4, u_6} 𝕜 F
                (@DenselyNormedField.toNormedField.{u_4} 𝕜 (@RCLike.toDenselyNormedField.{u_4} 𝕜 inst✝)) inst✝²
                (@InnerProductSpace.toNormedSpace.{u_4, u_6} 𝕜 F inst✝ inst✝² inst✝³))
              (@ContinuousLinearMap.{u_4, u_4, u_6, u_5} 𝕜 𝕜
                (@DivisionSemiring.toSemiring.{u_4} 𝕜
                  (@Semifield.toDivisionSemiring.{u_4} 𝕜
                    (@Field.toSemifield.{u_4} 𝕜
                      (@NormedField.toField.{u_4} 𝕜
                        (@DenselyNormedField.toNormedField.{u_4} 𝕜 (@RCLike.toDenselyNormedField.{u_4} 𝕜 inst✝))))))
                (@DivisionSemiring.toSemiring.{u_4} 𝕜
                  (@Semifield.toDivisionSemiring.{u_4} 𝕜
                    (@Field.toSemifield.{u_4} 𝕜
                      (@NormedField.toField.{u_4} 𝕜
                        (@DenselyNormedField.toNormedField.{u_4} 𝕜 (@RCLike.toDenselyNormedField.{u_4} 𝕜 inst✝))))))
                (@RingHom.id.{u_4} 𝕜
                  (@Semiring.toNonAssocSemiring.{u_4} 𝕜
                    (@DivisionSemiring.toSemiring.{u_4} 𝕜
                      (@Semifield.toDivisionSemiring.{u_4} 𝕜
                        (@Field.toSemifield.{u_4} 𝕜
                          (@NormedField.toField.{u_4} 𝕜
                            (@DenselyNormedField.toNormedField.{u_4} 𝕜
                              (@RCLike.toDenselyNormedField.{u_4} 𝕜 inst✝))))))))
                F
                (@UniformSpace.toTopologicalSpace.{u_6} F
                  (@PseudoMetricSpace.toUniformSpace.{u_6} F
                    (@SeminormedAddCommGroup.toPseudoMetricSpace.{u_6} F inst✝²)))
                (@AddCommGroup.toAddCommMonoid.{u_6} F (@SeminormedAddCommGroup.toAddCommGroup.{u_6} F inst✝²)) E
                (@UniformSpace.toTopologicalSpace.{u_5} E
                  (@PseudoMetricSpace.toUniformSpace.{u_5} E
                    (@SeminormedAddCommGroup.toPseudoMetricSpace.{u_5} E inst✝¹)))
                (@AddCommGroup.toAddCommMonoid.{u_5} E (@SeminormedAddCommGroup.toAddCommGroup.{u_5} E inst✝¹))
                (@NormedSpace.toModule.{u_4, u_6} 𝕜 F
                  (@DenselyNormedField.toNormedField.{u_4} 𝕜 (@RCLike.toDenselyNormedField.{u_4} 𝕜 inst✝)) inst✝²
                  (@InnerProductSpace.toNormedSpace.{u_4, u_6} 𝕜 F inst✝ inst✝² inst✝³))
                (@NormedSpace.toModule.{u_4, u_5} 𝕜 E
                  (@DenselyNormedField.toNormedField.{u_4} 𝕜 (@RCLike.toDenselyNormedField.{u_4} 𝕜 inst✝)) inst✝¹
                  inst✝⁴))
              (@ContinuousLinearMap.topologicalSpace.{u_4, u_4, u_6, u_5} 𝕜 𝕜
                (@DenselyNormedField.toNormedField.{u_4} 𝕜 (@RCLike.toDenselyNormedField.{u_4} 𝕜 inst✝))
                (@DenselyNormedField.toNormedField.{u_4} 𝕜 (@RCLike.toDenselyNormedField.{u_4} 𝕜 inst✝))
                (@RingHom.id.{u_4} 𝕜
                  (@Semiring.toNonAssocSemiring.{u_4} 𝕜
                    (@DivisionSemiring.toSemiring.{u_4} 𝕜
                      (@Semifield.toDivisionSemiring.{u_4} 𝕜
                        (@Field.toSemifield.{u_4} 𝕜
                          (@NormedField.toField.{u_4} 𝕜
                            (@DenselyNormedField.toNormedField.{u_4} 𝕜
                              (@RCLike.toDenselyNormedField.{u_4} 𝕜 inst✝))))))))
                F E (@SeminormedAddCommGroup.toAddCommGroup.{u_6} F inst✝²)
                (@NormedSpace.toModule.{u_4, u_6} 𝕜 F
                  (@DenselyNormedField.toNormedField.{u_4} 𝕜 (@RCLike.toDenselyNormedField.{u_4} 𝕜 inst✝)) inst✝²
                  (@InnerProductSpace.toNormedSpace.{u_4, u_6} 𝕜 F inst✝ inst✝² inst✝³))
                (@SeminormedAddCommGroup.toAddCommGroup.{u_5} E inst✝¹)
                (@NormedSpace.toModule.{u_4, u_5} 𝕜 E
                  (@DenselyNormedField.toNormedField.{u_4} 𝕜 (@RCLike.toDenselyNormedField.{u_4} 𝕜 inst✝)) inst✝¹
                  inst✝⁴)
                (@UniformSpace.toTopologicalSpace.{u_6} F
                  (@PseudoMetricSpace.toUniformSpace.{u_6} F
                    (@SeminormedAddCommGroup.toPseudoMetricSpace.{u_6} F inst✝²)))
                (@UniformSpace.toTopologicalSpace.{u_5} E
                  (@PseudoMetricSpace.toUniformSpace.{u_5} E
                    (@SeminormedAddCommGroup.toPseudoMetricSpace.{u_5} E inst✝¹)))
                ⋯)
              (@ContinuousLinearMap.addCommMonoid.{u_4, u_4, u_6, u_5} 𝕜 𝕜
                (@DivisionSemiring.toSemiring.{u_4} 𝕜
                  (@Semifield.toDivisionSemiring.{u_4} 𝕜
                    (@Field.toSemifield.{u_4} 𝕜
                      (@NormedField.toField.{u_4} 𝕜
                        (@DenselyNormedField.toNormedField.{u_4} 𝕜 (@RCLike.toDenselyNormedField.{u_4} 𝕜 inst✝))))))
                (@DivisionSemiring.toSemiring.{u_4} 𝕜
                  (@Semifield.toDivisionSemiring.{u_4} 𝕜
                    (@Field.toSemifield.{u_4} 𝕜
                      (@NormedField.toField.{u_4} 𝕜
                        (@DenselyNormedField.toNormedField.{u_4} 𝕜 (@RCLike.toDenselyNormedField.{u_4} 𝕜 inst✝))))))
                (@RingHom.id.{u_4} 𝕜
                  (@Semiring.toNonAssocSemiring.{u_4} 𝕜
                    (@DivisionSemiring.toSemiring.{u_4} 𝕜
                      (@Semifield.toDivisionSemiring.{u_4} 𝕜
                        (@Field.toSemifield.{u_4} 𝕜
                          (@NormedField.toField.{u_4} 𝕜
                            (@DenselyNormedField.toNormedField.{u_4} 𝕜
                              (@RCLike.toDenselyNormedField.{u_4} 𝕜 inst✝))))))))
                F
                (@UniformSpace.toTopologicalSpace.{u_6} F
                  (@PseudoMetricSpace.toUniformSpace.{u_6} F
                    (@SeminormedAddCommGroup.toPseudoMetricSpace.{u_6} F inst✝²)))
                (@AddCommGroup.toAddCommMonoid.{u_6} F (@SeminormedAddCommGroup.toAddCommGroup.{u_6} F inst✝²)) E
                (@UniformSpace.toTopologicalSpace.{u_5} E
                  (@PseudoMetricSpace.toUniformSpace.{u_5} E
                    (@SeminormedAddCommGroup.toPseudoMetricSpace.{u_5} E inst✝¹)))
                (@AddCommGroup.toAddCommMonoid.{u_5} E (@SeminormedAddCommGroup.toAddCommGroup.{u_5} E inst✝¹))
                (@NormedSpace.toModule.{u_4, u_6} 𝕜 F
                  (@DenselyNormedField.toNormedField.{u_4} 𝕜 (@RCLike.toDenselyNormedField.{u_4} 𝕜 inst✝)) inst✝²
                  (@InnerProductSpace.toNormedSpace.{u_4, u_6} 𝕜 F inst✝ inst✝² inst✝³))
                (@NormedSpace.toModule.{u_4, u_5} 𝕜 E
                  (@DenselyNormedField.toNormedField.{u_4} 𝕜 (@RCLike.toDenselyNormedField.{u_4} 𝕜 inst✝)) inst✝¹
                  inst✝⁴)
                ⋯)
              (@ContinuousLinearMap.module.{u_4, u_4, u_4, u_6, u_5} 𝕜 𝕜 𝕜
                (@DivisionSemiring.toSemiring.{u_4} 𝕜
                  (@Semifield.toDivisionSemiring.{u_4} 𝕜
                    (@Field.toSemifield.{u_4} 𝕜
                      (@NormedField.toField.{u_4} 𝕜
                        (@DenselyNormedField.toNormedField.{u_4} 𝕜 (@RCLike.toDenselyNormedField.{u_4} 𝕜 inst✝))))))
                (@DivisionSemiring.toSemiring.{u_4} 𝕜
                  (@Semifield.toDivisionSemiring.{u_4} 𝕜
                    (@Field.toSemifield.{u_4} 𝕜
                      (@NormedField.toField.{u_4} 𝕜
                        (@DenselyNormedField.toNormedField.{u_4} 𝕜 (@RCLike.toDenselyNormedField.{u_4} 𝕜 inst✝))))))
                (@DivisionSemiring.toSemiring.{u_4} 𝕜
                  (@Semifield.toDivisionSemiring.{u_4} 𝕜
                    (@Field.toSemifield.{u_4} 𝕜
                      (@NormedField.toField.{u_4} 𝕜
                        (@DenselyNormedField.toNormedField.{u_4} 𝕜 (@RCLike.toDenselyNormedField.{u_4} 𝕜 inst✝))))))
                F
                (@UniformSpace.toTopologicalSpace.{u_6} F
                  (@PseudoMetricSpace.toUniformSpace.{u_6} F
                    (@SeminormedAddCommGroup.toPseudoMetricSpace.{u_6} F inst✝²)))
                (@AddCommGroup.toAddCommMonoid.{u_6} F (@SeminormedAddCommGroup.toAddCommGroup.{u_6} F inst✝²))
                (@NormedSpace.toModule.{u_4, u_6} 𝕜 F
                  (@DenselyNormedField.toNormedField.{u_4} 𝕜 (@RCLike.toDenselyNormedField.{u_4} 𝕜 inst✝)) inst✝²
                  (@InnerProductSpace.toNormedSpace.{u_4, u_6} 𝕜 F inst✝ inst✝² inst✝³))
                E
                (@UniformSpace.toTopologicalSpace.{u_5} E
                  (@PseudoMetricSpace.toUniformSpace.{u_5} E
                    (@SeminormedAddCommGroup.toPseudoMetricSpace.{u_5} E inst✝¹)))
                (@AddCommGroup.toAddCommMonoid.{u_5} E (@SeminormedAddCommGroup.toAddCommGroup.{u_5} E inst✝¹))
                (@NormedSpace.toModule.{u_4, u_5} 𝕜 E
                  (@DenselyNormedField.toNormedField.{u_4} 𝕜 (@RCLike.toDenselyNormedField.{u_4} 𝕜 inst✝)) inst✝¹
                  inst✝⁴)
                (@NormedSpace.toModule.{u_4, u_5} 𝕜 E
                  (@DenselyNormedField.toNormedField.{u_4} 𝕜 (@RCLike.toDenselyNormedField.{u_4} 𝕜 inst✝)) inst✝¹
                  inst✝⁴)
                ⋯ ⋯
                (@RingHom.id.{u_4} 𝕜
                  (@Semiring.toNonAssocSemiring.{u_4} 𝕜
                    (@DivisionSemiring.toSemiring.{u_4} 𝕜
                      (@Semifield.toDivisionSemiring.{u_4} 𝕜
                        (@Field.toSemifield.{u_4} 𝕜
                          (@NormedField.toField.{u_4} 𝕜
                            (@DenselyNormedField.toNormedField.{u_4} 𝕜
                              (@RCLike.toDenselyNormedField.{u_4} 𝕜 inst✝))))))))
                ⋯)
              (@ContinuousLinearMap.module.{u_4, u_4, u_4, u_6, u_5} 𝕜 𝕜 𝕜
                (@DivisionSemiring.toSemiring.{u_4} 𝕜
                  (@Semifield.toDivisionSemiring.{u_4} 𝕜
                    (@Field.toSemifield.{u_4} 𝕜
                      (@NormedField.toField.{u_4} 𝕜
                        (@DenselyNormedField.toNormedField.{u_4} 𝕜 (@RCLike.toDenselyNormedField.{u_4} 𝕜 inst✝))))))
                (@DivisionSemiring.toSemiring.{u_4} 𝕜
                  (@Semifield.toDivisionSemiring.{u_4} 𝕜
                    (@Field.toSemifield.{u_4} 𝕜
                      (@NormedField.toField.{u_4} 𝕜
                        (@DenselyNormedField.toNormedField.{u_4} 𝕜 (@RCLike.toDenselyNormedField.{u_4} 𝕜 inst✝))))))
                (@DivisionSemiring.toSemiring.{u_4} 𝕜
                  (@Semifield.toDivisionSemiring.{u_4} 𝕜
                    (@Field.toSemifield.{u_4} 𝕜
                      (@NormedField.toField.{u_4} 𝕜
                        (@DenselyNormedField.toNormedField.{u_4} 𝕜 (@RCLike.toDenselyNormedField.{u_4} 𝕜 inst✝))))))
                F
                (@UniformSpace.toTopologicalSpace.{u_6} F
                  (@PseudoMetricSpace.toUniformSpace.{u_6} F
                    (@SeminormedAddCommGroup.toPseudoMetricSpace.{u_6} F inst✝²)))
                (@AddCommGroup.toAddCommMonoid.{u_6} F (@SeminormedAddCommGroup.toAddCommGroup.{u_6} F inst✝²))
                (@NormedSpace.toModule.{u_4, u_6} 𝕜 F
                  (@DenselyNormedField.toNormedField.{u_4} 𝕜 (@RCLike.toDenselyNormedField.{u_4} 𝕜 inst✝)) inst✝²
                  (@InnerProductSpace.toNormedSpace.{u_4, u_6} 𝕜 F inst✝ inst✝² inst✝³))
                E
                (@UniformSpace.toTopologicalSpace.{u_5} E
                  (@PseudoMetricSpace.toUniformSpace.{u_5} E
                    (@SeminormedAddCommGroup.toPseudoMetricSpace.{u_5} E inst✝¹)))
                (@AddCommGroup.toAddCommMonoid.{u_5} E (@SeminormedAddCommGroup.toAddCommGroup.{u_5} E inst✝¹))
                (@NormedSpace.toModule.{u_4, u_5} 𝕜 E
                  (@DenselyNormedField.toNormedField.{u_4} 𝕜 (@RCLike.toDenselyNormedField.{u_4} 𝕜 inst✝)) inst✝¹
                  inst✝⁴)
                (@NormedSpace.toModule.{u_4, u_5} 𝕜 E
                  (@DenselyNormedField.toNormedField.{u_4} 𝕜 (@RCLike.toDenselyNormedField.{u_4} 𝕜 inst✝)) inst✝¹
                  inst✝⁴)
                ⋯ ⋯
                (@RingHom.id.{u_4} 𝕜
                  (@Semiring.toNonAssocSemiring.{u_4} 𝕜
                    (@DivisionSemiring.toSemiring.{u_4} 𝕜
                      (@Semifield.toDivisionSemiring.{u_4} 𝕜
                        (@Field.toSemifield.{u_4} 𝕜
                          (@NormedField.toField.{u_4} 𝕜
                            (@DenselyNormedField.toNormedField.{u_4} 𝕜
                              (@RCLike.toDenselyNormedField.{u_4} 𝕜 inst✝))))))))
                ⋯)
              ⋯ ⋯
              (@starRingEnd.{u_4} 𝕜
                (@Semifield.toCommSemiring.{u_4} 𝕜
                  (@Field.toSemifield.{u_4} 𝕜
                    (@NormedField.toField.{u_4} 𝕜
                      (@DenselyNormedField.toNormedField.{u_4} 𝕜 (@RCLike.toDenselyNormedField.{u_4} 𝕜 inst✝)))))
                (@RCLike.toStarRing.{u_4} 𝕜 inst✝))
              ⋯))
          E
          (fun x =>
            @ContinuousLinearMap.{u_4, u_4, u_6, max u_5 u_6} 𝕜 𝕜
              (@DivisionSemiring.toSemiring.{u_4} 𝕜
                (@Semifield.toDivisionSemiring.{u_4} 𝕜
                  (@Field.toSemifield.{u_4} 𝕜
                    (@NormedField.toField.{u_4} 𝕜
                      (@DenselyNormedField.toNormedField.{u_4} 𝕜 (@RCLike.toDenselyNormedField.{u_4} 𝕜 inst✝))))))
              (@DivisionSemiring.toSemiring.{u_4} 𝕜
                (@Semifield.toDivisionSemiring.{u_4} 𝕜
                  (@Field.toSemifield.{u_4} 𝕜
                    (@NormedField.toField.{u_4} 𝕜
                      (@DenselyNormedField.toNormedField.{u_4} 𝕜 (@RCLike.toDenselyNormedField.{u_4} 𝕜 inst✝))))))
              (@starRingEnd.{u_4} 𝕜
                (@Semifield.toCommSemiring.{u_4} 𝕜
                  (@Field.toSemifield.{u_4} 𝕜
                    (@NormedField.toField.{u_4} 𝕜
                      (@DenselyNormedField.toNormedField.{u_4} 𝕜 (@RCLike.toDenselyNormedField.{u_4} 𝕜 inst✝)))))
                (@RCLike.toStarRing.{u_4} 𝕜 inst✝))
              F
              (@UniformSpace.toTopologicalSpace.{u_6} F
                (@PseudoMetricSpace.toUniformSpace.{u_6} F
                  (@SeminormedAddCommGroup.toPseudoMetricSpace.{u_6} F inst✝²)))
              (@AddCommGroup.toAddCommMonoid.{u_6} F (@SeminormedAddCommGroup.toAddCommGroup.{u_6} F inst✝²))
              (@ContinuousLinearMap.{u_4, u_4, u_6, u_5} 𝕜 𝕜
                (@DivisionSemiring.toSemiring.{u_4} 𝕜
                  (@Semifield.toDivisionSemiring.{u_4} 𝕜
                    (@Field.toSemifield.{u_4} 𝕜
                      (@NormedField.toField.{u_4} 𝕜
                        (@DenselyNormedField.toNormedField.{u_4} 𝕜 (@RCLike.toDenselyNormedField.{u_4} 𝕜 inst✝))))))
                (@DivisionSemiring.toSemiring.{u_4} 𝕜
                  (@Semifield.toDivisionSemiring.{u_4} 𝕜
                    (@Field.toSemifield.{u_4} 𝕜
                      (@NormedField.toField.{u_4} 𝕜
                        (@DenselyNormedField.toNormedField.{u_4} 𝕜 (@RCLike.toDenselyNormedField.{u_4} 𝕜 inst✝))))))
                (@RingHom.id.{u_4} 𝕜
                  (@Semiring.toNonAssocSemiring.{u_4} 𝕜
                    (@DivisionSemiring.toSemiring.{u_4} 𝕜
                      (@Semifield.toDivisionSemiring.{u_4} 𝕜
                        (@Field.toSemifield.{u_4} 𝕜
                          (@NormedField.toField.{u_4} 𝕜
                            (@DenselyNormedField.toNormedField.{u_4} 𝕜
                              (@RCLike.toDenselyNormedField.{u_4} 𝕜 inst✝))))))))
                F
                (@UniformSpace.toTopologicalSpace.{u_6} F
                  (@PseudoMetricSpace.toUniformSpace.{u_6} F
                    (@SeminormedAddCommGroup.toPseudoMetricSpace.{u_6} F inst✝²)))
                (@AddCommGroup.toAddCommMonoid.{u_6} F (@SeminormedAddCommGroup.toAddCommGroup.{u_6} F inst✝²)) E
                (@UniformSpace.toTopologicalSpace.{u_5} E
                  (@PseudoMetricSpace.toUniformSpace.{u_5} E
                    (@SeminormedAddCommGroup.toPseudoMetricSpace.{u_5} E inst✝¹)))
                (@AddCommGroup.toAddCommMonoid.{u_5} E (@SeminormedAddCommGroup.toAddCommGroup.{u_5} E inst✝¹))
                (@NormedSpace.toModule.{u_4, u_6} 𝕜 F
                  (@DenselyNormedField.toNormedField.{u_4} 𝕜 (@RCLike.toDenselyNormedField.{u_4} 𝕜 inst✝)) inst✝²
                  (@InnerProductSpace.toNormedSpace.{u_4, u_6} 𝕜 F inst✝ inst✝² inst✝³))
                (@NormedSpace.toModule.{u_4, u_5} 𝕜 E
                  (@DenselyNormedField.toNormedField.{u_4} 𝕜 (@RCLike.toDenselyNormedField.{u_4} 𝕜 inst✝)) inst✝¹
                  inst✝⁴))
              (@ContinuousLinearMap.topologicalSpace.{u_4, u_4, u_6, u_5} 𝕜 𝕜
                (@DenselyNormedField.toNormedField.{u_4} 𝕜 (@RCLike.toDenselyNormedField.{u_4} 𝕜 inst✝))
                (@DenselyNormedField.toNormedField.{u_4} 𝕜 (@RCLike.toDenselyNormedField.{u_4} 𝕜 inst✝))
                (@RingHom.id.{u_4} 𝕜
                  (@Semiring.toNonAssocSemiring.{u_4} 𝕜
                    (@DivisionSemiring.toSemiring.{u_4} 𝕜
                      (@Semifield.toDivisionSemiring.{u_4} 𝕜
                        (@Field.toSemifield.{u_4} 𝕜
                          (@NormedField.toField.{u_4} 𝕜
                            (@DenselyNormedField.toNormedField.{u_4} 𝕜
                              (@RCLike.toDenselyNormedField.{u_4} 𝕜 inst✝))))))))
                F E (@SeminormedAddCommGroup.toAddCommGroup.{u_6} F inst✝²)
                (@NormedSpace.toModule.{u_4, u_6} 𝕜 F
                  (@DenselyNormedField.toNormedField.{u_4} 𝕜 (@RCLike.toDenselyNormedField.{u_4} 𝕜 inst✝)) inst✝²
                  (@InnerProductSpace.toNormedSpace.{u_4, u_6} 𝕜 F inst✝ inst✝² inst✝³))
                (@SeminormedAddCommGroup.toAddCommGroup.{u_5} E inst✝¹)
                (@NormedSpace.toModule.{u_4, u_5} 𝕜 E
                  (@DenselyNormedField.toNormedField.{u_4} 𝕜 (@RCLike.toDenselyNormedField.{u_4} 𝕜 inst✝)) inst✝¹
                  inst✝⁴)
                (@UniformSpace.toTopologicalSpace.{u_6} F
                  (@PseudoMetricSpace.toUniformSpace.{u_6} F
                    (@SeminormedAddCommGroup.toPseudoMetricSpace.{u_6} F inst✝²)))
                (@UniformSpace.toTopologicalSpace.{u_5} E
                  (@PseudoMetricSpace.toUniformSpace.{u_5} E
                    (@SeminormedAddCommGroup.toPseudoMetricSpace.{u_5} E inst✝¹)))
                ⋯)
              (@ContinuousLinearMap.addCommMonoid.{u_4, u_4, u_6, u_5} 𝕜 𝕜
                (@DivisionSemiring.toSemiring.{u_4} 𝕜
                  (@Semifield.toDivisionSemiring.{u_4} 𝕜
                    (@Field.toSemifield.{u_4} 𝕜
                      (@NormedField.toField.{u_4} 𝕜
                        (@DenselyNormedField.toNormedField.{u_4} 𝕜 (@RCLike.toDenselyNormedField.{u_4} 𝕜 inst✝))))))
                (@DivisionSemiring.toSemiring.{u_4} 𝕜
                  (@Semifield.toDivisionSemiring.{u_4} 𝕜
                    (@Field.toSemifield.{u_4} 𝕜
                      (@NormedField.toField.{u_4} 𝕜
                        (@DenselyNormedField.toNormedField.{u_4} 𝕜 (@RCLike.toDenselyNormedField.{u_4} 𝕜 inst✝))))))
                (@RingHom.id.{u_4} 𝕜
                  (@Semiring.toNonAssocSemiring.{u_4} 𝕜
                    (@DivisionSemiring.toSemiring.{u_4} 𝕜
                      (@Semifield.toDivisionSemiring.{u_4} 𝕜
                        (@Field.toSemifield.{u_4} 𝕜
                          (@NormedField.toField.{u_4} 𝕜
                            (@DenselyNormedField.toNormedField.{u_4} 𝕜
                              (@RCLike.toDenselyNormedField.{u_4} 𝕜 inst✝))))))))
                F
                (@UniformSpace.toTopologicalSpace.{u_6} F
                  (@PseudoMetricSpace.toUniformSpace.{u_6} F
                    (@SeminormedAddCommGroup.toPseudoMetricSpace.{u_6} F inst✝²)))
                (@AddCommGroup.toAddCommMonoid.{u_6} F (@SeminormedAddCommGroup.toAddCommGroup.{u_6} F inst✝²)) E
                (@UniformSpace.toTopologicalSpace.{u_5} E
                  (@PseudoMetricSpace.toUniformSpace.{u_5} E
                    (@SeminormedAddCommGroup.toPseudoMetricSpace.{u_5} E inst✝¹)))
                (@AddCommGroup.toAddCommMonoid.{u_5} E (@SeminormedAddCommGroup.toAddCommGroup.{u_5} E inst✝¹))
                (@NormedSpace.toModule.{u_4, u_6} 𝕜 F
                  (@DenselyNormedField.toNormedField.{u_4} 𝕜 (@RCLike.toDenselyNormedField.{u_4} 𝕜 inst✝)) inst✝²
                  (@InnerProductSpace.toNormedSpace.{u_4, u_6} 𝕜 F inst✝ inst✝² inst✝³))
                (@NormedSpace.toModule.{u_4, u_5} 𝕜 E
                  (@DenselyNormedField.toNormedField.{u_4} 𝕜 (@RCLike.toDenselyNormedField.{u_4} 𝕜 inst✝)) inst✝¹
                  inst✝⁴)
                ⋯)
              (@NormedSpace.toModule.{u_4, u_6} 𝕜 F
                (@DenselyNormedField.toNormedField.{u_4} 𝕜 (@RCLike.toDenselyNormedField.{u_4} 𝕜 inst✝)) inst✝²
                (@InnerProductSpace.toNormedSpace.{u_4, u_6} 𝕜 F inst✝ inst✝² inst✝³))
              (@ContinuousLinearMap.module.{u_4, u_4, u_4, u_6, u_5} 𝕜 𝕜 𝕜
                (@DivisionSemiring.toSemiring.{u_4} 𝕜
                  (@Semifield.toDivisionSemiring.{u_4} 𝕜
                    (@Field.toSemifield.{u_4} 𝕜
                      (@NormedField.toField.{u_4} 𝕜
                        (@DenselyNormedField.toNormedField.{u_4} 𝕜 (@RCLike.toDenselyNormedField.{u_4} 𝕜 inst✝))))))
                (@DivisionSemiring.toSemiring.{u_4} 𝕜
                  (@Semifield.toDivisionSemiring.{u_4} 𝕜
                    (@Field.toSemifield.{u_4} 𝕜
                      (@NormedField.toField.{u_4} 𝕜
                        (@DenselyNormedField.toNormedField.{u_4} 𝕜 (@RCLike.toDenselyNormedField.{u_4} 𝕜 inst✝))))))
                (@DivisionSemiring.toSemiring.{u_4} 𝕜
                  (@Semifield.toDivisionSemiring.{u_4} 𝕜
                    (@Field.toSemifield.{u_4} 𝕜
                      (@NormedField.toField.{u_4} 𝕜
                        (@DenselyNormedField.toNormedField.{u_4} 𝕜 (@RCLike.toDenselyNormedField.{u_4} 𝕜 inst✝))))))
                F
                (@UniformSpace.toTopologicalSpace.{u_6} F
                  (@PseudoMetricSpace.toUniformSpace.{u_6} F
                    (@SeminormedAddCommGroup.toPseudoMetricSpace.{u_6} F inst✝²)))
                (@AddCommGroup.toAddCommMonoid.{u_6} F (@SeminormedAddCommGroup.toAddCommGroup.{u_6} F inst✝²))
                (@NormedSpace.toModule.{u_4, u_6} 𝕜 F
                  (@DenselyNormedField.toNormedField.{u_4} 𝕜 (@RCLike.toDenselyNormedField.{u_4} 𝕜 inst✝)) inst✝²
                  (@InnerProductSpace.toNormedSpace.{u_4, u_6} 𝕜 F inst✝ inst✝² inst✝³))
                E
                (@UniformSpace.toTopologicalSpace.{u_5} E
                  (@PseudoMetricSpace.toUniformSpace.{u_5} E
                    (@SeminormedAddCommGroup.toPseudoMetricSpace.{u_5} E inst✝¹)))
                (@AddCommGroup.toAddCommMonoid.{u_5} E (@SeminormedAddCommGroup.toAddCommGroup.{u_5} E inst✝¹))
                (@NormedSpace.toModule.{u_4, u_5} 𝕜 E
                  (@DenselyNormedField.toNormedField.{u_4} 𝕜 (@RCLike.toDenselyNormedField.{u_4} 𝕜 inst✝)) inst✝¹
                  inst✝⁴)
                (@NormedSpace.toModule.{u_4, u_5} 𝕜 E
                  (@DenselyNormedField.toNormedField.{u_4} 𝕜 (@RCLike.toDenselyNormedField.{u_4} 𝕜 inst✝)) inst✝¹
                  inst✝⁴)
                ⋯ ⋯
                (@RingHom.id.{u_4} 𝕜
                  (@Semiring.toNonAssocSemiring.{u_4} 𝕜
                    (@DivisionSemiring.toSemiring.{u_4} 𝕜
                      (@Semifield.toDivisionSemiring.{u_4} 𝕜
                        (@Field.toSemifield.{u_4} 𝕜
                          (@NormedField.toField.{u_4} 𝕜
                            (@DenselyNormedField.toNormedField.{u_4} 𝕜
                              (@RCLike.toDenselyNormedField.{u_4} 𝕜 inst✝))))))))
                ⋯))
          (@ContinuousLinearMap.funLike.{u_4, u_4, u_5, max u_6 u_5} 𝕜 𝕜
            (@DivisionSemiring.toSemiring.{u_4} 𝕜
              (@Semifield.toDivisionSemiring.{u_4} 𝕜
                (@Field.toSemifield.{u_4} 𝕜
                  (@NormedField.toField.{u_4} 𝕜
                    (@DenselyNormedField.toNormedField.{u_4} 𝕜 (@RCLike.toDenselyNormedField.{u_4} 𝕜 inst✝))))))
            (@DivisionSemiring.toSemiring.{u_4} 𝕜
              (@Semifield.toDivisionSemiring.{u_4} 𝕜
                (@Field.toSemifield.{u_4} 𝕜
                  (@NormedField.toField.{u_4} 𝕜
                    (@DenselyNormedField.toNormedField.{u_4} 𝕜 (@RCLike.toDenselyNormedField.{u_4} 𝕜 inst✝))))))
            (@RingHom.id.{u_4} 𝕜
              (@Semiring.toNonAssocSemiring.{u_4} 𝕜
                (@DivisionSemiring.toSemiring.{u_4} 𝕜
                  (@Semifield.toDivisionSemiring.{u_4} 𝕜
                    (@Field.toSemifield.{u_4} 𝕜
                      (@NormedField.toField.{u_4} 𝕜
                        (@DenselyNormedField.toNormedField.{u_4} 𝕜 (@RCLike.toDenselyNormedField.{u_4} 𝕜 inst✝))))))))
            E
            (@UniformSpace.toTopologicalSpace.{u_5} E
              (@PseudoMetricSpace.toUniformSpace.{u_5} E (@SeminormedAddCommGroup.toPseudoMetricSpace.{u_5} E inst✝¹)))
            (@AddCommGroup.toAddCommMonoid.{u_5} E (@SeminormedAddCommGroup.toAddCommGroup.{u_5} E inst✝¹))
            (@ContinuousLinearMap.{u_4, u_4, u_6, max u_5 u_6} 𝕜 𝕜
              (@DivisionSemiring.toSemiring.{u_4} 𝕜
                (@Semifield.toDivisionSemiring.{u_4} 𝕜
                  (@Field.toSemifield.{u_4} 𝕜
                    (@NormedField.toField.{u_4} 𝕜
                      (@DenselyNormedField.toNormedField.{u_4} 𝕜 (@RCLike.toDenselyNormedField.{u_4} 𝕜 inst✝))))))
              (@DivisionSemiring.toSemiring.{u_4} 𝕜
                (@Semifield.toDivisionSemiring.{u_4} 𝕜
                  (@Field.toSemifield.{u_4} 𝕜
                    (@NormedField.toField.{u_4} 𝕜
                      (@DenselyNormedField.toNormedField.{u_4} 𝕜 (@RCLike.toDenselyNormedField.{u_4} 𝕜 inst✝))))))
              (@starRingEnd.{u_4} 𝕜
                (@Semifield.toCommSemiring.{u_4} 𝕜
                  (@Field.toSemifield.{u_4} 𝕜
                    (@NormedField.toField.{u_4} 𝕜
                      (@DenselyNormedField.toNormedField.{u_4} 𝕜 (@RCLike.toDenselyNormedField.{u_4} 𝕜 inst✝)))))
                (@RCLike.toStarRing.{u_4} 𝕜 inst✝))
              F
              (@UniformSpace.toTopologicalSpace.{u_6} F
                (@PseudoMetricSpace.toUniformSpace.{u_6} F
                  (@SeminormedAddCommGroup.toPseudoMetricSpace.{u_6} F inst✝²)))
              (@AddCommGroup.toAddCommMonoid.{u_6} F (@SeminormedAddCommGroup.toAddCommGroup.{u_6} F inst✝²))
              (@ContinuousLinearMap.{u_4, u_4, u_6, u_5} 𝕜 𝕜
                (@DivisionSemiring.toSemiring.{u_4} 𝕜
                  (@Semifield.toDivisionSemiring.{u_4} 𝕜
                    (@Field.toSemifield.{u_4} 𝕜
                      (@NormedField.toField.{u_4} 𝕜
                        (@DenselyNormedField.toNormedField.{u_4} 𝕜 (@RCLike.toDenselyNormedField.{u_4} 𝕜 inst✝))))))
                (@DivisionSemiring.toSemiring.{u_4} 𝕜
                  (@Semifield.toDivisionSemiring.{u_4} 𝕜
                    (@Field.toSemifield.{u_4} 𝕜
                      (@NormedField.toField.{u_4} 𝕜
                        (@DenselyNormedField.toNormedField.{u_4} 𝕜 (@RCLike.toDenselyNormedField.{u_4} 𝕜 inst✝))))))
                (@RingHom.id.{u_4} 𝕜
                  (@Semiring.toNonAssocSemiring.{u_4} 𝕜
                    (@DivisionSemiring.toSemiring.{u_4} 𝕜
                      (@Semifield.toDivisionSemiring.{u_4} 𝕜
                        (@Field.toSemifield.{u_4} 𝕜
                          (@NormedField.toField.{u_4} 𝕜
                            (@DenselyNormedField.toNormedField.{u_4} 𝕜
                              (@RCLike.toDenselyNormedField.{u_4} 𝕜 inst✝))))))))
                F
                (@UniformSpace.toTopologicalSpace.{u_6} F
                  (@PseudoMetricSpace.toUniformSpace.{u_6} F
                    (@SeminormedAddCommGroup.toPseudoMetricSpace.{u_6} F inst✝²)))
                (@AddCommGroup.toAddCommMonoid.{u_6} F (@SeminormedAddCommGroup.toAddCommGroup.{u_6} F inst✝²)) E
                (@UniformSpace.toTopologicalSpace.{u_5} E
                  (@PseudoMetricSpace.toUniformSpace.{u_5} E
                    (@SeminormedAddCommGroup.toPseudoMetricSpace.{u_5} E inst✝¹)))
                (@AddCommGroup.toAddCommMonoid.{u_5} E (@SeminormedAddCommGroup.toAddCommGroup.{u_5} E inst✝¹))
                (@NormedSpace.toModule.{u_4, u_6} 𝕜 F
                  (@DenselyNormedField.toNormedField.{u_4} 𝕜 (@RCLike.toDenselyNormedField.{u_4} 𝕜 inst✝)) inst✝²
                  (@InnerProductSpace.toNormedSpace.{u_4, u_6} 𝕜 F inst✝ inst✝² inst✝³))
                (@NormedSpace.toModule.{u_4, u_5} 𝕜 E
                  (@DenselyNormedField.toNormedField.{u_4} 𝕜 (@RCLike.toDenselyNormedField.{u_4} 𝕜 inst✝)) inst✝¹
                  inst✝⁴))
              (@ContinuousLinearMap.topologicalSpace.{u_4, u_4, u_6, u_5} 𝕜 𝕜
                (@DenselyNormedField.toNormedField.{u_4} 𝕜 (@RCLike.toDenselyNormedField.{u_4} 𝕜 inst✝))
                (@DenselyNormedField.toNormedField.{u_4} 𝕜 (@RCLike.toDenselyNormedField.{u_4} 𝕜 inst✝))
                (@RingHom.id.{u_4} 𝕜
                  (@Semiring.toNonAssocSemiring.{u_4} 𝕜
                    (@DivisionSemiring.toSemiring.{u_4} 𝕜
                      (@Semifield.toDivisionSemiring.{u_4} 𝕜
                        (@Field.toSemifield.{u_4} 𝕜
                          (@NormedField.toField.{u_4} 𝕜
                            (@DenselyNormedField.toNormedField.{u_4} 𝕜
                              (@RCLike.toDenselyNormedField.{u_4} 𝕜 inst✝))))))))
                F E (@SeminormedAddCommGroup.toAddCommGroup.{u_6} F inst✝²)
                (@NormedSpace.toModule.{u_4, u_6} 𝕜 F
                  (@DenselyNormedField.toNormedField.{u_4} 𝕜 (@RCLike.toDenselyNormedField.{u_4} 𝕜 inst✝)) inst✝²
                  (@InnerProductSpace.toNormedSpace.{u_4, u_6} 𝕜 F inst✝ inst✝² inst✝³))
                (@SeminormedAddCommGroup.toAddCommGroup.{u_5} E inst✝¹)
                (@NormedSpace.toModule.{u_4, u_5} 𝕜 E
                  (@DenselyNormedField.toNormedField.{u_4} 𝕜 (@RCLike.toDenselyNormedField.{u_4} 𝕜 inst✝)) inst✝¹
                  inst✝⁴)
                (@UniformSpace.toTopologicalSpace.{u_6} F
                  (@PseudoMetricSpace.toUniformSpace.{u_6} F
                    (@SeminormedAddCommGroup.toPseudoMetricSpace.{u_6} F inst✝²)))
                (@UniformSpace.toTopologicalSpace.{u_5} E
                  (@PseudoMetricSpace.toUniformSpace.{u_5} E
                    (@SeminormedAddCommGroup.toPseudoMetricSpace.{u_5} E inst✝¹)))
                ⋯)
              (@ContinuousLinearMap.addCommMonoid.{u_4, u_4, u_6, u_5} 𝕜 𝕜
                (@DivisionSemiring.toSemiring.{u_4} 𝕜
                  (@Semifield.toDivisionSemiring.{u_4} 𝕜
                    (@Field.toSemifield.{u_4} 𝕜
                      (@NormedField.toField.{u_4} 𝕜
                        (@DenselyNormedField.toNormedField.{u_4} 𝕜 (@RCLike.toDenselyNormedField.{u_4} 𝕜 inst✝))))))
                (@DivisionSemiring.toSemiring.{u_4} 𝕜
                  (@Semifield.toDivisionSemiring.{u_4} 𝕜
                    (@Field.toSemifield.{u_4} 𝕜
                      (@NormedField.toField.{u_4} 𝕜
                        (@DenselyNormedField.toNormedField.{u_4} 𝕜 (@RCLike.toDenselyNormedField.{u_4} 𝕜 inst✝))))))
                (@RingHom.id.{u_4} 𝕜
                  (@Semiring.toNonAssocSemiring.{u_4} 𝕜
                    (@DivisionSemiring.toSemiring.{u_4} 𝕜
                      (@Semifield.toDivisionSemiring.{u_4} 𝕜
                        (@Field.toSemifield.{u_4} 𝕜
                          (@NormedField.toField.{u_4} 𝕜
                            (@DenselyNormedField.toNormedField.{u_4} 𝕜
                              (@RCLike.toDenselyNormedField.{u_4} 𝕜 inst✝))))))))
                F
                (@UniformSpace.toTopologicalSpace.{u_6} F
                  (@PseudoMetricSpace.toUniformSpace.{u_6} F
                    (@SeminormedAddCommGroup.toPseudoMetricSpace.{u_6} F inst✝²)))
                (@AddCommGroup.toAddCommMonoid.{u_6} F (@SeminormedAddCommGroup.toAddCommGroup.{u_6} F inst✝²)) E
                (@UniformSpace.toTopologicalSpace.{u_5} E
                  (@PseudoMetricSpace.toUniformSpace.{u_5} E
                    (@SeminormedAddCommGroup.toPseudoMetricSpace.{u_5} E inst✝¹)))
                (@AddCommGroup.toAddCommMonoid.{u_5} E (@SeminormedAddCommGroup.toAddCommGroup.{u_5} E inst✝¹))
                (@NormedSpace.toModule.{u_4, u_6} 𝕜 F
                  (@DenselyNormedField.toNormedField.{u_4} 𝕜 (@RCLike.toDenselyNormedField.{u_4} 𝕜 inst✝)) inst✝²
                  (@InnerProductSpace.toNormedSpace.{u_4, u_6} 𝕜 F inst✝ inst✝² inst✝³))
                (@NormedSpace.toModule.{u_4, u_5} 𝕜 E
                  (@DenselyNormedField.toNormedField.{u_4} 𝕜 (@RCLike.toDenselyNormedField.{u_4} 𝕜 inst✝)) inst✝¹
                  inst✝⁴)
                ⋯)
              (@NormedSpace.toModule.{u_4, u_6} 𝕜 F
                (@DenselyNormedField.toNormedField.{u_4} 𝕜 (@RCLike.toDenselyNormedField.{u_4} 𝕜 inst✝)) inst✝²
                (@InnerProductSpace.toNormedSpace.{u_4, u_6} 𝕜 F inst✝ inst✝² inst✝³))
              (@ContinuousLinearMap.module.{u_4, u_4, u_4, u_6, u_5} 𝕜 𝕜 𝕜
                (@DivisionSemiring.toSemiring.{u_4} 𝕜
                  (@Semifield.toDivisionSemiring.{u_4} 𝕜
                    (@Field.toSemifield.{u_4} 𝕜
                      (@NormedField.toField.{u_4} 𝕜
                        (@DenselyNormedField.toNormedField.{u_4} 𝕜 (@RCLike.toDenselyNormedField.{u_4} 𝕜 inst✝))))))
                (@DivisionSemiring.toSemiring.{u_4} 𝕜
                  (@Semifield.toDivisionSemiring.{u_4} 𝕜
                    (@Field.toSemifield.{u_4} 𝕜
                      (@NormedField.toField.{u_4} 𝕜
                        (@DenselyNormedField.toNormedField.{u_4} 𝕜 (@RCLike.toDenselyNormedField.{u_4} 𝕜 inst✝))))))
                (@DivisionSemiring.toSemiring.{u_4} 𝕜
                  (@Semifield.toDivisionSemiring.{u_4} 𝕜
                    (@Field.toSemifield.{u_4} 𝕜
                      (@NormedField.toField.{u_4} 𝕜
                        (@DenselyNormedField.toNormedField.{u_4} 𝕜 (@RCLike.toDenselyNormedField.{u_4} 𝕜 inst✝))))))
                F
                (@UniformSpace.toTopologicalSpace.{u_6} F
                  (@PseudoMetricSpace.toUniformSpace.{u_6} F
                    (@SeminormedAddCommGroup.toPseudoMetricSpace.{u_6} F inst✝²)))
                (@AddCommGroup.toAddCommMonoid.{u_6} F (@SeminormedAddCommGroup.toAddCommGroup.{u_6} F inst✝²))
                (@NormedSpace.toModule.{u_4, u_6} 𝕜 F
                  (@DenselyNormedField.toNormedField.{u_4} 𝕜 (@RCLike.toDenselyNormedField.{u_4} 𝕜 inst✝)) inst✝²
                  (@InnerProductSpace.toNormedSpace.{u_4, u_6} 𝕜 F inst✝ inst✝² inst✝³))
                E
                (@UniformSpace.toTopologicalSpace.{u_5} E
                  (@PseudoMetricSpace.toUniformSpace.{u_5} E
                    (@SeminormedAddCommGroup.toPseudoMetricSpace.{u_5} E inst✝¹)))
                (@AddCommGroup.toAddCommMonoid.{u_5} E (@SeminormedAddCommGroup.toAddCommGroup.{u_5} E inst✝¹))
                (@NormedSpace.toModule.{u_4, u_5} 𝕜 E
                  (@DenselyNormedField.toNormedField.{u_4} 𝕜 (@RCLike.toDenselyNormedField.{u_4} 𝕜 inst✝)) inst✝¹
                  inst✝⁴)
                (@NormedSpace.toModule.{u_4, u_5} 𝕜 E
                  (@DenselyNormedField.toNormedField.{u_4} 𝕜 (@RCLike.toDenselyNormedField.{u_4} 𝕜 inst✝)) inst✝¹
                  inst✝⁴)
                ⋯ ⋯
                (@RingHom.id.{u_4} 𝕜
                  (@Semiring.toNonAssocSemiring.{u_4} 𝕜
                    (@DivisionSemiring.toSemiring.{u_4} 𝕜
                      (@Semifield.toDivisionSemiring.{u_4} 𝕜
                        (@Field.toSemifield.{u_4} 𝕜
                          (@NormedField.toField.{u_4} 𝕜
                            (@DenselyNormedField.toNormedField.{u_4} 𝕜
                              (@RCLike.toDenselyNormedField.{u_4} 𝕜 inst✝))))))))
                ⋯))
            (@ContinuousLinearMap.topologicalSpace.{u_4, u_4, u_6, max u_5 u_6} 𝕜 𝕜
              (@DenselyNormedField.toNormedField.{u_4} 𝕜 (@RCLike.toDenselyNormedField.{u_4} 𝕜 inst✝))
              (@DenselyNormedField.toNormedField.{u_4} 𝕜 (@RCLike.toDenselyNormedField.{u_4} 𝕜 inst✝))
              (@starRingEnd.{u_4} 𝕜
                (@Semifield.toCommSemiring.{u_4} 𝕜
                  (@Field.toSemifield.{u_4} 𝕜
                    (@NormedField.toField.{u_4} 𝕜
                      (@DenselyNormedField.toNormedField.{u_4} 𝕜 (@RCLike.toDenselyNormedField.{u_4} 𝕜 inst✝)))))
                (@RCLike.toStarRing.{u_4} 𝕜 inst✝))
              F
              (@ContinuousLinearMap.{u_4, u_4, u_6, u_5} 𝕜 𝕜
                (@DivisionSemiring.toSemiring.{u_4} 𝕜
                  (@Semifield.toDivisionSemiring.{u_4} 𝕜
                    (@Field.toSemifield.{u_4} 𝕜
                      (@NormedField.toField.{u_4} 𝕜
                        (@DenselyNormedField.toNormedField.{u_4} 𝕜 (@RCLike.toDenselyNormedField.{u_4} 𝕜 inst✝))))))
                (@DivisionSemiring.toSemiring.{u_4} 𝕜
                  (@Semifield.toDivisionSemiring.{u_4} 𝕜
                    (@Field.toSemifield.{u_4} 𝕜
                      (@NormedField.toField.{u_4} 𝕜
                        (@DenselyNormedField.toNormedField.{u_4} 𝕜 (@RCLike.toDenselyNormedField.{u_4} 𝕜 inst✝))))))
                (@RingHom.id.{u_4} 𝕜
                  (@Semiring.toNonAssocSemiring.{u_4} 𝕜
                    (@DivisionSemiring.toSemiring.{u_4} 𝕜
                      (@Semifield.toDivisionSemiring.{u_4} 𝕜
                        (@Field.toSemifield.{u_4} 𝕜
                          (@NormedField.toField.{u_4} 𝕜
                            (@DenselyNormedField.toNormedField.{u_4} 𝕜
                              (@RCLike.toDenselyNormedField.{u_4} 𝕜 inst✝))))))))
                F
                (@UniformSpace.toTopologicalSpace.{u_6} F
                  (@PseudoMetricSpace.toUniformSpace.{u_6} F
                    (@SeminormedAddCommGroup.toPseudoMetricSpace.{u_6} F inst✝²)))
                (@AddCommGroup.toAddCommMonoid.{u_6} F (@SeminormedAddCommGroup.toAddCommGroup.{u_6} F inst✝²)) E
                (@UniformSpace.toTopologicalSpace.{u_5} E
                  (@PseudoMetricSpace.toUniformSpace.{u_5} E
                    (@SeminormedAddCommGroup.toPseudoMetricSpace.{u_5} E inst✝¹)))
                (@AddCommGroup.toAddCommMonoid.{u_5} E (@SeminormedAddCommGroup.toAddCommGroup.{u_5} E inst✝¹))
                (@NormedSpace.toModule.{u_4, u_6} 𝕜 F
                  (@DenselyNormedField.toNormedField.{u_4} 𝕜 (@RCLike.toDenselyNormedField.{u_4} 𝕜 inst✝)) inst✝²
                  (@InnerProductSpace.toNormedSpace.{u_4, u_6} 𝕜 F inst✝ inst✝² inst✝³))
                (@NormedSpace.toModule.{u_4, u_5} 𝕜 E
                  (@DenselyNormedField.toNormedField.{u_4} 𝕜 (@RCLike.toDenselyNormedField.{u_4} 𝕜 inst✝)) inst✝¹
                  inst✝⁴))
              (@SeminormedAddCommGroup.toAddCommGroup.{u_6} F inst✝²)
              (@NormedSpace.toModule.{u_4, u_6} 𝕜 F
                (@DenselyNormedField.toNormedField.{u_4} 𝕜 (@RCLike.toDenselyNormedField.{u_4} 𝕜 inst✝)) inst✝²
                (@InnerProductSpace.toNormedSpace.{u_4, u_6} 𝕜 F inst✝ inst✝² inst✝³))
              (@ContinuousLinearMap.addCommGroup.{u_4, u_4, u_6, u_5} 𝕜
                (@DivisionRing.toRing.{u_4} 𝕜
                  (@Field.toDivisionRing.{u_4} 𝕜
                    (@NormedField.toField.{u_4} 𝕜
                      (@DenselyNormedField.toNormedField.{u_4} 𝕜 (@RCLike.toDenselyNormedField.{u_4} 𝕜 inst✝)))))
                𝕜
                (@DivisionRing.toRing.{u_4} 𝕜
                  (@Field.toDivisionRing.{u_4} 𝕜
                    (@NormedField.toField.{u_4} 𝕜
                      (@DenselyNormedField.toNormedField.{u_4} 𝕜 (@RCLike.toDenselyNormedField.{u_4} 𝕜 inst✝)))))
                F
                (@UniformSpace.toTopologicalSpace.{u_6} F
                  (@PseudoMetricSpace.toUniformSpace.{u_6} F
                    (@SeminormedAddCommGroup.toPseudoMetricSpace.{u_6} F inst✝²)))
                (@SeminormedAddCommGroup.toAddCommGroup.{u_6} F inst✝²) E
                (@UniformSpace.toTopologicalSpace.{u_5} E
                  (@PseudoMetricSpace.toUniformSpace.{u_5} E
                    (@SeminormedAddCommGroup.toPseudoMetricSpace.{u_5} E inst✝¹)))
                (@SeminormedAddCommGroup.toAddCommGroup.{u_5} E inst✝¹)
                (@NormedSpace.toModule.{u_4, u_6} 𝕜 F
                  (@DenselyNormedField.toNormedField.{u_4} 𝕜 (@RCLike.toDenselyNormedField.{u_4} 𝕜 inst✝)) inst✝²
                  (@InnerProductSpace.toNormedSpace.{u_4, u_6} 𝕜 F inst✝ inst✝² inst✝³))
                (@NormedSpace.toModule.{u_4, u_5} 𝕜 E
                  (@DenselyNormedField.toNormedField.{u_4} 𝕜 (@RCLike.toDenselyNormedField.{u_4} 𝕜 inst✝)) inst✝¹
                  inst✝⁴)
                (@RingHom.id.{u_4} 𝕜
                  (@Semiring.toNonAssocSemiring.{u_4} 𝕜
                    (@DivisionSemiring.toSemiring.{u_4} 𝕜
                      (@Semifield.toDivisionSemiring.{u_4} 𝕜
                        (@Field.toSemifield.{u_4} 𝕜
                          (@NormedField.toField.{u_4} 𝕜
                            (@DenselyNormedField.toNormedField.{u_4} 𝕜
                              (@RCLike.toDenselyNormedField.{u_4} 𝕜 inst✝))))))))
                ⋯)
              (@ContinuousLinearMap.module.{u_4, u_4, u_4, u_6, u_5} 𝕜 𝕜 𝕜
                (@DivisionSemiring.toSemiring.{u_4} 𝕜
                  (@Semifield.toDivisionSemiring.{u_4} 𝕜
                    (@Field.toSemifield.{u_4} 𝕜
                      (@NormedField.toField.{u_4} 𝕜
                        (@DenselyNormedField.toNormedField.{u_4} 𝕜 (@RCLike.toDenselyNormedField.{u_4} 𝕜 inst✝))))))
                (@DivisionSemiring.toSemiring.{u_4} 𝕜
                  (@Semifield.toDivisionSemiring.{u_4} 𝕜
                    (@Field.toSemifield.{u_4} 𝕜
                      (@NormedField.toField.{u_4} 𝕜
                        (@DenselyNormedField.toNormedField.{u_4} 𝕜 (@RCLike.toDenselyNormedField.{u_4} 𝕜 inst✝))))))
                (@DivisionSemiring.toSemiring.{u_4} 𝕜
                  (@Semifield.toDivisionSemiring.{u_4} 𝕜
                    (@Field.toSemifield.{u_4} 𝕜
                      (@NormedField.toField.{u_4} 𝕜
                        (@DenselyNormedField.toNormedField.{u_4} 𝕜 (@RCLike.toDenselyNormedField.{u_4} 𝕜 inst✝))))))
                F
                (@UniformSpace.toTopologicalSpace.{u_6} F
                  (@PseudoMetricSpace.toUniformSpace.{u_6} F
                    (@SeminormedAddCommGroup.toPseudoMetricSpace.{u_6} F inst✝²)))
                (@AddCommGroup.toAddCommMonoid.{u_6} F (@SeminormedAddCommGroup.toAddCommGroup.{u_6} F inst✝²))
                (@NormedSpace.toModule.{u_4, u_6} 𝕜 F
                  (@DenselyNormedField.toNormedField.{u_4} 𝕜 (@RCLike.toDenselyNormedField.{u_4} 𝕜 inst✝)) inst✝²
                  (@InnerProductSpace.toNormedSpace.{u_4, u_6} 𝕜 F inst✝ inst✝² inst✝³))
                E
                (@UniformSpace.toTopologicalSpace.{u_5} E
                  (@PseudoMetricSpace.toUniformSpace.{u_5} E
                    (@SeminormedAddCommGroup.toPseudoMetricSpace.{u_5} E inst✝¹)))
                (@AddCommGroup.toAddCommMonoid.{u_5} E (@SeminormedAddCommGroup.toAddCommGroup.{u_5} E inst✝¹))
                (@NormedSpace.toModule.{u_4, u_5} 𝕜 E
                  (@DenselyNormedField.toNormedField.{u_4} 𝕜 (@RCLike.toDenselyNormedField.{u_4} 𝕜 inst✝)) inst✝¹
                  inst✝⁴)
                (@NormedSpace.toModule.{u_4, u_5} 𝕜 E
                  (@DenselyNormedField.toNormedField.{u_4} 𝕜 (@RCLike.toDenselyNormedField.{u_4} 𝕜 inst✝)) inst✝¹
                  inst✝⁴)
                ⋯ ⋯
                (@RingHom.id.{u_4} 𝕜
                  (@Semiring.toNonAssocSemiring.{u_4} 𝕜
                    (@DivisionSemiring.toSemiring.{u_4} 𝕜
                      (@Semifield.toDivisionSemiring.{u_4} 𝕜
                        (@Field.toSemifield.{u_4} 𝕜
                          (@NormedField.toField.{u_4} 𝕜
                            (@DenselyNormedField.toNormedField.{u_4} 𝕜
                              (@RCLike.toDenselyNormedField.{u_4} 𝕜 inst✝))))))))
                ⋯)
              (@UniformSpace.toTopologicalSpace.{u_6} F
                (@PseudoMetricSpace.toUniformSpace.{u_6} F
                  (@SeminormedAddCommGroup.toPseudoMetricSpace.{u_6} F inst✝²)))
              (@ContinuousLinearMap.topologicalSpace.{u_4, u_4, u_6, u_5} 𝕜 𝕜
                (@DenselyNormedField.toNormedField.{u_4} 𝕜 (@RCLike.toDenselyNormedField.{u_4} 𝕜 inst✝))
                (@DenselyNormedField.toNormedField.{u_4} 𝕜 (@RCLike.toDenselyNormedField.{u_4} 𝕜 inst✝))
                (@RingHom.id.{u_4} 𝕜
                  (@Semiring.toNonAssocSemiring.{u_4} 𝕜
                    (@DivisionSemiring.toSemiring.{u_4} 𝕜
                      (@Semifield.toDivisionSemiring.{u_4} 𝕜
                        (@Field.toSemifield.{u_4} 𝕜
                          (@NormedField.toField.{u_4} 𝕜
                            (@DenselyNormedField.toNormedField.{u_4} 𝕜
                              (@RCLike.toDenselyNormedField.{u_4} 𝕜 inst✝))))))))
                F E (@SeminormedAddCommGroup.toAddCommGroup.{u_6} F inst✝²)
                (@NormedSpace.toModule.{u_4, u_6} 𝕜 F
                  (@DenselyNormedField.toNormedField.{u_4} 𝕜 (@RCLike.toDenselyNormedField.{u_4} 𝕜 inst✝)) inst✝²
                  (@InnerProductSpace.toNormedSpace.{u_4, u_6} 𝕜 F inst✝ inst✝² inst✝³))
                (@SeminormedAddCommGroup.toAddCommGroup.{u_5} E inst✝¹)
                (@NormedSpace.toModule.{u_4, u_5} 𝕜 E
                  (@DenselyNormedField.toNormedField.{u_4} 𝕜 (@RCLike.toDenselyNormedField.{u_4} 𝕜 inst✝)) inst✝¹
                  inst✝⁴)
                (@UniformSpace.toTopologicalSpace.{u_6} F
                  (@PseudoMetricSpace.toUniformSpace.{u_6} F
                    (@SeminormedAddCommGroup.toPseudoMetricSpace.{u_6} F inst✝²)))
                (@UniformSpace.toTopologicalSpace.{u_5} E
                  (@PseudoMetricSpace.toUniformSpace.{u_5} E
                    (@SeminormedAddCommGroup.toPseudoMetricSpace.{u_5} E inst✝¹)))
                ⋯)
              ⋯)
            (@ContinuousLinearMap.addCommMonoid.{u_4, u_4, u_6, max u_5 u_6} 𝕜 𝕜
              (@DivisionSemiring.toSemiring.{u_4} 𝕜
                (@Semifield.toDivisionSemiring.{u_4} 𝕜
                  (@Field.toSemifield.{u_4} 𝕜
                    (@NormedField.toField.{u_4} 𝕜
                      (@DenselyNormedField.toNormedField.{u_4} 𝕜 (@RCLike.toDenselyNormedField.{u_4} 𝕜 inst✝))))))
              (@DivisionSemiring.toSemiring.{u_4} 𝕜
                (@Semifield.toDivisionSemiring.{u_4} 𝕜
                  (@Field.toSemifield.{u_4} 𝕜
                    (@NormedField.toField.{u_4} 𝕜
                      (@DenselyNormedField.toNormedField.{u_4} 𝕜 (@RCLike.toDenselyNormedField.{u_4} 𝕜 inst✝))))))
              (@starRingEnd.{u_4} 𝕜
                (@Semifield.toCommSemiring.{u_4} 𝕜
                  (@Field.toSemifield.{u_4} 𝕜
                    (@NormedField.toField.{u_4} 𝕜
                      (@DenselyNormedField.toNormedField.{u_4} 𝕜 (@RCLike.toDenselyNormedField.{u_4} 𝕜 inst✝)))))
                (@RCLike.toStarRing.{u_4} 𝕜 inst✝))
              F
              (@UniformSpace.toTopologicalSpace.{u_6} F
                (@PseudoMetricSpace.toUniformSpace.{u_6} F
                  (@SeminormedAddCommGroup.toPseudoMetricSpace.{u_6} F inst✝²)))
              (@AddCommGroup.toAddCommMonoid.{u_6} F (@SeminormedAddCommGroup.toAddCommGroup.{u_6} F inst✝²))
              (@ContinuousLinearMap.{u_4, u_4, u_6, u_5} 𝕜 𝕜
                (@DivisionSemiring.toSemiring.{u_4} 𝕜
                  (@Semifield.toDivisionSemiring.{u_4} 𝕜
                    (@Field.toSemifield.{u_4} 𝕜
                      (@NormedField.toField.{u_4} 𝕜
                        (@DenselyNormedField.toNormedField.{u_4} 𝕜 (@RCLike.toDenselyNormedField.{u_4} 𝕜 inst✝))))))
                (@DivisionSemiring.toSemiring.{u_4} 𝕜
                  (@Semifield.toDivisionSemiring.{u_4} 𝕜
                    (@Field.toSemifield.{u_4} 𝕜
                      (@NormedField.toField.{u_4} 𝕜
                        (@DenselyNormedField.toNormedField.{u_4} 𝕜 (@RCLike.toDenselyNormedField.{u_4} 𝕜 inst✝))))))
                (@RingHom.id.{u_4} 𝕜
                  (@Semiring.toNonAssocSemiring.{u_4} 𝕜
                    (@DivisionSemiring.toSemiring.{u_4} 𝕜
                      (@Semifield.toDivisionSemiring.{u_4} 𝕜
                        (@Field.toSemifield.{u_4} 𝕜
                          (@NormedField.toField.{u_4} 𝕜
                            (@DenselyNormedField.toNormedField.{u_4} 𝕜
                              (@RCLike.toDenselyNormedField.{u_4} 𝕜 inst✝))))))))
                F
                (@UniformSpace.toTopologicalSpace.{u_6} F
                  (@PseudoMetricSpace.toUniformSpace.{u_6} F
                    (@SeminormedAddCommGroup.toPseudoMetricSpace.{u_6} F inst✝²)))
                (@AddCommGroup.toAddCommMonoid.{u_6} F (@SeminormedAddCommGroup.toAddCommGroup.{u_6} F inst✝²)) E
                (@UniformSpace.toTopologicalSpace.{u_5} E
                  (@PseudoMetricSpace.toUniformSpace.{u_5} E
                    (@SeminormedAddCommGroup.toPseudoMetricSpace.{u_5} E inst✝¹)))
                (@AddCommGroup.toAddCommMonoid.{u_5} E (@SeminormedAddCommGroup.toAddCommGroup.{u_5} E inst✝¹))
                (@NormedSpace.toModule.{u_4, u_6} 𝕜 F
                  (@DenselyNormedField.toNormedField.{u_4} 𝕜 (@RCLike.toDenselyNormedField.{u_4} 𝕜 inst✝)) inst✝²
                  (@InnerProductSpace.toNormedSpace.{u_4, u_6} 𝕜 F inst✝ inst✝² inst✝³))
                (@NormedSpace.toModule.{u_4, u_5} 𝕜 E
                  (@DenselyNormedField.toNormedField.{u_4} 𝕜 (@RCLike.toDenselyNormedField.{u_4} 𝕜 inst✝)) inst✝¹
                  inst✝⁴))
              (@ContinuousLinearMap.topologicalSpace.{u_4, u_4, u_6, u_5} 𝕜 𝕜
                (@DenselyNormedField.toNormedField.{u_4} 𝕜 (@RCLike.toDenselyNormedField.{u_4} 𝕜 inst✝))
                (@DenselyNormedField.toNormedField.{u_4} 𝕜 (@RCLike.toDenselyNormedField.{u_4} 𝕜 inst✝))
                (@RingHom.id.{u_4} 𝕜
                  (@Semiring.toNonAssocSemiring.{u_4} 𝕜
                    (@DivisionSemiring.toSemiring.{u_4} 𝕜
                      (@Semifield.toDivisionSemiring.{u_4} 𝕜
                        (@Field.toSemifield.{u_4} 𝕜
                          (@NormedField.toField.{u_4} 𝕜
                            (@DenselyNormedField.toNormedField.{u_4} 𝕜
                              (@RCLike.toDenselyNormedField.{u_4} 𝕜 inst✝))))))))
                F E (@SeminormedAddCommGroup.toAddCommGroup.{u_6} F inst✝²)
                (@NormedSpace.toModule.{u_4, u_6} 𝕜 F
                  (@DenselyNormedField.toNormedField.{u_4} 𝕜 (@RCLike.toDenselyNormedField.{u_4} 𝕜 inst✝)) inst✝²
                  (@InnerProductSpace.toNormedSpace.{u_4, u_6} 𝕜 F inst✝ inst✝² inst✝³))
                (@SeminormedAddCommGroup.toAddCommGroup.{u_5} E inst✝¹)
                (@NormedSpace.toModule.{u_4, u_5} 𝕜 E
                  (@DenselyNormedField.toNormedField.{u_4} 𝕜 (@RCLike.toDenselyNormedField.{u_4} 𝕜 inst✝)) inst✝¹
                  inst✝⁴)
                (@UniformSpace.toTopologicalSpace.{u_6} F
                  (@PseudoMetricSpace.toUniformSpace.{u_6} F
                    (@SeminormedAddCommGroup.toPseudoMetricSpace.{u_6} F inst✝²)))
                (@UniformSpace.toTopologicalSpace.{u_5} E
                  (@PseudoMetricSpace.toUniformSpace.{u_5} E
                    (@SeminormedAddCommGroup.toPseudoMetricSpace.{u_5} E inst✝¹)))
                ⋯)
              (@ContinuousLinearMap.addCommMonoid.{u_4, u_4, u_6, u_5} 𝕜 𝕜
                (@DivisionSemiring.toSemiring.{u_4} 𝕜
                  (@Semifield.toDivisionSemiring.{u_4} 𝕜
                    (@Field.toSemifield.{u_4} 𝕜
                      (@NormedField.toField.{u_4} 𝕜
                        (@DenselyNormedField.toNormedField.{u_4} 𝕜 (@RCLike.toDenselyNormedField.{u_4} 𝕜 inst✝))))))
                (@DivisionSemiring.toSemiring.{u_4} 𝕜
                  (@Semifield.toDivisionSemiring.{u_4} 𝕜
                    (@Field.toSemifield.{u_4} 𝕜
                      (@NormedField.toField.{u_4} 𝕜
                        (@DenselyNormedField.toNormedField.{u_4} 𝕜 (@RCLike.toDenselyNormedField.{u_4} 𝕜 inst✝))))))
                (@RingHom.id.{u_4} 𝕜
                  (@Semiring.toNonAssocSemiring.{u_4} 𝕜
                    (@DivisionSemiring.toSemiring.{u_4} 𝕜
                      (@Semifield.toDivisionSemiring.{u_4} 𝕜
                        (@Field.toSemifield.{u_4} 𝕜
                          (@NormedField.toField.{u_4} 𝕜
                            (@DenselyNormedField.toNormedField.{u_4} 𝕜
                              (@RCLike.toDenselyNormedField.{u_4} 𝕜 inst✝))))))))
                F (@UniformSpace.toTopologicalSpace.{u_6} ⋯ ⋯) ⋯ ⋯ ⋯ ⋯ ⋯ ⋯ ⋯)
              ⋯ ⋯ ⋯)
            ⋯ ⋯)
          ⋯ ⋯)
        ⋯))
    ⋯
InnerProductSpace.symm_toEuclideanLin_rankOne.{u_7, u_8, u_9} {𝕜 : Type u_7} {m : Type u_8} {n : Type u_9}
  [RCLike.{u_7} 𝕜] [Fintype.{u_8} m] [Fintype.{u_9} n] [DecidableEq.{u_9 + 1} n] (x : EuclideanSpace.{u_7, u_8} 𝕜 m)
  (y : EuclideanSpace.{u_7, u_9} 𝕜 n) :
  @Eq.{max (max (u_9 + 1) (u_8 + 1)) (u_7 + 1)} (Matrix.{u_8, u_9, u_7} m n 𝕜)
    (@DFunLike.coe.{max (max (u_9 + 1) (u_8 + 1)) (u_7 + 1), max (max (u_9 + 1) (u_8 + 1)) (u_7 + 1),
          max (max (u_9 + 1) (u_8 + 1)) (u_7 + 1)}
      (@LinearEquiv.{u_7, u_7, max (max u_9 u_8) u_7, max (max u_9 u_8) u_7} 𝕜 𝕜
        (@DivisionSemiring.toSemiring.{u_7} 𝕜
          (@Semifield.toDivisionSemiring.{u_7} 𝕜
            (@Field.toSemifield.{u_7} 𝕜
              (@NormedField.toField.{u_7} 𝕜
                (@DenselyNormedField.toNormedField.{u_7} 𝕜 (@RCLike.toDenselyNormedField.{u_7} 𝕜 inst✝))))))
        (@DivisionSemiring.toSemiring.{u_7} 𝕜
          (@Semifield.toDivisionSemiring.{u_7} 𝕜
            (@Field.toSemifield.{u_7} 𝕜
              (@NormedField.toField.{u_7} 𝕜
                (@DenselyNormedField.toNormedField.{u_7} 𝕜 (@RCLike.toDenselyNormedField.{u_7} 𝕜 inst✝))))))
        (@RingHom.id.{u_7} 𝕜
          (@Semiring.toNonAssocSemiring.{u_7} 𝕜
            (@DivisionSemiring.toSemiring.{u_7} 𝕜
              (@Semifield.toDivisionSemiring.{u_7} 𝕜
                (@Field.toSemifield.{u_7} 𝕜
                  (@NormedField.toField.{u_7} 𝕜
                    (@DenselyNormedField.toNormedField.{u_7} 𝕜 (@RCLike.toDenselyNormedField.{u_7} 𝕜 inst✝))))))))
        (@RingHom.id.{u_7} 𝕜
          (@Semiring.toNonAssocSemiring.{u_7} 𝕜
            (@DivisionSemiring.toSemiring.{u_7} 𝕜
              (@Semifield.toDivisionSemiring.{u_7} 𝕜
                (@Field.toSemifield.{u_7} 𝕜
                  (@NormedField.toField.{u_7} 𝕜
                    (@DenselyNormedField.toNormedField.{u_7} 𝕜 (@RCLike.toDenselyNormedField.{u_7} 𝕜 inst✝))))))))
        ⋯ ⋯
        (@LinearMap.{u_7, u_7, max u_9 u_7, max u_8 u_7} 𝕜 𝕜
          (@DivisionSemiring.toSemiring.{u_7} 𝕜
            (@Semifield.toDivisionSemiring.{u_7} 𝕜
              (@Field.toSemifield.{u_7} 𝕜
                (@NormedField.toField.{u_7} 𝕜
                  (@DenselyNormedField.toNormedField.{u_7} 𝕜 (@RCLike.toDenselyNormedField.{u_7} 𝕜 inst✝))))))
          (@DivisionSemiring.toSemiring.{u_7} 𝕜
            (@Semifield.toDivisionSemiring.{u_7} 𝕜
              (@Field.toSemifield.{u_7} 𝕜
                (@NormedField.toField.{u_7} 𝕜
                  (@DenselyNormedField.toNormedField.{u_7} 𝕜 (@RCLike.toDenselyNormedField.{u_7} 𝕜 inst✝))))))
          (@RingHom.id.{u_7} 𝕜
            (@Semiring.toNonAssocSemiring.{u_7} 𝕜
              (@DivisionSemiring.toSemiring.{u_7} 𝕜
                (@Semifield.toDivisionSemiring.{u_7} 𝕜
                  (@Field.toSemifield.{u_7} 𝕜
                    (@NormedField.toField.{u_7} 𝕜
                      (@DenselyNormedField.toNormedField.{u_7} 𝕜 (@RCLike.toDenselyNormedField.{u_7} 𝕜 inst✝))))))))
          (EuclideanSpace.{u_7, u_9} 𝕜 n) (EuclideanSpace.{u_7, u_8} 𝕜 m)
          (@AddCommGroup.toAddCommMonoid.{max u_7 u_9} (EuclideanSpace.{u_7, u_9} 𝕜 n)
            (@WithLp.instAddCommGroup.{max u_7 u_9}
              (@OfNat.ofNat.{0} ENNReal (nat_lit 2)
                (@instOfNatAtLeastTwo.{0} ENNReal (nat_lit 2)
                  (@AddMonoidWithOne.toNatCast.{0} ENNReal
                    (@AddCommMonoidWithOne.toAddMonoidWithOne.{0} ENNReal ENNReal.instAddCommMonoidWithOne))
                  PiLp.innerProductSpace._proof_1))
              ((i : n) → (fun x => 𝕜) i)
              (@Pi.addCommGroup.{u_9, u_7} n (fun x => 𝕜) fun i =>
                @Ring.toAddCommGroup.{u_7} 𝕜
                  (@DivisionRing.toRing.{u_7} 𝕜
                    (@Field.toDivisionRing.{u_7} 𝕜
                      (@NormedField.toField.{u_7} 𝕜
                        (@DenselyNormedField.toNormedField.{u_7} 𝕜 (@RCLike.toDenselyNormedField.{u_7} 𝕜 inst✝))))))))
          (@AddCommGroup.toAddCommMonoid.{max u_7 u_8} (EuclideanSpace.{u_7, u_8} 𝕜 m)
            (@WithLp.instAddCommGroup.{max u_7 u_8}
              (@OfNat.ofNat.{0} ENNReal (nat_lit 2)
                (@instOfNatAtLeastTwo.{0} ENNReal (nat_lit 2)
                  (@AddMonoidWithOne.toNatCast.{0} ENNReal
                    (@AddCommMonoidWithOne.toAddMonoidWithOne.{0} ENNReal ENNReal.instAddCommMonoidWithOne))
                  PiLp.innerProductSpace._proof_1))
              ((i : m) → (fun x => 𝕜) i)
              (@Pi.addCommGroup.{u_8, u_7} m (fun x => 𝕜) fun i =>
                @Ring.toAddCommGroup.{u_7} 𝕜
                  (@DivisionRing.toRing.{u_7} 𝕜
                    (@Field.toDivisionRing.{u_7} 𝕜
                      (@NormedField.toField.{u_7} 𝕜
                        (@DenselyNormedField.toNormedField.{u_7} 𝕜 (@RCLike.toDenselyNormedField.{u_7} 𝕜 inst✝))))))))
          (@WithLp.instModule.{u_7, max u_7 u_9}
            (@OfNat.ofNat.{0} ENNReal (nat_lit 2)
              (@instOfNatAtLeastTwo.{0} ENNReal (nat_lit 2)
                (@AddMonoidWithOne.toNatCast.{0} ENNReal
                  (@AddCommMonoidWithOne.toAddMonoidWithOne.{0} ENNReal ENNReal.instAddCommMonoidWithOne))
                PiLp.innerProductSpace._proof_1))
            𝕜 ((i : n) → (fun x => 𝕜) i)
            (@DivisionSemiring.toSemiring.{u_7} 𝕜
              (@Semifield.toDivisionSemiring.{u_7} 𝕜
                (@Field.toSemifield.{u_7} 𝕜
                  (@NormedField.toField.{u_7} 𝕜
                    (@DenselyNormedField.toNormedField.{u_7} 𝕜 (@RCLike.toDenselyNormedField.{u_7} 𝕜 inst✝))))))
            (@Pi.addCommGroup.{u_9, u_7} n (fun x => 𝕜) fun i =>
              @Ring.toAddCommGroup.{u_7} 𝕜
                (@DivisionRing.toRing.{u_7} 𝕜
                  (@Field.toDivisionRing.{u_7} 𝕜
                    (@NormedField.toField.{u_7} 𝕜
                      (@DenselyNormedField.toNormedField.{u_7} 𝕜 (@RCLike.toDenselyNormedField.{u_7} 𝕜 inst✝))))))
            (@Pi.Function.module.{u_9, u_7, u_7} n 𝕜 𝕜
              (@DivisionSemiring.toSemiring.{u_7} 𝕜
                (@Semifield.toDivisionSemiring.{u_7} 𝕜
                  (@Field.toSemifield.{u_7} 𝕜
                    (@NormedField.toField.{u_7} 𝕜
                      (@DenselyNormedField.toNormedField.{u_7} 𝕜 (@RCLike.toDenselyNormedField.{u_7} 𝕜 inst✝))))))
              (@Semiring.toAddCommMonoid.{u_7} 𝕜
                (@Ring.toSemiring.{u_7} 𝕜
                  (@DivisionRing.toRing.{u_7} 𝕜
                    (@Field.toDivisionRing.{u_7} 𝕜
                      (@NormedField.toField.{u_7} 𝕜
                        (@DenselyNormedField.toNormedField.{u_7} 𝕜 (@RCLike.toDenselyNormedField.{u_7} 𝕜 inst✝)))))))
              (@Semiring.toModule.{u_7} 𝕜
                (@DivisionSemiring.toSemiring.{u_7} 𝕜
                  (@Semifield.toDivisionSemiring.{u_7} 𝕜
                    (@Field.toSemifield.{u_7} 𝕜
                      (@NormedField.toField.{u_7} 𝕜
                        (@DenselyNormedField.toNormedField.{u_7} 𝕜 (@RCLike.toDenselyNormedField.{u_7} 𝕜 inst✝)))))))))
          (@WithLp.instModule.{u_7, max u_7 u_8}
            (@OfNat.ofNat.{0} ENNReal (nat_lit 2)
              (@instOfNatAtLeastTwo.{0} ENNReal (nat_lit 2)
                (@AddMonoidWithOne.toNatCast.{0} ENNReal
                  (@AddCommMonoidWithOne.toAddMonoidWithOne.{0} ENNReal ENNReal.instAddCommMonoidWithOne))
                PiLp.innerProductSpace._proof_1))
            𝕜 ((i : m) → (fun x => 𝕜) i)
            (@DivisionSemiring.toSemiring.{u_7} 𝕜
              (@Semifield.toDivisionSemiring.{u_7} 𝕜
                (@Field.toSemifield.{u_7} 𝕜
                  (@NormedField.toField.{u_7} 𝕜
                    (@DenselyNormedField.toNormedField.{u_7} 𝕜 (@RCLike.toDenselyNormedField.{u_7} 𝕜 inst✝))))))
            (@Pi.addCommGroup.{u_8, u_7} m (fun x => 𝕜) fun i =>
              @Ring.toAddCommGroup.{u_7} 𝕜
                (@DivisionRing.toRing.{u_7} 𝕜
                  (@Field.toDivisionRing.{u_7} 𝕜
                    (@NormedField.toField.{u_7} 𝕜
                      (@DenselyNormedField.toNormedField.{u_7} 𝕜 (@RCLike.toDenselyNormedField.{u_7} 𝕜 inst✝))))))
            (@Pi.Function.module.{u_8, u_7, u_7} m 𝕜 𝕜
              (@DivisionSemiring.toSemiring.{u_7} 𝕜
                (@Semifield.toDivisionSemiring.{u_7} 𝕜
                  (@Field.toSemifield.{u_7} 𝕜
                    (@NormedField.toField.{u_7} 𝕜
                      (@DenselyNormedField.toNormedField.{u_7} 𝕜 (@RCLike.toDenselyNormedField.{u_7} 𝕜 inst✝))))))
              (@Semiring.toAddCommMonoid.{u_7} 𝕜
                (@Ring.toSemiring.{u_7} 𝕜
                  (@DivisionRing.toRing.{u_7} 𝕜
                    (@Field.toDivisionRing.{u_7} 𝕜
                      (@NormedField.toField.{u_7} 𝕜
                        (@DenselyNormedField.toNormedField.{u_7} 𝕜 (@RCLike.toDenselyNormedField.{u_7} 𝕜 inst✝)))))))
              (@Semiring.toModule.{u_7} 𝕜
                (@DivisionSemiring.toSemiring.{u_7} 𝕜
                  (@Semifield.toDivisionSemiring.{u_7} 𝕜
                    (@Field.toSemifield.{u_7} 𝕜
                      (@NormedField.toField.{u_7} 𝕜
                        (@DenselyNormedField.toNormedField.{u_7} 𝕜 (@RCLike.toDenselyNormedField.{u_7} 𝕜 inst✝))))))))))
        (Matrix.{u_8, u_9, u_7} m n 𝕜)
        (@LinearMap.addCommMonoid.{u_7, u_7, max u_7 u_9, max u_7 u_8} 𝕜 𝕜 (EuclideanSpace.{u_7, u_9} 𝕜 n)
          (EuclideanSpace.{u_7, u_8} 𝕜 m)
          (@DivisionSemiring.toSemiring.{u_7} 𝕜
            (@Semifield.toDivisionSemiring.{u_7} 𝕜
              (@Field.toSemifield.{u_7} 𝕜
                (@NormedField.toField.{u_7} 𝕜
                  (@DenselyNormedField.toNormedField.{u_7} 𝕜 (@RCLike.toDenselyNormedField.{u_7} 𝕜 inst✝))))))
          (@DivisionSemiring.toSemiring.{u_7} 𝕜
            (@Semifield.toDivisionSemiring.{u_7} 𝕜
              (@Field.toSemifield.{u_7} 𝕜
                (@NormedField.toField.{u_7} 𝕜
                  (@DenselyNormedField.toNormedField.{u_7} 𝕜 (@RCLike.toDenselyNormedField.{u_7} 𝕜 inst✝))))))
          (@AddCommGroup.toAddCommMonoid.{max u_7 u_9} (EuclideanSpace.{u_7, u_9} 𝕜 n)
            (@WithLp.instAddCommGroup.{max u_7 u_9}
              (@OfNat.ofNat.{0} ENNReal (nat_lit 2)
                (@instOfNatAtLeastTwo.{0} ENNReal (nat_lit 2)
                  (@AddMonoidWithOne.toNatCast.{0} ENNReal
                    (@AddCommMonoidWithOne.toAddMonoidWithOne.{0} ENNReal ENNReal.instAddCommMonoidWithOne))
                  PiLp.innerProductSpace._proof_1))
              ((i : n) → (fun x => 𝕜) i)
              (@Pi.addCommGroup.{u_9, u_7} n (fun x => 𝕜) fun i =>
                @Ring.toAddCommGroup.{u_7} 𝕜
                  (@DivisionRing.toRing.{u_7} 𝕜
                    (@Field.toDivisionRing.{u_7} 𝕜
                      (@NormedField.toField.{u_7} 𝕜
                        (@DenselyNormedField.toNormedField.{u_7} 𝕜 (@RCLike.toDenselyNormedField.{u_7} 𝕜 inst✝))))))))
          (@AddCommGroup.toAddCommMonoid.{max u_7 u_8} (EuclideanSpace.{u_7, u_8} 𝕜 m)
            (@WithLp.instAddCommGroup.{max u_7 u_8}
              (@OfNat.ofNat.{0} ENNReal (nat_lit 2)
                (@instOfNatAtLeastTwo.{0} ENNReal (nat_lit 2)
                  (@AddMonoidWithOne.toNatCast.{0} ENNReal
                    (@AddCommMonoidWithOne.toAddMonoidWithOne.{0} ENNReal ENNReal.instAddCommMonoidWithOne))
                  PiLp.innerProductSpace._proof_1))
              ((i : m) → (fun x => 𝕜) i)
              (@Pi.addCommGroup.{u_8, u_7} m (fun x => 𝕜) fun i =>
                @Ring.toAddCommGroup.{u_7} 𝕜
                  (@DivisionRing.toRing.{u_7} 𝕜
                    (@Field.toDivisionRing.{u_7} 𝕜
                      (@NormedField.toField.{u_7} 𝕜
                        (@DenselyNormedField.toNormedField.{u_7} 𝕜 (@RCLike.toDenselyNormedField.{u_7} 𝕜 inst✝))))))))
          (@WithLp.instModule.{u_7, max u_7 u_9}
            (@OfNat.ofNat.{0} ENNReal (nat_lit 2)
              (@instOfNatAtLeastTwo.{0} ENNReal (nat_lit 2)
                (@AddMonoidWithOne.toNatCast.{0} ENNReal
                  (@AddCommMonoidWithOne.toAddMonoidWithOne.{0} ENNReal ENNReal.instAddCommMonoidWithOne))
                PiLp.innerProductSpace._proof_1))
            𝕜 ((i : n) → (fun x => 𝕜) i)
            (@DivisionSemiring.toSemiring.{u_7} 𝕜
              (@Semifield.toDivisionSemiring.{u_7} 𝕜
                (@Field.toSemifield.{u_7} 𝕜
                  (@NormedField.toField.{u_7} 𝕜
                    (@DenselyNormedField.toNormedField.{u_7} 𝕜 (@RCLike.toDenselyNormedField.{u_7} 𝕜 inst✝))))))
            (@Pi.addCommGroup.{u_9, u_7} n (fun x => 𝕜) fun i =>
              @Ring.toAddCommGroup.{u_7} 𝕜
                (@DivisionRing.toRing.{u_7} 𝕜
                  (@Field.toDivisionRing.{u_7} 𝕜
                    (@NormedField.toField.{u_7} 𝕜
                      (@DenselyNormedField.toNormedField.{u_7} 𝕜 (@RCLike.toDenselyNormedField.{u_7} 𝕜 inst✝))))))
            (@Pi.Function.module.{u_9, u_7, u_7} n 𝕜 𝕜
              (@DivisionSemiring.toSemiring.{u_7} 𝕜
                (@Semifield.toDivisionSemiring.{u_7} 𝕜
                  (@Field.toSemifield.{u_7} 𝕜
                    (@NormedField.toField.{u_7} 𝕜
                      (@DenselyNormedField.toNormedField.{u_7} 𝕜 (@RCLike.toDenselyNormedField.{u_7} 𝕜 inst✝))))))
              (@Semiring.toAddCommMonoid.{u_7} 𝕜
                (@Ring.toSemiring.{u_7} 𝕜
                  (@DivisionRing.toRing.{u_7} 𝕜
                    (@Field.toDivisionRing.{u_7} 𝕜
                      (@NormedField.toField.{u_7} 𝕜
                        (@DenselyNormedField.toNormedField.{u_7} 𝕜 (@RCLike.toDenselyNormedField.{u_7} 𝕜 inst✝)))))))
              (@Semiring.toModule.{u_7} 𝕜
                (@DivisionSemiring.toSemiring.{u_7} 𝕜
                  (@Semifield.toDivisionSemiring.{u_7} 𝕜
                    (@Field.toSemifield.{u_7} 𝕜
                      (@NormedField.toField.{u_7} 𝕜
                        (@DenselyNormedField.toNormedField.{u_7} 𝕜 (@RCLike.toDenselyNormedField.{u_7} 𝕜 inst✝)))))))))
          (@WithLp.instModule.{u_7, max u_7 u_8}
            (@OfNat.ofNat.{0} ENNReal (nat_lit 2)
              (@instOfNatAtLeastTwo.{0} ENNReal (nat_lit 2)
                (@AddMonoidWithOne.toNatCast.{0} ENNReal
                  (@AddCommMonoidWithOne.toAddMonoidWithOne.{0} ENNReal ENNReal.instAddCommMonoidWithOne))
                PiLp.innerProductSpace._proof_1))
            𝕜 ((i : m) → (fun x => 𝕜) i)
            (@DivisionSemiring.toSemiring.{u_7} 𝕜
              (@Semifield.toDivisionSemiring.{u_7} 𝕜
                (@Field.toSemifield.{u_7} 𝕜
                  (@NormedField.toField.{u_7} 𝕜
                    (@DenselyNormedField.toNormedField.{u_7} 𝕜 (@RCLike.toDenselyNormedField.{u_7} 𝕜 inst✝))))))
            (@Pi.addCommGroup.{u_8, u_7} m (fun x => 𝕜) fun i =>
              @Ring.toAddCommGroup.{u_7} 𝕜
                (@DivisionRing.toRing.{u_7} 𝕜
                  (@Field.toDivisionRing.{u_7} 𝕜
                    (@NormedField.toField.{u_7} 𝕜
                      (@DenselyNormedField.toNormedField.{u_7} 𝕜 (@RCLike.toDenselyNormedField.{u_7} 𝕜 inst✝))))))
            (@Pi.Function.module.{u_8, u_7, u_7} m 𝕜 𝕜
              (@DivisionSemiring.toSemiring.{u_7} 𝕜
                (@Semifield.toDivisionSemiring.{u_7} 𝕜
                  (@Field.toSemifield.{u_7} 𝕜
                    (@NormedField.toField.{u_7} 𝕜
                      (@DenselyNormedField.toNormedField.{u_7} 𝕜 (@RCLike.toDenselyNormedField.{u_7} 𝕜 inst✝))))))
              (@Semiring.toAddCommMonoid.{u_7} 𝕜
                (@Ring.toSemiring.{u_7} 𝕜
                  (@DivisionRing.toRing.{u_7} 𝕜
                    (@Field.toDivisionRing.{u_7} 𝕜
                      (@NormedField.toField.{u_7} 𝕜
                        (@DenselyNormedField.toNormedField.{u_7} 𝕜 (@RCLike.toDenselyNormedField.{u_7} 𝕜 inst✝)))))))
              (@Semiring.toModule.{u_7} 𝕜
                (@DivisionSemiring.toSemiring.{u_7} 𝕜
                  (@Semifield.toDivisionSemiring.{u_7} 𝕜
                    (@Field.toSemifield.{u_7} 𝕜
                      (@NormedField.toField.{u_7} 𝕜
                        (@DenselyNormedField.toNormedField.{u_7} 𝕜 (@RCLike.toDenselyNormedField.{u_7} 𝕜 inst✝)))))))))
          (@RingHom.id.{u_7} 𝕜
            (@Semiring.toNonAssocSemiring.{u_7} 𝕜
              (@DivisionSemiring.toSemiring.{u_7} 𝕜
                (@Semifield.toDivisionSemiring.{u_7} 𝕜
                  (@Field.toSemifield.{u_7} 𝕜
                    (@NormedField.toField.{u_7} 𝕜
                      (@DenselyNormedField.toNormedField.{u_7} 𝕜 (@RCLike.toDenselyNormedField.{u_7} 𝕜 inst✝)))))))))
        (@Matrix.addCommMonoid.{u_7, u_8, u_9} m n 𝕜
          (@Semiring.toAddCommMonoid.{u_7} 𝕜
            (@DivisionSemiring.toSemiring.{u_7} 𝕜
              (@Semifield.toDivisionSemiring.{u_7} 𝕜
                (@Field.toSemifield.{u_7} 𝕜
                  (@NormedField.toField.{u_7} 𝕜
                    (@DenselyNormedField.toNormedField.{u_7} 𝕜 (@RCLike.toDenselyNormedField.{u_7} 𝕜 inst✝))))))))
        (@LinearMap.module.{u_7, u_7, u_7, max u_7 u_9, max u_7 u_8} 𝕜 𝕜 𝕜 (EuclideanSpace.{u_7, u_9} 𝕜 n)
          (EuclideanSpace.{u_7, u_8} 𝕜 m)
          (@DivisionSemiring.toSemiring.{u_7} 𝕜
            (@Semifield.toDivisionSemiring.{u_7} 𝕜
              (@Field.toSemifield.{u_7} 𝕜
                (@NormedField.toField.{u_7} 𝕜
                  (@DenselyNormedField.toNormedField.{u_7} 𝕜 (@RCLike.toDenselyNormedField.{u_7} 𝕜 inst✝))))))
          (@DivisionSemiring.toSemiring.{u_7} 𝕜
            (@Semifield.toDivisionSemiring.{u_7} 𝕜
              (@Field.toSemifield.{u_7} 𝕜
                (@NormedField.toField.{u_7} 𝕜
                  (@DenselyNormedField.toNormedField.{u_7} 𝕜 (@RCLike.toDenselyNormedField.{u_7} 𝕜 inst✝))))))
          (@AddCommGroup.toAddCommMonoid.{max u_7 u_9} (EuclideanSpace.{u_7, u_9} 𝕜 n)
            (@WithLp.instAddCommGroup.{max u_7 u_9}
              (@OfNat.ofNat.{0} ENNReal (nat_lit 2)
                (@instOfNatAtLeastTwo.{0} ENNReal (nat_lit 2)
                  (@AddMonoidWithOne.toNatCast.{0} ENNReal
                    (@AddCommMonoidWithOne.toAddMonoidWithOne.{0} ENNReal ENNReal.instAddCommMonoidWithOne))
                  PiLp.innerProductSpace._proof_1))
              ((i : n) → (fun x => 𝕜) i)
              (@Pi.addCommGroup.{u_9, u_7} n (fun x => 𝕜) fun i =>
                @Ring.toAddCommGroup.{u_7} 𝕜
                  (@DivisionRing.toRing.{u_7} 𝕜
                    (@Field.toDivisionRing.{u_7} 𝕜
                      (@NormedField.toField.{u_7} 𝕜
                        (@DenselyNormedField.toNormedField.{u_7} 𝕜 (@RCLike.toDenselyNormedField.{u_7} 𝕜 inst✝))))))))
          (@AddCommGroup.toAddCommMonoid.{max u_7 u_8} (EuclideanSpace.{u_7, u_8} 𝕜 m)
            (@WithLp.instAddCommGroup.{max u_7 u_8}
              (@OfNat.ofNat.{0} ENNReal (nat_lit 2)
                (@instOfNatAtLeastTwo.{0} ENNReal (nat_lit 2)
                  (@AddMonoidWithOne.toNatCast.{0} ENNReal
                    (@AddCommMonoidWithOne.toAddMonoidWithOne.{0} ENNReal ENNReal.instAddCommMonoidWithOne))
                  PiLp.innerProductSpace._proof_1))
              ((i : m) → (fun x => 𝕜) i)
              (@Pi.addCommGroup.{u_8, u_7} m (fun x => 𝕜) fun i =>
                @Ring.toAddCommGroup.{u_7} 𝕜
                  (@DivisionRing.toRing.{u_7} 𝕜
                    (@Field.toDivisionRing.{u_7} 𝕜
                      (@NormedField.toField.{u_7} 𝕜
                        (@DenselyNormedField.toNormedField.{u_7} 𝕜 (@RCLike.toDenselyNormedField.{u_7} 𝕜 inst✝))))))))
          (@WithLp.instModule.{u_7, max u_7 u_9}
            (@OfNat.ofNat.{0} ENNReal (nat_lit 2)
              (@instOfNatAtLeastTwo.{0} ENNReal (nat_lit 2)
                (@AddMonoidWithOne.toNatCast.{0} ENNReal
                  (@AddCommMonoidWithOne.toAddMonoidWithOne.{0} ENNReal ENNReal.instAddCommMonoidWithOne))
                PiLp.innerProductSpace._proof_1))
            𝕜 ((i : n) → (fun x => 𝕜) i)
            (@DivisionSemiring.toSemiring.{u_7} 𝕜
              (@Semifield.toDivisionSemiring.{u_7} 𝕜
                (@Field.toSemifield.{u_7} 𝕜
                  (@NormedField.toField.{u_7} 𝕜
                    (@DenselyNormedField.toNormedField.{u_7} 𝕜 (@RCLike.toDenselyNormedField.{u_7} 𝕜 inst✝))))))
            (@Pi.addCommGroup.{u_9, u_7} n (fun x => 𝕜) fun i =>
              @Ring.toAddCommGroup.{u_7} 𝕜
                (@DivisionRing.toRing.{u_7} 𝕜
                  (@Field.toDivisionRing.{u_7} 𝕜
                    (@NormedField.toField.{u_7} 𝕜
                      (@DenselyNormedField.toNormedField.{u_7} 𝕜 (@RCLike.toDenselyNormedField.{u_7} 𝕜 inst✝))))))
            (@Pi.Function.module.{u_9, u_7, u_7} n 𝕜 𝕜
              (@DivisionSemiring.toSemiring.{u_7} 𝕜
                (@Semifield.toDivisionSemiring.{u_7} 𝕜
                  (@Field.toSemifield.{u_7} 𝕜
                    (@NormedField.toField.{u_7} 𝕜
                      (@DenselyNormedField.toNormedField.{u_7} 𝕜 (@RCLike.toDenselyNormedField.{u_7} 𝕜 inst✝))))))
              (@Semiring.toAddCommMonoid.{u_7} 𝕜
                (@Ring.toSemiring.{u_7} 𝕜
                  (@DivisionRing.toRing.{u_7} 𝕜
                    (@Field.toDivisionRing.{u_7} 𝕜
                      (@NormedField.toField.{u_7} 𝕜
                        (@DenselyNormedField.toNormedField.{u_7} 𝕜 (@RCLike.toDenselyNormedField.{u_7} 𝕜 inst✝)))))))
              (@Semiring.toModule.{u_7} 𝕜
                (@DivisionSemiring.toSemiring.{u_7} 𝕜
                  (@Semifield.toDivisionSemiring.{u_7} 𝕜
                    (@Field.toSemifield.{u_7} 𝕜
                      (@NormedField.toField.{u_7} 𝕜
                        (@DenselyNormedField.toNormedField.{u_7} 𝕜 (@RCLike.toDenselyNormedField.{u_7} 𝕜 inst✝)))))))))
          (@WithLp.instModule.{u_7, max u_7 u_8}
            (@OfNat.ofNat.{0} ENNReal (nat_lit 2)
              (@instOfNatAtLeastTwo.{0} ENNReal (nat_lit 2)
                (@AddMonoidWithOne.toNatCast.{0} ENNReal
                  (@AddCommMonoidWithOne.toAddMonoidWithOne.{0} ENNReal ENNReal.instAddCommMonoidWithOne))
                PiLp.innerProductSpace._proof_1))
            𝕜 ((i : m) → (fun x => 𝕜) i)
            (@DivisionSemiring.toSemiring.{u_7} 𝕜
              (@Semifield.toDivisionSemiring.{u_7} 𝕜
                (@Field.toSemifield.{u_7} 𝕜
                  (@NormedField.toField.{u_7} 𝕜
                    (@DenselyNormedField.toNormedField.{u_7} 𝕜 (@RCLike.toDenselyNormedField.{u_7} 𝕜 inst✝))))))
            (@Pi.addCommGroup.{u_8, u_7} m (fun x => 𝕜) fun i =>
              @Ring.toAddCommGroup.{u_7} 𝕜
                (@DivisionRing.toRing.{u_7} 𝕜
                  (@Field.toDivisionRing.{u_7} 𝕜
                    (@NormedField.toField.{u_7} 𝕜
                      (@DenselyNormedField.toNormedField.{u_7} 𝕜 (@RCLike.toDenselyNormedField.{u_7} 𝕜 inst✝))))))
            (@Pi.Function.module.{u_8, u_7, u_7} m 𝕜 𝕜
              (@DivisionSemiring.toSemiring.{u_7} 𝕜
                (@Semifield.toDivisionSemiring.{u_7} 𝕜
                  (@Field.toSemifield.{u_7} 𝕜
                    (@NormedField.toField.{u_7} 𝕜
                      (@DenselyNormedField.toNormedField.{u_7} 𝕜 (@RCLike.toDenselyNormedField.{u_7} 𝕜 inst✝))))))
              (@Semiring.toAddCommMonoid.{u_7} 𝕜
                (@Ring.toSemiring.{u_7} 𝕜
                  (@DivisionRing.toRing.{u_7} 𝕜
                    (@Field.toDivisionRing.{u_7} 𝕜
                      (@NormedField.toField.{u_7} 𝕜
                        (@DenselyNormedField.toNormedField.{u_7} 𝕜 (@RCLike.toDenselyNormedField.{u_7} 𝕜 inst✝)))))))
              (@Semiring.toModule.{u_7} 𝕜
                (@DivisionSemiring.toSemiring.{u_7} 𝕜
                  (@Semifield.toDivisionSemiring.{u_7} 𝕜
                    (@Field.toSemifield.{u_7} 𝕜
                      (@NormedField.toField.{u_7} 𝕜
                        (@DenselyNormedField.toNormedField.{u_7} 𝕜 (@RCLike.toDenselyNormedField.{u_7} 𝕜 inst✝)))))))))
          (@RingHom.id.{u_7} 𝕜
            (@Semiring.toNonAssocSemiring.{u_7} 𝕜
              (@DivisionSemiring.toSemiring.{u_7} 𝕜
                (@Semifield.toDivisionSemiring.{u_7} 𝕜
                  (@Field.toSemifield.{u_7} 𝕜
                    (@NormedField.toField.{u_7} 𝕜
                      (@DenselyNormedField.toNormedField.{u_7} 𝕜 (@RCLike.toDenselyNormedField.{u_7} 𝕜 inst✝))))))))
          (@DivisionSemiring.toSemiring.{u_7} 𝕜
            (@Semifield.toDivisionSemiring.{u_7} 𝕜
              (@Field.toSemifield.{u_7} 𝕜
                (@NormedField.toField.{u_7} 𝕜
                  (@DenselyNormedField.toNormedField.{u_7} 𝕜 (@RCLike.toDenselyNormedField.{u_7} 𝕜 inst✝))))))
          (@WithLp.instModule.{u_7, max u_7 u_8}
            (@OfNat.ofNat.{0} ENNReal (nat_lit 2)
              (@instOfNatAtLeastTwo.{0} ENNReal (nat_lit 2)
                (@AddMonoidWithOne.toNatCast.{0} ENNReal
                  (@AddCommMonoidWithOne.toAddMonoidWithOne.{0} ENNReal ENNReal.instAddCommMonoidWithOne))
                PiLp.innerProductSpace._proof_1))
            𝕜 ((i : m) → (fun x => 𝕜) i)
            (@DivisionSemiring.toSemiring.{u_7} 𝕜
              (@Semifield.toDivisionSemiring.{u_7} 𝕜
                (@Field.toSemifield.{u_7} 𝕜
                  (@NormedField.toField.{u_7} 𝕜
                    (@DenselyNormedField.toNormedField.{u_7} 𝕜 (@RCLike.toDenselyNormedField.{u_7} 𝕜 inst✝))))))
            (@Pi.addCommGroup.{u_8, u_7} m (fun x => 𝕜) fun i =>
              @Ring.toAddCommGroup.{u_7} 𝕜
                (@DivisionRing.toRing.{u_7} 𝕜
                  (@Field.toDivisionRing.{u_7} 𝕜
                    (@NormedField.toField.{u_7} 𝕜
                      (@DenselyNormedField.toNormedField.{u_7} 𝕜 (@RCLike.toDenselyNormedField.{u_7} 𝕜 inst✝))))))
            (@Pi.Function.module.{u_8, u_7, u_7} m 𝕜 𝕜
              (@DivisionSemiring.toSemiring.{u_7} 𝕜
                (@Semifield.toDivisionSemiring.{u_7} 𝕜
                  (@Field.toSemifield.{u_7} 𝕜
                    (@NormedField.toField.{u_7} 𝕜
                      (@DenselyNormedField.toNormedField.{u_7} 𝕜 (@RCLike.toDenselyNormedField.{u_7} 𝕜 inst✝))))))
              (@Semiring.toAddCommMonoid.{u_7} 𝕜
                (@Ring.toSemiring.{u_7} 𝕜
                  (@DivisionRing.toRing.{u_7} 𝕜
                    (@Field.toDivisionRing.{u_7} 𝕜
                      (@NormedField.toField.{u_7} 𝕜
                        (@DenselyNormedField.toNormedField.{u_7} 𝕜 (@RCLike.toDenselyNormedField.{u_7} 𝕜 inst✝)))))))
              (@Semiring.toModule.{u_7} 𝕜
                (@DivisionSemiring.toSemiring.{u_7} 𝕜
                  (@Semifield.toDivisionSemiring.{u_7} 𝕜
                    (@Field.toSemifield.{u_7} 𝕜
                      (@NormedField.toField.{u_7} 𝕜
                        (@DenselyNormedField.toNormedField.{u_7} 𝕜 (@RCLike.toDenselyNormedField.{u_7} 𝕜 inst✝)))))))))
          ⋯)
        (@Matrix.module.{u_7, u_8, u_9, u_7} m n 𝕜 𝕜
          (@DivisionSemiring.toSemiring.{u_7} 𝕜
            (@Semifield.toDivisionSemiring.{u_7} 𝕜
              (@Field.toSemifield.{u_7} 𝕜
                (@NormedField.toField.{u_7} 𝕜
                  (@DenselyNormedField.toNormedField.{u_7} 𝕜 (@RCLike.toDenselyNormedField.{u_7} 𝕜 inst✝))))))
          (@Semiring.toAddCommMonoid.{u_7} 𝕜
            (@DivisionSemiring.toSemiring.{u_7} 𝕜
              (@Semifield.toDivisionSemiring.{u_7} 𝕜
                (@Field.toSemifield.{u_7} 𝕜
                  (@NormedField.toField.{u_7} 𝕜
                    (@DenselyNormedField.toNormedField.{u_7} 𝕜 (@RCLike.toDenselyNormedField.{u_7} 𝕜 inst✝)))))))
          (@Semiring.toModule.{u_7} 𝕜
            (@DivisionSemiring.toSemiring.{u_7} 𝕜
              (@Semifield.toDivisionSemiring.{u_7} 𝕜
                (@Field.toSemifield.{u_7} 𝕜
                  (@NormedField.toField.{u_7} 𝕜
                    (@DenselyNormedField.toNormedField.{u_7} 𝕜 (@RCLike.toDenselyNormedField.{u_7} 𝕜 inst✝)))))))))
      (@LinearMap.{u_7, u_7, max u_9 u_7, max u_8 u_7} 𝕜 𝕜
        (@DivisionSemiring.toSemiring.{u_7} 𝕜
          (@Semifield.toDivisionSemiring.{u_7} 𝕜
            (@Field.toSemifield.{u_7} 𝕜
              (@NormedField.toField.{u_7} 𝕜
                (@DenselyNormedField.toNormedField.{u_7} 𝕜 (@RCLike.toDenselyNormedField.{u_7} 𝕜 inst✝))))))
        (@DivisionSemiring.toSemiring.{u_7} 𝕜
          (@Semifield.toDivisionSemiring.{u_7} 𝕜
            (@Field.toSemifield.{u_7} 𝕜
              (@NormedField.toField.{u_7} 𝕜
                (@DenselyNormedField.toNormedField.{u_7} 𝕜 (@RCLike.toDenselyNormedField.{u_7} 𝕜 inst✝))))))
        (@RingHom.id.{u_7} 𝕜
          (@Semiring.toNonAssocSemiring.{u_7} 𝕜
            (@DivisionSemiring.toSemiring.{u_7} 𝕜
              (@Semifield.toDivisionSemiring.{u_7} 𝕜
                (@Field.toSemifield.{u_7} 𝕜
                  (@NormedField.toField.{u_7} 𝕜
                    (@DenselyNormedField.toNormedField.{u_7} 𝕜 (@RCLike.toDenselyNormedField.{u_7} 𝕜 inst✝))))))))
        (EuclideanSpace.{u_7, u_9} 𝕜 n) (EuclideanSpace.{u_7, u_8} 𝕜 m)
        (@AddCommGroup.toAddCommMonoid.{max u_7 u_9} (EuclideanSpace.{u_7, u_9} 𝕜 n)
          (@WithLp.instAddCommGroup.{max u_7 u_9}
            (@OfNat.ofNat.{0} ENNReal (nat_lit 2)
              (@instOfNatAtLeastTwo.{0} ENNReal (nat_lit 2)
                (@AddMonoidWithOne.toNatCast.{0} ENNReal
                  (@AddCommMonoidWithOne.toAddMonoidWithOne.{0} ENNReal ENNReal.instAddCommMonoidWithOne))
                PiLp.innerProductSpace._proof_1))
            ((i : n) → (fun x => 𝕜) i)
            (@Pi.addCommGroup.{u_9, u_7} n (fun x => 𝕜) fun i =>
              @Ring.toAddCommGroup.{u_7} 𝕜
                (@DivisionRing.toRing.{u_7} 𝕜
                  (@Field.toDivisionRing.{u_7} 𝕜
                    (@NormedField.toField.{u_7} 𝕜
                      (@DenselyNormedField.toNormedField.{u_7} 𝕜 (@RCLike.toDenselyNormedField.{u_7} 𝕜 inst✝))))))))
        (@AddCommGroup.toAddCommMonoid.{max u_7 u_8} (EuclideanSpace.{u_7, u_8} 𝕜 m)
          (@WithLp.instAddCommGroup.{max u_7 u_8}
            (@OfNat.ofNat.{0} ENNReal (nat_lit 2)
              (@instOfNatAtLeastTwo.{0} ENNReal (nat_lit 2)
                (@AddMonoidWithOne.toNatCast.{0} ENNReal
                  (@AddCommMonoidWithOne.toAddMonoidWithOne.{0} ENNReal ENNReal.instAddCommMonoidWithOne))
                PiLp.innerProductSpace._proof_1))
            ((i : m) → (fun x => 𝕜) i)
            (@Pi.addCommGroup.{u_8, u_7} m (fun x => 𝕜) fun i =>
              @Ring.toAddCommGroup.{u_7} 𝕜
                (@DivisionRing.toRing.{u_7} 𝕜
                  (@Field.toDivisionRing.{u_7} 𝕜
                    (@NormedField.toField.{u_7} 𝕜
                      (@DenselyNormedField.toNormedField.{u_7} 𝕜 (@RCLike.toDenselyNormedField.{u_7} 𝕜 inst✝))))))))
        (@WithLp.instModule.{u_7, max u_7 u_9}
          (@OfNat.ofNat.{0} ENNReal (nat_lit 2)
            (@instOfNatAtLeastTwo.{0} ENNReal (nat_lit 2)
              (@AddMonoidWithOne.toNatCast.{0} ENNReal
                (@AddCommMonoidWithOne.toAddMonoidWithOne.{0} ENNReal ENNReal.instAddCommMonoidWithOne))
              PiLp.innerProductSpace._proof_1))
          𝕜 ((i : n) → (fun x => 𝕜) i)
          (@DivisionSemiring.toSemiring.{u_7} 𝕜
            (@Semifield.toDivisionSemiring.{u_7} 𝕜
              (@Field.toSemifield.{u_7} 𝕜
                (@NormedField.toField.{u_7} 𝕜
                  (@DenselyNormedField.toNormedField.{u_7} 𝕜 (@RCLike.toDenselyNormedField.{u_7} 𝕜 inst✝))))))
          (@Pi.addCommGroup.{u_9, u_7} n (fun x => 𝕜) fun i =>
            @Ring.toAddCommGroup.{u_7} 𝕜
              (@DivisionRing.toRing.{u_7} 𝕜
                (@Field.toDivisionRing.{u_7} 𝕜
                  (@NormedField.toField.{u_7} 𝕜
                    (@DenselyNormedField.toNormedField.{u_7} 𝕜 (@RCLike.toDenselyNormedField.{u_7} 𝕜 inst✝))))))
          (@Pi.Function.module.{u_9, u_7, u_7} n 𝕜 𝕜
            (@DivisionSemiring.toSemiring.{u_7} 𝕜
              (@Semifield.toDivisionSemiring.{u_7} 𝕜
                (@Field.toSemifield.{u_7} 𝕜
                  (@NormedField.toField.{u_7} 𝕜
                    (@DenselyNormedField.toNormedField.{u_7} 𝕜 (@RCLike.toDenselyNormedField.{u_7} 𝕜 inst✝))))))
            (@Semiring.toAddCommMonoid.{u_7} 𝕜
              (@Ring.toSemiring.{u_7} 𝕜
                (@DivisionRing.toRing.{u_7} 𝕜
                  (@Field.toDivisionRing.{u_7} 𝕜
                    (@NormedField.toField.{u_7} 𝕜
                      (@DenselyNormedField.toNormedField.{u_7} 𝕜 (@RCLike.toDenselyNormedField.{u_7} 𝕜 inst✝)))))))
            (@Semiring.toModule.{u_7} 𝕜
              (@DivisionSemiring.toSemiring.{u_7} 𝕜
                (@Semifield.toDivisionSemiring.{u_7} 𝕜
                  (@Field.toSemifield.{u_7} 𝕜
                    (@NormedField.toField.{u_7} 𝕜
                      (@DenselyNormedField.toNormedField.{u_7} 𝕜 (@RCLike.toDenselyNormedField.{u_7} 𝕜 inst✝)))))))))
        (@WithLp.instModule.{u_7, max u_7 u_8}
          (@OfNat.ofNat.{0} ENNReal (nat_lit 2)
            (@instOfNatAtLeastTwo.{0} ENNReal (nat_lit 2)
              (@AddMonoidWithOne.toNatCast.{0} ENNReal
                (@AddCommMonoidWithOne.toAddMonoidWithOne.{0} ENNReal ENNReal.instAddCommMonoidWithOne))
              PiLp.innerProductSpace._proof_1))
          𝕜 ((i : m) → (fun x => 𝕜) i)
          (@DivisionSemiring.toSemiring.{u_7} 𝕜
            (@Semifield.toDivisionSemiring.{u_7} 𝕜
              (@Field.toSemifield.{u_7} 𝕜
                (@NormedField.toField.{u_7} 𝕜
                  (@DenselyNormedField.toNormedField.{u_7} 𝕜 (@RCLike.toDenselyNormedField.{u_7} 𝕜 inst✝))))))
          (@Pi.addCommGroup.{u_8, u_7} m (fun x => 𝕜) fun i =>
            @Ring.toAddCommGroup.{u_7} 𝕜
              (@DivisionRing.toRing.{u_7} 𝕜
                (@Field.toDivisionRing.{u_7} 𝕜
                  (@NormedField.toField.{u_7} 𝕜
                    (@DenselyNormedField.toNormedField.{u_7} 𝕜 (@RCLike.toDenselyNormedField.{u_7} 𝕜 inst✝))))))
          (@Pi.Function.module.{u_8, u_7, u_7} m 𝕜 𝕜
            (@DivisionSemiring.toSemiring.{u_7} 𝕜
              (@Semifield.toDivisionSemiring.{u_7} 𝕜
                (@Field.toSemifield.{u_7} 𝕜
                  (@NormedField.toField.{u_7} 𝕜
                    (@DenselyNormedField.toNormedField.{u_7} 𝕜 (@RCLike.toDenselyNormedField.{u_7} 𝕜 inst✝))))))
            (@Semiring.toAddCommMonoid.{u_7} 𝕜
              (@Ring.toSemiring.{u_7} 𝕜
                (@DivisionRing.toRing.{u_7} 𝕜
                  (@Field.toDivisionRing.{u_7} 𝕜
                    (@NormedField.toField.{u_7} 𝕜
                      (@DenselyNormedField.toNormedField.{u_7} 𝕜 (@RCLike.toDenselyNormedField.{u_7} 𝕜 inst✝)))))))
            (@Semiring.toModule.{u_7} 𝕜
              (@DivisionSemiring.toSemiring.{u_7} 𝕜
                (@Semifield.toDivisionSemiring.{u_7} 𝕜
                  (@Field.toSemifield.{u_7} 𝕜
                    (@NormedField.toField.{u_7} 𝕜
                      (@DenselyNormedField.toNormedField.{u_7} 𝕜 (@RCLike.toDenselyNormedField.{u_7} 𝕜 inst✝))))))))))
      (fun x => Matrix.{u_8, u_9, u_7} m n 𝕜)
      (@EquivLike.toFunLike.{max (max (u_9 + 1) (u_8 + 1)) (u_7 + 1), max (max (u_9 + 1) (u_8 + 1)) (u_7 + 1),
            max (max (u_9 + 1) (u_8 + 1)) (u_7 + 1)}
        (@LinearEquiv.{u_7, u_7, max (max u_9 u_8) u_7, max (max u_9 u_8) u_7} 𝕜 𝕜
          (@DivisionSemiring.toSemiring.{u_7} 𝕜
            (@Semifield.toDivisionSemiring.{u_7} 𝕜
              (@Field.toSemifield.{u_7} 𝕜
                (@NormedField.toField.{u_7} 𝕜
                  (@DenselyNormedField.toNormedField.{u_7} 𝕜 (@RCLike.toDenselyNormedField.{u_7} 𝕜 inst✝))))))
          (@DivisionSemiring.toSemiring.{u_7} 𝕜
            (@Semifield.toDivisionSemiring.{u_7} 𝕜
              (@Field.toSemifield.{u_7} 𝕜
                (@NormedField.toField.{u_7} 𝕜
                  (@DenselyNormedField.toNormedField.{u_7} 𝕜 (@RCLike.toDenselyNormedField.{u_7} 𝕜 inst✝))))))
          (@RingHom.id.{u_7} 𝕜
            (@Semiring.toNonAssocSemiring.{u_7} 𝕜
              (@DivisionSemiring.toSemiring.{u_7} 𝕜
                (@Semifield.toDivisionSemiring.{u_7} 𝕜
                  (@Field.toSemifield.{u_7} 𝕜
                    (@NormedField.toField.{u_7} 𝕜
                      (@DenselyNormedField.toNormedField.{u_7} 𝕜 (@RCLike.toDenselyNormedField.{u_7} 𝕜 inst✝))))))))
          (@RingHom.id.{u_7} 𝕜
            (@Semiring.toNonAssocSemiring.{u_7} 𝕜
              (@DivisionSemiring.toSemiring.{u_7} 𝕜
                (@Semifield.toDivisionSemiring.{u_7} 𝕜
                  (@Field.toSemifield.{u_7} 𝕜
                    (@NormedField.toField.{u_7} 𝕜
                      (@DenselyNormedField.toNormedField.{u_7} 𝕜 (@RCLike.toDenselyNormedField.{u_7} 𝕜 inst✝))))))))
          ⋯ ⋯
          (@LinearMap.{u_7, u_7, max u_9 u_7, max u_8 u_7} 𝕜 𝕜
            (@DivisionSemiring.toSemiring.{u_7} 𝕜
              (@Semifield.toDivisionSemiring.{u_7} 𝕜
                (@Field.toSemifield.{u_7} 𝕜
                  (@NormedField.toField.{u_7} 𝕜
                    (@DenselyNormedField.toNormedField.{u_7} 𝕜 (@RCLike.toDenselyNormedField.{u_7} 𝕜 inst✝))))))
            (@DivisionSemiring.toSemiring.{u_7} 𝕜
              (@Semifield.toDivisionSemiring.{u_7} 𝕜
                (@Field.toSemifield.{u_7} 𝕜
                  (@NormedField.toField.{u_7} 𝕜
                    (@DenselyNormedField.toNormedField.{u_7} 𝕜 (@RCLike.toDenselyNormedField.{u_7} 𝕜 inst✝))))))
            (@RingHom.id.{u_7} 𝕜
              (@Semiring.toNonAssocSemiring.{u_7} 𝕜
                (@DivisionSemiring.toSemiring.{u_7} 𝕜
                  (@Semifield.toDivisionSemiring.{u_7} 𝕜
                    (@Field.toSemifield.{u_7} 𝕜
                      (@NormedField.toField.{u_7} 𝕜
                        (@DenselyNormedField.toNormedField.{u_7} 𝕜 (@RCLike.toDenselyNormedField.{u_7} 𝕜 inst✝))))))))
            (EuclideanSpace.{u_7, u_9} 𝕜 n) (EuclideanSpace.{u_7, u_8} 𝕜 m)
            (@AddCommGroup.toAddCommMonoid.{max u_7 u_9} (EuclideanSpace.{u_7, u_9} 𝕜 n)
              (@WithLp.instAddCommGroup.{max u_7 u_9}
                (@OfNat.ofNat.{0} ENNReal (nat_lit 2)
                  (@instOfNatAtLeastTwo.{0} ENNReal (nat_lit 2)
                    (@AddMonoidWithOne.toNatCast.{0} ENNReal
                      (@AddCommMonoidWithOne.toAddMonoidWithOne.{0} ENNReal ENNReal.instAddCommMonoidWithOne))
                    PiLp.innerProductSpace._proof_1))
                ((i : n) → (fun x => 𝕜) i)
                (@Pi.addCommGroup.{u_9, u_7} n (fun x => 𝕜) fun i =>
                  @Ring.toAddCommGroup.{u_7} 𝕜
                    (@DivisionRing.toRing.{u_7} 𝕜
                      (@Field.toDivisionRing.{u_7} 𝕜
                        (@NormedField.toField.{u_7} 𝕜
                          (@DenselyNormedField.toNormedField.{u_7} 𝕜 (@RCLike.toDenselyNormedField.{u_7} 𝕜 inst✝))))))))
            (@AddCommGroup.toAddCommMonoid.{max u_7 u_8} (EuclideanSpace.{u_7, u_8} 𝕜 m)
              (@WithLp.instAddCommGroup.{max u_7 u_8}
                (@OfNat.ofNat.{0} ENNReal (nat_lit 2)
                  (@instOfNatAtLeastTwo.{0} ENNReal (nat_lit 2)
                    (@AddMonoidWithOne.toNatCast.{0} ENNReal
                      (@AddCommMonoidWithOne.toAddMonoidWithOne.{0} ENNReal ENNReal.instAddCommMonoidWithOne))
                    PiLp.innerProductSpace._proof_1))
                ((i : m) → (fun x => 𝕜) i)
                (@Pi.addCommGroup.{u_8, u_7} m (fun x => 𝕜) fun i =>
                  @Ring.toAddCommGroup.{u_7} 𝕜
                    (@DivisionRing.toRing.{u_7} 𝕜
                      (@Field.toDivisionRing.{u_7} 𝕜
                        (@NormedField.toField.{u_7} 𝕜
                          (@DenselyNormedField.toNormedField.{u_7} 𝕜 (@RCLike.toDenselyNormedField.{u_7} 𝕜 inst✝))))))))
            (@WithLp.instModule.{u_7, max u_7 u_9}
              (@OfNat.ofNat.{0} ENNReal (nat_lit 2)
                (@instOfNatAtLeastTwo.{0} ENNReal (nat_lit 2)
                  (@AddMonoidWithOne.toNatCast.{0} ENNReal
                    (@AddCommMonoidWithOne.toAddMonoidWithOne.{0} ENNReal ENNReal.instAddCommMonoidWithOne))
                  PiLp.innerProductSpace._proof_1))
              𝕜 ((i : n) → (fun x => 𝕜) i)
              (@DivisionSemiring.toSemiring.{u_7} 𝕜
                (@Semifield.toDivisionSemiring.{u_7} 𝕜
                  (@Field.toSemifield.{u_7} 𝕜
                    (@NormedField.toField.{u_7} 𝕜
                      (@DenselyNormedField.toNormedField.{u_7} 𝕜 (@RCLike.toDenselyNormedField.{u_7} 𝕜 inst✝))))))
              (@Pi.addCommGroup.{u_9, u_7} n (fun x => 𝕜) fun i =>
                @Ring.toAddCommGroup.{u_7} 𝕜
                  (@DivisionRing.toRing.{u_7} 𝕜
                    (@Field.toDivisionRing.{u_7} 𝕜
                      (@NormedField.toField.{u_7} 𝕜
                        (@DenselyNormedField.toNormedField.{u_7} 𝕜 (@RCLike.toDenselyNormedField.{u_7} 𝕜 inst✝))))))
              (@Pi.Function.module.{u_9, u_7, u_7} n 𝕜 𝕜
                (@DivisionSemiring.toSemiring.{u_7} 𝕜
                  (@Semifield.toDivisionSemiring.{u_7} 𝕜
                    (@Field.toSemifield.{u_7} 𝕜
                      (@NormedField.toField.{u_7} 𝕜
                        (@DenselyNormedField.toNormedField.{u_7} 𝕜 (@RCLike.toDenselyNormedField.{u_7} 𝕜 inst✝))))))
                (@Semiring.toAddCommMonoid.{u_7} 𝕜
                  (@Ring.toSemiring.{u_7} 𝕜
                    (@DivisionRing.toRing.{u_7} 𝕜
                      (@Field.toDivisionRing.{u_7} 𝕜
                        (@NormedField.toField.{u_7} 𝕜
                          (@DenselyNormedField.toNormedField.{u_7} 𝕜 (@RCLike.toDenselyNormedField.{u_7} 𝕜 inst✝)))))))
                (@Semiring.toModule.{u_7} 𝕜
                  (@DivisionSemiring.toSemiring.{u_7} 𝕜
                    (@Semifield.toDivisionSemiring.{u_7} 𝕜
                      (@Field.toSemifield.{u_7} 𝕜
                        (@NormedField.toField.{u_7} 𝕜
                          (@DenselyNormedField.toNormedField.{u_7} 𝕜
                            (@RCLike.toDenselyNormedField.{u_7} 𝕜 inst✝)))))))))
            (@WithLp.instModule.{u_7, max u_7 u_8}
              (@OfNat.ofNat.{0} ENNReal (nat_lit 2)
                (@instOfNatAtLeastTwo.{0} ENNReal (nat_lit 2)
                  (@AddMonoidWithOne.toNatCast.{0} ENNReal
                    (@AddCommMonoidWithOne.toAddMonoidWithOne.{0} ENNReal ENNReal.instAddCommMonoidWithOne))
                  PiLp.innerProductSpace._proof_1))
              𝕜 ((i : m) → (fun x => 𝕜) i)
              (@DivisionSemiring.toSemiring.{u_7} 𝕜
                (@Semifield.toDivisionSemiring.{u_7} 𝕜
                  (@Field.toSemifield.{u_7} 𝕜
                    (@NormedField.toField.{u_7} 𝕜
                      (@DenselyNormedField.toNormedField.{u_7} 𝕜 (@RCLike.toDenselyNormedField.{u_7} 𝕜 inst✝))))))
              (@Pi.addCommGroup.{u_8, u_7} m (fun x => 𝕜) fun i =>
                @Ring.toAddCommGroup.{u_7} 𝕜
                  (@DivisionRing.toRing.{u_7} 𝕜
                    (@Field.toDivisionRing.{u_7} 𝕜
                      (@NormedField.toField.{u_7} 𝕜
                        (@DenselyNormedField.toNormedField.{u_7} 𝕜 (@RCLike.toDenselyNormedField.{u_7} 𝕜 inst✝))))))
              (@Pi.Function.module.{u_8, u_7, u_7} m 𝕜 𝕜
                (@DivisionSemiring.toSemiring.{u_7} 𝕜
                  (@Semifield.toDivisionSemiring.{u_7} 𝕜
                    (@Field.toSemifield.{u_7} 𝕜
                      (@NormedField.toField.{u_7} 𝕜
                        (@DenselyNormedField.toNormedField.{u_7} 𝕜 (@RCLike.toDenselyNormedField.{u_7} 𝕜 inst✝))))))
                (@Semiring.toAddCommMonoid.{u_7} 𝕜
                  (@Ring.toSemiring.{u_7} 𝕜
                    (@DivisionRing.toRing.{u_7} 𝕜
                      (@Field.toDivisionRing.{u_7} 𝕜
                        (@NormedField.toField.{u_7} 𝕜
                          (@DenselyNormedField.toNormedField.{u_7} 𝕜 (@RCLike.toDenselyNormedField.{u_7} 𝕜 inst✝)))))))
                (@Semiring.toModule.{u_7} 𝕜
                  (@DivisionSemiring.toSemiring.{u_7} 𝕜
                    (@Semifield.toDivisionSemiring.{u_7} 𝕜
                      (@Field.toSemifield.{u_7} 𝕜
                        (@NormedField.toField.{u_7} 𝕜
                          (@DenselyNormedField.toNormedField.{u_7} 𝕜
                            (@RCLike.toDenselyNormedField.{u_7} 𝕜 inst✝))))))))))
          (Matrix.{u_8, u_9, u_7} m n 𝕜)
          (@LinearMap.addCommMonoid.{u_7, u_7, max u_7 u_9, max u_7 u_8} 𝕜 𝕜 (EuclideanSpace.{u_7, u_9} 𝕜 n)
            (EuclideanSpace.{u_7, u_8} 𝕜 m)
            (@DivisionSemiring.toSemiring.{u_7} 𝕜
              (@Semifield.toDivisionSemiring.{u_7} 𝕜
                (@Field.toSemifield.{u_7} 𝕜
                  (@NormedField.toField.{u_7} 𝕜
                    (@DenselyNormedField.toNormedField.{u_7} 𝕜 (@RCLike.toDenselyNormedField.{u_7} 𝕜 inst✝))))))
            (@DivisionSemiring.toSemiring.{u_7} 𝕜
              (@Semifield.toDivisionSemiring.{u_7} 𝕜
                (@Field.toSemifield.{u_7} 𝕜
                  (@NormedField.toField.{u_7} 𝕜
                    (@DenselyNormedField.toNormedField.{u_7} 𝕜 (@RCLike.toDenselyNormedField.{u_7} 𝕜 inst✝))))))
            (@AddCommGroup.toAddCommMonoid.{max u_7 u_9} (EuclideanSpace.{u_7, u_9} 𝕜 n)
              (@WithLp.instAddCommGroup.{max u_7 u_9}
                (@OfNat.ofNat.{0} ENNReal (nat_lit 2)
                  (@instOfNatAtLeastTwo.{0} ENNReal (nat_lit 2)
                    (@AddMonoidWithOne.toNatCast.{0} ENNReal
                      (@AddCommMonoidWithOne.toAddMonoidWithOne.{0} ENNReal ENNReal.instAddCommMonoidWithOne))
                    PiLp.innerProductSpace._proof_1))
                ((i : n) → (fun x => 𝕜) i)
                (@Pi.addCommGroup.{u_9, u_7} n (fun x => 𝕜) fun i =>
                  @Ring.toAddCommGroup.{u_7} 𝕜
                    (@DivisionRing.toRing.{u_7} 𝕜
                      (@Field.toDivisionRing.{u_7} 𝕜
                        (@NormedField.toField.{u_7} 𝕜
                          (@DenselyNormedField.toNormedField.{u_7} 𝕜 (@RCLike.toDenselyNormedField.{u_7} 𝕜 inst✝))))))))
            (@AddCommGroup.toAddCommMonoid.{max u_7 u_8} (EuclideanSpace.{u_7, u_8} 𝕜 m)
              (@WithLp.instAddCommGroup.{max u_7 u_8}
                (@OfNat.ofNat.{0} ENNReal (nat_lit 2)
                  (@instOfNatAtLeastTwo.{0} ENNReal (nat_lit 2)
                    (@AddMonoidWithOne.toNatCast.{0} ENNReal
                      (@AddCommMonoidWithOne.toAddMonoidWithOne.{0} ENNReal ENNReal.instAddCommMonoidWithOne))
                    PiLp.innerProductSpace._proof_1))
                ((i : m) → (fun x => 𝕜) i)
                (@Pi.addCommGroup.{u_8, u_7} m (fun x => 𝕜) fun i =>
                  @Ring.toAddCommGroup.{u_7} 𝕜
                    (@DivisionRing.toRing.{u_7} 𝕜
                      (@Field.toDivisionRing.{u_7} 𝕜
                        (@NormedField.toField.{u_7} 𝕜
                          (@DenselyNormedField.toNormedField.{u_7} 𝕜 (@RCLike.toDenselyNormedField.{u_7} 𝕜 inst✝))))))))
            (@WithLp.instModule.{u_7, max u_7 u_9}
              (@OfNat.ofNat.{0} ENNReal (nat_lit 2)
                (@instOfNatAtLeastTwo.{0} ENNReal (nat_lit 2)
                  (@AddMonoidWithOne.toNatCast.{0} ENNReal
                    (@AddCommMonoidWithOne.toAddMonoidWithOne.{0} ENNReal ENNReal.instAddCommMonoidWithOne))
                  PiLp.innerProductSpace._proof_1))
              𝕜 ((i : n) → (fun x => 𝕜) i)
              (@DivisionSemiring.toSemiring.{u_7} 𝕜
                (@Semifield.toDivisionSemiring.{u_7} 𝕜
                  (@Field.toSemifield.{u_7} 𝕜
                    (@NormedField.toField.{u_7} 𝕜
                      (@DenselyNormedField.toNormedField.{u_7} 𝕜 (@RCLike.toDenselyNormedField.{u_7} 𝕜 inst✝))))))
              (@Pi.addCommGroup.{u_9, u_7} n (fun x => 𝕜) fun i =>
                @Ring.toAddCommGroup.{u_7} 𝕜
                  (@DivisionRing.toRing.{u_7} 𝕜
                    (@Field.toDivisionRing.{u_7} 𝕜
                      (@NormedField.toField.{u_7} 𝕜
                        (@DenselyNormedField.toNormedField.{u_7} 𝕜 (@RCLike.toDenselyNormedField.{u_7} 𝕜 inst✝))))))
              (@Pi.Function.module.{u_9, u_7, u_7} n 𝕜 𝕜
                (@DivisionSemiring.toSemiring.{u_7} 𝕜
                  (@Semifield.toDivisionSemiring.{u_7} 𝕜
                    (@Field.toSemifield.{u_7} 𝕜
                      (@NormedField.toField.{u_7} 𝕜
                        (@DenselyNormedField.toNormedField.{u_7} 𝕜 (@RCLike.toDenselyNormedField.{u_7} 𝕜 inst✝))))))
                (@Semiring.toAddCommMonoid.{u_7} 𝕜
                  (@Ring.toSemiring.{u_7} 𝕜
                    (@DivisionRing.toRing.{u_7} 𝕜
                      (@Field.toDivisionRing.{u_7} 𝕜
                        (@NormedField.toField.{u_7} 𝕜
                          (@DenselyNormedField.toNormedField.{u_7} 𝕜 (@RCLike.toDenselyNormedField.{u_7} 𝕜 inst✝)))))))
                (@Semiring.toModule.{u_7} 𝕜
                  (@DivisionSemiring.toSemiring.{u_7} 𝕜
                    (@Semifield.toDivisionSemiring.{u_7} 𝕜
                      (@Field.toSemifield.{u_7} 𝕜
                        (@NormedField.toField.{u_7} 𝕜
                          (@DenselyNormedField.toNormedField.{u_7} 𝕜
                            (@RCLike.toDenselyNormedField.{u_7} 𝕜 inst✝)))))))))
            (@WithLp.instModule.{u_7, max u_7 u_8}
              (@OfNat.ofNat.{0} ENNReal (nat_lit 2)
                (@instOfNatAtLeastTwo.{0} ENNReal (nat_lit 2)
                  (@AddMonoidWithOne.toNatCast.{0} ENNReal
                    (@AddCommMonoidWithOne.toAddMonoidWithOne.{0} ENNReal ENNReal.instAddCommMonoidWithOne))
                  PiLp.innerProductSpace._proof_1))
              𝕜 ((i : m) → (fun x => 𝕜) i)
              (@DivisionSemiring.toSemiring.{u_7} 𝕜
                (@Semifield.toDivisionSemiring.{u_7} 𝕜
                  (@Field.toSemifield.{u_7} 𝕜
                    (@NormedField.toField.{u_7} 𝕜
                      (@DenselyNormedField.toNormedField.{u_7} 𝕜 (@RCLike.toDenselyNormedField.{u_7} 𝕜 inst✝))))))
              (@Pi.addCommGroup.{u_8, u_7} m (fun x => 𝕜) fun i =>
                @Ring.toAddCommGroup.{u_7} 𝕜
                  (@DivisionRing.toRing.{u_7} 𝕜
                    (@Field.toDivisionRing.{u_7} 𝕜
                      (@NormedField.toField.{u_7} 𝕜
                        (@DenselyNormedField.toNormedField.{u_7} 𝕜 (@RCLike.toDenselyNormedField.{u_7} 𝕜 inst✝))))))
              (@Pi.Function.module.{u_8, u_7, u_7} m 𝕜 𝕜
                (@DivisionSemiring.toSemiring.{u_7} 𝕜
                  (@Semifield.toDivisionSemiring.{u_7} 𝕜
                    (@Field.toSemifield.{u_7} 𝕜
                      (@NormedField.toField.{u_7} 𝕜
                        (@DenselyNormedField.toNormedField.{u_7} 𝕜 (@RCLike.toDenselyNormedField.{u_7} 𝕜 inst✝))))))
                (@Semiring.toAddCommMonoid.{u_7} 𝕜
                  (@Ring.toSemiring.{u_7} 𝕜
                    (@DivisionRing.toRing.{u_7} 𝕜
                      (@Field.toDivisionRing.{u_7} 𝕜
                        (@NormedField.toField.{u_7} 𝕜
                          (@DenselyNormedField.toNormedField.{u_7} 𝕜 (@RCLike.toDenselyNormedField.{u_7} 𝕜 inst✝)))))))
                (@Semiring.toModule.{u_7} 𝕜
                  (@DivisionSemiring.toSemiring.{u_7} 𝕜
                    (@Semifield.toDivisionSemiring.{u_7} 𝕜
                      (@Field.toSemifield.{u_7} 𝕜
                        (@NormedField.toField.{u_7} 𝕜
                          (@DenselyNormedField.toNormedField.{u_7} 𝕜
                            (@RCLike.toDenselyNormedField.{u_7} 𝕜 inst✝)))))))))
            (@RingHom.id.{u_7} 𝕜
              (@Semiring.toNonAssocSemiring.{u_7} 𝕜
                (@DivisionSemiring.toSemiring.{u_7} 𝕜
                  (@Semifield.toDivisionSemiring.{u_7} 𝕜
                    (@Field.toSemifield.{u_7} 𝕜
                      (@NormedField.toField.{u_7} 𝕜
                        (@DenselyNormedField.toNormedField.{u_7} 𝕜 (@RCLike.toDenselyNormedField.{u_7} 𝕜 inst✝)))))))))
          (@Matrix.addCommMonoid.{u_7, u_8, u_9} m n 𝕜
            (@Semiring.toAddCommMonoid.{u_7} 𝕜
              (@DivisionSemiring.toSemiring.{u_7} 𝕜
                (@Semifield.toDivisionSemiring.{u_7} 𝕜
                  (@Field.toSemifield.{u_7} 𝕜
                    (@NormedField.toField.{u_7} 𝕜
                      (@DenselyNormedField.toNormedField.{u_7} 𝕜 (@RCLike.toDenselyNormedField.{u_7} 𝕜 inst✝))))))))
          (@LinearMap.module.{u_7, u_7, u_7, max u_7 u_9, max u_7 u_8} 𝕜 𝕜 𝕜 (EuclideanSpace.{u_7, u_9} 𝕜 n)
            (EuclideanSpace.{u_7, u_8} 𝕜 m)
            (@DivisionSemiring.toSemiring.{u_7} 𝕜
              (@Semifield.toDivisionSemiring.{u_7} 𝕜
                (@Field.toSemifield.{u_7} 𝕜
                  (@NormedField.toField.{u_7} 𝕜
                    (@DenselyNormedField.toNormedField.{u_7} 𝕜 (@RCLike.toDenselyNormedField.{u_7} 𝕜 inst✝))))))
            (@DivisionSemiring.toSemiring.{u_7} 𝕜
              (@Semifield.toDivisionSemiring.{u_7} 𝕜
                (@Field.toSemifield.{u_7} 𝕜
                  (@NormedField.toField.{u_7} 𝕜
                    (@DenselyNormedField.toNormedField.{u_7} 𝕜 (@RCLike.toDenselyNormedField.{u_7} 𝕜 inst✝))))))
            (@AddCommGroup.toAddCommMonoid.{max u_7 u_9} (EuclideanSpace.{u_7, u_9} 𝕜 n)
              (@WithLp.instAddCommGroup.{max u_7 u_9}
                (@OfNat.ofNat.{0} ENNReal (nat_lit 2)
                  (@instOfNatAtLeastTwo.{0} ENNReal (nat_lit 2)
                    (@AddMonoidWithOne.toNatCast.{0} ENNReal
                      (@AddCommMonoidWithOne.toAddMonoidWithOne.{0} ENNReal ENNReal.instAddCommMonoidWithOne))
                    PiLp.innerProductSpace._proof_1))
                ((i : n) → (fun x => 𝕜) i)
                (@Pi.addCommGroup.{u_9, u_7} n (fun x => 𝕜) fun i =>
                  @Ring.toAddCommGroup.{u_7} 𝕜
                    (@DivisionRing.toRing.{u_7} 𝕜
                      (@Field.toDivisionRing.{u_7} 𝕜
                        (@NormedField.toField.{u_7} 𝕜
                          (@DenselyNormedField.toNormedField.{u_7} 𝕜 (@RCLike.toDenselyNormedField.{u_7} 𝕜 inst✝))))))))
            (@AddCommGroup.toAddCommMonoid.{max u_7 u_8} (EuclideanSpace.{u_7, u_8} 𝕜 m)
              (@WithLp.instAddCommGroup.{max u_7 u_8}
                (@OfNat.ofNat.{0} ENNReal (nat_lit 2)
                  (@instOfNatAtLeastTwo.{0} ENNReal (nat_lit 2)
                    (@AddMonoidWithOne.toNatCast.{0} ENNReal
                      (@AddCommMonoidWithOne.toAddMonoidWithOne.{0} ENNReal ENNReal.instAddCommMonoidWithOne))
                    PiLp.innerProductSpace._proof_1))
                ((i : m) → (fun x => 𝕜) i)
                (@Pi.addCommGroup.{u_8, u_7} m (fun x => 𝕜) fun i =>
                  @Ring.toAddCommGroup.{u_7} 𝕜
                    (@DivisionRing.toRing.{u_7} 𝕜
                      (@Field.toDivisionRing.{u_7} 𝕜
                        (@NormedField.toField.{u_7} 𝕜
                          (@DenselyNormedField.toNormedField.{u_7} 𝕜 (@RCLike.toDenselyNormedField.{u_7} 𝕜 inst✝))))))))
            (@WithLp.instModule.{u_7, max u_7 u_9}
              (@OfNat.ofNat.{0} ENNReal (nat_lit 2)
                (@instOfNatAtLeastTwo.{0} ENNReal (nat_lit 2)
                  (@AddMonoidWithOne.toNatCast.{0} ENNReal
                    (@AddCommMonoidWithOne.toAddMonoidWithOne.{0} ENNReal ENNReal.instAddCommMonoidWithOne))
                  PiLp.innerProductSpace._proof_1))
              𝕜 ((i : n) → (fun x => 𝕜) i)
              (@DivisionSemiring.toSemiring.{u_7} 𝕜
                (@Semifield.toDivisionSemiring.{u_7} 𝕜
                  (@Field.toSemifield.{u_7} 𝕜
                    (@NormedField.toField.{u_7} 𝕜
                      (@DenselyNormedField.toNormedField.{u_7} 𝕜 (@RCLike.toDenselyNormedField.{u_7} 𝕜 inst✝))))))
              (@Pi.addCommGroup.{u_9, u_7} n (fun x => 𝕜) fun i =>
                @Ring.toAddCommGroup.{u_7} 𝕜
                  (@DivisionRing.toRing.{u_7} 𝕜
                    (@Field.toDivisionRing.{u_7} 𝕜
                      (@NormedField.toField.{u_7} 𝕜
                        (@DenselyNormedField.toNormedField.{u_7} 𝕜 (@RCLike.toDenselyNormedField.{u_7} 𝕜 inst✝))))))
              (@Pi.Function.module.{u_9, u_7, u_7} n 𝕜 𝕜
                (@DivisionSemiring.toSemiring.{u_7} 𝕜
                  (@Semifield.toDivisionSemiring.{u_7} 𝕜
                    (@Field.toSemifield.{u_7} 𝕜
                      (@NormedField.toField.{u_7} 𝕜
                        (@DenselyNormedField.toNormedField.{u_7} 𝕜 (@RCLike.toDenselyNormedField.{u_7} 𝕜 inst✝))))))
                (@Semiring.toAddCommMonoid.{u_7} 𝕜
                  (@Ring.toSemiring.{u_7} 𝕜
                    (@DivisionRing.toRing.{u_7} 𝕜
                      (@Field.toDivisionRing.{u_7} 𝕜
                        (@NormedField.toField.{u_7} 𝕜
                          (@DenselyNormedField.toNormedField.{u_7} 𝕜 (@RCLike.toDenselyNormedField.{u_7} 𝕜 inst✝)))))))
                (@Semiring.toModule.{u_7} 𝕜
                  (@DivisionSemiring.toSemiring.{u_7} 𝕜
                    (@Semifield.toDivisionSemiring.{u_7} 𝕜
                      (@Field.toSemifield.{u_7} 𝕜
                        (@NormedField.toField.{u_7} 𝕜
                          (@DenselyNormedField.toNormedField.{u_7} 𝕜
                            (@RCLike.toDenselyNormedField.{u_7} 𝕜 inst✝)))))))))
            (@WithLp.instModule.{u_7, max u_7 u_8}
              (@OfNat.ofNat.{0} ENNReal (nat_lit 2)
                (@instOfNatAtLeastTwo.{0} ENNReal (nat_lit 2)
                  (@AddMonoidWithOne.toNatCast.{0} ENNReal
                    (@AddCommMonoidWithOne.toAddMonoidWithOne.{0} ENNReal ENNReal.instAddCommMonoidWithOne))
                  PiLp.innerProductSpace._proof_1))
              𝕜 ((i : m) → (fun x => 𝕜) i)
              (@DivisionSemiring.toSemiring.{u_7} 𝕜
                (@Semifield.toDivisionSemiring.{u_7} 𝕜
                  (@Field.toSemifield.{u_7} 𝕜
                    (@NormedField.toField.{u_7} 𝕜
                      (@DenselyNormedField.toNormedField.{u_7} 𝕜 (@RCLike.toDenselyNormedField.{u_7} 𝕜 inst✝))))))
              (@Pi.addCommGroup.{u_8, u_7} m (fun x => 𝕜) fun i =>
                @Ring.toAddCommGroup.{u_7} 𝕜
                  (@DivisionRing.toRing.{u_7} 𝕜
                    (@Field.toDivisionRing.{u_7} 𝕜
                      (@NormedField.toField.{u_7} 𝕜
                        (@DenselyNormedField.toNormedField.{u_7} 𝕜 (@RCLike.toDenselyNormedField.{u_7} 𝕜 inst✝))))))
              (@Pi.Function.module.{u_8, u_7, u_7} m 𝕜 𝕜
                (@DivisionSemiring.toSemiring.{u_7} 𝕜
                  (@Semifield.toDivisionSemiring.{u_7} 𝕜
                    (@Field.toSemifield.{u_7} 𝕜
                      (@NormedField.toField.{u_7} 𝕜
                        (@DenselyNormedField.toNormedField.{u_7} 𝕜 (@RCLike.toDenselyNormedField.{u_7} 𝕜 inst✝))))))
                (@Semiring.toAddCommMonoid.{u_7} 𝕜
                  (@Ring.toSemiring.{u_7} 𝕜
                    (@DivisionRing.toRing.{u_7} 𝕜
                      (@Field.toDivisionRing.{u_7} 𝕜
                        (@NormedField.toField.{u_7} 𝕜
                          (@DenselyNormedField.toNormedField.{u_7} 𝕜 (@RCLike.toDenselyNormedField.{u_7} 𝕜 inst✝)))))))
                (@Semiring.toModule.{u_7} 𝕜
                  (@DivisionSemiring.toSemiring.{u_7} 𝕜
                    (@Semifield.toDivisionSemiring.{u_7} 𝕜
                      (@Field.toSemifield.{u_7} 𝕜
                        (@NormedField.toField.{u_7} 𝕜
                          (@DenselyNormedField.toNormedField.{u_7} 𝕜
                            (@RCLike.toDenselyNormedField.{u_7} 𝕜 inst✝)))))))))
            (@RingHom.id.{u_7} 𝕜
              (@Semiring.toNonAssocSemiring.{u_7} 𝕜
                (@DivisionSemiring.toSemiring.{u_7} 𝕜
                  (@Semifield.toDivisionSemiring.{u_7} 𝕜
                    (@Field.toSemifield.{u_7} 𝕜
                      (@NormedField.toField.{u_7} 𝕜
                        (@DenselyNormedField.toNormedField.{u_7} 𝕜 (@RCLike.toDenselyNormedField.{u_7} 𝕜 inst✝))))))))
            (@DivisionSemiring.toSemiring.{u_7} 𝕜
              (@Semifield.toDivisionSemiring.{u_7} 𝕜
                (@Field.toSemifield.{u_7} 𝕜
                  (@NormedField.toField.{u_7} 𝕜
                    (@DenselyNormedField.toNormedField.{u_7} 𝕜 (@RCLike.toDenselyNormedField.{u_7} 𝕜 inst✝))))))
            (@WithLp.instModule.{u_7, max u_7 u_8}
              (@OfNat.ofNat.{0} ENNReal (nat_lit 2)
                (@instOfNatAtLeastTwo.{0} ENNReal (nat_lit 2)
                  (@AddMonoidWithOne.toNatCast.{0} ENNReal
                    (@AddCommMonoidWithOne.toAddMonoidWithOne.{0} ENNReal ENNReal.instAddCommMonoidWithOne))
                  PiLp.innerProductSpace._proof_1))
              𝕜 ((i : m) → (fun x => 𝕜) i)
              (@DivisionSemiring.toSemiring.{u_7} 𝕜
                (@Semifield.toDivisionSemiring.{u_7} 𝕜
                  (@Field.toSemifield.{u_7} 𝕜
                    (@NormedField.toField.{u_7} 𝕜
                      (@DenselyNormedField.toNormedField.{u_7} 𝕜 (@RCLike.toDenselyNormedField.{u_7} 𝕜 inst✝))))))
              (@Pi.addCommGroup.{u_8, u_7} m (fun x => 𝕜) fun i =>
                @Ring.toAddCommGroup.{u_7} 𝕜
                  (@DivisionRing.toRing.{u_7} 𝕜
                    (@Field.toDivisionRing.{u_7} 𝕜
                      (@NormedField.toField.{u_7} 𝕜
                        (@DenselyNormedField.toNormedField.{u_7} 𝕜 (@RCLike.toDenselyNormedField.{u_7} 𝕜 inst✝))))))
              (@Pi.Function.module.{u_8, u_7, u_7} m 𝕜 𝕜
                (@DivisionSemiring.toSemiring.{u_7} 𝕜
                  (@Semifield.toDivisionSemiring.{u_7} 𝕜
                    (@Field.toSemifield.{u_7} 𝕜
                      (@NormedField.toField.{u_7} 𝕜
                        (@DenselyNormedField.toNormedField.{u_7} 𝕜 (@RCLike.toDenselyNormedField.{u_7} 𝕜 inst✝))))))
                (@Semiring.toAddCommMonoid.{u_7} 𝕜
                  (@Ring.toSemiring.{u_7} 𝕜
                    (@DivisionRing.toRing.{u_7} 𝕜
                      (@Field.toDivisionRing.{u_7} 𝕜
                        (@NormedField.toField.{u_7} 𝕜
                          (@DenselyNormedField.toNormedField.{u_7} 𝕜 (@RCLike.toDenselyNormedField.{u_7} 𝕜 inst✝)))))))
                (@Semiring.toModule.{u_7} 𝕜
                  (@DivisionSemiring.toSemiring.{u_7} 𝕜
                    (@Semifield.toDivisionSemiring.{u_7} 𝕜
                      (@Field.toSemifield.{u_7} 𝕜
                        (@NormedField.toField.{u_7} 𝕜
                          (@DenselyNormedField.toNormedField.{u_7} 𝕜
                            (@RCLike.toDenselyNormedField.{u_7} 𝕜 inst✝)))))))))
            ⋯)
          (@Matrix.module.{u_7, u_8, u_9, u_7} m n 𝕜 𝕜
            (@DivisionSemiring.toSemiring.{u_7} 𝕜
              (@Semifield.toDivisionSemiring.{u_7} 𝕜
                (@Field.toSemifield.{u_7} 𝕜
                  (@NormedField.toField.{u_7} 𝕜
                    (@DenselyNormedField.toNormedField.{u_7} 𝕜 (@RCLike.toDenselyNormedField.{u_7} 𝕜 inst✝))))))
            (@Semiring.toAddCommMonoid.{u_7} 𝕜
              (@DivisionSemiring.toSemiring.{u_7} 𝕜
                (@Semifield.toDivisionSemiring.{u_7} 𝕜
                  (@Field.toSemifield.{u_7} 𝕜
                    (@NormedField.toField.{u_7} 𝕜
                      (@DenselyNormedField.toNormedField.{u_7} 𝕜 (@RCLike.toDenselyNormedField.{u_7} 𝕜 inst✝)))))))
            (@Semiring.toModule.{u_7} 𝕜
              (@DivisionSemiring.toSemiring.{u_7} 𝕜
                (@Semifield.toDivisionSemiring.{u_7} 𝕜
                  (@Field.toSemifield.{u_7} 𝕜
                    (@NormedField.toField.{u_7} 𝕜
                      (@DenselyNormedField.toNormedField.{u_7} 𝕜 (@RCLike.toDenselyNormedField.{u_7} 𝕜 inst✝)))))))))
        (@LinearMap.{u_7, u_7, max u_9 u_7, max u_8 u_7} 𝕜 𝕜
          (@DivisionSemiring.toSemiring.{u_7} 𝕜
            (@Semifield.toDivisionSemiring.{u_7} 𝕜
              (@Field.toSemifield.{u_7} 𝕜
                (@NormedField.toField.{u_7} 𝕜
                  (@DenselyNormedField.toNormedField.{u_7} 𝕜 (@RCLike.toDenselyNormedField.{u_7} 𝕜 inst✝))))))
          (@DivisionSemiring.toSemiring.{u_7} 𝕜
            (@Semifield.toDivisionSemiring.{u_7} 𝕜
              (@Field.toSemifield.{u_7} 𝕜
                (@NormedField.toField.{u_7} 𝕜
                  (@DenselyNormedField.toNormedField.{u_7} 𝕜 (@RCLike.toDenselyNormedField.{u_7} 𝕜 inst✝))))))
          (@RingHom.id.{u_7} 𝕜
            (@Semiring.toNonAssocSemiring.{u_7} 𝕜
              (@DivisionSemiring.toSemiring.{u_7} 𝕜
                (@Semifield.toDivisionSemiring.{u_7} 𝕜
                  (@Field.toSemifield.{u_7} 𝕜
                    (@NormedField.toField.{u_7} 𝕜
                      (@DenselyNormedField.toNormedField.{u_7} 𝕜 (@RCLike.toDenselyNormedField.{u_7} 𝕜 inst✝))))))))
          (EuclideanSpace.{u_7, u_9} 𝕜 n) (EuclideanSpace.{u_7, u_8} 𝕜 m)
          (@AddCommGroup.toAddCommMonoid.{max u_7 u_9} (EuclideanSpace.{u_7, u_9} 𝕜 n)
            (@WithLp.instAddCommGroup.{max u_7 u_9}
              (@OfNat.ofNat.{0} ENNReal (nat_lit 2)
                (@instOfNatAtLeastTwo.{0} ENNReal (nat_lit 2)
                  (@AddMonoidWithOne.toNatCast.{0} ENNReal
                    (@AddCommMonoidWithOne.toAddMonoidWithOne.{0} ENNReal ENNReal.instAddCommMonoidWithOne))
                  PiLp.innerProductSpace._proof_1))
              ((i : n) → (fun x => 𝕜) i)
              (@Pi.addCommGroup.{u_9, u_7} n (fun x => 𝕜) fun i =>
                @Ring.toAddCommGroup.{u_7} 𝕜
                  (@DivisionRing.toRing.{u_7} 𝕜
                    (@Field.toDivisionRing.{u_7} 𝕜
                      (@NormedField.toField.{u_7} 𝕜
                        (@DenselyNormedField.toNormedField.{u_7} 𝕜 (@RCLike.toDenselyNormedField.{u_7} 𝕜 inst✝))))))))
          (@AddCommGroup.toAddCommMonoid.{max u_7 u_8} (EuclideanSpace.{u_7, u_8} 𝕜 m)
            (@WithLp.instAddCommGroup.{max u_7 u_8}
              (@OfNat.ofNat.{0} ENNReal (nat_lit 2)
                (@instOfNatAtLeastTwo.{0} ENNReal (nat_lit 2)
                  (@AddMonoidWithOne.toNatCast.{0} ENNReal
                    (@AddCommMonoidWithOne.toAddMonoidWithOne.{0} ENNReal ENNReal.instAddCommMonoidWithOne))
                  PiLp.innerProductSpace._proof_1))
              ((i : m) → (fun x => 𝕜) i)
              (@Pi.addCommGroup.{u_8, u_7} m (fun x => 𝕜) fun i =>
                @Ring.toAddCommGroup.{u_7} 𝕜
                  (@DivisionRing.toRing.{u_7} 𝕜
                    (@Field.toDivisionRing.{u_7} 𝕜
                      (@NormedField.toField.{u_7} 𝕜
                        (@DenselyNormedField.toNormedField.{u_7} 𝕜 (@RCLike.toDenselyNormedField.{u_7} 𝕜 inst✝))))))))
          (@WithLp.instModule.{u_7, max u_7 u_9}
            (@OfNat.ofNat.{0} ENNReal (nat_lit 2)
              (@instOfNatAtLeastTwo.{0} ENNReal (nat_lit 2)
                (@AddMonoidWithOne.toNatCast.{0} ENNReal
                  (@AddCommMonoidWithOne.toAddMonoidWithOne.{0} ENNReal ENNReal.instAddCommMonoidWithOne))
                PiLp.innerProductSpace._proof_1))
            𝕜 ((i : n) → (fun x => 𝕜) i)
            (@DivisionSemiring.toSemiring.{u_7} 𝕜
              (@Semifield.toDivisionSemiring.{u_7} 𝕜
                (@Field.toSemifield.{u_7} 𝕜
                  (@NormedField.toField.{u_7} 𝕜
                    (@DenselyNormedField.toNormedField.{u_7} 𝕜 (@RCLike.toDenselyNormedField.{u_7} 𝕜 inst✝))))))
            (@Pi.addCommGroup.{u_9, u_7} n (fun x => 𝕜) fun i =>
              @Ring.toAddCommGroup.{u_7} 𝕜
                (@DivisionRing.toRing.{u_7} 𝕜
                  (@Field.toDivisionRing.{u_7} 𝕜
                    (@NormedField.toField.{u_7} 𝕜
                      (@DenselyNormedField.toNormedField.{u_7} 𝕜 (@RCLike.toDenselyNormedField.{u_7} 𝕜 inst✝))))))
            (@Pi.Function.module.{u_9, u_7, u_7} n 𝕜 𝕜
              (@DivisionSemiring.toSemiring.{u_7} 𝕜
                (@Semifield.toDivisionSemiring.{u_7} 𝕜
                  (@Field.toSemifield.{u_7} 𝕜
                    (@NormedField.toField.{u_7} 𝕜
                      (@DenselyNormedField.toNormedField.{u_7} 𝕜 (@RCLike.toDenselyNormedField.{u_7} 𝕜 inst✝))))))
              (@Semiring.toAddCommMonoid.{u_7} 𝕜
                (@Ring.toSemiring.{u_7} 𝕜
                  (@DivisionRing.toRing.{u_7} 𝕜
                    (@Field.toDivisionRing.{u_7} 𝕜
                      (@NormedField.toField.{u_7} 𝕜
                        (@DenselyNormedField.toNormedField.{u_7} 𝕜 (@RCLike.toDenselyNormedField.{u_7} 𝕜 inst✝)))))))
              (@Semiring.toModule.{u_7} 𝕜
                (@DivisionSemiring.toSemiring.{u_7} 𝕜
                  (@Semifield.toDivisionSemiring.{u_7} 𝕜
                    (@Field.toSemifield.{u_7} 𝕜
                      (@NormedField.toField.{u_7} 𝕜
                        (@DenselyNormedField.toNormedField.{u_7} 𝕜 (@RCLike.toDenselyNormedField.{u_7} 𝕜 inst✝)))))))))
          (@WithLp.instModule.{u_7, max u_7 u_8}
            (@OfNat.ofNat.{0} ENNReal (nat_lit 2)
              (@instOfNatAtLeastTwo.{0} ENNReal (nat_lit 2)
                (@AddMonoidWithOne.toNatCast.{0} ENNReal
                  (@AddCommMonoidWithOne.toAddMonoidWithOne.{0} ENNReal ENNReal.instAddCommMonoidWithOne))
                PiLp.innerProductSpace._proof_1))
            𝕜 ((i : m) → (fun x => 𝕜) i)
            (@DivisionSemiring.toSemiring.{u_7} 𝕜
              (@Semifield.toDivisionSemiring.{u_7} 𝕜
                (@Field.toSemifield.{u_7} 𝕜
                  (@NormedField.toField.{u_7} 𝕜
                    (@DenselyNormedField.toNormedField.{u_7} 𝕜 (@RCLike.toDenselyNormedField.{u_7} 𝕜 inst✝))))))
            (@Pi.addCommGroup.{u_8, u_7} m (fun x => 𝕜) fun i =>
              @Ring.toAddCommGroup.{u_7} 𝕜
                (@DivisionRing.toRing.{u_7} 𝕜
                  (@Field.toDivisionRing.{u_7} 𝕜
                    (@NormedField.toField.{u_7} 𝕜
                      (@DenselyNormedField.toNormedField.{u_7} 𝕜 (@RCLike.toDenselyNormedField.{u_7} 𝕜 inst✝))))))
            (@Pi.Function.module.{u_8, u_7, u_7} m 𝕜 𝕜
              (@DivisionSemiring.toSemiring.{u_7} 𝕜
                (@Semifield.toDivisionSemiring.{u_7} 𝕜
                  (@Field.toSemifield.{u_7} 𝕜
                    (@NormedField.toField.{u_7} 𝕜
                      (@DenselyNormedField.toNormedField.{u_7} 𝕜 (@RCLike.toDenselyNormedField.{u_7} 𝕜 inst✝))))))
              (@Semiring.toAddCommMonoid.{u_7} 𝕜
                (@Ring.toSemiring.{u_7} 𝕜
                  (@DivisionRing.toRing.{u_7} 𝕜
                    (@Field.toDivisionRing.{u_7} 𝕜
                      (@NormedField.toField.{u_7} 𝕜
                        (@DenselyNormedField.toNormedField.{u_7} 𝕜 (@RCLike.toDenselyNormedField.{u_7} 𝕜 inst✝)))))))
              (@Semiring.toModule.{u_7} 𝕜
                (@DivisionSemiring.toSemiring.{u_7} 𝕜
                  (@Semifield.toDivisionSemiring.{u_7} 𝕜
                    (@Field.toSemifield.{u_7} 𝕜
                      (@NormedField.toField.{u_7} 𝕜
                        (@DenselyNormedField.toNormedField.{u_7} 𝕜 (@RCLike.toDenselyNormedField.{u_7} 𝕜 inst✝))))))))))
        (Matrix.{u_8, u_9, u_7} m n 𝕜)
        (@DFinsupp.instEquivLikeLinearEquiv.{u_7, u_7, max (max u_9 u_8) u_7, max (max u_9 u_8) u_7} 𝕜 𝕜
          (@DivisionSemiring.toSemiring.{u_7} 𝕜
            (@Semifield.toDivisionSemiring.{u_7} 𝕜
              (@Field.toSemifield.{u_7} 𝕜
                (@NormedField.toField.{u_7} 𝕜
                  (@DenselyNormedField.toNormedField.{u_7} 𝕜 (@RCLike.toDenselyNormedField.{u_7} 𝕜 inst✝))))))
          (@DivisionSemiring.toSemiring.{u_7} 𝕜
            (@Semifield.toDivisionSemiring.{u_7} 𝕜
              (@Field.toSemifield.{u_7} 𝕜
                (@NormedField.toField.{u_7} 𝕜
                  (@DenselyNormedField.toNormedField.{u_7} 𝕜 (@RCLike.toDenselyNormedField.{u_7} 𝕜 inst✝))))))
          (@RingHom.id.{u_7} 𝕜
            (@Semiring.toNonAssocSemiring.{u_7} 𝕜
              (@DivisionSemiring.toSemiring.{u_7} 𝕜
                (@Semifield.toDivisionSemiring.{u_7} 𝕜
                  (@Field.toSemifield.{u_7} 𝕜
                    (@NormedField.toField.{u_7} 𝕜
                      (@DenselyNormedField.toNormedField.{u_7} 𝕜 (@RCLike.toDenselyNormedField.{u_7} 𝕜 inst✝))))))))
          (@RingHom.id.{u_7} 𝕜
            (@Semiring.toNonAssocSemiring.{u_7} 𝕜
              (@DivisionSemiring.toSemiring.{u_7} 𝕜
                (@Semifield.toDivisionSemiring.{u_7} 𝕜
                  (@Field.toSemifield.{u_7} 𝕜
                    (@NormedField.toField.{u_7} 𝕜
                      (@DenselyNormedField.toNormedField.{u_7} 𝕜 (@RCLike.toDenselyNormedField.{u_7} 𝕜 inst✝))))))))
          ⋯ ⋯
          (@LinearMap.{u_7, u_7, max u_9 u_7, max u_8 u_7} 𝕜 𝕜
            (@DivisionSemiring.toSemiring.{u_7} 𝕜
              (@Semifield.toDivisionSemiring.{u_7} 𝕜
                (@Field.toSemifield.{u_7} 𝕜
                  (@NormedField.toField.{u_7} 𝕜
                    (@DenselyNormedField.toNormedField.{u_7} 𝕜 (@RCLike.toDenselyNormedField.{u_7} 𝕜 inst✝))))))
            (@DivisionSemiring.toSemiring.{u_7} 𝕜
              (@Semifield.toDivisionSemiring.{u_7} 𝕜
                (@Field.toSemifield.{u_7} 𝕜
                  (@NormedField.toField.{u_7} 𝕜
                    (@DenselyNormedField.toNormedField.{u_7} 𝕜 (@RCLike.toDenselyNormedField.{u_7} 𝕜 inst✝))))))
            (@RingHom.id.{u_7} 𝕜
              (@Semiring.toNonAssocSemiring.{u_7} 𝕜
                (@DivisionSemiring.toSemiring.{u_7} 𝕜
                  (@Semifield.toDivisionSemiring.{u_7} 𝕜
                    (@Field.toSemifield.{u_7} 𝕜
                      (@NormedField.toField.{u_7} 𝕜
                        (@DenselyNormedField.toNormedField.{u_7} 𝕜 (@RCLike.toDenselyNormedField.{u_7} 𝕜 inst✝))))))))
            (EuclideanSpace.{u_7, u_9} 𝕜 n) (EuclideanSpace.{u_7, u_8} 𝕜 m)
            (@AddCommGroup.toAddCommMonoid.{max u_7 u_9} (EuclideanSpace.{u_7, u_9} 𝕜 n)
              (@WithLp.instAddCommGroup.{max u_7 u_9}
                (@OfNat.ofNat.{0} ENNReal (nat_lit 2)
                  (@instOfNatAtLeastTwo.{0} ENNReal (nat_lit 2)
                    (@AddMonoidWithOne.toNatCast.{0} ENNReal
                      (@AddCommMonoidWithOne.toAddMonoidWithOne.{0} ENNReal ENNReal.instAddCommMonoidWithOne))
                    PiLp.innerProductSpace._proof_1))
                ((i : n) → (fun x => 𝕜) i)
                (@Pi.addCommGroup.{u_9, u_7} n (fun x => 𝕜) fun i =>
                  @Ring.toAddCommGroup.{u_7} 𝕜
                    (@DivisionRing.toRing.{u_7} 𝕜
                      (@Field.toDivisionRing.{u_7} 𝕜
                        (@NormedField.toField.{u_7} 𝕜
                          (@DenselyNormedField.toNormedField.{u_7} 𝕜 (@RCLike.toDenselyNormedField.{u_7} 𝕜 inst✝))))))))
            (@AddCommGroup.toAddCommMonoid.{max u_7 u_8} (EuclideanSpace.{u_7, u_8} 𝕜 m)
              (@WithLp.instAddCommGroup.{max u_7 u_8}
                (@OfNat.ofNat.{0} ENNReal (nat_lit 2)
                  (@instOfNatAtLeastTwo.{0} ENNReal (nat_lit 2)
                    (@AddMonoidWithOne.toNatCast.{0} ENNReal
                      (@AddCommMonoidWithOne.toAddMonoidWithOne.{0} ENNReal ENNReal.instAddCommMonoidWithOne))
                    PiLp.innerProductSpace._proof_1))
                ((i : m) → (fun x => 𝕜) i)
                (@Pi.addCommGroup.{u_8, u_7} m (fun x => 𝕜) fun i =>
                  @Ring.toAddCommGroup.{u_7} 𝕜
                    (@DivisionRing.toRing.{u_7} 𝕜
                      (@Field.toDivisionRing.{u_7} 𝕜
                        (@NormedField.toField.{u_7} 𝕜
                          (@DenselyNormedField.toNormedField.{u_7} 𝕜 (@RCLike.toDenselyNormedField.{u_7} 𝕜 inst✝))))))))
            (@WithLp.instModule.{u_7, max u_7 u_9}
              (@OfNat.ofNat.{0} ENNReal (nat_lit 2)
                (@instOfNatAtLeastTwo.{0} ENNReal (nat_lit 2)
                  (@AddMonoidWithOne.toNatCast.{0} ENNReal
                    (@AddCommMonoidWithOne.toAddMonoidWithOne.{0} ENNReal ENNReal.instAddCommMonoidWithOne))
                  PiLp.innerProductSpace._proof_1))
              𝕜 ((i : n) → (fun x => 𝕜) i)
              (@DivisionSemiring.toSemiring.{u_7} 𝕜
                (@Semifield.toDivisionSemiring.{u_7} 𝕜
                  (@Field.toSemifield.{u_7} 𝕜
                    (@NormedField.toField.{u_7} 𝕜
                      (@DenselyNormedField.toNormedField.{u_7} 𝕜 (@RCLike.toDenselyNormedField.{u_7} 𝕜 inst✝))))))
              (@Pi.addCommGroup.{u_9, u_7} n (fun x => 𝕜) fun i =>
                @Ring.toAddCommGroup.{u_7} 𝕜
                  (@DivisionRing.toRing.{u_7} 𝕜
                    (@Field.toDivisionRing.{u_7} 𝕜
                      (@NormedField.toField.{u_7} 𝕜
                        (@DenselyNormedField.toNormedField.{u_7} 𝕜 (@RCLike.toDenselyNormedField.{u_7} 𝕜 inst✝))))))
              (@Pi.Function.module.{u_9, u_7, u_7} n 𝕜 𝕜
                (@DivisionSemiring.toSemiring.{u_7} 𝕜
                  (@Semifield.toDivisionSemiring.{u_7} 𝕜
                    (@Field.toSemifield.{u_7} 𝕜
                      (@NormedField.toField.{u_7} 𝕜
                        (@DenselyNormedField.toNormedField.{u_7} 𝕜 (@RCLike.toDenselyNormedField.{u_7} 𝕜 inst✝))))))
                (@Semiring.toAddCommMonoid.{u_7} 𝕜
                  (@Ring.toSemiring.{u_7} 𝕜
                    (@DivisionRing.toRing.{u_7} 𝕜
                      (@Field.toDivisionRing.{u_7} 𝕜
                        (@NormedField.toField.{u_7} 𝕜
                          (@DenselyNormedField.toNormedField.{u_7} 𝕜 (@RCLike.toDenselyNormedField.{u_7} 𝕜 inst✝)))))))
                (@Semiring.toModule.{u_7} 𝕜
                  (@DivisionSemiring.toSemiring.{u_7} 𝕜
                    (@Semifield.toDivisionSemiring.{u_7} 𝕜
                      (@Field.toSemifield.{u_7} 𝕜
                        (@NormedField.toField.{u_7} 𝕜
                          (@DenselyNormedField.toNormedField.{u_7} 𝕜
                            (@RCLike.toDenselyNormedField.{u_7} 𝕜 inst✝)))))))))
            (@WithLp.instModule.{u_7, max u_7 u_8}
              (@OfNat.ofNat.{0} ENNReal (nat_lit 2)
                (@instOfNatAtLeastTwo.{0} ENNReal (nat_lit 2)
                  (@AddMonoidWithOne.toNatCast.{0} ENNReal
                    (@AddCommMonoidWithOne.toAddMonoidWithOne.{0} ENNReal ENNReal.instAddCommMonoidWithOne))
                  PiLp.innerProductSpace._proof_1))
              𝕜 ((i : m) → (fun x => 𝕜) i)
              (@DivisionSemiring.toSemiring.{u_7} 𝕜
                (@Semifield.toDivisionSemiring.{u_7} 𝕜
                  (@Field.toSemifield.{u_7} 𝕜
                    (@NormedField.toField.{u_7} 𝕜
                      (@DenselyNormedField.toNormedField.{u_7} 𝕜 (@RCLike.toDenselyNormedField.{u_7} 𝕜 inst✝))))))
              (@Pi.addCommGroup.{u_8, u_7} m (fun x => 𝕜) fun i =>
                @Ring.toAddCommGroup.{u_7} 𝕜
                  (@DivisionRing.toRing.{u_7} 𝕜
                    (@Field.toDivisionRing.{u_7} 𝕜
                      (@NormedField.toField.{u_7} 𝕜
                        (@DenselyNormedField.toNormedField.{u_7} 𝕜 (@RCLike.toDenselyNormedField.{u_7} 𝕜 inst✝))))))
              (@Pi.Function.module.{u_8, u_7, u_7} m 𝕜 𝕜
                (@DivisionSemiring.toSemiring.{u_7} 𝕜
                  (@Semifield.toDivisionSemiring.{u_7} 𝕜
                    (@Field.toSemifield.{u_7} 𝕜
                      (@NormedField.toField.{u_7} 𝕜
                        (@DenselyNormedField.toNormedField.{u_7} 𝕜 (@RCLike.toDenselyNormedField.{u_7} 𝕜 inst✝))))))
                (@Semiring.toAddCommMonoid.{u_7} 𝕜
                  (@Ring.toSemiring.{u_7} 𝕜
                    (@DivisionRing.toRing.{u_7} 𝕜
                      (@Field.toDivisionRing.{u_7} 𝕜
                        (@NormedField.toField.{u_7} 𝕜
                          (@DenselyNormedField.toNormedField.{u_7} 𝕜 (@RCLike.toDenselyNormedField.{u_7} 𝕜 inst✝)))))))
                (@Semiring.toModule.{u_7} 𝕜
                  (@DivisionSemiring.toSemiring.{u_7} 𝕜
                    (@Semifield.toDivisionSemiring.{u_7} 𝕜
                      (@Field.toSemifield.{u_7} 𝕜
                        (@NormedField.toField.{u_7} 𝕜
                          (@DenselyNormedField.toNormedField.{u_7} 𝕜
                            (@RCLike.toDenselyNormedField.{u_7} 𝕜 inst✝))))))))))
          (Matrix.{u_8, u_9, u_7} m n 𝕜)
          (@LinearMap.addCommMonoid.{u_7, u_7, max u_7 u_9, max u_7 u_8} 𝕜 𝕜 (EuclideanSpace.{u_7, u_9} 𝕜 n)
            (EuclideanSpace.{u_7, u_8} 𝕜 m)
            (@DivisionSemiring.toSemiring.{u_7} 𝕜
              (@Semifield.toDivisionSemiring.{u_7} 𝕜
                (@Field.toSemifield.{u_7} 𝕜
                  (@NormedField.toField.{u_7} 𝕜
                    (@DenselyNormedField.toNormedField.{u_7} 𝕜 (@RCLike.toDenselyNormedField.{u_7} 𝕜 inst✝))))))
            (@DivisionSemiring.toSemiring.{u_7} 𝕜
              (@Semifield.toDivisionSemiring.{u_7} 𝕜
                (@Field.toSemifield.{u_7} 𝕜
                  (@NormedField.toField.{u_7} 𝕜
                    (@DenselyNormedField.toNormedField.{u_7} 𝕜 (@RCLike.toDenselyNormedField.{u_7} 𝕜 inst✝))))))
            (@AddCommGroup.toAddCommMonoid.{max u_7 u_9} (EuclideanSpace.{u_7, u_9} 𝕜 n)
              (@WithLp.instAddCommGroup.{max u_7 u_9}
                (@OfNat.ofNat.{0} ENNReal (nat_lit 2)
                  (@instOfNatAtLeastTwo.{0} ENNReal (nat_lit 2)
                    (@AddMonoidWithOne.toNatCast.{0} ENNReal
                      (@AddCommMonoidWithOne.toAddMonoidWithOne.{0} ENNReal ENNReal.instAddCommMonoidWithOne))
                    PiLp.innerProductSpace._proof_1))
                ((i : n) → (fun x => 𝕜) i)
                (@Pi.addCommGroup.{u_9, u_7} n (fun x => 𝕜) fun i =>
                  @Ring.toAddCommGroup.{u_7} 𝕜
                    (@DivisionRing.toRing.{u_7} 𝕜
                      (@Field.toDivisionRing.{u_7} 𝕜
                        (@NormedField.toField.{u_7} 𝕜
                          (@DenselyNormedField.toNormedField.{u_7} 𝕜 (@RCLike.toDenselyNormedField.{u_7} 𝕜 inst✝))))))))
            (@AddCommGroup.toAddCommMonoid.{max u_7 u_8} (EuclideanSpace.{u_7, u_8} 𝕜 m)
              (@WithLp.instAddCommGroup.{max u_7 u_8}
                (@OfNat.ofNat.{0} ENNReal (nat_lit 2)
                  (@instOfNatAtLeastTwo.{0} ENNReal (nat_lit 2)
                    (@AddMonoidWithOne.toNatCast.{0} ENNReal
                      (@AddCommMonoidWithOne.toAddMonoidWithOne.{0} ENNReal ENNReal.instAddCommMonoidWithOne))
                    PiLp.innerProductSpace._proof_1))
                ((i : m) → (fun x => 𝕜) i)
                (@Pi.addCommGroup.{u_8, u_7} m (fun x => 𝕜) fun i =>
                  @Ring.toAddCommGroup.{u_7} 𝕜
                    (@DivisionRing.toRing.{u_7} 𝕜
                      (@Field.toDivisionRing.{u_7} 𝕜
                        (@NormedField.toField.{u_7} 𝕜
                          (@DenselyNormedField.toNormedField.{u_7} 𝕜 (@RCLike.toDenselyNormedField.{u_7} 𝕜 inst✝))))))))
            (@WithLp.instModule.{u_7, max u_7 u_9}
              (@OfNat.ofNat.{0} ENNReal (nat_lit 2)
                (@instOfNatAtLeastTwo.{0} ENNReal (nat_lit 2)
                  (@AddMonoidWithOne.toNatCast.{0} ENNReal
                    (@AddCommMonoidWithOne.toAddMonoidWithOne.{0} ENNReal ENNReal.instAddCommMonoidWithOne))
                  PiLp.innerProductSpace._proof_1))
              𝕜 ((i : n) → (fun x => 𝕜) i)
              (@DivisionSemiring.toSemiring.{u_7} 𝕜
                (@Semifield.toDivisionSemiring.{u_7} 𝕜
                  (@Field.toSemifield.{u_7} 𝕜
                    (@NormedField.toField.{u_7} 𝕜
                      (@DenselyNormedField.toNormedField.{u_7} 𝕜 (@RCLike.toDenselyNormedField.{u_7} 𝕜 inst✝))))))
              (@Pi.addCommGroup.{u_9, u_7} n (fun x => 𝕜) fun i =>
                @Ring.toAddCommGroup.{u_7} 𝕜
                  (@DivisionRing.toRing.{u_7} 𝕜
                    (@Field.toDivisionRing.{u_7} 𝕜
                      (@NormedField.toField.{u_7} 𝕜
                        (@DenselyNormedField.toNormedField.{u_7} 𝕜 (@RCLike.toDenselyNormedField.{u_7} 𝕜 inst✝))))))
              (@Pi.Function.module.{u_9, u_7, u_7} n 𝕜 𝕜
                (@DivisionSemiring.toSemiring.{u_7} 𝕜
                  (@Semifield.toDivisionSemiring.{u_7} 𝕜
                    (@Field.toSemifield.{u_7} 𝕜
                      (@NormedField.toField.{u_7} 𝕜
                        (@DenselyNormedField.toNormedField.{u_7} 𝕜 (@RCLike.toDenselyNormedField.{u_7} 𝕜 inst✝))))))
                (@Semiring.toAddCommMonoid.{u_7} 𝕜
                  (@Ring.toSemiring.{u_7} 𝕜
                    (@DivisionRing.toRing.{u_7} 𝕜
                      (@Field.toDivisionRing.{u_7} 𝕜
                        (@NormedField.toField.{u_7} 𝕜
                          (@DenselyNormedField.toNormedField.{u_7} 𝕜 (@RCLike.toDenselyNormedField.{u_7} 𝕜 inst✝)))))))
                (@Semiring.toModule.{u_7} 𝕜
                  (@DivisionSemiring.toSemiring.{u_7} 𝕜
                    (@Semifield.toDivisionSemiring.{u_7} 𝕜
                      (@Field.toSemifield.{u_7} 𝕜
                        (@NormedField.toField.{u_7} 𝕜
                          (@DenselyNormedField.toNormedField.{u_7} 𝕜
                            (@RCLike.toDenselyNormedField.{u_7} 𝕜 inst✝)))))))))
            (@WithLp.instModule.{u_7, max u_7 u_8}
              (@OfNat.ofNat.{0} ENNReal (nat_lit 2)
                (@instOfNatAtLeastTwo.{0} ENNReal (nat_lit 2)
                  (@AddMonoidWithOne.toNatCast.{0} ENNReal
                    (@AddCommMonoidWithOne.toAddMonoidWithOne.{0} ENNReal ENNReal.instAddCommMonoidWithOne))
                  PiLp.innerProductSpace._proof_1))
              𝕜 ((i : m) → (fun x => 𝕜) i)
              (@DivisionSemiring.toSemiring.{u_7} 𝕜
                (@Semifield.toDivisionSemiring.{u_7} 𝕜
                  (@Field.toSemifield.{u_7} 𝕜
                    (@NormedField.toField.{u_7} 𝕜
                      (@DenselyNormedField.toNormedField.{u_7} 𝕜 (@RCLike.toDenselyNormedField.{u_7} 𝕜 inst✝))))))
              (@Pi.addCommGroup.{u_8, u_7} m (fun x => 𝕜) fun i =>
                @Ring.toAddCommGroup.{u_7} 𝕜
                  (@DivisionRing.toRing.{u_7} 𝕜
                    (@Field.toDivisionRing.{u_7} 𝕜
                      (@NormedField.toField.{u_7} 𝕜
                        (@DenselyNormedField.toNormedField.{u_7} 𝕜 (@RCLike.toDenselyNormedField.{u_7} 𝕜 inst✝))))))
              (@Pi.Function.module.{u_8, u_7, u_7} m 𝕜 𝕜
                (@DivisionSemiring.toSemiring.{u_7} 𝕜
                  (@Semifield.toDivisionSemiring.{u_7} 𝕜
                    (@Field.toSemifield.{u_7} 𝕜
                      (@NormedField.toField.{u_7} 𝕜
                        (@DenselyNormedField.toNormedField.{u_7} 𝕜 (@RCLike.toDenselyNormedField.{u_7} 𝕜 inst✝))))))
                (@Semiring.toAddCommMonoid.{u_7} 𝕜
                  (@Ring.toSemiring.{u_7} 𝕜
                    (@DivisionRing.toRing.{u_7} 𝕜
                      (@Field.toDivisionRing.{u_7} 𝕜
                        (@NormedField.toField.{u_7} 𝕜
                          (@DenselyNormedField.toNormedField.{u_7} 𝕜 (@RCLike.toDenselyNormedField.{u_7} 𝕜 inst✝)))))))
                (@Semiring.toModule.{u_7} 𝕜
                  (@DivisionSemiring.toSemiring.{u_7} 𝕜
                    (@Semifield.toDivisionSemiring.{u_7} 𝕜
                      (@Field.toSemifield.{u_7} 𝕜
                        (@NormedField.toField.{u_7} 𝕜
                          (@DenselyNormedField.toNormedField.{u_7} 𝕜
                            (@RCLike.toDenselyNormedField.{u_7} 𝕜 inst✝)))))))))
            (@RingHom.id.{u_7} 𝕜
              (@Semiring.toNonAssocSemiring.{u_7} 𝕜
                (@DivisionSemiring.toSemiring.{u_7} 𝕜
                  (@Semifield.toDivisionSemiring.{u_7} 𝕜
                    (@Field.toSemifield.{u_7} 𝕜
                      (@NormedField.toField.{u_7} 𝕜
                        (@DenselyNormedField.toNormedField.{u_7} 𝕜 (@RCLike.toDenselyNormedField.{u_7} 𝕜 inst✝)))))))))
          (@Matrix.addCommMonoid.{u_7, u_8, u_9} m n 𝕜
            (@Semiring.toAddCommMonoid.{u_7} 𝕜
              (@DivisionSemiring.toSemiring.{u_7} 𝕜
                (@Semifield.toDivisionSemiring.{u_7} 𝕜
                  (@Field.toSemifield.{u_7} 𝕜
                    (@NormedField.toField.{u_7} 𝕜
                      (@DenselyNormedField.toNormedField.{u_7} 𝕜 (@RCLike.toDenselyNormedField.{u_7} 𝕜 inst✝))))))))
          (@LinearMap.module.{u_7, u_7, u_7, max u_7 u_9, max u_7 u_8} 𝕜 𝕜 𝕜 (EuclideanSpace.{u_7, u_9} 𝕜 n)
            (EuclideanSpace.{u_7, u_8} 𝕜 m)
            (@DivisionSemiring.toSemiring.{u_7} 𝕜
              (@Semifield.toDivisionSemiring.{u_7} 𝕜
                (@Field.toSemifield.{u_7} 𝕜
                  (@NormedField.toField.{u_7} 𝕜
                    (@DenselyNormedField.toNormedField.{u_7} 𝕜 (@RCLike.toDenselyNormedField.{u_7} 𝕜 inst✝))))))
            (@DivisionSemiring.toSemiring.{u_7} 𝕜
              (@Semifield.toDivisionSemiring.{u_7} 𝕜
                (@Field.toSemifield.{u_7} 𝕜
                  (@NormedField.toField.{u_7} 𝕜
                    (@DenselyNormedField.toNormedField.{u_7} 𝕜 (@RCLike.toDenselyNormedField.{u_7} 𝕜 inst✝))))))
            (@AddCommGroup.toAddCommMonoid.{max u_7 u_9} (EuclideanSpace.{u_7, u_9} 𝕜 n)
              (@WithLp.instAddCommGroup.{max u_7 u_9}
                (@OfNat.ofNat.{0} ENNReal (nat_lit 2)
                  (@instOfNatAtLeastTwo.{0} ENNReal (nat_lit 2)
                    (@AddMonoidWithOne.toNatCast.{0} ENNReal
                      (@AddCommMonoidWithOne.toAddMonoidWithOne.{0} ENNReal ENNReal.instAddCommMonoidWithOne))
                    PiLp.innerProductSpace._proof_1))
                ((i : n) → (fun x => 𝕜) i)
                (@Pi.addCommGroup.{u_9, u_7} n (fun x => 𝕜) fun i =>
                  @Ring.toAddCommGroup.{u_7} 𝕜
                    (@DivisionRing.toRing.{u_7} 𝕜
                      (@Field.toDivisionRing.{u_7} 𝕜
                        (@NormedField.toField.{u_7} 𝕜
                          (@DenselyNormedField.toNormedField.{u_7} 𝕜 (@RCLike.toDenselyNormedField.{u_7} 𝕜 inst✝))))))))
            (@AddCommGroup.toAddCommMonoid.{max u_7 u_8} (EuclideanSpace.{u_7, u_8} 𝕜 m)
              (@WithLp.instAddCommGroup.{max u_7 u_8}
                (@OfNat.ofNat.{0} ENNReal (nat_lit 2)
                  (@instOfNatAtLeastTwo.{0} ENNReal (nat_lit 2)
                    (@AddMonoidWithOne.toNatCast.{0} ENNReal
                      (@AddCommMonoidWithOne.toAddMonoidWithOne.{0} ENNReal ENNReal.instAddCommMonoidWithOne))
                    PiLp.innerProductSpace._proof_1))
                ((i : m) → (fun x => 𝕜) i)
                (@Pi.addCommGroup.{u_8, u_7} m (fun x => 𝕜) fun i =>
                  @Ring.toAddCommGroup.{u_7} 𝕜
                    (@DivisionRing.toRing.{u_7} 𝕜
                      (@Field.toDivisionRing.{u_7} 𝕜
                        (@NormedField.toField.{u_7} 𝕜
                          (@DenselyNormedField.toNormedField.{u_7} 𝕜 (@RCLike.toDenselyNormedField.{u_7} 𝕜 inst✝))))))))
            (@WithLp.instModule.{u_7, max u_7 u_9}
              (@OfNat.ofNat.{0} ENNReal (nat_lit 2)
                (@instOfNatAtLeastTwo.{0} ENNReal (nat_lit 2)
                  (@AddMonoidWithOne.toNatCast.{0} ENNReal
                    (@AddCommMonoidWithOne.toAddMonoidWithOne.{0} ENNReal ENNReal.instAddCommMonoidWithOne))
                  PiLp.innerProductSpace._proof_1))
              𝕜 ((i : n) → (fun x => 𝕜) i)
              (@DivisionSemiring.toSemiring.{u_7} 𝕜
                (@Semifield.toDivisionSemiring.{u_7} 𝕜
                  (@Field.toSemifield.{u_7} 𝕜
                    (@NormedField.toField.{u_7} 𝕜
                      (@DenselyNormedField.toNormedField.{u_7} 𝕜 (@RCLike.toDenselyNormedField.{u_7} 𝕜 inst✝))))))
              (@Pi.addCommGroup.{u_9, u_7} n (fun x => 𝕜) fun i =>
                @Ring.toAddCommGroup.{u_7} 𝕜
                  (@DivisionRing.toRing.{u_7} 𝕜
                    (@Field.toDivisionRing.{u_7} 𝕜
                      (@NormedField.toField.{u_7} 𝕜
                        (@DenselyNormedField.toNormedField.{u_7} 𝕜 (@RCLike.toDenselyNormedField.{u_7} 𝕜 inst✝))))))
              (@Pi.Function.module.{u_9, u_7, u_7} n 𝕜 𝕜
                (@DivisionSemiring.toSemiring.{u_7} 𝕜
                  (@Semifield.toDivisionSemiring.{u_7} 𝕜
                    (@Field.toSemifield.{u_7} 𝕜
                      (@NormedField.toField.{u_7} 𝕜
                        (@DenselyNormedField.toNormedField.{u_7} 𝕜 (@RCLike.toDenselyNormedField.{u_7} 𝕜 inst✝))))))
                (@Semiring.toAddCommMonoid.{u_7} 𝕜
                  (@Ring.toSemiring.{u_7} 𝕜
                    (@DivisionRing.toRing.{u_7} 𝕜
                      (@Field.toDivisionRing.{u_7} 𝕜
                        (@NormedField.toField.{u_7} 𝕜
                          (@DenselyNormedField.toNormedField.{u_7} 𝕜 (@RCLike.toDenselyNormedField.{u_7} 𝕜 inst✝)))))))
                (@Semiring.toModule.{u_7} 𝕜
                  (@DivisionSemiring.toSemiring.{u_7} 𝕜
                    (@Semifield.toDivisionSemiring.{u_7} 𝕜
                      (@Field.toSemifield.{u_7} 𝕜
                        (@NormedField.toField.{u_7} 𝕜
                          (@DenselyNormedField.toNormedField.{u_7} 𝕜
                            (@RCLike.toDenselyNormedField.{u_7} 𝕜 inst✝)))))))))
            (@WithLp.instModule.{u_7, max u_7 u_8}
              (@OfNat.ofNat.{0} ENNReal (nat_lit 2)
                (@instOfNatAtLeastTwo.{0} ENNReal (nat_lit 2)
                  (@AddMonoidWithOne.toNatCast.{0} ENNReal
                    (@AddCommMonoidWithOne.toAddMonoidWithOne.{0} ENNReal ENNReal.instAddCommMonoidWithOne))
                  PiLp.innerProductSpace._proof_1))
              𝕜 ((i : m) → (fun x => 𝕜) i)
              (@DivisionSemiring.toSemiring.{u_7} 𝕜
                (@Semifield.toDivisionSemiring.{u_7} 𝕜
                  (@Field.toSemifield.{u_7} 𝕜
                    (@NormedField.toField.{u_7} 𝕜
                      (@DenselyNormedField.toNormedField.{u_7} 𝕜 (@RCLike.toDenselyNormedField.{u_7} 𝕜 inst✝))))))
              (@Pi.addCommGroup.{u_8, u_7} m (fun x => 𝕜) fun i =>
                @Ring.toAddCommGroup.{u_7} 𝕜
                  (@DivisionRing.toRing.{u_7} 𝕜
                    (@Field.toDivisionRing.{u_7} 𝕜
                      (@NormedField.toField.{u_7} 𝕜
                        (@DenselyNormedField.toNormedField.{u_7} 𝕜 (@RCLike.toDenselyNormedField.{u_7} 𝕜 inst✝))))))
              (@Pi.Function.module.{u_8, u_7, u_7} m 𝕜 𝕜
                (@DivisionSemiring.toSemiring.{u_7} 𝕜
                  (@Semifield.toDivisionSemiring.{u_7} 𝕜
                    (@Field.toSemifield.{u_7} 𝕜
                      (@NormedField.toField.{u_7} 𝕜
                        (@DenselyNormedField.toNormedField.{u_7} 𝕜 (@RCLike.toDenselyNormedField.{u_7} 𝕜 inst✝))))))
                (@Semiring.toAddCommMonoid.{u_7} 𝕜
                  (@Ring.toSemiring.{u_7} 𝕜
                    (@DivisionRing.toRing.{u_7} 𝕜
                      (@Field.toDivisionRing.{u_7} 𝕜
                        (@NormedField.toField.{u_7} 𝕜
                          (@DenselyNormedField.toNormedField.{u_7} 𝕜 (@RCLike.toDenselyNormedField.{u_7} 𝕜 inst✝)))))))
                (@Semiring.toModule.{u_7} 𝕜
                  (@DivisionSemiring.toSemiring.{u_7} 𝕜
                    (@Semifield.toDivisionSemiring.{u_7} 𝕜
                      (@Field.toSemifield.{u_7} 𝕜
                        (@NormedField.toField.{u_7} 𝕜
                          (@DenselyNormedField.toNormedField.{u_7} 𝕜
                            (@RCLike.toDenselyNormedField.{u_7} 𝕜 inst✝)))))))))
            (@RingHom.id.{u_7} 𝕜
              (@Semiring.toNonAssocSemiring.{u_7} 𝕜
                (@DivisionSemiring.toSemiring.{u_7} 𝕜
                  (@Semifield.toDivisionSemiring.{u_7} 𝕜
                    (@Field.toSemifield.{u_7} 𝕜
                      (@NormedField.toField.{u_7} 𝕜
                        (@DenselyNormedField.toNormedField.{u_7} 𝕜 (@RCLike.toDenselyNormedField.{u_7} 𝕜 inst✝))))))))
            (@DivisionSemiring.toSemiring.{u_7} 𝕜
              (@Semifield.toDivisionSemiring.{u_7} 𝕜
                (@Field.toSemifield.{u_7} 𝕜
                  (@NormedField.toField.{u_7} 𝕜
                    (@DenselyNormedField.toNormedField.{u_7} 𝕜 (@RCLike.toDenselyNormedField.{u_7} 𝕜 inst✝))))))
            (@WithLp.instModule.{u_7, max u_7 u_8}
              (@OfNat.ofNat.{0} ENNReal (nat_lit 2)
                (@instOfNatAtLeastTwo.{0} ENNReal (nat_lit 2)
                  (@AddMonoidWithOne.toNatCast.{0} ENNReal
                    (@AddCommMonoidWithOne.toAddMonoidWithOne.{0} ENNReal ENNReal.instAddCommMonoidWithOne))
                  PiLp.innerProductSpace._proof_1))
              𝕜 ((i : m) → (fun x => 𝕜) i)
              (@DivisionSemiring.toSemiring.{u_7} 𝕜
                (@Semifield.toDivisionSemiring.{u_7} 𝕜
                  (@Field.toSemifield.{u_7} 𝕜
                    (@NormedField.toField.{u_7} 𝕜
                      (@DenselyNormedField.toNormedField.{u_7} 𝕜 (@RCLike.toDenselyNormedField.{u_7} 𝕜 inst✝))))))
              (@Pi.addCommGroup.{u_8, u_7} m (fun x => 𝕜) fun i =>
                @Ring.toAddCommGroup.{u_7} 𝕜
                  (@DivisionRing.toRing.{u_7} 𝕜
                    (@Field.toDivisionRing.{u_7} 𝕜
                      (@NormedField.toField.{u_7} 𝕜
                        (@DenselyNormedField.toNormedField.{u_7} 𝕜 (@RCLike.toDenselyNormedField.{u_7} 𝕜 inst✝))))))
              (@Pi.Function.module.{u_8, u_7, u_7} m 𝕜 𝕜
                (@DivisionSemiring.toSemiring.{u_7} 𝕜
                  (@Semifield.toDivisionSemiring.{u_7} 𝕜
                    (@Field.toSemifield.{u_7} 𝕜
                      (@NormedField.toField.{u_7} 𝕜
                        (@DenselyNormedField.toNormedField.{u_7} 𝕜 (@RCLike.toDenselyNormedField.{u_7} 𝕜 inst✝))))))
                (@Semiring.toAddCommMonoid.{u_7} 𝕜
                  (@Ring.toSemiring.{u_7} 𝕜
                    (@DivisionRing.toRing.{u_7} 𝕜
                      (@Field.toDivisionRing.{u_7} 𝕜
                        (@NormedField.toField.{u_7} 𝕜
                          (@DenselyNormedField.toNormedField.{u_7} 𝕜 (@RCLike.toDenselyNormedField.{u_7} 𝕜 inst✝)))))))
                (@Semiring.toModule.{u_7} 𝕜
                  (@DivisionSemiring.toSemiring.{u_7} 𝕜
                    (@Semifield.toDivisionSemiring.{u_7} 𝕜
                      (@Field.toSemifield.{u_7} 𝕜
                        (@NormedField.toField.{u_7} 𝕜
                          (@DenselyNormedField.toNormedField.{u_7} 𝕜
                            (@RCLike.toDenselyNormedField.{u_7} 𝕜 inst✝)))))))))
            ⋯)
          (@Matrix.module.{u_7, u_8, u_9, u_7} m n 𝕜 𝕜
            (@DivisionSemiring.toSemiring.{u_7} 𝕜
              (@Semifield.toDivisionSemiring.{u_7} 𝕜
                (@Field.toSemifield.{u_7} 𝕜
                  (@NormedField.toField.{u_7} 𝕜
                    (@DenselyNormedField.toNormedField.{u_7} 𝕜 (@RCLike.toDenselyNormedField.{u_7} 𝕜 inst✝))))))
            (@Semiring.toAddCommMonoid.{u_7} 𝕜
              (@DivisionSemiring.toSemiring.{u_7} 𝕜
                (@Semifield.toDivisionSemiring.{u_7} 𝕜
                  (@Field.toSemifield.{u_7} 𝕜
                    (@NormedField.toField.{u_7} 𝕜
                      (@DenselyNormedField.toNormedField.{u_7} 𝕜 (@RCLike.toDenselyNormedField.{u_7} 𝕜 inst✝)))))))
            (@Semiring.toModule.{u_7} 𝕜
              (@DivisionSemiring.toSemiring.{u_7} 𝕜
                (@Semifield.toDivisionSemiring.{u_7} 𝕜
                  (@Field.toSemifield.{u_7} 𝕜
                    (@NormedField.toField.{u_7} 𝕜
                      (@DenselyNormedField.toNormedField.{u_7} 𝕜 (@RCLike.toDenselyNormedField.{u_7} 𝕜 inst✝))))))))))
      (@LinearEquiv.symm.{u_7, u_7, max (max u_9 u_8) u_7, max (max u_9 u_8) u_7} 𝕜 𝕜 (Matrix.{u_8, u_9, u_7} m n 𝕜)
        (@LinearMap.{u_7, u_7, max u_9 u_7, max u_8 u_7} 𝕜 𝕜
          (@DivisionSemiring.toSemiring.{u_7} 𝕜
            (@Semifield.toDivisionSemiring.{u_7} 𝕜
              (@Field.toSemifield.{u_7} 𝕜
                (@NormedField.toField.{u_7} 𝕜
                  (@DenselyNormedField.toNormedField.{u_7} 𝕜 (@RCLike.toDenselyNormedField.{u_7} 𝕜 inst✝))))))
          (@DivisionSemiring.toSemiring.{u_7} 𝕜
            (@Semifield.toDivisionSemiring.{u_7} 𝕜
              (@Field.toSemifield.{u_7} 𝕜
                (@NormedField.toField.{u_7} 𝕜
                  (@DenselyNormedField.toNormedField.{u_7} 𝕜 (@RCLike.toDenselyNormedField.{u_7} 𝕜 inst✝))))))
          (@RingHom.id.{u_7} 𝕜
            (@Semiring.toNonAssocSemiring.{u_7} 𝕜
              (@DivisionSemiring.toSemiring.{u_7} 𝕜
                (@Semifield.toDivisionSemiring.{u_7} 𝕜
                  (@Field.toSemifield.{u_7} 𝕜
                    (@NormedField.toField.{u_7} 𝕜
                      (@DenselyNormedField.toNormedField.{u_7} 𝕜 (@RCLike.toDenselyNormedField.{u_7} 𝕜 inst✝))))))))
          (EuclideanSpace.{u_7, u_9} 𝕜 n) (EuclideanSpace.{u_7, u_8} 𝕜 m)
          (@AddCommGroup.toAddCommMonoid.{max u_7 u_9} (EuclideanSpace.{u_7, u_9} 𝕜 n)
            (@WithLp.instAddCommGroup.{max u_7 u_9}
              (@OfNat.ofNat.{0} ENNReal (nat_lit 2)
                (@instOfNatAtLeastTwo.{0} ENNReal (nat_lit 2)
                  (@AddMonoidWithOne.toNatCast.{0} ENNReal
                    (@AddCommMonoidWithOne.toAddMonoidWithOne.{0} ENNReal ENNReal.instAddCommMonoidWithOne))
                  PiLp.innerProductSpace._proof_1))
              ((i : n) → (fun x => 𝕜) i)
              (@Pi.addCommGroup.{u_9, u_7} n (fun x => 𝕜) fun i =>
                @Ring.toAddCommGroup.{u_7} 𝕜
                  (@DivisionRing.toRing.{u_7} 𝕜
                    (@Field.toDivisionRing.{u_7} 𝕜
                      (@NormedField.toField.{u_7} 𝕜
                        (@DenselyNormedField.toNormedField.{u_7} 𝕜 (@RCLike.toDenselyNormedField.{u_7} 𝕜 inst✝))))))))
          (@AddCommGroup.toAddCommMonoid.{max u_7 u_8} (EuclideanSpace.{u_7, u_8} 𝕜 m)
            (@WithLp.instAddCommGroup.{max u_7 u_8}
              (@OfNat.ofNat.{0} ENNReal (nat_lit 2)
                (@instOfNatAtLeastTwo.{0} ENNReal (nat_lit 2)
                  (@AddMonoidWithOne.toNatCast.{0} ENNReal
                    (@AddCommMonoidWithOne.toAddMonoidWithOne.{0} ENNReal ENNReal.instAddCommMonoidWithOne))
                  PiLp.innerProductSpace._proof_1))
              ((i : m) → (fun x => 𝕜) i)
              (@Pi.addCommGroup.{u_8, u_7} m (fun x => 𝕜) fun i =>
                @Ring.toAddCommGroup.{u_7} 𝕜
                  (@DivisionRing.toRing.{u_7} 𝕜
                    (@Field.toDivisionRing.{u_7} 𝕜
                      (@NormedField.toField.{u_7} 𝕜
                        (@DenselyNormedField.toNormedField.{u_7} 𝕜 (@RCLike.toDenselyNormedField.{u_7} 𝕜 inst✝))))))))
          (@WithLp.instModule.{u_7, max u_7 u_9}
            (@OfNat.ofNat.{0} ENNReal (nat_lit 2)
              (@instOfNatAtLeastTwo.{0} ENNReal (nat_lit 2)
                (@AddMonoidWithOne.toNatCast.{0} ENNReal
                  (@AddCommMonoidWithOne.toAddMonoidWithOne.{0} ENNReal ENNReal.instAddCommMonoidWithOne))
                PiLp.innerProductSpace._proof_1))
            𝕜 ((i : n) → (fun x => 𝕜) i)
            (@DivisionSemiring.toSemiring.{u_7} 𝕜
              (@Semifield.toDivisionSemiring.{u_7} 𝕜
                (@Field.toSemifield.{u_7} 𝕜
                  (@NormedField.toField.{u_7} 𝕜
                    (@DenselyNormedField.toNormedField.{u_7} 𝕜 (@RCLike.toDenselyNormedField.{u_7} 𝕜 inst✝))))))
            (@Pi.addCommGroup.{u_9, u_7} n (fun x => 𝕜) fun i =>
              @Ring.toAddCommGroup.{u_7} 𝕜
                (@DivisionRing.toRing.{u_7} 𝕜
                  (@Field.toDivisionRing.{u_7} 𝕜
                    (@NormedField.toField.{u_7} 𝕜
                      (@DenselyNormedField.toNormedField.{u_7} 𝕜 (@RCLike.toDenselyNormedField.{u_7} 𝕜 inst✝))))))
            (@Pi.Function.module.{u_9, u_7, u_7} n 𝕜 𝕜
              (@DivisionSemiring.toSemiring.{u_7} 𝕜
                (@Semifield.toDivisionSemiring.{u_7} 𝕜
                  (@Field.toSemifield.{u_7} 𝕜
                    (@NormedField.toField.{u_7} 𝕜
                      (@DenselyNormedField.toNormedField.{u_7} 𝕜 (@RCLike.toDenselyNormedField.{u_7} 𝕜 inst✝))))))
              (@Semiring.toAddCommMonoid.{u_7} 𝕜
                (@Ring.toSemiring.{u_7} 𝕜
                  (@DivisionRing.toRing.{u_7} 𝕜
                    (@Field.toDivisionRing.{u_7} 𝕜
                      (@NormedField.toField.{u_7} 𝕜
                        (@DenselyNormedField.toNormedField.{u_7} 𝕜 (@RCLike.toDenselyNormedField.{u_7} 𝕜 inst✝)))))))
              (@Semiring.toModule.{u_7} 𝕜
                (@DivisionSemiring.toSemiring.{u_7} 𝕜
                  (@Semifield.toDivisionSemiring.{u_7} 𝕜
                    (@Field.toSemifield.{u_7} 𝕜
                      (@NormedField.toField.{u_7} 𝕜
                        (@DenselyNormedField.toNormedField.{u_7} 𝕜 (@RCLike.toDenselyNormedField.{u_7} 𝕜 inst✝)))))))))
          (@WithLp.instModule.{u_7, max u_7 u_8}
            (@OfNat.ofNat.{0} ENNReal (nat_lit 2)
              (@instOfNatAtLeastTwo.{0} ENNReal (nat_lit 2)
                (@AddMonoidWithOne.toNatCast.{0} ENNReal
                  (@AddCommMonoidWithOne.toAddMonoidWithOne.{0} ENNReal ENNReal.instAddCommMonoidWithOne))
                PiLp.innerProductSpace._proof_1))
            𝕜 ((i : m) → (fun x => 𝕜) i)
            (@DivisionSemiring.toSemiring.{u_7} 𝕜
              (@Semifield.toDivisionSemiring.{u_7} 𝕜
                (@Field.toSemifield.{u_7} 𝕜
                  (@NormedField.toField.{u_7} 𝕜
                    (@DenselyNormedField.toNormedField.{u_7} 𝕜 (@RCLike.toDenselyNormedField.{u_7} 𝕜 inst✝))))))
            (@Pi.addCommGroup.{u_8, u_7} m (fun x => 𝕜) fun i =>
              @Ring.toAddCommGroup.{u_7} 𝕜
                (@DivisionRing.toRing.{u_7} 𝕜
                  (@Field.toDivisionRing.{u_7} 𝕜
                    (@NormedField.toField.{u_7} 𝕜
                      (@DenselyNormedField.toNormedField.{u_7} 𝕜 (@RCLike.toDenselyNormedField.{u_7} 𝕜 inst✝))))))
            (@Pi.Function.module.{u_8, u_7, u_7} m 𝕜 𝕜
              (@DivisionSemiring.toSemiring.{u_7} 𝕜
                (@Semifield.toDivisionSemiring.{u_7} 𝕜
                  (@Field.toSemifield.{u_7} 𝕜
                    (@NormedField.toField.{u_7} 𝕜
                      (@DenselyNormedField.toNormedField.{u_7} 𝕜 (@RCLike.toDenselyNormedField.{u_7} 𝕜 inst✝))))))
              (@Semiring.toAddCommMonoid.{u_7} 𝕜
                (@Ring.toSemiring.{u_7} 𝕜
                  (@DivisionRing.toRing.{u_7} 𝕜
                    (@Field.toDivisionRing.{u_7} 𝕜
                      (@NormedField.toField.{u_7} 𝕜
                        (@DenselyNormedField.toNormedField.{u_7} 𝕜 (@RCLike.toDenselyNormedField.{u_7} 𝕜 inst✝)))))))
              (@Semiring.toModule.{u_7} 𝕜
                (@DivisionSemiring.toSemiring.{u_7} 𝕜
                  (@Semifield.toDivisionSemiring.{u_7} 𝕜
                    (@Field.toSemifield.{u_7} 𝕜
                      (@NormedField.toField.{u_7} 𝕜
                        (@DenselyNormedField.toNormedField.{u_7} 𝕜 (@RCLike.toDenselyNormedField.{u_7} 𝕜 inst✝))))))))))
        (@DivisionSemiring.toSemiring.{u_7} 𝕜
          (@Semifield.toDivisionSemiring.{u_7} 𝕜
            (@Field.toSemifield.{u_7} 𝕜
              (@NormedField.toField.{u_7} 𝕜
                (@DenselyNormedField.toNormedField.{u_7} 𝕜 (@RCLike.toDenselyNormedField.{u_7} 𝕜 inst✝))))))
        (@DivisionSemiring.toSemiring.{u_7} 𝕜
          (@Semifield.toDivisionSemiring.{u_7} 𝕜
            (@Field.toSemifield.{u_7} 𝕜
              (@NormedField.toField.{u_7} 𝕜
                (@DenselyNormedField.toNormedField.{u_7} 𝕜 (@RCLike.toDenselyNormedField.{u_7} 𝕜 inst✝))))))
        (@Matrix.addCommMonoid.{u_7, u_8, u_9} m n 𝕜
          (@Semiring.toAddCommMonoid.{u_7} 𝕜
            (@DivisionSemiring.toSemiring.{u_7} 𝕜
              (@Semifield.toDivisionSemiring.{u_7} 𝕜
                (@Field.toSemifield.{u_7} 𝕜
                  (@NormedField.toField.{u_7} 𝕜
                    (@DenselyNormedField.toNormedField.{u_7} 𝕜 (@RCLike.toDenselyNormedField.{u_7} 𝕜 inst✝))))))))
        (@LinearMap.addCommMonoid.{u_7, u_7, max u_7 u_9, max u_7 u_8} 𝕜 𝕜 (EuclideanSpace.{u_7, u_9} 𝕜 n)
          (EuclideanSpace.{u_7, u_8} 𝕜 m)
          (@DivisionSemiring.toSemiring.{u_7} 𝕜
            (@Semifield.toDivisionSemiring.{u_7} 𝕜
              (@Field.toSemifield.{u_7} 𝕜
                (@NormedField.toField.{u_7} 𝕜
                  (@DenselyNormedField.toNormedField.{u_7} 𝕜 (@RCLike.toDenselyNormedField.{u_7} 𝕜 inst✝))))))
          (@DivisionSemiring.toSemiring.{u_7} 𝕜
            (@Semifield.toDivisionSemiring.{u_7} 𝕜
              (@Field.toSemifield.{u_7} 𝕜
                (@NormedField.toField.{u_7} 𝕜
                  (@DenselyNormedField.toNormedField.{u_7} 𝕜 (@RCLike.toDenselyNormedField.{u_7} 𝕜 inst✝))))))
          (@AddCommGroup.toAddCommMonoid.{max u_7 u_9} (EuclideanSpace.{u_7, u_9} 𝕜 n)
            (@WithLp.instAddCommGroup.{max u_7 u_9}
              (@OfNat.ofNat.{0} ENNReal (nat_lit 2)
                (@instOfNatAtLeastTwo.{0} ENNReal (nat_lit 2)
                  (@AddMonoidWithOne.toNatCast.{0} ENNReal
                    (@AddCommMonoidWithOne.toAddMonoidWithOne.{0} ENNReal ENNReal.instAddCommMonoidWithOne))
                  PiLp.innerProductSpace._proof_1))
              ((i : n) → (fun x => 𝕜) i)
              (@Pi.addCommGroup.{u_9, u_7} n (fun x => 𝕜) fun i =>
                @Ring.toAddCommGroup.{u_7} 𝕜
                  (@DivisionRing.toRing.{u_7} 𝕜
                    (@Field.toDivisionRing.{u_7} 𝕜
                      (@NormedField.toField.{u_7} 𝕜
                        (@DenselyNormedField.toNormedField.{u_7} 𝕜 (@RCLike.toDenselyNormedField.{u_7} 𝕜 inst✝))))))))
          (@AddCommGroup.toAddCommMonoid.{max u_7 u_8} (EuclideanSpace.{u_7, u_8} 𝕜 m)
            (@WithLp.instAddCommGroup.{max u_7 u_8}
              (@OfNat.ofNat.{0} ENNReal (nat_lit 2)
                (@instOfNatAtLeastTwo.{0} ENNReal (nat_lit 2)
                  (@AddMonoidWithOne.toNatCast.{0} ENNReal
                    (@AddCommMonoidWithOne.toAddMonoidWithOne.{0} ENNReal ENNReal.instAddCommMonoidWithOne))
                  PiLp.innerProductSpace._proof_1))
              ((i : m) → (fun x => 𝕜) i)
              (@Pi.addCommGroup.{u_8, u_7} m (fun x => 𝕜) fun i =>
                @Ring.toAddCommGroup.{u_7} 𝕜
                  (@DivisionRing.toRing.{u_7} 𝕜
                    (@Field.toDivisionRing.{u_7} 𝕜
                      (@NormedField.toField.{u_7} 𝕜
                        (@DenselyNormedField.toNormedField.{u_7} 𝕜 (@RCLike.toDenselyNormedField.{u_7} 𝕜 inst✝))))))))
          (@WithLp.instModule.{u_7, max u_7 u_9}
            (@OfNat.ofNat.{0} ENNReal (nat_lit 2)
              (@instOfNatAtLeastTwo.{0} ENNReal (nat_lit 2)
                (@AddMonoidWithOne.toNatCast.{0} ENNReal
                  (@AddCommMonoidWithOne.toAddMonoidWithOne.{0} ENNReal ENNReal.instAddCommMonoidWithOne))
                PiLp.innerProductSpace._proof_1))
            𝕜 ((i : n) → (fun x => 𝕜) i)
            (@DivisionSemiring.toSemiring.{u_7} 𝕜
              (@Semifield.toDivisionSemiring.{u_7} 𝕜
                (@Field.toSemifield.{u_7} 𝕜
                  (@NormedField.toField.{u_7} 𝕜
                    (@DenselyNormedField.toNormedField.{u_7} 𝕜 (@RCLike.toDenselyNormedField.{u_7} 𝕜 inst✝))))))
            (@Pi.addCommGroup.{u_9, u_7} n (fun x => 𝕜) fun i =>
              @Ring.toAddCommGroup.{u_7} 𝕜
                (@DivisionRing.toRing.{u_7} 𝕜
                  (@Field.toDivisionRing.{u_7} 𝕜
                    (@NormedField.toField.{u_7} 𝕜
                      (@DenselyNormedField.toNormedField.{u_7} 𝕜 (@RCLike.toDenselyNormedField.{u_7} 𝕜 inst✝))))))
            (@Pi.Function.module.{u_9, u_7, u_7} n 𝕜 𝕜
              (@DivisionSemiring.toSemiring.{u_7} 𝕜
                (@Semifield.toDivisionSemiring.{u_7} 𝕜
                  (@Field.toSemifield.{u_7} 𝕜
                    (@NormedField.toField.{u_7} 𝕜
                      (@DenselyNormedField.toNormedField.{u_7} 𝕜 (@RCLike.toDenselyNormedField.{u_7} 𝕜 inst✝))))))
              (@Semiring.toAddCommMonoid.{u_7} 𝕜
                (@Ring.toSemiring.{u_7} 𝕜
                  (@DivisionRing.toRing.{u_7} 𝕜
                    (@Field.toDivisionRing.{u_7} 𝕜
                      (@NormedField.toField.{u_7} 𝕜
                        (@DenselyNormedField.toNormedField.{u_7} 𝕜 (@RCLike.toDenselyNormedField.{u_7} 𝕜 inst✝)))))))
              (@Semiring.toModule.{u_7} 𝕜
                (@DivisionSemiring.toSemiring.{u_7} 𝕜
                  (@Semifield.toDivisionSemiring.{u_7} 𝕜 (@Field.toSemifield.{u_7} 𝕜 ⋯))))))
          ⋯ ⋯)
        ⋯ ⋯ ⋯ ⋯ ⋯ ⋯ ⋯)
      ⋯)
    ⋯
Complex.isPrimitiveRoot_exp (n : Nat)
  (h0 : @Ne.{1} Nat n (@OfNat.ofNat.{0} Nat (nat_lit 0) (instOfNatNat (nat_lit 0)))) :
  @IsPrimitiveRoot.{0} Complex (@CommRing.toCommMonoid.{0} Complex Complex.commRing)
    (Complex.exp
      (@HDiv.hDiv.{0, 0, 0} Complex Complex Complex
        (@instHDiv.{0} Complex (@DivInvMonoid.toDiv.{0} Complex Complex.instDivInvMonoid))
        (@HMul.hMul.{0, 0, 0} Complex Complex Complex (@instHMul.{0} Complex Complex.instMul)
          (@HMul.hMul.{0, 0, 0} Complex Complex Complex (@instHMul.{0} Complex Complex.instMul)
            (@OfNat.ofNat.{0} Complex (nat_lit 2) (@instOfNatAtLeastTwo.{0} Complex (nat_lit 2) Complex.instNatCast ⋯))
            ↑Real.pi)
          Complex.I)
        (@Nat.cast.{0} Complex Complex.instNatCast n)))
    n
/private/tmp/nla-lean-mi03-worktree/matrix-inequalities-and-norms/MI-03/lean/reviews/statement-referee-1-evidence/Inspect.lean:137:7: error(lean.unknownIdentifier): Unknown constant `Complex.IsPrimitiveRoot.norm'_eq_one`
IsPrimitiveRoot.geom_sum_eq_zero.{u_4} {R : Type u_4} {k : Nat} [CommRing.{u_4} R]
  [@IsDomain.{u_4} R (@CommSemiring.toSemiring.{u_4} R (@CommRing.toCommSemiring.{u_4} R inst✝))] {ζ : R}
  (hζ : @IsPrimitiveRoot.{u_4} R (@CommRing.toCommMonoid.{u_4} R inst✝) ζ k)
  (hk : @LT.lt.{0} Nat instLTNat (@OfNat.ofNat.{0} Nat (nat_lit 1) (instOfNatNat (nat_lit 1))) k) :
  @Eq.{u_4 + 1} R
    (∑ i ∈ Finset.range k,
      @HPow.hPow.{u_4, 0, u_4} R Nat R
        (@instHPow.{u_4, 0} R Nat
          (@NPow.toPow.{u_4} R
            (@Monoid.toNPow.{u_4} R
              (@Semiring.toMonoid.{u_4} R
                (@CommSemiring.toSemiring.{u_4} R (@CommRing.toCommSemiring.{u_4} R inst✝))))))
        ζ i)
    (@OfNat.ofNat.{u_4} R (nat_lit 0)
      (@Zero.toOfNat0.{u_4} R
        (@MulZeroClass.toZero.{u_4} R
          (@instMulZeroClassOfSemiring.{u_4} R
            (@CommSemiring.toSemiring.{u_4} R (@CommRing.toCommSemiring.{u_4} R inst✝))))))
@Matrix.instPartialOrder.{0, 0} Complex (Fin (@OfNat.ofNat.{0} Nat (nat_lit 2) (instOfNatNat (nat_lit 2))))
  Complex.instRCLike
@PiLp.instNorm.{0, 0}
  (@OfNat.ofNat.{0} ENNReal (nat_lit 2)
    (@instOfNatAtLeastTwo.{0} ENNReal (nat_lit 2)
      (@AddMonoidWithOne.toNatCast.{0} ENNReal
        (@AddCommMonoidWithOne.toAddMonoidWithOne.{0} ENNReal ENNReal.instAddCommMonoidWithOne))
      PiLp.innerProductSpace._proof_1))
  (Fin (@OfNat.ofNat.{0} Nat (nat_lit 2) (instOfNatNat (nat_lit 2)))) (fun x => Complex)
  (Fin.fintype (@OfNat.ofNat.{0} Nat (nat_lit 2) (instOfNatNat (nat_lit 2)))) fun i => Complex.instNorm
def NLA.MI03.operatorNorm : {n : Nat} → (A : NLA.MI03.Mat n) → Real :=
fun {n : ⋯} (A : ⋯) =>
  @Norm.norm.{0}
    (@ContinuousLinearMap.{0, 0, 0, 0} Complex Complex
      (@DivisionSemiring.toSemiring.{0} Complex
        (@Semifield.toDivisionSemiring.{0} Complex
          (@Field.toSemifield.{0} Complex
            (@NormedField.toField.{0} Complex
              (@DenselyNormedField.toNormedField.{0} Complex
                (@RCLike.toDenselyNormedField.{0} Complex Complex.instRCLike))))))
      (@DivisionSemiring.toSemiring.{0} Complex
        (@Semifield.toDivisionSemiring.{0} Complex
          (@Field.toSemifield.{0} Complex
            (@NormedField.toField.{0} Complex
              (@DenselyNormedField.toNormedField.{0} Complex
                (@RCLike.toDenselyNormedField.{0} Complex Complex.instRCLike))))))
      (@RingHom.id.{0} Complex
        (@Semiring.toNonAssocSemiring.{0} Complex
          (@DivisionSemiring.toSemiring.{0} Complex
            (@Semifield.toDivisionSemiring.{0} Complex
              (@Field.toSemifield.{0} Complex
                (@NormedField.toField.{0} Complex
                  (@DenselyNormedField.toNormedField.{0} Complex
                    (@RCLike.toDenselyNormedField.{0} Complex Complex.instRCLike))))))))
      (EuclideanSpace.{0, 0} Complex (Fin n))
      (@PiLp.topologicalSpace.{0, 0}
        (@OfNat.ofNat.{0} ENNReal (nat_lit 2)
          (@instOfNatAtLeastTwo.{0} ENNReal (nat_lit 2)
            (@AddMonoidWithOne.toNatCast.{0} ENNReal
              (@AddCommMonoidWithOne.toAddMonoidWithOne.{0} ENNReal ENNReal.instAddCommMonoidWithOne))
            PiLp.innerProductSpace._proof_1))
        (Fin n) (fun (x : Fin n) => Complex) fun (i : Fin n) =>
        @UniformSpace.toTopologicalSpace.{0} Complex
          (@PseudoMetricSpace.toUniformSpace.{0} Complex
            (@SeminormedRing.toPseudoMetricSpace.{0} Complex
              (@SeminormedCommRing.toSeminormedRing.{0} Complex
                (@NormedCommRing.toSeminormedCommRing.{0} Complex
                  (@NormedField.toNormedCommRing.{0} Complex
                    (@DenselyNormedField.toNormedField.{0} Complex
                      (@RCLike.toDenselyNormedField.{0} Complex Complex.instRCLike))))))))
      (@AddCommGroup.toAddCommMonoid.{0} (EuclideanSpace.{0, 0} Complex (Fin n))
        (@WithLp.instAddCommGroup.{0}
          (@OfNat.ofNat.{0} ENNReal (nat_lit 2)
            (@instOfNatAtLeastTwo.{0} ENNReal (nat_lit 2)
              (@AddMonoidWithOne.toNatCast.{0} ENNReal
                (@AddCommMonoidWithOne.toAddMonoidWithOne.{0} ENNReal ENNReal.instAddCommMonoidWithOne))
              PiLp.innerProductSpace._proof_1))
          ((i : Fin n) → (fun (x : Fin n) => Complex) i)
          (@Pi.addCommGroup.{0, 0} (Fin n) (fun (x : Fin n) => Complex) fun (i : Fin n) =>
            @Ring.toAddCommGroup.{0} Complex
              (@DivisionRing.toRing.{0} Complex
                (@Field.toDivisionRing.{0} Complex
                  (@NormedField.toField.{0} Complex
                    (@DenselyNormedField.toNormedField.{0} Complex
                      (@RCLike.toDenselyNormedField.{0} Complex Complex.instRCLike))))))))
      (EuclideanSpace.{0, 0} Complex (Fin n))
      (@PiLp.topologicalSpace.{0, 0}
        (@OfNat.ofNat.{0} ENNReal (nat_lit 2)
          (@instOfNatAtLeastTwo.{0} ENNReal (nat_lit 2)
            (@AddMonoidWithOne.toNatCast.{0} ENNReal
              (@AddCommMonoidWithOne.toAddMonoidWithOne.{0} ENNReal ENNReal.instAddCommMonoidWithOne))
            PiLp.innerProductSpace._proof_1))
        (Fin n) (fun (x : Fin n) => Complex) fun (i : Fin n) =>
        @UniformSpace.toTopologicalSpace.{0} Complex
          (@PseudoMetricSpace.toUniformSpace.{0} Complex
            (@SeminormedRing.toPseudoMetricSpace.{0} Complex
              (@SeminormedCommRing.toSeminormedRing.{0} Complex
                (@NormedCommRing.toSeminormedCommRing.{0} Complex
                  (@NormedField.toNormedCommRing.{0} Complex
                    (@DenselyNormedField.toNormedField.{0} Complex
                      (@RCLike.toDenselyNormedField.{0} Complex Complex.instRCLike))))))))
      (@AddCommGroup.toAddCommMonoid.{0} (EuclideanSpace.{0, 0} Complex (Fin n))
        (@WithLp.instAddCommGroup.{0}
          (@OfNat.ofNat.{0} ENNReal (nat_lit 2)
            (@instOfNatAtLeastTwo.{0} ENNReal (nat_lit 2)
              (@AddMonoidWithOne.toNatCast.{0} ENNReal
                (@AddCommMonoidWithOne.toAddMonoidWithOne.{0} ENNReal ENNReal.instAddCommMonoidWithOne))
              PiLp.innerProductSpace._proof_1))
          ((i : Fin n) → (fun (x : Fin n) => Complex) i)
          (@Pi.addCommGroup.{0, 0} (Fin n) (fun (x : Fin n) => Complex) fun (i : Fin n) =>
            @Ring.toAddCommGroup.{0} Complex
              (@DivisionRing.toRing.{0} Complex
                (@Field.toDivisionRing.{0} Complex
                  (@NormedField.toField.{0} Complex
                    (@DenselyNormedField.toNormedField.{0} Complex
                      (@RCLike.toDenselyNormedField.{0} Complex Complex.instRCLike))))))))
      (@WithLp.instModule.{0, 0}
        (@OfNat.ofNat.{0} ENNReal (nat_lit 2)
          (@instOfNatAtLeastTwo.{0} ENNReal (nat_lit 2)
            (@AddMonoidWithOne.toNatCast.{0} ENNReal
              (@AddCommMonoidWithOne.toAddMonoidWithOne.{0} ENNReal ENNReal.instAddCommMonoidWithOne))
            PiLp.innerProductSpace._proof_1))
        Complex ((i : Fin n) → (fun (x : Fin n) => Complex) i)
        (@DivisionSemiring.toSemiring.{0} Complex
          (@Semifield.toDivisionSemiring.{0} Complex
            (@Field.toSemifield.{0} Complex
              (@NormedField.toField.{0} Complex
                (@DenselyNormedField.toNormedField.{0} Complex
                  (@RCLike.toDenselyNormedField.{0} Complex Complex.instRCLike))))))
        (@Pi.addCommGroup.{0, 0} (Fin n) (fun (x : Fin n) => Complex) fun (i : Fin n) =>
          @Ring.toAddCommGroup.{0} Complex
            (@DivisionRing.toRing.{0} Complex
              (@Field.toDivisionRing.{0} Complex
                (@NormedField.toField.{0} Complex
                  (@DenselyNormedField.toNormedField.{0} Complex
                    (@RCLike.toDenselyNormedField.{0} Complex Complex.instRCLike))))))
        (@Pi.Function.module.{0, 0, 0} (Fin n) Complex Complex
          (@DivisionSemiring.toSemiring.{0} Complex
            (@Semifield.toDivisionSemiring.{0} Complex
              (@Field.toSemifield.{0} Complex
                (@NormedField.toField.{0} Complex
                  (@DenselyNormedField.toNormedField.{0} Complex
                    (@RCLike.toDenselyNormedField.{0} Complex Complex.instRCLike))))))
          (@Semiring.toAddCommMonoid.{0} Complex
            (@Ring.toSemiring.{0} Complex
              (@DivisionRing.toRing.{0} Complex
                (@Field.toDivisionRing.{0} Complex
                  (@NormedField.toField.{0} Complex
                    (@DenselyNormedField.toNormedField.{0} Complex
                      (@RCLike.toDenselyNormedField.{0} Complex Complex.instRCLike)))))))
          (@Semiring.toModule.{0} Complex
            (@DivisionSemiring.toSemiring.{0} Complex
              (@Semifield.toDivisionSemiring.{0} Complex
                (@Field.toSemifield.{0} Complex
                  (@NormedField.toField.{0} Complex
                    (@DenselyNormedField.toNormedField.{0} Complex
                      (@RCLike.toDenselyNormedField.{0} Complex Complex.instRCLike)))))))))
      (@WithLp.instModule.{0, 0}
        (@OfNat.ofNat.{0} ENNReal (nat_lit 2)
          (@instOfNatAtLeastTwo.{0} ENNReal (nat_lit 2)
            (@AddMonoidWithOne.toNatCast.{0} ENNReal
              (@AddCommMonoidWithOne.toAddMonoidWithOne.{0} ENNReal ENNReal.instAddCommMonoidWithOne))
            PiLp.innerProductSpace._proof_1))
        Complex ((i : Fin n) → (fun (x : Fin n) => Complex) i)
        (@DivisionSemiring.toSemiring.{0} Complex
          (@Semifield.toDivisionSemiring.{0} Complex
            (@Field.toSemifield.{0} Complex
              (@NormedField.toField.{0} Complex
                (@DenselyNormedField.toNormedField.{0} Complex
                  (@RCLike.toDenselyNormedField.{0} Complex Complex.instRCLike))))))
        (@Pi.addCommGroup.{0, 0} (Fin n) (fun (x : Fin n) => Complex) fun (i : Fin n) =>
          @Ring.toAddCommGroup.{0} Complex
            (@DivisionRing.toRing.{0} Complex
              (@Field.toDivisionRing.{0} Complex
                (@NormedField.toField.{0} Complex
                  (@DenselyNormedField.toNormedField.{0} Complex
                    (@RCLike.toDenselyNormedField.{0} Complex Complex.instRCLike))))))
        (@Pi.Function.module.{0, 0, 0} (Fin n) Complex Complex
          (@DivisionSemiring.toSemiring.{0} Complex
            (@Semifield.toDivisionSemiring.{0} Complex
              (@Field.toSemifield.{0} Complex
                (@NormedField.toField.{0} Complex
                  (@DenselyNormedField.toNormedField.{0} Complex
                    (@RCLike.toDenselyNormedField.{0} Complex Complex.instRCLike))))))
          (@Semiring.toAddCommMonoid.{0} Complex
            (@Ring.toSemiring.{0} Complex
              (@DivisionRing.toRing.{0} Complex
                (@Field.toDivisionRing.{0} Complex
                  (@NormedField.toField.{0} Complex
                    (@DenselyNormedField.toNormedField.{0} Complex
                      (@RCLike.toDenselyNormedField.{0} Complex Complex.instRCLike)))))))
          (@Semiring.toModule.{0} Complex
            (@DivisionSemiring.toSemiring.{0} Complex
              (@Semifield.toDivisionSemiring.{0} Complex
                (@Field.toSemifield.{0} Complex
                  (@NormedField.toField.{0} Complex
                    (@DenselyNormedField.toNormedField.{0} Complex
                      (@RCLike.toDenselyNormedField.{0} Complex Complex.instRCLike))))))))))
    (@ContinuousLinearMap.hasOpNorm.{0, 0, 0, 0} Complex Complex (EuclideanSpace.{0, 0} Complex (Fin n))
      (EuclideanSpace.{0, 0} Complex (Fin n))
      (@PiLp.seminormedAddCommGroup.{0, 0}
        (@OfNat.ofNat.{0} ENNReal (nat_lit 2)
          (@instOfNatAtLeastTwo.{0} ENNReal (nat_lit 2)
            (@AddMonoidWithOne.toNatCast.{0} ENNReal
              (@AddCommMonoidWithOne.toAddMonoidWithOne.{0} ENNReal ENNReal.instAddCommMonoidWithOne))
            PiLp.innerProductSpace._proof_1))
        (Fin n) (fun (x : Fin n) => Complex) fact_one_le_two_ennreal (Fin.fintype n) fun (i : Fin n) =>
        @NonUnitalSeminormedRing.toSeminormedAddCommGroup.{0} Complex
          (@NonUnitalSeminormedCommRing.toNonUnitalSeminormedRing.{0} Complex
            (@SeminormedCommRing.toNonUnitalSeminormedCommRing.{0} Complex
              (@NormedCommRing.toSeminormedCommRing.{0} Complex
                (@CommCStarAlgebra.toNormedCommRing.{0} Complex instCommCStarAlgebraComplex)))))
      (@PiLp.seminormedAddCommGroup.{0, 0}
        (@OfNat.ofNat.{0} ENNReal (nat_lit 2)
          (@instOfNatAtLeastTwo.{0} ENNReal (nat_lit 2)
            (@AddMonoidWithOne.toNatCast.{0} ENNReal
              (@AddCommMonoidWithOne.toAddMonoidWithOne.{0} ENNReal ENNReal.instAddCommMonoidWithOne))
            PiLp.innerProductSpace._proof_1))
        (Fin n) (fun (x : Fin n) => Complex) fact_one_le_two_ennreal (Fin.fintype n) fun (i : Fin n) =>
        @NonUnitalSeminormedRing.toSeminormedAddCommGroup.{0} Complex
          (@NonUnitalSeminormedCommRing.toNonUnitalSeminormedRing.{0} Complex
            (@SeminormedCommRing.toNonUnitalSeminormedCommRing.{0} Complex
              (@NormedCommRing.toSeminormedCommRing.{0} Complex
                (@CommCStarAlgebra.toNormedCommRing.{0} Complex instCommCStarAlgebraComplex)))))
      (@DenselyNormedField.toNontriviallyNormedField.{0} Complex Complex.instDenselyNormedField)
      (@DenselyNormedField.toNontriviallyNormedField.{0} Complex Complex.instDenselyNormedField)
      (@PiLp.normedSpace.{0, 0, 0}
        (@OfNat.ofNat.{0} ENNReal (nat_lit 2)
          (@instOfNatAtLeastTwo.{0} ENNReal (nat_lit 2)
            (@AddMonoidWithOne.toNatCast.{0} ENNReal
              (@AddCommMonoidWithOne.toAddMonoidWithOne.{0} ENNReal ENNReal.instAddCommMonoidWithOne))
            PiLp.innerProductSpace._proof_1))
        Complex (Fin n) (fun (x : Fin n) => Complex) fact_one_le_two_ennreal (Fin.fintype n)
        (@NontriviallyNormedField.toNormedField.{0} Complex
          (@DenselyNormedField.toNontriviallyNormedField.{0} Complex Complex.instDenselyNormedField))
        (fun (i : Fin n) =>
          @NonUnitalSeminormedRing.toSeminormedAddCommGroup.{0} Complex
            (@NonUnitalSeminormedCommRing.toNonUnitalSeminormedRing.{0} Complex
              (@SeminormedCommRing.toNonUnitalSeminormedCommRing.{0} Complex
                (@NormedCommRing.toSeminormedCommRing.{0} Complex
                  (@CommCStarAlgebra.toNormedCommRing.{0} Complex instCommCStarAlgebraComplex)))))
        fun (i : Fin n) =>
        @NonUnitalCStarAlgebra.toNormedSpace.{0} Complex
          (@NonUnitalCommCStarAlgebra.toNonUnitalCStarAlgebra.{0} Complex
            (@CommCStarAlgebra.toNonUnitalCommCStarAlgebra.{0} Complex instCommCStarAlgebraComplex)))
      (@PiLp.normedSpace.{0, 0, 0}
        (@OfNat.ofNat.{0} ENNReal (nat_lit 2)
          (@instOfNatAtLeastTwo.{0} ENNReal (nat_lit 2)
            (@AddMonoidWithOne.toNatCast.{0} ENNReal
              (@AddCommMonoidWithOne.toAddMonoidWithOne.{0} ENNReal ENNReal.instAddCommMonoidWithOne))
            PiLp.innerProductSpace._proof_1))
        Complex (Fin n) (fun (x : Fin n) => Complex) fact_one_le_two_ennreal (Fin.fintype n)
        (@NontriviallyNormedField.toNormedField.{0} Complex
          (@DenselyNormedField.toNontriviallyNormedField.{0} Complex Complex.instDenselyNormedField))
        (fun (i : Fin n) =>
          @NonUnitalSeminormedRing.toSeminormedAddCommGroup.{0} Complex
            (@NonUnitalSeminormedCommRing.toNonUnitalSeminormedRing.{0} Complex
              (@SeminormedCommRing.toNonUnitalSeminormedCommRing.{0} Complex
                (@NormedCommRing.toSeminormedCommRing.{0} Complex
                  (@CommCStarAlgebra.toNormedCommRing.{0} Complex instCommCStarAlgebraComplex)))))
        fun (i : Fin n) =>
        @NonUnitalCStarAlgebra.toNormedSpace.{0} Complex
          (@NonUnitalCommCStarAlgebra.toNonUnitalCStarAlgebra.{0} Complex
            (@CommCStarAlgebra.toNonUnitalCommCStarAlgebra.{0} Complex instCommCStarAlgebraComplex)))
      (@RingHom.id.{0} Complex
        (@Semiring.toNonAssocSemiring.{0} Complex
          (@DivisionSemiring.toSemiring.{0} Complex
            (@Semifield.toDivisionSemiring.{0} Complex
              (@Field.toSemifield.{0} Complex
                (@NormedField.toField.{0} Complex
                  (@DenselyNormedField.toNormedField.{0} Complex
                    (@RCLike.toDenselyNormedField.{0} Complex Complex.instRCLike)))))))))
    (@DFunLike.coe.{1, 1, 1}
      (@StarAlgEquiv.{0, 0, 0} Complex (Matrix.{0, 0, 0} (Fin n) (Fin n) Complex)
        (@ContinuousLinearMap.{0, 0, 0, 0} Complex Complex
          (@DivisionSemiring.toSemiring.{0} Complex
            (@Semifield.toDivisionSemiring.{0} Complex
              (@Field.toSemifield.{0} Complex
                (@NormedField.toField.{0} Complex
                  (@DenselyNormedField.toNormedField.{0} Complex
                    (@RCLike.toDenselyNormedField.{0} Complex Complex.instRCLike))))))
          (@DivisionSemiring.toSemiring.{0} Complex
            (@Semifield.toDivisionSemiring.{0} Complex
              (@Field.toSemifield.{0} Complex
                (@NormedField.toField.{0} Complex
                  (@DenselyNormedField.toNormedField.{0} Complex
                    (@RCLike.toDenselyNormedField.{0} Complex Complex.instRCLike))))))
          (@RingHom.id.{0} Complex
            (@Semiring.toNonAssocSemiring.{0} Complex
              (@DivisionSemiring.toSemiring.{0} Complex
                (@Semifield.toDivisionSemiring.{0} Complex
                  (@Field.toSemifield.{0} Complex
                    (@NormedField.toField.{0} Complex
                      (@DenselyNormedField.toNormedField.{0} Complex
                        (@RCLike.toDenselyNormedField.{0} Complex Complex.instRCLike))))))))
          (EuclideanSpace.{0, 0} Complex (Fin n))
          (@PiLp.topologicalSpace.{0, 0}
            (@OfNat.ofNat.{0} ENNReal (nat_lit 2)
              (@instOfNatAtLeastTwo.{0} ENNReal (nat_lit 2)
                (@AddMonoidWithOne.toNatCast.{0} ENNReal
                  (@AddCommMonoidWithOne.toAddMonoidWithOne.{0} ENNReal ENNReal.instAddCommMonoidWithOne))
                PiLp.innerProductSpace._proof_1))
            (Fin n) (fun (x : Fin n) => Complex) fun (i : Fin n) =>
            @UniformSpace.toTopologicalSpace.{0} Complex
              (@PseudoMetricSpace.toUniformSpace.{0} Complex
                (@SeminormedRing.toPseudoMetricSpace.{0} Complex
                  (@SeminormedCommRing.toSeminormedRing.{0} Complex
                    (@NormedCommRing.toSeminormedCommRing.{0} Complex
                      (@NormedField.toNormedCommRing.{0} Complex
                        (@DenselyNormedField.toNormedField.{0} Complex
                          (@RCLike.toDenselyNormedField.{0} Complex Complex.instRCLike))))))))
          (@AddCommGroup.toAddCommMonoid.{0} (EuclideanSpace.{0, 0} Complex (Fin n))
            (@WithLp.instAddCommGroup.{0}
              (@OfNat.ofNat.{0} ENNReal (nat_lit 2)
                (@instOfNatAtLeastTwo.{0} ENNReal (nat_lit 2)
                  (@AddMonoidWithOne.toNatCast.{0} ENNReal
                    (@AddCommMonoidWithOne.toAddMonoidWithOne.{0} ENNReal ENNReal.instAddCommMonoidWithOne))
                  PiLp.innerProductSpace._proof_1))
              ((i : Fin n) → (fun (x : Fin n) => Complex) i)
              (@Pi.addCommGroup.{0, 0} (Fin n) (fun (x : Fin n) => Complex) fun (i : Fin n) =>
                @Ring.toAddCommGroup.{0} Complex
                  (@DivisionRing.toRing.{0} Complex
                    (@Field.toDivisionRing.{0} Complex
                      (@NormedField.toField.{0} Complex
                        (@DenselyNormedField.toNormedField.{0} Complex
                          (@RCLike.toDenselyNormedField.{0} Complex Complex.instRCLike))))))))
          (EuclideanSpace.{0, 0} Complex (Fin n))
          (@PiLp.topologicalSpace.{0, 0}
            (@OfNat.ofNat.{0} ENNReal (nat_lit 2)
              (@instOfNatAtLeastTwo.{0} ENNReal (nat_lit 2)
                (@AddMonoidWithOne.toNatCast.{0} ENNReal
                  (@AddCommMonoidWithOne.toAddMonoidWithOne.{0} ENNReal ENNReal.instAddCommMonoidWithOne))
                PiLp.innerProductSpace._proof_1))
            (Fin n) (fun (x : Fin n) => Complex) fun (i : Fin n) =>
            @UniformSpace.toTopologicalSpace.{0} Complex
              (@PseudoMetricSpace.toUniformSpace.{0} Complex
                (@SeminormedRing.toPseudoMetricSpace.{0} Complex
                  (@SeminormedCommRing.toSeminormedRing.{0} Complex
                    (@NormedCommRing.toSeminormedCommRing.{0} Complex
                      (@NormedField.toNormedCommRing.{0} Complex
                        (@DenselyNormedField.toNormedField.{0} Complex
                          (@RCLike.toDenselyNormedField.{0} Complex Complex.instRCLike))))))))
          (@AddCommGroup.toAddCommMonoid.{0} (EuclideanSpace.{0, 0} Complex (Fin n))
            (@WithLp.instAddCommGroup.{0}
              (@OfNat.ofNat.{0} ENNReal (nat_lit 2)
                (@instOfNatAtLeastTwo.{0} ENNReal (nat_lit 2)
                  (@AddMonoidWithOne.toNatCast.{0} ENNReal
                    (@AddCommMonoidWithOne.toAddMonoidWithOne.{0} ENNReal ENNReal.instAddCommMonoidWithOne))
                  PiLp.innerProductSpace._proof_1))
              ((i : Fin n) → (fun (x : Fin n) => Complex) i)
              (@Pi.addCommGroup.{0, 0} (Fin n) (fun (x : Fin n) => Complex) fun (i : Fin n) =>
                @Ring.toAddCommGroup.{0} Complex
                  (@DivisionRing.toRing.{0} Complex
                    (@Field.toDivisionRing.{0} Complex
                      (@NormedField.toField.{0} Complex
                        (@DenselyNormedField.toNormedField.{0} Complex
                          (@RCLike.toDenselyNormedField.{0} Complex Complex.instRCLike))))))))
          (@WithLp.instModule.{0, 0}
            (@OfNat.ofNat.{0} ENNReal (nat_lit 2)
              (@instOfNatAtLeastTwo.{0} ENNReal (nat_lit 2)
                (@AddMonoidWithOne.toNatCast.{0} ENNReal
                  (@AddCommMonoidWithOne.toAddMonoidWithOne.{0} ENNReal ENNReal.instAddCommMonoidWithOne))
                PiLp.innerProductSpace._proof_1))
            Complex ((i : Fin n) → (fun (x : Fin n) => Complex) i)
            (@DivisionSemiring.toSemiring.{0} Complex
              (@Semifield.toDivisionSemiring.{0} Complex
                (@Field.toSemifield.{0} Complex
                  (@NormedField.toField.{0} Complex
                    (@DenselyNormedField.toNormedField.{0} Complex
                      (@RCLike.toDenselyNormedField.{0} Complex Complex.instRCLike))))))
            (@Pi.addCommGroup.{0, 0} (Fin n) (fun (x : Fin n) => Complex) fun (i : Fin n) =>
              @Ring.toAddCommGroup.{0} Complex
                (@DivisionRing.toRing.{0} Complex
                  (@Field.toDivisionRing.{0} Complex
                    (@NormedField.toField.{0} Complex
                      (@DenselyNormedField.toNormedField.{0} Complex
                        (@RCLike.toDenselyNormedField.{0} Complex Complex.instRCLike))))))
            (@Pi.Function.module.{0, 0, 0} (Fin n) Complex Complex
              (@DivisionSemiring.toSemiring.{0} Complex
                (@Semifield.toDivisionSemiring.{0} Complex
                  (@Field.toSemifield.{0} Complex
                    (@NormedField.toField.{0} Complex
                      (@DenselyNormedField.toNormedField.{0} Complex
                        (@RCLike.toDenselyNormedField.{0} Complex Complex.instRCLike))))))
              (@Semiring.toAddCommMonoid.{0} Complex
                (@Ring.toSemiring.{0} Complex
                  (@DivisionRing.toRing.{0} Complex
                    (@Field.toDivisionRing.{0} Complex
                      (@NormedField.toField.{0} Complex
                        (@DenselyNormedField.toNormedField.{0} Complex
                          (@RCLike.toDenselyNormedField.{0} Complex Complex.instRCLike)))))))
              (@Semiring.toModule.{0} Complex
                (@DivisionSemiring.toSemiring.{0} Complex
                  (@Semifield.toDivisionSemiring.{0} Complex
                    (@Field.toSemifield.{0} Complex
                      (@NormedField.toField.{0} Complex
                        (@DenselyNormedField.toNormedField.{0} Complex
                          (@RCLike.toDenselyNormedField.{0} Complex Complex.instRCLike)))))))))
          (@WithLp.instModule.{0, 0}
            (@OfNat.ofNat.{0} ENNReal (nat_lit 2)
              (@instOfNatAtLeastTwo.{0} ENNReal (nat_lit 2)
                (@AddMonoidWithOne.toNatCast.{0} ENNReal
                  (@AddCommMonoidWithOne.toAddMonoidWithOne.{0} ENNReal ENNReal.instAddCommMonoidWithOne))
                PiLp.innerProductSpace._proof_1))
            Complex ((i : Fin n) → (fun (x : Fin n) => Complex) i)
            (@DivisionSemiring.toSemiring.{0} Complex
              (@Semifield.toDivisionSemiring.{0} Complex
                (@Field.toSemifield.{0} Complex
                  (@NormedField.toField.{0} Complex
                    (@DenselyNormedField.toNormedField.{0} Complex
                      (@RCLike.toDenselyNormedField.{0} Complex Complex.instRCLike))))))
            (@Pi.addCommGroup.{0, 0} (Fin n) (fun (x : Fin n) => Complex) fun (i : Fin n) =>
              @Ring.toAddCommGroup.{0} Complex
                (@DivisionRing.toRing.{0} Complex
                  (@Field.toDivisionRing.{0} Complex
                    (@NormedField.toField.{0} Complex
                      (@DenselyNormedField.toNormedField.{0} Complex
                        (@RCLike.toDenselyNormedField.{0} Complex Complex.instRCLike))))))
            (@Pi.Function.module.{0, 0, 0} (Fin n) Complex Complex
              (@DivisionSemiring.toSemiring.{0} Complex
                (@Semifield.toDivisionSemiring.{0} Complex
                  (@Field.toSemifield.{0} Complex
                    (@NormedField.toField.{0} Complex
                      (@DenselyNormedField.toNormedField.{0} Complex
                        (@RCLike.toDenselyNormedField.{0} Complex Complex.instRCLike))))))
              (@Semiring.toAddCommMonoid.{0} Complex
                (@Ring.toSemiring.{0} Complex
                  (@DivisionRing.toRing.{0} Complex
                    (@Field.toDivisionRing.{0} Complex
                      (@NormedField.toField.{0} Complex
                        (@DenselyNormedField.toNormedField.{0} Complex
                          (@RCLike.toDenselyNormedField.{0} Complex Complex.instRCLike)))))))
              (@Semiring.toModule.{0} Complex
                (@DivisionSemiring.toSemiring.{0} Complex
                  (@Semifield.toDivisionSemiring.{0} Complex
                    (@Field.toSemifield.{0} Complex
                      (@NormedField.toField.{0} Complex
                        (@DenselyNormedField.toNormedField.{0} Complex
                          (@RCLike.toDenselyNormedField.{0} Complex Complex.instRCLike))))))))))
        (@Matrix.add.{0, 0, 0} (Fin n) (Fin n) Complex
          (@Distrib.toAdd.{0} Complex
            (@instDistribOfSemiring.{0} Complex
              (@DivisionSemiring.toSemiring.{0} Complex
                (@Semifield.toDivisionSemiring.{0} Complex
                  (@Field.toSemifield.{0} Complex
                    (@NormedField.toField.{0} Complex
                      (@DenselyNormedField.toNormedField.{0} Complex
                        (@RCLike.toDenselyNormedField.{0} Complex Complex.instRCLike)))))))))
        (@ContinuousLinearMap.add.{0, 0, 0, 0} Complex Complex
          (@DivisionSemiring.toSemiring.{0} Complex
            (@Semifield.toDivisionSemiring.{0} Complex
              (@Field.toSemifield.{0} Complex
                (@NormedField.toField.{0} Complex
                  (@DenselyNormedField.toNormedField.{0} Complex
                    (@RCLike.toDenselyNormedField.{0} Complex Complex.instRCLike))))))
          (@DivisionSemiring.toSemiring.{0} Complex
            (@Semifield.toDivisionSemiring.{0} Complex
              (@Field.toSemifield.{0} Complex
                (@NormedField.toField.{0} Complex
                  (@DenselyNormedField.toNormedField.{0} Complex
                    (@RCLike.toDenselyNormedField.{0} Complex Complex.instRCLike))))))
          (@RingHom.id.{0} Complex
            (@Semiring.toNonAssocSemiring.{0} Complex
              (@DivisionSemiring.toSemiring.{0} Complex
                (@Semifield.toDivisionSemiring.{0} Complex
                  (@Field.toSemifield.{0} Complex
                    (@NormedField.toField.{0} Complex
                      (@DenselyNormedField.toNormedField.{0} Complex
                        (@RCLike.toDenselyNormedField.{0} Complex Complex.instRCLike))))))))
          (EuclideanSpace.{0, 0} Complex (Fin n))
          (@PiLp.topologicalSpace.{0, 0}
            (@OfNat.ofNat.{0} ENNReal (nat_lit 2)
              (@instOfNatAtLeastTwo.{0} ENNReal (nat_lit 2)
                (@AddMonoidWithOne.toNatCast.{0} ENNReal
                  (@AddCommMonoidWithOne.toAddMonoidWithOne.{0} ENNReal ENNReal.instAddCommMonoidWithOne))
                PiLp.innerProductSpace._proof_1))
            (Fin n) (fun (x : Fin n) => Complex) fun (i : Fin n) =>
            @UniformSpace.toTopologicalSpace.{0} Complex
              (@PseudoMetricSpace.toUniformSpace.{0} Complex
                (@SeminormedRing.toPseudoMetricSpace.{0} Complex
                  (@SeminormedCommRing.toSeminormedRing.{0} Complex
                    (@NormedCommRing.toSeminormedCommRing.{0} Complex
                      (@NormedField.toNormedCommRing.{0} Complex
                        (@DenselyNormedField.toNormedField.{0} Complex
                          (@RCLike.toDenselyNormedField.{0} Complex Complex.instRCLike))))))))
          (@AddCommGroup.toAddCommMonoid.{0} (EuclideanSpace.{0, 0} Complex (Fin n))
            (@WithLp.instAddCommGroup.{0}
              (@OfNat.ofNat.{0} ENNReal (nat_lit 2)
                (@instOfNatAtLeastTwo.{0} ENNReal (nat_lit 2)
                  (@AddMonoidWithOne.toNatCast.{0} ENNReal
                    (@AddCommMonoidWithOne.toAddMonoidWithOne.{0} ENNReal ENNReal.instAddCommMonoidWithOne))
                  PiLp.innerProductSpace._proof_1))
              ((i : Fin n) → (fun (x : Fin n) => Complex) i)
              (@Pi.addCommGroup.{0, 0} (Fin n) (fun (x : Fin n) => Complex) fun (i : Fin n) =>
                @Ring.toAddCommGroup.{0} Complex
                  (@DivisionRing.toRing.{0} Complex
                    (@Field.toDivisionRing.{0} Complex
                      (@NormedField.toField.{0} Complex
                        (@DenselyNormedField.toNormedField.{0} Complex
                          (@RCLike.toDenselyNormedField.{0} Complex Complex.instRCLike))))))))
          (EuclideanSpace.{0, 0} Complex (Fin n))
          (@PiLp.topologicalSpace.{0, 0}
            (@OfNat.ofNat.{0} ENNReal (nat_lit 2)
              (@instOfNatAtLeastTwo.{0} ENNReal (nat_lit 2)
                (@AddMonoidWithOne.toNatCast.{0} ENNReal
                  (@AddCommMonoidWithOne.toAddMonoidWithOne.{0} ENNReal ENNReal.instAddCommMonoidWithOne))
                PiLp.innerProductSpace._proof_1))
            (Fin n) (fun (x : Fin n) => Complex) fun (i : Fin n) =>
            @UniformSpace.toTopologicalSpace.{0} Complex
              (@PseudoMetricSpace.toUniformSpace.{0} Complex
                (@SeminormedRing.toPseudoMetricSpace.{0} Complex
                  (@SeminormedCommRing.toSeminormedRing.{0} Complex
                    (@NormedCommRing.toSeminormedCommRing.{0} Complex
                      (@NormedField.toNormedCommRing.{0} Complex
                        (@DenselyNormedField.toNormedField.{0} Complex
                          (@RCLike.toDenselyNormedField.{0} Complex Complex.instRCLike))))))))
          (@AddCommGroup.toAddCommMonoid.{0} (EuclideanSpace.{0, 0} Complex (Fin n))
            (@WithLp.instAddCommGroup.{0}
              (@OfNat.ofNat.{0} ENNReal (nat_lit 2)
                (@instOfNatAtLeastTwo.{0} ENNReal (nat_lit 2)
                  (@AddMonoidWithOne.toNatCast.{0} ENNReal
                    (@AddCommMonoidWithOne.toAddMonoidWithOne.{0} ENNReal ENNReal.instAddCommMonoidWithOne))
                  PiLp.innerProductSpace._proof_1))
              ((i : Fin n) → (fun (x : Fin n) => Complex) i)
              (@Pi.addCommGroup.{0, 0} (Fin n) (fun (x : Fin n) => Complex) fun (i : Fin n) =>
                @Ring.toAddCommGroup.{0} Complex
                  (@DivisionRing.toRing.{0} Complex
                    (@Field.toDivisionRing.{0} Complex
                      (@NormedField.toField.{0} Complex
                        (@DenselyNormedField.toNormedField.{0} Complex
                          (@RCLike.toDenselyNormedField.{0} Complex Complex.instRCLike))))))))
          (@WithLp.instModule.{0, 0}
            (@OfNat.ofNat.{0} ENNReal (nat_lit 2)
              (@instOfNatAtLeastTwo.{0} ENNReal (nat_lit 2)
                (@AddMonoidWithOne.toNatCast.{0} ENNReal
                  (@AddCommMonoidWithOne.toAddMonoidWithOne.{0} ENNReal ENNReal.instAddCommMonoidWithOne))
                PiLp.innerProductSpace._proof_1))
            Complex ((i : Fin n) → (fun (x : Fin n) => Complex) i)
            (@DivisionSemiring.toSemiring.{0} Complex
              (@Semifield.toDivisionSemiring.{0} Complex
                (@Field.toSemifield.{0} Complex
                  (@NormedField.toField.{0} Complex
                    (@DenselyNormedField.toNormedField.{0} Complex
                      (@RCLike.toDenselyNormedField.{0} Complex Complex.instRCLike))))))
            (@Pi.addCommGroup.{0, 0} (Fin n) (fun (x : Fin n) => Complex) fun (i : Fin n) =>
              @Ring.toAddCommGroup.{0} Complex
                (@DivisionRing.toRing.{0} Complex
                  (@Field.toDivisionRing.{0} Complex
                    (@NormedField.toField.{0} Complex
                      (@DenselyNormedField.toNormedField.{0} Complex
                        (@RCLike.toDenselyNormedField.{0} Complex Complex.instRCLike))))))
            (@Pi.Function.module.{0, 0, 0} (Fin n) Complex Complex
              (@DivisionSemiring.toSemiring.{0} Complex
                (@Semifield.toDivisionSemiring.{0} Complex
                  (@Field.toSemifield.{0} Complex
                    (@NormedField.toField.{0} Complex
                      (@DenselyNormedField.toNormedField.{0} Complex
                        (@RCLike.toDenselyNormedField.{0} Complex Complex.instRCLike))))))
              (@Semiring.toAddCommMonoid.{0} Complex
                (@Ring.toSemiring.{0} Complex
                  (@DivisionRing.toRing.{0} Complex
                    (@Field.toDivisionRing.{0} Complex
                      (@NormedField.toField.{0} Complex
                        (@DenselyNormedField.toNormedField.{0} Complex
                          (@RCLike.toDenselyNormedField.{0} Complex Complex.instRCLike)))))))
              (@Semiring.toModule.{0} Complex
                (@DivisionSemiring.toSemiring.{0} Complex
                  (@Semifield.toDivisionSemiring.{0} Complex
                    (@Field.toSemifield.{0} Complex
                      (@NormedField.toField.{0} Complex
                        (@DenselyNormedField.toNormedField.{0} Complex
                          (@RCLike.toDenselyNormedField.{0} Complex Complex.instRCLike)))))))))
          (@WithLp.instModule.{0, 0}
            (@OfNat.ofNat.{0} ENNReal (nat_lit 2)
              (@instOfNatAtLeastTwo.{0} ENNReal (nat_lit 2)
                (@AddMonoidWithOne.toNatCast.{0} ENNReal
                  (@AddCommMonoidWithOne.toAddMonoidWithOne.{0} ENNReal ENNReal.instAddCommMonoidWithOne))
                PiLp.innerProductSpace._proof_1))
            Complex ((i : Fin n) → (fun (x : Fin n) => Complex) i)
            (@DivisionSemiring.toSemiring.{0} Complex
              (@Semifield.toDivisionSemiring.{0} Complex
                (@Field.toSemifield.{0} Complex
                  (@NormedField.toField.{0} Complex
                    (@DenselyNormedField.toNormedField.{0} Complex
                      (@RCLike.toDenselyNormedField.{0} Complex Complex.instRCLike))))))
            (@Pi.addCommGroup.{0, 0} (Fin n) (fun (x : Fin n) => Complex) fun (i : Fin n) =>
              @Ring.toAddCommGroup.{0} Complex
                (@DivisionRing.toRing.{0} Complex
                  (@Field.toDivisionRing.{0} Complex
                    (@NormedField.toField.{0} Complex
                      (@DenselyNormedField.toNormedField.{0} Complex
                        (@RCLike.toDenselyNormedField.{0} Complex Complex.instRCLike))))))
            (@Pi.Function.module.{0, 0, 0} (Fin n) Complex Complex
              (@DivisionSemiring.toSemiring.{0} Complex
                (@Semifield.toDivisionSemiring.{0} Complex
                  (@Field.toSemifield.{0} Complex
                    (@NormedField.toField.{0} Complex
                      (@DenselyNormedField.toNormedField.{0} Complex
                        (@RCLike.toDenselyNormedField.{0} Complex Complex.instRCLike))))))
              (@Semiring.toAddCommMonoid.{0} Complex
                (@Ring.toSemiring.{0} Complex
                  (@DivisionRing.toRing.{0} Complex
                    (@Field.toDivisionRing.{0} Complex
                      (@NormedField.toField.{0} Complex
                        (@DenselyNormedField.toNormedField.{0} Complex
                          (@RCLike.toDenselyNormedField.{0} Complex Complex.instRCLike)))))))
              (@Semiring.toModule.{0} Complex
                (@DivisionSemiring.toSemiring.{0} Complex
                  (@Semifield.toDivisionSemiring.{0} Complex
                    (@Field.toSemifield.{0} Complex
                      (@NormedField.toField.{0} Complex
                        (@DenselyNormedField.toNormedField.{0} Complex
                          (@RCLike.toDenselyNormedField.{0} Complex Complex.instRCLike)))))))))
          (@NLA.MI03.operatorNorm._proof_1 n))
        (@Matrix.instMulOfFintypeOfAddCommMonoid.{0, 0} (Fin n) Complex (Fin.fintype n)
          (@Distrib.toMul.{0} Complex
            (@instDistribOfSemiring.{0} Complex
              (@DivisionSemiring.toSemiring.{0} Complex
                (@Semifield.toDivisionSemiring.{0} Complex
                  (@Field.toSemifield.{0} Complex
                    (@NormedField.toField.{0} Complex
                      (@DenselyNormedField.toNormedField.{0} Complex
                        (@RCLike.toDenselyNormedField.{0} Complex Complex.instRCLike))))))))
          (@Semiring.toAddCommMonoid.{0} Complex
            (@DivisionSemiring.toSemiring.{0} Complex
              (@Semifield.toDivisionSemiring.{0} Complex
                (@Field.toSemifield.{0} Complex
                  (@NormedField.toField.{0} Complex
                    (@DenselyNormedField.toNormedField.{0} Complex
                      (@RCLike.toDenselyNormedField.{0} Complex Complex.instRCLike))))))))
        (@ContinuousLinearMap.instMul.{0, 0} Complex
          (@DivisionSemiring.toSemiring.{0} Complex
            (@Semifield.toDivisionSemiring.{0} Complex
              (@Field.toSemifield.{0} Complex
                (@NormedField.toField.{0} Complex
                  (@DenselyNormedField.toNormedField.{0} Complex
                    (@RCLike.toDenselyNormedField.{0} Complex Complex.instRCLike))))))
          (EuclideanSpace.{0, 0} Complex (Fin n))
          (@PiLp.topologicalSpace.{0, 0}
            (@OfNat.ofNat.{0} ENNReal (nat_lit 2)
              (@instOfNatAtLeastTwo.{0} ENNReal (nat_lit 2)
                (@AddMonoidWithOne.toNatCast.{0} ENNReal
                  (@AddCommMonoidWithOne.toAddMonoidWithOne.{0} ENNReal ENNReal.instAddCommMonoidWithOne))
                PiLp.innerProductSpace._proof_1))
            (Fin n) (fun (x : Fin n) => Complex) fun (i : Fin n) =>
            @UniformSpace.toTopologicalSpace.{0} Complex
              (@PseudoMetricSpace.toUniformSpace.{0} Complex
                (@SeminormedRing.toPseudoMetricSpace.{0} Complex
                  (@SeminormedCommRing.toSeminormedRing.{0} Complex
                    (@NormedCommRing.toSeminormedCommRing.{0} Complex
                      (@NormedField.toNormedCommRing.{0} Complex
                        (@DenselyNormedField.toNormedField.{0} Complex
                          (@RCLike.toDenselyNormedField.{0} Complex Complex.instRCLike))))))))
          (@AddCommGroup.toAddCommMonoid.{0} (EuclideanSpace.{0, 0} Complex (Fin n))
            (@WithLp.instAddCommGroup.{0}
              (@OfNat.ofNat.{0} ENNReal (nat_lit 2)
                (@instOfNatAtLeastTwo.{0} ENNReal (nat_lit 2)
                  (@AddMonoidWithOne.toNatCast.{0} ENNReal
                    (@AddCommMonoidWithOne.toAddMonoidWithOne.{0} ENNReal ENNReal.instAddCommMonoidWithOne))
                  PiLp.innerProductSpace._proof_1))
              ((i : Fin n) → (fun (x : Fin n) => Complex) i)
              (@Pi.addCommGroup.{0, 0} (Fin n) (fun (x : Fin n) => Complex) fun (i : Fin n) =>
                @Ring.toAddCommGroup.{0} Complex
                  (@DivisionRing.toRing.{0} Complex
                    (@Field.toDivisionRing.{0} Complex
                      (@NormedField.toField.{0} Complex
                        (@DenselyNormedField.toNormedField.{0} Complex
                          (@RCLike.toDenselyNormedField.{0} Complex Complex.instRCLike))))))))
          (@WithLp.instModule.{0, 0}
            (@OfNat.ofNat.{0} ENNReal (nat_lit 2)
              (@instOfNatAtLeastTwo.{0} ENNReal (nat_lit 2)
                (@AddMonoidWithOne.toNatCast.{0} ENNReal
                  (@AddCommMonoidWithOne.toAddMonoidWithOne.{0} ENNReal ENNReal.instAddCommMonoidWithOne))
                PiLp.innerProductSpace._proof_1))
            Complex ((i : Fin n) → (fun (x : Fin n) => Complex) i)
            (@DivisionSemiring.toSemiring.{0} Complex
              (@Semifield.toDivisionSemiring.{0} Complex
                (@Field.toSemifield.{0} Complex
                  (@NormedField.toField.{0} Complex
                    (@DenselyNormedField.toNormedField.{0} Complex
                      (@RCLike.toDenselyNormedField.{0} Complex Complex.instRCLike))))))
            (@Pi.addCommGroup.{0, 0} (Fin n) (fun (x : Fin n) => Complex) fun (i : Fin n) =>
              @Ring.toAddCommGroup.{0} Complex
                (@DivisionRing.toRing.{0} Complex
                  (@Field.toDivisionRing.{0} Complex
                    (@NormedField.toField.{0} Complex
                      (@DenselyNormedField.toNormedField.{0} Complex
                        (@RCLike.toDenselyNormedField.{0} Complex Complex.instRCLike))))))
            (@Pi.Function.module.{0, 0, 0} (Fin n) Complex Complex
              (@DivisionSemiring.toSemiring.{0} Complex
                (@Semifield.toDivisionSemiring.{0} Complex
                  (@Field.toSemifield.{0} Complex
                    (@NormedField.toField.{0} Complex
                      (@DenselyNormedField.toNormedField.{0} Complex
                        (@RCLike.toDenselyNormedField.{0} Complex Complex.instRCLike))))))
              (@Semiring.toAddCommMonoid.{0} Complex
                (@Ring.toSemiring.{0} Complex
                  (@DivisionRing.toRing.{0} Complex
                    (@Field.toDivisionRing.{0} Complex
                      (@NormedField.toField.{0} Complex
                        (@DenselyNormedField.toNormedField.{0} Complex
                          (@RCLike.toDenselyNormedField.{0} Complex Complex.instRCLike)))))))
              (@Semiring.toModule.{0} Complex
                (@DivisionSemiring.toSemiring.{0} Complex
                  (@Semifield.toDivisionSemiring.{0} Complex
                    (@Field.toSemifield.{0} Complex
                      (@NormedField.toField.{0} Complex
                        (@DenselyNormedField.toNormedField.{0} Complex
                          (@RCLike.toDenselyNormedField.{0} Complex Complex.instRCLike))))))))))
        (@Matrix.smul.{0, 0, 0, 0} (Fin n) (Fin n) Complex Complex
          (@instSMulOfMul.{0} Complex
            (@Distrib.toMul.{0} Complex
              (@instDistribOfSemiring.{0} Complex
                (@DivisionSemiring.toSemiring.{0} Complex
                  (@Semifield.toDivisionSemiring.{0} Complex
                    (@Field.toSemifield.{0} Complex
                      (@NormedField.toField.{0} Complex
                        (@DenselyNormedField.toNormedField.{0} Complex
                          (@RCLike.toDenselyNormedField.{0} Complex Complex.instRCLike))))))))))
        (@ContinuousLinearMap.instSMul.{0, 0, 0, 0, 0} Complex Complex
          (@DivisionSemiring.toSemiring.{0} Complex
            (@Semifield.toDivisionSemiring.{0} Complex
              (@Field.toSemifield.{0} Complex
                (@NormedField.toField.{0} Complex
                  (@DenselyNormedField.toNormedField.{0} Complex
                    (@RCLike.toDenselyNormedField.{0} Complex Complex.instRCLike))))))
          (@DivisionSemiring.toSemiring.{0} Complex
            (@Semifield.toDivisionSemiring.{0} Complex
              (@Field.toSemifield.{0} Complex
                (@NormedField.toField.{0} Complex
                  (@DenselyNormedField.toNormedField.{0} Complex
                    (@RCLike.toDenselyNormedField.{0} Complex Complex.instRCLike))))))
          (@RingHom.id.{0} Complex
            (@Semiring.toNonAssocSemiring.{0} Complex
              (@DivisionSemiring.toSemiring.{0} Complex
                (@Semifield.toDivisionSemiring.{0} Complex
                  (@Field.toSemifield.{0} Complex
                    (@NormedField.toField.{0} Complex
                      (@DenselyNormedField.toNormedField.{0} Complex
                        (@RCLike.toDenselyNormedField.{0} Complex Complex.instRCLike))))))))
          (EuclideanSpace.{0, 0} Complex (Fin n))
          (@PiLp.topologicalSpace.{0, 0}
            (@OfNat.ofNat.{0} ENNReal (nat_lit 2)
              (@instOfNatAtLeastTwo.{0} ENNReal (nat_lit 2)
                (@AddMonoidWithOne.toNatCast.{0} ENNReal
                  (@AddCommMonoidWithOne.toAddMonoidWithOne.{0} ENNReal ENNReal.instAddCommMonoidWithOne))
                PiLp.innerProductSpace._proof_1))
            (Fin n) (fun (x : Fin n) => Complex) fun (i : Fin n) =>
            @UniformSpace.toTopologicalSpace.{0} Complex
              (@PseudoMetricSpace.toUniformSpace.{0} Complex
                (@SeminormedRing.toPseudoMetricSpace.{0} Complex
                  (@SeminormedCommRing.toSeminormedRing.{0} Complex
                    (@NormedCommRing.toSeminormedCommRing.{0} Complex
                      (@NormedField.toNormedCommRing.{0} Complex
                        (@DenselyNormedField.toNormedField.{0} Complex
                          (@RCLike.toDenselyNormedField.{0} Complex Complex.instRCLike))))))))
          (@AddCommGroup.toAddCommMonoid.{0} (EuclideanSpace.{0, 0} Complex (Fin n))
            (@WithLp.instAddCommGroup.{0}
              (@OfNat.ofNat.{0} ENNReal (nat_lit 2)
                (@instOfNatAtLeastTwo.{0} ENNReal (nat_lit 2)
                  (@AddMonoidWithOne.toNatCast.{0} ENNReal
                    (@AddCommMonoidWithOne.toAddMonoidWithOne.{0} ENNReal ENNReal.instAddCommMonoidWithOne))
                  PiLp.innerProductSpace._proof_1))
              ((i : Fin n) → (fun (x : Fin n) => Complex) i)
              (@Pi.addCommGroup.{0, 0} (Fin n) (fun (x : Fin n) => Complex) fun (i : Fin n) =>
                @Ring.toAddCommGroup.{0} Complex
                  (@DivisionRing.toRing.{0} Complex
                    (@Field.toDivisionRing.{0} Complex
                      (@NormedField.toField.{0} Complex
                        (@DenselyNormedField.toNormedField.{0} Complex
                          (@RCLike.toDenselyNormedField.{0} Complex Complex.instRCLike))))))))
          (EuclideanSpace.{0, 0} Complex (Fin n))
          (@PiLp.topologicalSpace.{0, 0}
            (@OfNat.ofNat.{0} ENNReal (nat_lit 2)
              (@instOfNatAtLeastTwo.{0} ENNReal (nat_lit 2)
                (@AddMonoidWithOne.toNatCast.{0} ENNReal
                  (@AddCommMonoidWithOne.toAddMonoidWithOne.{0} ENNReal ENNReal.instAddCommMonoidWithOne))
                PiLp.innerProductSpace._proof_1))
            (Fin n) (fun (x : Fin n) => Complex) fun (i : Fin n) =>
            @UniformSpace.toTopologicalSpace.{0} Complex
              (@PseudoMetricSpace.toUniformSpace.{0} Complex
                (@SeminormedRing.toPseudoMetricSpace.{0} Complex
                  (@SeminormedCommRing.toSeminormedRing.{0} Complex
                    (@NormedCommRing.toSeminormedCommRing.{0} Complex
                      (@NormedField.toNormedCommRing.{0} Complex
                        (@DenselyNormedField.toNormedField.{0} Complex
                          (@RCLike.toDenselyNormedField.{0} Complex Complex.instRCLike))))))))
          (@AddCommGroup.toAddCommMonoid.{0} (EuclideanSpace.{0, 0} Complex (Fin n))
            (@WithLp.instAddCommGroup.{0}
              (@OfNat.ofNat.{0} ENNReal (nat_lit 2)
                (@instOfNatAtLeastTwo.{0} ENNReal (nat_lit 2)
                  (@AddMonoidWithOne.toNatCast.{0} ENNReal
                    (@AddCommMonoidWithOne.toAddMonoidWithOne.{0} ENNReal ENNReal.instAddCommMonoidWithOne))
                  PiLp.innerProductSpace._proof_1))
              ((i : Fin n) → (fun (x : Fin n) => Complex) i)
              (@Pi.addCommGroup.{0, 0} (Fin n) (fun (x : Fin n) => Complex) fun (i : Fin n) =>
                @Ring.toAddCommGroup.{0} Complex
                  (@DivisionRing.toRing.{0} Complex
                    (@Field.toDivisionRing.{0} Complex
                      (@NormedField.toField.{0} Complex
                        (@DenselyNormedField.toNormedField.{0} Complex
                          (@RCLike.toDenselyNormedField.{0} Complex Complex.instRCLike))))))))
          (@WithLp.instModule.{0, 0}
            (@OfNat.ofNat.{0} ENNReal (nat_lit 2)
              (@instOfNatAtLeastTwo.{0} ENNReal (nat_lit 2)
                (@AddMonoidWithOne.toNatCast.{0} ENNReal
                  (@AddCommMonoidWithOne.toAddMonoidWithOne.{0} ENNReal ENNReal.instAddCommMonoidWithOne))
                PiLp.innerProductSpace._proof_1))
            Complex ((i : Fin n) → (fun (x : Fin n) => Complex) i)
            (@DivisionSemiring.toSemiring.{0} Complex
              (@Semifield.toDivisionSemiring.{0} Complex
                (@Field.toSemifield.{0} Complex
                  (@NormedField.toField.{0} Complex
                    (@DenselyNormedField.toNormedField.{0} Complex
                      (@RCLike.toDenselyNormedField.{0} Complex Complex.instRCLike))))))
            (@Pi.addCommGroup.{0, 0} (Fin n) (fun (x : Fin n) => Complex) fun (i : Fin n) =>
              @Ring.toAddCommGroup.{0} Complex
                (@DivisionRing.toRing.{0} Complex
                  (@Field.toDivisionRing.{0} Complex
                    (@NormedField.toField.{0} Complex
                      (@DenselyNormedField.toNormedField.{0} Complex
                        (@RCLike.toDenselyNormedField.{0} Complex Complex.instRCLike))))))
            (@Pi.Function.module.{0, 0, 0} (Fin n) Complex Complex
              (@DivisionSemiring.toSemiring.{0} Complex
                (@Semifield.toDivisionSemiring.{0} Complex
                  (@Field.toSemifield.{0} Complex
                    (@NormedField.toField.{0} Complex
                      (@DenselyNormedField.toNormedField.{0} Complex
                        (@RCLike.toDenselyNormedField.{0} Complex Complex.instRCLike))))))
              (@Semiring.toAddCommMonoid.{0} Complex
                (@Ring.toSemiring.{0} Complex
                  (@DivisionRing.toRing.{0} Complex
                    (@Field.toDivisionRing.{0} Complex
                      (@NormedField.toField.{0} Complex
                        (@DenselyNormedField.toNormedField.{0} Complex
                          (@RCLike.toDenselyNormedField.{0} Complex Complex.instRCLike)))))))
              (@Semiring.toModule.{0} Complex
                (@DivisionSemiring.toSemiring.{0} Complex
                  (@Semifield.toDivisionSemiring.{0} Complex
                    (@Field.toSemifield.{0} Complex
                      (@NormedField.toField.{0} Complex
                        (@DenselyNormedField.toNormedField.{0} Complex
                          (@RCLike.toDenselyNormedField.{0} Complex Complex.instRCLike)))))))))
          (@WithLp.instModule.{0, 0}
            (@OfNat.ofNat.{0} ENNReal (nat_lit 2)
              (@instOfNatAtLeastTwo.{0} ENNReal (nat_lit 2)
                (@AddMonoidWithOne.toNatCast.{0} ENNReal
                  (@AddCommMonoidWithOne.toAddMonoidWithOne.{0} ENNReal ENNReal.instAddCommMonoidWithOne))
                PiLp.innerProductSpace._proof_1))
            Complex ((i : Fin n) → (fun (x : Fin n) => Complex) i)
            (@DivisionSemiring.toSemiring.{0} Complex
              (@Semifield.toDivisionSemiring.{0} Complex
                (@Field.toSemifield.{0} Complex
                  (@NormedField.toField.{0} Complex
                    (@DenselyNormedField.toNormedField.{0} Complex
                      (@RCLike.toDenselyNormedField.{0} Complex Complex.instRCLike))))))
            (@Pi.addCommGroup.{0, 0} (Fin n) (fun (x : Fin n) => Complex) fun (i : Fin n) =>
              @Ring.toAddCommGroup.{0} Complex
                (@DivisionRing.toRing.{0} Complex
                  (@Field.toDivisionRing.{0} Complex
                    (@NormedField.toField.{0} Complex
                      (@DenselyNormedField.toNormedField.{0} Complex
                        (@RCLike.toDenselyNormedField.{0} Complex Complex.instRCLike))))))
            (@Pi.Function.module.{0, 0, 0} (Fin n) Complex Complex
              (@DivisionSemiring.toSemiring.{0} Complex
                (@Semifield.toDivisionSemiring.{0} Complex
                  (@Field.toSemifield.{0} Complex
                    (@NormedField.toField.{0} Complex
                      (@DenselyNormedField.toNormedField.{0} Complex
                        (@RCLike.toDenselyNormedField.{0} Complex Complex.instRCLike))))))
              (@Semiring.toAddCommMonoid.{0} Complex
                (@Ring.toSemiring.{0} Complex
                  (@DivisionRing.toRing.{0} Complex
                    (@Field.toDivisionRing.{0} Complex
                      (@NormedField.toField.{0} Complex
                        (@DenselyNormedField.toNormedField.{0} Complex
                          (@RCLike.toDenselyNormedField.{0} Complex Complex.instRCLike)))))))
              (@Semiring.toModule.{0} Complex
                (@DivisionSemiring.toSemiring.{0} Complex
                  (@Semifield.toDivisionSemiring.{0} Complex
                    (@Field.toSemifield.{0} Complex
                      (@NormedField.toField.{0} Complex
                        (@DenselyNormedField.toNormedField.{0} Complex
                          (@RCLike.toDenselyNormedField.{0} Complex Complex.instRCLike)))))))))
          Complex
          (@DistribMulAction.toDistribSMul.{0, 0} Complex (EuclideanSpace.{0, 0} Complex (Fin n))
            (@Semiring.toMonoid.{0} Complex
              (@DivisionSemiring.toSemiring.{0} Complex
                (@Semifield.toDivisionSemiring.{0} Complex
                  (@Field.toSemifield.{0} Complex
                    (@NormedField.toField.{0} Complex
                      (@DenselyNormedField.toNormedField.{0} Complex
                        (@RCLike.toDenselyNormedField.{0} Complex Complex.instRCLike)))))))
            (@SubNegMonoid.toAddMonoid.{0} (EuclideanSpace.{0, 0} Complex (Fin n))
              (@AddGroup.toSubNegMonoid.{0} (EuclideanSpace.{0, 0} Complex (Fin n))
                (@AddCommGroup.toAddGroup.{0} (EuclideanSpace.{0, 0} Complex (Fin n))
                  (@WithLp.instAddCommGroup.{0}
                    (@OfNat.ofNat.{0} ENNReal (nat_lit 2)
                      (@instOfNatAtLeastTwo.{0} ENNReal (nat_lit 2)
                        (@AddMonoidWithOne.toNatCast.{0} ENNReal
                          (@AddCommMonoidWithOne.toAddMonoidWithOne.{0} ENNReal ENNReal.instAddCommMonoidWithOne))
                        PiLp.innerProductSpace._proof_1))
                    ((i : Fin n) → (fun (x : Fin n) => Complex) i)
                    (@Pi.addCommGroup.{0, 0} (Fin n) (fun (x : Fin n) => Complex) fun (i : Fin n) =>
                      @Ring.toAddCommGroup.{0} Complex
                        (@DivisionRing.toRing.{0} Complex
                          (@Field.toDivisionRing.{0} Complex
                            (@NormedField.toField.{0} Complex
                              (@DenselyNormedField.toNormedField.{0} Complex
                                (@RCLike.toDenselyNormedField.{0} Complex Complex.instRCLike))))))))))
            (@WithLp.instDistribMulAction.{0, 0}
              (@OfNat.ofNat.{0} ENNReal (nat_lit 2)
                (@instOfNatAtLeastTwo.{0} ENNReal (nat_lit 2)
                  (@AddMonoidWithOne.toNatCast.{0} ENNReal
                    (@AddCommMonoidWithOne.toAddMonoidWithOne.{0} ENNReal ENNReal.instAddCommMonoidWithOne))
                  PiLp.innerProductSpace._proof_1))
              Complex ((i : Fin n) → (fun (x : Fin n) => Complex) i)
              (@Semiring.toMonoid.{0} Complex
                (@DivisionSemiring.toSemiring.{0} Complex
                  (@Semifield.toDivisionSemiring.{0} Complex
                    (@Field.toSemifield.{0} Complex
                      (@NormedField.toField.{0} Complex
                        (@DenselyNormedField.toNormedField.{0} Complex
                          (@RCLike.toDenselyNormedField.{0} Complex Complex.instRCLike)))))))
              (@Pi.addCommGroup.{0, 0} (Fin n) (fun (x : Fin n) => Complex) fun (i : Fin n) =>
                @Ring.toAddCommGroup.{0} Complex
                  (@DivisionRing.toRing.{0} Complex
                    (@Field.toDivisionRing.{0} Complex
                      (@NormedField.toField.{0} Complex
                        (@DenselyNormedField.toNormedField.{0} Complex
                          (@RCLike.toDenselyNormedField.{0} Complex Complex.instRCLike))))))
              (@Pi.distribMulAction.{0, 0, 0} (Fin n) (fun (x : Fin n) => Complex) Complex
                (@Semiring.toMonoid.{0} Complex
                  (@DivisionSemiring.toSemiring.{0} Complex
                    (@Semifield.toDivisionSemiring.{0} Complex
                      (@Field.toSemifield.{0} Complex
                        (@NormedField.toField.{0} Complex
                          (@DenselyNormedField.toNormedField.{0} Complex
                            (@RCLike.toDenselyNormedField.{0} Complex Complex.instRCLike)))))))
                (fun (i : Fin n) =>
                  @SubNegMonoid.toAddMonoid.{0} ((fun (x : Fin n) => Complex) i)
                    ((fun (i : Fin n) =>
                        @AddGroup.toSubNegMonoid.{0} ((fun (x : Fin n) => Complex) i)
                          ((fun (i : Fin n) =>
                              @AddCommGroup.toAddGroup.{0} ((fun (x : Fin n) => Complex) i)
                                ((fun (i : Fin n) =>
                                    @Ring.toAddCommGroup.{0} Complex
                                      (@DivisionRing.toRing.{0} Complex
                                        (@Field.toDivisionRing.{0} Complex
                                          (@NormedField.toField.{0} Complex
                                            (@DenselyNormedField.toNormedField.{0} Complex
                                              (@RCLike.toDenselyNormedField.{0} Complex Complex.instRCLike))))))
                                  i))
                            i))
                      i))
                fun (i : Fin n) =>
                @Module.toDistribMulAction.{0, 0} Complex Complex
                  (@DivisionSemiring.toSemiring.{0} Complex
                    (@Semifield.toDivisionSemiring.{0} Complex
                      (@Field.toSemifield.{0} Complex
                        (@NormedField.toField.{0} Complex
                          (@DenselyNormedField.toNormedField.{0} Complex
                            (@RCLike.toDenselyNormedField.{0} Complex Complex.instRCLike))))))
                  (@Semiring.toAddCommMonoid.{0} Complex
                    (@DivisionSemiring.toSemiring.{0} Complex
                      (@Semifield.toDivisionSemiring.{0} Complex
                        (@Field.toSemifield.{0} Complex
                          (@NormedField.toField.{0} Complex
                            (@DenselyNormedField.toNormedField.{0} Complex
                              (@RCLike.toDenselyNormedField.{0} Complex Complex.instRCLike)))))))
                  (@Semiring.toModule.{0} Complex
                    (@DivisionSemiring.toSemiring.{0} Complex
                      (@Semifield.toDivisionSemiring.{0} Complex
                        (@Field.toSemifield.{0} Complex
                          (@NormedField.toField.{0} Complex
                            (@DenselyNormedField.toNormedField.{0} Complex
                              (@RCLike.toDenselyNormedField.{0} Complex Complex.instRCLike))))))))))
          (@NLA.MI03.operatorNorm._proof_2 n) (@NLA.MI03.operatorNorm._proof_3 n))
        (@Matrix.instStar.{0, 0} (Fin n) Complex
          (@InvolutiveStar.toStar.{0} Complex
            (@StarAddMonoid.toInvolutiveStar.{0} Complex
              (@AddCommMonoid.toAddMonoid.{0} Complex
                (@NonUnitalNonAssocSemiring.toAddCommMonoid.{0} Complex
                  (@NonUnitalNonAssocRing.toNonUnitalNonAssocSemiring.{0} Complex
                    (@NonUnitalNonAssocCommRing.toNonUnitalNonAssocRing.{0} Complex
                      (@NonUnitalCommRing.toNonUnitalNonAssocCommRing.{0} Complex
                        (@CommRing.toNonUnitalCommRing.{0} Complex
                          (@Field.toCommRing.{0} Complex
                            (@NormedField.toField.{0} Complex
                              (@DenselyNormedField.toNormedField.{0} Complex
                                (@RCLike.toDenselyNormedField.{0} Complex Complex.instRCLike))))))))))
              (@StarRing.toStarAddMonoid.{0} Complex
                (@NonUnitalNonAssocRing.toNonUnitalNonAssocSemiring.{0} Complex
                  (@NonUnitalNonAssocCommRing.toNonUnitalNonAssocRing.{0} Complex
                    (@NonUnitalCommRing.toNonUnitalNonAssocCommRing.{0} Complex
                      (@CommRing.toNonUnitalCommRing.{0} Complex
                        (@Field.toCommRing.{0} Complex
                          (@NormedField.toField.{0} Complex
                            (@DenselyNormedField.toNormedField.{0} Complex
                              (@RCLike.toDenselyNormedField.{0} Complex Complex.instRCLike))))))))
                (@RCLike.toStarRing.{0} Complex Complex.instRCLike)))))
        (@ContinuousLinearMap.instStarId.{0, 0} Complex (EuclideanSpace.{0, 0} Complex (Fin n)) Complex.instRCLike
          (@PiLp.normedAddCommGroup.{0, 0}
            (@OfNat.ofNat.{0} ENNReal (nat_lit 2)
              (@instOfNatAtLeastTwo.{0} ENNReal (nat_lit 2)
                (@AddMonoidWithOne.toNatCast.{0} ENNReal
                  (@AddCommMonoidWithOne.toAddMonoidWithOne.{0} ENNReal ENNReal.instAddCommMonoidWithOne))
                PiLp.innerProductSpace._proof_1))
            (Fin n) (fun (x : Fin n) => Complex) fact_one_le_two_ennreal (Fin.fintype n) fun (i : Fin n) =>
            @NonUnitalNormedRing.toNormedAddCommGroup.{0} Complex
              (@NonUnitalNormedCommRing.toNonUnitalNormedRing.{0} Complex
                (@NormedCommRing.toNonUnitalNormedCommRing.{0} Complex
                  (@NormedField.toNormedCommRing.{0} Complex
                    (@DenselyNormedField.toNormedField.{0} Complex
                      (@RCLike.toDenselyNormedField.{0} Complex Complex.instRCLike))))))
          (@PiLp.innerProductSpace.{0, 0, 0} Complex Complex.instRCLike (Fin n) (Fin.fintype n)
            (fun (x : Fin n) => Complex)
            (fun (i : Fin n) =>
              @NonUnitalNormedRing.toNormedAddCommGroup.{0} Complex
                (@NonUnitalNormedCommRing.toNonUnitalNormedRing.{0} Complex
                  (@NormedCommRing.toNonUnitalNormedCommRing.{0} Complex
                    (@NormedField.toNormedCommRing.{0} Complex
                      (@DenselyNormedField.toNormedField.{0} Complex
                        (@RCLike.toDenselyNormedField.{0} Complex Complex.instRCLike))))))
            fun (i : Fin n) => @RCLike.innerProductSpace.{0} Complex Complex.instRCLike)
          (@NLA.MI03.operatorNorm._proof_4 n)))
      (Matrix.{0, 0, 0} (Fin n) (Fin n) Complex)
      (fun (x : Matrix.{0, 0, 0} (Fin n) (Fin n) Complex) =>
        @ContinuousLinearMap.{0, 0, 0, 0} Complex Complex
          (@DivisionSemiring.toSemiring.{0} Complex
            (@Semifield.toDivisionSemiring.{0} Complex
              (@Field.toSemifield.{0} Complex
                (@NormedField.toField.{0} Complex
                  (@DenselyNormedField.toNormedField.{0} Complex
                    (@RCLike.toDenselyNormedField.{0} Complex Complex.instRCLike))))))
          (@DivisionSemiring.toSemiring.{0} Complex
            (@Semifield.toDivisionSemiring.{0} Complex
              (@Field.toSemifield.{0} Complex
                (@NormedField.toField.{0} Complex
                  (@DenselyNormedField.toNormedField.{0} Complex
                    (@RCLike.toDenselyNormedField.{0} Complex Complex.instRCLike))))))
          (@RingHom.id.{0} Complex
            (@Semiring.toNonAssocSemiring.{0} Complex
              (@DivisionSemiring.toSemiring.{0} Complex
                (@Semifield.toDivisionSemiring.{0} Complex
                  (@Field.toSemifield.{0} Complex
                    (@NormedField.toField.{0} Complex
                      (@DenselyNormedField.toNormedField.{0} Complex
                        (@RCLike.toDenselyNormedField.{0} Complex Complex.instRCLike))))))))
          (EuclideanSpace.{0, 0} Complex (Fin n))
          (@PiLp.topologicalSpace.{0, 0}
            (@OfNat.ofNat.{0} ENNReal (nat_lit 2)
              (@instOfNatAtLeastTwo.{0} ENNReal (nat_lit 2)
                (@AddMonoidWithOne.toNatCast.{0} ENNReal
                  (@AddCommMonoidWithOne.toAddMonoidWithOne.{0} ENNReal ENNReal.instAddCommMonoidWithOne))
                PiLp.innerProductSpace._proof_1))
            (Fin n) (fun (x : Fin n) => Complex) fun (i : Fin n) =>
            @UniformSpace.toTopologicalSpace.{0} Complex
              (@PseudoMetricSpace.toUniformSpace.{0} Complex
                (@SeminormedRing.toPseudoMetricSpace.{0} Complex
                  (@SeminormedCommRing.toSeminormedRing.{0} Complex
                    (@NormedCommRing.toSeminormedCommRing.{0} Complex
                      (@NormedField.toNormedCommRing.{0} Complex
                        (@DenselyNormedField.toNormedField.{0} Complex
                          (@RCLike.toDenselyNormedField.{0} Complex Complex.instRCLike))))))))
          (@AddCommGroup.toAddCommMonoid.{0} (EuclideanSpace.{0, 0} Complex (Fin n))
            (@WithLp.instAddCommGroup.{0}
              (@OfNat.ofNat.{0} ENNReal (nat_lit 2)
                (@instOfNatAtLeastTwo.{0} ENNReal (nat_lit 2)
                  (@AddMonoidWithOne.toNatCast.{0} ENNReal
                    (@AddCommMonoidWithOne.toAddMonoidWithOne.{0} ENNReal ENNReal.instAddCommMonoidWithOne))
                  PiLp.innerProductSpace._proof_1))
              ((i : Fin n) → (fun (x : Fin n) => Complex) i)
              (@Pi.addCommGroup.{0, 0} (Fin n) (fun (x : Fin n) => Complex) fun (i : Fin n) =>
                @Ring.toAddCommGroup.{0} Complex
                  (@DivisionRing.toRing.{0} Complex
                    (@Field.toDivisionRing.{0} Complex
                      (@NormedField.toField.{0} Complex
                        (@DenselyNormedField.toNormedField.{0} Complex
                          (@RCLike.toDenselyNormedField.{0} Complex Complex.instRCLike))))))))
          (EuclideanSpace.{0, 0} Complex (Fin n))
          (@PiLp.topologicalSpace.{0, 0}
            (@OfNat.ofNat.{0} ENNReal (nat_lit 2)
              (@instOfNatAtLeastTwo.{0} ENNReal (nat_lit 2)
                (@AddMonoidWithOne.toNatCast.{0} ENNReal
                  (@AddCommMonoidWithOne.toAddMonoidWithOne.{0} ENNReal ENNReal.instAddCommMonoidWithOne))
                PiLp.innerProductSpace._proof_1))
            (Fin n) (fun (x : Fin n) => Complex) fun (i : Fin n) =>
            @UniformSpace.toTopologicalSpace.{0} Complex
              (@PseudoMetricSpace.toUniformSpace.{0} Complex
                (@SeminormedRing.toPseudoMetricSpace.{0} Complex
                  (@SeminormedCommRing.toSeminormedRing.{0} Complex
                    (@NormedCommRing.toSeminormedCommRing.{0} Complex
                      (@NormedField.toNormedCommRing.{0} Complex
                        (@DenselyNormedField.toNormedField.{0} Complex
                          (@RCLike.toDenselyNormedField.{0} Complex Complex.instRCLike))))))))
          (@AddCommGroup.toAddCommMonoid.{0} (EuclideanSpace.{0, 0} Complex (Fin n))
            (@WithLp.instAddCommGroup.{0}
              (@OfNat.ofNat.{0} ENNReal (nat_lit 2)
                (@instOfNatAtLeastTwo.{0} ENNReal (nat_lit 2)
                  (@AddMonoidWithOne.toNatCast.{0} ENNReal
                    (@AddCommMonoidWithOne.toAddMonoidWithOne.{0} ENNReal ENNReal.instAddCommMonoidWithOne))
                  PiLp.innerProductSpace._proof_1))
              ((i : Fin n) → (fun (x : Fin n) => Complex) i)
              (@Pi.addCommGroup.{0, 0} (Fin n) (fun (x : Fin n) => Complex) fun (i : Fin n) =>
                @Ring.toAddCommGroup.{0} Complex
                  (@DivisionRing.toRing.{0} Complex
                    (@Field.toDivisionRing.{0} Complex
                      (@NormedField.toField.{0} Complex
                        (@DenselyNormedField.toNormedField.{0} Complex
                          (@RCLike.toDenselyNormedField.{0} Complex Complex.instRCLike))))))))
          (@WithLp.instModule.{0, 0}
            (@OfNat.ofNat.{0} ENNReal (nat_lit 2)
              (@instOfNatAtLeastTwo.{0} ENNReal (nat_lit 2)
                (@AddMonoidWithOne.toNatCast.{0} ENNReal
                  (@AddCommMonoidWithOne.toAddMonoidWithOne.{0} ENNReal ENNReal.instAddCommMonoidWithOne))
                PiLp.innerProductSpace._proof_1))
            Complex ((i : Fin n) → (fun (x : Fin n) => Complex) i)
            (@DivisionSemiring.toSemiring.{0} Complex
              (@Semifield.toDivisionSemiring.{0} Complex
                (@Field.toSemifield.{0} Complex
                  (@NormedField.toField.{0} Complex
                    (@DenselyNormedField.toNormedField.{0} Complex
                      (@RCLike.toDenselyNormedField.{0} Complex Complex.instRCLike))))))
            (@Pi.addCommGroup.{0, 0} (Fin n) (fun (x : Fin n) => Complex) fun (i : Fin n) =>
              @Ring.toAddCommGroup.{0} Complex
                (@DivisionRing.toRing.{0} Complex
                  (@Field.toDivisionRing.{0} Complex
                    (@NormedField.toField.{0} Complex
                      (@DenselyNormedField.toNormedField.{0} Complex
                        (@RCLike.toDenselyNormedField.{0} Complex Complex.instRCLike))))))
            (@Pi.Function.module.{0, 0, 0} (Fin n) Complex Complex
              (@DivisionSemiring.toSemiring.{0} Complex
                (@Semifield.toDivisionSemiring.{0} Complex
                  (@Field.toSemifield.{0} Complex
                    (@NormedField.toField.{0} Complex
                      (@DenselyNormedField.toNormedField.{0} Complex
                        (@RCLike.toDenselyNormedField.{0} Complex Complex.instRCLike))))))
              (@Semiring.toAddCommMonoid.{0} Complex
                (@Ring.toSemiring.{0} Complex
                  (@DivisionRing.toRing.{0} Complex
                    (@Field.toDivisionRing.{0} Complex
                      (@NormedField.toField.{0} Complex
                        (@DenselyNormedField.toNormedField.{0} Complex
                          (@RCLike.toDenselyNormedField.{0} Complex Complex.instRCLike)))))))
              (@Semiring.toModule.{0} Complex
                (@DivisionSemiring.toSemiring.{0} Complex
                  (@Semifield.toDivisionSemiring.{0} Complex
                    (@Field.toSemifield.{0} Complex
                      (@NormedField.toField.{0} Complex
                        (@DenselyNormedField.toNormedField.{0} Complex
                          (@RCLike.toDenselyNormedField.{0} Complex Complex.instRCLike)))))))))
          (@WithLp.instModule.{0, 0}
            (@OfNat.ofNat.{0} ENNReal (nat_lit 2)
              (@instOfNatAtLeastTwo.{0} ENNReal (nat_lit 2)
                (@AddMonoidWithOne.toNatCast.{0} ENNReal
                  (@AddCommMonoidWithOne.toAddMonoidWithOne.{0} ENNReal ENNReal.instAddCommMonoidWithOne))
                PiLp.innerProductSpace._proof_1))
            Complex ((i : Fin n) → (fun (x : Fin n) => Complex) i)
            (@DivisionSemiring.toSemiring.{0} Complex
              (@Semifield.toDivisionSemiring.{0} Complex
                (@Field.toSemifield.{0} Complex
                  (@NormedField.toField.{0} Complex
                    (@DenselyNormedField.toNormedField.{0} Complex
                      (@RCLike.toDenselyNormedField.{0} Complex Complex.instRCLike))))))
            (@Pi.addCommGroup.{0, 0} (Fin n) (fun (x : Fin n) => Complex) fun (i : Fin n) =>
              @Ring.toAddCommGroup.{0} Complex
                (@DivisionRing.toRing.{0} Complex
                  (@Field.toDivisionRing.{0} Complex
                    (@NormedField.toField.{0} Complex
                      (@DenselyNormedField.toNormedField.{0} Complex
                        (@RCLike.toDenselyNormedField.{0} Complex Complex.instRCLike))))))
            (@Pi.Function.module.{0, 0, 0} (Fin n) Complex Complex
              (@DivisionSemiring.toSemiring.{0} Complex
                (@Semifield.toDivisionSemiring.{0} Complex
                  (@Field.toSemifield.{0} Complex
                    (@NormedField.toField.{0} Complex
                      (@DenselyNormedField.toNormedField.{0} Complex
                        (@RCLike.toDenselyNormedField.{0} Complex Complex.instRCLike))))))
              (@Semiring.toAddCommMonoid.{0} Complex
                (@Ring.toSemiring.{0} Complex
                  (@DivisionRing.toRing.{0} Complex
                    (@Field.toDivisionRing.{0} Complex
                      (@NormedField.toField.{0} Complex
                        (@DenselyNormedField.toNormedField.{0} Complex
                          (@RCLike.toDenselyNormedField.{0} Complex Complex.instRCLike)))))))
              (@Semiring.toModule.{0} Complex
                (@DivisionSemiring.toSemiring.{0} Complex
                  (@Semifield.toDivisionSemiring.{0} Complex
                    (@Field.toSemifield.{0} Complex
                      (@NormedField.toField.{0} Complex
                        (@DenselyNormedField.toNormedField.{0} Complex
                          (@RCLike.toDenselyNormedField.{0} Complex Complex.instRCLike))))))))))
      (@StarAlgEquiv.instFunLike.{0, 0, 0} Complex (Matrix.{0, 0, 0} (Fin n) (Fin n) Complex)
        (@ContinuousLinearMap.{0, 0, 0, 0} Complex Complex
          (@DivisionSemiring.toSemiring.{0} Complex
            (@Semifield.toDivisionSemiring.{0} Complex
              (@Field.toSemifield.{0} Complex
                (@NormedField.toField.{0} Complex
                  (@DenselyNormedField.toNormedField.{0} Complex
                    (@RCLike.toDenselyNormedField.{0} Complex Complex.instRCLike))))))
          (@DivisionSemiring.toSemiring.{0} Complex
            (@Semifield.toDivisionSemiring.{0} Complex
              (@Field.toSemifield.{0} Complex
                (@NormedField.toField.{0} Complex
                  (@DenselyNormedField.toNormedField.{0} Complex
                    (@RCLike.toDenselyNormedField.{0} Complex Complex.instRCLike))))))
          (@RingHom.id.{0} Complex
            (@Semiring.toNonAssocSemiring.{0} Complex
              (@DivisionSemiring.toSemiring.{0} Complex
                (@Semifield.toDivisionSemiring.{0} Complex
                  (@Field.toSemifield.{0} Complex
                    (@NormedField.toField.{0} Complex
                      (@DenselyNormedField.toNormedField.{0} Complex
                        (@RCLike.toDenselyNormedField.{0} Complex Complex.instRCLike))))))))
          (EuclideanSpace.{0, 0} Complex (Fin n))
          (@PiLp.topologicalSpace.{0, 0}
            (@OfNat.ofNat.{0} ENNReal (nat_lit 2)
              (@instOfNatAtLeastTwo.{0} ENNReal (nat_lit 2)
                (@AddMonoidWithOne.toNatCast.{0} ENNReal
                  (@AddCommMonoidWithOne.toAddMonoidWithOne.{0} ENNReal ENNReal.instAddCommMonoidWithOne))
                PiLp.innerProductSpace._proof_1))
            (Fin n) (fun (x : Fin n) => Complex) fun (i : Fin n) =>
            @UniformSpace.toTopologicalSpace.{0} Complex
              (@PseudoMetricSpace.toUniformSpace.{0} Complex
                (@SeminormedRing.toPseudoMetricSpace.{0} Complex
                  (@SeminormedCommRing.toSeminormedRing.{0} Complex
                    (@NormedCommRing.toSeminormedCommRing.{0} Complex
                      (@NormedField.toNormedCommRing.{0} Complex
                        (@DenselyNormedField.toNormedField.{0} Complex
                          (@RCLike.toDenselyNormedField.{0} Complex Complex.instRCLike))))))))
          (@AddCommGroup.toAddCommMonoid.{0} (EuclideanSpace.{0, 0} Complex (Fin n))
            (@WithLp.instAddCommGroup.{0}
              (@OfNat.ofNat.{0} ENNReal (nat_lit 2)
                (@instOfNatAtLeastTwo.{0} ENNReal (nat_lit 2)
                  (@AddMonoidWithOne.toNatCast.{0} ENNReal
                    (@AddCommMonoidWithOne.toAddMonoidWithOne.{0} ENNReal ENNReal.instAddCommMonoidWithOne))
                  PiLp.innerProductSpace._proof_1))
              ((i : Fin n) → (fun (x : Fin n) => Complex) i)
              (@Pi.addCommGroup.{0, 0} (Fin n) (fun (x : Fin n) => Complex) fun (i : Fin n) =>
                @Ring.toAddCommGroup.{0} Complex
                  (@DivisionRing.toRing.{0} Complex
                    (@Field.toDivisionRing.{0} Complex
                      (@NormedField.toField.{0} Complex
                        (@DenselyNormedField.toNormedField.{0} Complex
                          (@RCLike.toDenselyNormedField.{0} Complex Complex.instRCLike))))))))
          (EuclideanSpace.{0, 0} Complex (Fin n))
          (@PiLp.topologicalSpace.{0, 0}
            (@OfNat.ofNat.{0} ENNReal (nat_lit 2)
              (@instOfNatAtLeastTwo.{0} ENNReal (nat_lit 2)
                (@AddMonoidWithOne.toNatCast.{0} ENNReal
                  (@AddCommMonoidWithOne.toAddMonoidWithOne.{0} ENNReal ENNReal.instAddCommMonoidWithOne))
                PiLp.innerProductSpace._proof_1))
            (Fin n) (fun (x : Fin n) => Complex) fun (i : Fin n) =>
            @UniformSpace.toTopologicalSpace.{0} Complex
              (@PseudoMetricSpace.toUniformSpace.{0} Complex
                (@SeminormedRing.toPseudoMetricSpace.{0} Complex
                  (@SeminormedCommRing.toSeminormedRing.{0} Complex
                    (@NormedCommRing.toSeminormedCommRing.{0} Complex
                      (@NormedField.toNormedCommRing.{0} Complex
                        (@DenselyNormedField.toNormedField.{0} Complex
                          (@RCLike.toDenselyNormedField.{0} Complex Complex.instRCLike))))))))
          (@AddCommGroup.toAddCommMonoid.{0} (EuclideanSpace.{0, 0} Complex (Fin n))
            (@WithLp.instAddCommGroup.{0}
              (@OfNat.ofNat.{0} ENNReal (nat_lit 2)
                (@instOfNatAtLeastTwo.{0} ENNReal (nat_lit 2)
                  (@AddMonoidWithOne.toNatCast.{0} ENNReal
                    (@AddCommMonoidWithOne.toAddMonoidWithOne.{0} ENNReal ENNReal.instAddCommMonoidWithOne))
                  PiLp.innerProductSpace._proof_1))
              ((i : Fin n) → (fun (x : Fin n) => Complex) i)
              (@Pi.addCommGroup.{0, 0} (Fin n) (fun (x : Fin n) => Complex) fun (i : Fin n) =>
                @Ring.toAddCommGroup.{0} Complex
                  (@DivisionRing.toRing.{0} Complex
                    (@Field.toDivisionRing.{0} Complex
                      (@NormedField.toField.{0} Complex
                        (@DenselyNormedField.toNormedField.{0} Complex
                          (@RCLike.toDenselyNormedField.{0} Complex Complex.instRCLike))))))))
          (@WithLp.instModule.{0, 0}
            (@OfNat.ofNat.{0} ENNReal (nat_lit 2)
              (@instOfNatAtLeastTwo.{0} ENNReal (nat_lit 2)
                (@AddMonoidWithOne.toNatCast.{0} ENNReal
                  (@AddCommMonoidWithOne.toAddMonoidWithOne.{0} ENNReal ENNReal.instAddCommMonoidWithOne))
                PiLp.innerProductSpace._proof_1))
            Complex ((i : Fin n) → (fun (x : Fin n) => Complex) i)
            (@DivisionSemiring.toSemiring.{0} Complex
              (@Semifield.toDivisionSemiring.{0} Complex
                (@Field.toSemifield.{0} Complex
                  (@NormedField.toField.{0} Complex
                    (@DenselyNormedField.toNormedField.{0} Complex
                      (@RCLike.toDenselyNormedField.{0} Complex Complex.instRCLike))))))
            (@Pi.addCommGroup.{0, 0} (Fin n) (fun (x : Fin n) => Complex) fun (i : Fin n) =>
              @Ring.toAddCommGroup.{0} Complex
                (@DivisionRing.toRing.{0} Complex
                  (@Field.toDivisionRing.{0} Complex
                    (@NormedField.toField.{0} Complex
                      (@DenselyNormedField.toNormedField.{0} Complex
                        (@RCLike.toDenselyNormedField.{0} Complex Complex.instRCLike))))))
            (@Pi.Function.module.{0, 0, 0} (Fin n) Complex Complex
              (@DivisionSemiring.toSemiring.{0} Complex
                (@Semifield.toDivisionSemiring.{0} Complex
                  (@Field.toSemifield.{0} Complex
                    (@NormedField.toField.{0} Complex
                      (@DenselyNormedField.toNormedField.{0} Complex
                        (@RCLike.toDenselyNormedField.{0} Complex Complex.instRCLike))))))
              (@Semiring.toAddCommMonoid.{0} Complex
                (@Ring.toSemiring.{0} Complex
                  (@DivisionRing.toRing.{0} Complex
                    (@Field.toDivisionRing.{0} Complex
                      (@NormedField.toField.{0} Complex
                        (@DenselyNormedField.toNormedField.{0} Complex
                          (@RCLike.toDenselyNormedField.{0} Complex Complex.instRCLike)))))))
              (@Semiring.toModule.{0} Complex
                (@DivisionSemiring.toSemiring.{0} Complex
                  (@Semifield.toDivisionSemiring.{0} Complex
                    (@Field.toSemifield.{0} Complex
                      (@NormedField.toField.{0} Complex
                        (@DenselyNormedField.toNormedField.{0} Complex
                          (@RCLike.toDenselyNormedField.{0} Complex Complex.instRCLike)))))))))
          (@WithLp.instModule.{0, 0}
            (@OfNat.ofNat.{0} ENNReal (nat_lit 2)
              (@instOfNatAtLeastTwo.{0} ENNReal (nat_lit 2)
                (@AddMonoidWithOne.toNatCast.{0} ENNReal
                  (@AddCommMonoidWithOne.toAddMonoidWithOne.{0} ENNReal ENNReal.instAddCommMonoidWithOne))
                PiLp.innerProductSpace._proof_1))
            Complex ((i : Fin n) → (fun (x : Fin n) => Complex) i)
            (@DivisionSemiring.toSemiring.{0} Complex
              (@Semifield.toDivisionSemiring.{0} Complex
                (@Field.toSemifield.{0} Complex
                  (@NormedField.toField.{0} Complex
                    (@DenselyNormedField.toNormedField.{0} Complex
                      (@RCLike.toDenselyNormedField.{0} Complex Complex.instRCLike))))))
            (@Pi.addCommGroup.{0, 0} (Fin n) (fun (x : Fin n) => Complex) fun (i : Fin n) =>
              @Ring.toAddCommGroup.{0} Complex
                (@DivisionRing.toRing.{0} Complex
                  (@Field.toDivisionRing.{0} Complex
                    (@NormedField.toField.{0} Complex
                      (@DenselyNormedField.toNormedField.{0} Complex
                        (@RCLike.toDenselyNormedField.{0} Complex Complex.instRCLike))))))
            (@Pi.Function.module.{0, 0, 0} (Fin n) Complex Complex
              (@DivisionSemiring.toSemiring.{0} Complex
                (@Semifield.toDivisionSemiring.{0} Complex
                  (@Field.toSemifield.{0} Complex
                    (@NormedField.toField.{0} Complex
                      (@DenselyNormedField.toNormedField.{0} Complex
                        (@RCLike.toDenselyNormedField.{0} Complex Complex.instRCLike))))))
              (@Semiring.toAddCommMonoid.{0} Complex
                (@Ring.toSemiring.{0} Complex
                  (@DivisionRing.toRing.{0} Complex
                    (@Field.toDivisionRing.{0} Complex
                      (@NormedField.toField.{0} Complex
                        (@DenselyNormedField.toNormedField.{0} Complex
                          (@RCLike.toDenselyNormedField.{0} Complex Complex.instRCLike)))))))
              (@Semiring.toModule.{0} Complex
                (@DivisionSemiring.toSemiring.{0} Complex
                  (@Semifield.toDivisionSemiring.{0} Complex
                    (@Field.toSemifield.{0} Complex
                      (@NormedField.toField.{0} Complex
                        (@DenselyNormedField.toNormedField.{0} Complex
                          (@RCLike.toDenselyNormedField.{0} Complex Complex.instRCLike))))))))))
        (@Matrix.add.{0, 0, 0} (Fin n) (Fin n) Complex
          (@Distrib.toAdd.{0} Complex
            (@instDistribOfSemiring.{0} Complex
              (@DivisionSemiring.toSemiring.{0} Complex
                (@Semifield.toDivisionSemiring.{0} Complex
                  (@Field.toSemifield.{0} Complex
                    (@NormedField.toField.{0} Complex
                      (@DenselyNormedField.toNormedField.{0} Complex
                        (@RCLike.toDenselyNormedField.{0} Complex Complex.instRCLike)))))))))
        (@ContinuousLinearMap.add.{0, 0, 0, 0} Complex Complex
          (@DivisionSemiring.toSemiring.{0} Complex
            (@Semifield.toDivisionSemiring.{0} Complex
              (@Field.toSemifield.{0} Complex
                (@NormedField.toField.{0} Complex
                  (@DenselyNormedField.toNormedField.{0} Complex
                    (@RCLike.toDenselyNormedField.{0} Complex Complex.instRCLike))))))
          (@DivisionSemiring.toSemiring.{0} Complex
            (@Semifield.toDivisionSemiring.{0} Complex
              (@Field.toSemifield.{0} Complex
                (@NormedField.toField.{0} Complex
                  (@DenselyNormedField.toNormedField.{0} Complex
                    (@RCLike.toDenselyNormedField.{0} Complex Complex.instRCLike))))))
          (@RingHom.id.{0} Complex
            (@Semiring.toNonAssocSemiring.{0} Complex
              (@DivisionSemiring.toSemiring.{0} Complex
                (@Semifield.toDivisionSemiring.{0} Complex
                  (@Field.toSemifield.{0} Complex
                    (@NormedField.toField.{0} Complex
                      (@DenselyNormedField.toNormedField.{0} Complex
                        (@RCLike.toDenselyNormedField.{0} Complex Complex.instRCLike))))))))
          (EuclideanSpace.{0, 0} Complex (Fin n))
          (@PiLp.topologicalSpace.{0, 0}
            (@OfNat.ofNat.{0} ENNReal (nat_lit 2)
              (@instOfNatAtLeastTwo.{0} ENNReal (nat_lit 2)
                (@AddMonoidWithOne.toNatCast.{0} ENNReal
                  (@AddCommMonoidWithOne.toAddMonoidWithOne.{0} ENNReal ENNReal.instAddCommMonoidWithOne))
                PiLp.innerProductSpace._proof_1))
            (Fin n) (fun (x : Fin n) => Complex) fun (i : Fin n) =>
            @UniformSpace.toTopologicalSpace.{0} Complex
              (@PseudoMetricSpace.toUniformSpace.{0} Complex
                (@SeminormedRing.toPseudoMetricSpace.{0} Complex
                  (@SeminormedCommRing.toSeminormedRing.{0} Complex
                    (@NormedCommRing.toSeminormedCommRing.{0} Complex
                      (@NormedField.toNormedCommRing.{0} Complex
                        (@DenselyNormedField.toNormedField.{0} Complex
                          (@RCLike.toDenselyNormedField.{0} Complex Complex.instRCLike))))))))
          (@AddCommGroup.toAddCommMonoid.{0} (EuclideanSpace.{0, 0} Complex (Fin n))
            (@WithLp.instAddCommGroup.{0}
              (@OfNat.ofNat.{0} ENNReal (nat_lit 2)
                (@instOfNatAtLeastTwo.{0} ENNReal (nat_lit 2)
                  (@AddMonoidWithOne.toNatCast.{0} ENNReal
                    (@AddCommMonoidWithOne.toAddMonoidWithOne.{0} ENNReal ENNReal.instAddCommMonoidWithOne))
                  PiLp.innerProductSpace._proof_1))
              ((i : Fin n) → (fun (x : Fin n) => Complex) i)
              (@Pi.addCommGroup.{0, 0} (Fin n) (fun (x : Fin n) => Complex) fun (i : Fin n) =>
                @Ring.toAddCommGroup.{0} Complex
                  (@DivisionRing.toRing.{0} Complex
                    (@Field.toDivisionRing.{0} Complex
                      (@NormedField.toField.{0} Complex
                        (@DenselyNormedField.toNormedField.{0} Complex
                          (@RCLike.toDenselyNormedField.{0} Complex Complex.instRCLike))))))))
          (EuclideanSpace.{0, 0} Complex (Fin n))
          (@PiLp.topologicalSpace.{0, 0}
            (@OfNat.ofNat.{0} ENNReal (nat_lit 2)
              (@instOfNatAtLeastTwo.{0} ENNReal (nat_lit 2)
                (@AddMonoidWithOne.toNatCast.{0} ENNReal
                  (@AddCommMonoidWithOne.toAddMonoidWithOne.{0} ENNReal ENNReal.instAddCommMonoidWithOne))
                PiLp.innerProductSpace._proof_1))
            (Fin n) (fun (x : Fin n) => Complex) fun (i : Fin n) =>
            @UniformSpace.toTopologicalSpace.{0} Complex
              (@PseudoMetricSpace.toUniformSpace.{0} Complex
                (@SeminormedRing.toPseudoMetricSpace.{0} Complex
                  (@SeminormedCommRing.toSeminormedRing.{0} Complex
                    (@NormedCommRing.toSeminormedCommRing.{0} Complex
                      (@NormedField.toNormedCommRing.{0} Complex
                        (@DenselyNormedField.toNormedField.{0} Complex
                          (@RCLike.toDenselyNormedField.{0} Complex Complex.instRCLike))))))))
          (@AddCommGroup.toAddCommMonoid.{0} (EuclideanSpace.{0, 0} Complex (Fin n))
            (@WithLp.instAddCommGroup.{0}
              (@OfNat.ofNat.{0} ENNReal (nat_lit 2)
                (@instOfNatAtLeastTwo.{0} ENNReal (nat_lit 2)
                  (@AddMonoidWithOne.toNatCast.{0} ENNReal
                    (@AddCommMonoidWithOne.toAddMonoidWithOne.{0} ENNReal ENNReal.instAddCommMonoidWithOne))
                  PiLp.innerProductSpace._proof_1))
              ((i : Fin n) → (fun (x : Fin n) => Complex) i)
              (@Pi.addCommGroup.{0, 0} (Fin n) (fun (x : Fin n) => Complex) fun (i : Fin n) =>
                @Ring.toAddCommGroup.{0} Complex
                  (@DivisionRing.toRing.{0} Complex
                    (@Field.toDivisionRing.{0} Complex
                      (@NormedField.toField.{0} Complex
                        (@DenselyNormedField.toNormedField.{0} Complex
                          (@RCLike.toDenselyNormedField.{0} Complex Complex.instRCLike))))))))
          (@WithLp.instModule.{0, 0}
            (@OfNat.ofNat.{0} ENNReal (nat_lit 2)
              (@instOfNatAtLeastTwo.{0} ENNReal (nat_lit 2)
                (@AddMonoidWithOne.toNatCast.{0} ENNReal
                  (@AddCommMonoidWithOne.toAddMonoidWithOne.{0} ENNReal ENNReal.instAddCommMonoidWithOne))
                PiLp.innerProductSpace._proof_1))
            Complex ((i : Fin n) → (fun (x : Fin n) => Complex) i)
            (@DivisionSemiring.toSemiring.{0} Complex
              (@Semifield.toDivisionSemiring.{0} Complex
                (@Field.toSemifield.{0} Complex
                  (@NormedField.toField.{0} Complex
                    (@DenselyNormedField.toNormedField.{0} Complex
                      (@RCLike.toDenselyNormedField.{0} Complex Complex.instRCLike))))))
            (@Pi.addCommGroup.{0, 0} (Fin n) (fun (x : Fin n) => Complex) fun (i : Fin n) =>
              @Ring.toAddCommGroup.{0} Complex
                (@DivisionRing.toRing.{0} Complex
                  (@Field.toDivisionRing.{0} Complex
                    (@NormedField.toField.{0} Complex
                      (@DenselyNormedField.toNormedField.{0} Complex
                        (@RCLike.toDenselyNormedField.{0} Complex Complex.instRCLike))))))
            (@Pi.Function.module.{0, 0, 0} (Fin n) Complex Complex
              (@DivisionSemiring.toSemiring.{0} Complex
                (@Semifield.toDivisionSemiring.{0} Complex
                  (@Field.toSemifield.{0} Complex
                    (@NormedField.toField.{0} Complex
                      (@DenselyNormedField.toNormedField.{0} Complex
                        (@RCLike.toDenselyNormedField.{0} Complex Complex.instRCLike))))))
              (@Semiring.toAddCommMonoid.{0} Complex
                (@Ring.toSemiring.{0} Complex
                  (@DivisionRing.toRing.{0} Complex
                    (@Field.toDivisionRing.{0} Complex
                      (@NormedField.toField.{0} Complex
                        (@DenselyNormedField.toNormedField.{0} Complex
                          (@RCLike.toDenselyNormedField.{0} Complex Complex.instRCLike)))))))
              (@Semiring.toModule.{0} Complex
                (@DivisionSemiring.toSemiring.{0} Complex
                  (@Semifield.toDivisionSemiring.{0} Complex
                    (@Field.toSemifield.{0} Complex
                      (@NormedField.toField.{0} Complex
                        (@DenselyNormedField.toNormedField.{0} Complex
                          (@RCLike.toDenselyNormedField.{0} Complex Complex.instRCLike)))))))))
          (@WithLp.instModule.{0, 0}
            (@OfNat.ofNat.{0} ENNReal (nat_lit 2)
              (@instOfNatAtLeastTwo.{0} ENNReal (nat_lit 2)
                (@AddMonoidWithOne.toNatCast.{0} ENNReal
                  (@AddCommMonoidWithOne.toAddMonoidWithOne.{0} ENNReal ENNReal.instAddCommMonoidWithOne))
                PiLp.innerProductSpace._proof_1))
            Complex ((i : Fin n) → (fun (x : Fin n) => Complex) i)
            (@DivisionSemiring.toSemiring.{0} Complex
              (@Semifield.toDivisionSemiring.{0} Complex
                (@Field.toSemifield.{0} Complex
                  (@NormedField.toField.{0} Complex
                    (@DenselyNormedField.toNormedField.{0} Complex
                      (@RCLike.toDenselyNormedField.{0} Complex Complex.instRCLike))))))
            (@Pi.addCommGroup.{0, 0} (Fin n) (fun (x : Fin n) => Complex) fun (i : Fin n) =>
              @Ring.toAddCommGroup.{0} Complex
                (@DivisionRing.toRing.{0} Complex
                  (@Field.toDivisionRing.{0} Complex
                    (@NormedField.toField.{0} Complex
                      (@DenselyNormedField.toNormedField.{0} Complex
                        (@RCLike.toDenselyNormedField.{0} Complex Complex.instRCLike))))))
            (@Pi.Function.module.{0, 0, 0} (Fin n) Complex Complex
              (@DivisionSemiring.toSemiring.{0} Complex
                (@Semifield.toDivisionSemiring.{0} Complex
                  (@Field.toSemifield.{0} Complex
                    (@NormedField.toField.{0} Complex
                      (@DenselyNormedField.toNormedField.{0} Complex
                        (@RCLike.toDenselyNormedField.{0} Complex Complex.instRCLike))))))
              (@Semiring.toAddCommMonoid.{0} Complex
                (@Ring.toSemiring.{0} Complex
                  (@DivisionRing.toRing.{0} Complex
                    (@Field.toDivisionRing.{0} Complex
                      (@NormedField.toField.{0} Complex
                        (@DenselyNormedField.toNormedField.{0} Complex
                          (@RCLike.toDenselyNormedField.{0} Complex Complex.instRCLike)))))))
              (@Semiring.toModule.{0} Complex
                (@DivisionSemiring.toSemiring.{0} Complex
                  (@Semifield.toDivisionSemiring.{0} Complex
                    (@Field.toSemifield.{0} Complex
                      (@NormedField.toField.{0} Complex
                        (@DenselyNormedField.toNormedField.{0} Complex
                          (@RCLike.toDenselyNormedField.{0} Complex Complex.instRCLike)))))))))
          (@NLA.MI03.operatorNorm._proof_1 n))
        (@Matrix.instMulOfFintypeOfAddCommMonoid.{0, 0} (Fin n) Complex (Fin.fintype n)
          (@Distrib.toMul.{0} Complex
            (@instDistribOfSemiring.{0} Complex
              (@DivisionSemiring.toSemiring.{0} Complex
                (@Semifield.toDivisionSemiring.{0} Complex
                  (@Field.toSemifield.{0} Complex
                    (@NormedField.toField.{0} Complex
                      (@DenselyNormedField.toNormedField.{0} Complex
                        (@RCLike.toDenselyNormedField.{0} Complex Complex.instRCLike))))))))
          (@Semiring.toAddCommMonoid.{0} Complex
            (@DivisionSemiring.toSemiring.{0} Complex
              (@Semifield.toDivisionSemiring.{0} Complex
                (@Field.toSemifield.{0} Complex
                  (@NormedField.toField.{0} Complex
                    (@DenselyNormedField.toNormedField.{0} Complex
                      (@RCLike.toDenselyNormedField.{0} Complex Complex.instRCLike))))))))
        (@ContinuousLinearMap.instMul.{0, 0} Complex
          (@DivisionSemiring.toSemiring.{0} Complex
            (@Semifield.toDivisionSemiring.{0} Complex
              (@Field.toSemifield.{0} Complex
                (@NormedField.toField.{0} Complex
                  (@DenselyNormedField.toNormedField.{0} Complex
                    (@RCLike.toDenselyNormedField.{0} Complex Complex.instRCLike))))))
          (EuclideanSpace.{0, 0} Complex (Fin n))
          (@PiLp.topologicalSpace.{0, 0}
            (@OfNat.ofNat.{0} ENNReal (nat_lit 2)
              (@instOfNatAtLeastTwo.{0} ENNReal (nat_lit 2)
                (@AddMonoidWithOne.toNatCast.{0} ENNReal
                  (@AddCommMonoidWithOne.toAddMonoidWithOne.{0} ENNReal ENNReal.instAddCommMonoidWithOne))
                PiLp.innerProductSpace._proof_1))
            (Fin n) (fun (x : Fin n) => Complex) fun (i : Fin n) =>
            @UniformSpace.toTopologicalSpace.{0} Complex
              (@PseudoMetricSpace.toUniformSpace.{0} Complex
                (@SeminormedRing.toPseudoMetricSpace.{0} Complex
                  (@SeminormedCommRing.toSeminormedRing.{0} Complex
                    (@NormedCommRing.toSeminormedCommRing.{0} Complex
                      (@NormedField.toNormedCommRing.{0} Complex
                        (@DenselyNormedField.toNormedField.{0} Complex
                          (@RCLike.toDenselyNormedField.{0} Complex Complex.instRCLike))))))))
          (@AddCommGroup.toAddCommMonoid.{0} (EuclideanSpace.{0, 0} Complex (Fin n))
            (@WithLp.instAddCommGroup.{0}
              (@OfNat.ofNat.{0} ENNReal (nat_lit 2)
                (@instOfNatAtLeastTwo.{0} ENNReal (nat_lit 2)
                  (@AddMonoidWithOne.toNatCast.{0} ENNReal
                    (@AddCommMonoidWithOne.toAddMonoidWithOne.{0} ENNReal ENNReal.instAddCommMonoidWithOne))
                  PiLp.innerProductSpace._proof_1))
              ((i : Fin n) → (fun (x : Fin n) => Complex) i)
              (@Pi.addCommGroup.{0, 0} (Fin n) (fun (x : Fin n) => Complex) fun (i : Fin n) =>
                @Ring.toAddCommGroup.{0} Complex
                  (@DivisionRing.toRing.{0} Complex
                    (@Field.toDivisionRing.{0} Complex
                      (@NormedField.toField.{0} Complex
                        (@DenselyNormedField.toNormedField.{0} Complex
                          (@RCLike.toDenselyNormedField.{0} Complex Complex.instRCLike))))))))
          (@WithLp.instModule.{0, 0}
            (@OfNat.ofNat.{0} ENNReal (nat_lit 2)
              (@instOfNatAtLeastTwo.{0} ENNReal (nat_lit 2)
                (@AddMonoidWithOne.toNatCast.{0} ENNReal
                  (@AddCommMonoidWithOne.toAddMonoidWithOne.{0} ENNReal ENNReal.instAddCommMonoidWithOne))
                PiLp.innerProductSpace._proof_1))
            Complex ((i : Fin n) → (fun (x : Fin n) => Complex) i)
            (@DivisionSemiring.toSemiring.{0} Complex
              (@Semifield.toDivisionSemiring.{0} Complex
                (@Field.toSemifield.{0} Complex
                  (@NormedField.toField.{0} Complex
                    (@DenselyNormedField.toNormedField.{0} Complex
                      (@RCLike.toDenselyNormedField.{0} Complex Complex.instRCLike))))))
            (@Pi.addCommGroup.{0, 0} (Fin n) (fun (x : Fin n) => Complex) fun (i : Fin n) =>
              @Ring.toAddCommGroup.{0} Complex
                (@DivisionRing.toRing.{0} Complex
                  (@Field.toDivisionRing.{0} Complex
                    (@NormedField.toField.{0} Complex
                      (@DenselyNormedField.toNormedField.{0} Complex
                        (@RCLike.toDenselyNormedField.{0} Complex Complex.instRCLike))))))
            (@Pi.Function.module.{0, 0, 0} (Fin n) Complex Complex
              (@DivisionSemiring.toSemiring.{0} Complex
                (@Semifield.toDivisionSemiring.{0} Complex
                  (@Field.toSemifield.{0} Complex
                    (@NormedField.toField.{0} Complex
                      (@DenselyNormedField.toNormedField.{0} Complex
                        (@RCLike.toDenselyNormedField.{0} Complex Complex.instRCLike))))))
              (@Semiring.toAddCommMonoid.{0} Complex
                (@Ring.toSemiring.{0} Complex
                  (@DivisionRing.toRing.{0} Complex
                    (@Field.toDivisionRing.{0} Complex
                      (@NormedField.toField.{0} Complex
                        (@DenselyNormedField.toNormedField.{0} Complex
                          (@RCLike.toDenselyNormedField.{0} Complex Complex.instRCLike)))))))
              (@Semiring.toModule.{0} Complex
                (@DivisionSemiring.toSemiring.{0} Complex
                  (@Semifield.toDivisionSemiring.{0} Complex
                    (@Field.toSemifield.{0} Complex
                      (@NormedField.toField.{0} Complex
                        (@DenselyNormedField.toNormedField.{0} Complex
                          (@RCLike.toDenselyNormedField.{0} Complex Complex.instRCLike))))))))))
        (@Matrix.smul.{0, 0, 0, 0} (Fin n) (Fin n) Complex Complex
          (@instSMulOfMul.{0} Complex
            (@Distrib.toMul.{0} Complex
              (@instDistribOfSemiring.{0} Complex
                (@DivisionSemiring.toSemiring.{0} Complex
                  (@Semifield.toDivisionSemiring.{0} Complex
                    (@Field.toSemifield.{0} Complex
                      (@NormedField.toField.{0} Complex
                        (@DenselyNormedField.toNormedField.{0} Complex
                          (@RCLike.toDenselyNormedField.{0} Complex Complex.instRCLike))))))))))
        (@ContinuousLinearMap.instSMul.{0, 0, 0, 0, 0} Complex Complex
          (@DivisionSemiring.toSemiring.{0} Complex
            (@Semifield.toDivisionSemiring.{0} Complex
              (@Field.toSemifield.{0} Complex
                (@NormedField.toField.{0} Complex
                  (@DenselyNormedField.toNormedField.{0} Complex
                    (@RCLike.toDenselyNormedField.{0} Complex Complex.instRCLike))))))
          (@DivisionSemiring.toSemiring.{0} Complex
            (@Semifield.toDivisionSemiring.{0} Complex
              (@Field.toSemifield.{0} Complex
                (@NormedField.toField.{0} Complex
                  (@DenselyNormedField.toNormedField.{0} Complex
                    (@RCLike.toDenselyNormedField.{0} Complex Complex.instRCLike))))))
          (@RingHom.id.{0} Complex
            (@Semiring.toNonAssocSemiring.{0} Complex
              (@DivisionSemiring.toSemiring.{0} Complex
                (@Semifield.toDivisionSemiring.{0} Complex
                  (@Field.toSemifield.{0} Complex
                    (@NormedField.toField.{0} Complex
                      (@DenselyNormedField.toNormedField.{0} Complex
                        (@RCLike.toDenselyNormedField.{0} Complex Complex.instRCLike))))))))
          (EuclideanSpace.{0, 0} Complex (Fin n))
          (@PiLp.topologicalSpace.{0, 0}
            (@OfNat.ofNat.{0} ENNReal (nat_lit 2)
              (@instOfNatAtLeastTwo.{0} ENNReal (nat_lit 2)
                (@AddMonoidWithOne.toNatCast.{0} ENNReal
                  (@AddCommMonoidWithOne.toAddMonoidWithOne.{0} ENNReal ENNReal.instAddCommMonoidWithOne))
                PiLp.innerProductSpace._proof_1))
            (Fin n) (fun (x : Fin n) => Complex) fun (i : Fin n) =>
            @UniformSpace.toTopologicalSpace.{0} Complex
              (@PseudoMetricSpace.toUniformSpace.{0} Complex
                (@SeminormedRing.toPseudoMetricSpace.{0} Complex
                  (@SeminormedCommRing.toSeminormedRing.{0} Complex
                    (@NormedCommRing.toSeminormedCommRing.{0} Complex
                      (@NormedField.toNormedCommRing.{0} Complex
                        (@DenselyNormedField.toNormedField.{0} Complex
                          (@RCLike.toDenselyNormedField.{0} Complex Complex.instRCLike))))))))
          (@AddCommGroup.toAddCommMonoid.{0} (EuclideanSpace.{0, 0} Complex (Fin n))
            (@WithLp.instAddCommGroup.{0}
              (@OfNat.ofNat.{0} ENNReal (nat_lit 2)
                (@instOfNatAtLeastTwo.{0} ENNReal (nat_lit 2)
                  (@AddMonoidWithOne.toNatCast.{0} ENNReal
                    (@AddCommMonoidWithOne.toAddMonoidWithOne.{0} ENNReal ENNReal.instAddCommMonoidWithOne))
                  PiLp.innerProductSpace._proof_1))
              ((i : Fin n) → (fun (x : Fin n) => Complex) i)
              (@Pi.addCommGroup.{0, 0} (Fin n) (fun (x : Fin n) => Complex) fun (i : Fin n) =>
                @Ring.toAddCommGroup.{0} Complex
                  (@DivisionRing.toRing.{0} Complex
                    (@Field.toDivisionRing.{0} Complex
                      (@NormedField.toField.{0} Complex
                        (@DenselyNormedField.toNormedField.{0} Complex
                          (@RCLike.toDenselyNormedField.{0} Complex Complex.instRCLike))))))))
          (EuclideanSpace.{0, 0} Complex (Fin n))
          (@PiLp.topologicalSpace.{0, 0}
            (@OfNat.ofNat.{0} ENNReal (nat_lit 2)
              (@instOfNatAtLeastTwo.{0} ENNReal (nat_lit 2)
                (@AddMonoidWithOne.toNatCast.{0} ENNReal
                  (@AddCommMonoidWithOne.toAddMonoidWithOne.{0} ENNReal ENNReal.instAddCommMonoidWithOne))
                PiLp.innerProductSpace._proof_1))
            (Fin n) (fun (x : Fin n) => Complex) fun (i : Fin n) =>
            @UniformSpace.toTopologicalSpace.{0} Complex
              (@PseudoMetricSpace.toUniformSpace.{0} Complex
                (@SeminormedRing.toPseudoMetricSpace.{0} Complex
                  (@SeminormedCommRing.toSeminormedRing.{0} Complex
                    (@NormedCommRing.toSeminormedCommRing.{0} Complex
                      (@NormedField.toNormedCommRing.{0} Complex
                        (@DenselyNormedField.toNormedField.{0} Complex
                          (@RCLike.toDenselyNormedField.{0} Complex Complex.instRCLike))))))))
          (@AddCommGroup.toAddCommMonoid.{0} (EuclideanSpace.{0, 0} Complex (Fin n))
            (@WithLp.instAddCommGroup.{0}
              (@OfNat.ofNat.{0} ENNReal (nat_lit 2)
                (@instOfNatAtLeastTwo.{0} ENNReal (nat_lit 2)
                  (@AddMonoidWithOne.toNatCast.{0} ENNReal
                    (@AddCommMonoidWithOne.toAddMonoidWithOne.{0} ENNReal ENNReal.instAddCommMonoidWithOne))
                  PiLp.innerProductSpace._proof_1))
              ((i : Fin n) → (fun (x : Fin n) => Complex) i)
              (@Pi.addCommGroup.{0, 0} (Fin n) (fun (x : Fin n) => Complex) fun (i : Fin n) =>
                @Ring.toAddCommGroup.{0} Complex
                  (@DivisionRing.toRing.{0} Complex
                    (@Field.toDivisionRing.{0} Complex
                      (@NormedField.toField.{0} Complex
                        (@DenselyNormedField.toNormedField.{0} Complex
                          (@RCLike.toDenselyNormedField.{0} Complex Complex.instRCLike))))))))
          (@WithLp.instModule.{0, 0}
            (@OfNat.ofNat.{0} ENNReal (nat_lit 2)
              (@instOfNatAtLeastTwo.{0} ENNReal (nat_lit 2)
                (@AddMonoidWithOne.toNatCast.{0} ENNReal
                  (@AddCommMonoidWithOne.toAddMonoidWithOne.{0} ENNReal ENNReal.instAddCommMonoidWithOne))
                PiLp.innerProductSpace._proof_1))
            Complex ((i : Fin n) → (fun (x : Fin n) => Complex) i)
            (@DivisionSemiring.toSemiring.{0} Complex
              (@Semifield.toDivisionSemiring.{0} Complex
                (@Field.toSemifield.{0} Complex
                  (@NormedField.toField.{0} Complex
                    (@DenselyNormedField.toNormedField.{0} Complex
                      (@RCLike.toDenselyNormedField.{0} Complex Complex.instRCLike))))))
            (@Pi.addCommGroup.{0, 0} (Fin n) (fun (x : Fin n) => Complex) fun (i : Fin n) =>
              @Ring.toAddCommGroup.{0} Complex
                (@DivisionRing.toRing.{0} Complex
                  (@Field.toDivisionRing.{0} Complex
                    (@NormedField.toField.{0} Complex
                      (@DenselyNormedField.toNormedField.{0} Complex
                        (@RCLike.toDenselyNormedField.{0} Complex Complex.instRCLike))))))
            (@Pi.Function.module.{0, 0, 0} (Fin n) Complex Complex
              (@DivisionSemiring.toSemiring.{0} Complex
                (@Semifield.toDivisionSemiring.{0} Complex
                  (@Field.toSemifield.{0} Complex
                    (@NormedField.toField.{0} Complex
                      (@DenselyNormedField.toNormedField.{0} Complex
                        (@RCLike.toDenselyNormedField.{0} Complex Complex.instRCLike))))))
              (@Semiring.toAddCommMonoid.{0} Complex
                (@Ring.toSemiring.{0} Complex
                  (@DivisionRing.toRing.{0} Complex
                    (@Field.toDivisionRing.{0} Complex
                      (@NormedField.toField.{0} Complex
                        (@DenselyNormedField.toNormedField.{0} Complex
                          (@RCLike.toDenselyNormedField.{0} Complex Complex.instRCLike)))))))
              (@Semiring.toModule.{0} Complex
                (@DivisionSemiring.toSemiring.{0} Complex
                  (@Semifield.toDivisionSemiring.{0} Complex
                    (@Field.toSemifield.{0} Complex
                      (@NormedField.toField.{0} Complex
                        (@DenselyNormedField.toNormedField.{0} Complex
                          (@RCLike.toDenselyNormedField.{0} Complex Complex.instRCLike)))))))))
          (@WithLp.instModule.{0, 0}
            (@OfNat.ofNat.{0} ENNReal (nat_lit 2)
              (@instOfNatAtLeastTwo.{0} ENNReal (nat_lit 2)
                (@AddMonoidWithOne.toNatCast.{0} ENNReal
                  (@AddCommMonoidWithOne.toAddMonoidWithOne.{0} ENNReal ENNReal.instAddCommMonoidWithOne))
                PiLp.innerProductSpace._proof_1))
            Complex ((i : Fin n) → (fun (x : Fin n) => Complex) i)
            (@DivisionSemiring.toSemiring.{0} Complex
              (@Semifield.toDivisionSemiring.{0} Complex
                (@Field.toSemifield.{0} Complex
                  (@NormedField.toField.{0} Complex
                    (@DenselyNormedField.toNormedField.{0} Complex
                      (@RCLike.toDenselyNormedField.{0} Complex Complex.instRCLike))))))
            (@Pi.addCommGroup.{0, 0} (Fin n) (fun (x : Fin n) => Complex) fun (i : Fin n) =>
              @Ring.toAddCommGroup.{0} Complex
                (@DivisionRing.toRing.{0} Complex
                  (@Field.toDivisionRing.{0} Complex
                    (@NormedField.toField.{0} Complex
                      (@DenselyNormedField.toNormedField.{0} Complex
                        (@RCLike.toDenselyNormedField.{0} Complex Complex.instRCLike))))))
            (@Pi.Function.module.{0, 0, 0} (Fin n) Complex Complex
              (@DivisionSemiring.toSemiring.{0} Complex
                (@Semifield.toDivisionSemiring.{0} Complex
                  (@Field.toSemifield.{0} Complex
                    (@NormedField.toField.{0} Complex
                      (@DenselyNormedField.toNormedField.{0} Complex
                        (@RCLike.toDenselyNormedField.{0} Complex Complex.instRCLike))))))
              (@Semiring.toAddCommMonoid.{0} Complex
                (@Ring.toSemiring.{0} Complex
                  (@DivisionRing.toRing.{0} Complex
                    (@Field.toDivisionRing.{0} Complex
                      (@NormedField.toField.{0} Complex
                        (@DenselyNormedField.toNormedField.{0} Complex
                          (@RCLike.toDenselyNormedField.{0} Complex Complex.instRCLike)))))))
              (@Semiring.toModule.{0} Complex
                (@DivisionSemiring.toSemiring.{0} Complex
                  (@Semifield.toDivisionSemiring.{0} Complex
                    (@Field.toSemifield.{0} Complex
                      (@NormedField.toField.{0} Complex
                        (@DenselyNormedField.toNormedField.{0} Complex
                          (@RCLike.toDenselyNormedField.{0} Complex Complex.instRCLike)))))))))
          Complex
          (@DistribMulAction.toDistribSMul.{0, 0} Complex (EuclideanSpace.{0, 0} Complex (Fin n))
            (@Semiring.toMonoid.{0} Complex
              (@DivisionSemiring.toSemiring.{0} Complex
                (@Semifield.toDivisionSemiring.{0} Complex
                  (@Field.toSemifield.{0} Complex
                    (@NormedField.toField.{0} Complex
                      (@DenselyNormedField.toNormedField.{0} Complex
                        (@RCLike.toDenselyNormedField.{0} Complex Complex.instRCLike)))))))
            (@SubNegMonoid.toAddMonoid.{0} (EuclideanSpace.{0, 0} Complex (Fin n))
              (@AddGroup.toSubNegMonoid.{0} (EuclideanSpace.{0, 0} Complex (Fin n))
                (@AddCommGroup.toAddGroup.{0} (EuclideanSpace.{0, 0} Complex (Fin n))
                  (@WithLp.instAddCommGroup.{0}
                    (@OfNat.ofNat.{0} ENNReal (nat_lit 2)
                      (@instOfNatAtLeastTwo.{0} ENNReal (nat_lit 2)
                        (@AddMonoidWithOne.toNatCast.{0} ENNReal
                          (@AddCommMonoidWithOne.toAddMonoidWithOne.{0} ENNReal ENNReal.instAddCommMonoidWithOne))
                        PiLp.innerProductSpace._proof_1))
                    ((i : Fin n) → (fun (x : Fin n) => Complex) i)
                    (@Pi.addCommGroup.{0, 0} (Fin n) (fun (x : Fin n) => Complex) fun (i : Fin n) =>
                      @Ring.toAddCommGroup.{0} Complex
                        (@DivisionRing.toRing.{0} Complex
                          (@Field.toDivisionRing.{0} Complex
                            (@NormedField.toField.{0} Complex
                              (@DenselyNormedField.toNormedField.{0} Complex
                                (@RCLike.toDenselyNormedField.{0} Complex Complex.instRCLike))))))))))
            (@WithLp.instDistribMulAction.{0, 0}
              (@OfNat.ofNat.{0} ENNReal (nat_lit 2)
                (@instOfNatAtLeastTwo.{0} ENNReal (nat_lit 2)
                  (@AddMonoidWithOne.toNatCast.{0} ENNReal
                    (@AddCommMonoidWithOne.toAddMonoidWithOne.{0} ENNReal ENNReal.instAddCommMonoidWithOne))
                  PiLp.innerProductSpace._proof_1))
              Complex ((i : Fin n) → (fun (x : Fin n) => Complex) i)
              (@Semiring.toMonoid.{0} Complex
                (@DivisionSemiring.toSemiring.{0} Complex
                  (@Semifield.toDivisionSemiring.{0} Complex
                    (@Field.toSemifield.{0} Complex
                      (@NormedField.toField.{0} Complex
                        (@DenselyNormedField.toNormedField.{0} Complex
                          (@RCLike.toDenselyNormedField.{0} Complex Complex.instRCLike)))))))
              (@Pi.addCommGroup.{0, 0} (Fin n) (fun (x : Fin n) => Complex) fun (i : Fin n) =>
                @Ring.toAddCommGroup.{0} Complex
                  (@DivisionRing.toRing.{0} Complex
                    (@Field.toDivisionRing.{0} Complex
                      (@NormedField.toField.{0} Complex
                        (@DenselyNormedField.toNormedField.{0} Complex
                          (@RCLike.toDenselyNormedField.{0} Complex Complex.instRCLike))))))
              (@Pi.distribMulAction.{0, 0, 0} (Fin n) (fun (x : Fin n) => Complex) Complex
                (@Semiring.toMonoid.{0} Complex
                  (@DivisionSemiring.toSemiring.{0} Complex
                    (@Semifield.toDivisionSemiring.{0} Complex
                      (@Field.toSemifield.{0} Complex
                        (@NormedField.toField.{0} Complex
                          (@DenselyNormedField.toNormedField.{0} Complex
                            (@RCLike.toDenselyNormedField.{0} Complex Complex.instRCLike)))))))
                (fun (i : ⋯) =>
                  @SubNegMonoid.toAddMonoid.{0} ((fun (x : Fin n) => Complex) i)
                    ((fun (i : ⋯) => @AddGroup.toSubNegMonoid.{0} ((fun (x : ⋯) => Complex) ⋯) ⋯) ⋯))
                ⋯)))
          ⋯ ⋯)
        ⋯ ⋯)
      ⋯ ⋯)
def NLA.MI03.matrixModulus : {n : Nat} → (A : NLA.MI03.Mat n) → NLA.MI03.Mat n :=
fun {n : Nat} (A : NLA.MI03.Mat n) =>
  @CFC.sqrt.{0} (NLA.MI03.Mat n) (@Matrix.instPartialOrder.{0, 0} Complex (Fin n) Complex.instRCLike)
    (@Matrix.instNonUnitalRing.{0, 0} (Fin n) Complex (Fin.fintype n)
      (@NonUnitalCommRing.toNonUnitalRing.{0} Complex Complex.instNonUnitalCommRing))
    (@instTopologicalSpaceMatrix.{0, 0, 0} (Fin n) (Fin n) Complex
      (@UniformSpace.toTopologicalSpace.{0} Complex
        (@PseudoMetricSpace.toUniformSpace.{0} Complex
          (@SeminormedRing.toPseudoMetricSpace.{0} Complex
            (@SeminormedCommRing.toSeminormedRing.{0} Complex
              (@NormedCommRing.toSeminormedCommRing.{0} Complex
                (@CommCStarAlgebra.toNormedCommRing.{0} Complex instCommCStarAlgebraComplex)))))))
    (@Matrix.instStarRing.{0, 0} (Fin n) Complex (Fin.fintype n)
      (@NonUnitalNonAssocRing.toNonUnitalNonAssocSemiring.{0} Complex
        (@NonUnitalNonAssocCommRing.toNonUnitalNonAssocRing.{0} Complex
          (@NonUnitalCommRing.toNonUnitalNonAssocCommRing.{0} Complex Complex.instNonUnitalCommRing)))
      Complex.instStarRing)
    (@Matrix.module.{0, 0, 0, 0} (Fin n) (Fin n) Real Complex Real.semiring Complex.instAddCommMonoid
      (@NormedSpace.toModule.{0, 0} Real Complex Real.normedField
        (@NonUnitalSeminormedRing.toSeminormedAddCommGroup.{0} Complex
          (@NonUnitalSeminormedCommRing.toNonUnitalSeminormedRing.{0} Complex
            (@SeminormedCommRing.toNonUnitalSeminormedCommRing.{0} Complex
              (@NormedCommRing.toSeminormedCommRing.{0} Complex
                (@CommCStarAlgebra.toNormedCommRing.{0} Complex instCommCStarAlgebraComplex)))))
        (@InnerProductSpace.toNormedSpace.{0, 0} Real Complex Real.instRCLike
          (@NonUnitalSeminormedRing.toSeminormedAddCommGroup.{0} Complex
            (@NonUnitalSeminormedCommRing.toNonUnitalSeminormedRing.{0} Complex
              (@SeminormedCommRing.toNonUnitalSeminormedCommRing.{0} Complex
                (@NormedCommRing.toSeminormedCommRing.{0} Complex
                  (@CommCStarAlgebra.toNormedCommRing.{0} Complex instCommCStarAlgebraComplex)))))
          instInnerProductSpaceRealComplex)))
    (@NLA.MI03.matrixModulus._proof_1 n) (@NLA.MI03.matrixModulus._proof_2 n) (@NLA.MI03.matrixModulus._proof_3 n)
    (@NLA.MI03.matrixModulus._proof_8 n) (@NLA.MI03.matrixModulus._proof_9 n)
    (@HMul.hMul.{0, 0, 0} (Matrix.{0, 0, 0} (Fin n) (Fin n) Complex) (NLA.MI03.Mat n)
      (Matrix.{0, 0, 0} (Fin n) (Fin n) Complex)
      (@Matrix.instHMulOfFintypeOfMulOfAddCommMonoid.{0, 0, 0, 0} (Fin n) (Fin n) (Fin n) Complex (Fin.fintype n)
        Complex.instMul Complex.instAddCommMonoid)
      (@Matrix.conjTranspose.{0, 0, 0} (Fin n) (Fin n) Complex
        (@InvolutiveStar.toStar.{0} Complex
          (@StarAddMonoid.toInvolutiveStar.{0} Complex
            (@AddCommMonoid.toAddMonoid.{0} Complex
              (@NonUnitalNonAssocSemiring.toAddCommMonoid.{0} Complex
                (@NonUnitalNonAssocRing.toNonUnitalNonAssocSemiring.{0} Complex
                  (@NonUnitalNonAssocCommRing.toNonUnitalNonAssocRing.{0} Complex
                    (@NonUnitalCommRing.toNonUnitalNonAssocCommRing.{0} Complex Complex.instNonUnitalCommRing)))))
            (@StarRing.toStarAddMonoid.{0} Complex
              (@NonUnitalNonAssocRing.toNonUnitalNonAssocSemiring.{0} Complex
                (@NonUnitalNonAssocCommRing.toNonUnitalNonAssocRing.{0} Complex
                  (@NonUnitalCommRing.toNonUnitalNonAssocCommRing.{0} Complex Complex.instNonUnitalCommRing)))
              Complex.instStarRing)))
        A)
      A)
def NLA.MI03.OddContractionConjecture : Prop :=
∀ (k : Nat),
  @LE.le.{0} Nat instLENat (@OfNat.ofNat.{0} Nat (nat_lit 3) (instOfNatNat (nat_lit 3))) k →
    @Odd.{0} Nat Nat.instSemiring k →
      @Eq.{1} Real (NLA.MI03.sharpConstant k)
        (@HDiv.hDiv.{0, 0, 0} Real Real Real (@instHDiv.{0} Real (@DivInvMonoid.toDiv.{0} Real Real.instDivInvMonoid))
          (@Nat.cast.{0} Real Real.instNatCast k)
          (@OfNat.ofNat.{0} Real (nat_lit 4)
            (@instOfNatAtLeastTwo.{0} Real (nat_lit 4) Real.instNatCast NLA.MI03.OddContractionConjecture._proof_1)))
NLA.MI03.sharpness_witness (k : Nat)
  (hk : @LE.le.{0} Nat instLENat (@OfNat.ofNat.{0} Nat (nat_lit 2) (instOfNatNat (nat_lit 2))) k) :
  And
    (∀ (j : Fin k),
      @Eq.{1} Real
        (@Norm.norm.{0}
          (WithLp.{0}
            (@OfNat.ofNat.{0} ENNReal (nat_lit 2)
              (@instOfNatAtLeastTwo.{0} ENNReal (nat_lit 2)
                (@AddMonoidWithOne.toNatCast.{0} ENNReal
                  (@AddCommMonoidWithOne.toAddMonoidWithOne.{0} ENNReal ENNReal.instAddCommMonoidWithOne))
                (@Nat.instAtLeastTwoHAddOfNat (@OfNat.ofNat.{0} Nat (nat_lit 1) (instOfNatNat (nat_lit 1)))
                  (@Nat.instNeZeroSucc (@OfNat.ofNat.{0} Nat (nat_lit 0) (instOfNatNat (nat_lit 0)))))))
            (Fin (@OfNat.ofNat.{0} Nat (nat_lit 2) (instOfNatNat (nat_lit 2))) → Complex))
          (@PiLp.instNorm.{0, 0}
            (@OfNat.ofNat.{0} ENNReal (nat_lit 2)
              (@instOfNatAtLeastTwo.{0} ENNReal (nat_lit 2)
                (@AddMonoidWithOne.toNatCast.{0} ENNReal
                  (@AddCommMonoidWithOne.toAddMonoidWithOne.{0} ENNReal ENNReal.instAddCommMonoidWithOne))
                (@Nat.instAtLeastTwoHAddOfNat (@OfNat.ofNat.{0} Nat (nat_lit 1) (instOfNatNat (nat_lit 1)))
                  (@Nat.instNeZeroSucc (@OfNat.ofNat.{0} Nat (nat_lit 0) (instOfNatNat (nat_lit 0)))))))
            (Fin (@OfNat.ofNat.{0} Nat (nat_lit 2) (instOfNatNat (nat_lit 2))))
            (fun (a : Fin (@OfNat.ofNat.{0} Nat (nat_lit 2) (instOfNatNat (nat_lit 2)))) => Complex)
            (Fin.fintype (@OfNat.ofNat.{0} Nat (nat_lit 2) (instOfNatNat (nat_lit 2))))
            fun (i : Fin (@OfNat.ofNat.{0} Nat (nat_lit 2) (instOfNatNat (nat_lit 2)))) => Complex.instNorm)
          (@WithLp.toLp.{0}
            (@OfNat.ofNat.{0} ENNReal (nat_lit 2)
              (@instOfNatAtLeastTwo.{0} ENNReal (nat_lit 2)
                (@AddMonoidWithOne.toNatCast.{0} ENNReal
                  (@AddCommMonoidWithOne.toAddMonoidWithOne.{0} ENNReal ENNReal.instAddCommMonoidWithOne))
                (@Nat.instAtLeastTwoHAddOfNat (@OfNat.ofNat.{0} Nat (nat_lit 1) (instOfNatNat (nat_lit 1)))
                  (@Nat.instNeZeroSucc (@OfNat.ofNat.{0} Nat (nat_lit 0) (instOfNatNat (nat_lit 0)))))))
            (Fin (@OfNat.ofNat.{0} Nat (nat_lit 2) (instOfNatNat (nat_lit 2))) → Complex) (NLA.MI03.witnessVector k j)))
        (@OfNat.ofNat.{0} Real (nat_lit 1) (@One.toOfNat1.{0} Real Real.instOne)))
    (And
      (∀ (j : Fin k),
        @Eq.{1} Real
          (@NLA.MI03.operatorNorm (@OfNat.ofNat.{0} Nat (nat_lit 2) (instOfNatNat (nat_lit 2))) (NLA.MI03.witness k j))
          (@OfNat.ofNat.{0} Real (nat_lit 1) (@One.toOfNat1.{0} Real Real.instOne)))
      (And
        (∀ (j : Fin k),
          @Eq.{1} (NLA.MI03.Mat (@OfNat.ofNat.{0} Nat (nat_lit 2) (instOfNatNat (nat_lit 2))))
            (@NLA.MI03.matrixModulus (@OfNat.ofNat.{0} Nat (nat_lit 2) (instOfNatNat (nat_lit 2)))
              (NLA.MI03.witness k j))
            (@NLA.MI03.outerProduct (@OfNat.ofNat.{0} Nat (nat_lit 2) (instOfNatNat (nat_lit 2)))
              (NLA.MI03.witnessVector k j) (NLA.MI03.witnessVector k j)))
        (And
          (@Eq.{1} (NLA.MI03.Mat (@OfNat.ofNat.{0} Nat (nat_lit 2) (instOfNatNat (nat_lit 2))))
            (@NLA.MI03.summandSum (@OfNat.ofNat.{0} Nat (nat_lit 2) (instOfNatNat (nat_lit 2))) k (NLA.MI03.witness k))
            (@HSMul.hSMul.{0, 0, 0} Complex (NLA.MI03.Mat (@OfNat.ofNat.{0} Nat (nat_lit 2) (instOfNatNat (nat_lit 2))))
              (NLA.MI03.Mat (@OfNat.ofNat.{0} Nat (nat_lit 2) (instOfNatNat (nat_lit 2))))
              (@instHSMul.{0, 0} Complex (NLA.MI03.Mat (@OfNat.ofNat.{0} Nat (nat_lit 2) (instOfNatNat (nat_lit 2))))
                (@Matrix.smul.{0, 0, 0, 0} (Fin (@OfNat.ofNat.{0} Nat (nat_lit 2) (instOfNatNat (nat_lit 2))))
                  (Fin (@OfNat.ofNat.{0} Nat (nat_lit 2) (instOfNatNat (nat_lit 2)))) Complex Complex
                  (@instSMulOfMul.{0} Complex Complex.instMul)))
              (@HDiv.hDiv.{0, 0, 0} Complex Complex Complex
                (@instHDiv.{0} Complex (@DivInvMonoid.toDiv.{0} Complex Complex.instDivInvMonoid))
                (@Nat.cast.{0} Complex Complex.instNatCast k)
                (@OfNat.ofNat.{0} Complex (nat_lit 2)
                  (@instOfNatAtLeastTwo.{0} Complex (nat_lit 2) Complex.instNatCast
                    (@Nat.instAtLeastTwoHAddOfNat (@OfNat.ofNat.{0} Nat (nat_lit 1) (instOfNatNat (nat_lit 1)))
                      (@Nat.instNeZeroSucc (@OfNat.ofNat.{0} Nat (nat_lit 0) (instOfNatNat (nat_lit 0))))))))
              NLA.MI03.firstProjection))
          (And
            (@Eq.{1} (NLA.MI03.Mat (@OfNat.ofNat.{0} Nat (nat_lit 2) (instOfNatNat (nat_lit 2))))
              (@NLA.MI03.modulusSum (@OfNat.ofNat.{0} Nat (nat_lit 2) (instOfNatNat (nat_lit 2))) k
                (NLA.MI03.witness k))
              (NLA.MI03.witnessModulusSum k))
            (@Eq.{1} (NLA.MI03.Mat (@OfNat.ofNat.{0} Nat (nat_lit 2) (instOfNatNat (nat_lit 2))))
              (@HSub.hSub.{0, 0, 0} (NLA.MI03.Mat (@OfNat.ofNat.{0} Nat (nat_lit 2) (instOfNatNat (nat_lit 2))))
                (NLA.MI03.Mat (@OfNat.ofNat.{0} Nat (nat_lit 2) (instOfNatNat (nat_lit 2))))
                (NLA.MI03.Mat (@OfNat.ofNat.{0} Nat (nat_lit 2) (instOfNatNat (nat_lit 2))))
                (@instHSub.{0} (NLA.MI03.Mat (@OfNat.ofNat.{0} Nat (nat_lit 2) (instOfNatNat (nat_lit 2))))
                  (@Matrix.sub.{0, 0, 0} (Fin (@OfNat.ofNat.{0} Nat (nat_lit 2) (instOfNatNat (nat_lit 2))))
                    (Fin (@OfNat.ofNat.{0} Nat (nat_lit 2) (instOfNatNat (nat_lit 2)))) Complex Complex.instSub))
                (@NLA.MI03.matrixModulus (@OfNat.ofNat.{0} Nat (nat_lit 2) (instOfNatNat (nat_lit 2)))
                  (@NLA.MI03.summandSum (@OfNat.ofNat.{0} Nat (nat_lit 2) (instOfNatNat (nat_lit 2))) k
                    (NLA.MI03.witness k)))
                (@NLA.MI03.modulusSum (@OfNat.ofNat.{0} Nat (nat_lit 2) (instOfNatNat (nat_lit 2))) k
                  (NLA.MI03.witness k)))
              (NLA.MI03.witnessDifference k))))))
NLA.MI03.sharp_constant (k : Nat)
  (hk : @LE.le.{0} Nat instLENat (@OfNat.ofNat.{0} Nat (nat_lit 2) (instOfNatNat (nat_lit 2))) k) :
  And
    (@IsLeast.{0} Real Real.instLE (NLA.MI03.admissibleConstants k)
      (@HDiv.hDiv.{0, 0, 0} Real Real Real (@instHDiv.{0} Real (@DivInvMonoid.toDiv.{0} Real Real.instDivInvMonoid))
        (@Nat.cast.{0} Real Real.instNatCast k)
        (@OfNat.ofNat.{0} Real (nat_lit 4)
          (@instOfNatAtLeastTwo.{0} Real (nat_lit 4) Real.instNatCast
            (@Nat.instAtLeastTwoHAddOfNat (@OfNat.ofNat.{0} Nat (nat_lit 3) (instOfNatNat (nat_lit 3)))
              (@Nat.instNeZeroSucc (@OfNat.ofNat.{0} Nat (nat_lit 2) (instOfNatNat (nat_lit 2)))))))))
    (@Eq.{1} Real (NLA.MI03.sharpConstant k)
      (@HDiv.hDiv.{0, 0, 0} Real Real Real (@instHDiv.{0} Real (@DivInvMonoid.toDiv.{0} Real Real.instDivInvMonoid))
        (@Nat.cast.{0} Real Real.instNatCast k)
        (@OfNat.ofNat.{0} Real (nat_lit 4)
          (@instOfNatAtLeastTwo.{0} Real (nat_lit 4) Real.instNatCast
            (@Nat.instAtLeastTwoHAddOfNat (@OfNat.ofNat.{0} Nat (nat_lit 3) (instOfNatNat (nat_lit 3)))
              (@Nat.instNeZeroSucc (@OfNat.ofNat.{0} Nat (nat_lit 2) (instOfNatNat (nat_lit 2)))))))))
