2026-09-15T22:34:09.1421410Z Current runner version: '2.337.0'
2026-09-15T22:34:09.1445159Z ##[group]Runner Image Provisioner
2026-09-15T22:34:09.1446052Z Hosted Compute Agent
2026-09-15T22:34:09.1446558Z Version: 20260828.587
2026-09-15T22:34:09.1447112Z Commit: abac92662cab4cc7352de4f9f9d2e2419aad9c29
2026-09-15T22:34:09.1447788Z Build Date: 2026-08-28T16:44:25Z
2026-09-15T22:34:09.1448733Z Worker ID: {caff5e61-2727-4a88-929e-e412a3052d87}
2026-09-15T22:34:09.1449375Z Azure Region: centralus
2026-09-15T22:34:09.1449874Z ##[endgroup]
2026-09-15T22:34:09.1451088Z ##[group]Operating System
2026-09-15T22:34:09.1451672Z Ubuntu
2026-09-15T22:34:09.1452117Z 24.04.5
2026-09-15T22:34:09.1452598Z LTS
2026-09-15T22:34:09.1453036Z ##[endgroup]
2026-09-15T22:34:09.1453566Z ##[group]Runner Image
2026-09-15T22:34:09.1454282Z Image: ubuntu-24.04
2026-09-15T22:34:09.1454949Z Version: 20260907.300.1
2026-09-15T22:34:09.1456072Z Included Software: https://github.com/actions/runner-images/blob/ubuntu24/20260907.300/images/ubuntu/Ubuntu2404-Readme.md
2026-09-15T22:34:09.1457354Z Image Release: https://github.com/actions/runner-images/releases/tag/ubuntu24%2F20260907.300
2026-09-15T22:34:09.1458462Z ##[endgroup]
2026-09-15T22:34:09.1459436Z ##[group]GITHUB_TOKEN Permissions
2026-09-15T22:34:09.1461804Z Contents: read
2026-09-15T22:34:09.1462299Z Metadata: read
2026-09-15T22:34:09.1462771Z ##[endgroup]
2026-09-15T22:34:09.1464556Z Secret source: Actions
2026-09-15T22:34:09.1465360Z Cache mode: write
2026-09-15T22:34:09.1465947Z Prepare workflow directory
2026-09-15T22:34:09.2136232Z Prepare all required actions
2026-09-15T22:34:09.2202715Z Getting action download info
2026-09-15T22:34:09.4599197Z Download action repository 'actions/checkout@11d5960a326750d5838078e36cf38b85af677262' (SHA:11d5960a326750d5838078e36cf38b85af677262)
2026-09-15T22:34:09.8214203Z Download action repository 'leanprover/lean-action@96e06131c0e9943c780388fd166f55d1e2fa0433' (SHA:96e06131c0e9943c780388fd166f55d1e2fa0433)
2026-09-15T22:34:10.2552648Z Download action repository 'actions/upload-artifact@ea165f8d65b6e75b540449e92b4886f43607fa02' (SHA:ea165f8d65b6e75b540449e92b4886f43607fa02)
2026-09-15T22:34:10.4801135Z Getting action download info
2026-09-15T22:34:10.5727946Z Download action repository 'actions/cache@v5' (SHA:caa296126883cff596d87d8935842f9db880ef25)
2026-09-15T22:34:10.8642684Z Complete job name: statements
2026-09-15T22:34:10.9379290Z Node 20 is being deprecated. This workflow is running with Node 24 by default. If you need to temporarily use Node 20, you can set the ACTIONS_ALLOW_USE_UNSECURE_NODE_VERSION=true environment variable. For more information see: https://github.blog/changelog/2025-09-19-deprecation-of-node-20-on-github-actions-runners/
2026-09-15T22:34:10.9388677Z ##[group]Run actions/checkout@11d5960a326750d5838078e36cf38b85af677262
2026-09-15T22:34:10.9390183Z with:
2026-09-15T22:34:10.9391132Z   persist-credentials: false
2026-09-15T22:34:10.9392236Z   repository: sgstepaniants/OpenProblemsInNLA
2026-09-15T22:34:10.9400281Z   token: ***
2026-09-15T22:34:10.9401226Z   ssh-strict: true
2026-09-15T22:34:10.9402142Z   ssh-user: git
2026-09-15T22:34:10.9403039Z   clean: true
2026-09-15T22:34:10.9403963Z   sparse-checkout-cone-mode: true
2026-09-15T22:34:10.9404992Z   fetch-depth: 1
2026-09-15T22:34:10.9405878Z   fetch-tags: false
2026-09-15T22:34:10.9406782Z   show-progress: true
2026-09-15T22:34:10.9407809Z   lfs: false
2026-09-15T22:34:10.9408859Z   submodules: false
2026-09-15T22:34:10.9409785Z   set-safe-directory: true
2026-09-15T22:34:10.9410787Z   allow-unsafe-pr-checkout: false
2026-09-15T22:34:10.9411983Z ##[endgroup]
2026-09-15T22:34:11.0374838Z Syncing repository: sgstepaniants/OpenProblemsInNLA
2026-09-15T22:34:11.0377615Z ##[group]Getting Git version info
2026-09-15T22:34:11.0379342Z Working directory is '/home/runner/work/OpenProblemsInNLA/OpenProblemsInNLA'
2026-09-15T22:34:11.0381564Z [command]/usr/bin/git version
2026-09-15T22:34:11.0420517Z git version 2.55.0
2026-09-15T22:34:11.0464374Z ##[endgroup]
2026-09-15T22:34:11.0473612Z Temporarily overriding HOME='/home/runner/work/_temp/97dff1f1-4acb-4900-9de7-105e46f0652b' before making global git config changes
2026-09-15T22:34:11.0476793Z Adding repository directory to the temporary git global config as a safe directory
2026-09-15T22:34:11.0479735Z [command]/usr/bin/git config --global --add safe.directory /home/runner/work/OpenProblemsInNLA/OpenProblemsInNLA
2026-09-15T22:34:11.0499119Z Deleting the contents of '/home/runner/work/OpenProblemsInNLA/OpenProblemsInNLA'
2026-09-15T22:34:11.0502923Z ##[group]Initializing the repository
2026-09-15T22:34:11.0505978Z [command]/usr/bin/git init /home/runner/work/OpenProblemsInNLA/OpenProblemsInNLA
2026-09-15T22:34:11.0600367Z hint: Using 'master' as the name for the initial branch. This default branch name
2026-09-15T22:34:11.0603770Z hint: will change to "main" in Git 3.0. To configure the initial branch name
2026-09-15T22:34:11.0606864Z hint: to use in all of your new repositories, which will suppress this warning,
2026-09-15T22:34:11.0609691Z hint: call:
2026-09-15T22:34:11.0611146Z hint:
2026-09-15T22:34:11.0612857Z hint: 	git config --global init.defaultBranch <name>
2026-09-15T22:34:11.0614979Z hint:
2026-09-15T22:34:11.0617049Z hint: Names commonly chosen instead of 'master' are 'main', 'trunk' and
2026-09-15T22:34:11.0620203Z hint: 'development'. The just-created branch can be renamed via this command:
2026-09-15T22:34:11.0622580Z hint:
2026-09-15T22:34:11.0624016Z hint: 	git branch -m <name>
2026-09-15T22:34:11.0625560Z hint:
2026-09-15T22:34:11.0627603Z hint: Disable this message with "git config set advice.defaultBranchName false"
2026-09-15T22:34:11.0631094Z Initialized empty Git repository in /home/runner/work/OpenProblemsInNLA/OpenProblemsInNLA/.git/
2026-09-15T22:34:11.0636747Z [command]/usr/bin/git remote add origin https://github.com/sgstepaniants/OpenProblemsInNLA
2026-09-15T22:34:11.0695277Z ##[endgroup]
2026-09-15T22:34:11.0697981Z ##[group]Disabling automatic garbage collection
2026-09-15T22:34:11.0700160Z [command]/usr/bin/git config --local gc.auto 0
2026-09-15T22:34:11.0704599Z ##[endgroup]
2026-09-15T22:34:11.0706907Z ##[group]Setting up auth
2026-09-15T22:34:11.0709787Z [command]/usr/bin/git config --local --name-only --get-regexp core\.sshCommand
2026-09-15T22:34:11.0724979Z [command]/usr/bin/git submodule foreach --recursive sh -c "git config --local --name-only --get-regexp 'core\.sshCommand' && git config --local --unset-all 'core.sshCommand' || :"
2026-09-15T22:34:11.1022275Z [command]/usr/bin/git config --local --name-only --get-regexp http\.https\:\/\/github\.com\/\.extraheader
2026-09-15T22:34:11.1054191Z [command]/usr/bin/git submodule foreach --recursive sh -c "git config --local --name-only --get-regexp 'http\.https\:\/\/github\.com\/\.extraheader' && git config --local --unset-all 'http.https://github.com/.extraheader' || :"
2026-09-15T22:34:11.1241277Z [command]/usr/bin/git config --local --name-only --get-regexp ^includeIf\.gitdir:
2026-09-15T22:34:11.1270165Z [command]/usr/bin/git submodule foreach --recursive git config --local --show-origin --name-only --get-regexp remote.origin.url
2026-09-15T22:34:11.1437703Z [command]/usr/bin/git config --local http.https://github.com/.extraheader AUTHORIZATION: basic ***
2026-09-15T22:34:11.1466576Z ##[endgroup]
2026-09-15T22:34:11.1469285Z ##[group]Fetching the repository
2026-09-15T22:34:11.1477294Z [command]/usr/bin/git -c protocol.version=2 fetch --no-tags --prune --no-recurse-submodules --depth=1 origin +4bd2d76ec6e37696ff0c2d5feacf21e342371f27:refs/remotes/origin/codex/lean-next-development
2026-09-15T22:34:17.2244903Z From https://github.com/sgstepaniants/OpenProblemsInNLA
2026-09-15T22:34:17.2246816Z  * [new ref]         4bd2d76ec6e37696ff0c2d5feacf21e342371f27 -> origin/codex/lean-next-development
2026-09-15T22:34:17.2249652Z ##[endgroup]
2026-09-15T22:34:17.2250552Z ##[group]Determining the checkout info
2026-09-15T22:34:17.2251534Z ##[endgroup]
2026-09-15T22:34:17.2257787Z [command]/usr/bin/git sparse-checkout disable
2026-09-15T22:34:17.2298341Z [command]/usr/bin/git config --local --unset-all extensions.worktreeConfig
2026-09-15T22:34:17.2322305Z ##[group]Checking out the ref
2026-09-15T22:34:17.2326611Z [command]/usr/bin/git checkout --progress --force -B codex/lean-next-development refs/remotes/origin/codex/lean-next-development
2026-09-15T22:34:18.2605302Z Updating files:  77% (20433/26239)
2026-09-15T22:34:18.2728819Z Updating files:  78% (20467/26239)
2026-09-15T22:34:18.2945138Z Updating files:  79% (20729/26239)
2026-09-15T22:34:18.4595607Z Updating files:  80% (20992/26239)
2026-09-15T22:34:18.4811203Z Updating files:  81% (21254/26239)
2026-09-15T22:34:18.5144710Z Updating files:  82% (21516/26239)
2026-09-15T22:34:18.5565506Z Updating files:  83% (21779/26239)
2026-09-15T22:34:18.6840925Z Updating files:  84% (22041/26239)
2026-09-15T22:34:18.8888755Z Updating files:  85% (22304/26239)
2026-09-15T22:34:18.9193427Z Updating files:  86% (22566/26239)
2026-09-15T22:34:18.9717741Z Updating files:  87% (22828/26239)
2026-09-15T22:34:19.0148554Z Updating files:  88% (23091/26239)
2026-09-15T22:34:19.0608262Z Updating files:  89% (23353/26239)
2026-09-15T22:34:19.1343558Z Updating files:  90% (23616/26239)
2026-09-15T22:34:19.1515629Z Updating files:  91% (23878/26239)
2026-09-15T22:34:19.1702555Z Updating files:  92% (24140/26239)
2026-09-15T22:34:19.1858294Z Updating files:  93% (24403/26239)
2026-09-15T22:34:19.2057933Z Updating files:  94% (24665/26239)
2026-09-15T22:34:19.2186451Z Updating files:  95% (24928/26239)
2026-09-15T22:34:19.2322870Z Updating files:  96% (25190/26239)
2026-09-15T22:34:19.2431453Z Updating files:  97% (25452/26239)
2026-09-15T22:34:19.2556292Z Updating files:  98% (25715/26239)
2026-09-15T22:34:19.2577753Z Updating files:  99% (25977/26239)
2026-09-15T22:34:19.2668941Z Updating files:  99% (26053/26239)
2026-09-15T22:34:19.2669774Z Updating files: 100% (26239/26239)
2026-09-15T22:34:19.2670564Z Updating files: 100% (26239/26239), done.
2026-09-15T22:34:19.2967230Z Switched to a new branch 'codex/lean-next-development'
2026-09-15T22:34:19.2971111Z branch 'codex/lean-next-development' set up to track 'origin/codex/lean-next-development'.
2026-09-15T22:34:19.3016554Z ##[endgroup]
2026-09-15T22:34:19.3057368Z [command]/usr/bin/git log -1 --format=%H
2026-09-15T22:34:19.3077524Z 4bd2d76ec6e37696ff0c2d5feacf21e342371f27
2026-09-15T22:34:19.3085649Z ##[group]Removing auth
2026-09-15T22:34:19.3089173Z [command]/usr/bin/git config --local --name-only --get-regexp core\.sshCommand
2026-09-15T22:34:19.3114134Z [command]/usr/bin/git submodule foreach --recursive sh -c "git config --local --name-only --get-regexp 'core\.sshCommand' && git config --local --unset-all 'core.sshCommand' || :"
2026-09-15T22:34:19.3316720Z [command]/usr/bin/git config --local --name-only --get-regexp http\.https\:\/\/github\.com\/\.extraheader
2026-09-15T22:34:19.3338257Z http.https://github.com/.extraheader
2026-09-15T22:34:19.3346117Z [command]/usr/bin/git config --local --unset-all http.https://github.com/.extraheader
2026-09-15T22:34:19.3566464Z [command]/usr/bin/git submodule foreach --recursive sh -c "git config --local --name-only --get-regexp 'http\.https\:\/\/github\.com\/\.extraheader' && git config --local --unset-all 'http.https://github.com/.extraheader' || :"
2026-09-15T22:34:19.3760423Z [command]/usr/bin/git config --local --name-only --get-regexp ^includeIf\.gitdir:
2026-09-15T22:34:19.3787476Z [command]/usr/bin/git submodule foreach --recursive git config --local --show-origin --name-only --get-regexp remote.origin.url
2026-09-15T22:34:19.3992923Z ##[endgroup]
2026-09-15T22:34:19.4421929Z ##[group]Run leanprover/lean-action@96e06131c0e9943c780388fd166f55d1e2fa0433
2026-09-15T22:34:19.4422365Z with:
2026-09-15T22:34:19.4422667Z   lake-package-directory: .lean-development
2026-09-15T22:34:19.4423000Z   auto-config: false
2026-09-15T22:34:19.4423358Z   build: false
2026-09-15T22:34:19.4423621Z   test: false
2026-09-15T22:34:19.4423884Z   lint: false
2026-09-15T22:34:19.4424146Z   use-mathlib-cache: false
2026-09-15T22:34:19.4424433Z   use-github-cache: false
2026-09-15T22:34:19.4424765Z   mk_all-check: false
2026-09-15T22:34:19.4425188Z   check-reservoir-eligibility: false
2026-09-15T22:34:19.4425501Z   leanchecker: false
2026-09-15T22:34:19.4425793Z   lean4checker: false
2026-09-15T22:34:19.4426063Z   nanoda: false
2026-09-15T22:34:19.4426393Z   nanoda-allow-sorry: true
2026-09-15T22:34:19.4426678Z   axiom-audit: false
2026-09-15T22:34:19.4427013Z   axiom-audit-allow: propext,Classical.choice,Quot.sound
2026-09-15T22:34:19.4427501Z   reinstall-transient-toolchain: false
2026-09-15T22:34:19.4427834Z ##[endgroup]
2026-09-15T22:34:19.4497180Z ##[start-action display=install elan;id=__leanprover_lean-action.__run]
2026-09-15T22:34:19.4539977Z ##[group]Run : Install Elan
2026-09-15T22:34:19.4540397Z [36;1m: Install Elan[0m
2026-09-15T22:34:19.4540798Z [36;1m${GITHUB_ACTION_PATH}/scripts/install_elan.sh[0m
2026-09-15T22:34:19.4568182Z shell: /usr/bin/bash --noprofile --norc -e -o pipefail {0}
2026-09-15T22:34:19.4568943Z ##[endgroup]
2026-09-15T22:34:19.4697502Z ##[group]Elan Installation Output
2026-09-15T22:34:19.5493291Z info: downloading installer
2026-09-15T22:34:21.1798416Z info: downloading https://releases.lean-lang.org/lean4/v4.33.1/lean-4.33.1-linux.tar.zst
2026-09-15T22:34:29.5319916Z info: installing /home/runner/.elan/toolchains/leanprover--lean4---v4.33.1
2026-09-15T22:34:37.4377822Z Lean (version 4.33.1, x86_64-unknown-linux-gnu, commit 819816b2e0a3bf405af45ae5c7af2491d8f5bee6, Release)
2026-09-15T22:34:37.4769446Z Lake version 5.0.0-src+819816b (Lean version 4.33.1)
2026-09-15T22:34:37.4771862Z ##[endgroup]
2026-09-15T22:34:37.4772216Z 
2026-09-15T22:34:37.4796329Z ##[end-action id=__leanprover_lean-action.__run;outcome=success;conclusion=success;duration_ms=18029]
2026-09-15T22:34:37.4806138Z ##[start-action display=configure `lean-action`;id=__leanprover_lean-action.config]
2026-09-15T22:34:37.4824424Z ##[group]Run : Configure Lean Action
2026-09-15T22:34:37.4824795Z [36;1m: Configure Lean Action[0m
2026-09-15T22:34:37.4825175Z [36;1m${GITHUB_ACTION_PATH}/scripts/config.sh[0m
2026-09-15T22:34:37.4849977Z shell: /usr/bin/bash --noprofile --norc -e -o pipefail {0}
2026-09-15T22:34:37.4850393Z env:
2026-09-15T22:34:37.4850672Z   AUTO_CONFIG: false
2026-09-15T22:34:37.4851009Z   BUILD: false
2026-09-15T22:34:37.4851288Z   TEST: false
2026-09-15T22:34:37.4851546Z   LINT: false
2026-09-15T22:34:37.4851845Z ##[endgroup]
2026-09-15T22:34:37.5543282Z ##[group]Configure lean-action
2026-09-15T22:34:37.5589991Z ##[end-action id=__leanprover_lean-action.config;outcome=success;conclusion=success;duration_ms=78]
2026-09-15T22:34:37.5594927Z ##[start-action display=reinstall transient toolchain;id=__leanprover_lean-action.__run_2]
2026-09-15T22:34:37.5611767Z ##[end-action id=__leanprover_lean-action.__run_2;outcome=skipped;conclusion=skipped;duration_ms=0]
2026-09-15T22:34:37.5614964Z ##[start-action display=ensure all files are imported;id=__leanprover_lean-action.mk_all]
2026-09-15T22:34:37.5620180Z ##[end-action id=__leanprover_lean-action.mk_all;outcome=skipped;conclusion=skipped;duration_ms=0]
2026-09-15T22:34:37.5622537Z ##[start-action display=Run actions/cache/restore@v5;id=__leanprover_lean-action.__actions_cache]
2026-09-15T22:34:37.5626785Z ##[end-action id=__leanprover_lean-action.__actions_cache;outcome=skipped;conclusion=skipped;duration_ms=0]
2026-09-15T22:34:37.5629309Z ##[start-action display=detect mathlib;id=__leanprover_lean-action.detect-mathlib]
2026-09-15T22:34:37.5633663Z ##[end-action id=__leanprover_lean-action.detect-mathlib;outcome=skipped;conclusion=skipped;duration_ms=0]
2026-09-15T22:34:37.5635705Z ##[start-action display=get mathlib cache;id=__leanprover_lean-action.__run_3]
2026-09-15T22:34:37.5658990Z ##[end-action id=__leanprover_lean-action.__run_3;outcome=skipped;conclusion=skipped;duration_ms=0]
2026-09-15T22:34:37.5682082Z ##[start-action display=build sgstepaniants/OpenProblemsInNLA;id=__leanprover_lean-action.build]
2026-09-15T22:34:37.5687741Z ##[end-action id=__leanprover_lean-action.build;outcome=skipped;conclusion=skipped;duration_ms=0]
2026-09-15T22:34:37.5690438Z ##[start-action display=Run actions/cache/save@v5;id=__leanprover_lean-action.__actions_cache_2]
2026-09-15T22:34:37.5694443Z ##[end-action id=__leanprover_lean-action.__actions_cache_2;outcome=skipped;conclusion=skipped;duration_ms=0]
2026-09-15T22:34:37.5699629Z ##[start-action display=test sgstepaniants/OpenProblemsInNLA;id=__leanprover_lean-action.test]
2026-09-15T22:34:37.5704672Z ##[end-action id=__leanprover_lean-action.test;outcome=skipped;conclusion=skipped;duration_ms=0]
2026-09-15T22:34:37.5707720Z ##[start-action display=lint sgstepaniants/OpenProblemsInNLA;id=__leanprover_lean-action.lint]
2026-09-15T22:34:37.5713734Z ##[end-action id=__leanprover_lean-action.lint;outcome=skipped;conclusion=skipped;duration_ms=0]
2026-09-15T22:34:37.5715674Z ##[start-action display=check reservoir eligibility;id=__leanprover_lean-action.__run_4]
2026-09-15T22:34:37.5719766Z ##[end-action id=__leanprover_lean-action.__run_4;outcome=skipped;conclusion=skipped;duration_ms=0]
2026-09-15T22:34:37.5722359Z ##[start-action display=check environment with leanchecker;id=__leanprover_lean-action.__run_5]
2026-09-15T22:34:37.5727764Z ##[end-action id=__leanprover_lean-action.__run_5;outcome=skipped;conclusion=skipped;duration_ms=0]
2026-09-15T22:34:37.5730425Z ##[start-action display=check environment with nanoda;id=__leanprover_lean-action.nanoda]
2026-09-15T22:34:37.5734115Z ##[end-action id=__leanprover_lean-action.nanoda;outcome=skipped;conclusion=skipped;duration_ms=0]
2026-09-15T22:34:37.5736542Z ##[start-action display=audit axioms with axiom-audit;id=__leanprover_lean-action.axiom-audit]
2026-09-15T22:34:37.5740809Z ##[end-action id=__leanprover_lean-action.axiom-audit;outcome=skipped;conclusion=skipped;duration_ms=0]
2026-09-15T22:34:37.5794732Z ##[group]Run python3 check.py
2026-09-15T22:34:37.5795126Z [36;1mpython3 check.py[0m
2026-09-15T22:34:37.5817902Z shell: /usr/bin/bash -e {0}
2026-09-15T22:34:37.5818856Z ##[endgroup]
2026-09-15T22:34:37.6566409Z RUN ['lean', '--version']
2026-09-15T22:34:37.6921599Z Lean (version 4.33.1, x86_64-unknown-linux-gnu, commit 819816b2e0a3bf405af45ae5c7af2491d8f5bee6, Release)
2026-09-15T22:34:37.7629634Z RUN ['lake', 'env', 'true']
2026-09-15T22:34:37.8048802Z info: leancert: cloning https://github.com/alerad/leancert
2026-09-15T22:34:39.8017390Z info: leancert: checking out revision '621a43d7cf21f87872392a01e874f2f1dbddc926'
2026-09-15T22:34:39.9047196Z info: mathlib: cloning https://github.com/leanprover-community/mathlib4.git
2026-09-15T22:35:12.7500560Z info: mathlib: checking out revision '0df444a360eaa60ab8c11dca51a86af692955474'
2026-09-15T22:35:14.4673267Z info: plausible: cloning https://github.com/leanprover-community/plausible
2026-09-15T22:35:14.8387677Z info: plausible: checking out revision 'b7eb3304aeae834b12dda98993a37f6a41f6f0bb'
2026-09-15T22:35:14.8488401Z info: LeanSearchClient: cloning https://github.com/leanprover-community/LeanSearchClient
2026-09-15T22:35:15.2066128Z info: LeanSearchClient: checking out revision '5f4d51b81cbd3f6b32b156bfad9056621a040404'
2026-09-15T22:35:15.2163434Z info: importGraph: cloning https://github.com/leanprover-community/import-graph
2026-09-15T22:35:16.2203229Z info: importGraph: checking out revision '16f02aa7642864af59f1ff0e384a015994db9118'
2026-09-15T22:35:16.2322081Z info: proofwidgets: cloning https://github.com/leanprover-community/ProofWidgets4
2026-09-15T22:35:17.5138175Z info: proofwidgets: checking out revision '4be2e3d5087eeb272cf5a8853b8f9dd025ef5957'
2026-09-15T22:35:18.0331360Z info: aesop: cloning https://github.com/leanprover-community/aesop
2026-09-15T22:35:19.0438547Z info: aesop: checking out revision '3448c0bcc5ce01b2d1546e483ec3620e32df3d0e'
2026-09-15T22:35:19.0571162Z info: Qq: cloning https://github.com/leanprover-community/quote4
2026-09-15T22:35:19.5133884Z info: Qq: checking out revision '92c15be17b7caf78c2ad767ec40f89052d908d81'
2026-09-15T22:35:19.5229401Z info: batteries: cloning https://github.com/leanprover-community/batteries
2026-09-15T22:35:22.1759197Z info: batteries: checking out revision '4488d40d070b9700d4d5a6aa342f0d40c31b2a2d'
2026-09-15T22:35:22.1953046Z info: Cli: cloning https://github.com/leanprover/lean4-cli
2026-09-15T22:35:22.6463663Z info: Cli: checking out revision '6130a47896ce867c6a4a55373441e59e565bad0f'
2026-09-15T22:35:22.7167184Z RUN ['lake', 'exe', 'cache', 'get']
2026-09-15T22:35:23.6713691Z ✔ [1/5] Built Cache.Cli (288ms)
2026-09-15T22:35:23.7714123Z ✔ [2/5] Built Cache.Lean (298ms)
2026-09-15T22:35:24.0751057Z ✔ [6/26] Built Cache.Cli:c.o (179ms)
2026-09-15T22:35:24.0751980Z ✔ [7/26] Built Cache.Lean:c.o (215ms)
2026-09-15T22:35:24.1742994Z ✔ [8/26] Built Cache.Infra (370ms)
2026-09-15T22:35:24.3745488Z ✔ [9/26] Built Cache.Infra:c.o (174ms)
2026-09-15T22:35:24.6749286Z ✔ [10/26] Built Batteries.Tactic.OpenPrivate (795ms)
2026-09-15T22:35:25.6778302Z ✔ [11/26] Built Batteries.Tactic.OpenPrivate:c.o (1.1s)
2026-09-15T22:35:25.7779871Z ✔ [12/26] Built Cache.IO (1.1s)
2026-09-15T22:35:26.3801516Z ✔ [13/26] Built Cache.Hashing (605ms)
2026-09-15T22:35:26.7811400Z ✔ [14/26] Built Cache.Hashing:c.o (449ms)
2026-09-15T22:35:27.2821741Z ✔ [15/26] Built Cache.IO:c.o (1.5s)
2026-09-15T22:35:27.9832024Z ✔ [16/26] Built Cache.Requests (1.7s)
2026-09-15T22:35:28.4837484Z ✔ [17/26] Built Cache.Marker (437ms)
2026-09-15T22:35:28.5839467Z ✔ [18/26] Built Cache.Marker:c.o (122ms)
2026-09-15T22:35:28.9859860Z ✔ [19/26] Built Cache.Query (560ms)
2026-09-15T22:35:29.2856287Z ✔ [20/26] Built Cache.Query:c.o (259ms)
2026-09-15T22:35:29.5860318Z ✔ [21/26] Built Cache.Warning (599ms)
2026-09-15T22:35:29.7861504Z ✔ [22/26] Built Cache.Warning:c.o (218ms)
2026-09-15T22:35:30.5874543Z ✔ [23/26] Built Cache.Main (982ms)
2026-09-15T22:35:30.5875415Z ✔ [24/26] Built Cache.Requests:c.o (2.6s)
2026-09-15T22:35:31.3883649Z ✔ [25/26] Built Cache.Main:c.o (769ms)
2026-09-15T22:35:31.9891090Z ✔ [26/26] Built cache:exe (599ms)
2026-09-15T22:35:33.7127342Z Current branch: HEAD
2026-09-15T22:35:33.7128171Z Using cache from origin: (some leanprover-community/mathlib4)
2026-09-15T22:35:33.7129244Z Attempting to download 8690 file(s) from leanprover-community/mathlib4 cache at https://lakecache.blob.core.windows.net/mathlib4-master
2026-09-15T22:35:34.6732463Z 
2026-09-15T22:35:34.7789238Z Downloaded: 1 file(s) [attempted 1/8690 = 0%, 24 KB/s], Decompressed: 0
2026-09-15T22:35:34.8759589Z Downloaded: 318 file(s) [attempted 318/8690 = 3%, 10671 KB/s], Decompressed: 13
2026-09-15T22:35:34.9771176Z Downloaded: 650 file(s) [attempted 650/8690 = 7%, 2324 KB/s], Decompressed: 13
2026-09-15T22:35:35.0761896Z Downloaded: 1029 file(s) [attempted 1029/8690 = 11%, 13471 KB/s], Decompressed: 13
2026-09-15T22:35:35.1799782Z Downloaded: 1431 file(s) [attempted 1431/8690 = 16%, 1734 KB/s], Decompressed: 113
2026-09-15T22:35:35.2809607Z Downloaded: 1775 file(s) [attempted 1775/8690 = 20%, 1009 KB/s], Decompressed: 113
2026-09-15T22:35:35.3836850Z Downloaded: 2145 file(s) [attempted 2145/8690 = 24%, 20205 KB/s], Decompressed: 113
2026-09-15T22:35:35.4849711Z Downloaded: 2539 file(s) [attempted 2539/8690 = 29%, 6585 KB/s], Decompressed: 113
2026-09-15T22:35:35.5839300Z Downloaded: 2928 file(s) [attempted 2928/8690 = 33%, 1299 KB/s], Decompressed: 113
2026-09-15T22:35:35.6892057Z Downloaded: 3298 file(s) [attempted 3298/8690 = 37%, 13814 KB/s], Decompressed: 113
2026-09-15T22:35:35.7893756Z Downloaded: 3642 file(s) [attempted 3642/8690 = 41%, 3458 KB/s], Decompressed: 113
2026-09-15T22:35:35.8929891Z Downloaded: 4031 file(s) [attempted 4031/8690 = 46%, 1163 KB/s], Decompressed: 113
2026-09-15T22:35:35.9901000Z Downloaded: 4417 file(s) [attempted 4417/8690 = 50%, 5788 KB/s], Decompressed: 113
2026-09-15T22:35:36.0923417Z Downloaded: 4808 file(s) [attempted 4808/8690 = 55%, 6494 KB/s], Decompressed: 113
2026-09-15T22:35:36.1929419Z Downloaded: 5250 file(s) [attempted 5250/8690 = 60%, 3726 KB/s], Decompressed: 113
2026-09-15T22:35:36.2969564Z Downloaded: 5573 file(s) [attempted 5573/8690 = 64%, 5751 KB/s], Decompressed: 113
2026-09-15T22:35:36.3921644Z Downloaded: 5872 file(s) [attempted 5872/8690 = 67%, 2788 KB/s], Decompressed: 113
2026-09-15T22:35:36.5000650Z Downloaded: 6212 file(s) [attempted 6212/8690 = 71%, 27148 KB/s], Decompressed: 113
2026-09-15T22:35:36.5999504Z Downloaded: 6500 file(s) [attempted 6500/8690 = 74%, 6552 KB/s], Decompressed: 113
2026-09-15T22:35:36.6999996Z Downloaded: 6833 file(s) [attempted 6833/8690 = 78%, 2176 KB/s], Decompressed: 113
2026-09-15T22:35:36.7993498Z Downloaded: 7131 file(s) [attempted 7131/8690 = 82%, 2224 KB/s], Decompressed: 113
2026-09-15T22:35:36.9020101Z Downloaded: 7481 file(s) [attempted 7481/8690 = 86%, 5180 KB/s], Decompressed: 113
2026-09-15T22:35:37.0018397Z Downloaded: 7803 file(s) [attempted 7803/8690 = 89%, 13759 KB/s], Decompressed: 113
2026-09-15T22:35:37.1057245Z Downloaded: 8109 file(s) [attempted 8109/8690 = 93%, 10854 KB/s], Decompressed: 113
2026-09-15T22:35:37.2549274Z Downloaded: 8379 file(s) [attempted 8379/8690 = 96%, 8138 KB/s], Decompressed: 113
2026-09-15T22:35:37.2603017Z Downloaded: 8690 file(s) [attempted 8690/8690 = 100%, 6441 KB/s], Decompressed: 113
2026-09-15T22:35:37.2628894Z Downloaded: 8690 file(s) [attempted 8690/8690 = 100%, 6441 KB/s], Decompressed: 113
2026-09-15T22:36:10.6392351Z Decompressed 8690 file(s)
2026-09-15T22:36:10.6392883Z Already decompressed 8690 file(s)
2026-09-15T22:36:10.6980883Z RUN ['lake', 'build', 'NLA.MF24.Solution']
2026-09-15T22:36:14.5799024Z ✔ [3250/3272] Built NLA.MF24.Definitions (2.2s)
2026-09-15T22:36:14.5800101Z ✔ [3251/3272] Built LeanCert.Tactic.Verification (2.0s)
2026-09-15T22:36:17.7850862Z ✔ [3252/3272] Built NLA.MF24.Continuant (3.2s)
2026-09-15T22:36:18.0879907Z ⚠ [3253/3272] Built NLA.MF24.GramEntries (3.6s)
2026-09-15T22:36:18.0909297Z warning: NLA/MF24/GramEntries.lean:29:32: This simp argument is unused:
2026-09-15T22:36:18.0939614Z   Matrix.one_apply
2026-09-15T22:36:18.0968382Z 
2026-09-15T22:36:18.0998931Z Hint: Omit it from the simp argument list.
2026-09-15T22:36:18.1028979Z   [apply] simp [scalarShift, wordShift, hi]
2026-09-15T22:36:18.1058362Z 
2026-09-15T22:36:18.1088941Z Note: This linter can be disabled with `set_option linter.unusedSimpArgs false`
2026-09-15T22:36:18.1118999Z warning: NLA/MF24/GramEntries.lean:29:50: This simp argument is unused:
2026-09-15T22:36:18.1119877Z   hi
2026-09-15T22:36:18.1148339Z 
2026-09-15T22:36:18.1165215Z Hint: Omit it from the simp argument list.
2026-09-15T22:36:18.1165905Z   [apply] simp [scalarShift, wordShift, Matrix.one_apply]
2026-09-15T22:36:18.1168614Z 
2026-09-15T22:36:18.1169451Z Note: This linter can be disabled with `set_option linter.unusedSimpArgs false`
2026-09-15T22:36:18.1170343Z warning: NLA/MF24/GramEntries.lean:34:32: This simp argument is unused:
2026-09-15T22:36:18.1171139Z   Matrix.one_apply
2026-09-15T22:36:18.1171611Z 
2026-09-15T22:36:18.1171971Z Hint: Omit it from the simp argument list.
2026-09-15T22:36:18.1172587Z   [apply] simp [scalarShift, wordShift, hij, hstep]
2026-09-15T22:36:18.1173124Z 
2026-09-15T22:36:18.1173552Z Note: This linter can be disabled with `set_option linter.unusedSimpArgs false`
2026-09-15T22:36:18.1174419Z warning: NLA/MF24/GramEntries.lean:65:32: This simp argument is unused:
2026-09-15T22:36:18.1175609Z   Matrix.one_apply
2026-09-15T22:36:18.1176014Z 
2026-09-15T22:36:18.1176337Z Hint: Omit it from the simp argument list.
2026-09-15T22:36:18.1176912Z   [apply] simp [scalarShift, wordShift]
2026-09-15T22:36:18.1177346Z 
2026-09-15T22:36:18.1177810Z Note: This linter can be disabled with `set_option linter.unusedSimpArgs false`
2026-09-15T22:36:18.1178885Z warning: NLA/MF24/GramEntries.lean:78:46: This simp argument is unused:
2026-09-15T22:36:18.1179589Z   Matrix.one_apply
2026-09-15T22:36:18.1179936Z 
2026-09-15T22:36:18.1180234Z Hint: Omit it from the simp argument list.
2026-09-15T22:36:18.1180873Z   [apply] simp [gramPencil, gram, Matrix.mul_apply, hij]
2026-09-15T22:36:18.1181374Z 
2026-09-15T22:36:18.1181872Z Note: This linter can be disabled with `set_option linter.unusedSimpArgs false`
2026-09-15T22:36:18.1182715Z warning: NLA/MF24/GramEntries.lean:139:8: This simp argument is unused:
2026-09-15T22:36:18.1183414Z   Fin.sum_univ_one
2026-09-15T22:36:18.1185807Z 
2026-09-15T22:36:18.1186169Z Hint: Omit it from the simp argument list.
2026-09-15T22:36:18.1186952Z   [apply] simp [shiftedWord_diag, shiftRadiusSq, Complex.normSq_eq_conj_mul_self]
2026-09-15T22:36:18.1187516Z 
2026-09-15T22:36:18.1187969Z Note: This linter can be disabled with `set_option linter.unusedSimpArgs false`
2026-09-15T22:36:18.2856067Z ⚠ [3254/3272] Built NLA.MF24.Bridge (3.7s)
2026-09-15T22:36:18.2879474Z warning: NLA/MF24/Bridge.lean:30:21: Used `tac1 <;> tac2` where `(tac1; tac2)` would suffice
2026-09-15T22:36:18.2908588Z 
2026-09-15T22:36:18.2939183Z Note: This linter can be disabled with `set_option linter.unnecessarySeqFocus false`
2026-09-15T22:36:18.2959280Z info: NLA/MF24/Bridge.lean:73:0: 'NLA.MF24.transfer_bridge' depends on axioms: [propext, Classical.choice, Quot.sound]
2026-09-15T22:36:19.1939580Z ℹ [3255/3272] Built NLA.MF24.Dimensions (4.6s)
2026-09-15T22:36:19.1940649Z info: NLA/MF24/Dimensions.lean:66:0: 'NLA.MF24.family_dimensions' depends on axioms: [propext, Classical.choice, Quot.sound]
2026-09-15T22:36:21.5949975Z ℹ [3256/3272] Built NLA.MF24.GramContinuant (3.3s)
2026-09-15T22:36:21.5981168Z info: NLA/MF24/GramContinuant.lean:71:0: 'NLA.MF24.gram_continuant' depends on axioms: [propext, Classical.choice, Quot.sound]
2026-09-15T22:36:21.6957126Z ⚠ [3257/3272] Built NLA.MF24.Powers (3.6s)
2026-09-15T22:36:21.6959038Z warning: NLA/MF24/Powers.lean:53:33: Unused tactic linter: `ring` does nothing
2026-09-15T22:36:21.6959730Z 
2026-09-15T22:36:21.6960215Z Note: This linter can be disabled with `set_option linter.unusedTactic false`
2026-09-15T22:36:21.6961094Z warning: NLA/MF24/Powers.lean:53:33: this tactic is never executed
2026-09-15T22:36:21.6961647Z 
2026-09-15T22:36:21.6962749Z Note: This linter can be disabled with `set_option linter.unreachableTactic false`
2026-09-15T22:36:21.6963945Z info: NLA/MF24/Powers.lean:82:0: 'NLA.MF24.height_shift_powers' depends on axioms: [propext, Classical.choice, Quot.sound]
2026-09-15T22:36:22.0951500Z ℹ [3258/3272] Built NLA.MF24.SpectralBridge (4.3s)
2026-09-15T22:36:22.0969192Z info: NLA/MF24/SpectralBridge.lean:68:0: 'NLA.MF24.gram_singular_bridge' depends on axioms: [propext, Classical.choice, Quot.sound]
2026-09-15T22:36:22.5029622Z ℹ [3259/3272] Built NLA.MF24.FamilyTransfer (3.2s)
2026-09-15T22:36:22.5030987Z info: NLA/MF24/FamilyTransfer.lean:67:0: 'NLA.MF24.family_transfer_value_eq' depends on axioms: [propext, Classical.choice, Quot.sound]
2026-09-15T22:36:25.4089429Z ✔ [3260/3272] Built NLA.MF24.Words (3.8s)
2026-09-15T22:36:25.7092224Z ⚠ [3261/3272] Built NLA.MF24.NormBasics (3.7s)
2026-09-15T22:36:25.7093519Z warning: NLA/MF24/NormBasics.lean:39:10: This simp argument is unused:
2026-09-15T22:36:25.7094338Z   Matrix.mulVec_single_one
2026-09-15T22:36:25.7094662Z 
2026-09-15T22:36:25.7094918Z Hint: Omit it from the simp argument list.
2026-09-15T22:36:25.7095563Z   [apply] simp [Matrix.conjTranspose_apply]
2026-09-15T22:36:25.7096141Z 
2026-09-15T22:36:25.7096526Z Note: This linter can be disabled with `set_option linter.unusedSimpArgs false`
2026-09-15T22:36:25.8098850Z ⚠ [3262/3272] Built NLA.MF24.Polynomial (4.1s)
2026-09-15T22:36:25.8100488Z warning: NLA/MF24/Polynomial.lean:66:36: Variable name `hm` is not explicitly referenced.
2026-09-15T22:36:25.8101387Z 
2026-09-15T22:36:25.8102103Z Hint: The binding can be removed (if unused) or named `_` (if used implicitly). Alternatively, prefix the name with `_` to silence this warning:
2026-09-15T22:36:25.8102996Z   [apply] _hm
2026-09-15T22:36:25.8103295Z 
2026-09-15T22:36:25.8103839Z Note: This linter can be disabled with `set_option linter.unusedVariables false`
2026-09-15T22:36:25.8104689Z info: NLA/MF24/Polynomial.lean:116:0: 'NLA.MF24.polynomial_degree_evaluation' depends on axioms: [propext, Classical.choice, Quot.sound]
2026-09-15T22:36:25.8105750Z info: NLA/MF24/Polynomial.lean:117:0: 'NLA.MF24.polynomial_entries' depends on axioms: [propext, Classical.choice, Quot.sound]
2026-09-15T22:36:25.9094867Z ℹ [3263/3272] Built NLA.MF24.Transfer (3.4s)
2026-09-15T22:36:25.9096971Z info: NLA/MF24/Transfer.lean:64:0: 'NLA.MF24.gram_transfer' depends on axioms: [propext, Classical.choice, Quot.sound]
2026-09-15T22:36:28.1129605Z ⚠ [3264/3272] Built NLA.MF24.FamilySpectrum (2.3s)
2026-09-15T22:36:28.1130307Z warning: NLA/MF24/FamilySpectrum.lean:31:33: This simp argument is unused:
2026-09-15T22:36:28.1130866Z   Matrix.diagonal_apply
2026-09-15T22:36:28.1131106Z 
2026-09-15T22:36:28.1131348Z Hint: Omit it from the simp argument list.
2026-09-15T22:36:28.1131802Z   [apply] simp [Matrix.scalar_apply, Matrix.one_apply, hij]
2026-09-15T22:36:28.1132089Z 
2026-09-15T22:36:28.1132392Z Note: This linter can be disabled with `set_option linter.unusedSimpArgs false`
2026-09-15T22:36:28.1133050Z warning: NLA/MF24/FamilySpectrum.lean:31:56: This simp argument is unused:
2026-09-15T22:36:28.1133608Z   Matrix.one_apply
2026-09-15T22:36:28.1133792Z 
2026-09-15T22:36:28.1133931Z Hint: Omit it from the simp argument list.
2026-09-15T22:36:28.1134397Z   [apply] simp [Matrix.scalar_apply, Matrix.diagonal_apply, hij]
2026-09-15T22:36:28.1134680Z 
2026-09-15T22:36:28.1134918Z Note: This linter can be disabled with `set_option linter.unusedSimpArgs false`
2026-09-15T22:36:28.1135477Z warning: NLA/MF24/FamilySpectrum.lean:53:13: Variable name `ht` is not explicitly referenced.
2026-09-15T22:36:28.1135814Z 
2026-09-15T22:36:28.1136223Z Hint: The binding can be removed (if unused) or named `_` (if used implicitly). Alternatively, prefix the name with `_` to silence this warning:
2026-09-15T22:36:28.1136799Z   [apply] _ht
2026-09-15T22:36:28.1136961Z 
2026-09-15T22:36:28.1137164Z Note: This linter can be disabled with `set_option linter.unusedVariables false`
2026-09-15T22:36:28.1138441Z info: NLA/MF24/FamilySpectrum.lean:67:0: 'NLA.MF24.family_gram_charpoly' depends on axioms: [propext, Classical.choice, Quot.sound]
2026-09-15T22:36:28.1139257Z info: NLA/MF24/FamilySpectrum.lean:68:0: 'NLA.MF24.family_super_identical' depends on axioms: [propext, Classical.choice, Quot.sound]
2026-09-15T22:36:28.2130177Z ⚠ [3265/3272] Built NLA.MF24.Heights (2.8s)
2026-09-15T22:36:28.2131258Z warning: NLA/MF24/Heights.lean:86:35: Unused tactic linter: `ring` does nothing
2026-09-15T22:36:28.2131809Z 
2026-09-15T22:36:28.2132138Z Note: This linter can be disabled with `set_option linter.unusedTactic false`
2026-09-15T22:36:28.2132920Z warning: NLA/MF24/Heights.lean:86:35: this tactic is never executed
2026-09-15T22:36:28.2133379Z 
2026-09-15T22:36:28.2133767Z Note: This linter can be disabled with `set_option linter.unreachableTactic false`
2026-09-15T22:36:28.2134860Z info: NLA/MF24/Heights.lean:174:0: 'NLA.MF24.source_words_eq_height_shifts' depends on axioms: [propext, Classical.choice, Quot.sound]
2026-09-15T22:36:28.2136348Z info: NLA/MF24/Heights.lean:175:0: 'NLA.MF24.family_nilpotent_nonnegative' depends on axioms: [propext, Classical.choice, Quot.sound]
2026-09-15T22:36:30.8167574Z ⚠ [3266/3272] Built NLA.MF24.Geometry (2.5s)
2026-09-15T22:36:30.8168555Z warning: NLA/MF24/Geometry.lean:136:34: Variable name `hm` is not explicitly referenced.
2026-09-15T22:36:30.8169113Z 
2026-09-15T22:36:30.8169826Z Hint: The binding can be removed (if unused) or named `_` (if used implicitly). Alternatively, prefix the name with `_` to silence this warning:
2026-09-15T22:36:30.8170730Z   [apply] _hm
2026-09-15T22:36:30.8170912Z 
2026-09-15T22:36:30.8171269Z Note: This linter can be disabled with `set_option linter.unusedVariables false`
2026-09-15T22:36:30.8172322Z info: NLA/MF24/Geometry.lean:162:0: 'NLA.MF24.residue_geometry' depends on axioms: [propext, Classical.choice, Quot.sound]
2026-09-15T22:36:30.9167815Z ⚠ [3267/3272] Built NLA.MF24.Numerator (2.7s)
2026-09-15T22:36:30.9168578Z warning: NLA/MF24/Numerator.lean:108:8: This simp argument is unused:
2026-09-15T22:36:30.9169082Z   abs_of_nonneg (sq_nonneg t)
2026-09-15T22:36:30.9169327Z 
2026-09-15T22:36:30.9169460Z Hint: Omit it from the simp argument list.
2026-09-15T22:36:30.9170018Z   [apply] simp [hs2, hh.2.2.1, Complex.norm_real, Real.norm_eq_abs, ← pow_mul]
2026-09-15T22:36:30.9170513Z 
2026-09-15T22:36:30.9170765Z Note: This linter can be disabled with `set_option linter.unusedSimpArgs false`
2026-09-15T22:36:30.9171443Z info: NLA/MF24/Numerator.lean:153:0: 'NLA.MF24.first_row_and_nonzero' depends on axioms: [propext, Classical.choice, Quot.sound]
2026-09-15T22:36:30.9172261Z info: NLA/MF24/Numerator.lean:154:0: 'NLA.MF24.polynomial_numerator_bound' depends on axioms: [propext, Classical.choice, Quot.sound]
2026-09-15T22:36:33.4195561Z ℹ [3268/3272] Built NLA.MF24.Weights (2.6s)
2026-09-15T22:36:33.4196685Z info: NLA/MF24/Weights.lean:98:0: 'NLA.MF24.residue_weight_bounds' depends on axioms: [propext, Classical.choice, Quot.sound]
2026-09-15T22:36:36.1216176Z ⚠ [3269/3272] Built NLA.MF24.Energy (2.8s)
2026-09-15T22:36:36.1216870Z warning: NLA/MF24/Energy.lean:97:21: This simp argument is unused:
2026-09-15T22:36:36.1217494Z   norm_mul
2026-09-15T22:36:36.1217681Z 
2026-09-15T22:36:36.1217837Z Hint: Omit it from the simp argument list.
2026-09-15T22:36:36.1218470Z   [apply] simp [hsmod]
2026-09-15T22:36:36.1218781Z 
2026-09-15T22:36:36.1219126Z Note: This linter can be disabled with `set_option linter.unusedSimpArgs false`
2026-09-15T22:36:36.1219903Z warning: NLA/MF24/Energy.lean:131:68: Unused tactic linter: `ring` does nothing
2026-09-15T22:36:36.1220329Z 
2026-09-15T22:36:36.1220650Z Note: This linter can be disabled with `set_option linter.unusedTactic false`
2026-09-15T22:36:36.1221332Z warning: NLA/MF24/Energy.lean:131:68: this tactic is never executed
2026-09-15T22:36:36.1221737Z 
2026-09-15T22:36:36.1222057Z Note: This linter can be disabled with `set_option linter.unreachableTactic false`
2026-09-15T22:36:36.1223328Z info: NLA/MF24/Energy.lean:173:0: 'NLA.MF24.polynomial_denominator_energy' depends on axioms: [propext, Classical.choice, Quot.sound]
2026-09-15T22:36:36.1224300Z info: NLA/MF24/Energy.lean:174:0: 'NLA.MF24.polynomial_denominator_bound' depends on axioms: [propext, Classical.choice, Quot.sound]
2026-09-15T22:36:38.4237882Z ⚠ [3270/3272] Built NLA.MF24.Ratios (2.2s)
2026-09-15T22:36:38.4238989Z warning: NLA/MF24/Ratios.lean:32:68: Unused tactic linter: `ring` does nothing
2026-09-15T22:36:38.4239464Z 
2026-09-15T22:36:38.4239765Z Note: This linter can be disabled with `set_option linter.unusedTactic false`
2026-09-15T22:36:38.4240467Z warning: NLA/MF24/Ratios.lean:32:68: this tactic is never executed
2026-09-15T22:36:38.4240738Z 
2026-09-15T22:36:38.4240994Z Note: This linter can be disabled with `set_option linter.unreachableTactic false`
2026-09-15T22:36:38.4241687Z info: NLA/MF24/Ratios.lean:83:0: 'NLA.MF24.polynomial_norm_ratio' depends on axioms: [propext, Classical.choice, Quot.sound]
2026-09-15T22:36:38.4242480Z info: NLA/MF24/Ratios.lean:84:0: 'NLA.MF24.finite_rational_family_ratio' depends on axioms: [propext, Classical.choice, Quot.sound]
2026-09-15T22:36:40.3286634Z ℹ [3271/3272] Built NLA.MF24.Unbounded (1.9s)
2026-09-15T22:36:40.3287686Z info: NLA/MF24/Unbounded.lean:39:0: 'NLA.MF24.arbitrarily_large_ratios' depends on axioms: [propext, Classical.choice, Quot.sound]
2026-09-15T22:36:40.3288942Z info: NLA/MF24/Unbounded.lean:40:0: 'NLA.MF24.no_uniform_comparison' depends on axioms: [propext, Classical.choice, Quot.sound]
2026-09-15T22:36:42.1306656Z ℹ [3272/3272] Built NLA.MF24.Solution (1.8s)
2026-09-15T22:36:42.1307345Z info: NLA/MF24/Solution.lean:42:0: 'NLA.MF24.family_dimensions' depends on axioms: [propext, Classical.choice, Quot.sound]
2026-09-15T22:36:42.1308663Z info: NLA/MF24/Solution.lean:43:0: 'NLA.MF24.source_words_eq_height_shifts' depends on axioms: [propext, Classical.choice, Quot.sound]
2026-09-15T22:36:42.1309568Z info: NLA/MF24/Solution.lean:44:0: 'NLA.MF24.height_shift_powers' depends on axioms: [propext, Classical.choice, Quot.sound]
2026-09-15T22:36:42.1310474Z info: NLA/MF24/Solution.lean:45:0: 'NLA.MF24.family_nilpotent_nonnegative' depends on axioms: [propext, Classical.choice, Quot.sound]
2026-09-15T22:36:42.1311348Z info: NLA/MF24/Solution.lean:46:0: 'NLA.MF24.polynomial_degree_evaluation' depends on axioms: [propext, Classical.choice, Quot.sound]
2026-09-15T22:36:42.1312482Z info: NLA/MF24/Solution.lean:47:0: 'NLA.MF24.polynomial_entries' depends on axioms: [propext, Classical.choice, Quot.sound]
2026-09-15T22:36:42.1313392Z info: NLA/MF24/Solution.lean:48:0: 'NLA.MF24.gram_continuant' depends on axioms: [propext, Classical.choice, Quot.sound]
2026-09-15T22:36:42.1314495Z info: NLA/MF24/Solution.lean:49:0: 'NLA.MF24.gram_transfer' depends on axioms: [propext, Classical.choice, Quot.sound]
2026-09-15T22:36:42.1315334Z info: NLA/MF24/Solution.lean:50:0: 'NLA.MF24.transfer_bridge' depends on axioms: [propext, Classical.choice, Quot.sound]
2026-09-15T22:36:42.1316341Z info: NLA/MF24/Solution.lean:51:0: 'NLA.MF24.family_gram_charpoly' depends on axioms: [propext, Classical.choice, Quot.sound]
2026-09-15T22:36:42.1317304Z info: NLA/MF24/Solution.lean:52:0: 'NLA.MF24.gram_singular_bridge' depends on axioms: [propext, Classical.choice, Quot.sound]
2026-09-15T22:36:42.1318327Z info: NLA/MF24/Solution.lean:53:0: 'NLA.MF24.family_super_identical' depends on axioms: [propext, Classical.choice, Quot.sound]
2026-09-15T22:36:42.1319226Z info: NLA/MF24/Solution.lean:54:0: 'NLA.MF24.first_row_and_nonzero' depends on axioms: [propext, Classical.choice, Quot.sound]
2026-09-15T22:36:42.1320093Z info: NLA/MF24/Solution.lean:55:0: 'NLA.MF24.polynomial_numerator_bound' depends on axioms: [propext, Classical.choice, Quot.sound]
2026-09-15T22:36:42.1321006Z info: NLA/MF24/Solution.lean:56:0: 'NLA.MF24.residue_geometry' depends on axioms: [propext, Classical.choice, Quot.sound]
2026-09-15T22:36:42.1321904Z info: NLA/MF24/Solution.lean:57:0: 'NLA.MF24.residue_weight_bounds' depends on axioms: [propext, Classical.choice, Quot.sound]
2026-09-15T22:36:42.1323065Z info: NLA/MF24/Solution.lean:58:0: 'NLA.MF24.polynomial_denominator_energy' depends on axioms: [propext, Classical.choice, Quot.sound]
2026-09-15T22:36:42.1323990Z info: NLA/MF24/Solution.lean:59:0: 'NLA.MF24.polynomial_denominator_bound' depends on axioms: [propext, Classical.choice, Quot.sound]
2026-09-15T22:36:42.1324894Z info: NLA/MF24/Solution.lean:60:0: 'NLA.MF24.polynomial_norm_ratio' depends on axioms: [propext, Classical.choice, Quot.sound]
2026-09-15T22:36:42.1325818Z info: NLA/MF24/Solution.lean:61:0: 'NLA.MF24.finite_rational_family_ratio' depends on axioms: [propext, Classical.choice, Quot.sound]
2026-09-15T22:36:42.1326822Z info: NLA/MF24/Solution.lean:62:0: 'NLA.MF24.arbitrarily_large_ratios' depends on axioms: [propext, Classical.choice, Quot.sound]
2026-09-15T22:36:42.1327792Z info: NLA/MF24/Solution.lean:63:0: 'NLA.MF24.no_uniform_comparison' depends on axioms: [propext, Classical.choice, Quot.sound]
2026-09-15T22:36:42.1400027Z Build completed successfully (3272 jobs).
2026-09-15T22:36:42.1831548Z RUN ['lake', 'env', 'lean', 'Challenges/MF24.lean']
2026-09-15T22:36:44.3366540Z Challenges/MF24.lean:26:8: warning: declaration uses `sorry`
2026-09-15T22:36:44.3367054Z Challenges/MF24.lean:34:8: warning: declaration uses `sorry`
2026-09-15T22:36:44.3367499Z Challenges/MF24.lean:44:8: warning: declaration uses `sorry`
2026-09-15T22:36:44.3368687Z Challenges/MF24.lean:51:8: warning: declaration uses `sorry`
2026-09-15T22:36:44.3369144Z Challenges/MF24.lean:61:8: warning: declaration uses `sorry`
2026-09-15T22:36:44.3369595Z Challenges/MF24.lean:70:8: warning: declaration uses `sorry`
2026-09-15T22:36:44.3370012Z Challenges/MF24.lean:81:8: warning: declaration uses `sorry`
2026-09-15T22:36:44.3370424Z Challenges/MF24.lean:93:8: warning: declaration uses `sorry`
2026-09-15T22:36:44.3370858Z Challenges/MF24.lean:100:8: warning: declaration uses `sorry`
2026-09-15T22:36:44.3371273Z Challenges/MF24.lean:109:8: warning: declaration uses `sorry`
2026-09-15T22:36:44.3371710Z Challenges/MF24.lean:117:8: warning: declaration uses `sorry`
2026-09-15T22:36:44.3372144Z Challenges/MF24.lean:123:8: warning: declaration uses `sorry`
2026-09-15T22:36:44.3372586Z Challenges/MF24.lean:130:8: warning: declaration uses `sorry`
2026-09-15T22:36:44.3373003Z Challenges/MF24.lean:139:8: warning: declaration uses `sorry`
2026-09-15T22:36:44.3373760Z Challenges/MF24.lean:147:8: warning: declaration uses `sorry`
2026-09-15T22:36:44.3374233Z Challenges/MF24.lean:156:8: warning: declaration uses `sorry`
2026-09-15T22:36:44.3374663Z Challenges/MF24.lean:166:8: warning: declaration uses `sorry`
2026-09-15T22:36:44.3375069Z Challenges/MF24.lean:175:8: warning: declaration uses `sorry`
2026-09-15T22:36:44.3375475Z Challenges/MF24.lean:182:8: warning: declaration uses `sorry`
2026-09-15T22:36:44.3375898Z Challenges/MF24.lean:191:8: warning: declaration uses `sorry`
2026-09-15T22:36:44.3376351Z Challenges/MF24.lean:198:8: warning: declaration uses `sorry`
2026-09-15T22:36:44.3376797Z Challenges/MF24.lean:207:8: warning: declaration uses `sorry`
2026-09-15T22:36:44.4313491Z RUN ['lake', 'build', 'NLA.IE04.Solution']
2026-09-15T22:36:48.6899906Z ✔ [3641/3674] Built NLA.IE04.Definitions (2.8s)
2026-09-15T22:36:48.8911381Z ✔ [3642/3675] Built LeanCert.Core.Interval (2.8s)
2026-09-15T22:36:48.8949348Z ✔ [3643/3675] Built LeanCert.Core.DerivativeIntervals (2.8s)
2026-09-15T22:36:51.3000870Z ✔ [3644/3681] Built LeanCert.Core.Expr (5.2s)
2026-09-15T22:36:54.0159933Z ✔ [3645/3682] Built LeanCert.Contrib.Sinc (5.3s)
2026-09-15T22:36:57.1239873Z ✔ [3646/3682] Built LeanCert.Core.Taylor (8.2s)
2026-09-15T22:36:57.9229828Z ✔ [3647/3682] Built LeanCert.Core.IntervalRat.Basic (9.0s)
2026-09-15T22:36:57.9269666Z ✔ [3648/3682] Built LeanCert.Core.IntervalRat.LogReduction (6.6s)
2026-09-15T22:36:58.2229734Z ✔ [3650/3686] Built LeanCert.Core.Support (4.2s)
2026-09-15T22:37:00.6339750Z ✔ [3651/3686] Built LeanCert.Meta.Numeral (3.5s)
2026-09-15T22:37:00.9322118Z ✔ [3652/3686] Built LeanCert.Engine.Eval.Result (2.0s)
2026-09-15T22:37:01.4300180Z ✔ [3653/3686] Built LeanCert.Core.TrigReduction (3.2s)
2026-09-15T22:37:01.4329174Z ✔ [3654/3686] Built LeanCert.Core.Dyadic (3.5s)
2026-09-15T22:37:03.9319955Z ✔ [3655/3687] Built LeanCert.Tactic.IntervalAuto.Types (2.0s)
2026-09-15T22:37:03.9409309Z ✔ [3656/3687] Built LeanCert.Tactic.LeanCert.Bridge.Environment (2.5s)
2026-09-15T22:37:06.1328228Z ✔ [3657/3687] Built LeanCert.Core.IntervalRat.Transcendental (5.5s)
2026-09-15T22:37:08.4409777Z ✔ [3658/3687] Built LeanCert.Tactic.IntervalAuto.Extract (4.5s)
2026-09-15T22:37:09.3449926Z ✔ [3659/3750] Built LeanCert.Tactic.NumericalRefinement (935ms)
2026-09-15T22:37:10.2569979Z ✔ [3681/3758] Built LeanCert.Meta.ToExpr (6.3s)
2026-09-15T22:37:10.8639680Z ✔ [3682/3758] Built LeanCert.Tactic.IntervalAuto.Norm (4.7s)
2026-09-15T22:37:15.0821465Z ✔ [3683/3765] Built LeanCert.Tactic.LeanCert.Normalize (4.2s)
2026-09-15T22:37:15.8869524Z ℹ [3685/3768] Built NLA.IE04.Scalars (6.5s)
2026-09-15T22:37:15.8899313Z info: NLA/IE04/Scalars.lean:124:0: 'NLA.IE04.scalar_budgets' depends on axioms: [propext, Classical.choice, Quot.sound]
2026-09-15T22:37:15.8959517Z info: NLA/IE04/Scalars.lean:125:0: 'NLA.IE04.quotient_bounds' depends on axioms: [propext, Classical.choice, Quot.sound]
2026-09-15T22:37:15.9009499Z info: NLA/IE04/Scalars.lean:126:0: 'NLA.IE04.scalar_schur_error' depends on axioms: [propext, Classical.choice, Quot.sound]
2026-09-15T22:37:16.4872005Z ✔ [3686/3768] Built LeanCert.Tactic.IntervalAuto.Parse (6.3s)
2026-09-15T22:37:18.5959532Z ℹ [3687/3768] Built NLA.IE04.Pivot (3.5s)
2026-09-15T22:37:18.6019719Z info: NLA/IE04/Pivot.lean:159:0: 'NLA.IE04.firstPivotIndex_spec_proved' depends on axioms: [propext, Classical.choice, Quot.sound]
2026-09-15T22:37:18.6099296Z info: NLA/IE04/Pivot.lean:161:0: 'NLA.IE04.firstPivotIndex_eq_of_firstAvailable_proved' depends on axioms: [propext, Classical.choice, Quot.sound]
2026-09-15T22:37:18.6189471Z info: NLA/IE04/Pivot.lean:163:0: 'NLA.IE04.firstPivotIndex_firstAvailable_proved' depends on axioms: [propext, Classical.choice, Quot.sound]
2026-09-15T22:37:18.6239155Z info: NLA/IE04/Pivot.lean:165:0: 'NLA.IE04.trajectory_firstPath_eq_proved' depends on axioms: [propext, Classical.choice, Quot.sound]
2026-09-15T22:37:18.6292045Z info: NLA/IE04/Pivot.lean:167:0: 'NLA.IE04.firstPath_eq_of_firstAvailable_proved' depends on axioms: [propext, Classical.choice, Quot.sound]
2026-09-15T22:37:19.1948656Z ✔ [3688/3768] Built LeanCert.Tactic.IntervalAuto.Diagnostic (2.7s)
2026-09-15T22:37:19.7946643Z ⚠ [3689/3768] Built NLA.IE04.Asymptotics (3.9s)
2026-09-15T22:37:19.7950339Z warning: NLA/IE04/Asymptotics.lean:54:45: Variable name `hc₁` is not explicitly referenced.
2026-09-15T22:37:19.7950879Z 
2026-09-15T22:37:19.7951498Z Hint: The binding can be removed (if unused) or named `_` (if used implicitly). Alternatively, prefix the name with `_` to silence this warning:
2026-09-15T22:37:19.7954053Z   [apply] _hc₁
2026-09-15T22:37:19.7954258Z 
2026-09-15T22:37:19.7954587Z Note: This linter can be disabled with `set_option linter.unusedVariables false`
2026-09-15T22:37:19.7955627Z info: NLA/IE04/Asymptotics.lean:89:0: 'NLA.IE04.contradiction_dimension' depends on axioms: [propext, Classical.choice, Quot.sound]
2026-09-15T22:37:20.0009742Z ✔ [3690/3768] Built LeanCert.Core.IntervalRat.Taylor (18s)
2026-09-15T22:37:21.4049737Z ✔ [3691/3768] Built LeanCert.Core.IntervalReal (1.5s)
2026-09-15T22:37:22.6129756Z ✔ [3692/3768] Built LeanCert.Core.IntervalRat.TrigReduced (2.7s)
2026-09-15T22:37:22.7128794Z ℹ [3693/3768] Built NLA.IE04.GEPP (4.1s)
2026-09-15T22:37:22.7149656Z info: NLA/IE04/GEPP.lean:294:0: 'NLA.IE04.entryMax_semantics_proved' depends on axioms: [propext, Classical.choice, Quot.sound]
2026-09-15T22:37:22.7179469Z info: NLA/IE04/GEPP.lean:296:0: 'NLA.IE04.schurStep_bound_proved' depends on axioms: [propext, Classical.choice, Quot.sound]
2026-09-15T22:37:22.7209375Z info: NLA/IE04/GEPP.lean:298:0: 'NLA.IE04.gepp_growth_bound_proved' depends on axioms: [propext, Classical.choice, Quot.sound]
2026-09-15T22:37:22.7239643Z info: NLA/IE04/GEPP.lean:300:0: 'NLA.IE04.activeInjective_initial_proved' depends on axioms: [propext, Classical.choice, Quot.sound]
2026-09-15T22:37:22.7241165Z info: NLA/IE04/GEPP.lean:302:0: 'NLA.IE04.activeInjective_nonzero_column_proved' depends on axioms: [propext, Classical.choice, Quot.sound]
2026-09-15T22:37:22.7269362Z info: NLA/IE04/GEPP.lean:304:0: 'NLA.IE04.activeInjective_rowSwap_proved' depends on axioms: [propext, Classical.choice, Quot.sound]
2026-09-15T22:37:22.7299181Z info: NLA/IE04/GEPP.lean:306:0: 'NLA.IE04.schurStep_mulVec_proved' depends on axioms: [propext, Classical.choice, Quot.sound]
2026-09-15T22:37:22.7329121Z info: NLA/IE04/GEPP.lean:308:0: 'NLA.IE04.activeInjective_schur_proved' depends on axioms: [propext, Classical.choice, Quot.sound]
2026-09-15T22:37:22.7330664Z info: NLA/IE04/GEPP.lean:310:0: 'NLA.IE04.firstTrajectory_activeInjective_proved' depends on axioms: [propext, Classical.choice, Quot.sound]
2026-09-15T22:37:22.7359267Z info: NLA/IE04/GEPP.lean:312:0: 'NLA.IE04.firstPath_semantics_proved' depends on axioms: [propext, Classical.choice, Quot.sound]
2026-09-15T22:37:27.5299578Z ℹ [3694/3768] Built NLA.IE04.Measurability (4.8s)
2026-09-15T22:37:27.5329775Z info: NLA/IE04/Measurability.lean:194:0: 'NLA.IE04.firstPath_admissibleRule_proved' depends on axioms: [propext, Classical.choice, Quot.sound]
2026-09-15T22:37:27.5389537Z info: NLA/IE04/Measurability.lean:196:0: 'NLA.IE04.gaussianMatrix_probability_proved' depends on axioms: [propext, Classical.choice, Quot.sound]
2026-09-15T22:37:27.5419357Z info: NLA/IE04/Measurability.lean:198:0: 'NLA.IE04.exceedanceEvent_measurable_proved' depends on axioms: [propext, Classical.choice, Quot.sound]
2026-09-15T22:37:27.9275966Z ✔ [3695/3768] Built LeanCert.Core.IntervalRealEndpoints (5.2s)
2026-09-15T22:37:29.1319617Z ✔ [3696/3768] Built LeanCert.Engine.Affine.Basic (7.7s)
2026-09-15T22:37:29.5309778Z ✔ [3697/3768] Built LeanCert.Core.IntervalDyadic (8.1s)
2026-09-15T22:37:32.3400139Z ℹ [3698/3768] Built NLA.IE04.StrictPivots (4.8s)
2026-09-15T22:37:32.3429563Z info: NLA/IE04/StrictPivots.lean:125:0: 'NLA.IE04.noSwap_nonsingular_of_pivots' depends on axioms: [propext, Classical.choice, Quot.sound]
2026-09-15T22:37:32.3431594Z info: NLA/IE04/StrictPivots.lean:127:0: 'NLA.IE04.strictNoSwap_path_unique' depends on axioms: [propext, Classical.choice, Quot.sound]
2026-09-15T22:37:34.6432843Z ✔ [3699/3768] Built LeanCert.Engine.Affine.Nonlinear (5.5s)
2026-09-15T22:37:34.8459688Z ✔ [3700/3768] Built LeanCert.Core.DyadicCell (5.3s)
2026-09-15T22:37:35.4447776Z ✔ [3701/3768] Built LeanCert.Engine.Eval.Core (7.5s)
2026-09-15T22:37:36.9476969Z ✔ [3702/3768] Built LeanCert.Core.DyadicFrontier (2.1s)
2026-09-15T22:37:36.9478408Z ⚠ [3703/3768] Built NLA.IE04.Witness (4.6s)
2026-09-15T22:37:36.9479286Z warning: NLA/IE04/Witness.lean:47:15: This simp argument is unused:
2026-09-15T22:37:36.9480081Z   Fin.val_mk
2026-09-15T22:37:36.9480487Z 
2026-09-15T22:37:36.9480806Z Hint: Omit it from the simp argument list.
2026-09-15T22:37:36.9481561Z   [apply] simp only at hv
2026-09-15T22:37:36.9482155Z 
2026-09-15T22:37:36.9482964Z Note: This linter can be disabled with `set_option linter.unusedSimpArgs false`
2026-09-15T22:37:36.9483865Z warning: NLA/IE04/Witness.lean:70:36: Variable name `hn` is not explicitly referenced.
2026-09-15T22:37:36.9484329Z 
2026-09-15T22:37:36.9485032Z Hint: The binding can be removed (if unused) or named `_` (if used implicitly). Alternatively, prefix the name with `_` to silence this warning:
2026-09-15T22:37:36.9485857Z   [apply] _hn
2026-09-15T22:37:36.9486033Z 
2026-09-15T22:37:36.9486365Z Note: This linter can be disabled with `set_option linter.unusedVariables false`
2026-09-15T22:37:36.9487280Z info: NLA/IE04/Witness.lean:144:0: 'NLA.IE04.witness_trajectory' depends on axioms: [propext, Classical.choice, Quot.sound]
2026-09-15T22:37:36.9488460Z info: NLA/IE04/Witness.lean:146:0: 'NLA.IE04.witness_strict_growth' depends on axioms: [propext, Classical.choice, Quot.sound]
2026-09-15T22:37:38.2517245Z ✔ [3704/3768] Built LeanCert.Engine.Eval.Extended (2.8s)
2026-09-15T22:37:40.0542823Z ✔ [3705/3768] Built LeanCert.Engine.Bounds.Lemmas (1.8s)
2026-09-15T22:37:40.1532572Z ℹ [3706/3768] Built NLA.IE04.Robustness (3.2s)
2026-09-15T22:37:40.1533371Z info: NLA/IE04/Robustness.lean:180:0: 'NLA.IE04.full_box_robust' depends on axioms: [propext, Classical.choice, Quot.sound]
2026-09-15T22:37:40.1534177Z info: NLA/IE04/Robustness.lean:182:0: 'NLA.IE04.growth_on_box' depends on axioms: [propext, Classical.choice, Quot.sound]
2026-09-15T22:37:41.4599951Z ✔ [3707/3768] Built LeanCert.Engine.IntervalEval (1.4s)
2026-09-15T22:37:44.0618705Z ✔ [3708/3768] Built LeanCert.Validity.Bounds.Checked (2.6s)
2026-09-15T22:37:44.3641351Z ✔ [3709/3768] Built LeanCert.Validity.Bounds.Core (2.9s)
2026-09-15T22:37:45.4679975Z ✔ [3710/3768] Built LeanCert.Engine.Affine.Transcendental (4.0s)
2026-09-15T22:37:47.7695345Z ✔ [3711/3768] Built LeanCert.Engine.IntervalEvalDyadic (6.3s)
2026-09-15T22:37:47.8696978Z ✔ [3712/3768] Built LeanCert.Engine.Optimization.Box (3.5s)
2026-09-15T22:37:49.5810032Z ✔ [3713/3768] Built LeanCert.Engine.RootFinding.Basic (5.5s)
2026-09-15T22:37:51.1910002Z ✔ [3714/3768] Built LeanCert.Engine.AD.Basic (3.4s)
2026-09-15T22:37:51.4899638Z ✔ [3715/3768] Built LeanCert.Engine.Integrate (6.1s)
2026-09-15T22:37:55.4999532Z ✔ [3716/3768] Built LeanCert.Validity.DyadicBounds (4.3s)
2026-09-15T22:37:56.3025453Z ✔ [3717/3768] Built LeanCert.Engine.IntervalEvalAffine (6.8s)
2026-09-15T22:37:56.9022143Z ✔ [3718/3768] Built LeanCert.Engine.TaylorModel.Core (9.1s)
2026-09-15T22:37:57.2041095Z ✔ [3719/3768] Built LeanCert.Engine.RootFinding.Bisection (5.6s)
2026-09-15T22:37:59.9202889Z ✔ [3720/3768] Built LeanCert.Engine.TaylorModel.Special (2.7s)
2026-09-15T22:37:59.9219882Z ✔ [3721/3768] Built LeanCert.Engine.Affine.Environment (3.6s)
2026-09-15T22:38:00.0195080Z ✔ [3722/3768] Built LeanCert.Engine.AD.Transcendental (4.5s)
2026-09-15T22:38:00.0239442Z ✔ [3723/3768] Built LeanCert.Engine.TaylorModel.Integral (3.1s)
2026-09-15T22:38:02.5310054Z ✔ [3724/3768] Built LeanCert.Engine.AD.Eval (2.6s)
2026-09-15T22:38:08.4510021Z ✔ [3725/3768] Built LeanCert.Engine.AD.Correctness (5.9s)
2026-09-15T22:38:08.4519408Z ✔ [3726/3768] Built LeanCert.Engine.TaylorModel.ExpLog (8.5s)
2026-09-15T22:38:12.5549544Z ✔ [3727/3768] Built LeanCert.Engine.AD.Computable (4.1s)
2026-09-15T22:38:12.5569432Z ✔ [3728/3768] Built LeanCert.Engine.TaylorModel.Trig (12s)
2026-09-15T22:38:13.4546318Z ✔ [3729/3768] Built LeanCert.Engine.TaylorModel.Hyperbolic (13s)
2026-09-15T22:38:14.6600048Z ✔ [3730/3768] Built LeanCert.Engine.AD.PartialCorrectness (6.2s)
2026-09-15T22:38:15.1615192Z ✔ [3731/3768] Built LeanCert.Engine.TaylorModel.Functions (1.7s)
2026-09-15T22:38:15.2616063Z ✔ [3732/3768] Built LeanCert.Engine.AD.DomainChecked (2.7s)
2026-09-15T22:38:18.5671189Z ✔ [3733/3768] Built LeanCert.Engine.AD.Dyadic (3.3s)
2026-09-15T22:38:18.5672298Z ✔ [3734/3768] Built LeanCert.Engine.TaylorModel.Expr (3.4s)
2026-09-15T22:38:19.9700856Z ✔ [3735/3768] Built LeanCert.Engine.AD (1.4s)
2026-09-15T22:38:19.9709350Z ✔ [3736/3768] Built LeanCert.Engine.TaylorModel (1.5s)
2026-09-15T22:38:22.9800054Z ✔ [3737/3768] Built LeanCert.Validity.Bounds.Smart (3.0s)
2026-09-15T22:38:23.8809934Z ✔ [3738/3768] Built LeanCert.Meta.ProveSupported (3.8s)
2026-09-15T22:38:23.8875116Z ✔ [3739/3768] Built LeanCert.Engine.IntervalEvalRefined (3.9s)
2026-09-15T22:38:25.8849677Z ✔ [3740/3768] Built LeanCert.Validity.Bounds.Bridge (2.9s)
2026-09-15T22:38:25.9853116Z ✔ [3741/3768] Built LeanCert.Engine.Optimize (5.9s)
2026-09-15T22:38:28.2950066Z ✔ [3742/3768] Built LeanCert.Meta.ProveContinuous (4.5s)
2026-09-15T22:38:28.3966534Z ✔ [3743/3768] Built LeanCert.Validity.Bounds.Basic (2.5s)
2026-09-15T22:38:29.0980891Z ✔ [3744/3768] Built LeanCert.Tactic.IntervalAuto.ProveCommon (5.2s)
2026-09-15T22:38:31.4040052Z ✔ [3745/3768] Built LeanCert.Engine.Optimization.Gradient (5.5s)
2026-09-15T22:38:32.4032731Z ✔ [3746/3768] Built LeanCert.Tactic.IntervalAuto.Basic (3.2s)
2026-09-15T22:38:32.8043917Z ✔ [3747/3768] Built LeanCert.Engine.RootFinding.Newton (4.5s)
2026-09-15T22:38:34.7159259Z ✔ [3748/3768] Built LeanCert.Validity.Integration (6.3s)
2026-09-15T22:38:39.9229781Z ✔ [3749/3768] Built LeanCert.Engine.RootFinding.Krawczyk (7.6s)
2026-09-15T22:38:41.8240120Z ✔ [3750/3768] Built LeanCert.Engine.RootFinding.MVTBounds (8.0s)
2026-09-15T22:38:45.9369730Z ✔ [3751/3768] Built LeanCert.Engine.RootFinding.Contraction (4.1s)
2026-09-15T22:38:47.5373288Z ✔ [3752/3768] Built LeanCert.Engine.RootFinding.Main (1.6s)
2026-09-15T22:38:48.3381839Z ✔ [3753/3768] Built LeanCert.Engine.Optimization.Global (16s)
2026-09-15T22:38:50.4440531Z ✔ [3754/3768] Built LeanCert.Engine.Optimization.BoundVerify (2.2s)
2026-09-15T22:38:52.1469702Z ✔ [3755/3768] Built LeanCert.Validity.Bounds (3.8s)
2026-09-15T22:38:55.7570201Z ✔ [3756/3768] Built LeanCert.Tactic.IntervalAuto.RootBound (3.7s)
2026-09-15T22:38:55.8559872Z ✔ [3757/3768] Built LeanCert.Tactic.IntervalAuto.OptBound (3.7s)
2026-09-15T22:38:57.0570840Z ✔ [3758/3768] Built LeanCert.Tactic.IntervalAuto.Multivariate (4.9s)
2026-09-15T22:39:04.2701175Z ✔ [3759/3768] Built LeanCert.Tactic.IntervalAuto.Bound (12s)
2026-09-15T22:39:07.9752882Z ✔ [3760/3768] Built LeanCert.Tactic.IntervalAuto.Subdiv (3.7s)
2026-09-15T22:39:09.7770471Z ✔ [3761/3768] Built LeanCert.Tactic.IntervalAuto.Adaptive (5.5s)
2026-09-15T22:39:11.3787175Z ✔ [3762/3768] Built LeanCert.Tactic.IntervalAuto.PointIneq (7.1s)
2026-09-15T22:39:13.1804344Z ✔ [3763/3768] Built LeanCert.Tactic.IntervalAuto (1.8s)
2026-09-15T22:39:15.7839338Z ℹ [3764/3768] Built NLA.IE04.GaussianDensity (2.7s)
2026-09-15T22:39:15.7840522Z info: NLA/IE04/GaussianDensity.lean:71:0: 'NLA.IE04.exp_neg_two_lower' depends on axioms: [propext, Classical.choice, Quot.sound]
2026-09-15T22:39:15.7841748Z info: NLA/IE04/GaussianDensity.lean:73:0: 'NLA.IE04.standard_normal_density_lower' depends on axioms: [propext, Classical.choice, Quot.sound]
2026-09-15T22:39:15.7843018Z info: NLA/IE04/GaussianDensity.lean:75:0: 'NLA.IE04.gaussian_interval_lower' depends on axioms: [propext, Classical.choice, Quot.sound]
2026-09-15T22:39:17.9852915Z ℹ [3765/3768] Built NLA.IE04.GaussianBox (2.2s)
2026-09-15T22:39:17.9853924Z info: NLA/IE04/GaussianBox.lean:106:0: 'NLA.IE04.gaussian_box_product' depends on axioms: [propext, Classical.choice, Quot.sound]
2026-09-15T22:39:17.9855227Z info: NLA/IE04/GaussianBox.lean:108:0: 'NLA.IE04.gaussian_box_probability' depends on axioms: [propext, Classical.choice, Quot.sound]
2026-09-15T22:39:20.0874885Z ℹ [3766/3768] Built NLA.IE04.ProbabilityTail (2.0s)
2026-09-15T22:39:20.0876175Z info: NLA/IE04/ProbabilityTail.lean:55:0: 'NLA.IE04.gaussian_box_in_actual_event' depends on axioms: [propext, Classical.choice, Quot.sound]
2026-09-15T22:39:20.0877539Z info: NLA/IE04/ProbabilityTail.lean:57:0: 'NLA.IE04.gepp_gaussian_tail_lower' depends on axioms: [propext, Classical.choice, Quot.sound]
2026-09-15T22:39:22.1915363Z ⚠ [3767/3768] Built NLA.IE04.Final (2.1s)
2026-09-15T22:39:22.1916035Z warning: NLA/IE04/Final.lean:27:2: Try this: 
2026-09-15T22:39:22.1916579Z   letI̵
2026-09-15T22:39:22.1916808Z 
2026-09-15T22:39:22.1917128Z The goal is a proposition, so `let` is preferred over `letI`.
2026-09-15T22:39:22.1917839Z The difference between `let` and `letI` is that `letI` inlines the value.
2026-09-15T22:39:22.1918641Z But this is not relevant for proofs because of proof irrelevance.
2026-09-15T22:39:22.1919103Z 
2026-09-15T22:39:22.1919511Z Note: This linter can be disabled with `set_option linter.style.haveILetI false`
2026-09-15T22:39:22.1920496Z info: NLA/IE04/Final.lean:70:0: 'NLA.IE04.counterexample' depends on axioms: [propext, Classical.choice, Quot.sound]
2026-09-15T22:39:22.1921683Z info: NLA/IE04/Final.lean:72:0: 'NLA.IE04.not_uniformExponentialTail' depends on axioms: [propext, Classical.choice, Quot.sound]
2026-09-15T22:39:24.1938603Z ℹ [3768/3768] Built NLA.IE04.Solution (2.0s)
2026-09-15T22:39:24.1939723Z info: NLA/IE04/Solution.lean:45:0: 'NLA.IE04.entryMax_semantics' depends on axioms: [propext, Classical.choice, Quot.sound]
2026-09-15T22:39:24.1941062Z info: NLA/IE04/Solution.lean:47:0: 'NLA.IE04.firstPath_semantics' depends on axioms: [propext, Classical.choice, Quot.sound]
2026-09-15T22:39:24.1941973Z info: NLA/IE04/Solution.lean:49:0: 'NLA.IE04.firstPath_admissibleRule' depends on axioms: [propext, Classical.choice, Quot.sound]
2026-09-15T22:39:24.1942779Z info: NLA/IE04/Solution.lean:51:0: 'NLA.IE04.gaussianMatrix_probability' depends on axioms: [propext, Classical.choice, Quot.sound]
2026-09-15T22:39:24.1943649Z info: NLA/IE04/Solution.lean:53:0: 'NLA.IE04.exceedanceEvent_measurable' depends on axioms: [propext, Classical.choice, Quot.sound]
2026-09-15T22:39:24.1944436Z info: NLA/IE04/Solution.lean:55:0: 'NLA.IE04.witness_trajectory' depends on axioms: [propext, Classical.choice, Quot.sound]
2026-09-15T22:39:24.1945369Z info: NLA/IE04/Solution.lean:57:0: 'NLA.IE04.witness_strict_growth' depends on axioms: [propext, Classical.choice, Quot.sound]
2026-09-15T22:39:24.1946608Z info: NLA/IE04/Solution.lean:59:0: 'NLA.IE04.scalar_budgets' depends on axioms: [propext, Classical.choice, Quot.sound]
2026-09-15T22:39:24.1947480Z info: NLA/IE04/Solution.lean:61:0: 'NLA.IE04.quotient_bounds' depends on axioms: [propext, Classical.choice, Quot.sound]
2026-09-15T22:39:24.1948469Z info: NLA/IE04/Solution.lean:63:0: 'NLA.IE04.scalar_schur_error' depends on axioms: [propext, Classical.choice, Quot.sound]
2026-09-15T22:39:24.1949325Z info: NLA/IE04/Solution.lean:65:0: 'NLA.IE04.full_box_robust' depends on axioms: [propext, Classical.choice, Quot.sound]
2026-09-15T22:39:24.1950139Z info: NLA/IE04/Solution.lean:67:0: 'NLA.IE04.growth_on_box' depends on axioms: [propext, Classical.choice, Quot.sound]
2026-09-15T22:39:24.1951020Z info: NLA/IE04/Solution.lean:69:0: 'NLA.IE04.standard_normal_density_lower' depends on axioms: [propext, Classical.choice, Quot.sound]
2026-09-15T22:39:24.1951975Z info: NLA/IE04/Solution.lean:71:0: 'NLA.IE04.gaussian_interval_lower' depends on axioms: [propext, Classical.choice, Quot.sound]
2026-09-15T22:39:24.1952897Z info: NLA/IE04/Solution.lean:73:0: 'NLA.IE04.gaussian_box_product' depends on axioms: [propext, Classical.choice, Quot.sound]
2026-09-15T22:39:24.1953803Z info: NLA/IE04/Solution.lean:75:0: 'NLA.IE04.gaussian_box_probability' depends on axioms: [propext, Classical.choice, Quot.sound]
2026-09-15T22:39:24.1954700Z info: NLA/IE04/Solution.lean:77:0: 'NLA.IE04.gaussian_box_in_actual_event' depends on axioms: [propext, Classical.choice, Quot.sound]
2026-09-15T22:39:24.1955825Z info: NLA/IE04/Solution.lean:79:0: 'NLA.IE04.gepp_gaussian_tail_lower' depends on axioms: [propext, Classical.choice, Quot.sound]
2026-09-15T22:39:24.1956726Z info: NLA/IE04/Solution.lean:81:0: 'NLA.IE04.contradiction_dimension' depends on axioms: [propext, Classical.choice, Quot.sound]
2026-09-15T22:39:24.1957637Z info: NLA/IE04/Solution.lean:83:0: 'NLA.IE04.counterexample' depends on axioms: [propext, Classical.choice, Quot.sound]
2026-09-15T22:39:24.1961642Z info: NLA/IE04/Solution.lean:85:0: 'NLA.IE04.not_uniformExponentialTail' depends on axioms: [propext, Classical.choice, Quot.sound]
2026-09-15T22:39:24.2029020Z Build completed successfully (3768 jobs).
2026-09-15T22:39:24.2315793Z RUN ['lake', 'env', 'lean', 'Challenges/IE04.lean']
2026-09-15T22:39:26.3985359Z Challenges/IE04.lean:17:8: warning: declaration uses `sorry`
2026-09-15T22:39:26.3985951Z Challenges/IE04.lean:21:8: warning: declaration uses `sorry`
2026-09-15T22:39:26.3986604Z Challenges/IE04.lean:26:8: warning: declaration uses `sorry`
2026-09-15T22:39:26.3987036Z Challenges/IE04.lean:29:8: warning: declaration uses `sorry`
2026-09-15T22:39:26.3987467Z Challenges/IE04.lean:32:8: warning: declaration uses `sorry`
2026-09-15T22:39:26.3987934Z Challenges/IE04.lean:36:8: warning: declaration uses `sorry`
2026-09-15T22:39:26.3988669Z Challenges/IE04.lean:39:8: warning: declaration uses `sorry`
2026-09-15T22:39:26.3989106Z Challenges/IE04.lean:44:8: warning: declaration uses `sorry`
2026-09-15T22:39:26.3989523Z Challenges/IE04.lean:51:8: warning: declaration uses `sorry`
2026-09-15T22:39:26.3989920Z Challenges/IE04.lean:56:8: warning: declaration uses `sorry`
2026-09-15T22:39:26.3990723Z Challenges/IE04.lean:62:8: warning: declaration uses `sorry`
2026-09-15T22:39:26.3991175Z Challenges/IE04.lean:70:8: warning: declaration uses `sorry`
2026-09-15T22:39:26.3991590Z Challenges/IE04.lean:75:8: warning: declaration uses `sorry`
2026-09-15T22:39:26.3992014Z Challenges/IE04.lean:78:8: warning: declaration uses `sorry`
2026-09-15T22:39:26.3992447Z Challenges/IE04.lean:82:8: warning: declaration uses `sorry`
2026-09-15T22:39:26.3992884Z Challenges/IE04.lean:90:8: warning: declaration uses `sorry`
2026-09-15T22:39:26.3993319Z Challenges/IE04.lean:94:8: warning: declaration uses `sorry`
2026-09-15T22:39:26.3994202Z Challenges/IE04.lean:98:8: warning: declaration uses `sorry`
2026-09-15T22:39:26.3994655Z Challenges/IE04.lean:103:8: warning: declaration uses `sorry`
2026-09-15T22:39:26.3995085Z Challenges/IE04.lean:107:8: warning: declaration uses `sorry`
2026-09-15T22:39:26.3995512Z Challenges/IE04.lean:113:8: warning: declaration uses `sorry`
2026-09-15T22:39:26.5019664Z RUN ['lake', 'build', 'NLA.MF12.Words', 'NLA.MF12.Parameters', 'NLA.MF12.Norms', 'NLA.MF12.Tensor', 'NLA.MF12.MatrixAlgebra', 'NLA.MF12.Budgets', 'NLA.MF12.HolderBound', 'NLA.MF12.RootLimit', 'NLA.MF12.Gaps', 'NLA.MF12.PowerBounds', 'NLA.MF12.Upper', 'NLA.MF12.JordanEntries', 'NLA.MF12.GapBounds']
2026-09-15T22:39:29.3669488Z ✔ [3099/3112] Built NLA.MF12.Definitions (1.6s)
2026-09-15T22:39:32.4720156Z ✖ [3100/3112] Building NLA.MF12.RootLimit (3.2s)
2026-09-15T22:39:32.4779935Z trace: .> LEAN_PATH=/home/runner/work/OpenProblemsInNLA/OpenProblemsInNLA/.lean-development/.lake/packages/Cli/.lake/build/lib/lean:/home/runner/work/OpenProblemsInNLA/OpenProblemsInNLA/.lean-development/.lake/packages/batteries/.lake/build/lib/lean:/home/runner/work/OpenProblemsInNLA/OpenProblemsInNLA/.lean-development/.lake/packages/Qq/.lake/build/lib/lean:/home/runner/work/OpenProblemsInNLA/OpenProblemsInNLA/.lean-development/.lake/packages/aesop/.lake/build/lib/lean:/home/runner/work/OpenProblemsInNLA/OpenProblemsInNLA/.lean-development/.lake/packages/proofwidgets/.lake/build/lib/lean:/home/runner/work/OpenProblemsInNLA/OpenProblemsInNLA/.lean-development/.lake/packages/importGraph/.lake/build/lib/lean:/home/runner/work/OpenProblemsInNLA/OpenProblemsInNLA/.lean-development/.lake/packages/LeanSearchClient/.lake/build/lib/lean:/home/runner/work/OpenProblemsInNLA/OpenProblemsInNLA/.lean-development/.lake/packages/plausible/.lake/build/lib/lean:/home/runner/work/OpenProblemsInNLA/OpenProblemsInNLA/.lean-development/.lake/packages/mathlib/.lake/build/lib/lean:/home/runner/work/OpenProblemsInNLA/OpenProblemsInNLA/.lean-development/.lake/packages/leancert/.lake/build/lib/lean:/home/runner/work/OpenProblemsInNLA/OpenProblemsInNLA/.lean-development/.lake/build/lib/lean /home/runner/.elan/toolchains/leanprover--lean4---v4.33.1/bin/lean /home/runner/work/OpenProblemsInNLA/OpenProblemsInNLA/.lean-development/NLA/MF12/RootLimit.lean -o /home/runner/work/OpenProblemsInNLA/OpenProblemsInNLA/.lean-development/.lake/build/lib/lean/NLA/MF12/RootLimit.olean -i /home/runner/work/OpenProblemsInNLA/OpenProblemsInNLA/.lean-development/.lake/build/lib/lean/NLA/MF12/RootLimit.ilean -c /home/runner/work/OpenProblemsInNLA/OpenProblemsInNLA/.lean-development/.lake/build/ir/NLA/MF12/RootLimit.c --setup /home/runner/work/OpenProblemsInNLA/OpenProblemsInNLA/.lean-development/.lake/build/ir/NLA/MF12/RootLimit.setup.json --json
2026-09-15T22:39:32.4829992Z error: NLA/MF12/RootLimit.lean:31:61: Invalid field `rpow_const`: The environment does not contain `Function.rpow_const`, so it is not possible to project the field `rpow_const` from an expression
2026-09-15T22:39:32.4948713Z   hbase
2026-09-15T22:39:32.5038817Z of type
2026-09-15T22:39:32.5069321Z   ?m.74 ∈ 𝓝 1 → ?m.74 ∈ map (fun n => (↑n).rpow (1 / ↑n)) atTop
2026-09-15T22:39:32.5129739Z error: NLA/MF12/RootLimit.lean:33:74: Invalid field `rpow`: The environment does not contain `Function.rpow`, so it is not possible to project the field `rpow` from an expression
2026-09-15T22:39:32.5218766Z   tendsto_const_nhds
2026-09-15T22:39:32.5279276Z of type
2026-09-15T22:39:32.5309204Z   ?m.111 ∈ 𝓝 c → ?m.111 ∈ map (fun x => c) atTop
2026-09-15T22:39:32.5310276Z warning: NLA/MF12/RootLimit.lean:48:5: Variable name `hγ` is not explicitly referenced.
2026-09-15T22:39:32.5310850Z 
2026-09-15T22:39:32.5311681Z Hint: The binding can be removed (if unused) or named `_` (if used implicitly). Alternatively, prefix the name with `_` to silence this warning:
2026-09-15T22:39:32.5312754Z   [apply] _hγ
2026-09-15T22:39:32.5313017Z 
2026-09-15T22:39:32.5313393Z Note: This linter can be disabled with `set_option linter.unusedVariables false`
2026-09-15T22:39:32.5314584Z error: NLA/MF12/RootLimit.lean:63:21: #assert_trust: 'NLA.MF12.roots_of_polynomial_growth' depends on sorry or unrecognized axioms
2026-09-15T22:39:32.5315667Z   foundational: propext, Classical.choice, Quot.sound
2026-09-15T22:39:32.5316316Z   sorryAx: sorryAx
2026-09-15T22:39:32.5317294Z info: NLA/MF12/RootLimit.lean:64:0: 'NLA.MF12.roots_of_polynomial_growth' depends on axioms: [propext, sorryAx, Classical.choice, Quot.sound]
2026-09-15T22:39:32.5318516Z error: Lean exited with code 1
2026-09-15T22:39:33.5709548Z ⚠ [3101/3112] Built NLA.MF12.Norms (4.2s)
2026-09-15T22:39:33.5710531Z warning: NLA/MF12/Norms.lean:32:10: This simp argument is unused:
2026-09-15T22:39:33.5777326Z   Matrix.mulVec_single_one
2026-09-15T22:39:33.5820257Z 
2026-09-15T22:39:33.5858732Z Hint: Omit it from the simp argument list.
2026-09-15T22:39:33.5893434Z   [apply] simp
2026-09-15T22:39:33.5918217Z 
2026-09-15T22:39:33.5948996Z Note: This linter can be disabled with `set_option linter.unusedSimpArgs false`
2026-09-15T22:39:33.5979090Z info: NLA/MF12/Norms.lean:116:0: 'NLA.MF12.entry_maximum_norm_comparison' depends on axioms: [propext, Classical.choice, Quot.sound]
2026-09-15T22:39:33.6685479Z ℹ [3102/3112] Built NLA.MF12.Parameters (4.3s)
2026-09-15T22:39:33.6711183Z info: NLA/MF12/Parameters.lean:129:0: 'NLA.MF12.fractional_parameters' depends on axioms: [propext, Classical.choice, Quot.sound]
2026-09-15T22:39:33.6741301Z info: NLA/MF12/Parameters.lean:130:0: 'NLA.MF12.loss_gain_bounds' depends on axioms: [propext, Classical.choice, Quot.sound]
2026-09-15T22:39:33.6749549Z info: NLA/MF12/Parameters.lean:131:0: 'NLA.MF12.bernoulli_loss' depends on axioms: [propext, Classical.choice, Quot.sound]
2026-09-15T22:39:35.1707519Z ⚠ [3103/3112] Built NLA.MF12.MatrixAlgebra (5.8s)
2026-09-15T22:39:35.1709263Z warning: NLA/MF12/MatrixAlgebra.lean:66:57: Used `tac1 <;> tac2` where `(tac1; tac2)` would suffice
2026-09-15T22:39:35.1710161Z 
2026-09-15T22:39:35.1710795Z Note: This linter can be disabled with `set_option linter.unnecessarySeqFocus false`
2026-09-15T22:39:35.1711942Z warning: NLA/MF12/MatrixAlgebra.lean:159:15: This simp argument is unused:
2026-09-15T22:39:35.1712855Z   pow_succ
2026-09-15T22:39:35.1713234Z 
2026-09-15T22:39:35.1713586Z Hint: Omit it from the simp argument list.
2026-09-15T22:39:35.1714715Z   [apply] simp only [Nat.cast_add, Nat.cast_one, zero_mul, mul_zero, zero_add, add_zero, one_mul, mul_one]
2026-09-15T22:39:35.1715525Z 
2026-09-15T22:39:35.1716052Z Note: This linter can be disabled with `set_option linter.unusedSimpArgs false`
2026-09-15T22:39:35.1717065Z warning: NLA/MF12/MatrixAlgebra.lean:159:25: This simp argument is unused:
2026-09-15T22:39:35.1717934Z   Nat.cast_add
2026-09-15T22:39:35.1718557Z 
2026-09-15T22:39:35.1718873Z Hint: Omit it from the simp argument list.
2026-09-15T22:39:35.1719916Z   [apply] simp only [pow_succ, Nat.cast_one, zero_mul, mul_zero, zero_add, add_zero, one_mul, mul_one]
2026-09-15T22:39:35.1720615Z 
2026-09-15T22:39:35.1721138Z Note: This linter can be disabled with `set_option linter.unusedSimpArgs false`
2026-09-15T22:39:35.1722135Z warning: NLA/MF12/MatrixAlgebra.lean:159:39: This simp argument is unused:
2026-09-15T22:39:35.1722938Z   Nat.cast_one
2026-09-15T22:39:35.1723556Z 
2026-09-15T22:39:35.1723875Z Hint: Omit it from the simp argument list.
2026-09-15T22:39:35.1725155Z   [apply] simp only [pow_succ, Nat.cast_add, zero_mul, mul_zero, zero_add, add_zero, one_mul, mul_one]
2026-09-15T22:39:35.1725902Z 
2026-09-15T22:39:35.1726421Z Note: This linter can be disabled with `set_option linter.unusedSimpArgs false`
2026-09-15T22:39:35.1727418Z warning: NLA/MF12/MatrixAlgebra.lean:159:53: This simp argument is unused:
2026-09-15T22:39:35.1728360Z   zero_mul
2026-09-15T22:39:35.1728731Z 
2026-09-15T22:39:35.1729040Z Hint: Omit it from the simp argument list.
2026-09-15T22:39:35.1730033Z   [apply] simp only [pow_succ, Nat.cast_add, Nat.cast_one, mul_zero, zero_add, add_zero, one_mul, mul_one]
2026-09-15T22:39:35.1730796Z 
2026-09-15T22:39:35.1731315Z Note: This linter can be disabled with `set_option linter.unusedSimpArgs false`
2026-09-15T22:39:35.1732322Z warning: NLA/MF12/MatrixAlgebra.lean:160:6: This simp argument is unused:
2026-09-15T22:39:35.1733115Z   zero_add
2026-09-15T22:39:35.1733467Z 
2026-09-15T22:39:35.1733805Z Hint: Omit it from the simp argument list.
2026-09-15T22:39:35.1735222Z   [apply] simp only [pow_succ, Nat.cast_add, Nat.cast_one, zero_mul, mul_zero, add_zero, one_mul, mul_one]
2026-09-15T22:39:35.1735993Z 
2026-09-15T22:39:35.1736505Z Note: This linter can be disabled with `set_option linter.unusedSimpArgs false`
2026-09-15T22:39:35.1737502Z warning: NLA/MF12/MatrixAlgebra.lean:160:26: This simp argument is unused:
2026-09-15T22:39:35.1738464Z   one_mul
2026-09-15T22:39:35.1738817Z 
2026-09-15T22:39:35.1739161Z Hint: Omit it from the simp argument list.
2026-09-15T22:39:35.1740121Z   [apply] simp only [pow_succ, Nat.cast_add, Nat.cast_one, zero_mul, mul_zero, zero_add, add_zero, mul_one]
2026-09-15T22:39:35.1740881Z 
2026-09-15T22:39:35.1741362Z Note: This linter can be disabled with `set_option linter.unusedSimpArgs false`
2026-09-15T22:39:35.1742375Z warning: NLA/MF12/MatrixAlgebra.lean:162:15: This simp argument is unused:
2026-09-15T22:39:35.1743172Z   pow_succ
2026-09-15T22:39:35.1743563Z 
2026-09-15T22:39:35.1743870Z Hint: Omit it from the simp argument list.
2026-09-15T22:39:35.1744848Z   [apply] simp only [Nat.cast_add, Nat.cast_one, zero_mul, mul_zero, zero_add, add_zero, one_mul, mul_one]
2026-09-15T22:39:35.1745603Z 
2026-09-15T22:39:35.1746113Z Note: This linter can be disabled with `set_option linter.unusedSimpArgs false`
2026-09-15T22:39:35.1747105Z warning: NLA/MF12/MatrixAlgebra.lean:162:25: This simp argument is unused:
2026-09-15T22:39:35.1748221Z   Nat.cast_add
2026-09-15T22:39:35.1748623Z 
2026-09-15T22:39:35.1748916Z Hint: Omit it from the simp argument list.
2026-09-15T22:39:35.1749868Z   [apply] simp only [pow_succ, Nat.cast_one, zero_mul, mul_zero, zero_add, add_zero, one_mul, mul_one]
2026-09-15T22:39:35.1750614Z 
2026-09-15T22:39:35.1751124Z Note: This linter can be disabled with `set_option linter.unusedSimpArgs false`
2026-09-15T22:39:35.1752132Z warning: NLA/MF12/MatrixAlgebra.lean:162:39: This simp argument is unused:
2026-09-15T22:39:35.1752950Z   Nat.cast_one
2026-09-15T22:39:35.1753315Z 
2026-09-15T22:39:35.1753600Z Hint: Omit it from the simp argument list.
2026-09-15T22:39:35.1754558Z   [apply] simp only [pow_succ, Nat.cast_add, zero_mul, mul_zero, zero_add, add_zero, one_mul, mul_one]
2026-09-15T22:39:35.1755258Z 
2026-09-15T22:39:35.1755776Z Note: This linter can be disabled with `set_option linter.unusedSimpArgs false`
2026-09-15T22:39:35.1756795Z warning: NLA/MF12/MatrixAlgebra.lean:163:6: This simp argument is unused:
2026-09-15T22:39:35.1757616Z   zero_add
2026-09-15T22:39:35.1757970Z 
2026-09-15T22:39:35.1758349Z Hint: Omit it from the simp argument list.
2026-09-15T22:39:35.1759317Z   [apply] simp only [pow_succ, Nat.cast_add, Nat.cast_one, zero_mul, mul_zero, add_zero, one_mul, mul_one]
2026-09-15T22:39:35.1760074Z 
2026-09-15T22:39:35.1760577Z Note: This linter can be disabled with `set_option linter.unusedSimpArgs false`
2026-09-15T22:39:35.1761588Z warning: NLA/MF12/MatrixAlgebra.lean:163:26: This simp argument is unused:
2026-09-15T22:39:35.1762401Z   one_mul
2026-09-15T22:39:35.1762752Z 
2026-09-15T22:39:35.1763042Z Hint: Omit it from the simp argument list.
2026-09-15T22:39:35.1764131Z   [apply] simp only [pow_succ, Nat.cast_add, Nat.cast_one, zero_mul, mul_zero, zero_add, add_zero, mul_one]
2026-09-15T22:39:35.1764903Z 
2026-09-15T22:39:35.1765405Z Note: This linter can be disabled with `set_option linter.unusedSimpArgs false`
2026-09-15T22:39:35.1766452Z warning: NLA/MF12/MatrixAlgebra.lean:163:35: This simp argument is unused:
2026-09-15T22:39:35.1767249Z   mul_one
2026-09-15T22:39:35.1767611Z 
2026-09-15T22:39:35.1767910Z Hint: Omit it from the simp argument list.
2026-09-15T22:39:35.1769077Z   [apply] simp only [pow_succ, Nat.cast_add, Nat.cast_one, zero_mul, mul_zero, zero_add, add_zero, one_mul]
2026-09-15T22:39:35.1769859Z 
2026-09-15T22:39:35.1770296Z Note: This linter can be disabled with `set_option linter.unusedSimpArgs false`
2026-09-15T22:39:35.1771189Z warning: NLA/MF12/MatrixAlgebra.lean:165:15: This simp argument is unused:
2026-09-15T22:39:35.1771869Z   pow_succ
2026-09-15T22:39:35.1772222Z 
2026-09-15T22:39:35.1772463Z Hint: Omit it from the simp argument list.
2026-09-15T22:39:35.1773511Z   [apply] simp only [Nat.cast_add, Nat.cast_one, zero_mul, mul_zero, zero_add, add_zero, one_mul, mul_one]
2026-09-15T22:39:35.1774100Z 
2026-09-15T22:39:35.1774531Z Note: This linter can be disabled with `set_option linter.unusedSimpArgs false`
2026-09-15T22:39:35.1775426Z warning: NLA/MF12/MatrixAlgebra.lean:165:25: This simp argument is unused:
2026-09-15T22:39:35.1776108Z   Nat.cast_add
2026-09-15T22:39:35.1776426Z 
2026-09-15T22:39:35.1776670Z Hint: Omit it from the simp argument list.
2026-09-15T22:39:35.1777521Z   [apply] simp only [pow_succ, Nat.cast_one, zero_mul, mul_zero, zero_add, add_zero, one_mul, mul_one]
2026-09-15T22:39:35.1778255Z 
2026-09-15T22:39:35.1778679Z Note: This linter can be disabled with `set_option linter.unusedSimpArgs false`
2026-09-15T22:39:35.1779722Z warning: NLA/MF12/MatrixAlgebra.lean:165:39: This simp argument is unused:
2026-09-15T22:39:35.1780404Z   Nat.cast_one
2026-09-15T22:39:35.1780701Z 
2026-09-15T22:39:35.1780988Z Hint: Omit it from the simp argument list.
2026-09-15T22:39:35.1781822Z   [apply] simp only [pow_succ, Nat.cast_add, zero_mul, mul_zero, zero_add, add_zero, one_mul, mul_one]
2026-09-15T22:39:35.1782412Z 
2026-09-15T22:39:35.1782860Z Note: This linter can be disabled with `set_option linter.unusedSimpArgs false`
2026-09-15T22:39:35.1783743Z warning: NLA/MF12/MatrixAlgebra.lean:166:6: This simp argument is unused:
2026-09-15T22:39:35.1784524Z   zero_add
2026-09-15T22:39:35.1790717Z 
2026-09-15T22:39:35.1790893Z Hint: Omit it from the simp argument list.
2026-09-15T22:39:35.1791634Z   [apply] simp only [pow_succ, Nat.cast_add, Nat.cast_one, zero_mul, mul_zero, add_zero, one_mul, mul_one]
2026-09-15T22:39:35.1792189Z 
2026-09-15T22:39:35.1792564Z Note: This linter can be disabled with `set_option linter.unusedSimpArgs false`
2026-09-15T22:39:35.1793319Z warning: NLA/MF12/MatrixAlgebra.lean:166:26: This simp argument is unused:
2026-09-15T22:39:35.1793905Z   one_mul
2026-09-15T22:39:35.1794070Z 
2026-09-15T22:39:35.1794294Z Hint: Omit it from the simp argument list.
2026-09-15T22:39:35.1795025Z   [apply] simp only [pow_succ, Nat.cast_add, Nat.cast_one, zero_mul, mul_zero, zero_add, add_zero, mul_one]
2026-09-15T22:39:35.1795620Z 
2026-09-15T22:39:35.1795927Z Note: This linter can be disabled with `set_option linter.unusedSimpArgs false`
2026-09-15T22:39:35.1796728Z warning: NLA/MF12/MatrixAlgebra.lean:166:35: This simp argument is unused:
2026-09-15T22:39:35.1797317Z   mul_one
2026-09-15T22:39:35.1797483Z 
2026-09-15T22:39:35.1797691Z Hint: Omit it from the simp argument list.
2026-09-15T22:39:35.1798511Z   [apply] simp only [pow_succ, Nat.cast_add, Nat.cast_one, zero_mul, mul_zero, zero_add, add_zero, one_mul]
2026-09-15T22:39:35.1799101Z 
2026-09-15T22:39:35.1799403Z Note: This linter can be disabled with `set_option linter.unusedSimpArgs false`
2026-09-15T22:39:35.1800138Z warning: NLA/MF12/MatrixAlgebra.lean:168:15: This simp argument is unused:
2026-09-15T22:39:35.1800739Z   pow_succ
2026-09-15T22:39:35.1800948Z 
2026-09-15T22:39:35.1801250Z Hint: Omit it from the simp argument list.
2026-09-15T22:39:35.1802047Z   [apply] simp only [Nat.cast_add, Nat.cast_one, zero_mul, mul_zero, zero_add, add_zero, one_mul, mul_one]
2026-09-15T22:39:35.1802563Z 
2026-09-15T22:39:35.1802903Z Note: This linter can be disabled with `set_option linter.unusedSimpArgs false`
2026-09-15T22:39:35.1803640Z warning: NLA/MF12/MatrixAlgebra.lean:168:25: This simp argument is unused:
2026-09-15T22:39:35.1804261Z   Nat.cast_add
2026-09-15T22:39:35.1804485Z 
2026-09-15T22:39:35.1804653Z Hint: Omit it from the simp argument list.
2026-09-15T22:39:35.1805495Z   [apply] simp only [pow_succ, Nat.cast_one, zero_mul, mul_zero, zero_add, add_zero, one_mul, mul_one]
2026-09-15T22:39:35.1806071Z 
2026-09-15T22:39:35.1806416Z Note: This linter can be disabled with `set_option linter.unusedSimpArgs false`
2026-09-15T22:39:35.1807152Z warning: NLA/MF12/MatrixAlgebra.lean:168:39: This simp argument is unused:
2026-09-15T22:39:35.1807773Z   Nat.cast_one
2026-09-15T22:39:35.1807955Z 
2026-09-15T22:39:35.1808287Z Hint: Omit it from the simp argument list.
2026-09-15T22:39:35.1809012Z   [apply] simp only [pow_succ, Nat.cast_add, zero_mul, mul_zero, zero_add, add_zero, one_mul, mul_one]
2026-09-15T22:39:35.1809570Z 
2026-09-15T22:39:35.1809868Z Note: This linter can be disabled with `set_option linter.unusedSimpArgs false`
2026-09-15T22:39:35.1810628Z warning: NLA/MF12/MatrixAlgebra.lean:169:6: This simp argument is unused:
2026-09-15T22:39:35.1811262Z   zero_add
2026-09-15T22:39:35.1811429Z 
2026-09-15T22:39:35.1811635Z Hint: Omit it from the simp argument list.
2026-09-15T22:39:35.1812368Z   [apply] simp only [pow_succ, Nat.cast_add, Nat.cast_one, zero_mul, mul_zero, add_zero, one_mul, mul_one]
2026-09-15T22:39:35.1812895Z 
2026-09-15T22:39:35.1813244Z Note: This linter can be disabled with `set_option linter.unusedSimpArgs false`
2026-09-15T22:39:35.1813993Z warning: NLA/MF12/MatrixAlgebra.lean:169:26: This simp argument is unused:
2026-09-15T22:39:35.1814582Z   one_mul
2026-09-15T22:39:35.1814781Z 
2026-09-15T22:39:35.1814957Z Hint: Omit it from the simp argument list.
2026-09-15T22:39:35.1815744Z   [apply] simp only [pow_succ, Nat.cast_add, Nat.cast_one, zero_mul, mul_zero, zero_add, add_zero, mul_one]
2026-09-15T22:39:35.1816278Z 
2026-09-15T22:39:35.1816617Z Note: This linter can be disabled with `set_option linter.unusedSimpArgs false`
2026-09-15T22:39:35.1817467Z warning: NLA/MF12/MatrixAlgebra.lean:169:35: This simp argument is unused:
2026-09-15T22:39:35.1819774Z   mul_one
2026-09-15T22:39:35.1819986Z 
2026-09-15T22:39:35.1820161Z Hint: Omit it from the simp argument list.
2026-09-15T22:39:35.1820876Z   [apply] simp only [pow_succ, Nat.cast_add, Nat.cast_one, zero_mul, mul_zero, zero_add, add_zero, one_mul]
2026-09-15T22:39:35.1821469Z 
2026-09-15T22:39:35.1821773Z Note: This linter can be disabled with `set_option linter.unusedSimpArgs false`
2026-09-15T22:39:35.1822574Z warning: NLA/MF12/MatrixAlgebra.lean:171:15: This simp argument is unused:
2026-09-15T22:39:35.1823163Z   pow_succ
2026-09-15T22:39:35.1823337Z 
2026-09-15T22:39:35.1823548Z Hint: Omit it from the simp argument list.
2026-09-15T22:39:35.1824255Z   [apply] simp only [Nat.cast_add, Nat.cast_one, zero_mul, mul_zero, zero_add, add_zero, one_mul, mul_one]
2026-09-15T22:39:35.1824849Z 
2026-09-15T22:39:35.1825152Z Note: This linter can be disabled with `set_option linter.unusedSimpArgs false`
2026-09-15T22:39:35.1825901Z warning: NLA/MF12/MatrixAlgebra.lean:171:25: This simp argument is unused:
2026-09-15T22:39:35.1826486Z   Nat.cast_add
2026-09-15T22:39:35.1826721Z 
2026-09-15T22:39:35.1826958Z Hint: Omit it from the simp argument list.
2026-09-15T22:39:35.1827625Z   [apply] simp only [pow_succ, Nat.cast_one, zero_mul, mul_zero, zero_add, add_zero, one_mul, mul_one]
2026-09-15T22:39:35.1828275Z 
2026-09-15T22:39:35.1828643Z Note: This linter can be disabled with `set_option linter.unusedSimpArgs false`
2026-09-15T22:39:35.1829392Z warning: NLA/MF12/MatrixAlgebra.lean:171:39: This simp argument is unused:
2026-09-15T22:39:35.1829977Z   Nat.cast_one
2026-09-15T22:39:35.1830318Z 
2026-09-15T22:39:35.1830519Z Hint: Omit it from the simp argument list.
2026-09-15T22:39:35.1831195Z   [apply] simp only [pow_succ, Nat.cast_add, zero_mul, mul_zero, zero_add, add_zero, one_mul, mul_one]
2026-09-15T22:39:35.1831733Z 
2026-09-15T22:39:35.1832087Z Note: This linter can be disabled with `set_option linter.unusedSimpArgs false`
2026-09-15T22:39:35.1832842Z warning: NLA/MF12/MatrixAlgebra.lean:172:6: This simp argument is unused:
2026-09-15T22:39:35.1833418Z   zero_add
2026-09-15T22:39:35.1833600Z 
2026-09-15T22:39:35.1833832Z Hint: Omit it from the simp argument list.
2026-09-15T22:39:35.1834530Z   [apply] simp only [pow_succ, Nat.cast_add, Nat.cast_one, zero_mul, mul_zero, add_zero, one_mul, mul_one]
2026-09-15T22:39:35.1835083Z 
2026-09-15T22:39:35.1835397Z Note: This linter can be disabled with `set_option linter.unusedSimpArgs false`
2026-09-15T22:39:35.1836148Z warning: NLA/MF12/MatrixAlgebra.lean:172:26: This simp argument is unused:
2026-09-15T22:39:35.1836770Z   one_mul
2026-09-15T22:39:35.1836950Z 
2026-09-15T22:39:35.1837185Z Hint: Omit it from the simp argument list.
2026-09-15T22:39:35.1837895Z   [apply] simp only [pow_succ, Nat.cast_add, Nat.cast_one, zero_mul, mul_zero, zero_add, add_zero, mul_one]
2026-09-15T22:39:35.1838535Z 
2026-09-15T22:39:35.1838928Z Note: This linter can be disabled with `set_option linter.unusedSimpArgs false`
2026-09-15T22:39:35.1839678Z warning: NLA/MF12/MatrixAlgebra.lean:172:35: This simp argument is unused:
2026-09-15T22:39:35.1840227Z   mul_one
2026-09-15T22:39:35.1840495Z 
2026-09-15T22:39:35.1840663Z Hint: Omit it from the simp argument list.
2026-09-15T22:39:35.1841405Z   [apply] simp only [pow_succ, Nat.cast_add, Nat.cast_one, zero_mul, mul_zero, zero_add, add_zero, one_mul]
2026-09-15T22:39:35.1841897Z 
2026-09-15T22:39:35.1842277Z Note: This linter can be disabled with `set_option linter.unusedSimpArgs false`
2026-09-15T22:39:35.1843024Z warning: NLA/MF12/MatrixAlgebra.lean:174:15: This simp argument is unused:
2026-09-15T22:39:35.1843579Z   pow_succ
2026-09-15T22:39:35.1843851Z 
2026-09-15T22:39:35.1844018Z Hint: Omit it from the simp argument list.
2026-09-15T22:39:35.1844714Z   [apply] simp only [Nat.cast_add, Nat.cast_one, zero_mul, mul_zero, zero_add, add_zero, one_mul, mul_one]
2026-09-15T22:39:35.1845237Z 
2026-09-15T22:39:35.1845650Z Note: This linter can be disabled with `set_option linter.unusedSimpArgs false`
2026-09-15T22:39:35.1846449Z warning: NLA/MF12/MatrixAlgebra.lean:174:25: This simp argument is unused:
2026-09-15T22:39:35.1847001Z   Nat.cast_add
2026-09-15T22:39:35.1847238Z 
2026-09-15T22:39:35.1847457Z Hint: Omit it from the simp argument list.
2026-09-15T22:39:35.1848217Z   [apply] simp only [pow_succ, Nat.cast_one, zero_mul, mul_zero, zero_add, add_zero, one_mul, mul_one]
2026-09-15T22:39:35.1848738Z 
2026-09-15T22:39:35.1849059Z Note: This linter can be disabled with `set_option linter.unusedSimpArgs false`
2026-09-15T22:39:35.1849821Z warning: NLA/MF12/MatrixAlgebra.lean:174:39: This simp argument is unused:
2026-09-15T22:39:35.1850407Z   Nat.cast_one
2026-09-15T22:39:35.1850659Z 
2026-09-15T22:39:35.1850883Z Hint: Omit it from the simp argument list.
2026-09-15T22:39:35.1851562Z   [apply] simp only [pow_succ, Nat.cast_add, zero_mul, mul_zero, zero_add, add_zero, one_mul, mul_one]
2026-09-15T22:39:35.1852065Z 
2026-09-15T22:39:35.1852414Z Note: This linter can be disabled with `set_option linter.unusedSimpArgs false`
2026-09-15T22:39:35.1853178Z warning: NLA/MF12/MatrixAlgebra.lean:174:53: This simp argument is unused:
2026-09-15T22:39:35.1853781Z   zero_mul
2026-09-15T22:39:35.1853995Z 
2026-09-15T22:39:35.1854180Z Hint: Omit it from the simp argument list.
2026-09-15T22:39:35.1854878Z   [apply] simp only [pow_succ, Nat.cast_add, Nat.cast_one, mul_zero, zero_add, add_zero, one_mul, mul_one]
2026-09-15T22:39:35.1855442Z 
2026-09-15T22:39:35.1855788Z Note: This linter can be disabled with `set_option linter.unusedSimpArgs false`
2026-09-15T22:39:35.1856632Z warning: NLA/MF12/MatrixAlgebra.lean:175:6: This simp argument is unused:
2026-09-15T22:39:35.1857228Z   zero_add
2026-09-15T22:39:35.1857433Z 
2026-09-15T22:39:35.1857620Z Hint: Omit it from the simp argument list.
2026-09-15T22:39:35.1858401Z   [apply] simp only [pow_succ, Nat.cast_add, Nat.cast_one, zero_mul, mul_zero, add_zero, one_mul, mul_one]
2026-09-15T22:39:35.1858959Z 
2026-09-15T22:39:35.1859244Z Note: This linter can be disabled with `set_option linter.unusedSimpArgs false`
2026-09-15T22:39:35.1860069Z warning: NLA/MF12/MatrixAlgebra.lean:175:26: This simp argument is unused:
2026-09-15T22:39:35.1860671Z   one_mul
2026-09-15T22:39:35.1860816Z 
2026-09-15T22:39:35.1861066Z Hint: Omit it from the simp argument list.
2026-09-15T22:39:35.1861772Z   [apply] simp only [pow_succ, Nat.cast_add, Nat.cast_one, zero_mul, mul_zero, zero_add, add_zero, mul_one]
2026-09-15T22:39:35.1862336Z 
2026-09-15T22:39:35.1862633Z Note: This linter can be disabled with `set_option linter.unusedSimpArgs false`
2026-09-15T22:39:35.1863420Z warning: NLA/MF12/MatrixAlgebra.lean:177:15: This simp argument is unused:
2026-09-15T22:39:35.1864022Z   pow_succ
2026-09-15T22:39:35.1864214Z 
2026-09-15T22:39:35.1864406Z Hint: Omit it from the simp argument list.
2026-09-15T22:39:35.1865154Z   [apply] simp only [Nat.cast_add, Nat.cast_one, zero_mul, mul_zero, zero_add, add_zero, one_mul, mul_one]
2026-09-15T22:39:35.1865667Z 
2026-09-15T22:39:35.1865988Z Note: This linter can be disabled with `set_option linter.unusedSimpArgs false`
2026-09-15T22:39:35.1866779Z warning: NLA/MF12/MatrixAlgebra.lean:177:25: This simp argument is unused:
2026-09-15T22:39:35.1867382Z   Nat.cast_add
2026-09-15T22:39:35.1867591Z 
2026-09-15T22:39:35.1867776Z Hint: Omit it from the simp argument list.
2026-09-15T22:39:35.1868757Z   [apply] simp only [pow_succ, Nat.cast_one, zero_mul, mul_zero, zero_add, add_zero, one_mul, mul_one]
2026-09-15T22:39:35.1869297Z 
2026-09-15T22:39:35.1869626Z Note: This linter can be disabled with `set_option linter.unusedSimpArgs false`
2026-09-15T22:39:35.1870560Z warning: NLA/MF12/MatrixAlgebra.lean:177:39: This simp argument is unused:
2026-09-15T22:39:35.1871164Z   Nat.cast_one
2026-09-15T22:39:35.1871373Z 
2026-09-15T22:39:35.1871567Z Hint: Omit it from the simp argument list.
2026-09-15T22:39:35.1872310Z   [apply] simp only [pow_succ, Nat.cast_add, zero_mul, mul_zero, zero_add, add_zero, one_mul, mul_one]
2026-09-15T22:39:35.1872917Z 
2026-09-15T22:39:35.1873248Z Note: This linter can be disabled with `set_option linter.unusedSimpArgs false`
2026-09-15T22:39:35.1874059Z warning: NLA/MF12/MatrixAlgebra.lean:177:53: This simp argument is unused:
2026-09-15T22:39:35.1874640Z   zero_mul
2026-09-15T22:39:35.1874828Z 
2026-09-15T22:39:35.1875019Z Hint: Omit it from the simp argument list.
2026-09-15T22:39:35.1875726Z   [apply] simp only [pow_succ, Nat.cast_add, Nat.cast_one, mul_zero, zero_add, add_zero, one_mul, mul_one]
2026-09-15T22:39:35.1876279Z 
2026-09-15T22:39:35.1876580Z Note: This linter can be disabled with `set_option linter.unusedSimpArgs false`
2026-09-15T22:39:35.1877417Z warning: NLA/MF12/MatrixAlgebra.lean:178:6: This simp argument is unused:
2026-09-15T22:39:35.1877998Z   zero_add
2026-09-15T22:39:35.1878252Z 
2026-09-15T22:39:35.1878632Z Hint: Omit it from the simp argument list.
2026-09-15T22:39:35.1879327Z   [apply] simp only [pow_succ, Nat.cast_add, Nat.cast_one, zero_mul, mul_zero, add_zero, one_mul, mul_one]
2026-09-15T22:39:35.1879852Z 
2026-09-15T22:39:35.1880155Z Note: This linter can be disabled with `set_option linter.unusedSimpArgs false`
2026-09-15T22:39:35.1880939Z warning: NLA/MF12/MatrixAlgebra.lean:178:26: This simp argument is unused:
2026-09-15T22:39:35.1881507Z   one_mul
2026-09-15T22:39:35.1881806Z 
2026-09-15T22:39:35.1882299Z Hint: Omit it from the simp argument list.
2026-09-15T22:39:35.1883479Z   [apply] simp only [pow_succ, Nat.cast_add, Nat.cast_one, zero_mul, mul_zero, zero_add, add_zero, mul_one]
2026-09-15T22:39:35.1884060Z 
2026-09-15T22:39:35.1884411Z Note: This linter can be disabled with `set_option linter.unusedSimpArgs false`
2026-09-15T22:39:35.1885465Z warning: NLA/MF12/MatrixAlgebra.lean:180:25: This simp argument is unused:
2026-09-15T22:39:35.1886055Z   Nat.cast_add
2026-09-15T22:39:35.1886278Z 
2026-09-15T22:39:35.1886431Z Hint: Omit it from the simp argument list.
2026-09-15T22:39:35.1887157Z   [apply] simp only [pow_succ, Nat.cast_one, zero_mul, mul_zero, zero_add, add_zero, one_mul, mul_one]
2026-09-15T22:39:35.1887707Z 
2026-09-15T22:39:35.1888178Z Note: This linter can be disabled with `set_option linter.unusedSimpArgs false`
2026-09-15T22:39:35.1888963Z warning: NLA/MF12/MatrixAlgebra.lean:180:39: This simp argument is unused:
2026-09-15T22:39:35.1889545Z   Nat.cast_one
2026-09-15T22:39:35.1889732Z 
2026-09-15T22:39:35.1889923Z Hint: Omit it from the simp argument list.
2026-09-15T22:39:35.1890644Z   [apply] simp only [pow_succ, Nat.cast_add, zero_mul, mul_zero, zero_add, add_zero, one_mul, mul_one]
2026-09-15T22:39:35.1891192Z 
2026-09-15T22:39:35.1891504Z Note: This linter can be disabled with `set_option linter.unusedSimpArgs false`
2026-09-15T22:39:35.1892348Z warning: NLA/MF12/MatrixAlgebra.lean:180:53: This simp argument is unused:
2026-09-15T22:39:35.1892933Z   zero_mul
2026-09-15T22:39:35.1893100Z 
2026-09-15T22:39:35.1893289Z Hint: Omit it from the simp argument list.
2026-09-15T22:39:35.1894047Z   [apply] simp only [pow_succ, Nat.cast_add, Nat.cast_one, mul_zero, zero_add, add_zero, one_mul, mul_one]
2026-09-15T22:39:35.1894548Z 
2026-09-15T22:39:35.1894880Z Note: This linter can be disabled with `set_option linter.unusedSimpArgs false`
2026-09-15T22:39:35.1895605Z warning: NLA/MF12/MatrixAlgebra.lean:181:26: This simp argument is unused:
2026-09-15T22:39:35.1896187Z   one_mul
2026-09-15T22:39:35.1896443Z 
2026-09-15T22:39:35.1896640Z Hint: Omit it from the simp argument list.
2026-09-15T22:39:35.1897399Z   [apply] simp only [pow_succ, Nat.cast_add, Nat.cast_one, zero_mul, mul_zero, zero_add, add_zero, mul_one]
2026-09-15T22:39:35.1897919Z 
2026-09-15T22:39:35.1898406Z Note: This linter can be disabled with `set_option linter.unusedSimpArgs false`
2026-09-15T22:39:35.1899164Z warning: NLA/MF12/MatrixAlgebra.lean:181:35: This simp argument is unused:
2026-09-15T22:39:35.1899752Z   mul_one
2026-09-15T22:39:35.1899960Z 
2026-09-15T22:39:35.1900127Z Hint: Omit it from the simp argument list.
2026-09-15T22:39:35.1900848Z   [apply] simp only [pow_succ, Nat.cast_add, Nat.cast_one, zero_mul, mul_zero, zero_add, add_zero, one_mul]
2026-09-15T22:39:35.1901565Z 
2026-09-15T22:39:35.1901906Z Note: This linter can be disabled with `set_option linter.unusedSimpArgs false`
2026-09-15T22:39:35.1902668Z warning: NLA/MF12/MatrixAlgebra.lean:183:53: This simp argument is unused:
2026-09-15T22:39:35.1903256Z   zero_mul
2026-09-15T22:39:35.1903426Z 
2026-09-15T22:39:35.1903634Z Hint: Omit it from the simp argument list.
2026-09-15T22:39:35.1904353Z   [apply] simp only [pow_succ, Nat.cast_add, Nat.cast_one, mul_zero, zero_add, add_zero, one_mul, mul_one]
2026-09-15T22:39:35.1904929Z 
2026-09-15T22:39:35.1905230Z Note: This linter can be disabled with `set_option linter.unusedSimpArgs false`
2026-09-15T22:39:35.1905956Z warning: NLA/MF12/MatrixAlgebra.lean:184:26: This simp argument is unused:
2026-09-15T22:39:35.1906597Z   one_mul
2026-09-15T22:39:35.1906764Z 
2026-09-15T22:39:35.1906973Z Hint: Omit it from the simp argument list.
2026-09-15T22:39:35.1907691Z   [apply] simp only [pow_succ, Nat.cast_add, Nat.cast_one, zero_mul, mul_zero, zero_add, add_zero, mul_one]
2026-09-15T22:39:35.1908334Z 
2026-09-15T22:39:35.1908674Z Note: This linter can be disabled with `set_option linter.unusedSimpArgs false`
2026-09-15T22:39:35.1909419Z warning: NLA/MF12/MatrixAlgebra.lean:184:35: This simp argument is unused:
2026-09-15T22:39:35.1910021Z   mul_one
2026-09-15T22:39:35.1910226Z 
2026-09-15T22:39:35.1910398Z Hint: Omit it from the simp argument list.
2026-09-15T22:39:35.1911148Z   [apply] simp only [pow_succ, Nat.cast_add, Nat.cast_one, zero_mul, mul_zero, zero_add, add_zero, one_mul]
2026-09-15T22:39:35.1911696Z 
2026-09-15T22:39:35.1912120Z Note: This linter can be disabled with `set_option linter.unusedSimpArgs false`
2026-09-15T22:39:35.1912860Z warning: NLA/MF12/MatrixAlgebra.lean:186:15: This simp argument is unused:
2026-09-15T22:39:35.1913467Z   pow_succ
2026-09-15T22:39:35.1913674Z 
2026-09-15T22:39:35.1913847Z Hint: Omit it from the simp argument list.
2026-09-15T22:39:35.1914557Z   [apply] simp only [Nat.cast_add, Nat.cast_one, zero_mul, mul_zero, zero_add, add_zero, one_mul, mul_one]
2026-09-15T22:39:35.1915159Z 
2026-09-15T22:39:35.1915464Z Note: This linter can be disabled with `set_option linter.unusedSimpArgs false`
2026-09-15T22:39:35.1916243Z warning: NLA/MF12/MatrixAlgebra.lean:186:25: This simp argument is unused:
2026-09-15T22:39:35.1916851Z   Nat.cast_add
2026-09-15T22:39:35.1917034Z 
2026-09-15T22:39:35.1917240Z Hint: Omit it from the simp argument list.
2026-09-15T22:39:35.1917962Z   [apply] simp only [pow_succ, Nat.cast_one, zero_mul, mul_zero, zero_add, add_zero, one_mul, mul_one]
2026-09-15T22:39:35.1918611Z 
2026-09-15T22:39:35.1918919Z Note: This linter can be disabled with `set_option linter.unusedSimpArgs false`
2026-09-15T22:39:35.1919670Z warning: NLA/MF12/MatrixAlgebra.lean:186:39: This simp argument is unused:
2026-09-15T22:39:35.1920340Z   Nat.cast_one
2026-09-15T22:39:35.1920559Z 
2026-09-15T22:39:35.1920770Z Hint: Omit it from the simp argument list.
2026-09-15T22:39:35.1921491Z   [apply] simp only [pow_succ, Nat.cast_add, zero_mul, mul_zero, zero_add, add_zero, one_mul, mul_one]
2026-09-15T22:39:35.1922005Z 
2026-09-15T22:39:35.1922343Z Note: This linter can be disabled with `set_option linter.unusedSimpArgs false`
2026-09-15T22:39:35.1923103Z warning: NLA/MF12/MatrixAlgebra.lean:187:6: This simp argument is unused:
2026-09-15T22:39:35.1923692Z   zero_add
2026-09-15T22:39:35.1923894Z 
2026-09-15T22:39:35.1924065Z Hint: Omit it from the simp argument list.
2026-09-15T22:39:35.1924773Z   [apply] simp only [pow_succ, Nat.cast_add, Nat.cast_one, zero_mul, mul_zero, add_zero, one_mul, mul_one]
2026-09-15T22:39:35.1925363Z 
2026-09-15T22:39:35.1925706Z Note: This linter can be disabled with `set_option linter.unusedSimpArgs false`
2026-09-15T22:39:35.1926453Z warning: NLA/MF12/MatrixAlgebra.lean:187:26: This simp argument is unused:
2026-09-15T22:39:35.1927046Z   one_mul
2026-09-15T22:39:35.1927209Z 
2026-09-15T22:39:35.1927416Z Hint: Omit it from the simp argument list.
2026-09-15T22:39:35.1928311Z   [apply] simp only [pow_succ, Nat.cast_add, Nat.cast_one, zero_mul, mul_zero, zero_add, add_zero, mul_one]
2026-09-15T22:39:35.1928909Z 
2026-09-15T22:39:35.1929204Z Note: This linter can be disabled with `set_option linter.unusedSimpArgs false`
2026-09-15T22:39:35.1929957Z warning: NLA/MF12/MatrixAlgebra.lean:187:35: This simp argument is unused:
2026-09-15T22:39:35.1930582Z   mul_one
2026-09-15T22:39:35.1930744Z 
2026-09-15T22:39:35.1930951Z Hint: Omit it from the simp argument list.
2026-09-15T22:39:35.1931659Z   [apply] simp only [pow_succ, Nat.cast_add, Nat.cast_one, zero_mul, mul_zero, zero_add, add_zero, one_mul]
2026-09-15T22:39:35.1932205Z 
2026-09-15T22:39:35.1932556Z Note: This linter can be disabled with `set_option linter.unusedSimpArgs false`
2026-09-15T22:39:35.1933295Z warning: NLA/MF12/MatrixAlgebra.lean:189:15: This simp argument is unused:
2026-09-15T22:39:35.1933866Z   pow_succ
2026-09-15T22:39:35.1934089Z 
2026-09-15T22:39:35.1934260Z Hint: Omit it from the simp argument list.
2026-09-15T22:39:35.1935002Z   [apply] simp only [Nat.cast_add, Nat.cast_one, zero_mul, mul_zero, zero_add, add_zero, one_mul, mul_one]
2026-09-15T22:39:35.1935529Z 
2026-09-15T22:39:35.1935881Z Note: This linter can be disabled with `set_option linter.unusedSimpArgs false`
2026-09-15T22:39:35.1936627Z warning: NLA/MF12/MatrixAlgebra.lean:189:25: This simp argument is unused:
2026-09-15T22:39:35.1937215Z   Nat.cast_add
2026-09-15T22:39:35.1937455Z 
2026-09-15T22:39:35.1937624Z Hint: Omit it from the simp argument list.
2026-09-15T22:39:35.1938427Z   [apply] simp only [pow_succ, Nat.cast_one, zero_mul, mul_zero, zero_add, add_zero, one_mul, mul_one]
2026-09-15T22:39:35.1939055Z 
2026-09-15T22:39:35.1939375Z Note: This linter can be disabled with `set_option linter.unusedSimpArgs false`
2026-09-15T22:39:35.1940163Z warning: NLA/MF12/MatrixAlgebra.lean:189:39: This simp argument is unused:
2026-09-15T22:39:35.1940755Z   Nat.cast_one
2026-09-15T22:39:35.1940955Z 
2026-09-15T22:39:35.1941193Z Hint: Omit it from the simp argument list.
2026-09-15T22:39:35.1941873Z   [apply] simp only [pow_succ, Nat.cast_add, zero_mul, mul_zero, zero_add, add_zero, one_mul, mul_one]
2026-09-15T22:39:35.1942420Z 
2026-09-15T22:39:35.1942736Z Note: This linter can be disabled with `set_option linter.unusedSimpArgs false`
2026-09-15T22:39:35.1943489Z warning: NLA/MF12/MatrixAlgebra.lean:190:6: This simp argument is unused:
2026-09-15T22:39:35.1944045Z   zero_add
2026-09-15T22:39:35.1944289Z 
2026-09-15T22:39:35.1944521Z Hint: Omit it from the simp argument list.
2026-09-15T22:39:35.1945232Z   [apply] simp only [pow_succ, Nat.cast_add, Nat.cast_one, zero_mul, mul_zero, add_zero, one_mul, mul_one]
2026-09-15T22:39:35.1945724Z 
2026-09-15T22:39:35.1946103Z Note: This linter can be disabled with `set_option linter.unusedSimpArgs false`
2026-09-15T22:39:35.1946865Z warning: NLA/MF12/MatrixAlgebra.lean:190:26: This simp argument is unused:
2026-09-15T22:39:35.1947419Z   one_mul
2026-09-15T22:39:35.1947687Z 
2026-09-15T22:39:35.1947855Z Hint: Omit it from the simp argument list.
2026-09-15T22:39:35.1948633Z   [apply] simp only [pow_succ, Nat.cast_add, Nat.cast_one, zero_mul, mul_zero, zero_add, add_zero, mul_one]
2026-09-15T22:39:35.1949177Z 
2026-09-15T22:39:35.1949565Z Note: This linter can be disabled with `set_option linter.unusedSimpArgs false`
2026-09-15T22:39:35.1950304Z warning: NLA/MF12/MatrixAlgebra.lean:190:35: This simp argument is unused:
2026-09-15T22:39:35.1950850Z   mul_one
2026-09-15T22:39:35.1951037Z 
2026-09-15T22:39:35.1951287Z Hint: Omit it from the simp argument list.
2026-09-15T22:39:35.1951990Z   [apply] simp only [pow_succ, Nat.cast_add, Nat.cast_one, zero_mul, mul_zero, zero_add, add_zero, one_mul]
2026-09-15T22:39:35.1952529Z 
2026-09-15T22:39:35.1952854Z Note: This linter can be disabled with `set_option linter.unusedSimpArgs false`
2026-09-15T22:39:35.1953642Z warning: NLA/MF12/MatrixAlgebra.lean:192:15: This simp argument is unused:
2026-09-15T22:39:35.1954196Z   pow_succ
2026-09-15T22:39:35.1954511Z 
2026-09-15T22:39:35.1954734Z Hint: Omit it from the simp argument list.
2026-09-15T22:39:35.1955436Z   [apply] simp only [Nat.cast_add, Nat.cast_one, zero_mul, mul_zero, zero_add, add_zero, one_mul, mul_one]
2026-09-15T22:39:35.1955938Z 
2026-09-15T22:39:35.1956212Z Note: This linter can be disabled with `set_option linter.unusedSimpArgs false`
2026-09-15T22:39:35.1956941Z warning: NLA/MF12/MatrixAlgebra.lean:192:25: This simp argument is unused:
2026-09-15T22:39:35.1957514Z   Nat.cast_add
2026-09-15T22:39:35.1957827Z 
2026-09-15T22:39:35.1958204Z Hint: Omit it from the simp argument list.
2026-09-15T22:39:35.1958977Z   [apply] simp only [pow_succ, Nat.cast_one, zero_mul, mul_zero, zero_add, add_zero, one_mul, mul_one]
2026-09-15T22:39:35.1959417Z 
2026-09-15T22:39:35.1959744Z Note: This linter can be disabled with `set_option linter.unusedSimpArgs false`
2026-09-15T22:39:35.1960381Z warning: NLA/MF12/MatrixAlgebra.lean:192:39: This simp argument is unused:
2026-09-15T22:39:35.1960954Z   Nat.cast_one
2026-09-15T22:39:35.1961165Z 
2026-09-15T22:39:35.1961337Z Hint: Omit it from the simp argument list.
2026-09-15T22:39:35.1962411Z   [apply] simp only [pow_succ, Nat.cast_add, zero_mul, mul_zero, zero_add, add_zero, one_mul, mul_one]
2026-09-15T22:39:35.1963348Z 
2026-09-15T22:39:35.1963809Z Note: This linter can be disabled with `set_option linter.unusedSimpArgs false`
2026-09-15T22:39:35.1964482Z warning: NLA/MF12/MatrixAlgebra.lean:192:53: This simp argument is unused:
2026-09-15T22:39:35.1965137Z   zero_mul
2026-09-15T22:39:35.1965285Z 
2026-09-15T22:39:35.1965529Z Hint: Omit it from the simp argument list.
2026-09-15T22:39:35.1966263Z   [apply] simp only [pow_succ, Nat.cast_add, Nat.cast_one, mul_zero, zero_add, add_zero, one_mul, mul_one]
2026-09-15T22:39:35.1966743Z 
2026-09-15T22:39:35.1966984Z Note: This linter can be disabled with `set_option linter.unusedSimpArgs false`
2026-09-15T22:39:35.1967675Z warning: NLA/MF12/MatrixAlgebra.lean:193:6: This simp argument is unused:
2026-09-15T22:39:35.1968313Z   zero_add
2026-09-15T22:39:35.1968479Z 
2026-09-15T22:39:35.1968696Z Hint: Omit it from the simp argument list.
2026-09-15T22:39:35.1969291Z   [apply] simp only [pow_succ, Nat.cast_add, Nat.cast_one, zero_mul, mul_zero, add_zero, one_mul, mul_one]
2026-09-15T22:39:35.1969698Z 
2026-09-15T22:39:35.1969956Z Note: This linter can be disabled with `set_option linter.unusedSimpArgs false`
2026-09-15T22:39:35.1970578Z warning: NLA/MF12/MatrixAlgebra.lean:193:26: This simp argument is unused:
2026-09-15T22:39:35.1971065Z   one_mul
2026-09-15T22:39:35.1971241Z 
2026-09-15T22:39:35.1971408Z Hint: Omit it from the simp argument list.
2026-09-15T22:39:35.1972059Z   [apply] simp only [pow_succ, Nat.cast_add, Nat.cast_one, zero_mul, mul_zero, zero_add, add_zero, mul_one]
2026-09-15T22:39:35.1972517Z 
2026-09-15T22:39:35.1972781Z Note: This linter can be disabled with `set_option linter.unusedSimpArgs false`
2026-09-15T22:39:35.1973442Z warning: NLA/MF12/MatrixAlgebra.lean:195:15: This simp argument is unused:
2026-09-15T22:39:35.1973946Z   pow_succ
2026-09-15T22:39:35.1974129Z 
2026-09-15T22:39:35.1974305Z Hint: Omit it from the simp argument list.
2026-09-15T22:39:35.1974902Z   [apply] simp only [Nat.cast_add, Nat.cast_one, zero_mul, mul_zero, zero_add, add_zero, one_mul, mul_one]
2026-09-15T22:39:35.1975345Z 
2026-09-15T22:39:35.1975606Z Note: This linter can be disabled with `set_option linter.unusedSimpArgs false`
2026-09-15T22:39:35.1976293Z warning: NLA/MF12/MatrixAlgebra.lean:195:25: This simp argument is unused:
2026-09-15T22:39:35.1976784Z   Nat.cast_add
2026-09-15T22:39:35.1976932Z 
2026-09-15T22:39:35.1977104Z Hint: Omit it from the simp argument list.
2026-09-15T22:39:35.1977701Z   [apply] simp only [pow_succ, Nat.cast_one, zero_mul, mul_zero, zero_add, add_zero, one_mul, mul_one]
2026-09-15T22:39:35.1978284Z 
2026-09-15T22:39:35.1978553Z Note: This linter can be disabled with `set_option linter.unusedSimpArgs false`
2026-09-15T22:39:35.1979234Z warning: NLA/MF12/MatrixAlgebra.lean:195:39: This simp argument is unused:
2026-09-15T22:39:35.1979885Z   Nat.cast_one
2026-09-15T22:39:35.1980074Z 
2026-09-15T22:39:35.1980257Z Hint: Omit it from the simp argument list.
2026-09-15T22:39:35.1980819Z   [apply] simp only [pow_succ, Nat.cast_add, zero_mul, mul_zero, zero_add, add_zero, one_mul, mul_one]
2026-09-15T22:39:35.1981214Z 
2026-09-15T22:39:35.1981498Z Note: This linter can be disabled with `set_option linter.unusedSimpArgs false`
2026-09-15T22:39:35.1982152Z warning: NLA/MF12/MatrixAlgebra.lean:195:53: This simp argument is unused:
2026-09-15T22:39:35.1982607Z   zero_mul
2026-09-15T22:39:35.1982788Z 
2026-09-15T22:39:35.1982908Z Hint: Omit it from the simp argument list.
2026-09-15T22:39:35.1983503Z   [apply] simp only [pow_succ, Nat.cast_add, Nat.cast_one, mul_zero, zero_add, add_zero, one_mul, mul_one]
2026-09-15T22:39:35.1983951Z 
2026-09-15T22:39:35.1984234Z Note: This linter can be disabled with `set_option linter.unusedSimpArgs false`
2026-09-15T22:39:35.1984882Z warning: NLA/MF12/MatrixAlgebra.lean:196:6: This simp argument is unused:
2026-09-15T22:39:35.1985416Z   zero_add
2026-09-15T22:39:35.1985566Z 
2026-09-15T22:39:35.1985727Z Hint: Omit it from the simp argument list.
2026-09-15T22:39:35.1986326Z   [apply] simp only [pow_succ, Nat.cast_add, Nat.cast_one, zero_mul, mul_zero, add_zero, one_mul, mul_one]
2026-09-15T22:39:35.1986765Z 
2026-09-15T22:39:35.1987004Z Note: This linter can be disabled with `set_option linter.unusedSimpArgs false`
2026-09-15T22:39:35.1987619Z warning: NLA/MF12/MatrixAlgebra.lean:196:26: This simp argument is unused:
2026-09-15T22:39:35.1988224Z   one_mul
2026-09-15T22:39:35.1988369Z 
2026-09-15T22:39:35.1988532Z Hint: Omit it from the simp argument list.
2026-09-15T22:39:35.1989208Z   [apply] simp only [pow_succ, Nat.cast_add, Nat.cast_one, zero_mul, mul_zero, zero_add, add_zero, mul_one]
2026-09-15T22:39:35.1989630Z 
2026-09-15T22:39:35.1989920Z Note: This linter can be disabled with `set_option linter.unusedSimpArgs false`
2026-09-15T22:39:35.1990559Z warning: NLA/MF12/MatrixAlgebra.lean:198:15: This simp argument is unused:
2026-09-15T22:39:35.1991032Z   pow_succ
2026-09-15T22:39:35.1991207Z 
2026-09-15T22:39:35.1991348Z Hint: Omit it from the simp argument list.
2026-09-15T22:39:35.1991972Z   [apply] simp only [Nat.cast_add, Nat.cast_one, zero_mul, mul_zero, zero_add, add_zero, one_mul, mul_one]
2026-09-15T22:39:35.1992373Z 
2026-09-15T22:39:35.1992647Z Note: This linter can be disabled with `set_option linter.unusedSimpArgs false`
2026-09-15T22:39:35.1993275Z warning: NLA/MF12/MatrixAlgebra.lean:198:25: This simp argument is unused:
2026-09-15T22:39:35.1993758Z   Nat.cast_add
2026-09-15T22:39:35.1993947Z 
2026-09-15T22:39:35.1994094Z Hint: Omit it from the simp argument list.
2026-09-15T22:39:35.1994657Z   [apply] simp only [pow_succ, Nat.cast_one, zero_mul, mul_zero, zero_add, add_zero, one_mul, mul_one]
2026-09-15T22:39:35.1995093Z 
2026-09-15T22:39:35.1995339Z Note: This linter can be disabled with `set_option linter.unusedSimpArgs false`
2026-09-15T22:39:35.1996009Z warning: NLA/MF12/MatrixAlgebra.lean:198:39: This simp argument is unused:
2026-09-15T22:39:35.1996490Z   Nat.cast_one
2026-09-15T22:39:35.1996644Z 
2026-09-15T22:39:35.1996828Z Hint: Omit it from the simp argument list.
2026-09-15T22:39:35.1997394Z   [apply] simp only [pow_succ, Nat.cast_add, zero_mul, mul_zero, zero_add, add_zero, one_mul, mul_one]
2026-09-15T22:39:35.1997822Z 
2026-09-15T22:39:35.1998163Z Note: This linter can be disabled with `set_option linter.unusedSimpArgs false`
2026-09-15T22:39:35.1998784Z warning: NLA/MF12/MatrixAlgebra.lean:199:6: This simp argument is unused:
2026-09-15T22:39:35.1999275Z   zero_add
2026-09-15T22:39:35.1999452Z 
2026-09-15T22:39:35.1999640Z Hint: Omit it from the simp argument list.
2026-09-15T22:39:35.2000221Z   [apply] simp only [pow_succ, Nat.cast_add, Nat.cast_one, zero_mul, mul_zero, add_zero, one_mul, mul_one]
2026-09-15T22:39:35.2000622Z 
2026-09-15T22:39:35.2000934Z Note: This linter can be disabled with `set_option linter.unusedSimpArgs false`
2026-09-15T22:39:35.2001608Z warning: NLA/MF12/MatrixAlgebra.lean:199:26: This simp argument is unused:
2026-09-15T22:39:35.2002117Z   one_mul
2026-09-15T22:39:35.2002294Z 
2026-09-15T22:39:35.2002435Z Hint: Omit it from the simp argument list.
2026-09-15T22:39:35.2003002Z   [apply] simp only [pow_succ, Nat.cast_add, Nat.cast_one, zero_mul, mul_zero, zero_add, add_zero, mul_one]
2026-09-15T22:39:35.2003461Z 
2026-09-15T22:39:35.2003763Z Note: This linter can be disabled with `set_option linter.unusedSimpArgs false`
2026-09-15T22:39:35.2004350Z warning: NLA/MF12/MatrixAlgebra.lean:199:35: This simp argument is unused:
2026-09-15T22:39:35.2004842Z   mul_one
2026-09-15T22:39:35.2004982Z 
2026-09-15T22:39:35.2005171Z Hint: Omit it from the simp argument list.
2026-09-15T22:39:35.2005747Z   [apply] simp only [pow_succ, Nat.cast_add, Nat.cast_one, zero_mul, mul_zero, zero_add, add_zero, one_mul]
2026-09-15T22:39:35.2006227Z 
2026-09-15T22:39:35.2006466Z Note: This linter can be disabled with `set_option linter.unusedSimpArgs false`
2026-09-15T22:39:35.2007066Z warning: NLA/MF12/MatrixAlgebra.lean:201:25: This simp argument is unused:
2026-09-15T22:39:35.2007582Z   Nat.cast_add
2026-09-15T22:39:35.2007731Z 
2026-09-15T22:39:35.2007907Z Hint: Omit it from the simp argument list.
2026-09-15T22:39:35.2008560Z   [apply] simp only [pow_succ, Nat.cast_one, zero_mul, mul_zero, zero_add, add_zero, one_mul, mul_one]
2026-09-15T22:39:35.2008967Z 
2026-09-15T22:39:35.2009285Z Note: This linter can be disabled with `set_option linter.unusedSimpArgs false`
2026-09-15T22:39:35.2009903Z warning: NLA/MF12/MatrixAlgebra.lean:201:39: This simp argument is unused:
2026-09-15T22:39:35.2010390Z   Nat.cast_one
2026-09-15T22:39:35.2010578Z 
2026-09-15T22:39:35.2010812Z Hint: Omit it from the simp argument list.
2026-09-15T22:39:35.2011403Z   [apply] simp only [pow_succ, Nat.cast_add, zero_mul, mul_zero, zero_add, add_zero, one_mul, mul_one]
2026-09-15T22:39:35.2011839Z 
2026-09-15T22:39:35.2012114Z Note: This linter can be disabled with `set_option linter.unusedSimpArgs false`
2026-09-15T22:39:35.2012715Z warning: NLA/MF12/MatrixAlgebra.lean:202:26: This simp argument is unused:
2026-09-15T22:39:35.2013188Z   one_mul
2026-09-15T22:39:35.2013357Z 
2026-09-15T22:39:35.2013495Z Hint: Omit it from the simp argument list.
2026-09-15T22:39:35.2014043Z   [apply] simp only [pow_succ, Nat.cast_add, Nat.cast_one, zero_mul, mul_zero, zero_add, add_zero, mul_one]
2026-09-15T22:39:35.2014542Z 
2026-09-15T22:39:35.2014781Z Note: This linter can be disabled with `set_option linter.unusedSimpArgs false`
2026-09-15T22:39:35.2015412Z warning: NLA/MF12/MatrixAlgebra.lean:202:35: This simp argument is unused:
2026-09-15T22:39:35.2015894Z   mul_one
2026-09-15T22:39:35.2016037Z 
2026-09-15T22:39:35.2016212Z Hint: Omit it from the simp argument list.
2026-09-15T22:39:35.2016759Z   [apply] simp only [pow_succ, Nat.cast_add, Nat.cast_one, zero_mul, mul_zero, zero_add, add_zero, one_mul]
2026-09-15T22:39:35.2017264Z 
2026-09-15T22:39:35.2017502Z Note: This linter can be disabled with `set_option linter.unusedSimpArgs false`
2026-09-15T22:39:35.2018199Z warning: NLA/MF12/MatrixAlgebra.lean:204:15: This simp argument is unused:
2026-09-15T22:39:35.2018681Z   pow_succ
2026-09-15T22:39:35.2018871Z 
2026-09-15T22:39:35.2019041Z Hint: Omit it from the simp argument list.
2026-09-15T22:39:35.2019566Z   [apply] simp only [Nat.cast_add, Nat.cast_one, zero_mul, mul_zero, zero_add, add_zero, one_mul, mul_one]
2026-09-15T22:39:35.2188862Z 
2026-09-15T22:39:35.2189221Z Note: This linter can be disabled with `set_option linter.unusedSimpArgs false`
2026-09-15T22:39:35.2189806Z warning: NLA/MF12/MatrixAlgebra.lean:204:25: This simp argument is unused:
2026-09-15T22:39:35.2190260Z   Nat.cast_add
2026-09-15T22:39:35.2190395Z 
2026-09-15T22:39:35.2190528Z Hint: Omit it from the simp argument list.
2026-09-15T22:39:35.2191015Z   [apply] simp only [pow_succ, Nat.cast_one, zero_mul, mul_zero, zero_add, add_zero, one_mul, mul_one]
2026-09-15T22:39:35.2191425Z 
2026-09-15T22:39:35.2191680Z Note: This linter can be disabled with `set_option linter.unusedSimpArgs false`
2026-09-15T22:39:35.2192476Z warning: NLA/MF12/MatrixAlgebra.lean:204:39: This simp argument is unused:
2026-09-15T22:39:35.2192978Z   Nat.cast_one
2026-09-15T22:39:35.2193131Z 
2026-09-15T22:39:35.2193260Z Hint: Omit it from the simp argument list.
2026-09-15T22:39:35.2193803Z   [apply] simp only [pow_succ, Nat.cast_add, zero_mul, mul_zero, zero_add, add_zero, one_mul, mul_one]
2026-09-15T22:39:35.2194238Z 
2026-09-15T22:39:35.2194502Z Note: This linter can be disabled with `set_option linter.unusedSimpArgs false`
2026-09-15T22:39:35.2195164Z warning: NLA/MF12/MatrixAlgebra.lean:205:6: This simp argument is unused:
2026-09-15T22:39:35.2195629Z   zero_add
2026-09-15T22:39:35.2195757Z 
2026-09-15T22:39:35.2195889Z Hint: Omit it from the simp argument list.
2026-09-15T22:39:35.2196447Z   [apply] simp only [pow_succ, Nat.cast_add, Nat.cast_one, zero_mul, mul_zero, add_zero, one_mul, mul_one]
2026-09-15T22:39:35.2196947Z 
2026-09-15T22:39:35.2197235Z Note: This linter can be disabled with `set_option linter.unusedSimpArgs false`
2026-09-15T22:39:35.2197767Z warning: NLA/MF12/MatrixAlgebra.lean:205:26: This simp argument is unused:
2026-09-15T22:39:35.2198381Z   one_mul
2026-09-15T22:39:35.2198524Z 
2026-09-15T22:39:35.2198677Z Hint: Omit it from the simp argument list.
2026-09-15T22:39:35.2199240Z   [apply] simp only [pow_succ, Nat.cast_add, Nat.cast_one, zero_mul, mul_zero, zero_add, add_zero, mul_one]
2026-09-15T22:39:35.2199622Z 
2026-09-15T22:39:35.2199861Z Note: This linter can be disabled with `set_option linter.unusedSimpArgs false`
2026-09-15T22:39:35.2200409Z warning: NLA/MF12/MatrixAlgebra.lean:205:35: This simp argument is unused:
2026-09-15T22:39:35.2201157Z   mul_one
2026-09-15T22:39:35.2201295Z 
2026-09-15T22:39:35.2201414Z Hint: Omit it from the simp argument list.
2026-09-15T22:39:35.2201980Z   [apply] simp only [pow_succ, Nat.cast_add, Nat.cast_one, zero_mul, mul_zero, zero_add, add_zero, one_mul]
2026-09-15T22:39:35.2202420Z 
2026-09-15T22:39:35.2202683Z Note: This linter can be disabled with `set_option linter.unusedSimpArgs false`
2026-09-15T22:39:35.2203294Z warning: NLA/MF12/MatrixAlgebra.lean:207:15: This simp argument is unused:
2026-09-15T22:39:35.2203753Z   pow_succ
2026-09-15T22:39:35.2203896Z 
2026-09-15T22:39:35.2204044Z Hint: Omit it from the simp argument list.
2026-09-15T22:39:35.2204666Z   [apply] simp only [Nat.cast_add, Nat.cast_one, zero_mul, mul_zero, zero_add, add_zero, one_mul, mul_one]
2026-09-15T22:39:35.2205142Z 
2026-09-15T22:39:35.2205417Z Note: This linter can be disabled with `set_option linter.unusedSimpArgs false`
2026-09-15T22:39:35.2206080Z warning: NLA/MF12/MatrixAlgebra.lean:207:25: This simp argument is unused:
2026-09-15T22:39:35.2206536Z   Nat.cast_add
2026-09-15T22:39:35.2206679Z 
2026-09-15T22:39:35.2206822Z Hint: Omit it from the simp argument list.
2026-09-15T22:39:35.2207409Z   [apply] simp only [pow_succ, Nat.cast_one, zero_mul, mul_zero, zero_add, add_zero, one_mul, mul_one]
2026-09-15T22:39:35.2207871Z 
2026-09-15T22:39:35.2208308Z Note: This linter can be disabled with `set_option linter.unusedSimpArgs false`
2026-09-15T22:39:35.2208946Z warning: NLA/MF12/MatrixAlgebra.lean:207:39: This simp argument is unused:
2026-09-15T22:39:35.2209433Z   Nat.cast_one
2026-09-15T22:39:35.2209605Z 
2026-09-15T22:39:35.2209757Z Hint: Omit it from the simp argument list.
2026-09-15T22:39:35.2210341Z   [apply] simp only [pow_succ, Nat.cast_add, zero_mul, mul_zero, zero_add, add_zero, one_mul, mul_one]
2026-09-15T22:39:35.2210811Z 
2026-09-15T22:39:35.2211079Z Note: This linter can be disabled with `set_option linter.unusedSimpArgs false`
2026-09-15T22:39:35.2211745Z warning: NLA/MF12/MatrixAlgebra.lean:208:6: This simp argument is unused:
2026-09-15T22:39:35.2212223Z   zero_add
2026-09-15T22:39:35.2212362Z 
2026-09-15T22:39:35.2212510Z Hint: Omit it from the simp argument list.
2026-09-15T22:39:35.2213120Z   [apply] simp only [pow_succ, Nat.cast_add, Nat.cast_one, zero_mul, mul_zero, add_zero, one_mul, mul_one]
2026-09-15T22:39:35.2213772Z 
2026-09-15T22:39:35.2214039Z Note: This linter can be disabled with `set_option linter.unusedSimpArgs false`
2026-09-15T22:39:35.2214662Z warning: NLA/MF12/MatrixAlgebra.lean:208:26: This simp argument is unused:
2026-09-15T22:39:35.2215109Z   one_mul
2026-09-15T22:39:35.2215258Z 
2026-09-15T22:39:35.2215418Z Hint: Omit it from the simp argument list.
2026-09-15T22:39:35.2215964Z   [apply] simp only [pow_succ, Nat.cast_add, Nat.cast_one, zero_mul, mul_zero, zero_add, add_zero, mul_one]
2026-09-15T22:39:35.2216356Z 
2026-09-15T22:39:35.2216616Z Note: This linter can be disabled with `set_option linter.unusedSimpArgs false`
2026-09-15T22:39:35.2217208Z warning: NLA/MF12/MatrixAlgebra.lean:208:35: This simp argument is unused:
2026-09-15T22:39:35.2217620Z   mul_one
2026-09-15T22:39:35.2217767Z 
2026-09-15T22:39:35.2217901Z Hint: Omit it from the simp argument list.
2026-09-15T22:39:35.2218581Z   [apply] simp only [pow_succ, Nat.cast_add, Nat.cast_one, zero_mul, mul_zero, zero_add, add_zero, one_mul]
2026-09-15T22:39:35.2219061Z 
2026-09-15T22:39:35.2219329Z Note: This linter can be disabled with `set_option linter.unusedSimpArgs false`
2026-09-15T22:39:35.2219957Z warning: NLA/MF12/MatrixAlgebra.lean:210:15: This simp argument is unused:
2026-09-15T22:39:35.2220418Z   pow_succ
2026-09-15T22:39:35.2220578Z 
2026-09-15T22:39:35.2220733Z Hint: Omit it from the simp argument list.
2026-09-15T22:39:35.2221308Z   [apply] simp only [Nat.cast_add, Nat.cast_one, zero_mul, mul_zero, zero_add, add_zero, one_mul, mul_one]
2026-09-15T22:39:35.2221767Z 
2026-09-15T22:39:35.2222005Z Note: This linter can be disabled with `set_option linter.unusedSimpArgs false`
2026-09-15T22:39:35.2222791Z warning: NLA/MF12/MatrixAlgebra.lean:210:25: This simp argument is unused:
2026-09-15T22:39:35.2223283Z   Nat.cast_add
2026-09-15T22:39:35.2223434Z 
2026-09-15T22:39:35.2223572Z Hint: Omit it from the simp argument list.
2026-09-15T22:39:35.2224125Z   [apply] simp only [pow_succ, Nat.cast_one, zero_mul, mul_zero, zero_add, add_zero, one_mul, mul_one]
2026-09-15T22:39:35.2224588Z 
2026-09-15T22:39:35.2224855Z Note: This linter can be disabled with `set_option linter.unusedSimpArgs false`
2026-09-15T22:39:35.2225498Z warning: NLA/MF12/MatrixAlgebra.lean:210:39: This simp argument is unused:
2026-09-15T22:39:35.2225978Z   Nat.cast_one
2026-09-15T22:39:35.2226140Z 
2026-09-15T22:39:35.2226277Z Hint: Omit it from the simp argument list.
2026-09-15T22:39:35.2226849Z   [apply] simp only [pow_succ, Nat.cast_add, zero_mul, mul_zero, zero_add, add_zero, one_mul, mul_one]
2026-09-15T22:39:35.2227324Z 
2026-09-15T22:39:35.2227598Z Note: This linter can be disabled with `set_option linter.unusedSimpArgs false`
2026-09-15T22:39:35.2228357Z warning: NLA/MF12/MatrixAlgebra.lean:210:53: This simp argument is unused:
2026-09-15T22:39:35.2228826Z   zero_mul
2026-09-15T22:39:35.2228956Z 
2026-09-15T22:39:35.2229110Z Hint: Omit it from the simp argument list.
2026-09-15T22:39:35.2229701Z   [apply] simp only [pow_succ, Nat.cast_add, Nat.cast_one, mul_zero, zero_add, add_zero, one_mul, mul_one]
2026-09-15T22:39:35.2230163Z 
2026-09-15T22:39:35.2230462Z Note: This linter can be disabled with `set_option linter.unusedSimpArgs false`
2026-09-15T22:39:35.2231072Z warning: NLA/MF12/MatrixAlgebra.lean:211:6: This simp argument is unused:
2026-09-15T22:39:35.2231564Z   zero_add
2026-09-15T22:39:35.2231700Z 
2026-09-15T22:39:35.2231846Z Hint: Omit it from the simp argument list.
2026-09-15T22:39:35.2232338Z   [apply] simp only [pow_succ, Nat.cast_add, Nat.cast_one, zero_mul, mul_zero, add_zero, one_mul, mul_one]
2026-09-15T22:39:35.2232770Z 
2026-09-15T22:39:35.2233055Z Note: This linter can be disabled with `set_option linter.unusedSimpArgs false`
2026-09-15T22:39:35.2233717Z warning: NLA/MF12/MatrixAlgebra.lean:211:26: This simp argument is unused:
2026-09-15T22:39:35.2234195Z   one_mul
2026-09-15T22:39:35.2234343Z 
2026-09-15T22:39:35.2234487Z Hint: Omit it from the simp argument list.
2026-09-15T22:39:35.2235103Z   [apply] simp only [pow_succ, Nat.cast_add, Nat.cast_one, zero_mul, mul_zero, zero_add, add_zero, mul_one]
2026-09-15T22:39:35.2235749Z 
2026-09-15T22:39:35.2236030Z Note: This linter can be disabled with `set_option linter.unusedSimpArgs false`
2026-09-15T22:39:35.2236677Z warning: NLA/MF12/MatrixAlgebra.lean:213:15: This simp argument is unused:
2026-09-15T22:39:35.2237163Z   pow_succ
2026-09-15T22:39:35.2237304Z 
2026-09-15T22:39:35.2237459Z Hint: Omit it from the simp argument list.
2026-09-15T22:39:35.2238166Z   [apply] simp only [Nat.cast_add, Nat.cast_one, zero_mul, mul_zero, zero_add, add_zero, one_mul, mul_one]
2026-09-15T22:39:35.2238660Z 
2026-09-15T22:39:35.2238938Z Note: This linter can be disabled with `set_option linter.unusedSimpArgs false`
2026-09-15T22:39:35.2239602Z warning: NLA/MF12/MatrixAlgebra.lean:213:25: This simp argument is unused:
2026-09-15T22:39:35.2240081Z   Nat.cast_add
2026-09-15T22:39:35.2240247Z 
2026-09-15T22:39:35.2240408Z Hint: Omit it from the simp argument list.
2026-09-15T22:39:35.2240997Z   [apply] simp only [pow_succ, Nat.cast_one, zero_mul, mul_zero, zero_add, add_zero, one_mul, mul_one]
2026-09-15T22:39:35.2241463Z 
2026-09-15T22:39:35.2241749Z Note: This linter can be disabled with `set_option linter.unusedSimpArgs false`
2026-09-15T22:39:35.2242407Z warning: NLA/MF12/MatrixAlgebra.lean:213:39: This simp argument is unused:
2026-09-15T22:39:35.2242868Z   Nat.cast_one
2026-09-15T22:39:35.2243020Z 
2026-09-15T22:39:35.2243150Z Hint: Omit it from the simp argument list.
2026-09-15T22:39:35.2243709Z   [apply] simp only [pow_succ, Nat.cast_add, zero_mul, mul_zero, zero_add, add_zero, one_mul, mul_one]
2026-09-15T22:39:35.2244174Z 
2026-09-15T22:39:35.2244559Z Note: This linter can be disabled with `set_option linter.unusedSimpArgs false`
2026-09-15T22:39:35.2245204Z warning: NLA/MF12/MatrixAlgebra.lean:213:53: This simp argument is unused:
2026-09-15T22:39:35.2245661Z   zero_mul
2026-09-15T22:39:35.2245792Z 
2026-09-15T22:39:35.2245941Z Hint: Omit it from the simp argument list.
2026-09-15T22:39:35.2246550Z   [apply] simp only [pow_succ, Nat.cast_add, Nat.cast_one, mul_zero, zero_add, add_zero, one_mul, mul_one]
2026-09-15T22:39:35.2247039Z 
2026-09-15T22:39:35.2247322Z Note: This linter can be disabled with `set_option linter.unusedSimpArgs false`
2026-09-15T22:39:35.2247975Z warning: NLA/MF12/MatrixAlgebra.lean:214:6: This simp argument is unused:
2026-09-15T22:39:35.2248566Z   zero_add
2026-09-15T22:39:35.2248724Z 
2026-09-15T22:39:35.2248878Z Hint: Omit it from the simp argument list.
2026-09-15T22:39:35.2249482Z   [apply] simp only [pow_succ, Nat.cast_add, Nat.cast_one, zero_mul, mul_zero, add_zero, one_mul, mul_one]
2026-09-15T22:39:35.2249950Z 
2026-09-15T22:39:35.2250238Z Note: This linter can be disabled with `set_option linter.unusedSimpArgs false`
2026-09-15T22:39:35.2250882Z warning: NLA/MF12/MatrixAlgebra.lean:214:26: This simp argument is unused:
2026-09-15T22:39:35.2251357Z   one_mul
2026-09-15T22:39:35.2251510Z 
2026-09-15T22:39:35.2251656Z Hint: Omit it from the simp argument list.
2026-09-15T22:39:35.2252252Z   [apply] simp only [pow_succ, Nat.cast_add, Nat.cast_one, zero_mul, mul_zero, zero_add, add_zero, mul_one]
2026-09-15T22:39:35.2252742Z 
2026-09-15T22:39:35.2253018Z Note: This linter can be disabled with `set_option linter.unusedSimpArgs false`
2026-09-15T22:39:35.2253665Z warning: NLA/MF12/MatrixAlgebra.lean:216:15: This simp argument is unused:
2026-09-15T22:39:35.2254141Z   pow_succ
2026-09-15T22:39:35.2254277Z 
2026-09-15T22:39:35.2254433Z Hint: Omit it from the simp argument list.
2026-09-15T22:39:35.2255029Z   [apply] simp only [Nat.cast_add, Nat.cast_one, zero_mul, mul_zero, zero_add, add_zero, one_mul, mul_one]
2026-09-15T22:39:35.2255512Z 
2026-09-15T22:39:35.2255780Z Note: This linter can be disabled with `set_option linter.unusedSimpArgs false`
2026-09-15T22:39:35.2256426Z warning: NLA/MF12/MatrixAlgebra.lean:216:25: This simp argument is unused:
2026-09-15T22:39:35.2256897Z   Nat.cast_add
2026-09-15T22:39:35.2257062Z 
2026-09-15T22:39:35.2257209Z Hint: Omit it from the simp argument list.
2026-09-15T22:39:35.2258120Z   [apply] simp only [pow_succ, Nat.cast_one, zero_mul, mul_zero, zero_add, add_zero, one_mul, mul_one]
2026-09-15T22:39:35.2258599Z 
2026-09-15T22:39:35.2258887Z Note: This linter can be disabled with `set_option linter.unusedSimpArgs false`
2026-09-15T22:39:35.2259547Z warning: NLA/MF12/MatrixAlgebra.lean:216:39: This simp argument is unused:
2026-09-15T22:39:35.2260035Z   Nat.cast_one
2026-09-15T22:39:35.2260200Z 
2026-09-15T22:39:35.2260342Z Hint: Omit it from the simp argument list.
2026-09-15T22:39:35.2260908Z   [apply] simp only [pow_succ, Nat.cast_add, zero_mul, mul_zero, zero_add, add_zero, one_mul, mul_one]
2026-09-15T22:39:35.2261373Z 
2026-09-15T22:39:35.2261665Z Note: This linter can be disabled with `set_option linter.unusedSimpArgs false`
2026-09-15T22:39:35.2262314Z warning: NLA/MF12/MatrixAlgebra.lean:217:6: This simp argument is unused:
2026-09-15T22:39:35.2262796Z   zero_add
2026-09-15T22:39:35.2262926Z 
2026-09-15T22:39:35.2263057Z Hint: Omit it from the simp argument list.
2026-09-15T22:39:35.2263663Z   [apply] simp only [pow_succ, Nat.cast_add, Nat.cast_one, zero_mul, mul_zero, add_zero, one_mul, mul_one]
2026-09-15T22:39:35.2264131Z 
2026-09-15T22:39:35.2264405Z Note: This linter can be disabled with `set_option linter.unusedSimpArgs false`
2026-09-15T22:39:35.2265044Z warning: NLA/MF12/MatrixAlgebra.lean:217:26: This simp argument is unused:
2026-09-15T22:39:35.2265533Z   one_mul
2026-09-15T22:39:35.2265684Z 
2026-09-15T22:39:35.2265841Z Hint: Omit it from the simp argument list.
2026-09-15T22:39:35.2266451Z   [apply] simp only [pow_succ, Nat.cast_add, Nat.cast_one, zero_mul, mul_zero, zero_add, add_zero, mul_one]
2026-09-15T22:39:35.2266925Z 
2026-09-15T22:39:35.2267313Z Note: This linter can be disabled with `set_option linter.unusedSimpArgs false`
2026-09-15T22:39:35.2267940Z warning: NLA/MF12/MatrixAlgebra.lean:217:35: This simp argument is unused:
2026-09-15T22:39:35.2268535Z   mul_one
2026-09-15T22:39:35.2268688Z 
2026-09-15T22:39:35.2268841Z Hint: Omit it from the simp argument list.
2026-09-15T22:39:35.2269444Z   [apply] simp only [pow_succ, Nat.cast_add, Nat.cast_one, zero_mul, mul_zero, zero_add, add_zero, one_mul]
2026-09-15T22:39:35.2273568Z 
2026-09-15T22:39:35.2273860Z Note: This linter can be disabled with `set_option linter.unusedSimpArgs false`
2026-09-15T22:39:35.2274475Z warning: NLA/MF12/MatrixAlgebra.lean:219:15: This simp argument is unused:
2026-09-15T22:39:35.2274953Z   pow_succ
2026-09-15T22:39:35.2275091Z 
2026-09-15T22:39:35.2275235Z Hint: Omit it from the simp argument list.
2026-09-15T22:39:35.2275820Z   [apply] simp only [Nat.cast_add, Nat.cast_one, zero_mul, mul_zero, zero_add, add_zero, one_mul, mul_one]
2026-09-15T22:39:35.2276320Z 
2026-09-15T22:39:35.2276595Z Note: This linter can be disabled with `set_option linter.unusedSimpArgs false`
2026-09-15T22:39:35.2277215Z warning: NLA/MF12/MatrixAlgebra.lean:219:25: This simp argument is unused:
2026-09-15T22:39:35.2277693Z   Nat.cast_add
2026-09-15T22:39:35.2277862Z 
2026-09-15T22:39:35.2278104Z Hint: Omit it from the simp argument list.
2026-09-15T22:39:35.2278698Z   [apply] simp only [pow_succ, Nat.cast_one, zero_mul, mul_zero, zero_add, add_zero, one_mul, mul_one]
2026-09-15T22:39:35.2279154Z 
2026-09-15T22:39:35.2279422Z Note: This linter can be disabled with `set_option linter.unusedSimpArgs false`
2026-09-15T22:39:35.2280053Z warning: NLA/MF12/MatrixAlgebra.lean:219:39: This simp argument is unused:
2026-09-15T22:39:35.2280536Z   Nat.cast_one
2026-09-15T22:39:35.2280689Z 
2026-09-15T22:39:35.2280830Z Hint: Omit it from the simp argument list.
2026-09-15T22:39:35.2281396Z   [apply] simp only [pow_succ, Nat.cast_add, zero_mul, mul_zero, zero_add, add_zero, one_mul, mul_one]
2026-09-15T22:39:35.2281836Z 
2026-09-15T22:39:35.2282106Z Note: This linter can be disabled with `set_option linter.unusedSimpArgs false`
2026-09-15T22:39:35.2282751Z warning: NLA/MF12/MatrixAlgebra.lean:220:6: This simp argument is unused:
2026-09-15T22:39:35.2283209Z   zero_add
2026-09-15T22:39:35.2283506Z 
2026-09-15T22:39:35.2283643Z Hint: Omit it from the simp argument list.
2026-09-15T22:39:35.2284228Z   [apply] simp only [pow_succ, Nat.cast_add, Nat.cast_one, zero_mul, mul_zero, add_zero, one_mul, mul_one]
2026-09-15T22:39:35.2284705Z 
2026-09-15T22:39:35.2284957Z Note: This linter can be disabled with `set_option linter.unusedSimpArgs false`
2026-09-15T22:39:35.2285621Z warning: NLA/MF12/MatrixAlgebra.lean:220:26: This simp argument is unused:
2026-09-15T22:39:35.2286069Z   one_mul
2026-09-15T22:39:35.2286201Z 
2026-09-15T22:39:35.2286338Z Hint: Omit it from the simp argument list.
2026-09-15T22:39:35.2286910Z   [apply] simp only [pow_succ, Nat.cast_add, Nat.cast_one, zero_mul, mul_zero, zero_add, add_zero, mul_one]
2026-09-15T22:39:35.2287380Z 
2026-09-15T22:39:35.2287650Z Note: This linter can be disabled with `set_option linter.unusedSimpArgs false`
2026-09-15T22:39:35.2288384Z warning: NLA/MF12/MatrixAlgebra.lean:220:35: This simp argument is unused:
2026-09-15T22:39:35.2288854Z   mul_one
2026-09-15T22:39:35.2288993Z 
2026-09-15T22:39:35.2289133Z Hint: Omit it from the simp argument list.
2026-09-15T22:39:35.2289720Z   [apply] simp only [pow_succ, Nat.cast_add, Nat.cast_one, zero_mul, mul_zero, zero_add, add_zero, one_mul]
2026-09-15T22:39:35.2290199Z 
2026-09-15T22:39:35.2290469Z Note: This linter can be disabled with `set_option linter.unusedSimpArgs false`
2026-09-15T22:39:35.2291120Z warning: NLA/MF12/MatrixAlgebra.lean:222:25: This simp argument is unused:
2026-09-15T22:39:35.2291588Z   Nat.cast_add
2026-09-15T22:39:35.2291736Z 
2026-09-15T22:39:35.2291888Z Hint: Omit it from the simp argument list.
2026-09-15T22:39:35.2292602Z   [apply] simp only [pow_succ, Nat.cast_one, zero_mul, mul_zero, zero_add, add_zero, one_mul, mul_one]
2026-09-15T22:39:35.2293075Z 
2026-09-15T22:39:35.2293328Z Note: This linter can be disabled with `set_option linter.unusedSimpArgs false`
2026-09-15T22:39:35.2293979Z warning: NLA/MF12/MatrixAlgebra.lean:222:39: This simp argument is unused:
2026-09-15T22:39:35.2294438Z   Nat.cast_one
2026-09-15T22:39:35.2294598Z 
2026-09-15T22:39:35.2294735Z Hint: Omit it from the simp argument list.
2026-09-15T22:39:35.2295305Z   [apply] simp only [pow_succ, Nat.cast_add, zero_mul, mul_zero, zero_add, add_zero, one_mul, mul_one]
2026-09-15T22:39:35.2295746Z 
2026-09-15T22:39:35.2296017Z Note: This linter can be disabled with `set_option linter.unusedSimpArgs false`
2026-09-15T22:39:35.2296658Z warning: NLA/MF12/MatrixAlgebra.lean:222:53: This simp argument is unused:
2026-09-15T22:39:35.2297151Z   zero_mul
2026-09-15T22:39:35.2297299Z 
2026-09-15T22:39:35.2297437Z Hint: Omit it from the simp argument list.
2026-09-15T22:39:35.2302669Z   [apply] simp only [pow_succ, Nat.cast_add, Nat.cast_one, mul_zero, zero_add, add_zero, one_mul, mul_one]
2026-09-15T22:39:35.2303217Z 
2026-09-15T22:39:35.2303503Z Note: This linter can be disabled with `set_option linter.unusedSimpArgs false`
2026-09-15T22:39:35.2304160Z warning: NLA/MF12/MatrixAlgebra.lean:223:26: This simp argument is unused:
2026-09-15T22:39:35.2304634Z   one_mul
2026-09-15T22:39:35.2304770Z 
2026-09-15T22:39:35.2304911Z Hint: Omit it from the simp argument list.
2026-09-15T22:39:35.2305507Z   [apply] simp only [pow_succ, Nat.cast_add, Nat.cast_one, zero_mul, mul_zero, zero_add, add_zero, mul_one]
2026-09-15T22:39:35.2305987Z 
2026-09-15T22:39:35.2306263Z Note: This linter can be disabled with `set_option linter.unusedSimpArgs false`
2026-09-15T22:39:35.2306894Z warning: NLA/MF12/MatrixAlgebra.lean:223:35: This simp argument is unused:
2026-09-15T22:39:35.2307364Z   mul_one
2026-09-15T22:39:35.2307517Z 
2026-09-15T22:39:35.2307666Z Hint: Omit it from the simp argument list.
2026-09-15T22:39:35.2308402Z   [apply] simp only [pow_succ, Nat.cast_add, Nat.cast_one, zero_mul, mul_zero, zero_add, add_zero, one_mul]
2026-09-15T22:39:35.2308892Z 
2026-09-15T22:39:35.2309192Z Note: This linter can be disabled with `set_option linter.unusedSimpArgs false`
2026-09-15T22:39:35.2309846Z warning: NLA/MF12/MatrixAlgebra.lean:225:53: This simp argument is unused:
2026-09-15T22:39:35.2310490Z   zero_mul
2026-09-15T22:39:35.2310639Z 
2026-09-15T22:39:35.2310779Z Hint: Omit it from the simp argument list.
2026-09-15T22:39:35.2311373Z   [apply] simp only [pow_succ, Nat.cast_add, Nat.cast_one, mul_zero, zero_add, add_zero, one_mul, mul_one]
2026-09-15T22:39:35.2311844Z 
2026-09-15T22:39:35.2312113Z Note: This linter can be disabled with `set_option linter.unusedSimpArgs false`
2026-09-15T22:39:35.2312755Z warning: NLA/MF12/MatrixAlgebra.lean:226:26: This simp argument is unused:
2026-09-15T22:39:35.2313218Z   one_mul
2026-09-15T22:39:35.2313348Z 
2026-09-15T22:39:35.2313478Z Hint: Omit it from the simp argument list.
2026-09-15T22:39:35.2314061Z   [apply] simp only [pow_succ, Nat.cast_add, Nat.cast_one, zero_mul, mul_zero, zero_add, add_zero, mul_one]
2026-09-15T22:39:35.2314524Z 
2026-09-15T22:39:35.2314802Z Note: This linter can be disabled with `set_option linter.unusedSimpArgs false`
2026-09-15T22:39:35.2315435Z warning: NLA/MF12/MatrixAlgebra.lean:226:35: This simp argument is unused:
2026-09-15T22:39:35.2315904Z   mul_one
2026-09-15T22:39:35.2316044Z 
2026-09-15T22:39:35.2316179Z Hint: Omit it from the simp argument list.
2026-09-15T22:39:35.2316769Z   [apply] simp only [pow_succ, Nat.cast_add, Nat.cast_one, zero_mul, mul_zero, zero_add, add_zero, one_mul]
2026-09-15T22:39:35.2317234Z 
2026-09-15T22:39:35.2317503Z Note: This linter can be disabled with `set_option linter.unusedSimpArgs false`
2026-09-15T22:39:35.2318320Z warning: NLA/MF12/MatrixAlgebra.lean:228:15: This simp argument is unused:
2026-09-15T22:39:35.2318805Z   pow_succ
2026-09-15T22:39:35.2318949Z 
2026-09-15T22:39:35.2319082Z Hint: Omit it from the simp argument list.
2026-09-15T22:39:35.2319756Z   [apply] simp only [Nat.cast_add, Nat.cast_one, zero_mul, mul_zero, zero_add, add_zero, one_mul, mul_one]
2026-09-15T22:39:35.2320222Z 
2026-09-15T22:39:35.2320486Z Note: This linter can be disabled with `set_option linter.unusedSimpArgs false`
2026-09-15T22:39:35.2321122Z warning: NLA/MF12/MatrixAlgebra.lean:228:25: This simp argument is unused:
2026-09-15T22:39:35.2321606Z   Nat.cast_add
2026-09-15T22:39:35.2321759Z 
2026-09-15T22:39:35.2321898Z Hint: Omit it from the simp argument list.
2026-09-15T22:39:35.2322461Z   [apply] simp only [pow_succ, Nat.cast_one, zero_mul, mul_zero, zero_add, add_zero, one_mul, mul_one]
2026-09-15T22:39:35.2322912Z 
2026-09-15T22:39:35.2323182Z Note: This linter can be disabled with `set_option linter.unusedSimpArgs false`
2026-09-15T22:39:35.2323813Z warning: NLA/MF12/MatrixAlgebra.lean:228:39: This simp argument is unused:
2026-09-15T22:39:35.2324269Z   Nat.cast_one
2026-09-15T22:39:35.2324427Z 
2026-09-15T22:39:35.2324558Z Hint: Omit it from the simp argument list.
2026-09-15T22:39:35.2325133Z   [apply] simp only [pow_succ, Nat.cast_add, zero_mul, mul_zero, zero_add, add_zero, one_mul, mul_one]
2026-09-15T22:39:35.2325587Z 
2026-09-15T22:39:35.2325857Z Note: This linter can be disabled with `set_option linter.unusedSimpArgs false`
2026-09-15T22:39:35.2326486Z warning: NLA/MF12/MatrixAlgebra.lean:228:53: This simp argument is unused:
2026-09-15T22:39:35.2326953Z   zero_mul
2026-09-15T22:39:35.2327093Z 
2026-09-15T22:39:35.2327227Z Hint: Omit it from the simp argument list.
2026-09-15T22:39:35.2327813Z   [apply] simp only [pow_succ, Nat.cast_add, Nat.cast_one, mul_zero, zero_add, add_zero, one_mul, mul_one]
2026-09-15T22:39:35.2328387Z 
2026-09-15T22:39:35.2328653Z Note: This linter can be disabled with `set_option linter.unusedSimpArgs false`
2026-09-15T22:39:35.2329291Z warning: NLA/MF12/MatrixAlgebra.lean:229:6: This simp argument is unused:
2026-09-15T22:39:35.2329776Z   zero_add
2026-09-15T22:39:35.2329911Z 
2026-09-15T22:39:35.2330062Z Hint: Omit it from the simp argument list.
2026-09-15T22:39:35.2330644Z   [apply] simp only [pow_succ, Nat.cast_add, Nat.cast_one, zero_mul, mul_zero, add_zero, one_mul, mul_one]
2026-09-15T22:39:35.2331108Z 
2026-09-15T22:39:35.2331377Z Note: This linter can be disabled with `set_option linter.unusedSimpArgs false`
2026-09-15T22:39:35.2332100Z warning: NLA/MF12/MatrixAlgebra.lean:229:26: This simp argument is unused:
2026-09-15T22:39:35.2332558Z   one_mul
2026-09-15T22:39:35.2332699Z 
2026-09-15T22:39:35.2332832Z Hint: Omit it from the simp argument list.
2026-09-15T22:39:35.2333416Z   [apply] simp only [pow_succ, Nat.cast_add, Nat.cast_one, zero_mul, mul_zero, zero_add, add_zero, mul_one]
2026-09-15T22:39:35.2333885Z 
2026-09-15T22:39:35.2334153Z Note: This linter can be disabled with `set_option linter.unusedSimpArgs false`
2026-09-15T22:39:35.2334779Z warning: NLA/MF12/MatrixAlgebra.lean:231:15: This simp argument is unused:
2026-09-15T22:39:35.2335251Z   pow_succ
2026-09-15T22:39:35.2335380Z 
2026-09-15T22:39:35.2335527Z Hint: Omit it from the simp argument list.
2026-09-15T22:39:35.2336105Z   [apply] simp only [Nat.cast_add, Nat.cast_one, zero_mul, mul_zero, zero_add, add_zero, one_mul, mul_one]
2026-09-15T22:39:35.2336574Z 
2026-09-15T22:39:35.2340799Z Note: This linter can be disabled with `set_option linter.unusedSimpArgs false`
2026-09-15T22:39:35.2341465Z warning: NLA/MF12/MatrixAlgebra.lean:231:25: This simp argument is unused:
2026-09-15T22:39:35.2341953Z   Nat.cast_add
2026-09-15T22:39:35.2342104Z 
2026-09-15T22:39:35.2342254Z Hint: Omit it from the simp argument list.
2026-09-15T22:39:35.2342807Z   [apply] simp only [pow_succ, Nat.cast_one, zero_mul, mul_zero, zero_add, add_zero, one_mul, mul_one]
2026-09-15T22:39:35.2343260Z 
2026-09-15T22:39:35.2343539Z Note: This linter can be disabled with `set_option linter.unusedSimpArgs false`
2026-09-15T22:39:35.2344186Z warning: NLA/MF12/MatrixAlgebra.lean:231:39: This simp argument is unused:
2026-09-15T22:39:35.2344661Z   Nat.cast_one
2026-09-15T22:39:35.2344818Z 
2026-09-15T22:39:35.2345072Z Hint: Omit it from the simp argument list.
2026-09-15T22:39:35.2345667Z   [apply] simp only [pow_succ, Nat.cast_add, zero_mul, mul_zero, zero_add, add_zero, one_mul, mul_one]
2026-09-15T22:39:35.2346140Z 
2026-09-15T22:39:35.2346418Z Note: This linter can be disabled with `set_option linter.unusedSimpArgs false`
2026-09-15T22:39:35.2347064Z warning: NLA/MF12/MatrixAlgebra.lean:231:53: This simp argument is unused:
2026-09-15T22:39:35.2347532Z   zero_mul
2026-09-15T22:39:35.2347666Z 
2026-09-15T22:39:35.2347805Z Hint: Omit it from the simp argument list.
2026-09-15T22:39:35.2348493Z   [apply] simp only [pow_succ, Nat.cast_add, Nat.cast_one, mul_zero, zero_add, add_zero, one_mul, mul_one]
2026-09-15T22:39:35.2348965Z 
2026-09-15T22:39:35.2349231Z Note: This linter can be disabled with `set_option linter.unusedSimpArgs false`
2026-09-15T22:39:35.2349869Z warning: NLA/MF12/MatrixAlgebra.lean:232:6: This simp argument is unused:
2026-09-15T22:39:35.2350348Z   zero_add
2026-09-15T22:39:35.2350483Z 
2026-09-15T22:39:35.2350634Z Hint: Omit it from the simp argument list.
2026-09-15T22:39:35.2351220Z   [apply] simp only [pow_succ, Nat.cast_add, Nat.cast_one, zero_mul, mul_zero, add_zero, one_mul, mul_one]
2026-09-15T22:39:35.2351691Z 
2026-09-15T22:39:35.2351959Z Note: This linter can be disabled with `set_option linter.unusedSimpArgs false`
2026-09-15T22:39:35.2352592Z warning: NLA/MF12/MatrixAlgebra.lean:232:26: This simp argument is unused:
2026-09-15T22:39:35.2353050Z   one_mul
2026-09-15T22:39:35.2353188Z 
2026-09-15T22:39:35.2353322Z Hint: Omit it from the simp argument list.
2026-09-15T22:39:35.2353909Z   [apply] simp only [pow_succ, Nat.cast_add, Nat.cast_one, zero_mul, mul_zero, zero_add, add_zero, mul_one]
2026-09-15T22:39:35.2354393Z 
2026-09-15T22:39:35.2354668Z Note: This linter can be disabled with `set_option linter.unusedSimpArgs false`
2026-09-15T22:39:35.2355313Z warning: NLA/MF12/MatrixAlgebra.lean:234:15: This simp argument is unused:
2026-09-15T22:39:35.2355783Z   pow_succ
2026-09-15T22:39:35.2355922Z 
2026-09-15T22:39:35.2356060Z Hint: Omit it from the simp argument list.
2026-09-15T22:39:35.2356647Z   [apply] simp only [Nat.cast_add, Nat.cast_one, zero_mul, mul_zero, zero_add, add_zero, one_mul, mul_one]
2026-09-15T22:39:35.2357117Z 
2026-09-15T22:39:35.2357379Z Note: This linter can be disabled with `set_option linter.unusedSimpArgs false`
2026-09-15T22:39:35.2358301Z warning: NLA/MF12/MatrixAlgebra.lean:234:25: This simp argument is unused:
2026-09-15T22:39:35.2358782Z   Nat.cast_add
2026-09-15T22:39:35.2358926Z 
2026-09-15T22:39:35.2359065Z Hint: Omit it from the simp argument list.
2026-09-15T22:39:35.2359623Z   [apply] simp only [pow_succ, Nat.cast_one, zero_mul, mul_zero, zero_add, add_zero, one_mul, mul_one]
2026-09-15T22:39:35.2360054Z 
2026-09-15T22:39:35.2360304Z Note: This linter can be disabled with `set_option linter.unusedSimpArgs false`
2026-09-15T22:39:35.2360894Z warning: NLA/MF12/MatrixAlgebra.lean:234:39: This simp argument is unused:
2026-09-15T22:39:35.2361322Z   Nat.cast_one
2026-09-15T22:39:35.2361470Z 
2026-09-15T22:39:35.2361597Z Hint: Omit it from the simp argument list.
2026-09-15T22:39:35.2362140Z   [apply] simp only [pow_succ, Nat.cast_add, zero_mul, mul_zero, zero_add, add_zero, one_mul, mul_one]
2026-09-15T22:39:35.2362573Z 
2026-09-15T22:39:35.2362825Z Note: This linter can be disabled with `set_option linter.unusedSimpArgs false`
2026-09-15T22:39:35.2363419Z warning: NLA/MF12/MatrixAlgebra.lean:235:6: This simp argument is unused:
2026-09-15T22:39:35.2363851Z   zero_add
2026-09-15T22:39:35.2363976Z 
2026-09-15T22:39:35.2364119Z Hint: Omit it from the simp argument list.
2026-09-15T22:39:35.2364709Z   [apply] simp only [pow_succ, Nat.cast_add, Nat.cast_one, zero_mul, mul_zero, add_zero, one_mul, mul_one]
2026-09-15T22:39:35.2365181Z 
2026-09-15T22:39:35.2365435Z Note: This linter can be disabled with `set_option linter.unusedSimpArgs false`
2026-09-15T22:39:35.2366061Z warning: NLA/MF12/MatrixAlgebra.lean:235:26: This simp argument is unused:
2026-09-15T22:39:35.2366690Z   one_mul
2026-09-15T22:39:35.2366820Z 
2026-09-15T22:39:35.2366965Z Hint: Omit it from the simp argument list.
2026-09-15T22:39:35.2367563Z   [apply] simp only [pow_succ, Nat.cast_add, Nat.cast_one, zero_mul, mul_zero, zero_add, add_zero, mul_one]
2026-09-15T22:39:35.2368148Z 
2026-09-15T22:39:35.2368437Z Note: This linter can be disabled with `set_option linter.unusedSimpArgs false`
2026-09-15T22:39:35.2369075Z warning: NLA/MF12/MatrixAlgebra.lean:235:35: This simp argument is unused:
2026-09-15T22:39:35.2369539Z   mul_one
2026-09-15T22:39:35.2369681Z 
2026-09-15T22:39:35.2369807Z Hint: Omit it from the simp argument list.
2026-09-15T22:39:35.2370388Z   [apply] simp only [pow_succ, Nat.cast_add, Nat.cast_one, zero_mul, mul_zero, zero_add, add_zero, one_mul]
2026-09-15T22:39:35.2370856Z 
2026-09-15T22:39:35.2371118Z Note: This linter can be disabled with `set_option linter.unusedSimpArgs false`
2026-09-15T22:39:35.2371730Z warning: NLA/MF12/MatrixAlgebra.lean:237:15: This simp argument is unused:
2026-09-15T22:39:35.2372197Z   pow_succ
2026-09-15T22:39:35.2372330Z 
2026-09-15T22:39:35.2372470Z Hint: Omit it from the simp argument list.
2026-09-15T22:39:35.2373050Z   [apply] simp only [Nat.cast_add, Nat.cast_one, zero_mul, mul_zero, zero_add, add_zero, one_mul, mul_one]
2026-09-15T22:39:35.2373529Z 
2026-09-15T22:39:35.2373806Z Note: This linter can be disabled with `set_option linter.unusedSimpArgs false`
2026-09-15T22:39:35.2374445Z warning: NLA/MF12/MatrixAlgebra.lean:237:25: This simp argument is unused:
2026-09-15T22:39:35.2374925Z   Nat.cast_add
2026-09-15T22:39:35.2375077Z 
2026-09-15T22:39:35.2375225Z Hint: Omit it from the simp argument list.
2026-09-15T22:39:35.2375799Z   [apply] simp only [pow_succ, Nat.cast_one, zero_mul, mul_zero, zero_add, add_zero, one_mul, mul_one]
2026-09-15T22:39:35.2376263Z 
2026-09-15T22:39:35.2376525Z Note: This linter can be disabled with `set_option linter.unusedSimpArgs false`
2026-09-15T22:39:35.2377161Z warning: NLA/MF12/MatrixAlgebra.lean:237:39: This simp argument is unused:
2026-09-15T22:39:35.2377648Z   Nat.cast_one
2026-09-15T22:39:35.2377814Z 
2026-09-15T22:39:35.2377953Z Hint: Omit it from the simp argument list.
2026-09-15T22:39:35.2378610Z   [apply] simp only [pow_succ, Nat.cast_add, zero_mul, mul_zero, zero_add, add_zero, one_mul, mul_one]
2026-09-15T22:39:35.2379162Z 
2026-09-15T22:39:35.2379438Z Note: This linter can be disabled with `set_option linter.unusedSimpArgs false`
2026-09-15T22:39:35.2380079Z warning: NLA/MF12/MatrixAlgebra.lean:238:6: This simp argument is unused:
2026-09-15T22:39:35.2380554Z   zero_add
2026-09-15T22:39:35.2380688Z 
2026-09-15T22:39:35.2380823Z Hint: Omit it from the simp argument list.
2026-09-15T22:39:35.2381403Z   [apply] simp only [pow_succ, Nat.cast_add, Nat.cast_one, zero_mul, mul_zero, add_zero, one_mul, mul_one]
2026-09-15T22:39:35.2381891Z 
2026-09-15T22:39:35.2382156Z Note: This linter can be disabled with `set_option linter.unusedSimpArgs false`
2026-09-15T22:39:35.2382805Z warning: NLA/MF12/MatrixAlgebra.lean:238:26: This simp argument is unused:
2026-09-15T22:39:35.2383280Z   one_mul
2026-09-15T22:39:35.2383403Z 
2026-09-15T22:39:35.2383550Z Hint: Omit it from the simp argument list.
2026-09-15T22:39:35.2384123Z   [apply] simp only [pow_succ, Nat.cast_add, Nat.cast_one, zero_mul, mul_zero, zero_add, add_zero, mul_one]
2026-09-15T22:39:35.2384603Z 
2026-09-15T22:39:35.2384872Z Note: This linter can be disabled with `set_option linter.unusedSimpArgs false`
2026-09-15T22:39:35.2385579Z warning: NLA/MF12/MatrixAlgebra.lean:238:35: This simp argument is unused:
2026-09-15T22:39:35.2386048Z   mul_one
2026-09-15T22:39:35.2386190Z 
2026-09-15T22:39:35.2386331Z Hint: Omit it from the simp argument list.
2026-09-15T22:39:35.2386934Z   [apply] simp only [pow_succ, Nat.cast_add, Nat.cast_one, zero_mul, mul_zero, zero_add, add_zero, one_mul]
2026-09-15T22:39:35.2387420Z 
2026-09-15T22:39:35.2387700Z Note: This linter can be disabled with `set_option linter.unusedSimpArgs false`
2026-09-15T22:39:35.2388512Z warning: NLA/MF12/MatrixAlgebra.lean:240:15: This simp argument is unused:
2026-09-15T22:39:35.2388960Z   pow_succ
2026-09-15T22:39:35.2389091Z 
2026-09-15T22:39:35.2389233Z Hint: Omit it from the simp argument list.
2026-09-15T22:39:35.2389848Z   [apply] simp only [Nat.cast_add, Nat.cast_one, zero_mul, mul_zero, zero_add, add_zero, one_mul, mul_one]
2026-09-15T22:39:35.2390307Z 
2026-09-15T22:39:35.2390565Z Note: This linter can be disabled with `set_option linter.unusedSimpArgs false`
2026-09-15T22:39:35.2391196Z warning: NLA/MF12/MatrixAlgebra.lean:240:25: This simp argument is unused:
2026-09-15T22:39:35.2391674Z   Nat.cast_add
2026-09-15T22:39:35.2391820Z 
2026-09-15T22:39:35.2391963Z Hint: Omit it from the simp argument list.
2026-09-15T22:39:35.2392518Z   [apply] simp only [pow_succ, Nat.cast_one, zero_mul, mul_zero, zero_add, add_zero, one_mul, mul_one]
2026-09-15T22:39:35.2392983Z 
2026-09-15T22:39:35.2393258Z Note: This linter can be disabled with `set_option linter.unusedSimpArgs false`
2026-09-15T22:39:35.2393900Z warning: NLA/MF12/MatrixAlgebra.lean:240:39: This simp argument is unused:
2026-09-15T22:39:35.2394335Z   Nat.cast_one
2026-09-15T22:39:35.2394478Z 
2026-09-15T22:39:35.2394603Z Hint: Omit it from the simp argument list.
2026-09-15T22:39:35.2395166Z   [apply] simp only [pow_succ, Nat.cast_add, zero_mul, mul_zero, zero_add, add_zero, one_mul, mul_one]
2026-09-15T22:39:35.2395641Z 
2026-09-15T22:39:35.2395912Z Note: This linter can be disabled with `set_option linter.unusedSimpArgs false`
2026-09-15T22:39:35.2396552Z warning: NLA/MF12/MatrixAlgebra.lean:241:6: This simp argument is unused:
2026-09-15T22:39:35.2397031Z   zero_add
2026-09-15T22:39:35.2397170Z 
2026-09-15T22:39:35.2397313Z Hint: Omit it from the simp argument list.
2026-09-15T22:39:35.2397905Z   [apply] simp only [pow_succ, Nat.cast_add, Nat.cast_one, zero_mul, mul_zero, add_zero, one_mul, mul_one]
2026-09-15T22:39:35.2398508Z 
2026-09-15T22:39:35.2398762Z Note: This linter can be disabled with `set_option linter.unusedSimpArgs false`
2026-09-15T22:39:35.2399443Z warning: NLA/MF12/MatrixAlgebra.lean:241:26: This simp argument is unused:
2026-09-15T22:39:35.2399905Z   one_mul
2026-09-15T22:39:35.2400027Z 
2026-09-15T22:39:35.2400165Z Hint: Omit it from the simp argument list.
2026-09-15T22:39:35.2400777Z   [apply] simp only [pow_succ, Nat.cast_add, Nat.cast_one, zero_mul, mul_zero, zero_add, add_zero, mul_one]
2026-09-15T22:39:35.2401343Z 
2026-09-15T22:39:35.2401632Z Note: This linter can be disabled with `set_option linter.unusedSimpArgs false`
2026-09-15T22:39:35.2402264Z warning: NLA/MF12/MatrixAlgebra.lean:241:35: This simp argument is unused:
2026-09-15T22:39:35.2402742Z   mul_one
2026-09-15T22:39:35.2402879Z 
2026-09-15T22:39:35.2403011Z Hint: Omit it from the simp argument list.
2026-09-15T22:39:35.2403603Z   [apply] simp only [pow_succ, Nat.cast_add, Nat.cast_one, zero_mul, mul_zero, zero_add, add_zero, one_mul]
2026-09-15T22:39:35.2404085Z 
2026-09-15T22:39:35.2404359Z Note: This linter can be disabled with `set_option linter.unusedSimpArgs false`
2026-09-15T22:39:35.2404968Z warning: NLA/MF12/MatrixAlgebra.lean:243:25: This simp argument is unused:
2026-09-15T22:39:35.2405450Z   Nat.cast_add
2026-09-15T22:39:35.2405592Z 
2026-09-15T22:39:35.2405731Z Hint: Omit it from the simp argument list.
2026-09-15T22:39:35.2406300Z   [apply] simp only [pow_succ, Nat.cast_one, zero_mul, mul_zero, zero_add, add_zero, one_mul, mul_one]
2026-09-15T22:39:35.2406731Z 
2026-09-15T22:39:35.2406990Z Note: This linter can be disabled with `set_option linter.unusedSimpArgs false`
2026-09-15T22:39:35.2407589Z warning: NLA/MF12/MatrixAlgebra.lean:243:39: This simp argument is unused:
2026-09-15T22:39:35.2408175Z   Nat.cast_one
2026-09-15T22:39:35.2408344Z 
2026-09-15T22:39:35.2408493Z Hint: Omit it from the simp argument list.
2026-09-15T22:39:35.2409072Z   [apply] simp only [pow_succ, Nat.cast_add, zero_mul, mul_zero, zero_add, add_zero, one_mul, mul_one]
2026-09-15T22:39:35.2409501Z 
2026-09-15T22:39:35.2409899Z Note: This linter can be disabled with `set_option linter.unusedSimpArgs false`
2026-09-15T22:39:35.2410526Z warning: NLA/MF12/MatrixAlgebra.lean:244:26: This simp argument is unused:
2026-09-15T22:39:35.2410964Z   one_mul
2026-09-15T22:39:35.2411090Z 
2026-09-15T22:39:35.2411212Z Hint: Omit it from the simp argument list.
2026-09-15T22:39:35.2411799Z   [apply] simp only [pow_succ, Nat.cast_add, Nat.cast_one, zero_mul, mul_zero, zero_add, add_zero, mul_one]
2026-09-15T22:39:35.2412257Z 
2026-09-15T22:39:35.2412510Z Note: This linter can be disabled with `set_option linter.unusedSimpArgs false`
2026-09-15T22:39:35.2413092Z warning: NLA/MF12/MatrixAlgebra.lean:244:35: This simp argument is unused:
2026-09-15T22:39:35.2413523Z   mul_one
2026-09-15T22:39:35.2413657Z 
2026-09-15T22:39:35.2413795Z Hint: Omit it from the simp argument list.
2026-09-15T22:39:35.2414371Z   [apply] simp only [pow_succ, Nat.cast_add, Nat.cast_one, zero_mul, mul_zero, zero_add, add_zero, one_mul]
2026-09-15T22:39:35.2414846Z 
2026-09-15T22:39:35.2415114Z Note: This linter can be disabled with `set_option linter.unusedSimpArgs false`
2026-09-15T22:39:35.2415734Z warning: NLA/MF12/MatrixAlgebra.lean:246:15: This simp argument is unused:
2026-09-15T22:39:35.2416184Z   pow_succ
2026-09-15T22:39:35.2416319Z 
2026-09-15T22:39:35.2416446Z Hint: Omit it from the simp argument list.
2026-09-15T22:39:35.2417005Z   [apply] simp only [Nat.cast_add, Nat.cast_one, zero_mul, mul_zero, zero_add, add_zero, one_mul, mul_one]
2026-09-15T22:39:35.2417471Z 
2026-09-15T22:39:35.2417727Z Note: This linter can be disabled with `set_option linter.unusedSimpArgs false`
2026-09-15T22:39:35.2418488Z warning: NLA/MF12/MatrixAlgebra.lean:246:25: This simp argument is unused:
2026-09-15T22:39:35.2418951Z   Nat.cast_add
2026-09-15T22:39:35.2419112Z 
2026-09-15T22:39:35.2419254Z Hint: Omit it from the simp argument list.
2026-09-15T22:39:35.2419843Z   [apply] simp only [pow_succ, Nat.cast_one, zero_mul, mul_zero, zero_add, add_zero, one_mul, mul_one]
2026-09-15T22:39:35.2420290Z 
2026-09-15T22:39:35.2420570Z Note: This linter can be disabled with `set_option linter.unusedSimpArgs false`
2026-09-15T22:39:35.2421209Z warning: NLA/MF12/MatrixAlgebra.lean:246:39: This simp argument is unused:
2026-09-15T22:39:35.2421653Z   Nat.cast_one
2026-09-15T22:39:35.2421816Z 
2026-09-15T22:39:35.2421977Z Hint: Omit it from the simp argument list.
2026-09-15T22:39:35.2422744Z   [apply] simp only [pow_succ, Nat.cast_add, zero_mul, mul_zero, zero_add, add_zero, one_mul, mul_one]
2026-09-15T22:39:35.2423129Z 
2026-09-15T22:39:35.2423370Z Note: This linter can be disabled with `set_option linter.unusedSimpArgs false`
2026-09-15T22:39:35.2423920Z warning: NLA/MF12/MatrixAlgebra.lean:246:53: This simp argument is unused:
2026-09-15T22:39:35.2424330Z   zero_mul
2026-09-15T22:39:35.2424468Z 
2026-09-15T22:39:35.2424594Z Hint: Omit it from the simp argument list.
2026-09-15T22:39:35.2425173Z   [apply] simp only [pow_succ, Nat.cast_add, Nat.cast_one, mul_zero, zero_add, add_zero, one_mul, mul_one]
2026-09-15T22:39:35.2425600Z 
2026-09-15T22:39:35.2425870Z Note: This linter can be disabled with `set_option linter.unusedSimpArgs false`
2026-09-15T22:39:35.2426495Z warning: NLA/MF12/MatrixAlgebra.lean:247:6: This simp argument is unused:
2026-09-15T22:39:35.2426939Z   zero_add
2026-09-15T22:39:35.2427077Z 
2026-09-15T22:39:35.2427218Z Hint: Omit it from the simp argument list.
2026-09-15T22:39:35.2427809Z   [apply] simp only [pow_succ, Nat.cast_add, Nat.cast_one, zero_mul, mul_zero, add_zero, one_mul, mul_one]
2026-09-15T22:39:35.2428426Z 
2026-09-15T22:39:35.2428711Z Note: This linter can be disabled with `set_option linter.unusedSimpArgs false`
2026-09-15T22:39:35.2429330Z warning: NLA/MF12/MatrixAlgebra.lean:247:26: This simp argument is unused:
2026-09-15T22:39:35.2429786Z   one_mul
2026-09-15T22:39:35.2429904Z 
2026-09-15T22:39:35.2430045Z Hint: Omit it from the simp argument list.
2026-09-15T22:39:35.2430598Z   [apply] simp only [pow_succ, Nat.cast_add, Nat.cast_one, zero_mul, mul_zero, zero_add, add_zero, mul_one]
2026-09-15T22:39:35.2431032Z 
2026-09-15T22:39:35.2431412Z Note: This linter can be disabled with `set_option linter.unusedSimpArgs false`
2026-09-15T22:39:35.2432006Z warning: NLA/MF12/MatrixAlgebra.lean:249:15: This simp argument is unused:
2026-09-15T22:39:35.2432457Z   pow_succ
2026-09-15T22:39:35.2432597Z 
2026-09-15T22:39:35.2432742Z Hint: Omit it from the simp argument list.
2026-09-15T22:39:35.2433320Z   [apply] simp only [Nat.cast_add, Nat.cast_one, zero_mul, mul_zero, zero_add, add_zero, one_mul, mul_one]
2026-09-15T22:39:35.2433781Z 
2026-09-15T22:39:35.2434050Z Note: This linter can be disabled with `set_option linter.unusedSimpArgs false`
2026-09-15T22:39:35.2434667Z warning: NLA/MF12/MatrixAlgebra.lean:249:25: This simp argument is unused:
2026-09-15T22:39:35.2435130Z   Nat.cast_add
2026-09-15T22:39:35.2435281Z 
2026-09-15T22:39:35.2435415Z Hint: Omit it from the simp argument list.
2026-09-15T22:39:35.2435981Z   [apply] simp only [pow_succ, Nat.cast_one, zero_mul, mul_zero, zero_add, add_zero, one_mul, mul_one]
2026-09-15T22:39:35.2436411Z 
2026-09-15T22:39:35.2436667Z Note: This linter can be disabled with `set_option linter.unusedSimpArgs false`
2026-09-15T22:39:35.2437259Z warning: NLA/MF12/MatrixAlgebra.lean:249:39: This simp argument is unused:
2026-09-15T22:39:35.2437682Z   Nat.cast_one
2026-09-15T22:39:35.2437819Z 
2026-09-15T22:39:35.2437973Z Hint: Omit it from the simp argument list.
2026-09-15T22:39:35.2438818Z   [apply] simp only [pow_succ, Nat.cast_add, zero_mul, mul_zero, zero_add, add_zero, one_mul, mul_one]
2026-09-15T22:39:35.2439290Z 
2026-09-15T22:39:35.2439555Z Note: This linter can be disabled with `set_option linter.unusedSimpArgs false`
2026-09-15T22:39:35.2440201Z warning: NLA/MF12/MatrixAlgebra.lean:249:53: This simp argument is unused:
2026-09-15T22:39:35.2440671Z   zero_mul
2026-09-15T22:39:35.2440817Z 
2026-09-15T22:39:35.2440965Z Hint: Omit it from the simp argument list.
2026-09-15T22:39:35.2441550Z   [apply] simp only [pow_succ, Nat.cast_add, Nat.cast_one, mul_zero, zero_add, add_zero, one_mul, mul_one]
2026-09-15T22:39:35.2442019Z 
2026-09-15T22:39:35.2442293Z Note: This linter can be disabled with `set_option linter.unusedSimpArgs false`
2026-09-15T22:39:35.2442911Z warning: NLA/MF12/MatrixAlgebra.lean:250:6: This simp argument is unused:
2026-09-15T22:39:35.2443357Z   zero_add
2026-09-15T22:39:35.2443499Z 
2026-09-15T22:39:35.2443775Z Hint: Omit it from the simp argument list.
2026-09-15T22:39:35.2444356Z   [apply] simp only [pow_succ, Nat.cast_add, Nat.cast_one, zero_mul, mul_zero, add_zero, one_mul, mul_one]
2026-09-15T22:39:35.2444814Z 
2026-09-15T22:39:35.2445083Z Note: This linter can be disabled with `set_option linter.unusedSimpArgs false`
2026-09-15T22:39:35.2445726Z warning: NLA/MF12/MatrixAlgebra.lean:250:26: This simp argument is unused:
2026-09-15T22:39:35.2446185Z   one_mul
2026-09-15T22:39:35.2446316Z 
2026-09-15T22:39:35.2446461Z Hint: Omit it from the simp argument list.
2026-09-15T22:39:35.2447037Z   [apply] simp only [pow_succ, Nat.cast_add, Nat.cast_one, zero_mul, mul_zero, zero_add, add_zero, mul_one]
2026-09-15T22:39:35.2447501Z 
2026-09-15T22:39:35.2447758Z Note: This linter can be disabled with `set_option linter.unusedSimpArgs false`
2026-09-15T22:39:35.2448491Z warning: NLA/MF12/MatrixAlgebra.lean:252:15: This simp argument is unused:
2026-09-15T22:39:35.2448950Z   pow_succ
2026-09-15T22:39:35.2449098Z 
2026-09-15T22:39:35.2449246Z Hint: Omit it from the simp argument list.
2026-09-15T22:39:35.2449818Z   [apply] simp only [Nat.cast_add, Nat.cast_one, zero_mul, mul_zero, zero_add, add_zero, one_mul, mul_one]
2026-09-15T22:39:35.2450269Z 
2026-09-15T22:39:35.2450527Z Note: This linter can be disabled with `set_option linter.unusedSimpArgs false`
2026-09-15T22:39:35.2451146Z warning: NLA/MF12/MatrixAlgebra.lean:252:25: This simp argument is unused:
2026-09-15T22:39:35.2451596Z   Nat.cast_add
2026-09-15T22:39:35.2451752Z 
2026-09-15T22:39:35.2451885Z Hint: Omit it from the simp argument list.
2026-09-15T22:39:35.2452518Z   [apply] simp only [pow_succ, Nat.cast_one, zero_mul, mul_zero, zero_add, add_zero, one_mul, mul_one]
2026-09-15T22:39:35.2452962Z 
2026-09-15T22:39:35.2453216Z Note: This linter can be disabled with `set_option linter.unusedSimpArgs false`
2026-09-15T22:39:35.2453838Z warning: NLA/MF12/MatrixAlgebra.lean:252:39: This simp argument is unused:
2026-09-15T22:39:35.2454304Z   Nat.cast_one
2026-09-15T22:39:35.2454451Z 
2026-09-15T22:39:35.2454594Z Hint: Omit it from the simp argument list.
2026-09-15T22:39:35.2455139Z   [apply] simp only [pow_succ, Nat.cast_add, zero_mul, mul_zero, zero_add, add_zero, one_mul, mul_one]
2026-09-15T22:39:35.2455577Z 
2026-09-15T22:39:35.2455828Z Note: This linter can be disabled with `set_option linter.unusedSimpArgs false`
2026-09-15T22:39:35.2456439Z warning: NLA/MF12/MatrixAlgebra.lean:253:6: This simp argument is unused:
2026-09-15T22:39:35.2456902Z   zero_add
2026-09-15T22:39:35.2457041Z 
2026-09-15T22:39:35.2457175Z Hint: Omit it from the simp argument list.
2026-09-15T22:39:35.2457756Z   [apply] simp only [pow_succ, Nat.cast_add, Nat.cast_one, zero_mul, mul_zero, add_zero, one_mul, mul_one]
2026-09-15T22:39:35.2458286Z 
2026-09-15T22:39:35.2458569Z Note: This linter can be disabled with `set_option linter.unusedSimpArgs false`
2026-09-15T22:39:35.2459195Z warning: NLA/MF12/MatrixAlgebra.lean:253:26: This simp argument is unused:
2026-09-15T22:39:35.2459656Z   one_mul
2026-09-15T22:39:35.2459797Z 
2026-09-15T22:39:35.2459932Z Hint: Omit it from the simp argument list.
2026-09-15T22:39:35.2460511Z   [apply] simp only [pow_succ, Nat.cast_add, Nat.cast_one, zero_mul, mul_zero, zero_add, add_zero, mul_one]
2026-09-15T22:39:35.2460971Z 
2026-09-15T22:39:35.2461227Z Note: This linter can be disabled with `set_option linter.unusedSimpArgs false`
2026-09-15T22:39:35.2461851Z warning: NLA/MF12/MatrixAlgebra.lean:253:35: This simp argument is unused:
2026-09-15T22:39:35.2462291Z   mul_one
2026-09-15T22:39:35.2462421Z 
2026-09-15T22:39:35.2462561Z Hint: Omit it from the simp argument list.
2026-09-15T22:39:35.2463128Z   [apply] simp only [pow_succ, Nat.cast_add, Nat.cast_one, zero_mul, mul_zero, zero_add, add_zero, one_mul]
2026-09-15T22:39:35.2463592Z 
2026-09-15T22:39:35.2463848Z Note: This linter can be disabled with `set_option linter.unusedSimpArgs false`
2026-09-15T22:39:35.2464454Z warning: NLA/MF12/MatrixAlgebra.lean:255:15: This simp argument is unused:
2026-09-15T22:39:35.2464994Z   pow_succ
2026-09-15T22:39:35.2465133Z 
2026-09-15T22:39:35.2465266Z Hint: Omit it from the simp argument list.
2026-09-15T22:39:35.2465849Z   [apply] simp only [Nat.cast_add, Nat.cast_one, zero_mul, mul_zero, zero_add, add_zero, one_mul, mul_one]
2026-09-15T22:39:35.2466297Z 
2026-09-15T22:39:35.2466564Z Note: This linter can be disabled with `set_option linter.unusedSimpArgs false`
2026-09-15T22:39:35.2467184Z warning: NLA/MF12/MatrixAlgebra.lean:255:25: This simp argument is unused:
2026-09-15T22:39:35.2467643Z   Nat.cast_add
2026-09-15T22:39:35.2467799Z 
2026-09-15T22:39:35.2467935Z Hint: Omit it from the simp argument list.
2026-09-15T22:39:35.2468589Z   [apply] simp only [pow_succ, Nat.cast_one, zero_mul, mul_zero, zero_add, add_zero, one_mul, mul_one]
2026-09-15T22:39:35.2469041Z 
2026-09-15T22:39:35.2469300Z Note: This linter can be disabled with `set_option linter.unusedSimpArgs false`
2026-09-15T22:39:35.2469918Z warning: NLA/MF12/MatrixAlgebra.lean:255:39: This simp argument is unused:
2026-09-15T22:39:35.2470389Z   Nat.cast_one
2026-09-15T22:39:35.2470537Z 
2026-09-15T22:39:35.2470677Z Hint: Omit it from the simp argument list.
2026-09-15T22:39:35.2471236Z   [apply] simp only [pow_succ, Nat.cast_add, zero_mul, mul_zero, zero_add, add_zero, one_mul, mul_one]
2026-09-15T22:39:35.2471674Z 
2026-09-15T22:39:35.2471923Z Note: This linter can be disabled with `set_option linter.unusedSimpArgs false`
2026-09-15T22:39:35.2472543Z warning: NLA/MF12/MatrixAlgebra.lean:256:6: This simp argument is unused:
2026-09-15T22:39:35.2472989Z   zero_add
2026-09-15T22:39:35.2473129Z 
2026-09-15T22:39:35.2473256Z Hint: Omit it from the simp argument list.
2026-09-15T22:39:35.2473927Z   [apply] simp only [pow_succ, Nat.cast_add, Nat.cast_one, zero_mul, mul_zero, add_zero, one_mul, mul_one]
2026-09-15T22:39:35.2474378Z 
2026-09-15T22:39:35.2474635Z Note: This linter can be disabled with `set_option linter.unusedSimpArgs false`
2026-09-15T22:39:35.2475237Z warning: NLA/MF12/MatrixAlgebra.lean:256:26: This simp argument is unused:
2026-09-15T22:39:35.2475684Z   one_mul
2026-09-15T22:39:35.2475829Z 
2026-09-15T22:39:35.2475961Z Hint: Omit it from the simp argument list.
2026-09-15T22:39:35.2476516Z   [apply] simp only [pow_succ, Nat.cast_add, Nat.cast_one, zero_mul, mul_zero, zero_add, add_zero, mul_one]
2026-09-15T22:39:35.2476975Z 
2026-09-15T22:39:35.2477232Z Note: This linter can be disabled with `set_option linter.unusedSimpArgs false`
2026-09-15T22:39:35.2477830Z warning: NLA/MF12/MatrixAlgebra.lean:256:35: This simp argument is unused:
2026-09-15T22:39:35.2478368Z   mul_one
2026-09-15T22:39:35.2478499Z 
2026-09-15T22:39:35.2478632Z Hint: Omit it from the simp argument list.
2026-09-15T22:39:35.2479204Z   [apply] simp only [pow_succ, Nat.cast_add, Nat.cast_one, zero_mul, mul_zero, zero_add, add_zero, one_mul]
2026-09-15T22:39:35.2479674Z 
2026-09-15T22:39:35.2479939Z Note: This linter can be disabled with `set_option linter.unusedSimpArgs false`
2026-09-15T22:39:35.2480554Z warning: NLA/MF12/MatrixAlgebra.lean:258:15: This simp argument is unused:
2026-09-15T22:39:35.2481005Z   pow_succ
2026-09-15T22:39:35.2481141Z 
2026-09-15T22:39:35.2481267Z Hint: Omit it from the simp argument list.
2026-09-15T22:39:35.2481827Z   [apply] simp only [Nat.cast_add, Nat.cast_one, zero_mul, mul_zero, zero_add, add_zero, one_mul, mul_one]
2026-09-15T22:39:35.2482280Z 
2026-09-15T22:39:35.2482533Z Note: This linter can be disabled with `set_option linter.unusedSimpArgs false`
2026-09-15T22:39:35.2483149Z warning: NLA/MF12/MatrixAlgebra.lean:258:25: This simp argument is unused:
2026-09-15T22:39:35.2483594Z   Nat.cast_add
2026-09-15T22:39:35.2483740Z 
2026-09-15T22:39:35.2483874Z Hint: Omit it from the simp argument list.
2026-09-15T22:39:35.2484411Z   [apply] simp only [pow_succ, Nat.cast_one, zero_mul, mul_zero, zero_add, add_zero, one_mul, mul_one]
2026-09-15T22:39:35.2484864Z 
2026-09-15T22:39:35.2485106Z Note: This linter can be disabled with `set_option linter.unusedSimpArgs false`
2026-09-15T22:39:35.2485813Z warning: NLA/MF12/MatrixAlgebra.lean:258:39: This simp argument is unused:
2026-09-15T22:39:35.2486372Z   Nat.cast_one
2026-09-15T22:39:35.2486511Z 
2026-09-15T22:39:35.2486653Z Hint: Omit it from the simp argument list.
2026-09-15T22:39:35.2487217Z   [apply] simp only [pow_succ, Nat.cast_add, zero_mul, mul_zero, zero_add, add_zero, one_mul, mul_one]
2026-09-15T22:39:35.2487640Z 
2026-09-15T22:39:35.2487898Z Note: This linter can be disabled with `set_option linter.unusedSimpArgs false`
2026-09-15T22:39:35.2488637Z warning: NLA/MF12/MatrixAlgebra.lean:259:6: This simp argument is unused:
2026-09-15T22:39:35.2489093Z   zero_add
2026-09-15T22:39:35.2489230Z 
2026-09-15T22:39:35.2489367Z Hint: Omit it from the simp argument list.
2026-09-15T22:39:35.2489934Z   [apply] simp only [pow_succ, Nat.cast_add, Nat.cast_one, zero_mul, mul_zero, add_zero, one_mul, mul_one]
2026-09-15T22:39:35.2490350Z 
2026-09-15T22:39:35.2490601Z Note: This linter can be disabled with `set_option linter.unusedSimpArgs false`
2026-09-15T22:39:35.2491223Z warning: NLA/MF12/MatrixAlgebra.lean:259:26: This simp argument is unused:
2026-09-15T22:39:35.2491678Z   one_mul
2026-09-15T22:39:35.2491805Z 
2026-09-15T22:39:35.2491951Z Hint: Omit it from the simp argument list.
2026-09-15T22:39:35.2492538Z   [apply] simp only [pow_succ, Nat.cast_add, Nat.cast_one, zero_mul, mul_zero, zero_add, add_zero, mul_one]
2026-09-15T22:39:35.2492989Z 
2026-09-15T22:39:35.2493256Z Note: This linter can be disabled with `set_option linter.unusedSimpArgs false`
2026-09-15T22:39:35.2493900Z warning: NLA/MF12/MatrixAlgebra.lean:259:35: This simp argument is unused:
2026-09-15T22:39:35.2494369Z   mul_one
2026-09-15T22:39:35.2494507Z 
2026-09-15T22:39:35.2494775Z Hint: Omit it from the simp argument list.
2026-09-15T22:39:35.2495520Z   [apply] simp only [pow_succ, Nat.cast_add, Nat.cast_one, zero_mul, mul_zero, zero_add, add_zero, one_mul]
2026-09-15T22:39:35.2495949Z 
2026-09-15T22:39:35.2496223Z Note: This linter can be disabled with `set_option linter.unusedSimpArgs false`
2026-09-15T22:39:35.2496854Z warning: NLA/MF12/MatrixAlgebra.lean:261:15: This simp argument is unused:
2026-09-15T22:39:35.2497312Z   pow_succ
2026-09-15T22:39:35.2497463Z 
2026-09-15T22:39:35.2497598Z Hint: Omit it from the simp argument list.
2026-09-15T22:39:35.2498306Z   [apply] simp only [Nat.cast_add, Nat.cast_one, zero_mul, mul_zero, zero_add, add_zero, one_mul, mul_one]
2026-09-15T22:39:35.2498761Z 
2026-09-15T22:39:35.2499038Z Note: This linter can be disabled with `set_option linter.unusedSimpArgs false`
2026-09-15T22:39:35.2499660Z warning: NLA/MF12/MatrixAlgebra.lean:261:25: This simp argument is unused:
2026-09-15T22:39:35.2500114Z   Nat.cast_add
2026-09-15T22:39:35.2500266Z 
2026-09-15T22:39:35.2500407Z Hint: Omit it from the simp argument list.
2026-09-15T22:39:35.2500954Z   [apply] simp only [pow_succ, Nat.cast_one, zero_mul, mul_zero, zero_add, add_zero, one_mul, mul_one]
2026-09-15T22:39:35.2501380Z 
2026-09-15T22:39:35.2501639Z Note: This linter can be disabled with `set_option linter.unusedSimpArgs false`
2026-09-15T22:39:35.2502249Z warning: NLA/MF12/MatrixAlgebra.lean:261:39: This simp argument is unused:
2026-09-15T22:39:35.2502704Z   Nat.cast_one
2026-09-15T22:39:35.2502858Z 
2026-09-15T22:39:35.2502992Z Hint: Omit it from the simp argument list.
2026-09-15T22:39:35.2503520Z   [apply] simp only [pow_succ, Nat.cast_add, zero_mul, mul_zero, zero_add, add_zero, one_mul, mul_one]
2026-09-15T22:39:35.2503930Z 
2026-09-15T22:39:35.2504176Z Note: This linter can be disabled with `set_option linter.unusedSimpArgs false`
2026-09-15T22:39:35.2504755Z warning: NLA/MF12/MatrixAlgebra.lean:262:6: This simp argument is unused:
2026-09-15T22:39:35.2505212Z   zero_add
2026-09-15T22:39:35.2505352Z 
2026-09-15T22:39:35.2505496Z Hint: Omit it from the simp argument list.
2026-09-15T22:39:35.2506086Z   [apply] simp only [pow_succ, Nat.cast_add, Nat.cast_one, zero_mul, mul_zero, add_zero, one_mul, mul_one]
2026-09-15T22:39:35.2506555Z 
2026-09-15T22:39:35.2506831Z Note: This linter can be disabled with `set_option linter.unusedSimpArgs false`
2026-09-15T22:39:35.2507561Z warning: NLA/MF12/MatrixAlgebra.lean:262:26: This simp argument is unused:
2026-09-15T22:39:35.2507995Z   one_mul
2026-09-15T22:39:35.2508253Z 
2026-09-15T22:39:35.2508390Z Hint: Omit it from the simp argument list.
2026-09-15T22:39:35.2508945Z   [apply] simp only [pow_succ, Nat.cast_add, Nat.cast_one, zero_mul, mul_zero, zero_add, add_zero, mul_one]
2026-09-15T22:39:35.2509372Z 
2026-09-15T22:39:35.2509615Z Note: This linter can be disabled with `set_option linter.unusedSimpArgs false`
2026-09-15T22:39:35.2510206Z warning: NLA/MF12/MatrixAlgebra.lean:262:35: This simp argument is unused:
2026-09-15T22:39:35.2510640Z   mul_one
2026-09-15T22:39:35.2510761Z 
2026-09-15T22:39:35.2510896Z Hint: Omit it from the simp argument list.
2026-09-15T22:39:35.2511435Z   [apply] simp only [pow_succ, Nat.cast_add, Nat.cast_one, zero_mul, mul_zero, zero_add, add_zero, one_mul]
2026-09-15T22:39:35.2511871Z 
2026-09-15T22:39:35.2512120Z Note: This linter can be disabled with `set_option linter.unusedSimpArgs false`
2026-09-15T22:39:35.2512709Z warning: NLA/MF12/MatrixAlgebra.lean:264:15: This simp argument is unused:
2026-09-15T22:39:35.2513138Z   pow_succ
2026-09-15T22:39:35.2513271Z 
2026-09-15T22:39:35.2513396Z Hint: Omit it from the simp argument list.
2026-09-15T22:39:35.2513976Z   [apply] simp only [Nat.cast_add, Nat.cast_one, zero_mul, mul_zero, zero_add, add_zero, one_mul, mul_one]
2026-09-15T22:39:35.2514448Z 
2026-09-15T22:39:35.2514720Z Note: This linter can be disabled with `set_option linter.unusedSimpArgs false`
2026-09-15T22:39:35.2515332Z warning: NLA/MF12/MatrixAlgebra.lean:264:25: This simp argument is unused:
2026-09-15T22:39:35.2515785Z   Nat.cast_add
2026-09-15T22:39:35.2516039Z 
2026-09-15T22:39:35.2516183Z Hint: Omit it from the simp argument list.
2026-09-15T22:39:35.2516723Z   [apply] simp only [pow_succ, Nat.cast_one, zero_mul, mul_zero, zero_add, add_zero, one_mul, mul_one]
2026-09-15T22:39:35.2517175Z 
2026-09-15T22:39:35.2517451Z Note: This linter can be disabled with `set_option linter.unusedSimpArgs false`
2026-09-15T22:39:35.2518223Z warning: NLA/MF12/MatrixAlgebra.lean:264:39: This simp argument is unused:
2026-09-15T22:39:35.2518709Z   Nat.cast_one
2026-09-15T22:39:35.2518852Z 
2026-09-15T22:39:35.2518994Z Hint: Omit it from the simp argument list.
2026-09-15T22:39:35.2519537Z   [apply] simp only [pow_succ, Nat.cast_add, zero_mul, mul_zero, zero_add, add_zero, one_mul, mul_one]
2026-09-15T22:39:35.2519990Z 
2026-09-15T22:39:35.2520244Z Note: This linter can be disabled with `set_option linter.unusedSimpArgs false`
2026-09-15T22:39:35.2520846Z warning: NLA/MF12/MatrixAlgebra.lean:264:53: This simp argument is unused:
2026-09-15T22:39:35.2521322Z   zero_mul
2026-09-15T22:39:35.2521468Z 
2026-09-15T22:39:35.2521597Z Hint: Omit it from the simp argument list.
2026-09-15T22:39:35.2522167Z   [apply] simp only [pow_succ, Nat.cast_add, Nat.cast_one, mul_zero, zero_add, add_zero, one_mul, mul_one]
2026-09-15T22:39:35.2522621Z 
2026-09-15T22:39:35.2522889Z Note: This linter can be disabled with `set_option linter.unusedSimpArgs false`
2026-09-15T22:39:35.2523501Z warning: NLA/MF12/MatrixAlgebra.lean:265:26: This simp argument is unused:
2026-09-15T22:39:35.2523975Z   one_mul
2026-09-15T22:39:35.2524104Z 
2026-09-15T22:39:35.2524235Z Hint: Omit it from the simp argument list.
2026-09-15T22:39:35.2524791Z   [apply] simp only [pow_succ, Nat.cast_add, Nat.cast_one, zero_mul, mul_zero, zero_add, add_zero, mul_one]
2026-09-15T22:39:35.2525253Z 
2026-09-15T22:39:35.2525509Z Note: This linter can be disabled with `set_option linter.unusedSimpArgs false`
2026-09-15T22:39:35.2526164Z warning: NLA/MF12/MatrixAlgebra.lean:160:48: Unused tactic linter: `ring` does nothing
2026-09-15T22:39:35.2526577Z 
2026-09-15T22:39:35.2526825Z Note: This linter can be disabled with `set_option linter.unusedTactic false`
2026-09-15T22:39:35.2527467Z warning: NLA/MF12/MatrixAlgebra.lean:163:48: Unused tactic linter: `ring` does nothing
2026-09-15T22:39:35.2527873Z 
2026-09-15T22:39:35.2528338Z Note: This linter can be disabled with `set_option linter.unusedTactic false`
2026-09-15T22:39:35.2528991Z warning: NLA/MF12/MatrixAlgebra.lean:166:48: Unused tactic linter: `ring` does nothing
2026-09-15T22:39:35.2529411Z 
2026-09-15T22:39:35.2529656Z Note: This linter can be disabled with `set_option linter.unusedTactic false`
2026-09-15T22:39:35.2530305Z warning: NLA/MF12/MatrixAlgebra.lean:169:48: Unused tactic linter: `ring` does nothing
2026-09-15T22:39:35.2530312Z 
2026-09-15T22:39:35.2530565Z Note: This linter can be disabled with `set_option linter.unusedTactic false`
2026-09-15T22:39:35.2530847Z warning: NLA/MF12/MatrixAlgebra.lean:172:48: Unused tactic linter: `ring` does nothing
2026-09-15T22:39:35.2530858Z 
2026-09-15T22:39:35.2531111Z Note: This linter can be disabled with `set_option linter.unusedTactic false`
2026-09-15T22:39:35.2531385Z warning: NLA/MF12/MatrixAlgebra.lean:175:48: Unused tactic linter: `ring` does nothing
2026-09-15T22:39:35.2531391Z 
2026-09-15T22:39:35.2531654Z Note: This linter can be disabled with `set_option linter.unusedTactic false`
2026-09-15T22:39:35.2531947Z warning: NLA/MF12/MatrixAlgebra.lean:178:48: Unused tactic linter: `ring` does nothing
2026-09-15T22:39:35.2531953Z 
2026-09-15T22:39:35.2532223Z Note: This linter can be disabled with `set_option linter.unusedTactic false`
2026-09-15T22:39:35.2532519Z warning: NLA/MF12/MatrixAlgebra.lean:181:48: Unused tactic linter: `ring` does nothing
2026-09-15T22:39:35.2532526Z 
2026-09-15T22:39:35.2532785Z Note: This linter can be disabled with `set_option linter.unusedTactic false`
2026-09-15T22:39:35.2533088Z warning: NLA/MF12/MatrixAlgebra.lean:187:48: Unused tactic linter: `ring` does nothing
2026-09-15T22:39:35.2533098Z 
2026-09-15T22:39:35.2533526Z Note: This linter can be disabled with `set_option linter.unusedTactic false`
2026-09-15T22:39:35.2533831Z warning: NLA/MF12/MatrixAlgebra.lean:190:48: Unused tactic linter: `ring` does nothing
2026-09-15T22:39:35.2533837Z 
2026-09-15T22:39:35.2534092Z Note: This linter can be disabled with `set_option linter.unusedTactic false`
2026-09-15T22:39:35.2534376Z warning: NLA/MF12/MatrixAlgebra.lean:193:48: Unused tactic linter: `ring` does nothing
2026-09-15T22:39:35.2534382Z 
2026-09-15T22:39:35.2534616Z Note: This linter can be disabled with `set_option linter.unusedTactic false`
2026-09-15T22:39:35.2534896Z warning: NLA/MF12/MatrixAlgebra.lean:196:48: Unused tactic linter: `ring` does nothing
2026-09-15T22:39:35.2534902Z 
2026-09-15T22:39:35.2535149Z Note: This linter can be disabled with `set_option linter.unusedTactic false`
2026-09-15T22:39:35.2535416Z warning: NLA/MF12/MatrixAlgebra.lean:199:48: Unused tactic linter: `ring` does nothing
2026-09-15T22:39:35.2535422Z 
2026-09-15T22:39:35.2535661Z Note: This linter can be disabled with `set_option linter.unusedTactic false`
2026-09-15T22:39:35.2535928Z warning: NLA/MF12/MatrixAlgebra.lean:202:48: Unused tactic linter: `ring` does nothing
2026-09-15T22:39:35.2535943Z 
2026-09-15T22:39:35.2536175Z Note: This linter can be disabled with `set_option linter.unusedTactic false`
2026-09-15T22:39:35.2536453Z warning: NLA/MF12/MatrixAlgebra.lean:205:48: Unused tactic linter: `ring` does nothing
2026-09-15T22:39:35.2536459Z 
2026-09-15T22:39:35.2536708Z Note: This linter can be disabled with `set_option linter.unusedTactic false`
2026-09-15T22:39:35.2537006Z warning: NLA/MF12/MatrixAlgebra.lean:208:48: Unused tactic linter: `ring` does nothing
2026-09-15T22:39:35.2537011Z 
2026-09-15T22:39:35.2537246Z Note: This linter can be disabled with `set_option linter.unusedTactic false`
2026-09-15T22:39:35.2537532Z warning: NLA/MF12/MatrixAlgebra.lean:211:48: Unused tactic linter: `ring` does nothing
2026-09-15T22:39:35.2537537Z 
2026-09-15T22:39:35.2537777Z Note: This linter can be disabled with `set_option linter.unusedTactic false`
2026-09-15T22:39:35.2538150Z warning: NLA/MF12/MatrixAlgebra.lean:214:48: Unused tactic linter: `ring` does nothing
2026-09-15T22:39:35.2538158Z 
2026-09-15T22:39:35.2538394Z Note: This linter can be disabled with `set_option linter.unusedTactic false`
2026-09-15T22:39:35.2538759Z warning: NLA/MF12/MatrixAlgebra.lean:217:48: Unused tactic linter: `ring` does nothing
2026-09-15T22:39:35.2538765Z 
2026-09-15T22:39:35.2539001Z Note: This linter can be disabled with `set_option linter.unusedTactic false`
2026-09-15T22:39:35.2539274Z warning: NLA/MF12/MatrixAlgebra.lean:220:48: Unused tactic linter: `ring` does nothing
2026-09-15T22:39:35.2539279Z 
2026-09-15T22:39:35.2539516Z Note: This linter can be disabled with `set_option linter.unusedTactic false`
2026-09-15T22:39:35.2539802Z warning: NLA/MF12/MatrixAlgebra.lean:223:48: Unused tactic linter: `ring` does nothing
2026-09-15T22:39:35.2539807Z 
2026-09-15T22:39:35.2540048Z Note: This linter can be disabled with `set_option linter.unusedTactic false`
2026-09-15T22:39:35.2540352Z warning: NLA/MF12/MatrixAlgebra.lean:229:48: Unused tactic linter: `ring` does nothing
2026-09-15T22:39:35.2540358Z 
2026-09-15T22:39:35.2540605Z Note: This linter can be disabled with `set_option linter.unusedTactic false`
2026-09-15T22:39:35.2540908Z warning: NLA/MF12/MatrixAlgebra.lean:232:48: Unused tactic linter: `ring` does nothing
2026-09-15T22:39:35.2540913Z 
2026-09-15T22:39:35.2541163Z Note: This linter can be disabled with `set_option linter.unusedTactic false`
2026-09-15T22:39:35.2541452Z warning: NLA/MF12/MatrixAlgebra.lean:235:48: Unused tactic linter: `ring` does nothing
2026-09-15T22:39:35.2541458Z 
2026-09-15T22:39:35.2541707Z Note: This linter can be disabled with `set_option linter.unusedTactic false`
2026-09-15T22:39:35.2541986Z warning: NLA/MF12/MatrixAlgebra.lean:238:48: Unused tactic linter: `ring` does nothing
2026-09-15T22:39:35.2541992Z 
2026-09-15T22:39:35.2542310Z Note: This linter can be disabled with `set_option linter.unusedTactic false`
2026-09-15T22:39:35.2542607Z warning: NLA/MF12/MatrixAlgebra.lean:241:48: Unused tactic linter: `ring` does nothing
2026-09-15T22:39:35.2542613Z 
2026-09-15T22:39:35.2542881Z Note: This linter can be disabled with `set_option linter.unusedTactic false`
2026-09-15T22:39:35.2543157Z warning: NLA/MF12/MatrixAlgebra.lean:244:48: Unused tactic linter: `ring` does nothing
2026-09-15T22:39:35.2543163Z 
2026-09-15T22:39:35.2543414Z Note: This linter can be disabled with `set_option linter.unusedTactic false`
2026-09-15T22:39:35.2543706Z warning: NLA/MF12/MatrixAlgebra.lean:247:48: Unused tactic linter: `ring` does nothing
2026-09-15T22:39:35.2543712Z 
2026-09-15T22:39:35.2543956Z Note: This linter can be disabled with `set_option linter.unusedTactic false`
2026-09-15T22:39:35.2544233Z warning: NLA/MF12/MatrixAlgebra.lean:250:48: Unused tactic linter: `ring` does nothing
2026-09-15T22:39:35.2544238Z 
2026-09-15T22:39:35.2544472Z Note: This linter can be disabled with `set_option linter.unusedTactic false`
2026-09-15T22:39:35.2544740Z warning: NLA/MF12/MatrixAlgebra.lean:253:48: Unused tactic linter: `ring` does nothing
2026-09-15T22:39:35.2544746Z 
2026-09-15T22:39:35.2544972Z Note: This linter can be disabled with `set_option linter.unusedTactic false`
2026-09-15T22:39:35.2545250Z warning: NLA/MF12/MatrixAlgebra.lean:256:48: Unused tactic linter: `ring` does nothing
2026-09-15T22:39:35.2545255Z 
2026-09-15T22:39:35.2545497Z Note: This linter can be disabled with `set_option linter.unusedTactic false`
2026-09-15T22:39:35.2545782Z warning: NLA/MF12/MatrixAlgebra.lean:259:48: Unused tactic linter: `ring` does nothing
2026-09-15T22:39:35.2545788Z 
2026-09-15T22:39:35.2546032Z Note: This linter can be disabled with `set_option linter.unusedTactic false`
2026-09-15T22:39:35.2546325Z warning: NLA/MF12/MatrixAlgebra.lean:262:48: Unused tactic linter: `ring` does nothing
2026-09-15T22:39:35.2546338Z 
2026-09-15T22:39:35.2546582Z Note: This linter can be disabled with `set_option linter.unusedTactic false`
2026-09-15T22:39:35.2546879Z warning: NLA/MF12/MatrixAlgebra.lean:265:48: Unused tactic linter: `ring` does nothing
2026-09-15T22:39:35.2546885Z 
2026-09-15T22:39:35.2547123Z Note: This linter can be disabled with `set_option linter.unusedTactic false`
2026-09-15T22:39:35.2547426Z warning: NLA/MF12/MatrixAlgebra.lean:160:48: this tactic is never executed
2026-09-15T22:39:35.2547432Z 
2026-09-15T22:39:35.2547704Z Note: This linter can be disabled with `set_option linter.unreachableTactic false`
2026-09-15T22:39:35.2547926Z warning: NLA/MF12/MatrixAlgebra.lean:163:48: this tactic is never executed
2026-09-15T22:39:35.2547932Z 
2026-09-15T22:39:35.2548318Z Note: This linter can be disabled with `set_option linter.unreachableTactic false`
2026-09-15T22:39:35.2548571Z warning: NLA/MF12/MatrixAlgebra.lean:166:48: this tactic is never executed
2026-09-15T22:39:35.2548577Z 
2026-09-15T22:39:35.2548850Z Note: This linter can be disabled with `set_option linter.unreachableTactic false`
2026-09-15T22:39:35.2549082Z warning: NLA/MF12/MatrixAlgebra.lean:169:48: this tactic is never executed
2026-09-15T22:39:35.2549087Z 
2026-09-15T22:39:35.2549330Z Note: This linter can be disabled with `set_option linter.unreachableTactic false`
2026-09-15T22:39:35.2549572Z warning: NLA/MF12/MatrixAlgebra.lean:172:48: this tactic is never executed
2026-09-15T22:39:35.2549582Z 
2026-09-15T22:39:35.2549842Z Note: This linter can be disabled with `set_option linter.unreachableTactic false`
2026-09-15T22:39:35.2550077Z warning: NLA/MF12/MatrixAlgebra.lean:175:48: this tactic is never executed
2026-09-15T22:39:35.2550083Z 
2026-09-15T22:39:35.2550359Z Note: This linter can be disabled with `set_option linter.unreachableTactic false`
2026-09-15T22:39:35.2550605Z warning: NLA/MF12/MatrixAlgebra.lean:178:48: this tactic is never executed
2026-09-15T22:39:35.2550611Z 
2026-09-15T22:39:35.2550867Z Note: This linter can be disabled with `set_option linter.unreachableTactic false`
2026-09-15T22:39:35.2551203Z warning: NLA/MF12/MatrixAlgebra.lean:181:48: this tactic is never executed
2026-09-15T22:39:35.2551209Z 
2026-09-15T22:39:35.2551478Z Note: This linter can be disabled with `set_option linter.unreachableTactic false`
2026-09-15T22:39:35.2551730Z warning: NLA/MF12/MatrixAlgebra.lean:187:48: this tactic is never executed
2026-09-15T22:39:35.2551739Z 
2026-09-15T22:39:35.2552013Z Note: This linter can be disabled with `set_option linter.unreachableTactic false`
2026-09-15T22:39:35.2552244Z warning: NLA/MF12/MatrixAlgebra.lean:190:48: this tactic is never executed
2026-09-15T22:39:35.2552250Z 
2026-09-15T22:39:35.2552517Z Note: This linter can be disabled with `set_option linter.unreachableTactic false`
2026-09-15T22:39:35.2552752Z warning: NLA/MF12/MatrixAlgebra.lean:193:48: this tactic is never executed
2026-09-15T22:39:35.2552757Z 
2026-09-15T22:39:35.2553036Z Note: This linter can be disabled with `set_option linter.unreachableTactic false`
2026-09-15T22:39:35.2553282Z warning: NLA/MF12/MatrixAlgebra.lean:196:48: this tactic is never executed
2026-09-15T22:39:35.2553288Z 
2026-09-15T22:39:35.2553567Z Note: This linter can be disabled with `set_option linter.unreachableTactic false`
2026-09-15T22:39:35.2553810Z warning: NLA/MF12/MatrixAlgebra.lean:199:48: this tactic is never executed
2026-09-15T22:39:35.2553819Z 
2026-09-15T22:39:35.2554105Z Note: This linter can be disabled with `set_option linter.unreachableTactic false`
2026-09-15T22:39:35.2554358Z warning: NLA/MF12/MatrixAlgebra.lean:202:48: this tactic is never executed
2026-09-15T22:39:35.2554363Z 
2026-09-15T22:39:35.2554624Z Note: This linter can be disabled with `set_option linter.unreachableTactic false`
2026-09-15T22:39:35.2554855Z warning: NLA/MF12/MatrixAlgebra.lean:205:48: this tactic is never executed
2026-09-15T22:39:35.2554861Z 
2026-09-15T22:39:35.2555121Z Note: This linter can be disabled with `set_option linter.unreachableTactic false`
2026-09-15T22:39:35.2555352Z warning: NLA/MF12/MatrixAlgebra.lean:208:48: this tactic is never executed
2026-09-15T22:39:35.2555361Z 
2026-09-15T22:39:35.2555621Z Note: This linter can be disabled with `set_option linter.unreachableTactic false`
2026-09-15T22:39:35.2555836Z warning: NLA/MF12/MatrixAlgebra.lean:211:48: this tactic is never executed
2026-09-15T22:39:35.2555840Z 
2026-09-15T22:39:35.2556091Z Note: This linter can be disabled with `set_option linter.unreachableTactic false`
2026-09-15T22:39:35.2556419Z warning: NLA/MF12/MatrixAlgebra.lean:214:48: this tactic is never executed
2026-09-15T22:39:35.2556433Z 
2026-09-15T22:39:35.2556692Z Note: This linter can be disabled with `set_option linter.unreachableTactic false`
2026-09-15T22:39:35.2556931Z warning: NLA/MF12/MatrixAlgebra.lean:217:48: this tactic is never executed
2026-09-15T22:39:35.2556937Z 
2026-09-15T22:39:35.2557188Z Note: This linter can be disabled with `set_option linter.unreachableTactic false`
2026-09-15T22:39:35.2557437Z warning: NLA/MF12/MatrixAlgebra.lean:220:48: this tactic is never executed
2026-09-15T22:39:35.2557443Z 
2026-09-15T22:39:35.2557715Z Note: This linter can be disabled with `set_option linter.unreachableTactic false`
2026-09-15T22:39:35.2557960Z warning: NLA/MF12/MatrixAlgebra.lean:223:48: this tactic is never executed
2026-09-15T22:39:35.2557965Z 
2026-09-15T22:39:35.2558359Z Note: This linter can be disabled with `set_option linter.unreachableTactic false`
2026-09-15T22:39:35.2558607Z warning: NLA/MF12/MatrixAlgebra.lean:229:48: this tactic is never executed
2026-09-15T22:39:35.2558614Z 
2026-09-15T22:39:35.2558876Z Note: This linter can be disabled with `set_option linter.unreachableTactic false`
2026-09-15T22:39:35.2559119Z warning: NLA/MF12/MatrixAlgebra.lean:232:48: this tactic is never executed
2026-09-15T22:39:35.2559125Z 
2026-09-15T22:39:35.2559381Z Note: This linter can be disabled with `set_option linter.unreachableTactic false`
2026-09-15T22:39:35.2559628Z warning: NLA/MF12/MatrixAlgebra.lean:235:48: this tactic is never executed
2026-09-15T22:39:35.2559634Z 
2026-09-15T22:39:35.2559974Z Note: This linter can be disabled with `set_option linter.unreachableTactic false`
2026-09-15T22:39:35.2560216Z warning: NLA/MF12/MatrixAlgebra.lean:238:48: this tactic is never executed
2026-09-15T22:39:35.2560221Z 
2026-09-15T22:39:35.2560491Z Note: This linter can be disabled with `set_option linter.unreachableTactic false`
2026-09-15T22:39:35.2560727Z warning: NLA/MF12/MatrixAlgebra.lean:241:48: this tactic is never executed
2026-09-15T22:39:35.2560733Z 
2026-09-15T22:39:35.2561001Z Note: This linter can be disabled with `set_option linter.unreachableTactic false`
2026-09-15T22:39:35.2561226Z warning: NLA/MF12/MatrixAlgebra.lean:244:48: this tactic is never executed
2026-09-15T22:39:35.2561232Z 
2026-09-15T22:39:35.2561501Z Note: This linter can be disabled with `set_option linter.unreachableTactic false`
2026-09-15T22:39:35.2561741Z warning: NLA/MF12/MatrixAlgebra.lean:247:48: this tactic is never executed
2026-09-15T22:39:35.2561747Z 
2026-09-15T22:39:35.2562021Z Note: This linter can be disabled with `set_option linter.unreachableTactic false`
2026-09-15T22:39:35.2562254Z warning: NLA/MF12/MatrixAlgebra.lean:250:48: this tactic is never executed
2026-09-15T22:39:35.2562260Z 
2026-09-15T22:39:35.2562512Z Note: This linter can be disabled with `set_option linter.unreachableTactic false`
2026-09-15T22:39:35.2562763Z warning: NLA/MF12/MatrixAlgebra.lean:253:48: this tactic is never executed
2026-09-15T22:39:35.2562773Z 
2026-09-15T22:39:35.2563046Z Note: This linter can be disabled with `set_option linter.unreachableTactic false`
2026-09-15T22:39:35.2563278Z warning: NLA/MF12/MatrixAlgebra.lean:256:48: this tactic is never executed
2026-09-15T22:39:35.2563283Z 
2026-09-15T22:39:35.2563536Z Note: This linter can be disabled with `set_option linter.unreachableTactic false`
2026-09-15T22:39:35.2563769Z warning: NLA/MF12/MatrixAlgebra.lean:259:48: this tactic is never executed
2026-09-15T22:39:35.2563774Z 
2026-09-15T22:39:35.2564038Z Note: This linter can be disabled with `set_option linter.unreachableTactic false`
2026-09-15T22:39:35.2564275Z warning: NLA/MF12/MatrixAlgebra.lean:262:48: this tactic is never executed
2026-09-15T22:39:35.2564281Z 
2026-09-15T22:39:35.2564542Z Note: This linter can be disabled with `set_option linter.unreachableTactic false`
2026-09-15T22:39:35.2564769Z warning: NLA/MF12/MatrixAlgebra.lean:265:48: this tactic is never executed
2026-09-15T22:39:35.2564855Z 
2026-09-15T22:39:35.2565118Z Note: This linter can be disabled with `set_option linter.unreachableTactic false`
2026-09-15T22:39:35.2565469Z warning: NLA/MF12/MatrixAlgebra.lean:184:44: Used `tac1 <;> tac2` where `(tac1; tac2)` would suffice
2026-09-15T22:39:35.2565475Z 
2026-09-15T22:39:35.2565774Z Note: This linter can be disabled with `set_option linter.unnecessarySeqFocus false`
2026-09-15T22:39:35.2566108Z warning: NLA/MF12/MatrixAlgebra.lean:226:44: Used `tac1 <;> tac2` where `(tac1; tac2)` would suffice
2026-09-15T22:39:35.2566114Z 
2026-09-15T22:39:35.2566394Z Note: This linter can be disabled with `set_option linter.unnecessarySeqFocus false`
2026-09-15T22:39:35.2566830Z info: NLA/MF12/MatrixAlgebra.lean:325:0: 'NLA.MF12.fractional_projection' depends on axioms: [propext, Classical.choice, Quot.sound]
2026-09-15T22:39:35.2567248Z info: NLA/MF12/MatrixAlgebra.lean:326:0: 'NLA.MF12.jordan_two_power' depends on axioms: [propext, Classical.choice, Quot.sound]
2026-09-15T22:39:35.2567673Z info: NLA/MF12/MatrixAlgebra.lean:327:0: 'NLA.MF12.compressed_powers' depends on axioms: [propext, Classical.choice, Quot.sound]
2026-09-15T22:39:35.4746014Z ℹ [3104/3112] Built NLA.MF12.Words (2.9s)
2026-09-15T22:39:35.4749165Z info: NLA/MF12/Words.lean:140:0: 'NLA.MF12.family_growth_is_maximum' depends on axioms: [propext, Classical.choice, Quot.sound]
2026-09-15T22:39:35.4769428Z info: NLA/MF12/Words.lean:141:0: 'NLA.MF12.pair_word_norms' depends on axioms: [propext, Classical.choice, Quot.sound]
2026-09-15T22:39:38.1779623Z ✖ [3105/3112] Building NLA.MF12.PowerBounds (3.1s)
2026-09-15T22:39:38.1849010Z trace: .> LEAN_PATH=/home/runner/work/OpenProblemsInNLA/OpenProblemsInNLA/.lean-development/.lake/packages/Cli/.lake/build/lib/lean:/home/runner/work/OpenProblemsInNLA/OpenProblemsInNLA/.lean-development/.lake/packages/batteries/.lake/build/lib/lean:/home/runner/work/OpenProblemsInNLA/OpenProblemsInNLA/.lean-development/.lake/packages/Qq/.lake/build/lib/lean:/home/runner/work/OpenProblemsInNLA/OpenProblemsInNLA/.lean-development/.lake/packages/aesop/.lake/build/lib/lean:/home/runner/work/OpenProblemsInNLA/OpenProblemsInNLA/.lean-development/.lake/packages/proofwidgets/.lake/build/lib/lean:/home/runner/work/OpenProblemsInNLA/OpenProblemsInNLA/.lean-development/.lake/packages/importGraph/.lake/build/lib/lean:/home/runner/work/OpenProblemsInNLA/OpenProblemsInNLA/.lean-development/.lake/packages/LeanSearchClient/.lake/build/lib/lean:/home/runner/work/OpenProblemsInNLA/OpenProblemsInNLA/.lean-development/.lake/packages/plausible/.lake/build/lib/lean:/home/runner/work/OpenProblemsInNLA/OpenProblemsInNLA/.lean-development/.lake/packages/mathlib/.lake/build/lib/lean:/home/runner/work/OpenProblemsInNLA/OpenProblemsInNLA/.lean-development/.lake/packages/leancert/.lake/build/lib/lean:/home/runner/work/OpenProblemsInNLA/OpenProblemsInNLA/.lean-development/.lake/build/lib/lean /home/runner/.elan/toolchains/leanprover--lean4---v4.33.1/bin/lean /home/runner/work/OpenProblemsInNLA/OpenProblemsInNLA/.lean-development/NLA/MF12/PowerBounds.lean -o /home/runner/work/OpenProblemsInNLA/OpenProblemsInNLA/.lean-development/.lake/build/lib/lean/NLA/MF12/PowerBounds.olean -i /home/runner/work/OpenProblemsInNLA/OpenProblemsInNLA/.lean-development/.lake/build/lib/lean/NLA/MF12/PowerBounds.ilean -c /home/runner/work/OpenProblemsInNLA/OpenProblemsInNLA/.lean-development/.lake/build/ir/NLA/MF12/PowerBounds.c --setup /home/runner/work/OpenProblemsInNLA/OpenProblemsInNLA/.lean-development/.lake/build/ir/NLA/MF12/PowerBounds.setup.json --json
2026-09-15T22:39:38.1881098Z error: NLA/MF12/PowerBounds.lean:35:63: unsolved goals
2026-09-15T22:39:38.1921965Z case h
2026-09-15T22:39:38.1949296Z α : ℝ
2026-09-15T22:39:38.1989302Z hα : 0 < α
2026-09-15T22:39:38.2068867Z hα1 : α < 1
2026-09-15T22:39:38.2121573Z q : ℕ
2026-09-15T22:39:38.2178606Z r s : Fin 6
2026-09-15T22:39:38.2268755Z hH : 1 ≤ fractionalPowerBound α
2026-09-15T22:39:38.2328957Z hzero : |0| ≤ fractionalPowerBound α
2026-09-15T22:39:38.2368837Z hone : |1| ≤ fractionalPowerBound α
2026-09-15T22:39:38.2369957Z ⊢ ?m.65
2026-09-15T22:39:38.2398554Z 
2026-09-15T22:39:38.2428691Z α : ℝ
2026-09-15T22:39:38.2458694Z hα : 0 < α
2026-09-15T22:39:38.2459171Z hα1 : α < 1
2026-09-15T22:39:38.2488667Z q : ℕ
2026-09-15T22:39:38.2518628Z r s : Fin 6
2026-09-15T22:39:38.2519173Z hH : 1 ≤ fractionalPowerBound α
2026-09-15T22:39:38.2548725Z hzero : |0| ≤ fractionalPowerBound α
2026-09-15T22:39:38.2578809Z hone : |1| ≤ fractionalPowerBound α
2026-09-15T22:39:38.2607866Z h : ?m.65
2026-09-15T22:39:38.2608814Z ⊢ |(fractionalMatrix α ^ q) r s| ≤ fractionalPowerBound α
2026-09-15T22:39:38.2609724Z error: NLA/MF12/PowerBounds.lean:41:8: unexpected token 'λ'; expected command
2026-09-15T22:39:38.2610850Z error: NLA/MF12/PowerBounds.lean:128:21: #assert_trust: 'NLA.MF12.fractional_powers_entry_bound' depends on sorry or unrecognized axioms
2026-09-15T22:39:38.2611824Z   foundational: propext, Classical.choice, Quot.sound
2026-09-15T22:39:38.2612356Z   sorryAx: sorryAx
2026-09-15T22:39:38.2613252Z info: NLA/MF12/PowerBounds.lean:129:0: 'NLA.MF12.fractional_powers_entry_bound' depends on axioms: [propext, sorryAx, Classical.choice, Quot.sound]
2026-09-15T22:39:38.2614232Z error: Lean exited with code 1
2026-09-15T22:39:38.4757996Z ✖ [3106/3112] Building NLA.MF12.Gaps (3.0s)
2026-09-15T22:39:38.4806959Z trace: .> LEAN_PATH=/home/runner/work/OpenProblemsInNLA/OpenProblemsInNLA/.lean-development/.lake/packages/Cli/.lake/build/lib/lean:/home/runner/work/OpenProblemsInNLA/OpenProblemsInNLA/.lean-development/.lake/packages/batteries/.lake/build/lib/lean:/home/runner/work/OpenProblemsInNLA/OpenProblemsInNLA/.lean-development/.lake/packages/Qq/.lake/build/lib/lean:/home/runner/work/OpenProblemsInNLA/OpenProblemsInNLA/.lean-development/.lake/packages/aesop/.lake/build/lib/lean:/home/runner/work/OpenProblemsInNLA/OpenProblemsInNLA/.lean-development/.lake/packages/proofwidgets/.lake/build/lib/lean:/home/runner/work/OpenProblemsInNLA/OpenProblemsInNLA/.lean-development/.lake/packages/importGraph/.lake/build/lib/lean:/home/runner/work/OpenProblemsInNLA/OpenProblemsInNLA/.lean-development/.lake/packages/LeanSearchClient/.lake/build/lib/lean:/home/runner/work/OpenProblemsInNLA/OpenProblemsInNLA/.lean-development/.lake/packages/plausible/.lake/build/lib/lean:/home/runner/work/OpenProblemsInNLA/OpenProblemsInNLA/.lean-development/.lake/packages/mathlib/.lake/build/lib/lean:/home/runner/work/OpenProblemsInNLA/OpenProblemsInNLA/.lean-development/.lake/packages/leancert/.lake/build/lib/lean:/home/runner/work/OpenProblemsInNLA/OpenProblemsInNLA/.lean-development/.lake/build/lib/lean /home/runner/.elan/toolchains/leanprover--lean4---v4.33.1/bin/lean /home/runner/work/OpenProblemsInNLA/OpenProblemsInNLA/.lean-development/NLA/MF12/Gaps.lean -o /home/runner/work/OpenProblemsInNLA/OpenProblemsInNLA/.lean-development/.lake/build/lib/lean/NLA/MF12/Gaps.olean -i /home/runner/work/OpenProblemsInNLA/OpenProblemsInNLA/.lean-development/.lake/build/lib/lean/NLA/MF12/Gaps.ilean -c /home/runner/work/OpenProblemsInNLA/OpenProblemsInNLA/.lean-development/.lake/build/ir/NLA/MF12/Gaps.c --setup /home/runner/work/OpenProblemsInNLA/OpenProblemsInNLA/.lean-development/.lake/build/ir/NLA/MF12/Gaps.setup.json --json
2026-09-15T22:39:38.4822876Z error: NLA/MF12/Gaps.lean:105:6: Type mismatch: After simplification, term
2026-09-15T22:39:38.4881668Z   chosenRemainder_add_count n
2026-09-15T22:39:38.4908709Z  has type
2026-09-15T22:39:38.4916130Z   @Eq ℕ (chosenCount n * (1 + chosenGap n) + chosenRemainder n) n
2026-09-15T22:39:38.4919127Z but is expected to have type
2026-09-15T22:39:38.4919956Z   @Eq ℕ (↑(chosenCount n) * (1 + chosenGap n) + chosenRemainder n) n
2026-09-15T22:39:38.4920988Z error: NLA/MF12/Gaps.lean:115:21: #assert_trust: 'NLA.MF12.lower_word_exact' depends on sorry or unrecognized axioms
2026-09-15T22:39:38.4921877Z   foundational: propext, Classical.choice, Quot.sound
2026-09-15T22:39:38.4922381Z   sorryAx: sorryAx
2026-09-15T22:39:38.4923051Z info: NLA/MF12/Gaps.lean:116:0: 'NLA.MF12.gap_decomposition' depends on axioms: [propext, Quot.sound]
2026-09-15T22:39:38.4924551Z info: NLA/MF12/Gaps.lean:117:0: 'NLA.MF12.reset_product_factorization' depends on axioms: [propext, Classical.choice, Quot.sound]
2026-09-15T22:39:38.4925799Z info: NLA/MF12/Gaps.lean:118:0: 'NLA.MF12.lower_word_exact' depends on axioms: [propext, sorryAx, Classical.choice, Quot.sound]
2026-09-15T22:39:38.4926639Z error: Lean exited with code 1
2026-09-15T22:39:38.8771298Z ℹ [3108/3112] Built NLA.MF12.Budgets (3.4s)
2026-09-15T22:39:38.8799584Z info: NLA/MF12/Budgets.lean:108:0: 'NLA.MF12.telescoping_budget' depends on axioms: [propext, Classical.choice, Quot.sound]
2026-09-15T22:39:38.8813150Z info: NLA/MF12/Budgets.lean:109:0: 'NLA.MF12.compressed_product_formula' depends on axioms: [propext, Classical.choice, Quot.sound]
2026-09-15T22:39:39.3777694Z ✖ [3109/3112] Building NLA.MF12.JordanEntries (3.9s)
2026-09-15T22:39:39.3786579Z trace: .> LEAN_PATH=/home/runner/work/OpenProblemsInNLA/OpenProblemsInNLA/.lean-development/.lake/packages/Cli/.lake/build/lib/lean:/home/runner/work/OpenProblemsInNLA/OpenProblemsInNLA/.lean-development/.lake/packages/batteries/.lake/build/lib/lean:/home/runner/work/OpenProblemsInNLA/OpenProblemsInNLA/.lean-development/.lake/packages/Qq/.lake/build/lib/lean:/home/runner/work/OpenProblemsInNLA/OpenProblemsInNLA/.lean-development/.lake/packages/aesop/.lake/build/lib/lean:/home/runner/work/OpenProblemsInNLA/OpenProblemsInNLA/.lean-development/.lake/packages/proofwidgets/.lake/build/lib/lean:/home/runner/work/OpenProblemsInNLA/OpenProblemsInNLA/.lean-development/.lake/packages/importGraph/.lake/build/lib/lean:/home/runner/work/OpenProblemsInNLA/OpenProblemsInNLA/.lean-development/.lake/packages/LeanSearchClient/.lake/build/lib/lean:/home/runner/work/OpenProblemsInNLA/OpenProblemsInNLA/.lean-development/.lake/packages/plausible/.lake/build/lib/lean:/home/runner/work/OpenProblemsInNLA/OpenProblemsInNLA/.lean-development/.lake/packages/mathlib/.lake/build/lib/lean:/home/runner/work/OpenProblemsInNLA/OpenProblemsInNLA/.lean-development/.lake/packages/leancert/.lake/build/lib/lean:/home/runner/work/OpenProblemsInNLA/OpenProblemsInNLA/.lean-development/.lake/build/lib/lean /home/runner/.elan/toolchains/leanprover--lean4---v4.33.1/bin/lean /home/runner/work/OpenProblemsInNLA/OpenProblemsInNLA/.lean-development/NLA/MF12/JordanEntries.lean -o /home/runner/work/OpenProblemsInNLA/OpenProblemsInNLA/.lean-development/.lake/build/lib/lean/NLA/MF12/JordanEntries.olean -i /home/runner/work/OpenProblemsInNLA/OpenProblemsInNLA/.lean-development/.lake/build/lib/lean/NLA/MF12/JordanEntries.ilean -c /home/runner/work/OpenProblemsInNLA/OpenProblemsInNLA/.lean-development/.lake/build/ir/NLA/MF12/JordanEntries.c --setup /home/runner/work/OpenProblemsInNLA/OpenProblemsInNLA/.lean-development/.lake/build/ir/NLA/MF12/JordanEntries.setup.json --json
2026-09-15T22:39:39.3795628Z error: NLA/MF12/JordanEntries.lean:83:10: unsolved goals
2026-09-15T22:39:39.3796088Z case pos
2026-09-15T22:39:39.3796975Z m n : ℕ
2026-09-15T22:39:39.3797657Z ih : ∀ (r s : Fin (m + 1)), (jordanMatrix m ^ n) r s = if ↑r ≤ ↑s then ↑(n.choose (↑s - ↑r)) else 0
2026-09-15T22:39:39.3798308Z r s : Fin (m + 1)
2026-09-15T22:39:39.3798609Z hs0 : ¬↑s = 0
2026-09-15T22:39:39.3798881Z hs : 0 < ↑s
2026-09-15T22:39:39.3799195Z j : Fin (m + 1) := ⟨↑s - 1, ⋯⟩
2026-09-15T22:39:39.3799654Z hmul : (jordanMatrix m ^ n * upperShift (m + 1)) r s = (jordanMatrix m ^ n) r j
2026-09-15T22:39:39.3800151Z hrs : ¬↑r < ↑s
2026-09-15T22:39:39.3800420Z heq : ↑r = ↑s
2026-09-15T22:39:39.3800694Z hrj : ¬↑r ≤ ↑j
2026-09-15T22:39:39.3801045Z ⊢ s ≤ j → n.choose (↑j - ↑s) = 0
2026-09-15T22:39:39.3801504Z warning: NLA/MF12/JordanEntries.lean:84:23: This simp argument is unused:
2026-09-15T22:39:39.3801969Z   hrj
2026-09-15T22:39:39.3802100Z 
2026-09-15T22:39:39.3802276Z Hint: Omit it from the simp argument list.
2026-09-15T22:39:39.3802635Z   [apply] simp [heq]
2026-09-15T22:39:39.3802792Z 
2026-09-15T22:39:39.3803082Z Note: This linter can be disabled with `set_option linter.unusedSimpArgs false`
2026-09-15T22:39:39.3803767Z warning: NLA/MF12/JordanEntries.lean:95:2: Try `simp at he` instead of `simpa using he`
2026-09-15T22:39:39.3804465Z 
2026-09-15T22:39:39.3804745Z Note: This linter can be disabled with `set_option linter.unnecessarySimpa false`
2026-09-15T22:39:39.3805379Z warning: NLA/MF12/JordanEntries.lean:113:6: try 'simp' instead of 'simpa'
2026-09-15T22:39:39.3805742Z 
2026-09-15T22:39:39.3806015Z Note: This linter can be disabled with `set_option linter.unnecessarySimpa false`
2026-09-15T22:39:39.3806721Z warning: NLA/MF12/JordanEntries.lean:118:47: Variable name `hn` is not explicitly referenced.
2026-09-15T22:39:39.3807169Z 
2026-09-15T22:39:39.3807696Z Hint: The binding can be removed (if unused) or named `_` (if used implicitly). Alternatively, prefix the name with `_` to silence this warning:
2026-09-15T22:39:39.3808520Z   [apply] _hn
2026-09-15T22:39:39.3808686Z 
2026-09-15T22:39:39.3808952Z Note: This linter can be disabled with `set_option linter.unusedVariables false`
2026-09-15T22:39:39.3809773Z error: NLA/MF12/JordanEntries.lean:122:21: #assert_trust: 'NLA.MF12.jordan_entries' depends on sorry or unrecognized axioms
2026-09-15T22:39:39.3810515Z   foundational: propext, Classical.choice, Quot.sound
2026-09-15T22:39:39.3810900Z   sorryAx: sorryAx
2026-09-15T22:39:39.3811531Z info: NLA/MF12/JordanEntries.lean:124:0: 'NLA.MF12.jordan_entries' depends on axioms: [propext, sorryAx, Classical.choice, Quot.sound]
2026-09-15T22:39:39.3812608Z info: NLA/MF12/JordanEntries.lean:125:0: 'NLA.MF12.integer_family_growth' depends on axioms: [propext, Classical.choice, Quot.sound]
2026-09-15T22:39:39.3813310Z error: Lean exited with code 1
2026-09-15T22:39:40.6802538Z ℹ [3110/3112] Built NLA.MF12.Tensor (2.4s)
2026-09-15T22:39:40.6805204Z info: NLA/MF12/Tensor.lean:102:0: 'NLA.MF12.tensor_norm_comparison' depends on axioms: [propext, Classical.choice, Quot.sound]
2026-09-15T22:39:40.6829549Z info: NLA/MF12/Tensor.lean:103:0: 'NLA.MF12.tensor_word_identity' depends on axioms: [propext, Classical.choice, Quot.sound]
2026-09-15T22:39:40.9821043Z ℹ [3111/3112] Built NLA.MF12.HolderBound (2.2s)
2026-09-15T22:39:40.9821997Z info: NLA/MF12/HolderBound.lean:104:0: 'NLA.MF12.compressed_product_bound' depends on axioms: [propext, Classical.choice, Quot.sound]
2026-09-15T22:39:41.0786937Z Some required targets logged failures:
2026-09-15T22:39:41.0787249Z - NLA.MF12.RootLimit
2026-09-15T22:39:41.0787472Z - NLA.MF12.PowerBounds
2026-09-15T22:39:41.0787678Z - NLA.MF12.Gaps
2026-09-15T22:39:41.0787873Z - NLA.MF12.JordanEntries
2026-09-15T22:39:41.0792401Z error: build failed
2026-09-15T22:39:41.1178894Z RUN ['lake', 'env', 'lean', 'Challenges/MF12.lean']
2026-09-15T22:39:43.2039008Z Challenges/MF12.lean:16:8: warning: declaration uses `sorry`
2026-09-15T22:39:43.2039653Z Challenges/MF12.lean:24:8: warning: declaration uses `sorry`
2026-09-15T22:39:43.2040164Z Challenges/MF12.lean:28:8: warning: declaration uses `sorry`
2026-09-15T22:39:43.2040632Z Challenges/MF12.lean:34:8: warning: declaration uses `sorry`
2026-09-15T22:39:43.2040964Z Challenges/MF12.lean:40:8: warning: declaration uses `sorry`
2026-09-15T22:39:43.2041305Z Challenges/MF12.lean:45:8: warning: declaration uses `sorry`
2026-09-15T22:39:43.2041650Z Challenges/MF12.lean:50:8: warning: declaration uses `sorry`
2026-09-15T22:39:43.2042003Z Challenges/MF12.lean:54:8: warning: declaration uses `sorry`
2026-09-15T22:39:43.2042330Z Challenges/MF12.lean:57:8: warning: declaration uses `sorry`
2026-09-15T22:39:43.2042661Z Challenges/MF12.lean:60:8: warning: declaration uses `sorry`
2026-09-15T22:39:43.2042988Z Challenges/MF12.lean:65:8: warning: declaration uses `sorry`
2026-09-15T22:39:43.2043320Z Challenges/MF12.lean:71:8: warning: declaration uses `sorry`
2026-09-15T22:39:43.2043658Z Challenges/MF12.lean:74:8: warning: declaration uses `sorry`
2026-09-15T22:39:43.2043988Z Challenges/MF12.lean:79:8: warning: declaration uses `sorry`
2026-09-15T22:39:43.2044320Z Challenges/MF12.lean:83:8: warning: declaration uses `sorry`
2026-09-15T22:39:43.2044695Z Challenges/MF12.lean:87:8: warning: declaration uses `sorry`
2026-09-15T22:39:43.2045349Z Challenges/MF12.lean:92:8: warning: declaration uses `sorry`
2026-09-15T22:39:43.2045693Z Challenges/MF12.lean:97:8: warning: declaration uses `sorry`
2026-09-15T22:39:43.2046042Z Challenges/MF12.lean:104:8: warning: declaration uses `sorry`
2026-09-15T22:39:43.2046397Z Challenges/MF12.lean:108:8: warning: declaration uses `sorry`
2026-09-15T22:39:43.2046762Z Challenges/MF12.lean:115:8: warning: declaration uses `sorry`
2026-09-15T22:39:43.2047112Z Challenges/MF12.lean:120:8: warning: declaration uses `sorry`
2026-09-15T22:39:43.2047455Z Challenges/MF12.lean:127:8: warning: declaration uses `sorry`
2026-09-15T22:39:43.2047806Z Challenges/MF12.lean:133:8: warning: declaration uses `sorry`
2026-09-15T22:39:43.2048289Z Challenges/MF12.lean:137:8: warning: declaration uses `sorry`
2026-09-15T22:39:43.2048634Z Challenges/MF12.lean:143:8: warning: declaration uses `sorry`
2026-09-15T22:39:43.2048973Z Challenges/MF12.lean:146:8: warning: declaration uses `sorry`
2026-09-15T22:39:43.2049316Z Challenges/MF12.lean:155:8: warning: declaration uses `sorry`
2026-09-15T22:39:43.3593219Z Traceback (most recent call last):
2026-09-15T22:39:43.3594047Z   File "/home/runner/work/OpenProblemsInNLA/OpenProblemsInNLA/.lean-development/check.py", line 76, in <module>
2026-09-15T22:39:43.3594594Z     raise RuntimeError("Development checks failed: " + "; ".join(failures))
2026-09-15T22:39:43.3596082Z RuntimeError: Development checks failed: command failed (1): ['lake', 'build', 'NLA.MF12.Words', 'NLA.MF12.Parameters', 'NLA.MF12.Norms', 'NLA.MF12.Tensor', 'NLA.MF12.MatrixAlgebra', 'NLA.MF12.Budgets', 'NLA.MF12.HolderBound', 'NLA.MF12.RootLimit', 'NLA.MF12.Gaps', 'NLA.MF12.PowerBounds', 'NLA.MF12.Upper', 'NLA.MF12.JordanEntries', 'NLA.MF12.GapBounds']
2026-09-15T22:39:43.3737167Z ##[error]Process completed with exit code 1.
2026-09-15T22:39:43.3793146Z Node 20 is being deprecated. This workflow is running with Node 24 by default. If you need to temporarily use Node 20, you can set the ACTIONS_ALLOW_USE_UNSECURE_NODE_VERSION=true environment variable. For more information see: https://github.blog/changelog/2025-09-19-deprecation-of-node-20-on-github-actions-runners/
2026-09-15T22:39:43.3794518Z ##[group]Run actions/upload-artifact@ea165f8d65b6e75b540449e92b4886f43607fa02
2026-09-15T22:39:43.3794842Z with:
2026-09-15T22:39:43.3795053Z   name: lean-development-statements
2026-09-15T22:39:43.3795309Z   path: .lean-development/evidence/
2026-09-15T22:39:43.3795554Z   if-no-files-found: error
2026-09-15T22:39:43.3795781Z   compression-level: 6
2026-09-15T22:39:43.3795988Z   overwrite: false
2026-09-15T22:39:43.3796193Z   include-hidden-files: false
2026-09-15T22:39:43.3796408Z ##[endgroup]
2026-09-15T22:39:43.6166673Z (node:4519) [DEP0040] DeprecationWarning: The `punycode` module is deprecated. Please use a userland alternative instead.
2026-09-15T22:39:43.6167320Z (Use `node --trace-deprecation ...` to show where the warning was created)
2026-09-15T22:39:43.6230009Z With the provided path, there will be 10 files uploaded
2026-09-15T22:39:43.6231509Z Artifact name is valid!
2026-09-15T22:39:43.6232138Z Root directory input is valid!
2026-09-15T22:39:43.8841306Z Beginning upload of artifact content to blob storage
2026-09-15T22:39:43.9151239Z (node:4519) [DEP0169] DeprecationWarning: `url.parse()` behavior is not standardized and prone to errors that have security implications. Use the WHATWG URL API instead. CVEs are not issued for `url.parse()` vulnerabilities.
2026-09-15T22:39:44.1009165Z Uploaded bytes 20733
2026-09-15T22:39:44.1436479Z Finished uploading artifact content to blob storage!
2026-09-15T22:39:44.1437287Z SHA256 digest of uploaded artifact zip is 592e5315a1d4af6b012ee7216a5214a128c4f21aceecec27614b9aba2e6c27a9
2026-09-15T22:39:44.1439113Z Finalizing artifact upload
2026-09-15T22:39:44.3302735Z Artifact lean-development-statements.zip successfully finalized. Artifact ID 10421054240
2026-09-15T22:39:44.3303726Z Artifact lean-development-statements has been successfully uploaded! Final size is 20733 bytes. Artifact ID is 10421054240
2026-09-15T22:39:44.3309041Z Artifact download URL: https://github.com/sgstepaniants/OpenProblemsInNLA/actions/runs/35031607095/artifacts/10421054240
2026-09-15T22:39:44.3485403Z Node 20 is being deprecated. This workflow is running with Node 24 by default. If you need to temporarily use Node 20, you can set the ACTIONS_ALLOW_USE_UNSECURE_NODE_VERSION=true environment variable. For more information see: https://github.blog/changelog/2025-09-19-deprecation-of-node-20-on-github-actions-runners/
2026-09-15T22:39:44.3486467Z Post job cleanup.
2026-09-15T22:39:44.4248586Z [command]/usr/bin/git version
2026-09-15T22:39:44.4292388Z git version 2.55.0
2026-09-15T22:39:44.4327505Z Temporarily overriding HOME='/home/runner/work/_temp/bb4fa939-20f2-4a78-ad71-eb07ae60f0c5' before making global git config changes
2026-09-15T22:39:44.4328572Z Adding repository directory to the temporary git global config as a safe directory
2026-09-15T22:39:44.4333146Z [command]/usr/bin/git config --global --add safe.directory /home/runner/work/OpenProblemsInNLA/OpenProblemsInNLA
2026-09-15T22:39:44.4366918Z [command]/usr/bin/git config --local --name-only --get-regexp core\.sshCommand
2026-09-15T22:39:44.4395803Z [command]/usr/bin/git submodule foreach --recursive sh -c "git config --local --name-only --get-regexp 'core\.sshCommand' && git config --local --unset-all 'core.sshCommand' || :"
2026-09-15T22:39:44.4676742Z [command]/usr/bin/git config --local --name-only --get-regexp http\.https\:\/\/github\.com\/\.extraheader
2026-09-15T22:39:44.4704520Z [command]/usr/bin/git submodule foreach --recursive sh -c "git config --local --name-only --get-regexp 'http\.https\:\/\/github\.com\/\.extraheader' && git config --local --unset-all 'http.https://github.com/.extraheader' || :"
2026-09-15T22:39:44.4924697Z [command]/usr/bin/git config --local --name-only --get-regexp ^includeIf\.gitdir:
2026-09-15T22:39:44.4961544Z [command]/usr/bin/git submodule foreach --recursive git config --local --show-origin --name-only --get-regexp remote.origin.url
2026-09-15T22:39:44.5296810Z Cleaning up orphan processes
2026-09-15T22:39:44.5537039Z ##[warning]Node.js 20 is deprecated. The following actions target Node.js 20 but are being forced to run on Node.js 24: actions/checkout@11d5960a326750d5838078e36cf38b85af677262, actions/upload-artifact@ea165f8d65b6e75b540449e92b4886f43607fa02. For more information see: https://github.blog/changelog/2025-09-19-deprecation-of-node-20-on-github-actions-runners/
