2026-09-15T22:53:55.1446371Z Current runner version: '2.337.0'
2026-09-15T22:53:55.1473175Z ##[group]Runner Image Provisioner
2026-09-15T22:53:55.1474482Z Hosted Compute Agent
2026-09-15T22:53:55.1475100Z Version: 20260828.587
2026-09-15T22:53:55.1475783Z Commit: abac92662cab4cc7352de4f9f9d2e2419aad9c29
2026-09-15T22:53:55.1476596Z Build Date: 2026-08-28T16:44:25Z
2026-09-15T22:53:55.1477280Z Worker ID: {23e71abc-105b-465c-84f3-1c49b775e3c1}
2026-09-15T22:53:55.1478078Z Azure Region: eastus
2026-09-15T22:53:55.1478686Z ##[endgroup]
2026-09-15T22:53:55.1480717Z ##[group]Operating System
2026-09-15T22:53:55.1481416Z Ubuntu
2026-09-15T22:53:55.1481941Z 24.04.5
2026-09-15T22:53:55.1482503Z LTS
2026-09-15T22:53:55.1483011Z ##[endgroup]
2026-09-15T22:53:55.1483804Z ##[group]Runner Image
2026-09-15T22:53:55.1484469Z Image: ubuntu-24.04
2026-09-15T22:53:55.1485039Z Version: 20260907.300.1
2026-09-15T22:53:55.1486412Z Included Software: https://github.com/actions/runner-images/blob/ubuntu24/20260907.300/images/ubuntu/Ubuntu2404-Readme.md
2026-09-15T22:53:55.1488148Z Image Release: https://github.com/actions/runner-images/releases/tag/ubuntu24%2F20260907.300
2026-09-15T22:53:55.1489201Z ##[endgroup]
2026-09-15T22:53:55.1490375Z ##[group]GITHUB_TOKEN Permissions
2026-09-15T22:53:55.1492517Z Contents: read
2026-09-15T22:53:55.1493286Z Metadata: read
2026-09-15T22:53:55.1494085Z ##[endgroup]
2026-09-15T22:53:55.1496273Z Secret source: Actions
2026-09-15T22:53:55.1497385Z Cache mode: write
2026-09-15T22:53:55.1498336Z Prepare workflow directory
2026-09-15T22:53:55.1835893Z Prepare all required actions
2026-09-15T22:53:55.1883562Z Getting action download info
2026-09-15T22:53:55.4248367Z Download action repository 'actions/checkout@11d5960a326750d5838078e36cf38b85af677262' (SHA:11d5960a326750d5838078e36cf38b85af677262)
2026-09-15T22:53:55.5457614Z Download action repository 'actions/setup-go@924ae3a1cded613372ab5595356fb5720e22ba16' (SHA:924ae3a1cded613372ab5595356fb5720e22ba16)
2026-09-15T22:53:55.7298025Z Download action repository 'leanprover/lean-action@96e06131c0e9943c780388fd166f55d1e2fa0433' (SHA:96e06131c0e9943c780388fd166f55d1e2fa0433)
2026-09-15T22:53:55.8280811Z Download action repository 'actions/upload-artifact@ea165f8d65b6e75b540449e92b4886f43607fa02' (SHA:ea165f8d65b6e75b540449e92b4886f43607fa02)
2026-09-15T22:53:56.0587672Z Getting action download info
2026-09-15T22:53:56.1546050Z Download action repository 'actions/cache@v5' (SHA:caa296126883cff596d87d8935842f9db880ef25)
2026-09-15T22:53:56.3085657Z Complete job name: verify (MF-24, matrix-functions-and-stability/MF-24/lean)
2026-09-15T22:53:56.3930712Z Node 20 is being deprecated. This workflow is running with Node 24 by default. If you need to temporarily use Node 20, you can set the ACTIONS_ALLOW_USE_UNSECURE_NODE_VERSION=true environment variable. For more information see: https://github.blog/changelog/2025-09-19-deprecation-of-node-20-on-github-actions-runners/
2026-09-15T22:53:56.3940037Z ##[group]Run actions/checkout@11d5960a326750d5838078e36cf38b85af677262
2026-09-15T22:53:56.3940968Z with:
2026-09-15T22:53:56.3941427Z   persist-credentials: false
2026-09-15T22:53:56.3941979Z   repository: sgstepaniants/OpenProblemsInNLA
2026-09-15T22:53:56.3946337Z   token: ***
2026-09-15T22:53:56.3946779Z   ssh-strict: true
2026-09-15T22:53:56.3947218Z   ssh-user: git
2026-09-15T22:53:56.3947633Z   clean: true
2026-09-15T22:53:56.3948067Z   sparse-checkout-cone-mode: true
2026-09-15T22:53:56.3948578Z   fetch-depth: 1
2026-09-15T22:53:56.3948997Z   fetch-tags: false
2026-09-15T22:53:56.3949429Z   show-progress: true
2026-09-15T22:53:56.3949903Z   lfs: false
2026-09-15T22:53:56.3950307Z   submodules: false
2026-09-15T22:53:56.3950745Z   set-safe-directory: true
2026-09-15T22:53:56.3951236Z   allow-unsafe-pr-checkout: false
2026-09-15T22:53:56.3952003Z ##[endgroup]
2026-09-15T22:53:56.4986213Z Syncing repository: sgstepaniants/OpenProblemsInNLA
2026-09-15T22:53:56.4988219Z ##[group]Getting Git version info
2026-09-15T22:53:56.4989072Z Working directory is '/home/runner/work/OpenProblemsInNLA/OpenProblemsInNLA'
2026-09-15T22:53:56.4990777Z [command]/usr/bin/git version
2026-09-15T22:53:56.5061175Z git version 2.55.0
2026-09-15T22:53:56.5124138Z ##[endgroup]
2026-09-15T22:53:56.5145643Z Temporarily overriding HOME='/home/runner/work/_temp/5f1f5fbf-0e93-4d72-be56-a92fcb94e438' before making global git config changes
2026-09-15T22:53:56.5148100Z Adding repository directory to the temporary git global config as a safe directory
2026-09-15T22:53:56.5152222Z [command]/usr/bin/git config --global --add safe.directory /home/runner/work/OpenProblemsInNLA/OpenProblemsInNLA
2026-09-15T22:53:56.5211704Z Deleting the contents of '/home/runner/work/OpenProblemsInNLA/OpenProblemsInNLA'
2026-09-15T22:53:56.5216976Z ##[group]Initializing the repository
2026-09-15T22:53:56.5220668Z [command]/usr/bin/git init /home/runner/work/OpenProblemsInNLA/OpenProblemsInNLA
2026-09-15T22:53:56.5348029Z hint: Using 'master' as the name for the initial branch. This default branch name
2026-09-15T22:53:56.5349852Z hint: will change to "main" in Git 3.0. To configure the initial branch name
2026-09-15T22:53:56.5351516Z hint: to use in all of your new repositories, which will suppress this warning,
2026-09-15T22:53:56.5353342Z hint: call:
2026-09-15T22:53:56.5354591Z hint:
2026-09-15T22:53:56.5355672Z hint: 	git config --global init.defaultBranch <name>
2026-09-15T22:53:56.5358259Z hint:
2026-09-15T22:53:56.5359438Z hint: Names commonly chosen instead of 'master' are 'main', 'trunk' and
2026-09-15T22:53:56.5361184Z hint: 'development'. The just-created branch can be renamed via this command:
2026-09-15T22:53:56.5363383Z hint:
2026-09-15T22:53:56.5364644Z hint: 	git branch -m <name>
2026-09-15T22:53:56.5365612Z hint:
2026-09-15T22:53:56.5366834Z hint: Disable this message with "git config set advice.defaultBranchName false"
2026-09-15T22:53:56.5369060Z Initialized empty Git repository in /home/runner/work/OpenProblemsInNLA/OpenProblemsInNLA/.git/
2026-09-15T22:53:56.5373007Z [command]/usr/bin/git remote add origin https://github.com/sgstepaniants/OpenProblemsInNLA
2026-09-15T22:53:56.5418120Z ##[endgroup]
2026-09-15T22:53:56.5419618Z ##[group]Disabling automatic garbage collection
2026-09-15T22:53:56.5423013Z [command]/usr/bin/git config --local gc.auto 0
2026-09-15T22:53:56.5466761Z ##[endgroup]
2026-09-15T22:53:56.5468397Z ##[group]Setting up auth
2026-09-15T22:53:56.5476459Z [command]/usr/bin/git config --local --name-only --get-regexp core\.sshCommand
2026-09-15T22:53:56.5514546Z [command]/usr/bin/git submodule foreach --recursive sh -c "git config --local --name-only --get-regexp 'core\.sshCommand' && git config --local --unset-all 'core.sshCommand' || :"
2026-09-15T22:53:56.5911710Z [command]/usr/bin/git config --local --name-only --get-regexp http\.https\:\/\/github\.com\/\.extraheader
2026-09-15T22:53:56.5951631Z [command]/usr/bin/git submodule foreach --recursive sh -c "git config --local --name-only --get-regexp 'http\.https\:\/\/github\.com\/\.extraheader' && git config --local --unset-all 'http.https://github.com/.extraheader' || :"
2026-09-15T22:53:56.6177668Z [command]/usr/bin/git config --local --name-only --get-regexp ^includeIf\.gitdir:
2026-09-15T22:53:56.6216644Z [command]/usr/bin/git submodule foreach --recursive git config --local --show-origin --name-only --get-regexp remote.origin.url
2026-09-15T22:53:56.6439984Z [command]/usr/bin/git config --local http.https://github.com/.extraheader AUTHORIZATION: basic ***
2026-09-15T22:53:56.6478934Z ##[endgroup]
2026-09-15T22:53:56.6480191Z ##[group]Fetching the repository
2026-09-15T22:53:56.6489756Z [command]/usr/bin/git -c protocol.version=2 fetch --no-tags --prune --no-recurse-submodules --depth=1 origin +208e30d80f73ef661b1f019c7de93c70254f7e48:refs/remotes/origin/codex/lean-mf24-verification
2026-09-15T22:54:01.5510812Z From https://github.com/sgstepaniants/OpenProblemsInNLA
2026-09-15T22:54:01.5512314Z  * [new ref]           208e30d80f73ef661b1f019c7de93c70254f7e48 -> origin/codex/lean-mf24-verification
2026-09-15T22:54:01.5515926Z ##[endgroup]
2026-09-15T22:54:01.5516570Z ##[group]Determining the checkout info
2026-09-15T22:54:01.5518972Z ##[endgroup]
2026-09-15T22:54:01.5526974Z [command]/usr/bin/git sparse-checkout disable
2026-09-15T22:54:01.5597014Z [command]/usr/bin/git config --local --unset-all extensions.worktreeConfig
2026-09-15T22:54:01.5629372Z ##[group]Checking out the ref
2026-09-15T22:54:01.5634292Z [command]/usr/bin/git checkout --progress --force -B codex/lean-mf24-verification refs/remotes/origin/codex/lean-mf24-verification
2026-09-15T22:54:02.6018783Z Updating files:  51% (13720/26568)
2026-09-15T22:54:02.6176725Z Updating files:  52% (13816/26568)
2026-09-15T22:54:02.6339610Z Updating files:  53% (14082/26568)
2026-09-15T22:54:02.6485698Z Updating files:  54% (14347/26568)
2026-09-15T22:54:02.6630916Z Updating files:  55% (14613/26568)
2026-09-15T22:54:02.6774861Z Updating files:  56% (14879/26568)
2026-09-15T22:54:02.6915669Z Updating files:  57% (15144/26568)
2026-09-15T22:54:02.7073418Z Updating files:  58% (15410/26568)
2026-09-15T22:54:02.7253330Z Updating files:  59% (15676/26568)
2026-09-15T22:54:02.7400072Z Updating files:  60% (15941/26568)
2026-09-15T22:54:02.7547170Z Updating files:  61% (16207/26568)
2026-09-15T22:54:02.7729348Z Updating files:  62% (16473/26568)
2026-09-15T22:54:02.7857792Z Updating files:  63% (16738/26568)
2026-09-15T22:54:02.8034729Z Updating files:  64% (17004/26568)
2026-09-15T22:54:02.8156257Z Updating files:  65% (17270/26568)
2026-09-15T22:54:02.8333422Z Updating files:  66% (17535/26568)
2026-09-15T22:54:02.8482569Z Updating files:  67% (17801/26568)
2026-09-15T22:54:02.8699710Z Updating files:  68% (18067/26568)
2026-09-15T22:54:02.8876126Z Updating files:  69% (18332/26568)
2026-09-15T22:54:02.9060734Z Updating files:  70% (18598/26568)
2026-09-15T22:54:02.9259638Z Updating files:  71% (18864/26568)
2026-09-15T22:54:02.9454489Z Updating files:  72% (19129/26568)
2026-09-15T22:54:02.9599178Z Updating files:  73% (19395/26568)
2026-09-15T22:54:02.9758651Z Updating files:  74% (19661/26568)
2026-09-15T22:54:02.9935767Z Updating files:  75% (19926/26568)
2026-09-15T22:54:03.0280950Z Updating files:  76% (20192/26568)
2026-09-15T22:54:03.0439668Z Updating files:  77% (20458/26568)
2026-09-15T22:54:03.0662199Z Updating files:  78% (20724/26568)
2026-09-15T22:54:03.0951132Z Updating files:  79% (20989/26568)
2026-09-15T22:54:03.2460073Z Updating files:  80% (21255/26568)
2026-09-15T22:54:03.2798106Z Updating files:  81% (21521/26568)
2026-09-15T22:54:03.3162646Z Updating files:  82% (21786/26568)
2026-09-15T22:54:03.3595525Z Updating files:  83% (22052/26568)
2026-09-15T22:54:03.5247948Z Updating files:  84% (22318/26568)
2026-09-15T22:54:03.5672017Z Updating files:  85% (22583/26568)
2026-09-15T22:54:03.5932375Z Updating files:  86% (22849/26568)
2026-09-15T22:54:03.6030390Z Updating files:  86% (23070/26568)
2026-09-15T22:54:03.6599046Z Updating files:  87% (23115/26568)
2026-09-15T22:54:03.7056146Z Updating files:  88% (23380/26568)
2026-09-15T22:54:03.7547609Z Updating files:  89% (23646/26568)
2026-09-15T22:54:03.8345021Z Updating files:  90% (23912/26568)
2026-09-15T22:54:03.8584183Z Updating files:  91% (24177/26568)
2026-09-15T22:54:03.8823929Z Updating files:  92% (24443/26568)
2026-09-15T22:54:03.9008621Z Updating files:  93% (24709/26568)
2026-09-15T22:54:03.9264301Z Updating files:  94% (24974/26568)
2026-09-15T22:54:03.9450588Z Updating files:  95% (25240/26568)
2026-09-15T22:54:03.9625831Z Updating files:  96% (25506/26568)
2026-09-15T22:54:03.9781153Z Updating files:  97% (25771/26568)
2026-09-15T22:54:03.9950961Z Updating files:  98% (26037/26568)
2026-09-15T22:54:04.0103464Z Updating files:  99% (26303/26568)
2026-09-15T22:54:04.0104286Z Updating files: 100% (26568/26568)
2026-09-15T22:54:04.0104833Z Updating files: 100% (26568/26568), done.
2026-09-15T22:54:04.0421416Z Switched to a new branch 'codex/lean-mf24-verification'
2026-09-15T22:54:04.0428252Z branch 'codex/lean-mf24-verification' set up to track 'origin/codex/lean-mf24-verification'.
2026-09-15T22:54:04.0521972Z ##[endgroup]
2026-09-15T22:54:04.0575731Z [command]/usr/bin/git log -1 --format=%H
2026-09-15T22:54:04.0609747Z 208e30d80f73ef661b1f019c7de93c70254f7e48
2026-09-15T22:54:04.0624001Z ##[group]Removing auth
2026-09-15T22:54:04.0624750Z [command]/usr/bin/git config --local --name-only --get-regexp core\.sshCommand
2026-09-15T22:54:04.0657615Z [command]/usr/bin/git submodule foreach --recursive sh -c "git config --local --name-only --get-regexp 'core\.sshCommand' && git config --local --unset-all 'core.sshCommand' || :"
2026-09-15T22:54:04.0915644Z [command]/usr/bin/git config --local --name-only --get-regexp http\.https\:\/\/github\.com\/\.extraheader
2026-09-15T22:54:04.0947521Z http.https://github.com/.extraheader
2026-09-15T22:54:04.0955919Z [command]/usr/bin/git config --local --unset-all http.https://github.com/.extraheader
2026-09-15T22:54:04.0991183Z [command]/usr/bin/git submodule foreach --recursive sh -c "git config --local --name-only --get-regexp 'http\.https\:\/\/github\.com\/\.extraheader' && git config --local --unset-all 'http.https://github.com/.extraheader' || :"
2026-09-15T22:54:04.1245547Z [command]/usr/bin/git config --local --name-only --get-regexp ^includeIf\.gitdir:
2026-09-15T22:54:04.1279869Z [command]/usr/bin/git submodule foreach --recursive git config --local --show-origin --name-only --get-regexp remote.origin.url
2026-09-15T22:54:04.1530117Z ##[endgroup]
2026-09-15T22:54:04.1733066Z ##[group]Run python3 -m pip install -r tools/lean/requirements.txt
2026-09-15T22:54:04.1733914Z [36;1mpython3 -m pip install -r tools/lean/requirements.txt[0m
2026-09-15T22:54:04.1734413Z [36;1mpython3 tools/lean/validate_manifest.py "$LEAN_PROJECT"[0m
2026-09-15T22:54:04.1774087Z shell: /usr/bin/bash -e {0}
2026-09-15T22:54:04.1774356Z env:
2026-09-15T22:54:04.1774642Z   LEAN_PROJECT: matrix-functions-and-stability/MF-24/lean
2026-09-15T22:54:04.1775001Z ##[endgroup]
2026-09-15T22:54:04.6324606Z Defaulting to user installation because normal site-packages is not writeable
2026-09-15T22:54:05.0806651Z Collecting PyYAML==6.0.3 (from -r tools/lean/requirements.txt (line 1))
2026-09-15T22:54:05.1321127Z   Downloading pyyaml-6.0.3-cp312-cp312-manylinux2014_x86_64.manylinux_2_17_x86_64.manylinux_2_28_x86_64.whl.metadata (2.4 kB)
2026-09-15T22:54:05.1706269Z Collecting jsonschema==4.26.0 (from -r tools/lean/requirements.txt (line 2))
2026-09-15T22:54:05.1741207Z   Downloading jsonschema-4.26.0-py3-none-any.whl.metadata (7.6 kB)
2026-09-15T22:54:05.1906755Z Requirement already satisfied: attrs>=22.2.0 in /usr/lib/python3/dist-packages (from jsonschema==4.26.0->-r tools/lean/requirements.txt (line 2)) (23.2.0)
2026-09-15T22:54:05.2106039Z Collecting jsonschema-specifications>=2023.03.6 (from jsonschema==4.26.0->-r tools/lean/requirements.txt (line 2))
2026-09-15T22:54:05.2143053Z   Downloading jsonschema_specifications-2025.9.1-py3-none-any.whl.metadata (2.9 kB)
2026-09-15T22:54:05.2517459Z Collecting referencing>=0.28.4 (from jsonschema==4.26.0->-r tools/lean/requirements.txt (line 2))
2026-09-15T22:54:05.2551315Z   Downloading referencing-0.37.0-py3-none-any.whl.metadata (2.8 kB)
2026-09-15T22:54:05.5694038Z Collecting rpds-py>=0.25.0 (from jsonschema==4.26.0->-r tools/lean/requirements.txt (line 2))
2026-09-15T22:54:05.5733096Z   Downloading rpds_py-2026.6.3-cp312-cp312-manylinux_2_17_x86_64.manylinux2014_x86_64.whl.metadata (4.1 kB)
2026-09-15T22:54:05.6075407Z Requirement already satisfied: typing-extensions>=4.4.0 in /usr/lib/python3/dist-packages (from referencing>=0.28.4->jsonschema==4.26.0->-r tools/lean/requirements.txt (line 2)) (4.10.0)
2026-09-15T22:54:05.6147253Z Downloading pyyaml-6.0.3-cp312-cp312-manylinux2014_x86_64.manylinux_2_17_x86_64.manylinux_2_28_x86_64.whl (807 kB)
2026-09-15T22:54:05.6369502Z    ━━━━━━━━━━━━━━━━━━━━━━━━━━━━━━━━━━━━━━━━ 807.9/807.9 kB 40.2 MB/s eta 0:00:00
2026-09-15T22:54:05.6404361Z Downloading jsonschema-4.26.0-py3-none-any.whl (90 kB)
2026-09-15T22:54:05.6443830Z    ━━━━━━━━━━━━━━━━━━━━━━━━━━━━━━━━━━━━━━━━ 90.6/90.6 kB 36.2 MB/s eta 0:00:00
2026-09-15T22:54:05.6479502Z Downloading jsonschema_specifications-2025.9.1-py3-none-any.whl (18 kB)
2026-09-15T22:54:05.6539803Z Downloading referencing-0.37.0-py3-none-any.whl (26 kB)
2026-09-15T22:54:05.6774071Z Downloading rpds_py-2026.6.3-cp312-cp312-manylinux_2_17_x86_64.manylinux2014_x86_64.whl (366 kB)
2026-09-15T22:54:05.6858534Z    ━━━━━━━━━━━━━━━━━━━━━━━━━━━━━━━━━━━━━━━━ 366.2/366.2 kB 53.1 MB/s eta 0:00:00
2026-09-15T22:54:05.9721152Z Installing collected packages: rpds-py, PyYAML, referencing, jsonschema-specifications, jsonschema
2026-09-15T22:54:06.1409850Z Successfully installed PyYAML-6.0.3 jsonschema-4.26.0 jsonschema-specifications-2025.9.1 referencing-0.37.0 rpds-py-2026.6.3
2026-09-15T22:54:06.4142691Z Manifest schema and comparator coverage: PASS (22 declarations)
2026-09-15T22:54:06.4374624Z ##[group]Run actions/setup-go@924ae3a1cded613372ab5595356fb5720e22ba16
2026-09-15T22:54:06.4375056Z with:
2026-09-15T22:54:06.4375262Z   go-version: 1.27.1
2026-09-15T22:54:06.4375481Z   cache: false
2026-09-15T22:54:06.4375687Z   check-latest: false
2026-09-15T22:54:06.4378608Z   token: ***
2026-09-15T22:54:06.4378843Z ##[endgroup]
2026-09-15T22:54:06.5711594Z Setup go version spec 1.27.1
2026-09-15T22:54:06.5725287Z Attempting to download 1.27.1...
2026-09-15T22:54:07.0046875Z matching 1.27.1...
2026-09-15T22:54:07.0075126Z Acquiring 1.27.1 from https://github.com/actions/go-versions/releases/download/1.27.1-33583469715/go-1.27.1-linux-x64.tar.gz
2026-09-15T22:54:07.4197792Z Extracting Go...
2026-09-15T22:54:07.4311438Z [command]/usr/bin/tar xz --warning=no-unknown-keyword --overwrite -C /home/runner/work/_temp/86532005-b421-4dff-8e76-a3ece7dc4baf -f /home/runner/work/_temp/6f65db08-ee3b-44ab-a213-785fbd688e79
2026-09-15T22:54:09.1680507Z Successfully extracted go to /home/runner/work/_temp/86532005-b421-4dff-8e76-a3ece7dc4baf
2026-09-15T22:54:09.1681095Z Adding to the cache ...
2026-09-15T22:54:16.0667071Z Successfully cached go to /opt/hostedtoolcache/go/1.27.1/x64
2026-09-15T22:54:16.0670079Z Added go to the path
2026-09-15T22:54:16.0672893Z Successfully set up Go version 1.27.1
2026-09-15T22:54:16.0890507Z go version go1.27.1 linux/amd64
2026-09-15T22:54:16.0890734Z 
2026-09-15T22:54:16.0891103Z ##[group]go env
2026-09-15T22:54:16.2317058Z AR='ar'
2026-09-15T22:54:16.2317478Z CC='gcc'
2026-09-15T22:54:16.2317853Z CGO_CFLAGS='-O2 -g'
2026-09-15T22:54:16.2318254Z CGO_CPPFLAGS=''
2026-09-15T22:54:16.2318638Z CGO_CXXFLAGS='-O2 -g'
2026-09-15T22:54:16.2319036Z CGO_ENABLED='1'
2026-09-15T22:54:16.2319401Z CGO_FFLAGS='-O2 -g'
2026-09-15T22:54:16.2319776Z CGO_LDFLAGS='-O2 -g'
2026-09-15T22:54:16.2320143Z CXX='g++'
2026-09-15T22:54:16.2320483Z GCCGO='gccgo'
2026-09-15T22:54:16.2320714Z GO111MODULE=''
2026-09-15T22:54:16.2320977Z GOAMD64='v1'
2026-09-15T22:54:16.2321177Z GOARCH='amd64'
2026-09-15T22:54:16.2321410Z GOAUTH='netrc'
2026-09-15T22:54:16.2321642Z GOBIN='/home/runner/go/bin'
2026-09-15T22:54:16.2321931Z GOCACHE='/home/runner/.cache/go-build'
2026-09-15T22:54:16.2322234Z GOCACHEPROG=''
2026-09-15T22:54:16.2322451Z GODEBUG=''
2026-09-15T22:54:16.2322673Z GOENV='/home/runner/.config/go/env'
2026-09-15T22:54:16.2322954Z GOEXE=''
2026-09-15T22:54:16.2323153Z GOEXPERIMENT=''
2026-09-15T22:54:16.2323363Z GOFIPS140='off'
2026-09-15T22:54:16.2324062Z GOFLAGS=''
2026-09-15T22:54:16.2324812Z GOGCCFLAGS='-fPIC -m64 -pthread -Wl,--no-gc-sections -fmessage-length=0 -ffile-prefix-map=/tmp/go-build2081426634=/tmp/go-build -gno-record-gcc-switches'
2026-09-15T22:54:16.2325517Z GOHOSTARCH='amd64'
2026-09-15T22:54:16.2325740Z GOHOSTOS='linux'
2026-09-15T22:54:16.2325950Z GOINSECURE=''
2026-09-15T22:54:16.2326157Z GOMOD='/dev/null'
2026-09-15T22:54:16.2326399Z GOMODCACHE='/home/runner/go/pkg/mod'
2026-09-15T22:54:16.2326670Z GONOPROXY=''
2026-09-15T22:54:16.2326867Z GONOSUMDB=''
2026-09-15T22:54:16.2327084Z GOOS='linux'
2026-09-15T22:54:16.2327330Z GOPACKAGESDRIVER=''
2026-09-15T22:54:16.2327562Z GOPATH='/home/runner/go'
2026-09-15T22:54:16.2327795Z GOPRIVATE=''
2026-09-15T22:54:16.2328059Z GOPROXY='https://proxy.golang.org,direct'
2026-09-15T22:54:16.2328404Z GOROOT='/opt/hostedtoolcache/go/1.27.1/x64'
2026-09-15T22:54:16.2328945Z GOSUMDB='sum.golang.org'
2026-09-15T22:54:16.2329192Z GOTELEMETRY='local'
2026-09-15T22:54:16.2329469Z GOTELEMETRYDIR='/home/runner/.config/go/telemetry'
2026-09-15T22:54:16.2329783Z GOTMPDIR=''
2026-09-15T22:54:16.2329992Z GOTOOLCHAIN='local'
2026-09-15T22:54:16.2330339Z GOTOOLDIR='/opt/hostedtoolcache/go/1.27.1/x64/pkg/tool/linux_amd64'
2026-09-15T22:54:16.2330706Z GOVCS=''
2026-09-15T22:54:16.2330909Z GOVERSION='go1.27.1'
2026-09-15T22:54:16.2331132Z GOWORK=''
2026-09-15T22:54:16.2331350Z PKG_CONFIG='pkg-config'
2026-09-15T22:54:16.2331498Z 
2026-09-15T22:54:16.2331904Z ##[endgroup]
2026-09-15T22:54:16.2812171Z ##[group]Run leanprover/lean-action@96e06131c0e9943c780388fd166f55d1e2fa0433
2026-09-15T22:54:16.2812596Z with:
2026-09-15T22:54:16.2812909Z   lake-package-directory: matrix-functions-and-stability/MF-24/lean
2026-09-15T22:54:16.2813288Z   auto-config: false
2026-09-15T22:54:16.2813504Z   build: false
2026-09-15T22:54:16.2813911Z   test: false
2026-09-15T22:54:16.2814111Z   lint: false
2026-09-15T22:54:16.2814332Z   use-mathlib-cache: false
2026-09-15T22:54:16.2814577Z   use-github-cache: false
2026-09-15T22:54:16.2814805Z   mk_all-check: false
2026-09-15T22:54:16.2815046Z   check-reservoir-eligibility: false
2026-09-15T22:54:16.2815320Z   leanchecker: false
2026-09-15T22:54:16.2815533Z   lean4checker: false
2026-09-15T22:54:16.2815740Z   nanoda: false
2026-09-15T22:54:16.2815949Z   nanoda-allow-sorry: true
2026-09-15T22:54:16.2816177Z   axiom-audit: false
2026-09-15T22:54:16.2816472Z   axiom-audit-allow: propext,Classical.choice,Quot.sound
2026-09-15T22:54:16.2816910Z   reinstall-transient-toolchain: false
2026-09-15T22:54:16.2817221Z env:
2026-09-15T22:54:16.2817407Z   GOTOOLCHAIN: local
2026-09-15T22:54:16.2817618Z ##[endgroup]
2026-09-15T22:54:16.2881316Z ##[start-action display=install elan;id=__leanprover_lean-action.__run]
2026-09-15T22:54:16.2905502Z ##[group]Run : Install Elan
2026-09-15T22:54:16.2905770Z [36;1m: Install Elan[0m
2026-09-15T22:54:16.2906065Z [36;1m${GITHUB_ACTION_PATH}/scripts/install_elan.sh[0m
2026-09-15T22:54:16.2947332Z shell: /usr/bin/bash --noprofile --norc -e -o pipefail {0}
2026-09-15T22:54:16.2947681Z env:
2026-09-15T22:54:16.2947888Z   GOTOOLCHAIN: local
2026-09-15T22:54:16.2948112Z ##[endgroup]
2026-09-15T22:54:16.3046290Z ##[group]Elan Installation Output
2026-09-15T22:54:16.3847410Z info: downloading installer
2026-09-15T22:54:16.7913466Z info: downloading https://releases.lean-lang.org/lean4/v4.33.1/lean-4.33.1-linux.tar.zst
2026-09-15T22:54:20.9294613Z info: installing /home/runner/.elan/toolchains/leanprover--lean4---v4.33.1
2026-09-15T22:54:27.9047892Z Lean (version 4.33.1, x86_64-unknown-linux-gnu, commit 819816b2e0a3bf405af45ae5c7af2491d8f5bee6, Release)
2026-09-15T22:54:27.9571555Z Lake version 5.0.0-src+819816b (Lean version 4.33.1)
2026-09-15T22:54:27.9618466Z ##[endgroup]
2026-09-15T22:54:27.9618633Z 
2026-09-15T22:54:27.9636100Z ##[end-action id=__leanprover_lean-action.__run;outcome=success;conclusion=success;duration_ms=11675]
2026-09-15T22:54:27.9641790Z ##[start-action display=configure `lean-action`;id=__leanprover_lean-action.config]
2026-09-15T22:54:27.9659172Z ##[group]Run : Configure Lean Action
2026-09-15T22:54:27.9659496Z [36;1m: Configure Lean Action[0m
2026-09-15T22:54:27.9659798Z [36;1m${GITHUB_ACTION_PATH}/scripts/config.sh[0m
2026-09-15T22:54:27.9697147Z shell: /usr/bin/bash --noprofile --norc -e -o pipefail {0}
2026-09-15T22:54:27.9697498Z env:
2026-09-15T22:54:27.9697743Z   GOTOOLCHAIN: local
2026-09-15T22:54:27.9697973Z   AUTO_CONFIG: false
2026-09-15T22:54:27.9698183Z   BUILD: false
2026-09-15T22:54:27.9698403Z   TEST: false
2026-09-15T22:54:27.9698599Z   LINT: false
2026-09-15T22:54:27.9698793Z ##[endgroup]
2026-09-15T22:54:27.9777617Z ##[group]Configure lean-action
2026-09-15T22:54:27.9829986Z ##[end-action id=__leanprover_lean-action.config;outcome=success;conclusion=success;duration_ms=18]
2026-09-15T22:54:27.9835098Z ##[start-action display=reinstall transient toolchain;id=__leanprover_lean-action.__run_2]
2026-09-15T22:54:27.9841045Z ##[end-action id=__leanprover_lean-action.__run_2;outcome=skipped;conclusion=skipped;duration_ms=0]
2026-09-15T22:54:27.9844644Z ##[start-action display=ensure all files are imported;id=__leanprover_lean-action.mk_all]
2026-09-15T22:54:27.9848587Z ##[end-action id=__leanprover_lean-action.mk_all;outcome=skipped;conclusion=skipped;duration_ms=0]
2026-09-15T22:54:27.9850601Z ##[start-action display=Run actions/cache/restore@v5;id=__leanprover_lean-action.__actions_cache]
2026-09-15T22:54:27.9854768Z ##[end-action id=__leanprover_lean-action.__actions_cache;outcome=skipped;conclusion=skipped;duration_ms=0]
2026-09-15T22:54:27.9856769Z ##[start-action display=detect mathlib;id=__leanprover_lean-action.detect-mathlib]
2026-09-15T22:54:27.9860351Z ##[end-action id=__leanprover_lean-action.detect-mathlib;outcome=skipped;conclusion=skipped;duration_ms=0]
2026-09-15T22:54:27.9862237Z ##[start-action display=get mathlib cache;id=__leanprover_lean-action.__run_3]
2026-09-15T22:54:27.9878523Z ##[end-action id=__leanprover_lean-action.__run_3;outcome=skipped;conclusion=skipped;duration_ms=0]
2026-09-15T22:54:27.9905299Z ##[start-action display=build sgstepaniants/OpenProblemsInNLA;id=__leanprover_lean-action.build]
2026-09-15T22:54:27.9910027Z ##[end-action id=__leanprover_lean-action.build;outcome=skipped;conclusion=skipped;duration_ms=0]
2026-09-15T22:54:27.9911996Z ##[start-action display=Run actions/cache/save@v5;id=__leanprover_lean-action.__actions_cache_2]
2026-09-15T22:54:27.9915980Z ##[end-action id=__leanprover_lean-action.__actions_cache_2;outcome=skipped;conclusion=skipped;duration_ms=0]
2026-09-15T22:54:27.9919812Z ##[start-action display=test sgstepaniants/OpenProblemsInNLA;id=__leanprover_lean-action.test]
2026-09-15T22:54:27.9924549Z ##[end-action id=__leanprover_lean-action.test;outcome=skipped;conclusion=skipped;duration_ms=0]
2026-09-15T22:54:27.9927634Z ##[start-action display=lint sgstepaniants/OpenProblemsInNLA;id=__leanprover_lean-action.lint]
2026-09-15T22:54:27.9932059Z ##[end-action id=__leanprover_lean-action.lint;outcome=skipped;conclusion=skipped;duration_ms=0]
2026-09-15T22:54:27.9934311Z ##[start-action display=check reservoir eligibility;id=__leanprover_lean-action.__run_4]
2026-09-15T22:54:27.9937948Z ##[end-action id=__leanprover_lean-action.__run_4;outcome=skipped;conclusion=skipped;duration_ms=0]
2026-09-15T22:54:27.9940806Z ##[start-action display=check environment with leanchecker;id=__leanprover_lean-action.__run_5]
2026-09-15T22:54:27.9945973Z ##[end-action id=__leanprover_lean-action.__run_5;outcome=skipped;conclusion=skipped;duration_ms=0]
2026-09-15T22:54:27.9948457Z ##[start-action display=check environment with nanoda;id=__leanprover_lean-action.nanoda]
2026-09-15T22:54:27.9951848Z ##[end-action id=__leanprover_lean-action.nanoda;outcome=skipped;conclusion=skipped;duration_ms=0]
2026-09-15T22:54:27.9954798Z ##[start-action display=audit axioms with axiom-audit;id=__leanprover_lean-action.axiom-audit]
2026-09-15T22:54:27.9958381Z ##[end-action id=__leanprover_lean-action.axiom-audit;outcome=skipped;conclusion=skipped;duration_ms=0]
2026-09-15T22:54:28.0009782Z ##[group]Run sudo apt-get update
2026-09-15T22:54:28.0010113Z [36;1msudo apt-get update[0m
2026-09-15T22:54:28.0010441Z [36;1msudo apt-get install -y bubblewrap dbus-user-session[0m
2026-09-15T22:54:28.0010897Z [36;1msudo sysctl -w kernel.apparmor_restrict_unprivileged_userns=0[0m
2026-09-15T22:54:28.0011312Z [36;1msudo loginctl enable-linger "$(id -un)"[0m
2026-09-15T22:54:28.0011658Z [36;1msudo systemctl start "user@$(id -u).service"[0m
2026-09-15T22:54:28.0012048Z [36;1mecho "XDG_RUNTIME_DIR=/run/user/$(id -u)" >> "$GITHUB_ENV"[0m
2026-09-15T22:54:28.0012559Z [36;1mecho "DBUS_SESSION_BUS_ADDRESS=unix:path=/run/user/$(id -u)/bus" >> "$GITHUB_ENV"[0m
2026-09-15T22:54:28.0047393Z shell: /usr/bin/bash -e {0}
2026-09-15T22:54:28.0047650Z env:
2026-09-15T22:54:28.0047846Z   GOTOOLCHAIN: local
2026-09-15T22:54:28.0048070Z ##[endgroup]
2026-09-15T22:54:29.0325225Z Get:1 file:/etc/apt/apt-mirrors.txt Mirrorlist [144 B]
2026-09-15T22:54:29.0538730Z Get:6 https://dl.google.com/linux/chrome-stable/deb stable InRelease [2548 B]
2026-09-15T22:54:29.1803026Z Hit:2 http://azure.archive.ubuntu.com/ubuntu noble InRelease
2026-09-15T22:54:29.1827806Z Get:7 https://packages.microsoft.com/ubuntu/24.04/prod noble InRelease [3600 B]
2026-09-15T22:54:29.2403076Z Get:3 http://azure.archive.ubuntu.com/ubuntu noble-updates InRelease [126 kB]
2026-09-15T22:54:29.2831233Z Get:4 http://azure.archive.ubuntu.com/ubuntu noble-backports InRelease [126 kB]
2026-09-15T22:54:29.2882672Z Get:5 http://azure.archive.ubuntu.com/ubuntu noble-security InRelease [126 kB]
2026-09-15T22:54:29.7144634Z Get:8 https://dl.google.com/linux/chrome-stable/deb stable/main amd64 Packages [1410 B]
2026-09-15T22:54:29.8516539Z Get:9 https://packages.microsoft.com/ubuntu/24.04/prod noble/main amd64 Packages [473 kB]
2026-09-15T22:54:29.8584716Z Get:10 https://packages.microsoft.com/ubuntu/24.04/prod noble/main arm64 Packages [424 kB]
2026-09-15T22:54:29.8970910Z Get:11 http://azure.archive.ubuntu.com/ubuntu noble-updates/main amd64 Packages [1263 kB]
2026-09-15T22:54:29.9044729Z Get:12 http://azure.archive.ubuntu.com/ubuntu noble-updates/main Translation-en [292 kB]
2026-09-15T22:54:29.9063300Z Get:13 http://azure.archive.ubuntu.com/ubuntu noble-updates/main amd64 Components [180 kB]
2026-09-15T22:54:29.9094872Z Get:14 http://azure.archive.ubuntu.com/ubuntu noble-updates/universe amd64 Packages [1687 kB]
2026-09-15T22:54:29.9164570Z Get:15 http://azure.archive.ubuntu.com/ubuntu noble-updates/universe Translation-en [338 kB]
2026-09-15T22:54:29.9186876Z Get:16 http://azure.archive.ubuntu.com/ubuntu noble-updates/universe amd64 Components [388 kB]
2026-09-15T22:54:29.9210449Z Get:17 http://azure.archive.ubuntu.com/ubuntu noble-updates/restricted amd64 Packages [1550 kB]
2026-09-15T22:54:29.9310654Z Get:18 http://azure.archive.ubuntu.com/ubuntu noble-updates/restricted Translation-en [355 kB]
2026-09-15T22:54:29.9340078Z Get:19 http://azure.archive.ubuntu.com/ubuntu noble-updates/multiverse amd64 Packages [45.7 kB]
2026-09-15T22:54:29.9352677Z Get:20 http://azure.archive.ubuntu.com/ubuntu noble-updates/multiverse Translation-en [12.8 kB]
2026-09-15T22:54:29.9805375Z Get:21 http://azure.archive.ubuntu.com/ubuntu noble-updates/multiverse amd64 Components [940 B]
2026-09-15T22:54:29.9812338Z Get:22 http://azure.archive.ubuntu.com/ubuntu noble-backports/main amd64 Components [5776 B]
2026-09-15T22:54:29.9824680Z Get:23 http://azure.archive.ubuntu.com/ubuntu noble-backports/universe amd64 Components [12.6 kB]
2026-09-15T22:54:30.0168381Z Get:24 http://azure.archive.ubuntu.com/ubuntu noble-security/main amd64 Packages [1009 kB]
2026-09-15T22:54:30.0221177Z Get:25 http://azure.archive.ubuntu.com/ubuntu noble-security/main Translation-en [213 kB]
2026-09-15T22:54:30.0240933Z Get:26 http://azure.archive.ubuntu.com/ubuntu noble-security/main amd64 Components [46.4 kB]
2026-09-15T22:54:30.0274765Z Get:27 http://azure.archive.ubuntu.com/ubuntu noble-security/universe amd64 Packages [1207 kB]
2026-09-15T22:54:30.0325498Z Get:28 http://azure.archive.ubuntu.com/ubuntu noble-security/universe Translation-en [242 kB]
2026-09-15T22:54:30.0347890Z Get:29 http://azure.archive.ubuntu.com/ubuntu noble-security/universe amd64 Components [76.3 kB]
2026-09-15T22:54:30.0361980Z Get:30 http://azure.archive.ubuntu.com/ubuntu noble-security/restricted amd64 Packages [1449 kB]
2026-09-15T22:54:30.0430643Z Get:31 http://azure.archive.ubuntu.com/ubuntu noble-security/restricted Translation-en [336 kB]
2026-09-15T22:54:34.1991018Z Fetched 12.0 MB in 2s (5664 kB/s)
2026-09-15T22:54:35.0017159Z Reading package lists...
2026-09-15T22:54:35.0325566Z Reading package lists...
2026-09-15T22:54:35.2061653Z Building dependency tree...
2026-09-15T22:54:35.2068860Z Reading state information...
2026-09-15T22:54:35.3528767Z dbus-user-session is already the newest version (1.14.10-4ubuntu4.1).
2026-09-15T22:54:35.3529582Z dbus-user-session set to manually installed.
2026-09-15T22:54:35.3530179Z The following NEW packages will be installed:
2026-09-15T22:54:35.3533915Z   bubblewrap
2026-09-15T22:54:35.3698845Z 0 upgraded, 1 newly installed, 0 to remove and 64 not upgraded.
2026-09-15T22:54:35.3699539Z Need to get 50.2 kB of archives.
2026-09-15T22:54:35.3699930Z After this operation, 133 kB of additional disk space will be used.
2026-09-15T22:54:35.3700397Z Get:1 file:/etc/apt/apt-mirrors.txt Mirrorlist [144 B]
2026-09-15T22:54:35.4011833Z Get:2 http://azure.archive.ubuntu.com/ubuntu noble-updates/main amd64 bubblewrap amd64 0.9.0-1ubuntu0.1 [50.2 kB]
2026-09-15T22:54:35.6572020Z Fetched 50.2 kB in 0s (979 kB/s)
2026-09-15T22:54:35.6790370Z Selecting previously unselected package bubblewrap.
2026-09-15T22:54:35.7134465Z (Reading database ... 
2026-09-15T22:54:35.7135006Z (Reading database ... 5%
2026-09-15T22:54:35.7135332Z (Reading database ... 10%
2026-09-15T22:54:35.7135626Z (Reading database ... 15%
2026-09-15T22:54:35.7135914Z (Reading database ... 20%
2026-09-15T22:54:35.7136194Z (Reading database ... 25%
2026-09-15T22:54:35.7136509Z (Reading database ... 30%
2026-09-15T22:54:35.7136807Z (Reading database ... 35%
2026-09-15T22:54:35.7137084Z (Reading database ... 40%
2026-09-15T22:54:35.7137365Z (Reading database ... 45%
2026-09-15T22:54:35.7137649Z (Reading database ... 50%
2026-09-15T22:54:35.7199942Z (Reading database ... 55%
2026-09-15T22:54:35.8453000Z (Reading database ... 60%
2026-09-15T22:54:36.0317191Z (Reading database ... 65%
2026-09-15T22:54:36.2046356Z (Reading database ... 70%
2026-09-15T22:54:36.3359293Z (Reading database ... 75%
2026-09-15T22:54:36.4950009Z (Reading database ... 80%
2026-09-15T22:54:36.6409659Z (Reading database ... 85%
2026-09-15T22:54:36.7755803Z (Reading database ... 90%
2026-09-15T22:54:36.9004352Z (Reading database ... 95%
2026-09-15T22:54:36.9005046Z (Reading database ... 100%
2026-09-15T22:54:36.9005734Z (Reading database ... 201818 files and directories currently installed.)
2026-09-15T22:54:36.9045307Z Preparing to unpack .../bubblewrap_0.9.0-1ubuntu0.1_amd64.deb ...
2026-09-15T22:54:36.9072284Z Unpacking bubblewrap (0.9.0-1ubuntu0.1) ...
2026-09-15T22:54:36.9514962Z Setting up bubblewrap (0.9.0-1ubuntu0.1) ...
2026-09-15T22:54:36.9562344Z Processing triggers for man-db (2.12.0-4build2) ...
2026-09-15T22:54:36.9583397Z Not building database; man-db/auto-update is not 'true'.
2026-09-15T22:54:37.6085367Z 
2026-09-15T22:54:37.6086022Z Running kernel seems to be up-to-date.
2026-09-15T22:54:37.6086438Z 
2026-09-15T22:54:37.6086647Z No services need to be restarted.
2026-09-15T22:54:37.6086959Z 
2026-09-15T22:54:37.6087162Z No containers need to be restarted.
2026-09-15T22:54:37.6087474Z 
2026-09-15T22:54:37.6087705Z No user sessions are running outdated binaries.
2026-09-15T22:54:37.6088090Z 
2026-09-15T22:54:37.6088473Z No VM guests are running outdated hypervisor (qemu) binaries on this host.
2026-09-15T22:54:38.5285687Z kernel.apparmor_restrict_unprivileged_userns = 0
2026-09-15T22:54:38.5601587Z ##[group]Run ulimit -n 65536
2026-09-15T22:54:38.5601912Z [36;1mulimit -n 65536[0m
2026-09-15T22:54:38.5602264Z [36;1mtools/lean/bootstrap.sh "$RUNNER_TEMP/nla-lean-tools"[0m
2026-09-15T22:54:38.5602737Z [36;1mtools/lean/verify.sh "$LEAN_PROJECT" "$RUNNER_TEMP/nla-lean-tools"[0m
2026-09-15T22:54:38.5638794Z shell: /usr/bin/bash -e {0}
2026-09-15T22:54:38.5639059Z env:
2026-09-15T22:54:38.5639259Z   GOTOOLCHAIN: local
2026-09-15T22:54:38.5639502Z   XDG_RUNTIME_DIR: /run/user/1001
2026-09-15T22:54:38.5639841Z   DBUS_SESSION_BUS_ADDRESS: unix:path=/run/user/1001/bus
2026-09-15T22:54:38.5640231Z   LEAN_PROJECT: matrix-functions-and-stability/MF-24/lean
2026-09-15T22:54:38.5640563Z ##[endgroup]
2026-09-15T22:54:39.2012401Z Running elan toolchain install leanprover/lean4:v4.33.1
2026-09-15T22:54:39.2013282Z Log: /home/runner/work/_temp/nla-lean-tools/logs/bootstrap/elan.log
2026-09-15T22:54:39.2032793Z info: toolchain 'leanprover/lean4:v4.33.1' is already installed
2026-09-15T22:54:39.2826998Z Running go build -mod=readonly -buildvcs=false -o /home/runner/work/_temp/nla-lean-tools/.tools/bin/landrun ./cmd/landrun
2026-09-15T22:54:39.2828212Z Log: /home/runner/work/_temp/nla-lean-tools/logs/bootstrap/landrun-build.log
2026-09-15T22:54:39.2872337Z go: downloading github.com/urfave/cli/v3 v3.6.2
2026-09-15T22:54:39.3085037Z go: downloading github.com/landlock-lsm/go-landlock v0.9.0
2026-09-15T22:54:39.5501712Z go: downloading golang.org/x/sys v0.40.0
2026-09-15T22:54:39.5502896Z go: downloading kernel.org/pub/linux/libs/security/libcap/psx v1.2.77
2026-09-15T22:54:48.3713395Z Running lake build lean4export comparator
2026-09-15T22:54:48.3714566Z Log: /home/runner/work/_temp/nla-lean-tools/logs/bootstrap/comparator-build.log
2026-09-15T22:54:48.9117791Z ✔ [3/20] Built Comparator.Util (420ms)
2026-09-15T22:54:49.1119743Z ✔ [4/20] Built Comparator.Util:c.o (224ms)
2026-09-15T22:54:50.4165358Z ✔ [5/20] Built Export.Parse (1.0s)
2026-09-15T22:54:50.9162264Z ✔ [6/20] Built Comparator.Axioms (492ms)
2026-09-15T22:54:51.4186715Z ✔ [7/20] Built Comparator.Axioms:c.o (544ms)
2026-09-15T22:54:51.7285120Z ✔ [8/20] Built Comparator.Compare (800ms)
2026-09-15T22:54:51.8295139Z ✔ [9/20] Built Export (3.4s)
2026-09-15T22:54:52.2297153Z ✔ [10/20] Built Comparator (519ms)
2026-09-15T22:54:52.3326869Z ✔ [11/20] Built Comparator.Compare:c.o (660ms)
2026-09-15T22:54:52.3334452Z ✔ [12/20] Built Comparator:c.o (105ms)
2026-09-15T22:54:53.8354956Z ✔ [13/20] Built Main (1.5s)
2026-09-15T22:54:54.1354805Z ✔ [14/20] Built Main:c.o (343ms)
2026-09-15T22:54:54.8379201Z ✔ [15/20] Built Main (2.5s)
2026-09-15T22:54:55.6391674Z ✔ [16/20] Built Export:c.o (3.8s)
2026-09-15T22:54:56.6431780Z ✔ [17/20] Built Main:c.o (1.7s)
2026-09-15T22:54:56.6432449Z ✔ [18/20] Built Export.Parse:c.o (6.3s)
2026-09-15T22:54:56.7433271Z ✔ [19/20] Built lean4export:exe (1.2s)
2026-09-15T22:54:57.4439782Z ✔ [20/20] Built comparator:exe (737ms)
2026-09-15T22:54:57.4446530Z Build completed successfully (20 jobs).
2026-09-15T22:54:57.7334013Z Tools built; isolation and checker controls run during verify. Receipt: /home/runner/work/_temp/nla-lean-tools/bootstrap.json
2026-09-15T22:54:58.1358533Z Running /usr/bin/timeout --kill-after=5s 45s systemd-run -p RuntimeMaxSec=40 --user --quiet --wait --pipe --collect -p 'RestrictAddressFamilies=~AF_UNIX' --working-directory /home/runner/work/_temp/nla-lean-tools /usr/bin/env -i PATH=/home/runner/.elan/toolchains/leanprover--lean4---v4.33.1/bin:/home/runner/.elan/bin:/home/runner/go/bin:/opt/hostedtoolcache/go/1.27.1/x64/bin:/snap/bin:/home/runner/.local/bin:/opt/pipx_bin:/home/runner/.cargo/bin:/home/runner/.config/composer/vendor/bin:/usr/local/.ghcup/bin:/home/runner/.dotnet/tools:/usr/local/sbin:/usr/local/bin:/usr/sbin:/usr/bin:/sbin:/bin:/usr/games:/usr/local/games:/snap/bin HOME=/home/runner LANG=C.UTF-8 XDG_RUNTIME_DIR=/run/user/1001 DBUS_SESSION_BUS_ADDRESS=unix:path=/run/user/1001/bus GIT_TERMINAL_PROMPT=0 GIT_CONFIG_NOSYSTEM=1 GIT_CONFIG_GLOBAL=/dev/null COMPARATOR_BIN=/home/runner/work/_temp/nla-lean-tools/.tools/comparator/.lake/build/bin/comparator COMPARATOR_LEAN4EXPORT=/home/runner/work/_temp/nla-lean-tools/.tools/lean4export/.lake/build/bin/lean4export COMPARATOR_LANDRUN=/home/runner/work/_temp/nla-lean-tools/scripts/strict_landrun.py XDG_CACHE_HOME=/home/runner/work/_temp/nla-lean-tools/.tools/cache TMPDIR=/home/runner/work/_temp/nla-lean-tools/.verification-tmp /usr/bin/true
2026-09-15T22:54:58.1364293Z Log: /home/runner/work/_temp/nla-lean-tools/logs/verify-20260915T225458Z-4151/user-service.log
2026-09-15T22:54:58.1744022Z Running python3 /home/runner/work/_temp/nla-lean-tools/reproduction/checks/sandbox_probe_ci.py
2026-09-15T22:54:58.1745294Z Log: /home/runner/work/_temp/nla-lean-tools/logs/verify-20260915T225458Z-4151/sandbox.log
2026-09-15T22:54:58.2077374Z START sandbox mode: build
2026-09-15T22:54:58.2928498Z START sandbox mode: export
2026-09-15T22:54:58.3786923Z START sandbox negative case: unknown option
2026-09-15T22:54:58.4171511Z START sandbox negative case: unexpected --rw
2026-09-15T22:54:58.4584692Z START sandbox negative case: unexpected --rwx
2026-09-15T22:54:58.4986760Z START sandbox negative case: relative --rwx
2026-09-15T22:54:58.5368534Z MODE build: exit=0
2026-09-15T22:54:58.5369284Z Running as unit: run-u2.service; invocation ID: 4325ef9db01c4488807348a0229a65d7
2026-09-15T22:54:58.5370126Z PASS outside .lake write-open: denied errno=30
2026-09-15T22:54:58.5370717Z PASS outside .lake truncate: denied errno=30
2026-09-15T22:54:58.5371366Z PASS outside .lake read-only truncate-open: denied errno=30
2026-09-15T22:54:58.5372088Z PASS symlink from .lake to outside write: denied errno=30
2026-09-15T22:54:58.5372728Z PASS outside .lake creation: denied errno=30
2026-09-15T22:54:58.5373247Z PASS build .lake write: allowed
2026-09-15T22:54:58.5373948Z PASS user namespace: private
2026-09-15T22:54:58.5374402Z PASS pid namespace: private
2026-09-15T22:54:58.5374830Z PASS mnt namespace: private
2026-09-15T22:54:58.5375252Z PASS net namespace: private
2026-09-15T22:54:58.5375701Z PASS ipc namespace: private
2026-09-15T22:54:58.5376123Z PASS uts namespace: private
2026-09-15T22:54:58.5376592Z PASS host parent: absent from private /proc
2026-09-15T22:54:58.5377183Z PASS host parent signal lookup: denied errno=3
2026-09-15T22:54:58.5377793Z PASS host loopback listener: unreachable errno=13
2026-09-15T22:54:58.5378394Z PASS AF_UNIX socket creation: denied errno=97
2026-09-15T22:54:58.5378928Z PASS effective capabilities: none
2026-09-15T22:54:58.5379387Z PASS no_new_privs: set
2026-09-15T22:54:58.5379654Z Sandbox UID: 1001
2026-09-15T22:54:58.5379932Z PASS nested namespace write attempt: rejected exit=1
2026-09-15T22:54:58.5380298Z bwrap: setting up uid map: Permission denied
2026-09-15T22:54:58.5380618Z Finished with result: success
2026-09-15T22:54:58.5380928Z Main processes terminated with: code=exited/status=0
2026-09-15T22:54:58.5381251Z Service runtime: 69ms
2026-09-15T22:54:58.5381482Z CPU time consumed: 70ms
2026-09-15T22:54:58.5381723Z Memory peak: 256.0K
2026-09-15T22:54:58.5381950Z Memory swap peak: 0B
2026-09-15T22:54:58.5382084Z 
2026-09-15T22:54:58.5382182Z MODE export: exit=0
2026-09-15T22:54:58.5382562Z Running as unit: run-u3.service; invocation ID: c8587c47f3bf480fbb5383c8c8727b1e
2026-09-15T22:54:58.5383023Z PASS outside .lake write-open: denied errno=30
2026-09-15T22:54:58.5383362Z PASS outside .lake truncate: denied errno=30
2026-09-15T22:54:58.5384166Z PASS outside .lake read-only truncate-open: denied errno=30
2026-09-15T22:54:58.5384594Z PASS symlink from .lake to outside write: denied errno=30
2026-09-15T22:54:58.5384957Z PASS outside .lake creation: denied errno=30
2026-09-15T22:54:58.5385299Z PASS export .lake write-open: denied errno=30
2026-09-15T22:54:58.5385627Z PASS export .lake truncate: denied errno=30
2026-09-15T22:54:58.5385944Z PASS user namespace: private
2026-09-15T22:54:58.5386230Z PASS pid namespace: private
2026-09-15T22:54:58.5386491Z PASS mnt namespace: private
2026-09-15T22:54:58.5386748Z PASS net namespace: private
2026-09-15T22:54:58.5387279Z PASS ipc namespace: private
2026-09-15T22:54:58.5387551Z PASS uts namespace: private
2026-09-15T22:54:58.5387838Z PASS host parent: absent from private /proc
2026-09-15T22:54:58.5388186Z PASS host parent signal lookup: denied errno=3
2026-09-15T22:54:58.5388534Z PASS host loopback listener: unreachable errno=13
2026-09-15T22:54:58.5388873Z PASS AF_UNIX socket creation: denied errno=97
2026-09-15T22:54:58.5389187Z PASS effective capabilities: none
2026-09-15T22:54:58.5389457Z PASS no_new_privs: set
2026-09-15T22:54:58.5389681Z Sandbox UID: 1001
2026-09-15T22:54:58.5389946Z PASS nested namespace write attempt: rejected exit=1
2026-09-15T22:54:58.5390296Z bwrap: setting up uid map: Permission denied
2026-09-15T22:54:58.5390596Z Finished with result: success
2026-09-15T22:54:58.5390906Z Main processes terminated with: code=exited/status=0
2026-09-15T22:54:58.5391219Z Service runtime: 73ms
2026-09-15T22:54:58.5391448Z CPU time consumed: 73ms
2026-09-15T22:54:58.5391683Z Memory peak: 256.0K
2026-09-15T22:54:58.5391905Z Memory swap peak: 0B
2026-09-15T22:54:58.5392038Z 
2026-09-15T22:54:58.5392151Z NEGATIVE unknown option: exit=2
2026-09-15T22:54:58.5392690Z Running as unit: run-u4.service; invocation ID: 6093a6b3be734d7fb3022c7bada37a54
2026-09-15T22:54:58.5393316Z strict Comparator sandbox: unsupported Comparator Landrun option: --unrestricted-filesystem
2026-09-15T22:54:58.5394265Z Finished with result: exit-code
2026-09-15T22:54:58.5394591Z Main processes terminated with: code=exited/status=2
2026-09-15T22:54:58.5394923Z Service runtime: 27ms
2026-09-15T22:54:58.5395154Z CPU time consumed: 26ms
2026-09-15T22:54:58.5395383Z Memory peak: 256.0K
2026-09-15T22:54:58.5395597Z Memory swap peak: 0B
2026-09-15T22:54:58.5395730Z 
2026-09-15T22:54:58.5395842Z NEGATIVE unexpected --rw: exit=2
2026-09-15T22:54:58.5396244Z Running as unit: run-u5.service; invocation ID: 181ed23d7b0044739af95c6b0ae6acb5
2026-09-15T22:54:58.5396764Z strict Comparator sandbox: only private /dev may be passed with --rw
2026-09-15T22:54:58.5397158Z Finished with result: exit-code
2026-09-15T22:54:58.5397471Z Main processes terminated with: code=exited/status=2
2026-09-15T22:54:58.5397807Z Service runtime: 25ms
2026-09-15T22:54:58.5398039Z CPU time consumed: 25ms
2026-09-15T22:54:58.5398272Z Memory peak: 256.0K
2026-09-15T22:54:58.5398491Z Memory swap peak: 0B
2026-09-15T22:54:58.5398628Z 
2026-09-15T22:54:58.5398748Z NEGATIVE unexpected --rwx: exit=2
2026-09-15T22:54:58.5399148Z Running as unit: run-u6.service; invocation ID: 7ff14792c5bc44b4845156943edac2ec
2026-09-15T22:54:58.5399707Z strict Comparator sandbox: only this project's existing .lake may be writable
2026-09-15T22:54:58.5400125Z Finished with result: exit-code
2026-09-15T22:54:58.5400433Z Main processes terminated with: code=exited/status=2
2026-09-15T22:54:58.5400746Z Service runtime: 26ms
2026-09-15T22:54:58.5400970Z CPU time consumed: 26ms
2026-09-15T22:54:58.5401197Z Memory peak: 512.0K
2026-09-15T22:54:58.5401413Z Memory swap peak: 0B
2026-09-15T22:54:58.5401549Z 
2026-09-15T22:54:58.5401656Z NEGATIVE relative --rwx: exit=2
2026-09-15T22:54:58.5402053Z Running as unit: run-u7.service; invocation ID: b43e13a550114efa85dcff82a1711fe3
2026-09-15T22:54:58.5402594Z strict Comparator sandbox: only this project's existing .lake may be writable
2026-09-15T22:54:58.5402999Z Finished with result: exit-code
2026-09-15T22:54:58.5403297Z Main processes terminated with: code=exited/status=2
2026-09-15T22:54:58.5404069Z Service runtime: 26ms
2026-09-15T22:54:58.5404328Z CPU time consumed: 25ms
2026-09-15T22:54:58.5404570Z Memory peak: 256.0K
2026-09-15T22:54:58.5404793Z Memory swap peak: 0B
2026-09-15T22:54:58.5404929Z 
2026-09-15T22:54:58.5405190Z Outer and export fixture contents unchanged; only designated build fixture written.
2026-09-15T22:54:58.5433215Z Running bash /home/runner/work/_temp/nla-lean-tools/reproduction/checks/run_replay.sh
2026-09-15T22:54:58.5434731Z Log: /home/runner/work/_temp/nla-lean-tools/logs/verify-20260915T225458Z-4151/kernel-controls.log
2026-09-15T22:54:58.6041768Z Replay probe: RestrictAddressFamilies=~AF_UNIX (deny AF_UNIX sockets).
2026-09-15T22:54:58.6584664Z Lean (version 4.33.1, x86_64-unknown-linux-gnu, Release)
2026-09-15T22:54:58.7035621Z /home/runner/.elan/toolchains/leanprover--lean4---v4.33.1/lib/lean/Init.olean
2026-09-15T22:54:58.7036678Z /home/runner/.elan/toolchains/leanprover--lean4---v4.33.1/lib/lean/Init.olean
2026-09-15T22:54:58.7037729Z /home/runner/work/_temp/nla-lean-tools/.tools/comparator/.lake/build/lib/lean/Main.olean
2026-09-15T22:54:59.9349492Z Trusted base fixture: 11 constants
2026-09-15T22:54:59.9350227Z BEGIN honest_with_inductives_and_quotients
2026-09-15T22:54:59.9350884Z Running Lean default kernel on solution.
2026-09-15T22:54:59.9351524Z Lean default kernel accepts the solution
2026-09-15T22:54:59.9352240Z RETURN honest_with_inductives_and_quotients: accepted
2026-09-15T22:54:59.9353005Z BEGIN invalid_raw_proof
2026-09-15T22:54:59.9353535Z Running Lean default kernel on solution.
2026-09-15T22:54:59.9354322Z Lean default kernel rejects the solution
2026-09-15T22:54:59.9355139Z RETURN invalid_raw_proof: rejected: while replaying declaration 'PinnedReplayProbe.invalid':
2026-09-15T22:54:59.9356473Z (kernel) declaration type mismatch, 'PinnedReplayProbe.invalid' has type
2026-09-15T22:54:59.9357114Z   True
2026-09-15T22:54:59.9357449Z but it is expected to have type
2026-09-15T22:54:59.9357842Z   False
2026-09-15T22:54:59.9358170Z BEGIN quotient_postcheck_mismatch
2026-09-15T22:54:59.9358628Z Running Lean default kernel on solution.
2026-09-15T22:54:59.9359119Z Lean default kernel accepts the solution
2026-09-15T22:54:59.9359616Z Quotient post-check rejects the solution
2026-09-15T22:54:59.9360364Z RETURN quotient_postcheck_mismatch: rejected: Quotient constant mismatch on: Quot.lift
2026-09-15T22:54:59.9361331Z PASS: all three actual Comparator.runBuiltinKernel cases behaved as required
2026-09-15T22:55:00.0300641Z Running python3 /home/runner/work/_temp/nla-lean-tools/reproduction/checks/comparator_regressions.py
2026-09-15T22:55:00.0301646Z Log: /home/runner/work/_temp/nla-lean-tools/logs/verify-20260915T225458Z-4151/comparator-controls.log
2026-09-15T22:55:00.0618063Z Comparator regressions: RestrictAddressFamilies=~AF_UNIX; .tools/env.sh selects the real strict sandbox.
2026-09-15T22:55:00.0627840Z 
2026-09-15T22:55:00.0628150Z CASE simple_match
2026-09-15T22:55:02.1303473Z info: ComparatorRegression: no previous manifest, creating one from scratch
2026-09-15T22:55:02.1305303Z info: toolchain not updated; already up-to-date
2026-09-15T22:55:02.1305925Z Building Challenge
2026-09-15T22:55:02.1306715Z ⚠ [2/3] Built Challenge (221ms)
2026-09-15T22:55:02.1307288Z warning: Challenge.lean:1:8: declaration uses `sorry`
2026-09-15T22:55:02.1307874Z Build completed successfully (3 jobs).
2026-09-15T22:55:02.1309671Z Exporting #[Quot, Quot.mk, Quot.lift, Quot.ind, comm, propext, Quot.sound, Classical.choice, Nat.add, Nat.sub, Nat.mul, Nat.pow, Nat.gcd, Nat.div, Nat.mod, Nat.beq, Nat.ble, Nat.land, Nat.lor, Nat.xor, Nat.shiftLeft, Nat.shiftRight, String.ofList, Char.ofNat, List, eagerReduce, Nat, String, String.mk, Char, optParam, autoParam, semiOutParam, outParam] from Challenge
2026-09-15T22:55:02.1311190Z Building Solution
2026-09-15T22:55:02.1311777Z ✔ [2/3] Built Solution (223ms)
2026-09-15T22:55:02.1312290Z Build completed successfully (3 jobs).
2026-09-15T22:55:02.1314702Z Exporting #[Quot, Quot.mk, Quot.lift, Quot.ind, comm, propext, Quot.sound, Classical.choice, Nat.add, Nat.sub, Nat.mul, Nat.pow, Nat.gcd, Nat.div, Nat.mod, Nat.beq, Nat.ble, Nat.land, Nat.lor, Nat.xor, Nat.shiftLeft, Nat.shiftRight, String.ofList, Char.ofNat, List, eagerReduce, Nat, String, String.mk, Char, optParam, autoParam, semiOutParam, outParam] from Solution
2026-09-15T22:55:02.1316872Z Running Lean default kernel on solution.
2026-09-15T22:55:02.1317208Z Lean default kernel accepts the solution
2026-09-15T22:55:02.1317509Z Your solution is okay!
2026-09-15T22:55:02.1317884Z PASS simple_match: exit 0, expected 0; required phase: Your solution is okay!
2026-09-15T22:55:02.1318193Z 
2026-09-15T22:55:02.1318535Z CASE simple_mismatch
2026-09-15T22:55:04.0165018Z info: ComparatorRegression: no previous manifest, creating one from scratch
2026-09-15T22:55:04.0166138Z info: toolchain not updated; already up-to-date
2026-09-15T22:55:04.0166838Z Building Challenge
2026-09-15T22:55:04.0167723Z ⚠ [2/3] Built Challenge (230ms)
2026-09-15T22:55:04.0168494Z warning: Challenge.lean:1:8: declaration uses `sorry`
2026-09-15T22:55:04.0169295Z Build completed successfully (3 jobs).
2026-09-15T22:55:04.0172125Z Exporting #[Quot, Quot.mk, Quot.lift, Quot.ind, comm, propext, Quot.sound, Classical.choice, Nat.add, Nat.sub, Nat.mul, Nat.pow, Nat.gcd, Nat.div, Nat.mod, Nat.beq, Nat.ble, Nat.land, Nat.lor, Nat.xor, Nat.shiftLeft, Nat.shiftRight, String.ofList, Char.ofNat, List, eagerReduce, Nat, String, String.mk, Char, optParam, autoParam, semiOutParam, outParam] from Challenge
2026-09-15T22:55:04.0175109Z Building Solution
2026-09-15T22:55:04.0175676Z ✔ [2/3] Built Solution (225ms)
2026-09-15T22:55:04.0176215Z Build completed successfully (3 jobs).
2026-09-15T22:55:04.0178267Z Exporting #[Quot, Quot.mk, Quot.lift, Quot.ind, comm, propext, Quot.sound, Classical.choice, Nat.add, Nat.sub, Nat.mul, Nat.pow, Nat.gcd, Nat.div, Nat.mod, Nat.beq, Nat.ble, Nat.land, Nat.lor, Nat.xor, Nat.shiftLeft, Nat.shiftRight, String.ofList, Char.ofNat, List, eagerReduce, Nat, String, String.mk, Char, optParam, autoParam, semiOutParam, outParam] from Solution
2026-09-15T22:55:04.0180458Z uncaught exception: Challenge and solution constant kind don't match: 'comm'
2026-09-15T22:55:04.0181149Z PASS simple_mismatch: exit 1, expected 1; required phase: Challenge and solution constant kind don't match: 'comm'
2026-09-15T22:55:04.0181576Z 
2026-09-15T22:55:04.0181681Z CASE simple_axiom_issue
2026-09-15T22:55:05.9163803Z info: ComparatorRegression: no previous manifest, creating one from scratch
2026-09-15T22:55:05.9164387Z info: toolchain not updated; already up-to-date
2026-09-15T22:55:05.9164715Z Building Challenge
2026-09-15T22:55:05.9165497Z ⚠ [2/3] Built Challenge (220ms)
2026-09-15T22:55:05.9165858Z warning: Challenge.lean:1:8: declaration uses `sorry`
2026-09-15T22:55:05.9166238Z Build completed successfully (3 jobs).
2026-09-15T22:55:05.9167670Z Exporting #[Quot, Quot.mk, Quot.lift, Quot.ind, comm, propext, Quot.sound, Classical.choice, Nat.add, Nat.sub, Nat.mul, Nat.pow, Nat.gcd, Nat.div, Nat.mod, Nat.beq, Nat.ble, Nat.land, Nat.lor, Nat.xor, Nat.shiftLeft, Nat.shiftRight, String.ofList, Char.ofNat, List, eagerReduce, Nat, String, String.mk, Char, optParam, autoParam, semiOutParam, outParam] from Challenge
2026-09-15T22:55:05.9169042Z Building Solution
2026-09-15T22:55:05.9169382Z ✔ [2/3] Built Solution (221ms)
2026-09-15T22:55:05.9169662Z Build completed successfully (3 jobs).
2026-09-15T22:55:05.9171483Z Exporting #[Quot, Quot.mk, Quot.lift, Quot.ind, comm, propext, Quot.sound, Classical.choice, Nat.add, Nat.sub, Nat.mul, Nat.pow, Nat.gcd, Nat.div, Nat.mod, Nat.beq, Nat.ble, Nat.land, Nat.lor, Nat.xor, Nat.shiftLeft, Nat.shiftRight, String.ofList, Char.ofNat, List, eagerReduce, Nat, String, String.mk, Char, optParam, autoParam, semiOutParam, outParam] from Solution
2026-09-15T22:55:05.9173115Z uncaught exception: Illegal axiom detected: 'helper'
2026-09-15T22:55:05.9174291Z PASS simple_axiom_issue: exit 1, expected 1; required phase: Illegal axiom detected: 'helper'
2026-09-15T22:55:05.9174705Z 
2026-09-15T22:55:05.9174822Z CASE simple_kind_mismatch
2026-09-15T22:55:07.7685667Z info: ComparatorRegression: no previous manifest, creating one from scratch
2026-09-15T22:55:07.7686507Z info: toolchain not updated; already up-to-date
2026-09-15T22:55:07.7687013Z Building Challenge
2026-09-15T22:55:07.7687669Z ⚠ [2/3] Built Challenge (217ms)
2026-09-15T22:55:07.7688181Z warning: Challenge.lean:1:8: declaration uses `sorry`
2026-09-15T22:55:07.7688553Z Build completed successfully (3 jobs).
2026-09-15T22:55:07.7690238Z Exporting #[Quot, Quot.mk, Quot.lift, Quot.ind, comm, propext, Quot.sound, Classical.choice, Nat.add, Nat.sub, Nat.mul, Nat.pow, Nat.gcd, Nat.div, Nat.mod, Nat.beq, Nat.ble, Nat.land, Nat.lor, Nat.xor, Nat.shiftLeft, Nat.shiftRight, String.ofList, Char.ofNat, List, eagerReduce, Nat, String, String.mk, Char, optParam, autoParam, semiOutParam, outParam] from Challenge
2026-09-15T22:55:07.7691651Z Building Solution
2026-09-15T22:55:07.7691934Z ✔ [2/3] Built Solution (220ms)
2026-09-15T22:55:07.7692216Z Build completed successfully (3 jobs).
2026-09-15T22:55:07.7694369Z Exporting #[Quot, Quot.mk, Quot.lift, Quot.ind, comm, propext, Quot.sound, Classical.choice, Nat.add, Nat.sub, Nat.mul, Nat.pow, Nat.gcd, Nat.div, Nat.mod, Nat.beq, Nat.ble, Nat.land, Nat.lor, Nat.xor, Nat.shiftLeft, Nat.shiftRight, String.ofList, Char.ofNat, List, eagerReduce, Nat, String, String.mk, Char, optParam, autoParam, semiOutParam, outParam] from Solution
2026-09-15T22:55:07.7696138Z uncaught exception: Illegal axiom detected: 'helper'
2026-09-15T22:55:07.7696677Z PASS simple_kind_mismatch: exit 1, expected 1; required phase: Illegal axiom detected: 'helper'
2026-09-15T22:55:07.7701860Z 
2026-09-15T22:55:07.7702155Z CASE type_mismatch
2026-09-15T22:55:09.6067066Z info: ComparatorRegression: no previous manifest, creating one from scratch
2026-09-15T22:55:09.6068383Z info: toolchain not updated; already up-to-date
2026-09-15T22:55:09.6069152Z Building Challenge
2026-09-15T22:55:09.6069977Z ✔ [2/3] Built Challenge (220ms)
2026-09-15T22:55:09.6070624Z Build completed successfully (3 jobs).
2026-09-15T22:55:09.6073469Z Exporting #[Quot, Quot.mk, Quot.lift, Quot.ind, checked, propext, Quot.sound, Classical.choice, Nat.add, Nat.sub, Nat.mul, Nat.pow, Nat.gcd, Nat.div, Nat.mod, Nat.beq, Nat.ble, Nat.land, Nat.lor, Nat.xor, Nat.shiftLeft, Nat.shiftRight, String.ofList, Char.ofNat, List, eagerReduce, Nat, String, String.mk, Char, optParam, autoParam, semiOutParam, outParam] from Challenge
2026-09-15T22:55:09.6076433Z Building Solution
2026-09-15T22:55:09.6077086Z ✔ [2/3] Built Solution (220ms)
2026-09-15T22:55:09.6077711Z Build completed successfully (3 jobs).
2026-09-15T22:55:09.6080512Z Exporting #[Quot, Quot.mk, Quot.lift, Quot.ind, checked, propext, Quot.sound, Classical.choice, Nat.add, Nat.sub, Nat.mul, Nat.pow, Nat.gcd, Nat.div, Nat.mod, Nat.beq, Nat.ble, Nat.land, Nat.lor, Nat.xor, Nat.shiftLeft, Nat.shiftRight, String.ofList, Char.ofNat, List, eagerReduce, Nat, String, String.mk, Char, optParam, autoParam, semiOutParam, outParam] from Solution
2026-09-15T22:55:09.6083500Z uncaught exception: Challenge and solution theorem statement do not match: 'checked'
2026-09-15T22:55:09.6085242Z PASS type_mismatch: exit 1, expected 1; required phase: Challenge and solution theorem statement do not match: 'checked'
2026-09-15T22:55:09.6110685Z PASS: all five Comparator regressions
2026-09-15T22:55:09.6188593Z Running systemd-run --user --quiet --wait --pipe --collect -p 'RestrictAddressFamilies=~AF_UNIX' --working-directory /home/runner/work/_temp/nla-lean-tools/.verification-tmp/nla-axiom-9q8jgxdf /usr/bin/env -i PATH=/home/runner/.elan/toolchains/leanprover--lean4---v4.33.1/bin:/home/runner/.elan/bin:/home/runner/go/bin:/opt/hostedtoolcache/go/1.27.1/x64/bin:/snap/bin:/home/runner/.local/bin:/opt/pipx_bin:/home/runner/.cargo/bin:/home/runner/.config/composer/vendor/bin:/usr/local/.ghcup/bin:/home/runner/.dotnet/tools:/usr/local/sbin:/usr/local/bin:/usr/sbin:/usr/bin:/sbin:/bin:/usr/games:/usr/local/games:/snap/bin HOME=/home/runner LANG=C.UTF-8 XDG_RUNTIME_DIR=/run/user/1001 DBUS_SESSION_BUS_ADDRESS=unix:path=/run/user/1001/bus GIT_TERMINAL_PROMPT=0 GIT_CONFIG_NOSYSTEM=1 GIT_CONFIG_GLOBAL=/dev/null COMPARATOR_BIN=/home/runner/work/_temp/nla-lean-tools/.tools/comparator/.lake/build/bin/comparator COMPARATOR_LEAN4EXPORT=/home/runner/work/_temp/nla-lean-tools/.tools/lean4export/.lake/build/bin/lean4export COMPARATOR_LANDRUN=/home/runner/work/_temp/nla-lean-tools/scripts/strict_landrun.py XDG_CACHE_HOME=/home/runner/work/_temp/nla-lean-tools/.tools/cache TMPDIR=/home/runner/work/_temp/nla-lean-tools/.verification-tmp lake env /home/runner/work/_temp/nla-lean-tools/.tools/comparator/.lake/build/bin/comparator comparator.json
2026-09-15T22:55:09.6196086Z Log: /home/runner/work/_temp/nla-lean-tools/logs/verify-20260915T225458Z-4151/negative-sorry.log
2026-09-15T22:55:09.6805603Z info: NlaAxiomFixture: no previous manifest, creating one from scratch
2026-09-15T22:55:09.6824650Z info: toolchain not updated; already up-to-date
2026-09-15T22:55:09.7513239Z Building Challenge
2026-09-15T22:55:10.6523857Z ✔ [2/3] Built Challenge (794ms)
2026-09-15T22:55:10.6526941Z Build completed successfully (3 jobs).
2026-09-15T22:55:11.5519871Z Exporting #[Quot, Quot.mk, Quot.lift, Quot.ind, checked, Classical.choice, Quot.sound, propext, Nat.add, Nat.sub, Nat.mul, Nat.pow, Nat.gcd, Nat.div, Nat.mod, Nat.beq, Nat.ble, Nat.land, Nat.lor, Nat.xor, Nat.shiftLeft, Nat.shiftRight, String.ofList, Char.ofNat, List, eagerReduce, Nat, String, String.mk, Char, optParam, autoParam, semiOutParam, outParam] from Challenge
2026-09-15T22:55:11.5521372Z Building Solution
2026-09-15T22:55:12.4463491Z ⚠ [2/3] Built Solution (794ms)
2026-09-15T22:55:12.4464453Z warning: Solution.lean:2:8: declaration uses `sorry`
2026-09-15T22:55:12.4466962Z Build completed successfully (3 jobs).
2026-09-15T22:55:13.4394170Z Exporting #[Quot, Quot.mk, Quot.lift, Quot.ind, checked, Classical.choice, Quot.sound, propext, Nat.add, Nat.sub, Nat.mul, Nat.pow, Nat.gcd, Nat.div, Nat.mod, Nat.beq, Nat.ble, Nat.land, Nat.lor, Nat.xor, Nat.shiftLeft, Nat.shiftRight, String.ofList, Char.ofNat, List, eagerReduce, Nat, String, String.mk, Char, optParam, autoParam, semiOutParam, outParam] from Solution
2026-09-15T22:55:13.4398592Z uncaught exception: Illegal axiom detected: 'sorryAx'
2026-09-15T22:55:13.4505381Z Running systemd-run --user --quiet --wait --pipe --collect -p 'RestrictAddressFamilies=~AF_UNIX' --working-directory /home/runner/work/_temp/nla-lean-tools/.verification-tmp/nla-axiom-c6ufeutd /usr/bin/env -i PATH=/home/runner/.elan/toolchains/leanprover--lean4---v4.33.1/bin:/home/runner/.elan/bin:/home/runner/go/bin:/opt/hostedtoolcache/go/1.27.1/x64/bin:/snap/bin:/home/runner/.local/bin:/opt/pipx_bin:/home/runner/.cargo/bin:/home/runner/.config/composer/vendor/bin:/usr/local/.ghcup/bin:/home/runner/.dotnet/tools:/usr/local/sbin:/usr/local/bin:/usr/sbin:/usr/bin:/sbin:/bin:/usr/games:/usr/local/games:/snap/bin HOME=/home/runner LANG=C.UTF-8 XDG_RUNTIME_DIR=/run/user/1001 DBUS_SESSION_BUS_ADDRESS=unix:path=/run/user/1001/bus GIT_TERMINAL_PROMPT=0 GIT_CONFIG_NOSYSTEM=1 GIT_CONFIG_GLOBAL=/dev/null COMPARATOR_BIN=/home/runner/work/_temp/nla-lean-tools/.tools/comparator/.lake/build/bin/comparator COMPARATOR_LEAN4EXPORT=/home/runner/work/_temp/nla-lean-tools/.tools/lean4export/.lake/build/bin/lean4export COMPARATOR_LANDRUN=/home/runner/work/_temp/nla-lean-tools/scripts/strict_landrun.py XDG_CACHE_HOME=/home/runner/work/_temp/nla-lean-tools/.tools/cache TMPDIR=/home/runner/work/_temp/nla-lean-tools/.verification-tmp lake env /home/runner/work/_temp/nla-lean-tools/.tools/comparator/.lake/build/bin/comparator comparator.json
2026-09-15T22:55:13.4510701Z Log: /home/runner/work/_temp/nla-lean-tools/logs/verify-20260915T225458Z-4151/negative-native.log
2026-09-15T22:55:13.5082718Z info: NlaAxiomFixture: no previous manifest, creating one from scratch
2026-09-15T22:55:13.5083800Z info: toolchain not updated; already up-to-date
2026-09-15T22:55:13.5804725Z Building Challenge
2026-09-15T22:55:14.5733865Z ✔ [2/3] Built Challenge (806ms)
2026-09-15T22:55:14.5744355Z Build completed successfully (3 jobs).
2026-09-15T22:55:15.4991914Z Exporting #[Quot, Quot.mk, Quot.lift, Quot.ind, checked, Classical.choice, Quot.sound, propext, Nat.add, Nat.sub, Nat.mul, Nat.pow, Nat.gcd, Nat.div, Nat.mod, Nat.beq, Nat.ble, Nat.land, Nat.lor, Nat.xor, Nat.shiftLeft, Nat.shiftRight, String.ofList, Char.ofNat, List, eagerReduce, Nat, String, String.mk, Char, optParam, autoParam, semiOutParam, outParam] from Challenge
2026-09-15T22:55:15.4994675Z Building Solution
2026-09-15T22:55:16.4959192Z ✔ [2/3] Built Solution (800ms)
2026-09-15T22:55:16.4964292Z Build completed successfully (3 jobs).
2026-09-15T22:55:17.4794829Z Exporting #[Quot, Quot.mk, Quot.lift, Quot.ind, checked, Classical.choice, Quot.sound, propext, Nat.add, Nat.sub, Nat.mul, Nat.pow, Nat.gcd, Nat.div, Nat.mod, Nat.beq, Nat.ble, Nat.land, Nat.lor, Nat.xor, Nat.shiftLeft, Nat.shiftRight, String.ofList, Char.ofNat, List, eagerReduce, Nat, String, String.mk, Char, optParam, autoParam, semiOutParam, outParam] from Solution
2026-09-15T22:55:17.4796853Z uncaught exception: Illegal axiom detected: 'checked._native.native_decide.ax_1_1'
2026-09-15T22:55:17.8197042Z Running lake env true
2026-09-15T22:55:17.8197925Z Log: /home/runner/work/_temp/nla-lean-tools/logs/verify-20260915T225458Z-4151/dependencies.log
2026-09-15T22:55:17.8565757Z info: leancert: cloning https://github.com/alerad/leancert
2026-09-15T22:55:18.4658096Z info: leancert: checking out revision '621a43d7cf21f87872392a01e874f2f1dbddc926'
2026-09-15T22:55:18.5009591Z info: mathlib: cloning https://github.com/leanprover-community/mathlib4.git
2026-09-15T22:55:50.2081415Z info: mathlib: checking out revision '0df444a360eaa60ab8c11dca51a86af692955474'
2026-09-15T22:55:52.0872351Z info: plausible: cloning https://github.com/leanprover-community/plausible
2026-09-15T22:55:52.2983498Z info: plausible: checking out revision 'b7eb3304aeae834b12dda98993a37f6a41f6f0bb'
2026-09-15T22:55:52.3110344Z info: LeanSearchClient: cloning https://github.com/leanprover-community/LeanSearchClient
2026-09-15T22:55:52.5458625Z info: LeanSearchClient: checking out revision '5f4d51b81cbd3f6b32b156bfad9056621a040404'
2026-09-15T22:55:52.5575672Z info: importGraph: cloning https://github.com/leanprover-community/import-graph
2026-09-15T22:55:52.8316441Z info: importGraph: checking out revision '16f02aa7642864af59f1ff0e384a015994db9118'
2026-09-15T22:55:52.8467232Z info: proofwidgets: cloning https://github.com/leanprover-community/ProofWidgets4
2026-09-15T22:55:53.3048862Z info: proofwidgets: checking out revision '4be2e3d5087eeb272cf5a8853b8f9dd025ef5957'
2026-09-15T22:55:53.9447913Z info: aesop: cloning https://github.com/leanprover-community/aesop
2026-09-15T22:55:54.4736141Z info: aesop: checking out revision '3448c0bcc5ce01b2d1546e483ec3620e32df3d0e'
2026-09-15T22:55:54.4909794Z info: Qq: cloning https://github.com/leanprover-community/quote4
2026-09-15T22:55:54.7390260Z info: Qq: checking out revision '92c15be17b7caf78c2ad767ec40f89052d908d81'
2026-09-15T22:55:54.7517452Z info: batteries: cloning https://github.com/leanprover-community/batteries
2026-09-15T22:55:57.0590520Z info: batteries: checking out revision '4488d40d070b9700d4d5a6aa342f0d40c31b2a2d'
2026-09-15T22:55:57.0849607Z info: Cli: cloning https://github.com/leanprover/lean4-cli
2026-09-15T22:55:57.3276805Z info: Cli: checking out revision '6130a47896ce867c6a4a55373441e59e565bad0f'
2026-09-15T22:55:57.4380331Z Running lake exe cache get
2026-09-15T22:55:57.4381154Z Log: /home/runner/work/_temp/nla-lean-tools/logs/verify-20260915T225458Z-4151/mathlib-cache.log
2026-09-15T22:55:58.4046191Z ✔ [2/26] Built Cache.Cli (360ms)
2026-09-15T22:55:58.5030096Z ✔ [5/26] Built Cache.Lean (478ms)
2026-09-15T22:55:58.7029002Z ✔ [6/26] Built Cache.Cli:c.o (244ms)
2026-09-15T22:55:58.7029739Z ✔ [7/26] Built Cache.Lean:c.o (208ms)
2026-09-15T22:55:58.9032000Z ✔ [8/26] Built Cache.Infra (548ms)
2026-09-15T22:55:59.2035941Z ✔ [9/26] Built Cache.Infra:c.o (232ms)
2026-09-15T22:55:59.4065221Z ✔ [10/26] Built Batteries.Tactic.OpenPrivate (1.0s)
2026-09-15T22:56:00.8064865Z ✔ [11/26] Built Batteries.Tactic.OpenPrivate:c.o (1.4s)
2026-09-15T22:56:00.9067464Z ✔ [12/26] Built Cache.IO (1.5s)
2026-09-15T22:56:01.7086235Z ✔ [13/26] Built Cache.Hashing (800ms)
2026-09-15T22:56:02.3073350Z ✔ [14/26] Built Cache.Hashing:c.o (656ms)
2026-09-15T22:56:02.6070349Z ✔ [15/26] Built Cache.IO:c.o (1.8s)
2026-09-15T22:56:03.9084925Z ✔ [16/26] Built Cache.Requests (2.2s)
2026-09-15T22:56:04.5116501Z ✔ [17/26] Built Cache.Marker (595ms)
2026-09-15T22:56:04.6108370Z ✔ [18/26] Built Cache.Marker:c.o (152ms)
2026-09-15T22:56:05.3155796Z ✔ [19/26] Built Cache.Query (797ms)
2026-09-15T22:56:05.6131679Z ✔ [20/26] Built Cache.Query:c.o (344ms)
2026-09-15T22:56:06.1136202Z ✔ [21/26] Built Cache.Warning (832ms)
2026-09-15T22:56:06.5140304Z ✔ [22/26] Built Cache.Warning:c.o (430ms)
2026-09-15T22:56:07.2148104Z ✔ [23/26] Built Cache.Requests:c.o (3.3s)
2026-09-15T22:56:07.4150046Z ✔ [24/26] Built Cache.Main (1.3s)
2026-09-15T22:56:08.4151839Z ✔ [25/26] Built Cache.Main:c.o (978ms)
2026-09-15T22:56:09.1159463Z ✔ [26/26] Built cache:exe (720ms)
2026-09-15T22:56:11.9466681Z Current branch: HEAD
2026-09-15T22:56:11.9467568Z Using cache from origin: (some leanprover-community/mathlib4)
2026-09-15T22:56:11.9468881Z Attempting to download 8690 file(s) from leanprover-community/mathlib4 cache at https://lakecache.blob.core.windows.net/mathlib4-master
2026-09-15T22:56:13.1487935Z 
2026-09-15T22:56:13.2575272Z Downloaded: 1 file(s) [attempted 1/8690 = 0%, 15 KB/s], Decompressed: 0
2026-09-15T22:56:13.3532931Z Downloaded: 92 file(s) [attempted 92/8690 = 1%, 1656 KB/s], Decompressed: 14
2026-09-15T22:56:13.4571161Z Downloaded: 207 file(s) [attempted 207/8690 = 2%, 2997 KB/s], Decompressed: 14
2026-09-15T22:56:13.5554816Z Downloaded: 337 file(s) [attempted 337/8690 = 3%, 690 KB/s], Decompressed: 55
2026-09-15T22:56:13.6560758Z Downloaded: 472 file(s) [attempted 472/8690 = 5%, 1007 KB/s], Decompressed: 55
2026-09-15T22:56:13.7604924Z Downloaded: 589 file(s) [attempted 589/8690 = 6%, 446 KB/s], Decompressed: 55
2026-09-15T22:56:13.8624682Z Downloaded: 731 file(s) [attempted 731/8690 = 8%, 548 KB/s], Decompressed: 55
2026-09-15T22:56:13.9612184Z Downloaded: 873 file(s) [attempted 873/8690 = 10%, 913 KB/s], Decompressed: 55
2026-09-15T22:56:14.0675154Z Downloaded: 1008 file(s) [attempted 1008/8690 = 11%, 169 KB/s], Decompressed: 55
2026-09-15T22:56:14.1705116Z Downloaded: 1131 file(s) [attempted 1131/8690 = 13%, 261 KB/s], Decompressed: 55
2026-09-15T22:56:14.2701958Z Downloaded: 1250 file(s) [attempted 1250/8690 = 14%, 1579 KB/s], Decompressed: 55
2026-09-15T22:56:14.3727783Z Downloaded: 1392 file(s) [attempted 1392/8690 = 16%, 922 KB/s], Decompressed: 239
2026-09-15T22:56:14.4778362Z Downloaded: 1525 file(s) [attempted 1525/8690 = 17%, 1089 KB/s], Decompressed: 239
2026-09-15T22:56:14.5757172Z Downloaded: 1657 file(s) [attempted 1657/8690 = 19%, 3595 KB/s], Decompressed: 239
2026-09-15T22:56:14.6875261Z Downloaded: 1785 file(s) [attempted 1785/8690 = 20%, 183 KB/s], Decompressed: 239
2026-09-15T22:56:14.7895677Z Downloaded: 1895 file(s) [attempted 1895/8690 = 21%, 114 KB/s], Decompressed: 239
2026-09-15T22:56:14.8901807Z Downloaded: 1998 file(s) [attempted 1998/8690 = 22%, 2111 KB/s], Decompressed: 239
2026-09-15T22:56:14.9883346Z Downloaded: 2126 file(s) [attempted 2126/8690 = 24%, 1343 KB/s], Decompressed: 239
2026-09-15T22:56:15.0911057Z Downloaded: 2261 file(s) [attempted 2261/8690 = 26%, 431 KB/s], Decompressed: 239
2026-09-15T22:56:15.1921509Z Downloaded: 2407 file(s) [attempted 2407/8690 = 27%, 257 KB/s], Decompressed: 239
2026-09-15T22:56:15.2954982Z Downloaded: 2542 file(s) [attempted 2542/8690 = 29%, 656 KB/s], Decompressed: 239
2026-09-15T22:56:15.3962604Z Downloaded: 2670 file(s) [attempted 2670/8690 = 30%, 1253 KB/s], Decompressed: 239
2026-09-15T22:56:15.4995096Z Downloaded: 2798 file(s) [attempted 2798/8690 = 32%, 2589 KB/s], Decompressed: 239
2026-09-15T22:56:15.5995125Z Downloaded: 2931 file(s) [attempted 2931/8690 = 33%, 210 KB/s], Decompressed: 239
2026-09-15T22:56:15.6969890Z Downloaded: 3050 file(s) [attempted 3050/8690 = 35%, 887 KB/s], Decompressed: 239
2026-09-15T22:56:15.7967740Z Downloaded: 3192 file(s) [attempted 3192/8690 = 36%, 1068 KB/s], Decompressed: 239
2026-09-15T22:56:15.9014911Z Downloaded: 3327 file(s) [attempted 3327/8690 = 38%, 364 KB/s], Decompressed: 239
2026-09-15T22:56:16.0065053Z Downloaded: 3452 file(s) [attempted 3452/8690 = 39%, 1560 KB/s], Decompressed: 239
2026-09-15T22:56:16.1074707Z Downloaded: 3585 file(s) [attempted 3585/8690 = 41%, 2558 KB/s], Decompressed: 239
2026-09-15T22:56:16.2057723Z Downloaded: 3713 file(s) [attempted 3713/8690 = 42%, 1755 KB/s], Decompressed: 239
2026-09-15T22:56:16.3085474Z Downloaded: 3859 file(s) [attempted 3859/8690 = 44%, 2898 KB/s], Decompressed: 239
2026-09-15T22:56:16.4065792Z Downloaded: 4010 file(s) [attempted 4010/8690 = 46%, 565 KB/s], Decompressed: 239
2026-09-15T22:56:16.5101623Z Downloaded: 4154 file(s) [attempted 4154/8690 = 47%, 251 KB/s], Decompressed: 239
2026-09-15T22:56:16.6095007Z Downloaded: 4282 file(s) [attempted 4282/8690 = 49%, 518 KB/s], Decompressed: 239
2026-09-15T22:56:16.7170522Z Downloaded: 4410 file(s) [attempted 4410/8690 = 50%, 228 KB/s], Decompressed: 239
2026-09-15T22:56:16.8166460Z Downloaded: 4539 file(s) [attempted 4539/8690 = 52%, 3077 KB/s], Decompressed: 239
2026-09-15T22:56:16.9215051Z Downloaded: 4680 file(s) [attempted 4680/8690 = 53%, 332 KB/s], Decompressed: 239
2026-09-15T22:56:17.0244842Z Downloaded: 4792 file(s) [attempted 4792/8690 = 55%, 511 KB/s], Decompressed: 239
2026-09-15T22:56:17.1210345Z Downloaded: 4926 file(s) [attempted 4926/8690 = 56%, 1660 KB/s], Decompressed: 239
2026-09-15T22:56:17.2207211Z Downloaded: 5068 file(s) [attempted 5068/8690 = 58%, 1580 KB/s], Decompressed: 239
2026-09-15T22:56:17.3223488Z Downloaded: 5215 file(s) [attempted 5215/8690 = 60%, 2216 KB/s], Decompressed: 239
2026-09-15T22:56:17.4285404Z Downloaded: 5357 file(s) [attempted 5357/8690 = 61%, 435 KB/s], Decompressed: 239
2026-09-15T22:56:17.5275191Z Downloaded: 5494 file(s) [attempted 5494/8690 = 63%, 1488 KB/s], Decompressed: 239
2026-09-15T22:56:17.6276939Z Downloaded: 5645 file(s) [attempted 5645/8690 = 64%, 5286 KB/s], Decompressed: 239
2026-09-15T22:56:17.7285402Z Downloaded: 5789 file(s) [attempted 5789/8690 = 66%, 1149 KB/s], Decompressed: 239
2026-09-15T22:56:17.8286453Z Downloaded: 5922 file(s) [attempted 5922/8690 = 68%, 1993 KB/s], Decompressed: 239
2026-09-15T22:56:17.9273127Z Downloaded: 6059 file(s) [attempted 6059/8690 = 69%, 1034 KB/s], Decompressed: 239
2026-09-15T22:56:18.0298229Z Downloaded: 6195 file(s) [attempted 6195/8690 = 71%, 861 KB/s], Decompressed: 239
2026-09-15T22:56:18.1278911Z Downloaded: 6297 file(s) [attempted 6297/8690 = 72%, 1131 KB/s], Decompressed: 239
2026-09-15T22:56:18.2301236Z Downloaded: 6370 file(s) [attempted 6370/8690 = 73%, 1386 KB/s], Decompressed: 239
2026-09-15T22:56:18.3354952Z Downloaded: 6480 file(s) [attempted 6480/8690 = 74%, 2318 KB/s], Decompressed: 239
2026-09-15T22:56:18.4374856Z Downloaded: 6592 file(s) [attempted 6592/8690 = 75%, 392 KB/s], Decompressed: 239
2026-09-15T22:56:18.5364814Z Downloaded: 6741 file(s) [attempted 6741/8690 = 77%, 1265 KB/s], Decompressed: 239
2026-09-15T22:56:18.6367137Z Downloaded: 6855 file(s) [attempted 6855/8690 = 78%, 999 KB/s], Decompressed: 239
2026-09-15T22:56:18.7367708Z Downloaded: 7001 file(s) [attempted 7001/8690 = 80%, 694 KB/s], Decompressed: 239
2026-09-15T22:56:18.8375281Z Downloaded: 7151 file(s) [attempted 7151/8690 = 82%, 214 KB/s], Decompressed: 1271
2026-09-15T22:56:18.9371208Z Downloaded: 7292 file(s) [attempted 7292/8690 = 83%, 337 KB/s], Decompressed: 1271
2026-09-15T22:56:19.0595624Z Downloaded: 7437 file(s) [attempted 7437/8690 = 85%, 3992 KB/s], Decompressed: 1271
2026-09-15T22:56:19.1592679Z Downloaded: 7566 file(s) [attempted 7566/8690 = 87%, 1103 KB/s], Decompressed: 1271
2026-09-15T22:56:19.2605795Z Downloaded: 7715 file(s) [attempted 7715/8690 = 88%, 378 KB/s], Decompressed: 1271
2026-09-15T22:56:19.3604940Z Downloaded: 7861 file(s) [attempted 7861/8690 = 90%, 1097 KB/s], Decompressed: 1271
2026-09-15T22:56:19.4625017Z Downloaded: 8003 file(s) [attempted 8003/8690 = 92%, 1204 KB/s], Decompressed: 1271
2026-09-15T22:56:19.5675150Z Downloaded: 8154 file(s) [attempted 8154/8690 = 93%, 4701 KB/s], Decompressed: 1271
2026-09-15T22:56:19.6691356Z Downloaded: 8284 file(s) [attempted 8284/8690 = 95%, 826 KB/s], Decompressed: 1271
2026-09-15T22:56:19.7682773Z Downloaded: 8433 file(s) [attempted 8433/8690 = 97%, 1454 KB/s], Decompressed: 1271
2026-09-15T22:56:19.9054947Z Downloaded: 8581 file(s) [attempted 8581/8690 = 98%, 510 KB/s], Decompressed: 1271
2026-09-15T22:56:19.9074878Z Downloaded: 8689 file(s) [attempted 8689/8690 = 99%, 281 KB/s], Decompressed: 1271
2026-09-15T22:56:19.9076195Z Downloaded: 8690 file(s) [attempted 8690/8690 = 100%, 281 KB/s], Decompressed: 1271
2026-09-15T22:56:40.8987337Z Decompressed 8690 file(s)
2026-09-15T22:56:40.8987690Z Already decompressed 8690 file(s)
2026-09-15T22:56:40.9715245Z Running systemd-run --user --quiet --wait --pipe --collect -p 'RestrictAddressFamilies=~AF_UNIX' --working-directory /home/runner/work/_temp/nla-lean-tools/.verification-tmp/nla-fresh-proof-d474muno/project /usr/bin/env -i PATH=/home/runner/.elan/toolchains/leanprover--lean4---v4.33.1/bin:/home/runner/.elan/bin:/home/runner/go/bin:/opt/hostedtoolcache/go/1.27.1/x64/bin:/snap/bin:/home/runner/.local/bin:/opt/pipx_bin:/home/runner/.cargo/bin:/home/runner/.config/composer/vendor/bin:/usr/local/.ghcup/bin:/home/runner/.dotnet/tools:/usr/local/sbin:/usr/local/bin:/usr/sbin:/usr/bin:/sbin:/bin:/usr/games:/usr/local/games:/snap/bin HOME=/home/runner LANG=C.UTF-8 XDG_RUNTIME_DIR=/run/user/1001 DBUS_SESSION_BUS_ADDRESS=unix:path=/run/user/1001/bus GIT_TERMINAL_PROMPT=0 GIT_CONFIG_NOSYSTEM=1 GIT_CONFIG_GLOBAL=/dev/null COMPARATOR_BIN=/home/runner/work/_temp/nla-lean-tools/.tools/comparator/.lake/build/bin/comparator COMPARATOR_LEAN4EXPORT=/home/runner/work/_temp/nla-lean-tools/.tools/lean4export/.lake/build/bin/lean4export COMPARATOR_LANDRUN=/home/runner/work/_temp/nla-lean-tools/scripts/strict_landrun.py XDG_CACHE_HOME=/home/runner/work/_temp/nla-lean-tools/.tools/cache TMPDIR=/home/runner/work/_temp/nla-lean-tools/.verification-tmp lake env /home/runner/work/_temp/nla-lean-tools/.tools/comparator/.lake/build/bin/comparator comparator.json
2026-09-15T22:56:40.9722042Z Log: /home/runner/work/_temp/nla-lean-tools/logs/verify-20260915T225458Z-4151/comparator.log
2026-09-15T22:56:41.6359949Z Building Challenge
2026-09-15T22:56:45.5847767Z ✔ [2722/2724] Built NLA.MF24.Definitions (2.2s)
2026-09-15T22:56:47.8872040Z ⚠ [2723/2724] Built Challenge (2.2s)
2026-09-15T22:56:47.8872981Z warning: Challenge.lean:26:8: declaration uses `sorry`
2026-09-15T22:56:47.8874257Z warning: Challenge.lean:34:8: declaration uses `sorry`
2026-09-15T22:56:47.8874980Z warning: Challenge.lean:44:8: declaration uses `sorry`
2026-09-15T22:56:47.8875683Z warning: Challenge.lean:51:8: declaration uses `sorry`
2026-09-15T22:56:47.8876260Z warning: Challenge.lean:61:8: declaration uses `sorry`
2026-09-15T22:56:47.8876849Z warning: Challenge.lean:70:8: declaration uses `sorry`
2026-09-15T22:56:47.8877429Z warning: Challenge.lean:81:8: declaration uses `sorry`
2026-09-15T22:56:47.8878135Z warning: Challenge.lean:93:8: declaration uses `sorry`
2026-09-15T22:56:47.8878764Z warning: Challenge.lean:100:8: declaration uses `sorry`
2026-09-15T22:56:47.8879378Z warning: Challenge.lean:109:8: declaration uses `sorry`
2026-09-15T22:56:47.8880114Z warning: Challenge.lean:117:8: declaration uses `sorry`
2026-09-15T22:56:47.8880801Z warning: Challenge.lean:123:8: declaration uses `sorry`
2026-09-15T22:56:47.8881285Z warning: Challenge.lean:130:8: declaration uses `sorry`
2026-09-15T22:56:47.8882021Z warning: Challenge.lean:139:8: declaration uses `sorry`
2026-09-15T22:56:47.8882736Z warning: Challenge.lean:147:8: declaration uses `sorry`
2026-09-15T22:56:47.8883269Z warning: Challenge.lean:156:8: declaration uses `sorry`
2026-09-15T22:56:47.8884024Z warning: Challenge.lean:166:8: declaration uses `sorry`
2026-09-15T22:56:47.8884663Z warning: Challenge.lean:175:8: declaration uses `sorry`
2026-09-15T22:56:47.8885193Z warning: Challenge.lean:182:8: declaration uses `sorry`
2026-09-15T22:56:47.8885718Z warning: Challenge.lean:191:8: declaration uses `sorry`
2026-09-15T22:56:47.8886243Z warning: Challenge.lean:198:8: declaration uses `sorry`
2026-09-15T22:56:47.8886770Z warning: Challenge.lean:207:8: declaration uses `sorry`
2026-09-15T22:56:47.8970578Z Build completed successfully (2724 jobs).
2026-09-15T22:56:59.8859209Z Exporting #[Quot, Quot.mk, Quot.lift, Quot.ind, NLA.MF24.family_dimensions, NLA.MF24.source_words_eq_height_shifts, NLA.MF24.height_shift_powers, NLA.MF24.family_nilpotent_nonnegative, NLA.MF24.polynomial_degree_evaluation, NLA.MF24.polynomial_entries, NLA.MF24.gram_continuant, NLA.MF24.gram_transfer, NLA.MF24.transfer_bridge, NLA.MF24.family_gram_charpoly, NLA.MF24.gram_singular_bridge, NLA.MF24.family_super_identical, NLA.MF24.first_row_and_nonzero, NLA.MF24.polynomial_numerator_bound, NLA.MF24.residue_geometry, NLA.MF24.residue_weight_bounds, NLA.MF24.polynomial_denominator_energy, NLA.MF24.polynomial_denominator_bound, NLA.MF24.polynomial_norm_ratio, NLA.MF24.finite_rational_family_ratio, NLA.MF24.arbitrarily_large_ratios, NLA.MF24.no_uniform_comparison, propext, Classical.choice, Quot.sound, Nat.add, Nat.sub, Nat.mul, Nat.pow, Nat.gcd, Nat.div, Nat.mod, Nat.beq, Nat.ble, Nat.land, Nat.lor, Nat.xor, Nat.shiftLeft, Nat.shiftRight, String.ofList, Char.ofNat, List, eagerReduce, Nat, String, String.mk, Char, optParam, autoParam, semiOutParam, outParam] from Challenge
2026-09-15T22:56:59.8867242Z Building Solution
2026-09-15T22:57:06.1556034Z ✔ [3251/3273] Built LeanCert.Tactic.Verification (4.2s)
2026-09-15T22:57:06.4876658Z ⚠ [3252/3273] Built NLA.MF24.GramEntries (4.5s)
2026-09-15T22:57:06.4877613Z warning: NLA/MF24/GramEntries.lean:29:32: This simp argument is unused:
2026-09-15T22:57:06.4878741Z   Matrix.one_apply
2026-09-15T22:57:06.4879057Z 
2026-09-15T22:57:06.4914261Z Hint: Omit it from the simp argument list.
2026-09-15T22:57:06.4914959Z   [apply] simp [scalarShift, wordShift, hi]
2026-09-15T22:57:06.4915394Z 
2026-09-15T22:57:06.4974491Z Note: This linter can be disabled with `set_option linter.unusedSimpArgs false`
2026-09-15T22:57:06.4975561Z warning: NLA/MF24/GramEntries.lean:29:50: This simp argument is unused:
2026-09-15T22:57:06.4976284Z   hi
2026-09-15T22:57:06.4976485Z 
2026-09-15T22:57:06.4976706Z Hint: Omit it from the simp argument list.
2026-09-15T22:57:06.4977347Z   [apply] simp [scalarShift, wordShift, Matrix.one_apply]
2026-09-15T22:57:06.4977872Z 
2026-09-15T22:57:06.4978389Z Note: This linter can be disabled with `set_option linter.unusedSimpArgs false`
2026-09-15T22:57:06.4979284Z warning: NLA/MF24/GramEntries.lean:34:32: This simp argument is unused:
2026-09-15T22:57:06.4980065Z   Matrix.one_apply
2026-09-15T22:57:06.4980393Z 
2026-09-15T22:57:06.4984537Z Hint: Omit it from the simp argument list.
2026-09-15T22:57:06.4985406Z   [apply] simp [scalarShift, wordShift, hij, hstep]
2026-09-15T22:57:06.4986068Z 
2026-09-15T22:57:06.4986645Z Note: This linter can be disabled with `set_option linter.unusedSimpArgs false`
2026-09-15T22:57:06.4987714Z warning: NLA/MF24/GramEntries.lean:65:32: This simp argument is unused:
2026-09-15T22:57:06.4988545Z   Matrix.one_apply
2026-09-15T22:57:06.4988898Z 
2026-09-15T22:57:06.4989245Z Hint: Omit it from the simp argument list.
2026-09-15T22:57:06.4989949Z   [apply] simp [scalarShift, wordShift]
2026-09-15T22:57:06.4990416Z 
2026-09-15T22:57:06.4990960Z Note: This linter can be disabled with `set_option linter.unusedSimpArgs false`
2026-09-15T22:57:06.4992019Z warning: NLA/MF24/GramEntries.lean:78:46: This simp argument is unused:
2026-09-15T22:57:06.4992848Z   Matrix.one_apply
2026-09-15T22:57:06.4993208Z 
2026-09-15T22:57:06.4993806Z Hint: Omit it from the simp argument list.
2026-09-15T22:57:06.4994646Z   [apply] simp [gramPencil, gram, Matrix.mul_apply, hij]
2026-09-15T22:57:06.4995204Z 
2026-09-15T22:57:06.4995764Z Note: This linter can be disabled with `set_option linter.unusedSimpArgs false`
2026-09-15T22:57:06.4996839Z warning: NLA/MF24/GramEntries.lean:139:8: This simp argument is unused:
2026-09-15T22:57:06.4997653Z   Fin.sum_univ_one
2026-09-15T22:57:06.4998011Z 
2026-09-15T22:57:06.4998354Z Hint: Omit it from the simp argument list.
2026-09-15T22:57:06.4999316Z   [apply] simp [shiftedWord_diag, shiftRadiusSq, Complex.normSq_eq_conj_mul_self]
2026-09-15T22:57:06.5000025Z 
2026-09-15T22:57:06.5000572Z Note: This linter can be disabled with `set_option linter.unusedSimpArgs false`
2026-09-15T22:57:06.5876878Z ✔ [3253/3273] Built NLA.MF24.Continuant (4.6s)
2026-09-15T22:57:11.9010550Z ⚠ [3254/3273] Built NLA.MF24.Powers (5.7s)
2026-09-15T22:57:11.9012158Z warning: NLA/MF24/Powers.lean:53:33: Unused tactic linter: `ring` does nothing
2026-09-15T22:57:11.9012963Z 
2026-09-15T22:57:11.9013860Z Note: This linter can be disabled with `set_option linter.unusedTactic false`
2026-09-15T22:57:11.9015108Z warning: NLA/MF24/Powers.lean:53:33: this tactic is never executed
2026-09-15T22:57:11.9015858Z 
2026-09-15T22:57:11.9016504Z Note: This linter can be disabled with `set_option linter.unreachableTactic false`
2026-09-15T22:57:11.9018033Z info: NLA/MF24/Powers.lean:82:0: 'NLA.MF24.height_shift_powers' depends on axioms: [propext, Classical.choice, Quot.sound]
2026-09-15T22:57:12.1013220Z ⚠ [3255/3273] Built NLA.MF24.Bridge (5.5s)
2026-09-15T22:57:12.1014486Z warning: NLA/MF24/Bridge.lean:30:21: Used `tac1 <;> tac2` where `(tac1; tac2)` would suffice
2026-09-15T22:57:12.1015190Z 
2026-09-15T22:57:12.1015715Z Note: This linter can be disabled with `set_option linter.unnecessarySeqFocus false`
2026-09-15T22:57:12.1017159Z info: NLA/MF24/Bridge.lean:73:0: 'NLA.MF24.transfer_bridge' depends on axioms: [propext, Classical.choice, Quot.sound]
2026-09-15T22:57:12.4019182Z ℹ [3256/3273] Built NLA.MF24.SpectralBridge (6.2s)
2026-09-15T22:57:12.4021043Z info: NLA/MF24/SpectralBridge.lean:68:0: 'NLA.MF24.gram_singular_bridge' depends on axioms: [propext, Classical.choice, Quot.sound]
2026-09-15T22:57:12.5066985Z ℹ [3257/3273] Built NLA.MF24.Dimensions (6.0s)
2026-09-15T22:57:12.5068182Z info: NLA/MF24/Dimensions.lean:66:0: 'NLA.MF24.family_dimensions' depends on axioms: [propext, Classical.choice, Quot.sound]
2026-09-15T22:57:15.8243112Z ℹ [3258/3273] Built NLA.MF24.GramContinuant (3.9s)
2026-09-15T22:57:15.8244773Z info: NLA/MF24/GramContinuant.lean:71:0: 'NLA.MF24.gram_continuant' depends on axioms: [propext, Classical.choice, Quot.sound]
2026-09-15T22:57:16.8283217Z ℹ [3259/3273] Built NLA.MF24.FamilyTransfer (4.3s)
2026-09-15T22:57:16.8284951Z info: NLA/MF24/FamilyTransfer.lean:67:0: 'NLA.MF24.family_transfer_value_eq' depends on axioms: [propext, Classical.choice, Quot.sound]
2026-09-15T22:57:17.1288658Z ⚠ [3260/3273] Built NLA.MF24.NormBasics (4.7s)
2026-09-15T22:57:17.1289766Z warning: NLA/MF24/NormBasics.lean:39:10: This simp argument is unused:
2026-09-15T22:57:17.1290868Z   Matrix.mulVec_single_one
2026-09-15T22:57:17.1291501Z 
2026-09-15T22:57:17.1291921Z Hint: Omit it from the simp argument list.
2026-09-15T22:57:17.1292783Z   [apply] simp [Matrix.conjTranspose_apply]
2026-09-15T22:57:17.1293368Z 
2026-09-15T22:57:17.1294313Z Note: This linter can be disabled with `set_option linter.unusedSimpArgs false`
2026-09-15T22:57:17.8337198Z ⚠ [3261/3273] Built NLA.MF24.Polynomial (5.3s)
2026-09-15T22:57:17.8339425Z warning: NLA/MF24/Polynomial.lean:66:36: Variable name `hm` is not explicitly referenced.
2026-09-15T22:57:17.8340395Z 
2026-09-15T22:57:17.8341480Z Hint: The binding can be removed (if unused) or named `_` (if used implicitly). Alternatively, prefix the name with `_` to silence this warning:
2026-09-15T22:57:17.8342854Z   [apply] _hm
2026-09-15T22:57:17.8343291Z 
2026-09-15T22:57:17.8344159Z Note: This linter can be disabled with `set_option linter.unusedVariables false`
2026-09-15T22:57:17.8345848Z info: NLA/MF24/Polynomial.lean:116:0: 'NLA.MF24.polynomial_degree_evaluation' depends on axioms: [propext, Classical.choice, Quot.sound]
2026-09-15T22:57:17.8347787Z info: NLA/MF24/Polynomial.lean:117:0: 'NLA.MF24.polynomial_entries' depends on axioms: [propext, Classical.choice, Quot.sound]
2026-09-15T22:57:19.7375889Z ✔ [3262/3273] Built NLA.MF24.Words (3.9s)
2026-09-15T22:57:19.8377253Z ℹ [3263/3273] Built NLA.MF24.Transfer (3.1s)
2026-09-15T22:57:19.8378448Z info: NLA/MF24/Transfer.lean:64:0: 'NLA.MF24.gram_transfer' depends on axioms: [propext, Classical.choice, Quot.sound]
2026-09-15T22:57:22.7469194Z ⚠ [3264/3273] Built NLA.MF24.FamilySpectrum (2.9s)
2026-09-15T22:57:22.7470179Z warning: NLA/MF24/FamilySpectrum.lean:31:33: This simp argument is unused:
2026-09-15T22:57:22.7471024Z   Matrix.diagonal_apply
2026-09-15T22:57:22.7471312Z 
2026-09-15T22:57:22.7471919Z Hint: Omit it from the simp argument list.
2026-09-15T22:57:22.7472707Z   [apply] simp [Matrix.scalar_apply, Matrix.one_apply, hij]
2026-09-15T22:57:22.7473219Z 
2026-09-15T22:57:22.7473979Z Note: This linter can be disabled with `set_option linter.unusedSimpArgs false`
2026-09-15T22:57:22.7475062Z warning: NLA/MF24/FamilySpectrum.lean:31:56: This simp argument is unused:
2026-09-15T22:57:22.7475849Z   Matrix.one_apply
2026-09-15T22:57:22.7476085Z 
2026-09-15T22:57:22.7476318Z Hint: Omit it from the simp argument list.
2026-09-15T22:57:22.7477092Z   [apply] simp [Matrix.scalar_apply, Matrix.diagonal_apply, hij]
2026-09-15T22:57:22.7477616Z 
2026-09-15T22:57:22.7478068Z Note: This linter can be disabled with `set_option linter.unusedSimpArgs false`
2026-09-15T22:57:22.7479204Z warning: NLA/MF24/FamilySpectrum.lean:53:13: Variable name `ht` is not explicitly referenced.
2026-09-15T22:57:22.7479887Z 
2026-09-15T22:57:22.7484518Z Hint: The binding can be removed (if unused) or named `_` (if used implicitly). Alternatively, prefix the name with `_` to silence this warning:
2026-09-15T22:57:22.7485768Z   [apply] _ht
2026-09-15T22:57:22.7486285Z 
2026-09-15T22:57:22.7486770Z Note: This linter can be disabled with `set_option linter.unusedVariables false`
2026-09-15T22:57:22.7488233Z info: NLA/MF24/FamilySpectrum.lean:67:0: 'NLA.MF24.family_gram_charpoly' depends on axioms: [propext, Classical.choice, Quot.sound]
2026-09-15T22:57:22.7490071Z info: NLA/MF24/FamilySpectrum.lean:68:0: 'NLA.MF24.family_super_identical' depends on axioms: [propext, Classical.choice, Quot.sound]
2026-09-15T22:57:23.2474347Z ⚠ [3265/3273] Built NLA.MF24.Heights (3.5s)
2026-09-15T22:57:23.2475459Z warning: NLA/MF24/Heights.lean:86:35: Unused tactic linter: `ring` does nothing
2026-09-15T22:57:23.2476227Z 
2026-09-15T22:57:23.2476965Z Note: This linter can be disabled with `set_option linter.unusedTactic false`
2026-09-15T22:57:23.2477876Z warning: NLA/MF24/Heights.lean:86:35: this tactic is never executed
2026-09-15T22:57:23.2478347Z 
2026-09-15T22:57:23.2478801Z Note: This linter can be disabled with `set_option linter.unreachableTactic false`
2026-09-15T22:57:23.2480098Z info: NLA/MF24/Heights.lean:174:0: 'NLA.MF24.source_words_eq_height_shifts' depends on axioms: [propext, Classical.choice, Quot.sound]
2026-09-15T22:57:23.2481672Z info: NLA/MF24/Heights.lean:175:0: 'NLA.MF24.family_nilpotent_nonnegative' depends on axioms: [propext, Classical.choice, Quot.sound]
2026-09-15T22:57:26.5578080Z ⚠ [3266/3273] Built NLA.MF24.Geometry (3.3s)
2026-09-15T22:57:26.5599809Z warning: NLA/MF24/Geometry.lean:136:34: Variable name `hm` is not explicitly referenced.
2026-09-15T22:57:26.5600790Z 
2026-09-15T22:57:26.5602433Z Hint: The binding can be removed (if unused) or named `_` (if used implicitly). Alternatively, prefix the name with `_` to silence this warning:
2026-09-15T22:57:26.5603814Z   [apply] _hm
2026-09-15T22:57:26.5604557Z 
2026-09-15T22:57:26.5605181Z Note: This linter can be disabled with `set_option linter.unusedVariables false`
2026-09-15T22:57:26.5607190Z info: NLA/MF24/Geometry.lean:162:0: 'NLA.MF24.residue_geometry' depends on axioms: [propext, Classical.choice, Quot.sound]
2026-09-15T22:57:26.6578500Z ⚠ [3267/3273] Built NLA.MF24.Numerator (3.4s)
2026-09-15T22:57:26.6579325Z warning: NLA/MF24/Numerator.lean:108:8: This simp argument is unused:
2026-09-15T22:57:26.6580068Z   abs_of_nonneg (sq_nonneg t)
2026-09-15T22:57:26.6580375Z 
2026-09-15T22:57:26.6580593Z Hint: Omit it from the simp argument list.
2026-09-15T22:57:26.6581546Z   [apply] simp [hs2, hh.2.2.1, Complex.norm_real, Real.norm_eq_abs, ← pow_mul]
2026-09-15T22:57:26.6582087Z 
2026-09-15T22:57:26.6582522Z Note: This linter can be disabled with `set_option linter.unusedSimpArgs false`
2026-09-15T22:57:26.6584114Z info: NLA/MF24/Numerator.lean:153:0: 'NLA.MF24.first_row_and_nonzero' depends on axioms: [propext, Classical.choice, Quot.sound]
2026-09-15T22:57:26.6586103Z info: NLA/MF24/Numerator.lean:154:0: 'NLA.MF24.polynomial_numerator_bound' depends on axioms: [propext, Classical.choice, Quot.sound]
2026-09-15T22:57:30.0619462Z ℹ [3268/3273] Built NLA.MF24.Weights (3.5s)
2026-09-15T22:57:30.0621918Z info: NLA/MF24/Weights.lean:98:0: 'NLA.MF24.residue_weight_bounds' depends on axioms: [propext, Classical.choice, Quot.sound]
2026-09-15T22:57:33.7667627Z ⚠ [3269/3273] Built NLA.MF24.Energy (3.7s)
2026-09-15T22:57:33.7668408Z warning: NLA/MF24/Energy.lean:97:21: This simp argument is unused:
2026-09-15T22:57:33.7669047Z   norm_mul
2026-09-15T22:57:33.7669240Z 
2026-09-15T22:57:33.7669441Z Hint: Omit it from the simp argument list.
2026-09-15T22:57:33.7669965Z   [apply] simp [hsmod]
2026-09-15T22:57:33.7670207Z 
2026-09-15T22:57:33.7670626Z Note: This linter can be disabled with `set_option linter.unusedSimpArgs false`
2026-09-15T22:57:33.7671585Z warning: NLA/MF24/Energy.lean:131:68: Unused tactic linter: `ring` does nothing
2026-09-15T22:57:33.7672127Z 
2026-09-15T22:57:33.7672527Z Note: This linter can be disabled with `set_option linter.unusedTactic false`
2026-09-15T22:57:33.7673428Z warning: NLA/MF24/Energy.lean:131:68: this tactic is never executed
2026-09-15T22:57:33.7674160Z 
2026-09-15T22:57:33.7675004Z Note: This linter can be disabled with `set_option linter.unreachableTactic false`
2026-09-15T22:57:33.7676381Z info: NLA/MF24/Energy.lean:173:0: 'NLA.MF24.polynomial_denominator_energy' depends on axioms: [propext, Classical.choice, Quot.sound]
2026-09-15T22:57:33.7678050Z info: NLA/MF24/Energy.lean:174:0: 'NLA.MF24.polynomial_denominator_bound' depends on axioms: [propext, Classical.choice, Quot.sound]
2026-09-15T22:57:36.6700300Z ⚠ [3270/3273] Built NLA.MF24.Ratios (2.9s)
2026-09-15T22:57:36.6701353Z warning: NLA/MF24/Ratios.lean:32:68: Unused tactic linter: `ring` does nothing
2026-09-15T22:57:36.6702048Z 
2026-09-15T22:57:36.6702575Z Note: This linter can be disabled with `set_option linter.unusedTactic false`
2026-09-15T22:57:36.6703417Z warning: NLA/MF24/Ratios.lean:32:68: this tactic is never executed
2026-09-15T22:57:36.6704145Z 
2026-09-15T22:57:36.6704487Z Note: This linter can be disabled with `set_option linter.unreachableTactic false`
2026-09-15T22:57:36.6705396Z info: NLA/MF24/Ratios.lean:83:0: 'NLA.MF24.polynomial_norm_ratio' depends on axioms: [propext, Classical.choice, Quot.sound]
2026-09-15T22:57:36.6706529Z info: NLA/MF24/Ratios.lean:84:0: 'NLA.MF24.finite_rational_family_ratio' depends on axioms: [propext, Classical.choice, Quot.sound]
2026-09-15T22:57:39.0729104Z ℹ [3271/3273] Built NLA.MF24.Unbounded (2.4s)
2026-09-15T22:57:39.0730691Z info: NLA/MF24/Unbounded.lean:39:0: 'NLA.MF24.arbitrarily_large_ratios' depends on axioms: [propext, Classical.choice, Quot.sound]
2026-09-15T22:57:39.0732841Z info: NLA/MF24/Unbounded.lean:40:0: 'NLA.MF24.no_uniform_comparison' depends on axioms: [propext, Classical.choice, Quot.sound]
2026-09-15T22:57:41.4756849Z ℹ [3272/3273] Built Solution (2.3s)
2026-09-15T22:57:41.4758034Z info: Solution.lean:42:0: 'NLA.MF24.family_dimensions' depends on axioms: [propext, Classical.choice, Quot.sound]
2026-09-15T22:57:41.4759537Z info: Solution.lean:43:0: 'NLA.MF24.source_words_eq_height_shifts' depends on axioms: [propext, Classical.choice, Quot.sound]
2026-09-15T22:57:41.4760986Z info: Solution.lean:44:0: 'NLA.MF24.height_shift_powers' depends on axioms: [propext, Classical.choice, Quot.sound]
2026-09-15T22:57:41.4762418Z info: Solution.lean:45:0: 'NLA.MF24.family_nilpotent_nonnegative' depends on axioms: [propext, Classical.choice, Quot.sound]
2026-09-15T22:57:41.4763999Z info: Solution.lean:46:0: 'NLA.MF24.polynomial_degree_evaluation' depends on axioms: [propext, Classical.choice, Quot.sound]
2026-09-15T22:57:41.4765217Z info: Solution.lean:47:0: 'NLA.MF24.polynomial_entries' depends on axioms: [propext, Classical.choice, Quot.sound]
2026-09-15T22:57:41.4766652Z info: Solution.lean:48:0: 'NLA.MF24.gram_continuant' depends on axioms: [propext, Classical.choice, Quot.sound]
2026-09-15T22:57:41.4768307Z info: Solution.lean:49:0: 'NLA.MF24.gram_transfer' depends on axioms: [propext, Classical.choice, Quot.sound]
2026-09-15T22:57:41.4805092Z info: Solution.lean:50:0: 'NLA.MF24.transfer_bridge' depends on axioms: [propext, Classical.choice, Quot.sound]
2026-09-15T22:57:41.4806297Z info: Solution.lean:51:0: 'NLA.MF24.family_gram_charpoly' depends on axioms: [propext, Classical.choice, Quot.sound]
2026-09-15T22:57:41.4807431Z info: Solution.lean:52:0: 'NLA.MF24.gram_singular_bridge' depends on axioms: [propext, Classical.choice, Quot.sound]
2026-09-15T22:57:41.4808540Z info: Solution.lean:53:0: 'NLA.MF24.family_super_identical' depends on axioms: [propext, Classical.choice, Quot.sound]
2026-09-15T22:57:41.4809665Z info: Solution.lean:54:0: 'NLA.MF24.first_row_and_nonzero' depends on axioms: [propext, Classical.choice, Quot.sound]
2026-09-15T22:57:41.4810823Z info: Solution.lean:55:0: 'NLA.MF24.polynomial_numerator_bound' depends on axioms: [propext, Classical.choice, Quot.sound]
2026-09-15T22:57:41.4811969Z info: Solution.lean:56:0: 'NLA.MF24.residue_geometry' depends on axioms: [propext, Classical.choice, Quot.sound]
2026-09-15T22:57:41.4813094Z info: Solution.lean:57:0: 'NLA.MF24.residue_weight_bounds' depends on axioms: [propext, Classical.choice, Quot.sound]
2026-09-15T22:57:41.4814793Z info: Solution.lean:58:0: 'NLA.MF24.polynomial_denominator_energy' depends on axioms: [propext, Classical.choice, Quot.sound]
2026-09-15T22:57:41.4816018Z info: Solution.lean:59:0: 'NLA.MF24.polynomial_denominator_bound' depends on axioms: [propext, Classical.choice, Quot.sound]
2026-09-15T22:57:41.4817179Z info: Solution.lean:60:0: 'NLA.MF24.polynomial_norm_ratio' depends on axioms: [propext, Classical.choice, Quot.sound]
2026-09-15T22:57:41.4818337Z info: Solution.lean:61:0: 'NLA.MF24.finite_rational_family_ratio' depends on axioms: [propext, Classical.choice, Quot.sound]
2026-09-15T22:57:41.4819526Z info: Solution.lean:62:0: 'NLA.MF24.arbitrarily_large_ratios' depends on axioms: [propext, Classical.choice, Quot.sound]
2026-09-15T22:57:41.4820664Z info: Solution.lean:63:0: 'NLA.MF24.no_uniform_comparison' depends on axioms: [propext, Classical.choice, Quot.sound]
2026-09-15T22:57:41.4907661Z Build completed successfully (3273 jobs).
2026-09-15T22:58:43.6471800Z Exporting #[Quot, Quot.mk, Quot.lift, Quot.ind, NLA.MF24.family_dimensions, NLA.MF24.source_words_eq_height_shifts, NLA.MF24.height_shift_powers, NLA.MF24.family_nilpotent_nonnegative, NLA.MF24.polynomial_degree_evaluation, NLA.MF24.polynomial_entries, NLA.MF24.gram_continuant, NLA.MF24.gram_transfer, NLA.MF24.transfer_bridge, NLA.MF24.family_gram_charpoly, NLA.MF24.gram_singular_bridge, NLA.MF24.family_super_identical, NLA.MF24.first_row_and_nonzero, NLA.MF24.polynomial_numerator_bound, NLA.MF24.residue_geometry, NLA.MF24.residue_weight_bounds, NLA.MF24.polynomial_denominator_energy, NLA.MF24.polynomial_denominator_bound, NLA.MF24.polynomial_norm_ratio, NLA.MF24.finite_rational_family_ratio, NLA.MF24.arbitrarily_large_ratios, NLA.MF24.no_uniform_comparison, propext, Classical.choice, Quot.sound, Nat.add, Nat.sub, Nat.mul, Nat.pow, Nat.gcd, Nat.div, Nat.mod, Nat.beq, Nat.ble, Nat.land, Nat.lor, Nat.xor, Nat.shiftLeft, Nat.shiftRight, String.ofList, Char.ofNat, List, eagerReduce, Nat, String, String.mk, Char, optParam, autoParam, semiOutParam, outParam] from Solution
2026-09-15T22:58:43.6479693Z Running Lean default kernel on solution.
2026-09-15T22:58:43.6480218Z Lean default kernel accepts the solution
2026-09-15T22:58:43.6480689Z Your solution is okay!
2026-09-15T22:58:48.9430410Z PASS: fresh Comparator run and all controls. Evidence: /home/runner/work/_temp/nla-lean-tools/logs/verify-20260915T225458Z-4151
2026-09-15T22:58:48.9640735Z Node 20 is being deprecated. This workflow is running with Node 24 by default. If you need to temporarily use Node 20, you can set the ACTIONS_ALLOW_USE_UNSECURE_NODE_VERSION=true environment variable. For more information see: https://github.blog/changelog/2025-09-19-deprecation-of-node-20-on-github-actions-runners/
2026-09-15T22:58:48.9642499Z ##[group]Run actions/upload-artifact@ea165f8d65b6e75b540449e92b4886f43607fa02
2026-09-15T22:58:48.9642992Z with:
2026-09-15T22:58:48.9643274Z   name: lean-MF-24
2026-09-15T22:58:48.9643878Z   path: /home/runner/work/_temp/nla-lean-tools/logs/
2026-09-15T22:58:48.9644325Z   if-no-files-found: warn
2026-09-15T22:58:48.9644657Z   compression-level: 6
2026-09-15T22:58:48.9644962Z   overwrite: false
2026-09-15T22:58:48.9645256Z   include-hidden-files: false
2026-09-15T22:58:48.9645507Z env:
2026-09-15T22:58:48.9645779Z   GOTOOLCHAIN: local
2026-09-15T22:58:48.9646093Z   XDG_RUNTIME_DIR: /run/user/1001
2026-09-15T22:58:48.9646524Z   DBUS_SESSION_BUS_ADDRESS: unix:path=/run/user/1001/bus
2026-09-15T22:58:48.9646924Z ##[endgroup]
2026-09-15T22:58:49.3205196Z (node:6189) [DEP0040] DeprecationWarning: The `punycode` module is deprecated. Please use a userland alternative instead.
2026-09-15T22:58:49.3206930Z (Use `node --trace-deprecation ...` to show where the warning was created)
2026-09-15T22:58:49.3307521Z With the provided path, there will be 13 files uploaded
2026-09-15T22:58:49.3314045Z Artifact name is valid!
2026-09-15T22:58:49.3315040Z Root directory input is valid!
2026-09-15T22:58:49.5451417Z Beginning upload of artifact content to blob storage
2026-09-15T22:58:49.5976863Z (node:6189) [DEP0169] DeprecationWarning: `url.parse()` behavior is not standardized and prone to errors that have security implications. Use the WHATWG URL API instead. CVEs are not issued for `url.parse()` vulnerabilities.
2026-09-15T22:58:49.6270424Z Uploaded bytes 19517
2026-09-15T22:58:49.6430202Z Finished uploading artifact content to blob storage!
2026-09-15T22:58:49.6431930Z SHA256 digest of uploaded artifact zip is 5affcbc2eabedda4b8f8b389a04bd51e7efbb6306ff63b273a4efc88a35ac542
2026-09-15T22:58:49.6432969Z Finalizing artifact upload
2026-09-15T22:58:49.8345992Z Artifact lean-MF-24.zip successfully finalized. Artifact ID 10422461856
2026-09-15T22:58:49.8347042Z Artifact lean-MF-24 has been successfully uploaded! Final size is 19517 bytes. Artifact ID is 10422461856
2026-09-15T22:58:49.8353400Z Artifact download URL: https://github.com/sgstepaniants/OpenProblemsInNLA/actions/runs/35033148310/artifacts/10422461856
2026-09-15T22:58:49.8541925Z Post job cleanup.
2026-09-15T22:58:49.9871589Z Node 20 is being deprecated. This workflow is running with Node 24 by default. If you need to temporarily use Node 20, you can set the ACTIONS_ALLOW_USE_UNSECURE_NODE_VERSION=true environment variable. For more information see: https://github.blog/changelog/2025-09-19-deprecation-of-node-20-on-github-actions-runners/
2026-09-15T22:58:49.9872871Z Post job cleanup.
2026-09-15T22:58:50.0922966Z [command]/usr/bin/git version
2026-09-15T22:58:50.0973097Z git version 2.55.0
2026-09-15T22:58:50.1017486Z Temporarily overriding HOME='/home/runner/work/_temp/84abf204-ac85-4177-a373-1708f02bee35' before making global git config changes
2026-09-15T22:58:50.1019283Z Adding repository directory to the temporary git global config as a safe directory
2026-09-15T22:58:50.1026603Z [command]/usr/bin/git config --global --add safe.directory /home/runner/work/OpenProblemsInNLA/OpenProblemsInNLA
2026-09-15T22:58:50.1073201Z [command]/usr/bin/git config --local --name-only --get-regexp core\.sshCommand
2026-09-15T22:58:50.1134496Z [command]/usr/bin/git submodule foreach --recursive sh -c "git config --local --name-only --get-regexp 'core\.sshCommand' && git config --local --unset-all 'core.sshCommand' || :"
2026-09-15T22:58:50.1584999Z [command]/usr/bin/git config --local --name-only --get-regexp http\.https\:\/\/github\.com\/\.extraheader
2026-09-15T22:58:50.1631401Z [command]/usr/bin/git submodule foreach --recursive sh -c "git config --local --name-only --get-regexp 'http\.https\:\/\/github\.com\/\.extraheader' && git config --local --unset-all 'http.https://github.com/.extraheader' || :"
2026-09-15T22:58:50.1942619Z [command]/usr/bin/git config --local --name-only --get-regexp ^includeIf\.gitdir:
2026-09-15T22:58:50.1990249Z [command]/usr/bin/git submodule foreach --recursive git config --local --show-origin --name-only --get-regexp remote.origin.url
2026-09-15T22:58:50.2488246Z Cleaning up orphan processes
2026-09-15T22:58:50.2944706Z ##[warning]Node.js 20 is deprecated. The following actions target Node.js 20 but are being forced to run on Node.js 24: actions/checkout@11d5960a326750d5838078e36cf38b85af677262, actions/upload-artifact@ea165f8d65b6e75b540449e92b4886f43607fa02. For more information see: https://github.blog/changelog/2025-09-19-deprecation-of-node-20-on-github-actions-runners/
