INDEPENDENT_EDGE NLA.MI03.modulus_semantics: [NLA.MI03.Mat, NLA.MI03.modulus_semantics_proved]
INDEPENDENT_EDGE NLA.MI03.Mat: []
INDEPENDENT_EDGE NLA.MI03.modulus_semantics_proved: [NLA.MI03.Mat,
 NLA.MI03.matrixModulus,
 NLA.MI03.operatorNorm,
 NLA.MI03.modulus_nonneg,
 NLA.MI03.modulus_square,
 NLA.MI03.modulus_norm]
INDEPENDENT_EDGE NLA.MI03.matrixModulus: [NLA.MI03.Mat,
 NLA.MI03.matrixModulus._proof_1,
 NLA.MI03.matrixModulus._proof_2,
 NLA.MI03.matrixModulus._proof_3,
 NLA.MI03.matrixModulus._proof_8,
 NLA.MI03.matrixModulus._proof_9]
INDEPENDENT_EDGE NLA.MI03.matrixModulus._proof_1: [NLA.MI03.Mat]
INDEPENDENT_EDGE NLA.MI03.matrixModulus._proof_2: [NLA.MI03.Mat]
INDEPENDENT_EDGE NLA.MI03.matrixModulus._proof_3: []
INDEPENDENT_EDGE NLA.MI03.matrixModulus._proof_8: [NLA.MI03.Mat]
INDEPENDENT_EDGE NLA.MI03.matrixModulus._proof_9: []
INDEPENDENT_EDGE NLA.MI03.operatorNorm: [NLA.MI03.Mat,
 NLA.MI03.operatorNorm._proof_1,
 NLA.MI03.operatorNorm._proof_2,
 NLA.MI03.operatorNorm._proof_3,
 NLA.MI03.operatorNorm._proof_4]
INDEPENDENT_EDGE NLA.MI03.operatorNorm._proof_1: []
INDEPENDENT_EDGE NLA.MI03.operatorNorm._proof_2: []
INDEPENDENT_EDGE NLA.MI03.operatorNorm._proof_3: []
INDEPENDENT_EDGE NLA.MI03.operatorNorm._proof_4: []
INDEPENDENT_EDGE NLA.MI03.modulus_nonneg: [NLA.MI03.Mat, NLA.MI03.matrixModulus]
INDEPENDENT_EDGE NLA.MI03.modulus_square: [NLA.MI03.Mat]
INDEPENDENT_EDGE NLA.MI03.modulus_norm: [NLA.MI03.Mat,
 NLA.MI03.operatorNorm,
 NLA.MI03.matrixModulus,
 NLA.MI03.operatorNorm_eq_l2]
INDEPENDENT_EDGE NLA.MI03.operatorNorm_eq_l2: [NLA.MI03.Mat]
INDEPENDENT_EDGE NLA.MI03.contraction_modulus: [NLA.MI03.Mat,
 NLA.MI03.operatorNorm,
 NLA.MI03.contraction_modulus_proved]
INDEPENDENT_EDGE NLA.MI03.contraction_modulus_proved: [NLA.MI03.Mat,
 NLA.MI03.operatorNorm,
 NLA.MI03.matrixModulus,
 NLA.MI03.modulus_nonneg,
 NLA.MI03.operatorNorm_eq_l2,
 NLA.MI03.modulus_norm]
INDEPENDENT_EDGE NLA.MI03.positive_decomposition: [NLA.MI03.Mat, NLA.MI03.positive_decomposition_proved]
INDEPENDENT_EDGE NLA.MI03.positive_decomposition_proved: [NLA.MI03.Mat,
 NLA.MI03.errorGap,
 NLA.MI03.matrixModulus,
 NLA.MI03.pairVariance,
 NLA.MI03.shiftedSquare,
 NLA.MI03.summandSum,
 NLA.MI03.pairVariance_identity,
 NLA.MI03.pairVariance._proof_1,
 NLA.MI03.modulusSum,
 NLA.MI03.modulus_square,
 NLA.MI03.pairVariance_posSemidef,
 NLA.MI03.shiftedSquare_posSemidef]
INDEPENDENT_EDGE NLA.MI03.errorGap: [NLA.MI03.Mat, NLA.MI03.modulusSum, NLA.MI03.matrixModulus, NLA.MI03.summandSum]
INDEPENDENT_EDGE NLA.MI03.modulusSum: [NLA.MI03.Mat, NLA.MI03.matrixModulus]
INDEPENDENT_EDGE NLA.MI03.summandSum: [NLA.MI03.Mat]
INDEPENDENT_EDGE NLA.MI03.pairVariance: [NLA.MI03.Mat, NLA.MI03.pairVariance._proof_1]
INDEPENDENT_EDGE NLA.MI03.pairVariance._proof_1: []
INDEPENDENT_EDGE NLA.MI03.shiftedSquare: [NLA.MI03.Mat,
 NLA.MI03.matrixModulus,
 NLA.MI03.summandSum,
 NLA.MI03.pairVariance._proof_1]
INDEPENDENT_EDGE NLA.MI03.pairVariance_identity: [NLA.MI03.Mat,
 NLA.MI03.pairVariance,
 NLA.MI03.summandSum,
 NLA.MI03.pairVariance._proof_1,
 NLA.MI03.pairVariance_identity._simp_1_2,
 NLA.MI03.pairVariance_identity._simp_1_4,
 NLA.MI03.pairVariance_identity._simp_1_5,
 NLA.MI03.pairVariance_identity._simp_1_3]
INDEPENDENT_EDGE NLA.MI03.pairVariance_identity._simp_1_2: []
INDEPENDENT_EDGE NLA.MI03.pairVariance_identity._simp_1_4: []
INDEPENDENT_EDGE NLA.MI03.pairVariance_identity._simp_1_5: []
INDEPENDENT_EDGE NLA.MI03.pairVariance_identity._simp_1_3: []
INDEPENDENT_EDGE NLA.MI03.pairVariance_posSemidef: [NLA.MI03.Mat,
 NLA.MI03.pairVariance._proof_1,
 NLA.MI03.pairVariance_posSemidef._simp_1_1]
INDEPENDENT_EDGE NLA.MI03.pairVariance_posSemidef._simp_1_1: []
INDEPENDENT_EDGE NLA.MI03.shiftedSquare_posSemidef: [NLA.MI03.Mat,
 NLA.MI03.matrixModulus,
 NLA.MI03.summandSum,
 NLA.MI03.modulus_nonneg,
 NLA.MI03.shiftedSquare,
 NLA.MI03.shiftedSquare_posSemidef._simp_1_1]
INDEPENDENT_EDGE NLA.MI03.shiftedSquare_posSemidef._simp_1_1: []
INDEPENDENT_EDGE NLA.MI03.universal_upper_bound: [NLA.MI03.universal_upper_bound_proved]
INDEPENDENT_EDGE NLA.MI03.universal_upper_bound_proved: [NLA.MI03.Mat,
 NLA.MI03.operatorNorm,
 NLA.MI03.errorGap,
 NLA.MI03.matrixModulus,
 NLA.MI03.contraction_modulus_proved,
 NLA.MI03.pairVariance,
 NLA.MI03.shiftedSquare,
 NLA.MI03.pairVariance_posSemidef,
 NLA.MI03.shiftedSquare_posSemidef,
 NLA.MI03.universal_upper_bound_proved._proof_1_1,
 NLA.MI03.positive_decomposition_proved]
INDEPENDENT_EDGE NLA.MI03.universal_upper_bound_proved._proof_1_1: []
INDEPENDENT_EDGE NLA.MI03.root_of_unity_data: [NLA.MI03.root_of_unity_data_proved]
INDEPENDENT_EDGE NLA.MI03.root_of_unity_data_proved: [NLA.MI03.root_of_unity_data_proved._proof_1_1,
 NLA.MI03.rootOfUnity,
 NLA.MI03.root_of_unity_data_proved._proof_1_2]
INDEPENDENT_EDGE NLA.MI03.root_of_unity_data_proved._proof_1_1: []
INDEPENDENT_EDGE NLA.MI03.rootOfUnity: [NLA.MI03.pairVariance._proof_1]
INDEPENDENT_EDGE NLA.MI03.root_of_unity_data_proved._proof_1_2: []
INDEPENDENT_EDGE NLA.MI03.sharpness_witness: [NLA.MI03.sharpness_witness_proved]
INDEPENDENT_EDGE NLA.MI03.sharpness_witness_proved: [NLA.MI03.witnessVector,
 NLA.MI03.operatorNorm,
 NLA.MI03.witness,
 NLA.MI03.Mat,
 NLA.MI03.matrixModulus,
 NLA.MI03.outerProduct,
 NLA.MI03.summandSum,
 NLA.MI03.firstProjection,
 NLA.MI03.modulusSum,
 NLA.MI03.witnessModulusSum,
 NLA.MI03.witnessDifference,
 NLA.MI03.witnessVector_norm,
 NLA.MI03.witness_norm,
 NLA.MI03.witness_modulus,
 NLA.MI03.witness_sum,
 NLA.MI03.witness_modulus_sum,
 NLA.MI03.witness_difference]
INDEPENDENT_EDGE NLA.MI03.witnessVector: [NLA.MI03.pairVariance._proof_1,
 NLA.MI03.witnessVector._proof_1,
 NLA.MI03.rootOfUnity]
INDEPENDENT_EDGE NLA.MI03.witnessVector._proof_1: []
INDEPENDENT_EDGE NLA.MI03.witness: [NLA.MI03.outerProduct, NLA.MI03.firstVector, NLA.MI03.witnessVector]
INDEPENDENT_EDGE NLA.MI03.outerProduct: []
INDEPENDENT_EDGE NLA.MI03.firstVector: []
INDEPENDENT_EDGE NLA.MI03.firstProjection: [NLA.MI03.outerProduct, NLA.MI03.firstVector]
INDEPENDENT_EDGE NLA.MI03.witnessModulusSum: [NLA.MI03.OddContractionConjecture._proof_1,
 NLA.MI03.witnessVector._proof_1]
INDEPENDENT_EDGE NLA.MI03.OddContractionConjecture._proof_1: []
INDEPENDENT_EDGE NLA.MI03.witnessDifference: [NLA.MI03.OddContractionConjecture._proof_1,
 NLA.MI03.witnessVector._proof_1]
INDEPENDENT_EDGE NLA.MI03.witnessVector_norm: [NLA.MI03.witnessVector,
 NLA.MI03.witnessVector_inner,
 NLA.MI03.witnessVector_norm._simp_1_1,
 NLA.MI03.witnessVector_norm._simp_1_2]
INDEPENDENT_EDGE NLA.MI03.witnessVector_inner: [NLA.MI03.witnessVector,
 NLA.MI03.pairVariance._proof_1,
 NLA.MI03.witnessVector._proof_1,
 NLA.MI03.rootOfUnity,
 NLA.MI03.root_power_star,
 NLA.MI03.sqrt_three_sq]
INDEPENDENT_EDGE NLA.MI03.root_power_star: [NLA.MI03.rootOfUnity, NLA.MI03.root_of_unity_data_proved]
INDEPENDENT_EDGE NLA.MI03.sqrt_three_sq: []
INDEPENDENT_EDGE NLA.MI03.witnessVector_norm._simp_1_1: []
INDEPENDENT_EDGE NLA.MI03.witnessVector_norm._simp_1_2: []
INDEPENDENT_EDGE NLA.MI03.witness_norm: [NLA.MI03.operatorNorm,
 NLA.MI03.witness,
 NLA.MI03.Mat,
 NLA.MI03.operatorNorm_eq_l2,
 NLA.MI03.firstProjection,
 NLA.MI03.witness_reverse_gram,
 NLA.MI03.firstProjection_norm]
INDEPENDENT_EDGE NLA.MI03.witness_reverse_gram: [NLA.MI03.Mat,
 NLA.MI03.witness,
 NLA.MI03.firstProjection,
 NLA.MI03.outerProduct,
 NLA.MI03.firstVector,
 NLA.MI03.witnessVector,
 NLA.MI03.witness.eq_1,
 NLA.MI03.outerProduct_star,
 NLA.MI03.outerProduct_mul,
 NLA.MI03.witnessVector_inner]
INDEPENDENT_EDGE NLA.MI03.witness.eq_1: [NLA.MI03.Mat, NLA.MI03.witness]
INDEPENDENT_EDGE NLA.MI03.outerProduct_star: [NLA.MI03.outerProduct]
INDEPENDENT_EDGE NLA.MI03.outerProduct_mul: [NLA.MI03.Mat, NLA.MI03.outerProduct]
INDEPENDENT_EDGE NLA.MI03.firstProjection_norm: [NLA.MI03.operatorNorm,
 NLA.MI03.firstProjection,
 NLA.MI03.Mat,
 NLA.MI03.operatorNorm_eq_l2,
 NLA.MI03.firstVector,
 NLA.MI03.firstProjection_diagonal]
INDEPENDENT_EDGE NLA.MI03.firstProjection_diagonal: [NLA.MI03.firstProjection, NLA.MI03.firstVector]
INDEPENDENT_EDGE NLA.MI03.witness_modulus: [NLA.MI03.Mat,
 NLA.MI03.matrixModulus._proof_1,
 NLA.MI03.matrixModulus._proof_2,
 NLA.MI03.matrixModulus._proof_3,
 NLA.MI03.matrixModulus._proof_8,
 NLA.MI03.matrixModulus._proof_9,
 NLA.MI03.witness,
 NLA.MI03.outerProduct,
 NLA.MI03.witnessVector,
 NLA.MI03.witnessModulus_idempotent,
 NLA.MI03.witness_gram,
 NLA.MI03.outerProduct_posSemidef]
INDEPENDENT_EDGE NLA.MI03.witnessModulus_idempotent: [NLA.MI03.Mat,
 NLA.MI03.outerProduct,
 NLA.MI03.witnessVector,
 NLA.MI03.outerProduct_mul,
 NLA.MI03.witnessVector_inner]
INDEPENDENT_EDGE NLA.MI03.witness_gram: [NLA.MI03.Mat,
 NLA.MI03.witness,
 NLA.MI03.outerProduct,
 NLA.MI03.witnessVector,
 NLA.MI03.firstVector,
 NLA.MI03.witness.eq_1,
 NLA.MI03.outerProduct_star,
 NLA.MI03.outerProduct_mul,
 NLA.MI03.firstVector_inner]
INDEPENDENT_EDGE NLA.MI03.firstVector_inner: [NLA.MI03.firstVector]
INDEPENDENT_EDGE NLA.MI03.outerProduct_posSemidef: []
INDEPENDENT_EDGE NLA.MI03.witness_sum: [NLA.MI03.Mat,
 NLA.MI03.summandSum,
 NLA.MI03.witness,
 NLA.MI03.firstProjection,
 NLA.MI03.firstVector,
 NLA.MI03.firstProjection_diagonal,
 NLA.MI03.rootOfUnity,
 NLA.MI03.witness_matrix,
 NLA.MI03.witness_sum._simp_1_1,
 NLA.MI03.conjugate_root_power_sum]
INDEPENDENT_EDGE NLA.MI03.witness_matrix: [NLA.MI03.witness,
 NLA.MI03.rootOfUnity,
 NLA.MI03.firstVector,
 NLA.MI03.witnessVector,
 NLA.MI03.witnessVector._proof_1,
 NLA.MI03.pairVariance._proof_1]
INDEPENDENT_EDGE NLA.MI03.witness_sum._simp_1_1: []
INDEPENDENT_EDGE NLA.MI03.conjugate_root_power_sum: [NLA.MI03.rootOfUnity, NLA.MI03.root_conjugate_sum]
INDEPENDENT_EDGE NLA.MI03.root_conjugate_sum: [NLA.MI03.rootOfUnity, NLA.MI03.root_of_unity_data_proved]
INDEPENDENT_EDGE NLA.MI03.witness_modulus_sum: [NLA.MI03.modulusSum,
 NLA.MI03.witness,
 NLA.MI03.witnessModulusSum,
 NLA.MI03.OddContractionConjecture._proof_1,
 NLA.MI03.Mat,
 NLA.MI03.matrixModulus,
 NLA.MI03.rootOfUnity,
 NLA.MI03.witness_modulus_matrix,
 NLA.MI03.witnessVector._proof_1,
 NLA.MI03.witness_modulus_sum._simp_1_2,
 NLA.MI03.conjugate_root_power_sum,
 NLA.MI03.root_of_unity_data_proved]
INDEPENDENT_EDGE NLA.MI03.witness_modulus_matrix: [NLA.MI03.Mat,
 NLA.MI03.matrixModulus,
 NLA.MI03.witness,
 NLA.MI03.rootOfUnity,
 NLA.MI03.outerProduct,
 NLA.MI03.witnessVector,
 NLA.MI03.witness_modulus,
 NLA.MI03.root_power_star,
 NLA.MI03.witnessVector._proof_1,
 NLA.MI03.pairVariance._proof_1,
 NLA.MI03.sqrt_three_sq]
INDEPENDENT_EDGE NLA.MI03.witness_modulus_sum._simp_1_2: []
INDEPENDENT_EDGE NLA.MI03.witness_difference: [NLA.MI03.Mat,
 NLA.MI03.matrixModulus,
 NLA.MI03.summandSum,
 NLA.MI03.witness,
 NLA.MI03.modulusSum,
 NLA.MI03.witnessDifference,
 NLA.MI03.witness_sum_modulus,
 NLA.MI03.firstProjection,
 NLA.MI03.witness_sum,
 NLA.MI03.witnessModulusSum,
 NLA.MI03.witness_modulus_sum,
 NLA.MI03.firstVector,
 NLA.MI03.firstProjection_diagonal,
 NLA.MI03.OddContractionConjecture._proof_1,
 NLA.MI03.witnessVector._proof_1]
INDEPENDENT_EDGE NLA.MI03.witness_sum_modulus: [NLA.MI03.Mat,
 NLA.MI03.matrixModulus._proof_1,
 NLA.MI03.matrixModulus._proof_2,
 NLA.MI03.matrixModulus._proof_8,
 NLA.MI03.matrixModulus._proof_3,
 NLA.MI03.matrixModulus._proof_9,
 NLA.MI03.summandSum,
 NLA.MI03.witness,
 NLA.MI03.witness_sum_posSemidef]
INDEPENDENT_EDGE NLA.MI03.witness_sum_posSemidef: [NLA.MI03.summandSum,
 NLA.MI03.witness,
 NLA.MI03.Mat,
 NLA.MI03.firstProjection,
 NLA.MI03.witness_sum,
 NLA.MI03.outerProduct,
 NLA.MI03.firstVector,
 NLA.MI03.outerProduct_posSemidef]
INDEPENDENT_EDGE NLA.MI03.sharp_constant: [NLA.MI03.sharp_constant_proved]
INDEPENDENT_EDGE NLA.MI03.sharp_constant_proved: [NLA.MI03.admissibleConstants,
 NLA.MI03.universal_upper_bound_proved,
 NLA.MI03.lower_bound_proved,
 NLA.MI03.sharpConstant]
INDEPENDENT_EDGE NLA.MI03.admissibleConstants: [NLA.MI03.AdmissibleConstant]
INDEPENDENT_EDGE NLA.MI03.AdmissibleConstant: [NLA.MI03.Mat, NLA.MI03.operatorNorm, NLA.MI03.errorGap]
INDEPENDENT_EDGE NLA.MI03.lower_bound_proved: [NLA.MI03.AdmissibleConstant,
 NLA.MI03.errorGap,
 NLA.MI03.witness,
 NLA.MI03.Mat,
 NLA.MI03.operatorNorm,
 NLA.MI03.witness_norm,
 NLA.MI03.witnessDifference,
 NLA.MI03.matrixModulus,
 NLA.MI03.summandSum,
 NLA.MI03.modulusSum,
 NLA.MI03.witness_difference,
 NLA.MI03.lower_bound_proved._abel_1_1,
 NLA.MI03.OddContractionConjecture._proof_1,
 NLA.MI03.witnessVector._proof_1]
INDEPENDENT_EDGE NLA.MI03.lower_bound_proved._abel_1_1: [NLA.MI03.Mat,
 NLA.MI03.modulusSum,
 NLA.MI03.witness,
 NLA.MI03.matrixModulus,
 NLA.MI03.summandSum]
INDEPENDENT_EDGE NLA.MI03.sharpConstant: [NLA.MI03.admissibleConstants]
INDEPENDENT_EDGE NLA.MI03.odd_contraction_conjecture: [NLA.MI03.odd_contraction_conjecture_proved]
INDEPENDENT_EDGE NLA.MI03.odd_contraction_conjecture_proved: [NLA.MI03.admissibleConstants,
 NLA.MI03.sharpConstant,
 NLA.MI03.sharp_constant_proved,
 NLA.MI03.odd_contraction_conjecture_proved._proof_1_1]
INDEPENDENT_EDGE NLA.MI03.odd_contraction_conjecture_proved._proof_1_1: []
INDEPENDENT_RETAINED: CFC.abs_mul_abs
INDEPENDENT_RETAINED: CFC.norm_abs
INDEPENDENT_RETAINED: CFC.sqrt_unique
INDEPENDENT_RETAINED: CFC.abs_of_nonneg
INDEPENDENT_RETAINED: CStarAlgebra.norm_le_one_iff_of_nonneg
INDEPENDENT_RETAINED: Commute.mul_nonneg
INDEPENDENT_RETAINED: Complex.isPrimitiveRoot_exp
INDEPENDENT_RETAINED: IsPrimitiveRoot.geom_sum_eq_zero
INDEPENDENT_RETAINED: EuclideanSpace.norm_sq_eq
INDEPENDENT_RETAINED: CStarRing.norm_self_mul_star
INDEPENDENT_RETAINED: Matrix.l2_opNorm_toEuclideanCLM
INDEPENDENT_RETAINED: IsLeast.csInf_eq
INDEPENDENT_RETAINED: Matrix.PosSemidef.diag_nonneg
INDEPENDENT_RETAINED: NLA.MI03.pairVariance_identity
INDEPENDENT_RETAINED: NLA.MI03.pairVariance_posSemidef
INDEPENDENT_RETAINED: NLA.MI03.shiftedSquare_posSemidef
INDEPENDENT_RETAINED: NLA.MI03.universal_upper_bound_proved
INDEPENDENT_RETAINED: NLA.MI03.witness_modulus
INDEPENDENT_RETAINED: NLA.MI03.witness_norm
INDEPENDENT_RETAINED: NLA.MI03.witness_sum
INDEPENDENT_RETAINED: NLA.MI03.witness_modulus_sum
INDEPENDENT_RETAINED: NLA.MI03.witness_difference
INDEPENDENT_RETAINED: NLA.MI03.lower_bound_proved
INDEPENDENT_RETAINED: NLA.MI03.sharp_constant_proved
INDEPENDENT_RETAINED: NLA.MI03.odd_contraction_conjecture_proved
INDEPENDENT_RETAINED: CFC.abs_nonneg
INDEPENDENT_RETAINED: Matrix.posSemidef_conjTranspose_mul_self
INDEPENDENT_RETAINED: Matrix.posSemidef_vecMulVec_self_star
INDEPENDENT_RETAINED: Matrix.l2_opNorm_diagonal
INDEPENDENT_RETAINED: NLA.MI03.witnessVector_norm
INDEPENDENT_RETAINED: NLA.MI03.witness_reverse_gram
INDEPENDENT_PROJECT_DECLARATIONS: 95
NLA.MI03.modulus_semantics {n : ℕ} (hn : 1 ≤ n) (A : NLA.MI03.Mat n) :
  Matrix.PosSemidef (NLA.MI03.matrixModulus A) ∧
    NLA.MI03.matrixModulus A * NLA.MI03.matrixModulus A = Matrix.conjTranspose A * A ∧
      NLA.MI03.operatorNorm (NLA.MI03.matrixModulus A) = NLA.MI03.operatorNorm A
NLA.MI03.contraction_modulus {n : ℕ} (hn : 1 ≤ n) (A : NLA.MI03.Mat n) (hA : NLA.MI03.operatorNorm A ≤ 1) :
  Matrix.PosSemidef (1 - NLA.MI03.matrixModulus A) ∧
    Matrix.PosSemidef (NLA.MI03.matrixModulus A - NLA.MI03.matrixModulus A * NLA.MI03.matrixModulus A)
NLA.MI03.positive_decomposition {n k : ℕ} (hn : 1 ≤ n) (hk : 2 ≤ k) (A : Fin k → NLA.MI03.Mat n) :
  ↑k • NLA.MI03.errorGap A (↑k / 4) =
      ↑k • ∑ j, (NLA.MI03.matrixModulus (A j) - NLA.MI03.matrixModulus (A j) * NLA.MI03.matrixModulus (A j)) +
          NLA.MI03.pairVariance A +
        NLA.MI03.shiftedSquare A ∧
    Matrix.PosSemidef (NLA.MI03.pairVariance A) ∧ Matrix.PosSemidef (NLA.MI03.shiftedSquare A)
NLA.MI03.universal_upper_bound (k : ℕ) (hk : 2 ≤ k) : NLA.MI03.AdmissibleConstant k (↑k / 4)
NLA.MI03.root_of_unity_data (k : ℕ) (hk : 2 ≤ k) : ‖NLA.MI03.rootOfUnity k‖ = 1 ∧ ∑ j, NLA.MI03.rootOfUnity k ^ ↑j = 0
NLA.MI03.sharpness_witness (k : ℕ) (hk : 2 ≤ k) :
  (∀ (j : Fin k), ‖WithLp.toLp 2 (NLA.MI03.witnessVector k j)‖ = 1) ∧
    (∀ (j : Fin k), NLA.MI03.operatorNorm (NLA.MI03.witness k j) = 1) ∧
      (∀ (j : Fin k),
          NLA.MI03.matrixModulus (NLA.MI03.witness k j) =
            NLA.MI03.outerProduct (NLA.MI03.witnessVector k j) (NLA.MI03.witnessVector k j)) ∧
        NLA.MI03.summandSum (NLA.MI03.witness k) = (↑k / 2) • NLA.MI03.firstProjection ∧
          NLA.MI03.modulusSum (NLA.MI03.witness k) = NLA.MI03.witnessModulusSum k ∧
            NLA.MI03.matrixModulus (NLA.MI03.summandSum (NLA.MI03.witness k)) -
                NLA.MI03.modulusSum (NLA.MI03.witness k) =
              NLA.MI03.witnessDifference k
NLA.MI03.sharp_constant (k : ℕ) (hk : 2 ≤ k) :
  IsLeast (NLA.MI03.admissibleConstants k) (↑k / 4) ∧ NLA.MI03.sharpConstant k = ↑k / 4
NLA.MI03.odd_contraction_conjecture : NLA.MI03.OddContractionConjecture
def NLA.MI03.operatorNorm : {n : Nat} → NLA.MI03.Mat n → Real :=
fun {n} A =>
  @norm
    (@ContinuousLinearMap Complex Complex
      (@DivisionSemiring.toSemiring Complex
        (@Semifield.toDivisionSemiring Complex
          (@Field.toSemifield Complex
            (@NormedField.toField Complex
              (@DenselyNormedField.toNormedField Complex (@RCLike.toDenselyNormedField Complex Complex.instRCLike))))))
      (@DivisionSemiring.toSemiring Complex
        (@Semifield.toDivisionSemiring Complex
          (@Field.toSemifield Complex
            (@NormedField.toField Complex
              (@DenselyNormedField.toNormedField Complex (@RCLike.toDenselyNormedField Complex Complex.instRCLike))))))
      (@RingHom.id Complex
        (@Semiring.toNonAssocSemiring Complex
          (@DivisionSemiring.toSemiring Complex
            (@Semifield.toDivisionSemiring Complex
              (@Field.toSemifield Complex
                (@NormedField.toField Complex
                  (@DenselyNormedField.toNormedField Complex
                    (@RCLike.toDenselyNormedField Complex Complex.instRCLike))))))))
      (EuclideanSpace Complex (Fin n))
      (@PiLp.topologicalSpace
        (@OfNat.ofNat ENNReal (nat_lit 2)
          (@instOfNatAtLeastTwo ENNReal (nat_lit 2)
            (@AddMonoidWithOne.toNatCast ENNReal
              (@AddCommMonoidWithOne.toAddMonoidWithOne ENNReal ENNReal.instAddCommMonoidWithOne))
            PiLp.innerProductSpace._proof_1))
        (Fin n) (fun x => Complex) fun i =>
        @UniformSpace.toTopologicalSpace Complex
          (@PseudoMetricSpace.toUniformSpace Complex
            (@SeminormedRing.toPseudoMetricSpace Complex
              (@SeminormedCommRing.toSeminormedRing Complex
                (@NormedCommRing.toSeminormedCommRing Complex
                  (@NormedField.toNormedCommRing Complex
                    (@DenselyNormedField.toNormedField Complex
                      (@RCLike.toDenselyNormedField Complex Complex.instRCLike))))))))
      (@AddCommGroup.toAddCommMonoid (EuclideanSpace Complex (Fin n))
        (@WithLp.instAddCommGroup
          (@OfNat.ofNat ENNReal (nat_lit 2)
            (@instOfNatAtLeastTwo ENNReal (nat_lit 2)
              (@AddMonoidWithOne.toNatCast ENNReal
                (@AddCommMonoidWithOne.toAddMonoidWithOne ENNReal ENNReal.instAddCommMonoidWithOne))
              PiLp.innerProductSpace._proof_1))
          ((i : Fin n) → (fun x => Complex) i)
          (@Pi.addCommGroup (Fin n) (fun x => Complex) fun i =>
            @Ring.toAddCommGroup Complex
              (@DivisionRing.toRing Complex
                (@Field.toDivisionRing Complex
                  (@NormedField.toField Complex
                    (@DenselyNormedField.toNormedField Complex
                      (@RCLike.toDenselyNormedField Complex Complex.instRCLike))))))))
      (EuclideanSpace Complex (Fin n))
      (@PiLp.topologicalSpace
        (@OfNat.ofNat ENNReal (nat_lit 2)
          (@instOfNatAtLeastTwo ENNReal (nat_lit 2)
            (@AddMonoidWithOne.toNatCast ENNReal
              (@AddCommMonoidWithOne.toAddMonoidWithOne ENNReal ENNReal.instAddCommMonoidWithOne))
            PiLp.innerProductSpace._proof_1))
        (Fin n) (fun x => Complex) fun i =>
        @UniformSpace.toTopologicalSpace Complex
          (@PseudoMetricSpace.toUniformSpace Complex
            (@SeminormedRing.toPseudoMetricSpace Complex
              (@SeminormedCommRing.toSeminormedRing Complex
                (@NormedCommRing.toSeminormedCommRing Complex
                  (@NormedField.toNormedCommRing Complex
                    (@DenselyNormedField.toNormedField Complex
                      (@RCLike.toDenselyNormedField Complex Complex.instRCLike))))))))
      (@AddCommGroup.toAddCommMonoid (EuclideanSpace Complex (Fin n))
        (@WithLp.instAddCommGroup
          (@OfNat.ofNat ENNReal (nat_lit 2)
            (@instOfNatAtLeastTwo ENNReal (nat_lit 2)
              (@AddMonoidWithOne.toNatCast ENNReal
                (@AddCommMonoidWithOne.toAddMonoidWithOne ENNReal ENNReal.instAddCommMonoidWithOne))
              PiLp.innerProductSpace._proof_1))
          ((i : Fin n) → (fun x => Complex) i)
          (@Pi.addCommGroup (Fin n) (fun x => Complex) fun i =>
            @Ring.toAddCommGroup Complex
              (@DivisionRing.toRing Complex
                (@Field.toDivisionRing Complex
                  (@NormedField.toField Complex
                    (@DenselyNormedField.toNormedField Complex
                      (@RCLike.toDenselyNormedField Complex Complex.instRCLike))))))))
      (@WithLp.instModule
        (@OfNat.ofNat ENNReal (nat_lit 2)
          (@instOfNatAtLeastTwo ENNReal (nat_lit 2)
            (@AddMonoidWithOne.toNatCast ENNReal
              (@AddCommMonoidWithOne.toAddMonoidWithOne ENNReal ENNReal.instAddCommMonoidWithOne))
            PiLp.innerProductSpace._proof_1))
        Complex ((i : Fin n) → (fun x => Complex) i)
        (@DivisionSemiring.toSemiring Complex
          (@Semifield.toDivisionSemiring Complex
            (@Field.toSemifield Complex
              (@NormedField.toField Complex
                (@DenselyNormedField.toNormedField Complex
                  (@RCLike.toDenselyNormedField Complex Complex.instRCLike))))))
        (@Pi.addCommGroup (Fin n) (fun x => Complex) fun i =>
          @Ring.toAddCommGroup Complex
            (@DivisionRing.toRing Complex
              (@Field.toDivisionRing Complex
                (@NormedField.toField Complex
                  (@DenselyNormedField.toNormedField Complex
                    (@RCLike.toDenselyNormedField Complex Complex.instRCLike))))))
        (@Pi.Function.module (Fin n) Complex Complex
          (@DivisionSemiring.toSemiring Complex
            (@Semifield.toDivisionSemiring Complex
              (@Field.toSemifield Complex
                (@NormedField.toField Complex
                  (@DenselyNormedField.toNormedField Complex
                    (@RCLike.toDenselyNormedField Complex Complex.instRCLike))))))
          (@Semiring.toAddCommMonoid Complex
            (@Ring.toSemiring Complex
              (@DivisionRing.toRing Complex
                (@Field.toDivisionRing Complex
                  (@NormedField.toField Complex
                    (@DenselyNormedField.toNormedField Complex
                      (@RCLike.toDenselyNormedField Complex Complex.instRCLike)))))))
          (@Semiring.toModule Complex
            (@DivisionSemiring.toSemiring Complex
              (@Semifield.toDivisionSemiring Complex
                (@Field.toSemifield Complex
                  (@NormedField.toField Complex
                    (@DenselyNormedField.toNormedField Complex
                      (@RCLike.toDenselyNormedField Complex Complex.instRCLike)))))))))
      (@WithLp.instModule
        (@OfNat.ofNat ENNReal (nat_lit 2)
          (@instOfNatAtLeastTwo ENNReal (nat_lit 2)
            (@AddMonoidWithOne.toNatCast ENNReal
              (@AddCommMonoidWithOne.toAddMonoidWithOne ENNReal ENNReal.instAddCommMonoidWithOne))
            PiLp.innerProductSpace._proof_1))
        Complex ((i : Fin n) → (fun x => Complex) i)
        (@DivisionSemiring.toSemiring Complex
          (@Semifield.toDivisionSemiring Complex
            (@Field.toSemifield Complex
              (@NormedField.toField Complex
                (@DenselyNormedField.toNormedField Complex
                  (@RCLike.toDenselyNormedField Complex Complex.instRCLike))))))
        (@Pi.addCommGroup (Fin n) (fun x => Complex) fun i =>
          @Ring.toAddCommGroup Complex
            (@DivisionRing.toRing Complex
              (@Field.toDivisionRing Complex
                (@NormedField.toField Complex
                  (@DenselyNormedField.toNormedField Complex
                    (@RCLike.toDenselyNormedField Complex Complex.instRCLike))))))
        (@Pi.Function.module (Fin n) Complex Complex
          (@DivisionSemiring.toSemiring Complex
            (@Semifield.toDivisionSemiring Complex
              (@Field.toSemifield Complex
                (@NormedField.toField Complex
                  (@DenselyNormedField.toNormedField Complex
                    (@RCLike.toDenselyNormedField Complex Complex.instRCLike))))))
          (@Semiring.toAddCommMonoid Complex
            (@Ring.toSemiring Complex
              (@DivisionRing.toRing Complex
                (@Field.toDivisionRing Complex
                  (@NormedField.toField Complex
                    (@DenselyNormedField.toNormedField Complex
                      (@RCLike.toDenselyNormedField Complex Complex.instRCLike)))))))
          (@Semiring.toModule Complex
            (@DivisionSemiring.toSemiring Complex
              (@Semifield.toDivisionSemiring Complex
                (@Field.toSemifield Complex
                  (@NormedField.toField Complex
                    (@DenselyNormedField.toNormedField Complex
                      (@RCLike.toDenselyNormedField Complex Complex.instRCLike))))))))))
    (@ContinuousLinearMap.hasOpNorm Complex Complex (EuclideanSpace Complex (Fin n)) (EuclideanSpace Complex (Fin n))
      (@PiLp.seminormedAddCommGroup
        (@OfNat.ofNat ENNReal (nat_lit 2)
          (@instOfNatAtLeastTwo ENNReal (nat_lit 2)
            (@AddMonoidWithOne.toNatCast ENNReal
              (@AddCommMonoidWithOne.toAddMonoidWithOne ENNReal ENNReal.instAddCommMonoidWithOne))
            PiLp.innerProductSpace._proof_1))
        (Fin n) (fun x => Complex) fact_one_le_two_ennreal (Fin.fintype n) fun i =>
        @NonUnitalSeminormedRing.toSeminormedAddCommGroup Complex
          (@NonUnitalSeminormedCommRing.toNonUnitalSeminormedRing Complex
            (@SeminormedCommRing.toNonUnitalSeminormedCommRing Complex
              (@NormedCommRing.toSeminormedCommRing Complex
                (@CommCStarAlgebra.toNormedCommRing Complex instCommCStarAlgebraComplex)))))
      (@PiLp.seminormedAddCommGroup
        (@OfNat.ofNat ENNReal (nat_lit 2)
          (@instOfNatAtLeastTwo ENNReal (nat_lit 2)
            (@AddMonoidWithOne.toNatCast ENNReal
              (@AddCommMonoidWithOne.toAddMonoidWithOne ENNReal ENNReal.instAddCommMonoidWithOne))
            PiLp.innerProductSpace._proof_1))
        (Fin n) (fun x => Complex) fact_one_le_two_ennreal (Fin.fintype n) fun i =>
        @NonUnitalSeminormedRing.toSeminormedAddCommGroup Complex
          (@NonUnitalSeminormedCommRing.toNonUnitalSeminormedRing Complex
            (@SeminormedCommRing.toNonUnitalSeminormedCommRing Complex
              (@NormedCommRing.toSeminormedCommRing Complex
                (@CommCStarAlgebra.toNormedCommRing Complex instCommCStarAlgebraComplex)))))
      (@DenselyNormedField.toNontriviallyNormedField Complex Complex.instDenselyNormedField)
      (@DenselyNormedField.toNontriviallyNormedField Complex Complex.instDenselyNormedField)
      (@PiLp.normedSpace
        (@OfNat.ofNat ENNReal (nat_lit 2)
          (@instOfNatAtLeastTwo ENNReal (nat_lit 2)
            (@AddMonoidWithOne.toNatCast ENNReal
              (@AddCommMonoidWithOne.toAddMonoidWithOne ENNReal ENNReal.instAddCommMonoidWithOne))
            PiLp.innerProductSpace._proof_1))
        Complex (Fin n) (fun x => Complex) fact_one_le_two_ennreal (Fin.fintype n)
        (@NontriviallyNormedField.toNormedField Complex
          (@DenselyNormedField.toNontriviallyNormedField Complex Complex.instDenselyNormedField))
        (fun i =>
          @NonUnitalSeminormedRing.toSeminormedAddCommGroup Complex
            (@NonUnitalSeminormedCommRing.toNonUnitalSeminormedRing Complex
              (@SeminormedCommRing.toNonUnitalSeminormedCommRing Complex
                (@NormedCommRing.toSeminormedCommRing Complex
                  (@CommCStarAlgebra.toNormedCommRing Complex instCommCStarAlgebraComplex)))))
        fun i =>
        @NonUnitalCStarAlgebra.toNormedSpace Complex
          (@NonUnitalCommCStarAlgebra.toNonUnitalCStarAlgebra Complex
            (@CommCStarAlgebra.toNonUnitalCommCStarAlgebra Complex instCommCStarAlgebraComplex)))
      (@PiLp.normedSpace
        (@OfNat.ofNat ENNReal (nat_lit 2)
          (@instOfNatAtLeastTwo ENNReal (nat_lit 2)
            (@AddMonoidWithOne.toNatCast ENNReal
              (@AddCommMonoidWithOne.toAddMonoidWithOne ENNReal ENNReal.instAddCommMonoidWithOne))
            PiLp.innerProductSpace._proof_1))
        Complex (Fin n) (fun x => Complex) fact_one_le_two_ennreal (Fin.fintype n)
        (@NontriviallyNormedField.toNormedField Complex
          (@DenselyNormedField.toNontriviallyNormedField Complex Complex.instDenselyNormedField))
        (fun i =>
          @NonUnitalSeminormedRing.toSeminormedAddCommGroup Complex
            (@NonUnitalSeminormedCommRing.toNonUnitalSeminormedRing Complex
              (@SeminormedCommRing.toNonUnitalSeminormedCommRing Complex
                (@NormedCommRing.toSeminormedCommRing Complex
                  (@CommCStarAlgebra.toNormedCommRing Complex instCommCStarAlgebraComplex)))))
        fun i =>
        @NonUnitalCStarAlgebra.toNormedSpace Complex
          (@NonUnitalCommCStarAlgebra.toNonUnitalCStarAlgebra Complex
            (@CommCStarAlgebra.toNonUnitalCommCStarAlgebra Complex instCommCStarAlgebraComplex)))
      (@RingHom.id Complex
        (@Semiring.toNonAssocSemiring Complex
          (@DivisionSemiring.toSemiring Complex
            (@Semifield.toDivisionSemiring Complex
              (@Field.toSemifield Complex
                (@NormedField.toField Complex
                  (@DenselyNormedField.toNormedField Complex
                    (@RCLike.toDenselyNormedField Complex Complex.instRCLike)))))))))
    (@DFunLike.coe
      (@StarAlgEquiv Complex (Matrix (Fin n) (Fin n) Complex)
        (@ContinuousLinearMap Complex Complex
          (@DivisionSemiring.toSemiring Complex
            (@Semifield.toDivisionSemiring Complex
              (@Field.toSemifield Complex
                (@NormedField.toField Complex
                  (@DenselyNormedField.toNormedField Complex
                    (@RCLike.toDenselyNormedField Complex Complex.instRCLike))))))
          (@DivisionSemiring.toSemiring Complex
            (@Semifield.toDivisionSemiring Complex
              (@Field.toSemifield Complex
                (@NormedField.toField Complex
                  (@DenselyNormedField.toNormedField Complex
                    (@RCLike.toDenselyNormedField Complex Complex.instRCLike))))))
          (@RingHom.id Complex
            (@Semiring.toNonAssocSemiring Complex
              (@DivisionSemiring.toSemiring Complex
                (@Semifield.toDivisionSemiring Complex
                  (@Field.toSemifield Complex
                    (@NormedField.toField Complex
                      (@DenselyNormedField.toNormedField Complex
                        (@RCLike.toDenselyNormedField Complex Complex.instRCLike))))))))
          (EuclideanSpace Complex (Fin n))
          (@PiLp.topologicalSpace
            (@OfNat.ofNat ENNReal (nat_lit 2)
              (@instOfNatAtLeastTwo ENNReal (nat_lit 2)
                (@AddMonoidWithOne.toNatCast ENNReal
                  (@AddCommMonoidWithOne.toAddMonoidWithOne ENNReal ENNReal.instAddCommMonoidWithOne))
                PiLp.innerProductSpace._proof_1))
            (Fin n) (fun x => Complex) fun i =>
            @UniformSpace.toTopologicalSpace Complex
              (@PseudoMetricSpace.toUniformSpace Complex
                (@SeminormedRing.toPseudoMetricSpace Complex
                  (@SeminormedCommRing.toSeminormedRing Complex
                    (@NormedCommRing.toSeminormedCommRing Complex
                      (@NormedField.toNormedCommRing Complex
                        (@DenselyNormedField.toNormedField Complex
                          (@RCLike.toDenselyNormedField Complex Complex.instRCLike))))))))
          (@AddCommGroup.toAddCommMonoid (EuclideanSpace Complex (Fin n))
            (@WithLp.instAddCommGroup
              (@OfNat.ofNat ENNReal (nat_lit 2)
                (@instOfNatAtLeastTwo ENNReal (nat_lit 2)
                  (@AddMonoidWithOne.toNatCast ENNReal
                    (@AddCommMonoidWithOne.toAddMonoidWithOne ENNReal ENNReal.instAddCommMonoidWithOne))
                  PiLp.innerProductSpace._proof_1))
              ((i : Fin n) → (fun x => Complex) i)
              (@Pi.addCommGroup (Fin n) (fun x => Complex) fun i =>
                @Ring.toAddCommGroup Complex
                  (@DivisionRing.toRing Complex
                    (@Field.toDivisionRing Complex
                      (@NormedField.toField Complex
                        (@DenselyNormedField.toNormedField Complex
                          (@RCLike.toDenselyNormedField Complex Complex.instRCLike))))))))
          (EuclideanSpace Complex (Fin n))
          (@PiLp.topologicalSpace
            (@OfNat.ofNat ENNReal (nat_lit 2)
              (@instOfNatAtLeastTwo ENNReal (nat_lit 2)
                (@AddMonoidWithOne.toNatCast ENNReal
                  (@AddCommMonoidWithOne.toAddMonoidWithOne ENNReal ENNReal.instAddCommMonoidWithOne))
                PiLp.innerProductSpace._proof_1))
            (Fin n) (fun x => Complex) fun i =>
            @UniformSpace.toTopologicalSpace Complex
              (@PseudoMetricSpace.toUniformSpace Complex
                (@SeminormedRing.toPseudoMetricSpace Complex
                  (@SeminormedCommRing.toSeminormedRing Complex
                    (@NormedCommRing.toSeminormedCommRing Complex
                      (@NormedField.toNormedCommRing Complex
                        (@DenselyNormedField.toNormedField Complex
                          (@RCLike.toDenselyNormedField Complex Complex.instRCLike))))))))
          (@AddCommGroup.toAddCommMonoid (EuclideanSpace Complex (Fin n))
            (@WithLp.instAddCommGroup
              (@OfNat.ofNat ENNReal (nat_lit 2)
                (@instOfNatAtLeastTwo ENNReal (nat_lit 2)
                  (@AddMonoidWithOne.toNatCast ENNReal
                    (@AddCommMonoidWithOne.toAddMonoidWithOne ENNReal ENNReal.instAddCommMonoidWithOne))
                  PiLp.innerProductSpace._proof_1))
              ((i : Fin n) → (fun x => Complex) i)
              (@Pi.addCommGroup (Fin n) (fun x => Complex) fun i =>
                @Ring.toAddCommGroup Complex
                  (@DivisionRing.toRing Complex
                    (@Field.toDivisionRing Complex
                      (@NormedField.toField Complex
                        (@DenselyNormedField.toNormedField Complex
                          (@RCLike.toDenselyNormedField Complex Complex.instRCLike))))))))
          (@WithLp.instModule
            (@OfNat.ofNat ENNReal (nat_lit 2)
              (@instOfNatAtLeastTwo ENNReal (nat_lit 2)
                (@AddMonoidWithOne.toNatCast ENNReal
                  (@AddCommMonoidWithOne.toAddMonoidWithOne ENNReal ENNReal.instAddCommMonoidWithOne))
                PiLp.innerProductSpace._proof_1))
            Complex ((i : Fin n) → (fun x => Complex) i)
            (@DivisionSemiring.toSemiring Complex
              (@Semifield.toDivisionSemiring Complex
                (@Field.toSemifield Complex
                  (@NormedField.toField Complex
                    (@DenselyNormedField.toNormedField Complex
                      (@RCLike.toDenselyNormedField Complex Complex.instRCLike))))))
            (@Pi.addCommGroup (Fin n) (fun x => Complex) fun i =>
              @Ring.toAddCommGroup Complex
                (@DivisionRing.toRing Complex
                  (@Field.toDivisionRing Complex
                    (@NormedField.toField Complex
                      (@DenselyNormedField.toNormedField Complex
                        (@RCLike.toDenselyNormedField Complex Complex.instRCLike))))))
            (@Pi.Function.module (Fin n) Complex Complex
              (@DivisionSemiring.toSemiring Complex
                (@Semifield.toDivisionSemiring Complex
                  (@Field.toSemifield Complex
                    (@NormedField.toField Complex
                      (@DenselyNormedField.toNormedField Complex
                        (@RCLike.toDenselyNormedField Complex Complex.instRCLike))))))
              (@Semiring.toAddCommMonoid Complex
                (@Ring.toSemiring Complex
                  (@DivisionRing.toRing Complex
                    (@Field.toDivisionRing Complex
                      (@NormedField.toField Complex
                        (@DenselyNormedField.toNormedField Complex
                          (@RCLike.toDenselyNormedField Complex Complex.instRCLike)))))))
              (@Semiring.toModule Complex
                (@DivisionSemiring.toSemiring Complex
                  (@Semifield.toDivisionSemiring Complex
                    (@Field.toSemifield Complex
                      (@NormedField.toField Complex
                        (@DenselyNormedField.toNormedField Complex
                          (@RCLike.toDenselyNormedField Complex Complex.instRCLike)))))))))
          (@WithLp.instModule
            (@OfNat.ofNat ENNReal (nat_lit 2)
              (@instOfNatAtLeastTwo ENNReal (nat_lit 2)
                (@AddMonoidWithOne.toNatCast ENNReal
                  (@AddCommMonoidWithOne.toAddMonoidWithOne ENNReal ENNReal.instAddCommMonoidWithOne))
                PiLp.innerProductSpace._proof_1))
            Complex ((i : Fin n) → (fun x => Complex) i)
            (@DivisionSemiring.toSemiring Complex
              (@Semifield.toDivisionSemiring Complex
                (@Field.toSemifield Complex
                  (@NormedField.toField Complex
                    (@DenselyNormedField.toNormedField Complex
                      (@RCLike.toDenselyNormedField Complex Complex.instRCLike))))))
            (@Pi.addCommGroup (Fin n) (fun x => Complex) fun i =>
              @Ring.toAddCommGroup Complex
                (@DivisionRing.toRing Complex
                  (@Field.toDivisionRing Complex
                    (@NormedField.toField Complex
                      (@DenselyNormedField.toNormedField Complex
                        (@RCLike.toDenselyNormedField Complex Complex.instRCLike))))))
            (@Pi.Function.module (Fin n) Complex Complex
              (@DivisionSemiring.toSemiring Complex
                (@Semifield.toDivisionSemiring Complex
                  (@Field.toSemifield Complex
                    (@NormedField.toField Complex
                      (@DenselyNormedField.toNormedField Complex
                        (@RCLike.toDenselyNormedField Complex Complex.instRCLike))))))
              (@Semiring.toAddCommMonoid Complex
                (@Ring.toSemiring Complex
                  (@DivisionRing.toRing Complex
                    (@Field.toDivisionRing Complex
                      (@NormedField.toField Complex
                        (@DenselyNormedField.toNormedField Complex
                          (@RCLike.toDenselyNormedField Complex Complex.instRCLike)))))))
              (@Semiring.toModule Complex
                (@DivisionSemiring.toSemiring Complex
                  (@Semifield.toDivisionSemiring Complex
                    (@Field.toSemifield Complex
                      (@NormedField.toField Complex
                        (@DenselyNormedField.toNormedField Complex
                          (@RCLike.toDenselyNormedField Complex Complex.instRCLike))))))))))
        (@Matrix.add (Fin n) (Fin n) Complex
          (@Distrib.toAdd Complex
            (@instDistribOfSemiring Complex
              (@DivisionSemiring.toSemiring Complex
                (@Semifield.toDivisionSemiring Complex
                  (@Field.toSemifield Complex
                    (@NormedField.toField Complex
                      (@DenselyNormedField.toNormedField Complex
                        (@RCLike.toDenselyNormedField Complex Complex.instRCLike)))))))))
        (@ContinuousLinearMap.add Complex Complex
          (@DivisionSemiring.toSemiring Complex
            (@Semifield.toDivisionSemiring Complex
              (@Field.toSemifield Complex
                (@NormedField.toField Complex
                  (@DenselyNormedField.toNormedField Complex
                    (@RCLike.toDenselyNormedField Complex Complex.instRCLike))))))
          (@DivisionSemiring.toSemiring Complex
            (@Semifield.toDivisionSemiring Complex
              (@Field.toSemifield Complex
                (@NormedField.toField Complex
                  (@DenselyNormedField.toNormedField Complex
                    (@RCLike.toDenselyNormedField Complex Complex.instRCLike))))))
          (@RingHom.id Complex
            (@Semiring.toNonAssocSemiring Complex
              (@DivisionSemiring.toSemiring Complex
                (@Semifield.toDivisionSemiring Complex
                  (@Field.toSemifield Complex
                    (@NormedField.toField Complex
                      (@DenselyNormedField.toNormedField Complex
                        (@RCLike.toDenselyNormedField Complex Complex.instRCLike))))))))
          (EuclideanSpace Complex (Fin n))
          (@PiLp.topologicalSpace
            (@OfNat.ofNat ENNReal (nat_lit 2)
              (@instOfNatAtLeastTwo ENNReal (nat_lit 2)
                (@AddMonoidWithOne.toNatCast ENNReal
                  (@AddCommMonoidWithOne.toAddMonoidWithOne ENNReal ENNReal.instAddCommMonoidWithOne))
                PiLp.innerProductSpace._proof_1))
            (Fin n) (fun x => Complex) fun i =>
            @UniformSpace.toTopologicalSpace Complex
              (@PseudoMetricSpace.toUniformSpace Complex
                (@SeminormedRing.toPseudoMetricSpace Complex
                  (@SeminormedCommRing.toSeminormedRing Complex
                    (@NormedCommRing.toSeminormedCommRing Complex
                      (@NormedField.toNormedCommRing Complex
                        (@DenselyNormedField.toNormedField Complex
                          (@RCLike.toDenselyNormedField Complex Complex.instRCLike))))))))
          (@AddCommGroup.toAddCommMonoid (EuclideanSpace Complex (Fin n))
            (@WithLp.instAddCommGroup
              (@OfNat.ofNat ENNReal (nat_lit 2)
                (@instOfNatAtLeastTwo ENNReal (nat_lit 2)
                  (@AddMonoidWithOne.toNatCast ENNReal
                    (@AddCommMonoidWithOne.toAddMonoidWithOne ENNReal ENNReal.instAddCommMonoidWithOne))
                  PiLp.innerProductSpace._proof_1))
              ((i : Fin n) → (fun x => Complex) i)
              (@Pi.addCommGroup (Fin n) (fun x => Complex) fun i =>
                @Ring.toAddCommGroup Complex
                  (@DivisionRing.toRing Complex
                    (@Field.toDivisionRing Complex
                      (@NormedField.toField Complex
                        (@DenselyNormedField.toNormedField Complex
                          (@RCLike.toDenselyNormedField Complex Complex.instRCLike))))))))
          (EuclideanSpace Complex (Fin n))
          (@PiLp.topologicalSpace
            (@OfNat.ofNat ENNReal (nat_lit 2)
              (@instOfNatAtLeastTwo ENNReal (nat_lit 2)
                (@AddMonoidWithOne.toNatCast ENNReal
                  (@AddCommMonoidWithOne.toAddMonoidWithOne ENNReal ENNReal.instAddCommMonoidWithOne))
                PiLp.innerProductSpace._proof_1))
            (Fin n) (fun x => Complex) fun i =>
            @UniformSpace.toTopologicalSpace Complex
              (@PseudoMetricSpace.toUniformSpace Complex
                (@SeminormedRing.toPseudoMetricSpace Complex
                  (@SeminormedCommRing.toSeminormedRing Complex
                    (@NormedCommRing.toSeminormedCommRing Complex
                      (@NormedField.toNormedCommRing Complex
                        (@DenselyNormedField.toNormedField Complex
                          (@RCLike.toDenselyNormedField Complex Complex.instRCLike))))))))
          (@AddCommGroup.toAddCommMonoid (EuclideanSpace Complex (Fin n))
            (@WithLp.instAddCommGroup
              (@OfNat.ofNat ENNReal (nat_lit 2)
                (@instOfNatAtLeastTwo ENNReal (nat_lit 2)
                  (@AddMonoidWithOne.toNatCast ENNReal
                    (@AddCommMonoidWithOne.toAddMonoidWithOne ENNReal ENNReal.instAddCommMonoidWithOne))
                  PiLp.innerProductSpace._proof_1))
              ((i : Fin n) → (fun x => Complex) i)
              (@Pi.addCommGroup (Fin n) (fun x => Complex) fun i =>
                @Ring.toAddCommGroup Complex
                  (@DivisionRing.toRing Complex
                    (@Field.toDivisionRing Complex
                      (@NormedField.toField Complex
                        (@DenselyNormedField.toNormedField Complex
                          (@RCLike.toDenselyNormedField Complex Complex.instRCLike))))))))
          (@WithLp.instModule
            (@OfNat.ofNat ENNReal (nat_lit 2)
              (@instOfNatAtLeastTwo ENNReal (nat_lit 2)
                (@AddMonoidWithOne.toNatCast ENNReal
                  (@AddCommMonoidWithOne.toAddMonoidWithOne ENNReal ENNReal.instAddCommMonoidWithOne))
                PiLp.innerProductSpace._proof_1))
            Complex ((i : Fin n) → (fun x => Complex) i)
            (@DivisionSemiring.toSemiring Complex
              (@Semifield.toDivisionSemiring Complex
                (@Field.toSemifield Complex
                  (@NormedField.toField Complex
                    (@DenselyNormedField.toNormedField Complex
                      (@RCLike.toDenselyNormedField Complex Complex.instRCLike))))))
            (@Pi.addCommGroup (Fin n) (fun x => Complex) fun i =>
              @Ring.toAddCommGroup Complex
                (@DivisionRing.toRing Complex
                  (@Field.toDivisionRing Complex
                    (@NormedField.toField Complex
                      (@DenselyNormedField.toNormedField Complex
                        (@RCLike.toDenselyNormedField Complex Complex.instRCLike))))))
            (@Pi.Function.module (Fin n) Complex Complex
              (@DivisionSemiring.toSemiring Complex
                (@Semifield.toDivisionSemiring Complex
                  (@Field.toSemifield Complex
                    (@NormedField.toField Complex
                      (@DenselyNormedField.toNormedField Complex
                        (@RCLike.toDenselyNormedField Complex Complex.instRCLike))))))
              (@Semiring.toAddCommMonoid Complex
                (@Ring.toSemiring Complex
                  (@DivisionRing.toRing Complex
                    (@Field.toDivisionRing Complex
                      (@NormedField.toField Complex
                        (@DenselyNormedField.toNormedField Complex
                          (@RCLike.toDenselyNormedField Complex Complex.instRCLike)))))))
              (@Semiring.toModule Complex
                (@DivisionSemiring.toSemiring Complex
                  (@Semifield.toDivisionSemiring Complex
                    (@Field.toSemifield Complex
                      (@NormedField.toField Complex
                        (@DenselyNormedField.toNormedField Complex
                          (@RCLike.toDenselyNormedField Complex Complex.instRCLike)))))))))
          (@WithLp.instModule
            (@OfNat.ofNat ENNReal (nat_lit 2)
              (@instOfNatAtLeastTwo ENNReal (nat_lit 2)
                (@AddMonoidWithOne.toNatCast ENNReal
                  (@AddCommMonoidWithOne.toAddMonoidWithOne ENNReal ENNReal.instAddCommMonoidWithOne))
                PiLp.innerProductSpace._proof_1))
            Complex ((i : Fin n) → (fun x => Complex) i)
            (@DivisionSemiring.toSemiring Complex
              (@Semifield.toDivisionSemiring Complex
                (@Field.toSemifield Complex
                  (@NormedField.toField Complex
                    (@DenselyNormedField.toNormedField Complex
                      (@RCLike.toDenselyNormedField Complex Complex.instRCLike))))))
            (@Pi.addCommGroup (Fin n) (fun x => Complex) fun i =>
              @Ring.toAddCommGroup Complex
                (@DivisionRing.toRing Complex
                  (@Field.toDivisionRing Complex
                    (@NormedField.toField Complex
                      (@DenselyNormedField.toNormedField Complex
                        (@RCLike.toDenselyNormedField Complex Complex.instRCLike))))))
            (@Pi.Function.module (Fin n) Complex Complex
              (@DivisionSemiring.toSemiring Complex
                (@Semifield.toDivisionSemiring Complex
                  (@Field.toSemifield Complex
                    (@NormedField.toField Complex
                      (@DenselyNormedField.toNormedField Complex
                        (@RCLike.toDenselyNormedField Complex Complex.instRCLike))))))
              (@Semiring.toAddCommMonoid Complex
                (@Ring.toSemiring Complex
                  (@DivisionRing.toRing Complex
                    (@Field.toDivisionRing Complex
                      (@NormedField.toField Complex
                        (@DenselyNormedField.toNormedField Complex
                          (@RCLike.toDenselyNormedField Complex Complex.instRCLike)))))))
              (@Semiring.toModule Complex
                (@DivisionSemiring.toSemiring Complex
                  (@Semifield.toDivisionSemiring Complex
                    (@Field.toSemifield Complex
                      (@NormedField.toField Complex
                        (@DenselyNormedField.toNormedField Complex
                          (@RCLike.toDenselyNormedField Complex Complex.instRCLike)))))))))
          ⋯)
        (@Matrix.instMulOfFintypeOfAddCommMonoid (Fin n) Complex (Fin.fintype n)
          (@Distrib.toMul Complex
            (@instDistribOfSemiring Complex
              (@DivisionSemiring.toSemiring Complex
                (@Semifield.toDivisionSemiring Complex
                  (@Field.toSemifield Complex
                    (@NormedField.toField Complex
                      (@DenselyNormedField.toNormedField Complex
                        (@RCLike.toDenselyNormedField Complex Complex.instRCLike))))))))
          (@Semiring.toAddCommMonoid Complex
            (@DivisionSemiring.toSemiring Complex
              (@Semifield.toDivisionSemiring Complex
                (@Field.toSemifield Complex
                  (@NormedField.toField Complex
                    (@DenselyNormedField.toNormedField Complex
                      (@RCLike.toDenselyNormedField Complex Complex.instRCLike))))))))
        (@ContinuousLinearMap.instMul Complex
          (@DivisionSemiring.toSemiring Complex
            (@Semifield.toDivisionSemiring Complex
              (@Field.toSemifield Complex
                (@NormedField.toField Complex
                  (@DenselyNormedField.toNormedField Complex
                    (@RCLike.toDenselyNormedField Complex Complex.instRCLike))))))
          (EuclideanSpace Complex (Fin n))
          (@PiLp.topologicalSpace
            (@OfNat.ofNat ENNReal (nat_lit 2)
              (@instOfNatAtLeastTwo ENNReal (nat_lit 2)
                (@AddMonoidWithOne.toNatCast ENNReal
                  (@AddCommMonoidWithOne.toAddMonoidWithOne ENNReal ENNReal.instAddCommMonoidWithOne))
                PiLp.innerProductSpace._proof_1))
            (Fin n) (fun x => Complex) fun i =>
            @UniformSpace.toTopologicalSpace Complex
              (@PseudoMetricSpace.toUniformSpace Complex
                (@SeminormedRing.toPseudoMetricSpace Complex
                  (@SeminormedCommRing.toSeminormedRing Complex
                    (@NormedCommRing.toSeminormedCommRing Complex
                      (@NormedField.toNormedCommRing Complex
                        (@DenselyNormedField.toNormedField Complex
                          (@RCLike.toDenselyNormedField Complex Complex.instRCLike))))))))
          (@AddCommGroup.toAddCommMonoid (EuclideanSpace Complex (Fin n))
            (@WithLp.instAddCommGroup
              (@OfNat.ofNat ENNReal (nat_lit 2)
                (@instOfNatAtLeastTwo ENNReal (nat_lit 2)
                  (@AddMonoidWithOne.toNatCast ENNReal
                    (@AddCommMonoidWithOne.toAddMonoidWithOne ENNReal ENNReal.instAddCommMonoidWithOne))
                  PiLp.innerProductSpace._proof_1))
              ((i : Fin n) → (fun x => Complex) i)
              (@Pi.addCommGroup (Fin n) (fun x => Complex) fun i =>
                @Ring.toAddCommGroup Complex
                  (@DivisionRing.toRing Complex
                    (@Field.toDivisionRing Complex
                      (@NormedField.toField Complex
                        (@DenselyNormedField.toNormedField Complex
                          (@RCLike.toDenselyNormedField Complex Complex.instRCLike))))))))
          (@WithLp.instModule
            (@OfNat.ofNat ENNReal (nat_lit 2)
              (@instOfNatAtLeastTwo ENNReal (nat_lit 2)
                (@AddMonoidWithOne.toNatCast ENNReal
                  (@AddCommMonoidWithOne.toAddMonoidWithOne ENNReal ENNReal.instAddCommMonoidWithOne))
                PiLp.innerProductSpace._proof_1))
            Complex ((i : Fin n) → (fun x => Complex) i)
            (@DivisionSemiring.toSemiring Complex
              (@Semifield.toDivisionSemiring Complex
                (@Field.toSemifield Complex
                  (@NormedField.toField Complex
                    (@DenselyNormedField.toNormedField Complex
                      (@RCLike.toDenselyNormedField Complex Complex.instRCLike))))))
            (@Pi.addCommGroup (Fin n) (fun x => Complex) fun i =>
              @Ring.toAddCommGroup Complex
                (@DivisionRing.toRing Complex
                  (@Field.toDivisionRing Complex
                    (@NormedField.toField Complex
                      (@DenselyNormedField.toNormedField Complex
                        (@RCLike.toDenselyNormedField Complex Complex.instRCLike))))))
            (@Pi.Function.module (Fin n) Complex Complex
              (@DivisionSemiring.toSemiring Complex
                (@Semifield.toDivisionSemiring Complex
                  (@Field.toSemifield Complex
                    (@NormedField.toField Complex
                      (@DenselyNormedField.toNormedField Complex
                        (@RCLike.toDenselyNormedField Complex Complex.instRCLike))))))
              (@Semiring.toAddCommMonoid Complex
                (@Ring.toSemiring Complex
                  (@DivisionRing.toRing Complex
                    (@Field.toDivisionRing Complex
                      (@NormedField.toField Complex
                        (@DenselyNormedField.toNormedField Complex
                          (@RCLike.toDenselyNormedField Complex Complex.instRCLike)))))))
              (@Semiring.toModule Complex
                (@DivisionSemiring.toSemiring Complex
                  (@Semifield.toDivisionSemiring Complex
                    (@Field.toSemifield Complex
                      (@NormedField.toField Complex
                        (@DenselyNormedField.toNormedField Complex
                          (@RCLike.toDenselyNormedField Complex Complex.instRCLike))))))))))
        (@Matrix.smul (Fin n) (Fin n) Complex Complex
          (@instSMulOfMul Complex
            (@Distrib.toMul Complex
              (@instDistribOfSemiring Complex
                (@DivisionSemiring.toSemiring Complex
                  (@Semifield.toDivisionSemiring Complex
                    (@Field.toSemifield Complex
                      (@NormedField.toField Complex
                        (@DenselyNormedField.toNormedField Complex
                          (@RCLike.toDenselyNormedField Complex Complex.instRCLike))))))))))
        (@ContinuousLinearMap.instSMul Complex Complex
          (@DivisionSemiring.toSemiring Complex
            (@Semifield.toDivisionSemiring Complex
              (@Field.toSemifield Complex
                (@NormedField.toField Complex
                  (@DenselyNormedField.toNormedField Complex
                    (@RCLike.toDenselyNormedField Complex Complex.instRCLike))))))
          (@DivisionSemiring.toSemiring Complex
            (@Semifield.toDivisionSemiring Complex
              (@Field.toSemifield Complex
                (@NormedField.toField Complex
                  (@DenselyNormedField.toNormedField Complex
                    (@RCLike.toDenselyNormedField Complex Complex.instRCLike))))))
          (@RingHom.id Complex
            (@Semiring.toNonAssocSemiring Complex
              (@DivisionSemiring.toSemiring Complex
                (@Semifield.toDivisionSemiring Complex
                  (@Field.toSemifield Complex
                    (@NormedField.toField Complex
                      (@DenselyNormedField.toNormedField Complex
                        (@RCLike.toDenselyNormedField Complex Complex.instRCLike))))))))
          (EuclideanSpace Complex (Fin n))
          (@PiLp.topologicalSpace
            (@OfNat.ofNat ENNReal (nat_lit 2)
              (@instOfNatAtLeastTwo ENNReal (nat_lit 2)
                (@AddMonoidWithOne.toNatCast ENNReal
                  (@AddCommMonoidWithOne.toAddMonoidWithOne ENNReal ENNReal.instAddCommMonoidWithOne))
                PiLp.innerProductSpace._proof_1))
            (Fin n) (fun x => Complex) fun i =>
            @UniformSpace.toTopologicalSpace Complex
              (@PseudoMetricSpace.toUniformSpace Complex
                (@SeminormedRing.toPseudoMetricSpace Complex
                  (@SeminormedCommRing.toSeminormedRing Complex
                    (@NormedCommRing.toSeminormedCommRing Complex
                      (@NormedField.toNormedCommRing Complex
                        (@DenselyNormedField.toNormedField Complex
                          (@RCLike.toDenselyNormedField Complex Complex.instRCLike))))))))
          (@AddCommGroup.toAddCommMonoid (EuclideanSpace Complex (Fin n))
            (@WithLp.instAddCommGroup
              (@OfNat.ofNat ENNReal (nat_lit 2)
                (@instOfNatAtLeastTwo ENNReal (nat_lit 2)
                  (@AddMonoidWithOne.toNatCast ENNReal
                    (@AddCommMonoidWithOne.toAddMonoidWithOne ENNReal ENNReal.instAddCommMonoidWithOne))
                  PiLp.innerProductSpace._proof_1))
              ((i : Fin n) → (fun x => Complex) i)
              (@Pi.addCommGroup (Fin n) (fun x => Complex) fun i =>
                @Ring.toAddCommGroup Complex
                  (@DivisionRing.toRing Complex
                    (@Field.toDivisionRing Complex
                      (@NormedField.toField Complex
                        (@DenselyNormedField.toNormedField Complex
                          (@RCLike.toDenselyNormedField Complex Complex.instRCLike))))))))
          (EuclideanSpace Complex (Fin n))
          (@PiLp.topologicalSpace
            (@OfNat.ofNat ENNReal (nat_lit 2)
              (@instOfNatAtLeastTwo ENNReal (nat_lit 2)
                (@AddMonoidWithOne.toNatCast ENNReal
                  (@AddCommMonoidWithOne.toAddMonoidWithOne ENNReal ENNReal.instAddCommMonoidWithOne))
                PiLp.innerProductSpace._proof_1))
            (Fin n) (fun x => Complex) fun i =>
            @UniformSpace.toTopologicalSpace Complex
              (@PseudoMetricSpace.toUniformSpace Complex
                (@SeminormedRing.toPseudoMetricSpace Complex
                  (@SeminormedCommRing.toSeminormedRing Complex
                    (@NormedCommRing.toSeminormedCommRing Complex
                      (@NormedField.toNormedCommRing Complex
                        (@DenselyNormedField.toNormedField Complex
                          (@RCLike.toDenselyNormedField Complex Complex.instRCLike))))))))
          (@AddCommGroup.toAddCommMonoid (EuclideanSpace Complex (Fin n))
            (@WithLp.instAddCommGroup
              (@OfNat.ofNat ENNReal (nat_lit 2)
                (@instOfNatAtLeastTwo ENNReal (nat_lit 2)
                  (@AddMonoidWithOne.toNatCast ENNReal
                    (@AddCommMonoidWithOne.toAddMonoidWithOne ENNReal ENNReal.instAddCommMonoidWithOne))
                  PiLp.innerProductSpace._proof_1))
              ((i : Fin n) → (fun x => Complex) i)
              (@Pi.addCommGroup (Fin n) (fun x => Complex) fun i =>
                @Ring.toAddCommGroup Complex
                  (@DivisionRing.toRing Complex
                    (@Field.toDivisionRing Complex
                      (@NormedField.toField Complex
                        (@DenselyNormedField.toNormedField Complex
                          (@RCLike.toDenselyNormedField Complex Complex.instRCLike))))))))
          (@WithLp.instModule
            (@OfNat.ofNat ENNReal (nat_lit 2)
              (@instOfNatAtLeastTwo ENNReal (nat_lit 2)
                (@AddMonoidWithOne.toNatCast ENNReal
                  (@AddCommMonoidWithOne.toAddMonoidWithOne ENNReal ENNReal.instAddCommMonoidWithOne))
                PiLp.innerProductSpace._proof_1))
            Complex ((i : Fin n) → (fun x => Complex) i)
            (@DivisionSemiring.toSemiring Complex
              (@Semifield.toDivisionSemiring Complex
                (@Field.toSemifield Complex
                  (@NormedField.toField Complex
                    (@DenselyNormedField.toNormedField Complex
                      (@RCLike.toDenselyNormedField Complex Complex.instRCLike))))))
            (@Pi.addCommGroup (Fin n) (fun x => Complex) fun i =>
              @Ring.toAddCommGroup Complex
                (@DivisionRing.toRing Complex
                  (@Field.toDivisionRing Complex
                    (@NormedField.toField Complex
                      (@DenselyNormedField.toNormedField Complex
                        (@RCLike.toDenselyNormedField Complex Complex.instRCLike))))))
            (@Pi.Function.module (Fin n) Complex Complex
              (@DivisionSemiring.toSemiring Complex
                (@Semifield.toDivisionSemiring Complex
                  (@Field.toSemifield Complex
                    (@NormedField.toField Complex
                      (@DenselyNormedField.toNormedField Complex
                        (@RCLike.toDenselyNormedField Complex Complex.instRCLike))))))
              (@Semiring.toAddCommMonoid Complex
                (@Ring.toSemiring Complex
                  (@DivisionRing.toRing Complex
                    (@Field.toDivisionRing Complex
                      (@NormedField.toField Complex
                        (@DenselyNormedField.toNormedField Complex
                          (@RCLike.toDenselyNormedField Complex Complex.instRCLike)))))))
              (@Semiring.toModule Complex
                (@DivisionSemiring.toSemiring Complex
                  (@Semifield.toDivisionSemiring Complex
                    (@Field.toSemifield Complex
                      (@NormedField.toField Complex
                        (@DenselyNormedField.toNormedField Complex
                          (@RCLike.toDenselyNormedField Complex Complex.instRCLike)))))))))
          (@WithLp.instModule
            (@OfNat.ofNat ENNReal (nat_lit 2)
              (@instOfNatAtLeastTwo ENNReal (nat_lit 2)
                (@AddMonoidWithOne.toNatCast ENNReal
                  (@AddCommMonoidWithOne.toAddMonoidWithOne ENNReal ENNReal.instAddCommMonoidWithOne))
                PiLp.innerProductSpace._proof_1))
            Complex ((i : Fin n) → (fun x => Complex) i)
            (@DivisionSemiring.toSemiring Complex
              (@Semifield.toDivisionSemiring Complex
                (@Field.toSemifield Complex
                  (@NormedField.toField Complex
                    (@DenselyNormedField.toNormedField Complex
                      (@RCLike.toDenselyNormedField Complex Complex.instRCLike))))))
            (@Pi.addCommGroup (Fin n) (fun x => Complex) fun i =>
              @Ring.toAddCommGroup Complex
                (@DivisionRing.toRing Complex
                  (@Field.toDivisionRing Complex
                    (@NormedField.toField Complex
                      (@DenselyNormedField.toNormedField Complex
                        (@RCLike.toDenselyNormedField Complex Complex.instRCLike))))))
            (@Pi.Function.module (Fin n) Complex Complex
              (@DivisionSemiring.toSemiring Complex
                (@Semifield.toDivisionSemiring Complex
                  (@Field.toSemifield Complex
                    (@NormedField.toField Complex
                      (@DenselyNormedField.toNormedField Complex
                        (@RCLike.toDenselyNormedField Complex Complex.instRCLike))))))
              (@Semiring.toAddCommMonoid Complex
                (@Ring.toSemiring Complex
                  (@DivisionRing.toRing Complex
                    (@Field.toDivisionRing Complex
                      (@NormedField.toField Complex
                        (@DenselyNormedField.toNormedField Complex
                          (@RCLike.toDenselyNormedField Complex Complex.instRCLike)))))))
              (@Semiring.toModule Complex
                (@DivisionSemiring.toSemiring Complex
                  (@Semifield.toDivisionSemiring Complex
                    (@Field.toSemifield Complex
                      (@NormedField.toField Complex
                        (@DenselyNormedField.toNormedField Complex
                          (@RCLike.toDenselyNormedField Complex Complex.instRCLike)))))))))
          Complex
          (@DistribMulAction.toDistribSMul Complex (EuclideanSpace Complex (Fin n))
            (@Semiring.toMonoid Complex
              (@DivisionSemiring.toSemiring Complex
                (@Semifield.toDivisionSemiring Complex
                  (@Field.toSemifield Complex
                    (@NormedField.toField Complex
                      (@DenselyNormedField.toNormedField Complex
                        (@RCLike.toDenselyNormedField Complex Complex.instRCLike)))))))
            (@SubNegMonoid.toAddMonoid (EuclideanSpace Complex (Fin n))
              (@AddGroup.toSubNegMonoid (EuclideanSpace Complex (Fin n))
                (@AddCommGroup.toAddGroup (EuclideanSpace Complex (Fin n))
                  (@WithLp.instAddCommGroup
                    (@OfNat.ofNat ENNReal (nat_lit 2)
                      (@instOfNatAtLeastTwo ENNReal (nat_lit 2)
                        (@AddMonoidWithOne.toNatCast ENNReal
                          (@AddCommMonoidWithOne.toAddMonoidWithOne ENNReal ENNReal.instAddCommMonoidWithOne))
                        PiLp.innerProductSpace._proof_1))
                    ((i : Fin n) → (fun x => Complex) i)
                    (@Pi.addCommGroup (Fin n) (fun x => Complex) fun i =>
                      @Ring.toAddCommGroup Complex
                        (@DivisionRing.toRing Complex
                          (@Field.toDivisionRing Complex
                            (@NormedField.toField Complex
                              (@DenselyNormedField.toNormedField Complex
                                (@RCLike.toDenselyNormedField Complex Complex.instRCLike))))))))))
            (@WithLp.instDistribMulAction
              (@OfNat.ofNat ENNReal (nat_lit 2)
                (@instOfNatAtLeastTwo ENNReal (nat_lit 2)
                  (@AddMonoidWithOne.toNatCast ENNReal
                    (@AddCommMonoidWithOne.toAddMonoidWithOne ENNReal ENNReal.instAddCommMonoidWithOne))
                  PiLp.innerProductSpace._proof_1))
              Complex ((i : Fin n) → (fun x => Complex) i)
              (@Semiring.toMonoid Complex
                (@DivisionSemiring.toSemiring Complex
                  (@Semifield.toDivisionSemiring Complex
                    (@Field.toSemifield Complex
                      (@NormedField.toField Complex
                        (@DenselyNormedField.toNormedField Complex
                          (@RCLike.toDenselyNormedField Complex Complex.instRCLike)))))))
              (@Pi.addCommGroup (Fin n) (fun x => Complex) fun i =>
                @Ring.toAddCommGroup Complex
                  (@DivisionRing.toRing Complex
                    (@Field.toDivisionRing Complex
                      (@NormedField.toField Complex
                        (@DenselyNormedField.toNormedField Complex
                          (@RCLike.toDenselyNormedField Complex Complex.instRCLike))))))
              (@Pi.distribMulAction (Fin n) (fun x => Complex) Complex
                (@Semiring.toMonoid Complex
                  (@DivisionSemiring.toSemiring Complex
                    (@Semifield.toDivisionSemiring Complex
                      (@Field.toSemifield Complex
                        (@NormedField.toField Complex
                          (@DenselyNormedField.toNormedField Complex
                            (@RCLike.toDenselyNormedField Complex Complex.instRCLike)))))))
                (fun i =>
                  @SubNegMonoid.toAddMonoid ((fun x => Complex) i)
                    ((fun i =>
                        @AddGroup.toSubNegMonoid ((fun x => Complex) i)
                          ((fun i =>
                              @AddCommGroup.toAddGroup ((fun x => Complex) i)
                                ((fun i =>
                                    @Ring.toAddCommGroup Complex
                                      (@DivisionRing.toRing Complex
                                        (@Field.toDivisionRing Complex
                                          (@NormedField.toField Complex
                                            (@DenselyNormedField.toNormedField Complex
                                              (@RCLike.toDenselyNormedField Complex Complex.instRCLike))))))
                                  i))
                            i))
                      i))
                fun i =>
                @Module.toDistribMulAction Complex Complex
                  (@DivisionSemiring.toSemiring Complex
                    (@Semifield.toDivisionSemiring Complex
                      (@Field.toSemifield Complex
                        (@NormedField.toField Complex
                          (@DenselyNormedField.toNormedField Complex
                            (@RCLike.toDenselyNormedField Complex Complex.instRCLike))))))
                  (@Semiring.toAddCommMonoid Complex
                    (@DivisionSemiring.toSemiring Complex
                      (@Semifield.toDivisionSemiring Complex
                        (@Field.toSemifield Complex
                          (@NormedField.toField Complex
                            (@DenselyNormedField.toNormedField Complex
                              (@RCLike.toDenselyNormedField Complex Complex.instRCLike)))))))
                  (@Semiring.toModule Complex
                    (@DivisionSemiring.toSemiring Complex
                      (@Semifield.toDivisionSemiring Complex
                        (@Field.toSemifield Complex
                          (@NormedField.toField Complex
                            (@DenselyNormedField.toNormedField Complex
                              (@RCLike.toDenselyNormedField Complex Complex.instRCLike))))))))))
          ⋯ ⋯)
        (@Matrix.instStar (Fin n) Complex
          (@InvolutiveStar.toStar Complex
            (@StarAddMonoid.toInvolutiveStar Complex
              (@AddCommMonoid.toAddMonoid Complex
                (@NonUnitalNonAssocSemiring.toAddCommMonoid Complex
                  (@NonUnitalNonAssocRing.toNonUnitalNonAssocSemiring Complex
                    (@NonUnitalNonAssocCommRing.toNonUnitalNonAssocRing Complex
                      (@NonUnitalCommRing.toNonUnitalNonAssocCommRing Complex
                        (@CommRing.toNonUnitalCommRing Complex
                          (@Field.toCommRing Complex
                            (@NormedField.toField Complex
                              (@DenselyNormedField.toNormedField Complex
                                (@RCLike.toDenselyNormedField Complex Complex.instRCLike))))))))))
              (@StarRing.toStarAddMonoid Complex
                (@NonUnitalNonAssocRing.toNonUnitalNonAssocSemiring Complex
                  (@NonUnitalNonAssocCommRing.toNonUnitalNonAssocRing Complex
                    (@NonUnitalCommRing.toNonUnitalNonAssocCommRing Complex
                      (@CommRing.toNonUnitalCommRing Complex
                        (@Field.toCommRing Complex
                          (@NormedField.toField Complex
                            (@DenselyNormedField.toNormedField Complex
                              (@RCLike.toDenselyNormedField Complex Complex.instRCLike))))))))
                (@RCLike.toStarRing Complex Complex.instRCLike)))))
        (@ContinuousLinearMap.instStarId Complex (EuclideanSpace Complex (Fin n)) Complex.instRCLike
          (@PiLp.normedAddCommGroup
            (@OfNat.ofNat ENNReal (nat_lit 2)
              (@instOfNatAtLeastTwo ENNReal (nat_lit 2)
                (@AddMonoidWithOne.toNatCast ENNReal
                  (@AddCommMonoidWithOne.toAddMonoidWithOne ENNReal ENNReal.instAddCommMonoidWithOne))
                PiLp.innerProductSpace._proof_1))
            (Fin n) (fun x => Complex) fact_one_le_two_ennreal (Fin.fintype n) fun i =>
            @NonUnitalNormedRing.toNormedAddCommGroup Complex
              (@NonUnitalNormedCommRing.toNonUnitalNormedRing Complex
                (@NormedCommRing.toNonUnitalNormedCommRing Complex
                  (@NormedField.toNormedCommRing Complex
                    (@DenselyNormedField.toNormedField Complex
                      (@RCLike.toDenselyNormedField Complex Complex.instRCLike))))))
          (@PiLp.innerProductSpace Complex Complex.instRCLike (Fin n) (Fin.fintype n) (fun x => Complex)
            (fun i =>
              @NonUnitalNormedRing.toNormedAddCommGroup Complex
                (@NonUnitalNormedCommRing.toNonUnitalNormedRing Complex
                  (@NormedCommRing.toNonUnitalNormedCommRing Complex
                    (@NormedField.toNormedCommRing Complex
                      (@DenselyNormedField.toNormedField Complex
                        (@RCLike.toDenselyNormedField Complex Complex.instRCLike))))))
            fun i => @RCLike.innerProductSpace Complex Complex.instRCLike)
          ⋯))
      (Matrix (Fin n) (Fin n) Complex)
      (fun x =>
        @ContinuousLinearMap Complex Complex
          (@DivisionSemiring.toSemiring Complex
            (@Semifield.toDivisionSemiring Complex
              (@Field.toSemifield Complex
                (@NormedField.toField Complex
                  (@DenselyNormedField.toNormedField Complex
                    (@RCLike.toDenselyNormedField Complex Complex.instRCLike))))))
          (@DivisionSemiring.toSemiring Complex
            (@Semifield.toDivisionSemiring Complex
              (@Field.toSemifield Complex
                (@NormedField.toField Complex
                  (@DenselyNormedField.toNormedField Complex
                    (@RCLike.toDenselyNormedField Complex Complex.instRCLike))))))
          (@RingHom.id Complex
            (@Semiring.toNonAssocSemiring Complex
              (@DivisionSemiring.toSemiring Complex
                (@Semifield.toDivisionSemiring Complex
                  (@Field.toSemifield Complex
                    (@NormedField.toField Complex
                      (@DenselyNormedField.toNormedField Complex
                        (@RCLike.toDenselyNormedField Complex Complex.instRCLike))))))))
          (EuclideanSpace Complex (Fin n))
          (@PiLp.topologicalSpace
            (@OfNat.ofNat ENNReal (nat_lit 2)
              (@instOfNatAtLeastTwo ENNReal (nat_lit 2)
                (@AddMonoidWithOne.toNatCast ENNReal
                  (@AddCommMonoidWithOne.toAddMonoidWithOne ENNReal ENNReal.instAddCommMonoidWithOne))
                PiLp.innerProductSpace._proof_1))
            (Fin n) (fun x => Complex) fun i =>
            @UniformSpace.toTopologicalSpace Complex
              (@PseudoMetricSpace.toUniformSpace Complex
                (@SeminormedRing.toPseudoMetricSpace Complex
                  (@SeminormedCommRing.toSeminormedRing Complex
                    (@NormedCommRing.toSeminormedCommRing Complex
                      (@NormedField.toNormedCommRing Complex
                        (@DenselyNormedField.toNormedField Complex
                          (@RCLike.toDenselyNormedField Complex Complex.instRCLike))))))))
          (@AddCommGroup.toAddCommMonoid (EuclideanSpace Complex (Fin n))
            (@WithLp.instAddCommGroup
              (@OfNat.ofNat ENNReal (nat_lit 2)
                (@instOfNatAtLeastTwo ENNReal (nat_lit 2)
                  (@AddMonoidWithOne.toNatCast ENNReal
                    (@AddCommMonoidWithOne.toAddMonoidWithOne ENNReal ENNReal.instAddCommMonoidWithOne))
                  PiLp.innerProductSpace._proof_1))
              ((i : Fin n) → (fun x => Complex) i)
              (@Pi.addCommGroup (Fin n) (fun x => Complex) fun i =>
                @Ring.toAddCommGroup Complex
                  (@DivisionRing.toRing Complex
                    (@Field.toDivisionRing Complex
                      (@NormedField.toField Complex
                        (@DenselyNormedField.toNormedField Complex
                          (@RCLike.toDenselyNormedField Complex Complex.instRCLike))))))))
          (EuclideanSpace Complex (Fin n))
          (@PiLp.topologicalSpace
            (@OfNat.ofNat ENNReal (nat_lit 2)
              (@instOfNatAtLeastTwo ENNReal (nat_lit 2)
                (@AddMonoidWithOne.toNatCast ENNReal
                  (@AddCommMonoidWithOne.toAddMonoidWithOne ENNReal ENNReal.instAddCommMonoidWithOne))
                PiLp.innerProductSpace._proof_1))
            (Fin n) (fun x => Complex) fun i =>
            @UniformSpace.toTopologicalSpace Complex
              (@PseudoMetricSpace.toUniformSpace Complex
                (@SeminormedRing.toPseudoMetricSpace Complex
                  (@SeminormedCommRing.toSeminormedRing Complex
                    (@NormedCommRing.toSeminormedCommRing Complex
                      (@NormedField.toNormedCommRing Complex
                        (@DenselyNormedField.toNormedField Complex
                          (@RCLike.toDenselyNormedField Complex Complex.instRCLike))))))))
          (@AddCommGroup.toAddCommMonoid (EuclideanSpace Complex (Fin n))
            (@WithLp.instAddCommGroup
              (@OfNat.ofNat ENNReal (nat_lit 2)
                (@instOfNatAtLeastTwo ENNReal (nat_lit 2)
                  (@AddMonoidWithOne.toNatCast ENNReal
                    (@AddCommMonoidWithOne.toAddMonoidWithOne ENNReal ENNReal.instAddCommMonoidWithOne))
                  PiLp.innerProductSpace._proof_1))
              ((i : Fin n) → (fun x => Complex) i)
              (@Pi.addCommGroup (Fin n) (fun x => Complex) fun i =>
                @Ring.toAddCommGroup Complex
                  (@DivisionRing.toRing Complex
                    (@Field.toDivisionRing Complex
                      (@NormedField.toField Complex
                        (@DenselyNormedField.toNormedField Complex
                          (@RCLike.toDenselyNormedField Complex Complex.instRCLike))))))))
          (@WithLp.instModule
            (@OfNat.ofNat ENNReal (nat_lit 2)
              (@instOfNatAtLeastTwo ENNReal (nat_lit 2)
                (@AddMonoidWithOne.toNatCast ENNReal
                  (@AddCommMonoidWithOne.toAddMonoidWithOne ENNReal ENNReal.instAddCommMonoidWithOne))
                PiLp.innerProductSpace._proof_1))
            Complex ((i : Fin n) → (fun x => Complex) i)
            (@DivisionSemiring.toSemiring Complex
              (@Semifield.toDivisionSemiring Complex
                (@Field.toSemifield Complex
                  (@NormedField.toField Complex
                    (@DenselyNormedField.toNormedField Complex
                      (@RCLike.toDenselyNormedField Complex Complex.instRCLike))))))
            (@Pi.addCommGroup (Fin n) (fun x => Complex) fun i =>
              @Ring.toAddCommGroup Complex
                (@DivisionRing.toRing Complex
                  (@Field.toDivisionRing Complex
                    (@NormedField.toField Complex
                      (@DenselyNormedField.toNormedField Complex
                        (@RCLike.toDenselyNormedField Complex Complex.instRCLike))))))
            (@Pi.Function.module (Fin n) Complex Complex
              (@DivisionSemiring.toSemiring Complex
                (@Semifield.toDivisionSemiring Complex
                  (@Field.toSemifield Complex
                    (@NormedField.toField Complex
                      (@DenselyNormedField.toNormedField Complex
                        (@RCLike.toDenselyNormedField Complex Complex.instRCLike))))))
              (@Semiring.toAddCommMonoid Complex
                (@Ring.toSemiring Complex
                  (@DivisionRing.toRing Complex
                    (@Field.toDivisionRing Complex
                      (@NormedField.toField Complex
                        (@DenselyNormedField.toNormedField Complex
                          (@RCLike.toDenselyNormedField Complex Complex.instRCLike)))))))
              (@Semiring.toModule Complex
                (@DivisionSemiring.toSemiring Complex
                  (@Semifield.toDivisionSemiring Complex
                    (@Field.toSemifield Complex
                      (@NormedField.toField Complex
                        (@DenselyNormedField.toNormedField Complex
                          (@RCLike.toDenselyNormedField Complex Complex.instRCLike)))))))))
          (@WithLp.instModule
            (@OfNat.ofNat ENNReal (nat_lit 2)
              (@instOfNatAtLeastTwo ENNReal (nat_lit 2)
                (@AddMonoidWithOne.toNatCast ENNReal
                  (@AddCommMonoidWithOne.toAddMonoidWithOne ENNReal ENNReal.instAddCommMonoidWithOne))
                PiLp.innerProductSpace._proof_1))
            Complex ((i : Fin n) → (fun x => Complex) i)
            (@DivisionSemiring.toSemiring Complex
              (@Semifield.toDivisionSemiring Complex
                (@Field.toSemifield Complex
                  (@NormedField.toField Complex
                    (@DenselyNormedField.toNormedField Complex
                      (@RCLike.toDenselyNormedField Complex Complex.instRCLike))))))
            (@Pi.addCommGroup (Fin n) (fun x => Complex) fun i =>
              @Ring.toAddCommGroup Complex
                (@DivisionRing.toRing Complex
                  (@Field.toDivisionRing Complex
                    (@NormedField.toField Complex
                      (@DenselyNormedField.toNormedField Complex
                        (@RCLike.toDenselyNormedField Complex Complex.instRCLike))))))
            (@Pi.Function.module (Fin n) Complex Complex
              (@DivisionSemiring.toSemiring Complex
                (@Semifield.toDivisionSemiring Complex
                  (@Field.toSemifield Complex
                    (@NormedField.toField Complex
                      (@DenselyNormedField.toNormedField Complex
                        (@RCLike.toDenselyNormedField Complex Complex.instRCLike))))))
              (@Semiring.toAddCommMonoid Complex
                (@Ring.toSemiring Complex
                  (@DivisionRing.toRing Complex
                    (@Field.toDivisionRing Complex
                      (@NormedField.toField Complex
                        (@DenselyNormedField.toNormedField Complex
                          (@RCLike.toDenselyNormedField Complex Complex.instRCLike)))))))
              (@Semiring.toModule Complex
                (@DivisionSemiring.toSemiring Complex
                  (@Semifield.toDivisionSemiring Complex
                    (@Field.toSemifield Complex
                      (@NormedField.toField Complex
                        (@DenselyNormedField.toNormedField Complex
                          (@RCLike.toDenselyNormedField Complex Complex.instRCLike))))))))))
      (@StarAlgEquiv.instFunLike Complex (Matrix (Fin n) (Fin n) Complex)
        (@ContinuousLinearMap Complex Complex
          (@DivisionSemiring.toSemiring Complex
            (@Semifield.toDivisionSemiring Complex
              (@Field.toSemifield Complex
                (@NormedField.toField Complex
                  (@DenselyNormedField.toNormedField Complex
                    (@RCLike.toDenselyNormedField Complex Complex.instRCLike))))))
          (@DivisionSemiring.toSemiring Complex
            (@Semifield.toDivisionSemiring Complex
              (@Field.toSemifield Complex
                (@NormedField.toField Complex
                  (@DenselyNormedField.toNormedField Complex
                    (@RCLike.toDenselyNormedField Complex Complex.instRCLike))))))
          (@RingHom.id Complex
            (@Semiring.toNonAssocSemiring Complex
              (@DivisionSemiring.toSemiring Complex
                (@Semifield.toDivisionSemiring Complex
                  (@Field.toSemifield Complex
                    (@NormedField.toField Complex
                      (@DenselyNormedField.toNormedField Complex
                        (@RCLike.toDenselyNormedField Complex Complex.instRCLike))))))))
          (EuclideanSpace Complex (Fin n))
          (@PiLp.topologicalSpace
            (@OfNat.ofNat ENNReal (nat_lit 2)
              (@instOfNatAtLeastTwo ENNReal (nat_lit 2)
                (@AddMonoidWithOne.toNatCast ENNReal
                  (@AddCommMonoidWithOne.toAddMonoidWithOne ENNReal ENNReal.instAddCommMonoidWithOne))
                PiLp.innerProductSpace._proof_1))
            (Fin n) (fun x => Complex) fun i =>
            @UniformSpace.toTopologicalSpace Complex
              (@PseudoMetricSpace.toUniformSpace Complex
                (@SeminormedRing.toPseudoMetricSpace Complex
                  (@SeminormedCommRing.toSeminormedRing Complex
                    (@NormedCommRing.toSeminormedCommRing Complex
                      (@NormedField.toNormedCommRing Complex
                        (@DenselyNormedField.toNormedField Complex
                          (@RCLike.toDenselyNormedField Complex Complex.instRCLike))))))))
          (@AddCommGroup.toAddCommMonoid (EuclideanSpace Complex (Fin n))
            (@WithLp.instAddCommGroup
              (@OfNat.ofNat ENNReal (nat_lit 2)
                (@instOfNatAtLeastTwo ENNReal (nat_lit 2)
                  (@AddMonoidWithOne.toNatCast ENNReal
                    (@AddCommMonoidWithOne.toAddMonoidWithOne ENNReal ENNReal.instAddCommMonoidWithOne))
                  PiLp.innerProductSpace._proof_1))
              ((i : Fin n) → (fun x => Complex) i)
              (@Pi.addCommGroup (Fin n) (fun x => Complex) fun i =>
                @Ring.toAddCommGroup Complex
                  (@DivisionRing.toRing Complex
                    (@Field.toDivisionRing Complex
                      (@NormedField.toField Complex
                        (@DenselyNormedField.toNormedField Complex
                          (@RCLike.toDenselyNormedField Complex Complex.instRCLike))))))))
          (EuclideanSpace Complex (Fin n))
          (@PiLp.topologicalSpace
            (@OfNat.ofNat ENNReal (nat_lit 2)
              (@instOfNatAtLeastTwo ENNReal (nat_lit 2)
                (@AddMonoidWithOne.toNatCast ENNReal
                  (@AddCommMonoidWithOne.toAddMonoidWithOne ENNReal ENNReal.instAddCommMonoidWithOne))
                PiLp.innerProductSpace._proof_1))
            (Fin n) (fun x => Complex) fun i =>
            @UniformSpace.toTopologicalSpace Complex
              (@PseudoMetricSpace.toUniformSpace Complex
                (@SeminormedRing.toPseudoMetricSpace Complex
                  (@SeminormedCommRing.toSeminormedRing Complex
                    (@NormedCommRing.toSeminormedCommRing Complex
                      (@NormedField.toNormedCommRing Complex
                        (@DenselyNormedField.toNormedField Complex
                          (@RCLike.toDenselyNormedField Complex Complex.instRCLike))))))))
          (@AddCommGroup.toAddCommMonoid (EuclideanSpace Complex (Fin n))
            (@WithLp.instAddCommGroup
              (@OfNat.ofNat ENNReal (nat_lit 2)
                (@instOfNatAtLeastTwo ENNReal (nat_lit 2)
                  (@AddMonoidWithOne.toNatCast ENNReal
                    (@AddCommMonoidWithOne.toAddMonoidWithOne ENNReal ENNReal.instAddCommMonoidWithOne))
                  PiLp.innerProductSpace._proof_1))
              ((i : Fin n) → (fun x => Complex) i)
              (@Pi.addCommGroup (Fin n) (fun x => Complex) fun i =>
                @Ring.toAddCommGroup Complex
                  (@DivisionRing.toRing Complex
                    (@Field.toDivisionRing Complex
                      (@NormedField.toField Complex
                        (@DenselyNormedField.toNormedField Complex
                          (@RCLike.toDenselyNormedField Complex Complex.instRCLike))))))))
          (@WithLp.instModule
            (@OfNat.ofNat ENNReal (nat_lit 2)
              (@instOfNatAtLeastTwo ENNReal (nat_lit 2)
                (@AddMonoidWithOne.toNatCast ENNReal
                  (@AddCommMonoidWithOne.toAddMonoidWithOne ENNReal ENNReal.instAddCommMonoidWithOne))
                PiLp.innerProductSpace._proof_1))
            Complex ((i : Fin n) → (fun x => Complex) i)
            (@DivisionSemiring.toSemiring Complex
              (@Semifield.toDivisionSemiring Complex
                (@Field.toSemifield Complex
                  (@NormedField.toField Complex
                    (@DenselyNormedField.toNormedField Complex
                      (@RCLike.toDenselyNormedField Complex Complex.instRCLike))))))
            (@Pi.addCommGroup (Fin n) (fun x => Complex) fun i =>
              @Ring.toAddCommGroup Complex
                (@DivisionRing.toRing Complex
                  (@Field.toDivisionRing Complex
                    (@NormedField.toField Complex
                      (@DenselyNormedField.toNormedField Complex
                        (@RCLike.toDenselyNormedField Complex Complex.instRCLike))))))
            (@Pi.Function.module (Fin n) Complex Complex
              (@DivisionSemiring.toSemiring Complex
                (@Semifield.toDivisionSemiring Complex
                  (@Field.toSemifield Complex
                    (@NormedField.toField Complex
                      (@DenselyNormedField.toNormedField Complex
                        (@RCLike.toDenselyNormedField Complex Complex.instRCLike))))))
              (@Semiring.toAddCommMonoid Complex
                (@Ring.toSemiring Complex
                  (@DivisionRing.toRing Complex
                    (@Field.toDivisionRing Complex
                      (@NormedField.toField Complex
                        (@DenselyNormedField.toNormedField Complex
                          (@RCLike.toDenselyNormedField Complex Complex.instRCLike)))))))
              (@Semiring.toModule Complex
                (@DivisionSemiring.toSemiring Complex
                  (@Semifield.toDivisionSemiring Complex
                    (@Field.toSemifield Complex
                      (@NormedField.toField Complex
                        (@DenselyNormedField.toNormedField Complex
                          (@RCLike.toDenselyNormedField Complex Complex.instRCLike)))))))))
          (@WithLp.instModule
            (@OfNat.ofNat ENNReal (nat_lit 2)
              (@instOfNatAtLeastTwo ENNReal (nat_lit 2)
                (@AddMonoidWithOne.toNatCast ENNReal
                  (@AddCommMonoidWithOne.toAddMonoidWithOne ENNReal ENNReal.instAddCommMonoidWithOne))
                PiLp.innerProductSpace._proof_1))
            Complex ((i : Fin n) → (fun x => Complex) i)
            (@DivisionSemiring.toSemiring Complex
              (@Semifield.toDivisionSemiring Complex
                (@Field.toSemifield Complex
                  (@NormedField.toField Complex
                    (@DenselyNormedField.toNormedField Complex
                      (@RCLike.toDenselyNormedField Complex Complex.instRCLike))))))
            (@Pi.addCommGroup (Fin n) (fun x => Complex) fun i =>
              @Ring.toAddCommGroup Complex
                (@DivisionRing.toRing Complex
                  (@Field.toDivisionRing Complex
                    (@NormedField.toField Complex
                      (@DenselyNormedField.toNormedField Complex
                        (@RCLike.toDenselyNormedField Complex Complex.instRCLike))))))
            (@Pi.Function.module (Fin n) Complex Complex
              (@DivisionSemiring.toSemiring Complex
                (@Semifield.toDivisionSemiring Complex
                  (@Field.toSemifield Complex
                    (@NormedField.toField Complex
                      (@DenselyNormedField.toNormedField Complex
                        (@RCLike.toDenselyNormedField Complex Complex.instRCLike))))))
              (@Semiring.toAddCommMonoid Complex
                (@Ring.toSemiring Complex
                  (@DivisionRing.toRing Complex
                    (@Field.toDivisionRing Complex
                      (@NormedField.toField Complex
                        (@DenselyNormedField.toNormedField Complex
                          (@RCLike.toDenselyNormedField Complex Complex.instRCLike)))))))
              (@Semiring.toModule Complex
                (@DivisionSemiring.toSemiring Complex
                  (@Semifield.toDivisionSemiring Complex
                    (@Field.toSemifield Complex
                      (@NormedField.toField Complex
                        (@DenselyNormedField.toNormedField Complex
                          (@RCLike.toDenselyNormedField Complex Complex.instRCLike))))))))))
        (@Matrix.add (Fin n) (Fin n) Complex
          (@Distrib.toAdd Complex
            (@instDistribOfSemiring Complex
              (@DivisionSemiring.toSemiring Complex
                (@Semifield.toDivisionSemiring Complex
                  (@Field.toSemifield Complex
                    (@NormedField.toField Complex
                      (@DenselyNormedField.toNormedField Complex
                        (@RCLike.toDenselyNormedField Complex Complex.instRCLike)))))))))
        (@ContinuousLinearMap.add Complex Complex
          (@DivisionSemiring.toSemiring Complex
            (@Semifield.toDivisionSemiring Complex
              (@Field.toSemifield Complex
                (@NormedField.toField Complex
                  (@DenselyNormedField.toNormedField Complex
                    (@RCLike.toDenselyNormedField Complex Complex.instRCLike))))))
          (@DivisionSemiring.toSemiring Complex
            (@Semifield.toDivisionSemiring Complex
              (@Field.toSemifield Complex
                (@NormedField.toField Complex
                  (@DenselyNormedField.toNormedField Complex
                    (@RCLike.toDenselyNormedField Complex Complex.instRCLike))))))
          (@RingHom.id Complex
            (@Semiring.toNonAssocSemiring Complex
              (@DivisionSemiring.toSemiring Complex
                (@Semifield.toDivisionSemiring Complex
                  (@Field.toSemifield Complex
                    (@NormedField.toField Complex
                      (@DenselyNormedField.toNormedField Complex
                        (@RCLike.toDenselyNormedField Complex Complex.instRCLike))))))))
          (EuclideanSpace Complex (Fin n))
          (@PiLp.topologicalSpace
            (@OfNat.ofNat ENNReal (nat_lit 2)
              (@instOfNatAtLeastTwo ENNReal (nat_lit 2)
                (@AddMonoidWithOne.toNatCast ENNReal
                  (@AddCommMonoidWithOne.toAddMonoidWithOne ENNReal ENNReal.instAddCommMonoidWithOne))
                PiLp.innerProductSpace._proof_1))
            (Fin n) (fun x => Complex) fun i =>
            @UniformSpace.toTopologicalSpace Complex
              (@PseudoMetricSpace.toUniformSpace Complex
                (@SeminormedRing.toPseudoMetricSpace Complex
                  (@SeminormedCommRing.toSeminormedRing Complex
                    (@NormedCommRing.toSeminormedCommRing Complex
                      (@NormedField.toNormedCommRing Complex
                        (@DenselyNormedField.toNormedField Complex
                          (@RCLike.toDenselyNormedField Complex Complex.instRCLike))))))))
          (@AddCommGroup.toAddCommMonoid (EuclideanSpace Complex (Fin n))
            (@WithLp.instAddCommGroup
              (@OfNat.ofNat ENNReal (nat_lit 2)
                (@instOfNatAtLeastTwo ENNReal (nat_lit 2)
                  (@AddMonoidWithOne.toNatCast ENNReal
                    (@AddCommMonoidWithOne.toAddMonoidWithOne ENNReal ENNReal.instAddCommMonoidWithOne))
                  PiLp.innerProductSpace._proof_1))
              ((i : Fin n) → (fun x => Complex) i)
              (@Pi.addCommGroup (Fin n) (fun x => Complex) fun i =>
                @Ring.toAddCommGroup Complex
                  (@DivisionRing.toRing Complex
                    (@Field.toDivisionRing Complex
                      (@NormedField.toField Complex
                        (@DenselyNormedField.toNormedField Complex
                          (@RCLike.toDenselyNormedField Complex Complex.instRCLike))))))))
          (EuclideanSpace Complex (Fin n))
          (@PiLp.topologicalSpace
            (@OfNat.ofNat ENNReal (nat_lit 2)
              (@instOfNatAtLeastTwo ENNReal (nat_lit 2)
                (@AddMonoidWithOne.toNatCast ENNReal
                  (@AddCommMonoidWithOne.toAddMonoidWithOne ENNReal ENNReal.instAddCommMonoidWithOne))
                PiLp.innerProductSpace._proof_1))
            (Fin n) (fun x => Complex) fun i =>
            @UniformSpace.toTopologicalSpace Complex
              (@PseudoMetricSpace.toUniformSpace Complex
                (@SeminormedRing.toPseudoMetricSpace Complex
                  (@SeminormedCommRing.toSeminormedRing Complex
                    (@NormedCommRing.toSeminormedCommRing Complex
                      (@NormedField.toNormedCommRing Complex
                        (@DenselyNormedField.toNormedField Complex
                          (@RCLike.toDenselyNormedField Complex Complex.instRCLike))))))))
          (@AddCommGroup.toAddCommMonoid (EuclideanSpace Complex (Fin n))
            (@WithLp.instAddCommGroup
              (@OfNat.ofNat ENNReal (nat_lit 2)
                (@instOfNatAtLeastTwo ENNReal (nat_lit 2)
                  (@AddMonoidWithOne.toNatCast ENNReal
                    (@AddCommMonoidWithOne.toAddMonoidWithOne ENNReal ENNReal.instAddCommMonoidWithOne))
                  PiLp.innerProductSpace._proof_1))
              ((i : Fin n) → (fun x => Complex) i)
              (@Pi.addCommGroup (Fin n) (fun x => Complex) fun i =>
                @Ring.toAddCommGroup Complex
                  (@DivisionRing.toRing Complex
                    (@Field.toDivisionRing Complex
                      (@NormedField.toField Complex
                        (@DenselyNormedField.toNormedField Complex
                          (@RCLike.toDenselyNormedField Complex Complex.instRCLike))))))))
          (@WithLp.instModule
            (@OfNat.ofNat ENNReal (nat_lit 2)
              (@instOfNatAtLeastTwo ENNReal (nat_lit 2)
                (@AddMonoidWithOne.toNatCast ENNReal
                  (@AddCommMonoidWithOne.toAddMonoidWithOne ENNReal ENNReal.instAddCommMonoidWithOne))
                PiLp.innerProductSpace._proof_1))
            Complex ((i : Fin n) → (fun x => Complex) i)
            (@DivisionSemiring.toSemiring Complex
              (@Semifield.toDivisionSemiring Complex
                (@Field.toSemifield Complex
                  (@NormedField.toField Complex
                    (@DenselyNormedField.toNormedField Complex
                      (@RCLike.toDenselyNormedField Complex Complex.instRCLike))))))
            (@Pi.addCommGroup (Fin n) (fun x => Complex) fun i =>
              @Ring.toAddCommGroup Complex
                (@DivisionRing.toRing Complex
                  (@Field.toDivisionRing Complex
                    (@NormedField.toField Complex
                      (@DenselyNormedField.toNormedField Complex
                        (@RCLike.toDenselyNormedField Complex Complex.instRCLike))))))
            (@Pi.Function.module (Fin n) Complex Complex
              (@DivisionSemiring.toSemiring Complex
                (@Semifield.toDivisionSemiring Complex
                  (@Field.toSemifield Complex
                    (@NormedField.toField Complex
                      (@DenselyNormedField.toNormedField Complex
                        (@RCLike.toDenselyNormedField Complex Complex.instRCLike))))))
              (@Semiring.toAddCommMonoid Complex
                (@Ring.toSemiring Complex
                  (@DivisionRing.toRing Complex
                    (@Field.toDivisionRing Complex
                      (@NormedField.toField Complex
                        (@DenselyNormedField.toNormedField Complex
                          (@RCLike.toDenselyNormedField Complex Complex.instRCLike)))))))
              (@Semiring.toModule Complex
                (@DivisionSemiring.toSemiring Complex
                  (@Semifield.toDivisionSemiring Complex
                    (@Field.toSemifield Complex
                      (@NormedField.toField Complex
                        (@DenselyNormedField.toNormedField Complex
                          (@RCLike.toDenselyNormedField Complex Complex.instRCLike)))))))))
          (@WithLp.instModule
            (@OfNat.ofNat ENNReal (nat_lit 2)
              (@instOfNatAtLeastTwo ENNReal (nat_lit 2)
                (@AddMonoidWithOne.toNatCast ENNReal
                  (@AddCommMonoidWithOne.toAddMonoidWithOne ENNReal ENNReal.instAddCommMonoidWithOne))
                PiLp.innerProductSpace._proof_1))
            Complex ((i : Fin n) → (fun x => Complex) i)
            (@DivisionSemiring.toSemiring Complex
              (@Semifield.toDivisionSemiring Complex
                (@Field.toSemifield Complex
                  (@NormedField.toField Complex
                    (@DenselyNormedField.toNormedField Complex
                      (@RCLike.toDenselyNormedField Complex Complex.instRCLike))))))
            (@Pi.addCommGroup (Fin n) (fun x => Complex) fun i =>
              @Ring.toAddCommGroup Complex
                (@DivisionRing.toRing Complex
                  (@Field.toDivisionRing Complex
                    (@NormedField.toField Complex
                      (@DenselyNormedField.toNormedField Complex
                        (@RCLike.toDenselyNormedField Complex Complex.instRCLike))))))
            (@Pi.Function.module (Fin n) Complex Complex
              (@DivisionSemiring.toSemiring Complex
                (@Semifield.toDivisionSemiring Complex
                  (@Field.toSemifield Complex
                    (@NormedField.toField Complex
                      (@DenselyNormedField.toNormedField Complex
                        (@RCLike.toDenselyNormedField Complex Complex.instRCLike))))))
              (@Semiring.toAddCommMonoid Complex
                (@Ring.toSemiring Complex
                  (@DivisionRing.toRing Complex
                    (@Field.toDivisionRing Complex
                      (@NormedField.toField Complex
                        (@DenselyNormedField.toNormedField Complex
                          (@RCLike.toDenselyNormedField Complex Complex.instRCLike)))))))
              (@Semiring.toModule Complex
                (@DivisionSemiring.toSemiring Complex
                  (@Semifield.toDivisionSemiring Complex
                    (@Field.toSemifield Complex
                      (@NormedField.toField Complex
                        (@DenselyNormedField.toNormedField Complex
                          (@RCLike.toDenselyNormedField Complex Complex.instRCLike)))))))))
          ⋯)
        (@Matrix.instMulOfFintypeOfAddCommMonoid (Fin n) Complex (Fin.fintype n)
          (@Distrib.toMul Complex
            (@instDistribOfSemiring Complex
              (@DivisionSemiring.toSemiring Complex
                (@Semifield.toDivisionSemiring Complex
                  (@Field.toSemifield Complex
                    (@NormedField.toField Complex
                      (@DenselyNormedField.toNormedField Complex
                        (@RCLike.toDenselyNormedField Complex Complex.instRCLike))))))))
          (@Semiring.toAddCommMonoid Complex
            (@DivisionSemiring.toSemiring Complex
              (@Semifield.toDivisionSemiring Complex
                (@Field.toSemifield Complex
                  (@NormedField.toField Complex
                    (@DenselyNormedField.toNormedField Complex
                      (@RCLike.toDenselyNormedField Complex Complex.instRCLike))))))))
        (@ContinuousLinearMap.instMul Complex
          (@DivisionSemiring.toSemiring Complex
            (@Semifield.toDivisionSemiring Complex
              (@Field.toSemifield Complex
                (@NormedField.toField Complex
                  (@DenselyNormedField.toNormedField Complex
                    (@RCLike.toDenselyNormedField Complex Complex.instRCLike))))))
          (EuclideanSpace Complex (Fin n))
          (@PiLp.topologicalSpace
            (@OfNat.ofNat ENNReal (nat_lit 2)
              (@instOfNatAtLeastTwo ENNReal (nat_lit 2)
                (@AddMonoidWithOne.toNatCast ENNReal
                  (@AddCommMonoidWithOne.toAddMonoidWithOne ENNReal ENNReal.instAddCommMonoidWithOne))
                PiLp.innerProductSpace._proof_1))
            (Fin n) (fun x => Complex) fun i =>
            @UniformSpace.toTopologicalSpace Complex
              (@PseudoMetricSpace.toUniformSpace Complex
                (@SeminormedRing.toPseudoMetricSpace Complex
                  (@SeminormedCommRing.toSeminormedRing Complex
                    (@NormedCommRing.toSeminormedCommRing Complex
                      (@NormedField.toNormedCommRing Complex
                        (@DenselyNormedField.toNormedField Complex
                          (@RCLike.toDenselyNormedField Complex Complex.instRCLike))))))))
          (@AddCommGroup.toAddCommMonoid (EuclideanSpace Complex (Fin n))
            (@WithLp.instAddCommGroup
              (@OfNat.ofNat ENNReal (nat_lit 2)
                (@instOfNatAtLeastTwo ENNReal (nat_lit 2)
                  (@AddMonoidWithOne.toNatCast ENNReal
                    (@AddCommMonoidWithOne.toAddMonoidWithOne ENNReal ENNReal.instAddCommMonoidWithOne))
                  PiLp.innerProductSpace._proof_1))
              ((i : Fin n) → (fun x => Complex) i)
              (@Pi.addCommGroup (Fin n) (fun x => Complex) fun i =>
                @Ring.toAddCommGroup Complex
                  (@DivisionRing.toRing Complex
                    (@Field.toDivisionRing Complex
                      (@NormedField.toField Complex
                        (@DenselyNormedField.toNormedField Complex
                          (@RCLike.toDenselyNormedField Complex Complex.instRCLike))))))))
          (@WithLp.instModule
            (@OfNat.ofNat ENNReal (nat_lit 2)
              (@instOfNatAtLeastTwo ENNReal (nat_lit 2)
                (@AddMonoidWithOne.toNatCast ENNReal
                  (@AddCommMonoidWithOne.toAddMonoidWithOne ENNReal ENNReal.instAddCommMonoidWithOne))
                PiLp.innerProductSpace._proof_1))
            Complex ((i : Fin n) → (fun x => Complex) i)
            (@DivisionSemiring.toSemiring Complex
              (@Semifield.toDivisionSemiring Complex
                (@Field.toSemifield Complex
                  (@NormedField.toField Complex
                    (@DenselyNormedField.toNormedField Complex
                      (@RCLike.toDenselyNormedField Complex Complex.instRCLike))))))
            (@Pi.addCommGroup (Fin n) (fun x => Complex) fun i =>
              @Ring.toAddCommGroup Complex
                (@DivisionRing.toRing Complex
                  (@Field.toDivisionRing Complex
                    (@NormedField.toField Complex
                      (@DenselyNormedField.toNormedField Complex
                        (@RCLike.toDenselyNormedField Complex Complex.instRCLike))))))
            (@Pi.Function.module (Fin n) Complex Complex
              (@DivisionSemiring.toSemiring Complex
                (@Semifield.toDivisionSemiring Complex
                  (@Field.toSemifield Complex
                    (@NormedField.toField Complex
                      (@DenselyNormedField.toNormedField Complex
                        (@RCLike.toDenselyNormedField Complex Complex.instRCLike))))))
              (@Semiring.toAddCommMonoid Complex
                (@Ring.toSemiring Complex
                  (@DivisionRing.toRing Complex
                    (@Field.toDivisionRing Complex
                      (@NormedField.toField Complex
                        (@DenselyNormedField.toNormedField Complex
                          (@RCLike.toDenselyNormedField Complex Complex.instRCLike)))))))
              (@Semiring.toModule Complex
                (@DivisionSemiring.toSemiring Complex
                  (@Semifield.toDivisionSemiring Complex
                    (@Field.toSemifield Complex
                      (@NormedField.toField Complex
                        (@DenselyNormedField.toNormedField Complex
                          (@RCLike.toDenselyNormedField Complex Complex.instRCLike))))))))))
        (@Matrix.smul (Fin n) (Fin n) Complex Complex
          (@instSMulOfMul Complex
            (@Distrib.toMul Complex
              (@instDistribOfSemiring Complex
                (@DivisionSemiring.toSemiring Complex
                  (@Semifield.toDivisionSemiring Complex
                    (@Field.toSemifield Complex
                      (@NormedField.toField Complex
                        (@DenselyNormedField.toNormedField Complex
                          (@RCLike.toDenselyNormedField Complex Complex.instRCLike))))))))))
        (@ContinuousLinearMap.instSMul Complex Complex
          (@DivisionSemiring.toSemiring Complex
            (@Semifield.toDivisionSemiring Complex
              (@Field.toSemifield Complex
                (@NormedField.toField Complex
                  (@DenselyNormedField.toNormedField Complex
                    (@RCLike.toDenselyNormedField Complex Complex.instRCLike))))))
          (@DivisionSemiring.toSemiring Complex
            (@Semifield.toDivisionSemiring Complex
              (@Field.toSemifield Complex
                (@NormedField.toField Complex
                  (@DenselyNormedField.toNormedField Complex
                    (@RCLike.toDenselyNormedField Complex Complex.instRCLike))))))
          (@RingHom.id Complex
            (@Semiring.toNonAssocSemiring Complex
              (@DivisionSemiring.toSemiring Complex
                (@Semifield.toDivisionSemiring Complex
                  (@Field.toSemifield Complex
                    (@NormedField.toField Complex
                      (@DenselyNormedField.toNormedField Complex
                        (@RCLike.toDenselyNormedField Complex Complex.instRCLike))))))))
          (EuclideanSpace Complex (Fin n))
          (@PiLp.topologicalSpace
            (@OfNat.ofNat ENNReal (nat_lit 2)
              (@instOfNatAtLeastTwo ENNReal (nat_lit 2)
                (@AddMonoidWithOne.toNatCast ENNReal
                  (@AddCommMonoidWithOne.toAddMonoidWithOne ENNReal ENNReal.instAddCommMonoidWithOne))
                PiLp.innerProductSpace._proof_1))
            (Fin n) (fun x => Complex) fun i =>
            @UniformSpace.toTopologicalSpace Complex
              (@PseudoMetricSpace.toUniformSpace Complex
                (@SeminormedRing.toPseudoMetricSpace Complex
                  (@SeminormedCommRing.toSeminormedRing Complex
                    (@NormedCommRing.toSeminormedCommRing Complex
                      (@NormedField.toNormedCommRing Complex
                        (@DenselyNormedField.toNormedField Complex
                          (@RCLike.toDenselyNormedField Complex Complex.instRCLike))))))))
          (@AddCommGroup.toAddCommMonoid (EuclideanSpace Complex (Fin n))
            (@WithLp.instAddCommGroup
              (@OfNat.ofNat ENNReal (nat_lit 2)
                (@instOfNatAtLeastTwo ENNReal (nat_lit 2)
                  (@AddMonoidWithOne.toNatCast ENNReal
                    (@AddCommMonoidWithOne.toAddMonoidWithOne ENNReal ENNReal.instAddCommMonoidWithOne))
                  PiLp.innerProductSpace._proof_1))
              ((i : Fin n) → (fun x => Complex) i)
              (@Pi.addCommGroup (Fin n) (fun x => Complex) fun i =>
                @Ring.toAddCommGroup Complex
                  (@DivisionRing.toRing Complex
                    (@Field.toDivisionRing Complex
                      (@NormedField.toField Complex
                        (@DenselyNormedField.toNormedField Complex
                          (@RCLike.toDenselyNormedField Complex Complex.instRCLike))))))))
          (EuclideanSpace Complex (Fin n))
          (@PiLp.topologicalSpace
            (@OfNat.ofNat ENNReal (nat_lit 2)
              (@instOfNatAtLeastTwo ENNReal (nat_lit 2)
                (@AddMonoidWithOne.toNatCast ENNReal
                  (@AddCommMonoidWithOne.toAddMonoidWithOne ENNReal ENNReal.instAddCommMonoidWithOne))
                PiLp.innerProductSpace._proof_1))
            (Fin n) (fun x => Complex) fun i =>
            @UniformSpace.toTopologicalSpace Complex
              (@PseudoMetricSpace.toUniformSpace Complex
                (@SeminormedRing.toPseudoMetricSpace Complex
                  (@SeminormedCommRing.toSeminormedRing Complex
                    (@NormedCommRing.toSeminormedCommRing Complex
                      (@NormedField.toNormedCommRing Complex
                        (@DenselyNormedField.toNormedField Complex
                          (@RCLike.toDenselyNormedField Complex Complex.instRCLike))))))))
          (@AddCommGroup.toAddCommMonoid (EuclideanSpace Complex (Fin n))
            (@WithLp.instAddCommGroup
              (@OfNat.ofNat ENNReal (nat_lit 2)
                (@instOfNatAtLeastTwo ENNReal (nat_lit 2)
                  (@AddMonoidWithOne.toNatCast ENNReal
                    (@AddCommMonoidWithOne.toAddMonoidWithOne ENNReal ENNReal.instAddCommMonoidWithOne))
                  PiLp.innerProductSpace._proof_1))
              ((i : Fin n) → (fun x => Complex) i)
              (@Pi.addCommGroup (Fin n) (fun x => Complex) fun i =>
                @Ring.toAddCommGroup Complex
                  (@DivisionRing.toRing Complex
                    (@Field.toDivisionRing Complex
                      (@NormedField.toField Complex
                        (@DenselyNormedField.toNormedField Complex
                          (@RCLike.toDenselyNormedField Complex Complex.instRCLike))))))))
          (@WithLp.instModule
            (@OfNat.ofNat ENNReal (nat_lit 2)
              (@instOfNatAtLeastTwo ENNReal (nat_lit 2)
                (@AddMonoidWithOne.toNatCast ENNReal
                  (@AddCommMonoidWithOne.toAddMonoidWithOne ENNReal ENNReal.instAddCommMonoidWithOne))
                PiLp.innerProductSpace._proof_1))
            Complex ((i : Fin n) → (fun x => Complex) i)
            (@DivisionSemiring.toSemiring Complex
              (@Semifield.toDivisionSemiring Complex
                (@Field.toSemifield Complex
                  (@NormedField.toField Complex
                    (@DenselyNormedField.toNormedField Complex
                      (@RCLike.toDenselyNormedField Complex Complex.instRCLike))))))
            (@Pi.addCommGroup (Fin n) (fun x => Complex) fun i =>
              @Ring.toAddCommGroup Complex
                (@DivisionRing.toRing Complex
                  (@Field.toDivisionRing Complex
                    (@NormedField.toField Complex
                      (@DenselyNormedField.toNormedField Complex
                        (@RCLike.toDenselyNormedField Complex Complex.instRCLike))))))
            (@Pi.Function.module (Fin n) Complex Complex
              (@DivisionSemiring.toSemiring Complex
                (@Semifield.toDivisionSemiring Complex
                  (@Field.toSemifield Complex
                    (@NormedField.toField Complex
                      (@DenselyNormedField.toNormedField Complex
                        (@RCLike.toDenselyNormedField Complex Complex.instRCLike))))))
              (@Semiring.toAddCommMonoid Complex
                (@Ring.toSemiring Complex
                  (@DivisionRing.toRing Complex
                    (@Field.toDivisionRing Complex
                      (@NormedField.toField Complex
                        (@DenselyNormedField.toNormedField Complex
                          (@RCLike.toDenselyNormedField Complex Complex.instRCLike)))))))
              (@Semiring.toModule Complex
                (@DivisionSemiring.toSemiring Complex
                  (@Semifield.toDivisionSemiring Complex
                    (@Field.toSemifield Complex
                      (@NormedField.toField Complex
                        (@DenselyNormedField.toNormedField Complex
                          (@RCLike.toDenselyNormedField Complex Complex.instRCLike)))))))))
          (@WithLp.instModule
            (@OfNat.ofNat ENNReal (nat_lit 2)
              (@instOfNatAtLeastTwo ENNReal (nat_lit 2)
                (@AddMonoidWithOne.toNatCast ENNReal
                  (@AddCommMonoidWithOne.toAddMonoidWithOne ENNReal ENNReal.instAddCommMonoidWithOne))
                PiLp.innerProductSpace._proof_1))
            Complex ((i : Fin n) → (fun x => Complex) i)
            (@DivisionSemiring.toSemiring Complex
              (@Semifield.toDivisionSemiring Complex
                (@Field.toSemifield Complex
                  (@NormedField.toField Complex
                    (@DenselyNormedField.toNormedField Complex
                      (@RCLike.toDenselyNormedField Complex Complex.instRCLike))))))
            (@Pi.addCommGroup (Fin n) (fun x => Complex) fun i =>
              @Ring.toAddCommGroup Complex
                (@DivisionRing.toRing Complex
                  (@Field.toDivisionRing Complex
                    (@NormedField.toField Complex
                      (@DenselyNormedField.toNormedField Complex
                        (@RCLike.toDenselyNormedField Complex Complex.instRCLike))))))
            (@Pi.Function.module (Fin n) Complex Complex
              (@DivisionSemiring.toSemiring Complex
                (@Semifield.toDivisionSemiring Complex
                  (@Field.toSemifield Complex
                    (@NormedField.toField Complex
                      (@DenselyNormedField.toNormedField Complex
                        (@RCLike.toDenselyNormedField Complex Complex.instRCLike))))))
              (@Semiring.toAddCommMonoid Complex
                (@Ring.toSemiring Complex
                  (@DivisionRing.toRing Complex
                    (@Field.toDivisionRing Complex
                      (@NormedField.toField Complex
                        (@DenselyNormedField.toNormedField Complex
                          (@RCLike.toDenselyNormedField Complex Complex.instRCLike)))))))
              (@Semiring.toModule Complex
                (@DivisionSemiring.toSemiring Complex
                  (@Semifield.toDivisionSemiring Complex
                    (@Field.toSemifield Complex
                      (@NormedField.toField Complex
                        (@DenselyNormedField.toNormedField Complex
                          (@RCLike.toDenselyNormedField Complex Complex.instRCLike)))))))))
          Complex
          (@DistribMulAction.toDistribSMul Complex (EuclideanSpace Complex (Fin n))
            (@Semiring.toMonoid Complex
              (@DivisionSemiring.toSemiring Complex
                (@Semifield.toDivisionSemiring Complex
                  (@Field.toSemifield Complex
                    (@NormedField.toField Complex
                      (@DenselyNormedField.toNormedField Complex
                        (@RCLike.toDenselyNormedField Complex Complex.instRCLike)))))))
            (@SubNegMonoid.toAddMonoid (EuclideanSpace Complex (Fin n))
              (@AddGroup.toSubNegMonoid (EuclideanSpace Complex (Fin n))
                (@AddCommGroup.toAddGroup (EuclideanSpace Complex (Fin n))
                  (@WithLp.instAddCommGroup
                    (@OfNat.ofNat ENNReal (nat_lit 2)
                      (@instOfNatAtLeastTwo ENNReal (nat_lit 2)
                        (@AddMonoidWithOne.toNatCast ENNReal
                          (@AddCommMonoidWithOne.toAddMonoidWithOne ENNReal ENNReal.instAddCommMonoidWithOne))
                        PiLp.innerProductSpace._proof_1))
                    ((i : Fin n) → (fun x => Complex) i)
                    (@Pi.addCommGroup (Fin n) (fun x => Complex) fun i =>
                      @Ring.toAddCommGroup Complex
                        (@DivisionRing.toRing Complex
                          (@Field.toDivisionRing Complex
                            (@NormedField.toField Complex
                              (@DenselyNormedField.toNormedField Complex
                                (@RCLike.toDenselyNormedField Complex Complex.instRCLike))))))))))
            (@WithLp.instDistribMulAction
              (@OfNat.ofNat ENNReal (nat_lit 2)
                (@instOfNatAtLeastTwo ENNReal (nat_lit 2)
                  (@AddMonoidWithOne.toNatCast ENNReal
                    (@AddCommMonoidWithOne.toAddMonoidWithOne ENNReal ENNReal.instAddCommMonoidWithOne))
                  PiLp.innerProductSpace._proof_1))
              Complex ((i : Fin n) → (fun x => Complex) i)
              (@Semiring.toMonoid Complex
                (@DivisionSemiring.toSemiring Complex
                  (@Semifield.toDivisionSemiring Complex
                    (@Field.toSemifield Complex
                      (@NormedField.toField Complex
                        (@DenselyNormedField.toNormedField Complex
                          (@RCLike.toDenselyNormedField Complex Complex.instRCLike)))))))
              (@Pi.addCommGroup (Fin n) (fun x => Complex) fun i =>
                @Ring.toAddCommGroup Complex
                  (@DivisionRing.toRing Complex
                    (@Field.toDivisionRing Complex
                      (@NormedField.toField Complex
                        (@DenselyNormedField.toNormedField Complex
                          (@RCLike.toDenselyNormedField Complex Complex.instRCLike))))))
              (@Pi.distribMulAction (Fin n) (fun x => Complex) Complex
                (@Semiring.toMonoid Complex
                  (@DivisionSemiring.toSemiring Complex
                    (@Semifield.toDivisionSemiring Complex
                      (@Field.toSemifield Complex
                        (@NormedField.toField Complex
                          (@DenselyNormedField.toNormedField Complex
                            (@RCLike.toDenselyNormedField Complex Complex.instRCLike)))))))
                (fun i =>
                  @SubNegMonoid.toAddMonoid ((fun x => Complex) i)
                    ((fun i =>
                        @AddGroup.toSubNegMonoid ((fun x => Complex) i)
                          ((fun i =>
                              @AddCommGroup.toAddGroup ((fun x => Complex) i)
                                ((fun i =>
                                    @Ring.toAddCommGroup Complex
                                      (@DivisionRing.toRing Complex
                                        (@Field.toDivisionRing Complex
                                          (@NormedField.toField Complex
                                            (@DenselyNormedField.toNormedField Complex
                                              (@RCLike.toDenselyNormedField Complex Complex.instRCLike))))))
                                  i))
                            i))
                      i))
                fun i =>
                @Module.toDistribMulAction Complex Complex
                  (@DivisionSemiring.toSemiring Complex
                    (@Semifield.toDivisionSemiring Complex
                      (@Field.toSemifield Complex
                        (@NormedField.toField Complex
                          (@DenselyNormedField.toNormedField Complex
                            (@RCLike.toDenselyNormedField Complex Complex.instRCLike))))))
                  (@Semiring.toAddCommMonoid Complex
                    (@DivisionSemiring.toSemiring Complex
                      (@Semifield.toDivisionSemiring Complex
                        (@Field.toSemifield Complex
                          (@NormedField.toField Complex
                            (@DenselyNormedField.toNormedField Complex
                              (@RCLike.toDenselyNormedField Complex Complex.instRCLike)))))))
                  (@Semiring.toModule Complex
                    (@DivisionSemiring.toSemiring Complex
                      (@Semifield.toDivisionSemiring Complex
                        (@Field.toSemifield Complex
                          (@NormedField.toField Complex
                            (@DenselyNormedField.toNormedField Complex
                              (@RCLike.toDenselyNormedField Complex Complex.instRCLike))))))))))
          ⋯ ⋯)
        (@Matrix.instStar (Fin n) Complex
          (@InvolutiveStar.toStar Complex
            (@StarAddMonoid.toInvolutiveStar Complex
              (@AddCommMonoid.toAddMonoid Complex
                (@NonUnitalNonAssocSemiring.toAddCommMonoid Complex
                  (@NonUnitalNonAssocRing.toNonUnitalNonAssocSemiring Complex
                    (@NonUnitalNonAssocCommRing.toNonUnitalNonAssocRing Complex
                      (@NonUnitalCommRing.toNonUnitalNonAssocCommRing Complex
                        (@CommRing.toNonUnitalCommRing Complex
                          (@Field.toCommRing Complex
                            (@NormedField.toField Complex
                              (@DenselyNormedField.toNormedField Complex
                                (@RCLike.toDenselyNormedField Complex Complex.instRCLike))))))))))
              (@StarRing.toStarAddMonoid Complex
                (@NonUnitalNonAssocRing.toNonUnitalNonAssocSemiring Complex
                  (@NonUnitalNonAssocCommRing.toNonUnitalNonAssocRing Complex
                    (@NonUnitalCommRing.toNonUnitalNonAssocCommRing Complex
                      (@CommRing.toNonUnitalCommRing Complex
                        (@Field.toCommRing Complex
                          (@NormedField.toField Complex
                            (@DenselyNormedField.toNormedField Complex
                              (@RCLike.toDenselyNormedField Complex Complex.instRCLike))))))))
                (@RCLike.toStarRing Complex Complex.instRCLike)))))
        (@ContinuousLinearMap.instStarId Complex (EuclideanSpace Complex (Fin n)) Complex.instRCLike
          (@PiLp.normedAddCommGroup
            (@OfNat.ofNat ENNReal (nat_lit 2)
              (@instOfNatAtLeastTwo ENNReal (nat_lit 2)
                (@AddMonoidWithOne.toNatCast ENNReal
                  (@AddCommMonoidWithOne.toAddMonoidWithOne ENNReal ENNReal.instAddCommMonoidWithOne))
                PiLp.innerProductSpace._proof_1))
            (Fin n) (fun x => Complex) fact_one_le_two_ennreal (Fin.fintype n) fun i =>
            @NonUnitalNormedRing.toNormedAddCommGroup Complex
              (@NonUnitalNormedCommRing.toNonUnitalNormedRing Complex
                (@NormedCommRing.toNonUnitalNormedCommRing Complex
                  (@NormedField.toNormedCommRing Complex
                    (@DenselyNormedField.toNormedField Complex
                      (@RCLike.toDenselyNormedField Complex Complex.instRCLike))))))
          (@PiLp.innerProductSpace Complex Complex.instRCLike (Fin n) (Fin.fintype n) (fun x => Complex)
            (fun i =>
              @NonUnitalNormedRing.toNormedAddCommGroup Complex
                (@NonUnitalNormedCommRing.toNonUnitalNormedRing Complex
                  (@NormedCommRing.toNonUnitalNormedCommRing Complex
                    (@NormedField.toNormedCommRing Complex
                      (@DenselyNormedField.toNormedField Complex
                        (@RCLike.toDenselyNormedField Complex Complex.instRCLike))))))
            fun i => @RCLike.innerProductSpace Complex Complex.instRCLike)
          ⋯))
      (@Matrix.toEuclideanCLM Complex (Fin n) Complex.instRCLike (Fin.fintype n) (instDecidableEqFin n)) A)
def NLA.MI03.matrixModulus : {n : Nat} → NLA.MI03.Mat n → NLA.MI03.Mat n :=
fun {n} A =>
  @CFC.sqrt (NLA.MI03.Mat n) (@Matrix.instPartialOrder Complex (Fin n) Complex.instRCLike)
    (@Matrix.instNonUnitalRing (Fin n) Complex (Fin.fintype n)
      (@NonUnitalCommRing.toNonUnitalRing Complex Complex.instNonUnitalCommRing))
    (@instTopologicalSpaceMatrix (Fin n) (Fin n) Complex
      (@UniformSpace.toTopologicalSpace Complex
        (@PseudoMetricSpace.toUniformSpace Complex
          (@SeminormedRing.toPseudoMetricSpace Complex
            (@SeminormedCommRing.toSeminormedRing Complex
              (@NormedCommRing.toSeminormedCommRing Complex
                (@CommCStarAlgebra.toNormedCommRing Complex instCommCStarAlgebraComplex)))))))
    (@Matrix.instStarRing (Fin n) Complex (Fin.fintype n)
      (@NonUnitalNonAssocRing.toNonUnitalNonAssocSemiring Complex
        (@NonUnitalNonAssocCommRing.toNonUnitalNonAssocRing Complex
          (@NonUnitalCommRing.toNonUnitalNonAssocCommRing Complex Complex.instNonUnitalCommRing)))
      Complex.instStarRing)
    (@Matrix.module (Fin n) (Fin n) Real Complex Real.semiring Complex.instAddCommMonoid
      (@NormedSpace.toModule Real Complex Real.normedField
        (@NonUnitalSeminormedRing.toSeminormedAddCommGroup Complex
          (@NonUnitalSeminormedCommRing.toNonUnitalSeminormedRing Complex
            (@SeminormedCommRing.toNonUnitalSeminormedCommRing Complex
              (@NormedCommRing.toSeminormedCommRing Complex
                (@CommCStarAlgebra.toNormedCommRing Complex instCommCStarAlgebraComplex)))))
        (@InnerProductSpace.toNormedSpace Real Complex Real.instRCLike
          (@NonUnitalSeminormedRing.toSeminormedAddCommGroup Complex
            (@NonUnitalSeminormedCommRing.toNonUnitalSeminormedRing Complex
              (@SeminormedCommRing.toNonUnitalSeminormedCommRing Complex
                (@NormedCommRing.toSeminormedCommRing Complex
                  (@CommCStarAlgebra.toNormedCommRing Complex instCommCStarAlgebraComplex)))))
          instInnerProductSpaceRealComplex)))
    ⋯ ⋯ ⋯ ⋯ ⋯
    (@HMul.hMul (Matrix (Fin n) (Fin n) Complex) (NLA.MI03.Mat n) (Matrix (Fin n) (Fin n) Complex)
      (@Matrix.instHMulOfFintypeOfMulOfAddCommMonoid (Fin n) (Fin n) (Fin n) Complex (Fin.fintype n) Complex.instMul
        Complex.instAddCommMonoid)
      (@Matrix.conjTranspose (Fin n) (Fin n) Complex
        (@InvolutiveStar.toStar Complex
          (@StarAddMonoid.toInvolutiveStar Complex
            (@AddCommMonoid.toAddMonoid Complex
              (@NonUnitalNonAssocSemiring.toAddCommMonoid Complex
                (@NonUnitalNonAssocRing.toNonUnitalNonAssocSemiring Complex
                  (@NonUnitalNonAssocCommRing.toNonUnitalNonAssocRing Complex
                    (@NonUnitalCommRing.toNonUnitalNonAssocCommRing Complex Complex.instNonUnitalCommRing)))))
            (@StarRing.toStarAddMonoid Complex
              (@NonUnitalNonAssocRing.toNonUnitalNonAssocSemiring Complex
                (@NonUnitalNonAssocCommRing.toNonUnitalNonAssocRing Complex
                  (@NonUnitalCommRing.toNonUnitalNonAssocCommRing Complex Complex.instNonUnitalCommRing)))
              Complex.instStarRing)))
        A)
      A)
def NLA.MI03.AdmissibleConstant : ℕ → ℝ → Prop :=
fun k c =>
  0 ≤ c ∧
    ∀ (n : ℕ),
      1 ≤ n →
        ∀ (A : Fin k → NLA.MI03.Mat n),
          (∀ (j : Fin k), NLA.MI03.operatorNorm (A j) ≤ 1) → Matrix.PosSemidef (NLA.MI03.errorGap A c)
def NLA.MI03.admissibleConstants : ℕ → Set ℝ :=
fun k => {c | NLA.MI03.AdmissibleConstant k c}
def NLA.MI03.sharpConstant : ℕ → ℝ :=
fun k => sInf (NLA.MI03.admissibleConstants k)
def NLA.MI03.OddContractionConjecture : Prop :=
∀ (k : ℕ), 3 ≤ k → Odd k → NLA.MI03.sharpConstant k = ↑k / 4
theorem NLA.MI03.positive_decomposition_proved : ∀ {n k : ℕ},
  1 ≤ n →
    2 ≤ k →
      ∀ (A : Fin k → NLA.MI03.Mat n),
        ↑k • NLA.MI03.errorGap A (↑k / 4) =
            ↑k • ∑ j, (NLA.MI03.matrixModulus (A j) - NLA.MI03.matrixModulus (A j) * NLA.MI03.matrixModulus (A j)) +
                NLA.MI03.pairVariance A +
              NLA.MI03.shiftedSquare A ∧
          Matrix.PosSemidef (NLA.MI03.pairVariance A) ∧ Matrix.PosSemidef (NLA.MI03.shiftedSquare A) :=
fun {n k} _hn _hk A =>
  ⟨Eq.mpr
      (id
        (congrArg
          (fun _a =>
            ↑k • NLA.MI03.errorGap A (↑k / 4) =
              ↑k • ∑ j, (NLA.MI03.matrixModulus (A j) - NLA.MI03.matrixModulus (A j) * NLA.MI03.matrixModulus (A j)) +
                  _a +
                NLA.MI03.shiftedSquare A)
          (NLA.MI03.pairVariance_identity A)))
      (Eq.mpr
        (id
          (congr
            (congrArg Eq
              (congrArg (HSMul.hSMul ↑k)
                (congrFun'
                  (congrArg HSub.hSub
                    (congrFun' (congrArg HAdd.hAdd (congrFun' (congrArg HSMul.hSMul (Complex.ofReal_div (↑k) 4)) 1))
                      (∑ j, NLA.MI03.matrixModulus (A j))))
                  (NLA.MI03.matrixModulus (NLA.MI03.summandSum A)))))
            (congr
              (congrArg HAdd.hAdd
                (congrFun'
                  (congrArg HAdd.hAdd
                    (congrArg (HSMul.hSMul ↑k)
                      (Eq.trans
                        (Finset.sum_congr (Eq.refl Finset.univ) fun x a =>
                          congrArg (HSub.hSub (NLA.MI03.matrixModulus (A x))) (NLA.MI03.modulus_square (A x)))
                        (Finset.sum_sub_distrib (fun x => NLA.MI03.matrixModulus (A x)) fun x =>
                          Matrix.conjTranspose (A x) * A x))))
                  (↑k • ∑ x, Matrix.conjTranspose (A x) * A x -
                    Matrix.conjTranspose (NLA.MI03.summandSum A) * NLA.MI03.summandSum A)))
              (Eq.trans (pow_two (NLA.MI03.matrixModulus (NLA.MI03.summandSum A) - (↑k / 2) • 1))
                (Eq.trans
                  (mul_sub (NLA.MI03.matrixModulus (NLA.MI03.summandSum A) - (↑k / 2) • 1)
                    (NLA.MI03.matrixModulus (NLA.MI03.summandSum A)) ((↑k / 2) • 1))
                  (congr
                    (congrArg HSub.hSub
                      (Eq.trans
                        (sub_mul (NLA.MI03.matrixModulus (NLA.MI03.summandSum A)) ((↑k / 2) • 1)
                          (NLA.MI03.matrixModulus (NLA.MI03.summandSum A)))
                        (congr (congrArg HSub.hSub (NLA.MI03.modulus_square (NLA.MI03.summandSum A)))
                          (Eq.trans (smul_mul_assoc (↑k / 2) 1 (NLA.MI03.matrixModulus (NLA.MI03.summandSum A)))
                            (congrArg (HSMul.hSMul (↑k / 2))
                              (one_mul (NLA.MI03.matrixModulus (NLA.MI03.summandSum A))))))))
                    (Eq.trans (mul_smul_comm (↑k / 2) (NLA.MI03.matrixModulus (NLA.MI03.summandSum A) - (↑k / 2) • 1) 1)
                      (congrArg (HSMul.hSMul (↑k / 2))
                        (mul_one (NLA.MI03.matrixModulus (NLA.MI03.summandSum A) - (↑k / 2) • 1))))))))))
        (Mathlib.Tactic.Module.NF.eq_of_eval_eq_eval
          (Mathlib.Tactic.Module.NF.smul_eq_eval
            (Mathlib.Tactic.Module.NF.sub_eq_eval
              (Mathlib.Tactic.Module.NF.add_eq_eval
                (Mathlib.Tactic.Module.NF.smul_eq_eval (Mathlib.Tactic.Module.NF.atom_eq_eval 1)
                  (Mathlib.Tactic.Module.NF.eval_algebraMap ℂ ((1, 1) ::ᵣ [])) rfl)
                (Mathlib.Tactic.Module.NF.atom_eq_eval (∑ j, NLA.MI03.matrixModulus (A j))) rfl
                (Mathlib.Tactic.Module.NF.eval_algebraMap ℂ ((1, ∑ j, NLA.MI03.matrixModulus (A j)) ::ᵣ []))
                (Mathlib.Tactic.Module.NF.add_eq_eval₁ (↑k / 4 * (algebraMap ℕ ℂ) 1, 1)
                  (zero_add (((algebraMap ℕ ℂ) 1, ∑ j, NLA.MI03.matrixModulus (A j)) ::ᵣ []).eval)))
              (Mathlib.Tactic.Module.NF.atom_eq_eval (NLA.MI03.matrixModulus (NLA.MI03.summandSum A))) rfl
              (Mathlib.Tactic.Module.NF.eval_algebraMap ℤ ((1, NLA.MI03.matrixModulus (NLA.MI03.summandSum A)) ::ᵣ []))
              rfl
              (Mathlib.Tactic.Module.NF.eval_algebraMap ℂ
                (((algebraMap ℕ ℤ) 1, NLA.MI03.matrixModulus (NLA.MI03.summandSum A)) ::ᵣ []))
              (Mathlib.Tactic.Module.NF.sub_eq_eval₁ (↑k / 4 * (algebraMap ℕ ℂ) 1, 1)
                (Mathlib.Tactic.Module.NF.sub_eq_eval₁ ((algebraMap ℕ ℂ) 1, ∑ j, NLA.MI03.matrixModulus (A j))
                  (Mathlib.Tactic.Module.NF.zero_sub_eq_eval
                    (((algebraMap ℤ ℂ) ((algebraMap ℕ ℤ) 1), NLA.MI03.matrixModulus (NLA.MI03.summandSum A)) ::ᵣ [])))))
            rfl rfl)
          (Mathlib.Tactic.Module.NF.add_eq_eval
            (Mathlib.Tactic.Module.NF.add_eq_eval
              (Mathlib.Tactic.Module.NF.smul_eq_eval
                (Mathlib.Tactic.Module.NF.sub_eq_eval
                  (Mathlib.Tactic.Module.NF.atom_eq_eval (∑ j, NLA.MI03.matrixModulus (A j)))
                  (Mathlib.Tactic.Module.NF.atom_eq_eval (∑ x, Matrix.conjTranspose (A x) * A x))
                  (Mathlib.Tactic.Module.NF.eval_algebraMap ℤ ((1, ∑ j, NLA.MI03.matrixModulus (A j)) ::ᵣ []))
                  (Mathlib.Tactic.Module.NF.eval_algebraMap ℤ ((1, ∑ x, Matrix.conjTranspose (A x) * A x) ::ᵣ [])) rfl
                  rfl
                  (Mathlib.Tactic.Module.NF.sub_eq_eval₁ ((algebraMap ℕ ℤ) 1, ∑ j, NLA.MI03.matrixModulus (A j))
                    (Mathlib.Tactic.Module.NF.zero_sub_eq_eval
                      (((algebraMap ℕ ℤ) 1, ∑ x, Matrix.conjTranspose (A x) * A x) ::ᵣ []))))
                (Mathlib.Tactic.Module.NF.eval_algebraMap ℂ
                  (((algebraMap ℕ ℤ) 1, ∑ j, NLA.MI03.matrixModulus (A j)) ::ᵣ
                    ((-(algebraMap ℕ ℤ) 1, ∑ x, Matrix.conjTranspose (A x) * A x) ::ᵣ [])))
                rfl)
              (Mathlib.Tactic.Module.NF.sub_eq_eval
                (Mathlib.Tactic.Module.NF.smul_eq_eval
                  (Mathlib.Tactic.Module.NF.atom_eq_eval (∑ x, Matrix.conjTranspose (A x) * A x))
                  (Mathlib.Tactic.Module.NF.eval_algebraMap ℂ ((1, ∑ x, Matrix.conjTranspose (A x) * A x) ::ᵣ [])) rfl)
                (Mathlib.Tactic.Module.NF.atom_eq_eval
                  (Matrix.conjTranspose (NLA.MI03.summandSum A) * NLA.MI03.summandSum A))
                rfl
                (Mathlib.Tactic.Module.NF.eval_algebraMap ℤ
                  ((1, Matrix.conjTranspose (NLA.MI03.summandSum A) * NLA.MI03.summandSum A) ::ᵣ []))
                rfl
                (Mathlib.Tactic.Module.NF.eval_algebraMap ℂ
                  (((algebraMap ℕ ℤ) 1, Matrix.conjTranspose (NLA.MI03.summandSum A) * NLA.MI03.summandSum A) ::ᵣ []))
                (Mathlib.Tactic.Module.NF.sub_eq_eval₁ (↑k * (algebraMap ℕ ℂ) 1, ∑ x, Matrix.conjTranspose (A x) * A x)
                  (Mathlib.Tactic.Module.NF.zero_sub_eq_eval
                    (((algebraMap ℤ ℂ) ((algebraMap ℕ ℤ) 1),
                        Matrix.conjTranspose (NLA.MI03.summandSum A) * NLA.MI03.summandSum A) ::ᵣ
                      []))))
              rfl rfl
              (Mathlib.Tactic.Module.NF.add_eq_eval₁
                (↑k * (algebraMap ℤ ℂ) ((algebraMap ℕ ℤ) 1), ∑ j, NLA.MI03.matrixModulus (A j))
                (Mathlib.Tactic.Module.NF.add_eq_eval₂ (↑k * (algebraMap ℤ ℂ) (-(algebraMap ℕ ℤ) 1))
                  (↑k * (algebraMap ℕ ℂ) 1) (∑ x, Matrix.conjTranspose (A x) * A x)
                  (zero_add
                    ((-(algebraMap ℤ ℂ) ((algebraMap ℕ ℤ) 1),
                          Matrix.conjTranspose (NLA.MI03.summandSum A) * NLA.MI03.summandSum A) ::ᵣ
                        []).eval))))
            (Mathlib.Tactic.Module.NF.sub_eq_eval
              (Mathlib.Tactic.Module.NF.sub_eq_eval
                (Mathlib.Tactic.Module.NF.atom_eq_eval
                  (Matrix.conjTranspose (NLA.MI03.summandSum A) * NLA.MI03.summandSum A))
                (Mathlib.Tactic.Module.NF.smul_eq_eval
                  (Mathlib.Tactic.Module.NF.atom_eq_eval (NLA.MI03.matrixModulus (NLA.MI03.summandSum A)))
                  (Mathlib.Tactic.Module.NF.eval_algebraMap ℂ
                    ((1, NLA.MI03.matrixModulus (NLA.MI03.summandSum A)) ::ᵣ []))
                  rfl)
                (Mathlib.Tactic.Module.NF.eval_algebraMap ℤ
                  ((1, Matrix.conjTranspose (NLA.MI03.summandSum A) * NLA.MI03.summandSum A) ::ᵣ []))
                rfl
                (Mathlib.Tactic.Module.NF.eval_algebraMap ℂ
                  (((algebraMap ℕ ℤ) 1, Matrix.conjTranspose (NLA.MI03.summandSum A) * NLA.MI03.summandSum A) ::ᵣ []))
                rfl
                (Mathlib.Tactic.Module.NF.sub_eq_eval₃
                  (↑k / 2 * (algebraMap ℕ ℂ) 1, NLA.MI03.matrixModulus (NLA.MI03.summandSum A))
                  (sub_zero
                    (((algebraMap ℤ ℂ) ((algebraMap ℕ ℤ) 1),
                          Matrix.conjTranspose (NLA.MI03.summandSum A) * NLA.MI03.summandSum A) ::ᵣ
                        []).eval)))
              (Mathlib.Tactic.Module.NF.smul_eq_eval
                (Mathlib.Tactic.Module.NF.sub_eq_eval
                  (Mathlib.Tactic.Module.NF.atom_eq_eval (NLA.MI03.matrixModulus (NLA.MI03.summandSum A)))
                  (Mathlib.Tactic.Module.NF.smul_eq_eval (Mathlib.Tactic.Module.NF.atom_eq_eval 1)
                    (Mathlib.Tactic.Module.NF.eval_algebraMap ℂ ((1, 1) ::ᵣ [])) rfl)
                  (Mathlib.Tactic.Module.NF.eval_algebraMap ℤ
                    ((1, NLA.MI03.matrixModulus (NLA.MI03.summandSum A)) ::ᵣ []))
                  rfl
                  (Mathlib.Tactic.Module.NF.eval_algebraMap ℂ
                    (((algebraMap ℕ ℤ) 1, NLA.MI03.matrixModulus (NLA.MI03.summandSum A)) ::ᵣ []))
                  rfl
                  (Mathlib.Tactic.Module.NF.sub_eq_eval₃ (↑k / 2 * (algebraMap ℕ ℂ) 1, 1)
                    (sub_zero
                      (((algebraMap ℤ ℂ) ((algebraMap ℕ ℤ) 1), NLA.MI03.matrixModulus (NLA.MI03.summandSum A)) ::ᵣ
                          []).eval)))
                rfl rfl)
              rfl rfl rfl rfl
              (Mathlib.Tactic.Module.NF.sub_eq_eval₃ (↑k / 2 * -(↑k / 2 * (algebraMap ℕ ℂ) 1), 1)
                (Mathlib.Tactic.Module.NF.sub_eq_eval₂ (-(↑k / 2 * (algebraMap ℕ ℂ) 1))
                  (↑k / 2 * (algebraMap ℤ ℂ) ((algebraMap ℕ ℤ) 1)) (NLA.MI03.matrixModulus (NLA.MI03.summandSum A))
                  (sub_zero
                    (((algebraMap ℤ ℂ) ((algebraMap ℕ ℤ) 1),
                          Matrix.conjTranspose (NLA.MI03.summandSum A) * NLA.MI03.summandSum A) ::ᵣ
                        []).eval))))
            rfl rfl
            (Mathlib.Tactic.Module.NF.add_eq_eval₃ (-(↑k / 2 * -(↑k / 2 * (algebraMap ℕ ℂ) 1)), 1)
              (Mathlib.Tactic.Module.NF.add_eq_eval₁
                (↑k * (algebraMap ℤ ℂ) ((algebraMap ℕ ℤ) 1), ∑ j, NLA.MI03.matrixModulus (A j))
                (Mathlib.Tactic.Module.NF.add_eq_eval₃
                  (-(↑k / 2 * (algebraMap ℕ ℂ) 1) - ↑k / 2 * (algebraMap ℤ ℂ) ((algebraMap ℕ ℤ) 1),
                    NLA.MI03.matrixModulus (NLA.MI03.summandSum A))
                  (Mathlib.Tactic.Module.NF.add_eq_eval₁
                    (↑k * (algebraMap ℤ ℂ) (-(algebraMap ℕ ℤ) 1) + ↑k * (algebraMap ℕ ℂ) 1,
                      ∑ x, Matrix.conjTranspose (A x) * A x)
                    (Mathlib.Tactic.Module.NF.add_eq_eval₂ (-(algebraMap ℤ ℂ) ((algebraMap ℕ ℤ) 1))
                      ((algebraMap ℤ ℂ) ((algebraMap ℕ ℤ) 1))
                      (Matrix.conjTranspose (NLA.MI03.summandSum A) * NLA.MI03.summandSum A)
                      (zero_add (Mathlib.Tactic.Module.NF.eval []))))))))
          rfl rfl
          (Mathlib.Tactic.Module.NF.eq_cons_cons 1
            (Eq.mpr
              (id
                (congr
                  (congrArg Eq
                    (congrArg (HMul.hMul ↑k)
                      (congrArg (HMul.hMul (↑k / 4)) (Eq.trans (eq_natCast (algebraMap ℕ ℂ) 1) Nat.cast_one))))
                  (congrArg Neg.neg
                    (congrArg (HMul.hMul (↑k / 2))
                      (congrArg Neg.neg
                        (congrArg (HMul.hMul (↑k / 2)) (Eq.trans (eq_natCast (algebraMap ℕ ℂ) 1) Nat.cast_one)))))))
              (Mathlib.Tactic.Ring.of_eq
                (Mathlib.Tactic.Ring.Common.mul_congr
                  (Mathlib.Tactic.Ring.Common.atom_pf (↑k) rfl
                    (Eq.mpr
                      (id
                        (congrArg (fun _a => ↑k ^ Nat.rawCast 1 * Nat.rawCast 1 = ↑k ^ Nat.rawCast 1 * _a)
                          (Eq.symm rfl)))
                      (Eq.refl (↑k ^ Nat.rawCast 1 * Nat.rawCast 1))))
                  (Mathlib.Tactic.Ring.Common.mul_congr
                    (Mathlib.Tactic.Ring.Common.div_congr
                      (Mathlib.Tactic.Ring.Common.atom_pf (↑k) rfl
                        (Eq.mpr
                          (id
                            (congrArg (fun _a => ↑k ^ Nat.rawCast 1 * Nat.rawCast 1 = ↑k ^ Nat.rawCast 1 * _a)
                              (Eq.symm rfl)))
                          (Eq.refl (↑k ^ Nat.rawCast 1 * Nat.rawCast 1))))
                      (Mathlib.Tactic.Ring.cast_pos (Mathlib.Meta.NormNum.isNat_ofNat ℂ (Eq.refl 4)))
                      (Mathlib.Tactic.Ring.Common.div_pf
                        (Mathlib.Tactic.Ring.Common.inv_single
                          (Mathlib.Meta.NormNum.IsNNRat.to_raw_eq
                            (Mathlib.Meta.NormNum.isNNRat_inv_pos
                              (Mathlib.Meta.NormNum.IsNat.to_isNNRat (Mathlib.Meta.NormNum.IsNat.of_raw ℂ 4)))))
                        (Mathlib.Tactic.Ring.Common.add_mul
                          (Mathlib.Tactic.Ring.Common.mul_add
                            (Mathlib.Tactic.Ring.Common.mul_pf_left (↑k) (Nat.rawCast 1)
                              (Mathlib.Meta.NormNum.IsNNRat.to_raw_eq
                                (Mathlib.Meta.NormNum.isNNRat_mul (Eq.refl HMul.hMul)
                                  (Mathlib.Meta.NormNum.IsNat.to_isNNRat (Mathlib.Meta.NormNum.IsNat.of_raw ℂ 1))
                                  (Mathlib.Meta.NormNum.IsNNRat.of_raw ℂ 1 4
                                    (Mathlib.Meta.NormNum.IsNNRat.den_nz
                                      (Mathlib.Meta.NormNum.isNNRat_inv_pos
                                        (Mathlib.Meta.NormNum.IsNat.to_isNNRat
                                          (Mathlib.Meta.NormNum.IsNat.of_raw ℂ 4)))))
                                  (Eq.refl (Nat.mul 1 1)) (Eq.refl 4))))
                            (Mathlib.Tactic.Ring.Common.mul_zero (↑k ^ Nat.rawCast 1 * Nat.rawCast 1))
                            (Mathlib.Tactic.Ring.Common.add_pf_add_zero (↑k ^ Nat.rawCast 1 * NNRat.rawCast 1 4 + 0)))
                          (Mathlib.Tactic.Ring.Common.zero_mul (NNRat.rawCast 1 4 + 0))
                          (Mathlib.Tactic.Ring.Common.add_pf_add_zero (↑k ^ Nat.rawCast 1 * NNRat.rawCast 1 4 + 0)))))
                    (Mathlib.Tactic.Ring.cast_pos (Mathlib.Meta.NormNum.isNat_ofNat ℂ Nat.cast_one))
                    (Mathlib.Tactic.Ring.Common.add_mul
                      (Mathlib.Tactic.Ring.Common.mul_add
                        (Mathlib.Tactic.Ring.Common.mul_pf_left (↑k) (Nat.rawCast 1)
                          (Mathlib.Meta.NormNum.IsNNRat.to_raw_eq
                            (Mathlib.Meta.NormNum.isNNRat_mul (Eq.refl HMul.hMul)
                              (Mathlib.Meta.NormNum.IsNNRat.of_raw ℂ 1 4
                                (Mathlib.Meta.NormNum.IsNNRat.den_nz
                                  (Mathlib.Meta.NormNum.isNNRat_mul (Eq.refl HMul.hMul)
                                    (Mathlib.Meta.NormNum.IsNat.to_isNNRat (Mathlib.Meta.NormNum.IsNat.of_raw ℂ 1))
                                    (Mathlib.Meta.NormNum.IsNNRat.of_raw ℂ 1 4
                                      (Mathlib.Meta.NormNum.IsNNRat.den_nz
                                        (Mathlib.Meta.NormNum.isNNRat_inv_pos
                                          (Mathlib.Meta.NormNum.IsNat.to_isNNRat
                                            (Mathlib.Meta.NormNum.IsNat.of_raw ℂ 4)))))
                                    (Eq.refl (Nat.mul 1 1)) (Eq.refl 4))))
                              (Mathlib.Meta.NormNum.IsNat.to_isNNRat (Mathlib.Meta.NormNum.IsNat.of_raw ℂ 1))
                              (Eq.refl (Nat.mul 1 1)) (Eq.refl 4))))
                        (Mathlib.Tactic.Ring.Common.mul_zero (↑k ^ Nat.rawCast 1 * NNRat.rawCast 1 4))
                        (Mathlib.Tactic.Ring.Common.add_pf_add_zero (↑k ^ Nat.rawCast 1 * NNRat.rawCast 1 4 + 0)))
                      (Mathlib.Tactic.Ring.Common.zero_mul (Nat.rawCast 1 + 0))
                      (Mathlib.Tactic.Ring.Common.add_pf_add_zero (↑k ^ Nat.rawCast 1 * NNRat.rawCast 1 4 + 0))))
                  (Mathlib.Tactic.Ring.Common.add_mul
                    (Mathlib.Tactic.Ring.Common.mul_add
                      (Mathlib.Tactic.Ring.Common.mul_pp_pf_overlap (↑k)
                        (Mathlib.Meta.NormNum.IsNat.to_raw_eq
                          (Mathlib.Meta.NormNum.isNat_add (Eq.refl HAdd.hAdd) (Mathlib.Meta.NormNum.IsNat.of_raw ℕ 1)
                            (Mathlib.Meta.NormNum.IsNat.of_raw ℕ 1) (Eq.refl 2)))
                        (Mathlib.Meta.NormNum.IsNNRat.to_raw_eq
                          (Mathlib.Meta.NormNum.isNNRat_mul (Eq.refl HMul.hMul)
                            (Mathlib.Meta.NormNum.IsNat.to_isNNRat (Mathlib.Meta.NormNum.IsNat.of_raw ℂ 1))
                            (Mathlib.Meta.NormNum.IsNNRat.of_raw ℂ 1 4
                              (Mathlib.Meta.NormNum.IsNNRat.den_nz
                                (Mathlib.Meta.NormNum.isNNRat_mul (Eq.refl HMul.hMul)
                                  (Mathlib.Meta.NormNum.IsNNRat.of_raw ℂ 1 4
                                    (Mathlib.Meta.NormNum.IsNNRat.den_nz
                                      (Mathlib.Meta.NormNum.isNNRat_mul (Eq.refl HMul.hMul)
                                        (Mathlib.Meta.NormNum.IsNat.to_isNNRat (Mathlib.Meta.NormNum.IsNat.of_raw ℂ 1))
                                        (Mathlib.Meta.NormNum.IsNNRat.of_raw ℂ 1 4
                                          (Mathlib.Meta.NormNum.IsNNRat.den_nz
                                            (Mathlib.Meta.NormNum.isNNRat_inv_pos
                                              (Mathlib.Meta.NormNum.IsNat.to_isNNRat
                                                (Mathlib.Meta.NormNum.IsNat.of_raw ℂ 4)))))
                                        (Eq.refl (Nat.mul 1 1)) (Eq.refl 4))))
                                  (Mathlib.Meta.NormNum.IsNat.to_isNNRat (Mathlib.Meta.NormNum.IsNat.of_raw ℂ 1))
                                  (Eq.refl (Nat.mul 1 1)) (Eq.refl 4))))
                            (Eq.refl (Nat.mul 1 1)) (Eq.refl 4))))
                      (Mathlib.Tactic.Ring.Common.mul_zero (↑k ^ Nat.rawCast 1 * Nat.rawCast 1))
                      (Mathlib.Tactic.Ring.Common.add_pf_add_zero (↑k ^ Nat.rawCast 2 * NNRat.rawCast 1 4 + 0)))
                    (Mathlib.Tactic.Ring.Common.zero_mul (↑k ^ Nat.rawCast 1 * NNRat.rawCast 1 4 + 0))
                    (Mathlib.Tactic.Ring.Common.add_pf_add_zero (↑k ^ Nat.rawCast 2 * NNRat.rawCast 1 4 + 0))))
                (Mathlib.Tactic.Ring.Common.neg_congr
                  (Mathlib.Tactic.Ring.Common.mul_congr
                    (Mathlib.Tactic.Ring.Common.div_congr
                      (Mathlib.Tactic.Ring.Common.atom_pf (↑k) rfl
                        (Eq.mpr
                          (id
                            (congrArg (fun _a => ↑k ^ Nat.rawCast 1 * Nat.rawCast 1 = ↑k ^ Nat.rawCast 1 * _a)
                              (Eq.symm rfl)))
                          (Eq.refl (↑k ^ Nat.rawCast 1 * Nat.rawCast 1))))
                      (Mathlib.Tactic.Ring.cast_pos (Mathlib.Meta.NormNum.isNat_ofNat ℂ (Eq.refl 2)))
                      (Mathlib.Tactic.Ring.Common.div_pf
                        (Mathlib.Tactic.Ring.Common.inv_single
                          (Mathlib.Meta.NormNum.IsNNRat.to_raw_eq
                            (Mathlib.Meta.NormNum.isNNRat_inv_pos
                              (Mathlib.Meta.NormNum.IsNat.to_isNNRat (Mathlib.Meta.NormNum.IsNat.of_raw ℂ 2)))))
                        (Mathlib.Tactic.Ring.Common.add_mul
                          (Mathlib.Tactic.Ring.Common.mul_add
                            (Mathlib.Tactic.Ring.Common.mul_pf_left (↑k) (Nat.rawCast 1)
                              (Mathlib.Meta.NormNum.IsNNRat.to_raw_eq
                                (Mathlib.Meta.NormNum.isNNRat_mul (Eq.refl HMul.hMul)
                                  (Mathlib.Meta.NormNum.IsNat.to_isNNRat (Mathlib.Meta.NormNum.IsNat.of_raw ℂ 1))
                                  (Mathlib.Meta.NormNum.IsNNRat.of_raw ℂ 1 2
                                    (Mathlib.Meta.NormNum.IsNNRat.den_nz
                                      (Mathlib.Meta.NormNum.isNNRat_inv_pos
                                        (Mathlib.Meta.NormNum.IsNat.to_isNNRat
                                          (Mathlib.Meta.NormNum.IsNat.of_raw ℂ 2)))))
                                  (Eq.refl (Nat.mul 1 1)) (Eq.refl 2))))
                            (Mathlib.Tactic.Ring.Common.mul_zero (↑k ^ Nat.rawCast 1 * Nat.rawCast 1))
                            (Mathlib.Tactic.Ring.Common.add_pf_add_zero (↑k ^ Nat.rawCast 1 * NNRat.rawCast 1 2 + 0)))
                          (Mathlib.Tactic.Ring.Common.zero_mul (NNRat.rawCast 1 2 + 0))
                          (Mathlib.Tactic.Ring.Common.add_pf_add_zero (↑k ^ Nat.rawCast 1 * NNRat.rawCast 1 2 + 0)))))
                    (Mathlib.Tactic.Ring.Common.neg_congr
                      (Mathlib.Tactic.Ring.Common.mul_congr
                        (Mathlib.Tactic.Ring.Common.div_congr
                          (Mathlib.Tactic.Ring.Common.atom_pf (↑k) rfl
                            (Eq.mpr
                              (id
                                (congrArg (fun _a => ↑k ^ Nat.rawCast 1 * Nat.rawCast 1 = ↑k ^ Nat.rawCast 1 * _a)
                                  (Eq.symm rfl)))
                              (Eq.refl (↑k ^ Nat.rawCast 1 * Nat.rawCast 1))))
                          (Mathlib.Tactic.Ring.cast_pos (Mathlib.Meta.NormNum.isNat_ofNat ℂ (Eq.refl 2)))
                          (Mathlib.Tactic.Ring.Common.div_pf
                            (Mathlib.Tactic.Ring.Common.inv_single
                              (Mathlib.Meta.NormNum.IsNNRat.to_raw_eq
                                (Mathlib.Meta.NormNum.isNNRat_inv_pos
                                  (Mathlib.Meta.NormNum.IsNat.to_isNNRat (Mathlib.Meta.NormNum.IsNat.of_raw ℂ 2)))))
                            (Mathlib.Tactic.Ring.Common.add_mul
                              (Mathlib.Tactic.Ring.Common.mul_add
                                (Mathlib.Tactic.Ring.Common.mul_pf_left (↑k) (Nat.rawCast 1)
                                  (Mathlib.Meta.NormNum.IsNNRat.to_raw_eq
                                    (Mathlib.Meta.NormNum.isNNRat_mul (Eq.refl HMul.hMul)
                                      (Mathlib.Meta.NormNum.IsNat.to_isNNRat (Mathlib.Meta.NormNum.IsNat.of_raw ℂ 1))
                                      (Mathlib.Meta.NormNum.IsNNRat.of_raw ℂ 1 2
                                        (Mathlib.Meta.NormNum.IsNNRat.den_nz
                                          (Mathlib.Meta.NormNum.isNNRat_inv_pos
                                            (Mathlib.Meta.NormNum.IsNat.to_isNNRat
                                              (Mathlib.Meta.NormNum.IsNat.of_raw ℂ 2)))))
                                      (Eq.refl (Nat.mul 1 1)) (Eq.refl 2))))
                                (Mathlib.Tactic.Ring.Common.mul_zero (↑k ^ Nat.rawCast 1 * Nat.rawCast 1))
                                (Mathlib.Tactic.Ring.Common.add_pf_add_zero
                                  (↑k ^ Nat.rawCast 1 * NNRat.rawCast 1 2 + 0)))
                              (Mathlib.Tactic.Ring.Common.zero_mul (NNRat.rawCast 1 2 + 0))
                              (Mathlib.Tactic.Ring.Common.add_pf_add_zero
                                (↑k ^ Nat.rawCast 1 * NNRat.rawCast 1 2 + 0)))))
                        (Mathlib.Tactic.Ring.cast_pos (Mathlib.Meta.NormNum.isNat_ofNat ℂ Nat.cast_one))
                        (Mathlib.Tactic.Ring.Common.add_mul
                          (Mathlib.Tactic.Ring.Common.mul_add
                            (Mathlib.Tactic.Ring.Common.mul_pf_left (↑k) (Nat.rawCast 1)
                              (Mathlib.Meta.NormNum.IsNNRat.to_raw_eq
                                (Mathlib.Meta.NormNum.isNNRat_mul (Eq.refl HMul.hMul)
                                  (Mathlib.Meta.NormNum.IsNNRat.of_raw ℂ 1 2
                                    (Mathlib.Meta.NormNum.IsNNRat.den_nz
                                      (Mathlib.Meta.NormNum.isNNRat_mul (Eq.refl HMul.hMul)
                                        (Mathlib.Meta.NormNum.IsNat.to_isNNRat (Mathlib.Meta.NormNum.IsNat.of_raw ℂ 1))
                                        (Mathlib.Meta.NormNum.IsNNRat.of_raw ℂ 1 2
                                          (Mathlib.Meta.NormNum.IsNNRat.den_nz
                                            (Mathlib.Meta.NormNum.isNNRat_inv_pos
                                              (Mathlib.Meta.NormNum.IsNat.to_isNNRat
                                                (Mathlib.Meta.NormNum.IsNat.of_raw ℂ 2)))))
                                        (Eq.refl (Nat.mul 1 1)) (Eq.refl 2))))
                                  (Mathlib.Meta.NormNum.IsNat.to_isNNRat (Mathlib.Meta.NormNum.IsNat.of_raw ℂ 1))
                                  (Eq.refl (Nat.mul 1 1)) (Eq.refl 2))))
                            (Mathlib.Tactic.Ring.Common.mul_zero (↑k ^ Nat.rawCast 1 * NNRat.rawCast 1 2))
                            (Mathlib.Tactic.Ring.Common.add_pf_add_zero (↑k ^ Nat.rawCast 1 * NNRat.rawCast 1 2 + 0)))
                          (Mathlib.Tactic.Ring.Common.zero_mul (Nat.rawCast 1 + 0))
                          (Mathlib.Tactic.Ring.Common.add_pf_add_zero (↑k ^ Nat.rawCast 1 * NNRat.rawCast 1 2 + 0))))
                      (Mathlib.Tactic.Ring.Common.neg_add
                        (Mathlib.Tactic.Ring.Common.neg_mul (↑k) (Nat.rawCast 1)
                          (Mathlib.Meta.NormNum.IsRat.to_raw_eq
                            (Mathlib.Meta.NormNum.isRat_neg (Eq.refl Neg.neg)
                              (Mathlib.Meta.NormNum.IsNNRat.to_isRat
                                (Mathlib.Meta.NormNum.IsNNRat.of_raw ℂ 1 2
                                  (Mathlib.Meta.NormNum.IsNNRat.den_nz
                                    (Mathlib.Meta.NormNum.isNNRat_mul (Eq.refl HMul.hMul)
                                      (Mathlib.Meta.NormNum.IsNNRat.of_raw ℂ 1 2
                                        (Mathlib.Meta.NormNum.IsNNRat.den_nz
                                          (Mathlib.Meta.NormNum.isNNRat_mul (Eq.refl HMul.hMul)
                                            (Mathlib.Meta.NormNum.IsNat.to_isNNRat
                                              (Mathlib.Meta.NormNum.IsNat.of_raw ℂ 1))
                                            (Mathlib.Meta.NormNum.IsNNRat.of_raw ℂ 1 2
                                              (Mathlib.Meta.NormNum.IsNNRat.den_nz
                                                (Mathlib.Meta.NormNum.isNNRat_inv_pos
                                                  (Mathlib.Meta.NormNum.IsNat.to_isNNRat
                                                    (Mathlib.Meta.NormNum.IsNat.of_raw ℂ 2)))))
                                            (Eq.refl (Nat.mul 1 1)) (Eq.refl 2))))
                                      (Mathlib.Meta.NormNum.IsNat.to_isNNRat (Mathlib.Meta.NormNum.IsNat.of_raw ℂ 1))
                                      (Eq.refl (Nat.mul 1 1)) (Eq.refl 2)))))
                              (Eq.refl (Int.negOfNat 1)))))
                        Mathlib.Tactic.Ring.Common.neg_zero))
                    (Mathlib.Tactic.Ring.Common.add_mul
                      (Mathlib.Tactic.Ring.Common.mul_add
                        (Mathlib.Tactic.Ring.Common.mul_pp_pf_overlap (↑k)
                          (Mathlib.Meta.NormNum.IsNat.to_raw_eq
                            (Mathlib.Meta.NormNum.isNat_add (Eq.refl HAdd.hAdd) (Mathlib.Meta.NormNum.IsNat.of_raw ℕ 1)
                              (Mathlib.Meta.NormNum.IsNat.of_raw ℕ 1) (Eq.refl 2)))
                          (Mathlib.Meta.NormNum.IsRat.to_raw_eq
                            (Mathlib.Meta.NormNum.isRat_mul (Eq.refl HMul.hMul)
                              (Mathlib.Meta.NormNum.IsNNRat.to_isRat
                                (Mathlib.Meta.NormNum.IsNNRat.of_raw ℂ 1 2
                                  (Mathlib.Meta.NormNum.IsNNRat.den_nz
                                    (Mathlib.Meta.NormNum.isNNRat_mul (Eq.refl HMul.hMul)
                                      (Mathlib.Meta.NormNum.IsNat.to_isNNRat (Mathlib.Meta.NormNum.IsNat.of_raw ℂ 1))
                                      (Mathlib.Meta.NormNum.IsNNRat.of_raw ℂ 1 2
                                        (Mathlib.Meta.NormNum.IsNNRat.den_nz
                                          (Mathlib.Meta.NormNum.isNNRat_inv_pos
                                            (Mathlib.Meta.NormNum.IsNat.to_isNNRat
                                              (Mathlib.Meta.NormNum.IsNat.of_raw ℂ 2)))))
                                      (Eq.refl (Nat.mul 1 1)) (Eq.refl 2)))))
                              (Mathlib.Meta.NormNum.IsRat.of_raw ℂ (Int.negOfNat 1) 2
                                (Mathlib.Meta.NormNum.IsRat.den_nz
                                  (Mathlib.Meta.NormNum.isRat_neg (Eq.refl Neg.neg)
                                    (Mathlib.Meta.NormNum.IsNNRat.to_isRat
                                      (Mathlib.Meta.NormNum.IsNNRat.of_raw ℂ 1 2
                                        (Mathlib.Meta.NormNum.IsNNRat.den_nz
                                          (Mathlib.Meta.NormNum.isNNRat_mul (Eq.refl HMul.hMul)
                                            (Mathlib.Meta.NormNum.IsNNRat.of_raw ℂ 1 2
                                              (Mathlib.Meta.NormNum.IsNNRat.den_nz
                                                (Mathlib.Meta.NormNum.isNNRat_mul (Eq.refl HMul.hMul)
                                                  (Mathlib.Meta.NormNum.IsNat.to_isNNRat
                                                    (Mathlib.Meta.NormNum.IsNat.of_raw ℂ 1))
                                                  (Mathlib.Meta.NormNum.IsNNRat.of_raw ℂ 1 2
                                                    (Mathlib.Meta.NormNum.IsNNRat.den_nz
                                                      (Mathlib.Meta.NormNum.isNNRat_inv_pos
                                                        (Mathlib.Meta.NormNum.IsNat.to_isNNRat
                                                          (Mathlib.Meta.NormNum.IsNat.of_raw ℂ 2)))))
                                                  (Eq.refl (Nat.mul 1 1)) (Eq.refl 2))))
                                            (Mathlib.Meta.NormNum.IsNat.to_isNNRat
                                              (Mathlib.Meta.NormNum.IsNat.of_raw ℂ 1))
                                            (Eq.refl (Nat.mul 1 1)) (Eq.refl 2)))))
                                    (Eq.refl (Int.negOfNat 1)))))
                              (Eq.refl ((Int.ofNat 1).mul (Int.negOfNat 1))) (Eq.refl 4))))
                        (Mathlib.Tactic.Ring.Common.mul_zero (↑k ^ Nat.rawCast 1 * NNRat.rawCast 1 2))
                        (Mathlib.Tactic.Ring.Common.add_pf_add_zero
                          (↑k ^ Nat.rawCast 2 * Rat.rawCast (Int.negOfNat 1) 4 + 0)))
                      (Mathlib.Tactic.Ring.Common.zero_mul (↑k ^ Nat.rawCast 1 * Rat.rawCast (Int.negOfNat 1) 2 + 0))
                      (Mathlib.Tactic.Ring.Common.add_pf_add_zero
                        (↑k ^ Nat.rawCast 2 * Rat.rawCast (Int.negOfNat 1) 4 + 0))))
                  (Mathlib.Tactic.Ring.Common.neg_add
                    (Mathlib.Tactic.Ring.Common.neg_mul (↑k) (Nat.rawCast 2)
                      (Mathlib.Meta.NormNum.IsNNRat.to_raw_eq
                        (Mathlib.Meta.NormNum.IsRat.to_isNNRat
                          (Mathlib.Meta.NormNum.isRat_neg (Eq.refl Neg.neg)
                            (Mathlib.Meta.NormNum.IsRat.of_raw ℂ (Int.negOfNat 1) 4
                              (Mathlib.Meta.NormNum.IsRat.den_nz
                                (Mathlib.Meta.NormNum.isRat_mul (Eq.refl HMul.hMul)
                                  (Mathlib.Meta.NormNum.IsNNRat.to_isRat
                                    (Mathlib.Meta.NormNum.IsNNRat.of_raw ℂ 1 2
                                      (Mathlib.Meta.NormNum.IsNNRat.den_nz
                                        (Mathlib.Meta.NormNum.isNNRat_mul (Eq.refl HMul.hMul)
                                          (Mathlib.Meta.NormNum.IsNat.to_isNNRat
                                            (Mathlib.Meta.NormNum.IsNat.of_raw ℂ 1))
                                          (Mathlib.Meta.NormNum.IsNNRat.of_raw ℂ 1 2
                                            (Mathlib.Meta.NormNum.IsNNRat.den_nz
                                              (Mathlib.Meta.NormNum.isNNRat_inv_pos
                                                (Mathlib.Meta.NormNum.IsNat.to_isNNRat
                                                  (Mathlib.Meta.NormNum.IsNat.of_raw ℂ 2)))))
                                          (Eq.refl (Nat.mul 1 1)) (Eq.refl 2)))))
                                  (Mathlib.Meta.NormNum.IsRat.of_raw ℂ (Int.negOfNat 1) 2
                                    (Mathlib.Meta.NormNum.IsRat.den_nz
                                      (Mathlib.Meta.NormNum.isRat_neg (Eq.refl Neg.neg)
                                        (Mathlib.Meta.NormNum.IsNNRat.to_isRat
                                          (Mathlib.Meta.NormNum.IsNNRat.of_raw ℂ 1 2
                                            (Mathlib.Meta.NormNum.IsNNRat.den_nz
                                              (Mathlib.Meta.NormNum.isNNRat_mul (Eq.refl HMul.hMul)
                                                (Mathlib.Meta.NormNum.IsNNRat.of_raw ℂ 1 2
                                                  (Mathlib.Meta.NormNum.IsNNRat.den_nz
                                                    (Mathlib.Meta.NormNum.isNNRat_mul (Eq.refl HMul.hMul)
                                                      (Mathlib.Meta.NormNum.IsNat.to_isNNRat
                                                        (Mathlib.Meta.NormNum.IsNat.of_raw ℂ 1))
                                                      (Mathlib.Meta.NormNum.IsNNRat.of_raw ℂ 1 2
                                                        (Mathlib.Meta.NormNum.IsNNRat.den_nz
                                                          (Mathlib.Meta.NormNum.isNNRat_inv_pos
                                                            (Mathlib.Meta.NormNum.IsNat.to_isNNRat
                                                              (Mathlib.Meta.NormNum.IsNat.of_raw ℂ 2)))))
                                                      (Eq.refl (Nat.mul 1 1)) (Eq.refl 2))))
                                                (Mathlib.Meta.NormNum.IsNat.to_isNNRat
                                                  (Mathlib.Meta.NormNum.IsNat.of_raw ℂ 1))
                                                (Eq.refl (Nat.mul 1 1)) (Eq.refl 2)))))
                                        (Eq.refl (Int.negOfNat 1)))))
                                  (Eq.refl ((Int.ofNat 1).mul (Int.negOfNat 1))) (Eq.refl 4))))
                            (Eq.refl (Int.ofNat 1))))))
                    Mathlib.Tactic.Ring.Common.neg_zero))))
            (Mathlib.Tactic.Module.NF.eq_cons_cons (∑ j, NLA.MI03.matrixModulus (A j))
              (Eq.mpr
                (id
                  (congr (congrArg Eq (congrArg (HMul.hMul ↑k) (Eq.trans (eq_natCast (algebraMap ℕ ℂ) 1) Nat.cast_one)))
                    (congrArg (HMul.hMul ↑k)
                      (Eq.trans
                        (Eq.trans (congrArg (⇑(algebraMap ℤ ℂ)) (Eq.trans (eq_natCast (algebraMap ℕ ℤ) 1) Nat.cast_one))
                          (eq_intCast (algebraMap ℤ ℂ) 1))
                        Int.cast_one))))
                (Mathlib.Tactic.Ring.of_eq
                  (Mathlib.Tactic.Ring.Common.mul_congr
                    (Mathlib.Tactic.Ring.Common.atom_pf (↑k) rfl
                      (Eq.mpr
                        (id
                          (congrArg (fun _a => ↑k ^ Nat.rawCast 1 * Nat.rawCast 1 = ↑k ^ Nat.rawCast 1 * _a)
                            (Eq.symm rfl)))
                        (Eq.refl (↑k ^ Nat.rawCast 1 * Nat.rawCast 1))))
                    (Mathlib.Tactic.Ring.cast_pos (Mathlib.Meta.NormNum.isNat_ofNat ℂ Nat.cast_one))
                    (Mathlib.Tactic.Ring.Common.add_mul
                      (Mathlib.Tactic.Ring.Common.mul_add
                        (Mathlib.Tactic.Ring.Common.mul_pf_left (↑k) (Nat.rawCast 1)
                          (Mathlib.Meta.NormNum.IsNat.to_raw_eq
                            (Mathlib.Meta.NormNum.isNat_mul (Eq.refl HMul.hMul) (Mathlib.Meta.NormNum.IsNat.of_raw ℂ 1)
                              (Mathlib.Meta.NormNum.IsNat.of_raw ℂ 1) (Eq.refl 1))))
                        (Mathlib.Tactic.Ring.Common.mul_zero (↑k ^ Nat.rawCast 1 * Nat.rawCast 1))
                        (Mathlib.Tactic.Ring.Common.add_pf_add_zero (↑k ^ Nat.rawCast 1 * Nat.rawCast 1 + 0)))
                      (Mathlib.Tactic.Ring.Common.zero_mul (Nat.rawCast 1 + 0))
                      (Mathlib.Tactic.Ring.Common.add_pf_add_zero (↑k ^ Nat.rawCast 1 * Nat.rawCast 1 + 0))))
                  (Mathlib.Tactic.Ring.Common.mul_congr
                    (Mathlib.Tactic.Ring.Common.atom_pf (↑k) rfl
                      (Eq.mpr
                        (id
                          (congrArg (fun _a => ↑k ^ Nat.rawCast 1 * Nat.rawCast 1 = ↑k ^ Nat.rawCast 1 * _a)
                            (Eq.symm rfl)))
                        (Eq.refl (↑k ^ Nat.rawCast 1 * Nat.rawCast 1))))
                    (Mathlib.Tactic.Ring.cast_pos (Mathlib.Meta.NormNum.isNat_ofNat ℂ Nat.cast_one))
                    (Mathlib.Tactic.Ring.Common.add_mul
                      (Mathlib.Tactic.Ring.Common.mul_add
                        (Mathlib.Tactic.Ring.Common.mul_pf_left (↑k) (Nat.rawCast 1)
                          (Mathlib.Meta.NormNum.IsNat.to_raw_eq
                            (Mathlib.Meta.NormNum.isNat_mul (Eq.refl HMul.hMul) (Mathlib.Meta.NormNum.IsNat.of_raw ℂ 1)
                              (Mathlib.Meta.NormNum.IsNat.of_raw ℂ 1) (Eq.refl 1))))
                        (Mathlib.Tactic.Ring.Common.mul_zero (↑k ^ Nat.rawCast 1 * Nat.rawCast 1))
                        (Mathlib.Tactic.Ring.Common.add_pf_add_zero (↑k ^ Nat.rawCast 1 * Nat.rawCast 1 + 0)))
                      (Mathlib.Tactic.Ring.Common.zero_mul (Nat.rawCast 1 + 0))
                      (Mathlib.Tactic.Ring.Common.add_pf_add_zero (↑k ^ Nat.rawCast 1 * Nat.rawCast 1 + 0))))))
              (Mathlib.Tactic.Module.NF.eq_cons_cons (NLA.MI03.matrixModulus (NLA.MI03.summandSum A))
                (Eq.mpr
                  (id
                    (congr
                      (congrArg Eq
                        (congrArg (HMul.hMul ↑k)
                          (congrArg Neg.neg
                            (Eq.trans
                              (Eq.trans
                                (congrArg (⇑(algebraMap ℤ ℂ)) (Eq.trans (eq_natCast (algebraMap ℕ ℤ) 1) Nat.cast_one))
                                (eq_intCast (algebraMap ℤ ℂ) 1))
                              Int.cast_one))))
                      (congr
                        (congrArg HSub.hSub
                          (congrArg Neg.neg
                            (congrArg (HMul.hMul (↑k / 2)) (Eq.trans (eq_natCast (algebraMap ℕ ℂ) 1) Nat.cast_one))))
                        (congrArg (HMul.hMul (↑k / 2))
                          (Eq.trans
                            (Eq.trans
                              (congrArg (⇑(algebraMap ℤ ℂ)) (Eq.trans (eq_natCast (algebraMap ℕ ℤ) 1) Nat.cast_one))
                              (eq_intCast (algebraMap ℤ ℂ) 1))
                            Int.cast_one)))))
                  (Mathlib.Tactic.Ring.of_eq
                    (Mathlib.Tactic.Ring.Common.mul_congr
                      (Mathlib.Tactic.Ring.Common.atom_pf (↑k) rfl
                        (Eq.mpr
                          (id
                            (congrArg (fun _a => ↑k ^ Nat.rawCast 1 * Nat.rawCast 1 = ↑k ^ Nat.rawCast 1 * _a)
                              (Eq.symm rfl)))
                          (Eq.refl (↑k ^ Nat.rawCast 1 * Nat.rawCast 1))))
                      (Mathlib.Tactic.Ring.Common.neg_congr
                        (Mathlib.Tactic.Ring.cast_pos (Mathlib.Meta.NormNum.isNat_ofNat ℂ Nat.cast_one))
                        (Mathlib.Tactic.Ring.Common.neg_add
                          (Mathlib.Meta.NormNum.IsInt.to_raw_eq
                            (Mathlib.Meta.NormNum.isInt_neg (Eq.refl Neg.neg)
                              (Mathlib.Meta.NormNum.IsNat.to_isInt (Mathlib.Meta.NormNum.IsNat.of_raw ℂ 1))
                              (Eq.refl (Int.negOfNat 1))))
                          Mathlib.Tactic.Ring.Common.neg_zero))
                      (Mathlib.Tactic.Ring.Common.add_mul
                        (Mathlib.Tactic.Ring.Common.mul_add
                          (Mathlib.Tactic.Ring.Common.mul_pf_left (↑k) (Nat.rawCast 1)
                            (Mathlib.Meta.NormNum.IsInt.to_raw_eq
                              (Mathlib.Meta.NormNum.isInt_mul (Eq.refl HMul.hMul)
                                (Mathlib.Meta.NormNum.IsNat.to_isInt (Mathlib.Meta.NormNum.IsNat.of_raw ℂ 1))
                                (Mathlib.Meta.NormNum.IsInt.of_raw ℂ (Int.negOfNat 1)) (Eq.refl (Int.negOfNat 1)))))
                          (Mathlib.Tactic.Ring.Common.mul_zero (↑k ^ Nat.rawCast 1 * Nat.rawCast 1))
                          (Mathlib.Tactic.Ring.Common.add_pf_add_zero
                            (↑k ^ Nat.rawCast 1 * (Int.negOfNat 1).rawCast + 0)))
                        (Mathlib.Tactic.Ring.Common.zero_mul ((Int.negOfNat 1).rawCast + 0))
                        (Mathlib.Tactic.Ring.Common.add_pf_add_zero
                          (↑k ^ Nat.rawCast 1 * (Int.negOfNat 1).rawCast + 0))))
                    (Mathlib.Tactic.Ring.Common.sub_congr
                      (Mathlib.Tactic.Ring.Common.neg_congr
                        (Mathlib.Tactic.Ring.Common.mul_congr
                          (Mathlib.Tactic.Ring.Common.div_congr
                            (Mathlib.Tactic.Ring.Common.atom_pf (↑k) rfl
                              (Eq.mpr
                                (id
                                  (congrArg (fun _a => ↑k ^ Nat.rawCast 1 * Nat.rawCast 1 = ↑k ^ Nat.rawCast 1 * _a)
                                    (Eq.symm rfl)))
                                (Eq.refl (↑k ^ Nat.rawCast 1 * Nat.rawCast 1))))
                            (Mathlib.Tactic.Ring.cast_pos (Mathlib.Meta.NormNum.isNat_ofNat ℂ (Eq.refl 2)))
                            (Mathlib.Tactic.Ring.Common.div_pf
                              (Mathlib.Tactic.Ring.Common.inv_single
                                (Mathlib.Meta.NormNum.IsNNRat.to_raw_eq
                                  (Mathlib.Meta.NormNum.isNNRat_inv_pos
                                    (Mathlib.Meta.NormNum.IsNat.to_isNNRat (Mathlib.Meta.NormNum.IsNat.of_raw ℂ 2)))))
                              (Mathlib.Tactic.Ring.Common.add_mul
                                (Mathlib.Tactic.Ring.Common.mul_add
                                  (Mathlib.Tactic.Ring.Common.mul_pf_left (↑k) (Nat.rawCast 1)
                                    (Mathlib.Meta.NormNum.IsNNRat.to_raw_eq
                                      (Mathlib.Meta.NormNum.isNNRat_mul (Eq.refl HMul.hMul)
                                        (Mathlib.Meta.NormNum.IsNat.to_isNNRat (Mathlib.Meta.NormNum.IsNat.of_raw ℂ 1))
                                        (Mathlib.Meta.NormNum.IsNNRat.of_raw ℂ 1 2
                                          (Mathlib.Meta.NormNum.IsNNRat.den_nz
                                            (Mathlib.Meta.NormNum.isNNRat_inv_pos
                                              (Mathlib.Meta.NormNum.IsNat.to_isNNRat
                                                (Mathlib.Meta.NormNum.IsNat.of_raw ℂ 2)))))
                                        (Eq.refl (Nat.mul 1 1)) (Eq.refl 2))))
                                  (Mathlib.Tactic.Ring.Common.mul_zero (↑k ^ Nat.rawCast 1 * Nat.rawCast 1))
                                  (Mathlib.Tactic.Ring.Common.add_pf_add_zero
                                    (↑k ^ Nat.rawCast 1 * NNRat.rawCast 1 2 + 0)))
                                (Mathlib.Tactic.Ring.Common.zero_mul (NNRat.rawCast 1 2 + 0))
                                (Mathlib.Tactic.Ring.Common.add_pf_add_zero
                                  (↑k ^ Nat.rawCast 1 * NNRat.rawCast 1 2 + 0)))))
                          (Mathlib.Tactic.Ring.cast_pos (Mathlib.Meta.NormNum.isNat_ofNat ℂ Nat.cast_one))
                          (Mathlib.Tactic.Ring.Common.add_mul
                            (Mathlib.Tactic.Ring.Common.mul_add
                              (Mathlib.Tactic.Ring.Common.mul_pf_left (↑k) (Nat.rawCast 1)
                                (Mathlib.Meta.NormNum.IsNNRat.to_raw_eq
                                  (Mathlib.Meta.NormNum.isNNRat_mul (Eq.refl HMul.hMul)
                                    (Mathlib.Meta.NormNum.IsNNRat.of_raw ℂ 1 2
                                      (Mathlib.Meta.NormNum.IsNNRat.den_nz
                                        (Mathlib.Meta.NormNum.isNNRat_mul (Eq.refl HMul.hMul)
                                          (Mathlib.Meta.NormNum.IsNat.to_isNNRat
                                            (Mathlib.Meta.NormNum.IsNat.of_raw ℂ 1))
                                          (Mathlib.Meta.NormNum.IsNNRat.of_raw ℂ 1 2
                                            (Mathlib.Meta.NormNum.IsNNRat.den_nz
                                              (Mathlib.Meta.NormNum.isNNRat_inv_pos
                                                (Mathlib.Meta.NormNum.IsNat.to_isNNRat
                                                  (Mathlib.Meta.NormNum.IsNat.of_raw ℂ 2)))))
                                          (Eq.refl (Nat.mul 1 1)) (Eq.refl 2))))
                                    (Mathlib.Meta.NormNum.IsNat.to_isNNRat (Mathlib.Meta.NormNum.IsNat.of_raw ℂ 1))
                                    (Eq.refl (Nat.mul 1 1)) (Eq.refl 2))))
                              (Mathlib.Tactic.Ring.Common.mul_zero (↑k ^ Nat.rawCast 1 * NNRat.rawCast 1 2))
                              (Mathlib.Tactic.Ring.Common.add_pf_add_zero (↑k ^ Nat.rawCast 1 * NNRat.rawCast 1 2 + 0)))
                            (Mathlib.Tactic.Ring.Common.zero_mul (Nat.rawCast 1 + 0))
                            (Mathlib.Tactic.Ring.Common.add_pf_add_zero (↑k ^ Nat.rawCast 1 * NNRat.rawCast 1 2 + 0))))
                        (Mathlib.Tactic.Ring.Common.neg_add
                          (Mathlib.Tactic.Ring.Common.neg_mul (↑k) (Nat.rawCast 1)
                            (Mathlib.Meta.NormNum.IsRat.to_raw_eq
                              (Mathlib.Meta.NormNum.isRat_neg (Eq.refl Neg.neg)
                                (Mathlib.Meta.NormNum.IsNNRat.to_isRat
                                  (Mathlib.Meta.NormNum.IsNNRat.of_raw ℂ 1 2
                                    (Mathlib.Meta.NormNum.IsNNRat.den_nz
                                      (Mathlib.Meta.NormNum.isNNRat_mul (Eq.refl HMul.hMul)
                                        (Mathlib.Meta.NormNum.IsNNRat.of_raw ℂ 1 2
                                          (Mathlib.Meta.NormNum.IsNNRat.den_nz
                                            (Mathlib.Meta.NormNum.isNNRat_mul (Eq.refl HMul.hMul)
                                              (Mathlib.Meta.NormNum.IsNat.to_isNNRat
                                                (Mathlib.Meta.NormNum.IsNat.of_raw ℂ 1))
                                              (Mathlib.Meta.NormNum.IsNNRat.of_raw ℂ 1 2
                                                (Mathlib.Meta.NormNum.IsNNRat.den_nz
                                                  (Mathlib.Meta.NormNum.isNNRat_inv_pos
                                                    (Mathlib.Meta.NormNum.IsNat.to_isNNRat
                                                      (Mathlib.Meta.NormNum.IsNat.of_raw ℂ 2)))))
                                              (Eq.refl (Nat.mul 1 1)) (Eq.refl 2))))
                                        (Mathlib.Meta.NormNum.IsNat.to_isNNRat (Mathlib.Meta.NormNum.IsNat.of_raw ℂ 1))
                                        (Eq.refl (Nat.mul 1 1)) (Eq.refl 2)))))
                                (Eq.refl (Int.negOfNat 1)))))
                          Mathlib.Tactic.Ring.Common.neg_zero))
                      (Mathlib.Tactic.Ring.Common.mul_congr
                        (Mathlib.Tactic.Ring.Common.div_congr
                          (Mathlib.Tactic.Ring.Common.atom_pf (↑k) rfl
                            (Eq.mpr
                              (id
                                (congrArg (fun _a => ↑k ^ Nat.rawCast 1 * Nat.rawCast 1 = ↑k ^ Nat.rawCast 1 * _a)
                                  (Eq.symm rfl)))
                              (Eq.refl (↑k ^ Nat.rawCast 1 * Nat.rawCast 1))))
                          (Mathlib.Tactic.Ring.cast_pos (Mathlib.Meta.NormNum.isNat_ofNat ℂ (Eq.refl 2)))
                          (Mathlib.Tactic.Ring.Common.div_pf
                            (Mathlib.Tactic.Ring.Common.inv_single
                              (Mathlib.Meta.NormNum.IsNNRat.to_raw_eq
                                (Mathlib.Meta.NormNum.isNNRat_inv_pos
                                  (Mathlib.Meta.NormNum.IsNat.to_isNNRat (Mathlib.Meta.NormNum.IsNat.of_raw ℂ 2)))))
                            (Mathlib.Tactic.Ring.Common.add_mul
                              (Mathlib.Tactic.Ring.Common.mul_add
                                (Mathlib.Tactic.Ring.Common.mul_pf_left (↑k) (Nat.rawCast 1)
                                  (Mathlib.Meta.NormNum.IsNNRat.to_raw_eq
                                    (Mathlib.Meta.NormNum.isNNRat_mul (Eq.refl HMul.hMul)
                                      (Mathlib.Meta.NormNum.IsNat.to_isNNRat (Mathlib.Meta.NormNum.IsNat.of_raw ℂ 1))
                                      (Mathlib.Meta.NormNum.IsNNRat.of_raw ℂ 1 2
                                        (Mathlib.Meta.NormNum.IsNNRat.den_nz
                                          (Mathlib.Meta.NormNum.isNNRat_inv_pos
                                            (Mathlib.Meta.NormNum.IsNat.to_isNNRat
                                              (Mathlib.Meta.NormNum.IsNat.of_raw ℂ 2)))))
                                      (Eq.refl (Nat.mul 1 1)) (Eq.refl 2))))
                                (Mathlib.Tactic.Ring.Common.mul_zero (↑k ^ Nat.rawCast 1 * Nat.rawCast 1))
                                (Mathlib.Tactic.Ring.Common.add_pf_add_zero
                                  (↑k ^ Nat.rawCast 1 * NNRat.rawCast 1 2 + 0)))
                              (Mathlib.Tactic.Ring.Common.zero_mul (NNRat.rawCast 1 2 + 0))
                              (Mathlib.Tactic.Ring.Common.add_pf_add_zero
                                (↑k ^ Nat.rawCast 1 * NNRat.rawCast 1 2 + 0)))))
                        (Mathlib.Tactic.Ring.cast_pos (Mathlib.Meta.NormNum.isNat_ofNat ℂ Nat.cast_one))
                        (Mathlib.Tactic.Ring.Common.add_mul
                          (Mathlib.Tactic.Ring.Common.mul_add
                            (Mathlib.Tactic.Ring.Common.mul_pf_left (↑k) (Nat.rawCast 1)
                              (Mathlib.Meta.NormNum.IsNNRat.to_raw_eq
                                (Mathlib.Meta.NormNum.isNNRat_mul (Eq.refl HMul.hMul)
                                  (Mathlib.Meta.NormNum.IsNNRat.of_raw ℂ 1 2
                                    (Mathlib.Meta.NormNum.IsNNRat.den_nz
                                      (Mathlib.Meta.NormNum.isNNRat_mul (Eq.refl HMul.hMul)
                                        (Mathlib.Meta.NormNum.IsNat.to_isNNRat (Mathlib.Meta.NormNum.IsNat.of_raw ℂ 1))
                                        (Mathlib.Meta.NormNum.IsNNRat.of_raw ℂ 1 2
                                          (Mathlib.Meta.NormNum.IsNNRat.den_nz
                                            (Mathlib.Meta.NormNum.isNNRat_inv_pos
                                              (Mathlib.Meta.NormNum.IsNat.to_isNNRat
                                                (Mathlib.Meta.NormNum.IsNat.of_raw ℂ 2)))))
                                        (Eq.refl (Nat.mul 1 1)) (Eq.refl 2))))
                                  (Mathlib.Meta.NormNum.IsNat.to_isNNRat (Mathlib.Meta.NormNum.IsNat.of_raw ℂ 1))
                                  (Eq.refl (Nat.mul 1 1)) (Eq.refl 2))))
                            (Mathlib.Tactic.Ring.Common.mul_zero (↑k ^ Nat.rawCast 1 * NNRat.rawCast 1 2))
                            (Mathlib.Tactic.Ring.Common.add_pf_add_zero (↑k ^ Nat.rawCast 1 * NNRat.rawCast 1 2 + 0)))
                          (Mathlib.Tactic.Ring.Common.zero_mul (Nat.rawCast 1 + 0))
                          (Mathlib.Tactic.Ring.Common.add_pf_add_zero (↑k ^ Nat.rawCast 1 * NNRat.rawCast 1 2 + 0))))
                      (Mathlib.Tactic.Ring.Common.sub_pf
                        (Mathlib.Tactic.Ring.Common.neg_add
                          (Mathlib.Tactic.Ring.Common.neg_mul (↑k) (Nat.rawCast 1)
                            (Mathlib.Meta.NormNum.IsRat.to_raw_eq
                              (Mathlib.Meta.NormNum.isRat_neg (Eq.refl Neg.neg)
                                (Mathlib.Meta.NormNum.IsNNRat.to_isRat
                                  (Mathlib.Meta.NormNum.IsNNRat.of_raw ℂ 1 2
                                    (Mathlib.Meta.NormNum.IsNNRat.den_nz
                                      (Mathlib.Meta.NormNum.isNNRat_mul (Eq.refl HMul.hMul)
                                        (Mathlib.Meta.NormNum.IsNNRat.of_raw ℂ 1 2
                                          (Mathlib.Meta.NormNum.IsNNRat.den_nz
                                            (Mathlib.Meta.NormNum.isNNRat_mul (Eq.refl HMul.hMul)
                                              (Mathlib.Meta.NormNum.IsNat.to_isNNRat
                                                (Mathlib.Meta.NormNum.IsNat.of_raw ℂ 1))
                                              (Mathlib.Meta.NormNum.IsNNRat.of_raw ℂ 1 2
                                                (Mathlib.Meta.NormNum.IsNNRat.den_nz
                                                  (Mathlib.Meta.NormNum.isNNRat_inv_pos
                                                    (Mathlib.Meta.NormNum.IsNat.to_isNNRat
                                                      (Mathlib.Meta.NormNum.IsNat.of_raw ℂ 2)))))
                                              (Eq.refl (Nat.mul 1 1)) (Eq.refl 2))))
                                        (Mathlib.Meta.NormNum.IsNat.to_isNNRat (Mathlib.Meta.NormNum.IsNat.of_raw ℂ 1))
                                        (Eq.refl (Nat.mul 1 1)) (Eq.refl 2)))))
                                (Eq.refl (Int.negOfNat 1)))))
                          Mathlib.Tactic.Ring.Common.neg_zero)
                        (Mathlib.Tactic.Ring.Common.add_pf_add_overlap
                          (Mathlib.Tactic.Ring.Common.add_overlap_pf (↑k) (Nat.rawCast 1)
                            (Mathlib.Meta.NormNum.IsInt.to_raw_eq
                              (Mathlib.Meta.NormNum.IsRat.to_isInt
                                (Mathlib.Meta.NormNum.isRat_add (Eq.refl HAdd.hAdd)
                                  (Mathlib.Meta.NormNum.IsRat.of_raw ℂ (Int.negOfNat 1) 2
                                    (Mathlib.Meta.NormNum.IsRat.den_nz
                                      (Mathlib.Meta.NormNum.isRat_neg (Eq.refl Neg.neg)
                                        (Mathlib.Meta.NormNum.IsNNRat.to_isRat
                                          (Mathlib.Meta.NormNum.IsNNRat.of_raw ℂ 1 2
                                            (Mathlib.Meta.NormNum.IsNNRat.den_nz
                                              (Mathlib.Meta.NormNum.isNNRat_mul (Eq.refl HMul.hMul)
                                                (Mathlib.Meta.NormNum.IsNNRat.of_raw ℂ 1 2
                                                  (Mathlib.Meta.NormNum.IsNNRat.den_nz
                                                    (Mathlib.Meta.NormNum.isNNRat_mul (Eq.refl HMul.hMul)
                                                      (Mathlib.Meta.NormNum.IsNat.to_isNNRat
                                                        (Mathlib.Meta.NormNum.IsNat.of_raw ℂ 1))
                                                      (Mathlib.Meta.NormNum.IsNNRat.of_raw ℂ 1 2
                                                        (Mathlib.Meta.NormNum.IsNNRat.den_nz
                                                          (Mathlib.Meta.NormNum.isNNRat_inv_pos
                                                            (Mathlib.Meta.NormNum.IsNat.to_isNNRat
                                                              (Mathlib.Meta.NormNum.IsNat.of_raw ℂ 2)))))
                                                      (Eq.refl (Nat.mul 1 1)) (Eq.refl 2))))
                                                (Mathlib.Meta.NormNum.IsNat.to_isNNRat
                                                  (Mathlib.Meta.NormNum.IsNat.of_raw ℂ 1))
                                                (Eq.refl (Nat.mul 1 1)) (Eq.refl 2)))))
                                        (Eq.refl (Int.negOfNat 1)))))
                                  (Mathlib.Meta.NormNum.IsRat.of_raw ℂ (Int.negOfNat 1) 2
                                    (Mathlib.Meta.NormNum.IsRat.den_nz
                                      (Mathlib.Meta.NormNum.isRat_neg (Eq.refl Neg.neg)
                                        (Mathlib.Meta.NormNum.IsNNRat.to_isRat
                                          (Mathlib.Meta.NormNum.IsNNRat.of_raw ℂ 1 2
                                            (Mathlib.Meta.NormNum.IsNNRat.den_nz
                                              (Mathlib.Meta.NormNum.isNNRat_mul (Eq.refl HMul.hMul)
                                                (Mathlib.Meta.NormNum.IsNNRat.of_raw ℂ 1 2
                                                  (Mathlib.Meta.NormNum.IsNNRat.den_nz
                                                    (Mathlib.Meta.NormNum.isNNRat_mul (Eq.refl HMul.hMul)
                                                      (Mathlib.Meta.NormNum.IsNat.to_isNNRat
                                                        (Mathlib.Meta.NormNum.IsNat.of_raw ℂ 1))
                                                      (Mathlib.Meta.NormNum.IsNNRat.of_raw ℂ 1 2
                                                        (Mathlib.Meta.NormNum.IsNNRat.den_nz
                                                          (Mathlib.Meta.NormNum.isNNRat_inv_pos
                                                            (Mathlib.Meta.NormNum.IsNat.to_isNNRat
                                                              (Mathlib.Meta.NormNum.IsNat.of_raw ℂ 2)))))
                                                      (Eq.refl (Nat.mul 1 1)) (Eq.refl 2))))
                                                (Mathlib.Meta.NormNum.IsNat.to_isNNRat
                                                  (Mathlib.Meta.NormNum.IsNat.of_raw ℂ 1))
                                                (Eq.refl (Nat.mul 1 1)) (Eq.refl 2)))))
                                        (Eq.refl (Int.negOfNat 1)))))
                                  (Eq.refl (Int.negOfNat 4)) (Eq.refl 4)))))
                          (Mathlib.Tactic.Ring.Common.add_pf_zero_add 0))))))
                (Mathlib.Tactic.Module.NF.eq_const_cons (∑ x, Matrix.conjTranspose (A x) * A x)
                  (Eq.mpr
                    (id
                      (congrArg (Eq 0)
                        (congr
                          (congrArg HAdd.hAdd
                            (congrArg (HMul.hMul ↑k)
                              (Eq.trans
                                (Eq.trans
                                  (congrArg (⇑(algebraMap ℤ ℂ))
                                    (congrArg Neg.neg (Eq.trans (eq_natCast (algebraMap ℕ ℤ) 1) Nat.cast_one)))
                                  (eq_intCast (algebraMap ℤ ℂ) (-1)))
                                (Eq.trans (Int.cast_neg 1) (congrArg Neg.neg Int.cast_one)))))
                          (congrArg (HMul.hMul ↑k) (Eq.trans (eq_natCast (algebraMap ℕ ℂ) 1) Nat.cast_one)))))
                    (Mathlib.Tactic.Ring.of_eq
                      (Mathlib.Tactic.Ring.cast_zero (Mathlib.Meta.NormNum.isNat_ofNat ℂ Nat.cast_zero))
                      (Mathlib.Tactic.Ring.Common.add_congr
                        (Mathlib.Tactic.Ring.Common.mul_congr
                          (Mathlib.Tactic.Ring.Common.atom_pf (↑k) rfl
                            (Eq.mpr
                              (id
                                (congrArg (fun _a => ↑k ^ Nat.rawCast 1 * Nat.rawCast 1 = ↑k ^ Nat.rawCast 1 * _a)
                                  (Eq.symm rfl)))
                              (Eq.refl (↑k ^ Nat.rawCast 1 * Nat.rawCast 1))))
                          (Mathlib.Tactic.Ring.Common.neg_congr
                            (Mathlib.Tactic.Ring.cast_pos (Mathlib.Meta.NormNum.isNat_ofNat ℂ Nat.cast_one))
                            (Mathlib.Tactic.Ring.Common.neg_add
                              (Mathlib.Meta.NormNum.IsInt.to_raw_eq
                                (Mathlib.Meta.NormNum.isInt_neg (Eq.refl Neg.neg)
                                  (Mathlib.Meta.NormNum.IsNat.to_isInt (Mathlib.Meta.NormNum.IsNat.of_raw ℂ 1))
                                  (Eq.refl (Int.negOfNat 1))))
                              Mathlib.Tactic.Ring.Common.neg_zero))
                          (Mathlib.Tactic.Ring.Common.add_mul
                            (Mathlib.Tactic.Ring.Common.mul_add
                              (Mathlib.Tactic.Ring.Common.mul_pf_left (↑k) (Nat.rawCast 1)
                                (Mathlib.Meta.NormNum.IsInt.to_raw_eq
                                  (Mathlib.Meta.NormNum.isInt_mul (Eq.refl HMul.hMul)
                                    (Mathlib.Meta.NormNum.IsNat.to_isInt (Mathlib.Meta.NormNum.IsNat.of_raw ℂ 1))
                                    (Mathlib.Meta.NormNum.IsInt.of_raw ℂ (Int.negOfNat 1)) (Eq.refl (Int.negOfNat 1)))))
                              (Mathlib.Tactic.Ring.Common.mul_zero (↑k ^ Nat.rawCast 1 * Nat.rawCast 1))
                              (Mathlib.Tactic.Ring.Common.add_pf_add_zero
                                (↑k ^ Nat.rawCast 1 * (Int.negOfNat 1).rawCast + 0)))
                            (Mathlib.Tactic.Ring.Common.zero_mul ((Int.negOfNat 1).rawCast + 0))
                            (Mathlib.Tactic.Ring.Common.add_pf_add_zero
                              (↑k ^ Nat.rawCast 1 * (Int.negOfNat 1).rawCast + 0))))
                        (Mathlib.Tactic.Ring.Common.mul_congr
                          (Mathlib.Tactic.Ring.Common.atom_pf (↑k) rfl
                            (Eq.mpr
                              (id
                                (congrArg (fun _a => ↑k ^ Nat.rawCast 1 * Nat.rawCast 1 = ↑k ^ Nat.rawCast 1 * _a)
                                  (Eq.symm rfl)))
                              (Eq.refl (↑k ^ Nat.rawCast 1 * Nat.rawCast 1))))
                          (Mathlib.Tactic.Ring.cast_pos (Mathlib.Meta.NormNum.isNat_ofNat ℂ Nat.cast_one))
                          (Mathlib.Tactic.Ring.Common.add_mul
                            (Mathlib.Tactic.Ring.Common.mul_add
                              (Mathlib.Tactic.Ring.Common.mul_pf_left (↑k) (Nat.rawCast 1)
                                (Mathlib.Meta.NormNum.IsNat.to_raw_eq
                                  (Mathlib.Meta.NormNum.isNat_mul (Eq.refl HMul.hMul)
                                    (Mathlib.Meta.NormNum.IsNat.of_raw ℂ 1) (Mathlib.Meta.NormNum.IsNat.of_raw ℂ 1)
                                    (Eq.refl 1))))
                              (Mathlib.Tactic.Ring.Common.mul_zero (↑k ^ Nat.rawCast 1 * Nat.rawCast 1))
                              (Mathlib.Tactic.Ring.Common.add_pf_add_zero (↑k ^ Nat.rawCast 1 * Nat.rawCast 1 + 0)))
                            (Mathlib.Tactic.Ring.Common.zero_mul (Nat.rawCast 1 + 0))
                            (Mathlib.Tactic.Ring.Common.add_pf_add_zero (↑k ^ Nat.rawCast 1 * Nat.rawCast 1 + 0))))
                        (Mathlib.Tactic.Ring.Common.add_pf_add_overlap_zero
                          (Mathlib.Tactic.Ring.Common.add_overlap_pf_zero (↑k) (Nat.rawCast 1)
                            (Mathlib.Meta.NormNum.IsInt.to_isNat
                              (Mathlib.Meta.NormNum.isInt_add (Eq.refl HAdd.hAdd)
                                (Mathlib.Meta.NormNum.IsInt.of_raw ℂ (Int.negOfNat 1))
                                (Mathlib.Meta.NormNum.IsNat.to_isInt (Mathlib.Meta.NormNum.IsNat.of_raw ℂ 1))
                                (Eq.refl (Int.ofNat 0)))))
                          (Mathlib.Tactic.Ring.Common.add_pf_zero_add 0)))))
                  (Mathlib.Tactic.Module.NF.eq_const_cons
                    (Matrix.conjTranspose (NLA.MI03.summandSum A) * NLA.MI03.summandSum A)
                    (Eq.mpr
                      (id
                        (congrArg (Eq 0)
                          (congr
                            (congrArg HAdd.hAdd
                              (congrArg Neg.neg
                                (Eq.trans
                                  (Eq.trans
                                    (congrArg (⇑(algebraMap ℤ ℂ))
                                      (Eq.trans (eq_natCast (algebraMap ℕ ℤ) 1) Nat.cast_one))
                                    (eq_intCast (algebraMap ℤ ℂ) 1))
                                  Int.cast_one)))
                            (Eq.trans
                              (Eq.trans
                                (congrArg (⇑(algebraMap ℤ ℂ)) (Eq.trans (eq_natCast (algebraMap ℕ ℤ) 1) Nat.cast_one))
                                (eq_intCast (algebraMap ℤ ℂ) 1))
                              Int.cast_one))))
                      (Mathlib.Tactic.Ring.of_eq
                        (Mathlib.Tactic.Ring.cast_zero (Mathlib.Meta.NormNum.isNat_ofNat ℂ Nat.cast_zero))
                        (Mathlib.Tactic.Ring.Common.add_congr
                          (Mathlib.Tactic.Ring.Common.neg_congr
                            (Mathlib.Tactic.Ring.cast_pos (Mathlib.Meta.NormNum.isNat_ofNat ℂ Nat.cast_one))
                            (Mathlib.Tactic.Ring.Common.neg_add
                              (Mathlib.Meta.NormNum.IsInt.to_raw_eq
                                (Mathlib.Meta.NormNum.isInt_neg (Eq.refl Neg.neg)
                                  (Mathlib.Meta.NormNum.IsNat.to_isInt (Mathlib.Meta.NormNum.IsNat.of_raw ℂ 1))
                                  (Eq.refl (Int.negOfNat 1))))
                              Mathlib.Tactic.Ring.Common.neg_zero))
                          (Mathlib.Tactic.Ring.cast_pos (Mathlib.Meta.NormNum.isNat_ofNat ℂ Nat.cast_one))
                          (Mathlib.Tactic.Ring.Common.add_pf_add_overlap_zero
                            (Mathlib.Meta.NormNum.IsInt.to_isNat
                              (Mathlib.Meta.NormNum.isInt_add (Eq.refl HAdd.hAdd)
                                (Mathlib.Meta.NormNum.IsInt.of_raw ℂ (Int.negOfNat 1))
                                (Mathlib.Meta.NormNum.IsNat.to_isInt (Mathlib.Meta.NormNum.IsNat.of_raw ℂ 1))
                                (Eq.refl (Int.ofNat 0))))
                            (Mathlib.Tactic.Ring.Common.add_pf_zero_add 0)))))
                    rfl))))))),
    ⟨NLA.MI03.pairVariance_posSemidef A, NLA.MI03.shiftedSquare_posSemidef A⟩⟩
theorem NLA.MI03.witness_modulus : ∀ (k : ℕ),
  2 ≤ k →
    ∀ (j : Fin k),
      NLA.MI03.matrixModulus (NLA.MI03.witness k j) =
        NLA.MI03.outerProduct (NLA.MI03.witnessVector k j) (NLA.MI03.witnessVector k j) :=
fun k hk j =>
  CFC.sqrt_unique
    (Eq.mpr
      (id
        (congrArg (fun _a => _a = Matrix.conjTranspose (NLA.MI03.witness k j) * NLA.MI03.witness k j)
          (NLA.MI03.witnessModulus_idempotent k hk j)))
      (Eq.mpr
        (id
          (congrArg (fun _a => NLA.MI03.outerProduct (NLA.MI03.witnessVector k j) (NLA.MI03.witnessVector k j) = _a)
            (NLA.MI03.witness_gram k j)))
        (Eq.refl (NLA.MI03.outerProduct (NLA.MI03.witnessVector k j) (NLA.MI03.witnessVector k j)))))
    (Matrix.PosSemidef.nonneg (NLA.MI03.outerProduct_posSemidef (NLA.MI03.witnessVector k j)))
theorem NLA.MI03.witness_norm : ∀ (k : ℕ), 2 ≤ k → ∀ (j : Fin k), NLA.MI03.operatorNorm (NLA.MI03.witness k j) = 1 :=
fun k hk j =>
  have h :=
    Eq.mpr (id (congrArg (fun _a => _a ^ 2 = 1) (NLA.MI03.operatorNorm_eq_l2 (NLA.MI03.witness k j))))
      (Eq.mpr (id (congrArg (fun _a => _a = 1) (pow_two ‖NLA.MI03.witness k j‖)))
        (Eq.mpr (id (congrArg (fun _a => _a = 1) (Eq.symm CStarRing.norm_self_mul_star)))
          (id
            (Eq.mpr (id (congrArg (fun _a => NLA.MI03.operatorNorm _a = 1) (NLA.MI03.witness_reverse_gram k hk j)))
              (Eq.mpr (id (congrArg (fun _a => _a = 1) NLA.MI03.firstProjection_norm)) (Eq.refl 1))))));
  have hn := norm_nonneg (Matrix.toEuclideanCLM (NLA.MI03.witness k j));
  id
    (fun hn =>
      Mathlib.Tactic.Linarith.eq_of_not_lt_of_not_gt (NLA.MI03.operatorNorm (NLA.MI03.witness k j)) 1
        (Not.intro fun a =>
          Mathlib.Tactic.Linarith.lt_irrefl
            (Eq.mp
              (congrArg (fun _a => _a < 0)
                (Mathlib.Tactic.Ring.of_eq
                  (Mathlib.Tactic.Ring.Common.add_congr
                    (Mathlib.Tactic.Ring.Common.add_congr
                      (Mathlib.Tactic.Ring.Common.neg_congr
                        (Mathlib.Tactic.Ring.Common.sub_congr
                          (Mathlib.Tactic.Ring.Common.pow_congr
                            (Mathlib.Tactic.Ring.Common.atom_pf (NLA.MI03.operatorNorm (NLA.MI03.witness k j)) rfl
                              (Eq.mpr
                                (id
                                  (congrArg
                                    (fun _a =>
                                      NLA.MI03.operatorNorm (NLA.MI03.witness k j) ^ Nat.rawCast 1 * Nat.rawCast 1 =
                                        NLA.MI03.operatorNorm (NLA.MI03.witness k j) ^ Nat.rawCast 1 * _a)
                                    (Eq.symm rfl)))
                                (Eq.refl
                                  (NLA.MI03.operatorNorm (NLA.MI03.witness k j) ^ Nat.rawCast 1 * Nat.rawCast 1))))
                            (Mathlib.Tactic.Ring.cast_pos (Mathlib.Meta.NormNum.isNat_ofNat ℕ (Eq.refl 2)))
                            (Mathlib.Tactic.Ring.Common.pow_add
                              (Mathlib.Tactic.Ring.Common.single_pow
                                (Mathlib.Tactic.Ring.Common.mul_pow_mul
                                  (Mathlib.Meta.NormNum.IsNat.to_raw_eq
                                    (Mathlib.Meta.NormNum.isNat_mul (Eq.refl HMul.hMul)
                                      (Mathlib.Meta.NormNum.IsNat.of_raw ℕ 1) (Mathlib.Meta.NormNum.IsNat.of_raw ℕ 2)
                                      (Eq.refl 2)))
                                  (Mathlib.Tactic.Ring.Common.one_pow (Nat.rawCast 2) { out := rfl })
                                  (Eq.mpr
                                    (id
                                      (congrArg
                                        (fun _a =>
                                          NLA.MI03.operatorNorm (NLA.MI03.witness k j) ^ Nat.rawCast 2 * Nat.rawCast 1 =
                                            NLA.MI03.operatorNorm (NLA.MI03.witness k j) ^ Nat.rawCast 2 * _a)
                                        (Eq.symm rfl)))
                                    (Eq.refl
                                      (NLA.MI03.operatorNorm (NLA.MI03.witness k j) ^ Nat.rawCast 2 * Nat.rawCast 1)))
                                  (Mathlib.Tactic.Ring.Common.mul_pf_left (NLA.MI03.operatorNorm (NLA.MI03.witness k j))
                                    (Nat.rawCast 2)
                                    (Mathlib.Meta.NormNum.IsNat.to_raw_eq
                                      (Mathlib.Meta.NormNum.isNat_mul (Eq.refl HMul.hMul)
                                        (Mathlib.Meta.NormNum.IsNat.of_raw ℝ 1) (Mathlib.Meta.NormNum.IsNat.of_raw ℝ 1)
                                        (Eq.refl 1))))))
                              (Mathlib.Tactic.Ring.Common.pow_zero
                                (NLA.MI03.operatorNorm (NLA.MI03.witness k j) ^ Nat.rawCast 1 * Nat.rawCast 1 + 0) rfl)
                              (Mathlib.Tactic.Ring.Common.add_mul
                                (Mathlib.Tactic.Ring.Common.mul_add
                                  (Mathlib.Tactic.Ring.Common.mul_pf_left (NLA.MI03.operatorNorm (NLA.MI03.witness k j))
                                    (Nat.rawCast 2)
                                    (Mathlib.Meta.NormNum.IsNat.to_raw_eq
                                      (Mathlib.Meta.NormNum.isNat_mul (Eq.refl HMul.hMul)
                                        (Mathlib.Meta.NormNum.IsNat.of_raw ℝ 1) (Mathlib.Meta.NormNum.IsNat.of_raw ℝ 1)
                                        (Eq.refl 1))))
                                  (Mathlib.Tactic.Ring.Common.mul_zero
                                    (NLA.MI03.operatorNorm (NLA.MI03.witness k j) ^ Nat.rawCast 2 * Nat.rawCast 1))
                                  (Mathlib.Tactic.Ring.Common.add_pf_add_zero
                                    (NLA.MI03.operatorNorm (NLA.MI03.witness k j) ^ Nat.rawCast 2 * Nat.rawCast 1 + 0)))
                                (Mathlib.Tactic.Ring.Common.zero_mul (Nat.rawCast 1 + 0))
                                (Mathlib.Tactic.Ring.Common.add_pf_add_zero
                                  (NLA.MI03.operatorNorm (NLA.MI03.witness k j) ^ Nat.rawCast 2 * Nat.rawCast 1 + 0)))))
                          (Mathlib.Tactic.Ring.cast_pos (Mathlib.Meta.NormNum.isNat_ofNat ℝ Nat.cast_one))
                          (Mathlib.Tactic.Ring.Common.sub_pf
                            (Mathlib.Tactic.Ring.Common.neg_add
                              (Mathlib.Meta.NormNum.IsInt.to_raw_eq
                                (Mathlib.Meta.NormNum.isInt_neg (Eq.refl Neg.neg)
                                  (Mathlib.Meta.NormNum.IsNat.to_isInt (Mathlib.Meta.NormNum.IsNat.of_raw ℝ 1))
                                  (Eq.refl (Int.negOfNat 1))))
                              Mathlib.Tactic.Ring.Common.neg_zero)
                            (Mathlib.Tactic.Ring.Common.add_pf_add_gt (Int.negOfNat 1).rawCast
                              (Mathlib.Tactic.Ring.Common.add_pf_add_zero
                                (NLA.MI03.operatorNorm (NLA.MI03.witness k j) ^ Nat.rawCast 2 * Nat.rawCast 1 + 0)))))
                        (Mathlib.Tactic.Ring.Common.neg_add
                          (Mathlib.Meta.NormNum.IsNat.to_raw_eq
                            (Mathlib.Meta.NormNum.IsInt.to_isNat
                              (Mathlib.Meta.NormNum.isInt_neg (Eq.refl Neg.neg)
                                (Mathlib.Meta.NormNum.IsInt.of_raw ℝ (Int.negOfNat 1)) (Eq.refl (Int.ofNat 1)))))
                          (Mathlib.Tactic.Ring.Common.neg_add
                            (Mathlib.Tactic.Ring.Common.neg_mul (NLA.MI03.operatorNorm (NLA.MI03.witness k j))
                              (Nat.rawCast 2)
                              (Mathlib.Meta.NormNum.IsInt.to_raw_eq
                                (Mathlib.Meta.NormNum.isInt_neg (Eq.refl Neg.neg)
                                  (Mathlib.Meta.NormNum.IsNat.to_isInt (Mathlib.Meta.NormNum.IsNat.of_raw ℝ 1))
                                  (Eq.refl (Int.negOfNat 1)))))
                            Mathlib.Tactic.Ring.Common.neg_zero)))
                      (Mathlib.Tactic.Ring.Common.sub_congr
                        (Mathlib.Tactic.Ring.Common.atom_pf (NLA.MI03.operatorNorm (NLA.MI03.witness k j)) rfl
                          (Eq.mpr
                            (id
                              (congrArg
                                (fun _a =>
                                  NLA.MI03.operatorNorm (NLA.MI03.witness k j) ^ Nat.rawCast 1 * Nat.rawCast 1 =
                                    NLA.MI03.operatorNorm (NLA.MI03.witness k j) ^ Nat.rawCast 1 * _a)
                                (Eq.symm rfl)))
                            (Eq.refl (NLA.MI03.operatorNorm (NLA.MI03.witness k j) ^ Nat.rawCast 1 * Nat.rawCast 1))))
                        (Mathlib.Tactic.Ring.cast_pos (Mathlib.Meta.NormNum.isNat_ofNat ℝ Nat.cast_one))
                        (Mathlib.Tactic.Ring.Common.sub_pf
                          (Mathlib.Tactic.Ring.Common.neg_add
                            (Mathlib.Meta.NormNum.IsInt.to_raw_eq
                              (Mathlib.Meta.NormNum.isInt_neg (Eq.refl Neg.neg)
                                (Mathlib.Meta.NormNum.IsNat.to_isInt (Mathlib.Meta.NormNum.IsNat.of_raw ℝ 1))
                                (Eq.refl (Int.negOfNat 1))))
                            Mathlib.Tactic.Ring.Common.neg_zero)
                          (Mathlib.Tactic.Ring.Common.add_pf_add_gt (Int.negOfNat 1).rawCast
                            (Mathlib.Tactic.Ring.Common.add_pf_add_zero
                              (NLA.MI03.operatorNorm (NLA.MI03.witness k j) ^ Nat.rawCast 1 * Nat.rawCast 1 + 0)))))
                      (Mathlib.Tactic.Ring.Common.add_pf_add_overlap_zero
                        (Mathlib.Meta.NormNum.IsInt.to_isNat
                          (Mathlib.Meta.NormNum.isInt_add (Eq.refl HAdd.hAdd)
                            (Mathlib.Meta.NormNum.IsNat.to_isInt (Mathlib.Meta.NormNum.IsNat.of_raw ℝ 1))
                            (Mathlib.Meta.NormNum.IsInt.of_raw ℝ (Int.negOfNat 1)) (Eq.refl (Int.ofNat 0))))
                        (Mathlib.Tactic.Ring.Common.add_pf_add_gt
                          (NLA.MI03.operatorNorm (NLA.MI03.witness k j) ^ Nat.rawCast 1 * Nat.rawCast 1)
                          (Mathlib.Tactic.Ring.Common.add_pf_add_zero
                            (NLA.MI03.operatorNorm (NLA.MI03.witness k j) ^ Nat.rawCast 2 * (Int.negOfNat 1).rawCast +
                              0)))))
                    (Mathlib.Tactic.Ring.Common.sub_congr
                      (Mathlib.Tactic.Ring.cast_zero (Mathlib.Meta.NormNum.isNat_ofNat ℝ Nat.cast_zero))
                      (Mathlib.Tactic.Ring.Common.mul_congr
                        (Mathlib.Tactic.Ring.Common.sub_congr
                          (Mathlib.Tactic.Ring.cast_zero (Mathlib.Meta.NormNum.isNat_ofNat ℝ Nat.cast_zero))
                          (Mathlib.Tactic.Ring.Common.atom_pf (NLA.MI03.operatorNorm (NLA.MI03.witness k j)) rfl
                            (Eq.mpr
                              (id
                                (congrArg
                                  (fun _a =>
                                    NLA.MI03.operatorNorm (NLA.MI03.witness k j) ^ Nat.rawCast 1 * Nat.rawCast 1 =
                                      NLA.MI03.operatorNorm (NLA.MI03.witness k j) ^ Nat.rawCast 1 * _a)
                                  (Eq.symm rfl)))
                              (Eq.refl (NLA.MI03.operatorNorm (NLA.MI03.witness k j) ^ Nat.rawCast 1 * Nat.rawCast 1))))
                          (Mathlib.Tactic.Ring.Common.sub_pf
                            (Mathlib.Tactic.Ring.Common.neg_add
                              (Mathlib.Tactic.Ring.Common.neg_mul (NLA.MI03.operatorNorm (NLA.MI03.witness k j))
                                (Nat.rawCast 1)
                                (Mathlib.Meta.NormNum.IsInt.to_raw_eq
                                  (Mathlib.Meta.NormNum.isInt_neg (Eq.refl Neg.neg)
                                    (Mathlib.Meta.NormNum.IsNat.to_isInt (Mathlib.Meta.NormNum.IsNat.of_raw ℝ 1))
                                    (Eq.refl (Int.negOfNat 1)))))
                              Mathlib.Tactic.Ring.Common.neg_zero)
                            (Mathlib.Tactic.Ring.Common.add_pf_zero_add
                              (NLA.MI03.operatorNorm (NLA.MI03.witness k j) ^ Nat.rawCast 1 * (Int.negOfNat 1).rawCast +
                                0))))
                        (Mathlib.Tactic.Ring.Common.sub_congr
                          (Mathlib.Tactic.Ring.Common.atom_pf (NLA.MI03.operatorNorm (NLA.MI03.witness k j)) rfl
                            (Eq.mpr
                              (id
                                (congrArg
                                  (fun _a =>
                                    NLA.MI03.operatorNorm (NLA.MI03.witness k j) ^ Nat.rawCast 1 * Nat.rawCast 1 =
                                      NLA.MI03.operatorNorm (NLA.MI03.witness k j) ^ Nat.rawCast 1 * _a)
                                  (Eq.symm rfl)))
                              (Eq.refl (NLA.MI03.operatorNorm (NLA.MI03.witness k j) ^ Nat.rawCast 1 * Nat.rawCast 1))))
                          (Mathlib.Tactic.Ring.cast_pos (Mathlib.Meta.NormNum.isNat_ofNat ℝ Nat.cast_one))
                          (Mathlib.Tactic.Ring.Common.sub_pf
                            (Mathlib.Tactic.Ring.Common.neg_add
                              (Mathlib.Meta.NormNum.IsInt.to_raw_eq
                                (Mathlib.Meta.NormNum.isInt_neg (Eq.refl Neg.neg)
                                  (Mathlib.Meta.NormNum.IsNat.to_isInt (Mathlib.Meta.NormNum.IsNat.of_raw ℝ 1))
                                  (Eq.refl (Int.negOfNat 1))))
                              Mathlib.Tactic.Ring.Common.neg_zero)
                            (Mathlib.Tactic.Ring.Common.add_pf_add_gt (Int.negOfNat 1).rawCast
                              (Mathlib.Tactic.Ring.Common.add_pf_add_zero
                                (NLA.MI03.operatorNorm (NLA.MI03.witness k j) ^ Nat.rawCast 1 * Nat.rawCast 1 + 0)))))
                        (Mathlib.Tactic.Ring.Common.add_mul
                          (Mathlib.Tactic.Ring.Common.mul_add
                            (Mathlib.Tactic.Ring.Common.mul_pf_left (NLA.MI03.operatorNorm (NLA.MI03.witness k j))
                              (Nat.rawCast 1)
                              (Mathlib.Meta.NormNum.IsNat.to_raw_eq
                                (Mathlib.Meta.NormNum.IsInt.to_isNat
                                  (Mathlib.Meta.NormNum.isInt_mul (Eq.refl HMul.hMul)
                                    (Mathlib.Meta.NormNum.IsInt.of_raw ℝ (Int.negOfNat 1))
                                    (Mathlib.Meta.NormNum.IsInt.of_raw ℝ (Int.negOfNat 1)) (Eq.refl (Int.ofNat 1))))))
                            (Mathlib.Tactic.Ring.Common.mul_add
                              (Mathlib.Tactic.Ring.Common.mul_pp_pf_overlap
                                (NLA.MI03.operatorNorm (NLA.MI03.witness k j))
                                (Mathlib.Meta.NormNum.IsNat.to_raw_eq
                                  (Mathlib.Meta.NormNum.isNat_add (Eq.refl HAdd.hAdd)
                                    (Mathlib.Meta.NormNum.IsNat.of_raw ℕ 1) (Mathlib.Meta.NormNum.IsNat.of_raw ℕ 1)
                                    (Eq.refl 2)))
                                (Mathlib.Meta.NormNum.IsInt.to_raw_eq
                                  (Mathlib.Meta.NormNum.isInt_mul (Eq.refl HMul.hMul)
                                    (Mathlib.Meta.NormNum.IsInt.of_raw ℝ (Int.negOfNat 1))
                                    (Mathlib.Meta.NormNum.IsNat.to_isInt (Mathlib.Meta.NormNum.IsNat.of_raw ℝ 1))
                                    (Eq.refl (Int.negOfNat 1)))))
                              (Mathlib.Tactic.Ring.Common.mul_zero
                                (NLA.MI03.operatorNorm (NLA.MI03.witness k j) ^ Nat.rawCast 1 *
                                  (Int.negOfNat 1).rawCast))
                              (Mathlib.Tactic.Ring.Common.add_pf_add_zero
                                (NLA.MI03.operatorNorm (NLA.MI03.witness k j) ^ Nat.rawCast 2 *
                                    (Int.negOfNat 1).rawCast +
                                  0)))
                            (Mathlib.Tactic.Ring.Common.add_pf_add_lt
                              (NLA.MI03.operatorNorm (NLA.MI03.witness k j) ^ Nat.rawCast 1 * Nat.rawCast 1)
                              (Mathlib.Tactic.Ring.Common.add_pf_zero_add
                                (NLA.MI03.operatorNorm (NLA.MI03.witness k j) ^ Nat.rawCast 2 *
                                    (Int.negOfNat 1).rawCast +
                                  0))))
                          (Mathlib.Tactic.Ring.Common.zero_mul
                            ((Int.negOfNat 1).rawCast +
                              (NLA.MI03.operatorNorm (NLA.MI03.witness k j) ^ Nat.rawCast 1 * Nat.rawCast 1 + 0)))
                          (Mathlib.Tactic.Ring.Common.add_pf_add_zero
                            (NLA.MI03.operatorNorm (NLA.MI03.witness k j) ^ Nat.rawCast 1 * Nat.rawCast 1 +
                              (NLA.MI03.operatorNorm (NLA.MI03.witness k j) ^ Nat.rawCast 2 * (Int.negOfNat 1).rawCast +
                                0)))))
                      (Mathlib.Tactic.Ring.Common.sub_pf
                        (Mathlib.Tactic.Ring.Common.neg_add
                          (Mathlib.Tactic.Ring.Common.neg_mul (NLA.MI03.operatorNorm (NLA.MI03.witness k j))
                            (Nat.rawCast 1)
                            (Mathlib.Meta.NormNum.IsInt.to_raw_eq
                              (Mathlib.Meta.NormNum.isInt_neg (Eq.refl Neg.neg)
                                (Mathlib.Meta.NormNum.IsNat.to_isInt (Mathlib.Meta.NormNum.IsNat.of_raw ℝ 1))
                                (Eq.refl (Int.negOfNat 1)))))
                          (Mathlib.Tactic.Ring.Common.neg_add
                            (Mathlib.Tactic.Ring.Common.neg_mul (NLA.MI03.operatorNorm (NLA.MI03.witness k j))
                              (Nat.rawCast 2)
                              (Mathlib.Meta.NormNum.IsNat.to_raw_eq
                                (Mathlib.Meta.NormNum.IsInt.to_isNat
                                  (Mathlib.Meta.NormNum.isInt_neg (Eq.refl Neg.neg)
                                    (Mathlib.Meta.NormNum.IsInt.of_raw ℝ (Int.negOfNat 1)) (Eq.refl (Int.ofNat 1))))))
                            Mathlib.Tactic.Ring.Common.neg_zero))
                        (Mathlib.Tactic.Ring.Common.add_pf_zero_add
                          (NLA.MI03.operatorNorm (NLA.MI03.witness k j) ^ Nat.rawCast 1 * (Int.negOfNat 1).rawCast +
                            (NLA.MI03.operatorNorm (NLA.MI03.witness k j) ^ Nat.rawCast 2 * Nat.rawCast 1 + 0)))))
                    (Mathlib.Tactic.Ring.Common.add_pf_add_overlap_zero
                      (Mathlib.Tactic.Ring.Common.add_overlap_pf_zero (NLA.MI03.operatorNorm (NLA.MI03.witness k j))
                        (Nat.rawCast 1)
                        (Mathlib.Meta.NormNum.IsInt.to_isNat
                          (Mathlib.Meta.NormNum.isInt_add (Eq.refl HAdd.hAdd)
                            (Mathlib.Meta.NormNum.IsNat.to_isInt (Mathlib.Meta.NormNum.IsNat.of_raw ℝ 1))
                            (Mathlib.Meta.NormNum.IsInt.of_raw ℝ (Int.negOfNat 1)) (Eq.refl (Int.ofNat 0)))))
                      (Mathlib.Tactic.Ring.Common.add_pf_add_overlap_zero
                        (Mathlib.Tactic.Ring.Common.add_overlap_pf_zero (NLA.MI03.operatorNorm (NLA.MI03.witness k j))
                          (Nat.rawCast 2)
                          (Mathlib.Meta.NormNum.IsInt.to_isNat
                            (Mathlib.Meta.NormNum.isInt_add (Eq.refl HAdd.hAdd)
                              (Mathlib.Meta.NormNum.IsInt.of_raw ℝ (Int.negOfNat 1))
                              (Mathlib.Meta.NormNum.IsNat.to_isInt (Mathlib.Meta.NormNum.IsNat.of_raw ℝ 1))
                              (Eq.refl (Int.ofNat 0)))))
                        (Mathlib.Tactic.Ring.Common.add_pf_zero_add 0))))
                  (Mathlib.Tactic.Ring.cast_zero (Mathlib.Meta.NormNum.isNat_ofNat ℝ Nat.cast_zero))))
              (Mathlib.Tactic.Linarith.add_lt_of_neg_of_le
                (Mathlib.Tactic.Linarith.lt_of_eq_of_lt (neg_eq_zero.mpr (sub_eq_zero_of_eq h))
                  (Mathlib.Tactic.Linarith.sub_neg_of_lt a))
                (Mathlib.Tactic.Linarith.sub_nonpos_of_le
                  (mul_nonneg_of_nonpos_of_nonpos (Mathlib.Tactic.Linarith.sub_nonpos_of_le hn)
                    (le_of_lt (Mathlib.Tactic.Linarith.sub_neg_of_lt a)))))))
        (Not.intro fun a =>
          Mathlib.Tactic.Linarith.lt_irrefl
            (Eq.mp
              (congrArg (fun _a => _a < 0)
                (Mathlib.Tactic.Ring.of_eq
                  (Mathlib.Tactic.Ring.Common.add_congr
                    (Mathlib.Tactic.Ring.Common.add_congr
                      (Mathlib.Tactic.Ring.Common.sub_congr
                        (Mathlib.Tactic.Ring.Common.pow_congr
                          (Mathlib.Tactic.Ring.Common.atom_pf (NLA.MI03.operatorNorm (NLA.MI03.witness k j)) rfl
                            (Eq.mpr
                              (id
                                (congrArg
                                  (fun _a =>
                                    NLA.MI03.operatorNorm (NLA.MI03.witness k j) ^ Nat.rawCast 1 * Nat.rawCast 1 =
                                      NLA.MI03.operatorNorm (NLA.MI03.witness k j) ^ Nat.rawCast 1 * _a)
                                  (Eq.symm rfl)))
                              (Eq.refl (NLA.MI03.operatorNorm (NLA.MI03.witness k j) ^ Nat.rawCast 1 * Nat.rawCast 1))))
                          (Mathlib.Tactic.Ring.cast_pos (Mathlib.Meta.NormNum.isNat_ofNat ℕ (Eq.refl 2)))
                          (Mathlib.Tactic.Ring.Common.pow_add
                            (Mathlib.Tactic.Ring.Common.single_pow
                              (Mathlib.Tactic.Ring.Common.mul_pow_mul
                                (Mathlib.Meta.NormNum.IsNat.to_raw_eq
                                  (Mathlib.Meta.NormNum.isNat_mul (Eq.refl HMul.hMul)
                                    (Mathlib.Meta.NormNum.IsNat.of_raw ℕ 1) (Mathlib.Meta.NormNum.IsNat.of_raw ℕ 2)
                                    (Eq.refl 2)))
                                (Mathlib.Tactic.Ring.Common.one_pow (Nat.rawCast 2) { out := rfl })
                                (Eq.mpr
                                  (id
                                    (congrArg
                                      (fun _a =>
                                        NLA.MI03.operatorNorm (NLA.MI03.witness k j) ^ Nat.rawCast 2 * Nat.rawCast 1 =
                                          NLA.MI03.operatorNorm (NLA.MI03.witness k j) ^ Nat.rawCast 2 * _a)
                                      (Eq.symm rfl)))
                                  (Eq.refl
                                    (NLA.MI03.operatorNorm (NLA.MI03.witness k j) ^ Nat.rawCast 2 * Nat.rawCast 1)))
                                (Mathlib.Tactic.Ring.Common.mul_pf_left (NLA.MI03.operatorNorm (NLA.MI03.witness k j))
                                  (Nat.rawCast 2)
                                  (Mathlib.Meta.NormNum.IsNat.to_raw_eq
                                    (Mathlib.Meta.NormNum.isNat_mul (Eq.refl HMul.hMul)
                                      (Mathlib.Meta.NormNum.IsNat.of_raw ℝ 1) (Mathlib.Meta.NormNum.IsNat.of_raw ℝ 1)
                                      (Eq.refl 1))))))
                            (Mathlib.Tactic.Ring.Common.pow_zero
                              (NLA.MI03.operatorNorm (NLA.MI03.witness k j) ^ Nat.rawCast 1 * Nat.rawCast 1 + 0) rfl)
                            (Mathlib.Tactic.Ring.Common.add_mul
                              (Mathlib.Tactic.Ring.Common.mul_add
                                (Mathlib.Tactic.Ring.Common.mul_pf_left (NLA.MI03.operatorNorm (NLA.MI03.witness k j))
                                  (Nat.rawCast 2)
                                  (Mathlib.Meta.NormNum.IsNat.to_raw_eq
                                    (Mathlib.Meta.NormNum.isNat_mul (Eq.refl HMul.hMul)
                                      (Mathlib.Meta.NormNum.IsNat.of_raw ℝ 1) (Mathlib.Meta.NormNum.IsNat.of_raw ℝ 1)
                                      (Eq.refl 1))))
                                (Mathlib.Tactic.Ring.Common.mul_zero
                                  (NLA.MI03.operatorNorm (NLA.MI03.witness k j) ^ Nat.rawCast 2 * Nat.rawCast 1))
                                (Mathlib.Tactic.Ring.Common.add_pf_add_zero
                                  (NLA.MI03.operatorNorm (NLA.MI03.witness k j) ^ Nat.rawCast 2 * Nat.rawCast 1 + 0)))
                              (Mathlib.Tactic.Ring.Common.zero_mul (Nat.rawCast 1 + 0))
                              (Mathlib.Tactic.Ring.Common.add_pf_add_zero
                                (NLA.MI03.operatorNorm (NLA.MI03.witness k j) ^ Nat.rawCast 2 * Nat.rawCast 1 + 0)))))
                        (Mathlib.Tactic.Ring.cast_pos (Mathlib.Meta.NormNum.isNat_ofNat ℝ Nat.cast_one))
                        (Mathlib.Tactic.Ring.Common.sub_pf
                          (Mathlib.Tactic.Ring.Common.neg_add
                            (Mathlib.Meta.NormNum.IsInt.to_raw_eq
                              (Mathlib.Meta.NormNum.isInt_neg (Eq.refl Neg.neg)
                                (Mathlib.Meta.NormNum.IsNat.to_isInt (Mathlib.Meta.NormNum.IsNat.of_raw ℝ 1))
                                (Eq.refl (Int.negOfNat 1))))
                            Mathlib.Tactic.Ring.Common.neg_zero)
                          (Mathlib.Tactic.Ring.Common.add_pf_add_gt (Int.negOfNat 1).rawCast
                            (Mathlib.Tactic.Ring.Common.add_pf_add_zero
                              (NLA.MI03.operatorNorm (NLA.MI03.witness k j) ^ Nat.rawCast 2 * Nat.rawCast 1 + 0)))))
                      (Mathlib.Tactic.Ring.Common.sub_congr
                        (Mathlib.Tactic.Ring.cast_pos (Mathlib.Meta.NormNum.isNat_ofNat ℝ Nat.cast_one))
                        (Mathlib.Tactic.Ring.Common.atom_pf (NLA.MI03.operatorNorm (NLA.MI03.witness k j)) rfl
                          (Eq.mpr
                            (id
                              (congrArg
                                (fun _a =>
                                  NLA.MI03.operatorNorm (NLA.MI03.witness k j) ^ Nat.rawCast 1 * Nat.rawCast 1 =
                                    NLA.MI03.operatorNorm (NLA.MI03.witness k j) ^ Nat.rawCast 1 * _a)
                                (Eq.symm rfl)))
                            (Eq.refl (NLA.MI03.operatorNorm (NLA.MI03.witness k j) ^ Nat.rawCast 1 * Nat.rawCast 1))))
                        (Mathlib.Tactic.Ring.Common.sub_pf
                          (Mathlib.Tactic.Ring.Common.neg_add
                            (Mathlib.Tactic.Ring.Common.neg_mul (NLA.MI03.operatorNorm (NLA.MI03.witness k j))
                              (Nat.rawCast 1)
                              (Mathlib.Meta.NormNum.IsInt.to_raw_eq
                                (Mathlib.Meta.NormNum.isInt_neg (Eq.refl Neg.neg)
                                  (Mathlib.Meta.NormNum.IsNat.to_isInt (Mathlib.Meta.NormNum.IsNat.of_raw ℝ 1))
                                  (Eq.refl (Int.negOfNat 1)))))
                            Mathlib.Tactic.Ring.Common.neg_zero)
                          (Mathlib.Tactic.Ring.Common.add_pf_add_lt (Nat.rawCast 1)
                            (Mathlib.Tactic.Ring.Common.add_pf_zero_add
                              (NLA.MI03.operatorNorm (NLA.MI03.witness k j) ^ Nat.rawCast 1 * (Int.negOfNat 1).rawCast +
                                0)))))
                      (Mathlib.Tactic.Ring.Common.add_pf_add_overlap_zero
                        (Mathlib.Meta.NormNum.IsInt.to_isNat
                          (Mathlib.Meta.NormNum.isInt_add (Eq.refl HAdd.hAdd)
                            (Mathlib.Meta.NormNum.IsInt.of_raw ℝ (Int.negOfNat 1))
                            (Mathlib.Meta.NormNum.IsNat.to_isInt (Mathlib.Meta.NormNum.IsNat.of_raw ℝ 1))
                            (Eq.refl (Int.ofNat 0))))
                        (Mathlib.Tactic.Ring.Common.add_pf_add_gt
                          (NLA.MI03.operatorNorm (NLA.MI03.witness k j) ^ Nat.rawCast 1 * (Int.negOfNat 1).rawCast)
                          (Mathlib.Tactic.Ring.Common.add_pf_add_zero
                            (NLA.MI03.operatorNorm (NLA.MI03.witness k j) ^ Nat.rawCast 2 * Nat.rawCast 1 + 0)))))
                    (Mathlib.Tactic.Ring.Common.sub_congr
                      (Mathlib.Tactic.Ring.cast_zero (Mathlib.Meta.NormNum.isNat_ofNat ℝ Nat.cast_zero))
                      (Mathlib.Tactic.Ring.Common.mul_congr
                        (Mathlib.Tactic.Ring.Common.sub_congr
                          (Mathlib.Tactic.Ring.cast_zero (Mathlib.Meta.NormNum.isNat_ofNat ℝ Nat.cast_zero))
                          (Mathlib.Tactic.Ring.Common.atom_pf (NLA.MI03.operatorNorm (NLA.MI03.witness k j)) rfl
                            (Eq.mpr
                              (id
                                (congrArg
                                  (fun _a =>
                                    NLA.MI03.operatorNorm (NLA.MI03.witness k j) ^ Nat.rawCast 1 * Nat.rawCast 1 =
                                      NLA.MI03.operatorNorm (NLA.MI03.witness k j) ^ Nat.rawCast 1 * _a)
                                  (Eq.symm rfl)))
                              (Eq.refl (NLA.MI03.operatorNorm (NLA.MI03.witness k j) ^ Nat.rawCast 1 * Nat.rawCast 1))))
                          (Mathlib.Tactic.Ring.Common.sub_pf
                            (Mathlib.Tactic.Ring.Common.neg_add
                              (Mathlib.Tactic.Ring.Common.neg_mul (NLA.MI03.operatorNorm (NLA.MI03.witness k j))
                                (Nat.rawCast 1)
                                (Mathlib.Meta.NormNum.IsInt.to_raw_eq
                                  (Mathlib.Meta.NormNum.isInt_neg (Eq.refl Neg.neg)
                                    (Mathlib.Meta.NormNum.IsNat.to_isInt (Mathlib.Meta.NormNum.IsNat.of_raw ℝ 1))
                                    (Eq.refl (Int.negOfNat 1)))))
                              Mathlib.Tactic.Ring.Common.neg_zero)
                            (Mathlib.Tactic.Ring.Common.add_pf_zero_add
                              (NLA.MI03.operatorNorm (NLA.MI03.witness k j) ^ Nat.rawCast 1 * (Int.negOfNat 1).rawCast +
                                0))))
                        (Mathlib.Tactic.Ring.Common.sub_congr
                          (Mathlib.Tactic.Ring.cast_pos (Mathlib.Meta.NormNum.isNat_ofNat ℝ Nat.cast_one))
                          (Mathlib.Tactic.Ring.Common.atom_pf (NLA.MI03.operatorNorm (NLA.MI03.witness k j)) rfl
                            (Eq.mpr
                              (id
                                (congrArg
                                  (fun _a =>
                                    NLA.MI03.operatorNorm (NLA.MI03.witness k j) ^ Nat.rawCast 1 * Nat.rawCast 1 =
                                      NLA.MI03.operatorNorm (NLA.MI03.witness k j) ^ Nat.rawCast 1 * _a)
                                  (Eq.symm rfl)))
                              (Eq.refl (NLA.MI03.operatorNorm (NLA.MI03.witness k j) ^ Nat.rawCast 1 * Nat.rawCast 1))))
                          (Mathlib.Tactic.Ring.Common.sub_pf
                            (Mathlib.Tactic.Ring.Common.neg_add
                              (Mathlib.Tactic.Ring.Common.neg_mul (NLA.MI03.operatorNorm (NLA.MI03.witness k j))
                                (Nat.rawCast 1)
                                (Mathlib.Meta.NormNum.IsInt.to_raw_eq
                                  (Mathlib.Meta.NormNum.isInt_neg (Eq.refl Neg.neg)
                                    (Mathlib.Meta.NormNum.IsNat.to_isInt (Mathlib.Meta.NormNum.IsNat.of_raw ℝ 1))
                                    (Eq.refl (Int.negOfNat 1)))))
                              Mathlib.Tactic.Ring.Common.neg_zero)
                            (Mathlib.Tactic.Ring.Common.add_pf_add_lt (Nat.rawCast 1)
                              (Mathlib.Tactic.Ring.Common.add_pf_zero_add
                                (NLA.MI03.operatorNorm (NLA.MI03.witness k j) ^ Nat.rawCast 1 *
                                    (Int.negOfNat 1).rawCast +
                                  0)))))
                        (Mathlib.Tactic.Ring.Common.add_mul
                          (Mathlib.Tactic.Ring.Common.mul_add
                            (Mathlib.Tactic.Ring.Common.mul_pf_left (NLA.MI03.operatorNorm (NLA.MI03.witness k j))
                              (Nat.rawCast 1)
                              (Mathlib.Meta.NormNum.IsInt.to_raw_eq
                                (Mathlib.Meta.NormNum.isInt_mul (Eq.refl HMul.hMul)
                                  (Mathlib.Meta.NormNum.IsInt.of_raw ℝ (Int.negOfNat 1))
                                  (Mathlib.Meta.NormNum.IsNat.to_isInt (Mathlib.Meta.NormNum.IsNat.of_raw ℝ 1))
                                  (Eq.refl (Int.negOfNat 1)))))
                            (Mathlib.Tactic.Ring.Common.mul_add
                              (Mathlib.Tactic.Ring.Common.mul_pp_pf_overlap
                                (NLA.MI03.operatorNorm (NLA.MI03.witness k j))
                                (Mathlib.Meta.NormNum.IsNat.to_raw_eq
                                  (Mathlib.Meta.NormNum.isNat_add (Eq.refl HAdd.hAdd)
                                    (Mathlib.Meta.NormNum.IsNat.of_raw ℕ 1) (Mathlib.Meta.NormNum.IsNat.of_raw ℕ 1)
                                    (Eq.refl 2)))
                                (Mathlib.Meta.NormNum.IsNat.to_raw_eq
                                  (Mathlib.Meta.NormNum.IsInt.to_isNat
                                    (Mathlib.Meta.NormNum.isInt_mul (Eq.refl HMul.hMul)
                                      (Mathlib.Meta.NormNum.IsInt.of_raw ℝ (Int.negOfNat 1))
                                      (Mathlib.Meta.NormNum.IsInt.of_raw ℝ (Int.negOfNat 1)) (Eq.refl (Int.ofNat 1))))))
                              (Mathlib.Tactic.Ring.Common.mul_zero
                                (NLA.MI03.operatorNorm (NLA.MI03.witness k j) ^ Nat.rawCast 1 *
                                  (Int.negOfNat 1).rawCast))
                              (Mathlib.Tactic.Ring.Common.add_pf_add_zero
                                (NLA.MI03.operatorNorm (NLA.MI03.witness k j) ^ Nat.rawCast 2 * Nat.rawCast 1 + 0)))
                            (Mathlib.Tactic.Ring.Common.add_pf_add_lt
                              (NLA.MI03.operatorNorm (NLA.MI03.witness k j) ^ Nat.rawCast 1 * (Int.negOfNat 1).rawCast)
                              (Mathlib.Tactic.Ring.Common.add_pf_zero_add
                                (NLA.MI03.operatorNorm (NLA.MI03.witness k j) ^ Nat.rawCast 2 * Nat.rawCast 1 + 0))))
                          (Mathlib.Tactic.Ring.Common.zero_mul
                            (Nat.rawCast 1 +
                              (NLA.MI03.operatorNorm (NLA.MI03.witness k j) ^ Nat.rawCast 1 * (Int.negOfNat 1).rawCast +
                                0)))
                          (Mathlib.Tactic.Ring.Common.add_pf_add_zero
                            (NLA.MI03.operatorNorm (NLA.MI03.witness k j) ^ Nat.rawCast 1 * (Int.negOfNat 1).rawCast +
                              (NLA.MI03.operatorNorm (NLA.MI03.witness k j) ^ Nat.rawCast 2 * Nat.rawCast 1 + 0)))))
                      (Mathlib.Tactic.Ring.Common.sub_pf
                        (Mathlib.Tactic.Ring.Common.neg_add
                          (Mathlib.Tactic.Ring.Common.neg_mul (NLA.MI03.operatorNorm (NLA.MI03.witness k j))
                            (Nat.rawCast 1)
                            (Mathlib.Meta.NormNum.IsNat.to_raw_eq
                              (Mathlib.Meta.NormNum.IsInt.to_isNat
                                (Mathlib.Meta.NormNum.isInt_neg (Eq.refl Neg.neg)
                                  (Mathlib.Meta.NormNum.IsInt.of_raw ℝ (Int.negOfNat 1)) (Eq.refl (Int.ofNat 1))))))
                          (Mathlib.Tactic.Ring.Common.neg_add
                            (Mathlib.Tactic.Ring.Common.neg_mul (NLA.MI03.operatorNorm (NLA.MI03.witness k j))
                              (Nat.rawCast 2)
                              (Mathlib.Meta.NormNum.IsInt.to_raw_eq
                                (Mathlib.Meta.NormNum.isInt_neg (Eq.refl Neg.neg)
                                  (Mathlib.Meta.NormNum.IsNat.to_isInt (Mathlib.Meta.NormNum.IsNat.of_raw ℝ 1))
                                  (Eq.refl (Int.negOfNat 1)))))
                            Mathlib.Tactic.Ring.Common.neg_zero))
                        (Mathlib.Tactic.Ring.Common.add_pf_zero_add
                          (NLA.MI03.operatorNorm (NLA.MI03.witness k j) ^ Nat.rawCast 1 * Nat.rawCast 1 +
                            (NLA.MI03.operatorNorm (NLA.MI03.witness k j) ^ Nat.rawCast 2 * (Int.negOfNat 1).rawCast +
                              0)))))
                    (Mathlib.Tactic.Ring.Common.add_pf_add_overlap_zero
                      (Mathlib.Tactic.Ring.Common.add_overlap_pf_zero (NLA.MI03.operatorNorm (NLA.MI03.witness k j))
                        (Nat.rawCast 1)
                        (Mathlib.Meta.NormNum.IsInt.to_isNat
                          (Mathlib.Meta.NormNum.isInt_add (Eq.refl HAdd.hAdd)
                            (Mathlib.Meta.NormNum.IsInt.of_raw ℝ (Int.negOfNat 1))
                            (Mathlib.Meta.NormNum.IsNat.to_isInt (Mathlib.Meta.NormNum.IsNat.of_raw ℝ 1))
                            (Eq.refl (Int.ofNat 0)))))
                      (Mathlib.Tactic.Ring.Common.add_pf_add_overlap_zero
                        (Mathlib.Tactic.Ring.Common.add_overlap_pf_zero (NLA.MI03.operatorNorm (NLA.MI03.witness k j))
                          (Nat.rawCast 2)
                          (Mathlib.Meta.NormNum.IsInt.to_isNat
                            (Mathlib.Meta.NormNum.isInt_add (Eq.refl HAdd.hAdd)
                              (Mathlib.Meta.NormNum.IsNat.to_isInt (Mathlib.Meta.NormNum.IsNat.of_raw ℝ 1))
                              (Mathlib.Meta.NormNum.IsInt.of_raw ℝ (Int.negOfNat 1)) (Eq.refl (Int.ofNat 0)))))
                        (Mathlib.Tactic.Ring.Common.add_pf_zero_add 0))))
                  (Mathlib.Tactic.Ring.cast_zero (Mathlib.Meta.NormNum.isNat_ofNat ℝ Nat.cast_zero))))
              (Mathlib.Tactic.Linarith.add_lt_of_neg_of_le
                (Mathlib.Tactic.Linarith.lt_of_eq_of_lt (sub_eq_zero_of_eq h) (Mathlib.Tactic.Linarith.sub_neg_of_lt a))
                (Mathlib.Tactic.Linarith.sub_nonpos_of_le
                  (mul_nonneg_of_nonpos_of_nonpos (Mathlib.Tactic.Linarith.sub_nonpos_of_le hn)
                    (le_of_lt (Mathlib.Tactic.Linarith.sub_neg_of_lt a))))))))
    hn
theorem NLA.MI03.lower_bound_proved : ∀ (k : ℕ), 2 ≤ k → ∀ (c : ℝ), NLA.MI03.AdmissibleConstant k c → ↑k / 4 ≤ c :=
fun k hk c hc =>
  have hPSD :=
    hc.right 2 (of_decide_eq_true (id (Eq.refl true))) (NLA.MI03.witness k) fun j =>
      Eq.le (NLA.MI03.witness_norm k hk j);
  have he :=
    Eq.mpr
      (id
        (congrArg (fun _a => NLA.MI03.errorGap (NLA.MI03.witness k) c = ↑c • 1 - _a)
          (Eq.symm (NLA.MI03.witness_difference k hk))))
      (id (NLA.MI03.lower_bound_proved._abel_1_1 k c));
  have hd := Matrix.PosSemidef.diag_nonneg (Eq.mp (congrArg (fun _a => Matrix.PosSemidef _a) he) hPSD);
  have hreal := (Complex.nonneg_iff.mp hd).left;
  le_of_not_gt fun a =>
    Mathlib.Tactic.Linarith.lt_irrefl
      (Eq.mp
        (congrArg (fun _a => _a < 0)
          (Mathlib.Tactic.Ring.of_eq
            (Mathlib.Tactic.Ring.Common.add_congr
              (Mathlib.Tactic.Ring.Common.sub_congr
                (Mathlib.Tactic.Ring.Common.mul_congr
                  (Mathlib.Tactic.Ring.cast_pos (Mathlib.Meta.NormNum.isNat_ofNat ℝ Nat.cast_one))
                  (Mathlib.Tactic.Ring.Common.atom_pf (↑k) rfl
                    (Eq.mpr
                      (id
                        (congrArg (fun _a => ↑k ^ Nat.rawCast 1 * Nat.rawCast 1 = ↑k ^ Nat.rawCast 1 * _a)
                          (Eq.symm rfl)))
                      (Eq.refl (↑k ^ Nat.rawCast 1 * Nat.rawCast 1))))
                  (Mathlib.Tactic.Ring.Common.add_mul
                    (Mathlib.Tactic.Ring.Common.mul_add
                      (Mathlib.Tactic.Ring.Common.mul_pf_right (↑k) (Nat.rawCast 1)
                        (Mathlib.Meta.NormNum.IsNat.to_raw_eq
                          (Mathlib.Meta.NormNum.isNat_mul (Eq.refl HMul.hMul) (Mathlib.Meta.NormNum.IsNat.of_raw ℝ 1)
                            (Mathlib.Meta.NormNum.IsNat.of_raw ℝ 1) (Eq.refl 1))))
                      (Mathlib.Tactic.Ring.Common.mul_zero (Nat.rawCast 1))
                      (Mathlib.Tactic.Ring.Common.add_pf_add_zero (↑k ^ Nat.rawCast 1 * Nat.rawCast 1 + 0)))
                    (Mathlib.Tactic.Ring.Common.zero_mul (↑k ^ Nat.rawCast 1 * Nat.rawCast 1 + 0))
                    (Mathlib.Tactic.Ring.Common.add_pf_add_zero (↑k ^ Nat.rawCast 1 * Nat.rawCast 1 + 0))))
                (Mathlib.Tactic.Ring.Common.mul_congr
                  (Mathlib.Tactic.Ring.cast_pos (Mathlib.Meta.NormNum.isNat_ofNat ℝ (Eq.refl 4)))
                  (Mathlib.Tactic.Ring.Common.atom_pf c rfl
                    (Eq.mpr
                      (id
                        (congrArg (fun _a => c ^ Nat.rawCast 1 * Nat.rawCast 1 = c ^ Nat.rawCast 1 * _a) (Eq.symm rfl)))
                      (Eq.refl (c ^ Nat.rawCast 1 * Nat.rawCast 1))))
                  (Mathlib.Tactic.Ring.Common.add_mul
                    (Mathlib.Tactic.Ring.Common.mul_add
                      (Mathlib.Tactic.Ring.Common.mul_pf_right c (Nat.rawCast 1)
                        (Mathlib.Meta.NormNum.IsNat.to_raw_eq
                          (Mathlib.Meta.NormNum.isNat_mul (Eq.refl HMul.hMul) (Mathlib.Meta.NormNum.IsNat.of_raw ℝ 4)
                            (Mathlib.Meta.NormNum.IsNat.of_raw ℝ 1) (Eq.refl 4))))
                      (Mathlib.Tactic.Ring.Common.mul_zero (Nat.rawCast 4))
                      (Mathlib.Tactic.Ring.Common.add_pf_add_zero (c ^ Nat.rawCast 1 * Nat.rawCast 4 + 0)))
                    (Mathlib.Tactic.Ring.Common.zero_mul (c ^ Nat.rawCast 1 * Nat.rawCast 1 + 0))
                    (Mathlib.Tactic.Ring.Common.add_pf_add_zero (c ^ Nat.rawCast 1 * Nat.rawCast 4 + 0))))
                (Mathlib.Tactic.Ring.Common.sub_pf
                  (Mathlib.Tactic.Ring.Common.neg_add
                    (Mathlib.Tactic.Ring.Common.neg_mul c (Nat.rawCast 1)
                      (Mathlib.Meta.NormNum.IsInt.to_raw_eq
                        (Mathlib.Meta.NormNum.isInt_neg (Eq.refl Neg.neg)
                          (Mathlib.Meta.NormNum.IsNat.to_isInt (Mathlib.Meta.NormNum.IsNat.of_raw ℝ 4))
                          (Eq.refl (Int.negOfNat 4)))))
                    Mathlib.Tactic.Ring.Common.neg_zero)
                  (Mathlib.Tactic.Ring.Common.add_pf_add_lt (↑k ^ Nat.rawCast 1 * Nat.rawCast 1)
                    (Mathlib.Tactic.Ring.Common.add_pf_zero_add (c ^ Nat.rawCast 1 * (Int.negOfNat 4).rawCast + 0)))))
              (Mathlib.Tactic.Ring.Common.sub_congr
                (Mathlib.Tactic.Ring.Common.mul_congr
                  (Mathlib.Tactic.Ring.cast_pos (Mathlib.Meta.NormNum.isNat_ofNat ℝ (Eq.refl 4)))
                  (Mathlib.Tactic.Ring.Common.atom_pf c rfl
                    (Eq.mpr
                      (id
                        (congrArg (fun _a => c ^ Nat.rawCast 1 * Nat.rawCast 1 = c ^ Nat.rawCast 1 * _a) (Eq.symm rfl)))
                      (Eq.refl (c ^ Nat.rawCast 1 * Nat.rawCast 1))))
                  (Mathlib.Tactic.Ring.Common.add_mul
                    (Mathlib.Tactic.Ring.Common.mul_add
                      (Mathlib.Tactic.Ring.Common.mul_pf_right c (Nat.rawCast 1)
                        (Mathlib.Meta.NormNum.IsNat.to_raw_eq
                          (Mathlib.Meta.NormNum.isNat_mul (Eq.refl HMul.hMul) (Mathlib.Meta.NormNum.IsNat.of_raw ℝ 4)
                            (Mathlib.Meta.NormNum.IsNat.of_raw ℝ 1) (Eq.refl 4))))
                      (Mathlib.Tactic.Ring.Common.mul_zero (Nat.rawCast 4))
                      (Mathlib.Tactic.Ring.Common.add_pf_add_zero (c ^ Nat.rawCast 1 * Nat.rawCast 4 + 0)))
                    (Mathlib.Tactic.Ring.Common.zero_mul (c ^ Nat.rawCast 1 * Nat.rawCast 1 + 0))
                    (Mathlib.Tactic.Ring.Common.add_pf_add_zero (c ^ Nat.rawCast 1 * Nat.rawCast 4 + 0))))
                (Mathlib.Tactic.Ring.Common.mul_congr
                  (Mathlib.Tactic.Ring.cast_pos (Mathlib.Meta.NormNum.isNat_ofNat ℝ Nat.cast_one))
                  (Mathlib.Tactic.Ring.Common.atom_pf (↑k) rfl
                    (Eq.mpr
                      (id
                        (congrArg (fun _a => ↑k ^ Nat.rawCast 1 * Nat.rawCast 1 = ↑k ^ Nat.rawCast 1 * _a)
                          (Eq.symm rfl)))
                      (Eq.refl (↑k ^ Nat.rawCast 1 * Nat.rawCast 1))))
                  (Mathlib.Tactic.Ring.Common.add_mul
                    (Mathlib.Tactic.Ring.Common.mul_add
                      (Mathlib.Tactic.Ring.Common.mul_pf_right (↑k) (Nat.rawCast 1)
                        (Mathlib.Meta.NormNum.IsNat.to_raw_eq
                          (Mathlib.Meta.NormNum.isNat_mul (Eq.refl HMul.hMul) (Mathlib.Meta.NormNum.IsNat.of_raw ℝ 1)
                            (Mathlib.Meta.NormNum.IsNat.of_raw ℝ 1) (Eq.refl 1))))
                      (Mathlib.Tactic.Ring.Common.mul_zero (Nat.rawCast 1))
                      (Mathlib.Tactic.Ring.Common.add_pf_add_zero (↑k ^ Nat.rawCast 1 * Nat.rawCast 1 + 0)))
                    (Mathlib.Tactic.Ring.Common.zero_mul (↑k ^ Nat.rawCast 1 * Nat.rawCast 1 + 0))
                    (Mathlib.Tactic.Ring.Common.add_pf_add_zero (↑k ^ Nat.rawCast 1 * Nat.rawCast 1 + 0))))
                (Mathlib.Tactic.Ring.Common.sub_pf
                  (Mathlib.Tactic.Ring.Common.neg_add
                    (Mathlib.Tactic.Ring.Common.neg_mul (↑k) (Nat.rawCast 1)
                      (Mathlib.Meta.NormNum.IsInt.to_raw_eq
                        (Mathlib.Meta.NormNum.isInt_neg (Eq.refl Neg.neg)
                          (Mathlib.Meta.NormNum.IsNat.to_isInt (Mathlib.Meta.NormNum.IsNat.of_raw ℝ 1))
                          (Eq.refl (Int.negOfNat 1)))))
                    Mathlib.Tactic.Ring.Common.neg_zero)
                  (Mathlib.Tactic.Ring.Common.add_pf_add_gt (↑k ^ Nat.rawCast 1 * (Int.negOfNat 1).rawCast)
                    (Mathlib.Tactic.Ring.Common.add_pf_add_zero (c ^ Nat.rawCast 1 * Nat.rawCast 4 + 0)))))
              (Mathlib.Tactic.Ring.Common.add_pf_add_overlap_zero
                (Mathlib.Tactic.Ring.Common.add_overlap_pf_zero (↑k) (Nat.rawCast 1)
                  (Mathlib.Meta.NormNum.IsInt.to_isNat
                    (Mathlib.Meta.NormNum.isInt_add (Eq.refl HAdd.hAdd)
                      (Mathlib.Meta.NormNum.IsNat.to_isInt (Mathlib.Meta.NormNum.IsNat.of_raw ℝ 1))
                      (Mathlib.Meta.NormNum.IsInt.of_raw ℝ (Int.negOfNat 1)) (Eq.refl (Int.ofNat 0)))))
                (Mathlib.Tactic.Ring.Common.add_pf_add_overlap_zero
                  (Mathlib.Tactic.Ring.Common.add_overlap_pf_zero c (Nat.rawCast 1)
                    (Mathlib.Meta.NormNum.IsInt.to_isNat
                      (Mathlib.Meta.NormNum.isInt_add (Eq.refl HAdd.hAdd)
                        (Mathlib.Meta.NormNum.IsInt.of_raw ℝ (Int.negOfNat 4))
                        (Mathlib.Meta.NormNum.IsNat.to_isInt (Mathlib.Meta.NormNum.IsNat.of_raw ℝ 4))
                        (Eq.refl (Int.ofNat 0)))))
                  (Mathlib.Tactic.Ring.Common.add_pf_zero_add 0))))
            (Mathlib.Tactic.Ring.cast_zero (Mathlib.Meta.NormNum.isNat_ofNat ℝ Nat.cast_zero))))
        (Mathlib.Tactic.Linarith.add_lt_of_le_of_neg
          (Eq.mp
            (congrArg (fun _a => _a ≤ 0)
              (Mathlib.Tactic.CancelDenoms.sub_subst
                (Mathlib.Tactic.CancelDenoms.div_subst rfl
                  (Mathlib.Meta.NormNum.isNat_eq_true
                    (Mathlib.Meta.NormNum.IsNNRat.to_isNat
                      (Mathlib.Meta.NormNum.isNNRat_div
                        (Mathlib.Meta.NormNum.IsNat.to_isNNRat
                          (Mathlib.Meta.NormNum.IsNNRat.to_isNat
                            (Mathlib.Meta.NormNum.isNNRat_mul (Eq.refl HMul.hMul)
                              (Mathlib.Meta.NormNum.IsNat.to_isNNRat (Mathlib.Meta.NormNum.isNat_ofNat ℝ (Eq.refl 4)))
                              (Mathlib.Meta.NormNum.isNNRat_inv_pos
                                (Mathlib.Meta.NormNum.IsNat.to_isNNRat
                                  (Mathlib.Meta.NormNum.isNat_ofNat ℝ (Eq.refl 4))))
                              (Eq.refl (Nat.mul 4 1)) (Eq.refl 4))))))
                    (Mathlib.Meta.NormNum.isNat_ofNat ℝ Nat.cast_one))
                  (Mathlib.Meta.NormNum.isNat_eq_true
                    (Mathlib.Meta.NormNum.isNat_mul (Eq.refl HMul.hMul)
                      (Mathlib.Meta.NormNum.isNat_ofNat ℝ Nat.cast_one) (Mathlib.Meta.NormNum.isNat_ofNat ℝ (Eq.refl 4))
                      (Eq.refl 4))
                    (Mathlib.Meta.NormNum.isNat_ofNat ℝ (Eq.refl 4))))
                rfl))
            (Mathlib.Tactic.Linarith.mul_nonpos
              (Mathlib.Tactic.Linarith.sub_nonpos_of_le
                (Eq.mp
                  (Eq.trans
                    (congrArg (LE.le 0)
                      (Eq.trans
                        (congrArg Complex.re
                          (Eq.trans
                            (congrFun'
                              (congrFun'
                                (congrArg (HSub.hSub (c • 1))
                                  (congrArg Matrix.diagonal
                                    (congrArg (Matrix.vecCons (↑k / 4))
                                      (congrFun'
                                        (congrArg Matrix.vecCons (congrFun' (congrArg HDiv.hDiv (neg_mul 3 ↑k)) 4))
                                        ![]))))
                                0)
                              0)
                            (congr
                              (congrArg HSub.hSub
                                (Eq.trans (congrArg (HSMul.hSMul c) (Matrix.one_apply_eq 0)) (mul_one ↑c)))
                              (Matrix.diagonal_apply_eq ![↑k / 4, -(3 * ↑k) / 4] 0))))
                        (congrArg (HSub.hSub c) (Complex.div_ofNat_re (↑k) 4))))
                    sub_nonneg._simp_1)
                  hreal))
              (Mathlib.Meta.NormNum.isNat_lt_true (Mathlib.Meta.NormNum.isNat_ofNat ℝ Nat.cast_zero)
                (Mathlib.Meta.NormNum.isNat_ofNat ℝ (Eq.refl 4)) (Eq.refl false))))
          (Eq.mp
            (congrArg (fun _a => _a < 0)
              (Mathlib.Tactic.CancelDenoms.sub_subst rfl
                (Mathlib.Tactic.CancelDenoms.div_subst rfl
                  (Mathlib.Meta.NormNum.isNat_eq_true
                    (Mathlib.Meta.NormNum.IsNNRat.to_isNat
                      (Mathlib.Meta.NormNum.isNNRat_div
                        (Mathlib.Meta.NormNum.IsNat.to_isNNRat
                          (Mathlib.Meta.NormNum.IsNNRat.to_isNat
                            (Mathlib.Meta.NormNum.isNNRat_mul (Eq.refl HMul.hMul)
                              (Mathlib.Meta.NormNum.IsNat.to_isNNRat (Mathlib.Meta.NormNum.isNat_ofNat ℝ (Eq.refl 4)))
                              (Mathlib.Meta.NormNum.isNNRat_inv_pos
                                (Mathlib.Meta.NormNum.IsNat.to_isNNRat
                                  (Mathlib.Meta.NormNum.isNat_ofNat ℝ (Eq.refl 4))))
                              (Eq.refl (Nat.mul 4 1)) (Eq.refl 4))))))
                    (Mathlib.Meta.NormNum.isNat_ofNat ℝ Nat.cast_one))
                  (Mathlib.Meta.NormNum.isNat_eq_true
                    (Mathlib.Meta.NormNum.isNat_mul (Eq.refl HMul.hMul)
                      (Mathlib.Meta.NormNum.isNat_ofNat ℝ Nat.cast_one) (Mathlib.Meta.NormNum.isNat_ofNat ℝ (Eq.refl 4))
                      (Eq.refl 4))
                    (Mathlib.Meta.NormNum.isNat_ofNat ℝ (Eq.refl 4))))))
            (Mathlib.Tactic.Linarith.mul_neg (Mathlib.Tactic.Linarith.sub_neg_of_lt a)
              (Mathlib.Meta.NormNum.isNat_lt_true (Mathlib.Meta.NormNum.isNat_ofNat ℝ Nat.cast_zero)
                (Mathlib.Meta.NormNum.isNat_ofNat ℝ (Eq.refl 4)) (Eq.refl false))))))
theorem NLA.MI03.sharp_constant_proved : ∀ (k : ℕ),
  2 ≤ k → IsLeast (NLA.MI03.admissibleConstants k) (↑k / 4) ∧ NLA.MI03.sharpConstant k = ↑k / 4 :=
fun k hk =>
  have hl := ⟨NLA.MI03.universal_upper_bound_proved k hk, fun c hc => NLA.MI03.lower_bound_proved k hk c hc⟩;
  ⟨hl, IsLeast.csInf_eq hl⟩
theorem NLA.MI03.odd_contraction_conjecture_proved : NLA.MI03.OddContractionConjecture :=
fun k hk _hodd =>
  (NLA.MI03.sharp_constant_proved k
      (Decidable.byContradiction fun a => NLA.MI03.odd_contraction_conjecture_proved._proof_1_1 k hk a)).right
