2026-09-15T23:44:56.7524618Z Current runner version: '2.337.0'
2026-09-15T23:44:56.7550033Z ##[group]Runner Image Provisioner
2026-09-15T23:44:56.7551109Z Hosted Compute Agent
2026-09-15T23:44:56.7551715Z Version: 20260828.587
2026-09-15T23:44:56.7552429Z Commit: abac92662cab4cc7352de4f9f9d2e2419aad9c29
2026-09-15T23:44:56.7553198Z Build Date: 2026-08-28T16:44:25Z
2026-09-15T23:44:56.7553955Z Worker ID: {89e6f3e3-3324-417c-b35c-6180afdb1f9b}
2026-09-15T23:44:56.7554696Z Azure Region: northcentralus
2026-09-15T23:44:56.7555336Z ##[endgroup]
2026-09-15T23:44:56.7556882Z ##[group]Operating System
2026-09-15T23:44:56.7557562Z Ubuntu
2026-09-15T23:44:56.7558431Z 24.04.5
2026-09-15T23:44:56.7559052Z LTS
2026-09-15T23:44:56.7559567Z ##[endgroup]
2026-09-15T23:44:56.7560147Z ##[group]Runner Image
2026-09-15T23:44:56.7561060Z Image: ubuntu-24.04
2026-09-15T23:44:56.7561628Z Version: 20260907.300.1
2026-09-15T23:44:56.7562969Z Included Software: https://github.com/actions/runner-images/blob/ubuntu24/20260907.300/images/ubuntu/Ubuntu2404-Readme.md
2026-09-15T23:44:56.7564566Z Image Release: https://github.com/actions/runner-images/releases/tag/ubuntu24%2F20260907.300
2026-09-15T23:44:56.7565630Z ##[endgroup]
2026-09-15T23:44:56.7566721Z ##[group]GITHUB_TOKEN Permissions
2026-09-15T23:44:56.7568630Z Contents: read
2026-09-15T23:44:56.7569222Z Metadata: read
2026-09-15T23:44:56.7569924Z ##[endgroup]
2026-09-15T23:44:56.7572667Z Secret source: Actions
2026-09-15T23:44:56.7573718Z Cache mode: write
2026-09-15T23:44:56.7574621Z Prepare workflow directory
2026-09-15T23:44:56.8025840Z Prepare all required actions
2026-09-15T23:44:56.8096286Z Getting action download info
2026-09-15T23:44:57.0440305Z Download action repository 'actions/checkout@11d5960a326750d5838078e36cf38b85af677262' (SHA:11d5960a326750d5838078e36cf38b85af677262)
2026-09-15T23:44:57.1368432Z Download action repository 'actions/setup-go@924ae3a1cded613372ab5595356fb5720e22ba16' (SHA:924ae3a1cded613372ab5595356fb5720e22ba16)
2026-09-15T23:44:57.4845304Z Download action repository 'leanprover/lean-action@96e06131c0e9943c780388fd166f55d1e2fa0433' (SHA:96e06131c0e9943c780388fd166f55d1e2fa0433)
2026-09-15T23:44:57.6678854Z Download action repository 'actions/upload-artifact@ea165f8d65b6e75b540449e92b4886f43607fa02' (SHA:ea165f8d65b6e75b540449e92b4886f43607fa02)
2026-09-15T23:44:57.9008448Z Getting action download info
2026-09-15T23:44:57.9812567Z Download action repository 'actions/cache@v5' (SHA:caa296126883cff596d87d8935842f9db880ef25)
2026-09-15T23:44:58.1801390Z Complete job name: verify (MF-12, matrix-functions-and-stability/MF-12/lean)
2026-09-15T23:44:58.2788741Z Node 20 is being deprecated. This workflow is running with Node 24 by default. If you need to temporarily use Node 20, you can set the ACTIONS_ALLOW_USE_UNSECURE_NODE_VERSION=true environment variable. For more information see: https://github.blog/changelog/2025-09-19-deprecation-of-node-20-on-github-actions-runners/
2026-09-15T23:44:58.2799930Z ##[group]Run actions/checkout@11d5960a326750d5838078e36cf38b85af677262
2026-09-15T23:44:58.2801777Z with:
2026-09-15T23:44:58.2802591Z   persist-credentials: false
2026-09-15T23:44:58.2803618Z   repository: sgstepaniants/OpenProblemsInNLA
2026-09-15T23:44:58.2813397Z   token: ***
2026-09-15T23:44:58.2814194Z   ssh-strict: true
2026-09-15T23:44:58.2814994Z   ssh-user: git
2026-09-15T23:44:58.2815759Z   clean: true
2026-09-15T23:44:58.2816576Z   sparse-checkout-cone-mode: true
2026-09-15T23:44:58.2817547Z   fetch-depth: 1
2026-09-15T23:44:58.2818349Z   fetch-tags: false
2026-09-15T23:44:58.2819154Z   show-progress: true
2026-09-15T23:44:58.2820023Z   lfs: false
2026-09-15T23:44:58.2820938Z   submodules: false
2026-09-15T23:44:58.2821778Z   set-safe-directory: true
2026-09-15T23:44:58.2822724Z   allow-unsafe-pr-checkout: false
2026-09-15T23:44:58.2824020Z ##[endgroup]
2026-09-15T23:44:58.3851116Z Syncing repository: sgstepaniants/OpenProblemsInNLA
2026-09-15T23:44:58.3855340Z ##[group]Getting Git version info
2026-09-15T23:44:58.3857790Z Working directory is '/home/runner/work/OpenProblemsInNLA/OpenProblemsInNLA'
2026-09-15T23:44:58.3862000Z [command]/usr/bin/git version
2026-09-15T23:44:58.3894136Z git version 2.55.0
2026-09-15T23:44:58.3917828Z ##[endgroup]
2026-09-15T23:44:58.3933848Z Temporarily overriding HOME='/home/runner/work/_temp/4bc0a82a-825c-48dc-b18a-0ae487948131' before making global git config changes
2026-09-15T23:44:58.3938378Z Adding repository directory to the temporary git global config as a safe directory
2026-09-15T23:44:58.3942689Z [command]/usr/bin/git config --global --add safe.directory /home/runner/work/OpenProblemsInNLA/OpenProblemsInNLA
2026-09-15T23:44:58.3990637Z Deleting the contents of '/home/runner/work/OpenProblemsInNLA/OpenProblemsInNLA'
2026-09-15T23:44:58.3996140Z ##[group]Initializing the repository
2026-09-15T23:44:58.4007502Z [command]/usr/bin/git init /home/runner/work/OpenProblemsInNLA/OpenProblemsInNLA
2026-09-15T23:44:58.4101088Z hint: Using 'master' as the name for the initial branch. This default branch name
2026-09-15T23:44:58.4103316Z hint: will change to "main" in Git 3.0. To configure the initial branch name
2026-09-15T23:44:58.4105719Z hint: to use in all of your new repositories, which will suppress this warning,
2026-09-15T23:44:58.4107437Z hint: call:
2026-09-15T23:44:58.4108179Z hint:
2026-09-15T23:44:58.4109131Z hint: 	git config --global init.defaultBranch <name>
2026-09-15T23:44:58.4110269Z hint:
2026-09-15T23:44:58.4111724Z hint: Names commonly chosen instead of 'master' are 'main', 'trunk' and
2026-09-15T23:44:58.4113523Z hint: 'development'. The just-created branch can be renamed via this command:
2026-09-15T23:44:58.4114913Z hint:
2026-09-15T23:44:58.4115658Z hint: 	git branch -m <name>
2026-09-15T23:44:58.4116587Z hint:
2026-09-15T23:44:58.4117752Z hint: Disable this message with "git config set advice.defaultBranchName false"
2026-09-15T23:44:58.4125265Z Initialized empty Git repository in /home/runner/work/OpenProblemsInNLA/OpenProblemsInNLA/.git/
2026-09-15T23:44:58.4136524Z [command]/usr/bin/git remote add origin https://github.com/sgstepaniants/OpenProblemsInNLA
2026-09-15T23:44:58.4184917Z ##[endgroup]
2026-09-15T23:44:58.4187368Z ##[group]Disabling automatic garbage collection
2026-09-15T23:44:58.4189577Z [command]/usr/bin/git config --local gc.auto 0
2026-09-15T23:44:58.4221697Z ##[endgroup]
2026-09-15T23:44:58.4223977Z ##[group]Setting up auth
2026-09-15T23:44:58.4227539Z [command]/usr/bin/git config --local --name-only --get-regexp core\.sshCommand
2026-09-15T23:44:58.4265201Z [command]/usr/bin/git submodule foreach --recursive sh -c "git config --local --name-only --get-regexp 'core\.sshCommand' && git config --local --unset-all 'core.sshCommand' || :"
2026-09-15T23:44:58.4623691Z [command]/usr/bin/git config --local --name-only --get-regexp http\.https\:\/\/github\.com\/\.extraheader
2026-09-15T23:44:58.4672075Z [command]/usr/bin/git submodule foreach --recursive sh -c "git config --local --name-only --get-regexp 'http\.https\:\/\/github\.com\/\.extraheader' && git config --local --unset-all 'http.https://github.com/.extraheader' || :"
2026-09-15T23:44:58.4915220Z [command]/usr/bin/git config --local --name-only --get-regexp ^includeIf\.gitdir:
2026-09-15T23:44:58.4956879Z [command]/usr/bin/git submodule foreach --recursive git config --local --show-origin --name-only --get-regexp remote.origin.url
2026-09-15T23:44:58.5187558Z [command]/usr/bin/git config --local http.https://github.com/.extraheader AUTHORIZATION: basic ***
2026-09-15T23:44:58.5228185Z ##[endgroup]
2026-09-15T23:44:58.5230651Z ##[group]Fetching the repository
2026-09-15T23:44:58.5249005Z [command]/usr/bin/git -c protocol.version=2 fetch --no-tags --prune --no-recurse-submodules --depth=1 origin +3d06c49635bbdde109c491510641204285eaf05c:refs/remotes/origin/codex/lean-mf12-verification
2026-09-15T23:45:04.2063755Z From https://github.com/sgstepaniants/OpenProblemsInNLA
2026-09-15T23:45:04.2064698Z  * [new ref]           3d06c49635bbdde109c491510641204285eaf05c -> origin/codex/lean-mf12-verification
2026-09-15T23:45:04.2067326Z ##[endgroup]
2026-09-15T23:45:04.2068041Z ##[group]Determining the checkout info
2026-09-15T23:45:04.2070271Z ##[endgroup]
2026-09-15T23:45:04.2076612Z [command]/usr/bin/git sparse-checkout disable
2026-09-15T23:45:04.2139267Z [command]/usr/bin/git config --local --unset-all extensions.worktreeConfig
2026-09-15T23:45:04.2172044Z ##[group]Checking out the ref
2026-09-15T23:45:04.2176805Z [command]/usr/bin/git checkout --progress --force -B codex/lean-mf12-verification refs/remotes/origin/codex/lean-mf12-verification
2026-09-15T23:45:05.2584999Z Updating files:  50% (13685/27117)
2026-09-15T23:45:05.2759754Z Updating files:  51% (13830/27117)
2026-09-15T23:45:05.2952172Z Updating files:  52% (14101/27117)
2026-09-15T23:45:05.3117778Z Updating files:  53% (14373/27117)
2026-09-15T23:45:05.3279446Z Updating files:  54% (14644/27117)
2026-09-15T23:45:05.3433194Z Updating files:  55% (14915/27117)
2026-09-15T23:45:05.3587717Z Updating files:  56% (15186/27117)
2026-09-15T23:45:05.3724889Z Updating files:  57% (15457/27117)
2026-09-15T23:45:05.3878069Z Updating files:  58% (15728/27117)
2026-09-15T23:45:05.4052368Z Updating files:  59% (16000/27117)
2026-09-15T23:45:05.4243441Z Updating files:  60% (16271/27117)
2026-09-15T23:45:05.4386570Z Updating files:  61% (16542/27117)
2026-09-15T23:45:05.4547020Z Updating files:  62% (16813/27117)
2026-09-15T23:45:05.4719455Z Updating files:  63% (17084/27117)
2026-09-15T23:45:05.4945362Z Updating files:  64% (17355/27117)
2026-09-15T23:45:05.5086384Z Updating files:  65% (17627/27117)
2026-09-15T23:45:05.5201732Z Updating files:  66% (17898/27117)
2026-09-15T23:45:05.5394278Z Updating files:  67% (18169/27117)
2026-09-15T23:45:05.5542906Z Updating files:  68% (18440/27117)
2026-09-15T23:45:05.5761704Z Updating files:  69% (18711/27117)
2026-09-15T23:45:05.5901957Z Updating files:  70% (18982/27117)
2026-09-15T23:45:05.6045668Z Updating files:  71% (19254/27117)
2026-09-15T23:45:05.6265439Z Updating files:  72% (19525/27117)
2026-09-15T23:45:05.6405572Z Updating files:  73% (19796/27117)
2026-09-15T23:45:05.6560613Z Updating files:  74% (20067/27117)
2026-09-15T23:45:05.6712494Z Updating files:  75% (20338/27117)
2026-09-15T23:45:05.7090233Z Updating files:  76% (20609/27117)
2026-09-15T23:45:05.7249322Z Updating files:  77% (20881/27117)
2026-09-15T23:45:05.7474943Z Updating files:  78% (21152/27117)
2026-09-15T23:45:05.7697943Z Updating files:  79% (21423/27117)
2026-09-15T23:45:05.8092686Z Updating files:  80% (21694/27117)
2026-09-15T23:45:05.9527150Z Updating files:  81% (21965/27117)
2026-09-15T23:45:06.0435588Z Updating files:  82% (22236/27117)
2026-09-15T23:45:06.0828670Z Updating files:  83% (22508/27117)
2026-09-15T23:45:06.1969615Z Updating files:  84% (22779/27117)
2026-09-15T23:45:06.2494423Z Updating files:  85% (23050/27117)
2026-09-15T23:45:06.2672058Z Updating files:  85% (23192/27117)
2026-09-15T23:45:06.2921596Z Updating files:  86% (23321/27117)
2026-09-15T23:45:06.3380669Z Updating files:  87% (23592/27117)
2026-09-15T23:45:06.3998455Z Updating files:  88% (23863/27117)
2026-09-15T23:45:06.4524514Z Updating files:  89% (24135/27117)
2026-09-15T23:45:06.5246997Z Updating files:  90% (24406/27117)
2026-09-15T23:45:06.5550273Z Updating files:  91% (24677/27117)
2026-09-15T23:45:06.5863871Z Updating files:  92% (24948/27117)
2026-09-15T23:45:06.6106427Z Updating files:  93% (25219/27117)
2026-09-15T23:45:06.6421768Z Updating files:  94% (25490/27117)
2026-09-15T23:45:06.6669011Z Updating files:  95% (25762/27117)
2026-09-15T23:45:06.6847567Z Updating files:  96% (26033/27117)
2026-09-15T23:45:06.7004128Z Updating files:  97% (26304/27117)
2026-09-15T23:45:06.7181492Z Updating files:  98% (26575/27117)
2026-09-15T23:45:06.7344370Z Updating files:  99% (26846/27117)
2026-09-15T23:45:06.7344958Z Updating files: 100% (27117/27117)
2026-09-15T23:45:06.7345516Z Updating files: 100% (27117/27117), done.
2026-09-15T23:45:06.7671536Z Switched to a new branch 'codex/lean-mf12-verification'
2026-09-15T23:45:06.7675878Z branch 'codex/lean-mf12-verification' set up to track 'origin/codex/lean-mf12-verification'.
2026-09-15T23:45:06.7780543Z ##[endgroup]
2026-09-15T23:45:06.7826733Z [command]/usr/bin/git log -1 --format=%H
2026-09-15T23:45:06.7854472Z 3d06c49635bbdde109c491510641204285eaf05c
2026-09-15T23:45:06.7872044Z ##[group]Removing auth
2026-09-15T23:45:06.7872799Z [command]/usr/bin/git config --local --name-only --get-regexp core\.sshCommand
2026-09-15T23:45:06.7901991Z [command]/usr/bin/git submodule foreach --recursive sh -c "git config --local --name-only --get-regexp 'core\.sshCommand' && git config --local --unset-all 'core.sshCommand' || :"
2026-09-15T23:45:06.8165536Z [command]/usr/bin/git config --local --name-only --get-regexp http\.https\:\/\/github\.com\/\.extraheader
2026-09-15T23:45:06.8195233Z http.https://github.com/.extraheader
2026-09-15T23:45:06.8202521Z [command]/usr/bin/git config --local --unset-all http.https://github.com/.extraheader
2026-09-15T23:45:06.8257691Z [command]/usr/bin/git submodule foreach --recursive sh -c "git config --local --name-only --get-regexp 'http\.https\:\/\/github\.com\/\.extraheader' && git config --local --unset-all 'http.https://github.com/.extraheader' || :"
2026-09-15T23:45:06.8495415Z [command]/usr/bin/git config --local --name-only --get-regexp ^includeIf\.gitdir:
2026-09-15T23:45:06.8542090Z [command]/usr/bin/git submodule foreach --recursive git config --local --show-origin --name-only --get-regexp remote.origin.url
2026-09-15T23:45:06.8804547Z ##[endgroup]
2026-09-15T23:45:06.9016338Z ##[group]Run python3 -m pip install -r tools/lean/requirements.txt
2026-09-15T23:45:06.9016909Z [36;1mpython3 -m pip install -r tools/lean/requirements.txt[0m
2026-09-15T23:45:06.9017365Z [36;1mpython3 tools/lean/validate_manifest.py "$LEAN_PROJECT"[0m
2026-09-15T23:45:06.9059190Z shell: /usr/bin/bash -e {0}
2026-09-15T23:45:06.9059463Z env:
2026-09-15T23:45:06.9059729Z   LEAN_PROJECT: matrix-functions-and-stability/MF-12/lean
2026-09-15T23:45:06.9060059Z ##[endgroup]
2026-09-15T23:45:07.3117992Z Defaulting to user installation because normal site-packages is not writeable
2026-09-15T23:45:07.7656817Z Collecting PyYAML==6.0.3 (from -r tools/lean/requirements.txt (line 1))
2026-09-15T23:45:07.8516731Z   Downloading pyyaml-6.0.3-cp312-cp312-manylinux2014_x86_64.manylinux_2_17_x86_64.manylinux_2_28_x86_64.whl.metadata (2.4 kB)
2026-09-15T23:45:07.9575745Z Collecting jsonschema==4.26.0 (from -r tools/lean/requirements.txt (line 2))
2026-09-15T23:45:07.9799939Z   Downloading jsonschema-4.26.0-py3-none-any.whl.metadata (7.6 kB)
2026-09-15T23:45:08.1033916Z Requirement already satisfied: attrs>=22.2.0 in /usr/lib/python3/dist-packages (from jsonschema==4.26.0->-r tools/lean/requirements.txt (line 2)) (23.2.0)
2026-09-15T23:45:08.1432235Z Collecting jsonschema-specifications>=2023.03.6 (from jsonschema==4.26.0->-r tools/lean/requirements.txt (line 2))
2026-09-15T23:45:08.1657494Z   Downloading jsonschema_specifications-2025.9.1-py3-none-any.whl.metadata (2.9 kB)
2026-09-15T23:45:08.3806497Z Collecting referencing>=0.28.4 (from jsonschema==4.26.0->-r tools/lean/requirements.txt (line 2))
2026-09-15T23:45:08.4029899Z   Downloading referencing-0.37.0-py3-none-any.whl.metadata (2.8 kB)
2026-09-15T23:45:08.8137634Z Collecting rpds-py>=0.25.0 (from jsonschema==4.26.0->-r tools/lean/requirements.txt (line 2))
2026-09-15T23:45:08.8363986Z   Downloading rpds_py-2026.6.3-cp312-cp312-manylinux_2_17_x86_64.manylinux2014_x86_64.whl.metadata (4.1 kB)
2026-09-15T23:45:08.8708468Z Requirement already satisfied: typing-extensions>=4.4.0 in /usr/lib/python3/dist-packages (from referencing>=0.28.4->jsonschema==4.26.0->-r tools/lean/requirements.txt (line 2)) (4.10.0)
2026-09-15T23:45:08.8964201Z Downloading pyyaml-6.0.3-cp312-cp312-manylinux2014_x86_64.manylinux_2_17_x86_64.manylinux_2_28_x86_64.whl (807 kB)
2026-09-15T23:45:09.0243623Z    ━━━━━━━━━━━━━━━━━━━━━━━━━━━━━━━━━━━━━━━━ 807.9/807.9 kB 6.5 MB/s eta 0:00:00
2026-09-15T23:45:09.0465155Z Downloading jsonschema-4.26.0-py3-none-any.whl (90 kB)
2026-09-15T23:45:09.0506695Z    ━━━━━━━━━━━━━━━━━━━━━━━━━━━━━━━━━━━━━━━━ 90.6/90.6 kB 35.6 MB/s eta 0:00:00
2026-09-15T23:45:09.0730205Z Downloading jsonschema_specifications-2025.9.1-py3-none-any.whl (18 kB)
2026-09-15T23:45:09.0971834Z Downloading referencing-0.37.0-py3-none-any.whl (26 kB)
2026-09-15T23:45:09.1210667Z Downloading rpds_py-2026.6.3-cp312-cp312-manylinux_2_17_x86_64.manylinux2014_x86_64.whl (366 kB)
2026-09-15T23:45:09.1297086Z    ━━━━━━━━━━━━━━━━━━━━━━━━━━━━━━━━━━━━━━━━ 366.2/366.2 kB 52.7 MB/s eta 0:00:00
2026-09-15T23:45:09.4173560Z Installing collected packages: rpds-py, PyYAML, referencing, jsonschema-specifications, jsonschema
2026-09-15T23:45:09.5895539Z Successfully installed PyYAML-6.0.3 jsonschema-4.26.0 jsonschema-specifications-2025.9.1 referencing-0.37.0 rpds-py-2026.6.3
2026-09-15T23:45:09.8401062Z Manifest schema and comparator coverage: PASS (28 declarations)
2026-09-15T23:45:09.8653776Z ##[group]Run actions/setup-go@924ae3a1cded613372ab5595356fb5720e22ba16
2026-09-15T23:45:09.8654181Z with:
2026-09-15T23:45:09.8654382Z   go-version: 1.27.1
2026-09-15T23:45:09.8654597Z   cache: false
2026-09-15T23:45:09.8654818Z   check-latest: false
2026-09-15T23:45:09.8657378Z   token: ***
2026-09-15T23:45:09.8657587Z ##[endgroup]
2026-09-15T23:45:09.9956631Z Setup go version spec 1.27.1
2026-09-15T23:45:09.9970146Z Attempting to download 1.27.1...
2026-09-15T23:45:10.6258875Z matching 1.27.1...
2026-09-15T23:45:10.6286056Z Acquiring 1.27.1 from https://github.com/actions/go-versions/releases/download/1.27.1-33583469715/go-1.27.1-linux-x64.tar.gz
2026-09-15T23:45:11.3448411Z Extracting Go...
2026-09-15T23:45:11.3561659Z [command]/usr/bin/tar xz --warning=no-unknown-keyword --overwrite -C /home/runner/work/_temp/98756957-6948-48f1-978c-3203b99da0db -f /home/runner/work/_temp/99773c0a-6fb5-4796-9899-1e3b58e8af11
2026-09-15T23:45:13.0548741Z Successfully extracted go to /home/runner/work/_temp/98756957-6948-48f1-978c-3203b99da0db
2026-09-15T23:45:13.0549392Z Adding to the cache ...
2026-09-15T23:45:19.9178245Z Successfully cached go to /opt/hostedtoolcache/go/1.27.1/x64
2026-09-15T23:45:19.9181101Z Added go to the path
2026-09-15T23:45:19.9183127Z Successfully set up Go version 1.27.1
2026-09-15T23:45:19.9446596Z go version go1.27.1 linux/amd64
2026-09-15T23:45:19.9446812Z 
2026-09-15T23:45:19.9447121Z ##[group]go env
2026-09-15T23:45:20.0697183Z AR='ar'
2026-09-15T23:45:20.0697570Z CC='gcc'
2026-09-15T23:45:20.0697899Z CGO_CFLAGS='-O2 -g'
2026-09-15T23:45:20.0698268Z CGO_CPPFLAGS=''
2026-09-15T23:45:20.0698612Z CGO_CXXFLAGS='-O2 -g'
2026-09-15T23:45:20.0698976Z CGO_ENABLED='1'
2026-09-15T23:45:20.0699296Z CGO_FFLAGS='-O2 -g'
2026-09-15T23:45:20.0699691Z CGO_LDFLAGS='-O2 -g'
2026-09-15T23:45:20.0700025Z CXX='g++'
2026-09-15T23:45:20.0700321Z GCCGO='gccgo'
2026-09-15T23:45:20.0700646Z GO111MODULE=''
2026-09-15T23:45:20.0701252Z GOAMD64='v1'
2026-09-15T23:45:20.0701557Z GOARCH='amd64'
2026-09-15T23:45:20.0701916Z GOAUTH='netrc'
2026-09-15T23:45:20.0702259Z GOBIN='/home/runner/go/bin'
2026-09-15T23:45:20.0702756Z GOCACHE='/home/runner/.cache/go-build'
2026-09-15T23:45:20.0703209Z GOCACHEPROG=''
2026-09-15T23:45:20.0703586Z GODEBUG=''
2026-09-15T23:45:20.0703954Z GOENV='/home/runner/.config/go/env'
2026-09-15T23:45:20.0704458Z GOEXE=''
2026-09-15T23:45:20.0704764Z GOEXPERIMENT=''
2026-09-15T23:45:20.0705085Z GOFIPS140='off'
2026-09-15T23:45:20.0705391Z GOFLAGS=''
2026-09-15T23:45:20.0706509Z GOGCCFLAGS='-fPIC -m64 -pthread -Wl,--no-gc-sections -fmessage-length=0 -ffile-prefix-map=/tmp/go-build3177878064=/tmp/go-build -gno-record-gcc-switches'
2026-09-15T23:45:20.0707736Z GOHOSTARCH='amd64'
2026-09-15T23:45:20.0708113Z GOHOSTOS='linux'
2026-09-15T23:45:20.0708475Z GOINSECURE=''
2026-09-15T23:45:20.0708837Z GOMOD='/dev/null'
2026-09-15T23:45:20.0709257Z GOMODCACHE='/home/runner/go/pkg/mod'
2026-09-15T23:45:20.0709710Z GONOPROXY=''
2026-09-15T23:45:20.0710024Z GONOSUMDB=''
2026-09-15T23:45:20.0710338Z GOOS='linux'
2026-09-15T23:45:20.0710661Z GOPACKAGESDRIVER=''
2026-09-15T23:45:20.0711258Z GOPATH='/home/runner/go'
2026-09-15T23:45:20.0711629Z GOPRIVATE=''
2026-09-15T23:45:20.0712032Z GOPROXY='https://proxy.golang.org,direct'
2026-09-15T23:45:20.0712893Z GOROOT='/opt/hostedtoolcache/go/1.27.1/x64'
2026-09-15T23:45:20.0713384Z GOSUMDB='sum.golang.org'
2026-09-15T23:45:20.0713754Z GOTELEMETRY='local'
2026-09-15T23:45:20.0714190Z GOTELEMETRYDIR='/home/runner/.config/go/telemetry'
2026-09-15T23:45:20.0714704Z GOTMPDIR=''
2026-09-15T23:45:20.0715019Z GOTOOLCHAIN='local'
2026-09-15T23:45:20.0715544Z GOTOOLDIR='/opt/hostedtoolcache/go/1.27.1/x64/pkg/tool/linux_amd64'
2026-09-15T23:45:20.0716145Z GOVCS=''
2026-09-15T23:45:20.0716466Z GOVERSION='go1.27.1'
2026-09-15T23:45:20.0716809Z GOWORK=''
2026-09-15T23:45:20.0717144Z PKG_CONFIG='pkg-config'
2026-09-15T23:45:20.0717385Z 
2026-09-15T23:45:20.0717874Z ##[endgroup]
2026-09-15T23:45:20.1165642Z ##[group]Run leanprover/lean-action@96e06131c0e9943c780388fd166f55d1e2fa0433
2026-09-15T23:45:20.1166074Z with:
2026-09-15T23:45:20.1166387Z   lake-package-directory: matrix-functions-and-stability/MF-12/lean
2026-09-15T23:45:20.1166766Z   auto-config: false
2026-09-15T23:45:20.1166979Z   build: false
2026-09-15T23:45:20.1167176Z   test: false
2026-09-15T23:45:20.1167352Z   lint: false
2026-09-15T23:45:20.1167544Z   use-mathlib-cache: false
2026-09-15T23:45:20.1167777Z   use-github-cache: false
2026-09-15T23:45:20.1168059Z   mk_all-check: false
2026-09-15T23:45:20.1168295Z   check-reservoir-eligibility: false
2026-09-15T23:45:20.1168556Z   leanchecker: false
2026-09-15T23:45:20.1168766Z   lean4checker: false
2026-09-15T23:45:20.1168965Z   nanoda: false
2026-09-15T23:45:20.1169162Z   nanoda-allow-sorry: true
2026-09-15T23:45:20.1169387Z   axiom-audit: false
2026-09-15T23:45:20.1169680Z   axiom-audit-allow: propext,Classical.choice,Quot.sound
2026-09-15T23:45:20.1170128Z   reinstall-transient-toolchain: false
2026-09-15T23:45:20.1170440Z env:
2026-09-15T23:45:20.1170619Z   GOTOOLCHAIN: local
2026-09-15T23:45:20.1171164Z ##[endgroup]
2026-09-15T23:45:20.1266860Z ##[start-action display=install elan;id=__leanprover_lean-action.__run]
2026-09-15T23:45:20.1304412Z ##[group]Run : Install Elan
2026-09-15T23:45:20.1304875Z [36;1m: Install Elan[0m
2026-09-15T23:45:20.1305373Z [36;1m${GITHUB_ACTION_PATH}/scripts/install_elan.sh[0m
2026-09-15T23:45:20.1360293Z shell: /usr/bin/bash --noprofile --norc -e -o pipefail {0}
2026-09-15T23:45:20.1361047Z env:
2026-09-15T23:45:20.1361364Z   GOTOOLCHAIN: local
2026-09-15T23:45:20.1361709Z ##[endgroup]
2026-09-15T23:45:20.1496926Z ##[group]Elan Installation Output
2026-09-15T23:45:20.2446884Z info: downloading installer
2026-09-15T23:45:21.5876045Z info: downloading https://releases.lean-lang.org/lean4/v4.33.1/lean-4.33.1-linux.tar.zst
2026-09-15T23:45:25.4288644Z info: installing /home/runner/.elan/toolchains/leanprover--lean4---v4.33.1
2026-09-15T23:45:32.5802556Z Lean (version 4.33.1, x86_64-unknown-linux-gnu, commit 819816b2e0a3bf405af45ae5c7af2491d8f5bee6, Release)
2026-09-15T23:45:32.6247736Z Lake version 5.0.0-src+819816b (Lean version 4.33.1)
2026-09-15T23:45:32.6295873Z ##[endgroup]
2026-09-15T23:45:32.6296178Z 
2026-09-15T23:45:32.6317541Z ##[end-action id=__leanprover_lean-action.__run;outcome=success;conclusion=success;duration_ms=12504]
2026-09-15T23:45:32.6323230Z ##[start-action display=configure `lean-action`;id=__leanprover_lean-action.config]
2026-09-15T23:45:32.6339686Z ##[group]Run : Configure Lean Action
2026-09-15T23:45:32.6339999Z [36;1m: Configure Lean Action[0m
2026-09-15T23:45:32.6340482Z [36;1m${GITHUB_ACTION_PATH}/scripts/config.sh[0m
2026-09-15T23:45:32.6392191Z shell: /usr/bin/bash --noprofile --norc -e -o pipefail {0}
2026-09-15T23:45:32.6392765Z env:
2026-09-15T23:45:32.6393087Z   GOTOOLCHAIN: local
2026-09-15T23:45:32.6393437Z   AUTO_CONFIG: false
2026-09-15T23:45:32.6393774Z   BUILD: false
2026-09-15T23:45:32.6394105Z   TEST: false
2026-09-15T23:45:32.6394418Z   LINT: false
2026-09-15T23:45:32.6394732Z ##[endgroup]
2026-09-15T23:45:32.6837306Z ##[group]Configure lean-action
2026-09-15T23:45:32.6888495Z ##[end-action id=__leanprover_lean-action.config;outcome=success;conclusion=success;duration_ms=56]
2026-09-15T23:45:32.6893666Z ##[start-action display=reinstall transient toolchain;id=__leanprover_lean-action.__run_2]
2026-09-15T23:45:32.6899669Z ##[end-action id=__leanprover_lean-action.__run_2;outcome=skipped;conclusion=skipped;duration_ms=0]
2026-09-15T23:45:32.6902738Z ##[start-action display=ensure all files are imported;id=__leanprover_lean-action.mk_all]
2026-09-15T23:45:32.6906327Z ##[end-action id=__leanprover_lean-action.mk_all;outcome=skipped;conclusion=skipped;duration_ms=0]
2026-09-15T23:45:32.6908271Z ##[start-action display=Run actions/cache/restore@v5;id=__leanprover_lean-action.__actions_cache]
2026-09-15T23:45:32.6912278Z ##[end-action id=__leanprover_lean-action.__actions_cache;outcome=skipped;conclusion=skipped;duration_ms=0]
2026-09-15T23:45:32.6914179Z ##[start-action display=detect mathlib;id=__leanprover_lean-action.detect-mathlib]
2026-09-15T23:45:32.6917507Z ##[end-action id=__leanprover_lean-action.detect-mathlib;outcome=skipped;conclusion=skipped;duration_ms=0]
2026-09-15T23:45:32.6919295Z ##[start-action display=get mathlib cache;id=__leanprover_lean-action.__run_3]
2026-09-15T23:45:32.6934795Z ##[end-action id=__leanprover_lean-action.__run_3;outcome=skipped;conclusion=skipped;duration_ms=0]
2026-09-15T23:45:32.6961213Z ##[start-action display=build sgstepaniants/OpenProblemsInNLA;id=__leanprover_lean-action.build]
2026-09-15T23:45:32.6965553Z ##[end-action id=__leanprover_lean-action.build;outcome=skipped;conclusion=skipped;duration_ms=0]
2026-09-15T23:45:32.6967499Z ##[start-action display=Run actions/cache/save@v5;id=__leanprover_lean-action.__actions_cache_2]
2026-09-15T23:45:32.6971218Z ##[end-action id=__leanprover_lean-action.__actions_cache_2;outcome=skipped;conclusion=skipped;duration_ms=0]
2026-09-15T23:45:32.6974885Z ##[start-action display=test sgstepaniants/OpenProblemsInNLA;id=__leanprover_lean-action.test]
2026-09-15T23:45:32.6979034Z ##[end-action id=__leanprover_lean-action.test;outcome=skipped;conclusion=skipped;duration_ms=0]
2026-09-15T23:45:32.6982193Z ##[start-action display=lint sgstepaniants/OpenProblemsInNLA;id=__leanprover_lean-action.lint]
2026-09-15T23:45:32.6986489Z ##[end-action id=__leanprover_lean-action.lint;outcome=skipped;conclusion=skipped;duration_ms=0]
2026-09-15T23:45:32.6988349Z ##[start-action display=check reservoir eligibility;id=__leanprover_lean-action.__run_4]
2026-09-15T23:45:32.6991956Z ##[end-action id=__leanprover_lean-action.__run_4;outcome=skipped;conclusion=skipped;duration_ms=0]
2026-09-15T23:45:32.6994640Z ##[start-action display=check environment with leanchecker;id=__leanprover_lean-action.__run_5]
2026-09-15T23:45:32.6999109Z ##[end-action id=__leanprover_lean-action.__run_5;outcome=skipped;conclusion=skipped;duration_ms=0]
2026-09-15T23:45:32.7001703Z ##[start-action display=check environment with nanoda;id=__leanprover_lean-action.nanoda]
2026-09-15T23:45:32.7004993Z ##[end-action id=__leanprover_lean-action.nanoda;outcome=skipped;conclusion=skipped;duration_ms=0]
2026-09-15T23:45:32.7007404Z ##[start-action display=audit axioms with axiom-audit;id=__leanprover_lean-action.axiom-audit]
2026-09-15T23:45:32.7010663Z ##[end-action id=__leanprover_lean-action.axiom-audit;outcome=skipped;conclusion=skipped;duration_ms=0]
2026-09-15T23:45:32.7061357Z ##[group]Run sudo apt-get update
2026-09-15T23:45:32.7061700Z [36;1msudo apt-get update[0m
2026-09-15T23:45:32.7062025Z [36;1msudo apt-get install -y bubblewrap dbus-user-session[0m
2026-09-15T23:45:32.7062478Z [36;1msudo sysctl -w kernel.apparmor_restrict_unprivileged_userns=0[0m
2026-09-15T23:45:32.7062878Z [36;1msudo loginctl enable-linger "$(id -un)"[0m
2026-09-15T23:45:32.7063216Z [36;1msudo systemctl start "user@$(id -u).service"[0m
2026-09-15T23:45:32.7063593Z [36;1mecho "XDG_RUNTIME_DIR=/run/user/$(id -u)" >> "$GITHUB_ENV"[0m
2026-09-15T23:45:32.7064100Z [36;1mecho "DBUS_SESSION_BUS_ADDRESS=unix:path=/run/user/$(id -u)/bus" >> "$GITHUB_ENV"[0m
2026-09-15T23:45:32.7100186Z shell: /usr/bin/bash -e {0}
2026-09-15T23:45:32.7100435Z env:
2026-09-15T23:45:32.7100622Z   GOTOOLCHAIN: local
2026-09-15T23:45:32.7101136Z ##[endgroup]
2026-09-15T23:45:33.1841979Z Get:1 file:/etc/apt/apt-mirrors.txt Mirrorlist [144 B]
2026-09-15T23:45:33.2170678Z Hit:2 http://azure.archive.ubuntu.com/ubuntu noble InRelease
2026-09-15T23:45:33.2172678Z Get:6 https://packages.microsoft.com/ubuntu/24.04/prod noble InRelease [3600 B]
2026-09-15T23:45:33.2211994Z Get:3 http://azure.archive.ubuntu.com/ubuntu noble-updates InRelease [126 kB]
2026-09-15T23:45:33.2252007Z Get:4 http://azure.archive.ubuntu.com/ubuntu noble-backports InRelease [126 kB]
2026-09-15T23:45:33.2272488Z Get:5 http://azure.archive.ubuntu.com/ubuntu noble-security InRelease [126 kB]
2026-09-15T23:45:33.3047070Z Get:7 https://dl.google.com/linux/chrome-stable/deb stable InRelease [2548 B]
2026-09-15T23:45:33.3475079Z Get:8 https://packages.microsoft.com/ubuntu/24.04/prod noble/main arm64 Packages [424 kB]
2026-09-15T23:45:33.3633454Z Get:9 https://packages.microsoft.com/ubuntu/24.04/prod noble/main amd64 Packages [473 kB]
2026-09-15T23:45:33.4005151Z Get:10 http://azure.archive.ubuntu.com/ubuntu noble-updates/main amd64 Packages [1263 kB]
2026-09-15T23:45:33.4077361Z Get:11 http://azure.archive.ubuntu.com/ubuntu noble-updates/main Translation-en [292 kB]
2026-09-15T23:45:33.4112602Z Get:12 http://azure.archive.ubuntu.com/ubuntu noble-updates/main amd64 Components [180 kB]
2026-09-15T23:45:33.4134423Z Get:13 http://azure.archive.ubuntu.com/ubuntu noble-updates/universe amd64 Packages [1687 kB]
2026-09-15T23:45:33.4232185Z Get:14 http://azure.archive.ubuntu.com/ubuntu noble-updates/universe Translation-en [338 kB]
2026-09-15T23:45:33.4255864Z Get:15 http://azure.archive.ubuntu.com/ubuntu noble-updates/universe amd64 Components [388 kB]
2026-09-15T23:45:33.4290141Z Get:16 http://azure.archive.ubuntu.com/ubuntu noble-updates/restricted amd64 Packages [1550 kB]
2026-09-15T23:45:33.4362422Z Get:17 http://azure.archive.ubuntu.com/ubuntu noble-updates/restricted Translation-en [355 kB]
2026-09-15T23:45:33.4392271Z Get:18 http://azure.archive.ubuntu.com/ubuntu noble-updates/multiverse amd64 Packages [45.7 kB]
2026-09-15T23:45:33.4422694Z Get:19 http://azure.archive.ubuntu.com/ubuntu noble-updates/multiverse Translation-en [12.8 kB]
2026-09-15T23:45:33.4869886Z Get:20 http://azure.archive.ubuntu.com/ubuntu noble-updates/multiverse amd64 Components [940 B]
2026-09-15T23:45:33.4885936Z Get:21 http://azure.archive.ubuntu.com/ubuntu noble-backports/main amd64 Components [5776 B]
2026-09-15T23:45:33.4896876Z Get:22 http://azure.archive.ubuntu.com/ubuntu noble-backports/universe amd64 Components [12.6 kB]
2026-09-15T23:45:33.5211872Z Get:23 http://azure.archive.ubuntu.com/ubuntu noble-security/main amd64 Packages [1009 kB]
2026-09-15T23:45:33.5277164Z Get:24 http://azure.archive.ubuntu.com/ubuntu noble-security/main Translation-en [213 kB]
2026-09-15T23:45:33.5312309Z Get:25 http://azure.archive.ubuntu.com/ubuntu noble-security/main amd64 Components [46.4 kB]
2026-09-15T23:45:33.5331839Z Get:26 http://azure.archive.ubuntu.com/ubuntu noble-security/universe amd64 Packages [1207 kB]
2026-09-15T23:45:33.5415258Z Get:27 http://azure.archive.ubuntu.com/ubuntu noble-security/universe Translation-en [242 kB]
2026-09-15T23:45:33.5424710Z Get:28 http://azure.archive.ubuntu.com/ubuntu noble-security/universe amd64 Components [76.3 kB]
2026-09-15T23:45:33.5443713Z Get:29 http://azure.archive.ubuntu.com/ubuntu noble-security/restricted amd64 Packages [1449 kB]
2026-09-15T23:45:33.5533713Z Get:30 http://azure.archive.ubuntu.com/ubuntu noble-security/restricted Translation-en [336 kB]
2026-09-15T23:45:33.6326968Z Get:31 https://dl.google.com/linux/chrome-stable/deb stable/main amd64 Packages [1410 B]
2026-09-15T23:45:38.3391723Z Fetched 12.0 MB in 1s (8986 kB/s)
2026-09-15T23:45:39.1733185Z Reading package lists...
2026-09-15T23:45:39.2057898Z Reading package lists...
2026-09-15T23:45:39.4042114Z Building dependency tree...
2026-09-15T23:45:39.4049398Z Reading state information...
2026-09-15T23:45:39.5657757Z dbus-user-session is already the newest version (1.14.10-4ubuntu4.1).
2026-09-15T23:45:39.5658551Z dbus-user-session set to manually installed.
2026-09-15T23:45:39.5659619Z The following NEW packages will be installed:
2026-09-15T23:45:39.5665744Z   bubblewrap
2026-09-15T23:45:39.5838449Z 0 upgraded, 1 newly installed, 0 to remove and 64 not upgraded.
2026-09-15T23:45:39.5839136Z Need to get 50.2 kB of archives.
2026-09-15T23:45:39.5839758Z After this operation, 133 kB of additional disk space will be used.
2026-09-15T23:45:39.5840493Z Get:1 file:/etc/apt/apt-mirrors.txt Mirrorlist [144 B]
2026-09-15T23:45:39.6257385Z Get:2 http://azure.archive.ubuntu.com/ubuntu noble-updates/main amd64 bubblewrap amd64 0.9.0-1ubuntu0.1 [50.2 kB]
2026-09-15T23:45:39.8724603Z Fetched 50.2 kB in 0s (930 kB/s)
2026-09-15T23:45:39.8944819Z Selecting previously unselected package bubblewrap.
2026-09-15T23:45:39.9200449Z (Reading database ... 
2026-09-15T23:45:39.9201299Z (Reading database ... 5%
2026-09-15T23:45:39.9201729Z (Reading database ... 10%
2026-09-15T23:45:39.9202169Z (Reading database ... 15%
2026-09-15T23:45:39.9202668Z (Reading database ... 20%
2026-09-15T23:45:39.9203118Z (Reading database ... 25%
2026-09-15T23:45:39.9203529Z (Reading database ... 30%
2026-09-15T23:45:39.9203832Z (Reading database ... 35%
2026-09-15T23:45:39.9204090Z (Reading database ... 40%
2026-09-15T23:45:39.9204335Z (Reading database ... 45%
2026-09-15T23:45:39.9204585Z (Reading database ... 50%
2026-09-15T23:45:39.9239254Z (Reading database ... 55%
2026-09-15T23:45:40.0358796Z (Reading database ... 60%
2026-09-15T23:45:40.2317253Z (Reading database ... 65%
2026-09-15T23:45:40.3849047Z (Reading database ... 70%
2026-09-15T23:45:40.5769824Z (Reading database ... 75%
2026-09-15T23:45:40.7405134Z (Reading database ... 80%
2026-09-15T23:45:40.9245573Z (Reading database ... 85%
2026-09-15T23:45:41.1295523Z (Reading database ... 90%
2026-09-15T23:45:41.2408743Z (Reading database ... 95%
2026-09-15T23:45:41.2409503Z (Reading database ... 100%
2026-09-15T23:45:41.2410115Z (Reading database ... 201818 files and directories currently installed.)
2026-09-15T23:45:41.2454110Z Preparing to unpack .../bubblewrap_0.9.0-1ubuntu0.1_amd64.deb ...
2026-09-15T23:45:41.2480800Z Unpacking bubblewrap (0.9.0-1ubuntu0.1) ...
2026-09-15T23:45:41.2913149Z Setting up bubblewrap (0.9.0-1ubuntu0.1) ...
2026-09-15T23:45:41.2961949Z Processing triggers for man-db (2.12.0-4build2) ...
2026-09-15T23:45:41.2980008Z Not building database; man-db/auto-update is not 'true'.
2026-09-15T23:45:41.9034313Z 
2026-09-15T23:45:41.9035032Z Running kernel seems to be up-to-date.
2026-09-15T23:45:41.9035362Z 
2026-09-15T23:45:41.9035524Z No services need to be restarted.
2026-09-15T23:45:41.9035752Z 
2026-09-15T23:45:41.9035913Z No containers need to be restarted.
2026-09-15T23:45:41.9036148Z 
2026-09-15T23:45:41.9036321Z No user sessions are running outdated binaries.
2026-09-15T23:45:41.9036604Z 
2026-09-15T23:45:41.9036884Z No VM guests are running outdated hypervisor (qemu) binaries on this host.
2026-09-15T23:45:42.8517327Z kernel.apparmor_restrict_unprivileged_userns = 0
2026-09-15T23:45:42.8838409Z ##[group]Run ulimit -n 65536
2026-09-15T23:45:42.8838741Z [36;1mulimit -n 65536[0m
2026-09-15T23:45:42.8839068Z [36;1mtools/lean/bootstrap.sh "$RUNNER_TEMP/nla-lean-tools"[0m
2026-09-15T23:45:42.8839543Z [36;1mtools/lean/verify.sh "$LEAN_PROJECT" "$RUNNER_TEMP/nla-lean-tools"[0m
2026-09-15T23:45:42.8876465Z shell: /usr/bin/bash -e {0}
2026-09-15T23:45:42.8876721Z env:
2026-09-15T23:45:42.8876914Z   GOTOOLCHAIN: local
2026-09-15T23:45:42.8877149Z   XDG_RUNTIME_DIR: /run/user/1001
2026-09-15T23:45:42.8877461Z   DBUS_SESSION_BUS_ADDRESS: unix:path=/run/user/1001/bus
2026-09-15T23:45:42.8877852Z   LEAN_PROJECT: matrix-functions-and-stability/MF-12/lean
2026-09-15T23:45:42.8878172Z ##[endgroup]
2026-09-15T23:45:44.0186145Z Running elan toolchain install leanprover/lean4:v4.33.1
2026-09-15T23:45:44.0187020Z Log: /home/runner/work/_temp/nla-lean-tools/logs/bootstrap/elan.log
2026-09-15T23:45:44.0208087Z info: toolchain 'leanprover/lean4:v4.33.1' is already installed
2026-09-15T23:45:44.1102228Z Running go build -mod=readonly -buildvcs=false -o /home/runner/work/_temp/nla-lean-tools/.tools/bin/landrun ./cmd/landrun
2026-09-15T23:45:44.1103501Z Log: /home/runner/work/_temp/nla-lean-tools/logs/bootstrap/landrun-build.log
2026-09-15T23:45:44.1141701Z go: downloading github.com/urfave/cli/v3 v3.6.2
2026-09-15T23:45:44.1292837Z go: downloading github.com/landlock-lsm/go-landlock v0.9.0
2026-09-15T23:45:44.2912594Z go: downloading golang.org/x/sys v0.40.0
2026-09-15T23:45:44.2913718Z go: downloading kernel.org/pub/linux/libs/security/libcap/psx v1.2.77
2026-09-15T23:45:53.4410440Z Running lake build lean4export comparator
2026-09-15T23:45:53.4411626Z Log: /home/runner/work/_temp/nla-lean-tools/logs/bootstrap/comparator-build.log
2026-09-15T23:45:53.9819140Z ✔ [3/20] Built Comparator.Util (450ms)
2026-09-15T23:45:54.1821999Z ✔ [4/20] Built Comparator.Util:c.o (228ms)
2026-09-15T23:45:55.5843305Z ✔ [5/20] Built Export.Parse (2.0s)
2026-09-15T23:45:56.2932314Z ✔ [6/20] Built Comparator.Axioms (724ms)
2026-09-15T23:45:56.9912216Z ✔ [7/20] Built Export (3.4s)
2026-09-15T23:45:56.9962324Z ✔ [8/20] Built Comparator.Axioms:c.o (745ms)
2026-09-15T23:45:57.2922230Z ✔ [9/20] Built Comparator.Compare (968ms)
2026-09-15T23:45:57.9987879Z ✔ [10/20] Built Comparator.Compare:c.o (703ms)
2026-09-15T23:45:58.4994227Z ✔ [11/20] Built Comparator (514ms)
2026-09-15T23:45:58.5992121Z ✔ [12/20] Built Main (1.6s)
2026-09-15T23:45:58.6042100Z ✔ [13/20] Built Comparator:c.o (116ms)
2026-09-15T23:45:58.9990474Z ✔ [14/20] Built Main:c.o (358ms)
2026-09-15T23:46:00.9018804Z ✔ [15/20] Built Export:c.o (3.0s)
2026-09-15T23:46:01.0024188Z ✔ [16/20] Built Main (2.4s)
2026-09-15T23:46:01.9055958Z ✔ [17/20] Built Export.Parse:c.o (6.4s)
2026-09-15T23:46:02.1058982Z ✔ [18/20] Built lean4export:exe (1.3s)
2026-09-15T23:46:02.5064590Z ✔ [19/20] Built Main:c.o (1.4s)
2026-09-15T23:46:03.2076252Z ✔ [20/20] Built comparator:exe (730ms)
2026-09-15T23:46:03.2083437Z Build completed successfully (20 jobs).
2026-09-15T23:46:03.4995483Z Tools built; isolation and checker controls run during verify. Receipt: /home/runner/work/_temp/nla-lean-tools/bootstrap.json
2026-09-15T23:46:03.9274718Z Running /usr/bin/timeout --kill-after=5s 45s systemd-run -p RuntimeMaxSec=40 --user --quiet --wait --pipe --collect -p 'RestrictAddressFamilies=~AF_UNIX' --working-directory /home/runner/work/_temp/nla-lean-tools /usr/bin/env -i PATH=/home/runner/.elan/toolchains/leanprover--lean4---v4.33.1/bin:/home/runner/.elan/bin:/home/runner/go/bin:/opt/hostedtoolcache/go/1.27.1/x64/bin:/snap/bin:/home/runner/.local/bin:/opt/pipx_bin:/home/runner/.cargo/bin:/home/runner/.config/composer/vendor/bin:/usr/local/.ghcup/bin:/home/runner/.dotnet/tools:/usr/local/sbin:/usr/local/bin:/usr/sbin:/usr/bin:/sbin:/bin:/usr/games:/usr/local/games:/snap/bin HOME=/home/runner LANG=C.UTF-8 XDG_RUNTIME_DIR=/run/user/1001 DBUS_SESSION_BUS_ADDRESS=unix:path=/run/user/1001/bus GIT_TERMINAL_PROMPT=0 GIT_CONFIG_NOSYSTEM=1 GIT_CONFIG_GLOBAL=/dev/null COMPARATOR_BIN=/home/runner/work/_temp/nla-lean-tools/.tools/comparator/.lake/build/bin/comparator COMPARATOR_LEAN4EXPORT=/home/runner/work/_temp/nla-lean-tools/.tools/lean4export/.lake/build/bin/lean4export COMPARATOR_LANDRUN=/home/runner/work/_temp/nla-lean-tools/scripts/strict_landrun.py XDG_CACHE_HOME=/home/runner/work/_temp/nla-lean-tools/.tools/cache TMPDIR=/home/runner/work/_temp/nla-lean-tools/.verification-tmp /usr/bin/true
2026-09-15T23:46:03.9279990Z Log: /home/runner/work/_temp/nla-lean-tools/logs/verify-20260915T234603Z-4147/user-service.log
2026-09-15T23:46:03.9569392Z Running python3 /home/runner/work/_temp/nla-lean-tools/reproduction/checks/sandbox_probe_ci.py
2026-09-15T23:46:03.9570124Z Log: /home/runner/work/_temp/nla-lean-tools/logs/verify-20260915T234603Z-4147/sandbox.log
2026-09-15T23:46:03.9914447Z START sandbox mode: build
2026-09-15T23:46:04.0816301Z START sandbox mode: export
2026-09-15T23:46:04.1729421Z START sandbox negative case: unknown option
2026-09-15T23:46:04.2157713Z START sandbox negative case: unexpected --rw
2026-09-15T23:46:04.2628164Z START sandbox negative case: unexpected --rwx
2026-09-15T23:46:04.3027272Z START sandbox negative case: relative --rwx
2026-09-15T23:46:04.3512479Z MODE build: exit=0
2026-09-15T23:46:04.3513345Z Running as unit: run-u2.service; invocation ID: e8cb5921723043e4adcddf8ea880e78a
2026-09-15T23:46:04.3514160Z PASS outside .lake write-open: denied errno=30
2026-09-15T23:46:04.3514929Z PASS outside .lake truncate: denied errno=30
2026-09-15T23:46:04.3515632Z PASS outside .lake read-only truncate-open: denied errno=30
2026-09-15T23:46:04.3516434Z PASS symlink from .lake to outside write: denied errno=30
2026-09-15T23:46:04.3517156Z PASS outside .lake creation: denied errno=30
2026-09-15T23:46:04.3517762Z PASS build .lake write: allowed
2026-09-15T23:46:04.3518347Z PASS user namespace: private
2026-09-15T23:46:04.3518928Z PASS pid namespace: private
2026-09-15T23:46:04.3519488Z PASS mnt namespace: private
2026-09-15T23:46:04.3520309Z PASS net namespace: private
2026-09-15T23:46:04.3521114Z PASS ipc namespace: private
2026-09-15T23:46:04.3521536Z PASS uts namespace: private
2026-09-15T23:46:04.3522014Z PASS host parent: absent from private /proc
2026-09-15T23:46:04.3522535Z PASS host parent signal lookup: denied errno=3
2026-09-15T23:46:04.3523103Z PASS host loopback listener: unreachable errno=13
2026-09-15T23:46:04.3523729Z PASS AF_UNIX socket creation: denied errno=97
2026-09-15T23:46:04.3524289Z PASS effective capabilities: none
2026-09-15T23:46:04.3524748Z PASS no_new_privs: set
2026-09-15T23:46:04.3525129Z Sandbox UID: 1001
2026-09-15T23:46:04.3525596Z PASS nested namespace write attempt: rejected exit=1
2026-09-15T23:46:04.3526231Z bwrap: setting up uid map: Permission denied
2026-09-15T23:46:04.3526767Z Finished with result: success
2026-09-15T23:46:04.3527307Z Main processes terminated with: code=exited/status=0
2026-09-15T23:46:04.3527864Z Service runtime: 76ms
2026-09-15T23:46:04.3528262Z CPU time consumed: 77ms
2026-09-15T23:46:04.3528647Z Memory peak: 256.0K
2026-09-15T23:46:04.3529036Z Memory swap peak: 0B
2026-09-15T23:46:04.3529342Z 
2026-09-15T23:46:04.3529505Z MODE export: exit=0
2026-09-15T23:46:04.3530089Z Running as unit: run-u3.service; invocation ID: 1eadf113248f4a739677414c0e06033a
2026-09-15T23:46:04.3530979Z PASS outside .lake write-open: denied errno=30
2026-09-15T23:46:04.3531558Z PASS outside .lake truncate: denied errno=30
2026-09-15T23:46:04.3532198Z PASS outside .lake read-only truncate-open: denied errno=30
2026-09-15T23:46:04.3532934Z PASS symlink from .lake to outside write: denied errno=30
2026-09-15T23:46:04.3533587Z PASS outside .lake creation: denied errno=30
2026-09-15T23:46:04.3534175Z PASS export .lake write-open: denied errno=30
2026-09-15T23:46:04.3534755Z PASS export .lake truncate: denied errno=30
2026-09-15T23:46:04.3535293Z PASS user namespace: private
2026-09-15T23:46:04.3535750Z PASS pid namespace: private
2026-09-15T23:46:04.3536189Z PASS mnt namespace: private
2026-09-15T23:46:04.3536625Z PASS net namespace: private
2026-09-15T23:46:04.3537330Z PASS ipc namespace: private
2026-09-15T23:46:04.3537777Z PASS uts namespace: private
2026-09-15T23:46:04.3538275Z PASS host parent: absent from private /proc
2026-09-15T23:46:04.3538869Z PASS host parent signal lookup: denied errno=3
2026-09-15T23:46:04.3539470Z PASS host loopback listener: unreachable errno=13
2026-09-15T23:46:04.3540042Z PASS AF_UNIX socket creation: denied errno=97
2026-09-15T23:46:04.3540521Z PASS effective capabilities: none
2026-09-15T23:46:04.3541294Z PASS no_new_privs: set
2026-09-15T23:46:04.3541708Z Sandbox UID: 1001
2026-09-15T23:46:04.3542142Z PASS nested namespace write attempt: rejected exit=1
2026-09-15T23:46:04.3542771Z bwrap: setting up uid map: Permission denied
2026-09-15T23:46:04.3543321Z Finished with result: success
2026-09-15T23:46:04.3543863Z Main processes terminated with: code=exited/status=0
2026-09-15T23:46:04.3544404Z Service runtime: 78ms
2026-09-15T23:46:04.3544760Z CPU time consumed: 79ms
2026-09-15T23:46:04.3545123Z Memory peak: 256.0K
2026-09-15T23:46:04.3545483Z Memory swap peak: 0B
2026-09-15T23:46:04.3545714Z 
2026-09-15T23:46:04.3546133Z NEGATIVE unknown option: exit=2
2026-09-15T23:46:04.3546816Z Running as unit: run-u4.service; invocation ID: 4198e00d3fdf4b97bd0cfc10d8f67be8
2026-09-15T23:46:04.3547888Z strict Comparator sandbox: unsupported Comparator Landrun option: --unrestricted-filesystem
2026-09-15T23:46:04.3548713Z Finished with result: exit-code
2026-09-15T23:46:04.3549243Z Main processes terminated with: code=exited/status=2
2026-09-15T23:46:04.3549773Z Service runtime: 28ms
2026-09-15T23:46:04.3550162Z CPU time consumed: 27ms
2026-09-15T23:46:04.3550541Z Memory peak: 256.0K
2026-09-15T23:46:04.3551119Z Memory swap peak: 0B
2026-09-15T23:46:04.3551349Z 
2026-09-15T23:46:04.3551539Z NEGATIVE unexpected --rw: exit=2
2026-09-15T23:46:04.3552214Z Running as unit: run-u5.service; invocation ID: 54ff910445a54411bfdd7a23f895fa8c
2026-09-15T23:46:04.3553118Z strict Comparator sandbox: only private /dev may be passed with --rw
2026-09-15T23:46:04.3553784Z Finished with result: exit-code
2026-09-15T23:46:04.3554305Z Main processes terminated with: code=exited/status=2
2026-09-15T23:46:04.3554844Z Service runtime: 27ms
2026-09-15T23:46:04.3555225Z CPU time consumed: 26ms
2026-09-15T23:46:04.3555611Z Memory peak: 512.0K
2026-09-15T23:46:04.3555980Z Memory swap peak: 0B
2026-09-15T23:46:04.3556198Z 
2026-09-15T23:46:04.3556392Z NEGATIVE unexpected --rwx: exit=2
2026-09-15T23:46:04.3557106Z Running as unit: run-u6.service; invocation ID: 0ed1f9b7e66246e4b2cab386d20229a4
2026-09-15T23:46:04.3558102Z strict Comparator sandbox: only this project's existing .lake may be writable
2026-09-15T23:46:04.3558850Z Finished with result: exit-code
2026-09-15T23:46:04.3559395Z Main processes terminated with: code=exited/status=2
2026-09-15T23:46:04.3559959Z Service runtime: 27ms
2026-09-15T23:46:04.3560336Z CPU time consumed: 26ms
2026-09-15T23:46:04.3560898Z Memory peak: 256.0K
2026-09-15T23:46:04.3561285Z Memory swap peak: 0B
2026-09-15T23:46:04.3561515Z 
2026-09-15T23:46:04.3561707Z NEGATIVE relative --rwx: exit=2
2026-09-15T23:46:04.3562391Z Running as unit: run-u7.service; invocation ID: 7874c92dd761443da87df130ab9f9637
2026-09-15T23:46:04.3563352Z strict Comparator sandbox: only this project's existing .lake may be writable
2026-09-15T23:46:04.3564077Z Finished with result: exit-code
2026-09-15T23:46:04.3564636Z Main processes terminated with: code=exited/status=2
2026-09-15T23:46:04.3565217Z Service runtime: 28ms
2026-09-15T23:46:04.3565607Z CPU time consumed: 27ms
2026-09-15T23:46:04.3565984Z Memory peak: 256.0K
2026-09-15T23:46:04.3566366Z Memory swap peak: 0B
2026-09-15T23:46:04.3566607Z 
2026-09-15T23:46:04.3567054Z Outer and export fixture contents unchanged; only designated build fixture written.
2026-09-15T23:46:04.3588473Z Running bash /home/runner/work/_temp/nla-lean-tools/reproduction/checks/run_replay.sh
2026-09-15T23:46:04.3589629Z Log: /home/runner/work/_temp/nla-lean-tools/logs/verify-20260915T234603Z-4147/kernel-controls.log
2026-09-15T23:46:04.4083304Z Replay probe: RestrictAddressFamilies=~AF_UNIX (deny AF_UNIX sockets).
2026-09-15T23:46:04.4706093Z Lean (version 4.33.1, x86_64-unknown-linux-gnu, Release)
2026-09-15T23:46:04.5122050Z /home/runner/.elan/toolchains/leanprover--lean4---v4.33.1/lib/lean/Init.olean
2026-09-15T23:46:04.5123052Z /home/runner/.elan/toolchains/leanprover--lean4---v4.33.1/lib/lean/Init.olean
2026-09-15T23:46:04.5124094Z /home/runner/work/_temp/nla-lean-tools/.tools/comparator/.lake/build/lib/lean/Main.olean
2026-09-15T23:46:05.8380238Z Trusted base fixture: 11 constants
2026-09-15T23:46:05.8381368Z BEGIN honest_with_inductives_and_quotients
2026-09-15T23:46:05.8381953Z Running Lean default kernel on solution.
2026-09-15T23:46:05.8382384Z Lean default kernel accepts the solution
2026-09-15T23:46:05.8382825Z RETURN honest_with_inductives_and_quotients: accepted
2026-09-15T23:46:05.8383229Z BEGIN invalid_raw_proof
2026-09-15T23:46:05.8383538Z Running Lean default kernel on solution.
2026-09-15T23:46:05.8383906Z Lean default kernel rejects the solution
2026-09-15T23:46:05.8384555Z RETURN invalid_raw_proof: rejected: while replaying declaration 'PinnedReplayProbe.invalid':
2026-09-15T23:46:05.8385541Z (kernel) declaration type mismatch, 'PinnedReplayProbe.invalid' has type
2026-09-15T23:46:05.8385976Z   True
2026-09-15T23:46:05.8386199Z but it is expected to have type
2026-09-15T23:46:05.8386473Z   False
2026-09-15T23:46:05.8386697Z BEGIN quotient_postcheck_mismatch
2026-09-15T23:46:05.8387016Z Running Lean default kernel on solution.
2026-09-15T23:46:05.8387345Z Lean default kernel accepts the solution
2026-09-15T23:46:05.8387675Z Quotient post-check rejects the solution
2026-09-15T23:46:05.8388192Z RETURN quotient_postcheck_mismatch: rejected: Quotient constant mismatch on: Quot.lift
2026-09-15T23:46:05.8388853Z PASS: all three actual Comparator.runBuiltinKernel cases behaved as required
2026-09-15T23:46:05.9338061Z Running python3 /home/runner/work/_temp/nla-lean-tools/reproduction/checks/comparator_regressions.py
2026-09-15T23:46:05.9339413Z Log: /home/runner/work/_temp/nla-lean-tools/logs/verify-20260915T234603Z-4147/comparator-controls.log
2026-09-15T23:46:05.9698691Z Comparator regressions: RestrictAddressFamilies=~AF_UNIX; .tools/env.sh selects the real strict sandbox.
2026-09-15T23:46:05.9707600Z 
2026-09-15T23:46:05.9707804Z CASE simple_match
2026-09-15T23:46:08.1347307Z info: ComparatorRegression: no previous manifest, creating one from scratch
2026-09-15T23:46:08.1348499Z info: toolchain not updated; already up-to-date
2026-09-15T23:46:08.1350245Z Building Challenge
2026-09-15T23:46:08.1351551Z ⚠ [2/3] Built Challenge (243ms)
2026-09-15T23:46:08.1352583Z warning: Challenge.lean:1:8: declaration uses `sorry`
2026-09-15T23:46:08.1353434Z Build completed successfully (3 jobs).
2026-09-15T23:46:08.1356204Z Exporting #[Quot, Quot.mk, Quot.lift, Quot.ind, comm, propext, Quot.sound, Classical.choice, Nat.add, Nat.sub, Nat.mul, Nat.pow, Nat.gcd, Nat.div, Nat.mod, Nat.beq, Nat.ble, Nat.land, Nat.lor, Nat.xor, Nat.shiftLeft, Nat.shiftRight, String.ofList, Char.ofNat, List, eagerReduce, Nat, String, String.mk, Char, optParam, autoParam, semiOutParam, outParam] from Challenge
2026-09-15T23:46:08.1358812Z Building Solution
2026-09-15T23:46:08.1359590Z ✔ [2/3] Built Solution (249ms)
2026-09-15T23:46:08.1360311Z Build completed successfully (3 jobs).
2026-09-15T23:46:08.1363266Z Exporting #[Quot, Quot.mk, Quot.lift, Quot.ind, comm, propext, Quot.sound, Classical.choice, Nat.add, Nat.sub, Nat.mul, Nat.pow, Nat.gcd, Nat.div, Nat.mod, Nat.beq, Nat.ble, Nat.land, Nat.lor, Nat.xor, Nat.shiftLeft, Nat.shiftRight, String.ofList, Char.ofNat, List, eagerReduce, Nat, String, String.mk, Char, optParam, autoParam, semiOutParam, outParam] from Solution
2026-09-15T23:46:08.1365793Z Running Lean default kernel on solution.
2026-09-15T23:46:08.1366512Z Lean default kernel accepts the solution
2026-09-15T23:46:08.1367193Z Your solution is okay!
2026-09-15T23:46:08.1368069Z PASS simple_match: exit 0, expected 0; required phase: Your solution is okay!
2026-09-15T23:46:08.1368828Z 
2026-09-15T23:46:08.1369487Z CASE simple_mismatch
2026-09-15T23:46:10.0441208Z info: ComparatorRegression: no previous manifest, creating one from scratch
2026-09-15T23:46:10.0442321Z info: toolchain not updated; already up-to-date
2026-09-15T23:46:10.0442883Z Building Challenge
2026-09-15T23:46:10.0443652Z ⚠ [2/3] Built Challenge (240ms)
2026-09-15T23:46:10.0444253Z warning: Challenge.lean:1:8: declaration uses `sorry`
2026-09-15T23:46:10.0444921Z Build completed successfully (3 jobs).
2026-09-15T23:46:10.0447590Z Exporting #[Quot, Quot.mk, Quot.lift, Quot.ind, comm, propext, Quot.sound, Classical.choice, Nat.add, Nat.sub, Nat.mul, Nat.pow, Nat.gcd, Nat.div, Nat.mod, Nat.beq, Nat.ble, Nat.land, Nat.lor, Nat.xor, Nat.shiftLeft, Nat.shiftRight, String.ofList, Char.ofNat, List, eagerReduce, Nat, String, String.mk, Char, optParam, autoParam, semiOutParam, outParam] from Challenge
2026-09-15T23:46:10.0450095Z Building Solution
2026-09-15T23:46:10.0450647Z ✔ [2/3] Built Solution (239ms)
2026-09-15T23:46:10.0451702Z Build completed successfully (3 jobs).
2026-09-15T23:46:10.0453605Z Exporting #[Quot, Quot.mk, Quot.lift, Quot.ind, comm, propext, Quot.sound, Classical.choice, Nat.add, Nat.sub, Nat.mul, Nat.pow, Nat.gcd, Nat.div, Nat.mod, Nat.beq, Nat.ble, Nat.land, Nat.lor, Nat.xor, Nat.shiftLeft, Nat.shiftRight, String.ofList, Char.ofNat, List, eagerReduce, Nat, String, String.mk, Char, optParam, autoParam, semiOutParam, outParam] from Solution
2026-09-15T23:46:10.0455460Z uncaught exception: Challenge and solution constant kind don't match: 'comm'
2026-09-15T23:46:10.0456159Z PASS simple_mismatch: exit 1, expected 1; required phase: Challenge and solution constant kind don't match: 'comm'
2026-09-15T23:46:10.0456614Z 
2026-09-15T23:46:10.0456717Z CASE simple_axiom_issue
2026-09-15T23:46:11.9607242Z info: ComparatorRegression: no previous manifest, creating one from scratch
2026-09-15T23:46:11.9608187Z info: toolchain not updated; already up-to-date
2026-09-15T23:46:11.9609066Z Building Challenge
2026-09-15T23:46:11.9609776Z ⚠ [2/3] Built Challenge (229ms)
2026-09-15T23:46:11.9610150Z warning: Challenge.lean:1:8: declaration uses `sorry`
2026-09-15T23:46:11.9610513Z Build completed successfully (3 jobs).
2026-09-15T23:46:11.9612337Z Exporting #[Quot, Quot.mk, Quot.lift, Quot.ind, comm, propext, Quot.sound, Classical.choice, Nat.add, Nat.sub, Nat.mul, Nat.pow, Nat.gcd, Nat.div, Nat.mod, Nat.beq, Nat.ble, Nat.land, Nat.lor, Nat.xor, Nat.shiftLeft, Nat.shiftRight, String.ofList, Char.ofNat, List, eagerReduce, Nat, String, String.mk, Char, optParam, autoParam, semiOutParam, outParam] from Challenge
2026-09-15T23:46:11.9613693Z Building Solution
2026-09-15T23:46:11.9613980Z ✔ [2/3] Built Solution (236ms)
2026-09-15T23:46:11.9614255Z Build completed successfully (3 jobs).
2026-09-15T23:46:11.9617131Z Exporting #[Quot, Quot.mk, Quot.lift, Quot.ind, comm, propext, Quot.sound, Classical.choice, Nat.add, Nat.sub, Nat.mul, Nat.pow, Nat.gcd, Nat.div, Nat.mod, Nat.beq, Nat.ble, Nat.land, Nat.lor, Nat.xor, Nat.shiftLeft, Nat.shiftRight, String.ofList, Char.ofNat, List, eagerReduce, Nat, String, String.mk, Char, optParam, autoParam, semiOutParam, outParam] from Solution
2026-09-15T23:46:11.9619148Z uncaught exception: Illegal axiom detected: 'helper'
2026-09-15T23:46:11.9619859Z PASS simple_axiom_issue: exit 1, expected 1; required phase: Illegal axiom detected: 'helper'
2026-09-15T23:46:11.9620392Z 
2026-09-15T23:46:11.9620561Z CASE simple_kind_mismatch
2026-09-15T23:46:13.9005280Z info: ComparatorRegression: no previous manifest, creating one from scratch
2026-09-15T23:46:13.9006446Z info: toolchain not updated; already up-to-date
2026-09-15T23:46:13.9007162Z Building Challenge
2026-09-15T23:46:13.9007970Z ⚠ [2/3] Built Challenge (254ms)
2026-09-15T23:46:13.9008622Z warning: Challenge.lean:1:8: declaration uses `sorry`
2026-09-15T23:46:13.9009270Z Build completed successfully (3 jobs).
2026-09-15T23:46:13.9012465Z Exporting #[Quot, Quot.mk, Quot.lift, Quot.ind, comm, propext, Quot.sound, Classical.choice, Nat.add, Nat.sub, Nat.mul, Nat.pow, Nat.gcd, Nat.div, Nat.mod, Nat.beq, Nat.ble, Nat.land, Nat.lor, Nat.xor, Nat.shiftLeft, Nat.shiftRight, String.ofList, Char.ofNat, List, eagerReduce, Nat, String, String.mk, Char, optParam, autoParam, semiOutParam, outParam] from Challenge
2026-09-15T23:46:13.9014185Z Building Solution
2026-09-15T23:46:13.9014519Z ✔ [2/3] Built Solution (256ms)
2026-09-15T23:46:13.9014811Z Build completed successfully (3 jobs).
2026-09-15T23:46:13.9016556Z Exporting #[Quot, Quot.mk, Quot.lift, Quot.ind, comm, propext, Quot.sound, Classical.choice, Nat.add, Nat.sub, Nat.mul, Nat.pow, Nat.gcd, Nat.div, Nat.mod, Nat.beq, Nat.ble, Nat.land, Nat.lor, Nat.xor, Nat.shiftLeft, Nat.shiftRight, String.ofList, Char.ofNat, List, eagerReduce, Nat, String, String.mk, Char, optParam, autoParam, semiOutParam, outParam] from Solution
2026-09-15T23:46:13.9017933Z uncaught exception: Illegal axiom detected: 'helper'
2026-09-15T23:46:13.9018456Z PASS simple_kind_mismatch: exit 1, expected 1; required phase: Illegal axiom detected: 'helper'
2026-09-15T23:46:13.9018847Z 
2026-09-15T23:46:13.9018945Z CASE type_mismatch
2026-09-15T23:46:15.7956979Z info: ComparatorRegression: no previous manifest, creating one from scratch
2026-09-15T23:46:15.7957900Z info: toolchain not updated; already up-to-date
2026-09-15T23:46:15.7958440Z Building Challenge
2026-09-15T23:46:15.7959180Z ✔ [2/3] Built Challenge (241ms)
2026-09-15T23:46:15.7959681Z Build completed successfully (3 jobs).
2026-09-15T23:46:15.7962486Z Exporting #[Quot, Quot.mk, Quot.lift, Quot.ind, checked, propext, Quot.sound, Classical.choice, Nat.add, Nat.sub, Nat.mul, Nat.pow, Nat.gcd, Nat.div, Nat.mod, Nat.beq, Nat.ble, Nat.land, Nat.lor, Nat.xor, Nat.shiftLeft, Nat.shiftRight, String.ofList, Char.ofNat, List, eagerReduce, Nat, String, String.mk, Char, optParam, autoParam, semiOutParam, outParam] from Challenge
2026-09-15T23:46:15.7964912Z Building Solution
2026-09-15T23:46:15.7965439Z ✔ [2/3] Built Solution (235ms)
2026-09-15T23:46:15.7965938Z Build completed successfully (3 jobs).
2026-09-15T23:46:15.7968507Z Exporting #[Quot, Quot.mk, Quot.lift, Quot.ind, checked, propext, Quot.sound, Classical.choice, Nat.add, Nat.sub, Nat.mul, Nat.pow, Nat.gcd, Nat.div, Nat.mod, Nat.beq, Nat.ble, Nat.land, Nat.lor, Nat.xor, Nat.shiftLeft, Nat.shiftRight, String.ofList, Char.ofNat, List, eagerReduce, Nat, String, String.mk, Char, optParam, autoParam, semiOutParam, outParam] from Solution
2026-09-15T23:46:15.7972339Z uncaught exception: Challenge and solution theorem statement do not match: 'checked'
2026-09-15T23:46:15.7973641Z PASS type_mismatch: exit 1, expected 1; required phase: Challenge and solution theorem statement do not match: 'checked'
2026-09-15T23:46:15.7999493Z PASS: all five Comparator regressions
2026-09-15T23:46:15.8076113Z Running systemd-run --user --quiet --wait --pipe --collect -p 'RestrictAddressFamilies=~AF_UNIX' --working-directory /home/runner/work/_temp/nla-lean-tools/.verification-tmp/nla-axiom-x4om1t6i /usr/bin/env -i PATH=/home/runner/.elan/toolchains/leanprover--lean4---v4.33.1/bin:/home/runner/.elan/bin:/home/runner/go/bin:/opt/hostedtoolcache/go/1.27.1/x64/bin:/snap/bin:/home/runner/.local/bin:/opt/pipx_bin:/home/runner/.cargo/bin:/home/runner/.config/composer/vendor/bin:/usr/local/.ghcup/bin:/home/runner/.dotnet/tools:/usr/local/sbin:/usr/local/bin:/usr/sbin:/usr/bin:/sbin:/bin:/usr/games:/usr/local/games:/snap/bin HOME=/home/runner LANG=C.UTF-8 XDG_RUNTIME_DIR=/run/user/1001 DBUS_SESSION_BUS_ADDRESS=unix:path=/run/user/1001/bus GIT_TERMINAL_PROMPT=0 GIT_CONFIG_NOSYSTEM=1 GIT_CONFIG_GLOBAL=/dev/null COMPARATOR_BIN=/home/runner/work/_temp/nla-lean-tools/.tools/comparator/.lake/build/bin/comparator COMPARATOR_LEAN4EXPORT=/home/runner/work/_temp/nla-lean-tools/.tools/lean4export/.lake/build/bin/lean4export COMPARATOR_LANDRUN=/home/runner/work/_temp/nla-lean-tools/scripts/strict_landrun.py XDG_CACHE_HOME=/home/runner/work/_temp/nla-lean-tools/.tools/cache TMPDIR=/home/runner/work/_temp/nla-lean-tools/.verification-tmp lake env /home/runner/work/_temp/nla-lean-tools/.tools/comparator/.lake/build/bin/comparator comparator.json
2026-09-15T23:46:15.8081633Z Log: /home/runner/work/_temp/nla-lean-tools/logs/verify-20260915T234603Z-4147/negative-sorry.log
2026-09-15T23:46:15.8621372Z info: NlaAxiomFixture: no previous manifest, creating one from scratch
2026-09-15T23:46:15.8622188Z info: toolchain not updated; already up-to-date
2026-09-15T23:46:15.9445351Z Building Challenge
2026-09-15T23:46:16.9371500Z ✔ [2/3] Built Challenge (859ms)
2026-09-15T23:46:16.9375682Z Build completed successfully (3 jobs).
2026-09-15T23:46:17.9640456Z Exporting #[Quot, Quot.mk, Quot.lift, Quot.ind, checked, Classical.choice, Quot.sound, propext, Nat.add, Nat.sub, Nat.mul, Nat.pow, Nat.gcd, Nat.div, Nat.mod, Nat.beq, Nat.ble, Nat.land, Nat.lor, Nat.xor, Nat.shiftLeft, Nat.shiftRight, String.ofList, Char.ofNat, List, eagerReduce, Nat, String, String.mk, Char, optParam, autoParam, semiOutParam, outParam] from Challenge
2026-09-15T23:46:17.9676919Z Building Solution
2026-09-15T23:46:18.9752309Z ⚠ [2/3] Built Solution (895ms)
2026-09-15T23:46:18.9753107Z warning: Solution.lean:2:8: declaration uses `sorry`
2026-09-15T23:46:18.9754157Z Build completed successfully (3 jobs).
2026-09-15T23:46:20.0683446Z Exporting #[Quot, Quot.mk, Quot.lift, Quot.ind, checked, Classical.choice, Quot.sound, propext, Nat.add, Nat.sub, Nat.mul, Nat.pow, Nat.gcd, Nat.div, Nat.mod, Nat.beq, Nat.ble, Nat.land, Nat.lor, Nat.xor, Nat.shiftLeft, Nat.shiftRight, String.ofList, Char.ofNat, List, eagerReduce, Nat, String, String.mk, Char, optParam, autoParam, semiOutParam, outParam] from Solution
2026-09-15T23:46:20.0684931Z uncaught exception: Illegal axiom detected: 'sorryAx'
2026-09-15T23:46:20.0800145Z Running systemd-run --user --quiet --wait --pipe --collect -p 'RestrictAddressFamilies=~AF_UNIX' --working-directory /home/runner/work/_temp/nla-lean-tools/.verification-tmp/nla-axiom-4ao7gnbx /usr/bin/env -i PATH=/home/runner/.elan/toolchains/leanprover--lean4---v4.33.1/bin:/home/runner/.elan/bin:/home/runner/go/bin:/opt/hostedtoolcache/go/1.27.1/x64/bin:/snap/bin:/home/runner/.local/bin:/opt/pipx_bin:/home/runner/.cargo/bin:/home/runner/.config/composer/vendor/bin:/usr/local/.ghcup/bin:/home/runner/.dotnet/tools:/usr/local/sbin:/usr/local/bin:/usr/sbin:/usr/bin:/sbin:/bin:/usr/games:/usr/local/games:/snap/bin HOME=/home/runner LANG=C.UTF-8 XDG_RUNTIME_DIR=/run/user/1001 DBUS_SESSION_BUS_ADDRESS=unix:path=/run/user/1001/bus GIT_TERMINAL_PROMPT=0 GIT_CONFIG_NOSYSTEM=1 GIT_CONFIG_GLOBAL=/dev/null COMPARATOR_BIN=/home/runner/work/_temp/nla-lean-tools/.tools/comparator/.lake/build/bin/comparator COMPARATOR_LEAN4EXPORT=/home/runner/work/_temp/nla-lean-tools/.tools/lean4export/.lake/build/bin/lean4export COMPARATOR_LANDRUN=/home/runner/work/_temp/nla-lean-tools/scripts/strict_landrun.py XDG_CACHE_HOME=/home/runner/work/_temp/nla-lean-tools/.tools/cache TMPDIR=/home/runner/work/_temp/nla-lean-tools/.verification-tmp lake env /home/runner/work/_temp/nla-lean-tools/.tools/comparator/.lake/build/bin/comparator comparator.json
2026-09-15T23:46:20.0837532Z Log: /home/runner/work/_temp/nla-lean-tools/logs/verify-20260915T234603Z-4147/negative-native.log
2026-09-15T23:46:20.2286445Z info: NlaAxiomFixture: no previous manifest, creating one from scratch
2026-09-15T23:46:20.2287113Z info: toolchain not updated; already up-to-date
2026-09-15T23:46:20.3012343Z Building Challenge
2026-09-15T23:46:21.3999233Z ✔ [2/3] Built Challenge (914ms)
2026-09-15T23:46:21.4004088Z Build completed successfully (3 jobs).
2026-09-15T23:46:22.4109348Z Exporting #[Quot, Quot.mk, Quot.lift, Quot.ind, checked, Classical.choice, Quot.sound, propext, Nat.add, Nat.sub, Nat.mul, Nat.pow, Nat.gcd, Nat.div, Nat.mod, Nat.beq, Nat.ble, Nat.land, Nat.lor, Nat.xor, Nat.shiftLeft, Nat.shiftRight, String.ofList, Char.ofNat, List, eagerReduce, Nat, String, String.mk, Char, optParam, autoParam, semiOutParam, outParam] from Challenge
2026-09-15T23:46:22.4111235Z Building Solution
2026-09-15T23:46:23.5192244Z ✔ [2/3] Built Solution (916ms)
2026-09-15T23:46:23.5196343Z Build completed successfully (3 jobs).
2026-09-15T23:46:24.6512367Z Exporting #[Quot, Quot.mk, Quot.lift, Quot.ind, checked, Classical.choice, Quot.sound, propext, Nat.add, Nat.sub, Nat.mul, Nat.pow, Nat.gcd, Nat.div, Nat.mod, Nat.beq, Nat.ble, Nat.land, Nat.lor, Nat.xor, Nat.shiftLeft, Nat.shiftRight, String.ofList, Char.ofNat, List, eagerReduce, Nat, String, String.mk, Char, optParam, autoParam, semiOutParam, outParam] from Solution
2026-09-15T23:46:24.6514237Z uncaught exception: Illegal axiom detected: 'checked._native.native_decide.ax_1_1'
2026-09-15T23:46:25.2582745Z Running lake env true
2026-09-15T23:46:25.2583589Z Log: /home/runner/work/_temp/nla-lean-tools/logs/verify-20260915T234603Z-4147/dependencies.log
2026-09-15T23:46:25.2979567Z info: leancert: cloning https://github.com/alerad/leancert
2026-09-15T23:46:26.1192553Z info: leancert: checking out revision '621a43d7cf21f87872392a01e874f2f1dbddc926'
2026-09-15T23:46:26.1551437Z info: mathlib: cloning https://github.com/leanprover-community/mathlib4.git
2026-09-15T23:46:57.8439337Z info: mathlib: checking out revision '0df444a360eaa60ab8c11dca51a86af692955474'
2026-09-15T23:47:00.0009898Z info: plausible: cloning https://github.com/leanprover-community/plausible
2026-09-15T23:47:00.3021988Z info: plausible: checking out revision 'b7eb3304aeae834b12dda98993a37f6a41f6f0bb'
2026-09-15T23:47:00.3146718Z info: LeanSearchClient: cloning https://github.com/leanprover-community/LeanSearchClient
2026-09-15T23:47:00.6645978Z info: LeanSearchClient: checking out revision '5f4d51b81cbd3f6b32b156bfad9056621a040404'
2026-09-15T23:47:00.6764520Z info: importGraph: cloning https://github.com/leanprover-community/import-graph
2026-09-15T23:47:01.5241212Z info: importGraph: checking out revision '16f02aa7642864af59f1ff0e384a015994db9118'
2026-09-15T23:47:01.5395269Z info: proofwidgets: cloning https://github.com/leanprover-community/ProofWidgets4
2026-09-15T23:47:02.5808694Z info: proofwidgets: checking out revision '4be2e3d5087eeb272cf5a8853b8f9dd025ef5957'
2026-09-15T23:47:03.2243959Z info: aesop: cloning https://github.com/leanprover-community/aesop
2026-09-15T23:47:03.9961047Z info: aesop: checking out revision '3448c0bcc5ce01b2d1546e483ec3620e32df3d0e'
2026-09-15T23:47:04.0139126Z info: Qq: cloning https://github.com/leanprover-community/quote4
2026-09-15T23:47:04.4586713Z info: Qq: checking out revision '92c15be17b7caf78c2ad767ec40f89052d908d81'
2026-09-15T23:47:04.4718436Z info: batteries: cloning https://github.com/leanprover-community/batteries
2026-09-15T23:47:06.8378104Z info: batteries: checking out revision '4488d40d070b9700d4d5a6aa342f0d40c31b2a2d'
2026-09-15T23:47:06.8634456Z info: Cli: cloning https://github.com/leanprover/lean4-cli
2026-09-15T23:47:07.2238047Z info: Cli: checking out revision '6130a47896ce867c6a4a55373441e59e565bad0f'
2026-09-15T23:47:07.3579063Z Running lake exe cache get
2026-09-15T23:47:07.3580002Z Log: /home/runner/work/_temp/nla-lean-tools/logs/verify-20260915T234603Z-4147/mathlib-cache.log
2026-09-15T23:47:08.5670139Z ✔ [1/11] Built Cache.Cli (369ms)
2026-09-15T23:47:08.6722193Z ✔ [5/26] Built Cache.Lean (459ms)
2026-09-15T23:47:08.8695942Z ✔ [6/26] Built Cache.Cli:c.o (229ms)
2026-09-15T23:47:08.8697460Z ✔ [7/26] Built Cache.Lean:c.o (240ms)
2026-09-15T23:47:09.0701925Z ✔ [8/26] Built Cache.Infra (504ms)
2026-09-15T23:47:09.3706276Z ✔ [9/26] Built Cache.Infra:c.o (240ms)
2026-09-15T23:47:09.6711646Z ✔ [10/26] Built Batteries.Tactic.OpenPrivate (1.1s)
2026-09-15T23:47:11.0738939Z ✔ [11/26] Built Batteries.Tactic.OpenPrivate:c.o (1.4s)
2026-09-15T23:47:11.1742263Z ✔ [12/26] Built Cache.IO (1.5s)
2026-09-15T23:47:11.9782306Z ✔ [13/26] Built Cache.Hashing (819ms)
2026-09-15T23:47:12.6773196Z ✔ [14/26] Built Cache.Hashing:c.o (664ms)
2026-09-15T23:47:12.9768666Z ✔ [15/26] Built Cache.IO:c.o (1.8s)
2026-09-15T23:47:14.1781004Z ✔ [16/26] Built Cache.Requests (2.2s)
2026-09-15T23:47:14.7802356Z ✔ [17/26] Built Cache.Marker (589ms)
2026-09-15T23:47:14.9797634Z ✔ [18/26] Built Cache.Marker:c.o (189ms)
2026-09-15T23:47:15.5808708Z ✔ [19/26] Built Cache.Query (805ms)
2026-09-15T23:47:16.0825054Z ✔ [20/26] Built Cache.Query:c.o (483ms)
2026-09-15T23:47:16.4836570Z ✔ [21/26] Built Cache.Warning (890ms)
2026-09-15T23:47:16.8838343Z ✔ [22/26] Built Cache.Warning:c.o (433ms)
2026-09-15T23:47:17.4851344Z ✔ [23/26] Built Cache.Requests:c.o (3.3s)
2026-09-15T23:47:17.6853499Z ✔ [24/26] Built Cache.Main (1.2s)
2026-09-15T23:47:18.6857377Z ✔ [25/26] Built Cache.Main:c.o (991ms)
2026-09-15T23:47:19.3886714Z ✔ [26/26] Built cache:exe (743ms)
2026-09-15T23:47:22.2843982Z Current branch: HEAD
2026-09-15T23:47:22.2846296Z Using cache from origin: (some leanprover-community/mathlib4)
2026-09-15T23:47:22.2847470Z Attempting to download 8690 file(s) from leanprover-community/mathlib4 cache at https://lakecache.blob.core.windows.net/mathlib4-master
2026-09-15T23:47:23.4253279Z 
2026-09-15T23:47:23.5260267Z Downloaded: 1 file(s) [attempted 1/8690 = 0%, 17 KB/s], Decompressed: 0
2026-09-15T23:47:23.6272397Z Downloaded: 138 file(s) [attempted 138/8690 = 1%, 2369 KB/s], Decompressed: 16
2026-09-15T23:47:23.7278741Z Downloaded: 307 file(s) [attempted 307/8690 = 3%, 4690 KB/s], Decompressed: 16
2026-09-15T23:47:23.8279003Z Downloaded: 497 file(s) [attempted 497/8690 = 5%, 1040 KB/s], Decompressed: 78
2026-09-15T23:47:23.9303736Z Downloaded: 642 file(s) [attempted 642/8690 = 7%, 740 KB/s], Decompressed: 78
2026-09-15T23:47:24.0337159Z Downloaded: 795 file(s) [attempted 795/8690 = 9%, 639 KB/s], Decompressed: 78
2026-09-15T23:47:24.1335849Z Downloaded: 976 file(s) [attempted 976/8690 = 11%, 250 KB/s], Decompressed: 78
2026-09-15T23:47:24.2362267Z Downloaded: 1156 file(s) [attempted 1156/8690 = 13%, 2612 KB/s], Decompressed: 78
2026-09-15T23:47:24.3422355Z Downloaded: 1349 file(s) [attempted 1349/8690 = 15%, 3588 KB/s], Decompressed: 78
2026-09-15T23:47:24.4533855Z Downloaded: 1527 file(s) [attempted 1527/8690 = 17%, 341 KB/s], Decompressed: 78
2026-09-15T23:47:24.5509366Z Downloaded: 1710 file(s) [attempted 1710/8690 = 19%, 3092 KB/s], Decompressed: 78
2026-09-15T23:47:24.6518144Z Downloaded: 1890 file(s) [attempted 1890/8690 = 21%, 1607 KB/s], Decompressed: 78
2026-09-15T23:47:24.7545189Z Downloaded: 2053 file(s) [attempted 2053/8690 = 23%, 803 KB/s], Decompressed: 78
2026-09-15T23:47:24.8617454Z Downloaded: 2222 file(s) [attempted 2222/8690 = 25%, 543 KB/s], Decompressed: 78
2026-09-15T23:47:24.9602024Z Downloaded: 2377 file(s) [attempted 2377/8690 = 27%, 2229 KB/s], Decompressed: 78
2026-09-15T23:47:25.0574600Z Downloaded: 2524 file(s) [attempted 2524/8690 = 29%, 2407 KB/s], Decompressed: 78
2026-09-15T23:47:25.1596692Z Downloaded: 2705 file(s) [attempted 2705/8690 = 31%, 1566 KB/s], Decompressed: 78
2026-09-15T23:47:25.2584684Z Downloaded: 2880 file(s) [attempted 2880/8690 = 33%, 1655 KB/s], Decompressed: 78
2026-09-15T23:47:25.3585658Z Downloaded: 3066 file(s) [attempted 3066/8690 = 35%, 1749 KB/s], Decompressed: 78
2026-09-15T23:47:25.4633332Z Downloaded: 3217 file(s) [attempted 3217/8690 = 37%, 6254 KB/s], Decompressed: 78
2026-09-15T23:47:25.5622121Z Downloaded: 3349 file(s) [attempted 3349/8690 = 38%, 1564 KB/s], Decompressed: 78
2026-09-15T23:47:25.6636118Z Downloaded: 3537 file(s) [attempted 3537/8690 = 40%, 3214 KB/s], Decompressed: 465
2026-09-15T23:47:25.7632028Z Downloaded: 3716 file(s) [attempted 3716/8690 = 42%, 4706 KB/s], Decompressed: 465
2026-09-15T23:47:25.8642462Z Downloaded: 3921 file(s) [attempted 3921/8690 = 45%, 1027 KB/s], Decompressed: 465
2026-09-15T23:47:25.9649744Z Downloaded: 4079 file(s) [attempted 4079/8690 = 46%, 1093 KB/s], Decompressed: 465
2026-09-15T23:47:26.0652252Z Downloaded: 4236 file(s) [attempted 4236/8690 = 48%, 10197 KB/s], Decompressed: 465
2026-09-15T23:47:26.1712220Z Downloaded: 4382 file(s) [attempted 4382/8690 = 50%, 7731 KB/s], Decompressed: 465
2026-09-15T23:47:26.2821962Z Downloaded: 4545 file(s) [attempted 4545/8690 = 52%, 784 KB/s], Decompressed: 465
2026-09-15T23:47:26.3820327Z Downloaded: 4732 file(s) [attempted 4732/8690 = 54%, 814 KB/s], Decompressed: 465
2026-09-15T23:47:26.4852196Z Downloaded: 4893 file(s) [attempted 4893/8690 = 56%, 3205 KB/s], Decompressed: 465
2026-09-15T23:47:26.5852452Z Downloaded: 5048 file(s) [attempted 5048/8690 = 58%, 1866 KB/s], Decompressed: 465
2026-09-15T23:47:26.6833540Z Downloaded: 5213 file(s) [attempted 5213/8690 = 59%, 7119 KB/s], Decompressed: 465
2026-09-15T23:47:26.7891956Z Downloaded: 5380 file(s) [attempted 5380/8690 = 61%, 7566 KB/s], Decompressed: 465
2026-09-15T23:47:26.8855747Z Downloaded: 5526 file(s) [attempted 5526/8690 = 63%, 1311 KB/s], Decompressed: 465
2026-09-15T23:47:26.9899998Z Downloaded: 5688 file(s) [attempted 5688/8690 = 65%, 547 KB/s], Decompressed: 465
2026-09-15T23:47:27.0901662Z Downloaded: 5848 file(s) [attempted 5848/8690 = 67%, 976 KB/s], Decompressed: 465
2026-09-15T23:47:27.1887176Z Downloaded: 5988 file(s) [attempted 5988/8690 = 68%, 786 KB/s], Decompressed: 465
2026-09-15T23:47:27.2973288Z Downloaded: 6125 file(s) [attempted 6125/8690 = 70%, 3130 KB/s], Decompressed: 465
2026-09-15T23:47:27.3982890Z Downloaded: 6278 file(s) [attempted 6278/8690 = 72%, 1154 KB/s], Decompressed: 465
2026-09-15T23:47:27.4992604Z Downloaded: 6450 file(s) [attempted 6450/8690 = 74%, 2207 KB/s], Decompressed: 465
2026-09-15T23:47:27.5994905Z Downloaded: 6594 file(s) [attempted 6594/8690 = 75%, 600 KB/s], Decompressed: 465
2026-09-15T23:47:27.7016781Z Downloaded: 6770 file(s) [attempted 6770/8690 = 77%, 8737 KB/s], Decompressed: 465
2026-09-15T23:47:27.8048764Z Downloaded: 6950 file(s) [attempted 6950/8690 = 79%, 4100 KB/s], Decompressed: 465
2026-09-15T23:47:27.9031971Z Downloaded: 7149 file(s) [attempted 7149/8690 = 82%, 749 KB/s], Decompressed: 465
2026-09-15T23:47:28.0062109Z Downloaded: 7323 file(s) [attempted 7323/8690 = 84%, 402 KB/s], Decompressed: 465
2026-09-15T23:47:28.1027062Z Downloaded: 7467 file(s) [attempted 7467/8690 = 85%, 3352 KB/s], Decompressed: 465
2026-09-15T23:47:28.2032334Z Downloaded: 7582 file(s) [attempted 7582/8690 = 87%, 992 KB/s], Decompressed: 465
2026-09-15T23:47:28.3028122Z Downloaded: 7716 file(s) [attempted 7716/8690 = 88%, 2008 KB/s], Decompressed: 465
2026-09-15T23:47:28.4084914Z Downloaded: 7842 file(s) [attempted 7842/8690 = 90%, 989 KB/s], Decompressed: 465
2026-09-15T23:47:28.5083904Z Downloaded: 8002 file(s) [attempted 8002/8690 = 92%, 231 KB/s], Decompressed: 465
2026-09-15T23:47:28.6193301Z Downloaded: 8162 file(s) [attempted 8162/8690 = 93%, 2475 KB/s], Decompressed: 465
2026-09-15T23:47:28.7182220Z Downloaded: 8325 file(s) [attempted 8325/8690 = 95%, 8108 KB/s], Decompressed: 465
2026-09-15T23:47:28.8242586Z Downloaded: 8549 file(s) [attempted 8549/8690 = 98%, 1977 KB/s], Decompressed: 465
2026-09-15T23:47:28.8842213Z Downloaded: 8688 file(s) [attempted 8688/8690 = 99%, 1391 KB/s], Decompressed: 465
2026-09-15T23:47:28.8843433Z Downloaded: 8690 file(s) [attempted 8690/8690 = 100%, 1391 KB/s], Decompressed: 465
2026-09-15T23:47:52.4203620Z Decompressed 8690 file(s)
2026-09-15T23:47:52.4204203Z Already decompressed 8690 file(s)
2026-09-15T23:47:52.5176144Z Running systemd-run --user --quiet --wait --pipe --collect -p 'RestrictAddressFamilies=~AF_UNIX' --working-directory /home/runner/work/_temp/nla-lean-tools/.verification-tmp/nla-fresh-proof-s2_68m1m/project /usr/bin/env -i PATH=/home/runner/.elan/toolchains/leanprover--lean4---v4.33.1/bin:/home/runner/.elan/bin:/home/runner/go/bin:/opt/hostedtoolcache/go/1.27.1/x64/bin:/snap/bin:/home/runner/.local/bin:/opt/pipx_bin:/home/runner/.cargo/bin:/home/runner/.config/composer/vendor/bin:/usr/local/.ghcup/bin:/home/runner/.dotnet/tools:/usr/local/sbin:/usr/local/bin:/usr/sbin:/usr/bin:/sbin:/bin:/usr/games:/usr/local/games:/snap/bin HOME=/home/runner LANG=C.UTF-8 XDG_RUNTIME_DIR=/run/user/1001 DBUS_SESSION_BUS_ADDRESS=unix:path=/run/user/1001/bus GIT_TERMINAL_PROMPT=0 GIT_CONFIG_NOSYSTEM=1 GIT_CONFIG_GLOBAL=/dev/null COMPARATOR_BIN=/home/runner/work/_temp/nla-lean-tools/.tools/comparator/.lake/build/bin/comparator COMPARATOR_LEAN4EXPORT=/home/runner/work/_temp/nla-lean-tools/.tools/lean4export/.lake/build/bin/lean4export COMPARATOR_LANDRUN=/home/runner/work/_temp/nla-lean-tools/scripts/strict_landrun.py XDG_CACHE_HOME=/home/runner/work/_temp/nla-lean-tools/.tools/cache TMPDIR=/home/runner/work/_temp/nla-lean-tools/.verification-tmp lake env /home/runner/work/_temp/nla-lean-tools/.tools/comparator/.lake/build/bin/comparator comparator.json
2026-09-15T23:47:52.5181659Z Log: /home/runner/work/_temp/nla-lean-tools/logs/verify-20260915T234603Z-4147/comparator.log
2026-09-15T23:47:53.4201750Z Building Challenge
2026-09-15T23:47:57.5976451Z ✔ [2401/2403] Built NLA.MF12.Definitions (2.3s)
2026-09-15T23:47:59.7996314Z ⚠ [2402/2403] Built Challenge (2.2s)
2026-09-15T23:47:59.7996991Z warning: Challenge.lean:16:8: declaration uses `sorry`
2026-09-15T23:47:59.7997489Z warning: Challenge.lean:24:8: declaration uses `sorry`
2026-09-15T23:47:59.7997946Z warning: Challenge.lean:28:8: declaration uses `sorry`
2026-09-15T23:47:59.7998394Z warning: Challenge.lean:34:8: declaration uses `sorry`
2026-09-15T23:47:59.7998831Z warning: Challenge.lean:40:8: declaration uses `sorry`
2026-09-15T23:47:59.7999268Z warning: Challenge.lean:45:8: declaration uses `sorry`
2026-09-15T23:47:59.7999742Z warning: Challenge.lean:50:8: declaration uses `sorry`
2026-09-15T23:47:59.8000509Z warning: Challenge.lean:54:8: declaration uses `sorry`
2026-09-15T23:47:59.8001390Z warning: Challenge.lean:57:8: declaration uses `sorry`
2026-09-15T23:47:59.8002106Z warning: Challenge.lean:60:8: declaration uses `sorry`
2026-09-15T23:47:59.8002606Z warning: Challenge.lean:65:8: declaration uses `sorry`
2026-09-15T23:47:59.8003049Z warning: Challenge.lean:71:8: declaration uses `sorry`
2026-09-15T23:47:59.8003455Z warning: Challenge.lean:74:8: declaration uses `sorry`
2026-09-15T23:47:59.8003853Z warning: Challenge.lean:79:8: declaration uses `sorry`
2026-09-15T23:47:59.8004275Z warning: Challenge.lean:83:8: declaration uses `sorry`
2026-09-15T23:47:59.8004843Z warning: Challenge.lean:87:8: declaration uses `sorry`
2026-09-15T23:47:59.8005557Z warning: Challenge.lean:92:8: declaration uses `sorry`
2026-09-15T23:47:59.8006176Z warning: Challenge.lean:97:8: declaration uses `sorry`
2026-09-15T23:47:59.8031386Z warning: Challenge.lean:104:8: declaration uses `sorry`
2026-09-15T23:47:59.8031910Z warning: Challenge.lean:108:8: declaration uses `sorry`
2026-09-15T23:47:59.8032412Z warning: Challenge.lean:115:8: declaration uses `sorry`
2026-09-15T23:47:59.8032901Z warning: Challenge.lean:120:8: declaration uses `sorry`
2026-09-15T23:47:59.8033388Z warning: Challenge.lean:127:8: declaration uses `sorry`
2026-09-15T23:47:59.8033878Z warning: Challenge.lean:133:8: declaration uses `sorry`
2026-09-15T23:47:59.8034366Z warning: Challenge.lean:137:8: declaration uses `sorry`
2026-09-15T23:47:59.8034852Z warning: Challenge.lean:143:8: declaration uses `sorry`
2026-09-15T23:47:59.8035338Z warning: Challenge.lean:146:8: declaration uses `sorry`
2026-09-15T23:47:59.8035828Z warning: Challenge.lean:155:8: declaration uses `sorry`
2026-09-15T23:47:59.8096644Z Build completed successfully (2403 jobs).
2026-09-15T23:48:09.3025230Z Exporting #[Quot, Quot.mk, Quot.lift, Quot.ind, NLA.MF12.family_growth_is_maximum, NLA.MF12.pair_word_norms, NLA.MF12.entry_maximum_norm_comparison, NLA.MF12.tensor_norm_comparison, NLA.MF12.tensor_word_identity, NLA.MF12.fractional_parameters, NLA.MF12.fractional_projection, NLA.MF12.jordan_two_power, NLA.MF12.compressed_powers, NLA.MF12.loss_gain_bounds, NLA.MF12.telescoping_budget, NLA.MF12.compressed_product_formula, NLA.MF12.compressed_product_bound, NLA.MF12.fractional_powers_entry_bound, NLA.MF12.gap_decomposition, NLA.MF12.reset_product_factorization, NLA.MF12.fractional_all_word_upper, NLA.MF12.logarithmic_gap_bounds, NLA.MF12.bernoulli_loss, NLA.MF12.lower_word_exact, NLA.MF12.fractional_lower_all_lengths, NLA.MF12.fractional_growth_estimates, NLA.MF12.roots_of_polynomial_growth, NLA.MF12.jordan_entries, NLA.MF12.jordan_growth_estimates, NLA.MF12.integer_family_growth, NLA.MF12.fractional_tensor_growth, NLA.MF12.realizes_every_nonnegative_exponent, propext, Classical.choice, Quot.sound, Nat.add, Nat.sub, Nat.mul, Nat.pow, Nat.gcd, Nat.div, Nat.mod, Nat.beq, Nat.ble, Nat.land, Nat.lor, Nat.xor, Nat.shiftLeft, Nat.shiftRight, String.ofList, Char.ofNat, List, eagerReduce, Nat, String, String.mk, Char, optParam, autoParam, semiOutParam, outParam] from Challenge
2026-09-15T23:48:09.3030622Z Building Solution
2026-09-15T23:48:13.4832686Z ✔ [3100/3119] Built LeanCert.Tactic.Verification (2.2s)
2026-09-15T23:48:18.7981179Z ⚠ [3101/3119] Built NLA.MF12.RootLimit (5.3s)
2026-09-15T23:48:18.7998430Z warning: NLA/MF12/RootLimit.lean:49:5: Variable name `hγ` is not explicitly referenced.
2026-09-15T23:48:18.7999249Z 
2026-09-15T23:48:18.8000124Z Hint: The binding can be removed (if unused) or named `_` (if used implicitly). Alternatively, prefix the name with `_` to silence this warning:
2026-09-15T23:48:18.8001642Z   [apply] _hγ
2026-09-15T23:48:18.8001872Z 
2026-09-15T23:48:18.8002328Z Note: This linter can be disabled with `set_option linter.unusedVariables false`
2026-09-15T23:48:18.8003751Z info: NLA/MF12/RootLimit.lean:65:0: 'NLA.MF12.roots_of_polynomial_growth' depends on axioms: [propext, Classical.choice, Quot.sound]
2026-09-15T23:48:19.9994674Z ⚠ [3102/3119] Built NLA.MF12.Norms (6.5s)
2026-09-15T23:48:19.9996284Z warning: NLA/MF12/Norms.lean:32:10: This simp argument is unused:
2026-09-15T23:48:19.9997258Z   Matrix.mulVec_single_one
2026-09-15T23:48:19.9997784Z 
2026-09-15T23:48:19.9998189Z Hint: Omit it from the simp argument list.
2026-09-15T23:48:19.9998945Z   [apply] simp
2026-09-15T23:48:19.9999349Z 
2026-09-15T23:48:19.9999982Z Note: This linter can be disabled with `set_option linter.unusedSimpArgs false`
2026-09-15T23:48:20.0002077Z info: NLA/MF12/Norms.lean:116:0: 'NLA.MF12.entry_maximum_norm_comparison' depends on axioms: [propext, Classical.choice, Quot.sound]
2026-09-15T23:48:20.1997055Z ℹ [3103/3119] Built NLA.MF12.Parameters (6.8s)
2026-09-15T23:48:20.1998332Z info: NLA/MF12/Parameters.lean:129:0: 'NLA.MF12.fractional_parameters' depends on axioms: [propext, Classical.choice, Quot.sound]
2026-09-15T23:48:20.2000032Z info: NLA/MF12/Parameters.lean:130:0: 'NLA.MF12.loss_gain_bounds' depends on axioms: [propext, Classical.choice, Quot.sound]
2026-09-15T23:48:20.2001885Z info: NLA/MF12/Parameters.lean:131:0: 'NLA.MF12.bernoulli_loss' depends on axioms: [propext, Classical.choice, Quot.sound]
2026-09-15T23:48:22.3065228Z ℹ [3104/3119] Built NLA.MF12.Words (3.6s)
2026-09-15T23:48:22.3066908Z info: NLA/MF12/Words.lean:140:0: 'NLA.MF12.family_growth_is_maximum' depends on axioms: [propext, Classical.choice, Quot.sound]
2026-09-15T23:48:22.3068459Z info: NLA/MF12/Words.lean:141:0: 'NLA.MF12.pair_word_norms' depends on axioms: [propext, Classical.choice, Quot.sound]
2026-09-15T23:48:22.4088101Z ⚠ [3105/3119] Built NLA.MF12.MatrixAlgebra (8.0s)
2026-09-15T23:48:22.4095882Z warning: NLA/MF12/MatrixAlgebra.lean:66:57: Used `tac1 <;> tac2` where `(tac1; tac2)` would suffice
2026-09-15T23:48:22.4097005Z 
2026-09-15T23:48:22.4097737Z Note: This linter can be disabled with `set_option linter.unnecessarySeqFocus false`
2026-09-15T23:48:22.4099081Z warning: NLA/MF12/MatrixAlgebra.lean:159:15: This simp argument is unused:
2026-09-15T23:48:22.4100173Z   pow_succ
2026-09-15T23:48:22.4100619Z 
2026-09-15T23:48:22.4101399Z Hint: Omit it from the simp argument list.
2026-09-15T23:48:22.4102758Z   [apply] simp only [Nat.cast_add, Nat.cast_one, zero_mul, mul_zero, zero_add, add_zero, one_mul, mul_one]
2026-09-15T23:48:22.4103852Z 
2026-09-15T23:48:22.4104510Z Note: This linter can be disabled with `set_option linter.unusedSimpArgs false`
2026-09-15T23:48:22.4105764Z warning: NLA/MF12/MatrixAlgebra.lean:159:25: This simp argument is unused:
2026-09-15T23:48:22.4106799Z   Nat.cast_add
2026-09-15T23:48:22.4107265Z 
2026-09-15T23:48:22.4107730Z Hint: Omit it from the simp argument list.
2026-09-15T23:48:22.4108995Z   [apply] simp only [pow_succ, Nat.cast_one, zero_mul, mul_zero, zero_add, add_zero, one_mul, mul_one]
2026-09-15T23:48:22.4109828Z 
2026-09-15T23:48:22.4110472Z Note: This linter can be disabled with `set_option linter.unusedSimpArgs false`
2026-09-15T23:48:22.4111740Z warning: NLA/MF12/MatrixAlgebra.lean:159:39: This simp argument is unused:
2026-09-15T23:48:22.4112806Z   Nat.cast_one
2026-09-15T23:48:22.4113192Z 
2026-09-15T23:48:22.4113538Z Hint: Omit it from the simp argument list.
2026-09-15T23:48:22.4114534Z   [apply] simp only [pow_succ, Nat.cast_add, zero_mul, mul_zero, zero_add, add_zero, one_mul, mul_one]
2026-09-15T23:48:22.4115263Z 
2026-09-15T23:48:22.4115789Z Note: This linter can be disabled with `set_option linter.unusedSimpArgs false`
2026-09-15T23:48:22.4116753Z warning: NLA/MF12/MatrixAlgebra.lean:159:53: This simp argument is unused:
2026-09-15T23:48:22.4117501Z   zero_mul
2026-09-15T23:48:22.4117837Z 
2026-09-15T23:48:22.4118177Z Hint: Omit it from the simp argument list.
2026-09-15T23:48:22.4119169Z   [apply] simp only [pow_succ, Nat.cast_add, Nat.cast_one, mul_zero, zero_add, add_zero, one_mul, mul_one]
2026-09-15T23:48:22.4119909Z 
2026-09-15T23:48:22.4120427Z Note: This linter can be disabled with `set_option linter.unusedSimpArgs false`
2026-09-15T23:48:22.4121740Z warning: NLA/MF12/MatrixAlgebra.lean:160:6: This simp argument is unused:
2026-09-15T23:48:22.4122492Z   zero_add
2026-09-15T23:48:22.4123075Z 
2026-09-15T23:48:22.4123417Z Hint: Omit it from the simp argument list.
2026-09-15T23:48:22.4124405Z   [apply] simp only [pow_succ, Nat.cast_add, Nat.cast_one, zero_mul, mul_zero, add_zero, one_mul, mul_one]
2026-09-15T23:48:22.4125144Z 
2026-09-15T23:48:22.4125655Z Note: This linter can be disabled with `set_option linter.unusedSimpArgs false`
2026-09-15T23:48:22.4126617Z warning: NLA/MF12/MatrixAlgebra.lean:160:26: This simp argument is unused:
2026-09-15T23:48:22.4127354Z   one_mul
2026-09-15T23:48:22.4127671Z 
2026-09-15T23:48:22.4128008Z Hint: Omit it from the simp argument list.
2026-09-15T23:48:22.4129022Z   [apply] simp only [pow_succ, Nat.cast_add, Nat.cast_one, zero_mul, mul_zero, zero_add, add_zero, mul_one]
2026-09-15T23:48:22.4129767Z 
2026-09-15T23:48:22.4130276Z Note: This linter can be disabled with `set_option linter.unusedSimpArgs false`
2026-09-15T23:48:22.4131475Z warning: NLA/MF12/MatrixAlgebra.lean:162:15: This simp argument is unused:
2026-09-15T23:48:22.4132234Z   pow_succ
2026-09-15T23:48:22.4132558Z 
2026-09-15T23:48:22.4132886Z Hint: Omit it from the simp argument list.
2026-09-15T23:48:22.4133880Z   [apply] simp only [Nat.cast_add, Nat.cast_one, zero_mul, mul_zero, zero_add, add_zero, one_mul, mul_one]
2026-09-15T23:48:22.4134615Z 
2026-09-15T23:48:22.4135132Z Note: This linter can be disabled with `set_option linter.unusedSimpArgs false`
2026-09-15T23:48:22.4136084Z warning: NLA/MF12/MatrixAlgebra.lean:162:25: This simp argument is unused:
2026-09-15T23:48:22.4136824Z   Nat.cast_add
2026-09-15T23:48:22.4137159Z 
2026-09-15T23:48:22.4137486Z Hint: Omit it from the simp argument list.
2026-09-15T23:48:22.4138467Z   [apply] simp only [pow_succ, Nat.cast_one, zero_mul, mul_zero, zero_add, add_zero, one_mul, mul_one]
2026-09-15T23:48:22.4139187Z 
2026-09-15T23:48:22.4139718Z Note: This linter can be disabled with `set_option linter.unusedSimpArgs false`
2026-09-15T23:48:22.4140915Z warning: NLA/MF12/MatrixAlgebra.lean:162:39: This simp argument is unused:
2026-09-15T23:48:22.4141739Z   Nat.cast_one
2026-09-15T23:48:22.4142090Z 
2026-09-15T23:48:22.4142433Z Hint: Omit it from the simp argument list.
2026-09-15T23:48:22.4143463Z   [apply] simp only [pow_succ, Nat.cast_add, zero_mul, mul_zero, zero_add, add_zero, one_mul, mul_one]
2026-09-15T23:48:22.4144225Z 
2026-09-15T23:48:22.4144942Z Note: This linter can be disabled with `set_option linter.unusedSimpArgs false`
2026-09-15T23:48:22.4146018Z warning: NLA/MF12/MatrixAlgebra.lean:163:6: This simp argument is unused:
2026-09-15T23:48:22.4146800Z   zero_add
2026-09-15T23:48:22.4147128Z 
2026-09-15T23:48:22.4147469Z Hint: Omit it from the simp argument list.
2026-09-15T23:48:22.4148508Z   [apply] simp only [pow_succ, Nat.cast_add, Nat.cast_one, zero_mul, mul_zero, add_zero, one_mul, mul_one]
2026-09-15T23:48:22.4149299Z 
2026-09-15T23:48:22.4149835Z Note: This linter can be disabled with `set_option linter.unusedSimpArgs false`
2026-09-15T23:48:22.4151265Z warning: NLA/MF12/MatrixAlgebra.lean:163:26: This simp argument is unused:
2026-09-15T23:48:22.4152122Z   one_mul
2026-09-15T23:48:22.4152458Z 
2026-09-15T23:48:22.4152803Z Hint: Omit it from the simp argument list.
2026-09-15T23:48:22.4153868Z   [apply] simp only [pow_succ, Nat.cast_add, Nat.cast_one, zero_mul, mul_zero, zero_add, add_zero, mul_one]
2026-09-15T23:48:22.4154670Z 
2026-09-15T23:48:22.4155206Z Note: This linter can be disabled with `set_option linter.unusedSimpArgs false`
2026-09-15T23:48:22.4156208Z warning: NLA/MF12/MatrixAlgebra.lean:163:35: This simp argument is unused:
2026-09-15T23:48:22.4156977Z   mul_one
2026-09-15T23:48:22.4157304Z 
2026-09-15T23:48:22.4157644Z Hint: Omit it from the simp argument list.
2026-09-15T23:48:22.4158695Z   [apply] simp only [pow_succ, Nat.cast_add, Nat.cast_one, zero_mul, mul_zero, zero_add, add_zero, one_mul]
2026-09-15T23:48:22.4159479Z 
2026-09-15T23:48:22.4160006Z Note: This linter can be disabled with `set_option linter.unusedSimpArgs false`
2026-09-15T23:48:22.4192742Z warning: NLA/MF12/MatrixAlgebra.lean:165:15: This simp argument is unused:
2026-09-15T23:48:22.4199312Z   pow_succ
2026-09-15T23:48:22.4199796Z 
2026-09-15T23:48:22.4200217Z Hint: Omit it from the simp argument list.
2026-09-15T23:48:22.4201558Z   [apply] simp only [Nat.cast_add, Nat.cast_one, zero_mul, mul_zero, zero_add, add_zero, one_mul, mul_one]
2026-09-15T23:48:22.4202395Z 
2026-09-15T23:48:22.4202961Z Note: This linter can be disabled with `set_option linter.unusedSimpArgs false`
2026-09-15T23:48:22.4204012Z warning: NLA/MF12/MatrixAlgebra.lean:165:25: This simp argument is unused:
2026-09-15T23:48:22.4204939Z   Nat.cast_add
2026-09-15T23:48:22.4205350Z 
2026-09-15T23:48:22.4205759Z Hint: Omit it from the simp argument list.
2026-09-15T23:48:22.4206905Z   [apply] simp only [pow_succ, Nat.cast_one, zero_mul, mul_zero, zero_add, add_zero, one_mul, mul_one]
2026-09-15T23:48:22.4207761Z 
2026-09-15T23:48:22.4208360Z Note: This linter can be disabled with `set_option linter.unusedSimpArgs false`
2026-09-15T23:48:22.4209450Z warning: NLA/MF12/MatrixAlgebra.lean:165:39: This simp argument is unused:
2026-09-15T23:48:22.4210316Z   Nat.cast_one
2026-09-15T23:48:22.4210944Z 
2026-09-15T23:48:22.4211343Z Hint: Omit it from the simp argument list.
2026-09-15T23:48:22.4212469Z   [apply] simp only [pow_succ, Nat.cast_add, zero_mul, mul_zero, zero_add, add_zero, one_mul, mul_one]
2026-09-15T23:48:22.4213336Z 
2026-09-15T23:48:22.4213917Z Note: This linter can be disabled with `set_option linter.unusedSimpArgs false`
2026-09-15T23:48:22.4215003Z warning: NLA/MF12/MatrixAlgebra.lean:166:6: This simp argument is unused:
2026-09-15T23:48:22.4215887Z   zero_add
2026-09-15T23:48:22.4216283Z 
2026-09-15T23:48:22.4216673Z Hint: Omit it from the simp argument list.
2026-09-15T23:48:22.4217824Z   [apply] simp only [pow_succ, Nat.cast_add, Nat.cast_one, zero_mul, mul_zero, add_zero, one_mul, mul_one]
2026-09-15T23:48:22.4218720Z 
2026-09-15T23:48:22.4219319Z Note: This linter can be disabled with `set_option linter.unusedSimpArgs false`
2026-09-15T23:48:22.4220449Z warning: NLA/MF12/MatrixAlgebra.lean:166:26: This simp argument is unused:
2026-09-15T23:48:22.4221615Z   one_mul
2026-09-15T23:48:22.4221991Z 
2026-09-15T23:48:22.4222375Z Hint: Omit it from the simp argument list.
2026-09-15T23:48:22.4223544Z   [apply] simp only [pow_succ, Nat.cast_add, Nat.cast_one, zero_mul, mul_zero, zero_add, add_zero, mul_one]
2026-09-15T23:48:22.4224476Z 
2026-09-15T23:48:22.4225121Z Note: This linter can be disabled with `set_option linter.unusedSimpArgs false`
2026-09-15T23:48:22.4226394Z warning: NLA/MF12/MatrixAlgebra.lean:166:35: This simp argument is unused:
2026-09-15T23:48:22.4227533Z   mul_one
2026-09-15T23:48:22.4227937Z 
2026-09-15T23:48:22.4228338Z Hint: Omit it from the simp argument list.
2026-09-15T23:48:22.4229581Z   [apply] simp only [pow_succ, Nat.cast_add, Nat.cast_one, zero_mul, mul_zero, zero_add, add_zero, one_mul]
2026-09-15T23:48:22.4230544Z 
2026-09-15T23:48:22.4231744Z Note: This linter can be disabled with `set_option linter.unusedSimpArgs false`
2026-09-15T23:48:22.4233021Z warning: NLA/MF12/MatrixAlgebra.lean:168:15: This simp argument is unused:
2026-09-15T23:48:22.4234007Z   pow_succ
2026-09-15T23:48:22.4234420Z 
2026-09-15T23:48:22.4234824Z Hint: Omit it from the simp argument list.
2026-09-15T23:48:22.4236089Z   [apply] simp only [Nat.cast_add, Nat.cast_one, zero_mul, mul_zero, zero_add, add_zero, one_mul, mul_one]
2026-09-15T23:48:22.4236998Z 
2026-09-15T23:48:22.4237675Z Note: This linter can be disabled with `set_option linter.unusedSimpArgs false`
2026-09-15T23:48:22.4238896Z warning: NLA/MF12/MatrixAlgebra.lean:168:25: This simp argument is unused:
2026-09-15T23:48:22.4239827Z   Nat.cast_add
2026-09-15T23:48:22.4240233Z 
2026-09-15T23:48:22.4240617Z Hint: Omit it from the simp argument list.
2026-09-15T23:48:22.4242026Z   [apply] simp only [pow_succ, Nat.cast_one, zero_mul, mul_zero, zero_add, add_zero, one_mul, mul_one]
2026-09-15T23:48:22.4242901Z 
2026-09-15T23:48:22.4243539Z Note: This linter can be disabled with `set_option linter.unusedSimpArgs false`
2026-09-15T23:48:22.4244970Z warning: NLA/MF12/MatrixAlgebra.lean:168:39: This simp argument is unused:
2026-09-15T23:48:22.4245900Z   Nat.cast_one
2026-09-15T23:48:22.4246320Z 
2026-09-15T23:48:22.4246703Z Hint: Omit it from the simp argument list.
2026-09-15T23:48:22.4247827Z   [apply] simp only [pow_succ, Nat.cast_add, zero_mul, mul_zero, zero_add, add_zero, one_mul, mul_one]
2026-09-15T23:48:22.4248701Z 
2026-09-15T23:48:22.4249309Z Note: This linter can be disabled with `set_option linter.unusedSimpArgs false`
2026-09-15T23:48:22.4250667Z warning: NLA/MF12/MatrixAlgebra.lean:169:6: This simp argument is unused:
2026-09-15T23:48:22.4256248Z   zero_add
2026-09-15T23:48:22.4281012Z 
2026-09-15T23:48:22.4287451Z Hint: Omit it from the simp argument list.
2026-09-15T23:48:22.4289009Z   [apply] simp only [pow_succ, Nat.cast_add, Nat.cast_one, zero_mul, mul_zero, add_zero, one_mul, mul_one]
2026-09-15T23:48:22.4289971Z 
2026-09-15T23:48:22.4290642Z Note: This linter can be disabled with `set_option linter.unusedSimpArgs false`
2026-09-15T23:48:22.4292123Z warning: NLA/MF12/MatrixAlgebra.lean:169:26: This simp argument is unused:
2026-09-15T23:48:22.4293039Z   one_mul
2026-09-15T23:48:22.4293432Z 
2026-09-15T23:48:22.4293836Z Hint: Omit it from the simp argument list.
2026-09-15T23:48:22.4295104Z   [apply] simp only [pow_succ, Nat.cast_add, Nat.cast_one, zero_mul, mul_zero, zero_add, add_zero, mul_one]
2026-09-15T23:48:22.4296061Z 
2026-09-15T23:48:22.4296698Z Note: This linter can be disabled with `set_option linter.unusedSimpArgs false`
2026-09-15T23:48:22.4298147Z warning: NLA/MF12/MatrixAlgebra.lean:169:35: This simp argument is unused:
2026-09-15T23:48:22.4299183Z   mul_one
2026-09-15T23:48:22.4299579Z 
2026-09-15T23:48:22.4299965Z Hint: Omit it from the simp argument list.
2026-09-15T23:48:22.4301457Z   [apply] simp only [pow_succ, Nat.cast_add, Nat.cast_one, zero_mul, mul_zero, zero_add, add_zero, one_mul]
2026-09-15T23:48:22.4302417Z 
2026-09-15T23:48:22.4303061Z Note: This linter can be disabled with `set_option linter.unusedSimpArgs false`
2026-09-15T23:48:22.4304288Z warning: NLA/MF12/MatrixAlgebra.lean:171:15: This simp argument is unused:
2026-09-15T23:48:22.4305139Z   pow_succ
2026-09-15T23:48:22.4305506Z 
2026-09-15T23:48:22.4305876Z Hint: Omit it from the simp argument list.
2026-09-15T23:48:22.4307230Z   [apply] simp only [Nat.cast_add, Nat.cast_one, zero_mul, mul_zero, zero_add, add_zero, one_mul, mul_one]
2026-09-15T23:48:22.4308110Z 
2026-09-15T23:48:22.4308679Z Note: This linter can be disabled with `set_option linter.unusedSimpArgs false`
2026-09-15T23:48:22.4315800Z warning: NLA/MF12/MatrixAlgebra.lean:171:25: This simp argument is unused:
2026-09-15T23:48:22.4316761Z   Nat.cast_add
2026-09-15T23:48:22.4317204Z 
2026-09-15T23:48:22.4317653Z Hint: Omit it from the simp argument list.
2026-09-15T23:48:22.4318840Z   [apply] simp only [pow_succ, Nat.cast_one, zero_mul, mul_zero, zero_add, add_zero, one_mul, mul_one]
2026-09-15T23:48:22.4319696Z 
2026-09-15T23:48:22.4320588Z Note: This linter can be disabled with `set_option linter.unusedSimpArgs false`
2026-09-15T23:48:22.4322070Z warning: NLA/MF12/MatrixAlgebra.lean:171:39: This simp argument is unused:
2026-09-15T23:48:22.4323011Z   Nat.cast_one
2026-09-15T23:48:22.4328590Z 
2026-09-15T23:48:22.4329057Z Hint: Omit it from the simp argument list.
2026-09-15T23:48:22.4330241Z   [apply] simp only [pow_succ, Nat.cast_add, zero_mul, mul_zero, zero_add, add_zero, one_mul, mul_one]
2026-09-15T23:48:22.4331334Z 
2026-09-15T23:48:22.4331907Z Note: This linter can be disabled with `set_option linter.unusedSimpArgs false`
2026-09-15T23:48:22.4332957Z warning: NLA/MF12/MatrixAlgebra.lean:172:6: This simp argument is unused:
2026-09-15T23:48:22.4333797Z   zero_add
2026-09-15T23:48:22.4334168Z 
2026-09-15T23:48:22.4334539Z Hint: Omit it from the simp argument list.
2026-09-15T23:48:22.4335674Z   [apply] simp only [pow_succ, Nat.cast_add, Nat.cast_one, zero_mul, mul_zero, add_zero, one_mul, mul_one]
2026-09-15T23:48:22.4336546Z 
2026-09-15T23:48:22.4337130Z Note: This linter can be disabled with `set_option linter.unusedSimpArgs false`
2026-09-15T23:48:22.4338503Z warning: NLA/MF12/MatrixAlgebra.lean:172:26: This simp argument is unused:
2026-09-15T23:48:22.4339379Z   one_mul
2026-09-15T23:48:22.4339746Z 
2026-09-15T23:48:22.4340120Z Hint: Omit it from the simp argument list.
2026-09-15T23:48:22.4341650Z   [apply] simp only [pow_succ, Nat.cast_add, Nat.cast_one, zero_mul, mul_zero, zero_add, add_zero, mul_one]
2026-09-15T23:48:22.4342579Z 
2026-09-15T23:48:22.4343206Z Note: This linter can be disabled with `set_option linter.unusedSimpArgs false`
2026-09-15T23:48:22.4344355Z warning: NLA/MF12/MatrixAlgebra.lean:172:35: This simp argument is unused:
2026-09-15T23:48:22.4345240Z   mul_one
2026-09-15T23:48:22.4345621Z 
2026-09-15T23:48:22.4346026Z Hint: Omit it from the simp argument list.
2026-09-15T23:48:22.4347246Z   [apply] simp only [pow_succ, Nat.cast_add, Nat.cast_one, zero_mul, mul_zero, zero_add, add_zero, one_mul]
2026-09-15T23:48:22.4348133Z 
2026-09-15T23:48:22.4348807Z Note: This linter can be disabled with `set_option linter.unusedSimpArgs false`
2026-09-15T23:48:22.4349953Z warning: NLA/MF12/MatrixAlgebra.lean:174:15: This simp argument is unused:
2026-09-15T23:48:22.4351134Z   pow_succ
2026-09-15T23:48:22.4351560Z 
2026-09-15T23:48:22.4351976Z Hint: Omit it from the simp argument list.
2026-09-15T23:48:22.4353156Z   [apply] simp only [Nat.cast_add, Nat.cast_one, zero_mul, mul_zero, zero_add, add_zero, one_mul, mul_one]
2026-09-15T23:48:22.4354035Z 
2026-09-15T23:48:22.4354650Z Note: This linter can be disabled with `set_option linter.unusedSimpArgs false`
2026-09-15T23:48:22.4355784Z warning: NLA/MF12/MatrixAlgebra.lean:174:25: This simp argument is unused:
2026-09-15T23:48:22.4356667Z   Nat.cast_add
2026-09-15T23:48:22.4357062Z 
2026-09-15T23:48:22.4357451Z Hint: Omit it from the simp argument list.
2026-09-15T23:48:22.4358616Z   [apply] simp only [pow_succ, Nat.cast_one, zero_mul, mul_zero, zero_add, add_zero, one_mul, mul_one]
2026-09-15T23:48:22.4359470Z 
2026-09-15T23:48:22.4360078Z Note: This linter can be disabled with `set_option linter.unusedSimpArgs false`
2026-09-15T23:48:22.4361459Z warning: NLA/MF12/MatrixAlgebra.lean:174:39: This simp argument is unused:
2026-09-15T23:48:22.4362327Z   Nat.cast_one
2026-09-15T23:48:22.4362713Z 
2026-09-15T23:48:22.4363080Z Hint: Omit it from the simp argument list.
2026-09-15T23:48:22.4364234Z   [apply] simp only [pow_succ, Nat.cast_add, zero_mul, mul_zero, zero_add, add_zero, one_mul, mul_one]
2026-09-15T23:48:22.4365093Z 
2026-09-15T23:48:22.4365713Z Note: This linter can be disabled with `set_option linter.unusedSimpArgs false`
2026-09-15T23:48:22.4366886Z warning: NLA/MF12/MatrixAlgebra.lean:174:53: This simp argument is unused:
2026-09-15T23:48:22.4367778Z   zero_mul
2026-09-15T23:48:22.4368164Z 
2026-09-15T23:48:22.4368556Z Hint: Omit it from the simp argument list.
2026-09-15T23:48:22.4369976Z   [apply] simp only [pow_succ, Nat.cast_add, Nat.cast_one, mul_zero, zero_add, add_zero, one_mul, mul_one]
2026-09-15T23:48:22.4371252Z 
2026-09-15T23:48:22.4371886Z Note: This linter can be disabled with `set_option linter.unusedSimpArgs false`
2026-09-15T23:48:22.4373051Z warning: NLA/MF12/MatrixAlgebra.lean:175:6: This simp argument is unused:
2026-09-15T23:48:22.4373932Z   zero_add
2026-09-15T23:48:22.4374326Z 
2026-09-15T23:48:22.4374714Z Hint: Omit it from the simp argument list.
2026-09-15T23:48:22.4376076Z   [apply] simp only [pow_succ, Nat.cast_add, Nat.cast_one, zero_mul, mul_zero, add_zero, one_mul, mul_one]
2026-09-15T23:48:22.4377019Z 
2026-09-15T23:48:22.4377624Z Note: This linter can be disabled with `set_option linter.unusedSimpArgs false`
2026-09-15T23:48:22.4378780Z warning: NLA/MF12/MatrixAlgebra.lean:175:26: This simp argument is unused:
2026-09-15T23:48:22.4379663Z   one_mul
2026-09-15T23:48:22.4380054Z 
2026-09-15T23:48:22.4380436Z Hint: Omit it from the simp argument list.
2026-09-15T23:48:22.4382821Z   [apply] simp only [pow_succ, Nat.cast_add, Nat.cast_one, zero_mul, mul_zero, zero_add, add_zero, mul_one]
2026-09-15T23:48:22.4384336Z 
2026-09-15T23:48:22.4385036Z Note: This linter can be disabled with `set_option linter.unusedSimpArgs false`
2026-09-15T23:48:22.4386200Z warning: NLA/MF12/MatrixAlgebra.lean:177:15: This simp argument is unused:
2026-09-15T23:48:22.4387177Z   pow_succ
2026-09-15T23:48:22.4387573Z 
2026-09-15T23:48:22.4387981Z Hint: Omit it from the simp argument list.
2026-09-15T23:48:22.4389171Z   [apply] simp only [Nat.cast_add, Nat.cast_one, zero_mul, mul_zero, zero_add, add_zero, one_mul, mul_one]
2026-09-15T23:48:22.4390052Z 
2026-09-15T23:48:22.4390674Z Note: This linter can be disabled with `set_option linter.unusedSimpArgs false`
2026-09-15T23:48:22.4392189Z warning: NLA/MF12/MatrixAlgebra.lean:177:25: This simp argument is unused:
2026-09-15T23:48:22.4393086Z   Nat.cast_add
2026-09-15T23:48:22.4393493Z 
2026-09-15T23:48:22.4393898Z Hint: Omit it from the simp argument list.
2026-09-15T23:48:22.4395058Z   [apply] simp only [pow_succ, Nat.cast_one, zero_mul, mul_zero, zero_add, add_zero, one_mul, mul_one]
2026-09-15T23:48:22.4395921Z 
2026-09-15T23:48:22.4396535Z Note: This linter can be disabled with `set_option linter.unusedSimpArgs false`
2026-09-15T23:48:22.4397683Z warning: NLA/MF12/MatrixAlgebra.lean:177:39: This simp argument is unused:
2026-09-15T23:48:22.4398567Z   Nat.cast_one
2026-09-15T23:48:22.4398973Z 
2026-09-15T23:48:22.4399369Z Hint: Omit it from the simp argument list.
2026-09-15T23:48:22.4400513Z   [apply] simp only [pow_succ, Nat.cast_add, zero_mul, mul_zero, zero_add, add_zero, one_mul, mul_one]
2026-09-15T23:48:22.4401624Z 
2026-09-15T23:48:22.4402210Z Note: This linter can be disabled with `set_option linter.unusedSimpArgs false`
2026-09-15T23:48:22.4403328Z warning: NLA/MF12/MatrixAlgebra.lean:177:53: This simp argument is unused:
2026-09-15T23:48:22.4404185Z   zero_mul
2026-09-15T23:48:22.4404563Z 
2026-09-15T23:48:22.4404969Z Hint: Omit it from the simp argument list.
2026-09-15T23:48:22.4406158Z   [apply] simp only [pow_succ, Nat.cast_add, Nat.cast_one, mul_zero, zero_add, add_zero, one_mul, mul_one]
2026-09-15T23:48:22.4407027Z 
2026-09-15T23:48:22.4407606Z Note: This linter can be disabled with `set_option linter.unusedSimpArgs false`
2026-09-15T23:48:22.4408704Z warning: NLA/MF12/MatrixAlgebra.lean:178:6: This simp argument is unused:
2026-09-15T23:48:22.4409548Z   zero_add
2026-09-15T23:48:22.4409918Z 
2026-09-15T23:48:22.4410277Z Hint: Omit it from the simp argument list.
2026-09-15T23:48:22.4411702Z   [apply] simp only [pow_succ, Nat.cast_add, Nat.cast_one, zero_mul, mul_zero, add_zero, one_mul, mul_one]
2026-09-15T23:48:22.4412536Z 
2026-09-15T23:48:22.4413111Z Note: This linter can be disabled with `set_option linter.unusedSimpArgs false`
2026-09-15T23:48:22.4414237Z warning: NLA/MF12/MatrixAlgebra.lean:178:26: This simp argument is unused:
2026-09-15T23:48:22.4422612Z   one_mul
2026-09-15T23:48:22.4423030Z 
2026-09-15T23:48:22.4423454Z Hint: Omit it from the simp argument list.
2026-09-15T23:48:22.4424879Z   [apply] simp only [pow_succ, Nat.cast_add, Nat.cast_one, zero_mul, mul_zero, zero_add, add_zero, mul_one]
2026-09-15T23:48:22.4425803Z 
2026-09-15T23:48:22.4426425Z Note: This linter can be disabled with `set_option linter.unusedSimpArgs false`
2026-09-15T23:48:22.4427609Z warning: NLA/MF12/MatrixAlgebra.lean:180:25: This simp argument is unused:
2026-09-15T23:48:22.4428522Z   Nat.cast_add
2026-09-15T23:48:22.4428932Z 
2026-09-15T23:48:22.4429367Z Hint: Omit it from the simp argument list.
2026-09-15T23:48:22.4430631Z   [apply] simp only [pow_succ, Nat.cast_one, zero_mul, mul_zero, zero_add, add_zero, one_mul, mul_one]
2026-09-15T23:48:22.4431704Z 
2026-09-15T23:48:22.4432266Z Note: This linter can be disabled with `set_option linter.unusedSimpArgs false`
2026-09-15T23:48:22.4433313Z warning: NLA/MF12/MatrixAlgebra.lean:180:39: This simp argument is unused:
2026-09-15T23:48:22.4434133Z   Nat.cast_one
2026-09-15T23:48:22.4434527Z 
2026-09-15T23:48:22.4434939Z Hint: Omit it from the simp argument list.
2026-09-15T23:48:22.4436091Z   [apply] simp only [pow_succ, Nat.cast_add, zero_mul, mul_zero, zero_add, add_zero, one_mul, mul_one]
2026-09-15T23:48:22.4437273Z 
2026-09-15T23:48:22.4437926Z Note: This linter can be disabled with `set_option linter.unusedSimpArgs false`
2026-09-15T23:48:22.4439074Z warning: NLA/MF12/MatrixAlgebra.lean:180:53: This simp argument is unused:
2026-09-15T23:48:22.4439962Z   zero_mul
2026-09-15T23:48:22.4440342Z 
2026-09-15T23:48:22.4440988Z Hint: Omit it from the simp argument list.
2026-09-15T23:48:22.4442259Z   [apply] simp only [pow_succ, Nat.cast_add, Nat.cast_one, mul_zero, zero_add, add_zero, one_mul, mul_one]
2026-09-15T23:48:22.4443171Z 
2026-09-15T23:48:22.4443799Z Note: This linter can be disabled with `set_option linter.unusedSimpArgs false`
2026-09-15T23:48:22.4444970Z warning: NLA/MF12/MatrixAlgebra.lean:181:26: This simp argument is unused:
2026-09-15T23:48:22.4445925Z   one_mul
2026-09-15T23:48:22.4446276Z 
2026-09-15T23:48:22.4446659Z Hint: Omit it from the simp argument list.
2026-09-15T23:48:22.4447818Z   [apply] simp only [pow_succ, Nat.cast_add, Nat.cast_one, zero_mul, mul_zero, zero_add, add_zero, mul_one]
2026-09-15T23:48:22.4448690Z 
2026-09-15T23:48:22.4449261Z Note: This linter can be disabled with `set_option linter.unusedSimpArgs false`
2026-09-15T23:48:22.4450380Z warning: NLA/MF12/MatrixAlgebra.lean:181:35: This simp argument is unused:
2026-09-15T23:48:22.4451470Z   mul_one
2026-09-15T23:48:22.4451791Z 
2026-09-15T23:48:22.4452144Z Hint: Omit it from the simp argument list.
2026-09-15T23:48:22.4453279Z   [apply] simp only [pow_succ, Nat.cast_add, Nat.cast_one, zero_mul, mul_zero, zero_add, add_zero, one_mul]
2026-09-15T23:48:22.4454126Z 
2026-09-15T23:48:22.4454674Z Note: This linter can be disabled with `set_option linter.unusedSimpArgs false`
2026-09-15T23:48:22.4455779Z warning: NLA/MF12/MatrixAlgebra.lean:183:53: This simp argument is unused:
2026-09-15T23:48:22.4456666Z   zero_mul
2026-09-15T23:48:22.4457013Z 
2026-09-15T23:48:22.4457404Z Hint: Omit it from the simp argument list.
2026-09-15T23:48:22.4458606Z   [apply] simp only [pow_succ, Nat.cast_add, Nat.cast_one, mul_zero, zero_add, add_zero, one_mul, mul_one]
2026-09-15T23:48:22.4459456Z 
2026-09-15T23:48:22.4460014Z Note: This linter can be disabled with `set_option linter.unusedSimpArgs false`
2026-09-15T23:48:22.4461347Z warning: NLA/MF12/MatrixAlgebra.lean:184:26: This simp argument is unused:
2026-09-15T23:48:22.4462187Z   one_mul
2026-09-15T23:48:22.4462511Z 
2026-09-15T23:48:22.4462873Z Hint: Omit it from the simp argument list.
2026-09-15T23:48:22.4464069Z   [apply] simp only [pow_succ, Nat.cast_add, Nat.cast_one, zero_mul, mul_zero, zero_add, add_zero, mul_one]
2026-09-15T23:48:22.4465013Z 
2026-09-15T23:48:22.4465602Z Note: This linter can be disabled with `set_option linter.unusedSimpArgs false`
2026-09-15T23:48:22.4466741Z warning: NLA/MF12/MatrixAlgebra.lean:184:35: This simp argument is unused:
2026-09-15T23:48:22.4467626Z   mul_one
2026-09-15T23:48:22.4467955Z 
2026-09-15T23:48:22.4468548Z Hint: Omit it from the simp argument list.
2026-09-15T23:48:22.4469694Z   [apply] simp only [pow_succ, Nat.cast_add, Nat.cast_one, zero_mul, mul_zero, zero_add, add_zero, one_mul]
2026-09-15T23:48:22.4470523Z 
2026-09-15T23:48:22.4471301Z Note: This linter can be disabled with `set_option linter.unusedSimpArgs false`
2026-09-15T23:48:22.4472409Z warning: NLA/MF12/MatrixAlgebra.lean:186:15: This simp argument is unused:
2026-09-15T23:48:22.4473237Z   pow_succ
2026-09-15T23:48:22.4473563Z 
2026-09-15T23:48:22.4473904Z Hint: Omit it from the simp argument list.
2026-09-15T23:48:22.4474951Z   [apply] simp only [Nat.cast_add, Nat.cast_one, zero_mul, mul_zero, zero_add, add_zero, one_mul, mul_one]
2026-09-15T23:48:22.4475787Z 
2026-09-15T23:48:22.4476340Z Note: This linter can be disabled with `set_option linter.unusedSimpArgs false`
2026-09-15T23:48:22.4477429Z warning: NLA/MF12/MatrixAlgebra.lean:186:25: This simp argument is unused:
2026-09-15T23:48:22.4478228Z   Nat.cast_add
2026-09-15T23:48:22.4478559Z 
2026-09-15T23:48:22.4478902Z Hint: Omit it from the simp argument list.
2026-09-15T23:48:22.4480172Z   [apply] simp only [pow_succ, Nat.cast_one, zero_mul, mul_zero, zero_add, add_zero, one_mul, mul_one]
2026-09-15T23:48:22.4481141Z 
2026-09-15T23:48:22.4481694Z Note: This linter can be disabled with `set_option linter.unusedSimpArgs false`
2026-09-15T23:48:22.4482751Z warning: NLA/MF12/MatrixAlgebra.lean:186:39: This simp argument is unused:
2026-09-15T23:48:22.4483557Z   Nat.cast_one
2026-09-15T23:48:22.4483889Z 
2026-09-15T23:48:22.4484229Z Hint: Omit it from the simp argument list.
2026-09-15T23:48:22.4485273Z   [apply] simp only [pow_succ, Nat.cast_add, zero_mul, mul_zero, zero_add, add_zero, one_mul, mul_one]
2026-09-15T23:48:22.4486057Z 
2026-09-15T23:48:22.4486684Z Note: This linter can be disabled with `set_option linter.unusedSimpArgs false`
2026-09-15T23:48:22.4487758Z warning: NLA/MF12/MatrixAlgebra.lean:187:6: This simp argument is unused:
2026-09-15T23:48:22.4488573Z   zero_add
2026-09-15T23:48:22.4488895Z 
2026-09-15T23:48:22.4489232Z Hint: Omit it from the simp argument list.
2026-09-15T23:48:22.4490319Z   [apply] simp only [pow_succ, Nat.cast_add, Nat.cast_one, zero_mul, mul_zero, add_zero, one_mul, mul_one]
2026-09-15T23:48:22.4491315Z 
2026-09-15T23:48:22.4491853Z Note: This linter can be disabled with `set_option linter.unusedSimpArgs false`
2026-09-15T23:48:22.4492906Z warning: NLA/MF12/MatrixAlgebra.lean:187:26: This simp argument is unused:
2026-09-15T23:48:22.4493699Z   one_mul
2026-09-15T23:48:22.4494010Z 
2026-09-15T23:48:22.4494342Z Hint: Omit it from the simp argument list.
2026-09-15T23:48:22.4495426Z   [apply] simp only [pow_succ, Nat.cast_add, Nat.cast_one, zero_mul, mul_zero, zero_add, add_zero, mul_one]
2026-09-15T23:48:22.4496236Z 
2026-09-15T23:48:22.4496766Z Note: This linter can be disabled with `set_option linter.unusedSimpArgs false`
2026-09-15T23:48:22.4497805Z warning: NLA/MF12/MatrixAlgebra.lean:187:35: This simp argument is unused:
2026-09-15T23:48:22.4498590Z   mul_one
2026-09-15T23:48:22.4498906Z 
2026-09-15T23:48:22.4499237Z Hint: Omit it from the simp argument list.
2026-09-15T23:48:22.4500407Z   [apply] simp only [pow_succ, Nat.cast_add, Nat.cast_one, zero_mul, mul_zero, zero_add, add_zero, one_mul]
2026-09-15T23:48:22.4501415Z 
2026-09-15T23:48:22.4501949Z Note: This linter can be disabled with `set_option linter.unusedSimpArgs false`
2026-09-15T23:48:22.4502986Z warning: NLA/MF12/MatrixAlgebra.lean:189:15: This simp argument is unused:
2026-09-15T23:48:22.4503776Z   pow_succ
2026-09-15T23:48:22.4504093Z 
2026-09-15T23:48:22.4504414Z Hint: Omit it from the simp argument list.
2026-09-15T23:48:22.4505499Z   [apply] simp only [Nat.cast_add, Nat.cast_one, zero_mul, mul_zero, zero_add, add_zero, one_mul, mul_one]
2026-09-15T23:48:22.4506305Z 
2026-09-15T23:48:22.4506832Z Note: This linter can be disabled with `set_option linter.unusedSimpArgs false`
2026-09-15T23:48:22.4507867Z warning: NLA/MF12/MatrixAlgebra.lean:189:25: This simp argument is unused:
2026-09-15T23:48:22.4508855Z   Nat.cast_add
2026-09-15T23:48:22.4509207Z 
2026-09-15T23:48:22.4509539Z Hint: Omit it from the simp argument list.
2026-09-15T23:48:22.4510601Z   [apply] simp only [pow_succ, Nat.cast_one, zero_mul, mul_zero, zero_add, add_zero, one_mul, mul_one]
2026-09-15T23:48:22.4511579Z 
2026-09-15T23:48:22.4512109Z Note: This linter can be disabled with `set_option linter.unusedSimpArgs false`
2026-09-15T23:48:22.4513145Z warning: NLA/MF12/MatrixAlgebra.lean:189:39: This simp argument is unused:
2026-09-15T23:48:22.4513948Z   Nat.cast_one
2026-09-15T23:48:22.4514276Z 
2026-09-15T23:48:22.4514596Z Hint: Omit it from the simp argument list.
2026-09-15T23:48:22.4515637Z   [apply] simp only [pow_succ, Nat.cast_add, zero_mul, mul_zero, zero_add, add_zero, one_mul, mul_one]
2026-09-15T23:48:22.4516418Z 
2026-09-15T23:48:22.4516964Z Note: This linter can be disabled with `set_option linter.unusedSimpArgs false`
2026-09-15T23:48:22.4518000Z warning: NLA/MF12/MatrixAlgebra.lean:190:6: This simp argument is unused:
2026-09-15T23:48:22.4518803Z   zero_add
2026-09-15T23:48:22.4519416Z 
2026-09-15T23:48:22.4519745Z Hint: Omit it from the simp argument list.
2026-09-15T23:48:22.4521023Z   [apply] simp only [pow_succ, Nat.cast_add, Nat.cast_one, zero_mul, mul_zero, add_zero, one_mul, mul_one]
2026-09-15T23:48:22.4521846Z 
2026-09-15T23:48:22.4522382Z Note: This linter can be disabled with `set_option linter.unusedSimpArgs false`
2026-09-15T23:48:22.4523417Z warning: NLA/MF12/MatrixAlgebra.lean:190:26: This simp argument is unused:
2026-09-15T23:48:22.4524197Z   one_mul
2026-09-15T23:48:22.4524507Z 
2026-09-15T23:48:22.4524836Z Hint: Omit it from the simp argument list.
2026-09-15T23:48:22.4525919Z   [apply] simp only [pow_succ, Nat.cast_add, Nat.cast_one, zero_mul, mul_zero, zero_add, add_zero, mul_one]
2026-09-15T23:48:22.4526733Z 
2026-09-15T23:48:22.4527262Z Note: This linter can be disabled with `set_option linter.unusedSimpArgs false`
2026-09-15T23:48:22.4528293Z warning: NLA/MF12/MatrixAlgebra.lean:190:35: This simp argument is unused:
2026-09-15T23:48:22.4529154Z   mul_one
2026-09-15T23:48:22.4529465Z 
2026-09-15T23:48:22.4529788Z Hint: Omit it from the simp argument list.
2026-09-15T23:48:22.4531035Z   [apply] simp only [pow_succ, Nat.cast_add, Nat.cast_one, zero_mul, mul_zero, zero_add, add_zero, one_mul]
2026-09-15T23:48:22.4531864Z 
2026-09-15T23:48:22.4532404Z Note: This linter can be disabled with `set_option linter.unusedSimpArgs false`
2026-09-15T23:48:22.4533444Z warning: NLA/MF12/MatrixAlgebra.lean:192:15: This simp argument is unused:
2026-09-15T23:48:22.4534243Z   pow_succ
2026-09-15T23:48:22.4534552Z 
2026-09-15T23:48:22.4534884Z Hint: Omit it from the simp argument list.
2026-09-15T23:48:22.4535968Z   [apply] simp only [Nat.cast_add, Nat.cast_one, zero_mul, mul_zero, zero_add, add_zero, one_mul, mul_one]
2026-09-15T23:48:22.4536779Z 
2026-09-15T23:48:22.4537312Z Note: This linter can be disabled with `set_option linter.unusedSimpArgs false`
2026-09-15T23:48:22.4538380Z warning: NLA/MF12/MatrixAlgebra.lean:192:25: This simp argument is unused:
2026-09-15T23:48:22.4539203Z   Nat.cast_add
2026-09-15T23:48:22.4539552Z 
2026-09-15T23:48:22.4539900Z Hint: Omit it from the simp argument list.
2026-09-15T23:48:22.4541230Z   [apply] simp only [pow_succ, Nat.cast_one, zero_mul, mul_zero, zero_add, add_zero, one_mul, mul_one]
2026-09-15T23:48:22.4542089Z 
2026-09-15T23:48:22.4542649Z Note: This linter can be disabled with `set_option linter.unusedSimpArgs false`
2026-09-15T23:48:22.4543758Z warning: NLA/MF12/MatrixAlgebra.lean:192:39: This simp argument is unused:
2026-09-15T23:48:22.4544611Z   Nat.cast_one
2026-09-15T23:48:22.4544980Z 
2026-09-15T23:48:22.4545345Z Hint: Omit it from the simp argument list.
2026-09-15T23:48:22.4546455Z   [apply] simp only [pow_succ, Nat.cast_add, zero_mul, mul_zero, zero_add, add_zero, one_mul, mul_one]
2026-09-15T23:48:22.4547285Z 
2026-09-15T23:48:22.4547852Z Note: This linter can be disabled with `set_option linter.unusedSimpArgs false`
2026-09-15T23:48:22.4549454Z warning: NLA/MF12/MatrixAlgebra.lean:192:53: This simp argument is unused:
2026-09-15T23:48:22.4551534Z   zero_mul
2026-09-15T23:48:22.4551914Z 
2026-09-15T23:48:22.4552279Z Hint: Omit it from the simp argument list.
2026-09-15T23:48:22.4553442Z   [apply] simp only [pow_succ, Nat.cast_add, Nat.cast_one, mul_zero, zero_add, add_zero, one_mul, mul_one]
2026-09-15T23:48:22.4554291Z 
2026-09-15T23:48:22.4554850Z Note: This linter can be disabled with `set_option linter.unusedSimpArgs false`
2026-09-15T23:48:22.4555952Z warning: NLA/MF12/MatrixAlgebra.lean:193:6: This simp argument is unused:
2026-09-15T23:48:22.4556800Z   zero_add
2026-09-15T23:48:22.4557136Z 
2026-09-15T23:48:22.4557498Z Hint: Omit it from the simp argument list.
2026-09-15T23:48:22.4558641Z   [apply] simp only [pow_succ, Nat.cast_add, Nat.cast_one, zero_mul, mul_zero, add_zero, one_mul, mul_one]
2026-09-15T23:48:22.4559498Z 
2026-09-15T23:48:22.4560062Z Note: This linter can be disabled with `set_option linter.unusedSimpArgs false`
2026-09-15T23:48:22.4561395Z warning: NLA/MF12/MatrixAlgebra.lean:193:26: This simp argument is unused:
2026-09-15T23:48:22.4562518Z   one_mul
2026-09-15T23:48:22.4562852Z 
2026-09-15T23:48:22.4563198Z Hint: Omit it from the simp argument list.
2026-09-15T23:48:22.4564335Z   [apply] simp only [pow_succ, Nat.cast_add, Nat.cast_one, zero_mul, mul_zero, zero_add, add_zero, mul_one]
2026-09-15T23:48:22.4565185Z 
2026-09-15T23:48:22.4565745Z Note: This linter can be disabled with `set_option linter.unusedSimpArgs false`
2026-09-15T23:48:22.4566868Z warning: NLA/MF12/MatrixAlgebra.lean:195:15: This simp argument is unused:
2026-09-15T23:48:22.4567744Z   pow_succ
2026-09-15T23:48:22.4568089Z 
2026-09-15T23:48:22.4568528Z Hint: Omit it from the simp argument list.
2026-09-15T23:48:22.4569670Z   [apply] simp only [Nat.cast_add, Nat.cast_one, zero_mul, mul_zero, zero_add, add_zero, one_mul, mul_one]
2026-09-15T23:48:22.4572509Z 
2026-09-15T23:48:22.4573315Z Note: This linter can be disabled with `set_option linter.unusedSimpArgs false`
2026-09-15T23:48:22.4574444Z warning: NLA/MF12/MatrixAlgebra.lean:195:25: This simp argument is unused:
2026-09-15T23:48:22.4575316Z   Nat.cast_add
2026-09-15T23:48:22.4575687Z 
2026-09-15T23:48:22.4576042Z Hint: Omit it from the simp argument list.
2026-09-15T23:48:22.4577140Z   [apply] simp only [pow_succ, Nat.cast_one, zero_mul, mul_zero, zero_add, add_zero, one_mul, mul_one]
2026-09-15T23:48:22.4577960Z 
2026-09-15T23:48:22.4578531Z Note: This linter can be disabled with `set_option linter.unusedSimpArgs false`
2026-09-15T23:48:22.4579634Z warning: NLA/MF12/MatrixAlgebra.lean:195:39: This simp argument is unused:
2026-09-15T23:48:22.4580473Z   Nat.cast_one
2026-09-15T23:48:22.4581038Z 
2026-09-15T23:48:22.4581398Z Hint: Omit it from the simp argument list.
2026-09-15T23:48:22.4582457Z   [apply] simp only [pow_succ, Nat.cast_add, zero_mul, mul_zero, zero_add, add_zero, one_mul, mul_one]
2026-09-15T23:48:22.4583215Z 
2026-09-15T23:48:22.4583737Z Note: This linter can be disabled with `set_option linter.unusedSimpArgs false`
2026-09-15T23:48:22.4584790Z warning: NLA/MF12/MatrixAlgebra.lean:195:53: This simp argument is unused:
2026-09-15T23:48:22.4585674Z   zero_mul
2026-09-15T23:48:22.4586044Z 
2026-09-15T23:48:22.4586391Z Hint: Omit it from the simp argument list.
2026-09-15T23:48:22.4587626Z   [apply] simp only [pow_succ, Nat.cast_add, Nat.cast_one, mul_zero, zero_add, add_zero, one_mul, mul_one]
2026-09-15T23:48:22.4588531Z 
2026-09-15T23:48:22.4589101Z Note: This linter can be disabled with `set_option linter.unusedSimpArgs false`
2026-09-15T23:48:22.4590178Z warning: NLA/MF12/MatrixAlgebra.lean:196:6: This simp argument is unused:
2026-09-15T23:48:22.4591255Z   zero_add
2026-09-15T23:48:22.4591609Z 
2026-09-15T23:48:22.4591984Z Hint: Omit it from the simp argument list.
2026-09-15T23:48:22.4593094Z   [apply] simp only [pow_succ, Nat.cast_add, Nat.cast_one, zero_mul, mul_zero, add_zero, one_mul, mul_one]
2026-09-15T23:48:22.4593917Z 
2026-09-15T23:48:22.4594741Z Note: This linter can be disabled with `set_option linter.unusedSimpArgs false`
2026-09-15T23:48:22.4595883Z warning: NLA/MF12/MatrixAlgebra.lean:196:26: This simp argument is unused:
2026-09-15T23:48:22.4596728Z   one_mul
2026-09-15T23:48:22.4597086Z 
2026-09-15T23:48:22.4597432Z Hint: Omit it from the simp argument list.
2026-09-15T23:48:22.4598559Z   [apply] simp only [pow_succ, Nat.cast_add, Nat.cast_one, zero_mul, mul_zero, zero_add, add_zero, mul_one]
2026-09-15T23:48:22.4599437Z 
2026-09-15T23:48:22.4600013Z Note: This linter can be disabled with `set_option linter.unusedSimpArgs false`
2026-09-15T23:48:22.4601327Z warning: NLA/MF12/MatrixAlgebra.lean:198:15: This simp argument is unused:
2026-09-15T23:48:22.4602186Z   pow_succ
2026-09-15T23:48:22.4602580Z 
2026-09-15T23:48:22.4602955Z Hint: Omit it from the simp argument list.
2026-09-15T23:48:22.4604127Z   [apply] simp only [Nat.cast_add, Nat.cast_one, zero_mul, mul_zero, zero_add, add_zero, one_mul, mul_one]
2026-09-15T23:48:22.4604969Z 
2026-09-15T23:48:22.4605543Z Note: This linter can be disabled with `set_option linter.unusedSimpArgs false`
2026-09-15T23:48:22.4606909Z warning: NLA/MF12/MatrixAlgebra.lean:198:25: This simp argument is unused:
2026-09-15T23:48:22.4607782Z   Nat.cast_add
2026-09-15T23:48:22.4608139Z 
2026-09-15T23:48:22.4608489Z Hint: Omit it from the simp argument list.
2026-09-15T23:48:22.4609613Z   [apply] simp only [pow_succ, Nat.cast_one, zero_mul, mul_zero, zero_add, add_zero, one_mul, mul_one]
2026-09-15T23:48:22.4610442Z 
2026-09-15T23:48:22.4611240Z Note: This linter can be disabled with `set_option linter.unusedSimpArgs false`
2026-09-15T23:48:22.4612357Z warning: NLA/MF12/MatrixAlgebra.lean:198:39: This simp argument is unused:
2026-09-15T23:48:22.4613177Z   Nat.cast_one
2026-09-15T23:48:22.4613537Z 
2026-09-15T23:48:22.4613886Z Hint: Omit it from the simp argument list.
2026-09-15T23:48:22.4614962Z   [apply] simp only [pow_succ, Nat.cast_add, zero_mul, mul_zero, zero_add, add_zero, one_mul, mul_one]
2026-09-15T23:48:22.4615760Z 
2026-09-15T23:48:22.4616335Z Note: This linter can be disabled with `set_option linter.unusedSimpArgs false`
2026-09-15T23:48:22.4617454Z warning: NLA/MF12/MatrixAlgebra.lean:199:6: This simp argument is unused:
2026-09-15T23:48:22.4618300Z   zero_add
2026-09-15T23:48:22.4618656Z 
2026-09-15T23:48:22.4619008Z Hint: Omit it from the simp argument list.
2026-09-15T23:48:22.4620127Z   [apply] simp only [pow_succ, Nat.cast_add, Nat.cast_one, zero_mul, mul_zero, add_zero, one_mul, mul_one]
2026-09-15T23:48:22.4621269Z 
2026-09-15T23:48:22.4621774Z Note: This linter can be disabled with `set_option linter.unusedSimpArgs false`
2026-09-15T23:48:22.4622769Z warning: NLA/MF12/MatrixAlgebra.lean:199:26: This simp argument is unused:
2026-09-15T23:48:22.4623530Z   one_mul
2026-09-15T23:48:22.4623814Z 
2026-09-15T23:48:22.4624112Z Hint: Omit it from the simp argument list.
2026-09-15T23:48:22.4625295Z   [apply] simp only [pow_succ, Nat.cast_add, Nat.cast_one, zero_mul, mul_zero, zero_add, add_zero, mul_one]
2026-09-15T23:48:22.4626081Z 
2026-09-15T23:48:22.4626586Z Note: This linter can be disabled with `set_option linter.unusedSimpArgs false`
2026-09-15T23:48:22.4627581Z warning: NLA/MF12/MatrixAlgebra.lean:199:35: This simp argument is unused:
2026-09-15T23:48:22.4628402Z   mul_one
2026-09-15T23:48:22.4628720Z 
2026-09-15T23:48:22.4629035Z Hint: Omit it from the simp argument list.
2026-09-15T23:48:22.4630089Z   [apply] simp only [pow_succ, Nat.cast_add, Nat.cast_one, zero_mul, mul_zero, zero_add, add_zero, one_mul]
2026-09-15T23:48:22.4631222Z 
2026-09-15T23:48:22.4631689Z Note: This linter can be disabled with `set_option linter.unusedSimpArgs false`
2026-09-15T23:48:22.4632623Z warning: NLA/MF12/MatrixAlgebra.lean:201:25: This simp argument is unused:
2026-09-15T23:48:22.4633464Z   Nat.cast_add
2026-09-15T23:48:22.4633656Z 
2026-09-15T23:48:22.4633864Z Hint: Omit it from the simp argument list.
2026-09-15T23:48:22.4634787Z   [apply] simp only [pow_succ, Nat.cast_one, zero_mul, mul_zero, zero_add, add_zero, one_mul, mul_one]
2026-09-15T23:48:22.4635418Z 
2026-09-15T23:48:22.4636089Z Note: This linter can be disabled with `set_option linter.unusedSimpArgs false`
2026-09-15T23:48:22.4636893Z warning: NLA/MF12/MatrixAlgebra.lean:201:39: This simp argument is unused:
2026-09-15T23:48:22.4637467Z   Nat.cast_one
2026-09-15T23:48:22.4637640Z 
2026-09-15T23:48:22.4637984Z Hint: Omit it from the simp argument list.
2026-09-15T23:48:22.4638770Z   [apply] simp only [pow_succ, Nat.cast_add, zero_mul, mul_zero, zero_add, add_zero, one_mul, mul_one]
2026-09-15T23:48:22.4639330Z 
2026-09-15T23:48:22.4639683Z Note: This linter can be disabled with `set_option linter.unusedSimpArgs false`
2026-09-15T23:48:22.4640467Z warning: NLA/MF12/MatrixAlgebra.lean:202:26: This simp argument is unused:
2026-09-15T23:48:22.4641298Z   one_mul
2026-09-15T23:48:22.4641463Z 
2026-09-15T23:48:22.4641646Z Hint: Omit it from the simp argument list.
2026-09-15T23:48:22.4642475Z   [apply] simp only [pow_succ, Nat.cast_add, Nat.cast_one, zero_mul, mul_zero, zero_add, add_zero, mul_one]
2026-09-15T23:48:22.4643052Z 
2026-09-15T23:48:22.4643413Z Note: This linter can be disabled with `set_option linter.unusedSimpArgs false`
2026-09-15T23:48:22.4644439Z warning: NLA/MF12/MatrixAlgebra.lean:202:35: This simp argument is unused:
2026-09-15T23:48:22.4645010Z   mul_one
2026-09-15T23:48:22.4645164Z 
2026-09-15T23:48:22.4645350Z Hint: Omit it from the simp argument list.
2026-09-15T23:48:22.4646178Z   [apply] simp only [pow_succ, Nat.cast_add, Nat.cast_one, zero_mul, mul_zero, zero_add, add_zero, one_mul]
2026-09-15T23:48:22.4646774Z 
2026-09-15T23:48:22.4647126Z Note: This linter can be disabled with `set_option linter.unusedSimpArgs false`
2026-09-15T23:48:22.4647917Z warning: NLA/MF12/MatrixAlgebra.lean:204:15: This simp argument is unused:
2026-09-15T23:48:22.4648503Z   pow_succ
2026-09-15T23:48:22.4648660Z 
2026-09-15T23:48:22.4648836Z Hint: Omit it from the simp argument list.
2026-09-15T23:48:22.4649653Z   [apply] simp only [Nat.cast_add, Nat.cast_one, zero_mul, mul_zero, zero_add, add_zero, one_mul, mul_one]
2026-09-15T23:48:22.4650238Z 
2026-09-15T23:48:22.4650601Z Note: This linter can be disabled with `set_option linter.unusedSimpArgs false`
2026-09-15T23:48:22.4672816Z warning: NLA/MF12/MatrixAlgebra.lean:204:25: This simp argument is unused:
2026-09-15T23:48:22.4675134Z   Nat.cast_add
2026-09-15T23:48:22.4675340Z 
2026-09-15T23:48:22.4675562Z Hint: Omit it from the simp argument list.
2026-09-15T23:48:22.4676458Z   [apply] simp only [pow_succ, Nat.cast_one, zero_mul, mul_zero, zero_add, add_zero, one_mul, mul_one]
2026-09-15T23:48:22.4677624Z 
2026-09-15T23:48:22.4678021Z Note: This linter can be disabled with `set_option linter.unusedSimpArgs false`
2026-09-15T23:48:22.4680659Z warning: NLA/MF12/MatrixAlgebra.lean:204:39: This simp argument is unused:
2026-09-15T23:48:22.4681707Z   Nat.cast_one
2026-09-15T23:48:22.4681896Z 
2026-09-15T23:48:22.4682079Z Hint: Omit it from the simp argument list.
2026-09-15T23:48:22.4682902Z   [apply] simp only [pow_succ, Nat.cast_add, zero_mul, mul_zero, zero_add, add_zero, one_mul, mul_one]
2026-09-15T23:48:22.4683519Z 
2026-09-15T23:48:22.4683889Z Note: This linter can be disabled with `set_option linter.unusedSimpArgs false`
2026-09-15T23:48:22.4684690Z warning: NLA/MF12/MatrixAlgebra.lean:205:6: This simp argument is unused:
2026-09-15T23:48:22.4685271Z   zero_add
2026-09-15T23:48:22.4685427Z 
2026-09-15T23:48:22.4685608Z Hint: Omit it from the simp argument list.
2026-09-15T23:48:22.4686443Z   [apply] simp only [pow_succ, Nat.cast_add, Nat.cast_one, zero_mul, mul_zero, add_zero, one_mul, mul_one]
2026-09-15T23:48:22.4687104Z 
2026-09-15T23:48:22.4687458Z Note: This linter can be disabled with `set_option linter.unusedSimpArgs false`
2026-09-15T23:48:22.4688264Z warning: NLA/MF12/MatrixAlgebra.lean:205:26: This simp argument is unused:
2026-09-15T23:48:22.4688843Z   one_mul
2026-09-15T23:48:22.4689003Z 
2026-09-15T23:48:22.4689177Z Hint: Omit it from the simp argument list.
2026-09-15T23:48:22.4690316Z   [apply] simp only [pow_succ, Nat.cast_add, Nat.cast_one, zero_mul, mul_zero, zero_add, add_zero, mul_one]
2026-09-15T23:48:22.4692417Z 
2026-09-15T23:48:22.4692824Z Note: This linter can be disabled with `set_option linter.unusedSimpArgs false`
2026-09-15T23:48:22.4698417Z warning: NLA/MF12/MatrixAlgebra.lean:205:35: This simp argument is unused:
2026-09-15T23:48:22.4699076Z   mul_one
2026-09-15T23:48:22.4701368Z 
2026-09-15T23:48:22.4701599Z Hint: Omit it from the simp argument list.
2026-09-15T23:48:22.4703813Z   [apply] simp only [pow_succ, Nat.cast_add, Nat.cast_one, zero_mul, mul_zero, zero_add, add_zero, one_mul]
2026-09-15T23:48:22.4704437Z 
2026-09-15T23:48:22.4704820Z Note: This linter can be disabled with `set_option linter.unusedSimpArgs false`
2026-09-15T23:48:22.4705625Z warning: NLA/MF12/MatrixAlgebra.lean:207:15: This simp argument is unused:
2026-09-15T23:48:22.4706193Z   pow_succ
2026-09-15T23:48:22.4706356Z 
2026-09-15T23:48:22.4706556Z Hint: Omit it from the simp argument list.
2026-09-15T23:48:22.4707470Z   [apply] simp only [Nat.cast_add, Nat.cast_one, zero_mul, mul_zero, zero_add, add_zero, one_mul, mul_one]
2026-09-15T23:48:22.4708387Z 
2026-09-15T23:48:22.4708769Z Note: This linter can be disabled with `set_option linter.unusedSimpArgs false`
2026-09-15T23:48:22.4709604Z warning: NLA/MF12/MatrixAlgebra.lean:207:25: This simp argument is unused:
2026-09-15T23:48:22.4710208Z   Nat.cast_add
2026-09-15T23:48:22.4710394Z 
2026-09-15T23:48:22.4710584Z Hint: Omit it from the simp argument list.
2026-09-15T23:48:22.4711685Z   [apply] simp only [pow_succ, Nat.cast_one, zero_mul, mul_zero, zero_add, add_zero, one_mul, mul_one]
2026-09-15T23:48:22.4712255Z 
2026-09-15T23:48:22.4712626Z Note: This linter can be disabled with `set_option linter.unusedSimpArgs false`
2026-09-15T23:48:22.4713443Z warning: NLA/MF12/MatrixAlgebra.lean:207:39: This simp argument is unused:
2026-09-15T23:48:22.4714040Z   Nat.cast_one
2026-09-15T23:48:22.4714220Z 
2026-09-15T23:48:22.4714397Z Hint: Omit it from the simp argument list.
2026-09-15T23:48:22.4715308Z   [apply] simp only [pow_succ, Nat.cast_add, zero_mul, mul_zero, zero_add, add_zero, one_mul, mul_one]
2026-09-15T23:48:22.4715898Z 
2026-09-15T23:48:22.4716273Z Note: This linter can be disabled with `set_option linter.unusedSimpArgs false`
2026-09-15T23:48:22.4717092Z warning: NLA/MF12/MatrixAlgebra.lean:208:6: This simp argument is unused:
2026-09-15T23:48:22.4717686Z   zero_add
2026-09-15T23:48:22.4717849Z 
2026-09-15T23:48:22.4718034Z Hint: Omit it from the simp argument list.
2026-09-15T23:48:22.4718896Z   [apply] simp only [pow_succ, Nat.cast_add, Nat.cast_one, zero_mul, mul_zero, add_zero, one_mul, mul_one]
2026-09-15T23:48:22.4719501Z 
2026-09-15T23:48:22.4719867Z Note: This linter can be disabled with `set_option linter.unusedSimpArgs false`
2026-09-15T23:48:22.4741018Z warning: NLA/MF12/MatrixAlgebra.lean:208:26: This simp argument is unused:
2026-09-15T23:48:22.4741745Z   one_mul
2026-09-15T23:48:22.4741927Z 
2026-09-15T23:48:22.4742118Z Hint: Omit it from the simp argument list.
2026-09-15T23:48:22.4743037Z   [apply] simp only [pow_succ, Nat.cast_add, Nat.cast_one, zero_mul, mul_zero, zero_add, add_zero, mul_one]
2026-09-15T23:48:22.4743668Z 
2026-09-15T23:48:22.4744063Z Note: This linter can be disabled with `set_option linter.unusedSimpArgs false`
2026-09-15T23:48:22.4744908Z warning: NLA/MF12/MatrixAlgebra.lean:208:35: This simp argument is unused:
2026-09-15T23:48:22.4745522Z   mul_one
2026-09-15T23:48:22.4745694Z 
2026-09-15T23:48:22.4745882Z Hint: Omit it from the simp argument list.
2026-09-15T23:48:22.4746764Z   [apply] simp only [pow_succ, Nat.cast_add, Nat.cast_one, zero_mul, mul_zero, zero_add, add_zero, one_mul]
2026-09-15T23:48:22.4747375Z 
2026-09-15T23:48:22.4747760Z Note: This linter can be disabled with `set_option linter.unusedSimpArgs false`
2026-09-15T23:48:22.4748603Z warning: NLA/MF12/MatrixAlgebra.lean:210:15: This simp argument is unused:
2026-09-15T23:48:22.4749206Z   pow_succ
2026-09-15T23:48:22.4749372Z 
2026-09-15T23:48:22.4749562Z Hint: Omit it from the simp argument list.
2026-09-15T23:48:22.4750886Z   [apply] simp only [Nat.cast_add, Nat.cast_one, zero_mul, mul_zero, zero_add, add_zero, one_mul, mul_one]
2026-09-15T23:48:22.4751541Z 
2026-09-15T23:48:22.4751919Z Note: This linter can be disabled with `set_option linter.unusedSimpArgs false`
2026-09-15T23:48:22.4752766Z warning: NLA/MF12/MatrixAlgebra.lean:210:25: This simp argument is unused:
2026-09-15T23:48:22.4753386Z   Nat.cast_add
2026-09-15T23:48:22.4753568Z 
2026-09-15T23:48:22.4753759Z Hint: Omit it from the simp argument list.
2026-09-15T23:48:22.4754598Z   [apply] simp only [pow_succ, Nat.cast_one, zero_mul, mul_zero, zero_add, add_zero, one_mul, mul_one]
2026-09-15T23:48:22.4755180Z 
2026-09-15T23:48:22.4755551Z Note: This linter can be disabled with `set_option linter.unusedSimpArgs false`
2026-09-15T23:48:22.4756378Z warning: NLA/MF12/MatrixAlgebra.lean:210:39: This simp argument is unused:
2026-09-15T23:48:22.4756993Z   Nat.cast_one
2026-09-15T23:48:22.4757180Z 
2026-09-15T23:48:22.4757363Z Hint: Omit it from the simp argument list.
2026-09-15T23:48:22.4758214Z   [apply] simp only [pow_succ, Nat.cast_add, zero_mul, mul_zero, zero_add, add_zero, one_mul, mul_one]
2026-09-15T23:48:22.4759036Z 
2026-09-15T23:48:22.4759409Z Note: This linter can be disabled with `set_option linter.unusedSimpArgs false`
2026-09-15T23:48:22.4760238Z warning: NLA/MF12/MatrixAlgebra.lean:210:53: This simp argument is unused:
2026-09-15T23:48:22.4761046Z   zero_mul
2026-09-15T23:48:22.4761210Z 
2026-09-15T23:48:22.4761409Z Hint: Omit it from the simp argument list.
2026-09-15T23:48:22.4762266Z   [apply] simp only [pow_succ, Nat.cast_add, Nat.cast_one, mul_zero, zero_add, add_zero, one_mul, mul_one]
2026-09-15T23:48:22.4762872Z 
2026-09-15T23:48:22.4763250Z Note: This linter can be disabled with `set_option linter.unusedSimpArgs false`
2026-09-15T23:48:22.4764098Z warning: NLA/MF12/MatrixAlgebra.lean:211:6: This simp argument is unused:
2026-09-15T23:48:22.4764712Z   zero_add
2026-09-15T23:48:22.4764881Z 
2026-09-15T23:48:22.4765065Z Hint: Omit it from the simp argument list.
2026-09-15T23:48:22.4765937Z   [apply] simp only [pow_succ, Nat.cast_add, Nat.cast_one, zero_mul, mul_zero, add_zero, one_mul, mul_one]
2026-09-15T23:48:22.4766546Z 
2026-09-15T23:48:22.4766922Z Note: This linter can be disabled with `set_option linter.unusedSimpArgs false`
2026-09-15T23:48:22.4767746Z warning: NLA/MF12/MatrixAlgebra.lean:211:26: This simp argument is unused:
2026-09-15T23:48:22.4768344Z   one_mul
2026-09-15T23:48:22.4768510Z 
2026-09-15T23:48:22.4768689Z Hint: Omit it from the simp argument list.
2026-09-15T23:48:22.4769567Z   [apply] simp only [pow_succ, Nat.cast_add, Nat.cast_one, zero_mul, mul_zero, zero_add, add_zero, mul_one]
2026-09-15T23:48:22.4770172Z 
2026-09-15T23:48:22.4770538Z Note: This linter can be disabled with `set_option linter.unusedSimpArgs false`
2026-09-15T23:48:22.4781934Z warning: NLA/MF12/MatrixAlgebra.lean:213:15: This simp argument is unused:
2026-09-15T23:48:22.4782566Z   pow_succ
2026-09-15T23:48:22.4782743Z 
2026-09-15T23:48:22.4782944Z Hint: Omit it from the simp argument list.
2026-09-15T23:48:22.4783809Z   [apply] simp only [Nat.cast_add, Nat.cast_one, zero_mul, mul_zero, zero_add, add_zero, one_mul, mul_one]
2026-09-15T23:48:22.4784423Z 
2026-09-15T23:48:22.4784797Z Note: This linter can be disabled with `set_option linter.unusedSimpArgs false`
2026-09-15T23:48:22.4785635Z warning: NLA/MF12/MatrixAlgebra.lean:213:25: This simp argument is unused:
2026-09-15T23:48:22.4786249Z   Nat.cast_add
2026-09-15T23:48:22.4786438Z 
2026-09-15T23:48:22.4786707Z Hint: Omit it from the simp argument list.
2026-09-15T23:48:22.4787560Z   [apply] simp only [pow_succ, Nat.cast_one, zero_mul, mul_zero, zero_add, add_zero, one_mul, mul_one]
2026-09-15T23:48:22.4788142Z 
2026-09-15T23:48:22.4788510Z Note: This linter can be disabled with `set_option linter.unusedSimpArgs false`
2026-09-15T23:48:22.4789335Z warning: NLA/MF12/MatrixAlgebra.lean:213:39: This simp argument is unused:
2026-09-15T23:48:22.4789953Z   Nat.cast_one
2026-09-15T23:48:22.4790135Z 
2026-09-15T23:48:22.4790544Z Hint: Omit it from the simp argument list.
2026-09-15T23:48:22.4811885Z   [apply] simp only [pow_succ, Nat.cast_add, zero_mul, mul_zero, zero_add, add_zero, one_mul, mul_one]
2026-09-15T23:48:22.4812551Z 
2026-09-15T23:48:22.4812971Z Note: This linter can be disabled with `set_option linter.unusedSimpArgs false`
2026-09-15T23:48:22.4813899Z warning: NLA/MF12/MatrixAlgebra.lean:213:53: This simp argument is unused:
2026-09-15T23:48:22.4814551Z   zero_mul
2026-09-15T23:48:22.4814742Z 
2026-09-15T23:48:22.4814968Z Hint: Omit it from the simp argument list.
2026-09-15T23:48:22.4815914Z   [apply] simp only [pow_succ, Nat.cast_add, Nat.cast_one, mul_zero, zero_add, add_zero, one_mul, mul_one]
2026-09-15T23:48:22.4816585Z 
2026-09-15T23:48:22.4816987Z Note: This linter can be disabled with `set_option linter.unusedSimpArgs false`
2026-09-15T23:48:22.4817903Z warning: NLA/MF12/MatrixAlgebra.lean:214:6: This simp argument is unused:
2026-09-15T23:48:22.4818556Z   zero_add
2026-09-15T23:48:22.4818731Z 
2026-09-15T23:48:22.4818945Z Hint: Omit it from the simp argument list.
2026-09-15T23:48:22.4820144Z   [apply] simp only [pow_succ, Nat.cast_add, Nat.cast_one, zero_mul, mul_zero, add_zero, one_mul, mul_one]
2026-09-15T23:48:22.4821022Z 
2026-09-15T23:48:22.4821426Z Note: This linter can be disabled with `set_option linter.unusedSimpArgs false`
2026-09-15T23:48:22.4822335Z warning: NLA/MF12/MatrixAlgebra.lean:214:26: This simp argument is unused:
2026-09-15T23:48:22.4822997Z   one_mul
2026-09-15T23:48:22.4823178Z 
2026-09-15T23:48:22.4823387Z Hint: Omit it from the simp argument list.
2026-09-15T23:48:22.4824329Z   [apply] simp only [pow_succ, Nat.cast_add, Nat.cast_one, zero_mul, mul_zero, zero_add, add_zero, mul_one]
2026-09-15T23:48:22.4824992Z 
2026-09-15T23:48:22.4825396Z Note: This linter can be disabled with `set_option linter.unusedSimpArgs false`
2026-09-15T23:48:22.4826291Z warning: NLA/MF12/MatrixAlgebra.lean:216:15: This simp argument is unused:
2026-09-15T23:48:22.4826952Z   pow_succ
2026-09-15T23:48:22.4827139Z 
2026-09-15T23:48:22.4827337Z Hint: Omit it from the simp argument list.
2026-09-15T23:48:22.4828278Z   [apply] simp only [Nat.cast_add, Nat.cast_one, zero_mul, mul_zero, zero_add, add_zero, one_mul, mul_one]
2026-09-15T23:48:22.4828939Z 
2026-09-15T23:48:22.4829336Z Note: This linter can be disabled with `set_option linter.unusedSimpArgs false`
2026-09-15T23:48:22.4830228Z warning: NLA/MF12/MatrixAlgebra.lean:216:25: This simp argument is unused:
2026-09-15T23:48:22.4851293Z   Nat.cast_add
2026-09-15T23:48:22.4851519Z 
2026-09-15T23:48:22.4851811Z Hint: Omit it from the simp argument list.
2026-09-15T23:48:22.4892662Z   [apply] simp only [pow_succ, Nat.cast_one, zero_mul, mul_zero, zero_add, add_zero, one_mul, mul_one]
2026-09-15T23:48:22.4893323Z 
2026-09-15T23:48:22.4894169Z Note: This linter can be disabled with `set_option linter.unusedSimpArgs false`
2026-09-15T23:48:22.4895098Z warning: NLA/MF12/MatrixAlgebra.lean:216:39: This simp argument is unused:
2026-09-15T23:48:22.4895761Z   Nat.cast_one
2026-09-15T23:48:22.4895987Z 
2026-09-15T23:48:22.4896182Z Hint: Omit it from the simp argument list.
2026-09-15T23:48:22.4897092Z   [apply] simp only [pow_succ, Nat.cast_add, zero_mul, mul_zero, zero_add, add_zero, one_mul, mul_one]
2026-09-15T23:48:22.4897728Z 
2026-09-15T23:48:22.4898123Z Note: This linter can be disabled with `set_option linter.unusedSimpArgs false`
2026-09-15T23:48:22.4899001Z warning: NLA/MF12/MatrixAlgebra.lean:217:6: This simp argument is unused:
2026-09-15T23:48:22.4899641Z   zero_add
2026-09-15T23:48:22.4899807Z 
2026-09-15T23:48:22.4900003Z Hint: Omit it from the simp argument list.
2026-09-15T23:48:22.4901127Z   [apply] simp only [pow_succ, Nat.cast_add, Nat.cast_one, zero_mul, mul_zero, add_zero, one_mul, mul_one]
2026-09-15T23:48:22.4901778Z 
2026-09-15T23:48:22.4902171Z Note: This linter can be disabled with `set_option linter.unusedSimpArgs false`
2026-09-15T23:48:22.4903042Z warning: NLA/MF12/MatrixAlgebra.lean:217:26: This simp argument is unused:
2026-09-15T23:48:22.4903681Z   one_mul
2026-09-15T23:48:22.4904231Z 
2026-09-15T23:48:22.4904437Z Hint: Omit it from the simp argument list.
2026-09-15T23:48:22.4905377Z   [apply] simp only [pow_succ, Nat.cast_add, Nat.cast_one, zero_mul, mul_zero, zero_add, add_zero, mul_one]
2026-09-15T23:48:22.4906013Z 
2026-09-15T23:48:22.4906400Z Note: This linter can be disabled with `set_option linter.unusedSimpArgs false`
2026-09-15T23:48:22.4907265Z warning: NLA/MF12/MatrixAlgebra.lean:217:35: This simp argument is unused:
2026-09-15T23:48:22.4907891Z   mul_one
2026-09-15T23:48:22.4908063Z 
2026-09-15T23:48:22.4908246Z Hint: Omit it from the simp argument list.
2026-09-15T23:48:22.4909151Z   [apply] simp only [pow_succ, Nat.cast_add, Nat.cast_one, zero_mul, mul_zero, zero_add, add_zero, one_mul]
2026-09-15T23:48:22.4909972Z 
2026-09-15T23:48:22.4910456Z Note: This linter can be disabled with `set_option linter.unusedSimpArgs false`
2026-09-15T23:48:22.4931878Z warning: NLA/MF12/MatrixAlgebra.lean:219:15: This simp argument is unused:
2026-09-15T23:48:22.4932544Z   pow_succ
2026-09-15T23:48:22.4932727Z 
2026-09-15T23:48:22.4933216Z Hint: Omit it from the simp argument list.
2026-09-15T23:48:22.4934115Z   [apply] simp only [Nat.cast_add, Nat.cast_one, zero_mul, mul_zero, zero_add, add_zero, one_mul, mul_one]
2026-09-15T23:48:22.4934733Z 
2026-09-15T23:48:22.4935116Z Note: This linter can be disabled with `set_option linter.unusedSimpArgs false`
2026-09-15T23:48:22.4936028Z warning: NLA/MF12/MatrixAlgebra.lean:219:25: This simp argument is unused:
2026-09-15T23:48:22.4936712Z   Nat.cast_add
2026-09-15T23:48:22.4936910Z 
2026-09-15T23:48:22.4937121Z Hint: Omit it from the simp argument list.
2026-09-15T23:48:22.4938051Z   [apply] simp only [pow_succ, Nat.cast_one, zero_mul, mul_zero, zero_add, add_zero, one_mul, mul_one]
2026-09-15T23:48:22.4938698Z 
2026-09-15T23:48:22.4939096Z Note: This linter can be disabled with `set_option linter.unusedSimpArgs false`
2026-09-15T23:48:22.4940010Z warning: NLA/MF12/MatrixAlgebra.lean:219:39: This simp argument is unused:
2026-09-15T23:48:22.4961023Z   Nat.cast_one
2026-09-15T23:48:22.4961348Z 
2026-09-15T23:48:22.4961567Z Hint: Omit it from the simp argument list.
2026-09-15T23:48:22.4962535Z   [apply] simp only [pow_succ, Nat.cast_add, zero_mul, mul_zero, zero_add, add_zero, one_mul, mul_one]
2026-09-15T23:48:22.4963189Z 
2026-09-15T23:48:22.4963611Z Note: This linter can be disabled with `set_option linter.unusedSimpArgs false`
2026-09-15T23:48:22.4964543Z warning: NLA/MF12/MatrixAlgebra.lean:220:6: This simp argument is unused:
2026-09-15T23:48:22.4965210Z   zero_add
2026-09-15T23:48:22.4965394Z 
2026-09-15T23:48:22.4965588Z Hint: Omit it from the simp argument list.
2026-09-15T23:48:22.4966542Z   [apply] simp only [pow_succ, Nat.cast_add, Nat.cast_one, zero_mul, mul_zero, add_zero, one_mul, mul_one]
2026-09-15T23:48:22.4967211Z 
2026-09-15T23:48:22.4967613Z Note: This linter can be disabled with `set_option linter.unusedSimpArgs false`
2026-09-15T23:48:22.4968539Z warning: NLA/MF12/MatrixAlgebra.lean:220:26: This simp argument is unused:
2026-09-15T23:48:22.4969197Z   one_mul
2026-09-15T23:48:22.4969377Z 
2026-09-15T23:48:22.4969574Z Hint: Omit it from the simp argument list.
2026-09-15T23:48:22.4970523Z   [apply] simp only [pow_succ, Nat.cast_add, Nat.cast_one, zero_mul, mul_zero, zero_add, add_zero, mul_one]
2026-09-15T23:48:22.4971393Z 
2026-09-15T23:48:22.4971786Z Note: This linter can be disabled with `set_option linter.unusedSimpArgs false`
2026-09-15T23:48:22.4972693Z warning: NLA/MF12/MatrixAlgebra.lean:220:35: This simp argument is unused:
2026-09-15T23:48:22.4973346Z   mul_one
2026-09-15T23:48:22.4973519Z 
2026-09-15T23:48:22.4973715Z Hint: Omit it from the simp argument list.
2026-09-15T23:48:22.4974650Z   [apply] simp only [pow_succ, Nat.cast_add, Nat.cast_one, zero_mul, mul_zero, zero_add, add_zero, one_mul]
2026-09-15T23:48:22.4975312Z 
2026-09-15T23:48:22.4975711Z Note: This linter can be disabled with `set_option linter.unusedSimpArgs false`
2026-09-15T23:48:22.4976883Z warning: NLA/MF12/MatrixAlgebra.lean:222:25: This simp argument is unused:
2026-09-15T23:48:22.4977556Z   Nat.cast_add
2026-09-15T23:48:22.4977766Z 
2026-09-15T23:48:22.4977961Z Hint: Omit it from the simp argument list.
2026-09-15T23:48:22.4978880Z   [apply] simp only [pow_succ, Nat.cast_one, zero_mul, mul_zero, zero_add, add_zero, one_mul, mul_one]
2026-09-15T23:48:22.4979534Z 
2026-09-15T23:48:22.4979931Z Note: This linter can be disabled with `set_option linter.unusedSimpArgs false`
2026-09-15T23:48:22.5041506Z warning: NLA/MF12/MatrixAlgebra.lean:222:39: This simp argument is unused:
2026-09-15T23:48:22.5042210Z   Nat.cast_one
2026-09-15T23:48:22.5042398Z 
2026-09-15T23:48:22.5042599Z Hint: Omit it from the simp argument list.
2026-09-15T23:48:22.5043437Z   [apply] simp only [pow_succ, Nat.cast_add, zero_mul, mul_zero, zero_add, add_zero, one_mul, mul_one]
2026-09-15T23:48:22.5044014Z 
2026-09-15T23:48:22.5044377Z Note: This linter can be disabled with `set_option linter.unusedSimpArgs false`
2026-09-15T23:48:22.5045216Z warning: NLA/MF12/MatrixAlgebra.lean:222:53: This simp argument is unused:
2026-09-15T23:48:22.5046150Z   zero_mul
2026-09-15T23:48:22.5046324Z 
2026-09-15T23:48:22.5046517Z Hint: Omit it from the simp argument list.
2026-09-15T23:48:22.5047433Z   [apply] simp only [pow_succ, Nat.cast_add, Nat.cast_one, mul_zero, zero_add, add_zero, one_mul, mul_one]
2026-09-15T23:48:22.5048076Z 
2026-09-15T23:48:22.5048446Z Note: This linter can be disabled with `set_option linter.unusedSimpArgs false`
2026-09-15T23:48:22.5049245Z warning: NLA/MF12/MatrixAlgebra.lean:223:26: This simp argument is unused:
2026-09-15T23:48:22.5049825Z   one_mul
2026-09-15T23:48:22.5049990Z 
2026-09-15T23:48:22.5050166Z Hint: Omit it from the simp argument list.
2026-09-15T23:48:22.5051219Z   [apply] simp only [pow_succ, Nat.cast_add, Nat.cast_one, zero_mul, mul_zero, zero_add, add_zero, mul_one]
2026-09-15T23:48:22.5051842Z 
2026-09-15T23:48:22.5052233Z Note: This linter can be disabled with `set_option linter.unusedSimpArgs false`
2026-09-15T23:48:22.5053017Z warning: NLA/MF12/MatrixAlgebra.lean:223:35: This simp argument is unused:
2026-09-15T23:48:22.5053625Z   mul_one
2026-09-15T23:48:22.5053781Z 
2026-09-15T23:48:22.5053971Z Hint: Omit it from the simp argument list.
2026-09-15T23:48:22.5054826Z   [apply] simp only [pow_succ, Nat.cast_add, Nat.cast_one, zero_mul, mul_zero, zero_add, add_zero, one_mul]
2026-09-15T23:48:22.5055402Z 
2026-09-15T23:48:22.5055743Z Note: This linter can be disabled with `set_option linter.unusedSimpArgs false`
2026-09-15T23:48:22.5056538Z warning: NLA/MF12/MatrixAlgebra.lean:225:53: This simp argument is unused:
2026-09-15T23:48:22.5057126Z   zero_mul
2026-09-15T23:48:22.5057279Z 
2026-09-15T23:48:22.5057474Z Hint: Omit it from the simp argument list.
2026-09-15T23:48:22.5058291Z   [apply] simp only [pow_succ, Nat.cast_add, Nat.cast_one, mul_zero, zero_add, add_zero, one_mul, mul_one]
2026-09-15T23:48:22.5058852Z 
2026-09-15T23:48:22.5059195Z Note: This linter can be disabled with `set_option linter.unusedSimpArgs false`
2026-09-15T23:48:22.5060019Z warning: NLA/MF12/MatrixAlgebra.lean:226:26: This simp argument is unused:
2026-09-15T23:48:22.5060636Z   one_mul
2026-09-15T23:48:22.5061039Z 
2026-09-15T23:48:22.5061226Z Hint: Omit it from the simp argument list.
2026-09-15T23:48:22.5062062Z   [apply] simp only [pow_succ, Nat.cast_add, Nat.cast_one, zero_mul, mul_zero, zero_add, add_zero, mul_one]
2026-09-15T23:48:22.5062648Z 
2026-09-15T23:48:22.5063003Z Note: This linter can be disabled with `set_option linter.unusedSimpArgs false`
2026-09-15T23:48:22.5063842Z warning: NLA/MF12/MatrixAlgebra.lean:226:35: This simp argument is unused:
2026-09-15T23:48:22.5064471Z   mul_one
2026-09-15T23:48:22.5064641Z 
2026-09-15T23:48:22.5064831Z Hint: Omit it from the simp argument list.
2026-09-15T23:48:22.5065721Z   [apply] simp only [pow_succ, Nat.cast_add, Nat.cast_one, zero_mul, mul_zero, zero_add, add_zero, one_mul]
2026-09-15T23:48:22.5066354Z 
2026-09-15T23:48:22.5066734Z Note: This linter can be disabled with `set_option linter.unusedSimpArgs false`
2026-09-15T23:48:22.5067823Z warning: NLA/MF12/MatrixAlgebra.lean:228:15: This simp argument is unused:
2026-09-15T23:48:22.5068475Z   pow_succ
2026-09-15T23:48:22.5068644Z 
2026-09-15T23:48:22.5068835Z Hint: Omit it from the simp argument list.
2026-09-15T23:48:22.5069719Z   [apply] simp only [Nat.cast_add, Nat.cast_one, zero_mul, mul_zero, zero_add, add_zero, one_mul, mul_one]
2026-09-15T23:48:22.5070336Z 
2026-09-15T23:48:22.5070960Z Note: This linter can be disabled with `set_option linter.unusedSimpArgs false`
2026-09-15T23:48:22.5071835Z warning: NLA/MF12/MatrixAlgebra.lean:228:25: This simp argument is unused:
2026-09-15T23:48:22.5072472Z   Nat.cast_add
2026-09-15T23:48:22.5072663Z 
2026-09-15T23:48:22.5072848Z Hint: Omit it from the simp argument list.
2026-09-15T23:48:22.5073733Z   [apply] simp only [pow_succ, Nat.cast_one, zero_mul, mul_zero, zero_add, add_zero, one_mul, mul_one]
2026-09-15T23:48:22.5074336Z 
2026-09-15T23:48:22.5074721Z Note: This linter can be disabled with `set_option linter.unusedSimpArgs false`
2026-09-15T23:48:22.5075576Z warning: NLA/MF12/MatrixAlgebra.lean:228:39: This simp argument is unused:
2026-09-15T23:48:22.5076385Z   Nat.cast_one
2026-09-15T23:48:22.5076577Z 
2026-09-15T23:48:22.5076763Z Hint: Omit it from the simp argument list.
2026-09-15T23:48:22.5077624Z   [apply] simp only [pow_succ, Nat.cast_add, zero_mul, mul_zero, zero_add, add_zero, one_mul, mul_one]
2026-09-15T23:48:22.5078229Z 
2026-09-15T23:48:22.5078601Z Note: This linter can be disabled with `set_option linter.unusedSimpArgs false`
2026-09-15T23:48:22.5079457Z warning: NLA/MF12/MatrixAlgebra.lean:228:53: This simp argument is unused:
2026-09-15T23:48:22.5080076Z   zero_mul
2026-09-15T23:48:22.5080241Z 
2026-09-15T23:48:22.5080432Z Hint: Omit it from the simp argument list.
2026-09-15T23:48:22.5081498Z   [apply] simp only [pow_succ, Nat.cast_add, Nat.cast_one, mul_zero, zero_add, add_zero, one_mul, mul_one]
2026-09-15T23:48:22.5082128Z 
2026-09-15T23:48:22.5082510Z Note: This linter can be disabled with `set_option linter.unusedSimpArgs false`
2026-09-15T23:48:22.5083395Z warning: NLA/MF12/MatrixAlgebra.lean:229:6: This simp argument is unused:
2026-09-15T23:48:22.5084017Z   zero_add
2026-09-15T23:48:22.5084192Z 
2026-09-15T23:48:22.5084377Z Hint: Omit it from the simp argument list.
2026-09-15T23:48:22.5085291Z   [apply] simp only [pow_succ, Nat.cast_add, Nat.cast_one, zero_mul, mul_zero, add_zero, one_mul, mul_one]
2026-09-15T23:48:22.5085915Z 
2026-09-15T23:48:22.5086299Z Note: This linter can be disabled with `set_option linter.unusedSimpArgs false`
2026-09-15T23:48:22.5087160Z warning: NLA/MF12/MatrixAlgebra.lean:229:26: This simp argument is unused:
2026-09-15T23:48:22.5087785Z   one_mul
2026-09-15T23:48:22.5087958Z 
2026-09-15T23:48:22.5088144Z Hint: Omit it from the simp argument list.
2026-09-15T23:48:22.5089039Z   [apply] simp only [pow_succ, Nat.cast_add, Nat.cast_one, zero_mul, mul_zero, zero_add, add_zero, mul_one]
2026-09-15T23:48:22.5089675Z 
2026-09-15T23:48:22.5090053Z Note: This linter can be disabled with `set_option linter.unusedSimpArgs false`
2026-09-15T23:48:22.5091095Z warning: NLA/MF12/MatrixAlgebra.lean:231:15: This simp argument is unused:
2026-09-15T23:48:22.5091722Z   pow_succ
2026-09-15T23:48:22.5091886Z 
2026-09-15T23:48:22.5092083Z Hint: Omit it from the simp argument list.
2026-09-15T23:48:22.5092981Z   [apply] simp only [Nat.cast_add, Nat.cast_one, zero_mul, mul_zero, zero_add, add_zero, one_mul, mul_one]
2026-09-15T23:48:22.5093612Z 
2026-09-15T23:48:22.5098023Z Note: This linter can be disabled with `set_option linter.unusedSimpArgs false`
2026-09-15T23:48:22.5101330Z warning: NLA/MF12/MatrixAlgebra.lean:231:25: This simp argument is unused:
2026-09-15T23:48:22.5102006Z   Nat.cast_add
2026-09-15T23:48:22.5102327Z 
2026-09-15T23:48:22.5102533Z Hint: Omit it from the simp argument list.
2026-09-15T23:48:22.5103433Z   [apply] simp only [pow_succ, Nat.cast_one, zero_mul, mul_zero, zero_add, add_zero, one_mul, mul_one]
2026-09-15T23:48:22.5104043Z 
2026-09-15T23:48:22.5104674Z Note: This linter can be disabled with `set_option linter.unusedSimpArgs false`
2026-09-15T23:48:22.5105560Z warning: NLA/MF12/MatrixAlgebra.lean:231:39: This simp argument is unused:
2026-09-15T23:48:22.5106192Z   Nat.cast_one
2026-09-15T23:48:22.5106384Z 
2026-09-15T23:48:22.5106570Z Hint: Omit it from the simp argument list.
2026-09-15T23:48:22.5107438Z   [apply] simp only [pow_succ, Nat.cast_add, zero_mul, mul_zero, zero_add, add_zero, one_mul, mul_one]
2026-09-15T23:48:22.5108045Z 
2026-09-15T23:48:22.5108426Z Note: This linter can be disabled with `set_option linter.unusedSimpArgs false`
2026-09-15T23:48:22.5109268Z warning: NLA/MF12/MatrixAlgebra.lean:231:53: This simp argument is unused:
2026-09-15T23:48:22.5109889Z   zero_mul
2026-09-15T23:48:22.5110052Z 
2026-09-15T23:48:22.5110247Z Hint: Omit it from the simp argument list.
2026-09-15T23:48:22.5111851Z   [apply] simp only [pow_succ, Nat.cast_add, Nat.cast_one, mul_zero, zero_add, add_zero, one_mul, mul_one]
2026-09-15T23:48:22.5112721Z 
2026-09-15T23:48:22.5113129Z Note: This linter can be disabled with `set_option linter.unusedSimpArgs false`
2026-09-15T23:48:22.5114438Z warning: NLA/MF12/MatrixAlgebra.lean:232:6: This simp argument is unused:
2026-09-15T23:48:22.5115339Z   zero_add
2026-09-15T23:48:22.5115527Z 
2026-09-15T23:48:22.5115730Z Hint: Omit it from the simp argument list.
2026-09-15T23:48:22.5116954Z   [apply] simp only [pow_succ, Nat.cast_add, Nat.cast_one, zero_mul, mul_zero, add_zero, one_mul, mul_one]
2026-09-15T23:48:22.5117832Z 
2026-09-15T23:48:22.5118434Z Note: This linter can be disabled with `set_option linter.unusedSimpArgs false`
2026-09-15T23:48:22.5119294Z warning: NLA/MF12/MatrixAlgebra.lean:232:26: This simp argument is unused:
2026-09-15T23:48:22.5120182Z   one_mul
2026-09-15T23:48:22.5120338Z 
2026-09-15T23:48:22.5120511Z Hint: Omit it from the simp argument list.
2026-09-15T23:48:22.5121563Z   [apply] simp only [pow_succ, Nat.cast_add, Nat.cast_one, zero_mul, mul_zero, zero_add, add_zero, mul_one]
2026-09-15T23:48:22.5122661Z 
2026-09-15T23:48:22.5123658Z Note: This linter can be disabled with `set_option linter.unusedSimpArgs false`
2026-09-15T23:48:22.5125954Z warning: NLA/MF12/MatrixAlgebra.lean:234:15: This simp argument is unused:
2026-09-15T23:48:22.5127184Z   pow_succ
2026-09-15T23:48:22.5127437Z 
2026-09-15T23:48:22.5127689Z Hint: Omit it from the simp argument list.
2026-09-15T23:48:22.5129452Z   [apply] simp only [Nat.cast_add, Nat.cast_one, zero_mul, mul_zero, zero_add, add_zero, one_mul, mul_one]
2026-09-15T23:48:22.5130352Z 
2026-09-15T23:48:22.5131129Z Note: This linter can be disabled with `set_option linter.unusedSimpArgs false`
2026-09-15T23:48:22.5143625Z warning: NLA/MF12/MatrixAlgebra.lean:234:25: This simp argument is unused:
2026-09-15T23:48:22.5144966Z   Nat.cast_add
2026-09-15T23:48:22.5145287Z 
2026-09-15T23:48:22.5145511Z Hint: Omit it from the simp argument list.
2026-09-15T23:48:22.5146914Z   [apply] simp only [pow_succ, Nat.cast_one, zero_mul, mul_zero, zero_add, add_zero, one_mul, mul_one]
2026-09-15T23:48:22.5147945Z 
2026-09-15T23:48:22.5148688Z Note: This linter can be disabled with `set_option linter.unusedSimpArgs false`
2026-09-15T23:48:22.5150002Z warning: NLA/MF12/MatrixAlgebra.lean:234:39: This simp argument is unused:
2026-09-15T23:48:22.5151119Z   Nat.cast_one
2026-09-15T23:48:22.5151422Z 
2026-09-15T23:48:22.5151703Z Hint: Omit it from the simp argument list.
2026-09-15T23:48:22.5153587Z   [apply] simp only [pow_succ, Nat.cast_add, zero_mul, mul_zero, zero_add, add_zero, one_mul, mul_one]
2026-09-15T23:48:22.5156172Z 
2026-09-15T23:48:22.5157018Z Note: This linter can be disabled with `set_option linter.unusedSimpArgs false`
2026-09-15T23:48:22.5158157Z warning: NLA/MF12/MatrixAlgebra.lean:235:6: This simp argument is unused:
2026-09-15T23:48:22.5158949Z   zero_add
2026-09-15T23:48:22.5159209Z 
2026-09-15T23:48:22.5159431Z Hint: Omit it from the simp argument list.
2026-09-15T23:48:22.5160562Z   [apply] simp only [pow_succ, Nat.cast_add, Nat.cast_one, zero_mul, mul_zero, add_zero, one_mul, mul_one]
2026-09-15T23:48:22.5161995Z 
2026-09-15T23:48:22.5162623Z Note: This linter can be disabled with `set_option linter.unusedSimpArgs false`
2026-09-15T23:48:22.5163781Z warning: NLA/MF12/MatrixAlgebra.lean:235:26: This simp argument is unused:
2026-09-15T23:48:22.5164593Z   one_mul
2026-09-15T23:48:22.5164771Z 
2026-09-15T23:48:22.5164996Z Hint: Omit it from the simp argument list.
2026-09-15T23:48:22.5166135Z   [apply] simp only [pow_succ, Nat.cast_add, Nat.cast_one, zero_mul, mul_zero, zero_add, add_zero, mul_one]
2026-09-15T23:48:22.5166910Z 
2026-09-15T23:48:22.5167378Z Note: This linter can be disabled with `set_option linter.unusedSimpArgs false`
2026-09-15T23:48:22.5168429Z warning: NLA/MF12/MatrixAlgebra.lean:235:35: This simp argument is unused:
2026-09-15T23:48:22.5169230Z   mul_one
2026-09-15T23:48:22.5169425Z 
2026-09-15T23:48:22.5169705Z Hint: Omit it from the simp argument list.
2026-09-15T23:48:22.5170947Z   [apply] simp only [pow_succ, Nat.cast_add, Nat.cast_one, zero_mul, mul_zero, zero_add, add_zero, one_mul]
2026-09-15T23:48:22.5171711Z 
2026-09-15T23:48:22.5172443Z Note: This linter can be disabled with `set_option linter.unusedSimpArgs false`
2026-09-15T23:48:22.5173470Z warning: NLA/MF12/MatrixAlgebra.lean:237:15: This simp argument is unused:
2026-09-15T23:48:22.5174231Z   pow_succ
2026-09-15T23:48:22.5174444Z 
2026-09-15T23:48:22.5174643Z Hint: Omit it from the simp argument list.
2026-09-15T23:48:22.5175675Z   [apply] simp only [Nat.cast_add, Nat.cast_one, zero_mul, mul_zero, zero_add, add_zero, one_mul, mul_one]
2026-09-15T23:48:22.5176469Z 
2026-09-15T23:48:22.5176939Z Note: This linter can be disabled with `set_option linter.unusedSimpArgs false`
2026-09-15T23:48:22.5177969Z warning: NLA/MF12/MatrixAlgebra.lean:237:25: This simp argument is unused:
2026-09-15T23:48:22.5178751Z   Nat.cast_add
2026-09-15T23:48:22.5178997Z 
2026-09-15T23:48:22.5179241Z Hint: Omit it from the simp argument list.
2026-09-15T23:48:22.5180347Z   [apply] simp only [pow_succ, Nat.cast_one, zero_mul, mul_zero, zero_add, add_zero, one_mul, mul_one]
2026-09-15T23:48:22.5188570Z 
2026-09-15T23:48:22.5189366Z Note: This linter can be disabled with `set_option linter.unusedSimpArgs false`
2026-09-15T23:48:22.5190640Z warning: NLA/MF12/MatrixAlgebra.lean:237:39: This simp argument is unused:
2026-09-15T23:48:22.5191706Z   Nat.cast_one
2026-09-15T23:48:22.5191945Z 
2026-09-15T23:48:22.5192157Z Hint: Omit it from the simp argument list.
2026-09-15T23:48:22.5193405Z   [apply] simp only [pow_succ, Nat.cast_add, zero_mul, mul_zero, zero_add, add_zero, one_mul, mul_one]
2026-09-15T23:48:22.5194373Z 
2026-09-15T23:48:22.5194850Z Note: This linter can be disabled with `set_option linter.unusedSimpArgs false`
2026-09-15T23:48:22.5196348Z warning: NLA/MF12/MatrixAlgebra.lean:238:6: This simp argument is unused:
2026-09-15T23:48:22.5197115Z   zero_add
2026-09-15T23:48:22.5197578Z 
2026-09-15T23:48:22.5197785Z Hint: Omit it from the simp argument list.
2026-09-15T23:48:22.5199217Z   [apply] simp only [pow_succ, Nat.cast_add, Nat.cast_one, zero_mul, mul_zero, add_zero, one_mul, mul_one]
2026-09-15T23:48:22.5200189Z 
2026-09-15T23:48:22.5200665Z Note: This linter can be disabled with `set_option linter.unusedSimpArgs false`
2026-09-15T23:48:22.5201987Z warning: NLA/MF12/MatrixAlgebra.lean:238:26: This simp argument is unused:
2026-09-15T23:48:22.5202966Z   one_mul
2026-09-15T23:48:22.5203172Z 
2026-09-15T23:48:22.5203612Z Hint: Omit it from the simp argument list.
2026-09-15T23:48:22.5204901Z   [apply] simp only [pow_succ, Nat.cast_add, Nat.cast_one, zero_mul, mul_zero, zero_add, add_zero, mul_one]
2026-09-15T23:48:22.5205916Z 
2026-09-15T23:48:22.5206356Z Note: This linter can be disabled with `set_option linter.unusedSimpArgs false`
2026-09-15T23:48:22.5207639Z warning: NLA/MF12/MatrixAlgebra.lean:238:35: This simp argument is unused:
2026-09-15T23:48:22.5208608Z   mul_one
2026-09-15T23:48:22.5208780Z 
2026-09-15T23:48:22.5208981Z Hint: Omit it from the simp argument list.
2026-09-15T23:48:22.5210657Z   [apply] simp only [pow_succ, Nat.cast_add, Nat.cast_one, zero_mul, mul_zero, zero_add, add_zero, one_mul]
2026-09-15T23:48:22.5211693Z 
2026-09-15T23:48:22.5212095Z Note: This linter can be disabled with `set_option linter.unusedSimpArgs false`
2026-09-15T23:48:22.5213006Z warning: NLA/MF12/MatrixAlgebra.lean:240:15: This simp argument is unused:
2026-09-15T23:48:22.5213893Z   pow_succ
2026-09-15T23:48:22.5214081Z 
2026-09-15T23:48:22.5214284Z Hint: Omit it from the simp argument list.
2026-09-15T23:48:22.5215225Z   [apply] simp only [Nat.cast_add, Nat.cast_one, zero_mul, mul_zero, zero_add, add_zero, one_mul, mul_one]
2026-09-15T23:48:22.5215879Z 
2026-09-15T23:48:22.5216279Z Note: This linter can be disabled with `set_option linter.unusedSimpArgs false`
2026-09-15T23:48:22.5217390Z warning: NLA/MF12/MatrixAlgebra.lean:240:25: This simp argument is unused:
2026-09-15T23:48:22.5218065Z   Nat.cast_add
2026-09-15T23:48:22.5218263Z 
2026-09-15T23:48:22.5218457Z Hint: Omit it from the simp argument list.
2026-09-15T23:48:22.5219374Z   [apply] simp only [pow_succ, Nat.cast_one, zero_mul, mul_zero, zero_add, add_zero, one_mul, mul_one]
2026-09-15T23:48:22.5220214Z 
2026-09-15T23:48:22.5220619Z Note: This linter can be disabled with `set_option linter.unusedSimpArgs false`
2026-09-15T23:48:22.5221719Z warning: NLA/MF12/MatrixAlgebra.lean:240:39: This simp argument is unused:
2026-09-15T23:48:22.5222383Z   Nat.cast_one
2026-09-15T23:48:22.5222571Z 
2026-09-15T23:48:22.5222770Z Hint: Omit it from the simp argument list.
2026-09-15T23:48:22.5223676Z   [apply] simp only [pow_succ, Nat.cast_add, zero_mul, mul_zero, zero_add, add_zero, one_mul, mul_one]
2026-09-15T23:48:22.5224521Z 
2026-09-15T23:48:22.5224918Z Note: This linter can be disabled with `set_option linter.unusedSimpArgs false`
2026-09-15T23:48:22.5225817Z warning: NLA/MF12/MatrixAlgebra.lean:241:6: This simp argument is unused:
2026-09-15T23:48:22.5226467Z   zero_add
2026-09-15T23:48:22.5226644Z 
2026-09-15T23:48:22.5226840Z Hint: Omit it from the simp argument list.
2026-09-15T23:48:22.5227775Z   [apply] simp only [pow_succ, Nat.cast_add, Nat.cast_one, zero_mul, mul_zero, add_zero, one_mul, mul_one]
2026-09-15T23:48:22.5228443Z 
2026-09-15T23:48:22.5228844Z Note: This linter can be disabled with `set_option linter.unusedSimpArgs false`
2026-09-15T23:48:22.5229748Z warning: NLA/MF12/MatrixAlgebra.lean:241:26: This simp argument is unused:
2026-09-15T23:48:22.5230474Z   one_mul
2026-09-15T23:48:22.5230649Z 
2026-09-15T23:48:22.5231011Z Hint: Omit it from the simp argument list.
2026-09-15T23:48:22.5231987Z   [apply] simp only [pow_succ, Nat.cast_add, Nat.cast_one, zero_mul, mul_zero, zero_add, add_zero, mul_one]
2026-09-15T23:48:22.5232669Z 
2026-09-15T23:48:22.5233083Z Note: This linter can be disabled with `set_option linter.unusedSimpArgs false`
2026-09-15T23:48:22.5234059Z warning: NLA/MF12/MatrixAlgebra.lean:241:35: This simp argument is unused:
2026-09-15T23:48:22.5234714Z   mul_one
2026-09-15T23:48:22.5234880Z 
2026-09-15T23:48:22.5235076Z Hint: Omit it from the simp argument list.
2026-09-15T23:48:22.5236131Z   [apply] simp only [pow_succ, Nat.cast_add, Nat.cast_one, zero_mul, mul_zero, zero_add, add_zero, one_mul]
2026-09-15T23:48:22.5236842Z 
2026-09-15T23:48:22.5237236Z Note: This linter can be disabled with `set_option linter.unusedSimpArgs false`
2026-09-15T23:48:22.5238366Z warning: NLA/MF12/MatrixAlgebra.lean:243:25: This simp argument is unused:
2026-09-15T23:48:22.5239028Z   Nat.cast_add
2026-09-15T23:48:22.5239218Z 
2026-09-15T23:48:22.5239414Z Hint: Omit it from the simp argument list.
2026-09-15T23:48:22.5240310Z   [apply] simp only [pow_succ, Nat.cast_one, zero_mul, mul_zero, zero_add, add_zero, one_mul, mul_one]
2026-09-15T23:48:22.5241102Z 
2026-09-15T23:48:22.5241498Z Note: This linter can be disabled with `set_option linter.unusedSimpArgs false`
2026-09-15T23:48:22.5242436Z warning: NLA/MF12/MatrixAlgebra.lean:243:39: This simp argument is unused:
2026-09-15T23:48:22.5243114Z   Nat.cast_one
2026-09-15T23:48:22.5243307Z 
2026-09-15T23:48:22.5243497Z Hint: Omit it from the simp argument list.
2026-09-15T23:48:22.5244581Z   [apply] simp only [pow_succ, Nat.cast_add, zero_mul, mul_zero, zero_add, add_zero, one_mul, mul_one]
2026-09-15T23:48:22.5245245Z 
2026-09-15T23:48:22.5245671Z Note: This linter can be disabled with `set_option linter.unusedSimpArgs false`
2026-09-15T23:48:22.5246572Z warning: NLA/MF12/MatrixAlgebra.lean:244:26: This simp argument is unused:
2026-09-15T23:48:22.5247260Z   one_mul
2026-09-15T23:48:22.5247427Z 
2026-09-15T23:48:22.5247623Z Hint: Omit it from the simp argument list.
2026-09-15T23:48:22.5248582Z   [apply] simp only [pow_succ, Nat.cast_add, Nat.cast_one, zero_mul, mul_zero, zero_add, add_zero, mul_one]
2026-09-15T23:48:22.5249274Z 
2026-09-15T23:48:22.5249662Z Note: This linter can be disabled with `set_option linter.unusedSimpArgs false`
2026-09-15T23:48:22.5250646Z warning: NLA/MF12/MatrixAlgebra.lean:244:35: This simp argument is unused:
2026-09-15T23:48:22.5251490Z   mul_one
2026-09-15T23:48:22.5251659Z 
2026-09-15T23:48:22.5251867Z Hint: Omit it from the simp argument list.
2026-09-15T23:48:22.5252806Z   [apply] simp only [pow_succ, Nat.cast_add, Nat.cast_one, zero_mul, mul_zero, zero_add, add_zero, one_mul]
2026-09-15T23:48:22.5253642Z 
2026-09-15T23:48:22.5254073Z Note: This linter can be disabled with `set_option linter.unusedSimpArgs false`
2026-09-15T23:48:22.5255012Z warning: NLA/MF12/MatrixAlgebra.lean:246:15: This simp argument is unused:
2026-09-15T23:48:22.5255656Z   pow_succ
2026-09-15T23:48:22.5255839Z 
2026-09-15T23:48:22.5256027Z Hint: Omit it from the simp argument list.
2026-09-15T23:48:22.5256963Z   [apply] simp only [Nat.cast_add, Nat.cast_one, zero_mul, mul_zero, zero_add, add_zero, one_mul, mul_one]
2026-09-15T23:48:22.5257624Z 
2026-09-15T23:48:22.5258020Z Note: This linter can be disabled with `set_option linter.unusedSimpArgs false`
2026-09-15T23:48:22.5258918Z warning: NLA/MF12/MatrixAlgebra.lean:246:25: This simp argument is unused:
2026-09-15T23:48:22.5259576Z   Nat.cast_add
2026-09-15T23:48:22.5259783Z 
2026-09-15T23:48:22.5259982Z Hint: Omit it from the simp argument list.
2026-09-15T23:48:22.5261105Z   [apply] simp only [pow_succ, Nat.cast_one, zero_mul, mul_zero, zero_add, add_zero, one_mul, mul_one]
2026-09-15T23:48:22.5261756Z 
2026-09-15T23:48:22.5262172Z Note: This linter can be disabled with `set_option linter.unusedSimpArgs false`
2026-09-15T23:48:22.5263099Z warning: NLA/MF12/MatrixAlgebra.lean:246:39: This simp argument is unused:
2026-09-15T23:48:22.5263754Z   Nat.cast_one
2026-09-15T23:48:22.5264197Z 
2026-09-15T23:48:22.5264401Z Hint: Omit it from the simp argument list.
2026-09-15T23:48:22.5265528Z   [apply] simp only [pow_succ, Nat.cast_add, zero_mul, mul_zero, zero_add, add_zero, one_mul, mul_one]
2026-09-15T23:48:22.5266228Z 
2026-09-15T23:48:22.5266620Z Note: This linter can be disabled with `set_option linter.unusedSimpArgs false`
2026-09-15T23:48:22.5267540Z warning: NLA/MF12/MatrixAlgebra.lean:246:53: This simp argument is unused:
2026-09-15T23:48:22.5268192Z   zero_mul
2026-09-15T23:48:22.5268370Z 
2026-09-15T23:48:22.5268563Z Hint: Omit it from the simp argument list.
2026-09-15T23:48:22.5269499Z   [apply] simp only [pow_succ, Nat.cast_add, Nat.cast_one, mul_zero, zero_add, add_zero, one_mul, mul_one]
2026-09-15T23:48:22.5270164Z 
2026-09-15T23:48:22.5270556Z Note: This linter can be disabled with `set_option linter.unusedSimpArgs false`
2026-09-15T23:48:22.5271623Z warning: NLA/MF12/MatrixAlgebra.lean:247:6: This simp argument is unused:
2026-09-15T23:48:22.5272269Z   zero_add
2026-09-15T23:48:22.5272450Z 
2026-09-15T23:48:22.5272641Z Hint: Omit it from the simp argument list.
2026-09-15T23:48:22.5273568Z   [apply] simp only [pow_succ, Nat.cast_add, Nat.cast_one, zero_mul, mul_zero, add_zero, one_mul, mul_one]
2026-09-15T23:48:22.5274229Z 
2026-09-15T23:48:22.5274639Z Note: This linter can be disabled with `set_option linter.unusedSimpArgs false`
2026-09-15T23:48:22.5275557Z warning: NLA/MF12/MatrixAlgebra.lean:247:26: This simp argument is unused:
2026-09-15T23:48:22.5276193Z   one_mul
2026-09-15T23:48:22.5276358Z 
2026-09-15T23:48:22.5276773Z Hint: Omit it from the simp argument list.
2026-09-15T23:48:22.5277726Z   [apply] simp only [pow_succ, Nat.cast_add, Nat.cast_one, zero_mul, mul_zero, zero_add, add_zero, mul_one]
2026-09-15T23:48:22.5278405Z 
2026-09-15T23:48:22.5278794Z Note: This linter can be disabled with `set_option linter.unusedSimpArgs false`
2026-09-15T23:48:22.5279712Z warning: NLA/MF12/MatrixAlgebra.lean:249:15: This simp argument is unused:
2026-09-15T23:48:22.5280383Z   pow_succ
2026-09-15T23:48:22.5280565Z 
2026-09-15T23:48:22.5280942Z Hint: Omit it from the simp argument list.
2026-09-15T23:48:22.5281885Z   [apply] simp only [Nat.cast_add, Nat.cast_one, zero_mul, mul_zero, zero_add, add_zero, one_mul, mul_one]
2026-09-15T23:48:22.5282572Z 
2026-09-15T23:48:22.5282969Z Note: This linter can be disabled with `set_option linter.unusedSimpArgs false`
2026-09-15T23:48:22.5283888Z warning: NLA/MF12/MatrixAlgebra.lean:249:25: This simp argument is unused:
2026-09-15T23:48:22.5284545Z   Nat.cast_add
2026-09-15T23:48:22.5284745Z 
2026-09-15T23:48:22.5284936Z Hint: Omit it from the simp argument list.
2026-09-15T23:48:22.5286026Z   [apply] simp only [pow_succ, Nat.cast_one, zero_mul, mul_zero, zero_add, add_zero, one_mul, mul_one]
2026-09-15T23:48:22.5286700Z 
2026-09-15T23:48:22.5287092Z Note: This linter can be disabled with `set_option linter.unusedSimpArgs false`
2026-09-15T23:48:22.5287993Z warning: NLA/MF12/MatrixAlgebra.lean:249:39: This simp argument is unused:
2026-09-15T23:48:22.5288652Z   Nat.cast_one
2026-09-15T23:48:22.5288865Z 
2026-09-15T23:48:22.5289065Z Hint: Omit it from the simp argument list.
2026-09-15T23:48:22.5289978Z   [apply] simp only [pow_succ, Nat.cast_add, zero_mul, mul_zero, zero_add, add_zero, one_mul, mul_one]
2026-09-15T23:48:22.5290626Z 
2026-09-15T23:48:22.5291221Z Note: This linter can be disabled with `set_option linter.unusedSimpArgs false`
2026-09-15T23:48:22.5292125Z warning: NLA/MF12/MatrixAlgebra.lean:249:53: This simp argument is unused:
2026-09-15T23:48:22.5292806Z   zero_mul
2026-09-15T23:48:22.5292983Z 
2026-09-15T23:48:22.5293211Z Hint: Omit it from the simp argument list.
2026-09-15T23:48:22.5294168Z   [apply] simp only [pow_succ, Nat.cast_add, Nat.cast_one, mul_zero, zero_add, add_zero, one_mul, mul_one]
2026-09-15T23:48:22.5294849Z 
2026-09-15T23:48:22.5295247Z Note: This linter can be disabled with `set_option linter.unusedSimpArgs false`
2026-09-15T23:48:22.5296149Z warning: NLA/MF12/MatrixAlgebra.lean:250:6: This simp argument is unused:
2026-09-15T23:48:22.5296823Z   zero_add
2026-09-15T23:48:22.5296999Z 
2026-09-15T23:48:22.5297191Z Hint: Omit it from the simp argument list.
2026-09-15T23:48:22.5298121Z   [apply] simp only [pow_succ, Nat.cast_add, Nat.cast_one, zero_mul, mul_zero, add_zero, one_mul, mul_one]
2026-09-15T23:48:22.5298796Z 
2026-09-15T23:48:22.5299193Z Note: This linter can be disabled with `set_option linter.unusedSimpArgs false`
2026-09-15T23:48:22.5300167Z warning: NLA/MF12/MatrixAlgebra.lean:250:26: This simp argument is unused:
2026-09-15T23:48:22.5301013Z   one_mul
2026-09-15T23:48:22.5301184Z 
2026-09-15T23:48:22.5301387Z Hint: Omit it from the simp argument list.
2026-09-15T23:48:22.5302359Z   [apply] simp only [pow_succ, Nat.cast_add, Nat.cast_one, zero_mul, mul_zero, zero_add, add_zero, mul_one]
2026-09-15T23:48:22.5303061Z 
2026-09-15T23:48:22.5303450Z Note: This linter can be disabled with `set_option linter.unusedSimpArgs false`
2026-09-15T23:48:22.5304354Z warning: NLA/MF12/MatrixAlgebra.lean:252:15: This simp argument is unused:
2026-09-15T23:48:22.5305022Z   pow_succ
2026-09-15T23:48:22.5305220Z 
2026-09-15T23:48:22.5305418Z Hint: Omit it from the simp argument list.
2026-09-15T23:48:22.5306375Z   [apply] simp only [Nat.cast_add, Nat.cast_one, zero_mul, mul_zero, zero_add, add_zero, one_mul, mul_one]
2026-09-15T23:48:22.5307055Z 
2026-09-15T23:48:22.5307455Z Note: This linter can be disabled with `set_option linter.unusedSimpArgs false`
2026-09-15T23:48:22.5308353Z warning: NLA/MF12/MatrixAlgebra.lean:252:25: This simp argument is unused:
2026-09-15T23:48:22.5309215Z   Nat.cast_add
2026-09-15T23:48:22.5309421Z 
2026-09-15T23:48:22.5309614Z Hint: Omit it from the simp argument list.
2026-09-15T23:48:22.5310579Z   [apply] simp only [pow_succ, Nat.cast_one, zero_mul, mul_zero, zero_add, add_zero, one_mul, mul_one]
2026-09-15T23:48:22.5311402Z 
2026-09-15T23:48:22.5311788Z Note: This linter can be disabled with `set_option linter.unusedSimpArgs false`
2026-09-15T23:48:22.5312719Z warning: NLA/MF12/MatrixAlgebra.lean:252:39: This simp argument is unused:
2026-09-15T23:48:22.5313389Z   Nat.cast_one
2026-09-15T23:48:22.5313609Z 
2026-09-15T23:48:22.5313802Z Hint: Omit it from the simp argument list.
2026-09-15T23:48:22.5314761Z   [apply] simp only [pow_succ, Nat.cast_add, zero_mul, mul_zero, zero_add, add_zero, one_mul, mul_one]
2026-09-15T23:48:22.5315407Z 
2026-09-15T23:48:22.5315801Z Note: This linter can be disabled with `set_option linter.unusedSimpArgs false`
2026-09-15T23:48:22.5316720Z warning: NLA/MF12/MatrixAlgebra.lean:253:6: This simp argument is unused:
2026-09-15T23:48:22.5317379Z   zero_add
2026-09-15T23:48:22.5317732Z 
2026-09-15T23:48:22.5317934Z Hint: Omit it from the simp argument list.
2026-09-15T23:48:22.5318879Z   [apply] simp only [pow_succ, Nat.cast_add, Nat.cast_one, zero_mul, mul_zero, add_zero, one_mul, mul_one]
2026-09-15T23:48:22.5319551Z 
2026-09-15T23:48:22.5319939Z Note: This linter can be disabled with `set_option linter.unusedSimpArgs false`
2026-09-15T23:48:22.5322552Z warning: NLA/MF12/MatrixAlgebra.lean:253:26: This simp argument is unused:
2026-09-15T23:48:22.5323230Z   one_mul
2026-09-15T23:48:22.5323411Z 
2026-09-15T23:48:22.5323608Z Hint: Omit it from the simp argument list.
2026-09-15T23:48:22.5324569Z   [apply] simp only [pow_succ, Nat.cast_add, Nat.cast_one, zero_mul, mul_zero, zero_add, add_zero, mul_one]
2026-09-15T23:48:22.5325243Z 
2026-09-15T23:48:22.5325645Z Note: This linter can be disabled with `set_option linter.unusedSimpArgs false`
2026-09-15T23:48:22.5326559Z warning: NLA/MF12/MatrixAlgebra.lean:253:35: This simp argument is unused:
2026-09-15T23:48:22.5327216Z   mul_one
2026-09-15T23:48:22.5327389Z 
2026-09-15T23:48:22.5327581Z Hint: Omit it from the simp argument list.
2026-09-15T23:48:22.5328530Z   [apply] simp only [pow_succ, Nat.cast_add, Nat.cast_one, zero_mul, mul_zero, zero_add, add_zero, one_mul]
2026-09-15T23:48:22.5329209Z 
2026-09-15T23:48:22.5329599Z Note: This linter can be disabled with `set_option linter.unusedSimpArgs false`
2026-09-15T23:48:22.5330581Z warning: NLA/MF12/MatrixAlgebra.lean:255:15: This simp argument is unused:
2026-09-15T23:48:22.5331425Z   pow_succ
2026-09-15T23:48:22.5331598Z 
2026-09-15T23:48:22.5331795Z Hint: Omit it from the simp argument list.
2026-09-15T23:48:22.5332735Z   [apply] simp only [Nat.cast_add, Nat.cast_one, zero_mul, mul_zero, zero_add, add_zero, one_mul, mul_one]
2026-09-15T23:48:22.5333405Z 
2026-09-15T23:48:22.5333796Z Note: This linter can be disabled with `set_option linter.unusedSimpArgs false`
2026-09-15T23:48:22.5334709Z warning: NLA/MF12/MatrixAlgebra.lean:255:25: This simp argument is unused:
2026-09-15T23:48:22.5335385Z   Nat.cast_add
2026-09-15T23:48:22.5335582Z 
2026-09-15T23:48:22.5335782Z Hint: Omit it from the simp argument list.
2026-09-15T23:48:22.5336691Z   [apply] simp only [pow_succ, Nat.cast_one, zero_mul, mul_zero, zero_add, add_zero, one_mul, mul_one]
2026-09-15T23:48:22.5337329Z 
2026-09-15T23:48:22.5337720Z Note: This linter can be disabled with `set_option linter.unusedSimpArgs false`
2026-09-15T23:48:22.5338621Z warning: NLA/MF12/MatrixAlgebra.lean:255:39: This simp argument is unused:
2026-09-15T23:48:22.5339282Z   Nat.cast_one
2026-09-15T23:48:22.5339472Z 
2026-09-15T23:48:22.5339665Z Hint: Omit it from the simp argument list.
2026-09-15T23:48:22.5340581Z   [apply] simp only [pow_succ, Nat.cast_add, zero_mul, mul_zero, zero_add, add_zero, one_mul, mul_one]
2026-09-15T23:48:22.5341394Z 
2026-09-15T23:48:22.5341789Z Note: This linter can be disabled with `set_option linter.unusedSimpArgs false`
2026-09-15T23:48:22.5342871Z warning: NLA/MF12/MatrixAlgebra.lean:256:6: This simp argument is unused:
2026-09-15T23:48:22.5343542Z   zero_add
2026-09-15T23:48:22.5343709Z 
2026-09-15T23:48:22.5343907Z Hint: Omit it from the simp argument list.
2026-09-15T23:48:22.5344839Z   [apply] simp only [pow_succ, Nat.cast_add, Nat.cast_one, zero_mul, mul_zero, add_zero, one_mul, mul_one]
2026-09-15T23:48:22.5345507Z 
2026-09-15T23:48:22.5345899Z Note: This linter can be disabled with `set_option linter.unusedSimpArgs false`
2026-09-15T23:48:22.5346800Z warning: NLA/MF12/MatrixAlgebra.lean:256:26: This simp argument is unused:
2026-09-15T23:48:22.5347451Z   one_mul
2026-09-15T23:48:22.5347625Z 
2026-09-15T23:48:22.5347822Z Hint: Omit it from the simp argument list.
2026-09-15T23:48:22.5348767Z   [apply] simp only [pow_succ, Nat.cast_add, Nat.cast_one, zero_mul, mul_zero, zero_add, add_zero, mul_one]
2026-09-15T23:48:22.5349437Z 
2026-09-15T23:48:22.5349830Z Note: This linter can be disabled with `set_option linter.unusedSimpArgs false`
2026-09-15T23:48:22.5351069Z warning: NLA/MF12/MatrixAlgebra.lean:256:35: This simp argument is unused:
2026-09-15T23:48:22.5352146Z   mul_one
2026-09-15T23:48:22.5352336Z 
2026-09-15T23:48:22.5352531Z Hint: Omit it from the simp argument list.
2026-09-15T23:48:22.5353490Z   [apply] simp only [pow_succ, Nat.cast_add, Nat.cast_one, zero_mul, mul_zero, zero_add, add_zero, one_mul]
2026-09-15T23:48:22.5354170Z 
2026-09-15T23:48:22.5354568Z Note: This linter can be disabled with `set_option linter.unusedSimpArgs false`
2026-09-15T23:48:22.5355473Z warning: NLA/MF12/MatrixAlgebra.lean:258:15: This simp argument is unused:
2026-09-15T23:48:22.5356129Z   pow_succ
2026-09-15T23:48:22.5356301Z 
2026-09-15T23:48:22.5356501Z Hint: Omit it from the simp argument list.
2026-09-15T23:48:22.5357439Z   [apply] simp only [Nat.cast_add, Nat.cast_one, zero_mul, mul_zero, zero_add, add_zero, one_mul, mul_one]
2026-09-15T23:48:22.5358110Z 
2026-09-15T23:48:22.5358497Z Note: This linter can be disabled with `set_option linter.unusedSimpArgs false`
2026-09-15T23:48:22.5359407Z warning: NLA/MF12/MatrixAlgebra.lean:258:25: This simp argument is unused:
2026-09-15T23:48:22.5360090Z   Nat.cast_add
2026-09-15T23:48:22.5360280Z 
2026-09-15T23:48:22.5360479Z Hint: Omit it from the simp argument list.
2026-09-15T23:48:22.5361582Z   [apply] simp only [pow_succ, Nat.cast_one, zero_mul, mul_zero, zero_add, add_zero, one_mul, mul_one]
2026-09-15T23:48:22.5362228Z 
2026-09-15T23:48:22.5362624Z Note: This linter can be disabled with `set_option linter.unusedSimpArgs false`
2026-09-15T23:48:22.5363526Z warning: NLA/MF12/MatrixAlgebra.lean:258:39: This simp argument is unused:
2026-09-15T23:48:22.5364187Z   Nat.cast_one
2026-09-15T23:48:22.5364384Z 
2026-09-15T23:48:22.5364581Z Hint: Omit it from the simp argument list.
2026-09-15T23:48:22.5365505Z   [apply] simp only [pow_succ, Nat.cast_add, zero_mul, mul_zero, zero_add, add_zero, one_mul, mul_one]
2026-09-15T23:48:22.5366155Z 
2026-09-15T23:48:22.5366568Z Note: This linter can be disabled with `set_option linter.unusedSimpArgs false`
2026-09-15T23:48:22.5367481Z warning: NLA/MF12/MatrixAlgebra.lean:259:6: This simp argument is unused:
2026-09-15T23:48:22.5368141Z   zero_add
2026-09-15T23:48:22.5368315Z 
2026-09-15T23:48:22.5368511Z Hint: Omit it from the simp argument list.
2026-09-15T23:48:22.5369456Z   [apply] simp only [pow_succ, Nat.cast_add, Nat.cast_one, zero_mul, mul_zero, add_zero, one_mul, mul_one]
2026-09-15T23:48:22.5370128Z 
2026-09-15T23:48:22.5370522Z Note: This linter can be disabled with `set_option linter.unusedSimpArgs false`
2026-09-15T23:48:22.5371612Z warning: NLA/MF12/MatrixAlgebra.lean:259:26: This simp argument is unused:
2026-09-15T23:48:22.5372272Z   one_mul
2026-09-15T23:48:22.5372437Z 
2026-09-15T23:48:22.5372633Z Hint: Omit it from the simp argument list.
2026-09-15T23:48:22.5373575Z   [apply] simp only [pow_succ, Nat.cast_add, Nat.cast_one, zero_mul, mul_zero, zero_add, add_zero, mul_one]
2026-09-15T23:48:22.5374246Z 
2026-09-15T23:48:22.5374823Z Note: This linter can be disabled with `set_option linter.unusedSimpArgs false`
2026-09-15T23:48:22.5375744Z warning: NLA/MF12/MatrixAlgebra.lean:259:35: This simp argument is unused:
2026-09-15T23:48:22.5376391Z   mul_one
2026-09-15T23:48:22.5376563Z 
2026-09-15T23:48:22.5376754Z Hint: Omit it from the simp argument list.
2026-09-15T23:48:22.5377702Z   [apply] simp only [pow_succ, Nat.cast_add, Nat.cast_one, zero_mul, mul_zero, zero_add, add_zero, one_mul]
2026-09-15T23:48:22.5378371Z 
2026-09-15T23:48:22.5378768Z Note: This linter can be disabled with `set_option linter.unusedSimpArgs false`
2026-09-15T23:48:22.5379665Z warning: NLA/MF12/MatrixAlgebra.lean:261:15: This simp argument is unused:
2026-09-15T23:48:22.5380315Z   pow_succ
2026-09-15T23:48:22.5380493Z 
2026-09-15T23:48:22.5380850Z Hint: Omit it from the simp argument list.
2026-09-15T23:48:22.5381800Z   [apply] simp only [Nat.cast_add, Nat.cast_one, zero_mul, mul_zero, zero_add, add_zero, one_mul, mul_one]
2026-09-15T23:48:22.5382472Z 
2026-09-15T23:48:22.5382871Z Note: This linter can be disabled with `set_option linter.unusedSimpArgs false`
2026-09-15T23:48:22.5383954Z warning: NLA/MF12/MatrixAlgebra.lean:261:25: This simp argument is unused:
2026-09-15T23:48:22.5384616Z   Nat.cast_add
2026-09-15T23:48:22.5384806Z 
2026-09-15T23:48:22.5385001Z Hint: Omit it from the simp argument list.
2026-09-15T23:48:22.5385914Z   [apply] simp only [pow_succ, Nat.cast_one, zero_mul, mul_zero, zero_add, add_zero, one_mul, mul_one]
2026-09-15T23:48:22.5386564Z 
2026-09-15T23:48:22.5386953Z Note: This linter can be disabled with `set_option linter.unusedSimpArgs false`
2026-09-15T23:48:22.5387852Z warning: NLA/MF12/MatrixAlgebra.lean:261:39: This simp argument is unused:
2026-09-15T23:48:22.5388513Z   Nat.cast_one
2026-09-15T23:48:22.5388709Z 
2026-09-15T23:48:22.5388898Z Hint: Omit it from the simp argument list.
2026-09-15T23:48:22.5389813Z   [apply] simp only [pow_succ, Nat.cast_add, zero_mul, mul_zero, zero_add, add_zero, one_mul, mul_one]
2026-09-15T23:48:22.5390450Z 
2026-09-15T23:48:22.5391044Z Note: This linter can be disabled with `set_option linter.unusedSimpArgs false`
2026-09-15T23:48:22.5392102Z warning: NLA/MF12/MatrixAlgebra.lean:262:6: This simp argument is unused:
2026-09-15T23:48:22.5392762Z   zero_add
2026-09-15T23:48:22.5392939Z 
2026-09-15T23:48:22.5393130Z Hint: Omit it from the simp argument list.
2026-09-15T23:48:22.5394072Z   [apply] simp only [pow_succ, Nat.cast_add, Nat.cast_one, zero_mul, mul_zero, add_zero, one_mul, mul_one]
2026-09-15T23:48:22.5394747Z 
2026-09-15T23:48:22.5395140Z Note: This linter can be disabled with `set_option linter.unusedSimpArgs false`
2026-09-15T23:48:22.5396047Z warning: NLA/MF12/MatrixAlgebra.lean:262:26: This simp argument is unused:
2026-09-15T23:48:22.5396687Z   one_mul
2026-09-15T23:48:22.5396853Z 
2026-09-15T23:48:22.5397051Z Hint: Omit it from the simp argument list.
2026-09-15T23:48:22.5397997Z   [apply] simp only [pow_succ, Nat.cast_add, Nat.cast_one, zero_mul, mul_zero, zero_add, add_zero, mul_one]
2026-09-15T23:48:22.5398675Z 
2026-09-15T23:48:22.5399069Z Note: This linter can be disabled with `set_option linter.unusedSimpArgs false`
2026-09-15T23:48:22.5399980Z warning: NLA/MF12/MatrixAlgebra.lean:262:35: This simp argument is unused:
2026-09-15T23:48:22.5400627Z   mul_one
2026-09-15T23:48:22.5400975Z 
2026-09-15T23:48:22.5401174Z Hint: Omit it from the simp argument list.
2026-09-15T23:48:22.5402118Z   [apply] simp only [pow_succ, Nat.cast_add, Nat.cast_one, zero_mul, mul_zero, zero_add, add_zero, one_mul]
2026-09-15T23:48:22.5402783Z 
2026-09-15T23:48:22.5403178Z Note: This linter can be disabled with `set_option linter.unusedSimpArgs false`
2026-09-15T23:48:22.5404087Z warning: NLA/MF12/MatrixAlgebra.lean:264:15: This simp argument is unused:
2026-09-15T23:48:22.5404745Z   pow_succ
2026-09-15T23:48:22.5404922Z 
2026-09-15T23:48:22.5405111Z Hint: Omit it from the simp argument list.
2026-09-15T23:48:22.5406044Z   [apply] simp only [Nat.cast_add, Nat.cast_one, zero_mul, mul_zero, zero_add, add_zero, one_mul, mul_one]
2026-09-15T23:48:22.5406715Z 
2026-09-15T23:48:22.5407287Z Note: This linter can be disabled with `set_option linter.unusedSimpArgs false`
2026-09-15T23:48:22.5408208Z warning: NLA/MF12/MatrixAlgebra.lean:264:25: This simp argument is unused:
2026-09-15T23:48:22.5408871Z   Nat.cast_add
2026-09-15T23:48:22.5409058Z 
2026-09-15T23:48:22.5409256Z Hint: Omit it from the simp argument list.
2026-09-15T23:48:22.5410173Z   [apply] simp only [pow_succ, Nat.cast_one, zero_mul, mul_zero, zero_add, add_zero, one_mul, mul_one]
2026-09-15T23:48:22.5411005Z 
2026-09-15T23:48:22.5411400Z Note: This linter can be disabled with `set_option linter.unusedSimpArgs false`
2026-09-15T23:48:22.5412306Z warning: NLA/MF12/MatrixAlgebra.lean:264:39: This simp argument is unused:
2026-09-15T23:48:22.5412973Z   Nat.cast_one
2026-09-15T23:48:22.5413169Z 
2026-09-15T23:48:22.5413369Z Hint: Omit it from the simp argument list.
2026-09-15T23:48:22.5414295Z   [apply] simp only [pow_succ, Nat.cast_add, zero_mul, mul_zero, zero_add, add_zero, one_mul, mul_one]
2026-09-15T23:48:22.5414936Z 
2026-09-15T23:48:22.5415337Z Note: This linter can be disabled with `set_option linter.unusedSimpArgs false`
2026-09-15T23:48:22.5416493Z warning: NLA/MF12/MatrixAlgebra.lean:264:53: This simp argument is unused:
2026-09-15T23:48:22.5417147Z   zero_mul
2026-09-15T23:48:22.5417324Z 
2026-09-15T23:48:22.5417515Z Hint: Omit it from the simp argument list.
2026-09-15T23:48:22.5418451Z   [apply] simp only [pow_succ, Nat.cast_add, Nat.cast_one, mul_zero, zero_add, add_zero, one_mul, mul_one]
2026-09-15T23:48:22.5419117Z 
2026-09-15T23:48:22.5419513Z Note: This linter can be disabled with `set_option linter.unusedSimpArgs false`
2026-09-15T23:48:22.5420417Z warning: NLA/MF12/MatrixAlgebra.lean:265:26: This simp argument is unused:
2026-09-15T23:48:22.5421254Z   one_mul
2026-09-15T23:48:22.5421421Z 
2026-09-15T23:48:22.5421617Z Hint: Omit it from the simp argument list.
2026-09-15T23:48:22.5422564Z   [apply] simp only [pow_succ, Nat.cast_add, Nat.cast_one, zero_mul, mul_zero, zero_add, add_zero, mul_one]
2026-09-15T23:48:22.5423279Z 
2026-09-15T23:48:22.5423715Z Note: This linter can be disabled with `set_option linter.unusedSimpArgs false`
2026-09-15T23:48:22.5424870Z warning: NLA/MF12/MatrixAlgebra.lean:160:48: Unused tactic linter: `ring` does nothing
2026-09-15T23:48:22.5425573Z 
2026-09-15T23:48:22.5425985Z Note: This linter can be disabled with `set_option linter.unusedTactic false`
2026-09-15T23:48:22.5426956Z warning: NLA/MF12/MatrixAlgebra.lean:163:48: Unused tactic linter: `ring` does nothing
2026-09-15T23:48:22.5427546Z 
2026-09-15T23:48:22.5427929Z Note: This linter can be disabled with `set_option linter.unusedTactic false`
2026-09-15T23:48:22.5428878Z warning: NLA/MF12/MatrixAlgebra.lean:166:48: Unused tactic linter: `ring` does nothing
2026-09-15T23:48:22.5429473Z 
2026-09-15T23:48:22.5429846Z Note: This linter can be disabled with `set_option linter.unusedTactic false`
2026-09-15T23:48:22.5431870Z warning: NLA/MF12/MatrixAlgebra.lean:169:48: Unused tactic linter: `ring` does nothing
2026-09-15T23:48:22.5432508Z 
2026-09-15T23:48:22.5432910Z Note: This linter can be disabled with `set_option linter.unusedTactic false`
2026-09-15T23:48:22.5433886Z warning: NLA/MF12/MatrixAlgebra.lean:172:48: Unused tactic linter: `ring` does nothing
2026-09-15T23:48:22.5434477Z 
2026-09-15T23:48:22.5434855Z Note: This linter can be disabled with `set_option linter.unusedTactic false`
2026-09-15T23:48:22.5435811Z warning: NLA/MF12/MatrixAlgebra.lean:175:48: Unused tactic linter: `ring` does nothing
2026-09-15T23:48:22.5436404Z 
2026-09-15T23:48:22.5436772Z Note: This linter can be disabled with `set_option linter.unusedTactic false`
2026-09-15T23:48:22.5437725Z warning: NLA/MF12/MatrixAlgebra.lean:178:48: Unused tactic linter: `ring` does nothing
2026-09-15T23:48:22.5438310Z 
2026-09-15T23:48:22.5438679Z Note: This linter can be disabled with `set_option linter.unusedTactic false`
2026-09-15T23:48:22.5439637Z warning: NLA/MF12/MatrixAlgebra.lean:181:48: Unused tactic linter: `ring` does nothing
2026-09-15T23:48:22.5440417Z 
2026-09-15T23:48:22.5441044Z Note: This linter can be disabled with `set_option linter.unusedTactic false`
2026-09-15T23:48:22.5442022Z warning: NLA/MF12/MatrixAlgebra.lean:187:48: Unused tactic linter: `ring` does nothing
2026-09-15T23:48:22.5442610Z 
2026-09-15T23:48:22.5442982Z Note: This linter can be disabled with `set_option linter.unusedTactic false`
2026-09-15T23:48:22.5443926Z warning: NLA/MF12/MatrixAlgebra.lean:190:48: Unused tactic linter: `ring` does nothing
2026-09-15T23:48:22.5444509Z 
2026-09-15T23:48:22.5444878Z Note: This linter can be disabled with `set_option linter.unusedTactic false`
2026-09-15T23:48:22.5459495Z warning: NLA/MF12/MatrixAlgebra.lean:193:48: Unused tactic linter: `ring` does nothing
2026-09-15T23:48:22.5461524Z 
2026-09-15T23:48:22.5461974Z Note: This linter can be disabled with `set_option linter.unusedTactic false`
2026-09-15T23:48:22.5464378Z warning: NLA/MF12/MatrixAlgebra.lean:196:48: Unused tactic linter: `ring` does nothing
2026-09-15T23:48:22.5466389Z 
2026-09-15T23:48:22.5466794Z Note: This linter can be disabled with `set_option linter.unusedTactic false`
2026-09-15T23:48:22.5469430Z warning: NLA/MF12/MatrixAlgebra.lean:199:48: Unused tactic linter: `ring` does nothing
2026-09-15T23:48:22.5471526Z 
2026-09-15T23:48:22.5471921Z Note: This linter can be disabled with `set_option linter.unusedTactic false`
2026-09-15T23:48:22.5475692Z warning: NLA/MF12/MatrixAlgebra.lean:202:48: Unused tactic linter: `ring` does nothing
2026-09-15T23:48:22.5476316Z 
2026-09-15T23:48:22.5478094Z Note: This linter can be disabled with `set_option linter.unusedTactic false`
2026-09-15T23:48:22.5480431Z warning: NLA/MF12/MatrixAlgebra.lean:205:48: Unused tactic linter: `ring` does nothing
2026-09-15T23:48:22.5481041Z 
2026-09-15T23:48:22.5482884Z Note: This linter can be disabled with `set_option linter.unusedTactic false`
2026-09-15T23:48:22.5485243Z warning: NLA/MF12/MatrixAlgebra.lean:208:48: Unused tactic linter: `ring` does nothing
2026-09-15T23:48:22.5485841Z 
2026-09-15T23:48:22.5487677Z Note: This linter can be disabled with `set_option linter.unusedTactic false`
2026-09-15T23:48:22.5490088Z warning: NLA/MF12/MatrixAlgebra.lean:211:48: Unused tactic linter: `ring` does nothing
2026-09-15T23:48:22.5492060Z 
2026-09-15T23:48:22.5492465Z Note: This linter can be disabled with `set_option linter.unusedTactic false`
2026-09-15T23:48:22.5494827Z warning: NLA/MF12/MatrixAlgebra.lean:214:48: Unused tactic linter: `ring` does nothing
2026-09-15T23:48:22.5496815Z 
2026-09-15T23:48:22.5497202Z Note: This linter can be disabled with `set_option linter.unusedTactic false`
2026-09-15T23:48:22.5499547Z warning: NLA/MF12/MatrixAlgebra.lean:217:48: Unused tactic linter: `ring` does nothing
2026-09-15T23:48:22.5501508Z 
2026-09-15T23:48:22.5501891Z Note: This linter can be disabled with `set_option linter.unusedTactic false`
2026-09-15T23:48:22.5504262Z warning: NLA/MF12/MatrixAlgebra.lean:220:48: Unused tactic linter: `ring` does nothing
2026-09-15T23:48:22.5506264Z 
2026-09-15T23:48:22.5506661Z Note: This linter can be disabled with `set_option linter.unusedTactic false`
2026-09-15T23:48:22.5509038Z warning: NLA/MF12/MatrixAlgebra.lean:223:48: Unused tactic linter: `ring` does nothing
2026-09-15T23:48:22.5512223Z 
2026-09-15T23:48:22.5512612Z Note: This linter can be disabled with `set_option linter.unusedTactic false`
2026-09-15T23:48:22.5513563Z warning: NLA/MF12/MatrixAlgebra.lean:229:48: Unused tactic linter: `ring` does nothing
2026-09-15T23:48:22.5514140Z 
2026-09-15T23:48:22.5514509Z Note: This linter can be disabled with `set_option linter.unusedTactic false`
2026-09-15T23:48:22.5515439Z warning: NLA/MF12/MatrixAlgebra.lean:232:48: Unused tactic linter: `ring` does nothing
2026-09-15T23:48:22.5531288Z 
2026-09-15T23:48:22.5531677Z Note: This linter can be disabled with `set_option linter.unusedTactic false`
2026-09-15T23:48:22.5532641Z warning: NLA/MF12/MatrixAlgebra.lean:235:48: Unused tactic linter: `ring` does nothing
2026-09-15T23:48:22.5533223Z 
2026-09-15T23:48:22.5533931Z Note: This linter can be disabled with `set_option linter.unusedTactic false`
2026-09-15T23:48:22.5534906Z warning: NLA/MF12/MatrixAlgebra.lean:238:48: Unused tactic linter: `ring` does nothing
2026-09-15T23:48:22.5535490Z 
2026-09-15T23:48:22.5535865Z Note: This linter can be disabled with `set_option linter.unusedTactic false`
2026-09-15T23:48:22.5536810Z warning: NLA/MF12/MatrixAlgebra.lean:241:48: Unused tactic linter: `ring` does nothing
2026-09-15T23:48:22.5537389Z 
2026-09-15T23:48:22.5537759Z Note: This linter can be disabled with `set_option linter.unusedTactic false`
2026-09-15T23:48:22.5538697Z warning: NLA/MF12/MatrixAlgebra.lean:244:48: Unused tactic linter: `ring` does nothing
2026-09-15T23:48:22.5539269Z 
2026-09-15T23:48:22.5539646Z Note: This linter can be disabled with `set_option linter.unusedTactic false`
2026-09-15T23:48:22.5540587Z warning: NLA/MF12/MatrixAlgebra.lean:247:48: Unused tactic linter: `ring` does nothing
2026-09-15T23:48:22.5541358Z 
2026-09-15T23:48:22.5541742Z Note: This linter can be disabled with `set_option linter.unusedTactic false`
2026-09-15T23:48:22.5542873Z warning: NLA/MF12/MatrixAlgebra.lean:250:48: Unused tactic linter: `ring` does nothing
2026-09-15T23:48:22.5543450Z 
2026-09-15T23:48:22.5543817Z Note: This linter can be disabled with `set_option linter.unusedTactic false`
2026-09-15T23:48:22.5544751Z warning: NLA/MF12/MatrixAlgebra.lean:253:48: Unused tactic linter: `ring` does nothing
2026-09-15T23:48:22.5545332Z 
2026-09-15T23:48:22.5545705Z Note: This linter can be disabled with `set_option linter.unusedTactic false`
2026-09-15T23:48:22.5546635Z warning: NLA/MF12/MatrixAlgebra.lean:256:48: Unused tactic linter: `ring` does nothing
2026-09-15T23:48:22.5547209Z 
2026-09-15T23:48:22.5547578Z Note: This linter can be disabled with `set_option linter.unusedTactic false`
2026-09-15T23:48:22.5548518Z warning: NLA/MF12/MatrixAlgebra.lean:259:48: Unused tactic linter: `ring` does nothing
2026-09-15T23:48:22.5549101Z 
2026-09-15T23:48:22.5549476Z Note: This linter can be disabled with `set_option linter.unusedTactic false`
2026-09-15T23:48:22.5550421Z warning: NLA/MF12/MatrixAlgebra.lean:262:48: Unused tactic linter: `ring` does nothing
2026-09-15T23:48:22.5581247Z 
2026-09-15T23:48:22.5581645Z Note: This linter can be disabled with `set_option linter.unusedTactic false`
2026-09-15T23:48:22.5582611Z warning: NLA/MF12/MatrixAlgebra.lean:265:48: Unused tactic linter: `ring` does nothing
2026-09-15T23:48:22.5583200Z 
2026-09-15T23:48:22.5583589Z Note: This linter can be disabled with `set_option linter.unusedTactic false`
2026-09-15T23:48:22.5584498Z warning: NLA/MF12/MatrixAlgebra.lean:160:48: this tactic is never executed
2026-09-15T23:48:22.5585023Z 
2026-09-15T23:48:22.5585441Z Note: This linter can be disabled with `set_option linter.unreachableTactic false`
2026-09-15T23:48:22.5586364Z warning: NLA/MF12/MatrixAlgebra.lean:163:48: this tactic is never executed
2026-09-15T23:48:22.5586875Z 
2026-09-15T23:48:22.5587302Z Note: This linter can be disabled with `set_option linter.unreachableTactic false`
2026-09-15T23:48:22.5588213Z warning: NLA/MF12/MatrixAlgebra.lean:166:48: this tactic is never executed
2026-09-15T23:48:22.5588720Z 
2026-09-15T23:48:22.5589128Z Note: This linter can be disabled with `set_option linter.unreachableTactic false`
2026-09-15T23:48:22.5590037Z warning: NLA/MF12/MatrixAlgebra.lean:169:48: this tactic is never executed
2026-09-15T23:48:22.5590561Z 
2026-09-15T23:48:22.5591270Z Note: This linter can be disabled with `set_option linter.unreachableTactic false`
2026-09-15T23:48:22.5592195Z warning: NLA/MF12/MatrixAlgebra.lean:172:48: this tactic is never executed
2026-09-15T23:48:22.5592713Z 
2026-09-15T23:48:22.5593115Z Note: This linter can be disabled with `set_option linter.unreachableTactic false`
2026-09-15T23:48:22.5594039Z warning: NLA/MF12/MatrixAlgebra.lean:175:48: this tactic is never executed
2026-09-15T23:48:22.5594546Z 
2026-09-15T23:48:22.5594953Z Note: This linter can be disabled with `set_option linter.unreachableTactic false`
2026-09-15T23:48:22.5596077Z warning: NLA/MF12/MatrixAlgebra.lean:178:48: this tactic is never executed
2026-09-15T23:48:22.5596605Z 
2026-09-15T23:48:22.5597032Z Note: This linter can be disabled with `set_option linter.unreachableTactic false`
2026-09-15T23:48:22.5597964Z warning: NLA/MF12/MatrixAlgebra.lean:181:48: this tactic is never executed
2026-09-15T23:48:22.5598475Z 
2026-09-15T23:48:22.5598881Z Note: This linter can be disabled with `set_option linter.unreachableTactic false`
2026-09-15T23:48:22.5599794Z warning: NLA/MF12/MatrixAlgebra.lean:187:48: this tactic is never executed
2026-09-15T23:48:22.5600301Z 
2026-09-15T23:48:22.5600877Z Note: This linter can be disabled with `set_option linter.unreachableTactic false`
2026-09-15T23:48:22.5601786Z warning: NLA/MF12/MatrixAlgebra.lean:190:48: this tactic is never executed
2026-09-15T23:48:22.5602289Z 
2026-09-15T23:48:22.5602694Z Note: This linter can be disabled with `set_option linter.unreachableTactic false`
2026-09-15T23:48:22.5603611Z warning: NLA/MF12/MatrixAlgebra.lean:193:48: this tactic is never executed
2026-09-15T23:48:22.5604301Z 
2026-09-15T23:48:22.5604700Z Note: This linter can be disabled with `set_option linter.unreachableTactic false`
2026-09-15T23:48:22.5605605Z warning: NLA/MF12/MatrixAlgebra.lean:196:48: this tactic is never executed
2026-09-15T23:48:22.5606115Z 
2026-09-15T23:48:22.5606518Z Note: This linter can be disabled with `set_option linter.unreachableTactic false`
2026-09-15T23:48:22.5607423Z warning: NLA/MF12/MatrixAlgebra.lean:199:48: this tactic is never executed
2026-09-15T23:48:22.5607923Z 
2026-09-15T23:48:22.5608332Z Note: This linter can be disabled with `set_option linter.unreachableTactic false`
2026-09-15T23:48:22.5609240Z warning: NLA/MF12/MatrixAlgebra.lean:202:48: this tactic is never executed
2026-09-15T23:48:22.5609749Z 
2026-09-15T23:48:22.5610153Z Note: This linter can be disabled with `set_option linter.unreachableTactic false`
2026-09-15T23:48:22.5641292Z warning: NLA/MF12/MatrixAlgebra.lean:205:48: this tactic is never executed
2026-09-15T23:48:22.5641818Z 
2026-09-15T23:48:22.5642233Z Note: This linter can be disabled with `set_option linter.unreachableTactic false`
2026-09-15T23:48:22.5643354Z warning: NLA/MF12/MatrixAlgebra.lean:208:48: this tactic is never executed
2026-09-15T23:48:22.5643858Z 
2026-09-15T23:48:22.5644270Z Note: This linter can be disabled with `set_option linter.unreachableTactic false`
2026-09-15T23:48:22.5645170Z warning: NLA/MF12/MatrixAlgebra.lean:211:48: this tactic is never executed
2026-09-15T23:48:22.5645678Z 
2026-09-15T23:48:22.5646080Z Note: This linter can be disabled with `set_option linter.unreachableTactic false`
2026-09-15T23:48:22.5646982Z warning: NLA/MF12/MatrixAlgebra.lean:214:48: this tactic is never executed
2026-09-15T23:48:22.5647494Z 
2026-09-15T23:48:22.5647893Z Note: This linter can be disabled with `set_option linter.unreachableTactic false`
2026-09-15T23:48:22.5648800Z warning: NLA/MF12/MatrixAlgebra.lean:217:48: this tactic is never executed
2026-09-15T23:48:22.5649309Z 
2026-09-15T23:48:22.5649721Z Note: This linter can be disabled with `set_option linter.unreachableTactic false`
2026-09-15T23:48:22.5650634Z warning: NLA/MF12/MatrixAlgebra.lean:220:48: this tactic is never executed
2026-09-15T23:48:22.5651358Z 
2026-09-15T23:48:22.5651773Z Note: This linter can be disabled with `set_option linter.unreachableTactic false`
2026-09-15T23:48:22.5652688Z warning: NLA/MF12/MatrixAlgebra.lean:223:48: this tactic is never executed
2026-09-15T23:48:22.5653205Z 
2026-09-15T23:48:22.5653611Z Note: This linter can be disabled with `set_option linter.unreachableTactic false`
2026-09-15T23:48:22.5654521Z warning: NLA/MF12/MatrixAlgebra.lean:229:48: this tactic is never executed
2026-09-15T23:48:22.5655033Z 
2026-09-15T23:48:22.5655438Z Note: This linter can be disabled with `set_option linter.unreachableTactic false`
2026-09-15T23:48:22.5656346Z warning: NLA/MF12/MatrixAlgebra.lean:232:48: this tactic is never executed
2026-09-15T23:48:22.5656847Z 
2026-09-15T23:48:22.5657453Z Note: This linter can be disabled with `set_option linter.unreachableTactic false`
2026-09-15T23:48:22.5658375Z warning: NLA/MF12/MatrixAlgebra.lean:235:48: this tactic is never executed
2026-09-15T23:48:22.5658888Z 
2026-09-15T23:48:22.5659282Z Note: This linter can be disabled with `set_option linter.unreachableTactic false`
2026-09-15T23:48:22.5660178Z warning: NLA/MF12/MatrixAlgebra.lean:238:48: this tactic is never executed
2026-09-15T23:48:22.5660957Z 
2026-09-15T23:48:22.5661373Z Note: This linter can be disabled with `set_option linter.unreachableTactic false`
2026-09-15T23:48:22.5662281Z warning: NLA/MF12/MatrixAlgebra.lean:241:48: this tactic is never executed
2026-09-15T23:48:22.5662787Z 
2026-09-15T23:48:22.5663203Z Note: This linter can be disabled with `set_option linter.unreachableTactic false`
2026-09-15T23:48:22.5664123Z warning: NLA/MF12/MatrixAlgebra.lean:244:48: this tactic is never executed
2026-09-15T23:48:22.5664627Z 
2026-09-15T23:48:22.5665000Z Note: This linter can be disabled with `set_option linter.unreachableTactic false`
2026-09-15T23:48:22.5666112Z warning: NLA/MF12/MatrixAlgebra.lean:247:48: this tactic is never executed
2026-09-15T23:48:22.5666674Z 
2026-09-15T23:48:22.5667095Z Note: This linter can be disabled with `set_option linter.unreachableTactic false`
2026-09-15T23:48:22.5668000Z warning: NLA/MF12/MatrixAlgebra.lean:250:48: this tactic is never executed
2026-09-15T23:48:22.5668499Z 
2026-09-15T23:48:22.5668913Z Note: This linter can be disabled with `set_option linter.unreachableTactic false`
2026-09-15T23:48:22.5669829Z warning: NLA/MF12/MatrixAlgebra.lean:253:48: this tactic is never executed
2026-09-15T23:48:22.5670343Z 
2026-09-15T23:48:22.5700972Z Note: This linter can be disabled with `set_option linter.unreachableTactic false`
2026-09-15T23:48:22.5701937Z warning: NLA/MF12/MatrixAlgebra.lean:256:48: this tactic is never executed
2026-09-15T23:48:22.5702440Z 
2026-09-15T23:48:22.5702838Z Note: This linter can be disabled with `set_option linter.unreachableTactic false`
2026-09-15T23:48:22.5703744Z warning: NLA/MF12/MatrixAlgebra.lean:259:48: this tactic is never executed
2026-09-15T23:48:22.5704234Z 
2026-09-15T23:48:22.5704625Z Note: This linter can be disabled with `set_option linter.unreachableTactic false`
2026-09-15T23:48:22.5705499Z warning: NLA/MF12/MatrixAlgebra.lean:262:48: this tactic is never executed
2026-09-15T23:48:22.5705978Z 
2026-09-15T23:48:22.5706375Z Note: This linter can be disabled with `set_option linter.unreachableTactic false`
2026-09-15T23:48:22.5707253Z warning: NLA/MF12/MatrixAlgebra.lean:265:48: this tactic is never executed
2026-09-15T23:48:22.5707736Z 
2026-09-15T23:48:22.5708116Z Note: This linter can be disabled with `set_option linter.unreachableTactic false`
2026-09-15T23:48:22.5709119Z warning: NLA/MF12/MatrixAlgebra.lean:184:44: Used `tac1 <;> tac2` where `(tac1; tac2)` would suffice
2026-09-15T23:48:22.5709737Z 
2026-09-15T23:48:22.5710152Z Note: This linter can be disabled with `set_option linter.unnecessarySeqFocus false`
2026-09-15T23:48:22.5711354Z warning: NLA/MF12/MatrixAlgebra.lean:226:44: Used `tac1 <;> tac2` where `(tac1; tac2)` would suffice
2026-09-15T23:48:22.5711965Z 
2026-09-15T23:48:22.5712377Z Note: This linter can be disabled with `set_option linter.unnecessarySeqFocus false`
2026-09-15T23:48:22.5713625Z info: NLA/MF12/MatrixAlgebra.lean:325:0: 'NLA.MF12.fractional_projection' depends on axioms: [propext, Classical.choice, Quot.sound]
2026-09-15T23:48:22.5715114Z info: NLA/MF12/MatrixAlgebra.lean:326:0: 'NLA.MF12.jordan_two_power' depends on axioms: [propext, Classical.choice, Quot.sound]
2026-09-15T23:48:22.5716585Z info: NLA/MF12/MatrixAlgebra.lean:327:0: 'NLA.MF12.compressed_powers' depends on axioms: [propext, Classical.choice, Quot.sound]
2026-09-15T23:48:27.4246328Z ℹ [3106/3119] Built NLA.MF12.Gaps (4.0s)
2026-09-15T23:48:27.4247646Z info: NLA/MF12/Gaps.lean:116:0: 'NLA.MF12.gap_decomposition' depends on axioms: [propext, Quot.sound]
2026-09-15T23:48:27.4249653Z info: NLA/MF12/Gaps.lean:117:0: 'NLA.MF12.reset_product_factorization' depends on axioms: [propext, Classical.choice, Quot.sound]
2026-09-15T23:48:27.4251826Z info: NLA/MF12/Gaps.lean:118:0: 'NLA.MF12.lower_word_exact' depends on axioms: [propext, Classical.choice, Quot.sound]
2026-09-15T23:48:27.4271423Z ℹ [3107/3119] Built NLA.MF12.Tensor (5.1s)
2026-09-15T23:48:27.4273191Z info: NLA/MF12/Tensor.lean:102:0: 'NLA.MF12.tensor_norm_comparison' depends on axioms: [propext, Classical.choice, Quot.sound]
2026-09-15T23:48:27.4275060Z info: NLA/MF12/Tensor.lean:103:0: 'NLA.MF12.tensor_word_identity' depends on axioms: [propext, Classical.choice, Quot.sound]
2026-09-15T23:48:27.6260536Z ℹ [3108/3119] Built NLA.MF12.Budgets (5.2s)
2026-09-15T23:48:27.6263055Z info: NLA/MF12/Budgets.lean:108:0: 'NLA.MF12.telescoping_budget' depends on axioms: [propext, Classical.choice, Quot.sound]
2026-09-15T23:48:27.6265311Z info: NLA/MF12/Budgets.lean:109:0: 'NLA.MF12.compressed_product_formula' depends on axioms: [propext, Classical.choice, Quot.sound]
2026-09-15T23:48:28.7267409Z ⚠ [3109/3119] Built NLA.MF12.JordanEntries (6.4s)
2026-09-15T23:48:28.7271067Z warning: NLA/MF12/JordanEntries.lean:81:91: Used `tac1 <;> tac2` where `(tac1; tac2)` would suffice
2026-09-15T23:48:28.7272237Z 
2026-09-15T23:48:28.7289122Z Note: This linter can be disabled with `set_option linter.unnecessarySeqFocus false`
2026-09-15T23:48:28.7291078Z warning: NLA/MF12/JordanEntries.lean:96:2: Try `simp at he` instead of `simpa using he`
2026-09-15T23:48:28.7293239Z 
2026-09-15T23:48:28.7293919Z Note: This linter can be disabled with `set_option linter.unnecessarySimpa false`
2026-09-15T23:48:28.7297330Z warning: NLA/MF12/JordanEntries.lean:114:6: try 'simp' instead of 'simpa'
2026-09-15T23:48:28.7298129Z 
2026-09-15T23:48:28.7299916Z Note: This linter can be disabled with `set_option linter.unnecessarySimpa false`
2026-09-15T23:48:28.7302606Z warning: NLA/MF12/JordanEntries.lean:119:47: Variable name `hn` is not explicitly referenced.
2026-09-15T23:48:28.7304508Z 
2026-09-15T23:48:28.7306621Z Hint: The binding can be removed (if unused) or named `_` (if used implicitly). Alternatively, prefix the name with `_` to silence this warning:
2026-09-15T23:48:28.7312540Z   [apply] _hn
2026-09-15T23:48:28.7312966Z 
2026-09-15T23:48:28.7313591Z Note: This linter can be disabled with `set_option linter.unusedVariables false`
2026-09-15T23:48:28.7315120Z info: NLA/MF12/JordanEntries.lean:125:0: 'NLA.MF12.jordan_entries' depends on axioms: [propext, Classical.choice, Quot.sound]
2026-09-15T23:48:28.7316928Z info: NLA/MF12/JordanEntries.lean:126:0: 'NLA.MF12.integer_family_growth' depends on axioms: [propext, Classical.choice, Quot.sound]
2026-09-15T23:48:32.1311750Z ℹ [3110/3119] Built NLA.MF12.HolderBound (4.5s)
2026-09-15T23:48:32.1313673Z info: NLA/MF12/HolderBound.lean:104:0: 'NLA.MF12.compressed_product_bound' depends on axioms: [propext, Classical.choice, Quot.sound]
2026-09-15T23:48:32.4339632Z ℹ [3111/3119] Built NLA.MF12.PowerBounds (5.0s)
2026-09-15T23:48:32.4342262Z info: NLA/MF12/PowerBounds.lean:130:0: 'NLA.MF12.fractional_powers_entry_bound' depends on axioms: [propext, Classical.choice, Quot.sound]
2026-09-15T23:48:33.6360490Z ℹ [3112/3119] Built NLA.MF12.JordanBounds (4.9s)
2026-09-15T23:48:33.6362194Z info: NLA/MF12/JordanBounds.lean:115:0: 'NLA.MF12.jordan_growth_estimates' depends on axioms: [propext, Classical.choice, Quot.sound]
2026-09-15T23:48:34.1367194Z ℹ [3113/3119] Built NLA.MF12.GapBounds (6.7s)
2026-09-15T23:48:34.1368651Z info: NLA/MF12/GapBounds.lean:71:0: 'NLA.MF12.logarithmic_gap_bounds' depends on axioms: [propext, Classical.choice, Quot.sound]
2026-09-15T23:48:36.4394944Z ⚠ [3114/3119] Built NLA.MF12.Upper (4.1s)
2026-09-15T23:48:36.4395750Z warning: NLA/MF12/Upper.lean:27:28: Variable name `hb` is not explicitly referenced.
2026-09-15T23:48:36.4396139Z 
2026-09-15T23:48:36.4396660Z Hint: The binding can be removed (if unused) or named `_` (if used implicitly). Alternatively, prefix the name with `_` to silence this warning:
2026-09-15T23:48:36.4397355Z   [apply] _hb
2026-09-15T23:48:36.4397483Z 
2026-09-15T23:48:36.4398024Z Note: This linter can be disabled with `set_option linter.unusedVariables false`
2026-09-15T23:48:36.4398614Z warning: NLA/MF12/Upper.lean:181:53: This simp argument is unused:
2026-09-15T23:48:36.4399029Z   List.sum_singleton
2026-09-15T23:48:36.4399177Z 
2026-09-15T23:48:36.4399304Z Hint: Omit it from the simp argument list.
2026-09-15T23:48:36.4399844Z   [apply] simp only [List.sum_cons, List.sum_append, List.length_cons, List.length_append,
2026-09-15T23:48:36.4400382Z     List.length_singleton] at hlength
2026-09-15T23:48:36.4400604Z 
2026-09-15T23:48:36.4401053Z Note: This linter can be disabled with `set_option linter.unusedSimpArgs false`
2026-09-15T23:48:36.4401617Z warning: NLA/MF12/Upper.lean:182:50: This simp argument is unused:
2026-09-15T23:48:36.4402038Z   List.length_singleton
2026-09-15T23:48:36.4402187Z 
2026-09-15T23:48:36.4402320Z Hint: Omit it from the simp argument list.
2026-09-15T23:48:36.4402870Z   [apply] simp only [List.sum_cons, List.sum_append, List.sum_singleton, List.length_cons,
2026-09-15T23:48:36.4403403Z     List.length_append] at hlength
2026-09-15T23:48:36.4403747Z 
2026-09-15T23:48:36.4403983Z Note: This linter can be disabled with `set_option linter.unusedSimpArgs false`
2026-09-15T23:48:36.4404708Z info: NLA/MF12/Upper.lean:204:0: 'NLA.MF12.fractional_all_word_upper' depends on axioms: [propext, Classical.choice, Quot.sound]
2026-09-15T23:48:40.5442029Z ℹ [3115/3119] Built NLA.MF12.Lower (4.1s)
2026-09-15T23:48:40.5443458Z info: NLA/MF12/Lower.lean:173:0: 'NLA.MF12.fractional_lower_all_lengths' depends on axioms: [propext, Classical.choice, Quot.sound]
2026-09-15T23:48:40.5445419Z info: NLA/MF12/Lower.lean:174:0: 'NLA.MF12.fractional_growth_estimates' depends on axioms: [propext, Classical.choice, Quot.sound]
2026-09-15T23:48:43.3463409Z ℹ [3116/3119] Built NLA.MF12.Lifted (2.8s)
2026-09-15T23:48:43.3464498Z info: NLA/MF12/Lifted.lean:126:0: 'NLA.MF12.fractional_tensor_growth' depends on axioms: [propext, Classical.choice, Quot.sound]
2026-09-15T23:48:46.0497596Z ℹ [3117/3119] Built NLA.MF12.Realization (2.7s)
2026-09-15T23:48:46.0498850Z info: NLA/MF12/Realization.lean:74:0: 'NLA.MF12.realizes_every_nonnegative_exponent' depends on axioms: [propext, Classical.choice, Quot.sound]
2026-09-15T23:48:48.4528302Z ℹ [3118/3119] Built Solution (2.3s)
2026-09-15T23:48:48.4529695Z info: Solution.lean:18:0: 'NLA.MF12.family_growth_is_maximum' depends on axioms: [propext, Classical.choice, Quot.sound]
2026-09-15T23:48:48.4531220Z info: Solution.lean:20:0: 'NLA.MF12.pair_word_norms' depends on axioms: [propext, Classical.choice, Quot.sound]
2026-09-15T23:48:48.4532350Z info: Solution.lean:22:0: 'NLA.MF12.entry_maximum_norm_comparison' depends on axioms: [propext, Classical.choice, Quot.sound]
2026-09-15T23:48:48.4533242Z info: Solution.lean:24:0: 'NLA.MF12.tensor_norm_comparison' depends on axioms: [propext, Classical.choice, Quot.sound]
2026-09-15T23:48:48.4534204Z info: Solution.lean:26:0: 'NLA.MF12.tensor_word_identity' depends on axioms: [propext, Classical.choice, Quot.sound]
2026-09-15T23:48:48.4535089Z info: Solution.lean:28:0: 'NLA.MF12.fractional_parameters' depends on axioms: [propext, Classical.choice, Quot.sound]
2026-09-15T23:48:48.4535960Z info: Solution.lean:30:0: 'NLA.MF12.fractional_projection' depends on axioms: [propext, Classical.choice, Quot.sound]
2026-09-15T23:48:48.4536813Z info: Solution.lean:32:0: 'NLA.MF12.jordan_two_power' depends on axioms: [propext, Classical.choice, Quot.sound]
2026-09-15T23:48:48.4537636Z info: Solution.lean:34:0: 'NLA.MF12.compressed_powers' depends on axioms: [propext, Classical.choice, Quot.sound]
2026-09-15T23:48:48.4538866Z info: Solution.lean:36:0: 'NLA.MF12.loss_gain_bounds' depends on axioms: [propext, Classical.choice, Quot.sound]
2026-09-15T23:48:48.4540191Z info: Solution.lean:38:0: 'NLA.MF12.telescoping_budget' depends on axioms: [propext, Classical.choice, Quot.sound]
2026-09-15T23:48:48.4561576Z info: Solution.lean:40:0: 'NLA.MF12.compressed_product_formula' depends on axioms: [propext, Classical.choice, Quot.sound]
2026-09-15T23:48:48.4563050Z info: Solution.lean:42:0: 'NLA.MF12.compressed_product_bound' depends on axioms: [propext, Classical.choice, Quot.sound]
2026-09-15T23:48:48.4564213Z info: Solution.lean:44:0: 'NLA.MF12.fractional_powers_entry_bound' depends on axioms: [propext, Classical.choice, Quot.sound]
2026-09-15T23:48:48.4565235Z info: Solution.lean:46:0: 'NLA.MF12.gap_decomposition' depends on axioms: [propext, Quot.sound]
2026-09-15T23:48:48.4566249Z info: Solution.lean:48:0: 'NLA.MF12.reset_product_factorization' depends on axioms: [propext, Classical.choice, Quot.sound]
2026-09-15T23:48:48.4567375Z info: Solution.lean:50:0: 'NLA.MF12.fractional_all_word_upper' depends on axioms: [propext, Classical.choice, Quot.sound]
2026-09-15T23:48:48.4568470Z info: Solution.lean:52:0: 'NLA.MF12.logarithmic_gap_bounds' depends on axioms: [propext, Classical.choice, Quot.sound]
2026-09-15T23:48:48.4569518Z info: Solution.lean:54:0: 'NLA.MF12.bernoulli_loss' depends on axioms: [propext, Classical.choice, Quot.sound]
2026-09-15T23:48:48.4570533Z info: Solution.lean:56:0: 'NLA.MF12.lower_word_exact' depends on axioms: [propext, Classical.choice, Quot.sound]
2026-09-15T23:48:48.4572058Z info: Solution.lean:58:0: 'NLA.MF12.fractional_lower_all_lengths' depends on axioms: [propext, Classical.choice, Quot.sound]
2026-09-15T23:48:48.4573206Z info: Solution.lean:60:0: 'NLA.MF12.fractional_growth_estimates' depends on axioms: [propext, Classical.choice, Quot.sound]
2026-09-15T23:48:48.4574771Z info: Solution.lean:62:0: 'NLA.MF12.roots_of_polynomial_growth' depends on axioms: [propext, Classical.choice, Quot.sound]
2026-09-15T23:48:48.4575840Z info: Solution.lean:64:0: 'NLA.MF12.jordan_entries' depends on axioms: [propext, Classical.choice, Quot.sound]
2026-09-15T23:48:48.4576887Z info: Solution.lean:66:0: 'NLA.MF12.jordan_growth_estimates' depends on axioms: [propext, Classical.choice, Quot.sound]
2026-09-15T23:48:48.4577978Z info: Solution.lean:68:0: 'NLA.MF12.integer_family_growth' depends on axioms: [propext, Classical.choice, Quot.sound]
2026-09-15T23:48:48.4579075Z info: Solution.lean:70:0: 'NLA.MF12.fractional_tensor_growth' depends on axioms: [propext, Classical.choice, Quot.sound]
2026-09-15T23:48:48.4580251Z info: Solution.lean:72:0: 'NLA.MF12.realizes_every_nonnegative_exponent' depends on axioms: [propext, Classical.choice, Quot.sound]
2026-09-15T23:48:48.4656424Z Build completed successfully (3119 jobs).
2026-09-15T23:49:32.9703360Z Exporting #[Quot, Quot.mk, Quot.lift, Quot.ind, NLA.MF12.family_growth_is_maximum, NLA.MF12.pair_word_norms, NLA.MF12.entry_maximum_norm_comparison, NLA.MF12.tensor_norm_comparison, NLA.MF12.tensor_word_identity, NLA.MF12.fractional_parameters, NLA.MF12.fractional_projection, NLA.MF12.jordan_two_power, NLA.MF12.compressed_powers, NLA.MF12.loss_gain_bounds, NLA.MF12.telescoping_budget, NLA.MF12.compressed_product_formula, NLA.MF12.compressed_product_bound, NLA.MF12.fractional_powers_entry_bound, NLA.MF12.gap_decomposition, NLA.MF12.reset_product_factorization, NLA.MF12.fractional_all_word_upper, NLA.MF12.logarithmic_gap_bounds, NLA.MF12.bernoulli_loss, NLA.MF12.lower_word_exact, NLA.MF12.fractional_lower_all_lengths, NLA.MF12.fractional_growth_estimates, NLA.MF12.roots_of_polynomial_growth, NLA.MF12.jordan_entries, NLA.MF12.jordan_growth_estimates, NLA.MF12.integer_family_growth, NLA.MF12.fractional_tensor_growth, NLA.MF12.realizes_every_nonnegative_exponent, propext, Classical.choice, Quot.sound, Nat.add, Nat.sub, Nat.mul, Nat.pow, Nat.gcd, Nat.div, Nat.mod, Nat.beq, Nat.ble, Nat.land, Nat.lor, Nat.xor, Nat.shiftLeft, Nat.shiftRight, String.ofList, Char.ofNat, List, eagerReduce, Nat, String, String.mk, Char, optParam, autoParam, semiOutParam, outParam] from Solution
2026-09-15T23:49:32.9709730Z Running Lean default kernel on solution.
2026-09-15T23:49:32.9710128Z Lean default kernel accepts the solution
2026-09-15T23:49:32.9710488Z Your solution is okay!
2026-09-15T23:49:37.9887428Z PASS: fresh Comparator run and all controls. Evidence: /home/runner/work/_temp/nla-lean-tools/logs/verify-20260915T234603Z-4147
2026-09-15T23:49:38.0095446Z Node 20 is being deprecated. This workflow is running with Node 24 by default. If you need to temporarily use Node 20, you can set the ACTIONS_ALLOW_USE_UNSECURE_NODE_VERSION=true environment variable. For more information see: https://github.blog/changelog/2025-09-19-deprecation-of-node-20-on-github-actions-runners/
2026-09-15T23:49:38.0097413Z ##[group]Run actions/upload-artifact@ea165f8d65b6e75b540449e92b4886f43607fa02
2026-09-15T23:49:38.0097879Z with:
2026-09-15T23:49:38.0098145Z   name: lean-MF-12
2026-09-15T23:49:38.0098470Z   path: /home/runner/work/_temp/nla-lean-tools/logs/
2026-09-15T23:49:38.0098856Z   if-no-files-found: warn
2026-09-15T23:49:38.0099156Z   compression-level: 6
2026-09-15T23:49:38.0099434Z   overwrite: false
2026-09-15T23:49:38.0099652Z   include-hidden-files: false
2026-09-15T23:49:38.0099966Z env:
2026-09-15T23:49:38.0100214Z   GOTOOLCHAIN: local
2026-09-15T23:49:38.0100501Z   XDG_RUNTIME_DIR: /run/user/1001
2026-09-15T23:49:38.0101059Z   DBUS_SESSION_BUS_ADDRESS: unix:path=/run/user/1001/bus
2026-09-15T23:49:38.0101724Z ##[endgroup]
2026-09-15T23:49:38.2982403Z (node:6224) [DEP0040] DeprecationWarning: The `punycode` module is deprecated. Please use a userland alternative instead.
2026-09-15T23:49:38.2983421Z (Use `node --trace-deprecation ...` to show where the warning was created)
2026-09-15T23:49:38.3090469Z With the provided path, there will be 13 files uploaded
2026-09-15T23:49:38.3094859Z Artifact name is valid!
2026-09-15T23:49:38.3095602Z Root directory input is valid!
2026-09-15T23:49:38.5729565Z Beginning upload of artifact content to blob storage
2026-09-15T23:49:38.6205309Z (node:6224) [DEP0169] DeprecationWarning: `url.parse()` behavior is not standardized and prone to errors that have security implications. Use the WHATWG URL API instead. CVEs are not issued for `url.parse()` vulnerabilities.
2026-09-15T23:49:38.7547497Z Uploaded bytes 24971
2026-09-15T23:49:38.7902895Z Finished uploading artifact content to blob storage!
2026-09-15T23:49:38.7904219Z SHA256 digest of uploaded artifact zip is 2d5382b674a3b49699ad3e98650724c021e3d53980db5d02ce3c7976c0ed3293
2026-09-15T23:49:38.7906398Z Finalizing artifact upload
2026-09-15T23:49:39.0182989Z Artifact lean-MF-12.zip successfully finalized. Artifact ID 10423298472
2026-09-15T23:49:39.0185180Z Artifact lean-MF-12 has been successfully uploaded! Final size is 24971 bytes. Artifact ID is 10423298472
2026-09-15T23:49:39.0190947Z Artifact download URL: https://github.com/sgstepaniants/OpenProblemsInNLA/actions/runs/35037011332/artifacts/10423298472
2026-09-15T23:49:39.0387640Z Post job cleanup.
2026-09-15T23:49:39.1832985Z Node 20 is being deprecated. This workflow is running with Node 24 by default. If you need to temporarily use Node 20, you can set the ACTIONS_ALLOW_USE_UNSECURE_NODE_VERSION=true environment variable. For more information see: https://github.blog/changelog/2025-09-19-deprecation-of-node-20-on-github-actions-runners/
2026-09-15T23:49:39.1835163Z Post job cleanup.
2026-09-15T23:49:39.2814416Z [command]/usr/bin/git version
2026-09-15T23:49:39.2864406Z git version 2.55.0
2026-09-15T23:49:39.2909384Z Temporarily overriding HOME='/home/runner/work/_temp/1093fa76-418f-49b7-9db3-eb12331dc9da' before making global git config changes
2026-09-15T23:49:39.2911396Z Adding repository directory to the temporary git global config as a safe directory
2026-09-15T23:49:39.2915175Z [command]/usr/bin/git config --global --add safe.directory /home/runner/work/OpenProblemsInNLA/OpenProblemsInNLA
2026-09-15T23:49:39.2954555Z [command]/usr/bin/git config --local --name-only --get-regexp core\.sshCommand
2026-09-15T23:49:39.2995550Z [command]/usr/bin/git submodule foreach --recursive sh -c "git config --local --name-only --get-regexp 'core\.sshCommand' && git config --local --unset-all 'core.sshCommand' || :"
2026-09-15T23:49:39.3371297Z [command]/usr/bin/git config --local --name-only --get-regexp http\.https\:\/\/github\.com\/\.extraheader
2026-09-15T23:49:39.3449502Z [command]/usr/bin/git submodule foreach --recursive sh -c "git config --local --name-only --get-regexp 'http\.https\:\/\/github\.com\/\.extraheader' && git config --local --unset-all 'http.https://github.com/.extraheader' || :"
2026-09-15T23:49:39.3818372Z [command]/usr/bin/git config --local --name-only --get-regexp ^includeIf\.gitdir:
2026-09-15T23:49:39.3861323Z [command]/usr/bin/git submodule foreach --recursive git config --local --show-origin --name-only --get-regexp remote.origin.url
2026-09-15T23:49:39.4289753Z Cleaning up orphan processes
2026-09-15T23:49:39.4833203Z ##[warning]Node.js 20 is deprecated. The following actions target Node.js 20 but are being forced to run on Node.js 24: actions/checkout@11d5960a326750d5838078e36cf38b85af677262, actions/upload-artifact@ea165f8d65b6e75b540449e92b4886f43607fa02. For more information see: https://github.blog/changelog/2025-09-19-deprecation-of-node-20-on-github-actions-runners/
