$ systemd-run --user --quiet --wait --pipe --collect -p 'RestrictAddressFamilies=~AF_UNIX' --working-directory /home/runner/work/_temp/nla-lean-tools/.verification-tmp/nla-fresh-proof-gf57twjy/project /usr/bin/env -i PATH=/home/runner/.elan/toolchains/leanprover--lean4---v4.33.1/bin:/home/runner/.elan/bin:/home/runner/go/bin:/opt/hostedtoolcache/go/1.27.1/x64/bin:/snap/bin:/home/runner/.local/bin:/opt/pipx_bin:/home/runner/.cargo/bin:/home/runner/.config/composer/vendor/bin:/usr/local/.ghcup/bin:/home/runner/.dotnet/tools:/usr/local/sbin:/usr/local/bin:/usr/sbin:/usr/bin:/sbin:/bin:/usr/games:/usr/local/games:/snap/bin HOME=/home/runner LANG=C.UTF-8 XDG_RUNTIME_DIR=/run/user/1001 DBUS_SESSION_BUS_ADDRESS=unix:path=/run/user/1001/bus GIT_TERMINAL_PROMPT=0 GIT_CONFIG_NOSYSTEM=1 GIT_CONFIG_GLOBAL=/dev/null COMPARATOR_BIN=/home/runner/work/_temp/nla-lean-tools/.tools/comparator/.lake/build/bin/comparator COMPARATOR_LEAN4EXPORT=/home/runner/work/_temp/nla-lean-tools/.tools/lean4export/.lake/build/bin/lean4export COMPARATOR_LANDRUN=/home/runner/work/_temp/nla-lean-tools/scripts/strict_landrun.py XDG_CACHE_HOME=/home/runner/work/_temp/nla-lean-tools/.tools/cache TMPDIR=/home/runner/work/_temp/nla-lean-tools/.verification-tmp lake env /home/runner/work/_temp/nla-lean-tools/.tools/comparator/.lake/build/bin/comparator comparator.json
Building Challenge
✔ [3105/3109] Built LeanCert.Tactic.Verification (2.3s)
✔ [3106/3109] Built NLA.IE06.Definitions (2.5s)
ℹ [3107/3109] Built NLA.IE06.Statements (2.4s)
info: NLA/IE06/Statements.lean:36:0: 'NLA.IE06.SquareRootUpperBound' depends on axioms: [propext, Classical.choice, Quot.sound]
info: NLA/IE06/Statements.lean:37:0: 'NLA.IE06.SchurSubpolynomialTail' depends on axioms: [propext, Classical.choice, Quot.sound]
⚠ [3108/3109] Built Challenge (2.4s)
warning: Challenge.lean:16:8: declaration uses `sorry`
warning: Challenge.lean:19:8: declaration uses `sorry`
warning: Challenge.lean:22:8: declaration uses `sorry`
warning: Challenge.lean:25:8: declaration uses `sorry`
warning: Challenge.lean:28:8: declaration uses `sorry`
warning: Challenge.lean:31:8: declaration uses `sorry`
Build completed successfully (3109 jobs).
Exporting #[Quot, Quot.mk, Quot.lift, Quot.ind, NLA.IE06.squareRootUpperBound, NLA.IE06.schurSubpolynomialTail, NLA.IE06.gaussianMatrix_probability, NLA.IE06.exceedanceEvent_measurable, NLA.IE06.admissiblePath_exists, NLA.IE06.gaussianMatrix_singular_null, propext, Classical.choice, Quot.sound, Nat.add, Nat.sub, Nat.mul, Nat.pow, Nat.gcd, Nat.div, Nat.mod, Nat.beq, Nat.ble, Nat.land, Nat.lor, Nat.xor, Nat.shiftLeft, Nat.shiftRight, String.ofList, Char.ofNat, List, eagerReduce, Nat, String, String.mk, Char, optParam, autoParam, semiOutParam, outParam] from Challenge
Building Solution
ℹ [8707/8715] Replayed NLA.IE06.Statements
info: NLA/IE06/Statements.lean:36:0: 'NLA.IE06.SquareRootUpperBound' depends on axioms: [propext, Classical.choice, Quot.sound]
info: NLA/IE06/Statements.lean:37:0: 'NLA.IE06.SchurSubpolynomialTail' depends on axioms: [propext, Classical.choice, Quot.sound]
ℹ [8709/8718] Built NLA.IE06.Pivot (4.8s)
info: NLA/IE06/Pivot.lean:189:0: 'NLA.IE06.firstPivotIndex_spec_proved' depends on axioms: [propext, Classical.choice, Quot.sound]
info: NLA/IE06/Pivot.lean:191:0: 'NLA.IE06.firstPivotIndex_eq_of_firstAvailable_proved' depends on axioms: [propext, Classical.choice, Quot.sound]
info: NLA/IE06/Pivot.lean:193:0: 'NLA.IE06.firstPivotIndex_firstAvailable_proved' depends on axioms: [propext, Classical.choice, Quot.sound]
info: NLA/IE06/Pivot.lean:195:0: 'NLA.IE06.trajectory_firstPath_eq_proved' depends on axioms: [propext, Classical.choice, Quot.sound]
info: NLA/IE06/Pivot.lean:197:0: 'NLA.IE06.firstPath_eq_of_firstAvailable_proved' depends on axioms: [propext, Classical.choice, Quot.sound]
ℹ [8710/8718] Built NLA.IE06.Vendor.Isoperimetric.Basic (3.9s)
info: NLA/IE06/Vendor/Isoperimetric/Basic.lean:71:0: 'NLA.IE06.PrekopaLeindler.biSup_add_biSup' depends on axioms: [propext, Classical.choice, Quot.sound]
info: NLA/IE06/Vendor/Isoperimetric/Basic.lean:72:0: 'NLA.IE06.PrekopaLeindler.iSup_nonzero_of_nonzero' depends on axioms: [propext, Classical.choice, Quot.sound]
info: NLA/IE06/Vendor/Isoperimetric/Basic.lean:73:0: 'NLA.IE06.PrekopaLeindler.iSup_min_nat' depends on axioms: [propext, Classical.choice, Quot.sound]
info: NLA/IE06/Vendor/Isoperimetric/Basic.lean:74:0: 'NLA.IE06.PrekopaLeindler.iSup_min_nat_ne_top' depends on axioms: [propext, Classical.choice, Quot.sound]
info: NLA/IE06/Vendor/Isoperimetric/Basic.lean:75:0: 'NLA.IE06.PrekopaLeindler.iSup_rpow_of_pos' depends on axioms: [propext, Classical.choice, Quot.sound]
ℹ [8711/8722] Built NLA.IE06.Measurability (5.5s)
info: NLA/IE06/Measurability.lean:168:0: 'NLA.IE06.measurable_matrix_entries' depends on axioms: [propext, Classical.choice, Quot.sound]
info: NLA/IE06/Measurability.lean:169:0: 'NLA.IE06.measurable_matrix_entry' depends on axioms: [propext, Classical.choice, Quot.sound]
info: NLA/IE06/Measurability.lean:170:0: 'NLA.IE06.measurable_schur_fixed' depends on axioms: [propext, Classical.choice, Quot.sound]
info: NLA/IE06/Measurability.lean:171:0: 'NLA.IE06.measurable_trajectory_fixed' depends on axioms: [propext, Classical.choice, Quot.sound]
info: NLA/IE06/Measurability.lean:172:0: '_private.NLA.IE06.Measurability.0.NLA.IE06.measurable_nnreal_finset_sup' depends on axioms: [propext,
 Classical.choice,
 Quot.sound]
info: NLA/IE06/Measurability.lean:173:0: 'NLA.IE06.measurable_entryMax' depends on axioms: [propext, Classical.choice, Quot.sound]
info: NLA/IE06/Measurability.lean:174:0: 'NLA.IE06.measurable_activeMaxNN' depends on axioms: [propext, Classical.choice, Quot.sound]
info: NLA/IE06/Measurability.lean:175:0: 'NLA.IE06.measurable_growth_fixed' depends on axioms: [propext, Classical.choice, Quot.sound]
info: NLA/IE06/Measurability.lean:176:0: 'NLA.IE06.measurableSet_admissiblePath_fixed' depends on axioms: [propext, Classical.choice, Quot.sound]
info: NLA/IE06/Measurability.lean:177:0: 'NLA.IE06.measurable_matrix_det' depends on axioms: [propext, Classical.choice, Quot.sound]
info: NLA/IE06/Measurability.lean:178:0: 'NLA.IE06.exceedanceEvent_measurable_proved' depends on axioms: [propext, Classical.choice, Quot.sound]
ℹ [8712/8722] Built NLA.IE06.Semantics (5.6s)
info: NLA/IE06/Semantics.lean:36:0: 'NLA.IE06.gaussianMatrix_probability_proved' depends on axioms: [propext, Classical.choice, Quot.sound]
info: NLA/IE06/Semantics.lean:37:0: 'NLA.IE06.exceedanceEvent_zero' depends on axioms: [propext, Classical.choice, Quot.sound]
info: NLA/IE06/Semantics.lean:38:0: 'NLA.IE06.exceedanceEvent_antitone' depends on axioms: [propext, Classical.choice, Quot.sound]
info: NLA/IE06/Semantics.lean:39:0: 'NLA.IE06.growth_one' depends on axioms: [propext, Classical.choice, Quot.sound]
ℹ [8713/8722] Built NLA.IE06.GaussianNull (9.8s)
info: NLA/IE06/GaussianNull.lean:182:0: 'NLA.IE06.GaussianNull.polynomial_ne_zero_ae' depends on axioms: [propext, Classical.choice, Quot.sound]
info: NLA/IE06/GaussianNull.lean:183:0: 'NLA.IE06.GaussianNull.gaussian_minor_det_ne_zero' depends on axioms: [propext, Classical.choice, Quot.sound]
info: NLA/IE06/GaussianNull.lean:203:0: 'NLA.IE06.gaussianMatrix_singular_null_proved' depends on axioms: [propext, Classical.choice, Quot.sound]
ℹ [8714/8725] Built NLA.IE06.Elimination (10s)
info: NLA/IE06/Elimination.lean:174:0: 'NLA.IE06.trajectory_columns_congr' depends on axioms: [propext, Classical.choice, Quot.sound]
info: NLA/IE06/Elimination.lean:175:0: 'NLA.IE06.eliminationRows_columns_congr' depends on axioms: [propext, Classical.choice, Quot.sound]
info: NLA/IE06/Elimination.lean:176:0: 'NLA.IE06.eliminationRows_depends_on_prefix' depends on axioms: [propext, Classical.choice, Quot.sound]
info: NLA/IE06/Elimination.lean:183:0: 'NLA.IE06.eliminationRows_mul' depends on axioms: [propext, Classical.choice, Quot.sound]
info: NLA/IE06/Elimination.lean:184:0: 'NLA.IE06.eliminationRows_inactive' depends on axioms: [propext, Classical.choice, Quot.sound]
info: NLA/IE06/Elimination.lean:185:0: 'NLA.IE06.eliminationRows_terminal' depends on axioms: [propext, Classical.choice, Quot.sound]
info: NLA/IE06/Elimination.lean:186:0: 'NLA.IE06.admissible_multiplier_le_one' depends on axioms: [propext, Classical.choice, Quot.sound]
info: NLA/IE06/Elimination.lean:187:0: 'NLA.IE06.eliminationStep_rowL1_le' depends on axioms: [propext, Classical.choice, Quot.sound]
info: NLA/IE06/Elimination.lean:188:0: 'NLA.IE06.eliminationRows_rowL1_le' depends on axioms: [propext, Classical.choice, Quot.sound]
ℹ [8715/8725] Built NLA.IE06.GaussianShiftGeometry (10s)
info: NLA/IE06/GaussianShiftGeometry.lean:80:0: 'NLA.IE06.GaussianShiftGeometry.translatedIntersection' does not depend on any axioms
info: NLA/IE06/GaussianShiftGeometry.lean:81:0: 'NLA.IE06.GaussianShiftGeometry.CentrallySymmetric' does not depend on any axioms
info: NLA/IE06/GaussianShiftGeometry.lean:82:0: 'NLA.IE06.GaussianShiftGeometry.reflected_mem' depends on axioms: [propext]
info: NLA/IE06/GaussianShiftGeometry.lean:83:0: 'NLA.IE06.GaussianShiftGeometry.neg_preimage_intersection' depends on axioms: [propext, Quot.sound]
info: NLA/IE06/GaussianShiftGeometry.lean:84:0: 'NLA.IE06.GaussianShiftGeometry.midpoint_mem_intersection' depends on axioms: [propext, Classical.choice, Quot.sound]
info: NLA/IE06/GaussianShiftGeometry.lean:85:0: 'NLA.IE06.GaussianShiftGeometry.midpoints_subset_intersection' depends on axioms: [propext,
 Classical.choice,
 Quot.sound]
info: NLA/IE06/GaussianShiftGeometry.lean:86:0: 'NLA.IE06.GaussianShiftGeometry.translatedIntersection_measurable' depends on axioms: [propext,
 Classical.choice,
 Quot.sound]
info: NLA/IE06/GaussianShiftGeometry.lean:87:0: 'NLA.IE06.GaussianShiftGeometry.translatedIntersection_volume_reflection' depends on axioms: [propext,
 Classical.choice,
 Quot.sound]
ℹ [8716/8728] Built NLA.IE06.GaussianQuadratic (7.8s)
info: NLA/IE06/GaussianQuadratic.lean:171:0: 'NLA.IE06.GaussianQuadratic.scalar_quadratic_mgf' depends on axioms: [propext, Classical.choice, Quot.sound]
info: NLA/IE06/GaussianQuadratic.lean:172:0: 'NLA.IE06.GaussianQuadratic.weighted_quadratic_mgf' depends on axioms: [propext, Classical.choice, Quot.sound]
info: NLA/IE06/GaussianQuadratic.lean:173:0: 'NLA.IE06.GaussianQuadratic.scalar_mgf_bound' depends on axioms: [propext, Classical.choice, Quot.sound]
info: NLA/IE06/GaussianQuadratic.lean:174:0: 'NLA.IE06.GaussianQuadratic.weighted_mgf_bound' depends on axioms: [propext, Classical.choice, Quot.sound]
info: NLA/IE06/GaussianQuadratic.lean:175:0: 'NLA.IE06.GaussianQuadratic.weighted_square_tail' depends on axioms: [propext, Classical.choice, Quot.sound]
ℹ [8717/8728] Built NLA.IE06.Vendor.Isoperimetric.PrekopaLeindler (15s)
info: NLA/IE06/Vendor/Isoperimetric/PrekopaLeindler.lean:820:0: 'NLA.IE06.PrekopaLeindler.brunn_minkowski_1d_compact' depends on axioms: [propext, Classical.choice, Quot.sound]
info: NLA/IE06/Vendor/Isoperimetric/PrekopaLeindler.lean:821:0: 'NLA.IE06.PrekopaLeindler.brunn_minkowski_1d_infinite' depends on axioms: [propext, Classical.choice, Quot.sound]
info: NLA/IE06/Vendor/Isoperimetric/PrekopaLeindler.lean:822:0: 'NLA.IE06.PrekopaLeindler.brunn_minkowski_1d' depends on axioms: [propext, Classical.choice, Quot.sound]
info: NLA/IE06/Vendor/Isoperimetric/PrekopaLeindler.lean:823:0: 'NLA.IE06.PrekopaLeindler.vol_superlevelset_measurable' depends on axioms: [propext, Classical.choice, Quot.sound]
info: NLA/IE06/Vendor/Isoperimetric/PrekopaLeindler.lean:824:0: 'NLA.IE06.PrekopaLeindler.layercake' depends on axioms: [propext, Classical.choice, Quot.sound]
info: NLA/IE06/Vendor/Isoperimetric/PrekopaLeindler.lean:825:0: 'NLA.IE06.PrekopaLeindler.lintegral_eq_vol_superlevelset_lintegral_01' depends on axioms: [propext,
 Classical.choice,
 Quot.sound]
info: NLA/IE06/Vendor/Isoperimetric/PrekopaLeindler.lean:826:0: 'NLA.IE06.PrekopaLeindler.weighted_amgm' depends on axioms: [propext, Classical.choice, Quot.sound]
info: NLA/IE06/Vendor/Isoperimetric/PrekopaLeindler.lean:827:0: 'NLA.IE06.PrekopaLeindler.prekopa_leindler_1d_normalized' depends on axioms: [propext, Classical.choice, Quot.sound]
info: NLA/IE06/Vendor/Isoperimetric/PrekopaLeindler.lean:828:0: 'NLA.IE06.PrekopaLeindler.prekopa_leindler_1d_bounded' depends on axioms: [propext, Classical.choice, Quot.sound]
info: NLA/IE06/Vendor/Isoperimetric/PrekopaLeindler.lean:829:0: 'NLA.IE06.PrekopaLeindler.prekopa_leindler_1d' depends on axioms: [propext, Classical.choice, Quot.sound]
info: NLA/IE06/Vendor/Isoperimetric/PrekopaLeindler.lean:830:0: 'NLA.IE06.PrekopaLeindler.lintegral_fin1' depends on axioms: [propext, Classical.choice, Quot.sound]
info: NLA/IE06/Vendor/Isoperimetric/PrekopaLeindler.lean:831:0: 'NLA.IE06.PrekopaLeindler.append' depends on axioms: [propext, Classical.choice, Quot.sound]
info: NLA/IE06/Vendor/Isoperimetric/PrekopaLeindler.lean:832:0: 'NLA.IE06.PrekopaLeindler.append_measurable' depends on axioms: [propext, Classical.choice, Quot.sound]
info: NLA/IE06/Vendor/Isoperimetric/PrekopaLeindler.lean:833:0: 'NLA.IE06.PrekopaLeindler.append_linear' depends on axioms: [propext, Classical.choice, Quot.sound]
info: NLA/IE06/Vendor/Isoperimetric/PrekopaLeindler.lean:834:0: 'NLA.IE06.PrekopaLeindler.fix' depends on axioms: [propext, Classical.choice, Quot.sound]
info: NLA/IE06/Vendor/Isoperimetric/PrekopaLeindler.lean:835:0: 'NLA.IE06.PrekopaLeindler.fix_measurable' depends on axioms: [propext, Classical.choice, Quot.sound]
info: NLA/IE06/Vendor/Isoperimetric/PrekopaLeindler.lean:836:0: 'NLA.IE06.PrekopaLeindler.fix_apply' depends on axioms: [propext, Classical.choice, Quot.sound]
info: NLA/IE06/Vendor/Isoperimetric/PrekopaLeindler.lean:837:0: 'NLA.IE06.PrekopaLeindler.lintegral_fix_eq_lmarginal' depends on axioms: [propext, Classical.choice, Quot.sound]
info: NLA/IE06/Vendor/Isoperimetric/PrekopaLeindler.lean:838:0: 'NLA.IE06.PrekopaLeindler.lintegral_fix_lintegral_eq_lintegral' depends on axioms: [propext,
 Classical.choice,
 Quot.sound]
info: NLA/IE06/Vendor/Isoperimetric/PrekopaLeindler.lean:839:0: 'NLA.IE06.PrekopaLeindler.PLConditions' depends on axioms: [propext, Classical.choice, Quot.sound]
info: NLA/IE06/Vendor/Isoperimetric/PrekopaLeindler.lean:840:0: 'NLA.IE06.PrekopaLeindler.prekopa_leindler_1d_fin1' depends on axioms: [propext, Classical.choice, Quot.sound]
info: NLA/IE06/Vendor/Isoperimetric/PrekopaLeindler.lean:841:0: 'NLA.IE06.PrekopaLeindler.prekopa_leindler' depends on axioms: [propext, Classical.choice, Quot.sound]
ℹ [8718/8729] Built NLA.IE06.PivotFiltration (9.2s)
info: NLA/IE06/PivotFiltration.lean:340:0: 'NLA.IE06.PivotFiltration.pastMatrix' depends on axioms: [propext, Classical.choice, Quot.sound]
info: NLA/IE06/PivotFiltration.lean:342:0: 'NLA.IE06.PivotFiltration.column' depends on axioms: [propext, Classical.choice, Quot.sound]
info: NLA/IE06/PivotFiltration.lean:344:0: 'NLA.IE06.PivotFiltration.selectedRows' depends on axioms: [propext, Classical.choice, Quot.sound]
info: NLA/IE06/PivotFiltration.lean:346:0: 'NLA.IE06.PivotFiltration.firstPivotIndex_column_congr' depends on axioms: [propext, Classical.choice, Quot.sound]
info: NLA/IE06/PivotFiltration.lean:348:0: 'NLA.IE06.PivotFiltration.firstTrajectory_columns_congr' depends on axioms: [propext, Classical.choice, Quot.sound]
info: NLA/IE06/PivotFiltration.lean:350:0: 'NLA.IE06.PivotFiltration.firstPath_prefix_congr' depends on axioms: [propext, Classical.choice, Quot.sound]
info: NLA/IE06/PivotFiltration.lean:352:0: 'NLA.IE06.PivotFiltration.selectedRows_columns_congr' depends on axioms: [propext, Classical.choice, Quot.sound]
info: NLA/IE06/PivotFiltration.lean:354:0: 'NLA.IE06.PivotFiltration.selectedRows_pastMatrix' depends on axioms: [propext, Classical.choice, Quot.sound]
info: NLA/IE06/PivotFiltration.lean:356:0: 'NLA.IE06.PivotFiltration.measurable_pastMatrix' depends on axioms: [propext, Classical.choice, Quot.sound]
info: NLA/IE06/PivotFiltration.lean:358:0: 'NLA.IE06.PivotFiltration.measurable_column' depends on axioms: [propext, Classical.choice, Quot.sound]
info: NLA/IE06/PivotFiltration.lean:360:0: '_private.NLA.IE06.PivotFiltration.0.NLA.IE06.PivotFiltration.measurable_selected_entry' depends on axioms: [propext,
 Classical.choice,
 Quot.sound]
info: NLA/IE06/PivotFiltration.lean:362:0: 'NLA.IE06.PivotFiltration.measurable_firstPivotIndex' depends on axioms: [propext, Classical.choice, Quot.sound]
info: NLA/IE06/PivotFiltration.lean:364:0: 'NLA.IE06.PivotFiltration.measurable_firstTrajectory' depends on axioms: [propext, Classical.choice, Quot.sound]
info: NLA/IE06/PivotFiltration.lean:366:0: 'NLA.IE06.PivotFiltration.measurable_firstPath' depends on axioms: [propext, Classical.choice, Quot.sound]
info: NLA/IE06/PivotFiltration.lean:368:0: '_private.NLA.IE06.PivotFiltration.0.NLA.IE06.PivotFiltration.measurable_eliminationStep_fixed' depends on axioms: [propext,
 Classical.choice,
 Quot.sound]
info: NLA/IE06/PivotFiltration.lean:370:0: 'NLA.IE06.PivotFiltration.measurable_eliminationRows_fixed' depends on axioms: [propext, Classical.choice, Quot.sound]
info: NLA/IE06/PivotFiltration.lean:372:0: 'NLA.IE06.PivotFiltration.measurable_selectedRows' depends on axioms: [propext, Classical.choice, Quot.sound]
info: NLA/IE06/PivotFiltration.lean:374:0: 'NLA.IE06.PivotFiltration.gaussian_columns_map' depends on axioms: [propext, Classical.choice, Quot.sound]
info: NLA/IE06/PivotFiltration.lean:376:0: 'NLA.IE06.PivotFiltration.gaussian_column_map' depends on axioms: [propext, Classical.choice, Quot.sound]
info: NLA/IE06/PivotFiltration.lean:378:0: 'NLA.IE06.PivotFiltration.gaussian_columns_independent' depends on axioms: [propext, Classical.choice, Quot.sound]
info: NLA/IE06/PivotFiltration.lean:380:0: 'NLA.IE06.PivotFiltration.pastMatrix_independent_column' depends on axioms: [propext, Classical.choice, Quot.sound]
info: NLA/IE06/PivotFiltration.lean:382:0: 'NLA.IE06.PivotFiltration.selectedRows_independent_column' depends on axioms: [propext, Classical.choice, Quot.sound]
info: NLA/IE06/PivotFiltration.lean:384:0: 'NLA.IE06.PivotFiltration.selectedRows_column_joint_law' depends on axioms: [propext, Classical.choice, Quot.sound]
info: NLA/IE06/PivotFiltration.lean:386:0: 'NLA.IE06.PivotFiltration.futureColumns' depends on axioms: [propext, Classical.choice, Quot.sound]
info: NLA/IE06/PivotFiltration.lean:388:0: 'NLA.IE06.PivotFiltration.measurable_futureColumns' depends on axioms: [propext, Classical.choice, Quot.sound]
info: NLA/IE06/PivotFiltration.lean:390:0: 'NLA.IE06.PivotFiltration.gaussian_futureColumns_map' depends on axioms: [propext, Classical.choice, Quot.sound]
info: NLA/IE06/PivotFiltration.lean:392:0: 'NLA.IE06.PivotFiltration.pastMatrix_independent_futureColumns' depends on axioms: [propext,
 Classical.choice,
 Quot.sound]
info: NLA/IE06/PivotFiltration.lean:394:0: 'NLA.IE06.PivotFiltration.selectedRows_independent_futureColumns' depends on axioms: [propext,
 Classical.choice,
 Quot.sound]
info: NLA/IE06/PivotFiltration.lean:396:0: 'NLA.IE06.PivotFiltration.selectedRows_futureColumns_joint_law' depends on axioms: [propext,
 Classical.choice,
 Quot.sound]
ℹ [8719/8738] Built NLA.IE06.SubGaussianQuadratic (10s)
info: NLA/IE06/SubGaussianQuadratic.lean:294:0: 'NLA.IE06.SubGaussianQuadratic.gaussian_density_square_identity' depends on axioms: [propext,
 Classical.choice,
 Quot.sound]
info: NLA/IE06/SubGaussianQuadratic.lean:295:0: 'NLA.IE06.SubGaussianQuadratic.gaussian_exp_square_integrable' depends on axioms: [propext,
 Classical.choice,
 Quot.sound]
info: NLA/IE06/SubGaussianQuadratic.lean:296:0: 'NLA.IE06.SubGaussianQuadratic.gaussian_exp_square_integral' depends on axioms: [propext, Classical.choice, Quot.sound]
info: NLA/IE06/SubGaussianQuadratic.lean:297:0: 'NLA.IE06.SubGaussianQuadratic.scalar_exp_square' depends on axioms: [propext, Classical.choice, Quot.sound]
info: NLA/IE06/SubGaussianQuadratic.lean:298:0: 'NLA.IE06.SubGaussianQuadratic.columnSq' depends on axioms: [propext, Classical.choice, Quot.sound]
info: NLA/IE06/SubGaussianQuadratic.lean:299:0: 'NLA.IE06.SubGaussianQuadratic.frobeniusSq' depends on axioms: [propext, Classical.choice, Quot.sound]
info: NLA/IE06/SubGaussianQuadratic.lean:300:0: 'NLA.IE06.SubGaussianQuadratic.projection' depends on axioms: [propext, Classical.choice, Quot.sound]
info: NLA/IE06/SubGaussianQuadratic.lean:301:0: 'NLA.IE06.SubGaussianQuadratic.quadratic' depends on axioms: [propext, Classical.choice, Quot.sound]
info: NLA/IE06/SubGaussianQuadratic.lean:302:0: 'NLA.IE06.SubGaussianQuadratic.DirectionalSubGaussian' depends on axioms: [propext, Classical.choice, Quot.sound]
info: NLA/IE06/SubGaussianQuadratic.lean:303:0: 'NLA.IE06.SubGaussianQuadratic.columnSq_nonneg' depends on axioms: [propext, Classical.choice, Quot.sound]
info: NLA/IE06/SubGaussianQuadratic.lean:304:0: 'NLA.IE06.SubGaussianQuadratic.frobeniusSq_nonneg' depends on axioms: [propext, Classical.choice, Quot.sound]
info: NLA/IE06/SubGaussianQuadratic.lean:305:0: 'NLA.IE06.SubGaussianQuadratic.column_eq_zero_of_columnSq_zero' depends on axioms: [propext,
 Classical.choice,
 Quot.sound]
info: NLA/IE06/SubGaussianQuadratic.lean:306:0: 'NLA.IE06.SubGaussianQuadratic.normalized_sum_squares_le' depends on axioms: [propext, Classical.choice, Quot.sound]
info: NLA/IE06/SubGaussianQuadratic.lean:307:0: 'NLA.IE06.SubGaussianQuadratic.normalized_projection_subGaussian' depends on axioms: [propext,
 Classical.choice,
 Quot.sound]
info: NLA/IE06/SubGaussianQuadratic.lean:308:0: 'NLA.IE06.SubGaussianQuadratic.weighted_normalized_square' depends on axioms: [propext, Classical.choice, Quot.sound]
info: NLA/IE06/SubGaussianQuadratic.lean:309:0: 'NLA.IE06.SubGaussianQuadratic.frobenius_exp_square' depends on axioms: [propext, Classical.choice, Quot.sound]
info: NLA/IE06/SubGaussianQuadratic.lean:310:0: 'NLA.IE06.SubGaussianQuadratic.sqrt_two_le_exp_half' depends on axioms: [propext, Classical.choice, Quot.sound]
info: NLA/IE06/SubGaussianQuadratic.lean:311:0: 'NLA.IE06.SubGaussianQuadratic.quadratic_zero_of_frobeniusSq_zero' depends on axioms: [propext,
 Classical.choice,
 Quot.sound]
info: NLA/IE06/SubGaussianQuadratic.lean:312:0: 'NLA.IE06.SubGaussianQuadratic.quadratic_tail' depends on axioms: [propext, Classical.choice, Quot.sound]
ℹ [8720/8738] Built NLA.IE06.GEPP (6.0s)
info: NLA/IE06/GEPP.lean:164:0: 'NLA.IE06.activeInjective_initial_proved' depends on axioms: [propext, Classical.choice, Quot.sound]
info: NLA/IE06/GEPP.lean:166:0: 'NLA.IE06.activeInjective_nonzero_column_proved' depends on axioms: [propext, Classical.choice, Quot.sound]
info: NLA/IE06/GEPP.lean:168:0: 'NLA.IE06.activeInjective_rowSwap_proved' depends on axioms: [propext, Classical.choice, Quot.sound]
info: NLA/IE06/GEPP.lean:170:0: 'NLA.IE06.schurStep_mulVec_proved' depends on axioms: [propext, Classical.choice, Quot.sound]
info: NLA/IE06/GEPP.lean:172:0: 'NLA.IE06.activeInjective_schur_proved' depends on axioms: [propext, Classical.choice, Quot.sound]
info: NLA/IE06/GEPP.lean:174:0: 'NLA.IE06.firstTrajectory_activeInjective_proved' depends on axioms: [propext, Classical.choice, Quot.sound]
info: NLA/IE06/GEPP.lean:176:0: 'NLA.IE06.firstPath_semantics_proved' depends on axioms: [propext, Classical.choice, Quot.sound]
info: NLA/IE06/GEPP.lean:178:0: 'NLA.IE06.firstPath_admissible_proved' depends on axioms: [propext, Classical.choice, Quot.sound]
info: NLA/IE06/GEPP.lean:180:0: 'NLA.IE06.admissiblePath_exists_proved' depends on axioms: [propext, Classical.choice, Quot.sound]
ℹ [8721/8738] Built NLA.IE06.GaussianFrobenius (17s)
info: NLA/IE06/GaussianFrobenius.lean:245:0: 'NLA.IE06.GaussianFrobenius.centered_gaussian_frobenius_tail' depends on axioms: [propext, Classical.choice, Quot.sound]
ℹ [8722/8739] Built NLA.IE06.GaussianTies (14s)
info: NLA/IE06/GaussianTies.lean:260:0: 'NLA.IE06.GaussianTies.symbolicState_eval' depends on axioms: [propext, Classical.choice, Quot.sound]
info: NLA/IE06/GaussianTies.lean:261:0: 'NLA.IE06.GaussianTies.liftTail_pivot' depends on axioms: [propext, Classical.choice, Quot.sound]
info: NLA/IE06/GaussianTies.lean:262:0: 'NLA.IE06.GaussianTies.liftTail_supported' depends on axioms: [propext, Classical.choice, Quot.sound]
info: NLA/IE06/GaussianTies.lean:263:0: 'NLA.IE06.GaussianTies.schurStep_liftTail' depends on axioms: [propext, Classical.choice, Quot.sound]
info: NLA/IE06/GaussianTies.lean:264:0: 'NLA.IE06.GaussianTies.exists_prefix_realizer' depends on axioms: [propext, Classical.choice, Quot.sound]
info: NLA/IE06/GaussianTies.lean:265:0: 'NLA.IE06.GaussianTies.tiePolynomial_ne_zero' depends on axioms: [propext, Classical.choice, Quot.sound]
info: NLA/IE06/GaussianTies.lean:266:0: 'NLA.IE06.GaussianTies.tie_implies_polynomial_zero' depends on axioms: [propext, Classical.choice, Quot.sound]
info: NLA/IE06/GaussianTies.lean:267:0: 'NLA.IE06.GaussianTies.polynomial_ne_zero_gaussian_ae' depends on axioms: [propext, Classical.choice, Quot.sound]
info: NLA/IE06/GaussianTies.lean:268:0: 'NLA.IE06.GaussianTies.columnsSeparated_ae' depends on axioms: [propext, Classical.choice, Quot.sound]
info: NLA/IE06/GaussianTies.lean:269:0: 'NLA.IE06.GaussianTies.admissiblePath_unique_of_columnsSeparated' depends on axioms: [propext,
 Classical.choice,
 Quot.sound]
info: NLA/IE06/GaussianTies.lean:300:0: 'NLA.IE06.gaussianMatrix_admissiblePath_unique_ae' depends on axioms: [propext, Classical.choice, Quot.sound]
info: NLA/IE06/GaussianTies.lean:301:0: 'NLA.IE06.gaussianMatrix_admissiblePath_eq_firstPath_ae' depends on axioms: [propext, Classical.choice, Quot.sound]
ℹ [8723/8742] Built NLA.IE06.Spectral (18s)
info: NLA/IE06/Spectral.lean:126:0: 'NLA.IE06.Spectral.euclideanMap' depends on axioms: [propext, Classical.choice, Quot.sound]
info: NLA/IE06/Spectral.lean:128:0: 'NLA.IE06.Spectral.opNorm' depends on axioms: [propext, Classical.choice, Quot.sound]
info: NLA/IE06/Spectral.lean:130:0: 'NLA.IE06.Spectral.singularValue' depends on axioms: [propext, Classical.choice, Quot.sound]
info: NLA/IE06/Spectral.lean:132:0: 'NLA.IE06.Spectral.pinv' depends on axioms: [propext, Classical.choice, Quot.sound]
info: NLA/IE06/Spectral.lean:134:0: 'NLA.IE06.Spectral.opNorm_eq_l2' depends on axioms: [propext, Classical.choice, Quot.sound]
info: NLA/IE06/Spectral.lean:136:0: 'NLA.IE06.Spectral.opNorm_nonneg' depends on axioms: [propext, Classical.choice, Quot.sound]
info: NLA/IE06/Spectral.lean:138:0: 'NLA.IE06.Spectral.singularValue_nonneg' depends on axioms: [propext, Classical.choice, Quot.sound]
info: NLA/IE06/Spectral.lean:140:0: 'NLA.IE06.Spectral.singularValue_antitone' depends on axioms: [propext, Classical.choice, Quot.sound]
info: NLA/IE06/Spectral.lean:142:0: 'NLA.IE06.Spectral.singularValue_pos_iff' depends on axioms: [propext, Classical.choice, Quot.sound]
info: NLA/IE06/Spectral.lean:144:0: 'NLA.IE06.Spectral.singularValue_eq_zero_iff' depends on axioms: [propext, Classical.choice, Quot.sound]
info: NLA/IE06/Spectral.lean:146:0: 'NLA.IE06.Spectral.pinv_spectral_formula' depends on axioms: [propext, Classical.choice, Quot.sound]
info: NLA/IE06/Spectral.lean:148:0: 'NLA.IE06.Spectral.pinv_eq_gram_inverse' depends on axioms: [propext, Classical.choice, Quot.sound]
info: NLA/IE06/Spectral.lean:150:0: 'NLA.IE06.Spectral.mul_pinv_eq_one' depends on axioms: [propext, Classical.choice, Quot.sound]
info: NLA/IE06/Spectral.lean:152:0: 'NLA.IE06.Spectral.pinv_gram' depends on axioms: [propext, Classical.choice, Quot.sound]
info: NLA/IE06/Spectral.lean:154:0: 'NLA.IE06.Spectral.opNorm_pinv_sq_eq_gram_inverse' depends on axioms: [propext, Classical.choice, Quot.sound]
info: NLA/IE06/Spectral.lean:156:0: 'NLA.IE06.Spectral.pinv_eq_gram_inverse_of_posDef' depends on axioms: [propext, Classical.choice, Quot.sound]
info: NLA/IE06/Spectral.lean:158:0: 'NLA.IE06.Spectral.opNorm_pinv_sq_eq_gram_inverse_of_posDef' depends on axioms: [propext, Classical.choice, Quot.sound]
info: NLA/IE06/Spectral.lean:160:0: 'NLA.IE06.Spectral.gram_posDef_of_surjective' depends on axioms: [propext, Classical.choice, Quot.sound]
ℹ [8724/8746] Built NLA.IE06.GaussianLinear (15s)
info: NLA/IE06/GaussianLinear.lean:127:0: 'NLA.IE06.GaussianLinear.linear_mgf' depends on axioms: [propext, Classical.choice, Quot.sound]
info: NLA/IE06/GaussianLinear.lean:128:0: 'NLA.IE06.GaussianLinear.gaussianVector_directional_subGaussian' depends on axioms: [propext,
 Classical.choice,
 Quot.sound]
info: NLA/IE06/GaussianLinear.lean:129:0: 'NLA.IE06.GaussianLinear.linear_two_sided_tail' depends on axioms: [propext, Classical.choice, Quot.sound]
info: NLA/IE06/GaussianLinear.lean:130:0: 'NLA.IE06.GaussianLinear.rows_tail' depends on axioms: [propext, Classical.choice, Quot.sound]
ℹ [8725/8755] Built NLA.IE06.EliminationBlock (13s)
info: NLA/IE06/EliminationBlock.lean:116:0: 'NLA.IE06.blockRows_mul' depends on axioms: [propext, Classical.choice, Quot.sound]
info: NLA/IE06/EliminationBlock.lean:117:0: 'NLA.IE06.blockRows_rowL1_le' depends on axioms: [propext, Classical.choice, Quot.sound]
info: NLA/IE06/EliminationBlock.lean:118:0: 'NLA.IE06.eliminationRows_annihilates' depends on axioms: [propext, Classical.choice, Quot.sound]
info: NLA/IE06/EliminationBlock.lean:119:0: 'NLA.IE06.blockRows_annihilates_block' depends on axioms: [propext, Classical.choice, Quot.sound]
ℹ [8726/8756] Built NLA.IE06.Vendor.SLT.MatrixInfra.Basic (29s)
info: NLA/IE06/Vendor/SLT/MatrixInfra/Basic.lean:748:0: 'Matrix.singularValues' depends on axioms: [propext, Classical.choice, Quot.sound]
info: NLA/IE06/Vendor/SLT/MatrixInfra/Basic.lean:750:0: 'Matrix.singularValues_toEuclideanLin' depends on axioms: [propext, Classical.choice, Quot.sound]
info: NLA/IE06/Vendor/SLT/MatrixInfra/Basic.lean:752:0: 'Matrix.singularValues_nonneg' depends on axioms: [propext, Classical.choice, Quot.sound]
info: NLA/IE06/Vendor/SLT/MatrixInfra/Basic.lean:754:0: 'Matrix.singularValues_antitone' depends on axioms: [propext, Classical.choice, Quot.sound]
info: NLA/IE06/Vendor/SLT/MatrixInfra/Basic.lean:756:0: 'Matrix.singularValues_fin' depends on axioms: [propext, Classical.choice, Quot.sound]
info: NLA/IE06/Vendor/SLT/MatrixInfra/Basic.lean:758:0: 'Matrix.singularValues_of_card_le' depends on axioms: [propext, Classical.choice, Quot.sound]
info: NLA/IE06/Vendor/SLT/MatrixInfra/Basic.lean:760:0: 'Matrix.sq_singularValues_fin' depends on axioms: [propext, Classical.choice, Quot.sound]
info: NLA/IE06/Vendor/SLT/MatrixInfra/Basic.lean:762:0: 'Matrix.hasEigenvalue_adjoint_comp_self_sq_singularValues' depends on axioms: [propext, Classical.choice, Quot.sound]
info: NLA/IE06/Vendor/SLT/MatrixInfra/Basic.lean:764:0: 'Matrix.conjTranspose_mul_self_toEuclideanLin' depends on axioms: [propext, Classical.choice, Quot.sound]
info: NLA/IE06/Vendor/SLT/MatrixInfra/Basic.lean:766:0: 'Matrix.hasEigenvalue_conjTranspose_mul_self_sq_singularValues' depends on axioms: [propext,
 Classical.choice,
 Quot.sound]
info: NLA/IE06/Vendor/SLT/MatrixInfra/Basic.lean:768:0: 'Matrix.support_singularValues' depends on axioms: [propext, Classical.choice, Quot.sound]
info: NLA/IE06/Vendor/SLT/MatrixInfra/Basic.lean:770:0: 'Matrix.singularValues_pos_iff_lt_finrank_range' depends on axioms: [propext, Classical.choice, Quot.sound]
info: NLA/IE06/Vendor/SLT/MatrixInfra/Basic.lean:772:0: 'Matrix.singularValues_eq_zero_iff_le_finrank_range' depends on axioms: [propext, Classical.choice, Quot.sound]
info: NLA/IE06/Vendor/SLT/MatrixInfra/Basic.lean:774:0: 'Matrix.injective_toEuclideanLin_iff_singularValues_pos' depends on axioms: [propext, Classical.choice, Quot.sound]
info: NLA/IE06/Vendor/SLT/MatrixInfra/Basic.lean:776:0: 'Matrix.rightSingularVectorBasis' depends on axioms: [propext, Classical.choice, Quot.sound]
info: NLA/IE06/Vendor/SLT/MatrixInfra/Basic.lean:778:0: 'Matrix.adjoint_comp_self_apply_rightSingularVectorBasis' depends on axioms: [propext, Classical.choice, Quot.sound]
info: NLA/IE06/Vendor/SLT/MatrixInfra/Basic.lean:780:0: 'Matrix.leftSingularVector' depends on axioms: [propext, Classical.choice, Quot.sound]
info: NLA/IE06/Vendor/SLT/MatrixInfra/Basic.lean:782:0: 'Matrix.apply_rightSingularVectorBasis_eq_smul_leftSingularVector' depends on axioms: [propext,
 Classical.choice,
 Quot.sound]
info: NLA/IE06/Vendor/SLT/MatrixInfra/Basic.lean:784:0: 'Matrix.apply_rightSingularVectorBasis_eq_zero_of_singularValues_eq_zero' depends on axioms: [propext,
 Classical.choice,
 Quot.sound]
info: NLA/IE06/Vendor/SLT/MatrixInfra/Basic.lean:786:0: 'Matrix.apply_rightSingularVectorBasis_eq_smul_leftSingularVector'' depends on axioms: [propext,
 Classical.choice,
 Quot.sound]
info: NLA/IE06/Vendor/SLT/MatrixInfra/Basic.lean:788:0: 'Matrix.norm_apply_rightSingularVectorBasis' depends on axioms: [propext, Classical.choice, Quot.sound]
info: NLA/IE06/Vendor/SLT/MatrixInfra/Basic.lean:790:0: 'Matrix.norm_leftSingularVector_of_singularValues_ne_zero' depends on axioms: [propext, Classical.choice, Quot.sound]
info: NLA/IE06/Vendor/SLT/MatrixInfra/Basic.lean:792:0: 'Matrix.orthonormal_leftSingularVector_of_singularValues_ne_zero' depends on axioms: [propext,
 Classical.choice,
 Quot.sound]
info: NLA/IE06/Vendor/SLT/MatrixInfra/Basic.lean:794:0: 'Matrix.toEuclideanLin_apply_eq_sum_singularValue_leftSingularVector' depends on axioms: [propext,
 Classical.choice,
 Quot.sound]
info: NLA/IE06/Vendor/SLT/MatrixInfra/Basic.lean:796:0: 'Matrix.toEuclideanLin_apply_eq_sum_singularValue_rankOne' depends on axioms: [propext, Classical.choice, Quot.sound]
info: NLA/IE06/Vendor/SLT/MatrixInfra/Basic.lean:798:0: 'Matrix.vecMulVec_star_toEuclideanLin_eq_rankOne' depends on axioms: [propext, Classical.choice, Quot.sound]
info: NLA/IE06/Vendor/SLT/MatrixInfra/Basic.lean:800:0: 'Matrix.eq_sum_singularValue_vecMulVec' depends on axioms: [propext, Classical.choice, Quot.sound]
info: NLA/IE06/Vendor/SLT/MatrixInfra/Basic.lean:802:0: 'Matrix.leftSingularMatrix' depends on axioms: [propext, Classical.choice, Quot.sound]
info: NLA/IE06/Vendor/SLT/MatrixInfra/Basic.lean:804:0: 'Matrix.singularValueDiagonalMatrix' depends on axioms: [propext, Classical.choice, Quot.sound]
info: NLA/IE06/Vendor/SLT/MatrixInfra/Basic.lean:806:0: 'Matrix.rightSingularMatrix' depends on axioms: [propext, Classical.choice, Quot.sound]
info: NLA/IE06/Vendor/SLT/MatrixInfra/Basic.lean:808:0: 'Matrix.rightSingularMatrix_conjTranspose_mul_self' depends on axioms: [propext, Classical.choice, Quot.sound]
info: NLA/IE06/Vendor/SLT/MatrixInfra/Basic.lean:810:0: 'Matrix.rightSingularMatrix_mul_conjTranspose' depends on axioms: [propext, Classical.choice, Quot.sound]
info: NLA/IE06/Vendor/SLT/MatrixInfra/Basic.lean:812:0: 'Matrix.eq_leftSingularMatrix_mul_diagonal_mul_conjTranspose_rightSingularMatrix' depends on axioms: [propext,
 Classical.choice,
 Quot.sound]
info: NLA/IE06/Vendor/SLT/MatrixInfra/Basic.lean:814:0: 'Matrix.adjoint_comp_self_apply_eq_sum_sq_singularValue_rankOne' depends on axioms: [propext,
 Classical.choice,
 Quot.sound]
info: NLA/IE06/Vendor/SLT/MatrixInfra/Basic.lean:816:0: 'Matrix.conjTranspose_mul_self_eq_sum_sq_singularValue_vecMulVec' depends on axioms: [propext,
 Classical.choice,
 Quot.sound]
info: NLA/IE06/Vendor/SLT/MatrixInfra/Basic.lean:818:0: 'Matrix.mul_conjTranspose_toEuclideanLin' depends on axioms: [propext, Classical.choice, Quot.sound]
info: NLA/IE06/Vendor/SLT/MatrixInfra/Basic.lean:820:0: 'Matrix.self_adjoint_apply_eq_sum_sq_singularValue_leftRankOne' depends on axioms: [propext,
 Classical.choice,
 Quot.sound]
info: NLA/IE06/Vendor/SLT/MatrixInfra/Basic.lean:822:0: 'Matrix.mul_conjTranspose_eq_sum_sq_singularValue_vecMulVec' depends on axioms: [propext, Classical.choice, Quot.sound]
info: NLA/IE06/Vendor/SLT/MatrixInfra/Basic.lean:824:0: 'Matrix.self_adjoint_apply_leftSingularVector' depends on axioms: [propext, Classical.choice, Quot.sound]
info: NLA/IE06/Vendor/SLT/MatrixInfra/Basic.lean:826:0: 'Matrix.IsHermitian.eigenvaluesToEuclideanLin' depends on axioms: [propext, Classical.choice, Quot.sound]
info: NLA/IE06/Vendor/SLT/MatrixInfra/Basic.lean:828:0: 'Matrix.IsHermitian.eigenvectorBasisToEuclideanLin' depends on axioms: [propext, Classical.choice, Quot.sound]
info: NLA/IE06/Vendor/SLT/MatrixInfra/Basic.lean:830:0: 'Matrix.IsHermitian.apply_eigenvectorBasisToEuclideanLin' depends on axioms: [propext, Classical.choice, Quot.sound]
info: NLA/IE06/Vendor/SLT/MatrixInfra/Basic.lean:832:0: 'Matrix.IsHermitian.spectral_decomposition_toEuclideanLin' depends on axioms: [propext, Classical.choice, Quot.sound]
info: NLA/IE06/Vendor/SLT/MatrixInfra/Basic.lean:834:0: 'Matrix.IsHermitian.eq_sum_eigenvalue_vecMulVec' depends on axioms: [propext, Classical.choice, Quot.sound]
info: NLA/IE06/Vendor/SLT/MatrixInfra/Basic.lean:836:0: 'Submodule.starProjection_isSymmetricProjection' depends on axioms: [propext, Classical.choice, Quot.sound]
info: NLA/IE06/Vendor/SLT/MatrixInfra/Basic.lean:838:0: 'Submodule.starProjection_eq_self_iff_mem' depends on axioms: [propext, Classical.choice, Quot.sound]
info: NLA/IE06/Vendor/SLT/MatrixInfra/Basic.lean:840:0: 'Submodule.orthogonalProjectionOnto_apply_eq_sum' depends on axioms: [propext, Classical.choice, Quot.sound]
info: NLA/IE06/Vendor/SLT/MatrixInfra/Basic.lean:842:0: 'Submodule.orthogonalProjectionOnto_eq_sum_rankOne' depends on axioms: [propext, Classical.choice, Quot.sound]
info: NLA/IE06/Vendor/SLT/MatrixInfra/Basic.lean:844:0: 'Submodule.starProjection_apply_eq_sum' depends on axioms: [propext, Classical.choice, Quot.sound]
info: NLA/IE06/Vendor/SLT/MatrixInfra/Basic.lean:846:0: 'Submodule.starProjection_eq_sum_rankOne' depends on axioms: [propext, Classical.choice, Quot.sound]
ℹ [8727/8757] Built NLA.IE06.GaussianSmallest (17s)
info: NLA/IE06/GaussianSmallest.lean:295:0: 'NLA.IE06.GaussianSmallest.stdGaussian_density' depends on axioms: [propext, Classical.choice, Quot.sound]
info: NLA/IE06/GaussianSmallest.lean:296:0: 'NLA.IE06.GaussianSmallest.gaussian_norm_moment' depends on axioms: [propext, Classical.choice, Quot.sound]
info: NLA/IE06/GaussianSmallest.lean:297:0: 'NLA.IE06.GaussianSmallest.gaussian_inverse_norm_moment' depends on axioms: [propext, Classical.choice, Quot.sound]
info: NLA/IE06/GaussianSmallest.lean:298:0: 'NLA.IE06.GaussianSmallest.gaussian_sumSquares_moment' depends on axioms: [propext, Classical.choice, Quot.sound]
info: NLA/IE06/GaussianSmallest.lean:299:0: 'NLA.IE06.GaussianSmallest.gaussian_inverse_sumSquares_moment' depends on axioms: [propext,
 Classical.choice,
 Quot.sound]
ℹ [8728/8757] Built NLA.IE06.GaussianOvercrowdingScalars (14s)
info: NLA/IE06/GaussianOvercrowdingScalars.lean:162:0: 'NLA.IE06.GaussianOvercrowdingScalars.dimensions' depends on axioms: [propext, Classical.choice, Quot.sound]
info: NLA/IE06/GaussianOvercrowdingScalars.lean:163:0: 'NLA.IE06.GaussianOvercrowdingScalars.exponent_bound' depends on axioms: [propext, Classical.choice, Quot.sound]
info: NLA/IE06/GaussianOvercrowdingScalars.lean:164:0: 'NLA.IE06.GaussianOvercrowdingScalars.factorial_inverse_le' depends on axioms: [propext, Classical.choice, Quot.sound]
info: NLA/IE06/GaussianOvercrowdingScalars.lean:165:0: 'NLA.IE06.GaussianOvercrowdingScalars.choose_le_exp_bound' depends on axioms: [propext, Classical.choice, Quot.sound]
info: NLA/IE06/GaussianOvercrowdingScalars.lean:166:0: 'NLA.IE06.GaussianOvercrowdingScalars.factorial_le_moment_denominator' depends on axioms: [propext,
 Classical.choice,
 Quot.sound]
info: NLA/IE06/GaussianOvercrowdingScalars.lean:167:0: 'NLA.IE06.GaussianOvercrowdingScalars.inverse_moment_denominator_le' depends on axioms: [propext,
 Classical.choice,
 Quot.sound]
info: NLA/IE06/GaussianOvercrowdingScalars.lean:168:0: 'NLA.IE06.GaussianOvercrowdingScalars.scalar_threshold' depends on axioms: [propext, Classical.choice, Quot.sound]
info: NLA/IE06/GaussianOvercrowdingScalars.lean:169:0: 'NLA.IE06.GaussianOvercrowdingScalars.moment_union_scalar' depends on axioms: [propext, Classical.choice, Quot.sound]
info: NLA/IE06/GaussianOvercrowdingScalars.lean:170:0: 'NLA.IE06.GaussianOvercrowdingScalars.overcrowding_scalar' depends on axioms: [propext, Classical.choice, Quot.sound]
ℹ [8729/8757] Built NLA.IE06.ScalarRecurrence (18s)
info: NLA/IE06/ScalarRecurrence.lean:415:0: 'NLA.IE06.ScalarRecurrence.step' depends on axioms: [propext, Classical.choice, Quot.sound]
info: NLA/IE06/ScalarRecurrence.lean:416:0: 'NLA.IE06.ScalarRecurrence.orbit' depends on axioms: [propext, Classical.choice, Quot.sound]
info: NLA/IE06/ScalarRecurrence.lean:417:0: 'NLA.IE06.ScalarRecurrence.cost' depends on axioms: [propext, Classical.choice, Quot.sound]
info: NLA/IE06/ScalarRecurrence.lean:418:0: 'NLA.IE06.ScalarRecurrence.step_ge_linear' depends on axioms: [propext, Classical.choice, Quot.sound]
info: NLA/IE06/ScalarRecurrence.lean:419:0: 'NLA.IE06.ScalarRecurrence.step_ge_self' depends on axioms: [propext, Classical.choice, Quot.sound]
info: NLA/IE06/ScalarRecurrence.lean:420:0: 'NLA.IE06.ScalarRecurrence.step_pos' depends on axioms: [propext, Classical.choice, Quot.sound]
info: NLA/IE06/ScalarRecurrence.lean:421:0: 'NLA.IE06.ScalarRecurrence.step_monotone' depends on axioms: [propext, Classical.choice, Quot.sound]
info: NLA/IE06/ScalarRecurrence.lean:422:0: 'NLA.IE06.ScalarRecurrence.step_ge_quadratic' depends on axioms: [propext, Classical.choice, Quot.sound]
info: NLA/IE06/ScalarRecurrence.lean:423:0: 'NLA.IE06.ScalarRecurrence.orbit_ge_start' depends on axioms: [propext, Classical.choice, Quot.sound]
info: NLA/IE06/ScalarRecurrence.lean:424:0: 'NLA.IE06.ScalarRecurrence.orbit_pos' depends on axioms: [propext, Classical.choice, Quot.sound]
info: NLA/IE06/ScalarRecurrence.lean:425:0: 'NLA.IE06.ScalarRecurrence.orbit_monotone_start' depends on axioms: [propext, Classical.choice, Quot.sound]
info: NLA/IE06/ScalarRecurrence.lean:426:0: 'NLA.IE06.ScalarRecurrence.orbit_monotone_index' depends on axioms: [propext, Classical.choice, Quot.sound]
info: NLA/IE06/ScalarRecurrence.lean:427:0: 'NLA.IE06.ScalarRecurrence.orbit_shift' depends on axioms: [propext, Classical.choice, Quot.sound]
info: NLA/IE06/ScalarRecurrence.lean:428:0: 'NLA.IE06.ScalarRecurrence.orbit_add' depends on axioms: [propext, Classical.choice, Quot.sound]
info: NLA/IE06/ScalarRecurrence.lean:429:0: 'NLA.IE06.ScalarRecurrence.orbit_ge_geometric' depends on axioms: [propext, Classical.choice, Quot.sound]
info: NLA/IE06/ScalarRecurrence.lean:430:0: 'NLA.IE06.ScalarRecurrence.orbit_ge_add' depends on axioms: [propext, Classical.choice, Quot.sound]
info: NLA/IE06/ScalarRecurrence.lean:431:0: 'NLA.IE06.ScalarRecurrence.orbit_terminated' depends on axioms: [propext, Classical.choice, Quot.sound]
info: NLA/IE06/ScalarRecurrence.lean:432:0: 'NLA.IE06.ScalarRecurrence.cost_zero_of_ge' depends on axioms: [propext, Classical.choice, Quot.sound]
info: NLA/IE06/ScalarRecurrence.lean:433:0: 'NLA.IE06.ScalarRecurrence.cost_antitone' depends on axioms: [propext, Classical.choice, Quot.sound]
info: NLA/IE06/ScalarRecurrence.lean:434:0: 'NLA.IE06.ScalarRecurrence.cost_recurrence' depends on axioms: [propext, Classical.choice, Quot.sound]
info: NLA/IE06/ScalarRecurrence.lean:435:0: 'NLA.IE06.ScalarRecurrence.reciprocal_sum_le' depends on axioms: [propext, Classical.choice, Quot.sound]
info: NLA/IE06/ScalarRecurrence.lean:436:0: 'NLA.IE06.ScalarRecurrence.hundred_mul_le_pow' depends on axioms: [propext, Classical.choice, Quot.sound]
info: NLA/IE06/ScalarRecurrence.lean:437:0: 'NLA.IE06.ScalarRecurrence.sq_le_two_pow' depends on axioms: [propext, Classical.choice, Quot.sound]
info: NLA/IE06/ScalarRecurrence.lean:438:0: 'NLA.IE06.ScalarRecurrence.quadratic_orbit_lower' depends on axioms: [propext, Classical.choice, Quot.sound]
info: NLA/IE06/ScalarRecurrence.lean:439:0: 'NLA.IE06.ScalarRecurrence.stopped_count_le' depends on axioms: [propext, Classical.choice, Quot.sound]
info: NLA/IE06/ScalarRecurrence.lean:440:0: 'NLA.IE06.ScalarRecurrence.cost_le_count_and_reciprocal' depends on axioms: [propext, Classical.choice, Quot.sound]
info: NLA/IE06/ScalarRecurrence.lean:441:0: 'NLA.IE06.ScalarRecurrence.orbit_reaches_dimension' depends on axioms: [propext, Classical.choice, Quot.sound]
info: NLA/IE06/ScalarRecurrence.lean:442:0: 'NLA.IE06.ScalarRecurrence.cost_le_six_sqrt' depends on axioms: [propext, Classical.choice, Quot.sound]
info: NLA/IE06/ScalarRecurrence.lean:443:0: 'NLA.IE06.ScalarRecurrence.profile' depends on axioms: [propext, Classical.choice, Quot.sound]
info: NLA/IE06/ScalarRecurrence.lean:444:0: 'NLA.IE06.ScalarRecurrence.profile_pos' depends on axioms: [propext, Classical.choice, Quot.sound]
info: NLA/IE06/ScalarRecurrence.lean:445:0: 'NLA.IE06.ScalarRecurrence.profile_div_eq' depends on axioms: [propext, Classical.choice, Quot.sound]
info: NLA/IE06/ScalarRecurrence.lean:446:0: 'NLA.IE06.ScalarRecurrence.profile_ratio_monotone' depends on axioms: [propext, Classical.choice, Quot.sound]
info: NLA/IE06/ScalarRecurrence.lean:447:0: 'NLA.IE06.ScalarRecurrence.profile_recurrence' depends on axioms: [propext, Classical.choice, Quot.sound]
info: NLA/IE06/ScalarRecurrence.lean:448:0: 'NLA.IE06.ScalarRecurrence.step_cast_upper' depends on axioms: [propext, Classical.choice, Quot.sound]
info: NLA/IE06/ScalarRecurrence.lean:449:0: 'NLA.IE06.ScalarRecurrence.step_loss_le' depends on axioms: [propext, Classical.choice, Quot.sound]
⚠ [8730/8761] Built NLA.IE06.Vendor.SLT.MatrixInfra.CourantFischer (25s)
warning: NLA/IE06/Vendor/SLT/MatrixInfra/CourantFischer.lean:195:2: Try this: 
  haveI̵

The goal is a proposition, so `have` is preferred over `haveI`.
The difference between `have` and `haveI` is that `haveI` inlines the value.
But this is not relevant for proofs because of proof irrelevance.

Note: This linter can be disabled with `set_option linter.style.haveILetI false`
warning: NLA/IE06/Vendor/SLT/MatrixInfra/CourantFischer.lean:208:2: Try this: 
  haveI̵

The goal is a proposition, so `have` is preferred over `haveI`.
The difference between `have` and `haveI` is that `haveI` inlines the value.
But this is not relevant for proofs because of proof irrelevance.

Note: This linter can be disabled with `set_option linter.style.haveILetI false`
warning: NLA/IE06/Vendor/SLT/MatrixInfra/CourantFischer.lean:222:2: Try this: 
  haveI̵

The goal is a proposition, so `have` is preferred over `haveI`.
The difference between `have` and `haveI` is that `haveI` inlines the value.
But this is not relevant for proofs because of proof irrelevance.

Note: This linter can be disabled with `set_option linter.style.haveILetI false`
warning: NLA/IE06/Vendor/SLT/MatrixInfra/CourantFischer.lean:225:2: Try this: 
  haveI̵

The goal is a proposition, so `have` is preferred over `haveI`.
The difference between `have` and `haveI` is that `haveI` inlines the value.
But this is not relevant for proofs because of proof irrelevance.

Note: This linter can be disabled with `set_option linter.style.haveILetI false`
warning: NLA/IE06/Vendor/SLT/MatrixInfra/CourantFischer.lean:241:2: Try this: 
  haveI̵

The goal is a proposition, so `have` is preferred over `haveI`.
The difference between `have` and `haveI` is that `haveI` inlines the value.
But this is not relevant for proofs because of proof irrelevance.

Note: This linter can be disabled with `set_option linter.style.haveILetI false`
warning: NLA/IE06/Vendor/SLT/MatrixInfra/CourantFischer.lean:244:2: Try this: 
  haveI̵

The goal is a proposition, so `have` is preferred over `haveI`.
The difference between `have` and `haveI` is that `haveI` inlines the value.
But this is not relevant for proofs because of proof irrelevance.

Note: This linter can be disabled with `set_option linter.style.haveILetI false`
warning: NLA/IE06/Vendor/SLT/MatrixInfra/CourantFischer.lean:278:2: Try this: 
  haveI̵

The goal is a proposition, so `have` is preferred over `haveI`.
The difference between `have` and `haveI` is that `haveI` inlines the value.
But this is not relevant for proofs because of proof irrelevance.

Note: This linter can be disabled with `set_option linter.style.haveILetI false`
warning: NLA/IE06/Vendor/SLT/MatrixInfra/CourantFischer.lean:309:2: Try this: 
  haveI̵

The goal is a proposition, so `have` is preferred over `haveI`.
The difference between `have` and `haveI` is that `haveI` inlines the value.
But this is not relevant for proofs because of proof irrelevance.

Note: This linter can be disabled with `set_option linter.style.haveILetI false`
warning: NLA/IE06/Vendor/SLT/MatrixInfra/CourantFischer.lean:340:2: Try this: 
  haveI̵

The goal is a proposition, so `have` is preferred over `haveI`.
The difference between `have` and `haveI` is that `haveI` inlines the value.
But this is not relevant for proofs because of proof irrelevance.

Note: This linter can be disabled with `set_option linter.style.haveILetI false`
warning: NLA/IE06/Vendor/SLT/MatrixInfra/CourantFischer.lean:343:2: Try this: 
  haveI̵

The goal is a proposition, so `have` is preferred over `haveI`.
The difference between `have` and `haveI` is that `haveI` inlines the value.
But this is not relevant for proofs because of proof irrelevance.

Note: This linter can be disabled with `set_option linter.style.haveILetI false`
warning: NLA/IE06/Vendor/SLT/MatrixInfra/CourantFischer.lean:381:2: Try this: 
  haveI̵

The goal is a proposition, so `have` is preferred over `haveI`.
The difference between `have` and `haveI` is that `haveI` inlines the value.
But this is not relevant for proofs because of proof irrelevance.

Note: This linter can be disabled with `set_option linter.style.haveILetI false`
warning: NLA/IE06/Vendor/SLT/MatrixInfra/CourantFischer.lean:384:2: Try this: 
  haveI̵

The goal is a proposition, so `have` is preferred over `haveI`.
The difference between `have` and `haveI` is that `haveI` inlines the value.
But this is not relevant for proofs because of proof irrelevance.

Note: This linter can be disabled with `set_option linter.style.haveILetI false`
warning: NLA/IE06/Vendor/SLT/MatrixInfra/CourantFischer.lean:508:2: Try this: 
  haveI̵

The goal is a proposition, so `have` is preferred over `haveI`.
The difference between `have` and `haveI` is that `haveI` inlines the value.
But this is not relevant for proofs because of proof irrelevance.

Note: This linter can be disabled with `set_option linter.style.haveILetI false`
warning: NLA/IE06/Vendor/SLT/MatrixInfra/CourantFischer.lean:521:2: Try this: 
  haveI̵

The goal is a proposition, so `have` is preferred over `haveI`.
The difference between `have` and `haveI` is that `haveI` inlines the value.
But this is not relevant for proofs because of proof irrelevance.

Note: This linter can be disabled with `set_option linter.style.haveILetI false`
warning: NLA/IE06/Vendor/SLT/MatrixInfra/CourantFischer.lean:535:2: Try this: 
  haveI̵

The goal is a proposition, so `have` is preferred over `haveI`.
The difference between `have` and `haveI` is that `haveI` inlines the value.
But this is not relevant for proofs because of proof irrelevance.

Note: This linter can be disabled with `set_option linter.style.haveILetI false`
warning: NLA/IE06/Vendor/SLT/MatrixInfra/CourantFischer.lean:538:2: Try this: 
  haveI̵

The goal is a proposition, so `have` is preferred over `haveI`.
The difference between `have` and `haveI` is that `haveI` inlines the value.
But this is not relevant for proofs because of proof irrelevance.

Note: This linter can be disabled with `set_option linter.style.haveILetI false`
warning: NLA/IE06/Vendor/SLT/MatrixInfra/CourantFischer.lean:554:2: Try this: 
  haveI̵

The goal is a proposition, so `have` is preferred over `haveI`.
The difference between `have` and `haveI` is that `haveI` inlines the value.
But this is not relevant for proofs because of proof irrelevance.

Note: This linter can be disabled with `set_option linter.style.haveILetI false`
warning: NLA/IE06/Vendor/SLT/MatrixInfra/CourantFischer.lean:557:2: Try this: 
  haveI̵

The goal is a proposition, so `have` is preferred over `haveI`.
The difference between `have` and `haveI` is that `haveI` inlines the value.
But this is not relevant for proofs because of proof irrelevance.

Note: This linter can be disabled with `set_option linter.style.haveILetI false`
warning: NLA/IE06/Vendor/SLT/MatrixInfra/CourantFischer.lean:590:2: Try this: 
  haveI̵

The goal is a proposition, so `have` is preferred over `haveI`.
The difference between `have` and `haveI` is that `haveI` inlines the value.
But this is not relevant for proofs because of proof irrelevance.

Note: This linter can be disabled with `set_option linter.style.haveILetI false`
warning: NLA/IE06/Vendor/SLT/MatrixInfra/CourantFischer.lean:621:2: Try this: 
  haveI̵

The goal is a proposition, so `have` is preferred over `haveI`.
The difference between `have` and `haveI` is that `haveI` inlines the value.
But this is not relevant for proofs because of proof irrelevance.

Note: This linter can be disabled with `set_option linter.style.haveILetI false`
warning: NLA/IE06/Vendor/SLT/MatrixInfra/CourantFischer.lean:652:2: Try this: 
  haveI̵

The goal is a proposition, so `have` is preferred over `haveI`.
The difference between `have` and `haveI` is that `haveI` inlines the value.
But this is not relevant for proofs because of proof irrelevance.

Note: This linter can be disabled with `set_option linter.style.haveILetI false`
warning: NLA/IE06/Vendor/SLT/MatrixInfra/CourantFischer.lean:655:2: Try this: 
  haveI̵

The goal is a proposition, so `have` is preferred over `haveI`.
The difference between `have` and `haveI` is that `haveI` inlines the value.
But this is not relevant for proofs because of proof irrelevance.

Note: This linter can be disabled with `set_option linter.style.haveILetI false`
warning: NLA/IE06/Vendor/SLT/MatrixInfra/CourantFischer.lean:693:2: Try this: 
  haveI̵

The goal is a proposition, so `have` is preferred over `haveI`.
The difference between `have` and `haveI` is that `haveI` inlines the value.
But this is not relevant for proofs because of proof irrelevance.

Note: This linter can be disabled with `set_option linter.style.haveILetI false`
warning: NLA/IE06/Vendor/SLT/MatrixInfra/CourantFischer.lean:696:2: Try this: 
  haveI̵

The goal is a proposition, so `have` is preferred over `haveI`.
The difference between `have` and `haveI` is that `haveI` inlines the value.
But this is not relevant for proofs because of proof irrelevance.

Note: This linter can be disabled with `set_option linter.style.haveILetI false`
warning: NLA/IE06/Vendor/SLT/MatrixInfra/CourantFischer.lean:1023:2: Try this: 
  haveI̵

The goal is a proposition, so `have` is preferred over `haveI`.
The difference between `have` and `haveI` is that `haveI` inlines the value.
But this is not relevant for proofs because of proof irrelevance.

Note: This linter can be disabled with `set_option linter.style.haveILetI false`
warning: NLA/IE06/Vendor/SLT/MatrixInfra/CourantFischer.lean:1025:2: Try this: 
  haveI̵

The goal is a proposition, so `have` is preferred over `haveI`.
The difference between `have` and `haveI` is that `haveI` inlines the value.
But this is not relevant for proofs because of proof irrelevance.

Note: This linter can be disabled with `set_option linter.style.haveILetI false`
warning: NLA/IE06/Vendor/SLT/MatrixInfra/CourantFischer.lean:1035:4: Try this: 
  haveI̵

The goal is a proposition, so `have` is preferred over `haveI`.
The difference between `have` and `haveI` is that `haveI` inlines the value.
But this is not relevant for proofs because of proof irrelevance.

Note: This linter can be disabled with `set_option linter.style.haveILetI false`
warning: NLA/IE06/Vendor/SLT/MatrixInfra/CourantFischer.lean:1087:2: Try this: 
  haveI̵

The goal is a proposition, so `have` is preferred over `haveI`.
The difference between `have` and `haveI` is that `haveI` inlines the value.
But this is not relevant for proofs because of proof irrelevance.

Note: This linter can be disabled with `set_option linter.style.haveILetI false`
warning: NLA/IE06/Vendor/SLT/MatrixInfra/CourantFischer.lean:1089:2: Try this: 
  haveI̵

The goal is a proposition, so `have` is preferred over `haveI`.
The difference between `have` and `haveI` is that `haveI` inlines the value.
But this is not relevant for proofs because of proof irrelevance.

Note: This linter can be disabled with `set_option linter.style.haveILetI false`
warning: NLA/IE06/Vendor/SLT/MatrixInfra/CourantFischer.lean:1099:4: Try this: 
  haveI̵

The goal is a proposition, so `have` is preferred over `haveI`.
The difference between `have` and `haveI` is that `haveI` inlines the value.
But this is not relevant for proofs because of proof irrelevance.

Note: This linter can be disabled with `set_option linter.style.haveILetI false`
warning: NLA/IE06/Vendor/SLT/MatrixInfra/CourantFischer.lean:1395:2: Try this: 
  haveI̵

The goal is a proposition, so `have` is preferred over `haveI`.
The difference between `have` and `haveI` is that `haveI` inlines the value.
But this is not relevant for proofs because of proof irrelevance.

Note: This linter can be disabled with `set_option linter.style.haveILetI false`
warning: NLA/IE06/Vendor/SLT/MatrixInfra/CourantFischer.lean:1397:2: Try this: 
  haveI̵

The goal is a proposition, so `have` is preferred over `haveI`.
The difference between `have` and `haveI` is that `haveI` inlines the value.
But this is not relevant for proofs because of proof irrelevance.

Note: This linter can be disabled with `set_option linter.style.haveILetI false`
warning: NLA/IE06/Vendor/SLT/MatrixInfra/CourantFischer.lean:1407:4: Try this: 
  haveI̵

The goal is a proposition, so `have` is preferred over `haveI`.
The difference between `have` and `haveI` is that `haveI` inlines the value.
But this is not relevant for proofs because of proof irrelevance.

Note: This linter can be disabled with `set_option linter.style.haveILetI false`
warning: NLA/IE06/Vendor/SLT/MatrixInfra/CourantFischer.lean:1461:2: Try this: 
  haveI̵

The goal is a proposition, so `have` is preferred over `haveI`.
The difference between `have` and `haveI` is that `haveI` inlines the value.
But this is not relevant for proofs because of proof irrelevance.

Note: This linter can be disabled with `set_option linter.style.haveILetI false`
warning: NLA/IE06/Vendor/SLT/MatrixInfra/CourantFischer.lean:1463:2: Try this: 
  haveI̵

The goal is a proposition, so `have` is preferred over `haveI`.
The difference between `have` and `haveI` is that `haveI` inlines the value.
But this is not relevant for proofs because of proof irrelevance.

Note: This linter can be disabled with `set_option linter.style.haveILetI false`
warning: NLA/IE06/Vendor/SLT/MatrixInfra/CourantFischer.lean:1473:4: Try this: 
  haveI̵

The goal is a proposition, so `have` is preferred over `haveI`.
The difference between `have` and `haveI` is that `haveI` inlines the value.
But this is not relevant for proofs because of proof irrelevance.

Note: This linter can be disabled with `set_option linter.style.haveILetI false`
info: NLA/IE06/Vendor/SLT/MatrixInfra/CourantFischer.lean:1517:0: 'Submodule.exists_ne_zero_mem_inf_of_finrank_lt_add_finrank' depends on axioms: [propext, Classical.choice, Quot.sound]
info: NLA/IE06/Vendor/SLT/MatrixInfra/CourantFischer.lean:1519:0: 'Submodule.exists_span_singleton_eq_of_finrank_eq_one' depends on axioms: [propext, Classical.choice, Quot.sound]
info: NLA/IE06/Vendor/SLT/MatrixInfra/CourantFischer.lean:1521:0: 'LinearMap.rayleighQuotient' depends on axioms: [propext, Classical.choice, Quot.sound]
info: NLA/IE06/Vendor/SLT/MatrixInfra/CourantFischer.lean:1523:0: 'LinearMap.rayleighQuotient_toContinuousLinearMap' depends on axioms: [propext, Classical.choice, Quot.sound]
info: NLA/IE06/Vendor/SLT/MatrixInfra/CourantFischer.lean:1525:0: 'LinearMap.rayleighQuotient_smul' depends on axioms: [propext, Classical.choice, Quot.sound]
info: NLA/IE06/Vendor/SLT/MatrixInfra/CourantFischer.lean:1527:0: 'LinearMap.bddAbove_range_rayleighQuotient' depends on axioms: [propext, Classical.choice, Quot.sound]
info: NLA/IE06/Vendor/SLT/MatrixInfra/CourantFischer.lean:1529:0: 'LinearMap.bddBelow_range_rayleighQuotient' depends on axioms: [propext, Classical.choice, Quot.sound]
info: NLA/IE06/Vendor/SLT/MatrixInfra/CourantFischer.lean:1531:0: 'LinearMap.minRayleighQuotientOn' depends on axioms: [propext, Classical.choice, Quot.sound]
info: NLA/IE06/Vendor/SLT/MatrixInfra/CourantFischer.lean:1533:0: 'LinearMap.maxRayleighQuotientOn' depends on axioms: [propext, Classical.choice, Quot.sound]
info: NLA/IE06/Vendor/SLT/MatrixInfra/CourantFischer.lean:1535:0: 'LinearMap.bddAbove_range_rayleighQuotientOn' depends on axioms: [propext, Classical.choice, Quot.sound]
info: NLA/IE06/Vendor/SLT/MatrixInfra/CourantFischer.lean:1537:0: 'LinearMap.bddBelow_range_rayleighQuotientOn' depends on axioms: [propext, Classical.choice, Quot.sound]
info: NLA/IE06/Vendor/SLT/MatrixInfra/CourantFischer.lean:1539:0: 'LinearMap.minRayleighQuotientOn_le_of_mem' depends on axioms: [propext, Classical.choice, Quot.sound]
info: NLA/IE06/Vendor/SLT/MatrixInfra/CourantFischer.lean:1541:0: 'LinearMap.le_maxRayleighQuotientOn_of_mem' depends on axioms: [propext, Classical.choice, Quot.sound]
info: NLA/IE06/Vendor/SLT/MatrixInfra/CourantFischer.lean:1543:0: 'LinearMap.rayleighQuotient_eq_of_mem_span_singleton' depends on axioms: [propext, Classical.choice, Quot.sound]
info: NLA/IE06/Vendor/SLT/MatrixInfra/CourantFischer.lean:1545:0: 'LinearMap.minRayleighQuotientOn_span_singleton' depends on axioms: [propext, Classical.choice, Quot.sound]
info: NLA/IE06/Vendor/SLT/MatrixInfra/CourantFischer.lean:1547:0: 'LinearMap.maxRayleighQuotientOn_span_singleton' depends on axioms: [propext, Classical.choice, Quot.sound]
info: NLA/IE06/Vendor/SLT/MatrixInfra/CourantFischer.lean:1549:0: 'LinearMap.minRayleighQuotientOn_top' depends on axioms: [propext, Classical.choice, Quot.sound]
info: NLA/IE06/Vendor/SLT/MatrixInfra/CourantFischer.lean:1551:0: 'LinearMap.maxRayleighQuotientOn_top' depends on axioms: [propext, Classical.choice, Quot.sound]
info: NLA/IE06/Vendor/SLT/MatrixInfra/CourantFischer.lean:1553:0: 'LinearMap.courantFischerMaxMin' depends on axioms: [propext, Classical.choice, Quot.sound]
info: NLA/IE06/Vendor/SLT/MatrixInfra/CourantFischer.lean:1555:0: 'LinearMap.courantFischerMinMax' depends on axioms: [propext, Classical.choice, Quot.sound]
info: NLA/IE06/Vendor/SLT/MatrixInfra/CourantFischer.lean:1557:0: 'LinearMap.courantFischerMaxMin_finrank' depends on axioms: [propext, Classical.choice, Quot.sound]
info: NLA/IE06/Vendor/SLT/MatrixInfra/CourantFischer.lean:1559:0: 'LinearMap.courantFischerMinMax_finrank' depends on axioms: [propext, Classical.choice, Quot.sound]
info: NLA/IE06/Vendor/SLT/MatrixInfra/CourantFischer.lean:1561:0: 'LinearMap.courantFischerMaxMin_one' depends on axioms: [propext, Classical.choice, Quot.sound]
info: NLA/IE06/Vendor/SLT/MatrixInfra/CourantFischer.lean:1563:0: 'LinearMap.courantFischerMinMax_one' depends on axioms: [propext, Classical.choice, Quot.sound]
info: NLA/IE06/Vendor/SLT/MatrixInfra/CourantFischer.lean:1565:0: 'LinearMap.singularQuotient' depends on axioms: [propext, Classical.choice, Quot.sound]
info: NLA/IE06/Vendor/SLT/MatrixInfra/CourantFischer.lean:1567:0: 'LinearMap.sq_singularQuotient_eq_rayleighQuotient_adjoint_comp_self' depends on axioms: [propext,
 Classical.choice,
 Quot.sound]
info: NLA/IE06/Vendor/SLT/MatrixInfra/CourantFischer.lean:1569:0: 'LinearMap.singularQuotient_smul' depends on axioms: [propext, Classical.choice, Quot.sound]
info: NLA/IE06/Vendor/SLT/MatrixInfra/CourantFischer.lean:1571:0: 'LinearMap.minSingularQuotientOn' depends on axioms: [propext, Classical.choice, Quot.sound]
info: NLA/IE06/Vendor/SLT/MatrixInfra/CourantFischer.lean:1573:0: 'LinearMap.maxSingularQuotientOn' depends on axioms: [propext, Classical.choice, Quot.sound]
info: NLA/IE06/Vendor/SLT/MatrixInfra/CourantFischer.lean:1575:0: 'LinearMap.bddAbove_range_singularQuotient' depends on axioms: [propext, Classical.choice, Quot.sound]
info: NLA/IE06/Vendor/SLT/MatrixInfra/CourantFischer.lean:1577:0: 'LinearMap.bddBelow_range_singularQuotient' depends on axioms: [propext, Classical.choice, Quot.sound]
info: NLA/IE06/Vendor/SLT/MatrixInfra/CourantFischer.lean:1579:0: 'LinearMap.bddAbove_range_singularQuotientOn' depends on axioms: [propext, Classical.choice, Quot.sound]
info: NLA/IE06/Vendor/SLT/MatrixInfra/CourantFischer.lean:1581:0: 'LinearMap.bddBelow_range_singularQuotientOn' depends on axioms: [propext, Classical.choice, Quot.sound]
info: NLA/IE06/Vendor/SLT/MatrixInfra/CourantFischer.lean:1583:0: 'LinearMap.minSingularQuotientOn_le_of_mem' depends on axioms: [propext, Classical.choice, Quot.sound]
info: NLA/IE06/Vendor/SLT/MatrixInfra/CourantFischer.lean:1585:0: 'LinearMap.le_maxSingularQuotientOn_of_mem' depends on axioms: [propext, Classical.choice, Quot.sound]
info: NLA/IE06/Vendor/SLT/MatrixInfra/CourantFischer.lean:1587:0: 'LinearMap.singularQuotient_eq_of_mem_span_singleton' depends on axioms: [propext, Classical.choice, Quot.sound]
info: NLA/IE06/Vendor/SLT/MatrixInfra/CourantFischer.lean:1589:0: 'LinearMap.minSingularQuotientOn_span_singleton' depends on axioms: [propext, Classical.choice, Quot.sound]
info: NLA/IE06/Vendor/SLT/MatrixInfra/CourantFischer.lean:1591:0: 'LinearMap.maxSingularQuotientOn_span_singleton' depends on axioms: [propext, Classical.choice, Quot.sound]
info: NLA/IE06/Vendor/SLT/MatrixInfra/CourantFischer.lean:1593:0: 'LinearMap.minSingularQuotientOn_top' depends on axioms: [propext, Classical.choice, Quot.sound]
info: NLA/IE06/Vendor/SLT/MatrixInfra/CourantFischer.lean:1595:0: 'LinearMap.maxSingularQuotientOn_top' depends on axioms: [propext, Classical.choice, Quot.sound]
info: NLA/IE06/Vendor/SLT/MatrixInfra/CourantFischer.lean:1597:0: 'LinearMap.singularCourantFischerMaxMin' depends on axioms: [propext, Classical.choice, Quot.sound]
info: NLA/IE06/Vendor/SLT/MatrixInfra/CourantFischer.lean:1599:0: 'LinearMap.singularCourantFischerMinMax' depends on axioms: [propext, Classical.choice, Quot.sound]
info: NLA/IE06/Vendor/SLT/MatrixInfra/CourantFischer.lean:1601:0: 'LinearMap.singularCourantFischerMaxMin_finrank' depends on axioms: [propext, Classical.choice, Quot.sound]
info: NLA/IE06/Vendor/SLT/MatrixInfra/CourantFischer.lean:1603:0: 'LinearMap.singularCourantFischerMinMax_finrank' depends on axioms: [propext, Classical.choice, Quot.sound]
info: NLA/IE06/Vendor/SLT/MatrixInfra/CourantFischer.lean:1605:0: 'LinearMap.singularCourantFischerMaxMin_one' depends on axioms: [propext, Classical.choice, Quot.sound]
info: NLA/IE06/Vendor/SLT/MatrixInfra/CourantFischer.lean:1607:0: 'LinearMap.singularCourantFischerMinMax_one' depends on axioms: [propext, Classical.choice, Quot.sound]
info: NLA/IE06/Vendor/SLT/MatrixInfra/CourantFischer.lean:1609:0: 'LinearMap.IsSymmetric.leadingEigenSubspace' depends on axioms: [propext, Classical.choice, Quot.sound]
info: NLA/IE06/Vendor/SLT/MatrixInfra/CourantFischer.lean:1611:0: 'LinearMap.IsSymmetric.eigenvectorBasis_mem_leadingEigenSubspace' depends on axioms: [propext,
 Classical.choice,
 Quot.sound]
info: NLA/IE06/Vendor/SLT/MatrixInfra/CourantFischer.lean:1613:0: 'LinearMap.IsSymmetric.finrank_leadingEigenSubspace' depends on axioms: [propext, Classical.choice, Quot.sound]
info: NLA/IE06/Vendor/SLT/MatrixInfra/CourantFischer.lean:1615:0: 'LinearMap.IsSymmetric.trailingEigenSubspace' depends on axioms: [propext, Classical.choice, Quot.sound]
info: NLA/IE06/Vendor/SLT/MatrixInfra/CourantFischer.lean:1617:0: 'LinearMap.IsSymmetric.eigenvectorBasis_mem_trailingEigenSubspace' depends on axioms: [propext,
 Classical.choice,
 Quot.sound]
info: NLA/IE06/Vendor/SLT/MatrixInfra/CourantFischer.lean:1619:0: 'LinearMap.IsSymmetric.finrank_trailingEigenSubspace' depends on axioms: [propext, Classical.choice, Quot.sound]
info: NLA/IE06/Vendor/SLT/MatrixInfra/CourantFischer.lean:1621:0: 'LinearMap.IsSymmetric.exists_ne_zero_mem_inf_trailingEigenSubspace_of_finrank_eq_succ' depends on axioms: [propext,
 Classical.choice,
 Quot.sound]
info: NLA/IE06/Vendor/SLT/MatrixInfra/CourantFischer.lean:1623:0: 'LinearMap.IsSymmetric.exists_ne_zero_mem_inf_leadingEigenSubspace_of_finrank_eq_sub' depends on axioms: [propext,
 Classical.choice,
 Quot.sound]
info: NLA/IE06/Vendor/SLT/MatrixInfra/CourantFischer.lean:1625:0: 'LinearMap.IsSymmetric.eigenvalues_le_leadingEigenSubspace_index' depends on axioms: [propext,
 Classical.choice,
 Quot.sound]
info: NLA/IE06/Vendor/SLT/MatrixInfra/CourantFischer.lean:1627:0: 'LinearMap.IsSymmetric.eigenvalues_trailingEigenSubspace_index_le' depends on axioms: [propext,
 Classical.choice,
 Quot.sound]
info: NLA/IE06/Vendor/SLT/MatrixInfra/CourantFischer.lean:1629:0: 'LinearMap.IsSymmetric.re_inner_apply_self_eq_sum_eigenvalues_mul_norm_sq_repr' depends on axioms: [propext,
 Classical.choice,
 Quot.sound]
info: NLA/IE06/Vendor/SLT/MatrixInfra/CourantFischer.lean:1631:0: 'LinearMap.IsSymmetric.norm_sq_eq_sum_norm_sq_repr' depends on axioms: [propext, Classical.choice, Quot.sound]
info: NLA/IE06/Vendor/SLT/MatrixInfra/CourantFischer.lean:1633:0: 'LinearMap.IsSymmetric.eigenvectorBasis_repr_eq_zero_of_mem_leadingEigenSubspace' depends on axioms: [propext,
 Classical.choice,
 Quot.sound]
info: NLA/IE06/Vendor/SLT/MatrixInfra/CourantFischer.lean:1635:0: 'LinearMap.IsSymmetric.eigenvectorBasis_repr_eq_zero_of_mem_trailingEigenSubspace' depends on axioms: [propext,
 Classical.choice,
 Quot.sound]
info: NLA/IE06/Vendor/SLT/MatrixInfra/CourantFischer.lean:1637:0: 'LinearMap.IsSymmetric.eigenvalues_le_rayleighQuotient_of_mem_leadingEigenSubspace' depends on axioms: [propext,
 Classical.choice,
 Quot.sound]
info: NLA/IE06/Vendor/SLT/MatrixInfra/CourantFischer.lean:1639:0: 'LinearMap.IsSymmetric.rayleighQuotient_le_eigenvalues_of_mem_trailingEigenSubspace' depends on axioms: [propext,
 Classical.choice,
 Quot.sound]
info: NLA/IE06/Vendor/SLT/MatrixInfra/CourantFischer.lean:1641:0: 'LinearMap.IsSymmetric.eigenvalues_eq_courantFischerMaxMin_succ' depends on axioms: [propext,
 Classical.choice,
 Quot.sound]
info: NLA/IE06/Vendor/SLT/MatrixInfra/CourantFischer.lean:1643:0: 'LinearMap.IsSymmetric.eigenvalues_eq_courantFischerMinMax_sub' depends on axioms: [propext,
 Classical.choice,
 Quot.sound]
info: NLA/IE06/Vendor/SLT/MatrixInfra/CourantFischer.lean:1645:0: 'LinearMap.IsSymmetric.hasEigenvalue_iSup_rayleigh' depends on axioms: [propext, Classical.choice, Quot.sound]
info: NLA/IE06/Vendor/SLT/MatrixInfra/CourantFischer.lean:1647:0: 'LinearMap.IsSymmetric.hasEigenvalue_iInf_rayleigh' depends on axioms: [propext, Classical.choice, Quot.sound]
info: NLA/IE06/Vendor/SLT/MatrixInfra/CourantFischer.lean:1649:0: 'LinearMap.IsSymmetric.rayleighQuotient_eigenvectorBasis' depends on axioms: [propext, Classical.choice, Quot.sound]
info: NLA/IE06/Vendor/SLT/MatrixInfra/CourantFischer.lean:1651:0: 'LinearMap.IsSymmetric.eigenvalues_zero_eq_iSup_rayleighQuotient' depends on axioms: [propext,
 Classical.choice,
 Quot.sound]
info: NLA/IE06/Vendor/SLT/MatrixInfra/CourantFischer.lean:1653:0: 'LinearMap.IsSymmetric.eigenvalues_last_eq_iInf_rayleighQuotient' depends on axioms: [propext,
 Classical.choice,
 Quot.sound]
info: NLA/IE06/Vendor/SLT/MatrixInfra/CourantFischer.lean:1655:0: 'LinearMap.IsSymmetric.eigenvalues_zero_eq_courantFischerMinMax_finrank' depends on axioms: [propext,
 Classical.choice,
 Quot.sound]
info: NLA/IE06/Vendor/SLT/MatrixInfra/CourantFischer.lean:1657:0: 'LinearMap.IsSymmetric.eigenvalues_last_eq_courantFischerMaxMin_finrank' depends on axioms: [propext,
 Classical.choice,
 Quot.sound]
info: NLA/IE06/Vendor/SLT/MatrixInfra/CourantFischer.lean:1659:0: 'LinearMap.IsSymmetric.eigenvalues_zero_eq_courantFischerMaxMin_one' depends on axioms: [propext,
 Classical.choice,
 Quot.sound]
info: NLA/IE06/Vendor/SLT/MatrixInfra/CourantFischer.lean:1661:0: 'LinearMap.IsSymmetric.eigenvalues_last_eq_courantFischerMinMax_one' depends on axioms: [propext,
 Classical.choice,
 Quot.sound]
info: NLA/IE06/Vendor/SLT/MatrixInfra/CourantFischer.lean:1663:0: 'LinearMap.IsSymmetric.apply_eq_sum_eigenvalue_rankOne' depends on axioms: [propext, Classical.choice, Quot.sound]
info: NLA/IE06/Vendor/SLT/MatrixInfra/CourantFischer.lean:1665:0: 'LinearMap.IsSymmetric.spectral_decomposition_toMatrix' depends on axioms: [propext, Classical.choice, Quot.sound]
info: NLA/IE06/Vendor/SLT/MatrixInfra/CourantFischer.lean:1667:0: 'LinearMap.singularValues_le_singularQuotient_of_mem_gram_leadingEigenSubspace' depends on axioms: [propext,
 Classical.choice,
 Quot.sound]
info: NLA/IE06/Vendor/SLT/MatrixInfra/CourantFischer.lean:1669:0: 'LinearMap.singularQuotient_le_singularValues_of_mem_gram_trailingEigenSubspace' depends on axioms: [propext,
 Classical.choice,
 Quot.sound]
info: NLA/IE06/Vendor/SLT/MatrixInfra/CourantFischer.lean:1671:0: 'LinearMap.singularValues_eq_singularCourantFischerMaxMin_succ' depends on axioms: [propext,
 Classical.choice,
 Quot.sound]
info: NLA/IE06/Vendor/SLT/MatrixInfra/CourantFischer.lean:1673:0: 'LinearMap.singularValues_eq_singularCourantFischerMinMax_sub' depends on axioms: [propext,
 Classical.choice,
 Quot.sound]
info: NLA/IE06/Vendor/SLT/MatrixInfra/CourantFischer.lean:1675:0: 'Matrix.singularQuotient_rightSingularVectorBasis' depends on axioms: [propext, Classical.choice, Quot.sound]
ℹ [8731/8765] Built NLA.IE06.GaussianShift (16s)
info: NLA/IE06/GaussianShift.lean:210:0: 'NLA.IE06.GaussianShift.lintegral_half_smul' depends on axioms: [propext, Classical.choice, Quot.sound]
info: NLA/IE06/GaussianShift.lean:211:0: 'NLA.IE06.GaussianShift.half_factor' depends on axioms: [propext, Classical.choice, Quot.sound]
info: NLA/IE06/GaussianShift.lean:212:0: 'NLA.IE06.GaussianShift.midpoint_prekopa' depends on axioms: [propext, Classical.choice, Quot.sound]
info: NLA/IE06/GaussianShift.lean:213:0: 'NLA.IE06.GaussianShift.squareNorm' depends on axioms: [propext, Classical.choice, Quot.sound]
info: NLA/IE06/GaussianShift.lean:214:0: 'NLA.IE06.GaussianShift.gaussianWeight' depends on axioms: [propext, Classical.choice, Quot.sound]
info: NLA/IE06/GaussianShift.lean:215:0: 'NLA.IE06.GaussianShift.gaussianWeight_measurable' depends on axioms: [propext, Classical.choice, Quot.sound]
info: NLA/IE06/GaussianShift.lean:216:0: 'NLA.IE06.GaussianShift.gaussianWeight_neg' depends on axioms: [propext, Classical.choice, Quot.sound]
info: NLA/IE06/GaussianShift.lean:217:0: 'NLA.IE06.GaussianShift.gaussianWeight_midpoint' depends on axioms: [propext, Classical.choice, Quot.sound]
info: NLA/IE06/GaussianShift.lean:218:0: 'NLA.IE06.GaussianShift.shiftedWeight' depends on axioms: [propext, Classical.choice, Quot.sound]
info: NLA/IE06/GaussianShift.lean:219:0: 'NLA.IE06.GaussianShift.shiftedWeight_measurable' depends on axioms: [propext, Classical.choice, Quot.sound]
info: NLA/IE06/GaussianShift.lean:220:0: 'NLA.IE06.GaussianShift.shiftedWeight_reflection' depends on axioms: [propext, Classical.choice, Quot.sound]
info: NLA/IE06/GaussianShift.lean:221:0: 'NLA.IE06.GaussianShift.shiftedWeight_integral_reflection' depends on axioms: [propext, Classical.choice, Quot.sound]
info: NLA/IE06/GaussianShift.lean:222:0: 'NLA.IE06.GaussianShift.shiftedWeight_midpoint' depends on axioms: [propext, Classical.choice, Quot.sound]
info: NLA/IE06/GaussianShift.lean:223:0: 'NLA.IE06.GaussianShift.gaussian_weight_shift_le' depends on axioms: [propext, Classical.choice, Quot.sound]
info: NLA/IE06/GaussianShift.lean:224:0: 'NLA.IE06.GaussianShift.normalizer' depends on axioms: [propext, Classical.choice, Quot.sound]
info: NLA/IE06/GaussianShift.lean:225:0: 'NLA.IE06.GaussianShift.normalizer_ne_zero' depends on axioms: [propext, Classical.choice, Quot.sound]
info: NLA/IE06/GaussianShift.lean:226:0: 'NLA.IE06.GaussianShift.normalizer_ne_top' depends on axioms: [propext, Classical.choice, Quot.sound]
info: NLA/IE06/GaussianShift.lean:227:0: 'NLA.IE06.GaussianShift.gaussianVector_eq_weight' depends on axioms: [propext, Classical.choice, Quot.sound]
info: NLA/IE06/GaussianShift.lean:228:0: 'NLA.IE06.GaussianShift.gaussian_shift_mass' depends on axioms: [propext, Classical.choice, Quot.sound]
info: NLA/IE06/GaussianShift.lean:229:0: 'NLA.IE06.GaussianShift.gaussian_shift_le' depends on axioms: [propext, Classical.choice, Quot.sound]
ℹ [8732/8765] Built NLA.IE06.GaussianRegression (25s)
info: NLA/IE06/GaussianRegression.lean:473:0: 'NLA.IE06.GaussianRegression.gram_posDef_ae' depends on axioms: [propext, Classical.choice, Quot.sound]
info: NLA/IE06/GaussianRegression.lean:474:0: 'NLA.IE06.GaussianRegression.rotateColumns_measurePreserving' depends on axioms: [propext, Classical.choice, Quot.sound]
info: NLA/IE06/GaussianRegression.lean:475:0: 'NLA.IE06.GaussianRegression.inverse_gram_first_diagonal' depends on axioms: [propext, Classical.choice, Quot.sound]
info: NLA/IE06/GaussianRegression.lean:476:0: 'NLA.IE06.GaussianRegression.projected_inverse_norm_moment' depends on axioms: [propext, Classical.choice, Quot.sound]
info: NLA/IE06/GaussianRegression.lean:477:0: 'NLA.IE06.GaussianRegression.residual_inverse_norm_moment' depends on axioms: [propext, Classical.choice, Quot.sound]
info: NLA/IE06/GaussianRegression.lean:478:0: 'NLA.IE06.GaussianRegression.inverse_gram_first_moment' depends on axioms: [propext, Classical.choice, Quot.sound]
info: NLA/IE06/GaussianRegression.lean:479:0: 'NLA.IE06.GaussianRegression.directionalQuadratic_rotateColumns' depends on axioms: [propext,
 Classical.choice,
 Quot.sound]
info: NLA/IE06/GaussianRegression.lean:480:0: 'NLA.IE06.GaussianRegression.directional_inverse_gram_moment' depends on axioms: [propext, Classical.choice, Quot.sound]
ℹ [8733/8765] Built NLA.IE06.SpectralRecursionScalars (12s)
info: NLA/IE06/SpectralRecursionScalars.lean:172:0: 'NLA.IE06.SpectralRecursionScalars.cost_nonneg' depends on axioms: [propext, Classical.choice, Quot.sound]
info: NLA/IE06/SpectralRecursionScalars.lean:174:0: 'NLA.IE06.SpectralRecursionScalars.cost_ge_first' depends on axioms: [propext, Classical.choice, Quot.sound]
info: NLA/IE06/SpectralRecursionScalars.lean:176:0: 'NLA.IE06.SpectralRecursionScalars.profile_le_linear' depends on axioms: [propext, Classical.choice, Quot.sound]
info: NLA/IE06/SpectralRecursionScalars.lean:178:0: 'NLA.IE06.SpectralRecursionScalars.profile_lt_sqrt' depends on axioms: [propext, Classical.choice, Quot.sound]
info: NLA/IE06/SpectralRecursionScalars.lean:180:0: 'NLA.IE06.SpectralRecursionScalars.baseTheta' depends on axioms: [propext, Classical.choice, Quot.sound]
info: NLA/IE06/SpectralRecursionScalars.lean:182:0: 'NLA.IE06.SpectralRecursionScalars.baseTheta_pos' depends on axioms: [propext, Classical.choice, Quot.sound]
info: NLA/IE06/SpectralRecursionScalars.lean:184:0: 'NLA.IE06.SpectralRecursionScalars.baseTheta_le_one' depends on axioms: [propext, Classical.choice, Quot.sound]
info: NLA/IE06/SpectralRecursionScalars.lean:186:0: 'NLA.IE06.SpectralRecursionScalars.four_exp_one_le_exp_four' depends on axioms: [propext, Classical.choice, Quot.sound]
info: NLA/IE06/SpectralRecursionScalars.lean:188:0: 'NLA.IE06.SpectralRecursionScalars.profile_le_base_threshold' depends on axioms: [propext, Classical.choice, Quot.sound]
info: NLA/IE06/SpectralRecursionScalars.lean:190:0: 'NLA.IE06.SpectralRecursionScalars.base_step_dimension' depends on axioms: [propext, Classical.choice, Quot.sound]
info: NLA/IE06/SpectralRecursionScalars.lean:192:0: 'NLA.IE06.SpectralRecursionScalars.base_exponent_bound' depends on axioms: [propext, Classical.choice, Quot.sound]
info: NLA/IE06/SpectralRecursionScalars.lean:194:0: 'NLA.IE06.SpectralRecursionScalars.base_union_bound' depends on axioms: [propext, Classical.choice, Quot.sound]
info: NLA/IE06/SpectralRecursionScalars.lean:196:0: 'NLA.IE06.SpectralRecursionScalars.profile_recurrence_le' depends on axioms: [propext, Classical.choice, Quot.sound]
info: NLA/IE06/SpectralRecursionScalars.lean:198:0: 'NLA.IE06.SpectralRecursionScalars.sixteen_le_ceil_sqrt' depends on axioms: [propext, Classical.choice, Quot.sound]
ℹ [8734/8767] Built NLA.IE06.GaussianRestriction (10s)
info: NLA/IE06/GaussianRestriction.lean:136:0: 'NLA.IE06.GaussianRestriction.restrictedGaussian' depends on axioms: [propext, Classical.choice, Quot.sound]
info: NLA/IE06/GaussianRestriction.lean:137:0: 'NLA.IE06.GaussianRestriction.restrictedGaussian_probability' depends on axioms: [propext, Classical.choice, Quot.sound]
info: NLA/IE06/GaussianRestriction.lean:138:0: 'NLA.IE06.GaussianRestriction.complete_square' depends on axioms: [propext, Classical.choice, Quot.sound]
info: NLA/IE06/GaussianRestriction.lean:139:0: 'NLA.IE06.GaussianRestriction.set_lintegral_exp_dot' depends on axioms: [propext, Classical.choice, Quot.sound]
info: NLA/IE06/GaussianRestriction.lean:140:0: 'NLA.IE06.GaussianRestriction.restricted_exp_integrable' depends on axioms: [propext, Classical.choice, Quot.sound]
info: NLA/IE06/GaussianRestriction.lean:141:0: 'NLA.IE06.GaussianRestriction.restricted_lintegral_exp_le' depends on axioms: [propext, Classical.choice, Quot.sound]
info: NLA/IE06/GaussianRestriction.lean:142:0: 'NLA.IE06.GaussianRestriction.restricted_mgf_le' depends on axioms: [propext, Classical.choice, Quot.sound]
info: NLA/IE06/GaussianRestriction.lean:143:0: 'NLA.IE06.GaussianRestriction.restricted_directional_subGaussian' depends on axioms: [propext,
 Classical.choice,
 Quot.sound]
info: NLA/IE06/GaussianRestriction.lean:144:0: 'NLA.IE06.GaussianRestriction.restricted_quadratic_tail' depends on axioms: [propext, Classical.choice, Quot.sound]
ℹ [8735/8768] Built NLA.IE06.GaussianDenominator (11s)
info: NLA/IE06/GaussianDenominator.lean:111:0: 'NLA.IE06.gaussian_entryMax_lt_one_eventually' depends on axioms: [propext, Classical.choice, Quot.sound]
info: NLA/IE06/GaussianDenominator.lean:112:0: 'NLA.IE06.gaussianUnitIntervalMass_bounds' depends on axioms: [propext, Classical.choice, Quot.sound]
info: NLA/IE06/GaussianDenominator.lean:113:0: 'NLA.IE06.entryMax_lt_one_iff' depends on axioms: [propext, Classical.choice, Quot.sound]
info: NLA/IE06/GaussianDenominator.lean:114:0: 'NLA.IE06.gaussian_entryMax_lt_one_probability' depends on axioms: [propext, Classical.choice, Quot.sound]
ℹ [8736/8768] Built NLA.IE06.GaussianDeterminantMoments (12s)
info: NLA/IE06/GaussianDeterminantMoments.lean:107:0: 'NLA.IE06.GaussianDeterminantMoments.gaussian_inverse_gram_det_moment' depends on axioms: [propext,
 Classical.choice,
 Quot.sound]
ℹ [8737/8769] Built NLA.IE06.GrowthEvents (12s)
info: NLA/IE06/GrowthEvents.lean:82:0: 'NLA.IE06.exceedanceEvent_measure_eq_selected' depends on axioms: [propext, Classical.choice, Quot.sound]
info: NLA/IE06/GrowthEvents.lean:83:0: 'NLA.IE06.exceedanceEvent_measure_le_raw_add_exact_normalization' depends on axioms: [propext,
 Classical.choice,
 Quot.sound]
ℹ [8738/8769] Built NLA.IE06.GaussianOperatorInverse (20s)
info: NLA/IE06/GaussianOperatorInverse.lean:370:0: 'NLA.IE06.GaussianOperatorInverse.inverse_gram_opNorm_moment' depends on axioms: [propext, Classical.choice, Quot.sound]
info: NLA/IE06/GaussianOperatorInverse.lean:371:0: 'NLA.IE06.GaussianOperatorInverse.gaussian_pinv_tail' depends on axioms: [propext, Classical.choice, Quot.sound]
ℹ [8739/8769] Built NLA.IE06.SpectralStacking (33s)
info: NLA/IE06/SpectralStacking.lean:395:0: 'NLA.IE06.SpectralStacking.singular_lower_of_subspace' depends on axioms: [propext, Classical.choice, Quot.sound]
info: NLA/IE06/SpectralStacking.lean:397:0: 'NLA.IE06.SpectralStacking.norm_le_singularValue_mul_of_mem_trailing' depends on axioms: [propext,
 Classical.choice,
 Quot.sound]
info: NLA/IE06/SpectralStacking.lean:399:0: 'NLA.IE06.SpectralStacking.singularValue_mul_norm_le_of_mem_leading' depends on axioms: [propext,
 Classical.choice,
 Quot.sound]
info: NLA/IE06/SpectralStacking.lean:401:0: 'NLA.IE06.SpectralStacking.adjoint_lower_on_image' depends on axioms: [propext, Classical.choice, Quot.sound]
info: NLA/IE06/SpectralStacking.lean:403:0: 'NLA.IE06.SpectralStacking.adjoint_upper_off_image' depends on axioms: [propext, Classical.choice, Quot.sound]
info: NLA/IE06/SpectralStacking.lean:405:0: 'NLA.IE06.SpectralStacking.injective_of_norm_lower' depends on axioms: [propext, Classical.choice, Quot.sound]
info: NLA/IE06/SpectralStacking.lean:407:0: 'NLA.IE06.SpectralStacking.exists_good_subspace' depends on axioms: [propext, Classical.choice, Quot.sound]
info: NLA/IE06/SpectralStacking.lean:409:0: 'NLA.IE06.SpectralStacking.exists_bounded_rightInverse' depends on axioms: [propext, Classical.choice, Quot.sound]
info: NLA/IE06/SpectralStacking.lean:411:0: 'NLA.IE06.SpectralStacking.projection_comp_adjoint' depends on axioms: [propext, Classical.choice, Quot.sound]
info: NLA/IE06/SpectralStacking.lean:413:0: 'NLA.IE06.SpectralStacking.projection_norm_le_of_adjoint' depends on axioms: [propext, Classical.choice, Quot.sound]
info: NLA/IE06/SpectralStacking.lean:415:0: 'NLA.IE06.SpectralStacking.exists_lifted_subspace' depends on axioms: [propext, Classical.choice, Quot.sound]
info: NLA/IE06/SpectralStacking.lean:417:0: 'NLA.IE06.SpectralStacking.norm_stack_sq' depends on axioms: [propext, Classical.choice, Quot.sound]
info: NLA/IE06/SpectralStacking.lean:419:0: 'NLA.IE06.SpectralStacking.norm_map_of_orthonormal_columns' depends on axioms: [propext, Classical.choice, Quot.sound]
info: NLA/IE06/SpectralStacking.lean:421:0: 'NLA.IE06.SpectralStacking.spectral_stacking' depends on axioms: [propext, Classical.choice, Quot.sound]
ℹ [8740/8771] Built NLA.IE06.GaussianPivotConditioning (27s)
info: NLA/IE06/GaussianPivotConditioning.lean:1192:0: 'NLA.IE06.GaussianPivotConditioning.rowLabels' depends on axioms: [propext, Classical.choice, Quot.sound]
info: NLA/IE06/GaussianPivotConditioning.lean:1193:0: 'NLA.IE06.GaussianPivotConditioning.rowLabels_succ' depends on axioms: [propext, Classical.choice, Quot.sound]
info: NLA/IE06/GaussianPivotConditioning.lean:1194:0: 'NLA.IE06.GaussianPivotConditioning.rowLabels_prefix_congr' depends on axioms: [propext, Classical.choice, Quot.sound]
info: NLA/IE06/GaussianPivotConditioning.lean:1195:0: 'NLA.IE06.GaussianPivotConditioning.rowLabels_earlier' depends on axioms: [propext, Classical.choice, Quot.sound]
info: NLA/IE06/GaussianPivotConditioning.lean:1196:0: 'NLA.IE06.GaussianPivotConditioning.pivotOrder' depends on axioms: [propext, Classical.choice, Quot.sound]
info: NLA/IE06/GaussianPivotConditioning.lean:1197:0: 'NLA.IE06.GaussianPivotConditioning.pivotOrder_stage' depends on axioms: [propext, Classical.choice, Quot.sound]
info: NLA/IE06/GaussianPivotConditioning.lean:1198:0: 'NLA.IE06.GaussianPivotConditioning.pivotOrder_columns_congr' depends on axioms: [propext, Classical.choice, Quot.sound]
info: NLA/IE06/GaussianPivotConditioning.lean:1199:0: 'NLA.IE06.GaussianPivotConditioning.measurable_pivotOrder_coordinate' depends on axioms: [propext,
 Classical.choice,
 Quot.sound]
info: NLA/IE06/GaussianPivotConditioning.lean:1200:0: 'NLA.IE06.GaussianPivotConditioning.orderEvent' depends on axioms: [propext, Classical.choice, Quot.sound]
info: NLA/IE06/GaussianPivotConditioning.lean:1201:0: 'NLA.IE06.GaussianPivotConditioning.measurableSet_orderEvent' depends on axioms: [propext, Classical.choice, Quot.sound]
info: NLA/IE06/GaussianPivotConditioning.lean:1202:0: 'NLA.IE06.GaussianPivotConditioning.orderEvent_partition' depends on axioms: [propext, Classical.choice, Quot.sound]
info: NLA/IE06/GaussianPivotConditioning.lean:1203:0: 'NLA.IE06.GaussianPivotConditioning.orderEvent_disjoint' depends on axioms: [propext, Classical.choice, Quot.sound]
info: NLA/IE06/GaussianPivotConditioning.lean:1204:0: 'NLA.IE06.GaussianPivotConditioning.RemainingRows' does not depend on any axioms
info: NLA/IE06/GaussianPivotConditioning.lean:1205:0: 'NLA.IE06.GaussianPivotConditioning.prefixRows' depends on axioms: [propext, Classical.choice, Quot.sound]
info: NLA/IE06/GaussianPivotConditioning.lean:1206:0: 'NLA.IE06.GaussianPivotConditioning.selectedBlock' depends on axioms: [propext, Classical.choice, Quot.sound]
info: NLA/IE06/GaussianPivotConditioning.lean:1207:0: 'NLA.IE06.GaussianPivotConditioning.remainingBlock' depends on axioms: [propext, Classical.choice, Quot.sound]
info: NLA/IE06/GaussianPivotConditioning.lean:1208:0: 'NLA.IE06.GaussianPivotConditioning.gaussian_coordinates_map' depends on axioms: [propext, Classical.choice, Quot.sound]
info: NLA/IE06/GaussianPivotConditioning.lean:1209:0: 'NLA.IE06.GaussianPivotConditioning.gaussian_prefixRows_map' depends on axioms: [propext, Classical.choice, Quot.sound]
info: NLA/IE06/GaussianPivotConditioning.lean:1210:0: 'NLA.IE06.GaussianPivotConditioning.fixed_blocks_joint_law' depends on axioms: [propext, Classical.choice, Quot.sound]
info: NLA/IE06/GaussianPivotConditioning.lean:1211:0: 'NLA.IE06.GaussianPivotConditioning.upperRow' depends on axioms: [propext, Classical.choice, Quot.sound]
info: NLA/IE06/GaussianPivotConditioning.lean:1212:0: 'NLA.IE06.GaussianPivotConditioning.pivotValue' depends on axioms: [propext, Classical.choice, Quot.sound]
info: NLA/IE06/GaussianPivotConditioning.lean:1213:0: 'NLA.IE06.GaussianPivotConditioning.residualMap' depends on axioms: [propext, Classical.choice, Quot.sound]
info: NLA/IE06/GaussianPivotConditioning.lean:1214:0: 'NLA.IE06.GaussianPivotConditioning.multiplier' depends on axioms: [propext, Classical.choice, Quot.sound]
info: NLA/IE06/GaussianPivotConditioning.lean:1215:0: 'NLA.IE06.GaussianPivotConditioning.residualMap_succ' depends on axioms: [propext, Classical.choice, Quot.sound]
info: NLA/IE06/GaussianPivotConditioning.lean:1216:0: 'NLA.IE06.GaussianPivotConditioning.truncationBody' depends on axioms: [propext, Classical.choice, Quot.sound]
info: NLA/IE06/GaussianPivotConditioning.lean:1217:0: 'NLA.IE06.GaussianPivotConditioning.strictTruncationBody' depends on axioms: [propext, Classical.choice, Quot.sound]
info: NLA/IE06/GaussianPivotConditioning.lean:1218:0: 'NLA.IE06.GaussianPivotConditioning.truncationBody_closed' depends on axioms: [propext, Classical.choice, Quot.sound]
info: NLA/IE06/GaussianPivotConditioning.lean:1219:0: 'NLA.IE06.GaussianPivotConditioning.truncationBody_convex' depends on axioms: [propext, Classical.choice, Quot.sound]
info: NLA/IE06/GaussianPivotConditioning.lean:1220:0: 'NLA.IE06.GaussianPivotConditioning.truncationBody_symmetric' depends on axioms: [propext, Classical.choice, Quot.sound]
info: NLA/IE06/GaussianPivotConditioning.lean:1221:0: 'NLA.IE06.GaussianPivotConditioning.strictTruncationBody_open' depends on axioms: [propext,
 Classical.choice,
 Quot.sound]
info: NLA/IE06/GaussianPivotConditioning.lean:1222:0: 'NLA.IE06.GaussianPivotConditioning.zero_mem_strictTruncationBody' depends on axioms: [propext,
 Classical.choice,
 Quot.sound]
info: NLA/IE06/GaussianPivotConditioning.lean:1223:0: 'NLA.IE06.GaussianPivotConditioning.strictTruncationBody_subset' depends on axioms: [propext,
 Classical.choice,
 Quot.sound]
info: NLA/IE06/GaussianPivotConditioning.lean:1224:0: 'NLA.IE06.GaussianPivotConditioning.measurable_upperRow' depends on axioms: [propext, Classical.choice, Quot.sound]
info: NLA/IE06/GaussianPivotConditioning.lean:1225:0: 'NLA.IE06.GaussianPivotConditioning.measurable_pivotValue' depends on axioms: [propext, Classical.choice, Quot.sound]
info: NLA/IE06/GaussianPivotConditioning.lean:1226:0: 'NLA.IE06.GaussianPivotConditioning.measurable_residualMap_apply' depends on axioms: [propext,
 Classical.choice,
 Quot.sound]
info: NLA/IE06/GaussianPivotConditioning.lean:1227:0: 'NLA.IE06.GaussianPivotConditioning.measurable_multiplier' depends on axioms: [propext, Classical.choice, Quot.sound]
info: NLA/IE06/GaussianPivotConditioning.lean:1228:0: 'NLA.IE06.GaussianPivotConditioning.measurableSet_truncationBody_joint' depends on axioms: [propext,
 Classical.choice,
 Quot.sound]
info: NLA/IE06/GaussianPivotConditioning.lean:1229:0: 'NLA.IE06.GaussianPivotConditioning.gaussianVector_open_positive' depends on axioms: [propext,
 Classical.choice,
 Quot.sound]
info: NLA/IE06/GaussianPivotConditioning.lean:1230:0: 'NLA.IE06.GaussianPivotConditioning.truncationBody_mass_pos' depends on axioms: [propext, Classical.choice, Quot.sound]
info: NLA/IE06/GaussianPivotConditioning.lean:1231:0: 'NLA.IE06.GaussianPivotConditioning.linear_nonzero_level_null' depends on axioms: [propext,
 Classical.choice,
 Quot.sound]
info: NLA/IE06/GaussianPivotConditioning.lean:1232:0: 'NLA.IE06.GaussianPivotConditioning.truncationBody_boundary_null' depends on axioms: [propext,
 Classical.choice,
 Quot.sound]
info: NLA/IE06/GaussianPivotConditioning.lean:1233:0: 'NLA.IE06.GaussianPivotConditioning.remainingRows_card' depends on axioms: [propext, Classical.choice, Quot.sound]
info: NLA/IE06/GaussianPivotConditioning.lean:1234:0: 'NLA.IE06.GaussianPivotConditioning.product_restriction_normalized' depends on axioms: [propext,
 Classical.choice,
 Quot.sound]
info: NLA/IE06/GaussianPivotConditioning.lean:1235:0: 'NLA.IE06.GaussianPivotConditioning.product_restriction_lintegral' depends on axioms: [propext,
 Classical.choice,
 Quot.sound]
info: NLA/IE06/GaussianPivotConditioning.lean:1236:0: 'NLA.IE06.GaussianPivotConditioning.fiber_directional_subGaussian' depends on axioms: [propext,
 Classical.choice,
 Quot.sound]
info: NLA/IE06/GaussianPivotConditioning.lean:1237:0: 'NLA.IE06.GaussianPivotConditioning.fiber_quadratic_tail' depends on axioms: [propext, Classical.choice, Quot.sound]
info: NLA/IE06/GaussianPivotConditioning.lean:1238:0: 'NLA.IE06.GaussianPivotConditioning.residualMap_row_eq_trajectory' depends on axioms: [propext,
 Classical.choice,
 Quot.sound]
info: NLA/IE06/GaussianPivotConditioning.lean:1239:0: 'NLA.IE06.GaussianPivotConditioning.measurable_truncationBody_mass' depends on axioms: [propext,
 Classical.choice,
 Quot.sound]
info: NLA/IE06/GaussianPivotConditioning.lean:1240:0: 'NLA.IE06.GaussianPivotConditioning.trajectory_prefix_residual' depends on axioms: [propext,
 Classical.choice,
 Quot.sound]
info: NLA/IE06/GaussianPivotConditioning.lean:1241:0: 'NLA.IE06.GaussianPivotConditioning.firstTrajectory_prefix_residual' depends on axioms: [propext,
 Classical.choice,
 Quot.sound]
info: NLA/IE06/GaussianPivotConditioning.lean:1242:0: 'NLA.IE06.GaussianPivotConditioning.multiplier_apply' depends on axioms: [propext, Classical.choice, Quot.sound]
info: NLA/IE06/GaussianPivotConditioning.lean:1243:0: 'NLA.IE06.GaussianPivotConditioning.unselected_position_active' depends on axioms: [propext,
 Classical.choice,
 Quot.sound]
info: NLA/IE06/GaussianPivotConditioning.lean:1244:0: 'NLA.IE06.GaussianPivotConditioning.firstTrajectory_pivot_entry' depends on axioms: [propext,
 Classical.choice,
 Quot.sound]
info: NLA/IE06/GaussianPivotConditioning.lean:1245:0: 'NLA.IE06.GaussianPivotConditioning.actual_remaining_mem_truncationBody' depends on axioms: [propext,
 Classical.choice,
 Quot.sound]
info: NLA/IE06/GaussianPivotConditioning.lean:1246:0: 'NLA.IE06.GaussianPivotConditioning.Good' depends on axioms: [propext, Classical.choice, Quot.sound]
info: NLA/IE06/GaussianPivotConditioning.lean:1247:0: 'NLA.IE06.GaussianPivotConditioning.measurableSet_good' depends on axioms: [propext, Classical.choice, Quot.sound]
info: NLA/IE06/GaussianPivotConditioning.lean:1248:0: 'NLA.IE06.GaussianPivotConditioning.selected_label_position' depends on axioms: [propext, Classical.choice, Quot.sound]
info: NLA/IE06/GaussianPivotConditioning.lean:1249:0: 'NLA.IE06.GaussianPivotConditioning.strict_fiber_implies_order' depends on axioms: [propext,
 Classical.choice,
 Quot.sound]
info: NLA/IE06/GaussianPivotConditioning.lean:1250:0: 'NLA.IE06.GaussianPivotConditioning.actual_good_of_nonsingular_separated' depends on axioms: [propext,
 Classical.choice,
 Quot.sound]
info: NLA/IE06/GaussianPivotConditioning.lean:1251:0: 'NLA.IE06.GaussianPivotConditioning.actual_good_ae' depends on axioms: [propext, Classical.choice, Quot.sound]
info: NLA/IE06/GaussianPivotConditioning.lean:1252:0: 'NLA.IE06.GaussianPivotConditioning.measurableSet_strictTruncationBody_joint' depends on axioms: [propext,
 Classical.choice,
 Quot.sound]
info: NLA/IE06/GaussianPivotConditioning.lean:1253:0: 'NLA.IE06.GaussianPivotConditioning.measurableSet_product_body' depends on axioms: [propext,
 Classical.choice,
 Quot.sound]
info: NLA/IE06/GaussianPivotConditioning.lean:1254:0: 'NLA.IE06.GaussianPivotConditioning.measurableSet_product_strict_body' depends on axioms: [propext,
 Classical.choice,
 Quot.sound]
info: NLA/IE06/GaussianPivotConditioning.lean:1255:0: 'NLA.IE06.GaussianPivotConditioning.product_body_strict_ae' depends on axioms: [propext, Classical.choice, Quot.sound]
info: NLA/IE06/GaussianPivotConditioning.lean:1256:0: 'NLA.IE06.GaussianPivotConditioning.fiberRegion' depends on axioms: [propext, Classical.choice, Quot.sound]
info: NLA/IE06/GaussianPivotConditioning.lean:1257:0: 'NLA.IE06.GaussianPivotConditioning.measurableSet_fiberRegion' depends on axioms: [propext,
 Classical.choice,
 Quot.sound]
info: NLA/IE06/GaussianPivotConditioning.lean:1258:0: 'NLA.IE06.GaussianPivotConditioning.measurable_fixed_blocks' depends on axioms: [propext, Classical.choice, Quot.sound]
info: NLA/IE06/GaussianPivotConditioning.lean:1259:0: 'NLA.IE06.GaussianPivotConditioning.orderEvent_ae_eq_fiber' depends on axioms: [propext, Classical.choice, Quot.sound]
info: NLA/IE06/GaussianPivotConditioning.lean:1260:0: 'NLA.IE06.GaussianPivotConditioning.fixed_order_restricted_law' depends on axioms: [propext,
 Classical.choice,
 Quot.sound]
info: NLA/IE06/GaussianPivotConditioning.lean:1261:0: 'NLA.IE06.GaussianPivotConditioning.fixed_order_lintegral' depends on axioms: [propext, Classical.choice, Quot.sound]
info: NLA/IE06/GaussianPivotConditioning.lean:1262:0: 'NLA.IE06.GaussianPivotConditioning.orderWeight' depends on axioms: [propext, Classical.choice, Quot.sound]
info: NLA/IE06/GaussianPivotConditioning.lean:1263:0: 'NLA.IE06.GaussianPivotConditioning.orderEvent_measure' depends on axioms: [propext, Classical.choice, Quot.sound]
info: NLA/IE06/GaussianPivotConditioning.lean:1264:0: 'NLA.IE06.GaussianPivotConditioning.orderWeights_sum_one' depends on axioms: [propext, Classical.choice, Quot.sound]
info: NLA/IE06/GaussianPivotConditioning.lean:1265:0: 'NLA.IE06.GaussianPivotConditioning.adaptive_lintegral_le' depends on axioms: [propext, Classical.choice, Quot.sound]
info: NLA/IE06/GaussianPivotConditioning.lean:1266:0: 'NLA.IE06.GaussianPivotConditioning.adaptive_event_le' depends on axioms: [propext, Classical.choice, Quot.sound]
info: NLA/IE06/GaussianPivotConditioning.lean:1267:0: 'NLA.IE06.GaussianPivotConditioning.upperMatrix' depends on axioms: [propext, Classical.choice, Quot.sound]
info: NLA/IE06/GaussianPivotConditioning.lean:1268:0: 'NLA.IE06.GaussianPivotConditioning.multiplierVector' depends on axioms: [propext, Classical.choice, Quot.sound]
info: NLA/IE06/GaussianPivotConditioning.lean:1269:0: 'NLA.IE06.GaussianPivotConditioning.trajectory_inactive_column' depends on axioms: [propext,
 Classical.choice,
 Quot.sound]
info: NLA/IE06/GaussianPivotConditioning.lean:1270:0: 'NLA.IE06.GaussianPivotConditioning.upperMatrix_triangular' depends on axioms: [propext, Classical.choice, Quot.sound]
info: NLA/IE06/GaussianPivotConditioning.lean:1271:0: 'NLA.IE06.GaussianPivotConditioning.upperMatrix_det_ne_zero' depends on axioms: [propext, Classical.choice, Quot.sound]
info: NLA/IE06/GaussianPivotConditioning.lean:1272:0: 'NLA.IE06.GaussianPivotConditioning.residualMap_earlier_zero' depends on axioms: [propext, Classical.choice, Quot.sound]
info: NLA/IE06/GaussianPivotConditioning.lean:1273:0: 'NLA.IE06.GaussianPivotConditioning.residualMap_terminal_zero' depends on axioms: [propext,
 Classical.choice,
 Quot.sound]
info: NLA/IE06/GaussianPivotConditioning.lean:1274:0: 'NLA.IE06.GaussianPivotConditioning.residualMap_telescoping' depends on axioms: [propext, Classical.choice, Quot.sound]
info: NLA/IE06/GaussianPivotConditioning.lean:1275:0: 'NLA.IE06.GaussianPivotConditioning.multiplierVector_vecMul_upper' depends on axioms: [propext,
 Classical.choice,
 Quot.sound]
info: NLA/IE06/GaussianPivotConditioning.lean:1276:0: 'NLA.IE06.GaussianPivotConditioning.multiplierVector_eq_vecMul_inv' depends on axioms: [propext,
 Classical.choice,
 Quot.sound]
info: NLA/IE06/GaussianPivotConditioning.lean:1277:0: 'NLA.IE06.GaussianPivotConditioning.truncationBody_eq_inverse_upper' depends on axioms: [propext,
 Classical.choice,
 Quot.sound]
ℹ [8741/8771] Built NLA.IE06.GaussianEliminationTail (10s)
info: NLA/IE06/GaussianEliminationTail.lean:187:0: 'NLA.IE06.GaussianEliminationTail.guarded_raw_tail' depends on axioms: [propext, Classical.choice, Quot.sound]
info: NLA/IE06/GaussianEliminationTail.lean:188:0: 'NLA.IE06.GaussianEliminationTail.normalized_tail_transfer' depends on axioms: [propext, Classical.choice, Quot.sound]
info: NLA/IE06/GaussianEliminationTail.lean:191:0: 'NLA.IE06.GaussianEliminationTail.stage_column_tail' depends on axioms: [propext, Classical.choice, Quot.sound]
ℹ [8742/8771] Built NLA.IE06.GaussianPrincipalMoments (13s)
info: NLA/IE06/GaussianPrincipalMoments.lean:275:0: 'NLA.IE06.GaussianPrincipalMoments.gaussian_detRatio_moment' depends on axioms: [propext, Classical.choice, Quot.sound]
info: NLA/IE06/GaussianPrincipalMoments.lean:276:0: 'NLA.IE06.GaussianPrincipalMoments.gaussian_principal_inverse_det_moment' depends on axioms: [propext,
 Classical.choice,
 Quot.sound]
info: NLA/IE06/GaussianPrincipalMoments.lean:277:0: 'NLA.IE06.GaussianPrincipalMoments.gaussian_principal_submatrix_moment' depends on axioms: [propext,
 Classical.choice,
 Quot.sound]
info: NLA/IE06/GaussianPrincipalMoments.lean:278:0: 'NLA.IE06.GaussianPrincipalMoments.gaussian_principal_subset_moment' depends on axioms: [propext,
 Classical.choice,
 Quot.sound]
ℹ [8743/8771] Built NLA.IE06.FinalGrowthScalars (15s)
info: NLA/IE06/FinalGrowthScalars.lean:204:0: 'NLA.IE06.FinalGrowthScalars.cap' depends on axioms: [propext, Classical.choice, Quot.sound]
info: NLA/IE06/FinalGrowthScalars.lean:206:0: 'NLA.IE06.FinalGrowthScalars.coefficient' depends on axioms: [propext, Classical.choice, Quot.sound]
info: NLA/IE06/FinalGrowthScalars.lean:208:0: 'NLA.IE06.FinalGrowthScalars.constant' depends on axioms: [propext, Classical.choice, Quot.sound]
info: NLA/IE06/FinalGrowthScalars.lean:210:0: 'NLA.IE06.FinalGrowthScalars.constant_pos' depends on axioms: [propext, Classical.choice, Quot.sound]
info: NLA/IE06/FinalGrowthScalars.lean:212:0: 'NLA.IE06.FinalGrowthScalars.ceil_bounds' depends on axioms: [propext, Classical.choice, Quot.sound]
info: NLA/IE06/FinalGrowthScalars.lean:214:0: 'NLA.IE06.FinalGrowthScalars.exp_sq' depends on axioms: [propext, Classical.choice, Quot.sound]
info: NLA/IE06/FinalGrowthScalars.lean:216:0: 'NLA.IE06.FinalGrowthScalars.first_factor_le' depends on axioms: [propext, Classical.choice, Quot.sound]
info: NLA/IE06/FinalGrowthScalars.lean:218:0: 'NLA.IE06.FinalGrowthScalars.smoothing_factor_le' depends on axioms: [propext, Classical.choice, Quot.sound]
info: NLA/IE06/FinalGrowthScalars.lean:220:0: 'NLA.IE06.FinalGrowthScalars.two_power_le' depends on axioms: [propext, Classical.choice, Quot.sound]
info: NLA/IE06/FinalGrowthScalars.lean:222:0: 'NLA.IE06.FinalGrowthScalars.cap_nonneg' depends on axioms: [propext, Classical.choice, Quot.sound]
info: NLA/IE06/FinalGrowthScalars.lean:224:0: 'NLA.IE06.FinalGrowthScalars.real_absorption' depends on axioms: [propext, Classical.choice, Quot.sound]
info: NLA/IE06/FinalGrowthScalars.lean:226:0: 'NLA.IE06.FinalGrowthScalars.log_absorption' depends on axioms: [propext, Classical.choice, Quot.sound]
info: NLA/IE06/FinalGrowthScalars.lean:228:0: 'NLA.IE06.FinalGrowthScalars.eventual_absorption' depends on axioms: [propext, Classical.choice, Quot.sound]
ℹ [8744/8771] Built NLA.IE06.FinalFailureScalars (11s)
info: NLA/IE06/FinalFailureScalars.lean:88:0: 'NLA.IE06.FinalFailureScalars.shifted_exp_eq_div' depends on axioms: [propext, Classical.choice, Quot.sound]
info: NLA/IE06/FinalFailureScalars.lean:89:0: 'NLA.IE06.FinalFailureScalars.real_budget' depends on axioms: [propext, Classical.choice, Quot.sound]
info: NLA/IE06/FinalFailureScalars.lean:90:0: 'NLA.IE06.FinalFailureScalars.failure_budget_eventually' depends on axioms: [propext, Classical.choice, Quot.sound]
ℹ [8745/8771] Built NLA.IE06.Reduction (10s)
info: NLA/IE06/Reduction.lean:81:0: 'NLA.IE06.subpower_threshold_le_proved' depends on axioms: [propext, Classical.choice, Quot.sound]
info: NLA/IE06/Reduction.lean:82:0: 'NLA.IE06.subpower_threshold_eventually_le_proved' depends on axioms: [propext, Classical.choice, Quot.sound]
info: NLA/IE06/Reduction.lean:83:0: 'NLA.IE06.squareRootUpperBound_of_schurSubpolynomialTail_proved' depends on axioms: [propext,
 Classical.choice,
 Quot.sound]
ℹ [8746/8772] Built NLA.IE06.GaussianCompression (21s)
info: NLA/IE06/GaussianCompression.lean:91:0: 'NLA.IE06.GaussianCompression.stdGaussian_adjoint' depends on axioms: [propext, Classical.choice, Quot.sound]
info: NLA/IE06/GaussianCompression.lean:92:0: 'NLA.IE06.GaussianCompression.compress_measurePreserving' depends on axioms: [propext, Classical.choice, Quot.sound]
ℹ [8747/8773] Built NLA.IE06.GaussianOvercrowdingSpectral (22s)
info: NLA/IE06/GaussianOvercrowdingSpectral.lean:231:0: 'NLA.IE06.GaussianOvercrowdingSpectral.singularValue_le_of_norm_le' depends on axioms: [propext,
 Classical.choice,
 Quot.sound]
info: NLA/IE06/GaussianOvercrowdingSpectral.lean:233:0: 'NLA.IE06.GaussianOvercrowdingSpectral.row_restriction_norm_le' depends on axioms: [propext,
 Classical.choice,
 Quot.sound]
info: NLA/IE06/GaussianOvercrowdingSpectral.lean:235:0: 'NLA.IE06.GaussianOvercrowdingSpectral.singularValue_rows_le' depends on axioms: [propext, Classical.choice, Quot.sound]
info: NLA/IE06/GaussianOvercrowdingSpectral.lean:237:0: 'NLA.IE06.GaussianOvercrowdingSpectral.eigenvalue_lower_of_subspace' depends on axioms: [propext,
 Classical.choice,
 Quot.sound]
info: NLA/IE06/GaussianOvercrowdingSpectral.lean:239:0: 'NLA.IE06.GaussianOvercrowdingSpectral.inverse_gram_quadratic_lower' depends on axioms: [propext,
 Classical.choice,
 Quot.sound]
info: NLA/IE06/GaussianOvercrowdingSpectral.lean:241:0: 'NLA.IE06.GaussianOvercrowdingSpectral.sortedEigenvalues' depends on axioms: [propext, Classical.choice, Quot.sound]
info: NLA/IE06/GaussianOvercrowdingSpectral.lean:243:0: 'NLA.IE06.GaussianOvercrowdingSpectral.charpoly_eq_diagonal_sorted' depends on axioms: [propext,
 Classical.choice,
 Quot.sound]
info: NLA/IE06/GaussianOvercrowdingSpectral.lean:245:0: 'NLA.IE06.GaussianOvercrowdingSpectral.sum_principal_minors_eq_eigen_products' depends on axioms: [propext,
 Classical.choice,
 Quot.sound]
info: NLA/IE06/GaussianOvercrowdingSpectral.lean:247:0: 'NLA.IE06.GaussianOvercrowdingSpectral.inverse_gram_eigenvalue_lower' depends on axioms: [propext,
 Classical.choice,
 Quot.sound]
info: NLA/IE06/GaussianOvercrowdingSpectral.lean:249:0: 'NLA.IE06.GaussianOvercrowdingSpectral.exists_large_principal_minor' depends on axioms: [propext,
 Classical.choice,
 Quot.sound]
info: NLA/IE06/GaussianOvercrowdingSpectral.lean:251:0: 'NLA.IE06.GaussianOvercrowdingSpectral.singular_event_implies_large_inverse_gram_minor' depends on axioms: [propext,
 Classical.choice,
 Quot.sound]
ℹ [8748/8773] Built NLA.IE06.GaussianPrincipalTail (9.1s)
info: NLA/IE06/GaussianPrincipalTail.lean:99:0: 'NLA.IE06.GaussianPrincipalTail.principal_union_tail' depends on axioms: [propext, Classical.choice, Quot.sound]
ℹ [8749/8773] Built NLA.IE06.KyFan (25s)
info: NLA/IE06/KyFan.lean:340:0: 'NLA.IE06.KyFan.frobeniusNorm' depends on axioms: [propext, Classical.choice, Quot.sound]
info: NLA/IE06/KyFan.lean:342:0: 'NLA.IE06.KyFan.frobeniusNorm_eq_sqrt_sq' depends on axioms: [propext, Classical.choice, Quot.sound]
info: NLA/IE06/KyFan.lean:344:0: 'NLA.IE06.KyFan.frobeniusNorm_eq_norm' depends on axioms: [propext, Classical.choice, Quot.sound]
info: NLA/IE06/KyFan.lean:346:0: 'NLA.IE06.KyFan.frobeniusNorm_nonneg' depends on axioms: [propext, Classical.choice, Quot.sound]
info: NLA/IE06/KyFan.lean:348:0: 'NLA.IE06.KyFan.frobeniusNorm_sq' depends on axioms: [propext, Classical.choice, Quot.sound]
info: NLA/IE06/KyFan.lean:350:0: 'NLA.IE06.KyFan.entries' depends on axioms: [propext, Classical.choice, Quot.sound]
info: NLA/IE06/KyFan.lean:352:0: 'NLA.IE06.KyFan.norm_entries' depends on axioms: [propext, Classical.choice, Quot.sound]
info: NLA/IE06/KyFan.lean:354:0: 'NLA.IE06.KyFan.frobeniusNorm_conjTranspose' depends on axioms: [propext, Classical.choice, Quot.sound]
info: NLA/IE06/KyFan.lean:356:0: 'NLA.IE06.KyFan.opNorm_conjTranspose' depends on axioms: [propext, Classical.choice, Quot.sound]
info: NLA/IE06/KyFan.lean:358:0: 'NLA.IE06.KyFan.frobeniusNorm_sq_columns' depends on axioms: [propext, Classical.choice, Quot.sound]
info: NLA/IE06/KyFan.lean:360:0: 'NLA.IE06.KyFan.frobeniusNorm_mul_left' depends on axioms: [propext, Classical.choice, Quot.sound]
info: NLA/IE06/KyFan.lean:362:0: 'NLA.IE06.KyFan.frobeniusNorm_mul_right' depends on axioms: [propext, Classical.choice, Quot.sound]
info: NLA/IE06/KyFan.lean:364:0: 'NLA.IE06.KyFan.frobeniusNorm_one' depends on axioms: [propext, Classical.choice, Quot.sound]
info: NLA/IE06/KyFan.lean:366:0: 'NLA.IE06.KyFan.frobeniusNorm_le_sqrt_rows_opNorm' depends on axioms: [propext, Classical.choice, Quot.sound]
info: NLA/IE06/KyFan.lean:368:0: 'NLA.IE06.KyFan.contractionValues' depends on axioms: [propext, Classical.choice, Quot.sound]
info: NLA/IE06/KyFan.lean:370:0: 'NLA.IE06.KyFan.kyFan' depends on axioms: [propext, Classical.choice, Quot.sound]
info: NLA/IE06/KyFan.lean:372:0: 'NLA.IE06.KyFan.contractionValues_nonempty' depends on axioms: [propext, Classical.choice, Quot.sound]
info: NLA/IE06/KyFan.lean:374:0: 'NLA.IE06.KyFan.contraction_frobenius_le' depends on axioms: [propext, Classical.choice, Quot.sound]
info: NLA/IE06/KyFan.lean:376:0: 'NLA.IE06.KyFan.contractionValues_bddAbove' depends on axioms: [propext, Classical.choice, Quot.sound]
info: NLA/IE06/KyFan.lean:378:0: 'NLA.IE06.KyFan.contraction_le_kyFan' depends on axioms: [propext, Classical.choice, Quot.sound]
info: NLA/IE06/KyFan.lean:380:0: 'NLA.IE06.KyFan.kyFan_le_sqrt_mul_opNorm' depends on axioms: [propext, Classical.choice, Quot.sound]
info: NLA/IE06/KyFan.lean:382:0: 'NLA.IE06.KyFan.kyFan_nonneg' depends on axioms: [propext, Classical.choice, Quot.sound]
info: NLA/IE06/KyFan.lean:384:0: 'NLA.IE06.KyFan.kyFan_zero' depends on axioms: [propext, Classical.choice, Quot.sound]
info: NLA/IE06/KyFan.lean:386:0: 'NLA.IE06.KyFan.kyFan_le_add' depends on axioms: [propext, Classical.choice, Quot.sound]
info: NLA/IE06/KyFan.lean:388:0: 'NLA.IE06.KyFan.kyFan_abs_sub_le' depends on axioms: [propext, Classical.choice, Quot.sound]
info: NLA/IE06/KyFan.lean:390:0: 'NLA.IE06.KyFan.kyFan_mul_abs_sub_le' depends on axioms: [propext, Classical.choice, Quot.sound]
info: NLA/IE06/KyFan.lean:392:0: 'NLA.IE06.KyFan.rowMatrix' depends on axioms: [propext, Classical.choice, Quot.sound]
info: NLA/IE06/KyFan.lean:394:0: 'NLA.IE06.KyFan.rowMatrix_apply' depends on axioms: [propext, Classical.choice, Quot.sound]
info: NLA/IE06/KyFan.lean:396:0: 'NLA.IE06.KyFan.rowMatrix_contraction' depends on axioms: [propext, Classical.choice, Quot.sound]
info: NLA/IE06/KyFan.lean:398:0: 'NLA.IE06.KyFan.rowMatrix_mul_row' depends on axioms: [propext, Classical.choice, Quot.sound]
info: NLA/IE06/KyFan.lean:400:0: 'NLA.IE06.KyFan.frobeniusNorm_sq_rowMatrix_mul' depends on axioms: [propext, Classical.choice, Quot.sound]
info: NLA/IE06/KyFan.lean:402:0: 'NLA.IE06.KyFan.adjoint_leftSingularVector' depends on axioms: [propext, Classical.choice, Quot.sound]
info: NLA/IE06/KyFan.lean:404:0: 'NLA.IE06.KyFan.sqrt_mul_singularValue_le_kyFan' depends on axioms: [propext, Classical.choice, Quot.sound]
info: NLA/IE06/KyFan.lean:406:0: 'NLA.IE06.KyFan.matrixOfEntries' depends on axioms: [propext, Classical.choice, Quot.sound]
info: NLA/IE06/KyFan.lean:408:0: 'NLA.IE06.KyFan.frobeniusNorm_matrixOfEntries_sub' depends on axioms: [propext, Classical.choice, Quot.sound]
info: NLA/IE06/KyFan.lean:410:0: 'NLA.IE06.KyFan.kyFan_lipschitz' depends on axioms: [propext, Classical.choice, Quot.sound]
info: NLA/IE06/KyFan.lean:412:0: 'NLA.IE06.KyFan.kyFan_mul_lipschitz' depends on axioms: [propext, Classical.choice, Quot.sound]
info: NLA/IE06/KyFan.lean:414:0: 'NLA.IE06.KyFan.opNorm_le_frobeniusNorm' depends on axioms: [propext, Classical.choice, Quot.sound]
info: NLA/IE06/KyFan.lean:416:0: 'NLA.IE06.KyFan.opNorm_abs_sub_le_frobeniusNorm' depends on axioms: [propext, Classical.choice, Quot.sound]
info: NLA/IE06/KyFan.lean:418:0: 'NLA.IE06.KyFan.opNorm_mul_lipschitz' depends on axioms: [propext, Classical.choice, Quot.sound]
ℹ [8750/8773] Built NLA.IE06.FiniteNet (8.6s)
info: NLA/IE06/FiniteNet.lean:97:0: 'NLA.IE06.FiniteNet.half_separated_card' depends on axioms: [propext, Classical.choice, Quot.sound]
info: NLA/IE06/FiniteNet.lean:98:0: 'NLA.IE06.FiniteNet.exists_half_net' depends on axioms: [propext, Classical.choice, Quot.sound]
info: NLA/IE06/FiniteNet.lean:99:0: 'NLA.IE06.FiniteNet.opNorm_le_twice' depends on axioms: [propext, Classical.choice, Quot.sound]
ℹ [8751/8773] Built NLA.IE06.KernelFrame (13s)
info: NLA/IE06/KernelFrame.lean:59:0: 'NLA.IE06.KernelFrame.exists_kernel_frame' depends on axioms: [propext, Classical.choice, Quot.sound]
ℹ [8752/8773] Built NLA.IE06.GaussianTruncatedRows (7.5s)
info: NLA/IE06/GaussianTruncatedRows.lean:84:0: 'NLA.IE06.GaussianTruncatedRows.rowEnergy' depends on axioms: [propext, Classical.choice, Quot.sound]
info: NLA/IE06/GaussianTruncatedRows.lean:86:0: 'NLA.IE06.GaussianTruncatedRows.rowEnergy_eq_quadratic' depends on axioms: [propext, Classical.choice, Quot.sound]
info: NLA/IE06/GaussianTruncatedRows.lean:88:0: 'NLA.IE06.GaussianTruncatedRows.frobeniusNorm_sq_eq' depends on axioms: [propext, Classical.choice, Quot.sound]
info: NLA/IE06/GaussianTruncatedRows.lean:90:0: 'NLA.IE06.GaussianTruncatedRows.measurable_rowEnergy' depends on axioms: [propext, Classical.choice, Quot.sound]
info: NLA/IE06/GaussianTruncatedRows.lean:92:0: 'NLA.IE06.GaussianTruncatedRows.single_row_tail' depends on axioms: [propext, Classical.choice, Quot.sound]
info: NLA/IE06/GaussianTruncatedRows.lean:94:0: 'NLA.IE06.GaussianTruncatedRows.coordinate_tail' depends on axioms: [propext, Classical.choice, Quot.sound]
info: NLA/IE06/GaussianTruncatedRows.lean:96:0: 'NLA.IE06.GaussianTruncatedRows.rows_tail' depends on axioms: [propext, Classical.choice, Quot.sound]
ℹ [8753/8773] Built NLA.IE06.GaussianOvercrowding (8.9s)
info: NLA/IE06/GaussianOvercrowding.lean:145:0: 'NLA.IE06.GaussianOvercrowding.gaussian_overcrowding' depends on axioms: [propext, Classical.choice, Quot.sound]
ℹ [8754/8773] Built NLA.IE06.SelectedBlockElimination (9.9s)
info: NLA/IE06/SelectedBlockElimination.lean:283:0: 'NLA.IE06.SelectedBlockElimination.annihilates_of_pivots' depends on axioms: [propext, Classical.choice, Quot.sound]
info: NLA/IE06/SelectedBlockElimination.lean:285:0: 'NLA.IE06.SelectedBlockElimination.det_ne_zero_of_pivots' depends on axioms: [propext, Classical.choice, Quot.sound]
info: NLA/IE06/SelectedBlockElimination.lean:287:0: 'NLA.IE06.SelectedBlockElimination.PrefixNonzero' depends on axioms: [propext, Classical.choice, Quot.sound]
info: NLA/IE06/SelectedBlockElimination.lean:289:0: 'NLA.IE06.SelectedBlockElimination.prefixNonzero_of_det_ne_zero' depends on axioms: [propext,
 Classical.choice,
 Quot.sound]
info: NLA/IE06/SelectedBlockElimination.lean:291:0: 'NLA.IE06.SelectedBlockElimination.prefixNonzero_of_good' depends on axioms: [propext, Classical.choice, Quot.sound]
info: NLA/IE06/SelectedBlockElimination.lean:293:0: 'NLA.IE06.SelectedBlockElimination.selectedBlock_det_ne_zero_of_prefix' depends on axioms: [propext,
 Classical.choice,
 Quot.sound]
info: NLA/IE06/SelectedBlockElimination.lean:295:0: 'NLA.IE06.SelectedBlockElimination.selectedBlock_det_ne_zero' depends on axioms: [propext, Classical.choice, Quot.sound]
info: NLA/IE06/SelectedBlockElimination.lean:297:0: 'NLA.IE06.SelectedBlockElimination.swap_active' depends on axioms: [propext, Classical.choice, Quot.sound]
info: NLA/IE06/SelectedBlockElimination.lean:299:0: 'NLA.IE06.SelectedBlockElimination.remaining_coordinates' depends on axioms: [propext, Classical.choice, Quot.sound]
info: NLA/IE06/SelectedBlockElimination.lean:301:0: 'NLA.IE06.SelectedBlockElimination.active_label_not_selected' depends on axioms: [propext, Classical.choice, Quot.sound]
info: NLA/IE06/SelectedBlockElimination.lean:303:0: 'NLA.IE06.SelectedBlockElimination.row_reconstruction' depends on axioms: [propext, Classical.choice, Quot.sound]
info: NLA/IE06/SelectedBlockElimination.lean:305:0: 'NLA.IE06.SelectedBlockElimination.selected_coefficients_mul' depends on axioms: [propext, Classical.choice, Quot.sound]
info: NLA/IE06/SelectedBlockElimination.lean:307:0: 'NLA.IE06.SelectedBlockElimination.selected_coefficients' depends on axioms: [propext, Classical.choice, Quot.sound]
info: NLA/IE06/SelectedBlockElimination.lean:309:0: 'NLA.IE06.SelectedBlockElimination.row_eq_selected_inverse_of_prefix' depends on axioms: [propext,
 Classical.choice,
 Quot.sound]
info: NLA/IE06/SelectedBlockElimination.lean:311:0: 'NLA.IE06.SelectedBlockElimination.row_eq_selected_inverse' depends on axioms: [propext, Classical.choice, Quot.sound]
info: NLA/IE06/SelectedBlockElimination.lean:313:0: 'NLA.IE06.SelectedBlockElimination.selected_embedding_sq' depends on axioms: [propext, Classical.choice, Quot.sound]
info: NLA/IE06/SelectedBlockElimination.lean:315:0: 'NLA.IE06.SelectedBlockElimination.row_norm_sq_of_prefix' depends on axioms: [propext, Classical.choice, Quot.sound]
info: NLA/IE06/SelectedBlockElimination.lean:317:0: 'NLA.IE06.SelectedBlockElimination.row_norm_sq' depends on axioms: [propext, Classical.choice, Quot.sound]
ℹ [8755/8773] Built NLA.IE06.EliminationSmoothing (14s)
info: NLA/IE06/EliminationSmoothing.lean:143:0: 'NLA.IE06.EliminationSmoothing.cancellation' depends on axioms: [propext, Classical.choice, Quot.sound]
info: NLA/IE06/EliminationSmoothing.lean:144:0: 'NLA.IE06.EliminationSmoothing.cancellation_row_bound' depends on axioms: [propext, Classical.choice, Quot.sound]
info: NLA/IE06/EliminationSmoothing.lean:145:0: 'NLA.IE06.EliminationSmoothing.cancellation_pinv_row_bound' depends on axioms: [propext, Classical.choice, Quot.sound]
ℹ [8756/8773] Built NLA.IE06.TruncatedInverse (15s)
info: NLA/IE06/TruncatedInverse.lean:347:0: 'NLA.IE06.TruncatedInverse.sigmaInvSum' depends on axioms: [propext, Classical.choice, Quot.sound]
info: NLA/IE06/TruncatedInverse.lean:349:0: 'NLA.IE06.TruncatedInverse.sigmaInvSum_nonneg' depends on axioms: [propext, Classical.choice, Quot.sound]
info: NLA/IE06/TruncatedInverse.lean:351:0: 'NLA.IE06.TruncatedInverse.sigmaInvSum_eq_zero_of_le' depends on axioms: [propext, Classical.choice, Quot.sound]
info: NLA/IE06/TruncatedInverse.lean:353:0: 'NLA.IE06.TruncatedInverse.retained_singularValue_ge' depends on axioms: [propext, Classical.choice, Quot.sound]
info: NLA/IE06/TruncatedInverse.lean:355:0: 'NLA.IE06.TruncatedInverse.retained_singularValue_pos' depends on axioms: [propext, Classical.choice, Quot.sound]
info: NLA/IE06/TruncatedInverse.lean:357:0: 'NLA.IE06.TruncatedInverse.frobeniusNorm_sq_eq_sum_basis' depends on axioms: [propext, Classical.choice, Quot.sound]
info: NLA/IE06/TruncatedInverse.lean:359:0: 'NLA.IE06.TruncatedInverse.euclideanMap_injective_of_det_ne_zero' depends on axioms: [propext,
 Classical.choice,
 Quot.sound]
info: NLA/IE06/TruncatedInverse.lean:361:0: 'NLA.IE06.TruncatedInverse.singularValues_pos_of_det_ne_zero' depends on axioms: [propext, Classical.choice, Quot.sound]
info: NLA/IE06/TruncatedInverse.lean:363:0: 'NLA.IE06.TruncatedInverse.leftVectors' depends on axioms: [propext, Classical.choice, Quot.sound]
info: NLA/IE06/TruncatedInverse.lean:365:0: 'NLA.IE06.TruncatedInverse.leftVectors_orthonormal' depends on axioms: [propext, Classical.choice, Quot.sound]
info: NLA/IE06/TruncatedInverse.lean:367:0: 'NLA.IE06.TruncatedInverse.leftBasis' depends on axioms: [propext, Classical.choice, Quot.sound]
info: NLA/IE06/TruncatedInverse.lean:369:0: 'NLA.IE06.TruncatedInverse.leftBasis_apply' depends on axioms: [propext, Classical.choice, Quot.sound]
info: NLA/IE06/TruncatedInverse.lean:371:0: 'NLA.IE06.TruncatedInverse.inverse_apply_leftBasis' depends on axioms: [propext, Classical.choice, Quot.sound]
info: NLA/IE06/TruncatedInverse.lean:373:0: 'NLA.IE06.TruncatedInverse.exists_retained_leftBasis' depends on axioms: [propext, Classical.choice, Quot.sound]
info: NLA/IE06/TruncatedInverse.lean:375:0: 'NLA.IE06.TruncatedInverse.rightVectors' depends on axioms: [propext, Classical.choice, Quot.sound]
info: NLA/IE06/TruncatedInverse.lean:377:0: 'NLA.IE06.TruncatedInverse.rightVectors_orthonormal' depends on axioms: [propext, Classical.choice, Quot.sound]
info: NLA/IE06/TruncatedInverse.lean:379:0: 'NLA.IE06.TruncatedInverse.retainedMatrix' depends on axioms: [propext, Classical.choice, Quot.sound]
info: NLA/IE06/TruncatedInverse.lean:381:0: 'NLA.IE06.TruncatedInverse.retainedMatrix_apply_basis' depends on axioms: [propext, Classical.choice, Quot.sound]
info: NLA/IE06/TruncatedInverse.lean:383:0: 'NLA.IE06.TruncatedInverse.sum_fin_ite_lt' depends on axioms: [propext, Classical.choice, Quot.sound]
info: NLA/IE06/TruncatedInverse.lean:385:0: 'NLA.IE06.TruncatedInverse.retainedMatrix_frobenius_sq' depends on axioms: [propext, Classical.choice, Quot.sound]
info: NLA/IE06/TruncatedInverse.lean:387:0: 'NLA.IE06.TruncatedInverse.badIndex' depends on axioms: [propext, Quot.sound]
info: NLA/IE06/TruncatedInverse.lean:389:0: 'NLA.IE06.TruncatedInverse.badIndex_injective' depends on axioms: [propext, Quot.sound]
info: NLA/IE06/TruncatedInverse.lean:391:0: 'NLA.IE06.TruncatedInverse.badColumns' depends on axioms: [propext, Classical.choice, Quot.sound]
info: NLA/IE06/TruncatedInverse.lean:393:0: 'NLA.IE06.TruncatedInverse.badColumns_conjTranspose' depends on axioms: [propext, Classical.choice, Quot.sound]
info: NLA/IE06/TruncatedInverse.lean:395:0: 'NLA.IE06.TruncatedInverse.badColumns_orthonormal' depends on axioms: [propext, Classical.choice, Quot.sound]
info: NLA/IE06/TruncatedInverse.lean:397:0: 'NLA.IE06.TruncatedInverse.badColumns_apply' depends on axioms: [propext, Classical.choice, Quot.sound]
info: NLA/IE06/TruncatedInverse.lean:399:0: 'NLA.IE06.TruncatedInverse.badProjection_apply_basis' depends on axioms: [propext, Classical.choice, Quot.sound]
info: NLA/IE06/TruncatedInverse.lean:401:0: 'NLA.IE06.TruncatedInverse.retainedMatrix_apply' depends on axioms: [propext, Classical.choice, Quot.sound]
info: NLA/IE06/TruncatedInverse.lean:403:0: 'NLA.IE06.TruncatedInverse.retainedMatrix_opNorm_le' depends on axioms: [propext, Classical.choice, Quot.sound]
info: NLA/IE06/TruncatedInverse.lean:405:0: 'NLA.IE06.TruncatedInverse.mul_retainedMatrix' depends on axioms: [propext, Classical.choice, Quot.sound]
info: NLA/IE06/TruncatedInverse.lean:407:0: 'NLA.IE06.TruncatedInverse.retainedMatrix_mul_badColumns' depends on axioms: [propext, Classical.choice, Quot.sound]
info: NLA/IE06/TruncatedInverse.lean:409:0: 'NLA.IE06.TruncatedInverse.exists_retained_decomposition' depends on axioms: [propext, Classical.choice, Quot.sound]
info: NLA/IE06/TruncatedInverse.lean:411:0: 'NLA.IE06.TruncatedInverse.exists_inverse_decomposition' depends on axioms: [propext, Classical.choice, Quot.sound]
ℹ [8757/8773] Built NLA.IE06.SpectralMeasurability (21s)
info: NLA/IE06/SpectralMeasurability.lean:189:0: 'NLA.IE06.SpectralMeasurability.matrixMeasurable' depends on axioms: [propext, Classical.choice, Quot.sound]
info: NLA/IE06/SpectralMeasurability.lean:190:0: 'NLA.IE06.SpectralMeasurability.matrixBorel' depends on axioms: [propext, Classical.choice, Quot.sound]
info: NLA/IE06/SpectralMeasurability.lean:207:0: 'NLA.IE06.SpectralMeasurability.singularValues_le_add_opNorm' depends on axioms: [propext, Classical.choice, Quot.sound]
info: NLA/IE06/SpectralMeasurability.lean:208:0: 'NLA.IE06.SpectralMeasurability.singularValues_lipschitz' depends on axioms: [propext, Classical.choice, Quot.sound]
info: NLA/IE06/SpectralMeasurability.lean:209:0: 'NLA.IE06.SpectralMeasurability.singularValues_le_of_norm_le' depends on axioms: [propext, Classical.choice, Quot.sound]
info: NLA/IE06/SpectralMeasurability.lean:210:0: 'NLA.IE06.SpectralMeasurability.singularValues_eq_of_norm_eq' depends on axioms: [propext, Classical.choice, Quot.sound]
info: NLA/IE06/SpectralMeasurability.lean:211:0: 'NLA.IE06.SpectralMeasurability.continuous_euclideanMap' depends on axioms: [propext, Classical.choice, Quot.sound]
info: NLA/IE06/SpectralMeasurability.lean:212:0: 'NLA.IE06.SpectralMeasurability.continuous_singularValue' depends on axioms: [propext, Classical.choice, Quot.sound]
info: NLA/IE06/SpectralMeasurability.lean:213:0: 'NLA.IE06.SpectralMeasurability.measurable_singularValue' depends on axioms: [propext, Classical.choice, Quot.sound]
info: NLA/IE06/SpectralMeasurability.lean:214:0: 'NLA.IE06.SpectralMeasurability.continuous_opNorm' depends on axioms: [propext, Classical.choice, Quot.sound]
info: NLA/IE06/SpectralMeasurability.lean:215:0: 'NLA.IE06.SpectralMeasurability.measurable_opNorm' depends on axioms: [propext, Classical.choice, Quot.sound]
info: NLA/IE06/SpectralMeasurability.lean:216:0: 'NLA.IE06.SpectralMeasurability.measurable_frobeniusNorm' depends on axioms: [propext, Classical.choice, Quot.sound]
info: NLA/IE06/SpectralMeasurability.lean:217:0: 'NLA.IE06.SpectralMeasurability.gramInverse' depends on axioms: [propext, Classical.choice, Quot.sound]
info: NLA/IE06/SpectralMeasurability.lean:218:0: 'NLA.IE06.SpectralMeasurability.measurable_gramInverse' depends on axioms: [propext, Classical.choice, Quot.sound]
info: NLA/IE06/SpectralMeasurability.lean:219:0: 'NLA.IE06.SpectralMeasurability.gramInverse_eq_pinv' depends on axioms: [propext, Classical.choice, Quot.sound]
info: NLA/IE06/SpectralMeasurability.lean:220:0: 'NLA.IE06.SpectralMeasurability.surjective_iff_gram_det_ne_zero' depends on axioms: [propext,
 Classical.choice,
 Quot.sound]
info: NLA/IE06/SpectralMeasurability.lean:221:0: 'NLA.IE06.SpectralMeasurability.measurableSet_surjective' depends on axioms: [propext, Classical.choice, Quot.sound]
info: NLA/IE06/SpectralMeasurability.lean:222:0: 'NLA.IE06.SpectralMeasurability.singularValue_rowEquiv' depends on axioms: [propext, Classical.choice, Quot.sound]
ℹ [8758/8773] Built NLA.IE06.RightInverseBounds (15s)
info: NLA/IE06/RightInverseBounds.lean:214:0: 'NLA.IE06.RightInverseBounds.opNorm_projection_le_one' depends on axioms: [propext, Classical.choice, Quot.sound]
info: NLA/IE06/RightInverseBounds.lean:216:0: 'NLA.IE06.RightInverseBounds.gram_posDef_of_rightInverse' depends on axioms: [propext, Classical.choice, Quot.sound]
info: NLA/IE06/RightInverseBounds.lean:218:0: 'NLA.IE06.RightInverseBounds.pinv_projection' depends on axioms: [propext, Classical.choice, Quot.sound]
info: NLA/IE06/RightInverseBounds.lean:220:0: 'NLA.IE06.RightInverseBounds.pinv_norms_le_rightInverse' depends on axioms: [propext, Classical.choice, Quot.sound]
info: NLA/IE06/RightInverseBounds.lean:222:0: 'NLA.IE06.RightInverseBounds.append' depends on axioms: [propext, Classical.choice, Quot.sound]
info: NLA/IE06/RightInverseBounds.lean:224:0: 'NLA.IE06.RightInverseBounds.stack' depends on axioms: [propext, Classical.choice, Quot.sound]
info: NLA/IE06/RightInverseBounds.lean:226:0: 'NLA.IE06.RightInverseBounds.append_mul_stack' depends on axioms: [propext, Classical.choice, Quot.sound]
info: NLA/IE06/RightInverseBounds.lean:228:0: 'NLA.IE06.RightInverseBounds.stack_gram' depends on axioms: [propext, Classical.choice, Quot.sound]
info: NLA/IE06/RightInverseBounds.lean:230:0: 'NLA.IE06.RightInverseBounds.opNorm_stack_sq_le' depends on axioms: [propext, Classical.choice, Quot.sound]
info: NLA/IE06/RightInverseBounds.lean:232:0: 'NLA.IE06.RightInverseBounds.frobeniusNorm_stack_sq' depends on axioms: [propext, Classical.choice, Quot.sound]
info: NLA/IE06/RightInverseBounds.lean:234:0: 'NLA.IE06.RightInverseBounds.opNorm_orthonormal_columns_le_one' depends on axioms: [propext,
 Classical.choice,
 Quot.sound]
info: NLA/IE06/RightInverseBounds.lean:236:0: 'NLA.IE06.RightInverseBounds.frobeniusNorm_le_sqrt_columns_opNorm' depends on axioms: [propext,
 Classical.choice,
 Quot.sound]
info: NLA/IE06/RightInverseBounds.lean:238:0: 'NLA.IE06.RightInverseBounds.frobeniusNorm_sub_mul_sq' depends on axioms: [propext, Classical.choice, Quot.sound]
info: NLA/IE06/RightInverseBounds.lean:240:0: 'NLA.IE06.RightInverseBounds.appendRightInverse' depends on axioms: [propext, Classical.choice, Quot.sound]
info: NLA/IE06/RightInverseBounds.lean:242:0: 'NLA.IE06.RightInverseBounds.append_mul_rightInverse' depends on axioms: [propext, Classical.choice, Quot.sound]
info: NLA/IE06/RightInverseBounds.lean:244:0: 'NLA.IE06.RightInverseBounds.appendRightInverse_bounds' depends on axioms: [propext, Classical.choice, Quot.sound]
ℹ [8759/8776] Built NLA.IE06.GaussianSpectralBase (9.4s)
info: NLA/IE06/GaussianSpectralBase.lean:120:0: 'NLA.IE06.GaussianSpectralBase.block' depends on axioms: [propext, Classical.choice, Quot.sound]
info: NLA/IE06/GaussianSpectralBase.lean:122:0: 'NLA.IE06.GaussianSpectralBase.fixed_block_measurePreserving' depends on axioms: [propext, Classical.choice, Quot.sound]
info: NLA/IE06/GaussianSpectralBase.lean:124:0: 'NLA.IE06.GaussianSpectralBase.card_rowOrders_le' depends on axioms: [propext, Classical.choice, Quot.sound]
info: NLA/IE06/GaussianSpectralBase.lean:126:0: 'NLA.IE06.GaussianSpectralBase.fixed_block_tail' depends on axioms: [propext, Classical.choice, Quot.sound]
info: NLA/IE06/GaussianSpectralBase.lean:128:0: 'NLA.IE06.GaussianSpectralBase.measure_finite_iUnion_le' depends on axioms: [propext, Classical.choice, Quot.sound]
info: NLA/IE06/GaussianSpectralBase.lean:130:0: 'NLA.IE06.GaussianSpectralBase.rowOrder_union_le' depends on axioms: [propext, Classical.choice, Quot.sound]
info: NLA/IE06/GaussianSpectralBase.lean:132:0: 'NLA.IE06.GaussianSpectralBase.adaptive_rowOrder_union_le' depends on axioms: [propext, Classical.choice, Quot.sound]
info: NLA/IE06/GaussianSpectralBase.lean:134:0: 'NLA.IE06.GaussianSpectralBase.adaptive_block_tail' depends on axioms: [propext, Classical.choice, Quot.sound]
info: NLA/IE06/GaussianSpectralBase.lean:136:0: 'NLA.IE06.GaussianSpectralBase.selected_block_tail' depends on axioms: [propext, Classical.choice, Quot.sound]
info: NLA/IE06/GaussianSpectralBase.lean:138:0: 'NLA.IE06.GaussianSpectralBase.selected_block_profile_base' depends on axioms: [propext, Classical.choice, Quot.sound]
ℹ [8760/8777] Built NLA.IE06.SelectedBlockTruncation (9.8s)
info: NLA/IE06/SelectedBlockTruncation.lean:130:0: 'NLA.IE06.SelectedBlockTruncation.coordinateEmbedding' depends on axioms: [propext, Classical.choice, Quot.sound]
info: NLA/IE06/SelectedBlockTruncation.lean:132:0: 'NLA.IE06.SelectedBlockTruncation.coordinateEmbedding_orthonormal' depends on axioms: [propext,
 Classical.choice,
 Quot.sound]
info: NLA/IE06/SelectedBlockTruncation.lean:134:0: 'NLA.IE06.SelectedBlockTruncation.mul_embedding_conjTranspose' depends on axioms: [propext,
 Classical.choice,
 Quot.sound]
info: NLA/IE06/SelectedBlockTruncation.lean:136:0: 'NLA.IE06.SelectedBlockTruncation.activePrefixRows' depends on axioms: [propext, Classical.choice, Quot.sound]
info: NLA/IE06/SelectedBlockTruncation.lean:138:0: 'NLA.IE06.SelectedBlockTruncation.activeIdentityRows' depends on axioms: [propext, Classical.choice, Quot.sound]
info: NLA/IE06/SelectedBlockTruncation.lean:140:0: 'NLA.IE06.SelectedBlockTruncation.retainedRows' depends on axioms: [propext, Classical.choice, Quot.sound]
info: NLA/IE06/SelectedBlockTruncation.lean:142:0: 'NLA.IE06.SelectedBlockTruncation.discardedRows' depends on axioms: [propext, Classical.choice, Quot.sound]
info: NLA/IE06/SelectedBlockTruncation.lean:144:0: 'NLA.IE06.SelectedBlockTruncation.discardedFrame' depends on axioms: [propext, Classical.choice, Quot.sound]
info: NLA/IE06/SelectedBlockTruncation.lean:146:0: 'NLA.IE06.SelectedBlockTruncation.discardedFrame_orthonormal' depends on axioms: [propext, Classical.choice, Quot.sound]
info: NLA/IE06/SelectedBlockTruncation.lean:148:0: 'NLA.IE06.SelectedBlockTruncation.activePrefixRows_mul_apply' depends on axioms: [propext, Classical.choice, Quot.sound]
info: NLA/IE06/SelectedBlockTruncation.lean:150:0: 'NLA.IE06.SelectedBlockTruncation.retainedRows_apply' depends on axioms: [propext, Classical.choice, Quot.sound]
info: NLA/IE06/SelectedBlockTruncation.lean:152:0: 'NLA.IE06.SelectedBlockTruncation.discardedRows_apply' depends on axioms: [propext, Classical.choice, Quot.sound]
info: NLA/IE06/SelectedBlockTruncation.lean:154:0: 'NLA.IE06.SelectedBlockTruncation.eliminationRows_eq_full_inverse' depends on axioms: [propext,
 Classical.choice,
 Quot.sound]
info: NLA/IE06/SelectedBlockTruncation.lean:156:0: 'NLA.IE06.SelectedBlockTruncation.eliminationRows_decomposition' depends on axioms: [propext,
 Classical.choice,
 Quot.sound]
info: NLA/IE06/SelectedBlockTruncation.lean:158:0: 'NLA.IE06.SelectedBlockTruncation.retainedRows_rowNorm_sq' depends on axioms: [propext, Classical.choice, Quot.sound]
info: NLA/IE06/SelectedBlockTruncation.lean:160:0: 'NLA.IE06.SelectedBlockTruncation.retainedRows_inactive' depends on axioms: [propext, Classical.choice, Quot.sound]
info: NLA/IE06/SelectedBlockTruncation.lean:162:0: 'NLA.IE06.SelectedBlockTruncation.discardedRows_inactive' depends on axioms: [propext, Classical.choice, Quot.sound]
ℹ [8761/8780] Built NLA.IE06.ProfileSum (9.2s)
info: NLA/IE06/ProfileSum.lean:113:0: 'NLA.IE06.ProfileSum.inv_sq_le_telescoping' depends on axioms: [propext, Classical.choice, Quot.sound]
info: NLA/IE06/ProfileSum.lean:115:0: 'NLA.IE06.ProfileSum.sum_inv_sq_le_telescoping' depends on axioms: [propext, Classical.choice, Quot.sound]
info: NLA/IE06/ProfileSum.lean:117:0: 'NLA.IE06.ProfileSum.sum_inv_sq_le' depends on axioms: [propext, Classical.choice, Quot.sound]
info: NLA/IE06/ProfileSum.lean:119:0: 'NLA.IE06.ProfileSum.sigmaInvSum_eq_sum_Ico' depends on axioms: [propext, Classical.choice, Quot.sound]
info: NLA/IE06/ProfileSum.lean:121:0: 'NLA.IE06.ProfileSum.inv_singularValue_le_profile' depends on axioms: [propext, Classical.choice, Quot.sound]
info: NLA/IE06/ProfileSum.lean:123:0: 'NLA.IE06.ProfileSum.sigmaInvSum_le_profile' depends on axioms: [propext, Classical.choice, Quot.sound]
info: NLA/IE06/ProfileSum.lean:125:0: 'NLA.IE06.ProfileSum.sigmaInvSum_le_scalarProfile' depends on axioms: [propext, Classical.choice, Quot.sound]
⚠ [8762/8780] Built NLA.IE06.Vendor.SLT.MeasureInfrastructure (6.6s)
warning: NLA/IE06/Vendor/SLT/MeasureInfrastructure.lean:94:15: `Set.mem_setOf_eq` has been deprecated: Use `Set.mem_ofPred_eq` instead
warning: NLA/IE06/Vendor/SLT/MeasureInfrastructure.lean:100:17: `Set.mem_setOf_eq` has been deprecated: Use `Set.mem_ofPred_eq` instead
ℹ [8763/8780] Built NLA.IE06.GaussianSmoothing (10s)
info: NLA/IE06/GaussianSmoothing.lean:152:0: 'NLA.IE06.GaussianSmoothing.row_squared_tail' depends on axioms: [propext, Classical.choice, Quot.sound]
info: NLA/IE06/GaussianSmoothing.lean:153:0: 'NLA.IE06.GaussianSmoothing.row_tail' depends on axioms: [propext, Classical.choice, Quot.sound]
info: NLA/IE06/GaussianSmoothing.lean:154:0: 'NLA.IE06.GaussianSmoothing.rows_tail' depends on axioms: [propext, Classical.choice, Quot.sound]
info: NLA/IE06/GaussianSmoothing.lean:155:0: 'NLA.IE06.GaussianSmoothing.gaussian_smoothing' depends on axioms: [propext, Classical.choice, Quot.sound]
ℹ [8764/8780] Built NLA.IE06.GaussianColumnSplit (9.3s)
info: NLA/IE06/GaussianColumnSplit.lean:173:0: 'NLA.IE06.GaussianColumnSplit.fixed_order_future_restricted_law' depends on axioms: [propext,
 Classical.choice,
 Quot.sound]
info: NLA/IE06/GaussianColumnSplit.lean:174:0: 'NLA.IE06.GaussianColumnSplit.fixed_order_future_lintegral' depends on axioms: [propext, Classical.choice, Quot.sound]
info: NLA/IE06/GaussianColumnSplit.lean:185:0: 'NLA.IE06.GaussianColumnSplit.splitColumns_measurePreserving' depends on axioms: [propext, Classical.choice, Quot.sound]
info: NLA/IE06/GaussianColumnSplit.lean:186:0: 'NLA.IE06.GaussianColumnSplit.joinColumns_measurePreserving' depends on axioms: [propext, Classical.choice, Quot.sound]
✔ [8765/8784] Built NLA.IE06.Vendor.SLT.GaussianLSI.Entropy (4.6s)
⚠ [8766/8786] Built NLA.IE06.Vendor.SLT.GaussianMeasure (6.8s)
warning: NLA/IE06/Vendor/SLT/GaussianMeasure.lean:256:15: `Set.mem_setOf_eq` has been deprecated: Use `Set.mem_ofPred_eq` instead
warning: NLA/IE06/Vendor/SLT/GaussianMeasure.lean:257:30: `Set.mem_setOf_eq` has been deprecated: Use `Set.mem_ofPred_eq` instead
ℹ [8767/8786] Built NLA.IE06.GaussianSpectralRecursion (9.7s)
info: NLA/IE06/GaussianSpectralRecursion.lean:243:0: 'NLA.IE06.GaussianSpectralRecursion.block_singularValue_congr' depends on axioms: [propext,
 Classical.choice,
 Quot.sound]
info: NLA/IE06/GaussianSpectralRecursion.lean:245:0: 'NLA.IE06.GaussianSpectralRecursion.stageGood' depends on axioms: [propext, Classical.choice, Quot.sound]
info: NLA/IE06/GaussianSpectralRecursion.lean:247:0: 'NLA.IE06.GaussianSpectralRecursion.globalBad' depends on axioms: [propext, Classical.choice, Quot.sound]
info: NLA/IE06/GaussianSpectralRecursion.lean:249:0: 'NLA.IE06.GaussianSpectralRecursion.localBad' depends on axioms: [propext, Classical.choice, Quot.sound]
info: NLA/IE06/GaussianSpectralRecursion.lean:251:0: 'NLA.IE06.GaussianSpectralRecursion.globalBad_subset_localBad' depends on axioms: [propext,
 Classical.choice,
 Quot.sound]
info: NLA/IE06/GaussianSpectralRecursion.lean:253:0: 'NLA.IE06.GaussianSpectralRecursion.ExtensionBound' depends on axioms: [propext, Classical.choice, Quot.sound]
info: NLA/IE06/GaussianSpectralRecursion.lean:255:0: 'NLA.IE06.GaussianSpectralRecursion.localBad_tail_of_extension_bound' depends on axioms: [propext,
 Classical.choice,
 Quot.sound]
info: NLA/IE06/GaussianSpectralRecursion.lean:257:0: 'NLA.IE06.GaussianSpectralRecursion.dimension_union_exponential' depends on axioms: [propext,
 Classical.choice,
 Quot.sound]
info: NLA/IE06/GaussianSpectralRecursion.lean:259:0: 'NLA.IE06.GaussianSpectralRecursion.profile_tail_of_extension_bound' depends on axioms: [propext,
 Classical.choice,
 Quot.sound]
info: NLA/IE06/GaussianSpectralRecursion.lean:261:0: 'NLA.IE06.GaussianSpectralRecursion.profile_inverse_identity' depends on axioms: [propext, Classical.choice, Quot.sound]
info: NLA/IE06/GaussianSpectralRecursion.lean:263:0: 'NLA.IE06.GaussianSpectralRecursion.profile_inverse_bound' depends on axioms: [propext, Classical.choice, Quot.sound]
info: NLA/IE06/GaussianSpectralRecursion.lean:265:0: 'NLA.IE06.GaussianSpectralRecursion.inverseBad' depends on axioms: [propext, Classical.choice, Quot.sound]
info: NLA/IE06/GaussianSpectralRecursion.lean:267:0: 'NLA.IE06.GaussianSpectralRecursion.inverseBad_subset_globalBad' depends on axioms: [propext,
 Classical.choice,
 Quot.sound]
info: NLA/IE06/GaussianSpectralRecursion.lean:269:0: 'NLA.IE06.GaussianSpectralRecursion.inverse_tail_of_extension_bound' depends on axioms: [propext,
 Classical.choice,
 Quot.sound]
ℹ [8768/8786] Built NLA.IE06.GaussianCoordinates (8.5s)
info: NLA/IE06/GaussianCoordinates.lean:146:0: 'NLA.IE06.GaussianCoordinates.denseFuture_measurePreserving' depends on axioms: [propext, Classical.choice, Quot.sound]
info: NLA/IE06/GaussianCoordinates.lean:147:0: 'NLA.IE06.GaussianCoordinates.indexedFuture_measurePreserving' depends on axioms: [propext,
 Classical.choice,
 Quot.sound]
info: NLA/IE06/GaussianCoordinates.lean:157:0: 'NLA.IE06.GaussianCoordinates.restore_coordinates' depends on axioms: [propext, Classical.choice, Quot.sound]
info: NLA/IE06/GaussianCoordinates.lean:158:0: 'NLA.IE06.GaussianCoordinates.selectedRows_restore_future' depends on axioms: [propext, Classical.choice, Quot.sound]
✔ [8769/8786] Built NLA.IE06.Vendor.SLT.GaussianPoincare.RademacherApprox (7.8s)
⚠ [8770/8789] Built NLA.IE06.Vendor.SLT.GaussianSobolevDense.Defs (11s)
warning: NLA/IE06/Vendor/SLT/GaussianSobolevDense/Defs.lean:302:13: `Set.mem_setOf_eq` has been deprecated: Use `Set.mem_ofPred_eq` instead
⚠ [8771/8789] Built NLA.IE06.Vendor.SLT.GaussianPoincare.LevyContinuity (13s)
warning: NLA/IE06/Vendor/SLT/GaussianPoincare/LevyContinuity.lean:154:15: `Set.mem_setOf_eq` has been deprecated: Use `Set.mem_ofPred_eq` instead
ℹ [8772/8791] Built NLA.IE06.GaussianPrefixDecomposition (11s)
info: NLA/IE06/GaussianPrefixDecomposition.lean:198:0: 'NLA.IE06.GaussianPrefixDecomposition.fiberLaw' depends on axioms: [propext, Classical.choice, Quot.sound]
info: NLA/IE06/GaussianPrefixDecomposition.lean:200:0: 'NLA.IE06.GaussianPrefixDecomposition.prefixInput' depends on axioms: [propext, Classical.choice, Quot.sound]
info: NLA/IE06/GaussianPrefixDecomposition.lean:202:0: 'NLA.IE06.GaussianPrefixDecomposition.restricted_strict_ae' depends on axioms: [propext, Classical.choice, Quot.sound]
info: NLA/IE06/GaussianPrefixDecomposition.lean:204:0: 'NLA.IE06.GaussianPrefixDecomposition.product_strict_ae' depends on axioms: [propext, Classical.choice, Quot.sound]
info: NLA/IE06/GaussianPrefixDecomposition.lean:206:0: 'NLA.IE06.GaussianPrefixDecomposition.prefix_order_ae' depends on axioms: [propext, Classical.choice, Quot.sound]
info: NLA/IE06/GaussianPrefixDecomposition.lean:208:0: 'NLA.IE06.GaussianPrefixDecomposition.prefix_data_ae' depends on axioms: [propext, Classical.choice, Quot.sound]
info: NLA/IE06/GaussianPrefixDecomposition.lean:210:0: 'NLA.IE06.GaussianPrefixDecomposition.prefixInput_measurable' depends on axioms: [propext, Classical.choice, Quot.sound]
info: NLA/IE06/GaussianPrefixDecomposition.lean:212:0: 'NLA.IE06.GaussianPrefixDecomposition.retainedRows_measurable' depends on axioms: [propext,
 Classical.choice,
 Quot.sound]
info: NLA/IE06/GaussianPrefixDecomposition.lean:214:0: 'NLA.IE06.GaussianPrefixDecomposition.retained_rowNorm_measurable' depends on axioms: [propext,
 Classical.choice,
 Quot.sound]
info: NLA/IE06/GaussianPrefixDecomposition.lean:216:0: 'NLA.IE06.GaussianPrefixDecomposition.measurableSet_bad_retainedRows' depends on axioms: [propext,
 Classical.choice,
 Quot.sound]
info: NLA/IE06/GaussianPrefixDecomposition.lean:218:0: 'NLA.IE06.GaussianPrefixDecomposition.retained_rows_tail' depends on axioms: [propext, Classical.choice, Quot.sound]
info: NLA/IE06/GaussianPrefixDecomposition.lean:220:0: 'NLA.IE06.GaussianPrefixDecomposition.exists_prefix_decomposition' depends on axioms: [propext,
 Classical.choice,
 Quot.sound]
ℹ [8773/8791] Built NLA.IE06.GaussianFutureWindow (9.9s)
info: NLA/IE06/GaussianFutureWindow.lean:118:0: 'NLA.IE06.GaussianFutureWindow.split_measurePreserving' depends on axioms: [propext, Classical.choice, Quot.sound]
info: NLA/IE06/GaussianFutureWindow.lean:119:0: 'NLA.IE06.GaussianFutureWindow.assemble_measurePreserving' depends on axioms: [propext, Classical.choice, Quot.sound]
ℹ [8774/8791] Built NLA.IE06.GaussianAdaptiveFuture (9.3s)
info: NLA/IE06/GaussianAdaptiveFuture.lean:90:0: 'NLA.IE06.GaussianAdaptiveFuture.adaptive_lintegral_le' depends on axioms: [propext, Classical.choice, Quot.sound]
info: NLA/IE06/GaussianAdaptiveFuture.lean:91:0: 'NLA.IE06.GaussianAdaptiveFuture.event_le' depends on axioms: [propext, Classical.choice, Quot.sound]
✔ [8775/8791] Built NLA.IE06.Vendor.SLT.ConvergenceL1Subseq (5.4s)
⚠ [8776/8793] Built NLA.IE06.Vendor.SLT.EfronStein (33s)
warning: NLA/IE06/Vendor/SLT/EfronStein.lean:1236:4: Try this: 
  haveI̵

The goal is a proposition, so `have` is preferred over `haveI`.
The difference between `have` and `haveI` is that `haveI` inlines the value.
But this is not relevant for proofs because of proof irrelevance.

Note: This linter can be disabled with `set_option linter.style.haveILetI false`
warning: NLA/IE06/Vendor/SLT/EfronStein.lean:1237:4: Try this: 
  haveI̵

The goal is a proposition, so `have` is preferred over `haveI`.
The difference between `have` and `haveI` is that `haveI` inlines the value.
But this is not relevant for proofs because of proof irrelevance.

Note: This linter can be disabled with `set_option linter.style.haveILetI false`
warning: NLA/IE06/Vendor/SLT/EfronStein.lean:1291:4: Try this: 
  haveI̵

The goal is a proposition, so `have` is preferred over `haveI`.
The difference between `have` and `haveI` is that `haveI` inlines the value.
But this is not relevant for proofs because of proof irrelevance.

Note: This linter can be disabled with `set_option linter.style.haveILetI false`
warning: NLA/IE06/Vendor/SLT/EfronStein.lean:1292:4: Try this: 
  haveI̵

The goal is a proposition, so `have` is preferred over `haveI`.
The difference between `have` and `haveI` is that `haveI` inlines the value.
But this is not relevant for proofs because of proof irrelevance.

Note: This linter can be disabled with `set_option linter.style.haveILetI false`
warning: NLA/IE06/Vendor/SLT/EfronStein.lean:1293:4: Try this: 
  haveI̵

The goal is a proposition, so `have` is preferred over `haveI`.
The difference between `have` and `haveI` is that `haveI` inlines the value.
But this is not relevant for proofs because of proof irrelevance.

Note: This linter can be disabled with `set_option linter.style.haveILetI false`
warning: NLA/IE06/Vendor/SLT/EfronStein.lean:1294:4: Try this: 
  haveI̵

The goal is a proposition, so `have` is preferred over `haveI`.
The difference between `have` and `haveI` is that `haveI` inlines the value.
But this is not relevant for proofs because of proof irrelevance.

Note: This linter can be disabled with `set_option linter.style.haveILetI false`
warning: NLA/IE06/Vendor/SLT/EfronStein.lean:1295:4: Try this: 
  haveI̵

The goal is a proposition, so `have` is preferred over `haveI`.
The difference between `have` and `haveI` is that `haveI` inlines the value.
But this is not relevant for proofs because of proof irrelevance.

Note: This linter can be disabled with `set_option linter.style.haveILetI false`
✔ [8777/8793] Built NLA.IE06.Vendor.SLT.GaussianLSI.TwoPoint (13s)
✔ [8778/8798] Built NLA.IE06.Vendor.SLT.GaussianSobolevDense.Cutoff (20s)
ℹ [8779/8798] Built NLA.IE06.GaussianFutureSmoothing (9.7s)
info: NLA/IE06/GaussianFutureSmoothing.lean:102:0: 'NLA.IE06.GaussianFutureSmoothing.fixed_prefix_tail' depends on axioms: [propext, Classical.choice, Quot.sound]
✔ [8780/8805] Built NLA.IE06.Vendor.SLT.GaussianPoincare.EfronSteinApp (7.9s)
✔ [8781/8805] Built NLA.IE06.Vendor.SLT.GaussianLSI.SubAddEnt.Basic (9.0s)
⚠ [8782/8805] Built NLA.IE06.Vendor.SLT.LipschitzProperty (7.0s)
warning: NLA/IE06/Vendor/SLT/LipschitzProperty.lean:114:2: Try this: 
  haveI̵

The goal is a proposition, so `have` is preferred over `haveI`.
The difference between `have` and `haveI` is that `haveI` inlines the value.
But this is not relevant for proofs because of proof irrelevance.

Note: This linter can be disabled with `set_option linter.style.haveILetI false`
✔ [8783/8809] Built NLA.IE06.Vendor.SLT.GaussianLSI.DualityEntropy (10s)
⚠ [8784/8813] Built NLA.IE06.Vendor.SLT.GaussianSobolevDense.Mollification (20s)
warning: NLA/IE06/Vendor/SLT/GaussianSobolevDense/Mollification.lean:191:10: Try this: 
  haveI̵

The goal is a proposition, so `have` is preferred over `haveI`.
The difference between `have` and `haveI` is that `haveI` inlines the value.
But this is not relevant for proofs because of proof irrelevance.

Note: This linter can be disabled with `set_option linter.style.haveILetI false`
warning: NLA/IE06/Vendor/SLT/GaussianSobolevDense/Mollification.lean:192:10: Try this: 
  haveI̵

The goal is a proposition, so `have` is preferred over `haveI`.
The difference between `have` and `haveI` is that `haveI` inlines the value.
But this is not relevant for proofs because of proof irrelevance.

Note: This linter can be disabled with `set_option linter.style.haveILetI false`
warning: NLA/IE06/Vendor/SLT/GaussianSobolevDense/Mollification.lean:190:8: Try this: 
  haveI̵

The goal is a proposition, so `have` is preferred over `haveI`.
The difference between `have` and `haveI` is that `haveI` inlines the value.
But this is not relevant for proofs because of proof irrelevance.

Note: This linter can be disabled with `set_option linter.style.haveILetI false`
warning: NLA/IE06/Vendor/SLT/GaussianSobolevDense/Mollification.lean:685:12: Try this: 
  haveI̵

The goal is a proposition, so `have` is preferred over `haveI`.
The difference between `have` and `haveI` is that `haveI` inlines the value.
But this is not relevant for proofs because of proof irrelevance.

Note: This linter can be disabled with `set_option linter.style.haveILetI false`
warning: NLA/IE06/Vendor/SLT/GaussianSobolevDense/Mollification.lean:686:12: Try this: 
  haveI̵

The goal is a proposition, so `have` is preferred over `haveI`.
The difference between `have` and `haveI` is that `haveI` inlines the value.
But this is not relevant for proofs because of proof irrelevance.

Note: This linter can be disabled with `set_option linter.style.haveILetI false`
warning: NLA/IE06/Vendor/SLT/GaussianSobolevDense/Mollification.lean:692:12: Try this: 
  haveI̵

The goal is a proposition, so `have` is preferred over `haveI`.
The difference between `have` and `haveI` is that `haveI` inlines the value.
But this is not relevant for proofs because of proof irrelevance.

Note: This linter can be disabled with `set_option linter.style.haveILetI false`
warning: NLA/IE06/Vendor/SLT/GaussianSobolevDense/Mollification.lean:784:4: Try this: 
  haveI̵

The goal is a proposition, so `have` is preferred over `haveI`.
The difference between `have` and `haveI` is that `haveI` inlines the value.
But this is not relevant for proofs because of proof irrelevance.

Note: This linter can be disabled with `set_option linter.style.haveILetI false`
warning: NLA/IE06/Vendor/SLT/GaussianSobolevDense/Mollification.lean:848:47: `Set.mem_setOf` has been deprecated: Use `Set.mem_ofPred` instead
ℹ [8785/8813] Built NLA.IE06.GaussianStageSmoothing (12s)
info: NLA/IE06/GaussianStageSmoothing.lean:147:0: 'NLA.IE06.GaussianStageSmoothing.lintegral_le_exception_add' depends on axioms: [propext, Classical.choice, Quot.sound]
info: NLA/IE06/GaussianStageSmoothing.lean:148:0: 'NLA.IE06.GaussianStageSmoothing.stage_tail' depends on axioms: [propext, Classical.choice, Quot.sound]
✔ [8787/8819] Built NLA.IE06.Vendor.SLT.GaussianLSI.SubAddEnt.Decomposition (7.2s)
✔ [8788/8819] Built NLA.IE06.Vendor.SLT.GaussianPoincare.TaylorBound (12s)
✔ [8789/8819] Built NLA.IE06.Vendor.SLT.GaussianLSI.DualEntApp (5.8s)
✔ [8790/8819] Built NLA.IE06.Vendor.SLT.GaussianSobolevDense.LipschitzMollification (6.7s)
ℹ [8791/8819] Built NLA.IE06.GaussianPivotMasking (10s)
info: NLA/IE06/GaussianPivotMasking.lean:310:0: 'NLA.IE06.GaussianPivotMasking.maskLabels' depends on axioms: [propext, Classical.choice, Quot.sound]
info: NLA/IE06/GaussianPivotMasking.lean:311:0: 'NLA.IE06.GaussianPivotMasking.zeroMasked' depends on axioms: [propext, Classical.choice, Quot.sound]
info: NLA/IE06/GaussianPivotMasking.lean:312:0: 'NLA.IE06.GaussianPivotMasking.measurable_zeroMasked' depends on axioms: [propext, Classical.choice, Quot.sound]
info: NLA/IE06/GaussianPivotMasking.lean:313:0: 'NLA.IE06.GaussianPivotMasking.zeroMasked_eq_of_outside_eq' depends on axioms: [propext, Classical.choice, Quot.sound]
info: NLA/IE06/GaussianPivotMasking.lean:314:0: 'NLA.IE06.GaussianPivotMasking.maskLabels_schurStep' depends on axioms: [propext, Classical.choice, Quot.sound]
info: NLA/IE06/GaussianPivotMasking.lean:315:0: 'NLA.IE06.GaussianPivotMasking.firstPivotIndex_maskLabels' depends on axioms: [propext, Classical.choice, Quot.sound]
info: NLA/IE06/GaussianPivotMasking.lean:316:0: 'NLA.IE06.GaussianPivotMasking.firstTrajectory_zeroMasked' depends on axioms: [propext, Classical.choice, Quot.sound]
info: NLA/IE06/GaussianPivotMasking.lean:317:0: 'NLA.IE06.GaussianPivotMasking.firstPath_zeroMasked_prefix' depends on axioms: [propext, Classical.choice, Quot.sound]
info: NLA/IE06/GaussianPivotMasking.lean:318:0: 'NLA.IE06.GaussianPivotMasking.pivotOrder_zeroMasked' depends on axioms: [propext, Classical.choice, Quot.sound]
info: NLA/IE06/GaussianPivotMasking.lean:319:0: 'NLA.IE06.GaussianPivotMasking.OutsideRows' depends on axioms: [propext, Classical.choice, Quot.sound]
info: NLA/IE06/GaussianPivotMasking.lean:320:0: 'NLA.IE06.GaussianPivotMasking.outsideRows_card' depends on axioms: [propext, Classical.choice, Quot.sound]
info: NLA/IE06/GaussianPivotMasking.lean:321:0: 'NLA.IE06.GaussianPivotMasking.fallbackOrder' depends on axioms: [propext, Classical.choice, Quot.sound]
info: NLA/IE06/GaussianPivotMasking.lean:322:0: 'NLA.IE06.GaussianPivotMasking.candidateOrder' depends on axioms: [propext, Classical.choice, Quot.sound]
info: NLA/IE06/GaussianPivotMasking.lean:323:0: 'NLA.IE06.GaussianPivotMasking.candidateLabels' depends on axioms: [propext, Classical.choice, Quot.sound]
info: NLA/IE06/GaussianPivotMasking.lean:324:0: 'NLA.IE06.GaussianPivotMasking.candidateLabels_avoids' depends on axioms: [propext, Classical.choice, Quot.sound]
info: NLA/IE06/GaussianPivotMasking.lean:325:0: 'NLA.IE06.GaussianPivotMasking.measurable_masked_prefix_avoidance' depends on axioms: [propext,
 Classical.choice,
 Quot.sound]
info: NLA/IE06/GaussianPivotMasking.lean:326:0: 'NLA.IE06.GaussianPivotMasking.measurable_candidateLabels_coordinate' depends on axioms: [propext,
 Classical.choice,
 Quot.sound]
info: NLA/IE06/GaussianPivotMasking.lean:327:0: 'NLA.IE06.GaussianPivotMasking.measurable_candidateOrder_coordinate' depends on axioms: [propext,
 Classical.choice,
 Quot.sound]
info: NLA/IE06/GaussianPivotMasking.lean:328:0: 'NLA.IE06.GaussianPivotMasking.candidateOrder_eq_of_outside_eq' depends on axioms: [propext,
 Classical.choice,
 Quot.sound]
info: NLA/IE06/GaussianPivotMasking.lean:329:0: 'NLA.IE06.GaussianPivotMasking.candidateLabels_eq_of_outside_eq' depends on axioms: [propext,
 Classical.choice,
 Quot.sound]
info: NLA/IE06/GaussianPivotMasking.lean:330:0: 'NLA.IE06.GaussianPivotMasking.candidateLabels_eq_actual' depends on axioms: [propext, Classical.choice, Quot.sound]
info: NLA/IE06/GaussianPivotMasking.lean:331:0: 'NLA.IE06.GaussianPivotMasking.candidateLabels_eq_actual_of_nonsingular' depends on axioms: [propext,
 Classical.choice,
 Quot.sound]
info: NLA/IE06/GaussianPivotMasking.lean:332:0: 'NLA.IE06.GaussianPivotMasking.candidateLabels_eq_of_outside_prefix_eq' depends on axioms: [propext,
 Classical.choice,
 Quot.sound]
info: NLA/IE06/GaussianPivotMasking.lean:333:0: 'NLA.IE06.GaussianPivotMasking.outsideData' depends on axioms: [propext, Classical.choice, Quot.sound]
info: NLA/IE06/GaussianPivotMasking.lean:334:0: 'NLA.IE06.GaussianPivotMasking.restoreOutside' depends on axioms: [propext, Classical.choice, Quot.sound]
info: NLA/IE06/GaussianPivotMasking.lean:335:0: 'NLA.IE06.GaussianPivotMasking.measurable_outsideData' depends on axioms: [propext, Classical.choice, Quot.sound]
info: NLA/IE06/GaussianPivotMasking.lean:336:0: 'NLA.IE06.GaussianPivotMasking.measurable_restoreOutside' depends on axioms: [propext, Classical.choice, Quot.sound]
info: NLA/IE06/GaussianPivotMasking.lean:337:0: 'NLA.IE06.GaussianPivotMasking.candidateLabels_outsideData' depends on axioms: [propext, Classical.choice, Quot.sound]
info: NLA/IE06/GaussianPivotMasking.lean:338:0: 'NLA.IE06.GaussianPivotMasking.measurable_candidate_from_outside_coordinate' depends on axioms: [propext,
 Classical.choice,
 Quot.sound]
✔ [8792/8819] Built NLA.IE06.Vendor.SLT.GaussianSobolevDense.Density (12s)
ℹ [8793/8819] Built NLA.IE06.GaussianAllRows (14s)
info: NLA/IE06/GaussianAllRows.lean:141:0: 'NLA.IE06.GaussianAllRows.growth_tail' depends on axioms: [propext, Classical.choice, Quot.sound]
✔ [8794/8819] Built NLA.IE06.Vendor.SLT.GaussianPoincare.Limit (16s)
⚠ [8795/8819] Built NLA.IE06.Vendor.SLT.GaussianLSI.SubAddEnt.Subadditivity (16s)
warning: NLA/IE06/Vendor/SLT/GaussianLSI/SubAddEnt/Subadditivity.lean:891:23: `Set.mem_setOf_eq` has been deprecated: Use `Set.mem_ofPred_eq` instead
warning: NLA/IE06/Vendor/SLT/GaussianLSI/SubAddEnt/Subadditivity.lean:921:38: `Set.mem_setOf_eq` has been deprecated: Use `Set.mem_ofPred_eq` instead
warning: NLA/IE06/Vendor/SLT/GaussianLSI/SubAddEnt/Subadditivity.lean:985:19: `Set.mem_setOf_eq` has been deprecated: Use `Set.mem_ofPred_eq` instead
warning: NLA/IE06/Vendor/SLT/GaussianLSI/SubAddEnt/Subadditivity.lean:1025:24: `Set.mem_setOf_eq` has been deprecated: Use `Set.mem_ofPred_eq` instead
ℹ [8796/8819] Built NLA.IE06.GaussianCandidateRows (12s)
info: NLA/IE06/GaussianCandidateRows.lean:140:0: 'NLA.IE06.GaussianCandidateRows.InsideRows' depends on axioms: [propext, Classical.choice, Quot.sound]
info: NLA/IE06/GaussianCandidateRows.lean:141:0: 'NLA.IE06.GaussianCandidateRows.outsideGaussian' depends on axioms: [propext, Classical.choice, Quot.sound]
info: NLA/IE06/GaussianCandidateRows.lean:142:0: 'NLA.IE06.GaussianCandidateRows.insideData' depends on axioms: [propext, Classical.choice, Quot.sound]
info: NLA/IE06/GaussianCandidateRows.lean:143:0: 'NLA.IE06.GaussianCandidateRows.measurable_insideData' depends on axioms: [propext, Classical.choice, Quot.sound]
info: NLA/IE06/GaussianCandidateRows.lean:144:0: 'NLA.IE06.GaussianCandidateRows.outside_inside_joint_law' depends on axioms: [propext, Classical.choice, Quot.sound]
info: NLA/IE06/GaussianCandidateRows.lean:145:0: 'NLA.IE06.GaussianCandidateRows.candidateBlock' depends on axioms: [propext, Classical.choice, Quot.sound]
info: NLA/IE06/GaussianCandidateRows.lean:146:0: 'NLA.IE06.GaussianCandidateRows.measurable_candidateBlock' depends on axioms: [propext, Classical.choice, Quot.sound]
info: NLA/IE06/GaussianCandidateRows.lean:147:0: 'NLA.IE06.GaussianCandidateRows.candidateBlock_outsideData' depends on axioms: [propext, Classical.choice, Quot.sound]
info: NLA/IE06/GaussianCandidateRows.lean:148:0: 'NLA.IE06.GaussianCandidateRows.candidate_fiber_event_le' depends on axioms: [propext, Classical.choice, Quot.sound]
ℹ [8797/8819] Built NLA.IE06.FinalAssembly (9.0s)
info: NLA/IE06/FinalAssembly.lean:68:0: 'NLA.IE06.FinalAssembly.schur_tail_of_inverse_estimate' depends on axioms: [propext, Classical.choice, Quot.sound]
⚠ [8798/8819] Built NLA.IE06.Vendor.SLT.GaussianLSI.BernoulliLSI (10s)
warning: NLA/IE06/Vendor/SLT/GaussianLSI/BernoulliLSI.lean:1478:4: Try this: 
  haveI̵

The goal is a proposition, so `have` is preferred over `haveI`.
The difference between `have` and `haveI` is that `haveI` inlines the value.
But this is not relevant for proofs because of proof irrelevance.

Note: This linter can be disabled with `set_option linter.style.haveILetI false`
✔ [8799/8819] Built NLA.IE06.Vendor.SLT.GaussianLSI.OneDimGLSICompSmo (2.7s)
✔ [8800/8819] Built NLA.IE06.Vendor.SLT.GaussianLSI.OneDimGLSI (7.5s)
⚠ [8801/8819] Built NLA.IE06.Vendor.SLT.GaussianLSI.TensorizedGLSI (4.3s)
warning: NLA/IE06/Vendor/SLT/GaussianLSI/TensorizedGLSI.lean:307:4: Try this: 
  haveI̵

The goal is a proposition, so `have` is preferred over `haveI`.
The difference between `have` and `haveI` is that `haveI` inlines the value.
But this is not relevant for proofs because of proof irrelevance.

Note: This linter can be disabled with `set_option linter.style.haveILetI false`
warning: NLA/IE06/Vendor/SLT/GaussianLSI/TensorizedGLSI.lean:309:4: Try this: 
  haveI̵

The goal is a proposition, so `have` is preferred over `haveI`.
The difference between `have` and `haveI` is that `haveI` inlines the value.
But this is not relevant for proofs because of proof irrelevance.

Note: This linter can be disabled with `set_option linter.style.haveILetI false`
warning: NLA/IE06/Vendor/SLT/GaussianLSI/TensorizedGLSI.lean:361:4: Try this: 
  haveI̵

The goal is a proposition, so `have` is preferred over `haveI`.
The difference between `have` and `haveI` is that `haveI` inlines the value.
But this is not relevant for proofs because of proof irrelevance.

Note: This linter can be disabled with `set_option linter.style.haveILetI false`
warning: NLA/IE06/Vendor/SLT/GaussianLSI/TensorizedGLSI.lean:363:4: Try this: 
  haveI̵

The goal is a proposition, so `have` is preferred over `haveI`.
The difference between `have` and `haveI` is that `haveI` inlines the value.
But this is not relevant for proofs because of proof irrelevance.

Note: This linter can be disabled with `set_option linter.style.haveILetI false`
⚠ [8802/8819] Built NLA.IE06.Vendor.SLT.GaussianLipConcen (9.9s)
warning: NLA/IE06/Vendor/SLT/GaussianLipConcen.lean:90:4: Try this: 
  haveI̵

The goal is a proposition, so `have` is preferred over `haveI`.
The difference between `have` and `haveI` is that `haveI` inlines the value.
But this is not relevant for proofs because of proof irrelevance.

Note: This linter can be disabled with `set_option linter.style.haveILetI false`
warning: NLA/IE06/Vendor/SLT/GaussianLipConcen.lean:152:2: Try this: 
  haveI̵

The goal is a proposition, so `have` is preferred over `haveI`.
The difference between `have` and `haveI` is that `haveI` inlines the value.
But this is not relevant for proofs because of proof irrelevance.

Note: This linter can be disabled with `set_option linter.style.haveILetI false`
warning: NLA/IE06/Vendor/SLT/GaussianLipConcen.lean:311:4: Try this: 
  haveI̵

The goal is a proposition, so `have` is preferred over `haveI`.
The difference between `have` and `haveI` is that `haveI` inlines the value.
But this is not relevant for proofs because of proof irrelevance.

Note: This linter can be disabled with `set_option linter.style.haveILetI false`
warning: NLA/IE06/Vendor/SLT/GaussianLipConcen.lean:554:2: Try this: 
  haveI̵

The goal is a proposition, so `have` is preferred over `haveI`.
The difference between `have` and `haveI` is that `haveI` inlines the value.
But this is not relevant for proofs because of proof irrelevance.

Note: This linter can be disabled with `set_option linter.style.haveILetI false`
warning: NLA/IE06/Vendor/SLT/GaussianLipConcen.lean:575:33: `Set.mem_setOf_eq` has been deprecated: Use `Set.mem_ofPred_eq` instead
warning: NLA/IE06/Vendor/SLT/GaussianLipConcen.lean:826:4: Try this: 
  haveI̵

The goal is a proposition, so `have` is preferred over `haveI`.
The difference between `have` and `haveI` is that `haveI` inlines the value.
But this is not relevant for proofs because of proof irrelevance.

Note: This linter can be disabled with `set_option linter.style.haveILetI false`
warning: NLA/IE06/Vendor/SLT/GaussianLipConcen.lean:1106:2: Try this: 
  haveI̵

The goal is a proposition, so `have` is preferred over `haveI`.
The difference between `have` and `haveI` is that `haveI` inlines the value.
But this is not relevant for proofs because of proof irrelevance.

Note: This linter can be disabled with `set_option linter.style.haveILetI false`
warning: NLA/IE06/Vendor/SLT/GaussianLipConcen.lean:1289:2: Try this: 
  haveI̵

The goal is a proposition, so `have` is preferred over `haveI`.
The difference between `have` and `haveI` is that `haveI` inlines the value.
But this is not relevant for proofs because of proof irrelevance.

Note: This linter can be disabled with `set_option linter.style.haveILetI false`
warning: NLA/IE06/Vendor/SLT/GaussianLipConcen.lean:1302:2: Try this: 
  haveI̵

The goal is a proposition, so `have` is preferred over `haveI`.
The difference between `have` and `haveI` is that `haveI` inlines the value.
But this is not relevant for proofs because of proof irrelevance.

Note: This linter can be disabled with `set_option linter.style.haveILetI false`
warning: NLA/IE06/Vendor/SLT/GaussianLipConcen.lean:1307:15: `Set.mem_setOf_eq` has been deprecated: Use `Set.mem_ofPred_eq` instead
warning: NLA/IE06/Vendor/SLT/GaussianLipConcen.lean:1308:30: `Set.mem_setOf_eq` has been deprecated: Use `Set.mem_ofPred_eq` instead
warning: NLA/IE06/Vendor/SLT/GaussianLipConcen.lean:1328:24: `Set.mem_setOf_eq` has been deprecated: Use `Set.mem_ofPred_eq` instead
info: NLA/IE06/Vendor/SLT/GaussianLipConcen.lean:1343:0: 'GaussianLipConcen.lipschitz_cgf_bound' depends on axioms: [propext, Classical.choice, Quot.sound]
info: NLA/IE06/Vendor/SLT/GaussianLipConcen.lean:1346:0: 'GaussianLipConcen.lipschitz_exp_centered_integrable_E' depends on axioms: [propext, Classical.choice, Quot.sound]
info: NLA/IE06/Vendor/SLT/GaussianLipConcen.lean:1349:0: 'GaussianLipConcen.gaussian_lipschitz_concentration_one_sided' depends on axioms: [propext,
 Classical.choice,
 Quot.sound]
info: NLA/IE06/Vendor/SLT/GaussianLipConcen.lean:1352:0: 'GaussianLipConcen.gaussian_lipschitz_concentration' depends on axioms: [propext, Classical.choice, Quot.sound]
ℹ [8803/8819] Built NLA.IE06.GaussianConcentration (4.9s)
info: NLA/IE06/GaussianConcentration.lean:74:0: 'NLA.IE06.GaussianConcentration.gaussian_measure_eq' depends on axioms: [propext, Classical.choice, Quot.sound]
info: NLA/IE06/GaussianConcentration.lean:75:0: 'NLA.IE06.GaussianConcentration.lipschitz_integrable' depends on axioms: [propext, Classical.choice, Quot.sound]
info: NLA/IE06/GaussianConcentration.lean:76:0: 'NLA.IE06.GaussianConcentration.lipschitz_upper_tail' depends on axioms: [propext, Classical.choice, Quot.sound]
ℹ [8804/8819] Built NLA.IE06.GaussianConcentrationSpace (5.1s)
info: NLA/IE06/GaussianConcentrationSpace.lean:81:0: 'NLA.IE06.GaussianConcentrationSpace.lipschitz_integrable' depends on axioms: [propext, Classical.choice, Quot.sound]
info: NLA/IE06/GaussianConcentrationSpace.lean:82:0: 'NLA.IE06.GaussianConcentrationSpace.lipschitz_upper_tail' depends on axioms: [propext, Classical.choice, Quot.sound]
info: NLA/IE06/GaussianConcentrationSpace.lean:83:0: 'NLA.IE06.GaussianConcentrationSpace.lipschitz_lower_tail' depends on axioms: [propext, Classical.choice, Quot.sound]
info: NLA/IE06/GaussianConcentrationSpace.lean:84:0: 'NLA.IE06.GaussianConcentrationSpace.mean_le_of_upper_tail' depends on axioms: [propext, Classical.choice, Quot.sound]
ℹ [8805/8819] Built NLA.IE06.GaussianOperatorNet (9.5s)
info: NLA/IE06/GaussianOperatorNet.lean:157:0: 'NLA.IE06.GaussianOperatorNet.unit_inner_gaussian' depends on axioms: [propext, Classical.choice, Quot.sound]
info: NLA/IE06/GaussianOperatorNet.lean:158:0: 'NLA.IE06.GaussianOperatorNet.unitProjection_gaussian' depends on axioms: [propext, Classical.choice, Quot.sound]
info: NLA/IE06/GaussianOperatorNet.lean:159:0: 'NLA.IE06.GaussianOperatorNet.operator_net_tail_shift' depends on axioms: [propext, Classical.choice, Quot.sound]
ℹ [8806/8819] Built NLA.IE06.GaussianSpectralTail (7.6s)
info: NLA/IE06/GaussianSpectralTail.lean:144:0: 'NLA.IE06.GaussianSpectralTail.operator_mean_le' depends on axioms: [propext, Classical.choice, Quot.sound]
info: NLA/IE06/GaussianSpectralTail.lean:145:0: 'NLA.IE06.GaussianSpectralTail.gaussian_singular_tail' depends on axioms: [propext, Classical.choice, Quot.sound]
ℹ [8807/8819] Built NLA.IE06.GaussianAppend (8.4s)
info: NLA/IE06/GaussianAppend.lean:208:0: 'NLA.IE06.GaussianAppend.appendConstant' depends on axioms: [propext, Classical.choice, Quot.sound]
info: NLA/IE06/GaussianAppend.lean:210:0: 'NLA.IE06.GaussianAppend.appendConstant_pos' depends on axioms: [propext, Classical.choice, Quot.sound]
info: NLA/IE06/GaussianAppend.lean:212:0: 'NLA.IE06.GaussianAppend.append_scalar_bounds' depends on axioms: [propext, Classical.choice, Quot.sound]
info: NLA/IE06/GaussianAppend.lean:214:0: 'NLA.IE06.GaussianAppend.retained_product_tail' depends on axioms: [propext, Classical.choice, Quot.sound]
info: NLA/IE06/GaussianAppend.lean:216:0: 'NLA.IE06.GaussianAppend.gaussian_append_tail' depends on axioms: [propext, Classical.choice, Quot.sound]
info: NLA/IE06/GaussianAppend.lean:218:0: 'NLA.IE06.GaussianAppend.gaussian_append_tail_source' depends on axioms: [propext, Classical.choice, Quot.sound]
ℹ [8808/8819] Built NLA.IE06.GaussianStackingTail (6.1s)
info: NLA/IE06/GaussianStackingTail.lean:129:0: 'NLA.IE06.GaussianStackingTail.productThreshold' depends on axioms: [propext, Classical.choice, Quot.sound]
info: NLA/IE06/GaussianStackingTail.lean:130:0: 'NLA.IE06.GaussianStackingTail.compressionThreshold' depends on axioms: [propext, Classical.choice, Quot.sound]
info: NLA/IE06/GaussianStackingTail.lean:131:0: 'NLA.IE06.GaussianStackingTail.stackingThreshold' depends on axioms: [propext, Classical.choice, Quot.sound]
info: NLA/IE06/GaussianStackingTail.lean:132:0: 'NLA.IE06.GaussianStackingTail.compressRows_eq_mul' depends on axioms: [propext, Classical.choice, Quot.sound]
info: NLA/IE06/GaussianStackingTail.lean:133:0: 'NLA.IE06.GaussianStackingTail.gaussian_stacking_tail' depends on axioms: [propext, Classical.choice, Quot.sound]
ℹ [8809/8819] Built NLA.IE06.GaussianCandidateStacking (5.2s)
info: NLA/IE06/GaussianCandidateStacking.lean:88:0: 'NLA.IE06.GaussianCandidateStacking.matrixMeasurable' depends on axioms: [propext, Classical.choice, Quot.sound]
info: NLA/IE06/GaussianCandidateStacking.lean:89:0: 'NLA.IE06.GaussianCandidateStacking.inverseCap' depends on axioms: [propext, Classical.choice, Quot.sound]
info: NLA/IE06/GaussianCandidateStacking.lean:90:0: 'NLA.IE06.GaussianCandidateStacking.measurableSet_inverseCap' depends on axioms: [propext, Classical.choice, Quot.sound]
info: NLA/IE06/GaussianCandidateStacking.lean:91:0: 'NLA.IE06.GaussianCandidateStacking.stackBadEvent' depends on axioms: [propext, Classical.choice, Quot.sound]
info: NLA/IE06/GaussianCandidateStacking.lean:92:0: 'NLA.IE06.GaussianCandidateStacking.measurableSet_stackBadEvent' depends on axioms: [propext,
 Classical.choice,
 Quot.sound]
info: NLA/IE06/GaussianCandidateStacking.lean:93:0: 'NLA.IE06.GaussianCandidateStacking.stackBadEvent_fiber_le' depends on axioms: [propext, Classical.choice, Quot.sound]
info: NLA/IE06/GaussianCandidateStacking.lean:94:0: 'NLA.IE06.GaussianCandidateStacking.candidate_stacking_tail' depends on axioms: [propext, Classical.choice, Quot.sound]
ℹ [8810/8819] Built NLA.IE06.SelectedBlockExtensionScalars (11s)
info: NLA/IE06/SelectedBlockExtensionScalars.lean:413:0: 'NLA.IE06.SelectedBlockExtensionScalars.loss' depends on axioms: [propext, Classical.choice, Quot.sound]
info: NLA/IE06/SelectedBlockExtensionScalars.lean:415:0: 'NLA.IE06.SelectedBlockExtensionScalars.thetaCoefficient' depends on axioms: [propext, Classical.choice, Quot.sound]
info: NLA/IE06/SelectedBlockExtensionScalars.lean:417:0: 'NLA.IE06.SelectedBlockExtensionScalars.theta' depends on axioms: [propext, Classical.choice, Quot.sound]
info: NLA/IE06/SelectedBlockExtensionScalars.lean:419:0: 'NLA.IE06.SelectedBlockExtensionScalars.firstBudget' depends on axioms: [propext, Classical.choice, Quot.sound]
info: NLA/IE06/SelectedBlockExtensionScalars.lean:421:0: 'NLA.IE06.SelectedBlockExtensionScalars.candidateBudget' depends on axioms: [propext, Classical.choice, Quot.sound]
info: NLA/IE06/SelectedBlockExtensionScalars.lean:423:0: 'NLA.IE06.SelectedBlockExtensionScalars.scale' depends on axioms: [propext, Classical.choice, Quot.sound]
info: NLA/IE06/SelectedBlockExtensionScalars.lean:425:0: 'NLA.IE06.SelectedBlockExtensionScalars.denominatorConstant' depends on axioms: [propext, Classical.choice, Quot.sound]
info: NLA/IE06/SelectedBlockExtensionScalars.lean:427:0: 'NLA.IE06.SelectedBlockExtensionScalars.extensionConstant' depends on axioms: [propext, Classical.choice, Quot.sound]
info: NLA/IE06/SelectedBlockExtensionScalars.lean:429:0: 'NLA.IE06.SelectedBlockExtensionScalars.dimensions' depends on axioms: [propext, Classical.choice, Quot.sound]
info: NLA/IE06/SelectedBlockExtensionScalars.lean:431:0: 'NLA.IE06.SelectedBlockExtensionScalars.loss_nonneg' depends on axioms: [propext, Classical.choice, Quot.sound]
info: NLA/IE06/SelectedBlockExtensionScalars.lean:433:0: 'NLA.IE06.SelectedBlockExtensionScalars.theta_pos' depends on axioms: [propext, Classical.choice, Quot.sound]
info: NLA/IE06/SelectedBlockExtensionScalars.lean:435:0: 'NLA.IE06.SelectedBlockExtensionScalars.theta_le_one' depends on axioms: [propext, Classical.choice, Quot.sound]
info: NLA/IE06/SelectedBlockExtensionScalars.lean:437:0: 'NLA.IE06.SelectedBlockExtensionScalars.budgets_pos' depends on axioms: [propext, Classical.choice, Quot.sound]
info: NLA/IE06/SelectedBlockExtensionScalars.lean:439:0: 'NLA.IE06.SelectedBlockExtensionScalars.scale_pos' depends on axioms: [propext, Classical.choice, Quot.sound]
info: NLA/IE06/SelectedBlockExtensionScalars.lean:441:0: 'NLA.IE06.SelectedBlockExtensionScalars.denominatorConstant_ge_one' depends on axioms: [propext,
 Classical.choice,
 Quot.sound]
info: NLA/IE06/SelectedBlockExtensionScalars.lean:443:0: 'NLA.IE06.SelectedBlockExtensionScalars.extensionConstant_pos' depends on axioms: [propext,
 Classical.choice,
 Quot.sound]
info: NLA/IE06/SelectedBlockExtensionScalars.lean:445:0: 'NLA.IE06.SelectedBlockExtensionScalars.candidate_exponent_bound' depends on axioms: [propext,
 Classical.choice,
 Quot.sound]
info: NLA/IE06/SelectedBlockExtensionScalars.lean:447:0: 'NLA.IE06.SelectedBlockExtensionScalars.overcrowding_term_le' depends on axioms: [propext, Classical.choice, Quot.sound]
info: NLA/IE06/SelectedBlockExtensionScalars.lean:449:0: 'NLA.IE06.SelectedBlockExtensionScalars.probability_accounting' depends on axioms: [propext,
 Classical.choice,
 Quot.sound]
info: NLA/IE06/SelectedBlockExtensionScalars.lean:451:0: 'NLA.IE06.SelectedBlockExtensionScalars.loss_comparisons' depends on axioms: [propext, Classical.choice, Quot.sound]
info: NLA/IE06/SelectedBlockExtensionScalars.lean:453:0: 'NLA.IE06.SelectedBlockExtensionScalars.candidate_root_le' depends on axioms: [propext, Classical.choice, Quot.sound]
info: NLA/IE06/SelectedBlockExtensionScalars.lean:455:0: 'NLA.IE06.SelectedBlockExtensionScalars.two_sqrt_le_exp' depends on axioms: [propext, Classical.choice, Quot.sound]
info: NLA/IE06/SelectedBlockExtensionScalars.lean:457:0: 'NLA.IE06.SelectedBlockExtensionScalars.product_threshold_le' depends on axioms: [propext, Classical.choice, Quot.sound]
info: NLA/IE06/SelectedBlockExtensionScalars.lean:459:0: 'NLA.IE06.SelectedBlockExtensionScalars.compression_pos' depends on axioms: [propext, Classical.choice, Quot.sound]
info: NLA/IE06/SelectedBlockExtensionScalars.lean:461:0: 'NLA.IE06.SelectedBlockExtensionScalars.compression_inverse_le' depends on axioms: [propext,
 Classical.choice,
 Quot.sound]
info: NLA/IE06/SelectedBlockExtensionScalars.lean:463:0: 'NLA.IE06.SelectedBlockExtensionScalars.stacking_denominator_le' depends on axioms: [propext,
 Classical.choice,
 Quot.sound]
info: NLA/IE06/SelectedBlockExtensionScalars.lean:465:0: 'NLA.IE06.SelectedBlockExtensionScalars.exponential_absorption' depends on axioms: [propext,
 Classical.choice,
 Quot.sound]
info: NLA/IE06/SelectedBlockExtensionScalars.lean:467:0: 'NLA.IE06.SelectedBlockExtensionScalars.source_threshold_le' depends on axioms: [propext, Classical.choice, Quot.sound]
ℹ [8811/8819] Built NLA.IE06.SelectedBlockCandidates (6.3s)
info: NLA/IE06/SelectedBlockCandidates.lean:140:0: 'NLA.IE06.SelectedBlockCandidates.actualBlock' depends on axioms: [propext, Classical.choice, Quot.sound]
info: NLA/IE06/SelectedBlockCandidates.lean:142:0: 'NLA.IE06.SelectedBlockCandidates.extendedBlock' depends on axioms: [propext, Classical.choice, Quot.sound]
info: NLA/IE06/SelectedBlockCandidates.lean:144:0: 'NLA.IE06.SelectedBlockCandidates.nextOrder' depends on axioms: [propext, Classical.choice, Quot.sound]
info: NLA/IE06/SelectedBlockCandidates.lean:146:0: 'NLA.IE06.SelectedBlockCandidates.rowSet' depends on axioms: [propext, Classical.choice, Quot.sound]
info: NLA/IE06/SelectedBlockCandidates.lean:148:0: 'NLA.IE06.SelectedBlockCandidates.rowSet_card' depends on axioms: [propext, Classical.choice, Quot.sound]
info: NLA/IE06/SelectedBlockCandidates.lean:150:0: 'NLA.IE06.SelectedBlockCandidates.mem_rowSet' depends on axioms: [propext, Classical.choice, Quot.sound]
info: NLA/IE06/SelectedBlockCandidates.lean:152:0: 'NLA.IE06.SelectedBlockCandidates.rowSetEquiv' depends on axioms: [propext, Classical.choice, Quot.sound]
info: NLA/IE06/SelectedBlockCandidates.lean:154:0: 'NLA.IE06.SelectedBlockCandidates.rowSetEquiv_apply' depends on axioms: [propext, Classical.choice, Quot.sound]
info: NLA/IE06/SelectedBlockCandidates.lean:156:0: 'NLA.IE06.SelectedBlockCandidates.pivotOrder_prefix' depends on axioms: [propext, Classical.choice, Quot.sound]
info: NLA/IE06/SelectedBlockCandidates.lean:158:0: 'NLA.IE06.SelectedBlockCandidates.nextOrder_avoids_prefix' depends on axioms: [propext, Classical.choice, Quot.sound]
info: NLA/IE06/SelectedBlockCandidates.lean:160:0: 'NLA.IE06.SelectedBlockCandidates.candidateBlock_actual' depends on axioms: [propext, Classical.choice, Quot.sound]
info: NLA/IE06/SelectedBlockCandidates.lean:162:0: 'NLA.IE06.SelectedBlockCandidates.stack_actual' depends on axioms: [propext, Classical.choice, Quot.sound]
info: NLA/IE06/SelectedBlockCandidates.lean:164:0: 'NLA.IE06.SelectedBlockCandidates.fixedCandidateEvent' depends on axioms: [propext, Classical.choice, Quot.sound]
info: NLA/IE06/SelectedBlockCandidates.lean:166:0: 'NLA.IE06.SelectedBlockCandidates.fixedCandidateEvent_measure_le' depends on axioms: [propext,
 Classical.choice,
 Quot.sound]
info: NLA/IE06/SelectedBlockCandidates.lean:168:0: 'NLA.IE06.SelectedBlockCandidates.actual_event_subset_candidates' depends on axioms: [propext,
 Classical.choice,
 Quot.sound]
info: NLA/IE06/SelectedBlockCandidates.lean:170:0: 'NLA.IE06.SelectedBlockCandidates.card_ordered_candidates_le' depends on axioms: [propext, Classical.choice, Quot.sound]
info: NLA/IE06/SelectedBlockCandidates.lean:172:0: 'NLA.IE06.SelectedBlockCandidates.actual_stacking_union_tail' depends on axioms: [propext, Classical.choice, Quot.sound]
ℹ [8812/8819] Built NLA.IE06.GaussianAdaptiveAppend (4.8s)
info: NLA/IE06/GaussianAdaptiveAppend.lean:140:0: 'NLA.IE06.GaussianAdaptiveAppend.gaussianMatrix_prob' depends on axioms: [propext, Classical.choice, Quot.sound]
info: NLA/IE06/GaussianAdaptiveAppend.lean:142:0: 'NLA.IE06.GaussianAdaptiveAppend.gaussianRect_prob' depends on axioms: [propext, Classical.choice, Quot.sound]
info: NLA/IE06/GaussianAdaptiveAppend.lean:144:0: 'NLA.IE06.GaussianAdaptiveAppend.matrixMeasurable' depends on axioms: [propext, Classical.choice, Quot.sound]
info: NLA/IE06/GaussianAdaptiveAppend.lean:146:0: 'NLA.IE06.GaussianAdaptiveAppend.freshWindow' depends on axioms: [propext, Classical.choice, Quot.sound]
info: NLA/IE06/GaussianAdaptiveAppend.lean:148:0: 'NLA.IE06.GaussianAdaptiveAppend.freshWindow_measurable' depends on axioms: [propext, Classical.choice, Quot.sound]
info: NLA/IE06/GaussianAdaptiveAppend.lean:150:0: 'NLA.IE06.GaussianAdaptiveAppend.freshWindow_measurePreserving' depends on axioms: [propext,
 Classical.choice,
 Quot.sound]
info: NLA/IE06/GaussianAdaptiveAppend.lean:152:0: 'NLA.IE06.GaussianAdaptiveAppend.past_fresh_joint_law' depends on axioms: [propext, Classical.choice, Quot.sound]
info: NLA/IE06/GaussianAdaptiveAppend.lean:154:0: 'NLA.IE06.GaussianAdaptiveAppend.pivotOrder_pastMatrix' depends on axioms: [propext, Classical.choice, Quot.sound]
info: NLA/IE06/GaussianAdaptiveAppend.lean:156:0: 'NLA.IE06.GaussianAdaptiveAppend.actualBlock_pastMatrix' depends on axioms: [propext, Classical.choice, Quot.sound]
info: NLA/IE06/GaussianAdaptiveAppend.lean:158:0: 'NLA.IE06.GaussianAdaptiveAppend.actualBlock_measurable' depends on axioms: [propext, Classical.choice, Quot.sound]
info: NLA/IE06/GaussianAdaptiveAppend.lean:160:0: 'NLA.IE06.GaussianAdaptiveAppend.selectedFresh' depends on axioms: [propext, Classical.choice, Quot.sound]
info: NLA/IE06/GaussianAdaptiveAppend.lean:162:0: 'NLA.IE06.GaussianAdaptiveAppend.selectedFresh_measurable' depends on axioms: [propext, Classical.choice, Quot.sound]
info: NLA/IE06/GaussianAdaptiveAppend.lean:164:0: 'NLA.IE06.GaussianAdaptiveAppend.selectedFresh_measurePreserving' depends on axioms: [propext,
 Classical.choice,
 Quot.sound]
info: NLA/IE06/GaussianAdaptiveAppend.lean:166:0: 'NLA.IE06.GaussianAdaptiveAppend.extendedBlock_eq_append' depends on axioms: [propext, Classical.choice, Quot.sound]
info: NLA/IE06/GaussianAdaptiveAppend.lean:168:0: 'NLA.IE06.GaussianAdaptiveAppend.adaptive_append_event_le' depends on axioms: [propext, Classical.choice, Quot.sound]
ℹ [8813/8819] Built NLA.IE06.SelectedBlockAppend (4.9s)
info: NLA/IE06/SelectedBlockAppend.lean:126:0: 'NLA.IE06.SelectedBlockAppend.matrixMeasurable' depends on axioms: [propext, Classical.choice, Quot.sound]
info: NLA/IE06/SelectedBlockAppend.lean:128:0: 'NLA.IE06.SelectedBlockAppend.matrixBorel' depends on axioms: [propext, Classical.choice, Quot.sound]
info: NLA/IE06/SelectedBlockAppend.lean:130:0: 'NLA.IE06.SelectedBlockAppend.appendScale' depends on axioms: [propext, Classical.choice, Quot.sound]
info: NLA/IE06/SelectedBlockAppend.lean:132:0: 'NLA.IE06.SelectedBlockAppend.appendScale_pos' depends on axioms: [propext, Classical.choice, Quot.sound]
info: NLA/IE06/SelectedBlockAppend.lean:134:0: 'NLA.IE06.SelectedBlockAppend.appendScale_sq' depends on axioms: [propext, Classical.choice, Quot.sound]
info: NLA/IE06/SelectedBlockAppend.lean:136:0: 'NLA.IE06.SelectedBlockAppend.append_surjective' depends on axioms: [propext, Classical.choice, Quot.sound]
info: NLA/IE06/SelectedBlockAppend.lean:138:0: 'NLA.IE06.SelectedBlockAppend.initialGood' depends on axioms: [propext, Classical.choice, Quot.sound]
info: NLA/IE06/SelectedBlockAppend.lean:140:0: 'NLA.IE06.SelectedBlockAppend.measurableSet_initialGood' depends on axioms: [propext, Classical.choice, Quot.sound]
info: NLA/IE06/SelectedBlockAppend.lean:142:0: 'NLA.IE06.SelectedBlockAppend.appendBadEvent' depends on axioms: [propext, Classical.choice, Quot.sound]
info: NLA/IE06/SelectedBlockAppend.lean:144:0: 'NLA.IE06.SelectedBlockAppend.measurableSet_appendBadEvent' depends on axioms: [propext, Classical.choice, Quot.sound]
info: NLA/IE06/SelectedBlockAppend.lean:146:0: 'NLA.IE06.SelectedBlockAppend.appendBadEvent_fiber_le' depends on axioms: [propext, Classical.choice, Quot.sound]
info: NLA/IE06/SelectedBlockAppend.lean:148:0: 'NLA.IE06.SelectedBlockAppend.actual_append_bad_tail' depends on axioms: [propext, Classical.choice, Quot.sound]
ℹ [8814/8819] Built NLA.IE06.SelectedBlockExtensionCore (4.8s)
info: NLA/IE06/SelectedBlockExtensionCore.lean:66:0: 'NLA.IE06.SelectedBlockExtensionCore.extension_tail_of_threshold' depends on axioms: [propext,
 Classical.choice,
 Quot.sound]
ℹ [8815/8819] Built NLA.IE06.SelectedBlockExtension (5.3s)
info: NLA/IE06/SelectedBlockExtension.lean:65:0: 'NLA.IE06.SelectedBlockExtension.failure_sum_le' depends on axioms: [propext, Classical.choice, Quot.sound]
info: NLA/IE06/SelectedBlockExtension.lean:67:0: 'NLA.IE06.SelectedBlockExtension.extension_tail' depends on axioms: [propext, Classical.choice, Quot.sound]
info: NLA/IE06/SelectedBlockExtension.lean:69:0: 'NLA.IE06.SelectedBlockExtension.extension_bound' depends on axioms: [propext, Classical.choice, Quot.sound]
ℹ [8816/8819] Built NLA.IE06.GaussianSpectralProfile (4.4s)
info: NLA/IE06/GaussianSpectralProfile.lean:36:0: 'NLA.IE06.GaussianSpectralProfile.profileConstant' depends on axioms: [propext, Classical.choice, Quot.sound]
info: NLA/IE06/GaussianSpectralProfile.lean:38:0: 'NLA.IE06.GaussianSpectralProfile.profileConstant_nonneg' depends on axioms: [propext, Classical.choice, Quot.sound]
info: NLA/IE06/GaussianSpectralProfile.lean:40:0: 'NLA.IE06.GaussianSpectralProfile.inverse_tail' depends on axioms: [propext, Classical.choice, Quot.sound]
info: NLA/IE06/GaussianSpectralProfile.lean:42:0: 'NLA.IE06.GaussianSpectralProfile.exists_inverse_tail' depends on axioms: [propext, Classical.choice, Quot.sound]
ℹ [8817/8819] Built NLA.IE06.Unconditional (4.3s)
info: NLA/IE06/Unconditional.lean:24:0: 'NLA.IE06.schurSubpolynomialTail_proved' depends on axioms: [propext, Classical.choice, Quot.sound]
info: NLA/IE06/Unconditional.lean:25:0: 'NLA.IE06.squareRootUpperBound_proved' depends on axioms: [propext, Classical.choice, Quot.sound]
ℹ [8818/8819] Built Solution (4.4s)
info: Solution.lean:33:0: 'NLA.IE06.squareRootUpperBound' depends on axioms: [propext, Classical.choice, Quot.sound]
info: Solution.lean:34:0: 'NLA.IE06.schurSubpolynomialTail' depends on axioms: [propext, Classical.choice, Quot.sound]
info: Solution.lean:35:0: 'NLA.IE06.gaussianMatrix_probability' depends on axioms: [propext, Classical.choice, Quot.sound]
info: Solution.lean:36:0: 'NLA.IE06.exceedanceEvent_measurable' depends on axioms: [propext, Classical.choice, Quot.sound]
info: Solution.lean:37:0: 'NLA.IE06.admissiblePath_exists' depends on axioms: [propext, Classical.choice, Quot.sound]
info: Solution.lean:38:0: 'NLA.IE06.gaussianMatrix_singular_null' depends on axioms: [propext, Classical.choice, Quot.sound]
Build completed successfully (8819 jobs).
Exporting #[Quot, Quot.mk, Quot.lift, Quot.ind, NLA.IE06.squareRootUpperBound, NLA.IE06.schurSubpolynomialTail, NLA.IE06.gaussianMatrix_probability, NLA.IE06.exceedanceEvent_measurable, NLA.IE06.admissiblePath_exists, NLA.IE06.gaussianMatrix_singular_null, propext, Classical.choice, Quot.sound, Nat.add, Nat.sub, Nat.mul, Nat.pow, Nat.gcd, Nat.div, Nat.mod, Nat.beq, Nat.ble, Nat.land, Nat.lor, Nat.xor, Nat.shiftLeft, Nat.shiftRight, String.ofList, Char.ofNat, List, eagerReduce, Nat, String, String.mk, Char, optParam, autoParam, semiOutParam, outParam] from Solution
Running Lean default kernel on solution.
Lean default kernel accepts the solution
Your solution is okay!

EXIT_STATUS=0
