2026-09-19T08:09:01.7104253Z Current runner version: '2.337.0'
2026-09-19T08:09:01.7125474Z ##[group]Runner Image Provisioner
2026-09-19T08:09:01.7126275Z Hosted Compute Agent
2026-09-19T08:09:01.7126838Z Version: 20260828.587
2026-09-19T08:09:01.7127364Z Commit: abac92662cab4cc7352de4f9f9d2e2419aad9c29
2026-09-19T08:09:01.7127973Z Build Date: 2026-08-28T16:44:25Z
2026-09-19T08:09:01.7128567Z Worker ID: {1a5c875b-b521-49ed-a644-e456661bc5f8}
2026-09-19T08:09:01.7129142Z Azure Region: westus3
2026-09-19T08:09:01.7129648Z ##[endgroup]
2026-09-19T08:09:01.7130798Z ##[group]Operating System
2026-09-19T08:09:01.7131337Z Ubuntu
2026-09-19T08:09:01.7131835Z 24.04.5
2026-09-19T08:09:01.7132356Z LTS
2026-09-19T08:09:01.7132822Z ##[endgroup]
2026-09-19T08:09:01.7133277Z ##[group]Runner Image
2026-09-19T08:09:01.7133953Z Image: ubuntu-24.04
2026-09-19T08:09:01.7134509Z Version: 20260907.300.1
2026-09-19T08:09:01.7135528Z Included Software: https://github.com/actions/runner-images/blob/ubuntu24/20260907.300/images/ubuntu/Ubuntu2404-Readme.md
2026-09-19T08:09:01.7136809Z Image Release: https://github.com/actions/runner-images/releases/tag/ubuntu24%2F20260907.300
2026-09-19T08:09:01.7137591Z ##[endgroup]
2026-09-19T08:09:01.7138687Z ##[group]GITHUB_TOKEN Permissions
2026-09-19T08:09:01.7140283Z Contents: read
2026-09-19T08:09:01.7140875Z Metadata: read
2026-09-19T08:09:01.7141371Z ##[endgroup]
2026-09-19T08:09:01.7143142Z Secret source: None
2026-09-19T08:09:01.7144104Z Cache mode: write
2026-09-19T08:09:01.7144711Z Prepare workflow directory
2026-09-19T08:09:01.7407504Z Prepare all required actions
2026-09-19T08:09:01.7448377Z Getting action download info
2026-09-19T08:09:02.0473470Z Download action repository 'actions/checkout@11d5960a326750d5838078e36cf38b85af677262' (SHA:11d5960a326750d5838078e36cf38b85af677262)
2026-09-19T08:09:02.1808436Z Download action repository 'actions/setup-go@924ae3a1cded613372ab5595356fb5720e22ba16' (SHA:924ae3a1cded613372ab5595356fb5720e22ba16)
2026-09-19T08:09:02.9037005Z Download action repository 'leanprover/lean-action@96e06131c0e9943c780388fd166f55d1e2fa0433' (SHA:96e06131c0e9943c780388fd166f55d1e2fa0433)
2026-09-19T08:09:03.2422072Z Download action repository 'actions/upload-artifact@ea165f8d65b6e75b540449e92b4886f43607fa02' (SHA:ea165f8d65b6e75b540449e92b4886f43607fa02)
2026-09-19T08:09:03.5574244Z Getting action download info
2026-09-19T08:09:03.6798506Z Download action repository 'actions/cache@v5' (SHA:caa296126883cff596d87d8935842f9db880ef25)
2026-09-19T08:09:04.2977279Z Complete job name: verify (NR-04, nonnegative-and-positive-factorizations/NR-04/lean)
2026-09-19T08:09:04.3549027Z Node 20 is being deprecated. This workflow is running with Node 24 by default. If you need to temporarily use Node 20, you can set the ACTIONS_ALLOW_USE_UNSECURE_NODE_VERSION=true environment variable. For more information see: https://github.blog/changelog/2025-09-19-deprecation-of-node-20-on-github-actions-runners/
2026-09-19T08:09:04.3555387Z ##[group]Run actions/checkout@11d5960a326750d5838078e36cf38b85af677262
2026-09-19T08:09:04.3555861Z with:
2026-09-19T08:09:04.3556080Z   persist-credentials: false
2026-09-19T08:09:04.3556359Z   repository: ajt60gaibb/OpenProblemsInNLA
2026-09-19T08:09:04.3558282Z   token: ***
2026-09-19T08:09:04.3558503Z   ssh-strict: true
2026-09-19T08:09:04.3558719Z   ssh-user: git
2026-09-19T08:09:04.3558934Z   clean: true
2026-09-19T08:09:04.3559159Z   sparse-checkout-cone-mode: true
2026-09-19T08:09:04.3559425Z   fetch-depth: 1
2026-09-19T08:09:04.3559634Z   fetch-tags: false
2026-09-19T08:09:04.3559862Z   show-progress: true
2026-09-19T08:09:04.3560109Z   lfs: false
2026-09-19T08:09:04.3560370Z   submodules: false
2026-09-19T08:09:04.3560589Z   set-safe-directory: true
2026-09-19T08:09:04.3560834Z   allow-unsafe-pr-checkout: false
2026-09-19T08:09:04.3561216Z ##[endgroup]
2026-09-19T08:09:04.4353325Z Syncing repository: ajt60gaibb/OpenProblemsInNLA
2026-09-19T08:09:04.4355129Z ##[group]Getting Git version info
2026-09-19T08:09:04.4355870Z Working directory is '/home/runner/work/OpenProblemsInNLA/OpenProblemsInNLA'
2026-09-19T08:09:04.4357119Z [command]/usr/bin/git version
2026-09-19T08:09:04.4750165Z git version 2.55.0
2026-09-19T08:09:04.4766520Z ##[endgroup]
2026-09-19T08:09:04.4778793Z Temporarily overriding HOME='/home/runner/work/_temp/3f0e3be3-94b3-4dba-8cf6-b08e5c8119e3' before making global git config changes
2026-09-19T08:09:04.4779964Z Adding repository directory to the temporary git global config as a safe directory
2026-09-19T08:09:04.4783128Z [command]/usr/bin/git config --global --add safe.directory /home/runner/work/OpenProblemsInNLA/OpenProblemsInNLA
2026-09-19T08:09:04.4829099Z Deleting the contents of '/home/runner/work/OpenProblemsInNLA/OpenProblemsInNLA'
2026-09-19T08:09:04.4832514Z ##[group]Initializing the repository
2026-09-19T08:09:04.4836406Z [command]/usr/bin/git init /home/runner/work/OpenProblemsInNLA/OpenProblemsInNLA
2026-09-19T08:09:04.4910113Z hint: Using 'master' as the name for the initial branch. This default branch name
2026-09-19T08:09:04.4910975Z hint: will change to "main" in Git 3.0. To configure the initial branch name
2026-09-19T08:09:04.4914167Z hint: to use in all of your new repositories, which will suppress this warning,
2026-09-19T08:09:04.4914737Z hint: call:
2026-09-19T08:09:04.4915033Z hint:
2026-09-19T08:09:04.4915506Z hint: 	git config --global init.defaultBranch <name>
2026-09-19T08:09:04.4916081Z hint:
2026-09-19T08:09:04.4916562Z hint: Names commonly chosen instead of 'master' are 'main', 'trunk' and
2026-09-19T08:09:04.4917385Z hint: 'development'. The just-created branch can be renamed via this command:
2026-09-19T08:09:04.4917997Z hint:
2026-09-19T08:09:04.4918333Z hint: 	git branch -m <name>
2026-09-19T08:09:04.4918786Z hint:
2026-09-19T08:09:04.4919375Z hint: Disable this message with "git config set advice.defaultBranchName false"
2026-09-19T08:09:04.4920360Z Initialized empty Git repository in /home/runner/work/OpenProblemsInNLA/OpenProblemsInNLA/.git/
2026-09-19T08:09:04.4922031Z [command]/usr/bin/git remote add origin https://github.com/ajt60gaibb/OpenProblemsInNLA
2026-09-19T08:09:04.4961981Z ##[endgroup]
2026-09-19T08:09:04.4962578Z ##[group]Disabling automatic garbage collection
2026-09-19T08:09:04.4966077Z [command]/usr/bin/git config --local gc.auto 0
2026-09-19T08:09:04.4994615Z ##[endgroup]
2026-09-19T08:09:04.4995183Z ##[group]Setting up auth
2026-09-19T08:09:04.5004800Z [command]/usr/bin/git config --local --name-only --get-regexp core\.sshCommand
2026-09-19T08:09:04.5031830Z [command]/usr/bin/git submodule foreach --recursive sh -c "git config --local --name-only --get-regexp 'core\.sshCommand' && git config --local --unset-all 'core.sshCommand' || :"
2026-09-19T08:09:04.7602732Z [command]/usr/bin/git config --local --name-only --get-regexp http\.https\:\/\/github\.com\/\.extraheader
2026-09-19T08:09:04.7638447Z [command]/usr/bin/git submodule foreach --recursive sh -c "git config --local --name-only --get-regexp 'http\.https\:\/\/github\.com\/\.extraheader' && git config --local --unset-all 'http.https://github.com/.extraheader' || :"
2026-09-19T08:09:04.7847768Z [command]/usr/bin/git config --local --name-only --get-regexp ^includeIf\.gitdir:
2026-09-19T08:09:04.7879590Z [command]/usr/bin/git submodule foreach --recursive git config --local --show-origin --name-only --get-regexp remote.origin.url
2026-09-19T08:09:04.8083291Z [command]/usr/bin/git config --local http.https://github.com/.extraheader AUTHORIZATION: basic ***
2026-09-19T08:09:04.8633494Z ##[endgroup]
2026-09-19T08:09:04.8634108Z ##[group]Fetching the repository
2026-09-19T08:09:04.8641516Z [command]/usr/bin/git -c protocol.version=2 fetch --no-tags --prune --no-recurse-submodules --depth=1 origin +32675f76a3e1d290dcf4fff68ed496d911896bb2:refs/remotes/pull/304/merge
2026-09-19T08:09:16.7433083Z From https://github.com/ajt60gaibb/OpenProblemsInNLA
2026-09-19T08:09:16.7435529Z  * [new ref]           32675f76a3e1d290dcf4fff68ed496d911896bb2 -> pull/304/merge
2026-09-19T08:09:16.7444356Z ##[endgroup]
2026-09-19T08:09:16.7445311Z ##[group]Determining the checkout info
2026-09-19T08:09:16.7446320Z ##[endgroup]
2026-09-19T08:09:16.7446747Z [command]/usr/bin/git sparse-checkout disable
2026-09-19T08:09:16.7504682Z [command]/usr/bin/git config --local --unset-all extensions.worktreeConfig
2026-09-19T08:09:16.7528212Z ##[group]Checking out the ref
2026-09-19T08:09:16.7528594Z [command]/usr/bin/git checkout --progress --force refs/remotes/pull/304/merge
2026-09-19T08:09:17.8186451Z Updating files:  39% (15481/39255)
2026-09-19T08:09:17.8379579Z Updating files:  40% (15702/39255)
2026-09-19T08:09:17.8586539Z Updating files:  41% (16095/39255)
2026-09-19T08:09:17.8775026Z Updating files:  42% (16488/39255)
2026-09-19T08:09:17.8966492Z Updating files:  43% (16880/39255)
2026-09-19T08:09:17.9513228Z Updating files:  44% (17273/39255)
2026-09-19T08:09:17.9769053Z Updating files:  45% (17665/39255)
2026-09-19T08:09:18.0044705Z Updating files:  46% (18058/39255)
2026-09-19T08:09:18.0273286Z Updating files:  47% (18450/39255)
2026-09-19T08:09:18.1778973Z Updating files:  48% (18843/39255)
2026-09-19T08:09:18.2003890Z Updating files:  49% (19235/39255)
2026-09-19T08:09:18.2194889Z Updating files:  50% (19628/39255)
2026-09-19T08:09:18.2430400Z Updating files:  51% (20021/39255)
2026-09-19T08:09:18.2692431Z Updating files:  52% (20413/39255)
2026-09-19T08:09:18.2946395Z Updating files:  53% (20806/39255)
2026-09-19T08:09:18.3126514Z Updating files:  54% (21198/39255)
2026-09-19T08:09:18.3361680Z Updating files:  55% (21591/39255)
2026-09-19T08:09:18.3551559Z Updating files:  56% (21983/39255)
2026-09-19T08:09:18.3765586Z Updating files:  57% (22376/39255)
2026-09-19T08:09:18.3954739Z Updating files:  58% (22768/39255)
2026-09-19T08:09:18.4195753Z Updating files:  59% (23161/39255)
2026-09-19T08:09:18.4472760Z Updating files:  60% (23553/39255)
2026-09-19T08:09:18.4766160Z Updating files:  61% (23946/39255)
2026-09-19T08:09:18.4984713Z Updating files:  62% (24339/39255)
2026-09-19T08:09:18.5174557Z Updating files:  63% (24731/39255)
2026-09-19T08:09:18.5337281Z Updating files:  64% (25124/39255)
2026-09-19T08:09:18.5508960Z Updating files:  65% (25516/39255)
2026-09-19T08:09:18.5686720Z Updating files:  66% (25909/39255)
2026-09-19T08:09:18.5856359Z Updating files:  67% (26301/39255)
2026-09-19T08:09:18.6113846Z Updating files:  68% (26694/39255)
2026-09-19T08:09:18.6372699Z Updating files:  69% (27086/39255)
2026-09-19T08:09:18.6595184Z Updating files:  70% (27479/39255)
2026-09-19T08:09:18.6795146Z Updating files:  71% (27872/39255)
2026-09-19T08:09:18.7009216Z Updating files:  72% (28264/39255)
2026-09-19T08:09:18.7176399Z Updating files:  73% (28657/39255)
2026-09-19T08:09:18.7362550Z Updating files:  74% (29049/39255)
2026-09-19T08:09:18.7547726Z Updating files:  75% (29442/39255)
2026-09-19T08:09:18.7683430Z Updating files:  76% (29834/39255)
2026-09-19T08:09:18.7885323Z Updating files:  77% (30227/39255)
2026-09-19T08:09:18.7890633Z Updating files:  78% (30619/39255)
2026-09-19T08:09:18.8113140Z Updating files:  78% (30632/39255)
2026-09-19T08:09:18.8266059Z Updating files:  79% (31012/39255)
2026-09-19T08:09:18.8469429Z Updating files:  80% (31404/39255)
2026-09-19T08:09:18.8644202Z Updating files:  81% (31797/39255)
2026-09-19T08:09:18.8808953Z Updating files:  82% (32190/39255)
2026-09-19T08:09:18.9173748Z Updating files:  83% (32582/39255)
2026-09-19T08:09:18.9345819Z Updating files:  84% (32975/39255)
2026-09-19T08:09:18.9635986Z Updating files:  85% (33367/39255)
2026-09-19T08:09:19.0973152Z Updating files:  86% (33760/39255)
2026-09-19T08:09:19.1402463Z Updating files:  87% (34152/39255)
2026-09-19T08:09:19.1864568Z Updating files:  88% (34545/39255)
2026-09-19T08:09:19.3095268Z Updating files:  89% (34937/39255)
2026-09-19T08:09:19.3452459Z Updating files:  90% (35330/39255)
2026-09-19T08:09:19.4106757Z Updating files:  91% (35723/39255)
2026-09-19T08:09:19.4667490Z Updating files:  92% (36115/39255)
2026-09-19T08:09:19.5426431Z Updating files:  93% (36508/39255)
2026-09-19T08:09:19.5712896Z Updating files:  94% (36900/39255)
2026-09-19T08:09:19.5938918Z Updating files:  95% (37293/39255)
2026-09-19T08:09:19.6224027Z Updating files:  96% (37685/39255)
2026-09-19T08:09:19.7533287Z Updating files:  97% (38078/39255)
2026-09-19T08:09:19.7724623Z Updating files:  98% (38470/39255)
2026-09-19T08:09:19.7893047Z Updating files:  99% (38863/39255)
2026-09-19T08:09:19.7905918Z Updating files:  99% (39225/39255)
2026-09-19T08:09:19.7906324Z Updating files: 100% (39255/39255)
2026-09-19T08:09:19.7907001Z Updating files: 100% (39255/39255), done.
2026-09-19T08:09:19.8300359Z Note: switching to 'refs/remotes/pull/304/merge'.
2026-09-19T08:09:19.8300704Z 
2026-09-19T08:09:19.8300992Z You are in 'detached HEAD' state. You can look around, make experimental
2026-09-19T08:09:19.8301560Z changes and commit them, and you can discard any commits you make in this
2026-09-19T08:09:19.8302117Z state without impacting any branches by switching back to a branch.
2026-09-19T08:09:19.8302419Z 
2026-09-19T08:09:19.8302615Z If you want to create a new branch to retain commits you create, you may
2026-09-19T08:09:19.8303145Z do so (now or later) by using -c with the switch command. Example:
2026-09-19T08:09:19.8303466Z 
2026-09-19T08:09:19.8303770Z   git switch -c <new-branch-name>
2026-09-19T08:09:19.8303964Z 
2026-09-19T08:09:19.8304079Z Or undo this operation with:
2026-09-19T08:09:19.8304250Z 
2026-09-19T08:09:19.8304352Z   git switch -
2026-09-19T08:09:19.8304487Z 
2026-09-19T08:09:19.8304736Z Turn off this advice by setting config variable advice.detachedHead to false
2026-09-19T08:09:19.8305094Z 
2026-09-19T08:09:19.8305527Z HEAD is now at 32675f76 Merge f488b0cfe2175e5e50d439c5a4115accc4b07b6d into 71563f17926cd826a892c2bba0e294894ee57a5c
2026-09-19T08:09:19.8400420Z ##[endgroup]
2026-09-19T08:09:19.8445650Z [command]/usr/bin/git log -1 --format=%H
2026-09-19T08:09:19.8471354Z 32675f76a3e1d290dcf4fff68ed496d911896bb2
2026-09-19T08:09:19.8482616Z ##[group]Removing auth
2026-09-19T08:09:19.8484095Z [command]/usr/bin/git config --local --name-only --get-regexp core\.sshCommand
2026-09-19T08:09:19.8515642Z [command]/usr/bin/git submodule foreach --recursive sh -c "git config --local --name-only --get-regexp 'core\.sshCommand' && git config --local --unset-all 'core.sshCommand' || :"
2026-09-19T08:09:19.8740920Z [command]/usr/bin/git config --local --name-only --get-regexp http\.https\:\/\/github\.com\/\.extraheader
2026-09-19T08:09:19.8768732Z http.https://github.com/.extraheader
2026-09-19T08:09:19.8775707Z [command]/usr/bin/git config --local --unset-all http.https://github.com/.extraheader
2026-09-19T08:09:19.8810245Z [command]/usr/bin/git submodule foreach --recursive sh -c "git config --local --name-only --get-regexp 'http\.https\:\/\/github\.com\/\.extraheader' && git config --local --unset-all 'http.https://github.com/.extraheader' || :"
2026-09-19T08:09:19.9036760Z [command]/usr/bin/git config --local --name-only --get-regexp ^includeIf\.gitdir:
2026-09-19T08:09:19.9067034Z [command]/usr/bin/git submodule foreach --recursive git config --local --show-origin --name-only --get-regexp remote.origin.url
2026-09-19T08:09:19.9292349Z ##[endgroup]
2026-09-19T08:09:19.9461411Z ##[group]Run python3 -m pip install -r tools/lean/requirements.txt
2026-09-19T08:09:19.9461888Z [36;1mpython3 -m pip install -r tools/lean/requirements.txt[0m
2026-09-19T08:09:19.9462250Z [36;1mpython3 tools/lean/validate_manifest.py "$LEAN_PROJECT"[0m
2026-09-19T08:09:19.9496820Z shell: /usr/bin/bash -e {0}
2026-09-19T08:09:19.9497062Z env:
2026-09-19T08:09:19.9497319Z   LEAN_PROJECT: nonnegative-and-positive-factorizations/NR-04/lean
2026-09-19T08:09:19.9497617Z ##[endgroup]
2026-09-19T08:09:21.1455280Z Defaulting to user installation because normal site-packages is not writeable
2026-09-19T08:09:22.3133498Z Collecting PyYAML==6.0.3 (from -r tools/lean/requirements.txt (line 1))
2026-09-19T08:09:22.3569219Z   Downloading pyyaml-6.0.3-cp312-cp312-manylinux2014_x86_64.manylinux_2_17_x86_64.manylinux_2_28_x86_64.whl.metadata (2.4 kB)
2026-09-19T08:09:22.3829889Z Collecting jsonschema==4.26.0 (from -r tools/lean/requirements.txt (line 2))
2026-09-19T08:09:22.3925523Z   Downloading jsonschema-4.26.0-py3-none-any.whl.metadata (7.6 kB)
2026-09-19T08:09:22.4285921Z Requirement already satisfied: attrs>=22.2.0 in /usr/lib/python3/dist-packages (from jsonschema==4.26.0->-r tools/lean/requirements.txt (line 2)) (23.2.0)
2026-09-19T08:09:22.4413215Z Collecting jsonschema-specifications>=2023.03.6 (from jsonschema==4.26.0->-r tools/lean/requirements.txt (line 2))
2026-09-19T08:09:22.4508785Z   Downloading jsonschema_specifications-2025.9.1-py3-none-any.whl.metadata (2.9 kB)
2026-09-19T08:09:22.4777664Z Collecting referencing>=0.28.4 (from jsonschema==4.26.0->-r tools/lean/requirements.txt (line 2))
2026-09-19T08:09:22.4874982Z   Downloading referencing-0.37.0-py3-none-any.whl.metadata (2.8 kB)
2026-09-19T08:09:22.7050598Z Collecting rpds-py>=0.25.0 (from jsonschema==4.26.0->-r tools/lean/requirements.txt (line 2))
2026-09-19T08:09:22.7158764Z   Downloading rpds_py-2026.6.3-cp312-cp312-manylinux_2_17_x86_64.manylinux2014_x86_64.whl.metadata (4.1 kB)
2026-09-19T08:09:22.7411839Z Requirement already satisfied: typing-extensions>=4.4.0 in /usr/lib/python3/dist-packages (from referencing>=0.28.4->jsonschema==4.26.0->-r tools/lean/requirements.txt (line 2)) (4.10.0)
2026-09-19T08:09:22.7530032Z Downloading pyyaml-6.0.3-cp312-cp312-manylinux2014_x86_64.manylinux_2_17_x86_64.manylinux_2_28_x86_64.whl (807 kB)
2026-09-19T08:09:22.8039582Z    ━━━━━━━━━━━━━━━━━━━━━━━━━━━━━━━━━━━━━━━━ 807.9/807.9 kB 16.5 MB/s eta 0:00:00
2026-09-19T08:09:22.8134587Z Downloading jsonschema-4.26.0-py3-none-any.whl (90 kB)
2026-09-19T08:09:22.8167850Z    ━━━━━━━━━━━━━━━━━━━━━━━━━━━━━━━━━━━━━━━━ 90.6/90.6 kB 41.4 MB/s eta 0:00:00
2026-09-19T08:09:22.8262792Z Downloading jsonschema_specifications-2025.9.1-py3-none-any.whl (18 kB)
2026-09-19T08:09:22.8373923Z Downloading referencing-0.37.0-py3-none-any.whl (26 kB)
2026-09-19T08:09:22.8588355Z Downloading rpds_py-2026.6.3-cp312-cp312-manylinux_2_17_x86_64.manylinux2014_x86_64.whl (366 kB)
2026-09-19T08:09:22.8634444Z    ━━━━━━━━━━━━━━━━━━━━━━━━━━━━━━━━━━━━━━━ 366.2/366.2 kB 115.6 MB/s eta 0:00:00
2026-09-19T08:09:23.0714377Z Installing collected packages: rpds-py, PyYAML, referencing, jsonschema-specifications, jsonschema
2026-09-19T08:09:23.2048168Z Successfully installed PyYAML-6.0.3 jsonschema-4.26.0 jsonschema-specifications-2025.9.1 referencing-0.37.0 rpds-py-2026.6.3
2026-09-19T08:09:23.4076313Z Manifest schema and comparator coverage: PASS (15 declarations)
2026-09-19T08:09:23.4267185Z ##[group]Run actions/setup-go@924ae3a1cded613372ab5595356fb5720e22ba16
2026-09-19T08:09:23.4267499Z with:
2026-09-19T08:09:23.4267666Z   go-version: 1.27.1
2026-09-19T08:09:23.4267838Z   cache: false
2026-09-19T08:09:23.4268010Z   check-latest: false
2026-09-19T08:09:23.4269781Z   token: ***
2026-09-19T08:09:23.4269953Z ##[endgroup]
2026-09-19T08:09:23.5247023Z Setup go version spec 1.27.1
2026-09-19T08:09:23.5256178Z Attempting to download 1.27.1...
2026-09-19T08:09:24.4661012Z matching 1.27.1...
2026-09-19T08:09:24.4680815Z Acquiring 1.27.1 from https://github.com/actions/go-versions/releases/download/1.27.1-33583469715/go-1.27.1-linux-x64.tar.gz
2026-09-19T08:09:24.9717921Z Extracting Go...
2026-09-19T08:09:24.9799704Z [command]/usr/bin/tar xz --warning=no-unknown-keyword --overwrite -C /home/runner/work/_temp/9794ad82-df61-49d2-84cc-aac3eea2d739 -f /home/runner/work/_temp/b49eb028-5f72-4aec-bc36-65f43e25e8b1
2026-09-19T08:09:26.4002854Z Successfully extracted go to /home/runner/work/_temp/9794ad82-df61-49d2-84cc-aac3eea2d739
2026-09-19T08:09:26.4003381Z Adding to the cache ...
2026-09-19T08:09:33.5868245Z Successfully cached go to /opt/hostedtoolcache/go/1.27.1/x64
2026-09-19T08:09:33.5870311Z Added go to the path
2026-09-19T08:09:33.5872369Z Successfully set up Go version 1.27.1
2026-09-19T08:09:33.6038033Z go version go1.27.1 linux/amd64
2026-09-19T08:09:33.6038217Z 
2026-09-19T08:09:33.6038504Z ##[group]go env
2026-09-19T08:09:33.8734780Z AR='ar'
2026-09-19T08:09:33.8735049Z CC='gcc'
2026-09-19T08:09:33.8735313Z CGO_CFLAGS='-O2 -g'
2026-09-19T08:09:33.8735586Z CGO_CPPFLAGS=''
2026-09-19T08:09:33.8736109Z CGO_CXXFLAGS='-O2 -g'
2026-09-19T08:09:33.8736372Z CGO_ENABLED='1'
2026-09-19T08:09:33.8736610Z CGO_FFLAGS='-O2 -g'
2026-09-19T08:09:33.8736861Z CGO_LDFLAGS='-O2 -g'
2026-09-19T08:09:33.8737099Z CXX='g++'
2026-09-19T08:09:33.8737321Z GCCGO='gccgo'
2026-09-19T08:09:33.8737544Z GO111MODULE=''
2026-09-19T08:09:33.8737769Z GOAMD64='v1'
2026-09-19T08:09:33.8737985Z GOARCH='amd64'
2026-09-19T08:09:33.8738213Z GOAUTH='netrc'
2026-09-19T08:09:33.8738453Z GOBIN='/home/runner/go/bin'
2026-09-19T08:09:33.8738753Z GOCACHE='/home/runner/.cache/go-build'
2026-09-19T08:09:33.8739056Z GOCACHEPROG=''
2026-09-19T08:09:33.8739342Z GODEBUG=''
2026-09-19T08:09:33.8739598Z GOENV='/home/runner/.config/go/env'
2026-09-19T08:09:33.8739891Z GOEXE=''
2026-09-19T08:09:33.8740120Z GOEXPERIMENT=''
2026-09-19T08:09:33.8740366Z GOFIPS140='off'
2026-09-19T08:09:33.8740593Z GOFLAGS=''
2026-09-19T08:09:33.8741402Z GOGCCFLAGS='-fPIC -m64 -pthread -Wl,--no-gc-sections -fmessage-length=0 -ffile-prefix-map=/tmp/go-build793058488=/tmp/go-build -gno-record-gcc-switches'
2026-09-19T08:09:33.8742165Z GOHOSTARCH='amd64'
2026-09-19T08:09:33.8742411Z GOHOSTOS='linux'
2026-09-19T08:09:33.8742661Z GOINSECURE=''
2026-09-19T08:09:33.8742890Z GOMOD='/dev/null'
2026-09-19T08:09:33.8743169Z GOMODCACHE='/home/runner/go/pkg/mod'
2026-09-19T08:09:33.8743475Z GONOPROXY=''
2026-09-19T08:09:33.8743854Z GONOSUMDB=''
2026-09-19T08:09:33.8744085Z GOOS='linux'
2026-09-19T08:09:33.8744328Z GOPACKAGESDRIVER=''
2026-09-19T08:09:33.8744595Z GOPATH='/home/runner/go'
2026-09-19T08:09:33.8744859Z GOPRIVATE=''
2026-09-19T08:09:33.8745164Z GOPROXY='https://proxy.golang.org,direct'
2026-09-19T08:09:33.8745547Z GOROOT='/opt/hostedtoolcache/go/1.27.1/x64'
2026-09-19T08:09:33.8745895Z GOSUMDB='sum.golang.org'
2026-09-19T08:09:33.8746177Z GOTELEMETRY='local'
2026-09-19T08:09:33.8746497Z GOTELEMETRYDIR='/home/runner/.config/go/telemetry'
2026-09-19T08:09:33.8746859Z GOTMPDIR=''
2026-09-19T08:09:33.8747092Z GOTOOLCHAIN='local'
2026-09-19T08:09:33.8747471Z GOTOOLDIR='/opt/hostedtoolcache/go/1.27.1/x64/pkg/tool/linux_amd64'
2026-09-19T08:09:33.8747905Z GOVCS=''
2026-09-19T08:09:33.8748140Z GOVERSION='go1.27.1'
2026-09-19T08:09:33.8748389Z GOWORK=''
2026-09-19T08:09:33.8748649Z PKG_CONFIG='pkg-config'
2026-09-19T08:09:33.8748824Z 
2026-09-19T08:09:33.8749242Z ##[endgroup]
2026-09-19T08:09:33.9053534Z ##[group]Run leanprover/lean-action@96e06131c0e9943c780388fd166f55d1e2fa0433
2026-09-19T08:09:33.9054058Z with:
2026-09-19T08:09:33.9054331Z   lake-package-directory: nonnegative-and-positive-factorizations/NR-04/lean
2026-09-19T08:09:33.9054650Z   auto-config: false
2026-09-19T08:09:33.9054827Z   build: false
2026-09-19T08:09:33.9054984Z   test: false
2026-09-19T08:09:33.9055134Z   lint: false
2026-09-19T08:09:33.9055295Z   use-mathlib-cache: false
2026-09-19T08:09:33.9055488Z   use-github-cache: false
2026-09-19T08:09:33.9055676Z   mk_all-check: false
2026-09-19T08:09:33.9055869Z   check-reservoir-eligibility: false
2026-09-19T08:09:33.9056080Z   leanchecker: false
2026-09-19T08:09:33.9056262Z   lean4checker: false
2026-09-19T08:09:33.9056424Z   nanoda: false
2026-09-19T08:09:33.9056596Z   nanoda-allow-sorry: true
2026-09-19T08:09:33.9056784Z   axiom-audit: false
2026-09-19T08:09:33.9057003Z   axiom-audit-allow: propext,Classical.choice,Quot.sound
2026-09-19T08:09:33.9057392Z   reinstall-transient-toolchain: false
2026-09-19T08:09:33.9057622Z env:
2026-09-19T08:09:33.9057777Z   GOTOOLCHAIN: local
2026-09-19T08:09:33.9057953Z ##[endgroup]
2026-09-19T08:09:33.9111177Z ##[start-action display=install elan;id=__leanprover_lean-action.__run]
2026-09-19T08:09:33.9133462Z ##[group]Run : Install Elan
2026-09-19T08:09:33.9133902Z [36;1m: Install Elan[0m
2026-09-19T08:09:33.9134129Z [36;1m${GITHUB_ACTION_PATH}/scripts/install_elan.sh[0m
2026-09-19T08:09:33.9169594Z shell: /usr/bin/bash --noprofile --norc -e -o pipefail {0}
2026-09-19T08:09:33.9169896Z env:
2026-09-19T08:09:33.9170067Z   GOTOOLCHAIN: local
2026-09-19T08:09:33.9170270Z ##[endgroup]
2026-09-19T08:09:33.9247120Z ##[group]Elan Installation Output
2026-09-19T08:09:34.0545755Z info: downloading installer
2026-09-19T08:09:35.4577607Z info: downloading https://releases.lean-lang.org/lean4/v4.33.1/lean-4.33.1-linux.tar.zst
2026-09-19T08:09:41.0203349Z info: installing /home/runner/.elan/toolchains/leanprover--lean4---v4.33.1
2026-09-19T08:09:51.3936691Z Lean (version 4.33.1, x86_64-unknown-linux-gnu, commit 819816b2e0a3bf405af45ae5c7af2491d8f5bee6, Release)
2026-09-19T08:09:51.4281368Z Lake version 5.0.0-src+819816b (Lean version 4.33.1)
2026-09-19T08:09:51.4313109Z ##[endgroup]
2026-09-19T08:09:51.4313230Z 
2026-09-19T08:09:51.4330998Z ##[end-action id=__leanprover_lean-action.__run;outcome=success;conclusion=success;duration_ms=17521]
2026-09-19T08:09:51.4336091Z ##[start-action display=configure `lean-action`;id=__leanprover_lean-action.config]
2026-09-19T08:09:51.4349886Z ##[group]Run : Configure Lean Action
2026-09-19T08:09:51.4350145Z [36;1m: Configure Lean Action[0m
2026-09-19T08:09:51.4350379Z [36;1m${GITHUB_ACTION_PATH}/scripts/config.sh[0m
2026-09-19T08:09:51.4382777Z shell: /usr/bin/bash --noprofile --norc -e -o pipefail {0}
2026-09-19T08:09:51.4383051Z env:
2026-09-19T08:09:51.4383215Z   GOTOOLCHAIN: local
2026-09-19T08:09:51.4383399Z   AUTO_CONFIG: false
2026-09-19T08:09:51.4383735Z   BUILD: false
2026-09-19T08:09:51.4383908Z   TEST: false
2026-09-19T08:09:51.4384063Z   LINT: false
2026-09-19T08:09:51.4384225Z ##[endgroup]
2026-09-19T08:09:51.4653135Z ##[group]Configure lean-action
2026-09-19T08:09:51.4696019Z ##[end-action id=__leanprover_lean-action.config;outcome=success;conclusion=success;duration_ms=35]
2026-09-19T08:09:51.4699870Z ##[start-action display=reinstall transient toolchain;id=__leanprover_lean-action.__run_2]
2026-09-19T08:09:51.4704950Z ##[end-action id=__leanprover_lean-action.__run_2;outcome=skipped;conclusion=skipped;duration_ms=0]
2026-09-19T08:09:51.4707132Z ##[start-action display=ensure all files are imported;id=__leanprover_lean-action.mk_all]
2026-09-19T08:09:51.4709938Z ##[end-action id=__leanprover_lean-action.mk_all;outcome=skipped;conclusion=skipped;duration_ms=0]
2026-09-19T08:09:51.4711456Z ##[start-action display=Run actions/cache/restore@v5;id=__leanprover_lean-action.__actions_cache]
2026-09-19T08:09:51.4714474Z ##[end-action id=__leanprover_lean-action.__actions_cache;outcome=skipped;conclusion=skipped;duration_ms=0]
2026-09-19T08:09:51.4715920Z ##[start-action display=detect mathlib;id=__leanprover_lean-action.detect-mathlib]
2026-09-19T08:09:51.4718576Z ##[end-action id=__leanprover_lean-action.detect-mathlib;outcome=skipped;conclusion=skipped;duration_ms=0]
2026-09-19T08:09:51.4720051Z ##[start-action display=get mathlib cache;id=__leanprover_lean-action.__run_3]
2026-09-19T08:09:51.4732774Z ##[end-action id=__leanprover_lean-action.__run_3;outcome=skipped;conclusion=skipped;duration_ms=0]
2026-09-19T08:09:51.4753403Z ##[start-action display=build ajt60gaibb/OpenProblemsInNLA;id=__leanprover_lean-action.build]
2026-09-19T08:09:51.4757380Z ##[end-action id=__leanprover_lean-action.build;outcome=skipped;conclusion=skipped;duration_ms=0]
2026-09-19T08:09:51.4758905Z ##[start-action display=Run actions/cache/save@v5;id=__leanprover_lean-action.__actions_cache_2]
2026-09-19T08:09:51.4761563Z ##[end-action id=__leanprover_lean-action.__actions_cache_2;outcome=skipped;conclusion=skipped;duration_ms=0]
2026-09-19T08:09:51.4764457Z ##[start-action display=test ajt60gaibb/OpenProblemsInNLA;id=__leanprover_lean-action.test]
2026-09-19T08:09:51.4767854Z ##[end-action id=__leanprover_lean-action.test;outcome=skipped;conclusion=skipped;duration_ms=0]
2026-09-19T08:09:51.4769789Z ##[start-action display=lint ajt60gaibb/OpenProblemsInNLA;id=__leanprover_lean-action.lint]
2026-09-19T08:09:51.4773138Z ##[end-action id=__leanprover_lean-action.lint;outcome=skipped;conclusion=skipped;duration_ms=0]
2026-09-19T08:09:51.4774861Z ##[start-action display=check reservoir eligibility;id=__leanprover_lean-action.__run_4]
2026-09-19T08:09:51.4777456Z ##[end-action id=__leanprover_lean-action.__run_4;outcome=skipped;conclusion=skipped;duration_ms=0]
2026-09-19T08:09:51.4779546Z ##[start-action display=check environment with leanchecker;id=__leanprover_lean-action.__run_5]
2026-09-19T08:09:51.4783099Z ##[end-action id=__leanprover_lean-action.__run_5;outcome=skipped;conclusion=skipped;duration_ms=0]
2026-09-19T08:09:51.4785076Z ##[start-action display=check environment with nanoda;id=__leanprover_lean-action.nanoda]
2026-09-19T08:09:51.4787725Z ##[end-action id=__leanprover_lean-action.nanoda;outcome=skipped;conclusion=skipped;duration_ms=0]
2026-09-19T08:09:51.4789437Z ##[start-action display=audit axioms with axiom-audit;id=__leanprover_lean-action.axiom-audit]
2026-09-19T08:09:51.4791969Z ##[end-action id=__leanprover_lean-action.axiom-audit;outcome=skipped;conclusion=skipped;duration_ms=0]
2026-09-19T08:09:51.4835105Z ##[group]Run sudo apt-get update
2026-09-19T08:09:51.4835358Z [36;1msudo apt-get update[0m
2026-09-19T08:09:51.4835623Z [36;1msudo apt-get install -y bubblewrap dbus-user-session[0m
2026-09-19T08:09:51.4835968Z [36;1msudo sysctl -w kernel.apparmor_restrict_unprivileged_userns=0[0m
2026-09-19T08:09:51.4836299Z [36;1msudo loginctl enable-linger "$(id -un)"[0m
2026-09-19T08:09:51.4836570Z [36;1msudo systemctl start "user@$(id -u).service"[0m
2026-09-19T08:09:51.4836874Z [36;1mecho "XDG_RUNTIME_DIR=/run/user/$(id -u)" >> "$GITHUB_ENV"[0m
2026-09-19T08:09:51.4837257Z [36;1mecho "DBUS_SESSION_BUS_ADDRESS=unix:path=/run/user/$(id -u)/bus" >> "$GITHUB_ENV"[0m
2026-09-19T08:09:51.4867992Z shell: /usr/bin/bash -e {0}
2026-09-19T08:09:51.4868197Z env:
2026-09-19T08:09:51.4868359Z   GOTOOLCHAIN: local
2026-09-19T08:09:51.4868540Z ##[endgroup]
2026-09-19T08:09:51.9776189Z Get:1 file:/etc/apt/apt-mirrors.txt Mirrorlist [144 B]
2026-09-19T08:09:52.0027785Z Hit:2 http://azure.archive.ubuntu.com/ubuntu noble InRelease
2026-09-19T08:09:52.0028771Z Get:6 https://packages.microsoft.com/ubuntu/24.04/prod noble InRelease [3600 B]
2026-09-19T08:09:52.0034977Z Get:3 http://azure.archive.ubuntu.com/ubuntu noble-updates InRelease [126 kB]
2026-09-19T08:09:52.0197304Z Get:4 http://azure.archive.ubuntu.com/ubuntu noble-backports InRelease [126 kB]
2026-09-19T08:09:52.0318071Z Get:5 http://azure.archive.ubuntu.com/ubuntu noble-security InRelease [126 kB]
2026-09-19T08:09:52.0816943Z Get:7 https://dl.google.com/linux/chrome-stable/deb stable InRelease [2548 B]
2026-09-19T08:09:52.0974580Z Get:8 https://packages.microsoft.com/ubuntu/24.04/prod noble/main amd64 Packages [478 kB]
2026-09-19T08:09:52.1208503Z Get:9 https://packages.microsoft.com/ubuntu/24.04/prod noble/main arm64 Packages [429 kB]
2026-09-19T08:09:52.1414985Z Get:10 http://azure.archive.ubuntu.com/ubuntu noble-updates/main amd64 Packages [1275 kB]
2026-09-19T08:09:52.1483280Z Get:11 http://azure.archive.ubuntu.com/ubuntu noble-updates/main Translation-en [294 kB]
2026-09-19T08:09:52.1786480Z Get:12 http://azure.archive.ubuntu.com/ubuntu noble-updates/main amd64 Components [180 kB]
2026-09-19T08:09:52.1804516Z Get:13 http://azure.archive.ubuntu.com/ubuntu noble-updates/universe amd64 Packages [1689 kB]
2026-09-19T08:09:52.3010554Z Get:14 http://azure.archive.ubuntu.com/ubuntu noble-updates/universe Translation-en [338 kB]
2026-09-19T08:09:52.3136556Z Get:35 https://dl.google.com/linux/chrome-stable/deb stable/main amd64 Packages [1408 B]
2026-09-19T08:09:52.3235613Z Get:15 http://azure.archive.ubuntu.com/ubuntu noble-updates/universe amd64 Components [388 kB]
2026-09-19T08:09:52.3474133Z Get:16 http://azure.archive.ubuntu.com/ubuntu noble-updates/restricted amd64 Packages [1580 kB]
2026-09-19T08:09:52.3695904Z Get:17 http://azure.archive.ubuntu.com/ubuntu noble-updates/restricted Translation-en [359 kB]
2026-09-19T08:09:52.3852275Z Get:18 http://azure.archive.ubuntu.com/ubuntu noble-updates/multiverse amd64 Packages [45.7 kB]
2026-09-19T08:09:52.3862069Z Get:19 http://azure.archive.ubuntu.com/ubuntu noble-updates/multiverse Translation-en [13.1 kB]
2026-09-19T08:09:52.4989392Z Get:20 http://azure.archive.ubuntu.com/ubuntu noble-updates/multiverse amd64 Components [940 B]
2026-09-19T08:09:52.5384741Z Get:21 http://azure.archive.ubuntu.com/ubuntu noble-backports/main amd64 Packages [65.9 kB]
2026-09-19T08:09:52.5385989Z Get:22 http://azure.archive.ubuntu.com/ubuntu noble-backports/main amd64 Components [5764 B]
2026-09-19T08:09:52.5762916Z Get:23 http://azure.archive.ubuntu.com/ubuntu noble-backports/universe amd64 Packages [34.6 kB]
2026-09-19T08:09:52.6275548Z Get:24 http://azure.archive.ubuntu.com/ubuntu noble-backports/universe Translation-en [18.7 kB]
2026-09-19T08:09:52.6775086Z Get:25 http://azure.archive.ubuntu.com/ubuntu noble-backports/universe amd64 Components [12.6 kB]
2026-09-19T08:09:52.6779099Z Get:26 http://azure.archive.ubuntu.com/ubuntu noble-security/main amd64 Packages [1009 kB]
2026-09-19T08:09:52.7263304Z Get:27 http://azure.archive.ubuntu.com/ubuntu noble-security/main Translation-en [214 kB]
2026-09-19T08:09:52.7267674Z Get:28 http://azure.archive.ubuntu.com/ubuntu noble-security/main amd64 Components [46.3 kB]
2026-09-19T08:09:52.7755148Z Get:29 http://azure.archive.ubuntu.com/ubuntu noble-security/universe amd64 Packages [1208 kB]
2026-09-19T08:09:52.8134319Z Get:30 http://azure.archive.ubuntu.com/ubuntu noble-security/universe Translation-en [243 kB]
2026-09-19T08:09:52.8616437Z Get:31 http://azure.archive.ubuntu.com/ubuntu noble-security/universe amd64 Components [76.2 kB]
2026-09-19T08:09:52.8634707Z Get:32 http://azure.archive.ubuntu.com/ubuntu noble-security/restricted amd64 Packages [1449 kB]
2026-09-19T08:09:52.9536580Z Get:33 http://azure.archive.ubuntu.com/ubuntu noble-security/restricted Translation-en [336 kB]
2026-09-19T08:09:52.9989068Z Get:34 http://azure.archive.ubuntu.com/ubuntu noble-security/multiverse Translation-en [11.3 kB]
2026-09-19T08:09:59.9621497Z Fetched 12.2 MB in 1s (9554 kB/s)
2026-09-19T08:10:00.6117384Z Reading package lists...
2026-09-19T08:10:00.6380688Z Reading package lists...
2026-09-19T08:10:00.8251731Z Building dependency tree...
2026-09-19T08:10:00.8257696Z Reading state information...
2026-09-19T08:10:01.0897515Z dbus-user-session is already the newest version (1.14.10-4ubuntu4.1).
2026-09-19T08:10:01.0898047Z dbus-user-session set to manually installed.
2026-09-19T08:10:01.0898334Z The following NEW packages will be installed:
2026-09-19T08:10:01.0903355Z   bubblewrap
2026-09-19T08:10:01.1058684Z 0 upgraded, 1 newly installed, 0 to remove and 73 not upgraded.
2026-09-19T08:10:01.1059310Z Need to get 50.4 kB of archives.
2026-09-19T08:10:01.1059810Z After this operation, 133 kB of additional disk space will be used.
2026-09-19T08:10:01.1060403Z Get:1 file:/etc/apt/apt-mirrors.txt Mirrorlist [144 B]
2026-09-19T08:10:01.1677583Z Get:2 http://azure.archive.ubuntu.com/ubuntu noble-updates/main amd64 bubblewrap amd64 0.9.0-1ubuntu0.3 [50.4 kB]
2026-09-19T08:10:01.4697163Z Fetched 50.4 kB in 0s (483 kB/s)
2026-09-19T08:10:01.5474752Z Selecting previously unselected package bubblewrap.
2026-09-19T08:10:01.5693090Z (Reading database ... 
2026-09-19T08:10:01.5693393Z (Reading database ... 5%
2026-09-19T08:10:01.5694198Z (Reading database ... 10%
2026-09-19T08:10:01.5694574Z (Reading database ... 15%
2026-09-19T08:10:01.5694904Z (Reading database ... 20%
2026-09-19T08:10:01.5695198Z (Reading database ... 25%
2026-09-19T08:10:01.5695461Z (Reading database ... 30%
2026-09-19T08:10:01.5695757Z (Reading database ... 35%
2026-09-19T08:10:01.5696058Z (Reading database ... 40%
2026-09-19T08:10:01.5696342Z (Reading database ... 45%
2026-09-19T08:10:01.5696625Z (Reading database ... 50%
2026-09-19T08:10:01.5797529Z (Reading database ... 55%
2026-09-19T08:10:01.7352893Z (Reading database ... 60%
2026-09-19T08:10:01.8860032Z (Reading database ... 65%
2026-09-19T08:10:02.0497608Z (Reading database ... 70%
2026-09-19T08:10:02.2448908Z (Reading database ... 75%
2026-09-19T08:10:02.4241442Z (Reading database ... 80%
2026-09-19T08:10:02.5947470Z (Reading database ... 85%
2026-09-19T08:10:02.8053273Z (Reading database ... 90%
2026-09-19T08:10:03.0483976Z (Reading database ... 95%
2026-09-19T08:10:03.0484338Z (Reading database ... 100%
2026-09-19T08:10:03.0485053Z (Reading database ... 201818 files and directories currently installed.)
2026-09-19T08:10:03.0525630Z Preparing to unpack .../bubblewrap_0.9.0-1ubuntu0.3_amd64.deb ...
2026-09-19T08:10:03.0606237Z Unpacking bubblewrap (0.9.0-1ubuntu0.3) ...
2026-09-19T08:10:03.1032786Z Setting up bubblewrap (0.9.0-1ubuntu0.3) ...
2026-09-19T08:10:03.1084817Z Processing triggers for man-db (2.12.0-4build2) ...
2026-09-19T08:10:03.1104274Z Not building database; man-db/auto-update is not 'true'.
2026-09-19T08:10:03.8912157Z 
2026-09-19T08:10:03.8912707Z Running kernel seems to be up-to-date.
2026-09-19T08:10:03.8913025Z 
2026-09-19T08:10:03.8913166Z No services need to be restarted.
2026-09-19T08:10:03.8913367Z 
2026-09-19T08:10:03.8913459Z No containers need to be restarted.
2026-09-19T08:10:03.8914134Z 
2026-09-19T08:10:03.8914258Z No user sessions are running outdated binaries.
2026-09-19T08:10:03.8914434Z 
2026-09-19T08:10:03.8914612Z No VM guests are running outdated hypervisor (qemu) binaries on this host.
2026-09-19T08:10:05.0531521Z kernel.apparmor_restrict_unprivileged_userns = 0
2026-09-19T08:10:05.0834458Z ##[group]Run ulimit -n 65536
2026-09-19T08:10:05.0834736Z [36;1mulimit -n 65536[0m
2026-09-19T08:10:05.0834989Z [36;1mtools/lean/bootstrap.sh "$RUNNER_TEMP/nla-lean-tools"[0m
2026-09-19T08:10:05.0835348Z [36;1mtools/lean/verify.sh "$LEAN_PROJECT" "$RUNNER_TEMP/nla-lean-tools"[0m
2026-09-19T08:10:05.0868553Z shell: /usr/bin/bash -e {0}
2026-09-19T08:10:05.0868775Z env:
2026-09-19T08:10:05.0868938Z   GOTOOLCHAIN: local
2026-09-19T08:10:05.0869133Z   XDG_RUNTIME_DIR: /run/user/1001
2026-09-19T08:10:05.0869388Z   DBUS_SESSION_BUS_ADDRESS: unix:path=/run/user/1001/bus
2026-09-19T08:10:05.0869728Z   LEAN_PROJECT: nonnegative-and-positive-factorizations/NR-04/lean
2026-09-19T08:10:05.0870014Z ##[endgroup]
2026-09-19T08:10:05.9334188Z Running elan toolchain install leanprover/lean4:v4.33.1
2026-09-19T08:10:05.9334605Z Log: /home/runner/work/_temp/nla-lean-tools/logs/bootstrap/elan.log
2026-09-19T08:10:05.9351908Z info: toolchain 'leanprover/lean4:v4.33.1' is already installed
2026-09-19T08:10:06.0108957Z Running go build -mod=readonly -buildvcs=false -o /home/runner/work/_temp/nla-lean-tools/.tools/bin/landrun ./cmd/landrun
2026-09-19T08:10:06.0109548Z Log: /home/runner/work/_temp/nla-lean-tools/logs/bootstrap/landrun-build.log
2026-09-19T08:10:06.0164915Z go: downloading github.com/urfave/cli/v3 v3.6.2
2026-09-19T08:10:06.0279700Z go: downloading github.com/landlock-lsm/go-landlock v0.9.0
2026-09-19T08:10:06.1029877Z go: downloading kernel.org/pub/linux/libs/security/libcap/psx v1.2.77
2026-09-19T08:10:06.1030940Z go: downloading golang.org/x/sys v0.40.0
2026-09-19T08:10:13.1380936Z Running lake build lean4export comparator
2026-09-19T08:10:13.1381586Z Log: /home/runner/work/_temp/nla-lean-tools/logs/bootstrap/comparator-build.log
2026-09-19T08:10:13.5745170Z ✔ [3/20] Built Comparator.Util (358ms)
2026-09-19T08:10:13.6718896Z ✔ [4/20] Built Comparator.Util:c.o (121ms)
2026-09-19T08:10:14.7765023Z ✔ [5/20] Built Export.Parse (1.6s)
2026-09-19T08:10:15.3775128Z ✔ [6/20] Built Comparator.Axioms (598ms)
2026-09-19T08:10:15.6794923Z ✔ [7/20] Built Export (2.5s)
2026-09-19T08:10:15.7795072Z ✔ [8/20] Built Comparator.Axioms:c.o (370ms)
2026-09-19T08:10:16.2796391Z ✔ [9/20] Built Comparator.Compare (869ms)
2026-09-19T08:10:16.7795220Z ✔ [10/20] Built Comparator.Compare:c.o (504ms)
2026-09-19T08:10:16.9814968Z ✔ [11/20] Built Main (1.3s)
2026-09-19T08:10:17.1794854Z ✔ [12/20] Built Comparator (404ms)
2026-09-19T08:10:17.2789157Z ✔ [13/20] Built Main:c.o (249ms)
2026-09-19T08:10:17.2790649Z ✔ [14/20] Built Comparator:c.o (74ms)
2026-09-19T08:10:18.6809629Z ✔ [15/20] Built Export.Parse:c.o (3.9s)
2026-09-19T08:10:18.7811069Z ✔ [16/20] Built Export:c.o (3.0s)
2026-09-19T08:10:18.9821160Z ✔ [17/20] Built Main (1.8s)
2026-09-19T08:10:19.6889600Z ✔ [18/20] Built lean4export:exe (921ms)
2026-09-19T08:10:19.8892106Z ✔ [19/20] Built Main:c.o (856ms)
2026-09-19T08:10:20.4919009Z ✔ [20/20] Built comparator:exe (636ms)
2026-09-19T08:10:20.4923301Z Build completed successfully (20 jobs).
2026-09-19T08:10:20.7398459Z Tools built; isolation and checker controls run during verify. Receipt: /home/runner/work/_temp/nla-lean-tools/bootstrap.json
2026-09-19T08:10:21.0849270Z Running /usr/bin/timeout --kill-after=5s 45s systemd-run -p RuntimeMaxSec=40 --user --quiet --wait --pipe --collect -p 'RestrictAddressFamilies=~AF_UNIX' --working-directory /home/runner/work/_temp/nla-lean-tools /usr/bin/env -i PATH=/home/runner/.elan/toolchains/leanprover--lean4---v4.33.1/bin:/home/runner/.elan/bin:/home/runner/go/bin:/opt/hostedtoolcache/go/1.27.1/x64/bin:/snap/bin:/home/runner/.local/bin:/opt/pipx_bin:/home/runner/.cargo/bin:/home/runner/.config/composer/vendor/bin:/usr/local/.ghcup/bin:/home/runner/.dotnet/tools:/usr/local/sbin:/usr/local/bin:/usr/sbin:/usr/bin:/sbin:/bin:/usr/games:/usr/local/games:/snap/bin HOME=/home/runner LANG=C.UTF-8 XDG_RUNTIME_DIR=/run/user/1001 DBUS_SESSION_BUS_ADDRESS=unix:path=/run/user/1001/bus GIT_TERMINAL_PROMPT=0 GIT_CONFIG_NOSYSTEM=1 GIT_CONFIG_GLOBAL=/dev/null COMPARATOR_BIN=/home/runner/work/_temp/nla-lean-tools/.tools/comparator/.lake/build/bin/comparator COMPARATOR_LEAN4EXPORT=/home/runner/work/_temp/nla-lean-tools/.tools/lean4export/.lake/build/bin/lean4export COMPARATOR_LANDRUN=/home/runner/work/_temp/nla-lean-tools/scripts/strict_landrun.py XDG_CACHE_HOME=/home/runner/work/_temp/nla-lean-tools/.tools/cache TMPDIR=/home/runner/work/_temp/nla-lean-tools/.verification-tmp /usr/bin/true
2026-09-19T08:10:21.0852903Z Log: /home/runner/work/_temp/nla-lean-tools/logs/verify-20260919T081021Z-3977/user-service.log
2026-09-19T08:10:21.1131221Z Running python3 /home/runner/work/_temp/nla-lean-tools/reproduction/checks/sandbox_probe_ci.py
2026-09-19T08:10:21.1131791Z Log: /home/runner/work/_temp/nla-lean-tools/logs/verify-20260919T081021Z-3977/sandbox.log
2026-09-19T08:10:21.1405933Z START sandbox mode: build
2026-09-19T08:10:21.2192252Z START sandbox mode: export
2026-09-19T08:10:21.2881387Z START sandbox negative case: unknown option
2026-09-19T08:10:21.3197087Z START sandbox negative case: unexpected --rw
2026-09-19T08:10:21.3536833Z START sandbox negative case: unexpected --rwx
2026-09-19T08:10:21.3869476Z START sandbox negative case: relative --rwx
2026-09-19T08:10:21.4221414Z MODE build: exit=0
2026-09-19T08:10:21.4221960Z Running as unit: run-u2.service; invocation ID: de7ec6134b6f4cf586d3e525e937eb55
2026-09-19T08:10:21.4222476Z PASS outside .lake write-open: denied errno=30
2026-09-19T08:10:21.4222852Z PASS outside .lake truncate: denied errno=30
2026-09-19T08:10:21.4223279Z PASS outside .lake read-only truncate-open: denied errno=30
2026-09-19T08:10:21.4223882Z PASS symlink from .lake to outside write: denied errno=30
2026-09-19T08:10:21.4224289Z PASS outside .lake creation: denied errno=30
2026-09-19T08:10:21.4224643Z PASS build .lake write: allowed
2026-09-19T08:10:21.4224956Z PASS user namespace: private
2026-09-19T08:10:21.4225251Z PASS pid namespace: private
2026-09-19T08:10:21.4225521Z PASS mnt namespace: private
2026-09-19T08:10:21.4225824Z PASS net namespace: private
2026-09-19T08:10:21.4226102Z PASS ipc namespace: private
2026-09-19T08:10:21.4226362Z PASS uts namespace: private
2026-09-19T08:10:21.4226662Z PASS host parent: absent from private /proc
2026-09-19T08:10:21.4227018Z PASS host parent signal lookup: denied errno=3
2026-09-19T08:10:21.4227409Z PASS host loopback listener: unreachable errno=13
2026-09-19T08:10:21.4227783Z PASS AF_UNIX socket creation: denied errno=97
2026-09-19T08:10:21.4228137Z PASS effective capabilities: none
2026-09-19T08:10:21.4228430Z PASS no_new_privs: set
2026-09-19T08:10:21.4228672Z Sandbox UID: 1001
2026-09-19T08:10:21.4228958Z PASS nested namespace write attempt: rejected exit=1
2026-09-19T08:10:21.4229342Z bwrap: setting up uid map: Permission denied
2026-09-19T08:10:21.4229679Z Finished with result: success
2026-09-19T08:10:21.4229999Z Main processes terminated with: code=exited/status=0
2026-09-19T08:10:21.4230669Z Service runtime: 59ms
2026-09-19T08:10:21.4231008Z CPU time consumed: 60ms
2026-09-19T08:10:21.4231664Z Memory peak: 256.0K
2026-09-19T08:10:21.4232136Z Memory swap peak: 0B
2026-09-19T08:10:21.4232372Z 
2026-09-19T08:10:21.4232522Z MODE export: exit=0
2026-09-19T08:10:21.4233132Z Running as unit: run-u3.service; invocation ID: b1f88bc716cb4c4a8f897a92cbb73b19
2026-09-19T08:10:21.4233934Z PASS outside .lake write-open: denied errno=30
2026-09-19T08:10:21.4234543Z PASS outside .lake truncate: denied errno=30
2026-09-19T08:10:21.4235172Z PASS outside .lake read-only truncate-open: denied errno=30
2026-09-19T08:10:21.4235796Z PASS symlink from .lake to outside write: denied errno=30
2026-09-19T08:10:21.4236392Z PASS outside .lake creation: denied errno=30
2026-09-19T08:10:21.4236892Z PASS export .lake write-open: denied errno=30
2026-09-19T08:10:21.4237330Z PASS export .lake truncate: denied errno=30
2026-09-19T08:10:21.4237917Z PASS user namespace: private
2026-09-19T08:10:21.4253853Z PASS pid namespace: private
2026-09-19T08:10:21.4254411Z PASS mnt namespace: private
2026-09-19T08:10:21.4254811Z PASS net namespace: private
2026-09-19T08:10:21.4255360Z PASS ipc namespace: private
2026-09-19T08:10:21.4255687Z PASS uts namespace: private
2026-09-19T08:10:21.4256049Z PASS host parent: absent from private /proc
2026-09-19T08:10:21.4256501Z PASS host parent signal lookup: denied errno=3
2026-09-19T08:10:21.4256922Z PASS host loopback listener: unreachable errno=13
2026-09-19T08:10:21.4257363Z PASS AF_UNIX socket creation: denied errno=97
2026-09-19T08:10:21.4257796Z PASS effective capabilities: none
2026-09-19T08:10:21.4258130Z PASS no_new_privs: set
2026-09-19T08:10:21.4258410Z Sandbox UID: 1001
2026-09-19T08:10:21.4258753Z PASS nested namespace write attempt: rejected exit=1
2026-09-19T08:10:21.4259205Z bwrap: setting up uid map: Permission denied
2026-09-19T08:10:21.4259583Z Finished with result: success
2026-09-19T08:10:21.4259970Z Main processes terminated with: code=exited/status=0
2026-09-19T08:10:21.4260382Z Service runtime: 58ms
2026-09-19T08:10:21.4260683Z CPU time consumed: 59ms
2026-09-19T08:10:21.4260988Z Memory peak: 256.0K
2026-09-19T08:10:21.4261267Z Memory swap peak: 0B
2026-09-19T08:10:21.4261440Z 
2026-09-19T08:10:21.4261577Z NEGATIVE unknown option: exit=2
2026-09-19T08:10:21.4262068Z Running as unit: run-u4.service; invocation ID: a2fdf44a043149e29e514f90660f8b66
2026-09-19T08:10:21.4262830Z strict Comparator sandbox: unsupported Comparator Landrun option: --unrestricted-filesystem
2026-09-19T08:10:21.4263422Z Finished with result: exit-code
2026-09-19T08:10:21.4263914Z Main processes terminated with: code=exited/status=2
2026-09-19T08:10:21.4264381Z Service runtime: 21ms
2026-09-19T08:10:21.4264656Z CPU time consumed: 21ms
2026-09-19T08:10:21.4264951Z Memory peak: 256.0K
2026-09-19T08:10:21.4265228Z Memory swap peak: 0B
2026-09-19T08:10:21.4265399Z 
2026-09-19T08:10:21.4265535Z NEGATIVE unexpected --rw: exit=2
2026-09-19T08:10:21.4266052Z Running as unit: run-u5.service; invocation ID: 8db3069850f9475e81e4dae0eb8cbbfa
2026-09-19T08:10:21.4266715Z strict Comparator sandbox: only private /dev may be passed with --rw
2026-09-19T08:10:21.4267203Z Finished with result: exit-code
2026-09-19T08:10:21.4267629Z Main processes terminated with: code=exited/status=2
2026-09-19T08:10:21.4268037Z Service runtime: 21ms
2026-09-19T08:10:21.4268326Z CPU time consumed: 21ms
2026-09-19T08:10:21.4268669Z Memory peak: 256.0K
2026-09-19T08:10:21.4269034Z Memory swap peak: 0B
2026-09-19T08:10:21.4272614Z 
2026-09-19T08:10:21.4272775Z NEGATIVE unexpected --rwx: exit=2
2026-09-19T08:10:21.4273294Z Running as unit: run-u6.service; invocation ID: 5a1556dbd54e4fbab30910b15ee7418f
2026-09-19T08:10:21.4274222Z strict Comparator sandbox: only this project's existing .lake may be writable
2026-09-19T08:10:21.4274663Z Finished with result: exit-code
2026-09-19T08:10:21.4275042Z Main processes terminated with: code=exited/status=2
2026-09-19T08:10:21.4296176Z Service runtime: 21ms
2026-09-19T08:10:21.4296470Z CPU time consumed: 21ms
2026-09-19T08:10:21.4296743Z Memory peak: 256.0K
2026-09-19T08:10:21.4296991Z Memory swap peak: 0B
2026-09-19T08:10:21.4297347Z 
2026-09-19T08:10:21.4297476Z NEGATIVE relative --rwx: exit=2
2026-09-19T08:10:21.4297942Z Running as unit: run-u7.service; invocation ID: 7a4db5f74ec74b06bca2a16e1da9a3f3
2026-09-19T08:10:21.4298551Z strict Comparator sandbox: only this project's existing .lake may be writable
2026-09-19T08:10:21.4299015Z Finished with result: exit-code
2026-09-19T08:10:21.4299370Z Main processes terminated with: code=exited/status=2
2026-09-19T08:10:21.4299721Z Service runtime: 21ms
2026-09-19T08:10:21.4299976Z CPU time consumed: 21ms
2026-09-19T08:10:21.4300235Z Memory peak: 256.0K
2026-09-19T08:10:21.4300469Z Memory swap peak: 0B
2026-09-19T08:10:21.4300622Z 
2026-09-19T08:10:21.4300931Z Outer and export fixture contents unchanged; only designated build fixture written.
2026-09-19T08:10:21.4301616Z Running bash /home/runner/work/_temp/nla-lean-tools/reproduction/checks/run_replay.sh
2026-09-19T08:10:21.4302335Z Log: /home/runner/work/_temp/nla-lean-tools/logs/verify-20260919T081021Z-3977/kernel-controls.log
2026-09-19T08:10:21.4755322Z Replay probe: RestrictAddressFamilies=~AF_UNIX (deny AF_UNIX sockets).
2026-09-19T08:10:21.5176774Z Lean (version 4.33.1, x86_64-unknown-linux-gnu, Release)
2026-09-19T08:10:21.5463919Z /home/runner/.elan/toolchains/leanprover--lean4---v4.33.1/lib/lean/Init.olean
2026-09-19T08:10:21.5464521Z /home/runner/.elan/toolchains/leanprover--lean4---v4.33.1/lib/lean/Init.olean
2026-09-19T08:10:21.5465019Z /home/runner/work/_temp/nla-lean-tools/.tools/comparator/.lake/build/lib/lean/Main.olean
2026-09-19T08:10:22.6483218Z Trusted base fixture: 11 constants
2026-09-19T08:10:22.6483833Z BEGIN honest_with_inductives_and_quotients
2026-09-19T08:10:22.6484132Z Running Lean default kernel on solution.
2026-09-19T08:10:22.6484390Z Lean default kernel accepts the solution
2026-09-19T08:10:22.6484661Z RETURN honest_with_inductives_and_quotients: accepted
2026-09-19T08:10:22.6484928Z BEGIN invalid_raw_proof
2026-09-19T08:10:22.6485135Z Running Lean default kernel on solution.
2026-09-19T08:10:22.6485414Z Lean default kernel rejects the solution
2026-09-19T08:10:22.6485790Z RETURN invalid_raw_proof: rejected: while replaying declaration 'PinnedReplayProbe.invalid':
2026-09-19T08:10:22.6486256Z (kernel) declaration type mismatch, 'PinnedReplayProbe.invalid' has type
2026-09-19T08:10:22.6486566Z   True
2026-09-19T08:10:22.6486749Z but it is expected to have type
2026-09-19T08:10:22.6486960Z   False
2026-09-19T08:10:22.6487141Z BEGIN quotient_postcheck_mismatch
2026-09-19T08:10:22.6487377Z Running Lean default kernel on solution.
2026-09-19T08:10:22.6487620Z Lean default kernel accepts the solution
2026-09-19T08:10:22.6487855Z Quotient post-check rejects the solution
2026-09-19T08:10:22.6488213Z RETURN quotient_postcheck_mismatch: rejected: Quotient constant mismatch on: Quot.lift
2026-09-19T08:10:22.6488683Z PASS: all three actual Comparator.runBuiltinKernel cases behaved as required
2026-09-19T08:10:22.7301341Z Running python3 /home/runner/work/_temp/nla-lean-tools/reproduction/checks/comparator_regressions.py
2026-09-19T08:10:22.7302008Z Log: /home/runner/work/_temp/nla-lean-tools/logs/verify-20260919T081021Z-3977/comparator-controls.log
2026-09-19T08:10:22.7587077Z Comparator regressions: RestrictAddressFamilies=~AF_UNIX; .tools/env.sh selects the real strict sandbox.
2026-09-19T08:10:22.7594050Z 
2026-09-19T08:10:22.7594258Z CASE simple_match
2026-09-19T08:10:24.5977640Z info: ComparatorRegression: no previous manifest, creating one from scratch
2026-09-19T08:10:24.5978382Z info: toolchain not updated; already up-to-date
2026-09-19T08:10:24.5978827Z Building Challenge
2026-09-19T08:10:24.5979457Z ⚠ [2/3] Built Challenge (210ms)
2026-09-19T08:10:24.5979941Z warning: Challenge.lean:1:8: declaration uses `sorry`
2026-09-19T08:10:24.5980431Z Build completed successfully (3 jobs).
2026-09-19T08:10:24.5982257Z Exporting #[Quot, Quot.mk, Quot.lift, Quot.ind, comm, propext, Quot.sound, Classical.choice, Nat.add, Nat.sub, Nat.mul, Nat.pow, Nat.gcd, Nat.div, Nat.mod, Nat.beq, Nat.ble, Nat.land, Nat.lor, Nat.xor, Nat.shiftLeft, Nat.shiftRight, String.ofList, Char.ofNat, List, eagerReduce, Nat, String, String.mk, Char, optParam, autoParam, semiOutParam, outParam] from Challenge
2026-09-19T08:10:24.5984591Z Building Solution
2026-09-19T08:10:24.5984966Z ✔ [2/3] Built Solution (212ms)
2026-09-19T08:10:24.5985377Z Build completed successfully (3 jobs).
2026-09-19T08:10:24.5987018Z Exporting #[Quot, Quot.mk, Quot.lift, Quot.ind, comm, propext, Quot.sound, Classical.choice, Nat.add, Nat.sub, Nat.mul, Nat.pow, Nat.gcd, Nat.div, Nat.mod, Nat.beq, Nat.ble, Nat.land, Nat.lor, Nat.xor, Nat.shiftLeft, Nat.shiftRight, String.ofList, Char.ofNat, List, eagerReduce, Nat, String, String.mk, Char, optParam, autoParam, semiOutParam, outParam] from Solution
2026-09-19T08:10:24.5988418Z Running Lean default kernel on solution.
2026-09-19T08:10:24.5988767Z Lean default kernel accepts the solution
2026-09-19T08:10:24.5989091Z Your solution is okay!
2026-09-19T08:10:24.5989375Z PASS simple_match: exit 0, expected 0; required phase: Your solution is okay!
2026-09-19T08:10:24.5989797Z 
2026-09-19T08:10:24.5989876Z CASE simple_mismatch
2026-09-19T08:10:26.2834656Z info: ComparatorRegression: no previous manifest, creating one from scratch
2026-09-19T08:10:26.2835284Z info: toolchain not updated; already up-to-date
2026-09-19T08:10:26.2835652Z Building Challenge
2026-09-19T08:10:26.2836105Z ⚠ [2/3] Built Challenge (221ms)
2026-09-19T08:10:26.2836359Z warning: Challenge.lean:1:8: declaration uses `sorry`
2026-09-19T08:10:26.2836627Z Build completed successfully (3 jobs).
2026-09-19T08:10:26.2837643Z Exporting #[Quot, Quot.mk, Quot.lift, Quot.ind, comm, propext, Quot.sound, Classical.choice, Nat.add, Nat.sub, Nat.mul, Nat.pow, Nat.gcd, Nat.div, Nat.mod, Nat.beq, Nat.ble, Nat.land, Nat.lor, Nat.xor, Nat.shiftLeft, Nat.shiftRight, String.ofList, Char.ofNat, List, eagerReduce, Nat, String, String.mk, Char, optParam, autoParam, semiOutParam, outParam] from Challenge
2026-09-19T08:10:26.2838617Z Building Solution
2026-09-19T08:10:26.2838869Z ✔ [2/3] Built Solution (208ms)
2026-09-19T08:10:26.2839095Z Build completed successfully (3 jobs).
2026-09-19T08:10:26.2840457Z Exporting #[Quot, Quot.mk, Quot.lift, Quot.ind, comm, propext, Quot.sound, Classical.choice, Nat.add, Nat.sub, Nat.mul, Nat.pow, Nat.gcd, Nat.div, Nat.mod, Nat.beq, Nat.ble, Nat.land, Nat.lor, Nat.xor, Nat.shiftLeft, Nat.shiftRight, String.ofList, Char.ofNat, List, eagerReduce, Nat, String, String.mk, Char, optParam, autoParam, semiOutParam, outParam] from Solution
2026-09-19T08:10:26.2841789Z uncaught exception: Challenge and solution constant kind don't match: 'comm'
2026-09-19T08:10:26.2842282Z PASS simple_mismatch: exit 1, expected 1; required phase: Challenge and solution constant kind don't match: 'comm'
2026-09-19T08:10:26.2842601Z 
2026-09-19T08:10:26.2842682Z CASE simple_axiom_issue
2026-09-19T08:10:27.9716886Z info: ComparatorRegression: no previous manifest, creating one from scratch
2026-09-19T08:10:27.9717456Z info: toolchain not updated; already up-to-date
2026-09-19T08:10:27.9717867Z Building Challenge
2026-09-19T08:10:27.9718436Z ⚠ [2/3] Built Challenge (219ms)
2026-09-19T08:10:27.9718822Z warning: Challenge.lean:1:8: declaration uses `sorry`
2026-09-19T08:10:27.9719237Z Build completed successfully (3 jobs).
2026-09-19T08:10:27.9720895Z Exporting #[Quot, Quot.mk, Quot.lift, Quot.ind, comm, propext, Quot.sound, Classical.choice, Nat.add, Nat.sub, Nat.mul, Nat.pow, Nat.gcd, Nat.div, Nat.mod, Nat.beq, Nat.ble, Nat.land, Nat.lor, Nat.xor, Nat.shiftLeft, Nat.shiftRight, String.ofList, Char.ofNat, List, eagerReduce, Nat, String, String.mk, Char, optParam, autoParam, semiOutParam, outParam] from Challenge
2026-09-19T08:10:27.9724221Z Building Solution
2026-09-19T08:10:27.9724605Z ✔ [2/3] Built Solution (215ms)
2026-09-19T08:10:27.9724941Z Build completed successfully (3 jobs).
2026-09-19T08:10:27.9726445Z Exporting #[Quot, Quot.mk, Quot.lift, Quot.ind, comm, propext, Quot.sound, Classical.choice, Nat.add, Nat.sub, Nat.mul, Nat.pow, Nat.gcd, Nat.div, Nat.mod, Nat.beq, Nat.ble, Nat.land, Nat.lor, Nat.xor, Nat.shiftLeft, Nat.shiftRight, String.ofList, Char.ofNat, List, eagerReduce, Nat, String, String.mk, Char, optParam, autoParam, semiOutParam, outParam] from Solution
2026-09-19T08:10:27.9727946Z uncaught exception: Illegal axiom detected: 'helper'
2026-09-19T08:10:27.9728376Z PASS simple_axiom_issue: exit 1, expected 1; required phase: Illegal axiom detected: 'helper'
2026-09-19T08:10:27.9728651Z 
2026-09-19T08:10:27.9728742Z CASE simple_kind_mismatch
2026-09-19T08:10:29.6264197Z info: ComparatorRegression: no previous manifest, creating one from scratch
2026-09-19T08:10:29.6264643Z info: toolchain not updated; already up-to-date
2026-09-19T08:10:29.6264888Z Building Challenge
2026-09-19T08:10:29.6265335Z ⚠ [2/3] Built Challenge (213ms)
2026-09-19T08:10:29.6265589Z warning: Challenge.lean:1:8: declaration uses `sorry`
2026-09-19T08:10:29.6265859Z Build completed successfully (3 jobs).
2026-09-19T08:10:29.6267099Z Exporting #[Quot, Quot.mk, Quot.lift, Quot.ind, comm, propext, Quot.sound, Classical.choice, Nat.add, Nat.sub, Nat.mul, Nat.pow, Nat.gcd, Nat.div, Nat.mod, Nat.beq, Nat.ble, Nat.land, Nat.lor, Nat.xor, Nat.shiftLeft, Nat.shiftRight, String.ofList, Char.ofNat, List, eagerReduce, Nat, String, String.mk, Char, optParam, autoParam, semiOutParam, outParam] from Challenge
2026-09-19T08:10:29.6268631Z Building Solution
2026-09-19T08:10:29.6268884Z ✔ [2/3] Built Solution (209ms)
2026-09-19T08:10:29.6269095Z Build completed successfully (3 jobs).
2026-09-19T08:10:29.6270073Z Exporting #[Quot, Quot.mk, Quot.lift, Quot.ind, comm, propext, Quot.sound, Classical.choice, Nat.add, Nat.sub, Nat.mul, Nat.pow, Nat.gcd, Nat.div, Nat.mod, Nat.beq, Nat.ble, Nat.land, Nat.lor, Nat.xor, Nat.shiftLeft, Nat.shiftRight, String.ofList, Char.ofNat, List, eagerReduce, Nat, String, String.mk, Char, optParam, autoParam, semiOutParam, outParam] from Solution
2026-09-19T08:10:29.6271040Z uncaught exception: Illegal axiom detected: 'helper'
2026-09-19T08:10:29.6271429Z PASS simple_kind_mismatch: exit 1, expected 1; required phase: Illegal axiom detected: 'helper'
2026-09-19T08:10:29.6271727Z 
2026-09-19T08:10:29.6271809Z CASE type_mismatch
2026-09-19T08:10:31.0628770Z info: ComparatorRegression: no previous manifest, creating one from scratch
2026-09-19T08:10:31.0629326Z info: toolchain not updated; already up-to-date
2026-09-19T08:10:31.0629597Z Building Challenge
2026-09-19T08:10:31.0630019Z ✔ [2/3] Built Challenge (199ms)
2026-09-19T08:10:31.0630249Z Build completed successfully (3 jobs).
2026-09-19T08:10:31.0631279Z Exporting #[Quot, Quot.mk, Quot.lift, Quot.ind, checked, propext, Quot.sound, Classical.choice, Nat.add, Nat.sub, Nat.mul, Nat.pow, Nat.gcd, Nat.div, Nat.mod, Nat.beq, Nat.ble, Nat.land, Nat.lor, Nat.xor, Nat.shiftLeft, Nat.shiftRight, String.ofList, Char.ofNat, List, eagerReduce, Nat, String, String.mk, Char, optParam, autoParam, semiOutParam, outParam] from Challenge
2026-09-19T08:10:31.0632237Z Building Solution
2026-09-19T08:10:31.0632447Z ✔ [2/3] Built Solution (198ms)
2026-09-19T08:10:31.0632697Z Build completed successfully (3 jobs).
2026-09-19T08:10:31.0633924Z Exporting #[Quot, Quot.mk, Quot.lift, Quot.ind, checked, propext, Quot.sound, Classical.choice, Nat.add, Nat.sub, Nat.mul, Nat.pow, Nat.gcd, Nat.div, Nat.mod, Nat.beq, Nat.ble, Nat.land, Nat.lor, Nat.xor, Nat.shiftLeft, Nat.shiftRight, String.ofList, Char.ofNat, List, eagerReduce, Nat, String, String.mk, Char, optParam, autoParam, semiOutParam, outParam] from Solution
2026-09-19T08:10:31.0634984Z uncaught exception: Challenge and solution theorem statement do not match: 'checked'
2026-09-19T08:10:31.0635521Z PASS type_mismatch: exit 1, expected 1; required phase: Challenge and solution theorem statement do not match: 'checked'
2026-09-19T08:10:31.0657637Z PASS: all five Comparator regressions
2026-09-19T08:10:31.0719631Z Running systemd-run --user --quiet --wait --pipe --collect -p 'RestrictAddressFamilies=~AF_UNIX' --working-directory /home/runner/work/_temp/nla-lean-tools/.verification-tmp/nla-axiom-5tfg6p9o /usr/bin/env -i PATH=/home/runner/.elan/toolchains/leanprover--lean4---v4.33.1/bin:/home/runner/.elan/bin:/home/runner/go/bin:/opt/hostedtoolcache/go/1.27.1/x64/bin:/snap/bin:/home/runner/.local/bin:/opt/pipx_bin:/home/runner/.cargo/bin:/home/runner/.config/composer/vendor/bin:/usr/local/.ghcup/bin:/home/runner/.dotnet/tools:/usr/local/sbin:/usr/local/bin:/usr/sbin:/usr/bin:/sbin:/bin:/usr/games:/usr/local/games:/snap/bin HOME=/home/runner LANG=C.UTF-8 XDG_RUNTIME_DIR=/run/user/1001 DBUS_SESSION_BUS_ADDRESS=unix:path=/run/user/1001/bus GIT_TERMINAL_PROMPT=0 GIT_CONFIG_NOSYSTEM=1 GIT_CONFIG_GLOBAL=/dev/null COMPARATOR_BIN=/home/runner/work/_temp/nla-lean-tools/.tools/comparator/.lake/build/bin/comparator COMPARATOR_LEAN4EXPORT=/home/runner/work/_temp/nla-lean-tools/.tools/lean4export/.lake/build/bin/lean4export COMPARATOR_LANDRUN=/home/runner/work/_temp/nla-lean-tools/scripts/strict_landrun.py XDG_CACHE_HOME=/home/runner/work/_temp/nla-lean-tools/.tools/cache TMPDIR=/home/runner/work/_temp/nla-lean-tools/.verification-tmp lake env /home/runner/work/_temp/nla-lean-tools/.tools/comparator/.lake/build/bin/comparator comparator.json
2026-09-19T08:10:31.0723815Z Log: /home/runner/work/_temp/nla-lean-tools/logs/verify-20260919T081021Z-3977/negative-sorry.log
2026-09-19T08:10:31.1235347Z info: NlaAxiomFixture: no previous manifest, creating one from scratch
2026-09-19T08:10:31.1235903Z info: toolchain not updated; already up-to-date
2026-09-19T08:10:31.1827543Z Building Challenge
2026-09-19T08:10:32.0561362Z ✔ [2/3] Built Challenge (720ms)
2026-09-19T08:10:32.0574132Z Build completed successfully (3 jobs).
2026-09-19T08:10:32.8903202Z Exporting #[Quot, Quot.mk, Quot.lift, Quot.ind, checked, Classical.choice, Quot.sound, propext, Nat.add, Nat.sub, Nat.mul, Nat.pow, Nat.gcd, Nat.div, Nat.mod, Nat.beq, Nat.ble, Nat.land, Nat.lor, Nat.xor, Nat.shiftLeft, Nat.shiftRight, String.ofList, Char.ofNat, List, eagerReduce, Nat, String, String.mk, Char, optParam, autoParam, semiOutParam, outParam] from Challenge
2026-09-19T08:10:32.8904489Z Building Solution
2026-09-19T08:10:33.7686711Z ⚠ [2/3] Built Solution (708ms)
2026-09-19T08:10:33.7687184Z warning: Solution.lean:2:8: declaration uses `sorry`
2026-09-19T08:10:33.7689731Z Build completed successfully (3 jobs).
2026-09-19T08:10:34.6567388Z Exporting #[Quot, Quot.mk, Quot.lift, Quot.ind, checked, Classical.choice, Quot.sound, propext, Nat.add, Nat.sub, Nat.mul, Nat.pow, Nat.gcd, Nat.div, Nat.mod, Nat.beq, Nat.ble, Nat.land, Nat.lor, Nat.xor, Nat.shiftLeft, Nat.shiftRight, String.ofList, Char.ofNat, List, eagerReduce, Nat, String, String.mk, Char, optParam, autoParam, semiOutParam, outParam] from Solution
2026-09-19T08:10:34.6569069Z uncaught exception: Illegal axiom detected: 'sorryAx'
2026-09-19T08:10:34.6656456Z Running systemd-run --user --quiet --wait --pipe --collect -p 'RestrictAddressFamilies=~AF_UNIX' --working-directory /home/runner/work/_temp/nla-lean-tools/.verification-tmp/nla-axiom-hqvzhew9 /usr/bin/env -i PATH=/home/runner/.elan/toolchains/leanprover--lean4---v4.33.1/bin:/home/runner/.elan/bin:/home/runner/go/bin:/opt/hostedtoolcache/go/1.27.1/x64/bin:/snap/bin:/home/runner/.local/bin:/opt/pipx_bin:/home/runner/.cargo/bin:/home/runner/.config/composer/vendor/bin:/usr/local/.ghcup/bin:/home/runner/.dotnet/tools:/usr/local/sbin:/usr/local/bin:/usr/sbin:/usr/bin:/sbin:/bin:/usr/games:/usr/local/games:/snap/bin HOME=/home/runner LANG=C.UTF-8 XDG_RUNTIME_DIR=/run/user/1001 DBUS_SESSION_BUS_ADDRESS=unix:path=/run/user/1001/bus GIT_TERMINAL_PROMPT=0 GIT_CONFIG_NOSYSTEM=1 GIT_CONFIG_GLOBAL=/dev/null COMPARATOR_BIN=/home/runner/work/_temp/nla-lean-tools/.tools/comparator/.lake/build/bin/comparator COMPARATOR_LEAN4EXPORT=/home/runner/work/_temp/nla-lean-tools/.tools/lean4export/.lake/build/bin/lean4export COMPARATOR_LANDRUN=/home/runner/work/_temp/nla-lean-tools/scripts/strict_landrun.py XDG_CACHE_HOME=/home/runner/work/_temp/nla-lean-tools/.tools/cache TMPDIR=/home/runner/work/_temp/nla-lean-tools/.verification-tmp lake env /home/runner/work/_temp/nla-lean-tools/.tools/comparator/.lake/build/bin/comparator comparator.json
2026-09-19T08:10:34.6660494Z Log: /home/runner/work/_temp/nla-lean-tools/logs/verify-20260919T081021Z-3977/negative-native.log
2026-09-19T08:10:34.7050663Z info: NlaAxiomFixture: no previous manifest, creating one from scratch
2026-09-19T08:10:34.7051516Z info: toolchain not updated; already up-to-date
2026-09-19T08:10:34.7633106Z Building Challenge
2026-09-19T08:10:35.6353850Z ✔ [2/3] Built Challenge (713ms)
2026-09-19T08:10:35.6356244Z Build completed successfully (3 jobs).
2026-09-19T08:10:36.4417966Z Exporting #[Quot, Quot.mk, Quot.lift, Quot.ind, checked, Classical.choice, Quot.sound, propext, Nat.add, Nat.sub, Nat.mul, Nat.pow, Nat.gcd, Nat.div, Nat.mod, Nat.beq, Nat.ble, Nat.land, Nat.lor, Nat.xor, Nat.shiftLeft, Nat.shiftRight, String.ofList, Char.ofNat, List, eagerReduce, Nat, String, String.mk, Char, optParam, autoParam, semiOutParam, outParam] from Challenge
2026-09-19T08:10:36.4419797Z Building Solution
2026-09-19T08:10:37.3151008Z ✔ [2/3] Built Solution (702ms)
2026-09-19T08:10:37.3153953Z Build completed successfully (3 jobs).
2026-09-19T08:10:38.1863129Z Exporting #[Quot, Quot.mk, Quot.lift, Quot.ind, checked, Classical.choice, Quot.sound, propext, Nat.add, Nat.sub, Nat.mul, Nat.pow, Nat.gcd, Nat.div, Nat.mod, Nat.beq, Nat.ble, Nat.land, Nat.lor, Nat.xor, Nat.shiftLeft, Nat.shiftRight, String.ofList, Char.ofNat, List, eagerReduce, Nat, String, String.mk, Char, optParam, autoParam, semiOutParam, outParam] from Solution
2026-09-19T08:10:38.1865184Z uncaught exception: Illegal axiom detected: 'checked._native.native_decide.ax_1_1'
2026-09-19T08:10:38.4418810Z Running lake env true
2026-09-19T08:10:38.4419255Z Log: /home/runner/work/_temp/nla-lean-tools/logs/verify-20260919T081021Z-3977/dependencies.log
2026-09-19T08:10:38.4727455Z info: leancert: cloning https://github.com/alerad/leancert
2026-09-19T08:10:39.9460167Z info: leancert: checking out revision '621a43d7cf21f87872392a01e874f2f1dbddc926'
2026-09-19T08:10:39.9815781Z info: mathlib: cloning https://github.com/leanprover-community/mathlib4.git
2026-09-19T08:11:07.4962742Z info: mathlib: checking out revision '0df444a360eaa60ab8c11dca51a86af692955474'
2026-09-19T08:11:09.1360683Z info: plausible: cloning https://github.com/leanprover-community/plausible
2026-09-19T08:11:09.7124028Z info: plausible: checking out revision 'b7eb3304aeae834b12dda98993a37f6a41f6f0bb'
2026-09-19T08:11:09.7236278Z info: LeanSearchClient: cloning https://github.com/leanprover-community/LeanSearchClient
2026-09-19T08:11:10.2687076Z info: LeanSearchClient: checking out revision '5f4d51b81cbd3f6b32b156bfad9056621a040404'
2026-09-19T08:11:10.2794182Z info: importGraph: cloning https://github.com/leanprover-community/import-graph
2026-09-19T08:11:10.9447936Z info: importGraph: checking out revision '16f02aa7642864af59f1ff0e384a015994db9118'
2026-09-19T08:11:10.9586208Z info: proofwidgets: cloning https://github.com/leanprover-community/ProofWidgets4
2026-09-19T08:11:12.3873295Z info: proofwidgets: checking out revision '4be2e3d5087eeb272cf5a8853b8f9dd025ef5957'
2026-09-19T08:11:12.8775126Z info: aesop: cloning https://github.com/leanprover-community/aesop
2026-09-19T08:11:14.4867372Z info: aesop: checking out revision '3448c0bcc5ce01b2d1546e483ec3620e32df3d0e'
2026-09-19T08:11:14.5027423Z info: Qq: cloning https://github.com/leanprover-community/quote4
2026-09-19T08:11:15.2803520Z info: Qq: checking out revision '92c15be17b7caf78c2ad767ec40f89052d908d81'
2026-09-19T08:11:15.2917835Z info: batteries: cloning https://github.com/leanprover-community/batteries
2026-09-19T08:11:18.3927727Z info: batteries: checking out revision '4488d40d070b9700d4d5a6aa342f0d40c31b2a2d'
2026-09-19T08:11:18.4146959Z info: Cli: cloning https://github.com/leanprover/lean4-cli
2026-09-19T08:11:19.0175216Z info: Cli: checking out revision '6130a47896ce867c6a4a55373441e59e565bad0f'
2026-09-19T08:11:19.1077497Z Running lake exe cache get
2026-09-19T08:11:19.1078035Z Log: /home/runner/work/_temp/nla-lean-tools/logs/verify-20260919T081021Z-3977/mathlib-cache.log
2026-09-19T08:11:19.9938510Z ✔ [1/5] Built Cache.Cli (279ms)
2026-09-19T08:11:20.0940146Z ✔ [2/5] Built Cache.Lean (338ms)
2026-09-19T08:11:20.3943904Z ✔ [6/26] Built Cache.Cli:c.o (144ms)
2026-09-19T08:11:20.4945420Z ✔ [7/26] Built Cache.Lean:c.o (172ms)
2026-09-19T08:11:20.6957182Z ✔ [8/26] Built Cache.Infra (420ms)
2026-09-19T08:11:20.8960038Z ✔ [9/26] Built Cache.Infra:c.o (169ms)
2026-09-19T08:11:21.0962434Z ✔ [10/26] Built Batteries.Tactic.OpenPrivate (800ms)
2026-09-19T08:11:22.0972537Z ✔ [11/26] Built Batteries.Tactic.OpenPrivate:c.o (957ms)
2026-09-19T08:11:22.1996291Z ✔ [12/26] Built Cache.IO (1.2s)
2026-09-19T08:11:22.9007303Z ✔ [13/26] Built Cache.Hashing (659ms)
2026-09-19T08:11:23.3011755Z ✔ [14/26] Built Cache.Hashing:c.o (443ms)
2026-09-19T08:11:23.5013029Z ✔ [15/26] Built Cache.IO:c.o (1.2s)
2026-09-19T08:11:24.5015160Z ✔ [16/26] Built Cache.Requests (1.6s)
2026-09-19T08:11:25.0035048Z ✔ [17/26] Built Cache.Marker (507ms)
2026-09-19T08:11:25.1009786Z ✔ [18/26] Built Cache.Marker:c.o (125ms)
2026-09-19T08:11:25.6052078Z ✔ [19/26] Built Cache.Query (624ms)
2026-09-19T08:11:26.0054632Z ✔ [20/26] Built Cache.Query:c.o (314ms)
2026-09-19T08:11:26.3075078Z ✔ [21/26] Built Cache.Warning (692ms)
2026-09-19T08:11:26.6069262Z ✔ [22/26] Built Cache.Warning:c.o (289ms)
2026-09-19T08:11:26.8070865Z ✔ [23/26] Built Cache.Requests:c.o (2.3s)
2026-09-19T08:11:27.3076297Z ✔ [24/26] Built Cache.Main (944ms)
2026-09-19T08:11:28.0074477Z ✔ [25/26] Built Cache.Main:c.o (703ms)
2026-09-19T08:11:28.6092112Z ✔ [26/26] Built cache:exe (637ms)
2026-09-19T08:11:31.1002648Z Current branch: HEAD
2026-09-19T08:11:31.1003113Z Using cache from origin: (some leanprover-community/mathlib4)
2026-09-19T08:11:31.1004248Z Attempting to download 8690 file(s) from leanprover-community/mathlib4 cache at https://lakecache.blob.core.windows.net/mathlib4-master
2026-09-19T08:11:32.1687803Z 
2026-09-19T08:11:32.2706187Z Downloaded: 1 file(s) [attempted 1/8690 = 0%, 23 KB/s], Decompressed: 0
2026-09-19T08:11:32.3723044Z Downloaded: 45 file(s) [attempted 45/8690 = 0%, 564 KB/s], Decompressed: 32
2026-09-19T08:11:32.4721837Z Downloaded: 106 file(s) [attempted 106/8690 = 1%, 296 KB/s], Decompressed: 67
2026-09-19T08:11:32.5734026Z Downloaded: 179 file(s) [attempted 179/8690 = 2%, 330 KB/s], Decompressed: 94
2026-09-19T08:11:32.6835074Z Downloaded: 250 file(s) [attempted 250/8690 = 2%, 822 KB/s], Decompressed: 145
2026-09-19T08:11:32.7829053Z Downloaded: 321 file(s) [attempted 321/8690 = 3%, 769 KB/s], Decompressed: 145
2026-09-19T08:11:32.8831646Z Downloaded: 408 file(s) [attempted 408/8690 = 4%, 249 KB/s], Decompressed: 234
2026-09-19T08:11:32.9859486Z Downloaded: 491 file(s) [attempted 491/8690 = 5%, 1022 KB/s], Decompressed: 234
2026-09-19T08:11:33.0855365Z Downloaded: 568 file(s) [attempted 568/8690 = 6%, 3160 KB/s], Decompressed: 234
2026-09-19T08:11:33.1864920Z Downloaded: 658 file(s) [attempted 658/8690 = 7%, 1034 KB/s], Decompressed: 234
2026-09-19T08:11:33.2885277Z Downloaded: 742 file(s) [attempted 742/8690 = 8%, 174 KB/s], Decompressed: 234
2026-09-19T08:11:33.3910321Z Downloaded: 827 file(s) [attempted 827/8690 = 9%, 1078 KB/s], Decompressed: 408
2026-09-19T08:11:33.4924370Z Downloaded: 916 file(s) [attempted 916/8690 = 10%, 994 KB/s], Decompressed: 408
2026-09-19T08:11:33.5922737Z Downloaded: 1006 file(s) [attempted 1006/8690 = 11%, 1712 KB/s], Decompressed: 408
2026-09-19T08:11:33.6919892Z Downloaded: 1093 file(s) [attempted 1093/8690 = 12%, 234 KB/s], Decompressed: 408
2026-09-19T08:11:33.7930303Z Downloaded: 1175 file(s) [attempted 1175/8690 = 13%, 266 KB/s], Decompressed: 408
2026-09-19T08:11:33.8954964Z Downloaded: 1257 file(s) [attempted 1257/8690 = 14%, 486 KB/s], Decompressed: 408
2026-09-19T08:11:34.0244922Z Downloaded: 1342 file(s) [attempted 1342/8690 = 15%, 630 KB/s], Decompressed: 408
2026-09-19T08:11:34.1218373Z Downloaded: 1424 file(s) [attempted 1424/8690 = 16%, 1000 KB/s], Decompressed: 408
2026-09-19T08:11:34.2238146Z Downloaded: 1511 file(s) [attempted 1511/8690 = 17%, 56 KB/s], Decompressed: 749
2026-09-19T08:11:34.3272730Z Downloaded: 1600 file(s) [attempted 1600/8690 = 18%, 153 KB/s], Decompressed: 749
2026-09-19T08:11:34.4317821Z Downloaded: 1694 file(s) [attempted 1694/8690 = 19%, 278 KB/s], Decompressed: 749
2026-09-19T08:11:34.5332669Z Downloaded: 1776 file(s) [attempted 1776/8690 = 20%, 693 KB/s], Decompressed: 749
2026-09-19T08:11:34.6344980Z Downloaded: 1863 file(s) [attempted 1863/8690 = 21%, 721 KB/s], Decompressed: 749
2026-09-19T08:11:34.7385105Z Downloaded: 1950 file(s) [attempted 1950/8690 = 22%, 369 KB/s], Decompressed: 749
2026-09-19T08:11:34.8420559Z Downloaded: 2033 file(s) [attempted 2033/8690 = 23%, 111 KB/s], Decompressed: 749
2026-09-19T08:11:34.9451802Z Downloaded: 2120 file(s) [attempted 2120/8690 = 24%, 125 KB/s], Decompressed: 749
2026-09-19T08:11:35.0448846Z Downloaded: 2213 file(s) [attempted 2213/8690 = 25%, 393 KB/s], Decompressed: 749
2026-09-19T08:11:35.1479501Z Downloaded: 2300 file(s) [attempted 2300/8690 = 26%, 1122 KB/s], Decompressed: 749
2026-09-19T08:11:35.2476156Z Downloaded: 2380 file(s) [attempted 2380/8690 = 27%, 660 KB/s], Decompressed: 749
2026-09-19T08:11:35.3493063Z Downloaded: 2467 file(s) [attempted 2467/8690 = 28%, 1280 KB/s], Decompressed: 749
2026-09-19T08:11:35.4691818Z Downloaded: 2554 file(s) [attempted 2554/8690 = 29%, 121 KB/s], Decompressed: 749
2026-09-19T08:11:35.5740528Z Downloaded: 2627 file(s) [attempted 2627/8690 = 30%, 721 KB/s], Decompressed: 749
2026-09-19T08:11:35.6895753Z Downloaded: 2726 file(s) [attempted 2726/8690 = 31%, 580 KB/s], Decompressed: 749
2026-09-19T08:11:35.8109656Z Downloaded: 2778 file(s) [attempted 2778/8690 = 31%, 200 KB/s], Decompressed: 749
2026-09-19T08:11:35.9167438Z Downloaded: 2877 file(s) [attempted 2877/8690 = 33%, 3713 KB/s], Decompressed: 749
2026-09-19T08:11:36.0162185Z Downloaded: 2975 file(s) [attempted 2975/8690 = 34%, 311 KB/s], Decompressed: 1468
2026-09-19T08:11:36.1171522Z Downloaded: 3046 file(s) [attempted 3046/8690 = 35%, 360 KB/s], Decompressed: 1468
2026-09-19T08:11:36.2215508Z Downloaded: 3135 file(s) [attempted 3135/8690 = 36%, 781 KB/s], Decompressed: 1468
2026-09-19T08:11:36.3200984Z Downloaded: 3231 file(s) [attempted 3231/8690 = 37%, 525 KB/s], Decompressed: 1468
2026-09-19T08:11:36.4197921Z Downloaded: 3311 file(s) [attempted 3311/8690 = 38%, 920 KB/s], Decompressed: 1468
2026-09-19T08:11:36.5605987Z Downloaded: 3396 file(s) [attempted 3396/8690 = 39%, 53 KB/s], Decompressed: 1468
2026-09-19T08:11:36.6687570Z Downloaded: 3457 file(s) [attempted 3457/8690 = 39%, 600 KB/s], Decompressed: 1468
2026-09-19T08:11:36.7687355Z Downloaded: 3544 file(s) [attempted 3544/8690 = 40%, 2081 KB/s], Decompressed: 1468
2026-09-19T08:11:36.8803292Z Downloaded: 3631 file(s) [attempted 3631/8690 = 41%, 55 KB/s], Decompressed: 1468
2026-09-19T08:11:36.9795776Z Downloaded: 3725 file(s) [attempted 3725/8690 = 42%, 742 KB/s], Decompressed: 1468
2026-09-19T08:11:37.0803981Z Downloaded: 3816 file(s) [attempted 3816/8690 = 43%, 792 KB/s], Decompressed: 1468
2026-09-19T08:11:37.2385128Z Downloaded: 3908 file(s) [attempted 3908/8690 = 44%, 1143 KB/s], Decompressed: 1468
2026-09-19T08:11:37.3460996Z Downloaded: 3967 file(s) [attempted 3967/8690 = 45%, 1628 KB/s], Decompressed: 1468
2026-09-19T08:11:37.4511308Z Downloaded: 4068 file(s) [attempted 4068/8690 = 46%, 461 KB/s], Decompressed: 1468
2026-09-19T08:11:37.5525834Z Downloaded: 4164 file(s) [attempted 4164/8690 = 47%, 290 KB/s], Decompressed: 1468
2026-09-19T08:11:37.6737259Z Downloaded: 4244 file(s) [attempted 4244/8690 = 48%, 2227 KB/s], Decompressed: 1468
2026-09-19T08:11:37.7905601Z Downloaded: 4324 file(s) [attempted 4324/8690 = 49%, 477 KB/s], Decompressed: 1468
2026-09-19T08:11:37.9014835Z Downloaded: 4425 file(s) [attempted 4425/8690 = 50%, 544 KB/s], Decompressed: 1468
2026-09-19T08:11:38.0084890Z Downloaded: 4525 file(s) [attempted 4525/8690 = 52%, 966 KB/s], Decompressed: 1468
2026-09-19T08:11:38.1174062Z Downloaded: 4622 file(s) [attempted 4622/8690 = 53%, 2256 KB/s], Decompressed: 1468
2026-09-19T08:11:38.3277322Z Downloaded: 4692 file(s) [attempted 4692/8690 = 53%, 78 KB/s], Decompressed: 1468
2026-09-19T08:11:38.4375429Z Downloaded: 4738 file(s) [attempted 4738/8690 = 54%, 673 KB/s], Decompressed: 1468
2026-09-19T08:11:38.5429921Z Downloaded: 4837 file(s) [attempted 4837/8690 = 55%, 372 KB/s], Decompressed: 1468
2026-09-19T08:11:38.6450393Z Downloaded: 4937 file(s) [attempted 4937/8690 = 56%, 349 KB/s], Decompressed: 1468
2026-09-19T08:11:38.7435016Z Downloaded: 5008 file(s) [attempted 5008/8690 = 57%, 1314 KB/s], Decompressed: 1468
2026-09-19T08:11:38.8567452Z Downloaded: 5090 file(s) [attempted 5090/8690 = 58%, 1151 KB/s], Decompressed: 1468
2026-09-19T08:11:38.9767559Z Downloaded: 5182 file(s) [attempted 5182/8690 = 59%, 293 KB/s], Decompressed: 1468
2026-09-19T08:11:39.0822914Z Downloaded: 5237 file(s) [attempted 5237/8690 = 60%, 1276 KB/s], Decompressed: 1468
2026-09-19T08:11:39.1962427Z Downloaded: 5335 file(s) [attempted 5335/8690 = 61%, 162 KB/s], Decompressed: 1468
2026-09-19T08:11:39.3194730Z Downloaded: 5417 file(s) [attempted 5417/8690 = 62%, 713 KB/s], Decompressed: 1468
2026-09-19T08:11:39.4273055Z Downloaded: 5486 file(s) [attempted 5486/8690 = 63%, 2106 KB/s], Decompressed: 1468
2026-09-19T08:11:39.5332826Z Downloaded: 5584 file(s) [attempted 5584/8690 = 64%, 623 KB/s], Decompressed: 1468
2026-09-19T08:11:39.6358465Z Downloaded: 5653 file(s) [attempted 5653/8690 = 65%, 492 KB/s], Decompressed: 1468
2026-09-19T08:11:39.7393831Z Downloaded: 5744 file(s) [attempted 5744/8690 = 66%, 174 KB/s], Decompressed: 1468
2026-09-19T08:11:39.8383851Z Downloaded: 5827 file(s) [attempted 5827/8690 = 67%, 386 KB/s], Decompressed: 1468
2026-09-19T08:11:39.9470567Z Downloaded: 5909 file(s) [attempted 5909/8690 = 67%, 95 KB/s], Decompressed: 1468
2026-09-19T08:11:40.0468578Z Downloaded: 6001 file(s) [attempted 6001/8690 = 69%, 103 KB/s], Decompressed: 1468
2026-09-19T08:11:40.1552135Z Downloaded: 6081 file(s) [attempted 6081/8690 = 69%, 271 KB/s], Decompressed: 1468
2026-09-19T08:11:40.2570747Z Downloaded: 6170 file(s) [attempted 6170/8690 = 71%, 125 KB/s], Decompressed: 2927
2026-09-19T08:11:40.3568547Z Downloaded: 6266 file(s) [attempted 6266/8690 = 72%, 1681 KB/s], Decompressed: 2927
2026-09-19T08:11:40.4574741Z Downloaded: 6350 file(s) [attempted 6350/8690 = 73%, 623 KB/s], Decompressed: 2927
2026-09-19T08:11:40.5708521Z Downloaded: 6431 file(s) [attempted 6431/8690 = 74%, 347 KB/s], Decompressed: 2927
2026-09-19T08:11:40.6835490Z Downloaded: 6522 file(s) [attempted 6522/8690 = 75%, 993 KB/s], Decompressed: 2927
2026-09-19T08:11:40.9828327Z Downloaded: 6620 file(s) [attempted 6620/8690 = 76%, 443 KB/s], Decompressed: 2927
2026-09-19T08:11:41.0912768Z Downloaded: 6668 file(s) [attempted 6668/8690 = 76%, 833 KB/s], Decompressed: 2927
2026-09-19T08:11:41.2084762Z Downloaded: 6767 file(s) [attempted 6767/8690 = 77%, 199 KB/s], Decompressed: 2927
2026-09-19T08:11:41.3085019Z Downloaded: 6865 file(s) [attempted 6865/8690 = 78%, 773 KB/s], Decompressed: 2927
2026-09-19T08:11:41.4106045Z Downloaded: 6941 file(s) [attempted 6941/8690 = 79%, 2830 KB/s], Decompressed: 2927
2026-09-19T08:11:41.5150650Z Downloaded: 7034 file(s) [attempted 7034/8690 = 80%, 186 KB/s], Decompressed: 2927
2026-09-19T08:11:41.6155877Z Downloaded: 7128 file(s) [attempted 7128/8690 = 82%, 1152 KB/s], Decompressed: 2927
2026-09-19T08:11:41.7200445Z Downloaded: 7217 file(s) [attempted 7217/8690 = 83%, 968 KB/s], Decompressed: 2927
2026-09-19T08:11:41.8201667Z Downloaded: 7304 file(s) [attempted 7304/8690 = 84%, 298 KB/s], Decompressed: 2927
2026-09-19T08:11:41.9214842Z Downloaded: 7391 file(s) [attempted 7391/8690 = 85%, 121 KB/s], Decompressed: 2927
2026-09-19T08:11:42.0214478Z Downloaded: 7478 file(s) [attempted 7478/8690 = 86%, 175 KB/s], Decompressed: 2927
2026-09-19T08:11:42.1218947Z Downloaded: 7561 file(s) [attempted 7561/8690 = 87%, 3408 KB/s], Decompressed: 2927
2026-09-19T08:11:42.2222036Z Downloaded: 7647 file(s) [attempted 7647/8690 = 87%, 276 KB/s], Decompressed: 2927
2026-09-19T08:11:42.3217929Z Downloaded: 7704 file(s) [attempted 7704/8690 = 88%, 3098 KB/s], Decompressed: 2927
2026-09-19T08:11:42.4270612Z Downloaded: 7803 file(s) [attempted 7803/8690 = 89%, 466 KB/s], Decompressed: 2927
2026-09-19T08:11:42.5335645Z Downloaded: 7862 file(s) [attempted 7862/8690 = 90%, 1078 KB/s], Decompressed: 2927
2026-09-19T08:11:42.6332992Z Downloaded: 7961 file(s) [attempted 7961/8690 = 91%, 51 KB/s], Decompressed: 2927
2026-09-19T08:11:42.7335805Z Downloaded: 8052 file(s) [attempted 8052/8690 = 92%, 1016 KB/s], Decompressed: 2927
2026-09-19T08:11:42.8354795Z Downloaded: 8121 file(s) [attempted 8121/8690 = 93%, 138 KB/s], Decompressed: 2927
2026-09-19T08:11:42.9332406Z Downloaded: 8210 file(s) [attempted 8210/8690 = 94%, 436 KB/s], Decompressed: 2927
2026-09-19T08:11:43.0345155Z Downloaded: 8306 file(s) [attempted 8306/8690 = 95%, 401 KB/s], Decompressed: 2927
2026-09-19T08:11:43.1339536Z Downloaded: 8390 file(s) [attempted 8390/8690 = 96%, 1837 KB/s], Decompressed: 2927
2026-09-19T08:11:43.3496052Z Downloaded: 8473 file(s) [attempted 8473/8690 = 97%, 1732 KB/s], Decompressed: 2927
2026-09-19T08:11:43.4503879Z Downloaded: 8556 file(s) [attempted 8556/8690 = 98%, 104 KB/s], Decompressed: 2927
2026-09-19T08:11:43.5571476Z Downloaded: 8619 file(s) [attempted 8619/8690 = 99%, 166 KB/s], Decompressed: 2927
2026-09-19T08:11:43.5615297Z Downloaded: 8690 file(s) [attempted 8690/8690 = 100%, 1535 KB/s], Decompressed: 2927
2026-09-19T08:11:43.5615879Z Downloaded: 8690 file(s) [attempted 8690/8690 = 100%, 1535 KB/s], Decompressed: 2927
2026-09-19T08:12:09.7567903Z Decompressed 8690 file(s)
2026-09-19T08:12:09.7568221Z Already decompressed 8690 file(s)
2026-09-19T08:12:09.7579110Z Running systemd-run --user --quiet --wait --pipe --collect -p 'RestrictAddressFamilies=~AF_UNIX' --working-directory /home/runner/work/_temp/nla-lean-tools/.verification-tmp/nla-fresh-proof-ae4lawzl/project /usr/bin/env -i PATH=/home/runner/.elan/toolchains/leanprover--lean4---v4.33.1/bin:/home/runner/.elan/bin:/home/runner/go/bin:/opt/hostedtoolcache/go/1.27.1/x64/bin:/snap/bin:/home/runner/.local/bin:/opt/pipx_bin:/home/runner/.cargo/bin:/home/runner/.config/composer/vendor/bin:/usr/local/.ghcup/bin:/home/runner/.dotnet/tools:/usr/local/sbin:/usr/local/bin:/usr/sbin:/usr/bin:/sbin:/bin:/usr/games:/usr/local/games:/snap/bin HOME=/home/runner LANG=C.UTF-8 XDG_RUNTIME_DIR=/run/user/1001 DBUS_SESSION_BUS_ADDRESS=unix:path=/run/user/1001/bus GIT_TERMINAL_PROMPT=0 GIT_CONFIG_NOSYSTEM=1 GIT_CONFIG_GLOBAL=/dev/null COMPARATOR_BIN=/home/runner/work/_temp/nla-lean-tools/.tools/comparator/.lake/build/bin/comparator COMPARATOR_LEAN4EXPORT=/home/runner/work/_temp/nla-lean-tools/.tools/lean4export/.lake/build/bin/lean4export COMPARATOR_LANDRUN=/home/runner/work/_temp/nla-lean-tools/scripts/strict_landrun.py XDG_CACHE_HOME=/home/runner/work/_temp/nla-lean-tools/.tools/cache TMPDIR=/home/runner/work/_temp/nla-lean-tools/.verification-tmp lake env /home/runner/work/_temp/nla-lean-tools/.tools/comparator/.lake/build/bin/comparator comparator.json
2026-09-19T08:12:09.7585173Z Log: /home/runner/work/_temp/nla-lean-tools/logs/verify-20260919T081021Z-3977/comparator.log
2026-09-19T08:12:10.4419053Z Building Challenge
2026-09-19T08:12:13.3556024Z ✔ [1888/1890] Built NLA.NR04.Definitions (1.5s)
2026-09-19T08:12:14.8570496Z ⚠ [1889/1890] Built Challenge (1.4s)
2026-09-19T08:12:14.8570868Z warning: Challenge.lean:21:8: declaration uses `sorry`
2026-09-19T08:12:14.8571367Z warning: Challenge.lean:25:8: declaration uses `sorry`
2026-09-19T08:12:14.8571819Z warning: Challenge.lean:30:8: declaration uses `sorry`
2026-09-19T08:12:14.8572276Z warning: Challenge.lean:35:8: declaration uses `sorry`
2026-09-19T08:12:14.8573740Z warning: Challenge.lean:41:8: declaration uses `sorry`
2026-09-19T08:12:14.8574175Z warning: Challenge.lean:47:8: declaration uses `sorry`
2026-09-19T08:12:14.8574442Z warning: Challenge.lean:53:8: declaration uses `sorry`
2026-09-19T08:12:14.8574712Z warning: Challenge.lean:61:8: declaration uses `sorry`
2026-09-19T08:12:14.8574972Z warning: Challenge.lean:72:8: declaration uses `sorry`
2026-09-19T08:12:14.8575236Z warning: Challenge.lean:84:8: declaration uses `sorry`
2026-09-19T08:12:14.8575505Z warning: Challenge.lean:94:8: declaration uses `sorry`
2026-09-19T08:12:14.8576062Z warning: Challenge.lean:101:8: declaration uses `sorry`
2026-09-19T08:12:14.8576342Z warning: Challenge.lean:109:8: declaration uses `sorry`
2026-09-19T08:12:14.8576633Z warning: Challenge.lean:114:8: declaration uses `sorry`
2026-09-19T08:12:14.8576899Z warning: Challenge.lean:119:8: declaration uses `sorry`
2026-09-19T08:12:14.8682194Z Build completed successfully (1890 jobs).
2026-09-19T08:12:18.4717858Z Exporting #[Quot, Quot.mk, Quot.lift, Quot.ind, NLA.NR04.minor_eight_positive, NLA.NR04.distance_index_semantics, NLA.NR04.centered_labels, NLA.NR04.reflection_identity, NLA.NR04.seven_factor_certificate, NLA.NR04.distance_rank_certificate, NLA.NR04.distance_sign_pattern, NLA.NR04.small_section_bound, NLA.NR04.section_contact_bound, NLA.NR04.low_rank_factor_obstruction, NLA.NR04.rank_three_small_factor, NLA.NR04.general_rank_seven_lower, NLA.NR04.nine_point_no_small_factor, NLA.NR04.nine_point_nonnegative_rank_seven, NLA.NR04.canonical_six_factor_impossible, propext, Classical.choice, Quot.sound, Nat.add, Nat.sub, Nat.mul, Nat.pow, Nat.gcd, Nat.div, Nat.mod, Nat.beq, Nat.ble, Nat.land, Nat.lor, Nat.xor, Nat.shiftLeft, Nat.shiftRight, String.ofList, Char.ofNat, List, eagerReduce, Nat, String, String.mk, Char, optParam, autoParam, semiOutParam, outParam] from Challenge
2026-09-19T08:12:18.4721593Z Building Solution
2026-09-19T08:12:23.7819711Z ✔ [2307/2342] Built LeanCert.Tactic.Verification (3.9s)
2026-09-19T08:12:23.8829710Z ℹ [2308/2344] Built NLA.NR04.SliceRecombination (4.1s)
2026-09-19T08:12:23.8832519Z info: NLA/NR04/SliceRecombination.lean:248:0: 'NLA.NR04.slice_cross_weight_sum' depends on axioms: [propext, Classical.choice, Quot.sound]
2026-09-19T08:12:23.8834267Z info: NLA/NR04/SliceRecombination.lean:249:0: 'NLA.NR04.slice_cross_vector_sum' depends on axioms: [propext, Classical.choice, Quot.sound]
2026-09-19T08:12:23.8835701Z info: NLA/NR04/SliceRecombination.lean:250:0: 'NLA.NR04.balanced_slice_mem_hull' depends on axioms: [propext, Classical.choice, Quot.sound]
2026-09-19T08:12:23.8837173Z info: NLA/NR04/SliceRecombination.lean:251:0: 'NLA.NR04.slice_cross_mem_convexHull' depends on axioms: [propext, Classical.choice, Quot.sound]
2026-09-19T08:12:23.8838576Z info: NLA/NR04/SliceRecombination.lean:252:0: 'NLA.NR04.slice_cross_height_zero' depends on axioms: [propext, Classical.choice, Quot.sound]
2026-09-19T08:12:23.8839969Z info: NLA/NR04/SliceRecombination.lean:253:0: 'NLA.NR04.slice_balance_of_height_zero' depends on axioms: [propext, Classical.choice, Quot.sound]
2026-09-19T08:12:23.8841459Z info: NLA/NR04/SliceRecombination.lean:254:0: 'NLA.NR04.height_zero_combination_mem_slice_hull' depends on axioms: [propext, Classical.choice, Quot.sound]
2026-09-19T08:12:25.4836345Z ⚠ [2309/2344] Built NLA.NR04.FiniteSection (5.2s)
2026-09-19T08:12:25.4837116Z warning: NLA/NR04/FiniteSection.lean:118:33: Used `tac1 <;> tac2` where `(tac1; tac2)` would suffice
2026-09-19T08:12:25.4837782Z 
2026-09-19T08:12:25.4838193Z Note: This linter can be disabled with `set_option linter.unnecessarySeqFocus false`
2026-09-19T08:12:25.4839246Z warning: NLA/NR04/FiniteSection.lean:129:29: Used `tac1 <;> tac2` where `(tac1; tac2)` would suffice
2026-09-19T08:12:25.4839695Z 
2026-09-19T08:12:25.4839995Z Note: This linter can be disabled with `set_option linter.unnecessarySeqFocus false`
2026-09-19T08:12:25.4840550Z warning: NLA/NR04/FiniteSection.lean:155:2: Try this: 
2026-09-19T08:12:25.4848608Z   haveI̵
2026-09-19T08:12:25.4848749Z 
2026-09-19T08:12:25.4848983Z The goal is a proposition, so `have` is preferred over `haveI`.
2026-09-19T08:12:25.4849566Z The difference between `have` and `haveI` is that `haveI` inlines the value.
2026-09-19T08:12:25.4850148Z But this is not relevant for proofs because of proof irrelevance.
2026-09-19T08:12:25.4850469Z 
2026-09-19T08:12:25.4850754Z Note: This linter can be disabled with `set_option linter.style.haveILetI false`
2026-09-19T08:12:25.4851714Z info: NLA/NR04/FiniteSection.lean:175:0: 'NLA.NR04.extreme_eq_of_weight_support_subset' depends on axioms: [propext, Classical.choice, Quot.sound]
2026-09-19T08:12:25.4853292Z info: NLA/NR04/FiniteSection.lean:176:0: 'NLA.NR04.finite_extremePoints_affine_section' depends on axioms: [propext, Classical.choice, Quot.sound]
2026-09-19T08:12:25.4854594Z info: NLA/NR04/FiniteSection.lean:177:0: 'NLA.NR04.convexHull_extremePoints_affine_section' depends on axioms: [propext, Classical.choice, Quot.sound]
2026-09-19T08:12:25.7907345Z ℹ [2310/2344] Built NLA.NR04.SectionLinearAlgebra (5.9s)
2026-09-19T08:12:25.7909161Z info: NLA/NR04/SectionLinearAlgebra.lean:142:0: 'NLA.NR04.positive_offdiagonal_three_det' depends on axioms: [propext, Classical.choice, Quot.sound]
2026-09-19T08:12:25.7910748Z info: NLA/NR04/SectionLinearAlgebra.lean:143:0: 'NLA.NR04.rank_three_span_zero_of_three_coordinates' depends on axioms: [propext, Classical.choice, Quot.sound]
2026-09-19T08:12:25.7912344Z info: NLA/NR04/SectionLinearAlgebra.lean:144:0: 'NLA.NR04.sum_eq_one_of_mem_columnAffineSpan' depends on axioms: [propext, Classical.choice, Quot.sound]
2026-09-19T08:12:25.7914262Z info: NLA/NR04/SectionLinearAlgebra.lean:145:0: 'NLA.NR04.no_three_zero_coordinates' depends on axioms: [propext, Classical.choice, Quot.sound]
2026-09-19T08:12:25.7915698Z info: NLA/NR04/SectionLinearAlgebra.lean:146:0: 'NLA.NR04.zero_coordinate_card_le_two' depends on axioms: [propext, Classical.choice, Quot.sound]
2026-09-19T08:12:26.1938861Z ℹ [2311/2344] Built NLA.NR04.PlaneSeparation (2.4s)
2026-09-19T08:12:26.1940627Z info: NLA/NR04/PlaneSeparation.lean:81:0: 'NLA.NR04.finite_plane_family_separating_coordinate' depends on axioms: [propext, Classical.choice, Quot.sound]
2026-09-19T08:12:26.1942146Z info: NLA/NR04/PlaneSeparation.lean:82:0: 'NLA.NR04.separated_plane_family_strict_minimum' depends on axioms: [propext, Classical.choice, Quot.sound]
2026-09-19T08:12:26.8950758Z ℹ [2312/2344] Built NLA.NR04.RectangleParity (2.9s)
2026-09-19T08:12:26.8952292Z info: NLA/NR04/RectangleParity.lean:31:0: 'NLA.NR04.nine_rectangle_parities_impossible' depends on axioms: [propext, Quot.sound]
2026-09-19T08:12:27.5957830Z ℹ [2314/2344] Built NLA.NR04.CrossingComparisonParity (2.1s)
2026-09-19T08:12:27.5959692Z info: NLA/NR04/CrossingComparisonParity.lean:67:0: 'NLA.NR04.key_indicator_reverse' depends on axioms: [propext, Classical.choice, Quot.sound]
2026-09-19T08:12:27.5961169Z info: NLA/NR04/CrossingComparisonParity.lean:68:0: 'NLA.NR04.key_indicator_pair_left' depends on axioms: [propext, Classical.choice, Quot.sound]
2026-09-19T08:12:27.5962587Z info: NLA/NR04/CrossingComparisonParity.lean:69:0: 'NLA.NR04.key_indicator_pair_middle' depends on axioms: [propext, Classical.choice, Quot.sound]
2026-09-19T08:12:27.5964156Z info: NLA/NR04/CrossingComparisonParity.lean:70:0: 'NLA.NR04.key_indicator_pair_right' depends on axioms: [propext, Classical.choice, Quot.sound]
2026-09-19T08:12:27.5965597Z info: NLA/NR04/CrossingComparisonParity.lean:71:0: 'NLA.NR04.key_indicator_sum_odd_of_one_between' depends on axioms: [propext, Classical.choice, Quot.sound]
2026-09-19T08:12:28.1960792Z ℹ [2315/2344] Built NLA.NR04.PlaneDeterminants (2.4s)
2026-09-19T08:12:28.1962667Z info: NLA/NR04/PlaneDeterminants.lean:92:0: 'NLA.NR04.plane_det_self' depends on axioms: [propext, Classical.choice, Quot.sound]
2026-09-19T08:12:28.1964118Z info: NLA/NR04/PlaneDeterminants.lean:93:0: 'NLA.NR04.plane_det_swap' depends on axioms: [propext, Classical.choice, Quot.sound]
2026-09-19T08:12:28.1965353Z info: NLA/NR04/PlaneDeterminants.lean:94:0: 'NLA.NR04.plane_orientation_zero' depends on axioms: [propext, Classical.choice, Quot.sound]
2026-09-19T08:12:28.1966587Z info: NLA/NR04/PlaneDeterminants.lean:95:0: 'NLA.NR04.plane_det_pos_of_slope_lt' depends on axioms: [propext, Classical.choice, Quot.sound]
2026-09-19T08:12:28.1967835Z info: NLA/NR04/PlaneDeterminants.lean:96:0: 'NLA.NR04.plane_cramer_combination' depends on axioms: [propext, Classical.choice, Quot.sound]
2026-09-19T08:12:28.1969127Z info: NLA/NR04/PlaneDeterminants.lean:97:0: 'NLA.NR04.plane_orientation_of_combination' depends on axioms: [propext, Classical.choice, Quot.sound]
2026-09-19T08:12:28.1970765Z info: NLA/NR04/PlaneDeterminants.lean:98:0: 'NLA.NR04.plane_positive_combination_of_ordered_slopes' depends on axioms: [propext, Classical.choice, Quot.sound]
2026-09-19T08:12:29.0011861Z ℹ [2316/2344] Built NLA.NR04.ColumnNormalization (2.8s)
2026-09-19T08:12:29.0013875Z info: NLA/NR04/ColumnNormalization.lean:143:0: 'NLA.NR04.columnMass_nonnegative' depends on axioms: [propext, Classical.choice, Quot.sound]
2026-09-19T08:12:29.0015238Z info: NLA/NR04/ColumnNormalization.lean:144:0: 'NLA.NR04.column_zero_of_mass_zero' depends on axioms: [propext, Classical.choice, Quot.sound]
2026-09-19T08:12:29.0016417Z info: NLA/NR04/ColumnNormalization.lean:145:0: 'NLA.NR04.columnMass_mul' depends on axioms: [propext, Classical.choice, Quot.sound]
2026-09-19T08:12:29.0017697Z info: NLA/NR04/ColumnNormalization.lean:146:0: 'NLA.NR04.columnNormalized_stochastic' depends on axioms: [propext, Classical.choice, Quot.sound]
2026-09-19T08:12:29.0019320Z info: NLA/NR04/ColumnNormalization.lean:147:0: 'NLA.NR04.columnNormalized_rank' depends on axioms: [propext, Classical.choice, Quot.sound]
2026-09-19T08:12:29.0020699Z info: NLA/NR04/ColumnNormalization.lean:148:0: 'NLA.NR04.filledColumnNormalized_stochastic' depends on axioms: [propext, Classical.choice, Quot.sound]
2026-09-19T08:12:29.0022131Z info: NLA/NR04/ColumnNormalization.lean:149:0: 'NLA.NR04.filledColumnNormalized_rank_le' depends on axioms: [propext, Classical.choice, Quot.sound]
2026-09-19T08:12:29.0023438Z info: NLA/NR04/ColumnNormalization.lean:150:0: 'NLA.NR04.filledColumnNormalized_mass_mul' depends on axioms: [propext, Classical.choice, Quot.sound]
2026-09-19T08:12:29.9013880Z ⚠ [2317/2344] Built NLA.NR04.CrossingRectangles (3.1s)
2026-09-19T08:12:29.9015868Z warning: NLA/NR04/CrossingRectangles.lean:20:66: Used `tac1 <;> tac2` where `(tac1; tac2)` would suffice
2026-09-19T08:12:29.9016827Z 
2026-09-19T08:12:29.9017405Z Note: This linter can be disabled with `set_option linter.unnecessarySeqFocus false`
2026-09-19T08:12:29.9018592Z info: NLA/NR04/CrossingRectangles.lean:66:0: 'NLA.NR04.slice_cross_diagonals_intersect' depends on axioms: [propext, Classical.choice, Quot.sound]
2026-09-19T08:12:30.4012314Z ℹ [2318/2344] Built NLA.NR04.FiniteHeightSlice (2.8s)
2026-09-19T08:12:30.4014143Z info: NLA/NR04/FiniteHeightSlice.lean:176:0: 'NLA.NR04.height_partition_card' depends on axioms: [propext, Classical.choice, Quot.sound]
2026-09-19T08:12:30.4015550Z info: NLA/NR04/FiniteHeightSlice.lean:177:0: 'NLA.NR04.sum_height_partition_fin' depends on axioms: [propext, Classical.choice, Quot.sound]
2026-09-19T08:12:30.4016832Z info: NLA/NR04/FiniteHeightSlice.lean:178:0: 'NLA.NR04.mem_finite_range_convexHull_weights' depends on axioms: [propext, Classical.choice, Quot.sound]
2026-09-19T08:12:30.4018112Z info: NLA/NR04/FiniteHeightSlice.lean:179:0: 'NLA.NR04.finite_height_slice_eq' depends on axioms: [propext, Classical.choice, Quot.sound]
2026-09-19T08:12:31.2014949Z ℹ [2319/2344] Built NLA.NR04.SylvesterRank (3.0s)
2026-09-19T08:12:31.2016626Z info: NLA/NR04/SylvesterRank.lean:61:0: 'NLA.NR04.matrix_sylvester_rank_bound' depends on axioms: [propext, Classical.choice, Quot.sound]
2026-09-19T08:12:31.2017829Z info: NLA/NR04/SylvesterRank.lean:62:0: 'NLA.NR04.rank_three_small_factor' depends on axioms: [propext, Classical.choice, Quot.sound]
2026-09-19T08:12:31.5014142Z ℹ [2320/2344] Built NLA.NR04.SmallSectionRankThree (2.5s)
2026-09-19T08:12:31.5015850Z info: NLA/NR04/SmallSectionRankThree.lean:103:0: 'NLA.NR04.mem_columnAffineSpan_of_mem_span_sum_one' depends on axioms: [propext, Classical.choice, Quot.sound]
2026-09-19T08:12:31.5017324Z info: NLA/NR04/SmallSectionRankThree.lean:104:0: 'NLA.NR04.columnHull_subset_columnAffineSpan_of_rank_le_three' depends on axioms: [propext,
2026-09-19T08:12:31.5018290Z  Classical.choice,
2026-09-19T08:12:31.5018676Z  Quot.sound]
2026-09-19T08:12:31.5019541Z info: NLA/NR04/SmallSectionRankThree.lean:105:0: 'NLA.NR04.small_section_bound_of_rank_le_three' depends on axioms: [propext, Classical.choice, Quot.sound]
2026-09-19T08:12:32.5030765Z ⚠ [2321/2344] Built NLA.NR04.PlaneShear (2.6s)
2026-09-19T08:12:32.5032549Z warning: NLA/NR04/PlaneShear.lean:29:38: Used `tac1 <;> tac2` where `(tac1; tac2)` would suffice
2026-09-19T08:12:32.5033185Z 
2026-09-19T08:12:32.5033806Z Note: This linter can be disabled with `set_option linter.unnecessarySeqFocus false`
2026-09-19T08:12:32.5034663Z warning: NLA/NR04/PlaneShear.lean:32:51: Used `tac1 <;> tac2` where `(tac1; tac2)` would suffice
2026-09-19T08:12:32.5035189Z 
2026-09-19T08:12:32.5035589Z Note: This linter can be disabled with `set_option linter.unnecessarySeqFocus false`
2026-09-19T08:12:32.5036522Z info: NLA/NR04/PlaneShear.lean:97:0: 'NLA.NR04.plane_shear_shift_apply_zero' depends on axioms: [propext, Classical.choice, Quot.sound]
2026-09-19T08:12:32.5037583Z info: NLA/NR04/PlaneShear.lean:98:0: 'NLA.NR04.plane_shear_shift_apply_one' depends on axioms: [propext, Classical.choice, Quot.sound]
2026-09-19T08:12:32.5038878Z info: NLA/NR04/PlaneShear.lean:99:0: 'NLA.NR04.plane_shear_shift_center' depends on axioms: [propext, Classical.choice, Quot.sound]
2026-09-19T08:12:32.5039961Z info: NLA/NR04/PlaneShear.lean:100:0: 'NLA.NR04.plane_shear_shift_injective' depends on axioms: [propext, Classical.choice, Quot.sound]
2026-09-19T08:12:32.5041083Z info: NLA/NR04/PlaneShear.lean:101:0: 'NLA.NR04.finite_plane_family_positive_shear' depends on axioms: [propext, Classical.choice, Quot.sound]
2026-09-19T08:12:33.3062669Z ⚠ [2322/2344] Built NLA.NR04.IncidenceCount (2.9s)
2026-09-19T08:12:33.3064554Z warning: NLA/NR04/IncidenceCount.lean:108:2: Try this: 
2026-09-19T08:12:33.3065333Z   letI̵
2026-09-19T08:12:33.3065633Z 
2026-09-19T08:12:33.3066034Z The goal is a proposition, so `let` is preferred over `letI`.
2026-09-19T08:12:33.3066778Z The difference between `let` and `letI` is that `letI` inlines the value.
2026-09-19T08:12:33.3067535Z But this is not relevant for proofs because of proof irrelevance.
2026-09-19T08:12:33.3068026Z 
2026-09-19T08:12:33.3068547Z Note: This linter can be disabled with `set_option linter.style.haveILetI false`
2026-09-19T08:12:33.3069639Z info: NLA/NR04/IncidenceCount.lean:181:0: 'NLA.NR04.incidence_card_le' depends on axioms: [propext, Classical.choice, Quot.sound]
2026-09-19T08:12:33.3070947Z info: NLA/NR04/IncidenceCount.lean:182:0: 'NLA.NR04.factor_width_ge_order_of_two_zeros' depends on axioms: [propext, Classical.choice, Quot.sound]
2026-09-19T08:12:33.3072304Z info: NLA/NR04/IncidenceCount.lean:183:0: 'NLA.NR04.factor_width_ge_order_of_column_plane' depends on axioms: [propext, Classical.choice, Quot.sound]
2026-09-19T08:12:33.9066622Z ⚠ [2323/2344] Built NLA.NR04.ExtremeOrientation (2.7s)
2026-09-19T08:12:33.9068233Z warning: NLA/NR04/ExtremeOrientation.lean:41:33: Unused tactic linter: `ring` does nothing
2026-09-19T08:12:33.9068884Z 
2026-09-19T08:12:33.9069288Z Note: This linter can be disabled with `set_option linter.unusedTactic false`
2026-09-19T08:12:33.9070070Z warning: NLA/NR04/ExtremeOrientation.lean:41:33: this tactic is never executed
2026-09-19T08:12:33.9070615Z 
2026-09-19T08:12:33.9071048Z Note: This linter can be disabled with `set_option linter.unreachableTactic false`
2026-09-19T08:12:33.9072149Z info: NLA/NR04/ExtremeOrientation.lean:92:0: 'NLA.NR04.extreme_positive_combination_weight_sum' depends on axioms: [propext, Classical.choice, Quot.sound]
2026-09-19T08:12:33.9073721Z info: NLA/NR04/ExtremeOrientation.lean:93:0: 'NLA.NR04.plane_orientation_pos_of_extreme_ordered_slopes' depends on axioms: [propext, Classical.choice, Quot.sound]
2026-09-19T08:12:33.9075131Z info: NLA/NR04/ExtremeOrientation.lean:94:0: 'NLA.NR04.ordered_extreme_hull_triples_positive' depends on axioms: [propext, Classical.choice, Quot.sound]
2026-09-19T08:12:34.2182250Z ℹ [2324/2344] Built NLA.NR04.PlaneCrossingOrientation (2.7s)
2026-09-19T08:12:34.2184130Z info: NLA/NR04/PlaneCrossingOrientation.lean:89:0: 'NLA.NR04.plane_orientation_cyclic' depends on axioms: [propext, Classical.choice, Quot.sound]
2026-09-19T08:12:34.2185576Z info: NLA/NR04/PlaneCrossingOrientation.lean:90:0: 'NLA.NR04.plane_orientation_swap_first' depends on axioms: [propext, Classical.choice, Quot.sound]
2026-09-19T08:12:34.2187174Z info: NLA/NR04/PlaneCrossingOrientation.lean:91:0: 'NLA.NR04.plane_orientation_swap_last' depends on axioms: [propext, Classical.choice, Quot.sound]
2026-09-19T08:12:34.2188467Z info: NLA/NR04/PlaneCrossingOrientation.lean:92:0: 'NLA.NR04.plane_orientation_left_eq_zero' depends on axioms: [propext, Classical.choice, Quot.sound]
2026-09-19T08:12:34.2189771Z info: NLA/NR04/PlaneCrossingOrientation.lean:93:0: 'NLA.NR04.plane_orientation_right_eq_zero' depends on axioms: [propext, Classical.choice, Quot.sound]
2026-09-19T08:12:34.2191107Z info: NLA/NR04/PlaneCrossingOrientation.lean:94:0: 'NLA.NR04.plane_orientation_affine_combination' depends on axioms: [propext, Classical.choice, Quot.sound]
2026-09-19T08:12:34.2192430Z info: NLA/NR04/PlaneCrossingOrientation.lean:95:0: 'NLA.NR04.plane_orientation_on_open_segment' depends on axioms: [propext, Classical.choice, Quot.sound]
2026-09-19T08:12:34.2194056Z info: NLA/NR04/PlaneCrossingOrientation.lean:96:0: 'NLA.NR04.crossing_orientation_opposite' depends on axioms: [propext, Classical.choice, Quot.sound]
2026-09-19T08:12:35.3193261Z ℹ [2325/2344] Built NLA.NR04.FactorNormalization (2.8s)
2026-09-19T08:12:35.3195635Z info: NLA/NR04/FactorNormalization.lean:94:0: 'NLA.NR04.normalized_factor_column_containment' depends on axioms: [propext, Classical.choice, Quot.sound]
2026-09-19T08:12:35.3197354Z info: NLA/NR04/FactorNormalization.lean:95:0: 'NLA.NR04.sign_pattern_columnMass_positive' depends on axioms: [propext, Classical.choice, Quot.sound]
2026-09-19T08:12:35.7210022Z ℹ [2326/2344] Built NLA.NR04.RankFourHeight (2.4s)
2026-09-19T08:12:35.7211932Z info: NLA/NR04/RankFourHeight.lean:132:0: 'NLA.NR04.exists_linear_height_of_finrank_succ' depends on axioms: [propext, Classical.choice, Quot.sound]
2026-09-19T08:12:35.7213369Z info: NLA/NR04/RankFourHeight.lean:133:0: 'NLA.NR04.sum_eq_one_of_mem_columnHull' depends on axioms: [propext, Classical.choice, Quot.sound]
2026-09-19T08:12:35.7214812Z info: NLA/NR04/RankFourHeight.lean:134:0: 'NLA.NR04.rank_four_column_section_height' depends on axioms: [propext, Classical.choice, Quot.sound]
2026-09-19T08:12:35.7216056Z info: NLA/NR04/RankFourHeight.lean:135:0: 'NLA.NR04.rank_four_column_section_candidates' depends on axioms: [propext, Classical.choice, Quot.sound]
2026-09-19T08:12:36.8214581Z ℹ [2327/2385] Built NLA.NR04.SectionContact (2.6s)
2026-09-19T08:12:36.8216250Z info: NLA/NR04/SectionContact.lean:107:0: 'NLA.NR04.nonnegative_of_mem_columnHull' depends on axioms: [propext, Classical.choice, Quot.sound]
2026-09-19T08:12:36.8217530Z info: NLA/NR04/SectionContact.lean:108:0: 'NLA.NR04.finite_extremePoints_columnSection' depends on axioms: [propext, Classical.choice, Quot.sound]
2026-09-19T08:12:36.8218749Z info: NLA/NR04/SectionContact.lean:109:0: 'NLA.NR04.convexHull_extremePoints_columnSection' depends on axioms: [propext, Classical.choice, Quot.sound]
2026-09-19T08:12:36.8219949Z info: NLA/NR04/SectionContact.lean:110:0: 'NLA.NR04.section_contact_bound' depends on axioms: [propext, Classical.choice, Quot.sound]
2026-09-19T08:12:37.1211167Z ℹ [2656/2771] Built NLA.NR04.AffinePlaneDimension (3.1s)
2026-09-19T08:12:37.1212847Z info: NLA/NR04/AffinePlaneDimension.lean:114:0: 'NLA.NR04.column_direction_mem_iff' depends on axioms: [propext, Classical.choice, Quot.sound]
2026-09-19T08:12:37.1214477Z info: NLA/NR04/AffinePlaneDimension.lean:115:0: 'NLA.NR04.column_affine_direction_finrank' depends on axioms: [propext, Classical.choice, Quot.sound]
2026-09-19T08:12:37.8269503Z ℹ [2752/2775] Built NLA.NR04.PlaneKeyOrientationSigns (2.5s)
2026-09-19T08:12:37.8271187Z info: NLA/NR04/PlaneKeyOrientationSigns.lean:75:0: 'NLA.NR04.plane_orientation_key_regions' depends on axioms: [propext, Classical.choice, Quot.sound]
2026-09-19T08:12:37.8272707Z info: NLA/NR04/PlaneKeyOrientationSigns.lean:76:0: 'NLA.NR04.plane_orientation_negative_iff_between' depends on axioms: [propext, Classical.choice, Quot.sound]
2026-09-19T08:12:37.8274801Z info: NLA/NR04/PlaneKeyOrientationSigns.lean:77:0: 'NLA.NR04.plane_orientation_ne_zero_of_key_order' depends on axioms: [propext, Classical.choice, Quot.sound]
2026-09-19T08:12:38.5270458Z ⚠ [2753/2817] Built NLA.NR04.HeightCandidateCount (2.8s)
2026-09-19T08:12:38.5272139Z warning: NLA/NR04/HeightCandidateCount.lean:130:2: Try this: 
2026-09-19T08:12:38.5272823Z   letI̵
2026-09-19T08:12:38.5273111Z 
2026-09-19T08:12:38.5273462Z The goal is a proposition, so `let` is preferred over `letI`.
2026-09-19T08:12:38.5274297Z The difference between `let` and `letI` is that `letI` inlines the value.
2026-09-19T08:12:38.5274992Z But this is not relevant for proofs because of proof irrelevance.
2026-09-19T08:12:38.5275444Z 
2026-09-19T08:12:38.5275867Z Note: This linter can be disabled with `set_option linter.style.haveILetI false`
2026-09-19T08:12:38.5276942Z info: NLA/NR04/HeightCandidateCount.lean:169:0: 'NLA.NR04.height_candidates_ncard_le' depends on axioms: [propext, Classical.choice, Quot.sound]
2026-09-19T08:12:38.5278686Z info: NLA/NR04/HeightCandidateCount.lean:170:0: 'NLA.NR04.height_slice_extreme_bound_actual_candidates' depends on axioms: [propext, Classical.choice, Quot.sound]
2026-09-19T08:12:38.5280150Z info: NLA/NR04/HeightCandidateCount.lean:171:0: 'NLA.NR04.six_height_partition_nonexceptional' depends on axioms: [propext, Classical.choice, Quot.sound]
2026-09-19T08:12:38.5281566Z info: NLA/NR04/HeightCandidateCount.lean:172:0: 'NLA.NR04.height_slice_duplicate_exception_bound' depends on axioms: [propext, Classical.choice, Quot.sound]
2026-09-19T08:12:38.5283012Z info: NLA/NR04/HeightCandidateCount.lean:173:0: 'NLA.NR04.rank_four_section_bound_or_distinct_exception' depends on axioms: [propext, Classical.choice, Quot.sound]
2026-09-19T08:12:40.0376105Z ✔ [2794/2817] Built LeanCert.Core.Interval (2.9s)
2026-09-19T08:12:40.2374815Z ⚠ [2795/2817] Built NLA.NR04.AffinePlaneCoordinates (3.2s)
2026-09-19T08:12:40.2376683Z warning: NLA/NR04/AffinePlaneCoordinates.lean:41:2: Try this: 
2026-09-19T08:12:40.2377541Z   letI̵
2026-09-19T08:12:40.2377841Z 
2026-09-19T08:12:40.2378206Z The goal is a proposition, so `let` is preferred over `letI`.
2026-09-19T08:12:40.2378910Z The difference between `let` and `letI` is that `letI` inlines the value.
2026-09-19T08:12:40.2379607Z But this is not relevant for proofs because of proof irrelevance.
2026-09-19T08:12:40.2380086Z 
2026-09-19T08:12:40.2380515Z Note: This linter can be disabled with `set_option linter.style.haveILetI false`
2026-09-19T08:12:40.2381597Z info: NLA/NR04/AffinePlaneCoordinates.lean:158:0: 'NLA.NR04.column_affine_plane_parametrization' depends on axioms: [propext, Classical.choice, Quot.sound]
2026-09-19T08:12:40.2382991Z info: NLA/NR04/AffinePlaneCoordinates.lean:159:0: 'NLA.NR04.affine_injective_extreme_image_iff' depends on axioms: [propext, Classical.choice, Quot.sound]
2026-09-19T08:12:40.2384572Z info: NLA/NR04/AffinePlaneCoordinates.lean:160:0: 'NLA.NR04.affine_injective_open_crossing_iff' depends on axioms: [propext, Classical.choice, Quot.sound]
2026-09-19T08:12:40.2385981Z info: NLA/NR04/AffinePlaneCoordinates.lean:161:0: 'NLA.NR04.column_family_plane_coordinates' depends on axioms: [propext, Classical.choice, Quot.sound]
2026-09-19T08:12:40.4376927Z ℹ [2796/2818] Built NLA.NR04.FourEndpointCrossingParity (2.6s)
2026-09-19T08:12:40.4378573Z info: NLA/NR04/FourEndpointCrossingParity.lean:88:0: 'NLA.NR04.ordered_key_crossing_odd' depends on axioms: [propext, Classical.choice, Quot.sound]
2026-09-19T08:12:40.4380159Z info: NLA/NR04/FourEndpointCrossingParity.lean:89:0: 'NLA.NR04.four_endpoint_crossing_odd' depends on axioms: [propext, Classical.choice, Quot.sound]
2026-09-19T08:12:43.6432296Z ℹ [2797/2822] Built NLA.NR04.NineGridKeyObstruction (3.3s)
2026-09-19T08:12:43.6433961Z info: NLA/NR04/NineGridKeyObstruction.lean:56:0: 'NLA.NR04.nine_grid_key_crossings_impossible' depends on axioms: [propext, Classical.choice, Quot.sound]
2026-09-19T08:12:43.6485512Z ⚠ [2798/2822] Built NLA.NR04.ExtremeSlopes (3.4s)
2026-09-19T08:12:43.6487223Z warning: NLA/NR04/ExtremeSlopes.lean:33:29: Used `tac1 <;> tac2` where `(tac1; tac2)` would suffice
2026-09-19T08:12:43.6487837Z 
2026-09-19T08:12:43.6488278Z Note: This linter can be disabled with `set_option linter.unnecessarySeqFocus false`
2026-09-19T08:12:43.6489307Z info: NLA/NR04/ExtremeSlopes.lean:122:0: 'NLA.NR04.plane_eq_smul_of_slope_eq' depends on axioms: [propext, Classical.choice, Quot.sound]
2026-09-19T08:12:43.6490496Z info: NLA/NR04/ExtremeSlopes.lean:123:0: 'NLA.NR04.not_extreme_of_strict_smul' depends on axioms: [propext, Classical.choice, Quot.sound]
2026-09-19T08:12:43.6491675Z info: NLA/NR04/ExtremeSlopes.lean:124:0: 'NLA.NR04.extreme_positive_slope_eq' depends on axioms: [propext, Classical.choice, Quot.sound]
2026-09-19T08:12:43.6492909Z info: NLA/NR04/ExtremeSlopes.lean:125:0: 'NLA.NR04.extreme_nonorigin_slopes_injective' depends on axioms: [propext, Classical.choice, Quot.sound]
2026-09-19T08:12:43.6494578Z info: NLA/NR04/ExtremeSlopes.lean:126:0: 'NLA.NR04.finite_extreme_family_positive_normalization' depends on axioms: [propext, Classical.choice, Quot.sound]
2026-09-19T08:12:44.1439149Z ✔ [2816/2845] Built LeanCert.Core.Expr (5.6s)
2026-09-19T08:12:47.3613787Z ℹ [2819/2845] Built NLA.NR04.PlaneOrderKey (3.6s)
2026-09-19T08:12:47.3614808Z info: NLA/NR04/PlaneOrderKey.lean:91:0: 'NLA.NR04.plane_order_key_center' depends on axioms: [propext, Classical.choice, Quot.sound]
2026-09-19T08:12:47.3616001Z info: NLA/NR04/PlaneOrderKey.lean:92:0: 'NLA.NR04.plane_order_key_center_lt' depends on axioms: [propext, Classical.choice, Quot.sound]
2026-09-19T08:12:47.3617216Z info: NLA/NR04/PlaneOrderKey.lean:93:0: 'NLA.NR04.plane_order_key_lt_iff_of_ne' depends on axioms: [propext, Classical.choice, Quot.sound]
2026-09-19T08:12:47.3618359Z info: NLA/NR04/PlaneOrderKey.lean:94:0: 'NLA.NR04.plane_order_key_injective' depends on axioms: [propext, Classical.choice, Quot.sound]
2026-09-19T08:12:47.3619534Z info: NLA/NR04/PlaneOrderKey.lean:95:0: 'NLA.NR04.plane_order_key_triple_positive' depends on axioms: [propext, Classical.choice, Quot.sound]
2026-09-19T08:12:47.4616826Z ✔ [2820/2845] Built LeanCert.Core.DerivativeIntervals (3.7s)
2026-09-19T08:12:47.7638452Z ✔ [2821/2848] Built LeanCert.Core.IntervalRat.Basic (7.7s)
2026-09-19T08:12:49.6706480Z ✔ [2823/2848] Built LeanCert.Core.IntervalRat.LogReduction (5.5s)
2026-09-19T08:12:50.5726955Z ✔ [2824/2848] Built LeanCert.Core.Support (3.3s)
2026-09-19T08:12:50.9737414Z ℹ [2825/2848] Built NLA.NR04.PlaneKeyNormalization (3.2s)
2026-09-19T08:12:50.9738940Z info: NLA/NR04/PlaneKeyNormalization.lean:60:0: 'NLA.NR04.finite_extreme_family_key_order' depends on axioms: [propext, Classical.choice, Quot.sound]
2026-09-19T08:12:51.2747834Z ✔ [2826/2852] Built LeanCert.Meta.Numeral (3.9s)
2026-09-19T08:12:54.4972595Z ✔ [2827/2852] Built LeanCert.Core.IntervalRat.Transcendental (4.9s)
2026-09-19T08:12:54.6980088Z ✔ [2828/2852] Built LeanCert.Tactic.IntervalAuto.Types (4.1s)
2026-09-19T08:12:54.6985543Z ✔ [2829/2852] Built LeanCert.Core.TrigReduction (3.8s)
2026-09-19T08:12:58.5100476Z ℹ [2830/2852] Built NLA.NR04.NineGridPlanarObstruction (3.0s)
2026-09-19T08:12:58.5102202Z info: NLA/NR04/NineGridPlanarObstruction.lean:71:0: 'NLA.NR04.nine_grid_not_all_extreme' depends on axioms: [propext, Classical.choice, Quot.sound]
2026-09-19T08:12:58.5106887Z ✔ [2831/2852] Built LeanCert.Tactic.IntervalAuto.Extract (3.8s)
2026-09-19T08:12:58.7105413Z ✔ [2832/2853] Built LeanCert.Core.Taylor (7.5s)
2026-09-19T08:13:00.2111721Z ✔ [2833/2854] Built LeanCert.Meta.ToExpr (5.5s)
2026-09-19T08:13:01.2209847Z ✔ [2834/2855] Built LeanCert.Engine.Eval.Result (2.7s)
2026-09-19T08:13:01.6219582Z ℹ [2835/2856] Built NLA.NR04.ColumnPlaneGridObstruction (2.9s)
2026-09-19T08:13:01.6221325Z info: NLA/NR04/ColumnPlaneGridObstruction.lean:68:0: 'NLA.NR04.nine_grid_in_column_plane_not_all_extreme' depends on axioms: [propext, Classical.choice, Quot.sound]
2026-09-19T08:13:02.0276731Z ✔ [2836/2861] Built LeanCert.Tactic.IntervalAuto.Norm (3.5s)
2026-09-19T08:13:05.3378869Z ℹ [2838/2861] Built NLA.NR04.HeightCrossingObstruction (3.7s)
2026-09-19T08:13:05.3381440Z info: NLA/NR04/HeightCrossingObstruction.lean:71:0: 'NLA.NR04.height_crossings_not_all_extreme_in_column_plane' depends on axioms: [propext, Classical.choice, Quot.sound]
2026-09-19T08:13:07.8411305Z ✔ [2839/2867] Built LeanCert.Contrib.Sinc (5.8s)
2026-09-19T08:13:08.7435061Z ✔ [2840/2871] Built LeanCert.Tactic.IntervalAuto.Parse (7.6s)
2026-09-19T08:13:10.0577064Z ⚠ [2841/2871] Built NLA.NR04.ExceptionalHeightBound (4.7s)
2026-09-19T08:13:10.0579050Z warning: NLA/NR04/ExceptionalHeightBound.lean:33:2: Try this: 
2026-09-19T08:13:10.0579917Z   letI̵
2026-09-19T08:13:10.0580057Z 
2026-09-19T08:13:10.0580287Z The goal is a proposition, so `let` is preferred over `letI`.
2026-09-19T08:13:10.0580810Z The difference between `let` and `letI` is that `letI` inlines the value.
2026-09-19T08:13:10.0581338Z But this is not relevant for proofs because of proof irrelevance.
2026-09-19T08:13:10.0581630Z 
2026-09-19T08:13:10.0582367Z Note: This linter can be disabled with `set_option linter.style.haveILetI false`
2026-09-19T08:13:10.0583313Z info: NLA/NR04/ExceptionalHeightBound.lean:59:0: 'NLA.NR04.height_distinct_exception_bound_in_column_plane' depends on axioms: [propext, Classical.choice, Quot.sound]
2026-09-19T08:13:13.2667542Z ✔ [2842/2871] Built LeanCert.Core.Dyadic (5.3s)
2026-09-19T08:13:13.4837309Z ✔ [2843/2872] Built LeanCert.Tactic.IntervalAuto.Diagnostic (4.7s)
2026-09-19T08:13:13.6847054Z ✔ [2844/2872] Built LeanCert.Tactic.LeanCert.Bridge.Environment (3.6s)
2026-09-19T08:13:14.0842843Z ✔ [2845/2907] Built LeanCert.Tactic.NumericalRefinement (622ms)
2026-09-19T08:13:16.0885119Z ℹ [2898/2976] Built NLA.NR04.SmallSectionBound (2.9s)
2026-09-19T08:13:16.0886833Z info: NLA/NR04/SmallSectionBound.lean:63:0: 'NLA.NR04.rank_four_section_bound' depends on axioms: [propext, Classical.choice, Quot.sound]
2026-09-19T08:13:16.0888173Z info: NLA/NR04/SmallSectionBound.lean:64:0: 'NLA.NR04.small_section_bound' depends on axioms: [propext, Classical.choice, Quot.sound]
2026-09-19T08:13:16.5861859Z ✔ [2900/2978] Built LeanCert.Tactic.VecUtil (2.4s)
2026-09-19T08:13:17.1912247Z ✔ [2901/2978] Built LeanCert.Tactic.LeanCert.Normalize (3.5s)
2026-09-19T08:13:18.7919708Z ✔ [2902/2982] Built LeanCert.Core.IntervalRat.Taylor (18s)
2026-09-19T08:13:18.7925204Z ✔ [2903/2982] Built LeanCert.Tactic.FinSumExpand (2.3s)
2026-09-19T08:13:18.9930677Z ℹ [2904/2982] Built NLA.NR04.LowRankFactorObstruction (2.9s)
2026-09-19T08:13:18.9932529Z info: NLA/NR04/LowRankFactorObstruction.lean:64:0: 'NLA.NR04.low_rank_factor_obstruction' depends on axioms: [propext, Classical.choice, Quot.sound]
2026-09-19T08:13:20.4972394Z ✔ [2905/2982] Built LeanCert.Tactic.FinsetParse (3.4s)
2026-09-19T08:13:20.5970513Z ✔ [2906/2983] Built LeanCert.Tactic.BridgeNative (1.7s)
2026-09-19T08:13:21.2971238Z ✔ [3563/3642] Built LeanCert.Core.IntervalReal (2.5s)
2026-09-19T08:13:21.7975313Z ✔ [3564/3642] Built LeanCert.Core.IntervalRat.TrigReduced (2.0s)
2026-09-19T08:13:23.5041991Z ℹ [3565/3642] Built NLA.NR04.GeneralLowerBound (2.9s)
2026-09-19T08:13:23.5043738Z info: NLA/NR04/GeneralLowerBound.lean:43:0: 'NLA.NR04.general_rank_seven_lower' depends on axioms: [propext, Classical.choice, Quot.sound]
2026-09-19T08:13:24.2075359Z ✔ [3566/3642] Built LeanCert.Validity.Eventual (3.1s)
2026-09-19T08:13:27.7177194Z ✔ [3567/3644] Built LeanCert.Tactic.LeanCert.Semantic.Domain (3.5s)
2026-09-19T08:13:29.5249398Z ✔ [3568/3646] Built LeanCert.Engine.Affine.Basic (8.2s)
2026-09-19T08:13:30.0266459Z ✔ [3569/3648] Built LeanCert.Core.IntervalRealEndpoints (6.5s)
2026-09-19T08:13:30.8266862Z ✔ [3570/3649] Built LeanCert.Core.IntervalDyadic (9.1s)
2026-09-19T08:13:31.5272415Z ✔ [3571/3649] Built LeanCert.Tactic.LeanCert.Semantic.Goal (2.0s)
2026-09-19T08:13:33.6328355Z ✔ [3572/3649] Built LeanCert.Tactic.EventualBound (5.9s)
2026-09-19T08:13:36.0451372Z ✔ [3573/3649] Built LeanCert.Engine.Affine.Nonlinear (6.1s)
2026-09-19T08:13:36.7486798Z ✔ [3574/3653] Built LeanCert.Tactic.VecSimp (3.2s)
2026-09-19T08:13:37.2499629Z ✔ [3575/3654] Built LeanCert.Core.DyadicCell (5.7s)
2026-09-19T08:13:37.8513475Z ✔ [3576/3654] Built LeanCert.Tactic.LeanCert.Semantic.Parse.Comparison (1.8s)
2026-09-19T08:13:39.4528970Z ✔ [3577/3657] Built LeanCert.Engine.Eval.Core (8.6s)
2026-09-19T08:13:40.0553928Z ✔ [3578/3657] Built LeanCert.Tactic.Extension.Protocol (3.3s)
2026-09-19T08:13:40.3555196Z ✔ [3579/3657] Built LeanCert.Core.DyadicFrontier (3.1s)
2026-09-19T08:13:41.1563887Z ✔ [3580/3657] Built LeanCert.Tactic.LeanCert.Diagnostic.Evidence (3.3s)
2026-09-19T08:13:42.1577434Z ✔ [3581/3661] Built LeanCert.Tactic.LeanCert.Config (1.8s)
2026-09-19T08:13:43.2587138Z ✔ [3583/3670] Built LeanCert.Tactic.LeanCert.Semantic.Parse.Bound (3.8s)
2026-09-19T08:13:44.4717922Z ✔ [3584/3672] Built LeanCert.Engine.Eval.Extended (4.3s)
2026-09-19T08:13:44.6727060Z ✔ [3586/3680] Built LeanCert.Tactic.Extension.Registry (3.5s)
2026-09-19T08:13:46.1742804Z ✔ [3587/3680] Built LeanCert.Engine.FloatEval (2.9s)
2026-09-19T08:13:46.6746993Z ✔ [3588/3680] Built LeanCert.Engine.Algebra.QPoly (4.6s)
2026-09-19T08:13:47.3767478Z ✔ [3589/3680] Built LeanCert.Tactic.Extension.Command (2.6s)
2026-09-19T08:13:47.4770480Z ✔ [3590/3680] Built LeanCert.Engine.Bounds.Lemmas (3.0s)
2026-09-19T08:13:49.1815240Z ✔ [3591/3680] Built LeanCert.Engine.Algebra.QPolyIntegral (2.5s)
2026-09-19T08:13:49.5819109Z ✔ [3592/3680] Built LeanCert.Tactic.Extension (2.3s)
2026-09-19T08:13:49.6835710Z ✔ [3593/3680] Built LeanCert.Engine.IntervalEval (2.2s)
2026-09-19T08:13:52.4961229Z ✔ [3594/3680] Built LeanCert.Validity.Bounds.Core (2.8s)
2026-09-19T08:13:52.6965859Z ✔ [3595/3680] Built LeanCert.Validity.Bounds.Checked (3.0s)
2026-09-19T08:13:54.3056910Z ✔ [3596/3680] Built LeanCert.Engine.Affine.Transcendental (4.6s)
2026-09-19T08:13:56.5144605Z ✔ [3597/3680] Built LeanCert.Engine.IntervalEvalDyadic (6.9s)
2026-09-19T08:13:56.6142624Z ✔ [3598/3680] Built LeanCert.Engine.Optimization.Box (3.9s)
2026-09-19T08:13:58.3313767Z ✔ [3599/3680] Built LeanCert.Engine.RootFinding.Basic (5.8s)
2026-09-19T08:13:59.4323239Z ✔ [3600/3680] Built LeanCert.Engine.AD.Basic (2.9s)
2026-09-19T08:14:01.1345872Z ✔ [3601/3680] Built LeanCert.Engine.Integrate (6.9s)
2026-09-19T08:14:05.4486800Z ✔ [3602/3680] Built LeanCert.Engine.IntervalEvalAffine (7.2s)
2026-09-19T08:14:05.4494960Z ✔ [3603/3680] Built LeanCert.Engine.FinSumDyadic (5.0s)
2026-09-19T08:14:06.2632313Z ✔ [3604/3680] Built LeanCert.Validity.DyadicBounds (5.1s)
2026-09-19T08:14:06.9641628Z ✔ [3605/3680] Built LeanCert.Engine.TaylorModel.Core (10s)
2026-09-19T08:14:08.7715091Z ✔ [3606/3680] Built LeanCert.Engine.Search.Heuristic (3.3s)
2026-09-19T08:14:10.3721560Z ✔ [3607/3680] Built LeanCert.Engine.WitnessSum (3.4s)
2026-09-19T08:14:10.7753524Z ✔ [3608/3680] Built LeanCert.Engine.RootFinding.Bisection (5.2s)
2026-09-19T08:14:10.9757933Z ✔ [3609/3680] Built LeanCert.Engine.AD.Transcendental (4.7s)
2026-09-19T08:14:12.9804057Z ✔ [3610/3680] Built LeanCert.Engine.Affine.Environment (4.2s)
2026-09-19T08:14:13.5834551Z ✔ [3611/3680] Built LeanCert.Engine.TaylorModel.Special (2.9s)
2026-09-19T08:14:14.0988027Z ✔ [3612/3680] Built LeanCert.Engine.TaylorModel.Integral (3.7s)
2026-09-19T08:14:20.0382225Z ✔ [3613/3680] Built LeanCert.Engine.AD.Eval (5.9s)
2026-09-19T08:14:23.0469552Z ✔ [3614/3680] Built LeanCert.Engine.TaylorModel.ExpLog (10s)
2026-09-19T08:14:24.7556690Z ✔ [3615/3680] Built LeanCert.Engine.AD.Correctness (4.8s)
2026-09-19T08:14:24.8564564Z ✔ [3616/3680] Built LeanCert.Engine.TaylorModel.Hyperbolic (13s)
2026-09-19T08:14:25.0564811Z ✔ [3617/3680] Built LeanCert.Engine.TaylorModel.Trig (11s)
2026-09-19T08:14:27.5638574Z ✔ [3618/3680] Built LeanCert.Engine.TaylorModel.Functions (2.5s)
2026-09-19T08:14:28.2644268Z ✔ [3619/3680] Built LeanCert.Engine.AD.Computable (3.5s)
2026-09-19T08:14:29.4682288Z ✔ [3620/3680] Built LeanCert.Engine.AD.PartialCorrectness (4.7s)
2026-09-19T08:14:31.4764546Z ✔ [3621/3680] Built LeanCert.Engine.AD.DomainChecked (3.2s)
2026-09-19T08:14:31.5767505Z ✔ [3622/3680] Built LeanCert.Engine.TaylorModel.Expr (3.0s)
2026-09-19T08:14:33.2800315Z ✔ [3623/3680] Built LeanCert.Engine.TaylorModel (1.8s)
2026-09-19T08:14:34.2815402Z ✔ [3624/3680] Built LeanCert.Engine.AD.Dyadic (2.8s)
2026-09-19T08:14:35.8836963Z ✔ [3625/3680] Built LeanCert.Engine.AD (1.6s)
2026-09-19T08:14:39.2950697Z ✔ [3626/3680] Built LeanCert.Validity.Bounds.Smart (3.5s)
2026-09-19T08:14:39.6948577Z ✔ [3627/3680] Built LeanCert.Engine.IntervalEvalRefined (3.8s)
2026-09-19T08:14:39.9958851Z ✔ [3628/3680] Built LeanCert.Meta.ProveSupported (4.2s)
2026-09-19T08:14:41.7138469Z ✔ [3629/3680] Built LeanCert.Engine.Optimize (5.9s)
2026-09-19T08:14:42.7139449Z ✔ [3630/3680] Built LeanCert.Validity.Bounds.Bridge (3.4s)
2026-09-19T08:14:44.8182434Z ✔ [3631/3680] Built LeanCert.Meta.ProveContinuous (4.8s)
2026-09-19T08:14:45.5198710Z ✔ [3632/3680] Built LeanCert.Tactic.IntervalAuto.ProveCommon (5.5s)
2026-09-19T08:14:47.6207434Z ✔ [3633/3680] Built LeanCert.Validity.Bounds.Basic (2.8s)
2026-09-19T08:14:47.7245717Z ✔ [3634/3680] Built LeanCert.Engine.Optimization.Gradient (5.9s)
2026-09-19T08:14:47.8246868Z ✔ [3635/3680] Built LeanCert.Engine.RootFinding.Newton (5.1s)
2026-09-19T08:14:51.1345738Z ✔ [3636/3680] Built LeanCert.Tactic.IntervalAuto.Basic (3.4s)
2026-09-19T08:14:51.2347493Z ✔ [3637/3680] Built LeanCert.Tactic.LeanCert.Bridge.ReifiedFunction (3.6s)
2026-09-19T08:14:52.3405162Z ✔ [3638/3680] Built LeanCert.Validity.Integration (6.8s)
2026-09-19T08:15:00.0602935Z ✔ [3639/3680] Built LeanCert.Tactic.LeanCert.Semantic.Prepare (7.7s)
2026-09-19T08:15:00.4629480Z ✔ [3640/3680] Built LeanCert.Engine.RootFinding.Krawczyk (9.4s)
2026-09-19T08:15:02.2635610Z ✔ [3641/3680] Built LeanCert.Engine.RootFinding.MVTBounds (11s)
2026-09-19T08:15:08.4692449Z ✔ [3642/3680] Built LeanCert.Tactic.LeanCert.Integral (8.4s)
2026-09-19T08:15:08.6691668Z ✔ [3643/3680] Built LeanCert.Tactic.LeanCert.Solver.Protocol (6.4s)
2026-09-19T08:15:08.8690937Z ✔ [3644/3680] Built LeanCert.Tactic.Extension.Execute (8.3s)
2026-09-19T08:15:10.6721438Z ✔ [3645/3680] Built LeanCert.Engine.Optimization.Global (22s)
2026-09-19T08:15:11.5819311Z ✔ [3646/3680] Built LeanCert.Validity.Krawczyk (2.9s)
2026-09-19T08:15:11.8859121Z ✔ [3647/3680] Built LeanCert.Engine.RootFinding.KrawczykCandidate (3.4s)
2026-09-19T08:15:13.4884347Z ✔ [3648/3680] Built LeanCert.Engine.RootFinding.Contraction (4.6s)
2026-09-19T08:15:14.4918285Z ✔ [3649/3680] Built LeanCert.Tactic.LeanCert.Diagnostic.Render (3.8s)
2026-09-19T08:15:14.7918832Z ✔ [3650/3680] Built LeanCert.Validity.Types (2.9s)
2026-09-19T08:15:15.0926423Z ✔ [3651/3680] Built LeanCert.Tactic.Enclosure (3.5s)
2026-09-19T08:15:16.4939912Z ✔ [3652/3680] Built LeanCert.Engine.Optimization.Guided (3.0s)
2026-09-19T08:15:17.1978315Z ✔ [3653/3680] Built LeanCert.Engine.Search.CounterExample (2.7s)
2026-09-19T08:15:17.2979146Z ✔ [3654/3680] Built LeanCert.Engine.RootFinding.Main (2.3s)
2026-09-19T08:15:17.6990138Z ✔ [3655/3680] Built LeanCert.Engine.Optimization.BoundVerify (2.9s)
2026-09-19T08:15:21.2055530Z ✔ [3656/3680] Built LeanCert.Validity.Bounds (3.9s)
2026-09-19T08:15:24.7117759Z ✔ [3657/3680] Built LeanCert.Discovery.Find (3.5s)
2026-09-19T08:15:25.0127939Z ✔ [3658/3680] Built LeanCert.Tactic.IntervalAuto.OptBound (3.7s)
2026-09-19T08:15:26.8175607Z ✔ [3659/3680] Built LeanCert.Tactic.IntervalAuto.Multivariate (5.6s)
2026-09-19T08:15:27.6186509Z ✔ [3660/3680] Built LeanCert.Tactic.IntervalAuto.RootBound (2.0s)
2026-09-19T08:15:33.6247387Z ✔ [3661/3680] Built LeanCert.Tactic.IntervalAuto.Bound (12s)
2026-09-19T08:15:38.2398960Z ✔ [3662/3680] Built LeanCert.Tactic.IntervalAuto.Subdiv (4.7s)
2026-09-19T08:15:38.8412104Z ✔ [3663/3680] Built LeanCert.Tactic.IntervalAuto.Adaptive (5.2s)
2026-09-19T08:15:41.2438274Z ✔ [3664/3680] Built LeanCert.Tactic.IntervalAuto.PointIneq (7.6s)
2026-09-19T08:15:43.3508901Z ✔ [3665/3680] Built LeanCert.Tactic.IntervalAuto (2.1s)
2026-09-19T08:15:46.7579723Z ✔ [3666/3680] Built LeanCert.Tactic.Refute (3.4s)
2026-09-19T08:15:47.5588093Z ✔ [3667/3680] Built LeanCert.Tactic.FinSumWitness (4.2s)
2026-09-19T08:15:51.0645238Z ✔ [3668/3680] Built LeanCert.Tactic.FinSumBound (3.6s)
2026-09-19T08:15:53.7724116Z ✔ [3669/3680] Built LeanCert.Tactic.LeanCert.Semantic.Parse (2.7s)
2026-09-19T08:15:54.3730414Z ✔ [3670/3680] Built LeanCert.Tactic.Discovery (11s)
2026-09-19T08:15:56.5755463Z ✔ [3671/3680] Built LeanCert.Tactic.Krawczyk (2.8s)
2026-09-19T08:16:02.7817403Z ✔ [3672/3680] Built LeanCert.Tactic.LeanCert.Router (6.2s)
2026-09-19T08:16:04.9841386Z ✔ [3673/3680] Built LeanCert.Tactic.LeanCert (2.2s)
2026-09-19T08:16:07.1865060Z ✔ [3674/3680] Built LeanCert.Tactic (2.2s)
2026-09-19T08:16:09.5881432Z ℹ [3675/3680] Built NLA.NR04.Numerical (2.4s)
2026-09-19T08:16:09.5882230Z info: NLA/NR04/Numerical.lean:25:0: 'NLA.NR04.minor_eight_positive' depends on axioms: [propext, Classical.choice, Quot.sound]
2026-09-19T08:16:12.2910105Z ⚠ [3676/3680] Built NLA.NR04.OrdinaryRank (2.7s)
2026-09-19T08:16:12.2910650Z warning: NLA/NR04/OrdinaryRank.lean:36:28: Used `tac1 <;> tac2` where `(tac1; tac2)` would suffice
2026-09-19T08:16:12.2911089Z 
2026-09-19T08:16:12.2911707Z Note: This linter can be disabled with `set_option linter.unnecessarySeqFocus false`
2026-09-19T08:16:12.2912437Z info: NLA/NR04/OrdinaryRank.lean:58:0: 'NLA.NR04.distance_rank_certificate' depends on axioms: [propext, Classical.choice, Quot.sound]
2026-09-19T08:16:12.5915087Z ⚠ [3677/3680] Built NLA.NR04.ReflectionCertificate (2.0s)
2026-09-19T08:16:12.5915728Z warning: NLA/NR04/ReflectionCertificate.lean:106:32: Used `tac1 <;> tac2` where `(tac1; tac2)` would suffice
2026-09-19T08:16:12.5916234Z 
2026-09-19T08:16:12.5916551Z Note: This linter can be disabled with `set_option linter.unnecessarySeqFocus false`
2026-09-19T08:16:12.5917307Z info: NLA/NR04/ReflectionCertificate.lean:134:0: 'NLA.NR04.distance_index_semantics' depends on axioms: [propext, Classical.choice, Quot.sound]
2026-09-19T08:16:12.5918016Z info: NLA/NR04/ReflectionCertificate.lean:135:0: 'NLA.NR04.centered_labels' depends on axioms: [propext, Classical.choice, Quot.sound]
2026-09-19T08:16:12.5918731Z info: NLA/NR04/ReflectionCertificate.lean:136:0: 'NLA.NR04.reflection_identity' depends on axioms: [propext, Classical.choice, Quot.sound]
2026-09-19T08:16:12.5919452Z info: NLA/NR04/ReflectionCertificate.lean:137:0: 'NLA.NR04.seven_factor_certificate' depends on axioms: [propext, Classical.choice, Quot.sound]
2026-09-19T08:16:12.5920156Z info: NLA/NR04/ReflectionCertificate.lean:138:0: 'NLA.NR04.distance_sign_pattern' depends on axioms: [propext, Classical.choice, Quot.sound]
2026-09-19T08:16:14.8938094Z ℹ [3678/3680] Built NLA.NR04.FinalBounds (2.3s)
2026-09-19T08:16:14.8938959Z info: NLA/NR04/FinalBounds.lean:48:0: 'NLA.NR04.nine_point_no_small_factor' depends on axioms: [propext, Classical.choice, Quot.sound]
2026-09-19T08:16:14.8940077Z info: NLA/NR04/FinalBounds.lean:49:0: 'NLA.NR04.nine_point_nonnegative_rank_seven' depends on axioms: [propext, Classical.choice, Quot.sound]
2026-09-19T08:16:14.8941057Z info: NLA/NR04/FinalBounds.lean:50:0: 'NLA.NR04.canonical_six_factor_impossible' depends on axioms: [propext, Classical.choice, Quot.sound]
2026-09-19T08:16:17.1963228Z ℹ [3679/3680] Built Solution (2.3s)
2026-09-19T08:16:17.1964321Z info: Solution.lean:21:0: 'NLA.NR04.minor_eight_positive' depends on axioms: [propext, Classical.choice, Quot.sound]
2026-09-19T08:16:17.1965260Z info: Solution.lean:22:0: 'NLA.NR04.distance_index_semantics' depends on axioms: [propext, Classical.choice, Quot.sound]
2026-09-19T08:16:17.1966141Z info: Solution.lean:23:0: 'NLA.NR04.centered_labels' depends on axioms: [propext, Classical.choice, Quot.sound]
2026-09-19T08:16:17.1966964Z info: Solution.lean:24:0: 'NLA.NR04.reflection_identity' depends on axioms: [propext, Classical.choice, Quot.sound]
2026-09-19T08:16:17.1967819Z info: Solution.lean:25:0: 'NLA.NR04.seven_factor_certificate' depends on axioms: [propext, Classical.choice, Quot.sound]
2026-09-19T08:16:17.1968795Z info: Solution.lean:26:0: 'NLA.NR04.distance_rank_certificate' depends on axioms: [propext, Classical.choice, Quot.sound]
2026-09-19T08:16:17.1969698Z info: Solution.lean:27:0: 'NLA.NR04.distance_sign_pattern' depends on axioms: [propext, Classical.choice, Quot.sound]
2026-09-19T08:16:17.1970757Z info: Solution.lean:28:0: 'NLA.NR04.small_section_bound' depends on axioms: [propext, Classical.choice, Quot.sound]
2026-09-19T08:16:17.1971616Z info: Solution.lean:29:0: 'NLA.NR04.section_contact_bound' depends on axioms: [propext, Classical.choice, Quot.sound]
2026-09-19T08:16:17.1972434Z info: Solution.lean:30:0: 'NLA.NR04.low_rank_factor_obstruction' depends on axioms: [propext, Classical.choice, Quot.sound]
2026-09-19T08:16:17.1973119Z info: Solution.lean:31:0: 'NLA.NR04.rank_three_small_factor' depends on axioms: [propext, Classical.choice, Quot.sound]
2026-09-19T08:16:17.1975548Z info: Solution.lean:32:0: 'NLA.NR04.general_rank_seven_lower' depends on axioms: [propext, Classical.choice, Quot.sound]
2026-09-19T08:16:17.1976341Z info: Solution.lean:33:0: 'NLA.NR04.nine_point_no_small_factor' depends on axioms: [propext, Classical.choice, Quot.sound]
2026-09-19T08:16:17.1977351Z info: Solution.lean:34:0: 'NLA.NR04.nine_point_nonnegative_rank_seven' depends on axioms: [propext, Classical.choice, Quot.sound]
2026-09-19T08:16:17.1978210Z info: Solution.lean:35:0: 'NLA.NR04.canonical_six_factor_impossible' depends on axioms: [propext, Classical.choice, Quot.sound]
2026-09-19T08:16:17.2190285Z Build completed successfully (3680 jobs).
2026-09-19T08:17:40.0403504Z Exporting #[Quot, Quot.mk, Quot.lift, Quot.ind, NLA.NR04.minor_eight_positive, NLA.NR04.distance_index_semantics, NLA.NR04.centered_labels, NLA.NR04.reflection_identity, NLA.NR04.seven_factor_certificate, NLA.NR04.distance_rank_certificate, NLA.NR04.distance_sign_pattern, NLA.NR04.small_section_bound, NLA.NR04.section_contact_bound, NLA.NR04.low_rank_factor_obstruction, NLA.NR04.rank_three_small_factor, NLA.NR04.general_rank_seven_lower, NLA.NR04.nine_point_no_small_factor, NLA.NR04.nine_point_nonnegative_rank_seven, NLA.NR04.canonical_six_factor_impossible, propext, Classical.choice, Quot.sound, Nat.add, Nat.sub, Nat.mul, Nat.pow, Nat.gcd, Nat.div, Nat.mod, Nat.beq, Nat.ble, Nat.land, Nat.lor, Nat.xor, Nat.shiftLeft, Nat.shiftRight, String.ofList, Char.ofNat, List, eagerReduce, Nat, String, String.mk, Char, optParam, autoParam, semiOutParam, outParam] from Solution
2026-09-19T08:17:40.0405983Z Running Lean default kernel on solution.
2026-09-19T08:17:40.0407492Z Lean default kernel accepts the solution
2026-09-19T08:17:40.0407795Z Your solution is okay!
2026-09-19T08:17:46.8534586Z PASS: fresh Comparator run and all controls. Evidence: /home/runner/work/_temp/nla-lean-tools/logs/verify-20260919T081021Z-3977
2026-09-19T08:17:46.8723747Z Node 20 is being deprecated. This workflow is running with Node 24 by default. If you need to temporarily use Node 20, you can set the ACTIONS_ALLOW_USE_UNSECURE_NODE_VERSION=true environment variable. For more information see: https://github.blog/changelog/2025-09-19-deprecation-of-node-20-on-github-actions-runners/
2026-09-19T08:17:46.8724832Z ##[group]Run actions/upload-artifact@ea165f8d65b6e75b540449e92b4886f43607fa02
2026-09-19T08:17:46.8725164Z with:
2026-09-19T08:17:46.8725325Z   name: lean-NR-04
2026-09-19T08:17:46.8725532Z   path: /home/runner/work/_temp/nla-lean-tools/logs/
2026-09-19T08:17:46.8725777Z   if-no-files-found: warn
2026-09-19T08:17:46.8725966Z   compression-level: 6
2026-09-19T08:17:46.8726145Z   overwrite: false
2026-09-19T08:17:46.8726323Z   include-hidden-files: false
2026-09-19T08:17:46.8726510Z env:
2026-09-19T08:17:46.8726658Z   GOTOOLCHAIN: local
2026-09-19T08:17:46.8726832Z   XDG_RUNTIME_DIR: /run/user/1001
2026-09-19T08:17:46.8727107Z   DBUS_SESSION_BUS_ADDRESS: unix:path=/run/user/1001/bus
2026-09-19T08:17:46.8727358Z ##[endgroup]
2026-09-19T08:17:47.1588522Z (node:7576) [DEP0040] DeprecationWarning: The `punycode` module is deprecated. Please use a userland alternative instead.
2026-09-19T08:17:47.1589416Z (Use `node --trace-deprecation ...` to show where the warning was created)
2026-09-19T08:17:47.1678138Z With the provided path, there will be 13 files uploaded
2026-09-19T08:17:47.1683085Z Artifact name is valid!
2026-09-19T08:17:47.1684762Z Root directory input is valid!
2026-09-19T08:17:47.5839416Z Beginning upload of artifact content to blob storage
2026-09-19T08:17:47.6222451Z (node:7576) [DEP0169] DeprecationWarning: `url.parse()` behavior is not standardized and prone to errors that have security implications. Use the WHATWG URL API instead. CVEs are not issued for `url.parse()` vulnerabilities.
2026-09-19T08:17:47.9006758Z Uploaded bytes 25971
2026-09-19T08:17:47.9626405Z Finished uploading artifact content to blob storage!
2026-09-19T08:17:47.9627278Z SHA256 digest of uploaded artifact zip is 327175592674c027fb2d41d1812ca4da1bb69d28e34aa8326b6fcf393eb14d84
2026-09-19T08:17:47.9628439Z Finalizing artifact upload
2026-09-19T08:17:48.2295179Z Artifact lean-NR-04.zip successfully finalized. Artifact ID 10580463616
2026-09-19T08:17:48.2295940Z Artifact lean-NR-04 has been successfully uploaded! Final size is 25971 bytes. Artifact ID is 10580463616
2026-09-19T08:17:48.2301160Z Artifact download URL: https://github.com/ajt60gaibb/OpenProblemsInNLA/actions/runs/35431201248/artifacts/10580463616
2026-09-19T08:17:48.2500584Z Post job cleanup.
2026-09-19T08:17:48.3712524Z Node 20 is being deprecated. This workflow is running with Node 24 by default. If you need to temporarily use Node 20, you can set the ACTIONS_ALLOW_USE_UNSECURE_NODE_VERSION=true environment variable. For more information see: https://github.blog/changelog/2025-09-19-deprecation-of-node-20-on-github-actions-runners/
2026-09-19T08:17:48.3714257Z Post job cleanup.
2026-09-19T08:17:48.4524425Z [command]/usr/bin/git version
2026-09-19T08:17:48.4564806Z git version 2.55.0
2026-09-19T08:17:48.4596455Z Temporarily overriding HOME='/home/runner/work/_temp/1710f2cd-b89d-4d50-be9c-ec61482043fc' before making global git config changes
2026-09-19T08:17:48.4598173Z Adding repository directory to the temporary git global config as a safe directory
2026-09-19T08:17:48.4601301Z [command]/usr/bin/git config --global --add safe.directory /home/runner/work/OpenProblemsInNLA/OpenProblemsInNLA
2026-09-19T08:17:48.4672877Z [command]/usr/bin/git config --local --name-only --get-regexp core\.sshCommand
2026-09-19T08:17:48.4717987Z [command]/usr/bin/git submodule foreach --recursive sh -c "git config --local --name-only --get-regexp 'core\.sshCommand' && git config --local --unset-all 'core.sshCommand' || :"
2026-09-19T08:17:48.5115423Z [command]/usr/bin/git config --local --name-only --get-regexp http\.https\:\/\/github\.com\/\.extraheader
2026-09-19T08:17:48.5150413Z [command]/usr/bin/git submodule foreach --recursive sh -c "git config --local --name-only --get-regexp 'http\.https\:\/\/github\.com\/\.extraheader' && git config --local --unset-all 'http.https://github.com/.extraheader' || :"
2026-09-19T08:17:48.5405246Z [command]/usr/bin/git config --local --name-only --get-regexp ^includeIf\.gitdir:
2026-09-19T08:17:48.5441338Z [command]/usr/bin/git submodule foreach --recursive git config --local --show-origin --name-only --get-regexp remote.origin.url
2026-09-19T08:17:48.5808495Z Cleaning up orphan processes
2026-09-19T08:17:48.6157242Z ##[warning]Node.js 20 is deprecated. The following actions target Node.js 20 but are being forced to run on Node.js 24: actions/checkout@11d5960a326750d5838078e36cf38b85af677262, actions/upload-artifact@ea165f8d65b6e75b540449e92b4886f43607fa02. For more information see: https://github.blog/changelog/2025-09-19-deprecation-of-node-20-on-github-actions-runners/
