select	Set up job	﻿2026-09-12T15:39:48.3598811Z Current runner version: '2.337.0'
select	Set up job	2026-09-12T15:39:48.3633230Z ##[group]Runner Image Provisioner
select	Set up job	2026-09-12T15:39:48.3634547Z Hosted Compute Agent
select	Set up job	2026-09-12T15:39:48.3635445Z Version: 20260828.587
select	Set up job	2026-09-12T15:39:48.3636644Z Commit: abac92662cab4cc7352de4f9f9d2e2419aad9c29
select	Set up job	2026-09-12T15:39:48.3637859Z Build Date: 2026-08-28T16:44:25Z
select	Set up job	2026-09-12T15:39:48.3639169Z Worker ID: {a9ed9fbb-805e-4eac-a435-521045070625}
select	Set up job	2026-09-12T15:39:48.3640401Z Azure Region: eastus
select	Set up job	2026-09-12T15:39:48.3641528Z ##[endgroup]
select	Set up job	2026-09-12T15:39:48.3643932Z ##[group]Operating System
select	Set up job	2026-09-12T15:39:48.3644947Z Ubuntu
select	Set up job	2026-09-12T15:39:48.3645890Z 24.04.5
select	Set up job	2026-09-12T15:39:48.3646794Z LTS
select	Set up job	2026-09-12T15:39:48.3647586Z ##[endgroup]
select	Set up job	2026-09-12T15:39:48.3648543Z ##[group]Runner Image
select	Set up job	2026-09-12T15:39:48.3649612Z Image: ubuntu-24.04
select	Set up job	2026-09-12T15:39:48.3651438Z Version: 20260907.300.1
select	Set up job	2026-09-12T15:39:48.3653348Z Included Software: https://github.com/actions/runner-images/blob/ubuntu24/20260907.300/images/ubuntu/Ubuntu2404-Readme.md
select	Set up job	2026-09-12T15:39:48.3656350Z Image Release: https://github.com/actions/runner-images/releases/tag/ubuntu24%2F20260907.300
select	Set up job	2026-09-12T15:39:48.3658165Z ##[endgroup]
select	Set up job	2026-09-12T15:39:48.3659974Z ##[group]GITHUB_TOKEN Permissions
select	Set up job	2026-09-12T15:39:48.3663167Z Contents: read
select	Set up job	2026-09-12T15:39:48.3664203Z Metadata: read
select	Set up job	2026-09-12T15:39:48.3665110Z ##[endgroup]
select	Set up job	2026-09-12T15:39:48.3667995Z Secret source: Actions
select	Set up job	2026-09-12T15:39:48.3669529Z Cache mode: write
select	Set up job	2026-09-12T15:39:48.3670979Z Prepare workflow directory
select	Set up job	2026-09-12T15:39:48.4146338Z Prepare all required actions
select	Set up job	2026-09-12T15:39:48.4214453Z Getting action download info
select	Set up job	2026-09-12T15:39:48.6097256Z Download action repository 'actions/checkout@11d5960a326750d5838078e36cf38b85af677262' (SHA:11d5960a326750d5838078e36cf38b85af677262)
select	Set up job	2026-09-12T15:39:48.8083643Z Complete job name: select
select	Run actions/checkout@11d5960a326750d5838078e36cf38b85af677262	﻿2026-09-12T15:39:48.8980422Z Node 20 is being deprecated. This workflow is running with Node 24 by default. If you need to temporarily use Node 20, you can set the ACTIONS_ALLOW_USE_UNSECURE_NODE_VERSION=true environment variable. For more information see: https://github.blog/changelog/2025-09-19-deprecation-of-node-20-on-github-actions-runners/
select	Run actions/checkout@11d5960a326750d5838078e36cf38b85af677262	2026-09-12T15:39:48.8989675Z ##[group]Run actions/checkout@11d5960a326750d5838078e36cf38b85af677262
select	Run actions/checkout@11d5960a326750d5838078e36cf38b85af677262	2026-09-12T15:39:48.8990625Z with:
select	Run actions/checkout@11d5960a326750d5838078e36cf38b85af677262	2026-09-12T15:39:48.8991057Z   fetch-depth: 0
select	Run actions/checkout@11d5960a326750d5838078e36cf38b85af677262	2026-09-12T15:39:48.8991939Z   persist-credentials: false
select	Run actions/checkout@11d5960a326750d5838078e36cf38b85af677262	2026-09-12T15:39:48.8992520Z   repository: sgstepaniants/OpenProblemsInNLA
select	Run actions/checkout@11d5960a326750d5838078e36cf38b85af677262	2026-09-12T15:39:48.8996216Z   token: ***
select	Run actions/checkout@11d5960a326750d5838078e36cf38b85af677262	2026-09-12T15:39:48.8996651Z   ssh-strict: true
select	Run actions/checkout@11d5960a326750d5838078e36cf38b85af677262	2026-09-12T15:39:48.8997094Z   ssh-user: git
select	Run actions/checkout@11d5960a326750d5838078e36cf38b85af677262	2026-09-12T15:39:48.8997523Z   clean: true
select	Run actions/checkout@11d5960a326750d5838078e36cf38b85af677262	2026-09-12T15:39:48.8997964Z   sparse-checkout-cone-mode: true
select	Run actions/checkout@11d5960a326750d5838078e36cf38b85af677262	2026-09-12T15:39:48.8998495Z   fetch-tags: false
select	Run actions/checkout@11d5960a326750d5838078e36cf38b85af677262	2026-09-12T15:39:48.8998940Z   show-progress: true
select	Run actions/checkout@11d5960a326750d5838078e36cf38b85af677262	2026-09-12T15:39:48.8999391Z   lfs: false
select	Run actions/checkout@11d5960a326750d5838078e36cf38b85af677262	2026-09-12T15:39:48.8999850Z   submodules: false
select	Run actions/checkout@11d5960a326750d5838078e36cf38b85af677262	2026-09-12T15:39:48.9000301Z   set-safe-directory: true
select	Run actions/checkout@11d5960a326750d5838078e36cf38b85af677262	2026-09-12T15:39:48.9000817Z   allow-unsafe-pr-checkout: false
select	Run actions/checkout@11d5960a326750d5838078e36cf38b85af677262	2026-09-12T15:39:48.9001977Z ##[endgroup]
select	Run actions/checkout@11d5960a326750d5838078e36cf38b85af677262	2026-09-12T15:39:49.0066468Z Syncing repository: sgstepaniants/OpenProblemsInNLA
select	Run actions/checkout@11d5960a326750d5838078e36cf38b85af677262	2026-09-12T15:39:49.0069169Z ##[group]Getting Git version info
select	Run actions/checkout@11d5960a326750d5838078e36cf38b85af677262	2026-09-12T15:39:49.0070489Z Working directory is '/home/runner/work/OpenProblemsInNLA/OpenProblemsInNLA'
select	Run actions/checkout@11d5960a326750d5838078e36cf38b85af677262	2026-09-12T15:39:49.0072673Z [command]/usr/bin/git version
select	Run actions/checkout@11d5960a326750d5838078e36cf38b85af677262	2026-09-12T15:39:49.0134109Z git version 2.55.0
select	Run actions/checkout@11d5960a326750d5838078e36cf38b85af677262	2026-09-12T15:39:49.0158769Z ##[endgroup]
select	Run actions/checkout@11d5960a326750d5838078e36cf38b85af677262	2026-09-12T15:39:49.0176186Z Temporarily overriding HOME='/home/runner/work/_temp/2b4d2ced-e4a9-40b4-887b-ead674d100b8' before making global git config changes
select	Run actions/checkout@11d5960a326750d5838078e36cf38b85af677262	2026-09-12T15:39:49.0178595Z Adding repository directory to the temporary git global config as a safe directory
select	Run actions/checkout@11d5960a326750d5838078e36cf38b85af677262	2026-09-12T15:39:49.0184632Z [command]/usr/bin/git config --global --add safe.directory /home/runner/work/OpenProblemsInNLA/OpenProblemsInNLA
select	Run actions/checkout@11d5960a326750d5838078e36cf38b85af677262	2026-09-12T15:39:49.0240864Z Deleting the contents of '/home/runner/work/OpenProblemsInNLA/OpenProblemsInNLA'
select	Run actions/checkout@11d5960a326750d5838078e36cf38b85af677262	2026-09-12T15:39:49.0245767Z ##[group]Initializing the repository
select	Run actions/checkout@11d5960a326750d5838078e36cf38b85af677262	2026-09-12T15:39:49.0249893Z [command]/usr/bin/git init /home/runner/work/OpenProblemsInNLA/OpenProblemsInNLA
select	Run actions/checkout@11d5960a326750d5838078e36cf38b85af677262	2026-09-12T15:39:49.0381966Z hint: Using 'master' as the name for the initial branch. This default branch name
select	Run actions/checkout@11d5960a326750d5838078e36cf38b85af677262	2026-09-12T15:39:49.0383818Z hint: will change to "main" in Git 3.0. To configure the initial branch name
select	Run actions/checkout@11d5960a326750d5838078e36cf38b85af677262	2026-09-12T15:39:49.0385457Z hint: to use in all of your new repositories, which will suppress this warning,
select	Run actions/checkout@11d5960a326750d5838078e36cf38b85af677262	2026-09-12T15:39:49.0386862Z hint: call:
select	Run actions/checkout@11d5960a326750d5838078e36cf38b85af677262	2026-09-12T15:39:49.0387425Z hint:
select	Run actions/checkout@11d5960a326750d5838078e36cf38b85af677262	2026-09-12T15:39:49.0388340Z hint: 	git config --global init.defaultBranch <name>
select	Run actions/checkout@11d5960a326750d5838078e36cf38b85af677262	2026-09-12T15:39:49.0389015Z hint:
select	Run actions/checkout@11d5960a326750d5838078e36cf38b85af677262	2026-09-12T15:39:49.0389603Z hint: Names commonly chosen instead of 'master' are 'main', 'trunk' and
select	Run actions/checkout@11d5960a326750d5838078e36cf38b85af677262	2026-09-12T15:39:49.0390544Z hint: 'development'. The just-created branch can be renamed via this command:
select	Run actions/checkout@11d5960a326750d5838078e36cf38b85af677262	2026-09-12T15:39:49.0391794Z hint:
select	Run actions/checkout@11d5960a326750d5838078e36cf38b85af677262	2026-09-12T15:39:49.0397955Z hint: 	git branch -m <name>
select	Run actions/checkout@11d5960a326750d5838078e36cf38b85af677262	2026-09-12T15:39:49.0398758Z hint:
select	Run actions/checkout@11d5960a326750d5838078e36cf38b85af677262	2026-09-12T15:39:49.0399422Z hint: Disable this message with "git config set advice.defaultBranchName false"
select	Run actions/checkout@11d5960a326750d5838078e36cf38b85af677262	2026-09-12T15:39:49.0401272Z Initialized empty Git repository in /home/runner/work/OpenProblemsInNLA/OpenProblemsInNLA/.git/
select	Run actions/checkout@11d5960a326750d5838078e36cf38b85af677262	2026-09-12T15:39:49.0410579Z [command]/usr/bin/git remote add origin https://github.com/sgstepaniants/OpenProblemsInNLA
select	Run actions/checkout@11d5960a326750d5838078e36cf38b85af677262	2026-09-12T15:39:49.0454491Z ##[endgroup]
select	Run actions/checkout@11d5960a326750d5838078e36cf38b85af677262	2026-09-12T15:39:49.0455619Z ##[group]Disabling automatic garbage collection
select	Run actions/checkout@11d5960a326750d5838078e36cf38b85af677262	2026-09-12T15:39:49.0458588Z [command]/usr/bin/git config --local gc.auto 0
select	Run actions/checkout@11d5960a326750d5838078e36cf38b85af677262	2026-09-12T15:39:49.0496723Z ##[endgroup]
select	Run actions/checkout@11d5960a326750d5838078e36cf38b85af677262	2026-09-12T15:39:49.0497762Z ##[group]Setting up auth
select	Run actions/checkout@11d5960a326750d5838078e36cf38b85af677262	2026-09-12T15:39:49.0504965Z [command]/usr/bin/git config --local --name-only --get-regexp core\.sshCommand
select	Run actions/checkout@11d5960a326750d5838078e36cf38b85af677262	2026-09-12T15:39:49.0539336Z [command]/usr/bin/git submodule foreach --recursive sh -c "git config --local --name-only --get-regexp 'core\.sshCommand' && git config --local --unset-all 'core.sshCommand' || :"
select	Run actions/checkout@11d5960a326750d5838078e36cf38b85af677262	2026-09-12T15:39:49.0949577Z [command]/usr/bin/git config --local --name-only --get-regexp http\.https\:\/\/github\.com\/\.extraheader
select	Run actions/checkout@11d5960a326750d5838078e36cf38b85af677262	2026-09-12T15:39:49.0989098Z [command]/usr/bin/git submodule foreach --recursive sh -c "git config --local --name-only --get-regexp 'http\.https\:\/\/github\.com\/\.extraheader' && git config --local --unset-all 'http.https://github.com/.extraheader' || :"
select	Run actions/checkout@11d5960a326750d5838078e36cf38b85af677262	2026-09-12T15:39:49.1218303Z [command]/usr/bin/git config --local --name-only --get-regexp ^includeIf\.gitdir:
select	Run actions/checkout@11d5960a326750d5838078e36cf38b85af677262	2026-09-12T15:39:49.1256609Z [command]/usr/bin/git submodule foreach --recursive git config --local --show-origin --name-only --get-regexp remote.origin.url
select	Run actions/checkout@11d5960a326750d5838078e36cf38b85af677262	2026-09-12T15:39:49.1484108Z [command]/usr/bin/git config --local http.https://github.com/.extraheader AUTHORIZATION: basic ***
select	Run actions/checkout@11d5960a326750d5838078e36cf38b85af677262	2026-09-12T15:39:49.1524836Z ##[endgroup]
select	Run actions/checkout@11d5960a326750d5838078e36cf38b85af677262	2026-09-12T15:39:49.1525679Z ##[group]Fetching the repository
select	Run actions/checkout@11d5960a326750d5838078e36cf38b85af677262	2026-09-12T15:39:49.1534695Z [command]/usr/bin/git -c protocol.version=2 fetch --prune --no-recurse-submodules origin +refs/heads/*:refs/remotes/origin/* +refs/tags/*:refs/tags/*
select	Run actions/checkout@11d5960a326750d5838078e36cf38b85af677262	2026-09-12T15:39:50.4799998Z From https://github.com/sgstepaniants/OpenProblemsInNLA
select	Run actions/checkout@11d5960a326750d5838078e36cf38b85af677262	2026-09-12T15:39:50.4805891Z  * [new branch]      codex/lean-ie19-inverse-norm -> origin/codex/lean-ie19-inverse-norm
select	Run actions/checkout@11d5960a326750d5838078e36cf38b85af677262	2026-09-12T15:39:50.4808590Z  * [new branch]      codex/lean-verification-infrastructure -> origin/codex/lean-verification-infrastructure
select	Run actions/checkout@11d5960a326750d5838078e36cf38b85af677262	2026-09-12T15:39:50.4811775Z  * [new branch]      codex/stepaniants-aa01-md03-md04-resolutions -> origin/codex/stepaniants-aa01-md03-md04-resolutions
select	Run actions/checkout@11d5960a326750d5838078e36cf38b85af677262	2026-09-12T15:39:50.4814606Z  * [new branch]      codex/stepaniants-fr12-hadamard-counting -> origin/codex/stepaniants-fr12-hadamard-counting
select	Run actions/checkout@11d5960a326750d5838078e36cf38b85af677262	2026-09-12T15:39:50.4817166Z  * [new branch]      codex/stepaniants-ie02-jordan-gmres -> origin/codex/stepaniants-ie02-jordan-gmres
select	Run actions/checkout@11d5960a326750d5838078e36cf38b85af677262	2026-09-12T15:39:50.4820431Z  * [new branch]      codex/stepaniants-ie04-smoothed-tail-counterexample -> origin/codex/stepaniants-ie04-smoothed-tail-counterexample
select	Run actions/checkout@11d5960a326750d5838078e36cf38b85af677262	2026-09-12T15:39:50.4824340Z  * [new branch]      codex/stepaniants-ie05-orthogonal-counterexample -> origin/codex/stepaniants-ie05-orthogonal-counterexample
select	Run actions/checkout@11d5960a326750d5838078e36cf38b85af677262	2026-09-12T15:39:50.4828004Z  * [new branch]      codex/stepaniants-ie15-rook-growth -> origin/codex/stepaniants-ie15-rook-growth
select	Run actions/checkout@11d5960a326750d5838078e36cf38b85af677262	2026-09-12T15:39:50.4831006Z  * [new branch]      codex/stepaniants-ie26-fourier-stability -> origin/codex/stepaniants-ie26-fourier-stability
select	Run actions/checkout@11d5960a326750d5838078e36cf38b85af677262	2026-09-12T15:39:50.4835382Z  * [new branch]      codex/stepaniants-ke05-interpolation-counterexample -> origin/codex/stepaniants-ke05-interpolation-counterexample
select	Run actions/checkout@11d5960a326750d5838078e36cf38b85af677262	2026-09-12T15:39:50.4839481Z  * [new branch]      codex/stepaniants-mf02-cubic-overhead -> origin/codex/stepaniants-mf02-cubic-overhead
select	Run actions/checkout@11d5960a326750d5838078e36cf38b85af677262	2026-09-12T15:39:50.4843780Z  * [new branch]      codex/stepaniants-mf06-pointwise-lower-lipschitz -> origin/codex/stepaniants-mf06-pointwise-lower-lipschitz
select	Run actions/checkout@11d5960a326750d5838078e36cf38b85af677262	2026-09-12T15:39:50.4848438Z  * [new branch]      codex/stepaniants-mf18-complex-rank -> origin/codex/stepaniants-mf18-complex-rank
select	Run actions/checkout@11d5960a326750d5838078e36cf38b85af677262	2026-09-12T15:39:50.4853379Z  * [new branch]      codex/stepaniants-mf21-toeplitz-expansion-threshold -> origin/codex/stepaniants-mf21-toeplitz-expansion-threshold
select	Run actions/checkout@11d5960a326750d5838078e36cf38b85af677262	2026-09-12T15:39:50.4858376Z  * [new branch]      codex/stepaniants-mf22-spline-conditioning -> origin/codex/stepaniants-mf22-spline-conditioning
select	Run actions/checkout@11d5960a326750d5838078e36cf38b85af677262	2026-09-12T15:39:50.4862136Z  * [new branch]      codex/stepaniants-mi24-schatten -> origin/codex/stepaniants-mi24-schatten
select	Run actions/checkout@11d5960a326750d5838078e36cf38b85af677262	2026-09-12T15:39:50.4865266Z  * [new branch]      codex/stepaniants-mi28-determinant -> origin/codex/stepaniants-mi28-determinant
select	Run actions/checkout@11d5960a326750d5838078e36cf38b85af677262	2026-09-12T15:39:50.4868620Z  * [new branch]      codex/stepaniants-ra10-nuclear-transfer -> origin/codex/stepaniants-ra10-nuclear-transfer
select	Run actions/checkout@11d5960a326750d5838078e36cf38b85af677262	2026-09-12T15:39:50.4872116Z  * [new branch]      codex/stepaniants-ra12-gamma-tails -> origin/codex/stepaniants-ra12-gamma-tails
select	Run actions/checkout@11d5960a326750d5838078e36cf38b85af677262	2026-09-12T15:39:50.4875860Z  * [new branch]      codex/stepaniants-ra13-trace-tails -> origin/codex/stepaniants-ra13-trace-tails
select	Run actions/checkout@11d5960a326750d5838078e36cf38b85af677262	2026-09-12T15:39:50.4879334Z  * [new branch]      codex/stepaniants-ra19-critical-point-count -> origin/codex/stepaniants-ra19-critical-point-count
select	Run actions/checkout@11d5960a326750d5838078e36cf38b85af677262	2026-09-12T15:39:50.4884368Z  * [new branch]      codex/stepaniants-sp11-sp12-hall-applications -> origin/codex/stepaniants-sp11-sp12-hall-applications
select	Run actions/checkout@11d5960a326750d5838078e36cf38b85af677262	2026-09-12T15:39:50.4889803Z  * [new branch]      codex/stepaniants-sp13-trace-norm-perturbations -> origin/codex/stepaniants-sp13-trace-norm-perturbations
select	Run actions/checkout@11d5960a326750d5838078e36cf38b85af677262	2026-09-12T15:39:50.4894541Z  * [new branch]      codex/stepaniants-sp15-infinite-unitary-fiber -> origin/codex/stepaniants-sp15-infinite-unitary-fiber
select	Run actions/checkout@11d5960a326750d5838078e36cf38b85af677262	2026-09-12T15:39:50.4898454Z  * [new branch]      main       -> origin/main
select	Run actions/checkout@11d5960a326750d5838078e36cf38b85af677262	2026-09-12T15:39:50.4904930Z [command]/usr/bin/git branch --list --remote origin/codex/lean-verification-infrastructure
select	Run actions/checkout@11d5960a326750d5838078e36cf38b85af677262	2026-09-12T15:39:50.4907593Z   origin/codex/lean-verification-infrastructure
select	Run actions/checkout@11d5960a326750d5838078e36cf38b85af677262	2026-09-12T15:39:50.4911948Z [command]/usr/bin/git rev-parse refs/remotes/origin/codex/lean-verification-infrastructure
select	Run actions/checkout@11d5960a326750d5838078e36cf38b85af677262	2026-09-12T15:39:50.4915074Z 214c142d6bfe0f0c338808f188062acbbad0fb19
select	Run actions/checkout@11d5960a326750d5838078e36cf38b85af677262	2026-09-12T15:39:50.4918894Z ##[endgroup]
select	Run actions/checkout@11d5960a326750d5838078e36cf38b85af677262	2026-09-12T15:39:50.4920777Z ##[group]Determining the checkout info
select	Run actions/checkout@11d5960a326750d5838078e36cf38b85af677262	2026-09-12T15:39:50.4923247Z ##[endgroup]
select	Run actions/checkout@11d5960a326750d5838078e36cf38b85af677262	2026-09-12T15:39:50.4924569Z [command]/usr/bin/git sparse-checkout disable
select	Run actions/checkout@11d5960a326750d5838078e36cf38b85af677262	2026-09-12T15:39:50.4959537Z [command]/usr/bin/git config --local --unset-all extensions.worktreeConfig
select	Run actions/checkout@11d5960a326750d5838078e36cf38b85af677262	2026-09-12T15:39:50.4994377Z ##[group]Checking out the ref
select	Run actions/checkout@11d5960a326750d5838078e36cf38b85af677262	2026-09-12T15:39:50.4999285Z [command]/usr/bin/git checkout --progress --force -B codex/lean-verification-infrastructure refs/remotes/origin/codex/lean-verification-infrastructure
select	Run actions/checkout@11d5960a326750d5838078e36cf38b85af677262	2026-09-12T15:39:50.9301063Z Switched to a new branch 'codex/lean-verification-infrastructure'
select	Run actions/checkout@11d5960a326750d5838078e36cf38b85af677262	2026-09-12T15:39:50.9306736Z branch 'codex/lean-verification-infrastructure' set up to track 'origin/codex/lean-verification-infrastructure'.
select	Run actions/checkout@11d5960a326750d5838078e36cf38b85af677262	2026-09-12T15:39:50.9327019Z ##[endgroup]
select	Run actions/checkout@11d5960a326750d5838078e36cf38b85af677262	2026-09-12T15:39:50.9374410Z [command]/usr/bin/git log -1 --format=%H
select	Run actions/checkout@11d5960a326750d5838078e36cf38b85af677262	2026-09-12T15:39:50.9402644Z 214c142d6bfe0f0c338808f188062acbbad0fb19
select	Run actions/checkout@11d5960a326750d5838078e36cf38b85af677262	2026-09-12T15:39:50.9412242Z ##[group]Removing auth
select	Run actions/checkout@11d5960a326750d5838078e36cf38b85af677262	2026-09-12T15:39:50.9416837Z [command]/usr/bin/git config --local --name-only --get-regexp core\.sshCommand
select	Run actions/checkout@11d5960a326750d5838078e36cf38b85af677262	2026-09-12T15:39:50.9450769Z [command]/usr/bin/git submodule foreach --recursive sh -c "git config --local --name-only --get-regexp 'core\.sshCommand' && git config --local --unset-all 'core.sshCommand' || :"
select	Run actions/checkout@11d5960a326750d5838078e36cf38b85af677262	2026-09-12T15:39:50.9679801Z [command]/usr/bin/git config --local --name-only --get-regexp http\.https\:\/\/github\.com\/\.extraheader
select	Run actions/checkout@11d5960a326750d5838078e36cf38b85af677262	2026-09-12T15:39:50.9710749Z http.https://github.com/.extraheader
select	Run actions/checkout@11d5960a326750d5838078e36cf38b85af677262	2026-09-12T15:39:50.9719987Z [command]/usr/bin/git config --local --unset-all http.https://github.com/.extraheader
select	Run actions/checkout@11d5960a326750d5838078e36cf38b85af677262	2026-09-12T15:39:50.9753159Z [command]/usr/bin/git submodule foreach --recursive sh -c "git config --local --name-only --get-regexp 'http\.https\:\/\/github\.com\/\.extraheader' && git config --local --unset-all 'http.https://github.com/.extraheader' || :"
select	Run actions/checkout@11d5960a326750d5838078e36cf38b85af677262	2026-09-12T15:39:50.9986631Z [command]/usr/bin/git config --local --name-only --get-regexp ^includeIf\.gitdir:
select	Run actions/checkout@11d5960a326750d5838078e36cf38b85af677262	2026-09-12T15:39:51.0021999Z [command]/usr/bin/git submodule foreach --recursive git config --local --show-origin --name-only --get-regexp remote.origin.url
select	Run actions/checkout@11d5960a326750d5838078e36cf38b85af677262	2026-09-12T15:39:51.0248869Z ##[endgroup]
select	Install metadata validators	﻿2026-09-12T15:39:51.0453872Z ##[group]Run python3 -m pip install -r tools/lean/requirements.txt
select	Install metadata validators	2026-09-12T15:39:51.0454586Z ^[[36;1mpython3 -m pip install -r tools/lean/requirements.txt^[[0m
select	Install metadata validators	2026-09-12T15:39:51.0495981Z shell: /usr/bin/bash -e {0}
select	Install metadata validators	2026-09-12T15:39:51.0496321Z ##[endgroup]
select	Install metadata validators	2026-09-12T15:39:51.5202867Z Defaulting to user installation because normal site-packages is not writeable
select	Install metadata validators	2026-09-12T15:39:52.0473492Z Collecting PyYAML==6.0.3 (from -r tools/lean/requirements.txt (line 1))
select	Install metadata validators	2026-09-12T15:39:52.0806443Z   Downloading pyyaml-6.0.3-cp312-cp312-manylinux2014_x86_64.manylinux_2_17_x86_64.manylinux_2_28_x86_64.whl.metadata (2.4 kB)
select	Install metadata validators	2026-09-12T15:39:52.1175308Z Collecting jsonschema==4.26.0 (from -r tools/lean/requirements.txt (line 2))
select	Install metadata validators	2026-09-12T15:39:52.1216107Z   Downloading jsonschema-4.26.0-py3-none-any.whl.metadata (7.6 kB)
select	Install metadata validators	2026-09-12T15:39:52.1386265Z Requirement already satisfied: attrs>=22.2.0 in /usr/lib/python3/dist-packages (from jsonschema==4.26.0->-r tools/lean/requirements.txt (line 2)) (23.2.0)
select	Install metadata validators	2026-09-12T15:39:52.1565914Z Collecting jsonschema-specifications>=2023.03.6 (from jsonschema==4.26.0->-r tools/lean/requirements.txt (line 2))
select	Install metadata validators	2026-09-12T15:39:52.1602991Z   Downloading jsonschema_specifications-2025.9.1-py3-none-any.whl.metadata (2.9 kB)
select	Install metadata validators	2026-09-12T15:39:52.1986560Z Collecting referencing>=0.28.4 (from jsonschema==4.26.0->-r tools/lean/requirements.txt (line 2))
select	Install metadata validators	2026-09-12T15:39:52.2027811Z   Downloading referencing-0.37.0-py3-none-any.whl.metadata (2.8 kB)
select	Install metadata validators	2026-09-12T15:39:52.5142776Z Collecting rpds-py>=0.25.0 (from jsonschema==4.26.0->-r tools/lean/requirements.txt (line 2))
select	Install metadata validators	2026-09-12T15:39:52.5189559Z   Downloading rpds_py-2026.6.3-cp312-cp312-manylinux_2_17_x86_64.manylinux2014_x86_64.whl.metadata (4.1 kB)
select	Install metadata validators	2026-09-12T15:39:52.5531398Z Requirement already satisfied: typing-extensions>=4.4.0 in /usr/lib/python3/dist-packages (from referencing>=0.28.4->jsonschema==4.26.0->-r tools/lean/requirements.txt (line 2)) (4.10.0)
select	Install metadata validators	2026-09-12T15:39:52.5609667Z Downloading pyyaml-6.0.3-cp312-cp312-manylinux2014_x86_64.manylinux_2_17_x86_64.manylinux_2_28_x86_64.whl (807 kB)
select	Install metadata validators	2026-09-12T15:39:52.5763909Z    ━━━━━━━━━━━━━━━━━━━━━━━━━━━━━━━━━━━━━━━━ 807.9/807.9 kB 62.5 MB/s eta 0:00:00
select	Install metadata validators	2026-09-12T15:39:52.5805216Z Downloading jsonschema-4.26.0-py3-none-any.whl (90 kB)
select	Install metadata validators	2026-09-12T15:39:52.5852117Z    ━━━━━━━━━━━━━━━━━━━━━━━━━━━━━━━━━━━━━━━━ 90.6/90.6 kB 29.2 MB/s eta 0:00:00
select	Install metadata validators	2026-09-12T15:39:52.5904218Z Downloading jsonschema_specifications-2025.9.1-py3-none-any.whl (18 kB)
select	Install metadata validators	2026-09-12T15:39:52.5960057Z Downloading referencing-0.37.0-py3-none-any.whl (26 kB)
select	Install metadata validators	2026-09-12T15:39:52.6015756Z Downloading rpds_py-2026.6.3-cp312-cp312-manylinux_2_17_x86_64.manylinux2014_x86_64.whl (366 kB)
select	Install metadata validators	2026-09-12T15:39:52.6075868Z    ━━━━━━━━━━━━━━━━━━━━━━━━━━━━━━━━━━━━━━━━ 366.2/366.2 kB 82.1 MB/s eta 0:00:00
select	Install metadata validators	2026-09-12T15:39:52.9015074Z Installing collected packages: rpds-py, PyYAML, referencing, jsonschema-specifications, jsonschema
select	Install metadata validators	2026-09-12T15:39:53.0705179Z Successfully installed PyYAML-6.0.3 jsonschema-4.26.0 jsonschema-specifications-2025.9.1 referencing-0.37.0 rpds-py-2026.6.3
select	Test project selection and metadata gates	﻿2026-09-12T15:39:53.1695542Z ##[group]Run python3 -m unittest discover -s tests -p 'test_lean_verification.py' -v
select	Test project selection and metadata gates	2026-09-12T15:39:53.1696204Z ^[[36;1mpython3 -m unittest discover -s tests -p 'test_lean_verification.py' -v^[[0m
select	Test project selection and metadata gates	2026-09-12T15:39:53.1733893Z shell: /usr/bin/bash -e {0}
select	Test project selection and metadata gates	2026-09-12T15:39:53.1734148Z ##[endgroup]
select	Test project selection and metadata gates	2026-09-12T15:39:53.3339478Z test_custom_or_native_trust_is_rejected (test_lean_verification.ManifestTests.test_custom_or_native_trust_is_rejected) ... ok
select	Test project selection and metadata gates	2026-09-12T15:39:53.3431503Z test_definition_hole_rejected (test_lean_verification.ManifestTests.test_definition_hole_rejected) ... ok
select	Test project selection and metadata gates	2026-09-12T15:39:53.3526473Z test_duplicate_comparator_key_is_rejected (test_lean_verification.ManifestTests.test_duplicate_comparator_key_is_rejected) ... ok
select	Test project selection and metadata gates	2026-09-12T15:39:53.3556873Z test_duplicate_nested_yaml_key_is_rejected (test_lean_verification.ManifestTests.test_duplicate_nested_yaml_key_is_rejected) ... ok
select	Test project selection and metadata gates	2026-09-12T15:39:53.3597059Z test_duplicate_yaml_status_is_rejected (test_lean_verification.ManifestTests.test_duplicate_yaml_status_is_rejected) ... ok
select	Test project selection and metadata gates	2026-09-12T15:39:53.3706927Z test_empty_theorem_list_is_rejected (test_lean_verification.ManifestTests.test_empty_theorem_list_is_rejected) ... ok
select	Test project selection and metadata gates	2026-09-12T15:39:53.3866843Z test_missing_required_schema_field (test_lean_verification.ManifestTests.test_missing_required_schema_field) ... ok
select	Test project selection and metadata gates	2026-09-12T15:39:53.4035373Z test_nonzero_proof_sorries_rejected (test_lean_verification.ManifestTests.test_nonzero_proof_sorries_rejected) ... ok
select	Test project selection and metadata gates	2026-09-12T15:39:53.4164900Z test_result_source_outside_project_rejected (test_lean_verification.ManifestTests.test_result_source_outside_project_rejected) ... ok
select	Test project selection and metadata gates	2026-09-12T15:39:53.4256998Z test_result_specific_unchecked_axiom_rejected (test_lean_verification.ManifestTests.test_result_specific_unchecked_axiom_rejected) ... ok
select	Test project selection and metadata gates	2026-09-12T15:39:53.4357459Z test_unchecked_export_is_rejected (test_lean_verification.ManifestTests.test_unchecked_export_is_rejected) ... ok
select	Test project selection and metadata gates	2026-09-12T15:39:53.4449347Z test_valid_consistent_metadata (test_lean_verification.ManifestTests.test_valid_consistent_metadata) ... ok
select	Test project selection and metadata gates	2026-09-12T15:39:53.4451546Z test_canonical_statement_change_rechecks_its_project (test_lean_verification.ProjectSelectionTests.test_canonical_statement_change_rechecks_its_project) ... ok
select	Test project selection and metadata gates	2026-09-12T15:39:53.4463010Z test_discovery_uses_registry_and_detects_incomplete_project (test_lean_verification.ProjectSelectionTests.test_discovery_uses_registry_and_detects_incomplete_project) ... ok
select	Test project selection and metadata gates	2026-09-12T15:39:53.4473168Z test_invalid_registry_path_is_rejected (test_lean_verification.ProjectSelectionTests.test_invalid_registry_path_is_rejected) ... ok
select	Test project selection and metadata gates	2026-09-12T15:39:53.4475408Z test_problem_proof_change_selects_only_that_problem (test_lean_verification.ProjectSelectionTests.test_problem_proof_change_selects_only_that_problem) ... ok
select	Test project selection and metadata gates	2026-09-12T15:39:53.4477877Z test_shared_checker_or_schema_change_rechecks_every_project (test_lean_verification.ProjectSelectionTests.test_shared_checker_or_schema_change_rechecks_every_project) ... ok
select	Test project selection and metadata gates	2026-09-12T15:39:53.4480399Z test_source_only_project_cannot_skip_verification (test_lean_verification.ProjectSelectionTests.test_source_only_project_cannot_skip_verification) ... ok
select	Test project selection and metadata gates	2026-09-12T15:39:53.4482780Z test_symlinked_project_is_rejected (test_lean_verification.ProjectSelectionTests.test_symlinked_project_is_rejected) ... ok
select	Test project selection and metadata gates	2026-09-12T15:39:53.4484061Z Manifest schema and comparator coverage: PASS (1 declarations)
select	Test project selection and metadata gates	2026-09-12T15:39:53.4485614Z test_unrelated_document_does_not_rebuild_proofs (test_lean_verification.ProjectSelectionTests.test_unrelated_document_does_not_rebuild_proofs) ... ok
select	Test project selection and metadata gates	2026-09-12T15:39:53.4486860Z 
select	Test project selection and metadata gates	2026-09-12T15:39:53.4487403Z ----------------------------------------------------------------------
select	Test project selection and metadata gates	2026-09-12T15:39:53.4488075Z Ran 20 tests in 0.143s
select	Test project selection and metadata gates	2026-09-12T15:39:53.4488345Z 
select	Test project selection and metadata gates	2026-09-12T15:39:53.4488489Z OK
select	Test pinned harness gates	﻿2026-09-12T15:39:53.4734718Z ##[group]Run python3 -m unittest discover -s tools/lean -p 'test_*.py' -v
select	Test pinned harness gates	2026-09-12T15:39:53.4735455Z ^[[36;1mpython3 -m unittest discover -s tools/lean -p 'test_*.py' -v^[[0m
select	Test pinned harness gates	2026-09-12T15:39:53.4772185Z shell: /usr/bin/bash -e {0}
select	Test pinned harness gates	2026-09-12T15:39:53.4772442Z ##[endgroup]
select	Test pinned harness gates	2026-09-12T15:39:53.5811630Z test_ci_probe_adaptation_retains_assertions_and_adds_deadlines (test_harness.HarnessTests.test_ci_probe_adaptation_retains_assertions_and_adds_deadlines) ... ok
select	Test pinned harness gates	2026-09-12T15:39:53.5840109Z test_custom_sorry_and_native_axioms_are_rejected (test_harness.HarnessTests.test_custom_sorry_and_native_axioms_are_rejected) ... ok
select	Test pinned harness gates	2026-09-12T15:39:53.5853190Z test_definition_holes_are_rejected (test_harness.HarnessTests.test_definition_holes_are_rejected) ... ok
select	Test pinned harness gates	2026-09-12T15:39:53.5865062Z test_duplicate_json_keys_are_rejected (test_harness.HarnessTests.test_duplicate_json_keys_are_rejected) ... ok
select	Test pinned harness gates	2026-09-12T15:39:53.5879293Z test_mac_os_does_not_silently_fall_back (test_harness.HarnessTests.test_mac_os_does_not_silently_fall_back) ... ok
select	Test pinned harness gates	2026-09-12T15:39:53.5902327Z test_nonimmutable_or_credential_dependencies_are_rejected (test_harness.HarnessTests.test_nonimmutable_or_credential_dependencies_are_rejected) ... ok
select	Test pinned harness gates	2026-09-12T15:39:53.5924708Z test_real_source_lock (test_harness.HarnessTests.test_real_source_lock) ... ok
select	Test pinned harness gates	2026-09-12T15:39:53.5941705Z test_same_module_and_empty_theorem_list_are_rejected (test_harness.HarnessTests.test_same_module_and_empty_theorem_list_are_rejected) ... ok
select	Test pinned harness gates	2026-09-12T15:39:53.6218827Z test_snapshot_uses_committed_files_and_detects_change (test_harness.HarnessTests.test_snapshot_uses_committed_files_and_detects_change) ... ok
select	Test pinned harness gates	2026-09-12T15:39:53.6233426Z test_standard_config_and_stricter_axiom_subset (test_harness.HarnessTests.test_standard_config_and_stricter_axiom_subset) ... ok
select	Test pinned harness gates	2026-09-12T15:39:53.6419129Z test_tracked_compiled_artifact_is_rejected (test_harness.HarnessTests.test_tracked_compiled_artifact_is_rejected) ... ok
select	Test pinned harness gates	2026-09-12T15:39:53.6575867Z test_uncommitted_trusted_file_is_rejected (test_harness.HarnessTests.test_uncommitted_trusted_file_is_rejected) ... ok
select	Test pinned harness gates	2026-09-12T15:39:53.6576434Z 
select	Test pinned harness gates	2026-09-12T15:39:53.6576599Z ----------------------------------------------------------------------
select	Test pinned harness gates	2026-09-12T15:39:53.6576942Z Ran 12 tests in 0.079s
select	Test pinned harness gates	2026-09-12T15:39:53.6577087Z 
select	Test pinned harness gates	2026-09-12T15:39:53.6577160Z OK
select	Select changed projects	﻿2026-09-12T15:39:53.6772051Z ##[group]Run if [ "$EVENT_NAME" = "workflow_dispatch" ] || [ -z "$BASE_REF" ] || [ "$BASE_REF" = "0000000000000000000000000000000000000000" ]; then
select	Select changed projects	2026-09-12T15:39:53.6772997Z ^[[36;1mif [ "$EVENT_NAME" = "workflow_dispatch" ] || [ -z "$BASE_REF" ] || [ "$BASE_REF" = "0000000000000000000000000000000000000000" ]; then^[[0m
select	Select changed projects	2026-09-12T15:39:53.6773696Z ^[[36;1m  python3 tools/lean/projects.py --all --github-output "$GITHUB_OUTPUT"^[[0m
select	Select changed projects	2026-09-12T15:39:53.6774156Z ^[[36;1m  echo "tools_changed=true" >> "$GITHUB_OUTPUT"^[[0m
select	Select changed projects	2026-09-12T15:39:53.6774455Z ^[[36;1melse^[[0m
select	Select changed projects	2026-09-12T15:39:53.6774843Z ^[[36;1m  python3 tools/lean/projects.py --base-ref "$BASE_REF" --github-output "$GITHUB_OUTPUT"^[[0m
select	Select changed projects	2026-09-12T15:39:53.6775386Z ^[[36;1m  python3 - "$BASE_REF" "$GITHUB_OUTPUT" <<'PY'^[[0m
select	Select changed projects	2026-09-12T15:39:53.6775712Z ^[[36;1mimport pathlib, subprocess, sys^[[0m
select	Select changed projects	2026-09-12T15:39:53.6776240Z ^[[36;1mchanged = subprocess.check_output(['git','diff','--name-only',sys.argv[1],'HEAD','--'], text=True).splitlines()^[[0m
select	Select changed projects	2026-09-12T15:39:53.6777138Z ^[[36;1mneeds_tools = any(p.startswith(('tools/lean/', 'docs/lean/ci-toolchain/')) or p == '.github/workflows/lean-verification.yml' for p in changed)^[[0m
select	Select changed projects	2026-09-12T15:39:53.6777811Z ^[[36;1mwith pathlib.Path(sys.argv[2]).open('a') as stream:^[[0m
select	Select changed projects	2026-09-12T15:39:53.6778241Z ^[[36;1m    stream.write('tools_changed=' + str(needs_tools).lower() + '\n')^[[0m
select	Select changed projects	2026-09-12T15:39:53.6778601Z ^[[36;1mPY^[[0m
select	Select changed projects	2026-09-12T15:39:53.6778787Z ^[[36;1mfi^[[0m
select	Select changed projects	2026-09-12T15:39:53.6815397Z shell: /usr/bin/bash -e {0}
select	Select changed projects	2026-09-12T15:39:53.6815660Z env:
select	Select changed projects	2026-09-12T15:39:53.6815894Z   BASE_REF: 90a524991bbff663ecfbb917aa52a604efae0985
select	Select changed projects	2026-09-12T15:39:53.6816206Z   EVENT_NAME: push
select	Select changed projects	2026-09-12T15:39:53.6816406Z ##[endgroup]
select	Select changed projects	2026-09-12T15:39:53.7277694Z {"include":[]}
select	Post Run actions/checkout@11d5960a326750d5838078e36cf38b85af677262	﻿2026-09-12T15:39:53.7769830Z Node 20 is being deprecated. This workflow is running with Node 24 by default. If you need to temporarily use Node 20, you can set the ACTIONS_ALLOW_USE_UNSECURE_NODE_VERSION=true environment variable. For more information see: https://github.blog/changelog/2025-09-19-deprecation-of-node-20-on-github-actions-runners/
select	Post Run actions/checkout@11d5960a326750d5838078e36cf38b85af677262	2026-09-12T15:39:53.7771746Z Post job cleanup.
select	Post Run actions/checkout@11d5960a326750d5838078e36cf38b85af677262	2026-09-12T15:39:53.8622032Z [command]/usr/bin/git version
select	Post Run actions/checkout@11d5960a326750d5838078e36cf38b85af677262	2026-09-12T15:39:53.8666508Z git version 2.55.0
select	Post Run actions/checkout@11d5960a326750d5838078e36cf38b85af677262	2026-09-12T15:39:53.8711691Z Temporarily overriding HOME='/home/runner/work/_temp/b6819b2b-92e8-47d4-b3c9-d8f9978eddeb' before making global git config changes
select	Post Run actions/checkout@11d5960a326750d5838078e36cf38b85af677262	2026-09-12T15:39:53.8712785Z Adding repository directory to the temporary git global config as a safe directory
select	Post Run actions/checkout@11d5960a326750d5838078e36cf38b85af677262	2026-09-12T15:39:53.8718207Z [command]/usr/bin/git config --global --add safe.directory /home/runner/work/OpenProblemsInNLA/OpenProblemsInNLA
select	Post Run actions/checkout@11d5960a326750d5838078e36cf38b85af677262	2026-09-12T15:39:53.8760183Z [command]/usr/bin/git config --local --name-only --get-regexp core\.sshCommand
select	Post Run actions/checkout@11d5960a326750d5838078e36cf38b85af677262	2026-09-12T15:39:53.8794702Z [command]/usr/bin/git submodule foreach --recursive sh -c "git config --local --name-only --get-regexp 'core\.sshCommand' && git config --local --unset-all 'core.sshCommand' || :"
select	Post Run actions/checkout@11d5960a326750d5838078e36cf38b85af677262	2026-09-12T15:39:53.9047879Z [command]/usr/bin/git config --local --name-only --get-regexp http\.https\:\/\/github\.com\/\.extraheader
select	Post Run actions/checkout@11d5960a326750d5838078e36cf38b85af677262	2026-09-12T15:39:53.9089102Z [command]/usr/bin/git submodule foreach --recursive sh -c "git config --local --name-only --get-regexp 'http\.https\:\/\/github\.com\/\.extraheader' && git config --local --unset-all 'http.https://github.com/.extraheader' || :"
select	Post Run actions/checkout@11d5960a326750d5838078e36cf38b85af677262	2026-09-12T15:39:53.9358329Z [command]/usr/bin/git config --local --name-only --get-regexp ^includeIf\.gitdir:
select	Post Run actions/checkout@11d5960a326750d5838078e36cf38b85af677262	2026-09-12T15:39:53.9399230Z [command]/usr/bin/git submodule foreach --recursive git config --local --show-origin --name-only --get-regexp remote.origin.url
select	Complete job	﻿2026-09-12T15:39:53.9864529Z Evaluate and set job outputs
select	Complete job	2026-09-12T15:39:53.9870532Z Set output 'matrix'
select	Complete job	2026-09-12T15:39:53.9872746Z Set output 'count'
select	Complete job	2026-09-12T15:39:53.9873614Z Set output 'tools_changed'
select	Complete job	2026-09-12T15:39:53.9874289Z Cleaning up orphan processes
select	Complete job	2026-09-12T15:39:54.0146948Z ##[warning]Node.js 20 is deprecated. The following actions target Node.js 20 but are being forced to run on Node.js 24: actions/checkout@11d5960a326750d5838078e36cf38b85af677262. For more information see: https://github.blog/changelog/2025-09-19-deprecation-of-node-20-on-github-actions-runners/
checker-controls	Set up job	﻿2026-09-12T15:39:58.7390714Z Current runner version: '2.337.0'
checker-controls	Set up job	2026-09-12T15:39:58.7416452Z ##[group]Runner Image Provisioner
checker-controls	Set up job	2026-09-12T15:39:58.7417511Z Hosted Compute Agent
checker-controls	Set up job	2026-09-12T15:39:58.7418140Z Version: 20260828.587
checker-controls	Set up job	2026-09-12T15:39:58.7418782Z Commit: abac92662cab4cc7352de4f9f9d2e2419aad9c29
checker-controls	Set up job	2026-09-12T15:39:58.7419566Z Build Date: 2026-08-28T16:44:25Z
checker-controls	Set up job	2026-09-12T15:39:58.7420254Z Worker ID: {28f7dad1-5b0d-45d2-aef8-7fa1276018ef}
checker-controls	Set up job	2026-09-12T15:39:58.7420989Z Azure Region: westus
checker-controls	Set up job	2026-09-12T15:39:58.7421621Z ##[endgroup]
checker-controls	Set up job	2026-09-12T15:39:58.7423547Z ##[group]Operating System
checker-controls	Set up job	2026-09-12T15:39:58.7424285Z Ubuntu
checker-controls	Set up job	2026-09-12T15:39:58.7424862Z 24.04.5
checker-controls	Set up job	2026-09-12T15:39:58.7425433Z LTS
checker-controls	Set up job	2026-09-12T15:39:58.7426018Z ##[endgroup]
checker-controls	Set up job	2026-09-12T15:39:58.7426568Z ##[group]Runner Image
checker-controls	Set up job	2026-09-12T15:39:58.7427519Z Image: ubuntu-24.04
checker-controls	Set up job	2026-09-12T15:39:58.7428203Z Version: 20260907.300.1
checker-controls	Set up job	2026-09-12T15:39:58.7429361Z Included Software: https://github.com/actions/runner-images/blob/ubuntu24/20260907.300/images/ubuntu/Ubuntu2404-Readme.md
checker-controls	Set up job	2026-09-12T15:39:58.7431187Z Image Release: https://github.com/actions/runner-images/releases/tag/ubuntu24%2F20260907.300
checker-controls	Set up job	2026-09-12T15:39:58.7432237Z ##[endgroup]
checker-controls	Set up job	2026-09-12T15:39:58.7433887Z ##[group]GITHUB_TOKEN Permissions
checker-controls	Set up job	2026-09-12T15:39:58.7436081Z Contents: read
checker-controls	Set up job	2026-09-12T15:39:58.7436733Z Metadata: read
checker-controls	Set up job	2026-09-12T15:39:58.7437314Z ##[endgroup]
checker-controls	Set up job	2026-09-12T15:39:58.7439348Z Secret source: Actions
checker-controls	Set up job	2026-09-12T15:39:58.7440399Z Cache mode: write
checker-controls	Set up job	2026-09-12T15:39:58.7441177Z Prepare workflow directory
checker-controls	Set up job	2026-09-12T15:39:58.7803241Z Prepare all required actions
checker-controls	Set up job	2026-09-12T15:39:58.7876930Z Getting action download info
checker-controls	Set up job	2026-09-12T15:39:59.1665806Z Download action repository 'actions/checkout@11d5960a326750d5838078e36cf38b85af677262' (SHA:11d5960a326750d5838078e36cf38b85af677262)
checker-controls	Set up job	2026-09-12T15:39:59.2675877Z Download action repository 'actions/setup-go@924ae3a1cded613372ab5595356fb5720e22ba16' (SHA:924ae3a1cded613372ab5595356fb5720e22ba16)
checker-controls	Set up job	2026-09-12T15:39:59.6794224Z Download action repository 'leanprover/lean-action@96e06131c0e9943c780388fd166f55d1e2fa0433' (SHA:96e06131c0e9943c780388fd166f55d1e2fa0433)
checker-controls	Set up job	2026-09-12T15:39:59.9029997Z Download action repository 'actions/upload-artifact@ea165f8d65b6e75b540449e92b4886f43607fa02' (SHA:ea165f8d65b6e75b540449e92b4886f43607fa02)
checker-controls	Set up job	2026-09-12T15:40:00.1664891Z Getting action download info
checker-controls	Set up job	2026-09-12T15:40:00.2991516Z Download action repository 'actions/cache@v5' (SHA:caa296126883cff596d87d8935842f9db880ef25)
checker-controls	Set up job	2026-09-12T15:40:00.5299698Z Complete job name: checker-controls
checker-controls	Run actions/checkout@11d5960a326750d5838078e36cf38b85af677262	﻿2026-09-12T15:40:00.6068881Z Node 20 is being deprecated. This workflow is running with Node 24 by default. If you need to temporarily use Node 20, you can set the ACTIONS_ALLOW_USE_UNSECURE_NODE_VERSION=true environment variable. For more information see: https://github.blog/changelog/2025-09-19-deprecation-of-node-20-on-github-actions-runners/
checker-controls	Run actions/checkout@11d5960a326750d5838078e36cf38b85af677262	2026-09-12T15:40:00.6077153Z ##[group]Run actions/checkout@11d5960a326750d5838078e36cf38b85af677262
checker-controls	Run actions/checkout@11d5960a326750d5838078e36cf38b85af677262	2026-09-12T15:40:00.6077994Z with:
checker-controls	Run actions/checkout@11d5960a326750d5838078e36cf38b85af677262	2026-09-12T15:40:00.6078443Z   persist-credentials: false
checker-controls	Run actions/checkout@11d5960a326750d5838078e36cf38b85af677262	2026-09-12T15:40:00.6079007Z   repository: sgstepaniants/OpenProblemsInNLA
checker-controls	Run actions/checkout@11d5960a326750d5838078e36cf38b85af677262	2026-09-12T15:40:00.6081742Z   token: ***
checker-controls	Run actions/checkout@11d5960a326750d5838078e36cf38b85af677262	2026-09-12T15:40:00.6147796Z   ssh-strict: true
checker-controls	Run actions/checkout@11d5960a326750d5838078e36cf38b85af677262	2026-09-12T15:40:00.6148284Z   ssh-user: git
checker-controls	Run actions/checkout@11d5960a326750d5838078e36cf38b85af677262	2026-09-12T15:40:00.6148767Z   clean: true
checker-controls	Run actions/checkout@11d5960a326750d5838078e36cf38b85af677262	2026-09-12T15:40:00.6149252Z   sparse-checkout-cone-mode: true
checker-controls	Run actions/checkout@11d5960a326750d5838078e36cf38b85af677262	2026-09-12T15:40:00.6149811Z   fetch-depth: 1
checker-controls	Run actions/checkout@11d5960a326750d5838078e36cf38b85af677262	2026-09-12T15:40:00.6150254Z   fetch-tags: false
checker-controls	Run actions/checkout@11d5960a326750d5838078e36cf38b85af677262	2026-09-12T15:40:00.6150706Z   show-progress: true
checker-controls	Run actions/checkout@11d5960a326750d5838078e36cf38b85af677262	2026-09-12T15:40:00.6151137Z   lfs: false
checker-controls	Run actions/checkout@11d5960a326750d5838078e36cf38b85af677262	2026-09-12T15:40:00.6151597Z   submodules: false
checker-controls	Run actions/checkout@11d5960a326750d5838078e36cf38b85af677262	2026-09-12T15:40:00.6152038Z   set-safe-directory: true
checker-controls	Run actions/checkout@11d5960a326750d5838078e36cf38b85af677262	2026-09-12T15:40:00.6152511Z   allow-unsafe-pr-checkout: false
checker-controls	Run actions/checkout@11d5960a326750d5838078e36cf38b85af677262	2026-09-12T15:40:00.6153826Z ##[endgroup]
checker-controls	Run actions/checkout@11d5960a326750d5838078e36cf38b85af677262	2026-09-12T15:40:00.7200945Z Syncing repository: sgstepaniants/OpenProblemsInNLA
checker-controls	Run actions/checkout@11d5960a326750d5838078e36cf38b85af677262	2026-09-12T15:40:00.7203790Z ##[group]Getting Git version info
checker-controls	Run actions/checkout@11d5960a326750d5838078e36cf38b85af677262	2026-09-12T15:40:00.7204936Z Working directory is '/home/runner/work/OpenProblemsInNLA/OpenProblemsInNLA'
checker-controls	Run actions/checkout@11d5960a326750d5838078e36cf38b85af677262	2026-09-12T15:40:00.7206561Z [command]/usr/bin/git version
checker-controls	Run actions/checkout@11d5960a326750d5838078e36cf38b85af677262	2026-09-12T15:40:00.7242891Z git version 2.55.0
checker-controls	Run actions/checkout@11d5960a326750d5838078e36cf38b85af677262	2026-09-12T15:40:00.7265994Z ##[endgroup]
checker-controls	Run actions/checkout@11d5960a326750d5838078e36cf38b85af677262	2026-09-12T15:40:00.7283741Z Temporarily overriding HOME='/home/runner/work/_temp/53188d96-e375-4021-b38b-177087c24e92' before making global git config changes
checker-controls	Run actions/checkout@11d5960a326750d5838078e36cf38b85af677262	2026-09-12T15:40:00.7286355Z Adding repository directory to the temporary git global config as a safe directory
checker-controls	Run actions/checkout@11d5960a326750d5838078e36cf38b85af677262	2026-09-12T15:40:00.7289961Z [command]/usr/bin/git config --global --add safe.directory /home/runner/work/OpenProblemsInNLA/OpenProblemsInNLA
checker-controls	Run actions/checkout@11d5960a326750d5838078e36cf38b85af677262	2026-09-12T15:40:00.7347895Z Deleting the contents of '/home/runner/work/OpenProblemsInNLA/OpenProblemsInNLA'
checker-controls	Run actions/checkout@11d5960a326750d5838078e36cf38b85af677262	2026-09-12T15:40:00.7353176Z ##[group]Initializing the repository
checker-controls	Run actions/checkout@11d5960a326750d5838078e36cf38b85af677262	2026-09-12T15:40:00.7358649Z [command]/usr/bin/git init /home/runner/work/OpenProblemsInNLA/OpenProblemsInNLA
checker-controls	Run actions/checkout@11d5960a326750d5838078e36cf38b85af677262	2026-09-12T15:40:00.7467123Z hint: Using 'master' as the name for the initial branch. This default branch name
checker-controls	Run actions/checkout@11d5960a326750d5838078e36cf38b85af677262	2026-09-12T15:40:00.7468894Z hint: will change to "main" in Git 3.0. To configure the initial branch name
checker-controls	Run actions/checkout@11d5960a326750d5838078e36cf38b85af677262	2026-09-12T15:40:00.7472442Z hint: to use in all of your new repositories, which will suppress this warning,
checker-controls	Run actions/checkout@11d5960a326750d5838078e36cf38b85af677262	2026-09-12T15:40:00.7474530Z hint: call:
checker-controls	Run actions/checkout@11d5960a326750d5838078e36cf38b85af677262	2026-09-12T15:40:00.7475271Z hint:
checker-controls	Run actions/checkout@11d5960a326750d5838078e36cf38b85af677262	2026-09-12T15:40:00.7476223Z hint: 	git config --global init.defaultBranch <name>
checker-controls	Run actions/checkout@11d5960a326750d5838078e36cf38b85af677262	2026-09-12T15:40:00.7477195Z hint:
checker-controls	Run actions/checkout@11d5960a326750d5838078e36cf38b85af677262	2026-09-12T15:40:00.7478200Z hint: Names commonly chosen instead of 'master' are 'main', 'trunk' and
checker-controls	Run actions/checkout@11d5960a326750d5838078e36cf38b85af677262	2026-09-12T15:40:00.7479602Z hint: 'development'. The just-created branch can be renamed via this command:
checker-controls	Run actions/checkout@11d5960a326750d5838078e36cf38b85af677262	2026-09-12T15:40:00.7480665Z hint:
checker-controls	Run actions/checkout@11d5960a326750d5838078e36cf38b85af677262	2026-09-12T15:40:00.7481342Z hint: 	git branch -m <name>
checker-controls	Run actions/checkout@11d5960a326750d5838078e36cf38b85af677262	2026-09-12T15:40:00.7482075Z hint:
checker-controls	Run actions/checkout@11d5960a326750d5838078e36cf38b85af677262	2026-09-12T15:40:00.7483392Z hint: Disable this message with "git config set advice.defaultBranchName false"
checker-controls	Run actions/checkout@11d5960a326750d5838078e36cf38b85af677262	2026-09-12T15:40:00.7485060Z Initialized empty Git repository in /home/runner/work/OpenProblemsInNLA/OpenProblemsInNLA/.git/
checker-controls	Run actions/checkout@11d5960a326750d5838078e36cf38b85af677262	2026-09-12T15:40:00.7495211Z [command]/usr/bin/git remote add origin https://github.com/sgstepaniants/OpenProblemsInNLA
checker-controls	Run actions/checkout@11d5960a326750d5838078e36cf38b85af677262	2026-09-12T15:40:00.7543272Z ##[endgroup]
checker-controls	Run actions/checkout@11d5960a326750d5838078e36cf38b85af677262	2026-09-12T15:40:00.7544835Z ##[group]Disabling automatic garbage collection
checker-controls	Run actions/checkout@11d5960a326750d5838078e36cf38b85af677262	2026-09-12T15:40:00.7549487Z [command]/usr/bin/git config --local gc.auto 0
checker-controls	Run actions/checkout@11d5960a326750d5838078e36cf38b85af677262	2026-09-12T15:40:00.7583393Z ##[endgroup]
checker-controls	Run actions/checkout@11d5960a326750d5838078e36cf38b85af677262	2026-09-12T15:40:00.7585046Z ##[group]Setting up auth
checker-controls	Run actions/checkout@11d5960a326750d5838078e36cf38b85af677262	2026-09-12T15:40:00.7593225Z [command]/usr/bin/git config --local --name-only --get-regexp core\.sshCommand
checker-controls	Run actions/checkout@11d5960a326750d5838078e36cf38b85af677262	2026-09-12T15:40:00.7628165Z [command]/usr/bin/git submodule foreach --recursive sh -c "git config --local --name-only --get-regexp 'core\.sshCommand' && git config --local --unset-all 'core.sshCommand' || :"
checker-controls	Run actions/checkout@11d5960a326750d5838078e36cf38b85af677262	2026-09-12T15:40:00.8047282Z [command]/usr/bin/git config --local --name-only --get-regexp http\.https\:\/\/github\.com\/\.extraheader
checker-controls	Run actions/checkout@11d5960a326750d5838078e36cf38b85af677262	2026-09-12T15:40:00.8122165Z [command]/usr/bin/git submodule foreach --recursive sh -c "git config --local --name-only --get-regexp 'http\.https\:\/\/github\.com\/\.extraheader' && git config --local --unset-all 'http.https://github.com/.extraheader' || :"
checker-controls	Run actions/checkout@11d5960a326750d5838078e36cf38b85af677262	2026-09-12T15:40:00.8360023Z [command]/usr/bin/git config --local --name-only --get-regexp ^includeIf\.gitdir:
checker-controls	Run actions/checkout@11d5960a326750d5838078e36cf38b85af677262	2026-09-12T15:40:00.8401211Z [command]/usr/bin/git submodule foreach --recursive git config --local --show-origin --name-only --get-regexp remote.origin.url
checker-controls	Run actions/checkout@11d5960a326750d5838078e36cf38b85af677262	2026-09-12T15:40:00.8649109Z [command]/usr/bin/git config --local http.https://github.com/.extraheader AUTHORIZATION: basic ***
checker-controls	Run actions/checkout@11d5960a326750d5838078e36cf38b85af677262	2026-09-12T15:40:00.8688338Z ##[endgroup]
checker-controls	Run actions/checkout@11d5960a326750d5838078e36cf38b85af677262	2026-09-12T15:40:00.8697784Z ##[group]Fetching the repository
checker-controls	Run actions/checkout@11d5960a326750d5838078e36cf38b85af677262	2026-09-12T15:40:00.8699168Z [command]/usr/bin/git -c protocol.version=2 fetch --no-tags --prune --no-recurse-submodules --depth=1 origin +214c142d6bfe0f0c338808f188062acbbad0fb19:refs/remotes/origin/codex/lean-verification-infrastructure
checker-controls	Run actions/checkout@11d5960a326750d5838078e36cf38b85af677262	2026-09-12T15:40:02.6247336Z From https://github.com/sgstepaniants/OpenProblemsInNLA
checker-controls	Run actions/checkout@11d5960a326750d5838078e36cf38b85af677262	2026-09-12T15:40:02.6250445Z  * [new ref]         214c142d6bfe0f0c338808f188062acbbad0fb19 -> origin/codex/lean-verification-infrastructure
checker-controls	Run actions/checkout@11d5960a326750d5838078e36cf38b85af677262	2026-09-12T15:40:02.6254017Z ##[endgroup]
checker-controls	Run actions/checkout@11d5960a326750d5838078e36cf38b85af677262	2026-09-12T15:40:02.6255077Z ##[group]Determining the checkout info
checker-controls	Run actions/checkout@11d5960a326750d5838078e36cf38b85af677262	2026-09-12T15:40:02.6256688Z ##[endgroup]
checker-controls	Run actions/checkout@11d5960a326750d5838078e36cf38b85af677262	2026-09-12T15:40:02.6263863Z [command]/usr/bin/git sparse-checkout disable
checker-controls	Run actions/checkout@11d5960a326750d5838078e36cf38b85af677262	2026-09-12T15:40:02.6315265Z [command]/usr/bin/git config --local --unset-all extensions.worktreeConfig
checker-controls	Run actions/checkout@11d5960a326750d5838078e36cf38b85af677262	2026-09-12T15:40:02.6345519Z ##[group]Checking out the ref
checker-controls	Run actions/checkout@11d5960a326750d5838078e36cf38b85af677262	2026-09-12T15:40:02.6388102Z [command]/usr/bin/git checkout --progress --force -B codex/lean-verification-infrastructure refs/remotes/origin/codex/lean-verification-infrastructure
checker-controls	Run actions/checkout@11d5960a326750d5838078e36cf38b85af677262	2026-09-12T15:40:03.0538912Z Switched to a new branch 'codex/lean-verification-infrastructure'
checker-controls	Run actions/checkout@11d5960a326750d5838078e36cf38b85af677262	2026-09-12T15:40:03.0544320Z branch 'codex/lean-verification-infrastructure' set up to track 'origin/codex/lean-verification-infrastructure'.
checker-controls	Run actions/checkout@11d5960a326750d5838078e36cf38b85af677262	2026-09-12T15:40:03.0562031Z ##[endgroup]
checker-controls	Run actions/checkout@11d5960a326750d5838078e36cf38b85af677262	2026-09-12T15:40:03.0613862Z [command]/usr/bin/git log -1 --format=%H
checker-controls	Run actions/checkout@11d5960a326750d5838078e36cf38b85af677262	2026-09-12T15:40:03.0643327Z 214c142d6bfe0f0c338808f188062acbbad0fb19
checker-controls	Run actions/checkout@11d5960a326750d5838078e36cf38b85af677262	2026-09-12T15:40:03.0653454Z ##[group]Removing auth
checker-controls	Run actions/checkout@11d5960a326750d5838078e36cf38b85af677262	2026-09-12T15:40:03.0656728Z [command]/usr/bin/git config --local --name-only --get-regexp core\.sshCommand
checker-controls	Run actions/checkout@11d5960a326750d5838078e36cf38b85af677262	2026-09-12T15:40:03.0693247Z [command]/usr/bin/git submodule foreach --recursive sh -c "git config --local --name-only --get-regexp 'core\.sshCommand' && git config --local --unset-all 'core.sshCommand' || :"
checker-controls	Run actions/checkout@11d5960a326750d5838078e36cf38b85af677262	2026-09-12T15:40:03.0939839Z [command]/usr/bin/git config --local --name-only --get-regexp http\.https\:\/\/github\.com\/\.extraheader
checker-controls	Run actions/checkout@11d5960a326750d5838078e36cf38b85af677262	2026-09-12T15:40:03.0970297Z http.https://github.com/.extraheader
checker-controls	Run actions/checkout@11d5960a326750d5838078e36cf38b85af677262	2026-09-12T15:40:03.0978362Z [command]/usr/bin/git config --local --unset-all http.https://github.com/.extraheader
checker-controls	Run actions/checkout@11d5960a326750d5838078e36cf38b85af677262	2026-09-12T15:40:03.1018697Z [command]/usr/bin/git submodule foreach --recursive sh -c "git config --local --name-only --get-regexp 'http\.https\:\/\/github\.com\/\.extraheader' && git config --local --unset-all 'http.https://github.com/.extraheader' || :"
checker-controls	Run actions/checkout@11d5960a326750d5838078e36cf38b85af677262	2026-09-12T15:40:03.1263698Z [command]/usr/bin/git config --local --name-only --get-regexp ^includeIf\.gitdir:
checker-controls	Run actions/checkout@11d5960a326750d5838078e36cf38b85af677262	2026-09-12T15:40:03.1300139Z [command]/usr/bin/git submodule foreach --recursive git config --local --show-origin --name-only --get-regexp remote.origin.url
checker-controls	Run actions/checkout@11d5960a326750d5838078e36cf38b85af677262	2026-09-12T15:40:03.1541815Z ##[endgroup]
checker-controls	Run actions/setup-go@924ae3a1cded613372ab5595356fb5720e22ba16	﻿2026-09-12T15:40:03.1789401Z ##[group]Run actions/setup-go@924ae3a1cded613372ab5595356fb5720e22ba16
checker-controls	Run actions/setup-go@924ae3a1cded613372ab5595356fb5720e22ba16	2026-09-12T15:40:03.1789834Z with:
checker-controls	Run actions/setup-go@924ae3a1cded613372ab5595356fb5720e22ba16	2026-09-12T15:40:03.1790034Z   go-version: 1.27.1
checker-controls	Run actions/setup-go@924ae3a1cded613372ab5595356fb5720e22ba16	2026-09-12T15:40:03.1790246Z   cache: false
checker-controls	Run actions/setup-go@924ae3a1cded613372ab5595356fb5720e22ba16	2026-09-12T15:40:03.1790448Z   check-latest: false
checker-controls	Run actions/setup-go@924ae3a1cded613372ab5595356fb5720e22ba16	2026-09-12T15:40:03.1793035Z   token: ***
checker-controls	Run actions/setup-go@924ae3a1cded613372ab5595356fb5720e22ba16	2026-09-12T15:40:03.1793288Z ##[endgroup]
checker-controls	Run actions/setup-go@924ae3a1cded613372ab5595356fb5720e22ba16	2026-09-12T15:40:03.3036776Z Setup go version spec 1.27.1
checker-controls	Run actions/setup-go@924ae3a1cded613372ab5595356fb5720e22ba16	2026-09-12T15:40:03.3050047Z Attempting to download 1.27.1...
checker-controls	Run actions/setup-go@924ae3a1cded613372ab5595356fb5720e22ba16	2026-09-12T15:40:03.9674060Z matching 1.27.1...
checker-controls	Run actions/setup-go@924ae3a1cded613372ab5595356fb5720e22ba16	2026-09-12T15:40:03.9703151Z Acquiring 1.27.1 from https://github.com/actions/go-versions/releases/download/1.27.1-33583469715/go-1.27.1-linux-x64.tar.gz
checker-controls	Run actions/setup-go@924ae3a1cded613372ab5595356fb5720e22ba16	2026-09-12T15:40:04.5331136Z Extracting Go...
checker-controls	Run actions/setup-go@924ae3a1cded613372ab5595356fb5720e22ba16	2026-09-12T15:40:04.5446490Z [command]/usr/bin/tar xz --warning=no-unknown-keyword --overwrite -C /home/runner/work/_temp/9dea34a8-093e-4c91-b065-d9011082e428 -f /home/runner/work/_temp/615b3494-be80-4777-989a-c07a245f1f97
checker-controls	Run actions/setup-go@924ae3a1cded613372ab5595356fb5720e22ba16	2026-09-12T15:40:06.2100473Z Successfully extracted go to /home/runner/work/_temp/9dea34a8-093e-4c91-b065-d9011082e428
checker-controls	Run actions/setup-go@924ae3a1cded613372ab5595356fb5720e22ba16	2026-09-12T15:40:06.2101172Z Adding to the cache ...
checker-controls	Run actions/setup-go@924ae3a1cded613372ab5595356fb5720e22ba16	2026-09-12T15:40:12.0396277Z Successfully cached go to /opt/hostedtoolcache/go/1.27.1/x64
checker-controls	Run actions/setup-go@924ae3a1cded613372ab5595356fb5720e22ba16	2026-09-12T15:40:12.0399233Z Added go to the path
checker-controls	Run actions/setup-go@924ae3a1cded613372ab5595356fb5720e22ba16	2026-09-12T15:40:12.0401878Z Successfully set up Go version 1.27.1
checker-controls	Run actions/setup-go@924ae3a1cded613372ab5595356fb5720e22ba16	2026-09-12T15:40:12.0621843Z go version go1.27.1 linux/amd64
checker-controls	Run actions/setup-go@924ae3a1cded613372ab5595356fb5720e22ba16	2026-09-12T15:40:12.0622073Z 
checker-controls	Run actions/setup-go@924ae3a1cded613372ab5595356fb5720e22ba16	2026-09-12T15:40:12.0622369Z ##[group]go env
checker-controls	Run actions/setup-go@924ae3a1cded613372ab5595356fb5720e22ba16	2026-09-12T15:40:12.2555788Z AR='ar'
checker-controls	Run actions/setup-go@924ae3a1cded613372ab5595356fb5720e22ba16	2026-09-12T15:40:12.2556221Z CC='gcc'
checker-controls	Run actions/setup-go@924ae3a1cded613372ab5595356fb5720e22ba16	2026-09-12T15:40:12.2556558Z CGO_CFLAGS='-O2 -g'
checker-controls	Run actions/setup-go@924ae3a1cded613372ab5595356fb5720e22ba16	2026-09-12T15:40:12.2556926Z CGO_CPPFLAGS=''
checker-controls	Run actions/setup-go@924ae3a1cded613372ab5595356fb5720e22ba16	2026-09-12T15:40:12.2557287Z CGO_CXXFLAGS='-O2 -g'
checker-controls	Run actions/setup-go@924ae3a1cded613372ab5595356fb5720e22ba16	2026-09-12T15:40:12.2557638Z CGO_ENABLED='1'
checker-controls	Run actions/setup-go@924ae3a1cded613372ab5595356fb5720e22ba16	2026-09-12T15:40:12.2557960Z CGO_FFLAGS='-O2 -g'
checker-controls	Run actions/setup-go@924ae3a1cded613372ab5595356fb5720e22ba16	2026-09-12T15:40:12.2558324Z CGO_LDFLAGS='-O2 -g'
checker-controls	Run actions/setup-go@924ae3a1cded613372ab5595356fb5720e22ba16	2026-09-12T15:40:12.2558655Z CXX='g++'
checker-controls	Run actions/setup-go@924ae3a1cded613372ab5595356fb5720e22ba16	2026-09-12T15:40:12.2558995Z GCCGO='gccgo'
checker-controls	Run actions/setup-go@924ae3a1cded613372ab5595356fb5720e22ba16	2026-09-12T15:40:12.2559330Z GO111MODULE=''
checker-controls	Run actions/setup-go@924ae3a1cded613372ab5595356fb5720e22ba16	2026-09-12T15:40:12.2559998Z GOAMD64='v1'
checker-controls	Run actions/setup-go@924ae3a1cded613372ab5595356fb5720e22ba16	2026-09-12T15:40:12.2560311Z GOARCH='amd64'
checker-controls	Run actions/setup-go@924ae3a1cded613372ab5595356fb5720e22ba16	2026-09-12T15:40:12.2560683Z GOAUTH='netrc'
checker-controls	Run actions/setup-go@924ae3a1cded613372ab5595356fb5720e22ba16	2026-09-12T15:40:12.2561076Z GOBIN='/home/runner/go/bin'
checker-controls	Run actions/setup-go@924ae3a1cded613372ab5595356fb5720e22ba16	2026-09-12T15:40:12.2561532Z GOCACHE='/home/runner/.cache/go-build'
checker-controls	Run actions/setup-go@924ae3a1cded613372ab5595356fb5720e22ba16	2026-09-12T15:40:12.2562026Z GOCACHEPROG=''
checker-controls	Run actions/setup-go@924ae3a1cded613372ab5595356fb5720e22ba16	2026-09-12T15:40:12.2562356Z GODEBUG=''
checker-controls	Run actions/setup-go@924ae3a1cded613372ab5595356fb5720e22ba16	2026-09-12T15:40:12.2562919Z GOENV='/home/runner/.config/go/env'
checker-controls	Run actions/setup-go@924ae3a1cded613372ab5595356fb5720e22ba16	2026-09-12T15:40:12.2563344Z GOEXE=''
checker-controls	Run actions/setup-go@924ae3a1cded613372ab5595356fb5720e22ba16	2026-09-12T15:40:12.2563635Z GOEXPERIMENT=''
checker-controls	Run actions/setup-go@924ae3a1cded613372ab5595356fb5720e22ba16	2026-09-12T15:40:12.2564031Z GOFIPS140='off'
checker-controls	Run actions/setup-go@924ae3a1cded613372ab5595356fb5720e22ba16	2026-09-12T15:40:12.2564342Z GOFLAGS=''
checker-controls	Run actions/setup-go@924ae3a1cded613372ab5595356fb5720e22ba16	2026-09-12T15:40:12.2565430Z GOGCCFLAGS='-fPIC -m64 -pthread -Wl,--no-gc-sections -fmessage-length=0 -ffile-prefix-map=/tmp/go-build3907128826=/tmp/go-build -gno-record-gcc-switches'
checker-controls	Run actions/setup-go@924ae3a1cded613372ab5595356fb5720e22ba16	2026-09-12T15:40:12.2566610Z GOHOSTARCH='amd64'
checker-controls	Run actions/setup-go@924ae3a1cded613372ab5595356fb5720e22ba16	2026-09-12T15:40:12.2566962Z GOHOSTOS='linux'
checker-controls	Run actions/setup-go@924ae3a1cded613372ab5595356fb5720e22ba16	2026-09-12T15:40:12.2567301Z GOINSECURE=''
checker-controls	Run actions/setup-go@924ae3a1cded613372ab5595356fb5720e22ba16	2026-09-12T15:40:12.2567633Z GOMOD='/dev/null'
checker-controls	Run actions/setup-go@924ae3a1cded613372ab5595356fb5720e22ba16	2026-09-12T15:40:12.2568024Z GOMODCACHE='/home/runner/go/pkg/mod'
checker-controls	Run actions/setup-go@924ae3a1cded613372ab5595356fb5720e22ba16	2026-09-12T15:40:12.2568504Z GONOPROXY=''
checker-controls	Run actions/setup-go@924ae3a1cded613372ab5595356fb5720e22ba16	2026-09-12T15:40:12.2568829Z GONOSUMDB=''
checker-controls	Run actions/setup-go@924ae3a1cded613372ab5595356fb5720e22ba16	2026-09-12T15:40:12.2569134Z GOOS='linux'
checker-controls	Run actions/setup-go@924ae3a1cded613372ab5595356fb5720e22ba16	2026-09-12T15:40:12.2569463Z GOPACKAGESDRIVER=''
checker-controls	Run actions/setup-go@924ae3a1cded613372ab5595356fb5720e22ba16	2026-09-12T15:40:12.2569824Z GOPATH='/home/runner/go'
checker-controls	Run actions/setup-go@924ae3a1cded613372ab5595356fb5720e22ba16	2026-09-12T15:40:12.2570190Z GOPRIVATE=''
checker-controls	Run actions/setup-go@924ae3a1cded613372ab5595356fb5720e22ba16	2026-09-12T15:40:12.2570596Z GOPROXY='https://proxy.golang.org,direct'
checker-controls	Run actions/setup-go@924ae3a1cded613372ab5595356fb5720e22ba16	2026-09-12T15:40:12.2571139Z GOROOT='/opt/hostedtoolcache/go/1.27.1/x64'
checker-controls	Run actions/setup-go@924ae3a1cded613372ab5595356fb5720e22ba16	2026-09-12T15:40:12.2571625Z GOSUMDB='sum.golang.org'
checker-controls	Run actions/setup-go@924ae3a1cded613372ab5595356fb5720e22ba16	2026-09-12T15:40:12.2572002Z GOTELEMETRY='local'
checker-controls	Run actions/setup-go@924ae3a1cded613372ab5595356fb5720e22ba16	2026-09-12T15:40:12.2572433Z GOTELEMETRYDIR='/home/runner/.config/go/telemetry'
checker-controls	Run actions/setup-go@924ae3a1cded613372ab5595356fb5720e22ba16	2026-09-12T15:40:12.2573148Z GOTMPDIR=''
checker-controls	Run actions/setup-go@924ae3a1cded613372ab5595356fb5720e22ba16	2026-09-12T15:40:12.2573473Z GOTOOLCHAIN='local'
checker-controls	Run actions/setup-go@924ae3a1cded613372ab5595356fb5720e22ba16	2026-09-12T15:40:12.2574001Z GOTOOLDIR='/opt/hostedtoolcache/go/1.27.1/x64/pkg/tool/linux_amd64'
checker-controls	Run actions/setup-go@924ae3a1cded613372ab5595356fb5720e22ba16	2026-09-12T15:40:12.2574595Z GOVCS=''
checker-controls	Run actions/setup-go@924ae3a1cded613372ab5595356fb5720e22ba16	2026-09-12T15:40:12.2574909Z GOVERSION='go1.27.1'
checker-controls	Run actions/setup-go@924ae3a1cded613372ab5595356fb5720e22ba16	2026-09-12T15:40:12.2575251Z GOWORK=''
checker-controls	Run actions/setup-go@924ae3a1cded613372ab5595356fb5720e22ba16	2026-09-12T15:40:12.2575618Z PKG_CONFIG='pkg-config'
checker-controls	Run actions/setup-go@924ae3a1cded613372ab5595356fb5720e22ba16	2026-09-12T15:40:12.2575856Z 
checker-controls	Run actions/setup-go@924ae3a1cded613372ab5595356fb5720e22ba16	2026-09-12T15:40:12.2576319Z ##[endgroup]
checker-controls	Run leanprover/lean-action@96e06131c0e9943c780388fd166f55d1e2fa0433	﻿2026-09-12T15:40:12.2994758Z ##[group]Run leanprover/lean-action@96e06131c0e9943c780388fd166f55d1e2fa0433
checker-controls	Run leanprover/lean-action@96e06131c0e9943c780388fd166f55d1e2fa0433	2026-09-12T15:40:12.2995197Z with:
checker-controls	Run leanprover/lean-action@96e06131c0e9943c780388fd166f55d1e2fa0433	2026-09-12T15:40:12.2995434Z   lake-package-directory: docs/lean/ci-toolchain
checker-controls	Run leanprover/lean-action@96e06131c0e9943c780388fd166f55d1e2fa0433	2026-09-12T15:40:12.2995738Z   auto-config: false
checker-controls	Run leanprover/lean-action@96e06131c0e9943c780388fd166f55d1e2fa0433	2026-09-12T15:40:12.2995945Z   build: false
checker-controls	Run leanprover/lean-action@96e06131c0e9943c780388fd166f55d1e2fa0433	2026-09-12T15:40:12.2996136Z   test: false
checker-controls	Run leanprover/lean-action@96e06131c0e9943c780388fd166f55d1e2fa0433	2026-09-12T15:40:12.2996312Z   lint: false
checker-controls	Run leanprover/lean-action@96e06131c0e9943c780388fd166f55d1e2fa0433	2026-09-12T15:40:12.2996501Z   use-mathlib-cache: false
checker-controls	Run leanprover/lean-action@96e06131c0e9943c780388fd166f55d1e2fa0433	2026-09-12T15:40:12.2996738Z   use-github-cache: false
checker-controls	Run leanprover/lean-action@96e06131c0e9943c780388fd166f55d1e2fa0433	2026-09-12T15:40:12.2996963Z   mk_all-check: false
checker-controls	Run leanprover/lean-action@96e06131c0e9943c780388fd166f55d1e2fa0433	2026-09-12T15:40:12.2997198Z   check-reservoir-eligibility: false
checker-controls	Run leanprover/lean-action@96e06131c0e9943c780388fd166f55d1e2fa0433	2026-09-12T15:40:12.2997459Z   leanchecker: false
checker-controls	Run leanprover/lean-action@96e06131c0e9943c780388fd166f55d1e2fa0433	2026-09-12T15:40:12.2997663Z   lean4checker: false
checker-controls	Run leanprover/lean-action@96e06131c0e9943c780388fd166f55d1e2fa0433	2026-09-12T15:40:12.2997860Z   nanoda: false
checker-controls	Run leanprover/lean-action@96e06131c0e9943c780388fd166f55d1e2fa0433	2026-09-12T15:40:12.2998059Z   nanoda-allow-sorry: true
checker-controls	Run leanprover/lean-action@96e06131c0e9943c780388fd166f55d1e2fa0433	2026-09-12T15:40:12.2998283Z   axiom-audit: false
checker-controls	Run leanprover/lean-action@96e06131c0e9943c780388fd166f55d1e2fa0433	2026-09-12T15:40:12.2998559Z   axiom-audit-allow: propext,Classical.choice,Quot.sound
checker-controls	Run leanprover/lean-action@96e06131c0e9943c780388fd166f55d1e2fa0433	2026-09-12T15:40:12.2998935Z   reinstall-transient-toolchain: false
checker-controls	Run leanprover/lean-action@96e06131c0e9943c780388fd166f55d1e2fa0433	2026-09-12T15:40:12.2999280Z env:
checker-controls	Run leanprover/lean-action@96e06131c0e9943c780388fd166f55d1e2fa0433	2026-09-12T15:40:12.2999458Z   GOTOOLCHAIN: local
checker-controls	Run leanprover/lean-action@96e06131c0e9943c780388fd166f55d1e2fa0433	2026-09-12T15:40:12.2999659Z ##[endgroup]
checker-controls	Run leanprover/lean-action@96e06131c0e9943c780388fd166f55d1e2fa0433	2026-09-12T15:40:12.3065793Z ##[start-action display=install elan;id=__leanprover_lean-action.__run]
checker-controls	Run leanprover/lean-action@96e06131c0e9943c780388fd166f55d1e2fa0433	2026-09-12T15:40:12.3099684Z ##[group]Run : Install Elan
checker-controls	Run leanprover/lean-action@96e06131c0e9943c780388fd166f55d1e2fa0433	2026-09-12T15:40:12.3099997Z ^[[36;1m: Install Elan^[[0m
checker-controls	Run leanprover/lean-action@96e06131c0e9943c780388fd166f55d1e2fa0433	2026-09-12T15:40:12.3100302Z ^[[36;1m${GITHUB_ACTION_PATH}/scripts/install_elan.sh^[[0m
checker-controls	Run leanprover/lean-action@96e06131c0e9943c780388fd166f55d1e2fa0433	2026-09-12T15:40:12.3143034Z shell: /usr/bin/bash --noprofile --norc -e -o pipefail {0}
checker-controls	Run leanprover/lean-action@96e06131c0e9943c780388fd166f55d1e2fa0433	2026-09-12T15:40:12.3143409Z env:
checker-controls	Run leanprover/lean-action@96e06131c0e9943c780388fd166f55d1e2fa0433	2026-09-12T15:40:12.3143604Z   GOTOOLCHAIN: local
checker-controls	Run leanprover/lean-action@96e06131c0e9943c780388fd166f55d1e2fa0433	2026-09-12T15:40:12.3143822Z ##[endgroup]
checker-controls	Run leanprover/lean-action@96e06131c0e9943c780388fd166f55d1e2fa0433	2026-09-12T15:40:12.3286444Z ##[group]Elan Installation Output
checker-controls	Run leanprover/lean-action@96e06131c0e9943c780388fd166f55d1e2fa0433	2026-09-12T15:40:12.3951348Z info: downloading installer
checker-controls	Run leanprover/lean-action@96e06131c0e9943c780388fd166f55d1e2fa0433	2026-09-12T15:40:13.0332401Z info: downloading https://releases.lean-lang.org/lean4/v4.33.1/lean-4.33.1-linux.tar.zst
checker-controls	Run leanprover/lean-action@96e06131c0e9943c780388fd166f55d1e2fa0433	2026-09-12T15:40:15.9490430Z info: installing /home/runner/.elan/toolchains/leanprover--lean4---v4.33.1
checker-controls	Run leanprover/lean-action@96e06131c0e9943c780388fd166f55d1e2fa0433	2026-09-12T15:40:22.7530112Z Lean (version 4.33.1, x86_64-unknown-linux-gnu, commit 819816b2e0a3bf405af45ae5c7af2491d8f5bee6, Release)
checker-controls	Run leanprover/lean-action@96e06131c0e9943c780388fd166f55d1e2fa0433	2026-09-12T15:40:22.7945013Z Lake version 5.0.0-src+819816b (Lean version 4.33.1)
checker-controls	Run leanprover/lean-action@96e06131c0e9943c780388fd166f55d1e2fa0433	2026-09-12T15:40:22.7987816Z ##[endgroup]
checker-controls	Run leanprover/lean-action@96e06131c0e9943c780388fd166f55d1e2fa0433	2026-09-12T15:40:22.7988182Z 
checker-controls	Run leanprover/lean-action@96e06131c0e9943c780388fd166f55d1e2fa0433	2026-09-12T15:40:22.8014791Z ##[end-action id=__leanprover_lean-action.__run;outcome=success;conclusion=success;duration_ms=10494]
checker-controls	Run leanprover/lean-action@96e06131c0e9943c780388fd166f55d1e2fa0433	2026-09-12T15:40:22.8020800Z ##[start-action display=configure `lean-action`;id=__leanprover_lean-action.config]
checker-controls	Run leanprover/lean-action@96e06131c0e9943c780388fd166f55d1e2fa0433	2026-09-12T15:40:22.8039647Z ##[group]Run : Configure Lean Action
checker-controls	Run leanprover/lean-action@96e06131c0e9943c780388fd166f55d1e2fa0433	2026-09-12T15:40:22.8039968Z ^[[36;1m: Configure Lean Action^[[0m
checker-controls	Run leanprover/lean-action@96e06131c0e9943c780388fd166f55d1e2fa0433	2026-09-12T15:40:22.8040256Z ^[[36;1m${GITHUB_ACTION_PATH}/scripts/config.sh^[[0m
checker-controls	Run leanprover/lean-action@96e06131c0e9943c780388fd166f55d1e2fa0433	2026-09-12T15:40:22.8076941Z shell: /usr/bin/bash --noprofile --norc -e -o pipefail {0}
checker-controls	Run leanprover/lean-action@96e06131c0e9943c780388fd166f55d1e2fa0433	2026-09-12T15:40:22.8077294Z env:
checker-controls	Run leanprover/lean-action@96e06131c0e9943c780388fd166f55d1e2fa0433	2026-09-12T15:40:22.8077488Z   GOTOOLCHAIN: local
checker-controls	Run leanprover/lean-action@96e06131c0e9943c780388fd166f55d1e2fa0433	2026-09-12T15:40:22.8077708Z   AUTO_CONFIG: false
checker-controls	Run leanprover/lean-action@96e06131c0e9943c780388fd166f55d1e2fa0433	2026-09-12T15:40:22.8077910Z   BUILD: false
checker-controls	Run leanprover/lean-action@96e06131c0e9943c780388fd166f55d1e2fa0433	2026-09-12T15:40:22.8078100Z   TEST: false
checker-controls	Run leanprover/lean-action@96e06131c0e9943c780388fd166f55d1e2fa0433	2026-09-12T15:40:22.8078303Z   LINT: false
checker-controls	Run leanprover/lean-action@96e06131c0e9943c780388fd166f55d1e2fa0433	2026-09-12T15:40:22.8078506Z ##[endgroup]
checker-controls	Run leanprover/lean-action@96e06131c0e9943c780388fd166f55d1e2fa0433	2026-09-12T15:40:22.8479031Z ##[group]Configure lean-action
checker-controls	Run leanprover/lean-action@96e06131c0e9943c780388fd166f55d1e2fa0433	2026-09-12T15:40:22.8526750Z ##[end-action id=__leanprover_lean-action.config;outcome=success;conclusion=success;duration_ms=50]
checker-controls	Run leanprover/lean-action@96e06131c0e9943c780388fd166f55d1e2fa0433	2026-09-12T15:40:22.8531256Z ##[start-action display=reinstall transient toolchain;id=__leanprover_lean-action.__run_2]
checker-controls	Run leanprover/lean-action@96e06131c0e9943c780388fd166f55d1e2fa0433	2026-09-12T15:40:22.8537311Z ##[end-action id=__leanprover_lean-action.__run_2;outcome=skipped;conclusion=skipped;duration_ms=0]
checker-controls	Run leanprover/lean-action@96e06131c0e9943c780388fd166f55d1e2fa0433	2026-09-12T15:40:22.8540040Z ##[start-action display=ensure all files are imported;id=__leanprover_lean-action.mk_all]
checker-controls	Run leanprover/lean-action@96e06131c0e9943c780388fd166f55d1e2fa0433	2026-09-12T15:40:22.8544017Z ##[end-action id=__leanprover_lean-action.mk_all;outcome=skipped;conclusion=skipped;duration_ms=0]
checker-controls	Run leanprover/lean-action@96e06131c0e9943c780388fd166f55d1e2fa0433	2026-09-12T15:40:22.8545958Z ##[start-action display=Run actions/cache/restore@v5;id=__leanprover_lean-action.__actions_cache]
checker-controls	Run leanprover/lean-action@96e06131c0e9943c780388fd166f55d1e2fa0433	2026-09-12T15:40:22.8549406Z ##[end-action id=__leanprover_lean-action.__actions_cache;outcome=skipped;conclusion=skipped;duration_ms=0]
checker-controls	Run leanprover/lean-action@96e06131c0e9943c780388fd166f55d1e2fa0433	2026-09-12T15:40:22.8551540Z ##[start-action display=detect mathlib;id=__leanprover_lean-action.detect-mathlib]
checker-controls	Run leanprover/lean-action@96e06131c0e9943c780388fd166f55d1e2fa0433	2026-09-12T15:40:22.8555204Z ##[end-action id=__leanprover_lean-action.detect-mathlib;outcome=skipped;conclusion=skipped;duration_ms=0]
checker-controls	Run leanprover/lean-action@96e06131c0e9943c780388fd166f55d1e2fa0433	2026-09-12T15:40:22.8557047Z ##[start-action display=get mathlib cache;id=__leanprover_lean-action.__run_3]
checker-controls	Run leanprover/lean-action@96e06131c0e9943c780388fd166f55d1e2fa0433	2026-09-12T15:40:22.8573180Z ##[end-action id=__leanprover_lean-action.__run_3;outcome=skipped;conclusion=skipped;duration_ms=0]
checker-controls	Run leanprover/lean-action@96e06131c0e9943c780388fd166f55d1e2fa0433	2026-09-12T15:40:22.8599821Z ##[start-action display=build sgstepaniants/OpenProblemsInNLA;id=__leanprover_lean-action.build]
checker-controls	Run leanprover/lean-action@96e06131c0e9943c780388fd166f55d1e2fa0433	2026-09-12T15:40:22.8604522Z ##[end-action id=__leanprover_lean-action.build;outcome=skipped;conclusion=skipped;duration_ms=0]
checker-controls	Run leanprover/lean-action@96e06131c0e9943c780388fd166f55d1e2fa0433	2026-09-12T15:40:22.8606443Z ##[start-action display=Run actions/cache/save@v5;id=__leanprover_lean-action.__actions_cache_2]
checker-controls	Run leanprover/lean-action@96e06131c0e9943c780388fd166f55d1e2fa0433	2026-09-12T15:40:22.8609796Z ##[end-action id=__leanprover_lean-action.__actions_cache_2;outcome=skipped;conclusion=skipped;duration_ms=0]
checker-controls	Run leanprover/lean-action@96e06131c0e9943c780388fd166f55d1e2fa0433	2026-09-12T15:40:22.8613481Z ##[start-action display=test sgstepaniants/OpenProblemsInNLA;id=__leanprover_lean-action.test]
checker-controls	Run leanprover/lean-action@96e06131c0e9943c780388fd166f55d1e2fa0433	2026-09-12T15:40:22.8617881Z ##[end-action id=__leanprover_lean-action.test;outcome=skipped;conclusion=skipped;duration_ms=0]
checker-controls	Run leanprover/lean-action@96e06131c0e9943c780388fd166f55d1e2fa0433	2026-09-12T15:40:22.8620736Z ##[start-action display=lint sgstepaniants/OpenProblemsInNLA;id=__leanprover_lean-action.lint]
checker-controls	Run leanprover/lean-action@96e06131c0e9943c780388fd166f55d1e2fa0433	2026-09-12T15:40:22.8625174Z ##[end-action id=__leanprover_lean-action.lint;outcome=skipped;conclusion=skipped;duration_ms=0]
checker-controls	Run leanprover/lean-action@96e06131c0e9943c780388fd166f55d1e2fa0433	2026-09-12T15:40:22.8627034Z ##[start-action display=check reservoir eligibility;id=__leanprover_lean-action.__run_4]
checker-controls	Run leanprover/lean-action@96e06131c0e9943c780388fd166f55d1e2fa0433	2026-09-12T15:40:22.8630367Z ##[end-action id=__leanprover_lean-action.__run_4;outcome=skipped;conclusion=skipped;duration_ms=0]
checker-controls	Run leanprover/lean-action@96e06131c0e9943c780388fd166f55d1e2fa0433	2026-09-12T15:40:22.8633272Z ##[start-action display=check environment with leanchecker;id=__leanprover_lean-action.__run_5]
checker-controls	Run leanprover/lean-action@96e06131c0e9943c780388fd166f55d1e2fa0433	2026-09-12T15:40:22.8637904Z ##[end-action id=__leanprover_lean-action.__run_5;outcome=skipped;conclusion=skipped;duration_ms=0]
checker-controls	Run leanprover/lean-action@96e06131c0e9943c780388fd166f55d1e2fa0433	2026-09-12T15:40:22.8640200Z ##[start-action display=check environment with nanoda;id=__leanprover_lean-action.nanoda]
checker-controls	Run leanprover/lean-action@96e06131c0e9943c780388fd166f55d1e2fa0433	2026-09-12T15:40:22.8643931Z ##[end-action id=__leanprover_lean-action.nanoda;outcome=skipped;conclusion=skipped;duration_ms=0]
checker-controls	Run leanprover/lean-action@96e06131c0e9943c780388fd166f55d1e2fa0433	2026-09-12T15:40:22.8646337Z ##[start-action display=audit axioms with axiom-audit;id=__leanprover_lean-action.axiom-audit]
checker-controls	Run leanprover/lean-action@96e06131c0e9943c780388fd166f55d1e2fa0433	2026-09-12T15:40:22.8649652Z ##[end-action id=__leanprover_lean-action.axiom-audit;outcome=skipped;conclusion=skipped;duration_ms=0]
checker-controls	Prepare unprivileged Linux isolation	﻿2026-09-12T15:40:22.8699240Z ##[group]Run sudo apt-get update
checker-controls	Prepare unprivileged Linux isolation	2026-09-12T15:40:22.8699580Z ^[[36;1msudo apt-get update^[[0m
checker-controls	Prepare unprivileged Linux isolation	2026-09-12T15:40:22.8699910Z ^[[36;1msudo apt-get install -y bubblewrap dbus-user-session^[[0m
checker-controls	Prepare unprivileged Linux isolation	2026-09-12T15:40:22.8700362Z ^[[36;1msudo sysctl -w kernel.apparmor_restrict_unprivileged_userns=0^[[0m
checker-controls	Prepare unprivileged Linux isolation	2026-09-12T15:40:22.8700769Z ^[[36;1msudo loginctl enable-linger "$(id -un)"^[[0m
checker-controls	Prepare unprivileged Linux isolation	2026-09-12T15:40:22.8701109Z ^[[36;1msudo systemctl start "user@$(id -u).service"^[[0m
checker-controls	Prepare unprivileged Linux isolation	2026-09-12T15:40:22.8701489Z ^[[36;1mecho "XDG_RUNTIME_DIR=/run/user/$(id -u)" >> "$GITHUB_ENV"^[[0m
checker-controls	Prepare unprivileged Linux isolation	2026-09-12T15:40:22.8702013Z ^[[36;1mecho "DBUS_SESSION_BUS_ADDRESS=unix:path=/run/user/$(id -u)/bus" >> "$GITHUB_ENV"^[[0m
checker-controls	Prepare unprivileged Linux isolation	2026-09-12T15:40:22.8736066Z shell: /usr/bin/bash -e {0}
checker-controls	Prepare unprivileged Linux isolation	2026-09-12T15:40:22.8736370Z env:
checker-controls	Prepare unprivileged Linux isolation	2026-09-12T15:40:22.8736557Z   GOTOOLCHAIN: local
checker-controls	Prepare unprivileged Linux isolation	2026-09-12T15:40:22.8736770Z ##[endgroup]
checker-controls	Prepare unprivileged Linux isolation	2026-09-12T15:40:23.2525967Z Get:1 file:/etc/apt/apt-mirrors.txt Mirrorlist [144 B]
checker-controls	Prepare unprivileged Linux isolation	2026-09-12T15:40:23.2832978Z Hit:2 http://azure.archive.ubuntu.com/ubuntu noble InRelease
checker-controls	Prepare unprivileged Linux isolation	2026-09-12T15:40:23.2844535Z Get:6 https://packages.microsoft.com/ubuntu/24.04/prod noble InRelease [3600 B]
checker-controls	Prepare unprivileged Linux isolation	2026-09-12T15:40:23.2847868Z Get:3 http://azure.archive.ubuntu.com/ubuntu noble-updates InRelease [126 kB]
checker-controls	Prepare unprivileged Linux isolation	2026-09-12T15:40:23.2887481Z Get:4 http://azure.archive.ubuntu.com/ubuntu noble-backports InRelease [126 kB]
checker-controls	Prepare unprivileged Linux isolation	2026-09-12T15:40:23.2896941Z Get:5 http://azure.archive.ubuntu.com/ubuntu noble-security InRelease [126 kB]
checker-controls	Prepare unprivileged Linux isolation	2026-09-12T15:40:23.3474431Z Get:7 https://dl.google.com/linux/chrome-stable/deb stable InRelease [2548 B]
checker-controls	Prepare unprivileged Linux isolation	2026-09-12T15:40:23.4266798Z Get:8 https://packages.microsoft.com/ubuntu/24.04/prod noble/main arm64 Packages [414 kB]
checker-controls	Prepare unprivileged Linux isolation	2026-09-12T15:40:23.4417976Z Get:9 https://packages.microsoft.com/ubuntu/24.04/prod noble/main amd64 Packages [463 kB]
checker-controls	Prepare unprivileged Linux isolation	2026-09-12T15:40:23.4874676Z Get:10 http://azure.archive.ubuntu.com/ubuntu noble-updates/main amd64 Packages [1263 kB]
checker-controls	Prepare unprivileged Linux isolation	2026-09-12T15:40:23.4956593Z Get:11 http://azure.archive.ubuntu.com/ubuntu noble-updates/main Translation-en [292 kB]
checker-controls	Prepare unprivileged Linux isolation	2026-09-12T15:40:23.4983739Z Get:12 http://azure.archive.ubuntu.com/ubuntu noble-updates/main amd64 Components [180 kB]
checker-controls	Prepare unprivileged Linux isolation	2026-09-12T15:40:23.4985393Z Get:13 http://azure.archive.ubuntu.com/ubuntu noble-updates/universe amd64 Packages [1690 kB]
checker-controls	Prepare unprivileged Linux isolation	2026-09-12T15:40:23.5103994Z Get:14 http://azure.archive.ubuntu.com/ubuntu noble-updates/universe amd64 Components [388 kB]
checker-controls	Prepare unprivileged Linux isolation	2026-09-12T15:40:23.5115582Z Get:15 http://azure.archive.ubuntu.com/ubuntu noble-updates/restricted amd64 Packages [1544 kB]
checker-controls	Prepare unprivileged Linux isolation	2026-09-12T15:40:23.5220834Z Get:16 http://azure.archive.ubuntu.com/ubuntu noble-updates/restricted Translation-en [354 kB]
checker-controls	Prepare unprivileged Linux isolation	2026-09-12T15:40:23.5227433Z Get:17 http://azure.archive.ubuntu.com/ubuntu noble-updates/multiverse amd64 Components [940 B]
checker-controls	Prepare unprivileged Linux isolation	2026-09-12T15:40:23.5449563Z Get:18 http://azure.archive.ubuntu.com/ubuntu noble-backports/main amd64 Components [5748 B]
checker-controls	Prepare unprivileged Linux isolation	2026-09-12T15:40:23.5459156Z Get:19 http://azure.archive.ubuntu.com/ubuntu noble-backports/universe amd64 Components [12.6 kB]
checker-controls	Prepare unprivileged Linux isolation	2026-09-12T15:40:23.6394772Z Get:20 http://azure.archive.ubuntu.com/ubuntu noble-security/main amd64 Packages [1006 kB]
checker-controls	Prepare unprivileged Linux isolation	2026-09-12T15:40:23.6452142Z Get:21 http://azure.archive.ubuntu.com/ubuntu noble-security/main Translation-en [213 kB]
checker-controls	Prepare unprivileged Linux isolation	2026-09-12T15:40:23.6469066Z Get:22 http://azure.archive.ubuntu.com/ubuntu noble-security/main amd64 Components [46.4 kB]
checker-controls	Prepare unprivileged Linux isolation	2026-09-12T15:40:23.6481144Z Get:23 http://azure.archive.ubuntu.com/ubuntu noble-security/universe amd64 Packages [1206 kB]
checker-controls	Prepare unprivileged Linux isolation	2026-09-12T15:40:23.6544136Z Get:24 http://azure.archive.ubuntu.com/ubuntu noble-security/universe amd64 Components [76.3 kB]
checker-controls	Prepare unprivileged Linux isolation	2026-09-12T15:40:23.6567582Z Get:25 http://azure.archive.ubuntu.com/ubuntu noble-security/restricted amd64 Packages [1445 kB]
checker-controls	Prepare unprivileged Linux isolation	2026-09-12T15:40:23.6631421Z Get:26 http://azure.archive.ubuntu.com/ubuntu noble-security/restricted Translation-en [336 kB]
checker-controls	Prepare unprivileged Linux isolation	2026-09-12T15:40:23.6788065Z Get:27 https://dl.google.com/linux/chrome-stable/deb stable/main amd64 Packages [1409 B]
checker-controls	Prepare unprivileged Linux isolation	2026-09-12T15:40:28.7006192Z Fetched 11.3 MB in 1s (8755 kB/s)
checker-controls	Prepare unprivileged Linux isolation	2026-09-12T15:40:29.4772229Z Reading package lists...
checker-controls	Prepare unprivileged Linux isolation	2026-09-12T15:40:29.5076288Z Reading package lists...
checker-controls	Prepare unprivileged Linux isolation	2026-09-12T15:40:29.6599512Z Building dependency tree...
checker-controls	Prepare unprivileged Linux isolation	2026-09-12T15:40:29.6606478Z Reading state information...
checker-controls	Prepare unprivileged Linux isolation	2026-09-12T15:40:29.8045794Z dbus-user-session is already the newest version (1.14.10-4ubuntu4.1).
checker-controls	Prepare unprivileged Linux isolation	2026-09-12T15:40:29.8046304Z dbus-user-session set to manually installed.
checker-controls	Prepare unprivileged Linux isolation	2026-09-12T15:40:29.8046653Z The following NEW packages will be installed:
checker-controls	Prepare unprivileged Linux isolation	2026-09-12T15:40:29.8063335Z   bubblewrap
checker-controls	Prepare unprivileged Linux isolation	2026-09-12T15:40:29.8214989Z 0 upgraded, 1 newly installed, 0 to remove and 50 not upgraded.
checker-controls	Prepare unprivileged Linux isolation	2026-09-12T15:40:29.8215852Z Need to get 50.2 kB of archives.
checker-controls	Prepare unprivileged Linux isolation	2026-09-12T15:40:29.8216608Z After this operation, 133 kB of additional disk space will be used.
checker-controls	Prepare unprivileged Linux isolation	2026-09-12T15:40:29.8217524Z Get:1 file:/etc/apt/apt-mirrors.txt Mirrorlist [144 B]
checker-controls	Prepare unprivileged Linux isolation	2026-09-12T15:40:29.8957630Z Get:2 http://azure.archive.ubuntu.com/ubuntu noble-updates/main amd64 bubblewrap amd64 0.9.0-1ubuntu0.1 [50.2 kB]
checker-controls	Prepare unprivileged Linux isolation	2026-09-12T15:40:30.1342134Z Fetched 50.2 kB in 0s (591 kB/s)
checker-controls	Prepare unprivileged Linux isolation	2026-09-12T15:40:30.1560920Z Selecting previously unselected package bubblewrap.
checker-controls	Prepare unprivileged Linux isolation	2026-09-12T15:40:30.1843211Z (Reading database ... 
checker-controls	Prepare unprivileged Linux isolation	2026-09-12T15:40:30.1844115Z (Reading database ... 5%
checker-controls	Prepare unprivileged Linux isolation	2026-09-12T15:40:30.1844522Z (Reading database ... 10%
checker-controls	Prepare unprivileged Linux isolation	2026-09-12T15:40:30.1844804Z (Reading database ... 15%
checker-controls	Prepare unprivileged Linux isolation	2026-09-12T15:40:30.1845064Z (Reading database ... 20%
checker-controls	Prepare unprivileged Linux isolation	2026-09-12T15:40:30.1845317Z (Reading database ... 25%
checker-controls	Prepare unprivileged Linux isolation	2026-09-12T15:40:30.1845557Z (Reading database ... 30%
checker-controls	Prepare unprivileged Linux isolation	2026-09-12T15:40:30.1845793Z (Reading database ... 35%
checker-controls	Prepare unprivileged Linux isolation	2026-09-12T15:40:30.1846055Z (Reading database ... 40%
checker-controls	Prepare unprivileged Linux isolation	2026-09-12T15:40:30.1846295Z (Reading database ... 45%
checker-controls	Prepare unprivileged Linux isolation	2026-09-12T15:40:30.1846531Z (Reading database ... 50%
checker-controls	Prepare unprivileged Linux isolation	2026-09-12T15:40:30.1889509Z (Reading database ... 55%
checker-controls	Prepare unprivileged Linux isolation	2026-09-12T15:40:30.3024400Z (Reading database ... 60%
checker-controls	Prepare unprivileged Linux isolation	2026-09-12T15:40:30.4975191Z (Reading database ... 65%
checker-controls	Prepare unprivileged Linux isolation	2026-09-12T15:40:30.6548712Z (Reading database ... 70%
checker-controls	Prepare unprivileged Linux isolation	2026-09-12T15:40:30.8444037Z (Reading database ... 75%
checker-controls	Prepare unprivileged Linux isolation	2026-09-12T15:40:31.0690814Z (Reading database ... 80%
checker-controls	Prepare unprivileged Linux isolation	2026-09-12T15:40:31.2427808Z (Reading database ... 85%
checker-controls	Prepare unprivileged Linux isolation	2026-09-12T15:40:31.4939799Z (Reading database ... 90%
checker-controls	Prepare unprivileged Linux isolation	2026-09-12T15:40:31.7059701Z (Reading database ... 95%
checker-controls	Prepare unprivileged Linux isolation	2026-09-12T15:40:31.7060230Z (Reading database ... 100%
checker-controls	Prepare unprivileged Linux isolation	2026-09-12T15:40:31.7060860Z (Reading database ... 201818 files and directories currently installed.)
checker-controls	Prepare unprivileged Linux isolation	2026-09-12T15:40:31.7100832Z Preparing to unpack .../bubblewrap_0.9.0-1ubuntu0.1_amd64.deb ...
checker-controls	Prepare unprivileged Linux isolation	2026-09-12T15:40:31.7128326Z Unpacking bubblewrap (0.9.0-1ubuntu0.1) ...
checker-controls	Prepare unprivileged Linux isolation	2026-09-12T15:40:31.7538491Z Setting up bubblewrap (0.9.0-1ubuntu0.1) ...
checker-controls	Prepare unprivileged Linux isolation	2026-09-12T15:40:31.7585935Z Processing triggers for man-db (2.12.0-4build2) ...
checker-controls	Prepare unprivileged Linux isolation	2026-09-12T15:40:31.7606163Z Not building database; man-db/auto-update is not 'true'.
checker-controls	Prepare unprivileged Linux isolation	2026-09-12T15:40:32.3726689Z 
checker-controls	Prepare unprivileged Linux isolation	2026-09-12T15:40:32.3727400Z Running kernel seems to be up-to-date.
checker-controls	Prepare unprivileged Linux isolation	2026-09-12T15:40:32.3727675Z 
checker-controls	Prepare unprivileged Linux isolation	2026-09-12T15:40:32.3727805Z No services need to be restarted.
checker-controls	Prepare unprivileged Linux isolation	2026-09-12T15:40:32.3728083Z 
checker-controls	Prepare unprivileged Linux isolation	2026-09-12T15:40:32.3728282Z No containers need to be restarted.
checker-controls	Prepare unprivileged Linux isolation	2026-09-12T15:40:32.3728635Z 
checker-controls	Prepare unprivileged Linux isolation	2026-09-12T15:40:32.3728880Z No user sessions are running outdated binaries.
checker-controls	Prepare unprivileged Linux isolation	2026-09-12T15:40:32.3729285Z 
checker-controls	Prepare unprivileged Linux isolation	2026-09-12T15:40:32.3729662Z No VM guests are running outdated hypervisor (qemu) binaries on this host.
checker-controls	Prepare unprivileged Linux isolation	2026-09-12T15:40:33.1673997Z kernel.apparmor_restrict_unprivileged_userns = 0
checker-controls	Build pinned checker and run rejection controls	﻿2026-09-12T15:40:33.1989775Z ##[group]Run ulimit -n 65536
checker-controls	Build pinned checker and run rejection controls	2026-09-12T15:40:33.1990103Z ^[[36;1mulimit -n 65536^[[0m
checker-controls	Build pinned checker and run rejection controls	2026-09-12T15:40:33.1990416Z ^[[36;1mtools/lean/bootstrap.sh "$RUNNER_TEMP/nla-lean-tools"^[[0m
checker-controls	Build pinned checker and run rejection controls	2026-09-12T15:40:33.1991000Z ^[[36;1mtools/lean/selftest.sh "$RUNNER_TEMP/nla-lean-tools"^[[0m
checker-controls	Build pinned checker and run rejection controls	2026-09-12T15:40:33.2027776Z shell: /usr/bin/bash -e {0}
checker-controls	Build pinned checker and run rejection controls	2026-09-12T15:40:33.2028042Z env:
checker-controls	Build pinned checker and run rejection controls	2026-09-12T15:40:33.2028233Z   GOTOOLCHAIN: local
checker-controls	Build pinned checker and run rejection controls	2026-09-12T15:40:33.2028464Z   XDG_RUNTIME_DIR: /run/user/1001
checker-controls	Build pinned checker and run rejection controls	2026-09-12T15:40:33.2028781Z   DBUS_SESSION_BUS_ADDRESS: unix:path=/run/user/1001/bus
checker-controls	Build pinned checker and run rejection controls	2026-09-12T15:40:33.2029097Z ##[endgroup]
checker-controls	Build pinned checker and run rejection controls	2026-09-12T15:40:34.2163554Z Running elan toolchain install leanprover/lean4:v4.33.1
checker-controls	Build pinned checker and run rejection controls	2026-09-12T15:40:34.2164580Z Log: /home/runner/work/_temp/nla-lean-tools/logs/bootstrap/elan.log
checker-controls	Build pinned checker and run rejection controls	2026-09-12T15:40:34.2183769Z info: toolchain 'leanprover/lean4:v4.33.1' is already installed
checker-controls	Build pinned checker and run rejection controls	2026-09-12T15:40:34.3157155Z Running go build -mod=readonly -buildvcs=false -o /home/runner/work/_temp/nla-lean-tools/.tools/bin/landrun ./cmd/landrun
checker-controls	Build pinned checker and run rejection controls	2026-09-12T15:40:34.3158379Z Log: /home/runner/work/_temp/nla-lean-tools/logs/bootstrap/landrun-build.log
checker-controls	Build pinned checker and run rejection controls	2026-09-12T15:40:34.3201234Z go: downloading github.com/urfave/cli/v3 v3.6.2
checker-controls	Build pinned checker and run rejection controls	2026-09-12T15:40:34.3348573Z go: downloading github.com/landlock-lsm/go-landlock v0.9.0
checker-controls	Build pinned checker and run rejection controls	2026-09-12T15:40:34.4093263Z go: downloading golang.org/x/sys v0.40.0
checker-controls	Build pinned checker and run rejection controls	2026-09-12T15:40:34.4094339Z go: downloading kernel.org/pub/linux/libs/security/libcap/psx v1.2.77
checker-controls	Build pinned checker and run rejection controls	2026-09-12T15:40:43.1090717Z Running lake build lean4export comparator
checker-controls	Build pinned checker and run rejection controls	2026-09-12T15:40:43.1091636Z Log: /home/runner/work/_temp/nla-lean-tools/logs/bootstrap/comparator-build.log
checker-controls	Build pinned checker and run rejection controls	2026-09-12T15:40:43.6523728Z ✔ [3/20] Built Comparator.Util (402ms)
checker-controls	Build pinned checker and run rejection controls	2026-09-12T15:40:43.8502226Z ✔ [4/20] Built Comparator.Util:c.o (260ms)
checker-controls	Build pinned checker and run rejection controls	2026-09-12T15:40:45.0525988Z ✔ [5/20] Built Export.Parse (1.9s)
checker-controls	Build pinned checker and run rejection controls	2026-09-12T15:40:45.5563958Z ✔ [6/20] Built Comparator.Axioms (485ms)
checker-controls	Build pinned checker and run rejection controls	2026-09-12T15:40:46.1544011Z ✔ [7/20] Built Comparator.Axioms:c.o (578ms)
checker-controls	Build pinned checker and run rejection controls	2026-09-12T15:40:46.4544185Z ✔ [8/20] Built Export (3.2s)
checker-controls	Build pinned checker and run rejection controls	2026-09-12T15:40:46.4570959Z ✔ [9/20] Built Comparator.Compare (874ms)
checker-controls	Build pinned checker and run rejection controls	2026-09-12T15:40:47.2597705Z ✔ [10/20] Built Comparator.Compare:c.o (776ms)
checker-controls	Build pinned checker and run rejection controls	2026-09-12T15:40:47.6568515Z ✔ [11/20] Built Comparator (414ms)
checker-controls	Build pinned checker and run rejection controls	2026-09-12T15:40:47.7604060Z ✔ [12/20] Built Comparator:c.o (112ms)
checker-controls	Build pinned checker and run rejection controls	2026-09-12T15:40:47.9604066Z ✔ [13/20] Built Main (1.5s)
checker-controls	Build pinned checker and run rejection controls	2026-09-12T15:40:48.2605347Z ✔ [14/20] Built Main:c.o (341ms)
checker-controls	Build pinned checker and run rejection controls	2026-09-12T15:40:49.9649889Z ✔ [15/20] Built Main (2.2s)
checker-controls	Build pinned checker and run rejection controls	2026-09-12T15:40:50.0655019Z ✔ [16/20] Built Export:c.o (3.7s)
checker-controls	Build pinned checker and run rejection controls	2026-09-12T15:40:51.1719379Z ✔ [17/20] Built Export.Parse:c.o (6.1s)
checker-controls	Build pinned checker and run rejection controls	2026-09-12T15:40:51.2720096Z ✔ [18/20] Built lean4export:exe (1.2s)
checker-controls	Build pinned checker and run rejection controls	2026-09-12T15:40:51.4722535Z ✔ [19/20] Built Main:c.o (1.5s)
checker-controls	Build pinned checker and run rejection controls	2026-09-12T15:40:52.1729843Z ✔ [20/20] Built comparator:exe (691ms)
checker-controls	Build pinned checker and run rejection controls	2026-09-12T15:40:52.1735959Z Build completed successfully (20 jobs).
checker-controls	Build pinned checker and run rejection controls	2026-09-12T15:40:52.4617150Z Tools built; isolation and checker controls run during verify. Receipt: /home/runner/work/_temp/nla-lean-tools/bootstrap.json
checker-controls	Build pinned checker and run rejection controls	2026-09-12T15:40:52.8605020Z Running /usr/bin/timeout --kill-after=5s 45s systemd-run -p RuntimeMaxSec=40 --user --quiet --wait --pipe --collect -p 'RestrictAddressFamilies=~AF_UNIX' --working-directory /home/runner/work/_temp/nla-lean-tools /usr/bin/env -i PATH=/home/runner/.elan/toolchains/leanprover--lean4---v4.33.1/bin:/home/runner/.elan/bin:/home/runner/go/bin:/opt/hostedtoolcache/go/1.27.1/x64/bin:/snap/bin:/home/runner/.local/bin:/opt/pipx_bin:/home/runner/.cargo/bin:/home/runner/.config/composer/vendor/bin:/usr/local/.ghcup/bin:/home/runner/.dotnet/tools:/usr/local/sbin:/usr/local/bin:/usr/sbin:/usr/bin:/sbin:/bin:/usr/games:/usr/local/games:/snap/bin HOME=/home/runner LANG=C.UTF-8 XDG_RUNTIME_DIR=/run/user/1001 DBUS_SESSION_BUS_ADDRESS=unix:path=/run/user/1001/bus GIT_TERMINAL_PROMPT=0 GIT_CONFIG_NOSYSTEM=1 GIT_CONFIG_GLOBAL=/dev/null COMPARATOR_BIN=/home/runner/work/_temp/nla-lean-tools/.tools/comparator/.lake/build/bin/comparator COMPARATOR_LEAN4EXPORT=/home/runner/work/_temp/nla-lean-tools/.tools/lean4export/.lake/build/bin/lean4export COMPARATOR_LANDRUN=/home/runner/work/_temp/nla-lean-tools/scripts/strict_landrun.py XDG_CACHE_HOME=/home/runner/work/_temp/nla-lean-tools/.tools/cache TMPDIR=/home/runner/work/_temp/nla-lean-tools/.verification-tmp /usr/bin/true
checker-controls	Build pinned checker and run rejection controls	2026-09-12T15:40:52.8612473Z Log: /home/runner/work/_temp/nla-lean-tools/logs/selftest-20260912T154052Z-4184/user-service.log
checker-controls	Build pinned checker and run rejection controls	2026-09-12T15:40:52.8969239Z Running python3 /home/runner/work/_temp/nla-lean-tools/reproduction/checks/sandbox_probe_ci.py
checker-controls	Build pinned checker and run rejection controls	2026-09-12T15:40:52.8969956Z Log: /home/runner/work/_temp/nla-lean-tools/logs/selftest-20260912T154052Z-4184/sandbox.log
checker-controls	Build pinned checker and run rejection controls	2026-09-12T15:40:52.9297811Z START sandbox mode: build
checker-controls	Build pinned checker and run rejection controls	2026-09-12T15:40:53.0198188Z START sandbox mode: export
checker-controls	Build pinned checker and run rejection controls	2026-09-12T15:40:53.1027167Z START sandbox negative case: unknown option
checker-controls	Build pinned checker and run rejection controls	2026-09-12T15:40:53.1432303Z START sandbox negative case: unexpected --rw
checker-controls	Build pinned checker and run rejection controls	2026-09-12T15:40:53.1864807Z START sandbox negative case: unexpected --rwx
checker-controls	Build pinned checker and run rejection controls	2026-09-12T15:40:53.2311337Z START sandbox negative case: relative --rwx
checker-controls	Build pinned checker and run rejection controls	2026-09-12T15:40:53.2729321Z MODE build: exit=0
checker-controls	Build pinned checker and run rejection controls	2026-09-12T15:40:53.2730202Z Running as unit: run-u2.service; invocation ID: 3ab434ea7aab459ebd75addc7f1dce99
checker-controls	Build pinned checker and run rejection controls	2026-09-12T15:40:53.2731159Z PASS outside .lake write-open: denied errno=30
checker-controls	Build pinned checker and run rejection controls	2026-09-12T15:40:53.2731865Z PASS outside .lake truncate: denied errno=30
checker-controls	Build pinned checker and run rejection controls	2026-09-12T15:40:53.2732614Z PASS outside .lake read-only truncate-open: denied errno=30
checker-controls	Build pinned checker and run rejection controls	2026-09-12T15:40:53.2733692Z PASS symlink from .lake to outside write: denied errno=30
checker-controls	Build pinned checker and run rejection controls	2026-09-12T15:40:53.2734276Z PASS outside .lake creation: denied errno=30
checker-controls	Build pinned checker and run rejection controls	2026-09-12T15:40:53.2734667Z PASS build .lake write: allowed
checker-controls	Build pinned checker and run rejection controls	2026-09-12T15:40:53.2734978Z PASS user namespace: private
checker-controls	Build pinned checker and run rejection controls	2026-09-12T15:40:53.2735277Z PASS pid namespace: private
checker-controls	Build pinned checker and run rejection controls	2026-09-12T15:40:53.2735575Z PASS mnt namespace: private
checker-controls	Build pinned checker and run rejection controls	2026-09-12T15:40:53.2735876Z PASS net namespace: private
checker-controls	Build pinned checker and run rejection controls	2026-09-12T15:40:53.2736159Z PASS ipc namespace: private
checker-controls	Build pinned checker and run rejection controls	2026-09-12T15:40:53.2736436Z PASS uts namespace: private
checker-controls	Build pinned checker and run rejection controls	2026-09-12T15:40:53.2736770Z PASS host parent: absent from private /proc
checker-controls	Build pinned checker and run rejection controls	2026-09-12T15:40:53.2737181Z PASS host parent signal lookup: denied errno=3
checker-controls	Build pinned checker and run rejection controls	2026-09-12T15:40:53.2737577Z PASS host loopback listener: unreachable errno=13
checker-controls	Build pinned checker and run rejection controls	2026-09-12T15:40:53.2737984Z PASS AF_UNIX socket creation: denied errno=97
checker-controls	Build pinned checker and run rejection controls	2026-09-12T15:40:53.2738344Z PASS effective capabilities: none
checker-controls	Build pinned checker and run rejection controls	2026-09-12T15:40:53.2738620Z PASS no_new_privs: set
checker-controls	Build pinned checker and run rejection controls	2026-09-12T15:40:53.2738889Z Sandbox UID: 1001
checker-controls	Build pinned checker and run rejection controls	2026-09-12T15:40:53.2739164Z PASS nested namespace write attempt: rejected exit=1
checker-controls	Build pinned checker and run rejection controls	2026-09-12T15:40:53.2739563Z bwrap: setting up uid map: Permission denied
checker-controls	Build pinned checker and run rejection controls	2026-09-12T15:40:53.2739909Z Finished with result: success
checker-controls	Build pinned checker and run rejection controls	2026-09-12T15:40:53.2740211Z Main processes terminated with: code=exited/status=0
checker-controls	Build pinned checker and run rejection controls	2026-09-12T15:40:53.2740564Z Service runtime: 70ms
checker-controls	Build pinned checker and run rejection controls	2026-09-12T15:40:53.2741213Z CPU time consumed: 71ms
checker-controls	Build pinned checker and run rejection controls	2026-09-12T15:40:53.2741608Z Memory peak: 256.0K
checker-controls	Build pinned checker and run rejection controls	2026-09-12T15:40:53.2741969Z Memory swap peak: 0B
checker-controls	Build pinned checker and run rejection controls	2026-09-12T15:40:53.2742191Z 
checker-controls	Build pinned checker and run rejection controls	2026-09-12T15:40:53.2742340Z MODE export: exit=0
checker-controls	Build pinned checker and run rejection controls	2026-09-12T15:40:53.2743041Z Running as unit: run-u3.service; invocation ID: 56e98ab8ee9246f6874a20b2a4005d9e
checker-controls	Build pinned checker and run rejection controls	2026-09-12T15:40:53.2743515Z PASS outside .lake write-open: denied errno=30
checker-controls	Build pinned checker and run rejection controls	2026-09-12T15:40:53.2743856Z PASS outside .lake truncate: denied errno=30
checker-controls	Build pinned checker and run rejection controls	2026-09-12T15:40:53.2744233Z PASS outside .lake read-only truncate-open: denied errno=30
checker-controls	Build pinned checker and run rejection controls	2026-09-12T15:40:53.2744649Z PASS symlink from .lake to outside write: denied errno=30
checker-controls	Build pinned checker and run rejection controls	2026-09-12T15:40:53.2745010Z PASS outside .lake creation: denied errno=30
checker-controls	Build pinned checker and run rejection controls	2026-09-12T15:40:53.2745329Z PASS export .lake write-open: denied errno=30
checker-controls	Build pinned checker and run rejection controls	2026-09-12T15:40:53.2745645Z PASS export .lake truncate: denied errno=30
checker-controls	Build pinned checker and run rejection controls	2026-09-12T15:40:53.2745954Z PASS user namespace: private
checker-controls	Build pinned checker and run rejection controls	2026-09-12T15:40:53.2746217Z PASS pid namespace: private
checker-controls	Build pinned checker and run rejection controls	2026-09-12T15:40:53.2746459Z PASS mnt namespace: private
checker-controls	Build pinned checker and run rejection controls	2026-09-12T15:40:53.2746694Z PASS net namespace: private
checker-controls	Build pinned checker and run rejection controls	2026-09-12T15:40:53.2746928Z PASS ipc namespace: private
checker-controls	Build pinned checker and run rejection controls	2026-09-12T15:40:53.2747169Z PASS uts namespace: private
checker-controls	Build pinned checker and run rejection controls	2026-09-12T15:40:53.2747431Z PASS host parent: absent from private /proc
checker-controls	Build pinned checker and run rejection controls	2026-09-12T15:40:53.2748077Z PASS host parent signal lookup: denied errno=3
checker-controls	Build pinned checker and run rejection controls	2026-09-12T15:40:53.2748420Z PASS host loopback listener: unreachable errno=13
checker-controls	Build pinned checker and run rejection controls	2026-09-12T15:40:53.2748891Z PASS AF_UNIX socket creation: denied errno=97
checker-controls	Build pinned checker and run rejection controls	2026-09-12T15:40:53.2749205Z PASS effective capabilities: none
checker-controls	Build pinned checker and run rejection controls	2026-09-12T15:40:53.2749466Z PASS no_new_privs: set
checker-controls	Build pinned checker and run rejection controls	2026-09-12T15:40:53.2749684Z Sandbox UID: 1001
checker-controls	Build pinned checker and run rejection controls	2026-09-12T15:40:53.2749942Z PASS nested namespace write attempt: rejected exit=1
checker-controls	Build pinned checker and run rejection controls	2026-09-12T15:40:53.2750282Z bwrap: setting up uid map: Permission denied
checker-controls	Build pinned checker and run rejection controls	2026-09-12T15:40:53.2750581Z Finished with result: success
checker-controls	Build pinned checker and run rejection controls	2026-09-12T15:40:53.2750874Z Main processes terminated with: code=exited/status=0
checker-controls	Build pinned checker and run rejection controls	2026-09-12T15:40:53.2751183Z Service runtime: 70ms
checker-controls	Build pinned checker and run rejection controls	2026-09-12T15:40:53.2751402Z CPU time consumed: 71ms
checker-controls	Build pinned checker and run rejection controls	2026-09-12T15:40:53.2751625Z Memory peak: 256.0K
checker-controls	Build pinned checker and run rejection controls	2026-09-12T15:40:53.2751838Z Memory swap peak: 0B
checker-controls	Build pinned checker and run rejection controls	2026-09-12T15:40:53.2751968Z 
checker-controls	Build pinned checker and run rejection controls	2026-09-12T15:40:53.2752078Z NEGATIVE unknown option: exit=2
checker-controls	Build pinned checker and run rejection controls	2026-09-12T15:40:53.2752472Z Running as unit: run-u4.service; invocation ID: 5b32448dd1a1455caca78776d6b56ff9
checker-controls	Build pinned checker and run rejection controls	2026-09-12T15:40:53.2753340Z strict Comparator sandbox: unsupported Comparator Landrun option: --unrestricted-filesystem
checker-controls	Build pinned checker and run rejection controls	2026-09-12T15:40:53.2753838Z Finished with result: exit-code
checker-controls	Build pinned checker and run rejection controls	2026-09-12T15:40:53.2754137Z Main processes terminated with: code=exited/status=2
checker-controls	Build pinned checker and run rejection controls	2026-09-12T15:40:53.2754447Z Service runtime: 26ms
checker-controls	Build pinned checker and run rejection controls	2026-09-12T15:40:53.2754670Z CPU time consumed: 26ms
checker-controls	Build pinned checker and run rejection controls	2026-09-12T15:40:53.2754888Z Memory peak: 256.0K
checker-controls	Build pinned checker and run rejection controls	2026-09-12T15:40:53.2755095Z Memory swap peak: 0B
checker-controls	Build pinned checker and run rejection controls	2026-09-12T15:40:53.2755228Z 
checker-controls	Build pinned checker and run rejection controls	2026-09-12T15:40:53.2755336Z NEGATIVE unexpected --rw: exit=2
checker-controls	Build pinned checker and run rejection controls	2026-09-12T15:40:53.2755734Z Running as unit: run-u5.service; invocation ID: 110f9a5ad59c4743a22b19df18d6d999
checker-controls	Build pinned checker and run rejection controls	2026-09-12T15:40:53.2756247Z strict Comparator sandbox: only private /dev may be passed with --rw
checker-controls	Build pinned checker and run rejection controls	2026-09-12T15:40:53.2756631Z Finished with result: exit-code
checker-controls	Build pinned checker and run rejection controls	2026-09-12T15:40:53.2756927Z Main processes terminated with: code=exited/status=2
checker-controls	Build pinned checker and run rejection controls	2026-09-12T15:40:53.2757242Z Service runtime: 26ms
checker-controls	Build pinned checker and run rejection controls	2026-09-12T15:40:53.2757464Z CPU time consumed: 25ms
checker-controls	Build pinned checker and run rejection controls	2026-09-12T15:40:53.2757679Z Memory peak: 256.0K
checker-controls	Build pinned checker and run rejection controls	2026-09-12T15:40:53.2757883Z Memory swap peak: 0B
checker-controls	Build pinned checker and run rejection controls	2026-09-12T15:40:53.2758015Z 
checker-controls	Build pinned checker and run rejection controls	2026-09-12T15:40:53.2758119Z NEGATIVE unexpected --rwx: exit=2
checker-controls	Build pinned checker and run rejection controls	2026-09-12T15:40:53.2758518Z Running as unit: run-u6.service; invocation ID: 54a5e1ce16ef47279ce2220328475923
checker-controls	Build pinned checker and run rejection controls	2026-09-12T15:40:53.2759050Z strict Comparator sandbox: only this project's existing .lake may be writable
checker-controls	Build pinned checker and run rejection controls	2026-09-12T15:40:53.2759457Z Finished with result: exit-code
checker-controls	Build pinned checker and run rejection controls	2026-09-12T15:40:53.2759750Z Main processes terminated with: code=exited/status=2
checker-controls	Build pinned checker and run rejection controls	2026-09-12T15:40:53.2760055Z Service runtime: 26ms
checker-controls	Build pinned checker and run rejection controls	2026-09-12T15:40:53.2760271Z CPU time consumed: 25ms
checker-controls	Build pinned checker and run rejection controls	2026-09-12T15:40:53.2760488Z Memory peak: 256.0K
checker-controls	Build pinned checker and run rejection controls	2026-09-12T15:40:53.2760693Z Memory swap peak: 0B
checker-controls	Build pinned checker and run rejection controls	2026-09-12T15:40:53.2760822Z 
checker-controls	Build pinned checker and run rejection controls	2026-09-12T15:40:53.2760920Z NEGATIVE relative --rwx: exit=2
checker-controls	Build pinned checker and run rejection controls	2026-09-12T15:40:53.2761296Z Running as unit: run-u7.service; invocation ID: 67abec29d20a4133b2ca78ad066898e2
checker-controls	Build pinned checker and run rejection controls	2026-09-12T15:40:53.2761832Z strict Comparator sandbox: only this project's existing .lake may be writable
checker-controls	Build pinned checker and run rejection controls	2026-09-12T15:40:53.2762246Z Finished with result: exit-code
checker-controls	Build pinned checker and run rejection controls	2026-09-12T15:40:53.2762548Z Main processes terminated with: code=exited/status=2
checker-controls	Build pinned checker and run rejection controls	2026-09-12T15:40:53.2763089Z Service runtime: 26ms
checker-controls	Build pinned checker and run rejection controls	2026-09-12T15:40:53.2763343Z CPU time consumed: 25ms
checker-controls	Build pinned checker and run rejection controls	2026-09-12T15:40:53.2763573Z Memory peak: 256.0K
checker-controls	Build pinned checker and run rejection controls	2026-09-12T15:40:53.2763803Z Memory swap peak: 0B
checker-controls	Build pinned checker and run rejection controls	2026-09-12T15:40:53.2763946Z 
checker-controls	Build pinned checker and run rejection controls	2026-09-12T15:40:53.2764200Z Outer and export fixture contents unchanged; only designated build fixture written.
checker-controls	Build pinned checker and run rejection controls	2026-09-12T15:40:53.2792476Z Running bash /home/runner/work/_temp/nla-lean-tools/reproduction/checks/run_replay.sh
checker-controls	Build pinned checker and run rejection controls	2026-09-12T15:40:53.2794146Z Log: /home/runner/work/_temp/nla-lean-tools/logs/selftest-20260912T154052Z-4184/kernel-controls.log
checker-controls	Build pinned checker and run rejection controls	2026-09-12T15:40:53.3415192Z Replay probe: RestrictAddressFamilies=~AF_UNIX (deny AF_UNIX sockets).
checker-controls	Build pinned checker and run rejection controls	2026-09-12T15:40:53.3944485Z Lean (version 4.33.1, x86_64-unknown-linux-gnu, Release)
checker-controls	Build pinned checker and run rejection controls	2026-09-12T15:40:53.4304321Z /home/runner/.elan/toolchains/leanprover--lean4---v4.33.1/lib/lean/Init.olean
checker-controls	Build pinned checker and run rejection controls	2026-09-12T15:40:53.4305375Z /home/runner/.elan/toolchains/leanprover--lean4---v4.33.1/lib/lean/Init.olean
checker-controls	Build pinned checker and run rejection controls	2026-09-12T15:40:53.4306694Z /home/runner/work/_temp/nla-lean-tools/.tools/comparator/.lake/build/lib/lean/Main.olean
checker-controls	Build pinned checker and run rejection controls	2026-09-12T15:40:54.6644173Z Trusted base fixture: 11 constants
checker-controls	Build pinned checker and run rejection controls	2026-09-12T15:40:54.6644943Z BEGIN honest_with_inductives_and_quotients
checker-controls	Build pinned checker and run rejection controls	2026-09-12T15:40:54.6645413Z Running Lean default kernel on solution.
checker-controls	Build pinned checker and run rejection controls	2026-09-12T15:40:54.6645760Z Lean default kernel accepts the solution
checker-controls	Build pinned checker and run rejection controls	2026-09-12T15:40:54.6646133Z RETURN honest_with_inductives_and_quotients: accepted
checker-controls	Build pinned checker and run rejection controls	2026-09-12T15:40:54.6646495Z BEGIN invalid_raw_proof
checker-controls	Build pinned checker and run rejection controls	2026-09-12T15:40:54.6646768Z Running Lean default kernel on solution.
checker-controls	Build pinned checker and run rejection controls	2026-09-12T15:40:54.6647093Z Lean default kernel rejects the solution
checker-controls	Build pinned checker and run rejection controls	2026-09-12T15:40:54.6647623Z RETURN invalid_raw_proof: rejected: while replaying declaration 'PinnedReplayProbe.invalid':
checker-controls	Build pinned checker and run rejection controls	2026-09-12T15:40:54.6648328Z (kernel) declaration type mismatch, 'PinnedReplayProbe.invalid' has type
checker-controls	Build pinned checker and run rejection controls	2026-09-12T15:40:54.6648767Z   True
checker-controls	Build pinned checker and run rejection controls	2026-09-12T15:40:54.6648989Z but it is expected to have type
checker-controls	Build pinned checker and run rejection controls	2026-09-12T15:40:54.6649270Z   False
checker-controls	Build pinned checker and run rejection controls	2026-09-12T15:40:54.6649493Z BEGIN quotient_postcheck_mismatch
checker-controls	Build pinned checker and run rejection controls	2026-09-12T15:40:54.6649802Z Running Lean default kernel on solution.
checker-controls	Build pinned checker and run rejection controls	2026-09-12T15:40:54.6650129Z Lean default kernel accepts the solution
checker-controls	Build pinned checker and run rejection controls	2026-09-12T15:40:54.6650454Z Quotient post-check rejects the solution
checker-controls	Build pinned checker and run rejection controls	2026-09-12T15:40:54.6650954Z RETURN quotient_postcheck_mismatch: rejected: Quotient constant mismatch on: Quot.lift
checker-controls	Build pinned checker and run rejection controls	2026-09-12T15:40:54.6651602Z PASS: all three actual Comparator.runBuiltinKernel cases behaved as required
checker-controls	Build pinned checker and run rejection controls	2026-09-12T15:40:54.7561159Z Running python3 /home/runner/work/_temp/nla-lean-tools/reproduction/checks/comparator_regressions.py
checker-controls	Build pinned checker and run rejection controls	2026-09-12T15:40:54.7562485Z Log: /home/runner/work/_temp/nla-lean-tools/logs/selftest-20260912T154052Z-4184/comparator-controls.log
checker-controls	Build pinned checker and run rejection controls	2026-09-12T15:40:54.7866423Z Comparator regressions: RestrictAddressFamilies=~AF_UNIX; .tools/env.sh selects the real strict sandbox.
checker-controls	Build pinned checker and run rejection controls	2026-09-12T15:40:54.7876075Z 
checker-controls	Build pinned checker and run rejection controls	2026-09-12T15:40:54.7876470Z CASE simple_match
checker-controls	Build pinned checker and run rejection controls	2026-09-12T15:40:56.8670624Z info: ComparatorRegression: no previous manifest, creating one from scratch
checker-controls	Build pinned checker and run rejection controls	2026-09-12T15:40:56.8671512Z info: toolchain not updated; already up-to-date
checker-controls	Build pinned checker and run rejection controls	2026-09-12T15:40:56.8672066Z Building Challenge
checker-controls	Build pinned checker and run rejection controls	2026-09-12T15:40:56.8673027Z ⚠ [2/3] Built Challenge (219ms)
checker-controls	Build pinned checker and run rejection controls	2026-09-12T15:40:56.8673626Z warning: Challenge.lean:1:8: declaration uses `sorry`
checker-controls	Build pinned checker and run rejection controls	2026-09-12T15:40:56.8674269Z Build completed successfully (3 jobs).
checker-controls	Build pinned checker and run rejection controls	2026-09-12T15:40:56.8676806Z Exporting #[Quot, Quot.mk, Quot.lift, Quot.ind, comm, propext, Quot.sound, Classical.choice, Nat.add, Nat.sub, Nat.mul, Nat.pow, Nat.gcd, Nat.div, Nat.mod, Nat.beq, Nat.ble, Nat.land, Nat.lor, Nat.xor, Nat.shiftLeft, Nat.shiftRight, String.ofList, Char.ofNat, List, eagerReduce, Nat, String, String.mk, Char, optParam, autoParam, semiOutParam, outParam] from Challenge
checker-controls	Build pinned checker and run rejection controls	2026-09-12T15:40:56.8679266Z Building Solution
checker-controls	Build pinned checker and run rejection controls	2026-09-12T15:40:56.8679823Z ✔ [2/3] Built Solution (221ms)
checker-controls	Build pinned checker and run rejection controls	2026-09-12T15:40:56.8680295Z Build completed successfully (3 jobs).
checker-controls	Build pinned checker and run rejection controls	2026-09-12T15:40:56.8683139Z Exporting #[Quot, Quot.mk, Quot.lift, Quot.ind, comm, propext, Quot.sound, Classical.choice, Nat.add, Nat.sub, Nat.mul, Nat.pow, Nat.gcd, Nat.div, Nat.mod, Nat.beq, Nat.ble, Nat.land, Nat.lor, Nat.xor, Nat.shiftLeft, Nat.shiftRight, String.ofList, Char.ofNat, List, eagerReduce, Nat, String, String.mk, Char, optParam, autoParam, semiOutParam, outParam] from Solution
checker-controls	Build pinned checker and run rejection controls	2026-09-12T15:40:56.8685466Z Running Lean default kernel on solution.
checker-controls	Build pinned checker and run rejection controls	2026-09-12T15:40:56.8686112Z Lean default kernel accepts the solution
checker-controls	Build pinned checker and run rejection controls	2026-09-12T15:40:56.8686612Z Your solution is okay!
checker-controls	Build pinned checker and run rejection controls	2026-09-12T15:40:56.8687261Z PASS simple_match: exit 0, expected 0; required phase: Your solution is okay!
checker-controls	Build pinned checker and run rejection controls	2026-09-12T15:40:56.8687823Z 
checker-controls	Build pinned checker and run rejection controls	2026-09-12T15:40:56.8687993Z CASE simple_mismatch
checker-controls	Build pinned checker and run rejection controls	2026-09-12T15:40:58.7402394Z info: ComparatorRegression: no previous manifest, creating one from scratch
checker-controls	Build pinned checker and run rejection controls	2026-09-12T15:40:58.7404003Z info: toolchain not updated; already up-to-date
checker-controls	Build pinned checker and run rejection controls	2026-09-12T15:40:58.7404574Z Building Challenge
checker-controls	Build pinned checker and run rejection controls	2026-09-12T15:40:58.7405292Z ⚠ [2/3] Built Challenge (218ms)
checker-controls	Build pinned checker and run rejection controls	2026-09-12T15:40:58.7406139Z warning: Challenge.lean:1:8: declaration uses `sorry`
checker-controls	Build pinned checker and run rejection controls	2026-09-12T15:40:58.7406768Z Build completed successfully (3 jobs).
checker-controls	Build pinned checker and run rejection controls	2026-09-12T15:40:58.7409287Z Exporting #[Quot, Quot.mk, Quot.lift, Quot.ind, comm, propext, Quot.sound, Classical.choice, Nat.add, Nat.sub, Nat.mul, Nat.pow, Nat.gcd, Nat.div, Nat.mod, Nat.beq, Nat.ble, Nat.land, Nat.lor, Nat.xor, Nat.shiftLeft, Nat.shiftRight, String.ofList, Char.ofNat, List, eagerReduce, Nat, String, String.mk, Char, optParam, autoParam, semiOutParam, outParam] from Challenge
checker-controls	Build pinned checker and run rejection controls	2026-09-12T15:40:58.7411747Z Building Solution
checker-controls	Build pinned checker and run rejection controls	2026-09-12T15:40:58.7412284Z ✔ [2/3] Built Solution (211ms)
checker-controls	Build pinned checker and run rejection controls	2026-09-12T15:40:58.7412999Z Build completed successfully (3 jobs).
checker-controls	Build pinned checker and run rejection controls	2026-09-12T15:40:58.7415132Z Exporting #[Quot, Quot.mk, Quot.lift, Quot.ind, comm, propext, Quot.sound, Classical.choice, Nat.add, Nat.sub, Nat.mul, Nat.pow, Nat.gcd, Nat.div, Nat.mod, Nat.beq, Nat.ble, Nat.land, Nat.lor, Nat.xor, Nat.shiftLeft, Nat.shiftRight, String.ofList, Char.ofNat, List, eagerReduce, Nat, String, String.mk, Char, optParam, autoParam, semiOutParam, outParam] from Solution
checker-controls	Build pinned checker and run rejection controls	2026-09-12T15:40:58.7416990Z uncaught exception: Challenge and solution constant kind don't match: 'comm'
checker-controls	Build pinned checker and run rejection controls	2026-09-12T15:40:58.7417689Z PASS simple_mismatch: exit 1, expected 1; required phase: Challenge and solution constant kind don't match: 'comm'
checker-controls	Build pinned checker and run rejection controls	2026-09-12T15:40:58.7418142Z 
checker-controls	Build pinned checker and run rejection controls	2026-09-12T15:40:58.7418247Z CASE simple_axiom_issue
checker-controls	Build pinned checker and run rejection controls	2026-09-12T15:41:00.6199466Z info: ComparatorRegression: no previous manifest, creating one from scratch
checker-controls	Build pinned checker and run rejection controls	2026-09-12T15:41:00.6200030Z info: toolchain not updated; already up-to-date
checker-controls	Build pinned checker and run rejection controls	2026-09-12T15:41:00.6200349Z Building Challenge
checker-controls	Build pinned checker and run rejection controls	2026-09-12T15:41:00.6200825Z ⚠ [2/3] Built Challenge (223ms)
checker-controls	Build pinned checker and run rejection controls	2026-09-12T15:41:00.6201145Z warning: Challenge.lean:1:8: declaration uses `sorry`
checker-controls	Build pinned checker and run rejection controls	2026-09-12T15:41:00.6201511Z Build completed successfully (3 jobs).
checker-controls	Build pinned checker and run rejection controls	2026-09-12T15:41:00.6203336Z Exporting #[Quot, Quot.mk, Quot.lift, Quot.ind, comm, propext, Quot.sound, Classical.choice, Nat.add, Nat.sub, Nat.mul, Nat.pow, Nat.gcd, Nat.div, Nat.mod, Nat.beq, Nat.ble, Nat.land, Nat.lor, Nat.xor, Nat.shiftLeft, Nat.shiftRight, String.ofList, Char.ofNat, List, eagerReduce, Nat, String, String.mk, Char, optParam, autoParam, semiOutParam, outParam] from Challenge
checker-controls	Build pinned checker and run rejection controls	2026-09-12T15:41:00.6205578Z Building Solution
checker-controls	Build pinned checker and run rejection controls	2026-09-12T15:41:00.6206091Z ✔ [2/3] Built Solution (218ms)
checker-controls	Build pinned checker and run rejection controls	2026-09-12T15:41:00.6206567Z Build completed successfully (3 jobs).
checker-controls	Build pinned checker and run rejection controls	2026-09-12T15:41:00.6208967Z Exporting #[Quot, Quot.mk, Quot.lift, Quot.ind, comm, propext, Quot.sound, Classical.choice, Nat.add, Nat.sub, Nat.mul, Nat.pow, Nat.gcd, Nat.div, Nat.mod, Nat.beq, Nat.ble, Nat.land, Nat.lor, Nat.xor, Nat.shiftLeft, Nat.shiftRight, String.ofList, Char.ofNat, List, eagerReduce, Nat, String, String.mk, Char, optParam, autoParam, semiOutParam, outParam] from Solution
checker-controls	Build pinned checker and run rejection controls	2026-09-12T15:41:00.6211324Z uncaught exception: Illegal axiom detected: 'helper'
checker-controls	Build pinned checker and run rejection controls	2026-09-12T15:41:00.6212198Z PASS simple_axiom_issue: exit 1, expected 1; required phase: Illegal axiom detected: 'helper'
checker-controls	Build pinned checker and run rejection controls	2026-09-12T15:41:00.6214383Z 
checker-controls	Build pinned checker and run rejection controls	2026-09-12T15:41:00.6214504Z CASE simple_kind_mismatch
checker-controls	Build pinned checker and run rejection controls	2026-09-12T15:41:02.4585751Z info: ComparatorRegression: no previous manifest, creating one from scratch
checker-controls	Build pinned checker and run rejection controls	2026-09-12T15:41:02.4587221Z info: toolchain not updated; already up-to-date
checker-controls	Build pinned checker and run rejection controls	2026-09-12T15:41:02.4588144Z Building Challenge
checker-controls	Build pinned checker and run rejection controls	2026-09-12T15:41:02.4589207Z ⚠ [2/3] Built Challenge (218ms)
checker-controls	Build pinned checker and run rejection controls	2026-09-12T15:41:02.4590070Z warning: Challenge.lean:1:8: declaration uses `sorry`
checker-controls	Build pinned checker and run rejection controls	2026-09-12T15:41:02.4590949Z Build completed successfully (3 jobs).
checker-controls	Build pinned checker and run rejection controls	2026-09-12T15:41:02.4595287Z Exporting #[Quot, Quot.mk, Quot.lift, Quot.ind, comm, propext, Quot.sound, Classical.choice, Nat.add, Nat.sub, Nat.mul, Nat.pow, Nat.gcd, Nat.div, Nat.mod, Nat.beq, Nat.ble, Nat.land, Nat.lor, Nat.xor, Nat.shiftLeft, Nat.shiftRight, String.ofList, Char.ofNat, List, eagerReduce, Nat, String, String.mk, Char, optParam, autoParam, semiOutParam, outParam] from Challenge
checker-controls	Build pinned checker and run rejection controls	2026-09-12T15:41:02.4598145Z Building Solution
checker-controls	Build pinned checker and run rejection controls	2026-09-12T15:41:02.4598802Z ✔ [2/3] Built Solution (219ms)
checker-controls	Build pinned checker and run rejection controls	2026-09-12T15:41:02.4599538Z Build completed successfully (3 jobs).
checker-controls	Build pinned checker and run rejection controls	2026-09-12T15:41:02.4601957Z Exporting #[Quot, Quot.mk, Quot.lift, Quot.ind, comm, propext, Quot.sound, Classical.choice, Nat.add, Nat.sub, Nat.mul, Nat.pow, Nat.gcd, Nat.div, Nat.mod, Nat.beq, Nat.ble, Nat.land, Nat.lor, Nat.xor, Nat.shiftLeft, Nat.shiftRight, String.ofList, Char.ofNat, List, eagerReduce, Nat, String, String.mk, Char, optParam, autoParam, semiOutParam, outParam] from Solution
checker-controls	Build pinned checker and run rejection controls	2026-09-12T15:41:02.4604462Z uncaught exception: Illegal axiom detected: 'helper'
checker-controls	Build pinned checker and run rejection controls	2026-09-12T15:41:02.4604989Z PASS simple_kind_mismatch: exit 1, expected 1; required phase: Illegal axiom detected: 'helper'
checker-controls	Build pinned checker and run rejection controls	2026-09-12T15:41:02.4605352Z 
checker-controls	Build pinned checker and run rejection controls	2026-09-12T15:41:02.4605446Z CASE type_mismatch
checker-controls	Build pinned checker and run rejection controls	2026-09-12T15:41:04.2993224Z info: ComparatorRegression: no previous manifest, creating one from scratch
checker-controls	Build pinned checker and run rejection controls	2026-09-12T15:41:04.2994200Z info: toolchain not updated; already up-to-date
checker-controls	Build pinned checker and run rejection controls	2026-09-12T15:41:04.2994759Z Building Challenge
checker-controls	Build pinned checker and run rejection controls	2026-09-12T15:41:04.2995493Z ✔ [2/3] Built Challenge (216ms)
checker-controls	Build pinned checker and run rejection controls	2026-09-12T15:41:04.2996003Z Build completed successfully (3 jobs).
checker-controls	Build pinned checker and run rejection controls	2026-09-12T15:41:04.2998521Z Exporting #[Quot, Quot.mk, Quot.lift, Quot.ind, checked, propext, Quot.sound, Classical.choice, Nat.add, Nat.sub, Nat.mul, Nat.pow, Nat.gcd, Nat.div, Nat.mod, Nat.beq, Nat.ble, Nat.land, Nat.lor, Nat.xor, Nat.shiftLeft, Nat.shiftRight, String.ofList, Char.ofNat, List, eagerReduce, Nat, String, String.mk, Char, optParam, autoParam, semiOutParam, outParam] from Challenge
checker-controls	Build pinned checker and run rejection controls	2026-09-12T15:41:04.3000908Z Building Solution
checker-controls	Build pinned checker and run rejection controls	2026-09-12T15:41:04.3001415Z ✔ [2/3] Built Solution (217ms)
checker-controls	Build pinned checker and run rejection controls	2026-09-12T15:41:04.3001920Z Build completed successfully (3 jobs).
checker-controls	Build pinned checker and run rejection controls	2026-09-12T15:41:04.3004648Z Exporting #[Quot, Quot.mk, Quot.lift, Quot.ind, checked, propext, Quot.sound, Classical.choice, Nat.add, Nat.sub, Nat.mul, Nat.pow, Nat.gcd, Nat.div, Nat.mod, Nat.beq, Nat.ble, Nat.land, Nat.lor, Nat.xor, Nat.shiftLeft, Nat.shiftRight, String.ofList, Char.ofNat, List, eagerReduce, Nat, String, String.mk, Char, optParam, autoParam, semiOutParam, outParam] from Solution
checker-controls	Build pinned checker and run rejection controls	2026-09-12T15:41:04.3007531Z uncaught exception: Challenge and solution theorem statement do not match: 'checked'
checker-controls	Build pinned checker and run rejection controls	2026-09-12T15:41:04.3008813Z PASS type_mismatch: exit 1, expected 1; required phase: Challenge and solution theorem statement do not match: 'checked'
checker-controls	Build pinned checker and run rejection controls	2026-09-12T15:41:04.3035440Z PASS: all five Comparator regressions
checker-controls	Build pinned checker and run rejection controls	2026-09-12T15:41:04.3105044Z Running systemd-run --user --quiet --wait --pipe --collect -p 'RestrictAddressFamilies=~AF_UNIX' --working-directory /home/runner/work/_temp/nla-lean-tools/.verification-tmp/nla-axiom-y34wdcbo /usr/bin/env -i PATH=/home/runner/.elan/toolchains/leanprover--lean4---v4.33.1/bin:/home/runner/.elan/bin:/home/runner/go/bin:/opt/hostedtoolcache/go/1.27.1/x64/bin:/snap/bin:/home/runner/.local/bin:/opt/pipx_bin:/home/runner/.cargo/bin:/home/runner/.config/composer/vendor/bin:/usr/local/.ghcup/bin:/home/runner/.dotnet/tools:/usr/local/sbin:/usr/local/bin:/usr/sbin:/usr/bin:/sbin:/bin:/usr/games:/usr/local/games:/snap/bin HOME=/home/runner LANG=C.UTF-8 XDG_RUNTIME_DIR=/run/user/1001 DBUS_SESSION_BUS_ADDRESS=unix:path=/run/user/1001/bus GIT_TERMINAL_PROMPT=0 GIT_CONFIG_NOSYSTEM=1 GIT_CONFIG_GLOBAL=/dev/null COMPARATOR_BIN=/home/runner/work/_temp/nla-lean-tools/.tools/comparator/.lake/build/bin/comparator COMPARATOR_LEAN4EXPORT=/home/runner/work/_temp/nla-lean-tools/.tools/lean4export/.lake/build/bin/lean4export COMPARATOR_LANDRUN=/home/runner/work/_temp/nla-lean-tools/scripts/strict_landrun.py XDG_CACHE_HOME=/home/runner/work/_temp/nla-lean-tools/.tools/cache TMPDIR=/home/runner/work/_temp/nla-lean-tools/.verification-tmp lake env /home/runner/work/_temp/nla-lean-tools/.tools/comparator/.lake/build/bin/comparator comparator.json
checker-controls	Build pinned checker and run rejection controls	2026-09-12T15:41:04.3110602Z Log: /home/runner/work/_temp/nla-lean-tools/logs/selftest-20260912T154052Z-4184/negative-sorry.log
checker-controls	Build pinned checker and run rejection controls	2026-09-12T15:41:04.3593557Z info: NlaAxiomFixture: no previous manifest, creating one from scratch
checker-controls	Build pinned checker and run rejection controls	2026-09-12T15:41:04.3594499Z info: toolchain not updated; already up-to-date
checker-controls	Build pinned checker and run rejection controls	2026-09-12T15:41:04.4293578Z Building Challenge
checker-controls	Build pinned checker and run rejection controls	2026-09-12T15:41:05.3284105Z ✔ [2/3] Built Challenge (795ms)
checker-controls	Build pinned checker and run rejection controls	2026-09-12T15:41:05.3287830Z Build completed successfully (3 jobs).
checker-controls	Build pinned checker and run rejection controls	2026-09-12T15:41:06.2240782Z Exporting #[Quot, Quot.mk, Quot.lift, Quot.ind, checked, Classical.choice, Quot.sound, propext, Nat.add, Nat.sub, Nat.mul, Nat.pow, Nat.gcd, Nat.div, Nat.mod, Nat.beq, Nat.ble, Nat.land, Nat.lor, Nat.xor, Nat.shiftLeft, Nat.shiftRight, String.ofList, Char.ofNat, List, eagerReduce, Nat, String, String.mk, Char, optParam, autoParam, semiOutParam, outParam] from Challenge
checker-controls	Build pinned checker and run rejection controls	2026-09-12T15:41:06.2242998Z Building Solution
checker-controls	Build pinned checker and run rejection controls	2026-09-12T15:41:07.1155803Z ⚠ [2/3] Built Solution (789ms)
checker-controls	Build pinned checker and run rejection controls	2026-09-12T15:41:07.1156513Z warning: Solution.lean:2:8: declaration uses `sorry`
checker-controls	Build pinned checker and run rejection controls	2026-09-12T15:41:07.1163547Z Build completed successfully (3 jobs).
checker-controls	Build pinned checker and run rejection controls	2026-09-12T15:41:08.1062380Z Exporting #[Quot, Quot.mk, Quot.lift, Quot.ind, checked, Classical.choice, Quot.sound, propext, Nat.add, Nat.sub, Nat.mul, Nat.pow, Nat.gcd, Nat.div, Nat.mod, Nat.beq, Nat.ble, Nat.land, Nat.lor, Nat.xor, Nat.shiftLeft, Nat.shiftRight, String.ofList, Char.ofNat, List, eagerReduce, Nat, String, String.mk, Char, optParam, autoParam, semiOutParam, outParam] from Solution
checker-controls	Build pinned checker and run rejection controls	2026-09-12T15:41:08.1065233Z uncaught exception: Illegal axiom detected: 'sorryAx'
checker-controls	Build pinned checker and run rejection controls	2026-09-12T15:41:08.1167803Z Running systemd-run --user --quiet --wait --pipe --collect -p 'RestrictAddressFamilies=~AF_UNIX' --working-directory /home/runner/work/_temp/nla-lean-tools/.verification-tmp/nla-axiom-zjph1fvd /usr/bin/env -i PATH=/home/runner/.elan/toolchains/leanprover--lean4---v4.33.1/bin:/home/runner/.elan/bin:/home/runner/go/bin:/opt/hostedtoolcache/go/1.27.1/x64/bin:/snap/bin:/home/runner/.local/bin:/opt/pipx_bin:/home/runner/.cargo/bin:/home/runner/.config/composer/vendor/bin:/usr/local/.ghcup/bin:/home/runner/.dotnet/tools:/usr/local/sbin:/usr/local/bin:/usr/sbin:/usr/bin:/sbin:/bin:/usr/games:/usr/local/games:/snap/bin HOME=/home/runner LANG=C.UTF-8 XDG_RUNTIME_DIR=/run/user/1001 DBUS_SESSION_BUS_ADDRESS=unix:path=/run/user/1001/bus GIT_TERMINAL_PROMPT=0 GIT_CONFIG_NOSYSTEM=1 GIT_CONFIG_GLOBAL=/dev/null COMPARATOR_BIN=/home/runner/work/_temp/nla-lean-tools/.tools/comparator/.lake/build/bin/comparator COMPARATOR_LEAN4EXPORT=/home/runner/work/_temp/nla-lean-tools/.tools/lean4export/.lake/build/bin/lean4export COMPARATOR_LANDRUN=/home/runner/work/_temp/nla-lean-tools/scripts/strict_landrun.py XDG_CACHE_HOME=/home/runner/work/_temp/nla-lean-tools/.tools/cache TMPDIR=/home/runner/work/_temp/nla-lean-tools/.verification-tmp lake env /home/runner/work/_temp/nla-lean-tools/.tools/comparator/.lake/build/bin/comparator comparator.json
checker-controls	Build pinned checker and run rejection controls	2026-09-12T15:41:08.1173524Z Log: /home/runner/work/_temp/nla-lean-tools/logs/selftest-20260912T154052Z-4184/negative-native.log
checker-controls	Build pinned checker and run rejection controls	2026-09-12T15:41:08.1660249Z info: NlaAxiomFixture: no previous manifest, creating one from scratch
checker-controls	Build pinned checker and run rejection controls	2026-09-12T15:41:08.1662405Z info: toolchain not updated; already up-to-date
checker-controls	Build pinned checker and run rejection controls	2026-09-12T15:41:08.2358517Z Building Challenge
checker-controls	Build pinned checker and run rejection controls	2026-09-12T15:41:09.1335967Z ✔ [2/3] Built Challenge (792ms)
checker-controls	Build pinned checker and run rejection controls	2026-09-12T15:41:09.1339471Z Build completed successfully (3 jobs).
checker-controls	Build pinned checker and run rejection controls	2026-09-12T15:41:10.0276210Z Exporting #[Quot, Quot.mk, Quot.lift, Quot.ind, checked, Classical.choice, Quot.sound, propext, Nat.add, Nat.sub, Nat.mul, Nat.pow, Nat.gcd, Nat.div, Nat.mod, Nat.beq, Nat.ble, Nat.land, Nat.lor, Nat.xor, Nat.shiftLeft, Nat.shiftRight, String.ofList, Char.ofNat, List, eagerReduce, Nat, String, String.mk, Char, optParam, autoParam, semiOutParam, outParam] from Challenge
checker-controls	Build pinned checker and run rejection controls	2026-09-12T15:41:10.0278124Z Building Solution
checker-controls	Build pinned checker and run rejection controls	2026-09-12T15:41:10.9222073Z ✔ [2/3] Built Solution (792ms)
checker-controls	Build pinned checker and run rejection controls	2026-09-12T15:41:10.9225929Z Build completed successfully (3 jobs).
checker-controls	Build pinned checker and run rejection controls	2026-09-12T15:41:11.8965847Z Exporting #[Quot, Quot.mk, Quot.lift, Quot.ind, checked, Classical.choice, Quot.sound, propext, Nat.add, Nat.sub, Nat.mul, Nat.pow, Nat.gcd, Nat.div, Nat.mod, Nat.beq, Nat.ble, Nat.land, Nat.lor, Nat.xor, Nat.shiftLeft, Nat.shiftRight, String.ofList, Char.ofNat, List, eagerReduce, Nat, String, String.mk, Char, optParam, autoParam, semiOutParam, outParam] from Solution
checker-controls	Build pinned checker and run rejection controls	2026-09-12T15:41:11.8967875Z uncaught exception: Illegal axiom detected: 'checked._native.native_decide.ax_1_1'
checker-controls	Build pinned checker and run rejection controls	2026-09-12T15:41:11.9063707Z PASS: sandbox and checker controls only. Evidence: /home/runner/work/_temp/nla-lean-tools/logs/selftest-20260912T154052Z-4184
checker-controls	Retain checker logs	﻿2026-09-12T15:41:11.9204897Z Node 20 is being deprecated. This workflow is running with Node 24 by default. If you need to temporarily use Node 20, you can set the ACTIONS_ALLOW_USE_UNSECURE_NODE_VERSION=true environment variable. For more information see: https://github.blog/changelog/2025-09-19-deprecation-of-node-20-on-github-actions-runners/
checker-controls	Retain checker logs	2026-09-12T15:41:11.9206323Z ##[group]Run actions/upload-artifact@ea165f8d65b6e75b540449e92b4886f43607fa02
checker-controls	Retain checker logs	2026-09-12T15:41:11.9206713Z with:
checker-controls	Retain checker logs	2026-09-12T15:41:11.9206926Z   name: lean-checker-controls
checker-controls	Retain checker logs	2026-09-12T15:41:11.9207215Z   path: /home/runner/work/_temp/nla-lean-tools/logs/
checker-controls	Retain checker logs	2026-09-12T15:41:11.9207532Z   if-no-files-found: warn
checker-controls	Retain checker logs	2026-09-12T15:41:11.9207777Z   compression-level: 6
checker-controls	Retain checker logs	2026-09-12T15:41:11.9207991Z   overwrite: false
checker-controls	Retain checker logs	2026-09-12T15:41:11.9208202Z   include-hidden-files: false
checker-controls	Retain checker logs	2026-09-12T15:41:11.9208425Z env:
checker-controls	Retain checker logs	2026-09-12T15:41:11.9208604Z   GOTOOLCHAIN: local
checker-controls	Retain checker logs	2026-09-12T15:41:11.9208819Z   XDG_RUNTIME_DIR: /run/user/1001
checker-controls	Retain checker logs	2026-09-12T15:41:11.9209118Z   DBUS_SESSION_BUS_ADDRESS: unix:path=/run/user/1001/bus
checker-controls	Retain checker logs	2026-09-12T15:41:11.9209465Z ##[endgroup]
checker-controls	Retain checker logs	2026-09-12T15:41:12.0821293Z (node:4992) [DEP0040] DeprecationWarning: The `punycode` module is deprecated. Please use a userland alternative instead.
checker-controls	Retain checker logs	2026-09-12T15:41:12.0822108Z (Use `node --trace-deprecation ...` to show where the warning was created)
checker-controls	Retain checker logs	2026-09-12T15:41:12.0910207Z With the provided path, there will be 10 files uploaded
checker-controls	Retain checker logs	2026-09-12T15:41:12.0916434Z Artifact name is valid!
checker-controls	Retain checker logs	2026-09-12T15:41:12.0917152Z Root directory input is valid!
checker-controls	Retain checker logs	2026-09-12T15:41:12.4700375Z Beginning upload of artifact content to blob storage
checker-controls	Retain checker logs	2026-09-12T15:41:12.5059948Z (node:4992) [DEP0169] DeprecationWarning: `url.parse()` behavior is not standardized and prone to errors that have security implications. Use the WHATWG URL API instead. CVEs are not issued for `url.parse()` vulnerabilities.
checker-controls	Retain checker logs	2026-09-12T15:41:12.7646076Z Uploaded bytes 8089
checker-controls	Retain checker logs	2026-09-12T15:41:12.8359358Z Finished uploading artifact content to blob storage!
checker-controls	Retain checker logs	2026-09-12T15:41:12.8360451Z SHA256 digest of uploaded artifact zip is d063d6562d710b66b90e8ff88d0efdb5b5d2806d2948537428ae3f246a74a01e
checker-controls	Retain checker logs	2026-09-12T15:41:12.8362364Z Finalizing artifact upload
checker-controls	Retain checker logs	2026-09-12T15:41:13.1077298Z Artifact lean-checker-controls.zip successfully finalized. Artifact ID 10300566765
checker-controls	Retain checker logs	2026-09-12T15:41:13.1078192Z Artifact lean-checker-controls has been successfully uploaded! Final size is 8089 bytes. Artifact ID is 10300566765
checker-controls	Retain checker logs	2026-09-12T15:41:13.1085632Z Artifact download URL: https://github.com/sgstepaniants/OpenProblemsInNLA/actions/runs/34702904248/artifacts/10300566765
checker-controls	Post Run actions/setup-go@924ae3a1cded613372ab5595356fb5720e22ba16	﻿2026-09-12T15:41:13.1246379Z Post job cleanup.
checker-controls	Post Run actions/checkout@11d5960a326750d5838078e36cf38b85af677262	﻿2026-09-12T15:41:13.2730440Z Node 20 is being deprecated. This workflow is running with Node 24 by default. If you need to temporarily use Node 20, you can set the ACTIONS_ALLOW_USE_UNSECURE_NODE_VERSION=true environment variable. For more information see: https://github.blog/changelog/2025-09-19-deprecation-of-node-20-on-github-actions-runners/
checker-controls	Post Run actions/checkout@11d5960a326750d5838078e36cf38b85af677262	2026-09-12T15:41:13.2732630Z Post job cleanup.
checker-controls	Post Run actions/checkout@11d5960a326750d5838078e36cf38b85af677262	2026-09-12T15:41:13.3645977Z [command]/usr/bin/git version
checker-controls	Post Run actions/checkout@11d5960a326750d5838078e36cf38b85af677262	2026-09-12T15:41:13.3691205Z git version 2.55.0
checker-controls	Post Run actions/checkout@11d5960a326750d5838078e36cf38b85af677262	2026-09-12T15:41:13.3736354Z Temporarily overriding HOME='/home/runner/work/_temp/f0111c27-8cf7-47d7-9896-48da69c304ae' before making global git config changes
checker-controls	Post Run actions/checkout@11d5960a326750d5838078e36cf38b85af677262	2026-09-12T15:41:13.3737883Z Adding repository directory to the temporary git global config as a safe directory
checker-controls	Post Run actions/checkout@11d5960a326750d5838078e36cf38b85af677262	2026-09-12T15:41:13.3744342Z [command]/usr/bin/git config --global --add safe.directory /home/runner/work/OpenProblemsInNLA/OpenProblemsInNLA
checker-controls	Post Run actions/checkout@11d5960a326750d5838078e36cf38b85af677262	2026-09-12T15:41:13.3783167Z [command]/usr/bin/git config --local --name-only --get-regexp core\.sshCommand
checker-controls	Post Run actions/checkout@11d5960a326750d5838078e36cf38b85af677262	2026-09-12T15:41:13.3817351Z [command]/usr/bin/git submodule foreach --recursive sh -c "git config --local --name-only --get-regexp 'core\.sshCommand' && git config --local --unset-all 'core.sshCommand' || :"
checker-controls	Post Run actions/checkout@11d5960a326750d5838078e36cf38b85af677262	2026-09-12T15:41:13.4067690Z [command]/usr/bin/git config --local --name-only --get-regexp http\.https\:\/\/github\.com\/\.extraheader
checker-controls	Post Run actions/checkout@11d5960a326750d5838078e36cf38b85af677262	2026-09-12T15:41:13.4115362Z [command]/usr/bin/git submodule foreach --recursive sh -c "git config --local --name-only --get-regexp 'http\.https\:\/\/github\.com\/\.extraheader' && git config --local --unset-all 'http.https://github.com/.extraheader' || :"
checker-controls	Post Run actions/checkout@11d5960a326750d5838078e36cf38b85af677262	2026-09-12T15:41:13.4367460Z [command]/usr/bin/git config --local --name-only --get-regexp ^includeIf\.gitdir:
checker-controls	Post Run actions/checkout@11d5960a326750d5838078e36cf38b85af677262	2026-09-12T15:41:13.4437341Z [command]/usr/bin/git submodule foreach --recursive git config --local --show-origin --name-only --get-regexp remote.origin.url
checker-controls	Complete job	﻿2026-09-12T15:41:13.4863869Z Cleaning up orphan processes
checker-controls	Complete job	2026-09-12T15:41:13.5185442Z ##[warning]Node.js 20 is deprecated. The following actions target Node.js 20 but are being forced to run on Node.js 24: actions/checkout@11d5960a326750d5838078e36cf38b85af677262, actions/upload-artifact@ea165f8d65b6e75b540449e92b4886f43607fa02. For more information see: https://github.blog/changelog/2025-09-19-deprecation-of-node-20-on-github-actions-runners/
