Merge made by the 'ort' strategy.
 CATALOG.md                                         |   22 +-
 README.md                                          |    8 +-
 RESOLVED.md                                        |   82 +-
 eigenvalues-and-inverse-problems/KE-02/README.md   |   11 +-
 eigenvalues-and-inverse-problems/KE-02/problem.pdf |  Bin 33064 -> 36958 bytes
 eigenvalues-and-inverse-problems/KE-02/problem.tex |   41 +-
 eigenvalues-and-inverse-problems/README.md         |    2 +-
 eigenvalues-and-inverse-problems/SP-03/README.md   |    7 +-
 eigenvalues-and-inverse-problems/SP-03/problem.pdf |  Bin 33692 -> 35727 bytes
 eigenvalues-and-inverse-problems/SP-03/problem.tex |   58 +-
 eigenvalues-and-inverse-problems/SP-07/README.md   |    7 +-
 eigenvalues-and-inverse-problems/SP-07/problem.pdf |  Bin 35905 -> 37182 bytes
 eigenvalues-and-inverse-problems/SP-07/problem.tex |   35 +-
 eigenvalues-and-inverse-problems/SP-08/README.md   |    9 +-
 eigenvalues-and-inverse-problems/SP-08/problem.pdf |  Bin 34017 -> 37081 bytes
 eigenvalues-and-inverse-problems/SP-08/problem.tex |   34 +-
 eigenvalues-and-inverse-problems/SP-09/README.md   |    9 +-
 eigenvalues-and-inverse-problems/SP-09/problem.pdf |  Bin 35668 -> 37319 bytes
 eigenvalues-and-inverse-problems/SP-09/problem.tex |   34 +-
 frames-and-matrix-designs/FR-12/README.md          |   38 +-
 frames-and-matrix-designs/FR-12/lean/.gitignore    |    7 +
 .../FR-12/lean/Challenge.lean                      |   57 +
 frames-and-matrix-designs/FR-12/lean/LICENSE       |  202 +
 .../FR-12/lean/NLA/FR12/Definitions.lean           |   58 +
 .../FR-12/lean/NLA/FR12/Doubling.lean              |  136 +
 .../FR-12/lean/NLA/FR12/Growth.lean                |  142 +
 .../FR-12/lean/NLA/FR12/Proof.lean                 |   34 +
 .../FR-12/lean/NLA/FR12/Semantics.lean             |   79 +
 .../FR-12/lean/NUMERICAL_TARGETS.md                |  158 +
 frames-and-matrix-designs/FR-12/lean/README.md     |  181 +
 frames-and-matrix-designs/FR-12/lean/SOURCE_MAP.md |   49 +
 frames-and-matrix-designs/FR-12/lean/Solution.lean |   74 +
 .../FR-12/lean/comparator.json                     |   19 +
 .../FR-12/lean/formalization.yaml                  |  212 +
 .../FR-12/lean/lake-manifest.json                  |  129 +
 frames-and-matrix-designs/FR-12/lean/lakefile.toml |   17 +
 .../FR-12/lean/lean-toolchain                      |    1 +
 .../FR-12/lean/reviews/InspectStatements.lean      |   30 +
 .../FR-12/lean/reviews/check_and_freeze.py         |   92 +
 .../FR-12/lean/reviews/proof-completion.md         |   49 +
 .../FR-12/lean/reviews/proof-freeze.json           |  112 +
 .../reviews/proof-referee-1-evidence/Challenge.log |    7 +
 .../EVIDENCE-MANIFEST.json                         |   99 +
 .../reviews/proof-referee-1-evidence/Inspect.lean  |  106 +
 .../reviews/proof-referee-1-evidence/Inspect.log   | 1292 +++
 .../NLA-FR12-Definitions.log                       |    0
 .../proof-referee-1-evidence/NLA-FR12-Doubling.log |    0
 .../proof-referee-1-evidence/NLA-FR12-Growth.log   |    0
 .../proof-referee-1-evidence/NLA-FR12-Proof.log    |    7 +
 .../NLA-FR12-Semantics.log                         |    0
 .../reviews/proof-referee-1-evidence/Solution.log  |    7 +
 .../proof-referee-1-evidence/algebra-check.json    |  125 +
 .../proof-referee-1-evidence/algebra_check.py      |   69 +
 .../proof-referee-1-evidence/axiom-audit.json      |  218 +
 .../lean/reviews/proof-referee-1-evidence/check.py |  153 +
 .../proof-referee-1-evidence/dependency-pins.json  |   62 +
 .../proof-referee-1-evidence/final-integrity.json  |   10 +
 .../proof-referee-1-evidence/fresh-checks.json     |  166 +
 .../proof-referee-1-evidence/inputs-after.json     |   84 +
 .../proof-referee-1-evidence/inputs-before.json    |   83 +
 .../proof-referee-1-evidence/library-hashes.json   |   10 +
 .../reviews/proof-referee-1-evidence/result.json   |   13 +
 .../proof-referee-1-evidence/rubric-hashes.json    |   17 +
 .../proof-referee-1-evidence/signature-check.json  |   32 +
 .../proof-referee-1-evidence/source-scan.json      |   32 +
 .../FR-12/lean/reviews/proof-referee-1.md          |   82 +
 .../FR-12/lean/reviews/proof-referee-2.md          |   57 +
 .../FR-12/lean/reviews/reconstruct.py              |   54 +
 .../FR-12/lean/reviews/reconstruction.json         |   55 +
 .../FR-12/lean/reviews/statement-challenge.log     |    7 +
 .../FR-12/lean/reviews/statement-checks.json       |   95 +
 .../FR-12/lean/reviews/statement-definitions.log   |    0
 .../FR-12/lean/reviews/statement-freeze.json       |   36 +
 .../FR-12/lean/reviews/statement-inspection.log    |  107 +
 .../statement-referee-1-evidence/Challenge.log     |    8 +
 .../statement-referee-1-evidence/Definitions.log   |    1 +
 .../EVIDENCE-MANIFEST.json                         |   34 +
 .../statement-referee-1-evidence/Inspect.lean      |   71 +
 .../statement-referee-1-evidence/Inspect.log       |  751 ++
 .../reviews/statement-referee-1-evidence/check.py  |   64 +
 .../statement-referee-1-evidence/reconstruct.py    |   66 +
 .../reconstruction.json                            |  139 +
 .../statement-referee-1-evidence/result.json       |   91 +
 .../FR-12/lean/reviews/statement-referee-1.md      |  183 +
 .../statement-referee-2-evidence/Inspect.lean      |   48 +
 .../statement-referee-2-evidence/challenge.log     |    7 +
 .../definition-axioms.json                         |   53 +
 .../statement-referee-2-evidence/definitions.log   |    0
 .../statement-referee-2-evidence/dependencies.json |   62 +
 .../evidence-manifest.json                         |   23 +
 .../final-input-check.json                         |   98 +
 .../statement-referee-2-evidence/fresh-checks.json |   66 +
 .../statement-referee-2-evidence/fresh_check.py    |   99 +
 .../statement-referee-2-evidence/inputs-after.json |  117 +
 .../inputs-before.json                             |   94 +
 .../statement-referee-2-evidence/inspection.log    |  162 +
 .../library-source-hashes.json                     |   65 +
 .../statement-referee-2-evidence/reconstruct.json  |  118 +
 .../statement-referee-2-evidence/reconstruct.py    |   88 +
 .../FR-12/lean/reviews/statement-referee-2.md      |  177 +
 .../FR-12/lean/verification/InspectProof.lean      |   80 +
 .../FR-12/lean/verification/axioms.json            |  117 +
 .../FR-12/lean/verification/dependency-pins.json   |   62 +
 .../final-referee-2/01-Definitions.log             |    0
 .../verification/final-referee-2/02-Semantics.log  |    0
 .../verification/final-referee-2/03-Doubling.log   |    0
 .../verification/final-referee-2/04-Growth.log     |    0
 .../lean/verification/final-referee-2/05-Proof.log |    7 +
 .../verification/final-referee-2/06-Solution.log   |    7 +
 .../verification/final-referee-2/07-Challenge.log  |    7 +
 .../verification/final-referee-2/08-Inspect.log    |  246 +
 .../lean/verification/final-referee-2/Inspect.lean |   94 +
 .../final-referee-2/actual-dependencies.json       |   32 +
 .../lean/verification/final-referee-2/axioms.json  |  197 +
 .../final-referee-2/dependency-pins.json           |   62 +
 .../final-referee-2/evidence-manifest.json         |   25 +
 .../final-referee-2/final-input-check.json         |  320 +
 .../verification/final-referee-2/fresh-checks.json |  166 +
 .../verification/final-referee-2/fresh_check.py    |  156 +
 .../verification/final-referee-2/inputs-after.json |  402 +
 .../final-referee-2/inputs-before.json             |  402 +
 .../library-and-rubric-sources.json                |  143 +
 .../final-referee-2/source-signatures.json         |   15 +
 .../FR-12/lean/verification/freeze_proof.py        |   71 +
 .../FR-12/lean/verification/fresh-challenge.log    |    7 +
 .../FR-12/lean/verification/fresh-checks.json      |  166 +
 .../FR-12/lean/verification/fresh-definitions.log  |    0
 .../FR-12/lean/verification/fresh-doubling.log     |    0
 .../FR-12/lean/verification/fresh-growth.log       |    0
 .../FR-12/lean/verification/fresh-inspection.log   |  213 +
 .../FR-12/lean/verification/fresh-proof.log        |    7 +
 .../FR-12/lean/verification/fresh-semantics.log    |    0
 .../FR-12/lean/verification/fresh-solution.log     |    7 +
 .../FR-12/lean/verification/fresh_check.py         |  156 +
 .../FR-12/lean/verification/inputs-after.json      |  157 +
 .../FR-12/lean/verification/inputs-before.json     |  118 +
 .../linux-2026-09-12/EVIDENCE-MANIFEST.json        | 1028 +++
 .../linux-2026-09-12/FETCH-IDENTITY.json           |   36 +
 .../linux-2026-09-12/OPERATIONAL-REVIEW.md         |   82 +
 .../linux-2026-09-12/artifact-metadata.json        |    1 +
 .../lean-FR-12/bootstrap/comparator-build.log      |   22 +
 .../artifacts/lean-FR-12/bootstrap/elan.log        |    4 +
 .../lean-FR-12/bootstrap/landrun-build.log         |    7 +
 .../comparator-controls.log                        |   81 +
 .../verify-20260912T205219Z-4137/comparator.log    |   41 +
 .../verify-20260912T205219Z-4137/dependencies.log  |   23 +
 .../kernel-controls.log                            |   27 +
 .../verify-20260912T205219Z-4137/mathlib-cache.log |  109 +
 .../negative-native.log                            |   14 +
 .../negative-sorry.log                             |   15 +
 .../verify-20260912T205219Z-4137/result.json       |  181 +
 .../verify-20260912T205219Z-4137/sandbox.log       |  111 +
 .../verify-20260912T205219Z-4137/user-service.log  |    3 +
 .../bootstrap/comparator-build.log                 |   22 +
 .../lean-checker-controls/bootstrap/elan.log       |    4 +
 .../bootstrap/landrun-build.log                    |    7 +
 .../comparator-controls.log                        |   81 +
 .../kernel-controls.log                            |   27 +
 .../negative-native.log                            |   14 +
 .../negative-sorry.log                             |   15 +
 .../selftest-20260912T205224Z-4033/result.json     |   20 +
 .../selftest-20260912T205224Z-4033/sandbox.log     |  111 +
 .../user-service.log                               |    3 +
 .../verification/linux-2026-09-12/audit_checks.py  |  289 +
 .../linux-2026-09-12/axiom-verification.json       |   76 +
 .../linux-2026-09-12/control-verification.json     |   43 +
 .../linux-2026-09-12/fetch_artifacts.py            |   88 +
 .../linux-2026-09-12/fetch_id_check.py             |   27 +
 .../linux-2026-09-12/finalize_evidence.py          |   22 +
 .../linux-2026-09-12/identity-verification.json    |  179 +
 .../linux-2026-09-12/job-103619318532.log          |  282 +
 .../linux-2026-09-12/job-103619349213.log          |  692 ++
 .../linux-2026-09-12/job-103619349333.log          |  894 ++
 .../lean/verification/linux-2026-09-12/jobs.json   |    1 +
 .../verification/linux-2026-09-12/lean-FR-12.zip   |  Bin 0 -> 17805 bytes
 .../linux-2026-09-12/lean-checker-controls.zip     |  Bin 0 -> 8104 bytes
 .../permanent-id-job-103619318570.log              |  357 +
 .../linux-2026-09-12/permanent-id-jobs.json        |    1 +
 .../linux-2026-09-12/permanent-id-run.json         |    1 +
 .../linux-2026-09-12/run-log-archive.json          |  443 +
 .../verification/linux-2026-09-12/run-logs.zip     |  Bin 0 -> 291463 bytes
 .../linux-2026-09-12/run-metadata.json             |    1 +
 .../source/.github/workflows/lean-verification.yml |  146 +
 .../forsythe/.tools/comparator/Comparator.lean     |    7 +
 .../.tools/comparator/Comparator/Axioms.lean       |   72 +
 .../.tools/comparator/Comparator/Compare.lean      |  110 +
 .../.tools/comparator/Comparator/Util.lean         |   28 +
 .../source/forsythe/.tools/comparator/LICENSE      |  201 +
 .../source/forsythe/.tools/comparator/Main.lean    |  374 +
 .../forsythe/.tools/comparator/lake-manifest.json  |   13 +
 .../forsythe/.tools/comparator/lakefile.toml       |   14 +
 .../forsythe/.tools/comparator/lean-toolchain      |    1 +
 .../forsythe/.tools/comparator/runtests.lean       |  189 +
 .../projects/simple_axiom_issue/Challenge.lean     |    2 +
 .../projects/simple_axiom_issue/Solution.lean      |    5 +
 .../tests/projects/simple_axiom_issue/config.json  |    7 +
 .../tests/projects/simple_axiom_issue/test.json    |    3 +
 .../projects/simple_kind_mismatch/Challenge.lean   |    2 +
 .../projects/simple_kind_mismatch/Solution.lean    |    5 +
 .../projects/simple_kind_mismatch/config.json      |    7 +
 .../tests/projects/simple_kind_mismatch/test.json  |    3 +
 .../tests/projects/simple_match/Challenge.lean     |    2 +
 .../tests/projects/simple_match/Solution.lean      |    2 +
 .../tests/projects/simple_match/config.json        |    7 +
 .../tests/projects/simple_match/test.json          |    3 +
 .../tests/projects/simple_mismatch/Challenge.lean  |    2 +
 .../tests/projects/simple_mismatch/Solution.lean   |    1 +
 .../tests/projects/simple_mismatch/config.json     |    7 +
 .../tests/projects/simple_mismatch/test.json       |    3 +
 .../source/forsythe/.tools/landrun/LICENSE         |   21 +
 .../forsythe/.tools/landrun/cmd/landrun/main.go    |  212 +
 .../.tools/landrun/cmd/landrun/main_test.go        |   53 +
 .../source/forsythe/.tools/landrun/go.mod          |   13 +
 .../source/forsythe/.tools/landrun/go.sum          |   16 +
 .../.tools/landrun/internal/elfdeps/elfdeps.go     |  409 +
 .../landrun/internal/elfdeps/elfdeps_test.go       |  467 +
 .../landrun/internal/elfdeps/testdata/liba.c       |    1 +
 .../landrun/internal/elfdeps/testdata/libb.c       |    2 +
 .../landrun/internal/elfdeps/testdata/main.c       |    2 +
 .../.tools/landrun/internal/exec/runner.go         |   21 +
 .../forsythe/.tools/landrun/internal/log/log.go    |   64 +
 .../.tools/landrun/internal/log/log_test.go        |   34 +
 .../.tools/landrun/internal/sandbox/sandbox.go     |  285 +
 .../landrun/internal/sandbox/sandbox_test.go       |  328 +
 .../source/forsythe/.tools/lean4export/Export.lean |  438 +
 .../forsythe/.tools/lean4export/Export/Parse.lean  |  509 +
 .../source/forsythe/.tools/lean4export/LICENSE     |  201 +
 .../source/forsythe/.tools/lean4export/Main.lean   |   18 +
 .../source/forsythe/.tools/lean4export/Test.lean   |  745 ++
 .../forsythe/.tools/lean4export/format_ndjson.md   |  352 +
 .../forsythe/.tools/lean4export/lake-manifest.json |    5 +
 .../forsythe/.tools/lean4export/lakefile.toml      |   14 +
 .../forsythe/.tools/lean4export/lean-toolchain     |    1 +
 .../linux-2026-09-12/source/forsythe/LICENSE       |  202 +
 .../source/forsythe/lean-toolchain                 |    1 +
 .../reproduction/checks/PinnedReplayProbe.lean     |   95 +
 .../reproduction/checks/comparator_regressions.py  |   79 +
 .../forsythe/reproduction/checks/run_replay.sh     |   19 +
 .../forsythe/reproduction/checks/sandbox_probe.py  |  165 +
 .../forsythe/scripts/comparator-lean-4.33.1.patch  |   11 +
 .../source/forsythe/scripts/strict_landrun.py      |   71 +
 .../frames-and-matrix-designs/FR-12/README.md      |   76 +
 .../FR-12/lean/.gitignore                          |    7 +
 .../FR-12/lean/Challenge.lean                      |   57 +
 .../frames-and-matrix-designs/FR-12/lean/LICENSE   |  202 +
 .../FR-12/lean/NLA/FR12/Definitions.lean           |   58 +
 .../FR-12/lean/NLA/FR12/Doubling.lean              |  136 +
 .../FR-12/lean/NLA/FR12/Growth.lean                |  142 +
 .../FR-12/lean/NLA/FR12/Proof.lean                 |   34 +
 .../FR-12/lean/NLA/FR12/Semantics.lean             |   79 +
 .../FR-12/lean/NUMERICAL_TARGETS.md                |  158 +
 .../frames-and-matrix-designs/FR-12/lean/README.md |  168 +
 .../FR-12/lean/SOURCE_MAP.md                       |   49 +
 .../FR-12/lean/Solution.lean                       |   74 +
 .../FR-12/lean/comparator.json                     |   19 +
 .../FR-12/lean/formalization.yaml                  |  203 +
 .../FR-12/lean/lake-manifest.json                  |  129 +
 .../FR-12/lean/lakefile.toml                       |   17 +
 .../FR-12/lean/lean-toolchain                      |    1 +
 .../FR-12/lean/reviews/InspectStatements.lean      |   30 +
 .../FR-12/lean/reviews/check_and_freeze.py         |   92 +
 .../FR-12/lean/reviews/proof-completion.md         |   49 +
 .../FR-12/lean/reviews/proof-freeze.json           |  112 +
 .../reviews/proof-referee-1-evidence/Challenge.log |    7 +
 .../EVIDENCE-MANIFEST.json                         |   99 +
 .../reviews/proof-referee-1-evidence/Inspect.lean  |  106 +
 .../reviews/proof-referee-1-evidence/Inspect.log   | 1292 +++
 .../NLA-FR12-Definitions.log                       |    0
 .../proof-referee-1-evidence/NLA-FR12-Doubling.log |    0
 .../proof-referee-1-evidence/NLA-FR12-Growth.log   |    0
 .../proof-referee-1-evidence/NLA-FR12-Proof.log    |    7 +
 .../NLA-FR12-Semantics.log                         |    0
 .../reviews/proof-referee-1-evidence/Solution.log  |    7 +
 .../proof-referee-1-evidence/algebra-check.json    |  125 +
 .../proof-referee-1-evidence/algebra_check.py      |   69 +
 .../proof-referee-1-evidence/axiom-audit.json      |  218 +
 .../lean/reviews/proof-referee-1-evidence/check.py |  153 +
 .../proof-referee-1-evidence/dependency-pins.json  |   62 +
 .../proof-referee-1-evidence/final-integrity.json  |   10 +
 .../proof-referee-1-evidence/fresh-checks.json     |  166 +
 .../proof-referee-1-evidence/inputs-after.json     |   84 +
 .../proof-referee-1-evidence/inputs-before.json    |   83 +
 .../proof-referee-1-evidence/library-hashes.json   |   10 +
 .../reviews/proof-referee-1-evidence/result.json   |   13 +
 .../proof-referee-1-evidence/rubric-hashes.json    |   17 +
 .../proof-referee-1-evidence/signature-check.json  |   32 +
 .../proof-referee-1-evidence/source-scan.json      |   32 +
 .../FR-12/lean/reviews/proof-referee-1.md          |   82 +
 .../FR-12/lean/reviews/proof-referee-2.md          |   57 +
 .../FR-12/lean/reviews/reconstruct.py              |   54 +
 .../FR-12/lean/reviews/reconstruction.json         |   55 +
 .../FR-12/lean/reviews/statement-challenge.log     |    7 +
 .../FR-12/lean/reviews/statement-checks.json       |   95 +
 .../FR-12/lean/reviews/statement-definitions.log   |    0
 .../FR-12/lean/reviews/statement-freeze.json       |   36 +
 .../FR-12/lean/reviews/statement-inspection.log    |  107 +
 .../statement-referee-1-evidence/Challenge.log     |    8 +
 .../statement-referee-1-evidence/Definitions.log   |    1 +
 .../EVIDENCE-MANIFEST.json                         |   34 +
 .../statement-referee-1-evidence/Inspect.lean      |   71 +
 .../statement-referee-1-evidence/Inspect.log       |  751 ++
 .../reviews/statement-referee-1-evidence/check.py  |   64 +
 .../statement-referee-1-evidence/reconstruct.py    |   66 +
 .../reconstruction.json                            |  139 +
 .../statement-referee-1-evidence/result.json       |   91 +
 .../FR-12/lean/reviews/statement-referee-1.md      |  183 +
 .../statement-referee-2-evidence/Inspect.lean      |   48 +
 .../statement-referee-2-evidence/challenge.log     |    7 +
 .../definition-axioms.json                         |   53 +
 .../statement-referee-2-evidence/definitions.log   |    0
 .../statement-referee-2-evidence/dependencies.json |   62 +
 .../evidence-manifest.json                         |   23 +
 .../final-input-check.json                         |   98 +
 .../statement-referee-2-evidence/fresh-checks.json |   66 +
 .../statement-referee-2-evidence/fresh_check.py    |   99 +
 .../statement-referee-2-evidence/inputs-after.json |  117 +
 .../inputs-before.json                             |   94 +
 .../statement-referee-2-evidence/inspection.log    |  162 +
 .../library-source-hashes.json                     |   65 +
 .../statement-referee-2-evidence/reconstruct.json  |  118 +
 .../statement-referee-2-evidence/reconstruct.py    |   88 +
 .../FR-12/lean/reviews/statement-referee-2.md      |  177 +
 .../FR-12/lean/verification/InspectProof.lean      |   80 +
 .../FR-12/lean/verification/axioms.json            |  117 +
 .../FR-12/lean/verification/dependency-pins.json   |   62 +
 .../final-referee-2/01-Definitions.log             |    0
 .../verification/final-referee-2/02-Semantics.log  |    0
 .../verification/final-referee-2/03-Doubling.log   |    0
 .../verification/final-referee-2/04-Growth.log     |    0
 .../lean/verification/final-referee-2/05-Proof.log |    7 +
 .../verification/final-referee-2/06-Solution.log   |    7 +
 .../verification/final-referee-2/07-Challenge.log  |    7 +
 .../verification/final-referee-2/08-Inspect.log    |  246 +
 .../lean/verification/final-referee-2/Inspect.lean |   94 +
 .../final-referee-2/actual-dependencies.json       |   32 +
 .../lean/verification/final-referee-2/axioms.json  |  197 +
 .../final-referee-2/dependency-pins.json           |   62 +
 .../final-referee-2/evidence-manifest.json         |   25 +
 .../final-referee-2/final-input-check.json         |  320 +
 .../verification/final-referee-2/fresh-checks.json |  166 +
 .../verification/final-referee-2/fresh_check.py    |  156 +
 .../verification/final-referee-2/inputs-after.json |  402 +
 .../final-referee-2/inputs-before.json             |  402 +
 .../library-and-rubric-sources.json                |  143 +
 .../final-referee-2/source-signatures.json         |   15 +
 .../FR-12/lean/verification/freeze_proof.py        |   71 +
 .../FR-12/lean/verification/fresh-challenge.log    |    7 +
 .../FR-12/lean/verification/fresh-checks.json      |  166 +
 .../FR-12/lean/verification/fresh-definitions.log  |    0
 .../FR-12/lean/verification/fresh-doubling.log     |    0
 .../FR-12/lean/verification/fresh-growth.log       |    0
 .../FR-12/lean/verification/fresh-inspection.log   |  213 +
 .../FR-12/lean/verification/fresh-proof.log        |    7 +
 .../FR-12/lean/verification/fresh-semantics.log    |    0
 .../FR-12/lean/verification/fresh-solution.log     |    7 +
 .../FR-12/lean/verification/fresh_check.py         |  156 +
 .../FR-12/lean/verification/inputs-after.json      |  157 +
 .../FR-12/lean/verification/inputs-before.json     |  118 +
 .../CANDIDATE-HANDOFF.md                           |   25 +
 .../EVIDENCE-MANIFEST.json                         |   53 +
 .../linux-candidate-2026-09-12/check_packaging.py  |  136 +
 .../linux-candidate-2026-09-12/checks.json         |   54 +
 .../dependency-check.json                          |   62 +
 .../frozen-statement-stage-README.md               |   40 +
 .../linux-candidate-2026-09-12/inputs-before.json  |  314 +
 .../metadata-validation.log                        |    1 +
 .../packaging-record.json                          |  130 +
 .../permanent-id-tests.log                         |   22 +
 .../permanent-ids-origin.log                       |    1 +
 .../permanent-ids-upstream.log                     |    1 +
 .../prepare_candidate.py                           |  307 +
 .../proof-build-before-binder-cleanup.json         |   11 +
 .../proof-build-before-binder-cleanup.log          |   24 +
 .../FR-12/lean/verification/proof-build.json       |   11 +
 .../FR-12/lean/verification/proof-build.log        |   17 +
 .../FR-12/lean/verification/proof-start.json       |   12 +
 .../lean/verification/retained-dependencies.json   |   27 +
 .../lean/verification/root-linux-packaging.json    |   38 +
 .../FR-12/lean/verification/source-signatures.json |   14 +
 .../frames-and-matrix-designs/FR-12/solution.md    |  166 +
 .../frames-and-matrix-designs/FR-12/solution.tex   |  161 +
 .../linux-2026-09-12/source/git-commit.txt         |    6 +
 .../linux-2026-09-12/source/git-project-tree.txt   |  137 +
 .../stepaniants-fr12-2026-09-12/REVIEW.md          |  222 +
 .../linux-2026-09-12/source/sandbox_probe_ci.py    |  167 +
 .../source/tools/lean/bootstrap.sh                 |    5 +
 .../linux-2026-09-12/source/tools/lean/harness.py  |  505 +
 .../linux-2026-09-12/source/tools/lean/selftest.sh |    5 +
 .../source/tools/lean/source-lock.json             |  356 +
 .../linux-2026-09-12/source/tools/lean/verify.sh   |    5 +
 .../linux-2026-09-12/tool-source-verification.json |  374 +
 .../linux-2026-09-12/verify_evidence.py            |   15 +
 .../CANDIDATE-HANDOFF.md                           |   25 +
 .../EVIDENCE-MANIFEST.json                         |   53 +
 .../linux-candidate-2026-09-12/check_packaging.py  |  136 +
 .../linux-candidate-2026-09-12/checks.json         |   54 +
 .../dependency-check.json                          |   62 +
 .../frozen-statement-stage-README.md               |   40 +
 .../linux-candidate-2026-09-12/inputs-before.json  |  314 +
 .../metadata-validation.log                        |    1 +
 .../packaging-record.json                          |  130 +
 .../permanent-id-tests.log                         |   22 +
 .../permanent-ids-origin.log                       |    1 +
 .../permanent-ids-upstream.log                     |    1 +
 .../prepare_candidate.py                           |  307 +
 .../proof-build-before-binder-cleanup.json         |   11 +
 .../proof-build-before-binder-cleanup.log          |   24 +
 .../FR-12/lean/verification/proof-build.json       |   11 +
 .../FR-12/lean/verification/proof-build.log        |   17 +
 .../FR-12/lean/verification/proof-start.json       |   12 +
 .../publication-2026-09-12/EVIDENCE-MANIFEST.json  |  130 +
 .../publication-2026-09-12/INDEPENDENT-REVIEW.md   |   15 +
 .../publication-2026-09-12/PUBLICATION-HANDOFF.md  |   90 +
 .../publication-2026-09-12/ROOT-CHECKS.json        |  469 +
 .../publication-2026-09-12/ROOT-MANIFEST.json      |   16 +
 .../publication-2026-09-12/before-integration.json |  407 +
 .../publication-2026-09-12/before.json             |  630 ++
 .../publication-2026-09-12/catalog.log             |    1 +
 .../publication-2026-09-12/check_and_render.py     |   13 +
 .../publication-2026-09-12/checks.json             |  110 +
 .../publication-2026-09-12/diff-check.log          |    0
 .../publication-2026-09-12/final-checks.json       |   20 +
 .../final-render-checks.json                       |   45 +
 .../verification/publication-2026-09-12/finish.py  |   68 +
 .../publication-2026-09-12/format-check.log        |    1 +
 .../publication-2026-09-12/format-final.log        |    1 +
 .../publication-2026-09-12/format-write.log        |    1 +
 .../publication-2026-09-12/initial-pdfinfo.log     |   19 +
 .../publication-2026-09-12/initial-render.log      |    2 +
 .../initial-whitespace-check.log                   |    2 +
 .../publication-2026-09-12/integration.json        |   25 +
 .../publication-2026-09-12/integration.log         | 2668 ++++++
 .../publication-2026-09-12/integrity.json          |  264 +
 .../linux-evidence-preservation.log                |    1 +
 .../publication-2026-09-12/pdf-text.txt            |  141 +
 .../publication-2026-09-12/pdfinfo.log             |   19 +
 .../publication-2026-09-12/permanent-id-tests.log  |   22 +
 .../verification/publication-2026-09-12/prepare.py |  155 +
 .../preserved-upstream-files.json                  | 4645 ++++++++++
 .../publication-2026-09-12/render-identity.json    |    9 +
 .../publication-2026-09-12/render-pages.log        |    0
 .../verification/publication-2026-09-12/render.log |    2 +
 .../root_publication_check.py                      |  134 +
 .../publication-2026-09-12/snapshot.py             |   25 +
 .../publication-2026-09-12/visual-review.json      |   11 +
 .../publication-2026-09-12/write_handoff.py        |  103 +
 .../lean/verification/retained-dependencies.json   |   27 +
 .../lean/verification/root-linux-packaging.json    |   38 +
 .../FR-12/lean/verification/source-signatures.json |   14 +
 frames-and-matrix-designs/FR-12/problem.pdf        |  Bin 38232 -> 49860 bytes
 frames-and-matrix-designs/FR-12/problem.tex        |  110 +-
 frames-and-matrix-designs/README.md                |    2 +-
 linear-systems-and-elimination/IE-12/README.md     |   16 +-
 linear-systems-and-elimination/IE-12/problem.pdf   |  Bin 32539 -> 36939 bytes
 linear-systems-and-elimination/IE-12/problem.tex   |   52 +-
 linear-systems-and-elimination/IE-12/solution.pdf  |  Bin 0 -> 249761 bytes
 linear-systems-and-elimination/IE-12/solution.tex  |  762 ++
 linear-systems-and-elimination/IE-16/README.md     |   23 +-
 linear-systems-and-elimination/IE-16/problem.pdf   |  Bin 34316 -> 40467 bytes
 linear-systems-and-elimination/IE-16/problem.tex   |   69 +-
 linear-systems-and-elimination/IE-16/solution.pdf  |  Bin 0 -> 388743 bytes
 linear-systems-and-elimination/IE-16/solution.tex  |  605 ++
 linear-systems-and-elimination/KE-01/README.md     |   12 +-
 linear-systems-and-elimination/KE-01/problem.pdf   |  Bin 37449 -> 41638 bytes
 linear-systems-and-elimination/KE-01/problem.tex   |   52 +-
 linear-systems-and-elimination/README.md           |    8 +-
 matrix-inequalities-and-norms/MI-22/README.md      |   37 +-
 .../MI-22/lean/.gitignore                          |    7 +
 .../MI-22/lean/Challenge.lean                      |   92 +
 matrix-inequalities-and-norms/MI-22/lean/LICENSE   |  202 +
 .../MI-22/lean/NLA/MI22/Definitions.lean           |  119 +
 .../MI-22/lean/NLA/MI22/ExactData.lean             |  120 +
 .../MI-22/lean/NLA/MI22/FunctionalCalculus.lean    |   69 +
 .../MI-22/lean/NLA/MI22/Norms.lean                 |   88 +
 .../MI-22/lean/NLA/MI22/Proof.lean                 |  138 +
 .../MI-22/lean/NLA/MI22/SingularValues.lean        |   80 +
 .../MI-22/lean/NLA/MI22/Witness.lean               |  169 +
 .../MI-22/lean/NUMERICAL_TARGETS.md                |  235 +
 matrix-inequalities-and-norms/MI-22/lean/README.md |   73 +
 .../MI-22/lean/SOURCE_CORRESPONDENCE.md            |  123 +
 .../MI-22/lean/Solution.lean                       |  109 +
 .../MI-22/lean/comparator.json                     |   20 +
 .../MI-22/lean/formalization.yaml                  |  236 +
 .../MI-22/lean/lake-manifest.json                  |  129 +
 .../MI-22/lean/lakefile.toml                       |   17 +
 .../MI-22/lean/lean-toolchain                      |    1 +
 .../MI-22/lean/reviews/InspectStatements.lean      |   74 +
 .../MI-22/lean/reviews/check_and_freeze.py         |  141 +
 .../MI-22/lean/reviews/definition-axioms.json      |  189 +
 .../MI-22/lean/reviews/dependency-pins.json        |   62 +
 .../MI-22/lean/reviews/duplicate-scope.json        |   11 +
 .../MI-22/lean/reviews/fresh-challenge.log         |    8 +
 .../MI-22/lean/reviews/fresh-checks.json           |   65 +
 .../MI-22/lean/reviews/fresh-definitions.log       |    0
 .../MI-22/lean/reviews/fresh-inspection.log        |  116 +
 .../MI-22/lean/reviews/inputs-after.json           |   34 +
 .../MI-22/lean/reviews/inputs-before.json          |   33 +
 .../MI-22/lean/reviews/proof-completion.md         |  144 +
 .../reviews/proof-referee-1-evidence/Challenge.log |    8 +
 .../EVIDENCE-MANIFEST.json                         |  152 +
 .../reviews/proof-referee-1-evidence/Inspect.lean  |   98 +
 .../InspectCertificate.lean                        |    5 +
 .../NLA-MI22-Definitions.log                       |    0
 .../NLA-MI22-ExactData.log                         |    0
 .../NLA-MI22-FunctionalCalculus.log                |    0
 .../proof-referee-1-evidence/NLA-MI22-Norms.log    |    0
 .../proof-referee-1-evidence/NLA-MI22-Proof.log    |    9 +
 .../NLA-MI22-SingularValues.log                    |    0
 .../proof-referee-1-evidence/NLA-MI22-Witness.log  |    0
 .../reviews/proof-referee-1-evidence/Solution.log  |    8 +
 .../proof-referee-1-evidence/axiom-audit.json      |   97 +
 .../certificate-auxiliary-check.json               |   11 +
 .../certificate-auxiliary.log                      |    6 +
 .../proof-referee-1-evidence/consolidate_review.py |   91 +
 .../proof-referee-1-evidence/dependencies.json     |   52 +
 .../exact-table-audit.json                         |   31 +
 .../proof-referee-1-evidence/finalize_evidence.py  |   12 +
 .../proof-referee-1-evidence/fresh-checks.json     |  207 +
 .../proof-referee-1-evidence/fresh_review.py       |   85 +
 .../proof-referee-1-evidence/inputs-after.json     |  418 +
 .../proof-referee-1-evidence/inputs-before.json    |  418 +
 .../inspected-library-sources.json                 |   72 +
 .../proof-referee-1-evidence/inspection.log        | 6614 +++++++++++++
 .../proof-referee-1-evidence/original-sources.json |   42 +
 .../proof-referee-1-evidence/reconstruct.py        |  115 +
 .../proof-referee-1-evidence/reconstruction.json   |  253 +
 .../proof-referee-1-evidence/reconstruction.log    |    5 +
 .../reuse-search-command.json                      |   17 +
 .../proof-referee-1-evidence/reuse-search.log      |   29 +
 .../proof-referee-1-evidence/review-standards.json |   34 +
 .../proof-referee-1-evidence/scope-integrity.json  |   10 +
 .../proof-referee-1-evidence/signatures.json       |   15 +
 .../proof-referee-1-evidence/source-safety.json    |   37 +
 .../statement-integrity.json                       |   14 +
 .../MI-22/lean/reviews/proof-referee-1.md          |   54 +
 .../proof-referee-2-root-evidence/Inspect.lean     |   95 +
 .../NLA-MI22-Definitions.log                       |    0
 .../NLA-MI22-ExactData.log                         |    0
 .../NLA-MI22-FunctionalCalculus.log                |    0
 .../NLA-MI22-Norms.log                             |    0
 .../NLA-MI22-Proof.log                             |    9 +
 .../NLA-MI22-SingularValues.log                    |    0
 .../NLA-MI22-Witness.log                           |    0
 .../proof-referee-2-root-evidence/Solution.log     |    8 +
 .../proof-referee-2-root-evidence/audit.json       |   38 +
 .../reviews/proof-referee-2-root-evidence/audit.py |  108 +
 .../proof-referee-2-root-evidence/axioms.json      |  142 +
 .../dependencies.json                              |   65 +
 .../proof-referee-2-root-evidence/execution.json   |  119 +
 .../proof-referee-2-root-evidence/fresh_review.py  |   68 +
 .../inspect_review.py                              |   30 +
 .../proof-referee-2-root-evidence/inspection.json  |   10 +
 .../proof-referee-2-root-evidence/inspection.log   | 1500 +++
 .../proof-referee-2-root-evidence/manifest.json    |   81 +
 .../source-identity.json                           |   81 +
 .../MI-22/lean/reviews/proof-referee-2.md          |   45 +
 .../MI-22/lean/reviews/reconstruct.py              |  128 +
 .../MI-22/lean/reviews/reconstruction.json         |  268 +
 .../MI-22/lean/reviews/source-hashes.json          |   14 +
 .../MI-22/lean/reviews/statement-build.json        |   11 +
 .../MI-22/lean/reviews/statement-build.log         |   11 +
 .../MI-22/lean/reviews/statement-freeze.json       |   51 +
 .../MI-22/lean/reviews/statement-handoff.md        |   65 +
 .../statement-referee-1-evidence/Challenge.log     |    8 +
 .../EVIDENCE-MANIFEST.json                         |  113 +
 .../statement-referee-1-evidence/Inspect.lean      |   94 +
 .../NLA-MI22-Definitions.log                       |    0
 .../reviews/statement-referee-1-evidence/audit.py  |  116 +
 .../definition-axiom-audit.json                    |  122 +
 .../statement-referee-1-evidence/dependencies.json |   52 +
 .../statement-referee-1-evidence/fresh-checks.json |   67 +
 .../statement-referee-1-evidence/fresh_review.py   |   96 +
 .../statement-referee-1-evidence/inputs-after.json |   33 +
 .../inputs-before.json                             |   29 +
 .../statement-referee-1-evidence/inspection.log    | 9766 ++++++++++++++++++++
 .../statement-referee-1-evidence/integrity.json    |   11 +
 .../library-search-1.log                           |   16 +
 .../library-search-2.log                           |   52 +
 .../library-searches.json                          |   28 +
 .../library-sources.json                           |   20 +
 .../original-sources.json                          |   42 +
 .../primary-source-check.json                      |   17 +
 .../statement-referee-1-evidence/reconstruct.py    |  115 +
 .../reconstruction.json                            |  253 +
 .../reconstruction.log                             |    5 +
 .../review-standards.json                          |   33 +
 .../semantic-checks.json                           |   22 +
 .../statement-referee-1-evidence/signatures.json   |   34 +
 .../MI-22/lean/reviews/statement-referee-1.md      |  223 +
 .../statement-referee-2-root-evidence/Inspect.lean |   99 +
 .../challenge.log                                  |    8 +
 .../statement-referee-2-root-evidence/checks.json  |   40 +
 .../definitions.log                                |    0
 .../evidence-manifest.json                         |   17 +
 .../fresh_review.py                                |   39 +
 .../independent-input-audit.json                   |  204 +
 .../inspection.log                                 | 7616 +++++++++++++++
 .../library-hashes.json                            |    6 +
 .../reconstruct_independently.py                   |  127 +
 .../reconstruction.json                            |  162 +
 .../source-identity.json                           |   65 +
 .../MI-22/lean/reviews/statement-referee-2.md      |   58 +
 .../lean/verification/InspectCertificate.lean      |   12 +
 .../MI-22/lean/verification/InspectProof.lean      |   70 +
 .../MI-22/lean/verification/axioms.json            |  141 +
 .../lean/verification/build-registration.json      |    9 +
 .../candidate-2026-09-12/CANDIDATE-HANDOFF.md      |   31 +
 .../candidate-2026-09-12/EVIDENCE-MANIFEST.json    |   60 +
 .../candidate-2026-09-12/README.statement.md       |   38 +
 .../candidate-2026-09-12/inputs-before.json        |  427 +
 .../candidate-2026-09-12/integrity.json            |   77 +
 .../verification/candidate-2026-09-12/manifest.log |    1 +
 .../verification/candidate-2026-09-12/package.py   |   90 +
 .../candidate-2026-09-12/permanent-id-tests.log    |   22 +
 .../candidate-2026-09-12/permanent-ids.log         |    1 +
 .../lean/verification/candidate-2026-09-12/seal.py |   14 +
 .../candidate-2026-09-12/validate_package.py       |   44 +
 .../candidate-2026-09-12/validation.json           |   46 +
 .../MI-22/lean/verification/dependency-pins.json   |   62 +
 .../MI-22/lean/verification/fresh-certificate.log  |  118 +
 .../MI-22/lean/verification/fresh-challenge.log    |    8 +
 .../MI-22/lean/verification/fresh-checks.json      |  219 +
 .../MI-22/lean/verification/fresh-definitions.log  |    0
 .../MI-22/lean/verification/fresh-exact-data.log   |    0
 .../verification/fresh-functional-calculus.log     |    0
 .../MI-22/lean/verification/fresh-inspection.log   |  861 ++
 .../MI-22/lean/verification/fresh-norms.log        |    0
 .../MI-22/lean/verification/fresh-proof.log        |    9 +
 .../lean/verification/fresh-singular-values.log    |    0
 .../MI-22/lean/verification/fresh-solution.log     |    8 +
 .../MI-22/lean/verification/fresh-witness.log      |    0
 .../MI-22/lean/verification/fresh_check.py         |  177 +
 .../MI-22/lean/verification/full-build.json        |   12 +
 .../MI-22/lean/verification/full-build.log         |   20 +
 .../MI-22/lean/verification/generate_exact_data.py |   90 +
 .../MI-22/lean/verification/generation-check.json  |   12 +
 .../MI-22/lean/verification/inputs-after.json      |  237 +
 .../MI-22/lean/verification/inputs-before.json     |  178 +
 .../lean/verification/lakefile.statement.toml      |   14 +
 .../linux-2026-09-12/EVIDENCE-MANIFEST.json        | 1220 +++
 .../linux-2026-09-12/FETCH-IDENTITY.json           |   36 +
 .../linux-2026-09-12/OPERATIONAL-REVIEW.md         |  201 +
 .../linux-2026-09-12/artifact-metadata.json        |    1 +
 .../lean-MI-22/bootstrap/comparator-build.log      |   22 +
 .../artifacts/lean-MI-22/bootstrap/elan.log        |    4 +
 .../lean-MI-22/bootstrap/landrun-build.log         |    7 +
 .../comparator-controls.log                        |   81 +
 .../verify-20260912T214303Z-4163/comparator.log    |  130 +
 .../verify-20260912T214303Z-4163/dependencies.log  |   23 +
 .../kernel-controls.log                            |   27 +
 .../verify-20260912T214303Z-4163/mathlib-cache.log |  103 +
 .../negative-native.log                            |   14 +
 .../negative-sorry.log                             |   15 +
 .../verify-20260912T214303Z-4163/result.json       |  222 +
 .../verify-20260912T214303Z-4163/sandbox.log       |  111 +
 .../verify-20260912T214303Z-4163/user-service.log  |    3 +
 .../bootstrap/comparator-build.log                 |   22 +
 .../lean-checker-controls/bootstrap/elan.log       |    4 +
 .../bootstrap/landrun-build.log                    |    7 +
 .../comparator-controls.log                        |   81 +
 .../kernel-controls.log                            |   27 +
 .../negative-native.log                            |   14 +
 .../negative-sorry.log                             |   15 +
 .../selftest-20260912T214302Z-4099/result.json     |   20 +
 .../selftest-20260912T214302Z-4099/sandbox.log     |  111 +
 .../user-service.log                               |    3 +
 .../verification/linux-2026-09-12/audit-checks.log |   20 +
 .../verification/linux-2026-09-12/audit_checks.py  |  309 +
 .../linux-2026-09-12/axiom-verification.json       |   91 +
 .../linux-2026-09-12/control-verification.json     |   44 +
 .../linux-2026-09-12/fetch_artifacts.py            |   88 +
 .../linux-2026-09-12/fetch_id_check.py             |   27 +
 .../linux-2026-09-12/finalize_evidence.py          |   22 +
 .../linux-2026-09-12/identity-verification.json    |  223 +
 .../linux-2026-09-12/job-103625843532.log          |  283 +
 .../linux-2026-09-12/job-103625869047.log          |  692 ++
 .../linux-2026-09-12/job-103625869134.log          |  977 ++
 .../lean/verification/linux-2026-09-12/jobs.json   |    1 +
 .../verification/linux-2026-09-12/lean-MI-22.zip   |  Bin 0 -> 20668 bytes
 .../linux-2026-09-12/lean-checker-controls.zip     |  Bin 0 -> 8103 bytes
 .../permanent-id-job-103625843771.log              |  358 +
 .../linux-2026-09-12/permanent-id-jobs.json        |    1 +
 .../linux-2026-09-12/permanent-id-run.json         |    1 +
 .../verification/linux-2026-09-12/preflight.json   |  745 ++
 .../verification/linux-2026-09-12/preflight.py     |   22 +
 .../linux-2026-09-12/run-log-archive.json          |  443 +
 .../verification/linux-2026-09-12/run-logs.zip     |  Bin 0 -> 301955 bytes
 .../linux-2026-09-12/run-metadata.json             |    1 +
 .../source/.github/workflows/lean-verification.yml |  146 +
 .../forsythe/.tools/comparator/Comparator.lean     |    7 +
 .../.tools/comparator/Comparator/Axioms.lean       |   72 +
 .../.tools/comparator/Comparator/Compare.lean      |  110 +
 .../.tools/comparator/Comparator/Util.lean         |   28 +
 .../source/forsythe/.tools/comparator/LICENSE      |  201 +
 .../source/forsythe/.tools/comparator/Main.lean    |  374 +
 .../forsythe/.tools/comparator/lake-manifest.json  |   13 +
 .../forsythe/.tools/comparator/lakefile.toml       |   14 +
 .../forsythe/.tools/comparator/lean-toolchain      |    1 +
 .../forsythe/.tools/comparator/runtests.lean       |  189 +
 .../projects/simple_axiom_issue/Challenge.lean     |    2 +
 .../projects/simple_axiom_issue/Solution.lean      |    5 +
 .../tests/projects/simple_axiom_issue/config.json  |    7 +
 .../tests/projects/simple_axiom_issue/test.json    |    3 +
 .../projects/simple_kind_mismatch/Challenge.lean   |    2 +
 .../projects/simple_kind_mismatch/Solution.lean    |    5 +
 .../projects/simple_kind_mismatch/config.json      |    7 +
 .../tests/projects/simple_kind_mismatch/test.json  |    3 +
 .../tests/projects/simple_match/Challenge.lean     |    2 +
 .../tests/projects/simple_match/Solution.lean      |    2 +
 .../tests/projects/simple_match/config.json        |    7 +
 .../tests/projects/simple_match/test.json          |    3 +
 .../tests/projects/simple_mismatch/Challenge.lean  |    2 +
 .../tests/projects/simple_mismatch/Solution.lean   |    1 +
 .../tests/projects/simple_mismatch/config.json     |    7 +
 .../tests/projects/simple_mismatch/test.json       |    3 +
 .../source/forsythe/.tools/landrun/LICENSE         |   21 +
 .../forsythe/.tools/landrun/cmd/landrun/main.go    |  212 +
 .../.tools/landrun/cmd/landrun/main_test.go        |   53 +
 .../source/forsythe/.tools/landrun/go.mod          |   13 +
 .../source/forsythe/.tools/landrun/go.sum          |   16 +
 .../.tools/landrun/internal/elfdeps/elfdeps.go     |  409 +
 .../landrun/internal/elfdeps/elfdeps_test.go       |  467 +
 .../landrun/internal/elfdeps/testdata/liba.c       |    1 +
 .../landrun/internal/elfdeps/testdata/libb.c       |    2 +
 .../landrun/internal/elfdeps/testdata/main.c       |    2 +
 .../.tools/landrun/internal/exec/runner.go         |   21 +
 .../forsythe/.tools/landrun/internal/log/log.go    |   64 +
 .../.tools/landrun/internal/log/log_test.go        |   34 +
 .../.tools/landrun/internal/sandbox/sandbox.go     |  285 +
 .../landrun/internal/sandbox/sandbox_test.go       |  328 +
 .../source/forsythe/.tools/lean4export/Export.lean |  438 +
 .../forsythe/.tools/lean4export/Export/Parse.lean  |  509 +
 .../source/forsythe/.tools/lean4export/LICENSE     |  201 +
 .../source/forsythe/.tools/lean4export/Main.lean   |   18 +
 .../source/forsythe/.tools/lean4export/Test.lean   |  745 ++
 .../forsythe/.tools/lean4export/format_ndjson.md   |  352 +
 .../forsythe/.tools/lean4export/lake-manifest.json |    5 +
 .../forsythe/.tools/lean4export/lakefile.toml      |   14 +
 .../forsythe/.tools/lean4export/lean-toolchain     |    1 +
 .../linux-2026-09-12/source/forsythe/LICENSE       |  202 +
 .../source/forsythe/lean-toolchain                 |    1 +
 .../reproduction/checks/PinnedReplayProbe.lean     |   95 +
 .../reproduction/checks/comparator_regressions.py  |   79 +
 .../forsythe/reproduction/checks/run_replay.sh     |   19 +
 .../forsythe/reproduction/checks/sandbox_probe.py  |  165 +
 .../forsythe/scripts/comparator-lean-4.33.1.patch  |   11 +
 .../source/forsythe/scripts/strict_landrun.py      |   71 +
 .../linux-2026-09-12/source/git-commit.txt         |    6 +
 .../linux-2026-09-12/source/git-project-tree.txt   |  177 +
 .../matrix-inequalities-and-norms/MI-22/README.md  |   44 +
 .../MI-22/lean/.gitignore                          |    7 +
 .../MI-22/lean/Challenge.lean                      |   92 +
 .../MI-22/lean/LICENSE                             |  202 +
 .../MI-22/lean/NLA/MI22/Definitions.lean           |  119 +
 .../MI-22/lean/NLA/MI22/ExactData.lean             |  120 +
 .../MI-22/lean/NLA/MI22/FunctionalCalculus.lean    |   69 +
 .../MI-22/lean/NLA/MI22/Norms.lean                 |   88 +
 .../MI-22/lean/NLA/MI22/Proof.lean                 |  138 +
 .../MI-22/lean/NLA/MI22/SingularValues.lean        |   80 +
 .../MI-22/lean/NLA/MI22/Witness.lean               |  169 +
 .../MI-22/lean/NUMERICAL_TARGETS.md                |  235 +
 .../MI-22/lean/README.md                           |   48 +
 .../MI-22/lean/SOURCE_CORRESPONDENCE.md            |  123 +
 .../MI-22/lean/Solution.lean                       |  109 +
 .../MI-22/lean/comparator.json                     |   20 +
 .../MI-22/lean/formalization.yaml                  |  199 +
 .../MI-22/lean/lake-manifest.json                  |  129 +
 .../MI-22/lean/lakefile.toml                       |   17 +
 .../MI-22/lean/lean-toolchain                      |    1 +
 .../MI-22/lean/reviews/InspectStatements.lean      |   74 +
 .../MI-22/lean/reviews/check_and_freeze.py         |  141 +
 .../MI-22/lean/reviews/definition-axioms.json      |  189 +
 .../MI-22/lean/reviews/dependency-pins.json        |   62 +
 .../MI-22/lean/reviews/duplicate-scope.json        |   11 +
 .../MI-22/lean/reviews/fresh-challenge.log         |    8 +
 .../MI-22/lean/reviews/fresh-checks.json           |   65 +
 .../MI-22/lean/reviews/fresh-definitions.log       |    0
 .../MI-22/lean/reviews/fresh-inspection.log        |  116 +
 .../MI-22/lean/reviews/inputs-after.json           |   34 +
 .../MI-22/lean/reviews/inputs-before.json          |   33 +
 .../MI-22/lean/reviews/proof-completion.md         |  144 +
 .../reviews/proof-referee-1-evidence/Challenge.log |    8 +
 .../EVIDENCE-MANIFEST.json                         |  152 +
 .../reviews/proof-referee-1-evidence/Inspect.lean  |   98 +
 .../InspectCertificate.lean                        |    5 +
 .../NLA-MI22-Definitions.log                       |    0
 .../NLA-MI22-ExactData.log                         |    0
 .../NLA-MI22-FunctionalCalculus.log                |    0
 .../proof-referee-1-evidence/NLA-MI22-Norms.log    |    0
 .../proof-referee-1-evidence/NLA-MI22-Proof.log    |    9 +
 .../NLA-MI22-SingularValues.log                    |    0
 .../proof-referee-1-evidence/NLA-MI22-Witness.log  |    0
 .../reviews/proof-referee-1-evidence/Solution.log  |    8 +
 .../proof-referee-1-evidence/axiom-audit.json      |   97 +
 .../certificate-auxiliary-check.json               |   11 +
 .../certificate-auxiliary.log                      |    6 +
 .../proof-referee-1-evidence/consolidate_review.py |   91 +
 .../proof-referee-1-evidence/dependencies.json     |   52 +
 .../exact-table-audit.json                         |   31 +
 .../proof-referee-1-evidence/finalize_evidence.py  |   12 +
 .../proof-referee-1-evidence/fresh-checks.json     |  207 +
 .../proof-referee-1-evidence/fresh_review.py       |   85 +
 .../proof-referee-1-evidence/inputs-after.json     |  418 +
 .../proof-referee-1-evidence/inputs-before.json    |  418 +
 .../inspected-library-sources.json                 |   72 +
 .../proof-referee-1-evidence/inspection.log        | 6614 +++++++++++++
 .../proof-referee-1-evidence/original-sources.json |   42 +
 .../proof-referee-1-evidence/reconstruct.py        |  115 +
 .../proof-referee-1-evidence/reconstruction.json   |  253 +
 .../proof-referee-1-evidence/reconstruction.log    |    5 +
 .../reuse-search-command.json                      |   17 +
 .../proof-referee-1-evidence/reuse-search.log      |   29 +
 .../proof-referee-1-evidence/review-standards.json |   34 +
 .../proof-referee-1-evidence/scope-integrity.json  |   10 +
 .../proof-referee-1-evidence/signatures.json       |   15 +
 .../proof-referee-1-evidence/source-safety.json    |   37 +
 .../statement-integrity.json                       |   14 +
 .../MI-22/lean/reviews/proof-referee-1.md          |   54 +
 .../proof-referee-2-root-evidence/Inspect.lean     |   95 +
 .../NLA-MI22-Definitions.log                       |    0
 .../NLA-MI22-ExactData.log                         |    0
 .../NLA-MI22-FunctionalCalculus.log                |    0
 .../NLA-MI22-Norms.log                             |    0
 .../NLA-MI22-Proof.log                             |    9 +
 .../NLA-MI22-SingularValues.log                    |    0
 .../NLA-MI22-Witness.log                           |    0
 .../proof-referee-2-root-evidence/Solution.log     |    8 +
 .../proof-referee-2-root-evidence/audit.json       |   38 +
 .../reviews/proof-referee-2-root-evidence/audit.py |  108 +
 .../proof-referee-2-root-evidence/axioms.json      |  142 +
 .../dependencies.json                              |   65 +
 .../proof-referee-2-root-evidence/execution.json   |  119 +
 .../proof-referee-2-root-evidence/fresh_review.py  |   68 +
 .../inspect_review.py                              |   30 +
 .../proof-referee-2-root-evidence/inspection.json  |   10 +
 .../proof-referee-2-root-evidence/inspection.log   | 1500 +++
 .../proof-referee-2-root-evidence/manifest.json    |   81 +
 .../source-identity.json                           |   81 +
 .../MI-22/lean/reviews/proof-referee-2.md          |   45 +
 .../MI-22/lean/reviews/reconstruct.py              |  128 +
 .../MI-22/lean/reviews/reconstruction.json         |  268 +
 .../MI-22/lean/reviews/source-hashes.json          |   14 +
 .../MI-22/lean/reviews/statement-build.json        |   11 +
 .../MI-22/lean/reviews/statement-build.log         |   11 +
 .../MI-22/lean/reviews/statement-freeze.json       |   51 +
 .../MI-22/lean/reviews/statement-handoff.md        |   65 +
 .../statement-referee-1-evidence/Challenge.log     |    8 +
 .../EVIDENCE-MANIFEST.json                         |  113 +
 .../statement-referee-1-evidence/Inspect.lean      |   94 +
 .../NLA-MI22-Definitions.log                       |    0
 .../reviews/statement-referee-1-evidence/audit.py  |  116 +
 .../definition-axiom-audit.json                    |  122 +
 .../statement-referee-1-evidence/dependencies.json |   52 +
 .../statement-referee-1-evidence/fresh-checks.json |   67 +
 .../statement-referee-1-evidence/fresh_review.py   |   96 +
 .../statement-referee-1-evidence/inputs-after.json |   33 +
 .../inputs-before.json                             |   29 +
 .../statement-referee-1-evidence/inspection.log    | 9766 ++++++++++++++++++++
 .../statement-referee-1-evidence/integrity.json    |   11 +
 .../library-search-1.log                           |   16 +
 .../library-search-2.log                           |   52 +
 .../library-searches.json                          |   28 +
 .../library-sources.json                           |   20 +
 .../original-sources.json                          |   42 +
 .../primary-source-check.json                      |   17 +
 .../statement-referee-1-evidence/reconstruct.py    |  115 +
 .../reconstruction.json                            |  253 +
 .../reconstruction.log                             |    5 +
 .../review-standards.json                          |   33 +
 .../semantic-checks.json                           |   22 +
 .../statement-referee-1-evidence/signatures.json   |   34 +
 .../MI-22/lean/reviews/statement-referee-1.md      |  223 +
 .../statement-referee-2-root-evidence/Inspect.lean |   99 +
 .../challenge.log                                  |    8 +
 .../statement-referee-2-root-evidence/checks.json  |   40 +
 .../definitions.log                                |    0
 .../evidence-manifest.json                         |   17 +
 .../fresh_review.py                                |   39 +
 .../independent-input-audit.json                   |  204 +
 .../inspection.log                                 | 7616 +++++++++++++++
 .../library-hashes.json                            |    6 +
 .../reconstruct_independently.py                   |  127 +
 .../reconstruction.json                            |  162 +
 .../source-identity.json                           |   65 +
 .../MI-22/lean/reviews/statement-referee-2.md      |   58 +
 .../lean/verification/InspectCertificate.lean      |   12 +
 .../MI-22/lean/verification/InspectProof.lean      |   70 +
 .../MI-22/lean/verification/axioms.json            |  141 +
 .../lean/verification/build-registration.json      |    9 +
 .../candidate-2026-09-12/CANDIDATE-HANDOFF.md      |   31 +
 .../candidate-2026-09-12/EVIDENCE-MANIFEST.json    |   60 +
 .../candidate-2026-09-12/README.statement.md       |   38 +
 .../candidate-2026-09-12/inputs-before.json        |  427 +
 .../candidate-2026-09-12/integrity.json            |   77 +
 .../verification/candidate-2026-09-12/manifest.log |    1 +
 .../verification/candidate-2026-09-12/package.py   |   90 +
 .../candidate-2026-09-12/permanent-id-tests.log    |   22 +
 .../candidate-2026-09-12/permanent-ids.log         |    1 +
 .../lean/verification/candidate-2026-09-12/seal.py |   14 +
 .../candidate-2026-09-12/validate_package.py       |   44 +
 .../candidate-2026-09-12/validation.json           |   46 +
 .../MI-22/lean/verification/dependency-pins.json   |   62 +
 .../MI-22/lean/verification/fresh-certificate.log  |  118 +
 .../MI-22/lean/verification/fresh-challenge.log    |    8 +
 .../MI-22/lean/verification/fresh-checks.json      |  219 +
 .../MI-22/lean/verification/fresh-definitions.log  |    0
 .../MI-22/lean/verification/fresh-exact-data.log   |    0
 .../verification/fresh-functional-calculus.log     |    0
 .../MI-22/lean/verification/fresh-inspection.log   |  861 ++
 .../MI-22/lean/verification/fresh-norms.log        |    0
 .../MI-22/lean/verification/fresh-proof.log        |    9 +
 .../lean/verification/fresh-singular-values.log    |    0
 .../MI-22/lean/verification/fresh-solution.log     |    8 +
 .../MI-22/lean/verification/fresh-witness.log      |    0
 .../MI-22/lean/verification/fresh_check.py         |  177 +
 .../MI-22/lean/verification/full-build.json        |   12 +
 .../MI-22/lean/verification/full-build.log         |   20 +
 .../MI-22/lean/verification/generate_exact_data.py |   90 +
 .../MI-22/lean/verification/generation-check.json  |   12 +
 .../MI-22/lean/verification/inputs-after.json      |  237 +
 .../MI-22/lean/verification/inputs-before.json     |  178 +
 .../lean/verification/lakefile.statement.toml      |   14 +
 .../MI-22/lean/verification/proof-freeze.json      |  440 +
 .../MI-22/lean/verification/proof-start.json       |  160 +
 .../lean/verification/retained-dependencies.json   |   29 +
 .../lean/verification/root-linux-packaging.json    |   39 +
 .../MI-22/lean/verification/source-signatures.json |   15 +
 .../MI-22/problem.pdf                              |  Bin 0 -> 37591 bytes
 .../MI-22/problem.tex                              |  146 +
 .../MI-22/solution.md                              |   32 +
 .../MI-22/solution.pdf                             |  Bin 0 -> 56816 bytes
 .../MI-22/solution.tex                             |  202 +
 .../original-proofs/MI-22.tex                      |  120 +
 .../verification/reviews/MI-22-review.md           |   46 +
 .../linux-2026-09-12/source/sandbox_probe_ci.py    |  167 +
 .../source/tools/lean/bootstrap.sh                 |    5 +
 .../linux-2026-09-12/source/tools/lean/harness.py  |  505 +
 .../linux-2026-09-12/source/tools/lean/selftest.sh |    5 +
 .../source/tools/lean/source-lock.json             |  356 +
 .../linux-2026-09-12/source/tools/lean/verify.sh   |    5 +
 .../linux-2026-09-12/tool-source-verification.json |  374 +
 .../linux-2026-09-12/verify_evidence.py            |   15 +
 .../verification/linux-2026-09-12/write_report.py  |  211 +
 .../MI-22/lean/verification/proof-freeze.json      |  440 +
 .../MI-22/lean/verification/proof-start.json       |  160 +
 .../publication-2026-09-12/EVIDENCE-MANIFEST.json  |  156 +
 .../publication-2026-09-12/INDEPENDENT-REVIEW.md   |   19 +
 .../publication-2026-09-12/PUBLICATION-HANDOFF.md  |   39 +
 .../README.linux-candidate.md                      |   48 +
 .../publication-2026-09-12/ROOT-CHECKS.json        |  557 ++
 .../ROOT-EVIDENCE-MANIFEST.json                    |  131 +
 .../publication-2026-09-12/catalog.json            |   10 +
 .../publication-2026-09-12/catalog.log             |    1 +
 .../publication-2026-09-12/check_publication.py    |  125 +
 .../publication-2026-09-12/final-checks.json       |   72 +
 .../publication-2026-09-12/final-format.log        |    1 +
 .../formalization.linux-candidate.yaml             |  199 +
 .../publication-2026-09-12/format-write.json       |   10 +
 .../publication-2026-09-12/format-write.log        |    1 +
 .../publication-2026-09-12/id-tests.log            |   22 +
 .../publication-2026-09-12/integration.json        |   26 +
 .../publication-2026-09-12/integration.log         | 2668 ++++++
 .../publication-2026-09-12/integrity.json          |   84 +
 .../linux-evidence-offline.log                     |    1 +
 .../publication-2026-09-12/manifest.log            |    1 +
 .../publication-2026-09-12/pdf-rasterization.log   |    0
 .../publication-2026-09-12/pdf-render-checks.json  |   49 +
 .../publication-2026-09-12/pdf-text-extraction.log |    0
 .../publication-2026-09-12/pdf-text.txt            |  124 +
 .../publication-2026-09-12/pdfinfo.log             |   19 +
 .../publication-2026-09-12/permanent-ids.log       |    1 +
 .../publication-2026-09-12/render.json             |   15 +
 .../verification/publication-2026-09-12/render.log |    2 +
 .../root_publication_check.py                      |  151 +
 .../scoped-diff-check.before-whitespace-fix.log    |    2 +
 .../publication-2026-09-12/scoped-diff-check.log   |    0
 .../publication-2026-09-12/visual-review.json      |   29 +
 .../lean/verification/retained-dependencies.json   |   29 +
 .../lean/verification/root-linux-packaging.json    |   39 +
 .../MI-22/lean/verification/source-signatures.json |   15 +
 matrix-inequalities-and-norms/MI-22/problem.pdf    |  Bin 37591 -> 48481 bytes
 matrix-inequalities-and-norms/MI-22/problem.tex    |  113 +-
 matrix-inequalities-and-norms/MI-23/README.md      |   37 +-
 .../MI-23/lean/.gitignore                          |    5 +
 .../MI-23/lean/Challenge.lean                      |   96 +
 matrix-inequalities-and-norms/MI-23/lean/LICENSE   |  202 +
 .../MI-23/lean/NLA/MI23/Arithmetic.lean            |  140 +
 .../MI-23/lean/NLA/MI23/Definitions.lean           |  121 +
 .../MI-23/lean/NLA/MI23/FunctionalCalculus.lean    |  141 +
 .../MI-23/lean/NLA/MI23/NormBounds.lean            |   75 +
 .../MI-23/lean/NLA/MI23/Proof.lean                 |   99 +
 .../MI-23/lean/NLA/MI23/SpectralNorm.lean          |   93 +
 .../MI-23/lean/NLA/MI23/Witness.lean               |  134 +
 .../MI-23/lean/NUMERICAL_TARGETS.md                |  161 +
 matrix-inequalities-and-norms/MI-23/lean/README.md |  120 +
 .../MI-23/lean/Solution.lean                       |  229 +
 .../MI-23/lean/comparator.json                     |   20 +
 .../MI-23/lean/formalization.yaml                  |  206 +
 .../MI-23/lean/lake-manifest.json                  |  129 +
 .../MI-23/lean/lakefile.toml                       |   17 +
 .../MI-23/lean/lean-toolchain                      |    1 +
 .../MI-23/lean/reviews/InspectProof.lean           |   14 +
 .../MI-23/lean/reviews/InspectStatements.lean      |   34 +
 .../MI-23/lean/reviews/export-signature-check.json |   14 +
 .../MI-23/lean/reviews/implementation-gate.json    |   16 +
 .../MI-23/lean/reviews/numerical-precheck.json     |  160 +
 .../MI-23/lean/reviews/proof-completion.md         |   83 +
 .../MI-23/lean/reviews/proof-freeze.json           |  122 +
 .../MI-23/lean/reviews/proof-inspection.log        | 3232 +++++++
 .../reviews/proof-referee-1-evidence/Challenge.log |    8 +
 .../EVIDENCE-MANIFEST.json                         |  132 +
 .../reviews/proof-referee-1-evidence/Inspect.lean  |  105 +
 .../NLA-MI23-Arithmetic.log                        |    0
 .../NLA-MI23-Definitions.log                       |    0
 .../NLA-MI23-FunctionalCalculus.log                |    0
 .../NLA-MI23-NormBounds.log                        |    0
 .../proof-referee-1-evidence/NLA-MI23-Proof.log    |    0
 .../NLA-MI23-SpectralNorm.log                      |    0
 .../proof-referee-1-evidence/NLA-MI23-Witness.log  |    0
 .../reviews/proof-referee-1-evidence/Solution.log  |   64 +
 .../proof-referee-1-evidence/axiom-audit.json      |  326 +
 .../proof-referee-1-evidence/consolidate_review.py |  141 +
 .../proof-referee-1-evidence/dependencies.json     |   52 +
 .../proof-referee-1-evidence/finalize_evidence.py  |   32 +
 .../proof-referee-1-evidence/fresh-checks.json     |  207 +
 .../proof-referee-1-evidence/fresh_review.py       |   69 +
 .../independent-rational-check.json                |  254 +
 .../proof-referee-1-evidence/inputs-after.json     |  102 +
 .../proof-referee-1-evidence/inputs-before.json    |  102 +
 .../inspected-library-sources.json                 |   48 +
 .../proof-referee-1-evidence/inspection.log        | 2999 ++++++
 .../proof-referee-1-evidence/original-sources.json |   22 +
 .../reconstruct_witness.py                         |  126 +
 .../reuse-search-command.json                      |   11 +
 .../proof-referee-1-evidence/reuse-search.log      |   21 +
 .../proof-referee-1-evidence/review-checks.json    |   20 +
 .../proof-referee-1-evidence/review-standards.json |   37 +
 .../proof-referee-1-evidence/scope-integrity.json  |   33 +
 .../proof-referee-1-evidence/signatures.json       |   35 +
 .../MI-23/lean/reviews/proof-referee-1.md          |  215 +
 .../proof-referee-2-root-evidence/Inspect.lean     |   66 +
 .../NLA-MI23-Arithmetic.log                        |    0
 .../NLA-MI23-Definitions.log                       |    0
 .../NLA-MI23-FunctionalCalculus.log                |    0
 .../NLA-MI23-NormBounds.log                        |    0
 .../NLA-MI23-Proof.log                             |    0
 .../NLA-MI23-SpectralNorm.log                      |    0
 .../NLA-MI23-Witness.log                           |    0
 .../proof-referee-2-root-evidence/Solution.log     |   64 +
 .../proof-referee-2-root-evidence/audit.json       |   37 +
 .../reviews/proof-referee-2-root-evidence/audit.py |   92 +
 .../proof-referee-2-root-evidence/axioms.json      |  518 ++
 .../dependencies.json                              |   65 +
 .../proof-referee-2-root-evidence/execution.json   |  111 +
 .../proof-referee-2-root-evidence/fresh_review.py  |   59 +
 .../inspect_review.py                              |   30 +
 .../proof-referee-2-root-evidence/inspection.json  |   10 +
 .../proof-referee-2-root-evidence/inspection.log   |  844 ++
 .../proof-referee-2-root-evidence/manifest.json    |   21 +
 .../source-identity.json                           |   57 +
 .../MI-23/lean/reviews/proof-referee-2.md          |  159 +
 .../lean/reviews/proof-source-build-result.json    |  118 +
 .../MI-23/lean/reviews/proof-source-build.log      |   72 +
 .../MI-23/lean/reviews/reconstruct.py              |   87 +
 .../MI-23/lean/reviews/reelaborate-proof.py        |   80 +
 .../lean/reviews/statement-build-attempt-1.log     |    7 +
 .../MI-23/lean/reviews/statement-build-result.json |   12 +
 .../MI-23/lean/reviews/statement-build.log         |   11 +
 .../MI-23/lean/reviews/statement-freeze.json       |  131 +
 .../lean/reviews/statement-inspection-result.json  |   11 +
 .../MI-23/lean/reviews/statement-inspection.log    |  130 +
 .../statement-referee-1-evidence/Inspect.lean      |   46 +
 .../statement-referee-1-evidence/challenge.log     |    8 +
 .../statement-referee-1-evidence/definitions.log   |    0
 .../statement-referee-1-evidence/dependencies.json |   56 +
 .../evidence-manifest.json                         |   77 +
 .../statement-referee-1-evidence/fresh-checks.json |   41 +
 .../statement-referee-1-evidence/fresh_review.py   |   32 +
 .../statement-referee-1-evidence/inputs-after.json |   86 +
 .../inputs-before.json                             |   86 +
 .../inspection-compact.txt                         |  147 +
 .../statement-referee-1-evidence/inspection.log    | 2021 ++++
 .../instance-checks.json                           |   15 +
 .../library-hashes.json                            |   34 +
 .../primary-source-check.json                      |   11 +
 .../rational-check.json                            |  197 +
 .../statement-referee-1-evidence/rational_check.py |   40 +
 .../rubric-hashes.json                             |   27 +
 .../statement-referee-1-evidence/verdict.json      |    5 +
 .../MI-23/lean/reviews/statement-referee-1.md      |  160 +
 .../statement-referee-2-root-evidence/Inspect.lean |   34 +
 .../challenge.log                                  |    8 +
 .../statement-referee-2-root-evidence/checks.json  |   40 +
 .../definitions.log                                |    0
 .../evidence-manifest.json                         |   50 +
 .../freeze-check.json                              |   92 +
 .../inspection.log                                 | 2135 +++++
 .../library-hashes.json                            |    9 +
 .../rational-reconstruction.json                   |  171 +
 .../rational_reconstruction.py                     |   61 +
 .../root_statement_review.py                       |   36 +
 .../semantic-instance-check.json                   |   39 +
 .../source-identity.json                           |   65 +
 .../MI-23/lean/reviews/statement-referee-2.md      |   65 +
 .../MI-23/lean/reviews/statement-review-request.md |   11 +
 .../linux-2026-09-12/EVIDENCE-MANIFEST.json        | 1010 ++
 .../linux-2026-09-12/FETCH-IDENTITY.json           |   36 +
 .../linux-2026-09-12/OPERATIONAL-REVIEW.md         |   59 +
 .../linux-2026-09-12/artifact-metadata.json        |    1 +
 .../lean-MI-23/bootstrap/comparator-build.log      |   22 +
 .../artifacts/lean-MI-23/bootstrap/elan.log        |    4 +
 .../lean-MI-23/bootstrap/landrun-build.log         |    7 +
 .../comparator-controls.log                        |   81 +
 .../verify-20260912T202130Z-4146/comparator.log    |  177 +
 .../verify-20260912T202130Z-4146/dependencies.log  |   23 +
 .../kernel-controls.log                            |   27 +
 .../verify-20260912T202130Z-4146/mathlib-cache.log |  126 +
 .../negative-native.log                            |   14 +
 .../negative-sorry.log                             |   15 +
 .../verify-20260912T202130Z-4146/result.json       |  178 +
 .../verify-20260912T202130Z-4146/sandbox.log       |  111 +
 .../verify-20260912T202130Z-4146/user-service.log  |    3 +
 .../bootstrap/comparator-build.log                 |   22 +
 .../lean-checker-controls/bootstrap/elan.log       |    4 +
 .../bootstrap/landrun-build.log                    |    7 +
 .../comparator-controls.log                        |   81 +
 .../kernel-controls.log                            |   27 +
 .../negative-native.log                            |   14 +
 .../negative-sorry.log                             |   15 +
 .../selftest-20260912T202121Z-4114/result.json     |   20 +
 .../selftest-20260912T202121Z-4114/sandbox.log     |  111 +
 .../user-service.log                               |    3 +
 .../verification/linux-2026-09-12/audit-checks.log |   20 +
 .../linux-2026-09-12/audit-execution.json          |   12 +
 .../verification/linux-2026-09-12/audit_checks.py  |  284 +
 .../linux-2026-09-12/axiom-verification.json       |  326 +
 .../linux-2026-09-12/control-verification.json     |   44 +
 .../linux-2026-09-12/fetch_artifacts.py            |   89 +
 .../linux-2026-09-12/finalize_evidence.py          |   42 +
 .../linux-2026-09-12/identity-verification.json    |  193 +
 .../linux-2026-09-12/job-103615351787.log          |  280 +
 .../linux-2026-09-12/job-103615395897.log          |  692 ++
 .../linux-2026-09-12/job-103615395920.log          | 1047 +++
 .../linux-2026-09-12/job-phase-excerpts.txt        |  374 +
 .../lean/verification/linux-2026-09-12/jobs.json   |    1 +
 .../verification/linux-2026-09-12/lean-MI-23.zip   |  Bin 0 -> 20038 bytes
 .../linux-2026-09-12/lean-checker-controls.zip     |  Bin 0 -> 8090 bytes
 .../linux-2026-09-12/run-metadata.json             |    1 +
 .../linux-2026-09-12/source-precheck.json          |  181 +
 .../source/.github/workflows/lean-verification.yml |  146 +
 .../forsythe/.tools/comparator/Comparator.lean     |    7 +
 .../.tools/comparator/Comparator/Axioms.lean       |   72 +
 .../.tools/comparator/Comparator/Compare.lean      |  110 +
 .../.tools/comparator/Comparator/Util.lean         |   28 +
 .../source/forsythe/.tools/comparator/LICENSE      |  201 +
 .../source/forsythe/.tools/comparator/Main.lean    |  374 +
 .../forsythe/.tools/comparator/lake-manifest.json  |   13 +
 .../forsythe/.tools/comparator/lakefile.toml       |   14 +
 .../forsythe/.tools/comparator/lean-toolchain      |    1 +
 .../forsythe/.tools/comparator/runtests.lean       |  189 +
 .../projects/simple_axiom_issue/Challenge.lean     |    2 +
 .../projects/simple_axiom_issue/Solution.lean      |    5 +
 .../tests/projects/simple_axiom_issue/config.json  |    7 +
 .../tests/projects/simple_axiom_issue/test.json    |    3 +
 .../projects/simple_kind_mismatch/Challenge.lean   |    2 +
 .../projects/simple_kind_mismatch/Solution.lean    |    5 +
 .../projects/simple_kind_mismatch/config.json      |    7 +
 .../tests/projects/simple_kind_mismatch/test.json  |    3 +
 .../tests/projects/simple_match/Challenge.lean     |    2 +
 .../tests/projects/simple_match/Solution.lean      |    2 +
 .../tests/projects/simple_match/config.json        |    7 +
 .../tests/projects/simple_match/test.json          |    3 +
 .../tests/projects/simple_mismatch/Challenge.lean  |    2 +
 .../tests/projects/simple_mismatch/Solution.lean   |    1 +
 .../tests/projects/simple_mismatch/config.json     |    7 +
 .../tests/projects/simple_mismatch/test.json       |    3 +
 .../source/forsythe/.tools/landrun/LICENSE         |   21 +
 .../forsythe/.tools/landrun/cmd/landrun/main.go    |  212 +
 .../.tools/landrun/cmd/landrun/main_test.go        |   53 +
 .../source/forsythe/.tools/landrun/go.mod          |   13 +
 .../source/forsythe/.tools/landrun/go.sum          |   16 +
 .../.tools/landrun/internal/elfdeps/elfdeps.go     |  409 +
 .../landrun/internal/elfdeps/elfdeps_test.go       |  467 +
 .../landrun/internal/elfdeps/testdata/liba.c       |    1 +
 .../landrun/internal/elfdeps/testdata/libb.c       |    2 +
 .../landrun/internal/elfdeps/testdata/main.c       |    2 +
 .../.tools/landrun/internal/exec/runner.go         |   21 +
 .../forsythe/.tools/landrun/internal/log/log.go    |   64 +
 .../.tools/landrun/internal/log/log_test.go        |   34 +
 .../.tools/landrun/internal/sandbox/sandbox.go     |  285 +
 .../landrun/internal/sandbox/sandbox_test.go       |  328 +
 .../source/forsythe/.tools/lean4export/Export.lean |  438 +
 .../forsythe/.tools/lean4export/Export/Parse.lean  |  509 +
 .../source/forsythe/.tools/lean4export/LICENSE     |  201 +
 .../source/forsythe/.tools/lean4export/Main.lean   |   18 +
 .../source/forsythe/.tools/lean4export/Test.lean   |  745 ++
 .../forsythe/.tools/lean4export/format_ndjson.md   |  352 +
 .../forsythe/.tools/lean4export/lake-manifest.json |    5 +
 .../forsythe/.tools/lean4export/lakefile.toml      |   14 +
 .../forsythe/.tools/lean4export/lean-toolchain     |    1 +
 .../linux-2026-09-12/source/forsythe/LICENSE       |  202 +
 .../source/forsythe/lean-toolchain                 |    1 +
 .../reproduction/checks/PinnedReplayProbe.lean     |   95 +
 .../reproduction/checks/comparator_regressions.py  |   79 +
 .../forsythe/reproduction/checks/run_replay.sh     |   19 +
 .../forsythe/reproduction/checks/sandbox_probe.py  |  165 +
 .../forsythe/scripts/comparator-lean-4.33.1.patch  |   11 +
 .../source/forsythe/scripts/strict_landrun.py      |   71 +
 .../linux-2026-09-12/source/git-commit.txt         |    6 +
 .../linux-2026-09-12/source/git-project-tree.txt   |  133 +
 .../matrix-inequalities-and-norms/MI-23/README.md  |   49 +
 .../MI-23/lean/.gitignore                          |    5 +
 .../MI-23/lean/Challenge.lean                      |   96 +
 .../MI-23/lean/LICENSE                             |  202 +
 .../MI-23/lean/NLA/MI23/Arithmetic.lean            |  140 +
 .../MI-23/lean/NLA/MI23/Definitions.lean           |  121 +
 .../MI-23/lean/NLA/MI23/FunctionalCalculus.lean    |  141 +
 .../MI-23/lean/NLA/MI23/NormBounds.lean            |   75 +
 .../MI-23/lean/NLA/MI23/Proof.lean                 |   99 +
 .../MI-23/lean/NLA/MI23/SpectralNorm.lean          |   93 +
 .../MI-23/lean/NLA/MI23/Witness.lean               |  134 +
 .../MI-23/lean/NUMERICAL_TARGETS.md                |  161 +
 .../MI-23/lean/README.md                           |   93 +
 .../MI-23/lean/Solution.lean                       |  229 +
 .../MI-23/lean/comparator.json                     |   20 +
 .../MI-23/lean/formalization.yaml                  |  197 +
 .../MI-23/lean/lake-manifest.json                  |  129 +
 .../MI-23/lean/lakefile.toml                       |   17 +
 .../MI-23/lean/lean-toolchain                      |    1 +
 .../MI-23/lean/reviews/InspectProof.lean           |   14 +
 .../MI-23/lean/reviews/InspectStatements.lean      |   34 +
 .../MI-23/lean/reviews/export-signature-check.json |   14 +
 .../MI-23/lean/reviews/implementation-gate.json    |   16 +
 .../MI-23/lean/reviews/numerical-precheck.json     |  160 +
 .../MI-23/lean/reviews/proof-completion.md         |   83 +
 .../MI-23/lean/reviews/proof-freeze.json           |  122 +
 .../MI-23/lean/reviews/proof-inspection.log        | 3232 +++++++
 .../reviews/proof-referee-1-evidence/Challenge.log |    8 +
 .../EVIDENCE-MANIFEST.json                         |  132 +
 .../reviews/proof-referee-1-evidence/Inspect.lean  |  105 +
 .../NLA-MI23-Arithmetic.log                        |    0
 .../NLA-MI23-Definitions.log                       |    0
 .../NLA-MI23-FunctionalCalculus.log                |    0
 .../NLA-MI23-NormBounds.log                        |    0
 .../proof-referee-1-evidence/NLA-MI23-Proof.log    |    0
 .../NLA-MI23-SpectralNorm.log                      |    0
 .../proof-referee-1-evidence/NLA-MI23-Witness.log  |    0
 .../reviews/proof-referee-1-evidence/Solution.log  |   64 +
 .../proof-referee-1-evidence/axiom-audit.json      |  326 +
 .../proof-referee-1-evidence/consolidate_review.py |  141 +
 .../proof-referee-1-evidence/dependencies.json     |   52 +
 .../proof-referee-1-evidence/finalize_evidence.py  |   32 +
 .../proof-referee-1-evidence/fresh-checks.json     |  207 +
 .../proof-referee-1-evidence/fresh_review.py       |   69 +
 .../independent-rational-check.json                |  254 +
 .../proof-referee-1-evidence/inputs-after.json     |  102 +
 .../proof-referee-1-evidence/inputs-before.json    |  102 +
 .../inspected-library-sources.json                 |   48 +
 .../proof-referee-1-evidence/inspection.log        | 2999 ++++++
 .../proof-referee-1-evidence/original-sources.json |   22 +
 .../reconstruct_witness.py                         |  126 +
 .../reuse-search-command.json                      |   11 +
 .../proof-referee-1-evidence/reuse-search.log      |   21 +
 .../proof-referee-1-evidence/review-checks.json    |   20 +
 .../proof-referee-1-evidence/review-standards.json |   37 +
 .../proof-referee-1-evidence/scope-integrity.json  |   33 +
 .../proof-referee-1-evidence/signatures.json       |   35 +
 .../MI-23/lean/reviews/proof-referee-1.md          |  215 +
 .../proof-referee-2-root-evidence/Inspect.lean     |   66 +
 .../NLA-MI23-Arithmetic.log                        |    0
 .../NLA-MI23-Definitions.log                       |    0
 .../NLA-MI23-FunctionalCalculus.log                |    0
 .../NLA-MI23-NormBounds.log                        |    0
 .../NLA-MI23-Proof.log                             |    0
 .../NLA-MI23-SpectralNorm.log                      |    0
 .../NLA-MI23-Witness.log                           |    0
 .../proof-referee-2-root-evidence/Solution.log     |   64 +
 .../proof-referee-2-root-evidence/audit.json       |   37 +
 .../reviews/proof-referee-2-root-evidence/audit.py |   92 +
 .../proof-referee-2-root-evidence/axioms.json      |  518 ++
 .../dependencies.json                              |   65 +
 .../proof-referee-2-root-evidence/execution.json   |  111 +
 .../proof-referee-2-root-evidence/fresh_review.py  |   59 +
 .../inspect_review.py                              |   30 +
 .../proof-referee-2-root-evidence/inspection.json  |   10 +
 .../proof-referee-2-root-evidence/inspection.log   |  844 ++
 .../proof-referee-2-root-evidence/manifest.json    |   21 +
 .../source-identity.json                           |   57 +
 .../MI-23/lean/reviews/proof-referee-2.md          |  159 +
 .../lean/reviews/proof-source-build-result.json    |  118 +
 .../MI-23/lean/reviews/proof-source-build.log      |   72 +
 .../MI-23/lean/reviews/reconstruct.py              |   87 +
 .../MI-23/lean/reviews/reelaborate-proof.py        |   80 +
 .../lean/reviews/statement-build-attempt-1.log     |    7 +
 .../MI-23/lean/reviews/statement-build-result.json |   12 +
 .../MI-23/lean/reviews/statement-build.log         |   11 +
 .../MI-23/lean/reviews/statement-freeze.json       |  131 +
 .../lean/reviews/statement-inspection-result.json  |   11 +
 .../MI-23/lean/reviews/statement-inspection.log    |  130 +
 .../statement-referee-1-evidence/Inspect.lean      |   46 +
 .../statement-referee-1-evidence/challenge.log     |    8 +
 .../statement-referee-1-evidence/definitions.log   |    0
 .../statement-referee-1-evidence/dependencies.json |   56 +
 .../evidence-manifest.json                         |   77 +
 .../statement-referee-1-evidence/fresh-checks.json |   41 +
 .../statement-referee-1-evidence/fresh_review.py   |   32 +
 .../statement-referee-1-evidence/inputs-after.json |   86 +
 .../inputs-before.json                             |   86 +
 .../inspection-compact.txt                         |  147 +
 .../statement-referee-1-evidence/inspection.log    | 2021 ++++
 .../instance-checks.json                           |   15 +
 .../library-hashes.json                            |   34 +
 .../primary-source-check.json                      |   11 +
 .../rational-check.json                            |  197 +
 .../statement-referee-1-evidence/rational_check.py |   40 +
 .../rubric-hashes.json                             |   27 +
 .../statement-referee-1-evidence/verdict.json      |    5 +
 .../MI-23/lean/reviews/statement-referee-1.md      |  160 +
 .../statement-referee-2-root-evidence/Inspect.lean |   34 +
 .../challenge.log                                  |    8 +
 .../statement-referee-2-root-evidence/checks.json  |   40 +
 .../definitions.log                                |    0
 .../evidence-manifest.json                         |   50 +
 .../freeze-check.json                              |   92 +
 .../inspection.log                                 | 2135 +++++
 .../library-hashes.json                            |    9 +
 .../rational-reconstruction.json                   |  171 +
 .../rational_reconstruction.py                     |   61 +
 .../root_statement_review.py                       |   36 +
 .../semantic-instance-check.json                   |   39 +
 .../source-identity.json                           |   65 +
 .../MI-23/lean/reviews/statement-referee-2.md      |   65 +
 .../MI-23/lean/reviews/statement-review-request.md |   11 +
 .../CANDIDATE-HANDOFF.md                           |   42 +
 .../EVIDENCE-MANIFEST.json                         |   52 +
 .../linux-candidate-2026-09-12/dependencies.json   |   52 +
 .../frozen-local-proof-README.md                   |   62 +
 .../inputs-before-packaging.json                   |  486 +
 .../metadata-validation.log                        |    1 +
 .../packaging-record.json                          |  126 +
 .../permanent-id-tests.log                         |   22 +
 .../linux-candidate-2026-09-12/permanent-ids.log   |    1 +
 .../linux-candidate-2026-09-12/validate_package.py |  113 +
 .../lean/verification/root-linux-packaging.json    |   63 +
 .../MI-23/solution.md                              |   32 +
 .../MI-23/solution.pdf                             |  Bin 0 -> 48549 bytes
 .../MI-23/solution.tex                             |  143 +
 .../linux-2026-09-12/source/sandbox_probe_ci.py    |  167 +
 .../source/tools/lean/bootstrap.sh                 |    5 +
 .../linux-2026-09-12/source/tools/lean/harness.py  |  505 +
 .../linux-2026-09-12/source/tools/lean/selftest.sh |    5 +
 .../source/tools/lean/source-lock.json             |  356 +
 .../linux-2026-09-12/source/tools/lean/verify.sh   |    5 +
 .../linux-2026-09-12/tool-source-verification.json |  374 +
 .../CANDIDATE-HANDOFF.md                           |   42 +
 .../EVIDENCE-MANIFEST.json                         |   52 +
 .../linux-candidate-2026-09-12/dependencies.json   |   52 +
 .../frozen-local-proof-README.md                   |   62 +
 .../inputs-before-packaging.json                   |  486 +
 .../metadata-validation.log                        |    1 +
 .../packaging-record.json                          |  126 +
 .../permanent-id-tests.log                         |   22 +
 .../linux-candidate-2026-09-12/permanent-ids.log   |    1 +
 .../linux-candidate-2026-09-12/validate_package.py |  113 +
 .../publication-2026-09-12/EVIDENCE-MANIFEST.json  |  114 +
 .../publication-2026-09-12/INDEPENDENT-REVIEW.md   |   21 +
 .../publication-2026-09-12/PUBLICATION-REVIEW.md   |   13 +
 .../publication-2026-09-12/ROOT-CHECKS.json        |  458 +
 .../publication-2026-09-12/ROOT-MANIFEST.json      |  129 +
 .../publication-2026-09-12/before.json             |  619 ++
 .../publication-2026-09-12/catalog.json            |   10 +
 .../publication-2026-09-12/catalog.log             |    1 +
 .../publication-2026-09-12/final-checks.json       |   24 +
 .../publication-2026-09-12/final-format.log        |    1 +
 .../verification/publication-2026-09-12/finish.py  |  157 +
 .../publication-2026-09-12/format.json             |   11 +
 .../verification/publication-2026-09-12/format.log |    1 +
 .../publication-2026-09-12/id-tests.json           |   16 +
 .../publication-2026-09-12/id-tests.log            |   22 +
 .../publication-2026-09-12/integration.json        |   17 +
 .../publication-2026-09-12/integration.log         | 2668 ++++++
 .../publication-2026-09-12/integrity.json          |  246 +
 .../publication-2026-09-12/manifest.json           |   10 +
 .../publication-2026-09-12/manifest.log            |    1 +
 .../publication-2026-09-12/pdf-rasterization.json  |   12 +
 .../publication-2026-09-12/pdf-rasterization.log   |    0
 .../publication-2026-09-12/pdf-text.txt            |  133 +
 .../publication-2026-09-12/pdfinfo.log             |   19 +
 .../publication-2026-09-12/permanent-ids.json      |   11 +
 .../publication-2026-09-12/permanent-ids.log       |    1 +
 .../verification/publication-2026-09-12/prepare.py |  214 +
 .../publication-2026-09-12/render.json             |   13 +
 .../verification/publication-2026-09-12/render.log |    2 +
 .../root_publication_check.py                      |  126 +
 .../publication-2026-09-12/scoped-diff-check.log   |    0
 .../publication-2026-09-12/visual-review.json      |   11 +
 .../lean/verification/root-linux-packaging.json    |   63 +
 matrix-inequalities-and-norms/MI-23/problem.pdf    |  Bin 39997 -> 51269 bytes
 matrix-inequalities-and-norms/MI-23/problem.tex    |  125 +-
 matrix-inequalities-and-norms/README.md            |    4 +-
 .../RA-07/README.md                                |   44 +-
 .../RA-07/lean/.gitignore                          |    7 +
 .../RA-07/lean/Challenge.lean                      |   57 +
 .../RA-07/lean/LICENSE                             |  202 +
 .../RA-07/lean/NLA/RA07/Algebra.lean               |   63 +
 .../RA-07/lean/NLA/RA07/Definitions.lean           |   56 +
 .../RA-07/lean/NLA/RA07/Proof.lean                 |  113 +
 .../RA-07/lean/NLA/RA07/Roots.lean                 |  187 +
 .../RA-07/lean/NLA/RA07/Sums.lean                  |  163 +
 .../RA-07/lean/NUMERICAL_TARGETS.md                |  196 +
 .../RA-07/lean/README.md                           |  168 +
 .../RA-07/lean/SOURCE_MAP.md                       |   51 +
 .../RA-07/lean/Solution.lean                       |   84 +
 .../RA-07/lean/comparator.json                     |   18 +
 .../RA-07/lean/formalization.yaml                  |  195 +
 .../RA-07/lean/lake-manifest.json                  |  129 +
 .../RA-07/lean/lakefile.toml                       |   17 +
 .../RA-07/lean/lean-toolchain                      |    1 +
 .../RA-07/lean/reviews/InspectStatements.lean      |   30 +
 .../RA-07/lean/reviews/dependency-check.json       |   65 +
 .../RA-07/lean/reviews/exact-precheck.json         |  551 ++
 .../RA-07/lean/reviews/exact_precheck.py           |   68 +
 .../RA-07/lean/reviews/proof-completion.md         |   65 +
 .../RA-07/lean/reviews/proof-referee-1.md          |  222 +
 .../proof-referee-2-root-evidence/Inspect.lean     |   70 +
 .../NLA-RA07-Algebra.log                           |    0
 .../NLA-RA07-Definitions.log                       |    0
 .../NLA-RA07-Proof.log                             |    6 +
 .../NLA-RA07-Roots.log                             |    0
 .../NLA-RA07-Sums.log                              |    0
 .../proof-referee-2-root-evidence/Solution.log     |    6 +
 .../proof-referee-2-root-evidence/audit.json       |   33 +
 .../reviews/proof-referee-2-root-evidence/audit.py |   90 +
 .../proof-referee-2-root-evidence/axioms.json      |  102 +
 .../dependencies.json                              |   65 +
 .../proof-referee-2-root-evidence/execution.json   |   85 +
 .../proof-referee-2-root-evidence/fresh_review.py  |   59 +
 .../inspect_review.py                              |   33 +
 .../proof-referee-2-root-evidence/inspection.json  |   10 +
 .../proof-referee-2-root-evidence/inspection.log   |  266 +
 .../proof-referee-2-root-evidence/manifest.json    |   19 +
 .../source-identity.json                           |   49 +
 .../RA-07/lean/reviews/proof-referee-2.md          |  160 +
 .../RA-07/lean/reviews/source-identity.json        |   20 +
 .../reviews/statement-build-initial-result.json    |   14 +
 .../RA-07/lean/reviews/statement-build-initial.log |   11 +
 .../RA-07/lean/reviews/statement-build-result.json |   26 +
 .../RA-07/lean/reviews/statement-build.log         |    9 +
 .../RA-07/lean/reviews/statement-freeze.json       |   55 +
 .../RA-07/lean/reviews/statement-inspection.log    |  574 ++
 .../statement-referee-1-evidence/Inspect.lean      |   45 +
 .../challenge-source.log                           |    6 +
 .../definitions-source.log                         |    0
 .../exact-diagnostic.json                          |   20 +
 .../exact_diagnostic.py                            |  107 +
 .../statement-referee-1-evidence/execution.json    |   59 +
 .../statement-referee-1-evidence/inspection.log    |   93 +
 .../review-result.json                             |   19 +
 .../source-integrity.json                          |   84 +
 .../RA-07/lean/reviews/statement-referee-1.md      |  132 +
 .../statement-referee-2-root-evidence/Inspect.lean |   21 +
 .../challenge.log                                  |    6 +
 .../statement-referee-2-root-evidence/checks.json  |   40 +
 .../definitions.log                                |    0
 .../evidence-manifest.json                         |   46 +
 .../freeze-check.json                              |   40 +
 .../inspection.log                                 |  324 +
 .../library-hashes.json                            |    6 +
 .../rational_checks.json                           |  441 +
 .../rational_checks.py                             |   55 +
 .../root_statement_review.py                       |   36 +
 .../source-identity.json                           |   65 +
 .../RA-07/lean/reviews/statement-referee-2.md      |   56 +
 .../RA-07/lean/verification/InspectProof.lean      |   64 +
 .../RA-07/lean/verification/algebra.log            |    0
 .../RA-07/lean/verification/axiom-audit.json       |  114 +
 .../RA-07/lean/verification/challenge.log          |    6 +
 .../RA-07/lean/verification/definitions.log        |    0
 .../RA-07/lean/verification/dependencies.json      |   72 +
 .../lean/verification/final-referee-1/Inspect.lean |   82 +
 .../lean/verification/final-referee-1/algebra.log  |    0
 .../verification/final-referee-1/axiom-audit.json  |  168 +
 .../verification/final-referee-1/challenge.log     |    6 +
 .../verification/final-referee-1/definitions.log   |    0
 .../verification/final-referee-1/dependencies.json |   62 +
 .../final-referee-1/evidence-manifest.json         |   88 +
 .../verification/final-referee-1/exact_checks.json |  169 +
 .../verification/final-referee-1/exact_checks.py   |   77 +
 .../verification/final-referee-1/fresh-checks.json |  167 +
 .../verification/final-referee-1/fresh_check.py    |  136 +
 .../verification/final-referee-1/inputs-after.json |  207 +
 .../final-referee-1/inputs-before.json             |  166 +
 .../verification/final-referee-1/inspection.log    |  288 +
 .../final-referee-1/library-source-hashes.json     |   30 +
 .../lean/verification/final-referee-1/proof.log    |    6 +
 .../lean/verification/final-referee-1/roots.log    |    0
 .../lean/verification/final-referee-1/solution.log |    6 +
 .../verification/final-referee-1/source-audit.json |   16 +
 .../lean/verification/final-referee-1/sums.log     |    0
 .../RA-07/lean/verification/final_check.py         |  135 +
 .../RA-07/lean/verification/fresh-checks.json      |  165 +
 .../RA-07/lean/verification/inputs-after.json      |  162 +
 .../RA-07/lean/verification/inputs-before.json     |  130 +
 .../RA-07/lean/verification/inspection.log         |  232 +
 .../lean/verification/library-source-hashes.json   |   46 +
 .../linux-2026-09-12/EVIDENCE-MANIFEST.json        |  957 ++
 .../linux-2026-09-12/FETCH-IDENTITY.json           |   36 +
 .../linux-2026-09-12/OPERATIONAL-REVIEW.md         |   57 +
 .../linux-2026-09-12/artifact-metadata-final.json  |    1 +
 .../linux-2026-09-12/artifact-metadata.json        |    1 +
 .../lean-RA-07/bootstrap/comparator-build.log      |   22 +
 .../artifacts/lean-RA-07/bootstrap/elan.log        |    4 +
 .../lean-RA-07/bootstrap/landrun-build.log         |    7 +
 .../comparator-controls.log                        |   81 +
 .../verify-20260912T195642Z-4213/comparator.log    |   38 +
 .../verify-20260912T195642Z-4213/dependencies.log  |   23 +
 .../kernel-controls.log                            |   27 +
 .../verify-20260912T195642Z-4213/mathlib-cache.log |   99 +
 .../negative-native.log                            |   14 +
 .../negative-sorry.log                             |   15 +
 .../verify-20260912T195642Z-4213/result.json       |  166 +
 .../verify-20260912T195642Z-4213/sandbox.log       |  111 +
 .../verify-20260912T195642Z-4213/user-service.log  |    3 +
 .../bootstrap/comparator-build.log                 |   22 +
 .../lean-checker-controls/bootstrap/elan.log       |    4 +
 .../bootstrap/landrun-build.log                    |    7 +
 .../comparator-controls.log                        |   81 +
 .../kernel-controls.log                            |   27 +
 .../negative-native.log                            |   14 +
 .../negative-sorry.log                             |   15 +
 .../selftest-20260912T195637Z-3943/result.json     |   20 +
 .../selftest-20260912T195637Z-3943/sandbox.log     |  111 +
 .../user-service.log                               |    3 +
 .../linux-2026-09-12/audit-execution.json          |   12 +
 .../verification/linux-2026-09-12/audit_checks.py  |  272 +
 .../linux-2026-09-12/axiom-verification.json       |   66 +
 .../linux-2026-09-12/control-verification.json     |   42 +
 .../linux-2026-09-12/fetch_artifacts.py            |   86 +
 .../linux-2026-09-12/finalize_remote.py            |   34 +
 .../linux-2026-09-12/identity-verification.json    |  173 +
 .../linux-2026-09-12/job-103612054026.log          |  279 +
 .../linux-2026-09-12/job-103612082819.log          |  692 ++
 .../linux-2026-09-12/job-103612082888.log          |  881 ++
 .../linux-2026-09-12/jobs-at-fetch.json            |    1 +
 .../lean/verification/linux-2026-09-12/jobs.json   |    1 +
 .../verification/linux-2026-09-12/lean-RA-07.zip   |  Bin 0 -> 17230 bytes
 .../linux-2026-09-12/lean-checker-controls.zip     |  Bin 0 -> 8101 bytes
 .../linux-2026-09-12/run-metadata-at-fetch.json    |    1 +
 .../linux-2026-09-12/run-metadata.json             |    1 +
 .../source/.github/workflows/lean-verification.yml |  146 +
 .../forsythe/.tools/comparator/Comparator.lean     |    7 +
 .../.tools/comparator/Comparator/Axioms.lean       |   72 +
 .../.tools/comparator/Comparator/Compare.lean      |  110 +
 .../.tools/comparator/Comparator/Util.lean         |   28 +
 .../source/forsythe/.tools/comparator/LICENSE      |  201 +
 .../source/forsythe/.tools/comparator/Main.lean    |  374 +
 .../forsythe/.tools/comparator/lake-manifest.json  |   13 +
 .../forsythe/.tools/comparator/lakefile.toml       |   14 +
 .../forsythe/.tools/comparator/lean-toolchain      |    1 +
 .../forsythe/.tools/comparator/runtests.lean       |  189 +
 .../projects/simple_axiom_issue/Challenge.lean     |    2 +
 .../projects/simple_axiom_issue/Solution.lean      |    5 +
 .../tests/projects/simple_axiom_issue/config.json  |    7 +
 .../tests/projects/simple_axiom_issue/test.json    |    3 +
 .../projects/simple_kind_mismatch/Challenge.lean   |    2 +
 .../projects/simple_kind_mismatch/Solution.lean    |    5 +
 .../projects/simple_kind_mismatch/config.json      |    7 +
 .../tests/projects/simple_kind_mismatch/test.json  |    3 +
 .../tests/projects/simple_match/Challenge.lean     |    2 +
 .../tests/projects/simple_match/Solution.lean      |    2 +
 .../tests/projects/simple_match/config.json        |    7 +
 .../tests/projects/simple_match/test.json          |    3 +
 .../tests/projects/simple_mismatch/Challenge.lean  |    2 +
 .../tests/projects/simple_mismatch/Solution.lean   |    1 +
 .../tests/projects/simple_mismatch/config.json     |    7 +
 .../tests/projects/simple_mismatch/test.json       |    3 +
 .../source/forsythe/.tools/landrun/LICENSE         |   21 +
 .../forsythe/.tools/landrun/cmd/landrun/main.go    |  212 +
 .../.tools/landrun/cmd/landrun/main_test.go        |   53 +
 .../source/forsythe/.tools/landrun/go.mod          |   13 +
 .../source/forsythe/.tools/landrun/go.sum          |   16 +
 .../.tools/landrun/internal/elfdeps/elfdeps.go     |  409 +
 .../landrun/internal/elfdeps/elfdeps_test.go       |  467 +
 .../landrun/internal/elfdeps/testdata/liba.c       |    1 +
 .../landrun/internal/elfdeps/testdata/libb.c       |    2 +
 .../landrun/internal/elfdeps/testdata/main.c       |    2 +
 .../.tools/landrun/internal/exec/runner.go         |   21 +
 .../forsythe/.tools/landrun/internal/log/log.go    |   64 +
 .../.tools/landrun/internal/log/log_test.go        |   34 +
 .../.tools/landrun/internal/sandbox/sandbox.go     |  285 +
 .../landrun/internal/sandbox/sandbox_test.go       |  328 +
 .../source/forsythe/.tools/lean4export/Export.lean |  438 +
 .../forsythe/.tools/lean4export/Export/Parse.lean  |  509 +
 .../source/forsythe/.tools/lean4export/LICENSE     |  201 +
 .../source/forsythe/.tools/lean4export/Main.lean   |   18 +
 .../source/forsythe/.tools/lean4export/Test.lean   |  745 ++
 .../forsythe/.tools/lean4export/format_ndjson.md   |  352 +
 .../forsythe/.tools/lean4export/lake-manifest.json |    5 +
 .../forsythe/.tools/lean4export/lakefile.toml      |   14 +
 .../forsythe/.tools/lean4export/lean-toolchain     |    1 +
 .../linux-2026-09-12/source/forsythe/LICENSE       |  202 +
 .../source/forsythe/lean-toolchain                 |    1 +
 .../reproduction/checks/PinnedReplayProbe.lean     |   95 +
 .../reproduction/checks/comparator_regressions.py  |   79 +
 .../forsythe/reproduction/checks/run_replay.sh     |   19 +
 .../forsythe/reproduction/checks/sandbox_probe.py  |  165 +
 .../forsythe/scripts/comparator-lean-4.33.1.patch  |   11 +
 .../source/forsythe/scripts/strict_landrun.py      |   71 +
 .../linux-2026-09-12/source/git-commit.txt         |    6 +
 .../linux-2026-09-12/source/git-project-tree.txt   |  123 +
 .../RA-07/README.md                                |   63 +
 .../RA-07/lean/.gitignore                          |    7 +
 .../RA-07/lean/Challenge.lean                      |   57 +
 .../RA-07/lean/LICENSE                             |  202 +
 .../RA-07/lean/NLA/RA07/Algebra.lean               |   63 +
 .../RA-07/lean/NLA/RA07/Definitions.lean           |   56 +
 .../RA-07/lean/NLA/RA07/Proof.lean                 |  113 +
 .../RA-07/lean/NLA/RA07/Roots.lean                 |  187 +
 .../RA-07/lean/NLA/RA07/Sums.lean                  |  163 +
 .../RA-07/lean/NUMERICAL_TARGETS.md                |  196 +
 .../RA-07/lean/README.md                           |  149 +
 .../RA-07/lean/SOURCE_MAP.md                       |   51 +
 .../RA-07/lean/Solution.lean                       |   84 +
 .../RA-07/lean/comparator.json                     |   18 +
 .../RA-07/lean/formalization.yaml                  |  180 +
 .../RA-07/lean/lake-manifest.json                  |  129 +
 .../RA-07/lean/lakefile.toml                       |   17 +
 .../RA-07/lean/lean-toolchain                      |    1 +
 .../RA-07/lean/reviews/InspectStatements.lean      |   30 +
 .../RA-07/lean/reviews/dependency-check.json       |   65 +
 .../RA-07/lean/reviews/exact-precheck.json         |  551 ++
 .../RA-07/lean/reviews/exact_precheck.py           |   68 +
 .../RA-07/lean/reviews/proof-completion.md         |   65 +
 .../RA-07/lean/reviews/proof-referee-1.md          |  222 +
 .../proof-referee-2-root-evidence/Inspect.lean     |   70 +
 .../NLA-RA07-Algebra.log                           |    0
 .../NLA-RA07-Definitions.log                       |    0
 .../NLA-RA07-Proof.log                             |    6 +
 .../NLA-RA07-Roots.log                             |    0
 .../NLA-RA07-Sums.log                              |    0
 .../proof-referee-2-root-evidence/Solution.log     |    6 +
 .../proof-referee-2-root-evidence/audit.json       |   33 +
 .../reviews/proof-referee-2-root-evidence/audit.py |   90 +
 .../proof-referee-2-root-evidence/axioms.json      |  102 +
 .../dependencies.json                              |   65 +
 .../proof-referee-2-root-evidence/execution.json   |   85 +
 .../proof-referee-2-root-evidence/fresh_review.py  |   59 +
 .../inspect_review.py                              |   33 +
 .../proof-referee-2-root-evidence/inspection.json  |   10 +
 .../proof-referee-2-root-evidence/inspection.log   |  266 +
 .../proof-referee-2-root-evidence/manifest.json    |   19 +
 .../source-identity.json                           |   49 +
 .../RA-07/lean/reviews/proof-referee-2.md          |  160 +
 .../RA-07/lean/reviews/source-identity.json        |   20 +
 .../reviews/statement-build-initial-result.json    |   14 +
 .../RA-07/lean/reviews/statement-build-initial.log |   11 +
 .../RA-07/lean/reviews/statement-build-result.json |   26 +
 .../RA-07/lean/reviews/statement-build.log         |    9 +
 .../RA-07/lean/reviews/statement-freeze.json       |   55 +
 .../RA-07/lean/reviews/statement-inspection.log    |  574 ++
 .../statement-referee-1-evidence/Inspect.lean      |   45 +
 .../challenge-source.log                           |    6 +
 .../definitions-source.log                         |    0
 .../exact-diagnostic.json                          |   20 +
 .../exact_diagnostic.py                            |  107 +
 .../statement-referee-1-evidence/execution.json    |   59 +
 .../statement-referee-1-evidence/inspection.log    |   93 +
 .../review-result.json                             |   19 +
 .../source-integrity.json                          |   84 +
 .../RA-07/lean/reviews/statement-referee-1.md      |  132 +
 .../statement-referee-2-root-evidence/Inspect.lean |   21 +
 .../challenge.log                                  |    6 +
 .../statement-referee-2-root-evidence/checks.json  |   40 +
 .../definitions.log                                |    0
 .../evidence-manifest.json                         |   46 +
 .../freeze-check.json                              |   40 +
 .../inspection.log                                 |  324 +
 .../library-hashes.json                            |    6 +
 .../rational_checks.json                           |  441 +
 .../rational_checks.py                             |   55 +
 .../root_statement_review.py                       |   36 +
 .../source-identity.json                           |   65 +
 .../RA-07/lean/reviews/statement-referee-2.md      |   56 +
 .../RA-07/lean/verification/InspectProof.lean      |   64 +
 .../RA-07/lean/verification/algebra.log            |    0
 .../RA-07/lean/verification/axiom-audit.json       |  114 +
 .../RA-07/lean/verification/challenge.log          |    6 +
 .../RA-07/lean/verification/definitions.log        |    0
 .../RA-07/lean/verification/dependencies.json      |   72 +
 .../lean/verification/final-referee-1/Inspect.lean |   82 +
 .../lean/verification/final-referee-1/algebra.log  |    0
 .../verification/final-referee-1/axiom-audit.json  |  168 +
 .../verification/final-referee-1/challenge.log     |    6 +
 .../verification/final-referee-1/definitions.log   |    0
 .../verification/final-referee-1/dependencies.json |   62 +
 .../final-referee-1/evidence-manifest.json         |   88 +
 .../verification/final-referee-1/exact_checks.json |  169 +
 .../verification/final-referee-1/exact_checks.py   |   77 +
 .../verification/final-referee-1/fresh-checks.json |  167 +
 .../verification/final-referee-1/fresh_check.py    |  136 +
 .../verification/final-referee-1/inputs-after.json |  207 +
 .../final-referee-1/inputs-before.json             |  166 +
 .../verification/final-referee-1/inspection.log    |  288 +
 .../final-referee-1/library-source-hashes.json     |   30 +
 .../lean/verification/final-referee-1/proof.log    |    6 +
 .../lean/verification/final-referee-1/roots.log    |    0
 .../lean/verification/final-referee-1/solution.log |    6 +
 .../verification/final-referee-1/source-audit.json |   16 +
 .../lean/verification/final-referee-1/sums.log     |    0
 .../RA-07/lean/verification/final_check.py         |  135 +
 .../RA-07/lean/verification/fresh-checks.json      |  165 +
 .../RA-07/lean/verification/inputs-after.json      |  162 +
 .../RA-07/lean/verification/inputs-before.json     |  130 +
 .../RA-07/lean/verification/inspection.log         |  232 +
 .../lean/verification/library-source-hashes.json   |   46 +
 .../CANDIDATE-HANDOFF.md                           |   36 +
 .../EVIDENCE-MANIFEST.json                         |   46 +
 .../linux-candidate-2026-09-12/check_packaging.py  |   90 +
 .../dependency-check.json                          |   52 +
 .../frozen-statement-stage-README.md               |   42 +
 .../linux-candidate-2026-09-12/inputs-before.json  |  446 +
 .../metadata-validation.log                        |    1 +
 .../linux-candidate-2026-09-12/packaging-check.log |    1 +
 .../packaging-record.json                          |  250 +
 .../permanent-id-tests.log                         |   22 +
 .../linux-candidate-2026-09-12/permanent-ids.log   |    1 +
 .../RA-07/lean/verification/proof-freeze.json      |  185 +
 .../RA-07/lean/verification/proof-start.json       |   34 +
 .../RA-07/lean/verification/proof.log              |    6 +
 .../lean/verification/root-linux-packaging.json    |   74 +
 .../RA-07/lean/verification/roots.log              |    0
 .../RA-07/lean/verification/solution.log           |    6 +
 .../RA-07/lean/verification/source-audit.json      |   18 +
 .../RA-07/lean/verification/sums.log               |    0
 .../manuscripts/01_volume_sampling_convexity.md    |   11 +
 .../manuscripts/01_volume_sampling_convexity.tex   |  234 +
 .../verification/reviews/RA-07-review.md           |   83 +
 .../linux-2026-09-12/source/sandbox_probe_ci.py    |  167 +
 .../source/tools/lean/bootstrap.sh                 |    5 +
 .../linux-2026-09-12/source/tools/lean/harness.py  |  505 +
 .../linux-2026-09-12/source/tools/lean/selftest.sh |    5 +
 .../source/tools/lean/source-lock.json             |  356 +
 .../linux-2026-09-12/source/tools/lean/verify.sh   |    5 +
 .../linux-2026-09-12/tool-source-verification.json |  374 +
 .../CANDIDATE-HANDOFF.md                           |   36 +
 .../EVIDENCE-MANIFEST.json                         |   46 +
 .../linux-candidate-2026-09-12/check_packaging.py  |   90 +
 .../dependency-check.json                          |   52 +
 .../frozen-statement-stage-README.md               |   42 +
 .../linux-candidate-2026-09-12/inputs-before.json  |  446 +
 .../metadata-validation.log                        |    1 +
 .../linux-candidate-2026-09-12/packaging-check.log |    1 +
 .../packaging-record.json                          |  250 +
 .../permanent-id-tests.log                         |   22 +
 .../linux-candidate-2026-09-12/permanent-ids.log   |    1 +
 .../RA-07/lean/verification/proof-freeze.json      |  185 +
 .../RA-07/lean/verification/proof-start.json       |   34 +
 .../RA-07/lean/verification/proof.log              |    6 +
 .../publication-2026-09-12/INDEPENDENT-REVIEW.md   |   21 +
 .../publication-2026-09-12/PUBLICATION-REVIEW.md   |   27 +
 .../publication-2026-09-12/ROOT-CHECKS.json        |  438 +
 .../publication-2026-09-12/before.json             |  672 ++
 .../publication-2026-09-12/catalog.log             |    1 +
 .../publication-2026-09-12/check_publication.py    |   27 +
 .../publication-2026-09-12/checks.json             |   92 +
 .../publication-2026-09-12/diff-check-final.log    |    0
 .../publication-2026-09-12/diff-check.log          |    0
 .../evidence-count-supplement.json                 |   15 +
 .../publication-2026-09-12/final-checks.json       |   21 +
 .../publication-2026-09-12/finish_publication.py   |  219 +
 .../publication-2026-09-12/format-check-final.log  |    1 +
 .../publication-2026-09-12/format-check.log        |    1 +
 .../publication-2026-09-12/format-write.log        |    1 +
 .../publication-2026-09-12/id-tests.log            |   22 +
 .../publication-2026-09-12/ids-origin-main.log     |    1 +
 .../publication-2026-09-12/ids-upstream.log        |    1 +
 .../publication-2026-09-12/initial-pdf-text.txt    |  141 +
 .../publication-2026-09-12/initial-pdfinfo.log     |   19 +
 .../initial-render-result.json                     |   11 +
 .../publication-2026-09-12/initial-render.log      |    2 +
 .../publication-2026-09-12/integrity.json          |  206 +
 .../publication-2026-09-12/manifest-final.log      |    1 +
 .../publication-2026-09-12/manifest.log            |    1 +
 .../publication-2026-09-12/pdf-text.txt            |  126 +
 .../publication-2026-09-12/pdfinfo.log             |   19 +
 .../publication-2026-09-12/prepare_publication.py  |  254 +
 .../publication-2026-09-12/render-result.json      |   12 +
 .../verification/publication-2026-09-12/render.log |    2 +
 .../root_publication_check.py                      |  131 +
 .../lean/verification/root-linux-packaging.json    |   74 +
 .../RA-07/lean/verification/roots.log              |    0
 .../RA-07/lean/verification/solution.log           |    6 +
 .../RA-07/lean/verification/source-audit.json      |   18 +
 .../RA-07/lean/verification/sums.log               |    0
 .../RA-07/problem.pdf                              |  Bin 39061 -> 50008 bytes
 .../RA-07/problem.tex                              |  135 +-
 randomized-and-low-rank-approximation/README.md    |    2 +-
 references/holden-ie12-2026-09-12/README.md        |   45 +
 .../holden-ie12-2026-09-12/exact-tests-rerun.txt   |   14 +
 .../holden-ie12-2026-09-12/independent-review.md   |   35 +
 .../holden-ie12-2026-09-12/submitted/AUDIT.md      |   91 +
 .../submitted/IE12_solution.pdf                    |  Bin 0 -> 249682 bytes
 .../holden-ie12-2026-09-12/submitted/README.md     |  111 +
 .../holden-ie12-2026-09-12/submitted/SHA256SUMS    |   17 +
 .../holden-ie12-2026-09-12/submitted/SOURCES.md    |   51 +
 .../holden-ie12-2026-09-12/submitted/build_pdf.sh  |   16 +
 .../submitted/code/run_experiments.py              |  157 +
 .../submitted/code/solver.py                       |  164 +
 .../submitted/code/test_exact.py                   |  146 +
 .../submitted/code/weighted_matvec.py              |  268 +
 .../submitted/paper/IE12_solution.tex              |  759 ++
 .../submitted/requirements.txt                     |    4 +
 .../submitted/verification/README.md               |   33 +
 .../submitted/verification/exact_tests.txt         |   14 +
 .../submitted/verification/experiments.csv         |   16 +
 .../submitted/verification/experiments.json        |  310 +
 .../submitted/verification/numerical_tests.txt     |   19 +
 .../submitted/verification/solver_demo.txt         |    4 +
 .../holden-ie16-2026-09-12/INDEPENDENT-REVIEW.md   |   75 +
 references/holden-ie16-2026-09-12/README.md        |   33 +
 .../holden-ie16-2026-09-12/reviewer_check.py       |   38 +
 .../holden-ie16-2026-09-12/submitted/README.md     |  123 +
 .../holden-ie16-2026-09-12/submitted/SHA256SUMS    |    8 +
 .../holden-ie16-2026-09-12/submitted/SOURCES.md    |   23 +
 .../holden-ie16-2026-09-12/submitted/build_pdf.sh  |   14 +
 .../certificates/all_subset_certificate.json       | 6170 +++++++++++++
 .../submitted/certificates/verification_report.txt |   24 +
 .../submitted/code/verify.py                       |  292 +
 .../holden-ie16-2026-09-12/submitted/solution.pdf  |  Bin 0 -> 384840 bytes
 .../submitted/source/solution.tex                  |  600 ++
 .../holden-ie16-2026-09-12/verification-rerun.txt  |   24 +
 references/holden-ke01-2026-09-12/README.md        |   25 +
 .../code/exact_arithmetic.py                       |  176 +
 .../code/example_instance.json                     |    7 +
 .../holden-ke01-2026-09-12/code/requirements.txt   |    3 +
 .../holden-ke01-2026-09-12/code/solve_json.py      |   67 +
 .../holden-ke01-2026-09-12/code/verify_exact.py    |  331 +
 .../holden-ke01-2026-09-12/independent-review.md   |   55 +
 references/holden-ke01-2026-09-12/report.pdf       |  Bin 0 -> 372756 bytes
 references/holden-ke01-2026-09-12/report.tex       |  664 ++
 .../submitted/MANIFEST.sha256                      |   13 +
 .../holden-ke01-2026-09-12/submitted/README.md     |  118 +
 .../holden-ke01-2026-09-12/submitted/STATUS.md     |   42 +
 .../submitted/code/exact_arithmetic.py             |  176 +
 .../submitted/code/example_instance.json           |    7 +
 .../submitted/code/requirements.txt                |    3 +
 .../submitted/code/solve_json.py                   |   67 +
 .../submitted/code/verify_exact.py                 |  331 +
 .../submitted/report/report.pdf                    |  Bin 0 -> 372155 bytes
 .../submitted/report/report.tex                    |  660 ++
 .../submitted/results/README.md                    |   13 +
 .../submitted/results/cgls_cases.csv               |   67 +
 .../submitted/results/exact_checks.json            |  295 +
 .../submitted/results/example_solution.json        |   14 +
 .../verification/cgls_cases.csv                    |   67 +
 .../verification/exact_checks.json                 |  295 +
 references/holden-spectral-2026-09-12/.gitignore   |    2 +
 .../holden-spectral-2026-09-12/KE-02/algorithm.py  |   64 +
 .../holden-spectral-2026-09-12/KE-02/notes.md      |   39 +
 .../KE-02/prior_weak_coupling_proof.md             |  110 +
 .../holden-spectral-2026-09-12/KE-02/proof.md      |  272 +
 .../KE-02/proposed_readme_addition.md              |   24 +
 .../KE-02/self_review.md                           |   32 +
 .../KE-02/verification/check_exact.py              |   63 +
 .../KE-02/verification/exact_tests.log             |    2 +
 references/holden-spectral-2026-09-12/README.md    |   46 +
 .../holden-spectral-2026-09-12/SP-03/notes.md      |   18 +
 .../holden-spectral-2026-09-12/SP-03/proof.md      |  276 +
 .../holden-spectral-2026-09-12/SP-03/result.md     |   26 +
 .../SP-03/self_review.md                           |   23 +
 .../SP-03/verification/check_exact_algebra.py      |   30 +
 .../SP-03/verification/exact_tests.log             |    1 +
 .../holden-spectral-2026-09-12/SP-07/notes.md      |   11 +
 .../holden-spectral-2026-09-12/SP-07/result.md     |   36 +
 .../SP-07/self_review.md                           |   10 +
 .../SP-08/certificates/SP-08_n10_a0.json.gz        |  Bin 0 -> 1246777 bytes
 .../SP-08/certificates/SP-08_n11_a0.json.gz        |  Bin 0 -> 4630374 bytes
 .../SP-08/certificates/SP-08_n8_a-half.json.gz     |  Bin 0 -> 99179 bytes
 .../holden-spectral-2026-09-12/SP-08/notes.md      |   26 +
 .../holden-spectral-2026-09-12/SP-08/proof.md      |  392 +
 .../holden-spectral-2026-09-12/SP-08/result.md     |   35 +
 .../SP-08/self_review.md                           |   30 +
 .../SP-08/verification/PRIOR_VERIFICATION_GUIDE.md |   97 +
 .../SP-08/verification/README.md                   |   33 +
 .../verification/check_taylor_certificates.py      |   70 +
 .../prior_logs/SP-08_n10_generation.log            |   29 +
 .../prior_logs/SP-08_n10_verification.log          |    9 +
 .../SP-08_n11_certificate_verification.log         |    1 +
 .../prior_logs/SP-08_n11_coverage_verification.log |   33 +
 .../prior_logs/SP-08_n11_generation.log            |   23 +
 .../prior_logs/SP-08_n8_generation.log             |   22 +
 .../SP-08_n8_reference_integer_check.log           |    1 +
 .../prior_logs/SP-08_n8_verification.log           |    2 +
 .../SP-08/verification/recheck_n10.log             |    9 +
 .../SP-08/verification/recheck_n11.log             |   33 +
 .../SP-08/verification/recheck_n8.log              |    2 +
 .../SP-08/verification/recheck_n8_reference.log    |    1 +
 .../SP-08/verification/reference_integer_check.py  |   40 +
 .../SP-08/verification/requirements.txt            |    3 +
 .../SP-08/verification/spread_exact.py             |  211 +
 .../verification/taylor_certificate_tests.log      |    3 +
 .../holden-spectral-2026-09-12/SP-09/notes.md      |   23 +
 .../holden-spectral-2026-09-12/SP-09/proof.md      |  200 +
 .../holden-spectral-2026-09-12/SP-09/result.md     |   29 +
 .../SP-09/self_review.md                           |   16 +
 .../SP-09/verification/check_exact_thresholds.py   |   35 +
 .../SP-09/verification/exact_tests.log             |    2 +
 .../holden-spectral-2026-09-12/source-sha256.json  |   51 +
 .../sources/REFERENCES.md                          |   88 +
 .../sources/prior_session/HANDOFF_TO_CODEX.md      |   76 +
 .../sources/prior_session/README.md                |   99 +
 .../sources/prior_session/REFERENCES.md            |   59 +
 .../sources/prior_session/TARGET_STATUS.md         |   49 +
 .../sources/prior_session/session.json             |   32 +
 .../sources/snapshot.json                          |  156 +
 .../verification/KE-02-checks.log                  |    5 +
 .../verification/KE-02-review.md                   |   39 +
 .../verification/SP-08-binomial-independent.log    |    4 +
 .../SP-08-n8-reference-independent.log             |    1 +
 .../verification/SP-08-review.md                   |  116 +
 .../verification/SP-08-reviewed-sha256.json        |    9 +
 .../verification/SP-08_n10_a0-independent.log      |   11 +
 .../verification/SP-08_n11_a0-independent.log      |   35 +
 .../verification/SP-08_n8_a-half-independent.log   |    4 +
 .../verification/SP-09-SP-07-SP-03-review.md       |  141 +
 .../verification/integration-check.md              |    9 +
 reviews/2026-09-12-pr-183/README.md                |   54 +
 reviews/2026-09-12-pr-183/integration-review.md    |   45 +
 reviews/2026-09-12-pr-183/publication-ci-review.md |   48 +
 reviews/2026-09-12-pr-183/repository-tests.log     |   83 +
 reviews/2026-09-12-pr-183/source-review.md         |   61 +
 .../2026-09-12-pr-183/spectral-norm-crosscheck.md  |   37 +
 .../2026-09-12-pr-183/upstream-ci-evidence.json    |  179 +
 reviews/2026-09-12-prs-172-182/PR172-review.md     |   49 +
 .../PR173-PR182-cross-review.md                    |   35 +
 reviews/2026-09-12-prs-172-182/PR174-review.md     |   35 +
 reviews/2026-09-12-prs-172-182/PR177-review.md     |   54 +
 reviews/2026-09-12-prs-172-182/PR178-review.md     |   75 +
 reviews/2026-09-12-prs-172-182/PR179-review.md     |   49 +
 reviews/2026-09-12-prs-172-182/PR181-review.md     |   88 +
 reviews/2026-09-12-prs-172-182/README.md           |   36 +
 .../integration-preservation.json                  |   45 +
 .../lean-publication-review.md                     |   53 +
 .../2026-09-12-prs-172-182/pdf-reflow-review.md    |   12 +
 .../2026-09-12-prs-172-182/repository-tests.log    |   83 +
 .../upstream-ci-evidence.json                      |  102 +
 tensor-computations/README.md                      |    2 +-
 tensor-computations/TR-15/README.md                |   36 +-
 tensor-computations/TR-15/lean/.gitignore          |    7 +
 tensor-computations/TR-15/lean/Challenge.lean      |   52 +
 tensor-computations/TR-15/lean/LICENSE             |  202 +
 .../TR-15/lean/NLA/TR15/Definitions.lean           |  116 +
 tensor-computations/TR-15/lean/NLA/TR15/Proof.lean |  180 +
 .../TR-15/lean/NUMERICAL_TARGETS.md                |  201 +
 tensor-computations/TR-15/lean/README.md           |  115 +
 .../TR-15/lean/SOURCE_CORRESPONDENCE.md            |   72 +
 tensor-computations/TR-15/lean/Solution.lean       |   69 +
 tensor-computations/TR-15/lean/comparator.json     |   19 +
 tensor-computations/TR-15/lean/formalization.yaml  |  196 +
 tensor-computations/TR-15/lean/lake-manifest.json  |  129 +
 tensor-computations/TR-15/lean/lakefile.toml       |   17 +
 tensor-computations/TR-15/lean/lean-toolchain      |    1 +
 .../TR-15/lean/reviews/InspectStatements.lean      |   25 +
 .../TR-15/lean/reviews/dependency-pins.json        |   66 +
 .../TR-15/lean/reviews/proof-completion.md         |  142 +
 .../TR-15/lean/reviews/proof-freeze.json           |  108 +
 .../reviews/proof-referee-1-evidence/Inspect.lean  |   79 +
 .../proof-referee-1-evidence/InspectChecker.lean   |    8 +
 .../proof-referee-1-evidence/axiom-audit.json      |  129 +
 .../reviews/proof-referee-1-evidence/challenge.log |    7 +
 .../reviews/proof-referee-1-evidence/checker.json  |   10 +
 .../reviews/proof-referee-1-evidence/checker.log   |    6 +
 .../reviews/proof-referee-1-evidence/checks.json   |   94 +
 .../proof-referee-1-evidence/definitions.log       |    0
 .../proof-referee-1-evidence/dependency-pins.json  |   62 +
 .../evidence-manifest.json                         |  106 +
 .../final-freeze-check.json                        |    7 +
 .../proof-referee-1-evidence/inputs-after.json     |   86 +
 .../proof-referee-1-evidence/inputs-before.json    |   86 +
 .../proof-referee-1-evidence/inspection.log        |  442 +
 .../proof-referee-1-evidence/primary-source.json   |   11 +
 .../reviews/proof-referee-1-evidence/proof.log     |    8 +
 .../read-source-hashes.json                        |   16 +
 .../proof-referee-1-evidence/reconstruct.py        |   83 +
 .../proof-referee-1-evidence/reconstruction.json   |   78 +
 .../proof-referee-1-evidence/reuse-search-1.log    |    0
 .../proof-referee-1-evidence/reuse-search-2.log    |   19 +
 .../proof-referee-1-evidence/reuse-search.json     |   26 +
 .../proof-referee-1-evidence/rubric-hashes.json    |   18 +
 .../reviews/proof-referee-1-evidence/run_review.py |  133 +
 .../proof-referee-1-evidence/signatures.json       |   12 +
 .../reviews/proof-referee-1-evidence/solution.log  |    7 +
 .../TR-15/lean/reviews/proof-referee-1.md          |   58 +
 .../proof-referee-2-root-evidence/Inspect.lean     |   73 +
 .../InspectCertificate.lean                        |    4 +
 .../NLA-TR15-Definitions.log                       |    0
 .../NLA-TR15-Proof.log                             |    8 +
 .../proof-referee-2-root-evidence/Solution.log     |    7 +
 .../proof-referee-2-root-evidence/audit.json       |   30 +
 .../reviews/proof-referee-2-root-evidence/audit.py |   96 +
 .../proof-referee-2-root-evidence/axioms.json      |  126 +
 .../proof-referee-2-root-evidence/certificate.json |   10 +
 .../proof-referee-2-root-evidence/certificate.log  |    5 +
 .../dependencies.json                              |   65 +
 .../proof-referee-2-root-evidence/execution.json   |   46 +
 .../proof-referee-2-root-evidence/fresh_review.py  |   59 +
 .../inspect_review.py                              |   30 +
 .../proof-referee-2-root-evidence/inspection.json  |   10 +
 .../proof-referee-2-root-evidence/inspection.log   |  198 +
 .../proof-referee-2-root-evidence/manifest.json    |   73 +
 .../source-identity.json                           |   37 +
 .../TR-15/lean/reviews/proof-referee-2.md          |   31 +
 .../reviews/source-numerical-reconstruction.json   |   80 +
 .../reviews/source-numerical-reconstruction.py     |   89 +
 .../TR-15/lean/reviews/statement-build.json        |   10 +
 .../TR-15/lean/reviews/statement-build.log         |   10 +
 .../TR-15/lean/reviews/statement-freeze.json       |   42 +
 .../TR-15/lean/reviews/statement-gate.json         |   11 +
 .../TR-15/lean/reviews/statement-inspection.json   |   10 +
 .../TR-15/lean/reviews/statement-inspection.log    |   48 +
 .../InspectStatements.lean                         |   69 +
 .../audit_semantics.py                             |   32 +
 .../statement-referee-1-evidence/challenge.log     |    7 +
 .../statement-referee-1-evidence/definitions.log   |    0
 .../statement-referee-1-evidence/dependencies.json |   62 +
 .../evidence-manifest.json                         |   78 +
 .../exact-reconstruction.json                      |  408 +
 .../exact-reconstruction.log                       |    1 +
 .../exact_reconstruction.py                        |   86 +
 .../statement-referee-1-evidence/fresh-checks.json |   64 +
 .../statement-referee-1-evidence/inputs-after.json |  127 +
 .../inputs-before.json                             |  133 +
 .../statement-referee-1-evidence/inspection.log    |  279 +
 .../library-source-hashes.json                     |   14 +
 .../primary-source-check.json                      |   12 +
 .../run_fresh_check.py                             |  110 +
 .../semantic-audit.log                             |    2 +
 .../statement-trust-audit.json                     |  139 +
 .../TR-15/lean/reviews/statement-referee-1.md      |   64 +
 .../statement-referee-2-root-evidence/Inspect.lean |   34 +
 .../challenge.log                                  |    7 +
 .../statement-referee-2-root-evidence/checks.json  |   40 +
 .../definitions.log                                |    0
 .../freeze-audit.json                              |   20 +
 .../fresh_statement_review.py                      |   36 +
 .../inspection.log                                 |   77 +
 .../manifest.json                                  |   12 +
 .../reconstruct.py                                 |   61 +
 .../reconstruction.json                            |   60 +
 .../source-identity.json                           |   65 +
 .../TR-15/lean/reviews/statement-referee-2.md      |  154 +
 .../lean/verification/InspectCertificate.lean      |   14 +
 .../TR-15/lean/verification/InspectProof.lean      |   56 +
 .../TR-15/lean/verification/axioms.json            |  125 +
 .../lean/verification/certificate-inspection.json  |   11 +
 .../lean/verification/certificate-inspection.log   |  192 +
 .../TR-15/lean/verification/dependency-pins.json   |   62 +
 .../TR-15/lean/verification/fresh-certificate.log  |  192 +
 .../TR-15/lean/verification/fresh-challenge.log    |    7 +
 .../TR-15/lean/verification/fresh-checks.json      |  119 +
 .../TR-15/lean/verification/fresh-definitions.log  |    0
 .../TR-15/lean/verification/fresh-inspection.log   |  135 +
 .../TR-15/lean/verification/fresh-proof.log        |    8 +
 .../TR-15/lean/verification/fresh-solution.log     |    7 +
 .../TR-15/lean/verification/fresh_check.py         |  165 +
 .../TR-15/lean/verification/inputs-after.json      |  152 +
 .../TR-15/lean/verification/inputs-before.json     |  117 +
 .../linux-2026-09-12/EVIDENCE-MANIFEST.json        | 1023 ++
 .../linux-2026-09-12/FETCH-IDENTITY.json           |   36 +
 .../linux-2026-09-12/OPERATIONAL-REVIEW.md         |   28 +
 .../adaptation-v1-audit-checks.log                 |    4 +
 .../adaptation-v1-audit-execution.json             |   11 +
 .../linux-2026-09-12/adaptation-v1-audit_checks.py |  283 +
 .../linux-2026-09-12/artifact-metadata.json        |    1 +
 .../lean-TR-15/bootstrap/comparator-build.log      |   22 +
 .../artifacts/lean-TR-15/bootstrap/elan.log        |    4 +
 .../lean-TR-15/bootstrap/landrun-build.log         |    7 +
 .../comparator-controls.log                        |   81 +
 .../verify-20260912T202359Z-3930/comparator.log    |  122 +
 .../verify-20260912T202359Z-3930/dependencies.log  |   23 +
 .../kernel-controls.log                            |   27 +
 .../verify-20260912T202359Z-3930/mathlib-cache.log |  118 +
 .../negative-native.log                            |   14 +
 .../negative-sorry.log                             |   15 +
 .../verify-20260912T202359Z-3930/result.json       |  179 +
 .../verify-20260912T202359Z-3930/sandbox.log       |  111 +
 .../verify-20260912T202359Z-3930/user-service.log  |    3 +
 .../bootstrap/comparator-build.log                 |   22 +
 .../lean-checker-controls/bootstrap/elan.log       |    4 +
 .../bootstrap/landrun-build.log                    |    7 +
 .../comparator-controls.log                        |   81 +
 .../kernel-controls.log                            |   27 +
 .../negative-native.log                            |   14 +
 .../negative-sorry.log                             |   15 +
 .../selftest-20260912T202348Z-4134/result.json     |   20 +
 .../selftest-20260912T202348Z-4134/sandbox.log     |  111 +
 .../user-service.log                               |    3 +
 .../verification/linux-2026-09-12/audit-checks.log |   20 +
 .../linux-2026-09-12/audit-execution.json          |   11 +
 .../verification/linux-2026-09-12/audit_checks.py  |  296 +
 .../linux-2026-09-12/axiom-verification.json       |   81 +
 .../linux-2026-09-12/control-verification.json     |   43 +
 .../linux-2026-09-12/fetch_artifacts.py            |   86 +
 .../linux-2026-09-12/identity-verification.json    |  179 +
 .../linux-2026-09-12/job-103615668058.log          |  281 +
 .../linux-2026-09-12/job-103615711269.log          |  692 ++
 .../linux-2026-09-12/job-103615711390.log          |  984 ++
 .../lean/verification/linux-2026-09-12/jobs.json   |    1 +
 .../verification/linux-2026-09-12/lean-TR-15.zip   |  Bin 0 -> 19297 bytes
 .../linux-2026-09-12/lean-checker-controls.zip     |  Bin 0 -> 8122 bytes
 .../linux-2026-09-12/run-metadata.json             |    1 +
 .../source/.github/workflows/lean-verification.yml |  146 +
 .../forsythe/.tools/comparator/Comparator.lean     |    7 +
 .../.tools/comparator/Comparator/Axioms.lean       |   72 +
 .../.tools/comparator/Comparator/Compare.lean      |  110 +
 .../.tools/comparator/Comparator/Util.lean         |   28 +
 .../source/forsythe/.tools/comparator/LICENSE      |  201 +
 .../source/forsythe/.tools/comparator/Main.lean    |  374 +
 .../forsythe/.tools/comparator/lake-manifest.json  |   13 +
 .../forsythe/.tools/comparator/lakefile.toml       |   14 +
 .../forsythe/.tools/comparator/lean-toolchain      |    1 +
 .../forsythe/.tools/comparator/runtests.lean       |  189 +
 .../projects/simple_axiom_issue/Challenge.lean     |    2 +
 .../projects/simple_axiom_issue/Solution.lean      |    5 +
 .../tests/projects/simple_axiom_issue/config.json  |    7 +
 .../tests/projects/simple_axiom_issue/test.json    |    3 +
 .../projects/simple_kind_mismatch/Challenge.lean   |    2 +
 .../projects/simple_kind_mismatch/Solution.lean    |    5 +
 .../projects/simple_kind_mismatch/config.json      |    7 +
 .../tests/projects/simple_kind_mismatch/test.json  |    3 +
 .../tests/projects/simple_match/Challenge.lean     |    2 +
 .../tests/projects/simple_match/Solution.lean      |    2 +
 .../tests/projects/simple_match/config.json        |    7 +
 .../tests/projects/simple_match/test.json          |    3 +
 .../tests/projects/simple_mismatch/Challenge.lean  |    2 +
 .../tests/projects/simple_mismatch/Solution.lean   |    1 +
 .../tests/projects/simple_mismatch/config.json     |    7 +
 .../tests/projects/simple_mismatch/test.json       |    3 +
 .../source/forsythe/.tools/landrun/LICENSE         |   21 +
 .../forsythe/.tools/landrun/cmd/landrun/main.go    |  212 +
 .../.tools/landrun/cmd/landrun/main_test.go        |   53 +
 .../source/forsythe/.tools/landrun/go.mod          |   13 +
 .../source/forsythe/.tools/landrun/go.sum          |   16 +
 .../.tools/landrun/internal/elfdeps/elfdeps.go     |  409 +
 .../landrun/internal/elfdeps/elfdeps_test.go       |  467 +
 .../landrun/internal/elfdeps/testdata/liba.c       |    1 +
 .../landrun/internal/elfdeps/testdata/libb.c       |    2 +
 .../landrun/internal/elfdeps/testdata/main.c       |    2 +
 .../.tools/landrun/internal/exec/runner.go         |   21 +
 .../forsythe/.tools/landrun/internal/log/log.go    |   64 +
 .../.tools/landrun/internal/log/log_test.go        |   34 +
 .../.tools/landrun/internal/sandbox/sandbox.go     |  285 +
 .../landrun/internal/sandbox/sandbox_test.go       |  328 +
 .../source/forsythe/.tools/lean4export/Export.lean |  438 +
 .../forsythe/.tools/lean4export/Export/Parse.lean  |  509 +
 .../source/forsythe/.tools/lean4export/LICENSE     |  201 +
 .../source/forsythe/.tools/lean4export/Main.lean   |   18 +
 .../source/forsythe/.tools/lean4export/Test.lean   |  745 ++
 .../forsythe/.tools/lean4export/format_ndjson.md   |  352 +
 .../forsythe/.tools/lean4export/lake-manifest.json |    5 +
 .../forsythe/.tools/lean4export/lakefile.toml      |   14 +
 .../forsythe/.tools/lean4export/lean-toolchain     |    1 +
 .../linux-2026-09-12/source/forsythe/LICENSE       |  202 +
 .../source/forsythe/lean-toolchain                 |    1 +
 .../reproduction/checks/PinnedReplayProbe.lean     |   95 +
 .../reproduction/checks/comparator_regressions.py  |   79 +
 .../forsythe/reproduction/checks/run_replay.sh     |   19 +
 .../forsythe/reproduction/checks/sandbox_probe.py  |  165 +
 .../forsythe/scripts/comparator-lean-4.33.1.patch  |   11 +
 .../source/forsythe/scripts/strict_landrun.py      |   71 +
 .../linux-2026-09-12/source/git-commit.txt         |    6 +
 .../linux-2026-09-12/source/git-project-tree.txt   |  135 +
 .../manuscripts/TR-15.md                           |   61 +
 .../manuscripts/TR-15.pdf                          |  Bin 0 -> 37597 bytes
 .../manuscripts/TR-15.tex                          |  154 +
 .../linux-2026-09-12/source/sandbox_probe_ci.py    |  167 +
 .../source/tensor-computations/TR-15/README.md     |   54 +
 .../tensor-computations/TR-15/lean/.gitignore      |    7 +
 .../tensor-computations/TR-15/lean/Challenge.lean  |   52 +
 .../source/tensor-computations/TR-15/lean/LICENSE  |  202 +
 .../TR-15/lean/NLA/TR15/Definitions.lean           |  116 +
 .../TR-15/lean/NLA/TR15/Proof.lean                 |  180 +
 .../TR-15/lean/NUMERICAL_TARGETS.md                |  201 +
 .../tensor-computations/TR-15/lean/README.md       |   87 +
 .../TR-15/lean/SOURCE_CORRESPONDENCE.md            |   72 +
 .../tensor-computations/TR-15/lean/Solution.lean   |   69 +
 .../tensor-computations/TR-15/lean/comparator.json |   19 +
 .../TR-15/lean/formalization.yaml                  |  189 +
 .../TR-15/lean/lake-manifest.json                  |  129 +
 .../tensor-computations/TR-15/lean/lakefile.toml   |   17 +
 .../tensor-computations/TR-15/lean/lean-toolchain  |    1 +
 .../TR-15/lean/reviews/InspectStatements.lean      |   25 +
 .../TR-15/lean/reviews/dependency-pins.json        |   66 +
 .../TR-15/lean/reviews/proof-completion.md         |  142 +
 .../TR-15/lean/reviews/proof-freeze.json           |  108 +
 .../reviews/proof-referee-1-evidence/Inspect.lean  |   79 +
 .../proof-referee-1-evidence/InspectChecker.lean   |    8 +
 .../proof-referee-1-evidence/axiom-audit.json      |  129 +
 .../reviews/proof-referee-1-evidence/challenge.log |    7 +
 .../reviews/proof-referee-1-evidence/checker.json  |   10 +
 .../reviews/proof-referee-1-evidence/checker.log   |    6 +
 .../reviews/proof-referee-1-evidence/checks.json   |   94 +
 .../proof-referee-1-evidence/definitions.log       |    0
 .../proof-referee-1-evidence/dependency-pins.json  |   62 +
 .../evidence-manifest.json                         |  106 +
 .../final-freeze-check.json                        |    7 +
 .../proof-referee-1-evidence/inputs-after.json     |   86 +
 .../proof-referee-1-evidence/inputs-before.json    |   86 +
 .../proof-referee-1-evidence/inspection.log        |  442 +
 .../proof-referee-1-evidence/primary-source.json   |   11 +
 .../reviews/proof-referee-1-evidence/proof.log     |    8 +
 .../read-source-hashes.json                        |   16 +
 .../proof-referee-1-evidence/reconstruct.py        |   83 +
 .../proof-referee-1-evidence/reconstruction.json   |   78 +
 .../proof-referee-1-evidence/reuse-search-1.log    |    0
 .../proof-referee-1-evidence/reuse-search-2.log    |   19 +
 .../proof-referee-1-evidence/reuse-search.json     |   26 +
 .../proof-referee-1-evidence/rubric-hashes.json    |   18 +
 .../reviews/proof-referee-1-evidence/run_review.py |  133 +
 .../proof-referee-1-evidence/signatures.json       |   12 +
 .../reviews/proof-referee-1-evidence/solution.log  |    7 +
 .../TR-15/lean/reviews/proof-referee-1.md          |   58 +
 .../proof-referee-2-root-evidence/Inspect.lean     |   73 +
 .../InspectCertificate.lean                        |    4 +
 .../NLA-TR15-Definitions.log                       |    0
 .../NLA-TR15-Proof.log                             |    8 +
 .../proof-referee-2-root-evidence/Solution.log     |    7 +
 .../proof-referee-2-root-evidence/audit.json       |   30 +
 .../reviews/proof-referee-2-root-evidence/audit.py |   96 +
 .../proof-referee-2-root-evidence/axioms.json      |  126 +
 .../proof-referee-2-root-evidence/certificate.json |   10 +
 .../proof-referee-2-root-evidence/certificate.log  |    5 +
 .../dependencies.json                              |   65 +
 .../proof-referee-2-root-evidence/execution.json   |   46 +
 .../proof-referee-2-root-evidence/fresh_review.py  |   59 +
 .../inspect_review.py                              |   30 +
 .../proof-referee-2-root-evidence/inspection.json  |   10 +
 .../proof-referee-2-root-evidence/inspection.log   |  198 +
 .../proof-referee-2-root-evidence/manifest.json    |   73 +
 .../source-identity.json                           |   37 +
 .../TR-15/lean/reviews/proof-referee-2.md          |   31 +
 .../reviews/source-numerical-reconstruction.json   |   80 +
 .../reviews/source-numerical-reconstruction.py     |   89 +
 .../TR-15/lean/reviews/statement-build.json        |   10 +
 .../TR-15/lean/reviews/statement-build.log         |   10 +
 .../TR-15/lean/reviews/statement-freeze.json       |   42 +
 .../TR-15/lean/reviews/statement-gate.json         |   11 +
 .../TR-15/lean/reviews/statement-inspection.json   |   10 +
 .../TR-15/lean/reviews/statement-inspection.log    |   48 +
 .../InspectStatements.lean                         |   69 +
 .../audit_semantics.py                             |   32 +
 .../statement-referee-1-evidence/challenge.log     |    7 +
 .../statement-referee-1-evidence/definitions.log   |    0
 .../statement-referee-1-evidence/dependencies.json |   62 +
 .../evidence-manifest.json                         |   78 +
 .../exact-reconstruction.json                      |  408 +
 .../exact-reconstruction.log                       |    1 +
 .../exact_reconstruction.py                        |   86 +
 .../statement-referee-1-evidence/fresh-checks.json |   64 +
 .../statement-referee-1-evidence/inputs-after.json |  127 +
 .../inputs-before.json                             |  133 +
 .../statement-referee-1-evidence/inspection.log    |  279 +
 .../library-source-hashes.json                     |   14 +
 .../primary-source-check.json                      |   12 +
 .../run_fresh_check.py                             |  110 +
 .../semantic-audit.log                             |    2 +
 .../statement-trust-audit.json                     |  139 +
 .../TR-15/lean/reviews/statement-referee-1.md      |   64 +
 .../statement-referee-2-root-evidence/Inspect.lean |   34 +
 .../challenge.log                                  |    7 +
 .../statement-referee-2-root-evidence/checks.json  |   40 +
 .../definitions.log                                |    0
 .../freeze-audit.json                              |   20 +
 .../fresh_statement_review.py                      |   36 +
 .../inspection.log                                 |   77 +
 .../manifest.json                                  |   12 +
 .../reconstruct.py                                 |   61 +
 .../reconstruction.json                            |   60 +
 .../source-identity.json                           |   65 +
 .../TR-15/lean/reviews/statement-referee-2.md      |  154 +
 .../lean/verification/InspectCertificate.lean      |   14 +
 .../TR-15/lean/verification/InspectProof.lean      |   56 +
 .../TR-15/lean/verification/axioms.json            |  125 +
 .../lean/verification/certificate-inspection.json  |   11 +
 .../lean/verification/certificate-inspection.log   |  192 +
 .../TR-15/lean/verification/dependency-pins.json   |   62 +
 .../TR-15/lean/verification/fresh-certificate.log  |  192 +
 .../TR-15/lean/verification/fresh-challenge.log    |    7 +
 .../TR-15/lean/verification/fresh-checks.json      |  119 +
 .../TR-15/lean/verification/fresh-definitions.log  |    0
 .../TR-15/lean/verification/fresh-inspection.log   |  135 +
 .../TR-15/lean/verification/fresh-proof.log        |    8 +
 .../TR-15/lean/verification/fresh-solution.log     |    7 +
 .../TR-15/lean/verification/fresh_check.py         |  165 +
 .../TR-15/lean/verification/inputs-after.json      |  152 +
 .../TR-15/lean/verification/inputs-before.json     |  117 +
 .../CANDIDATE-HANDOFF.md                           |   46 +
 .../EVIDENCE-MANIFEST.json                         |   52 +
 .../linux-candidate-2026-09-12/dependencies.json   |   52 +
 .../frozen-statement-stage-README.md               |   39 +
 .../inputs-before-packaging.json                   |  494 +
 .../metadata-validation.log                        |    1 +
 .../packaging-record.json                          |  131 +
 .../permanent-id-tests.log                         |   22 +
 .../linux-candidate-2026-09-12/permanent-ids.log   |    1 +
 .../linux-candidate-2026-09-12/validate_package.py |  111 +
 .../TR-15/lean/verification/proof-build.json       |   10 +
 .../TR-15/lean/verification/proof-build.log        |   18 +
 .../lean/verification/retained-dependencies.json   |   22 +
 .../lean/verification/root-linux-packaging.json    |  112 +
 .../TR-15/lean/verification/source-identity.json   |   36 +
 .../TR-15/lean/verification/source-signatures.json |   14 +
 .../source/tensor-computations/TR-15/problem.pdf   |  Bin 0 -> 36597 bytes
 .../source/tensor-computations/TR-15/problem.tex   |  145 +
 .../source/tools/lean/bootstrap.sh                 |    5 +
 .../linux-2026-09-12/source/tools/lean/harness.py  |  505 +
 .../linux-2026-09-12/source/tools/lean/selftest.sh |    5 +
 .../source/tools/lean/source-lock.json             |  356 +
 .../linux-2026-09-12/source/tools/lean/verify.sh   |    5 +
 .../linux-2026-09-12/tool-source-verification.json |  374 +
 .../linux-2026-09-12/verify_retained_evidence.py   |   22 +
 .../CANDIDATE-HANDOFF.md                           |   46 +
 .../EVIDENCE-MANIFEST.json                         |   52 +
 .../linux-candidate-2026-09-12/dependencies.json   |   52 +
 .../frozen-statement-stage-README.md               |   39 +
 .../inputs-before-packaging.json                   |  494 +
 .../metadata-validation.log                        |    1 +
 .../packaging-record.json                          |  131 +
 .../permanent-id-tests.log                         |   22 +
 .../linux-candidate-2026-09-12/permanent-ids.log   |    1 +
 .../linux-candidate-2026-09-12/validate_package.py |  111 +
 .../TR-15/lean/verification/proof-build.json       |   10 +
 .../TR-15/lean/verification/proof-build.log        |   18 +
 .../publication-2026-09-12/EVIDENCE-MANIFEST.json  |  134 +
 .../publication-2026-09-12/INDEPENDENT-REVIEW.md   |   21 +
 .../publication-2026-09-12/PUBLICATION-REVIEW.md   |   13 +
 .../publication-2026-09-12/ROOT-CHECKS.json        |  465 +
 .../publication-2026-09-12/ROOT-MANIFEST.json      |  149 +
 .../publication-2026-09-12/before.json             |  626 ++
 .../publication-2026-09-12/catalog.json            |   10 +
 .../publication-2026-09-12/catalog.log             |    1 +
 .../publication-2026-09-12/final-checks.json       |   24 +
 .../publication-2026-09-12/final-format.log        |    1 +
 .../verification/publication-2026-09-12/finish.py  |  157 +
 .../publication-2026-09-12/format.json             |   11 +
 .../verification/publication-2026-09-12/format.log |    1 +
 .../publication-2026-09-12/id-tests.json           |   16 +
 .../publication-2026-09-12/id-tests.log            |   22 +
 .../initial-pdf-rasterization.json                 |   12 +
 .../initial-pdf-rasterization.log                  |    0
 .../publication-2026-09-12/initial-pdfinfo.log     |   19 +
 .../publication-2026-09-12/initial-render.json     |   13 +
 .../publication-2026-09-12/initial-render.log      |    2 +
 .../publication-2026-09-12/integration.json        |   17 +
 .../publication-2026-09-12/integration.log         | 2668 ++++++
 .../publication-2026-09-12/integrity.json          |  234 +
 .../publication-2026-09-12/manifest.json           |   10 +
 .../publication-2026-09-12/manifest.log            |    1 +
 .../publication-2026-09-12/pdf-rasterization.json  |   12 +
 .../publication-2026-09-12/pdf-rasterization.log   |    0
 .../publication-2026-09-12/pdf-text.txt            |  124 +
 .../publication-2026-09-12/pdfinfo.log             |   19 +
 .../publication-2026-09-12/permanent-ids.json      |   11 +
 .../publication-2026-09-12/permanent-ids.log       |    1 +
 .../verification/publication-2026-09-12/prepare.py |  213 +
 .../publication-2026-09-12/render.json             |   13 +
 .../verification/publication-2026-09-12/render.log |    2 +
 .../root_publication_check.py                      |  126 +
 .../publication-2026-09-12/scoped-diff-check.log   |    0
 .../publication-2026-09-12/visual-review.json      |   10 +
 .../lean/verification/retained-dependencies.json   |   22 +
 .../lean/verification/root-linux-packaging.json    |  112 +
 .../TR-15/lean/verification/source-identity.json   |   36 +
 .../TR-15/lean/verification/source-signatures.json |   14 +
 tensor-computations/TR-15/problem.pdf              |  Bin 36597 -> 48265 bytes
 tensor-computations/TR-15/problem.tex              |  120 +-
 tools/render_problems.py                           |    4 +-
 2377 files changed, 298100 insertions(+), 209 deletions(-)
 create mode 100644 frames-and-matrix-designs/FR-12/lean/.gitignore
 create mode 100644 frames-and-matrix-designs/FR-12/lean/Challenge.lean
 create mode 100644 frames-and-matrix-designs/FR-12/lean/LICENSE
 create mode 100644 frames-and-matrix-designs/FR-12/lean/NLA/FR12/Definitions.lean
 create mode 100644 frames-and-matrix-designs/FR-12/lean/NLA/FR12/Doubling.lean
 create mode 100644 frames-and-matrix-designs/FR-12/lean/NLA/FR12/Growth.lean
 create mode 100644 frames-and-matrix-designs/FR-12/lean/NLA/FR12/Proof.lean
 create mode 100644 frames-and-matrix-designs/FR-12/lean/NLA/FR12/Semantics.lean
 create mode 100644 frames-and-matrix-designs/FR-12/lean/NUMERICAL_TARGETS.md
 create mode 100644 frames-and-matrix-designs/FR-12/lean/README.md
 create mode 100644 frames-and-matrix-designs/FR-12/lean/SOURCE_MAP.md
 create mode 100644 frames-and-matrix-designs/FR-12/lean/Solution.lean
 create mode 100644 frames-and-matrix-designs/FR-12/lean/comparator.json
 create mode 100644 frames-and-matrix-designs/FR-12/lean/formalization.yaml
 create mode 100644 frames-and-matrix-designs/FR-12/lean/lake-manifest.json
 create mode 100644 frames-and-matrix-designs/FR-12/lean/lakefile.toml
 create mode 100644 frames-and-matrix-designs/FR-12/lean/lean-toolchain
 create mode 100644 frames-and-matrix-designs/FR-12/lean/reviews/InspectStatements.lean
 create mode 100644 frames-and-matrix-designs/FR-12/lean/reviews/check_and_freeze.py
 create mode 100644 frames-and-matrix-designs/FR-12/lean/reviews/proof-completion.md
 create mode 100644 frames-and-matrix-designs/FR-12/lean/reviews/proof-freeze.json
 create mode 100644 frames-and-matrix-designs/FR-12/lean/reviews/proof-referee-1-evidence/Challenge.log
 create mode 100644 frames-and-matrix-designs/FR-12/lean/reviews/proof-referee-1-evidence/EVIDENCE-MANIFEST.json
 create mode 100644 frames-and-matrix-designs/FR-12/lean/reviews/proof-referee-1-evidence/Inspect.lean
 create mode 100644 frames-and-matrix-designs/FR-12/lean/reviews/proof-referee-1-evidence/Inspect.log
 create mode 100644 frames-and-matrix-designs/FR-12/lean/reviews/proof-referee-1-evidence/NLA-FR12-Definitions.log
 create mode 100644 frames-and-matrix-designs/FR-12/lean/reviews/proof-referee-1-evidence/NLA-FR12-Doubling.log
 create mode 100644 frames-and-matrix-designs/FR-12/lean/reviews/proof-referee-1-evidence/NLA-FR12-Growth.log
 create mode 100644 frames-and-matrix-designs/FR-12/lean/reviews/proof-referee-1-evidence/NLA-FR12-Proof.log
 create mode 100644 frames-and-matrix-designs/FR-12/lean/reviews/proof-referee-1-evidence/NLA-FR12-Semantics.log
 create mode 100644 frames-and-matrix-designs/FR-12/lean/reviews/proof-referee-1-evidence/Solution.log
 create mode 100644 frames-and-matrix-designs/FR-12/lean/reviews/proof-referee-1-evidence/algebra-check.json
 create mode 100644 frames-and-matrix-designs/FR-12/lean/reviews/proof-referee-1-evidence/algebra_check.py
 create mode 100644 frames-and-matrix-designs/FR-12/lean/reviews/proof-referee-1-evidence/axiom-audit.json
 create mode 100644 frames-and-matrix-designs/FR-12/lean/reviews/proof-referee-1-evidence/check.py
 create mode 100644 frames-and-matrix-designs/FR-12/lean/reviews/proof-referee-1-evidence/dependency-pins.json
 create mode 100644 frames-and-matrix-designs/FR-12/lean/reviews/proof-referee-1-evidence/final-integrity.json
 create mode 100644 frames-and-matrix-designs/FR-12/lean/reviews/proof-referee-1-evidence/fresh-checks.json
 create mode 100644 frames-and-matrix-designs/FR-12/lean/reviews/proof-referee-1-evidence/inputs-after.json
 create mode 100644 frames-and-matrix-designs/FR-12/lean/reviews/proof-referee-1-evidence/inputs-before.json
 create mode 100644 frames-and-matrix-designs/FR-12/lean/reviews/proof-referee-1-evidence/library-hashes.json
 create mode 100644 frames-and-matrix-designs/FR-12/lean/reviews/proof-referee-1-evidence/result.json
 create mode 100644 frames-and-matrix-designs/FR-12/lean/reviews/proof-referee-1-evidence/rubric-hashes.json
 create mode 100644 frames-and-matrix-designs/FR-12/lean/reviews/proof-referee-1-evidence/signature-check.json
 create mode 100644 frames-and-matrix-designs/FR-12/lean/reviews/proof-referee-1-evidence/source-scan.json
 create mode 100644 frames-and-matrix-designs/FR-12/lean/reviews/proof-referee-1.md
 create mode 100644 frames-and-matrix-designs/FR-12/lean/reviews/proof-referee-2.md
 create mode 100644 frames-and-matrix-designs/FR-12/lean/reviews/reconstruct.py
 create mode 100644 frames-and-matrix-designs/FR-12/lean/reviews/reconstruction.json
 create mode 100644 frames-and-matrix-designs/FR-12/lean/reviews/statement-challenge.log
 create mode 100644 frames-and-matrix-designs/FR-12/lean/reviews/statement-checks.json
 create mode 100644 frames-and-matrix-designs/FR-12/lean/reviews/statement-definitions.log
 create mode 100644 frames-and-matrix-designs/FR-12/lean/reviews/statement-freeze.json
 create mode 100644 frames-and-matrix-designs/FR-12/lean/reviews/statement-inspection.log
 create mode 100644 frames-and-matrix-designs/FR-12/lean/reviews/statement-referee-1-evidence/Challenge.log
 create mode 100644 frames-and-matrix-designs/FR-12/lean/reviews/statement-referee-1-evidence/Definitions.log
 create mode 100644 frames-and-matrix-designs/FR-12/lean/reviews/statement-referee-1-evidence/EVIDENCE-MANIFEST.json
 create mode 100644 frames-and-matrix-designs/FR-12/lean/reviews/statement-referee-1-evidence/Inspect.lean
 create mode 100644 frames-and-matrix-designs/FR-12/lean/reviews/statement-referee-1-evidence/Inspect.log
 create mode 100644 frames-and-matrix-designs/FR-12/lean/reviews/statement-referee-1-evidence/check.py
 create mode 100644 frames-and-matrix-designs/FR-12/lean/reviews/statement-referee-1-evidence/reconstruct.py
 create mode 100644 frames-and-matrix-designs/FR-12/lean/reviews/statement-referee-1-evidence/reconstruction.json
 create mode 100644 frames-and-matrix-designs/FR-12/lean/reviews/statement-referee-1-evidence/result.json
 create mode 100644 frames-and-matrix-designs/FR-12/lean/reviews/statement-referee-1.md
 create mode 100644 frames-and-matrix-designs/FR-12/lean/reviews/statement-referee-2-evidence/Inspect.lean
 create mode 100644 frames-and-matrix-designs/FR-12/lean/reviews/statement-referee-2-evidence/challenge.log
 create mode 100644 frames-and-matrix-designs/FR-12/lean/reviews/statement-referee-2-evidence/definition-axioms.json
 create mode 100644 frames-and-matrix-designs/FR-12/lean/reviews/statement-referee-2-evidence/definitions.log
 create mode 100644 frames-and-matrix-designs/FR-12/lean/reviews/statement-referee-2-evidence/dependencies.json
 create mode 100644 frames-and-matrix-designs/FR-12/lean/reviews/statement-referee-2-evidence/evidence-manifest.json
 create mode 100644 frames-and-matrix-designs/FR-12/lean/reviews/statement-referee-2-evidence/final-input-check.json
 create mode 100644 frames-and-matrix-designs/FR-12/lean/reviews/statement-referee-2-evidence/fresh-checks.json
 create mode 100644 frames-and-matrix-designs/FR-12/lean/reviews/statement-referee-2-evidence/fresh_check.py
 create mode 100644 frames-and-matrix-designs/FR-12/lean/reviews/statement-referee-2-evidence/inputs-after.json
 create mode 100644 frames-and-matrix-designs/FR-12/lean/reviews/statement-referee-2-evidence/inputs-before.json
 create mode 100644 frames-and-matrix-designs/FR-12/lean/reviews/statement-referee-2-evidence/inspection.log
 create mode 100644 frames-and-matrix-designs/FR-12/lean/reviews/statement-referee-2-evidence/library-source-hashes.json
 create mode 100644 frames-and-matrix-designs/FR-12/lean/reviews/statement-referee-2-evidence/reconstruct.json
 create mode 100644 frames-and-matrix-designs/FR-12/lean/reviews/statement-referee-2-evidence/reconstruct.py
 create mode 100644 frames-and-matrix-designs/FR-12/lean/reviews/statement-referee-2.md
 create mode 100644 frames-and-matrix-designs/FR-12/lean/verification/InspectProof.lean
 create mode 100644 frames-and-matrix-designs/FR-12/lean/verification/axioms.json
 create mode 100644 frames-and-matrix-designs/FR-12/lean/verification/dependency-pins.json
 create mode 100644 frames-and-matrix-designs/FR-12/lean/verification/final-referee-2/01-Definitions.log
 create mode 100644 frames-and-matrix-designs/FR-12/lean/verification/final-referee-2/02-Semantics.log
 create mode 100644 frames-and-matrix-designs/FR-12/lean/verification/final-referee-2/03-Doubling.log
 create mode 100644 frames-and-matrix-designs/FR-12/lean/verification/final-referee-2/04-Growth.log
 create mode 100644 frames-and-matrix-designs/FR-12/lean/verification/final-referee-2/05-Proof.log
 create mode 100644 frames-and-matrix-designs/FR-12/lean/verification/final-referee-2/06-Solution.log
 create mode 100644 frames-and-matrix-designs/FR-12/lean/verification/final-referee-2/07-Challenge.log
 create mode 100644 frames-and-matrix-designs/FR-12/lean/verification/final-referee-2/08-Inspect.log
 create mode 100644 frames-and-matrix-designs/FR-12/lean/verification/final-referee-2/Inspect.lean
 create mode 100644 frames-and-matrix-designs/FR-12/lean/verification/final-referee-2/actual-dependencies.json
 create mode 100644 frames-and-matrix-designs/FR-12/lean/verification/final-referee-2/axioms.json
 create mode 100644 frames-and-matrix-designs/FR-12/lean/verification/final-referee-2/dependency-pins.json
 create mode 100644 frames-and-matrix-designs/FR-12/lean/verification/final-referee-2/evidence-manifest.json
 create mode 100644 frames-and-matrix-designs/FR-12/lean/verification/final-referee-2/final-input-check.json
 create mode 100644 frames-and-matrix-designs/FR-12/lean/verification/final-referee-2/fresh-checks.json
 create mode 100644 frames-and-matrix-designs/FR-12/lean/verification/final-referee-2/fresh_check.py
 create mode 100644 frames-and-matrix-designs/FR-12/lean/verification/final-referee-2/inputs-after.json
 create mode 100644 frames-and-matrix-designs/FR-12/lean/verification/final-referee-2/inputs-before.json
 create mode 100644 frames-and-matrix-designs/FR-12/lean/verification/final-referee-2/library-and-rubric-sources.json
 create mode 100644 frames-and-matrix-designs/FR-12/lean/verification/final-referee-2/source-signatures.json
 create mode 100644 frames-and-matrix-designs/FR-12/lean/verification/freeze_proof.py
 create mode 100644 frames-and-matrix-designs/FR-12/lean/verification/fresh-challenge.log
 create mode 100644 frames-and-matrix-designs/FR-12/lean/verification/fresh-checks.json
 create mode 100644 frames-and-matrix-designs/FR-12/lean/verification/fresh-definitions.log
 create mode 100644 frames-and-matrix-designs/FR-12/lean/verification/fresh-doubling.log
 create mode 100644 frames-and-matrix-designs/FR-12/lean/verification/fresh-growth.log
 create mode 100644 frames-and-matrix-designs/FR-12/lean/verification/fresh-inspection.log
 create mode 100644 frames-and-matrix-designs/FR-12/lean/verification/fresh-proof.log
 create mode 100644 frames-and-matrix-designs/FR-12/lean/verification/fresh-semantics.log
 create mode 100644 frames-and-matrix-designs/FR-12/lean/verification/fresh-solution.log
 create mode 100644 frames-and-matrix-designs/FR-12/lean/verification/fresh_check.py
 create mode 100644 frames-and-matrix-designs/FR-12/lean/verification/inputs-after.json
 create mode 100644 frames-and-matrix-designs/FR-12/lean/verification/inputs-before.json
 create mode 100644 frames-and-matrix-designs/FR-12/lean/verification/linux-2026-09-12/EVIDENCE-MANIFEST.json
 create mode 100644 frames-and-matrix-designs/FR-12/lean/verification/linux-2026-09-12/FETCH-IDENTITY.json
 create mode 100644 frames-and-matrix-designs/FR-12/lean/verification/linux-2026-09-12/OPERATIONAL-REVIEW.md
 create mode 100644 frames-and-matrix-designs/FR-12/lean/verification/linux-2026-09-12/artifact-metadata.json
 create mode 100644 frames-and-matrix-designs/FR-12/lean/verification/linux-2026-09-12/artifacts/lean-FR-12/bootstrap/comparator-build.log
 create mode 100644 frames-and-matrix-designs/FR-12/lean/verification/linux-2026-09-12/artifacts/lean-FR-12/bootstrap/elan.log
 create mode 100644 frames-and-matrix-designs/FR-12/lean/verification/linux-2026-09-12/artifacts/lean-FR-12/bootstrap/landrun-build.log
 create mode 100644 frames-and-matrix-designs/FR-12/lean/verification/linux-2026-09-12/artifacts/lean-FR-12/verify-20260912T205219Z-4137/comparator-controls.log
 create mode 100644 frames-and-matrix-designs/FR-12/lean/verification/linux-2026-09-12/artifacts/lean-FR-12/verify-20260912T205219Z-4137/comparator.log
 create mode 100644 frames-and-matrix-designs/FR-12/lean/verification/linux-2026-09-12/artifacts/lean-FR-12/verify-20260912T205219Z-4137/dependencies.log
 create mode 100644 frames-and-matrix-designs/FR-12/lean/verification/linux-2026-09-12/artifacts/lean-FR-12/verify-20260912T205219Z-4137/kernel-controls.log
 create mode 100644 frames-and-matrix-designs/FR-12/lean/verification/linux-2026-09-12/artifacts/lean-FR-12/verify-20260912T205219Z-4137/mathlib-cache.log
 create mode 100644 frames-and-matrix-designs/FR-12/lean/verification/linux-2026-09-12/artifacts/lean-FR-12/verify-20260912T205219Z-4137/negative-native.log
 create mode 100644 frames-and-matrix-designs/FR-12/lean/verification/linux-2026-09-12/artifacts/lean-FR-12/verify-20260912T205219Z-4137/negative-sorry.log
 create mode 100644 frames-and-matrix-designs/FR-12/lean/verification/linux-2026-09-12/artifacts/lean-FR-12/verify-20260912T205219Z-4137/result.json
 create mode 100644 frames-and-matrix-designs/FR-12/lean/verification/linux-2026-09-12/artifacts/lean-FR-12/verify-20260912T205219Z-4137/sandbox.log
 create mode 100644 frames-and-matrix-designs/FR-12/lean/verification/linux-2026-09-12/artifacts/lean-FR-12/verify-20260912T205219Z-4137/user-service.log
 create mode 100644 frames-and-matrix-designs/FR-12/lean/verification/linux-2026-09-12/artifacts/lean-checker-controls/bootstrap/comparator-build.log
 create mode 100644 frames-and-matrix-designs/FR-12/lean/verification/linux-2026-09-12/artifacts/lean-checker-controls/bootstrap/elan.log
 create mode 100644 frames-and-matrix-designs/FR-12/lean/verification/linux-2026-09-12/artifacts/lean-checker-controls/bootstrap/landrun-build.log
 create mode 100644 frames-and-matrix-designs/FR-12/lean/verification/linux-2026-09-12/artifacts/lean-checker-controls/selftest-20260912T205224Z-4033/comparator-controls.log
 create mode 100644 frames-and-matrix-designs/FR-12/lean/verification/linux-2026-09-12/artifacts/lean-checker-controls/selftest-20260912T205224Z-4033/kernel-controls.log
 create mode 100644 frames-and-matrix-designs/FR-12/lean/verification/linux-2026-09-12/artifacts/lean-checker-controls/selftest-20260912T205224Z-4033/negative-native.log
 create mode 100644 frames-and-matrix-designs/FR-12/lean/verification/linux-2026-09-12/artifacts/lean-checker-controls/selftest-20260912T205224Z-4033/negative-sorry.log
 create mode 100644 frames-and-matrix-designs/FR-12/lean/verification/linux-2026-09-12/artifacts/lean-checker-controls/selftest-20260912T205224Z-4033/result.json
 create mode 100644 frames-and-matrix-designs/FR-12/lean/verification/linux-2026-09-12/artifacts/lean-checker-controls/selftest-20260912T205224Z-4033/sandbox.log
 create mode 100644 frames-and-matrix-designs/FR-12/lean/verification/linux-2026-09-12/artifacts/lean-checker-controls/selftest-20260912T205224Z-4033/user-service.log
 create mode 100644 frames-and-matrix-designs/FR-12/lean/verification/linux-2026-09-12/audit_checks.py
 create mode 100644 frames-and-matrix-designs/FR-12/lean/verification/linux-2026-09-12/axiom-verification.json
 create mode 100644 frames-and-matrix-designs/FR-12/lean/verification/linux-2026-09-12/control-verification.json
 create mode 100644 frames-and-matrix-designs/FR-12/lean/verification/linux-2026-09-12/fetch_artifacts.py
 create mode 100644 frames-and-matrix-designs/FR-12/lean/verification/linux-2026-09-12/fetch_id_check.py
 create mode 100644 frames-and-matrix-designs/FR-12/lean/verification/linux-2026-09-12/finalize_evidence.py
 create mode 100644 frames-and-matrix-designs/FR-12/lean/verification/linux-2026-09-12/identity-verification.json
 create mode 100644 frames-and-matrix-designs/FR-12/lean/verification/linux-2026-09-12/job-103619318532.log
 create mode 100644 frames-and-matrix-designs/FR-12/lean/verification/linux-2026-09-12/job-103619349213.log
 create mode 100644 frames-and-matrix-designs/FR-12/lean/verification/linux-2026-09-12/job-103619349333.log
 create mode 100644 frames-and-matrix-designs/FR-12/lean/verification/linux-2026-09-12/jobs.json
 create mode 100644 frames-and-matrix-designs/FR-12/lean/verification/linux-2026-09-12/lean-FR-12.zip
 create mode 100644 frames-and-matrix-designs/FR-12/lean/verification/linux-2026-09-12/lean-checker-controls.zip
 create mode 100644 frames-and-matrix-designs/FR-12/lean/verification/linux-2026-09-12/permanent-id-job-103619318570.log
 create mode 100644 frames-and-matrix-designs/FR-12/lean/verification/linux-2026-09-12/permanent-id-jobs.json
 create mode 100644 frames-and-matrix-designs/FR-12/lean/verification/linux-2026-09-12/permanent-id-run.json
 create mode 100644 frames-and-matrix-designs/FR-12/lean/verification/linux-2026-09-12/run-log-archive.json
 create mode 100644 frames-and-matrix-designs/FR-12/lean/verification/linux-2026-09-12/run-logs.zip
 create mode 100644 frames-and-matrix-designs/FR-12/lean/verification/linux-2026-09-12/run-metadata.json
 create mode 100644 frames-and-matrix-designs/FR-12/lean/verification/linux-2026-09-12/source/.github/workflows/lean-verification.yml
 create mode 100644 frames-and-matrix-designs/FR-12/lean/verification/linux-2026-09-12/source/forsythe/.tools/comparator/Comparator.lean
 create mode 100644 frames-and-matrix-designs/FR-12/lean/verification/linux-2026-09-12/source/forsythe/.tools/comparator/Comparator/Axioms.lean
 create mode 100644 frames-and-matrix-designs/FR-12/lean/verification/linux-2026-09-12/source/forsythe/.tools/comparator/Comparator/Compare.lean
 create mode 100644 frames-and-matrix-designs/FR-12/lean/verification/linux-2026-09-12/source/forsythe/.tools/comparator/Comparator/Util.lean
 create mode 100644 frames-and-matrix-designs/FR-12/lean/verification/linux-2026-09-12/source/forsythe/.tools/comparator/LICENSE
 create mode 100644 frames-and-matrix-designs/FR-12/lean/verification/linux-2026-09-12/source/forsythe/.tools/comparator/Main.lean
 create mode 100644 frames-and-matrix-designs/FR-12/lean/verification/linux-2026-09-12/source/forsythe/.tools/comparator/lake-manifest.json
 create mode 100644 frames-and-matrix-designs/FR-12/lean/verification/linux-2026-09-12/source/forsythe/.tools/comparator/lakefile.toml
 create mode 100644 frames-and-matrix-designs/FR-12/lean/verification/linux-2026-09-12/source/forsythe/.tools/comparator/lean-toolchain
 create mode 100644 frames-and-matrix-designs/FR-12/lean/verification/linux-2026-09-12/source/forsythe/.tools/comparator/runtests.lean
 create mode 100644 frames-and-matrix-designs/FR-12/lean/verification/linux-2026-09-12/source/forsythe/.tools/comparator/tests/projects/simple_axiom_issue/Challenge.lean
 create mode 100644 frames-and-matrix-designs/FR-12/lean/verification/linux-2026-09-12/source/forsythe/.tools/comparator/tests/projects/simple_axiom_issue/Solution.lean
 create mode 100644 frames-and-matrix-designs/FR-12/lean/verification/linux-2026-09-12/source/forsythe/.tools/comparator/tests/projects/simple_axiom_issue/config.json
 create mode 100644 frames-and-matrix-designs/FR-12/lean/verification/linux-2026-09-12/source/forsythe/.tools/comparator/tests/projects/simple_axiom_issue/test.json
 create mode 100644 frames-and-matrix-designs/FR-12/lean/verification/linux-2026-09-12/source/forsythe/.tools/comparator/tests/projects/simple_kind_mismatch/Challenge.lean
 create mode 100644 frames-and-matrix-designs/FR-12/lean/verification/linux-2026-09-12/source/forsythe/.tools/comparator/tests/projects/simple_kind_mismatch/Solution.lean
 create mode 100644 frames-and-matrix-designs/FR-12/lean/verification/linux-2026-09-12/source/forsythe/.tools/comparator/tests/projects/simple_kind_mismatch/config.json
 create mode 100644 frames-and-matrix-designs/FR-12/lean/verification/linux-2026-09-12/source/forsythe/.tools/comparator/tests/projects/simple_kind_mismatch/test.json
 create mode 100644 frames-and-matrix-designs/FR-12/lean/verification/linux-2026-09-12/source/forsythe/.tools/comparator/tests/projects/simple_match/Challenge.lean
 create mode 100644 frames-and-matrix-designs/FR-12/lean/verification/linux-2026-09-12/source/forsythe/.tools/comparator/tests/projects/simple_match/Solution.lean
 create mode 100644 frames-and-matrix-designs/FR-12/lean/verification/linux-2026-09-12/source/forsythe/.tools/comparator/tests/projects/simple_match/config.json
 create mode 100644 frames-and-matrix-designs/FR-12/lean/verification/linux-2026-09-12/source/forsythe/.tools/comparator/tests/projects/simple_match/test.json
 create mode 100644 frames-and-matrix-designs/FR-12/lean/verification/linux-2026-09-12/source/forsythe/.tools/comparator/tests/projects/simple_mismatch/Challenge.lean
 create mode 100644 frames-and-matrix-designs/FR-12/lean/verification/linux-2026-09-12/source/forsythe/.tools/comparator/tests/projects/simple_mismatch/Solution.lean
 create mode 100644 frames-and-matrix-designs/FR-12/lean/verification/linux-2026-09-12/source/forsythe/.tools/comparator/tests/projects/simple_mismatch/config.json
 create mode 100644 frames-and-matrix-designs/FR-12/lean/verification/linux-2026-09-12/source/forsythe/.tools/comparator/tests/projects/simple_mismatch/test.json
 create mode 100644 frames-and-matrix-designs/FR-12/lean/verification/linux-2026-09-12/source/forsythe/.tools/landrun/LICENSE
 create mode 100644 frames-and-matrix-designs/FR-12/lean/verification/linux-2026-09-12/source/forsythe/.tools/landrun/cmd/landrun/main.go
 create mode 100644 frames-and-matrix-designs/FR-12/lean/verification/linux-2026-09-12/source/forsythe/.tools/landrun/cmd/landrun/main_test.go
 create mode 100644 frames-and-matrix-designs/FR-12/lean/verification/linux-2026-09-12/source/forsythe/.tools/landrun/go.mod
 create mode 100644 frames-and-matrix-designs/FR-12/lean/verification/linux-2026-09-12/source/forsythe/.tools/landrun/go.sum
 create mode 100644 frames-and-matrix-designs/FR-12/lean/verification/linux-2026-09-12/source/forsythe/.tools/landrun/internal/elfdeps/elfdeps.go
 create mode 100644 frames-and-matrix-designs/FR-12/lean/verification/linux-2026-09-12/source/forsythe/.tools/landrun/internal/elfdeps/elfdeps_test.go
 create mode 100644 frames-and-matrix-designs/FR-12/lean/verification/linux-2026-09-12/source/forsythe/.tools/landrun/internal/elfdeps/testdata/liba.c
 create mode 100644 frames-and-matrix-designs/FR-12/lean/verification/linux-2026-09-12/source/forsythe/.tools/landrun/internal/elfdeps/testdata/libb.c
 create mode 100644 frames-and-matrix-designs/FR-12/lean/verification/linux-2026-09-12/source/forsythe/.tools/landrun/internal/elfdeps/testdata/main.c
 create mode 100644 frames-and-matrix-designs/FR-12/lean/verification/linux-2026-09-12/source/forsythe/.tools/landrun/internal/exec/runner.go
 create mode 100644 frames-and-matrix-designs/FR-12/lean/verification/linux-2026-09-12/source/forsythe/.tools/landrun/internal/log/log.go
 create mode 100644 frames-and-matrix-designs/FR-12/lean/verification/linux-2026-09-12/source/forsythe/.tools/landrun/internal/log/log_test.go
 create mode 100644 frames-and-matrix-designs/FR-12/lean/verification/linux-2026-09-12/source/forsythe/.tools/landrun/internal/sandbox/sandbox.go
 create mode 100644 frames-and-matrix-designs/FR-12/lean/verification/linux-2026-09-12/source/forsythe/.tools/landrun/internal/sandbox/sandbox_test.go
 create mode 100644 frames-and-matrix-designs/FR-12/lean/verification/linux-2026-09-12/source/forsythe/.tools/lean4export/Export.lean
 create mode 100644 frames-and-matrix-designs/FR-12/lean/verification/linux-2026-09-12/source/forsythe/.tools/lean4export/Export/Parse.lean
 create mode 100644 frames-and-matrix-designs/FR-12/lean/verification/linux-2026-09-12/source/forsythe/.tools/lean4export/LICENSE
 create mode 100644 frames-and-matrix-designs/FR-12/lean/verification/linux-2026-09-12/source/forsythe/.tools/lean4export/Main.lean
 create mode 100644 frames-and-matrix-designs/FR-12/lean/verification/linux-2026-09-12/source/forsythe/.tools/lean4export/Test.lean
 create mode 100644 frames-and-matrix-designs/FR-12/lean/verification/linux-2026-09-12/source/forsythe/.tools/lean4export/format_ndjson.md
 create mode 100644 frames-and-matrix-designs/FR-12/lean/verification/linux-2026-09-12/source/forsythe/.tools/lean4export/lake-manifest.json
 create mode 100644 frames-and-matrix-designs/FR-12/lean/verification/linux-2026-09-12/source/forsythe/.tools/lean4export/lakefile.toml
 create mode 100644 frames-and-matrix-designs/FR-12/lean/verification/linux-2026-09-12/source/forsythe/.tools/lean4export/lean-toolchain
 create mode 100644 frames-and-matrix-designs/FR-12/lean/verification/linux-2026-09-12/source/forsythe/LICENSE
 create mode 100644 frames-and-matrix-designs/FR-12/lean/verification/linux-2026-09-12/source/forsythe/lean-toolchain
 create mode 100644 frames-and-matrix-designs/FR-12/lean/verification/linux-2026-09-12/source/forsythe/reproduction/checks/PinnedReplayProbe.lean
 create mode 100644 frames-and-matrix-designs/FR-12/lean/verification/linux-2026-09-12/source/forsythe/reproduction/checks/comparator_regressions.py
 create mode 100644 frames-and-matrix-designs/FR-12/lean/verification/linux-2026-09-12/source/forsythe/reproduction/checks/run_replay.sh
 create mode 100644 frames-and-matrix-designs/FR-12/lean/verification/linux-2026-09-12/source/forsythe/reproduction/checks/sandbox_probe.py
 create mode 100644 frames-and-matrix-designs/FR-12/lean/verification/linux-2026-09-12/source/forsythe/scripts/comparator-lean-4.33.1.patch
 create mode 100644 frames-and-matrix-designs/FR-12/lean/verification/linux-2026-09-12/source/forsythe/scripts/strict_landrun.py
 create mode 100644 frames-and-matrix-designs/FR-12/lean/verification/linux-2026-09-12/source/frames-and-matrix-designs/FR-12/README.md
 create mode 100644 frames-and-matrix-designs/FR-12/lean/verification/linux-2026-09-12/source/frames-and-matrix-designs/FR-12/lean/.gitignore
 create mode 100644 frames-and-matrix-designs/FR-12/lean/verification/linux-2026-09-12/source/frames-and-matrix-designs/FR-12/lean/Challenge.lean
 create mode 100644 frames-and-matrix-designs/FR-12/lean/verification/linux-2026-09-12/source/frames-and-matrix-designs/FR-12/lean/LICENSE
 create mode 100644 frames-and-matrix-designs/FR-12/lean/verification/linux-2026-09-12/source/frames-and-matrix-designs/FR-12/lean/NLA/FR12/Definitions.lean
 create mode 100644 frames-and-matrix-designs/FR-12/lean/verification/linux-2026-09-12/source/frames-and-matrix-designs/FR-12/lean/NLA/FR12/Doubling.lean
 create mode 100644 frames-and-matrix-designs/FR-12/lean/verification/linux-2026-09-12/source/frames-and-matrix-designs/FR-12/lean/NLA/FR12/Growth.lean
 create mode 100644 frames-and-matrix-designs/FR-12/lean/verification/linux-2026-09-12/source/frames-and-matrix-designs/FR-12/lean/NLA/FR12/Proof.lean
 create mode 100644 frames-and-matrix-designs/FR-12/lean/verification/linux-2026-09-12/source/frames-and-matrix-designs/FR-12/lean/NLA/FR12/Semantics.lean
 create mode 100644 frames-and-matrix-designs/FR-12/lean/verification/linux-2026-09-12/source/frames-and-matrix-designs/FR-12/lean/NUMERICAL_TARGETS.md
 create mode 100644 frames-and-matrix-designs/FR-12/lean/verification/linux-2026-09-12/source/frames-and-matrix-designs/FR-12/lean/README.md
 create mode 100644 frames-and-matrix-designs/FR-12/lean/verification/linux-2026-09-12/source/frames-and-matrix-designs/FR-12/lean/SOURCE_MAP.md
 create mode 100644 frames-and-matrix-designs/FR-12/lean/verification/linux-2026-09-12/source/frames-and-matrix-designs/FR-12/lean/Solution.lean
 create mode 100644 frames-and-matrix-designs/FR-12/lean/verification/linux-2026-09-12/source/frames-and-matrix-designs/FR-12/lean/comparator.json
 create mode 100644 frames-and-matrix-designs/FR-12/lean/verification/linux-2026-09-12/source/frames-and-matrix-designs/FR-12/lean/formalization.yaml
 create mode 100644 frames-and-matrix-designs/FR-12/lean/verification/linux-2026-09-12/source/frames-and-matrix-designs/FR-12/lean/lake-manifest.json
 create mode 100644 frames-and-matrix-designs/FR-12/lean/verification/linux-2026-09-12/source/frames-and-matrix-designs/FR-12/lean/lakefile.toml
 create mode 100644 frames-and-matrix-designs/FR-12/lean/verification/linux-2026-09-12/source/frames-and-matrix-designs/FR-12/lean/lean-toolchain
 create mode 100644 frames-and-matrix-designs/FR-12/lean/verification/linux-2026-09-12/source/frames-and-matrix-designs/FR-12/lean/reviews/InspectStatements.lean
 create mode 100644 frames-and-matrix-designs/FR-12/lean/verification/linux-2026-09-12/source/frames-and-matrix-designs/FR-12/lean/reviews/check_and_freeze.py
 create mode 100644 frames-and-matrix-designs/FR-12/lean/verification/linux-2026-09-12/source/frames-and-matrix-designs/FR-12/lean/reviews/proof-completion.md
 create mode 100644 frames-and-matrix-designs/FR-12/lean/verification/linux-2026-09-12/source/frames-and-matrix-designs/FR-12/lean/reviews/proof-freeze.json
 create mode 100644 frames-and-matrix-designs/FR-12/lean/verification/linux-2026-09-12/source/frames-and-matrix-designs/FR-12/lean/reviews/proof-referee-1-evidence/Challenge.log
 create mode 100644 frames-and-matrix-designs/FR-12/lean/verification/linux-2026-09-12/source/frames-and-matrix-designs/FR-12/lean/reviews/proof-referee-1-evidence/EVIDENCE-MANIFEST.json
 create mode 100644 frames-and-matrix-designs/FR-12/lean/verification/linux-2026-09-12/source/frames-and-matrix-designs/FR-12/lean/reviews/proof-referee-1-evidence/Inspect.lean
 create mode 100644 frames-and-matrix-designs/FR-12/lean/verification/linux-2026-09-12/source/frames-and-matrix-designs/FR-12/lean/reviews/proof-referee-1-evidence/Inspect.log
 create mode 100644 frames-and-matrix-designs/FR-12/lean/verification/linux-2026-09-12/source/frames-and-matrix-designs/FR-12/lean/reviews/proof-referee-1-evidence/NLA-FR12-Definitions.log
 create mode 100644 frames-and-matrix-designs/FR-12/lean/verification/linux-2026-09-12/source/frames-and-matrix-designs/FR-12/lean/reviews/proof-referee-1-evidence/NLA-FR12-Doubling.log
 create mode 100644 frames-and-matrix-designs/FR-12/lean/verification/linux-2026-09-12/source/frames-and-matrix-designs/FR-12/lean/reviews/proof-referee-1-evidence/NLA-FR12-Growth.log
 create mode 100644 frames-and-matrix-designs/FR-12/lean/verification/linux-2026-09-12/source/frames-and-matrix-designs/FR-12/lean/reviews/proof-referee-1-evidence/NLA-FR12-Proof.log
 create mode 100644 frames-and-matrix-designs/FR-12/lean/verification/linux-2026-09-12/source/frames-and-matrix-designs/FR-12/lean/reviews/proof-referee-1-evidence/NLA-FR12-Semantics.log
 create mode 100644 frames-and-matrix-designs/FR-12/lean/verification/linux-2026-09-12/source/frames-and-matrix-designs/FR-12/lean/reviews/proof-referee-1-evidence/Solution.log
 create mode 100644 frames-and-matrix-designs/FR-12/lean/verification/linux-2026-09-12/source/frames-and-matrix-designs/FR-12/lean/reviews/proof-referee-1-evidence/algebra-check.json
 create mode 100644 frames-and-matrix-designs/FR-12/lean/verification/linux-2026-09-12/source/frames-and-matrix-designs/FR-12/lean/reviews/proof-referee-1-evidence/algebra_check.py
 create mode 100644 frames-and-matrix-designs/FR-12/lean/verification/linux-2026-09-12/source/frames-and-matrix-designs/FR-12/lean/reviews/proof-referee-1-evidence/axiom-audit.json
 create mode 100644 frames-and-matrix-designs/FR-12/lean/verification/linux-2026-09-12/source/frames-and-matrix-designs/FR-12/lean/reviews/proof-referee-1-evidence/check.py
 create mode 100644 frames-and-matrix-designs/FR-12/lean/verification/linux-2026-09-12/source/frames-and-matrix-designs/FR-12/lean/reviews/proof-referee-1-evidence/dependency-pins.json
 create mode 100644 frames-and-matrix-designs/FR-12/lean/verification/linux-2026-09-12/source/frames-and-matrix-designs/FR-12/lean/reviews/proof-referee-1-evidence/final-integrity.json
 create mode 100644 frames-and-matrix-designs/FR-12/lean/verification/linux-2026-09-12/source/frames-and-matrix-designs/FR-12/lean/reviews/proof-referee-1-evidence/fresh-checks.json
 create mode 100644 frames-and-matrix-designs/FR-12/lean/verification/linux-2026-09-12/source/frames-and-matrix-designs/FR-12/lean/reviews/proof-referee-1-evidence/inputs-after.json
 create mode 100644 frames-and-matrix-designs/FR-12/lean/verification/linux-2026-09-12/source/frames-and-matrix-designs/FR-12/lean/reviews/proof-referee-1-evidence/inputs-before.json
 create mode 100644 frames-and-matrix-designs/FR-12/lean/verification/linux-2026-09-12/source/frames-and-matrix-designs/FR-12/lean/reviews/proof-referee-1-evidence/library-hashes.json
 create mode 100644 frames-and-matrix-designs/FR-12/lean/verification/linux-2026-09-12/source/frames-and-matrix-designs/FR-12/lean/reviews/proof-referee-1-evidence/result.json
 create mode 100644 frames-and-matrix-designs/FR-12/lean/verification/linux-2026-09-12/source/frames-and-matrix-designs/FR-12/lean/reviews/proof-referee-1-evidence/rubric-hashes.json
 create mode 100644 frames-and-matrix-designs/FR-12/lean/verification/linux-2026-09-12/source/frames-and-matrix-designs/FR-12/lean/reviews/proof-referee-1-evidence/signature-check.json
 create mode 100644 frames-and-matrix-designs/FR-12/lean/verification/linux-2026-09-12/source/frames-and-matrix-designs/FR-12/lean/reviews/proof-referee-1-evidence/source-scan.json
 create mode 100644 frames-and-matrix-designs/FR-12/lean/verification/linux-2026-09-12/source/frames-and-matrix-designs/FR-12/lean/reviews/proof-referee-1.md
 create mode 100644 frames-and-matrix-designs/FR-12/lean/verification/linux-2026-09-12/source/frames-and-matrix-designs/FR-12/lean/reviews/proof-referee-2.md
 create mode 100644 frames-and-matrix-designs/FR-12/lean/verification/linux-2026-09-12/source/frames-and-matrix-designs/FR-12/lean/reviews/reconstruct.py
 create mode 100644 frames-and-matrix-designs/FR-12/lean/verification/linux-2026-09-12/source/frames-and-matrix-designs/FR-12/lean/reviews/reconstruction.json
 create mode 100644 frames-and-matrix-designs/FR-12/lean/verification/linux-2026-09-12/source/frames-and-matrix-designs/FR-12/lean/reviews/statement-challenge.log
 create mode 100644 frames-and-matrix-designs/FR-12/lean/verification/linux-2026-09-12/source/frames-and-matrix-designs/FR-12/lean/reviews/statement-checks.json
 create mode 100644 frames-and-matrix-designs/FR-12/lean/verification/linux-2026-09-12/source/frames-and-matrix-designs/FR-12/lean/reviews/statement-definitions.log
 create mode 100644 frames-and-matrix-designs/FR-12/lean/verification/linux-2026-09-12/source/frames-and-matrix-designs/FR-12/lean/reviews/statement-freeze.json
 create mode 100644 frames-and-matrix-designs/FR-12/lean/verification/linux-2026-09-12/source/frames-and-matrix-designs/FR-12/lean/reviews/statement-inspection.log
 create mode 100644 frames-and-matrix-designs/FR-12/lean/verification/linux-2026-09-12/source/frames-and-matrix-designs/FR-12/lean/reviews/statement-referee-1-evidence/Challenge.log
 create mode 100644 frames-and-matrix-designs/FR-12/lean/verification/linux-2026-09-12/source/frames-and-matrix-designs/FR-12/lean/reviews/statement-referee-1-evidence/Definitions.log
 create mode 100644 frames-and-matrix-designs/FR-12/lean/verification/linux-2026-09-12/source/frames-and-matrix-designs/FR-12/lean/reviews/statement-referee-1-evidence/EVIDENCE-MANIFEST.json
 create mode 100644 frames-and-matrix-designs/FR-12/lean/verification/linux-2026-09-12/source/frames-and-matrix-designs/FR-12/lean/reviews/statement-referee-1-evidence/Inspect.lean
 create mode 100644 frames-and-matrix-designs/FR-12/lean/verification/linux-2026-09-12/source/frames-and-matrix-designs/FR-12/lean/reviews/statement-referee-1-evidence/Inspect.log
 create mode 100644 frames-and-matrix-designs/FR-12/lean/verification/linux-2026-09-12/source/frames-and-matrix-designs/FR-12/lean/reviews/statement-referee-1-evidence/check.py
 create mode 100644 frames-and-matrix-designs/FR-12/lean/verification/linux-2026-09-12/source/frames-and-matrix-designs/FR-12/lean/reviews/statement-referee-1-evidence/reconstruct.py
 create mode 100644 frames-and-matrix-designs/FR-12/lean/verification/linux-2026-09-12/source/frames-and-matrix-designs/FR-12/lean/reviews/statement-referee-1-evidence/reconstruction.json
 create mode 100644 frames-and-matrix-designs/FR-12/lean/verification/linux-2026-09-12/source/frames-and-matrix-designs/FR-12/lean/reviews/statement-referee-1-evidence/result.json
 create mode 100644 frames-and-matrix-designs/FR-12/lean/verification/linux-2026-09-12/source/frames-and-matrix-designs/FR-12/lean/reviews/statement-referee-1.md
 create mode 100644 frames-and-matrix-designs/FR-12/lean/verification/linux-2026-09-12/source/frames-and-matrix-designs/FR-12/lean/reviews/statement-referee-2-evidence/Inspect.lean
 create mode 100644 frames-and-matrix-designs/FR-12/lean/verification/linux-2026-09-12/source/frames-and-matrix-designs/FR-12/lean/reviews/statement-referee-2-evidence/challenge.log
 create mode 100644 frames-and-matrix-designs/FR-12/lean/verification/linux-2026-09-12/source/frames-and-matrix-designs/FR-12/lean/reviews/statement-referee-2-evidence/definition-axioms.json
 create mode 100644 frames-and-matrix-designs/FR-12/lean/verification/linux-2026-09-12/source/frames-and-matrix-designs/FR-12/lean/reviews/statement-referee-2-evidence/definitions.log
 create mode 100644 frames-and-matrix-designs/FR-12/lean/verification/linux-2026-09-12/source/frames-and-matrix-designs/FR-12/lean/reviews/statement-referee-2-evidence/dependencies.json
 create mode 100644 frames-and-matrix-designs/FR-12/lean/verification/linux-2026-09-12/source/frames-and-matrix-designs/FR-12/lean/reviews/statement-referee-2-evidence/evidence-manifest.json
 create mode 100644 frames-and-matrix-designs/FR-12/lean/verification/linux-2026-09-12/source/frames-and-matrix-designs/FR-12/lean/reviews/statement-referee-2-evidence/final-input-check.json
 create mode 100644 frames-and-matrix-designs/FR-12/lean/verification/linux-2026-09-12/source/frames-and-matrix-designs/FR-12/lean/reviews/statement-referee-2-evidence/fresh-checks.json
 create mode 100644 frames-and-matrix-designs/FR-12/lean/verification/linux-2026-09-12/source/frames-and-matrix-designs/FR-12/lean/reviews/statement-referee-2-evidence/fresh_check.py
 create mode 100644 frames-and-matrix-designs/FR-12/lean/verification/linux-2026-09-12/source/frames-and-matrix-designs/FR-12/lean/reviews/statement-referee-2-evidence/inputs-after.json
 create mode 100644 frames-and-matrix-designs/FR-12/lean/verification/linux-2026-09-12/source/frames-and-matrix-designs/FR-12/lean/reviews/statement-referee-2-evidence/inputs-before.json
 create mode 100644 frames-and-matrix-designs/FR-12/lean/verification/linux-2026-09-12/source/frames-and-matrix-designs/FR-12/lean/reviews/statement-referee-2-evidence/inspection.log
 create mode 100644 frames-and-matrix-designs/FR-12/lean/verification/linux-2026-09-12/source/frames-and-matrix-designs/FR-12/lean/reviews/statement-referee-2-evidence/library-source-hashes.json
 create mode 100644 frames-and-matrix-designs/FR-12/lean/verification/linux-2026-09-12/source/frames-and-matrix-designs/FR-12/lean/reviews/statement-referee-2-evidence/reconstruct.json
 create mode 100644 frames-and-matrix-designs/FR-12/lean/verification/linux-2026-09-12/source/frames-and-matrix-designs/FR-12/lean/reviews/statement-referee-2-evidence/reconstruct.py
 create mode 100644 frames-and-matrix-designs/FR-12/lean/verification/linux-2026-09-12/source/frames-and-matrix-designs/FR-12/lean/reviews/statement-referee-2.md
 create mode 100644 frames-and-matrix-designs/FR-12/lean/verification/linux-2026-09-12/source/frames-and-matrix-designs/FR-12/lean/verification/InspectProof.lean
 create mode 100644 frames-and-matrix-designs/FR-12/lean/verification/linux-2026-09-12/source/frames-and-matrix-designs/FR-12/lean/verification/axioms.json
 create mode 100644 frames-and-matrix-designs/FR-12/lean/verification/linux-2026-09-12/source/frames-and-matrix-designs/FR-12/lean/verification/dependency-pins.json
 create mode 100644 frames-and-matrix-designs/FR-12/lean/verification/linux-2026-09-12/source/frames-and-matrix-designs/FR-12/lean/verification/final-referee-2/01-Definitions.log
 create mode 100644 frames-and-matrix-designs/FR-12/lean/verification/linux-2026-09-12/source/frames-and-matrix-designs/FR-12/lean/verification/final-referee-2/02-Semantics.log
 create mode 100644 frames-and-matrix-designs/FR-12/lean/verification/linux-2026-09-12/source/frames-and-matrix-designs/FR-12/lean/verification/final-referee-2/03-Doubling.log
 create mode 100644 frames-and-matrix-designs/FR-12/lean/verification/linux-2026-09-12/source/frames-and-matrix-designs/FR-12/lean/verification/final-referee-2/04-Growth.log
 create mode 100644 frames-and-matrix-designs/FR-12/lean/verification/linux-2026-09-12/source/frames-and-matrix-designs/FR-12/lean/verification/final-referee-2/05-Proof.log
 create mode 100644 frames-and-matrix-designs/FR-12/lean/verification/linux-2026-09-12/source/frames-and-matrix-designs/FR-12/lean/verification/final-referee-2/06-Solution.log
 create mode 100644 frames-and-matrix-designs/FR-12/lean/verification/linux-2026-09-12/source/frames-and-matrix-designs/FR-12/lean/verification/final-referee-2/07-Challenge.log
 create mode 100644 frames-and-matrix-designs/FR-12/lean/verification/linux-2026-09-12/source/frames-and-matrix-designs/FR-12/lean/verification/final-referee-2/08-Inspect.log
 create mode 100644 frames-and-matrix-designs/FR-12/lean/verification/linux-2026-09-12/source/frames-and-matrix-designs/FR-12/lean/verification/final-referee-2/Inspect.lean
 create mode 100644 frames-and-matrix-designs/FR-12/lean/verification/linux-2026-09-12/source/frames-and-matrix-designs/FR-12/lean/verification/final-referee-2/actual-dependencies.json
 create mode 100644 frames-and-matrix-designs/FR-12/lean/verification/linux-2026-09-12/source/frames-and-matrix-designs/FR-12/lean/verification/final-referee-2/axioms.json
 create mode 100644 frames-and-matrix-designs/FR-12/lean/verification/linux-2026-09-12/source/frames-and-matrix-designs/FR-12/lean/verification/final-referee-2/dependency-pins.json
 create mode 100644 frames-and-matrix-designs/FR-12/lean/verification/linux-2026-09-12/source/frames-and-matrix-designs/FR-12/lean/verification/final-referee-2/evidence-manifest.json
 create mode 100644 frames-and-matrix-designs/FR-12/lean/verification/linux-2026-09-12/source/frames-and-matrix-designs/FR-12/lean/verification/final-referee-2/final-input-check.json
 create mode 100644 frames-and-matrix-designs/FR-12/lean/verification/linux-2026-09-12/source/frames-and-matrix-designs/FR-12/lean/verification/final-referee-2/fresh-checks.json
 create mode 100644 frames-and-matrix-designs/FR-12/lean/verification/linux-2026-09-12/source/frames-and-matrix-designs/FR-12/lean/verification/final-referee-2/fresh_check.py
 create mode 100644 frames-and-matrix-designs/FR-12/lean/verification/linux-2026-09-12/source/frames-and-matrix-designs/FR-12/lean/verification/final-referee-2/inputs-after.json
 create mode 100644 frames-and-matrix-designs/FR-12/lean/verification/linux-2026-09-12/source/frames-and-matrix-designs/FR-12/lean/verification/final-referee-2/inputs-before.json
 create mode 100644 frames-and-matrix-designs/FR-12/lean/verification/linux-2026-09-12/source/frames-and-matrix-designs/FR-12/lean/verification/final-referee-2/library-and-rubric-sources.json
 create mode 100644 frames-and-matrix-designs/FR-12/lean/verification/linux-2026-09-12/source/frames-and-matrix-designs/FR-12/lean/verification/final-referee-2/source-signatures.json
 create mode 100644 frames-and-matrix-designs/FR-12/lean/verification/linux-2026-09-12/source/frames-and-matrix-designs/FR-12/lean/verification/freeze_proof.py
 create mode 100644 frames-and-matrix-designs/FR-12/lean/verification/linux-2026-09-12/source/frames-and-matrix-designs/FR-12/lean/verification/fresh-challenge.log
 create mode 100644 frames-and-matrix-designs/FR-12/lean/verification/linux-2026-09-12/source/frames-and-matrix-designs/FR-12/lean/verification/fresh-checks.json
 create mode 100644 frames-and-matrix-designs/FR-12/lean/verification/linux-2026-09-12/source/frames-and-matrix-designs/FR-12/lean/verification/fresh-definitions.log
 create mode 100644 frames-and-matrix-designs/FR-12/lean/verification/linux-2026-09-12/source/frames-and-matrix-designs/FR-12/lean/verification/fresh-doubling.log
 create mode 100644 frames-and-matrix-designs/FR-12/lean/verification/linux-2026-09-12/source/frames-and-matrix-designs/FR-12/lean/verification/fresh-growth.log
 create mode 100644 frames-and-matrix-designs/FR-12/lean/verification/linux-2026-09-12/source/frames-and-matrix-designs/FR-12/lean/verification/fresh-inspection.log
 create mode 100644 frames-and-matrix-designs/FR-12/lean/verification/linux-2026-09-12/source/frames-and-matrix-designs/FR-12/lean/verification/fresh-proof.log
 create mode 100644 frames-and-matrix-designs/FR-12/lean/verification/linux-2026-09-12/source/frames-and-matrix-designs/FR-12/lean/verification/fresh-semantics.log
 create mode 100644 frames-and-matrix-designs/FR-12/lean/verification/linux-2026-09-12/source/frames-and-matrix-designs/FR-12/lean/verification/fresh-solution.log
 create mode 100644 frames-and-matrix-designs/FR-12/lean/verification/linux-2026-09-12/source/frames-and-matrix-designs/FR-12/lean/verification/fresh_check.py
 create mode 100644 frames-and-matrix-designs/FR-12/lean/verification/linux-2026-09-12/source/frames-and-matrix-designs/FR-12/lean/verification/inputs-after.json
 create mode 100644 frames-and-matrix-designs/FR-12/lean/verification/linux-2026-09-12/source/frames-and-matrix-designs/FR-12/lean/verification/inputs-before.json
 create mode 100644 frames-and-matrix-designs/FR-12/lean/verification/linux-2026-09-12/source/frames-and-matrix-designs/FR-12/lean/verification/linux-candidate-2026-09-12/CANDIDATE-HANDOFF.md
 create mode 100644 frames-and-matrix-designs/FR-12/lean/verification/linux-2026-09-12/source/frames-and-matrix-designs/FR-12/lean/verification/linux-candidate-2026-09-12/EVIDENCE-MANIFEST.json
 create mode 100644 frames-and-matrix-designs/FR-12/lean/verification/linux-2026-09-12/source/frames-and-matrix-designs/FR-12/lean/verification/linux-candidate-2026-09-12/check_packaging.py
 create mode 100644 frames-and-matrix-designs/FR-12/lean/verification/linux-2026-09-12/source/frames-and-matrix-designs/FR-12/lean/verification/linux-candidate-2026-09-12/checks.json
 create mode 100644 frames-and-matrix-designs/FR-12/lean/verification/linux-2026-09-12/source/frames-and-matrix-designs/FR-12/lean/verification/linux-candidate-2026-09-12/dependency-check.json
 create mode 100644 frames-and-matrix-designs/FR-12/lean/verification/linux-2026-09-12/source/frames-and-matrix-designs/FR-12/lean/verification/linux-candidate-2026-09-12/frozen-statement-stage-README.md
 create mode 100644 frames-and-matrix-designs/FR-12/lean/verification/linux-2026-09-12/source/frames-and-matrix-designs/FR-12/lean/verification/linux-candidate-2026-09-12/inputs-before.json
 create mode 100644 frames-and-matrix-designs/FR-12/lean/verification/linux-2026-09-12/source/frames-and-matrix-designs/FR-12/lean/verification/linux-candidate-2026-09-12/metadata-validation.log
 create mode 100644 frames-and-matrix-designs/FR-12/lean/verification/linux-2026-09-12/source/frames-and-matrix-designs/FR-12/lean/verification/linux-candidate-2026-09-12/packaging-record.json
 create mode 100644 frames-and-matrix-designs/FR-12/lean/verification/linux-2026-09-12/source/frames-and-matrix-designs/FR-12/lean/verification/linux-candidate-2026-09-12/permanent-id-tests.log
 create mode 100644 frames-and-matrix-designs/FR-12/lean/verification/linux-2026-09-12/source/frames-and-matrix-designs/FR-12/lean/verification/linux-candidate-2026-09-12/permanent-ids-origin.log
 create mode 100644 frames-and-matrix-designs/FR-12/lean/verification/linux-2026-09-12/source/frames-and-matrix-designs/FR-12/lean/verification/linux-candidate-2026-09-12/permanent-ids-upstream.log
 create mode 100644 frames-and-matrix-designs/FR-12/lean/verification/linux-2026-09-12/source/frames-and-matrix-designs/FR-12/lean/verification/linux-candidate-2026-09-12/prepare_candidate.py
 create mode 100644 frames-and-matrix-designs/FR-12/lean/verification/linux-2026-09-12/source/frames-and-matrix-designs/FR-12/lean/verification/proof-build-before-binder-cleanup.json
 create mode 100644 frames-and-matrix-designs/FR-12/lean/verification/linux-2026-09-12/source/frames-and-matrix-designs/FR-12/lean/verification/proof-build-before-binder-cleanup.log
 create mode 100644 frames-and-matrix-designs/FR-12/lean/verification/linux-2026-09-12/source/frames-and-matrix-designs/FR-12/lean/verification/proof-build.json
 create mode 100644 frames-and-matrix-designs/FR-12/lean/verification/linux-2026-09-12/source/frames-and-matrix-designs/FR-12/lean/verification/proof-build.log
 create mode 100644 frames-and-matrix-designs/FR-12/lean/verification/linux-2026-09-12/source/frames-and-matrix-designs/FR-12/lean/verification/proof-start.json
 create mode 100644 frames-and-matrix-designs/FR-12/lean/verification/linux-2026-09-12/source/frames-and-matrix-designs/FR-12/lean/verification/retained-dependencies.json
 create mode 100644 frames-and-matrix-designs/FR-12/lean/verification/linux-2026-09-12/source/frames-and-matrix-designs/FR-12/lean/verification/root-linux-packaging.json
 create mode 100644 frames-and-matrix-designs/FR-12/lean/verification/linux-2026-09-12/source/frames-and-matrix-designs/FR-12/lean/verification/source-signatures.json
 create mode 100644 frames-and-matrix-designs/FR-12/lean/verification/linux-2026-09-12/source/frames-and-matrix-designs/FR-12/solution.md
 create mode 100644 frames-and-matrix-designs/FR-12/lean/verification/linux-2026-09-12/source/frames-and-matrix-designs/FR-12/solution.tex
 create mode 100644 frames-and-matrix-designs/FR-12/lean/verification/linux-2026-09-12/source/git-commit.txt
 create mode 100644 frames-and-matrix-designs/FR-12/lean/verification/linux-2026-09-12/source/git-project-tree.txt
 create mode 100644 frames-and-matrix-designs/FR-12/lean/verification/linux-2026-09-12/source/references/stepaniants-fr12-2026-09-12/REVIEW.md
 create mode 100644 frames-and-matrix-designs/FR-12/lean/verification/linux-2026-09-12/source/sandbox_probe_ci.py
 create mode 100644 frames-and-matrix-designs/FR-12/lean/verification/linux-2026-09-12/source/tools/lean/bootstrap.sh
 create mode 100644 frames-and-matrix-designs/FR-12/lean/verification/linux-2026-09-12/source/tools/lean/harness.py
 create mode 100644 frames-and-matrix-designs/FR-12/lean/verification/linux-2026-09-12/source/tools/lean/selftest.sh
 create mode 100644 frames-and-matrix-designs/FR-12/lean/verification/linux-2026-09-12/source/tools/lean/source-lock.json
 create mode 100644 frames-and-matrix-designs/FR-12/lean/verification/linux-2026-09-12/source/tools/lean/verify.sh
 create mode 100644 frames-and-matrix-designs/FR-12/lean/verification/linux-2026-09-12/tool-source-verification.json
 create mode 100644 frames-and-matrix-designs/FR-12/lean/verification/linux-2026-09-12/verify_evidence.py
 create mode 100644 frames-and-matrix-designs/FR-12/lean/verification/linux-candidate-2026-09-12/CANDIDATE-HANDOFF.md
 create mode 100644 frames-and-matrix-designs/FR-12/lean/verification/linux-candidate-2026-09-12/EVIDENCE-MANIFEST.json
 create mode 100644 frames-and-matrix-designs/FR-12/lean/verification/linux-candidate-2026-09-12/check_packaging.py
 create mode 100644 frames-and-matrix-designs/FR-12/lean/verification/linux-candidate-2026-09-12/checks.json
 create mode 100644 frames-and-matrix-designs/FR-12/lean/verification/linux-candidate-2026-09-12/dependency-check.json
 create mode 100644 frames-and-matrix-designs/FR-12/lean/verification/linux-candidate-2026-09-12/frozen-statement-stage-README.md
 create mode 100644 frames-and-matrix-designs/FR-12/lean/verification/linux-candidate-2026-09-12/inputs-before.json
 create mode 100644 frames-and-matrix-designs/FR-12/lean/verification/linux-candidate-2026-09-12/metadata-validation.log
 create mode 100644 frames-and-matrix-designs/FR-12/lean/verification/linux-candidate-2026-09-12/packaging-record.json
 create mode 100644 frames-and-matrix-designs/FR-12/lean/verification/linux-candidate-2026-09-12/permanent-id-tests.log
 create mode 100644 frames-and-matrix-designs/FR-12/lean/verification/linux-candidate-2026-09-12/permanent-ids-origin.log
 create mode 100644 frames-and-matrix-designs/FR-12/lean/verification/linux-candidate-2026-09-12/permanent-ids-upstream.log
 create mode 100644 frames-and-matrix-designs/FR-12/lean/verification/linux-candidate-2026-09-12/prepare_candidate.py
 create mode 100644 frames-and-matrix-designs/FR-12/lean/verification/proof-build-before-binder-cleanup.json
 create mode 100644 frames-and-matrix-designs/FR-12/lean/verification/proof-build-before-binder-cleanup.log
 create mode 100644 frames-and-matrix-designs/FR-12/lean/verification/proof-build.json
 create mode 100644 frames-and-matrix-designs/FR-12/lean/verification/proof-build.log
 create mode 100644 frames-and-matrix-designs/FR-12/lean/verification/proof-start.json
 create mode 100644 frames-and-matrix-designs/FR-12/lean/verification/publication-2026-09-12/EVIDENCE-MANIFEST.json
 create mode 100644 frames-and-matrix-designs/FR-12/lean/verification/publication-2026-09-12/INDEPENDENT-REVIEW.md
 create mode 100644 frames-and-matrix-designs/FR-12/lean/verification/publication-2026-09-12/PUBLICATION-HANDOFF.md
 create mode 100644 frames-and-matrix-designs/FR-12/lean/verification/publication-2026-09-12/ROOT-CHECKS.json
 create mode 100644 frames-and-matrix-designs/FR-12/lean/verification/publication-2026-09-12/ROOT-MANIFEST.json
 create mode 100644 frames-and-matrix-designs/FR-12/lean/verification/publication-2026-09-12/before-integration.json
 create mode 100644 frames-and-matrix-designs/FR-12/lean/verification/publication-2026-09-12/before.json
 create mode 100644 frames-and-matrix-designs/FR-12/lean/verification/publication-2026-09-12/catalog.log
 create mode 100644 frames-and-matrix-designs/FR-12/lean/verification/publication-2026-09-12/check_and_render.py
 create mode 100644 frames-and-matrix-designs/FR-12/lean/verification/publication-2026-09-12/checks.json
 create mode 100644 frames-and-matrix-designs/FR-12/lean/verification/publication-2026-09-12/diff-check.log
 create mode 100644 frames-and-matrix-designs/FR-12/lean/verification/publication-2026-09-12/final-checks.json
 create mode 100644 frames-and-matrix-designs/FR-12/lean/verification/publication-2026-09-12/final-render-checks.json
 create mode 100644 frames-and-matrix-designs/FR-12/lean/verification/publication-2026-09-12/finish.py
 create mode 100644 frames-and-matrix-designs/FR-12/lean/verification/publication-2026-09-12/format-check.log
 create mode 100644 frames-and-matrix-designs/FR-12/lean/verification/publication-2026-09-12/format-final.log
 create mode 100644 frames-and-matrix-designs/FR-12/lean/verification/publication-2026-09-12/format-write.log
 create mode 100644 frames-and-matrix-designs/FR-12/lean/verification/publication-2026-09-12/initial-pdfinfo.log
 create mode 100644 frames-and-matrix-designs/FR-12/lean/verification/publication-2026-09-12/initial-render.log
 create mode 100644 frames-and-matrix-designs/FR-12/lean/verification/publication-2026-09-12/initial-whitespace-check.log
 create mode 100644 frames-and-matrix-designs/FR-12/lean/verification/publication-2026-09-12/integration.json
 create mode 100644 frames-and-matrix-designs/FR-12/lean/verification/publication-2026-09-12/integration.log
 create mode 100644 frames-and-matrix-designs/FR-12/lean/verification/publication-2026-09-12/integrity.json
 create mode 100644 frames-and-matrix-designs/FR-12/lean/verification/publication-2026-09-12/linux-evidence-preservation.log
 create mode 100644 frames-and-matrix-designs/FR-12/lean/verification/publication-2026-09-12/pdf-text.txt
 create mode 100644 frames-and-matrix-designs/FR-12/lean/verification/publication-2026-09-12/pdfinfo.log
 create mode 100644 frames-and-matrix-designs/FR-12/lean/verification/publication-2026-09-12/permanent-id-tests.log
 create mode 100644 frames-and-matrix-designs/FR-12/lean/verification/publication-2026-09-12/prepare.py
 create mode 100644 frames-and-matrix-designs/FR-12/lean/verification/publication-2026-09-12/preserved-upstream-files.json
 create mode 100644 frames-and-matrix-designs/FR-12/lean/verification/publication-2026-09-12/render-identity.json
 create mode 100644 frames-and-matrix-designs/FR-12/lean/verification/publication-2026-09-12/render-pages.log
 create mode 100644 frames-and-matrix-designs/FR-12/lean/verification/publication-2026-09-12/render.log
 create mode 100644 frames-and-matrix-designs/FR-12/lean/verification/publication-2026-09-12/root_publication_check.py
 create mode 100644 frames-and-matrix-designs/FR-12/lean/verification/publication-2026-09-12/snapshot.py
 create mode 100644 frames-and-matrix-designs/FR-12/lean/verification/publication-2026-09-12/visual-review.json
 create mode 100644 frames-and-matrix-designs/FR-12/lean/verification/publication-2026-09-12/write_handoff.py
 create mode 100644 frames-and-matrix-designs/FR-12/lean/verification/retained-dependencies.json
 create mode 100644 frames-and-matrix-designs/FR-12/lean/verification/root-linux-packaging.json
 create mode 100644 frames-and-matrix-designs/FR-12/lean/verification/source-signatures.json
 create mode 100644 linear-systems-and-elimination/IE-12/solution.pdf
 create mode 100644 linear-systems-and-elimination/IE-12/solution.tex
 create mode 100644 linear-systems-and-elimination/IE-16/solution.pdf
 create mode 100644 linear-systems-and-elimination/IE-16/solution.tex
 create mode 100644 matrix-inequalities-and-norms/MI-22/lean/.gitignore
 create mode 100644 matrix-inequalities-and-norms/MI-22/lean/Challenge.lean
 create mode 100644 matrix-inequalities-and-norms/MI-22/lean/LICENSE
 create mode 100644 matrix-inequalities-and-norms/MI-22/lean/NLA/MI22/Definitions.lean
 create mode 100644 matrix-inequalities-and-norms/MI-22/lean/NLA/MI22/ExactData.lean
 create mode 100644 matrix-inequalities-and-norms/MI-22/lean/NLA/MI22/FunctionalCalculus.lean
 create mode 100644 matrix-inequalities-and-norms/MI-22/lean/NLA/MI22/Norms.lean
 create mode 100644 matrix-inequalities-and-norms/MI-22/lean/NLA/MI22/Proof.lean
 create mode 100644 matrix-inequalities-and-norms/MI-22/lean/NLA/MI22/SingularValues.lean
 create mode 100644 matrix-inequalities-and-norms/MI-22/lean/NLA/MI22/Witness.lean
 create mode 100644 matrix-inequalities-and-norms/MI-22/lean/NUMERICAL_TARGETS.md
 create mode 100644 matrix-inequalities-and-norms/MI-22/lean/README.md
 create mode 100644 matrix-inequalities-and-norms/MI-22/lean/SOURCE_CORRESPONDENCE.md
 create mode 100644 matrix-inequalities-and-norms/MI-22/lean/Solution.lean
 create mode 100644 matrix-inequalities-and-norms/MI-22/lean/comparator.json
 create mode 100644 matrix-inequalities-and-norms/MI-22/lean/formalization.yaml
 create mode 100644 matrix-inequalities-and-norms/MI-22/lean/lake-manifest.json
 create mode 100644 matrix-inequalities-and-norms/MI-22/lean/lakefile.toml
 create mode 100644 matrix-inequalities-and-norms/MI-22/lean/lean-toolchain
 create mode 100644 matrix-inequalities-and-norms/MI-22/lean/reviews/InspectStatements.lean
 create mode 100644 matrix-inequalities-and-norms/MI-22/lean/reviews/check_and_freeze.py
 create mode 100644 matrix-inequalities-and-norms/MI-22/lean/reviews/definition-axioms.json
 create mode 100644 matrix-inequalities-and-norms/MI-22/lean/reviews/dependency-pins.json
 create mode 100644 matrix-inequalities-and-norms/MI-22/lean/reviews/duplicate-scope.json
 create mode 100644 matrix-inequalities-and-norms/MI-22/lean/reviews/fresh-challenge.log
 create mode 100644 matrix-inequalities-and-norms/MI-22/lean/reviews/fresh-checks.json
 create mode 100644 matrix-inequalities-and-norms/MI-22/lean/reviews/fresh-definitions.log
 create mode 100644 matrix-inequalities-and-norms/MI-22/lean/reviews/fresh-inspection.log
 create mode 100644 matrix-inequalities-and-norms/MI-22/lean/reviews/inputs-after.json
 create mode 100644 matrix-inequalities-and-norms/MI-22/lean/reviews/inputs-before.json
 create mode 100644 matrix-inequalities-and-norms/MI-22/lean/reviews/proof-completion.md
 create mode 100644 matrix-inequalities-and-norms/MI-22/lean/reviews/proof-referee-1-evidence/Challenge.log
 create mode 100644 matrix-inequalities-and-norms/MI-22/lean/reviews/proof-referee-1-evidence/EVIDENCE-MANIFEST.json
 create mode 100644 matrix-inequalities-and-norms/MI-22/lean/reviews/proof-referee-1-evidence/Inspect.lean
 create mode 100644 matrix-inequalities-and-norms/MI-22/lean/reviews/proof-referee-1-evidence/InspectCertificate.lean
 create mode 100644 matrix-inequalities-and-norms/MI-22/lean/reviews/proof-referee-1-evidence/NLA-MI22-Definitions.log
 create mode 100644 matrix-inequalities-and-norms/MI-22/lean/reviews/proof-referee-1-evidence/NLA-MI22-ExactData.log
 create mode 100644 matrix-inequalities-and-norms/MI-22/lean/reviews/proof-referee-1-evidence/NLA-MI22-FunctionalCalculus.log
 create mode 100644 matrix-inequalities-and-norms/MI-22/lean/reviews/proof-referee-1-evidence/NLA-MI22-Norms.log
 create mode 100644 matrix-inequalities-and-norms/MI-22/lean/reviews/proof-referee-1-evidence/NLA-MI22-Proof.log
 create mode 100644 matrix-inequalities-and-norms/MI-22/lean/reviews/proof-referee-1-evidence/NLA-MI22-SingularValues.log
 create mode 100644 matrix-inequalities-and-norms/MI-22/lean/reviews/proof-referee-1-evidence/NLA-MI22-Witness.log
 create mode 100644 matrix-inequalities-and-norms/MI-22/lean/reviews/proof-referee-1-evidence/Solution.log
 create mode 100644 matrix-inequalities-and-norms/MI-22/lean/reviews/proof-referee-1-evidence/axiom-audit.json
 create mode 100644 matrix-inequalities-and-norms/MI-22/lean/reviews/proof-referee-1-evidence/certificate-auxiliary-check.json
 create mode 100644 matrix-inequalities-and-norms/MI-22/lean/reviews/proof-referee-1-evidence/certificate-auxiliary.log
 create mode 100644 matrix-inequalities-and-norms/MI-22/lean/reviews/proof-referee-1-evidence/consolidate_review.py
 create mode 100644 matrix-inequalities-and-norms/MI-22/lean/reviews/proof-referee-1-evidence/dependencies.json
 create mode 100644 matrix-inequalities-and-norms/MI-22/lean/reviews/proof-referee-1-evidence/exact-table-audit.json
 create mode 100644 matrix-inequalities-and-norms/MI-22/lean/reviews/proof-referee-1-evidence/finalize_evidence.py
 create mode 100644 matrix-inequalities-and-norms/MI-22/lean/reviews/proof-referee-1-evidence/fresh-checks.json
 create mode 100644 matrix-inequalities-and-norms/MI-22/lean/reviews/proof-referee-1-evidence/fresh_review.py
 create mode 100644 matrix-inequalities-and-norms/MI-22/lean/reviews/proof-referee-1-evidence/inputs-after.json
 create mode 100644 matrix-inequalities-and-norms/MI-22/lean/reviews/proof-referee-1-evidence/inputs-before.json
 create mode 100644 matrix-inequalities-and-norms/MI-22/lean/reviews/proof-referee-1-evidence/inspected-library-sources.json
 create mode 100644 matrix-inequalities-and-norms/MI-22/lean/reviews/proof-referee-1-evidence/inspection.log
 create mode 100644 matrix-inequalities-and-norms/MI-22/lean/reviews/proof-referee-1-evidence/original-sources.json
 create mode 100644 matrix-inequalities-and-norms/MI-22/lean/reviews/proof-referee-1-evidence/reconstruct.py
 create mode 100644 matrix-inequalities-and-norms/MI-22/lean/reviews/proof-referee-1-evidence/reconstruction.json
 create mode 100644 matrix-inequalities-and-norms/MI-22/lean/reviews/proof-referee-1-evidence/reconstruction.log
 create mode 100644 matrix-inequalities-and-norms/MI-22/lean/reviews/proof-referee-1-evidence/reuse-search-command.json
 create mode 100644 matrix-inequalities-and-norms/MI-22/lean/reviews/proof-referee-1-evidence/reuse-search.log
 create mode 100644 matrix-inequalities-and-norms/MI-22/lean/reviews/proof-referee-1-evidence/review-standards.json
 create mode 100644 matrix-inequalities-and-norms/MI-22/lean/reviews/proof-referee-1-evidence/scope-integrity.json
 create mode 100644 matrix-inequalities-and-norms/MI-22/lean/reviews/proof-referee-1-evidence/signatures.json
 create mode 100644 matrix-inequalities-and-norms/MI-22/lean/reviews/proof-referee-1-evidence/source-safety.json
 create mode 100644 matrix-inequalities-and-norms/MI-22/lean/reviews/proof-referee-1-evidence/statement-integrity.json
 create mode 100644 matrix-inequalities-and-norms/MI-22/lean/reviews/proof-referee-1.md
 create mode 100644 matrix-inequalities-and-norms/MI-22/lean/reviews/proof-referee-2-root-evidence/Inspect.lean
 create mode 100644 matrix-inequalities-and-norms/MI-22/lean/reviews/proof-referee-2-root-evidence/NLA-MI22-Definitions.log
 create mode 100644 matrix-inequalities-and-norms/MI-22/lean/reviews/proof-referee-2-root-evidence/NLA-MI22-ExactData.log
 create mode 100644 matrix-inequalities-and-norms/MI-22/lean/reviews/proof-referee-2-root-evidence/NLA-MI22-FunctionalCalculus.log
 create mode 100644 matrix-inequalities-and-norms/MI-22/lean/reviews/proof-referee-2-root-evidence/NLA-MI22-Norms.log
 create mode 100644 matrix-inequalities-and-norms/MI-22/lean/reviews/proof-referee-2-root-evidence/NLA-MI22-Proof.log
 create mode 100644 matrix-inequalities-and-norms/MI-22/lean/reviews/proof-referee-2-root-evidence/NLA-MI22-SingularValues.log
 create mode 100644 matrix-inequalities-and-norms/MI-22/lean/reviews/proof-referee-2-root-evidence/NLA-MI22-Witness.log
 create mode 100644 matrix-inequalities-and-norms/MI-22/lean/reviews/proof-referee-2-root-evidence/Solution.log
 create mode 100644 matrix-inequalities-and-norms/MI-22/lean/reviews/proof-referee-2-root-evidence/audit.json
 create mode 100644 matrix-inequalities-and-norms/MI-22/lean/reviews/proof-referee-2-root-evidence/audit.py
 create mode 100644 matrix-inequalities-and-norms/MI-22/lean/reviews/proof-referee-2-root-evidence/axioms.json
 create mode 100644 matrix-inequalities-and-norms/MI-22/lean/reviews/proof-referee-2-root-evidence/dependencies.json
 create mode 100644 matrix-inequalities-and-norms/MI-22/lean/reviews/proof-referee-2-root-evidence/execution.json
 create mode 100644 matrix-inequalities-and-norms/MI-22/lean/reviews/proof-referee-2-root-evidence/fresh_review.py
 create mode 100644 matrix-inequalities-and-norms/MI-22/lean/reviews/proof-referee-2-root-evidence/inspect_review.py
 create mode 100644 matrix-inequalities-and-norms/MI-22/lean/reviews/proof-referee-2-root-evidence/inspection.json
 create mode 100644 matrix-inequalities-and-norms/MI-22/lean/reviews/proof-referee-2-root-evidence/inspection.log
 create mode 100644 matrix-inequalities-and-norms/MI-22/lean/reviews/proof-referee-2-root-evidence/manifest.json
 create mode 100644 matrix-inequalities-and-norms/MI-22/lean/reviews/proof-referee-2-root-evidence/source-identity.json
 create mode 100644 matrix-inequalities-and-norms/MI-22/lean/reviews/proof-referee-2.md
 create mode 100644 matrix-inequalities-and-norms/MI-22/lean/reviews/reconstruct.py
 create mode 100644 matrix-inequalities-and-norms/MI-22/lean/reviews/reconstruction.json
 create mode 100644 matrix-inequalities-and-norms/MI-22/lean/reviews/source-hashes.json
 create mode 100644 matrix-inequalities-and-norms/MI-22/lean/reviews/statement-build.json
 create mode 100644 matrix-inequalities-and-norms/MI-22/lean/reviews/statement-build.log
 create mode 100644 matrix-inequalities-and-norms/MI-22/lean/reviews/statement-freeze.json
 create mode 100644 matrix-inequalities-and-norms/MI-22/lean/reviews/statement-handoff.md
 create mode 100644 matrix-inequalities-and-norms/MI-22/lean/reviews/statement-referee-1-evidence/Challenge.log
 create mode 100644 matrix-inequalities-and-norms/MI-22/lean/reviews/statement-referee-1-evidence/EVIDENCE-MANIFEST.json
 create mode 100644 matrix-inequalities-and-norms/MI-22/lean/reviews/statement-referee-1-evidence/Inspect.lean
 create mode 100644 matrix-inequalities-and-norms/MI-22/lean/reviews/statement-referee-1-evidence/NLA-MI22-Definitions.log
 create mode 100644 matrix-inequalities-and-norms/MI-22/lean/reviews/statement-referee-1-evidence/audit.py
 create mode 100644 matrix-inequalities-and-norms/MI-22/lean/reviews/statement-referee-1-evidence/definition-axiom-audit.json
 create mode 100644 matrix-inequalities-and-norms/MI-22/lean/reviews/statement-referee-1-evidence/dependencies.json
 create mode 100644 matrix-inequalities-and-norms/MI-22/lean/reviews/statement-referee-1-evidence/fresh-checks.json
 create mode 100644 matrix-inequalities-and-norms/MI-22/lean/reviews/statement-referee-1-evidence/fresh_review.py
 create mode 100644 matrix-inequalities-and-norms/MI-22/lean/reviews/statement-referee-1-evidence/inputs-after.json
 create mode 100644 matrix-inequalities-and-norms/MI-22/lean/reviews/statement-referee-1-evidence/inputs-before.json
 create mode 100644 matrix-inequalities-and-norms/MI-22/lean/reviews/statement-referee-1-evidence/inspection.log
 create mode 100644 matrix-inequalities-and-norms/MI-22/lean/reviews/statement-referee-1-evidence/integrity.json
 create mode 100644 matrix-inequalities-and-norms/MI-22/lean/reviews/statement-referee-1-evidence/library-search-1.log
 create mode 100644 matrix-inequalities-and-norms/MI-22/lean/reviews/statement-referee-1-evidence/library-search-2.log
 create mode 100644 matrix-inequalities-and-norms/MI-22/lean/reviews/statement-referee-1-evidence/library-searches.json
 create mode 100644 matrix-inequalities-and-norms/MI-22/lean/reviews/statement-referee-1-evidence/library-sources.json
 create mode 100644 matrix-inequalities-and-norms/MI-22/lean/reviews/statement-referee-1-evidence/original-sources.json
 create mode 100644 matrix-inequalities-and-norms/MI-22/lean/reviews/statement-referee-1-evidence/primary-source-check.json
 create mode 100644 matrix-inequalities-and-norms/MI-22/lean/reviews/statement-referee-1-evidence/reconstruct.py
 create mode 100644 matrix-inequalities-and-norms/MI-22/lean/reviews/statement-referee-1-evidence/reconstruction.json
 create mode 100644 matrix-inequalities-and-norms/MI-22/lean/reviews/statement-referee-1-evidence/reconstruction.log
 create mode 100644 matrix-inequalities-and-norms/MI-22/lean/reviews/statement-referee-1-evidence/review-standards.json
 create mode 100644 matrix-inequalities-and-norms/MI-22/lean/reviews/statement-referee-1-evidence/semantic-checks.json
 create mode 100644 matrix-inequalities-and-norms/MI-22/lean/reviews/statement-referee-1-evidence/signatures.json
 create mode 100644 matrix-inequalities-and-norms/MI-22/lean/reviews/statement-referee-1.md
 create mode 100644 matrix-inequalities-and-norms/MI-22/lean/reviews/statement-referee-2-root-evidence/Inspect.lean
 create mode 100644 matrix-inequalities-and-norms/MI-22/lean/reviews/statement-referee-2-root-evidence/challenge.log
 create mode 100644 matrix-inequalities-and-norms/MI-22/lean/reviews/statement-referee-2-root-evidence/checks.json
 create mode 100644 matrix-inequalities-and-norms/MI-22/lean/reviews/statement-referee-2-root-evidence/definitions.log
 create mode 100644 matrix-inequalities-and-norms/MI-22/lean/reviews/statement-referee-2-root-evidence/evidence-manifest.json
 create mode 100644 matrix-inequalities-and-norms/MI-22/lean/reviews/statement-referee-2-root-evidence/fresh_review.py
 create mode 100644 matrix-inequalities-and-norms/MI-22/lean/reviews/statement-referee-2-root-evidence/independent-input-audit.json
 create mode 100644 matrix-inequalities-and-norms/MI-22/lean/reviews/statement-referee-2-root-evidence/inspection.log
 create mode 100644 matrix-inequalities-and-norms/MI-22/lean/reviews/statement-referee-2-root-evidence/library-hashes.json
 create mode 100644 matrix-inequalities-and-norms/MI-22/lean/reviews/statement-referee-2-root-evidence/reconstruct_independently.py
 create mode 100644 matrix-inequalities-and-norms/MI-22/lean/reviews/statement-referee-2-root-evidence/reconstruction.json
 create mode 100644 matrix-inequalities-and-norms/MI-22/lean/reviews/statement-referee-2-root-evidence/source-identity.json
 create mode 100644 matrix-inequalities-and-norms/MI-22/lean/reviews/statement-referee-2.md
 create mode 100644 matrix-inequalities-and-norms/MI-22/lean/verification/InspectCertificate.lean
 create mode 100644 matrix-inequalities-and-norms/MI-22/lean/verification/InspectProof.lean
 create mode 100644 matrix-inequalities-and-norms/MI-22/lean/verification/axioms.json
 create mode 100644 matrix-inequalities-and-norms/MI-22/lean/verification/build-registration.json
 create mode 100644 matrix-inequalities-and-norms/MI-22/lean/verification/candidate-2026-09-12/CANDIDATE-HANDOFF.md
 create mode 100644 matrix-inequalities-and-norms/MI-22/lean/verification/candidate-2026-09-12/EVIDENCE-MANIFEST.json
 create mode 100644 matrix-inequalities-and-norms/MI-22/lean/verification/candidate-2026-09-12/README.statement.md
 create mode 100644 matrix-inequalities-and-norms/MI-22/lean/verification/candidate-2026-09-12/inputs-before.json
 create mode 100644 matrix-inequalities-and-norms/MI-22/lean/verification/candidate-2026-09-12/integrity.json
 create mode 100644 matrix-inequalities-and-norms/MI-22/lean/verification/candidate-2026-09-12/manifest.log
 create mode 100644 matrix-inequalities-and-norms/MI-22/lean/verification/candidate-2026-09-12/package.py
 create mode 100644 matrix-inequalities-and-norms/MI-22/lean/verification/candidate-2026-09-12/permanent-id-tests.log
 create mode 100644 matrix-inequalities-and-norms/MI-22/lean/verification/candidate-2026-09-12/permanent-ids.log
 create mode 100644 matrix-inequalities-and-norms/MI-22/lean/verification/candidate-2026-09-12/seal.py
 create mode 100644 matrix-inequalities-and-norms/MI-22/lean/verification/candidate-2026-09-12/validate_package.py
 create mode 100644 matrix-inequalities-and-norms/MI-22/lean/verification/candidate-2026-09-12/validation.json
 create mode 100644 matrix-inequalities-and-norms/MI-22/lean/verification/dependency-pins.json
 create mode 100644 matrix-inequalities-and-norms/MI-22/lean/verification/fresh-certificate.log
 create mode 100644 matrix-inequalities-and-norms/MI-22/lean/verification/fresh-challenge.log
 create mode 100644 matrix-inequalities-and-norms/MI-22/lean/verification/fresh-checks.json
 create mode 100644 matrix-inequalities-and-norms/MI-22/lean/verification/fresh-definitions.log
 create mode 100644 matrix-inequalities-and-norms/MI-22/lean/verification/fresh-exact-data.log
 create mode 100644 matrix-inequalities-and-norms/MI-22/lean/verification/fresh-functional-calculus.log
 create mode 100644 matrix-inequalities-and-norms/MI-22/lean/verification/fresh-inspection.log
 create mode 100644 matrix-inequalities-and-norms/MI-22/lean/verification/fresh-norms.log
 create mode 100644 matrix-inequalities-and-norms/MI-22/lean/verification/fresh-proof.log
 create mode 100644 matrix-inequalities-and-norms/MI-22/lean/verification/fresh-singular-values.log
 create mode 100644 matrix-inequalities-and-norms/MI-22/lean/verification/fresh-solution.log
 create mode 100644 matrix-inequalities-and-norms/MI-22/lean/verification/fresh-witness.log
 create mode 100644 matrix-inequalities-and-norms/MI-22/lean/verification/fresh_check.py
 create mode 100644 matrix-inequalities-and-norms/MI-22/lean/verification/full-build.json
 create mode 100644 matrix-inequalities-and-norms/MI-22/lean/verification/full-build.log
 create mode 100644 matrix-inequalities-and-norms/MI-22/lean/verification/generate_exact_data.py
 create mode 100644 matrix-inequalities-and-norms/MI-22/lean/verification/generation-check.json
 create mode 100644 matrix-inequalities-and-norms/MI-22/lean/verification/inputs-after.json
 create mode 100644 matrix-inequalities-and-norms/MI-22/lean/verification/inputs-before.json
 create mode 100644 matrix-inequalities-and-norms/MI-22/lean/verification/lakefile.statement.toml
 create mode 100644 matrix-inequalities-and-norms/MI-22/lean/verification/linux-2026-09-12/EVIDENCE-MANIFEST.json
 create mode 100644 matrix-inequalities-and-norms/MI-22/lean/verification/linux-2026-09-12/FETCH-IDENTITY.json
 create mode 100644 matrix-inequalities-and-norms/MI-22/lean/verification/linux-2026-09-12/OPERATIONAL-REVIEW.md
 create mode 100644 matrix-inequalities-and-norms/MI-22/lean/verification/linux-2026-09-12/artifact-metadata.json
 create mode 100644 matrix-inequalities-and-norms/MI-22/lean/verification/linux-2026-09-12/artifacts/lean-MI-22/bootstrap/comparator-build.log
 create mode 100644 matrix-inequalities-and-norms/MI-22/lean/verification/linux-2026-09-12/artifacts/lean-MI-22/bootstrap/elan.log
 create mode 100644 matrix-inequalities-and-norms/MI-22/lean/verification/linux-2026-09-12/artifacts/lean-MI-22/bootstrap/landrun-build.log
 create mode 100644 matrix-inequalities-and-norms/MI-22/lean/verification/linux-2026-09-12/artifacts/lean-MI-22/verify-20260912T214303Z-4163/comparator-controls.log
 create mode 100644 matrix-inequalities-and-norms/MI-22/lean/verification/linux-2026-09-12/artifacts/lean-MI-22/verify-20260912T214303Z-4163/comparator.log
 create mode 100644 matrix-inequalities-and-norms/MI-22/lean/verification/linux-2026-09-12/artifacts/lean-MI-22/verify-20260912T214303Z-4163/dependencies.log
 create mode 100644 matrix-inequalities-and-norms/MI-22/lean/verification/linux-2026-09-12/artifacts/lean-MI-22/verify-20260912T214303Z-4163/kernel-controls.log
 create mode 100644 matrix-inequalities-and-norms/MI-22/lean/verification/linux-2026-09-12/artifacts/lean-MI-22/verify-20260912T214303Z-4163/mathlib-cache.log
 create mode 100644 matrix-inequalities-and-norms/MI-22/lean/verification/linux-2026-09-12/artifacts/lean-MI-22/verify-20260912T214303Z-4163/negative-native.log
 create mode 100644 matrix-inequalities-and-norms/MI-22/lean/verification/linux-2026-09-12/artifacts/lean-MI-22/verify-20260912T214303Z-4163/negative-sorry.log
 create mode 100644 matrix-inequalities-and-norms/MI-22/lean/verification/linux-2026-09-12/artifacts/lean-MI-22/verify-20260912T214303Z-4163/result.json
 create mode 100644 matrix-inequalities-and-norms/MI-22/lean/verification/linux-2026-09-12/artifacts/lean-MI-22/verify-20260912T214303Z-4163/sandbox.log
 create mode 100644 matrix-inequalities-and-norms/MI-22/lean/verification/linux-2026-09-12/artifacts/lean-MI-22/verify-20260912T214303Z-4163/user-service.log
 create mode 100644 matrix-inequalities-and-norms/MI-22/lean/verification/linux-2026-09-12/artifacts/lean-checker-controls/bootstrap/comparator-build.log
 create mode 100644 matrix-inequalities-and-norms/MI-22/lean/verification/linux-2026-09-12/artifacts/lean-checker-controls/bootstrap/elan.log
 create mode 100644 matrix-inequalities-and-norms/MI-22/lean/verification/linux-2026-09-12/artifacts/lean-checker-controls/bootstrap/landrun-build.log
 create mode 100644 matrix-inequalities-and-norms/MI-22/lean/verification/linux-2026-09-12/artifacts/lean-checker-controls/selftest-20260912T214302Z-4099/comparator-controls.log
 create mode 100644 matrix-inequalities-and-norms/MI-22/lean/verification/linux-2026-09-12/artifacts/lean-checker-controls/selftest-20260912T214302Z-4099/kernel-controls.log
 create mode 100644 matrix-inequalities-and-norms/MI-22/lean/verification/linux-2026-09-12/artifacts/lean-checker-controls/selftest-20260912T214302Z-4099/negative-native.log
 create mode 100644 matrix-inequalities-and-norms/MI-22/lean/verification/linux-2026-09-12/artifacts/lean-checker-controls/selftest-20260912T214302Z-4099/negative-sorry.log
 create mode 100644 matrix-inequalities-and-norms/MI-22/lean/verification/linux-2026-09-12/artifacts/lean-checker-controls/selftest-20260912T214302Z-4099/result.json
 create mode 100644 matrix-inequalities-and-norms/MI-22/lean/verification/linux-2026-09-12/artifacts/lean-checker-controls/selftest-20260912T214302Z-4099/sandbox.log
 create mode 100644 matrix-inequalities-and-norms/MI-22/lean/verification/linux-2026-09-12/artifacts/lean-checker-controls/selftest-20260912T214302Z-4099/user-service.log
 create mode 100644 matrix-inequalities-and-norms/MI-22/lean/verification/linux-2026-09-12/audit-checks.log
 create mode 100644 matrix-inequalities-and-norms/MI-22/lean/verification/linux-2026-09-12/audit_checks.py
 create mode 100644 matrix-inequalities-and-norms/MI-22/lean/verification/linux-2026-09-12/axiom-verification.json
 create mode 100644 matrix-inequalities-and-norms/MI-22/lean/verification/linux-2026-09-12/control-verification.json
 create mode 100644 matrix-inequalities-and-norms/MI-22/lean/verification/linux-2026-09-12/fetch_artifacts.py
 create mode 100644 matrix-inequalities-and-norms/MI-22/lean/verification/linux-2026-09-12/fetch_id_check.py
 create mode 100644 matrix-inequalities-and-norms/MI-22/lean/verification/linux-2026-09-12/finalize_evidence.py
 create mode 100644 matrix-inequalities-and-norms/MI-22/lean/verification/linux-2026-09-12/identity-verification.json
 create mode 100644 matrix-inequalities-and-norms/MI-22/lean/verification/linux-2026-09-12/job-103625843532.log
 create mode 100644 matrix-inequalities-and-norms/MI-22/lean/verification/linux-2026-09-12/job-103625869047.log
 create mode 100644 matrix-inequalities-and-norms/MI-22/lean/verification/linux-2026-09-12/job-103625869134.log
 create mode 100644 matrix-inequalities-and-norms/MI-22/lean/verification/linux-2026-09-12/jobs.json
 create mode 100644 matrix-inequalities-and-norms/MI-22/lean/verification/linux-2026-09-12/lean-MI-22.zip
 create mode 100644 matrix-inequalities-and-norms/MI-22/lean/verification/linux-2026-09-12/lean-checker-controls.zip
 create mode 100644 matrix-inequalities-and-norms/MI-22/lean/verification/linux-2026-09-12/permanent-id-job-103625843771.log
 create mode 100644 matrix-inequalities-and-norms/MI-22/lean/verification/linux-2026-09-12/permanent-id-jobs.json
 create mode 100644 matrix-inequalities-and-norms/MI-22/lean/verification/linux-2026-09-12/permanent-id-run.json
 create mode 100644 matrix-inequalities-and-norms/MI-22/lean/verification/linux-2026-09-12/preflight.json
 create mode 100644 matrix-inequalities-and-norms/MI-22/lean/verification/linux-2026-09-12/preflight.py
 create mode 100644 matrix-inequalities-and-norms/MI-22/lean/verification/linux-2026-09-12/run-log-archive.json
 create mode 100644 matrix-inequalities-and-norms/MI-22/lean/verification/linux-2026-09-12/run-logs.zip
 create mode 100644 matrix-inequalities-and-norms/MI-22/lean/verification/linux-2026-09-12/run-metadata.json
 create mode 100644 matrix-inequalities-and-norms/MI-22/lean/verification/linux-2026-09-12/source/.github/workflows/lean-verification.yml
 create mode 100644 matrix-inequalities-and-norms/MI-22/lean/verification/linux-2026-09-12/source/forsythe/.tools/comparator/Comparator.lean
 create mode 100644 matrix-inequalities-and-norms/MI-22/lean/verification/linux-2026-09-12/source/forsythe/.tools/comparator/Comparator/Axioms.lean
 create mode 100644 matrix-inequalities-and-norms/MI-22/lean/verification/linux-2026-09-12/source/forsythe/.tools/comparator/Comparator/Compare.lean
 create mode 100644 matrix-inequalities-and-norms/MI-22/lean/verification/linux-2026-09-12/source/forsythe/.tools/comparator/Comparator/Util.lean
 create mode 100644 matrix-inequalities-and-norms/MI-22/lean/verification/linux-2026-09-12/source/forsythe/.tools/comparator/LICENSE
 create mode 100644 matrix-inequalities-and-norms/MI-22/lean/verification/linux-2026-09-12/source/forsythe/.tools/comparator/Main.lean
 create mode 100644 matrix-inequalities-and-norms/MI-22/lean/verification/linux-2026-09-12/source/forsythe/.tools/comparator/lake-manifest.json
 create mode 100644 matrix-inequalities-and-norms/MI-22/lean/verification/linux-2026-09-12/source/forsythe/.tools/comparator/lakefile.toml
 create mode 100644 matrix-inequalities-and-norms/MI-22/lean/verification/linux-2026-09-12/source/forsythe/.tools/comparator/lean-toolchain
 create mode 100644 matrix-inequalities-and-norms/MI-22/lean/verification/linux-2026-09-12/source/forsythe/.tools/comparator/runtests.lean
 create mode 100644 matrix-inequalities-and-norms/MI-22/lean/verification/linux-2026-09-12/source/forsythe/.tools/comparator/tests/projects/simple_axiom_issue/Challenge.lean
 create mode 100644 matrix-inequalities-and-norms/MI-22/lean/verification/linux-2026-09-12/source/forsythe/.tools/comparator/tests/projects/simple_axiom_issue/Solution.lean
 create mode 100644 matrix-inequalities-and-norms/MI-22/lean/verification/linux-2026-09-12/source/forsythe/.tools/comparator/tests/projects/simple_axiom_issue/config.json
 create mode 100644 matrix-inequalities-and-norms/MI-22/lean/verification/linux-2026-09-12/source/forsythe/.tools/comparator/tests/projects/simple_axiom_issue/test.json
 create mode 100644 matrix-inequalities-and-norms/MI-22/lean/verification/linux-2026-09-12/source/forsythe/.tools/comparator/tests/projects/simple_kind_mismatch/Challenge.lean
 create mode 100644 matrix-inequalities-and-norms/MI-22/lean/verification/linux-2026-09-12/source/forsythe/.tools/comparator/tests/projects/simple_kind_mismatch/Solution.lean
 create mode 100644 matrix-inequalities-and-norms/MI-22/lean/verification/linux-2026-09-12/source/forsythe/.tools/comparator/tests/projects/simple_kind_mismatch/config.json
 create mode 100644 matrix-inequalities-and-norms/MI-22/lean/verification/linux-2026-09-12/source/forsythe/.tools/comparator/tests/projects/simple_kind_mismatch/test.json
 create mode 100644 matrix-inequalities-and-norms/MI-22/lean/verification/linux-2026-09-12/source/forsythe/.tools/comparator/tests/projects/simple_match/Challenge.lean
 create mode 100644 matrix-inequalities-and-norms/MI-22/lean/verification/linux-2026-09-12/source/forsythe/.tools/comparator/tests/projects/simple_match/Solution.lean
 create mode 100644 matrix-inequalities-and-norms/MI-22/lean/verification/linux-2026-09-12/source/forsythe/.tools/comparator/tests/projects/simple_match/config.json
 create mode 100644 matrix-inequalities-and-norms/MI-22/lean/verification/linux-2026-09-12/source/forsythe/.tools/comparator/tests/projects/simple_match/test.json
 create mode 100644 matrix-inequalities-and-norms/MI-22/lean/verification/linux-2026-09-12/source/forsythe/.tools/comparator/tests/projects/simple_mismatch/Challenge.lean
 create mode 100644 matrix-inequalities-and-norms/MI-22/lean/verification/linux-2026-09-12/source/forsythe/.tools/comparator/tests/projects/simple_mismatch/Solution.lean
 create mode 100644 matrix-inequalities-and-norms/MI-22/lean/verification/linux-2026-09-12/source/forsythe/.tools/comparator/tests/projects/simple_mismatch/config.json
 create mode 100644 matrix-inequalities-and-norms/MI-22/lean/verification/linux-2026-09-12/source/forsythe/.tools/comparator/tests/projects/simple_mismatch/test.json
 create mode 100644 matrix-inequalities-and-norms/MI-22/lean/verification/linux-2026-09-12/source/forsythe/.tools/landrun/LICENSE
 create mode 100644 matrix-inequalities-and-norms/MI-22/lean/verification/linux-2026-09-12/source/forsythe/.tools/landrun/cmd/landrun/main.go
 create mode 100644 matrix-inequalities-and-norms/MI-22/lean/verification/linux-2026-09-12/source/forsythe/.tools/landrun/cmd/landrun/main_test.go
 create mode 100644 matrix-inequalities-and-norms/MI-22/lean/verification/linux-2026-09-12/source/forsythe/.tools/landrun/go.mod
 create mode 100644 matrix-inequalities-and-norms/MI-22/lean/verification/linux-2026-09-12/source/forsythe/.tools/landrun/go.sum
 create mode 100644 matrix-inequalities-and-norms/MI-22/lean/verification/linux-2026-09-12/source/forsythe/.tools/landrun/internal/elfdeps/elfdeps.go
 create mode 100644 matrix-inequalities-and-norms/MI-22/lean/verification/linux-2026-09-12/source/forsythe/.tools/landrun/internal/elfdeps/elfdeps_test.go
 create mode 100644 matrix-inequalities-and-norms/MI-22/lean/verification/linux-2026-09-12/source/forsythe/.tools/landrun/internal/elfdeps/testdata/liba.c
 create mode 100644 matrix-inequalities-and-norms/MI-22/lean/verification/linux-2026-09-12/source/forsythe/.tools/landrun/internal/elfdeps/testdata/libb.c
 create mode 100644 matrix-inequalities-and-norms/MI-22/lean/verification/linux-2026-09-12/source/forsythe/.tools/landrun/internal/elfdeps/testdata/main.c
 create mode 100644 matrix-inequalities-and-norms/MI-22/lean/verification/linux-2026-09-12/source/forsythe/.tools/landrun/internal/exec/runner.go
 create mode 100644 matrix-inequalities-and-norms/MI-22/lean/verification/linux-2026-09-12/source/forsythe/.tools/landrun/internal/log/log.go
 create mode 100644 matrix-inequalities-and-norms/MI-22/lean/verification/linux-2026-09-12/source/forsythe/.tools/landrun/internal/log/log_test.go
 create mode 100644 matrix-inequalities-and-norms/MI-22/lean/verification/linux-2026-09-12/source/forsythe/.tools/landrun/internal/sandbox/sandbox.go
 create mode 100644 matrix-inequalities-and-norms/MI-22/lean/verification/linux-2026-09-12/source/forsythe/.tools/landrun/internal/sandbox/sandbox_test.go
 create mode 100644 matrix-inequalities-and-norms/MI-22/lean/verification/linux-2026-09-12/source/forsythe/.tools/lean4export/Export.lean
 create mode 100644 matrix-inequalities-and-norms/MI-22/lean/verification/linux-2026-09-12/source/forsythe/.tools/lean4export/Export/Parse.lean
 create mode 100644 matrix-inequalities-and-norms/MI-22/lean/verification/linux-2026-09-12/source/forsythe/.tools/lean4export/LICENSE
 create mode 100644 matrix-inequalities-and-norms/MI-22/lean/verification/linux-2026-09-12/source/forsythe/.tools/lean4export/Main.lean
 create mode 100644 matrix-inequalities-and-norms/MI-22/lean/verification/linux-2026-09-12/source/forsythe/.tools/lean4export/Test.lean
 create mode 100644 matrix-inequalities-and-norms/MI-22/lean/verification/linux-2026-09-12/source/forsythe/.tools/lean4export/format_ndjson.md
 create mode 100644 matrix-inequalities-and-norms/MI-22/lean/verification/linux-2026-09-12/source/forsythe/.tools/lean4export/lake-manifest.json
 create mode 100644 matrix-inequalities-and-norms/MI-22/lean/verification/linux-2026-09-12/source/forsythe/.tools/lean4export/lakefile.toml
 create mode 100644 matrix-inequalities-and-norms/MI-22/lean/verification/linux-2026-09-12/source/forsythe/.tools/lean4export/lean-toolchain
 create mode 100644 matrix-inequalities-and-norms/MI-22/lean/verification/linux-2026-09-12/source/forsythe/LICENSE
 create mode 100644 matrix-inequalities-and-norms/MI-22/lean/verification/linux-2026-09-12/source/forsythe/lean-toolchain
 create mode 100644 matrix-inequalities-and-norms/MI-22/lean/verification/linux-2026-09-12/source/forsythe/reproduction/checks/PinnedReplayProbe.lean
 create mode 100644 matrix-inequalities-and-norms/MI-22/lean/verification/linux-2026-09-12/source/forsythe/reproduction/checks/comparator_regressions.py
 create mode 100644 matrix-inequalities-and-norms/MI-22/lean/verification/linux-2026-09-12/source/forsythe/reproduction/checks/run_replay.sh
 create mode 100644 matrix-inequalities-and-norms/MI-22/lean/verification/linux-2026-09-12/source/forsythe/reproduction/checks/sandbox_probe.py
 create mode 100644 matrix-inequalities-and-norms/MI-22/lean/verification/linux-2026-09-12/source/forsythe/scripts/comparator-lean-4.33.1.patch
 create mode 100644 matrix-inequalities-and-norms/MI-22/lean/verification/linux-2026-09-12/source/forsythe/scripts/strict_landrun.py
 create mode 100644 matrix-inequalities-and-norms/MI-22/lean/verification/linux-2026-09-12/source/git-commit.txt
 create mode 100644 matrix-inequalities-and-norms/MI-22/lean/verification/linux-2026-09-12/source/git-project-tree.txt
 create mode 100644 matrix-inequalities-and-norms/MI-22/lean/verification/linux-2026-09-12/source/matrix-inequalities-and-norms/MI-22/README.md
 create mode 100644 matrix-inequalities-and-norms/MI-22/lean/verification/linux-2026-09-12/source/matrix-inequalities-and-norms/MI-22/lean/.gitignore
 create mode 100644 matrix-inequalities-and-norms/MI-22/lean/verification/linux-2026-09-12/source/matrix-inequalities-and-norms/MI-22/lean/Challenge.lean
 create mode 100644 matrix-inequalities-and-norms/MI-22/lean/verification/linux-2026-09-12/source/matrix-inequalities-and-norms/MI-22/lean/LICENSE
 create mode 100644 matrix-inequalities-and-norms/MI-22/lean/verification/linux-2026-09-12/source/matrix-inequalities-and-norms/MI-22/lean/NLA/MI22/Definitions.lean
 create mode 100644 matrix-inequalities-and-norms/MI-22/lean/verification/linux-2026-09-12/source/matrix-inequalities-and-norms/MI-22/lean/NLA/MI22/ExactData.lean
 create mode 100644 matrix-inequalities-and-norms/MI-22/lean/verification/linux-2026-09-12/source/matrix-inequalities-and-norms/MI-22/lean/NLA/MI22/FunctionalCalculus.lean
 create mode 100644 matrix-inequalities-and-norms/MI-22/lean/verification/linux-2026-09-12/source/matrix-inequalities-and-norms/MI-22/lean/NLA/MI22/Norms.lean
 create mode 100644 matrix-inequalities-and-norms/MI-22/lean/verification/linux-2026-09-12/source/matrix-inequalities-and-norms/MI-22/lean/NLA/MI22/Proof.lean
 create mode 100644 matrix-inequalities-and-norms/MI-22/lean/verification/linux-2026-09-12/source/matrix-inequalities-and-norms/MI-22/lean/NLA/MI22/SingularValues.lean
 create mode 100644 matrix-inequalities-and-norms/MI-22/lean/verification/linux-2026-09-12/source/matrix-inequalities-and-norms/MI-22/lean/NLA/MI22/Witness.lean
 create mode 100644 matrix-inequalities-and-norms/MI-22/lean/verification/linux-2026-09-12/source/matrix-inequalities-and-norms/MI-22/lean/NUMERICAL_TARGETS.md
 create mode 100644 matrix-inequalities-and-norms/MI-22/lean/verification/linux-2026-09-12/source/matrix-inequalities-and-norms/MI-22/lean/README.md
 create mode 100644 matrix-inequalities-and-norms/MI-22/lean/verification/linux-2026-09-12/source/matrix-inequalities-and-norms/MI-22/lean/SOURCE_CORRESPONDENCE.md
 create mode 100644 matrix-inequalities-and-norms/MI-22/lean/verification/linux-2026-09-12/source/matrix-inequalities-and-norms/MI-22/lean/Solution.lean
 create mode 100644 matrix-inequalities-and-norms/MI-22/lean/verification/linux-2026-09-12/source/matrix-inequalities-and-norms/MI-22/lean/comparator.json
 create mode 100644 matrix-inequalities-and-norms/MI-22/lean/verification/linux-2026-09-12/source/matrix-inequalities-and-norms/MI-22/lean/formalization.yaml
 create mode 100644 matrix-inequalities-and-norms/MI-22/lean/verification/linux-2026-09-12/source/matrix-inequalities-and-norms/MI-22/lean/lake-manifest.json
 create mode 100644 matrix-inequalities-and-norms/MI-22/lean/verification/linux-2026-09-12/source/matrix-inequalities-and-norms/MI-22/lean/lakefile.toml
 create mode 100644 matrix-inequalities-and-norms/MI-22/lean/verification/linux-2026-09-12/source/matrix-inequalities-and-norms/MI-22/lean/lean-toolchain
 create mode 100644 matrix-inequalities-and-norms/MI-22/lean/verification/linux-2026-09-12/source/matrix-inequalities-and-norms/MI-22/lean/reviews/InspectStatements.lean
 create mode 100644 matrix-inequalities-and-norms/MI-22/lean/verification/linux-2026-09-12/source/matrix-inequalities-and-norms/MI-22/lean/reviews/check_and_freeze.py
 create mode 100644 matrix-inequalities-and-norms/MI-22/lean/verification/linux-2026-09-12/source/matrix-inequalities-and-norms/MI-22/lean/reviews/definition-axioms.json
 create mode 100644 matrix-inequalities-and-norms/MI-22/lean/verification/linux-2026-09-12/source/matrix-inequalities-and-norms/MI-22/lean/reviews/dependency-pins.json
 create mode 100644 matrix-inequalities-and-norms/MI-22/lean/verification/linux-2026-09-12/source/matrix-inequalities-and-norms/MI-22/lean/reviews/duplicate-scope.json
 create mode 100644 matrix-inequalities-and-norms/MI-22/lean/verification/linux-2026-09-12/source/matrix-inequalities-and-norms/MI-22/lean/reviews/fresh-challenge.log
 create mode 100644 matrix-inequalities-and-norms/MI-22/lean/verification/linux-2026-09-12/source/matrix-inequalities-and-norms/MI-22/lean/reviews/fresh-checks.json
 create mode 100644 matrix-inequalities-and-norms/MI-22/lean/verification/linux-2026-09-12/source/matrix-inequalities-and-norms/MI-22/lean/reviews/fresh-definitions.log
 create mode 100644 matrix-inequalities-and-norms/MI-22/lean/verification/linux-2026-09-12/source/matrix-inequalities-and-norms/MI-22/lean/reviews/fresh-inspection.log
 create mode 100644 matrix-inequalities-and-norms/MI-22/lean/verification/linux-2026-09-12/source/matrix-inequalities-and-norms/MI-22/lean/reviews/inputs-after.json
 create mode 100644 matrix-inequalities-and-norms/MI-22/lean/verification/linux-2026-09-12/source/matrix-inequalities-and-norms/MI-22/lean/reviews/inputs-before.json
 create mode 100644 matrix-inequalities-and-norms/MI-22/lean/verification/linux-2026-09-12/source/matrix-inequalities-and-norms/MI-22/lean/reviews/proof-completion.md
 create mode 100644 matrix-inequalities-and-norms/MI-22/lean/verification/linux-2026-09-12/source/matrix-inequalities-and-norms/MI-22/lean/reviews/proof-referee-1-evidence/Challenge.log
 create mode 100644 matrix-inequalities-and-norms/MI-22/lean/verification/linux-2026-09-12/source/matrix-inequalities-and-norms/MI-22/lean/reviews/proof-referee-1-evidence/EVIDENCE-MANIFEST.json
 create mode 100644 matrix-inequalities-and-norms/MI-22/lean/verification/linux-2026-09-12/source/matrix-inequalities-and-norms/MI-22/lean/reviews/proof-referee-1-evidence/Inspect.lean
 create mode 100644 matrix-inequalities-and-norms/MI-22/lean/verification/linux-2026-09-12/source/matrix-inequalities-and-norms/MI-22/lean/reviews/proof-referee-1-evidence/InspectCertificate.lean
 create mode 100644 matrix-inequalities-and-norms/MI-22/lean/verification/linux-2026-09-12/source/matrix-inequalities-and-norms/MI-22/lean/reviews/proof-referee-1-evidence/NLA-MI22-Definitions.log
 create mode 100644 matrix-inequalities-and-norms/MI-22/lean/verification/linux-2026-09-12/source/matrix-inequalities-and-norms/MI-22/lean/reviews/proof-referee-1-evidence/NLA-MI22-ExactData.log
 create mode 100644 matrix-inequalities-and-norms/MI-22/lean/verification/linux-2026-09-12/source/matrix-inequalities-and-norms/MI-22/lean/reviews/proof-referee-1-evidence/NLA-MI22-FunctionalCalculus.log
 create mode 100644 matrix-inequalities-and-norms/MI-22/lean/verification/linux-2026-09-12/source/matrix-inequalities-and-norms/MI-22/lean/reviews/proof-referee-1-evidence/NLA-MI22-Norms.log
 create mode 100644 matrix-inequalities-and-norms/MI-22/lean/verification/linux-2026-09-12/source/matrix-inequalities-and-norms/MI-22/lean/reviews/proof-referee-1-evidence/NLA-MI22-Proof.log
 create mode 100644 matrix-inequalities-and-norms/MI-22/lean/verification/linux-2026-09-12/source/matrix-inequalities-and-norms/MI-22/lean/reviews/proof-referee-1-evidence/NLA-MI22-SingularValues.log
 create mode 100644 matrix-inequalities-and-norms/MI-22/lean/verification/linux-2026-09-12/source/matrix-inequalities-and-norms/MI-22/lean/reviews/proof-referee-1-evidence/NLA-MI22-Witness.log
 create mode 100644 matrix-inequalities-and-norms/MI-22/lean/verification/linux-2026-09-12/source/matrix-inequalities-and-norms/MI-22/lean/reviews/proof-referee-1-evidence/Solution.log
 create mode 100644 matrix-inequalities-and-norms/MI-22/lean/verification/linux-2026-09-12/source/matrix-inequalities-and-norms/MI-22/lean/reviews/proof-referee-1-evidence/axiom-audit.json
 create mode 100644 matrix-inequalities-and-norms/MI-22/lean/verification/linux-2026-09-12/source/matrix-inequalities-and-norms/MI-22/lean/reviews/proof-referee-1-evidence/certificate-auxiliary-check.json
 create mode 100644 matrix-inequalities-and-norms/MI-22/lean/verification/linux-2026-09-12/source/matrix-inequalities-and-norms/MI-22/lean/reviews/proof-referee-1-evidence/certificate-auxiliary.log
 create mode 100644 matrix-inequalities-and-norms/MI-22/lean/verification/linux-2026-09-12/source/matrix-inequalities-and-norms/MI-22/lean/reviews/proof-referee-1-evidence/consolidate_review.py
 create mode 100644 matrix-inequalities-and-norms/MI-22/lean/verification/linux-2026-09-12/source/matrix-inequalities-and-norms/MI-22/lean/reviews/proof-referee-1-evidence/dependencies.json
 create mode 100644 matrix-inequalities-and-norms/MI-22/lean/verification/linux-2026-09-12/source/matrix-inequalities-and-norms/MI-22/lean/reviews/proof-referee-1-evidence/exact-table-audit.json
 create mode 100644 matrix-inequalities-and-norms/MI-22/lean/verification/linux-2026-09-12/source/matrix-inequalities-and-norms/MI-22/lean/reviews/proof-referee-1-evidence/finalize_evidence.py
 create mode 100644 matrix-inequalities-and-norms/MI-22/lean/verification/linux-2026-09-12/source/matrix-inequalities-and-norms/MI-22/lean/reviews/proof-referee-1-evidence/fresh-checks.json
 create mode 100644 matrix-inequalities-and-norms/MI-22/lean/verification/linux-2026-09-12/source/matrix-inequalities-and-norms/MI-22/lean/reviews/proof-referee-1-evidence/fresh_review.py
 create mode 100644 matrix-inequalities-and-norms/MI-22/lean/verification/linux-2026-09-12/source/matrix-inequalities-and-norms/MI-22/lean/reviews/proof-referee-1-evidence/inputs-after.json
 create mode 100644 matrix-inequalities-and-norms/MI-22/lean/verification/linux-2026-09-12/source/matrix-inequalities-and-norms/MI-22/lean/reviews/proof-referee-1-evidence/inputs-before.json
 create mode 100644 matrix-inequalities-and-norms/MI-22/lean/verification/linux-2026-09-12/source/matrix-inequalities-and-norms/MI-22/lean/reviews/proof-referee-1-evidence/inspected-library-sources.json
 create mode 100644 matrix-inequalities-and-norms/MI-22/lean/verification/linux-2026-09-12/source/matrix-inequalities-and-norms/MI-22/lean/reviews/proof-referee-1-evidence/inspection.log
 create mode 100644 matrix-inequalities-and-norms/MI-22/lean/verification/linux-2026-09-12/source/matrix-inequalities-and-norms/MI-22/lean/reviews/proof-referee-1-evidence/original-sources.json
 create mode 100644 matrix-inequalities-and-norms/MI-22/lean/verification/linux-2026-09-12/source/matrix-inequalities-and-norms/MI-22/lean/reviews/proof-referee-1-evidence/reconstruct.py
 create mode 100644 matrix-inequalities-and-norms/MI-22/lean/verification/linux-2026-09-12/source/matrix-inequalities-and-norms/MI-22/lean/reviews/proof-referee-1-evidence/reconstruction.json
 create mode 100644 matrix-inequalities-and-norms/MI-22/lean/verification/linux-2026-09-12/source/matrix-inequalities-and-norms/MI-22/lean/reviews/proof-referee-1-evidence/reconstruction.log
 create mode 100644 matrix-inequalities-and-norms/MI-22/lean/verification/linux-2026-09-12/source/matrix-inequalities-and-norms/MI-22/lean/reviews/proof-referee-1-evidence/reuse-search-command.json
 create mode 100644 matrix-inequalities-and-norms/MI-22/lean/verification/linux-2026-09-12/source/matrix-inequalities-and-norms/MI-22/lean/reviews/proof-referee-1-evidence/reuse-search.log
 create mode 100644 matrix-inequalities-and-norms/MI-22/lean/verification/linux-2026-09-12/source/matrix-inequalities-and-norms/MI-22/lean/reviews/proof-referee-1-evidence/review-standards.json
 create mode 100644 matrix-inequalities-and-norms/MI-22/lean/verification/linux-2026-09-12/source/matrix-inequalities-and-norms/MI-22/lean/reviews/proof-referee-1-evidence/scope-integrity.json
 create mode 100644 matrix-inequalities-and-norms/MI-22/lean/verification/linux-2026-09-12/source/matrix-inequalities-and-norms/MI-22/lean/reviews/proof-referee-1-evidence/signatures.json
 create mode 100644 matrix-inequalities-and-norms/MI-22/lean/verification/linux-2026-09-12/source/matrix-inequalities-and-norms/MI-22/lean/reviews/proof-referee-1-evidence/source-safety.json
 create mode 100644 matrix-inequalities-and-norms/MI-22/lean/verification/linux-2026-09-12/source/matrix-inequalities-and-norms/MI-22/lean/reviews/proof-referee-1-evidence/statement-integrity.json
 create mode 100644 matrix-inequalities-and-norms/MI-22/lean/verification/linux-2026-09-12/source/matrix-inequalities-and-norms/MI-22/lean/reviews/proof-referee-1.md
 create mode 100644 matrix-inequalities-and-norms/MI-22/lean/verification/linux-2026-09-12/source/matrix-inequalities-and-norms/MI-22/lean/reviews/proof-referee-2-root-evidence/Inspect.lean
 create mode 100644 matrix-inequalities-and-norms/MI-22/lean/verification/linux-2026-09-12/source/matrix-inequalities-and-norms/MI-22/lean/reviews/proof-referee-2-root-evidence/NLA-MI22-Definitions.log
 create mode 100644 matrix-inequalities-and-norms/MI-22/lean/verification/linux-2026-09-12/source/matrix-inequalities-and-norms/MI-22/lean/reviews/proof-referee-2-root-evidence/NLA-MI22-ExactData.log
 create mode 100644 matrix-inequalities-and-norms/MI-22/lean/verification/linux-2026-09-12/source/matrix-inequalities-and-norms/MI-22/lean/reviews/proof-referee-2-root-evidence/NLA-MI22-FunctionalCalculus.log
 create mode 100644 matrix-inequalities-and-norms/MI-22/lean/verification/linux-2026-09-12/source/matrix-inequalities-and-norms/MI-22/lean/reviews/proof-referee-2-root-evidence/NLA-MI22-Norms.log
 create mode 100644 matrix-inequalities-and-norms/MI-22/lean/verification/linux-2026-09-12/source/matrix-inequalities-and-norms/MI-22/lean/reviews/proof-referee-2-root-evidence/NLA-MI22-Proof.log
 create mode 100644 matrix-inequalities-and-norms/MI-22/lean/verification/linux-2026-09-12/source/matrix-inequalities-and-norms/MI-22/lean/reviews/proof-referee-2-root-evidence/NLA-MI22-SingularValues.log
 create mode 100644 matrix-inequalities-and-norms/MI-22/lean/verification/linux-2026-09-12/source/matrix-inequalities-and-norms/MI-22/lean/reviews/proof-referee-2-root-evidence/NLA-MI22-Witness.log
 create mode 100644 matrix-inequalities-and-norms/MI-22/lean/verification/linux-2026-09-12/source/matrix-inequalities-and-norms/MI-22/lean/reviews/proof-referee-2-root-evidence/Solution.log
 create mode 100644 matrix-inequalities-and-norms/MI-22/lean/verification/linux-2026-09-12/source/matrix-inequalities-and-norms/MI-22/lean/reviews/proof-referee-2-root-evidence/audit.json
 create mode 100644 matrix-inequalities-and-norms/MI-22/lean/verification/linux-2026-09-12/source/matrix-inequalities-and-norms/MI-22/lean/reviews/proof-referee-2-root-evidence/audit.py
 create mode 100644 matrix-inequalities-and-norms/MI-22/lean/verification/linux-2026-09-12/source/matrix-inequalities-and-norms/MI-22/lean/reviews/proof-referee-2-root-evidence/axioms.json
 create mode 100644 matrix-inequalities-and-norms/MI-22/lean/verification/linux-2026-09-12/source/matrix-inequalities-and-norms/MI-22/lean/reviews/proof-referee-2-root-evidence/dependencies.json
 create mode 100644 matrix-inequalities-and-norms/MI-22/lean/verification/linux-2026-09-12/source/matrix-inequalities-and-norms/MI-22/lean/reviews/proof-referee-2-root-evidence/execution.json
 create mode 100644 matrix-inequalities-and-norms/MI-22/lean/verification/linux-2026-09-12/source/matrix-inequalities-and-norms/MI-22/lean/reviews/proof-referee-2-root-evidence/fresh_review.py
 create mode 100644 matrix-inequalities-and-norms/MI-22/lean/verification/linux-2026-09-12/source/matrix-inequalities-and-norms/MI-22/lean/reviews/proof-referee-2-root-evidence/inspect_review.py
 create mode 100644 matrix-inequalities-and-norms/MI-22/lean/verification/linux-2026-09-12/source/matrix-inequalities-and-norms/MI-22/lean/reviews/proof-referee-2-root-evidence/inspection.json
 create mode 100644 matrix-inequalities-and-norms/MI-22/lean/verification/linux-2026-09-12/source/matrix-inequalities-and-norms/MI-22/lean/reviews/proof-referee-2-root-evidence/inspection.log
 create mode 100644 matrix-inequalities-and-norms/MI-22/lean/verification/linux-2026-09-12/source/matrix-inequalities-and-norms/MI-22/lean/reviews/proof-referee-2-root-evidence/manifest.json
 create mode 100644 matrix-inequalities-and-norms/MI-22/lean/verification/linux-2026-09-12/source/matrix-inequalities-and-norms/MI-22/lean/reviews/proof-referee-2-root-evidence/source-identity.json
 create mode 100644 matrix-inequalities-and-norms/MI-22/lean/verification/linux-2026-09-12/source/matrix-inequalities-and-norms/MI-22/lean/reviews/proof-referee-2.md
 create mode 100644 matrix-inequalities-and-norms/MI-22/lean/verification/linux-2026-09-12/source/matrix-inequalities-and-norms/MI-22/lean/reviews/reconstruct.py
 create mode 100644 matrix-inequalities-and-norms/MI-22/lean/verification/linux-2026-09-12/source/matrix-inequalities-and-norms/MI-22/lean/reviews/reconstruction.json
 create mode 100644 matrix-inequalities-and-norms/MI-22/lean/verification/linux-2026-09-12/source/matrix-inequalities-and-norms/MI-22/lean/reviews/source-hashes.json
 create mode 100644 matrix-inequalities-and-norms/MI-22/lean/verification/linux-2026-09-12/source/matrix-inequalities-and-norms/MI-22/lean/reviews/statement-build.json
 create mode 100644 matrix-inequalities-and-norms/MI-22/lean/verification/linux-2026-09-12/source/matrix-inequalities-and-norms/MI-22/lean/reviews/statement-build.log
 create mode 100644 matrix-inequalities-and-norms/MI-22/lean/verification/linux-2026-09-12/source/matrix-inequalities-and-norms/MI-22/lean/reviews/statement-freeze.json
 create mode 100644 matrix-inequalities-and-norms/MI-22/lean/verification/linux-2026-09-12/source/matrix-inequalities-and-norms/MI-22/lean/reviews/statement-handoff.md
 create mode 100644 matrix-inequalities-and-norms/MI-22/lean/verification/linux-2026-09-12/source/matrix-inequalities-and-norms/MI-22/lean/reviews/statement-referee-1-evidence/Challenge.log
 create mode 100644 matrix-inequalities-and-norms/MI-22/lean/verification/linux-2026-09-12/source/matrix-inequalities-and-norms/MI-22/lean/reviews/statement-referee-1-evidence/EVIDENCE-MANIFEST.json
 create mode 100644 matrix-inequalities-and-norms/MI-22/lean/verification/linux-2026-09-12/source/matrix-inequalities-and-norms/MI-22/lean/reviews/statement-referee-1-evidence/Inspect.lean
 create mode 100644 matrix-inequalities-and-norms/MI-22/lean/verification/linux-2026-09-12/source/matrix-inequalities-and-norms/MI-22/lean/reviews/statement-referee-1-evidence/NLA-MI22-Definitions.log
 create mode 100644 matrix-inequalities-and-norms/MI-22/lean/verification/linux-2026-09-12/source/matrix-inequalities-and-norms/MI-22/lean/reviews/statement-referee-1-evidence/audit.py
 create mode 100644 matrix-inequalities-and-norms/MI-22/lean/verification/linux-2026-09-12/source/matrix-inequalities-and-norms/MI-22/lean/reviews/statement-referee-1-evidence/definition-axiom-audit.json
 create mode 100644 matrix-inequalities-and-norms/MI-22/lean/verification/linux-2026-09-12/source/matrix-inequalities-and-norms/MI-22/lean/reviews/statement-referee-1-evidence/dependencies.json
 create mode 100644 matrix-inequalities-and-norms/MI-22/lean/verification/linux-2026-09-12/source/matrix-inequalities-and-norms/MI-22/lean/reviews/statement-referee-1-evidence/fresh-checks.json
 create mode 100644 matrix-inequalities-and-norms/MI-22/lean/verification/linux-2026-09-12/source/matrix-inequalities-and-norms/MI-22/lean/reviews/statement-referee-1-evidence/fresh_review.py
 create mode 100644 matrix-inequalities-and-norms/MI-22/lean/verification/linux-2026-09-12/source/matrix-inequalities-and-norms/MI-22/lean/reviews/statement-referee-1-evidence/inputs-after.json
 create mode 100644 matrix-inequalities-and-norms/MI-22/lean/verification/linux-2026-09-12/source/matrix-inequalities-and-norms/MI-22/lean/reviews/statement-referee-1-evidence/inputs-before.json
 create mode 100644 matrix-inequalities-and-norms/MI-22/lean/verification/linux-2026-09-12/source/matrix-inequalities-and-norms/MI-22/lean/reviews/statement-referee-1-evidence/inspection.log
 create mode 100644 matrix-inequalities-and-norms/MI-22/lean/verification/linux-2026-09-12/source/matrix-inequalities-and-norms/MI-22/lean/reviews/statement-referee-1-evidence/integrity.json
 create mode 100644 matrix-inequalities-and-norms/MI-22/lean/verification/linux-2026-09-12/source/matrix-inequalities-and-norms/MI-22/lean/reviews/statement-referee-1-evidence/library-search-1.log
 create mode 100644 matrix-inequalities-and-norms/MI-22/lean/verification/linux-2026-09-12/source/matrix-inequalities-and-norms/MI-22/lean/reviews/statement-referee-1-evidence/library-search-2.log
 create mode 100644 matrix-inequalities-and-norms/MI-22/lean/verification/linux-2026-09-12/source/matrix-inequalities-and-norms/MI-22/lean/reviews/statement-referee-1-evidence/library-searches.json
 create mode 100644 matrix-inequalities-and-norms/MI-22/lean/verification/linux-2026-09-12/source/matrix-inequalities-and-norms/MI-22/lean/reviews/statement-referee-1-evidence/library-sources.json
 create mode 100644 matrix-inequalities-and-norms/MI-22/lean/verification/linux-2026-09-12/source/matrix-inequalities-and-norms/MI-22/lean/reviews/statement-referee-1-evidence/original-sources.json
 create mode 100644 matrix-inequalities-and-norms/MI-22/lean/verification/linux-2026-09-12/source/matrix-inequalities-and-norms/MI-22/lean/reviews/statement-referee-1-evidence/primary-source-check.json
 create mode 100644 matrix-inequalities-and-norms/MI-22/lean/verification/linux-2026-09-12/source/matrix-inequalities-and-norms/MI-22/lean/reviews/statement-referee-1-evidence/reconstruct.py
 create mode 100644 matrix-inequalities-and-norms/MI-22/lean/verification/linux-2026-09-12/source/matrix-inequalities-and-norms/MI-22/lean/reviews/statement-referee-1-evidence/reconstruction.json
 create mode 100644 matrix-inequalities-and-norms/MI-22/lean/verification/linux-2026-09-12/source/matrix-inequalities-and-norms/MI-22/lean/reviews/statement-referee-1-evidence/reconstruction.log
 create mode 100644 matrix-inequalities-and-norms/MI-22/lean/verification/linux-2026-09-12/source/matrix-inequalities-and-norms/MI-22/lean/reviews/statement-referee-1-evidence/review-standards.json
 create mode 100644 matrix-inequalities-and-norms/MI-22/lean/verification/linux-2026-09-12/source/matrix-inequalities-and-norms/MI-22/lean/reviews/statement-referee-1-evidence/semantic-checks.json
 create mode 100644 matrix-inequalities-and-norms/MI-22/lean/verification/linux-2026-09-12/source/matrix-inequalities-and-norms/MI-22/lean/reviews/statement-referee-1-evidence/signatures.json
 create mode 100644 matrix-inequalities-and-norms/MI-22/lean/verification/linux-2026-09-12/source/matrix-inequalities-and-norms/MI-22/lean/reviews/statement-referee-1.md
 create mode 100644 matrix-inequalities-and-norms/MI-22/lean/verification/linux-2026-09-12/source/matrix-inequalities-and-norms/MI-22/lean/reviews/statement-referee-2-root-evidence/Inspect.lean
 create mode 100644 matrix-inequalities-and-norms/MI-22/lean/verification/linux-2026-09-12/source/matrix-inequalities-and-norms/MI-22/lean/reviews/statement-referee-2-root-evidence/challenge.log
 create mode 100644 matrix-inequalities-and-norms/MI-22/lean/verification/linux-2026-09-12/source/matrix-inequalities-and-norms/MI-22/lean/reviews/statement-referee-2-root-evidence/checks.json
 create mode 100644 matrix-inequalities-and-norms/MI-22/lean/verification/linux-2026-09-12/source/matrix-inequalities-and-norms/MI-22/lean/reviews/statement-referee-2-root-evidence/definitions.log
 create mode 100644 matrix-inequalities-and-norms/MI-22/lean/verification/linux-2026-09-12/source/matrix-inequalities-and-norms/MI-22/lean/reviews/statement-referee-2-root-evidence/evidence-manifest.json
 create mode 100644 matrix-inequalities-and-norms/MI-22/lean/verification/linux-2026-09-12/source/matrix-inequalities-and-norms/MI-22/lean/reviews/statement-referee-2-root-evidence/fresh_review.py
 create mode 100644 matrix-inequalities-and-norms/MI-22/lean/verification/linux-2026-09-12/source/matrix-inequalities-and-norms/MI-22/lean/reviews/statement-referee-2-root-evidence/independent-input-audit.json
 create mode 100644 matrix-inequalities-and-norms/MI-22/lean/verification/linux-2026-09-12/source/matrix-inequalities-and-norms/MI-22/lean/reviews/statement-referee-2-root-evidence/inspection.log
 create mode 100644 matrix-inequalities-and-norms/MI-22/lean/verification/linux-2026-09-12/source/matrix-inequalities-and-norms/MI-22/lean/reviews/statement-referee-2-root-evidence/library-hashes.json
 create mode 100644 matrix-inequalities-and-norms/MI-22/lean/verification/linux-2026-09-12/source/matrix-inequalities-and-norms/MI-22/lean/reviews/statement-referee-2-root-evidence/reconstruct_independently.py
 create mode 100644 matrix-inequalities-and-norms/MI-22/lean/verification/linux-2026-09-12/source/matrix-inequalities-and-norms/MI-22/lean/reviews/statement-referee-2-root-evidence/reconstruction.json
 create mode 100644 matrix-inequalities-and-norms/MI-22/lean/verification/linux-2026-09-12/source/matrix-inequalities-and-norms/MI-22/lean/reviews/statement-referee-2-root-evidence/source-identity.json
 create mode 100644 matrix-inequalities-and-norms/MI-22/lean/verification/linux-2026-09-12/source/matrix-inequalities-and-norms/MI-22/lean/reviews/statement-referee-2.md
 create mode 100644 matrix-inequalities-and-norms/MI-22/lean/verification/linux-2026-09-12/source/matrix-inequalities-and-norms/MI-22/lean/verification/InspectCertificate.lean
 create mode 100644 matrix-inequalities-and-norms/MI-22/lean/verification/linux-2026-09-12/source/matrix-inequalities-and-norms/MI-22/lean/verification/InspectProof.lean
 create mode 100644 matrix-inequalities-and-norms/MI-22/lean/verification/linux-2026-09-12/source/matrix-inequalities-and-norms/MI-22/lean/verification/axioms.json
 create mode 100644 matrix-inequalities-and-norms/MI-22/lean/verification/linux-2026-09-12/source/matrix-inequalities-and-norms/MI-22/lean/verification/build-registration.json
 create mode 100644 matrix-inequalities-and-norms/MI-22/lean/verification/linux-2026-09-12/source/matrix-inequalities-and-norms/MI-22/lean/verification/candidate-2026-09-12/CANDIDATE-HANDOFF.md
 create mode 100644 matrix-inequalities-and-norms/MI-22/lean/verification/linux-2026-09-12/source/matrix-inequalities-and-norms/MI-22/lean/verification/candidate-2026-09-12/EVIDENCE-MANIFEST.json
 create mode 100644 matrix-inequalities-and-norms/MI-22/lean/verification/linux-2026-09-12/source/matrix-inequalities-and-norms/MI-22/lean/verification/candidate-2026-09-12/README.statement.md
 create mode 100644 matrix-inequalities-and-norms/MI-22/lean/verification/linux-2026-09-12/source/matrix-inequalities-and-norms/MI-22/lean/verification/candidate-2026-09-12/inputs-before.json
 create mode 100644 matrix-inequalities-and-norms/MI-22/lean/verification/linux-2026-09-12/source/matrix-inequalities-and-norms/MI-22/lean/verification/candidate-2026-09-12/integrity.json
 create mode 100644 matrix-inequalities-and-norms/MI-22/lean/verification/linux-2026-09-12/source/matrix-inequalities-and-norms/MI-22/lean/verification/candidate-2026-09-12/manifest.log
 create mode 100644 matrix-inequalities-and-norms/MI-22/lean/verification/linux-2026-09-12/source/matrix-inequalities-and-norms/MI-22/lean/verification/candidate-2026-09-12/package.py
 create mode 100644 matrix-inequalities-and-norms/MI-22/lean/verification/linux-2026-09-12/source/matrix-inequalities-and-norms/MI-22/lean/verification/candidate-2026-09-12/permanent-id-tests.log
 create mode 100644 matrix-inequalities-and-norms/MI-22/lean/verification/linux-2026-09-12/source/matrix-inequalities-and-norms/MI-22/lean/verification/candidate-2026-09-12/permanent-ids.log
 create mode 100644 matrix-inequalities-and-norms/MI-22/lean/verification/linux-2026-09-12/source/matrix-inequalities-and-norms/MI-22/lean/verification/candidate-2026-09-12/seal.py
 create mode 100644 matrix-inequalities-and-norms/MI-22/lean/verification/linux-2026-09-12/source/matrix-inequalities-and-norms/MI-22/lean/verification/candidate-2026-09-12/validate_package.py
 create mode 100644 matrix-inequalities-and-norms/MI-22/lean/verification/linux-2026-09-12/source/matrix-inequalities-and-norms/MI-22/lean/verification/candidate-2026-09-12/validation.json
 create mode 100644 matrix-inequalities-and-norms/MI-22/lean/verification/linux-2026-09-12/source/matrix-inequalities-and-norms/MI-22/lean/verification/dependency-pins.json
 create mode 100644 matrix-inequalities-and-norms/MI-22/lean/verification/linux-2026-09-12/source/matrix-inequalities-and-norms/MI-22/lean/verification/fresh-certificate.log
 create mode 100644 matrix-inequalities-and-norms/MI-22/lean/verification/linux-2026-09-12/source/matrix-inequalities-and-norms/MI-22/lean/verification/fresh-challenge.log
 create mode 100644 matrix-inequalities-and-norms/MI-22/lean/verification/linux-2026-09-12/source/matrix-inequalities-and-norms/MI-22/lean/verification/fresh-checks.json
 create mode 100644 matrix-inequalities-and-norms/MI-22/lean/verification/linux-2026-09-12/source/matrix-inequalities-and-norms/MI-22/lean/verification/fresh-definitions.log
 create mode 100644 matrix-inequalities-and-norms/MI-22/lean/verification/linux-2026-09-12/source/matrix-inequalities-and-norms/MI-22/lean/verification/fresh-exact-data.log
 create mode 100644 matrix-inequalities-and-norms/MI-22/lean/verification/linux-2026-09-12/source/matrix-inequalities-and-norms/MI-22/lean/verification/fresh-functional-calculus.log
 create mode 100644 matrix-inequalities-and-norms/MI-22/lean/verification/linux-2026-09-12/source/matrix-inequalities-and-norms/MI-22/lean/verification/fresh-inspection.log
 create mode 100644 matrix-inequalities-and-norms/MI-22/lean/verification/linux-2026-09-12/source/matrix-inequalities-and-norms/MI-22/lean/verification/fresh-norms.log
 create mode 100644 matrix-inequalities-and-norms/MI-22/lean/verification/linux-2026-09-12/source/matrix-inequalities-and-norms/MI-22/lean/verification/fresh-proof.log
 create mode 100644 matrix-inequalities-and-norms/MI-22/lean/verification/linux-2026-09-12/source/matrix-inequalities-and-norms/MI-22/lean/verification/fresh-singular-values.log
 create mode 100644 matrix-inequalities-and-norms/MI-22/lean/verification/linux-2026-09-12/source/matrix-inequalities-and-norms/MI-22/lean/verification/fresh-solution.log
 create mode 100644 matrix-inequalities-and-norms/MI-22/lean/verification/linux-2026-09-12/source/matrix-inequalities-and-norms/MI-22/lean/verification/fresh-witness.log
 create mode 100644 matrix-inequalities-and-norms/MI-22/lean/verification/linux-2026-09-12/source/matrix-inequalities-and-norms/MI-22/lean/verification/fresh_check.py
 create mode 100644 matrix-inequalities-and-norms/MI-22/lean/verification/linux-2026-09-12/source/matrix-inequalities-and-norms/MI-22/lean/verification/full-build.json
 create mode 100644 matrix-inequalities-and-norms/MI-22/lean/verification/linux-2026-09-12/source/matrix-inequalities-and-norms/MI-22/lean/verification/full-build.log
 create mode 100644 matrix-inequalities-and-norms/MI-22/lean/verification/linux-2026-09-12/source/matrix-inequalities-and-norms/MI-22/lean/verification/generate_exact_data.py
 create mode 100644 matrix-inequalities-and-norms/MI-22/lean/verification/linux-2026-09-12/source/matrix-inequalities-and-norms/MI-22/lean/verification/generation-check.json
 create mode 100644 matrix-inequalities-and-norms/MI-22/lean/verification/linux-2026-09-12/source/matrix-inequalities-and-norms/MI-22/lean/verification/inputs-after.json
 create mode 100644 matrix-inequalities-and-norms/MI-22/lean/verification/linux-2026-09-12/source/matrix-inequalities-and-norms/MI-22/lean/verification/inputs-before.json
 create mode 100644 matrix-inequalities-and-norms/MI-22/lean/verification/linux-2026-09-12/source/matrix-inequalities-and-norms/MI-22/lean/verification/lakefile.statement.toml
 create mode 100644 matrix-inequalities-and-norms/MI-22/lean/verification/linux-2026-09-12/source/matrix-inequalities-and-norms/MI-22/lean/verification/proof-freeze.json
 create mode 100644 matrix-inequalities-and-norms/MI-22/lean/verification/linux-2026-09-12/source/matrix-inequalities-and-norms/MI-22/lean/verification/proof-start.json
 create mode 100644 matrix-inequalities-and-norms/MI-22/lean/verification/linux-2026-09-12/source/matrix-inequalities-and-norms/MI-22/lean/verification/retained-dependencies.json
 create mode 100644 matrix-inequalities-and-norms/MI-22/lean/verification/linux-2026-09-12/source/matrix-inequalities-and-norms/MI-22/lean/verification/root-linux-packaging.json
 create mode 100644 matrix-inequalities-and-norms/MI-22/lean/verification/linux-2026-09-12/source/matrix-inequalities-and-norms/MI-22/lean/verification/source-signatures.json
 create mode 100644 matrix-inequalities-and-norms/MI-22/lean/verification/linux-2026-09-12/source/matrix-inequalities-and-norms/MI-22/problem.pdf
 create mode 100644 matrix-inequalities-and-norms/MI-22/lean/verification/linux-2026-09-12/source/matrix-inequalities-and-norms/MI-22/problem.tex
 create mode 100644 matrix-inequalities-and-norms/MI-22/lean/verification/linux-2026-09-12/source/matrix-inequalities-and-norms/MI-22/solution.md
 create mode 100644 matrix-inequalities-and-norms/MI-22/lean/verification/linux-2026-09-12/source/matrix-inequalities-and-norms/MI-22/solution.pdf
 create mode 100644 matrix-inequalities-and-norms/MI-22/lean/verification/linux-2026-09-12/source/matrix-inequalities-and-norms/MI-22/solution.tex
 create mode 100644 matrix-inequalities-and-norms/MI-22/lean/verification/linux-2026-09-12/source/references/colbrook-matrix-2026-09-11/original-proofs/MI-22.tex
 create mode 100644 matrix-inequalities-and-norms/MI-22/lean/verification/linux-2026-09-12/source/references/colbrook-matrix-2026-09-11/verification/reviews/MI-22-review.md
 create mode 100644 matrix-inequalities-and-norms/MI-22/lean/verification/linux-2026-09-12/source/sandbox_probe_ci.py
 create mode 100644 matrix-inequalities-and-norms/MI-22/lean/verification/linux-2026-09-12/source/tools/lean/bootstrap.sh
 create mode 100644 matrix-inequalities-and-norms/MI-22/lean/verification/linux-2026-09-12/source/tools/lean/harness.py
 create mode 100644 matrix-inequalities-and-norms/MI-22/lean/verification/linux-2026-09-12/source/tools/lean/selftest.sh
 create mode 100644 matrix-inequalities-and-norms/MI-22/lean/verification/linux-2026-09-12/source/tools/lean/source-lock.json
 create mode 100644 matrix-inequalities-and-norms/MI-22/lean/verification/linux-2026-09-12/source/tools/lean/verify.sh
 create mode 100644 matrix-inequalities-and-norms/MI-22/lean/verification/linux-2026-09-12/tool-source-verification.json
 create mode 100644 matrix-inequalities-and-norms/MI-22/lean/verification/linux-2026-09-12/verify_evidence.py
 create mode 100644 matrix-inequalities-and-norms/MI-22/lean/verification/linux-2026-09-12/write_report.py
 create mode 100644 matrix-inequalities-and-norms/MI-22/lean/verification/proof-freeze.json
 create mode 100644 matrix-inequalities-and-norms/MI-22/lean/verification/proof-start.json
 create mode 100644 matrix-inequalities-and-norms/MI-22/lean/verification/publication-2026-09-12/EVIDENCE-MANIFEST.json
 create mode 100644 matrix-inequalities-and-norms/MI-22/lean/verification/publication-2026-09-12/INDEPENDENT-REVIEW.md
 create mode 100644 matrix-inequalities-and-norms/MI-22/lean/verification/publication-2026-09-12/PUBLICATION-HANDOFF.md
 create mode 100644 matrix-inequalities-and-norms/MI-22/lean/verification/publication-2026-09-12/README.linux-candidate.md
 create mode 100644 matrix-inequalities-and-norms/MI-22/lean/verification/publication-2026-09-12/ROOT-CHECKS.json
 create mode 100644 matrix-inequalities-and-norms/MI-22/lean/verification/publication-2026-09-12/ROOT-EVIDENCE-MANIFEST.json
 create mode 100644 matrix-inequalities-and-norms/MI-22/lean/verification/publication-2026-09-12/catalog.json
 create mode 100644 matrix-inequalities-and-norms/MI-22/lean/verification/publication-2026-09-12/catalog.log
 create mode 100644 matrix-inequalities-and-norms/MI-22/lean/verification/publication-2026-09-12/check_publication.py
 create mode 100644 matrix-inequalities-and-norms/MI-22/lean/verification/publication-2026-09-12/final-checks.json
 create mode 100644 matrix-inequalities-and-norms/MI-22/lean/verification/publication-2026-09-12/final-format.log
 create mode 100644 matrix-inequalities-and-norms/MI-22/lean/verification/publication-2026-09-12/formalization.linux-candidate.yaml
 create mode 100644 matrix-inequalities-and-norms/MI-22/lean/verification/publication-2026-09-12/format-write.json
 create mode 100644 matrix-inequalities-and-norms/MI-22/lean/verification/publication-2026-09-12/format-write.log
 create mode 100644 matrix-inequalities-and-norms/MI-22/lean/verification/publication-2026-09-12/id-tests.log
 create mode 100644 matrix-inequalities-and-norms/MI-22/lean/verification/publication-2026-09-12/integration.json
 create mode 100644 matrix-inequalities-and-norms/MI-22/lean/verification/publication-2026-09-12/integration.log
 create mode 100644 matrix-inequalities-and-norms/MI-22/lean/verification/publication-2026-09-12/integrity.json
 create mode 100644 matrix-inequalities-and-norms/MI-22/lean/verification/publication-2026-09-12/linux-evidence-offline.log
 create mode 100644 matrix-inequalities-and-norms/MI-22/lean/verification/publication-2026-09-12/manifest.log
 create mode 100644 matrix-inequalities-and-norms/MI-22/lean/verification/publication-2026-09-12/pdf-rasterization.log
 create mode 100644 matrix-inequalities-and-norms/MI-22/lean/verification/publication-2026-09-12/pdf-render-checks.json
 create mode 100644 matrix-inequalities-and-norms/MI-22/lean/verification/publication-2026-09-12/pdf-text-extraction.log
 create mode 100644 matrix-inequalities-and-norms/MI-22/lean/verification/publication-2026-09-12/pdf-text.txt
 create mode 100644 matrix-inequalities-and-norms/MI-22/lean/verification/publication-2026-09-12/pdfinfo.log
 create mode 100644 matrix-inequalities-and-norms/MI-22/lean/verification/publication-2026-09-12/permanent-ids.log
 create mode 100644 matrix-inequalities-and-norms/MI-22/lean/verification/publication-2026-09-12/render.json
 create mode 100644 matrix-inequalities-and-norms/MI-22/lean/verification/publication-2026-09-12/render.log
 create mode 100644 matrix-inequalities-and-norms/MI-22/lean/verification/publication-2026-09-12/root_publication_check.py
 create mode 100644 matrix-inequalities-and-norms/MI-22/lean/verification/publication-2026-09-12/scoped-diff-check.before-whitespace-fix.log
 create mode 100644 matrix-inequalities-and-norms/MI-22/lean/verification/publication-2026-09-12/scoped-diff-check.log
 create mode 100644 matrix-inequalities-and-norms/MI-22/lean/verification/publication-2026-09-12/visual-review.json
 create mode 100644 matrix-inequalities-and-norms/MI-22/lean/verification/retained-dependencies.json
 create mode 100644 matrix-inequalities-and-norms/MI-22/lean/verification/root-linux-packaging.json
 create mode 100644 matrix-inequalities-and-norms/MI-22/lean/verification/source-signatures.json
 create mode 100644 matrix-inequalities-and-norms/MI-23/lean/.gitignore
 create mode 100644 matrix-inequalities-and-norms/MI-23/lean/Challenge.lean
 create mode 100644 matrix-inequalities-and-norms/MI-23/lean/LICENSE
 create mode 100644 matrix-inequalities-and-norms/MI-23/lean/NLA/MI23/Arithmetic.lean
 create mode 100644 matrix-inequalities-and-norms/MI-23/lean/NLA/MI23/Definitions.lean
 create mode 100644 matrix-inequalities-and-norms/MI-23/lean/NLA/MI23/FunctionalCalculus.lean
 create mode 100644 matrix-inequalities-and-norms/MI-23/lean/NLA/MI23/NormBounds.lean
 create mode 100644 matrix-inequalities-and-norms/MI-23/lean/NLA/MI23/Proof.lean
 create mode 100644 matrix-inequalities-and-norms/MI-23/lean/NLA/MI23/SpectralNorm.lean
 create mode 100644 matrix-inequalities-and-norms/MI-23/lean/NLA/MI23/Witness.lean
 create mode 100644 matrix-inequalities-and-norms/MI-23/lean/NUMERICAL_TARGETS.md
 create mode 100644 matrix-inequalities-and-norms/MI-23/lean/README.md
 create mode 100644 matrix-inequalities-and-norms/MI-23/lean/Solution.lean
 create mode 100644 matrix-inequalities-and-norms/MI-23/lean/comparator.json
 create mode 100644 matrix-inequalities-and-norms/MI-23/lean/formalization.yaml
 create mode 100644 matrix-inequalities-and-norms/MI-23/lean/lake-manifest.json
 create mode 100644 matrix-inequalities-and-norms/MI-23/lean/lakefile.toml
 create mode 100644 matrix-inequalities-and-norms/MI-23/lean/lean-toolchain
 create mode 100644 matrix-inequalities-and-norms/MI-23/lean/reviews/InspectProof.lean
 create mode 100644 matrix-inequalities-and-norms/MI-23/lean/reviews/InspectStatements.lean
 create mode 100644 matrix-inequalities-and-norms/MI-23/lean/reviews/export-signature-check.json
 create mode 100644 matrix-inequalities-and-norms/MI-23/lean/reviews/implementation-gate.json
 create mode 100644 matrix-inequalities-and-norms/MI-23/lean/reviews/numerical-precheck.json
 create mode 100644 matrix-inequalities-and-norms/MI-23/lean/reviews/proof-completion.md
 create mode 100644 matrix-inequalities-and-norms/MI-23/lean/reviews/proof-freeze.json
 create mode 100644 matrix-inequalities-and-norms/MI-23/lean/reviews/proof-inspection.log
 create mode 100644 matrix-inequalities-and-norms/MI-23/lean/reviews/proof-referee-1-evidence/Challenge.log
 create mode 100644 matrix-inequalities-and-norms/MI-23/lean/reviews/proof-referee-1-evidence/EVIDENCE-MANIFEST.json
 create mode 100644 matrix-inequalities-and-norms/MI-23/lean/reviews/proof-referee-1-evidence/Inspect.lean
 create mode 100644 matrix-inequalities-and-norms/MI-23/lean/reviews/proof-referee-1-evidence/NLA-MI23-Arithmetic.log
 create mode 100644 matrix-inequalities-and-norms/MI-23/lean/reviews/proof-referee-1-evidence/NLA-MI23-Definitions.log
 create mode 100644 matrix-inequalities-and-norms/MI-23/lean/reviews/proof-referee-1-evidence/NLA-MI23-FunctionalCalculus.log
 create mode 100644 matrix-inequalities-and-norms/MI-23/lean/reviews/proof-referee-1-evidence/NLA-MI23-NormBounds.log
 create mode 100644 matrix-inequalities-and-norms/MI-23/lean/reviews/proof-referee-1-evidence/NLA-MI23-Proof.log
 create mode 100644 matrix-inequalities-and-norms/MI-23/lean/reviews/proof-referee-1-evidence/NLA-MI23-SpectralNorm.log
 create mode 100644 matrix-inequalities-and-norms/MI-23/lean/reviews/proof-referee-1-evidence/NLA-MI23-Witness.log
 create mode 100644 matrix-inequalities-and-norms/MI-23/lean/reviews/proof-referee-1-evidence/Solution.log
 create mode 100644 matrix-inequalities-and-norms/MI-23/lean/reviews/proof-referee-1-evidence/axiom-audit.json
 create mode 100644 matrix-inequalities-and-norms/MI-23/lean/reviews/proof-referee-1-evidence/consolidate_review.py
 create mode 100644 matrix-inequalities-and-norms/MI-23/lean/reviews/proof-referee-1-evidence/dependencies.json
 create mode 100644 matrix-inequalities-and-norms/MI-23/lean/reviews/proof-referee-1-evidence/finalize_evidence.py
 create mode 100644 matrix-inequalities-and-norms/MI-23/lean/reviews/proof-referee-1-evidence/fresh-checks.json
 create mode 100644 matrix-inequalities-and-norms/MI-23/lean/reviews/proof-referee-1-evidence/fresh_review.py
 create mode 100644 matrix-inequalities-and-norms/MI-23/lean/reviews/proof-referee-1-evidence/independent-rational-check.json
 create mode 100644 matrix-inequalities-and-norms/MI-23/lean/reviews/proof-referee-1-evidence/inputs-after.json
 create mode 100644 matrix-inequalities-and-norms/MI-23/lean/reviews/proof-referee-1-evidence/inputs-before.json
 create mode 100644 matrix-inequalities-and-norms/MI-23/lean/reviews/proof-referee-1-evidence/inspected-library-sources.json
 create mode 100644 matrix-inequalities-and-norms/MI-23/lean/reviews/proof-referee-1-evidence/inspection.log
 create mode 100644 matrix-inequalities-and-norms/MI-23/lean/reviews/proof-referee-1-evidence/original-sources.json
 create mode 100644 matrix-inequalities-and-norms/MI-23/lean/reviews/proof-referee-1-evidence/reconstruct_witness.py
 create mode 100644 matrix-inequalities-and-norms/MI-23/lean/reviews/proof-referee-1-evidence/reuse-search-command.json
 create mode 100644 matrix-inequalities-and-norms/MI-23/lean/reviews/proof-referee-1-evidence/reuse-search.log
 create mode 100644 matrix-inequalities-and-norms/MI-23/lean/reviews/proof-referee-1-evidence/review-checks.json
 create mode 100644 matrix-inequalities-and-norms/MI-23/lean/reviews/proof-referee-1-evidence/review-standards.json
 create mode 100644 matrix-inequalities-and-norms/MI-23/lean/reviews/proof-referee-1-evidence/scope-integrity.json
 create mode 100644 matrix-inequalities-and-norms/MI-23/lean/reviews/proof-referee-1-evidence/signatures.json
 create mode 100644 matrix-inequalities-and-norms/MI-23/lean/reviews/proof-referee-1.md
 create mode 100644 matrix-inequalities-and-norms/MI-23/lean/reviews/proof-referee-2-root-evidence/Inspect.lean
 create mode 100644 matrix-inequalities-and-norms/MI-23/lean/reviews/proof-referee-2-root-evidence/NLA-MI23-Arithmetic.log
 create mode 100644 matrix-inequalities-and-norms/MI-23/lean/reviews/proof-referee-2-root-evidence/NLA-MI23-Definitions.log
 create mode 100644 matrix-inequalities-and-norms/MI-23/lean/reviews/proof-referee-2-root-evidence/NLA-MI23-FunctionalCalculus.log
 create mode 100644 matrix-inequalities-and-norms/MI-23/lean/reviews/proof-referee-2-root-evidence/NLA-MI23-NormBounds.log
 create mode 100644 matrix-inequalities-and-norms/MI-23/lean/reviews/proof-referee-2-root-evidence/NLA-MI23-Proof.log
 create mode 100644 matrix-inequalities-and-norms/MI-23/lean/reviews/proof-referee-2-root-evidence/NLA-MI23-SpectralNorm.log
 create mode 100644 matrix-inequalities-and-norms/MI-23/lean/reviews/proof-referee-2-root-evidence/NLA-MI23-Witness.log
 create mode 100644 matrix-inequalities-and-norms/MI-23/lean/reviews/proof-referee-2-root-evidence/Solution.log
 create mode 100644 matrix-inequalities-and-norms/MI-23/lean/reviews/proof-referee-2-root-evidence/audit.json
 create mode 100644 matrix-inequalities-and-norms/MI-23/lean/reviews/proof-referee-2-root-evidence/audit.py
 create mode 100644 matrix-inequalities-and-norms/MI-23/lean/reviews/proof-referee-2-root-evidence/axioms.json
 create mode 100644 matrix-inequalities-and-norms/MI-23/lean/reviews/proof-referee-2-root-evidence/dependencies.json
 create mode 100644 matrix-inequalities-and-norms/MI-23/lean/reviews/proof-referee-2-root-evidence/execution.json
 create mode 100644 matrix-inequalities-and-norms/MI-23/lean/reviews/proof-referee-2-root-evidence/fresh_review.py
 create mode 100644 matrix-inequalities-and-norms/MI-23/lean/reviews/proof-referee-2-root-evidence/inspect_review.py
 create mode 100644 matrix-inequalities-and-norms/MI-23/lean/reviews/proof-referee-2-root-evidence/inspection.json
 create mode 100644 matrix-inequalities-and-norms/MI-23/lean/reviews/proof-referee-2-root-evidence/inspection.log
 create mode 100644 matrix-inequalities-and-norms/MI-23/lean/reviews/proof-referee-2-root-evidence/manifest.json
 create mode 100644 matrix-inequalities-and-norms/MI-23/lean/reviews/proof-referee-2-root-evidence/source-identity.json
 create mode 100644 matrix-inequalities-and-norms/MI-23/lean/reviews/proof-referee-2.md
 create mode 100644 matrix-inequalities-and-norms/MI-23/lean/reviews/proof-source-build-result.json
 create mode 100644 matrix-inequalities-and-norms/MI-23/lean/reviews/proof-source-build.log
 create mode 100644 matrix-inequalities-and-norms/MI-23/lean/reviews/reconstruct.py
 create mode 100644 matrix-inequalities-and-norms/MI-23/lean/reviews/reelaborate-proof.py
 create mode 100644 matrix-inequalities-and-norms/MI-23/lean/reviews/statement-build-attempt-1.log
 create mode 100644 matrix-inequalities-and-norms/MI-23/lean/reviews/statement-build-result.json
 create mode 100644 matrix-inequalities-and-norms/MI-23/lean/reviews/statement-build.log
 create mode 100644 matrix-inequalities-and-norms/MI-23/lean/reviews/statement-freeze.json
 create mode 100644 matrix-inequalities-and-norms/MI-23/lean/reviews/statement-inspection-result.json
 create mode 100644 matrix-inequalities-and-norms/MI-23/lean/reviews/statement-inspection.log
 create mode 100644 matrix-inequalities-and-norms/MI-23/lean/reviews/statement-referee-1-evidence/Inspect.lean
 create mode 100644 matrix-inequalities-and-norms/MI-23/lean/reviews/statement-referee-1-evidence/challenge.log
 create mode 100644 matrix-inequalities-and-norms/MI-23/lean/reviews/statement-referee-1-evidence/definitions.log
 create mode 100644 matrix-inequalities-and-norms/MI-23/lean/reviews/statement-referee-1-evidence/dependencies.json
 create mode 100644 matrix-inequalities-and-norms/MI-23/lean/reviews/statement-referee-1-evidence/evidence-manifest.json
 create mode 100644 matrix-inequalities-and-norms/MI-23/lean/reviews/statement-referee-1-evidence/fresh-checks.json
 create mode 100644 matrix-inequalities-and-norms/MI-23/lean/reviews/statement-referee-1-evidence/fresh_review.py
 create mode 100644 matrix-inequalities-and-norms/MI-23/lean/reviews/statement-referee-1-evidence/inputs-after.json
 create mode 100644 matrix-inequalities-and-norms/MI-23/lean/reviews/statement-referee-1-evidence/inputs-before.json
 create mode 100644 matrix-inequalities-and-norms/MI-23/lean/reviews/statement-referee-1-evidence/inspection-compact.txt
 create mode 100644 matrix-inequalities-and-norms/MI-23/lean/reviews/statement-referee-1-evidence/inspection.log
 create mode 100644 matrix-inequalities-and-norms/MI-23/lean/reviews/statement-referee-1-evidence/instance-checks.json
 create mode 100644 matrix-inequalities-and-norms/MI-23/lean/reviews/statement-referee-1-evidence/library-hashes.json
 create mode 100644 matrix-inequalities-and-norms/MI-23/lean/reviews/statement-referee-1-evidence/primary-source-check.json
 create mode 100644 matrix-inequalities-and-norms/MI-23/lean/reviews/statement-referee-1-evidence/rational-check.json
 create mode 100644 matrix-inequalities-and-norms/MI-23/lean/reviews/statement-referee-1-evidence/rational_check.py
 create mode 100644 matrix-inequalities-and-norms/MI-23/lean/reviews/statement-referee-1-evidence/rubric-hashes.json
 create mode 100644 matrix-inequalities-and-norms/MI-23/lean/reviews/statement-referee-1-evidence/verdict.json
 create mode 100644 matrix-inequalities-and-norms/MI-23/lean/reviews/statement-referee-1.md
 create mode 100644 matrix-inequalities-and-norms/MI-23/lean/reviews/statement-referee-2-root-evidence/Inspect.lean
 create mode 100644 matrix-inequalities-and-norms/MI-23/lean/reviews/statement-referee-2-root-evidence/challenge.log
 create mode 100644 matrix-inequalities-and-norms/MI-23/lean/reviews/statement-referee-2-root-evidence/checks.json
 create mode 100644 matrix-inequalities-and-norms/MI-23/lean/reviews/statement-referee-2-root-evidence/definitions.log
 create mode 100644 matrix-inequalities-and-norms/MI-23/lean/reviews/statement-referee-2-root-evidence/evidence-manifest.json
 create mode 100644 matrix-inequalities-and-norms/MI-23/lean/reviews/statement-referee-2-root-evidence/freeze-check.json
 create mode 100644 matrix-inequalities-and-norms/MI-23/lean/reviews/statement-referee-2-root-evidence/inspection.log
 create mode 100644 matrix-inequalities-and-norms/MI-23/lean/reviews/statement-referee-2-root-evidence/library-hashes.json
 create mode 100644 matrix-inequalities-and-norms/MI-23/lean/reviews/statement-referee-2-root-evidence/rational-reconstruction.json
 create mode 100644 matrix-inequalities-and-norms/MI-23/lean/reviews/statement-referee-2-root-evidence/rational_reconstruction.py
 create mode 100644 matrix-inequalities-and-norms/MI-23/lean/reviews/statement-referee-2-root-evidence/root_statement_review.py
 create mode 100644 matrix-inequalities-and-norms/MI-23/lean/reviews/statement-referee-2-root-evidence/semantic-instance-check.json
 create mode 100644 matrix-inequalities-and-norms/MI-23/lean/reviews/statement-referee-2-root-evidence/source-identity.json
 create mode 100644 matrix-inequalities-and-norms/MI-23/lean/reviews/statement-referee-2.md
 create mode 100644 matrix-inequalities-and-norms/MI-23/lean/reviews/statement-review-request.md
 create mode 100644 matrix-inequalities-and-norms/MI-23/lean/verification/linux-2026-09-12/EVIDENCE-MANIFEST.json
 create mode 100644 matrix-inequalities-and-norms/MI-23/lean/verification/linux-2026-09-12/FETCH-IDENTITY.json
 create mode 100644 matrix-inequalities-and-norms/MI-23/lean/verification/linux-2026-09-12/OPERATIONAL-REVIEW.md
 create mode 100644 matrix-inequalities-and-norms/MI-23/lean/verification/linux-2026-09-12/artifact-metadata.json
 create mode 100644 matrix-inequalities-and-norms/MI-23/lean/verification/linux-2026-09-12/artifacts/lean-MI-23/bootstrap/comparator-build.log
 create mode 100644 matrix-inequalities-and-norms/MI-23/lean/verification/linux-2026-09-12/artifacts/lean-MI-23/bootstrap/elan.log
 create mode 100644 matrix-inequalities-and-norms/MI-23/lean/verification/linux-2026-09-12/artifacts/lean-MI-23/bootstrap/landrun-build.log
 create mode 100644 matrix-inequalities-and-norms/MI-23/lean/verification/linux-2026-09-12/artifacts/lean-MI-23/verify-20260912T202130Z-4146/comparator-controls.log
 create mode 100644 matrix-inequalities-and-norms/MI-23/lean/verification/linux-2026-09-12/artifacts/lean-MI-23/verify-20260912T202130Z-4146/comparator.log
 create mode 100644 matrix-inequalities-and-norms/MI-23/lean/verification/linux-2026-09-12/artifacts/lean-MI-23/verify-20260912T202130Z-4146/dependencies.log
 create mode 100644 matrix-inequalities-and-norms/MI-23/lean/verification/linux-2026-09-12/artifacts/lean-MI-23/verify-20260912T202130Z-4146/kernel-controls.log
 create mode 100644 matrix-inequalities-and-norms/MI-23/lean/verification/linux-2026-09-12/artifacts/lean-MI-23/verify-20260912T202130Z-4146/mathlib-cache.log
 create mode 100644 matrix-inequalities-and-norms/MI-23/lean/verification/linux-2026-09-12/artifacts/lean-MI-23/verify-20260912T202130Z-4146/negative-native.log
 create mode 100644 matrix-inequalities-and-norms/MI-23/lean/verification/linux-2026-09-12/artifacts/lean-MI-23/verify-20260912T202130Z-4146/negative-sorry.log
 create mode 100644 matrix-inequalities-and-norms/MI-23/lean/verification/linux-2026-09-12/artifacts/lean-MI-23/verify-20260912T202130Z-4146/result.json
 create mode 100644 matrix-inequalities-and-norms/MI-23/lean/verification/linux-2026-09-12/artifacts/lean-MI-23/verify-20260912T202130Z-4146/sandbox.log
 create mode 100644 matrix-inequalities-and-norms/MI-23/lean/verification/linux-2026-09-12/artifacts/lean-MI-23/verify-20260912T202130Z-4146/user-service.log
 create mode 100644 matrix-inequalities-and-norms/MI-23/lean/verification/linux-2026-09-12/artifacts/lean-checker-controls/bootstrap/comparator-build.log
 create mode 100644 matrix-inequalities-and-norms/MI-23/lean/verification/linux-2026-09-12/artifacts/lean-checker-controls/bootstrap/elan.log
 create mode 100644 matrix-inequalities-and-norms/MI-23/lean/verification/linux-2026-09-12/artifacts/lean-checker-controls/bootstrap/landrun-build.log
 create mode 100644 matrix-inequalities-and-norms/MI-23/lean/verification/linux-2026-09-12/artifacts/lean-checker-controls/selftest-20260912T202121Z-4114/comparator-controls.log
 create mode 100644 matrix-inequalities-and-norms/MI-23/lean/verification/linux-2026-09-12/artifacts/lean-checker-controls/selftest-20260912T202121Z-4114/kernel-controls.log
 create mode 100644 matrix-inequalities-and-norms/MI-23/lean/verification/linux-2026-09-12/artifacts/lean-checker-controls/selftest-20260912T202121Z-4114/negative-native.log
 create mode 100644 matrix-inequalities-and-norms/MI-23/lean/verification/linux-2026-09-12/artifacts/lean-checker-controls/selftest-20260912T202121Z-4114/negative-sorry.log
 create mode 100644 matrix-inequalities-and-norms/MI-23/lean/verification/linux-2026-09-12/artifacts/lean-checker-controls/selftest-20260912T202121Z-4114/result.json
 create mode 100644 matrix-inequalities-and-norms/MI-23/lean/verification/linux-2026-09-12/artifacts/lean-checker-controls/selftest-20260912T202121Z-4114/sandbox.log
 create mode 100644 matrix-inequalities-and-norms/MI-23/lean/verification/linux-2026-09-12/artifacts/lean-checker-controls/selftest-20260912T202121Z-4114/user-service.log
 create mode 100644 matrix-inequalities-and-norms/MI-23/lean/verification/linux-2026-09-12/audit-checks.log
 create mode 100644 matrix-inequalities-and-norms/MI-23/lean/verification/linux-2026-09-12/audit-execution.json
 create mode 100644 matrix-inequalities-and-norms/MI-23/lean/verification/linux-2026-09-12/audit_checks.py
 create mode 100644 matrix-inequalities-and-norms/MI-23/lean/verification/linux-2026-09-12/axiom-verification.json
 create mode 100644 matrix-inequalities-and-norms/MI-23/lean/verification/linux-2026-09-12/control-verification.json
 create mode 100644 matrix-inequalities-and-norms/MI-23/lean/verification/linux-2026-09-12/fetch_artifacts.py
 create mode 100644 matrix-inequalities-and-norms/MI-23/lean/verification/linux-2026-09-12/finalize_evidence.py
 create mode 100644 matrix-inequalities-and-norms/MI-23/lean/verification/linux-2026-09-12/identity-verification.json
 create mode 100644 matrix-inequalities-and-norms/MI-23/lean/verification/linux-2026-09-12/job-103615351787.log
 create mode 100644 matrix-inequalities-and-norms/MI-23/lean/verification/linux-2026-09-12/job-103615395897.log
 create mode 100644 matrix-inequalities-and-norms/MI-23/lean/verification/linux-2026-09-12/job-103615395920.log
 create mode 100644 matrix-inequalities-and-norms/MI-23/lean/verification/linux-2026-09-12/job-phase-excerpts.txt
 create mode 100644 matrix-inequalities-and-norms/MI-23/lean/verification/linux-2026-09-12/jobs.json
 create mode 100644 matrix-inequalities-and-norms/MI-23/lean/verification/linux-2026-09-12/lean-MI-23.zip
 create mode 100644 matrix-inequalities-and-norms/MI-23/lean/verification/linux-2026-09-12/lean-checker-controls.zip
 create mode 100644 matrix-inequalities-and-norms/MI-23/lean/verification/linux-2026-09-12/run-metadata.json
 create mode 100644 matrix-inequalities-and-norms/MI-23/lean/verification/linux-2026-09-12/source-precheck.json
 create mode 100644 matrix-inequalities-and-norms/MI-23/lean/verification/linux-2026-09-12/source/.github/workflows/lean-verification.yml
 create mode 100644 matrix-inequalities-and-norms/MI-23/lean/verification/linux-2026-09-12/source/forsythe/.tools/comparator/Comparator.lean
 create mode 100644 matrix-inequalities-and-norms/MI-23/lean/verification/linux-2026-09-12/source/forsythe/.tools/comparator/Comparator/Axioms.lean
 create mode 100644 matrix-inequalities-and-norms/MI-23/lean/verification/linux-2026-09-12/source/forsythe/.tools/comparator/Comparator/Compare.lean
 create mode 100644 matrix-inequalities-and-norms/MI-23/lean/verification/linux-2026-09-12/source/forsythe/.tools/comparator/Comparator/Util.lean
 create mode 100644 matrix-inequalities-and-norms/MI-23/lean/verification/linux-2026-09-12/source/forsythe/.tools/comparator/LICENSE
 create mode 100644 matrix-inequalities-and-norms/MI-23/lean/verification/linux-2026-09-12/source/forsythe/.tools/comparator/Main.lean
 create mode 100644 matrix-inequalities-and-norms/MI-23/lean/verification/linux-2026-09-12/source/forsythe/.tools/comparator/lake-manifest.json
 create mode 100644 matrix-inequalities-and-norms/MI-23/lean/verification/linux-2026-09-12/source/forsythe/.tools/comparator/lakefile.toml
 create mode 100644 matrix-inequalities-and-norms/MI-23/lean/verification/linux-2026-09-12/source/forsythe/.tools/comparator/lean-toolchain
 create mode 100644 matrix-inequalities-and-norms/MI-23/lean/verification/linux-2026-09-12/source/forsythe/.tools/comparator/runtests.lean
 create mode 100644 matrix-inequalities-and-norms/MI-23/lean/verification/linux-2026-09-12/source/forsythe/.tools/comparator/tests/projects/simple_axiom_issue/Challenge.lean
 create mode 100644 matrix-inequalities-and-norms/MI-23/lean/verification/linux-2026-09-12/source/forsythe/.tools/comparator/tests/projects/simple_axiom_issue/Solution.lean
 create mode 100644 matrix-inequalities-and-norms/MI-23/lean/verification/linux-2026-09-12/source/forsythe/.tools/comparator/tests/projects/simple_axiom_issue/config.json
 create mode 100644 matrix-inequalities-and-norms/MI-23/lean/verification/linux-2026-09-12/source/forsythe/.tools/comparator/tests/projects/simple_axiom_issue/test.json
 create mode 100644 matrix-inequalities-and-norms/MI-23/lean/verification/linux-2026-09-12/source/forsythe/.tools/comparator/tests/projects/simple_kind_mismatch/Challenge.lean
 create mode 100644 matrix-inequalities-and-norms/MI-23/lean/verification/linux-2026-09-12/source/forsythe/.tools/comparator/tests/projects/simple_kind_mismatch/Solution.lean
 create mode 100644 matrix-inequalities-and-norms/MI-23/lean/verification/linux-2026-09-12/source/forsythe/.tools/comparator/tests/projects/simple_kind_mismatch/config.json
 create mode 100644 matrix-inequalities-and-norms/MI-23/lean/verification/linux-2026-09-12/source/forsythe/.tools/comparator/tests/projects/simple_kind_mismatch/test.json
 create mode 100644 matrix-inequalities-and-norms/MI-23/lean/verification/linux-2026-09-12/source/forsythe/.tools/comparator/tests/projects/simple_match/Challenge.lean
 create mode 100644 matrix-inequalities-and-norms/MI-23/lean/verification/linux-2026-09-12/source/forsythe/.tools/comparator/tests/projects/simple_match/Solution.lean
 create mode 100644 matrix-inequalities-and-norms/MI-23/lean/verification/linux-2026-09-12/source/forsythe/.tools/comparator/tests/projects/simple_match/config.json
 create mode 100644 matrix-inequalities-and-norms/MI-23/lean/verification/linux-2026-09-12/source/forsythe/.tools/comparator/tests/projects/simple_match/test.json
 create mode 100644 matrix-inequalities-and-norms/MI-23/lean/verification/linux-2026-09-12/source/forsythe/.tools/comparator/tests/projects/simple_mismatch/Challenge.lean
 create mode 100644 matrix-inequalities-and-norms/MI-23/lean/verification/linux-2026-09-12/source/forsythe/.tools/comparator/tests/projects/simple_mismatch/Solution.lean
 create mode 100644 matrix-inequalities-and-norms/MI-23/lean/verification/linux-2026-09-12/source/forsythe/.tools/comparator/tests/projects/simple_mismatch/config.json
 create mode 100644 matrix-inequalities-and-norms/MI-23/lean/verification/linux-2026-09-12/source/forsythe/.tools/comparator/tests/projects/simple_mismatch/test.json
 create mode 100644 matrix-inequalities-and-norms/MI-23/lean/verification/linux-2026-09-12/source/forsythe/.tools/landrun/LICENSE
 create mode 100644 matrix-inequalities-and-norms/MI-23/lean/verification/linux-2026-09-12/source/forsythe/.tools/landrun/cmd/landrun/main.go
 create mode 100644 matrix-inequalities-and-norms/MI-23/lean/verification/linux-2026-09-12/source/forsythe/.tools/landrun/cmd/landrun/main_test.go
 create mode 100644 matrix-inequalities-and-norms/MI-23/lean/verification/linux-2026-09-12/source/forsythe/.tools/landrun/go.mod
 create mode 100644 matrix-inequalities-and-norms/MI-23/lean/verification/linux-2026-09-12/source/forsythe/.tools/landrun/go.sum
 create mode 100644 matrix-inequalities-and-norms/MI-23/lean/verification/linux-2026-09-12/source/forsythe/.tools/landrun/internal/elfdeps/elfdeps.go
 create mode 100644 matrix-inequalities-and-norms/MI-23/lean/verification/linux-2026-09-12/source/forsythe/.tools/landrun/internal/elfdeps/elfdeps_test.go
 create mode 100644 matrix-inequalities-and-norms/MI-23/lean/verification/linux-2026-09-12/source/forsythe/.tools/landrun/internal/elfdeps/testdata/liba.c
 create mode 100644 matrix-inequalities-and-norms/MI-23/lean/verification/linux-2026-09-12/source/forsythe/.tools/landrun/internal/elfdeps/testdata/libb.c
 create mode 100644 matrix-inequalities-and-norms/MI-23/lean/verification/linux-2026-09-12/source/forsythe/.tools/landrun/internal/elfdeps/testdata/main.c
 create mode 100644 matrix-inequalities-and-norms/MI-23/lean/verification/linux-2026-09-12/source/forsythe/.tools/landrun/internal/exec/runner.go
 create mode 100644 matrix-inequalities-and-norms/MI-23/lean/verification/linux-2026-09-12/source/forsythe/.tools/landrun/internal/log/log.go
 create mode 100644 matrix-inequalities-and-norms/MI-23/lean/verification/linux-2026-09-12/source/forsythe/.tools/landrun/internal/log/log_test.go
 create mode 100644 matrix-inequalities-and-norms/MI-23/lean/verification/linux-2026-09-12/source/forsythe/.tools/landrun/internal/sandbox/sandbox.go
 create mode 100644 matrix-inequalities-and-norms/MI-23/lean/verification/linux-2026-09-12/source/forsythe/.tools/landrun/internal/sandbox/sandbox_test.go
 create mode 100644 matrix-inequalities-and-norms/MI-23/lean/verification/linux-2026-09-12/source/forsythe/.tools/lean4export/Export.lean
 create mode 100644 matrix-inequalities-and-norms/MI-23/lean/verification/linux-2026-09-12/source/forsythe/.tools/lean4export/Export/Parse.lean
 create mode 100644 matrix-inequalities-and-norms/MI-23/lean/verification/linux-2026-09-12/source/forsythe/.tools/lean4export/LICENSE
 create mode 100644 matrix-inequalities-and-norms/MI-23/lean/verification/linux-2026-09-12/source/forsythe/.tools/lean4export/Main.lean
 create mode 100644 matrix-inequalities-and-norms/MI-23/lean/verification/linux-2026-09-12/source/forsythe/.tools/lean4export/Test.lean
 create mode 100644 matrix-inequalities-and-norms/MI-23/lean/verification/linux-2026-09-12/source/forsythe/.tools/lean4export/format_ndjson.md
 create mode 100644 matrix-inequalities-and-norms/MI-23/lean/verification/linux-2026-09-12/source/forsythe/.tools/lean4export/lake-manifest.json
 create mode 100644 matrix-inequalities-and-norms/MI-23/lean/verification/linux-2026-09-12/source/forsythe/.tools/lean4export/lakefile.toml
 create mode 100644 matrix-inequalities-and-norms/MI-23/lean/verification/linux-2026-09-12/source/forsythe/.tools/lean4export/lean-toolchain
 create mode 100644 matrix-inequalities-and-norms/MI-23/lean/verification/linux-2026-09-12/source/forsythe/LICENSE
 create mode 100644 matrix-inequalities-and-norms/MI-23/lean/verification/linux-2026-09-12/source/forsythe/lean-toolchain
 create mode 100644 matrix-inequalities-and-norms/MI-23/lean/verification/linux-2026-09-12/source/forsythe/reproduction/checks/PinnedReplayProbe.lean
 create mode 100644 matrix-inequalities-and-norms/MI-23/lean/verification/linux-2026-09-12/source/forsythe/reproduction/checks/comparator_regressions.py
 create mode 100644 matrix-inequalities-and-norms/MI-23/lean/verification/linux-2026-09-12/source/forsythe/reproduction/checks/run_replay.sh
 create mode 100644 matrix-inequalities-and-norms/MI-23/lean/verification/linux-2026-09-12/source/forsythe/reproduction/checks/sandbox_probe.py
 create mode 100644 matrix-inequalities-and-norms/MI-23/lean/verification/linux-2026-09-12/source/forsythe/scripts/comparator-lean-4.33.1.patch
 create mode 100644 matrix-inequalities-and-norms/MI-23/lean/verification/linux-2026-09-12/source/forsythe/scripts/strict_landrun.py
 create mode 100644 matrix-inequalities-and-norms/MI-23/lean/verification/linux-2026-09-12/source/git-commit.txt
 create mode 100644 matrix-inequalities-and-norms/MI-23/lean/verification/linux-2026-09-12/source/git-project-tree.txt
 create mode 100644 matrix-inequalities-and-norms/MI-23/lean/verification/linux-2026-09-12/source/matrix-inequalities-and-norms/MI-23/README.md
 create mode 100644 matrix-inequalities-and-norms/MI-23/lean/verification/linux-2026-09-12/source/matrix-inequalities-and-norms/MI-23/lean/.gitignore
 create mode 100644 matrix-inequalities-and-norms/MI-23/lean/verification/linux-2026-09-12/source/matrix-inequalities-and-norms/MI-23/lean/Challenge.lean
 create mode 100644 matrix-inequalities-and-norms/MI-23/lean/verification/linux-2026-09-12/source/matrix-inequalities-and-norms/MI-23/lean/LICENSE
 create mode 100644 matrix-inequalities-and-norms/MI-23/lean/verification/linux-2026-09-12/source/matrix-inequalities-and-norms/MI-23/lean/NLA/MI23/Arithmetic.lean
 create mode 100644 matrix-inequalities-and-norms/MI-23/lean/verification/linux-2026-09-12/source/matrix-inequalities-and-norms/MI-23/lean/NLA/MI23/Definitions.lean
 create mode 100644 matrix-inequalities-and-norms/MI-23/lean/verification/linux-2026-09-12/source/matrix-inequalities-and-norms/MI-23/lean/NLA/MI23/FunctionalCalculus.lean
 create mode 100644 matrix-inequalities-and-norms/MI-23/lean/verification/linux-2026-09-12/source/matrix-inequalities-and-norms/MI-23/lean/NLA/MI23/NormBounds.lean
 create mode 100644 matrix-inequalities-and-norms/MI-23/lean/verification/linux-2026-09-12/source/matrix-inequalities-and-norms/MI-23/lean/NLA/MI23/Proof.lean
 create mode 100644 matrix-inequalities-and-norms/MI-23/lean/verification/linux-2026-09-12/source/matrix-inequalities-and-norms/MI-23/lean/NLA/MI23/SpectralNorm.lean
 create mode 100644 matrix-inequalities-and-norms/MI-23/lean/verification/linux-2026-09-12/source/matrix-inequalities-and-norms/MI-23/lean/NLA/MI23/Witness.lean
 create mode 100644 matrix-inequalities-and-norms/MI-23/lean/verification/linux-2026-09-12/source/matrix-inequalities-and-norms/MI-23/lean/NUMERICAL_TARGETS.md
 create mode 100644 matrix-inequalities-and-norms/MI-23/lean/verification/linux-2026-09-12/source/matrix-inequalities-and-norms/MI-23/lean/README.md
 create mode 100644 matrix-inequalities-and-norms/MI-23/lean/verification/linux-2026-09-12/source/matrix-inequalities-and-norms/MI-23/lean/Solution.lean
 create mode 100644 matrix-inequalities-and-norms/MI-23/lean/verification/linux-2026-09-12/source/matrix-inequalities-and-norms/MI-23/lean/comparator.json
 create mode 100644 matrix-inequalities-and-norms/MI-23/lean/verification/linux-2026-09-12/source/matrix-inequalities-and-norms/MI-23/lean/formalization.yaml
 create mode 100644 matrix-inequalities-and-norms/MI-23/lean/verification/linux-2026-09-12/source/matrix-inequalities-and-norms/MI-23/lean/lake-manifest.json
 create mode 100644 matrix-inequalities-and-norms/MI-23/lean/verification/linux-2026-09-12/source/matrix-inequalities-and-norms/MI-23/lean/lakefile.toml
 create mode 100644 matrix-inequalities-and-norms/MI-23/lean/verification/linux-2026-09-12/source/matrix-inequalities-and-norms/MI-23/lean/lean-toolchain
 create mode 100644 matrix-inequalities-and-norms/MI-23/lean/verification/linux-2026-09-12/source/matrix-inequalities-and-norms/MI-23/lean/reviews/InspectProof.lean
 create mode 100644 matrix-inequalities-and-norms/MI-23/lean/verification/linux-2026-09-12/source/matrix-inequalities-and-norms/MI-23/lean/reviews/InspectStatements.lean
 create mode 100644 matrix-inequalities-and-norms/MI-23/lean/verification/linux-2026-09-12/source/matrix-inequalities-and-norms/MI-23/lean/reviews/export-signature-check.json
 create mode 100644 matrix-inequalities-and-norms/MI-23/lean/verification/linux-2026-09-12/source/matrix-inequalities-and-norms/MI-23/lean/reviews/implementation-gate.json
 create mode 100644 matrix-inequalities-and-norms/MI-23/lean/verification/linux-2026-09-12/source/matrix-inequalities-and-norms/MI-23/lean/reviews/numerical-precheck.json
 create mode 100644 matrix-inequalities-and-norms/MI-23/lean/verification/linux-2026-09-12/source/matrix-inequalities-and-norms/MI-23/lean/reviews/proof-completion.md
 create mode 100644 matrix-inequalities-and-norms/MI-23/lean/verification/linux-2026-09-12/source/matrix-inequalities-and-norms/MI-23/lean/reviews/proof-freeze.json
 create mode 100644 matrix-inequalities-and-norms/MI-23/lean/verification/linux-2026-09-12/source/matrix-inequalities-and-norms/MI-23/lean/reviews/proof-inspection.log
 create mode 100644 matrix-inequalities-and-norms/MI-23/lean/verification/linux-2026-09-12/source/matrix-inequalities-and-norms/MI-23/lean/reviews/proof-referee-1-evidence/Challenge.log
 create mode 100644 matrix-inequalities-and-norms/MI-23/lean/verification/linux-2026-09-12/source/matrix-inequalities-and-norms/MI-23/lean/reviews/proof-referee-1-evidence/EVIDENCE-MANIFEST.json
 create mode 100644 matrix-inequalities-and-norms/MI-23/lean/verification/linux-2026-09-12/source/matrix-inequalities-and-norms/MI-23/lean/reviews/proof-referee-1-evidence/Inspect.lean
 create mode 100644 matrix-inequalities-and-norms/MI-23/lean/verification/linux-2026-09-12/source/matrix-inequalities-and-norms/MI-23/lean/reviews/proof-referee-1-evidence/NLA-MI23-Arithmetic.log
 create mode 100644 matrix-inequalities-and-norms/MI-23/lean/verification/linux-2026-09-12/source/matrix-inequalities-and-norms/MI-23/lean/reviews/proof-referee-1-evidence/NLA-MI23-Definitions.log
 create mode 100644 matrix-inequalities-and-norms/MI-23/lean/verification/linux-2026-09-12/source/matrix-inequalities-and-norms/MI-23/lean/reviews/proof-referee-1-evidence/NLA-MI23-FunctionalCalculus.log
 create mode 100644 matrix-inequalities-and-norms/MI-23/lean/verification/linux-2026-09-12/source/matrix-inequalities-and-norms/MI-23/lean/reviews/proof-referee-1-evidence/NLA-MI23-NormBounds.log
 create mode 100644 matrix-inequalities-and-norms/MI-23/lean/verification/linux-2026-09-12/source/matrix-inequalities-and-norms/MI-23/lean/reviews/proof-referee-1-evidence/NLA-MI23-Proof.log
 create mode 100644 matrix-inequalities-and-norms/MI-23/lean/verification/linux-2026-09-12/source/matrix-inequalities-and-norms/MI-23/lean/reviews/proof-referee-1-evidence/NLA-MI23-SpectralNorm.log
 create mode 100644 matrix-inequalities-and-norms/MI-23/lean/verification/linux-2026-09-12/source/matrix-inequalities-and-norms/MI-23/lean/reviews/proof-referee-1-evidence/NLA-MI23-Witness.log
 create mode 100644 matrix-inequalities-and-norms/MI-23/lean/verification/linux-2026-09-12/source/matrix-inequalities-and-norms/MI-23/lean/reviews/proof-referee-1-evidence/Solution.log
 create mode 100644 matrix-inequalities-and-norms/MI-23/lean/verification/linux-2026-09-12/source/matrix-inequalities-and-norms/MI-23/lean/reviews/proof-referee-1-evidence/axiom-audit.json
 create mode 100644 matrix-inequalities-and-norms/MI-23/lean/verification/linux-2026-09-12/source/matrix-inequalities-and-norms/MI-23/lean/reviews/proof-referee-1-evidence/consolidate_review.py
 create mode 100644 matrix-inequalities-and-norms/MI-23/lean/verification/linux-2026-09-12/source/matrix-inequalities-and-norms/MI-23/lean/reviews/proof-referee-1-evidence/dependencies.json
 create mode 100644 matrix-inequalities-and-norms/MI-23/lean/verification/linux-2026-09-12/source/matrix-inequalities-and-norms/MI-23/lean/reviews/proof-referee-1-evidence/finalize_evidence.py
 create mode 100644 matrix-inequalities-and-norms/MI-23/lean/verification/linux-2026-09-12/source/matrix-inequalities-and-norms/MI-23/lean/reviews/proof-referee-1-evidence/fresh-checks.json
 create mode 100644 matrix-inequalities-and-norms/MI-23/lean/verification/linux-2026-09-12/source/matrix-inequalities-and-norms/MI-23/lean/reviews/proof-referee-1-evidence/fresh_review.py
 create mode 100644 matrix-inequalities-and-norms/MI-23/lean/verification/linux-2026-09-12/source/matrix-inequalities-and-norms/MI-23/lean/reviews/proof-referee-1-evidence/independent-rational-check.json
 create mode 100644 matrix-inequalities-and-norms/MI-23/lean/verification/linux-2026-09-12/source/matrix-inequalities-and-norms/MI-23/lean/reviews/proof-referee-1-evidence/inputs-after.json
 create mode 100644 matrix-inequalities-and-norms/MI-23/lean/verification/linux-2026-09-12/source/matrix-inequalities-and-norms/MI-23/lean/reviews/proof-referee-1-evidence/inputs-before.json
 create mode 100644 matrix-inequalities-and-norms/MI-23/lean/verification/linux-2026-09-12/source/matrix-inequalities-and-norms/MI-23/lean/reviews/proof-referee-1-evidence/inspected-library-sources.json
 create mode 100644 matrix-inequalities-and-norms/MI-23/lean/verification/linux-2026-09-12/source/matrix-inequalities-and-norms/MI-23/lean/reviews/proof-referee-1-evidence/inspection.log
 create mode 100644 matrix-inequalities-and-norms/MI-23/lean/verification/linux-2026-09-12/source/matrix-inequalities-and-norms/MI-23/lean/reviews/proof-referee-1-evidence/original-sources.json
 create mode 100644 matrix-inequalities-and-norms/MI-23/lean/verification/linux-2026-09-12/source/matrix-inequalities-and-norms/MI-23/lean/reviews/proof-referee-1-evidence/reconstruct_witness.py
 create mode 100644 matrix-inequalities-and-norms/MI-23/lean/verification/linux-2026-09-12/source/matrix-inequalities-and-norms/MI-23/lean/reviews/proof-referee-1-evidence/reuse-search-command.json
 create mode 100644 matrix-inequalities-and-norms/MI-23/lean/verification/linux-2026-09-12/source/matrix-inequalities-and-norms/MI-23/lean/reviews/proof-referee-1-evidence/reuse-search.log
 create mode 100644 matrix-inequalities-and-norms/MI-23/lean/verification/linux-2026-09-12/source/matrix-inequalities-and-norms/MI-23/lean/reviews/proof-referee-1-evidence/review-checks.json
 create mode 100644 matrix-inequalities-and-norms/MI-23/lean/verification/linux-2026-09-12/source/matrix-inequalities-and-norms/MI-23/lean/reviews/proof-referee-1-evidence/review-standards.json
 create mode 100644 matrix-inequalities-and-norms/MI-23/lean/verification/linux-2026-09-12/source/matrix-inequalities-and-norms/MI-23/lean/reviews/proof-referee-1-evidence/scope-integrity.json
 create mode 100644 matrix-inequalities-and-norms/MI-23/lean/verification/linux-2026-09-12/source/matrix-inequalities-and-norms/MI-23/lean/reviews/proof-referee-1-evidence/signatures.json
 create mode 100644 matrix-inequalities-and-norms/MI-23/lean/verification/linux-2026-09-12/source/matrix-inequalities-and-norms/MI-23/lean/reviews/proof-referee-1.md
 create mode 100644 matrix-inequalities-and-norms/MI-23/lean/verification/linux-2026-09-12/source/matrix-inequalities-and-norms/MI-23/lean/reviews/proof-referee-2-root-evidence/Inspect.lean
 create mode 100644 matrix-inequalities-and-norms/MI-23/lean/verification/linux-2026-09-12/source/matrix-inequalities-and-norms/MI-23/lean/reviews/proof-referee-2-root-evidence/NLA-MI23-Arithmetic.log
 create mode 100644 matrix-inequalities-and-norms/MI-23/lean/verification/linux-2026-09-12/source/matrix-inequalities-and-norms/MI-23/lean/reviews/proof-referee-2-root-evidence/NLA-MI23-Definitions.log
 create mode 100644 matrix-inequalities-and-norms/MI-23/lean/verification/linux-2026-09-12/source/matrix-inequalities-and-norms/MI-23/lean/reviews/proof-referee-2-root-evidence/NLA-MI23-FunctionalCalculus.log
 create mode 100644 matrix-inequalities-and-norms/MI-23/lean/verification/linux-2026-09-12/source/matrix-inequalities-and-norms/MI-23/lean/reviews/proof-referee-2-root-evidence/NLA-MI23-NormBounds.log
 create mode 100644 matrix-inequalities-and-norms/MI-23/lean/verification/linux-2026-09-12/source/matrix-inequalities-and-norms/MI-23/lean/reviews/proof-referee-2-root-evidence/NLA-MI23-Proof.log
 create mode 100644 matrix-inequalities-and-norms/MI-23/lean/verification/linux-2026-09-12/source/matrix-inequalities-and-norms/MI-23/lean/reviews/proof-referee-2-root-evidence/NLA-MI23-SpectralNorm.log
 create mode 100644 matrix-inequalities-and-norms/MI-23/lean/verification/linux-2026-09-12/source/matrix-inequalities-and-norms/MI-23/lean/reviews/proof-referee-2-root-evidence/NLA-MI23-Witness.log
 create mode 100644 matrix-inequalities-and-norms/MI-23/lean/verification/linux-2026-09-12/source/matrix-inequalities-and-norms/MI-23/lean/reviews/proof-referee-2-root-evidence/Solution.log
 create mode 100644 matrix-inequalities-and-norms/MI-23/lean/verification/linux-2026-09-12/source/matrix-inequalities-and-norms/MI-23/lean/reviews/proof-referee-2-root-evidence/audit.json
 create mode 100644 matrix-inequalities-and-norms/MI-23/lean/verification/linux-2026-09-12/source/matrix-inequalities-and-norms/MI-23/lean/reviews/proof-referee-2-root-evidence/audit.py
 create mode 100644 matrix-inequalities-and-norms/MI-23/lean/verification/linux-2026-09-12/source/matrix-inequalities-and-norms/MI-23/lean/reviews/proof-referee-2-root-evidence/axioms.json
 create mode 100644 matrix-inequalities-and-norms/MI-23/lean/verification/linux-2026-09-12/source/matrix-inequalities-and-norms/MI-23/lean/reviews/proof-referee-2-root-evidence/dependencies.json
 create mode 100644 matrix-inequalities-and-norms/MI-23/lean/verification/linux-2026-09-12/source/matrix-inequalities-and-norms/MI-23/lean/reviews/proof-referee-2-root-evidence/execution.json
 create mode 100644 matrix-inequalities-and-norms/MI-23/lean/verification/linux-2026-09-12/source/matrix-inequalities-and-norms/MI-23/lean/reviews/proof-referee-2-root-evidence/fresh_review.py
 create mode 100644 matrix-inequalities-and-norms/MI-23/lean/verification/linux-2026-09-12/source/matrix-inequalities-and-norms/MI-23/lean/reviews/proof-referee-2-root-evidence/inspect_review.py
 create mode 100644 matrix-inequalities-and-norms/MI-23/lean/verification/linux-2026-09-12/source/matrix-inequalities-and-norms/MI-23/lean/reviews/proof-referee-2-root-evidence/inspection.json
 create mode 100644 matrix-inequalities-and-norms/MI-23/lean/verification/linux-2026-09-12/source/matrix-inequalities-and-norms/MI-23/lean/reviews/proof-referee-2-root-evidence/inspection.log
 create mode 100644 matrix-inequalities-and-norms/MI-23/lean/verification/linux-2026-09-12/source/matrix-inequalities-and-norms/MI-23/lean/reviews/proof-referee-2-root-evidence/manifest.json
 create mode 100644 matrix-inequalities-and-norms/MI-23/lean/verification/linux-2026-09-12/source/matrix-inequalities-and-norms/MI-23/lean/reviews/proof-referee-2-root-evidence/source-identity.json
 create mode 100644 matrix-inequalities-and-norms/MI-23/lean/verification/linux-2026-09-12/source/matrix-inequalities-and-norms/MI-23/lean/reviews/proof-referee-2.md
 create mode 100644 matrix-inequalities-and-norms/MI-23/lean/verification/linux-2026-09-12/source/matrix-inequalities-and-norms/MI-23/lean/reviews/proof-source-build-result.json
 create mode 100644 matrix-inequalities-and-norms/MI-23/lean/verification/linux-2026-09-12/source/matrix-inequalities-and-norms/MI-23/lean/reviews/proof-source-build.log
 create mode 100644 matrix-inequalities-and-norms/MI-23/lean/verification/linux-2026-09-12/source/matrix-inequalities-and-norms/MI-23/lean/reviews/reconstruct.py
 create mode 100644 matrix-inequalities-and-norms/MI-23/lean/verification/linux-2026-09-12/source/matrix-inequalities-and-norms/MI-23/lean/reviews/reelaborate-proof.py
 create mode 100644 matrix-inequalities-and-norms/MI-23/lean/verification/linux-2026-09-12/source/matrix-inequalities-and-norms/MI-23/lean/reviews/statement-build-attempt-1.log
 create mode 100644 matrix-inequalities-and-norms/MI-23/lean/verification/linux-2026-09-12/source/matrix-inequalities-and-norms/MI-23/lean/reviews/statement-build-result.json
 create mode 100644 matrix-inequalities-and-norms/MI-23/lean/verification/linux-2026-09-12/source/matrix-inequalities-and-norms/MI-23/lean/reviews/statement-build.log
 create mode 100644 matrix-inequalities-and-norms/MI-23/lean/verification/linux-2026-09-12/source/matrix-inequalities-and-norms/MI-23/lean/reviews/statement-freeze.json
 create mode 100644 matrix-inequalities-and-norms/MI-23/lean/verification/linux-2026-09-12/source/matrix-inequalities-and-norms/MI-23/lean/reviews/statement-inspection-result.json
 create mode 100644 matrix-inequalities-and-norms/MI-23/lean/verification/linux-2026-09-12/source/matrix-inequalities-and-norms/MI-23/lean/reviews/statement-inspection.log
 create mode 100644 matrix-inequalities-and-norms/MI-23/lean/verification/linux-2026-09-12/source/matrix-inequalities-and-norms/MI-23/lean/reviews/statement-referee-1-evidence/Inspect.lean
 create mode 100644 matrix-inequalities-and-norms/MI-23/lean/verification/linux-2026-09-12/source/matrix-inequalities-and-norms/MI-23/lean/reviews/statement-referee-1-evidence/challenge.log
 create mode 100644 matrix-inequalities-and-norms/MI-23/lean/verification/linux-2026-09-12/source/matrix-inequalities-and-norms/MI-23/lean/reviews/statement-referee-1-evidence/definitions.log
 create mode 100644 matrix-inequalities-and-norms/MI-23/lean/verification/linux-2026-09-12/source/matrix-inequalities-and-norms/MI-23/lean/reviews/statement-referee-1-evidence/dependencies.json
 create mode 100644 matrix-inequalities-and-norms/MI-23/lean/verification/linux-2026-09-12/source/matrix-inequalities-and-norms/MI-23/lean/reviews/statement-referee-1-evidence/evidence-manifest.json
 create mode 100644 matrix-inequalities-and-norms/MI-23/lean/verification/linux-2026-09-12/source/matrix-inequalities-and-norms/MI-23/lean/reviews/statement-referee-1-evidence/fresh-checks.json
 create mode 100644 matrix-inequalities-and-norms/MI-23/lean/verification/linux-2026-09-12/source/matrix-inequalities-and-norms/MI-23/lean/reviews/statement-referee-1-evidence/fresh_review.py
 create mode 100644 matrix-inequalities-and-norms/MI-23/lean/verification/linux-2026-09-12/source/matrix-inequalities-and-norms/MI-23/lean/reviews/statement-referee-1-evidence/inputs-after.json
 create mode 100644 matrix-inequalities-and-norms/MI-23/lean/verification/linux-2026-09-12/source/matrix-inequalities-and-norms/MI-23/lean/reviews/statement-referee-1-evidence/inputs-before.json
 create mode 100644 matrix-inequalities-and-norms/MI-23/lean/verification/linux-2026-09-12/source/matrix-inequalities-and-norms/MI-23/lean/reviews/statement-referee-1-evidence/inspection-compact.txt
 create mode 100644 matrix-inequalities-and-norms/MI-23/lean/verification/linux-2026-09-12/source/matrix-inequalities-and-norms/MI-23/lean/reviews/statement-referee-1-evidence/inspection.log
 create mode 100644 matrix-inequalities-and-norms/MI-23/lean/verification/linux-2026-09-12/source/matrix-inequalities-and-norms/MI-23/lean/reviews/statement-referee-1-evidence/instance-checks.json
 create mode 100644 matrix-inequalities-and-norms/MI-23/lean/verification/linux-2026-09-12/source/matrix-inequalities-and-norms/MI-23/lean/reviews/statement-referee-1-evidence/library-hashes.json
 create mode 100644 matrix-inequalities-and-norms/MI-23/lean/verification/linux-2026-09-12/source/matrix-inequalities-and-norms/MI-23/lean/reviews/statement-referee-1-evidence/primary-source-check.json
 create mode 100644 matrix-inequalities-and-norms/MI-23/lean/verification/linux-2026-09-12/source/matrix-inequalities-and-norms/MI-23/lean/reviews/statement-referee-1-evidence/rational-check.json
 create mode 100644 matrix-inequalities-and-norms/MI-23/lean/verification/linux-2026-09-12/source/matrix-inequalities-and-norms/MI-23/lean/reviews/statement-referee-1-evidence/rational_check.py
 create mode 100644 matrix-inequalities-and-norms/MI-23/lean/verification/linux-2026-09-12/source/matrix-inequalities-and-norms/MI-23/lean/reviews/statement-referee-1-evidence/rubric-hashes.json
 create mode 100644 matrix-inequalities-and-norms/MI-23/lean/verification/linux-2026-09-12/source/matrix-inequalities-and-norms/MI-23/lean/reviews/statement-referee-1-evidence/verdict.json
 create mode 100644 matrix-inequalities-and-norms/MI-23/lean/verification/linux-2026-09-12/source/matrix-inequalities-and-norms/MI-23/lean/reviews/statement-referee-1.md
 create mode 100644 matrix-inequalities-and-norms/MI-23/lean/verification/linux-2026-09-12/source/matrix-inequalities-and-norms/MI-23/lean/reviews/statement-referee-2-root-evidence/Inspect.lean
 create mode 100644 matrix-inequalities-and-norms/MI-23/lean/verification/linux-2026-09-12/source/matrix-inequalities-and-norms/MI-23/lean/reviews/statement-referee-2-root-evidence/challenge.log
 create mode 100644 matrix-inequalities-and-norms/MI-23/lean/verification/linux-2026-09-12/source/matrix-inequalities-and-norms/MI-23/lean/reviews/statement-referee-2-root-evidence/checks.json
 create mode 100644 matrix-inequalities-and-norms/MI-23/lean/verification/linux-2026-09-12/source/matrix-inequalities-and-norms/MI-23/lean/reviews/statement-referee-2-root-evidence/definitions.log
 create mode 100644 matrix-inequalities-and-norms/MI-23/lean/verification/linux-2026-09-12/source/matrix-inequalities-and-norms/MI-23/lean/reviews/statement-referee-2-root-evidence/evidence-manifest.json
 create mode 100644 matrix-inequalities-and-norms/MI-23/lean/verification/linux-2026-09-12/source/matrix-inequalities-and-norms/MI-23/lean/reviews/statement-referee-2-root-evidence/freeze-check.json
 create mode 100644 matrix-inequalities-and-norms/MI-23/lean/verification/linux-2026-09-12/source/matrix-inequalities-and-norms/MI-23/lean/reviews/statement-referee-2-root-evidence/inspection.log
 create mode 100644 matrix-inequalities-and-norms/MI-23/lean/verification/linux-2026-09-12/source/matrix-inequalities-and-norms/MI-23/lean/reviews/statement-referee-2-root-evidence/library-hashes.json
 create mode 100644 matrix-inequalities-and-norms/MI-23/lean/verification/linux-2026-09-12/source/matrix-inequalities-and-norms/MI-23/lean/reviews/statement-referee-2-root-evidence/rational-reconstruction.json
 create mode 100644 matrix-inequalities-and-norms/MI-23/lean/verification/linux-2026-09-12/source/matrix-inequalities-and-norms/MI-23/lean/reviews/statement-referee-2-root-evidence/rational_reconstruction.py
 create mode 100644 matrix-inequalities-and-norms/MI-23/lean/verification/linux-2026-09-12/source/matrix-inequalities-and-norms/MI-23/lean/reviews/statement-referee-2-root-evidence/root_statement_review.py
 create mode 100644 matrix-inequalities-and-norms/MI-23/lean/verification/linux-2026-09-12/source/matrix-inequalities-and-norms/MI-23/lean/reviews/statement-referee-2-root-evidence/semantic-instance-check.json
 create mode 100644 matrix-inequalities-and-norms/MI-23/lean/verification/linux-2026-09-12/source/matrix-inequalities-and-norms/MI-23/lean/reviews/statement-referee-2-root-evidence/source-identity.json
 create mode 100644 matrix-inequalities-and-norms/MI-23/lean/verification/linux-2026-09-12/source/matrix-inequalities-and-norms/MI-23/lean/reviews/statement-referee-2.md
 create mode 100644 matrix-inequalities-and-norms/MI-23/lean/verification/linux-2026-09-12/source/matrix-inequalities-and-norms/MI-23/lean/reviews/statement-review-request.md
 create mode 100644 matrix-inequalities-and-norms/MI-23/lean/verification/linux-2026-09-12/source/matrix-inequalities-and-norms/MI-23/lean/verification/linux-candidate-2026-09-12/CANDIDATE-HANDOFF.md
 create mode 100644 matrix-inequalities-and-norms/MI-23/lean/verification/linux-2026-09-12/source/matrix-inequalities-and-norms/MI-23/lean/verification/linux-candidate-2026-09-12/EVIDENCE-MANIFEST.json
 create mode 100644 matrix-inequalities-and-norms/MI-23/lean/verification/linux-2026-09-12/source/matrix-inequalities-and-norms/MI-23/lean/verification/linux-candidate-2026-09-12/dependencies.json
 create mode 100644 matrix-inequalities-and-norms/MI-23/lean/verification/linux-2026-09-12/source/matrix-inequalities-and-norms/MI-23/lean/verification/linux-candidate-2026-09-12/frozen-local-proof-README.md
 create mode 100644 matrix-inequalities-and-norms/MI-23/lean/verification/linux-2026-09-12/source/matrix-inequalities-and-norms/MI-23/lean/verification/linux-candidate-2026-09-12/inputs-before-packaging.json
 create mode 100644 matrix-inequalities-and-norms/MI-23/lean/verification/linux-2026-09-12/source/matrix-inequalities-and-norms/MI-23/lean/verification/linux-candidate-2026-09-12/metadata-validation.log
 create mode 100644 matrix-inequalities-and-norms/MI-23/lean/verification/linux-2026-09-12/source/matrix-inequalities-and-norms/MI-23/lean/verification/linux-candidate-2026-09-12/packaging-record.json
 create mode 100644 matrix-inequalities-and-norms/MI-23/lean/verification/linux-2026-09-12/source/matrix-inequalities-and-norms/MI-23/lean/verification/linux-candidate-2026-09-12/permanent-id-tests.log
 create mode 100644 matrix-inequalities-and-norms/MI-23/lean/verification/linux-2026-09-12/source/matrix-inequalities-and-norms/MI-23/lean/verification/linux-candidate-2026-09-12/permanent-ids.log
 create mode 100644 matrix-inequalities-and-norms/MI-23/lean/verification/linux-2026-09-12/source/matrix-inequalities-and-norms/MI-23/lean/verification/linux-candidate-2026-09-12/validate_package.py
 create mode 100644 matrix-inequalities-and-norms/MI-23/lean/verification/linux-2026-09-12/source/matrix-inequalities-and-norms/MI-23/lean/verification/root-linux-packaging.json
 create mode 100644 matrix-inequalities-and-norms/MI-23/lean/verification/linux-2026-09-12/source/matrix-inequalities-and-norms/MI-23/solution.md
 create mode 100644 matrix-inequalities-and-norms/MI-23/lean/verification/linux-2026-09-12/source/matrix-inequalities-and-norms/MI-23/solution.pdf
 create mode 100644 matrix-inequalities-and-norms/MI-23/lean/verification/linux-2026-09-12/source/matrix-inequalities-and-norms/MI-23/solution.tex
 create mode 100644 matrix-inequalities-and-norms/MI-23/lean/verification/linux-2026-09-12/source/sandbox_probe_ci.py
 create mode 100644 matrix-inequalities-and-norms/MI-23/lean/verification/linux-2026-09-12/source/tools/lean/bootstrap.sh
 create mode 100644 matrix-inequalities-and-norms/MI-23/lean/verification/linux-2026-09-12/source/tools/lean/harness.py
 create mode 100644 matrix-inequalities-and-norms/MI-23/lean/verification/linux-2026-09-12/source/tools/lean/selftest.sh
 create mode 100644 matrix-inequalities-and-norms/MI-23/lean/verification/linux-2026-09-12/source/tools/lean/source-lock.json
 create mode 100644 matrix-inequalities-and-norms/MI-23/lean/verification/linux-2026-09-12/source/tools/lean/verify.sh
 create mode 100644 matrix-inequalities-and-norms/MI-23/lean/verification/linux-2026-09-12/tool-source-verification.json
 create mode 100644 matrix-inequalities-and-norms/MI-23/lean/verification/linux-candidate-2026-09-12/CANDIDATE-HANDOFF.md
 create mode 100644 matrix-inequalities-and-norms/MI-23/lean/verification/linux-candidate-2026-09-12/EVIDENCE-MANIFEST.json
 create mode 100644 matrix-inequalities-and-norms/MI-23/lean/verification/linux-candidate-2026-09-12/dependencies.json
 create mode 100644 matrix-inequalities-and-norms/MI-23/lean/verification/linux-candidate-2026-09-12/frozen-local-proof-README.md
 create mode 100644 matrix-inequalities-and-norms/MI-23/lean/verification/linux-candidate-2026-09-12/inputs-before-packaging.json
 create mode 100644 matrix-inequalities-and-norms/MI-23/lean/verification/linux-candidate-2026-09-12/metadata-validation.log
 create mode 100644 matrix-inequalities-and-norms/MI-23/lean/verification/linux-candidate-2026-09-12/packaging-record.json
 create mode 100644 matrix-inequalities-and-norms/MI-23/lean/verification/linux-candidate-2026-09-12/permanent-id-tests.log
 create mode 100644 matrix-inequalities-and-norms/MI-23/lean/verification/linux-candidate-2026-09-12/permanent-ids.log
 create mode 100644 matrix-inequalities-and-norms/MI-23/lean/verification/linux-candidate-2026-09-12/validate_package.py
 create mode 100644 matrix-inequalities-and-norms/MI-23/lean/verification/publication-2026-09-12/EVIDENCE-MANIFEST.json
 create mode 100644 matrix-inequalities-and-norms/MI-23/lean/verification/publication-2026-09-12/INDEPENDENT-REVIEW.md
 create mode 100644 matrix-inequalities-and-norms/MI-23/lean/verification/publication-2026-09-12/PUBLICATION-REVIEW.md
 create mode 100644 matrix-inequalities-and-norms/MI-23/lean/verification/publication-2026-09-12/ROOT-CHECKS.json
 create mode 100644 matrix-inequalities-and-norms/MI-23/lean/verification/publication-2026-09-12/ROOT-MANIFEST.json
 create mode 100644 matrix-inequalities-and-norms/MI-23/lean/verification/publication-2026-09-12/before.json
 create mode 100644 matrix-inequalities-and-norms/MI-23/lean/verification/publication-2026-09-12/catalog.json
 create mode 100644 matrix-inequalities-and-norms/MI-23/lean/verification/publication-2026-09-12/catalog.log
 create mode 100644 matrix-inequalities-and-norms/MI-23/lean/verification/publication-2026-09-12/final-checks.json
 create mode 100644 matrix-inequalities-and-norms/MI-23/lean/verification/publication-2026-09-12/final-format.log
 create mode 100644 matrix-inequalities-and-norms/MI-23/lean/verification/publication-2026-09-12/finish.py
 create mode 100644 matrix-inequalities-and-norms/MI-23/lean/verification/publication-2026-09-12/format.json
 create mode 100644 matrix-inequalities-and-norms/MI-23/lean/verification/publication-2026-09-12/format.log
 create mode 100644 matrix-inequalities-and-norms/MI-23/lean/verification/publication-2026-09-12/id-tests.json
 create mode 100644 matrix-inequalities-and-norms/MI-23/lean/verification/publication-2026-09-12/id-tests.log
 create mode 100644 matrix-inequalities-and-norms/MI-23/lean/verification/publication-2026-09-12/integration.json
 create mode 100644 matrix-inequalities-and-norms/MI-23/lean/verification/publication-2026-09-12/integration.log
 create mode 100644 matrix-inequalities-and-norms/MI-23/lean/verification/publication-2026-09-12/integrity.json
 create mode 100644 matrix-inequalities-and-norms/MI-23/lean/verification/publication-2026-09-12/manifest.json
 create mode 100644 matrix-inequalities-and-norms/MI-23/lean/verification/publication-2026-09-12/manifest.log
 create mode 100644 matrix-inequalities-and-norms/MI-23/lean/verification/publication-2026-09-12/pdf-rasterization.json
 create mode 100644 matrix-inequalities-and-norms/MI-23/lean/verification/publication-2026-09-12/pdf-rasterization.log
 create mode 100644 matrix-inequalities-and-norms/MI-23/lean/verification/publication-2026-09-12/pdf-text.txt
 create mode 100644 matrix-inequalities-and-norms/MI-23/lean/verification/publication-2026-09-12/pdfinfo.log
 create mode 100644 matrix-inequalities-and-norms/MI-23/lean/verification/publication-2026-09-12/permanent-ids.json
 create mode 100644 matrix-inequalities-and-norms/MI-23/lean/verification/publication-2026-09-12/permanent-ids.log
 create mode 100644 matrix-inequalities-and-norms/MI-23/lean/verification/publication-2026-09-12/prepare.py
 create mode 100644 matrix-inequalities-and-norms/MI-23/lean/verification/publication-2026-09-12/render.json
 create mode 100644 matrix-inequalities-and-norms/MI-23/lean/verification/publication-2026-09-12/render.log
 create mode 100644 matrix-inequalities-and-norms/MI-23/lean/verification/publication-2026-09-12/root_publication_check.py
 create mode 100644 matrix-inequalities-and-norms/MI-23/lean/verification/publication-2026-09-12/scoped-diff-check.log
 create mode 100644 matrix-inequalities-and-norms/MI-23/lean/verification/publication-2026-09-12/visual-review.json
 create mode 100644 matrix-inequalities-and-norms/MI-23/lean/verification/root-linux-packaging.json
 create mode 100644 randomized-and-low-rank-approximation/RA-07/lean/.gitignore
 create mode 100644 randomized-and-low-rank-approximation/RA-07/lean/Challenge.lean
 create mode 100644 randomized-and-low-rank-approximation/RA-07/lean/LICENSE
 create mode 100644 randomized-and-low-rank-approximation/RA-07/lean/NLA/RA07/Algebra.lean
 create mode 100644 randomized-and-low-rank-approximation/RA-07/lean/NLA/RA07/Definitions.lean
 create mode 100644 randomized-and-low-rank-approximation/RA-07/lean/NLA/RA07/Proof.lean
 create mode 100644 randomized-and-low-rank-approximation/RA-07/lean/NLA/RA07/Roots.lean
 create mode 100644 randomized-and-low-rank-approximation/RA-07/lean/NLA/RA07/Sums.lean
 create mode 100644 randomized-and-low-rank-approximation/RA-07/lean/NUMERICAL_TARGETS.md
 create mode 100644 randomized-and-low-rank-approximation/RA-07/lean/README.md
 create mode 100644 randomized-and-low-rank-approximation/RA-07/lean/SOURCE_MAP.md
 create mode 100644 randomized-and-low-rank-approximation/RA-07/lean/Solution.lean
 create mode 100644 randomized-and-low-rank-approximation/RA-07/lean/comparator.json
 create mode 100644 randomized-and-low-rank-approximation/RA-07/lean/formalization.yaml
 create mode 100644 randomized-and-low-rank-approximation/RA-07/lean/lake-manifest.json
 create mode 100644 randomized-and-low-rank-approximation/RA-07/lean/lakefile.toml
 create mode 100644 randomized-and-low-rank-approximation/RA-07/lean/lean-toolchain
 create mode 100644 randomized-and-low-rank-approximation/RA-07/lean/reviews/InspectStatements.lean
 create mode 100644 randomized-and-low-rank-approximation/RA-07/lean/reviews/dependency-check.json
 create mode 100644 randomized-and-low-rank-approximation/RA-07/lean/reviews/exact-precheck.json
 create mode 100644 randomized-and-low-rank-approximation/RA-07/lean/reviews/exact_precheck.py
 create mode 100644 randomized-and-low-rank-approximation/RA-07/lean/reviews/proof-completion.md
 create mode 100644 randomized-and-low-rank-approximation/RA-07/lean/reviews/proof-referee-1.md
 create mode 100644 randomized-and-low-rank-approximation/RA-07/lean/reviews/proof-referee-2-root-evidence/Inspect.lean
 create mode 100644 randomized-and-low-rank-approximation/RA-07/lean/reviews/proof-referee-2-root-evidence/NLA-RA07-Algebra.log
 create mode 100644 randomized-and-low-rank-approximation/RA-07/lean/reviews/proof-referee-2-root-evidence/NLA-RA07-Definitions.log
 create mode 100644 randomized-and-low-rank-approximation/RA-07/lean/reviews/proof-referee-2-root-evidence/NLA-RA07-Proof.log
 create mode 100644 randomized-and-low-rank-approximation/RA-07/lean/reviews/proof-referee-2-root-evidence/NLA-RA07-Roots.log
 create mode 100644 randomized-and-low-rank-approximation/RA-07/lean/reviews/proof-referee-2-root-evidence/NLA-RA07-Sums.log
 create mode 100644 randomized-and-low-rank-approximation/RA-07/lean/reviews/proof-referee-2-root-evidence/Solution.log
 create mode 100644 randomized-and-low-rank-approximation/RA-07/lean/reviews/proof-referee-2-root-evidence/audit.json
 create mode 100644 randomized-and-low-rank-approximation/RA-07/lean/reviews/proof-referee-2-root-evidence/audit.py
 create mode 100644 randomized-and-low-rank-approximation/RA-07/lean/reviews/proof-referee-2-root-evidence/axioms.json
 create mode 100644 randomized-and-low-rank-approximation/RA-07/lean/reviews/proof-referee-2-root-evidence/dependencies.json
 create mode 100644 randomized-and-low-rank-approximation/RA-07/lean/reviews/proof-referee-2-root-evidence/execution.json
 create mode 100644 randomized-and-low-rank-approximation/RA-07/lean/reviews/proof-referee-2-root-evidence/fresh_review.py
 create mode 100644 randomized-and-low-rank-approximation/RA-07/lean/reviews/proof-referee-2-root-evidence/inspect_review.py
 create mode 100644 randomized-and-low-rank-approximation/RA-07/lean/reviews/proof-referee-2-root-evidence/inspection.json
 create mode 100644 randomized-and-low-rank-approximation/RA-07/lean/reviews/proof-referee-2-root-evidence/inspection.log
 create mode 100644 randomized-and-low-rank-approximation/RA-07/lean/reviews/proof-referee-2-root-evidence/manifest.json
 create mode 100644 randomized-and-low-rank-approximation/RA-07/lean/reviews/proof-referee-2-root-evidence/source-identity.json
 create mode 100644 randomized-and-low-rank-approximation/RA-07/lean/reviews/proof-referee-2.md
 create mode 100644 randomized-and-low-rank-approximation/RA-07/lean/reviews/source-identity.json
 create mode 100644 randomized-and-low-rank-approximation/RA-07/lean/reviews/statement-build-initial-result.json
 create mode 100644 randomized-and-low-rank-approximation/RA-07/lean/reviews/statement-build-initial.log
 create mode 100644 randomized-and-low-rank-approximation/RA-07/lean/reviews/statement-build-result.json
 create mode 100644 randomized-and-low-rank-approximation/RA-07/lean/reviews/statement-build.log
 create mode 100644 randomized-and-low-rank-approximation/RA-07/lean/reviews/statement-freeze.json
 create mode 100644 randomized-and-low-rank-approximation/RA-07/lean/reviews/statement-inspection.log
 create mode 100644 randomized-and-low-rank-approximation/RA-07/lean/reviews/statement-referee-1-evidence/Inspect.lean
 create mode 100644 randomized-and-low-rank-approximation/RA-07/lean/reviews/statement-referee-1-evidence/challenge-source.log
 create mode 100644 randomized-and-low-rank-approximation/RA-07/lean/reviews/statement-referee-1-evidence/definitions-source.log
 create mode 100644 randomized-and-low-rank-approximation/RA-07/lean/reviews/statement-referee-1-evidence/exact-diagnostic.json
 create mode 100644 randomized-and-low-rank-approximation/RA-07/lean/reviews/statement-referee-1-evidence/exact_diagnostic.py
 create mode 100644 randomized-and-low-rank-approximation/RA-07/lean/reviews/statement-referee-1-evidence/execution.json
 create mode 100644 randomized-and-low-rank-approximation/RA-07/lean/reviews/statement-referee-1-evidence/inspection.log
 create mode 100644 randomized-and-low-rank-approximation/RA-07/lean/reviews/statement-referee-1-evidence/review-result.json
 create mode 100644 randomized-and-low-rank-approximation/RA-07/lean/reviews/statement-referee-1-evidence/source-integrity.json
 create mode 100644 randomized-and-low-rank-approximation/RA-07/lean/reviews/statement-referee-1.md
 create mode 100644 randomized-and-low-rank-approximation/RA-07/lean/reviews/statement-referee-2-root-evidence/Inspect.lean
 create mode 100644 randomized-and-low-rank-approximation/RA-07/lean/reviews/statement-referee-2-root-evidence/challenge.log
 create mode 100644 randomized-and-low-rank-approximation/RA-07/lean/reviews/statement-referee-2-root-evidence/checks.json
 create mode 100644 randomized-and-low-rank-approximation/RA-07/lean/reviews/statement-referee-2-root-evidence/definitions.log
 create mode 100644 randomized-and-low-rank-approximation/RA-07/lean/reviews/statement-referee-2-root-evidence/evidence-manifest.json
 create mode 100644 randomized-and-low-rank-approximation/RA-07/lean/reviews/statement-referee-2-root-evidence/freeze-check.json
 create mode 100644 randomized-and-low-rank-approximation/RA-07/lean/reviews/statement-referee-2-root-evidence/inspection.log
 create mode 100644 randomized-and-low-rank-approximation/RA-07/lean/reviews/statement-referee-2-root-evidence/library-hashes.json
 create mode 100644 randomized-and-low-rank-approximation/RA-07/lean/reviews/statement-referee-2-root-evidence/rational_checks.json
 create mode 100644 randomized-and-low-rank-approximation/RA-07/lean/reviews/statement-referee-2-root-evidence/rational_checks.py
 create mode 100644 randomized-and-low-rank-approximation/RA-07/lean/reviews/statement-referee-2-root-evidence/root_statement_review.py
 create mode 100644 randomized-and-low-rank-approximation/RA-07/lean/reviews/statement-referee-2-root-evidence/source-identity.json
 create mode 100644 randomized-and-low-rank-approximation/RA-07/lean/reviews/statement-referee-2.md
 create mode 100644 randomized-and-low-rank-approximation/RA-07/lean/verification/InspectProof.lean
 create mode 100644 randomized-and-low-rank-approximation/RA-07/lean/verification/algebra.log
 create mode 100644 randomized-and-low-rank-approximation/RA-07/lean/verification/axiom-audit.json
 create mode 100644 randomized-and-low-rank-approximation/RA-07/lean/verification/challenge.log
 create mode 100644 randomized-and-low-rank-approximation/RA-07/lean/verification/definitions.log
 create mode 100644 randomized-and-low-rank-approximation/RA-07/lean/verification/dependencies.json
 create mode 100644 randomized-and-low-rank-approximation/RA-07/lean/verification/final-referee-1/Inspect.lean
 create mode 100644 randomized-and-low-rank-approximation/RA-07/lean/verification/final-referee-1/algebra.log
 create mode 100644 randomized-and-low-rank-approximation/RA-07/lean/verification/final-referee-1/axiom-audit.json
 create mode 100644 randomized-and-low-rank-approximation/RA-07/lean/verification/final-referee-1/challenge.log
 create mode 100644 randomized-and-low-rank-approximation/RA-07/lean/verification/final-referee-1/definitions.log
 create mode 100644 randomized-and-low-rank-approximation/RA-07/lean/verification/final-referee-1/dependencies.json
 create mode 100644 randomized-and-low-rank-approximation/RA-07/lean/verification/final-referee-1/evidence-manifest.json
 create mode 100644 randomized-and-low-rank-approximation/RA-07/lean/verification/final-referee-1/exact_checks.json
 create mode 100644 randomized-and-low-rank-approximation/RA-07/lean/verification/final-referee-1/exact_checks.py
 create mode 100644 randomized-and-low-rank-approximation/RA-07/lean/verification/final-referee-1/fresh-checks.json
 create mode 100644 randomized-and-low-rank-approximation/RA-07/lean/verification/final-referee-1/fresh_check.py
 create mode 100644 randomized-and-low-rank-approximation/RA-07/lean/verification/final-referee-1/inputs-after.json
 create mode 100644 randomized-and-low-rank-approximation/RA-07/lean/verification/final-referee-1/inputs-before.json
 create mode 100644 randomized-and-low-rank-approximation/RA-07/lean/verification/final-referee-1/inspection.log
 create mode 100644 randomized-and-low-rank-approximation/RA-07/lean/verification/final-referee-1/library-source-hashes.json
 create mode 100644 randomized-and-low-rank-approximation/RA-07/lean/verification/final-referee-1/proof.log
 create mode 100644 randomized-and-low-rank-approximation/RA-07/lean/verification/final-referee-1/roots.log
 create mode 100644 randomized-and-low-rank-approximation/RA-07/lean/verification/final-referee-1/solution.log
 create mode 100644 randomized-and-low-rank-approximation/RA-07/lean/verification/final-referee-1/source-audit.json
 create mode 100644 randomized-and-low-rank-approximation/RA-07/lean/verification/final-referee-1/sums.log
 create mode 100644 randomized-and-low-rank-approximation/RA-07/lean/verification/final_check.py
 create mode 100644 randomized-and-low-rank-approximation/RA-07/lean/verification/fresh-checks.json
 create mode 100644 randomized-and-low-rank-approximation/RA-07/lean/verification/inputs-after.json
 create mode 100644 randomized-and-low-rank-approximation/RA-07/lean/verification/inputs-before.json
 create mode 100644 randomized-and-low-rank-approximation/RA-07/lean/verification/inspection.log
 create mode 100644 randomized-and-low-rank-approximation/RA-07/lean/verification/library-source-hashes.json
 create mode 100644 randomized-and-low-rank-approximation/RA-07/lean/verification/linux-2026-09-12/EVIDENCE-MANIFEST.json
 create mode 100644 randomized-and-low-rank-approximation/RA-07/lean/verification/linux-2026-09-12/FETCH-IDENTITY.json
 create mode 100644 randomized-and-low-rank-approximation/RA-07/lean/verification/linux-2026-09-12/OPERATIONAL-REVIEW.md
 create mode 100644 randomized-and-low-rank-approximation/RA-07/lean/verification/linux-2026-09-12/artifact-metadata-final.json
 create mode 100644 randomized-and-low-rank-approximation/RA-07/lean/verification/linux-2026-09-12/artifact-metadata.json
 create mode 100644 randomized-and-low-rank-approximation/RA-07/lean/verification/linux-2026-09-12/artifacts/lean-RA-07/bootstrap/comparator-build.log
 create mode 100644 randomized-and-low-rank-approximation/RA-07/lean/verification/linux-2026-09-12/artifacts/lean-RA-07/bootstrap/elan.log
 create mode 100644 randomized-and-low-rank-approximation/RA-07/lean/verification/linux-2026-09-12/artifacts/lean-RA-07/bootstrap/landrun-build.log
 create mode 100644 randomized-and-low-rank-approximation/RA-07/lean/verification/linux-2026-09-12/artifacts/lean-RA-07/verify-20260912T195642Z-4213/comparator-controls.log
 create mode 100644 randomized-and-low-rank-approximation/RA-07/lean/verification/linux-2026-09-12/artifacts/lean-RA-07/verify-20260912T195642Z-4213/comparator.log
 create mode 100644 randomized-and-low-rank-approximation/RA-07/lean/verification/linux-2026-09-12/artifacts/lean-RA-07/verify-20260912T195642Z-4213/dependencies.log
 create mode 100644 randomized-and-low-rank-approximation/RA-07/lean/verification/linux-2026-09-12/artifacts/lean-RA-07/verify-20260912T195642Z-4213/kernel-controls.log
 create mode 100644 randomized-and-low-rank-approximation/RA-07/lean/verification/linux-2026-09-12/artifacts/lean-RA-07/verify-20260912T195642Z-4213/mathlib-cache.log
 create mode 100644 randomized-and-low-rank-approximation/RA-07/lean/verification/linux-2026-09-12/artifacts/lean-RA-07/verify-20260912T195642Z-4213/negative-native.log
 create mode 100644 randomized-and-low-rank-approximation/RA-07/lean/verification/linux-2026-09-12/artifacts/lean-RA-07/verify-20260912T195642Z-4213/negative-sorry.log
 create mode 100644 randomized-and-low-rank-approximation/RA-07/lean/verification/linux-2026-09-12/artifacts/lean-RA-07/verify-20260912T195642Z-4213/result.json
 create mode 100644 randomized-and-low-rank-approximation/RA-07/lean/verification/linux-2026-09-12/artifacts/lean-RA-07/verify-20260912T195642Z-4213/sandbox.log
 create mode 100644 randomized-and-low-rank-approximation/RA-07/lean/verification/linux-2026-09-12/artifacts/lean-RA-07/verify-20260912T195642Z-4213/user-service.log
 create mode 100644 randomized-and-low-rank-approximation/RA-07/lean/verification/linux-2026-09-12/artifacts/lean-checker-controls/bootstrap/comparator-build.log
 create mode 100644 randomized-and-low-rank-approximation/RA-07/lean/verification/linux-2026-09-12/artifacts/lean-checker-controls/bootstrap/elan.log
 create mode 100644 randomized-and-low-rank-approximation/RA-07/lean/verification/linux-2026-09-12/artifacts/lean-checker-controls/bootstrap/landrun-build.log
 create mode 100644 randomized-and-low-rank-approximation/RA-07/lean/verification/linux-2026-09-12/artifacts/lean-checker-controls/selftest-20260912T195637Z-3943/comparator-controls.log
 create mode 100644 randomized-and-low-rank-approximation/RA-07/lean/verification/linux-2026-09-12/artifacts/lean-checker-controls/selftest-20260912T195637Z-3943/kernel-controls.log
 create mode 100644 randomized-and-low-rank-approximation/RA-07/lean/verification/linux-2026-09-12/artifacts/lean-checker-controls/selftest-20260912T195637Z-3943/negative-native.log
 create mode 100644 randomized-and-low-rank-approximation/RA-07/lean/verification/linux-2026-09-12/artifacts/lean-checker-controls/selftest-20260912T195637Z-3943/negative-sorry.log
 create mode 100644 randomized-and-low-rank-approximation/RA-07/lean/verification/linux-2026-09-12/artifacts/lean-checker-controls/selftest-20260912T195637Z-3943/result.json
 create mode 100644 randomized-and-low-rank-approximation/RA-07/lean/verification/linux-2026-09-12/artifacts/lean-checker-controls/selftest-20260912T195637Z-3943/sandbox.log
 create mode 100644 randomized-and-low-rank-approximation/RA-07/lean/verification/linux-2026-09-12/artifacts/lean-checker-controls/selftest-20260912T195637Z-3943/user-service.log
 create mode 100644 randomized-and-low-rank-approximation/RA-07/lean/verification/linux-2026-09-12/audit-execution.json
 create mode 100644 randomized-and-low-rank-approximation/RA-07/lean/verification/linux-2026-09-12/audit_checks.py
 create mode 100644 randomized-and-low-rank-approximation/RA-07/lean/verification/linux-2026-09-12/axiom-verification.json
 create mode 100644 randomized-and-low-rank-approximation/RA-07/lean/verification/linux-2026-09-12/control-verification.json
 create mode 100644 randomized-and-low-rank-approximation/RA-07/lean/verification/linux-2026-09-12/fetch_artifacts.py
 create mode 100644 randomized-and-low-rank-approximation/RA-07/lean/verification/linux-2026-09-12/finalize_remote.py
 create mode 100644 randomized-and-low-rank-approximation/RA-07/lean/verification/linux-2026-09-12/identity-verification.json
 create mode 100644 randomized-and-low-rank-approximation/RA-07/lean/verification/linux-2026-09-12/job-103612054026.log
 create mode 100644 randomized-and-low-rank-approximation/RA-07/lean/verification/linux-2026-09-12/job-103612082819.log
 create mode 100644 randomized-and-low-rank-approximation/RA-07/lean/verification/linux-2026-09-12/job-103612082888.log
 create mode 100644 randomized-and-low-rank-approximation/RA-07/lean/verification/linux-2026-09-12/jobs-at-fetch.json
 create mode 100644 randomized-and-low-rank-approximation/RA-07/lean/verification/linux-2026-09-12/jobs.json
 create mode 100644 randomized-and-low-rank-approximation/RA-07/lean/verification/linux-2026-09-12/lean-RA-07.zip
 create mode 100644 randomized-and-low-rank-approximation/RA-07/lean/verification/linux-2026-09-12/lean-checker-controls.zip
 create mode 100644 randomized-and-low-rank-approximation/RA-07/lean/verification/linux-2026-09-12/run-metadata-at-fetch.json
 create mode 100644 randomized-and-low-rank-approximation/RA-07/lean/verification/linux-2026-09-12/run-metadata.json
 create mode 100644 randomized-and-low-rank-approximation/RA-07/lean/verification/linux-2026-09-12/source/.github/workflows/lean-verification.yml
 create mode 100644 randomized-and-low-rank-approximation/RA-07/lean/verification/linux-2026-09-12/source/forsythe/.tools/comparator/Comparator.lean
 create mode 100644 randomized-and-low-rank-approximation/RA-07/lean/verification/linux-2026-09-12/source/forsythe/.tools/comparator/Comparator/Axioms.lean
 create mode 100644 randomized-and-low-rank-approximation/RA-07/lean/verification/linux-2026-09-12/source/forsythe/.tools/comparator/Comparator/Compare.lean
 create mode 100644 randomized-and-low-rank-approximation/RA-07/lean/verification/linux-2026-09-12/source/forsythe/.tools/comparator/Comparator/Util.lean
 create mode 100644 randomized-and-low-rank-approximation/RA-07/lean/verification/linux-2026-09-12/source/forsythe/.tools/comparator/LICENSE
 create mode 100644 randomized-and-low-rank-approximation/RA-07/lean/verification/linux-2026-09-12/source/forsythe/.tools/comparator/Main.lean
 create mode 100644 randomized-and-low-rank-approximation/RA-07/lean/verification/linux-2026-09-12/source/forsythe/.tools/comparator/lake-manifest.json
 create mode 100644 randomized-and-low-rank-approximation/RA-07/lean/verification/linux-2026-09-12/source/forsythe/.tools/comparator/lakefile.toml
 create mode 100644 randomized-and-low-rank-approximation/RA-07/lean/verification/linux-2026-09-12/source/forsythe/.tools/comparator/lean-toolchain
 create mode 100644 randomized-and-low-rank-approximation/RA-07/lean/verification/linux-2026-09-12/source/forsythe/.tools/comparator/runtests.lean
 create mode 100644 randomized-and-low-rank-approximation/RA-07/lean/verification/linux-2026-09-12/source/forsythe/.tools/comparator/tests/projects/simple_axiom_issue/Challenge.lean
 create mode 100644 randomized-and-low-rank-approximation/RA-07/lean/verification/linux-2026-09-12/source/forsythe/.tools/comparator/tests/projects/simple_axiom_issue/Solution.lean
 create mode 100644 randomized-and-low-rank-approximation/RA-07/lean/verification/linux-2026-09-12/source/forsythe/.tools/comparator/tests/projects/simple_axiom_issue/config.json
 create mode 100644 randomized-and-low-rank-approximation/RA-07/lean/verification/linux-2026-09-12/source/forsythe/.tools/comparator/tests/projects/simple_axiom_issue/test.json
 create mode 100644 randomized-and-low-rank-approximation/RA-07/lean/verification/linux-2026-09-12/source/forsythe/.tools/comparator/tests/projects/simple_kind_mismatch/Challenge.lean
 create mode 100644 randomized-and-low-rank-approximation/RA-07/lean/verification/linux-2026-09-12/source/forsythe/.tools/comparator/tests/projects/simple_kind_mismatch/Solution.lean
 create mode 100644 randomized-and-low-rank-approximation/RA-07/lean/verification/linux-2026-09-12/source/forsythe/.tools/comparator/tests/projects/simple_kind_mismatch/config.json
 create mode 100644 randomized-and-low-rank-approximation/RA-07/lean/verification/linux-2026-09-12/source/forsythe/.tools/comparator/tests/projects/simple_kind_mismatch/test.json
 create mode 100644 randomized-and-low-rank-approximation/RA-07/lean/verification/linux-2026-09-12/source/forsythe/.tools/comparator/tests/projects/simple_match/Challenge.lean
 create mode 100644 randomized-and-low-rank-approximation/RA-07/lean/verification/linux-2026-09-12/source/forsythe/.tools/comparator/tests/projects/simple_match/Solution.lean
 create mode 100644 randomized-and-low-rank-approximation/RA-07/lean/verification/linux-2026-09-12/source/forsythe/.tools/comparator/tests/projects/simple_match/config.json
 create mode 100644 randomized-and-low-rank-approximation/RA-07/lean/verification/linux-2026-09-12/source/forsythe/.tools/comparator/tests/projects/simple_match/test.json
 create mode 100644 randomized-and-low-rank-approximation/RA-07/lean/verification/linux-2026-09-12/source/forsythe/.tools/comparator/tests/projects/simple_mismatch/Challenge.lean
 create mode 100644 randomized-and-low-rank-approximation/RA-07/lean/verification/linux-2026-09-12/source/forsythe/.tools/comparator/tests/projects/simple_mismatch/Solution.lean
 create mode 100644 randomized-and-low-rank-approximation/RA-07/lean/verification/linux-2026-09-12/source/forsythe/.tools/comparator/tests/projects/simple_mismatch/config.json
 create mode 100644 randomized-and-low-rank-approximation/RA-07/lean/verification/linux-2026-09-12/source/forsythe/.tools/comparator/tests/projects/simple_mismatch/test.json
 create mode 100644 randomized-and-low-rank-approximation/RA-07/lean/verification/linux-2026-09-12/source/forsythe/.tools/landrun/LICENSE
 create mode 100644 randomized-and-low-rank-approximation/RA-07/lean/verification/linux-2026-09-12/source/forsythe/.tools/landrun/cmd/landrun/main.go
 create mode 100644 randomized-and-low-rank-approximation/RA-07/lean/verification/linux-2026-09-12/source/forsythe/.tools/landrun/cmd/landrun/main_test.go
 create mode 100644 randomized-and-low-rank-approximation/RA-07/lean/verification/linux-2026-09-12/source/forsythe/.tools/landrun/go.mod
 create mode 100644 randomized-and-low-rank-approximation/RA-07/lean/verification/linux-2026-09-12/source/forsythe/.tools/landrun/go.sum
 create mode 100644 randomized-and-low-rank-approximation/RA-07/lean/verification/linux-2026-09-12/source/forsythe/.tools/landrun/internal/elfdeps/elfdeps.go
 create mode 100644 randomized-and-low-rank-approximation/RA-07/lean/verification/linux-2026-09-12/source/forsythe/.tools/landrun/internal/elfdeps/elfdeps_test.go
 create mode 100644 randomized-and-low-rank-approximation/RA-07/lean/verification/linux-2026-09-12/source/forsythe/.tools/landrun/internal/elfdeps/testdata/liba.c
 create mode 100644 randomized-and-low-rank-approximation/RA-07/lean/verification/linux-2026-09-12/source/forsythe/.tools/landrun/internal/elfdeps/testdata/libb.c
 create mode 100644 randomized-and-low-rank-approximation/RA-07/lean/verification/linux-2026-09-12/source/forsythe/.tools/landrun/internal/elfdeps/testdata/main.c
 create mode 100644 randomized-and-low-rank-approximation/RA-07/lean/verification/linux-2026-09-12/source/forsythe/.tools/landrun/internal/exec/runner.go
 create mode 100644 randomized-and-low-rank-approximation/RA-07/lean/verification/linux-2026-09-12/source/forsythe/.tools/landrun/internal/log/log.go
 create mode 100644 randomized-and-low-rank-approximation/RA-07/lean/verification/linux-2026-09-12/source/forsythe/.tools/landrun/internal/log/log_test.go
 create mode 100644 randomized-and-low-rank-approximation/RA-07/lean/verification/linux-2026-09-12/source/forsythe/.tools/landrun/internal/sandbox/sandbox.go
 create mode 100644 randomized-and-low-rank-approximation/RA-07/lean/verification/linux-2026-09-12/source/forsythe/.tools/landrun/internal/sandbox/sandbox_test.go
 create mode 100644 randomized-and-low-rank-approximation/RA-07/lean/verification/linux-2026-09-12/source/forsythe/.tools/lean4export/Export.lean
 create mode 100644 randomized-and-low-rank-approximation/RA-07/lean/verification/linux-2026-09-12/source/forsythe/.tools/lean4export/Export/Parse.lean
 create mode 100644 randomized-and-low-rank-approximation/RA-07/lean/verification/linux-2026-09-12/source/forsythe/.tools/lean4export/LICENSE
 create mode 100644 randomized-and-low-rank-approximation/RA-07/lean/verification/linux-2026-09-12/source/forsythe/.tools/lean4export/Main.lean
 create mode 100644 randomized-and-low-rank-approximation/RA-07/lean/verification/linux-2026-09-12/source/forsythe/.tools/lean4export/Test.lean
 create mode 100644 randomized-and-low-rank-approximation/RA-07/lean/verification/linux-2026-09-12/source/forsythe/.tools/lean4export/format_ndjson.md
 create mode 100644 randomized-and-low-rank-approximation/RA-07/lean/verification/linux-2026-09-12/source/forsythe/.tools/lean4export/lake-manifest.json
 create mode 100644 randomized-and-low-rank-approximation/RA-07/lean/verification/linux-2026-09-12/source/forsythe/.tools/lean4export/lakefile.toml
 create mode 100644 randomized-and-low-rank-approximation/RA-07/lean/verification/linux-2026-09-12/source/forsythe/.tools/lean4export/lean-toolchain
 create mode 100644 randomized-and-low-rank-approximation/RA-07/lean/verification/linux-2026-09-12/source/forsythe/LICENSE
 create mode 100644 randomized-and-low-rank-approximation/RA-07/lean/verification/linux-2026-09-12/source/forsythe/lean-toolchain
 create mode 100644 randomized-and-low-rank-approximation/RA-07/lean/verification/linux-2026-09-12/source/forsythe/reproduction/checks/PinnedReplayProbe.lean
 create mode 100644 randomized-and-low-rank-approximation/RA-07/lean/verification/linux-2026-09-12/source/forsythe/reproduction/checks/comparator_regressions.py
 create mode 100644 randomized-and-low-rank-approximation/RA-07/lean/verification/linux-2026-09-12/source/forsythe/reproduction/checks/run_replay.sh
 create mode 100644 randomized-and-low-rank-approximation/RA-07/lean/verification/linux-2026-09-12/source/forsythe/reproduction/checks/sandbox_probe.py
 create mode 100644 randomized-and-low-rank-approximation/RA-07/lean/verification/linux-2026-09-12/source/forsythe/scripts/comparator-lean-4.33.1.patch
 create mode 100644 randomized-and-low-rank-approximation/RA-07/lean/verification/linux-2026-09-12/source/forsythe/scripts/strict_landrun.py
 create mode 100644 randomized-and-low-rank-approximation/RA-07/lean/verification/linux-2026-09-12/source/git-commit.txt
 create mode 100644 randomized-and-low-rank-approximation/RA-07/lean/verification/linux-2026-09-12/source/git-project-tree.txt
 create mode 100644 randomized-and-low-rank-approximation/RA-07/lean/verification/linux-2026-09-12/source/randomized-and-low-rank-approximation/RA-07/README.md
 create mode 100644 randomized-and-low-rank-approximation/RA-07/lean/verification/linux-2026-09-12/source/randomized-and-low-rank-approximation/RA-07/lean/.gitignore
 create mode 100644 randomized-and-low-rank-approximation/RA-07/lean/verification/linux-2026-09-12/source/randomized-and-low-rank-approximation/RA-07/lean/Challenge.lean
 create mode 100644 randomized-and-low-rank-approximation/RA-07/lean/verification/linux-2026-09-12/source/randomized-and-low-rank-approximation/RA-07/lean/LICENSE
 create mode 100644 randomized-and-low-rank-approximation/RA-07/lean/verification/linux-2026-09-12/source/randomized-and-low-rank-approximation/RA-07/lean/NLA/RA07/Algebra.lean
 create mode 100644 randomized-and-low-rank-approximation/RA-07/lean/verification/linux-2026-09-12/source/randomized-and-low-rank-approximation/RA-07/lean/NLA/RA07/Definitions.lean
 create mode 100644 randomized-and-low-rank-approximation/RA-07/lean/verification/linux-2026-09-12/source/randomized-and-low-rank-approximation/RA-07/lean/NLA/RA07/Proof.lean
 create mode 100644 randomized-and-low-rank-approximation/RA-07/lean/verification/linux-2026-09-12/source/randomized-and-low-rank-approximation/RA-07/lean/NLA/RA07/Roots.lean
 create mode 100644 randomized-and-low-rank-approximation/RA-07/lean/verification/linux-2026-09-12/source/randomized-and-low-rank-approximation/RA-07/lean/NLA/RA07/Sums.lean
 create mode 100644 randomized-and-low-rank-approximation/RA-07/lean/verification/linux-2026-09-12/source/randomized-and-low-rank-approximation/RA-07/lean/NUMERICAL_TARGETS.md
 create mode 100644 randomized-and-low-rank-approximation/RA-07/lean/verification/linux-2026-09-12/source/randomized-and-low-rank-approximation/RA-07/lean/README.md
 create mode 100644 randomized-and-low-rank-approximation/RA-07/lean/verification/linux-2026-09-12/source/randomized-and-low-rank-approximation/RA-07/lean/SOURCE_MAP.md
 create mode 100644 randomized-and-low-rank-approximation/RA-07/lean/verification/linux-2026-09-12/source/randomized-and-low-rank-approximation/RA-07/lean/Solution.lean
 create mode 100644 randomized-and-low-rank-approximation/RA-07/lean/verification/linux-2026-09-12/source/randomized-and-low-rank-approximation/RA-07/lean/comparator.json
 create mode 100644 randomized-and-low-rank-approximation/RA-07/lean/verification/linux-2026-09-12/source/randomized-and-low-rank-approximation/RA-07/lean/formalization.yaml
 create mode 100644 randomized-and-low-rank-approximation/RA-07/lean/verification/linux-2026-09-12/source/randomized-and-low-rank-approximation/RA-07/lean/lake-manifest.json
 create mode 100644 randomized-and-low-rank-approximation/RA-07/lean/verification/linux-2026-09-12/source/randomized-and-low-rank-approximation/RA-07/lean/lakefile.toml
 create mode 100644 randomized-and-low-rank-approximation/RA-07/lean/verification/linux-2026-09-12/source/randomized-and-low-rank-approximation/RA-07/lean/lean-toolchain
 create mode 100644 randomized-and-low-rank-approximation/RA-07/lean/verification/linux-2026-09-12/source/randomized-and-low-rank-approximation/RA-07/lean/reviews/InspectStatements.lean
 create mode 100644 randomized-and-low-rank-approximation/RA-07/lean/verification/linux-2026-09-12/source/randomized-and-low-rank-approximation/RA-07/lean/reviews/dependency-check.json
 create mode 100644 randomized-and-low-rank-approximation/RA-07/lean/verification/linux-2026-09-12/source/randomized-and-low-rank-approximation/RA-07/lean/reviews/exact-precheck.json
 create mode 100644 randomized-and-low-rank-approximation/RA-07/lean/verification/linux-2026-09-12/source/randomized-and-low-rank-approximation/RA-07/lean/reviews/exact_precheck.py
 create mode 100644 randomized-and-low-rank-approximation/RA-07/lean/verification/linux-2026-09-12/source/randomized-and-low-rank-approximation/RA-07/lean/reviews/proof-completion.md
 create mode 100644 randomized-and-low-rank-approximation/RA-07/lean/verification/linux-2026-09-12/source/randomized-and-low-rank-approximation/RA-07/lean/reviews/proof-referee-1.md
 create mode 100644 randomized-and-low-rank-approximation/RA-07/lean/verification/linux-2026-09-12/source/randomized-and-low-rank-approximation/RA-07/lean/reviews/proof-referee-2-root-evidence/Inspect.lean
 create mode 100644 randomized-and-low-rank-approximation/RA-07/lean/verification/linux-2026-09-12/source/randomized-and-low-rank-approximation/RA-07/lean/reviews/proof-referee-2-root-evidence/NLA-RA07-Algebra.log
 create mode 100644 randomized-and-low-rank-approximation/RA-07/lean/verification/linux-2026-09-12/source/randomized-and-low-rank-approximation/RA-07/lean/reviews/proof-referee-2-root-evidence/NLA-RA07-Definitions.log
 create mode 100644 randomized-and-low-rank-approximation/RA-07/lean/verification/linux-2026-09-12/source/randomized-and-low-rank-approximation/RA-07/lean/reviews/proof-referee-2-root-evidence/NLA-RA07-Proof.log
 create mode 100644 randomized-and-low-rank-approximation/RA-07/lean/verification/linux-2026-09-12/source/randomized-and-low-rank-approximation/RA-07/lean/reviews/proof-referee-2-root-evidence/NLA-RA07-Roots.log
 create mode 100644 randomized-and-low-rank-approximation/RA-07/lean/verification/linux-2026-09-12/source/randomized-and-low-rank-approximation/RA-07/lean/reviews/proof-referee-2-root-evidence/NLA-RA07-Sums.log
 create mode 100644 randomized-and-low-rank-approximation/RA-07/lean/verification/linux-2026-09-12/source/randomized-and-low-rank-approximation/RA-07/lean/reviews/proof-referee-2-root-evidence/Solution.log
 create mode 100644 randomized-and-low-rank-approximation/RA-07/lean/verification/linux-2026-09-12/source/randomized-and-low-rank-approximation/RA-07/lean/reviews/proof-referee-2-root-evidence/audit.json
 create mode 100644 randomized-and-low-rank-approximation/RA-07/lean/verification/linux-2026-09-12/source/randomized-and-low-rank-approximation/RA-07/lean/reviews/proof-referee-2-root-evidence/audit.py
 create mode 100644 randomized-and-low-rank-approximation/RA-07/lean/verification/linux-2026-09-12/source/randomized-and-low-rank-approximation/RA-07/lean/reviews/proof-referee-2-root-evidence/axioms.json
 create mode 100644 randomized-and-low-rank-approximation/RA-07/lean/verification/linux-2026-09-12/source/randomized-and-low-rank-approximation/RA-07/lean/reviews/proof-referee-2-root-evidence/dependencies.json
 create mode 100644 randomized-and-low-rank-approximation/RA-07/lean/verification/linux-2026-09-12/source/randomized-and-low-rank-approximation/RA-07/lean/reviews/proof-referee-2-root-evidence/execution.json
 create mode 100644 randomized-and-low-rank-approximation/RA-07/lean/verification/linux-2026-09-12/source/randomized-and-low-rank-approximation/RA-07/lean/reviews/proof-referee-2-root-evidence/fresh_review.py
 create mode 100644 randomized-and-low-rank-approximation/RA-07/lean/verification/linux-2026-09-12/source/randomized-and-low-rank-approximation/RA-07/lean/reviews/proof-referee-2-root-evidence/inspect_review.py
 create mode 100644 randomized-and-low-rank-approximation/RA-07/lean/verification/linux-2026-09-12/source/randomized-and-low-rank-approximation/RA-07/lean/reviews/proof-referee-2-root-evidence/inspection.json
 create mode 100644 randomized-and-low-rank-approximation/RA-07/lean/verification/linux-2026-09-12/source/randomized-and-low-rank-approximation/RA-07/lean/reviews/proof-referee-2-root-evidence/inspection.log
 create mode 100644 randomized-and-low-rank-approximation/RA-07/lean/verification/linux-2026-09-12/source/randomized-and-low-rank-approximation/RA-07/lean/reviews/proof-referee-2-root-evidence/manifest.json
 create mode 100644 randomized-and-low-rank-approximation/RA-07/lean/verification/linux-2026-09-12/source/randomized-and-low-rank-approximation/RA-07/lean/reviews/proof-referee-2-root-evidence/source-identity.json
 create mode 100644 randomized-and-low-rank-approximation/RA-07/lean/verification/linux-2026-09-12/source/randomized-and-low-rank-approximation/RA-07/lean/reviews/proof-referee-2.md
 create mode 100644 randomized-and-low-rank-approximation/RA-07/lean/verification/linux-2026-09-12/source/randomized-and-low-rank-approximation/RA-07/lean/reviews/source-identity.json
 create mode 100644 randomized-and-low-rank-approximation/RA-07/lean/verification/linux-2026-09-12/source/randomized-and-low-rank-approximation/RA-07/lean/reviews/statement-build-initial-result.json
 create mode 100644 randomized-and-low-rank-approximation/RA-07/lean/verification/linux-2026-09-12/source/randomized-and-low-rank-approximation/RA-07/lean/reviews/statement-build-initial.log
 create mode 100644 randomized-and-low-rank-approximation/RA-07/lean/verification/linux-2026-09-12/source/randomized-and-low-rank-approximation/RA-07/lean/reviews/statement-build-result.json
 create mode 100644 randomized-and-low-rank-approximation/RA-07/lean/verification/linux-2026-09-12/source/randomized-and-low-rank-approximation/RA-07/lean/reviews/statement-build.log
 create mode 100644 randomized-and-low-rank-approximation/RA-07/lean/verification/linux-2026-09-12/source/randomized-and-low-rank-approximation/RA-07/lean/reviews/statement-freeze.json
 create mode 100644 randomized-and-low-rank-approximation/RA-07/lean/verification/linux-2026-09-12/source/randomized-and-low-rank-approximation/RA-07/lean/reviews/statement-inspection.log
 create mode 100644 randomized-and-low-rank-approximation/RA-07/lean/verification/linux-2026-09-12/source/randomized-and-low-rank-approximation/RA-07/lean/reviews/statement-referee-1-evidence/Inspect.lean
 create mode 100644 randomized-and-low-rank-approximation/RA-07/lean/verification/linux-2026-09-12/source/randomized-and-low-rank-approximation/RA-07/lean/reviews/statement-referee-1-evidence/challenge-source.log
 create mode 100644 randomized-and-low-rank-approximation/RA-07/lean/verification/linux-2026-09-12/source/randomized-and-low-rank-approximation/RA-07/lean/reviews/statement-referee-1-evidence/definitions-source.log
 create mode 100644 randomized-and-low-rank-approximation/RA-07/lean/verification/linux-2026-09-12/source/randomized-and-low-rank-approximation/RA-07/lean/reviews/statement-referee-1-evidence/exact-diagnostic.json
 create mode 100644 randomized-and-low-rank-approximation/RA-07/lean/verification/linux-2026-09-12/source/randomized-and-low-rank-approximation/RA-07/lean/reviews/statement-referee-1-evidence/exact_diagnostic.py
 create mode 100644 randomized-and-low-rank-approximation/RA-07/lean/verification/linux-2026-09-12/source/randomized-and-low-rank-approximation/RA-07/lean/reviews/statement-referee-1-evidence/execution.json
 create mode 100644 randomized-and-low-rank-approximation/RA-07/lean/verification/linux-2026-09-12/source/randomized-and-low-rank-approximation/RA-07/lean/reviews/statement-referee-1-evidence/inspection.log
 create mode 100644 randomized-and-low-rank-approximation/RA-07/lean/verification/linux-2026-09-12/source/randomized-and-low-rank-approximation/RA-07/lean/reviews/statement-referee-1-evidence/review-result.json
 create mode 100644 randomized-and-low-rank-approximation/RA-07/lean/verification/linux-2026-09-12/source/randomized-and-low-rank-approximation/RA-07/lean/reviews/statement-referee-1-evidence/source-integrity.json
 create mode 100644 randomized-and-low-rank-approximation/RA-07/lean/verification/linux-2026-09-12/source/randomized-and-low-rank-approximation/RA-07/lean/reviews/statement-referee-1.md
 create mode 100644 randomized-and-low-rank-approximation/RA-07/lean/verification/linux-2026-09-12/source/randomized-and-low-rank-approximation/RA-07/lean/reviews/statement-referee-2-root-evidence/Inspect.lean
 create mode 100644 randomized-and-low-rank-approximation/RA-07/lean/verification/linux-2026-09-12/source/randomized-and-low-rank-approximation/RA-07/lean/reviews/statement-referee-2-root-evidence/challenge.log
 create mode 100644 randomized-and-low-rank-approximation/RA-07/lean/verification/linux-2026-09-12/source/randomized-and-low-rank-approximation/RA-07/lean/reviews/statement-referee-2-root-evidence/checks.json
 create mode 100644 randomized-and-low-rank-approximation/RA-07/lean/verification/linux-2026-09-12/source/randomized-and-low-rank-approximation/RA-07/lean/reviews/statement-referee-2-root-evidence/definitions.log
 create mode 100644 randomized-and-low-rank-approximation/RA-07/lean/verification/linux-2026-09-12/source/randomized-and-low-rank-approximation/RA-07/lean/reviews/statement-referee-2-root-evidence/evidence-manifest.json
 create mode 100644 randomized-and-low-rank-approximation/RA-07/lean/verification/linux-2026-09-12/source/randomized-and-low-rank-approximation/RA-07/lean/reviews/statement-referee-2-root-evidence/freeze-check.json
 create mode 100644 randomized-and-low-rank-approximation/RA-07/lean/verification/linux-2026-09-12/source/randomized-and-low-rank-approximation/RA-07/lean/reviews/statement-referee-2-root-evidence/inspection.log
 create mode 100644 randomized-and-low-rank-approximation/RA-07/lean/verification/linux-2026-09-12/source/randomized-and-low-rank-approximation/RA-07/lean/reviews/statement-referee-2-root-evidence/library-hashes.json
 create mode 100644 randomized-and-low-rank-approximation/RA-07/lean/verification/linux-2026-09-12/source/randomized-and-low-rank-approximation/RA-07/lean/reviews/statement-referee-2-root-evidence/rational_checks.json
 create mode 100644 randomized-and-low-rank-approximation/RA-07/lean/verification/linux-2026-09-12/source/randomized-and-low-rank-approximation/RA-07/lean/reviews/statement-referee-2-root-evidence/rational_checks.py
 create mode 100644 randomized-and-low-rank-approximation/RA-07/lean/verification/linux-2026-09-12/source/randomized-and-low-rank-approximation/RA-07/lean/reviews/statement-referee-2-root-evidence/root_statement_review.py
 create mode 100644 randomized-and-low-rank-approximation/RA-07/lean/verification/linux-2026-09-12/source/randomized-and-low-rank-approximation/RA-07/lean/reviews/statement-referee-2-root-evidence/source-identity.json
 create mode 100644 randomized-and-low-rank-approximation/RA-07/lean/verification/linux-2026-09-12/source/randomized-and-low-rank-approximation/RA-07/lean/reviews/statement-referee-2.md
 create mode 100644 randomized-and-low-rank-approximation/RA-07/lean/verification/linux-2026-09-12/source/randomized-and-low-rank-approximation/RA-07/lean/verification/InspectProof.lean
 create mode 100644 randomized-and-low-rank-approximation/RA-07/lean/verification/linux-2026-09-12/source/randomized-and-low-rank-approximation/RA-07/lean/verification/algebra.log
 create mode 100644 randomized-and-low-rank-approximation/RA-07/lean/verification/linux-2026-09-12/source/randomized-and-low-rank-approximation/RA-07/lean/verification/axiom-audit.json
 create mode 100644 randomized-and-low-rank-approximation/RA-07/lean/verification/linux-2026-09-12/source/randomized-and-low-rank-approximation/RA-07/lean/verification/challenge.log
 create mode 100644 randomized-and-low-rank-approximation/RA-07/lean/verification/linux-2026-09-12/source/randomized-and-low-rank-approximation/RA-07/lean/verification/definitions.log
 create mode 100644 randomized-and-low-rank-approximation/RA-07/lean/verification/linux-2026-09-12/source/randomized-and-low-rank-approximation/RA-07/lean/verification/dependencies.json
 create mode 100644 randomized-and-low-rank-approximation/RA-07/lean/verification/linux-2026-09-12/source/randomized-and-low-rank-approximation/RA-07/lean/verification/final-referee-1/Inspect.lean
 create mode 100644 randomized-and-low-rank-approximation/RA-07/lean/verification/linux-2026-09-12/source/randomized-and-low-rank-approximation/RA-07/lean/verification/final-referee-1/algebra.log
 create mode 100644 randomized-and-low-rank-approximation/RA-07/lean/verification/linux-2026-09-12/source/randomized-and-low-rank-approximation/RA-07/lean/verification/final-referee-1/axiom-audit.json
 create mode 100644 randomized-and-low-rank-approximation/RA-07/lean/verification/linux-2026-09-12/source/randomized-and-low-rank-approximation/RA-07/lean/verification/final-referee-1/challenge.log
 create mode 100644 randomized-and-low-rank-approximation/RA-07/lean/verification/linux-2026-09-12/source/randomized-and-low-rank-approximation/RA-07/lean/verification/final-referee-1/definitions.log
 create mode 100644 randomized-and-low-rank-approximation/RA-07/lean/verification/linux-2026-09-12/source/randomized-and-low-rank-approximation/RA-07/lean/verification/final-referee-1/dependencies.json
 create mode 100644 randomized-and-low-rank-approximation/RA-07/lean/verification/linux-2026-09-12/source/randomized-and-low-rank-approximation/RA-07/lean/verification/final-referee-1/evidence-manifest.json
 create mode 100644 randomized-and-low-rank-approximation/RA-07/lean/verification/linux-2026-09-12/source/randomized-and-low-rank-approximation/RA-07/lean/verification/final-referee-1/exact_checks.json
 create mode 100644 randomized-and-low-rank-approximation/RA-07/lean/verification/linux-2026-09-12/source/randomized-and-low-rank-approximation/RA-07/lean/verification/final-referee-1/exact_checks.py
 create mode 100644 randomized-and-low-rank-approximation/RA-07/lean/verification/linux-2026-09-12/source/randomized-and-low-rank-approximation/RA-07/lean/verification/final-referee-1/fresh-checks.json
 create mode 100644 randomized-and-low-rank-approximation/RA-07/lean/verification/linux-2026-09-12/source/randomized-and-low-rank-approximation/RA-07/lean/verification/final-referee-1/fresh_check.py
 create mode 100644 randomized-and-low-rank-approximation/RA-07/lean/verification/linux-2026-09-12/source/randomized-and-low-rank-approximation/RA-07/lean/verification/final-referee-1/inputs-after.json
 create mode 100644 randomized-and-low-rank-approximation/RA-07/lean/verification/linux-2026-09-12/source/randomized-and-low-rank-approximation/RA-07/lean/verification/final-referee-1/inputs-before.json
 create mode 100644 randomized-and-low-rank-approximation/RA-07/lean/verification/linux-2026-09-12/source/randomized-and-low-rank-approximation/RA-07/lean/verification/final-referee-1/inspection.log
 create mode 100644 randomized-and-low-rank-approximation/RA-07/lean/verification/linux-2026-09-12/source/randomized-and-low-rank-approximation/RA-07/lean/verification/final-referee-1/library-source-hashes.json
 create mode 100644 randomized-and-low-rank-approximation/RA-07/lean/verification/linux-2026-09-12/source/randomized-and-low-rank-approximation/RA-07/lean/verification/final-referee-1/proof.log
 create mode 100644 randomized-and-low-rank-approximation/RA-07/lean/verification/linux-2026-09-12/source/randomized-and-low-rank-approximation/RA-07/lean/verification/final-referee-1/roots.log
 create mode 100644 randomized-and-low-rank-approximation/RA-07/lean/verification/linux-2026-09-12/source/randomized-and-low-rank-approximation/RA-07/lean/verification/final-referee-1/solution.log
 create mode 100644 randomized-and-low-rank-approximation/RA-07/lean/verification/linux-2026-09-12/source/randomized-and-low-rank-approximation/RA-07/lean/verification/final-referee-1/source-audit.json
 create mode 100644 randomized-and-low-rank-approximation/RA-07/lean/verification/linux-2026-09-12/source/randomized-and-low-rank-approximation/RA-07/lean/verification/final-referee-1/sums.log
 create mode 100644 randomized-and-low-rank-approximation/RA-07/lean/verification/linux-2026-09-12/source/randomized-and-low-rank-approximation/RA-07/lean/verification/final_check.py
 create mode 100644 randomized-and-low-rank-approximation/RA-07/lean/verification/linux-2026-09-12/source/randomized-and-low-rank-approximation/RA-07/lean/verification/fresh-checks.json
 create mode 100644 randomized-and-low-rank-approximation/RA-07/lean/verification/linux-2026-09-12/source/randomized-and-low-rank-approximation/RA-07/lean/verification/inputs-after.json
 create mode 100644 randomized-and-low-rank-approximation/RA-07/lean/verification/linux-2026-09-12/source/randomized-and-low-rank-approximation/RA-07/lean/verification/inputs-before.json
 create mode 100644 randomized-and-low-rank-approximation/RA-07/lean/verification/linux-2026-09-12/source/randomized-and-low-rank-approximation/RA-07/lean/verification/inspection.log
 create mode 100644 randomized-and-low-rank-approximation/RA-07/lean/verification/linux-2026-09-12/source/randomized-and-low-rank-approximation/RA-07/lean/verification/library-source-hashes.json
 create mode 100644 randomized-and-low-rank-approximation/RA-07/lean/verification/linux-2026-09-12/source/randomized-and-low-rank-approximation/RA-07/lean/verification/linux-candidate-2026-09-12/CANDIDATE-HANDOFF.md
 create mode 100644 randomized-and-low-rank-approximation/RA-07/lean/verification/linux-2026-09-12/source/randomized-and-low-rank-approximation/RA-07/lean/verification/linux-candidate-2026-09-12/EVIDENCE-MANIFEST.json
 create mode 100644 randomized-and-low-rank-approximation/RA-07/lean/verification/linux-2026-09-12/source/randomized-and-low-rank-approximation/RA-07/lean/verification/linux-candidate-2026-09-12/check_packaging.py
 create mode 100644 randomized-and-low-rank-approximation/RA-07/lean/verification/linux-2026-09-12/source/randomized-and-low-rank-approximation/RA-07/lean/verification/linux-candidate-2026-09-12/dependency-check.json
 create mode 100644 randomized-and-low-rank-approximation/RA-07/lean/verification/linux-2026-09-12/source/randomized-and-low-rank-approximation/RA-07/lean/verification/linux-candidate-2026-09-12/frozen-statement-stage-README.md
 create mode 100644 randomized-and-low-rank-approximation/RA-07/lean/verification/linux-2026-09-12/source/randomized-and-low-rank-approximation/RA-07/lean/verification/linux-candidate-2026-09-12/inputs-before.json
 create mode 100644 randomized-and-low-rank-approximation/RA-07/lean/verification/linux-2026-09-12/source/randomized-and-low-rank-approximation/RA-07/lean/verification/linux-candidate-2026-09-12/metadata-validation.log
 create mode 100644 randomized-and-low-rank-approximation/RA-07/lean/verification/linux-2026-09-12/source/randomized-and-low-rank-approximation/RA-07/lean/verification/linux-candidate-2026-09-12/packaging-check.log
 create mode 100644 randomized-and-low-rank-approximation/RA-07/lean/verification/linux-2026-09-12/source/randomized-and-low-rank-approximation/RA-07/lean/verification/linux-candidate-2026-09-12/packaging-record.json
 create mode 100644 randomized-and-low-rank-approximation/RA-07/lean/verification/linux-2026-09-12/source/randomized-and-low-rank-approximation/RA-07/lean/verification/linux-candidate-2026-09-12/permanent-id-tests.log
 create mode 100644 randomized-and-low-rank-approximation/RA-07/lean/verification/linux-2026-09-12/source/randomized-and-low-rank-approximation/RA-07/lean/verification/linux-candidate-2026-09-12/permanent-ids.log
 create mode 100644 randomized-and-low-rank-approximation/RA-07/lean/verification/linux-2026-09-12/source/randomized-and-low-rank-approximation/RA-07/lean/verification/proof-freeze.json
 create mode 100644 randomized-and-low-rank-approximation/RA-07/lean/verification/linux-2026-09-12/source/randomized-and-low-rank-approximation/RA-07/lean/verification/proof-start.json
 create mode 100644 randomized-and-low-rank-approximation/RA-07/lean/verification/linux-2026-09-12/source/randomized-and-low-rank-approximation/RA-07/lean/verification/proof.log
 create mode 100644 randomized-and-low-rank-approximation/RA-07/lean/verification/linux-2026-09-12/source/randomized-and-low-rank-approximation/RA-07/lean/verification/root-linux-packaging.json
 create mode 100644 randomized-and-low-rank-approximation/RA-07/lean/verification/linux-2026-09-12/source/randomized-and-low-rank-approximation/RA-07/lean/verification/roots.log
 create mode 100644 randomized-and-low-rank-approximation/RA-07/lean/verification/linux-2026-09-12/source/randomized-and-low-rank-approximation/RA-07/lean/verification/solution.log
 create mode 100644 randomized-and-low-rank-approximation/RA-07/lean/verification/linux-2026-09-12/source/randomized-and-low-rank-approximation/RA-07/lean/verification/source-audit.json
 create mode 100644 randomized-and-low-rank-approximation/RA-07/lean/verification/linux-2026-09-12/source/randomized-and-low-rank-approximation/RA-07/lean/verification/sums.log
 create mode 100644 randomized-and-low-rank-approximation/RA-07/lean/verification/linux-2026-09-12/source/references/colbrook-transfer-2026-09-11/manuscripts/01_volume_sampling_convexity.md
 create mode 100644 randomized-and-low-rank-approximation/RA-07/lean/verification/linux-2026-09-12/source/references/colbrook-transfer-2026-09-11/manuscripts/01_volume_sampling_convexity.tex
 create mode 100644 randomized-and-low-rank-approximation/RA-07/lean/verification/linux-2026-09-12/source/references/colbrook-transfer-2026-09-11/verification/reviews/RA-07-review.md
 create mode 100644 randomized-and-low-rank-approximation/RA-07/lean/verification/linux-2026-09-12/source/sandbox_probe_ci.py
 create mode 100644 randomized-and-low-rank-approximation/RA-07/lean/verification/linux-2026-09-12/source/tools/lean/bootstrap.sh
 create mode 100644 randomized-and-low-rank-approximation/RA-07/lean/verification/linux-2026-09-12/source/tools/lean/harness.py
 create mode 100644 randomized-and-low-rank-approximation/RA-07/lean/verification/linux-2026-09-12/source/tools/lean/selftest.sh
 create mode 100644 randomized-and-low-rank-approximation/RA-07/lean/verification/linux-2026-09-12/source/tools/lean/source-lock.json
 create mode 100644 randomized-and-low-rank-approximation/RA-07/lean/verification/linux-2026-09-12/source/tools/lean/verify.sh
 create mode 100644 randomized-and-low-rank-approximation/RA-07/lean/verification/linux-2026-09-12/tool-source-verification.json
 create mode 100644 randomized-and-low-rank-approximation/RA-07/lean/verification/linux-candidate-2026-09-12/CANDIDATE-HANDOFF.md
 create mode 100644 randomized-and-low-rank-approximation/RA-07/lean/verification/linux-candidate-2026-09-12/EVIDENCE-MANIFEST.json
 create mode 100644 randomized-and-low-rank-approximation/RA-07/lean/verification/linux-candidate-2026-09-12/check_packaging.py
 create mode 100644 randomized-and-low-rank-approximation/RA-07/lean/verification/linux-candidate-2026-09-12/dependency-check.json
 create mode 100644 randomized-and-low-rank-approximation/RA-07/lean/verification/linux-candidate-2026-09-12/frozen-statement-stage-README.md
 create mode 100644 randomized-and-low-rank-approximation/RA-07/lean/verification/linux-candidate-2026-09-12/inputs-before.json
 create mode 100644 randomized-and-low-rank-approximation/RA-07/lean/verification/linux-candidate-2026-09-12/metadata-validation.log
 create mode 100644 randomized-and-low-rank-approximation/RA-07/lean/verification/linux-candidate-2026-09-12/packaging-check.log
 create mode 100644 randomized-and-low-rank-approximation/RA-07/lean/verification/linux-candidate-2026-09-12/packaging-record.json
 create mode 100644 randomized-and-low-rank-approximation/RA-07/lean/verification/linux-candidate-2026-09-12/permanent-id-tests.log
 create mode 100644 randomized-and-low-rank-approximation/RA-07/lean/verification/linux-candidate-2026-09-12/permanent-ids.log
 create mode 100644 randomized-and-low-rank-approximation/RA-07/lean/verification/proof-freeze.json
 create mode 100644 randomized-and-low-rank-approximation/RA-07/lean/verification/proof-start.json
 create mode 100644 randomized-and-low-rank-approximation/RA-07/lean/verification/proof.log
 create mode 100644 randomized-and-low-rank-approximation/RA-07/lean/verification/publication-2026-09-12/INDEPENDENT-REVIEW.md
 create mode 100644 randomized-and-low-rank-approximation/RA-07/lean/verification/publication-2026-09-12/PUBLICATION-REVIEW.md
 create mode 100644 randomized-and-low-rank-approximation/RA-07/lean/verification/publication-2026-09-12/ROOT-CHECKS.json
 create mode 100644 randomized-and-low-rank-approximation/RA-07/lean/verification/publication-2026-09-12/before.json
 create mode 100644 randomized-and-low-rank-approximation/RA-07/lean/verification/publication-2026-09-12/catalog.log
 create mode 100644 randomized-and-low-rank-approximation/RA-07/lean/verification/publication-2026-09-12/check_publication.py
 create mode 100644 randomized-and-low-rank-approximation/RA-07/lean/verification/publication-2026-09-12/checks.json
 create mode 100644 randomized-and-low-rank-approximation/RA-07/lean/verification/publication-2026-09-12/diff-check-final.log
 create mode 100644 randomized-and-low-rank-approximation/RA-07/lean/verification/publication-2026-09-12/diff-check.log
 create mode 100644 randomized-and-low-rank-approximation/RA-07/lean/verification/publication-2026-09-12/evidence-count-supplement.json
 create mode 100644 randomized-and-low-rank-approximation/RA-07/lean/verification/publication-2026-09-12/final-checks.json
 create mode 100644 randomized-and-low-rank-approximation/RA-07/lean/verification/publication-2026-09-12/finish_publication.py
 create mode 100644 randomized-and-low-rank-approximation/RA-07/lean/verification/publication-2026-09-12/format-check-final.log
 create mode 100644 randomized-and-low-rank-approximation/RA-07/lean/verification/publication-2026-09-12/format-check.log
 create mode 100644 randomized-and-low-rank-approximation/RA-07/lean/verification/publication-2026-09-12/format-write.log
 create mode 100644 randomized-and-low-rank-approximation/RA-07/lean/verification/publication-2026-09-12/id-tests.log
 create mode 100644 randomized-and-low-rank-approximation/RA-07/lean/verification/publication-2026-09-12/ids-origin-main.log
 create mode 100644 randomized-and-low-rank-approximation/RA-07/lean/verification/publication-2026-09-12/ids-upstream.log
 create mode 100644 randomized-and-low-rank-approximation/RA-07/lean/verification/publication-2026-09-12/initial-pdf-text.txt
 create mode 100644 randomized-and-low-rank-approximation/RA-07/lean/verification/publication-2026-09-12/initial-pdfinfo.log
 create mode 100644 randomized-and-low-rank-approximation/RA-07/lean/verification/publication-2026-09-12/initial-render-result.json
 create mode 100644 randomized-and-low-rank-approximation/RA-07/lean/verification/publication-2026-09-12/initial-render.log
 create mode 100644 randomized-and-low-rank-approximation/RA-07/lean/verification/publication-2026-09-12/integrity.json
 create mode 100644 randomized-and-low-rank-approximation/RA-07/lean/verification/publication-2026-09-12/manifest-final.log
 create mode 100644 randomized-and-low-rank-approximation/RA-07/lean/verification/publication-2026-09-12/manifest.log
 create mode 100644 randomized-and-low-rank-approximation/RA-07/lean/verification/publication-2026-09-12/pdf-text.txt
 create mode 100644 randomized-and-low-rank-approximation/RA-07/lean/verification/publication-2026-09-12/pdfinfo.log
 create mode 100644 randomized-and-low-rank-approximation/RA-07/lean/verification/publication-2026-09-12/prepare_publication.py
 create mode 100644 randomized-and-low-rank-approximation/RA-07/lean/verification/publication-2026-09-12/render-result.json
 create mode 100644 randomized-and-low-rank-approximation/RA-07/lean/verification/publication-2026-09-12/render.log
 create mode 100644 randomized-and-low-rank-approximation/RA-07/lean/verification/publication-2026-09-12/root_publication_check.py
 create mode 100644 randomized-and-low-rank-approximation/RA-07/lean/verification/root-linux-packaging.json
 create mode 100644 randomized-and-low-rank-approximation/RA-07/lean/verification/roots.log
 create mode 100644 randomized-and-low-rank-approximation/RA-07/lean/verification/solution.log
 create mode 100644 randomized-and-low-rank-approximation/RA-07/lean/verification/source-audit.json
 create mode 100644 randomized-and-low-rank-approximation/RA-07/lean/verification/sums.log
 create mode 100644 references/holden-ie12-2026-09-12/README.md
 create mode 100644 references/holden-ie12-2026-09-12/exact-tests-rerun.txt
 create mode 100644 references/holden-ie12-2026-09-12/independent-review.md
 create mode 100644 references/holden-ie12-2026-09-12/submitted/AUDIT.md
 create mode 100644 references/holden-ie12-2026-09-12/submitted/IE12_solution.pdf
 create mode 100644 references/holden-ie12-2026-09-12/submitted/README.md
 create mode 100644 references/holden-ie12-2026-09-12/submitted/SHA256SUMS
 create mode 100644 references/holden-ie12-2026-09-12/submitted/SOURCES.md
 create mode 100755 references/holden-ie12-2026-09-12/submitted/build_pdf.sh
 create mode 100644 references/holden-ie12-2026-09-12/submitted/code/run_experiments.py
 create mode 100644 references/holden-ie12-2026-09-12/submitted/code/solver.py
 create mode 100644 references/holden-ie12-2026-09-12/submitted/code/test_exact.py
 create mode 100644 references/holden-ie12-2026-09-12/submitted/code/weighted_matvec.py
 create mode 100644 references/holden-ie12-2026-09-12/submitted/paper/IE12_solution.tex
 create mode 100644 references/holden-ie12-2026-09-12/submitted/requirements.txt
 create mode 100644 references/holden-ie12-2026-09-12/submitted/verification/README.md
 create mode 100644 references/holden-ie12-2026-09-12/submitted/verification/exact_tests.txt
 create mode 100644 references/holden-ie12-2026-09-12/submitted/verification/experiments.csv
 create mode 100644 references/holden-ie12-2026-09-12/submitted/verification/experiments.json
 create mode 100644 references/holden-ie12-2026-09-12/submitted/verification/numerical_tests.txt
 create mode 100644 references/holden-ie12-2026-09-12/submitted/verification/solver_demo.txt
 create mode 100644 references/holden-ie16-2026-09-12/INDEPENDENT-REVIEW.md
 create mode 100644 references/holden-ie16-2026-09-12/README.md
 create mode 100644 references/holden-ie16-2026-09-12/reviewer_check.py
 create mode 100644 references/holden-ie16-2026-09-12/submitted/README.md
 create mode 100644 references/holden-ie16-2026-09-12/submitted/SHA256SUMS
 create mode 100644 references/holden-ie16-2026-09-12/submitted/SOURCES.md
 create mode 100755 references/holden-ie16-2026-09-12/submitted/build_pdf.sh
 create mode 100644 references/holden-ie16-2026-09-12/submitted/certificates/all_subset_certificate.json
 create mode 100644 references/holden-ie16-2026-09-12/submitted/certificates/verification_report.txt
 create mode 100755 references/holden-ie16-2026-09-12/submitted/code/verify.py
 create mode 100644 references/holden-ie16-2026-09-12/submitted/solution.pdf
 create mode 100644 references/holden-ie16-2026-09-12/submitted/source/solution.tex
 create mode 100644 references/holden-ie16-2026-09-12/verification-rerun.txt
 create mode 100644 references/holden-ke01-2026-09-12/README.md
 create mode 100644 references/holden-ke01-2026-09-12/code/exact_arithmetic.py
 create mode 100644 references/holden-ke01-2026-09-12/code/example_instance.json
 create mode 100644 references/holden-ke01-2026-09-12/code/requirements.txt
 create mode 100644 references/holden-ke01-2026-09-12/code/solve_json.py
 create mode 100644 references/holden-ke01-2026-09-12/code/verify_exact.py
 create mode 100644 references/holden-ke01-2026-09-12/independent-review.md
 create mode 100644 references/holden-ke01-2026-09-12/report.pdf
 create mode 100644 references/holden-ke01-2026-09-12/report.tex
 create mode 100644 references/holden-ke01-2026-09-12/submitted/MANIFEST.sha256
 create mode 100644 references/holden-ke01-2026-09-12/submitted/README.md
 create mode 100644 references/holden-ke01-2026-09-12/submitted/STATUS.md
 create mode 100644 references/holden-ke01-2026-09-12/submitted/code/exact_arithmetic.py
 create mode 100644 references/holden-ke01-2026-09-12/submitted/code/example_instance.json
 create mode 100644 references/holden-ke01-2026-09-12/submitted/code/requirements.txt
 create mode 100644 references/holden-ke01-2026-09-12/submitted/code/solve_json.py
 create mode 100644 references/holden-ke01-2026-09-12/submitted/code/verify_exact.py
 create mode 100644 references/holden-ke01-2026-09-12/submitted/report/report.pdf
 create mode 100644 references/holden-ke01-2026-09-12/submitted/report/report.tex
 create mode 100644 references/holden-ke01-2026-09-12/submitted/results/README.md
 create mode 100644 references/holden-ke01-2026-09-12/submitted/results/cgls_cases.csv
 create mode 100644 references/holden-ke01-2026-09-12/submitted/results/exact_checks.json
 create mode 100644 references/holden-ke01-2026-09-12/submitted/results/example_solution.json
 create mode 100644 references/holden-ke01-2026-09-12/verification/cgls_cases.csv
 create mode 100644 references/holden-ke01-2026-09-12/verification/exact_checks.json
 create mode 100644 references/holden-spectral-2026-09-12/.gitignore
 create mode 100644 references/holden-spectral-2026-09-12/KE-02/algorithm.py
 create mode 100644 references/holden-spectral-2026-09-12/KE-02/notes.md
 create mode 100644 references/holden-spectral-2026-09-12/KE-02/prior_weak_coupling_proof.md
 create mode 100644 references/holden-spectral-2026-09-12/KE-02/proof.md
 create mode 100644 references/holden-spectral-2026-09-12/KE-02/proposed_readme_addition.md
 create mode 100644 references/holden-spectral-2026-09-12/KE-02/self_review.md
 create mode 100644 references/holden-spectral-2026-09-12/KE-02/verification/check_exact.py
 create mode 100644 references/holden-spectral-2026-09-12/KE-02/verification/exact_tests.log
 create mode 100644 references/holden-spectral-2026-09-12/README.md
 create mode 100644 references/holden-spectral-2026-09-12/SP-03/notes.md
 create mode 100644 references/holden-spectral-2026-09-12/SP-03/proof.md
 create mode 100644 references/holden-spectral-2026-09-12/SP-03/result.md
 create mode 100644 references/holden-spectral-2026-09-12/SP-03/self_review.md
 create mode 100644 references/holden-spectral-2026-09-12/SP-03/verification/check_exact_algebra.py
 create mode 100644 references/holden-spectral-2026-09-12/SP-03/verification/exact_tests.log
 create mode 100644 references/holden-spectral-2026-09-12/SP-07/notes.md
 create mode 100644 references/holden-spectral-2026-09-12/SP-07/result.md
 create mode 100644 references/holden-spectral-2026-09-12/SP-07/self_review.md
 create mode 100644 references/holden-spectral-2026-09-12/SP-08/certificates/SP-08_n10_a0.json.gz
 create mode 100644 references/holden-spectral-2026-09-12/SP-08/certificates/SP-08_n11_a0.json.gz
 create mode 100644 references/holden-spectral-2026-09-12/SP-08/certificates/SP-08_n8_a-half.json.gz
 create mode 100644 references/holden-spectral-2026-09-12/SP-08/notes.md
 create mode 100644 references/holden-spectral-2026-09-12/SP-08/proof.md
 create mode 100644 references/holden-spectral-2026-09-12/SP-08/result.md
 create mode 100644 references/holden-spectral-2026-09-12/SP-08/self_review.md
 create mode 100644 references/holden-spectral-2026-09-12/SP-08/verification/PRIOR_VERIFICATION_GUIDE.md
 create mode 100644 references/holden-spectral-2026-09-12/SP-08/verification/README.md
 create mode 100644 references/holden-spectral-2026-09-12/SP-08/verification/check_taylor_certificates.py
 create mode 100644 references/holden-spectral-2026-09-12/SP-08/verification/prior_logs/SP-08_n10_generation.log
 create mode 100644 references/holden-spectral-2026-09-12/SP-08/verification/prior_logs/SP-08_n10_verification.log
 create mode 100644 references/holden-spectral-2026-09-12/SP-08/verification/prior_logs/SP-08_n11_certificate_verification.log
 create mode 100644 references/holden-spectral-2026-09-12/SP-08/verification/prior_logs/SP-08_n11_coverage_verification.log
 create mode 100644 references/holden-spectral-2026-09-12/SP-08/verification/prior_logs/SP-08_n11_generation.log
 create mode 100644 references/holden-spectral-2026-09-12/SP-08/verification/prior_logs/SP-08_n8_generation.log
 create mode 100644 references/holden-spectral-2026-09-12/SP-08/verification/prior_logs/SP-08_n8_reference_integer_check.log
 create mode 100644 references/holden-spectral-2026-09-12/SP-08/verification/prior_logs/SP-08_n8_verification.log
 create mode 100644 references/holden-spectral-2026-09-12/SP-08/verification/recheck_n10.log
 create mode 100644 references/holden-spectral-2026-09-12/SP-08/verification/recheck_n11.log
 create mode 100644 references/holden-spectral-2026-09-12/SP-08/verification/recheck_n8.log
 create mode 100644 references/holden-spectral-2026-09-12/SP-08/verification/recheck_n8_reference.log
 create mode 100644 references/holden-spectral-2026-09-12/SP-08/verification/reference_integer_check.py
 create mode 100644 references/holden-spectral-2026-09-12/SP-08/verification/requirements.txt
 create mode 100644 references/holden-spectral-2026-09-12/SP-08/verification/spread_exact.py
 create mode 100644 references/holden-spectral-2026-09-12/SP-08/verification/taylor_certificate_tests.log
 create mode 100644 references/holden-spectral-2026-09-12/SP-09/notes.md
 create mode 100644 references/holden-spectral-2026-09-12/SP-09/proof.md
 create mode 100644 references/holden-spectral-2026-09-12/SP-09/result.md
 create mode 100644 references/holden-spectral-2026-09-12/SP-09/self_review.md
 create mode 100644 references/holden-spectral-2026-09-12/SP-09/verification/check_exact_thresholds.py
 create mode 100644 references/holden-spectral-2026-09-12/SP-09/verification/exact_tests.log
 create mode 100644 references/holden-spectral-2026-09-12/source-sha256.json
 create mode 100644 references/holden-spectral-2026-09-12/sources/REFERENCES.md
 create mode 100644 references/holden-spectral-2026-09-12/sources/prior_session/HANDOFF_TO_CODEX.md
 create mode 100644 references/holden-spectral-2026-09-12/sources/prior_session/README.md
 create mode 100644 references/holden-spectral-2026-09-12/sources/prior_session/REFERENCES.md
 create mode 100644 references/holden-spectral-2026-09-12/sources/prior_session/TARGET_STATUS.md
 create mode 100644 references/holden-spectral-2026-09-12/sources/prior_session/session.json
 create mode 100644 references/holden-spectral-2026-09-12/sources/snapshot.json
 create mode 100644 references/holden-spectral-2026-09-12/verification/KE-02-checks.log
 create mode 100644 references/holden-spectral-2026-09-12/verification/KE-02-review.md
 create mode 100644 references/holden-spectral-2026-09-12/verification/SP-08-binomial-independent.log
 create mode 100644 references/holden-spectral-2026-09-12/verification/SP-08-n8-reference-independent.log
 create mode 100644 references/holden-spectral-2026-09-12/verification/SP-08-review.md
 create mode 100644 references/holden-spectral-2026-09-12/verification/SP-08-reviewed-sha256.json
 create mode 100644 references/holden-spectral-2026-09-12/verification/SP-08_n10_a0-independent.log
 create mode 100644 references/holden-spectral-2026-09-12/verification/SP-08_n11_a0-independent.log
 create mode 100644 references/holden-spectral-2026-09-12/verification/SP-08_n8_a-half-independent.log
 create mode 100644 references/holden-spectral-2026-09-12/verification/SP-09-SP-07-SP-03-review.md
 create mode 100644 references/holden-spectral-2026-09-12/verification/integration-check.md
 create mode 100644 reviews/2026-09-12-pr-183/README.md
 create mode 100644 reviews/2026-09-12-pr-183/integration-review.md
 create mode 100644 reviews/2026-09-12-pr-183/publication-ci-review.md
 create mode 100644 reviews/2026-09-12-pr-183/repository-tests.log
 create mode 100644 reviews/2026-09-12-pr-183/source-review.md
 create mode 100644 reviews/2026-09-12-pr-183/spectral-norm-crosscheck.md
 create mode 100644 reviews/2026-09-12-pr-183/upstream-ci-evidence.json
 create mode 100644 reviews/2026-09-12-prs-172-182/PR172-review.md
 create mode 100644 reviews/2026-09-12-prs-172-182/PR173-PR182-cross-review.md
 create mode 100644 reviews/2026-09-12-prs-172-182/PR174-review.md
 create mode 100644 reviews/2026-09-12-prs-172-182/PR177-review.md
 create mode 100644 reviews/2026-09-12-prs-172-182/PR178-review.md
 create mode 100644 reviews/2026-09-12-prs-172-182/PR179-review.md
 create mode 100644 reviews/2026-09-12-prs-172-182/PR181-review.md
 create mode 100644 reviews/2026-09-12-prs-172-182/README.md
 create mode 100644 reviews/2026-09-12-prs-172-182/integration-preservation.json
 create mode 100644 reviews/2026-09-12-prs-172-182/lean-publication-review.md
 create mode 100644 reviews/2026-09-12-prs-172-182/pdf-reflow-review.md
 create mode 100644 reviews/2026-09-12-prs-172-182/repository-tests.log
 create mode 100644 reviews/2026-09-12-prs-172-182/upstream-ci-evidence.json
 create mode 100644 tensor-computations/TR-15/lean/.gitignore
 create mode 100644 tensor-computations/TR-15/lean/Challenge.lean
 create mode 100644 tensor-computations/TR-15/lean/LICENSE
 create mode 100644 tensor-computations/TR-15/lean/NLA/TR15/Definitions.lean
 create mode 100644 tensor-computations/TR-15/lean/NLA/TR15/Proof.lean
 create mode 100644 tensor-computations/TR-15/lean/NUMERICAL_TARGETS.md
 create mode 100644 tensor-computations/TR-15/lean/README.md
 create mode 100644 tensor-computations/TR-15/lean/SOURCE_CORRESPONDENCE.md
 create mode 100644 tensor-computations/TR-15/lean/Solution.lean
 create mode 100644 tensor-computations/TR-15/lean/comparator.json
 create mode 100644 tensor-computations/TR-15/lean/formalization.yaml
 create mode 100644 tensor-computations/TR-15/lean/lake-manifest.json
 create mode 100644 tensor-computations/TR-15/lean/lakefile.toml
 create mode 100644 tensor-computations/TR-15/lean/lean-toolchain
 create mode 100644 tensor-computations/TR-15/lean/reviews/InspectStatements.lean
 create mode 100644 tensor-computations/TR-15/lean/reviews/dependency-pins.json
 create mode 100644 tensor-computations/TR-15/lean/reviews/proof-completion.md
 create mode 100644 tensor-computations/TR-15/lean/reviews/proof-freeze.json
 create mode 100644 tensor-computations/TR-15/lean/reviews/proof-referee-1-evidence/Inspect.lean
 create mode 100644 tensor-computations/TR-15/lean/reviews/proof-referee-1-evidence/InspectChecker.lean
 create mode 100644 tensor-computations/TR-15/lean/reviews/proof-referee-1-evidence/axiom-audit.json
 create mode 100644 tensor-computations/TR-15/lean/reviews/proof-referee-1-evidence/challenge.log
 create mode 100644 tensor-computations/TR-15/lean/reviews/proof-referee-1-evidence/checker.json
 create mode 100644 tensor-computations/TR-15/lean/reviews/proof-referee-1-evidence/checker.log
 create mode 100644 tensor-computations/TR-15/lean/reviews/proof-referee-1-evidence/checks.json
 create mode 100644 tensor-computations/TR-15/lean/reviews/proof-referee-1-evidence/definitions.log
 create mode 100644 tensor-computations/TR-15/lean/reviews/proof-referee-1-evidence/dependency-pins.json
 create mode 100644 tensor-computations/TR-15/lean/reviews/proof-referee-1-evidence/evidence-manifest.json
 create mode 100644 tensor-computations/TR-15/lean/reviews/proof-referee-1-evidence/final-freeze-check.json
 create mode 100644 tensor-computations/TR-15/lean/reviews/proof-referee-1-evidence/inputs-after.json
 create mode 100644 tensor-computations/TR-15/lean/reviews/proof-referee-1-evidence/inputs-before.json
 create mode 100644 tensor-computations/TR-15/lean/reviews/proof-referee-1-evidence/inspection.log
 create mode 100644 tensor-computations/TR-15/lean/reviews/proof-referee-1-evidence/primary-source.json
 create mode 100644 tensor-computations/TR-15/lean/reviews/proof-referee-1-evidence/proof.log
 create mode 100644 tensor-computations/TR-15/lean/reviews/proof-referee-1-evidence/read-source-hashes.json
 create mode 100644 tensor-computations/TR-15/lean/reviews/proof-referee-1-evidence/reconstruct.py
 create mode 100644 tensor-computations/TR-15/lean/reviews/proof-referee-1-evidence/reconstruction.json
 create mode 100644 tensor-computations/TR-15/lean/reviews/proof-referee-1-evidence/reuse-search-1.log
 create mode 100644 tensor-computations/TR-15/lean/reviews/proof-referee-1-evidence/reuse-search-2.log
 create mode 100644 tensor-computations/TR-15/lean/reviews/proof-referee-1-evidence/reuse-search.json
 create mode 100644 tensor-computations/TR-15/lean/reviews/proof-referee-1-evidence/rubric-hashes.json
 create mode 100644 tensor-computations/TR-15/lean/reviews/proof-referee-1-evidence/run_review.py
 create mode 100644 tensor-computations/TR-15/lean/reviews/proof-referee-1-evidence/signatures.json
 create mode 100644 tensor-computations/TR-15/lean/reviews/proof-referee-1-evidence/solution.log
 create mode 100644 tensor-computations/TR-15/lean/reviews/proof-referee-1.md
 create mode 100644 tensor-computations/TR-15/lean/reviews/proof-referee-2-root-evidence/Inspect.lean
 create mode 100644 tensor-computations/TR-15/lean/reviews/proof-referee-2-root-evidence/InspectCertificate.lean
 create mode 100644 tensor-computations/TR-15/lean/reviews/proof-referee-2-root-evidence/NLA-TR15-Definitions.log
 create mode 100644 tensor-computations/TR-15/lean/reviews/proof-referee-2-root-evidence/NLA-TR15-Proof.log
 create mode 100644 tensor-computations/TR-15/lean/reviews/proof-referee-2-root-evidence/Solution.log
 create mode 100644 tensor-computations/TR-15/lean/reviews/proof-referee-2-root-evidence/audit.json
 create mode 100644 tensor-computations/TR-15/lean/reviews/proof-referee-2-root-evidence/audit.py
 create mode 100644 tensor-computations/TR-15/lean/reviews/proof-referee-2-root-evidence/axioms.json
 create mode 100644 tensor-computations/TR-15/lean/reviews/proof-referee-2-root-evidence/certificate.json
 create mode 100644 tensor-computations/TR-15/lean/reviews/proof-referee-2-root-evidence/certificate.log
 create mode 100644 tensor-computations/TR-15/lean/reviews/proof-referee-2-root-evidence/dependencies.json
 create mode 100644 tensor-computations/TR-15/lean/reviews/proof-referee-2-root-evidence/execution.json
 create mode 100644 tensor-computations/TR-15/lean/reviews/proof-referee-2-root-evidence/fresh_review.py
 create mode 100644 tensor-computations/TR-15/lean/reviews/proof-referee-2-root-evidence/inspect_review.py
 create mode 100644 tensor-computations/TR-15/lean/reviews/proof-referee-2-root-evidence/inspection.json
 create mode 100644 tensor-computations/TR-15/lean/reviews/proof-referee-2-root-evidence/inspection.log
 create mode 100644 tensor-computations/TR-15/lean/reviews/proof-referee-2-root-evidence/manifest.json
 create mode 100644 tensor-computations/TR-15/lean/reviews/proof-referee-2-root-evidence/source-identity.json
 create mode 100644 tensor-computations/TR-15/lean/reviews/proof-referee-2.md
 create mode 100644 tensor-computations/TR-15/lean/reviews/source-numerical-reconstruction.json
 create mode 100644 tensor-computations/TR-15/lean/reviews/source-numerical-reconstruction.py
 create mode 100644 tensor-computations/TR-15/lean/reviews/statement-build.json
 create mode 100644 tensor-computations/TR-15/lean/reviews/statement-build.log
 create mode 100644 tensor-computations/TR-15/lean/reviews/statement-freeze.json
 create mode 100644 tensor-computations/TR-15/lean/reviews/statement-gate.json
 create mode 100644 tensor-computations/TR-15/lean/reviews/statement-inspection.json
 create mode 100644 tensor-computations/TR-15/lean/reviews/statement-inspection.log
 create mode 100644 tensor-computations/TR-15/lean/reviews/statement-referee-1-evidence/InspectStatements.lean
 create mode 100644 tensor-computations/TR-15/lean/reviews/statement-referee-1-evidence/audit_semantics.py
 create mode 100644 tensor-computations/TR-15/lean/reviews/statement-referee-1-evidence/challenge.log
 create mode 100644 tensor-computations/TR-15/lean/reviews/statement-referee-1-evidence/definitions.log
 create mode 100644 tensor-computations/TR-15/lean/reviews/statement-referee-1-evidence/dependencies.json
 create mode 100644 tensor-computations/TR-15/lean/reviews/statement-referee-1-evidence/evidence-manifest.json
 create mode 100644 tensor-computations/TR-15/lean/reviews/statement-referee-1-evidence/exact-reconstruction.json
 create mode 100644 tensor-computations/TR-15/lean/reviews/statement-referee-1-evidence/exact-reconstruction.log
 create mode 100644 tensor-computations/TR-15/lean/reviews/statement-referee-1-evidence/exact_reconstruction.py
 create mode 100644 tensor-computations/TR-15/lean/reviews/statement-referee-1-evidence/fresh-checks.json
 create mode 100644 tensor-computations/TR-15/lean/reviews/statement-referee-1-evidence/inputs-after.json
 create mode 100644 tensor-computations/TR-15/lean/reviews/statement-referee-1-evidence/inputs-before.json
 create mode 100644 tensor-computations/TR-15/lean/reviews/statement-referee-1-evidence/inspection.log
 create mode 100644 tensor-computations/TR-15/lean/reviews/statement-referee-1-evidence/library-source-hashes.json
 create mode 100644 tensor-computations/TR-15/lean/reviews/statement-referee-1-evidence/primary-source-check.json
 create mode 100644 tensor-computations/TR-15/lean/reviews/statement-referee-1-evidence/run_fresh_check.py
 create mode 100644 tensor-computations/TR-15/lean/reviews/statement-referee-1-evidence/semantic-audit.log
 create mode 100644 tensor-computations/TR-15/lean/reviews/statement-referee-1-evidence/statement-trust-audit.json
 create mode 100644 tensor-computations/TR-15/lean/reviews/statement-referee-1.md
 create mode 100644 tensor-computations/TR-15/lean/reviews/statement-referee-2-root-evidence/Inspect.lean
 create mode 100644 tensor-computations/TR-15/lean/reviews/statement-referee-2-root-evidence/challenge.log
 create mode 100644 tensor-computations/TR-15/lean/reviews/statement-referee-2-root-evidence/checks.json
 create mode 100644 tensor-computations/TR-15/lean/reviews/statement-referee-2-root-evidence/definitions.log
 create mode 100644 tensor-computations/TR-15/lean/reviews/statement-referee-2-root-evidence/freeze-audit.json
 create mode 100644 tensor-computations/TR-15/lean/reviews/statement-referee-2-root-evidence/fresh_statement_review.py
 create mode 100644 tensor-computations/TR-15/lean/reviews/statement-referee-2-root-evidence/inspection.log
 create mode 100644 tensor-computations/TR-15/lean/reviews/statement-referee-2-root-evidence/manifest.json
 create mode 100644 tensor-computations/TR-15/lean/reviews/statement-referee-2-root-evidence/reconstruct.py
 create mode 100644 tensor-computations/TR-15/lean/reviews/statement-referee-2-root-evidence/reconstruction.json
 create mode 100644 tensor-computations/TR-15/lean/reviews/statement-referee-2-root-evidence/source-identity.json
 create mode 100644 tensor-computations/TR-15/lean/reviews/statement-referee-2.md
 create mode 100644 tensor-computations/TR-15/lean/verification/InspectCertificate.lean
 create mode 100644 tensor-computations/TR-15/lean/verification/InspectProof.lean
 create mode 100644 tensor-computations/TR-15/lean/verification/axioms.json
 create mode 100644 tensor-computations/TR-15/lean/verification/certificate-inspection.json
 create mode 100644 tensor-computations/TR-15/lean/verification/certificate-inspection.log
 create mode 100644 tensor-computations/TR-15/lean/verification/dependency-pins.json
 create mode 100644 tensor-computations/TR-15/lean/verification/fresh-certificate.log
 create mode 100644 tensor-computations/TR-15/lean/verification/fresh-challenge.log
 create mode 100644 tensor-computations/TR-15/lean/verification/fresh-checks.json
 create mode 100644 tensor-computations/TR-15/lean/verification/fresh-definitions.log
 create mode 100644 tensor-computations/TR-15/lean/verification/fresh-inspection.log
 create mode 100644 tensor-computations/TR-15/lean/verification/fresh-proof.log
 create mode 100644 tensor-computations/TR-15/lean/verification/fresh-solution.log
 create mode 100644 tensor-computations/TR-15/lean/verification/fresh_check.py
 create mode 100644 tensor-computations/TR-15/lean/verification/inputs-after.json
 create mode 100644 tensor-computations/TR-15/lean/verification/inputs-before.json
 create mode 100644 tensor-computations/TR-15/lean/verification/linux-2026-09-12/EVIDENCE-MANIFEST.json
 create mode 100644 tensor-computations/TR-15/lean/verification/linux-2026-09-12/FETCH-IDENTITY.json
 create mode 100644 tensor-computations/TR-15/lean/verification/linux-2026-09-12/OPERATIONAL-REVIEW.md
 create mode 100644 tensor-computations/TR-15/lean/verification/linux-2026-09-12/adaptation-v1-audit-checks.log
 create mode 100644 tensor-computations/TR-15/lean/verification/linux-2026-09-12/adaptation-v1-audit-execution.json
 create mode 100644 tensor-computations/TR-15/lean/verification/linux-2026-09-12/adaptation-v1-audit_checks.py
 create mode 100644 tensor-computations/TR-15/lean/verification/linux-2026-09-12/artifact-metadata.json
 create mode 100644 tensor-computations/TR-15/lean/verification/linux-2026-09-12/artifacts/lean-TR-15/bootstrap/comparator-build.log
 create mode 100644 tensor-computations/TR-15/lean/verification/linux-2026-09-12/artifacts/lean-TR-15/bootstrap/elan.log
 create mode 100644 tensor-computations/TR-15/lean/verification/linux-2026-09-12/artifacts/lean-TR-15/bootstrap/landrun-build.log
 create mode 100644 tensor-computations/TR-15/lean/verification/linux-2026-09-12/artifacts/lean-TR-15/verify-20260912T202359Z-3930/comparator-controls.log
 create mode 100644 tensor-computations/TR-15/lean/verification/linux-2026-09-12/artifacts/lean-TR-15/verify-20260912T202359Z-3930/comparator.log
 create mode 100644 tensor-computations/TR-15/lean/verification/linux-2026-09-12/artifacts/lean-TR-15/verify-20260912T202359Z-3930/dependencies.log
 create mode 100644 tensor-computations/TR-15/lean/verification/linux-2026-09-12/artifacts/lean-TR-15/verify-20260912T202359Z-3930/kernel-controls.log
 create mode 100644 tensor-computations/TR-15/lean/verification/linux-2026-09-12/artifacts/lean-TR-15/verify-20260912T202359Z-3930/mathlib-cache.log
 create mode 100644 tensor-computations/TR-15/lean/verification/linux-2026-09-12/artifacts/lean-TR-15/verify-20260912T202359Z-3930/negative-native.log
 create mode 100644 tensor-computations/TR-15/lean/verification/linux-2026-09-12/artifacts/lean-TR-15/verify-20260912T202359Z-3930/negative-sorry.log
 create mode 100644 tensor-computations/TR-15/lean/verification/linux-2026-09-12/artifacts/lean-TR-15/verify-20260912T202359Z-3930/result.json
 create mode 100644 tensor-computations/TR-15/lean/verification/linux-2026-09-12/artifacts/lean-TR-15/verify-20260912T202359Z-3930/sandbox.log
 create mode 100644 tensor-computations/TR-15/lean/verification/linux-2026-09-12/artifacts/lean-TR-15/verify-20260912T202359Z-3930/user-service.log
 create mode 100644 tensor-computations/TR-15/lean/verification/linux-2026-09-12/artifacts/lean-checker-controls/bootstrap/comparator-build.log
 create mode 100644 tensor-computations/TR-15/lean/verification/linux-2026-09-12/artifacts/lean-checker-controls/bootstrap/elan.log
 create mode 100644 tensor-computations/TR-15/lean/verification/linux-2026-09-12/artifacts/lean-checker-controls/bootstrap/landrun-build.log
 create mode 100644 tensor-computations/TR-15/lean/verification/linux-2026-09-12/artifacts/lean-checker-controls/selftest-20260912T202348Z-4134/comparator-controls.log
 create mode 100644 tensor-computations/TR-15/lean/verification/linux-2026-09-12/artifacts/lean-checker-controls/selftest-20260912T202348Z-4134/kernel-controls.log
 create mode 100644 tensor-computations/TR-15/lean/verification/linux-2026-09-12/artifacts/lean-checker-controls/selftest-20260912T202348Z-4134/negative-native.log
 create mode 100644 tensor-computations/TR-15/lean/verification/linux-2026-09-12/artifacts/lean-checker-controls/selftest-20260912T202348Z-4134/negative-sorry.log
 create mode 100644 tensor-computations/TR-15/lean/verification/linux-2026-09-12/artifacts/lean-checker-controls/selftest-20260912T202348Z-4134/result.json
 create mode 100644 tensor-computations/TR-15/lean/verification/linux-2026-09-12/artifacts/lean-checker-controls/selftest-20260912T202348Z-4134/sandbox.log
 create mode 100644 tensor-computations/TR-15/lean/verification/linux-2026-09-12/artifacts/lean-checker-controls/selftest-20260912T202348Z-4134/user-service.log
 create mode 100644 tensor-computations/TR-15/lean/verification/linux-2026-09-12/audit-checks.log
 create mode 100644 tensor-computations/TR-15/lean/verification/linux-2026-09-12/audit-execution.json
 create mode 100644 tensor-computations/TR-15/lean/verification/linux-2026-09-12/audit_checks.py
 create mode 100644 tensor-computations/TR-15/lean/verification/linux-2026-09-12/axiom-verification.json
 create mode 100644 tensor-computations/TR-15/lean/verification/linux-2026-09-12/control-verification.json
 create mode 100644 tensor-computations/TR-15/lean/verification/linux-2026-09-12/fetch_artifacts.py
 create mode 100644 tensor-computations/TR-15/lean/verification/linux-2026-09-12/identity-verification.json
 create mode 100644 tensor-computations/TR-15/lean/verification/linux-2026-09-12/job-103615668058.log
 create mode 100644 tensor-computations/TR-15/lean/verification/linux-2026-09-12/job-103615711269.log
 create mode 100644 tensor-computations/TR-15/lean/verification/linux-2026-09-12/job-103615711390.log
 create mode 100644 tensor-computations/TR-15/lean/verification/linux-2026-09-12/jobs.json
 create mode 100644 tensor-computations/TR-15/lean/verification/linux-2026-09-12/lean-TR-15.zip
 create mode 100644 tensor-computations/TR-15/lean/verification/linux-2026-09-12/lean-checker-controls.zip
 create mode 100644 tensor-computations/TR-15/lean/verification/linux-2026-09-12/run-metadata.json
 create mode 100644 tensor-computations/TR-15/lean/verification/linux-2026-09-12/source/.github/workflows/lean-verification.yml
 create mode 100644 tensor-computations/TR-15/lean/verification/linux-2026-09-12/source/forsythe/.tools/comparator/Comparator.lean
 create mode 100644 tensor-computations/TR-15/lean/verification/linux-2026-09-12/source/forsythe/.tools/comparator/Comparator/Axioms.lean
 create mode 100644 tensor-computations/TR-15/lean/verification/linux-2026-09-12/source/forsythe/.tools/comparator/Comparator/Compare.lean
 create mode 100644 tensor-computations/TR-15/lean/verification/linux-2026-09-12/source/forsythe/.tools/comparator/Comparator/Util.lean
 create mode 100644 tensor-computations/TR-15/lean/verification/linux-2026-09-12/source/forsythe/.tools/comparator/LICENSE
 create mode 100644 tensor-computations/TR-15/lean/verification/linux-2026-09-12/source/forsythe/.tools/comparator/Main.lean
 create mode 100644 tensor-computations/TR-15/lean/verification/linux-2026-09-12/source/forsythe/.tools/comparator/lake-manifest.json
 create mode 100644 tensor-computations/TR-15/lean/verification/linux-2026-09-12/source/forsythe/.tools/comparator/lakefile.toml
 create mode 100644 tensor-computations/TR-15/lean/verification/linux-2026-09-12/source/forsythe/.tools/comparator/lean-toolchain
 create mode 100644 tensor-computations/TR-15/lean/verification/linux-2026-09-12/source/forsythe/.tools/comparator/runtests.lean
 create mode 100644 tensor-computations/TR-15/lean/verification/linux-2026-09-12/source/forsythe/.tools/comparator/tests/projects/simple_axiom_issue/Challenge.lean
 create mode 100644 tensor-computations/TR-15/lean/verification/linux-2026-09-12/source/forsythe/.tools/comparator/tests/projects/simple_axiom_issue/Solution.lean
 create mode 100644 tensor-computations/TR-15/lean/verification/linux-2026-09-12/source/forsythe/.tools/comparator/tests/projects/simple_axiom_issue/config.json
 create mode 100644 tensor-computations/TR-15/lean/verification/linux-2026-09-12/source/forsythe/.tools/comparator/tests/projects/simple_axiom_issue/test.json
 create mode 100644 tensor-computations/TR-15/lean/verification/linux-2026-09-12/source/forsythe/.tools/comparator/tests/projects/simple_kind_mismatch/Challenge.lean
 create mode 100644 tensor-computations/TR-15/lean/verification/linux-2026-09-12/source/forsythe/.tools/comparator/tests/projects/simple_kind_mismatch/Solution.lean
 create mode 100644 tensor-computations/TR-15/lean/verification/linux-2026-09-12/source/forsythe/.tools/comparator/tests/projects/simple_kind_mismatch/config.json
 create mode 100644 tensor-computations/TR-15/lean/verification/linux-2026-09-12/source/forsythe/.tools/comparator/tests/projects/simple_kind_mismatch/test.json
 create mode 100644 tensor-computations/TR-15/lean/verification/linux-2026-09-12/source/forsythe/.tools/comparator/tests/projects/simple_match/Challenge.lean
 create mode 100644 tensor-computations/TR-15/lean/verification/linux-2026-09-12/source/forsythe/.tools/comparator/tests/projects/simple_match/Solution.lean
 create mode 100644 tensor-computations/TR-15/lean/verification/linux-2026-09-12/source/forsythe/.tools/comparator/tests/projects/simple_match/config.json
 create mode 100644 tensor-computations/TR-15/lean/verification/linux-2026-09-12/source/forsythe/.tools/comparator/tests/projects/simple_match/test.json
 create mode 100644 tensor-computations/TR-15/lean/verification/linux-2026-09-12/source/forsythe/.tools/comparator/tests/projects/simple_mismatch/Challenge.lean
 create mode 100644 tensor-computations/TR-15/lean/verification/linux-2026-09-12/source/forsythe/.tools/comparator/tests/projects/simple_mismatch/Solution.lean
 create mode 100644 tensor-computations/TR-15/lean/verification/linux-2026-09-12/source/forsythe/.tools/comparator/tests/projects/simple_mismatch/config.json
 create mode 100644 tensor-computations/TR-15/lean/verification/linux-2026-09-12/source/forsythe/.tools/comparator/tests/projects/simple_mismatch/test.json
 create mode 100644 tensor-computations/TR-15/lean/verification/linux-2026-09-12/source/forsythe/.tools/landrun/LICENSE
 create mode 100644 tensor-computations/TR-15/lean/verification/linux-2026-09-12/source/forsythe/.tools/landrun/cmd/landrun/main.go
 create mode 100644 tensor-computations/TR-15/lean/verification/linux-2026-09-12/source/forsythe/.tools/landrun/cmd/landrun/main_test.go
 create mode 100644 tensor-computations/TR-15/lean/verification/linux-2026-09-12/source/forsythe/.tools/landrun/go.mod
 create mode 100644 tensor-computations/TR-15/lean/verification/linux-2026-09-12/source/forsythe/.tools/landrun/go.sum
 create mode 100644 tensor-computations/TR-15/lean/verification/linux-2026-09-12/source/forsythe/.tools/landrun/internal/elfdeps/elfdeps.go
 create mode 100644 tensor-computations/TR-15/lean/verification/linux-2026-09-12/source/forsythe/.tools/landrun/internal/elfdeps/elfdeps_test.go
 create mode 100644 tensor-computations/TR-15/lean/verification/linux-2026-09-12/source/forsythe/.tools/landrun/internal/elfdeps/testdata/liba.c
 create mode 100644 tensor-computations/TR-15/lean/verification/linux-2026-09-12/source/forsythe/.tools/landrun/internal/elfdeps/testdata/libb.c
 create mode 100644 tensor-computations/TR-15/lean/verification/linux-2026-09-12/source/forsythe/.tools/landrun/internal/elfdeps/testdata/main.c
 create mode 100644 tensor-computations/TR-15/lean/verification/linux-2026-09-12/source/forsythe/.tools/landrun/internal/exec/runner.go
 create mode 100644 tensor-computations/TR-15/lean/verification/linux-2026-09-12/source/forsythe/.tools/landrun/internal/log/log.go
 create mode 100644 tensor-computations/TR-15/lean/verification/linux-2026-09-12/source/forsythe/.tools/landrun/internal/log/log_test.go
 create mode 100644 tensor-computations/TR-15/lean/verification/linux-2026-09-12/source/forsythe/.tools/landrun/internal/sandbox/sandbox.go
 create mode 100644 tensor-computations/TR-15/lean/verification/linux-2026-09-12/source/forsythe/.tools/landrun/internal/sandbox/sandbox_test.go
 create mode 100644 tensor-computations/TR-15/lean/verification/linux-2026-09-12/source/forsythe/.tools/lean4export/Export.lean
 create mode 100644 tensor-computations/TR-15/lean/verification/linux-2026-09-12/source/forsythe/.tools/lean4export/Export/Parse.lean
 create mode 100644 tensor-computations/TR-15/lean/verification/linux-2026-09-12/source/forsythe/.tools/lean4export/LICENSE
 create mode 100644 tensor-computations/TR-15/lean/verification/linux-2026-09-12/source/forsythe/.tools/lean4export/Main.lean
 create mode 100644 tensor-computations/TR-15/lean/verification/linux-2026-09-12/source/forsythe/.tools/lean4export/Test.lean
 create mode 100644 tensor-computations/TR-15/lean/verification/linux-2026-09-12/source/forsythe/.tools/lean4export/format_ndjson.md
 create mode 100644 tensor-computations/TR-15/lean/verification/linux-2026-09-12/source/forsythe/.tools/lean4export/lake-manifest.json
 create mode 100644 tensor-computations/TR-15/lean/verification/linux-2026-09-12/source/forsythe/.tools/lean4export/lakefile.toml
 create mode 100644 tensor-computations/TR-15/lean/verification/linux-2026-09-12/source/forsythe/.tools/lean4export/lean-toolchain
 create mode 100644 tensor-computations/TR-15/lean/verification/linux-2026-09-12/source/forsythe/LICENSE
 create mode 100644 tensor-computations/TR-15/lean/verification/linux-2026-09-12/source/forsythe/lean-toolchain
 create mode 100644 tensor-computations/TR-15/lean/verification/linux-2026-09-12/source/forsythe/reproduction/checks/PinnedReplayProbe.lean
 create mode 100644 tensor-computations/TR-15/lean/verification/linux-2026-09-12/source/forsythe/reproduction/checks/comparator_regressions.py
 create mode 100644 tensor-computations/TR-15/lean/verification/linux-2026-09-12/source/forsythe/reproduction/checks/run_replay.sh
 create mode 100644 tensor-computations/TR-15/lean/verification/linux-2026-09-12/source/forsythe/reproduction/checks/sandbox_probe.py
 create mode 100644 tensor-computations/TR-15/lean/verification/linux-2026-09-12/source/forsythe/scripts/comparator-lean-4.33.1.patch
 create mode 100644 tensor-computations/TR-15/lean/verification/linux-2026-09-12/source/forsythe/scripts/strict_landrun.py
 create mode 100644 tensor-computations/TR-15/lean/verification/linux-2026-09-12/source/git-commit.txt
 create mode 100644 tensor-computations/TR-15/lean/verification/linux-2026-09-12/source/git-project-tree.txt
 create mode 100644 tensor-computations/TR-15/lean/verification/linux-2026-09-12/source/references/colbrook-unclaimed-2026-09-11/manuscripts/TR-15.md
 create mode 100644 tensor-computations/TR-15/lean/verification/linux-2026-09-12/source/references/colbrook-unclaimed-2026-09-11/manuscripts/TR-15.pdf
 create mode 100644 tensor-computations/TR-15/lean/verification/linux-2026-09-12/source/references/colbrook-unclaimed-2026-09-11/manuscripts/TR-15.tex
 create mode 100644 tensor-computations/TR-15/lean/verification/linux-2026-09-12/source/sandbox_probe_ci.py
 create mode 100644 tensor-computations/TR-15/lean/verification/linux-2026-09-12/source/tensor-computations/TR-15/README.md
 create mode 100644 tensor-computations/TR-15/lean/verification/linux-2026-09-12/source/tensor-computations/TR-15/lean/.gitignore
 create mode 100644 tensor-computations/TR-15/lean/verification/linux-2026-09-12/source/tensor-computations/TR-15/lean/Challenge.lean
 create mode 100644 tensor-computations/TR-15/lean/verification/linux-2026-09-12/source/tensor-computations/TR-15/lean/LICENSE
 create mode 100644 tensor-computations/TR-15/lean/verification/linux-2026-09-12/source/tensor-computations/TR-15/lean/NLA/TR15/Definitions.lean
 create mode 100644 tensor-computations/TR-15/lean/verification/linux-2026-09-12/source/tensor-computations/TR-15/lean/NLA/TR15/Proof.lean
 create mode 100644 tensor-computations/TR-15/lean/verification/linux-2026-09-12/source/tensor-computations/TR-15/lean/NUMERICAL_TARGETS.md
 create mode 100644 tensor-computations/TR-15/lean/verification/linux-2026-09-12/source/tensor-computations/TR-15/lean/README.md
 create mode 100644 tensor-computations/TR-15/lean/verification/linux-2026-09-12/source/tensor-computations/TR-15/lean/SOURCE_CORRESPONDENCE.md
 create mode 100644 tensor-computations/TR-15/lean/verification/linux-2026-09-12/source/tensor-computations/TR-15/lean/Solution.lean
 create mode 100644 tensor-computations/TR-15/lean/verification/linux-2026-09-12/source/tensor-computations/TR-15/lean/comparator.json
 create mode 100644 tensor-computations/TR-15/lean/verification/linux-2026-09-12/source/tensor-computations/TR-15/lean/formalization.yaml
 create mode 100644 tensor-computations/TR-15/lean/verification/linux-2026-09-12/source/tensor-computations/TR-15/lean/lake-manifest.json
 create mode 100644 tensor-computations/TR-15/lean/verification/linux-2026-09-12/source/tensor-computations/TR-15/lean/lakefile.toml
 create mode 100644 tensor-computations/TR-15/lean/verification/linux-2026-09-12/source/tensor-computations/TR-15/lean/lean-toolchain
 create mode 100644 tensor-computations/TR-15/lean/verification/linux-2026-09-12/source/tensor-computations/TR-15/lean/reviews/InspectStatements.lean
 create mode 100644 tensor-computations/TR-15/lean/verification/linux-2026-09-12/source/tensor-computations/TR-15/lean/reviews/dependency-pins.json
 create mode 100644 tensor-computations/TR-15/lean/verification/linux-2026-09-12/source/tensor-computations/TR-15/lean/reviews/proof-completion.md
 create mode 100644 tensor-computations/TR-15/lean/verification/linux-2026-09-12/source/tensor-computations/TR-15/lean/reviews/proof-freeze.json
 create mode 100644 tensor-computations/TR-15/lean/verification/linux-2026-09-12/source/tensor-computations/TR-15/lean/reviews/proof-referee-1-evidence/Inspect.lean
 create mode 100644 tensor-computations/TR-15/lean/verification/linux-2026-09-12/source/tensor-computations/TR-15/lean/reviews/proof-referee-1-evidence/InspectChecker.lean
 create mode 100644 tensor-computations/TR-15/lean/verification/linux-2026-09-12/source/tensor-computations/TR-15/lean/reviews/proof-referee-1-evidence/axiom-audit.json
 create mode 100644 tensor-computations/TR-15/lean/verification/linux-2026-09-12/source/tensor-computations/TR-15/lean/reviews/proof-referee-1-evidence/challenge.log
 create mode 100644 tensor-computations/TR-15/lean/verification/linux-2026-09-12/source/tensor-computations/TR-15/lean/reviews/proof-referee-1-evidence/checker.json
 create mode 100644 tensor-computations/TR-15/lean/verification/linux-2026-09-12/source/tensor-computations/TR-15/lean/reviews/proof-referee-1-evidence/checker.log
 create mode 100644 tensor-computations/TR-15/lean/verification/linux-2026-09-12/source/tensor-computations/TR-15/lean/reviews/proof-referee-1-evidence/checks.json
 create mode 100644 tensor-computations/TR-15/lean/verification/linux-2026-09-12/source/tensor-computations/TR-15/lean/reviews/proof-referee-1-evidence/definitions.log
 create mode 100644 tensor-computations/TR-15/lean/verification/linux-2026-09-12/source/tensor-computations/TR-15/lean/reviews/proof-referee-1-evidence/dependency-pins.json
 create mode 100644 tensor-computations/TR-15/lean/verification/linux-2026-09-12/source/tensor-computations/TR-15/lean/reviews/proof-referee-1-evidence/evidence-manifest.json
 create mode 100644 tensor-computations/TR-15/lean/verification/linux-2026-09-12/source/tensor-computations/TR-15/lean/reviews/proof-referee-1-evidence/final-freeze-check.json
 create mode 100644 tensor-computations/TR-15/lean/verification/linux-2026-09-12/source/tensor-computations/TR-15/lean/reviews/proof-referee-1-evidence/inputs-after.json
 create mode 100644 tensor-computations/TR-15/lean/verification/linux-2026-09-12/source/tensor-computations/TR-15/lean/reviews/proof-referee-1-evidence/inputs-before.json
 create mode 100644 tensor-computations/TR-15/lean/verification/linux-2026-09-12/source/tensor-computations/TR-15/lean/reviews/proof-referee-1-evidence/inspection.log
 create mode 100644 tensor-computations/TR-15/lean/verification/linux-2026-09-12/source/tensor-computations/TR-15/lean/reviews/proof-referee-1-evidence/primary-source.json
 create mode 100644 tensor-computations/TR-15/lean/verification/linux-2026-09-12/source/tensor-computations/TR-15/lean/reviews/proof-referee-1-evidence/proof.log
 create mode 100644 tensor-computations/TR-15/lean/verification/linux-2026-09-12/source/tensor-computations/TR-15/lean/reviews/proof-referee-1-evidence/read-source-hashes.json
 create mode 100644 tensor-computations/TR-15/lean/verification/linux-2026-09-12/source/tensor-computations/TR-15/lean/reviews/proof-referee-1-evidence/reconstruct.py
 create mode 100644 tensor-computations/TR-15/lean/verification/linux-2026-09-12/source/tensor-computations/TR-15/lean/reviews/proof-referee-1-evidence/reconstruction.json
 create mode 100644 tensor-computations/TR-15/lean/verification/linux-2026-09-12/source/tensor-computations/TR-15/lean/reviews/proof-referee-1-evidence/reuse-search-1.log
 create mode 100644 tensor-computations/TR-15/lean/verification/linux-2026-09-12/source/tensor-computations/TR-15/lean/reviews/proof-referee-1-evidence/reuse-search-2.log
 create mode 100644 tensor-computations/TR-15/lean/verification/linux-2026-09-12/source/tensor-computations/TR-15/lean/reviews/proof-referee-1-evidence/reuse-search.json
 create mode 100644 tensor-computations/TR-15/lean/verification/linux-2026-09-12/source/tensor-computations/TR-15/lean/reviews/proof-referee-1-evidence/rubric-hashes.json
 create mode 100644 tensor-computations/TR-15/lean/verification/linux-2026-09-12/source/tensor-computations/TR-15/lean/reviews/proof-referee-1-evidence/run_review.py
 create mode 100644 tensor-computations/TR-15/lean/verification/linux-2026-09-12/source/tensor-computations/TR-15/lean/reviews/proof-referee-1-evidence/signatures.json
 create mode 100644 tensor-computations/TR-15/lean/verification/linux-2026-09-12/source/tensor-computations/TR-15/lean/reviews/proof-referee-1-evidence/solution.log
 create mode 100644 tensor-computations/TR-15/lean/verification/linux-2026-09-12/source/tensor-computations/TR-15/lean/reviews/proof-referee-1.md
 create mode 100644 tensor-computations/TR-15/lean/verification/linux-2026-09-12/source/tensor-computations/TR-15/lean/reviews/proof-referee-2-root-evidence/Inspect.lean
 create mode 100644 tensor-computations/TR-15/lean/verification/linux-2026-09-12/source/tensor-computations/TR-15/lean/reviews/proof-referee-2-root-evidence/InspectCertificate.lean
 create mode 100644 tensor-computations/TR-15/lean/verification/linux-2026-09-12/source/tensor-computations/TR-15/lean/reviews/proof-referee-2-root-evidence/NLA-TR15-Definitions.log
 create mode 100644 tensor-computations/TR-15/lean/verification/linux-2026-09-12/source/tensor-computations/TR-15/lean/reviews/proof-referee-2-root-evidence/NLA-TR15-Proof.log
 create mode 100644 tensor-computations/TR-15/lean/verification/linux-2026-09-12/source/tensor-computations/TR-15/lean/reviews/proof-referee-2-root-evidence/Solution.log
 create mode 100644 tensor-computations/TR-15/lean/verification/linux-2026-09-12/source/tensor-computations/TR-15/lean/reviews/proof-referee-2-root-evidence/audit.json
 create mode 100644 tensor-computations/TR-15/lean/verification/linux-2026-09-12/source/tensor-computations/TR-15/lean/reviews/proof-referee-2-root-evidence/audit.py
 create mode 100644 tensor-computations/TR-15/lean/verification/linux-2026-09-12/source/tensor-computations/TR-15/lean/reviews/proof-referee-2-root-evidence/axioms.json
 create mode 100644 tensor-computations/TR-15/lean/verification/linux-2026-09-12/source/tensor-computations/TR-15/lean/reviews/proof-referee-2-root-evidence/certificate.json
 create mode 100644 tensor-computations/TR-15/lean/verification/linux-2026-09-12/source/tensor-computations/TR-15/lean/reviews/proof-referee-2-root-evidence/certificate.log
 create mode 100644 tensor-computations/TR-15/lean/verification/linux-2026-09-12/source/tensor-computations/TR-15/lean/reviews/proof-referee-2-root-evidence/dependencies.json
 create mode 100644 tensor-computations/TR-15/lean/verification/linux-2026-09-12/source/tensor-computations/TR-15/lean/reviews/proof-referee-2-root-evidence/execution.json
 create mode 100644 tensor-computations/TR-15/lean/verification/linux-2026-09-12/source/tensor-computations/TR-15/lean/reviews/proof-referee-2-root-evidence/fresh_review.py
 create mode 100644 tensor-computations/TR-15/lean/verification/linux-2026-09-12/source/tensor-computations/TR-15/lean/reviews/proof-referee-2-root-evidence/inspect_review.py
 create mode 100644 tensor-computations/TR-15/lean/verification/linux-2026-09-12/source/tensor-computations/TR-15/lean/reviews/proof-referee-2-root-evidence/inspection.json
 create mode 100644 tensor-computations/TR-15/lean/verification/linux-2026-09-12/source/tensor-computations/TR-15/lean/reviews/proof-referee-2-root-evidence/inspection.log
 create mode 100644 tensor-computations/TR-15/lean/verification/linux-2026-09-12/source/tensor-computations/TR-15/lean/reviews/proof-referee-2-root-evidence/manifest.json
 create mode 100644 tensor-computations/TR-15/lean/verification/linux-2026-09-12/source/tensor-computations/TR-15/lean/reviews/proof-referee-2-root-evidence/source-identity.json
 create mode 100644 tensor-computations/TR-15/lean/verification/linux-2026-09-12/source/tensor-computations/TR-15/lean/reviews/proof-referee-2.md
 create mode 100644 tensor-computations/TR-15/lean/verification/linux-2026-09-12/source/tensor-computations/TR-15/lean/reviews/source-numerical-reconstruction.json
 create mode 100644 tensor-computations/TR-15/lean/verification/linux-2026-09-12/source/tensor-computations/TR-15/lean/reviews/source-numerical-reconstruction.py
 create mode 100644 tensor-computations/TR-15/lean/verification/linux-2026-09-12/source/tensor-computations/TR-15/lean/reviews/statement-build.json
 create mode 100644 tensor-computations/TR-15/lean/verification/linux-2026-09-12/source/tensor-computations/TR-15/lean/reviews/statement-build.log
 create mode 100644 tensor-computations/TR-15/lean/verification/linux-2026-09-12/source/tensor-computations/TR-15/lean/reviews/statement-freeze.json
 create mode 100644 tensor-computations/TR-15/lean/verification/linux-2026-09-12/source/tensor-computations/TR-15/lean/reviews/statement-gate.json
 create mode 100644 tensor-computations/TR-15/lean/verification/linux-2026-09-12/source/tensor-computations/TR-15/lean/reviews/statement-inspection.json
 create mode 100644 tensor-computations/TR-15/lean/verification/linux-2026-09-12/source/tensor-computations/TR-15/lean/reviews/statement-inspection.log
 create mode 100644 tensor-computations/TR-15/lean/verification/linux-2026-09-12/source/tensor-computations/TR-15/lean/reviews/statement-referee-1-evidence/InspectStatements.lean
 create mode 100644 tensor-computations/TR-15/lean/verification/linux-2026-09-12/source/tensor-computations/TR-15/lean/reviews/statement-referee-1-evidence/audit_semantics.py
 create mode 100644 tensor-computations/TR-15/lean/verification/linux-2026-09-12/source/tensor-computations/TR-15/lean/reviews/statement-referee-1-evidence/challenge.log
 create mode 100644 tensor-computations/TR-15/lean/verification/linux-2026-09-12/source/tensor-computations/TR-15/lean/reviews/statement-referee-1-evidence/definitions.log
 create mode 100644 tensor-computations/TR-15/lean/verification/linux-2026-09-12/source/tensor-computations/TR-15/lean/reviews/statement-referee-1-evidence/dependencies.json
 create mode 100644 tensor-computations/TR-15/lean/verification/linux-2026-09-12/source/tensor-computations/TR-15/lean/reviews/statement-referee-1-evidence/evidence-manifest.json
 create mode 100644 tensor-computations/TR-15/lean/verification/linux-2026-09-12/source/tensor-computations/TR-15/lean/reviews/statement-referee-1-evidence/exact-reconstruction.json
 create mode 100644 tensor-computations/TR-15/lean/verification/linux-2026-09-12/source/tensor-computations/TR-15/lean/reviews/statement-referee-1-evidence/exact-reconstruction.log
 create mode 100644 tensor-computations/TR-15/lean/verification/linux-2026-09-12/source/tensor-computations/TR-15/lean/reviews/statement-referee-1-evidence/exact_reconstruction.py
 create mode 100644 tensor-computations/TR-15/lean/verification/linux-2026-09-12/source/tensor-computations/TR-15/lean/reviews/statement-referee-1-evidence/fresh-checks.json
 create mode 100644 tensor-computations/TR-15/lean/verification/linux-2026-09-12/source/tensor-computations/TR-15/lean/reviews/statement-referee-1-evidence/inputs-after.json
 create mode 100644 tensor-computations/TR-15/lean/verification/linux-2026-09-12/source/tensor-computations/TR-15/lean/reviews/statement-referee-1-evidence/inputs-before.json
 create mode 100644 tensor-computations/TR-15/lean/verification/linux-2026-09-12/source/tensor-computations/TR-15/lean/reviews/statement-referee-1-evidence/inspection.log
 create mode 100644 tensor-computations/TR-15/lean/verification/linux-2026-09-12/source/tensor-computations/TR-15/lean/reviews/statement-referee-1-evidence/library-source-hashes.json
 create mode 100644 tensor-computations/TR-15/lean/verification/linux-2026-09-12/source/tensor-computations/TR-15/lean/reviews/statement-referee-1-evidence/primary-source-check.json
 create mode 100644 tensor-computations/TR-15/lean/verification/linux-2026-09-12/source/tensor-computations/TR-15/lean/reviews/statement-referee-1-evidence/run_fresh_check.py
 create mode 100644 tensor-computations/TR-15/lean/verification/linux-2026-09-12/source/tensor-computations/TR-15/lean/reviews/statement-referee-1-evidence/semantic-audit.log
 create mode 100644 tensor-computations/TR-15/lean/verification/linux-2026-09-12/source/tensor-computations/TR-15/lean/reviews/statement-referee-1-evidence/statement-trust-audit.json
 create mode 100644 tensor-computations/TR-15/lean/verification/linux-2026-09-12/source/tensor-computations/TR-15/lean/reviews/statement-referee-1.md
 create mode 100644 tensor-computations/TR-15/lean/verification/linux-2026-09-12/source/tensor-computations/TR-15/lean/reviews/statement-referee-2-root-evidence/Inspect.lean
 create mode 100644 tensor-computations/TR-15/lean/verification/linux-2026-09-12/source/tensor-computations/TR-15/lean/reviews/statement-referee-2-root-evidence/challenge.log
 create mode 100644 tensor-computations/TR-15/lean/verification/linux-2026-09-12/source/tensor-computations/TR-15/lean/reviews/statement-referee-2-root-evidence/checks.json
 create mode 100644 tensor-computations/TR-15/lean/verification/linux-2026-09-12/source/tensor-computations/TR-15/lean/reviews/statement-referee-2-root-evidence/definitions.log
 create mode 100644 tensor-computations/TR-15/lean/verification/linux-2026-09-12/source/tensor-computations/TR-15/lean/reviews/statement-referee-2-root-evidence/freeze-audit.json
 create mode 100644 tensor-computations/TR-15/lean/verification/linux-2026-09-12/source/tensor-computations/TR-15/lean/reviews/statement-referee-2-root-evidence/fresh_statement_review.py
 create mode 100644 tensor-computations/TR-15/lean/verification/linux-2026-09-12/source/tensor-computations/TR-15/lean/reviews/statement-referee-2-root-evidence/inspection.log
 create mode 100644 tensor-computations/TR-15/lean/verification/linux-2026-09-12/source/tensor-computations/TR-15/lean/reviews/statement-referee-2-root-evidence/manifest.json
 create mode 100644 tensor-computations/TR-15/lean/verification/linux-2026-09-12/source/tensor-computations/TR-15/lean/reviews/statement-referee-2-root-evidence/reconstruct.py
 create mode 100644 tensor-computations/TR-15/lean/verification/linux-2026-09-12/source/tensor-computations/TR-15/lean/reviews/statement-referee-2-root-evidence/reconstruction.json
 create mode 100644 tensor-computations/TR-15/lean/verification/linux-2026-09-12/source/tensor-computations/TR-15/lean/reviews/statement-referee-2-root-evidence/source-identity.json
 create mode 100644 tensor-computations/TR-15/lean/verification/linux-2026-09-12/source/tensor-computations/TR-15/lean/reviews/statement-referee-2.md
 create mode 100644 tensor-computations/TR-15/lean/verification/linux-2026-09-12/source/tensor-computations/TR-15/lean/verification/InspectCertificate.lean
 create mode 100644 tensor-computations/TR-15/lean/verification/linux-2026-09-12/source/tensor-computations/TR-15/lean/verification/InspectProof.lean
 create mode 100644 tensor-computations/TR-15/lean/verification/linux-2026-09-12/source/tensor-computations/TR-15/lean/verification/axioms.json
 create mode 100644 tensor-computations/TR-15/lean/verification/linux-2026-09-12/source/tensor-computations/TR-15/lean/verification/certificate-inspection.json
 create mode 100644 tensor-computations/TR-15/lean/verification/linux-2026-09-12/source/tensor-computations/TR-15/lean/verification/certificate-inspection.log
 create mode 100644 tensor-computations/TR-15/lean/verification/linux-2026-09-12/source/tensor-computations/TR-15/lean/verification/dependency-pins.json
 create mode 100644 tensor-computations/TR-15/lean/verification/linux-2026-09-12/source/tensor-computations/TR-15/lean/verification/fresh-certificate.log
 create mode 100644 tensor-computations/TR-15/lean/verification/linux-2026-09-12/source/tensor-computations/TR-15/lean/verification/fresh-challenge.log
 create mode 100644 tensor-computations/TR-15/lean/verification/linux-2026-09-12/source/tensor-computations/TR-15/lean/verification/fresh-checks.json
 create mode 100644 tensor-computations/TR-15/lean/verification/linux-2026-09-12/source/tensor-computations/TR-15/lean/verification/fresh-definitions.log
 create mode 100644 tensor-computations/TR-15/lean/verification/linux-2026-09-12/source/tensor-computations/TR-15/lean/verification/fresh-inspection.log
 create mode 100644 tensor-computations/TR-15/lean/verification/linux-2026-09-12/source/tensor-computations/TR-15/lean/verification/fresh-proof.log
 create mode 100644 tensor-computations/TR-15/lean/verification/linux-2026-09-12/source/tensor-computations/TR-15/lean/verification/fresh-solution.log
 create mode 100644 tensor-computations/TR-15/lean/verification/linux-2026-09-12/source/tensor-computations/TR-15/lean/verification/fresh_check.py
 create mode 100644 tensor-computations/TR-15/lean/verification/linux-2026-09-12/source/tensor-computations/TR-15/lean/verification/inputs-after.json
 create mode 100644 tensor-computations/TR-15/lean/verification/linux-2026-09-12/source/tensor-computations/TR-15/lean/verification/inputs-before.json
 create mode 100644 tensor-computations/TR-15/lean/verification/linux-2026-09-12/source/tensor-computations/TR-15/lean/verification/linux-candidate-2026-09-12/CANDIDATE-HANDOFF.md
 create mode 100644 tensor-computations/TR-15/lean/verification/linux-2026-09-12/source/tensor-computations/TR-15/lean/verification/linux-candidate-2026-09-12/EVIDENCE-MANIFEST.json
 create mode 100644 tensor-computations/TR-15/lean/verification/linux-2026-09-12/source/tensor-computations/TR-15/lean/verification/linux-candidate-2026-09-12/dependencies.json
 create mode 100644 tensor-computations/TR-15/lean/verification/linux-2026-09-12/source/tensor-computations/TR-15/lean/verification/linux-candidate-2026-09-12/frozen-statement-stage-README.md
 create mode 100644 tensor-computations/TR-15/lean/verification/linux-2026-09-12/source/tensor-computations/TR-15/lean/verification/linux-candidate-2026-09-12/inputs-before-packaging.json
 create mode 100644 tensor-computations/TR-15/lean/verification/linux-2026-09-12/source/tensor-computations/TR-15/lean/verification/linux-candidate-2026-09-12/metadata-validation.log
 create mode 100644 tensor-computations/TR-15/lean/verification/linux-2026-09-12/source/tensor-computations/TR-15/lean/verification/linux-candidate-2026-09-12/packaging-record.json
 create mode 100644 tensor-computations/TR-15/lean/verification/linux-2026-09-12/source/tensor-computations/TR-15/lean/verification/linux-candidate-2026-09-12/permanent-id-tests.log
 create mode 100644 tensor-computations/TR-15/lean/verification/linux-2026-09-12/source/tensor-computations/TR-15/lean/verification/linux-candidate-2026-09-12/permanent-ids.log
 create mode 100644 tensor-computations/TR-15/lean/verification/linux-2026-09-12/source/tensor-computations/TR-15/lean/verification/linux-candidate-2026-09-12/validate_package.py
 create mode 100644 tensor-computations/TR-15/lean/verification/linux-2026-09-12/source/tensor-computations/TR-15/lean/verification/proof-build.json
 create mode 100644 tensor-computations/TR-15/lean/verification/linux-2026-09-12/source/tensor-computations/TR-15/lean/verification/proof-build.log
 create mode 100644 tensor-computations/TR-15/lean/verification/linux-2026-09-12/source/tensor-computations/TR-15/lean/verification/retained-dependencies.json
 create mode 100644 tensor-computations/TR-15/lean/verification/linux-2026-09-12/source/tensor-computations/TR-15/lean/verification/root-linux-packaging.json
 create mode 100644 tensor-computations/TR-15/lean/verification/linux-2026-09-12/source/tensor-computations/TR-15/lean/verification/source-identity.json
 create mode 100644 tensor-computations/TR-15/lean/verification/linux-2026-09-12/source/tensor-computations/TR-15/lean/verification/source-signatures.json
 create mode 100644 tensor-computations/TR-15/lean/verification/linux-2026-09-12/source/tensor-computations/TR-15/problem.pdf
 create mode 100644 tensor-computations/TR-15/lean/verification/linux-2026-09-12/source/tensor-computations/TR-15/problem.tex
 create mode 100644 tensor-computations/TR-15/lean/verification/linux-2026-09-12/source/tools/lean/bootstrap.sh
 create mode 100644 tensor-computations/TR-15/lean/verification/linux-2026-09-12/source/tools/lean/harness.py
 create mode 100644 tensor-computations/TR-15/lean/verification/linux-2026-09-12/source/tools/lean/selftest.sh
 create mode 100644 tensor-computations/TR-15/lean/verification/linux-2026-09-12/source/tools/lean/source-lock.json
 create mode 100644 tensor-computations/TR-15/lean/verification/linux-2026-09-12/source/tools/lean/verify.sh
 create mode 100644 tensor-computations/TR-15/lean/verification/linux-2026-09-12/tool-source-verification.json
 create mode 100644 tensor-computations/TR-15/lean/verification/linux-2026-09-12/verify_retained_evidence.py
 create mode 100644 tensor-computations/TR-15/lean/verification/linux-candidate-2026-09-12/CANDIDATE-HANDOFF.md
 create mode 100644 tensor-computations/TR-15/lean/verification/linux-candidate-2026-09-12/EVIDENCE-MANIFEST.json
 create mode 100644 tensor-computations/TR-15/lean/verification/linux-candidate-2026-09-12/dependencies.json
 create mode 100644 tensor-computations/TR-15/lean/verification/linux-candidate-2026-09-12/frozen-statement-stage-README.md
 create mode 100644 tensor-computations/TR-15/lean/verification/linux-candidate-2026-09-12/inputs-before-packaging.json
 create mode 100644 tensor-computations/TR-15/lean/verification/linux-candidate-2026-09-12/metadata-validation.log
 create mode 100644 tensor-computations/TR-15/lean/verification/linux-candidate-2026-09-12/packaging-record.json
 create mode 100644 tensor-computations/TR-15/lean/verification/linux-candidate-2026-09-12/permanent-id-tests.log
 create mode 100644 tensor-computations/TR-15/lean/verification/linux-candidate-2026-09-12/permanent-ids.log
 create mode 100644 tensor-computations/TR-15/lean/verification/linux-candidate-2026-09-12/validate_package.py
 create mode 100644 tensor-computations/TR-15/lean/verification/proof-build.json
 create mode 100644 tensor-computations/TR-15/lean/verification/proof-build.log
 create mode 100644 tensor-computations/TR-15/lean/verification/publication-2026-09-12/EVIDENCE-MANIFEST.json
 create mode 100644 tensor-computations/TR-15/lean/verification/publication-2026-09-12/INDEPENDENT-REVIEW.md
 create mode 100644 tensor-computations/TR-15/lean/verification/publication-2026-09-12/PUBLICATION-REVIEW.md
 create mode 100644 tensor-computations/TR-15/lean/verification/publication-2026-09-12/ROOT-CHECKS.json
 create mode 100644 tensor-computations/TR-15/lean/verification/publication-2026-09-12/ROOT-MANIFEST.json
 create mode 100644 tensor-computations/TR-15/lean/verification/publication-2026-09-12/before.json
 create mode 100644 tensor-computations/TR-15/lean/verification/publication-2026-09-12/catalog.json
 create mode 100644 tensor-computations/TR-15/lean/verification/publication-2026-09-12/catalog.log
 create mode 100644 tensor-computations/TR-15/lean/verification/publication-2026-09-12/final-checks.json
 create mode 100644 tensor-computations/TR-15/lean/verification/publication-2026-09-12/final-format.log
 create mode 100644 tensor-computations/TR-15/lean/verification/publication-2026-09-12/finish.py
 create mode 100644 tensor-computations/TR-15/lean/verification/publication-2026-09-12/format.json
 create mode 100644 tensor-computations/TR-15/lean/verification/publication-2026-09-12/format.log
 create mode 100644 tensor-computations/TR-15/lean/verification/publication-2026-09-12/id-tests.json
 create mode 100644 tensor-computations/TR-15/lean/verification/publication-2026-09-12/id-tests.log
 create mode 100644 tensor-computations/TR-15/lean/verification/publication-2026-09-12/initial-pdf-rasterization.json
 create mode 100644 tensor-computations/TR-15/lean/verification/publication-2026-09-12/initial-pdf-rasterization.log
 create mode 100644 tensor-computations/TR-15/lean/verification/publication-2026-09-12/initial-pdfinfo.log
 create mode 100644 tensor-computations/TR-15/lean/verification/publication-2026-09-12/initial-render.json
 create mode 100644 tensor-computations/TR-15/lean/verification/publication-2026-09-12/initial-render.log
 create mode 100644 tensor-computations/TR-15/lean/verification/publication-2026-09-12/integration.json
 create mode 100644 tensor-computations/TR-15/lean/verification/publication-2026-09-12/integration.log
 create mode 100644 tensor-computations/TR-15/lean/verification/publication-2026-09-12/integrity.json
 create mode 100644 tensor-computations/TR-15/lean/verification/publication-2026-09-12/manifest.json
 create mode 100644 tensor-computations/TR-15/lean/verification/publication-2026-09-12/manifest.log
 create mode 100644 tensor-computations/TR-15/lean/verification/publication-2026-09-12/pdf-rasterization.json
 create mode 100644 tensor-computations/TR-15/lean/verification/publication-2026-09-12/pdf-rasterization.log
 create mode 100644 tensor-computations/TR-15/lean/verification/publication-2026-09-12/pdf-text.txt
 create mode 100644 tensor-computations/TR-15/lean/verification/publication-2026-09-12/pdfinfo.log
 create mode 100644 tensor-computations/TR-15/lean/verification/publication-2026-09-12/permanent-ids.json
 create mode 100644 tensor-computations/TR-15/lean/verification/publication-2026-09-12/permanent-ids.log
 create mode 100644 tensor-computations/TR-15/lean/verification/publication-2026-09-12/prepare.py
 create mode 100644 tensor-computations/TR-15/lean/verification/publication-2026-09-12/render.json
 create mode 100644 tensor-computations/TR-15/lean/verification/publication-2026-09-12/render.log
 create mode 100644 tensor-computations/TR-15/lean/verification/publication-2026-09-12/root_publication_check.py
 create mode 100644 tensor-computations/TR-15/lean/verification/publication-2026-09-12/scoped-diff-check.log
 create mode 100644 tensor-computations/TR-15/lean/verification/publication-2026-09-12/visual-review.json
 create mode 100644 tensor-computations/TR-15/lean/verification/retained-dependencies.json
 create mode 100644 tensor-computations/TR-15/lean/verification/root-linux-packaging.json
 create mode 100644 tensor-computations/TR-15/lean/verification/source-identity.json
 create mode 100644 tensor-computations/TR-15/lean/verification/source-signatures.json
