2026-09-15T23:24:57.7289088Z Current runner version: '2.337.0'
2026-09-15T23:24:57.7308846Z ##[group]Runner Image Provisioner
2026-09-15T23:24:57.7309613Z Hosted Compute Agent
2026-09-15T23:24:57.7310154Z Version: 20260828.587
2026-09-15T23:24:57.7310687Z Commit: abac92662cab4cc7352de4f9f9d2e2419aad9c29
2026-09-15T23:24:57.7311297Z Build Date: 2026-08-28T16:44:25Z
2026-09-15T23:24:57.7311903Z Worker ID: {ee022df8-2749-43b7-ae48-733917fffd0f}
2026-09-15T23:24:57.7312488Z Azure Region: mexicocentral
2026-09-15T23:24:57.7312997Z ##[endgroup]
2026-09-15T23:24:57.7314475Z ##[group]Operating System
2026-09-15T23:24:57.7315027Z Ubuntu
2026-09-15T23:24:57.7315814Z 24.04.5
2026-09-15T23:24:57.7316231Z LTS
2026-09-15T23:24:57.7316675Z ##[endgroup]
2026-09-15T23:24:57.7317165Z ##[group]Runner Image
2026-09-15T23:24:57.7317651Z Image: ubuntu-24.04
2026-09-15T23:24:57.7318146Z Version: 20260907.300.1
2026-09-15T23:24:57.7319165Z Included Software: https://github.com/actions/runner-images/blob/ubuntu24/20260907.300/images/ubuntu/Ubuntu2404-Readme.md
2026-09-15T23:24:57.7320449Z Image Release: https://github.com/actions/runner-images/releases/tag/ubuntu24%2F20260907.300
2026-09-15T23:24:57.7321218Z ##[endgroup]
2026-09-15T23:24:57.7322144Z ##[group]GITHUB_TOKEN Permissions
2026-09-15T23:24:57.7323947Z Contents: read
2026-09-15T23:24:57.7324493Z Metadata: read
2026-09-15T23:24:57.7324981Z ##[endgroup]
2026-09-15T23:24:57.7326562Z Secret source: Actions
2026-09-15T23:24:57.7327417Z Cache mode: write
2026-09-15T23:24:57.7327950Z Prepare workflow directory
2026-09-15T23:24:57.7639778Z Prepare all required actions
2026-09-15T23:24:57.7680555Z Getting action download info
2026-09-15T23:24:58.0794290Z Download action repository 'actions/checkout@11d5960a326750d5838078e36cf38b85af677262' (SHA:11d5960a326750d5838078e36cf38b85af677262)
2026-09-15T23:24:58.2504984Z Download action repository 'actions/setup-go@924ae3a1cded613372ab5595356fb5720e22ba16' (SHA:924ae3a1cded613372ab5595356fb5720e22ba16)
2026-09-15T23:24:59.5679984Z Download action repository 'leanprover/lean-action@96e06131c0e9943c780388fd166f55d1e2fa0433' (SHA:96e06131c0e9943c780388fd166f55d1e2fa0433)
2026-09-15T23:24:59.8694564Z Download action repository 'actions/upload-artifact@ea165f8d65b6e75b540449e92b4886f43607fa02' (SHA:ea165f8d65b6e75b540449e92b4886f43607fa02)
2026-09-15T23:25:00.1765613Z Getting action download info
2026-09-15T23:25:00.2929686Z Download action repository 'actions/cache@v5' (SHA:caa296126883cff596d87d8935842f9db880ef25)
2026-09-15T23:25:00.4983465Z Complete job name: verify (IE-14, linear-systems-and-elimination/IE-14/lean)
2026-09-15T23:25:00.5602680Z Node 20 is being deprecated. This workflow is running with Node 24 by default. If you need to temporarily use Node 20, you can set the ACTIONS_ALLOW_USE_UNSECURE_NODE_VERSION=true environment variable. For more information see: https://github.blog/changelog/2025-09-19-deprecation-of-node-20-on-github-actions-runners/
2026-09-15T23:25:00.5609016Z ##[group]Run actions/checkout@11d5960a326750d5838078e36cf38b85af677262
2026-09-15T23:25:00.5609484Z with:
2026-09-15T23:25:00.5609698Z   persist-credentials: false
2026-09-15T23:25:00.5609971Z   repository: ajt60gaibb/OpenProblemsInNLA
2026-09-15T23:25:00.5612292Z   token: ***
2026-09-15T23:25:00.5612506Z   ssh-strict: true
2026-09-15T23:25:00.5612710Z   ssh-user: git
2026-09-15T23:25:00.5612911Z   clean: true
2026-09-15T23:25:00.5613395Z   sparse-checkout-cone-mode: true
2026-09-15T23:25:00.5613712Z   fetch-depth: 1
2026-09-15T23:25:00.5613914Z   fetch-tags: false
2026-09-15T23:25:00.5614122Z   show-progress: true
2026-09-15T23:25:00.5614367Z   lfs: false
2026-09-15T23:25:00.5614580Z   submodules: false
2026-09-15T23:25:00.5614788Z   set-safe-directory: true
2026-09-15T23:25:00.5615032Z   allow-unsafe-pr-checkout: false
2026-09-15T23:25:00.5615485Z ##[endgroup]
2026-09-15T23:25:00.6415452Z Syncing repository: ajt60gaibb/OpenProblemsInNLA
2026-09-15T23:25:00.6417309Z ##[group]Getting Git version info
2026-09-15T23:25:00.6417984Z Working directory is '/home/runner/work/OpenProblemsInNLA/OpenProblemsInNLA'
2026-09-15T23:25:00.6419221Z [command]/usr/bin/git version
2026-09-15T23:25:00.6492290Z git version 2.55.0
2026-09-15T23:25:00.6508972Z ##[endgroup]
2026-09-15T23:25:00.6520159Z Temporarily overriding HOME='/home/runner/work/_temp/844ee32e-5985-4746-a19f-f959de1215a5' before making global git config changes
2026-09-15T23:25:00.6521286Z Adding repository directory to the temporary git global config as a safe directory
2026-09-15T23:25:00.6524051Z [command]/usr/bin/git config --global --add safe.directory /home/runner/work/OpenProblemsInNLA/OpenProblemsInNLA
2026-09-15T23:25:00.6570426Z Deleting the contents of '/home/runner/work/OpenProblemsInNLA/OpenProblemsInNLA'
2026-09-15T23:25:00.6576655Z ##[group]Initializing the repository
2026-09-15T23:25:00.6585211Z [command]/usr/bin/git init /home/runner/work/OpenProblemsInNLA/OpenProblemsInNLA
2026-09-15T23:25:00.6672500Z hint: Using 'master' as the name for the initial branch. This default branch name
2026-09-15T23:25:00.6673521Z hint: will change to "main" in Git 3.0. To configure the initial branch name
2026-09-15T23:25:00.6674403Z hint: to use in all of your new repositories, which will suppress this warning,
2026-09-15T23:25:00.6675294Z hint: call:
2026-09-15T23:25:00.6675665Z hint:
2026-09-15T23:25:00.6676081Z hint: 	git config --global init.defaultBranch <name>
2026-09-15T23:25:00.6676512Z hint:
2026-09-15T23:25:00.6677050Z hint: Names commonly chosen instead of 'master' are 'main', 'trunk' and
2026-09-15T23:25:00.6677927Z hint: 'development'. The just-created branch can be renamed via this command:
2026-09-15T23:25:00.6678480Z hint:
2026-09-15T23:25:00.6678795Z hint: 	git branch -m <name>
2026-09-15T23:25:00.6679144Z hint:
2026-09-15T23:25:00.6679635Z hint: Disable this message with "git config set advice.defaultBranchName false"
2026-09-15T23:25:00.6680445Z Initialized empty Git repository in /home/runner/work/OpenProblemsInNLA/OpenProblemsInNLA/.git/
2026-09-15T23:25:00.6685225Z [command]/usr/bin/git remote add origin https://github.com/ajt60gaibb/OpenProblemsInNLA
2026-09-15T23:25:00.6730511Z ##[endgroup]
2026-09-15T23:25:00.6730958Z ##[group]Disabling automatic garbage collection
2026-09-15T23:25:00.6734377Z [command]/usr/bin/git config --local gc.auto 0
2026-09-15T23:25:00.6760126Z ##[endgroup]
2026-09-15T23:25:00.6760695Z ##[group]Setting up auth
2026-09-15T23:25:00.6766250Z [command]/usr/bin/git config --local --name-only --get-regexp core\.sshCommand
2026-09-15T23:25:00.6793317Z [command]/usr/bin/git submodule foreach --recursive sh -c "git config --local --name-only --get-regexp 'core\.sshCommand' && git config --local --unset-all 'core.sshCommand' || :"
2026-09-15T23:25:00.7119943Z [command]/usr/bin/git config --local --name-only --get-regexp http\.https\:\/\/github\.com\/\.extraheader
2026-09-15T23:25:00.7153375Z [command]/usr/bin/git submodule foreach --recursive sh -c "git config --local --name-only --get-regexp 'http\.https\:\/\/github\.com\/\.extraheader' && git config --local --unset-all 'http.https://github.com/.extraheader' || :"
2026-09-15T23:25:00.7340933Z [command]/usr/bin/git config --local --name-only --get-regexp ^includeIf\.gitdir:
2026-09-15T23:25:00.7369464Z [command]/usr/bin/git submodule foreach --recursive git config --local --show-origin --name-only --get-regexp remote.origin.url
2026-09-15T23:25:00.7555065Z [command]/usr/bin/git config --local http.https://github.com/.extraheader AUTHORIZATION: basic ***
2026-09-15T23:25:00.7585527Z ##[endgroup]
2026-09-15T23:25:00.7586136Z ##[group]Fetching the repository
2026-09-15T23:25:00.7593055Z [command]/usr/bin/git -c protocol.version=2 fetch --no-tags --prune --no-recurse-submodules --depth=1 origin +6e48f25fffdae2cf93e4985dc515abbd15e0481b:refs/remotes/origin/codex/lean-ie14
2026-09-15T23:25:10.9727404Z From https://github.com/ajt60gaibb/OpenProblemsInNLA
2026-09-15T23:25:10.9728150Z  * [new ref]           6e48f25fffdae2cf93e4985dc515abbd15e0481b -> origin/codex/lean-ie14
2026-09-15T23:25:10.9730584Z ##[endgroup]
2026-09-15T23:25:10.9731253Z ##[group]Determining the checkout info
2026-09-15T23:25:10.9739245Z ##[endgroup]
2026-09-15T23:25:10.9740206Z [command]/usr/bin/git sparse-checkout disable
2026-09-15T23:25:11.0038179Z [command]/usr/bin/git config --local --unset-all extensions.worktreeConfig
2026-09-15T23:25:11.0231806Z ##[group]Checking out the ref
2026-09-15T23:25:11.0237334Z [command]/usr/bin/git checkout --progress --force -B codex/lean-ie14 refs/remotes/origin/codex/lean-ie14
2026-09-15T23:25:12.0617590Z Updating files:  68% (18191/26519)
2026-09-15T23:25:12.0717815Z Updating files:  69% (18299/26519)
2026-09-15T23:25:12.0824023Z Updating files:  70% (18564/26519)
2026-09-15T23:25:12.0962931Z Updating files:  71% (18829/26519)
2026-09-15T23:25:12.1107953Z Updating files:  72% (19094/26519)
2026-09-15T23:25:12.1218044Z Updating files:  73% (19359/26519)
2026-09-15T23:25:12.1318746Z Updating files:  74% (19625/26519)
2026-09-15T23:25:12.1448046Z Updating files:  75% (19890/26519)
2026-09-15T23:25:12.1725109Z Updating files:  76% (20155/26519)
2026-09-15T23:25:12.1853684Z Updating files:  77% (20420/26519)
2026-09-15T23:25:12.2027075Z Updating files:  78% (20685/26519)
2026-09-15T23:25:12.2259360Z Updating files:  79% (20951/26519)
2026-09-15T23:25:12.4932995Z Updating files:  80% (21216/26519)
2026-09-15T23:25:12.5203782Z Updating files:  81% (21481/26519)
2026-09-15T23:25:12.5501392Z Updating files:  82% (21746/26519)
2026-09-15T23:25:12.5864175Z Updating files:  83% (22011/26519)
2026-09-15T23:25:12.6858423Z Updating files:  84% (22276/26519)
2026-09-15T23:25:12.7184238Z Updating files:  85% (22542/26519)
2026-09-15T23:25:12.7432364Z Updating files:  86% (22807/26519)
2026-09-15T23:25:12.7887421Z Updating files:  87% (23072/26519)
2026-09-15T23:25:12.8284061Z Updating files:  88% (23337/26519)
2026-09-15T23:25:12.8687383Z Updating files:  89% (23602/26519)
2026-09-15T23:25:12.9339262Z Updating files:  90% (23868/26519)
2026-09-15T23:25:12.9517777Z Updating files:  91% (24133/26519)
2026-09-15T23:25:12.9701203Z Updating files:  92% (24398/26519)
2026-09-15T23:25:12.9845013Z Updating files:  93% (24663/26519)
2026-09-15T23:25:13.0049669Z Updating files:  94% (24928/26519)
2026-09-15T23:25:13.0193851Z Updating files:  95% (25194/26519)
2026-09-15T23:25:13.0330347Z Updating files:  96% (25459/26519)
2026-09-15T23:25:13.0446773Z Updating files:  97% (25724/26519)
2026-09-15T23:25:13.0535835Z Updating files:  98% (25989/26519)
2026-09-15T23:25:13.0576844Z Updating files:  98% (26168/26519)
2026-09-15T23:25:13.0692297Z Updating files:  99% (26254/26519)
2026-09-15T23:25:13.0692660Z Updating files: 100% (26519/26519)
2026-09-15T23:25:13.0693427Z Updating files: 100% (26519/26519), done.
2026-09-15T23:25:13.0943732Z Switched to a new branch 'codex/lean-ie14'
2026-09-15T23:25:13.0948768Z branch 'codex/lean-ie14' set up to track 'origin/codex/lean-ie14'.
2026-09-15T23:25:13.1027711Z ##[endgroup]
2026-09-15T23:25:13.1068436Z [command]/usr/bin/git log -1 --format=%H
2026-09-15T23:25:13.1092699Z 6e48f25fffdae2cf93e4985dc515abbd15e0481b
2026-09-15T23:25:13.1100789Z ##[group]Removing auth
2026-09-15T23:25:13.1104208Z [command]/usr/bin/git config --local --name-only --get-regexp core\.sshCommand
2026-09-15T23:25:13.1134645Z [command]/usr/bin/git submodule foreach --recursive sh -c "git config --local --name-only --get-regexp 'core\.sshCommand' && git config --local --unset-all 'core.sshCommand' || :"
2026-09-15T23:25:13.1355703Z [command]/usr/bin/git config --local --name-only --get-regexp http\.https\:\/\/github\.com\/\.extraheader
2026-09-15T23:25:13.1380308Z http.https://github.com/.extraheader
2026-09-15T23:25:13.1387972Z [command]/usr/bin/git config --local --unset-all http.https://github.com/.extraheader
2026-09-15T23:25:13.1419486Z [command]/usr/bin/git submodule foreach --recursive sh -c "git config --local --name-only --get-regexp 'http\.https\:\/\/github\.com\/\.extraheader' && git config --local --unset-all 'http.https://github.com/.extraheader' || :"
2026-09-15T23:25:13.1626741Z [command]/usr/bin/git config --local --name-only --get-regexp ^includeIf\.gitdir:
2026-09-15T23:25:13.1654049Z [command]/usr/bin/git submodule foreach --recursive git config --local --show-origin --name-only --get-regexp remote.origin.url
2026-09-15T23:25:13.1865671Z ##[endgroup]
2026-09-15T23:25:13.2030574Z ##[group]Run python3 -m pip install -r tools/lean/requirements.txt
2026-09-15T23:25:13.2031025Z [36;1mpython3 -m pip install -r tools/lean/requirements.txt[0m
2026-09-15T23:25:13.2031387Z [36;1mpython3 tools/lean/validate_manifest.py "$LEAN_PROJECT"[0m
2026-09-15T23:25:13.2065604Z shell: /usr/bin/bash -e {0}
2026-09-15T23:25:13.2065820Z env:
2026-09-15T23:25:13.2066044Z   LEAN_PROJECT: linear-systems-and-elimination/IE-14/lean
2026-09-15T23:25:13.2066318Z ##[endgroup]
2026-09-15T23:25:13.5549097Z Defaulting to user installation because normal site-packages is not writeable
2026-09-15T23:25:14.0428394Z Collecting PyYAML==6.0.3 (from -r tools/lean/requirements.txt (line 1))
2026-09-15T23:25:14.0660689Z   Downloading pyyaml-6.0.3-cp312-cp312-manylinux2014_x86_64.manylinux_2_17_x86_64.manylinux_2_28_x86_64.whl.metadata (2.4 kB)
2026-09-15T23:25:14.0916764Z Collecting jsonschema==4.26.0 (from -r tools/lean/requirements.txt (line 2))
2026-09-15T23:25:14.0945554Z   Downloading jsonschema-4.26.0-py3-none-any.whl.metadata (7.6 kB)
2026-09-15T23:25:14.1065482Z Requirement already satisfied: attrs>=22.2.0 in /usr/lib/python3/dist-packages (from jsonschema==4.26.0->-r tools/lean/requirements.txt (line 2)) (23.2.0)
2026-09-15T23:25:14.1194927Z Collecting jsonschema-specifications>=2023.03.6 (from jsonschema==4.26.0->-r tools/lean/requirements.txt (line 2))
2026-09-15T23:25:14.1217716Z   Downloading jsonschema_specifications-2025.9.1-py3-none-any.whl.metadata (2.9 kB)
2026-09-15T23:25:14.1481612Z Collecting referencing>=0.28.4 (from jsonschema==4.26.0->-r tools/lean/requirements.txt (line 2))
2026-09-15T23:25:14.1504196Z   Downloading referencing-0.37.0-py3-none-any.whl.metadata (2.8 kB)
2026-09-15T23:25:14.3632473Z Collecting rpds-py>=0.25.0 (from jsonschema==4.26.0->-r tools/lean/requirements.txt (line 2))
2026-09-15T23:25:14.3660157Z   Downloading rpds_py-2026.6.3-cp312-cp312-manylinux_2_17_x86_64.manylinux2014_x86_64.whl.metadata (4.1 kB)
2026-09-15T23:25:14.3910052Z Requirement already satisfied: typing-extensions>=4.4.0 in /usr/lib/python3/dist-packages (from referencing>=0.28.4->jsonschema==4.26.0->-r tools/lean/requirements.txt (line 2)) (4.10.0)
2026-09-15T23:25:14.3957046Z Downloading pyyaml-6.0.3-cp312-cp312-manylinux2014_x86_64.manylinux_2_17_x86_64.manylinux_2_28_x86_64.whl (807 kB)
2026-09-15T23:25:14.4071499Z    ━━━━━━━━━━━━━━━━━━━━━━━━━━━━━━━━━━━━━━━━ 807.9/807.9 kB 82.8 MB/s eta 0:00:00
2026-09-15T23:25:14.4095137Z Downloading jsonschema-4.26.0-py3-none-any.whl (90 kB)
2026-09-15T23:25:14.4125476Z    ━━━━━━━━━━━━━━━━━━━━━━━━━━━━━━━━━━━━━━━━ 90.6/90.6 kB 44.6 MB/s eta 0:00:00
2026-09-15T23:25:14.4146385Z Downloading jsonschema_specifications-2025.9.1-py3-none-any.whl (18 kB)
2026-09-15T23:25:14.4181577Z Downloading referencing-0.37.0-py3-none-any.whl (26 kB)
2026-09-15T23:25:14.4220002Z Downloading rpds_py-2026.6.3-cp312-cp312-manylinux_2_17_x86_64.manylinux2014_x86_64.whl (366 kB)
2026-09-15T23:25:14.4259780Z    ━━━━━━━━━━━━━━━━━━━━━━━━━━━━━━━━━━━━━━━ 366.2/366.2 kB 134.2 MB/s eta 0:00:00
2026-09-15T23:25:14.6269970Z Installing collected packages: rpds-py, PyYAML, referencing, jsonschema-specifications, jsonschema
2026-09-15T23:25:14.7603446Z Successfully installed PyYAML-6.0.3 jsonschema-4.26.0 jsonschema-specifications-2025.9.1 referencing-0.37.0 rpds-py-2026.6.3
2026-09-15T23:25:14.9422088Z Manifest schema and comparator coverage: PASS (7 declarations)
2026-09-15T23:25:14.9603467Z ##[group]Run actions/setup-go@924ae3a1cded613372ab5595356fb5720e22ba16
2026-09-15T23:25:14.9603788Z with:
2026-09-15T23:25:14.9603961Z   go-version: 1.27.1
2026-09-15T23:25:14.9604137Z   cache: false
2026-09-15T23:25:14.9604302Z   check-latest: false
2026-09-15T23:25:14.9606521Z   token: ***
2026-09-15T23:25:14.9606697Z ##[endgroup]
2026-09-15T23:25:15.0600897Z Setup go version spec 1.27.1
2026-09-15T23:25:15.0610118Z Attempting to download 1.27.1...
2026-09-15T23:25:16.0348309Z matching 1.27.1...
2026-09-15T23:25:16.0367831Z Acquiring 1.27.1 from https://github.com/actions/go-versions/releases/download/1.27.1-33583469715/go-1.27.1-linux-x64.tar.gz
2026-09-15T23:25:16.5206950Z Extracting Go...
2026-09-15T23:25:16.5293780Z [command]/usr/bin/tar xz --warning=no-unknown-keyword --overwrite -C /home/runner/work/_temp/b23e12f4-5214-4646-a293-c918434071b8 -f /home/runner/work/_temp/020200e5-8a18-46a1-83fa-fb4902a086c9
2026-09-15T23:25:18.0284456Z Successfully extracted go to /home/runner/work/_temp/b23e12f4-5214-4646-a293-c918434071b8
2026-09-15T23:25:18.0284878Z Adding to the cache ...
2026-09-15T23:25:29.0653728Z Successfully cached go to /opt/hostedtoolcache/go/1.27.1/x64
2026-09-15T23:25:29.0655550Z Added go to the path
2026-09-15T23:25:29.0657643Z Successfully set up Go version 1.27.1
2026-09-15T23:25:29.0834812Z go version go1.27.1 linux/amd64
2026-09-15T23:25:29.0834993Z 
2026-09-15T23:25:29.0835254Z ##[group]go env
2026-09-15T23:25:29.2032373Z AR='ar'
2026-09-15T23:25:29.2032660Z CC='gcc'
2026-09-15T23:25:29.2032908Z CGO_CFLAGS='-O2 -g'
2026-09-15T23:25:29.2033334Z CGO_CPPFLAGS=''
2026-09-15T23:25:29.2033582Z CGO_CXXFLAGS='-O2 -g'
2026-09-15T23:25:29.2033840Z CGO_ENABLED='1'
2026-09-15T23:25:29.2034076Z CGO_FFLAGS='-O2 -g'
2026-09-15T23:25:29.2034354Z CGO_LDFLAGS='-O2 -g'
2026-09-15T23:25:29.2034581Z CXX='g++'
2026-09-15T23:25:29.2034796Z GCCGO='gccgo'
2026-09-15T23:25:29.2035016Z GO111MODULE=''
2026-09-15T23:25:29.2035238Z GOAMD64='v1'
2026-09-15T23:25:29.2035471Z GOARCH='amd64'
2026-09-15T23:25:29.2035715Z GOAUTH='netrc'
2026-09-15T23:25:29.2035958Z GOBIN='/home/runner/go/bin'
2026-09-15T23:25:29.2036263Z GOCACHE='/home/runner/.cache/go-build'
2026-09-15T23:25:29.2036575Z GOCACHEPROG=''
2026-09-15T23:25:29.2036805Z GODEBUG=''
2026-09-15T23:25:29.2037046Z GOENV='/home/runner/.config/go/env'
2026-09-15T23:25:29.2037336Z GOEXE=''
2026-09-15T23:25:29.2037555Z GOEXPERIMENT=''
2026-09-15T23:25:29.2037843Z GOFIPS140='off'
2026-09-15T23:25:29.2038072Z GOFLAGS=''
2026-09-15T23:25:29.2038883Z GOGCCFLAGS='-fPIC -m64 -pthread -Wl,--no-gc-sections -fmessage-length=0 -ffile-prefix-map=/tmp/go-build4195411195=/tmp/go-build -gno-record-gcc-switches'
2026-09-15T23:25:29.2039693Z GOHOSTARCH='amd64'
2026-09-15T23:25:29.2039941Z GOHOSTOS='linux'
2026-09-15T23:25:29.2040177Z GOINSECURE=''
2026-09-15T23:25:29.2040401Z GOMOD='/dev/null'
2026-09-15T23:25:29.2040669Z GOMODCACHE='/home/runner/go/pkg/mod'
2026-09-15T23:25:29.2040963Z GONOPROXY=''
2026-09-15T23:25:29.2041183Z GONOSUMDB=''
2026-09-15T23:25:29.2041403Z GOOS='linux'
2026-09-15T23:25:29.2041627Z GOPACKAGESDRIVER=''
2026-09-15T23:25:29.2041902Z GOPATH='/home/runner/go'
2026-09-15T23:25:29.2042151Z GOPRIVATE=''
2026-09-15T23:25:29.2042450Z GOPROXY='https://proxy.golang.org,direct'
2026-09-15T23:25:29.2042824Z GOROOT='/opt/hostedtoolcache/go/1.27.1/x64'
2026-09-15T23:25:29.2043299Z GOSUMDB='sum.golang.org'
2026-09-15T23:25:29.2043568Z GOTELEMETRY='local'
2026-09-15T23:25:29.2043918Z GOTELEMETRYDIR='/home/runner/.config/go/telemetry'
2026-09-15T23:25:29.2044265Z GOTMPDIR=''
2026-09-15T23:25:29.2044482Z GOTOOLCHAIN='local'
2026-09-15T23:25:29.2044838Z GOTOOLDIR='/opt/hostedtoolcache/go/1.27.1/x64/pkg/tool/linux_amd64'
2026-09-15T23:25:29.2045242Z GOVCS=''
2026-09-15T23:25:29.2045481Z GOVERSION='go1.27.1'
2026-09-15T23:25:29.2045726Z GOWORK=''
2026-09-15T23:25:29.2045979Z PKG_CONFIG='pkg-config'
2026-09-15T23:25:29.2046139Z 
2026-09-15T23:25:29.2046520Z ##[endgroup]
2026-09-15T23:25:29.2378413Z ##[group]Run leanprover/lean-action@96e06131c0e9943c780388fd166f55d1e2fa0433
2026-09-15T23:25:29.2378738Z with:
2026-09-15T23:25:29.2378994Z   lake-package-directory: linear-systems-and-elimination/IE-14/lean
2026-09-15T23:25:29.2379290Z   auto-config: false
2026-09-15T23:25:29.2379467Z   build: false
2026-09-15T23:25:29.2379632Z   test: false
2026-09-15T23:25:29.2379784Z   lint: false
2026-09-15T23:25:29.2379951Z   use-mathlib-cache: false
2026-09-15T23:25:29.2380147Z   use-github-cache: false
2026-09-15T23:25:29.2380338Z   mk_all-check: false
2026-09-15T23:25:29.2380692Z   check-reservoir-eligibility: false
2026-09-15T23:25:29.2380907Z   leanchecker: false
2026-09-15T23:25:29.2381075Z   lean4checker: false
2026-09-15T23:25:29.2381241Z   nanoda: false
2026-09-15T23:25:29.2381408Z   nanoda-allow-sorry: true
2026-09-15T23:25:29.2381593Z   axiom-audit: false
2026-09-15T23:25:29.2381830Z   axiom-audit-allow: propext,Classical.choice,Quot.sound
2026-09-15T23:25:29.2382199Z   reinstall-transient-toolchain: false
2026-09-15T23:25:29.2382436Z env:
2026-09-15T23:25:29.2382590Z   GOTOOLCHAIN: local
2026-09-15T23:25:29.2382761Z ##[endgroup]
2026-09-15T23:25:29.2432508Z ##[start-action display=install elan;id=__leanprover_lean-action.__run]
2026-09-15T23:25:29.2450989Z ##[group]Run : Install Elan
2026-09-15T23:25:29.2451221Z [36;1m: Install Elan[0m
2026-09-15T23:25:29.2451459Z [36;1m${GITHUB_ACTION_PATH}/scripts/install_elan.sh[0m
2026-09-15T23:25:29.2486108Z shell: /usr/bin/bash --noprofile --norc -e -o pipefail {0}
2026-09-15T23:25:29.2486395Z env:
2026-09-15T23:25:29.2486565Z   GOTOOLCHAIN: local
2026-09-15T23:25:29.2486752Z ##[endgroup]
2026-09-15T23:25:29.2563362Z ##[group]Elan Installation Output
2026-09-15T23:25:29.4010410Z info: downloading installer
2026-09-15T23:25:31.2070870Z info: downloading https://releases.lean-lang.org/lean4/v4.33.1/lean-4.33.1-linux.tar.zst
2026-09-15T23:25:35.9205614Z info: installing /home/runner/.elan/toolchains/leanprover--lean4---v4.33.1
2026-09-15T23:25:43.8308478Z Lean (version 4.33.1, x86_64-unknown-linux-gnu, commit 819816b2e0a3bf405af45ae5c7af2491d8f5bee6, Release)
2026-09-15T23:25:43.8647284Z Lake version 5.0.0-src+819816b (Lean version 4.33.1)
2026-09-15T23:25:43.8677968Z ##[endgroup]
2026-09-15T23:25:43.8678088Z 
2026-09-15T23:25:43.8696988Z ##[end-action id=__leanprover_lean-action.__run;outcome=success;conclusion=success;duration_ms=14626]
2026-09-15T23:25:43.8701076Z ##[start-action display=configure `lean-action`;id=__leanprover_lean-action.config]
2026-09-15T23:25:43.8714577Z ##[group]Run : Configure Lean Action
2026-09-15T23:25:43.8714855Z [36;1m: Configure Lean Action[0m
2026-09-15T23:25:43.8715088Z [36;1m${GITHUB_ACTION_PATH}/scripts/config.sh[0m
2026-09-15T23:25:43.8747786Z shell: /usr/bin/bash --noprofile --norc -e -o pipefail {0}
2026-09-15T23:25:43.8748068Z env:
2026-09-15T23:25:43.8748236Z   GOTOOLCHAIN: local
2026-09-15T23:25:43.8748416Z   AUTO_CONFIG: false
2026-09-15T23:25:43.8748582Z   BUILD: false
2026-09-15T23:25:43.8748751Z   TEST: false
2026-09-15T23:25:43.8748904Z   LINT: false
2026-09-15T23:25:43.8749062Z ##[endgroup]
2026-09-15T23:25:43.9540693Z ##[group]Configure lean-action
2026-09-15T23:25:43.9585235Z ##[end-action id=__leanprover_lean-action.config;outcome=success;conclusion=success;duration_ms=88]
2026-09-15T23:25:43.9589332Z ##[start-action display=reinstall transient toolchain;id=__leanprover_lean-action.__run_2]
2026-09-15T23:25:43.9594610Z ##[end-action id=__leanprover_lean-action.__run_2;outcome=skipped;conclusion=skipped;duration_ms=0]
2026-09-15T23:25:43.9596849Z ##[start-action display=ensure all files are imported;id=__leanprover_lean-action.mk_all]
2026-09-15T23:25:43.9599670Z ##[end-action id=__leanprover_lean-action.mk_all;outcome=skipped;conclusion=skipped;duration_ms=0]
2026-09-15T23:25:43.9601143Z ##[start-action display=Run actions/cache/restore@v5;id=__leanprover_lean-action.__actions_cache]
2026-09-15T23:25:43.9604299Z ##[end-action id=__leanprover_lean-action.__actions_cache;outcome=skipped;conclusion=skipped;duration_ms=0]
2026-09-15T23:25:43.9605821Z ##[start-action display=detect mathlib;id=__leanprover_lean-action.detect-mathlib]
2026-09-15T23:25:43.9608507Z ##[end-action id=__leanprover_lean-action.detect-mathlib;outcome=skipped;conclusion=skipped;duration_ms=0]
2026-09-15T23:25:43.9609898Z ##[start-action display=get mathlib cache;id=__leanprover_lean-action.__run_3]
2026-09-15T23:25:43.9622880Z ##[end-action id=__leanprover_lean-action.__run_3;outcome=skipped;conclusion=skipped;duration_ms=0]
2026-09-15T23:25:43.9645291Z ##[start-action display=build ajt60gaibb/OpenProblemsInNLA;id=__leanprover_lean-action.build]
2026-09-15T23:25:43.9649104Z ##[end-action id=__leanprover_lean-action.build;outcome=skipped;conclusion=skipped;duration_ms=0]
2026-09-15T23:25:43.9650612Z ##[start-action display=Run actions/cache/save@v5;id=__leanprover_lean-action.__actions_cache_2]
2026-09-15T23:25:43.9653442Z ##[end-action id=__leanprover_lean-action.__actions_cache_2;outcome=skipped;conclusion=skipped;duration_ms=0]
2026-09-15T23:25:43.9656236Z ##[start-action display=test ajt60gaibb/OpenProblemsInNLA;id=__leanprover_lean-action.test]
2026-09-15T23:25:43.9659600Z ##[end-action id=__leanprover_lean-action.test;outcome=skipped;conclusion=skipped;duration_ms=0]
2026-09-15T23:25:43.9661659Z ##[start-action display=lint ajt60gaibb/OpenProblemsInNLA;id=__leanprover_lean-action.lint]
2026-09-15T23:25:43.9665094Z ##[end-action id=__leanprover_lean-action.lint;outcome=skipped;conclusion=skipped;duration_ms=0]
2026-09-15T23:25:43.9666521Z ##[start-action display=check reservoir eligibility;id=__leanprover_lean-action.__run_4]
2026-09-15T23:25:43.9669115Z ##[end-action id=__leanprover_lean-action.__run_4;outcome=skipped;conclusion=skipped;duration_ms=0]
2026-09-15T23:25:43.9671014Z ##[start-action display=check environment with leanchecker;id=__leanprover_lean-action.__run_5]
2026-09-15T23:25:43.9674844Z ##[end-action id=__leanprover_lean-action.__run_5;outcome=skipped;conclusion=skipped;duration_ms=0]
2026-09-15T23:25:43.9676629Z ##[start-action display=check environment with nanoda;id=__leanprover_lean-action.nanoda]
2026-09-15T23:25:43.9679140Z ##[end-action id=__leanprover_lean-action.nanoda;outcome=skipped;conclusion=skipped;duration_ms=0]
2026-09-15T23:25:43.9680832Z ##[start-action display=audit axioms with axiom-audit;id=__leanprover_lean-action.axiom-audit]
2026-09-15T23:25:43.9683456Z ##[end-action id=__leanprover_lean-action.axiom-audit;outcome=skipped;conclusion=skipped;duration_ms=0]
2026-09-15T23:25:43.9724751Z ##[group]Run sudo apt-get update
2026-09-15T23:25:43.9725011Z [36;1msudo apt-get update[0m
2026-09-15T23:25:43.9725285Z [36;1msudo apt-get install -y bubblewrap dbus-user-session[0m
2026-09-15T23:25:43.9725647Z [36;1msudo sysctl -w kernel.apparmor_restrict_unprivileged_userns=0[0m
2026-09-15T23:25:43.9725959Z [36;1msudo loginctl enable-linger "$(id -un)"[0m
2026-09-15T23:25:43.9726229Z [36;1msudo systemctl start "user@$(id -u).service"[0m
2026-09-15T23:25:43.9726530Z [36;1mecho "XDG_RUNTIME_DIR=/run/user/$(id -u)" >> "$GITHUB_ENV"[0m
2026-09-15T23:25:43.9726922Z [36;1mecho "DBUS_SESSION_BUS_ADDRESS=unix:path=/run/user/$(id -u)/bus" >> "$GITHUB_ENV"[0m
2026-09-15T23:25:43.9759135Z shell: /usr/bin/bash -e {0}
2026-09-15T23:25:43.9759339Z env:
2026-09-15T23:25:43.9759500Z   GOTOOLCHAIN: local
2026-09-15T23:25:43.9759678Z ##[endgroup]
2026-09-15T23:25:44.2689254Z Get:1 file:/etc/apt/apt-mirrors.txt Mirrorlist [144 B]
2026-09-15T23:25:44.2881076Z Get:6 https://packages.microsoft.com/ubuntu/24.04/prod noble InRelease [3600 B]
2026-09-15T23:25:44.3333218Z Hit:2 http://azure.archive.ubuntu.com/ubuntu noble InRelease
2026-09-15T23:25:44.3543795Z Get:3 http://azure.archive.ubuntu.com/ubuntu noble-updates InRelease [126 kB]
2026-09-15T23:25:44.4521225Z Get:4 http://azure.archive.ubuntu.com/ubuntu noble-backports InRelease [126 kB]
2026-09-15T23:25:44.4854845Z Get:7 https://packages.microsoft.com/ubuntu/24.04/prod noble/main arm64 Packages [424 kB]
2026-09-15T23:25:44.6001265Z Get:19 https://dl.google.com/linux/chrome-stable/deb stable InRelease [2548 B]
2026-09-15T23:25:44.8242225Z Get:5 http://azure.archive.ubuntu.com/ubuntu noble-security InRelease [126 kB]
2026-09-15T23:25:44.8256416Z Get:20 https://packages.microsoft.com/ubuntu/24.04/prod noble/main amd64 Packages [473 kB]
2026-09-15T23:25:44.8451124Z Get:8 http://azure.archive.ubuntu.com/ubuntu noble-updates/main amd64 Packages [1263 kB]
2026-09-15T23:25:44.9502888Z Get:9 http://azure.archive.ubuntu.com/ubuntu noble-updates/main Translation-en [292 kB]
2026-09-15T23:25:44.9661882Z Get:31 https://dl.google.com/linux/chrome-stable/deb stable/main amd64 Packages [1410 B]
2026-09-15T23:25:44.9713919Z Get:10 http://azure.archive.ubuntu.com/ubuntu noble-updates/main amd64 Components [180 kB]
2026-09-15T23:25:44.9915983Z Get:11 http://azure.archive.ubuntu.com/ubuntu noble-updates/universe amd64 Packages [1687 kB]
2026-09-15T23:25:45.0705414Z Get:12 http://azure.archive.ubuntu.com/ubuntu noble-updates/universe Translation-en [338 kB]
2026-09-15T23:25:45.1010756Z Get:13 http://azure.archive.ubuntu.com/ubuntu noble-updates/universe amd64 Components [388 kB]
2026-09-15T23:25:45.1407930Z Get:14 http://azure.archive.ubuntu.com/ubuntu noble-updates/restricted amd64 Packages [1550 kB]
2026-09-15T23:25:45.1771206Z Get:15 http://azure.archive.ubuntu.com/ubuntu noble-updates/restricted Translation-en [355 kB]
2026-09-15T23:25:45.2614371Z Get:16 http://azure.archive.ubuntu.com/ubuntu noble-updates/multiverse amd64 Packages [45.7 kB]
2026-09-15T23:25:45.3524731Z Get:17 http://azure.archive.ubuntu.com/ubuntu noble-updates/multiverse Translation-en [12.8 kB]
2026-09-15T23:25:45.5127645Z Get:18 http://azure.archive.ubuntu.com/ubuntu noble-updates/multiverse amd64 Components [940 B]
2026-09-15T23:25:45.5407181Z Get:21 http://azure.archive.ubuntu.com/ubuntu noble-backports/main amd64 Components [5776 B]
2026-09-15T23:25:45.6416322Z Get:22 http://azure.archive.ubuntu.com/ubuntu noble-backports/universe amd64 Components [12.6 kB]
2026-09-15T23:25:45.7514185Z Get:23 http://azure.archive.ubuntu.com/ubuntu noble-security/main amd64 Packages [1009 kB]
2026-09-15T23:25:45.7917986Z Get:24 http://azure.archive.ubuntu.com/ubuntu noble-security/main Translation-en [213 kB]
2026-09-15T23:25:45.8517534Z Get:25 http://azure.archive.ubuntu.com/ubuntu noble-security/main amd64 Components [46.4 kB]
2026-09-15T23:25:45.8925345Z Get:26 http://azure.archive.ubuntu.com/ubuntu noble-security/universe amd64 Packages [1207 kB]
2026-09-15T23:25:46.0013522Z Get:27 http://azure.archive.ubuntu.com/ubuntu noble-security/universe Translation-en [242 kB]
2026-09-15T23:25:46.0512056Z Get:28 http://azure.archive.ubuntu.com/ubuntu noble-security/universe amd64 Components [76.3 kB]
2026-09-15T23:25:46.1008043Z Get:29 http://azure.archive.ubuntu.com/ubuntu noble-security/restricted amd64 Packages [1449 kB]
2026-09-15T23:25:46.1916598Z Get:30 http://azure.archive.ubuntu.com/ubuntu noble-security/restricted Translation-en [336 kB]
2026-09-15T23:25:51.5639914Z Fetched 12.0 MB in 2s (5804 kB/s)
2026-09-15T23:25:52.1849333Z Reading package lists...
2026-09-15T23:25:52.2112859Z Reading package lists...
2026-09-15T23:25:52.3679667Z Building dependency tree...
2026-09-15T23:25:52.3685764Z Reading state information...
2026-09-15T23:25:52.5060570Z dbus-user-session is already the newest version (1.14.10-4ubuntu4.1).
2026-09-15T23:25:52.5061290Z dbus-user-session set to manually installed.
2026-09-15T23:25:52.5061825Z The following NEW packages will be installed:
2026-09-15T23:25:52.5065002Z   bubblewrap
2026-09-15T23:25:52.5211754Z 0 upgraded, 1 newly installed, 0 to remove and 64 not upgraded.
2026-09-15T23:25:52.5212276Z Need to get 50.2 kB of archives.
2026-09-15T23:25:52.5212727Z After this operation, 133 kB of additional disk space will be used.
2026-09-15T23:25:52.5213403Z Get:1 file:/etc/apt/apt-mirrors.txt Mirrorlist [144 B]
2026-09-15T23:25:52.6070947Z Get:2 http://azure.archive.ubuntu.com/ubuntu noble-updates/main amd64 bubblewrap amd64 0.9.0-1ubuntu0.1 [50.2 kB]
2026-09-15T23:25:52.8893414Z Fetched 50.2 kB in 0s (377 kB/s)
2026-09-15T23:25:52.9076899Z Selecting previously unselected package bubblewrap.
2026-09-15T23:25:52.9349831Z (Reading database ... 
2026-09-15T23:25:52.9350166Z (Reading database ... 5%
2026-09-15T23:25:52.9350446Z (Reading database ... 10%
2026-09-15T23:25:52.9350711Z (Reading database ... 15%
2026-09-15T23:25:52.9351093Z (Reading database ... 20%
2026-09-15T23:25:52.9351375Z (Reading database ... 25%
2026-09-15T23:25:52.9353823Z (Reading database ... 30%
2026-09-15T23:25:52.9354173Z (Reading database ... 35%
2026-09-15T23:25:52.9354398Z (Reading database ... 40%
2026-09-15T23:25:52.9355033Z (Reading database ... 45%
2026-09-15T23:25:52.9355297Z (Reading database ... 50%
2026-09-15T23:25:52.9392233Z (Reading database ... 55%
2026-09-15T23:25:53.1289213Z (Reading database ... 60%
2026-09-15T23:25:53.6149394Z (Reading database ... 65%
2026-09-15T23:25:53.7775248Z (Reading database ... 70%
2026-09-15T23:25:54.0704669Z (Reading database ... 75%
2026-09-15T23:25:54.4243237Z (Reading database ... 80%
2026-09-15T23:25:54.6664441Z (Reading database ... 85%
2026-09-15T23:25:54.8978325Z (Reading database ... 90%
2026-09-15T23:25:54.9853676Z (Reading database ... 95%
2026-09-15T23:25:54.9853955Z (Reading database ... 100%
2026-09-15T23:25:54.9854268Z (Reading database ... 201818 files and directories currently installed.)
2026-09-15T23:25:54.9891972Z Preparing to unpack .../bubblewrap_0.9.0-1ubuntu0.1_amd64.deb ...
2026-09-15T23:25:54.9910817Z Unpacking bubblewrap (0.9.0-1ubuntu0.1) ...
2026-09-15T23:25:55.1151269Z Setting up bubblewrap (0.9.0-1ubuntu0.1) ...
2026-09-15T23:25:55.1192775Z Processing triggers for man-db (2.12.0-4build2) ...
2026-09-15T23:25:55.1211687Z Not building database; man-db/auto-update is not 'true'.
2026-09-15T23:25:56.2076162Z 
2026-09-15T23:25:56.2078620Z Running kernel seems to be up-to-date.
2026-09-15T23:25:56.2078904Z 
2026-09-15T23:25:56.2079055Z No services need to be restarted.
2026-09-15T23:25:56.2079262Z 
2026-09-15T23:25:56.2079397Z No containers need to be restarted.
2026-09-15T23:25:56.2079599Z 
2026-09-15T23:25:56.2079764Z No user sessions are running outdated binaries.
2026-09-15T23:25:56.2080015Z 
2026-09-15T23:25:56.2080260Z No VM guests are running outdated hypervisor (qemu) binaries on this host.
2026-09-15T23:25:56.9613960Z kernel.apparmor_restrict_unprivileged_userns = 0
2026-09-15T23:25:56.9878675Z ##[group]Run ulimit -n 65536
2026-09-15T23:25:56.9878919Z [36;1mulimit -n 65536[0m
2026-09-15T23:25:56.9879190Z [36;1mtools/lean/bootstrap.sh "$RUNNER_TEMP/nla-lean-tools"[0m
2026-09-15T23:25:56.9879559Z [36;1mtools/lean/verify.sh "$LEAN_PROJECT" "$RUNNER_TEMP/nla-lean-tools"[0m
2026-09-15T23:25:56.9912300Z shell: /usr/bin/bash -e {0}
2026-09-15T23:25:56.9912518Z env:
2026-09-15T23:25:56.9912685Z   GOTOOLCHAIN: local
2026-09-15T23:25:56.9912881Z   XDG_RUNTIME_DIR: /run/user/1001
2026-09-15T23:25:56.9913300Z   DBUS_SESSION_BUS_ADDRESS: unix:path=/run/user/1001/bus
2026-09-15T23:25:56.9913612Z   LEAN_PROJECT: linear-systems-and-elimination/IE-14/lean
2026-09-15T23:25:56.9913866Z ##[endgroup]
2026-09-15T23:25:57.9748805Z Running elan toolchain install leanprover/lean4:v4.33.1
2026-09-15T23:25:57.9749231Z Log: /home/runner/work/_temp/nla-lean-tools/logs/bootstrap/elan.log
2026-09-15T23:25:57.9766935Z info: toolchain 'leanprover/lean4:v4.33.1' is already installed
2026-09-15T23:25:58.0445302Z Running go build -mod=readonly -buildvcs=false -o /home/runner/work/_temp/nla-lean-tools/.tools/bin/landrun ./cmd/landrun
2026-09-15T23:25:58.0445928Z Log: /home/runner/work/_temp/nla-lean-tools/logs/bootstrap/landrun-build.log
2026-09-15T23:25:58.0480568Z go: downloading github.com/urfave/cli/v3 v3.6.2
2026-09-15T23:25:58.0596756Z go: downloading github.com/landlock-lsm/go-landlock v0.9.0
2026-09-15T23:25:58.5197127Z go: downloading golang.org/x/sys v0.40.0
2026-09-15T23:25:58.5204691Z go: downloading kernel.org/pub/linux/libs/security/libcap/psx v1.2.77
2026-09-15T23:26:06.2518482Z Running lake build lean4export comparator
2026-09-15T23:26:06.2518938Z Log: /home/runner/work/_temp/nla-lean-tools/logs/bootstrap/comparator-build.log
2026-09-15T23:26:06.6859075Z ✔ [3/20] Built Comparator.Util (342ms)
2026-09-15T23:26:06.7864536Z ✔ [4/20] Built Comparator.Util:c.o (153ms)
2026-09-15T23:26:07.7879005Z ✔ [5/20] Built Export.Parse (1.4s)
2026-09-15T23:26:08.2894712Z ✔ [6/20] Built Comparator.Axioms (481ms)
2026-09-15T23:26:08.5893322Z ✔ [7/20] Built Comparator.Axioms:c.o (350ms)
2026-09-15T23:26:08.6915837Z ✔ [8/20] Built Export (2.4s)
2026-09-15T23:26:08.9924359Z ✔ [9/20] Built Comparator.Compare (700ms)
2026-09-15T23:26:09.4914491Z ✔ [10/20] Built Comparator.Compare:c.o (509ms)
2026-09-15T23:26:09.8907605Z ✔ [11/20] Built Main (1.2s)
2026-09-15T23:26:09.8927419Z ✔ [12/20] Built Comparator (413ms)
2026-09-15T23:26:09.9936205Z ✔ [13/20] Built Comparator:c.o (58ms)
2026-09-15T23:26:10.1938875Z ✔ [14/20] Built Main:c.o (241ms)
2026-09-15T23:26:11.2949316Z ✔ [15/20] Built Main (1.4s)
2026-09-15T23:26:11.8955695Z ✔ [16/20] Built Export:c.o (3.1s)
2026-09-15T23:26:11.8956312Z ✔ [17/20] Built Export.Parse:c.o (4.1s)
2026-09-15T23:26:12.0950282Z ✔ [18/20] Built Main:c.o (801ms)
2026-09-15T23:26:12.7978271Z ✔ [19/20] Built lean4export:exe (930ms)
2026-09-15T23:26:12.8980041Z ✔ [20/20] Built comparator:exe (757ms)
2026-09-15T23:26:12.8984002Z Build completed successfully (20 jobs).
2026-09-15T23:26:13.1454661Z Tools built; isolation and checker controls run during verify. Receipt: /home/runner/work/_temp/nla-lean-tools/bootstrap.json
2026-09-15T23:26:13.4865704Z Running /usr/bin/timeout --kill-after=5s 45s systemd-run -p RuntimeMaxSec=40 --user --quiet --wait --pipe --collect -p 'RestrictAddressFamilies=~AF_UNIX' --working-directory /home/runner/work/_temp/nla-lean-tools /usr/bin/env -i PATH=/home/runner/.elan/toolchains/leanprover--lean4---v4.33.1/bin:/home/runner/.elan/bin:/home/runner/go/bin:/opt/hostedtoolcache/go/1.27.1/x64/bin:/snap/bin:/home/runner/.local/bin:/opt/pipx_bin:/home/runner/.cargo/bin:/home/runner/.config/composer/vendor/bin:/usr/local/.ghcup/bin:/home/runner/.dotnet/tools:/usr/local/sbin:/usr/local/bin:/usr/sbin:/usr/bin:/sbin:/bin:/usr/games:/usr/local/games:/snap/bin HOME=/home/runner LANG=C.UTF-8 XDG_RUNTIME_DIR=/run/user/1001 DBUS_SESSION_BUS_ADDRESS=unix:path=/run/user/1001/bus GIT_TERMINAL_PROMPT=0 GIT_CONFIG_NOSYSTEM=1 GIT_CONFIG_GLOBAL=/dev/null COMPARATOR_BIN=/home/runner/work/_temp/nla-lean-tools/.tools/comparator/.lake/build/bin/comparator COMPARATOR_LEAN4EXPORT=/home/runner/work/_temp/nla-lean-tools/.tools/lean4export/.lake/build/bin/lean4export COMPARATOR_LANDRUN=/home/runner/work/_temp/nla-lean-tools/scripts/strict_landrun.py XDG_CACHE_HOME=/home/runner/work/_temp/nla-lean-tools/.tools/cache TMPDIR=/home/runner/work/_temp/nla-lean-tools/.verification-tmp /usr/bin/true
2026-09-15T23:26:13.4869762Z Log: /home/runner/work/_temp/nla-lean-tools/logs/verify-20260915T232613Z-3959/user-service.log
2026-09-15T23:26:13.5185245Z Running python3 /home/runner/work/_temp/nla-lean-tools/reproduction/checks/sandbox_probe_ci.py
2026-09-15T23:26:13.5186085Z Log: /home/runner/work/_temp/nla-lean-tools/logs/verify-20260915T232613Z-3959/sandbox.log
2026-09-15T23:26:13.5452615Z START sandbox mode: build
2026-09-15T23:26:13.6138072Z START sandbox mode: export
2026-09-15T23:26:13.6813532Z START sandbox negative case: unknown option
2026-09-15T23:26:13.7135559Z START sandbox negative case: unexpected --rw
2026-09-15T23:26:13.7469272Z START sandbox negative case: unexpected --rwx
2026-09-15T23:26:13.7858943Z START sandbox negative case: relative --rwx
2026-09-15T23:26:13.8190674Z MODE build: exit=0
2026-09-15T23:26:13.8191173Z Running as unit: run-u2.service; invocation ID: ee60200dbeda4e5697eee3bc4aa4be65
2026-09-15T23:26:13.8191850Z PASS outside .lake write-open: denied errno=30
2026-09-15T23:26:13.8192295Z PASS outside .lake truncate: denied errno=30
2026-09-15T23:26:13.8192779Z PASS outside .lake read-only truncate-open: denied errno=30
2026-09-15T23:26:13.8193479Z PASS symlink from .lake to outside write: denied errno=30
2026-09-15T23:26:13.8194219Z PASS outside .lake creation: denied errno=30
2026-09-15T23:26:13.8194627Z PASS build .lake write: allowed
2026-09-15T23:26:13.8194922Z PASS user namespace: private
2026-09-15T23:26:13.8195210Z PASS pid namespace: private
2026-09-15T23:26:13.8195504Z PASS mnt namespace: private
2026-09-15T23:26:13.8195768Z PASS net namespace: private
2026-09-15T23:26:13.8196043Z PASS ipc namespace: private
2026-09-15T23:26:13.8196314Z PASS uts namespace: private
2026-09-15T23:26:13.8196611Z PASS host parent: absent from private /proc
2026-09-15T23:26:13.8196970Z PASS host parent signal lookup: denied errno=3
2026-09-15T23:26:13.8197332Z PASS host loopback listener: unreachable errno=13
2026-09-15T23:26:13.8198024Z PASS AF_UNIX socket creation: denied errno=97
2026-09-15T23:26:13.8198401Z PASS effective capabilities: none
2026-09-15T23:26:13.8198684Z PASS no_new_privs: set
2026-09-15T23:26:13.8198866Z Sandbox UID: 1001
2026-09-15T23:26:13.8199085Z PASS nested namespace write attempt: rejected exit=1
2026-09-15T23:26:13.8199369Z bwrap: setting up uid map: Permission denied
2026-09-15T23:26:13.8199621Z Finished with result: success
2026-09-15T23:26:13.8199859Z Main processes terminated with: code=exited/status=0
2026-09-15T23:26:13.8200100Z Service runtime: 57ms
2026-09-15T23:26:13.8200281Z CPU time consumed: 58ms
2026-09-15T23:26:13.8200464Z Memory peak: 256.0K
2026-09-15T23:26:13.8200644Z Memory swap peak: 0B
2026-09-15T23:26:13.8200756Z 
2026-09-15T23:26:13.8200827Z MODE export: exit=0
2026-09-15T23:26:13.8201152Z Running as unit: run-u3.service; invocation ID: 11c5350606be4ceca9a0b867983760da
2026-09-15T23:26:13.8201503Z PASS outside .lake write-open: denied errno=30
2026-09-15T23:26:13.8201771Z PASS outside .lake truncate: denied errno=30
2026-09-15T23:26:13.8202063Z PASS outside .lake read-only truncate-open: denied errno=30
2026-09-15T23:26:13.8202373Z PASS symlink from .lake to outside write: denied errno=30
2026-09-15T23:26:13.8202645Z PASS outside .lake creation: denied errno=30
2026-09-15T23:26:13.8202897Z PASS export .lake write-open: denied errno=30
2026-09-15T23:26:13.8203353Z PASS export .lake truncate: denied errno=30
2026-09-15T23:26:13.8203635Z PASS user namespace: private
2026-09-15T23:26:13.8203844Z PASS pid namespace: private
2026-09-15T23:26:13.8204039Z PASS mnt namespace: private
2026-09-15T23:26:13.8204229Z PASS net namespace: private
2026-09-15T23:26:13.8204654Z PASS ipc namespace: private
2026-09-15T23:26:13.8204854Z PASS uts namespace: private
2026-09-15T23:26:13.8205064Z PASS host parent: absent from private /proc
2026-09-15T23:26:13.8205313Z PASS host parent signal lookup: denied errno=3
2026-09-15T23:26:13.8205582Z PASS host loopback listener: unreachable errno=13
2026-09-15T23:26:13.8205850Z PASS AF_UNIX socket creation: denied errno=97
2026-09-15T23:26:13.8206090Z PASS effective capabilities: none
2026-09-15T23:26:13.8206299Z PASS no_new_privs: set
2026-09-15T23:26:13.8206476Z Sandbox UID: 1001
2026-09-15T23:26:13.8206689Z PASS nested namespace write attempt: rejected exit=1
2026-09-15T23:26:13.8206960Z bwrap: setting up uid map: Permission denied
2026-09-15T23:26:13.8207204Z Finished with result: success
2026-09-15T23:26:13.8207437Z Main processes terminated with: code=exited/status=0
2026-09-15T23:26:13.8207676Z Service runtime: 56ms
2026-09-15T23:26:13.8207858Z CPU time consumed: 57ms
2026-09-15T23:26:13.8208039Z Memory peak: 256.0K
2026-09-15T23:26:13.8208219Z Memory swap peak: 0B
2026-09-15T23:26:13.8208347Z 
2026-09-15T23:26:13.8208442Z NEGATIVE unknown option: exit=2
2026-09-15T23:26:13.8208743Z Running as unit: run-u4.service; invocation ID: 5672a67340c341268815763724ba8778
2026-09-15T23:26:13.8209202Z strict Comparator sandbox: unsupported Comparator Landrun option: --unrestricted-filesystem
2026-09-15T23:26:13.8209571Z Finished with result: exit-code
2026-09-15T23:26:13.8209806Z Main processes terminated with: code=exited/status=2
2026-09-15T23:26:13.8210060Z Service runtime: 21ms
2026-09-15T23:26:13.8210240Z CPU time consumed: 21ms
2026-09-15T23:26:13.8210434Z Memory peak: 512.0K
2026-09-15T23:26:13.8210609Z Memory swap peak: 0B
2026-09-15T23:26:13.8210705Z 
2026-09-15T23:26:13.8210799Z NEGATIVE unexpected --rw: exit=2
2026-09-15T23:26:13.8211105Z Running as unit: run-u5.service; invocation ID: 817a62546158425390b300417c2245de
2026-09-15T23:26:13.8211492Z strict Comparator sandbox: only private /dev may be passed with --rw
2026-09-15T23:26:13.8211788Z Finished with result: exit-code
2026-09-15T23:26:13.8212022Z Main processes terminated with: code=exited/status=2
2026-09-15T23:26:13.8212264Z Service runtime: 20ms
2026-09-15T23:26:13.8212441Z CPU time consumed: 20ms
2026-09-15T23:26:13.8212617Z Memory peak: 256.0K
2026-09-15T23:26:13.8212791Z Memory swap peak: 0B
2026-09-15T23:26:13.8213008Z 
2026-09-15T23:26:13.8213252Z NEGATIVE unexpected --rwx: exit=2
2026-09-15T23:26:13.8213639Z Running as unit: run-u6.service; invocation ID: ddc788689f6b4393a5c2a00d59a94d5e
2026-09-15T23:26:13.8214045Z strict Comparator sandbox: only this project's existing .lake may be writable
2026-09-15T23:26:13.8214374Z Finished with result: exit-code
2026-09-15T23:26:13.8214606Z Main processes terminated with: code=exited/status=2
2026-09-15T23:26:13.8214849Z Service runtime: 20ms
2026-09-15T23:26:13.8215024Z CPU time consumed: 20ms
2026-09-15T23:26:13.8215199Z Memory peak: 256.0K
2026-09-15T23:26:13.8215368Z Memory swap peak: 0B
2026-09-15T23:26:13.8215470Z 
2026-09-15T23:26:13.8215558Z NEGATIVE relative --rwx: exit=2
2026-09-15T23:26:13.8215850Z Running as unit: run-u7.service; invocation ID: e4cd48c59bf4455cbe1a486d7cb105da
2026-09-15T23:26:13.8216243Z strict Comparator sandbox: only this project's existing .lake may be writable
2026-09-15T23:26:13.8216544Z Finished with result: exit-code
2026-09-15T23:26:13.8216777Z Main processes terminated with: code=exited/status=2
2026-09-15T23:26:13.8217009Z Service runtime: 20ms
2026-09-15T23:26:13.8217181Z CPU time consumed: 20ms
2026-09-15T23:26:13.8217354Z Memory peak: 256.0K
2026-09-15T23:26:13.8217522Z Memory swap peak: 0B
2026-09-15T23:26:13.8217623Z 
2026-09-15T23:26:13.8217820Z Outer and export fixture contents unchanged; only designated build fixture written.
2026-09-15T23:26:13.8246009Z Running bash /home/runner/work/_temp/nla-lean-tools/reproduction/checks/run_replay.sh
2026-09-15T23:26:13.8246561Z Log: /home/runner/work/_temp/nla-lean-tools/logs/verify-20260915T232613Z-3959/kernel-controls.log
2026-09-15T23:26:13.8723930Z Replay probe: RestrictAddressFamilies=~AF_UNIX (deny AF_UNIX sockets).
2026-09-15T23:26:13.9182630Z Lean (version 4.33.1, x86_64-unknown-linux-gnu, Release)
2026-09-15T23:26:13.9468416Z /home/runner/.elan/toolchains/leanprover--lean4---v4.33.1/lib/lean/Init.olean
2026-09-15T23:26:13.9468948Z /home/runner/.elan/toolchains/leanprover--lean4---v4.33.1/lib/lean/Init.olean
2026-09-15T23:26:13.9469462Z /home/runner/work/_temp/nla-lean-tools/.tools/comparator/.lake/build/lib/lean/Main.olean
2026-09-15T23:26:15.0265389Z Trusted base fixture: 11 constants
2026-09-15T23:26:15.0265786Z BEGIN honest_with_inductives_and_quotients
2026-09-15T23:26:15.0266131Z Running Lean default kernel on solution.
2026-09-15T23:26:15.0266438Z Lean default kernel accepts the solution
2026-09-15T23:26:15.0266784Z RETURN honest_with_inductives_and_quotients: accepted
2026-09-15T23:26:15.0267124Z BEGIN invalid_raw_proof
2026-09-15T23:26:15.0267390Z Running Lean default kernel on solution.
2026-09-15T23:26:15.0267709Z Lean default kernel rejects the solution
2026-09-15T23:26:15.0268237Z RETURN invalid_raw_proof: rejected: while replaying declaration 'PinnedReplayProbe.invalid':
2026-09-15T23:26:15.0268858Z (kernel) declaration type mismatch, 'PinnedReplayProbe.invalid' has type
2026-09-15T23:26:15.0269260Z   True
2026-09-15T23:26:15.0269477Z but it is expected to have type
2026-09-15T23:26:15.0269743Z   False
2026-09-15T23:26:15.0269963Z BEGIN quotient_postcheck_mismatch
2026-09-15T23:26:15.0270277Z Running Lean default kernel on solution.
2026-09-15T23:26:15.0270590Z Lean default kernel accepts the solution
2026-09-15T23:26:15.0270904Z Quotient post-check rejects the solution
2026-09-15T23:26:15.0271363Z RETURN quotient_postcheck_mismatch: rejected: Quotient constant mismatch on: Quot.lift
2026-09-15T23:26:15.0271959Z PASS: all three actual Comparator.runBuiltinKernel cases behaved as required
2026-09-15T23:26:15.1074404Z Running python3 /home/runner/work/_temp/nla-lean-tools/reproduction/checks/comparator_regressions.py
2026-09-15T23:26:15.1075382Z Log: /home/runner/work/_temp/nla-lean-tools/logs/verify-20260915T232613Z-3959/comparator-controls.log
2026-09-15T23:26:15.1322950Z Comparator regressions: RestrictAddressFamilies=~AF_UNIX; .tools/env.sh selects the real strict sandbox.
2026-09-15T23:26:15.1329572Z 
2026-09-15T23:26:15.1329722Z CASE simple_match
2026-09-15T23:26:16.7133018Z info: ComparatorRegression: no previous manifest, creating one from scratch
2026-09-15T23:26:16.7133764Z info: toolchain not updated; already up-to-date
2026-09-15T23:26:16.7134044Z Building Challenge
2026-09-15T23:26:16.7134454Z ⚠ [2/3] Built Challenge (195ms)
2026-09-15T23:26:16.7134725Z warning: Challenge.lean:1:8: declaration uses `sorry`
2026-09-15T23:26:16.7135002Z Build completed successfully (3 jobs).
2026-09-15T23:26:16.7136070Z Exporting #[Quot, Quot.mk, Quot.lift, Quot.ind, comm, propext, Quot.sound, Classical.choice, Nat.add, Nat.sub, Nat.mul, Nat.pow, Nat.gcd, Nat.div, Nat.mod, Nat.beq, Nat.ble, Nat.land, Nat.lor, Nat.xor, Nat.shiftLeft, Nat.shiftRight, String.ofList, Char.ofNat, List, eagerReduce, Nat, String, String.mk, Char, optParam, autoParam, semiOutParam, outParam] from Challenge
2026-09-15T23:26:16.7137056Z Building Solution
2026-09-15T23:26:16.7137273Z ✔ [2/3] Built Solution (192ms)
2026-09-15T23:26:16.7137490Z Build completed successfully (3 jobs).
2026-09-15T23:26:16.7138508Z Exporting #[Quot, Quot.mk, Quot.lift, Quot.ind, comm, propext, Quot.sound, Classical.choice, Nat.add, Nat.sub, Nat.mul, Nat.pow, Nat.gcd, Nat.div, Nat.mod, Nat.beq, Nat.ble, Nat.land, Nat.lor, Nat.xor, Nat.shiftLeft, Nat.shiftRight, String.ofList, Char.ofNat, List, eagerReduce, Nat, String, String.mk, Char, optParam, autoParam, semiOutParam, outParam] from Solution
2026-09-15T23:26:16.7139541Z Running Lean default kernel on solution.
2026-09-15T23:26:16.7139920Z Lean default kernel accepts the solution
2026-09-15T23:26:16.7140199Z Your solution is okay!
2026-09-15T23:26:16.7140483Z PASS simple_match: exit 0, expected 0; required phase: Your solution is okay!
2026-09-15T23:26:16.7140728Z 
2026-09-15T23:26:16.7141086Z CASE simple_mismatch
2026-09-15T23:26:18.1434457Z info: ComparatorRegression: no previous manifest, creating one from scratch
2026-09-15T23:26:18.1435062Z info: toolchain not updated; already up-to-date
2026-09-15T23:26:18.1435324Z Building Challenge
2026-09-15T23:26:18.1435903Z ⚠ [2/3] Built Challenge (188ms)
2026-09-15T23:26:18.1436215Z warning: Challenge.lean:1:8: declaration uses `sorry`
2026-09-15T23:26:18.1436485Z Build completed successfully (3 jobs).
2026-09-15T23:26:18.1437521Z Exporting #[Quot, Quot.mk, Quot.lift, Quot.ind, comm, propext, Quot.sound, Classical.choice, Nat.add, Nat.sub, Nat.mul, Nat.pow, Nat.gcd, Nat.div, Nat.mod, Nat.beq, Nat.ble, Nat.land, Nat.lor, Nat.xor, Nat.shiftLeft, Nat.shiftRight, String.ofList, Char.ofNat, List, eagerReduce, Nat, String, String.mk, Char, optParam, autoParam, semiOutParam, outParam] from Challenge
2026-09-15T23:26:18.1440270Z Building Solution
2026-09-15T23:26:18.1440645Z ✔ [2/3] Built Solution (182ms)
2026-09-15T23:26:18.1440987Z Build completed successfully (3 jobs).
2026-09-15T23:26:18.1442585Z Exporting #[Quot, Quot.mk, Quot.lift, Quot.ind, comm, propext, Quot.sound, Classical.choice, Nat.add, Nat.sub, Nat.mul, Nat.pow, Nat.gcd, Nat.div, Nat.mod, Nat.beq, Nat.ble, Nat.land, Nat.lor, Nat.xor, Nat.shiftLeft, Nat.shiftRight, String.ofList, Char.ofNat, List, eagerReduce, Nat, String, String.mk, Char, optParam, autoParam, semiOutParam, outParam] from Solution
2026-09-15T23:26:18.1444613Z uncaught exception: Challenge and solution constant kind don't match: 'comm'
2026-09-15T23:26:18.1445389Z PASS simple_mismatch: exit 1, expected 1; required phase: Challenge and solution constant kind don't match: 'comm'
2026-09-15T23:26:18.1445895Z 
2026-09-15T23:26:18.1446022Z CASE simple_axiom_issue
2026-09-15T23:26:19.5824076Z info: ComparatorRegression: no previous manifest, creating one from scratch
2026-09-15T23:26:19.5824507Z info: toolchain not updated; already up-to-date
2026-09-15T23:26:19.5824759Z Building Challenge
2026-09-15T23:26:19.5825216Z ⚠ [2/3] Built Challenge (190ms)
2026-09-15T23:26:19.5825474Z warning: Challenge.lean:1:8: declaration uses `sorry`
2026-09-15T23:26:19.5825741Z Build completed successfully (3 jobs).
2026-09-15T23:26:19.5826786Z Exporting #[Quot, Quot.mk, Quot.lift, Quot.ind, comm, propext, Quot.sound, Classical.choice, Nat.add, Nat.sub, Nat.mul, Nat.pow, Nat.gcd, Nat.div, Nat.mod, Nat.beq, Nat.ble, Nat.land, Nat.lor, Nat.xor, Nat.shiftLeft, Nat.shiftRight, String.ofList, Char.ofNat, List, eagerReduce, Nat, String, String.mk, Char, optParam, autoParam, semiOutParam, outParam] from Challenge
2026-09-15T23:26:19.5828009Z Building Solution
2026-09-15T23:26:19.5828225Z ✔ [2/3] Built Solution (189ms)
2026-09-15T23:26:19.5828446Z Build completed successfully (3 jobs).
2026-09-15T23:26:19.5829527Z Exporting #[Quot, Quot.mk, Quot.lift, Quot.ind, comm, propext, Quot.sound, Classical.choice, Nat.add, Nat.sub, Nat.mul, Nat.pow, Nat.gcd, Nat.div, Nat.mod, Nat.beq, Nat.ble, Nat.land, Nat.lor, Nat.xor, Nat.shiftLeft, Nat.shiftRight, String.ofList, Char.ofNat, List, eagerReduce, Nat, String, String.mk, Char, optParam, autoParam, semiOutParam, outParam] from Solution
2026-09-15T23:26:19.5831106Z uncaught exception: Illegal axiom detected: 'helper'
2026-09-15T23:26:19.5831650Z PASS simple_axiom_issue: exit 1, expected 1; required phase: Illegal axiom detected: 'helper'
2026-09-15T23:26:19.5831943Z 
2026-09-15T23:26:19.5832034Z CASE simple_kind_mismatch
2026-09-15T23:26:21.1065017Z info: ComparatorRegression: no previous manifest, creating one from scratch
2026-09-15T23:26:21.1065664Z info: toolchain not updated; already up-to-date
2026-09-15T23:26:21.1066026Z Building Challenge
2026-09-15T23:26:21.1066449Z ⚠ [2/3] Built Challenge (188ms)
2026-09-15T23:26:21.1066711Z warning: Challenge.lean:1:8: declaration uses `sorry`
2026-09-15T23:26:21.1066989Z Build completed successfully (3 jobs).
2026-09-15T23:26:21.1068368Z Exporting #[Quot, Quot.mk, Quot.lift, Quot.ind, comm, propext, Quot.sound, Classical.choice, Nat.add, Nat.sub, Nat.mul, Nat.pow, Nat.gcd, Nat.div, Nat.mod, Nat.beq, Nat.ble, Nat.land, Nat.lor, Nat.xor, Nat.shiftLeft, Nat.shiftRight, String.ofList, Char.ofNat, List, eagerReduce, Nat, String, String.mk, Char, optParam, autoParam, semiOutParam, outParam] from Challenge
2026-09-15T23:26:21.1069634Z Building Solution
2026-09-15T23:26:21.1070014Z ✔ [2/3] Built Solution (200ms)
2026-09-15T23:26:21.1070347Z Build completed successfully (3 jobs).
2026-09-15T23:26:21.1071594Z Exporting #[Quot, Quot.mk, Quot.lift, Quot.ind, comm, propext, Quot.sound, Classical.choice, Nat.add, Nat.sub, Nat.mul, Nat.pow, Nat.gcd, Nat.div, Nat.mod, Nat.beq, Nat.ble, Nat.land, Nat.lor, Nat.xor, Nat.shiftLeft, Nat.shiftRight, String.ofList, Char.ofNat, List, eagerReduce, Nat, String, String.mk, Char, optParam, autoParam, semiOutParam, outParam] from Solution
2026-09-15T23:26:21.1073024Z uncaught exception: Illegal axiom detected: 'helper'
2026-09-15T23:26:21.1074153Z PASS simple_kind_mismatch: exit 1, expected 1; required phase: Illegal axiom detected: 'helper'
2026-09-15T23:26:21.1074715Z 
2026-09-15T23:26:21.1074831Z CASE type_mismatch
2026-09-15T23:26:22.5055766Z info: ComparatorRegression: no previous manifest, creating one from scratch
2026-09-15T23:26:22.5056397Z info: toolchain not updated; already up-to-date
2026-09-15T23:26:22.5056776Z Building Challenge
2026-09-15T23:26:22.5057361Z ✔ [2/3] Built Challenge (191ms)
2026-09-15T23:26:22.5057715Z Build completed successfully (3 jobs).
2026-09-15T23:26:22.5059437Z Exporting #[Quot, Quot.mk, Quot.lift, Quot.ind, checked, propext, Quot.sound, Classical.choice, Nat.add, Nat.sub, Nat.mul, Nat.pow, Nat.gcd, Nat.div, Nat.mod, Nat.beq, Nat.ble, Nat.land, Nat.lor, Nat.xor, Nat.shiftLeft, Nat.shiftRight, String.ofList, Char.ofNat, List, eagerReduce, Nat, String, String.mk, Char, optParam, autoParam, semiOutParam, outParam] from Challenge
2026-09-15T23:26:22.5061051Z Building Solution
2026-09-15T23:26:22.5061390Z ✔ [2/3] Built Solution (195ms)
2026-09-15T23:26:22.5061736Z Build completed successfully (3 jobs).
2026-09-15T23:26:22.5063633Z Exporting #[Quot, Quot.mk, Quot.lift, Quot.ind, checked, propext, Quot.sound, Classical.choice, Nat.add, Nat.sub, Nat.mul, Nat.pow, Nat.gcd, Nat.div, Nat.mod, Nat.beq, Nat.ble, Nat.land, Nat.lor, Nat.xor, Nat.shiftLeft, Nat.shiftRight, String.ofList, Char.ofNat, List, eagerReduce, Nat, String, String.mk, Char, optParam, autoParam, semiOutParam, outParam] from Solution
2026-09-15T23:26:22.5065659Z uncaught exception: Challenge and solution theorem statement do not match: 'checked'
2026-09-15T23:26:22.5066541Z PASS type_mismatch: exit 1, expected 1; required phase: Challenge and solution theorem statement do not match: 'checked'
2026-09-15T23:26:22.5086518Z PASS: all five Comparator regressions
2026-09-15T23:26:22.5147734Z Running systemd-run --user --quiet --wait --pipe --collect -p 'RestrictAddressFamilies=~AF_UNIX' --working-directory /home/runner/work/_temp/nla-lean-tools/.verification-tmp/nla-axiom-ol3wn7fr /usr/bin/env -i PATH=/home/runner/.elan/toolchains/leanprover--lean4---v4.33.1/bin:/home/runner/.elan/bin:/home/runner/go/bin:/opt/hostedtoolcache/go/1.27.1/x64/bin:/snap/bin:/home/runner/.local/bin:/opt/pipx_bin:/home/runner/.cargo/bin:/home/runner/.config/composer/vendor/bin:/usr/local/.ghcup/bin:/home/runner/.dotnet/tools:/usr/local/sbin:/usr/local/bin:/usr/sbin:/usr/bin:/sbin:/bin:/usr/games:/usr/local/games:/snap/bin HOME=/home/runner LANG=C.UTF-8 XDG_RUNTIME_DIR=/run/user/1001 DBUS_SESSION_BUS_ADDRESS=unix:path=/run/user/1001/bus GIT_TERMINAL_PROMPT=0 GIT_CONFIG_NOSYSTEM=1 GIT_CONFIG_GLOBAL=/dev/null COMPARATOR_BIN=/home/runner/work/_temp/nla-lean-tools/.tools/comparator/.lake/build/bin/comparator COMPARATOR_LEAN4EXPORT=/home/runner/work/_temp/nla-lean-tools/.tools/lean4export/.lake/build/bin/lean4export COMPARATOR_LANDRUN=/home/runner/work/_temp/nla-lean-tools/scripts/strict_landrun.py XDG_CACHE_HOME=/home/runner/work/_temp/nla-lean-tools/.tools/cache TMPDIR=/home/runner/work/_temp/nla-lean-tools/.verification-tmp lake env /home/runner/work/_temp/nla-lean-tools/.tools/comparator/.lake/build/bin/comparator comparator.json
2026-09-15T23:26:22.5151643Z Log: /home/runner/work/_temp/nla-lean-tools/logs/verify-20260915T232613Z-3959/negative-sorry.log
2026-09-15T23:26:22.5542650Z info: NlaAxiomFixture: no previous manifest, creating one from scratch
2026-09-15T23:26:22.5543382Z info: toolchain not updated; already up-to-date
2026-09-15T23:26:22.6118142Z Building Challenge
2026-09-15T23:26:23.4854774Z ✔ [2/3] Built Challenge (725ms)
2026-09-15T23:26:23.4856968Z Build completed successfully (3 jobs).
2026-09-15T23:26:24.3295736Z Exporting #[Quot, Quot.mk, Quot.lift, Quot.ind, checked, Classical.choice, Quot.sound, propext, Nat.add, Nat.sub, Nat.mul, Nat.pow, Nat.gcd, Nat.div, Nat.mod, Nat.beq, Nat.ble, Nat.land, Nat.lor, Nat.xor, Nat.shiftLeft, Nat.shiftRight, String.ofList, Char.ofNat, List, eagerReduce, Nat, String, String.mk, Char, optParam, autoParam, semiOutParam, outParam] from Challenge
2026-09-15T23:26:24.3297011Z Building Solution
2026-09-15T23:26:25.2106477Z ⚠ [2/3] Built Solution (736ms)
2026-09-15T23:26:25.2106986Z warning: Solution.lean:2:8: declaration uses `sorry`
2026-09-15T23:26:25.2108740Z Build completed successfully (3 jobs).
2026-09-15T23:26:26.1207914Z Exporting #[Quot, Quot.mk, Quot.lift, Quot.ind, checked, Classical.choice, Quot.sound, propext, Nat.add, Nat.sub, Nat.mul, Nat.pow, Nat.gcd, Nat.div, Nat.mod, Nat.beq, Nat.ble, Nat.land, Nat.lor, Nat.xor, Nat.shiftLeft, Nat.shiftRight, String.ofList, Char.ofNat, List, eagerReduce, Nat, String, String.mk, Char, optParam, autoParam, semiOutParam, outParam] from Solution
2026-09-15T23:26:26.1209720Z uncaught exception: Illegal axiom detected: 'sorryAx'
2026-09-15T23:26:26.1297900Z Running systemd-run --user --quiet --wait --pipe --collect -p 'RestrictAddressFamilies=~AF_UNIX' --working-directory /home/runner/work/_temp/nla-lean-tools/.verification-tmp/nla-axiom-_ln8t_iw /usr/bin/env -i PATH=/home/runner/.elan/toolchains/leanprover--lean4---v4.33.1/bin:/home/runner/.elan/bin:/home/runner/go/bin:/opt/hostedtoolcache/go/1.27.1/x64/bin:/snap/bin:/home/runner/.local/bin:/opt/pipx_bin:/home/runner/.cargo/bin:/home/runner/.config/composer/vendor/bin:/usr/local/.ghcup/bin:/home/runner/.dotnet/tools:/usr/local/sbin:/usr/local/bin:/usr/sbin:/usr/bin:/sbin:/bin:/usr/games:/usr/local/games:/snap/bin HOME=/home/runner LANG=C.UTF-8 XDG_RUNTIME_DIR=/run/user/1001 DBUS_SESSION_BUS_ADDRESS=unix:path=/run/user/1001/bus GIT_TERMINAL_PROMPT=0 GIT_CONFIG_NOSYSTEM=1 GIT_CONFIG_GLOBAL=/dev/null COMPARATOR_BIN=/home/runner/work/_temp/nla-lean-tools/.tools/comparator/.lake/build/bin/comparator COMPARATOR_LEAN4EXPORT=/home/runner/work/_temp/nla-lean-tools/.tools/lean4export/.lake/build/bin/lean4export COMPARATOR_LANDRUN=/home/runner/work/_temp/nla-lean-tools/scripts/strict_landrun.py XDG_CACHE_HOME=/home/runner/work/_temp/nla-lean-tools/.tools/cache TMPDIR=/home/runner/work/_temp/nla-lean-tools/.verification-tmp lake env /home/runner/work/_temp/nla-lean-tools/.tools/comparator/.lake/build/bin/comparator comparator.json
2026-09-15T23:26:26.1302031Z Log: /home/runner/work/_temp/nla-lean-tools/logs/verify-20260915T232613Z-3959/negative-native.log
2026-09-15T23:26:26.1738723Z info: NlaAxiomFixture: no previous manifest, creating one from scratch
2026-09-15T23:26:26.1739457Z info: toolchain not updated; already up-to-date
2026-09-15T23:26:26.2325330Z Building Challenge
2026-09-15T23:26:27.1086904Z ✔ [2/3] Built Challenge (730ms)
2026-09-15T23:26:27.1093784Z Build completed successfully (3 jobs).
2026-09-15T23:26:27.9090898Z Exporting #[Quot, Quot.mk, Quot.lift, Quot.ind, checked, Classical.choice, Quot.sound, propext, Nat.add, Nat.sub, Nat.mul, Nat.pow, Nat.gcd, Nat.div, Nat.mod, Nat.beq, Nat.ble, Nat.land, Nat.lor, Nat.xor, Nat.shiftLeft, Nat.shiftRight, String.ofList, Char.ofNat, List, eagerReduce, Nat, String, String.mk, Char, optParam, autoParam, semiOutParam, outParam] from Challenge
2026-09-15T23:26:27.9092185Z Building Solution
2026-09-15T23:26:28.7852923Z ✔ [2/3] Built Solution (715ms)
2026-09-15T23:26:28.7855874Z Build completed successfully (3 jobs).
2026-09-15T23:26:29.6453944Z Exporting #[Quot, Quot.mk, Quot.lift, Quot.ind, checked, Classical.choice, Quot.sound, propext, Nat.add, Nat.sub, Nat.mul, Nat.pow, Nat.gcd, Nat.div, Nat.mod, Nat.beq, Nat.ble, Nat.land, Nat.lor, Nat.xor, Nat.shiftLeft, Nat.shiftRight, String.ofList, Char.ofNat, List, eagerReduce, Nat, String, String.mk, Char, optParam, autoParam, semiOutParam, outParam] from Solution
2026-09-15T23:26:29.6455867Z uncaught exception: Illegal axiom detected: 'checked._native.native_decide.ax_1_1'
2026-09-15T23:26:29.8619732Z Running lake env true
2026-09-15T23:26:29.8620349Z Log: /home/runner/work/_temp/nla-lean-tools/logs/verify-20260915T232613Z-3959/dependencies.log
2026-09-15T23:26:29.8994263Z info: leancert: cloning https://github.com/alerad/leancert
2026-09-15T23:26:31.5843745Z info: leancert: checking out revision '621a43d7cf21f87872392a01e874f2f1dbddc926'
2026-09-15T23:26:31.6137829Z info: mathlib: cloning https://github.com/leanprover-community/mathlib4.git
2026-09-15T23:27:01.0555550Z info: mathlib: checking out revision '0df444a360eaa60ab8c11dca51a86af692955474'
2026-09-15T23:27:02.4992156Z info: plausible: cloning https://github.com/leanprover-community/plausible
2026-09-15T23:27:03.1684431Z info: plausible: checking out revision 'b7eb3304aeae834b12dda98993a37f6a41f6f0bb'
2026-09-15T23:27:03.1796894Z info: LeanSearchClient: cloning https://github.com/leanprover-community/LeanSearchClient
2026-09-15T23:27:03.7355789Z info: LeanSearchClient: checking out revision '5f4d51b81cbd3f6b32b156bfad9056621a040404'
2026-09-15T23:27:03.7463018Z info: importGraph: cloning https://github.com/leanprover-community/import-graph
2026-09-15T23:27:04.5291094Z info: importGraph: checking out revision '16f02aa7642864af59f1ff0e384a015994db9118'
2026-09-15T23:27:04.5425103Z info: proofwidgets: cloning https://github.com/leanprover-community/ProofWidgets4
2026-09-15T23:27:05.9265385Z info: proofwidgets: checking out revision '4be2e3d5087eeb272cf5a8853b8f9dd025ef5957'
2026-09-15T23:27:06.4010600Z info: aesop: cloning https://github.com/leanprover-community/aesop
2026-09-15T23:27:07.7772381Z info: aesop: checking out revision '3448c0bcc5ce01b2d1546e483ec3620e32df3d0e'
2026-09-15T23:27:07.7931472Z info: Qq: cloning https://github.com/leanprover-community/quote4
2026-09-15T23:27:08.5278031Z info: Qq: checking out revision '92c15be17b7caf78c2ad767ec40f89052d908d81'
2026-09-15T23:27:08.5387673Z info: batteries: cloning https://github.com/leanprover-community/batteries
2026-09-15T23:27:11.6094120Z info: batteries: checking out revision '4488d40d070b9700d4d5a6aa342f0d40c31b2a2d'
2026-09-15T23:27:11.6321599Z info: Cli: cloning https://github.com/leanprover/lean4-cli
2026-09-15T23:27:12.2437962Z info: Cli: checking out revision '6130a47896ce867c6a4a55373441e59e565bad0f'
2026-09-15T23:27:12.3303845Z Running lake exe cache get
2026-09-15T23:27:12.3304346Z Log: /home/runner/work/_temp/nla-lean-tools/logs/verify-20260915T232613Z-3959/mathlib-cache.log
2026-09-15T23:27:13.4328652Z ✔ [1/5] Built Cache.Cli (305ms)
2026-09-15T23:27:13.4329007Z ✔ [2/5] Built Cache.Lean (348ms)
2026-09-15T23:27:13.9337389Z ✔ [6/26] Built Cache.Cli:c.o (166ms)
2026-09-15T23:27:13.9337886Z ✔ [7/26] Built Cache.Lean:c.o (162ms)
2026-09-15T23:27:14.1376574Z ✔ [8/26] Built Cache.Infra (381ms)
2026-09-15T23:27:14.3368540Z ✔ [9/26] Built Cache.Infra:c.o (168ms)
2026-09-15T23:27:14.6372398Z ✔ [10/26] Built Batteries.Tactic.OpenPrivate (805ms)
2026-09-15T23:27:15.5382081Z ✔ [11/26] Built Batteries.Tactic.OpenPrivate:c.o (952ms)
2026-09-15T23:27:15.7433241Z ✔ [12/26] Built Cache.IO (1.1s)
2026-09-15T23:27:16.4404052Z ✔ [13/26] Built Cache.Hashing (675ms)
2026-09-15T23:27:16.8408746Z ✔ [14/26] Built Cache.Hashing:c.o (442ms)
2026-09-15T23:27:16.9408861Z ✔ [15/26] Built Cache.IO:c.o (1.2s)
2026-09-15T23:27:18.0410024Z ✔ [16/26] Built Cache.Requests (1.6s)
2026-09-15T23:27:18.5434869Z ✔ [17/26] Built Cache.Marker (523ms)
2026-09-15T23:27:18.6417834Z ✔ [18/26] Built Cache.Marker:c.o (106ms)
2026-09-15T23:27:19.2424524Z ✔ [19/26] Built Cache.Query (635ms)
2026-09-15T23:27:19.4426697Z ✔ [20/26] Built Cache.Query:c.o (236ms)
2026-09-15T23:27:19.8454514Z ✔ [21/26] Built Cache.Warning (656ms)
2026-09-15T23:27:20.1435325Z ✔ [22/26] Built Cache.Warning:c.o (282ms)
2026-09-15T23:27:20.3447920Z ✔ [23/26] Built Cache.Requests:c.o (2.3s)
2026-09-15T23:27:20.8453480Z ✔ [24/26] Built Cache.Main (1.0s)
2026-09-15T23:27:21.5460724Z ✔ [25/26] Built Cache.Main:c.o (702ms)
2026-09-15T23:27:22.2469478Z ✔ [26/26] Built cache:exe (631ms)
2026-09-15T23:27:24.7186654Z Current branch: HEAD
2026-09-15T23:27:24.7187186Z Using cache from origin: (some leanprover-community/mathlib4)
2026-09-15T23:27:24.7188112Z Attempting to download 8690 file(s) from leanprover-community/mathlib4 cache at https://lakecache.blob.core.windows.net/mathlib4-master
2026-09-15T23:27:25.7240193Z 
2026-09-15T23:27:25.8295864Z Downloaded: 1 file(s) [attempted 1/8690 = 0%, 24 KB/s], Decompressed: 0
2026-09-15T23:27:25.9289242Z Downloaded: 71 file(s) [attempted 71/8690 = 0%, 518 KB/s], Decompressed: 24
2026-09-15T23:27:26.0314488Z Downloaded: 147 file(s) [attempted 147/8690 = 1%, 1061 KB/s], Decompressed: 44
2026-09-15T23:27:26.1342079Z Downloaded: 237 file(s) [attempted 237/8690 = 2%, 1573 KB/s], Decompressed: 81
2026-09-15T23:27:26.2354823Z Downloaded: 328 file(s) [attempted 328/8690 = 3%, 1011 KB/s], Decompressed: 81
2026-09-15T23:27:26.3347300Z Downloaded: 427 file(s) [attempted 427/8690 = 4%, 330 KB/s], Decompressed: 81
2026-09-15T23:27:26.4356995Z Downloaded: 525 file(s) [attempted 525/8690 = 6%, 2410 KB/s], Decompressed: 179
2026-09-15T23:27:26.5384420Z Downloaded: 628 file(s) [attempted 628/8690 = 7%, 1227 KB/s], Decompressed: 179
2026-09-15T23:27:26.6394409Z Downloaded: 736 file(s) [attempted 736/8690 = 8%, 333 KB/s], Decompressed: 179
2026-09-15T23:27:26.7424574Z Downloaded: 837 file(s) [attempted 837/8690 = 9%, 1364 KB/s], Decompressed: 179
2026-09-15T23:27:26.8474408Z Downloaded: 935 file(s) [attempted 935/8690 = 10%, 1289 KB/s], Decompressed: 179
2026-09-15T23:27:26.9524253Z Downloaded: 1047 file(s) [attempted 1047/8690 = 12%, 1555 KB/s], Decompressed: 179
2026-09-15T23:27:27.0501622Z Downloaded: 1148 file(s) [attempted 1148/8690 = 13%, 2397 KB/s], Decompressed: 179
2026-09-15T23:27:27.1614259Z Downloaded: 1249 file(s) [attempted 1249/8690 = 14%, 633 KB/s], Decompressed: 179
2026-09-15T23:27:27.2648523Z Downloaded: 1356 file(s) [attempted 1356/8690 = 15%, 375 KB/s], Decompressed: 447
2026-09-15T23:27:27.3648002Z Downloaded: 1455 file(s) [attempted 1455/8690 = 16%, 1780 KB/s], Decompressed: 447
2026-09-15T23:27:27.4667840Z Downloaded: 1558 file(s) [attempted 1558/8690 = 17%, 254 KB/s], Decompressed: 447
2026-09-15T23:27:27.5704541Z Downloaded: 1663 file(s) [attempted 1663/8690 = 19%, 626 KB/s], Decompressed: 447
2026-09-15T23:27:27.6726502Z Downloaded: 1768 file(s) [attempted 1768/8690 = 20%, 1542 KB/s], Decompressed: 447
2026-09-15T23:27:27.7786178Z Downloaded: 1871 file(s) [attempted 1871/8690 = 21%, 1293 KB/s], Decompressed: 447
2026-09-15T23:27:27.8826098Z Downloaded: 1972 file(s) [attempted 1972/8690 = 22%, 263 KB/s], Decompressed: 447
2026-09-15T23:27:27.9864292Z Downloaded: 2070 file(s) [attempted 2070/8690 = 23%, 365 KB/s], Decompressed: 447
2026-09-15T23:27:28.0842159Z Downloaded: 2171 file(s) [attempted 2171/8690 = 24%, 228 KB/s], Decompressed: 447
2026-09-15T23:27:28.1904023Z Downloaded: 2272 file(s) [attempted 2272/8690 = 26%, 351 KB/s], Decompressed: 447
2026-09-15T23:27:28.2974584Z Downloaded: 2359 file(s) [attempted 2359/8690 = 27%, 3820 KB/s], Decompressed: 447
2026-09-15T23:27:28.4006137Z Downloaded: 2450 file(s) [attempted 2450/8690 = 28%, 378 KB/s], Decompressed: 447
2026-09-15T23:27:28.4997656Z Downloaded: 2542 file(s) [attempted 2542/8690 = 29%, 1201 KB/s], Decompressed: 447
2026-09-15T23:27:28.6019223Z Downloaded: 2647 file(s) [attempted 2647/8690 = 30%, 428 KB/s], Decompressed: 447
2026-09-15T23:27:28.7007298Z Downloaded: 2750 file(s) [attempted 2750/8690 = 31%, 182 KB/s], Decompressed: 447
2026-09-15T23:27:28.8007927Z Downloaded: 2853 file(s) [attempted 2853/8690 = 32%, 573 KB/s], Decompressed: 447
2026-09-15T23:27:28.9038456Z Downloaded: 2956 file(s) [attempted 2956/8690 = 34%, 1450 KB/s], Decompressed: 447
2026-09-15T23:27:29.0018257Z Downloaded: 3054 file(s) [attempted 3054/8690 = 35%, 252 KB/s], Decompressed: 447
2026-09-15T23:27:29.1053483Z Downloaded: 3130 file(s) [attempted 3130/8690 = 36%, 1107 KB/s], Decompressed: 447
2026-09-15T23:27:29.2057296Z Downloaded: 3230 file(s) [attempted 3230/8690 = 37%, 614 KB/s], Decompressed: 447
2026-09-15T23:27:29.3072686Z Downloaded: 3317 file(s) [attempted 3317/8690 = 38%, 987 KB/s], Decompressed: 447
2026-09-15T23:27:29.4075754Z Downloaded: 3400 file(s) [attempted 3400/8690 = 39%, 113 KB/s], Decompressed: 447
2026-09-15T23:27:29.5070818Z Downloaded: 3505 file(s) [attempted 3505/8690 = 40%, 519 KB/s], Decompressed: 447
2026-09-15T23:27:29.6795283Z Downloaded: 3610 file(s) [attempted 3610/8690 = 41%, 650 KB/s], Decompressed: 447
2026-09-15T23:27:29.7804437Z Downloaded: 3702 file(s) [attempted 3702/8690 = 42%, 885 KB/s], Decompressed: 447
2026-09-15T23:27:29.8834739Z Downloaded: 3807 file(s) [attempted 3807/8690 = 43%, 2843 KB/s], Decompressed: 1308
2026-09-15T23:27:29.9833396Z Downloaded: 3905 file(s) [attempted 3905/8690 = 44%, 977 KB/s], Decompressed: 1308
2026-09-15T23:27:30.0863034Z Downloaded: 3997 file(s) [attempted 3997/8690 = 45%, 1139 KB/s], Decompressed: 1308
2026-09-15T23:27:30.1888051Z Downloaded: 4107 file(s) [attempted 4107/8690 = 47%, 353 KB/s], Decompressed: 1308
2026-09-15T23:27:30.2916765Z Downloaded: 4191 file(s) [attempted 4191/8690 = 48%, 1391 KB/s], Decompressed: 1308
2026-09-15T23:27:30.3914520Z Downloaded: 4288 file(s) [attempted 4288/8690 = 49%, 3341 KB/s], Decompressed: 1308
2026-09-15T23:27:30.4924404Z Downloaded: 4395 file(s) [attempted 4395/8690 = 50%, 894 KB/s], Decompressed: 1308
2026-09-15T23:27:30.5917227Z Downloaded: 4505 file(s) [attempted 4505/8690 = 51%, 1023 KB/s], Decompressed: 1308
2026-09-15T23:27:30.6924035Z Downloaded: 4605 file(s) [attempted 4605/8690 = 52%, 944 KB/s], Decompressed: 1308
2026-09-15T23:27:30.8094570Z Downloaded: 4709 file(s) [attempted 4709/8690 = 54%, 614 KB/s], Decompressed: 1308
2026-09-15T23:27:30.9207717Z Downloaded: 4795 file(s) [attempted 4795/8690 = 55%, 1522 KB/s], Decompressed: 1308
2026-09-15T23:27:31.0294370Z Downloaded: 4898 file(s) [attempted 4898/8690 = 56%, 1530 KB/s], Decompressed: 1308
2026-09-15T23:27:31.1278877Z Downloaded: 4972 file(s) [attempted 4972/8690 = 57%, 382 KB/s], Decompressed: 1308
2026-09-15T23:27:31.2308868Z Downloaded: 5063 file(s) [attempted 5063/8690 = 58%, 370 KB/s], Decompressed: 1308
2026-09-15T23:27:31.3379599Z Downloaded: 5164 file(s) [attempted 5164/8690 = 59%, 147 KB/s], Decompressed: 1308
2026-09-15T23:27:31.4467995Z Downloaded: 5269 file(s) [attempted 5269/8690 = 60%, 198 KB/s], Decompressed: 1308
2026-09-15T23:27:31.6105738Z Downloaded: 5374 file(s) [attempted 5374/8690 = 61%, 2459 KB/s], Decompressed: 1308
2026-09-15T23:27:31.7317828Z Downloaded: 5432 file(s) [attempted 5432/8690 = 62%, 1340 KB/s], Decompressed: 1308
2026-09-15T23:27:31.8394581Z Downloaded: 5532 file(s) [attempted 5532/8690 = 63%, 1049 KB/s], Decompressed: 1308
2026-09-15T23:27:31.9514387Z Downloaded: 5633 file(s) [attempted 5633/8690 = 64%, 2524 KB/s], Decompressed: 1308
2026-09-15T23:27:32.1034432Z Downloaded: 5729 file(s) [attempted 5729/8690 = 65%, 1297 KB/s], Decompressed: 1308
2026-09-15T23:27:32.1981886Z Downloaded: 5823 file(s) [attempted 5823/8690 = 67%, 5792 KB/s], Decompressed: 1308
2026-09-15T23:27:32.3064704Z Downloaded: 5921 file(s) [attempted 5921/8690 = 68%, 499 KB/s], Decompressed: 1308
2026-09-15T23:27:32.4228843Z Downloaded: 6027 file(s) [attempted 6027/8690 = 69%, 593 KB/s], Decompressed: 1308
2026-09-15T23:27:32.5226859Z Downloaded: 6127 file(s) [attempted 6127/8690 = 70%, 1562 KB/s], Decompressed: 1308
2026-09-15T23:27:32.6299343Z Downloaded: 6226 file(s) [attempted 6226/8690 = 71%, 3677 KB/s], Decompressed: 1308
2026-09-15T23:27:32.7318857Z Downloaded: 6285 file(s) [attempted 6285/8690 = 72%, 1518 KB/s], Decompressed: 1308
2026-09-15T23:27:32.8323277Z Downloaded: 6384 file(s) [attempted 6384/8690 = 73%, 1374 KB/s], Decompressed: 1308
2026-09-15T23:27:32.9334486Z Downloaded: 6482 file(s) [attempted 6482/8690 = 74%, 228 KB/s], Decompressed: 1308
2026-09-15T23:27:33.0360916Z Downloaded: 6583 file(s) [attempted 6583/8690 = 75%, 1049 KB/s], Decompressed: 1308
2026-09-15T23:27:33.1356470Z Downloaded: 6686 file(s) [attempted 6686/8690 = 76%, 1191 KB/s], Decompressed: 1308
2026-09-15T23:27:33.2474656Z Downloaded: 6750 file(s) [attempted 6750/8690 = 77%, 354 KB/s], Decompressed: 1308
2026-09-15T23:27:33.3494304Z Downloaded: 6850 file(s) [attempted 6850/8690 = 78%, 2890 KB/s], Decompressed: 1308
2026-09-15T23:27:33.4477306Z Downloaded: 6953 file(s) [attempted 6953/8690 = 80%, 2053 KB/s], Decompressed: 1308
2026-09-15T23:27:33.5507313Z Downloaded: 7047 file(s) [attempted 7047/8690 = 81%, 669 KB/s], Decompressed: 1308
2026-09-15T23:27:33.6694518Z Downloaded: 7111 file(s) [attempted 7111/8690 = 81%, 835 KB/s], Decompressed: 1308
2026-09-15T23:27:33.7691017Z Downloaded: 7212 file(s) [attempted 7212/8690 = 82%, 237 KB/s], Decompressed: 1308
2026-09-15T23:27:33.8694594Z Downloaded: 7255 file(s) [attempted 7255/8690 = 83%, 233 KB/s], Decompressed: 1308
2026-09-15T23:27:33.9947937Z Downloaded: 7324 file(s) [attempted 7324/8690 = 84%, 908 KB/s], Decompressed: 1308
2026-09-15T23:27:34.0988413Z Downloaded: 7427 file(s) [attempted 7427/8690 = 85%, 325 KB/s], Decompressed: 1308
2026-09-15T23:27:34.1971472Z Downloaded: 7528 file(s) [attempted 7528/8690 = 86%, 4953 KB/s], Decompressed: 1308
2026-09-15T23:27:34.2976046Z Downloaded: 7631 file(s) [attempted 7631/8690 = 87%, 2428 KB/s], Decompressed: 1308
2026-09-15T23:27:34.4554528Z Downloaded: 7733 file(s) [attempted 7733/8690 = 88%, 1123 KB/s], Decompressed: 1308
2026-09-15T23:27:34.5581458Z Downloaded: 7803 file(s) [attempted 7803/8690 = 89%, 389 KB/s], Decompressed: 1308
2026-09-15T23:27:34.6651700Z Downloaded: 7907 file(s) [attempted 7907/8690 = 90%, 170 KB/s], Decompressed: 1308
2026-09-15T23:27:34.8034476Z Downloaded: 8001 file(s) [attempted 8001/8690 = 92%, 877 KB/s], Decompressed: 1308
2026-09-15T23:27:34.9081909Z Downloaded: 8102 file(s) [attempted 8102/8690 = 93%, 1922 KB/s], Decompressed: 1308
2026-09-15T23:27:35.0130609Z Downloaded: 8196 file(s) [attempted 8196/8690 = 94%, 828 KB/s], Decompressed: 1308
2026-09-15T23:27:35.1238026Z Downloaded: 8301 file(s) [attempted 8301/8690 = 95%, 690 KB/s], Decompressed: 1308
2026-09-15T23:27:35.2255431Z Downloaded: 8402 file(s) [attempted 8402/8690 = 96%, 149 KB/s], Decompressed: 1308
2026-09-15T23:27:35.3324743Z Downloaded: 8505 file(s) [attempted 8505/8690 = 97%, 2522 KB/s], Decompressed: 1308
2026-09-15T23:27:35.4323000Z Downloaded: 8564 file(s) [attempted 8564/8690 = 98%, 463 KB/s], Decompressed: 1308
2026-09-15T23:27:35.6300425Z Downloaded: 8665 file(s) [attempted 8665/8690 = 99%, 2145 KB/s], Decompressed: 1308
2026-09-15T23:27:35.6893023Z Downloaded: 8684 file(s) [attempted 8684/8690 = 99%, 1041 KB/s], Decompressed: 1308
2026-09-15T23:27:35.6893845Z Downloaded: 8690 file(s) [attempted 8690/8690 = 100%, 1041 KB/s], Decompressed: 1308
2026-09-15T23:28:03.8409341Z Decompressed 8690 file(s)
2026-09-15T23:28:03.8409644Z Already decompressed 8690 file(s)
2026-09-15T23:28:03.8737728Z Running systemd-run --user --quiet --wait --pipe --collect -p 'RestrictAddressFamilies=~AF_UNIX' --working-directory /home/runner/work/_temp/nla-lean-tools/.verification-tmp/nla-fresh-proof-g88ulw3a/project /usr/bin/env -i PATH=/home/runner/.elan/toolchains/leanprover--lean4---v4.33.1/bin:/home/runner/.elan/bin:/home/runner/go/bin:/opt/hostedtoolcache/go/1.27.1/x64/bin:/snap/bin:/home/runner/.local/bin:/opt/pipx_bin:/home/runner/.cargo/bin:/home/runner/.config/composer/vendor/bin:/usr/local/.ghcup/bin:/home/runner/.dotnet/tools:/usr/local/sbin:/usr/local/bin:/usr/sbin:/usr/bin:/sbin:/bin:/usr/games:/usr/local/games:/snap/bin HOME=/home/runner LANG=C.UTF-8 XDG_RUNTIME_DIR=/run/user/1001 DBUS_SESSION_BUS_ADDRESS=unix:path=/run/user/1001/bus GIT_TERMINAL_PROMPT=0 GIT_CONFIG_NOSYSTEM=1 GIT_CONFIG_GLOBAL=/dev/null COMPARATOR_BIN=/home/runner/work/_temp/nla-lean-tools/.tools/comparator/.lake/build/bin/comparator COMPARATOR_LEAN4EXPORT=/home/runner/work/_temp/nla-lean-tools/.tools/lean4export/.lake/build/bin/lean4export COMPARATOR_LANDRUN=/home/runner/work/_temp/nla-lean-tools/scripts/strict_landrun.py XDG_CACHE_HOME=/home/runner/work/_temp/nla-lean-tools/.tools/cache TMPDIR=/home/runner/work/_temp/nla-lean-tools/.verification-tmp lake env /home/runner/work/_temp/nla-lean-tools/.tools/comparator/.lake/build/bin/comparator comparator.json
2026-09-15T23:28:03.8741604Z Log: /home/runner/work/_temp/nla-lean-tools/logs/verify-20260915T232613Z-3959/comparator.log
2026-09-15T23:28:04.6942269Z Building Challenge
2026-09-15T23:28:08.8085232Z ✔ [3006/3008] Built NLA.IE14.Definitions (2.2s)
2026-09-15T23:28:10.7065290Z ⚠ [3007/3008] Built Challenge (1.8s)
2026-09-15T23:28:10.7065752Z warning: Challenge.lean:14:8: declaration uses `sorry`
2026-09-15T23:28:10.7066221Z warning: Challenge.lean:17:8: declaration uses `sorry`
2026-09-15T23:28:10.7066693Z warning: Challenge.lean:22:8: declaration uses `sorry`
2026-09-15T23:28:10.7067090Z warning: Challenge.lean:26:8: declaration uses `sorry`
2026-09-15T23:28:10.7067490Z warning: Challenge.lean:32:8: declaration uses `sorry`
2026-09-15T23:28:10.7067904Z warning: Challenge.lean:36:8: declaration uses `sorry`
2026-09-15T23:28:10.7068304Z warning: Challenge.lean:41:8: declaration uses `sorry`
2026-09-15T23:28:10.7211389Z Build completed successfully (3008 jobs).
2026-09-15T23:28:14.7511853Z Exporting #[Quot, Quot.mk, Quot.lift, Quot.ind, NLA.IE14.numerical_bounds, NLA.IE14.entryMax_semantics, NLA.IE14.admissible_path_exists, NLA.IE14.all_active_entries_bound, NLA.IE14.witness_data, NLA.IE14.witness_attainment, NLA.IE14.canonical_result, propext, Classical.choice, Quot.sound, Nat.add, Nat.sub, Nat.mul, Nat.pow, Nat.gcd, Nat.div, Nat.mod, Nat.beq, Nat.ble, Nat.land, Nat.lor, Nat.xor, Nat.shiftLeft, Nat.shiftRight, String.ofList, Char.ofNat, List, eagerReduce, Nat, String, String.mk, Char, optParam, autoParam, semiOutParam, outParam] from Challenge
2026-09-15T23:28:14.7513919Z Building Solution
2026-09-15T23:28:19.7316608Z ✔ [3436/3474] Built NLA.IE14.Basic (3.4s)
2026-09-15T23:28:19.8315963Z ✔ [3442/3475] Built LeanCert.Core.Interval (3.3s)
2026-09-15T23:28:19.8316571Z ✔ [3443/3475] Built LeanCert.Core.DerivativeIntervals (3.3s)
2026-09-15T23:28:22.3389971Z ✔ [3444/3481] Built LeanCert.Core.Expr (5.8s)
2026-09-15T23:28:25.5479480Z ✔ [3445/3481] Built LeanCert.Contrib.Sinc (5.8s)
2026-09-15T23:28:29.0555961Z ✔ [3446/3481] Built LeanCert.Core.Taylor (9.3s)
2026-09-15T23:28:29.2555404Z ✔ [3447/3482] Built LeanCert.Core.IntervalRat.LogReduction (6.9s)
2026-09-15T23:28:29.4554766Z ✔ [3448/3482] Built LeanCert.Core.IntervalRat.Basic (9.7s)
2026-09-15T23:28:30.4551987Z ✔ [3449/3486] Built LeanCert.Core.Support (4.9s)
2026-09-15T23:28:33.0650786Z ✔ [3450/3486] Built LeanCert.Meta.Numeral (3.0s)
2026-09-15T23:28:33.0651994Z ✔ [3451/3486] Built LeanCert.Core.Dyadic (3.8s)
2026-09-15T23:28:33.1652195Z ✔ [3452/3486] Built LeanCert.Tactic.Verification (3.8s)
2026-09-15T23:28:33.7657194Z ✔ [3453/3486] Built LeanCert.Engine.Eval.Result (3.3s)
2026-09-15T23:28:36.5742050Z ✔ [3454/3486] Built LeanCert.Core.TrigReduction (3.5s)
2026-09-15T23:28:38.2066981Z ✔ [3455/3486] Built LeanCert.Tactic.IntervalAuto.Types (4.5s)
2026-09-15T23:28:38.4069062Z ✔ [3456/3486] Built LeanCert.Core.IntervalRat.Transcendental (5.2s)
2026-09-15T23:28:40.8093656Z ✔ [3457/3487] Built LeanCert.Tactic.LeanCert.Bridge.Environment (4.2s)
2026-09-15T23:28:43.2149123Z ✔ [3458/3487] Built LeanCert.Tactic.IntervalAuto.Extract (4.9s)
2026-09-15T23:28:44.1155246Z ✔ [3459/3588] Built LeanCert.Tactic.NumericalRefinement (885ms)
2026-09-15T23:28:45.2180573Z ✔ [3510/3589] Built LeanCert.Meta.ToExpr (6.8s)
2026-09-15T23:28:46.3190235Z ✔ [3511/3589] Built LeanCert.Tactic.IntervalAuto.Norm (5.5s)
2026-09-15T23:28:47.1196295Z ✔ [3512/3590] Built LeanCert.Tactic.VecUtil (2.0s)
2026-09-15T23:28:49.7264998Z ✔ [3513/3590] Built LeanCert.Tactic.FinSumExpand (2.6s)
2026-09-15T23:28:49.9337395Z ✔ [3514/3594] Built LeanCert.Tactic.LeanCert.Normalize (3.7s)
2026-09-15T23:28:50.4360661Z ✔ [3515/3596] Built LeanCert.Tactic.IntervalAuto.Parse (5.2s)
2026-09-15T23:28:51.5507924Z ✔ [3516/3596] Built LeanCert.Core.IntervalRat.Taylor (18s)
2026-09-15T23:28:51.6510069Z ✔ [3517/3596] Built LeanCert.Tactic.BridgeNative (1.7s)
2026-09-15T23:28:53.0524175Z ✔ [3518/3596] Built LeanCert.Tactic.FinsetParse (3.3s)
2026-09-15T23:28:53.5526689Z ✔ [3519/3598] Built LeanCert.Tactic.IntervalAuto.Diagnostic (3.1s)
2026-09-15T23:28:54.1540938Z ✔ [3520/3602] Built LeanCert.Core.IntervalReal (2.5s)
2026-09-15T23:28:54.3544114Z ✔ [3521/3602] Built LeanCert.Validity.Eventual (2.9s)
2026-09-15T23:28:55.0573534Z ✔ [3522/3602] Built LeanCert.Tactic.LeanCert.Semantic.Domain (1.5s)
2026-09-15T23:28:55.7649370Z ✔ [3523/3605] Built LeanCert.Core.IntervalRat.TrigReduced (2.7s)
2026-09-15T23:29:00.0786323Z ✔ [3524/3605] Built LeanCert.Core.IntervalRealEndpoints (5.0s)
2026-09-15T23:29:01.3839728Z ✔ [3525/3605] Built LeanCert.Engine.Affine.Basic (7.2s)
2026-09-15T23:29:02.4877556Z ✔ [3526/3605] Built LeanCert.Tactic.LeanCert.Semantic.Goal (2.4s)
2026-09-15T23:29:02.5895079Z ✔ [3527/3605] Built LeanCert.Core.IntervalDyadic (8.2s)
2026-09-15T23:29:02.7881549Z ✔ [3528/3605] Built LeanCert.Tactic.EventualBound (7.0s)
2026-09-15T23:29:03.2877685Z ✔ [3529/3605] Built LeanCert.Tactic.VecSimp (1.9s)
2026-09-15T23:29:04.1888657Z ✔ [3530/3609] Built LeanCert.Tactic.LeanCert.Semantic.Parse.Comparison (1.4s)
2026-09-15T23:29:08.3084130Z ✔ [3531/3609] Built LeanCert.Engine.Affine.Nonlinear (5.8s)
2026-09-15T23:29:08.4086283Z ✔ [3532/3610] Built LeanCert.Core.DyadicCell (5.1s)
2026-09-15T23:29:08.8128470Z ✔ [3533/3610] Built LeanCert.Tactic.LeanCert.Semantic.Parse.Bound (4.6s)
2026-09-15T23:29:10.3174681Z ✔ [3534/3613] Built LeanCert.Engine.Eval.Core (7.8s)
2026-09-15T23:29:11.3207543Z ✔ [3535/3613] Built LeanCert.Core.DyadicFrontier (2.9s)
2026-09-15T23:29:11.3212280Z ✔ [3536/3613] Built LeanCert.Tactic.Extension.Protocol (2.9s)
2026-09-15T23:29:12.1208297Z ✔ [3537/3617] Built LeanCert.Tactic.LeanCert.Diagnostic.Evidence (3.3s)
2026-09-15T23:29:13.4238503Z ✔ [3539/3626] Built LeanCert.Tactic.LeanCert.Config (2.1s)
2026-09-15T23:29:14.2283776Z ✔ [3540/3634] Built LeanCert.Engine.Eval.Extended (3.9s)
2026-09-15T23:29:14.5302275Z ✔ [3541/3634] Built LeanCert.Tactic.Extension.Registry (3.2s)
2026-09-15T23:29:16.1348657Z ✔ [3543/3642] Built LeanCert.Engine.FloatEval (2.7s)
2026-09-15T23:29:16.2354933Z ✔ [3544/3642] Built LeanCert.Engine.Algebra.QPoly (4.1s)
2026-09-15T23:29:17.1350389Z ✔ [3545/3642] Built LeanCert.Engine.Bounds.Lemmas (2.9s)
2026-09-15T23:29:17.3349592Z ✔ [3546/3642] Built LeanCert.Tactic.Extension.Command (2.9s)
2026-09-15T23:29:19.3405270Z ✔ [3547/3642] Built NLA.IE14.GEPP (3.2s)
2026-09-15T23:29:19.4406392Z ✔ [3548/3642] Built LeanCert.Engine.Algebra.QPolyIntegral (3.2s)
2026-09-15T23:29:19.5408103Z ✔ [3549/3642] Built LeanCert.Engine.IntervalEval (2.4s)
2026-09-15T23:29:19.7456768Z ✔ [3550/3642] Built LeanCert.Tactic.Extension (2.4s)
2026-09-15T23:29:22.2577516Z ✔ [3551/3642] Built LeanCert.Validity.Bounds.Checked (2.7s)
2026-09-15T23:29:22.4585337Z ✔ [3552/3642] Built LeanCert.Validity.Bounds.Core (2.9s)
2026-09-15T23:29:24.0646258Z ✔ [3553/3642] Built LeanCert.Engine.Affine.Transcendental (4.3s)
2026-09-15T23:29:25.8718480Z ✔ [3554/3642] Built LeanCert.Engine.IntervalEvalDyadic (6.3s)
2026-09-15T23:29:26.2720854Z ✔ [3555/3642] Built LeanCert.Engine.Optimization.Box (3.8s)
2026-09-15T23:29:27.9755392Z ✔ [3556/3642] Built LeanCert.Engine.RootFinding.Basic (5.6s)
2026-09-15T23:29:29.5779826Z ✔ [3557/3642] Built LeanCert.Engine.AD.Basic (3.3s)
2026-09-15T23:29:30.6104051Z ✔ [3558/3642] Built LeanCert.Engine.Integrate (6.6s)
2026-09-15T23:29:34.5190927Z ✔ [3559/3642] Built LeanCert.Engine.IntervalEvalAffine (6.5s)
2026-09-15T23:29:34.8196408Z ✔ [3560/3642] Built LeanCert.Validity.DyadicBounds (4.1s)
2026-09-15T23:29:34.8197320Z ✔ [3561/3642] Built LeanCert.Engine.FinSumDyadic (5.2s)
2026-09-15T23:29:35.1202140Z ✔ [3562/3642] Built LeanCert.Engine.TaylorModel.Core (9.2s)
2026-09-15T23:29:37.5226430Z ✔ [3563/3642] Built LeanCert.Engine.Search.Heuristic (3.0s)
2026-09-15T23:29:38.8279200Z ✔ [3564/3642] Built LeanCert.Engine.Affine.Environment (3.7s)
2026-09-15T23:29:38.9286285Z ✔ [3565/3642] Built LeanCert.Engine.AD.Transcendental (4.1s)
2026-09-15T23:29:39.6301894Z ✔ [3566/3642] Built LeanCert.Engine.RootFinding.Bisection (4.8s)
2026-09-15T23:29:40.8312784Z ✔ [3567/3642] Built LeanCert.Engine.WitnessSum (3.4s)
2026-09-15T23:29:41.5319728Z ✔ [3568/3642] Built LeanCert.Engine.TaylorModel.Special (2.6s)
2026-09-15T23:29:42.3325754Z ✔ [3569/3642] Built LeanCert.Engine.TaylorModel.Integral (3.5s)
2026-09-15T23:29:47.7591335Z ✔ [3570/3642] Built LeanCert.Engine.AD.Eval (5.4s)
2026-09-15T23:29:49.6609559Z ✔ [3571/3642] Built LeanCert.Engine.TaylorModel.ExpLog (8.8s)
2026-09-15T23:29:51.7692812Z ✔ [3572/3642] Built LeanCert.Engine.TaylorModel.Trig (10s)
2026-09-15T23:29:51.8693826Z ✔ [3573/3642] Built LeanCert.Engine.AD.Correctness (4.1s)
2026-09-15T23:29:52.0689310Z ✔ [3574/3642] Built LeanCert.Engine.TaylorModel.Hyperbolic (12s)
2026-09-15T23:29:54.1759825Z ✔ [3575/3642] Built LeanCert.Engine.TaylorModel.Functions (2.1s)
2026-09-15T23:29:55.2827016Z ✔ [3576/3642] Built LeanCert.Engine.AD.Computable (3.4s)
2026-09-15T23:29:56.3838775Z ✔ [3577/3642] Built LeanCert.Engine.AD.PartialCorrectness (4.5s)
2026-09-15T23:29:58.0893901Z ✔ [3578/3642] Built LeanCert.Engine.TaylorModel.Expr (3.9s)
2026-09-15T23:29:58.2896735Z ✔ [3579/3642] Built LeanCert.Engine.AD.DomainChecked (3.1s)
2026-09-15T23:29:59.7920877Z ✔ [3580/3642] Built LeanCert.Engine.TaylorModel (1.7s)
2026-09-15T23:30:00.8926320Z ✔ [3581/3642] Built LeanCert.Engine.AD.Dyadic (2.6s)
2026-09-15T23:30:02.4954919Z ✔ [3582/3642] Built LeanCert.Engine.AD (1.6s)
2026-09-15T23:30:05.8042767Z ✔ [3583/3642] Built LeanCert.Validity.Bounds.Smart (3.3s)
2026-09-15T23:30:06.4053757Z ✔ [3584/3642] Built LeanCert.Meta.ProveSupported (3.9s)
2026-09-15T23:30:07.1061764Z ✔ [3585/3642] Built LeanCert.Engine.IntervalEvalRefined (4.6s)
2026-09-15T23:30:08.0069280Z ✔ [3586/3642] Built LeanCert.Engine.Optimize (5.5s)
2026-09-15T23:30:09.0101293Z ✔ [3587/3642] Built LeanCert.Validity.Bounds.Bridge (3.3s)
2026-09-15T23:30:10.9158132Z ✔ [3588/3642] Built LeanCert.Meta.ProveContinuous (4.5s)
2026-09-15T23:30:12.4206077Z ✔ [3589/3642] Built LeanCert.Tactic.IntervalAuto.ProveCommon (5.4s)
2026-09-15T23:30:13.9281299Z ✔ [3590/3642] Built LeanCert.Engine.Optimization.Gradient (5.9s)
2026-09-15T23:30:14.0279954Z ✔ [3591/3642] Built LeanCert.Engine.RootFinding.Newton (4.0s)
2026-09-15T23:30:14.0296940Z ✔ [3592/3642] Built LeanCert.Validity.Bounds.Basic (3.1s)
2026-09-15T23:30:17.0367124Z ✔ [3593/3642] Built LeanCert.Tactic.IntervalAuto.Basic (3.1s)
2026-09-15T23:30:17.6401094Z ✔ [3594/3642] Built LeanCert.Tactic.LeanCert.Bridge.ReifiedFunction (3.6s)
2026-09-15T23:30:18.5410391Z ✔ [3595/3642] Built LeanCert.Validity.Integration (6.1s)
2026-09-15T23:30:26.2649034Z ✔ [3596/3642] Built LeanCert.Tactic.LeanCert.Semantic.Prepare (7.7s)
2026-09-15T23:30:27.0688637Z ✔ [3597/3642] Built LeanCert.Engine.RootFinding.Krawczyk (9.0s)
2026-09-15T23:30:28.4704264Z ✔ [3598/3642] Built LeanCert.Engine.RootFinding.MVTBounds (10s)
2026-09-15T23:30:33.8786380Z ✔ [3599/3642] Built LeanCert.Tactic.LeanCert.Integral (7.6s)
2026-09-15T23:30:34.7808196Z ✔ [3600/3642] Built LeanCert.Tactic.LeanCert.Solver.Protocol (6.3s)
2026-09-15T23:30:34.9806970Z ✔ [3601/3642] Built LeanCert.Tactic.Extension.Execute (7.0s)
2026-09-15T23:30:36.0928194Z ✔ [3602/3642] Built LeanCert.Engine.Optimization.Global (22s)
2026-09-15T23:30:37.1977300Z ✔ [3603/3642] Built LeanCert.Engine.RootFinding.KrawczykCandidate (3.3s)
2026-09-15T23:30:37.4006475Z ✔ [3604/3642] Built LeanCert.Validity.Krawczyk (2.6s)
2026-09-15T23:30:39.6040452Z ✔ [3605/3642] Built LeanCert.Engine.RootFinding.Contraction (4.5s)
2026-09-15T23:30:39.6045255Z ✔ [3606/3642] Built LeanCert.Tactic.LeanCert.Diagnostic.Render (3.6s)
2026-09-15T23:30:40.6052003Z ✔ [3607/3642] Built LeanCert.Validity.Types (3.2s)
2026-09-15T23:30:40.6056704Z ✔ [3608/3642] Built LeanCert.Tactic.Enclosure (3.4s)
2026-09-15T23:30:42.4073450Z ✔ [3609/3642] Built LeanCert.Engine.Search.CounterExample (2.8s)
2026-09-15T23:30:42.5074568Z ✔ [3610/3642] Built LeanCert.Engine.Optimization.Guided (2.9s)
2026-09-15T23:30:42.8086350Z ✔ [3611/3642] Built LeanCert.Engine.RootFinding.Main (2.2s)
2026-09-15T23:30:43.4101122Z ✔ [3612/3642] Built LeanCert.Engine.Optimization.BoundVerify (2.8s)
2026-09-15T23:30:46.8426836Z ✔ [3613/3642] Built LeanCert.Validity.Bounds (3.9s)
2026-09-15T23:30:50.1514651Z ✔ [3614/3642] Built LeanCert.Discovery.Find (3.3s)
2026-09-15T23:30:50.6498069Z ✔ [3615/3642] Built LeanCert.Tactic.IntervalAuto.RootBound (3.8s)
2026-09-15T23:30:50.8517668Z ✔ [3616/3642] Built LeanCert.Tactic.IntervalAuto.OptBound (4.1s)
2026-09-15T23:30:51.8529311Z ✔ [3617/3642] Built LeanCert.Tactic.IntervalAuto.Multivariate (5.1s)
2026-09-15T23:31:00.6661773Z ✔ [3618/3642] Built LeanCert.Tactic.IntervalAuto.Bound (10s)
2026-09-15T23:31:04.2741843Z ✔ [3619/3642] Built LeanCert.Tactic.IntervalAuto.Subdiv (3.7s)
2026-09-15T23:31:06.4773849Z ✔ [3620/3642] Built LeanCert.Tactic.IntervalAuto.Adaptive (5.8s)
2026-09-15T23:31:07.7786155Z ✔ [3621/3642] Built LeanCert.Tactic.IntervalAuto.PointIneq (7.2s)
2026-09-15T23:31:09.8851215Z ✔ [3622/3642] Built LeanCert.Tactic.IntervalAuto (2.0s)
2026-09-15T23:31:13.2924931Z ✔ [3623/3642] Built LeanCert.Tactic.Refute (3.4s)
2026-09-15T23:31:13.9939705Z ✔ [3624/3642] Built LeanCert.Tactic.FinSumWitness (4.1s)
2026-09-15T23:31:17.4998027Z ✔ [3625/3642] Built LeanCert.Tactic.FinSumBound (3.5s)
2026-09-15T23:31:20.2029497Z ✔ [3626/3642] Built LeanCert.Tactic.LeanCert.Semantic.Parse (2.7s)
2026-09-15T23:31:20.8035281Z ✔ [3627/3642] Built LeanCert.Tactic.Discovery (10s)
2026-09-15T23:31:23.0058164Z ✔ [3628/3642] Built LeanCert.Tactic.Krawczyk (2.7s)
2026-09-15T23:31:29.0111552Z ✔ [3629/3642] Built LeanCert.Tactic.LeanCert.Router (6.0s)
2026-09-15T23:31:31.2127531Z ✔ [3630/3642] Built LeanCert.Tactic.LeanCert (2.2s)
2026-09-15T23:31:33.4153781Z ✔ [3631/3642] Built LeanCert.Tactic (2.2s)
2026-09-15T23:31:35.8216698Z ℹ [3632/3642] Built NLA.IE14.Certificates (2.5s)
2026-09-15T23:31:35.8217916Z info: NLA/IE14/Certificates.lean:19:0: 'NLA.IE14.half_bounds_certificate' depends on axioms: [propext, Classical.choice, Quot.sound]
2026-09-15T23:31:36.4232607Z ℹ [3633/3642] Built NLA.IE14.Front (3.0s)
2026-09-15T23:31:36.4234039Z info: NLA/IE14/Front.lean:286:0: 'NLA.IE14.frontInvariant_all' depends on axioms: [propext, Classical.choice, Quot.sound]
2026-09-15T23:31:38.6282122Z ✔ [3634/3642] Built NLA.IE14.Factors (2.7s)
2026-09-15T23:31:39.5294035Z ℹ [3635/3642] Built NLA.IE14.FrontBounds (3.1s)
2026-09-15T23:31:39.5294828Z info: NLA/IE14/FrontBounds.lean:202:0: 'NLA.IE14.front_step_bounds' depends on axioms: [propext, Classical.choice, Quot.sound]
2026-09-15T23:31:39.5295827Z info: NLA/IE14/FrontBounds.lean:204:0: 'NLA.IE14.final_scalar_le_frontSum' depends on axioms: [propext, Classical.choice, Quot.sound]
2026-09-15T23:31:41.5321349Z ✔ [3636/3642] Built NLA.IE14.Tail (2.0s)
2026-09-15T23:31:44.2393041Z ℹ [3637/3642] Built NLA.IE14.ColumnBounds (4.7s)
2026-09-15T23:31:44.2394065Z info: NLA/IE14/ColumnBounds.lean:336:0: 'NLA.IE14.front_fibonacci_run' depends on axioms: [propext, Classical.choice, Quot.sound]
2026-09-15T23:31:44.2395182Z info: NLA/IE14/ColumnBounds.lean:338:0: 'NLA.IE14.last_column_sum_bound' depends on axioms: [propext, Classical.choice, Quot.sound]
2026-09-15T23:31:44.2396314Z info: NLA/IE14/ColumnBounds.lean:340:0: 'NLA.IE14.penultimate_column_front_bound' depends on axioms: [propext, Classical.choice, Quot.sound]
2026-09-15T23:31:44.2397572Z info: NLA/IE14/ColumnBounds.lean:342:0: 'NLA.IE14.all_active_entries_bound_proved' depends on axioms: [propext, Classical.choice, Quot.sound]
2026-09-15T23:31:45.2397359Z ✔ [3638/3642] Built NLA.IE14.WitnessEntries (3.6s)
2026-09-15T23:31:47.6430273Z ✔ [3639/3642] Built NLA.IE14.Attainment (2.4s)
2026-09-15T23:31:49.8454043Z ℹ [3640/3642] Built NLA.IE14.Proof (2.2s)
2026-09-15T23:31:49.8455215Z info: NLA/IE14/Proof.lean:38:0: 'NLA.IE14.numerical_bounds' depends on axioms: [propext, Classical.choice, Quot.sound]
2026-09-15T23:31:49.8456278Z info: NLA/IE14/Proof.lean:40:0: 'NLA.IE14.entryMax_semantics' depends on axioms: [propext, Classical.choice, Quot.sound]
2026-09-15T23:31:49.8457345Z info: NLA/IE14/Proof.lean:42:0: 'NLA.IE14.admissible_path_exists' depends on axioms: [propext, Classical.choice, Quot.sound]
2026-09-15T23:31:49.8458436Z info: NLA/IE14/Proof.lean:44:0: 'NLA.IE14.all_active_entries_bound' depends on axioms: [propext, Classical.choice, Quot.sound]
2026-09-15T23:31:49.8459442Z info: NLA/IE14/Proof.lean:46:0: 'NLA.IE14.witness_data' depends on axioms: [propext, Classical.choice, Quot.sound]
2026-09-15T23:31:49.8460453Z info: NLA/IE14/Proof.lean:48:0: 'NLA.IE14.witness_attainment' depends on axioms: [propext, Classical.choice, Quot.sound]
2026-09-15T23:31:49.8461470Z info: NLA/IE14/Proof.lean:50:0: 'NLA.IE14.canonical_result' depends on axioms: [propext, Classical.choice, Quot.sound]
2026-09-15T23:31:52.0476228Z ✔ [3641/3642] Built Solution (2.2s)
2026-09-15T23:31:52.0673869Z Build completed successfully (3642 jobs).
2026-09-15T23:33:11.5488438Z Exporting #[Quot, Quot.mk, Quot.lift, Quot.ind, NLA.IE14.numerical_bounds, NLA.IE14.entryMax_semantics, NLA.IE14.admissible_path_exists, NLA.IE14.all_active_entries_bound, NLA.IE14.witness_data, NLA.IE14.witness_attainment, NLA.IE14.canonical_result, propext, Classical.choice, Quot.sound, Nat.add, Nat.sub, Nat.mul, Nat.pow, Nat.gcd, Nat.div, Nat.mod, Nat.beq, Nat.ble, Nat.land, Nat.lor, Nat.xor, Nat.shiftLeft, Nat.shiftRight, String.ofList, Char.ofNat, List, eagerReduce, Nat, String, String.mk, Char, optParam, autoParam, semiOutParam, outParam] from Solution
2026-09-15T23:33:11.5490062Z Running Lean default kernel on solution.
2026-09-15T23:33:11.5490319Z Lean default kernel accepts the solution
2026-09-15T23:33:11.5490543Z Your solution is okay!
2026-09-15T23:33:15.6612356Z PASS: fresh Comparator run and all controls. Evidence: /home/runner/work/_temp/nla-lean-tools/logs/verify-20260915T232613Z-3959
2026-09-15T23:33:15.6909861Z Node 20 is being deprecated. This workflow is running with Node 24 by default. If you need to temporarily use Node 20, you can set the ACTIONS_ALLOW_USE_UNSECURE_NODE_VERSION=true environment variable. For more information see: https://github.blog/changelog/2025-09-19-deprecation-of-node-20-on-github-actions-runners/
2026-09-15T23:33:15.6911305Z ##[group]Run actions/upload-artifact@ea165f8d65b6e75b540449e92b4886f43607fa02
2026-09-15T23:33:15.6911742Z with:
2026-09-15T23:33:15.6911905Z   name: lean-IE-14
2026-09-15T23:33:15.6912112Z   path: /home/runner/work/_temp/nla-lean-tools/logs/
2026-09-15T23:33:15.6912362Z   if-no-files-found: warn
2026-09-15T23:33:15.6912661Z   compression-level: 6
2026-09-15T23:33:15.6912836Z   overwrite: false
2026-09-15T23:33:15.6913011Z   include-hidden-files: false
2026-09-15T23:33:15.6913305Z env:
2026-09-15T23:33:15.6913490Z   GOTOOLCHAIN: local
2026-09-15T23:33:15.6913741Z   XDG_RUNTIME_DIR: /run/user/1001
2026-09-15T23:33:15.6914016Z   DBUS_SESSION_BUS_ADDRESS: unix:path=/run/user/1001/bus
2026-09-15T23:33:15.6914270Z ##[endgroup]
2026-09-15T23:33:16.0126065Z (node:7207) [DEP0040] DeprecationWarning: The `punycode` module is deprecated. Please use a userland alternative instead.
2026-09-15T23:33:16.0126707Z (Use `node --trace-deprecation ...` to show where the warning was created)
2026-09-15T23:33:16.0198975Z With the provided path, there will be 13 files uploaded
2026-09-15T23:33:16.0203517Z Artifact name is valid!
2026-09-15T23:33:16.0204253Z Root directory input is valid!
2026-09-15T23:33:16.3684100Z Beginning upload of artifact content to blob storage
2026-09-15T23:33:16.4074107Z (node:7207) [DEP0169] DeprecationWarning: `url.parse()` behavior is not standardized and prone to errors that have security implications. Use the WHATWG URL API instead. CVEs are not issued for `url.parse()` vulnerabilities.
2026-09-15T23:33:16.6883605Z Uploaded bytes 20583
2026-09-15T23:33:16.7525912Z Finished uploading artifact content to blob storage!
2026-09-15T23:33:16.7527020Z SHA256 digest of uploaded artifact zip is 721a85237f6962b25bbb86ea7753bc8961bd20c6925df8be5b76ffe92af65bb5
2026-09-15T23:33:16.7528435Z Finalizing artifact upload
2026-09-15T23:33:17.0050768Z Artifact lean-IE-14.zip successfully finalized. Artifact ID 10423009444
2026-09-15T23:33:17.0051361Z Artifact lean-IE-14 has been successfully uploaded! Final size is 20583 bytes. Artifact ID is 10423009444
2026-09-15T23:33:17.0056620Z Artifact download URL: https://github.com/ajt60gaibb/OpenProblemsInNLA/actions/runs/35035525244/artifacts/10423009444
2026-09-15T23:33:17.0295501Z Post job cleanup.
2026-09-15T23:33:17.1509944Z Node 20 is being deprecated. This workflow is running with Node 24 by default. If you need to temporarily use Node 20, you can set the ACTIONS_ALLOW_USE_UNSECURE_NODE_VERSION=true environment variable. For more information see: https://github.blog/changelog/2025-09-19-deprecation-of-node-20-on-github-actions-runners/
2026-09-15T23:33:17.1510887Z Post job cleanup.
2026-09-15T23:33:17.2264033Z [command]/usr/bin/git version
2026-09-15T23:33:17.2472952Z git version 2.55.0
2026-09-15T23:33:17.2518282Z Temporarily overriding HOME='/home/runner/work/_temp/a2bbc8cf-6820-4078-92a4-af58b172da9c' before making global git config changes
2026-09-15T23:33:17.2525789Z Adding repository directory to the temporary git global config as a safe directory
2026-09-15T23:33:17.2526999Z [command]/usr/bin/git config --global --add safe.directory /home/runner/work/OpenProblemsInNLA/OpenProblemsInNLA
2026-09-15T23:33:17.2559384Z [command]/usr/bin/git config --local --name-only --get-regexp core\.sshCommand
2026-09-15T23:33:17.2592634Z [command]/usr/bin/git submodule foreach --recursive sh -c "git config --local --name-only --get-regexp 'core\.sshCommand' && git config --local --unset-all 'core.sshCommand' || :"
2026-09-15T23:33:17.2927341Z [command]/usr/bin/git config --local --name-only --get-regexp http\.https\:\/\/github\.com\/\.extraheader
2026-09-15T23:33:17.2964487Z [command]/usr/bin/git submodule foreach --recursive sh -c "git config --local --name-only --get-regexp 'http\.https\:\/\/github\.com\/\.extraheader' && git config --local --unset-all 'http.https://github.com/.extraheader' || :"
2026-09-15T23:33:17.3217314Z [command]/usr/bin/git config --local --name-only --get-regexp ^includeIf\.gitdir:
2026-09-15T23:33:17.3249036Z [command]/usr/bin/git submodule foreach --recursive git config --local --show-origin --name-only --get-regexp remote.origin.url
2026-09-15T23:33:17.3600694Z Cleaning up orphan processes
2026-09-15T23:33:17.3999979Z ##[warning]Node.js 20 is deprecated. The following actions target Node.js 20 but are being forced to run on Node.js 24: actions/checkout@11d5960a326750d5838078e36cf38b85af677262, actions/upload-artifact@ea165f8d65b6e75b540449e92b4886f43607fa02. For more information see: https://github.blog/changelog/2025-09-19-deprecation-of-node-20-on-github-actions-runners/
