2026-09-15T23:09:35.3816481Z Current runner version: '2.337.0'
2026-09-15T23:09:35.3851621Z ##[group]Runner Image Provisioner
2026-09-15T23:09:35.3852910Z Hosted Compute Agent
2026-09-15T23:09:35.3853936Z Version: 20260828.587
2026-09-15T23:09:35.3855004Z Commit: abac92662cab4cc7352de4f9f9d2e2419aad9c29
2026-09-15T23:09:35.3856194Z Build Date: 2026-08-28T16:44:25Z
2026-09-15T23:09:35.3857449Z Worker ID: {1488fc81-82c2-45aa-a863-2643a256fb28}
2026-09-15T23:09:35.3858792Z Azure Region: eastus2
2026-09-15T23:09:35.3859815Z ##[endgroup]
2026-09-15T23:09:35.3861833Z ##[group]Operating System
2026-09-15T23:09:35.3862799Z Ubuntu
2026-09-15T23:09:35.3863750Z 24.04.5
2026-09-15T23:09:35.3864539Z LTS
2026-09-15T23:09:35.3865303Z ##[endgroup]
2026-09-15T23:09:35.3866270Z ##[group]Runner Image
2026-09-15T23:09:35.3867180Z Image: ubuntu-24.04
2026-09-15T23:09:35.3868382Z Version: 20260907.300.1
2026-09-15T23:09:35.3870203Z Included Software: https://github.com/actions/runner-images/blob/ubuntu24/20260907.300/images/ubuntu/Ubuntu2404-Readme.md
2026-09-15T23:09:35.3872853Z Image Release: https://github.com/actions/runner-images/releases/tag/ubuntu24%2F20260907.300
2026-09-15T23:09:35.3874961Z ##[endgroup]
2026-09-15T23:09:35.3877025Z ##[group]GITHUB_TOKEN Permissions
2026-09-15T23:09:35.3880076Z Contents: read
2026-09-15T23:09:35.3881104Z Metadata: read
2026-09-15T23:09:35.3881933Z ##[endgroup]
2026-09-15T23:09:35.3885076Z Secret source: Actions
2026-09-15T23:09:35.3886405Z Cache mode: write
2026-09-15T23:09:35.3887604Z Prepare workflow directory
2026-09-15T23:09:35.4338978Z Prepare all required actions
2026-09-15T23:09:35.4408295Z Getting action download info
2026-09-15T23:09:35.6466989Z Download action repository 'actions/checkout@11d5960a326750d5838078e36cf38b85af677262' (SHA:11d5960a326750d5838078e36cf38b85af677262)
2026-09-15T23:09:35.7540088Z Download action repository 'leanprover/lean-action@96e06131c0e9943c780388fd166f55d1e2fa0433' (SHA:96e06131c0e9943c780388fd166f55d1e2fa0433)
2026-09-15T23:09:35.8671896Z Download action repository 'actions/upload-artifact@ea165f8d65b6e75b540449e92b4886f43607fa02' (SHA:ea165f8d65b6e75b540449e92b4886f43607fa02)
2026-09-15T23:09:36.1041887Z Getting action download info
2026-09-15T23:09:36.1780804Z Download action repository 'actions/cache@v5' (SHA:caa296126883cff596d87d8935842f9db880ef25)
2026-09-15T23:09:36.3761492Z Complete job name: statements
2026-09-15T23:09:36.4580260Z Node 20 is being deprecated. This workflow is running with Node 24 by default. If you need to temporarily use Node 20, you can set the ACTIONS_ALLOW_USE_UNSECURE_NODE_VERSION=true environment variable. For more information see: https://github.blog/changelog/2025-09-19-deprecation-of-node-20-on-github-actions-runners/
2026-09-15T23:09:36.4590848Z ##[group]Run actions/checkout@11d5960a326750d5838078e36cf38b85af677262
2026-09-15T23:09:36.4591982Z with:
2026-09-15T23:09:36.4592473Z   persist-credentials: false
2026-09-15T23:09:36.4593198Z   repository: sgstepaniants/OpenProblemsInNLA
2026-09-15T23:09:36.4601831Z   token: ***
2026-09-15T23:09:36.4602353Z   ssh-strict: true
2026-09-15T23:09:36.4602878Z   ssh-user: git
2026-09-15T23:09:36.4603350Z   clean: true
2026-09-15T23:09:36.4603864Z   sparse-checkout-cone-mode: true
2026-09-15T23:09:36.4604517Z   fetch-depth: 1
2026-09-15T23:09:36.4605016Z   fetch-tags: false
2026-09-15T23:09:36.4605526Z   show-progress: true
2026-09-15T23:09:36.4606094Z   lfs: false
2026-09-15T23:09:36.4606571Z   submodules: false
2026-09-15T23:09:36.4607102Z   set-safe-directory: true
2026-09-15T23:09:36.4607728Z   allow-unsafe-pr-checkout: false
2026-09-15T23:09:36.4609004Z ##[endgroup]
2026-09-15T23:09:36.5741065Z Syncing repository: sgstepaniants/OpenProblemsInNLA
2026-09-15T23:09:36.5744424Z ##[group]Getting Git version info
2026-09-15T23:09:36.5746192Z Working directory is '/home/runner/work/OpenProblemsInNLA/OpenProblemsInNLA'
2026-09-15T23:09:36.5748852Z [command]/usr/bin/git version
2026-09-15T23:09:36.5769738Z git version 2.55.0
2026-09-15T23:09:36.5799301Z ##[endgroup]
2026-09-15T23:09:36.5808720Z Temporarily overriding HOME='/home/runner/work/_temp/9424cb8b-8c20-41bc-b488-6238b4d86753' before making global git config changes
2026-09-15T23:09:36.5812589Z Adding repository directory to the temporary git global config as a safe directory
2026-09-15T23:09:36.5815714Z [command]/usr/bin/git config --global --add safe.directory /home/runner/work/OpenProblemsInNLA/OpenProblemsInNLA
2026-09-15T23:09:36.5862748Z Deleting the contents of '/home/runner/work/OpenProblemsInNLA/OpenProblemsInNLA'
2026-09-15T23:09:36.5867090Z ##[group]Initializing the repository
2026-09-15T23:09:36.5871522Z [command]/usr/bin/git init /home/runner/work/OpenProblemsInNLA/OpenProblemsInNLA
2026-09-15T23:09:36.5977612Z hint: Using 'master' as the name for the initial branch. This default branch name
2026-09-15T23:09:36.5990291Z hint: will change to "main" in Git 3.0. To configure the initial branch name
2026-09-15T23:09:36.5992698Z hint: to use in all of your new repositories, which will suppress this warning,
2026-09-15T23:09:36.5994507Z hint: call:
2026-09-15T23:09:36.5995314Z hint:
2026-09-15T23:09:36.5996442Z hint: 	git config --global init.defaultBranch <name>
2026-09-15T23:09:36.5997771Z hint:
2026-09-15T23:09:36.6109305Z hint: Names commonly chosen instead of 'master' are 'main', 'trunk' and
2026-09-15T23:09:36.6111612Z hint: 'development'. The just-created branch can be renamed via this command:
2026-09-15T23:09:36.6113295Z hint:
2026-09-15T23:09:36.6114071Z hint: 	git branch -m <name>
2026-09-15T23:09:36.6114999Z hint:
2026-09-15T23:09:36.6116329Z hint: Disable this message with "git config set advice.defaultBranchName false"
2026-09-15T23:09:36.6123700Z Initialized empty Git repository in /home/runner/work/OpenProblemsInNLA/OpenProblemsInNLA/.git/
2026-09-15T23:09:36.6128284Z [command]/usr/bin/git remote add origin https://github.com/sgstepaniants/OpenProblemsInNLA
2026-09-15T23:09:36.6132567Z ##[endgroup]
2026-09-15T23:09:36.6134184Z ##[group]Disabling automatic garbage collection
2026-09-15T23:09:36.6135743Z [command]/usr/bin/git config --local gc.auto 0
2026-09-15T23:09:36.6139381Z ##[endgroup]
2026-09-15T23:09:36.6140880Z ##[group]Setting up auth
2026-09-15T23:09:36.6142572Z [command]/usr/bin/git config --local --name-only --get-regexp core\.sshCommand
2026-09-15T23:09:36.6148685Z [command]/usr/bin/git submodule foreach --recursive sh -c "git config --local --name-only --get-regexp 'core\.sshCommand' && git config --local --unset-all 'core.sshCommand' || :"
2026-09-15T23:09:36.6492329Z [command]/usr/bin/git config --local --name-only --get-regexp http\.https\:\/\/github\.com\/\.extraheader
2026-09-15T23:09:36.6540050Z [command]/usr/bin/git submodule foreach --recursive sh -c "git config --local --name-only --get-regexp 'http\.https\:\/\/github\.com\/\.extraheader' && git config --local --unset-all 'http.https://github.com/.extraheader' || :"
2026-09-15T23:09:36.6806267Z [command]/usr/bin/git config --local --name-only --get-regexp ^includeIf\.gitdir:
2026-09-15T23:09:36.6847268Z [command]/usr/bin/git submodule foreach --recursive git config --local --show-origin --name-only --get-regexp remote.origin.url
2026-09-15T23:09:36.7095003Z [command]/usr/bin/git config --local http.https://github.com/.extraheader AUTHORIZATION: basic ***
2026-09-15T23:09:36.7137129Z ##[endgroup]
2026-09-15T23:09:36.7138285Z ##[group]Fetching the repository
2026-09-15T23:09:36.7147574Z [command]/usr/bin/git -c protocol.version=2 fetch --no-tags --prune --no-recurse-submodules --depth=1 origin +a1efcbfc59263b9e5bb00914ee709112348c1e54:refs/remotes/origin/codex/lean-next-development
2026-09-15T23:09:41.8546439Z From https://github.com/sgstepaniants/OpenProblemsInNLA
2026-09-15T23:09:41.8547635Z  * [new ref]         a1efcbfc59263b9e5bb00914ee709112348c1e54 -> origin/codex/lean-next-development
2026-09-15T23:09:41.8551860Z ##[endgroup]
2026-09-15T23:09:41.8552392Z ##[group]Determining the checkout info
2026-09-15T23:09:41.8554413Z ##[endgroup]
2026-09-15T23:09:41.8561039Z [command]/usr/bin/git sparse-checkout disable
2026-09-15T23:09:41.8614275Z [command]/usr/bin/git config --local --unset-all extensions.worktreeConfig
2026-09-15T23:09:41.8649321Z ##[group]Checking out the ref
2026-09-15T23:09:41.8654237Z [command]/usr/bin/git checkout --progress --force -B codex/lean-next-development refs/remotes/origin/codex/lean-next-development
2026-09-15T23:09:42.8982936Z Updating files:  51% (13631/26244)
2026-09-15T23:09:42.9137551Z Updating files:  52% (13647/26244)
2026-09-15T23:09:42.9299295Z Updating files:  53% (13910/26244)
2026-09-15T23:09:42.9450739Z Updating files:  54% (14172/26244)
2026-09-15T23:09:42.9595758Z Updating files:  55% (14435/26244)
2026-09-15T23:09:42.9733827Z Updating files:  56% (14697/26244)
2026-09-15T23:09:42.9870098Z Updating files:  57% (14960/26244)
2026-09-15T23:09:43.0055013Z Updating files:  58% (15222/26244)
2026-09-15T23:09:43.0195417Z Updating files:  59% (15484/26244)
2026-09-15T23:09:43.0330450Z Updating files:  60% (15747/26244)
2026-09-15T23:09:43.0500182Z Updating files:  61% (16009/26244)
2026-09-15T23:09:43.0648989Z Updating files:  62% (16272/26244)
2026-09-15T23:09:43.0827888Z Updating files:  63% (16534/26244)
2026-09-15T23:09:43.0954304Z Updating files:  64% (16797/26244)
2026-09-15T23:09:43.1090255Z Updating files:  65% (17059/26244)
2026-09-15T23:09:43.1311703Z Updating files:  66% (17322/26244)
2026-09-15T23:09:43.1467410Z Updating files:  67% (17584/26244)
2026-09-15T23:09:43.1699237Z Updating files:  68% (17846/26244)
2026-09-15T23:09:43.1867586Z Updating files:  69% (18109/26244)
2026-09-15T23:09:43.2004485Z Updating files:  70% (18371/26244)
2026-09-15T23:09:43.2226465Z Updating files:  71% (18634/26244)
2026-09-15T23:09:43.2356079Z Updating files:  72% (18896/26244)
2026-09-15T23:09:43.2503724Z Updating files:  73% (19159/26244)
2026-09-15T23:09:43.2646172Z Updating files:  74% (19421/26244)
2026-09-15T23:09:43.2839277Z Updating files:  75% (19683/26244)
2026-09-15T23:09:43.3160220Z Updating files:  76% (19946/26244)
2026-09-15T23:09:43.3407264Z Updating files:  77% (20208/26244)
2026-09-15T23:09:43.3589153Z Updating files:  78% (20471/26244)
2026-09-15T23:09:43.3854286Z Updating files:  79% (20733/26244)
2026-09-15T23:09:43.5557197Z Updating files:  80% (20996/26244)
2026-09-15T23:09:43.5821040Z Updating files:  81% (21258/26244)
2026-09-15T23:09:43.6194583Z Updating files:  82% (21521/26244)
2026-09-15T23:09:43.6660480Z Updating files:  83% (21783/26244)
2026-09-15T23:09:43.8002314Z Updating files:  84% (22045/26244)
2026-09-15T23:09:43.8387943Z Updating files:  85% (22308/26244)
2026-09-15T23:09:43.8770649Z Updating files:  86% (22570/26244)
2026-09-15T23:09:43.8992871Z Updating files:  87% (22833/26244)
2026-09-15T23:09:43.9357590Z Updating files:  87% (22969/26244)
2026-09-15T23:09:43.9822666Z Updating files:  88% (23095/26244)
2026-09-15T23:09:44.0323261Z Updating files:  89% (23358/26244)
2026-09-15T23:09:44.1140559Z Updating files:  90% (23620/26244)
2026-09-15T23:09:44.1365152Z Updating files:  91% (23883/26244)
2026-09-15T23:09:44.1602770Z Updating files:  92% (24145/26244)
2026-09-15T23:09:44.1808430Z Updating files:  93% (24407/26244)
2026-09-15T23:09:44.2062013Z Updating files:  94% (24670/26244)
2026-09-15T23:09:44.2242823Z Updating files:  95% (24932/26244)
2026-09-15T23:09:44.2423728Z Updating files:  96% (25195/26244)
2026-09-15T23:09:44.2576844Z Updating files:  97% (25457/26244)
2026-09-15T23:09:44.2739935Z Updating files:  98% (25720/26244)
2026-09-15T23:09:44.2889869Z Updating files:  99% (25982/26244)
2026-09-15T23:09:44.2890311Z Updating files: 100% (26244/26244)
2026-09-15T23:09:44.2890604Z Updating files: 100% (26244/26244), done.
2026-09-15T23:09:44.3213920Z Switched to a new branch 'codex/lean-next-development'
2026-09-15T23:09:44.3219472Z branch 'codex/lean-next-development' set up to track 'origin/codex/lean-next-development'.
2026-09-15T23:09:44.3321540Z ##[endgroup]
2026-09-15T23:09:44.3372635Z [command]/usr/bin/git log -1 --format=%H
2026-09-15T23:09:44.3457091Z a1efcbfc59263b9e5bb00914ee709112348c1e54
2026-09-15T23:09:44.3468809Z ##[group]Removing auth
2026-09-15T23:09:44.3473096Z [command]/usr/bin/git config --local --name-only --get-regexp core\.sshCommand
2026-09-15T23:09:44.3511546Z [command]/usr/bin/git submodule foreach --recursive sh -c "git config --local --name-only --get-regexp 'core\.sshCommand' && git config --local --unset-all 'core.sshCommand' || :"
2026-09-15T23:09:44.3788833Z [command]/usr/bin/git config --local --name-only --get-regexp http\.https\:\/\/github\.com\/\.extraheader
2026-09-15T23:09:44.3822326Z http.https://github.com/.extraheader
2026-09-15T23:09:44.3832376Z [command]/usr/bin/git config --local --unset-all http.https://github.com/.extraheader
2026-09-15T23:09:44.3870673Z [command]/usr/bin/git submodule foreach --recursive sh -c "git config --local --name-only --get-regexp 'http\.https\:\/\/github\.com\/\.extraheader' && git config --local --unset-all 'http.https://github.com/.extraheader' || :"
2026-09-15T23:09:44.4161166Z [command]/usr/bin/git config --local --name-only --get-regexp ^includeIf\.gitdir:
2026-09-15T23:09:44.4201422Z [command]/usr/bin/git submodule foreach --recursive git config --local --show-origin --name-only --get-regexp remote.origin.url
2026-09-15T23:09:44.4467757Z ##[endgroup]
2026-09-15T23:09:44.4941107Z ##[group]Run leanprover/lean-action@96e06131c0e9943c780388fd166f55d1e2fa0433
2026-09-15T23:09:44.4941528Z with:
2026-09-15T23:09:44.4941770Z   lake-package-directory: .lean-development
2026-09-15T23:09:44.4942077Z   auto-config: false
2026-09-15T23:09:44.4942297Z   build: false
2026-09-15T23:09:44.4942496Z   test: false
2026-09-15T23:09:44.4942688Z   lint: false
2026-09-15T23:09:44.4942894Z   use-mathlib-cache: false
2026-09-15T23:09:44.4943143Z   use-github-cache: false
2026-09-15T23:09:44.4943378Z   mk_all-check: false
2026-09-15T23:09:44.4943621Z   check-reservoir-eligibility: false
2026-09-15T23:09:44.4943900Z   leanchecker: false
2026-09-15T23:09:44.4944122Z   lean4checker: false
2026-09-15T23:09:44.4944332Z   nanoda: false
2026-09-15T23:09:44.4944546Z   nanoda-allow-sorry: true
2026-09-15T23:09:44.4944775Z   axiom-audit: false
2026-09-15T23:09:44.4945080Z   axiom-audit-allow: propext,Classical.choice,Quot.sound
2026-09-15T23:09:44.4945513Z   reinstall-transient-toolchain: false
2026-09-15T23:09:44.4945796Z ##[endgroup]
2026-09-15T23:09:44.5009646Z ##[start-action display=install elan;id=__leanprover_lean-action.__run]
2026-09-15T23:09:44.5047095Z ##[group]Run : Install Elan
2026-09-15T23:09:44.5047414Z [36;1m: Install Elan[0m
2026-09-15T23:09:44.5047740Z [36;1m${GITHUB_ACTION_PATH}/scripts/install_elan.sh[0m
2026-09-15T23:09:44.5094209Z shell: /usr/bin/bash --noprofile --norc -e -o pipefail {0}
2026-09-15T23:09:44.5094581Z ##[endgroup]
2026-09-15T23:09:44.5209092Z ##[group]Elan Installation Output
2026-09-15T23:09:44.5881915Z info: downloading installer
2026-09-15T23:09:45.3921581Z info: downloading https://releases.lean-lang.org/lean4/v4.33.1/lean-4.33.1-linux.tar.zst
2026-09-15T23:09:50.3410154Z info: installing /home/runner/.elan/toolchains/leanprover--lean4---v4.33.1
2026-09-15T23:09:57.4900129Z Lean (version 4.33.1, x86_64-unknown-linux-gnu, commit 819816b2e0a3bf405af45ae5c7af2491d8f5bee6, Release)
2026-09-15T23:09:57.5317187Z Lake version 5.0.0-src+819816b (Lean version 4.33.1)
2026-09-15T23:09:57.5320773Z ##[endgroup]
2026-09-15T23:09:57.5321183Z 
2026-09-15T23:09:57.5349858Z ##[end-action id=__leanprover_lean-action.__run;outcome=success;conclusion=success;duration_ms=13033]
2026-09-15T23:09:57.5362124Z ##[start-action display=configure `lean-action`;id=__leanprover_lean-action.config]
2026-09-15T23:09:57.5387804Z ##[group]Run : Configure Lean Action
2026-09-15T23:09:57.5388511Z [36;1m: Configure Lean Action[0m
2026-09-15T23:09:57.5388998Z [36;1m${GITHUB_ACTION_PATH}/scripts/config.sh[0m
2026-09-15T23:09:57.5445291Z shell: /usr/bin/bash --noprofile --norc -e -o pipefail {0}
2026-09-15T23:09:57.5445832Z env:
2026-09-15T23:09:57.5446135Z   AUTO_CONFIG: false
2026-09-15T23:09:57.5446472Z   BUILD: false
2026-09-15T23:09:57.5446781Z   TEST: false
2026-09-15T23:09:57.5447070Z   LINT: false
2026-09-15T23:09:57.5447364Z ##[endgroup]
2026-09-15T23:09:57.5560167Z ##[group]Configure lean-action
2026-09-15T23:09:57.5617222Z ##[end-action id=__leanprover_lean-action.config;outcome=success;conclusion=success;duration_ms=25]
2026-09-15T23:09:57.5622708Z ##[start-action display=reinstall transient toolchain;id=__leanprover_lean-action.__run_2]
2026-09-15T23:09:57.5640801Z ##[end-action id=__leanprover_lean-action.__run_2;outcome=skipped;conclusion=skipped;duration_ms=0]
2026-09-15T23:09:57.5643782Z ##[start-action display=ensure all files are imported;id=__leanprover_lean-action.mk_all]
2026-09-15T23:09:57.5647514Z ##[end-action id=__leanprover_lean-action.mk_all;outcome=skipped;conclusion=skipped;duration_ms=0]
2026-09-15T23:09:57.5649895Z ##[start-action display=Run actions/cache/restore@v5;id=__leanprover_lean-action.__actions_cache]
2026-09-15T23:09:57.5653385Z ##[end-action id=__leanprover_lean-action.__actions_cache;outcome=skipped;conclusion=skipped;duration_ms=0]
2026-09-15T23:09:57.5655245Z ##[start-action display=detect mathlib;id=__leanprover_lean-action.detect-mathlib]
2026-09-15T23:09:57.5659105Z ##[end-action id=__leanprover_lean-action.detect-mathlib;outcome=skipped;conclusion=skipped;duration_ms=0]
2026-09-15T23:09:57.5661022Z ##[start-action display=get mathlib cache;id=__leanprover_lean-action.__run_3]
2026-09-15T23:09:57.5682928Z ##[end-action id=__leanprover_lean-action.__run_3;outcome=skipped;conclusion=skipped;duration_ms=0]
2026-09-15T23:09:57.5709877Z ##[start-action display=build sgstepaniants/OpenProblemsInNLA;id=__leanprover_lean-action.build]
2026-09-15T23:09:57.5714622Z ##[end-action id=__leanprover_lean-action.build;outcome=skipped;conclusion=skipped;duration_ms=0]
2026-09-15T23:09:57.5716561Z ##[start-action display=Run actions/cache/save@v5;id=__leanprover_lean-action.__actions_cache_2]
2026-09-15T23:09:57.5745501Z ##[end-action id=__leanprover_lean-action.__actions_cache_2;outcome=skipped;conclusion=skipped;duration_ms=0]
2026-09-15T23:09:57.5749340Z ##[start-action display=test sgstepaniants/OpenProblemsInNLA;id=__leanprover_lean-action.test]
2026-09-15T23:09:57.5753648Z ##[end-action id=__leanprover_lean-action.test;outcome=skipped;conclusion=skipped;duration_ms=0]
2026-09-15T23:09:57.5756350Z ##[start-action display=lint sgstepaniants/OpenProblemsInNLA;id=__leanprover_lean-action.lint]
2026-09-15T23:09:57.5760725Z ##[end-action id=__leanprover_lean-action.lint;outcome=skipped;conclusion=skipped;duration_ms=0]
2026-09-15T23:09:57.5762552Z ##[start-action display=check reservoir eligibility;id=__leanprover_lean-action.__run_4]
2026-09-15T23:09:57.5765783Z ##[end-action id=__leanprover_lean-action.__run_4;outcome=skipped;conclusion=skipped;duration_ms=0]
2026-09-15T23:09:57.5768348Z ##[start-action display=check environment with leanchecker;id=__leanprover_lean-action.__run_5]
2026-09-15T23:09:57.5773102Z ##[end-action id=__leanprover_lean-action.__run_5;outcome=skipped;conclusion=skipped;duration_ms=0]
2026-09-15T23:09:57.5775265Z ##[start-action display=check environment with nanoda;id=__leanprover_lean-action.nanoda]
2026-09-15T23:09:57.5778558Z ##[end-action id=__leanprover_lean-action.nanoda;outcome=skipped;conclusion=skipped;duration_ms=0]
2026-09-15T23:09:57.5780931Z ##[start-action display=audit axioms with axiom-audit;id=__leanprover_lean-action.axiom-audit]
2026-09-15T23:09:57.5784231Z ##[end-action id=__leanprover_lean-action.axiom-audit;outcome=skipped;conclusion=skipped;duration_ms=0]
2026-09-15T23:09:57.5838582Z ##[group]Run python3 check.py
2026-09-15T23:09:57.5838878Z [36;1mpython3 check.py[0m
2026-09-15T23:09:57.5878746Z shell: /usr/bin/bash -e {0}
2026-09-15T23:09:57.5879014Z ##[endgroup]
2026-09-15T23:09:57.6371293Z RUN ['lean', '--version']
2026-09-15T23:09:57.6762748Z Lean (version 4.33.1, x86_64-unknown-linux-gnu, commit 819816b2e0a3bf405af45ae5c7af2491d8f5bee6, Release)
2026-09-15T23:09:57.7304592Z RUN ['lake', 'env', 'true']
2026-09-15T23:09:57.7859723Z info: leancert: cloning https://github.com/alerad/leancert
2026-09-15T23:09:58.6343447Z info: leancert: checking out revision '621a43d7cf21f87872392a01e874f2f1dbddc926'
2026-09-15T23:09:58.6716799Z info: mathlib: cloning https://github.com/leanprover-community/mathlib4.git
2026-09-15T23:10:31.7398596Z info: mathlib: checking out revision '0df444a360eaa60ab8c11dca51a86af692955474'
2026-09-15T23:10:33.8484941Z info: plausible: cloning https://github.com/leanprover-community/plausible
2026-09-15T23:10:34.2033986Z info: plausible: checking out revision 'b7eb3304aeae834b12dda98993a37f6a41f6f0bb'
2026-09-15T23:10:34.2166042Z info: LeanSearchClient: cloning https://github.com/leanprover-community/LeanSearchClient
2026-09-15T23:10:34.5114223Z info: LeanSearchClient: checking out revision '5f4d51b81cbd3f6b32b156bfad9056621a040404'
2026-09-15T23:10:34.5242420Z info: importGraph: cloning https://github.com/leanprover-community/import-graph
2026-09-15T23:10:35.2768705Z info: importGraph: checking out revision '16f02aa7642864af59f1ff0e384a015994db9118'
2026-09-15T23:10:35.2930053Z info: proofwidgets: cloning https://github.com/leanprover-community/ProofWidgets4
2026-09-15T23:10:35.7994194Z info: proofwidgets: checking out revision '4be2e3d5087eeb272cf5a8853b8f9dd025ef5957'
2026-09-15T23:10:36.4209464Z info: aesop: cloning https://github.com/leanprover-community/aesop
2026-09-15T23:10:36.9735378Z info: aesop: checking out revision '3448c0bcc5ce01b2d1546e483ec3620e32df3d0e'
2026-09-15T23:10:36.9921774Z info: Qq: cloning https://github.com/leanprover-community/quote4
2026-09-15T23:10:37.3488487Z info: Qq: checking out revision '92c15be17b7caf78c2ad767ec40f89052d908d81'
2026-09-15T23:10:37.3621403Z info: batteries: cloning https://github.com/leanprover-community/batteries
2026-09-15T23:10:39.6582656Z info: batteries: checking out revision '4488d40d070b9700d4d5a6aa342f0d40c31b2a2d'
2026-09-15T23:10:39.6854827Z info: Cli: cloning https://github.com/leanprover/lean4-cli
2026-09-15T23:10:39.9813501Z info: Cli: checking out revision '6130a47896ce867c6a4a55373441e59e565bad0f'
2026-09-15T23:10:40.0881197Z RUN ['lake', 'exe', 'cache', 'get']
2026-09-15T23:10:41.3544963Z ✔ [2/26] Built Cache.Cli (381ms)
2026-09-15T23:10:41.4546979Z ✔ [5/26] Built Cache.Lean (461ms)
2026-09-15T23:10:41.6550036Z ✔ [6/26] Built Cache.Cli:c.o (216ms)
2026-09-15T23:10:41.6550669Z ✔ [7/26] Built Cache.Lean:c.o (207ms)
2026-09-15T23:10:41.8569747Z ✔ [8/26] Built Cache.Infra (489ms)
2026-09-15T23:10:42.0564097Z ✔ [9/26] Built Cache.Infra:c.o (226ms)
2026-09-15T23:10:42.3569886Z ✔ [10/26] Built Batteries.Tactic.OpenPrivate (981ms)
2026-09-15T23:10:43.6589002Z ✔ [11/26] Built Batteries.Tactic.OpenPrivate:c.o (1.3s)
2026-09-15T23:10:43.7610512Z ✔ [12/26] Built Cache.IO (1.5s)
2026-09-15T23:10:44.6639849Z ✔ [13/26] Built Cache.Hashing (844ms)
2026-09-15T23:10:45.0616493Z ✔ [14/26] Built Cache.Hashing:c.o (443ms)
2026-09-15T23:10:45.4621584Z ✔ [15/26] Built Cache.IO:c.o (1.7s)
2026-09-15T23:10:46.6659833Z ✔ [16/26] Built Cache.Requests (2.1s)
2026-09-15T23:10:47.2682026Z ✔ [17/26] Built Cache.Marker (608ms)
2026-09-15T23:10:47.4681196Z ✔ [18/26] Built Cache.Marker:c.o (137ms)
2026-09-15T23:10:48.0679656Z ✔ [19/26] Built Cache.Query (798ms)
2026-09-15T23:10:48.5680192Z ✔ [20/26] Built Cache.Query:c.o (421ms)
2026-09-15T23:10:48.9692065Z ✔ [21/26] Built Cache.Warning (858ms)
2026-09-15T23:10:49.2695833Z ✔ [22/26] Built Cache.Warning:c.o (275ms)
2026-09-15T23:10:49.6700052Z ✔ [23/26] Built Cache.Requests:c.o (3.0s)
2026-09-15T23:10:50.2706830Z ✔ [24/26] Built Cache.Main (1.3s)
2026-09-15T23:10:51.1718785Z ✔ [25/26] Built Cache.Main:c.o (928ms)
2026-09-15T23:10:51.8731944Z ✔ [26/26] Built cache:exe (748ms)
2026-09-15T23:10:55.0837847Z Current branch: HEAD
2026-09-15T23:10:55.0838607Z Using cache from origin: (some leanprover-community/mathlib4)
2026-09-15T23:10:55.0839734Z Attempting to download 8690 file(s) from leanprover-community/mathlib4 cache at https://lakecache.blob.core.windows.net/mathlib4-master
2026-09-15T23:10:56.3099531Z 
2026-09-15T23:10:56.4139539Z Downloaded: 1 file(s) [attempted 1/8690 = 0%, 18 KB/s], Decompressed: 0
2026-09-15T23:10:56.5141416Z Downloaded: 87 file(s) [attempted 87/8690 = 1%, 1578 KB/s], Decompressed: 9
2026-09-15T23:10:56.6141781Z Downloaded: 189 file(s) [attempted 189/8690 = 2%, 1139 KB/s], Decompressed: 41
2026-09-15T23:10:56.7151931Z Downloaded: 276 file(s) [attempted 276/8690 = 3%, 1088 KB/s], Decompressed: 41
2026-09-15T23:10:56.8189633Z Downloaded: 392 file(s) [attempted 392/8690 = 4%, 269 KB/s], Decompressed: 41
2026-09-15T23:10:56.9199371Z Downloaded: 504 file(s) [attempted 504/8690 = 5%, 1226 KB/s], Decompressed: 138
2026-09-15T23:10:57.0191633Z Downloaded: 618 file(s) [attempted 618/8690 = 7%, 2390 KB/s], Decompressed: 138
2026-09-15T23:10:57.1188811Z Downloaded: 737 file(s) [attempted 737/8690 = 8%, 101 KB/s], Decompressed: 138
2026-09-15T23:10:57.2189364Z Downloaded: 854 file(s) [attempted 854/8690 = 9%, 1113 KB/s], Decompressed: 138
2026-09-15T23:10:57.3229482Z Downloaded: 973 file(s) [attempted 973/8690 = 11%, 637 KB/s], Decompressed: 138
2026-09-15T23:10:57.4401210Z Downloaded: 1089 file(s) [attempted 1089/8690 = 12%, 256 KB/s], Decompressed: 138
2026-09-15T23:10:57.5383938Z Downloaded: 1164 file(s) [attempted 1164/8690 = 13%, 742 KB/s], Decompressed: 138
2026-09-15T23:10:57.6420189Z Downloaded: 1296 file(s) [attempted 1296/8690 = 14%, 1187 KB/s], Decompressed: 138
2026-09-15T23:10:57.7411306Z Downloaded: 1376 file(s) [attempted 1376/8690 = 15%, 1361 KB/s], Decompressed: 138
2026-09-15T23:10:57.8409651Z Downloaded: 1490 file(s) [attempted 1490/8690 = 17%, 882 KB/s], Decompressed: 138
2026-09-15T23:10:57.9419238Z Downloaded: 1597 file(s) [attempted 1597/8690 = 18%, 2158 KB/s], Decompressed: 138
2026-09-15T23:10:58.0459795Z Downloaded: 1722 file(s) [attempted 1722/8690 = 19%, 3307 KB/s], Decompressed: 138
2026-09-15T23:10:58.1455106Z Downloaded: 1853 file(s) [attempted 1853/8690 = 21%, 667 KB/s], Decompressed: 462
2026-09-15T23:10:58.2506306Z Downloaded: 1969 file(s) [attempted 1969/8690 = 22%, 492 KB/s], Decompressed: 462
2026-09-15T23:10:58.3534834Z Downloaded: 2079 file(s) [attempted 2079/8690 = 23%, 1143 KB/s], Decompressed: 462
2026-09-15T23:10:58.4521061Z Downloaded: 2197 file(s) [attempted 2197/8690 = 25%, 1377 KB/s], Decompressed: 462
2026-09-15T23:10:58.5535261Z Downloaded: 2327 file(s) [attempted 2327/8690 = 26%, 516 KB/s], Decompressed: 462
2026-09-15T23:10:58.6528864Z Downloaded: 2442 file(s) [attempted 2442/8690 = 28%, 3070 KB/s], Decompressed: 462
2026-09-15T23:10:58.7533496Z Downloaded: 2551 file(s) [attempted 2551/8690 = 29%, 2749 KB/s], Decompressed: 462
2026-09-15T23:10:58.8561730Z Downloaded: 2677 file(s) [attempted 2677/8690 = 30%, 102 KB/s], Decompressed: 462
2026-09-15T23:10:58.9550299Z Downloaded: 2794 file(s) [attempted 2794/8690 = 32%, 211 KB/s], Decompressed: 462
2026-09-15T23:10:59.0546514Z Downloaded: 2910 file(s) [attempted 2910/8690 = 33%, 688 KB/s], Decompressed: 462
2026-09-15T23:10:59.1542711Z Downloaded: 3033 file(s) [attempted 3033/8690 = 34%, 2284 KB/s], Decompressed: 462
2026-09-15T23:10:59.2589669Z Downloaded: 3148 file(s) [attempted 3148/8690 = 36%, 875 KB/s], Decompressed: 462
2026-09-15T23:10:59.3649437Z Downloaded: 3268 file(s) [attempted 3268/8690 = 37%, 771 KB/s], Decompressed: 462
2026-09-15T23:10:59.4675095Z Downloaded: 3387 file(s) [attempted 3387/8690 = 38%, 513 KB/s], Decompressed: 462
2026-09-15T23:10:59.5711168Z Downloaded: 3515 file(s) [attempted 3515/8690 = 40%, 389 KB/s], Decompressed: 462
2026-09-15T23:10:59.6773813Z Downloaded: 3643 file(s) [attempted 3643/8690 = 41%, 1499 KB/s], Decompressed: 462
2026-09-15T23:10:59.7836333Z Downloaded: 3755 file(s) [attempted 3755/8690 = 43%, 1274 KB/s], Decompressed: 462
2026-09-15T23:10:59.8849954Z Downloaded: 3872 file(s) [attempted 3872/8690 = 44%, 1872 KB/s], Decompressed: 462
2026-09-15T23:10:59.9849501Z Downloaded: 4011 file(s) [attempted 4011/8690 = 46%, 6617 KB/s], Decompressed: 462
2026-09-15T23:11:00.0842442Z Downloaded: 4125 file(s) [attempted 4125/8690 = 47%, 6322 KB/s], Decompressed: 462
2026-09-15T23:11:00.1867183Z Downloaded: 4239 file(s) [attempted 4239/8690 = 48%, 910 KB/s], Decompressed: 462
2026-09-15T23:11:00.2919704Z Downloaded: 4360 file(s) [attempted 4360/8690 = 50%, 972 KB/s], Decompressed: 462
2026-09-15T23:11:00.3877862Z Downloaded: 4454 file(s) [attempted 4454/8690 = 51%, 292 KB/s], Decompressed: 462
2026-09-15T23:11:00.4875546Z Downloaded: 4582 file(s) [attempted 4582/8690 = 52%, 286 KB/s], Decompressed: 462
2026-09-15T23:11:00.5909954Z Downloaded: 4696 file(s) [attempted 4696/8690 = 54%, 872 KB/s], Decompressed: 462
2026-09-15T23:11:00.6922795Z Downloaded: 4803 file(s) [attempted 4803/8690 = 55%, 3745 KB/s], Decompressed: 462
2026-09-15T23:11:00.7921355Z Downloaded: 4919 file(s) [attempted 4919/8690 = 56%, 2003 KB/s], Decompressed: 462
2026-09-15T23:11:00.8947410Z Downloaded: 5045 file(s) [attempted 5045/8690 = 58%, 2297 KB/s], Decompressed: 462
2026-09-15T23:11:01.0009506Z Downloaded: 5175 file(s) [attempted 5175/8690 = 59%, 1315 KB/s], Decompressed: 462
2026-09-15T23:11:01.1031915Z Downloaded: 5294 file(s) [attempted 5294/8690 = 60%, 632 KB/s], Decompressed: 462
2026-09-15T23:11:01.2066166Z Downloaded: 5404 file(s) [attempted 5404/8690 = 62%, 2164 KB/s], Decompressed: 462
2026-09-15T23:11:01.3109481Z Downloaded: 5529 file(s) [attempted 5529/8690 = 63%, 634 KB/s], Decompressed: 462
2026-09-15T23:11:01.4124510Z Downloaded: 5634 file(s) [attempted 5634/8690 = 64%, 172 KB/s], Decompressed: 462
2026-09-15T23:11:01.5131843Z Downloaded: 5758 file(s) [attempted 5758/8690 = 66%, 867 KB/s], Decompressed: 462
2026-09-15T23:11:01.6133248Z Downloaded: 5865 file(s) [attempted 5865/8690 = 67%, 1185 KB/s], Decompressed: 462
2026-09-15T23:11:01.7143237Z Downloaded: 5985 file(s) [attempted 5985/8690 = 68%, 352 KB/s], Decompressed: 462
2026-09-15T23:11:01.8147572Z Downloaded: 6116 file(s) [attempted 6116/8690 = 70%, 238 KB/s], Decompressed: 462
2026-09-15T23:11:01.9207642Z Downloaded: 6235 file(s) [attempted 6235/8690 = 71%, 633 KB/s], Decompressed: 462
2026-09-15T23:11:02.0181996Z Downloaded: 6349 file(s) [attempted 6349/8690 = 73%, 353 KB/s], Decompressed: 462
2026-09-15T23:11:02.1185576Z Downloaded: 6462 file(s) [attempted 6462/8690 = 74%, 2933 KB/s], Decompressed: 462
2026-09-15T23:11:02.2190767Z Downloaded: 6564 file(s) [attempted 6564/8690 = 75%, 1359 KB/s], Decompressed: 462
2026-09-15T23:11:02.3204998Z Downloaded: 6661 file(s) [attempted 6661/8690 = 76%, 111 KB/s], Decompressed: 462
2026-09-15T23:11:02.4185452Z Downloaded: 6780 file(s) [attempted 6780/8690 = 78%, 981 KB/s], Decompressed: 462
2026-09-15T23:11:02.5186210Z Downloaded: 6910 file(s) [attempted 6910/8690 = 79%, 171 KB/s], Decompressed: 462
2026-09-15T23:11:02.6186091Z Downloaded: 7036 file(s) [attempted 7036/8690 = 80%, 956 KB/s], Decompressed: 1736
2026-09-15T23:11:02.7189577Z Downloaded: 7159 file(s) [attempted 7159/8690 = 82%, 2155 KB/s], Decompressed: 1736
2026-09-15T23:11:02.8214114Z Downloaded: 7275 file(s) [attempted 7275/8690 = 83%, 3183 KB/s], Decompressed: 1736
2026-09-15T23:11:02.9226785Z Downloaded: 7384 file(s) [attempted 7384/8690 = 84%, 789 KB/s], Decompressed: 1736
2026-09-15T23:11:03.0227717Z Downloaded: 7506 file(s) [attempted 7506/8690 = 86%, 768 KB/s], Decompressed: 1736
2026-09-15T23:11:03.1276556Z Downloaded: 7627 file(s) [attempted 7627/8690 = 87%, 420 KB/s], Decompressed: 1736
2026-09-15T23:11:03.2958693Z Downloaded: 7744 file(s) [attempted 7744/8690 = 89%, 347 KB/s], Decompressed: 1736
2026-09-15T23:11:03.3969851Z Downloaded: 7858 file(s) [attempted 7858/8690 = 90%, 202 KB/s], Decompressed: 1736
2026-09-15T23:11:03.5019306Z Downloaded: 7972 file(s) [attempted 7972/8690 = 91%, 521 KB/s], Decompressed: 1736
2026-09-15T23:11:03.6033365Z Downloaded: 8023 file(s) [attempted 8023/8690 = 92%, 834 KB/s], Decompressed: 1736
2026-09-15T23:11:03.7074463Z Downloaded: 8144 file(s) [attempted 8144/8690 = 93%, 1044 KB/s], Decompressed: 1736
2026-09-15T23:11:03.8074485Z Downloaded: 8249 file(s) [attempted 8249/8690 = 94%, 1349 KB/s], Decompressed: 1736
2026-09-15T23:11:03.9504659Z Downloaded: 8319 file(s) [attempted 8319/8690 = 95%, 562 KB/s], Decompressed: 1736
2026-09-15T23:11:04.0908727Z Downloaded: 8430 file(s) [attempted 8430/8690 = 97%, 1193 KB/s], Decompressed: 1736
2026-09-15T23:11:04.1899582Z Downloaded: 8493 file(s) [attempted 8493/8690 = 97%, 2582 KB/s], Decompressed: 1736
2026-09-15T23:11:04.2977576Z Downloaded: 8565 file(s) [attempted 8565/8690 = 98%, 255 KB/s], Decompressed: 1736
2026-09-15T23:11:04.3799536Z Downloaded: 8673 file(s) [attempted 8673/8690 = 99%, 1256 KB/s], Decompressed: 1736
2026-09-15T23:11:04.3800577Z Downloaded: 8690 file(s) [attempted 8690/8690 = 100%, 1256 KB/s], Decompressed: 1736
2026-09-15T23:11:26.1770937Z Decompressed 8690 file(s)
2026-09-15T23:11:26.1771415Z Already decompressed 8690 file(s)
2026-09-15T23:11:26.2420360Z RUN ['lake', 'build', 'NLA.MF12.Solution']
2026-09-15T23:11:30.5336791Z ✔ [3099/3118] Built NLA.MF12.Definitions (2.5s)
2026-09-15T23:11:30.8369625Z ✔ [3100/3118] Built LeanCert.Tactic.Verification (2.5s)
2026-09-15T23:11:35.8529551Z ℹ [3101/3118] Built NLA.MF12.Words (4.0s)
2026-09-15T23:11:35.8569482Z info: NLA/MF12/Words.lean:140:0: 'NLA.MF12.family_growth_is_maximum' depends on axioms: [propext, Classical.choice, Quot.sound]
2026-09-15T23:11:35.8629225Z info: NLA/MF12/Words.lean:141:0: 'NLA.MF12.pair_word_norms' depends on axioms: [propext, Classical.choice, Quot.sound]
2026-09-15T23:11:36.4599589Z ⚠ [3102/3118] Built NLA.MF12.Norms (5.6s)
2026-09-15T23:11:36.4629168Z warning: NLA/MF12/Norms.lean:32:10: This simp argument is unused:
2026-09-15T23:11:36.4689254Z   Matrix.mulVec_single_one
2026-09-15T23:11:36.4718413Z 
2026-09-15T23:11:36.4788722Z Hint: Omit it from the simp argument list.
2026-09-15T23:11:36.4849011Z   [apply] simp
2026-09-15T23:11:36.4858668Z 
2026-09-15T23:11:36.4909383Z Note: This linter can be disabled with `set_option linter.unusedSimpArgs false`
2026-09-15T23:11:36.4919704Z info: NLA/MF12/Norms.lean:116:0: 'NLA.MF12.entry_maximum_norm_comparison' depends on axioms: [propext, Classical.choice, Quot.sound]
2026-09-15T23:11:36.6558449Z ℹ [3103/3118] Built NLA.MF12.Parameters (5.8s)
2026-09-15T23:11:36.6579558Z info: NLA/MF12/Parameters.lean:129:0: 'NLA.MF12.fractional_parameters' depends on axioms: [propext, Classical.choice, Quot.sound]
2026-09-15T23:11:36.6609661Z info: NLA/MF12/Parameters.lean:130:0: 'NLA.MF12.loss_gain_bounds' depends on axioms: [propext, Classical.choice, Quot.sound]
2026-09-15T23:11:36.6619124Z info: NLA/MF12/Parameters.lean:131:0: 'NLA.MF12.bernoulli_loss' depends on axioms: [propext, Classical.choice, Quot.sound]
2026-09-15T23:11:39.8589499Z ⚠ [3104/3118] Built NLA.MF12.MatrixAlgebra (8.0s)
2026-09-15T23:11:39.8609562Z warning: NLA/MF12/MatrixAlgebra.lean:66:57: Used `tac1 <;> tac2` where `(tac1; tac2)` would suffice
2026-09-15T23:11:39.8648336Z 
2026-09-15T23:11:39.8658963Z Note: This linter can be disabled with `set_option linter.unnecessarySeqFocus false`
2026-09-15T23:11:39.8688717Z warning: NLA/MF12/MatrixAlgebra.lean:159:15: This simp argument is unused:
2026-09-15T23:11:39.8708501Z   pow_succ
2026-09-15T23:11:39.8718353Z 
2026-09-15T23:11:39.8718572Z Hint: Omit it from the simp argument list.
2026-09-15T23:11:39.8719293Z   [apply] simp only [Nat.cast_add, Nat.cast_one, zero_mul, mul_zero, zero_add, add_zero, one_mul, mul_one]
2026-09-15T23:11:39.8719857Z 
2026-09-15T23:11:39.8720223Z Note: This linter can be disabled with `set_option linter.unusedSimpArgs false`
2026-09-15T23:11:39.8720978Z warning: NLA/MF12/MatrixAlgebra.lean:159:25: This simp argument is unused:
2026-09-15T23:11:39.8721526Z   Nat.cast_add
2026-09-15T23:11:39.8721688Z 
2026-09-15T23:11:39.8722195Z Hint: Omit it from the simp argument list.
2026-09-15T23:11:39.8722866Z   [apply] simp only [pow_succ, Nat.cast_one, zero_mul, mul_zero, zero_add, add_zero, one_mul, mul_one]
2026-09-15T23:11:39.8723402Z 
2026-09-15T23:11:39.8723707Z Note: This linter can be disabled with `set_option linter.unusedSimpArgs false`
2026-09-15T23:11:39.8724432Z warning: NLA/MF12/MatrixAlgebra.lean:159:39: This simp argument is unused:
2026-09-15T23:11:39.8724973Z   Nat.cast_one
2026-09-15T23:11:39.8725144Z 
2026-09-15T23:11:39.8725299Z Hint: Omit it from the simp argument list.
2026-09-15T23:11:39.8725968Z   [apply] simp only [pow_succ, Nat.cast_add, zero_mul, mul_zero, zero_add, add_zero, one_mul, mul_one]
2026-09-15T23:11:39.8726486Z 
2026-09-15T23:11:39.8727039Z Note: This linter can be disabled with `set_option linter.unusedSimpArgs false`
2026-09-15T23:11:39.8727774Z warning: NLA/MF12/MatrixAlgebra.lean:159:53: This simp argument is unused:
2026-09-15T23:11:39.8758760Z   zero_mul
2026-09-15T23:11:39.8758971Z 
2026-09-15T23:11:39.8759166Z Hint: Omit it from the simp argument list.
2026-09-15T23:11:39.8759972Z   [apply] simp only [pow_succ, Nat.cast_add, Nat.cast_one, mul_zero, zero_add, add_zero, one_mul, mul_one]
2026-09-15T23:11:39.8760577Z 
2026-09-15T23:11:39.8760953Z Note: This linter can be disabled with `set_option linter.unusedSimpArgs false`
2026-09-15T23:11:39.8761764Z warning: NLA/MF12/MatrixAlgebra.lean:160:6: This simp argument is unused:
2026-09-15T23:11:39.8762308Z   zero_add
2026-09-15T23:11:39.8762457Z 
2026-09-15T23:11:39.8762618Z Hint: Omit it from the simp argument list.
2026-09-15T23:11:39.8763549Z   [apply] simp only [pow_succ, Nat.cast_add, Nat.cast_one, zero_mul, mul_zero, add_zero, one_mul, mul_one]
2026-09-15T23:11:39.8764118Z 
2026-09-15T23:11:39.8764425Z Note: This linter can be disabled with `set_option linter.unusedSimpArgs false`
2026-09-15T23:11:39.8765154Z warning: NLA/MF12/MatrixAlgebra.lean:160:26: This simp argument is unused:
2026-09-15T23:11:39.8765693Z   one_mul
2026-09-15T23:11:39.8765850Z 
2026-09-15T23:11:39.8766015Z Hint: Omit it from the simp argument list.
2026-09-15T23:11:39.8766689Z   [apply] simp only [pow_succ, Nat.cast_add, Nat.cast_one, zero_mul, mul_zero, zero_add, add_zero, mul_one]
2026-09-15T23:11:39.8767192Z 
2026-09-15T23:11:39.8767466Z Note: This linter can be disabled with `set_option linter.unusedSimpArgs false`
2026-09-15T23:11:39.8768312Z warning: NLA/MF12/MatrixAlgebra.lean:162:15: This simp argument is unused:
2026-09-15T23:11:39.8768807Z   pow_succ
2026-09-15T23:11:39.8768957Z 
2026-09-15T23:11:39.8769094Z Hint: Omit it from the simp argument list.
2026-09-15T23:11:39.8769746Z   [apply] simp only [Nat.cast_add, Nat.cast_one, zero_mul, mul_zero, zero_add, add_zero, one_mul, mul_one]
2026-09-15T23:11:39.8770261Z 
2026-09-15T23:11:39.8770543Z Note: This linter can be disabled with `set_option linter.unusedSimpArgs false`
2026-09-15T23:11:39.8771224Z warning: NLA/MF12/MatrixAlgebra.lean:162:25: This simp argument is unused:
2026-09-15T23:11:39.8771739Z   Nat.cast_add
2026-09-15T23:11:39.8771914Z 
2026-09-15T23:11:39.8772086Z Hint: Omit it from the simp argument list.
2026-09-15T23:11:39.8772751Z   [apply] simp only [pow_succ, Nat.cast_one, zero_mul, mul_zero, zero_add, add_zero, one_mul, mul_one]
2026-09-15T23:11:39.8773305Z 
2026-09-15T23:11:39.8773608Z Note: This linter can be disabled with `set_option linter.unusedSimpArgs false`
2026-09-15T23:11:39.8774355Z warning: NLA/MF12/MatrixAlgebra.lean:162:39: This simp argument is unused:
2026-09-15T23:11:39.8774906Z   Nat.cast_one
2026-09-15T23:11:39.8775084Z 
2026-09-15T23:11:39.8775251Z Hint: Omit it from the simp argument list.
2026-09-15T23:11:39.8775957Z   [apply] simp only [pow_succ, Nat.cast_add, zero_mul, mul_zero, zero_add, add_zero, one_mul, mul_one]
2026-09-15T23:11:39.8776504Z 
2026-09-15T23:11:39.8776834Z Note: This linter can be disabled with `set_option linter.unusedSimpArgs false`
2026-09-15T23:11:39.8777634Z warning: NLA/MF12/MatrixAlgebra.lean:163:6: This simp argument is unused:
2026-09-15T23:11:39.8783517Z   zero_add
2026-09-15T23:11:39.8783690Z 
2026-09-15T23:11:39.8784090Z Hint: Omit it from the simp argument list.
2026-09-15T23:11:39.8784784Z   [apply] simp only [pow_succ, Nat.cast_add, Nat.cast_one, zero_mul, mul_zero, add_zero, one_mul, mul_one]
2026-09-15T23:11:39.8785373Z 
2026-09-15T23:11:39.8785727Z Note: This linter can be disabled with `set_option linter.unusedSimpArgs false`
2026-09-15T23:11:39.8786522Z warning: NLA/MF12/MatrixAlgebra.lean:163:26: This simp argument is unused:
2026-09-15T23:11:39.8787089Z   one_mul
2026-09-15T23:11:39.8787252Z 
2026-09-15T23:11:39.8787420Z Hint: Omit it from the simp argument list.
2026-09-15T23:11:39.8788322Z   [apply] simp only [pow_succ, Nat.cast_add, Nat.cast_one, zero_mul, mul_zero, zero_add, add_zero, mul_one]
2026-09-15T23:11:39.8789252Z 
2026-09-15T23:11:39.8789569Z Note: This linter can be disabled with `set_option linter.unusedSimpArgs false`
2026-09-15T23:11:39.8790317Z warning: NLA/MF12/MatrixAlgebra.lean:163:35: This simp argument is unused:
2026-09-15T23:11:39.8790853Z   mul_one
2026-09-15T23:11:39.8791022Z 
2026-09-15T23:11:39.8791174Z Hint: Omit it from the simp argument list.
2026-09-15T23:11:39.8791847Z   [apply] simp only [pow_succ, Nat.cast_add, Nat.cast_one, zero_mul, mul_zero, zero_add, add_zero, one_mul]
2026-09-15T23:11:39.8792384Z 
2026-09-15T23:11:39.8792707Z Note: This linter can be disabled with `set_option linter.unusedSimpArgs false`
2026-09-15T23:11:39.8793440Z warning: NLA/MF12/MatrixAlgebra.lean:165:15: This simp argument is unused:
2026-09-15T23:11:39.8794026Z   pow_succ
2026-09-15T23:11:39.8794327Z 
2026-09-15T23:11:39.8794504Z Hint: Omit it from the simp argument list.
2026-09-15T23:11:39.8795243Z   [apply] simp only [Nat.cast_add, Nat.cast_one, zero_mul, mul_zero, zero_add, add_zero, one_mul, mul_one]
2026-09-15T23:11:39.8795821Z 
2026-09-15T23:11:39.8796144Z Note: This linter can be disabled with `set_option linter.unusedSimpArgs false`
2026-09-15T23:11:39.8796872Z warning: NLA/MF12/MatrixAlgebra.lean:165:25: This simp argument is unused:
2026-09-15T23:11:39.8797418Z   Nat.cast_add
2026-09-15T23:11:39.8797611Z 
2026-09-15T23:11:39.8797764Z Hint: Omit it from the simp argument list.
2026-09-15T23:11:39.8798696Z   [apply] simp only [pow_succ, Nat.cast_one, zero_mul, mul_zero, zero_add, add_zero, one_mul, mul_one]
2026-09-15T23:11:39.8799233Z 
2026-09-15T23:11:39.8799532Z Note: This linter can be disabled with `set_option linter.unusedSimpArgs false`
2026-09-15T23:11:39.8800234Z warning: NLA/MF12/MatrixAlgebra.lean:165:39: This simp argument is unused:
2026-09-15T23:11:39.8800754Z   Nat.cast_one
2026-09-15T23:11:39.8800931Z 
2026-09-15T23:11:39.8801104Z Hint: Omit it from the simp argument list.
2026-09-15T23:11:39.8801799Z   [apply] simp only [pow_succ, Nat.cast_add, zero_mul, mul_zero, zero_add, add_zero, one_mul, mul_one]
2026-09-15T23:11:39.8802405Z 
2026-09-15T23:11:39.8802713Z Note: This linter can be disabled with `set_option linter.unusedSimpArgs false`
2026-09-15T23:11:39.8803503Z warning: NLA/MF12/MatrixAlgebra.lean:166:6: This simp argument is unused:
2026-09-15T23:11:39.8804274Z   zero_add
2026-09-15T23:11:39.8804451Z 
2026-09-15T23:11:39.8804612Z Hint: Omit it from the simp argument list.
2026-09-15T23:11:39.8805367Z   [apply] simp only [pow_succ, Nat.cast_add, Nat.cast_one, zero_mul, mul_zero, add_zero, one_mul, mul_one]
2026-09-15T23:11:39.8805932Z 
2026-09-15T23:11:39.8806276Z Note: This linter can be disabled with `set_option linter.unusedSimpArgs false`
2026-09-15T23:11:39.8807088Z warning: NLA/MF12/MatrixAlgebra.lean:166:26: This simp argument is unused:
2026-09-15T23:11:39.8807682Z   one_mul
2026-09-15T23:11:39.8807860Z 
2026-09-15T23:11:39.8808022Z Hint: Omit it from the simp argument list.
2026-09-15T23:11:39.8809096Z   [apply] simp only [pow_succ, Nat.cast_add, Nat.cast_one, zero_mul, mul_zero, zero_add, add_zero, mul_one]
2026-09-15T23:11:39.8809701Z 
2026-09-15T23:11:39.8810027Z Note: This linter can be disabled with `set_option linter.unusedSimpArgs false`
2026-09-15T23:11:39.8810854Z warning: NLA/MF12/MatrixAlgebra.lean:166:35: This simp argument is unused:
2026-09-15T23:11:39.8811718Z   mul_one
2026-09-15T23:11:39.8811898Z 
2026-09-15T23:11:39.8812077Z Hint: Omit it from the simp argument list.
2026-09-15T23:11:39.8812781Z   [apply] simp only [pow_succ, Nat.cast_add, Nat.cast_one, zero_mul, mul_zero, zero_add, add_zero, one_mul]
2026-09-15T23:11:39.8813397Z 
2026-09-15T23:11:39.8813735Z Note: This linter can be disabled with `set_option linter.unusedSimpArgs false`
2026-09-15T23:11:39.8814536Z warning: NLA/MF12/MatrixAlgebra.lean:168:15: This simp argument is unused:
2026-09-15T23:11:39.8815116Z   pow_succ
2026-09-15T23:11:39.8815301Z 
2026-09-15T23:11:39.8815474Z Hint: Omit it from the simp argument list.
2026-09-15T23:11:39.8816515Z   [apply] simp only [Nat.cast_add, Nat.cast_one, zero_mul, mul_zero, zero_add, add_zero, one_mul, mul_one]
2026-09-15T23:11:39.8817117Z 
2026-09-15T23:11:39.8817471Z Note: This linter can be disabled with `set_option linter.unusedSimpArgs false`
2026-09-15T23:11:39.8818489Z warning: NLA/MF12/MatrixAlgebra.lean:168:25: This simp argument is unused:
2026-09-15T23:11:39.8819066Z   Nat.cast_add
2026-09-15T23:11:39.8819243Z 
2026-09-15T23:11:39.8819403Z Hint: Omit it from the simp argument list.
2026-09-15T23:11:39.8820050Z   [apply] simp only [pow_succ, Nat.cast_one, zero_mul, mul_zero, zero_add, add_zero, one_mul, mul_one]
2026-09-15T23:11:39.8820582Z 
2026-09-15T23:11:39.8820884Z Note: This linter can be disabled with `set_option linter.unusedSimpArgs false`
2026-09-15T23:11:39.8821631Z warning: NLA/MF12/MatrixAlgebra.lean:168:39: This simp argument is unused:
2026-09-15T23:11:39.8822187Z   Nat.cast_one
2026-09-15T23:11:39.8822349Z 
2026-09-15T23:11:39.8822499Z Hint: Omit it from the simp argument list.
2026-09-15T23:11:39.8823180Z   [apply] simp only [pow_succ, Nat.cast_add, zero_mul, mul_zero, zero_add, add_zero, one_mul, mul_one]
2026-09-15T23:11:39.8823805Z 
2026-09-15T23:11:39.8824124Z Note: This linter can be disabled with `set_option linter.unusedSimpArgs false`
2026-09-15T23:11:39.8824892Z warning: NLA/MF12/MatrixAlgebra.lean:169:6: This simp argument is unused:
2026-09-15T23:11:39.8825460Z   zero_add
2026-09-15T23:11:39.8825618Z 
2026-09-15T23:11:39.8825774Z Hint: Omit it from the simp argument list.
2026-09-15T23:11:39.8826478Z   [apply] simp only [pow_succ, Nat.cast_add, Nat.cast_one, zero_mul, mul_zero, add_zero, one_mul, mul_one]
2026-09-15T23:11:39.8827025Z 
2026-09-15T23:11:39.8827350Z Note: This linter can be disabled with `set_option linter.unusedSimpArgs false`
2026-09-15T23:11:39.8828308Z warning: NLA/MF12/MatrixAlgebra.lean:169:26: This simp argument is unused:
2026-09-15T23:11:39.8828945Z   one_mul
2026-09-15T23:11:39.8829109Z 
2026-09-15T23:11:39.8829266Z Hint: Omit it from the simp argument list.
2026-09-15T23:11:39.8829975Z   [apply] simp only [pow_succ, Nat.cast_add, Nat.cast_one, zero_mul, mul_zero, zero_add, add_zero, mul_one]
2026-09-15T23:11:39.8830548Z 
2026-09-15T23:11:39.8830876Z Note: This linter can be disabled with `set_option linter.unusedSimpArgs false`
2026-09-15T23:11:39.8831712Z warning: NLA/MF12/MatrixAlgebra.lean:169:35: This simp argument is unused:
2026-09-15T23:11:39.8832206Z   mul_one
2026-09-15T23:11:39.8832341Z 
2026-09-15T23:11:39.8832482Z Hint: Omit it from the simp argument list.
2026-09-15T23:11:39.8833096Z   [apply] simp only [pow_succ, Nat.cast_add, Nat.cast_one, zero_mul, mul_zero, zero_add, add_zero, one_mul]
2026-09-15T23:11:39.8833586Z 
2026-09-15T23:11:39.8833860Z Note: This linter can be disabled with `set_option linter.unusedSimpArgs false`
2026-09-15T23:11:39.8834515Z warning: NLA/MF12/MatrixAlgebra.lean:171:15: This simp argument is unused:
2026-09-15T23:11:39.8835002Z   pow_succ
2026-09-15T23:11:39.8835149Z 
2026-09-15T23:11:39.8835284Z Hint: Omit it from the simp argument list.
2026-09-15T23:11:39.8835899Z   [apply] simp only [Nat.cast_add, Nat.cast_one, zero_mul, mul_zero, zero_add, add_zero, one_mul, mul_one]
2026-09-15T23:11:39.8836403Z 
2026-09-15T23:11:39.8836714Z Note: This linter can be disabled with `set_option linter.unusedSimpArgs false`
2026-09-15T23:11:39.8837662Z warning: NLA/MF12/MatrixAlgebra.lean:171:25: This simp argument is unused:
2026-09-15T23:11:39.8845665Z   Nat.cast_add
2026-09-15T23:11:39.8845986Z 
2026-09-15T23:11:39.8846200Z Hint: Omit it from the simp argument list.
2026-09-15T23:11:39.8847100Z   [apply] simp only [pow_succ, Nat.cast_one, zero_mul, mul_zero, zero_add, add_zero, one_mul, mul_one]
2026-09-15T23:11:39.8847844Z 
2026-09-15T23:11:39.8848485Z Note: This linter can be disabled with `set_option linter.unusedSimpArgs false`
2026-09-15T23:11:39.8849585Z warning: NLA/MF12/MatrixAlgebra.lean:171:39: This simp argument is unused:
2026-09-15T23:11:39.8850456Z   Nat.cast_one
2026-09-15T23:11:39.8850725Z 
2026-09-15T23:11:39.8851344Z Hint: Omit it from the simp argument list.
2026-09-15T23:11:39.8852357Z   [apply] simp only [pow_succ, Nat.cast_add, zero_mul, mul_zero, zero_add, add_zero, one_mul, mul_one]
2026-09-15T23:11:39.8853199Z 
2026-09-15T23:11:39.8853672Z Note: This linter can be disabled with `set_option linter.unusedSimpArgs false`
2026-09-15T23:11:39.8854807Z warning: NLA/MF12/MatrixAlgebra.lean:172:6: This simp argument is unused:
2026-09-15T23:11:39.8855675Z   zero_add
2026-09-15T23:11:39.8855924Z 
2026-09-15T23:11:39.8856137Z Hint: Omit it from the simp argument list.
2026-09-15T23:11:39.8857229Z   [apply] simp only [pow_succ, Nat.cast_add, Nat.cast_one, zero_mul, mul_zero, add_zero, one_mul, mul_one]
2026-09-15T23:11:39.8858073Z 
2026-09-15T23:11:39.8858756Z Note: This linter can be disabled with `set_option linter.unusedSimpArgs false`
2026-09-15T23:11:39.8859856Z warning: NLA/MF12/MatrixAlgebra.lean:172:26: This simp argument is unused:
2026-09-15T23:11:39.8860714Z   one_mul
2026-09-15T23:11:39.8860918Z 
2026-09-15T23:11:39.8861162Z Hint: Omit it from the simp argument list.
2026-09-15T23:11:39.8862167Z   [apply] simp only [pow_succ, Nat.cast_add, Nat.cast_one, zero_mul, mul_zero, zero_add, add_zero, mul_one]
2026-09-15T23:11:39.8862983Z 
2026-09-15T23:11:39.8863480Z Note: This linter can be disabled with `set_option linter.unusedSimpArgs false`
2026-09-15T23:11:39.8864639Z warning: NLA/MF12/MatrixAlgebra.lean:172:35: This simp argument is unused:
2026-09-15T23:11:39.8865512Z   mul_one
2026-09-15T23:11:39.8865724Z 
2026-09-15T23:11:39.8865970Z Hint: Omit it from the simp argument list.
2026-09-15T23:11:39.8867035Z   [apply] simp only [pow_succ, Nat.cast_add, Nat.cast_one, zero_mul, mul_zero, zero_add, add_zero, one_mul]
2026-09-15T23:11:39.8879022Z 
2026-09-15T23:11:39.8879475Z Note: This linter can be disabled with `set_option linter.unusedSimpArgs false`
2026-09-15T23:11:39.8880497Z warning: NLA/MF12/MatrixAlgebra.lean:174:15: This simp argument is unused:
2026-09-15T23:11:39.8881239Z   pow_succ
2026-09-15T23:11:39.8881478Z 
2026-09-15T23:11:39.8881666Z Hint: Omit it from the simp argument list.
2026-09-15T23:11:39.8882566Z   [apply] simp only [Nat.cast_add, Nat.cast_one, zero_mul, mul_zero, zero_add, add_zero, one_mul, mul_one]
2026-09-15T23:11:39.8883322Z 
2026-09-15T23:11:39.8883727Z Note: This linter can be disabled with `set_option linter.unusedSimpArgs false`
2026-09-15T23:11:39.8884715Z warning: NLA/MF12/MatrixAlgebra.lean:174:25: This simp argument is unused:
2026-09-15T23:11:39.8885442Z   Nat.cast_add
2026-09-15T23:11:39.8885669Z 
2026-09-15T23:11:39.8885895Z Hint: Omit it from the simp argument list.
2026-09-15T23:11:39.8886789Z   [apply] simp only [pow_succ, Nat.cast_one, zero_mul, mul_zero, zero_add, add_zero, one_mul, mul_one]
2026-09-15T23:11:39.8887537Z 
2026-09-15T23:11:39.8887929Z Note: This linter can be disabled with `set_option linter.unusedSimpArgs false`
2026-09-15T23:11:39.8889107Z warning: NLA/MF12/MatrixAlgebra.lean:174:39: This simp argument is unused:
2026-09-15T23:11:39.8889831Z   Nat.cast_one
2026-09-15T23:11:39.8890038Z 
2026-09-15T23:11:39.8890256Z Hint: Omit it from the simp argument list.
2026-09-15T23:11:39.8891128Z   [apply] simp only [pow_succ, Nat.cast_add, zero_mul, mul_zero, zero_add, add_zero, one_mul, mul_one]
2026-09-15T23:11:39.8891881Z 
2026-09-15T23:11:39.8892652Z Note: This linter can be disabled with `set_option linter.unusedSimpArgs false`
2026-09-15T23:11:39.8893650Z warning: NLA/MF12/MatrixAlgebra.lean:174:53: This simp argument is unused:
2026-09-15T23:11:39.8894381Z   zero_mul
2026-09-15T23:11:39.8894617Z 
2026-09-15T23:11:39.8894781Z Hint: Omit it from the simp argument list.
2026-09-15T23:11:39.8895714Z   [apply] simp only [pow_succ, Nat.cast_add, Nat.cast_one, mul_zero, zero_add, add_zero, one_mul, mul_one]
2026-09-15T23:11:39.8896497Z 
2026-09-15T23:11:39.8896932Z Note: This linter can be disabled with `set_option linter.unusedSimpArgs false`
2026-09-15T23:11:39.8897954Z warning: NLA/MF12/MatrixAlgebra.lean:175:6: This simp argument is unused:
2026-09-15T23:11:39.8899048Z   zero_add
2026-09-15T23:11:39.8899266Z 
2026-09-15T23:11:39.8899499Z Hint: Omit it from the simp argument list.
2026-09-15T23:11:39.8900402Z   [apply] simp only [pow_succ, Nat.cast_add, Nat.cast_one, zero_mul, mul_zero, add_zero, one_mul, mul_one]
2026-09-15T23:11:39.8901147Z 
2026-09-15T23:11:39.8901600Z Note: This linter can be disabled with `set_option linter.unusedSimpArgs false`
2026-09-15T23:11:39.8902575Z warning: NLA/MF12/MatrixAlgebra.lean:175:26: This simp argument is unused:
2026-09-15T23:11:39.8903346Z   one_mul
2026-09-15T23:11:39.8903517Z 
2026-09-15T23:11:39.8903740Z Hint: Omit it from the simp argument list.
2026-09-15T23:11:39.8904706Z   [apply] simp only [pow_succ, Nat.cast_add, Nat.cast_one, zero_mul, mul_zero, zero_add, add_zero, mul_one]
2026-09-15T23:11:39.8905466Z 
2026-09-15T23:11:39.8905878Z Note: This linter can be disabled with `set_option linter.unusedSimpArgs false`
2026-09-15T23:11:39.8906909Z warning: NLA/MF12/MatrixAlgebra.lean:177:15: This simp argument is unused:
2026-09-15T23:11:39.8907707Z   pow_succ
2026-09-15T23:11:39.8907940Z 
2026-09-15T23:11:39.8928646Z Hint: Omit it from the simp argument list.
2026-09-15T23:11:39.8929781Z   [apply] simp only [Nat.cast_add, Nat.cast_one, zero_mul, mul_zero, zero_add, add_zero, one_mul, mul_one]
2026-09-15T23:11:39.8930556Z 
2026-09-15T23:11:39.8931017Z Note: This linter can be disabled with `set_option linter.unusedSimpArgs false`
2026-09-15T23:11:39.8932045Z warning: NLA/MF12/MatrixAlgebra.lean:177:25: This simp argument is unused:
2026-09-15T23:11:39.8932779Z   Nat.cast_add
2026-09-15T23:11:39.8932984Z 
2026-09-15T23:11:39.8933198Z Hint: Omit it from the simp argument list.
2026-09-15T23:11:39.8934170Z   [apply] simp only [pow_succ, Nat.cast_one, zero_mul, mul_zero, zero_add, add_zero, one_mul, mul_one]
2026-09-15T23:11:39.8934913Z 
2026-09-15T23:11:39.8959294Z Note: This linter can be disabled with `set_option linter.unusedSimpArgs false`
2026-09-15T23:11:39.8960174Z warning: NLA/MF12/MatrixAlgebra.lean:177:39: This simp argument is unused:
2026-09-15T23:11:39.8960738Z   Nat.cast_one
2026-09-15T23:11:39.8960915Z 
2026-09-15T23:11:39.8961068Z Hint: Omit it from the simp argument list.
2026-09-15T23:11:39.8961730Z   [apply] simp only [pow_succ, Nat.cast_add, zero_mul, mul_zero, zero_add, add_zero, one_mul, mul_one]
2026-09-15T23:11:39.8962257Z 
2026-09-15T23:11:39.8962570Z Note: This linter can be disabled with `set_option linter.unusedSimpArgs false`
2026-09-15T23:11:39.8963503Z warning: NLA/MF12/MatrixAlgebra.lean:177:53: This simp argument is unused:
2026-09-15T23:11:39.8964174Z   zero_mul
2026-09-15T23:11:39.8964372Z 
2026-09-15T23:11:39.8964744Z Hint: Omit it from the simp argument list.
2026-09-15T23:11:39.8965617Z   [apply] simp only [pow_succ, Nat.cast_add, Nat.cast_one, mul_zero, zero_add, add_zero, one_mul, mul_one]
2026-09-15T23:11:39.8966195Z 
2026-09-15T23:11:39.8966571Z Note: This linter can be disabled with `set_option linter.unusedSimpArgs false`
2026-09-15T23:11:39.8967568Z warning: NLA/MF12/MatrixAlgebra.lean:178:6: This simp argument is unused:
2026-09-15T23:11:39.8968473Z   zero_add
2026-09-15T23:11:39.8968696Z 
2026-09-15T23:11:39.8968956Z Hint: Omit it from the simp argument list.
2026-09-15T23:11:39.8969808Z   [apply] simp only [pow_succ, Nat.cast_add, Nat.cast_one, zero_mul, mul_zero, add_zero, one_mul, mul_one]
2026-09-15T23:11:39.8970465Z 
2026-09-15T23:11:39.8971116Z Note: This linter can be disabled with `set_option linter.unusedSimpArgs false`
2026-09-15T23:11:39.8972120Z warning: NLA/MF12/MatrixAlgebra.lean:178:26: This simp argument is unused:
2026-09-15T23:11:39.8972831Z   one_mul
2026-09-15T23:11:39.8973028Z 
2026-09-15T23:11:39.8973314Z Hint: Omit it from the simp argument list.
2026-09-15T23:11:39.8974157Z   [apply] simp only [pow_succ, Nat.cast_add, Nat.cast_one, zero_mul, mul_zero, zero_add, add_zero, mul_one]
2026-09-15T23:11:39.8974802Z 
2026-09-15T23:11:39.8975209Z Note: This linter can be disabled with `set_option linter.unusedSimpArgs false`
2026-09-15T23:11:39.8976127Z warning: NLA/MF12/MatrixAlgebra.lean:180:25: This simp argument is unused:
2026-09-15T23:11:39.9075979Z   Nat.cast_add
2026-09-15T23:11:39.9076257Z 
2026-09-15T23:11:39.9076447Z Hint: Omit it from the simp argument list.
2026-09-15T23:11:39.9077177Z   [apply] simp only [pow_succ, Nat.cast_one, zero_mul, mul_zero, zero_add, add_zero, one_mul, mul_one]
2026-09-15T23:11:39.9077764Z 
2026-09-15T23:11:39.9078412Z Note: This linter can be disabled with `set_option linter.unusedSimpArgs false`
2026-09-15T23:11:39.9079249Z warning: NLA/MF12/MatrixAlgebra.lean:180:39: This simp argument is unused:
2026-09-15T23:11:39.9079830Z   Nat.cast_one
2026-09-15T23:11:39.9080015Z 
2026-09-15T23:11:39.9080192Z Hint: Omit it from the simp argument list.
2026-09-15T23:11:39.9080896Z   [apply] simp only [pow_succ, Nat.cast_add, zero_mul, mul_zero, zero_add, add_zero, one_mul, mul_one]
2026-09-15T23:11:39.9081467Z 
2026-09-15T23:11:39.9081809Z Note: This linter can be disabled with `set_option linter.unusedSimpArgs false`
2026-09-15T23:11:39.9082617Z warning: NLA/MF12/MatrixAlgebra.lean:180:53: This simp argument is unused:
2026-09-15T23:11:39.9083221Z   zero_mul
2026-09-15T23:11:39.9083395Z 
2026-09-15T23:11:39.9083558Z Hint: Omit it from the simp argument list.
2026-09-15T23:11:39.9084321Z   [apply] simp only [pow_succ, Nat.cast_add, Nat.cast_one, mul_zero, zero_add, add_zero, one_mul, mul_one]
2026-09-15T23:11:39.9084905Z 
2026-09-15T23:11:39.9085235Z Note: This linter can be disabled with `set_option linter.unusedSimpArgs false`
2026-09-15T23:11:39.9086011Z warning: NLA/MF12/MatrixAlgebra.lean:181:26: This simp argument is unused:
2026-09-15T23:11:39.9086570Z   one_mul
2026-09-15T23:11:39.9086735Z 
2026-09-15T23:11:39.9086904Z Hint: Omit it from the simp argument list.
2026-09-15T23:11:39.9087626Z   [apply] simp only [pow_succ, Nat.cast_add, Nat.cast_one, zero_mul, mul_zero, zero_add, add_zero, mul_one]
2026-09-15T23:11:39.9088461Z 
2026-09-15T23:11:39.9088783Z Note: This linter can be disabled with `set_option linter.unusedSimpArgs false`
2026-09-15T23:11:39.9089576Z warning: NLA/MF12/MatrixAlgebra.lean:181:35: This simp argument is unused:
2026-09-15T23:11:39.9090131Z   mul_one
2026-09-15T23:11:39.9090285Z 
2026-09-15T23:11:39.9090451Z Hint: Omit it from the simp argument list.
2026-09-15T23:11:39.9091159Z   [apply] simp only [pow_succ, Nat.cast_add, Nat.cast_one, zero_mul, mul_zero, zero_add, add_zero, one_mul]
2026-09-15T23:11:39.9091733Z 
2026-09-15T23:11:39.9092057Z Note: This linter can be disabled with `set_option linter.unusedSimpArgs false`
2026-09-15T23:11:39.9092829Z warning: NLA/MF12/MatrixAlgebra.lean:183:53: This simp argument is unused:
2026-09-15T23:11:39.9093400Z   zero_mul
2026-09-15T23:11:39.9093557Z 
2026-09-15T23:11:39.9093715Z Hint: Omit it from the simp argument list.
2026-09-15T23:11:39.9094440Z   [apply] simp only [pow_succ, Nat.cast_add, Nat.cast_one, mul_zero, zero_add, add_zero, one_mul, mul_one]
2026-09-15T23:11:39.9095028Z 
2026-09-15T23:11:39.9095357Z Note: This linter can be disabled with `set_option linter.unusedSimpArgs false`
2026-09-15T23:11:39.9096151Z warning: NLA/MF12/MatrixAlgebra.lean:184:26: This simp argument is unused:
2026-09-15T23:11:39.9096716Z   one_mul
2026-09-15T23:11:39.9096882Z 
2026-09-15T23:11:39.9097047Z Hint: Omit it from the simp argument list.
2026-09-15T23:11:39.9098079Z   [apply] simp only [pow_succ, Nat.cast_add, Nat.cast_one, zero_mul, mul_zero, zero_add, add_zero, mul_one]
2026-09-15T23:11:39.9129253Z 
2026-09-15T23:11:39.9129641Z Note: This linter can be disabled with `set_option linter.unusedSimpArgs false`
2026-09-15T23:11:39.9130520Z warning: NLA/MF12/MatrixAlgebra.lean:184:35: This simp argument is unused:
2026-09-15T23:11:39.9131157Z   mul_one
2026-09-15T23:11:39.9131331Z 
2026-09-15T23:11:39.9131509Z Hint: Omit it from the simp argument list.
2026-09-15T23:11:39.9132315Z   [apply] simp only [pow_succ, Nat.cast_add, Nat.cast_one, zero_mul, mul_zero, zero_add, add_zero, one_mul]
2026-09-15T23:11:39.9132960Z 
2026-09-15T23:11:39.9133327Z Note: This linter can be disabled with `set_option linter.unusedSimpArgs false`
2026-09-15T23:11:39.9134484Z warning: NLA/MF12/MatrixAlgebra.lean:186:15: This simp argument is unused:
2026-09-15T23:11:39.9135104Z   pow_succ
2026-09-15T23:11:39.9135274Z 
2026-09-15T23:11:39.9135451Z Hint: Omit it from the simp argument list.
2026-09-15T23:11:39.9136236Z   [apply] simp only [Nat.cast_add, Nat.cast_one, zero_mul, mul_zero, zero_add, add_zero, one_mul, mul_one]
2026-09-15T23:11:39.9136862Z 
2026-09-15T23:11:39.9137205Z Note: This linter can be disabled with `set_option linter.unusedSimpArgs false`
2026-09-15T23:11:39.9138038Z warning: NLA/MF12/MatrixAlgebra.lean:186:25: This simp argument is unused:
2026-09-15T23:11:39.9138843Z   Nat.cast_add
2026-09-15T23:11:39.9139039Z 
2026-09-15T23:11:39.9139219Z Hint: Omit it from the simp argument list.
2026-09-15T23:11:39.9139967Z   [apply] simp only [pow_succ, Nat.cast_one, zero_mul, mul_zero, zero_add, add_zero, one_mul, mul_one]
2026-09-15T23:11:39.9140551Z 
2026-09-15T23:11:39.9140891Z Note: This linter can be disabled with `set_option linter.unusedSimpArgs false`
2026-09-15T23:11:39.9141717Z warning: NLA/MF12/MatrixAlgebra.lean:186:39: This simp argument is unused:
2026-09-15T23:11:39.9142319Z   Nat.cast_one
2026-09-15T23:11:39.9142509Z 
2026-09-15T23:11:39.9142677Z Hint: Omit it from the simp argument list.
2026-09-15T23:11:39.9143403Z   [apply] simp only [pow_succ, Nat.cast_add, zero_mul, mul_zero, zero_add, add_zero, one_mul, mul_one]
2026-09-15T23:11:39.9143996Z 
2026-09-15T23:11:39.9144346Z Note: This linter can be disabled with `set_option linter.unusedSimpArgs false`
2026-09-15T23:11:39.9145165Z warning: NLA/MF12/MatrixAlgebra.lean:187:6: This simp argument is unused:
2026-09-15T23:11:39.9145769Z   zero_add
2026-09-15T23:11:39.9145930Z 
2026-09-15T23:11:39.9146105Z Hint: Omit it from the simp argument list.
2026-09-15T23:11:39.9146856Z   [apply] simp only [pow_succ, Nat.cast_add, Nat.cast_one, zero_mul, mul_zero, add_zero, one_mul, mul_one]
2026-09-15T23:11:39.9147470Z 
2026-09-15T23:11:39.9147803Z Note: This linter can be disabled with `set_option linter.unusedSimpArgs false`
2026-09-15T23:11:39.9148813Z warning: NLA/MF12/MatrixAlgebra.lean:187:26: This simp argument is unused:
2026-09-15T23:11:39.9149425Z   one_mul
2026-09-15T23:11:39.9149597Z 
2026-09-15T23:11:39.9149770Z Hint: Omit it from the simp argument list.
2026-09-15T23:11:39.9150537Z   [apply] simp only [pow_succ, Nat.cast_add, Nat.cast_one, zero_mul, mul_zero, zero_add, add_zero, mul_one]
2026-09-15T23:11:39.9151149Z 
2026-09-15T23:11:39.9151495Z Note: This linter can be disabled with `set_option linter.unusedSimpArgs false`
2026-09-15T23:11:39.9152310Z warning: NLA/MF12/MatrixAlgebra.lean:187:35: This simp argument is unused:
2026-09-15T23:11:39.9152909Z   mul_one
2026-09-15T23:11:39.9153082Z 
2026-09-15T23:11:39.9153250Z Hint: Omit it from the simp argument list.
2026-09-15T23:11:39.9154003Z   [apply] simp only [pow_succ, Nat.cast_add, Nat.cast_one, zero_mul, mul_zero, zero_add, add_zero, one_mul]
2026-09-15T23:11:39.9154625Z 
2026-09-15T23:11:39.9154960Z Note: This linter can be disabled with `set_option linter.unusedSimpArgs false`
2026-09-15T23:11:39.9155790Z warning: NLA/MF12/MatrixAlgebra.lean:189:15: This simp argument is unused:
2026-09-15T23:11:39.9156384Z   pow_succ
2026-09-15T23:11:39.9156538Z 
2026-09-15T23:11:39.9156711Z Hint: Omit it from the simp argument list.
2026-09-15T23:11:39.9157715Z   [apply] simp only [Nat.cast_add, Nat.cast_one, zero_mul, mul_zero, zero_add, add_zero, one_mul, mul_one]
2026-09-15T23:11:39.9180662Z 
2026-09-15T23:11:39.9181064Z Note: This linter can be disabled with `set_option linter.unusedSimpArgs false`
2026-09-15T23:11:39.9181937Z warning: NLA/MF12/MatrixAlgebra.lean:189:25: This simp argument is unused:
2026-09-15T23:11:39.9182562Z   Nat.cast_add
2026-09-15T23:11:39.9182764Z 
2026-09-15T23:11:39.9182947Z Hint: Omit it from the simp argument list.
2026-09-15T23:11:39.9183715Z   [apply] simp only [pow_succ, Nat.cast_one, zero_mul, mul_zero, zero_add, add_zero, one_mul, mul_one]
2026-09-15T23:11:39.9184318Z 
2026-09-15T23:11:39.9184957Z Note: This linter can be disabled with `set_option linter.unusedSimpArgs false`
2026-09-15T23:11:39.9185798Z warning: NLA/MF12/MatrixAlgebra.lean:189:39: This simp argument is unused:
2026-09-15T23:11:39.9186424Z   Nat.cast_one
2026-09-15T23:11:39.9186621Z 
2026-09-15T23:11:39.9186792Z Hint: Omit it from the simp argument list.
2026-09-15T23:11:39.9187519Z   [apply] simp only [pow_succ, Nat.cast_add, zero_mul, mul_zero, zero_add, add_zero, one_mul, mul_one]
2026-09-15T23:11:39.9188301Z 
2026-09-15T23:11:39.9188648Z Note: This linter can be disabled with `set_option linter.unusedSimpArgs false`
2026-09-15T23:11:39.9189490Z warning: NLA/MF12/MatrixAlgebra.lean:190:6: This simp argument is unused:
2026-09-15T23:11:39.9190096Z   zero_add
2026-09-15T23:11:39.9190263Z 
2026-09-15T23:11:39.9190438Z Hint: Omit it from the simp argument list.
2026-09-15T23:11:39.9191202Z   [apply] simp only [pow_succ, Nat.cast_add, Nat.cast_one, zero_mul, mul_zero, add_zero, one_mul, mul_one]
2026-09-15T23:11:39.9191815Z 
2026-09-15T23:11:39.9192169Z Note: This linter can be disabled with `set_option linter.unusedSimpArgs false`
2026-09-15T23:11:39.9193007Z warning: NLA/MF12/MatrixAlgebra.lean:190:26: This simp argument is unused:
2026-09-15T23:11:39.9193621Z   one_mul
2026-09-15T23:11:39.9193795Z 
2026-09-15T23:11:39.9193969Z Hint: Omit it from the simp argument list.
2026-09-15T23:11:39.9194751Z   [apply] simp only [pow_succ, Nat.cast_add, Nat.cast_one, zero_mul, mul_zero, zero_add, add_zero, mul_one]
2026-09-15T23:11:39.9195383Z 
2026-09-15T23:11:39.9195732Z Note: This linter can be disabled with `set_option linter.unusedSimpArgs false`
2026-09-15T23:11:39.9196550Z warning: NLA/MF12/MatrixAlgebra.lean:190:35: This simp argument is unused:
2026-09-15T23:11:39.9197152Z   mul_one
2026-09-15T23:11:39.9197317Z 
2026-09-15T23:11:39.9197483Z Hint: Omit it from the simp argument list.
2026-09-15T23:11:39.9258616Z   [apply] simp only [pow_succ, Nat.cast_add, Nat.cast_one, zero_mul, mul_zero, zero_add, add_zero, one_mul]
2026-09-15T23:11:39.9259336Z 
2026-09-15T23:11:39.9259718Z Note: This linter can be disabled with `set_option linter.unusedSimpArgs false`
2026-09-15T23:11:39.9260589Z warning: NLA/MF12/MatrixAlgebra.lean:192:15: This simp argument is unused:
2026-09-15T23:11:39.9261218Z   pow_succ
2026-09-15T23:11:39.9261398Z 
2026-09-15T23:11:39.9261590Z Hint: Omit it from the simp argument list.
2026-09-15T23:11:39.9262359Z   [apply] simp only [Nat.cast_add, Nat.cast_one, zero_mul, mul_zero, zero_add, add_zero, one_mul, mul_one]
2026-09-15T23:11:39.9262986Z 
2026-09-15T23:11:39.9263340Z Note: This linter can be disabled with `set_option linter.unusedSimpArgs false`
2026-09-15T23:11:39.9264165Z warning: NLA/MF12/MatrixAlgebra.lean:192:25: This simp argument is unused:
2026-09-15T23:11:39.9264776Z   Nat.cast_add
2026-09-15T23:11:39.9264968Z 
2026-09-15T23:11:39.9265137Z Hint: Omit it from the simp argument list.
2026-09-15T23:11:39.9265887Z   [apply] simp only [pow_succ, Nat.cast_one, zero_mul, mul_zero, zero_add, add_zero, one_mul, mul_one]
2026-09-15T23:11:39.9266490Z 
2026-09-15T23:11:39.9266842Z Note: This linter can be disabled with `set_option linter.unusedSimpArgs false`
2026-09-15T23:11:39.9267664Z warning: NLA/MF12/MatrixAlgebra.lean:192:39: This simp argument is unused:
2026-09-15T23:11:39.9268451Z   Nat.cast_one
2026-09-15T23:11:39.9268645Z 
2026-09-15T23:11:39.9269467Z Hint: Omit it from the simp argument list.
2026-09-15T23:11:39.9270233Z   [apply] simp only [pow_succ, Nat.cast_add, zero_mul, mul_zero, zero_add, add_zero, one_mul, mul_one]
2026-09-15T23:11:39.9270835Z 
2026-09-15T23:11:39.9271183Z Note: This linter can be disabled with `set_option linter.unusedSimpArgs false`
2026-09-15T23:11:39.9272054Z warning: NLA/MF12/MatrixAlgebra.lean:192:53: This simp argument is unused:
2026-09-15T23:11:39.9272673Z   zero_mul
2026-09-15T23:11:39.9272846Z 
2026-09-15T23:11:39.9273025Z Hint: Omit it from the simp argument list.
2026-09-15T23:11:39.9273787Z   [apply] simp only [pow_succ, Nat.cast_add, Nat.cast_one, mul_zero, zero_add, add_zero, one_mul, mul_one]
2026-09-15T23:11:39.9274603Z 
2026-09-15T23:11:39.9274951Z Note: This linter can be disabled with `set_option linter.unusedSimpArgs false`
2026-09-15T23:11:39.9275787Z warning: NLA/MF12/MatrixAlgebra.lean:193:6: This simp argument is unused:
2026-09-15T23:11:39.9276388Z   zero_add
2026-09-15T23:11:39.9276561Z 
2026-09-15T23:11:39.9276734Z Hint: Omit it from the simp argument list.
2026-09-15T23:11:39.9277466Z   [apply] simp only [pow_succ, Nat.cast_add, Nat.cast_one, zero_mul, mul_zero, add_zero, one_mul, mul_one]
2026-09-15T23:11:39.9278250Z 
2026-09-15T23:11:39.9278602Z Note: This linter can be disabled with `set_option linter.unusedSimpArgs false`
2026-09-15T23:11:39.9279430Z warning: NLA/MF12/MatrixAlgebra.lean:193:26: This simp argument is unused:
2026-09-15T23:11:39.9280037Z   one_mul
2026-09-15T23:11:39.9280211Z 
2026-09-15T23:11:39.9280371Z Hint: Omit it from the simp argument list.
2026-09-15T23:11:39.9281145Z   [apply] simp only [pow_succ, Nat.cast_add, Nat.cast_one, zero_mul, mul_zero, zero_add, add_zero, mul_one]
2026-09-15T23:11:39.9281758Z 
2026-09-15T23:11:39.9282090Z Note: This linter can be disabled with `set_option linter.unusedSimpArgs false`
2026-09-15T23:11:39.9282941Z warning: NLA/MF12/MatrixAlgebra.lean:195:15: This simp argument is unused:
2026-09-15T23:11:39.9283551Z   pow_succ
2026-09-15T23:11:39.9283728Z 
2026-09-15T23:11:39.9283901Z Hint: Omit it from the simp argument list.
2026-09-15T23:11:39.9284652Z   [apply] simp only [Nat.cast_add, Nat.cast_one, zero_mul, mul_zero, zero_add, add_zero, one_mul, mul_one]
2026-09-15T23:11:39.9285258Z 
2026-09-15T23:11:39.9285608Z Note: This linter can be disabled with `set_option linter.unusedSimpArgs false`
2026-09-15T23:11:39.9286441Z warning: NLA/MF12/MatrixAlgebra.lean:195:25: This simp argument is unused:
2026-09-15T23:11:39.9287054Z   Nat.cast_add
2026-09-15T23:11:39.9287250Z 
2026-09-15T23:11:39.9287416Z Hint: Omit it from the simp argument list.
2026-09-15T23:11:39.9348584Z   [apply] simp only [pow_succ, Nat.cast_one, zero_mul, mul_zero, zero_add, add_zero, one_mul, mul_one]
2026-09-15T23:11:39.9349375Z 
2026-09-15T23:11:39.9349775Z Note: This linter can be disabled with `set_option linter.unusedSimpArgs false`
2026-09-15T23:11:39.9350658Z warning: NLA/MF12/MatrixAlgebra.lean:195:39: This simp argument is unused:
2026-09-15T23:11:39.9351287Z   Nat.cast_one
2026-09-15T23:11:39.9351501Z 
2026-09-15T23:11:39.9351676Z Hint: Omit it from the simp argument list.
2026-09-15T23:11:39.9352455Z   [apply] simp only [pow_succ, Nat.cast_add, zero_mul, mul_zero, zero_add, add_zero, one_mul, mul_one]
2026-09-15T23:11:39.9353074Z 
2026-09-15T23:11:39.9353428Z Note: This linter can be disabled with `set_option linter.unusedSimpArgs false`
2026-09-15T23:11:39.9354285Z warning: NLA/MF12/MatrixAlgebra.lean:195:53: This simp argument is unused:
2026-09-15T23:11:39.9354915Z   zero_mul
2026-09-15T23:11:39.9355086Z 
2026-09-15T23:11:39.9355261Z Hint: Omit it from the simp argument list.
2026-09-15T23:11:39.9356030Z   [apply] simp only [pow_succ, Nat.cast_add, Nat.cast_one, mul_zero, zero_add, add_zero, one_mul, mul_one]
2026-09-15T23:11:39.9356664Z 
2026-09-15T23:11:39.9357022Z Note: This linter can be disabled with `set_option linter.unusedSimpArgs false`
2026-09-15T23:11:39.9357854Z warning: NLA/MF12/MatrixAlgebra.lean:196:6: This simp argument is unused:
2026-09-15T23:11:39.9359027Z   zero_add
2026-09-15T23:11:39.9359209Z 
2026-09-15T23:11:39.9359378Z Hint: Omit it from the simp argument list.
2026-09-15T23:11:39.9360166Z   [apply] simp only [pow_succ, Nat.cast_add, Nat.cast_one, zero_mul, mul_zero, add_zero, one_mul, mul_one]
2026-09-15T23:11:39.9360774Z 
2026-09-15T23:11:39.9361132Z Note: This linter can be disabled with `set_option linter.unusedSimpArgs false`
2026-09-15T23:11:39.9361969Z warning: NLA/MF12/MatrixAlgebra.lean:196:26: This simp argument is unused:
2026-09-15T23:11:39.9362579Z   one_mul
2026-09-15T23:11:39.9362740Z 
2026-09-15T23:11:39.9362915Z Hint: Omit it from the simp argument list.
2026-09-15T23:11:39.9363691Z   [apply] simp only [pow_succ, Nat.cast_add, Nat.cast_one, zero_mul, mul_zero, zero_add, add_zero, mul_one]
2026-09-15T23:11:39.9364520Z 
2026-09-15T23:11:39.9364871Z Note: This linter can be disabled with `set_option linter.unusedSimpArgs false`
2026-09-15T23:11:39.9365729Z warning: NLA/MF12/MatrixAlgebra.lean:198:15: This simp argument is unused:
2026-09-15T23:11:39.9366375Z   pow_succ
2026-09-15T23:11:39.9366551Z 
2026-09-15T23:11:39.9366724Z Hint: Omit it from the simp argument list.
2026-09-15T23:11:39.9367493Z   [apply] simp only [Nat.cast_add, Nat.cast_one, zero_mul, mul_zero, zero_add, add_zero, one_mul, mul_one]
2026-09-15T23:11:39.9368268Z 
2026-09-15T23:11:39.9368619Z Note: This linter can be disabled with `set_option linter.unusedSimpArgs false`
2026-09-15T23:11:39.9369445Z warning: NLA/MF12/MatrixAlgebra.lean:198:25: This simp argument is unused:
2026-09-15T23:11:39.9398680Z   Nat.cast_add
2026-09-15T23:11:39.9398907Z 
2026-09-15T23:11:39.9399094Z Hint: Omit it from the simp argument list.
2026-09-15T23:11:39.9399874Z   [apply] simp only [pow_succ, Nat.cast_one, zero_mul, mul_zero, zero_add, add_zero, one_mul, mul_one]
2026-09-15T23:11:39.9400449Z 
2026-09-15T23:11:39.9400810Z Note: This linter can be disabled with `set_option linter.unusedSimpArgs false`
2026-09-15T23:11:39.9401621Z warning: NLA/MF12/MatrixAlgebra.lean:198:39: This simp argument is unused:
2026-09-15T23:11:39.9402206Z   Nat.cast_one
2026-09-15T23:11:39.9402386Z 
2026-09-15T23:11:39.9402559Z Hint: Omit it from the simp argument list.
2026-09-15T23:11:39.9403295Z   [apply] simp only [pow_succ, Nat.cast_add, zero_mul, mul_zero, zero_add, add_zero, one_mul, mul_one]
2026-09-15T23:11:39.9403922Z 
2026-09-15T23:11:39.9404277Z Note: This linter can be disabled with `set_option linter.unusedSimpArgs false`
2026-09-15T23:11:39.9405121Z warning: NLA/MF12/MatrixAlgebra.lean:199:6: This simp argument is unused:
2026-09-15T23:11:39.9405731Z   zero_add
2026-09-15T23:11:39.9405898Z 
2026-09-15T23:11:39.9406079Z Hint: Omit it from the simp argument list.
2026-09-15T23:11:39.9406834Z   [apply] simp only [pow_succ, Nat.cast_add, Nat.cast_one, zero_mul, mul_zero, add_zero, one_mul, mul_one]
2026-09-15T23:11:39.9407438Z 
2026-09-15T23:11:39.9407777Z Note: This linter can be disabled with `set_option linter.unusedSimpArgs false`
2026-09-15T23:11:39.9408757Z warning: NLA/MF12/MatrixAlgebra.lean:199:26: This simp argument is unused:
2026-09-15T23:11:39.9409352Z   one_mul
2026-09-15T23:11:39.9409519Z 
2026-09-15T23:11:39.9409702Z Hint: Omit it from the simp argument list.
2026-09-15T23:11:39.9410465Z   [apply] simp only [pow_succ, Nat.cast_add, Nat.cast_one, zero_mul, mul_zero, zero_add, add_zero, mul_one]
2026-09-15T23:11:39.9411071Z 
2026-09-15T23:11:39.9411392Z Note: This linter can be disabled with `set_option linter.unusedSimpArgs false`
2026-09-15T23:11:39.9412183Z warning: NLA/MF12/MatrixAlgebra.lean:199:35: This simp argument is unused:
2026-09-15T23:11:39.9412752Z   mul_one
2026-09-15T23:11:39.9412898Z 
2026-09-15T23:11:39.9413058Z Hint: Omit it from the simp argument list.
2026-09-15T23:11:39.9413820Z   [apply] simp only [pow_succ, Nat.cast_add, Nat.cast_one, zero_mul, mul_zero, zero_add, add_zero, one_mul]
2026-09-15T23:11:39.9414414Z 
2026-09-15T23:11:39.9414751Z Note: This linter can be disabled with `set_option linter.unusedSimpArgs false`
2026-09-15T23:11:39.9415870Z warning: NLA/MF12/MatrixAlgebra.lean:201:25: This simp argument is unused:
2026-09-15T23:11:39.9416500Z   Nat.cast_add
2026-09-15T23:11:39.9416701Z 
2026-09-15T23:11:39.9416875Z Hint: Omit it from the simp argument list.
2026-09-15T23:11:39.9417631Z   [apply] simp only [pow_succ, Nat.cast_one, zero_mul, mul_zero, zero_add, add_zero, one_mul, mul_one]
2026-09-15T23:11:39.9418431Z 
2026-09-15T23:11:39.9418791Z Note: This linter can be disabled with `set_option linter.unusedSimpArgs false`
2026-09-15T23:11:39.9419628Z warning: NLA/MF12/MatrixAlgebra.lean:201:39: This simp argument is unused:
2026-09-15T23:11:39.9420254Z   Nat.cast_one
2026-09-15T23:11:39.9420439Z 
2026-09-15T23:11:39.9420618Z Hint: Omit it from the simp argument list.
2026-09-15T23:11:39.9421508Z   [apply] simp only [pow_succ, Nat.cast_add, zero_mul, mul_zero, zero_add, add_zero, one_mul, mul_one]
2026-09-15T23:11:39.9422091Z 
2026-09-15T23:11:39.9422407Z Note: This linter can be disabled with `set_option linter.unusedSimpArgs false`
2026-09-15T23:11:39.9423200Z warning: NLA/MF12/MatrixAlgebra.lean:202:26: This simp argument is unused:
2026-09-15T23:11:39.9423787Z   one_mul
2026-09-15T23:11:39.9423943Z 
2026-09-15T23:11:39.9424113Z Hint: Omit it from the simp argument list.
2026-09-15T23:11:39.9424840Z   [apply] simp only [pow_succ, Nat.cast_add, Nat.cast_one, zero_mul, mul_zero, zero_add, add_zero, mul_one]
2026-09-15T23:11:39.9425450Z 
2026-09-15T23:11:39.9425795Z Note: This linter can be disabled with `set_option linter.unusedSimpArgs false`
2026-09-15T23:11:39.9426629Z warning: NLA/MF12/MatrixAlgebra.lean:202:35: This simp argument is unused:
2026-09-15T23:11:39.9427235Z   mul_one
2026-09-15T23:11:39.9427410Z 
2026-09-15T23:11:39.9427575Z Hint: Omit it from the simp argument list.
2026-09-15T23:11:39.9454884Z   [apply] simp only [pow_succ, Nat.cast_add, Nat.cast_one, zero_mul, mul_zero, zero_add, add_zero, one_mul]
2026-09-15T23:11:39.9455548Z 
2026-09-15T23:11:39.9455916Z Note: This linter can be disabled with `set_option linter.unusedSimpArgs false`
2026-09-15T23:11:39.9456747Z warning: NLA/MF12/MatrixAlgebra.lean:204:15: This simp argument is unused:
2026-09-15T23:11:39.9457356Z   pow_succ
2026-09-15T23:11:39.9457523Z 
2026-09-15T23:11:39.9457696Z Hint: Omit it from the simp argument list.
2026-09-15T23:11:39.9458647Z   [apply] simp only [Nat.cast_add, Nat.cast_one, zero_mul, mul_zero, zero_add, add_zero, one_mul, mul_one]
2026-09-15T23:11:39.9459237Z 
2026-09-15T23:11:39.9459573Z Note: This linter can be disabled with `set_option linter.unusedSimpArgs false`
2026-09-15T23:11:39.9460370Z warning: NLA/MF12/MatrixAlgebra.lean:204:25: This simp argument is unused:
2026-09-15T23:11:39.9460971Z   Nat.cast_add
2026-09-15T23:11:39.9461170Z 
2026-09-15T23:11:39.9461353Z Hint: Omit it from the simp argument list.
2026-09-15T23:11:39.9462086Z   [apply] simp only [pow_succ, Nat.cast_one, zero_mul, mul_zero, zero_add, add_zero, one_mul, mul_one]
2026-09-15T23:11:39.9462603Z 
2026-09-15T23:11:39.9462926Z Note: This linter can be disabled with `set_option linter.unusedSimpArgs false`
2026-09-15T23:11:39.9463683Z warning: NLA/MF12/MatrixAlgebra.lean:204:39: This simp argument is unused:
2026-09-15T23:11:39.9464256Z   Nat.cast_one
2026-09-15T23:11:39.9464438Z 
2026-09-15T23:11:39.9464593Z Hint: Omit it from the simp argument list.
2026-09-15T23:11:39.9465296Z   [apply] simp only [pow_succ, Nat.cast_add, zero_mul, mul_zero, zero_add, add_zero, one_mul, mul_one]
2026-09-15T23:11:39.9465860Z 
2026-09-15T23:11:39.9466203Z Note: This linter can be disabled with `set_option linter.unusedSimpArgs false`
2026-09-15T23:11:39.9467036Z warning: NLA/MF12/MatrixAlgebra.lean:205:6: This simp argument is unused:
2026-09-15T23:11:39.9467571Z   zero_add
2026-09-15T23:11:39.9467728Z 
2026-09-15T23:11:39.9467882Z Hint: Omit it from the simp argument list.
2026-09-15T23:11:39.9468806Z   [apply] simp only [pow_succ, Nat.cast_add, Nat.cast_one, zero_mul, mul_zero, add_zero, one_mul, mul_one]
2026-09-15T23:11:39.9469438Z 
2026-09-15T23:11:39.9470051Z Note: This linter can be disabled with `set_option linter.unusedSimpArgs false`
2026-09-15T23:11:39.9470801Z warning: NLA/MF12/MatrixAlgebra.lean:205:26: This simp argument is unused:
2026-09-15T23:11:39.9471338Z   one_mul
2026-09-15T23:11:39.9471488Z 
2026-09-15T23:11:39.9471639Z Hint: Omit it from the simp argument list.
2026-09-15T23:11:39.9472328Z   [apply] simp only [pow_succ, Nat.cast_add, Nat.cast_one, zero_mul, mul_zero, zero_add, add_zero, mul_one]
2026-09-15T23:11:39.9472953Z 
2026-09-15T23:11:39.9473298Z Note: This linter can be disabled with `set_option linter.unusedSimpArgs false`
2026-09-15T23:11:39.9474034Z warning: NLA/MF12/MatrixAlgebra.lean:205:35: This simp argument is unused:
2026-09-15T23:11:39.9474781Z   mul_one
2026-09-15T23:11:39.9475279Z 
2026-09-15T23:11:39.9475461Z Hint: Omit it from the simp argument list.
2026-09-15T23:11:39.9476275Z   [apply] simp only [pow_succ, Nat.cast_add, Nat.cast_one, zero_mul, mul_zero, zero_add, add_zero, one_mul]
2026-09-15T23:11:39.9476939Z 
2026-09-15T23:11:39.9477335Z Note: This linter can be disabled with `set_option linter.unusedSimpArgs false`
2026-09-15T23:11:39.9523495Z warning: NLA/MF12/MatrixAlgebra.lean:207:15: This simp argument is unused:
2026-09-15T23:11:39.9524220Z   pow_succ
2026-09-15T23:11:39.9524403Z 
2026-09-15T23:11:39.9524585Z Hint: Omit it from the simp argument list.
2026-09-15T23:11:39.9525377Z   [apply] simp only [Nat.cast_add, Nat.cast_one, zero_mul, mul_zero, zero_add, add_zero, one_mul, mul_one]
2026-09-15T23:11:39.9526014Z 
2026-09-15T23:11:39.9526374Z Note: This linter can be disabled with `set_option linter.unusedSimpArgs false`
2026-09-15T23:11:39.9527224Z warning: NLA/MF12/MatrixAlgebra.lean:207:25: This simp argument is unused:
2026-09-15T23:11:39.9527849Z   Nat.cast_add
2026-09-15T23:11:39.9528064Z 
2026-09-15T23:11:39.9528452Z Hint: Omit it from the simp argument list.
2026-09-15T23:11:39.9529273Z   [apply] simp only [pow_succ, Nat.cast_one, zero_mul, mul_zero, zero_add, add_zero, one_mul, mul_one]
2026-09-15T23:11:39.9529881Z 
2026-09-15T23:11:39.9530249Z Note: This linter can be disabled with `set_option linter.unusedSimpArgs false`
2026-09-15T23:11:39.9531084Z warning: NLA/MF12/MatrixAlgebra.lean:207:39: This simp argument is unused:
2026-09-15T23:11:39.9531697Z   Nat.cast_one
2026-09-15T23:11:39.9531888Z 
2026-09-15T23:11:39.9532066Z Hint: Omit it from the simp argument list.
2026-09-15T23:11:39.9532790Z   [apply] simp only [pow_succ, Nat.cast_add, zero_mul, mul_zero, zero_add, add_zero, one_mul, mul_one]
2026-09-15T23:11:39.9533394Z 
2026-09-15T23:11:39.9533737Z Note: This linter can be disabled with `set_option linter.unusedSimpArgs false`
2026-09-15T23:11:39.9534554Z warning: NLA/MF12/MatrixAlgebra.lean:208:6: This simp argument is unused:
2026-09-15T23:11:39.9535167Z   zero_add
2026-09-15T23:11:39.9535330Z 
2026-09-15T23:11:39.9535501Z Hint: Omit it from the simp argument list.
2026-09-15T23:11:39.9536253Z   [apply] simp only [pow_succ, Nat.cast_add, Nat.cast_one, zero_mul, mul_zero, add_zero, one_mul, mul_one]
2026-09-15T23:11:39.9536879Z 
2026-09-15T23:11:39.9537215Z Note: This linter can be disabled with `set_option linter.unusedSimpArgs false`
2026-09-15T23:11:39.9538032Z warning: NLA/MF12/MatrixAlgebra.lean:208:26: This simp argument is unused:
2026-09-15T23:11:39.9538790Z   one_mul
2026-09-15T23:11:39.9538962Z 
2026-09-15T23:11:39.9539137Z Hint: Omit it from the simp argument list.
2026-09-15T23:11:39.9539899Z   [apply] simp only [pow_succ, Nat.cast_add, Nat.cast_one, zero_mul, mul_zero, zero_add, add_zero, mul_one]
2026-09-15T23:11:39.9540525Z 
2026-09-15T23:11:39.9540866Z Note: This linter can be disabled with `set_option linter.unusedSimpArgs false`
2026-09-15T23:11:39.9541677Z warning: NLA/MF12/MatrixAlgebra.lean:208:35: This simp argument is unused:
2026-09-15T23:11:39.9542283Z   mul_one
2026-09-15T23:11:39.9542449Z 
2026-09-15T23:11:39.9542609Z Hint: Omit it from the simp argument list.
2026-09-15T23:11:39.9543355Z   [apply] simp only [pow_succ, Nat.cast_add, Nat.cast_one, zero_mul, mul_zero, zero_add, add_zero, one_mul]
2026-09-15T23:11:39.9543978Z 
2026-09-15T23:11:39.9544588Z Note: This linter can be disabled with `set_option linter.unusedSimpArgs false`
2026-09-15T23:11:39.9545412Z warning: NLA/MF12/MatrixAlgebra.lean:210:15: This simp argument is unused:
2026-09-15T23:11:39.9546022Z   pow_succ
2026-09-15T23:11:39.9546191Z 
2026-09-15T23:11:39.9546362Z Hint: Omit it from the simp argument list.
2026-09-15T23:11:39.9547117Z   [apply] simp only [Nat.cast_add, Nat.cast_one, zero_mul, mul_zero, zero_add, add_zero, one_mul, mul_one]
2026-09-15T23:11:39.9547736Z 
2026-09-15T23:11:39.9548066Z Note: This linter can be disabled with `set_option linter.unusedSimpArgs false`
2026-09-15T23:11:39.9576329Z warning: NLA/MF12/MatrixAlgebra.lean:210:25: This simp argument is unused:
2026-09-15T23:11:39.9577444Z   Nat.cast_add
2026-09-15T23:11:39.9577655Z 
2026-09-15T23:11:39.9577841Z Hint: Omit it from the simp argument list.
2026-09-15T23:11:39.9578856Z   [apply] simp only [pow_succ, Nat.cast_one, zero_mul, mul_zero, zero_add, add_zero, one_mul, mul_one]
2026-09-15T23:11:39.9579483Z 
2026-09-15T23:11:39.9579868Z Note: This linter can be disabled with `set_option linter.unusedSimpArgs false`
2026-09-15T23:11:39.9580724Z warning: NLA/MF12/MatrixAlgebra.lean:210:39: This simp argument is unused:
2026-09-15T23:11:39.9581348Z   Nat.cast_one
2026-09-15T23:11:39.9581541Z 
2026-09-15T23:11:39.9581711Z Hint: Omit it from the simp argument list.
2026-09-15T23:11:39.9582445Z   [apply] simp only [pow_succ, Nat.cast_add, zero_mul, mul_zero, zero_add, add_zero, one_mul, mul_one]
2026-09-15T23:11:39.9583056Z 
2026-09-15T23:11:39.9583407Z Note: This linter can be disabled with `set_option linter.unusedSimpArgs false`
2026-09-15T23:11:39.9584232Z warning: NLA/MF12/MatrixAlgebra.lean:210:53: This simp argument is unused:
2026-09-15T23:11:39.9584846Z   zero_mul
2026-09-15T23:11:39.9585009Z 
2026-09-15T23:11:39.9585184Z Hint: Omit it from the simp argument list.
2026-09-15T23:11:39.9585938Z   [apply] simp only [pow_succ, Nat.cast_add, Nat.cast_one, mul_zero, zero_add, add_zero, one_mul, mul_one]
2026-09-15T23:11:39.9586578Z 
2026-09-15T23:11:39.9586919Z Note: This linter can be disabled with `set_option linter.unusedSimpArgs false`
2026-09-15T23:11:39.9587746Z warning: NLA/MF12/MatrixAlgebra.lean:211:6: This simp argument is unused:
2026-09-15T23:11:39.9588485Z   zero_add
2026-09-15T23:11:39.9588659Z 
2026-09-15T23:11:39.9588830Z Hint: Omit it from the simp argument list.
2026-09-15T23:11:39.9589594Z   [apply] simp only [pow_succ, Nat.cast_add, Nat.cast_one, zero_mul, mul_zero, add_zero, one_mul, mul_one]
2026-09-15T23:11:39.9590214Z 
2026-09-15T23:11:39.9590559Z Note: This linter can be disabled with `set_option linter.unusedSimpArgs false`
2026-09-15T23:11:39.9591384Z warning: NLA/MF12/MatrixAlgebra.lean:211:26: This simp argument is unused:
2026-09-15T23:11:39.9591991Z   one_mul
2026-09-15T23:11:39.9592157Z 
2026-09-15T23:11:39.9592318Z Hint: Omit it from the simp argument list.
2026-09-15T23:11:39.9593083Z   [apply] simp only [pow_succ, Nat.cast_add, Nat.cast_one, zero_mul, mul_zero, zero_add, add_zero, mul_one]
2026-09-15T23:11:39.9593725Z 
2026-09-15T23:11:39.9594058Z Note: This linter can be disabled with `set_option linter.unusedSimpArgs false`
2026-09-15T23:11:39.9594883Z warning: NLA/MF12/MatrixAlgebra.lean:213:15: This simp argument is unused:
2026-09-15T23:11:39.9595493Z   pow_succ
2026-09-15T23:11:39.9595662Z 
2026-09-15T23:11:39.9595832Z Hint: Omit it from the simp argument list.
2026-09-15T23:11:39.9596578Z   [apply] simp only [Nat.cast_add, Nat.cast_one, zero_mul, mul_zero, zero_add, add_zero, one_mul, mul_one]
2026-09-15T23:11:39.9597237Z 
2026-09-15T23:11:39.9597587Z Note: This linter can be disabled with `set_option linter.unusedSimpArgs false`
2026-09-15T23:11:39.9598592Z warning: NLA/MF12/MatrixAlgebra.lean:213:25: This simp argument is unused:
2026-09-15T23:11:39.9599212Z   Nat.cast_add
2026-09-15T23:11:39.9599399Z 
2026-09-15T23:11:39.9599580Z Hint: Omit it from the simp argument list.
2026-09-15T23:11:39.9600526Z   [apply] simp only [pow_succ, Nat.cast_one, zero_mul, mul_zero, zero_add, add_zero, one_mul, mul_one]
2026-09-15T23:11:39.9601136Z 
2026-09-15T23:11:39.9601470Z Note: This linter can be disabled with `set_option linter.unusedSimpArgs false`
2026-09-15T23:11:39.9602296Z warning: NLA/MF12/MatrixAlgebra.lean:213:39: This simp argument is unused:
2026-09-15T23:11:39.9602918Z   Nat.cast_one
2026-09-15T23:11:39.9603097Z 
2026-09-15T23:11:39.9603266Z Hint: Omit it from the simp argument list.
2026-09-15T23:11:39.9603992Z   [apply] simp only [pow_succ, Nat.cast_add, zero_mul, mul_zero, zero_add, add_zero, one_mul, mul_one]
2026-09-15T23:11:39.9604582Z 
2026-09-15T23:11:39.9604922Z Note: This linter can be disabled with `set_option linter.unusedSimpArgs false`
2026-09-15T23:11:39.9605891Z warning: NLA/MF12/MatrixAlgebra.lean:213:53: This simp argument is unused:
2026-09-15T23:11:39.9606496Z   zero_mul
2026-09-15T23:11:39.9606668Z 
2026-09-15T23:11:39.9606830Z Hint: Omit it from the simp argument list.
2026-09-15T23:11:39.9607583Z   [apply] simp only [pow_succ, Nat.cast_add, Nat.cast_one, mul_zero, zero_add, add_zero, one_mul, mul_one]
2026-09-15T23:11:39.9656017Z 
2026-09-15T23:11:39.9656452Z Note: This linter can be disabled with `set_option linter.unusedSimpArgs false`
2026-09-15T23:11:39.9657349Z warning: NLA/MF12/MatrixAlgebra.lean:214:6: This simp argument is unused:
2026-09-15T23:11:39.9657978Z   zero_add
2026-09-15T23:11:39.9658360Z 
2026-09-15T23:11:39.9658538Z Hint: Omit it from the simp argument list.
2026-09-15T23:11:39.9659329Z   [apply] simp only [pow_succ, Nat.cast_add, Nat.cast_one, zero_mul, mul_zero, add_zero, one_mul, mul_one]
2026-09-15T23:11:39.9659975Z 
2026-09-15T23:11:39.9660331Z Note: This linter can be disabled with `set_option linter.unusedSimpArgs false`
2026-09-15T23:11:39.9661212Z warning: NLA/MF12/MatrixAlgebra.lean:214:26: This simp argument is unused:
2026-09-15T23:11:39.9661845Z   one_mul
2026-09-15T23:11:39.9662012Z 
2026-09-15T23:11:39.9662190Z Hint: Omit it from the simp argument list.
2026-09-15T23:11:39.9662979Z   [apply] simp only [pow_succ, Nat.cast_add, Nat.cast_one, zero_mul, mul_zero, zero_add, add_zero, mul_one]
2026-09-15T23:11:39.9663613Z 
2026-09-15T23:11:39.9663968Z Note: This linter can be disabled with `set_option linter.unusedSimpArgs false`
2026-09-15T23:11:39.9664802Z warning: NLA/MF12/MatrixAlgebra.lean:216:15: This simp argument is unused:
2026-09-15T23:11:39.9665414Z   pow_succ
2026-09-15T23:11:39.9665594Z 
2026-09-15T23:11:39.9665757Z Hint: Omit it from the simp argument list.
2026-09-15T23:11:39.9666514Z   [apply] simp only [Nat.cast_add, Nat.cast_one, zero_mul, mul_zero, zero_add, add_zero, one_mul, mul_one]
2026-09-15T23:11:39.9667151Z 
2026-09-15T23:11:39.9667496Z Note: This linter can be disabled with `set_option linter.unusedSimpArgs false`
2026-09-15T23:11:39.9668763Z warning: NLA/MF12/MatrixAlgebra.lean:216:25: This simp argument is unused:
2026-09-15T23:11:39.9669404Z   Nat.cast_add
2026-09-15T23:11:39.9669592Z 
2026-09-15T23:11:39.9669768Z Hint: Omit it from the simp argument list.
2026-09-15T23:11:39.9670528Z   [apply] simp only [pow_succ, Nat.cast_one, zero_mul, mul_zero, zero_add, add_zero, one_mul, mul_one]
2026-09-15T23:11:39.9671141Z 
2026-09-15T23:11:39.9671476Z Note: This linter can be disabled with `set_option linter.unusedSimpArgs false`
2026-09-15T23:11:39.9672308Z warning: NLA/MF12/MatrixAlgebra.lean:216:39: This simp argument is unused:
2026-09-15T23:11:39.9672935Z   Nat.cast_one
2026-09-15T23:11:39.9673120Z 
2026-09-15T23:11:39.9673293Z Hint: Omit it from the simp argument list.
2026-09-15T23:11:39.9674025Z   [apply] simp only [pow_succ, Nat.cast_add, zero_mul, mul_zero, zero_add, add_zero, one_mul, mul_one]
2026-09-15T23:11:39.9674621Z 
2026-09-15T23:11:39.9674968Z Note: This linter can be disabled with `set_option linter.unusedSimpArgs false`
2026-09-15T23:11:39.9675799Z warning: NLA/MF12/MatrixAlgebra.lean:217:6: This simp argument is unused:
2026-09-15T23:11:39.9676408Z   zero_add
2026-09-15T23:11:39.9676582Z 
2026-09-15T23:11:39.9676746Z Hint: Omit it from the simp argument list.
2026-09-15T23:11:39.9677774Z   [apply] simp only [pow_succ, Nat.cast_add, Nat.cast_one, zero_mul, mul_zero, add_zero, one_mul, mul_one]
2026-09-15T23:11:39.9678560Z 
2026-09-15T23:11:39.9678918Z Note: This linter can be disabled with `set_option linter.unusedSimpArgs false`
2026-09-15T23:11:39.9679760Z warning: NLA/MF12/MatrixAlgebra.lean:217:26: This simp argument is unused:
2026-09-15T23:11:39.9680379Z   one_mul
2026-09-15T23:11:39.9680541Z 
2026-09-15T23:11:39.9680717Z Hint: Omit it from the simp argument list.
2026-09-15T23:11:39.9681488Z   [apply] simp only [pow_succ, Nat.cast_add, Nat.cast_one, zero_mul, mul_zero, zero_add, add_zero, mul_one]
2026-09-15T23:11:39.9682127Z 
2026-09-15T23:11:39.9682462Z Note: This linter can be disabled with `set_option linter.unusedSimpArgs false`
2026-09-15T23:11:39.9683482Z warning: NLA/MF12/MatrixAlgebra.lean:217:35: This simp argument is unused:
2026-09-15T23:11:39.9684095Z   mul_one
2026-09-15T23:11:39.9684280Z 
2026-09-15T23:11:39.9684461Z Hint: Omit it from the simp argument list.
2026-09-15T23:11:39.9685234Z   [apply] simp only [pow_succ, Nat.cast_add, Nat.cast_one, zero_mul, mul_zero, zero_add, add_zero, one_mul]
2026-09-15T23:11:39.9685866Z 
2026-09-15T23:11:39.9686215Z Note: This linter can be disabled with `set_option linter.unusedSimpArgs false`
2026-09-15T23:11:39.9687044Z warning: NLA/MF12/MatrixAlgebra.lean:219:15: This simp argument is unused:
2026-09-15T23:11:39.9687657Z   pow_succ
2026-09-15T23:11:39.9687829Z 
2026-09-15T23:11:39.9687992Z Hint: Omit it from the simp argument list.
2026-09-15T23:11:39.9688887Z   [apply] simp only [Nat.cast_add, Nat.cast_one, zero_mul, mul_zero, zero_add, add_zero, one_mul, mul_one]
2026-09-15T23:11:39.9689524Z 
2026-09-15T23:11:39.9689869Z Note: This linter can be disabled with `set_option linter.unusedSimpArgs false`
2026-09-15T23:11:39.9690696Z warning: NLA/MF12/MatrixAlgebra.lean:219:25: This simp argument is unused:
2026-09-15T23:11:39.9691315Z   Nat.cast_add
2026-09-15T23:11:39.9691499Z 
2026-09-15T23:11:39.9691670Z Hint: Omit it from the simp argument list.
2026-09-15T23:11:39.9692408Z   [apply] simp only [pow_succ, Nat.cast_one, zero_mul, mul_zero, zero_add, add_zero, one_mul, mul_one]
2026-09-15T23:11:39.9693016Z 
2026-09-15T23:11:39.9693349Z Note: This linter can be disabled with `set_option linter.unusedSimpArgs false`
2026-09-15T23:11:39.9694168Z warning: NLA/MF12/MatrixAlgebra.lean:219:39: This simp argument is unused:
2026-09-15T23:11:39.9694785Z   Nat.cast_one
2026-09-15T23:11:39.9694973Z 
2026-09-15T23:11:39.9695146Z Hint: Omit it from the simp argument list.
2026-09-15T23:11:39.9695870Z   [apply] simp only [pow_succ, Nat.cast_add, zero_mul, mul_zero, zero_add, add_zero, one_mul, mul_one]
2026-09-15T23:11:39.9696460Z 
2026-09-15T23:11:39.9696805Z Note: This linter can be disabled with `set_option linter.unusedSimpArgs false`
2026-09-15T23:11:39.9697631Z warning: NLA/MF12/MatrixAlgebra.lean:220:6: This simp argument is unused:
2026-09-15T23:11:39.9777315Z   zero_add
2026-09-15T23:11:39.9777528Z 
2026-09-15T23:11:39.9777704Z Hint: Omit it from the simp argument list.
2026-09-15T23:11:39.9778782Z   [apply] simp only [pow_succ, Nat.cast_add, Nat.cast_one, zero_mul, mul_zero, add_zero, one_mul, mul_one]
2026-09-15T23:11:39.9779440Z 
2026-09-15T23:11:39.9779822Z Note: This linter can be disabled with `set_option linter.unusedSimpArgs false`
2026-09-15T23:11:39.9780697Z warning: NLA/MF12/MatrixAlgebra.lean:220:26: This simp argument is unused:
2026-09-15T23:11:39.9781322Z   one_mul
2026-09-15T23:11:39.9781494Z 
2026-09-15T23:11:39.9781673Z Hint: Omit it from the simp argument list.
2026-09-15T23:11:39.9782464Z   [apply] simp only [pow_succ, Nat.cast_add, Nat.cast_one, zero_mul, mul_zero, zero_add, add_zero, mul_one]
2026-09-15T23:11:39.9783121Z 
2026-09-15T23:11:39.9783473Z Note: This linter can be disabled with `set_option linter.unusedSimpArgs false`
2026-09-15T23:11:39.9784312Z warning: NLA/MF12/MatrixAlgebra.lean:220:35: This simp argument is unused:
2026-09-15T23:11:39.9784922Z   mul_one
2026-09-15T23:11:39.9785094Z 
2026-09-15T23:11:39.9785571Z Hint: Omit it from the simp argument list.
2026-09-15T23:11:39.9786348Z   [apply] simp only [pow_succ, Nat.cast_add, Nat.cast_one, zero_mul, mul_zero, zero_add, add_zero, one_mul]
2026-09-15T23:11:39.9786971Z 
2026-09-15T23:11:39.9787318Z Note: This linter can be disabled with `set_option linter.unusedSimpArgs false`
2026-09-15T23:11:39.9788293Z warning: NLA/MF12/MatrixAlgebra.lean:222:25: This simp argument is unused:
2026-09-15T23:11:39.9788905Z   Nat.cast_add
2026-09-15T23:11:39.9789100Z 
2026-09-15T23:11:39.9789268Z Hint: Omit it from the simp argument list.
2026-09-15T23:11:39.9790015Z   [apply] simp only [pow_succ, Nat.cast_one, zero_mul, mul_zero, zero_add, add_zero, one_mul, mul_one]
2026-09-15T23:11:39.9790827Z 
2026-09-15T23:11:39.9791175Z Note: This linter can be disabled with `set_option linter.unusedSimpArgs false`
2026-09-15T23:11:39.9791993Z warning: NLA/MF12/MatrixAlgebra.lean:222:39: This simp argument is unused:
2026-09-15T23:11:39.9792607Z   Nat.cast_one
2026-09-15T23:11:39.9792788Z 
2026-09-15T23:11:39.9792973Z Hint: Omit it from the simp argument list.
2026-09-15T23:11:39.9793747Z   [apply] simp only [pow_succ, Nat.cast_add, zero_mul, mul_zero, zero_add, add_zero, one_mul, mul_one]
2026-09-15T23:11:39.9794350Z 
2026-09-15T23:11:39.9794681Z Note: This linter can be disabled with `set_option linter.unusedSimpArgs false`
2026-09-15T23:11:39.9795497Z warning: NLA/MF12/MatrixAlgebra.lean:222:53: This simp argument is unused:
2026-09-15T23:11:39.9796103Z   zero_mul
2026-09-15T23:11:39.9796276Z 
2026-09-15T23:11:39.9796448Z Hint: Omit it from the simp argument list.
2026-09-15T23:11:39.9797197Z   [apply] simp only [pow_succ, Nat.cast_add, Nat.cast_one, mul_zero, zero_add, add_zero, one_mul, mul_one]
2026-09-15T23:11:39.9797820Z 
2026-09-15T23:11:39.9839131Z Note: This linter can be disabled with `set_option linter.unusedSimpArgs false`
2026-09-15T23:11:39.9840174Z warning: NLA/MF12/MatrixAlgebra.lean:223:26: This simp argument is unused:
2026-09-15T23:11:39.9840819Z   one_mul
2026-09-15T23:11:39.9841002Z 
2026-09-15T23:11:39.9841192Z Hint: Omit it from the simp argument list.
2026-09-15T23:11:39.9841995Z   [apply] simp only [pow_succ, Nat.cast_add, Nat.cast_one, zero_mul, mul_zero, zero_add, add_zero, mul_one]
2026-09-15T23:11:39.9842650Z 
2026-09-15T23:11:39.9843023Z Note: This linter can be disabled with `set_option linter.unusedSimpArgs false`
2026-09-15T23:11:39.9843885Z warning: NLA/MF12/MatrixAlgebra.lean:223:35: This simp argument is unused:
2026-09-15T23:11:39.9844501Z   mul_one
2026-09-15T23:11:39.9844665Z 
2026-09-15T23:11:39.9845032Z Hint: Omit it from the simp argument list.
2026-09-15T23:11:39.9845800Z   [apply] simp only [pow_succ, Nat.cast_add, Nat.cast_one, zero_mul, mul_zero, zero_add, add_zero, one_mul]
2026-09-15T23:11:39.9846451Z 
2026-09-15T23:11:39.9846789Z Note: This linter can be disabled with `set_option linter.unusedSimpArgs false`
2026-09-15T23:11:39.9847619Z warning: NLA/MF12/MatrixAlgebra.lean:225:53: This simp argument is unused:
2026-09-15T23:11:39.9848368Z   zero_mul
2026-09-15T23:11:39.9848543Z 
2026-09-15T23:11:39.9848720Z Hint: Omit it from the simp argument list.
2026-09-15T23:11:39.9849478Z   [apply] simp only [pow_succ, Nat.cast_add, Nat.cast_one, mul_zero, zero_add, add_zero, one_mul, mul_one]
2026-09-15T23:11:39.9850106Z 
2026-09-15T23:11:39.9850457Z Note: This linter can be disabled with `set_option linter.unusedSimpArgs false`
2026-09-15T23:11:39.9851283Z warning: NLA/MF12/MatrixAlgebra.lean:226:26: This simp argument is unused:
2026-09-15T23:11:39.9851885Z   one_mul
2026-09-15T23:11:39.9852049Z 
2026-09-15T23:11:39.9852210Z Hint: Omit it from the simp argument list.
2026-09-15T23:11:39.9852961Z   [apply] simp only [pow_succ, Nat.cast_add, Nat.cast_one, zero_mul, mul_zero, zero_add, add_zero, mul_one]
2026-09-15T23:11:39.9853608Z 
2026-09-15T23:11:39.9853961Z Note: This linter can be disabled with `set_option linter.unusedSimpArgs false`
2026-09-15T23:11:39.9854780Z warning: NLA/MF12/MatrixAlgebra.lean:226:35: This simp argument is unused:
2026-09-15T23:11:39.9855382Z   mul_one
2026-09-15T23:11:39.9855810Z 
2026-09-15T23:11:39.9855986Z Hint: Omit it from the simp argument list.
2026-09-15T23:11:39.9856738Z   [apply] simp only [pow_succ, Nat.cast_add, Nat.cast_one, zero_mul, mul_zero, zero_add, add_zero, one_mul]
2026-09-15T23:11:39.9857366Z 
2026-09-15T23:11:39.9857698Z Note: This linter can be disabled with `set_option linter.unusedSimpArgs false`
2026-09-15T23:11:39.9858654Z warning: NLA/MF12/MatrixAlgebra.lean:228:15: This simp argument is unused:
2026-09-15T23:11:39.9859274Z   pow_succ
2026-09-15T23:11:39.9859450Z 
2026-09-15T23:11:39.9859624Z Hint: Omit it from the simp argument list.
2026-09-15T23:11:39.9860372Z   [apply] simp only [Nat.cast_add, Nat.cast_one, zero_mul, mul_zero, zero_add, add_zero, one_mul, mul_one]
2026-09-15T23:11:39.9861162Z 
2026-09-15T23:11:39.9861507Z Note: This linter can be disabled with `set_option linter.unusedSimpArgs false`
2026-09-15T23:11:39.9862324Z warning: NLA/MF12/MatrixAlgebra.lean:228:25: This simp argument is unused:
2026-09-15T23:11:39.9862939Z   Nat.cast_add
2026-09-15T23:11:39.9863134Z 
2026-09-15T23:11:39.9863297Z Hint: Omit it from the simp argument list.
2026-09-15T23:11:39.9864041Z   [apply] simp only [pow_succ, Nat.cast_one, zero_mul, mul_zero, zero_add, add_zero, one_mul, mul_one]
2026-09-15T23:11:39.9864655Z 
2026-09-15T23:11:39.9865004Z Note: This linter can be disabled with `set_option linter.unusedSimpArgs false`
2026-09-15T23:11:39.9865841Z warning: NLA/MF12/MatrixAlgebra.lean:228:39: This simp argument is unused:
2026-09-15T23:11:39.9866462Z   Nat.cast_one
2026-09-15T23:11:39.9866649Z 
2026-09-15T23:11:39.9866831Z Hint: Omit it from the simp argument list.
2026-09-15T23:11:39.9867575Z   [apply] simp only [pow_succ, Nat.cast_add, zero_mul, mul_zero, zero_add, add_zero, one_mul, mul_one]
2026-09-15T23:11:39.9968650Z 
2026-09-15T23:11:39.9969116Z Note: This linter can be disabled with `set_option linter.unusedSimpArgs false`
2026-09-15T23:11:39.9969965Z warning: NLA/MF12/MatrixAlgebra.lean:228:53: This simp argument is unused:
2026-09-15T23:11:39.9970618Z   zero_mul
2026-09-15T23:11:39.9970801Z 
2026-09-15T23:11:39.9970975Z Hint: Omit it from the simp argument list.
2026-09-15T23:11:39.9971866Z   [apply] simp only [pow_succ, Nat.cast_add, Nat.cast_one, mul_zero, zero_add, add_zero, one_mul, mul_one]
2026-09-15T23:11:39.9972481Z 
2026-09-15T23:11:39.9972827Z Note: This linter can be disabled with `set_option linter.unusedSimpArgs false`
2026-09-15T23:11:39.9973630Z warning: NLA/MF12/MatrixAlgebra.lean:229:6: This simp argument is unused:
2026-09-15T23:11:39.9974225Z   zero_add
2026-09-15T23:11:39.9974397Z 
2026-09-15T23:11:39.9974555Z Hint: Omit it from the simp argument list.
2026-09-15T23:11:39.9975282Z   [apply] simp only [pow_succ, Nat.cast_add, Nat.cast_one, zero_mul, mul_zero, add_zero, one_mul, mul_one]
2026-09-15T23:11:39.9975892Z 
2026-09-15T23:11:39.9976248Z Note: This linter can be disabled with `set_option linter.unusedSimpArgs false`
2026-09-15T23:11:39.9977041Z warning: NLA/MF12/MatrixAlgebra.lean:229:26: This simp argument is unused:
2026-09-15T23:11:39.9977629Z   one_mul
2026-09-15T23:11:39.9977795Z 
2026-09-15T23:11:39.9977952Z Hint: Omit it from the simp argument list.
2026-09-15T23:11:39.9978822Z   [apply] simp only [pow_succ, Nat.cast_add, Nat.cast_one, zero_mul, mul_zero, zero_add, add_zero, mul_one]
2026-09-15T23:11:39.9979426Z 
2026-09-15T23:11:39.9979750Z Note: This linter can be disabled with `set_option linter.unusedSimpArgs false`
2026-09-15T23:11:39.9980554Z warning: NLA/MF12/MatrixAlgebra.lean:231:15: This simp argument is unused:
2026-09-15T23:11:39.9981133Z   pow_succ
2026-09-15T23:11:39.9981289Z 
2026-09-15T23:11:39.9981459Z Hint: Omit it from the simp argument list.
2026-09-15T23:11:39.9982186Z   [apply] simp only [Nat.cast_add, Nat.cast_one, zero_mul, mul_zero, zero_add, add_zero, one_mul, mul_one]
2026-09-15T23:11:39.9982771Z 
2026-09-15T23:11:39.9983089Z Note: This linter can be disabled with `set_option linter.unusedSimpArgs false`
2026-09-15T23:11:39.9984147Z warning: NLA/MF12/MatrixAlgebra.lean:231:25: This simp argument is unused:
2026-09-15T23:11:39.9984719Z   Nat.cast_add
2026-09-15T23:11:39.9984900Z 
2026-09-15T23:11:39.9985060Z Hint: Omit it from the simp argument list.
2026-09-15T23:11:39.9985771Z   [apply] simp only [pow_succ, Nat.cast_one, zero_mul, mul_zero, zero_add, add_zero, one_mul, mul_one]
2026-09-15T23:11:39.9986334Z 
2026-09-15T23:11:39.9986665Z Note: This linter can be disabled with `set_option linter.unusedSimpArgs false`
2026-09-15T23:11:39.9987450Z warning: NLA/MF12/MatrixAlgebra.lean:231:39: This simp argument is unused:
2026-09-15T23:11:39.9988032Z   Nat.cast_one
2026-09-15T23:11:39.9988361Z 
2026-09-15T23:11:39.9988518Z Hint: Omit it from the simp argument list.
2026-09-15T23:11:39.9994797Z   [apply] simp only [pow_succ, Nat.cast_add, zero_mul, mul_zero, zero_add, add_zero, one_mul, mul_one]
2026-09-15T23:11:39.9995409Z 
2026-09-15T23:11:39.9995752Z Note: This linter can be disabled with `set_option linter.unusedSimpArgs false`
2026-09-15T23:11:39.9996593Z warning: NLA/MF12/MatrixAlgebra.lean:231:53: This simp argument is unused:
2026-09-15T23:11:39.9997174Z   zero_mul
2026-09-15T23:11:39.9997341Z 
2026-09-15T23:11:39.9997507Z Hint: Omit it from the simp argument list.
2026-09-15T23:11:40.0018635Z   [apply] simp only [pow_succ, Nat.cast_add, Nat.cast_one, mul_zero, zero_add, add_zero, one_mul, mul_one]
2026-09-15T23:11:40.0019298Z 
2026-09-15T23:11:40.0019651Z Note: This linter can be disabled with `set_option linter.unusedSimpArgs false`
2026-09-15T23:11:40.0020470Z warning: NLA/MF12/MatrixAlgebra.lean:232:6: This simp argument is unused:
2026-09-15T23:11:40.0021050Z   zero_add
2026-09-15T23:11:40.0021216Z 
2026-09-15T23:11:40.0021369Z Hint: Omit it from the simp argument list.
2026-09-15T23:11:40.0022136Z   [apply] simp only [pow_succ, Nat.cast_add, Nat.cast_one, zero_mul, mul_zero, add_zero, one_mul, mul_one]
2026-09-15T23:11:40.0022723Z 
2026-09-15T23:11:40.0023065Z Note: This linter can be disabled with `set_option linter.unusedSimpArgs false`
2026-09-15T23:11:40.0023856Z warning: NLA/MF12/MatrixAlgebra.lean:232:26: This simp argument is unused:
2026-09-15T23:11:40.0024437Z   one_mul
2026-09-15T23:11:40.0024599Z 
2026-09-15T23:11:40.0024760Z Hint: Omit it from the simp argument list.
2026-09-15T23:11:40.0025473Z   [apply] simp only [pow_succ, Nat.cast_add, Nat.cast_one, zero_mul, mul_zero, zero_add, add_zero, mul_one]
2026-09-15T23:11:40.0026059Z 
2026-09-15T23:11:40.0026382Z Note: This linter can be disabled with `set_option linter.unusedSimpArgs false`
2026-09-15T23:11:40.0027163Z warning: NLA/MF12/MatrixAlgebra.lean:234:15: This simp argument is unused:
2026-09-15T23:11:40.0027724Z   pow_succ
2026-09-15T23:11:40.0027877Z 
2026-09-15T23:11:40.0028044Z Hint: Omit it from the simp argument list.
2026-09-15T23:11:40.0028911Z   [apply] simp only [Nat.cast_add, Nat.cast_one, zero_mul, mul_zero, zero_add, add_zero, one_mul, mul_one]
2026-09-15T23:11:40.0029583Z 
2026-09-15T23:11:40.0029921Z Note: This linter can be disabled with `set_option linter.unusedSimpArgs false`
2026-09-15T23:11:40.0030719Z warning: NLA/MF12/MatrixAlgebra.lean:234:25: This simp argument is unused:
2026-09-15T23:11:40.0031300Z   Nat.cast_add
2026-09-15T23:11:40.0031484Z 
2026-09-15T23:11:40.0031648Z Hint: Omit it from the simp argument list.
2026-09-15T23:11:40.0032358Z   [apply] simp only [pow_succ, Nat.cast_one, zero_mul, mul_zero, zero_add, add_zero, one_mul, mul_one]
2026-09-15T23:11:40.0032949Z 
2026-09-15T23:11:40.0033287Z Note: This linter can be disabled with `set_option linter.unusedSimpArgs false`
2026-09-15T23:11:40.0034071Z warning: NLA/MF12/MatrixAlgebra.lean:234:39: This simp argument is unused:
2026-09-15T23:11:40.0034649Z   Nat.cast_one
2026-09-15T23:11:40.0034827Z 
2026-09-15T23:11:40.0034996Z Hint: Omit it from the simp argument list.
2026-09-15T23:11:40.0035684Z   [apply] simp only [pow_succ, Nat.cast_add, zero_mul, mul_zero, zero_add, add_zero, one_mul, mul_one]
2026-09-15T23:11:40.0036247Z 
2026-09-15T23:11:40.0036563Z Note: This linter can be disabled with `set_option linter.unusedSimpArgs false`
2026-09-15T23:11:40.0037643Z warning: NLA/MF12/MatrixAlgebra.lean:235:6: This simp argument is unused:
2026-09-15T23:11:40.0080015Z   zero_add
2026-09-15T23:11:40.0080178Z 
2026-09-15T23:11:40.0080340Z Hint: Omit it from the simp argument list.
2026-09-15T23:11:40.0081012Z   [apply] simp only [pow_succ, Nat.cast_add, Nat.cast_one, zero_mul, mul_zero, add_zero, one_mul, mul_one]
2026-09-15T23:11:40.0081537Z 
2026-09-15T23:11:40.0081844Z Note: This linter can be disabled with `set_option linter.unusedSimpArgs false`
2026-09-15T23:11:40.0082560Z warning: NLA/MF12/MatrixAlgebra.lean:235:26: This simp argument is unused:
2026-09-15T23:11:40.0083075Z   one_mul
2026-09-15T23:11:40.0083227Z 
2026-09-15T23:11:40.0083715Z Hint: Omit it from the simp argument list.
2026-09-15T23:11:40.0084428Z   [apply] simp only [pow_succ, Nat.cast_add, Nat.cast_one, zero_mul, mul_zero, zero_add, add_zero, mul_one]
2026-09-15T23:11:40.0084959Z 
2026-09-15T23:11:40.0085279Z Note: This linter can be disabled with `set_option linter.unusedSimpArgs false`
2026-09-15T23:11:40.0086020Z warning: NLA/MF12/MatrixAlgebra.lean:235:35: This simp argument is unused:
2026-09-15T23:11:40.0086562Z   mul_one
2026-09-15T23:11:40.0086711Z 
2026-09-15T23:11:40.0086864Z Hint: Omit it from the simp argument list.
2026-09-15T23:11:40.0087514Z   [apply] simp only [pow_succ, Nat.cast_add, Nat.cast_one, zero_mul, mul_zero, zero_add, add_zero, one_mul]
2026-09-15T23:11:40.0088069Z 
2026-09-15T23:11:40.0128834Z Note: This linter can be disabled with `set_option linter.unusedSimpArgs false`
2026-09-15T23:11:40.0129766Z warning: NLA/MF12/MatrixAlgebra.lean:237:15: This simp argument is unused:
2026-09-15T23:11:40.0130386Z   pow_succ
2026-09-15T23:11:40.0130579Z 
2026-09-15T23:11:40.0130750Z Hint: Omit it from the simp argument list.
2026-09-15T23:11:40.0131498Z   [apply] simp only [Nat.cast_add, Nat.cast_one, zero_mul, mul_zero, zero_add, add_zero, one_mul, mul_one]
2026-09-15T23:11:40.0132084Z 
2026-09-15T23:11:40.0132449Z Note: This linter can be disabled with `set_option linter.unusedSimpArgs false`
2026-09-15T23:11:40.0133253Z warning: NLA/MF12/MatrixAlgebra.lean:237:25: This simp argument is unused:
2026-09-15T23:11:40.0133835Z   Nat.cast_add
2026-09-15T23:11:40.0134025Z 
2026-09-15T23:11:40.0134188Z Hint: Omit it from the simp argument list.
2026-09-15T23:11:40.0134892Z   [apply] simp only [pow_succ, Nat.cast_one, zero_mul, mul_zero, zero_add, add_zero, one_mul, mul_one]
2026-09-15T23:11:40.0135473Z 
2026-09-15T23:11:40.0135819Z Note: This linter can be disabled with `set_option linter.unusedSimpArgs false`
2026-09-15T23:11:40.0136606Z warning: NLA/MF12/MatrixAlgebra.lean:237:39: This simp argument is unused:
2026-09-15T23:11:40.0137195Z   Nat.cast_one
2026-09-15T23:11:40.0137379Z 
2026-09-15T23:11:40.0137544Z Hint: Omit it from the simp argument list.
2026-09-15T23:11:40.0168444Z   [apply] simp only [pow_succ, Nat.cast_add, zero_mul, mul_zero, zero_add, add_zero, one_mul, mul_one]
2026-09-15T23:11:40.0169145Z 
2026-09-15T23:11:40.0169530Z Note: This linter can be disabled with `set_option linter.unusedSimpArgs false`
2026-09-15T23:11:40.0170362Z warning: NLA/MF12/MatrixAlgebra.lean:238:6: This simp argument is unused:
2026-09-15T23:11:40.0171122Z   zero_add
2026-09-15T23:11:40.0171289Z 
2026-09-15T23:11:40.0171464Z Hint: Omit it from the simp argument list.
2026-09-15T23:11:40.0173582Z   [apply] simp only [pow_succ, Nat.cast_add, Nat.cast_one, zero_mul, mul_zero, add_zero, one_mul, mul_one]
2026-09-15T23:11:40.0176030Z 
2026-09-15T23:11:40.0176410Z Note: This linter can be disabled with `set_option linter.unusedSimpArgs false`
2026-09-15T23:11:40.0180254Z warning: NLA/MF12/MatrixAlgebra.lean:238:26: This simp argument is unused:
2026-09-15T23:11:40.0182298Z   one_mul
2026-09-15T23:11:40.0182481Z 
2026-09-15T23:11:40.0182649Z Hint: Omit it from the simp argument list.
2026-09-15T23:11:40.0186149Z   [apply] simp only [pow_succ, Nat.cast_add, Nat.cast_one, zero_mul, mul_zero, zero_add, add_zero, mul_one]
2026-09-15T23:11:40.0189688Z 
2026-09-15T23:11:40.0190422Z Note: This linter can be disabled with `set_option linter.unusedSimpArgs false`
2026-09-15T23:11:40.0193148Z warning: NLA/MF12/MatrixAlgebra.lean:238:35: This simp argument is unused:
2026-09-15T23:11:40.0193745Z   mul_one
2026-09-15T23:11:40.0193906Z 
2026-09-15T23:11:40.0197750Z Hint: Omit it from the simp argument list.
2026-09-15T23:11:40.0229202Z   [apply] simp only [pow_succ, Nat.cast_add, Nat.cast_one, zero_mul, mul_zero, zero_add, add_zero, one_mul]
2026-09-15T23:11:40.0229859Z 
2026-09-15T23:11:40.0230214Z Note: This linter can be disabled with `set_option linter.unusedSimpArgs false`
2026-09-15T23:11:40.0231041Z warning: NLA/MF12/MatrixAlgebra.lean:240:15: This simp argument is unused:
2026-09-15T23:11:40.0231979Z   pow_succ
2026-09-15T23:11:40.0232159Z 
2026-09-15T23:11:40.0232335Z Hint: Omit it from the simp argument list.
2026-09-15T23:11:40.0233111Z   [apply] simp only [Nat.cast_add, Nat.cast_one, zero_mul, mul_zero, zero_add, add_zero, one_mul, mul_one]
2026-09-15T23:11:40.0233715Z 
2026-09-15T23:11:40.0234091Z Note: This linter can be disabled with `set_option linter.unusedSimpArgs false`
2026-09-15T23:11:40.0234913Z warning: NLA/MF12/MatrixAlgebra.lean:240:25: This simp argument is unused:
2026-09-15T23:11:40.0235514Z   Nat.cast_add
2026-09-15T23:11:40.0235701Z 
2026-09-15T23:11:40.0235867Z Hint: Omit it from the simp argument list.
2026-09-15T23:11:40.0236587Z   [apply] simp only [pow_succ, Nat.cast_one, zero_mul, mul_zero, zero_add, add_zero, one_mul, mul_one]
2026-09-15T23:11:40.0237168Z 
2026-09-15T23:11:40.0237519Z Note: This linter can be disabled with `set_option linter.unusedSimpArgs false`
2026-09-15T23:11:40.0238596Z warning: NLA/MF12/MatrixAlgebra.lean:240:39: This simp argument is unused:
2026-09-15T23:11:40.0239216Z   Nat.cast_one
2026-09-15T23:11:40.0239394Z 
2026-09-15T23:11:40.0239570Z Hint: Omit it from the simp argument list.
2026-09-15T23:11:40.0240299Z   [apply] simp only [pow_succ, Nat.cast_add, zero_mul, mul_zero, zero_add, add_zero, one_mul, mul_one]
2026-09-15T23:11:40.0240877Z 
2026-09-15T23:11:40.0241232Z Note: This linter can be disabled with `set_option linter.unusedSimpArgs false`
2026-09-15T23:11:40.0242018Z warning: NLA/MF12/MatrixAlgebra.lean:241:6: This simp argument is unused:
2026-09-15T23:11:40.0242618Z   zero_add
2026-09-15T23:11:40.0242788Z 
2026-09-15T23:11:40.0242963Z Hint: Omit it from the simp argument list.
2026-09-15T23:11:40.0243677Z   [apply] simp only [pow_succ, Nat.cast_add, Nat.cast_one, zero_mul, mul_zero, add_zero, one_mul, mul_one]
2026-09-15T23:11:40.0244272Z 
2026-09-15T23:11:40.0244624Z Note: This linter can be disabled with `set_option linter.unusedSimpArgs false`
2026-09-15T23:11:40.0245397Z warning: NLA/MF12/MatrixAlgebra.lean:241:26: This simp argument is unused:
2026-09-15T23:11:40.0245997Z   one_mul
2026-09-15T23:11:40.0246174Z 
2026-09-15T23:11:40.0246351Z Hint: Omit it from the simp argument list.
2026-09-15T23:11:40.0247121Z   [apply] simp only [pow_succ, Nat.cast_add, Nat.cast_one, zero_mul, mul_zero, zero_add, add_zero, mul_one]
2026-09-15T23:11:40.0247713Z 
2026-09-15T23:11:40.0248305Z Note: This linter can be disabled with `set_option linter.unusedSimpArgs false`
2026-09-15T23:11:40.0249125Z warning: NLA/MF12/MatrixAlgebra.lean:241:35: This simp argument is unused:
2026-09-15T23:11:40.0249732Z   mul_one
2026-09-15T23:11:40.0249897Z 
2026-09-15T23:11:40.0250076Z Hint: Omit it from the simp argument list.
2026-09-15T23:11:40.0250826Z   [apply] simp only [pow_succ, Nat.cast_add, Nat.cast_one, zero_mul, mul_zero, zero_add, add_zero, one_mul]
2026-09-15T23:11:40.0251437Z 
2026-09-15T23:11:40.0251784Z Note: This linter can be disabled with `set_option linter.unusedSimpArgs false`
2026-09-15T23:11:40.0252601Z warning: NLA/MF12/MatrixAlgebra.lean:243:25: This simp argument is unused:
2026-09-15T23:11:40.0253223Z   Nat.cast_add
2026-09-15T23:11:40.0253421Z 
2026-09-15T23:11:40.0253604Z Hint: Omit it from the simp argument list.
2026-09-15T23:11:40.0254337Z   [apply] simp only [pow_succ, Nat.cast_one, zero_mul, mul_zero, zero_add, add_zero, one_mul, mul_one]
2026-09-15T23:11:40.0255235Z 
2026-09-15T23:11:40.0255609Z Note: This linter can be disabled with `set_option linter.unusedSimpArgs false`
2026-09-15T23:11:40.0256416Z warning: NLA/MF12/MatrixAlgebra.lean:243:39: This simp argument is unused:
2026-09-15T23:11:40.0257018Z   Nat.cast_one
2026-09-15T23:11:40.0257206Z 
2026-09-15T23:11:40.0257361Z Hint: Omit it from the simp argument list.
2026-09-15T23:11:40.0258007Z   [apply] simp only [pow_succ, Nat.cast_add, zero_mul, mul_zero, zero_add, add_zero, one_mul, mul_one]
2026-09-15T23:11:40.0278961Z 
2026-09-15T23:11:40.0279356Z Note: This linter can be disabled with `set_option linter.unusedSimpArgs false`
2026-09-15T23:11:40.0280206Z warning: NLA/MF12/MatrixAlgebra.lean:244:26: This simp argument is unused:
2026-09-15T23:11:40.0281146Z   one_mul
2026-09-15T23:11:40.0281323Z 
2026-09-15T23:11:40.0281501Z Hint: Omit it from the simp argument list.
2026-09-15T23:11:40.0282282Z   [apply] simp only [pow_succ, Nat.cast_add, Nat.cast_one, zero_mul, mul_zero, zero_add, add_zero, mul_one]
2026-09-15T23:11:40.0282921Z 
2026-09-15T23:11:40.0283272Z Note: This linter can be disabled with `set_option linter.unusedSimpArgs false`
2026-09-15T23:11:40.0284094Z warning: NLA/MF12/MatrixAlgebra.lean:244:35: This simp argument is unused:
2026-09-15T23:11:40.0284697Z   mul_one
2026-09-15T23:11:40.0284871Z 
2026-09-15T23:11:40.0285039Z Hint: Omit it from the simp argument list.
2026-09-15T23:11:40.0285770Z   [apply] simp only [pow_succ, Nat.cast_add, Nat.cast_one, zero_mul, mul_zero, zero_add, add_zero, one_mul]
2026-09-15T23:11:40.0286381Z 
2026-09-15T23:11:40.0286736Z Note: This linter can be disabled with `set_option linter.unusedSimpArgs false`
2026-09-15T23:11:40.0287568Z warning: NLA/MF12/MatrixAlgebra.lean:246:15: This simp argument is unused:
2026-09-15T23:11:40.0288419Z   pow_succ
2026-09-15T23:11:40.0288605Z 
2026-09-15T23:11:40.0288771Z Hint: Omit it from the simp argument list.
2026-09-15T23:11:40.0289534Z   [apply] simp only [Nat.cast_add, Nat.cast_one, zero_mul, mul_zero, zero_add, add_zero, one_mul, mul_one]
2026-09-15T23:11:40.0290141Z 
2026-09-15T23:11:40.0290484Z Note: This linter can be disabled with `set_option linter.unusedSimpArgs false`
2026-09-15T23:11:40.0291303Z warning: NLA/MF12/MatrixAlgebra.lean:246:25: This simp argument is unused:
2026-09-15T23:11:40.0291901Z   Nat.cast_add
2026-09-15T23:11:40.0292083Z 
2026-09-15T23:11:40.0292256Z Hint: Omit it from the simp argument list.
2026-09-15T23:11:40.0292968Z   [apply] simp only [pow_succ, Nat.cast_one, zero_mul, mul_zero, zero_add, add_zero, one_mul, mul_one]
2026-09-15T23:11:40.0293533Z 
2026-09-15T23:11:40.0293861Z Note: This linter can be disabled with `set_option linter.unusedSimpArgs false`
2026-09-15T23:11:40.0294683Z warning: NLA/MF12/MatrixAlgebra.lean:246:39: This simp argument is unused:
2026-09-15T23:11:40.0295274Z   Nat.cast_one
2026-09-15T23:11:40.0295466Z 
2026-09-15T23:11:40.0295642Z Hint: Omit it from the simp argument list.
2026-09-15T23:11:40.0296365Z   [apply] simp only [pow_succ, Nat.cast_add, zero_mul, mul_zero, zero_add, add_zero, one_mul, mul_one]
2026-09-15T23:11:40.0296931Z 
2026-09-15T23:11:40.0297273Z Note: This linter can be disabled with `set_option linter.unusedSimpArgs false`
2026-09-15T23:11:40.0298076Z warning: NLA/MF12/MatrixAlgebra.lean:246:53: This simp argument is unused:
2026-09-15T23:11:40.0298867Z   zero_mul
2026-09-15T23:11:40.0299067Z 
2026-09-15T23:11:40.0299228Z Hint: Omit it from the simp argument list.
2026-09-15T23:11:40.0299955Z   [apply] simp only [pow_succ, Nat.cast_add, Nat.cast_one, mul_zero, zero_add, add_zero, one_mul, mul_one]
2026-09-15T23:11:40.0300557Z 
2026-09-15T23:11:40.0300896Z Note: This linter can be disabled with `set_option linter.unusedSimpArgs false`
2026-09-15T23:11:40.0301717Z warning: NLA/MF12/MatrixAlgebra.lean:247:6: This simp argument is unused:
2026-09-15T23:11:40.0302327Z   zero_add
2026-09-15T23:11:40.0302493Z 
2026-09-15T23:11:40.0302664Z Hint: Omit it from the simp argument list.
2026-09-15T23:11:40.0303700Z   [apply] simp only [pow_succ, Nat.cast_add, Nat.cast_one, zero_mul, mul_zero, add_zero, one_mul, mul_one]
2026-09-15T23:11:40.0304281Z 
2026-09-15T23:11:40.0304588Z Note: This linter can be disabled with `set_option linter.unusedSimpArgs false`
2026-09-15T23:11:40.0305328Z warning: NLA/MF12/MatrixAlgebra.lean:247:26: This simp argument is unused:
2026-09-15T23:11:40.0305878Z   one_mul
2026-09-15T23:11:40.0306039Z 
2026-09-15T23:11:40.0306203Z Hint: Omit it from the simp argument list.
2026-09-15T23:11:40.0306897Z   [apply] simp only [pow_succ, Nat.cast_add, Nat.cast_one, zero_mul, mul_zero, zero_add, add_zero, mul_one]
2026-09-15T23:11:40.0307503Z 
2026-09-15T23:11:40.0307839Z Note: This linter can be disabled with `set_option linter.unusedSimpArgs false`
2026-09-15T23:11:40.0339240Z warning: NLA/MF12/MatrixAlgebra.lean:249:15: This simp argument is unused:
2026-09-15T23:11:40.0339870Z   pow_succ
2026-09-15T23:11:40.0340055Z 
2026-09-15T23:11:40.0340221Z Hint: Omit it from the simp argument list.
2026-09-15T23:11:40.0341093Z   [apply] simp only [Nat.cast_add, Nat.cast_one, zero_mul, mul_zero, zero_add, add_zero, one_mul, mul_one]
2026-09-15T23:11:40.0341816Z 
2026-09-15T23:11:40.0342207Z Note: This linter can be disabled with `set_option linter.unusedSimpArgs false`
2026-09-15T23:11:40.0343553Z warning: NLA/MF12/MatrixAlgebra.lean:249:25: This simp argument is unused:
2026-09-15T23:11:40.0344379Z   Nat.cast_add
2026-09-15T23:11:40.0344667Z 
2026-09-15T23:11:40.0344984Z Hint: Omit it from the simp argument list.
2026-09-15T23:11:40.0345878Z   [apply] simp only [pow_succ, Nat.cast_one, zero_mul, mul_zero, zero_add, add_zero, one_mul, mul_one]
2026-09-15T23:11:40.0363197Z 
2026-09-15T23:11:40.0363596Z Note: This linter can be disabled with `set_option linter.unusedSimpArgs false`
2026-09-15T23:11:40.0364478Z warning: NLA/MF12/MatrixAlgebra.lean:249:39: This simp argument is unused:
2026-09-15T23:11:40.0365076Z   Nat.cast_one
2026-09-15T23:11:40.0365263Z 
2026-09-15T23:11:40.0365443Z Hint: Omit it from the simp argument list.
2026-09-15T23:11:40.0366175Z   [apply] simp only [pow_succ, Nat.cast_add, zero_mul, mul_zero, zero_add, add_zero, one_mul, mul_one]
2026-09-15T23:11:40.0366764Z 
2026-09-15T23:11:40.0367105Z Note: This linter can be disabled with `set_option linter.unusedSimpArgs false`
2026-09-15T23:11:40.0367884Z warning: NLA/MF12/MatrixAlgebra.lean:249:53: This simp argument is unused:
2026-09-15T23:11:40.0368646Z   zero_mul
2026-09-15T23:11:40.0368819Z 
2026-09-15T23:11:40.0368978Z Hint: Omit it from the simp argument list.
2026-09-15T23:11:40.0369704Z   [apply] simp only [pow_succ, Nat.cast_add, Nat.cast_one, mul_zero, zero_add, add_zero, one_mul, mul_one]
2026-09-15T23:11:40.0370295Z 
2026-09-15T23:11:40.0370628Z Note: This linter can be disabled with `set_option linter.unusedSimpArgs false`
2026-09-15T23:11:40.0371435Z warning: NLA/MF12/MatrixAlgebra.lean:250:6: This simp argument is unused:
2026-09-15T23:11:40.0372019Z   zero_add
2026-09-15T23:11:40.0372196Z 
2026-09-15T23:11:40.0372360Z Hint: Omit it from the simp argument list.
2026-09-15T23:11:40.0373098Z   [apply] simp only [pow_succ, Nat.cast_add, Nat.cast_one, zero_mul, mul_zero, add_zero, one_mul, mul_one]
2026-09-15T23:11:40.0373677Z 
2026-09-15T23:11:40.0374007Z Note: This linter can be disabled with `set_option linter.unusedSimpArgs false`
2026-09-15T23:11:40.0374805Z warning: NLA/MF12/MatrixAlgebra.lean:250:26: This simp argument is unused:
2026-09-15T23:11:40.0375381Z   one_mul
2026-09-15T23:11:40.0375538Z 
2026-09-15T23:11:40.0375710Z Hint: Omit it from the simp argument list.
2026-09-15T23:11:40.0376429Z   [apply] simp only [pow_succ, Nat.cast_add, Nat.cast_one, zero_mul, mul_zero, zero_add, add_zero, mul_one]
2026-09-15T23:11:40.0377038Z 
2026-09-15T23:11:40.0377372Z Note: This linter can be disabled with `set_option linter.unusedSimpArgs false`
2026-09-15T23:11:40.0378390Z warning: NLA/MF12/MatrixAlgebra.lean:252:15: This simp argument is unused:
2026-09-15T23:11:40.0378997Z   pow_succ
2026-09-15T23:11:40.0379170Z 
2026-09-15T23:11:40.0379328Z Hint: Omit it from the simp argument list.
2026-09-15T23:11:40.0380353Z   [apply] simp only [Nat.cast_add, Nat.cast_one, zero_mul, mul_zero, zero_add, add_zero, one_mul, mul_one]
2026-09-15T23:11:40.0380924Z 
2026-09-15T23:11:40.0381269Z Note: This linter can be disabled with `set_option linter.unusedSimpArgs false`
2026-09-15T23:11:40.0382061Z warning: NLA/MF12/MatrixAlgebra.lean:252:25: This simp argument is unused:
2026-09-15T23:11:40.0382636Z   Nat.cast_add
2026-09-15T23:11:40.0382823Z 
2026-09-15T23:11:40.0382983Z Hint: Omit it from the simp argument list.
2026-09-15T23:11:40.0383678Z   [apply] simp only [pow_succ, Nat.cast_one, zero_mul, mul_zero, zero_add, add_zero, one_mul, mul_one]
2026-09-15T23:11:40.0384261Z 
2026-09-15T23:11:40.0384763Z Note: This linter can be disabled with `set_option linter.unusedSimpArgs false`
2026-09-15T23:11:40.0385555Z warning: NLA/MF12/MatrixAlgebra.lean:252:39: This simp argument is unused:
2026-09-15T23:11:40.0386141Z   Nat.cast_one
2026-09-15T23:11:40.0386310Z 
2026-09-15T23:11:40.0386482Z Hint: Omit it from the simp argument list.
2026-09-15T23:11:40.0387184Z   [apply] simp only [pow_succ, Nat.cast_add, zero_mul, mul_zero, zero_add, add_zero, one_mul, mul_one]
2026-09-15T23:11:40.0387740Z 
2026-09-15T23:11:40.0388056Z Note: This linter can be disabled with `set_option linter.unusedSimpArgs false`
2026-09-15T23:11:40.0389456Z warning: NLA/MF12/MatrixAlgebra.lean:253:6: This simp argument is unused:
2026-09-15T23:11:40.0390042Z   zero_add
2026-09-15T23:11:40.0390201Z 
2026-09-15T23:11:40.0390368Z Hint: Omit it from the simp argument list.
2026-09-15T23:11:40.0391080Z   [apply] simp only [pow_succ, Nat.cast_add, Nat.cast_one, zero_mul, mul_zero, add_zero, one_mul, mul_one]
2026-09-15T23:11:40.0391696Z 
2026-09-15T23:11:40.0392016Z Note: This linter can be disabled with `set_option linter.unusedSimpArgs false`
2026-09-15T23:11:40.0392796Z warning: NLA/MF12/MatrixAlgebra.lean:253:26: This simp argument is unused:
2026-09-15T23:11:40.0393369Z   one_mul
2026-09-15T23:11:40.0393531Z 
2026-09-15T23:11:40.0393707Z Hint: Omit it from the simp argument list.
2026-09-15T23:11:40.0394455Z   [apply] simp only [pow_succ, Nat.cast_add, Nat.cast_one, zero_mul, mul_zero, zero_add, add_zero, mul_one]
2026-09-15T23:11:40.0395043Z 
2026-09-15T23:11:40.0395369Z Note: This linter can be disabled with `set_option linter.unusedSimpArgs false`
2026-09-15T23:11:40.0396140Z warning: NLA/MF12/MatrixAlgebra.lean:253:35: This simp argument is unused:
2026-09-15T23:11:40.0396701Z   mul_one
2026-09-15T23:11:40.0396868Z 
2026-09-15T23:11:40.0397024Z Hint: Omit it from the simp argument list.
2026-09-15T23:11:40.0397734Z   [apply] simp only [pow_succ, Nat.cast_add, Nat.cast_one, zero_mul, mul_zero, zero_add, add_zero, one_mul]
2026-09-15T23:11:40.0398561Z 
2026-09-15T23:11:40.0398893Z Note: This linter can be disabled with `set_option linter.unusedSimpArgs false`
2026-09-15T23:11:40.0399656Z warning: NLA/MF12/MatrixAlgebra.lean:255:15: This simp argument is unused:
2026-09-15T23:11:40.0400237Z   pow_succ
2026-09-15T23:11:40.0400394Z 
2026-09-15T23:11:40.0400567Z Hint: Omit it from the simp argument list.
2026-09-15T23:11:40.0401275Z   [apply] simp only [Nat.cast_add, Nat.cast_one, zero_mul, mul_zero, zero_add, add_zero, one_mul, mul_one]
2026-09-15T23:11:40.0401862Z 
2026-09-15T23:11:40.0402174Z Note: This linter can be disabled with `set_option linter.unusedSimpArgs false`
2026-09-15T23:11:40.0402964Z warning: NLA/MF12/MatrixAlgebra.lean:255:25: This simp argument is unused:
2026-09-15T23:11:40.0403532Z   Nat.cast_add
2026-09-15T23:11:40.0403716Z 
2026-09-15T23:11:40.0403892Z Hint: Omit it from the simp argument list.
2026-09-15T23:11:40.0404583Z   [apply] simp only [pow_succ, Nat.cast_one, zero_mul, mul_zero, zero_add, add_zero, one_mul, mul_one]
2026-09-15T23:11:40.0405147Z 
2026-09-15T23:11:40.0405479Z Note: This linter can be disabled with `set_option linter.unusedSimpArgs false`
2026-09-15T23:11:40.0406270Z warning: NLA/MF12/MatrixAlgebra.lean:255:39: This simp argument is unused:
2026-09-15T23:11:40.0406864Z   Nat.cast_one
2026-09-15T23:11:40.0407045Z 
2026-09-15T23:11:40.0407406Z Hint: Omit it from the simp argument list.
2026-09-15T23:11:40.0408250Z   [apply] simp only [pow_succ, Nat.cast_add, zero_mul, mul_zero, zero_add, add_zero, one_mul, mul_one]
2026-09-15T23:11:40.0408825Z 
2026-09-15T23:11:40.0409152Z Note: This linter can be disabled with `set_option linter.unusedSimpArgs false`
2026-09-15T23:11:40.0409937Z warning: NLA/MF12/MatrixAlgebra.lean:256:6: This simp argument is unused:
2026-09-15T23:11:40.0410508Z   zero_add
2026-09-15T23:11:40.0410665Z 
2026-09-15T23:11:40.0410835Z Hint: Omit it from the simp argument list.
2026-09-15T23:11:40.0411563Z   [apply] simp only [pow_succ, Nat.cast_add, Nat.cast_one, zero_mul, mul_zero, add_zero, one_mul, mul_one]
2026-09-15T23:11:40.0412316Z 
2026-09-15T23:11:40.0412639Z Note: This linter can be disabled with `set_option linter.unusedSimpArgs false`
2026-09-15T23:11:40.0413404Z warning: NLA/MF12/MatrixAlgebra.lean:256:26: This simp argument is unused:
2026-09-15T23:11:40.0413980Z   one_mul
2026-09-15T23:11:40.0414155Z 
2026-09-15T23:11:40.0414324Z Hint: Omit it from the simp argument list.
2026-09-15T23:11:40.0415036Z   [apply] simp only [pow_succ, Nat.cast_add, Nat.cast_one, zero_mul, mul_zero, zero_add, add_zero, mul_one]
2026-09-15T23:11:40.0415630Z 
2026-09-15T23:11:40.0415958Z Note: This linter can be disabled with `set_option linter.unusedSimpArgs false`
2026-09-15T23:11:40.0416731Z warning: NLA/MF12/MatrixAlgebra.lean:256:35: This simp argument is unused:
2026-09-15T23:11:40.0417310Z   mul_one
2026-09-15T23:11:40.0417474Z 
2026-09-15T23:11:40.0417629Z Hint: Omit it from the simp argument list.
2026-09-15T23:11:40.0418519Z   [apply] simp only [pow_succ, Nat.cast_add, Nat.cast_one, zero_mul, mul_zero, zero_add, add_zero, one_mul]
2026-09-15T23:11:40.0419080Z 
2026-09-15T23:11:40.0419391Z Note: This linter can be disabled with `set_option linter.unusedSimpArgs false`
2026-09-15T23:11:40.0420083Z warning: NLA/MF12/MatrixAlgebra.lean:258:15: This simp argument is unused:
2026-09-15T23:11:40.0420621Z   pow_succ
2026-09-15T23:11:40.0420785Z 
2026-09-15T23:11:40.0420948Z Hint: Omit it from the simp argument list.
2026-09-15T23:11:40.0421588Z   [apply] simp only [Nat.cast_add, Nat.cast_one, zero_mul, mul_zero, zero_add, add_zero, one_mul, mul_one]
2026-09-15T23:11:40.0422142Z 
2026-09-15T23:11:40.0422430Z Note: This linter can be disabled with `set_option linter.unusedSimpArgs false`
2026-09-15T23:11:40.0429296Z warning: NLA/MF12/MatrixAlgebra.lean:258:25: This simp argument is unused:
2026-09-15T23:11:40.0429935Z   Nat.cast_add
2026-09-15T23:11:40.0430134Z 
2026-09-15T23:11:40.0430315Z Hint: Omit it from the simp argument list.
2026-09-15T23:11:40.0431067Z   [apply] simp only [pow_succ, Nat.cast_one, zero_mul, mul_zero, zero_add, add_zero, one_mul, mul_one]
2026-09-15T23:11:40.0431638Z 
2026-09-15T23:11:40.0431994Z Note: This linter can be disabled with `set_option linter.unusedSimpArgs false`
2026-09-15T23:11:40.0432815Z warning: NLA/MF12/MatrixAlgebra.lean:258:39: This simp argument is unused:
2026-09-15T23:11:40.0433440Z   Nat.cast_one
2026-09-15T23:11:40.0433639Z 
2026-09-15T23:11:40.0433808Z Hint: Omit it from the simp argument list.
2026-09-15T23:11:40.0434537Z   [apply] simp only [pow_succ, Nat.cast_add, zero_mul, mul_zero, zero_add, add_zero, one_mul, mul_one]
2026-09-15T23:11:40.0435136Z 
2026-09-15T23:11:40.0435455Z Note: This linter can be disabled with `set_option linter.unusedSimpArgs false`
2026-09-15T23:11:40.0436210Z warning: NLA/MF12/MatrixAlgebra.lean:259:6: This simp argument is unused:
2026-09-15T23:11:40.0436810Z   zero_add
2026-09-15T23:11:40.0436996Z 
2026-09-15T23:11:40.0437174Z Hint: Omit it from the simp argument list.
2026-09-15T23:11:40.0437940Z   [apply] simp only [pow_succ, Nat.cast_add, Nat.cast_one, zero_mul, mul_zero, add_zero, one_mul, mul_one]
2026-09-15T23:11:40.0438796Z 
2026-09-15T23:11:40.0439128Z Note: This linter can be disabled with `set_option linter.unusedSimpArgs false`
2026-09-15T23:11:40.0439902Z warning: NLA/MF12/MatrixAlgebra.lean:259:26: This simp argument is unused:
2026-09-15T23:11:40.0440749Z   one_mul
2026-09-15T23:11:40.0440922Z 
2026-09-15T23:11:40.0441101Z Hint: Omit it from the simp argument list.
2026-09-15T23:11:40.0441829Z   [apply] simp only [pow_succ, Nat.cast_add, Nat.cast_one, zero_mul, mul_zero, zero_add, add_zero, mul_one]
2026-09-15T23:11:40.0442426Z 
2026-09-15T23:11:40.0442753Z Note: This linter can be disabled with `set_option linter.unusedSimpArgs false`
2026-09-15T23:11:40.0443541Z warning: NLA/MF12/MatrixAlgebra.lean:259:35: This simp argument is unused:
2026-09-15T23:11:40.0444111Z   mul_one
2026-09-15T23:11:40.0444268Z 
2026-09-15T23:11:40.0444431Z Hint: Omit it from the simp argument list.
2026-09-15T23:11:40.0445154Z   [apply] simp only [pow_succ, Nat.cast_add, Nat.cast_one, zero_mul, mul_zero, zero_add, add_zero, one_mul]
2026-09-15T23:11:40.0445911Z 
2026-09-15T23:11:40.0446231Z Note: This linter can be disabled with `set_option linter.unusedSimpArgs false`
2026-09-15T23:11:40.0447024Z warning: NLA/MF12/MatrixAlgebra.lean:261:15: This simp argument is unused:
2026-09-15T23:11:40.0447598Z   pow_succ
2026-09-15T23:11:40.0447755Z 
2026-09-15T23:11:40.0447924Z Hint: Omit it from the simp argument list.
2026-09-15T23:11:40.0469253Z   [apply] simp only [Nat.cast_add, Nat.cast_one, zero_mul, mul_zero, zero_add, add_zero, one_mul, mul_one]
2026-09-15T23:11:40.0469893Z 
2026-09-15T23:11:40.0470239Z Note: This linter can be disabled with `set_option linter.unusedSimpArgs false`
2026-09-15T23:11:40.0471066Z warning: NLA/MF12/MatrixAlgebra.lean:261:25: This simp argument is unused:
2026-09-15T23:11:40.0471672Z   Nat.cast_add
2026-09-15T23:11:40.0471863Z 
2026-09-15T23:11:40.0472037Z Hint: Omit it from the simp argument list.
2026-09-15T23:11:40.0472788Z   [apply] simp only [pow_succ, Nat.cast_one, zero_mul, mul_zero, zero_add, add_zero, one_mul, mul_one]
2026-09-15T23:11:40.0473357Z 
2026-09-15T23:11:40.0473704Z Note: This linter can be disabled with `set_option linter.unusedSimpArgs false`
2026-09-15T23:11:40.0474519Z warning: NLA/MF12/MatrixAlgebra.lean:261:39: This simp argument is unused:
2026-09-15T23:11:40.0475099Z   Nat.cast_one
2026-09-15T23:11:40.0475287Z 
2026-09-15T23:11:40.0475452Z Hint: Omit it from the simp argument list.
2026-09-15T23:11:40.0476155Z   [apply] simp only [pow_succ, Nat.cast_add, zero_mul, mul_zero, zero_add, add_zero, one_mul, mul_one]
2026-09-15T23:11:40.0476725Z 
2026-09-15T23:11:40.0477056Z Note: This linter can be disabled with `set_option linter.unusedSimpArgs false`
2026-09-15T23:11:40.0477845Z warning: NLA/MF12/MatrixAlgebra.lean:262:6: This simp argument is unused:
2026-09-15T23:11:40.0478596Z   zero_add
2026-09-15T23:11:40.0478748Z 
2026-09-15T23:11:40.0478908Z Hint: Omit it from the simp argument list.
2026-09-15T23:11:40.0479619Z   [apply] simp only [pow_succ, Nat.cast_add, Nat.cast_one, zero_mul, mul_zero, add_zero, one_mul, mul_one]
2026-09-15T23:11:40.0480163Z 
2026-09-15T23:11:40.0480465Z Note: This linter can be disabled with `set_option linter.unusedSimpArgs false`
2026-09-15T23:11:40.0481187Z warning: NLA/MF12/MatrixAlgebra.lean:262:26: This simp argument is unused:
2026-09-15T23:11:40.0481756Z   one_mul
2026-09-15T23:11:40.0481921Z 
2026-09-15T23:11:40.0482073Z Hint: Omit it from the simp argument list.
2026-09-15T23:11:40.0482778Z   [apply] simp only [pow_succ, Nat.cast_add, Nat.cast_one, zero_mul, mul_zero, zero_add, add_zero, mul_one]
2026-09-15T23:11:40.0483349Z 
2026-09-15T23:11:40.0483670Z Note: This linter can be disabled with `set_option linter.unusedSimpArgs false`
2026-09-15T23:11:40.0484443Z warning: NLA/MF12/MatrixAlgebra.lean:262:35: This simp argument is unused:
2026-09-15T23:11:40.0485008Z   mul_one
2026-09-15T23:11:40.0485166Z 
2026-09-15T23:11:40.0485299Z Hint: Omit it from the simp argument list.
2026-09-15T23:11:40.0486028Z   [apply] simp only [pow_succ, Nat.cast_add, Nat.cast_one, zero_mul, mul_zero, zero_add, add_zero, one_mul]
2026-09-15T23:11:40.0486633Z 
2026-09-15T23:11:40.0486958Z Note: This linter can be disabled with `set_option linter.unusedSimpArgs false`
2026-09-15T23:11:40.0488031Z warning: NLA/MF12/MatrixAlgebra.lean:264:15: This simp argument is unused:
2026-09-15T23:11:40.0488841Z   pow_succ
2026-09-15T23:11:40.0489004Z 
2026-09-15T23:11:40.0489174Z Hint: Omit it from the simp argument list.
2026-09-15T23:11:40.0489911Z   [apply] simp only [Nat.cast_add, Nat.cast_one, zero_mul, mul_zero, zero_add, add_zero, one_mul, mul_one]
2026-09-15T23:11:40.0490508Z 
2026-09-15T23:11:40.0490845Z Note: This linter can be disabled with `set_option linter.unusedSimpArgs false`
2026-09-15T23:11:40.0491623Z warning: NLA/MF12/MatrixAlgebra.lean:264:25: This simp argument is unused:
2026-09-15T23:11:40.0492207Z   Nat.cast_add
2026-09-15T23:11:40.0492390Z 
2026-09-15T23:11:40.0492801Z Hint: Omit it from the simp argument list.
2026-09-15T23:11:40.0493492Z   [apply] simp only [pow_succ, Nat.cast_one, zero_mul, mul_zero, zero_add, add_zero, one_mul, mul_one]
2026-09-15T23:11:40.0493966Z 
2026-09-15T23:11:40.0494293Z Note: This linter can be disabled with `set_option linter.unusedSimpArgs false`
2026-09-15T23:11:40.0495054Z warning: NLA/MF12/MatrixAlgebra.lean:264:39: This simp argument is unused:
2026-09-15T23:11:40.0495624Z   Nat.cast_one
2026-09-15T23:11:40.0495806Z 
2026-09-15T23:11:40.0495963Z Hint: Omit it from the simp argument list.
2026-09-15T23:11:40.0496644Z   [apply] simp only [pow_succ, Nat.cast_add, zero_mul, mul_zero, zero_add, add_zero, one_mul, mul_one]
2026-09-15T23:11:40.0497218Z 
2026-09-15T23:11:40.0497561Z Note: This linter can be disabled with `set_option linter.unusedSimpArgs false`
2026-09-15T23:11:40.0528760Z warning: NLA/MF12/MatrixAlgebra.lean:264:53: This simp argument is unused:
2026-09-15T23:11:40.0529491Z   zero_mul
2026-09-15T23:11:40.0529659Z 
2026-09-15T23:11:40.0529851Z Hint: Omit it from the simp argument list.
2026-09-15T23:11:40.0530612Z   [apply] simp only [pow_succ, Nat.cast_add, Nat.cast_one, mul_zero, zero_add, add_zero, one_mul, mul_one]
2026-09-15T23:11:40.0531226Z 
2026-09-15T23:11:40.0531589Z Note: This linter can be disabled with `set_option linter.unusedSimpArgs false`
2026-09-15T23:11:40.0532417Z warning: NLA/MF12/MatrixAlgebra.lean:265:26: This simp argument is unused:
2026-09-15T23:11:40.0533099Z   one_mul
2026-09-15T23:11:40.0533276Z 
2026-09-15T23:11:40.0533440Z Hint: Omit it from the simp argument list.
2026-09-15T23:11:40.0534172Z   [apply] simp only [pow_succ, Nat.cast_add, Nat.cast_one, zero_mul, mul_zero, zero_add, add_zero, mul_one]
2026-09-15T23:11:40.0534778Z 
2026-09-15T23:11:40.0535125Z Note: This linter can be disabled with `set_option linter.unusedSimpArgs false`
2026-09-15T23:11:40.0535984Z warning: NLA/MF12/MatrixAlgebra.lean:160:48: Unused tactic linter: `ring` does nothing
2026-09-15T23:11:40.0536529Z 
2026-09-15T23:11:40.0536862Z Note: This linter can be disabled with `set_option linter.unusedTactic false`
2026-09-15T23:11:40.0537690Z warning: NLA/MF12/MatrixAlgebra.lean:163:48: Unused tactic linter: `ring` does nothing
2026-09-15T23:11:40.0538415Z 
2026-09-15T23:11:40.0538723Z Note: This linter can be disabled with `set_option linter.unusedTactic false`
2026-09-15T23:11:40.0539562Z warning: NLA/MF12/MatrixAlgebra.lean:166:48: Unused tactic linter: `ring` does nothing
2026-09-15T23:11:40.0540110Z 
2026-09-15T23:11:40.0540421Z Note: This linter can be disabled with `set_option linter.unusedTactic false`
2026-09-15T23:11:40.0541233Z warning: NLA/MF12/MatrixAlgebra.lean:169:48: Unused tactic linter: `ring` does nothing
2026-09-15T23:11:40.0541760Z 
2026-09-15T23:11:40.0542041Z Note: This linter can be disabled with `set_option linter.unusedTactic false`
2026-09-15T23:11:40.0542762Z warning: NLA/MF12/MatrixAlgebra.lean:172:48: Unused tactic linter: `ring` does nothing
2026-09-15T23:11:40.0543256Z 
2026-09-15T23:11:40.0543573Z Note: This linter can be disabled with `set_option linter.unusedTactic false`
2026-09-15T23:11:40.0544427Z warning: NLA/MF12/MatrixAlgebra.lean:175:48: Unused tactic linter: `ring` does nothing
2026-09-15T23:11:40.0544944Z 
2026-09-15T23:11:40.0545249Z Note: This linter can be disabled with `set_option linter.unusedTactic false`
2026-09-15T23:11:40.0546303Z warning: NLA/MF12/MatrixAlgebra.lean:178:48: Unused tactic linter: `ring` does nothing
2026-09-15T23:11:40.0546846Z 
2026-09-15T23:11:40.0547175Z Note: This linter can be disabled with `set_option linter.unusedTactic false`
2026-09-15T23:11:40.0548033Z warning: NLA/MF12/MatrixAlgebra.lean:181:48: Unused tactic linter: `ring` does nothing
2026-09-15T23:11:40.0552040Z 
2026-09-15T23:11:40.0552384Z Note: This linter can be disabled with `set_option linter.unusedTactic false`
2026-09-15T23:11:40.0553246Z warning: NLA/MF12/MatrixAlgebra.lean:187:48: Unused tactic linter: `ring` does nothing
2026-09-15T23:11:40.0553775Z 
2026-09-15T23:11:40.0554087Z Note: This linter can be disabled with `set_option linter.unusedTactic false`
2026-09-15T23:11:40.0555174Z warning: NLA/MF12/MatrixAlgebra.lean:190:48: Unused tactic linter: `ring` does nothing
2026-09-15T23:11:40.0555695Z 
2026-09-15T23:11:40.0556016Z Note: This linter can be disabled with `set_option linter.unusedTactic false`
2026-09-15T23:11:40.0556830Z warning: NLA/MF12/MatrixAlgebra.lean:193:48: Unused tactic linter: `ring` does nothing
2026-09-15T23:11:40.0557352Z 
2026-09-15T23:11:40.0557672Z Note: This linter can be disabled with `set_option linter.unusedTactic false`
2026-09-15T23:11:40.0558788Z warning: NLA/MF12/MatrixAlgebra.lean:196:48: Unused tactic linter: `ring` does nothing
2026-09-15T23:11:40.0559327Z 
2026-09-15T23:11:40.0559623Z Note: This linter can be disabled with `set_option linter.unusedTactic false`
2026-09-15T23:11:40.0560430Z warning: NLA/MF12/MatrixAlgebra.lean:199:48: Unused tactic linter: `ring` does nothing
2026-09-15T23:11:40.0560958Z 
2026-09-15T23:11:40.0561262Z Note: This linter can be disabled with `set_option linter.unusedTactic false`
2026-09-15T23:11:40.0562090Z warning: NLA/MF12/MatrixAlgebra.lean:202:48: Unused tactic linter: `ring` does nothing
2026-09-15T23:11:40.0562595Z 
2026-09-15T23:11:40.0562902Z Note: This linter can be disabled with `set_option linter.unusedTactic false`
2026-09-15T23:11:40.0563735Z warning: NLA/MF12/MatrixAlgebra.lean:205:48: Unused tactic linter: `ring` does nothing
2026-09-15T23:11:40.0564252Z 
2026-09-15T23:11:40.0564552Z Note: This linter can be disabled with `set_option linter.unusedTactic false`
2026-09-15T23:11:40.0565368Z warning: NLA/MF12/MatrixAlgebra.lean:208:48: Unused tactic linter: `ring` does nothing
2026-09-15T23:11:40.0565877Z 
2026-09-15T23:11:40.0566195Z Note: This linter can be disabled with `set_option linter.unusedTactic false`
2026-09-15T23:11:40.0567007Z warning: NLA/MF12/MatrixAlgebra.lean:211:48: Unused tactic linter: `ring` does nothing
2026-09-15T23:11:40.0567521Z 
2026-09-15T23:11:40.0567842Z Note: This linter can be disabled with `set_option linter.unusedTactic false`
2026-09-15T23:11:40.0568813Z warning: NLA/MF12/MatrixAlgebra.lean:214:48: Unused tactic linter: `ring` does nothing
2026-09-15T23:11:40.0569343Z 
2026-09-15T23:11:40.0569646Z Note: This linter can be disabled with `set_option linter.unusedTactic false`
2026-09-15T23:11:40.0570448Z warning: NLA/MF12/MatrixAlgebra.lean:217:48: Unused tactic linter: `ring` does nothing
2026-09-15T23:11:40.0571421Z 
2026-09-15T23:11:40.0571720Z Note: This linter can be disabled with `set_option linter.unusedTactic false`
2026-09-15T23:11:40.0572560Z warning: NLA/MF12/MatrixAlgebra.lean:220:48: Unused tactic linter: `ring` does nothing
2026-09-15T23:11:40.0573068Z 
2026-09-15T23:11:40.0573376Z Note: This linter can be disabled with `set_option linter.unusedTactic false`
2026-09-15T23:11:40.0574190Z warning: NLA/MF12/MatrixAlgebra.lean:223:48: Unused tactic linter: `ring` does nothing
2026-09-15T23:11:40.0574692Z 
2026-09-15T23:11:40.0575006Z Note: This linter can be disabled with `set_option linter.unusedTactic false`
2026-09-15T23:11:40.0575841Z warning: NLA/MF12/MatrixAlgebra.lean:229:48: Unused tactic linter: `ring` does nothing
2026-09-15T23:11:40.0576379Z 
2026-09-15T23:11:40.0576696Z Note: This linter can be disabled with `set_option linter.unusedTactic false`
2026-09-15T23:11:40.0577722Z warning: NLA/MF12/MatrixAlgebra.lean:232:48: Unused tactic linter: `ring` does nothing
2026-09-15T23:11:40.0578502Z 
2026-09-15T23:11:40.0578811Z Note: This linter can be disabled with `set_option linter.unusedTactic false`
2026-09-15T23:11:40.0579587Z warning: NLA/MF12/MatrixAlgebra.lean:235:48: Unused tactic linter: `ring` does nothing
2026-09-15T23:11:40.0580070Z 
2026-09-15T23:11:40.0580368Z Note: This linter can be disabled with `set_option linter.unusedTactic false`
2026-09-15T23:11:40.0581133Z warning: NLA/MF12/MatrixAlgebra.lean:238:48: Unused tactic linter: `ring` does nothing
2026-09-15T23:11:40.0581618Z 
2026-09-15T23:11:40.0581900Z Note: This linter can be disabled with `set_option linter.unusedTactic false`
2026-09-15T23:11:40.0582856Z warning: NLA/MF12/MatrixAlgebra.lean:241:48: Unused tactic linter: `ring` does nothing
2026-09-15T23:11:40.0583345Z 
2026-09-15T23:11:40.0583731Z Note: This linter can be disabled with `set_option linter.unusedTactic false`
2026-09-15T23:11:40.0584511Z warning: NLA/MF12/MatrixAlgebra.lean:244:48: Unused tactic linter: `ring` does nothing
2026-09-15T23:11:40.0585019Z 
2026-09-15T23:11:40.0585305Z Note: This linter can be disabled with `set_option linter.unusedTactic false`
2026-09-15T23:11:40.0586064Z warning: NLA/MF12/MatrixAlgebra.lean:247:48: Unused tactic linter: `ring` does nothing
2026-09-15T23:11:40.0586572Z 
2026-09-15T23:11:40.0586871Z Note: This linter can be disabled with `set_option linter.unusedTactic false`
2026-09-15T23:11:40.0587629Z warning: NLA/MF12/MatrixAlgebra.lean:250:48: Unused tactic linter: `ring` does nothing
2026-09-15T23:11:40.0588407Z 
2026-09-15T23:11:40.0588711Z Note: This linter can be disabled with `set_option linter.unusedTactic false`
2026-09-15T23:11:40.0589493Z warning: NLA/MF12/MatrixAlgebra.lean:253:48: Unused tactic linter: `ring` does nothing
2026-09-15T23:11:40.0589984Z 
2026-09-15T23:11:40.0590283Z Note: This linter can be disabled with `set_option linter.unusedTactic false`
2026-09-15T23:11:40.0591059Z warning: NLA/MF12/MatrixAlgebra.lean:256:48: Unused tactic linter: `ring` does nothing
2026-09-15T23:11:40.0591563Z 
2026-09-15T23:11:40.0591897Z Note: This linter can be disabled with `set_option linter.unusedTactic false`
2026-09-15T23:11:40.0592675Z warning: NLA/MF12/MatrixAlgebra.lean:259:48: Unused tactic linter: `ring` does nothing
2026-09-15T23:11:40.0593154Z 
2026-09-15T23:11:40.0593447Z Note: This linter can be disabled with `set_option linter.unusedTactic false`
2026-09-15T23:11:40.0594294Z warning: NLA/MF12/MatrixAlgebra.lean:262:48: Unused tactic linter: `ring` does nothing
2026-09-15T23:11:40.0595011Z 
2026-09-15T23:11:40.0595410Z Note: This linter can be disabled with `set_option linter.unusedTactic false`
2026-09-15T23:11:40.0596378Z warning: NLA/MF12/MatrixAlgebra.lean:265:48: Unused tactic linter: `ring` does nothing
2026-09-15T23:11:40.0597066Z 
2026-09-15T23:11:40.0597478Z Note: This linter can be disabled with `set_option linter.unusedTactic false`
2026-09-15T23:11:40.0598689Z warning: NLA/MF12/MatrixAlgebra.lean:160:48: this tactic is never executed
2026-09-15T23:11:40.0599492Z 
2026-09-15T23:11:40.0600113Z Note: This linter can be disabled with `set_option linter.unreachableTactic false`
2026-09-15T23:11:40.0601319Z warning: NLA/MF12/MatrixAlgebra.lean:163:48: this tactic is never executed
2026-09-15T23:11:40.0601893Z 
2026-09-15T23:11:40.0602341Z Note: This linter can be disabled with `set_option linter.unreachableTactic false`
2026-09-15T23:11:40.0603385Z warning: NLA/MF12/MatrixAlgebra.lean:166:48: this tactic is never executed
2026-09-15T23:11:40.0603972Z 
2026-09-15T23:11:40.0604308Z Note: This linter can be disabled with `set_option linter.unreachableTactic false`
2026-09-15T23:11:40.0605071Z warning: NLA/MF12/MatrixAlgebra.lean:169:48: this tactic is never executed
2026-09-15T23:11:40.0605523Z 
2026-09-15T23:11:40.0605852Z Note: This linter can be disabled with `set_option linter.unreachableTactic false`
2026-09-15T23:11:40.0606590Z warning: NLA/MF12/MatrixAlgebra.lean:172:48: this tactic is never executed
2026-09-15T23:11:40.0607015Z 
2026-09-15T23:11:40.0607576Z Note: This linter can be disabled with `set_option linter.unreachableTactic false`
2026-09-15T23:11:40.0608570Z warning: NLA/MF12/MatrixAlgebra.lean:175:48: this tactic is never executed
2026-09-15T23:11:40.0609037Z 
2026-09-15T23:11:40.0609375Z Note: This linter can be disabled with `set_option linter.unreachableTactic false`
2026-09-15T23:11:40.0610132Z warning: NLA/MF12/MatrixAlgebra.lean:178:48: this tactic is never executed
2026-09-15T23:11:40.0610605Z 
2026-09-15T23:11:40.0610945Z Note: This linter can be disabled with `set_option linter.unreachableTactic false`
2026-09-15T23:11:40.0611736Z warning: NLA/MF12/MatrixAlgebra.lean:181:48: this tactic is never executed
2026-09-15T23:11:40.0612386Z 
2026-09-15T23:11:40.0612718Z Note: This linter can be disabled with `set_option linter.unreachableTactic false`
2026-09-15T23:11:40.0613521Z warning: NLA/MF12/MatrixAlgebra.lean:187:48: this tactic is never executed
2026-09-15T23:11:40.0613979Z 
2026-09-15T23:11:40.0614314Z Note: This linter can be disabled with `set_option linter.unreachableTactic false`
2026-09-15T23:11:40.0615122Z warning: NLA/MF12/MatrixAlgebra.lean:190:48: this tactic is never executed
2026-09-15T23:11:40.0615576Z 
2026-09-15T23:11:40.0615920Z Note: This linter can be disabled with `set_option linter.unreachableTactic false`
2026-09-15T23:11:40.0616721Z warning: NLA/MF12/MatrixAlgebra.lean:193:48: this tactic is never executed
2026-09-15T23:11:40.0617167Z 
2026-09-15T23:11:40.0617510Z Note: This linter can be disabled with `set_option linter.unreachableTactic false`
2026-09-15T23:11:40.0618471Z warning: NLA/MF12/MatrixAlgebra.lean:196:48: this tactic is never executed
2026-09-15T23:11:40.0618936Z 
2026-09-15T23:11:40.0619287Z Note: This linter can be disabled with `set_option linter.unreachableTactic false`
2026-09-15T23:11:40.0620065Z warning: NLA/MF12/MatrixAlgebra.lean:199:48: this tactic is never executed
2026-09-15T23:11:40.0620537Z 
2026-09-15T23:11:40.0620877Z Note: This linter can be disabled with `set_option linter.unreachableTactic false`
2026-09-15T23:11:40.0621650Z warning: NLA/MF12/MatrixAlgebra.lean:202:48: this tactic is never executed
2026-09-15T23:11:40.0622120Z 
2026-09-15T23:11:40.0622465Z Note: This linter can be disabled with `set_option linter.unreachableTactic false`
2026-09-15T23:11:40.0623255Z warning: NLA/MF12/MatrixAlgebra.lean:205:48: this tactic is never executed
2026-09-15T23:11:40.0623713Z 
2026-09-15T23:11:40.0624057Z Note: This linter can be disabled with `set_option linter.unreachableTactic false`
2026-09-15T23:11:40.0624844Z warning: NLA/MF12/MatrixAlgebra.lean:208:48: this tactic is never executed
2026-09-15T23:11:40.0625310Z 
2026-09-15T23:11:40.0625636Z Note: This linter can be disabled with `set_option linter.unreachableTactic false`
2026-09-15T23:11:40.0626435Z warning: NLA/MF12/MatrixAlgebra.lean:211:48: this tactic is never executed
2026-09-15T23:11:40.0626900Z 
2026-09-15T23:11:40.0627222Z Note: This linter can be disabled with `set_option linter.unreachableTactic false`
2026-09-15T23:11:40.0628045Z warning: NLA/MF12/MatrixAlgebra.lean:214:48: this tactic is never executed
2026-09-15T23:11:40.0628644Z 
2026-09-15T23:11:40.0628979Z Note: This linter can be disabled with `set_option linter.unreachableTactic false`
2026-09-15T23:11:40.0629862Z warning: NLA/MF12/MatrixAlgebra.lean:217:48: this tactic is never executed
2026-09-15T23:11:40.0630315Z 
2026-09-15T23:11:40.0630644Z Note: This linter can be disabled with `set_option linter.unreachableTactic false`
2026-09-15T23:11:40.0631436Z warning: NLA/MF12/MatrixAlgebra.lean:220:48: this tactic is never executed
2026-09-15T23:11:40.0631890Z 
2026-09-15T23:11:40.0632225Z Note: This linter can be disabled with `set_option linter.unreachableTactic false`
2026-09-15T23:11:40.0633040Z warning: NLA/MF12/MatrixAlgebra.lean:223:48: this tactic is never executed
2026-09-15T23:11:40.0633484Z 
2026-09-15T23:11:40.0633843Z Note: This linter can be disabled with `set_option linter.unreachableTactic false`
2026-09-15T23:11:40.0634828Z warning: NLA/MF12/MatrixAlgebra.lean:229:48: this tactic is never executed
2026-09-15T23:11:40.0635292Z 
2026-09-15T23:11:40.0635636Z Note: This linter can be disabled with `set_option linter.unreachableTactic false`
2026-09-15T23:11:40.0636410Z warning: NLA/MF12/MatrixAlgebra.lean:232:48: this tactic is never executed
2026-09-15T23:11:40.0636881Z 
2026-09-15T23:11:40.0637204Z Note: This linter can be disabled with `set_option linter.unreachableTactic false`
2026-09-15T23:11:40.0637981Z warning: NLA/MF12/MatrixAlgebra.lean:235:48: this tactic is never executed
2026-09-15T23:11:40.0638590Z 
2026-09-15T23:11:40.0638904Z Note: This linter can be disabled with `set_option linter.unreachableTactic false`
2026-09-15T23:11:40.0653489Z warning: NLA/MF12/MatrixAlgebra.lean:238:48: this tactic is never executed
2026-09-15T23:11:40.0653988Z 
2026-09-15T23:11:40.0654358Z Note: This linter can be disabled with `set_option linter.unreachableTactic false`
2026-09-15T23:11:40.0655201Z warning: NLA/MF12/MatrixAlgebra.lean:241:48: this tactic is never executed
2026-09-15T23:11:40.0655692Z 
2026-09-15T23:11:40.0656039Z Note: This linter can be disabled with `set_option linter.unreachableTactic false`
2026-09-15T23:11:40.0656860Z warning: NLA/MF12/MatrixAlgebra.lean:244:48: this tactic is never executed
2026-09-15T23:11:40.0657315Z 
2026-09-15T23:11:40.0657657Z Note: This linter can be disabled with `set_option linter.unreachableTactic false`
2026-09-15T23:11:40.0658630Z warning: NLA/MF12/MatrixAlgebra.lean:247:48: this tactic is never executed
2026-09-15T23:11:40.0659089Z 
2026-09-15T23:11:40.0659425Z Note: This linter can be disabled with `set_option linter.unreachableTactic false`
2026-09-15T23:11:40.0660255Z warning: NLA/MF12/MatrixAlgebra.lean:250:48: this tactic is never executed
2026-09-15T23:11:40.0660729Z 
2026-09-15T23:11:40.0661078Z Note: This linter can be disabled with `set_option linter.unreachableTactic false`
2026-09-15T23:11:40.0661894Z warning: NLA/MF12/MatrixAlgebra.lean:253:48: this tactic is never executed
2026-09-15T23:11:40.0662365Z 
2026-09-15T23:11:40.0662709Z Note: This linter can be disabled with `set_option linter.unreachableTactic false`
2026-09-15T23:11:40.0663533Z warning: NLA/MF12/MatrixAlgebra.lean:256:48: this tactic is never executed
2026-09-15T23:11:40.0664025Z 
2026-09-15T23:11:40.0664386Z Note: This linter can be disabled with `set_option linter.unreachableTactic false`
2026-09-15T23:11:40.0665218Z warning: NLA/MF12/MatrixAlgebra.lean:259:48: this tactic is never executed
2026-09-15T23:11:40.0665689Z 
2026-09-15T23:11:40.0666045Z Note: This linter can be disabled with `set_option linter.unreachableTactic false`
2026-09-15T23:11:40.0666852Z warning: NLA/MF12/MatrixAlgebra.lean:262:48: this tactic is never executed
2026-09-15T23:11:40.0667303Z 
2026-09-15T23:11:40.0667623Z Note: This linter can be disabled with `set_option linter.unreachableTactic false`
2026-09-15T23:11:40.0668586Z warning: NLA/MF12/MatrixAlgebra.lean:265:48: this tactic is never executed
2026-09-15T23:11:40.0669042Z 
2026-09-15T23:11:40.0669394Z Note: This linter can be disabled with `set_option linter.unreachableTactic false`
2026-09-15T23:11:40.0670314Z warning: NLA/MF12/MatrixAlgebra.lean:184:44: Used `tac1 <;> tac2` where `(tac1; tac2)` would suffice
2026-09-15T23:11:40.0670894Z 
2026-09-15T23:11:40.0671256Z Note: This linter can be disabled with `set_option linter.unnecessarySeqFocus false`
2026-09-15T23:11:40.0672176Z warning: NLA/MF12/MatrixAlgebra.lean:226:44: Used `tac1 <;> tac2` where `(tac1; tac2)` would suffice
2026-09-15T23:11:40.0672750Z 
2026-09-15T23:11:40.0673113Z Note: This linter can be disabled with `set_option linter.unnecessarySeqFocus false`
2026-09-15T23:11:40.0674244Z info: NLA/MF12/MatrixAlgebra.lean:325:0: 'NLA.MF12.fractional_projection' depends on axioms: [propext, Classical.choice, Quot.sound]
2026-09-15T23:11:40.0675611Z info: NLA/MF12/MatrixAlgebra.lean:326:0: 'NLA.MF12.jordan_two_power' depends on axioms: [propext, Classical.choice, Quot.sound]
2026-09-15T23:11:40.0677168Z info: NLA/MF12/MatrixAlgebra.lean:327:0: 'NLA.MF12.compressed_powers' depends on axioms: [propext, Classical.choice, Quot.sound]
2026-09-15T23:11:40.0706793Z ⚠ [3105/3118] Built NLA.MF12.RootLimit (4.1s)
2026-09-15T23:11:40.0708071Z warning: NLA/MF12/RootLimit.lean:49:5: Variable name `hγ` is not explicitly referenced.
2026-09-15T23:11:40.0708825Z 
2026-09-15T23:11:40.0709491Z Hint: The binding can be removed (if unused) or named `_` (if used implicitly). Alternatively, prefix the name with `_` to silence this warning:
2026-09-15T23:11:40.0710460Z   [apply] _hγ
2026-09-15T23:11:40.0710636Z 
2026-09-15T23:11:40.0710983Z Note: This linter can be disabled with `set_option linter.unusedVariables false`
2026-09-15T23:11:40.0712092Z info: NLA/MF12/RootLimit.lean:65:0: 'NLA.MF12.roots_of_polynomial_growth' depends on axioms: [propext, Classical.choice, Quot.sound]
2026-09-15T23:11:41.1609353Z ℹ [3106/3118] Built NLA.MF12.Tensor (4.5s)
2026-09-15T23:11:41.1629448Z info: NLA/MF12/Tensor.lean:102:0: 'NLA.MF12.tensor_norm_comparison' depends on axioms: [propext, Classical.choice, Quot.sound]
2026-09-15T23:11:41.1669108Z info: NLA/MF12/Tensor.lean:103:0: 'NLA.MF12.tensor_word_identity' depends on axioms: [propext, Classical.choice, Quot.sound]
2026-09-15T23:11:42.2629760Z ⚠ [3107/3118] Built NLA.MF12.JordanEntries (5.7s)
2026-09-15T23:11:42.2630779Z warning: NLA/MF12/JordanEntries.lean:81:91: Used `tac1 <;> tac2` where `(tac1; tac2)` would suffice
2026-09-15T23:11:42.2658387Z 
2026-09-15T23:11:42.2659190Z Note: This linter can be disabled with `set_option linter.unnecessarySeqFocus false`
2026-09-15T23:11:42.2688904Z warning: NLA/MF12/JordanEntries.lean:96:2: Try `simp at he` instead of `simpa using he`
2026-09-15T23:11:42.2718388Z 
2026-09-15T23:11:42.2718921Z Note: This linter can be disabled with `set_option linter.unnecessarySimpa false`
2026-09-15T23:11:42.2719811Z warning: NLA/MF12/JordanEntries.lean:114:6: try 'simp' instead of 'simpa'
2026-09-15T23:11:42.2720306Z 
2026-09-15T23:11:42.2720696Z Note: This linter can be disabled with `set_option linter.unnecessarySimpa false`
2026-09-15T23:11:42.2721675Z warning: NLA/MF12/JordanEntries.lean:119:47: Variable name `hn` is not explicitly referenced.
2026-09-15T23:11:42.2748526Z 
2026-09-15T23:11:42.2779255Z Hint: The binding can be removed (if unused) or named `_` (if used implicitly). Alternatively, prefix the name with `_` to silence this warning:
2026-09-15T23:11:42.2798615Z   [apply] _hn
2026-09-15T23:11:42.2808465Z 
2026-09-15T23:11:42.2838854Z Note: This linter can be disabled with `set_option linter.unusedVariables false`
2026-09-15T23:11:42.2869080Z info: NLA/MF12/JordanEntries.lean:125:0: 'NLA.MF12.jordan_entries' depends on axioms: [propext, Classical.choice, Quot.sound]
2026-09-15T23:11:42.2870474Z info: NLA/MF12/JordanEntries.lean:126:0: 'NLA.MF12.integer_family_growth' depends on axioms: [propext, Classical.choice, Quot.sound]
2026-09-15T23:11:44.0689870Z ℹ [3108/3118] Built NLA.MF12.Gaps (4.2s)
2026-09-15T23:11:44.0709301Z info: NLA/MF12/Gaps.lean:116:0: 'NLA.MF12.gap_decomposition' depends on axioms: [propext, Quot.sound]
2026-09-15T23:11:44.0729286Z info: NLA/MF12/Gaps.lean:117:0: 'NLA.MF12.reset_product_factorization' depends on axioms: [propext, Classical.choice, Quot.sound]
2026-09-15T23:11:44.0739052Z info: NLA/MF12/Gaps.lean:118:0: 'NLA.MF12.lower_word_exact' depends on axioms: [propext, Classical.choice, Quot.sound]
2026-09-15T23:11:44.2719544Z ℹ [3109/3118] Built NLA.MF12.Budgets (4.5s)
2026-09-15T23:11:44.2748917Z info: NLA/MF12/Budgets.lean:108:0: 'NLA.MF12.telescoping_budget' depends on axioms: [propext, Classical.choice, Quot.sound]
2026-09-15T23:11:44.2779104Z info: NLA/MF12/Budgets.lean:109:0: 'NLA.MF12.compressed_product_formula' depends on axioms: [propext, Classical.choice, Quot.sound]
2026-09-15T23:11:45.8732324Z ℹ [3110/3118] Built NLA.MF12.PowerBounds (4.7s)
2026-09-15T23:11:45.8759612Z info: NLA/MF12/PowerBounds.lean:130:0: 'NLA.MF12.fractional_powers_entry_bound' depends on axioms: [propext, Classical.choice, Quot.sound]
2026-09-15T23:11:47.1744963Z ℹ [3111/3118] Built NLA.MF12.JordanBounds (4.9s)
2026-09-15T23:11:47.1746003Z info: NLA/MF12/JordanBounds.lean:115:0: 'NLA.MF12.jordan_growth_estimates' depends on axioms: [propext, Classical.choice, Quot.sound]
2026-09-15T23:11:47.6765477Z ℹ [3112/3118] Built NLA.MF12.HolderBound (3.4s)
2026-09-15T23:11:47.6766477Z info: NLA/MF12/HolderBound.lean:104:0: 'NLA.MF12.compressed_product_bound' depends on axioms: [propext, Classical.choice, Quot.sound]
2026-09-15T23:11:49.0791231Z ℹ [3113/3118] Built NLA.MF12.GapBounds (5.0s)
2026-09-15T23:11:49.0792112Z info: NLA/MF12/GapBounds.lean:71:0: 'NLA.MF12.logarithmic_gap_bounds' depends on axioms: [propext, Classical.choice, Quot.sound]
2026-09-15T23:11:51.1812993Z ⚠ [3114/3118] Built NLA.MF12.Upper (3.5s)
2026-09-15T23:11:51.1814247Z warning: NLA/MF12/Upper.lean:27:28: Variable name `hb` is not explicitly referenced.
2026-09-15T23:11:51.1814729Z 
2026-09-15T23:11:51.1815347Z Hint: The binding can be removed (if unused) or named `_` (if used implicitly). Alternatively, prefix the name with `_` to silence this warning:
2026-09-15T23:11:51.1816251Z   [apply] _hb
2026-09-15T23:11:51.1816427Z 
2026-09-15T23:11:51.1816776Z Note: This linter can be disabled with `set_option linter.unusedVariables false`
2026-09-15T23:11:51.1817540Z warning: NLA/MF12/Upper.lean:181:53: This simp argument is unused:
2026-09-15T23:11:51.1818320Z   List.sum_singleton
2026-09-15T23:11:51.1818532Z 
2026-09-15T23:11:51.1818696Z Hint: Omit it from the simp argument list.
2026-09-15T23:11:51.1819372Z   [apply] simp only [List.sum_cons, List.sum_append, List.length_cons, List.length_append,
2026-09-15T23:11:51.1820086Z     List.length_singleton] at hlength
2026-09-15T23:11:51.1820304Z 
2026-09-15T23:11:51.1820541Z Note: This linter can be disabled with `set_option linter.unusedSimpArgs false`
2026-09-15T23:11:51.1821039Z warning: NLA/MF12/Upper.lean:182:50: This simp argument is unused:
2026-09-15T23:11:51.1821397Z   List.length_singleton
2026-09-15T23:11:51.1821541Z 
2026-09-15T23:11:51.1821660Z Hint: Omit it from the simp argument list.
2026-09-15T23:11:51.1822109Z   [apply] simp only [List.sum_cons, List.sum_append, List.sum_singleton, List.length_cons,
2026-09-15T23:11:51.1822544Z     List.length_append] at hlength
2026-09-15T23:11:51.1822719Z 
2026-09-15T23:11:51.1822929Z Note: This linter can be disabled with `set_option linter.unusedSimpArgs false`
2026-09-15T23:11:51.1823618Z info: NLA/MF12/Upper.lean:204:0: 'NLA.MF12.fractional_all_word_upper' depends on axioms: [propext, Classical.choice, Quot.sound]
2026-09-15T23:11:54.8865687Z ℹ [3115/3118] Built NLA.MF12.Lower (3.7s)
2026-09-15T23:11:54.8866422Z info: NLA/MF12/Lower.lean:173:0: 'NLA.MF12.fractional_lower_all_lengths' depends on axioms: [propext, Classical.choice, Quot.sound]
2026-09-15T23:11:54.8867293Z info: NLA/MF12/Lower.lean:174:0: 'NLA.MF12.fractional_growth_estimates' depends on axioms: [propext, Classical.choice, Quot.sound]
2026-09-15T23:11:57.6895539Z ℹ [3116/3118] Built NLA.MF12.Lifted (2.8s)
2026-09-15T23:11:57.6896600Z info: NLA/MF12/Lifted.lean:126:0: 'NLA.MF12.fractional_tensor_growth' depends on axioms: [propext, Classical.choice, Quot.sound]
2026-09-15T23:12:00.3914496Z ℹ [3117/3118] Built NLA.MF12.Realization (2.7s)
2026-09-15T23:12:00.3915657Z info: NLA/MF12/Realization.lean:74:0: 'NLA.MF12.realizes_every_nonnegative_exponent' depends on axioms: [propext, Classical.choice, Quot.sound]
2026-09-15T23:12:02.8945815Z ℹ [3118/3118] Built NLA.MF12.Solution (2.4s)
2026-09-15T23:12:02.8946836Z info: NLA/MF12/Solution.lean:18:0: 'NLA.MF12.family_growth_is_maximum' depends on axioms: [propext, Classical.choice, Quot.sound]
2026-09-15T23:12:02.8948311Z info: NLA/MF12/Solution.lean:20:0: 'NLA.MF12.pair_word_norms' depends on axioms: [propext, Classical.choice, Quot.sound]
2026-09-15T23:12:02.8949614Z info: NLA/MF12/Solution.lean:22:0: 'NLA.MF12.entry_maximum_norm_comparison' depends on axioms: [propext, Classical.choice, Quot.sound]
2026-09-15T23:12:02.8950845Z info: NLA/MF12/Solution.lean:24:0: 'NLA.MF12.tensor_norm_comparison' depends on axioms: [propext, Classical.choice, Quot.sound]
2026-09-15T23:12:02.8952635Z info: NLA/MF12/Solution.lean:26:0: 'NLA.MF12.tensor_word_identity' depends on axioms: [propext, Classical.choice, Quot.sound]
2026-09-15T23:12:02.8953818Z info: NLA/MF12/Solution.lean:28:0: 'NLA.MF12.fractional_parameters' depends on axioms: [propext, Classical.choice, Quot.sound]
2026-09-15T23:12:02.8955176Z info: NLA/MF12/Solution.lean:30:0: 'NLA.MF12.fractional_projection' depends on axioms: [propext, Classical.choice, Quot.sound]
2026-09-15T23:12:02.8956458Z info: NLA/MF12/Solution.lean:32:0: 'NLA.MF12.jordan_two_power' depends on axioms: [propext, Classical.choice, Quot.sound]
2026-09-15T23:12:02.8957625Z info: NLA/MF12/Solution.lean:34:0: 'NLA.MF12.compressed_powers' depends on axioms: [propext, Classical.choice, Quot.sound]
2026-09-15T23:12:02.8959234Z info: NLA/MF12/Solution.lean:36:0: 'NLA.MF12.loss_gain_bounds' depends on axioms: [propext, Classical.choice, Quot.sound]
2026-09-15T23:12:02.8960374Z info: NLA/MF12/Solution.lean:38:0: 'NLA.MF12.telescoping_budget' depends on axioms: [propext, Classical.choice, Quot.sound]
2026-09-15T23:12:02.8961408Z info: NLA/MF12/Solution.lean:40:0: 'NLA.MF12.compressed_product_formula' depends on axioms: [propext, Classical.choice, Quot.sound]
2026-09-15T23:12:02.8962465Z info: NLA/MF12/Solution.lean:42:0: 'NLA.MF12.compressed_product_bound' depends on axioms: [propext, Classical.choice, Quot.sound]
2026-09-15T23:12:02.8963530Z info: NLA/MF12/Solution.lean:44:0: 'NLA.MF12.fractional_powers_entry_bound' depends on axioms: [propext, Classical.choice, Quot.sound]
2026-09-15T23:12:02.8964480Z info: NLA/MF12/Solution.lean:46:0: 'NLA.MF12.gap_decomposition' depends on axioms: [propext, Quot.sound]
2026-09-15T23:12:02.8965431Z info: NLA/MF12/Solution.lean:48:0: 'NLA.MF12.reset_product_factorization' depends on axioms: [propext, Classical.choice, Quot.sound]
2026-09-15T23:12:02.8966477Z info: NLA/MF12/Solution.lean:50:0: 'NLA.MF12.fractional_all_word_upper' depends on axioms: [propext, Classical.choice, Quot.sound]
2026-09-15T23:12:02.8967507Z info: NLA/MF12/Solution.lean:52:0: 'NLA.MF12.logarithmic_gap_bounds' depends on axioms: [propext, Classical.choice, Quot.sound]
2026-09-15T23:12:02.8968647Z info: NLA/MF12/Solution.lean:54:0: 'NLA.MF12.bernoulli_loss' depends on axioms: [propext, Classical.choice, Quot.sound]
2026-09-15T23:12:02.8969589Z info: NLA/MF12/Solution.lean:56:0: 'NLA.MF12.lower_word_exact' depends on axioms: [propext, Classical.choice, Quot.sound]
2026-09-15T23:12:02.8970609Z info: NLA/MF12/Solution.lean:58:0: 'NLA.MF12.fractional_lower_all_lengths' depends on axioms: [propext, Classical.choice, Quot.sound]
2026-09-15T23:12:02.8971661Z info: NLA/MF12/Solution.lean:60:0: 'NLA.MF12.fractional_growth_estimates' depends on axioms: [propext, Classical.choice, Quot.sound]
2026-09-15T23:12:02.8972731Z info: NLA/MF12/Solution.lean:62:0: 'NLA.MF12.roots_of_polynomial_growth' depends on axioms: [propext, Classical.choice, Quot.sound]
2026-09-15T23:12:02.8973730Z info: NLA/MF12/Solution.lean:64:0: 'NLA.MF12.jordan_entries' depends on axioms: [propext, Classical.choice, Quot.sound]
2026-09-15T23:12:02.8974701Z info: NLA/MF12/Solution.lean:66:0: 'NLA.MF12.jordan_growth_estimates' depends on axioms: [propext, Classical.choice, Quot.sound]
2026-09-15T23:12:02.8975696Z info: NLA/MF12/Solution.lean:68:0: 'NLA.MF12.integer_family_growth' depends on axioms: [propext, Classical.choice, Quot.sound]
2026-09-15T23:12:02.8976713Z info: NLA/MF12/Solution.lean:70:0: 'NLA.MF12.fractional_tensor_growth' depends on axioms: [propext, Classical.choice, Quot.sound]
2026-09-15T23:12:02.8977803Z info: NLA/MF12/Solution.lean:72:0: 'NLA.MF12.realizes_every_nonnegative_exponent' depends on axioms: [propext, Classical.choice, Quot.sound]
2026-09-15T23:12:02.9146561Z Build completed successfully (3118 jobs).
2026-09-15T23:12:02.9741473Z RUN ['lake', 'env', 'lean', 'Challenges/MF12.lean']
2026-09-15T23:12:05.9649143Z Challenges/MF12.lean:16:8: warning: declaration uses `sorry`
2026-09-15T23:12:05.9649633Z Challenges/MF12.lean:24:8: warning: declaration uses `sorry`
2026-09-15T23:12:05.9650492Z Challenges/MF12.lean:28:8: warning: declaration uses `sorry`
2026-09-15T23:12:05.9650875Z Challenges/MF12.lean:34:8: warning: declaration uses `sorry`
2026-09-15T23:12:05.9651239Z Challenges/MF12.lean:40:8: warning: declaration uses `sorry`
2026-09-15T23:12:05.9651603Z Challenges/MF12.lean:45:8: warning: declaration uses `sorry`
2026-09-15T23:12:05.9651978Z Challenges/MF12.lean:50:8: warning: declaration uses `sorry`
2026-09-15T23:12:05.9652339Z Challenges/MF12.lean:54:8: warning: declaration uses `sorry`
2026-09-15T23:12:05.9652702Z Challenges/MF12.lean:57:8: warning: declaration uses `sorry`
2026-09-15T23:12:05.9653070Z Challenges/MF12.lean:60:8: warning: declaration uses `sorry`
2026-09-15T23:12:05.9653615Z Challenges/MF12.lean:65:8: warning: declaration uses `sorry`
2026-09-15T23:12:05.9654017Z Challenges/MF12.lean:71:8: warning: declaration uses `sorry`
2026-09-15T23:12:05.9654412Z Challenges/MF12.lean:74:8: warning: declaration uses `sorry`
2026-09-15T23:12:05.9654801Z Challenges/MF12.lean:79:8: warning: declaration uses `sorry`
2026-09-15T23:12:05.9655171Z Challenges/MF12.lean:83:8: warning: declaration uses `sorry`
2026-09-15T23:12:05.9655541Z Challenges/MF12.lean:87:8: warning: declaration uses `sorry`
2026-09-15T23:12:05.9655905Z Challenges/MF12.lean:92:8: warning: declaration uses `sorry`
2026-09-15T23:12:05.9656267Z Challenges/MF12.lean:97:8: warning: declaration uses `sorry`
2026-09-15T23:12:05.9656643Z Challenges/MF12.lean:104:8: warning: declaration uses `sorry`
2026-09-15T23:12:05.9657028Z Challenges/MF12.lean:108:8: warning: declaration uses `sorry`
2026-09-15T23:12:05.9657394Z Challenges/MF12.lean:115:8: warning: declaration uses `sorry`
2026-09-15T23:12:05.9657769Z Challenges/MF12.lean:120:8: warning: declaration uses `sorry`
2026-09-15T23:12:05.9658332Z Challenges/MF12.lean:127:8: warning: declaration uses `sorry`
2026-09-15T23:12:05.9658785Z Challenges/MF12.lean:133:8: warning: declaration uses `sorry`
2026-09-15T23:12:05.9659170Z Challenges/MF12.lean:137:8: warning: declaration uses `sorry`
2026-09-15T23:12:05.9659538Z Challenges/MF12.lean:143:8: warning: declaration uses `sorry`
2026-09-15T23:12:05.9659905Z Challenges/MF12.lean:146:8: warning: declaration uses `sorry`
2026-09-15T23:12:05.9660300Z Challenges/MF12.lean:155:8: warning: declaration uses `sorry`
2026-09-15T23:12:06.1219631Z Node 20 is being deprecated. This workflow is running with Node 24 by default. If you need to temporarily use Node 20, you can set the ACTIONS_ALLOW_USE_UNSECURE_NODE_VERSION=true environment variable. For more information see: https://github.blog/changelog/2025-09-19-deprecation-of-node-20-on-github-actions-runners/
2026-09-15T23:12:06.1221666Z ##[group]Run actions/upload-artifact@ea165f8d65b6e75b540449e92b4886f43607fa02
2026-09-15T23:12:06.1222079Z with:
2026-09-15T23:12:06.1222301Z   name: lean-development-statements
2026-09-15T23:12:06.1222593Z   path: .lean-development/evidence/
2026-09-15T23:12:06.1222863Z   if-no-files-found: error
2026-09-15T23:12:06.1223109Z   compression-level: 6
2026-09-15T23:12:06.1223338Z   overwrite: false
2026-09-15T23:12:06.1223564Z   include-hidden-files: false
2026-09-15T23:12:06.1223813Z ##[endgroup]
2026-09-15T23:12:06.3904447Z (node:3292) [DEP0040] DeprecationWarning: The `punycode` module is deprecated. Please use a userland alternative instead.
2026-09-15T23:12:06.3905933Z (Use `node --trace-deprecation ...` to show where the warning was created)
2026-09-15T23:12:06.3981649Z With the provided path, there will be 6 files uploaded
2026-09-15T23:12:06.3985587Z Artifact name is valid!
2026-09-15T23:12:06.3986550Z Root directory input is valid!
2026-09-15T23:12:06.6174180Z Beginning upload of artifact content to blob storage
2026-09-15T23:12:06.6512665Z (node:3292) [DEP0169] DeprecationWarning: `url.parse()` behavior is not standardized and prone to errors that have security implications. Use the WHATWG URL API instead. CVEs are not issued for `url.parse()` vulnerabilities.
2026-09-15T23:12:06.6825012Z Uploaded bytes 14215
2026-09-15T23:12:06.6951771Z Finished uploading artifact content to blob storage!
2026-09-15T23:12:06.6952455Z SHA256 digest of uploaded artifact zip is 076ca1a2de2808189c25f5c92d15be28979908b1a4d421f18a648fc03a75c8c3
2026-09-15T23:12:06.6954386Z Finalizing artifact upload
2026-09-15T23:12:06.8981601Z Artifact lean-development-statements.zip successfully finalized. Artifact ID 10422857212
2026-09-15T23:12:06.8982847Z Artifact lean-development-statements has been successfully uploaded! Final size is 14215 bytes. Artifact ID is 10422857212
2026-09-15T23:12:06.8989395Z Artifact download URL: https://github.com/sgstepaniants/OpenProblemsInNLA/actions/runs/35034380090/artifacts/10422857212
2026-09-15T23:12:06.9211972Z Node 20 is being deprecated. This workflow is running with Node 24 by default. If you need to temporarily use Node 20, you can set the ACTIONS_ALLOW_USE_UNSECURE_NODE_VERSION=true environment variable. For more information see: https://github.blog/changelog/2025-09-19-deprecation-of-node-20-on-github-actions-runners/
2026-09-15T23:12:06.9213405Z Post job cleanup.
2026-09-15T23:12:07.0098273Z [command]/usr/bin/git version
2026-09-15T23:12:07.0145179Z git version 2.55.0
2026-09-15T23:12:07.0184279Z Temporarily overriding HOME='/home/runner/work/_temp/8ccee1b4-6497-4c32-ab0c-3dfa4f4c3324' before making global git config changes
2026-09-15T23:12:07.0185580Z Adding repository directory to the temporary git global config as a safe directory
2026-09-15T23:12:07.0188685Z [command]/usr/bin/git config --global --add safe.directory /home/runner/work/OpenProblemsInNLA/OpenProblemsInNLA
2026-09-15T23:12:07.0232127Z [command]/usr/bin/git config --local --name-only --get-regexp core\.sshCommand
2026-09-15T23:12:07.0271260Z [command]/usr/bin/git submodule foreach --recursive sh -c "git config --local --name-only --get-regexp 'core\.sshCommand' && git config --local --unset-all 'core.sshCommand' || :"
2026-09-15T23:12:07.0597560Z [command]/usr/bin/git config --local --name-only --get-regexp http\.https\:\/\/github\.com\/\.extraheader
2026-09-15T23:12:07.0644226Z [command]/usr/bin/git submodule foreach --recursive sh -c "git config --local --name-only --get-regexp 'http\.https\:\/\/github\.com\/\.extraheader' && git config --local --unset-all 'http.https://github.com/.extraheader' || :"
2026-09-15T23:12:07.0990301Z [command]/usr/bin/git config --local --name-only --get-regexp ^includeIf\.gitdir:
2026-09-15T23:12:07.1065060Z [command]/usr/bin/git submodule foreach --recursive git config --local --show-origin --name-only --get-regexp remote.origin.url
2026-09-15T23:12:07.1513619Z Cleaning up orphan processes
2026-09-15T23:12:07.1878642Z ##[warning]Node.js 20 is deprecated. The following actions target Node.js 20 but are being forced to run on Node.js 24: actions/checkout@11d5960a326750d5838078e36cf38b85af677262, actions/upload-artifact@ea165f8d65b6e75b540449e92b4886f43607fa02. For more information see: https://github.blog/changelog/2025-09-19-deprecation-of-node-20-on-github-actions-runners/
